  0
SECTION
  2
HEADER
  9
$ACADVER
  1
AC1021
  9
$ACADMAINTVER
 70
    25
  9
$DWGCODEPAGE
  3
ANSI_1252
  9
$LASTSAVEDBY
  1
josnyder
  9
$INSBASE
 10
0.0
 20
0.0
 30
0.0
  9
$EXTMIN
 10
-403.3741999031419
 20
-5.155652200788111
 30
0.0
  9
$EXTMAX
 10
57.68305113999799
 20
6.696078874912651
 30
0.0
  9
$LIMMIN
 10
0.0
 20
0.0
  9
$LIMMAX
 10
12.0
 20
9.0
  9
$ORTHOMODE
 70
     0
  9
$REGENMODE
 70
     1
  9
$FILLMODE
 70
     1
  9
$QTEXTMODE
 70
     0
  9
$MIRRTEXT
 70
     0
  9
$LTSCALE
 40
1.0
  9
$ATTMODE
 70
     1
  9
$TEXTSIZE
 40
0.2
  9
$TRACEWID
 40
0.05
  9
$TEXTSTYLE
  7
Standard
  9
$CLAYER
  8
null
  9
$CELTYPE
  6
ByLayer
  9
$CECOLOR
 62
   256
  9
$CELTSCALE
 40
1.0
  9
$DISPSILH
 70
     0
  9
$DIMSCALE
 40
1.0
  9
$DIMASZ
 40
0.18
  9
$DIMEXO
 40
0.0625
  9
$DIMDLI
 40
0.38
  9
$DIMRND
 40
0.0
  9
$DIMDLE
 40
0.0
  9
$DIMEXE
 40
0.18
  9
$DIMTP
 40
0.0
  9
$DIMTM
 40
0.0
  9
$DIMTXT
 40
0.18
  9
$DIMCEN
 40
0.09
  9
$DIMTSZ
 40
0.0
  9
$DIMTOL
 70
     0
  9
$DIMLIM
 70
     0
  9
$DIMTIH
 70
     1
  9
$DIMTOH
 70
     1
  9
$DIMSE1
 70
     0
  9
$DIMSE2
 70
     0
  9
$DIMTAD
 70
     0
  9
$DIMZIN
 70
     0
  9
$DIMBLK
  1

  9
$DIMASO
 70
     1
  9
$DIMSHO
 70
     1
  9
$DIMPOST
  1

  9
$DIMAPOST
  1

  9
$DIMALT
 70
     0
  9
$DIMALTD
 70
     2
  9
$DIMALTF
 40
25.4
  9
$DIMLFAC
 40
1.0
  9
$DIMTOFL
 70
     0
  9
$DIMTVP
 40
0.0
  9
$DIMTIX
 70
     0
  9
$DIMSOXD
 70
     0
  9
$DIMSAH
 70
     0
  9
$DIMBLK1
  1

  9
$DIMBLK2
  1

  9
$DIMSTYLE
  2
STANDARD_ACAD
  9
$DIMCLRD
 70
     0
  9
$DIMCLRE
 70
     0
  9
$DIMCLRT
 70
     0
  9
$DIMTFAC
 40
1.0
  9
$DIMGAP
 40
0.09
  9
$DIMJUST
 70
     0
  9
$DIMSD1
 70
     0
  9
$DIMSD2
 70
     0
  9
$DIMTOLJ
 70
     1
  9
$DIMTZIN
 70
     0
  9
$DIMALTZ
 70
     0
  9
$DIMALTTZ
 70
     0
  9
$DIMUPT
 70
     0
  9
$DIMDEC
 70
     4
  9
$DIMTDEC
 70
     4
  9
$DIMALTU
 70
     2
  9
$DIMALTTD
 70
     2
  9
$DIMTXSTY
  7
Standard
  9
$DIMAUNIT
 70
     0
  9
$DIMADEC
 70
     0
  9
$DIMALTRND
 40
0.0
  9
$DIMAZIN
 70
     0
  9
$DIMDSEP
 70
    46
  9
$DIMATFIT
 70
     3
  9
$DIMFRAC
 70
     0
  9
$DIMLDRBLK
  1

  9
$DIMLUNIT
 70
     2
  9
$DIMLWD
 70
    -2
  9
$DIMLWE
 70
    -2
  9
$DIMTMOVE
 70
     2
  9
$DIMFXL
 40
1.0
  9
$DIMFXLON
 70
     0
  9
$DIMJOGANG
 40
0.7853981633974483
  9
$DIMTFILL
 70
     0
  9
$DIMTFILLCLR
 70
     0
  9
$DIMARCSYM
 70
     0
  9
$DIMLTYPE
  6

  9
$DIMLTEX1
  6

  9
$DIMLTEX2
  6

  9
$LUNITS
 70
     2
  9
$LUPREC
 70
     3
  9
$SKETCHINC
 40
0.1
  9
$FILLETRAD
 40
0.0
  9
$AUNITS
 70
     0
  9
$AUPREC
 70
     0
  9
$MENU
  1
.
  9
$ELEVATION
 40
0.0
  9
$PELEVATION
 40
0.0
  9
$THICKNESS
 40
0.0
  9
$LIMCHECK
 70
     0
  9
$CHAMFERA
 40
0.0
  9
$CHAMFERB
 40
0.0
  9
$CHAMFERC
 40
0.0
  9
$CHAMFERD
 40
0.0
  9
$SKPOLY
 70
     0
  9
$TDCREATE
 40
2461120.73503772
  9
$TDUCREATE
 40
2461120.943371054
  9
$TDUPDATE
 40
2461120.735050486
  9
$TDUUPDATE
 40
2461120.94338382
  9
$TDINDWG
 40
0.0000000116
  9
$TDUSRTIMER
 40
0.0000000116
  9
$USRTIMER
 70
     1
  9
$ANGBASE
 50
0.0
  9
$ANGDIR
 70
     0
  9
$PDMODE
 70
     0
  9
$PDSIZE
 40
0.0
  9
$PLINEWID
 40
0.0
  9
$SPLFRAME
 70
     0
  9
$SPLINETYPE
 70
     6
  9
$SPLINESEGS
 70
     8
  9
$HANDSEED
  5
577
  9
$SURFTAB1
 70
     6
  9
$SURFTAB2
 70
     6
  9
$SURFTYPE
 70
     6
  9
$SURFU
 70
     6
  9
$SURFV
 70
     6
  9
$UCSBASE
  2

  9
$UCSNAME
  2

  9
$UCSORG
 10
0.0
 20
0.0
 30
0.0
  9
$UCSXDIR
 10
1.0
 20
0.0
 30
0.0
  9
$UCSYDIR
 10
0.0
 20
1.0
 30
0.0
  9
$UCSORTHOREF
  2

  9
$UCSORTHOVIEW
 70
     0
  9
$UCSORGTOP
 10
0.0
 20
0.0
 30
0.0
  9
$UCSORGBOTTOM
 10
0.0
 20
0.0
 30
0.0
  9
$UCSORGLEFT
 10
0.0
 20
0.0
 30
0.0
  9
$UCSORGRIGHT
 10
0.0
 20
0.0
 30
0.0
  9
$UCSORGFRONT
 10
0.0
 20
0.0
 30
0.0
  9
$UCSORGBACK
 10
0.0
 20
0.0
 30
0.0
  9
$PUCSBASE
  2

  9
$PUCSNAME
  2

  9
$PUCSORG
 10
0.0
 20
0.0
 30
0.0
  9
$PUCSXDIR
 10
1.0
 20
0.0
 30
0.0
  9
$PUCSYDIR
 10
0.0
 20
1.0
 30
0.0
  9
$PUCSORTHOREF
  2

  9
$PUCSORTHOVIEW
 70
     0
  9
$PUCSORGTOP
 10
0.0
 20
0.0
 30
0.0
  9
$PUCSORGBOTTOM
 10
0.0
 20
0.0
 30
0.0
  9
$PUCSORGLEFT
 10
0.0
 20
0.0
 30
0.0
  9
$PUCSORGRIGHT
 10
0.0
 20
0.0
 30
0.0
  9
$PUCSORGFRONT
 10
0.0
 20
0.0
 30
0.0
  9
$PUCSORGBACK
 10
0.0
 20
0.0
 30
0.0
  9
$USERI1
 70
     0
  9
$USERI2
 70
     0
  9
$USERI3
 70
     0
  9
$USERI4
 70
     0
  9
$USERI5
 70
     0
  9
$USERR1
 40
0.0
  9
$USERR2
 40
0.0
  9
$USERR3
 40
0.0
  9
$USERR4
 40
0.0
  9
$USERR5
 40
0.0
  9
$WORLDVIEW
 70
     1
  9
$SHADEDGE
 70
     3
  9
$SHADEDIF
 70
    70
  9
$TILEMODE
 70
     1
  9
$MAXACTVP
 70
    64
  9
$PINSBASE
 10
0.0
 20
0.0
 30
0.0
  9
$PLIMCHECK
 70
     0
  9
$PEXTMIN
 10
1.000000000000000E+20
 20
1.000000000000000E+20
 30
1.000000000000000E+20
  9
$PEXTMAX
 10
-1.000000000000000E+20
 20
-1.000000000000000E+20
 30
-1.000000000000000E+20
  9
$PLIMMIN
 10
0.0
 20
0.0
  9
$PLIMMAX
 10
12.0
 20
9.0
  9
$UNITMODE
 70
     0
  9
$VISRETAIN
 70
     1
  9
$PLINEGEN
 70
     0
  9
$PSLTSCALE
 70
     1
  9
$TREEDEPTH
 70
  3020
  9
$CMLSTYLE
  2
Standard
  9
$CMLJUST
 70
     0
  9
$CMLSCALE
 40
1.0
  9
$PROXYGRAPHICS
 70
     1
  9
$MEASUREMENT
 70
     1
  9
$CELWEIGHT
370
    -1
  9
$ENDCAPS
280
     0
  9
$JOINSTYLE
280
     0
  9
$LWDISPLAY
290
     0
  9
$INSUNITS
 70
     4
  9
$HYPERLINKBASE
  1

  9
$STYLESHEET
  1

  9
$XEDIT
290
     1
  9
$CEPSNTYPE
380
     0
  9
$PSTYLEMODE
290
     1
  9
$FINGERPRINTGUID
  2
{e4aae820-a6c2-324e-b68a-44a44f735a1a}
  9
$VERSIONGUID
  2
{FAEB1C32-E019-11D5-929B-00C0DF256EC4}
  9
$EXTNAMES
290
     1
  9
$PSVPSCALE
 40
0.0
  9
$OLESTARTUP
290
     0
  9
$SORTENTS
280
   127
  9
$INDEXCTL
280
     0
  9
$HIDETEXT
280
     1
  9
$XCLIPFRAME
290
     0
  9
$HALOGAP
280
     0
  9
$OBSCOLOR
 70
   257
  9
$OBSLTYPE
280
     0
  9
$INTERSECTIONDISPLAY
280
     0
  9
$INTERSECTIONCOLOR
 70
   257
  9
$DIMASSOC
280
     2
  9
$PROJECTNAME
  1

  9
$CAMERADISPLAY
290
     0
  9
$LENSLENGTH
 40
50.0
  9
$CAMERAHEIGHT
 40
0.0
  9
$STEPSPERSEC
 40
2.0
  9
$STEPSIZE
 40
6.0
  9
$3DDWFPREC
 40
2.0
  9
$PSOLWIDTH
 40
0.25
  9
$PSOLHEIGHT
 40
4.0
  9
$LOFTANG1
 40
1.570796326794897
  9
$LOFTANG2
 40
1.570796326794897
  9
$LOFTMAG1
 40
0.0
  9
$LOFTMAG2
 40
0.0
  9
$LOFTPARAM
 70
     7
  9
$LOFTNORMALS
280
     1
  9
$LATITUDE
 40
37.795
  9
$LONGITUDE
 40
-122.394
  9
$NORTHDIRECTION
 40
0.0
  9
$TIMEZONE
 70
 -8000
  9
$LIGHTGLYPHDISPLAY
280
     1
  9
$TILEMODELIGHTSYNCH
280
     1
  9
$CMATERIAL
347
44
  9
$SOLIDHIST
280
     0
  9
$SHOWHIST
280
     1
  9
$DWFFRAME
280
     2
  9
$DGNFRAME
280
     2
  9
$REALWORLDSCALE
290
     1
  9
$INTERFERECOLOR
 62
   256
  9
$CSHADOW
280
     0
  9
$SHADOWPLANELOCATION
 40
0.0
  0
ENDSEC
  0
SECTION
  2
CLASSES
  0
CLASS
  1
ACDBDICTIONARYWDFLT
  2
AcDbDictionaryWithDefault
  3
ObjectDBX Classes
 90
        0
 91
        3
280
     0
281
     0
  0
CLASS
  1
VISUALSTYLE
  2
AcDbVisualStyle
  3
ObjectDBX Classes
 90
     4095
 91
        3
280
     0
281
     0
  0
CLASS
  1
MATERIAL
  2
AcDbMaterial
  3
ObjectDBX Classes
 90
     1153
 91
        3
280
     0
281
     0
  0
CLASS
  1
SCALE
  2
AcDbScale
  3
ObjectDBX Classes
 90
     1153
 91
        3
280
     0
281
     0
  0
CLASS
  1
TABLESTYLE
  2
AcDbTableStyle
  3
ObjectDBX Classes
 90
     4095
 91
        3
280
     0
281
     0
  0
CLASS
  1
MLEADERSTYLE
  2
AcDbMLeaderStyle
  3
ACDB_MLEADERSTYLE_CLASS
 90
     4095
 91
        3
280
     0
281
     0
  0
CLASS
  1
SUN
  2
AcDbSun
  3
SCENEOE
 90
     1153
 91
        3
280
     0
281
     0
  0
CLASS
  1
DICTIONARYVAR
  2
AcDbDictionaryVar
  3
ObjectDBX Classes
 90
        0
 91
        3
280
     0
281
     0
  0
CLASS
  1
CELLSTYLEMAP
  2
AcDbCellStyleMap
  3
ObjectDBX Classes
 90
     1152
 91
        3
280
     0
281
     0
  0
ENDSEC
  0
SECTION
  2
TABLES
  0
TABLE
  2
VPORT
  5
8
330
0
100
AcDbSymbolTable
 70
     1
  0
VPORT
  5
29
330
8
100
AcDbSymbolTableRecord
100
AcDbViewportTableRecord
  2
*Active
 70
     0
 10
0.0
 20
0.0
 11
1.0
 21
1.0
 12
10.42990654205607
 22
4.5
 13
0.0
 23
0.0
 14
0.5
 24
0.5
 15
0.5
 25
0.5
 16
0.0
 26
0.0
 36
1.0
 17
0.0
 27
0.0
 37
0.0
 40
9.0
 41
1.972972972850329
 42
50.0
 43
0.0
 44
0.0
 50
0.0
 51
0.0
 71
     0
 72
   100
 73
     1
 74
     3
 75
     0
 76
     0
 77
     0
 78
     0
281
     0
 65
     1
110
0.0
120
0.0
130
0.0
111
1.0
121
0.0
131
0.0
112
0.0
122
1.0
132
0.0
 79
     0
146
0.0
348
2F
 60
     3
 61
     5
292
     1
282
     1
141
0.0
142
0.0
 63
   250
361
5D
  0
ENDTAB
  0
TABLE
  2
LTYPE
  5
5
330
0
100
AcDbSymbolTable
 70
     1
  0
LTYPE
  5
14
330
5
100
AcDbSymbolTableRecord
100
AcDbLinetypeTableRecord
  2
ByBlock
 70
     0
  3

 72
    65
 73
     0
 40
0.0
  0
LTYPE
  5
15
330
5
100
AcDbSymbolTableRecord
100
AcDbLinetypeTableRecord
  2
ByLayer
 70
     0
  3

 72
    65
 73
     0
 40
0.0
  0
LTYPE
  5
16
330
5
100
AcDbSymbolTableRecord
100
AcDbLinetypeTableRecord
  2
Continuous
 70
     0
  3
Solid line
 72
    65
 73
     0
 40
0.0
  0
ENDTAB
  0
TABLE
  2
LAYER
  5
2
330
0
100
AcDbSymbolTable
 70
     4
  0
LAYER
  5
10
330
2
100
AcDbSymbolTableRecord
100
AcDbLayerTableRecord
  2
0
 70
     0
 62
     7
  6
Continuous
370
    -3
390
F
347
46
  0
LAYER
  5
5F
330
2
100
AcDbSymbolTableRecord
100
AcDbLayerTableRecord
  2
null
 70
     0
 62
     7
  6
Continuous
370
    -3
390
F
347
46
  0
LAYER
  5
72
330
2
100
AcDbSymbolTableRecord
100
AcDbLayerTableRecord
  2
outside1
 70
     0
 62
     7
  6
Continuous
370
    -3
390
F
347
46
  0
LAYER
  5
78
330
2
100
AcDbSymbolTableRecord
100
AcDbLayerTableRecord
  2
outside1_B
 70
     0
 62
   160
420
    10495
  6
Continuous
370
    -3
390
F
347
46
  0
ENDTAB
  0
TABLE
  2
STYLE
  5
3
330
0
100
AcDbSymbolTable
 70
     1
  0
STYLE
  5
11
330
3
100
AcDbSymbolTableRecord
100
AcDbTextStyleTableRecord
  2
Standard
 70
     0
 40
0.0
 41
1.0
 50
0.0
 71
     0
 42
0.2
  3
txt
  4

  0
ENDTAB
  0
TABLE
  2
VIEW
  5
6
330
0
100
AcDbSymbolTable
 70
     0
  0
ENDTAB
  0
TABLE
  2
UCS
  5
7
330
0
100
AcDbSymbolTable
 70
     0
  0
ENDTAB
  0
TABLE
  2
APPID
  5
9
330
0
100
AcDbSymbolTable
 70
     3
  0
APPID
  5
12
330
9
100
AcDbSymbolTableRecord
100
AcDbRegAppTableRecord
  2
ACAD
 70
     0
  0
APPID
  5
5E
330
9
100
AcDbSymbolTableRecord
100
AcDbRegAppTableRecord
  2
Rhino
 70
     0
  0
APPID
  5
56F
330
9
100
AcDbSymbolTableRecord
100
AcDbRegAppTableRecord
  2
ACAD_MLEADERVER
 70
     0
  0
ENDTAB
  0
TABLE
  2
DIMSTYLE
  5
A
330
0
100
AcDbSymbolTable
 70
     1
100
AcDbDimStyleTable
  0
DIMSTYLE
105
27
330
A
100
AcDbSymbolTableRecord
100
AcDbDimStyleTableRecord
  2
STANDARD_ACAD
 70
     0
178
     0
340
11
  0
ENDTAB
  0
TABLE
  2
BLOCK_RECORD
  5
1
330
0
100
AcDbSymbolTable
 70
     1
  0
BLOCK_RECORD
  5
1F
330
1
100
AcDbSymbolTableRecord
100
AcDbBlockTableRecord
  2
*Model_Space
340
22
 70
     0
280
     1
281
     0
  0
BLOCK_RECORD
  5
1B
330
1
100
AcDbSymbolTableRecord
100
AcDbBlockTableRecord
  2
*Paper_Space
340
1E
 70
     0
280
     1
281
     0
  0
BLOCK_RECORD
  5
23
330
1
100
AcDbSymbolTableRecord
100
AcDbBlockTableRecord
  2
*Paper_Space0
340
26
 70
     0
280
     1
281
     0
  0
ENDTAB
  0
ENDSEC
  0
SECTION
  2
BLOCKS
  0
BLOCK
  5
20
330
1F
100
AcDbEntity
  8
0
100
AcDbBlockBegin
  2
*Model_Space
 70
     0
 10
0.0
 20
0.0
 30
0.0
  3
*Model_Space
  1

  0
ENDBLK
  5
21
330
1F
100
AcDbEntity
  8
0
100
AcDbBlockEnd
  0
BLOCK
  5
1C
330
1B
100
AcDbEntity
 67
     1
  8
0
100
AcDbBlockBegin
  2
*Paper_Space
 70
     0
 10
0.0
 20
0.0
 30
0.0
  3
*Paper_Space
  1

  0
ENDBLK
  5
1D
330
1B
100
AcDbEntity
 67
     1
  8
0
100
AcDbBlockEnd
  0
BLOCK
  5
24
330
23
100
AcDbEntity
  8
0
100
AcDbBlockBegin
  2
*Paper_Space0
 70
     0
 10
0.0
 20
0.0
 30
0.0
  3
*Paper_Space0
  1

  0
ENDBLK
  5
25
330
23
100
AcDbEntity
  8
0
100
AcDbBlockEnd
  0
ENDSEC
  0
SECTION
  2
ENTITIES
  0
POLYLINE
  5
60
330
1F
100
AcDbEntity
  8
null
100
AcDb2dPolyline
 66
     1
 10
0.0
 20
0.0
 30
0.0
  0
VERTEX
  5
61
330
60
100
AcDbEntity
  8
null
100
AcDbVertex
100
AcDb2dVertex
 10
56.8336437694798
 20
0.7702133370623027
 30
0.0
  0
VERTEX
  5
62
330
60
100
AcDbEntity
  8
null
100
AcDbVertex
100
AcDb2dVertex
 10
55.22584308323349
 20
0.7702133370623027
 30
0.0
  0
SEQEND
  5
63
330
60
100
AcDbEntity
  8
null
  0
POLYLINE
  5
64
330
1F
100
AcDbEntity
  8
null
100
AcDb2dPolyline
 66
     1
 10
0.0
 20
0.0
 30
0.0
  0
VERTEX
  5
65
330
64
100
AcDbEntity
  8
null
100
AcDbVertex
100
AcDb2dVertex
 10
56.83364376947981
 20
-4.306244830269875
 30
0.0
  0
VERTEX
  5
66
330
64
100
AcDbEntity
  8
null
100
AcDbVertex
100
AcDb2dVertex
 10
56.83364376947981
 20
-1.696659105787077
 30
0.0
  0
SEQEND
  5
67
330
64
100
AcDbEntity
  8
null
  0
POLYLINE
  5
68
330
1F
100
AcDbEntity
  8
null
100
AcDb2dPolyline
 66
     1
 10
0.0
 20
0.0
 30
0.0
  0
VERTEX
  5
69
330
68
100
AcDbEntity
  8
null
100
AcDbVertex
100
AcDb2dVertex
 10
56.78772540791614
 20
5.851846391295127
 30
0.0
  0
VERTEX
  5
6A
330
68
100
AcDbEntity
  8
null
100
AcDbVertex
100
AcDb2dVertex
 10
56.83364376947981
 20
3.308442420728398
 30
0.0
  0
VERTEX
  5
6B
330
68
100
AcDbEntity
  8
null
100
AcDbVertex
100
AcDb2dVertex
 10
55.01893369077805
 20
3.308442420728398
 30
0.0
  0
SEQEND
  5
6C
330
68
100
AcDbEntity
  8
null
  0
POINT
  5
6D
330
1F
100
AcDbEntity
  8
null
100
AcDbPoint
 10
56.83364376947981
 20
-4.306244830269875
 30
0.0
  0
POINT
  5
6E
330
1F
100
AcDbEntity
  8
null
100
AcDbPoint
 10
56.8336437694798
 20
-1.768015746603779
 30
0.0
  0
POINT
  5
6F
330
1F
100
AcDbEntity
  8
null
100
AcDbPoint
 10
56.8336437694798
 20
0.7702133370623027
 30
0.0
  0
POINT
  5
70
330
1F
100
AcDbEntity
  8
null
100
AcDbPoint
 10
56.83364376947981
 20
3.308442420728398
 30
0.0
  0
POINT
  5
71
330
1F
100
AcDbEntity
  8
null
100
AcDbPoint
 10
56.83364376947981
 20
5.846671504394475
 30
0.0
  0
SPLINE
  5
73
330
1F
100
AcDbEntity
  8
outside1
100
AcDbSpline
210
0.0
220
0.0
230
1.0
 70
    15
 71
     2
 72
    12
 73
     9
 74
     0
 42
0.0000000001
 43
0.0000000001
 40
0.0
 40
0.0
 40
0.0
 40
1.334245977562504
 40
1.334245977562504
 40
2.668491955125007
 40
2.668491955125007
 40
4.002737932687511
 40
4.002737932687511
 40
5.336983910250014
 40
5.336983910250014
 40
5.336983910250014
 10
55.98423639896163
 20
-4.306244830269904
 30
0.0
 41
1.0
 10
55.98423639896156
 20
-3.45683745975169
 30
0.0
 41
0.7071067811865476
 10
56.83364376947969
 20
-3.456837459751696
 30
0.0
 41
1.0
 10
57.6830511399979
 20
-3.45683745975169
 30
0.0
 41
0.7071067811865476
 10
57.68305113999799
 20
-4.306244830269904
 30
0.0
 41
1.0
 10
57.6830511399979
 20
-5.155652200788109
 30
0.0
 41
0.7071067811865476
 10
56.83364376947969
 20
-5.155652200788111
 30
0.0
 41
1.0
 10
55.98423639896156
 20
-5.155652200788109
 30
0.0
 41
0.7071067811865476
 10
55.98423639896163
 20
-4.306244830269904
 30
0.0
 41
1.0
  0
SPLINE
  5
74
330
1F
100
AcDbEntity
  8
outside1
100
AcDbSpline
210
0.0
220
0.0
230
1.0
 70
    15
 71
     2
 72
    12
 73
     9
 74
     0
 42
0.0000000001
 43
0.0000000001
 40
0.0
 40
0.0
 40
0.0
 40
1.334245977562504
 40
1.334245977562504
 40
2.668491955125007
 40
2.668491955125007
 40
4.002737932687511
 40
4.002737932687511
 40
5.336983910250014
 40
5.336983910250014
 40
5.336983910250014
 10
55.98423639896163
 20
3.308442420728369
 30
0.0
 41
1.0
 10
55.98423639896156
 20
4.157849791246577
 30
0.0
 41
0.7071067811865476
 10
56.83364376947969
 20
4.157849791246576
 30
0.0
 41
1.0
 10
57.6830511399979
 20
4.157849791246577
 30
0.0
 41
0.7071067811865476
 10
57.68305113999799
 20
3.308442420728369
 30
0.0
 41
1.0
 10
57.6830511399979
 20
2.459035050210159
 30
0.0
 41
0.7071067811865476
 10
56.83364376947969
 20
2.459035050210161
 30
0.0
 41
1.0
 10
55.98423639896156
 20
2.459035050210159
 30
0.0
 41
0.7071067811865476
 10
55.98423639896163
 20
3.308442420728369
 30
0.0
 41
1.0
  0
SPLINE
  5
75
330
1F
100
AcDbEntity
  8
outside1
100
AcDbSpline
210
0.0
220
0.0
230
1.0
 70
    15
 71
     2
 72
    12
 73
     9
 74
     0
 42
0.0000000001
 43
0.0000000001
 40
0.0
 40
0.0
 40
0.0
 40
1.334245977562504
 40
1.334245977562504
 40
2.668491955125007
 40
2.668491955125007
 40
4.002737932687511
 40
4.002737932687511
 40
5.336983910250014
 40
5.336983910250014
 40
5.336983910250014
 10
55.98423639896163
 20
-1.768015746603808
 30
0.0
 41
1.0
 10
55.98423639896156
 20
-0.9186083760855974
 30
0.0
 41
0.7071067811865476
 10
56.83364376947969
 20
-0.9186083760856008
 30
0.0
 41
1.0
 10
57.6830511399979
 20
-0.9186083760855974
 30
0.0
 41
0.7071067811865476
 10
57.68305113999799
 20
-1.768015746603808
 30
0.0
 41
1.0
 10
57.6830511399979
 20
-2.617423117122016
 30
0.0
 41
0.7071067811865476
 10
56.83364376947969
 20
-2.617423117122016
 30
0.0
 41
1.0
 10
55.98423639896156
 20
-2.617423117122016
 30
0.0
 41
0.7071067811865476
 10
55.98423639896163
 20
-1.768015746603808
 30
0.0
 41
1.0
  0
SPLINE
  5
76
330
1F
100
AcDbEntity
  8
outside1
100
AcDbSpline
210
0.0
220
0.0
230
1.0
 70
    15
 71
     2
 72
    12
 73
     9
 74
     0
 42
0.0000000001
 43
0.0000000001
 40
0.0
 40
0.0
 40
0.0
 40
1.334245977562504
 40
1.334245977562504
 40
2.668491955125007
 40
2.668491955125007
 40
4.002737932687511
 40
4.002737932687511
 40
5.336983910250014
 40
5.336983910250014
 40
5.336983910250014
 10
55.98423639896163
 20
5.84667150439445
 30
0.0
 41
1.0
 10
55.98423639896156
 20
6.69607887491265
 30
0.0
 41
0.7071067811865476
 10
56.83364376947969
 20
6.696078874912651
 30
0.0
 41
1.0
 10
57.6830511399979
 20
6.69607887491265
 30
0.0
 41
0.7071067811865476
 10
57.68305113999799
 20
5.84667150439445
 30
0.0
 41
1.0
 10
57.6830511399979
 20
4.997264133876242
 30
0.0
 41
0.7071067811865476
 10
56.83364376947969
 20
4.997264133876243
 30
0.0
 41
1.0
 10
55.98423639896156
 20
4.997264133876242
 30
0.0
 41
0.7071067811865476
 10
55.98423639896163
 20
5.84667150439445
 30
0.0
 41
1.0
  0
SPLINE
  5
77
330
1F
100
AcDbEntity
  8
outside1
100
AcDbSpline
210
0.0
220
0.0
230
1.0
 70
    15
 71
     2
 72
    12
 73
     9
 74
     0
 42
0.0000000001
 43
0.0000000001
 40
0.0
 40
0.0
 40
0.0
 40
1.334245977562504
 40
1.334245977562504
 40
2.668491955125007
 40
2.668491955125007
 40
4.002737932687511
 40
4.002737932687511
 40
5.336983910250014
 40
5.336983910250014
 40
5.336983910250014
 10
55.98423639896163
 20
0.7702133370622732
 30
0.0
 41
1.0
 10
55.98423639896156
 20
1.619620707580485
 30
0.0
 41
0.7071067811865476
 10
56.83364376947969
 20
1.619620707580481
 30
0.0
 41
1.0
 10
57.6830511399979
 20
1.619620707580485
 30
0.0
 41
0.7071067811865476
 10
57.68305113999799
 20
0.7702133370622732
 30
0.0
 41
1.0
 10
57.6830511399979
 20
-0.0791940334559335
 30
0.0
 41
0.7071067811865476
 10
56.83364376947969
 20
-0.0791940334559342
 30
0.0
 41
1.0
 10
55.98423639896156
 20
-0.0791940334559335
 30
0.0
 41
0.7071067811865476
 10
55.98423639896163
 20
0.7702133370622732
 30
0.0
 41
1.0
  0
POLYLINE
  5
79
330
1F
100
AcDbEntity
  8
outside1_B
100
AcDb2dPolyline
 66
     1
 10
0.0
 20
0.0
 30
0.0
  0
VERTEX
  5
7A
330
79
100
AcDbEntity
  8
outside1_B
100
AcDbVertex
100
AcDb2dVertex
 10
-73.68611371525213
 20
4.117665146388134
 30
0.0
  0
VERTEX
  5
7B
330
79
100
AcDbEntity
  8
outside1_B
100
AcDbVertex
100
AcDb2dVertex
 10
-75.89087531117099
 20
4.116666350622751
 30
0.0
  0
VERTEX
  5
7C
330
79
100
AcDbEntity
  8
outside1_B
100
AcDbVertex
100
AcDb2dVertex
 10
-78.09583414023706
 20
4.114173053839025
 30
0.0
  0
VERTEX
  5
7D
330
79
100
AcDbEntity
  8
outside1_B
100
AcDbVertex
100
AcDb2dVertex
 10
-80.30068009975486
 20
4.109971822301546
 30
0.0
  0
VERTEX
  5
7E
330
79
100
AcDbEntity
  8
outside1_B
100
AcDbVertex
100
AcDb2dVertex
 10
-82.50554080751914
 20
4.104375264683597
 30
0.0
  0
VERTEX
  5
7F
330
79
100
AcDbEntity
  8
outside1_B
100
AcDbVertex
100
AcDb2dVertex
 10
-84.710493027312
 20
4.097078390463935
 30
0.0
  0
VERTEX
  5
80
330
79
100
AcDbEntity
  8
outside1_B
100
AcDbVertex
100
AcDb2dVertex
 10
-86.9153323564156
 20
4.088386213422126
 30
0.0
  0
VERTEX
  5
81
330
79
100
AcDbEntity
  8
outside1_B
100
AcDbVertex
100
AcDb2dVertex
 10
-89.12029415452372
 20
4.07809284366202
 30
0.0
  0
VERTEX
  5
82
330
79
100
AcDbEntity
  8
outside1_B
100
AcDbVertex
100
AcDb2dVertex
 10
-91.32512738688257
 20
4.066396560581339
 30
0.0
  0
VERTEX
  5
83
330
79
100
AcDbEntity
  8
outside1_B
100
AcDbVertex
100
AcDb2dVertex
 10
-93.52996925866051
 20
4.053205876703998
 30
0.0
  0
VERTEX
  5
84
330
79
100
AcDbEntity
  8
outside1_B
100
AcDbVertex
100
AcDb2dVertex
 10
-95.29378181798899
 20
4.041616293557226
 30
0.0
  0
VERTEX
  5
85
330
79
100
AcDbEntity
  8
outside1_B
100
AcDbVertex
100
AcDb2dVertex
 10
-97.05760605808399
 20
4.029119393330205
 30
0.0
  0
VERTEX
  5
86
330
79
100
AcDbEntity
  8
outside1_B
100
AcDbVertex
100
AcDb2dVertex
 10
-98.82140685384235
 20
4.015631343428353
 30
0.0
  0
VERTEX
  5
87
330
79
100
AcDbEntity
  8
outside1_B
100
AcDbVertex
100
AcDb2dVertex
 10
-100.5851095980448
 20
4.001342755770622
 30
0.0
  0
VERTEX
  5
88
330
79
100
AcDbEntity
  8
outside1_B
100
AcDbVertex
100
AcDb2dVertex
 10
-102.3489186159549
 20
3.986146773543169
 30
0.0
  0
VERTEX
  5
89
330
79
100
AcDbEntity
  8
outside1_B
100
AcDbVertex
100
AcDb2dVertex
 10
-104.1125288121119
 20
3.97005870934214
 30
0.0
  0
VERTEX
  5
8A
330
79
100
AcDbEntity
  8
outside1_B
100
AcDbVertex
100
AcDb2dVertex
 10
-105.8762309863379
 20
3.953071002291281
 30
0.0
  0
VERTEX
  5
8B
330
79
100
AcDbEntity
  8
outside1_B
100
AcDbVertex
100
AcDb2dVertex
 10
-107.6398265708406
 20
3.935282706043751
 30
0.0
  0
VERTEX
  5
8C
330
79
100
AcDbEntity
  8
outside1_B
100
AcDbVertex
100
AcDb2dVertex
 10
-109.4033305881515
 20
3.916594702470633
 30
0.0
  0
VERTEX
  5
8D
330
79
100
AcDbEntity
  8
outside1_B
100
AcDbVertex
100
AcDb2dVertex
 10
-111.1668345387509
 20
3.897106111966366
 30
0.0
  0
VERTEX
  5
8E
330
79
100
AcDbEntity
  8
outside1_B
100
AcDbVertex
100
AcDb2dVertex
 10
-112.9303309485124
 20
3.876717812480848
 30
0.0
  0
VERTEX
  5
8F
330
79
100
AcDbEntity
  8
outside1_B
100
AcDbVertex
100
AcDb2dVertex
 10
-114.6937277062487
 20
3.855529023324351
 30
0.0
  0
VERTEX
  5
90
330
79
100
AcDbEntity
  8
outside1_B
100
AcDbVertex
100
AcDb2dVertex
 10
-116.4570183283363
 20
3.833547267213433
 30
0.0
  0
VERTEX
  5
91
330
79
100
AcDbEntity
  8
outside1_B
100
AcDbVertex
100
AcDb2dVertex
 10
-118.2202173712406
 20
3.810757303324664
 30
0.0
  0
VERTEX
  5
92
330
79
100
AcDbEntity
  8
outside1_B
100
AcDbVertex
100
AcDb2dVertex
 10
-119.9834081097195
 20
3.787174388928506
 30
0.0
  0
VERTEX
  5
93
330
79
100
AcDbEntity
  8
outside1_B
100
AcDbVertex
100
AcDb2dVertex
 10
-121.7465996475274
 20
3.762790879575377
 30
0.0
  0
VERTEX
  5
94
330
79
100
AcDbEntity
  8
outside1_B
100
AcDbVertex
100
AcDb2dVertex
 10
-123.5095852920661
 20
3.737606895283477
 30
0.0
  0
VERTEX
  5
95
330
79
100
AcDbEntity
  8
outside1_B
100
AcDbVertex
100
AcDb2dVertex
 10
-125.2725708383173
 20
3.711721451170746
 30
0.0
  0
VERTEX
  5
96
330
79
100
AcDbEntity
  8
outside1_B
100
AcDbVertex
100
AcDb2dVertex
 10
-127.0354569206617
 20
3.685035431525463
 30
0.0
  0
VERTEX
  5
97
330
79
100
AcDbEntity
  8
outside1_B
100
AcDbVertex
100
AcDb2dVertex
 10
-128.798129070523
 20
3.657655819136451
 30
0.0
  0
VERTEX
  5
98
330
79
100
AcDbEntity
  8
outside1_B
100
AcDbVertex
100
AcDb2dVertex
 10
-129.6795952393575
 20
3.643664413674699
 30
0.0
  0
VERTEX
  5
99
330
79
100
AcDbEntity
  8
outside1_B
100
AcDbVertex
100
AcDb2dVertex
 10
-130.5609250717435
 20
3.62947524125731
 30
0.0
  0
VERTEX
  5
9A
330
79
100
AcDbEntity
  8
outside1_B
100
AcDbVertex
100
AcDb2dVertex
 10
-131.4421694246443
 20
3.615179104747313
 30
0.0
  0
VERTEX
  5
9B
330
79
100
AcDbEntity
  8
outside1_B
100
AcDbVertex
100
AcDb2dVertex
 10
-132.3235205405016
 20
3.600593232898376
 30
0.0
  0
VERTEX
  5
9C
330
79
100
AcDbEntity
  8
outside1_B
100
AcDbVertex
100
AcDb2dVertex
 10
-133.2047510259022
 20
3.58590084807615
 30
0.0
  0
VERTEX
  5
9D
330
79
100
AcDbEntity
  8
outside1_B
100
AcDbVertex
100
AcDb2dVertex
 10
-134.0859800368935
 20
3.571010251527767
 30
0.0
  0
VERTEX
  5
9E
330
79
100
AcDbEntity
  8
outside1_B
100
AcDbVertex
100
AcDb2dVertex
 10
-134.967216691583
 20
3.556020536498181
 30
0.0
  0
VERTEX
  5
9F
330
79
100
AcDbEntity
  8
outside1_B
100
AcDbVertex
100
AcDb2dVertex
 10
-135.8484625366842
 20
3.540832295351947
 30
0.0
  0
VERTEX
  5
A0
330
79
100
AcDbEntity
  8
outside1_B
100
AcDbVertex
100
AcDb2dVertex
 10
-136.7295927231174
 20
3.525438478429948
 30
0.0
  0
VERTEX
  5
A1
330
79
100
AcDbEntity
  8
outside1_B
100
AcDbVertex
100
AcDb2dVertex
 10
-137.610722623531
 20
3.509953172823259
 30
0.0
  0
VERTEX
  5
A2
330
79
100
AcDbEntity
  8
outside1_B
100
AcDbVertex
100
AcDb2dVertex
 10
-138.4918613492375
 20
3.494261985049036
 30
0.0
  0
VERTEX
  5
A3
330
79
100
AcDbEntity
  8
outside1_B
100
AcDbVertex
100
AcDb2dVertex
 10
-139.3729912909039
 20
3.478471699764526
 30
0.0
  0
VERTEX
  5
A4
330
79
100
AcDbEntity
  8
outside1_B
100
AcDbVertex
100
AcDb2dVertex
 10
-140.2541380426682
 20
3.462482873133411
 30
0.0
  0
VERTEX
  5
A5
330
79
100
AcDbEntity
  8
outside1_B
100
AcDbVertex
100
AcDb2dVertex
 10
-140.6946280510264
 20
3.454386078809193
 30
0.0
  0
VERTEX
  5
A6
330
79
100
AcDbEntity
  8
outside1_B
100
AcDbVertex
100
AcDb2dVertex
 10
-141.1351519678539
 20
3.446387920567119
 30
0.0
  0
VERTEX
  5
A7
330
79
100
AcDbEntity
  8
outside1_B
100
AcDbVertex
100
AcDb2dVertex
 10
-141.5757780162991
 20
3.438199092464856
 30
0.0
  0
VERTEX
  5
A8
330
79
100
AcDbEntity
  8
outside1_B
100
AcDbVertex
100
AcDb2dVertex
 10
-142.0162695187627
 20
3.430102270676969
 30
0.0
  0
VERTEX
  5
A9
330
79
100
AcDbEntity
  8
outside1_B
100
AcDbVertex
100
AcDb2dVertex
 10
-142.4567963671371
 20
3.421905819459326
 30
0.0
  0
VERTEX
  5
AA
330
79
100
AcDbEntity
  8
outside1_B
100
AcDbVertex
100
AcDb2dVertex
 10
-142.8973156785349
 20
3.413709366611215
 30
0.0
  0
VERTEX
  5
AB
330
79
100
AcDbEntity
  8
outside1_B
100
AcDbVertex
100
AcDb2dVertex
 10
-143.3378425260091
 20
3.405413795535338
 30
0.0
  0
VERTEX
  5
AC
330
79
100
AcDbEntity
  8
outside1_B
100
AcDbVertex
100
AcDb2dVertex
 10
-143.7783311855611
 20
3.397118800007917
 30
0.0
  0
VERTEX
  5
AD
330
79
100
AcDbEntity
  8
outside1_B
100
AcDbVertex
100
AcDb2dVertex
 10
-144.2188556714977
 20
3.388830898009516
 30
0.0
  0
VERTEX
  5
AE
330
79
100
AcDbEntity
  8
outside1_B
100
AcDbVertex
100
AcDb2dVertex
 10
-144.6593773447144
 20
3.380436160363928
 30
0.0
  0
VERTEX
  5
AF
330
79
100
AcDbEntity
  8
outside1_B
100
AcDbVertex
100
AcDb2dVertex
 10
-145.0998734494162
 20
3.372042055248116
 30
0.0
  0
VERTEX
  5
B0
330
79
100
AcDbEntity
  8
outside1_B
100
AcDbVertex
100
AcDb2dVertex
 10
-145.5402965944068
 20
3.363647306317716
 30
0.0
  0
VERTEX
  5
B1
330
79
100
AcDbEntity
  8
outside1_B
100
AcDbVertex
100
AcDb2dVertex
 10
-145.980792204027
 20
3.355146473724702
 30
0.0
  0
VERTEX
  5
B2
330
79
100
AcDbEntity
  8
outside1_B
100
AcDbVertex
100
AcDb2dVertex
 10
-146.4213091092243
 20
3.346751826940192
 30
0.0
  0
VERTEX
  5
B3
330
79
100
AcDbEntity
  8
outside1_B
100
AcDbVertex
100
AcDb2dVertex
 10
-146.8618365922261
 20
3.338158883842709
 30
0.0
  0
VERTEX
  5
B4
330
79
100
AcDbEntity
  8
outside1_B
100
AcDbVertex
100
AcDb2dVertex
 10
-147.3022260498681
 20
3.329665664033953
 30
0.0
  0
VERTEX
  5
B5
330
79
100
AcDbEntity
  8
outside1_B
100
AcDbVertex
100
AcDb2dVertex
 10
-147.7427523025817
 20
3.321072744934526
 30
0.0
  0
VERTEX
  5
B6
330
79
100
AcDbEntity
  8
outside1_B
100
AcDbVertex
100
AcDb2dVertex
 10
-148.1831754616214
 20
3.312479754610933
 30
0.0
  0
VERTEX
  5
B7
330
79
100
AcDbEntity
  8
outside1_B
100
AcDbVertex
100
AcDb2dVertex
 10
-148.6236710574103
 20
3.303780696598295
 30
0.0
  0
VERTEX
  5
B8
330
79
100
AcDbEntity
  8
outside1_B
100
AcDbVertex
100
AcDb2dVertex
 10
-149.0641578726572
 20
3.295188398052488
 30
0.0
  0
VERTEX
  5
B9
330
79
100
AcDbEntity
  8
outside1_B
100
AcDbVertex
100
AcDb2dVertex
 10
-149.5046193197956
 20
3.286495682005508
 30
0.0
  0
VERTEX
  5
BA
330
79
100
AcDbEntity
  8
outside1_B
100
AcDbVertex
100
AcDb2dVertex
 10
-149.9450081716744
 20
3.277697511289517
 30
0.0
  0
VERTEX
  5
BB
330
79
100
AcDbEntity
  8
outside1_B
100
AcDbVertex
100
AcDb2dVertex
 10
-150.3855020046491
 20
3.269006112123904
 30
0.0
  0
VERTEX
  5
BC
330
79
100
AcDbEntity
  8
outside1_B
100
AcDbVertex
100
AcDb2dVertex
 10
-150.8259228168201
 20
3.260214927517268
 30
0.0
  0
VERTEX
  5
BD
330
79
100
AcDbEntity
  8
outside1_B
100
AcDbVertex
100
AcDb2dVertex
 10
-151.2664514146816
 20
3.251416097520789
 30
0.0
  0
VERTEX
  5
BE
330
79
100
AcDbEntity
  8
outside1_B
100
AcDbVertex
100
AcDb2dVertex
 10
-151.7068414855309
 20
3.242526413421785
 30
0.0
  0
VERTEX
  5
BF
330
79
100
AcDbEntity
  8
outside1_B
100
AcDbVertex
100
AcDb2dVertex
 10
-152.1472385672482
 20
3.233728230603745
 30
0.0
  0
VERTEX
  5
C0
330
79
100
AcDbEntity
  8
outside1_B
100
AcDbVertex
100
AcDb2dVertex
 10
-152.5876894269649
 20
3.224837319424793
 30
0.0
  0
VERTEX
  5
C1
330
79
100
AcDbEntity
  8
outside1_B
100
AcDbVertex
100
AcDb2dVertex
 10
-153.0280888703381
 20
3.215840862406921
 30
0.0
  0
VERTEX
  5
C2
330
79
100
AcDbEntity
  8
outside1_B
100
AcDbVertex
100
AcDb2dVertex
 10
-153.4684753880958
 20
3.206943626006051
 30
0.0
  0
VERTEX
  5
C3
330
79
100
AcDbEntity
  8
outside1_B
100
AcDbVertex
100
AcDb2dVertex
 10
-153.9089916718534
 20
3.19795427578191
 30
0.0
  0
VERTEX
  5
C4
330
79
100
AcDbEntity
  8
outside1_B
100
AcDbVertex
100
AcDb2dVertex
 10
-154.3493946333393
 20
3.188957746959574
 30
0.0
  0
VERTEX
  5
C5
330
79
100
AcDbEntity
  8
outside1_B
100
AcDbVertex
100
AcDb2dVertex
 10
-154.7898124780452
 20
3.179968382891872
 30
0.0
  0
VERTEX
  5
C6
330
79
100
AcDbEntity
  8
outside1_B
100
AcDbVertex
100
AcDb2dVertex
 10
-155.2302119214052
 20
3.170872812364763
 30
0.0
  0
VERTEX
  5
C7
330
79
100
AcDbEntity
  8
outside1_B
100
AcDbVertex
100
AcDb2dVertex
 10
-155.6706020132587
 20
3.161876390634816
 30
0.0
  0
VERTEX
  5
C8
330
79
100
AcDbEntity
  8
outside1_B
100
AcDbVertex
100
AcDb2dVertex
 10
-156.1109312682547
 20
3.152780222582138
 30
0.0
  0
VERTEX
  5
C9
330
79
100
AcDbEntity
  8
outside1_B
100
AcDbVertex
100
AcDb2dVertex
 10
-156.5513478940272
 20
3.143691764326107
 30
0.0
  0
VERTEX
  5
CA
330
79
100
AcDbEntity
  8
outside1_B
100
AcDbVertex
100
AcDb2dVertex
 10
-156.9917396645008
 20
3.134497081307714
 30
0.0
  0
VERTEX
  5
CB
330
79
100
AcDbEntity
  8
outside1_B
100
AcDbVertex
100
AcDb2dVertex
 10
-157.432136746218
 20
3.125401559555613
 30
0.0
  0
VERTEX
  5
CC
330
79
100
AcDbEntity
  8
outside1_B
100
AcDbVertex
100
AcDb2dVertex
 10
-157.8725569530525
 20
3.116206282831016
 30
0.0
  0
VERTEX
  5
CD
330
79
100
AcDbEntity
  8
outside1_B
100
AcDbVertex
100
AcDb2dVertex
 10
-158.3129846855828
 20
3.10701100817154
 30
0.0
  0
VERTEX
  5
CE
330
79
100
AcDbEntity
  8
outside1_B
100
AcDbVertex
100
AcDb2dVertex
 10
-158.7533748336636
 20
3.097717245892738
 30
0.0
  0
VERTEX
  5
CF
330
79
100
AcDbEntity
  8
outside1_B
100
AcDbVertex
100
AcDb2dVertex
 10
-159.1936651285125
 20
3.088522612202908
 30
0.0
  0
VERTEX
  5
D0
330
79
100
AcDbEntity
  8
outside1_B
100
AcDbVertex
100
AcDb2dVertex
 10
-159.6340922192504
 20
3.079228231211118
 30
0.0
  0
VERTEX
  5
D1
330
79
100
AcDbEntity
  8
outside1_B
100
AcDbVertex
100
AcDb2dVertex
 10
-160.0744770535076
 20
3.069942205106813
 30
0.0
  0
VERTEX
  5
D2
330
79
100
AcDbEntity
  8
outside1_B
100
AcDbVertex
100
AcDb2dVertex
 10
-160.514780941625
 20
3.060648332517488
 30
0.0
  0
VERTEX
  5
D3
330
79
100
AcDbEntity
  8
outside1_B
100
AcDbVertex
100
AcDb2dVertex
 10
-160.9552005575832
 20
3.05135394836671
 30
0.0
  0
VERTEX
  5
D4
330
79
100
AcDbEntity
  8
outside1_B
100
AcDbVertex
100
AcDb2dVertex
 10
-161.3955222567038
 20
3.041960418785465
 30
0.0
  0
VERTEX
  5
D5
330
79
100
AcDbEntity
  8
outside1_B
100
AcDbVertex
100
AcDb2dVertex
 10
-161.8358902881429
 20
3.032560554136154
 30
0.0
  0
VERTEX
  5
D6
330
79
100
AcDbEntity
  8
outside1_B
100
AcDbVertex
100
AcDb2dVertex
 10
-162.2761782713132
 20
3.023266856274958
 30
0.0
  0
VERTEX
  5
D7
330
79
100
AcDbEntity
  8
outside1_B
100
AcDbVertex
100
AcDb2dVertex
 10
-162.7166361038686
 20
3.013872699885013
 30
0.0
  0
VERTEX
  5
D8
330
79
100
AcDbEntity
  8
outside1_B
100
AcDbVertex
100
AcDb2dVertex
 10
-163.1570262667752
 20
3.004380711019849
 30
0.0
  0
VERTEX
  5
D9
330
79
100
AcDbEntity
  8
outside1_B
100
AcDbVertex
100
AcDb2dVertex
 10
-163.597317222351
 20
2.994987837300897
 30
0.0
  0
VERTEX
  5
DA
330
79
100
AcDbEntity
  8
outside1_B
100
AcDbVertex
100
AcDb2dVertex
 10
-164.0376458461801
 20
2.985495202772199
 30
0.0
  0
VERTEX
  5
DB
330
79
100
AcDbEntity
  8
outside1_B
100
AcDbVertex
100
AcDb2dVertex
 10
-164.4780040126165
 20
2.976003903548545
 30
0.0
  0
VERTEX
  5
DC
330
79
100
AcDbEntity
  8
outside1_B
100
AcDbVertex
100
AcDb2dVertex
 10
-164.9183005053
 20
2.966610993028524
 30
0.0
  0
VERTEX
  5
DD
330
79
100
AcDbEntity
  8
outside1_B
100
AcDbVertex
100
AcDb2dVertex
 10
-165.358755211957
 20
2.957110070049595
 30
0.0
  0
VERTEX
  5
DE
330
79
100
AcDbEntity
  8
outside1_B
100
AcDbVertex
100
AcDb2dVertex
 10
-165.7990438569937
 20
2.947519020431287
 30
0.0
  0
VERTEX
  5
DF
330
79
100
AcDbEntity
  8
outside1_B
100
AcDbVertex
100
AcDb2dVertex
 10
-166.2393373192268
 20
2.938027061738637
 30
0.0
  0
VERTEX
  5
E0
330
79
100
AcDbEntity
  8
outside1_B
100
AcDbVertex
100
AcDb2dVertex
 10
-166.679730614338
 20
2.92843597454258
 30
0.0
  0
VERTEX
  5
E1
330
79
100
AcDbEntity
  8
outside1_B
100
AcDbVertex
100
AcDb2dVertex
 10
-167.1200239896701
 20
2.918943935541904
 30
0.0
  0
VERTEX
  5
E2
330
79
100
AcDbEntity
  8
outside1_B
100
AcDbVertex
100
AcDb2dVertex
 10
-167.5603511881478
 20
2.909344504491386
 30
0.0
  0
VERTEX
  5
E3
330
79
100
AcDbEntity
  8
outside1_B
100
AcDbVertex
100
AcDb2dVertex
 10
-168.0006406209829
 20
2.899753520791762
 30
0.0
  0
VERTEX
  5
E4
330
79
100
AcDbEntity
  8
outside1_B
100
AcDbVertex
100
AcDb2dVertex
 10
-168.4410325532406
 20
2.890162463279822
 30
0.0
  0
VERTEX
  5
E5
330
79
100
AcDbEntity
  8
outside1_B
100
AcDbVertex
100
AcDb2dVertex
 10
-168.8813573279996
 20
2.880563002024999
 30
0.0
  0
VERTEX
  5
E6
330
79
100
AcDbEntity
  8
outside1_B
100
AcDbVertex
100
AcDb2dVertex
 10
-169.3216490970302
 20
2.870872854953745
 30
0.0
  0
VERTEX
  5
E7
330
79
100
AcDbEntity
  8
outside1_B
100
AcDbVertex
100
AcDb2dVertex
 10
-169.7619456416358
 20
2.861281716294968
 30
0.0
  0
VERTEX
  5
E8
330
79
100
AcDbEntity
  8
outside1_B
100
AcDbVertex
100
AcDb2dVertex
 10
-170.2022359862997
 20
2.851583892599521
 30
0.0
  0
VERTEX
  5
E9
330
79
100
AcDbEntity
  8
outside1_B
100
AcDbVertex
100
AcDb2dVertex
 10
-170.6425277810915
 20
2.841992857407647
 30
0.0
  0
VERTEX
  5
EA
330
79
100
AcDbEntity
  8
outside1_B
100
AcDbVertex
100
AcDb2dVertex
 10
-171.0828488565864
 20
2.832301981443081
 30
0.0
  0
VERTEX
  5
EB
330
79
100
AcDbEntity
  8
outside1_B
100
AcDbVertex
100
AcDb2dVertex
 10
-171.5231476851023
 20
2.82260405488725
 30
0.0
  0
VERTEX
  5
EC
330
79
100
AcDbEntity
  8
outside1_B
100
AcDbVertex
100
AcDb2dVertex
 10
-171.9634371180072
 20
2.812913959271455
 30
0.0
  0
VERTEX
  5
ED
330
79
100
AcDbEntity
  8
outside1_B
100
AcDbVertex
100
AcDb2dVertex
 10
-172.4038337591992
 20
2.803216061353339
 30
0.0
  0
VERTEX
  5
EE
330
79
100
AcDbEntity
  8
outside1_B
100
AcDbVertex
100
AcDb2dVertex
 10
-172.8440530258195
 20
2.793525244590001
 30
0.0
  0
VERTEX
  5
EF
330
79
100
AcDbEntity
  8
outside1_B
100
AcDbVertex
100
AcDb2dVertex
 10
-173.2843481663622
 20
2.783735910117471
 30
0.0
  0
VERTEX
  5
F0
330
79
100
AcDbEntity
  8
outside1_B
100
AcDbVertex
100
AcDb2dVertex
 10
-173.7247421451349
 20
2.774038070807194
 30
0.0
  0
VERTEX
  5
F1
330
79
100
AcDbEntity
  8
outside1_B
100
AcDbVertex
100
AcDb2dVertex
 10
-174.164934052966
 20
2.764248743172317
 30
0.0
  0
VERTEX
  5
F2
330
79
100
AcDbEntity
  8
outside1_B
100
AcDbVertex
100
AcDb2dVertex
 10
-174.6052275268131
 20
2.754550934517269
 30
0.0
  0
VERTEX
  5
F3
330
79
100
AcDbEntity
  8
outside1_B
100
AcDbVertex
100
AcDb2dVertex
 10
-175.0455462402513
 20
2.744760991174317
 30
0.0
  0
VERTEX
  5
F4
330
79
100
AcDbEntity
  8
outside1_B
100
AcDbVertex
100
AcDb2dVertex
 10
-175.4858120019366
 20
2.734964686355212
 30
0.0
  0
VERTEX
  5
F5
330
79
100
AcDbEntity
  8
outside1_B
100
AcDbVertex
100
AcDb2dVertex
 10
-175.9261061848867
 20
2.725274486157303
 30
0.0
  0
VERTEX
  5
F6
330
79
100
AcDbEntity
  8
outside1_B
100
AcDbVertex
100
AcDb2dVertex
 10
-176.3664296220853
 20
2.715476813139119
 30
0.0
  0
VERTEX
  5
F7
330
79
100
AcDbEntity
  8
outside1_B
100
AcDbVertex
100
AcDb2dVertex
 10
-176.8067190025068
 20
2.705687606776465
 30
0.0
  0
VERTEX
  5
F8
330
79
100
AcDbEntity
  8
outside1_B
100
AcDbVertex
100
AcDb2dVertex
 10
-177.2470141234508
 20
2.695890563867408
 30
0.0
  0
VERTEX
  5
F9
330
79
100
AcDbEntity
  8
outside1_B
100
AcDbVertex
100
AcDb2dVertex
 10
-177.6873035038723
 20
2.686101357504754
 30
0.0
  0
VERTEX
  5
FA
330
79
100
AcDbEntity
  8
outside1_B
100
AcDbVertex
100
AcDb2dVertex
 10
-178.1276023842999
 20
2.676304315765066
 30
0.0
  0
VERTEX
  5
FB
330
79
100
AcDbEntity
  8
outside1_B
100
AcDbVertex
100
AcDb2dVertex
 10
-178.5677903104336
 20
2.666515076698275
 30
0.0
  0
VERTEX
  5
FC
330
79
100
AcDbEntity
  8
outside1_B
100
AcDbVertex
100
AcDb2dVertex
 10
-179.008116114881
 20
2.656717435854347
 30
0.0
  0
VERTEX
  5
FD
330
79
100
AcDbEntity
  8
outside1_B
100
AcDbVertex
100
AcDb2dVertex
 10
-179.4484102978928
 20
2.646829009687181
 30
0.0
  0
VERTEX
  5
FE
330
79
100
AcDbEntity
  8
outside1_B
100
AcDbVertex
100
AcDb2dVertex
 10
-179.8886723266069
 20
2.63703270307424
 30
0.0
  0
VERTEX
  5
FF
330
79
100
AcDbEntity
  8
outside1_B
100
AcDbVertex
100
AcDb2dVertex
 10
-180.3289617070286
 20
2.627243496711586
 30
0.0
  0
VERTEX
  5
100
330
79
100
AcDbEntity
  8
outside1_B
100
AcDbVertex
100
AcDb2dVertex
 10
-180.7691867142909
 20
2.617445808394919
 30
0.0
  0
VERTEX
  5
101
330
79
100
AcDbEntity
  8
outside1_B
100
AcDbVertex
100
AcDb2dVertex
 10
-181.2094801613356
 20
2.607557398756626
 30
0.0
  0
VERTEX
  5
102
330
79
100
AcDbEntity
  8
outside1_B
100
AcDbVertex
100
AcDb2dVertex
 10
-181.6497459758436
 20
2.597761092722166
 30
0.0
  0
VERTEX
  5
103
330
79
100
AcDbEntity
  8
outside1_B
100
AcDbVertex
100
AcDb2dVertex
 10
-182.0900653787243
 20
2.587963509471905
 30
0.0
  0
VERTEX
  5
104
330
79
100
AcDbEntity
  8
outside1_B
100
AcDbVertex
100
AcDb2dVertex
 10
-182.5302604224478
 20
2.578075083895655
 30
0.0
  0
VERTEX
  5
105
330
79
100
AcDbEntity
  8
outside1_B
100
AcDbVertex
100
AcDb2dVertex
 10
-182.970550077399
 20
2.568278162569044
 30
0.0
  0
VERTEX
  5
106
330
79
100
AcDbEntity
  8
outside1_B
100
AcDbVertex
100
AcDb2dVertex
 10
-183.4108442077903
 20
2.558389737583667
 30
0.0
  0
VERTEX
  5
107
330
79
100
AcDbEntity
  8
outside1_B
100
AcDbVertex
100
AcDb2dVertex
 10
-183.8511100222982
 20
2.548593431549207
 30
0.0
  0
VERTEX
  5
108
330
79
100
AcDbEntity
  8
outside1_B
100
AcDbVertex
100
AcDb2dVertex
 10
-184.2913303052481
 20
2.538803472906537
 30
0.0
  0
VERTEX
  5
109
330
79
100
AcDbEntity
  8
outside1_B
100
AcDbVertex
100
AcDb2dVertex
 10
-184.7316237791424
 20
2.528907438601834
 30
0.0
  0
VERTEX
  5
10A
330
79
100
AcDbEntity
  8
outside1_B
100
AcDbVertex
100
AcDb2dVertex
 10
-185.1719141238064
 20
2.51911812600359
 30
0.0
  0
VERTEX
  5
10B
330
79
100
AcDbEntity
  8
outside1_B
100
AcDbVertex
100
AcDb2dVertex
 10
-185.6122089633153
 20
2.509222061005318
 30
0.0
  0
VERTEX
  5
10C
330
79
100
AcDbEntity
  8
outside1_B
100
AcDbVertex
100
AcDb2dVertex
 10
-186.0523678381849
 20
2.499433467982954
 30
0.0
  0
VERTEX
  5
10D
330
79
100
AcDbEntity
  8
outside1_B
100
AcDbVertex
100
AcDb2dVertex
 10
-186.4926960044557
 20
2.489635774586333
 30
0.0
  0
VERTEX
  5
10E
330
79
100
AcDbEntity
  8
outside1_B
100
AcDbVertex
100
AcDb2dVertex
 10
-186.9329885084035
 20
2.479739762082119
 30
0.0
  0
VERTEX
  5
10F
330
79
100
AcDbEntity
  8
outside1_B
100
AcDbVertex
100
AcDb2dVertex
 10
-187.3731473832741
 20
2.469951169059726
 30
0.0
  0
VERTEX
  5
110
330
79
100
AcDbEntity
  8
outside1_B
100
AcDbVertex
100
AcDb2dVertex
 10
-187.8134448455278
 20
2.460154158854806
 30
0.0
  0
VERTEX
  5
111
330
79
100
AcDbEntity
  8
outside1_B
100
AcDbVertex
100
AcDb2dVertex
 10
-188.2537635586493
 20
2.450364215558906
 30
0.0
  0
VERTEX
  5
112
330
79
100
AcDbEntity
  8
outside1_B
100
AcDbVertex
100
AcDb2dVertex
 10
-188.6940583981582
 20
2.440468150560619
 30
0.0
  0
VERTEX
  5
113
330
79
100
AcDbEntity
  8
outside1_B
100
AcDbVertex
100
AcDb2dVertex
 10
-189.1342172730271
 20
2.430679557538269
 30
0.0
  0
VERTEX
  5
114
330
79
100
AcDbEntity
  8
outside1_B
100
AcDbVertex
100
AcDb2dVertex
 10
-189.5745147352808
 20
2.420882547333349
 30
0.0
  0
VERTEX
  5
115
330
79
100
AcDbEntity
  8
outside1_B
100
AcDbVertex
100
AcDb2dVertex
 10
-190.0148041682565
 20
2.411093339801312
 30
0.0
  0
VERTEX
  5
116
330
79
100
AcDbEntity
  8
outside1_B
100
AcDbVertex
100
AcDb2dVertex
 10
-190.455001542945
 20
2.401296266477772
 30
0.0
  0
VERTEX
  5
117
330
79
100
AcDbEntity
  8
outside1_B
100
AcDbVertex
100
AcDb2dVertex
 10
-190.8952895566439
 20
2.391507090529601
 30
0.0
  0
VERTEX
  5
118
330
79
100
AcDbEntity
  8
outside1_B
100
AcDbVertex
100
AcDb2dVertex
 10
-191.3355846775879
 20
2.38171004762053
 30
0.0
  0
VERTEX
  5
119
330
79
100
AcDbEntity
  8
outside1_B
100
AcDbVertex
100
AcDb2dVertex
 10
-191.7757472853427
 20
2.371921456373485
 30
0.0
  0
VERTEX
  5
11A
330
79
100
AcDbEntity
  8
outside1_B
100
AcDbVertex
100
AcDb2dVertex
 10
-192.2160407854713
 20
2.362223647139572
 30
0.0
  0
VERTEX
  5
11B
330
79
100
AcDbEntity
  8
outside1_B
100
AcDbVertex
100
AcDb2dVertex
 10
-192.6563594989101
 20
2.352433703796606
 30
0.0
  0
VERTEX
  5
11C
330
79
100
AcDbEntity
  8
outside1_B
100
AcDbVertex
100
AcDb2dVertex
 10
-193.0965268569337
 20
2.342637383360113
 30
0.0
  0
VERTEX
  5
11D
330
79
100
AcDbEntity
  8
outside1_B
100
AcDbVertex
100
AcDb2dVertex
 10
-193.5368165182687
 20
2.332947198779053
 30
0.0
  0
VERTEX
  5
11E
330
79
100
AcDbEntity
  8
outside1_B
100
AcDbVertex
100
AcDb2dVertex
 10
-193.9771113508911
 20
2.323150247065726
 30
0.0
  0
VERTEX
  5
11F
330
79
100
AcDbEntity
  8
outside1_B
100
AcDbVertex
100
AcDb2dVertex
 10
-194.4172702180755
 20
2.313460759905126
 30
0.0
  0
VERTEX
  5
120
330
79
100
AcDbEntity
  8
outside1_B
100
AcDbVertex
100
AcDb2dVertex
 10
-194.8575960373705
 20
2.303769863443364
 30
0.0
  0
VERTEX
  5
121
330
79
100
AcDbEntity
  8
outside1_B
100
AcDbVertex
100
AcDb2dVertex
 10
-195.2978902200594
 20
2.293972926191657
 30
0.0
  0
VERTEX
  5
122
330
79
100
AcDbEntity
  8
outside1_B
100
AcDbVertex
100
AcDb2dVertex
 10
-195.7381475242885
 20
2.284283453747051
 30
0.0
  0
VERTEX
  5
123
330
79
100
AcDbEntity
  8
outside1_B
100
AcDbVertex
100
AcDb2dVertex
 10
-196.1783485927191
 20
2.274585497389367
 30
0.0
  0
VERTEX
  5
124
330
79
100
AcDbEntity
  8
outside1_B
100
AcDbVertex
100
AcDb2dVertex
 10
-196.6186021818457
 20
2.264896106775723
 30
0.0
  0
VERTEX
  5
125
330
79
100
AcDbEntity
  8
outside1_B
100
AcDbVertex
100
AcDb2dVertex
 10
-197.0588986874777
 20
2.255304968965916
 30
0.0
  0
VERTEX
  5
126
330
79
100
AcDbEntity
  8
outside1_B
100
AcDbVertex
100
AcDb2dVertex
 10
-197.4992240178862
 20
2.245606416660422
 30
0.0
  0
VERTEX
  5
127
330
79
100
AcDbEntity
  8
outside1_B
100
AcDbVertex
100
AcDb2dVertex
 10
-197.9393824026989
 20
2.235916982094466
 30
0.0
  0
VERTEX
  5
128
330
79
100
AcDbEntity
  8
outside1_B
100
AcDbVertex
100
AcDb2dVertex
 10
-198.3796432723462
 20
2.22632657903965
 30
0.0
  0
VERTEX
  5
129
330
79
100
AcDbEntity
  8
outside1_B
100
AcDbVertex
100
AcDb2dVertex
 10
-198.8199704832505
 20
2.216727147758661
 30
0.0
  0
VERTEX
  5
12A
330
79
100
AcDbEntity
  8
outside1_B
100
AcDbVertex
100
AcDb2dVertex
 10
-199.2602610538933
 20
2.207036985113717
 30
0.0
  0
VERTEX
  5
12B
330
79
100
AcDbEntity
  8
outside1_B
100
AcDbVertex
100
AcDb2dVertex
 10
-199.7004241554706
 20
2.197446552909469
 30
0.0
  0
VERTEX
  5
12C
330
79
100
AcDbEntity
  8
outside1_B
100
AcDbVertex
100
AcDb2dVertex
 10
-200.140686724638
 20
2.187848489292975
 30
0.0
  0
VERTEX
  5
12D
330
79
100
AcDbEntity
  8
outside1_B
100
AcDbVertex
100
AcDb2dVertex
 10
-200.5809766005216
 20
2.178356566825528
 30
0.0
  0
VERTEX
  5
12E
330
79
100
AcDbEntity
  8
outside1_B
100
AcDbVertex
100
AcDb2dVertex
 10
-201.0213014497768
 20
2.168764811596347
 30
0.0
  0
VERTEX
  5
12F
330
79
100
AcDbEntity
  8
outside1_B
100
AcDbVertex
100
AcDb2dVertex
 10
-201.4615660453809
 20
2.159174327377329
 30
0.0
  0
VERTEX
  5
130
330
79
100
AcDbEntity
  8
outside1_B
100
AcDbVertex
100
AcDb2dVertex
 10
-201.9017315021221
 20
2.149675327007557
 30
0.0
  0
VERTEX
  5
131
330
79
100
AcDbEntity
  8
outside1_B
100
AcDbVertex
100
AcDb2dVertex
 10
-202.3420177035592
 20
2.140183483822184
 30
0.0
  0
VERTEX
  5
132
330
79
100
AcDbEntity
  8
outside1_B
100
AcDbVertex
100
AcDb2dVertex
 10
-202.7823118348007
 20
2.130691510706868
 30
0.0
  0
VERTEX
  5
133
330
79
100
AcDbEntity
  8
outside1_B
100
AcDbVertex
100
AcDb2dVertex
 10
-203.2226041109436
 20
2.121199536493805
 30
0.0
  0
VERTEX
  5
134
330
79
100
AcDbEntity
  8
outside1_B
100
AcDbVertex
100
AcDb2dVertex
 10
-203.6628963616263
 20
2.111707562829636
 30
0.0
  0
VERTEX
  5
135
330
79
100
AcDbEntity
  8
outside1_B
100
AcDbVertex
100
AcDb2dVertex
 10
-204.1031602557949
 20
2.102208576941749
 30
0.0
  0
VERTEX
  5
136
330
79
100
AcDbEntity
  8
outside1_B
100
AcDbVertex
100
AcDb2dVertex
 10
-204.543421331909
 20
2.092816421968664
 30
0.0
  0
VERTEX
  5
137
330
79
100
AcDbEntity
  8
outside1_B
100
AcDbVertex
100
AcDb2dVertex
 10
-204.9837136077863
 20
2.083423560745018
 30
0.0
  0
VERTEX
  5
138
330
79
100
AcDbEntity
  8
outside1_B
100
AcDbVertex
100
AcDb2dVertex
 10
-205.4239080559103
 20
2.074030672100207
 30
0.0
  0
VERTEX
  5
139
330
79
100
AcDbEntity
  8
outside1_B
100
AcDbVertex
100
AcDb2dVertex
 10
-205.8642986801576
 20
2.064637867849569
 30
0.0
  0
VERTEX
  5
13A
330
79
100
AcDbEntity
  8
outside1_B
100
AcDbVertex
100
AcDb2dVertex
 10
-206.3044611958907
 20
2.055245619921408
 30
0.0
  0
VERTEX
  5
13B
330
79
100
AcDbEntity
  8
outside1_B
100
AcDbVertex
100
AcDb2dVertex
 10
-206.7447546848026
 20
2.045951886308998
 30
0.0
  0
VERTEX
  5
13C
330
79
100
AcDbEntity
  8
outside1_B
100
AcDbVertex
100
AcDb2dVertex
 10
-207.1850469479303
 20
2.036559025357349
 30
0.0
  0
VERTEX
  5
13D
330
79
100
AcDbEntity
  8
outside1_B
100
AcDbVertex
100
AcDb2dVertex
 10
-207.6253084921322
 20
2.027265925805708
 30
0.0
  0
VERTEX
  5
13E
330
79
100
AcDbEntity
  8
outside1_B
100
AcDbVertex
100
AcDb2dVertex
 10
-208.0655719296079
 20
2.017972826520278
 30
0.0
  0
VERTEX
  5
13F
330
79
100
AcDbEntity
  8
outside1_B
100
AcDbVertex
100
AcDb2dVertex
 10
-208.5058641927744
 20
2.008778191529458
 30
0.0
  0
VERTEX
  5
140
330
79
100
AcDbEntity
  8
outside1_B
100
AcDbVertex
100
AcDb2dVertex
 10
-208.9461557900242
 20
1.999484457614045
 30
0.0
  0
VERTEX
  5
141
330
79
100
AcDbEntity
  8
outside1_B
100
AcDbVertex
100
AcDb2dVertex
 10
-209.386517699336
 20
1.990290477633096
 30
0.0
  0
VERTEX
  5
142
330
79
100
AcDbEntity
  8
outside1_B
100
AcDbVertex
100
AcDb2dVertex
 10
-209.8268112568952
 20
1.981095815614566
 30
0.0
  0
VERTEX
  5
143
330
79
100
AcDbEntity
  8
outside1_B
100
AcDbVertex
100
AcDb2dVertex
 10
-210.2671006647893
 20
1.971908904087826
 30
0.0
  0
VERTEX
  5
144
330
79
100
AcDbEntity
  8
outside1_B
100
AcDbVertex
100
AcDb2dVertex
 10
-210.7073669570657
 20
1.962714811489107
 30
0.0
  0
VERTEX
  5
145
330
79
100
AcDbEntity
  8
outside1_B
100
AcDbVertex
100
AcDb2dVertex
 10
-211.14762850043
 20
1.953619924086311
 30
0.0
  0
VERTEX
  5
146
330
79
100
AcDbEntity
  8
outside1_B
100
AcDbVertex
100
AcDb2dVertex
 10
-211.5879207511128
 20
1.94452440233421
 30
0.0
  0
VERTEX
  5
147
330
79
100
AcDbEntity
  8
outside1_B
100
AcDbVertex
100
AcDb2dVertex
 10
-212.0283127279852
 20
1.93542890728574
 30
0.0
  0
VERTEX
  5
148
330
79
100
AcDbEntity
  8
outside1_B
100
AcDbVertex
100
AcDb2dVertex
 10
-212.4685731957008
 20
1.926341665650057
 30
0.0
  0
VERTEX
  5
149
330
79
100
AcDbEntity
  8
outside1_B
100
AcDbVertex
100
AcDb2dVertex
 10
-212.9088687553939
 20
1.917345208736364
 30
0.0
  0
VERTEX
  5
14A
330
79
100
AcDbEntity
  8
outside1_B
100
AcDbVertex
100
AcDb2dVertex
 10
-213.3491595969426
 20
1.908249735781112
 30
0.0
  0
VERTEX
  5
14B
330
79
100
AcDbEntity
  8
outside1_B
100
AcDbVertex
100
AcDb2dVertex
 10
-213.7893907645761
 20
1.899262217576421
 30
0.0
  0
VERTEX
  5
14C
330
79
100
AcDbEntity
  8
outside1_B
100
AcDbVertex
100
AcDb2dVertex
 10
-214.2297854433851
 20
1.890364874057795
 30
0.0
  0
VERTEX
  5
14D
330
79
100
AcDbEntity
  8
outside1_B
100
AcDbVertex
100
AcDb2dVertex
 10
-214.6700769112651
 20
1.881368500751165
 30
0.0
  0
VERTEX
  5
14E
330
79
100
AcDbEntity
  8
outside1_B
100
AcDbVertex
100
AcDb2dVertex
 10
-215.1103360976117
 20
1.872479496612129
 30
0.0
  0
VERTEX
  5
14F
330
79
100
AcDbEntity
  8
outside1_B
100
AcDbVertex
100
AcDb2dVertex
 10
-215.5507328269851
 20
1.863582130941566
 30
0.0
  0
VERTEX
  5
150
330
79
100
AcDbEntity
  8
outside1_B
100
AcDbVertex
100
AcDb2dVertex
 10
-215.9909926464101
 20
1.854693114042377
 30
0.0
  0
VERTEX
  5
151
330
79
100
AcDbEntity
  8
outside1_B
100
AcDbVertex
100
AcDb2dVertex
 10
-216.4313569443449
 20
1.845895510022245
 30
0.0
  0
VERTEX
  5
152
330
79
100
AcDbEntity
  8
outside1_B
100
AcDbVertex
100
AcDb2dVertex
 10
-216.8716457211987
 20
1.837105020657532
 30
0.0
  0
VERTEX
  5
153
330
79
100
AcDbEntity
  8
outside1_B
100
AcDbVertex
100
AcDb2dVertex
 10
-217.3120377413649
 20
1.82831448685873
 30
0.0
  0
VERTEX
  5
154
330
79
100
AcDbEntity
  8
outside1_B
100
AcDbVertex
100
AcDb2dVertex
 10
-217.7523022771658
 20
1.819516857921414
 30
0.0
  0
VERTEX
  5
155
330
79
100
AcDbEntity
  8
outside1_B
100
AcDbVertex
100
AcDb2dVertex
 10
-218.1926618578336
 20
1.810826077031038
 30
0.0
  0
VERTEX
  5
156
330
79
100
AcDbEntity
  8
outside1_B
100
AcDbVertex
100
AcDb2dVertex
 10
-218.632960068446
 20
1.802126889502873
 30
0.0
  0
VERTEX
  5
157
330
79
100
AcDbEntity
  8
outside1_B
100
AcDbVertex
100
AcDb2dVertex
 10
-219.0733172865783
 20
1.793436155303738
 30
0.0
  0
VERTEX
  5
158
330
79
100
AcDbEntity
  8
outside1_B
100
AcDbVertex
100
AcDb2dVertex
 10
-219.5135794455365
 20
1.784844409758989
 30
0.0
  0
VERTEX
  5
159
330
79
100
AcDbEntity
  8
outside1_B
100
AcDbVertex
100
AcDb2dVertex
 10
-219.9539714938466
 20
1.776252100804584
 30
0.0
  0
VERTEX
  5
15A
330
79
100
AcDbEntity
  8
outside1_B
100
AcDbVertex
100
AcDb2dVertex
 10
-220.3943360732696
 20
1.767652685635099
 30
0.0
  0
VERTEX
  5
15B
330
79
100
AcDbEntity
  8
outside1_B
100
AcDbVertex
100
AcDb2dVertex
 10
-220.8346269152239
 20
1.75915951138407
 30
0.0
  0
VERTEX
  5
15C
330
79
100
AcDbEntity
  8
outside1_B
100
AcDbVertex
100
AcDb2dVertex
 10
-221.2749879338123
 20
1.75056778924268
 30
0.0
  0
VERTEX
  5
15D
330
79
100
AcDbEntity
  8
outside1_B
100
AcDbVertex
100
AcDb2dVertex
 10
-221.7153500210988
 20
1.74217426768152
 30
0.0
  0
VERTEX
  5
15E
330
79
100
AcDbEntity
  8
outside1_B
100
AcDbVertex
100
AcDb2dVertex
 10
-222.1557434052485
 20
1.733681036475502
 30
0.0
  0
VERTEX
  5
15F
330
79
100
AcDbEntity
  8
outside1_B
100
AcDbVertex
100
AcDb2dVertex
 10
-222.5960060201705
 20
1.72528750373003
 30
0.0
  0
VERTEX
  5
160
330
79
100
AcDbEntity
  8
outside1_B
100
AcDbVertex
100
AcDb2dVertex
 10
-223.0363976313787
 20
1.716893419430733
 30
0.0
  0
VERTEX
  5
161
330
79
100
AcDbEntity
  8
outside1_B
100
AcDbVertex
100
AcDb2dVertex
 10
-223.4767597210129
 20
1.708499897824836
 30
0.0
  0
VERTEX
  5
162
330
79
100
AcDbEntity
  8
outside1_B
100
AcDbVertex
100
AcDb2dVertex
 10
-223.9171218105527
 20
1.700205482288723
 30
0.0
  0
VERTEX
  5
163
330
79
100
AcDbEntity
  8
outside1_B
100
AcDbVertex
100
AcDb2dVertex
 10
-224.3574838998333
 20
1.691911066757498
 30
0.0
  0
VERTEX
  5
164
330
79
100
AcDbEntity
  8
outside1_B
100
AcDbVertex
100
AcDb2dVertex
 10
-224.797874332566
 20
1.68371522981154
 30
0.0
  0
VERTEX
  5
165
330
79
100
AcDbEntity
  8
outside1_B
100
AcDbVertex
100
AcDb2dVertex
 10
-225.238266887488
 20
1.675427860034063
 30
0.0
  0
VERTEX
  5
166
330
79
100
AcDbEntity
  8
outside1_B
100
AcDbVertex
100
AcDb2dVertex
 10
-225.678600632723
 20
1.667233078064456
 30
0.0
  0
VERTEX
  5
167
330
79
100
AcDbEntity
  8
outside1_B
100
AcDbVertex
100
AcDb2dVertex
 10
-226.1189627214905
 20
1.659136874678524
 30
0.0
  0
VERTEX
  5
168
330
79
100
AcDbEntity
  8
outside1_B
100
AcDbVertex
100
AcDb2dVertex
 10
-226.5593555146655
 20
1.651040106781835
 30
0.0
  0
VERTEX
  5
169
330
79
100
AcDbEntity
  8
outside1_B
100
AcDbVertex
100
AcDb2dVertex
 10
-226.9997434662899
 20
1.642951049742862
 30
0.0
  0
VERTEX
  5
16A
330
79
100
AcDbEntity
  8
outside1_B
100
AcDbVertex
100
AcDb2dVertex
 10
-227.440109715705
 20
1.634854769902901
 30
0.0
  0
VERTEX
  5
16B
330
79
100
AcDbEntity
  8
outside1_B
100
AcDbVertex
100
AcDb2dVertex
 10
-227.8805385651291
 20
1.626858272829594
 30
0.0
  0
VERTEX
  5
16C
330
79
100
AcDbEntity
  8
outside1_B
100
AcDbVertex
100
AcDb2dVertex
 10
-228.3209153269608
 20
1.618967641145133
 30
0.0
  0
VERTEX
  5
16D
330
79
100
AcDbEntity
  8
outside1_B
100
AcDbVertex
100
AcDb2dVertex
 10
-229.2016863764429
 20
1.603079328981309
 30
0.0
  0
VERTEX
  5
16E
330
79
100
AcDbEntity
  8
outside1_B
100
AcDbVertex
100
AcDb2dVertex
 10
-230.0825101371037
 20
1.587390080855613
 30
0.0
  0
VERTEX
  5
16F
330
79
100
AcDbEntity
  8
outside1_B
100
AcDbVertex
100
AcDb2dVertex
 10
-230.963332965578
 20
1.571899060675975
 30
0.0
  0
VERTEX
  5
170
330
79
100
AcDbEntity
  8
outside1_B
100
AcDbVertex
100
AcDb2dVertex
 10
-231.8441708781832
 20
1.556613614142805
 30
0.0
  0
VERTEX
  5
171
330
79
100
AcDbEntity
  8
outside1_B
100
AcDbVertex
100
AcDb2dVertex
 10
-232.7251254163841
 20
1.541426985574688
 30
0.0
  0
VERTEX
  5
172
330
79
100
AcDbEntity
  8
outside1_B
100
AcDbVertex
100
AcDb2dVertex
 10
-233.6059650191772
 20
1.526339729438916
 30
0.0
  0
VERTEX
  5
173
330
79
100
AcDbEntity
  8
outside1_B
100
AcDbVertex
100
AcDb2dVertex
 10
-234.4868888552803
 20
1.511450948348312
 30
0.0
  0
VERTEX
  5
174
330
79
100
AcDbEntity
  8
outside1_B
100
AcDbVertex
100
AcDb2dVertex
 10
-235.3677126304133
 20
1.49676037942983
 30
0.0
  0
VERTEX
  5
175
330
79
100
AcDbEntity
  8
outside1_B
100
AcDbVertex
100
AcDb2dVertex
 10
-236.2486350315588
 20
1.482268046225101
 30
0.0
  0
VERTEX
  5
176
330
79
100
AcDbEntity
  8
outside1_B
100
AcDbVertex
100
AcDb2dVertex
 10
-237.1295730399206
 20
1.467981295255854
 30
0.0
  0
VERTEX
  5
177
330
79
100
AcDbEntity
  8
outside1_B
100
AcDbVertex
100
AcDb2dVertex
 10
-238.0105124613575
 20
1.453793636866749
 30
0.0
  0
VERTEX
  5
178
330
79
100
AcDbEntity
  8
outside1_B
100
AcDbVertex
100
AcDb2dVertex
 10
-238.8915202990125
 20
1.439804681348022
 30
0.0
  0
VERTEX
  5
179
330
79
100
AcDbEntity
  8
outside1_B
100
AcDbVertex
100
AcDb2dVertex
 10
-240.6535899623689
 20
1.4124205720004
 30
0.0
  0
VERTEX
  5
17A
330
79
100
AcDbEntity
  8
outside1_B
100
AcDbVertex
100
AcDb2dVertex
 10
-242.4156518360595
 20
1.385745578953475
 30
0.0
  0
VERTEX
  5
17B
330
79
100
AcDbEntity
  8
outside1_B
100
AcDbVertex
100
AcDb2dVertex
 10
-244.1777990192134
 20
1.359764551418053
 30
0.0
  0
VERTEX
  5
17C
330
79
100
AcDbEntity
  8
outside1_B
100
AcDbVertex
100
AcDb2dVertex
 10
-245.9399446646669
 20
1.334683110037105
 30
0.0
  0
VERTEX
  5
17D
330
79
100
AcDbEntity
  8
outside1_B
100
AcDbVertex
100
AcDb2dVertex
 10
-247.7021998563252
 20
1.310302929304498
 30
0.0
  0
VERTEX
  5
17E
330
79
100
AcDbEntity
  8
outside1_B
100
AcDbVertex
100
AcDb2dVertex
 10
-249.4645452826218
 20
1.286723316750454
 30
0.0
  0
VERTEX
  5
17F
330
79
100
AcDbEntity
  8
outside1_B
100
AcDbVertex
100
AcDb2dVertex
 10
-251.2268920308832
 20
1.263936560018493
 30
0.0
  0
VERTEX
  5
180
330
79
100
AcDbEntity
  8
outside1_B
100
AcDbVertex
100
AcDb2dVertex
 10
-252.9893301278653
 20
1.241957995110553
 30
0.0
  0
VERTEX
  5
181
330
79
100
AcDbEntity
  8
outside1_B
100
AcDbVertex
100
AcDb2dVertex
 10
-254.7518776082892
 20
1.22087128012663
 30
0.0
  0
VERTEX
  5
182
330
79
100
AcDbEntity
  8
outside1_B
100
AcDbVertex
100
AcDb2dVertex
 10
-256.5144245955641
 20
1.200485936637619
 30
0.0
  0
VERTEX
  5
183
330
79
100
AcDbEntity
  8
outside1_B
100
AcDbVertex
100
AcDb2dVertex
 10
-258.276961918103
 20
1.181000256537317
 30
0.0
  0
VERTEX
  5
184
330
79
100
AcDbEntity
  8
outside1_B
100
AcDbVertex
100
AcDb2dVertex
 10
-260.03960025832
 20
1.16231504445021
 30
0.0
  0
VERTEX
  5
185
330
79
100
AcDbEntity
  8
outside1_B
100
AcDbVertex
100
AcDb2dVertex
 10
-261.8022405905846
 20
1.144529405147736
 30
0.0
  0
VERTEX
  5
186
330
79
100
AcDbEntity
  8
outside1_B
100
AcDbVertex
100
AcDb2dVertex
 10
-263.564878946369
 20
1.127544234646834
 30
0.0
  0
VERTEX
  5
187
330
79
100
AcDbEntity
  8
outside1_B
100
AcDbVertex
100
AcDb2dVertex
 10
-265.3276093321552
 20
1.111458702375046
 30
0.0
  0
VERTEX
  5
188
330
79
100
AcDbEntity
  8
outside1_B
100
AcDbVertex
100
AcDb2dVertex
 10
-267.0903391351744
 20
1.096265121702558
 30
0.0
  0
VERTEX
  5
189
330
79
100
AcDbEntity
  8
outside1_B
100
AcDbVertex
100
AcDb2dVertex
 10
-268.8531795996583
 20
1.081978671492507
 30
0.0
  0
VERTEX
  5
18A
330
79
100
AcDbEntity
  8
outside1_B
100
AcDbVertex
100
AcDb2dVertex
 10
-270.6159094740905
 20
1.068485124638627
 30
0.0
  0
VERTEX
  5
18B
330
79
100
AcDbEntity
  8
outside1_B
100
AcDbVertex
100
AcDb2dVertex
 10
-272.3787301331882
 20
1.055997935133476
 30
0.0
  0
VERTEX
  5
18C
330
79
100
AcDbEntity
  8
outside1_B
100
AcDbVertex
100
AcDb2dVertex
 10
-274.1415635174148
 20
1.044410252581883
 30
0.0
  0
VERTEX
  5
18D
330
79
100
AcDbEntity
  8
outside1_B
100
AcDbVertex
100
AcDb2dVertex
 10
-275.9043848247274
 20
1.033714566795609
 30
0.0
  0
VERTEX
  5
18E
330
79
100
AcDbEntity
  8
outside1_B
100
AcDbVertex
100
AcDb2dVertex
 10
-277.6671974128673
 20
1.024025243915332
 30
0.0
  0
VERTEX
  5
18F
330
79
100
AcDbEntity
  8
outside1_B
100
AcDbVertex
100
AcDb2dVertex
 10
-279.8707907524441
 20
1.01323037872163
 30
0.0
  0
VERTEX
  5
190
330
79
100
AcDbEntity
  8
outside1_B
100
AcDbVertex
100
AcDb2dVertex
 10
-282.0743665162946
 20
1.003838311034855
 30
0.0
  0
VERTEX
  5
191
330
79
100
AcDbEntity
  8
outside1_B
100
AcDbVertex
100
AcDb2dVertex
 10
-284.2779366119647
 20
0.9960471840174137
 30
0.0
  0
VERTEX
  5
192
330
79
100
AcDbEntity
  8
outside1_B
100
AcDbVertex
100
AcDb2dVertex
 10
-286.4815128453085
 20
0.9897502282039596
 30
0.0
  0
VERTEX
  5
193
330
79
100
AcDbEntity
  8
outside1_B
100
AcDbVertex
100
AcDb2dVertex
 10
-288.6850829476163
 20
0.9849551020701597
 30
0.0
  0
VERTEX
  5
194
330
79
100
AcDbEntity
  8
outside1_B
100
AcDbVertex
100
AcDb2dVertex
 10
-290.888547107941
 20
0.9817532789753187
 30
0.0
  0
VERTEX
  5
195
330
79
100
AcDbEntity
  8
outside1_B
100
AcDbVertex
100
AcDb2dVertex
 10
-292.9595006027147
 20
0.9802590322798039
 30
0.0
  0
VERTEX
  5
196
330
79
100
AcDbEntity
  8
outside1_B
100
AcDbVertex
100
AcDb2dVertex
 10
-293.0922197871872
 20
0.9801599142308959
 30
0.0
  0
SEQEND
  5
197
330
79
100
AcDbEntity
  8
outside1_B
  0
POLYLINE
  5
198
330
1F
100
AcDbEntity
  8
outside1_B
100
AcDb2dPolyline
 66
     1
 10
0.0
 20
0.0
 30
0.0
  0
VERTEX
  5
199
330
198
100
AcDbEntity
  8
outside1_B
100
AcDbVertex
100
AcDb2dVertex
 10
26.89602964670979
 20
1.552399323729645
 30
0.0
  0
VERTEX
  5
19A
330
198
100
AcDbEntity
  8
outside1_B
100
AcDbVertex
100
AcDb2dVertex
 10
26.90156113566121
 20
1.552565396146193
 30
0.0
  0
VERTEX
  5
19B
330
198
100
AcDbEntity
  8
outside1_B
100
AcDbVertex
100
AcDb2dVertex
 10
27.37852667825035
 20
1.563138936132148
 30
0.0
  0
VERTEX
  5
19C
330
198
100
AcDbEntity
  8
outside1_B
100
AcDbVertex
100
AcDb2dVertex
 10
27.85750248066068
 20
1.573728796528613
 30
0.0
  0
VERTEX
  5
19D
330
198
100
AcDbEntity
  8
outside1_B
100
AcDbVertex
100
AcDb2dVertex
 10
28.33061129328956
 20
1.584219960813044
 30
0.0
  0
VERTEX
  5
19E
330
198
100
AcDbEntity
  8
outside1_B
100
AcDbVertex
100
AcDb2dVertex
 10
28.79759466527793
 20
1.594612109716195
 30
0.0
  0
VERTEX
  5
19F
330
198
100
AcDbEntity
  8
outside1_B
100
AcDbVertex
100
AcDb2dVertex
 10
29.2580804503138
 20
1.604904424447952
 30
0.0
  0
VERTEX
  5
1A0
330
198
100
AcDbEntity
  8
outside1_B
100
AcDbVertex
100
AcDb2dVertex
 10
30.15884759517365
 20
1.624894703198535
 30
0.0
  0
VERTEX
  5
1A1
330
198
100
AcDbEntity
  8
outside1_B
100
AcDbVertex
100
AcDb2dVertex
 10
31.03133579033073
 20
1.644382275525615
 30
0.0
  0
VERTEX
  5
1A2
330
198
100
AcDbEntity
  8
outside1_B
100
AcDbVertex
100
AcDb2dVertex
 10
31.45682860289202
 20
1.653873756666101
 30
0.0
  0
VERTEX
  5
1A3
330
198
100
AcDbEntity
  8
outside1_B
100
AcDbVertex
100
AcDb2dVertex
 10
31.87542419145433
 20
1.663167579018889
 30
0.0
  0
VERTEX
  5
1A4
330
198
100
AcDbEntity
  8
outside1_B
100
AcDbVertex
100
AcDb2dVertex
 10
32.28715699883213
 20
1.672362263962555
 30
0.0
  0
VERTEX
  5
1A5
330
198
100
AcDbEntity
  8
outside1_B
100
AcDbVertex
100
AcDb2dVertex
 10
32.69205596760384
 20
1.681358663434395
 30
0.0
  0
VERTEX
  5
1A6
330
198
100
AcDbEntity
  8
outside1_B
100
AcDbVertex
100
AcDb2dVertex
 10
33.09021685476381
 20
1.690249042492766
 30
0.0
  0
VERTEX
  5
1A7
330
198
100
AcDbEntity
  8
outside1_B
100
AcDbVertex
100
AcDb2dVertex
 10
33.4817615732797
 20
1.699039662098073
 30
0.0
  0
VERTEX
  5
1A8
330
198
100
AcDbEntity
  8
outside1_B
100
AcDbVertex
100
AcDb2dVertex
 10
34.24659480070358
 20
1.716132525892746
 30
0.0
  0
VERTEX
  5
1A9
330
198
100
AcDbEntity
  8
outside1_B
100
AcDbVertex
100
AcDb2dVertex
 10
34.6220255456289
 20
1.72452642666336
 30
0.0
  0
VERTEX
  5
1AA
330
198
100
AcDbEntity
  8
outside1_B
100
AcDbVertex
100
AcDb2dVertex
 10
34.99447978908955
 20
1.732821485553174
 30
0.0
  0
VERTEX
  5
1AB
330
198
100
AcDbEntity
  8
outside1_B
100
AcDbVertex
100
AcDb2dVertex
 10
35.36514657702622
 20
1.741116809423403
 30
0.0
  0
VERTEX
  5
1AC
330
198
100
AcDbEntity
  8
outside1_B
100
AcDbVertex
100
AcDb2dVertex
 10
35.73537871066941
 20
1.749411960926537
 30
0.0
  0
VERTEX
  5
1AD
330
198
100
AcDbEntity
  8
outside1_B
100
AcDbVertex
100
AcDb2dVertex
 10
36.48088385867044
 20
1.766129515746798
 30
0.0
  0
VERTEX
  5
1AE
330
198
100
AcDbEntity
  8
outside1_B
100
AcDbVertex
100
AcDb2dVertex
 10
37.06259135373028
 20
1.78601526609944
 30
0.0
  0
VERTEX
  5
1AF
330
198
100
AcDbEntity
  8
outside1_B
100
AcDbVertex
100
AcDb2dVertex
 10
38.59927048658545
 20
1.78601526609944
 30
0.0
  0
SEQEND
  5
1B0
330
198
100
AcDbEntity
  8
outside1_B
  0
POLYLINE
  5
1B1
330
1F
100
AcDbEntity
  8
outside1_B
100
AcDb2dPolyline
 66
     1
 10
0.0
 20
0.0
 30
0.0
  0
VERTEX
  5
1B2
330
1B1
100
AcDbEntity
  8
outside1_B
100
AcDbVertex
100
AcDb2dVertex
 10
26.89384533223637
 20
1.552342492220944
 30
0.0
  0
VERTEX
  5
1B3
330
1B1
100
AcDbEntity
  8
outside1_B
100
AcDbVertex
100
AcDb2dVertex
 10
26.40381205904504
 20
1.54155502090002
 30
0.0
  0
VERTEX
  5
1B4
330
1B1
100
AcDbEntity
  8
outside1_B
100
AcDbVertex
100
AcDb2dVertex
 10
25.90886051416322
 20
1.530561180362128
 30
0.0
  0
VERTEX
  5
1B5
330
1B1
100
AcDbEntity
  8
outside1_B
100
AcDbVertex
100
AcDb2dVertex
 10
25.41000131947516
 20
1.519566912308647
 30
0.0
  0
VERTEX
  5
1B6
330
1B1
100
AcDbEntity
  8
outside1_B
100
AcDbVertex
100
AcDb2dVertex
 10
24.90796215847348
 20
1.508474356588891
 30
0.0
  0
VERTEX
  5
1B7
330
1B1
100
AcDbEntity
  8
outside1_B
100
AcDbVertex
100
AcDb2dVertex
 10
24.40369971333774
 20
1.497281740098231
 30
0.0
  0
VERTEX
  5
1B8
330
1B1
100
AcDbEntity
  8
outside1_B
100
AcDbVertex
100
AcDb2dVertex
 10
23.89804439483208
 20
1.486188460516402
 30
0.0
  0
VERTEX
  5
1B9
330
1B1
100
AcDbEntity
  8
outside1_B
100
AcDbVertex
100
AcDb2dVertex
 10
23.39192102316173
 20
1.474996842910627
 30
0.0
  0
VERTEX
  5
1BA
330
1B1
100
AcDbEntity
  8
outside1_B
100
AcDbVertex
100
AcDb2dVertex
 10
22.8859554665525
 20
1.463804331567047
 30
0.0
  0
VERTEX
  5
1BB
330
1B1
100
AcDbEntity
  8
outside1_B
100
AcDbVertex
100
AcDb2dVertex
 10
22.38126992637279
 20
1.45271058215684
 30
0.0
  0
VERTEX
  5
1BC
330
1B1
100
AcDbEntity
  8
outside1_B
100
AcDbVertex
100
AcDb2dVertex
 10
21.87883256809704
 20
1.44171676299149
 30
0.0
  0
VERTEX
  5
1BD
330
1B1
100
AcDbEntity
  8
outside1_B
100
AcDbVertex
100
AcDb2dVertex
 10
21.37976939730191
 20
1.430730328497376
 30
0.0
  0
VERTEX
  5
1BE
330
1B1
100
AcDbEntity
  8
outside1_B
100
AcDbVertex
100
AcDb2dVertex
 10
20.88529300730141
 20
1.4199341005355
 30
0.0
  0
VERTEX
  5
1BF
330
1B1
100
AcDbEntity
  8
outside1_B
100
AcDbVertex
100
AcDb2dVertex
 10
20.39641872471265
 20
1.409245074108554
 30
0.0
  0
VERTEX
  5
1C0
330
1B1
100
AcDbEntity
  8
outside1_B
100
AcDbVertex
100
AcDb2dVertex
 10
19.91437128815409
 20
1.39874688785973
 30
0.0
  0
VERTEX
  5
1C1
330
1B1
100
AcDbEntity
  8
outside1_B
100
AcDbVertex
100
AcDb2dVertex
 10
19.44029618005851
 20
1.38835505170124
 30
0.0
  0
VERTEX
  5
1C2
330
1B1
100
AcDbEntity
  8
outside1_B
100
AcDbVertex
100
AcDb2dVertex
 10
18.97518287626866
 20
1.378260136547354
 30
0.0
  0
VERTEX
  5
1C3
330
1B1
100
AcDbEntity
  8
outside1_B
100
AcDbVertex
100
AcDb2dVertex
 10
18.52019301971831
 20
1.368371373037974
 30
0.0
  0
VERTEX
  5
1C4
330
1B1
100
AcDbEntity
  8
outside1_B
100
AcDbVertex
100
AcDb2dVertex
 10
18.0749991727609
 20
1.358772800353805
 30
0.0
  0
VERTEX
  5
1C5
330
1B1
100
AcDbEntity
  8
outside1_B
100
AcDbVertex
100
AcDb2dVertex
 10
17.63920397535384
 20
1.34928076010236
 30
0.0
  0
VERTEX
  5
1C6
330
1B1
100
AcDbEntity
  8
outside1_B
100
AcDbVertex
100
AcDb2dVertex
 10
17.21226089504574
 20
1.340085250675429
 30
0.0
  0
VERTEX
  5
1C7
330
1B1
100
AcDbEntity
  8
outside1_B
100
AcDbVertex
100
AcDb2dVertex
 10
16.79383798377415
 20
1.331096172461343
 30
0.0
  0
VERTEX
  5
1C8
330
1B1
100
AcDbEntity
  8
outside1_B
100
AcDbVertex
100
AcDb2dVertex
 10
16.38341236183823
 20
1.322297525466851
 30
0.0
  0
VERTEX
  5
1C9
330
1B1
100
AcDbEntity
  8
outside1_B
100
AcDbVertex
100
AcDb2dVertex
 10
15.98044854057406
 20
1.313704522125988
 30
0.0
  0
VERTEX
  5
1CA
330
1B1
100
AcDbEntity
  8
outside1_B
100
AcDbVertex
100
AcDb2dVertex
 10
15.58463221949904
 20
1.305310312835914
 30
0.0
  0
VERTEX
  5
1CB
330
1B1
100
AcDbEntity
  8
outside1_B
100
AcDbVertex
100
AcDb2dVertex
 10
15.19500103294985
 20
1.297015421219157
 30
0.0
  0
VERTEX
  5
1CC
330
1B1
100
AcDbEntity
  8
outside1_B
100
AcDbVertex
100
AcDb2dVertex
 10
14.80917929321703
 20
1.28881958732174
 30
0.0
  0
VERTEX
  5
1CD
330
1B1
100
AcDbEntity
  8
outside1_B
100
AcDbVertex
100
AcDb2dVertex
 10
14.42481824414898
 20
1.280630661182101
 30
0.0
  0
VERTEX
  5
1CE
330
1B1
100
AcDbEntity
  8
outside1_B
100
AcDbVertex
100
AcDb2dVertex
 10
14.03945128737922
 20
1.272533243033038
 30
0.0
  0
VERTEX
  5
1CF
330
1B1
100
AcDbEntity
  8
outside1_B
100
AcDbVertex
100
AcDb2dVertex
 10
13.65062374812777
 20
1.264337368431185
 30
0.0
  0
VERTEX
  5
1D0
330
1B1
100
AcDbEntity
  8
outside1_B
100
AcDbVertex
100
AcDb2dVertex
 10
13.25589358446513
 20
1.256042347415516
 30
0.0
  0
VERTEX
  5
1D1
330
1B1
100
AcDbEntity
  8
outside1_B
100
AcDbVertex
100
AcDb2dVertex
 10
12.85277603902131
 20
1.247549081431771
 30
0.0
  0
VERTEX
  5
1D2
330
1B1
100
AcDbEntity
  8
outside1_B
100
AcDbVertex
100
AcDb2dVertex
 10
12.43884201487452
 20
1.238857153129558
 30
0.0
  0
VERTEX
  5
1D3
330
1B1
100
AcDbEntity
  8
outside1_B
100
AcDbVertex
100
AcDb2dVertex
 10
12.01315311071056
 20
1.229960044612483
 30
0.0
  0
VERTEX
  5
1D4
330
1B1
100
AcDbEntity
  8
outside1_B
100
AcDbVertex
100
AcDb2dVertex
 10
11.57663718728003
 20
1.220765259904738
 30
0.0
  0
VERTEX
  5
1D5
330
1B1
100
AcDbEntity
  8
outside1_B
100
AcDbVertex
100
AcDb2dVertex
 10
11.13083807358925
 20
1.211471107012841
 30
0.0
  0
VERTEX
  5
1D6
330
1B1
100
AcDbEntity
  8
outside1_B
100
AcDbVertex
100
AcDb2dVertex
 10
10.67714256326798
 20
1.201979090639412
 30
0.0
  0
VERTEX
  5
1D7
330
1B1
100
AcDbEntity
  8
outside1_B
100
AcDbVertex
100
AcDb2dVertex
 10
10.21678694410406
 20
1.192388348573488
 30
0.0
  0
VERTEX
  5
1D8
330
1B1
100
AcDbEntity
  8
outside1_B
100
AcDbVertex
100
AcDb2dVertex
 10
9.751189500071575
 20
1.18259087181751
 30
0.0
  0
VERTEX
  5
1D9
330
1B1
100
AcDbEntity
  8
outside1_B
100
AcDbVertex
100
AcDb2dVertex
 10
9.281810628940491
 20
1.172900459478996
 30
0.0
  0
VERTEX
  5
1DA
330
1B1
100
AcDbEntity
  8
outside1_B
100
AcDbVertex
100
AcDb2dVertex
 10
8.809844154724885
 20
1.163004609585087
 30
0.0
  0
VERTEX
  5
1DB
330
1B1
100
AcDbEntity
  8
outside1_B
100
AcDbVertex
100
AcDb2dVertex
 10
8.337221146545005
 20
1.153214212990775
 30
0.0
  0
VERTEX
  5
1DC
330
1B1
100
AcDbEntity
  8
outside1_B
100
AcDbVertex
100
AcDb2dVertex
 10
7.866431829807368
 20
1.143523644525814
 30
0.0
  0
VERTEX
  5
1DD
330
1B1
100
AcDbEntity
  8
outside1_B
100
AcDbVertex
100
AcDb2dVertex
 10
7.399549402324908
 20
1.133924947944806
 30
0.0
  0
VERTEX
  5
1DE
330
1B1
100
AcDbEntity
  8
outside1_B
100
AcDbVertex
100
AcDb2dVertex
 10
6.939042606305236
 20
1.124432399167631
 30
0.0
  0
VERTEX
  5
1DF
330
1B1
100
AcDbEntity
  8
outside1_B
100
AcDbVertex
100
AcDb2dVertex
 10
5.593938912618057
 20
1.097053345738743
 30
0.0
  0
VERTEX
  5
1E0
330
1B1
100
AcDbEntity
  8
outside1_B
100
AcDbVertex
100
AcDb2dVertex
 10
5.154612788061002
 20
1.088155504930725
 30
0.0
  0
VERTEX
  5
1E1
330
1B1
100
AcDbEntity
  8
outside1_B
100
AcDbVertex
100
AcDb2dVertex
 10
4.718489080797269
 20
1.079364409922405
 30
0.0
  0
VERTEX
  5
1E2
330
1B1
100
AcDbEntity
  8
outside1_B
100
AcDbVertex
100
AcDb2dVertex
 10
4.284764697646494
 20
1.070664608200047
 30
0.0
  0
VERTEX
  5
1E3
330
1B1
100
AcDbEntity
  8
outside1_B
100
AcDbVertex
100
AcDb2dVertex
 10
3.852752601015425
 20
1.062071942341035
 30
0.0
  0
VERTEX
  5
1E4
330
1B1
100
AcDbEntity
  8
outside1_B
100
AcDbVertex
100
AcDb2dVertex
 10
3.421754619672072
 20
1.053479733946247
 30
0.0
  0
VERTEX
  5
1E5
330
1B1
100
AcDbEntity
  8
outside1_B
100
AcDbVertex
100
AcDb2dVertex
 10
2.991025346053164
 20
1.044886802329302
 30
0.0
  0
VERTEX
  5
1E6
330
1B1
100
AcDbEntity
  8
outside1_B
100
AcDbVertex
100
AcDb2dVertex
 10
2.559922537064438
 20
1.036393442658721
 30
0.0
  0
VERTEX
  5
1E7
330
1B1
100
AcDbEntity
  8
outside1_B
100
AcDbVertex
100
AcDb2dVertex
 10
2.127696427129365
 20
1.027793141864819
 30
0.0
  0
VERTEX
  5
1E8
330
1B1
100
AcDbEntity
  8
outside1_B
100
AcDbVertex
100
AcDb2dVertex
 10
1.69375513116205
 20
1.019298842028093
 30
0.0
  0
VERTEX
  5
1E9
330
1B1
100
AcDbEntity
  8
outside1_B
100
AcDbVertex
100
AcDb2dVertex
 10
1.258065196077894
 20
1.01080583111461
 30
0.0
  0
VERTEX
  5
1EA
330
1B1
100
AcDbEntity
  8
outside1_B
100
AcDbVertex
100
AcDb2dVertex
 10
0.8208846965023326
 20
1.00221378272208
 30
0.0
  0
VERTEX
  5
1EB
330
1B1
100
AcDbEntity
  8
outside1_B
100
AcDbVertex
100
AcDb2dVertex
 10
0.3824397625541565
 20
0.9936205609113671
 30
0.0
  0
VERTEX
  5
1EC
330
1B1
100
AcDbEntity
  8
outside1_B
100
AcDbVertex
100
AcDb2dVertex
 10
-0.0571871603297609
 20
0.9851266070438669
 30
0.0
  0
VERTEX
  5
1ED
330
1B1
100
AcDbEntity
  8
outside1_B
100
AcDbVertex
100
AcDb2dVertex
 10
-0.4975649957669361
 20
0.9766337582352094
 30
0.0
  0
VERTEX
  5
1EE
330
1B1
100
AcDbEntity
  8
outside1_B
100
AcDbVertex
100
AcDb2dVertex
 10
-0.9386854131155928
 20
0.9680330766787222
 30
0.0
  0
VERTEX
  5
1EF
330
1B1
100
AcDbEntity
  8
outside1_B
100
AcDbVertex
100
AcDb2dVertex
 10
-1.380217002202528
 20
0.9596382732045186
 30
0.0
  0
VERTEX
  5
1F0
330
1B1
100
AcDbEntity
  8
outside1_B
100
AcDbVertex
100
AcDb2dVertex
 10
-1.821880727937298
 20
0.9511456196596271
 30
0.0
  0
VERTEX
  5
1F1
330
1B1
100
AcDbEntity
  8
outside1_B
100
AcDbVertex
100
AcDb2dVertex
 10
-2.263913613270063
 20
0.9426517321298178
 30
0.0
  0
VERTEX
  5
1F2
330
1B1
100
AcDbEntity
  8
outside1_B
100
AcDbVertex
100
AcDb2dVertex
 10
-2.706034367763607
 20
0.9342570342597014
 30
0.0
  0
VERTEX
  5
1F3
330
1B1
100
AcDbEntity
  8
outside1_B
100
AcDbVertex
100
AcDb2dVertex
 10
-3.148155109625179
 20
0.9258623366293932
 30
0.0
  0
VERTEX
  5
1F4
330
1B1
100
AcDbEntity
  8
outside1_B
100
AcDbVertex
100
AcDb2dVertex
 10
-3.590367340510113
 20
0.9175667590715193
 30
0.0
  0
VERTEX
  5
1F5
330
1B1
100
AcDbEntity
  8
outside1_B
100
AcDbVertex
100
AcDb2dVertex
 10
-4.032563880484815
 20
0.909271761907803
 30
0.0
  0
VERTEX
  5
1F6
330
1B1
100
AcDbEntity
  8
outside1_B
100
AcDbVertex
100
AcDb2dVertex
 10
-4.474684687086267
 20
0.9009761830138245
 30
0.0
  0
VERTEX
  5
1F7
330
1B1
100
AcDbEntity
  8
outside1_B
100
AcDbVertex
100
AcDb2dVertex
 10
-4.916715240672204
 20
0.8927873256889711
 30
0.0
  0
VERTEX
  5
1F8
330
1B1
100
AcDbEntity
  8
outside1_B
100
AcDbVertex
100
AcDb2dVertex
 10
-5.800322809575903
 20
0.8763951372776688
 30
0.0
  0
VERTEX
  5
1F9
330
1B1
100
AcDbEntity
  8
outside1_B
100
AcDbVertex
100
AcDb2dVertex
 10
-6.683340277854143
 20
0.8602084406334427
 30
0.0
  0
VERTEX
  5
1FA
330
1B1
100
AcDbEntity
  8
outside1_B
100
AcDbVertex
100
AcDb2dVertex
 10
-7.565870170343089
 20
0.8441132302399694
 30
0.0
  0
VERTEX
  5
1FB
330
1B1
100
AcDbEntity
  8
outside1_B
100
AcDbVertex
100
AcDb2dVertex
 10
-8.447898346018121
 20
0.8282238529872217
 30
0.0
  0
VERTEX
  5
1FC
330
1B1
100
AcDbEntity
  8
outside1_B
100
AcDbVertex
100
AcDb2dVertex
 10
-9.329530419135438
 20
0.8124335871142421
 30
0.0
  0
VERTEX
  5
1FD
330
1B1
100
AcDbEntity
  8
outside1_B
100
AcDbVertex
100
AcDb2dVertex
 10
-10.21078049315207
 20
0.7968489258294937
 30
0.0
  0
VERTEX
  5
1FE
330
1B1
100
AcDbEntity
  8
outside1_B
100
AcDbVertex
100
AcDb2dVertex
 10
-11.09171083101052
 20
0.7814551370798313
 30
0.0
  0
VERTEX
  5
1FF
330
1B1
100
AcDbEntity
  8
outside1_B
100
AcDbVertex
100
AcDb2dVertex
 10
-11.97244415682513
 20
0.7661680695533164
 30
0.0
  0
VERTEX
  5
200
330
1B1
100
AcDbEntity
  8
outside1_B
100
AcDbVertex
100
AcDb2dVertex
 10
-12.85288672143116
 20
0.751078994650257
 30
0.0
  0
VERTEX
  5
201
330
1B1
100
AcDbEntity
  8
outside1_B
100
AcDbVertex
100
AcDb2dVertex
 10
-13.73311628573725
 20
0.7361884089399098
 30
0.0
  0
VERTEX
  5
202
330
1B1
100
AcDbEntity
  8
outside1_B
100
AcDbVertex
100
AcDb2dVertex
 10
-14.6132548520971
 20
0.7213969329814631
 30
0.0
  0
VERTEX
  5
203
330
1B1
100
AcDbEntity
  8
outside1_B
100
AcDbVertex
100
AcDb2dVertex
 10
-15.49337935942759
 20
0.706803673568885
 30
0.0
  0
VERTEX
  5
204
330
1B1
100
AcDbEntity
  8
outside1_B
100
AcDbVertex
100
AcDb2dVertex
 10
-16.37342660697306
 20
0.6923169225999573
 30
0.0
  0
VERTEX
  5
205
330
1B1
100
AcDbEntity
  8
outside1_B
100
AcDbVertex
100
AcDb2dVertex
 10
-17.25347435520763
 20
0.6781198985732289
 30
0.0
  0
VERTEX
  5
206
330
1B1
100
AcDbEntity
  8
outside1_B
100
AcDbVertex
100
AcDb2dVertex
 10
-18.13359951064996
 20
0.6640300887456476
 30
0.0
  0
VERTEX
  5
207
330
1B1
100
AcDbEntity
  8
outside1_B
100
AcDbVertex
100
AcDb2dVertex
 10
-19.01385143883641
 20
0.6500388347765522
 30
0.0
  0
VERTEX
  5
208
330
1B1
100
AcDbEntity
  8
outside1_B
100
AcDbVertex
100
AcDb2dVertex
 10
-20.33451668104527
 20
0.629551642747046
 30
0.0
  0
VERTEX
  5
209
330
1B1
100
AcDbEntity
  8
outside1_B
100
AcDbVertex
100
AcDb2dVertex
 10
-21.65537907085701
 20
0.6093694497765085
 30
0.0
  0
VERTEX
  5
20A
330
1B1
100
AcDbEntity
  8
outside1_B
100
AcDbVertex
100
AcDb2dVertex
 10
-22.97663867425109
 20
0.5896752172439506
 30
0.0
  0
VERTEX
  5
20B
330
1B1
100
AcDbEntity
  8
outside1_B
100
AcDbVertex
100
AcDb2dVertex
 10
-24.29809616421181
 20
0.5702935967387504
 30
0.0
  0
VERTEX
  5
20C
330
1B1
100
AcDbEntity
  8
outside1_B
100
AcDbVertex
100
AcDb2dVertex
 10
-25.61976224534811
 20
0.5513997997994267
 30
0.0
  0
VERTEX
  5
20D
330
1B1
100
AcDbEntity
  8
outside1_B
100
AcDbVertex
100
AcDb2dVertex
 10
-26.94173312903291
 20
0.5329177346366549
 30
0.0
  0
VERTEX
  5
20E
330
1B1
100
AcDbEntity
  8
outside1_B
100
AcDbVertex
100
AcDb2dVertex
 10
-28.26380990842364
 20
0.5149236563455588
 30
0.0
  0
VERTEX
  5
20F
330
1B1
100
AcDbEntity
  8
outside1_B
100
AcDbVertex
100
AcDb2dVertex
 10
-29.58616772673332
 20
0.4973337980315051
 30
0.0
  0
VERTEX
  5
210
330
1B1
100
AcDbEntity
  8
outside1_B
100
AcDbVertex
100
AcDb2dVertex
 10
-30.9086415724185
 20
0.480147920718565
 30
0.0
  0
VERTEX
  5
211
330
1B1
100
AcDbEntity
  8
outside1_B
100
AcDbVertex
100
AcDb2dVertex
 10
-32.2313136086521
 20
0.4634576438625686
 30
0.0
  0
VERTEX
  5
212
330
1B1
100
AcDbEntity
  8
outside1_B
100
AcDbVertex
100
AcDb2dVertex
 10
-33.554076997197
 20
0.447171473232487
 30
0.0
  0
VERTEX
  5
213
330
1B1
100
AcDbEntity
  8
outside1_B
100
AcDbVertex
100
AcDb2dVertex
 10
-34.8769464527598
 20
0.4313809104516793
 30
0.0
  0
VERTEX
  5
214
330
1B1
100
AcDbEntity
  8
outside1_B
100
AcDbVertex
100
AcDb2dVertex
 10
-36.20002500279367
 20
0.4159867009815201
 30
0.0
  0
VERTEX
  5
215
330
1B1
100
AcDbEntity
  8
outside1_B
100
AcDbVertex
100
AcDb2dVertex
 10
-37.52310421625594
 20
0.4011948330532817
 30
0.0
  0
VERTEX
  5
216
330
1B1
100
AcDbEntity
  8
outside1_B
100
AcDbVertex
100
AcDb2dVertex
 10
-38.84627925212641
 20
0.3868071916294582
 30
0.0
  0
VERTEX
  5
217
330
1B1
100
AcDbEntity
  8
outside1_B
100
AcDbVertex
100
AcDb2dVertex
 10
-40.16955577947766
 20
0.3729150449942438
 30
0.0
  0
VERTEX
  5
218
330
1B1
100
AcDbEntity
  8
outside1_B
100
AcDbVertex
100
AcDb2dVertex
 10
-41.49274081198138
 20
0.3595261264908771
 30
0.0
  0
VERTEX
  5
219
330
1B1
100
AcDbEntity
  8
outside1_B
100
AcDbVertex
100
AcDb2dVertex
 10
-42.81601664361966
 20
0.3466328182529992
 30
0.0
  0
VERTEX
  5
21A
330
1B1
100
AcDbEntity
  8
outside1_B
100
AcDbVertex
100
AcDb2dVertex
 10
-44.13929396783629
 20
0.3342350992455749
 30
0.0
  0
VERTEX
  5
21B
330
1B1
100
AcDbEntity
  8
outside1_B
100
AcDbVertex
100
AcDb2dVertex
 10
-45.46259415099831
 20
0.3223481650029214
 30
0.0
  0
VERTEX
  5
21C
330
1B1
100
AcDbEntity
  8
outside1_B
100
AcDbVertex
100
AcDb2dVertex
 10
-47.22691302951199
 20
0.3072588063307933
 30
0.0
  0
VERTEX
  5
21D
330
1B1
100
AcDbEntity
  8
outside1_B
100
AcDbVertex
100
AcDb2dVertex
 10
-49.87317371355886
 20
0.2864663550811883
 30
0.0
  0
VERTEX
  5
21E
330
1B1
100
AcDbEntity
  8
outside1_B
100
AcDbVertex
100
AcDb2dVertex
 10
-52.5193408973376
 20
0.2677782167980354
 30
0.0
  0
VERTEX
  5
21F
330
1B1
100
AcDbEntity
  8
outside1_B
100
AcDbVertex
100
AcDb2dVertex
 10
-55.16542169576002
 20
0.2511868388088487
 30
0.0
  0
VERTEX
  5
220
330
1B1
100
AcDbEntity
  8
outside1_B
100
AcDbVertex
100
AcDb2dVertex
 10
-57.81129418237998
 20
0.2367989750397328
 30
0.0
  0
VERTEX
  5
221
330
1B1
100
AcDbEntity
  8
outside1_B
100
AcDbVertex
100
AcDb2dVertex
 10
-60.45717646053646
 20
0.2246070583943691
 30
0.0
  0
VERTEX
  5
222
330
1B1
100
AcDbEntity
  8
outside1_B
100
AcDbVertex
100
AcDb2dVertex
 10
-63.1029575113285
 20
0.2145119168634011
 30
0.0
  0
VERTEX
  5
223
330
1B1
100
AcDbEntity
  8
outside1_B
100
AcDbVertex
100
AcDb2dVertex
 10
-65.74874881697502
 20
0.2067194133637713
 30
0.0
  0
VERTEX
  5
224
330
1B1
100
AcDbEntity
  8
outside1_B
100
AcDbVertex
100
AcDb2dVertex
 10
-68.394534616974
 20
0.2012219737044063
 30
0.0
  0
VERTEX
  5
225
330
1B1
100
AcDbEntity
  8
outside1_B
100
AcDbVertex
100
AcDb2dVertex
 10
-71.04032592329355
 20
0.1979204531405969
 30
0.0
  0
VERTEX
  5
226
330
1B1
100
AcDbEntity
  8
outside1_B
100
AcDbVertex
100
AcDb2dVertex
 10
-73.68599738665313
 20
0.1970207360549665
 30
0.0
  0
VERTEX
  5
227
330
1B1
100
AcDbEntity
  8
outside1_B
100
AcDbVertex
100
AcDb2dVertex
 10
-74.7119778863999
 20
0.1974248515032286
 30
0.0
  0
SEQEND
  5
228
330
1B1
100
AcDbEntity
  8
outside1_B
  0
POLYLINE
  5
229
330
1F
100
AcDbEntity
  8
outside1_B
100
AcDb2dPolyline
 66
     1
 10
0.0
 20
0.0
 30
0.0
  0
VERTEX
  5
22A
330
229
100
AcDbEntity
  8
outside1_B
100
AcDbVertex
100
AcDb2dVertex
 10
-293.9765992325736
 20
3.334236223517792
 30
0.0
  0
VERTEX
  5
22B
330
229
100
AcDbEntity
  8
outside1_B
100
AcDbVertex
100
AcDb2dVertex
 10
-293.988922769344
 20
3.334236223517792
 30
0.0
  0
VERTEX
  5
22C
330
229
100
AcDbEntity
  8
outside1_B
100
AcDbVertex
100
AcDb2dVertex
 10
-297.9397354470835
 20
3.332337937891353
 30
0.0
  0
VERTEX
  5
22D
330
229
100
AcDbEntity
  8
outside1_B
100
AcDbVertex
100
AcDb2dVertex
 10
-300.583812635662
 20
3.327939312179396
 30
0.0
  0
VERTEX
  5
22E
330
229
100
AcDbEntity
  8
outside1_B
100
AcDbVertex
100
AcDb2dVertex
 10
-303.2280366822873
 20
3.321245961875704
 30
0.0
  0
VERTEX
  5
22F
330
229
100
AcDbEntity
  8
outside1_B
100
AcDbVertex
100
AcDb2dVertex
 10
-305.8721667636993
 20
3.312349430001035
 30
0.0
  0
VERTEX
  5
230
330
229
100
AcDbEntity
  8
outside1_B
100
AcDbVertex
100
AcDb2dVertex
 10
-308.5164903466973
 20
3.301257372730817
 30
0.0
  0
VERTEX
  5
231
330
229
100
AcDbEntity
  8
outside1_B
100
AcDbVertex
100
AcDb2dVertex
 10
-311.1607247079893
 20
3.287870619904211
 30
0.0
  0
VERTEX
  5
232
330
229
100
AcDbEntity
  8
outside1_B
100
AcDbVertex
100
AcDb2dVertex
 10
-313.8052564460071
 20
3.272478903162664
 30
0.0
  0
VERTEX
  5
233
330
229
100
AcDbEntity
  8
outside1_B
100
AcDbVertex
100
AcDb2dVertex
 10
-316.4497834646568
 20
3.254792563828659
 30
0.0
  0
VERTEX
  5
234
330
229
100
AcDbEntity
  8
outside1_B
100
AcDbVertex
100
AcDb2dVertex
 10
-319.0945241110399
 20
3.235009668076117
 30
0.0
  0
VERTEX
  5
235
330
229
100
AcDbEntity
  8
outside1_B
100
AcDbVertex
100
AcDb2dVertex
 10
-321.739396650242
 20
3.213229216854714
 30
0.0
  0
VERTEX
  5
236
330
229
100
AcDbEntity
  8
outside1_B
100
AcDbVertex
100
AcDb2dVertex
 10
-323.0618236178115
 20
3.201535160902196
 30
0.0
  0
VERTEX
  5
237
330
229
100
AcDbEntity
  8
outside1_B
100
AcDbVertex
100
AcDb2dVertex
 10
-324.3843993838522
 20
3.189246101002269
 30
0.0
  0
VERTEX
  5
238
330
229
100
AcDbEntity
  8
outside1_B
100
AcDbVertex
100
AcDb2dVertex
 10
-325.7069837071418
 20
3.176560537738439
 30
0.0
  0
VERTEX
  5
239
330
229
100
AcDbEntity
  8
outside1_B
100
AcDbVertex
100
AcDb2dVertex
 10
-327.0295482578263
 20
3.163364394873355
 30
0.0
  0
VERTEX
  5
23A
330
229
100
AcDbEntity
  8
outside1_B
100
AcDbVertex
100
AcDb2dVertex
 10
-328.3520239204292
 20
3.149581142063212
 30
0.0
  0
VERTEX
  5
23B
330
229
100
AcDbEntity
  8
outside1_B
100
AcDbVertex
100
AcDb2dVertex
 10
-329.6745099137293
 20
3.135386110418551
 30
0.0
  0
VERTEX
  5
23C
330
229
100
AcDbEntity
  8
outside1_B
100
AcDbVertex
100
AcDb2dVertex
 10
-330.9969956655511
 20
3.120703174889272
 30
0.0
  0
VERTEX
  5
23D
330
229
100
AcDbEntity
  8
outside1_B
100
AcDbVertex
100
AcDb2dVertex
 10
-332.3192653412477
 20
3.105608685172641
 30
0.0
  0
VERTEX
  5
23E
330
229
100
AcDbEntity
  8
outside1_B
100
AcDbVertex
100
AcDb2dVertex
 10
-333.6415427443109
 20
3.089927186290552
 30
0.0
  0
VERTEX
  5
23F
330
229
100
AcDbEntity
  8
outside1_B
100
AcDbVertex
100
AcDb2dVertex
 10
-334.9637233705603
 20
3.073833898342315
 30
0.0
  0
VERTEX
  5
240
330
229
100
AcDbEntity
  8
outside1_B
100
AcDbVertex
100
AcDb2dVertex
 10
-336.2857057748232
 20
3.057252704110965
 30
0.0
  0
VERTEX
  5
241
330
229
100
AcDbEntity
  8
outside1_B
100
AcDbVertex
100
AcDb2dVertex
 10
-337.6075967913096
 20
3.040259837633371
 30
0.0
  0
VERTEX
  5
242
330
229
100
AcDbEntity
  8
outside1_B
100
AcDbVertex
100
AcDb2dVertex
 10
-338.9293808992556
 20
3.022779067083249
 30
0.0
  0
VERTEX
  5
243
330
229
100
AcDbEntity
  8
outside1_B
100
AcDbVertex
100
AcDb2dVertex
 10
-340.2509691117525
 20
3.004886490954902
 30
0.0
  0
VERTEX
  5
244
330
229
100
AcDbEntity
  8
outside1_B
100
AcDbVertex
100
AcDb2dVertex
 10
-341.5722582773644
 20
2.98660524088055
 30
0.0
  0
VERTEX
  5
245
330
229
100
AcDbEntity
  8
outside1_B
100
AcDbVertex
100
AcDb2dVertex
 10
-342.8934390881207
 20
2.967820860242568
 30
0.0
  0
VERTEX
  5
246
330
229
100
AcDbEntity
  8
outside1_B
100
AcDbVertex
100
AcDb2dVertex
 10
-344.2143334243976
 20
2.948632274936855
 30
0.0
  0
VERTEX
  5
247
330
229
100
AcDbEntity
  8
outside1_B
100
AcDbVertex
100
AcDb2dVertex
 10
-345.5350304440574
 20
2.929047249460325
 30
0.0
  0
VERTEX
  5
248
330
229
100
AcDbEntity
  8
outside1_B
100
AcDbVertex
100
AcDb2dVertex
 10
-346.8555280977056
 20
2.909065814281391
 30
0.0
  0
VERTEX
  5
249
330
229
100
AcDbEntity
  8
outside1_B
100
AcDbVertex
100
AcDb2dVertex
 10
-348.1756208569927
 20
2.88868034174844
 30
0.0
  0
VERTEX
  5
24A
330
229
100
AcDbEntity
  8
outside1_B
100
AcDbVertex
100
AcDb2dVertex
 10
-349.4955218299138
 20
2.867890717857222
 30
0.0
  0
VERTEX
  5
24B
330
229
100
AcDbEntity
  8
outside1_B
100
AcDbVertex
100
AcDb2dVertex
 10
-350.3752429151479
 20
2.853802494994099
 30
0.0
  0
VERTEX
  5
24C
330
229
100
AcDbEntity
  8
outside1_B
100
AcDbVertex
100
AcDb2dVertex
 10
-351.2549843156408
 20
2.839515731288927
 30
0.0
  0
VERTEX
  5
24D
330
229
100
AcDbEntity
  8
outside1_B
100
AcDbVertex
100
AcDb2dVertex
 10
-352.1346180678152
 20
2.825129874826445
 30
0.0
  0
VERTEX
  5
24E
330
229
100
AcDbEntity
  8
outside1_B
100
AcDbVertex
100
AcDb2dVertex
 10
-353.0143437155
 20
2.81053842547233
 30
0.0
  0
VERTEX
  5
24F
330
229
100
AcDbEntity
  8
outside1_B
100
AcDbVertex
100
AcDb2dVertex
 10
-353.894185021131
 20
2.795748485927533
 30
0.0
  0
VERTEX
  5
250
330
229
100
AcDbEntity
  8
outside1_B
100
AcDbVertex
100
AcDb2dVertex
 10
-354.7741254522153
 20
2.780859438242459
 30
0.0
  0
VERTEX
  5
251
330
229
100
AcDbEntity
  8
outside1_B
100
AcDbVertex
100
AcDb2dVertex
 10
-355.6541490139485
 20
2.765772448779387
 30
0.0
  0
VERTEX
  5
252
330
229
100
AcDbEntity
  8
outside1_B
100
AcDbVertex
100
AcDb2dVertex
 10
-356.534494615913
 20
2.750479326653021
 30
0.0
  0
VERTEX
  5
253
330
229
100
AcDbEntity
  8
outside1_B
100
AcDbVertex
100
AcDb2dVertex
 10
-357.4151299903692
 20
2.735094718984172
 30
0.0
  0
VERTEX
  5
254
330
229
100
AcDbEntity
  8
outside1_B
100
AcDbVertex
100
AcDb2dVertex
 10
-358.2960617054078
 20
2.71950455890962
 30
0.0
  0
VERTEX
  5
255
330
229
100
AcDbEntity
  8
outside1_B
100
AcDbVertex
100
AcDb2dVertex
 10
-359.177391463756
 20
2.703715884386781
 30
0.0
  0
VERTEX
  5
256
330
229
100
AcDbEntity
  8
outside1_B
100
AcDbVertex
100
AcDb2dVertex
 10
-360.0591330542822
 20
2.687828099065783
 30
0.0
  0
VERTEX
  5
257
330
229
100
AcDbEntity
  8
outside1_B
100
AcDbVertex
100
AcDb2dVertex
 10
-360.9412868541718
 20
2.671742087953987
 30
0.0
  0
VERTEX
  5
258
330
229
100
AcDbEntity
  8
outside1_B
100
AcDbVertex
100
AcDb2dVertex
 10
-361.8240345309441
 20
2.655556703304555
 30
0.0
  0
VERTEX
  5
259
330
229
100
AcDbEntity
  8
outside1_B
100
AcDbVertex
100
AcDb2dVertex
 10
-362.7072546139669
 20
2.639265152581942
 30
0.0
  0
VERTEX
  5
25A
330
229
100
AcDbEntity
  8
outside1_B
100
AcDbVertex
100
AcDb2dVertex
 10
-363.1491015473192
 20
2.630970993446539
 30
0.0
  0
VERTEX
  5
25B
330
229
100
AcDbEntity
  8
outside1_B
100
AcDbVertex
100
AcDb2dVertex
 10
-363.5911009217178
 20
2.622675976378403
 30
0.0
  0
VERTEX
  5
25C
330
229
100
AcDbEntity
  8
outside1_B
100
AcDbVertex
100
AcDb2dVertex
 10
-364.0331916078465
 20
2.614380962640141
 30
0.0
  0
VERTEX
  5
25D
330
229
100
AcDbEntity
  8
outside1_B
100
AcDbVertex
100
AcDb2dVertex
 10
-364.4752530011205
 20
2.606094122077906
 30
0.0
  0
VERTEX
  5
25E
330
229
100
AcDbEntity
  8
outside1_B
100
AcDbVertex
100
AcDb2dVertex
 10
-364.9173096889496
 20
2.597700640663419
 30
0.0
  0
VERTEX
  5
25F
330
229
100
AcDbEntity
  8
outside1_B
100
AcDbVertex
100
AcDb2dVertex
 10
-365.3591658123672
 20
2.589307203940578
 30
0.0
  0
VERTEX
  5
260
330
229
100
AcDbEntity
  8
outside1_B
100
AcDbVertex
100
AcDb2dVertex
 10
-365.8010560497875
 20
2.580806382430509
 30
0.0
  0
VERTEX
  5
261
330
229
100
AcDbEntity
  8
outside1_B
100
AcDbVertex
100
AcDb2dVertex
 10
-366.2427486795411
 20
2.572412285952467
 30
0.0
  0
VERTEX
  5
262
330
229
100
AcDbEntity
  8
outside1_B
100
AcDbVertex
100
AcDb2dVertex
 10
-366.6841198045723
 20
2.563919688306953
 30
0.0
  0
VERTEX
  5
263
330
229
100
AcDbEntity
  8
outside1_B
100
AcDbVertex
100
AcDb2dVertex
 10
-367.1250717672004
 20
2.55542723491817
 30
0.0
  0
VERTEX
  5
264
330
229
100
AcDbEntity
  8
outside1_B
100
AcDbVertex
100
AcDb2dVertex
 10
-367.5653531784648
 20
2.546835076468028
 30
0.0
  0
VERTEX
  5
265
330
229
100
AcDbEntity
  8
outside1_B
100
AcDbVertex
100
AcDb2dVertex
 10
-368.0048384859078
 20
2.538342091135277
 30
0.0
  0
VERTEX
  5
266
330
229
100
AcDbEntity
  8
outside1_B
100
AcDbVertex
100
AcDb2dVertex
 10
-368.4431167914398
 20
2.529750043223814
 30
0.0
  0
VERTEX
  5
267
330
229
100
AcDbEntity
  8
outside1_B
100
AcDbVertex
100
AcDb2dVertex
 10
-368.8801860661653
 20
2.521257191801453
 30
0.0
  0
VERTEX
  5
268
330
229
100
AcDbEntity
  8
outside1_B
100
AcDbVertex
100
AcDb2dVertex
 10
-369.315760510815
 20
2.512657619330326
 30
0.0
  0
VERTEX
  5
269
330
229
100
AcDbEntity
  8
outside1_B
100
AcDbVertex
100
AcDb2dVertex
 10
-369.7496738137095
 20
2.504164165938704
 30
0.0
  0
VERTEX
  5
26A
330
229
100
AcDbEntity
  8
outside1_B
100
AcDbVertex
100
AcDb2dVertex
 10
-370.1817264850162
 20
2.495671917441356
 30
0.0
  0
VERTEX
  5
26B
330
229
100
AcDbEntity
  8
outside1_B
100
AcDbVertex
100
AcDb2dVertex
 10
-370.6127061526959
 20
2.487079770166005
 30
0.0
  0
VERTEX
  5
26C
330
229
100
AcDbEntity
  8
outside1_B
100
AcDbVertex
100
AcDb2dVertex
 10
-371.0433133443412
 20
2.478586561747235
 30
0.0
  0
VERTEX
  5
26D
330
229
100
AcDbEntity
  8
outside1_B
100
AcDbVertex
100
AcDb2dVertex
 10
-371.474153884178
 20
2.469995364457944
 30
0.0
  0
VERTEX
  5
26E
330
229
100
AcDbEntity
  8
outside1_B
100
AcDbVertex
100
AcDb2dVertex
 10
-371.9060434953777
 20
2.461296581644547
 30
0.0
  0
VERTEX
  5
26F
330
229
100
AcDbEntity
  8
outside1_B
100
AcDbVertex
100
AcDb2dVertex
 10
-372.3396346436755
 20
2.452605241282683
 30
0.0
  0
VERTEX
  5
270
330
229
100
AcDbEntity
  8
outside1_B
100
AcDbVertex
100
AcDb2dVertex
 10
-372.7756290665752
 20
2.443806976602062
 30
0.0
  0
VERTEX
  5
271
330
229
100
AcDbEntity
  8
outside1_B
100
AcDbVertex
100
AcDb2dVertex
 10
-373.2148039946032
 20
2.435016769123393
 30
0.0
  0
VERTEX
  5
272
330
229
100
AcDbEntity
  8
outside1_B
100
AcDbVertex
100
AcDb2dVertex
 10
-373.6577314228153
 20
2.426021616202931
 30
0.0
  0
VERTEX
  5
273
330
229
100
AcDbEntity
  8
outside1_B
100
AcDbVertex
100
AcDb2dVertex
 10
-375.0198460358659
 20
2.398141051903877
 30
0.0
  0
VERTEX
  5
274
330
229
100
AcDbEntity
  8
outside1_B
100
AcDbVertex
100
AcDb2dVertex
 10
-375.4864865120149
 20
2.388550878098158
 30
0.0
  0
VERTEX
  5
275
330
229
100
AcDbEntity
  8
outside1_B
100
AcDbVertex
100
AcDb2dVertex
 10
-375.9572327666933
 20
2.378762088323484
 30
0.0
  0
VERTEX
  5
276
330
229
100
AcDbEntity
  8
outside1_B
100
AcDbVertex
100
AcDb2dVertex
 10
-376.4297046693038
 20
2.368964986583052
 30
0.0
  0
VERTEX
  5
277
330
229
100
AcDbEntity
  8
outside1_B
100
AcDbVertex
100
AcDb2dVertex
 10
-376.9015539188064
 20
2.359176089194023
 30
0.0
  0
VERTEX
  5
278
330
229
100
AcDbEntity
  8
outside1_B
100
AcDbVertex
100
AcDb2dVertex
 10
-377.3709133402008
 20
2.349379343425525
 30
0.0
  0
VERTEX
  5
279
330
229
100
AcDbEntity
  8
outside1_B
100
AcDbVertex
100
AcDb2dVertex
 10
-377.8365028968199
 20
2.339689091141793
 30
0.0
  0
VERTEX
  5
27A
330
229
100
AcDbEntity
  8
outside1_B
100
AcDbVertex
100
AcDb2dVertex
 10
-378.2967686439684
 20
2.330090691624477
 30
0.0
  0
VERTEX
  5
27B
330
229
100
AcDbEntity
  8
outside1_B
100
AcDbVertex
100
AcDb2dVertex
 10
-378.7504173188506
 20
2.320599336127074
 30
0.0
  0
VERTEX
  5
27C
330
229
100
AcDbEntity
  8
outside1_B
100
AcDbVertex
100
AcDb2dVertex
 10
-379.1962079366146
 20
2.311206244950654
 30
0.0
  0
VERTEX
  5
27D
330
229
100
AcDbEntity
  8
outside1_B
100
AcDbVertex
100
AcDb2dVertex
 10
-379.6326038951689
 20
2.302110850496504
 30
0.0
  0
VERTEX
  5
27E
330
229
100
AcDbEntity
  8
outside1_B
100
AcDbVertex
100
AcDb2dVertex
 10
-380.0582779299244
 20
2.293122568976045
 30
0.0
  0
VERTEX
  5
27F
330
229
100
AcDbEntity
  8
outside1_B
100
AcDbVertex
100
AcDb2dVertex
 10
-380.4722282048862
 20
2.284422674635806
 30
0.0
  0
VERTEX
  5
280
330
229
100
AcDbEntity
  8
outside1_B
100
AcDbVertex
100
AcDb2dVertex
 10
-380.8752550254988
 20
2.276028506244629
 30
0.0
  0
VERTEX
  5
281
330
229
100
AcDbEntity
  8
outside1_B
100
AcDbVertex
100
AcDb2dVertex
 10
-381.2699489206122
 20
2.267741870790772
 30
0.0
  0
VERTEX
  5
282
330
229
100
AcDbEntity
  8
outside1_B
100
AcDbVertex
100
AcDb2dVertex
 10
-381.6586325973146
 20
2.259546778952711
 30
0.0
  0
VERTEX
  5
283
330
229
100
AcDbEntity
  8
outside1_B
100
AcDbVertex
100
AcDb2dVertex
 10
-382.0439702383838
 20
2.251350863394379
 30
0.0
  0
VERTEX
  5
284
330
229
100
AcDbEntity
  8
outside1_B
100
AcDbVertex
100
AcDb2dVertex
 10
-382.4282139455692
 20
2.243253978259432
 30
0.0
  0
VERTEX
  5
285
330
229
100
AcDbEntity
  8
outside1_B
100
AcDbVertex
100
AcDb2dVertex
 10
-382.8139015837162
 20
2.235066349318686
 30
0.0
  0
VERTEX
  5
286
330
229
100
AcDbEntity
  8
outside1_B
100
AcDbVertex
100
AcDb2dVertex
 10
-383.2035405919027
 20
2.226771291186438
 30
0.0
  0
VERTEX
  5
287
330
229
100
AcDbEntity
  8
outside1_B
100
AcDbVertex
100
AcDb2dVertex
 10
-383.5993590357792
 20
2.218377360243267
 30
0.0
  0
VERTEX
  5
288
330
229
100
AcDbEntity
  8
outside1_B
100
AcDbVertex
100
AcDb2dVertex
 10
-384.0021397525496
 20
2.209778036918948
 30
0.0
  0
VERTEX
  5
289
330
229
100
AcDbEntity
  8
outside1_B
100
AcDbVertex
100
AcDb2dVertex
 10
-384.4124309169236
 20
2.200987934861573
 30
0.0
  0
VERTEX
  5
28A
330
229
100
AcDbEntity
  8
outside1_B
100
AcDbVertex
100
AcDb2dVertex
 10
-384.830732396626
 20
2.191991876210835
 30
0.0
  0
VERTEX
  5
28B
330
229
100
AcDbEntity
  8
outside1_B
100
AcDbVertex
100
AcDb2dVertex
 10
-385.2574900198029
 20
2.182798062463931
 30
0.0
  0
VERTEX
  5
28C
330
229
100
AcDbEntity
  8
outside1_B
100
AcDbVertex
100
AcDb2dVertex
 10
-385.6931899799768
 20
2.173306103857925
 30
0.0
  0
VERTEX
  5
28D
330
229
100
AcDbEntity
  8
outside1_B
100
AcDbVertex
100
AcDb2dVertex
 10
-386.1382882322877
 20
2.163714915070543
 30
0.0
  0
VERTEX
  5
28E
330
229
100
AcDbEntity
  8
outside1_B
100
AcDbVertex
100
AcDb2dVertex
 10
-386.5932428604812
 20
2.153819293591312
 30
0.0
  0
SEQEND
  5
28F
330
229
100
AcDbEntity
  8
outside1_B
  0
POLYLINE
  5
290
330
1F
100
AcDbEntity
  8
outside1_B
100
AcDb2dPolyline
 66
     1
 10
0.0
 20
0.0
 30
0.0
  0
VERTEX
  5
291
330
290
100
AcDbEntity
  8
outside1_B
100
AcDbVertex
100
AcDb2dVertex
 10
35.34310193525442
 20
4.117367799828997
 30
0.0
  0
VERTEX
  5
292
330
290
100
AcDbEntity
  8
outside1_B
100
AcDbVertex
100
AcDb2dVertex
 10
34.9551286141795
 20
4.117169558606847
 30
0.0
  0
VERTEX
  5
293
330
290
100
AcDbEntity
  8
outside1_B
100
AcDbVertex
100
AcDb2dVertex
 10
34.54769865311044
 20
4.116872197867238
 30
0.0
  0
VERTEX
  5
294
330
290
100
AcDbEntity
  8
outside1_B
100
AcDbVertex
100
AcDb2dVertex
 10
34.12057837459605
 20
4.116567220908493
 30
0.0
  0
VERTEX
  5
295
330
290
100
AcDbEntity
  8
outside1_B
100
AcDbVertex
100
AcDb2dVertex
 10
33.67464123013855
 20
4.116170723892012
 30
0.0
  0
VERTEX
  5
296
330
290
100
AcDbEntity
  8
outside1_B
100
AcDbVertex
100
AcDb2dVertex
 10
33.21113867709545
 20
4.115667513461361
 30
0.0
  0
VERTEX
  5
297
330
290
100
AcDbEntity
  8
outside1_B
100
AcDbVertex
100
AcDb2dVertex
 10
32.73183934126877
 20
4.115171928439267
 30
0.0
  0
VERTEX
  5
298
330
290
100
AcDbEntity
  8
outside1_B
100
AcDbVertex
100
AcDb2dVertex
 10
32.24143763645878
 20
4.114569563014186
 30
0.0
  0
VERTEX
  5
299
330
290
100
AcDbEntity
  8
outside1_B
100
AcDbVertex
100
AcDb2dVertex
 10
31.74487170886999
 20
4.113868112557569
 30
0.0
  0
VERTEX
  5
29A
330
290
100
AcDbEntity
  8
outside1_B
100
AcDbVertex
100
AcDb2dVertex
 10
31.24702479266756
 20
4.113174329002518
 30
0.0
  0
VERTEX
  5
29B
330
290
100
AcDbEntity
  8
outside1_B
100
AcDbVertex
100
AcDb2dVertex
 10
30.75209735322431
 20
4.112472823496248
 30
0.0
  0
VERTEX
  5
29C
330
290
100
AcDbEntity
  8
outside1_B
100
AcDbVertex
100
AcDb2dVertex
 10
30.26266575155609
 20
4.111573076986048
 30
0.0
  0
VERTEX
  5
29D
330
290
100
AcDbEntity
  8
outside1_B
100
AcDbVertex
100
AcDb2dVertex
 10
29.78160262232421
 20
4.110673409169848
 30
0.0
  0
VERTEX
  5
29E
330
290
100
AcDbEntity
  8
outside1_B
100
AcDbVertex
100
AcDb2dVertex
 10
29.31115631293704
 20
4.109773631801659
 30
0.0
  0
VERTEX
  5
29F
330
290
100
AcDbEntity
  8
outside1_B
100
AcDbVertex
100
AcDb2dVertex
 10
28.8523271113724
 20
4.10867566242807
 30
0.0
  0
VERTEX
  5
2A0
330
290
100
AcDbEntity
  8
outside1_B
100
AcDbVertex
100
AcDb2dVertex
 10
28.40369528789432
 20
4.107676771122144
 30
0.0
  0
VERTEX
  5
2A1
330
290
100
AcDbEntity
  8
outside1_B
100
AcDbVertex
100
AcDb2dVertex
 10
27.10397874831023
 20
4.10397876266444
 30
0.0
  0
VERTEX
  5
2A2
330
290
100
AcDbEntity
  8
outside1_B
100
AcDbVertex
100
AcDb2dVertex
 10
26.68080877091933
 20
4.102674847677164
 30
0.0
  0
VERTEX
  5
2A3
330
290
100
AcDbEntity
  8
outside1_B
100
AcDbVertex
100
AcDb2dVertex
 10
26.26002917631052
 20
4.101279416815416
 30
0.0
  0
VERTEX
  5
2A4
330
290
100
AcDbEntity
  8
outside1_B
100
AcDbVertex
100
AcDb2dVertex
 10
25.84028803612449
 20
4.099777345886864
 30
0.0
  0
VERTEX
  5
2A5
330
290
100
AcDbEntity
  8
outside1_B
100
AcDbVertex
100
AcDb2dVertex
 10
25.42038988650796
 20
4.0982830464758
 30
0.0
  0
VERTEX
  5
2A6
330
290
100
AcDbEntity
  8
outside1_B
100
AcDbVertex
100
AcDb2dVertex
 10
24.99952185794081
 20
4.096780872312024
 30
0.0
  0
VERTEX
  5
2A7
330
290
100
AcDbEntity
  8
outside1_B
100
AcDbVertex
100
AcDb2dVertex
 10
24.57685741683048
 20
4.0950804543007
 30
0.0
  0
VERTEX
  5
2A8
330
290
100
AcDbEntity
  8
outside1_B
100
AcDbVertex
100
AcDb2dVertex
 10
24.15185857323326
 20
4.093380337015788
 30
0.0
  0
VERTEX
  5
2A9
330
290
100
AcDbEntity
  8
outside1_B
100
AcDbVertex
100
AcDb2dVertex
 10
23.72349959586126
 20
4.091687580189671
 30
0.0
  0
VERTEX
  5
2AA
330
290
100
AcDbEntity
  8
outside1_B
100
AcDbVertex
100
AcDb2dVertex
 10
23.29139014476908
 20
4.089789086112631
 30
0.0
  0
VERTEX
  5
2AB
330
290
100
AcDbEntity
  8
outside1_B
100
AcDbVertex
100
AcDb2dVertex
 10
22.85437416370399
 20
4.087989725152184
 30
0.0
  0
VERTEX
  5
2AC
330
290
100
AcDbEntity
  8
outside1_B
100
AcDbVertex
100
AcDb2dVertex
 10
22.41212997089059
 20
4.085984376484774
 30
0.0
  0
VERTEX
  5
2AD
330
290
100
AcDbEntity
  8
outside1_B
100
AcDbVertex
100
AcDb2dVertex
 10
21.96502303560982
 20
4.08398679766681
 30
0.0
  0
VERTEX
  5
2AE
330
290
100
AcDbEntity
  8
outside1_B
100
AcDbVertex
100
AcDb2dVertex
 10
21.51421694427557
 20
4.081890060611755
 30
0.0
  0
VERTEX
  5
2AF
330
290
100
AcDbEntity
  8
outside1_B
100
AcDbVertex
100
AcDb2dVertex
 10
21.06071471208469
 20
4.079793337215122
 30
0.0
  0
VERTEX
  5
2B0
330
290
100
AcDbEntity
  8
outside1_B
100
AcDbVertex
100
AcDb2dVertex
 10
20.60560386737751
 20
4.07758983521947
 30
0.0
  0
VERTEX
  5
2B1
330
290
100
AcDbEntity
  8
outside1_B
100
AcDbVertex
100
AcDb2dVertex
 10
20.15008625796048
 20
4.075393981780181
 30
0.0
  0
VERTEX
  5
2B2
330
290
100
AcDbEntity
  8
outside1_B
100
AcDbVertex
100
AcDb2dVertex
 10
19.69513806676827
 20
4.073098805366456
 30
0.0
  0
VERTEX
  5
2B3
330
290
100
AcDbEntity
  8
outside1_B
100
AcDbVertex
100
AcDb2dVertex
 10
19.24192829122234
 20
4.070697037545173
 30
0.0
  0
VERTEX
  5
2B4
330
290
100
AcDbEntity
  8
outside1_B
100
AcDbVertex
100
AcDb2dVertex
 10
18.79137996616981
 20
4.068295150286275
 30
0.0
  0
VERTEX
  5
2B5
330
290
100
AcDbEntity
  8
outside1_B
100
AcDbVertex
100
AcDb2dVertex
 10
17.45558040614441
 20
4.060700787812465
 30
0.0
  0
VERTEX
  5
2B6
330
290
100
AcDbEntity
  8
outside1_B
100
AcDbVertex
100
AcDb2dVertex
 10
15.70596143727033
 20
4.04960688539596
 30
0.0
  0
VERTEX
  5
2B7
330
290
100
AcDbEntity
  8
outside1_B
100
AcDbVertex
100
AcDb2dVertex
 10
15.27310973143034
 20
4.046709414140693
 30
0.0
  0
VERTEX
  5
2B8
330
290
100
AcDbEntity
  8
outside1_B
100
AcDbVertex
100
AcDb2dVertex
 10
14.84113893614011
 20
4.043811816599529
 30
0.0
  0
VERTEX
  5
2B9
330
290
100
AcDbEntity
  8
outside1_B
100
AcDbVertex
100
AcDb2dVertex
 10
14.40941742718672
 20
4.040716218905445
 30
0.0
  0
VERTEX
  5
2BA
330
290
100
AcDbEntity
  8
outside1_B
100
AcDbVertex
100
AcDb2dVertex
 10
13.97739164374906
 20
4.037719746262553
 30
0.0
  0
VERTEX
  5
2BB
330
290
100
AcDbEntity
  8
outside1_B
100
AcDbVertex
100
AcDb2dVertex
 10
13.54422727210243
 20
4.03451722133488
 30
0.0
  0
VERTEX
  5
2BC
330
290
100
AcDbEntity
  8
outside1_B
100
AcDbVertex
100
AcDb2dVertex
 10
13.10934130498771
 20
4.031322781795225
 30
0.0
  0
VERTEX
  5
2BD
330
290
100
AcDbEntity
  8
outside1_B
100
AcDbVertex
100
AcDb2dVertex
 10
12.67200905170802
 20
4.028120334931486
 30
0.0
  0
VERTEX
  5
2BE
330
290
100
AcDbEntity
  8
outside1_B
100
AcDbVertex
100
AcDb2dVertex
 10
12.23159590701624
 20
4.024727497707829
 30
0.0
  0
VERTEX
  5
2BF
330
290
100
AcDbEntity
  8
outside1_B
100
AcDbVertex
100
AcDb2dVertex
 10
11.78788622894416
 20
4.021426131795991
 30
0.0
  0
VERTEX
  5
2C0
330
290
100
AcDbEntity
  8
outside1_B
100
AcDbVertex
100
AcDb2dVertex
 10
11.34164627394301
 20
4.017926300285069
 30
0.0
  0
VERTEX
  5
2C1
330
290
100
AcDbEntity
  8
outside1_B
100
AcDbVertex
100
AcDb2dVertex
 10
10.89376871879148
 20
4.014434523478826
 30
0.0
  0
VERTEX
  5
2C2
330
290
100
AcDbEntity
  8
outside1_B
100
AcDbVertex
100
AcDb2dVertex
 10
10.44504565171695
 20
4.010934831238657
 30
0.0
  0
VERTEX
  5
2C3
330
290
100
AcDbEntity
  8
outside1_B
100
AcDbVertex
100
AcDb2dVertex
 10
9.996306765253337
 20
4.007335769991244
 30
0.0
  0
VERTEX
  5
2C4
330
290
100
AcDbEntity
  8
outside1_B
100
AcDbVertex
100
AcDb2dVertex
 10
9.548284231850118
 20
4.003637830428602
 30
0.0
  0
VERTEX
  5
2C5
330
290
100
AcDbEntity
  8
outside1_B
100
AcDbVertex
100
AcDb2dVertex
 10
9.102047425364788
 20
3.999939777624704
 30
0.0
  0
VERTEX
  5
2C6
330
290
100
AcDbEntity
  8
outside1_B
100
AcDbVertex
100
AcDb2dVertex
 10
8.658115033906086
 20
3.996142616226152
 30
0.0
  0
VERTEX
  5
2C7
330
290
100
AcDbEntity
  8
outside1_B
100
AcDbVertex
100
AcDb2dVertex
 10
8.216881764054676
 20
3.992345454264679
 30
0.0
  0
VERTEX
  5
2C8
330
290
100
AcDbEntity
  8
outside1_B
100
AcDbVertex
100
AcDb2dVertex
 10
7.777618104814053
 20
3.988448920398909
 30
0.0
  0
VERTEX
  5
2C9
330
290
100
AcDbEntity
  8
outside1_B
100
AcDbVertex
100
AcDb2dVertex
 10
7.339879653303058
 20
3.984453537214932
 30
0.0
  0
VERTEX
  5
2CA
330
290
100
AcDbEntity
  8
outside1_B
100
AcDbVertex
100
AcDb2dVertex
 10
6.903182618475228
 20
3.980450849563752
 30
0.0
  0
VERTEX
  5
2CB
330
290
100
AcDbEntity
  8
outside1_B
100
AcDbVertex
100
AcDb2dVertex
 10
6.466826034231133
 20
3.97645527326118
 30
0.0
  0
VERTEX
  5
2CC
330
290
100
AcDbEntity
  8
outside1_B
100
AcDbVertex
100
AcDb2dVertex
 10
6.030288549652084
 20
3.9722541317863
 30
0.0
  0
VERTEX
  5
2CD
330
290
100
AcDbEntity
  8
outside1_B
100
AcDbVertex
100
AcDb2dVertex
 10
5.593175125879895
 20
3.968159767429668
 30
0.0
  0
VERTEX
  5
2CE
330
290
100
AcDbEntity
  8
outside1_B
100
AcDbVertex
100
AcDb2dVertex
 10
5.154721280284946
 20
3.963859256683691
 30
0.0
  0
VERTEX
  5
2CF
330
290
100
AcDbEntity
  8
outside1_B
100
AcDbVertex
100
AcDb2dVertex
 10
4.715138339465
 20
3.959566960806583
 30
0.0
  0
VERTEX
  5
2D0
330
290
100
AcDbEntity
  8
outside1_B
100
AcDbVertex
100
AcDb2dVertex
 10
4.274424977353817
 20
3.955266723170496
 30
0.0
  0
VERTEX
  5
2D1
330
290
100
AcDbEntity
  8
outside1_B
100
AcDbVertex
100
AcDb2dVertex
 10
3.832966901767065
 20
3.95086708745103
 30
0.0
  0
VERTEX
  5
2D2
330
290
100
AcDbEntity
  8
outside1_B
100
AcDbVertex
100
AcDb2dVertex
 10
3.390851142579038
 20
3.946376241692377
 30
0.0
  0
VERTEX
  5
2D3
330
290
100
AcDbEntity
  8
outside1_B
100
AcDbVertex
100
AcDb2dVertex
 10
2.948468912861642
 20
3.941878007950365
 30
0.0
  0
VERTEX
  5
2D4
330
290
100
AcDbEntity
  8
outside1_B
100
AcDbVertex
100
AcDb2dVertex
 10
2.505907163867903
 20
3.937379189345194
 30
0.0
  0
VERTEX
  5
2D5
330
290
100
AcDbEntity
  8
outside1_B
100
AcDbVertex
100
AcDb2dVertex
 10
2.063359898176429
 20
3.932682109575637
 30
0.0
  0
VERTEX
  5
2D6
330
290
100
AcDbEntity
  8
outside1_B
100
AcDbVertex
100
AcDb2dVertex
 10
0.7378150033682118
 20
3.918592085994774
 30
0.0
  0
VERTEX
  5
2D7
330
290
100
AcDbEntity
  8
outside1_B
100
AcDbVertex
100
AcDb2dVertex
 10
-0.1446454242828281
 20
3.908794256023711
 30
0.0
  0
VERTEX
  5
2D8
330
290
100
AcDbEntity
  8
outside1_B
100
AcDbVertex
100
AcDb2dVertex
 10
-1.02609842158455
 20
3.898905110672246
 30
0.0
  0
VERTEX
  5
2D9
330
290
100
AcDbEntity
  8
outside1_B
100
AcDbVertex
100
AcDb2dVertex
 10
-1.906972337262062
 20
3.888710799117803
 30
0.0
  0
VERTEX
  5
2DA
330
290
100
AcDbEntity
  8
outside1_B
100
AcDbVertex
100
AcDb2dVertex
 10
-2.787403179210344
 20
3.878318613538596
 30
0.0
  0
VERTEX
  5
2DB
330
290
100
AcDbEntity
  8
outside1_B
100
AcDbVertex
100
AcDb2dVertex
 10
-3.667648066310733
 20
3.867819538547792
 30
0.0
  0
VERTEX
  5
2DC
330
290
100
AcDbEntity
  8
outside1_B
100
AcDbVertex
100
AcDb2dVertex
 10
-4.107783922315377
 20
3.862428781666864
 30
0.0
  0
VERTEX
  5
2DD
330
290
100
AcDbEntity
  8
outside1_B
100
AcDbVertex
100
AcDb2dVertex
 10
-4.547911296774203
 20
3.857030504022333
 30
0.0
  0
VERTEX
  5
2DE
330
290
100
AcDbEntity
  8
outside1_B
100
AcDbVertex
100
AcDb2dVertex
 10
-5.428272936010501
 20
3.84603570500812
 30
0.0
  0
VERTEX
  5
2DF
330
290
100
AcDbEntity
  8
outside1_B
100
AcDbVertex
100
AcDb2dVertex
 10
-6.749423373444699
 20
3.829147340670772
 30
0.0
  0
VERTEX
  5
2E0
330
290
100
AcDbEntity
  8
outside1_B
100
AcDbVertex
100
AcDb2dVertex
 10
-8.071102603670454
 20
3.811854740441447
 30
0.0
  0
VERTEX
  5
2E1
330
290
100
AcDbEntity
  8
outside1_B
100
AcDbVertex
100
AcDb2dVertex
 10
-9.393269222695665
 20
3.794066548880593
 30
0.0
  0
VERTEX
  5
2E2
330
290
100
AcDbEntity
  8
outside1_B
100
AcDbVertex
100
AcDb2dVertex
 10
-10.7157416593414
 20
3.775881866662289
 30
0.0
  0
VERTEX
  5
2E3
330
290
100
AcDbEntity
  8
outside1_B
100
AcDbVertex
100
AcDb2dVertex
 10
-12.03861160813614
 20
3.757193945944735
 30
0.0
  0
VERTEX
  5
2E4
330
290
100
AcDbEntity
  8
outside1_B
100
AcDbVertex
100
AcDb2dVertex
 10
-13.36156226873578
 20
3.738102076482434
 30
0.0
  0
VERTEX
  5
2E5
330
290
100
AcDbEntity
  8
outside1_B
100
AcDbVertex
100
AcDb2dVertex
 10
-14.68472576633354
 20
3.718613740076648
 30
0.0
  0
VERTEX
  5
2E6
330
290
100
AcDbEntity
  8
outside1_B
100
AcDbVertex
100
AcDb2dVertex
 10
-16.00788531675295
 20
3.698728757493626
 30
0.0
  0
VERTEX
  5
2E7
330
290
100
AcDbEntity
  8
outside1_B
100
AcDbVertex
100
AcDb2dVertex
 10
-17.33105004084592
 20
3.678340705907686
 30
0.0
  0
VERTEX
  5
2E8
330
290
100
AcDbEntity
  8
outside1_B
100
AcDbVertex
100
AcDb2dVertex
 10
-18.65410277630741
 20
3.65765537880219
 30
0.0
  0
VERTEX
  5
2E9
330
290
100
AcDbEntity
  8
outside1_B
100
AcDbVertex
100
AcDb2dVertex
 10
-19.53605702665692
 20
3.643565093731951
 30
0.0
  0
VERTEX
  5
2EA
330
290
100
AcDbEntity
  8
outside1_B
100
AcDbVertex
100
AcDb2dVertex
 10
-20.41789004317326
 20
3.629375921830842
 30
0.0
  0
VERTEX
  5
2EB
330
290
100
AcDbEntity
  8
outside1_B
100
AcDbVertex
100
AcDb2dVertex
 10
-21.2996148415246
 20
3.614980912843905
 30
0.0
  0
VERTEX
  5
2EC
330
290
100
AcDbEntity
  8
outside1_B
100
AcDbVertex
100
AcDb2dVertex
 10
-22.18137027593508
 20
3.600494157354049
 30
0.0
  0
VERTEX
  5
2ED
330
290
100
AcDbEntity
  8
outside1_B
100
AcDbVertex
100
AcDb2dVertex
 10
-23.0630051443257
 20
3.585702393584441
 30
0.0
  0
VERTEX
  5
2EE
330
290
100
AcDbEntity
  8
outside1_B
100
AcDbVertex
100
AcDb2dVertex
 10
-23.94453192401835
 20
3.570812047617139
 30
0.0
  0
VERTEX
  5
2EF
330
290
100
AcDbEntity
  8
outside1_B
100
AcDbVertex
100
AcDb2dVertex
 10
-24.82595300508757
 20
3.555822308115211
 30
0.0
  0
VERTEX
  5
2F0
330
290
100
AcDbEntity
  8
outside1_B
100
AcDbVertex
100
AcDb2dVertex
 10
-25.70740346552913
 20
3.5406264638886
 30
0.0
  0
VERTEX
  5
2F1
330
290
100
AcDbEntity
  8
outside1_B
100
AcDbVertex
100
AcDb2dVertex
 10
-26.5887321369583
 20
3.525240267102106
 30
0.0
  0
VERTEX
  5
2F2
330
290
100
AcDbEntity
  8
outside1_B
100
AcDbVertex
100
AcDb2dVertex
 10
-27.46997021764133
 20
3.509747311746978
 30
0.0
  0
VERTEX
  5
2F3
330
290
100
AcDbEntity
  8
outside1_B
100
AcDbVertex
100
AcDb2dVertex
 10
-28.35120573193791
 20
3.494056165455035
 30
0.0
  0
VERTEX
  5
2F4
330
290
100
AcDbEntity
  8
outside1_B
100
AcDbVertex
100
AcDb2dVertex
 10
-29.23242887364933
 20
3.478273474083466
 30
0.0
  0
VERTEX
  5
2F5
330
290
100
AcDbEntity
  8
outside1_B
100
AcDbVertex
100
AcDb2dVertex
 10
-30.11346873915687
 20
3.462277302269115
 30
0.0
  0
VERTEX
  5
2F6
330
290
100
AcDbEntity
  8
outside1_B
100
AcDbVertex
100
AcDb2dVertex
 10
-30.99458217778812
 20
3.446189963817403
 30
0.0
  0
VERTEX
  5
2F7
330
290
100
AcDbEntity
  8
outside1_B
100
AcDbVertex
100
AcDb2dVertex
 10
-31.87560711192083
 20
3.430003174015724
 30
0.0
  0
VERTEX
  5
2F8
330
290
100
AcDbEntity
  8
outside1_B
100
AcDbVertex
100
AcDb2dVertex
 10
-32.75654025651335
 20
3.413610528517424
 30
0.0
  0
VERTEX
  5
2F9
330
290
100
AcDbEntity
  8
outside1_B
100
AcDbVertex
100
AcDb2dVertex
 10
-33.63747077871614
 20
3.397118813790698
 30
0.0
  0
VERTEX
  5
2FA
330
290
100
AcDbEntity
  8
outside1_B
100
AcDbVertex
100
AcDb2dVertex
 10
-34.51840275135129
 20
3.380436460007374
 30
0.0
  0
VERTEX
  5
2FB
330
290
100
AcDbEntity
  8
outside1_B
100
AcDbVertex
100
AcDb2dVertex
 10
-35.39921371564157
 20
3.3636479261163
 30
0.0
  0
VERTEX
  5
2FC
330
290
100
AcDbEntity
  8
outside1_B
100
AcDbVertex
100
AcDb2dVertex
 10
-35.83964395326308
 20
3.355253187323612
 30
0.0
  0
VERTEX
  5
2FD
330
290
100
AcDbEntity
  8
outside1_B
100
AcDbVertex
100
AcDb2dVertex
 10
-36.28005894256131
 20
3.346751703422996
 30
0.0
  0
VERTEX
  5
2FE
330
290
100
AcDbEntity
  8
outside1_B
100
AcDbVertex
100
AcDb2dVertex
 10
-36.72045111843119
 20
3.338258578269418
 30
0.0
  0
VERTEX
  5
2FF
330
290
100
AcDbEntity
  8
outside1_B
100
AcDbVertex
100
AcDb2dVertex
 10
-37.16077280345559
 20
3.32976475390673
 30
0.0
  0
VERTEX
  5
300
330
290
100
AcDbEntity
  8
outside1_B
100
AcDbVertex
100
AcDb2dVertex
 10
-37.6011999498017
 20
3.321171834546362
 30
0.0
  0
VERTEX
  5
301
330
290
100
AcDbEntity
  8
outside1_B
100
AcDbVertex
100
AcDb2dVertex
 10
-38.04159703151873
 20
3.312579501759586
 30
0.0
  0
VERTEX
  5
302
330
290
100
AcDbEntity
  8
outside1_B
100
AcDbVertex
100
AcDb2dVertex
 10
-38.48192117859782
 20
3.303986509316616
 30
0.0
  0
VERTEX
  5
303
330
290
100
AcDbEntity
  8
outside1_B
100
AcDbVertex
100
AcDb2dVertex
 10
-38.92230236690494
 20
3.295287452222709
 30
0.0
  0
VERTEX
  5
304
330
290
100
AcDbEntity
  8
outside1_B
100
AcDbVertex
100
AcDb2dVertex
 10
-39.36272835562619
 20
3.286694555448094
 30
0.0
  0
VERTEX
  5
305
330
290
100
AcDbEntity
  8
outside1_B
100
AcDbVertex
100
AcDb2dVertex
 10
-39.8030523237415
 20
3.2779033254007
 30
0.0
  0
VERTEX
  5
306
330
290
100
AcDbEntity
  8
outside1_B
100
AcDbVertex
100
AcDb2dVertex
 10
-40.24335735075289
 20
3.26920426673918
 30
0.0
  0
VERTEX
  5
307
330
290
100
AcDbEntity
  8
outside1_B
100
AcDbVertex
100
AcDb2dVertex
 10
-40.6837670586213
 20
3.26041315159128
 30
0.0
  0
VERTEX
  5
308
330
290
100
AcDbEntity
  8
outside1_B
100
AcDbVertex
100
AcDb2dVertex
 10
-41.12406325939929
 20
3.251614851815205
 30
0.0
  0
VERTEX
  5
309
330
290
100
AcDbEntity
  8
outside1_B
100
AcDbVertex
100
AcDb2dVertex
 10
-41.56439710444562
 20
3.242823729069954
 30
0.0
  0
VERTEX
  5
30A
330
290
100
AcDbEntity
  8
outside1_B
100
AcDbVertex
100
AcDb2dVertex
 10
-42.00468697757157
 20
3.233926442802641
 30
0.0
  0
VERTEX
  5
30B
330
290
100
AcDbEntity
  8
outside1_B
100
AcDbVertex
100
AcDb2dVertex
 10
-42.44506871567665
 20
3.225135885965358
 30
0.0
  0
VERTEX
  5
30C
330
290
100
AcDbEntity
  8
outside1_B
100
AcDbVertex
100
AcDb2dVertex
 10
-42.88543629128918
 20
3.216237337677157
 30
0.0
  0
VERTEX
  5
30D
330
290
100
AcDbEntity
  8
outside1_B
100
AcDbVertex
100
AcDb2dVertex
 10
-43.32572673142414
 20
3.20724855102921
 30
0.0
  0
VERTEX
  5
30E
330
290
100
AcDbEntity
  8
outside1_B
100
AcDbVertex
100
AcDb2dVertex
 10
-43.76601707608808
 20
3.198351255233149
 30
0.0
  0
VERTEX
  5
30F
330
290
100
AcDbEntity
  8
outside1_B
100
AcDbVertex
100
AcDb2dVertex
 10
-44.20633576677488
 20
3.18936189183367
 30
0.0
  0
VERTEX
  5
310
330
290
100
AcDbEntity
  8
outside1_B
100
AcDbVertex
100
AcDb2dVertex
 10
-44.64676760514163
 20
3.180364773073379
 30
0.0
  0
VERTEX
  5
311
330
290
100
AcDbEntity
  8
outside1_B
100
AcDbVertex
100
AcDb2dVertex
 10
-45.08705626318721
 20
3.171269286163465
 30
0.0
  0
VERTEX
  5
312
330
290
100
AcDbEntity
  8
outside1_B
100
AcDbVertex
100
AcDb2dVertex
 10
-45.52734660785114
 20
3.162280501464608
 30
0.0
  0
VERTEX
  5
313
330
290
100
AcDbEntity
  8
outside1_B
100
AcDbVertex
100
AcDb2dVertex
 10
-45.96767002245457
 20
3.153184296553405
 30
0.0
  0
VERTEX
  5
314
330
290
100
AcDbEntity
  8
outside1_B
100
AcDbVertex
100
AcDb2dVertex
 10
-46.40796036711851
 20
3.144088774801304
 30
0.0
  0
VERTEX
  5
315
330
290
100
AcDbEntity
  8
outside1_B
100
AcDbVertex
100
AcDb2dVertex
 10
-46.8482965697911
 20
3.134992620732461
 30
0.0
  0
VERTEX
  5
316
330
290
100
AcDbEntity
  8
outside1_B
100
AcDbVertex
100
AcDb2dVertex
 10
-47.28861771939461
 20
3.125797342699173
 30
0.0
  0
VERTEX
  5
317
330
290
100
AcDbEntity
  8
outside1_B
100
AcDbVertex
100
AcDb2dVertex
 10
-47.72890333987408
 20
3.11661043065908
 30
0.0
  0
VERTEX
  5
318
330
290
100
AcDbEntity
  8
outside1_B
100
AcDbVertex
100
AcDb2dVertex
 10
-48.16930376493116
 20
3.107415726146996
 30
0.0
  0
VERTEX
  5
319
330
290
100
AcDbEntity
  8
outside1_B
100
AcDbVertex
100
AcDb2dVertex
 10
-48.60962619750245
 20
3.098220421324854
 30
0.0
  0
VERTEX
  5
31A
330
290
100
AcDbEntity
  8
outside1_B
100
AcDbVertex
100
AcDb2dVertex
 10
-49.04991654216639
 20
3.088926673616712
 30
0.0
  0
VERTEX
  5
31B
330
290
100
AcDbEntity
  8
outside1_B
100
AcDbVertex
100
AcDb2dVertex
 10
-49.49020688683032
 20
3.079732038886576
 30
0.0
  0
VERTEX
  5
31C
330
290
100
AcDbEntity
  8
outside1_B
100
AcDbVertex
100
AcDb2dVertex
 10
-49.9305279383637
 20
3.070437643010919
 30
0.0
  0
VERTEX
  5
31D
330
290
100
AcDbEntity
  8
outside1_B
100
AcDbVertex
100
AcDb2dVertex
 10
-50.3708488888322
 20
3.061143249268568
 30
0.0
  0
VERTEX
  5
31E
330
290
100
AcDbEntity
  8
outside1_B
100
AcDbVertex
100
AcDb2dVertex
 10
-50.81115388349809
 20
3.05175040134246
 30
0.0
  0
VERTEX
  5
31F
330
290
100
AcDbEntity
  8
outside1_B
100
AcDbVertex
100
AcDb2dVertex
 10
-51.25153581785486
 20
3.042456651507266
 30
0.0
  0
VERTEX
  5
320
330
290
100
AcDbEntity
  8
outside1_B
100
AcDbVertex
100
AcDb2dVertex
 10
-51.69185746712975
 20
3.033063122989404
 30
0.0
  0
VERTEX
  5
321
330
290
100
AcDbEntity
  8
outside1_B
100
AcDbVertex
100
AcDb2dVertex
 10
-52.13216285839172
 20
3.023670266602949
 30
0.0
  0
VERTEX
  5
322
330
290
100
AcDbEntity
  8
outside1_B
100
AcDbVertex
100
AcDb2dVertex
 10
-52.5724534046081
 20
3.014277401617065
 30
0.0
  0
VERTEX
  5
323
330
290
100
AcDbEntity
  8
outside1_B
100
AcDbVertex
100
AcDb2dVertex
 10
-53.01277445544048
 20
3.004883885865979
 30
0.0
  0
VERTEX
  5
324
330
290
100
AcDbEntity
  8
outside1_B
100
AcDbVertex
100
AcDb2dVertex
 10
-53.45306645624993
 20
2.995391876497891
 30
0.0
  0
VERTEX
  5
325
330
290
100
AcDbEntity
  8
outside1_B
100
AcDbVertex
100
AcDb2dVertex
 10
-53.89346353796697
 20
2.985991391736491
 30
0.0
  0
VERTEX
  5
326
330
290
100
AcDbEntity
  8
outside1_B
100
AcDbVertex
100
AcDb2dVertex
 10
-54.33378293248967
 20
2.976498791802626
 30
0.0
  0
VERTEX
  5
327
330
290
100
AcDbEntity
  8
outside1_B
100
AcDbVertex
100
AcDb2dVertex
 10
-54.7740732771536
 20
2.967006818138429
 30
0.0
  0
VERTEX
  5
328
330
290
100
AcDbEntity
  8
outside1_B
100
AcDbVertex
100
AcDb2dVertex
 10
-55.21436362181754
 20
2.957514844474247
 30
0.0
  0
VERTEX
  5
329
330
290
100
AcDbEntity
  8
outside1_B
100
AcDbVertex
100
AcDb2dVertex
 10
-55.65470218047636
 20
2.948022160142528
 30
0.0
  0
VERTEX
  5
32A
330
290
100
AcDbEntity
  8
outside1_B
100
AcDbVertex
100
AcDb2dVertex
 10
-56.09499201604746
 20
2.938423460523751
 30
0.0
  0
VERTEX
  5
32B
330
290
100
AcDbEntity
  8
outside1_B
100
AcDbVertex
100
AcDb2dVertex
 10
-56.53537138476264
 20
2.928931539986891
 30
0.0
  0
VERTEX
  5
32C
330
290
100
AcDbEntity
  8
outside1_B
100
AcDbVertex
100
AcDb2dVertex
 10
-56.97570819115623
 20
2.919339773425676
 30
0.0
  0
VERTEX
  5
32D
330
290
100
AcDbEntity
  8
outside1_B
100
AcDbVertex
100
AcDb2dVertex
 10
-57.41599874161994
 20
2.909748682300489
 30
0.0
  0
VERTEX
  5
32E
330
290
100
AcDbEntity
  8
outside1_B
100
AcDbVertex
100
AcDb2dVertex
 10
-57.85629381019118
 20
2.900149868638692
 30
0.0
  0
VERTEX
  5
32F
330
290
100
AcDbEntity
  8
outside1_B
100
AcDbVertex
100
AcDb2dVertex
 10
-58.29661013620449
 20
2.890558216071383
 30
0.0
  0
VERTEX
  5
330
330
290
100
AcDbEntity
  8
outside1_B
100
AcDbVertex
100
AcDb2dVertex
 10
-58.73690212212824
 20
2.880867980329228
 30
0.0
  0
VERTEX
  5
331
330
290
100
AcDbEntity
  8
outside1_B
100
AcDbVertex
100
AcDb2dVertex
 10
-59.17729920384551
 20
2.871269269611787
 30
0.0
  0
VERTEX
  5
332
330
290
100
AcDbEntity
  8
outside1_B
100
AcDbVertex
100
AcDb2dVertex
 10
-59.61758790724963
 20
2.861579106113481
 30
0.0
  0
VERTEX
  5
333
330
290
100
AcDbEntity
  8
outside1_B
100
AcDbVertex
100
AcDb2dVertex
 10
-60.05788061382356
 20
2.851987968020509
 30
0.0
  0
VERTEX
  5
334
330
290
100
AcDbEntity
  8
outside1_B
100
AcDbVertex
100
AcDb2dVertex
 10
-60.49820402553433
 20
2.842289415991132
 30
0.0
  0
VERTEX
  5
335
330
290
100
AcDbEntity
  8
outside1_B
100
AcDbVertex
100
AcDb2dVertex
 10
-60.93850468658781
 20
2.832599324953179
 30
0.0
  0
VERTEX
  5
336
330
290
100
AcDbEntity
  8
outside1_B
100
AcDbVertex
100
AcDb2dVertex
 10
-61.37879523917519
 20
2.822909120756918
 30
0.0
  0
VERTEX
  5
337
330
290
100
AcDbEntity
  8
outside1_B
100
AcDbVertex
100
AcDb2dVertex
 10
-61.81909030767662
 20
2.813211193055238
 30
0.0
  0
VERTEX
  5
338
330
290
100
AcDbEntity
  8
outside1_B
100
AcDbVertex
100
AcDb2dVertex
 10
-62.25951500468142
 20
2.803520385876865
 30
0.0
  0
VERTEX
  5
339
330
290
100
AcDbEntity
  8
outside1_B
100
AcDbVertex
100
AcDb2dVertex
 10
-62.69980607690701
 20
2.793723433014364
 30
0.0
  0
VERTEX
  5
33A
330
290
100
AcDbEntity
  8
outside1_B
100
AcDbVertex
100
AcDb2dVertex
 10
-63.14009642157095
 20
2.78403323339414
 30
0.0
  0
VERTEX
  5
33B
330
290
100
AcDbEntity
  8
outside1_B
100
AcDbVertex
100
AcDb2dVertex
 10
-63.5803867662317
 20
2.774236296720744
 30
0.0
  0
VERTEX
  5
33C
330
290
100
AcDbEntity
  8
outside1_B
100
AcDbVertex
100
AcDb2dVertex
 10
-64.02067711089563
 20
2.764546097100506
 30
0.0
  0
VERTEX
  5
33D
330
290
100
AcDbEntity
  8
outside1_B
100
AcDbVertex
100
AcDb2dVertex
 10
-64.46100052210664
 20
2.754748424660576
 30
0.0
  0
VERTEX
  5
33E
330
290
100
AcDbEntity
  8
outside1_B
100
AcDbVertex
100
AcDb2dVertex
 10
-64.90127058145919
 20
2.744959902122275
 30
0.0
  0
VERTEX
  5
33F
330
290
100
AcDbEntity
  8
outside1_B
100
AcDbVertex
100
AcDb2dVertex
 10
-65.34156339303792
 20
2.735269648208572
 30
0.0
  0
VERTEX
  5
340
330
290
100
AcDbEntity
  8
outside1_B
100
AcDbVertex
100
AcDb2dVertex
 10
-65.78188680424915
 20
2.725471975768627
 30
0.0
  0
VERTEX
  5
341
330
290
100
AcDbEntity
  8
outside1_B
100
AcDbVertex
100
AcDb2dVertex
 10
-66.22217242514608
 20
2.715682768238423
 30
0.0
  0
VERTEX
  5
342
330
290
100
AcDbEntity
  8
outside1_B
100
AcDbVertex
100
AcDb2dVertex
 10
-66.66246749357703
 20
2.705885726496916
 30
0.0
  0
VERTEX
  5
343
330
290
100
AcDbEntity
  8
outside1_B
100
AcDbVertex
100
AcDb2dVertex
 10
-67.10286310412658
 20
2.696088822554543
 30
0.0
  0
VERTEX
  5
344
330
290
100
AcDbEntity
  8
outside1_B
100
AcDbVertex
100
AcDb2dVertex
 10
-67.54318326242498
 20
2.686298847106315
 30
0.0
  0
VERTEX
  5
345
330
290
100
AcDbEntity
  8
outside1_B
100
AcDbVertex
100
AcDb2dVertex
 10
-67.98347360708891
 20
2.676402797454827
 30
0.0
  0
VERTEX
  5
346
330
290
100
AcDbEntity
  8
outside1_B
100
AcDbVertex
100
AcDb2dVertex
 10
-68.42373088551932
 20
2.666614220043499
 30
0.0
  0
VERTEX
  5
347
330
290
100
AcDbEntity
  8
outside1_B
100
AcDbVertex
100
AcDb2dVertex
 10
-68.86404099189014
 20
2.656817182979324
 30
0.0
  0
VERTEX
  5
348
330
290
100
AcDbEntity
  8
outside1_B
100
AcDbVertex
100
AcDb2dVertex
 10
-69.30435988923279
 20
2.647027235584829
 30
0.0
  0
VERTEX
  5
349
330
290
100
AcDbEntity
  8
outside1_B
100
AcDbVertex
100
AcDb2dVertex
 10
-69.74465023389672
 20
2.637131185933342
 30
0.0
  0
VERTEX
  5
34A
330
290
100
AcDbEntity
  8
outside1_B
100
AcDbVertex
100
AcDb2dVertex
 10
-70.18494057856066
 20
2.627341873335098
 30
0.0
  0
VERTEX
  5
34B
330
290
100
AcDbEntity
  8
outside1_B
100
AcDbVertex
100
AcDb2dVertex
 10
-70.62523092322459
 20
2.617445823683596
 30
0.0
  0
VERTEX
  5
34C
330
290
100
AcDbEntity
  8
outside1_B
100
AcDbVertex
100
AcDb2dVertex
 10
-71.06552116170047
 20
2.607656513446329
 30
0.0
  0
VERTEX
  5
34D
330
290
100
AcDbEntity
  8
outside1_B
100
AcDbVertex
100
AcDb2dVertex
 10
-71.50582911638213
 20
2.597760410710876
 30
0.0
  0
VERTEX
  5
34E
330
290
100
AcDbEntity
  8
outside1_B
100
AcDbVertex
100
AcDb2dVertex
 10
-71.94611720536415
 20
2.587963524228769
 30
0.0
  0
VERTEX
  5
34F
330
290
100
AcDbEntity
  8
outside1_B
100
AcDbVertex
100
AcDb2dVertex
 10
-72.38640755002808
 20
2.578075098652519
 30
0.0
  0
VERTEX
  5
350
330
290
100
AcDbEntity
  8
outside1_B
100
AcDbVertex
100
AcDb2dVertex
 10
-72.82669789469202
 20
2.568278161979038
 30
0.0
  0
VERTEX
  5
351
330
290
100
AcDbEntity
  8
outside1_B
100
AcDbVertex
100
AcDb2dVertex
 10
-73.26698823935595
 20
2.558389736402773
 30
0.0
  0
VERTEX
  5
352
330
290
100
AcDbEntity
  8
outside1_B
100
AcDbVertex
100
AcDb2dVertex
 10
-73.7072502415545
 20
2.548593430379839
 30
0.0
  0
VERTEX
  5
353
330
290
100
AcDbEntity
  8
outside1_B
100
AcDbVertex
100
AcDb2dVertex
 10
-74.14758407180403
 20
2.538803490023412
 30
0.0
  0
VERTEX
  5
354
330
290
100
AcDbEntity
  8
outside1_B
100
AcDbVertex
100
AcDb2dVertex
 10
-74.58787452150119
 20
2.528907438011174
 30
0.0
  0
VERTEX
  5
355
330
290
100
AcDbEntity
  8
outside1_B
100
AcDbVertex
100
AcDb2dVertex
 10
-75.02816486616513
 20
2.51911812541293
 30
0.0
  0
VERTEX
  5
356
330
290
100
AcDbEntity
  8
outside1_B
100
AcDbVertex
100
AcDb2dVertex
 10
-75.46845584110912
 20
2.509222061595139
 30
0.0
  0
VERTEX
  5
357
330
290
100
AcDbEntity
  8
outside1_B
100
AcDbVertex
100
AcDb2dVertex
 10
-75.90865469687043
 20
2.499432748996895
 30
0.0
  0
VERTEX
  5
358
330
290
100
AcDbEntity
  8
outside1_B
100
AcDbVertex
100
AcDb2dVertex
 10
-76.34894677312315
 20
2.489536660425884
 30
0.0
  0
VERTEX
  5
359
330
290
100
AcDbEntity
  8
outside1_B
100
AcDbVertex
100
AcDb2dVertex
 10
-76.78923475591529
 20
2.479739776306616
 30
0.0
  0
VERTEX
  5
35A
330
290
100
AcDbEntity
  8
outside1_B
100
AcDbVertex
100
AcDb2dVertex
 10
-77.22952510057922
 20
2.469851350730352
 30
0.0
  0
VERTEX
  5
35B
330
290
100
AcDbEntity
  8
outside1_B
100
AcDbVertex
100
AcDb2dVertex
 10
-77.66978710277778
 20
2.460055044707403
 30
0.0
  0
VERTEX
  5
35C
330
290
100
AcDbEntity
  8
outside1_B
100
AcDbVertex
100
AcDb2dVertex
 10
-78.1100727236747
 20
2.450265837177199
 30
0.0
  0
VERTEX
  5
35D
330
290
100
AcDbEntity
  8
outside1_B
100
AcDbVertex
100
AcDb2dVertex
 10
-78.5504112775921
 20
2.44046816714625
 30
0.0
  0
VERTEX
  5
35E
330
290
100
AcDbEntity
  8
outside1_B
100
AcDbVertex
100
AcDb2dVertex
 10
-78.99070246328807
 20
2.430579722681358
 30
0.0
  0
VERTEX
  5
35F
330
290
100
AcDbEntity
  8
outside1_B
100
AcDbVertex
100
AcDb2dVertex
 10
-79.43085846441141
 20
2.420783400431048
 30
0.0
  0
VERTEX
  5
360
330
290
100
AcDbEntity
  8
outside1_B
100
AcDbVertex
100
AcDb2dVertex
 10
-79.87114261342782
 20
2.410994225655742
 30
0.0
  0
VERTEX
  5
361
330
290
100
AcDbEntity
  8
outside1_B
100
AcDbVertex
100
AcDb2dVertex
 10
-80.31145271979864
 20
2.401197188591567
 30
0.0
  0
VERTEX
  5
362
330
290
100
AcDbEntity
  8
outside1_B
100
AcDbVertex
100
AcDb2dVertex
 10
-80.75173855090617
 20
2.391407976384016
 30
0.0
  0
VERTEX
  5
363
330
290
100
AcDbEntity
  8
outside1_B
100
AcDbVertex
100
AcDb2dVertex
 10
-81.19203361933711
 20
2.381610934642509
 30
0.0
  0
VERTEX
  5
364
330
290
100
AcDbEntity
  8
outside1_B
100
AcDbVertex
100
AcDb2dVertex
 10
-81.63231924023404
 20
2.371821727112291
 30
0.0
  0
VERTEX
  5
365
330
290
100
AcDbEntity
  8
outside1_B
100
AcDbVertex
100
AcDb2dVertex
 10
-82.07249038401739
 20
2.362025407254137
 30
0.0
  0
VERTEX
  5
366
330
290
100
AcDbEntity
  8
outside1_B
100
AcDbVertex
100
AcDb2dVertex
 10
-82.51278009788058
 20
2.352335221516995
 30
0.0
  0
VERTEX
  5
367
330
290
100
AcDbEntity
  8
outside1_B
100
AcDbVertex
100
AcDb2dVertex
 10
-82.95310350909
 20
2.342537549077093
 30
0.0
  0
VERTEX
  5
368
330
290
100
AcDbEntity
  8
outside1_B
100
AcDbVertex
100
AcDb2dVertex
 10
-83.39336078723551
 20
2.332748971712988
 30
0.0
  0
VERTEX
  5
369
330
290
100
AcDbEntity
  8
outside1_B
100
AcDbVertex
100
AcDb2dVertex
 10
-83.83362278902479
 20
2.323051772296964
 30
0.0
  0
VERTEX
  5
36A
330
290
100
AcDbEntity
  8
outside1_B
100
AcDbVertex
100
AcDb2dVertex
 10
-84.27395735670672
 20
2.313360935045452
 30
0.0
  0
VERTEX
  5
36B
330
290
100
AcDbEntity
  8
outside1_B
100
AcDbVertex
100
AcDb2dVertex
 10
-84.71414106827075
 20
2.303563996058344
 30
0.0
  0
VERTEX
  5
36C
330
290
100
AcDbEntity
  8
outside1_B
100
AcDbVertex
100
AcDb2dVertex
 10
-85.15439761027648
 20
2.293874540389254
 30
0.0
  0
VERTEX
  5
36D
330
290
100
AcDbEntity
  8
outside1_B
100
AcDbVertex
100
AcDb2dVertex
 10
-85.59468795494041
 20
2.284184340769045
 30
0.0
  0
VERTEX
  5
36E
330
290
100
AcDbEntity
  8
outside1_B
100
AcDbVertex
100
AcDb2dVertex
 10
-86.03499806350538
 20
2.274486417650607
 30
0.0
  0
VERTEX
  5
36F
330
290
100
AcDbEntity
  8
outside1_B
100
AcDbVertex
100
AcDb2dVertex
 10
-86.47528389241899
 20
2.26479631745336
 30
0.0
  0
VERTEX
  5
370
330
290
100
AcDbEntity
  8
outside1_B
100
AcDbVertex
100
AcDb2dVertex
 10
-86.91554651141593
 20
2.255099104483619
 30
0.0
  0
VERTEX
  5
371
330
290
100
AcDbEntity
  8
outside1_B
100
AcDbVertex
100
AcDb2dVertex
 10
-87.35574300526588
 20
2.245508069302915
 30
0.0
  0
VERTEX
  5
372
330
290
100
AcDbEntity
  8
outside1_B
100
AcDbVertex
100
AcDb2dVertex
 10
-87.79603509434838
 20
2.23581783129039
 30
0.0
  0
VERTEX
  5
373
330
290
100
AcDbEntity
  8
outside1_B
100
AcDbVertex
100
AcDb2dVertex
 10
-88.23632543901232
 20
2.226219120572949
 30
0.0
  0
VERTEX
  5
374
330
290
100
AcDbEntity
  8
outside1_B
100
AcDbVertex
100
AcDb2dVertex
 10
-88.67661342171306
 20
2.216528972936374
 30
0.0
  0
VERTEX
  5
375
330
290
100
AcDbEntity
  8
outside1_B
100
AcDbVertex
100
AcDb2dVertex
 10
-89.11687306112395
 20
2.206938555163561
 30
0.0
  0
VERTEX
  5
376
330
290
100
AcDbEntity
  8
outside1_B
100
AcDbVertex
100
AcDb2dVertex
 10
-89.55716812969519
 20
2.197339741501764
 30
0.0
  0
VERTEX
  5
377
330
290
100
AcDbEntity
  8
outside1_B
100
AcDbVertex
100
AcDb2dVertex
 10
-89.99736349664778
 20
2.187748730896303
 30
0.0
  0
VERTEX
  5
378
330
290
100
AcDbEntity
  8
outside1_B
100
AcDbVertex
100
AcDb2dVertex
 10
-90.437621900652
 20
2.178158340037839
 30
0.0
  0
VERTEX
  5
379
330
290
100
AcDbEntity
  8
outside1_B
100
AcDbVertex
100
AcDb2dVertex
 10
-90.87791460726277
 20
2.168666315453777
 30
0.0
  0
VERTEX
  5
37A
330
290
100
AcDbEntity
  8
outside1_B
100
AcDbVertex
100
AcDb2dVertex
 10
-91.31820485010786
 20
2.159067606956086
 30
0.0
  0
VERTEX
  5
37B
330
290
100
AcDbEntity
  8
outside1_B
100
AcDbVertex
100
AcDb2dVertex
 10
-91.75847727340016
 20
2.149576348350337
 30
0.0
  0
VERTEX
  5
37C
330
290
100
AcDbEntity
  8
outside1_B
100
AcDbVertex
100
AcDb2dVertex
 10
-92.19876782174043
 20
2.140084370295284
 30
0.0
  0
VERTEX
  5
37D
330
290
100
AcDbEntity
  8
outside1_B
100
AcDbVertex
100
AcDb2dVertex
 10
-92.63905816640437
 20
2.130592396631101
 30
0.0
  0
VERTEX
  5
37E
330
290
100
AcDbEntity
  8
outside1_B
100
AcDbVertex
100
AcDb2dVertex
 10
-93.0793485110683
 20
2.121100422966919
 30
0.0
  0
VERTEX
  5
37F
330
290
100
AcDbEntity
  8
outside1_B
100
AcDbVertex
100
AcDb2dVertex
 10
-93.51955331413961
 20
2.111600696947946
 30
0.0
  0
VERTEX
  5
380
330
290
100
AcDbEntity
  8
outside1_B
100
AcDbVertex
100
AcDb2dVertex
 10
-93.95980700549109
 20
2.102109513536874
 30
0.0
  0
VERTEX
  5
381
330
290
100
AcDbEntity
  8
outside1_B
100
AcDbVertex
100
AcDb2dVertex
 10
-94.40006664398476
 20
2.092717307915677
 30
0.0
  0
VERTEX
  5
382
330
290
100
AcDbEntity
  8
outside1_B
100
AcDbVertex
100
AcDb2dVertex
 10
-94.8403569886487
 20
2.083324447229515
 30
0.0
  0
VERTEX
  5
383
330
290
100
AcDbEntity
  8
outside1_B
100
AcDbVertex
100
AcDb2dVertex
 10
-95.28064733331263
 20
2.073931586543338
 30
0.0
  0
VERTEX
  5
384
330
290
100
AcDbEntity
  8
outside1_B
100
AcDbVertex
100
AcDb2dVertex
 10
-95.7209527245746
 20
2.064538730156897
 30
0.0
  0
VERTEX
  5
385
330
290
100
AcDbEntity
  8
outside1_B
100
AcDbVertex
100
AcDb2dVertex
 10
-96.16121256432899
 20
2.055146520242204
 30
0.0
  0
VERTEX
  5
386
330
290
100
AcDbEntity
  8
outside1_B
100
AcDbVertex
100
AcDb2dVertex
 10
-96.60147220239793
 20
2.045853420695778
 30
0.0
  0
VERTEX
  5
387
330
290
100
AcDbEntity
  8
outside1_B
100
AcDbVertex
100
AcDb2dVertex
 10
-97.04179325365686
 20
2.03655902482592
 30
0.0
  0
VERTEX
  5
388
330
290
100
AcDbEntity
  8
outside1_B
100
AcDbVertex
100
AcDb2dVertex
 10
-97.48205289158778
 20
2.027166819216717
 30
0.0
  0
VERTEX
  5
389
330
290
100
AcDbEntity
  8
outside1_B
100
AcDbVertex
100
AcDb2dVertex
 10
-97.92231242978636
 20
2.017972827821623
 30
0.0
  0
VERTEX
  5
38A
330
290
100
AcDbEntity
  8
outside1_B
100
AcDbVertex
100
AcDb2dVertex
 10
-98.36261802260077
 20
2.008679080113467
 30
0.0
  0
VERTEX
  5
38B
330
290
100
AcDbEntity
  8
outside1_B
100
AcDbVertex
100
AcDb2dVertex
 10
-98.80290786878169
 20
1.999484455793223
 30
0.0
  0
VERTEX
  5
38C
330
290
100
AcDbEntity
  8
outside1_B
100
AcDbVertex
100
AcDb2dVertex
 10
-99.24328960370207
 20
1.9901907101669
 30
0.0
  0
VERTEX
  5
38D
330
290
100
AcDbEntity
  8
outside1_B
100
AcDbVertex
100
AcDb2dVertex
 10
-99.68356498901295
 20
1.980996706241754
 30
0.0
  0
VERTEX
  5
38E
330
290
100
AcDbEntity
  8
outside1_B
100
AcDbVertex
100
AcDb2dVertex
 10
-100.1238224615554
 20
1.971810381527561
 30
0.0
  0
VERTEX
  5
38F
330
290
100
AcDbEntity
  8
outside1_B
100
AcDbVertex
100
AcDb2dVertex
 10
-100.5641151683256
 20
1.962714810979051
 30
0.0
  0
VERTEX
  5
390
330
290
100
AcDbEntity
  8
outside1_B
100
AcDbVertex
100
AcDb2dVertex
 10
-101.0044055129895
 20
1.953520176248915
 30
0.0
  0
VERTEX
  5
391
330
290
100
AcDbEntity
  8
outside1_B
100
AcDbVertex
100
AcDb2dVertex
 10
-101.4446651501755
 20
1.944425288852159
 30
0.0
  0
VERTEX
  5
392
330
290
100
AcDbEntity
  8
outside1_B
100
AcDbVertex
100
AcDb2dVertex
 10
-101.8849293734229
 20
1.935330464202664
 30
0.0
  0
VERTEX
  5
393
330
290
100
AcDbEntity
  8
outside1_B
100
AcDbVertex
100
AcDb2dVertex
 10
-102.3253188798433
 20
1.926341678508194
 30
0.0
  0
VERTEX
  5
394
330
290
100
AcDbEntity
  8
outside1_B
100
AcDbVertex
100
AcDb2dVertex
 10
-102.7656121651633
 20
1.917246096008
 30
0.0
  0
VERTEX
  5
395
330
290
100
AcDbEntity
  8
outside1_B
100
AcDbVertex
100
AcDb2dVertex
 10
-103.2058793777757
 20
1.908250315659899
 30
0.0
  0
VERTEX
  5
396
330
290
100
AcDbEntity
  8
outside1_B
100
AcDbVertex
100
AcDb2dVertex
 10
-103.6461650946532
 20
1.899261625479255
 30
0.0
  0
VERTEX
  5
397
330
290
100
AcDbEntity
  8
outside1_B
100
AcDbVertex
100
AcDb2dVertex
 10
-104.0865355169281
 20
1.890265761323732
 30
0.0
  0
VERTEX
  5
398
330
290
100
AcDbEntity
  8
outside1_B
100
AcDbVertex
100
AcDb2dVertex
 10
-104.5267958288494
 20
1.881369072423084
 30
0.0
  0
VERTEX
  5
399
330
290
100
AcDbEntity
  8
outside1_B
100
AcDbVertex
100
AcDb2dVertex
 10
-104.9670814491322
 20
1.872479496130651
 30
0.0
  0
VERTEX
  5
39A
330
290
100
AcDbEntity
  8
outside1_B
100
AcDbVertex
100
AcDb2dVertex
 10
-105.4074819189846
 20
1.863582131905503
 30
0.0
  0
VERTEX
  5
39B
330
290
100
AcDbEntity
  8
outside1_B
100
AcDbVertex
100
AcDb2dVertex
 10
-105.8477405290863
 20
1.854693100941617
 30
0.0
  0
VERTEX
  5
39C
330
290
100
AcDbEntity
  8
outside1_B
100
AcDbVertex
100
AcDb2dVertex
 10
-106.2880025272192
 20
1.845895484563343
 30
0.0
  0
VERTEX
  5
39D
330
290
100
AcDbEntity
  8
outside1_B
100
AcDbVertex
100
AcDb2dVertex
 10
-106.7283935642566
 20
1.83710504654249
 30
0.0
  0
VERTEX
  5
39E
330
290
100
AcDbEntity
  8
outside1_B
100
AcDbVertex
100
AcDb2dVertex
 10
-107.1686852291553
 20
1.828314461443895
 30
0.0
  0
VERTEX
  5
39F
330
290
100
AcDbEntity
  8
outside1_B
100
AcDbVertex
100
AcDb2dVertex
 10
-107.6090456798602
 20
1.819516858154287
 30
0.0
  0
VERTEX
  5
3A0
330
290
100
AcDbEntity
  8
outside1_B
100
AcDbVertex
100
AcDb2dVertex
 10
-108.0493111440441
 20
1.810826054026748
 30
0.0
  0
VERTEX
  5
3A1
330
290
100
AcDbEntity
  8
outside1_B
100
AcDbVertex
100
AcDb2dVertex
 10
-108.4896716950271
 20
1.802127555207491
 30
0.0
  0
VERTEX
  5
3A2
330
290
100
AcDbEntity
  8
outside1_B
100
AcDbVertex
100
AcDb2dVertex
 10
-108.9299673020561
 20
1.793535268509046
 30
0.0
  0
VERTEX
  5
3A3
330
290
100
AcDbEntity
  8
outside1_B
100
AcDbVertex
100
AcDb2dVertex
 10
-109.3703568058274
 20
1.784843821833846
 30
0.0
  0
VERTEX
  5
3A4
330
290
100
AcDbEntity
  8
outside1_B
100
AcDbVertex
100
AcDb2dVertex
 10
-109.8106170469433
 20
1.776252076522383
 30
0.0
  0
VERTEX
  5
3A5
330
290
100
AcDbEntity
  8
outside1_B
100
AcDbVertex
100
AcDb2dVertex
 10
-110.2509845430077
 20
1.767652697422719
 30
0.0
  0
VERTEX
  5
3A6
330
290
100
AcDbEntity
  8
outside1_B
100
AcDbVertex
100
AcDb2dVertex
 10
-110.6913409819109
 20
1.759160114403514
 30
0.0
  0
VERTEX
  5
3A7
330
290
100
AcDbEntity
  8
outside1_B
100
AcDbVertex
100
AcDb2dVertex
 10
-111.1316325111079
 20
1.75066687174764
 30
0.0
  0
VERTEX
  5
3A8
330
290
100
AcDbEntity
  8
outside1_B
100
AcDbVertex
100
AcDb2dVertex
 10
-111.5720283171962
 20
1.742173676542848
 30
0.0
  0
VERTEX
  5
3A9
330
290
100
AcDbEntity
  8
outside1_B
100
AcDbVertex
100
AcDb2dVertex
 10
-112.0123877028976
 20
1.733681036692587
 30
0.0
  0
VERTEX
  5
3AA
330
290
100
AcDbEntity
  8
outside1_B
100
AcDbVertex
100
AcDb2dVertex
 10
-112.4526555084734
 20
1.725287504910639
 30
0.0
  0
VERTEX
  5
3AB
330
290
100
AcDbEntity
  8
outside1_B
100
AcDbVertex
100
AcDb2dVertex
 10
-112.8930131372306
 20
1.716894004761087
 30
0.0
  0
VERTEX
  5
3AC
330
290
100
AcDbEntity
  8
outside1_B
100
AcDbVertex
100
AcDb2dVertex
 10
-113.3334102189463
 20
1.708599010908415
 30
0.0
  0
VERTEX
  5
3AD
330
290
100
AcDbEntity
  8
outside1_B
100
AcDbVertex
100
AcDb2dVertex
 10
-113.7738002995455
 20
1.700204892203701
 30
0.0
  0
VERTEX
  5
3AE
330
290
100
AcDbEntity
  8
outside1_B
100
AcDbVertex
100
AcDb2dVertex
 10
-114.2140291921818
 20
1.691911056096544
 30
0.0
  0
VERTEX
  5
3AF
330
290
100
AcDbEntity
  8
outside1_B
100
AcDbVertex
100
AcDb2dVertex
 10
-114.6543949472335
 20
1.683715758217588
 30
0.0
  0
VERTEX
  5
3B0
330
290
100
AcDbEntity
  8
outside1_B
100
AcDbVertex
100
AcDb2dVertex
 10
-115.0947797690288
 20
1.675527587652795
 30
0.0
  0
VERTEX
  5
3B1
330
290
100
AcDbEntity
  8
outside1_B
100
AcDbVertex
100
AcDb2dVertex
 10
-115.5351814865928
 20
1.667331620543422
 30
0.0
  0
VERTEX
  5
3B2
330
290
100
AcDbEntity
  8
outside1_B
100
AcDbVertex
100
AcDb2dVertex
 10
-115.9755403276063
 20
1.659136309460393
 30
0.0
  0
VERTEX
  5
3B3
330
290
100
AcDbEntity
  8
outside1_B
100
AcDbVertex
100
AcDb2dVertex
 10
-116.4158990805943
 20
1.651040106083258
 30
0.0
  0
VERTEX
  5
3B4
330
290
100
AcDbEntity
  8
outside1_B
100
AcDbVertex
100
AcDb2dVertex
 10
-116.8562630520989
 20
1.642951570467361
 30
0.0
  0
VERTEX
  5
3B5
330
290
100
AcDbEntity
  8
outside1_B
100
AcDbVertex
100
AcDb2dVertex
 10
-117.296624209999
 20
1.634954429483727
 30
0.0
  0
VERTEX
  5
3B6
330
290
100
AcDbEntity
  8
outside1_B
100
AcDbVertex
100
AcDb2dVertex
 10
-117.7371008880846
 20
1.626964752710649
 30
0.0
  0
VERTEX
  5
3B7
330
290
100
AcDbEntity
  8
outside1_B
100
AcDbVertex
100
AcDb2dVertex
 10
-118.6178584816976
 20
1.611076702081007
 30
0.0
  0
VERTEX
  5
3B8
330
290
100
AcDbEntity
  8
outside1_B
100
AcDbVertex
100
AcDb2dVertex
 10
-119.49859869123
 20
1.5952880728087
 30
0.0
  0
VERTEX
  5
3B9
330
290
100
AcDbEntity
  8
outside1_B
100
AcDbVertex
100
AcDb2dVertex
 10
-120.3794226846199
 20
1.579697930291118
 30
0.0
  0
VERTEX
  5
3BA
330
290
100
AcDbEntity
  8
outside1_B
100
AcDbVertex
100
AcDb2dVertex
 10
-121.2602534782249
 20
1.564305747804781
 30
0.0
  0
VERTEX
  5
3BB
330
290
100
AcDbEntity
  8
outside1_B
100
AcDbVertex
100
AcDb2dVertex
 10
-122.1410918748493
 20
1.549020297006507
 30
0.0
  0
VERTEX
  5
3BC
330
290
100
AcDbEntity
  8
outside1_B
100
AcDbVertex
100
AcDb2dVertex
 10
-123.0219314726177
 20
1.533933040956796
 30
0.0
  0
VERTEX
  5
3BD
330
290
100
AcDbEntity
  8
outside1_B
100
AcDbVertex
100
AcDb2dVertex
 10
-123.9027710698819
 20
1.518944892711858
 30
0.0
  0
VERTEX
  5
3BE
330
290
100
AcDbEntity
  8
outside1_B
100
AcDbVertex
100
AcDb2dVertex
 10
-124.783595060615
 20
1.504155222104075
 30
0.0
  0
VERTEX
  5
3BF
330
290
100
AcDbEntity
  8
outside1_B
100
AcDbVertex
100
AcDb2dVertex
 10
-125.6645325891261
 20
1.489563524531789
 30
0.0
  0
VERTEX
  5
3C0
330
290
100
AcDbEntity
  8
outside1_B
100
AcDbVertex
100
AcDb2dVertex
 10
-126.5453568397725
 20
1.475078791311887
 30
0.0
  0
VERTEX
  5
3C1
330
290
100
AcDbEntity
  8
outside1_B
100
AcDbVertex
100
AcDb2dVertex
 10
-127.4262799315678
 20
1.460883757025258
 30
0.0
  0
VERTEX
  5
3C2
330
290
100
AcDbEntity
  8
outside1_B
100
AcDbVertex
100
AcDb2dVertex
 10
-128.3072248459285
 20
1.446795225241516
 30
0.0
  0
VERTEX
  5
3C3
330
290
100
AcDbEntity
  8
outside1_B
100
AcDbVertex
100
AcDb2dVertex
 10
-129.1882520691282
 20
1.432905053385866
 30
0.0
  0
VERTEX
  5
3C4
330
290
100
AcDbEntity
  8
outside1_B
100
AcDbVertex
100
AcDb2dVertex
 10
-130.509639794086
 20
1.412321383847654
 30
0.0
  0
VERTEX
  5
3C5
330
290
100
AcDbEntity
  8
outside1_B
100
AcDbVertex
100
AcDb2dVertex
 10
-132.2716939039324
 20
1.385646580464538
 30
0.0
  0
VERTEX
  5
3C6
330
290
100
AcDbEntity
  8
outside1_B
100
AcDbVertex
100
AcDb2dVertex
 10
-134.03374583683
 20
1.359764546336038
 30
0.0
  0
VERTEX
  5
3C7
330
290
100
AcDbEntity
  8
outside1_B
100
AcDbVertex
100
AcDb2dVertex
 10
-135.7959039172238
 20
1.334583889350668
 30
0.0
  0
VERTEX
  5
3C8
330
290
100
AcDbEntity
  8
outside1_B
100
AcDbVertex
100
AcDb2dVertex
 10
-137.5580549719401
 20
1.310203699110858
 30
0.0
  0
VERTEX
  5
3C9
330
290
100
AcDbEntity
  8
outside1_B
100
AcDbVertex
100
AcDb2dVertex
 10
-139.3203044004781
 20
1.28651736643738
 30
0.0
  0
VERTEX
  5
3CA
330
290
100
AcDbEntity
  8
outside1_B
100
AcDbVertex
100
AcDb2dVertex
 10
-141.0826377512818
 20
1.263738332509234
 30
0.0
  0
VERTEX
  5
3CB
330
290
100
AcDbEntity
  8
outside1_B
100
AcDbVertex
100
AcDb2dVertex
 10
-142.8449946656597
 20
1.241751944274228
 30
0.0
  0
VERTEX
  5
3CC
330
290
100
AcDbEntity
  8
outside1_B
100
AcDbVertex
100
AcDb2dVertex
 10
-144.6074418475119
 20
1.220467031621013
 30
0.0
  0
VERTEX
  5
3CD
330
290
100
AcDbEntity
  8
outside1_B
100
AcDbVertex
100
AcDb2dVertex
 10
-146.3698742868007
 20
1.200089490213841
 30
0.0
  0
VERTEX
  5
3CE
330
290
100
AcDbEntity
  8
outside1_B
100
AcDbVertex
100
AcDb2dVertex
 10
-148.1324064741679
 20
1.180603803674174
 30
0.0
  0
VERTEX
  5
3CF
330
290
100
AcDbEntity
  8
outside1_B
100
AcDbVertex
100
AcDb2dVertex
 10
-149.8949539618932
 20
1.161918504093663
 30
0.0
  0
VERTEX
  5
3D0
330
290
100
AcDbEntity
  8
outside1_B
100
AcDbVertex
100
AcDb2dVertex
 10
-151.6575923068645
 20
1.144026136534819
 30
0.0
  0
VERTEX
  5
3D1
330
290
100
AcDbEntity
  8
outside1_B
100
AcDbVertex
100
AcDb2dVertex
 10
-153.4202223972097
 20
1.127041045681494
 30
0.0
  0
VERTEX
  5
3D2
330
290
100
AcDbEntity
  8
outside1_B
100
AcDbVertex
100
AcDb2dVertex
 10
-155.1829599327523
 20
1.110955448165697
 30
0.0
  0
VERTEX
  5
3D3
330
290
100
AcDbEntity
  8
outside1_B
100
AcDbVertex
100
AcDb2dVertex
 10
-156.9455912107003
 20
1.095670380793095
 30
0.0
  0
VERTEX
  5
3D4
330
290
100
AcDbEntity
  8
outside1_B
100
AcDbVertex
100
AcDb2dVertex
 10
-158.7084200734578
 20
1.081376432057723
 30
0.0
  0
VERTEX
  5
3D5
330
290
100
AcDbEntity
  8
outside1_B
100
AcDbVertex
100
AcDb2dVertex
 10
-160.4711576235493
 20
1.067989555531227
 30
0.0
  0
VERTEX
  5
3D6
330
290
100
AcDbEntity
  8
outside1_B
100
AcDbVertex
100
AcDb2dVertex
 10
-162.2339865486974
 20
1.055395578856448
 30
0.0
  0
VERTEX
  5
3D7
330
290
100
AcDbEntity
  8
outside1_B
100
AcDbVertex
100
AcDb2dVertex
 10
-163.9967995916737
 20
1.043808004959004
 30
0.0
  0
VERTEX
  5
3D8
330
290
100
AcDbEntity
  8
outside1_B
100
AcDbVertex
100
AcDb2dVertex
 10
-165.7596329302189
 20
1.03321899795435
 30
0.0
  0
VERTEX
  5
3D9
330
290
100
AcDbEntity
  8
outside1_B
100
AcDbVertex
100
AcDb2dVertex
 10
-167.5225571247734
 20
1.023422878205409
 30
0.0
  0
VERTEX
  5
3DA
330
290
100
AcDbEntity
  8
outside1_B
100
AcDbVertex
100
AcDb2dVertex
 10
-169.2854775507747
 20
1.014732156970197
 30
0.0
  0
VERTEX
  5
3DB
330
290
100
AcDbEntity
  8
outside1_B
100
AcDbVertex
100
AcDb2dVertex
 10
-171.0484017861425
 20
1.006834273472265
 30
0.0
  0
VERTEX
  5
3DC
330
290
100
AcDbEntity
  8
outside1_B
100
AcDbVertex
100
AcDb2dVertex
 10
-172.8113177594428
 20
1.0000418205599
 30
0.0
  0
VERTEX
  5
3DD
330
290
100
AcDbEntity
  8
outside1_B
100
AcDbVertex
100
AcDb2dVertex
 10
-174.5742305089665
 20
0.9941489273474389
 30
0.0
  0
VERTEX
  5
3DE
330
290
100
AcDbEntity
  8
outside1_B
100
AcDbVertex
100
AcDb2dVertex
 10
-176.3371367816753
 20
0.9893538326534355
 30
0.0
  0
VERTEX
  5
3DF
330
290
100
AcDbEntity
  8
outside1_B
100
AcDbVertex
100
AcDb2dVertex
 10
-178.5409149385355
 20
0.9846501745843455
 30
0.0
  0
VERTEX
  5
3E0
330
290
100
AcDbEntity
  8
outside1_B
100
AcDbVertex
100
AcDb2dVertex
 10
-180.7445770832163
 20
0.9816541832783514
 30
0.0
  0
VERTEX
  5
3E1
330
290
100
AcDbEntity
  8
outside1_B
100
AcDbVertex
100
AcDb2dVertex
 10
-182.9481909258129
 20
0.9801600320701596
 30
0.0
  0
VERTEX
  5
3E2
330
290
100
AcDbEntity
  8
outside1_B
100
AcDbVertex
100
AcDb2dVertex
 10
-183.3868448570469
 20
0.9803576992719911
 30
0.0
  0
VERTEX
  5
3E3
330
290
100
AcDbEntity
  8
outside1_B
100
AcDbVertex
100
AcDb2dVertex
 10
-183.397549629303
 20
0.9804476844251298
 30
0.0
  0
SEQEND
  5
3E4
330
290
100
AcDbEntity
  8
outside1_B
  0
POLYLINE
  5
3E5
330
1F
100
AcDbEntity
  8
outside1_B
100
AcDb2dPolyline
 66
     1
 10
0.0
 20
0.0
 30
0.0
  0
VERTEX
  5
3E6
330
3E5
100
AcDbEntity
  8
outside1_B
100
AcDbVertex
100
AcDb2dVertex
 10
-184.4126379975557
 20
3.334632675429859
 30
0.0
  0
VERTEX
  5
3E7
330
3E5
100
AcDbEntity
  8
outside1_B
100
AcDbVertex
100
AcDb2dVertex
 10
-184.4170487163813
 20
3.334632675429859
 30
0.0
  0
VERTEX
  5
3E8
330
3E5
100
AcDbEntity
  8
outside1_B
100
AcDbVertex
100
AcDb2dVertex
 10
-186.9149218922859
 20
3.333031738566774
 30
0.0
  0
VERTEX
  5
3E9
330
3E5
100
AcDbEntity
  8
outside1_B
100
AcDbVertex
100
AcDb2dVertex
 10
-189.1186785413857
 20
3.330035753513897
 30
0.0
  0
VERTEX
  5
3EA
330
3E5
100
AcDbEntity
  8
outside1_B
100
AcDbVertex
100
AcDb2dVertex
 10
-191.3223454213129
 20
3.32533974481683
 30
0.0
  0
VERTEX
  5
3EB
330
3E5
100
AcDbEntity
  8
outside1_B
100
AcDbVertex
100
AcDb2dVertex
 10
-193.526014164558
 20
3.319149535592913
 30
0.0
  0
VERTEX
  5
3EC
330
3E5
100
AcDbEntity
  8
outside1_B
100
AcDbVertex
100
AcDb2dVertex
 10
-195.7296936464825
 20
3.311350748776036
 30
0.0
  0
VERTEX
  5
3ED
330
3E5
100
AcDbEntity
  8
outside1_B
100
AcDbVertex
100
AcDb2dVertex
 10
-197.4926056819373
 20
3.304055167499769
 30
0.0
  0
VERTEX
  5
3EE
330
3E5
100
AcDbEntity
  8
outside1_B
100
AcDbVertex
100
AcDb2dVertex
 10
-199.2554294898056
 20
3.295760862395539
 30
0.0
  0
VERTEX
  5
3EF
330
3E5
100
AcDbEntity
  8
outside1_B
100
AcDbVertex
100
AcDb2dVertex
 10
-201.0183518139275
 20
3.286574617621469
 30
0.0
  0
VERTEX
  5
3F0
330
3E5
100
AcDbEntity
  8
outside1_B
100
AcDbVertex
100
AcDb2dVertex
 10
-202.7811743961087
 20
3.276382082498444
 30
0.0
  0
VERTEX
  5
3F1
330
3E5
100
AcDbEntity
  8
outside1_B
100
AcDbVertex
100
AcDb2dVertex
 10
-204.5439976099988
 20
3.265289977847445
 30
0.0
  0
VERTEX
  5
3F2
330
3E5
100
AcDbEntity
  8
outside1_B
100
AcDbVertex
100
AcDb2dVertex
 10
-206.3068208254247
 20
3.253199202595326
 30
0.0
  0
VERTEX
  5
3F3
330
3E5
100
AcDbEntity
  8
outside1_B
100
AcDbVertex
100
AcDb2dVertex
 10
-208.0696516541905
 20
3.240208805363835
 30
0.0
  0
VERTEX
  5
3F4
330
3E5
100
AcDbEntity
  8
outside1_B
100
AcDbVertex
100
AcDb2dVertex
 10
-209.8323814628484
 20
3.226318838442694
 30
0.0
  0
VERTEX
  5
3F5
330
3E5
100
AcDbEntity
  8
outside1_B
100
AcDbVertex
100
AcDb2dVertex
 10
-211.5951208406146
 20
3.211529237469321
 30
0.0
  0
VERTEX
  5
3F6
330
3E5
100
AcDbEntity
  8
outside1_B
100
AcDbVertex
100
AcDb2dVertex
 10
-213.3577512329155
 20
3.195939230501651
 30
0.0
  0
VERTEX
  5
3F7
330
3E5
100
AcDbEntity
  8
outside1_B
100
AcDbVertex
100
AcDb2dVertex
 10
-215.1204819727109
 20
3.17935817798795
 30
0.0
  0
VERTEX
  5
3F8
330
3E5
100
AcDbEntity
  8
outside1_B
100
AcDbVertex
100
AcDb2dVertex
 10
-216.8830196689329
 20
3.161968967619643
 30
0.0
  0
VERTEX
  5
3F9
330
3E5
100
AcDbEntity
  8
outside1_B
100
AcDbVertex
100
AcDb2dVertex
 10
-218.6456510058663
 20
3.143680250485502
 30
0.0
  0
VERTEX
  5
3FA
330
3E5
100
AcDbEntity
  8
outside1_B
100
AcDbVertex
100
AcDb2dVertex
 10
-220.4081978207971
 20
3.124499428046008
 30
0.0
  0
VERTEX
  5
3FB
330
3E5
100
AcDbEntity
  8
outside1_B
100
AcDbVertex
100
AcDb2dVertex
 10
-222.1706360206264
 20
3.104609702346735
 30
0.0
  0
VERTEX
  5
3FC
330
3E5
100
AcDbEntity
  8
outside1_B
100
AcDbVertex
100
AcDb2dVertex
 10
-223.9330753742814
 20
3.08372891291485
 30
0.0
  0
VERTEX
  5
3FD
330
3E5
100
AcDbEntity
  8
outside1_B
100
AcDbVertex
100
AcDb2dVertex
 10
-225.6955291507837
 20
3.062146581178737
 30
0.0
  0
VERTEX
  5
3FE
330
3E5
100
AcDbEntity
  8
outside1_B
100
AcDbVertex
100
AcDb2dVertex
 10
-227.4578675289202
 20
3.039763970730675
 30
0.0
  0
VERTEX
  5
3FF
330
3E5
100
AcDbEntity
  8
outside1_B
100
AcDbVertex
100
AcDb2dVertex
 10
-229.2201138475879
 20
3.016481684168497
 30
0.0
  0
VERTEX
  5
400
330
3E5
100
AcDbEntity
  8
outside1_B
100
AcDbVertex
100
AcDb2dVertex
 10
-230.982360385668
 20
2.992498030699835
 30
0.0
  0
VERTEX
  5
401
330
3E5
100
AcDbEntity
  8
outside1_B
100
AcDbVertex
100
AcDb2dVertex
 10
-232.7446148405841
 20
2.967614684486591
 30
0.0
  0
VERTEX
  5
402
330
3E5
100
AcDbEntity
  8
outside1_B
100
AcDbVertex
100
AcDb2dVertex
 10
-234.5067695880669
 20
2.942136701285136
 30
0.0
  0
VERTEX
  5
403
330
3E5
100
AcDbEntity
  8
outside1_B
100
AcDbVertex
100
AcDb2dVertex
 10
-236.2688155182582
 20
2.915759260361739
 30
0.0
  0
VERTEX
  5
404
330
3E5
100
AcDbEntity
  8
outside1_B
100
AcDbVertex
100
AcDb2dVertex
 10
-238.030782560397
 20
2.888680143233969
 30
0.0
  0
VERTEX
  5
405
330
3E5
100
AcDbEntity
  8
outside1_B
100
AcDbVertex
100
AcDb2dVertex
 10
-239.3522755861116
 20
2.867890629503961
 30
0.0
  0
VERTEX
  5
406
330
3E5
100
AcDbEntity
  8
outside1_B
100
AcDbVertex
100
AcDb2dVertex
 10
-240.2331940635747
 20
2.853802398593885
 30
0.0
  0
VERTEX
  5
407
330
3E5
100
AcDbEntity
  8
outside1_B
100
AcDbVertex
100
AcDb2dVertex
 10
-241.1141171990005
 20
2.839515896556065
 30
0.0
  0
VERTEX
  5
408
330
3E5
100
AcDbEntity
  8
outside1_B
100
AcDbVertex
100
AcDb2dVertex
 10
-241.9950559131595
 20
2.825023287142059
 30
0.0
  0
VERTEX
  5
409
330
3E5
100
AcDbEntity
  8
outside1_B
100
AcDbVertex
100
AcDb2dVertex
 10
-242.8759955832488
 20
2.810439193558437
 30
0.0
  0
VERTEX
  5
40A
330
3E5
100
AcDbEntity
  8
outside1_B
100
AcDbVertex
100
AcDb2dVertex
 10
-243.7569187179717
 20
2.795649538312318
 30
0.0
  0
VERTEX
  5
40B
330
3E5
100
AcDbEntity
  8
outside1_B
100
AcDbVertex
100
AcDb2dVertex
 10
-244.637857165478
 20
2.780661394449339
 30
0.0
  0
VERTEX
  5
40C
330
3E5
100
AcDbEntity
  8
outside1_B
100
AcDbVertex
100
AcDb2dVertex
 10
-245.5186943681165
 20
2.765574163101533
 30
0.0
  0
VERTEX
  5
40D
330
3E5
100
AcDbEntity
  8
outside1_B
100
AcDbVertex
100
AcDb2dVertex
 10
-246.3995186175195
 20
2.750281334260421
 30
0.0
  0
VERTEX
  5
40E
330
3E5
100
AcDbEntity
  8
outside1_B
100
AcDbVertex
100
AcDb2dVertex
 10
-247.2803582161192
 20
2.734797647011362
 30
0.0
  0
VERTEX
  5
40F
330
3E5
100
AcDbEntity
  8
outside1_B
100
AcDbVertex
100
AcDb2dVertex
 10
-248.1611966344024
 20
2.7192072491804
 30
0.0
  0
VERTEX
  5
410
330
3E5
100
AcDbEntity
  8
outside1_B
100
AcDbVertex
100
AcDb2dVertex
 10
-249.0420359516555
 20
2.703418619908888
 30
0.0
  0
VERTEX
  5
411
330
3E5
100
AcDbEntity
  8
outside1_B
100
AcDbVertex
100
AcDb2dVertex
 10
-249.9227889919721
 20
2.687530617034909
 30
0.0
  0
VERTEX
  5
412
330
3E5
100
AcDbEntity
  8
outside1_B
100
AcDbVertex
100
AcDb2dVertex
 10
-250.3632383987573
 20
2.67953377699601
 30
0.0
  0
VERTEX
  5
413
330
3E5
100
AcDbEntity
  8
outside1_B
100
AcDbVertex
100
AcDb2dVertex
 10
-250.8036008406214
 20
2.671445164412447
 30
0.0
  0
VERTEX
  5
414
330
3E5
100
AcDbEntity
  8
outside1_B
100
AcDbVertex
100
AcDb2dVertex
 10
-251.2439894082178
 20
2.663348482924519
 30
0.0
  0
VERTEX
  5
415
330
3E5
100
AcDbEntity
  8
outside1_B
100
AcDbVertex
100
AcDb2dVertex
 10
-251.6843826778974
 20
2.655251715027845
 30
0.0
  0
VERTEX
  5
416
330
3E5
100
AcDbEntity
  8
outside1_B
100
AcDbVertex
100
AcDb2dVertex
 10
-252.1247462704886
 20
2.647163081267109
 30
0.0
  0
VERTEX
  5
417
330
3E5
100
AcDbEntity
  8
outside1_B
100
AcDbVertex
100
AcDb2dVertex
 10
-252.5651767886946
 20
2.638968386912182
 30
0.0
  0
VERTEX
  5
418
330
3E5
100
AcDbEntity
  8
outside1_B
100
AcDbVertex
100
AcDb2dVertex
 10
-253.0055675700976
 20
2.630673404026581
 30
0.0
  0
VERTEX
  5
419
330
3E5
100
AcDbEntity
  8
outside1_B
100
AcDbVertex
100
AcDb2dVertex
 10
-253.4459602613392
 20
2.622477533916836
 30
0.0
  0
VERTEX
  5
41A
330
3E5
100
AcDbEntity
  8
outside1_B
100
AcDbVertex
100
AcDb2dVertex
 10
-253.8861916895793
 20
2.614183685943445
 30
0.0
  0
VERTEX
  5
41B
330
3E5
100
AcDbEntity
  8
outside1_B
100
AcDbVertex
100
AcDb2dVertex
 10
-254.3266840833854
 20
2.605789578900257
 30
0.0
  0
VERTEX
  5
41C
330
3E5
100
AcDbEntity
  8
outside1_B
100
AcDbVertex
100
AcDb2dVertex
 10
-254.7669776437662
 20
2.597494596282033
 30
0.0
  0
VERTEX
  5
41D
330
3E5
100
AcDbEntity
  8
outside1_B
100
AcDbVertex
100
AcDb2dVertex
 10
-255.2073388711082
 20
2.589101063866465
 30
0.0
  0
VERTEX
  5
41E
330
3E5
100
AcDbEntity
  8
outside1_B
100
AcDbVertex
100
AcDb2dVertex
 10
-255.6477014600596
 20
2.58070754182512
 30
0.0
  0
VERTEX
  5
41F
330
3E5
100
AcDbEntity
  8
outside1_B
100
AcDbVertex
100
AcDb2dVertex
 10
-256.0880640266565
 20
2.572214914141725
 30
0.0
  0
VERTEX
  5
420
330
3E5
100
AcDbEntity
  8
outside1_B
100
AcDbVertex
100
AcDb2dVertex
 10
-256.5284572963362
 20
2.563721694332969
 30
0.0
  0
VERTEX
  5
421
330
3E5
100
AcDbEntity
  8
outside1_B
100
AcDbVertex
100
AcDb2dVertex
 10
-256.9688179457755
 20
2.555229066866971
 30
0.0
  0
VERTEX
  5
422
330
3E5
100
AcDbEntity
  8
outside1_B
100
AcDbVertex
100
AcDb2dVertex
 10
-257.4091805241563
 20
2.546637332885567
 30
0.0
  0
VERTEX
  5
423
330
3E5
100
AcDbEntity
  8
outside1_B
100
AcDbVertex
100
AcDb2dVertex
 10
-257.8494715534695
 20
2.538045023931161
 30
0.0
  0
VERTEX
  5
424
330
3E5
100
AcDbEntity
  8
outside1_B
100
AcDbVertex
100
AcDb2dVertex
 10
-258.2898613210504
 20
2.529445135435324
 30
0.0
  0
VERTEX
  5
425
330
3E5
100
AcDbEntity
  8
outside1_B
100
AcDbVertex
100
AcDb2dVertex
 10
-258.7302279940615
 20
2.52085332152437
 30
0.0
  0
VERTEX
  5
426
330
3E5
100
AcDbEntity
  8
outside1_B
100
AcDbVertex
100
AcDb2dVertex
 10
-259.1704889247276
 20
2.512162494022164
 30
0.0
  0
VERTEX
  5
427
330
3E5
100
AcDbEntity
  8
outside1_B
100
AcDbVertex
100
AcDb2dVertex
 10
-259.6108787064433
 20
2.503463493057438
 30
0.0
  0
VERTEX
  5
428
330
3E5
100
AcDbEntity
  8
outside1_B
100
AcDbVertex
100
AcDb2dVertex
 10
-260.0512453727202
 20
2.494772572287104
 30
0.0
  0
VERTEX
  5
429
330
3E5
100
AcDbEntity
  8
outside1_B
100
AcDbVertex
100
AcDb2dVertex
 10
-260.4915062968042
 20
2.485982638988659
 30
0.0
  0
VERTEX
  5
42A
330
3E5
100
AcDbEntity
  8
outside1_B
100
AcDbVertex
100
AcDb2dVertex
 10
-260.9318960926549
 20
2.477184525548708
 30
0.0
  0
VERTEX
  5
42B
330
3E5
100
AcDbEntity
  8
outside1_B
100
AcDbVertex
100
AcDb2dVertex
 10
-261.3721898875665
 20
2.468393897898608
 30
0.0
  0
VERTEX
  5
42C
330
3E5
100
AcDbEntity
  8
outside1_B
100
AcDbVertex
100
AcDb2dVertex
 10
-261.8125507472091
 20
2.459596362546918
 30
0.0
  0
VERTEX
  5
42D
330
3E5
100
AcDbEntity
  8
outside1_B
100
AcDbVertex
100
AcDb2dVertex
 10
-262.2528159442379
 20
2.450707275530604
 30
0.0
  0
VERTEX
  5
42E
330
3E5
100
AcDbEntity
  8
outside1_B
100
AcDbVertex
100
AcDb2dVertex
 10
-262.693205730377
 20
2.44181005009051
 30
0.0
  0
VERTEX
  5
42F
330
3E5
100
AcDbEntity
  8
outside1_B
100
AcDbVertex
100
AcDb2dVertex
 10
-263.133466464477
 20
2.432920976199426
 30
0.0
  0
VERTEX
  5
430
330
3E5
100
AcDbEntity
  8
outside1_B
100
AcDbVertex
100
AcDb2dVertex
 10
-263.5737275749726
 20
2.423925242649332
 30
0.0
  0
VERTEX
  5
431
330
3E5
100
AcDbEntity
  8
outside1_B
100
AcDbVertex
100
AcDb2dVertex
 10
-264.0141220992568
 20
2.414928808243133
 30
0.0
  0
VERTEX
  5
432
330
3E5
100
AcDbEntity
  8
outside1_B
100
AcDbVertex
100
AcDb2dVertex
 10
-264.4544197256291
 20
2.405939952687476
 30
0.0
  0
VERTEX
  5
433
330
3E5
100
AcDbEntity
  8
outside1_B
100
AcDbVertex
100
AcDb2dVertex
 10
-264.8948056653567
 20
2.396943615755731
 30
0.0
  0
VERTEX
  5
434
330
3E5
100
AcDbEntity
  8
outside1_B
100
AcDbVertex
100
AcDb2dVertex
 10
-265.3350702701698
 20
2.387955434348044
 30
0.0
  0
VERTEX
  5
435
330
3E5
100
AcDbEntity
  8
outside1_B
100
AcDbVertex
100
AcDb2dVertex
 10
-265.7753313572757
 20
2.378860595742026
 30
0.0
  0
VERTEX
  5
436
330
3E5
100
AcDbEntity
  8
outside1_B
100
AcDbVertex
100
AcDb2dVertex
 10
-266.2156216531433
 20
2.369765074997957
 30
0.0
  0
VERTEX
  5
437
330
3E5
100
AcDbEntity
  8
outside1_B
100
AcDbVertex
100
AcDb2dVertex
 10
-266.6560162400282
 20
2.36066952603818
 30
0.0
  0
VERTEX
  5
438
330
3E5
100
AcDbEntity
  8
outside1_B
100
AcDbVertex
100
AcDb2dVertex
 10
-267.0962807832016
 20
2.351574616034355
 30
0.0
  0
VERTEX
  5
439
330
3E5
100
AcDbEntity
  8
outside1_B
100
AcDbVertex
100
AcDb2dVertex
 10
-267.5365465948993
 20
2.342388196815534
 30
0.0
  0
VERTEX
  5
43A
330
3E5
100
AcDbEntity
  8
outside1_B
100
AcDbVertex
100
AcDb2dVertex
 10
-267.9768321660922
 20
2.333193661728615
 30
0.0
  0
VERTEX
  5
43B
330
3E5
100
AcDbEntity
  8
outside1_B
100
AcDbVertex
100
AcDb2dVertex
 10
-268.4171263721211
 20
2.323999025968391
 30
0.0
  0
VERTEX
  5
43C
330
3E5
100
AcDbEntity
  8
outside1_B
100
AcDbVertex
100
AcDb2dVertex
 10
-268.8574895511716
 20
2.31480501947452
 30
0.0
  0
VERTEX
  5
43D
330
3E5
100
AcDbEntity
  8
outside1_B
100
AcDbVertex
100
AcDb2dVertex
 10
-269.2977485232053
 20
2.305511933986921
 30
0.0
  0
VERTEX
  5
43E
330
3E5
100
AcDbEntity
  8
outside1_B
100
AcDbVertex
100
AcDb2dVertex
 10
-269.7380734364177
 20
2.29621753706904
 30
0.0
  0
VERTEX
  5
43F
330
3E5
100
AcDbEntity
  8
outside1_B
100
AcDbVertex
100
AcDb2dVertex
 10
-270.1783675681609
 20
2.287022902860116
 30
0.0
  0
VERTEX
  5
440
330
3E5
100
AcDbEntity
  8
outside1_B
100
AcDbVertex
100
AcDb2dVertex
 10
-270.6185964998633
 20
2.277730451470589
 30
0.0
  0
VERTEX
  5
441
330
3E5
100
AcDbEntity
  8
outside1_B
100
AcDbVertex
100
AcDb2dVertex
 10
-271.058890681465
 20
2.268337590253225
 30
0.0
  0
VERTEX
  5
442
330
3E5
100
AcDbEntity
  8
outside1_B
100
AcDbVertex
100
AcDb2dVertex
 10
-271.4991848129808
 20
2.259043843076697
 30
0.0
  0
VERTEX
  5
443
330
3E5
100
AcDbEntity
  8
outside1_B
100
AcDbVertex
100
AcDb2dVertex
 10
-271.9394444262825
 20
2.249651637992926
 30
0.0
  0
VERTEX
  5
444
330
3E5
100
AcDbEntity
  8
outside1_B
100
AcDbVertex
100
AcDb2dVertex
 10
-272.3797386333735
 20
2.240258776231798
 30
0.0
  0
VERTEX
  5
445
330
3E5
100
AcDbEntity
  8
outside1_B
100
AcDbVertex
100
AcDb2dVertex
 10
-272.820032790075
 20
2.230865915545635
 30
0.0
  0
VERTEX
  5
446
330
3E5
100
AcDbEntity
  8
outside1_B
100
AcDbVertex
100
AcDb2dVertex
 10
-273.2603230843496
 20
2.221473055934439
 30
0.0
  0
VERTEX
  5
447
330
3E5
100
AcDbEntity
  8
outside1_B
100
AcDbVertex
100
AcDb2dVertex
 10
-273.7005865600854
 20
2.212080849769876
 30
0.0
  0
VERTEX
  5
448
330
3E5
100
AcDbEntity
  8
outside1_B
100
AcDbVertex
100
AcDb2dVertex
 10
-274.1408461735426
 20
2.202589538622618
 30
0.0
  0
VERTEX
  5
449
330
3E5
100
AcDbEntity
  8
outside1_B
100
AcDbVertex
100
AcDb2dVertex
 10
-274.5811687249296
 20
2.193089328211641
 30
0.0
  0
VERTEX
  5
44A
330
3E5
100
AcDbEntity
  8
outside1_B
100
AcDbVertex
100
AcDb2dVertex
 10
-275.0214338432755
 20
2.183697087005015
 30
0.0
  0
VERTEX
  5
44B
330
3E5
100
AcDbEntity
  8
outside1_B
100
AcDbVertex
100
AcDb2dVertex
 10
-275.4615943693568
 20
2.174106669390497
 30
0.0
  0
VERTEX
  5
44C
330
3E5
100
AcDbEntity
  8
outside1_B
100
AcDbVertex
100
AcDb2dVertex
 10
-275.9019199262535
 20
2.164614018792889
 30
0.0
  0
VERTEX
  5
44D
330
3E5
100
AcDbEntity
  8
outside1_B
100
AcDbVertex
100
AcDb2dVertex
 10
-276.3422102199971
 20
2.155122046226467
 30
0.0
  0
VERTEX
  5
44E
330
3E5
100
AcDbEntity
  8
outside1_B
100
AcDbVertex
100
AcDb2dVertex
 10
-276.782471360215
 20
2.145630784340057
 30
0.0
  0
VERTEX
  5
44F
330
3E5
100
AcDbEntity
  8
outside1_B
100
AcDbVertex
100
AcDb2dVertex
 10
-277.2227324497063
 20
2.136032794510186
 30
0.0
  0
VERTEX
  5
450
330
3E5
100
AcDbEntity
  8
outside1_B
100
AcDbVertex
100
AcDb2dVertex
 10
-277.6630274667853
 20
2.126441606046185
 30
0.0
  0
VERTEX
  5
451
330
3E5
100
AcDbEntity
  8
outside1_B
100
AcDbVertex
100
AcDb2dVertex
 10
-278.1032212239365
 20
2.116850547433131
 30
0.0
  0
VERTEX
  5
452
330
3E5
100
AcDbEntity
  8
outside1_B
100
AcDbVertex
100
AcDb2dVertex
 10
-278.5435081312656
 20
2.107251911630911
 30
0.0
  0
VERTEX
  5
453
330
3E5
100
AcDbEntity
  8
outside1_B
100
AcDbVertex
100
AcDb2dVertex
 10
-278.9838070633257
 20
2.097660720923557
 30
0.0
  0
VERTEX
  5
454
330
3E5
100
AcDbEntity
  8
outside1_B
100
AcDbVertex
100
AcDb2dVertex
 10
-279.4240674506559
 20
2.088070369891767
 30
0.0
  0
VERTEX
  5
455
330
3E5
100
AcDbEntity
  8
outside1_B
100
AcDbVertex
100
AcDb2dVertex
 10
-279.8642586823418
 20
2.078372546196306
 30
0.0
  0
VERTEX
  5
456
330
3E5
100
AcDbEntity
  8
outside1_B
100
AcDbVertex
100
AcDb2dVertex
 10
-280.3045559034126
 20
2.068781392801839
 30
0.0
  0
VERTEX
  5
457
330
3E5
100
AcDbEntity
  8
outside1_B
100
AcDbVertex
100
AcDb2dVertex
 10
-280.7448476724431
 20
2.059091245730599
 30
0.0
  0
VERTEX
  5
458
330
3E5
100
AcDbEntity
  8
outside1_B
100
AcDbVertex
100
AcDb2dVertex
 10
-281.1851373411845
 20
2.049492549748862
 30
0.0
  0
VERTEX
  5
459
330
3E5
100
AcDbEntity
  8
outside1_B
100
AcDbVertex
100
AcDb2dVertex
 10
-281.6253033918281
 20
2.039802988365565
 30
0.0
  0
VERTEX
  5
45A
330
3E5
100
AcDbEntity
  8
outside1_B
100
AcDbVertex
100
AcDb2dVertex
 10
-282.0655950363405
 20
2.03011276013433
 30
0.0
  0
VERTEX
  5
45B
330
3E5
100
AcDbEntity
  8
outside1_B
100
AcDbVertex
100
AcDb2dVertex
 10
-282.5057840553571
 20
2.020415069101119
 30
0.0
  0
VERTEX
  5
45C
330
3E5
100
AcDbEntity
  8
outside1_B
100
AcDbVertex
100
AcDb2dVertex
 10
-282.9460473842924
 20
2.010725463994291
 30
0.0
  0
VERTEX
  5
45D
330
3E5
100
AcDbEntity
  8
outside1_B
100
AcDbVertex
100
AcDb2dVertex
 10
-283.3863408650736
 20
2.000928542360654
 30
0.0
  0
VERTEX
  5
45E
330
3E5
100
AcDbEntity
  8
outside1_B
100
AcDbVertex
100
AcDb2dVertex
 10
-283.8265644612615
 20
1.991237630280793
 30
0.0
  0
VERTEX
  5
45F
330
3E5
100
AcDbEntity
  8
outside1_B
100
AcDbVertex
100
AcDb2dVertex
 10
-284.2668269553697
 20
1.981548127502109
 30
0.0
  0
VERTEX
  5
460
330
3E5
100
AcDbEntity
  8
outside1_B
100
AcDbVertex
100
AcDb2dVertex
 10
-284.7071204101626
 20
1.971751206446726
 30
0.0
  0
VERTEX
  5
461
330
3E5
100
AcDbEntity
  8
outside1_B
100
AcDbVertex
100
AcDb2dVertex
 10
-285.1473116418486
 20
1.962061006826517
 30
0.0
  0
VERTEX
  5
462
330
3E5
100
AcDbEntity
  8
outside1_B
100
AcDbVertex
100
AcDb2dVertex
 10
-285.5875734342297
 20
1.952264790287956
 30
0.0
  0
VERTEX
  5
463
330
3E5
100
AcDbEntity
  8
outside1_B
100
AcDbVertex
100
AcDb2dVertex
 10
-286.0278961424376
 20
1.942474758086263
 30
0.0
  0
VERTEX
  5
464
330
3E5
100
AcDbEntity
  8
outside1_B
100
AcDbVertex
100
AcDb2dVertex
 10
-286.4680911861601
 20
1.93277693439083
 30
0.0
  0
VERTEX
  5
465
330
3E5
100
AcDbEntity
  8
outside1_B
100
AcDbVertex
100
AcDb2dVertex
 10
-286.908353838494
 20
1.922988237497378
 30
0.0
  0
VERTEX
  5
466
330
3E5
100
AcDbEntity
  8
outside1_B
100
AcDbVertex
100
AcDb2dVertex
 10
-287.3485428443057
 20
1.913191435136241
 30
0.0
  0
VERTEX
  5
467
330
3E5
100
AcDbEntity
  8
outside1_B
100
AcDbVertex
100
AcDb2dVertex
 10
-287.7888430914323
 20
1.903401987058089
 30
0.0
  0
VERTEX
  5
468
330
3E5
100
AcDbEntity
  8
outside1_B
100
AcDbVertex
100
AcDb2dVertex
 10
-288.2290281801156
 20
1.893605187034694
 30
0.0
  0
VERTEX
  5
469
330
3E5
100
AcDbEntity
  8
outside1_B
100
AcDbVertex
100
AcDb2dVertex
 10
-288.6693284798197
 20
1.883815737786378
 30
0.0
  0
VERTEX
  5
46A
330
3E5
100
AcDbEntity
  8
outside1_B
100
AcDbVertex
100
AcDb2dVertex
 10
-289.109513568503
 20
1.874018937762969
 30
0.0
  0
VERTEX
  5
46B
330
3E5
100
AcDbEntity
  8
outside1_B
100
AcDbVertex
100
AcDb2dVertex
 10
-289.5498138682073
 20
1.864229488514653
 30
0.0
  0
VERTEX
  5
46C
330
3E5
100
AcDbEntity
  8
outside1_B
100
AcDbVertex
100
AcDb2dVertex
 10
-289.9900994365913
 20
1.854432658076774
 30
0.0
  0
VERTEX
  5
46D
330
3E5
100
AcDbEntity
  8
outside1_B
100
AcDbVertex
100
AcDb2dVertex
 10
-290.4302654812955
 20
1.844643990354214
 30
0.0
  0
VERTEX
  5
46E
330
3E5
100
AcDbEntity
  8
outside1_B
100
AcDbVertex
100
AcDb2dVertex
 10
-290.8705558259595
 20
1.834747940702712
 30
0.0
  0
VERTEX
  5
46F
330
3E5
100
AcDbEntity
  8
outside1_B
100
AcDbVertex
100
AcDb2dVertex
 10
-291.3107832793453
 20
1.824957907359618
 30
0.0
  0
VERTEX
  5
470
330
3E5
100
AcDbEntity
  8
outside1_B
100
AcDbVertex
100
AcDb2dVertex
 10
-291.7510740779579
 20
1.815161045385935
 30
0.0
  0
VERTEX
  5
471
330
3E5
100
AcDbEntity
  8
outside1_B
100
AcDbVertex
100
AcDb2dVertex
 10
-292.191236258379
 20
1.805372378832146
 30
0.0
  0
VERTEX
  5
472
330
3E5
100
AcDbEntity
  8
outside1_B
100
AcDbVertex
100
AcDb2dVertex
 10
-292.6315280789555
 20
1.795476381687379
 30
0.0
  0
VERTEX
  5
473
330
3E5
100
AcDbEntity
  8
outside1_B
100
AcDbVertex
100
AcDb2dVertex
 10
-293.0717531433699
 20
1.785678776876409
 30
0.0
  0
VERTEX
  5
474
330
3E5
100
AcDbEntity
  8
outside1_B
100
AcDbVertex
100
AcDb2dVertex
 10
-293.5120495259458
 20
1.775889329965835
 30
0.0
  0
VERTEX
  5
475
330
3E5
100
AcDbEntity
  8
outside1_B
100
AcDbVertex
100
AcDb2dVertex
 10
-293.9522070080509
 20
1.766093144358152
 30
0.0
  0
VERTEX
  5
476
330
3E5
100
AcDbEntity
  8
outside1_B
100
AcDbVertex
100
AcDb2dVertex
 10
-294.3924974052973
 20
1.756204717600951
 30
0.0
  0
VERTEX
  5
477
330
3E5
100
AcDbEntity
  8
outside1_B
100
AcDbVertex
100
AcDb2dVertex
 10
-294.8327239727217
 20
1.746407164184831
 30
0.0
  0
VERTEX
  5
478
330
3E5
100
AcDbEntity
  8
outside1_B
100
AcDbVertex
100
AcDb2dVertex
 10
-295.2730203027208
 20
1.736617718444379
 30
0.0
  0
VERTEX
  5
479
330
3E5
100
AcDbEntity
  8
outside1_B
100
AcDbVertex
100
AcDb2dVertex
 10
-295.7131777848259
 20
1.726821532836695
 30
0.0
  0
VERTEX
  5
47A
330
3E5
100
AcDbEntity
  8
outside1_B
100
AcDbVertex
100
AcDb2dVertex
 10
-296.1534681820723
 20
1.716933106079495
 30
0.0
  0
VERTEX
  5
47B
330
3E5
100
AcDbEntity
  8
outside1_B
100
AcDbVertex
100
AcDb2dVertex
 10
-296.5936947494967
 20
1.707135552663374
 30
0.0
  0
VERTEX
  5
47C
330
3E5
100
AcDbEntity
  8
outside1_B
100
AcDbVertex
100
AcDb2dVertex
 10
-297.0339910794958
 20
1.697346106922936
 30
0.0
  0
VERTEX
  5
47D
330
3E5
100
AcDbEntity
  8
outside1_B
100
AcDbVertex
100
AcDb2dVertex
 10
-297.4741486146555
 20
1.687549920134458
 30
0.0
  0
VERTEX
  5
47E
330
3E5
100
AcDbEntity
  8
outside1_B
100
AcDbVertex
100
AcDb2dVertex
 10
-297.9144465833946
 20
1.677661494558194
 30
0.0
  0
VERTEX
  5
47F
330
3E5
100
AcDbEntity
  8
outside1_B
100
AcDbVertex
100
AcDb2dVertex
 10
-298.3546654211173
 20
1.667863943482217
 30
0.0
  0
VERTEX
  5
480
330
3E5
100
AcDbEntity
  8
outside1_B
100
AcDbVertex
100
AcDb2dVertex
 10
-298.7949618562707
 20
1.658074495401479
 30
0.0
  0
VERTEX
  5
481
330
3E5
100
AcDbEntity
  8
outside1_B
100
AcDbVertex
100
AcDb2dVertex
 10
-299.2352474771679
 20
1.648277663796023
 30
0.0
  0
VERTEX
  5
482
330
3E5
100
AcDbEntity
  8
outside1_B
100
AcDbVertex
100
AcDb2dVertex
 10
-299.6754497961079
 20
1.638488274160281
 30
0.0
  0
VERTEX
  5
483
330
3E5
100
AcDbEntity
  8
outside1_B
100
AcDbVertex
100
AcDb2dVertex
 10
-300.115736677593
 20
1.628691414524297
 30
0.0
  0
VERTEX
  5
484
330
3E5
100
AcDbEntity
  8
outside1_B
100
AcDbVertex
100
AcDb2dVertex
 10
-300.5559602929423
 20
1.618901381732471
 30
0.0
  0
VERTEX
  5
485
330
3E5
100
AcDbEntity
  8
outside1_B
100
AcDbVertex
100
AcDb2dVertex
 10
-300.9962506901522
 20
1.609203556879635
 30
0.0
  0
VERTEX
  5
486
330
3E5
100
AcDbEntity
  8
outside1_B
100
AcDbVertex
100
AcDb2dVertex
 10
-301.4364205728829
 20
1.599414888594865
 30
0.0
  0
VERTEX
  5
487
330
3E5
100
AcDbEntity
  8
outside1_B
100
AcDbVertex
100
AcDb2dVertex
 10
-301.8767398449946
 20
1.589617308232391
 30
0.0
  0
VERTEX
  5
488
330
3E5
100
AcDbEntity
  8
outside1_B
100
AcDbVertex
100
AcDb2dVertex
 10
-302.3169311292363
 20
1.579927107455234
 30
0.0
  0
VERTEX
  5
489
330
3E5
100
AcDbEntity
  8
outside1_B
100
AcDbVertex
100
AcDb2dVertex
 10
-302.7572297738952
 20
1.570130155742063
 30
0.0
  0
VERTEX
  5
48A
330
3E5
100
AcDbEntity
  8
outside1_B
100
AcDbVertex
100
AcDb2dVertex
 10
-303.197519382629
 20
1.560439972318676
 30
0.0
  0
VERTEX
  5
48B
330
3E5
100
AcDbEntity
  8
outside1_B
100
AcDbVertex
100
AcDb2dVertex
 10
-303.6377106143149
 20
1.550643035645209
 30
0.0
  0
VERTEX
  5
48C
330
3E5
100
AcDbEntity
  8
outside1_B
100
AcDbVertex
100
AcDb2dVertex
 10
-304.0780347090375
 20
1.540952093231482
 30
0.0
  0
VERTEX
  5
48D
330
3E5
100
AcDbEntity
  8
outside1_B
100
AcDbVertex
100
AcDb2dVertex
 10
-304.5182989802282
 20
1.531255011705397
 30
0.0
  0
VERTEX
  5
48E
330
3E5
100
AcDbEntity
  8
outside1_B
100
AcDbVertex
100
AcDb2dVertex
 10
-304.958492521824
 20
1.521465647737585
 30
0.0
  0
VERTEX
  5
48F
330
3E5
100
AcDbEntity
  8
outside1_B
100
AcDbVertex
100
AcDb2dVertex
 10
-305.3988142541265
 20
1.511774757317568
 30
0.0
  0
VERTEX
  5
490
330
3E5
100
AcDbEntity
  8
outside1_B
100
AcDbVertex
100
AcDb2dVertex
 10
-305.8391076030736
 20
1.502077035336654
 30
0.0
  0
VERTEX
  5
491
330
3E5
100
AcDbEntity
  8
outside1_B
100
AcDbVertex
100
AcDb2dVertex
 10
-306.2793334837407
 20
1.492386072947582
 30
0.0
  0
VERTEX
  5
492
330
3E5
100
AcDbEntity
  8
outside1_B
100
AcDbVertex
100
AcDb2dVertex
 10
-306.7196221424276
 20
1.48279502303194
 30
0.0
  0
VERTEX
  5
493
330
3E5
100
AcDbEntity
  8
outside1_B
100
AcDbVertex
100
AcDb2dVertex
 10
-307.1599125385194
 20
1.473097198203732
 30
0.0
  0
VERTEX
  5
494
330
3E5
100
AcDbEntity
  8
outside1_B
100
AcDbVertex
100
AcDb2dVertex
 10
-307.6002098307935
 20
1.463506126297091
 30
0.0
  0
VERTEX
  5
495
330
3E5
100
AcDbEntity
  8
outside1_B
100
AcDbVertex
100
AcDb2dVertex
 10
-308.0404010110519
 20
1.453808303734618
 30
0.0
  0
VERTEX
  5
496
330
3E5
100
AcDbEntity
  8
outside1_B
100
AcDbVertex
100
AcDb2dVertex
 10
-308.4807250993446
 20
1.444216482036396
 30
0.0
  0
VERTEX
  5
497
330
3E5
100
AcDbEntity
  8
outside1_B
100
AcDbVertex
100
AcDb2dVertex
 10
-308.9210231709856
 20
1.434625393152658
 30
0.0
  0
VERTEX
  5
498
330
3E5
100
AcDbEntity
  8
outside1_B
100
AcDbVertex
100
AcDb2dVertex
 10
-309.3613134127477
 20
1.425034308752004
 30
0.0
  0
VERTEX
  5
499
330
3E5
100
AcDbEntity
  8
outside1_B
100
AcDbVertex
100
AcDb2dVertex
 10
-309.8015990335045
 20
1.415435700978932
 30
0.0
  0
VERTEX
  5
49A
330
3E5
100
AcDbEntity
  8
outside1_B
100
AcDbVertex
100
AcDb2dVertex
 10
-310.2419018290527
 20
1.40584450915081
 30
0.0
  0
VERTEX
  5
49B
330
3E5
100
AcDbEntity
  8
outside1_B
100
AcDbVertex
100
AcDb2dVertex
 10
-310.6822204143647
 20
1.396252807327031
 30
0.0
  0
VERTEX
  5
49C
330
3E5
100
AcDbEntity
  8
outside1_B
100
AcDbVertex
100
AcDb2dVertex
 10
-311.1225100900413
 20
1.386753224021518
 30
0.0
  0
VERTEX
  5
49D
330
3E5
100
AcDbEntity
  8
outside1_B
100
AcDbVertex
100
AcDb2dVertex
 10
-311.562703734647
 20
1.377162084805519
 30
0.0
  0
VERTEX
  5
49E
330
3E5
100
AcDbEntity
  8
outside1_B
100
AcDbVertex
100
AcDb2dVertex
 10
-312.0030331290228
 20
1.367669433665313
 30
0.0
  0
VERTEX
  5
49F
330
3E5
100
AcDbEntity
  8
outside1_B
100
AcDbVertex
100
AcDb2dVertex
 10
-312.4434238084683
 20
1.358177433664139
 30
0.0
  0
VERTEX
  5
4A0
330
3E5
100
AcDbEntity
  8
outside1_B
100
AcDbVertex
100
AcDb2dVertex
 10
-312.8836123922718
 20
1.348685517084178
 30
0.0
  0
VERTEX
  5
4A1
330
3E5
100
AcDbEntity
  8
outside1_B
100
AcDbVertex
100
AcDb2dVertex
 10
-313.3240075008324
 20
1.339185961899673
 30
0.0
  0
VERTEX
  5
4A2
330
3E5
100
AcDbEntity
  8
outside1_B
100
AcDbVertex
100
AcDb2dVertex
 10
-313.764331899267
 20
1.329693254069326
 30
0.0
  0
VERTEX
  5
4A3
330
3E5
100
AcDbEntity
  8
outside1_B
100
AcDbVertex
100
AcDb2dVertex
 10
-314.2046606245817
 20
1.320299737254246
 30
0.0
  0
VERTEX
  5
4A4
330
3E5
100
AcDbEntity
  8
outside1_B
100
AcDbVertex
100
AcDb2dVertex
 10
-314.6449201622974
 20
1.310907533782952
 30
0.0
  0
VERTEX
  5
4A5
330
3E5
100
AcDbEntity
  8
outside1_B
100
AcDbVertex
100
AcDb2dVertex
 10
-315.0852412631278
 20
1.301414897063751
 30
0.0
  0
VERTEX
  5
4A6
330
3E5
100
AcDbEntity
  8
outside1_B
100
AcDbVertex
100
AcDb2dVertex
 10
-315.5255705931152
 20
1.292120487386796
 30
0.0
  0
VERTEX
  5
4A7
330
3E5
100
AcDbEntity
  8
outside1_B
100
AcDbVertex
100
AcDb2dVertex
 10
-315.965929949354
 20
1.282728268719367
 30
0.0
  0
VERTEX
  5
4A8
330
3E5
100
AcDbEntity
  8
outside1_B
100
AcDbVertex
100
AcDb2dVertex
 10
-316.406249740482
 20
1.273334779838819
 30
0.0
  0
VERTEX
  5
4A9
330
3E5
100
AcDbEntity
  8
outside1_B
100
AcDbVertex
100
AcDb2dVertex
 10
-316.8465784656889
 20
1.264040382927476
 30
0.0
  0
VERTEX
  5
4AA
330
3E5
100
AcDbEntity
  8
outside1_B
100
AcDbVertex
100
AcDb2dVertex
 10
-317.2869377650155
 20
1.254747271661955
 30
0.0
  0
VERTEX
  5
4AB
330
3E5
100
AcDbEntity
  8
outside1_B
100
AcDbVertex
100
AcDb2dVertex
 10
-317.7272582177418
 20
1.245353768670441
 30
0.0
  0
VERTEX
  5
4AC
330
3E5
100
AcDbEntity
  8
outside1_B
100
AcDbVertex
100
AcDb2dVertex
 10
-318.1675875412555
 20
1.236158479166235
 30
0.0
  0
VERTEX
  5
4AD
330
3E5
100
AcDbEntity
  8
outside1_B
100
AcDbVertex
100
AcDb2dVertex
 10
-318.6079769495742
 20
1.226864732498996
 30
0.0
  0
VERTEX
  5
4AE
330
3E5
100
AcDbEntity
  8
outside1_B
100
AcDbVertex
100
AcDb2dVertex
 10
-319.0482673440558
 20
1.217670096728511
 30
0.0
  0
VERTEX
  5
4AF
330
3E5
100
AcDbEntity
  8
outside1_B
100
AcDbVertex
100
AcDb2dVertex
 10
-319.488664425773
 20
1.208376349020384
 30
0.0
  0
VERTEX
  5
4B0
330
3E5
100
AcDbEntity
  8
outside1_B
100
AcDbVertex
100
AcDb2dVertex
 10
-319.929018531494
 20
1.199180382760645
 30
0.0
  0
VERTEX
  5
4B1
330
3E5
100
AcDbEntity
  8
outside1_B
100
AcDbVertex
100
AcDb2dVertex
 10
-320.3694162543291
 20
1.190092471853859
 30
0.0
  0
VERTEX
  5
4B2
330
3E5
100
AcDbEntity
  8
outside1_B
100
AcDbVertex
100
AcDb2dVertex
 10
-320.8098026674332
 20
1.180897900688862
 30
0.0
  0
VERTEX
  5
4B3
330
3E5
100
AcDbEntity
  8
outside1_B
100
AcDbVertex
100
AcDb2dVertex
 10
-321.2501230784581
 20
1.171801757825619
 30
0.0
  0
VERTEX
  5
4B4
330
3E5
100
AcDbEntity
  8
outside1_B
100
AcDbVertex
100
AcDb2dVertex
 10
-321.6905215261542
 20
1.16270620785852
 30
0.0
  0
VERTEX
  5
4B5
330
3E5
100
AcDbEntity
  8
outside1_B
100
AcDbVertex
100
AcDb2dVertex
 10
-322.1309108862482
 20
1.153610688121091
 30
0.0
  0
VERTEX
  5
4B6
330
3E5
100
AcDbEntity
  8
outside1_B
100
AcDbVertex
100
AcDb2dVertex
 10
-322.5713410791544
 20
1.144522107129404
 30
0.0
  0
VERTEX
  5
4B7
330
3E5
100
AcDbEntity
  8
outside1_B
100
AcDbVertex
100
AcDb2dVertex
 10
-323.0117274922487
 20
1.135525760550252
 30
0.0
  0
VERTEX
  5
4B8
330
3E5
100
AcDbEntity
  8
outside1_B
100
AcDbVertex
100
AcDb2dVertex
 10
-323.4520202467525
 20
1.12643018901565
 30
0.0
  0
VERTEX
  5
4B9
330
3E5
100
AcDbEntity
  8
outside1_B
100
AcDbVertex
100
AcDb2dVertex
 10
-323.8924793649637
 20
1.117440138112471
 30
0.0
  0
VERTEX
  5
4BA
330
3E5
100
AcDbEntity
  8
outside1_B
100
AcDbVertex
100
AcDb2dVertex
 10
-324.3328664610272
 20
1.108542890027962
 30
0.0
  0
VERTEX
  5
4BB
330
3E5
100
AcDbEntity
  8
outside1_B
100
AcDbVertex
100
AcDb2dVertex
 10
-324.7732659043601
 20
1.0995464330109
 30
0.0
  0
VERTEX
  5
4BC
330
3E5
100
AcDbEntity
  8
outside1_B
100
AcDbVertex
100
AcDb2dVertex
 10
-325.2136883768547
 20
1.090656094854509
 30
0.0
  0
VERTEX
  5
4BD
330
3E5
100
AcDbEntity
  8
outside1_B
100
AcDbVertex
100
AcDb2dVertex
 10
-325.6540808306774
 20
1.081758892516049
 30
0.0
  0
VERTEX
  5
4BE
330
3E5
100
AcDbEntity
  8
outside1_B
100
AcDbVertex
100
AcDb2dVertex
 10
-326.0946030360156
 20
1.072868541936757
 30
0.0
  0
VERTEX
  5
4BF
330
3E5
100
AcDbEntity
  8
outside1_B
100
AcDbVertex
100
AcDb2dVertex
 10
-326.5350278854863
 20
1.064069804378946
 30
0.0
  0
VERTEX
  5
4C0
330
3E5
100
AcDbEntity
  8
outside1_B
100
AcDbVertex
100
AcDb2dVertex
 10
-326.9754219721485
 20
1.055279153197574
 30
0.0
  0
VERTEX
  5
4C1
330
3E5
100
AcDbEntity
  8
outside1_B
100
AcDbVertex
100
AcDb2dVertex
 10
-327.4158067064073
 20
1.046481064703272
 30
0.0
  0
VERTEX
  5
4C2
330
3E5
100
AcDbEntity
  8
outside1_B
100
AcDbVertex
100
AcDb2dVertex
 10
-327.8563389864697
 20
1.037689785772571
 30
0.0
  0
VERTEX
  5
4C3
330
3E5
100
AcDbEntity
  8
outside1_B
100
AcDbVertex
100
AcDb2dVertex
 10
-328.2967584865523
 20
1.028997747095673
 30
0.0
  0
VERTEX
  5
4C4
330
3E5
100
AcDbEntity
  8
outside1_B
100
AcDbVertex
100
AcDb2dVertex
 10
-328.737251263724
 20
1.02029874472467
 30
0.0
  0
VERTEX
  5
4C5
330
3E5
100
AcDbEntity
  8
outside1_B
100
AcDbVertex
100
AcDb2dVertex
 10
-329.1776754863741
 20
1.011606612822618
 30
0.0
  0
VERTEX
  5
4C6
330
3E5
100
AcDbEntity
  8
outside1_B
100
AcDbVertex
100
AcDb2dVertex
 10
-329.618203028745
 20
1.003013668567093
 30
0.0
  0
VERTEX
  5
4C7
330
3E5
100
AcDbEntity
  8
outside1_B
100
AcDbVertex
100
AcDb2dVertex
 10
-330.0585911964692
 20
0.9944213609445427
 30
0.0
  0
VERTEX
  5
4C8
330
3E5
100
AcDbEntity
  8
outside1_B
100
AcDbVertex
100
AcDb2dVertex
 10
-330.4990839587163
 20
0.9858214710737911
 30
0.0
  0
VERTEX
  5
4C9
330
3E5
100
AcDbEntity
  8
outside1_B
100
AcDbVertex
100
AcDb2dVertex
 10
-330.9396079011917
 20
0.9772284482712621
 30
0.0
  0
VERTEX
  5
4CA
330
3E5
100
AcDbEntity
  8
outside1_B
100
AcDbVertex
100
AcDb2dVertex
 10
-331.3801348375859
 20
0.968734635730911
 30
0.0
  0
VERTEX
  5
4CB
330
3E5
100
AcDbEntity
  8
outside1_B
100
AcDbVertex
100
AcDb2dVertex
 10
-331.8205230201727
 20
0.9602414405095061
 30
0.0
  0
VERTEX
  5
4CC
330
3E5
100
AcDbEntity
  8
outside1_B
100
AcDbVertex
100
AcDb2dVertex
 10
-332.2610511408317
 20
0.9517476051323541
 30
0.0
  0
VERTEX
  5
4CD
330
3E5
100
AcDbEntity
  8
outside1_B
100
AcDbVertex
100
AcDb2dVertex
 10
-332.7015703625369
 20
0.9433529142036434
 30
0.0
  0
VERTEX
  5
4CE
330
3E5
100
AcDbEntity
  8
outside1_B
100
AcDbVertex
100
AcDb2dVertex
 10
-333.1420666472256
 20
0.9349588056579705
 30
0.0
  0
VERTEX
  5
4CF
330
3E5
100
AcDbEntity
  8
outside1_B
100
AcDbVertex
100
AcDb2dVertex
 10
-333.5825858691665
 20
0.9265641147247408
 30
0.0
  0
VERTEX
  5
4D0
330
3E5
100
AcDbEntity
  8
outside1_B
100
AcDbVertex
100
AcDb2dVertex
 10
-334.0231128053175
 20
0.9182685419789749
 30
0.0
  0
VERTEX
  5
4D1
330
3E5
100
AcDbEntity
  8
outside1_B
100
AcDbVertex
100
AcDb2dVertex
 10
-334.4636090000127
 20
0.9099735481262599
 30
0.0
  0
VERTEX
  5
4D2
330
3E5
100
AcDbEntity
  8
outside1_B
100
AcDbVertex
100
AcDb2dVertex
 10
-334.9042279138221
 20
0.9016779662967593
 30
0.0
  0
VERTEX
  5
4D3
330
3E5
100
AcDbEntity
  8
outside1_B
100
AcDbVertex
100
AcDb2dVertex
 10
-335.3447542718628
 20
0.893481524202258
 30
0.0
  0
VERTEX
  5
4D4
330
3E5
100
AcDbEntity
  8
outside1_B
100
AcDbVertex
100
AcDb2dVertex
 10
-335.7852474773072
 20
0.885293181206535
 30
0.0
  0
VERTEX
  5
4D5
330
3E5
100
AcDbEntity
  8
outside1_B
100
AcDbVertex
100
AcDb2dVertex
 10
-336.2258693748726
 20
0.8770968056887085
 30
0.0
  0
VERTEX
  5
4D6
330
3E5
100
AcDbEntity
  8
outside1_B
100
AcDbVertex
100
AcDb2dVertex
 10
-336.6663880282945
 20
0.8689994848299705
 30
0.0
  0
VERTEX
  5
4D7
330
3E5
100
AcDbEntity
  8
outside1_B
100
AcDbVertex
100
AcDb2dVertex
 10
-337.1069845510203
 20
0.8609026946017195
 30
0.0
  0
VERTEX
  5
4D8
330
3E5
100
AcDbEntity
  8
outside1_B
100
AcDbVertex
100
AcDb2dVertex
 10
-337.547612309982
 20
0.8528129549474812
 30
0.0
  0
VERTEX
  5
4D9
330
3E5
100
AcDbEntity
  8
outside1_B
100
AcDbVertex
100
AcDb2dVertex
 10
-337.9881457364184
 20
0.8448144856118915
 30
0.0
  0
VERTEX
  5
4DA
330
3E5
100
AcDbEntity
  8
outside1_B
100
AcDbVertex
100
AcDb2dVertex
 10
-338.8693688021085
 20
0.8289253277221462
 30
0.0
  0
VERTEX
  5
4DB
330
3E5
100
AcDbEntity
  8
outside1_B
100
AcDbVertex
100
AcDb2dVertex
 10
-339.7505824635724
 20
0.8131353183528631
 30
0.0
  0
VERTEX
  5
4DC
330
3E5
100
AcDbEntity
  8
outside1_B
100
AcDbVertex
100
AcDb2dVertex
 10
-340.6318126729354
 20
0.7974441307593594
 30
0.0
  0
VERTEX
  5
4DD
330
3E5
100
AcDbEntity
  8
outside1_B
100
AcDbVertex
100
AcDb2dVertex
 10
-341.5130573350888
 20
0.7819585502574284
 30
0.0
  0
VERTEX
  5
4DE
330
3E5
100
AcDbEntity
  8
outside1_B
100
AcDbVertex
100
AcDb2dVertex
 10
-342.3943933664615
 20
0.7666638517987536
 30
0.0
  0
VERTEX
  5
4DF
330
3E5
100
AcDbEntity
  8
outside1_B
100
AcDbVertex
100
AcDb2dVertex
 10
-343.2757226843839
 20
0.7514758803015837
 30
0.0
  0
VERTEX
  5
4E0
330
3E5
100
AcDbEntity
  8
outside1_B
100
AcDbVertex
100
AcDb2dVertex
 10
-344.1570740492231
 20
0.7364859000841477
 30
0.0
  0
VERTEX
  5
4E1
330
3E5
100
AcDbEntity
  8
outside1_B
100
AcDbVertex
100
AcDb2dVertex
 10
-345.0385013007514
 20
0.7216944216189773
 30
0.0
  0
VERTEX
  5
4E2
330
3E5
100
AcDbEntity
  8
outside1_B
100
AcDbVertex
100
AcDb2dVertex
 10
-345.9198382392676
 20
0.7070020416260547
 30
0.0
  0
VERTEX
  5
4E3
330
3E5
100
AcDbEntity
  8
outside1_B
100
AcDbVertex
100
AcDb2dVertex
 10
-346.8012659927938
 20
0.6925155338478675
 30
0.0
  0
VERTEX
  5
4E4
330
3E5
100
AcDbEntity
  8
outside1_B
100
AcDbVertex
100
AcDb2dVertex
 10
-347.682815566681
 20
0.6781202735922136
 30
0.0
  0
VERTEX
  5
4E5
330
3E5
100
AcDbEntity
  8
outside1_B
100
AcDbVertex
100
AcDb2dVertex
 10
-348.5643584445589
 20
0.6640299828215745
 30
0.0
  0
VERTEX
  5
4E6
330
3E5
100
AcDbEntity
  8
outside1_B
100
AcDbVertex
100
AcDb2dVertex
 10
-349.4459031327233
 20
0.6500389043415566
 30
0.0
  0
VERTEX
  5
4E7
330
3E5
100
AcDbEntity
  8
outside1_B
100
AcDbVertex
100
AcDb2dVertex
 10
-350.7682594494952
 20
0.6294526175968258
 30
0.0
  0
VERTEX
  5
4E8
330
3E5
100
AcDbEntity
  8
outside1_B
100
AcDbVertex
100
AcDb2dVertex
 10
-352.090722661018
 20
0.6092628051797817
 30
0.0
  0
VERTEX
  5
4E9
330
3E5
100
AcDbEntity
  8
outside1_B
100
AcDbVertex
100
AcDb2dVertex
 10
-353.4130789799645
 20
0.5894770962203779
 30
0.0
  0
VERTEX
  5
4EA
330
3E5
100
AcDbEntity
  8
outside1_B
100
AcDbVertex
100
AcDb2dVertex
 10
-354.7354531630002
 20
0.570087713757431
 30
0.0
  0
VERTEX
  5
4EB
330
3E5
100
AcDbEntity
  8
outside1_B
100
AcDbVertex
100
AcDb2dVertex
 10
-356.0577102287787
 20
0.5512017036898271
 30
0.0
  0
VERTEX
  5
4EC
330
3E5
100
AcDbEntity
  8
outside1_B
100
AcDbVertex
100
AcDb2dVertex
 10
-357.3798782998993
 20
0.5326129087242464
 30
0.0
  0
VERTEX
  5
4ED
330
3E5
100
AcDbEntity
  8
outside1_B
100
AcDbVertex
100
AcDb2dVertex
 10
-358.7018584031187
 20
0.5146263180545532
 30
0.0
  0
VERTEX
  5
4EE
330
3E5
100
AcDbEntity
  8
outside1_B
100
AcDbVertex
100
AcDb2dVertex
 10
-360.0237265591069
 20
0.4970364822359841
 30
0.0
  0
VERTEX
  5
4EF
330
3E5
100
AcDbEntity
  8
outside1_B
100
AcDbVertex
100
AcDb2dVertex
 10
-361.3453910944626
 20
0.4798506192443739
 30
0.0
  0
VERTEX
  5
4F0
330
3E5
100
AcDbEntity
  8
outside1_B
100
AcDbVertex
100
AcDb2dVertex
 10
-362.6666533933957
 20
0.463160428394545
 30
0.0
  0
VERTEX
  5
4F1
330
3E5
100
AcDbEntity
  8
outside1_B
100
AcDbVertex
100
AcDb2dVertex
 10
-363.5474083645838
 20
0.4522647893046923
 30
0.0
  0
VERTEX
  5
4F2
330
3E5
100
AcDbEntity
  8
outside1_B
100
AcDbVertex
100
AcDb2dVertex
 10
-364.4281575905073
 20
0.4415750857644554
 30
0.0
  0
VERTEX
  5
4F3
330
3E5
100
AcDbEntity
  8
outside1_B
100
AcDbVertex
100
AcDb2dVertex
 10
-365.3091055876469
 20
0.4310759911473525
 30
0.0
  0
VERTEX
  5
4F4
330
3E5
100
AcDbEntity
  8
outside1_B
100
AcDbVertex
100
AcDb2dVertex
 10
-366.1903763851887
 20
0.4207825530379807
 30
0.0
  0
VERTEX
  5
4F5
330
3E5
100
AcDbEntity
  8
outside1_B
100
AcDbVertex
100
AcDb2dVertex
 10
-367.0719198373775
 20
0.410794299285385
 30
0.0
  0
VERTEX
  5
4F6
330
3E5
100
AcDbEntity
  8
outside1_B
100
AcDbVertex
100
AcDb2dVertex
 10
-367.9541655015151
 20
0.4008975326096333
 30
0.0
  0
VERTEX
  5
4F7
330
3E5
100
AcDbEntity
  8
outside1_B
100
AcDbVertex
100
AcDb2dVertex
 10
-368.8372519110416
 20
0.3913053976439613
 30
0.0
  0
VERTEX
  5
4F8
330
3E5
100
AcDbEntity
  8
outside1_B
100
AcDbVertex
100
AcDb2dVertex
 10
-370.6058125180317
 20
0.3727168998993591
 30
0.0
  0
VERTEX
  5
4F9
330
3E5
100
AcDbEntity
  8
outside1_B
100
AcDbVertex
100
AcDb2dVertex
 10
-371.0484832610874
 20
0.3682179035098727
 30
0.0
  0
VERTEX
  5
4FA
330
3E5
100
AcDbEntity
  8
outside1_B
100
AcDbVertex
100
AcDb2dVertex
 10
-371.9337000629992
 20
0.3594192593055823
 30
0.0
  0
VERTEX
  5
4FB
330
3E5
100
AcDbEntity
  8
outside1_B
100
AcDbVertex
100
AcDb2dVertex
 10
-372.8185496690519
 20
0.3507272199533986
 30
0.0
  0
VERTEX
  5
4FC
330
3E5
100
AcDbEntity
  8
outside1_B
100
AcDbVertex
100
AcDb2dVertex
 10
-373.7025121975803
 20
0.3423324199472688
 30
0.0
  0
VERTEX
  5
4FD
330
3E5
100
AcDbEntity
  8
outside1_B
100
AcDbVertex
100
AcDb2dVertex
 10
-374.5849693112617
 20
0.3341358225427769
 30
0.0
  0
VERTEX
  5
4FE
330
3E5
100
AcDbEntity
  8
outside1_B
100
AcDbVertex
100
AcDb2dVertex
 10
-375.9047361202468
 20
0.3223482418831765
 30
0.0
  0
VERTEX
  5
4FF
330
3E5
100
AcDbEntity
  8
outside1_B
100
AcDbVertex
100
AcDb2dVertex
 10
-376.7811549176805
 20
0.3147543913199371
 30
0.0
  0
VERTEX
  5
500
330
3E5
100
AcDbEntity
  8
outside1_B
100
AcDbVertex
100
AcDb2dVertex
 10
-377.2184106668181
 20
0.3109494488879676
 30
0.0
  0
VERTEX
  5
501
330
3E5
100
AcDbEntity
  8
outside1_B
100
AcDbVertex
100
AcDb2dVertex
 10
-377.6553665347806
 20
0.307357968122048
 30
0.0
  0
VERTEX
  5
502
330
3E5
100
AcDbEntity
  8
outside1_B
100
AcDbVertex
100
AcDb2dVertex
 10
-378.0923590645398
 20
0.3037594392844767
 30
0.0
  0
VERTEX
  5
503
330
3E5
100
AcDbEntity
  8
outside1_B
100
AcDbVertex
100
AcDb2dVertex
 10
-378.5298944782415
 20
0.3001605839246366
 30
0.0
  0
VERTEX
  5
504
330
3E5
100
AcDbEntity
  8
outside1_B
100
AcDbVertex
100
AcDb2dVertex
 10
-378.9682537205468
 20
0.2966606031944252
 30
0.0
  0
VERTEX
  5
505
330
3E5
100
AcDbEntity
  8
outside1_B
100
AcDbVertex
100
AcDb2dVertex
 10
-379.4076841291621
 20
0.2932599583748328
 30
0.0
  0
VERTEX
  5
506
330
3E5
100
AcDbEntity
  8
outside1_B
100
AcDbVertex
100
AcDb2dVertex
 10
-379.8487145509746
 20
0.2898669474535893
 30
0.0
  0
VERTEX
  5
507
330
3E5
100
AcDbEntity
  8
outside1_B
100
AcDbVertex
100
AcDb2dVertex
 10
-380.2915442762169
 20
0.286565434470532
 30
0.0
  0
VERTEX
  5
508
330
3E5
100
AcDbEntity
  8
outside1_B
100
AcDbVertex
100
AcDb2dVertex
 10
-380.7360646284117
 20
0.2832715615349031
 30
0.0
  0
VERTEX
  5
509
330
3E5
100
AcDbEntity
  8
outside1_B
100
AcDbVertex
100
AcDb2dVertex
 10
-381.1817258375792
 20
0.2800689863740615
 30
0.0
  0
VERTEX
  5
50A
330
3E5
100
AcDbEntity
  8
outside1_B
100
AcDbVertex
100
AcDb2dVertex
 10
-381.6279511745666
 20
0.2769733762514193
 30
0.0
  0
VERTEX
  5
50B
330
3E5
100
AcDbEntity
  8
outside1_B
100
AcDbVertex
100
AcDb2dVertex
 10
-382.0741696913489
 20
0.2738778134427662
 30
0.0
  0
VERTEX
  5
50C
330
3E5
100
AcDbEntity
  8
outside1_B
100
AcDbVertex
100
AcDb2dVertex
 10
-382.5199765081143
 20
0.2708737449323166
 30
0.0
  0
VERTEX
  5
50D
330
3E5
100
AcDbEntity
  8
outside1_B
100
AcDbVertex
100
AcDb2dVertex
 10
-382.964701162013
 20
0.2678772974459349
 30
0.0
  0
VERTEX
  5
50E
330
3E5
100
AcDbEntity
  8
outside1_B
100
AcDbVertex
100
AcDb2dVertex
 10
-383.4079428796009
 20
0.2649797943892622
 30
0.0
  0
VERTEX
  5
50F
330
3E5
100
AcDbEntity
  8
outside1_B
100
AcDbVertex
100
AcDb2dVertex
 10
-383.8492664345661
 20
0.2621815886487582
 30
0.0
  0
VERTEX
  5
510
330
3E5
100
AcDbEntity
  8
outside1_B
100
AcDbVertex
100
AcDb2dVertex
 10
-384.2887692273712
 20
0.2593834217909432
 30
0.0
  0
VERTEX
  5
511
330
3E5
100
AcDbEntity
  8
outside1_B
100
AcDbVertex
100
AcDb2dVertex
 10
-384.7266933588442
 20
0.2566843281468749
 30
0.0
  0
VERTEX
  5
512
330
3E5
100
AcDbEntity
  8
outside1_B
100
AcDbVertex
100
AcDb2dVertex
 10
-385.1636264433833
 20
0.2539852335763868
 30
0.0
  0
VERTEX
  5
513
330
3E5
100
AcDbEntity
  8
outside1_B
100
AcDbVertex
100
AcDb2dVertex
 10
-385.5996765770849
 20
0.2513926926492616
 30
0.0
  0
VERTEX
  5
514
330
3E5
100
AcDbEntity
  8
outside1_B
100
AcDbVertex
100
AcDb2dVertex
 10
-386.0354053498259
 20
0.248891834570955
 30
0.0
  0
VERTEX
  5
515
330
3E5
100
AcDbEntity
  8
outside1_B
100
AcDbVertex
100
AcDb2dVertex
 10
-386.4709988802209
 20
0.2463911400985666
 30
0.0
  0
VERTEX
  5
516
330
3E5
100
AcDbEntity
  8
outside1_B
100
AcDbVertex
100
AcDb2dVertex
 10
-386.9068573660973
 20
0.2438976878936217
 30
0.0
  0
VERTEX
  5
517
330
3E5
100
AcDbEntity
  8
outside1_B
100
AcDbVertex
100
AcDb2dVertex
 10
-387.343411778334
 20
0.2415948961571672
 30
0.0
  0
VERTEX
  5
518
330
3E5
100
AcDbEntity
  8
outside1_B
100
AcDbVertex
100
AcDb2dVertex
 10
-387.7808126946126
 20
0.2393000088979278
 30
0.0
  0
VERTEX
  5
519
330
3E5
100
AcDbEntity
  8
outside1_B
100
AcDbVertex
100
AcDb2dVertex
 10
-388.2196442417087
 20
0.2369973517893698
 30
0.0
  0
VERTEX
  5
51A
330
3E5
100
AcDbEntity
  8
outside1_B
100
AcDbVertex
100
AcDb2dVertex
 10
-388.6601107953706
 20
0.2348012717489496
 30
0.0
  0
VERTEX
  5
51B
330
3E5
100
AcDbEntity
  8
outside1_B
100
AcDbVertex
100
AcDb2dVertex
 10
-389.1026675743213
 20
0.2327043160611026
 30
0.0
  0
VERTEX
  5
51C
330
3E5
100
AcDbEntity
  8
outside1_B
100
AcDbVertex
100
AcDb2dVertex
 10
-390.445708273345
 20
0.2267038333412756
 30
0.0
  0
VERTEX
  5
51D
330
3E5
100
AcDbEntity
  8
outside1_B
100
AcDbVertex
100
AcDb2dVertex
 10
-390.8990596138697
 20
0.2248051472345196
 30
0.0
  0
VERTEX
  5
51E
330
3E5
100
AcDbEntity
  8
outside1_B
100
AcDbVertex
100
AcDb2dVertex
 10
-391.3536688662444
 20
0.2230057412308923
 30
0.0
  0
VERTEX
  5
51F
330
3E5
100
AcDbEntity
  8
outside1_B
100
AcDbVertex
100
AcDb2dVertex
 10
-391.807677950005
 20
0.221206356822421
 30
0.0
  0
VERTEX
  5
520
330
3E5
100
AcDbEntity
  8
outside1_B
100
AcDbVertex
100
AcDb2dVertex
 10
-392.2595207844717
 20
0.2195059796229657
 30
0.0
  0
VERTEX
  5
521
330
3E5
100
AcDbEntity
  8
outside1_B
100
AcDbVertex
100
AcDb2dVertex
 10
-392.7074392898751
 20
0.2179124791186098
 30
0.0
  0
VERTEX
  5
522
330
3E5
100
AcDbEntity
  8
outside1_B
100
AcDbVertex
100
AcDb2dVertex
 10
-393.1495429925229
 20
0.2163113723418775
 30
0.0
  0
VERTEX
  5
523
330
3E5
100
AcDbEntity
  8
outside1_B
100
AcDbVertex
100
AcDb2dVertex
 10
-393.5843440649444
 20
0.2148093766333261
 30
0.0
  0
VERTEX
  5
524
330
3E5
100
AcDbEntity
  8
outside1_B
100
AcDbVertex
100
AcDb2dVertex
 10
-394.0101938685919
 20
0.2133148992561615
 30
0.0
  0
VERTEX
  5
525
330
3E5
100
AcDbEntity
  8
outside1_B
100
AcDbVertex
100
AcDb2dVertex
 10
-394.4276290017695
 20
0.2120111292511666
 30
0.0
  0
VERTEX
  5
526
330
3E5
100
AcDbEntity
  8
outside1_B
100
AcDbVertex
100
AcDb2dVertex
 10
-394.8398605707003
 20
0.2106158276362038
 30
0.0
  0
VERTEX
  5
527
330
3E5
100
AcDbEntity
  8
outside1_B
100
AcDbVertex
100
AcDb2dVertex
 10
-395.2504352843156
 20
0.2094186611917053
 30
0.0
  0
VERTEX
  5
528
330
3E5
100
AcDbEntity
  8
outside1_B
100
AcDbVertex
100
AcDb2dVertex
 10
-395.6625525540331
 20
0.2082140412006908
 30
0.0
  0
VERTEX
  5
529
330
3E5
100
AcDbEntity
  8
outside1_B
100
AcDbVertex
100
AcDb2dVertex
 10
-396.0799110708029
 20
0.2070169261916845
 30
0.0
  0
VERTEX
  5
52A
330
3E5
100
AcDbEntity
  8
outside1_B
100
AcDbVertex
100
AcDb2dVertex
 10
-396.5059077696213
 20
0.2059188393266282
 30
0.0
  0
VERTEX
  5
52B
330
3E5
100
AcDbEntity
  8
outside1_B
100
AcDbVertex
100
AcDb2dVertex
 10
-397.3965654454153
 20
0.2039211309877942
 30
0.0
  0
VERTEX
  5
52C
330
3E5
100
AcDbEntity
  8
outside1_B
100
AcDbVertex
100
AcDb2dVertex
 10
-397.8646253039863
 20
0.2030213384865505
 30
0.0
  0
VERTEX
  5
52D
330
3E5
100
AcDbEntity
  8
outside1_B
100
AcDbVertex
100
AcDb2dVertex
 10
-398.3454193549883
 20
0.2022207521159913
 30
0.0
  0
VERTEX
  5
52E
330
3E5
100
AcDbEntity
  8
outside1_B
100
AcDbVertex
100
AcDb2dVertex
 10
-398.836724604968
 20
0.2014201583112651
 30
0.0
  0
VERTEX
  5
52F
330
3E5
100
AcDbEntity
  8
outside1_B
100
AcDbVertex
100
AcDb2dVertex
 10
-399.3359335251105
 20
0.2007186580721765
 30
0.0
  0
VERTEX
  5
530
330
3E5
100
AcDbEntity
  8
outside1_B
100
AcDbVertex
100
AcDb2dVertex
 10
-399.8379174881102
 20
0.2001239445463483
 30
0.0
  0
VERTEX
  5
531
330
3E5
100
AcDbEntity
  8
outside1_B
100
AcDbVertex
100
AcDb2dVertex
 10
-400.3367789670918
 20
0.1995216205141048
 30
0.0
  0
VERTEX
  5
532
330
3E5
100
AcDbEntity
  8
outside1_B
100
AcDbVertex
100
AcDb2dVertex
 10
-400.8260684580111
 20
0.1990184088533837
 30
0.0
  0
VERTEX
  5
533
330
3E5
100
AcDbEntity
  8
outside1_B
100
AcDbVertex
100
AcDb2dVertex
 10
-401.3000460880997
 20
0.1985228236910643
 30
0.0
  0
VERTEX
  5
534
330
3E5
100
AcDbEntity
  8
outside1_B
100
AcDbVertex
100
AcDb2dVertex
 10
-401.7558502616725
 20
0.1981187284583825
 30
0.0
  0
VERTEX
  5
535
330
3E5
100
AcDbEntity
  8
outside1_B
100
AcDbVertex
100
AcDb2dVertex
 10
-402.1916033987025
 20
0.1977222287141558
 30
0.0
  0
VERTEX
  5
536
330
3E5
100
AcDbEntity
  8
outside1_B
100
AcDbVertex
100
AcDb2dVertex
 10
-402.605730634733
 20
0.1975239941582743
 30
0.0
  0
VERTEX
  5
537
330
3E5
100
AcDbEntity
  8
outside1_B
100
AcDbVertex
100
AcDb2dVertex
 10
-402.9975917672928
 20
0.197219008259097
 30
0.0
  0
VERTEX
  5
538
330
3E5
100
AcDbEntity
  8
outside1_B
100
AcDbVertex
100
AcDb2dVertex
 10
-403.3741999031419
 20
0.1971198767743942
 30
0.0
  0
SEQEND
  5
539
330
3E5
100
AcDbEntity
  8
outside1_B
  0
ENDSEC
  0
SECTION
  2
OBJECTS
  0
DICTIONARY
  5
C
330
0
100
AcDbDictionary
281
     1
  3
ACAD_DETAILVIEWSTYLE
350
575
  3
ACAD_GROUP
350
D
  3
ACAD_LAYOUT
350
1A
  3
ACAD_MATERIAL
350
43
  3
ACAD_MLEADERSTYLE
350
5B
  3
ACAD_MLINESTYLE
350
17
  3
ACAD_PLOTSETTINGS
350
19
  3
ACAD_PLOTSTYLENAME
350
E
  3
ACAD_SCALELIST
350
47
  3
ACAD_SECTIONVIEWSTYLE
350
576
  3
ACAD_TABLESTYLE
350
59
  3
ACAD_VISUALSTYLE
350
2A
  3
AcDbVariableDictionary
350
53A
  3
ACDB_RECOMPOSE_DATA
350
572
  0
SUN
  5
5D
330
29
100
AcDbSun
 90
        1
290
     0
 63
     7
421
 16777215
 40
1.0
291
     1
 91
  2455826
 92
 54000000
292
     0
 70
     2
 71
   256
280
     1
  0
DICTIONARY
  5
575
102
{ACAD_REACTORS
330
C
102
}
330
C
100
AcDbDictionary
281
     1
  0
DICTIONARY
  5
D
102
{ACAD_REACTORS
330
C
102
}
330
C
100
AcDbDictionary
281
     1
  0
DICTIONARY
  5
1A
102
{ACAD_REACTORS
330
C
102
}
330
C
100
AcDbDictionary
281
     1
  3
Layout1
350
1E
  3
Layout2
350
26
  3
Model
350
22
  0
DICTIONARY
  5
43
102
{ACAD_REACTORS
330
C
102
}
330
C
100
AcDbDictionary
281
     1
  3
ByBlock
350
45
  3
ByLayer
350
44
  3
Global
350
46
  0
DICTIONARY
  5
5B
102
{ACAD_REACTORS
330
C
102
}
330
C
100
AcDbDictionary
281
     1
  3
Standard
350
5C
  0
DICTIONARY
  5
17
102
{ACAD_REACTORS
330
C
102
}
330
C
100
AcDbDictionary
281
     1
  3
Standard
350
18
  0
DICTIONARY
  5
19
102
{ACAD_REACTORS
330
C
102
}
330
C
100
AcDbDictionary
281
     1
  0
ACDBDICTIONARYWDFLT
  5
E
102
{ACAD_REACTORS
330
C
102
}
330
C
100
AcDbDictionary
281
     1
  3
Normal
350
F
100
AcDbDictionaryWithDefault
340
F
  0
DICTIONARY
  5
47
102
{ACAD_REACTORS
330
C
102
}
330
C
100
AcDbDictionary
281
     1
  3
A0
350
48
  3
A1
350
49
  3
A2
350
4A
  3
A3
350
4B
  3
A4
350
4C
  3
A5
350
4D
  3
A6
350
4E
  3
A7
350
4F
  3
A8
350
50
  3
A9
350
51
  3
B1
350
52
  3
B2
350
53
  3
B3
350
54
  3
B4
350
55
  3
B5
350
56
  3
B6
350
57
  3
B7
350
58
  0
DICTIONARY
  5
576
102
{ACAD_REACTORS
330
C
102
}
330
C
100
AcDbDictionary
281
     1
  0
DICTIONARY
  5
59
102
{ACAD_REACTORS
330
C
102
}
330
C
100
AcDbDictionary
281
     1
  3
Standard
350
5A
  0
DICTIONARY
  5
2A
102
{ACAD_REACTORS
330
C
102
}
330
C
100
AcDbDictionary
281
     1
  3
2dWireframe
350
2F
  3
Basic
350
32
  3
Brighten
350
36
  3
ColorChange
350
3A
  3
Conceptual
350
34
  3
Dim
350
35
  3
EdgeColorOff
350
3D
  3
Facepattern
350
39
  3
Flat
350
2B
  3
FlatWithEdges
350
2C
  3
Gouraud
350
2D
  3
GouraudWithEdges
350
2E
  3
Hidden
350
31
  3
JitterOff
350
3B
  3
Linepattern
350
38
  3
OverhangOff
350
3C
  3
Realistic
350
33
  3
Shaded
350
42
  3
Shaded with edges
350
41
  3
Shades of Gray
350
3E
  3
Sketchy
350
3F
  3
Thicken
350
37
  3
Wireframe
350
30
  3
X-Ray
350
40
  0
DICTIONARY
  5
53A
102
{ACAD_REACTORS
330
C
102
}
330
C
100
AcDbDictionary
281
     1
  3
CANNOSCALE
350
53B
  3
CMLEADERSTYLE
350
574
  3
CTABLESTYLE
350
573
  3
XCLIPFRAME
350
53C
  0
XRECORD
  5
572
102
{ACAD_REACTORS
330
C
102
}
330
C
100
AcDbXrecord
280
     1
 90
        1
330
5A
  0
LAYOUT
  5
1E
102
{ACAD_REACTORS
330
1A
102
}
330
1A
100
AcDbPlotSettings
  1

  2
none_device
  4

  6

 40
0.0
 41
0.0
 42
0.0
 43
0.0
 44
0.0
 45
0.0
 46
0.0
 47
0.0
 48
0.0
 49
0.0
140
0.0
141
0.0
142
1.0
143
1.0
 70
   688
 72
     0
 73
     0
 74
     5
  7

 75
    16
 76
     0
 77
     2
 78
   300
147
1.0
148
0.0
149
0.0
100
AcDbLayout
  1
Layout1
 70
     1
 71
     1
 10
0.0
 20
0.0
 11
12.0
 21
9.0
 12
0.0
 22
0.0
 32
0.0
 14
1.000000000000000E+20
 24
1.000000000000000E+20
 34
1.000000000000000E+20
 15
-1.000000000000000E+20
 25
-1.000000000000000E+20
 35
-1.000000000000000E+20
146
0.0
 13
0.0
 23
0.0
 33
0.0
 16
1.0
 26
0.0
 36
0.0
 17
0.0
 27
1.0
 37
0.0
 76
     0
330
1B
  0
LAYOUT
  5
26
102
{ACAD_REACTORS
330
1A
102
}
330
1A
100
AcDbPlotSettings
  1

  2
none_device
  4

  6

 40
0.0
 41
0.0
 42
0.0
 43
0.0
 44
0.0
 45
0.0
 46
0.0
 47
0.0
 48
0.0
 49
0.0
140
0.0
141
0.0
142
1.0
143
1.0
 70
   688
 72
     0
 73
     0
 74
     5
  7

 75
    16
 76
     0
 77
     2
 78
   300
147
1.0
148
0.0
149
0.0
100
AcDbLayout
  1
Layout2
 70
     1
 71
     2
 10
0.0
 20
0.0
 11
0.0
 21
0.0
 12
0.0
 22
0.0
 32
0.0
 14
0.0
 24
0.0
 34
0.0
 15
0.0
 25
0.0
 35
0.0
146
0.0
 13
0.0
 23
0.0
 33
0.0
 16
1.0
 26
0.0
 36
0.0
 17
0.0
 27
1.0
 37
0.0
 76
     0
330
23
  0
LAYOUT
  5
22
102
{ACAD_REACTORS
330
1A
102
}
330
1A
100
AcDbPlotSettings
  1

  2
none_device
  4
Letter_(8.50_x_11.00_Inches)
  6

 40
6.35
 41
6.35
 42
6.35000508
 43
6.35000508
 44
215.9
 45
279.4
 46
0.0
 47
0.0
 48
0.0
 49
0.0
140
0.0
141
0.0
142
1.0
143
1.0
 70
  1712
 72
     0
 73
     0
 74
     0
  7

 75
     0
 76
     0
 77
     2
 78
   300
147
1.0
148
0.0
149
0.0
100
AcDbLayout
  1
Model
 70
     1
 71
     0
 10
0.0
 20
0.0
 11
12.0
 21
9.0
 12
0.0
 22
0.0
 32
0.0
 14
-403.3741999031419
 24
-5.155652200788111
 34
0.0
 15
57.68305113999799
 25
6.696078874912651
 35
0.0
146
0.0
 13
0.0
 23
0.0
 33
0.0
 16
1.0
 26
0.0
 36
0.0
 17
0.0
 27
1.0
 37
0.0
 76
     0
330
1F
331
29
  0
MATERIAL
  5
45
102
{ACAD_REACTORS
330
43
102
}
330
43
100
AcDbMaterial
  1
ByBlock
 72
     1
 94
      127
  0
MATERIAL
  5
44
102
{ACAD_REACTORS
330
43
102
}
330
43
100
AcDbMaterial
  1
ByLayer
 72
     1
 94
      127
  0
MATERIAL
  5
46
102
{ACAD_REACTORS
330
43
102
}
330
43
100
AcDbMaterial
  1
Global
 72
     1
 94
      127
  0
MLEADERSTYLE
  5
5C
102
{ACAD_REACTORS
330
5B
102
}
102
{ACAD_XDICTIONARY
360
570
102
}
330
5B
100
AcDbMLeaderStyle
170
     2
171
     1
172
     0
 90
        2
 40
0.0
 41
0.0
173
     1
 91
-1056964608
340
14
 92
       -2
290
     1
 42
0.09
291
     1
 43
0.36
  3
Standard
341
0
 44
0.18
300

342
11
174
     1
178
     6
175
     1
176
     0
 93
-1056964608
 45
0.18
292
     0
297
     0
 46
0.18
343
0
 94
-1056964608
 47
1.0
 49
1.0
140
1.0
293
     1
141
0.0
294
     1
177
     0
142
1.0
295
     0
296
     0
143
0.125
1001
ACAD_MLEADERVER
1070
     2
  0
MLINESTYLE
  5
18
102
{ACAD_REACTORS
330
17
102
}
330
17
100
AcDbMlineStyle
  2
Standard
 70
     0
  3

 62
   256
 51
90.0
 52
90.0
 71
     2
 49
0.5
 62
   256
  6
BYLAYER
 49
-0.5
 62
   256
  6
BYLAYER
  0
ACDBPLACEHOLDER
  5
F
102
{ACAD_REACTORS
330
E
102
}
330
E
  0
SCALE
  5
48
102
{ACAD_REACTORS
330
47
102
}
330
47
100
AcDbScale
 70
     0
300
1:1
140
1.0
141
1.0
290
     1
  0
SCALE
  5
49
102
{ACAD_REACTORS
330
47
102
}
330
47
100
AcDbScale
 70
     0
300
1/128" = 1'-0"
140
0.0078125
141
12.0
290
     0
  0
SCALE
  5
4A
102
{ACAD_REACTORS
330
47
102
}
330
47
100
AcDbScale
 70
     0
300
1/64" = 1'-0"
140
0.015625
141
12.0
290
     0
  0
SCALE
  5
4B
102
{ACAD_REACTORS
330
47
102
}
330
47
100
AcDbScale
 70
     0
300
1/32" = 1'-0"
140
0.03125
141
12.0
290
     0
  0
SCALE
  5
4C
102
{ACAD_REACTORS
330
47
102
}
330
47
100
AcDbScale
 70
     0
300
1/16" = 1'-0"
140
0.0625
141
12.0
290
     0
  0
SCALE
  5
4D
102
{ACAD_REACTORS
330
47
102
}
330
47
100
AcDbScale
 70
     0
300
3/32" = 1'-0"
140
0.09375
141
12.0
290
     0
  0
SCALE
  5
4E
102
{ACAD_REACTORS
330
47
102
}
330
47
100
AcDbScale
 70
     0
300
1/8" = 1'-0"
140
0.125
141
12.0
290
     0
  0
SCALE
  5
4F
102
{ACAD_REACTORS
330
47
102
}
330
47
100
AcDbScale
 70
     0
300
3/16" = 1'-0"
140
0.1875
141
12.0
290
     0
  0
SCALE
  5
50
102
{ACAD_REACTORS
330
47
102
}
330
47
100
AcDbScale
 70
     0
300
1/4" = 1'-0"
140
0.25
141
12.0
290
     0
  0
SCALE
  5
51
102
{ACAD_REACTORS
330
47
102
}
330
47
100
AcDbScale
 70
     0
300
3/8" = 1'-0"
140
0.375
141
12.0
290
     0
  0
SCALE
  5
52
102
{ACAD_REACTORS
330
47
102
}
330
47
100
AcDbScale
 70
     0
300
1/2" = 1'-0"
140
0.5
141
12.0
290
     0
  0
SCALE
  5
53
102
{ACAD_REACTORS
330
47
102
}
330
47
100
AcDbScale
 70
     0
300
3/4" = 1'-0"
140
0.75
141
12.0
290
     0
  0
SCALE
  5
54
102
{ACAD_REACTORS
330
47
102
}
330
47
100
AcDbScale
 70
     0
300
1" = 1'-0"
140
1.0
141
12.0
290
     0
  0
SCALE
  5
55
102
{ACAD_REACTORS
330
47
102
}
330
47
100
AcDbScale
 70
     0
300
1-1/2" = 1'-0"
140
1.5
141
12.0
290
     0
  0
SCALE
  5
56
102
{ACAD_REACTORS
330
47
102
}
330
47
100
AcDbScale
 70
     0
300
3" = 1'-0"
140
3.0
141
12.0
290
     0
  0
SCALE
  5
57
102
{ACAD_REACTORS
330
47
102
}
330
47
100
AcDbScale
 70
     0
300
6" = 1'-0"
140
6.0
141
12.0
290
     0
  0
SCALE
  5
58
102
{ACAD_REACTORS
330
47
102
}
330
47
100
AcDbScale
 70
     0
300
1'-0" = 1'-0"
140
12.0
141
12.0
290
     0
  0
TABLESTYLE
  5
5A
102
{ACAD_REACTORS
330
59
102
}
102
{ACAD_XDICTIONARY
360
56D
102
}
330
59
100
AcDbTableStyle
  3
Standard
 70
     0
 71
     0
 40
0.06
 41
0.06
280
     0
281
     0
  7
Standard
140
0.18
170
     2
 62
     0
 63
   257
283
     0
 90
        4
 91
        0
  1

274
    -2
284
     1
 64
     0
275
    -2
285
     1
 65
     0
276
    -2
286
     1
 66
     0
277
    -2
287
     1
 67
     0
278
    -2
288
     1
 68
     0
279
    -2
289
     1
 69
     0
  7
Standard
140
0.25
170
     5
 62
     0
 63
   257
283
     0
 90
        4
 91
        0
  1

274
    -2
284
     1
 64
     0
275
    -2
285
     1
 65
     0
276
    -2
286
     1
 66
     0
277
    -2
287
     1
 67
     0
278
    -2
288
     1
 68
     0
279
    -2
289
     1
 69
     0
  7
Standard
140
0.18
170
     5
 62
     0
 63
   257
283
     0
 90
        4
 91
        0
  1

274
    -2
284
     1
 64
     0
275
    -2
285
     1
 65
     0
276
    -2
286
     1
 66
     0
277
    -2
287
     1
 67
     0
278
    -2
288
     1
 68
     0
279
    -2
289
     1
 69
     0
  0
VISUALSTYLE
  5
2F
102
{ACAD_REACTORS
330
2A
102
}
102
{ACAD_XDICTIONARY
360
545
102
}
330
2A
100
AcDbVisualStyle
  2
2dWireframe
 70
     4
 71
     0
 72
     2
 73
     0
 90
        0
 40
0.6
 41
30.0
 62
     5
 63
     7
421
 16777215
 74
     1
 91
        4
 64
     7
 65
   257
 75
     1
175
     1
 42
1.0
 92
        0
 66
   257
 43
1.0
 76
     1
 77
     6
 78
     2
 67
     7
 79
     5
170
     0
171
     0
290
     0
174
     0
 93
        1
 44
0.0
173
     0
291
     0
 45
0.0
  0
VISUALSTYLE
  5
32
102
{ACAD_REACTORS
330
2A
102
}
102
{ACAD_XDICTIONARY
360
54B
102
}
330
2A
100
AcDbVisualStyle
  2
Basic
 70
     7
 71
     1
 72
     0
 73
     1
 90
        0
 40
0.6
 41
30.0
 62
     5
 63
     7
421
 16777215
 74
     0
 91
        4
 64
     7
 65
   257
 75
     1
175
     1
 42
1.0
 92
        8
 66
     7
 43
1.0
 76
     1
 77
     6
 78
     2
 67
     7
 79
     5
170
     0
171
     0
290
     0
174
     0
 93
        1
 44
0.0
173
     0
291
     1
 45
0.0
  0
VISUALSTYLE
  5
36
102
{ACAD_REACTORS
330
2A
102
}
102
{ACAD_XDICTIONARY
360
553
102
}
330
2A
100
AcDbVisualStyle
  2
Brighten
 70
    12
 71
     2
 72
     2
 73
     0
 90
        0
 40
0.6
 41
30.0
 62
     5
 63
     7
421
 16777215
 74
     1
 91
        4
 64
     7
 65
   257
 75
     1
175
     1
 42
1.0
 92
        8
 66
     7
 43
1.0
 76
     1
 77
     6
 78
     2
 67
     7
 79
     5
170
     0
171
     0
290
     0
174
     0
 93
        1
 44
50.0
173
     0
291
     1
 45
0.0
  0
VISUALSTYLE
  5
3A
102
{ACAD_REACTORS
330
2A
102
}
102
{ACAD_XDICTIONARY
360
55B
102
}
330
2A
100
AcDbVisualStyle
  2
ColorChange
 70
    16
 71
     2
 72
     2
 73
     3
 90
        0
 40
0.6
 41
30.0
 62
     5
 63
     8
421
  8421504
 74
     1
 91
        4
 64
     7
 65
   257
 75
     1
175
     1
 42
1.0
 92
        8
 66
     8
424
  8421504
 43
1.0
 76
     1
 77
     6
 78
     2
 67
     7
 79
     5
170
     0
171
     0
290
     0
174
     0
 93
        1
 44
0.0
173
     0
291
     1
 45
0.0
  0
VISUALSTYLE
  5
34
102
{ACAD_REACTORS
330
2A
102
}
102
{ACAD_XDICTIONARY
360
54F
102
}
330
2A
100
AcDbVisualStyle
  2
Conceptual
 70
     9
 71
     3
 72
     2
 73
     0
 90
        0
 40
0.6
 41
30.0
 62
     5
 63
     7
421
 16777215
 74
     2
 91
        2
 64
     7
 65
   257
 75
     1
175
     1
 42
179.0
 92
        8
 66
     7
 43
1.0
 76
     1
 77
     6
 78
     2
 67
     7
 79
     3
170
     0
171
     0
290
     0
174
     0
 93
        1
 44
0.0
173
     0
291
     0
 45
0.0
  0
VISUALSTYLE
  5
35
102
{ACAD_REACTORS
330
2A
102
}
102
{ACAD_XDICTIONARY
360
551
102
}
330
2A
100
AcDbVisualStyle
  2
Dim
 70
    11
 71
     2
 72
     2
 73
     0
 90
        0
 40
0.6
 41
30.0
 62
     5
 63
     7
421
 16777215
 74
     1
 91
        4
 64
     7
 65
   257
 75
     1
175
     1
 42
1.0
 92
        8
 66
     7
 43
1.0
 76
     1
 77
     6
 78
     2
 67
     7
 79
     5
170
     0
171
     0
290
     0
174
     0
 93
        1
 44
-50.0
173
     0
291
     1
 45
0.0
  0
VISUALSTYLE
  5
3D
102
{ACAD_REACTORS
330
2A
102
}
102
{ACAD_XDICTIONARY
360
561
102
}
330
2A
100
AcDbVisualStyle
  2
EdgeColorOff
 70
    22
 71
     2
 72
     2
 73
     0
 90
        0
 40
0.6
 41
30.0
 62
     5
 63
     7
421
 16777215
 74
     1
 91
        4
 64
     7
 65
   257
 75
     1
175
     1
 42
1.0
 92
        8
 66
     7
 43
1.0
 76
     1
 77
     6
 78
     2
 67
     7
 79
     5
170
     0
171
     0
290
     0
174
     0
 93
        1
 44
0.0
173
     0
291
     1
 45
0.0
  0
VISUALSTYLE
  5
39
102
{ACAD_REACTORS
330
2A
102
}
102
{ACAD_XDICTIONARY
360
559
102
}
330
2A
100
AcDbVisualStyle
  2
Facepattern
 70
    15
 71
     2
 72
     2
 73
     0
 90
        0
 40
0.6
 41
30.0
 62
     5
 63
     7
421
 16777215
 74
     1
 91
        4
 64
     7
 65
   257
 75
     1
175
     1
 42
1.0
 92
        8
 66
     7
 43
1.0
 76
     1
 77
     6
 78
     2
 67
     7
 79
     5
170
     0
171
     0
290
     0
174
     0
 93
        1
 44
0.0
173
     0
291
     1
 45
0.0
  0
VISUALSTYLE
  5
2B
102
{ACAD_REACTORS
330
2A
102
}
102
{ACAD_XDICTIONARY
360
53D
102
}
330
2A
100
AcDbVisualStyle
  2
Flat
 70
     0
 71
     2
 72
     1
 73
     1
 90
        2
 40
0.6
 41
30.0
 62
     5
 63
     7
421
 16777215
 74
     0
 91
        0
 64
     7
 65
   257
 75
     1
175
     1
 42
1.0
 92
        8
 66
     7
 43
1.0
 76
     1
 77
     6
 78
     2
 67
     7
 79
     5
170
     0
171
     0
290
     0
174
     0
 93
       13
 44
0.0
173
     0
291
     1
 45
0.0
  0
VISUALSTYLE
  5
2C
102
{ACAD_REACTORS
330
2A
102
}
102
{ACAD_XDICTIONARY
360
53F
102
}
330
2A
100
AcDbVisualStyle
  2
FlatWithEdges
 70
     1
 71
     2
 72
     1
 73
     1
 90
        2
 40
0.6
 41
30.0
 62
     5
 63
     7
421
 16777215
 74
     1
 91
        0
 64
     7
 65
   257
 75
     1
175
     1
 42
1.0
 92
        0
 66
   257
 43
1.0
 76
     1
 77
     6
 78
     2
 67
     7
 79
     5
170
     0
171
     0
290
     0
174
     0
 93
       13
 44
0.0
173
     0
291
     1
 45
0.0
  0
VISUALSTYLE
  5
2D
102
{ACAD_REACTORS
330
2A
102
}
102
{ACAD_XDICTIONARY
360
541
102
}
330
2A
100
AcDbVisualStyle
  2
Gouraud
 70
     2
 71
     2
 72
     2
 73
     1
 90
        2
 40
0.6
 41
30.0
 62
     5
 63
     7
421
 16777215
 74
     0
 91
        0
 64
     7
 65
   257
 75
     1
175
     1
 42
1.0
 92
        0
 66
     7
 43
1.0
 76
     1
 77
     6
 78
     2
 67
     7
 79
     5
170
     0
171
     0
290
     0
174
     0
 93
       13
 44
0.0
173
     0
291
     1
 45
0.0
  0
VISUALSTYLE
  5
2E
102
{ACAD_REACTORS
330
2A
102
}
102
{ACAD_XDICTIONARY
360
543
102
}
330
2A
100
AcDbVisualStyle
  2
GouraudWithEdges
 70
     3
 71
     2
 72
     2
 73
     1
 90
        2
 40
0.6
 41
30.0
 62
     5
 63
     7
421
 16777215
 74
     1
 91
        0
 64
     7
 65
   257
 75
     1
175
     1
 42
1.0
 92
        0
 66
   257
 43
1.0
 76
     1
 77
     6
 78
     2
 67
     7
 79
     5
170
     0
171
     0
290
     0
174
     0
 93
       13
 44
0.0
173
     0
291
     1
 45
0.0
  0
VISUALSTYLE
  5
31
102
{ACAD_REACTORS
330
2A
102
}
102
{ACAD_XDICTIONARY
360
549
102
}
330
2A
100
AcDbVisualStyle
  2
Hidden
 70
     6
 71
     1
 72
     2
 73
     2
 90
        0
 40
0.6
 41
30.0
 62
     5
 63
     7
421
 16777215
 74
     2
 91
        2
 64
     7
 65
   257
 75
     2
175
     1
 42
40.0
 92
        0
 66
   257
 43
1.0
 76
     1
 77
     6
 78
     2
 67
     7
 79
     3
170
     0
171
     0
290
     0
174
     0
 93
        1
 44
0.0
173
     0
291
     0
 45
0.0
  0
VISUALSTYLE
  5
3B
102
{ACAD_REACTORS
330
2A
102
}
102
{ACAD_XDICTIONARY
360
55D
102
}
330
2A
100
AcDbVisualStyle
  2
JitterOff
 70
    20
 71
     2
 72
     2
 73
     0
 90
        0
 40
0.6
 41
30.0
 62
     5
 63
     7
421
 16777215
 74
     1
 91
        4
 64
     7
 65
   257
 75
     1
175
     1
 42
1.0
 92
       10
 66
     7
 43
1.0
 76
     1
 77
     6
 78
     2
 67
     7
 79
     5
170
     0
171
     0
290
     0
174
     0
 93
        1
 44
0.0
173
     0
291
     1
 45
0.0
  0
VISUALSTYLE
  5
38
102
{ACAD_REACTORS
330
2A
102
}
102
{ACAD_XDICTIONARY
360
557
102
}
330
2A
100
AcDbVisualStyle
  2
Linepattern
 70
    14
 71
     2
 72
     2
 73
     0
 90
        0
 40
0.6
 41
30.0
 62
     5
 63
     7
421
 16777215
 74
     1
 91
        4
 64
     7
 65
   257
 75
     7
175
     7
 42
1.0
 92
        8
 66
     7
 43
1.0
 76
     1
 77
     6
 78
     2
 67
     7
 79
     5
170
     0
171
     0
290
     0
174
     0
 93
        1
 44
0.0
173
     0
291
     1
 45
0.0
  0
VISUALSTYLE
  5
3C
102
{ACAD_REACTORS
330
2A
102
}
102
{ACAD_XDICTIONARY
360
55F
102
}
330
2A
100
AcDbVisualStyle
  2
OverhangOff
 70
    21
 71
     2
 72
     2
 73
     0
 90
        0
 40
0.6
 41
30.0
 62
     5
 63
     7
421
 16777215
 74
     1
 91
        4
 64
     7
 65
   257
 75
     1
175
     1
 42
1.0
 92
        9
 66
     7
 43
1.0
 76
     1
 77
     6
 78
     2
 67
     7
 79
     5
170
     0
171
     0
290
     0
174
     0
 93
        1
 44
0.0
173
     0
291
     1
 45
0.0
  0
VISUALSTYLE
  5
33
102
{ACAD_REACTORS
330
2A
102
}
102
{ACAD_XDICTIONARY
360
54D
102
}
330
2A
100
AcDbVisualStyle
  2
Realistic
 70
     8
 71
     2
 72
     3
 73
     0
 90
        2
 40
0.6
 41
30.0
 62
     5
 63
     7
421
 16777215
 74
     0
 91
        0
 64
     7
 65
   257
 75
     1
175
     1
 42
1.0
 92
        8
 66
   257
 43
1.0
 76
     1
 77
     6
 78
     2
 67
     7
 79
     3
170
     0
171
     0
290
     0
174
     0
 93
       13
 44
0.0
173
     0
291
     0
 45
0.0
  0
VISUALSTYLE
  5
42
102
{ACAD_REACTORS
330
2A
102
}
102
{ACAD_XDICTIONARY
360
56B
102
}
330
2A
100
AcDbVisualStyle
  2
Shaded
 70
    27
 71
     2
 72
     2
 73
     1
 90
        2
 40
0.6
 41
30.0
 62
     5
 63
     7
421
 16777215
 74
     0
 91
        4
 64
     7
 65
   257
 75
     1
175
     1
 42
1.0
 92
        8
 66
   257
 43
1.0
 76
     1
 77
     6
 78
     2
 67
     8
425
  7895160
 79
     3
170
     0
171
     0
290
     0
174
     0
 93
        5
 44
0.0
173
     0
291
     0
 45
0.0
  0
VISUALSTYLE
  5
41
102
{ACAD_REACTORS
330
2A
102
}
102
{ACAD_XDICTIONARY
360
569
102
}
330
2A
100
AcDbVisualStyle
  2
Shaded with edges
 70
    26
 71
     2
 72
     2
 73
     1
 90
        2
 40
0.6
 41
30.0
 62
     5
 63
     7
421
 16777215
 74
     1
 91
       10
 64
     7
 65
   257
 75
     2
175
     1
 42
1.0
 92
        8
 66
   257
 43
1.0
 76
     1
 77
     6
 78
     2
 67
     7
 79
     3
170
     0
171
     0
290
     0
174
     0
 93
        5
 44
0.0
173
     0
291
     0
 45
0.0
  0
VISUALSTYLE
  5
3E
102
{ACAD_REACTORS
330
2A
102
}
102
{ACAD_XDICTIONARY
360
563
102
}
330
2A
100
AcDbVisualStyle
  2
Shades of Gray
 70
    23
 71
     2
 72
     2
 73
     3
 90
        0
 40
0.6
 41
30.0
 62
     5
 63
     7
421
 16777215
 74
     2
 91
        2
 64
     7
 65
     7
 75
     1
175
     1
 42
40.0
 92
        8
 66
     7
 43
1.0
 76
     1
 77
     6
 78
     2
 67
     7
 79
     3
170
     0
171
     0
290
     0
174
     0
 93
        1
 44
0.0
173
     0
291
     0
 45
0.0
  0
VISUALSTYLE
  5
3F
102
{ACAD_REACTORS
330
2A
102
}
102
{ACAD_XDICTIONARY
360
565
102
}
330
2A
100
AcDbVisualStyle
  2
Sketchy
 70
    24
 71
     1
 72
     2
 73
     2
 90
        0
 40
0.6
 41
30.0
 62
     5
 63
     7
421
 16777215
 74
     2
 91
        2
 64
     7
 65
     7
 75
     1
175
     1
 42
40.0
 92
       11
 66
     7
 43
1.0
 76
     1
 77
     6
 78
     2
 67
     7
 79
     6
170
     0
171
     0
290
     0
174
     0
 93
        1
 44
0.0
173
     0
291
     0
 45
0.0
  0
VISUALSTYLE
  5
37
102
{ACAD_REACTORS
330
2A
102
}
102
{ACAD_XDICTIONARY
360
555
102
}
330
2A
100
AcDbVisualStyle
  2
Thicken
 70
    13
 71
     2
 72
     2
 73
     0
 90
        0
 40
0.6
 41
30.0
 62
     5
 63
     7
421
 16777215
 74
     1
 91
        4
 64
     7
 65
   257
 75
     1
175
     1
 42
1.0
 92
       12
 66
     7
 43
1.0
 76
     1
 77
     6
 78
     2
 67
     7
 79
     5
170
     0
171
     0
290
     0
174
     0
 93
        1
 44
0.0
173
     0
291
     1
 45
0.0
  0
VISUALSTYLE
  5
30
102
{ACAD_REACTORS
330
2A
102
}
102
{ACAD_XDICTIONARY
360
547
102
}
330
2A
100
AcDbVisualStyle
  2
Wireframe
 70
     5
 71
     0
 72
     2
 73
     0
 90
        0
 40
0.6
 41
30.0
 62
     5
 63
     7
421
 16777215
 74
     1
 91
        4
 64
     7
 65
   257
 75
     1
175
     1
 42
1.0
 92
        0
 66
   257
 43
1.0
 76
     1
 77
     6
 78
     2
 67
     7
 79
     3
170
     0
171
     0
290
     0
174
     0
 93
        1
 44
0.0
173
     0
291
     0
 45
0.0
  0
VISUALSTYLE
  5
40
102
{ACAD_REACTORS
330
2A
102
}
102
{ACAD_XDICTIONARY
360
567
102
}
330
2A
100
AcDbVisualStyle
  2
X-Ray
 70
    25
 71
     2
 72
     2
 73
     1
 90
        1
 40
0.5
 41
30.0
 62
     5
 63
     7
421
 16777215
 74
     1
 91
        0
 64
     7
 65
   257
 75
     1
175
     1
 42
1.0
 92
        8
 66
     7
 43
1.0
 76
     1
 77
     6
 78
     2
 67
     7
 79
     3
170
     0
171
     0
290
     0
174
     0
 93
       13
 44
0.0
173
     0
291
     0
 45
0.0
  0
DICTIONARYVAR
  5
53B
102
{ACAD_REACTORS
330
53A
102
}
330
53A
100
DictionaryVariables
280
     0
  1
1:1
  0
DICTIONARYVAR
  5
574
102
{ACAD_REACTORS
330
53A
102
}
330
53A
100
DictionaryVariables
280
     0
  1
Standard
  0
DICTIONARYVAR
  5
573
102
{ACAD_REACTORS
330
53A
102
}
330
53A
100
DictionaryVariables
280
     0
  1
Standard
  0
DICTIONARYVAR
  5
53C
102
{ACAD_REACTORS
330
53A
102
}
330
53A
100
DictionaryVariables
280
     0
  1
2
  0
DICTIONARY
  5
570
330
5C
100
AcDbDictionary
280
     1
281
     1
  3
ACAD_XREC_ROUNDTRIP
360
571
  0
DICTIONARY
  5
56D
330
5A
100
AcDbDictionary
280
     1
281
     1
  3
ACAD_ROUNDTRIP_2008_TABLESTYLE_CELLSTYLEMAP
360
56E
  0
DICTIONARY
  5
545
330
2F
100
AcDbDictionary
280
     1
281
     1
  3
ACAD_XREC_ROUNDTRIP
360
546
  0
DICTIONARY
  5
54B
330
32
100
AcDbDictionary
280
     1
281
     1
  3
ACAD_XREC_ROUNDTRIP
360
54C
  0
DICTIONARY
  5
553
330
36
100
AcDbDictionary
280
     1
281
     1
  3
ACAD_XREC_ROUNDTRIP
360
554
  0
DICTIONARY
  5
55B
330
3A
100
AcDbDictionary
280
     1
281
     1
  3
ACAD_XREC_ROUNDTRIP
360
55C
  0
DICTIONARY
  5
54F
330
34
100
AcDbDictionary
280
     1
281
     1
  3
ACAD_XREC_ROUNDTRIP
360
550
  0
DICTIONARY
  5
551
330
35
100
AcDbDictionary
280
     1
281
     1
  3
ACAD_XREC_ROUNDTRIP
360
552
  0
DICTIONARY
  5
561
330
3D
100
AcDbDictionary
280
     1
281
     1
  3
ACAD_XREC_ROUNDTRIP
360
562
  0
DICTIONARY
  5
559
330
39
100
AcDbDictionary
280
     1
281
     1
  3
ACAD_XREC_ROUNDTRIP
360
55A
  0
DICTIONARY
  5
53D
330
2B
100
AcDbDictionary
280
     1
281
     1
  3
ACAD_XREC_ROUNDTRIP
360
53E
  0
DICTIONARY
  5
53F
330
2C
100
AcDbDictionary
280
     1
281
     1
  3
ACAD_XREC_ROUNDTRIP
360
540
  0
DICTIONARY
  5
541
330
2D
100
AcDbDictionary
280
     1
281
     1
  3
ACAD_XREC_ROUNDTRIP
360
542
  0
DICTIONARY
  5
543
330
2E
100
AcDbDictionary
280
     1
281
     1
  3
ACAD_XREC_ROUNDTRIP
360
544
  0
DICTIONARY
  5
549
330
31
100
AcDbDictionary
280
     1
281
     1
  3
ACAD_XREC_ROUNDTRIP
360
54A
  0
DICTIONARY
  5
55D
330
3B
100
AcDbDictionary
280
     1
281
     1
  3
ACAD_XREC_ROUNDTRIP
360
55E
  0
DICTIONARY
  5
557
330
38
100
AcDbDictionary
280
     1
281
     1
  3
ACAD_XREC_ROUNDTRIP
360
558
  0
DICTIONARY
  5
55F
330
3C
100
AcDbDictionary
280
     1
281
     1
  3
ACAD_XREC_ROUNDTRIP
360
560
  0
DICTIONARY
  5
54D
330
33
100
AcDbDictionary
280
     1
281
     1
  3
ACAD_XREC_ROUNDTRIP
360
54E
  0
DICTIONARY
  5
56B
330
42
100
AcDbDictionary
280
     1
281
     1
  3
ACAD_XREC_ROUNDTRIP
360
56C
  0
DICTIONARY
  5
569
330
41
100
AcDbDictionary
280
     1
281
     1
  3
ACAD_XREC_ROUNDTRIP
360
56A
  0
DICTIONARY
  5
563
330
3E
100
AcDbDictionary
280
     1
281
     1
  3
ACAD_XREC_ROUNDTRIP
360
564
  0
DICTIONARY
  5
565
330
3F
100
AcDbDictionary
280
     1
281
     1
  3
ACAD_XREC_ROUNDTRIP
360
566
  0
DICTIONARY
  5
555
330
37
100
AcDbDictionary
280
     1
281
     1
  3
ACAD_XREC_ROUNDTRIP
360
556
  0
DICTIONARY
  5
547
330
30
100
AcDbDictionary
280
     1
281
     1
  3
ACAD_XREC_ROUNDTRIP
360
548
  0
DICTIONARY
  5
567
330
40
100
AcDbDictionary
280
     1
281
     1
  3
ACAD_XREC_ROUNDTRIP
360
568
  0
XRECORD
  5
571
102
{ACAD_REACTORS
330
570
102
}
330
570
100
AcDbXrecord
280
     1
102
ACAD_ROUNDTRIP_2010_MLEADER_STYLE
  0
CELLSTYLEMAP
  5
56E
102
{ACAD_REACTORS
330
56D
102
}
330
56D
100
AcDbCellStyleMap
 90
        3
300
CELLSTYLE
  1
TABLEFORMAT_BEGIN
 90
        5
170
     1
 91
        0
 92
    32768
 62
   257
 93
        1
300
CONTENTFORMAT
  1
CONTENTFORMAT_BEGIN
 90
        0
 91
        0
 92
        4
 93
        0
300

 40
0.0
140
1.0
 94
        5
 62
     0
340
11
144
0.25
309
CONTENTFORMAT_END
171
     1
301
MARGIN
  1
CELLMARGIN_BEGIN
 40
0.06
 40
0.06
 40
0.06
 40
0.06
 40
0.06
 40
0.06
309
CELLMARGIN_END
 94
        6
 95
        1
302
GRIDFORMAT
  1
GRIDFORMAT_BEGIN
 90
        0
 91
        1
 62
     0
 92
       -2
340
14
 93
        0
 40
0.045
309
GRIDFORMAT_END
 95
        2
302
GRIDFORMAT
  1
GRIDFORMAT_BEGIN
 90
        0
 91
        1
 62
     0
 92
       -2
340
14
 93
        0
 40
0.045
309
GRIDFORMAT_END
 95
        4
302
GRIDFORMAT
  1
GRIDFORMAT_BEGIN
 90
        0
 91
        1
 62
     0
 92
       -2
340
14
 93
        0
 40
0.045
309
GRIDFORMAT_END
 95
        8
302
GRIDFORMAT
  1
GRIDFORMAT_BEGIN
 90
        0
 91
        1
 62
     0
 92
       -2
340
14
 93
        0
 40
0.045
309
GRIDFORMAT_END
 95
       16
302
GRIDFORMAT
  1
GRIDFORMAT_BEGIN
 90
        0
 91
        1
 62
     0
 92
       -2
340
14
 93
        0
 40
0.045
309
GRIDFORMAT_END
 95
       32
302
GRIDFORMAT
  1
GRIDFORMAT_BEGIN
 90
        0
 91
        1
 62
     0
 92
       -2
340
14
 93
        0
 40
0.045
309
GRIDFORMAT_END
309
TABLEFORMAT_END
  1
CELLSTYLE_BEGIN
 90
        1
 91
        1
300
_TITLE
309
CELLSTYLE_END
300
CELLSTYLE
  1
TABLEFORMAT_BEGIN
 90
        5
170
     1
 91
        0
 92
        0
 62
   257
 93
        1
300
CONTENTFORMAT
  1
CONTENTFORMAT_BEGIN
 90
        0
 91
        0
 92
        4
 93
        0
300

 40
0.0
140
1.0
 94
        5
 62
     0
340
11
144
0.18
309
CONTENTFORMAT_END
171
     1
301
MARGIN
  1
CELLMARGIN_BEGIN
 40
0.06
 40
0.06
 40
0.06
 40
0.06
 40
0.06
 40
0.06
309
CELLMARGIN_END
 94
        6
 95
        1
302
GRIDFORMAT
  1
GRIDFORMAT_BEGIN
 90
        0
 91
        1
 62
     0
 92
       -2
340
14
 93
        0
 40
0.045
309
GRIDFORMAT_END
 95
        2
302
GRIDFORMAT
  1
GRIDFORMAT_BEGIN
 90
        0
 91
        1
 62
     0
 92
       -2
340
14
 93
        0
 40
0.045
309
GRIDFORMAT_END
 95
        4
302
GRIDFORMAT
  1
GRIDFORMAT_BEGIN
 90
        0
 91
        1
 62
     0
 92
       -2
340
14
 93
        0
 40
0.045
309
GRIDFORMAT_END
 95
        8
302
GRIDFORMAT
  1
GRIDFORMAT_BEGIN
 90
        0
 91
        1
 62
     0
 92
       -2
340
14
 93
        0
 40
0.045
309
GRIDFORMAT_END
 95
       16
302
GRIDFORMAT
  1
GRIDFORMAT_BEGIN
 90
        0
 91
        1
 62
     0
 92
       -2
340
14
 93
        0
 40
0.045
309
GRIDFORMAT_END
 95
       32
302
GRIDFORMAT
  1
GRIDFORMAT_BEGIN
 90
        0
 91
        1
 62
     0
 92
       -2
340
14
 93
        0
 40
0.045
309
GRIDFORMAT_END
309
TABLEFORMAT_END
  1
CELLSTYLE_BEGIN
 90
        2
 91
        1
300
_HEADER
309
CELLSTYLE_END
300
CELLSTYLE
  1
TABLEFORMAT_BEGIN
 90
        5
170
     1
 91
        0
 92
        0
 62
   257
 93
        1
300
CONTENTFORMAT
  1
CONTENTFORMAT_BEGIN
 90
        0
 91
        0
 92
        4
 93
        0
300

 40
0.0
140
1.0
 94
        2
 62
     0
340
11
144
0.18
309
CONTENTFORMAT_END
171
     1
301
MARGIN
  1
CELLMARGIN_BEGIN
 40
0.06
 40
0.06
 40
0.06
 40
0.06
 40
0.06
 40
0.06
309
CELLMARGIN_END
 94
        6
 95
        1
302
GRIDFORMAT
  1
GRIDFORMAT_BEGIN
 90
        0
 91
        1
 62
     0
 92
       -2
340
14
 93
        0
 40
0.045
309
GRIDFORMAT_END
 95
        2
302
GRIDFORMAT
  1
GRIDFORMAT_BEGIN
 90
        0
 91
        1
 62
     0
 92
       -2
340
14
 93
        0
 40
0.045
309
GRIDFORMAT_END
 95
        4
302
GRIDFORMAT
  1
GRIDFORMAT_BEGIN
 90
        0
 91
        1
 62
     0
 92
       -2
340
14
 93
        0
 40
0.045
309
GRIDFORMAT_END
 95
        8
302
GRIDFORMAT
  1
GRIDFORMAT_BEGIN
 90
        0
 91
        1
 62
     0
 92
       -2
340
14
 93
        0
 40
0.045
309
GRIDFORMAT_END
 95
       16
302
GRIDFORMAT
  1
GRIDFORMAT_BEGIN
 90
        0
 91
        1
 62
     0
 92
       -2
340
14
 93
        0
 40
0.045
309
GRIDFORMAT_END
 95
       32
302
GRIDFORMAT
  1
GRIDFORMAT_BEGIN
 90
        0
 91
        1
 62
     0
 92
       -2
340
14
 93
        0
 40
0.045
309
GRIDFORMAT_END
309
TABLEFORMAT_END
  1
CELLSTYLE_BEGIN
 90
        3
 91
        2
300
_DATA
309
CELLSTYLE_END
  0
XRECORD
  5
546
102
{ACAD_REACTORS
330
545
102
}
330
545
100
AcDbXrecord
280
     1
102
RTVSPropertyOp0
 70
     1
102
RTVSPropertyOp1
 70
     1
102
RTVSPropertyOp2
 70
     1
102
RTVSPropertyOp3
 70
     1
102
RTVSPropertyOp4
 70
     1
102
RTVSPropertyOp5
 70
     1
102
RTVSPropertyOp6
 70
     1
102
RTVSPropertyOp7
 70
     1
102
RTVSPropertyOp8
 70
     1
102
RTVSPropertyOp9
 70
     1
102
RTVSPropertyOp10
 70
     1
102
RTVSPropertyOp11
 70
     1
102
RTVSPropertyOp12
 70
     1
102
RTVSPropertyOp13
 70
     1
102
RTVSPropertyOp14
 70
     1
102
RTVSPropertyOp15
 70
     1
102
RTVSPropertyOp16
 70
     1
102
RTVSPropertyOp17
 70
     1
102
RTVSPropertyOp18
 70
     1
102
RTVSPropertyOp19
 70
     1
102
RTVSPropertyOp20
 70
     1
102
RTVSPropertyOp21
 70
     1
102
RTVSPropertyOp22
 70
     1
102
RTVSPropertyOp23
 70
     1
102
RTVSPropertyOp24
 70
     1
102
RTVSPropertyOp25
 70
     1
102
RTVSPropertyOp26
 70
     1
102
RTVSPropertyOp27
 70
     1
102
RTVSPropertyOp28
 70
     1
102
RTVSPropertyOp29
 70
     1
102
RTVSPropertyOp30
 70
     1
102
RTVSPropertyOp31
 70
     1
102
RTVSPropertyOp32
 70
     1
102
RTVSPropertyOp33
 70
     1
102
RTVSPropertyOp34
 70
     1
102
RTVSPropertyOp35
 70
     1
102
RTVSPropertyOp36
 70
     1
102
RTVSPropertyOp37
 70
     1
102
RTVSPropertyOp38
 70
     1
102
RTVSPropertyOp39
 70
     1
102
RTVSPropertyOp40
 70
     1
102
RTVSPropertyOp41
 70
     1
102
RTVSPropertyOp42
 70
     1
102
RTVSPropertyOp43
 70
     1
102
RTVSPropertyOp44
 70
     1
102
RTVSPropertyOp45
 70
     1
102
RTVSPropertyOp46
 70
     1
102
RTVSPropertyOp47
 70
     1
102
RTVSPropertyOp48
 70
     1
102
RTVSPropertyOp49
 70
     1
102
RTVSPropertyOp50
 70
     1
102
RTVSPropertyOp51
 70
     0
102
RTVSPropertyOp52
 70
     0
102
RTVSPropertyOp53
 70
     1
102
RTVSPropertyOp54
 70
     1
102
RTVSPropertyOp55
 70
     1
102
RTVSPropertyOp56
 70
     1
102
RTVSPropertyOp57
 70
     1
102
RTVSPost2010Prop28
280
     1
102
RTVSPost2010PropOp28
 70
     1
102
RTVSPost2010Prop29
280
     1
102
RTVSPost2010PropOp29
 70
     1
102
RTVSPost2010Prop30
280
     0
102
RTVSPost2010PropOp30
 70
     1
102
RTVSPost2010Prop31
280
     0
102
RTVSPost2010PropOp31
 70
     1
102
RTVSPost2010Prop32
280
     0
102
RTVSPost2010PropOp32
 70
     1
102
RTVSPost2010Prop33
280
     0
102
RTVSPost2010PropOp33
 70
     1
102
RTVSPost2010Prop34
280
     0
102
RTVSPost2010PropOp34
 70
     1
102
RTVSPost2010Prop35
280
     0
102
RTVSPost2010PropOp35
 70
     1
102
RTVSPost2010Prop36
280
     0
102
RTVSPost2010PropOp36
 70
     1
102
RTVSPost2010Prop37
 90
       50
102
RTVSPost2010PropOp37
 70
     1
102
RTVSPost2010Prop38
140
0.0
102
RTVSPost2010PropOp38
 70
     1
102
RTVSPost2010Prop39
140
1.0
102
RTVSPost2010PropOp39
 70
     1
102
RTVSPost2010Prop40
 90
        0
102
RTVSPost2010PropOp40
 70
     1
102
RTVSPost2010Prop41ColorIndex
 90
       18
102
RTVSPost2010Prop41ColorRGB
 90
        0
102
RTVSPost2010PropOp41
 70
     1
102
RTVSPost2010Prop42
 90
       50
102
RTVSPost2010PropOp42
 70
     1
102
RTVSPost2010Prop43
 90
        3
102
RTVSPost2010PropOp43
 70
     1
102
RTVSPost2010Prop44ColorIndex
 90
        5
102
RTVSPost2010Prop44ColorRGB
 90
      255
102
RTVSPost2010PropOp44
 70
     1
102
RTVSPost2010Prop45
280
     0
102
RTVSPost2010PropOp45
 70
     1
102
RTVSPost2010Prop46
 90
       50
102
RTVSPost2010PropOp46
 70
     1
102
RTVSPost2010Prop47
 90
       50
102
RTVSPost2010PropOp47
 70
     1
102
RTVSPost2010Prop48
 90
       50
102
RTVSPost2010PropOp48
 70
     1
102
RTVSPost2010Prop49
280
     0
102
RTVSPost2010PropOp49
 70
     1
102
RTVSPost2010Prop50
 90
       50
102
RTVSPost2010PropOp50
 70
     1
102
RTVSPost2010Prop51ColorIndex
 90
      256
102
RTVSPost2010Prop51ColorRGB
 90
-16777216
102
RTVSPost2010PropOp51
 70
     0
102
RTVSPost2010Prop52
140
1.0
102
RTVSPost2010PropOp52
 70
     0
102
RTVSPost2010Prop53
 90
        2
102
RTVSPost2010PropOp53
 70
     1
102
RTVSPost2010Prop54
  1
strokes_ogs.tif
102
RTVSPost2010PropOp54
 70
     1
102
RTVSPost2010Prop55
280
     0
102
RTVSPost2010PropOp55
 70
     1
102
RTVSPost2010Prop56
140
1.0
102
RTVSPost2010PropOp56
 70
     1
102
RTVSPost2010Prop57
140
1.0
102
RTVSPost2010PropOp57
 70
     1
  0
XRECORD
  5
54C
102
{ACAD_REACTORS
330
54B
102
}
330
54B
100
AcDbXrecord
280
     1
102
RTVSPropertyOp0
 70
     1
102
RTVSPropertyOp1
 70
     1
102
RTVSPropertyOp2
 70
     1
102
RTVSPropertyOp3
 70
     1
102
RTVSPropertyOp4
 70
     1
102
RTVSPropertyOp5
 70
     1
102
RTVSPropertyOp6
 70
     1
102
RTVSPropertyOp7
 70
     1
102
RTVSPropertyOp8
 70
     1
102
RTVSPropertyOp9
 70
     1
102
RTVSPropertyOp10
 70
     1
102
RTVSPropertyOp11
 70
     1
102
RTVSPropertyOp12
 70
     1
102
RTVSPropertyOp13
 70
     1
102
RTVSPropertyOp14
 70
     1
102
RTVSPropertyOp15
 70
     1
102
RTVSPropertyOp16
 70
     1
102
RTVSPropertyOp17
 70
     1
102
RTVSPropertyOp18
 70
     1
102
RTVSPropertyOp19
 70
     1
102
RTVSPropertyOp20
 70
     1
102
RTVSPropertyOp21
 70
     1
102
RTVSPropertyOp22
 70
     1
102
RTVSPropertyOp23
 70
     1
102
RTVSPropertyOp24
 70
     1
102
RTVSPropertyOp25
 70
     1
102
RTVSPropertyOp26
 70
     1
102
RTVSPropertyOp27
 70
     1
102
RTVSPropertyOp28
 70
     1
102
RTVSPropertyOp29
 70
     1
102
RTVSPropertyOp30
 70
     1
102
RTVSPropertyOp31
 70
     1
102
RTVSPropertyOp32
 70
     1
102
RTVSPropertyOp33
 70
     1
102
RTVSPropertyOp34
 70
     1
102
RTVSPropertyOp35
 70
     1
102
RTVSPropertyOp36
 70
     1
102
RTVSPropertyOp37
 70
     1
102
RTVSPropertyOp38
 70
     1
102
RTVSPropertyOp39
 70
     1
102
RTVSPropertyOp40
 70
     1
102
RTVSPropertyOp41
 70
     1
102
RTVSPropertyOp42
 70
     1
102
RTVSPropertyOp43
 70
     1
102
RTVSPropertyOp44
 70
     1
102
RTVSPropertyOp45
 70
     1
102
RTVSPropertyOp46
 70
     1
102
RTVSPropertyOp47
 70
     1
102
RTVSPropertyOp48
 70
     1
102
RTVSPropertyOp49
 70
     1
102
RTVSPropertyOp50
 70
     1
102
RTVSPropertyOp51
 70
     0
102
RTVSPropertyOp52
 70
     0
102
RTVSPropertyOp53
 70
     1
102
RTVSPropertyOp54
 70
     1
102
RTVSPropertyOp55
 70
     1
102
RTVSPropertyOp56
 70
     1
102
RTVSPropertyOp57
 70
     1
102
RTVSPost2010Prop28
280
     0
102
RTVSPost2010PropOp28
 70
     1
102
RTVSPost2010Prop29
280
     1
102
RTVSPost2010PropOp29
 70
     1
102
RTVSPost2010Prop30
280
     1
102
RTVSPost2010PropOp30
 70
     1
102
RTVSPost2010Prop31
280
     0
102
RTVSPost2010PropOp31
 70
     1
102
RTVSPost2010Prop32
280
     0
102
RTVSPost2010PropOp32
 70
     1
102
RTVSPost2010Prop33
280
     0
102
RTVSPost2010PropOp33
 70
     1
102
RTVSPost2010Prop34
280
     0
102
RTVSPost2010PropOp34
 70
     1
102
RTVSPost2010Prop35
280
     0
102
RTVSPost2010PropOp35
 70
     1
102
RTVSPost2010Prop36
280
     0
102
RTVSPost2010PropOp36
 70
     1
102
RTVSPost2010Prop37
 90
       50
102
RTVSPost2010PropOp37
 70
     1
102
RTVSPost2010Prop38
140
0.0
102
RTVSPost2010PropOp38
 70
     1
102
RTVSPost2010Prop39
140
1.0
102
RTVSPost2010PropOp39
 70
     1
102
RTVSPost2010Prop40
 90
        0
102
RTVSPost2010PropOp40
 70
     1
102
RTVSPost2010Prop41ColorIndex
 90
       18
102
RTVSPost2010Prop41ColorRGB
 90
        0
102
RTVSPost2010PropOp41
 70
     1
102
RTVSPost2010Prop42
 90
       50
102
RTVSPost2010PropOp42
 70
     1
102
RTVSPost2010Prop43
 90
        3
102
RTVSPost2010PropOp43
 70
     1
102
RTVSPost2010Prop44ColorIndex
 90
        5
102
RTVSPost2010Prop44ColorRGB
 90
      255
102
RTVSPost2010PropOp44
 70
     1
102
RTVSPost2010Prop45
280
     0
102
RTVSPost2010PropOp45
 70
     1
102
RTVSPost2010Prop46
 90
       50
102
RTVSPost2010PropOp46
 70
     1
102
RTVSPost2010Prop47
 90
       50
102
RTVSPost2010PropOp47
 70
     1
102
RTVSPost2010Prop48
 90
       50
102
RTVSPost2010PropOp48
 70
     1
102
RTVSPost2010Prop49
280
     0
102
RTVSPost2010PropOp49
 70
     1
102
RTVSPost2010Prop50
 90
       50
102
RTVSPost2010PropOp50
 70
     1
102
RTVSPost2010Prop51ColorIndex
 90
      256
102
RTVSPost2010Prop51ColorRGB
 90
-16777216
102
RTVSPost2010PropOp51
 70
     0
102
RTVSPost2010Prop52
140
1.0
102
RTVSPost2010PropOp52
 70
     0
102
RTVSPost2010Prop53
 90
        2
102
RTVSPost2010PropOp53
 70
     1
102
RTVSPost2010Prop54
  1
strokes_ogs.tif
102
RTVSPost2010PropOp54
 70
     1
102
RTVSPost2010Prop55
280
     0
102
RTVSPost2010PropOp55
 70
     1
102
RTVSPost2010Prop56
140
1.0
102
RTVSPost2010PropOp56
 70
     1
102
RTVSPost2010Prop57
140
1.0
102
RTVSPost2010PropOp57
 70
     1
  0
XRECORD
  5
554
102
{ACAD_REACTORS
330
553
102
}
330
553
100
AcDbXrecord
280
     1
102
RTVSPropertyOp0
 70
     1
102
RTVSPropertyOp1
 70
     1
102
RTVSPropertyOp2
 70
     1
102
RTVSPropertyOp3
 70
     1
102
RTVSPropertyOp4
 70
     1
102
RTVSPropertyOp5
 70
     1
102
RTVSPropertyOp6
 70
     1
102
RTVSPropertyOp7
 70
     1
102
RTVSPropertyOp8
 70
     1
102
RTVSPropertyOp9
 70
     1
102
RTVSPropertyOp10
 70
     1
102
RTVSPropertyOp11
 70
     1
102
RTVSPropertyOp12
 70
     1
102
RTVSPropertyOp13
 70
     1
102
RTVSPropertyOp14
 70
     1
102
RTVSPropertyOp15
 70
     1
102
RTVSPropertyOp16
 70
     1
102
RTVSPropertyOp17
 70
     1
102
RTVSPropertyOp18
 70
     1
102
RTVSPropertyOp19
 70
     1
102
RTVSPropertyOp20
 70
     1
102
RTVSPropertyOp21
 70
     1
102
RTVSPropertyOp22
 70
     1
102
RTVSPropertyOp23
 70
     1
102
RTVSPropertyOp24
 70
     1
102
RTVSPropertyOp25
 70
     1
102
RTVSPropertyOp26
 70
     1
102
RTVSPropertyOp27
 70
     1
102
RTVSPropertyOp28
 70
     1
102
RTVSPropertyOp29
 70
     1
102
RTVSPropertyOp30
 70
     1
102
RTVSPropertyOp31
 70
     1
102
RTVSPropertyOp32
 70
     1
102
RTVSPropertyOp33
 70
     1
102
RTVSPropertyOp34
 70
     1
102
RTVSPropertyOp35
 70
     1
102
RTVSPropertyOp36
 70
     1
102
RTVSPropertyOp37
 70
     1
102
RTVSPropertyOp38
 70
     1
102
RTVSPropertyOp39
 70
     1
102
RTVSPropertyOp40
 70
     1
102
RTVSPropertyOp41
 70
     1
102
RTVSPropertyOp42
 70
     1
102
RTVSPropertyOp43
 70
     1
102
RTVSPropertyOp44
 70
     1
102
RTVSPropertyOp45
 70
     1
102
RTVSPropertyOp46
 70
     1
102
RTVSPropertyOp47
 70
     1
102
RTVSPropertyOp48
 70
     1
102
RTVSPropertyOp49
 70
     1
102
RTVSPropertyOp50
 70
     1
102
RTVSPropertyOp51
 70
     0
102
RTVSPropertyOp52
 70
     0
102
RTVSPropertyOp53
 70
     1
102
RTVSPropertyOp54
 70
     1
102
RTVSPropertyOp55
 70
     1
102
RTVSPropertyOp56
 70
     1
102
RTVSPropertyOp57
 70
     1
102
RTVSPost2010Prop28
280
     0
102
RTVSPost2010PropOp28
 70
     1
102
RTVSPost2010Prop29
280
     1
102
RTVSPost2010PropOp29
 70
     1
102
RTVSPost2010Prop30
280
     1
102
RTVSPost2010PropOp30
 70
     1
102
RTVSPost2010Prop31
280
     0
102
RTVSPost2010PropOp31
 70
     1
102
RTVSPost2010Prop32
280
     0
102
RTVSPost2010PropOp32
 70
     1
102
RTVSPost2010Prop33
280
     0
102
RTVSPost2010PropOp33
 70
     1
102
RTVSPost2010Prop34
280
     0
102
RTVSPost2010PropOp34
 70
     1
102
RTVSPost2010Prop35
280
     0
102
RTVSPost2010PropOp35
 70
     1
102
RTVSPost2010Prop36
280
     0
102
RTVSPost2010PropOp36
 70
     1
102
RTVSPost2010Prop37
 90
       50
102
RTVSPost2010PropOp37
 70
     1
102
RTVSPost2010Prop38
140
0.0
102
RTVSPost2010PropOp38
 70
     1
102
RTVSPost2010Prop39
140
1.0
102
RTVSPost2010PropOp39
 70
     1
102
RTVSPost2010Prop40
 90
        0
102
RTVSPost2010PropOp40
 70
     1
102
RTVSPost2010Prop41ColorIndex
 90
       18
102
RTVSPost2010Prop41ColorRGB
 90
        0
102
RTVSPost2010PropOp41
 70
     1
102
RTVSPost2010Prop42
 90
       50
102
RTVSPost2010PropOp42
 70
     1
102
RTVSPost2010Prop43
 90
        3
102
RTVSPost2010PropOp43
 70
     1
102
RTVSPost2010Prop44ColorIndex
 90
        5
102
RTVSPost2010Prop44ColorRGB
 90
      255
102
RTVSPost2010PropOp44
 70
     1
102
RTVSPost2010Prop45
280
     0
102
RTVSPost2010PropOp45
 70
     1
102
RTVSPost2010Prop46
 90
       50
102
RTVSPost2010PropOp46
 70
     1
102
RTVSPost2010Prop47
 90
       50
102
RTVSPost2010PropOp47
 70
     1
102
RTVSPost2010Prop48
 90
       50
102
RTVSPost2010PropOp48
 70
     1
102
RTVSPost2010Prop49
280
     0
102
RTVSPost2010PropOp49
 70
     1
102
RTVSPost2010Prop50
 90
       50
102
RTVSPost2010PropOp50
 70
     1
102
RTVSPost2010Prop51ColorIndex
 90
      256
102
RTVSPost2010Prop51ColorRGB
 90
-16777216
102
RTVSPost2010PropOp51
 70
     0
102
RTVSPost2010Prop52
140
1.0
102
RTVSPost2010PropOp52
 70
     0
102
RTVSPost2010Prop53
 90
        2
102
RTVSPost2010PropOp53
 70
     1
102
RTVSPost2010Prop54
  1
strokes_ogs.tif
102
RTVSPost2010PropOp54
 70
     1
102
RTVSPost2010Prop55
280
     0
102
RTVSPost2010PropOp55
 70
     1
102
RTVSPost2010Prop56
140
1.0
102
RTVSPost2010PropOp56
 70
     1
102
RTVSPost2010Prop57
140
1.0
102
RTVSPost2010PropOp57
 70
     1
  0
XRECORD
  5
55C
102
{ACAD_REACTORS
330
55B
102
}
330
55B
100
AcDbXrecord
280
     1
102
RTVSPropertyOp0
 70
     1
102
RTVSPropertyOp1
 70
     1
102
RTVSPropertyOp2
 70
     1
102
RTVSPropertyOp3
 70
     1
102
RTVSPropertyOp4
 70
     1
102
RTVSPropertyOp5
 70
     1
102
RTVSPropertyOp6
 70
     1
102
RTVSPropertyOp7
 70
     1
102
RTVSPropertyOp8
 70
     1
102
RTVSPropertyOp9
 70
     1
102
RTVSPropertyOp10
 70
     1
102
RTVSPropertyOp11
 70
     1
102
RTVSPropertyOp12
 70
     1
102
RTVSPropertyOp13
 70
     1
102
RTVSPropertyOp14
 70
     1
102
RTVSPropertyOp15
 70
     1
102
RTVSPropertyOp16
 70
     1
102
RTVSPropertyOp17
 70
     1
102
RTVSPropertyOp18
 70
     1
102
RTVSPropertyOp19
 70
     1
102
RTVSPropertyOp20
 70
     1
102
RTVSPropertyOp21
 70
     1
102
RTVSPropertyOp22
 70
     1
102
RTVSPropertyOp23
 70
     1
102
RTVSPropertyOp24
 70
     1
102
RTVSPropertyOp25
 70
     1
102
RTVSPropertyOp26
 70
     1
102
RTVSPropertyOp27
 70
     1
102
RTVSPropertyOp28
 70
     1
102
RTVSPropertyOp29
 70
     1
102
RTVSPropertyOp30
 70
     1
102
RTVSPropertyOp31
 70
     1
102
RTVSPropertyOp32
 70
     1
102
RTVSPropertyOp33
 70
     1
102
RTVSPropertyOp34
 70
     1
102
RTVSPropertyOp35
 70
     1
102
RTVSPropertyOp36
 70
     1
102
RTVSPropertyOp37
 70
     1
102
RTVSPropertyOp38
 70
     1
102
RTVSPropertyOp39
 70
     1
102
RTVSPropertyOp40
 70
     1
102
RTVSPropertyOp41
 70
     1
102
RTVSPropertyOp42
 70
     1
102
RTVSPropertyOp43
 70
     1
102
RTVSPropertyOp44
 70
     1
102
RTVSPropertyOp45
 70
     1
102
RTVSPropertyOp46
 70
     1
102
RTVSPropertyOp47
 70
     1
102
RTVSPropertyOp48
 70
     1
102
RTVSPropertyOp49
 70
     1
102
RTVSPropertyOp50
 70
     1
102
RTVSPropertyOp51
 70
     0
102
RTVSPropertyOp52
 70
     0
102
RTVSPropertyOp53
 70
     1
102
RTVSPropertyOp54
 70
     1
102
RTVSPropertyOp55
 70
     1
102
RTVSPropertyOp56
 70
     1
102
RTVSPropertyOp57
 70
     1
102
RTVSPost2010Prop28
280
     0
102
RTVSPost2010PropOp28
 70
     1
102
RTVSPost2010Prop29
280
     1
102
RTVSPost2010PropOp29
 70
     1
102
RTVSPost2010Prop30
280
     1
102
RTVSPost2010PropOp30
 70
     1
102
RTVSPost2010Prop31
280
     0
102
RTVSPost2010PropOp31
 70
     1
102
RTVSPost2010Prop32
280
     0
102
RTVSPost2010PropOp32
 70
     1
102
RTVSPost2010Prop33
280
     0
102
RTVSPost2010PropOp33
 70
     1
102
RTVSPost2010Prop34
280
     0
102
RTVSPost2010PropOp34
 70
     1
102
RTVSPost2010Prop35
280
     0
102
RTVSPost2010PropOp35
 70
     1
102
RTVSPost2010Prop36
280
     0
102
RTVSPost2010PropOp36
 70
     1
102
RTVSPost2010Prop37
 90
       50
102
RTVSPost2010PropOp37
 70
     1
102
RTVSPost2010Prop38
140
0.0
102
RTVSPost2010PropOp38
 70
     1
102
RTVSPost2010Prop39
140
1.0
102
RTVSPost2010PropOp39
 70
     1
102
RTVSPost2010Prop40
 90
        0
102
RTVSPost2010PropOp40
 70
     1
102
RTVSPost2010Prop41ColorIndex
 90
       18
102
RTVSPost2010Prop41ColorRGB
 90
        0
102
RTVSPost2010PropOp41
 70
     1
102
RTVSPost2010Prop42
 90
       50
102
RTVSPost2010PropOp42
 70
     1
102
RTVSPost2010Prop43
 90
        3
102
RTVSPost2010PropOp43
 70
     1
102
RTVSPost2010Prop44ColorIndex
 90
        5
102
RTVSPost2010Prop44ColorRGB
 90
      255
102
RTVSPost2010PropOp44
 70
     1
102
RTVSPost2010Prop45
280
     0
102
RTVSPost2010PropOp45
 70
     1
102
RTVSPost2010Prop46
 90
       50
102
RTVSPost2010PropOp46
 70
     1
102
RTVSPost2010Prop47
 90
       50
102
RTVSPost2010PropOp47
 70
     1
102
RTVSPost2010Prop48
 90
       50
102
RTVSPost2010PropOp48
 70
     1
102
RTVSPost2010Prop49
280
     0
102
RTVSPost2010PropOp49
 70
     1
102
RTVSPost2010Prop50
 90
       50
102
RTVSPost2010PropOp50
 70
     1
102
RTVSPost2010Prop51ColorIndex
 90
      256
102
RTVSPost2010Prop51ColorRGB
 90
-16777216
102
RTVSPost2010PropOp51
 70
     0
102
RTVSPost2010Prop52
140
1.0
102
RTVSPost2010PropOp52
 70
     0
102
RTVSPost2010Prop53
 90
        2
102
RTVSPost2010PropOp53
 70
     1
102
RTVSPost2010Prop54
  1
strokes_ogs.tif
102
RTVSPost2010PropOp54
 70
     1
102
RTVSPost2010Prop55
280
     0
102
RTVSPost2010PropOp55
 70
     1
102
RTVSPost2010Prop56
140
1.0
102
RTVSPost2010PropOp56
 70
     1
102
RTVSPost2010Prop57
140
1.0
102
RTVSPost2010PropOp57
 70
     1
  0
XRECORD
  5
550
102
{ACAD_REACTORS
330
54F
102
}
330
54F
100
AcDbXrecord
280
     1
102
RTVSPropertyOp0
 70
     1
102
RTVSPropertyOp1
 70
     1
102
RTVSPropertyOp2
 70
     1
102
RTVSPropertyOp3
 70
     1
102
RTVSPropertyOp4
 70
     1
102
RTVSPropertyOp5
 70
     1
102
RTVSPropertyOp6
 70
     1
102
RTVSPropertyOp7
 70
     1
102
RTVSPropertyOp8
 70
     1
102
RTVSPropertyOp9
 70
     1
102
RTVSPropertyOp10
 70
     1
102
RTVSPropertyOp11
 70
     1
102
RTVSPropertyOp12
 70
     1
102
RTVSPropertyOp13
 70
     1
102
RTVSPropertyOp14
 70
     1
102
RTVSPropertyOp15
 70
     1
102
RTVSPropertyOp16
 70
     1
102
RTVSPropertyOp17
 70
     1
102
RTVSPropertyOp18
 70
     1
102
RTVSPropertyOp19
 70
     1
102
RTVSPropertyOp20
 70
     1
102
RTVSPropertyOp21
 70
     1
102
RTVSPropertyOp22
 70
     1
102
RTVSPropertyOp23
 70
     1
102
RTVSPropertyOp24
 70
     1
102
RTVSPropertyOp25
 70
     1
102
RTVSPropertyOp26
 70
     1
102
RTVSPropertyOp27
 70
     1
102
RTVSPropertyOp28
 70
     1
102
RTVSPropertyOp29
 70
     1
102
RTVSPropertyOp30
 70
     1
102
RTVSPropertyOp31
 70
     1
102
RTVSPropertyOp32
 70
     1
102
RTVSPropertyOp33
 70
     1
102
RTVSPropertyOp34
 70
     1
102
RTVSPropertyOp35
 70
     1
102
RTVSPropertyOp36
 70
     1
102
RTVSPropertyOp37
 70
     1
102
RTVSPropertyOp38
 70
     1
102
RTVSPropertyOp39
 70
     1
102
RTVSPropertyOp40
 70
     1
102
RTVSPropertyOp41
 70
     1
102
RTVSPropertyOp42
 70
     1
102
RTVSPropertyOp43
 70
     1
102
RTVSPropertyOp44
 70
     1
102
RTVSPropertyOp45
 70
     1
102
RTVSPropertyOp46
 70
     1
102
RTVSPropertyOp47
 70
     1
102
RTVSPropertyOp48
 70
     1
102
RTVSPropertyOp49
 70
     1
102
RTVSPropertyOp50
 70
     1
102
RTVSPropertyOp51
 70
     0
102
RTVSPropertyOp52
 70
     0
102
RTVSPropertyOp53
 70
     1
102
RTVSPropertyOp54
 70
     1
102
RTVSPropertyOp55
 70
     1
102
RTVSPropertyOp56
 70
     1
102
RTVSPropertyOp57
 70
     1
102
RTVSPost2010Prop28
280
     0
102
RTVSPost2010PropOp28
 70
     1
102
RTVSPost2010Prop29
280
     1
102
RTVSPost2010PropOp29
 70
     1
102
RTVSPost2010Prop30
280
     1
102
RTVSPost2010PropOp30
 70
     1
102
RTVSPost2010Prop31
280
     0
102
RTVSPost2010PropOp31
 70
     1
102
RTVSPost2010Prop32
280
     0
102
RTVSPost2010PropOp32
 70
     1
102
RTVSPost2010Prop33
280
     0
102
RTVSPost2010PropOp33
 70
     1
102
RTVSPost2010Prop34
280
     0
102
RTVSPost2010PropOp34
 70
     1
102
RTVSPost2010Prop35
280
     0
102
RTVSPost2010PropOp35
 70
     1
102
RTVSPost2010Prop36
280
     0
102
RTVSPost2010PropOp36
 70
     1
102
RTVSPost2010Prop37
 90
       50
102
RTVSPost2010PropOp37
 70
     1
102
RTVSPost2010Prop38
140
0.0
102
RTVSPost2010PropOp38
 70
     1
102
RTVSPost2010Prop39
140
1.0
102
RTVSPost2010PropOp39
 70
     1
102
RTVSPost2010Prop40
 90
        0
102
RTVSPost2010PropOp40
 70
     1
102
RTVSPost2010Prop41ColorIndex
 90
       18
102
RTVSPost2010Prop41ColorRGB
 90
        0
102
RTVSPost2010PropOp41
 70
     1
102
RTVSPost2010Prop42
 90
       50
102
RTVSPost2010PropOp42
 70
     1
102
RTVSPost2010Prop43
 90
        3
102
RTVSPost2010PropOp43
 70
     1
102
RTVSPost2010Prop44ColorIndex
 90
        5
102
RTVSPost2010Prop44ColorRGB
 90
      255
102
RTVSPost2010PropOp44
 70
     1
102
RTVSPost2010Prop45
280
     0
102
RTVSPost2010PropOp45
 70
     1
102
RTVSPost2010Prop46
 90
       50
102
RTVSPost2010PropOp46
 70
     1
102
RTVSPost2010Prop47
 90
       50
102
RTVSPost2010PropOp47
 70
     1
102
RTVSPost2010Prop48
 90
       50
102
RTVSPost2010PropOp48
 70
     1
102
RTVSPost2010Prop49
280
     0
102
RTVSPost2010PropOp49
 70
     1
102
RTVSPost2010Prop50
 90
       50
102
RTVSPost2010PropOp50
 70
     1
102
RTVSPost2010Prop51ColorIndex
 90
      256
102
RTVSPost2010Prop51ColorRGB
 90
-16777216
102
RTVSPost2010PropOp51
 70
     0
102
RTVSPost2010Prop52
140
1.0
102
RTVSPost2010PropOp52
 70
     0
102
RTVSPost2010Prop53
 90
        2
102
RTVSPost2010PropOp53
 70
     1
102
RTVSPost2010Prop54
  1
strokes_ogs.tif
102
RTVSPost2010PropOp54
 70
     1
102
RTVSPost2010Prop55
280
     0
102
RTVSPost2010PropOp55
 70
     1
102
RTVSPost2010Prop56
140
1.0
102
RTVSPost2010PropOp56
 70
     1
102
RTVSPost2010Prop57
140
1.0
102
RTVSPost2010PropOp57
 70
     1
  0
XRECORD
  5
552
102
{ACAD_REACTORS
330
551
102
}
330
551
100
AcDbXrecord
280
     1
102
RTVSPropertyOp0
 70
     1
102
RTVSPropertyOp1
 70
     1
102
RTVSPropertyOp2
 70
     1
102
RTVSPropertyOp3
 70
     1
102
RTVSPropertyOp4
 70
     1
102
RTVSPropertyOp5
 70
     1
102
RTVSPropertyOp6
 70
     1
102
RTVSPropertyOp7
 70
     1
102
RTVSPropertyOp8
 70
     1
102
RTVSPropertyOp9
 70
     1
102
RTVSPropertyOp10
 70
     1
102
RTVSPropertyOp11
 70
     1
102
RTVSPropertyOp12
 70
     1
102
RTVSPropertyOp13
 70
     1
102
RTVSPropertyOp14
 70
     1
102
RTVSPropertyOp15
 70
     1
102
RTVSPropertyOp16
 70
     1
102
RTVSPropertyOp17
 70
     1
102
RTVSPropertyOp18
 70
     1
102
RTVSPropertyOp19
 70
     1
102
RTVSPropertyOp20
 70
     1
102
RTVSPropertyOp21
 70
     1
102
RTVSPropertyOp22
 70
     1
102
RTVSPropertyOp23
 70
     1
102
RTVSPropertyOp24
 70
     1
102
RTVSPropertyOp25
 70
     1
102
RTVSPropertyOp26
 70
     1
102
RTVSPropertyOp27
 70
     1
102
RTVSPropertyOp28
 70
     1
102
RTVSPropertyOp29
 70
     1
102
RTVSPropertyOp30
 70
     1
102
RTVSPropertyOp31
 70
     1
102
RTVSPropertyOp32
 70
     1
102
RTVSPropertyOp33
 70
     1
102
RTVSPropertyOp34
 70
     1
102
RTVSPropertyOp35
 70
     1
102
RTVSPropertyOp36
 70
     1
102
RTVSPropertyOp37
 70
     1
102
RTVSPropertyOp38
 70
     1
102
RTVSPropertyOp39
 70
     1
102
RTVSPropertyOp40
 70
     1
102
RTVSPropertyOp41
 70
     1
102
RTVSPropertyOp42
 70
     1
102
RTVSPropertyOp43
 70
     1
102
RTVSPropertyOp44
 70
     1
102
RTVSPropertyOp45
 70
     1
102
RTVSPropertyOp46
 70
     1
102
RTVSPropertyOp47
 70
     1
102
RTVSPropertyOp48
 70
     1
102
RTVSPropertyOp49
 70
     1
102
RTVSPropertyOp50
 70
     1
102
RTVSPropertyOp51
 70
     0
102
RTVSPropertyOp52
 70
     0
102
RTVSPropertyOp53
 70
     1
102
RTVSPropertyOp54
 70
     1
102
RTVSPropertyOp55
 70
     1
102
RTVSPropertyOp56
 70
     1
102
RTVSPropertyOp57
 70
     1
102
RTVSPost2010Prop28
280
     0
102
RTVSPost2010PropOp28
 70
     1
102
RTVSPost2010Prop29
280
     1
102
RTVSPost2010PropOp29
 70
     1
102
RTVSPost2010Prop30
280
     1
102
RTVSPost2010PropOp30
 70
     1
102
RTVSPost2010Prop31
280
     0
102
RTVSPost2010PropOp31
 70
     1
102
RTVSPost2010Prop32
280
     0
102
RTVSPost2010PropOp32
 70
     1
102
RTVSPost2010Prop33
280
     0
102
RTVSPost2010PropOp33
 70
     1
102
RTVSPost2010Prop34
280
     0
102
RTVSPost2010PropOp34
 70
     1
102
RTVSPost2010Prop35
280
     0
102
RTVSPost2010PropOp35
 70
     1
102
RTVSPost2010Prop36
280
     0
102
RTVSPost2010PropOp36
 70
     1
102
RTVSPost2010Prop37
 90
       50
102
RTVSPost2010PropOp37
 70
     1
102
RTVSPost2010Prop38
140
0.0
102
RTVSPost2010PropOp38
 70
     1
102
RTVSPost2010Prop39
140
1.0
102
RTVSPost2010PropOp39
 70
     1
102
RTVSPost2010Prop40
 90
        0
102
RTVSPost2010PropOp40
 70
     1
102
RTVSPost2010Prop41ColorIndex
 90
       18
102
RTVSPost2010Prop41ColorRGB
 90
        0
102
RTVSPost2010PropOp41
 70
     1
102
RTVSPost2010Prop42
 90
       50
102
RTVSPost2010PropOp42
 70
     1
102
RTVSPost2010Prop43
 90
        3
102
RTVSPost2010PropOp43
 70
     1
102
RTVSPost2010Prop44ColorIndex
 90
        5
102
RTVSPost2010Prop44ColorRGB
 90
      255
102
RTVSPost2010PropOp44
 70
     1
102
RTVSPost2010Prop45
280
     0
102
RTVSPost2010PropOp45
 70
     1
102
RTVSPost2010Prop46
 90
       50
102
RTVSPost2010PropOp46
 70
     1
102
RTVSPost2010Prop47
 90
       50
102
RTVSPost2010PropOp47
 70
     1
102
RTVSPost2010Prop48
 90
       50
102
RTVSPost2010PropOp48
 70
     1
102
RTVSPost2010Prop49
280
     0
102
RTVSPost2010PropOp49
 70
     1
102
RTVSPost2010Prop50
 90
       50
102
RTVSPost2010PropOp50
 70
     1
102
RTVSPost2010Prop51ColorIndex
 90
      256
102
RTVSPost2010Prop51ColorRGB
 90
-16777216
102
RTVSPost2010PropOp51
 70
     0
102
RTVSPost2010Prop52
140
1.0
102
RTVSPost2010PropOp52
 70
     0
102
RTVSPost2010Prop53
 90
        2
102
RTVSPost2010PropOp53
 70
     1
102
RTVSPost2010Prop54
  1
strokes_ogs.tif
102
RTVSPost2010PropOp54
 70
     1
102
RTVSPost2010Prop55
280
     0
102
RTVSPost2010PropOp55
 70
     1
102
RTVSPost2010Prop56
140
1.0
102
RTVSPost2010PropOp56
 70
     1
102
RTVSPost2010Prop57
140
1.0
102
RTVSPost2010PropOp57
 70
     1
  0
XRECORD
  5
562
102
{ACAD_REACTORS
330
561
102
}
330
561
100
AcDbXrecord
280
     1
102
RTVSPropertyOp0
 70
     0
102
RTVSPropertyOp1
 70
     0
102
RTVSPropertyOp2
 70
     0
102
RTVSPropertyOp3
 70
     0
102
RTVSPropertyOp4
 70
     0
102
RTVSPropertyOp5
 70
     0
102
RTVSPropertyOp6
 70
     0
102
RTVSPropertyOp7
 70
     0
102
RTVSPropertyOp8
 70
     0
102
RTVSPropertyOp9
 70
     0
102
RTVSPropertyOp10
 70
     0
102
RTVSPropertyOp11
 70
     0
102
RTVSPropertyOp12
 70
     0
102
RTVSPropertyOp13
 70
     0
102
RTVSPropertyOp14
 70
     2
102
RTVSPropertyOp15
 70
     0
102
RTVSPropertyOp16
 70
     0
102
RTVSPropertyOp17
 70
     0
102
RTVSPropertyOp18
 70
     0
102
RTVSPropertyOp19
 70
     0
102
RTVSPropertyOp20
 70
     0
102
RTVSPropertyOp21
 70
     0
102
RTVSPropertyOp22
 70
     0
102
RTVSPropertyOp23
 70
     0
102
RTVSPropertyOp24
 70
     0
102
RTVSPropertyOp25
 70
     0
102
RTVSPropertyOp26
 70
     0
102
RTVSPropertyOp27
 70
     0
102
RTVSPropertyOp28
 70
     0
102
RTVSPropertyOp29
 70
     0
102
RTVSPropertyOp30
 70
     0
102
RTVSPropertyOp31
 70
     0
102
RTVSPropertyOp32
 70
     0
102
RTVSPropertyOp33
 70
     0
102
RTVSPropertyOp34
 70
     0
102
RTVSPropertyOp35
 70
     0
102
RTVSPropertyOp36
 70
     0
102
RTVSPropertyOp37
 70
     0
102
RTVSPropertyOp38
 70
     0
102
RTVSPropertyOp39
 70
     0
102
RTVSPropertyOp40
 70
     0
102
RTVSPropertyOp41
 70
     0
102
RTVSPropertyOp42
 70
     0
102
RTVSPropertyOp43
 70
     0
102
RTVSPropertyOp44
 70
     0
102
RTVSPropertyOp45
 70
     0
102
RTVSPropertyOp46
 70
     0
102
RTVSPropertyOp47
 70
     0
102
RTVSPropertyOp48
 70
     0
102
RTVSPropertyOp49
 70
     0
102
RTVSPropertyOp50
 70
     0
102
RTVSPropertyOp51
 70
     0
102
RTVSPropertyOp52
 70
     0
102
RTVSPropertyOp53
 70
     0
102
RTVSPropertyOp54
 70
     0
102
RTVSPropertyOp55
 70
     0
102
RTVSPropertyOp56
 70
     0
102
RTVSPropertyOp57
 70
     0
102
RTVSPost2010Prop28
280
     0
102
RTVSPost2010PropOp28
 70
     0
102
RTVSPost2010Prop29
280
     1
102
RTVSPost2010PropOp29
 70
     0
102
RTVSPost2010Prop30
280
     1
102
RTVSPost2010PropOp30
 70
     0
102
RTVSPost2010Prop31
280
     0
102
RTVSPost2010PropOp31
 70
     0
102
RTVSPost2010Prop32
280
     0
102
RTVSPost2010PropOp32
 70
     0
102
RTVSPost2010Prop33
280
     0
102
RTVSPost2010PropOp33
 70
     0
102
RTVSPost2010Prop34
280
     0
102
RTVSPost2010PropOp34
 70
     0
102
RTVSPost2010Prop35
280
     0
102
RTVSPost2010PropOp35
 70
     0
102
RTVSPost2010Prop36
280
     0
102
RTVSPost2010PropOp36
 70
     0
102
RTVSPost2010Prop37
 90
       50
102
RTVSPost2010PropOp37
 70
     0
102
RTVSPost2010Prop38
140
0.0
102
RTVSPost2010PropOp38
 70
     0
102
RTVSPost2010Prop39
140
1.0
102
RTVSPost2010PropOp39
 70
     0
102
RTVSPost2010Prop40
 90
        0
102
RTVSPost2010PropOp40
 70
     0
102
RTVSPost2010Prop41ColorIndex
 90
       18
102
RTVSPost2010Prop41ColorRGB
 90
        0
102
RTVSPost2010PropOp41
 70
     0
102
RTVSPost2010Prop42
 90
       50
102
RTVSPost2010PropOp42
 70
     0
102
RTVSPost2010Prop43
 90
        3
102
RTVSPost2010PropOp43
 70
     0
102
RTVSPost2010Prop44ColorIndex
 90
        5
102
RTVSPost2010Prop44ColorRGB
 90
      255
102
RTVSPost2010PropOp44
 70
     0
102
RTVSPost2010Prop45
280
     0
102
RTVSPost2010PropOp45
 70
     0
102
RTVSPost2010Prop46
 90
       50
102
RTVSPost2010PropOp46
 70
     0
102
RTVSPost2010Prop47
 90
       50
102
RTVSPost2010PropOp47
 70
     0
102
RTVSPost2010Prop48
 90
       50
102
RTVSPost2010PropOp48
 70
     0
102
RTVSPost2010Prop49
280
     0
102
RTVSPost2010PropOp49
 70
     0
102
RTVSPost2010Prop50
 90
       50
102
RTVSPost2010PropOp50
 70
     0
102
RTVSPost2010Prop51ColorIndex
 90
      256
102
RTVSPost2010Prop51ColorRGB
 90
-16777216
102
RTVSPost2010PropOp51
 70
     0
102
RTVSPost2010Prop52
140
1.0
102
RTVSPost2010PropOp52
 70
     0
102
RTVSPost2010Prop53
 90
        2
102
RTVSPost2010PropOp53
 70
     0
102
RTVSPost2010Prop54
  1
strokes_ogs.tif
102
RTVSPost2010PropOp54
 70
     0
102
RTVSPost2010Prop55
280
     0
102
RTVSPost2010PropOp55
 70
     0
102
RTVSPost2010Prop56
140
1.0
102
RTVSPost2010PropOp56
 70
     0
102
RTVSPost2010Prop57
140
1.0
102
RTVSPost2010PropOp57
 70
     0
  0
XRECORD
  5
55A
102
{ACAD_REACTORS
330
559
102
}
330
559
100
AcDbXrecord
280
     1
102
RTVSPropertyOp0
 70
     1
102
RTVSPropertyOp1
 70
     1
102
RTVSPropertyOp2
 70
     1
102
RTVSPropertyOp3
 70
     1
102
RTVSPropertyOp4
 70
     1
102
RTVSPropertyOp5
 70
     1
102
RTVSPropertyOp6
 70
     1
102
RTVSPropertyOp7
 70
     1
102
RTVSPropertyOp8
 70
     1
102
RTVSPropertyOp9
 70
     1
102
RTVSPropertyOp10
 70
     1
102
RTVSPropertyOp11
 70
     1
102
RTVSPropertyOp12
 70
     1
102
RTVSPropertyOp13
 70
     1
102
RTVSPropertyOp14
 70
     1
102
RTVSPropertyOp15
 70
     1
102
RTVSPropertyOp16
 70
     1
102
RTVSPropertyOp17
 70
     1
102
RTVSPropertyOp18
 70
     1
102
RTVSPropertyOp19
 70
     1
102
RTVSPropertyOp20
 70
     1
102
RTVSPropertyOp21
 70
     1
102
RTVSPropertyOp22
 70
     1
102
RTVSPropertyOp23
 70
     1
102
RTVSPropertyOp24
 70
     1
102
RTVSPropertyOp25
 70
     1
102
RTVSPropertyOp26
 70
     1
102
RTVSPropertyOp27
 70
     1
102
RTVSPropertyOp28
 70
     1
102
RTVSPropertyOp29
 70
     1
102
RTVSPropertyOp30
 70
     1
102
RTVSPropertyOp31
 70
     1
102
RTVSPropertyOp32
 70
     1
102
RTVSPropertyOp33
 70
     1
102
RTVSPropertyOp34
 70
     1
102
RTVSPropertyOp35
 70
     1
102
RTVSPropertyOp36
 70
     1
102
RTVSPropertyOp37
 70
     1
102
RTVSPropertyOp38
 70
     1
102
RTVSPropertyOp39
 70
     1
102
RTVSPropertyOp40
 70
     1
102
RTVSPropertyOp41
 70
     1
102
RTVSPropertyOp42
 70
     1
102
RTVSPropertyOp43
 70
     1
102
RTVSPropertyOp44
 70
     1
102
RTVSPropertyOp45
 70
     1
102
RTVSPropertyOp46
 70
     1
102
RTVSPropertyOp47
 70
     1
102
RTVSPropertyOp48
 70
     1
102
RTVSPropertyOp49
 70
     1
102
RTVSPropertyOp50
 70
     1
102
RTVSPropertyOp51
 70
     0
102
RTVSPropertyOp52
 70
     0
102
RTVSPropertyOp53
 70
     1
102
RTVSPropertyOp54
 70
     1
102
RTVSPropertyOp55
 70
     1
102
RTVSPropertyOp56
 70
     1
102
RTVSPropertyOp57
 70
     1
102
RTVSPost2010Prop28
280
     0
102
RTVSPost2010PropOp28
 70
     1
102
RTVSPost2010Prop29
280
     1
102
RTVSPost2010PropOp29
 70
     1
102
RTVSPost2010Prop30
280
     1
102
RTVSPost2010PropOp30
 70
     1
102
RTVSPost2010Prop31
280
     0
102
RTVSPost2010PropOp31
 70
     1
102
RTVSPost2010Prop32
280
     0
102
RTVSPost2010PropOp32
 70
     1
102
RTVSPost2010Prop33
280
     0
102
RTVSPost2010PropOp33
 70
     1
102
RTVSPost2010Prop34
280
     0
102
RTVSPost2010PropOp34
 70
     1
102
RTVSPost2010Prop35
280
     0
102
RTVSPost2010PropOp35
 70
     1
102
RTVSPost2010Prop36
280
     0
102
RTVSPost2010PropOp36
 70
     1
102
RTVSPost2010Prop37
 90
       50
102
RTVSPost2010PropOp37
 70
     1
102
RTVSPost2010Prop38
140
0.0
102
RTVSPost2010PropOp38
 70
     1
102
RTVSPost2010Prop39
140
1.0
102
RTVSPost2010PropOp39
 70
     1
102
RTVSPost2010Prop40
 90
        0
102
RTVSPost2010PropOp40
 70
     1
102
RTVSPost2010Prop41ColorIndex
 90
       18
102
RTVSPost2010Prop41ColorRGB
 90
        0
102
RTVSPost2010PropOp41
 70
     1
102
RTVSPost2010Prop42
 90
       50
102
RTVSPost2010PropOp42
 70
     1
102
RTVSPost2010Prop43
 90
        3
102
RTVSPost2010PropOp43
 70
     1
102
RTVSPost2010Prop44ColorIndex
 90
        5
102
RTVSPost2010Prop44ColorRGB
 90
      255
102
RTVSPost2010PropOp44
 70
     1
102
RTVSPost2010Prop45
280
     0
102
RTVSPost2010PropOp45
 70
     1
102
RTVSPost2010Prop46
 90
       50
102
RTVSPost2010PropOp46
 70
     1
102
RTVSPost2010Prop47
 90
       50
102
RTVSPost2010PropOp47
 70
     1
102
RTVSPost2010Prop48
 90
       50
102
RTVSPost2010PropOp48
 70
     1
102
RTVSPost2010Prop49
280
     0
102
RTVSPost2010PropOp49
 70
     1
102
RTVSPost2010Prop50
 90
       50
102
RTVSPost2010PropOp50
 70
     1
102
RTVSPost2010Prop51ColorIndex
 90
      256
102
RTVSPost2010Prop51ColorRGB
 90
-16777216
102
RTVSPost2010PropOp51
 70
     0
102
RTVSPost2010Prop52
140
1.0
102
RTVSPost2010PropOp52
 70
     0
102
RTVSPost2010Prop53
 90
        2
102
RTVSPost2010PropOp53
 70
     1
102
RTVSPost2010Prop54
  1
strokes_ogs.tif
102
RTVSPost2010PropOp54
 70
     1
102
RTVSPost2010Prop55
280
     0
102
RTVSPost2010PropOp55
 70
     1
102
RTVSPost2010Prop56
140
1.0
102
RTVSPost2010PropOp56
 70
     1
102
RTVSPost2010Prop57
140
1.0
102
RTVSPost2010PropOp57
 70
     1
  0
XRECORD
  5
53E
102
{ACAD_REACTORS
330
53D
102
}
330
53D
100
AcDbXrecord
280
     1
102
RTVSPropertyOp0
 70
     1
102
RTVSPropertyOp1
 70
     1
102
RTVSPropertyOp2
 70
     1
102
RTVSPropertyOp3
 70
     1
102
RTVSPropertyOp4
 70
     1
102
RTVSPropertyOp5
 70
     1
102
RTVSPropertyOp6
 70
     1
102
RTVSPropertyOp7
 70
     1
102
RTVSPropertyOp8
 70
     1
102
RTVSPropertyOp9
 70
     1
102
RTVSPropertyOp10
 70
     1
102
RTVSPropertyOp11
 70
     1
102
RTVSPropertyOp12
 70
     1
102
RTVSPropertyOp13
 70
     1
102
RTVSPropertyOp14
 70
     1
102
RTVSPropertyOp15
 70
     1
102
RTVSPropertyOp16
 70
     1
102
RTVSPropertyOp17
 70
     1
102
RTVSPropertyOp18
 70
     1
102
RTVSPropertyOp19
 70
     1
102
RTVSPropertyOp20
 70
     1
102
RTVSPropertyOp21
 70
     1
102
RTVSPropertyOp22
 70
     1
102
RTVSPropertyOp23
 70
     1
102
RTVSPropertyOp24
 70
     1
102
RTVSPropertyOp25
 70
     1
102
RTVSPropertyOp26
 70
     1
102
RTVSPropertyOp27
 70
     1
102
RTVSPropertyOp28
 70
     1
102
RTVSPropertyOp29
 70
     1
102
RTVSPropertyOp30
 70
     1
102
RTVSPropertyOp31
 70
     1
102
RTVSPropertyOp32
 70
     1
102
RTVSPropertyOp33
 70
     1
102
RTVSPropertyOp34
 70
     1
102
RTVSPropertyOp35
 70
     1
102
RTVSPropertyOp36
 70
     1
102
RTVSPropertyOp37
 70
     1
102
RTVSPropertyOp38
 70
     1
102
RTVSPropertyOp39
 70
     1
102
RTVSPropertyOp40
 70
     1
102
RTVSPropertyOp41
 70
     1
102
RTVSPropertyOp42
 70
     1
102
RTVSPropertyOp43
 70
     1
102
RTVSPropertyOp44
 70
     1
102
RTVSPropertyOp45
 70
     1
102
RTVSPropertyOp46
 70
     1
102
RTVSPropertyOp47
 70
     1
102
RTVSPropertyOp48
 70
     1
102
RTVSPropertyOp49
 70
     1
102
RTVSPropertyOp50
 70
     1
102
RTVSPropertyOp51
 70
     0
102
RTVSPropertyOp52
 70
     0
102
RTVSPropertyOp53
 70
     1
102
RTVSPropertyOp54
 70
     1
102
RTVSPropertyOp55
 70
     1
102
RTVSPropertyOp56
 70
     1
102
RTVSPropertyOp57
 70
     1
102
RTVSPost2010Prop28
280
     0
102
RTVSPost2010PropOp28
 70
     1
102
RTVSPost2010Prop29
280
     1
102
RTVSPost2010PropOp29
 70
     1
102
RTVSPost2010Prop30
280
     1
102
RTVSPost2010PropOp30
 70
     1
102
RTVSPost2010Prop31
280
     0
102
RTVSPost2010PropOp31
 70
     1
102
RTVSPost2010Prop32
280
     0
102
RTVSPost2010PropOp32
 70
     1
102
RTVSPost2010Prop33
280
     0
102
RTVSPost2010PropOp33
 70
     1
102
RTVSPost2010Prop34
280
     0
102
RTVSPost2010PropOp34
 70
     1
102
RTVSPost2010Prop35
280
     0
102
RTVSPost2010PropOp35
 70
     1
102
RTVSPost2010Prop36
280
     0
102
RTVSPost2010PropOp36
 70
     1
102
RTVSPost2010Prop37
 90
       50
102
RTVSPost2010PropOp37
 70
     1
102
RTVSPost2010Prop38
140
0.0
102
RTVSPost2010PropOp38
 70
     1
102
RTVSPost2010Prop39
140
1.0
102
RTVSPost2010PropOp39
 70
     1
102
RTVSPost2010Prop40
 90
        0
102
RTVSPost2010PropOp40
 70
     1
102
RTVSPost2010Prop41ColorIndex
 90
       18
102
RTVSPost2010Prop41ColorRGB
 90
        0
102
RTVSPost2010PropOp41
 70
     1
102
RTVSPost2010Prop42
 90
       50
102
RTVSPost2010PropOp42
 70
     1
102
RTVSPost2010Prop43
 90
        3
102
RTVSPost2010PropOp43
 70
     1
102
RTVSPost2010Prop44ColorIndex
 90
        5
102
RTVSPost2010Prop44ColorRGB
 90
      255
102
RTVSPost2010PropOp44
 70
     1
102
RTVSPost2010Prop45
280
     0
102
RTVSPost2010PropOp45
 70
     1
102
RTVSPost2010Prop46
 90
       50
102
RTVSPost2010PropOp46
 70
     1
102
RTVSPost2010Prop47
 90
       50
102
RTVSPost2010PropOp47
 70
     1
102
RTVSPost2010Prop48
 90
       50
102
RTVSPost2010PropOp48
 70
     1
102
RTVSPost2010Prop49
280
     0
102
RTVSPost2010PropOp49
 70
     1
102
RTVSPost2010Prop50
 90
       50
102
RTVSPost2010PropOp50
 70
     1
102
RTVSPost2010Prop51ColorIndex
 90
      256
102
RTVSPost2010Prop51ColorRGB
 90
-16777216
102
RTVSPost2010PropOp51
 70
     0
102
RTVSPost2010Prop52
140
1.0
102
RTVSPost2010PropOp52
 70
     0
102
RTVSPost2010Prop53
 90
        2
102
RTVSPost2010PropOp53
 70
     1
102
RTVSPost2010Prop54
  1
strokes_ogs.tif
102
RTVSPost2010PropOp54
 70
     1
102
RTVSPost2010Prop55
280
     0
102
RTVSPost2010PropOp55
 70
     1
102
RTVSPost2010Prop56
140
1.0
102
RTVSPost2010PropOp56
 70
     1
102
RTVSPost2010Prop57
140
1.0
102
RTVSPost2010PropOp57
 70
     1
  0
XRECORD
  5
540
102
{ACAD_REACTORS
330
53F
102
}
330
53F
100
AcDbXrecord
280
     1
102
RTVSPropertyOp0
 70
     1
102
RTVSPropertyOp1
 70
     1
102
RTVSPropertyOp2
 70
     1
102
RTVSPropertyOp3
 70
     1
102
RTVSPropertyOp4
 70
     1
102
RTVSPropertyOp5
 70
     1
102
RTVSPropertyOp6
 70
     1
102
RTVSPropertyOp7
 70
     1
102
RTVSPropertyOp8
 70
     1
102
RTVSPropertyOp9
 70
     1
102
RTVSPropertyOp10
 70
     1
102
RTVSPropertyOp11
 70
     1
102
RTVSPropertyOp12
 70
     1
102
RTVSPropertyOp13
 70
     1
102
RTVSPropertyOp14
 70
     1
102
RTVSPropertyOp15
 70
     1
102
RTVSPropertyOp16
 70
     1
102
RTVSPropertyOp17
 70
     1
102
RTVSPropertyOp18
 70
     1
102
RTVSPropertyOp19
 70
     1
102
RTVSPropertyOp20
 70
     1
102
RTVSPropertyOp21
 70
     1
102
RTVSPropertyOp22
 70
     1
102
RTVSPropertyOp23
 70
     1
102
RTVSPropertyOp24
 70
     1
102
RTVSPropertyOp25
 70
     1
102
RTVSPropertyOp26
 70
     1
102
RTVSPropertyOp27
 70
     1
102
RTVSPropertyOp28
 70
     1
102
RTVSPropertyOp29
 70
     1
102
RTVSPropertyOp30
 70
     1
102
RTVSPropertyOp31
 70
     1
102
RTVSPropertyOp32
 70
     1
102
RTVSPropertyOp33
 70
     1
102
RTVSPropertyOp34
 70
     1
102
RTVSPropertyOp35
 70
     1
102
RTVSPropertyOp36
 70
     1
102
RTVSPropertyOp37
 70
     1
102
RTVSPropertyOp38
 70
     1
102
RTVSPropertyOp39
 70
     1
102
RTVSPropertyOp40
 70
     1
102
RTVSPropertyOp41
 70
     1
102
RTVSPropertyOp42
 70
     1
102
RTVSPropertyOp43
 70
     1
102
RTVSPropertyOp44
 70
     1
102
RTVSPropertyOp45
 70
     1
102
RTVSPropertyOp46
 70
     1
102
RTVSPropertyOp47
 70
     1
102
RTVSPropertyOp48
 70
     1
102
RTVSPropertyOp49
 70
     1
102
RTVSPropertyOp50
 70
     1
102
RTVSPropertyOp51
 70
     0
102
RTVSPropertyOp52
 70
     0
102
RTVSPropertyOp53
 70
     1
102
RTVSPropertyOp54
 70
     1
102
RTVSPropertyOp55
 70
     1
102
RTVSPropertyOp56
 70
     1
102
RTVSPropertyOp57
 70
     1
102
RTVSPost2010Prop28
280
     0
102
RTVSPost2010PropOp28
 70
     1
102
RTVSPost2010Prop29
280
     1
102
RTVSPost2010PropOp29
 70
     1
102
RTVSPost2010Prop30
280
     1
102
RTVSPost2010PropOp30
 70
     1
102
RTVSPost2010Prop31
280
     0
102
RTVSPost2010PropOp31
 70
     1
102
RTVSPost2010Prop32
280
     0
102
RTVSPost2010PropOp32
 70
     1
102
RTVSPost2010Prop33
280
     0
102
RTVSPost2010PropOp33
 70
     1
102
RTVSPost2010Prop34
280
     0
102
RTVSPost2010PropOp34
 70
     1
102
RTVSPost2010Prop35
280
     0
102
RTVSPost2010PropOp35
 70
     1
102
RTVSPost2010Prop36
280
     0
102
RTVSPost2010PropOp36
 70
     1
102
RTVSPost2010Prop37
 90
       50
102
RTVSPost2010PropOp37
 70
     1
102
RTVSPost2010Prop38
140
0.0
102
RTVSPost2010PropOp38
 70
     1
102
RTVSPost2010Prop39
140
1.0
102
RTVSPost2010PropOp39
 70
     1
102
RTVSPost2010Prop40
 90
        0
102
RTVSPost2010PropOp40
 70
     1
102
RTVSPost2010Prop41ColorIndex
 90
       18
102
RTVSPost2010Prop41ColorRGB
 90
        0
102
RTVSPost2010PropOp41
 70
     1
102
RTVSPost2010Prop42
 90
       50
102
RTVSPost2010PropOp42
 70
     1
102
RTVSPost2010Prop43
 90
        3
102
RTVSPost2010PropOp43
 70
     1
102
RTVSPost2010Prop44ColorIndex
 90
        5
102
RTVSPost2010Prop44ColorRGB
 90
      255
102
RTVSPost2010PropOp44
 70
     1
102
RTVSPost2010Prop45
280
     0
102
RTVSPost2010PropOp45
 70
     1
102
RTVSPost2010Prop46
 90
       50
102
RTVSPost2010PropOp46
 70
     1
102
RTVSPost2010Prop47
 90
       50
102
RTVSPost2010PropOp47
 70
     1
102
RTVSPost2010Prop48
 90
       50
102
RTVSPost2010PropOp48
 70
     1
102
RTVSPost2010Prop49
280
     0
102
RTVSPost2010PropOp49
 70
     1
102
RTVSPost2010Prop50
 90
       50
102
RTVSPost2010PropOp50
 70
     1
102
RTVSPost2010Prop51ColorIndex
 90
      256
102
RTVSPost2010Prop51ColorRGB
 90
-16777216
102
RTVSPost2010PropOp51
 70
     0
102
RTVSPost2010Prop52
140
1.0
102
RTVSPost2010PropOp52
 70
     0
102
RTVSPost2010Prop53
 90
        2
102
RTVSPost2010PropOp53
 70
     1
102
RTVSPost2010Prop54
  1
strokes_ogs.tif
102
RTVSPost2010PropOp54
 70
     1
102
RTVSPost2010Prop55
280
     0
102
RTVSPost2010PropOp55
 70
     1
102
RTVSPost2010Prop56
140
1.0
102
RTVSPost2010PropOp56
 70
     1
102
RTVSPost2010Prop57
140
1.0
102
RTVSPost2010PropOp57
 70
     1
  0
XRECORD
  5
542
102
{ACAD_REACTORS
330
541
102
}
330
541
100
AcDbXrecord
280
     1
102
RTVSPropertyOp0
 70
     1
102
RTVSPropertyOp1
 70
     1
102
RTVSPropertyOp2
 70
     1
102
RTVSPropertyOp3
 70
     1
102
RTVSPropertyOp4
 70
     1
102
RTVSPropertyOp5
 70
     1
102
RTVSPropertyOp6
 70
     1
102
RTVSPropertyOp7
 70
     1
102
RTVSPropertyOp8
 70
     1
102
RTVSPropertyOp9
 70
     1
102
RTVSPropertyOp10
 70
     1
102
RTVSPropertyOp11
 70
     1
102
RTVSPropertyOp12
 70
     1
102
RTVSPropertyOp13
 70
     1
102
RTVSPropertyOp14
 70
     1
102
RTVSPropertyOp15
 70
     1
102
RTVSPropertyOp16
 70
     1
102
RTVSPropertyOp17
 70
     1
102
RTVSPropertyOp18
 70
     1
102
RTVSPropertyOp19
 70
     1
102
RTVSPropertyOp20
 70
     1
102
RTVSPropertyOp21
 70
     1
102
RTVSPropertyOp22
 70
     1
102
RTVSPropertyOp23
 70
     1
102
RTVSPropertyOp24
 70
     1
102
RTVSPropertyOp25
 70
     1
102
RTVSPropertyOp26
 70
     1
102
RTVSPropertyOp27
 70
     1
102
RTVSPropertyOp28
 70
     1
102
RTVSPropertyOp29
 70
     1
102
RTVSPropertyOp30
 70
     1
102
RTVSPropertyOp31
 70
     1
102
RTVSPropertyOp32
 70
     1
102
RTVSPropertyOp33
 70
     1
102
RTVSPropertyOp34
 70
     1
102
RTVSPropertyOp35
 70
     1
102
RTVSPropertyOp36
 70
     1
102
RTVSPropertyOp37
 70
     1
102
RTVSPropertyOp38
 70
     1
102
RTVSPropertyOp39
 70
     1
102
RTVSPropertyOp40
 70
     1
102
RTVSPropertyOp41
 70
     1
102
RTVSPropertyOp42
 70
     1
102
RTVSPropertyOp43
 70
     1
102
RTVSPropertyOp44
 70
     1
102
RTVSPropertyOp45
 70
     1
102
RTVSPropertyOp46
 70
     1
102
RTVSPropertyOp47
 70
     1
102
RTVSPropertyOp48
 70
     1
102
RTVSPropertyOp49
 70
     1
102
RTVSPropertyOp50
 70
     1
102
RTVSPropertyOp51
 70
     0
102
RTVSPropertyOp52
 70
     0
102
RTVSPropertyOp53
 70
     1
102
RTVSPropertyOp54
 70
     1
102
RTVSPropertyOp55
 70
     1
102
RTVSPropertyOp56
 70
     1
102
RTVSPropertyOp57
 70
     1
102
RTVSPost2010Prop28
280
     0
102
RTVSPost2010PropOp28
 70
     1
102
RTVSPost2010Prop29
280
     1
102
RTVSPost2010PropOp29
 70
     1
102
RTVSPost2010Prop30
280
     1
102
RTVSPost2010PropOp30
 70
     1
102
RTVSPost2010Prop31
280
     0
102
RTVSPost2010PropOp31
 70
     1
102
RTVSPost2010Prop32
280
     0
102
RTVSPost2010PropOp32
 70
     1
102
RTVSPost2010Prop33
280
     0
102
RTVSPost2010PropOp33
 70
     1
102
RTVSPost2010Prop34
280
     0
102
RTVSPost2010PropOp34
 70
     1
102
RTVSPost2010Prop35
280
     0
102
RTVSPost2010PropOp35
 70
     1
102
RTVSPost2010Prop36
280
     0
102
RTVSPost2010PropOp36
 70
     1
102
RTVSPost2010Prop37
 90
       50
102
RTVSPost2010PropOp37
 70
     1
102
RTVSPost2010Prop38
140
0.0
102
RTVSPost2010PropOp38
 70
     1
102
RTVSPost2010Prop39
140
1.0
102
RTVSPost2010PropOp39
 70
     1
102
RTVSPost2010Prop40
 90
        0
102
RTVSPost2010PropOp40
 70
     1
102
RTVSPost2010Prop41ColorIndex
 90
       18
102
RTVSPost2010Prop41ColorRGB
 90
        0
102
RTVSPost2010PropOp41
 70
     1
102
RTVSPost2010Prop42
 90
       50
102
RTVSPost2010PropOp42
 70
     1
102
RTVSPost2010Prop43
 90
        3
102
RTVSPost2010PropOp43
 70
     1
102
RTVSPost2010Prop44ColorIndex
 90
        5
102
RTVSPost2010Prop44ColorRGB
 90
      255
102
RTVSPost2010PropOp44
 70
     1
102
RTVSPost2010Prop45
280
     0
102
RTVSPost2010PropOp45
 70
     1
102
RTVSPost2010Prop46
 90
       50
102
RTVSPost2010PropOp46
 70
     1
102
RTVSPost2010Prop47
 90
       50
102
RTVSPost2010PropOp47
 70
     1
102
RTVSPost2010Prop48
 90
       50
102
RTVSPost2010PropOp48
 70
     1
102
RTVSPost2010Prop49
280
     0
102
RTVSPost2010PropOp49
 70
     1
102
RTVSPost2010Prop50
 90
       50
102
RTVSPost2010PropOp50
 70
     1
102
RTVSPost2010Prop51ColorIndex
 90
      256
102
RTVSPost2010Prop51ColorRGB
 90
-16777216
102
RTVSPost2010PropOp51
 70
     0
102
RTVSPost2010Prop52
140
1.0
102
RTVSPost2010PropOp52
 70
     0
102
RTVSPost2010Prop53
 90
        2
102
RTVSPost2010PropOp53
 70
     1
102
RTVSPost2010Prop54
  1
strokes_ogs.tif
102
RTVSPost2010PropOp54
 70
     1
102
RTVSPost2010Prop55
280
     0
102
RTVSPost2010PropOp55
 70
     1
102
RTVSPost2010Prop56
140
1.0
102
RTVSPost2010PropOp56
 70
     1
102
RTVSPost2010Prop57
140
1.0
102
RTVSPost2010PropOp57
 70
     1
  0
XRECORD
  5
544
102
{ACAD_REACTORS
330
543
102
}
330
543
100
AcDbXrecord
280
     1
102
RTVSPropertyOp0
 70
     1
102
RTVSPropertyOp1
 70
     1
102
RTVSPropertyOp2
 70
     1
102
RTVSPropertyOp3
 70
     1
102
RTVSPropertyOp4
 70
     1
102
RTVSPropertyOp5
 70
     1
102
RTVSPropertyOp6
 70
     1
102
RTVSPropertyOp7
 70
     1
102
RTVSPropertyOp8
 70
     1
102
RTVSPropertyOp9
 70
     1
102
RTVSPropertyOp10
 70
     1
102
RTVSPropertyOp11
 70
     1
102
RTVSPropertyOp12
 70
     1
102
RTVSPropertyOp13
 70
     1
102
RTVSPropertyOp14
 70
     1
102
RTVSPropertyOp15
 70
     1
102
RTVSPropertyOp16
 70
     1
102
RTVSPropertyOp17
 70
     1
102
RTVSPropertyOp18
 70
     1
102
RTVSPropertyOp19
 70
     1
102
RTVSPropertyOp20
 70
     1
102
RTVSPropertyOp21
 70
     1
102
RTVSPropertyOp22
 70
     1
102
RTVSPropertyOp23
 70
     1
102
RTVSPropertyOp24
 70
     1
102
RTVSPropertyOp25
 70
     1
102
RTVSPropertyOp26
 70
     1
102
RTVSPropertyOp27
 70
     1
102
RTVSPropertyOp28
 70
     1
102
RTVSPropertyOp29
 70
     1
102
RTVSPropertyOp30
 70
     1
102
RTVSPropertyOp31
 70
     1
102
RTVSPropertyOp32
 70
     1
102
RTVSPropertyOp33
 70
     1
102
RTVSPropertyOp34
 70
     1
102
RTVSPropertyOp35
 70
     1
102
RTVSPropertyOp36
 70
     1
102
RTVSPropertyOp37
 70
     1
102
RTVSPropertyOp38
 70
     1
102
RTVSPropertyOp39
 70
     1
102
RTVSPropertyOp40
 70
     1
102
RTVSPropertyOp41
 70
     1
102
RTVSPropertyOp42
 70
     1
102
RTVSPropertyOp43
 70
     1
102
RTVSPropertyOp44
 70
     1
102
RTVSPropertyOp45
 70
     1
102
RTVSPropertyOp46
 70
     1
102
RTVSPropertyOp47
 70
     1
102
RTVSPropertyOp48
 70
     1
102
RTVSPropertyOp49
 70
     1
102
RTVSPropertyOp50
 70
     1
102
RTVSPropertyOp51
 70
     0
102
RTVSPropertyOp52
 70
     0
102
RTVSPropertyOp53
 70
     1
102
RTVSPropertyOp54
 70
     1
102
RTVSPropertyOp55
 70
     1
102
RTVSPropertyOp56
 70
     1
102
RTVSPropertyOp57
 70
     1
102
RTVSPost2010Prop28
280
     0
102
RTVSPost2010PropOp28
 70
     1
102
RTVSPost2010Prop29
280
     1
102
RTVSPost2010PropOp29
 70
     1
102
RTVSPost2010Prop30
280
     1
102
RTVSPost2010PropOp30
 70
     1
102
RTVSPost2010Prop31
280
     0
102
RTVSPost2010PropOp31
 70
     1
102
RTVSPost2010Prop32
280
     0
102
RTVSPost2010PropOp32
 70
     1
102
RTVSPost2010Prop33
280
     0
102
RTVSPost2010PropOp33
 70
     1
102
RTVSPost2010Prop34
280
     0
102
RTVSPost2010PropOp34
 70
     1
102
RTVSPost2010Prop35
280
     0
102
RTVSPost2010PropOp35
 70
     1
102
RTVSPost2010Prop36
280
     0
102
RTVSPost2010PropOp36
 70
     1
102
RTVSPost2010Prop37
 90
       50
102
RTVSPost2010PropOp37
 70
     1
102
RTVSPost2010Prop38
140
0.0
102
RTVSPost2010PropOp38
 70
     1
102
RTVSPost2010Prop39
140
1.0
102
RTVSPost2010PropOp39
 70
     1
102
RTVSPost2010Prop40
 90
        0
102
RTVSPost2010PropOp40
 70
     1
102
RTVSPost2010Prop41ColorIndex
 90
       18
102
RTVSPost2010Prop41ColorRGB
 90
        0
102
RTVSPost2010PropOp41
 70
     1
102
RTVSPost2010Prop42
 90
       50
102
RTVSPost2010PropOp42
 70
     1
102
RTVSPost2010Prop43
 90
        3
102
RTVSPost2010PropOp43
 70
     1
102
RTVSPost2010Prop44ColorIndex
 90
        5
102
RTVSPost2010Prop44ColorRGB
 90
      255
102
RTVSPost2010PropOp44
 70
     1
102
RTVSPost2010Prop45
280
     0
102
RTVSPost2010PropOp45
 70
     1
102
RTVSPost2010Prop46
 90
       50
102
RTVSPost2010PropOp46
 70
     1
102
RTVSPost2010Prop47
 90
       50
102
RTVSPost2010PropOp47
 70
     1
102
RTVSPost2010Prop48
 90
       50
102
RTVSPost2010PropOp48
 70
     1
102
RTVSPost2010Prop49
280
     0
102
RTVSPost2010PropOp49
 70
     1
102
RTVSPost2010Prop50
 90
       50
102
RTVSPost2010PropOp50
 70
     1
102
RTVSPost2010Prop51ColorIndex
 90
      256
102
RTVSPost2010Prop51ColorRGB
 90
-16777216
102
RTVSPost2010PropOp51
 70
     0
102
RTVSPost2010Prop52
140
1.0
102
RTVSPost2010PropOp52
 70
     0
102
RTVSPost2010Prop53
 90
        2
102
RTVSPost2010PropOp53
 70
     1
102
RTVSPost2010Prop54
  1
strokes_ogs.tif
102
RTVSPost2010PropOp54
 70
     1
102
RTVSPost2010Prop55
280
     0
102
RTVSPost2010PropOp55
 70
     1
102
RTVSPost2010Prop56
140
1.0
102
RTVSPost2010PropOp56
 70
     1
102
RTVSPost2010Prop57
140
1.0
102
RTVSPost2010PropOp57
 70
     1
  0
XRECORD
  5
54A
102
{ACAD_REACTORS
330
549
102
}
330
549
100
AcDbXrecord
280
     1
102
RTVSPropertyOp0
 70
     1
102
RTVSPropertyOp1
 70
     1
102
RTVSPropertyOp2
 70
     1
102
RTVSPropertyOp3
 70
     1
102
RTVSPropertyOp4
 70
     1
102
RTVSPropertyOp5
 70
     1
102
RTVSPropertyOp6
 70
     1
102
RTVSPropertyOp7
 70
     1
102
RTVSPropertyOp8
 70
     1
102
RTVSPropertyOp9
 70
     1
102
RTVSPropertyOp10
 70
     1
102
RTVSPropertyOp11
 70
     1
102
RTVSPropertyOp12
 70
     1
102
RTVSPropertyOp13
 70
     1
102
RTVSPropertyOp14
 70
     1
102
RTVSPropertyOp15
 70
     1
102
RTVSPropertyOp16
 70
     1
102
RTVSPropertyOp17
 70
     1
102
RTVSPropertyOp18
 70
     1
102
RTVSPropertyOp19
 70
     1
102
RTVSPropertyOp20
 70
     1
102
RTVSPropertyOp21
 70
     1
102
RTVSPropertyOp22
 70
     1
102
RTVSPropertyOp23
 70
     1
102
RTVSPropertyOp24
 70
     1
102
RTVSPropertyOp25
 70
     1
102
RTVSPropertyOp26
 70
     1
102
RTVSPropertyOp27
 70
     1
102
RTVSPropertyOp28
 70
     1
102
RTVSPropertyOp29
 70
     1
102
RTVSPropertyOp30
 70
     1
102
RTVSPropertyOp31
 70
     1
102
RTVSPropertyOp32
 70
     1
102
RTVSPropertyOp33
 70
     1
102
RTVSPropertyOp34
 70
     1
102
RTVSPropertyOp35
 70
     1
102
RTVSPropertyOp36
 70
     1
102
RTVSPropertyOp37
 70
     1
102
RTVSPropertyOp38
 70
     1
102
RTVSPropertyOp39
 70
     1
102
RTVSPropertyOp40
 70
     1
102
RTVSPropertyOp41
 70
     1
102
RTVSPropertyOp42
 70
     1
102
RTVSPropertyOp43
 70
     1
102
RTVSPropertyOp44
 70
     1
102
RTVSPropertyOp45
 70
     1
102
RTVSPropertyOp46
 70
     1
102
RTVSPropertyOp47
 70
     1
102
RTVSPropertyOp48
 70
     1
102
RTVSPropertyOp49
 70
     1
102
RTVSPropertyOp50
 70
     1
102
RTVSPropertyOp51
 70
     0
102
RTVSPropertyOp52
 70
     0
102
RTVSPropertyOp53
 70
     1
102
RTVSPropertyOp54
 70
     1
102
RTVSPropertyOp55
 70
     1
102
RTVSPropertyOp56
 70
     1
102
RTVSPropertyOp57
 70
     1
102
RTVSPost2010Prop28
280
     0
102
RTVSPost2010PropOp28
 70
     1
102
RTVSPost2010Prop29
280
     1
102
RTVSPost2010PropOp29
 70
     1
102
RTVSPost2010Prop30
280
     1
102
RTVSPost2010PropOp30
 70
     1
102
RTVSPost2010Prop31
280
     0
102
RTVSPost2010PropOp31
 70
     1
102
RTVSPost2010Prop32
280
     0
102
RTVSPost2010PropOp32
 70
     1
102
RTVSPost2010Prop33
280
     0
102
RTVSPost2010PropOp33
 70
     1
102
RTVSPost2010Prop34
280
     0
102
RTVSPost2010PropOp34
 70
     1
102
RTVSPost2010Prop35
280
     0
102
RTVSPost2010PropOp35
 70
     1
102
RTVSPost2010Prop36
280
     0
102
RTVSPost2010PropOp36
 70
     1
102
RTVSPost2010Prop37
 90
       50
102
RTVSPost2010PropOp37
 70
     1
102
RTVSPost2010Prop38
140
0.0
102
RTVSPost2010PropOp38
 70
     1
102
RTVSPost2010Prop39
140
1.0
102
RTVSPost2010PropOp39
 70
     1
102
RTVSPost2010Prop40
 90
        0
102
RTVSPost2010PropOp40
 70
     1
102
RTVSPost2010Prop41ColorIndex
 90
       18
102
RTVSPost2010Prop41ColorRGB
 90
        0
102
RTVSPost2010PropOp41
 70
     1
102
RTVSPost2010Prop42
 90
       50
102
RTVSPost2010PropOp42
 70
     1
102
RTVSPost2010Prop43
 90
        3
102
RTVSPost2010PropOp43
 70
     1
102
RTVSPost2010Prop44ColorIndex
 90
        5
102
RTVSPost2010Prop44ColorRGB
 90
      255
102
RTVSPost2010PropOp44
 70
     1
102
RTVSPost2010Prop45
280
     0
102
RTVSPost2010PropOp45
 70
     1
102
RTVSPost2010Prop46
 90
       50
102
RTVSPost2010PropOp46
 70
     1
102
RTVSPost2010Prop47
 90
       50
102
RTVSPost2010PropOp47
 70
     1
102
RTVSPost2010Prop48
 90
       50
102
RTVSPost2010PropOp48
 70
     1
102
RTVSPost2010Prop49
280
     0
102
RTVSPost2010PropOp49
 70
     1
102
RTVSPost2010Prop50
 90
       50
102
RTVSPost2010PropOp50
 70
     1
102
RTVSPost2010Prop51ColorIndex
 90
      256
102
RTVSPost2010Prop51ColorRGB
 90
-16777216
102
RTVSPost2010PropOp51
 70
     0
102
RTVSPost2010Prop52
140
1.0
102
RTVSPost2010PropOp52
 70
     0
102
RTVSPost2010Prop53
 90
        2
102
RTVSPost2010PropOp53
 70
     1
102
RTVSPost2010Prop54
  1
strokes_ogs.tif
102
RTVSPost2010PropOp54
 70
     1
102
RTVSPost2010Prop55
280
     0
102
RTVSPost2010PropOp55
 70
     1
102
RTVSPost2010Prop56
140
1.0
102
RTVSPost2010PropOp56
 70
     1
102
RTVSPost2010Prop57
140
1.0
102
RTVSPost2010PropOp57
 70
     1
  0
XRECORD
  5
55E
102
{ACAD_REACTORS
330
55D
102
}
330
55D
100
AcDbXrecord
280
     1
102
RTVSPropertyOp0
 70
     0
102
RTVSPropertyOp1
 70
     0
102
RTVSPropertyOp2
 70
     0
102
RTVSPropertyOp3
 70
     0
102
RTVSPropertyOp4
 70
     0
102
RTVSPropertyOp5
 70
     0
102
RTVSPropertyOp6
 70
     0
102
RTVSPropertyOp7
 70
     0
102
RTVSPropertyOp8
 70
     0
102
RTVSPropertyOp9
 70
     0
102
RTVSPropertyOp10
 70
     0
102
RTVSPropertyOp11
 70
     0
102
RTVSPropertyOp12
 70
     0
102
RTVSPropertyOp13
 70
     0
102
RTVSPropertyOp14
 70
     2
102
RTVSPropertyOp15
 70
     0
102
RTVSPropertyOp16
 70
     0
102
RTVSPropertyOp17
 70
     0
102
RTVSPropertyOp18
 70
     0
102
RTVSPropertyOp19
 70
     0
102
RTVSPropertyOp20
 70
     0
102
RTVSPropertyOp21
 70
     0
102
RTVSPropertyOp22
 70
     0
102
RTVSPropertyOp23
 70
     0
102
RTVSPropertyOp24
 70
     0
102
RTVSPropertyOp25
 70
     0
102
RTVSPropertyOp26
 70
     0
102
RTVSPropertyOp27
 70
     0
102
RTVSPropertyOp28
 70
     0
102
RTVSPropertyOp29
 70
     0
102
RTVSPropertyOp30
 70
     0
102
RTVSPropertyOp31
 70
     0
102
RTVSPropertyOp32
 70
     0
102
RTVSPropertyOp33
 70
     0
102
RTVSPropertyOp34
 70
     0
102
RTVSPropertyOp35
 70
     0
102
RTVSPropertyOp36
 70
     0
102
RTVSPropertyOp37
 70
     0
102
RTVSPropertyOp38
 70
     0
102
RTVSPropertyOp39
 70
     0
102
RTVSPropertyOp40
 70
     0
102
RTVSPropertyOp41
 70
     0
102
RTVSPropertyOp42
 70
     0
102
RTVSPropertyOp43
 70
     0
102
RTVSPropertyOp44
 70
     0
102
RTVSPropertyOp45
 70
     0
102
RTVSPropertyOp46
 70
     0
102
RTVSPropertyOp47
 70
     0
102
RTVSPropertyOp48
 70
     0
102
RTVSPropertyOp49
 70
     0
102
RTVSPropertyOp50
 70
     0
102
RTVSPropertyOp51
 70
     0
102
RTVSPropertyOp52
 70
     0
102
RTVSPropertyOp53
 70
     0
102
RTVSPropertyOp54
 70
     0
102
RTVSPropertyOp55
 70
     0
102
RTVSPropertyOp56
 70
     0
102
RTVSPropertyOp57
 70
     0
102
RTVSPost2010Prop28
280
     0
102
RTVSPost2010PropOp28
 70
     0
102
RTVSPost2010Prop29
280
     1
102
RTVSPost2010PropOp29
 70
     0
102
RTVSPost2010Prop30
280
     1
102
RTVSPost2010PropOp30
 70
     0
102
RTVSPost2010Prop31
280
     0
102
RTVSPost2010PropOp31
 70
     0
102
RTVSPost2010Prop32
280
     0
102
RTVSPost2010PropOp32
 70
     0
102
RTVSPost2010Prop33
280
     0
102
RTVSPost2010PropOp33
 70
     0
102
RTVSPost2010Prop34
280
     0
102
RTVSPost2010PropOp34
 70
     0
102
RTVSPost2010Prop35
280
     0
102
RTVSPost2010PropOp35
 70
     0
102
RTVSPost2010Prop36
280
     0
102
RTVSPost2010PropOp36
 70
     0
102
RTVSPost2010Prop37
 90
       50
102
RTVSPost2010PropOp37
 70
     0
102
RTVSPost2010Prop38
140
0.0
102
RTVSPost2010PropOp38
 70
     0
102
RTVSPost2010Prop39
140
1.0
102
RTVSPost2010PropOp39
 70
     0
102
RTVSPost2010Prop40
 90
        0
102
RTVSPost2010PropOp40
 70
     0
102
RTVSPost2010Prop41ColorIndex
 90
       18
102
RTVSPost2010Prop41ColorRGB
 90
        0
102
RTVSPost2010PropOp41
 70
     0
102
RTVSPost2010Prop42
 90
       50
102
RTVSPost2010PropOp42
 70
     0
102
RTVSPost2010Prop43
 90
        3
102
RTVSPost2010PropOp43
 70
     0
102
RTVSPost2010Prop44ColorIndex
 90
        5
102
RTVSPost2010Prop44ColorRGB
 90
      255
102
RTVSPost2010PropOp44
 70
     0
102
RTVSPost2010Prop45
280
     0
102
RTVSPost2010PropOp45
 70
     0
102
RTVSPost2010Prop46
 90
       50
102
RTVSPost2010PropOp46
 70
     0
102
RTVSPost2010Prop47
 90
       50
102
RTVSPost2010PropOp47
 70
     0
102
RTVSPost2010Prop48
 90
       50
102
RTVSPost2010PropOp48
 70
     0
102
RTVSPost2010Prop49
280
     0
102
RTVSPost2010PropOp49
 70
     0
102
RTVSPost2010Prop50
 90
       50
102
RTVSPost2010PropOp50
 70
     0
102
RTVSPost2010Prop51ColorIndex
 90
      256
102
RTVSPost2010Prop51ColorRGB
 90
-16777216
102
RTVSPost2010PropOp51
 70
     0
102
RTVSPost2010Prop52
140
1.0
102
RTVSPost2010PropOp52
 70
     0
102
RTVSPost2010Prop53
 90
        2
102
RTVSPost2010PropOp53
 70
     0
102
RTVSPost2010Prop54
  1
strokes_ogs.tif
102
RTVSPost2010PropOp54
 70
     0
102
RTVSPost2010Prop55
280
     0
102
RTVSPost2010PropOp55
 70
     0
102
RTVSPost2010Prop56
140
1.0
102
RTVSPost2010PropOp56
 70
     0
102
RTVSPost2010Prop57
140
1.0
102
RTVSPost2010PropOp57
 70
     0
  0
XRECORD
  5
558
102
{ACAD_REACTORS
330
557
102
}
330
557
100
AcDbXrecord
280
     1
102
RTVSPropertyOp0
 70
     1
102
RTVSPropertyOp1
 70
     1
102
RTVSPropertyOp2
 70
     1
102
RTVSPropertyOp3
 70
     1
102
RTVSPropertyOp4
 70
     1
102
RTVSPropertyOp5
 70
     1
102
RTVSPropertyOp6
 70
     1
102
RTVSPropertyOp7
 70
     1
102
RTVSPropertyOp8
 70
     1
102
RTVSPropertyOp9
 70
     1
102
RTVSPropertyOp10
 70
     1
102
RTVSPropertyOp11
 70
     1
102
RTVSPropertyOp12
 70
     1
102
RTVSPropertyOp13
 70
     1
102
RTVSPropertyOp14
 70
     1
102
RTVSPropertyOp15
 70
     1
102
RTVSPropertyOp16
 70
     1
102
RTVSPropertyOp17
 70
     1
102
RTVSPropertyOp18
 70
     1
102
RTVSPropertyOp19
 70
     1
102
RTVSPropertyOp20
 70
     1
102
RTVSPropertyOp21
 70
     1
102
RTVSPropertyOp22
 70
     1
102
RTVSPropertyOp23
 70
     1
102
RTVSPropertyOp24
 70
     1
102
RTVSPropertyOp25
 70
     1
102
RTVSPropertyOp26
 70
     1
102
RTVSPropertyOp27
 70
     1
102
RTVSPropertyOp28
 70
     1
102
RTVSPropertyOp29
 70
     1
102
RTVSPropertyOp30
 70
     1
102
RTVSPropertyOp31
 70
     1
102
RTVSPropertyOp32
 70
     1
102
RTVSPropertyOp33
 70
     1
102
RTVSPropertyOp34
 70
     1
102
RTVSPropertyOp35
 70
     1
102
RTVSPropertyOp36
 70
     1
102
RTVSPropertyOp37
 70
     1
102
RTVSPropertyOp38
 70
     1
102
RTVSPropertyOp39
 70
     1
102
RTVSPropertyOp40
 70
     1
102
RTVSPropertyOp41
 70
     1
102
RTVSPropertyOp42
 70
     1
102
RTVSPropertyOp43
 70
     1
102
RTVSPropertyOp44
 70
     1
102
RTVSPropertyOp45
 70
     1
102
RTVSPropertyOp46
 70
     1
102
RTVSPropertyOp47
 70
     1
102
RTVSPropertyOp48
 70
     1
102
RTVSPropertyOp49
 70
     1
102
RTVSPropertyOp50
 70
     1
102
RTVSPropertyOp51
 70
     0
102
RTVSPropertyOp52
 70
     0
102
RTVSPropertyOp53
 70
     1
102
RTVSPropertyOp54
 70
     1
102
RTVSPropertyOp55
 70
     1
102
RTVSPropertyOp56
 70
     1
102
RTVSPropertyOp57
 70
     1
102
RTVSPost2010Prop28
280
     0
102
RTVSPost2010PropOp28
 70
     1
102
RTVSPost2010Prop29
280
     1
102
RTVSPost2010PropOp29
 70
     1
102
RTVSPost2010Prop30
280
     1
102
RTVSPost2010PropOp30
 70
     1
102
RTVSPost2010Prop31
280
     0
102
RTVSPost2010PropOp31
 70
     1
102
RTVSPost2010Prop32
280
     0
102
RTVSPost2010PropOp32
 70
     1
102
RTVSPost2010Prop33
280
     0
102
RTVSPost2010PropOp33
 70
     1
102
RTVSPost2010Prop34
280
     0
102
RTVSPost2010PropOp34
 70
     1
102
RTVSPost2010Prop35
280
     0
102
RTVSPost2010PropOp35
 70
     1
102
RTVSPost2010Prop36
280
     0
102
RTVSPost2010PropOp36
 70
     1
102
RTVSPost2010Prop37
 90
       50
102
RTVSPost2010PropOp37
 70
     1
102
RTVSPost2010Prop38
140
0.0
102
RTVSPost2010PropOp38
 70
     1
102
RTVSPost2010Prop39
140
1.0
102
RTVSPost2010PropOp39
 70
     1
102
RTVSPost2010Prop40
 90
        0
102
RTVSPost2010PropOp40
 70
     1
102
RTVSPost2010Prop41ColorIndex
 90
       18
102
RTVSPost2010Prop41ColorRGB
 90
        0
102
RTVSPost2010PropOp41
 70
     1
102
RTVSPost2010Prop42
 90
       50
102
RTVSPost2010PropOp42
 70
     1
102
RTVSPost2010Prop43
 90
        3
102
RTVSPost2010PropOp43
 70
     1
102
RTVSPost2010Prop44ColorIndex
 90
        5
102
RTVSPost2010Prop44ColorRGB
 90
      255
102
RTVSPost2010PropOp44
 70
     1
102
RTVSPost2010Prop45
280
     0
102
RTVSPost2010PropOp45
 70
     1
102
RTVSPost2010Prop46
 90
       50
102
RTVSPost2010PropOp46
 70
     1
102
RTVSPost2010Prop47
 90
       50
102
RTVSPost2010PropOp47
 70
     1
102
RTVSPost2010Prop48
 90
       50
102
RTVSPost2010PropOp48
 70
     1
102
RTVSPost2010Prop49
280
     0
102
RTVSPost2010PropOp49
 70
     1
102
RTVSPost2010Prop50
 90
       50
102
RTVSPost2010PropOp50
 70
     1
102
RTVSPost2010Prop51ColorIndex
 90
      256
102
RTVSPost2010Prop51ColorRGB
 90
-16777216
102
RTVSPost2010PropOp51
 70
     0
102
RTVSPost2010Prop52
140
1.0
102
RTVSPost2010PropOp52
 70
     0
102
RTVSPost2010Prop53
 90
        2
102
RTVSPost2010PropOp53
 70
     1
102
RTVSPost2010Prop54
  1
strokes_ogs.tif
102
RTVSPost2010PropOp54
 70
     1
102
RTVSPost2010Prop55
280
     0
102
RTVSPost2010PropOp55
 70
     1
102
RTVSPost2010Prop56
140
1.0
102
RTVSPost2010PropOp56
 70
     1
102
RTVSPost2010Prop57
140
1.0
102
RTVSPost2010PropOp57
 70
     1
  0
XRECORD
  5
560
102
{ACAD_REACTORS
330
55F
102
}
330
55F
100
AcDbXrecord
280
     1
102
RTVSPropertyOp0
 70
     0
102
RTVSPropertyOp1
 70
     0
102
RTVSPropertyOp2
 70
     0
102
RTVSPropertyOp3
 70
     0
102
RTVSPropertyOp4
 70
     0
102
RTVSPropertyOp5
 70
     0
102
RTVSPropertyOp6
 70
     0
102
RTVSPropertyOp7
 70
     0
102
RTVSPropertyOp8
 70
     0
102
RTVSPropertyOp9
 70
     0
102
RTVSPropertyOp10
 70
     0
102
RTVSPropertyOp11
 70
     0
102
RTVSPropertyOp12
 70
     0
102
RTVSPropertyOp13
 70
     0
102
RTVSPropertyOp14
 70
     2
102
RTVSPropertyOp15
 70
     0
102
RTVSPropertyOp16
 70
     0
102
RTVSPropertyOp17
 70
     0
102
RTVSPropertyOp18
 70
     0
102
RTVSPropertyOp19
 70
     0
102
RTVSPropertyOp20
 70
     0
102
RTVSPropertyOp21
 70
     0
102
RTVSPropertyOp22
 70
     0
102
RTVSPropertyOp23
 70
     0
102
RTVSPropertyOp24
 70
     0
102
RTVSPropertyOp25
 70
     0
102
RTVSPropertyOp26
 70
     0
102
RTVSPropertyOp27
 70
     0
102
RTVSPropertyOp28
 70
     0
102
RTVSPropertyOp29
 70
     0
102
RTVSPropertyOp30
 70
     0
102
RTVSPropertyOp31
 70
     0
102
RTVSPropertyOp32
 70
     0
102
RTVSPropertyOp33
 70
     0
102
RTVSPropertyOp34
 70
     0
102
RTVSPropertyOp35
 70
     0
102
RTVSPropertyOp36
 70
     0
102
RTVSPropertyOp37
 70
     0
102
RTVSPropertyOp38
 70
     0
102
RTVSPropertyOp39
 70
     0
102
RTVSPropertyOp40
 70
     0
102
RTVSPropertyOp41
 70
     0
102
RTVSPropertyOp42
 70
     0
102
RTVSPropertyOp43
 70
     0
102
RTVSPropertyOp44
 70
     0
102
RTVSPropertyOp45
 70
     0
102
RTVSPropertyOp46
 70
     0
102
RTVSPropertyOp47
 70
     0
102
RTVSPropertyOp48
 70
     0
102
RTVSPropertyOp49
 70
     0
102
RTVSPropertyOp50
 70
     0
102
RTVSPropertyOp51
 70
     0
102
RTVSPropertyOp52
 70
     0
102
RTVSPropertyOp53
 70
     0
102
RTVSPropertyOp54
 70
     0
102
RTVSPropertyOp55
 70
     0
102
RTVSPropertyOp56
 70
     0
102
RTVSPropertyOp57
 70
     0
102
RTVSPost2010Prop28
280
     0
102
RTVSPost2010PropOp28
 70
     0
102
RTVSPost2010Prop29
280
     1
102
RTVSPost2010PropOp29
 70
     0
102
RTVSPost2010Prop30
280
     1
102
RTVSPost2010PropOp30
 70
     0
102
RTVSPost2010Prop31
280
     0
102
RTVSPost2010PropOp31
 70
     0
102
RTVSPost2010Prop32
280
     0
102
RTVSPost2010PropOp32
 70
     0
102
RTVSPost2010Prop33
280
     0
102
RTVSPost2010PropOp33
 70
     0
102
RTVSPost2010Prop34
280
     0
102
RTVSPost2010PropOp34
 70
     0
102
RTVSPost2010Prop35
280
     0
102
RTVSPost2010PropOp35
 70
     0
102
RTVSPost2010Prop36
280
     0
102
RTVSPost2010PropOp36
 70
     0
102
RTVSPost2010Prop37
 90
       50
102
RTVSPost2010PropOp37
 70
     0
102
RTVSPost2010Prop38
140
0.0
102
RTVSPost2010PropOp38
 70
     0
102
RTVSPost2010Prop39
140
1.0
102
RTVSPost2010PropOp39
 70
     0
102
RTVSPost2010Prop40
 90
        0
102
RTVSPost2010PropOp40
 70
     0
102
RTVSPost2010Prop41ColorIndex
 90
       18
102
RTVSPost2010Prop41ColorRGB
 90
        0
102
RTVSPost2010PropOp41
 70
     0
102
RTVSPost2010Prop42
 90
       50
102
RTVSPost2010PropOp42
 70
     0
102
RTVSPost2010Prop43
 90
        3
102
RTVSPost2010PropOp43
 70
     0
102
RTVSPost2010Prop44ColorIndex
 90
        5
102
RTVSPost2010Prop44ColorRGB
 90
      255
102
RTVSPost2010PropOp44
 70
     0
102
RTVSPost2010Prop45
280
     0
102
RTVSPost2010PropOp45
 70
     0
102
RTVSPost2010Prop46
 90
       50
102
RTVSPost2010PropOp46
 70
     0
102
RTVSPost2010Prop47
 90
       50
102
RTVSPost2010PropOp47
 70
     0
102
RTVSPost2010Prop48
 90
       50
102
RTVSPost2010PropOp48
 70
     0
102
RTVSPost2010Prop49
280
     0
102
RTVSPost2010PropOp49
 70
     0
102
RTVSPost2010Prop50
 90
       50
102
RTVSPost2010PropOp50
 70
     0
102
RTVSPost2010Prop51ColorIndex
 90
      256
102
RTVSPost2010Prop51ColorRGB
 90
-16777216
102
RTVSPost2010PropOp51
 70
     0
102
RTVSPost2010Prop52
140
1.0
102
RTVSPost2010PropOp52
 70
     0
102
RTVSPost2010Prop53
 90
        2
102
RTVSPost2010PropOp53
 70
     0
102
RTVSPost2010Prop54
  1
strokes_ogs.tif
102
RTVSPost2010PropOp54
 70
     0
102
RTVSPost2010Prop55
280
     0
102
RTVSPost2010PropOp55
 70
     0
102
RTVSPost2010Prop56
140
1.0
102
RTVSPost2010PropOp56
 70
     0
102
RTVSPost2010Prop57
140
1.0
102
RTVSPost2010PropOp57
 70
     0
  0
XRECORD
  5
54E
102
{ACAD_REACTORS
330
54D
102
}
330
54D
100
AcDbXrecord
280
     1
102
RTVSPropertyOp0
 70
     1
102
RTVSPropertyOp1
 70
     1
102
RTVSPropertyOp2
 70
     1
102
RTVSPropertyOp3
 70
     1
102
RTVSPropertyOp4
 70
     1
102
RTVSPropertyOp5
 70
     1
102
RTVSPropertyOp6
 70
     1
102
RTVSPropertyOp7
 70
     1
102
RTVSPropertyOp8
 70
     1
102
RTVSPropertyOp9
 70
     1
102
RTVSPropertyOp10
 70
     1
102
RTVSPropertyOp11
 70
     1
102
RTVSPropertyOp12
 70
     1
102
RTVSPropertyOp13
 70
     1
102
RTVSPropertyOp14
 70
     1
102
RTVSPropertyOp15
 70
     1
102
RTVSPropertyOp16
 70
     1
102
RTVSPropertyOp17
 70
     1
102
RTVSPropertyOp18
 70
     1
102
RTVSPropertyOp19
 70
     1
102
RTVSPropertyOp20
 70
     1
102
RTVSPropertyOp21
 70
     1
102
RTVSPropertyOp22
 70
     1
102
RTVSPropertyOp23
 70
     1
102
RTVSPropertyOp24
 70
     1
102
RTVSPropertyOp25
 70
     1
102
RTVSPropertyOp26
 70
     1
102
RTVSPropertyOp27
 70
     1
102
RTVSPropertyOp28
 70
     1
102
RTVSPropertyOp29
 70
     1
102
RTVSPropertyOp30
 70
     1
102
RTVSPropertyOp31
 70
     1
102
RTVSPropertyOp32
 70
     1
102
RTVSPropertyOp33
 70
     1
102
RTVSPropertyOp34
 70
     1
102
RTVSPropertyOp35
 70
     1
102
RTVSPropertyOp36
 70
     1
102
RTVSPropertyOp37
 70
     1
102
RTVSPropertyOp38
 70
     1
102
RTVSPropertyOp39
 70
     1
102
RTVSPropertyOp40
 70
     1
102
RTVSPropertyOp41
 70
     1
102
RTVSPropertyOp42
 70
     1
102
RTVSPropertyOp43
 70
     1
102
RTVSPropertyOp44
 70
     1
102
RTVSPropertyOp45
 70
     1
102
RTVSPropertyOp46
 70
     1
102
RTVSPropertyOp47
 70
     1
102
RTVSPropertyOp48
 70
     1
102
RTVSPropertyOp49
 70
     1
102
RTVSPropertyOp50
 70
     1
102
RTVSPropertyOp51
 70
     0
102
RTVSPropertyOp52
 70
     0
102
RTVSPropertyOp53
 70
     1
102
RTVSPropertyOp54
 70
     1
102
RTVSPropertyOp55
 70
     1
102
RTVSPropertyOp56
 70
     1
102
RTVSPropertyOp57
 70
     1
102
RTVSPost2010Prop28
280
     0
102
RTVSPost2010PropOp28
 70
     1
102
RTVSPost2010Prop29
280
     1
102
RTVSPost2010PropOp29
 70
     1
102
RTVSPost2010Prop30
280
     1
102
RTVSPost2010PropOp30
 70
     1
102
RTVSPost2010Prop31
280
     0
102
RTVSPost2010PropOp31
 70
     1
102
RTVSPost2010Prop32
280
     0
102
RTVSPost2010PropOp32
 70
     1
102
RTVSPost2010Prop33
280
     0
102
RTVSPost2010PropOp33
 70
     1
102
RTVSPost2010Prop34
280
     0
102
RTVSPost2010PropOp34
 70
     1
102
RTVSPost2010Prop35
280
     0
102
RTVSPost2010PropOp35
 70
     1
102
RTVSPost2010Prop36
280
     0
102
RTVSPost2010PropOp36
 70
     1
102
RTVSPost2010Prop37
 90
       50
102
RTVSPost2010PropOp37
 70
     1
102
RTVSPost2010Prop38
140
0.0
102
RTVSPost2010PropOp38
 70
     1
102
RTVSPost2010Prop39
140
1.0
102
RTVSPost2010PropOp39
 70
     1
102
RTVSPost2010Prop40
 90
        0
102
RTVSPost2010PropOp40
 70
     1
102
RTVSPost2010Prop41ColorIndex
 90
       18
102
RTVSPost2010Prop41ColorRGB
 90
        0
102
RTVSPost2010PropOp41
 70
     1
102
RTVSPost2010Prop42
 90
       50
102
RTVSPost2010PropOp42
 70
     1
102
RTVSPost2010Prop43
 90
        3
102
RTVSPost2010PropOp43
 70
     1
102
RTVSPost2010Prop44ColorIndex
 90
        5
102
RTVSPost2010Prop44ColorRGB
 90
      255
102
RTVSPost2010PropOp44
 70
     1
102
RTVSPost2010Prop45
280
     0
102
RTVSPost2010PropOp45
 70
     1
102
RTVSPost2010Prop46
 90
       50
102
RTVSPost2010PropOp46
 70
     1
102
RTVSPost2010Prop47
 90
       50
102
RTVSPost2010PropOp47
 70
     1
102
RTVSPost2010Prop48
 90
       50
102
RTVSPost2010PropOp48
 70
     1
102
RTVSPost2010Prop49
280
     0
102
RTVSPost2010PropOp49
 70
     1
102
RTVSPost2010Prop50
 90
       50
102
RTVSPost2010PropOp50
 70
     1
102
RTVSPost2010Prop51ColorIndex
 90
      256
102
RTVSPost2010Prop51ColorRGB
 90
-16777216
102
RTVSPost2010PropOp51
 70
     0
102
RTVSPost2010Prop52
140
1.0
102
RTVSPost2010PropOp52
 70
     0
102
RTVSPost2010Prop53
 90
        2
102
RTVSPost2010PropOp53
 70
     1
102
RTVSPost2010Prop54
  1
strokes_ogs.tif
102
RTVSPost2010PropOp54
 70
     1
102
RTVSPost2010Prop55
280
     0
102
RTVSPost2010PropOp55
 70
     1
102
RTVSPost2010Prop56
140
1.0
102
RTVSPost2010PropOp56
 70
     1
102
RTVSPost2010Prop57
140
1.0
102
RTVSPost2010PropOp57
 70
     1
  0
XRECORD
  5
56C
102
{ACAD_REACTORS
330
56B
102
}
330
56B
100
AcDbXrecord
280
     1
102
RTVSPropertyOp0
 70
     1
102
RTVSPropertyOp1
 70
     1
102
RTVSPropertyOp2
 70
     1
102
RTVSPropertyOp3
 70
     1
102
RTVSPropertyOp4
 70
     1
102
RTVSPropertyOp5
 70
     1
102
RTVSPropertyOp6
 70
     1
102
RTVSPropertyOp7
 70
     1
102
RTVSPropertyOp8
 70
     1
102
RTVSPropertyOp9
 70
     1
102
RTVSPropertyOp10
 70
     1
102
RTVSPropertyOp11
 70
     1
102
RTVSPropertyOp12
 70
     1
102
RTVSPropertyOp13
 70
     1
102
RTVSPropertyOp14
 70
     1
102
RTVSPropertyOp15
 70
     1
102
RTVSPropertyOp16
 70
     1
102
RTVSPropertyOp17
 70
     1
102
RTVSPropertyOp18
 70
     1
102
RTVSPropertyOp19
 70
     1
102
RTVSPropertyOp20
 70
     1
102
RTVSPropertyOp21
 70
     1
102
RTVSPropertyOp22
 70
     1
102
RTVSPropertyOp23
 70
     1
102
RTVSPropertyOp24
 70
     1
102
RTVSPropertyOp25
 70
     1
102
RTVSPropertyOp26
 70
     1
102
RTVSPropertyOp27
 70
     1
102
RTVSPropertyOp28
 70
     1
102
RTVSPropertyOp29
 70
     1
102
RTVSPropertyOp30
 70
     1
102
RTVSPropertyOp31
 70
     1
102
RTVSPropertyOp32
 70
     1
102
RTVSPropertyOp33
 70
     1
102
RTVSPropertyOp34
 70
     1
102
RTVSPropertyOp35
 70
     1
102
RTVSPropertyOp36
 70
     1
102
RTVSPropertyOp37
 70
     1
102
RTVSPropertyOp38
 70
     1
102
RTVSPropertyOp39
 70
     1
102
RTVSPropertyOp40
 70
     1
102
RTVSPropertyOp41
 70
     1
102
RTVSPropertyOp42
 70
     1
102
RTVSPropertyOp43
 70
     1
102
RTVSPropertyOp44
 70
     1
102
RTVSPropertyOp45
 70
     1
102
RTVSPropertyOp46
 70
     1
102
RTVSPropertyOp47
 70
     1
102
RTVSPropertyOp48
 70
     1
102
RTVSPropertyOp49
 70
     1
102
RTVSPropertyOp50
 70
     1
102
RTVSPropertyOp51
 70
     0
102
RTVSPropertyOp52
 70
     0
102
RTVSPropertyOp53
 70
     1
102
RTVSPropertyOp54
 70
     1
102
RTVSPropertyOp55
 70
     1
102
RTVSPropertyOp56
 70
     1
102
RTVSPropertyOp57
 70
     1
102
RTVSPost2010Prop28
280
     0
102
RTVSPost2010PropOp28
 70
     1
102
RTVSPost2010Prop29
280
     1
102
RTVSPost2010PropOp29
 70
     1
102
RTVSPost2010Prop30
280
     1
102
RTVSPost2010PropOp30
 70
     1
102
RTVSPost2010Prop31
280
     0
102
RTVSPost2010PropOp31
 70
     1
102
RTVSPost2010Prop32
280
     0
102
RTVSPost2010PropOp32
 70
     1
102
RTVSPost2010Prop33
280
     0
102
RTVSPost2010PropOp33
 70
     1
102
RTVSPost2010Prop34
280
     0
102
RTVSPost2010PropOp34
 70
     1
102
RTVSPost2010Prop35
280
     0
102
RTVSPost2010PropOp35
 70
     1
102
RTVSPost2010Prop36
280
     0
102
RTVSPost2010PropOp36
 70
     1
102
RTVSPost2010Prop37
 90
       50
102
RTVSPost2010PropOp37
 70
     1
102
RTVSPost2010Prop38
140
0.0
102
RTVSPost2010PropOp38
 70
     1
102
RTVSPost2010Prop39
140
1.0
102
RTVSPost2010PropOp39
 70
     1
102
RTVSPost2010Prop40
 90
        0
102
RTVSPost2010PropOp40
 70
     1
102
RTVSPost2010Prop41ColorIndex
 90
       18
102
RTVSPost2010Prop41ColorRGB
 90
        0
102
RTVSPost2010PropOp41
 70
     1
102
RTVSPost2010Prop42
 90
       50
102
RTVSPost2010PropOp42
 70
     1
102
RTVSPost2010Prop43
 90
        3
102
RTVSPost2010PropOp43
 70
     1
102
RTVSPost2010Prop44ColorIndex
 90
        5
102
RTVSPost2010Prop44ColorRGB
 90
      255
102
RTVSPost2010PropOp44
 70
     1
102
RTVSPost2010Prop45
280
     0
102
RTVSPost2010PropOp45
 70
     1
102
RTVSPost2010Prop46
 90
       50
102
RTVSPost2010PropOp46
 70
     1
102
RTVSPost2010Prop47
 90
       50
102
RTVSPost2010PropOp47
 70
     1
102
RTVSPost2010Prop48
 90
       50
102
RTVSPost2010PropOp48
 70
     1
102
RTVSPost2010Prop49
280
     0
102
RTVSPost2010PropOp49
 70
     1
102
RTVSPost2010Prop50
 90
       50
102
RTVSPost2010PropOp50
 70
     1
102
RTVSPost2010Prop51ColorIndex
 90
      256
102
RTVSPost2010Prop51ColorRGB
 90
-16777216
102
RTVSPost2010PropOp51
 70
     0
102
RTVSPost2010Prop52
140
1.0
102
RTVSPost2010PropOp52
 70
     0
102
RTVSPost2010Prop53
 90
        2
102
RTVSPost2010PropOp53
 70
     1
102
RTVSPost2010Prop54
  1
strokes_ogs.tif
102
RTVSPost2010PropOp54
 70
     1
102
RTVSPost2010Prop55
280
     0
102
RTVSPost2010PropOp55
 70
     1
102
RTVSPost2010Prop56
140
1.0
102
RTVSPost2010PropOp56
 70
     1
102
RTVSPost2010Prop57
140
1.0
102
RTVSPost2010PropOp57
 70
     1
  0
XRECORD
  5
56A
102
{ACAD_REACTORS
330
569
102
}
330
569
100
AcDbXrecord
280
     1
102
RTVSPropertyOp0
 70
     1
102
RTVSPropertyOp1
 70
     1
102
RTVSPropertyOp2
 70
     1
102
RTVSPropertyOp3
 70
     1
102
RTVSPropertyOp4
 70
     1
102
RTVSPropertyOp5
 70
     1
102
RTVSPropertyOp6
 70
     1
102
RTVSPropertyOp7
 70
     1
102
RTVSPropertyOp8
 70
     1
102
RTVSPropertyOp9
 70
     1
102
RTVSPropertyOp10
 70
     1
102
RTVSPropertyOp11
 70
     1
102
RTVSPropertyOp12
 70
     1
102
RTVSPropertyOp13
 70
     1
102
RTVSPropertyOp14
 70
     1
102
RTVSPropertyOp15
 70
     1
102
RTVSPropertyOp16
 70
     1
102
RTVSPropertyOp17
 70
     1
102
RTVSPropertyOp18
 70
     1
102
RTVSPropertyOp19
 70
     1
102
RTVSPropertyOp20
 70
     1
102
RTVSPropertyOp21
 70
     1
102
RTVSPropertyOp22
 70
     1
102
RTVSPropertyOp23
 70
     1
102
RTVSPropertyOp24
 70
     1
102
RTVSPropertyOp25
 70
     1
102
RTVSPropertyOp26
 70
     1
102
RTVSPropertyOp27
 70
     1
102
RTVSPropertyOp28
 70
     1
102
RTVSPropertyOp29
 70
     1
102
RTVSPropertyOp30
 70
     1
102
RTVSPropertyOp31
 70
     1
102
RTVSPropertyOp32
 70
     1
102
RTVSPropertyOp33
 70
     1
102
RTVSPropertyOp34
 70
     1
102
RTVSPropertyOp35
 70
     1
102
RTVSPropertyOp36
 70
     1
102
RTVSPropertyOp37
 70
     1
102
RTVSPropertyOp38
 70
     1
102
RTVSPropertyOp39
 70
     1
102
RTVSPropertyOp40
 70
     1
102
RTVSPropertyOp41
 70
     1
102
RTVSPropertyOp42
 70
     1
102
RTVSPropertyOp43
 70
     1
102
RTVSPropertyOp44
 70
     1
102
RTVSPropertyOp45
 70
     1
102
RTVSPropertyOp46
 70
     1
102
RTVSPropertyOp47
 70
     1
102
RTVSPropertyOp48
 70
     1
102
RTVSPropertyOp49
 70
     1
102
RTVSPropertyOp50
 70
     1
102
RTVSPropertyOp51
 70
     0
102
RTVSPropertyOp52
 70
     0
102
RTVSPropertyOp53
 70
     1
102
RTVSPropertyOp54
 70
     1
102
RTVSPropertyOp55
 70
     1
102
RTVSPropertyOp56
 70
     1
102
RTVSPropertyOp57
 70
     1
102
RTVSPost2010Prop28
280
     0
102
RTVSPost2010PropOp28
 70
     1
102
RTVSPost2010Prop29
280
     1
102
RTVSPost2010PropOp29
 70
     1
102
RTVSPost2010Prop30
280
     1
102
RTVSPost2010PropOp30
 70
     1
102
RTVSPost2010Prop31
280
     0
102
RTVSPost2010PropOp31
 70
     1
102
RTVSPost2010Prop32
280
     0
102
RTVSPost2010PropOp32
 70
     1
102
RTVSPost2010Prop33
280
     0
102
RTVSPost2010PropOp33
 70
     1
102
RTVSPost2010Prop34
280
     0
102
RTVSPost2010PropOp34
 70
     1
102
RTVSPost2010Prop35
280
     0
102
RTVSPost2010PropOp35
 70
     1
102
RTVSPost2010Prop36
280
     0
102
RTVSPost2010PropOp36
 70
     1
102
RTVSPost2010Prop37
 90
       50
102
RTVSPost2010PropOp37
 70
     1
102
RTVSPost2010Prop38
140
0.0
102
RTVSPost2010PropOp38
 70
     1
102
RTVSPost2010Prop39
140
1.0
102
RTVSPost2010PropOp39
 70
     1
102
RTVSPost2010Prop40
 90
        0
102
RTVSPost2010PropOp40
 70
     1
102
RTVSPost2010Prop41ColorIndex
 90
       18
102
RTVSPost2010Prop41ColorRGB
 90
        0
102
RTVSPost2010PropOp41
 70
     1
102
RTVSPost2010Prop42
 90
       50
102
RTVSPost2010PropOp42
 70
     1
102
RTVSPost2010Prop43
 90
        3
102
RTVSPost2010PropOp43
 70
     1
102
RTVSPost2010Prop44ColorIndex
 90
        5
102
RTVSPost2010Prop44ColorRGB
 90
      255
102
RTVSPost2010PropOp44
 70
     1
102
RTVSPost2010Prop45
280
     0
102
RTVSPost2010PropOp45
 70
     1
102
RTVSPost2010Prop46
 90
       50
102
RTVSPost2010PropOp46
 70
     1
102
RTVSPost2010Prop47
 90
       50
102
RTVSPost2010PropOp47
 70
     1
102
RTVSPost2010Prop48
 90
       50
102
RTVSPost2010PropOp48
 70
     1
102
RTVSPost2010Prop49
280
     0
102
RTVSPost2010PropOp49
 70
     1
102
RTVSPost2010Prop50
 90
       50
102
RTVSPost2010PropOp50
 70
     1
102
RTVSPost2010Prop51ColorIndex
 90
      256
102
RTVSPost2010Prop51ColorRGB
 90
-16777216
102
RTVSPost2010PropOp51
 70
     0
102
RTVSPost2010Prop52
140
1.0
102
RTVSPost2010PropOp52
 70
     0
102
RTVSPost2010Prop53
 90
        2
102
RTVSPost2010PropOp53
 70
     1
102
RTVSPost2010Prop54
  1
strokes_ogs.tif
102
RTVSPost2010PropOp54
 70
     1
102
RTVSPost2010Prop55
280
     0
102
RTVSPost2010PropOp55
 70
     1
102
RTVSPost2010Prop56
140
1.0
102
RTVSPost2010PropOp56
 70
     1
102
RTVSPost2010Prop57
140
1.0
102
RTVSPost2010PropOp57
 70
     1
  0
XRECORD
  5
564
102
{ACAD_REACTORS
330
563
102
}
330
563
100
AcDbXrecord
280
     1
102
RTVSPropertyOp0
 70
     1
102
RTVSPropertyOp1
 70
     1
102
RTVSPropertyOp2
 70
     1
102
RTVSPropertyOp3
 70
     1
102
RTVSPropertyOp4
 70
     1
102
RTVSPropertyOp5
 70
     1
102
RTVSPropertyOp6
 70
     1
102
RTVSPropertyOp7
 70
     1
102
RTVSPropertyOp8
 70
     1
102
RTVSPropertyOp9
 70
     1
102
RTVSPropertyOp10
 70
     1
102
RTVSPropertyOp11
 70
     1
102
RTVSPropertyOp12
 70
     1
102
RTVSPropertyOp13
 70
     1
102
RTVSPropertyOp14
 70
     1
102
RTVSPropertyOp15
 70
     1
102
RTVSPropertyOp16
 70
     1
102
RTVSPropertyOp17
 70
     1
102
RTVSPropertyOp18
 70
     1
102
RTVSPropertyOp19
 70
     1
102
RTVSPropertyOp20
 70
     1
102
RTVSPropertyOp21
 70
     1
102
RTVSPropertyOp22
 70
     1
102
RTVSPropertyOp23
 70
     1
102
RTVSPropertyOp24
 70
     1
102
RTVSPropertyOp25
 70
     1
102
RTVSPropertyOp26
 70
     1
102
RTVSPropertyOp27
 70
     1
102
RTVSPropertyOp28
 70
     1
102
RTVSPropertyOp29
 70
     1
102
RTVSPropertyOp30
 70
     1
102
RTVSPropertyOp31
 70
     1
102
RTVSPropertyOp32
 70
     1
102
RTVSPropertyOp33
 70
     1
102
RTVSPropertyOp34
 70
     1
102
RTVSPropertyOp35
 70
     1
102
RTVSPropertyOp36
 70
     1
102
RTVSPropertyOp37
 70
     1
102
RTVSPropertyOp38
 70
     1
102
RTVSPropertyOp39
 70
     1
102
RTVSPropertyOp40
 70
     1
102
RTVSPropertyOp41
 70
     1
102
RTVSPropertyOp42
 70
     1
102
RTVSPropertyOp43
 70
     1
102
RTVSPropertyOp44
 70
     1
102
RTVSPropertyOp45
 70
     1
102
RTVSPropertyOp46
 70
     1
102
RTVSPropertyOp47
 70
     1
102
RTVSPropertyOp48
 70
     1
102
RTVSPropertyOp49
 70
     1
102
RTVSPropertyOp50
 70
     1
102
RTVSPropertyOp51
 70
     0
102
RTVSPropertyOp52
 70
     0
102
RTVSPropertyOp53
 70
     1
102
RTVSPropertyOp54
 70
     1
102
RTVSPropertyOp55
 70
     1
102
RTVSPropertyOp56
 70
     1
102
RTVSPropertyOp57
 70
     1
102
RTVSPost2010Prop28
280
     0
102
RTVSPost2010PropOp28
 70
     1
102
RTVSPost2010Prop29
280
     1
102
RTVSPost2010PropOp29
 70
     1
102
RTVSPost2010Prop30
280
     1
102
RTVSPost2010PropOp30
 70
     1
102
RTVSPost2010Prop31
280
     0
102
RTVSPost2010PropOp31
 70
     1
102
RTVSPost2010Prop32
280
     0
102
RTVSPost2010PropOp32
 70
     1
102
RTVSPost2010Prop33
280
     0
102
RTVSPost2010PropOp33
 70
     1
102
RTVSPost2010Prop34
280
     0
102
RTVSPost2010PropOp34
 70
     1
102
RTVSPost2010Prop35
280
     0
102
RTVSPost2010PropOp35
 70
     1
102
RTVSPost2010Prop36
280
     0
102
RTVSPost2010PropOp36
 70
     1
102
RTVSPost2010Prop37
 90
       50
102
RTVSPost2010PropOp37
 70
     1
102
RTVSPost2010Prop38
140
0.0
102
RTVSPost2010PropOp38
 70
     1
102
RTVSPost2010Prop39
140
1.0
102
RTVSPost2010PropOp39
 70
     1
102
RTVSPost2010Prop40
 90
        0
102
RTVSPost2010PropOp40
 70
     1
102
RTVSPost2010Prop41ColorIndex
 90
       18
102
RTVSPost2010Prop41ColorRGB
 90
        0
102
RTVSPost2010PropOp41
 70
     1
102
RTVSPost2010Prop42
 90
       50
102
RTVSPost2010PropOp42
 70
     1
102
RTVSPost2010Prop43
 90
        3
102
RTVSPost2010PropOp43
 70
     1
102
RTVSPost2010Prop44ColorIndex
 90
        5
102
RTVSPost2010Prop44ColorRGB
 90
      255
102
RTVSPost2010PropOp44
 70
     1
102
RTVSPost2010Prop45
280
     0
102
RTVSPost2010PropOp45
 70
     1
102
RTVSPost2010Prop46
 90
       50
102
RTVSPost2010PropOp46
 70
     1
102
RTVSPost2010Prop47
 90
       50
102
RTVSPost2010PropOp47
 70
     1
102
RTVSPost2010Prop48
 90
       50
102
RTVSPost2010PropOp48
 70
     1
102
RTVSPost2010Prop49
280
     0
102
RTVSPost2010PropOp49
 70
     1
102
RTVSPost2010Prop50
 90
       50
102
RTVSPost2010PropOp50
 70
     1
102
RTVSPost2010Prop51ColorIndex
 90
      256
102
RTVSPost2010Prop51ColorRGB
 90
-16777216
102
RTVSPost2010PropOp51
 70
     0
102
RTVSPost2010Prop52
140
1.0
102
RTVSPost2010PropOp52
 70
     0
102
RTVSPost2010Prop53
 90
        2
102
RTVSPost2010PropOp53
 70
     1
102
RTVSPost2010Prop54
  1
strokes_ogs.tif
102
RTVSPost2010PropOp54
 70
     1
102
RTVSPost2010Prop55
280
     0
102
RTVSPost2010PropOp55
 70
     1
102
RTVSPost2010Prop56
140
1.0
102
RTVSPost2010PropOp56
 70
     1
102
RTVSPost2010Prop57
140
1.0
102
RTVSPost2010PropOp57
 70
     1
  0
XRECORD
  5
566
102
{ACAD_REACTORS
330
565
102
}
330
565
100
AcDbXrecord
280
     1
102
RTVSPropertyOp0
 70
     1
102
RTVSPropertyOp1
 70
     1
102
RTVSPropertyOp2
 70
     1
102
RTVSPropertyOp3
 70
     1
102
RTVSPropertyOp4
 70
     1
102
RTVSPropertyOp5
 70
     1
102
RTVSPropertyOp6
 70
     1
102
RTVSPropertyOp7
 70
     1
102
RTVSPropertyOp8
 70
     1
102
RTVSPropertyOp9
 70
     1
102
RTVSPropertyOp10
 70
     1
102
RTVSPropertyOp11
 70
     1
102
RTVSPropertyOp12
 70
     1
102
RTVSPropertyOp13
 70
     1
102
RTVSPropertyOp14
 70
     1
102
RTVSPropertyOp15
 70
     1
102
RTVSPropertyOp16
 70
     1
102
RTVSPropertyOp17
 70
     1
102
RTVSPropertyOp18
 70
     1
102
RTVSPropertyOp19
 70
     1
102
RTVSPropertyOp20
 70
     1
102
RTVSPropertyOp21
 70
     1
102
RTVSPropertyOp22
 70
     1
102
RTVSPropertyOp23
 70
     1
102
RTVSPropertyOp24
 70
     1
102
RTVSPropertyOp25
 70
     1
102
RTVSPropertyOp26
 70
     1
102
RTVSPropertyOp27
 70
     1
102
RTVSPropertyOp28
 70
     1
102
RTVSPropertyOp29
 70
     1
102
RTVSPropertyOp30
 70
     1
102
RTVSPropertyOp31
 70
     1
102
RTVSPropertyOp32
 70
     1
102
RTVSPropertyOp33
 70
     1
102
RTVSPropertyOp34
 70
     1
102
RTVSPropertyOp35
 70
     1
102
RTVSPropertyOp36
 70
     1
102
RTVSPropertyOp37
 70
     1
102
RTVSPropertyOp38
 70
     1
102
RTVSPropertyOp39
 70
     1
102
RTVSPropertyOp40
 70
     1
102
RTVSPropertyOp41
 70
     1
102
RTVSPropertyOp42
 70
     1
102
RTVSPropertyOp43
 70
     1
102
RTVSPropertyOp44
 70
     1
102
RTVSPropertyOp45
 70
     1
102
RTVSPropertyOp46
 70
     1
102
RTVSPropertyOp47
 70
     1
102
RTVSPropertyOp48
 70
     1
102
RTVSPropertyOp49
 70
     1
102
RTVSPropertyOp50
 70
     1
102
RTVSPropertyOp51
 70
     0
102
RTVSPropertyOp52
 70
     0
102
RTVSPropertyOp53
 70
     1
102
RTVSPropertyOp54
 70
     1
102
RTVSPropertyOp55
 70
     1
102
RTVSPropertyOp56
 70
     1
102
RTVSPropertyOp57
 70
     1
102
RTVSPost2010Prop28
280
     0
102
RTVSPost2010PropOp28
 70
     1
102
RTVSPost2010Prop29
280
     1
102
RTVSPost2010PropOp29
 70
     1
102
RTVSPost2010Prop30
280
     1
102
RTVSPost2010PropOp30
 70
     1
102
RTVSPost2010Prop31
280
     0
102
RTVSPost2010PropOp31
 70
     1
102
RTVSPost2010Prop32
280
     0
102
RTVSPost2010PropOp32
 70
     1
102
RTVSPost2010Prop33
280
     0
102
RTVSPost2010PropOp33
 70
     1
102
RTVSPost2010Prop34
280
     0
102
RTVSPost2010PropOp34
 70
     1
102
RTVSPost2010Prop35
280
     0
102
RTVSPost2010PropOp35
 70
     1
102
RTVSPost2010Prop36
280
     0
102
RTVSPost2010PropOp36
 70
     1
102
RTVSPost2010Prop37
 90
       50
102
RTVSPost2010PropOp37
 70
     1
102
RTVSPost2010Prop38
140
0.0
102
RTVSPost2010PropOp38
 70
     1
102
RTVSPost2010Prop39
140
1.0
102
RTVSPost2010PropOp39
 70
     1
102
RTVSPost2010Prop40
 90
        0
102
RTVSPost2010PropOp40
 70
     1
102
RTVSPost2010Prop41ColorIndex
 90
       18
102
RTVSPost2010Prop41ColorRGB
 90
        0
102
RTVSPost2010PropOp41
 70
     1
102
RTVSPost2010Prop42
 90
       50
102
RTVSPost2010PropOp42
 70
     1
102
RTVSPost2010Prop43
 90
        3
102
RTVSPost2010PropOp43
 70
     1
102
RTVSPost2010Prop44ColorIndex
 90
        5
102
RTVSPost2010Prop44ColorRGB
 90
      255
102
RTVSPost2010PropOp44
 70
     1
102
RTVSPost2010Prop45
280
     0
102
RTVSPost2010PropOp45
 70
     1
102
RTVSPost2010Prop46
 90
       50
102
RTVSPost2010PropOp46
 70
     1
102
RTVSPost2010Prop47
 90
       50
102
RTVSPost2010PropOp47
 70
     1
102
RTVSPost2010Prop48
 90
       50
102
RTVSPost2010PropOp48
 70
     1
102
RTVSPost2010Prop49
280
     0
102
RTVSPost2010PropOp49
 70
     1
102
RTVSPost2010Prop50
 90
       50
102
RTVSPost2010PropOp50
 70
     1
102
RTVSPost2010Prop51ColorIndex
 90
      256
102
RTVSPost2010Prop51ColorRGB
 90
-16777216
102
RTVSPost2010PropOp51
 70
     0
102
RTVSPost2010Prop52
140
1.0
102
RTVSPost2010PropOp52
 70
     0
102
RTVSPost2010Prop53
 90
        2
102
RTVSPost2010PropOp53
 70
     1
102
RTVSPost2010Prop54
  1
strokes_ogs.tif
102
RTVSPost2010PropOp54
 70
     1
102
RTVSPost2010Prop55
280
     0
102
RTVSPost2010PropOp55
 70
     1
102
RTVSPost2010Prop56
140
1.0
102
RTVSPost2010PropOp56
 70
     1
102
RTVSPost2010Prop57
140
1.0
102
RTVSPost2010PropOp57
 70
     1
  0
XRECORD
  5
556
102
{ACAD_REACTORS
330
555
102
}
330
555
100
AcDbXrecord
280
     1
102
RTVSPropertyOp0
 70
     1
102
RTVSPropertyOp1
 70
     1
102
RTVSPropertyOp2
 70
     1
102
RTVSPropertyOp3
 70
     1
102
RTVSPropertyOp4
 70
     1
102
RTVSPropertyOp5
 70
     1
102
RTVSPropertyOp6
 70
     1
102
RTVSPropertyOp7
 70
     1
102
RTVSPropertyOp8
 70
     1
102
RTVSPropertyOp9
 70
     1
102
RTVSPropertyOp10
 70
     1
102
RTVSPropertyOp11
 70
     1
102
RTVSPropertyOp12
 70
     1
102
RTVSPropertyOp13
 70
     1
102
RTVSPropertyOp14
 70
     1
102
RTVSPropertyOp15
 70
     1
102
RTVSPropertyOp16
 70
     1
102
RTVSPropertyOp17
 70
     1
102
RTVSPropertyOp18
 70
     1
102
RTVSPropertyOp19
 70
     1
102
RTVSPropertyOp20
 70
     1
102
RTVSPropertyOp21
 70
     1
102
RTVSPropertyOp22
 70
     1
102
RTVSPropertyOp23
 70
     1
102
RTVSPropertyOp24
 70
     1
102
RTVSPropertyOp25
 70
     1
102
RTVSPropertyOp26
 70
     1
102
RTVSPropertyOp27
 70
     1
102
RTVSPropertyOp28
 70
     1
102
RTVSPropertyOp29
 70
     1
102
RTVSPropertyOp30
 70
     1
102
RTVSPropertyOp31
 70
     1
102
RTVSPropertyOp32
 70
     1
102
RTVSPropertyOp33
 70
     1
102
RTVSPropertyOp34
 70
     1
102
RTVSPropertyOp35
 70
     1
102
RTVSPropertyOp36
 70
     1
102
RTVSPropertyOp37
 70
     1
102
RTVSPropertyOp38
 70
     1
102
RTVSPropertyOp39
 70
     1
102
RTVSPropertyOp40
 70
     1
102
RTVSPropertyOp41
 70
     1
102
RTVSPropertyOp42
 70
     1
102
RTVSPropertyOp43
 70
     1
102
RTVSPropertyOp44
 70
     1
102
RTVSPropertyOp45
 70
     1
102
RTVSPropertyOp46
 70
     1
102
RTVSPropertyOp47
 70
     1
102
RTVSPropertyOp48
 70
     1
102
RTVSPropertyOp49
 70
     1
102
RTVSPropertyOp50
 70
     1
102
RTVSPropertyOp51
 70
     0
102
RTVSPropertyOp52
 70
     0
102
RTVSPropertyOp53
 70
     1
102
RTVSPropertyOp54
 70
     1
102
RTVSPropertyOp55
 70
     1
102
RTVSPropertyOp56
 70
     1
102
RTVSPropertyOp57
 70
     1
102
RTVSPost2010Prop28
280
     0
102
RTVSPost2010PropOp28
 70
     1
102
RTVSPost2010Prop29
280
     1
102
RTVSPost2010PropOp29
 70
     1
102
RTVSPost2010Prop30
280
     1
102
RTVSPost2010PropOp30
 70
     1
102
RTVSPost2010Prop31
280
     0
102
RTVSPost2010PropOp31
 70
     1
102
RTVSPost2010Prop32
280
     0
102
RTVSPost2010PropOp32
 70
     1
102
RTVSPost2010Prop33
280
     0
102
RTVSPost2010PropOp33
 70
     1
102
RTVSPost2010Prop34
280
     0
102
RTVSPost2010PropOp34
 70
     1
102
RTVSPost2010Prop35
280
     0
102
RTVSPost2010PropOp35
 70
     1
102
RTVSPost2010Prop36
280
     0
102
RTVSPost2010PropOp36
 70
     1
102
RTVSPost2010Prop37
 90
       50
102
RTVSPost2010PropOp37
 70
     1
102
RTVSPost2010Prop38
140
0.0
102
RTVSPost2010PropOp38
 70
     1
102
RTVSPost2010Prop39
140
1.0
102
RTVSPost2010PropOp39
 70
     1
102
RTVSPost2010Prop40
 90
        0
102
RTVSPost2010PropOp40
 70
     1
102
RTVSPost2010Prop41ColorIndex
 90
       18
102
RTVSPost2010Prop41ColorRGB
 90
        0
102
RTVSPost2010PropOp41
 70
     1
102
RTVSPost2010Prop42
 90
       50
102
RTVSPost2010PropOp42
 70
     1
102
RTVSPost2010Prop43
 90
        3
102
RTVSPost2010PropOp43
 70
     1
102
RTVSPost2010Prop44ColorIndex
 90
        5
102
RTVSPost2010Prop44ColorRGB
 90
      255
102
RTVSPost2010PropOp44
 70
     1
102
RTVSPost2010Prop45
280
     0
102
RTVSPost2010PropOp45
 70
     1
102
RTVSPost2010Prop46
 90
       50
102
RTVSPost2010PropOp46
 70
     1
102
RTVSPost2010Prop47
 90
       50
102
RTVSPost2010PropOp47
 70
     1
102
RTVSPost2010Prop48
 90
       50
102
RTVSPost2010PropOp48
 70
     1
102
RTVSPost2010Prop49
280
     0
102
RTVSPost2010PropOp49
 70
     1
102
RTVSPost2010Prop50
 90
       50
102
RTVSPost2010PropOp50
 70
     1
102
RTVSPost2010Prop51ColorIndex
 90
      256
102
RTVSPost2010Prop51ColorRGB
 90
-16777216
102
RTVSPost2010PropOp51
 70
     0
102
RTVSPost2010Prop52
140
1.0
102
RTVSPost2010PropOp52
 70
     0
102
RTVSPost2010Prop53
 90
        2
102
RTVSPost2010PropOp53
 70
     1
102
RTVSPost2010Prop54
  1
strokes_ogs.tif
102
RTVSPost2010PropOp54
 70
     1
102
RTVSPost2010Prop55
280
     0
102
RTVSPost2010PropOp55
 70
     1
102
RTVSPost2010Prop56
140
1.0
102
RTVSPost2010PropOp56
 70
     1
102
RTVSPost2010Prop57
140
1.0
102
RTVSPost2010PropOp57
 70
     1
  0
XRECORD
  5
548
102
{ACAD_REACTORS
330
547
102
}
330
547
100
AcDbXrecord
280
     1
102
RTVSPropertyOp0
 70
     1
102
RTVSPropertyOp1
 70
     1
102
RTVSPropertyOp2
 70
     1
102
RTVSPropertyOp3
 70
     1
102
RTVSPropertyOp4
 70
     1
102
RTVSPropertyOp5
 70
     1
102
RTVSPropertyOp6
 70
     1
102
RTVSPropertyOp7
 70
     1
102
RTVSPropertyOp8
 70
     1
102
RTVSPropertyOp9
 70
     1
102
RTVSPropertyOp10
 70
     1
102
RTVSPropertyOp11
 70
     1
102
RTVSPropertyOp12
 70
     1
102
RTVSPropertyOp13
 70
     1
102
RTVSPropertyOp14
 70
     1
102
RTVSPropertyOp15
 70
     1
102
RTVSPropertyOp16
 70
     1
102
RTVSPropertyOp17
 70
     1
102
RTVSPropertyOp18
 70
     1
102
RTVSPropertyOp19
 70
     1
102
RTVSPropertyOp20
 70
     1
102
RTVSPropertyOp21
 70
     1
102
RTVSPropertyOp22
 70
     1
102
RTVSPropertyOp23
 70
     1
102
RTVSPropertyOp24
 70
     1
102
RTVSPropertyOp25
 70
     1
102
RTVSPropertyOp26
 70
     1
102
RTVSPropertyOp27
 70
     1
102
RTVSPropertyOp28
 70
     1
102
RTVSPropertyOp29
 70
     1
102
RTVSPropertyOp30
 70
     1
102
RTVSPropertyOp31
 70
     1
102
RTVSPropertyOp32
 70
     1
102
RTVSPropertyOp33
 70
     1
102
RTVSPropertyOp34
 70
     1
102
RTVSPropertyOp35
 70
     1
102
RTVSPropertyOp36
 70
     1
102
RTVSPropertyOp37
 70
     1
102
RTVSPropertyOp38
 70
     1
102
RTVSPropertyOp39
 70
     1
102
RTVSPropertyOp40
 70
     1
102
RTVSPropertyOp41
 70
     1
102
RTVSPropertyOp42
 70
     1
102
RTVSPropertyOp43
 70
     1
102
RTVSPropertyOp44
 70
     1
102
RTVSPropertyOp45
 70
     1
102
RTVSPropertyOp46
 70
     1
102
RTVSPropertyOp47
 70
     1
102
RTVSPropertyOp48
 70
     1
102
RTVSPropertyOp49
 70
     1
102
RTVSPropertyOp50
 70
     1
102
RTVSPropertyOp51
 70
     0
102
RTVSPropertyOp52
 70
     0
102
RTVSPropertyOp53
 70
     1
102
RTVSPropertyOp54
 70
     1
102
RTVSPropertyOp55
 70
     1
102
RTVSPropertyOp56
 70
     1
102
RTVSPropertyOp57
 70
     1
102
RTVSPost2010Prop28
280
     0
102
RTVSPost2010PropOp28
 70
     1
102
RTVSPost2010Prop29
280
     1
102
RTVSPost2010PropOp29
 70
     1
102
RTVSPost2010Prop30
280
     1
102
RTVSPost2010PropOp30
 70
     1
102
RTVSPost2010Prop31
280
     0
102
RTVSPost2010PropOp31
 70
     1
102
RTVSPost2010Prop32
280
     0
102
RTVSPost2010PropOp32
 70
     1
102
RTVSPost2010Prop33
280
     0
102
RTVSPost2010PropOp33
 70
     1
102
RTVSPost2010Prop34
280
     0
102
RTVSPost2010PropOp34
 70
     1
102
RTVSPost2010Prop35
280
     0
102
RTVSPost2010PropOp35
 70
     1
102
RTVSPost2010Prop36
280
     0
102
RTVSPost2010PropOp36
 70
     1
102
RTVSPost2010Prop37
 90
       50
102
RTVSPost2010PropOp37
 70
     1
102
RTVSPost2010Prop38
140
0.0
102
RTVSPost2010PropOp38
 70
     1
102
RTVSPost2010Prop39
140
1.0
102
RTVSPost2010PropOp39
 70
     1
102
RTVSPost2010Prop40
 90
        0
102
RTVSPost2010PropOp40
 70
     1
102
RTVSPost2010Prop41ColorIndex
 90
       18
102
RTVSPost2010Prop41ColorRGB
 90
        0
102
RTVSPost2010PropOp41
 70
     1
102
RTVSPost2010Prop42
 90
       50
102
RTVSPost2010PropOp42
 70
     1
102
RTVSPost2010Prop43
 90
        3
102
RTVSPost2010PropOp43
 70
     1
102
RTVSPost2010Prop44ColorIndex
 90
        5
102
RTVSPost2010Prop44ColorRGB
 90
      255
102
RTVSPost2010PropOp44
 70
     1
102
RTVSPost2010Prop45
280
     0
102
RTVSPost2010PropOp45
 70
     1
102
RTVSPost2010Prop46
 90
       50
102
RTVSPost2010PropOp46
 70
     1
102
RTVSPost2010Prop47
 90
       50
102
RTVSPost2010PropOp47
 70
     1
102
RTVSPost2010Prop48
 90
       50
102
RTVSPost2010PropOp48
 70
     1
102
RTVSPost2010Prop49
280
     0
102
RTVSPost2010PropOp49
 70
     1
102
RTVSPost2010Prop50
 90
       50
102
RTVSPost2010PropOp50
 70
     1
102
RTVSPost2010Prop51ColorIndex
 90
      256
102
RTVSPost2010Prop51ColorRGB
 90
-16777216
102
RTVSPost2010PropOp51
 70
     0
102
RTVSPost2010Prop52
140
1.0
102
RTVSPost2010PropOp52
 70
     0
102
RTVSPost2010Prop53
 90
        2
102
RTVSPost2010PropOp53
 70
     1
102
RTVSPost2010Prop54
  1
strokes_ogs.tif
102
RTVSPost2010PropOp54
 70
     1
102
RTVSPost2010Prop55
280
     0
102
RTVSPost2010PropOp55
 70
     1
102
RTVSPost2010Prop56
140
1.0
102
RTVSPost2010PropOp56
 70
     1
102
RTVSPost2010Prop57
140
1.0
102
RTVSPost2010PropOp57
 70
     1
  0
XRECORD
  5
568
102
{ACAD_REACTORS
330
567
102
}
330
567
100
AcDbXrecord
280
     1
102
RTVSPropertyOp0
 70
     1
102
RTVSPropertyOp1
 70
     1
102
RTVSPropertyOp2
 70
     1
102
RTVSPropertyOp3
 70
     1
102
RTVSPropertyOp4
 70
     1
102
RTVSPropertyOp5
 70
     1
102
RTVSPropertyOp6
 70
     1
102
RTVSPropertyOp7
 70
     1
102
RTVSPropertyOp8
 70
     1
102
RTVSPropertyOp9
 70
     1
102
RTVSPropertyOp10
 70
     1
102
RTVSPropertyOp11
 70
     1
102
RTVSPropertyOp12
 70
     1
102
RTVSPropertyOp13
 70
     1
102
RTVSPropertyOp14
 70
     1
102
RTVSPropertyOp15
 70
     1
102
RTVSPropertyOp16
 70
     1
102
RTVSPropertyOp17
 70
     1
102
RTVSPropertyOp18
 70
     1
102
RTVSPropertyOp19
 70
     1
102
RTVSPropertyOp20
 70
     1
102
RTVSPropertyOp21
 70
     1
102
RTVSPropertyOp22
 70
     1
102
RTVSPropertyOp23
 70
     1
102
RTVSPropertyOp24
 70
     1
102
RTVSPropertyOp25
 70
     1
102
RTVSPropertyOp26
 70
     1
102
RTVSPropertyOp27
 70
     1
102
RTVSPropertyOp28
 70
     1
102
RTVSPropertyOp29
 70
     1
102
RTVSPropertyOp30
 70
     1
102
RTVSPropertyOp31
 70
     1
102
RTVSPropertyOp32
 70
     1
102
RTVSPropertyOp33
 70
     1
102
RTVSPropertyOp34
 70
     1
102
RTVSPropertyOp35
 70
     1
102
RTVSPropertyOp36
 70
     1
102
RTVSPropertyOp37
 70
     1
102
RTVSPropertyOp38
 70
     1
102
RTVSPropertyOp39
 70
     1
102
RTVSPropertyOp40
 70
     1
102
RTVSPropertyOp41
 70
     1
102
RTVSPropertyOp42
 70
     1
102
RTVSPropertyOp43
 70
     1
102
RTVSPropertyOp44
 70
     1
102
RTVSPropertyOp45
 70
     1
102
RTVSPropertyOp46
 70
     1
102
RTVSPropertyOp47
 70
     1
102
RTVSPropertyOp48
 70
     1
102
RTVSPropertyOp49
 70
     1
102
RTVSPropertyOp50
 70
     1
102
RTVSPropertyOp51
 70
     0
102
RTVSPropertyOp52
 70
     0
102
RTVSPropertyOp53
 70
     1
102
RTVSPropertyOp54
 70
     1
102
RTVSPropertyOp55
 70
     1
102
RTVSPropertyOp56
 70
     1
102
RTVSPropertyOp57
 70
     1
102
RTVSPost2010Prop28
280
     0
102
RTVSPost2010PropOp28
 70
     1
102
RTVSPost2010Prop29
280
     1
102
RTVSPost2010PropOp29
 70
     1
102
RTVSPost2010Prop30
280
     1
102
RTVSPost2010PropOp30
 70
     1
102
RTVSPost2010Prop31
280
     0
102
RTVSPost2010PropOp31
 70
     1
102
RTVSPost2010Prop32
280
     0
102
RTVSPost2010PropOp32
 70
     1
102
RTVSPost2010Prop33
280
     0
102
RTVSPost2010PropOp33
 70
     1
102
RTVSPost2010Prop34
280
     0
102
RTVSPost2010PropOp34
 70
     1
102
RTVSPost2010Prop35
280
     0
102
RTVSPost2010PropOp35
 70
     1
102
RTVSPost2010Prop36
280
     0
102
RTVSPost2010PropOp36
 70
     1
102
RTVSPost2010Prop37
 90
       50
102
RTVSPost2010PropOp37
 70
     1
102
RTVSPost2010Prop38
140
0.0
102
RTVSPost2010PropOp38
 70
     1
102
RTVSPost2010Prop39
140
1.0
102
RTVSPost2010PropOp39
 70
     1
102
RTVSPost2010Prop40
 90
        0
102
RTVSPost2010PropOp40
 70
     1
102
RTVSPost2010Prop41ColorIndex
 90
       18
102
RTVSPost2010Prop41ColorRGB
 90
        0
102
RTVSPost2010PropOp41
 70
     1
102
RTVSPost2010Prop42
 90
       50
102
RTVSPost2010PropOp42
 70
     1
102
RTVSPost2010Prop43
 90
        3
102
RTVSPost2010PropOp43
 70
     1
102
RTVSPost2010Prop44ColorIndex
 90
        5
102
RTVSPost2010Prop44ColorRGB
 90
      255
102
RTVSPost2010PropOp44
 70
     1
102
RTVSPost2010Prop45
280
     0
102
RTVSPost2010PropOp45
 70
     1
102
RTVSPost2010Prop46
 90
       50
102
RTVSPost2010PropOp46
 70
     1
102
RTVSPost2010Prop47
 90
       50
102
RTVSPost2010PropOp47
 70
     1
102
RTVSPost2010Prop48
 90
       50
102
RTVSPost2010PropOp48
 70
     1
102
RTVSPost2010Prop49
280
     0
102
RTVSPost2010PropOp49
 70
     1
102
RTVSPost2010Prop50
 90
       50
102
RTVSPost2010PropOp50
 70
     1
102
RTVSPost2010Prop51ColorIndex
 90
      256
102
RTVSPost2010Prop51ColorRGB
 90
-16777216
102
RTVSPost2010PropOp51
 70
     0
102
RTVSPost2010Prop52
140
1.0
102
RTVSPost2010PropOp52
 70
     0
102
RTVSPost2010Prop53
 90
        2
102
RTVSPost2010PropOp53
 70
     1
102
RTVSPost2010Prop54
  1
strokes_ogs.tif
102
RTVSPost2010PropOp54
 70
     1
102
RTVSPost2010Prop55
280
     0
102
RTVSPost2010PropOp55
 70
     1
102
RTVSPost2010Prop56
140
1.0
102
RTVSPost2010PropOp56
 70
     1
102
RTVSPost2010Prop57
140
1.0
102
RTVSPost2010PropOp57
 70
     1
  0
ENDSEC
  0
EOF
