  0
SECTION
  2
HEADER
  9
$ACADVER
  1
AC1021
  9
$ACADMAINTVER
 70
    25
  9
$DWGCODEPAGE
  3
ANSI_1252
  9
$LASTSAVEDBY
  1
josnyder
  9
$INSBASE
 10
0.0
 20
0.0
 30
0.0
  9
$EXTMIN
 10
-403.3741280435983
 20
-5.155652200788111
 30
0.0
  9
$EXTMAX
 10
57.68305113999799
 20
6.696078874912651
 30
0.0
  9
$LIMMIN
 10
0.0
 20
0.0
  9
$LIMMAX
 10
12.0
 20
9.0
  9
$ORTHOMODE
 70
     0
  9
$REGENMODE
 70
     1
  9
$FILLMODE
 70
     1
  9
$QTEXTMODE
 70
     0
  9
$MIRRTEXT
 70
     0
  9
$LTSCALE
 40
1.0
  9
$ATTMODE
 70
     1
  9
$TEXTSIZE
 40
0.2
  9
$TRACEWID
 40
0.05
  9
$TEXTSTYLE
  7
Standard
  9
$CLAYER
  8
null
  9
$CELTYPE
  6
ByLayer
  9
$CECOLOR
 62
   256
  9
$CELTSCALE
 40
1.0
  9
$DISPSILH
 70
     0
  9
$DIMSCALE
 40
1.0
  9
$DIMASZ
 40
0.18
  9
$DIMEXO
 40
0.0625
  9
$DIMDLI
 40
0.38
  9
$DIMRND
 40
0.0
  9
$DIMDLE
 40
0.0
  9
$DIMEXE
 40
0.18
  9
$DIMTP
 40
0.0
  9
$DIMTM
 40
0.0
  9
$DIMTXT
 40
0.18
  9
$DIMCEN
 40
0.09
  9
$DIMTSZ
 40
0.0
  9
$DIMTOL
 70
     0
  9
$DIMLIM
 70
     0
  9
$DIMTIH
 70
     1
  9
$DIMTOH
 70
     1
  9
$DIMSE1
 70
     0
  9
$DIMSE2
 70
     0
  9
$DIMTAD
 70
     0
  9
$DIMZIN
 70
     0
  9
$DIMBLK
  1

  9
$DIMASO
 70
     1
  9
$DIMSHO
 70
     1
  9
$DIMPOST
  1

  9
$DIMAPOST
  1

  9
$DIMALT
 70
     0
  9
$DIMALTD
 70
     2
  9
$DIMALTF
 40
25.4
  9
$DIMLFAC
 40
1.0
  9
$DIMTOFL
 70
     0
  9
$DIMTVP
 40
0.0
  9
$DIMTIX
 70
     0
  9
$DIMSOXD
 70
     0
  9
$DIMSAH
 70
     0
  9
$DIMBLK1
  1

  9
$DIMBLK2
  1

  9
$DIMSTYLE
  2
STANDARD_ACAD
  9
$DIMCLRD
 70
     0
  9
$DIMCLRE
 70
     0
  9
$DIMCLRT
 70
     0
  9
$DIMTFAC
 40
1.0
  9
$DIMGAP
 40
0.09
  9
$DIMJUST
 70
     0
  9
$DIMSD1
 70
     0
  9
$DIMSD2
 70
     0
  9
$DIMTOLJ
 70
     1
  9
$DIMTZIN
 70
     0
  9
$DIMALTZ
 70
     0
  9
$DIMALTTZ
 70
     0
  9
$DIMUPT
 70
     0
  9
$DIMDEC
 70
     4
  9
$DIMTDEC
 70
     4
  9
$DIMALTU
 70
     2
  9
$DIMALTTD
 70
     2
  9
$DIMTXSTY
  7
Standard
  9
$DIMAUNIT
 70
     0
  9
$DIMADEC
 70
     0
  9
$DIMALTRND
 40
0.0
  9
$DIMAZIN
 70
     0
  9
$DIMDSEP
 70
    46
  9
$DIMATFIT
 70
     3
  9
$DIMFRAC
 70
     0
  9
$DIMLDRBLK
  1

  9
$DIMLUNIT
 70
     2
  9
$DIMLWD
 70
    -2
  9
$DIMLWE
 70
    -2
  9
$DIMTMOVE
 70
     2
  9
$DIMFXL
 40
1.0
  9
$DIMFXLON
 70
     0
  9
$DIMJOGANG
 40
0.7853981633974483
  9
$DIMTFILL
 70
     0
  9
$DIMTFILLCLR
 70
     0
  9
$DIMARCSYM
 70
     0
  9
$DIMLTYPE
  6

  9
$DIMLTEX1
  6

  9
$DIMLTEX2
  6

  9
$LUNITS
 70
     2
  9
$LUPREC
 70
     3
  9
$SKETCHINC
 40
0.1
  9
$FILLETRAD
 40
0.0
  9
$AUNITS
 70
     0
  9
$AUPREC
 70
     0
  9
$MENU
  1
.
  9
$ELEVATION
 40
0.0
  9
$PELEVATION
 40
0.0
  9
$THICKNESS
 40
0.0
  9
$LIMCHECK
 70
     0
  9
$CHAMFERA
 40
0.0
  9
$CHAMFERB
 40
0.0
  9
$CHAMFERC
 40
0.0
  9
$CHAMFERD
 40
0.0
  9
$SKPOLY
 70
     0
  9
$TDCREATE
 40
2461120.734823785
  9
$TDUCREATE
 40
2461120.943157119
  9
$TDUPDATE
 40
2461120.73484941
  9
$TDUUPDATE
 40
2461120.943182743
  9
$TDINDWG
 40
0.0000000116
  9
$TDUSRTIMER
 40
0.0000000116
  9
$USRTIMER
 70
     1
  9
$ANGBASE
 50
0.0
  9
$ANGDIR
 70
     0
  9
$PDMODE
 70
     0
  9
$PDSIZE
 40
0.0
  9
$PLINEWID
 40
0.0
  9
$SPLFRAME
 70
     0
  9
$SPLINETYPE
 70
     6
  9
$SPLINESEGS
 70
     8
  9
$HANDSEED
  5
576
  9
$SURFTAB1
 70
     6
  9
$SURFTAB2
 70
     6
  9
$SURFTYPE
 70
     6
  9
$SURFU
 70
     6
  9
$SURFV
 70
     6
  9
$UCSBASE
  2

  9
$UCSNAME
  2

  9
$UCSORG
 10
0.0
 20
0.0
 30
0.0
  9
$UCSXDIR
 10
1.0
 20
0.0
 30
0.0
  9
$UCSYDIR
 10
0.0
 20
1.0
 30
0.0
  9
$UCSORTHOREF
  2

  9
$UCSORTHOVIEW
 70
     0
  9
$UCSORGTOP
 10
0.0
 20
0.0
 30
0.0
  9
$UCSORGBOTTOM
 10
0.0
 20
0.0
 30
0.0
  9
$UCSORGLEFT
 10
0.0
 20
0.0
 30
0.0
  9
$UCSORGRIGHT
 10
0.0
 20
0.0
 30
0.0
  9
$UCSORGFRONT
 10
0.0
 20
0.0
 30
0.0
  9
$UCSORGBACK
 10
0.0
 20
0.0
 30
0.0
  9
$PUCSBASE
  2

  9
$PUCSNAME
  2

  9
$PUCSORG
 10
0.0
 20
0.0
 30
0.0
  9
$PUCSXDIR
 10
1.0
 20
0.0
 30
0.0
  9
$PUCSYDIR
 10
0.0
 20
1.0
 30
0.0
  9
$PUCSORTHOREF
  2

  9
$PUCSORTHOVIEW
 70
     0
  9
$PUCSORGTOP
 10
0.0
 20
0.0
 30
0.0
  9
$PUCSORGBOTTOM
 10
0.0
 20
0.0
 30
0.0
  9
$PUCSORGLEFT
 10
0.0
 20
0.0
 30
0.0
  9
$PUCSORGRIGHT
 10
0.0
 20
0.0
 30
0.0
  9
$PUCSORGFRONT
 10
0.0
 20
0.0
 30
0.0
  9
$PUCSORGBACK
 10
0.0
 20
0.0
 30
0.0
  9
$USERI1
 70
     0
  9
$USERI2
 70
     0
  9
$USERI3
 70
     0
  9
$USERI4
 70
     0
  9
$USERI5
 70
     0
  9
$USERR1
 40
0.0
  9
$USERR2
 40
0.0
  9
$USERR3
 40
0.0
  9
$USERR4
 40
0.0
  9
$USERR5
 40
0.0
  9
$WORLDVIEW
 70
     1
  9
$SHADEDGE
 70
     3
  9
$SHADEDIF
 70
    70
  9
$TILEMODE
 70
     1
  9
$MAXACTVP
 70
    64
  9
$PINSBASE
 10
0.0
 20
0.0
 30
0.0
  9
$PLIMCHECK
 70
     0
  9
$PEXTMIN
 10
1.000000000000000E+20
 20
1.000000000000000E+20
 30
1.000000000000000E+20
  9
$PEXTMAX
 10
-1.000000000000000E+20
 20
-1.000000000000000E+20
 30
-1.000000000000000E+20
  9
$PLIMMIN
 10
0.0
 20
0.0
  9
$PLIMMAX
 10
12.0
 20
9.0
  9
$UNITMODE
 70
     0
  9
$VISRETAIN
 70
     1
  9
$PLINEGEN
 70
     0
  9
$PSLTSCALE
 70
     1
  9
$TREEDEPTH
 70
  3020
  9
$CMLSTYLE
  2
Standard
  9
$CMLJUST
 70
     0
  9
$CMLSCALE
 40
1.0
  9
$PROXYGRAPHICS
 70
     1
  9
$MEASUREMENT
 70
     1
  9
$CELWEIGHT
370
    -1
  9
$ENDCAPS
280
     0
  9
$JOINSTYLE
280
     0
  9
$LWDISPLAY
290
     0
  9
$INSUNITS
 70
     4
  9
$HYPERLINKBASE
  1

  9
$STYLESHEET
  1

  9
$XEDIT
290
     1
  9
$CEPSNTYPE
380
     0
  9
$PSTYLEMODE
290
     1
  9
$FINGERPRINTGUID
  2
{79a6501e-9266-a644-8106-cb40f007d634}
  9
$VERSIONGUID
  2
{FAEB1C32-E019-11D5-929B-00C0DF256EC4}
  9
$EXTNAMES
290
     1
  9
$PSVPSCALE
 40
0.0
  9
$OLESTARTUP
290
     0
  9
$SORTENTS
280
   127
  9
$INDEXCTL
280
     0
  9
$HIDETEXT
280
     1
  9
$XCLIPFRAME
290
     0
  9
$HALOGAP
280
     0
  9
$OBSCOLOR
 70
   257
  9
$OBSLTYPE
280
     0
  9
$INTERSECTIONDISPLAY
280
     0
  9
$INTERSECTIONCOLOR
 70
   257
  9
$DIMASSOC
280
     2
  9
$PROJECTNAME
  1

  9
$CAMERADISPLAY
290
     0
  9
$LENSLENGTH
 40
50.0
  9
$CAMERAHEIGHT
 40
0.0
  9
$STEPSPERSEC
 40
2.0
  9
$STEPSIZE
 40
6.0
  9
$3DDWFPREC
 40
2.0
  9
$PSOLWIDTH
 40
0.25
  9
$PSOLHEIGHT
 40
4.0
  9
$LOFTANG1
 40
1.570796326794897
  9
$LOFTANG2
 40
1.570796326794897
  9
$LOFTMAG1
 40
0.0
  9
$LOFTMAG2
 40
0.0
  9
$LOFTPARAM
 70
     7
  9
$LOFTNORMALS
280
     1
  9
$LATITUDE
 40
37.795
  9
$LONGITUDE
 40
-122.394
  9
$NORTHDIRECTION
 40
0.0
  9
$TIMEZONE
 70
 -8000
  9
$LIGHTGLYPHDISPLAY
280
     1
  9
$TILEMODELIGHTSYNCH
280
     1
  9
$CMATERIAL
347
44
  9
$SOLIDHIST
280
     0
  9
$SHOWHIST
280
     1
  9
$DWFFRAME
280
     2
  9
$DGNFRAME
280
     2
  9
$REALWORLDSCALE
290
     1
  9
$INTERFERECOLOR
 62
   256
  9
$CSHADOW
280
     0
  9
$SHADOWPLANELOCATION
 40
0.0
  0
ENDSEC
  0
SECTION
  2
CLASSES
  0
CLASS
  1
ACDBDICTIONARYWDFLT
  2
AcDbDictionaryWithDefault
  3
ObjectDBX Classes
 90
        0
 91
        3
280
     0
281
     0
  0
CLASS
  1
VISUALSTYLE
  2
AcDbVisualStyle
  3
ObjectDBX Classes
 90
     4095
 91
        3
280
     0
281
     0
  0
CLASS
  1
MATERIAL
  2
AcDbMaterial
  3
ObjectDBX Classes
 90
     1153
 91
        3
280
     0
281
     0
  0
CLASS
  1
SCALE
  2
AcDbScale
  3
ObjectDBX Classes
 90
     1153
 91
        3
280
     0
281
     0
  0
CLASS
  1
TABLESTYLE
  2
AcDbTableStyle
  3
ObjectDBX Classes
 90
     4095
 91
        3
280
     0
281
     0
  0
CLASS
  1
MLEADERSTYLE
  2
AcDbMLeaderStyle
  3
ACDB_MLEADERSTYLE_CLASS
 90
     4095
 91
        3
280
     0
281
     0
  0
CLASS
  1
SUN
  2
AcDbSun
  3
SCENEOE
 90
     1153
 91
        3
280
     0
281
     0
  0
CLASS
  1
DICTIONARYVAR
  2
AcDbDictionaryVar
  3
ObjectDBX Classes
 90
        0
 91
        3
280
     0
281
     0
  0
CLASS
  1
CELLSTYLEMAP
  2
AcDbCellStyleMap
  3
ObjectDBX Classes
 90
     1152
 91
        3
280
     0
281
     0
  0
ENDSEC
  0
SECTION
  2
TABLES
  0
TABLE
  2
VPORT
  5
8
330
0
100
AcDbSymbolTable
 70
     1
  0
VPORT
  5
29
330
8
100
AcDbSymbolTableRecord
100
AcDbViewportTableRecord
  2
*Active
 70
     0
 10
0.0
 20
0.0
 11
1.0
 21
1.0
 12
10.42990654205607
 22
4.5
 13
0.0
 23
0.0
 14
0.5
 24
0.5
 15
0.5
 25
0.5
 16
0.0
 26
0.0
 36
1.0
 17
0.0
 27
0.0
 37
0.0
 40
9.0
 41
1.972972972850329
 42
50.0
 43
0.0
 44
0.0
 50
0.0
 51
0.0
 71
     0
 72
   100
 73
     1
 74
     3
 75
     0
 76
     0
 77
     0
 78
     0
281
     0
 65
     1
110
0.0
120
0.0
130
0.0
111
1.0
121
0.0
131
0.0
112
0.0
122
1.0
132
0.0
 79
     0
146
0.0
348
2F
 60
     3
 61
     5
292
     1
282
     1
141
0.0
142
0.0
 63
   250
361
5D
  0
ENDTAB
  0
TABLE
  2
LTYPE
  5
5
330
0
100
AcDbSymbolTable
 70
     1
  0
LTYPE
  5
14
330
5
100
AcDbSymbolTableRecord
100
AcDbLinetypeTableRecord
  2
ByBlock
 70
     0
  3

 72
    65
 73
     0
 40
0.0
  0
LTYPE
  5
15
330
5
100
AcDbSymbolTableRecord
100
AcDbLinetypeTableRecord
  2
ByLayer
 70
     0
  3

 72
    65
 73
     0
 40
0.0
  0
LTYPE
  5
16
330
5
100
AcDbSymbolTableRecord
100
AcDbLinetypeTableRecord
  2
Continuous
 70
     0
  3
Solid line
 72
    65
 73
     0
 40
0.0
  0
ENDTAB
  0
TABLE
  2
LAYER
  5
2
330
0
100
AcDbSymbolTable
 70
     4
  0
LAYER
  5
10
330
2
100
AcDbSymbolTableRecord
100
AcDbLayerTableRecord
  2
0
 70
     0
 62
     7
  6
Continuous
370
    -3
390
F
347
46
  0
LAYER
  5
5F
330
2
100
AcDbSymbolTableRecord
100
AcDbLayerTableRecord
  2
null
 70
     0
 62
     7
  6
Continuous
370
    -3
390
F
347
46
  0
LAYER
  5
72
330
2
100
AcDbSymbolTableRecord
100
AcDbLayerTableRecord
  2
outside1
 70
     0
 62
     7
  6
Continuous
370
    -3
390
F
347
46
  0
LAYER
  5
78
330
2
100
AcDbSymbolTableRecord
100
AcDbLayerTableRecord
  2
outside1_T
 70
     0
 62
     1
420
 16711680
  6
Continuous
370
    -3
390
F
347
46
  0
ENDTAB
  0
TABLE
  2
STYLE
  5
3
330
0
100
AcDbSymbolTable
 70
     1
  0
STYLE
  5
11
330
3
100
AcDbSymbolTableRecord
100
AcDbTextStyleTableRecord
  2
Standard
 70
     0
 40
0.0
 41
1.0
 50
0.0
 71
     0
 42
0.2
  3
txt
  4

  0
ENDTAB
  0
TABLE
  2
VIEW
  5
6
330
0
100
AcDbSymbolTable
 70
     0
  0
ENDTAB
  0
TABLE
  2
UCS
  5
7
330
0
100
AcDbSymbolTable
 70
     0
  0
ENDTAB
  0
TABLE
  2
APPID
  5
9
330
0
100
AcDbSymbolTable
 70
     3
  0
APPID
  5
12
330
9
100
AcDbSymbolTableRecord
100
AcDbRegAppTableRecord
  2
ACAD
 70
     0
  0
APPID
  5
5E
330
9
100
AcDbSymbolTableRecord
100
AcDbRegAppTableRecord
  2
Rhino
 70
     0
  0
APPID
  5
56E
330
9
100
AcDbSymbolTableRecord
100
AcDbRegAppTableRecord
  2
ACAD_MLEADERVER
 70
     0
  0
ENDTAB
  0
TABLE
  2
DIMSTYLE
  5
A
330
0
100
AcDbSymbolTable
 70
     1
100
AcDbDimStyleTable
  0
DIMSTYLE
105
27
330
A
100
AcDbSymbolTableRecord
100
AcDbDimStyleTableRecord
  2
STANDARD_ACAD
 70
     0
178
     0
340
11
  0
ENDTAB
  0
TABLE
  2
BLOCK_RECORD
  5
1
330
0
100
AcDbSymbolTable
 70
     1
  0
BLOCK_RECORD
  5
1F
330
1
100
AcDbSymbolTableRecord
100
AcDbBlockTableRecord
  2
*Model_Space
340
22
 70
     0
280
     1
281
     0
  0
BLOCK_RECORD
  5
1B
330
1
100
AcDbSymbolTableRecord
100
AcDbBlockTableRecord
  2
*Paper_Space
340
1E
 70
     0
280
     1
281
     0
  0
BLOCK_RECORD
  5
23
330
1
100
AcDbSymbolTableRecord
100
AcDbBlockTableRecord
  2
*Paper_Space0
340
26
 70
     0
280
     1
281
     0
  0
ENDTAB
  0
ENDSEC
  0
SECTION
  2
BLOCKS
  0
BLOCK
  5
20
330
1F
100
AcDbEntity
  8
0
100
AcDbBlockBegin
  2
*Model_Space
 70
     0
 10
0.0
 20
0.0
 30
0.0
  3
*Model_Space
  1

  0
ENDBLK
  5
21
330
1F
100
AcDbEntity
  8
0
100
AcDbBlockEnd
  0
BLOCK
  5
1C
330
1B
100
AcDbEntity
 67
     1
  8
0
100
AcDbBlockBegin
  2
*Paper_Space
 70
     0
 10
0.0
 20
0.0
 30
0.0
  3
*Paper_Space
  1

  0
ENDBLK
  5
1D
330
1B
100
AcDbEntity
 67
     1
  8
0
100
AcDbBlockEnd
  0
BLOCK
  5
24
330
23
100
AcDbEntity
  8
0
100
AcDbBlockBegin
  2
*Paper_Space0
 70
     0
 10
0.0
 20
0.0
 30
0.0
  3
*Paper_Space0
  1

  0
ENDBLK
  5
25
330
23
100
AcDbEntity
  8
0
100
AcDbBlockEnd
  0
ENDSEC
  0
SECTION
  2
ENTITIES
  0
POLYLINE
  5
60
330
1F
100
AcDbEntity
  8
null
100
AcDb2dPolyline
 66
     1
 10
0.0
 20
0.0
 30
0.0
  0
VERTEX
  5
61
330
60
100
AcDbEntity
  8
null
100
AcDbVertex
100
AcDb2dVertex
 10
56.8336437694798
 20
0.7702133370623027
 30
0.0
  0
VERTEX
  5
62
330
60
100
AcDbEntity
  8
null
100
AcDbVertex
100
AcDb2dVertex
 10
55.22584308323349
 20
0.7702133370623027
 30
0.0
  0
SEQEND
  5
63
330
60
100
AcDbEntity
  8
null
  0
POLYLINE
  5
64
330
1F
100
AcDbEntity
  8
null
100
AcDb2dPolyline
 66
     1
 10
0.0
 20
0.0
 30
0.0
  0
VERTEX
  5
65
330
64
100
AcDbEntity
  8
null
100
AcDbVertex
100
AcDb2dVertex
 10
56.83364376947981
 20
-4.306244830269875
 30
0.0
  0
VERTEX
  5
66
330
64
100
AcDbEntity
  8
null
100
AcDbVertex
100
AcDb2dVertex
 10
56.83364376947981
 20
-1.696659105787077
 30
0.0
  0
SEQEND
  5
67
330
64
100
AcDbEntity
  8
null
  0
POLYLINE
  5
68
330
1F
100
AcDbEntity
  8
null
100
AcDb2dPolyline
 66
     1
 10
0.0
 20
0.0
 30
0.0
  0
VERTEX
  5
69
330
68
100
AcDbEntity
  8
null
100
AcDbVertex
100
AcDb2dVertex
 10
56.78772540791614
 20
5.851846391295127
 30
0.0
  0
VERTEX
  5
6A
330
68
100
AcDbEntity
  8
null
100
AcDbVertex
100
AcDb2dVertex
 10
56.83364376947981
 20
3.308442420728398
 30
0.0
  0
VERTEX
  5
6B
330
68
100
AcDbEntity
  8
null
100
AcDbVertex
100
AcDb2dVertex
 10
55.01893369077805
 20
3.308442420728398
 30
0.0
  0
SEQEND
  5
6C
330
68
100
AcDbEntity
  8
null
  0
POINT
  5
6D
330
1F
100
AcDbEntity
  8
null
100
AcDbPoint
 10
56.83364376947981
 20
-4.306244830269875
 30
0.0
  0
POINT
  5
6E
330
1F
100
AcDbEntity
  8
null
100
AcDbPoint
 10
56.8336437694798
 20
-1.768015746603779
 30
0.0
  0
POINT
  5
6F
330
1F
100
AcDbEntity
  8
null
100
AcDbPoint
 10
56.8336437694798
 20
0.7702133370623027
 30
0.0
  0
POINT
  5
70
330
1F
100
AcDbEntity
  8
null
100
AcDbPoint
 10
56.83364376947981
 20
3.308442420728398
 30
0.0
  0
POINT
  5
71
330
1F
100
AcDbEntity
  8
null
100
AcDbPoint
 10
56.83364376947981
 20
5.846671504394475
 30
0.0
  0
SPLINE
  5
73
330
1F
100
AcDbEntity
  8
outside1
100
AcDbSpline
210
0.0
220
0.0
230
1.0
 70
    15
 71
     2
 72
    12
 73
     9
 74
     0
 42
0.0000000001
 43
0.0000000001
 40
0.0
 40
0.0
 40
0.0
 40
1.334245977562504
 40
1.334245977562504
 40
2.668491955125007
 40
2.668491955125007
 40
4.002737932687511
 40
4.002737932687511
 40
5.336983910250014
 40
5.336983910250014
 40
5.336983910250014
 10
55.98423639896163
 20
-4.306244830269904
 30
0.0
 41
1.0
 10
55.98423639896156
 20
-3.45683745975169
 30
0.0
 41
0.7071067811865476
 10
56.83364376947969
 20
-3.456837459751696
 30
0.0
 41
1.0
 10
57.6830511399979
 20
-3.45683745975169
 30
0.0
 41
0.7071067811865476
 10
57.68305113999799
 20
-4.306244830269904
 30
0.0
 41
1.0
 10
57.6830511399979
 20
-5.155652200788109
 30
0.0
 41
0.7071067811865476
 10
56.83364376947969
 20
-5.155652200788111
 30
0.0
 41
1.0
 10
55.98423639896156
 20
-5.155652200788109
 30
0.0
 41
0.7071067811865476
 10
55.98423639896163
 20
-4.306244830269904
 30
0.0
 41
1.0
  0
SPLINE
  5
74
330
1F
100
AcDbEntity
  8
outside1
100
AcDbSpline
210
0.0
220
0.0
230
1.0
 70
    15
 71
     2
 72
    12
 73
     9
 74
     0
 42
0.0000000001
 43
0.0000000001
 40
0.0
 40
0.0
 40
0.0
 40
1.334245977562504
 40
1.334245977562504
 40
2.668491955125007
 40
2.668491955125007
 40
4.002737932687511
 40
4.002737932687511
 40
5.336983910250014
 40
5.336983910250014
 40
5.336983910250014
 10
55.98423639896163
 20
3.308442420728369
 30
0.0
 41
1.0
 10
55.98423639896156
 20
4.157849791246577
 30
0.0
 41
0.7071067811865476
 10
56.83364376947969
 20
4.157849791246576
 30
0.0
 41
1.0
 10
57.6830511399979
 20
4.157849791246577
 30
0.0
 41
0.7071067811865476
 10
57.68305113999799
 20
3.308442420728369
 30
0.0
 41
1.0
 10
57.6830511399979
 20
2.459035050210159
 30
0.0
 41
0.7071067811865476
 10
56.83364376947969
 20
2.459035050210161
 30
0.0
 41
1.0
 10
55.98423639896156
 20
2.459035050210159
 30
0.0
 41
0.7071067811865476
 10
55.98423639896163
 20
3.308442420728369
 30
0.0
 41
1.0
  0
SPLINE
  5
75
330
1F
100
AcDbEntity
  8
outside1
100
AcDbSpline
210
0.0
220
0.0
230
1.0
 70
    15
 71
     2
 72
    12
 73
     9
 74
     0
 42
0.0000000001
 43
0.0000000001
 40
0.0
 40
0.0
 40
0.0
 40
1.334245977562504
 40
1.334245977562504
 40
2.668491955125007
 40
2.668491955125007
 40
4.002737932687511
 40
4.002737932687511
 40
5.336983910250014
 40
5.336983910250014
 40
5.336983910250014
 10
55.98423639896163
 20
-1.768015746603808
 30
0.0
 41
1.0
 10
55.98423639896156
 20
-0.9186083760855974
 30
0.0
 41
0.7071067811865476
 10
56.83364376947969
 20
-0.9186083760856008
 30
0.0
 41
1.0
 10
57.6830511399979
 20
-0.9186083760855974
 30
0.0
 41
0.7071067811865476
 10
57.68305113999799
 20
-1.768015746603808
 30
0.0
 41
1.0
 10
57.6830511399979
 20
-2.617423117122016
 30
0.0
 41
0.7071067811865476
 10
56.83364376947969
 20
-2.617423117122016
 30
0.0
 41
1.0
 10
55.98423639896156
 20
-2.617423117122016
 30
0.0
 41
0.7071067811865476
 10
55.98423639896163
 20
-1.768015746603808
 30
0.0
 41
1.0
  0
SPLINE
  5
76
330
1F
100
AcDbEntity
  8
outside1
100
AcDbSpline
210
0.0
220
0.0
230
1.0
 70
    15
 71
     2
 72
    12
 73
     9
 74
     0
 42
0.0000000001
 43
0.0000000001
 40
0.0
 40
0.0
 40
0.0
 40
1.334245977562504
 40
1.334245977562504
 40
2.668491955125007
 40
2.668491955125007
 40
4.002737932687511
 40
4.002737932687511
 40
5.336983910250014
 40
5.336983910250014
 40
5.336983910250014
 10
55.98423639896163
 20
5.84667150439445
 30
0.0
 41
1.0
 10
55.98423639896156
 20
6.69607887491265
 30
0.0
 41
0.7071067811865476
 10
56.83364376947969
 20
6.696078874912651
 30
0.0
 41
1.0
 10
57.6830511399979
 20
6.69607887491265
 30
0.0
 41
0.7071067811865476
 10
57.68305113999799
 20
5.84667150439445
 30
0.0
 41
1.0
 10
57.6830511399979
 20
4.997264133876242
 30
0.0
 41
0.7071067811865476
 10
56.83364376947969
 20
4.997264133876243
 30
0.0
 41
1.0
 10
55.98423639896156
 20
4.997264133876242
 30
0.0
 41
0.7071067811865476
 10
55.98423639896163
 20
5.84667150439445
 30
0.0
 41
1.0
  0
SPLINE
  5
77
330
1F
100
AcDbEntity
  8
outside1
100
AcDbSpline
210
0.0
220
0.0
230
1.0
 70
    15
 71
     2
 72
    12
 73
     9
 74
     0
 42
0.0000000001
 43
0.0000000001
 40
0.0
 40
0.0
 40
0.0
 40
1.334245977562504
 40
1.334245977562504
 40
2.668491955125007
 40
2.668491955125007
 40
4.002737932687511
 40
4.002737932687511
 40
5.336983910250014
 40
5.336983910250014
 40
5.336983910250014
 10
55.98423639896163
 20
0.7702133370622732
 30
0.0
 41
1.0
 10
55.98423639896156
 20
1.619620707580485
 30
0.0
 41
0.7071067811865476
 10
56.83364376947969
 20
1.619620707580481
 30
0.0
 41
1.0
 10
57.6830511399979
 20
1.619620707580485
 30
0.0
 41
0.7071067811865476
 10
57.68305113999799
 20
0.7702133370622732
 30
0.0
 41
1.0
 10
57.6830511399979
 20
-0.0791940334559335
 30
0.0
 41
0.7071067811865476
 10
56.83364376947969
 20
-0.0791940334559342
 30
0.0
 41
1.0
 10
55.98423639896156
 20
-0.0791940334559335
 30
0.0
 41
0.7071067811865476
 10
55.98423639896163
 20
0.7702133370622732
 30
0.0
 41
1.0
  0
POLYLINE
  5
79
330
1F
100
AcDbEntity
  8
outside1_T
100
AcDb2dPolyline
 66
     1
 10
0.0
 20
0.0
 30
0.0
  0
VERTEX
  5
7A
330
79
100
AcDbEntity
  8
outside1_T
100
AcDbVertex
100
AcDb2dVertex
 10
38.64377628284632
 20
2.55515669999771
 30
0.0
  0
VERTEX
  5
7B
330
79
100
AcDbEntity
  8
outside1_T
100
AcDbVertex
100
AcDb2dVertex
 10
37.02858305035005
 20
2.55515669999771
 30
0.0
  0
VERTEX
  5
7C
330
79
100
AcDbEntity
  8
outside1_T
100
AcDbVertex
100
AcDb2dVertex
 10
36.47463016337718
 20
2.548696696443074
 30
0.0
  0
VERTEX
  5
7D
330
79
100
AcDbEntity
  8
outside1_T
100
AcDbVertex
100
AcDb2dVertex
 10
35.73534621150264
 20
2.565282321116683
 30
0.0
  0
VERTEX
  5
7E
330
79
100
AcDbEntity
  8
outside1_T
100
AcDbVertex
100
AcDb2dVertex
 10
35.36511358206525
 20
2.573478368823544
 30
0.0
  0
VERTEX
  5
7F
330
79
100
AcDbEntity
  8
outside1_T
100
AcDbVertex
100
AcDb2dVertex
 10
34.99451608579892
 20
2.581772141983365
 30
0.0
  0
VERTEX
  5
80
330
79
100
AcDbEntity
  8
outside1_T
100
AcDbVertex
100
AcDb2dVertex
 10
34.62206184234532
 20
2.590166314628135
 30
0.0
  0
VERTEX
  5
81
330
79
100
AcDbEntity
  8
outside1_T
100
AcDbVertex
100
AcDb2dVertex
 10
34.24659741106319
 20
2.598560968572613
 30
0.0
  0
VERTEX
  5
82
330
79
100
AcDbEntity
  8
outside1_T
100
AcDbVertex
100
AcDb2dVertex
 10
33.86688269465975
 20
2.607054306350776
 30
0.0
  0
VERTEX
  5
83
330
79
100
AcDbEntity
  8
outside1_T
100
AcDbVertex
100
AcDb2dVertex
 10
33.48172442060621
 20
2.615647096256126
 30
0.0
  0
VERTEX
  5
84
330
79
100
AcDbEntity
  8
outside1_T
100
AcDbVertex
100
AcDb2dVertex
 10
33.09018498361041
 20
2.624346108983204
 30
0.0
  0
VERTEX
  5
85
330
79
100
AcDbEntity
  8
outside1_T
100
AcDbVertex
100
AcDb2dVertex
 10
32.69208935564865
 20
2.633235030894411
 30
0.0
  0
VERTEX
  5
86
330
79
100
AcDbEntity
  8
outside1_T
100
AcDbVertex
100
AcDb2dVertex
 10
32.28719038687035
 20
2.64233054324194
 30
0.0
  0
VERTEX
  5
87
330
79
100
AcDbEntity
  8
outside1_T
100
AcDbVertex
100
AcDb2dVertex
 10
31.87542419145433
 20
2.651525973796552
 30
0.0
  0
VERTEX
  5
88
330
79
100
AcDbEntity
  8
outside1_T
100
AcDbVertex
100
AcDb2dVertex
 10
31.45682860289202
 20
2.66081979614934
 30
0.0
  0
VERTEX
  5
89
330
79
100
AcDbEntity
  8
outside1_T
100
AcDbVertex
100
AcDb2dVertex
 10
31.03130883704779
 20
2.670311878649088
 30
0.0
  0
VERTEX
  5
8A
330
79
100
AcDbEntity
  8
outside1_T
100
AcDbVertex
100
AcDb2dVertex
 10
30.59862316075436
 20
2.679903057475869
 30
0.0
  0
VERTEX
  5
8B
330
79
100
AcDbEntity
  8
outside1_T
100
AcDbVertex
100
AcDb2dVertex
 10
30.15886002871156
 20
2.689699458985388
 30
0.0
  0
VERTEX
  5
8C
330
79
100
AcDbEntity
  8
outside1_T
100
AcDbVertex
100
AcDb2dVertex
 10
29.71184110011899
 20
2.699687090252553
 30
0.0
  0
VERTEX
  5
8D
330
79
100
AcDbEntity
  8
outside1_T
100
AcDbVertex
100
AcDb2dVertex
 10
29.25805840587913
 20
2.709781993928431
 30
0.0
  0
VERTEX
  5
8E
330
79
100
AcDbEntity
  8
outside1_T
100
AcDbVertex
100
AcDb2dVertex
 10
28.79756530786898
 20
2.719975359359552
 30
0.0
  0
VERTEX
  5
8F
330
79
100
AcDbEntity
  8
outside1_T
100
AcDbVertex
100
AcDb2dVertex
 10
28.33061349148187
 20
2.730366806031043
 30
0.0
  0
VERTEX
  5
90
330
79
100
AcDbEntity
  8
outside1_T
100
AcDbVertex
100
AcDb2dVertex
 10
27.85753290348583
 20
2.740864968373444
 30
0.0
  0
VERTEX
  5
91
330
79
100
AcDbEntity
  8
outside1_T
100
AcDbVertex
100
AcDb2dVertex
 10
27.37853945847945
 20
2.751554335651846
 30
0.0
  0
VERTEX
  5
92
330
79
100
AcDbEntity
  8
outside1_T
100
AcDbVertex
100
AcDb2dVertex
 10
26.89388068350462
 20
2.762243544098155
 30
0.0
  0
VERTEX
  5
93
330
79
100
AcDbEntity
  8
outside1_T
100
AcDbVertex
100
AcDb2dVertex
 10
26.40381445387533
 20
2.773138479257
 30
0.0
  0
VERTEX
  5
94
330
79
100
AcDbEntity
  8
outside1_T
100
AcDbVertex
100
AcDb2dVertex
 10
25.9088603012421
 20
2.784033264902604
 30
0.0
  0
VERTEX
  5
95
330
79
100
AcDbEntity
  8
outside1_T
100
AcDbVertex
100
AcDb2dVertex
 10
25.41002842007327
 20
2.795126041719058
 30
0.0
  0
VERTEX
  5
96
330
79
100
AcDbEntity
  8
outside1_T
100
AcDbVertex
100
AcDb2dVertex
 10
24.90793534788912
 20
2.806219788606441
 30
0.0
  0
VERTEX
  5
97
330
79
100
AcDbEntity
  8
outside1_T
100
AcDbVertex
100
AcDb2dVertex
 10
24.40369963898564
 20
2.817312699738537
 30
0.0
  0
VERTEX
  5
98
330
79
100
AcDbEntity
  8
outside1_T
100
AcDbVertex
100
AcDb2dVertex
 10
23.89807413265902
 20
2.82850443465739
 30
0.0
  0
VERTEX
  5
99
330
79
100
AcDbEntity
  8
outside1_T
100
AcDbVertex
100
AcDb2dVertex
 10
23.39189342921662
 20
2.839697320073995
 30
0.0
  0
VERTEX
  5
9A
330
79
100
AcDbEntity
  8
outside1_T
100
AcDbVertex
100
AcDb2dVertex
 10
22.88592669084568
 20
2.850783116728579
 30
0.0
  0
VERTEX
  5
9B
330
79
100
AcDbEntity
  8
outside1_T
100
AcDbVertex
100
AcDb2dVertex
 10
22.38129683313849
 20
2.861875642154061
 30
0.0
  0
VERTEX
  5
9C
330
79
100
AcDbEntity
  8
outside1_T
100
AcDbVertex
100
AcDb2dVertex
 10
21.87883446934751
 20
2.872969125497747
 30
0.0
  0
VERTEX
  5
9D
330
79
100
AcDbEntity
  8
outside1_T
100
AcDbVertex
100
AcDb2dVertex
 10
21.37977173344274
 20
2.883864060411867
 30
0.0
  0
VERTEX
  5
9E
330
79
100
AcDbEntity
  8
outside1_T
100
AcDbVertex
100
AcDb2dVertex
 10
20.88532456574779
 20
2.894758762398425
 30
0.0
  0
VERTEX
  5
9F
330
79
100
AcDbEntity
  8
outside1_T
100
AcDbVertex
100
AcDb2dVertex
 10
20.39641656735415
 20
2.905448525876608
 30
0.0
  0
VERTEX
  5
A0
330
79
100
AcDbEntity
  8
outside1_T
100
AcDbVertex
100
AcDb2dVertex
 10
19.91434061295712
 20
2.915939708790035
 30
0.0
  0
VERTEX
  5
A1
330
79
100
AcDbEntity
  8
outside1_T
100
AcDbVertex
100
AcDb2dVertex
 10
19.44029673074505
 20
2.926231751906556
 30
0.0
  0
VERTEX
  5
A2
330
79
100
AcDbEntity
  8
outside1_T
100
AcDbVertex
100
AcDb2dVertex
 10
18.97521829858528
 20
2.936425022025546
 30
0.0
  0
VERTEX
  5
A3
330
79
100
AcDbEntity
  8
outside1_T
100
AcDbVertex
100
AcDb2dVertex
 10
18.52019296952898
 20
2.94632218130424
 30
0.0
  0
VERTEX
  5
A4
330
79
100
AcDbEntity
  8
outside1_T
100
AcDbVertex
100
AcDb2dVertex
 10
18.07496441945517
 20
2.955913877642786
 30
0.0
  0
VERTEX
  5
A5
330
79
100
AcDbEntity
  8
outside1_T
100
AcDbVertex
100
AcDb2dVertex
 10
17.63917506857723
 20
2.965306678221793
 30
0.0
  0
VERTEX
  5
A6
330
79
100
AcDbEntity
  8
outside1_T
100
AcDbVertex
100
AcDb2dVertex
 10
17.21226836818977
 20
2.974501404130024
 30
0.0
  0
VERTEX
  5
A7
330
79
100
AcDbEntity
  8
outside1_T
100
AcDbVertex
100
AcDb2dVertex
 10
16.79383793525943
 20
2.983498268577293
 30
0.0
  0
VERTEX
  5
A8
330
79
100
AcDbEntity
  8
outside1_T
100
AcDbVertex
100
AcDb2dVertex
 10
16.38344596181895
 20
2.992288570367691
 30
0.0
  0
VERTEX
  5
A9
330
79
100
AcDbEntity
  8
outside1_T
100
AcDbVertex
100
AcDb2dVertex
 10
15.98048467476036
 20
3.000988264379671
 30
0.0
  0
VERTEX
  5
AA
330
79
100
AcDbEntity
  8
outside1_T
100
AcDbVertex
100
AcDb2dVertex
 10
15.5846295504536
 20
3.009383296582882
 30
0.0
  0
VERTEX
  5
AB
330
79
100
AcDbEntity
  8
outside1_T
100
AcDbVertex
100
AcDb2dVertex
 10
15.19500204392369
 20
3.017670485946127
 30
0.0
  0
VERTEX
  5
AC
330
79
100
AcDbEntity
  8
outside1_T
100
AcDbVertex
100
AcDb2dVertex
 10
14.80914682150768
 20
3.025867031200079
 30
0.0
  0
VERTEX
  5
AD
330
79
100
AcDbEntity
  8
outside1_T
100
AcDbVertex
100
AcDb2dVertex
 10
14.42482085828914
 20
3.033963721795956
 30
0.0
  0
VERTEX
  5
AE
330
79
100
AcDbEntity
  8
outside1_T
100
AcDbVertex
100
AcDb2dVertex
 10
14.03944892763678
 20
3.042160366674494
 30
0.0
  0
VERTEX
  5
AF
330
79
100
AcDbEntity
  8
outside1_T
100
AcDbVertex
100
AcDb2dVertex
 10
13.65062055342986
 20
3.050249521675156
 30
0.0
  0
VERTEX
  5
B0
330
79
100
AcDbEntity
  8
outside1_T
100
AcDbVertex
100
AcDb2dVertex
 10
13.25589429696714
 20
3.058643572904828
 30
0.0
  0
VERTEX
  5
B1
330
79
100
AcDbEntity
  8
outside1_T
100
AcDbVertex
100
AcDb2dVertex
 10
12.85274501290058
 20
3.067038386267868
 30
0.0
  0
VERTEX
  5
B2
330
79
100
AcDbEntity
  8
outside1_T
100
AcDbVertex
100
AcDb2dVertex
 10
12.4388738439597
 20
3.0757366180557
 30
0.0
  0
VERTEX
  5
B3
330
79
100
AcDbEntity
  8
outside1_T
100
AcDbVertex
100
AcDb2dVertex
 10
12.0131514541801
 20
3.0847259206123
 30
0.0
  0
VERTEX
  5
B4
330
79
100
AcDbEntity
  8
outside1_T
100
AcDbVertex
100
AcDb2dVertex
 10
11.57663654308971
 20
3.093821569631245
 30
0.0
  0
VERTEX
  5
B5
330
79
100
AcDbEntity
  8
outside1_T
100
AcDbVertex
100
AcDb2dVertex
 10
11.13086840249406
 20
3.10321418719947
 30
0.0
  0
VERTEX
  5
B6
330
79
100
AcDbEntity
  8
outside1_T
100
AcDbVertex
100
AcDb2dVertex
 10
10.67714482233731
 20
3.112706790837549
 30
0.0
  0
VERTEX
  5
B7
330
79
100
AcDbEntity
  8
outside1_T
100
AcDbVertex
100
AcDb2dVertex
 10
10.21676288791213
 20
3.122305705375197
 30
0.0
  0
VERTEX
  5
B8
330
79
100
AcDbEntity
  8
outside1_T
100
AcDbVertex
100
AcDb2dVertex
 10
9.751189247249783
 20
3.131995943941462
 30
0.0
  0
VERTEX
  5
B9
330
79
100
AcDbEntity
  8
outside1_T
100
AcDbVertex
100
AcDb2dVertex
 10
9.28181080035796
 20
3.141793086821338
 30
0.0
  0
VERTEX
  5
BA
330
79
100
AcDbEntity
  8
outside1_T
100
AcDbVertex
100
AcDb2dVertex
 10
8.809816865788832
 20
3.151582771375104
 30
0.0
  0
VERTEX
  5
BB
330
79
100
AcDbEntity
  8
outside1_T
100
AcDbVertex
100
AcDb2dVertex
 10
8.337252066600684
 20
3.161379586162752
 30
0.0
  0
VERTEX
  5
BC
330
79
100
AcDbEntity
  8
outside1_T
100
AcDbVertex
100
AcDb2dVertex
 10
7.866454975044405
 20
3.171169433049428
 30
0.0
  0
VERTEX
  5
BD
330
79
100
AcDbEntity
  8
outside1_T
100
AcDbVertex
100
AcDb2dVertex
 10
7.399549433324125
 20
3.180760980315569
 30
0.0
  0
VERTEX
  5
BE
330
79
100
AcDbEntity
  8
outside1_T
100
AcDbVertex
100
AcDb2dVertex
 10
6.939044864899813
 20
3.190261107675028
 30
0.0
  0
VERTEX
  5
BF
330
79
100
AcDbEntity
  8
outside1_T
100
AcDbVertex
100
AcDb2dVertex
 10
5.593938912618057
 20
3.217640207076712
 30
0.0
  0
VERTEX
  5
C0
330
79
100
AcDbEntity
  8
outside1_T
100
AcDbVertex
100
AcDb2dVertex
 10
5.154581784162417
 20
3.226538675818603
 30
0.0
  0
VERTEX
  5
C1
330
79
100
AcDbEntity
  8
outside1_T
100
AcDbVertex
100
AcDb2dVertex
 10
4.718486854781702
 20
3.235230078257302
 30
0.0
  0
VERTEX
  5
C2
330
79
100
AcDbEntity
  8
outside1_T
100
AcDbVertex
100
AcDb2dVertex
 10
4.284793475710046
 20
3.244020748148131
 30
0.0
  0
VERTEX
  5
C3
330
79
100
AcDbEntity
  8
outside1_T
100
AcDbVertex
100
AcDb2dVertex
 10
3.852755014184083
 20
3.252613938401566
 30
0.0
  0
VERTEX
  5
C4
330
79
100
AcDbEntity
  8
outside1_T
100
AcDbVertex
100
AcDb2dVertex
 10
3.421727565496155
 20
3.261214358731991
 30
0.0
  0
VERTEX
  5
C5
330
79
100
AcDbEntity
  8
outside1_T
100
AcDbVertex
100
AcDb2dVertex
 10
2.991025317177161
 20
3.269707637508233
 30
0.0
  0
VERTEX
  5
C6
330
79
100
AcDbEntity
  8
outside1_T
100
AcDbVertex
100
AcDb2dVertex
 10
2.559920211425776
 20
3.278300157566633
 30
0.0
  0
VERTEX
  5
C7
330
79
100
AcDbEntity
  8
outside1_T
100
AcDbVertex
100
AcDb2dVertex
 10
2.127693899846406
 20
3.286793721001089
 30
0.0
  0
VERTEX
  5
C8
330
79
100
AcDbEntity
  8
outside1_T
100
AcDbVertex
100
AcDb2dVertex
 10
1.69378629393276
 20
3.295386479248577
 30
0.0
  0
VERTEX
  5
C9
330
79
100
AcDbEntity
  8
outside1_T
100
AcDbVertex
100
AcDb2dVertex
 10
1.258067575076609
 20
3.303880051251198
 30
0.0
  0
VERTEX
  5
CA
330
79
100
AcDbEntity
  8
outside1_T
100
AcDbVertex
100
AcDb2dVertex
 10
0.8208562334254452
 20
3.312480330153647
 30
0.0
  0
VERTEX
  5
CB
330
79
100
AcDbEntity
  8
outside1_T
100
AcDbVertex
100
AcDb2dVertex
 10
0.3824396791644062
 20
3.320973878924946
 30
0.0
  0
VERTEX
  5
CC
330
79
100
AcDbEntity
  8
outside1_T
100
AcDbVertex
100
AcDb2dVertex
 10
-0.0571612382523767
 20
3.329566446026277
 30
0.0
  0
VERTEX
  5
CD
330
79
100
AcDbEntity
  8
outside1_T
100
AcDbVertex
100
AcDb2dVertex
 10
-0.4975939157819198
 20
3.338060352313377
 30
0.0
  0
VERTEX
  5
CE
330
79
100
AcDbEntity
  8
outside1_T
100
AcDbVertex
100
AcDb2dVertex
 10
-0.9386853500078018
 20
3.346553729864297
 30
0.0
  0
VERTEX
  5
CF
330
79
100
AcDbEntity
  8
outside1_T
100
AcDbVertex
100
AcDb2dVertex
 10
-1.380185197794674
 20
3.355047043965655
 30
0.0
  0
VERTEX
  5
D0
330
79
100
AcDbEntity
  8
outside1_T
100
AcDbVertex
100
AcDb2dVertex
 10
-1.821913129638062
 20
3.363540932125687
 30
0.0
  0
VERTEX
  5
D1
330
79
100
AcDbEntity
  8
outside1_T
100
AcDbVertex
100
AcDb2dVertex
 10
-2.263943668986542
 20
3.37193565430843
 30
0.0
  0
VERTEX
  5
D2
330
79
100
AcDbEntity
  8
outside1_T
100
AcDbVertex
100
AcDb2dVertex
 10
-2.706034367763607
 20
3.380329781502496
 30
0.0
  0
VERTEX
  5
D3
330
79
100
AcDbEntity
  8
outside1_T
100
AcDbVertex
100
AcDb2dVertex
 10
-3.148123994182299
 20
3.388723888333232
 30
0.0
  0
VERTEX
  5
D4
330
79
100
AcDbEntity
  8
outside1_T
100
AcDbVertex
100
AcDb2dVertex
 10
-3.590336849162952
 20
3.397118597693137
 30
0.0
  0
VERTEX
  5
D5
330
79
100
AcDbEntity
  8
outside1_T
100
AcDbVertex
100
AcDb2dVertex
 10
-4.032563880484815
 20
3.405414166832429
 30
0.0
  0
VERTEX
  5
D6
330
79
100
AcDbEntity
  8
outside1_T
100
AcDbVertex
100
AcDb2dVertex
 10
-4.474682333769863
 20
3.413709701570752
 30
0.0
  0
VERTEX
  5
D7
330
79
100
AcDbEntity
  8
outside1_T
100
AcDbVertex
100
AcDb2dVertex
 10
-4.9167105340901
 20
3.421906139893863
 30
0.0
  0
VERTEX
  5
D8
330
79
100
AcDbEntity
  8
outside1_T
100
AcDbVertex
100
AcDb2dVertex
 10
-5.800322809575903
 20
3.438298415537773
 30
0.0
  0
VERTEX
  5
D9
330
79
100
AcDbEntity
  8
outside1_T
100
AcDbVertex
100
AcDb2dVertex
 10
-6.68334145656496
 20
3.454485133789092
 30
0.0
  0
VERTEX
  5
DA
330
79
100
AcDbEntity
  8
outside1_T
100
AcDbVertex
100
AcDb2dVertex
 10
-7.565871349010479
 20
3.470572719733468
 30
0.0
  0
VERTEX
  5
DB
330
79
100
AcDbEntity
  8
outside1_T
100
AcDbVertex
100
AcDb2dVertex
 10
-8.447913684749722
 20
3.486462352073971
 30
0.0
  0
VERTEX
  5
DC
330
79
100
AcDbEntity
  8
outside1_T
100
AcDbVertex
100
AcDb2dVertex
 10
-9.329544577466152
 20
3.502153478900539
 30
0.0
  0
VERTEX
  5
DD
330
79
100
AcDbEntity
  8
outside1_T
100
AcDbVertex
100
AcDb2dVertex
 10
-10.2107639615661
 20
3.51774522176683
 30
0.0
  0
VERTEX
  5
DE
330
79
100
AcDbEntity
  8
outside1_T
100
AcDbVertex
100
AcDb2dVertex
 10
-11.09171083453958
 20
3.533238419325087
 30
0.0
  0
VERTEX
  5
DF
330
79
100
AcDbEntity
  8
outside1_T
100
AcDbVertex
100
AcDb2dVertex
 10
-11.97244496648096
 20
3.548426382609435
 30
0.0
  0
VERTEX
  5
E0
330
79
100
AcDbEntity
  8
outside1_T
100
AcDbVertex
100
AcDb2dVertex
 10
-12.85287136110543
 20
3.563614298319052
 30
0.0
  0
VERTEX
  5
E1
330
79
100
AcDbEntity
  8
outside1_T
100
AcDbVertex
100
AcDb2dVertex
 10
-13.73311628573725
 20
3.57850514387556
 30
0.0
  0
VERTEX
  5
E2
330
79
100
AcDbEntity
  8
outside1_T
100
AcDbVertex
100
AcDb2dVertex
 10
-14.6132548520971
 20
3.593296619833993
 30
0.0
  0
VERTEX
  5
E3
330
79
100
AcDbEntity
  8
outside1_T
100
AcDbVertex
100
AcDb2dVertex
 10
-15.49339472719231
 20
3.607890134057982
 30
0.0
  0
VERTEX
  5
E4
330
79
100
AcDbEntity
  8
outside1_T
100
AcDbVertex
100
AcDb2dVertex
 10
-16.37342778906651
 20
3.622277533234524
 30
0.0
  0
VERTEX
  5
E5
330
79
100
AcDbEntity
  8
outside1_T
100
AcDbVertex
100
AcDb2dVertex
 10
-17.25346016936493
 20
3.636565803067668
 30
0.0
  0
VERTEX
  5
E6
330
79
100
AcDbEntity
  8
outside1_T
100
AcDbVertex
100
AcDb2dVertex
 10
-18.13361487541198
 20
3.650656085967057
 30
0.0
  0
VERTEX
  5
E7
330
79
100
AcDbEntity
  8
outside1_T
100
AcDbVertex
100
AcDb2dVertex
 10
-19.01385656279086
 20
3.664548057715422
 30
0.0
  0
VERTEX
  5
E8
330
79
100
AcDbEntity
  8
outside1_T
100
AcDbVertex
100
AcDb2dVertex
 10
-20.33451589187922
 20
3.685134276848842
 30
0.0
  0
VERTEX
  5
E9
330
79
100
AcDbEntity
  8
outside1_T
100
AcDbVertex
100
AcDb2dVertex
 10
-21.65537907364006
 20
3.705224987223829
 30
0.0
  0
VERTEX
  5
EA
330
79
100
AcDbEntity
  8
outside1_T
100
AcDbVertex
100
AcDb2dVertex
 10
-22.97663867286934
 20
3.725010714386372
 30
0.0
  0
VERTEX
  5
EB
330
79
100
AcDbEntity
  8
outside1_T
100
AcDbVertex
100
AcDb2dVertex
 10
-24.29810639936642
 20
3.744300989652587
 30
0.0
  0
VERTEX
  5
EC
330
79
100
AcDbEntity
  8
outside1_T
100
AcDbVertex
100
AcDb2dVertex
 10
-25.61976224553274
 20
3.763187015722167
 30
0.0
  0
VERTEX
  5
ED
330
79
100
AcDbEntity
  8
outside1_T
100
AcDbVertex
100
AcDb2dVertex
 10
-26.94172289811064
 20
3.781676562402339
 30
0.0
  0
VERTEX
  5
EE
330
79
100
AcDbEntity
  8
outside1_T
100
AcDbVertex
100
AcDb2dVertex
 10
-28.26380046441142
 20
3.799762146771442
 30
0.0
  0
VERTEX
  5
EF
330
79
100
AcDbEntity
  8
outside1_T
100
AcDbVertex
100
AcDb2dVertex
 10
-29.58616693996811
 20
3.817352120243243
 30
0.0
  0
VERTEX
  5
F0
330
79
100
AcDbEntity
  8
outside1_T
100
AcDbVertex
100
AcDb2dVertex
 10
-30.9086407856251
 20
3.834545622168648
 30
0.0
  0
VERTEX
  5
F1
330
79
100
AcDbEntity
  8
outside1_T
100
AcDbVertex
100
AcDb2dVertex
 10
-32.2313136086521
 20
3.851235908952873
 30
0.0
  0
VERTEX
  5
F2
330
79
100
AcDbEntity
  8
outside1_T
100
AcDbVertex
100
AcDb2dVertex
 10
-33.554076997197
 20
3.867522079582955
 30
0.0
  0
VERTEX
  5
F3
330
79
100
AcDbEntity
  8
outside1_T
100
AcDbVertex
100
AcDb2dVertex
 10
-34.87695746323521
 20
3.883312773791403
 30
0.0
  0
VERTEX
  5
F4
330
79
100
AcDbEntity
  8
outside1_T
100
AcDbVertex
100
AcDb2dVertex
 10
-36.20002578924442
 20
3.898600119743307
 30
0.0
  0
VERTEX
  5
F5
330
79
100
AcDbEntity
  8
outside1_T
100
AcDbVertex
100
AcDb2dVertex
 10
-37.52309320557725
 20
3.913490975661716
 30
0.0
  0
VERTEX
  5
F6
330
79
100
AcDbEntity
  8
outside1_T
100
AcDbVertex
100
AcDb2dVertex
 10
-38.84627846570589
 20
3.927886352929903
 30
0.0
  0
VERTEX
  5
F7
330
79
100
AcDbEntity
  8
outside1_T
100
AcDbVertex
100
AcDb2dVertex
 10
-40.16955577947766
 20
3.941778507821198
 30
0.0
  0
VERTEX
  5
F8
330
79
100
AcDbEntity
  8
outside1_T
100
AcDbVertex
100
AcDb2dVertex
 10
-41.49274081198138
 20
3.955167426324579
 30
0.0
  0
VERTEX
  5
F9
330
79
100
AcDbEntity
  8
outside1_T
100
AcDbVertex
100
AcDb2dVertex
 10
-42.81601743002176
 20
3.968060742224736
 30
0.0
  0
VERTEX
  5
FA
330
79
100
AcDbEntity
  8
outside1_T
100
AcDbVertex
100
AcDb2dVertex
 10
-44.13929396785107
 20
3.980450829195632
 30
0.0
  0
VERTEX
  5
FB
330
79
100
AcDbEntity
  8
outside1_T
100
AcDbVertex
100
AcDb2dVertex
 10
-45.46260103246442
 20
3.992345450009893
 30
0.0
  0
VERTEX
  5
FC
330
79
100
AcDbEntity
  8
outside1_T
100
AcDbVertex
100
AcDb2dVertex
 10
-47.22692109070368
 20
4.007335697097105
 30
0.0
  0
VERTEX
  5
FD
330
79
100
AcDbEntity
  8
outside1_T
100
AcDbVertex
100
AcDb2dVertex
 10
-49.87316860089578
 20
4.028120420212531
 30
0.0
  0
VERTEX
  5
FE
330
79
100
AcDbEntity
  8
outside1_T
100
AcDbVertex
100
AcDb2dVertex
 10
-52.51934089755565
 20
4.046915340602766
 30
0.0
  0
VERTEX
  5
FF
330
79
100
AcDbEntity
  8
outside1_T
100
AcDbVertex
100
AcDb2dVertex
 10
-55.16542680869026
 20
4.063400004445185
 30
0.0
  0
VERTEX
  5
100
330
79
100
AcDbEntity
  8
outside1_T
100
AcDbVertex
100
AcDb2dVertex
 10
-57.81128867559238
 20
4.077795435164319
 30
0.0
  0
VERTEX
  5
101
330
79
100
AcDbEntity
  8
outside1_T
100
AcDbVertex
100
AcDb2dVertex
 10
-60.4571764607611
 20
4.090086498665187
 30
0.0
  0
VERTEX
  5
102
330
79
100
AcDbEntity
  8
outside1_T
100
AcDbVertex
100
AcDb2dVertex
 10
-63.10296262507296
 20
4.100082538035267
 30
0.0
  0
VERTEX
  5
103
330
79
100
AcDbEntity
  8
outside1_T
100
AcDbVertex
100
AcDb2dVertex
 10
-65.74874370318258
 20
4.10787501141229
 30
0.0
  0
VERTEX
  5
104
330
79
100
AcDbEntity
  8
outside1_T
100
AcDbVertex
100
AcDb2dVertex
 10
-68.39453501035683
 20
4.113471584379056
 30
0.0
  0
VERTEX
  5
105
330
79
100
AcDbEntity
  8
outside1_T
100
AcDbVertex
100
AcDb2dVertex
 10
-71.0403263164556
 20
4.116666358319264
 30
0.0
  0
VERTEX
  5
106
330
79
100
AcDbEntity
  8
outside1_T
100
AcDbVertex
100
AcDb2dVertex
 10
-73.6859912581711
 20
4.117665194316587
 30
0.0
  0
VERTEX
  5
107
330
79
100
AcDbEntity
  8
outside1_T
100
AcDbVertex
100
AcDb2dVertex
 10
-74.71197585753549
 20
4.1172687021038
 30
0.0
  0
SEQEND
  5
108
330
79
100
AcDbEntity
  8
outside1_T
  0
POLYLINE
  5
109
330
1F
100
AcDbEntity
  8
outside1_T
100
AcDb2dPolyline
 66
     1
 10
0.0
 20
0.0
 30
0.0
  0
VERTEX
  5
10A
330
109
100
AcDbEntity
  8
outside1_T
100
AcDbVertex
100
AcDb2dVertex
 10
-293.9765992325736
 20
0.9804573292976642
 30
0.0
  0
VERTEX
  5
10B
330
109
100
AcDbEntity
  8
outside1_T
100
AcDbVertex
100
AcDb2dVertex
 10
-293.988922769344
 20
0.9804573292976642
 30
0.0
  0
VERTEX
  5
10C
330
109
100
AcDbEntity
  8
outside1_T
100
AcDbVertex
100
AcDb2dVertex
 10
-297.9397354470835
 20
0.9823556149240886
 30
0.0
  0
VERTEX
  5
10D
330
109
100
AcDbEntity
  8
outside1_T
100
AcDbVertex
100
AcDb2dVertex
 10
-300.5838177515854
 20
0.9867542491467844
 30
0.0
  0
VERTEX
  5
10E
330
109
100
AcDbEntity
  8
outside1_T
100
AcDbVertex
100
AcDb2dVertex
 10
-303.2280370756558
 20
0.9933484833976536
 30
0.0
  0
VERTEX
  5
10F
330
109
100
AcDbEntity
  8
outside1_T
100
AcDbVertex
100
AcDb2dVertex
 10
-305.872162041187
 20
1.00233647892982
 30
0.0
  0
VERTEX
  5
110
330
109
100
AcDbEntity
  8
outside1_T
100
AcDbVertex
100
AcDb2dVertex
 10
-308.5164950689557
 20
1.013428575817699
 30
0.0
  0
VERTEX
  5
111
330
109
100
AcDbEntity
  8
outside1_T
100
AcDbVertex
100
AcDb2dVertex
 10
-311.160724708549
 20
1.026723823676903
 30
0.0
  0
VERTEX
  5
112
330
109
100
AcDbEntity
  8
outside1_T
100
AcDbVertex
100
AcDb2dVertex
 10
-313.8052568394447
 20
1.042207023947441
 30
0.0
  0
VERTEX
  5
113
330
109
100
AcDbEntity
  8
outside1_T
100
AcDbVertex
100
AcDb2dVertex
 10
-316.449788579665
 20
1.059794290194247
 30
0.0
  0
VERTEX
  5
114
330
109
100
AcDbEntity
  8
outside1_T
100
AcDbVertex
100
AcDb2dVertex
 10
-319.0945186033294
 20
1.079577106487903
 30
0.0
  0
VERTEX
  5
115
330
109
100
AcDbEntity
  8
outside1_T
100
AcDbVertex
100
AcDb2dVertex
 10
-321.7393919293682
 20
1.101464293768103
 30
0.0
  0
VERTEX
  5
116
330
109
100
AcDbEntity
  8
outside1_T
100
AcDbVertex
100
AcDb2dVertex
 10
-323.0618346317503
 20
1.113150865527132
 30
0.0
  0
VERTEX
  5
117
330
109
100
AcDbEntity
  8
outside1_T
100
AcDbVertex
100
AcDb2dVertex
 10
-324.3844088242327
 20
1.12534080560205
 30
0.0
  0
VERTEX
  5
118
330
109
100
AcDbEntity
  8
outside1_T
100
AcDbVertex
100
AcDb2dVertex
 10
-325.7069734802218
 20
1.138033803649293
 30
0.0
  0
VERTEX
  5
119
330
109
100
AcDbEntity
  8
outside1_T
100
AcDbVertex
100
AcDb2dVertex
 10
-327.0295482584737
 20
1.151321530329056
 30
0.0
  0
VERTEX
  5
11A
330
109
100
AcDbEntity
  8
outside1_T
100
AcDbVertex
100
AcDb2dVertex
 10
-328.352034147938
 20
1.165013407252857
 30
0.0
  0
VERTEX
  5
11B
330
109
100
AcDbEntity
  8
outside1_T
100
AcDbVertex
100
AcDb2dVertex
 10
-329.6745099137271
 20
1.179200705638394
 30
0.0
  0
VERTEX
  5
11C
330
109
100
AcDbEntity
  8
outside1_T
100
AcDbVertex
100
AcDb2dVertex
 10
-330.9969854368485
 20
1.193891151082994
 30
0.0
  0
VERTEX
  5
11D
330
109
100
AcDbEntity
  8
outside1_T
100
AcDbVertex
100
AcDb2dVertex
 10
-332.3192653411568
 20
1.20907724002879
 30
0.0
  0
VERTEX
  5
11E
330
109
100
AcDbEntity
  8
outside1_T
100
AcDbVertex
100
AcDb2dVertex
 10
-333.6415427435975
 20
1.224667257140496
 30
0.0
  0
VERTEX
  5
11F
330
109
100
AcDbEntity
  8
outside1_T
100
AcDbVertex
100
AcDb2dVertex
 10
-334.9637233719173
 20
1.24085202756568
 30
0.0
  0
VERTEX
  5
120
330
109
100
AcDbEntity
  8
outside1_T
100
AcDbVertex
100
AcDb2dVertex
 10
-336.2857160055508
 20
1.257341866941886
 30
0.0
  0
VERTEX
  5
121
330
109
100
AcDbEntity
  8
outside1_T
100
AcDbVertex
100
AcDb2dVertex
 10
-337.6075967912605
 20
1.274326978424043
 30
0.0
  0
VERTEX
  5
122
330
109
100
AcDbEntity
  8
outside1_T
100
AcDbVertex
100
AcDb2dVertex
 10
-338.9293808993555
 20
1.291815372513241
 30
0.0
  0
VERTEX
  5
123
330
109
100
AcDbEntity
  8
outside1_T
100
AcDbVertex
100
AcDb2dVertex
 10
-340.2509588760202
 20
1.309700186526428
 30
0.0
  0
VERTEX
  5
124
330
109
100
AcDbEntity
  8
outside1_T
100
AcDbVertex
100
AcDb2dVertex
 10
-341.572257490801
 20
1.328088297668728
 30
0.0
  0
VERTEX
  5
125
330
109
100
AcDbEntity
  8
outside1_T
100
AcDbVertex
100
AcDb2dVertex
 10
-342.8934493242819
 20
1.346773728295219
 30
0.0
  0
VERTEX
  5
126
330
109
100
AcDbEntity
  8
outside1_T
100
AcDbVertex
100
AcDb2dVertex
 10
-344.2143334243976
 20
1.365962164900566
 30
0.0
  0
VERTEX
  5
127
330
109
100
AcDbEntity
  8
outside1_T
100
AcDbVertex
100
AcDb2dVertex
 10
-345.5350304440574
 20
1.38554719037711
 30
0.0
  0
VERTEX
  5
128
330
109
100
AcDbEntity
  8
outside1_T
100
AcDbVertex
100
AcDb2dVertex
 10
-346.8555178535167
 20
1.405528470543587
 30
0.0
  0
VERTEX
  5
129
330
109
100
AcDbEntity
  8
outside1_T
100
AcDbVertex
100
AcDb2dVertex
 10
-348.1756114010405
 20
1.426013061943365
 30
0.0
  0
VERTEX
  5
12A
330
109
100
AcDbEntity
  8
outside1_T
100
AcDbVertex
100
AcDb2dVertex
 10
-349.4955226180302
 20
1.446795223504225
 30
0.0
  0
VERTEX
  5
12B
330
109
100
AcDbEntity
  8
outside1_T
100
AcDbVertex
100
AcDb2dVertex
 10
-350.3752571041643
 20
1.460883660974972
 30
0.0
  0
VERTEX
  5
12C
330
109
100
AcDbEntity
  8
outside1_T
100
AcDbVertex
100
AcDb2dVertex
 10
-351.2549831314241
 20
1.475078692542425
 30
0.0
  0
VERTEX
  5
12D
330
109
100
AcDbEntity
  8
outside1_T
100
AcDbVertex
100
AcDb2dVertex
 10
-352.134602694734
 20
1.489563423005478
 30
0.0
  0
VERTEX
  5
12E
330
109
100
AcDbEntity
  8
outside1_T
100
AcDbVertex
100
AcDb2dVertex
 10
-353.0143437155
 20
1.504155127343125
 30
0.0
  0
VERTEX
  5
12F
330
109
100
AcDbEntity
  8
outside1_T
100
AcDbVertex
100
AcDb2dVertex
 10
-353.894185021131
 20
1.518945066887909
 30
0.0
  0
VERTEX
  5
130
330
109
100
AcDbEntity
  8
outside1_T
100
AcDbVertex
100
AcDb2dVertex
 10
-354.7741254522153
 20
1.533834114572983
 30
0.0
  0
VERTEX
  5
131
330
109
100
AcDbEntity
  8
outside1_T
100
AcDbVertex
100
AcDb2dVertex
 10
-355.6541501955064
 20
1.548921124292505
 30
0.0
  0
VERTEX
  5
132
330
109
100
AcDbEntity
  8
outside1_T
100
AcDbVertex
100
AcDb2dVertex
 10
-356.5344946162282
 20
1.564206602218889
 30
0.0
  0
VERTEX
  5
133
330
109
100
AcDbEntity
  8
outside1_T
100
AcDbVertex
100
AcDb2dVertex
 10
-357.4151299899956
 20
1.579598833566322
 30
0.0
  0
VERTEX
  5
134
330
109
100
AcDbEntity
  8
outside1_T
100
AcDbVertex
100
AcDb2dVertex
 10
-358.2960782285833
 20
1.595181662370805
 30
0.0
  0
VERTEX
  5
135
330
109
100
AcDbEntity
  8
outside1_T
100
AcDbVertex
100
AcDb2dVertex
 10
-359.1774068062226
 20
1.610871207825824
 30
0.0
  0
VERTEX
  5
136
330
109
100
AcDbEntity
  8
outside1_T
100
AcDbVertex
100
AcDb2dVertex
 10
-360.0591318752063
 20
1.626758695451073
 30
0.0
  0
VERTEX
  5
137
330
109
100
AcDbEntity
  8
outside1_T
100
AcDbVertex
100
AcDb2dVertex
 10
-360.9412856751247
 20
1.642852330265328
 30
0.0
  0
VERTEX
  5
138
330
109
100
AcDbEntity
  8
outside1_T
100
AcDbVertex
100
AcDb2dVertex
 10
-361.8240192220397
 20
1.659037455840533
 30
0.0
  0
VERTEX
  5
139
330
109
100
AcDbEntity
  8
outside1_T
100
AcDbVertex
100
AcDb2dVertex
 10
-362.7072684637298
 20
1.675428653983317
 30
0.0
  0
VERTEX
  5
13A
330
109
100
AcDbEntity
  8
outside1_T
100
AcDbVertex
100
AcDb2dVertex
 10
-363.1491351194961
 20
1.683616452368625
 30
0.0
  0
VERTEX
  5
13B
330
109
100
AcDbEntity
  8
outside1_T
100
AcDbVertex
100
AcDb2dVertex
 10
-363.5911009217178
 20
1.691910839383794
 30
0.0
  0
VERTEX
  5
13C
330
109
100
AcDbEntity
  8
outside1_T
100
AcDbVertex
100
AcDb2dVertex
 10
-364.0331610219365
 20
1.700205279234055
 30
0.0
  0
VERTEX
  5
13D
330
109
100
AcDbEntity
  8
outside1_T
100
AcDbVertex
100
AcDb2dVertex
 10
-364.4752200625308
 20
1.708598805321273
 30
0.0
  0
VERTEX
  5
13E
330
109
100
AcDbEntity
  8
outside1_T
100
AcDbVertex
100
AcDb2dVertex
 10
-364.9173096889496
 20
1.716992912152023
 30
0.0
  0
VERTEX
  5
13F
330
109
100
AcDbEntity
  8
outside1_T
100
AcDbVertex
100
AcDb2dVertex
 10
-365.3591987654084
 20
1.725386974846202
 30
0.0
  0
VERTEX
  5
140
330
109
100
AcDbEntity
  8
outside1_T
100
AcDbVertex
100
AcDb2dVertex
 10
-365.8010583898611
 20
1.733780478064332
 30
0.0
  0
VERTEX
  5
141
330
109
100
AcDbEntity
  8
outside1_T
100
AcDbVertex
100
AcDb2dVertex
 10
-366.2427197884902
 20
1.7422730868618
 30
0.0
  0
VERTEX
  5
142
330
109
100
AcDbEntity
  8
outside1_T
100
AcDbVertex
100
AcDb2dVertex
 10
-366.6841198045723
 20
1.750766240433265
 30
0.0
  0
VERTEX
  5
143
330
109
100
AcDbEntity
  8
outside1_T
100
AcDbVertex
100
AcDb2dVertex
 10
-367.125100114989
 20
1.759259239782367
 30
0.0
  0
VERTEX
  5
144
330
109
100
AcDbEntity
  8
outside1_T
100
AcDbVertex
100
AcDb2dVertex
 10
-367.5653507607495
 20
1.767759317185366
 30
0.0
  0
VERTEX
  5
145
330
109
100
AcDbEntity
  8
outside1_T
100
AcDbVertex
100
AcDb2dVertex
 10
-368.0048385704536
 20
1.77635146167998
 30
0.0
  0
VERTEX
  5
146
330
109
100
AcDbEntity
  8
outside1_T
100
AcDbVertex
100
AcDb2dVertex
 10
-368.4431167064759
 20
1.78484439661473
 30
0.0
  0
VERTEX
  5
147
330
109
100
AcDbEntity
  8
outside1_T
100
AcDbVertex
100
AcDb2dVertex
 10
-368.8801885600098
 20
1.793436407410695
 30
0.0
  0
VERTEX
  5
148
330
109
100
AcDbEntity
  8
outside1_T
100
AcDbVertex
100
AcDb2dVertex
 10
-369.3157627775442
 20
1.801929243171074
 30
0.0
  0
VERTEX
  5
149
330
109
100
AcDbEntity
  8
outside1_T
100
AcDbVertex
100
AcDb2dVertex
 10
-369.749640245165
 20
1.810521102638475
 30
0.0
  0
VERTEX
  5
14A
330
109
100
AcDbEntity
  8
outside1_T
100
AcDbVertex
100
AcDb2dVertex
 10
-370.1817599682894
 20
1.819022293464982
 30
0.0
  0
VERTEX
  5
14B
330
109
100
AcDbEntity
  8
outside1_T
100
AcDbVertex
100
AcDb2dVertex
 10
-370.6127061249318
 20
1.827514669671586
 30
0.0
  0
VERTEX
  5
14C
330
109
100
AcDbEntity
  8
outside1_T
100
AcDbVertex
100
AcDb2dVertex
 10
-371.043280114549
 20
1.836106328423327
 30
0.0
  0
VERTEX
  5
14D
330
109
100
AcDbEntity
  8
outside1_T
100
AcDbVertex
100
AcDb2dVertex
 10
-371.4741875973945
 20
1.844698860617584
 30
0.0
  0
VERTEX
  5
14E
330
109
100
AcDbEntity
  8
outside1_T
100
AcDbVertex
100
AcDb2dVertex
 10
-371.906074809907
 20
1.853290862179833
 30
0.0
  0
VERTEX
  5
14F
330
109
100
AcDbEntity
  8
outside1_T
100
AcDbVertex
100
AcDb2dVertex
 10
-372.3396346304674
 20
1.8619891980087
 30
0.0
  0
VERTEX
  5
150
330
109
100
AcDbEntity
  8
outside1_T
100
AcDbVertex
100
AcDb2dVertex
 10
-372.7755982985876
 20
1.870779218456761
 30
0.0
  0
VERTEX
  5
151
330
109
100
AcDbEntity
  8
outside1_T
100
AcDbVertex
100
AcDb2dVertex
 10
-373.2147776765308
 20
1.879676248871291
 30
0.0
  0
VERTEX
  5
152
330
109
100
AcDbEntity
  8
outside1_T
100
AcDbVertex
100
AcDb2dVertex
 10
-373.6577337705577
 20
1.888664360592259
 30
0.0
  0
VERTEX
  5
153
330
109
100
AcDbEntity
  8
outside1_T
100
AcDbVertex
100
AcDb2dVertex
 10
-375.0198438073093
 20
1.916544831220932
 30
0.0
  0
VERTEX
  5
154
330
109
100
AcDbEntity
  8
outside1_T
100
AcDbVertex
100
AcDb2dVertex
 10
-375.4865151582285
 20
1.926143263404285
 30
0.0
  0
VERTEX
  5
155
330
109
100
AcDbEntity
  8
outside1_T
100
AcDbVertex
100
AcDb2dVertex
 10
-375.9572636872932
 20
1.935832992343578
 30
0.0
  0
VERTEX
  5
156
330
109
100
AcDbEntity
  8
outside1_T
100
AcDbVertex
100
AcDb2dVertex
 10
-376.429674653479
 20
1.945621207295687
 30
0.0
  0
VERTEX
  5
157
330
109
100
AcDbEntity
  8
outside1_T
100
AcDbVertex
100
AcDb2dVertex
 10
-376.9015540832582
 20
1.95551747013829
 30
0.0
  0
VERTEX
  5
158
330
109
100
AcDbEntity
  8
outside1_T
100
AcDbVertex
100
AcDb2dVertex
 10
-377.3709130882966
 20
1.965207472337681
 30
0.0
  0
VERTEX
  5
159
330
109
100
AcDbEntity
  8
outside1_T
100
AcDbVertex
100
AcDb2dVertex
 10
-377.8364738838011
 20
1.975003857060003
 30
0.0
  0
VERTEX
  5
15A
330
109
100
AcDbEntity
  8
outside1_T
100
AcDbVertex
100
AcDb2dVertex
 10
-378.2967709034486
 20
1.984595284389172
 30
0.0
  0
VERTEX
  5
15B
330
109
100
AcDbEntity
  8
outside1_T
100
AcDbVertex
100
AcDb2dVertex
 10
-378.7504476476659
 20
1.994087227160492
 30
0.0
  0
VERTEX
  5
15C
330
109
100
AcDbEntity
  8
outside1_T
100
AcDbVertex
100
AcDb2dVertex
 10
-379.196207284842
 20
2.003380557034234
 30
0.0
  0
VERTEX
  5
15D
330
109
100
AcDbEntity
  8
outside1_T
100
AcDbVertex
100
AcDb2dVertex
 10
-379.6326022310581
 20
2.012575041750111
 30
0.0
  0
VERTEX
  5
15E
330
109
100
AcDbEntity
  8
outside1_T
100
AcDbVertex
100
AcDb2dVertex
 10
-380.0583097590019
 20
2.021472539513383
 30
0.0
  0
VERTEX
  5
15F
330
109
100
AcDbEntity
  8
outside1_T
100
AcDbVertex
100
AcDb2dVertex
 10
-380.4721971711605
 20
2.030163489041129
 30
0.0
  0
VERTEX
  5
160
330
109
100
AcDbEntity
  8
outside1_T
100
AcDbVertex
100
AcDb2dVertex
 10
-380.8752188444684
 20
2.038656662664238
 30
0.0
  0
VERTEX
  5
161
330
109
100
AcDbEntity
  8
outside1_T
100
AcDbVertex
100
AcDb2dVertex
 10
-381.2699462858616
 20
2.046951626473032
 30
0.0
  0
VERTEX
  5
162
330
109
100
AcDbEntity
  8
outside1_T
100
AcDbVertex
100
AcDb2dVertex
 10
-381.6586676832459
 20
2.055147513622202
 30
0.0
  0
VERTEX
  5
163
330
109
100
AcDbEntity
  8
outside1_T
100
AcDbVertex
100
AcDb2dVertex
 10
-382.0439728448192
 20
2.063243633316532
 30
0.0
  0
VERTEX
  5
164
330
109
100
AcDbEntity
  8
outside1_T
100
AcDbVertex
100
AcDb2dVertex
 10
-382.4282138210879
 20
2.07143195048215
 30
0.0
  0
VERTEX
  5
165
330
109
100
AcDbEntity
  8
outside1_T
100
AcDbVertex
100
AcDb2dVertex
 10
-382.8139339385602
 20
2.07952877932378
 30
0.0
  0
VERTEX
  5
166
330
109
100
AcDbEntity
  8
outside1_T
100
AcDbVertex
100
AcDb2dVertex
 10
-383.2035064361806
 20
2.0878224215069
 30
0.0
  0
VERTEX
  5
167
330
109
100
AcDbEntity
  8
outside1_T
100
AcDbVertex
100
AcDb2dVertex
 10
-383.5993274619616
 20
2.096315518751013
 30
0.0
  0
VERTEX
  5
168
330
109
100
AcDbEntity
  8
outside1_T
100
AcDbVertex
100
AcDb2dVertex
 10
-384.00213979964
 20
2.104907893066112
 30
0.0
  0
VERTEX
  5
169
330
109
100
AcDbEntity
  8
outside1_T
100
AcDbVertex
100
AcDb2dVertex
 10
-384.4124308684633
 20
2.113705616753762
 30
0.0
  0
VERTEX
  5
16A
330
109
100
AcDbEntity
  8
outside1_T
100
AcDbVertex
100
AcDb2dVertex
 10
-384.8307348828449
 20
2.122694106091018
 30
0.0
  0
VERTEX
  5
16B
330
109
100
AcDbEntity
  8
outside1_T
100
AcDbVertex
100
AcDb2dVertex
 10
-385.2575230474962
 20
2.13188857780537
 30
0.0
  0
VERTEX
  5
16C
330
109
100
AcDbEntity
  8
outside1_T
100
AcDbVertex
100
AcDb2dVertex
 10
-385.6931882983085
 20
2.141280675353386
 30
0.0
  0
VERTEX
  5
16D
330
109
100
AcDbEntity
  8
outside1_T
100
AcDbVertex
100
AcDb2dVertex
 10
-386.1382578072624
 20
2.150977976062336
 30
0.0
  0
VERTEX
  5
16E
330
109
100
AcDbEntity
  8
outside1_T
100
AcDbVertex
100
AcDb2dVertex
 10
-386.5932395211958
 20
2.160866562478503
 30
0.0
  0
SEQEND
  5
16F
330
109
100
AcDbEntity
  8
outside1_T
  0
POLYLINE
  5
170
330
1F
100
AcDbEntity
  8
outside1_T
100
AcDb2dPolyline
 66
     1
 10
0.0
 20
0.0
 30
0.0
  0
VERTEX
  5
171
330
170
100
AcDbEntity
  8
outside1_T
100
AcDbVertex
100
AcDb2dVertex
 10
-73.68610144228302
 20
0.1970207770680759
 30
0.0
  0
VERTEX
  5
172
330
170
100
AcDbEntity
  8
outside1_T
100
AcDbVertex
100
AcDb2dVertex
 10
-75.89087578294044
 20
0.1979204608970804
 30
0.0
  0
VERTEX
  5
173
330
170
100
AcDbEntity
  8
outside1_T
100
AcDbVertex
100
AcDb2dVertex
 10
-78.09583413991055
 20
0.2005205037754081
 30
0.0
  0
VERTEX
  5
174
330
170
100
AcDbEntity
  8
outside1_T
100
AcDbVertex
100
AcDb2dVertex
 10
-80.30068009970233
 20
0.2046149889585536
 30
0.0
  0
VERTEX
  5
175
330
170
100
AcDbEntity
  8
outside1_T
100
AcDbVertex
100
AcDb2dVertex
 10
-82.50554080780677
 20
0.2103182929079708
 30
0.0
  0
VERTEX
  5
176
330
170
100
AcDbEntity
  8
outside1_T
100
AcDbVertex
100
AcDb2dVertex
 10
-84.71049302762077
 20
0.217508420796392
 30
0.0
  0
VERTEX
  5
177
330
170
100
AcDbEntity
  8
outside1_T
100
AcDbVertex
100
AcDb2dVertex
 10
-86.91533282880783
 20
0.2263073457559841
 30
0.0
  0
VERTEX
  5
178
330
170
100
AcDbEntity
  8
outside1_T
100
AcDbVertex
100
AcDb2dVertex
 10
-89.12029368282157
 20
0.2365015898128178
 30
0.0
  0
VERTEX
  5
179
330
170
100
AcDbEntity
  8
outside1_T
100
AcDbVertex
100
AcDb2dVertex
 10
-91.32513305110461
 20
0.2482894020456428
 30
0.0
  0
VERTEX
  5
17A
330
170
100
AcDbEntity
  8
outside1_T
100
AcDbVertex
100
AcDb2dVertex
 10
-93.52996984869111
 20
0.2614800555661247
 30
0.0
  0
VERTEX
  5
17B
330
170
100
AcDbEntity
  8
outside1_T
100
AcDbVertex
100
AcDb2dVertex
 10
-95.2937818179999
 20
0.2730772595592441
 30
0.0
  0
VERTEX
  5
17C
330
170
100
AcDbEntity
  8
outside1_T
100
AcDbVertex
100
AcDb2dVertex
 10
-97.05759838780745
 20
0.2855664807642029
 30
0.0
  0
VERTEX
  5
17D
330
170
100
AcDbEntity
  8
outside1_T
100
AcDbVertex
100
AcDb2dVertex
 10
-98.82140744421048
 20
0.2989630973091124
 30
0.0
  0
VERTEX
  5
17E
330
170
100
AcDbEntity
  8
outside1_T
100
AcDbVertex
100
AcDb2dVertex
 10
-100.5851166785677
 20
0.3133508583166957
 30
0.0
  0
VERTEX
  5
17F
330
170
100
AcDbEntity
  8
outside1_T
100
AcDbVertex
100
AcDb2dVertex
 10
-102.3489186160356
 20
0.3285391548961769
 30
0.0
  0
VERTEX
  5
180
330
170
100
AcDbEntity
  8
outside1_T
100
AcDbVertex
100
AcDb2dVertex
 10
-104.1125294021635
 20
0.3446348491565914
 30
0.0
  0
VERTEX
  5
181
330
170
100
AcDbEntity
  8
outside1_T
100
AcDbVertex
100
AcDb2dVertex
 10
-105.8762309863379
 20
0.3616225505241744
 30
0.0
  0
VERTEX
  5
182
330
170
100
AcDbEntity
  8
outside1_T
100
AcDbVertex
100
AcDb2dVertex
 10
-107.6398265708406
 20
0.379410846771691
 30
0.0
  0
VERTEX
  5
183
330
170
100
AcDbEntity
  8
outside1_T
100
AcDbVertex
100
AcDb2dVertex
 10
-109.4033305881515
 20
0.3980988503448231
 30
0.0
  0
VERTEX
  5
184
330
170
100
AcDbEntity
  8
outside1_T
100
AcDbVertex
100
AcDb2dVertex
 10
-111.1668345387509
 20
0.4175874408490756
 30
0.0
  0
VERTEX
  5
185
330
170
100
AcDbEntity
  8
outside1_T
100
AcDbVertex
100
AcDb2dVertex
 10
-112.9303303584388
 20
0.4379757335125731
 30
0.0
  0
VERTEX
  5
186
330
170
100
AcDbEntity
  8
outside1_T
100
AcDbVertex
100
AcDb2dVertex
 10
-114.6937200349318
 20
0.4591568130029628
 30
0.0
  0
VERTEX
  5
187
330
170
100
AcDbEntity
  8
outside1_T
100
AcDbVertex
100
AcDb2dVertex
 10
-116.4570183286762
 20
0.4810471690103668
 30
0.0
  0
VERTEX
  5
188
330
170
100
AcDbEntity
  8
outside1_T
100
AcDbVertex
100
AcDb2dVertex
 10
-118.2202250427477
 20
0.5039287277881783
 30
0.0
  0
VERTEX
  5
189
330
170
100
AcDbEntity
  8
outside1_T
100
AcDbVertex
100
AcDb2dVertex
 10
-119.9834010284288
 20
0.5275190694084984
 30
0.0
  0
VERTEX
  5
18A
330
170
100
AcDbEntity
  8
outside1_T
100
AcDbVertex
100
AcDb2dVertex
 10
-121.746591976273
 20
0.5518034506793441
 30
0.0
  0
VERTEX
  5
18B
330
170
100
AcDbEntity
  8
outside1_T
100
AcDbVertex
100
AcDb2dVertex
 10
-123.5095852920661
 20
0.5769875445539583
 30
0.0
  0
VERTEX
  5
18C
330
170
100
AcDbEntity
  8
outside1_T
100
AcDbVertex
100
AcDb2dVertex
 10
-125.2725702481358
 20
0.6028729800012087
 30
0.0
  0
VERTEX
  5
18D
330
170
100
AcDbEntity
  8
outside1_T
100
AcDbVertex
100
AcDb2dVertex
 10
-127.035464593671
 20
0.6295515001193195
 30
0.0
  0
VERTEX
  5
18E
330
170
100
AcDbEntity
  8
outside1_T
100
AcDbVertex
100
AcDb2dVertex
 10
-128.798137333586
 20
0.6570378648375907
 30
0.0
  0
VERTEX
  5
18F
330
170
100
AcDbEntity
  8
outside1_T
100
AcDbVertex
100
AcDb2dVertex
 10
-129.6795798938489
 20
0.671028895563353
 30
0.0
  0
VERTEX
  5
190
330
170
100
AcDbEntity
  8
outside1_T
100
AcDbVertex
100
AcDb2dVertex
 10
-130.5609238928335
 20
0.6851191761201676
 30
0.0
  0
VERTEX
  5
191
330
170
100
AcDbEntity
  8
outside1_T
100
AcDbVertex
100
AcDb2dVertex
 10
-131.4421694264273
 20
0.6995068271804001
 30
0.0
  0
VERTEX
  5
192
330
170
100
AcDbEntity
  8
outside1_T
100
AcDbVertex
100
AcDb2dVertex
 10
-132.3235063759038
 20
0.7140009707786845
 30
0.0
  0
VERTEX
  5
193
330
170
100
AcDbEntity
  8
outside1_T
100
AcDbVertex
100
AcDb2dVertex
 10
-133.2047510259022
 20
0.7286935917612709
 30
0.0
  0
VERTEX
  5
194
330
170
100
AcDbEntity
  8
outside1_T
100
AcDbVertex
100
AcDb2dVertex
 10
-134.085995383231
 20
0.7435844476249116
 30
0.0
  0
VERTEX
  5
195
330
170
100
AcDbEntity
  8
outside1_T
100
AcDbVertex
100
AcDb2dVertex
 10
-134.9672320378527
 20
0.7586732808096741
 30
0.0
  0
VERTEX
  5
196
330
170
100
AcDbEntity
  8
outside1_T
100
AcDbVertex
100
AcDb2dVertex
 10
-135.8484460081465
 20
0.7738609725947327
 30
0.0
  0
VERTEX
  5
197
330
170
100
AcDbEntity
  8
outside1_T
100
AcDbVertex
100
AcDb2dVertex
 10
-136.7295927230552
 20
0.7891483336126157
 30
0.0
  0
VERTEX
  5
198
330
170
100
AcDbEntity
  8
outside1_T
100
AcDbVertex
100
AcDb2dVertex
 10
-137.6107238251755
 20
0.8047404031126177
 30
0.0
  0
VERTEX
  5
199
330
170
100
AcDbEntity
  8
outside1_T
100
AcDbVertex
100
AcDb2dVertex
 10
-138.4918613493302
 20
0.8203324513348207
 30
0.0
  0
VERTEX
  5
19A
330
170
100
AcDbEntity
  8
outside1_T
100
AcDbVertex
100
AcDb2dVertex
 10
-139.3730066382748
 20
0.8362221315362746
 30
0.0
  0
VERTEX
  5
19B
330
170
100
AcDbEntity
  8
outside1_T
100
AcDbVertex
100
AcDb2dVertex
 10
-140.2541058638749
 20
0.8522100957825387
 30
0.0
  0
VERTEX
  5
19C
330
170
100
AcDbEntity
  8
outside1_T
100
AcDbVertex
100
AcDb2dVertex
 10
-140.6946256891716
 20
0.8602083181552871
 30
0.0
  0
VERTEX
  5
19D
330
170
100
AcDbEntity
  8
outside1_T
100
AcDbVertex
100
AcDb2dVertex
 10
-141.1351501771488
 20
0.8682979815463057
 30
0.0
  0
VERTEX
  5
19E
330
170
100
AcDbEntity
  8
outside1_T
100
AcDbVertex
100
AcDb2dVertex
 10
-141.5757803845419
 20
0.8763953907673425
 30
0.0
  0
VERTEX
  5
19F
330
170
100
AcDbEntity
  8
outside1_T
100
AcDbVertex
100
AcDb2dVertex
 10
-142.0163002603123
 20
0.8845918541163655
 30
0.0
  0
VERTEX
  5
1A0
330
170
100
AcDbEntity
  8
outside1_T
100
AcDbVertex
100
AcDb2dVertex
 10
-142.4567963671371
 20
0.8927877333561298
 30
0.0
  0
VERTEX
  5
1A1
330
170
100
AcDbEntity
  8
outside1_T
100
AcDbVertex
100
AcDb2dVertex
 10
-142.8973133171855
 20
0.9009765176623716
 30
0.0
  0
VERTEX
  5
1A2
330
170
100
AcDbEntity
  8
outside1_T
100
AcDbVertex
100
AcDb2dVertex
 10
-143.3378425260091
 20
0.9092721332048939
 30
0.0
  0
VERTEX
  5
1A3
330
170
100
AcDbEntity
  8
outside1_T
100
AcDbVertex
100
AcDb2dVertex
 10
-143.7783311855611
 20
0.9175671287323013
 30
0.0
  0
VERTEX
  5
1A4
330
170
100
AcDbEntity
  8
outside1_T
100
AcDbVertex
100
AcDb2dVertex
 10
-144.2188272913243
 20
0.9258621209103239
 30
0.0
  0
VERTEX
  5
1A5
330
170
100
AcDbEntity
  8
outside1_T
100
AcDbVertex
100
AcDb2dVertex
 10
-144.6593466029017
 20
0.9341576936567009
 30
0.0
  0
VERTEX
  5
1A6
330
170
100
AcDbEntity
  8
outside1_T
100
AcDbVertex
100
AcDb2dVertex
 10
-145.0999047829936
 20
0.9425529816827662
 30
0.0
  0
VERTEX
  5
1A7
330
170
100
AcDbEntity
  8
outside1_T
100
AcDbVertex
100
AcDb2dVertex
 10
-145.5402942406357
 20
0.951046201491522
 30
0.0
  0
VERTEX
  5
1A8
330
170
100
AcDbEntity
  8
outside1_T
100
AcDbVertex
100
AcDb2dVertex
 10
-145.9807898433052
 20
0.9594402970406009
 30
0.0
  0
VERTEX
  5
1A9
330
170
100
AcDbEntity
  8
outside1_T
100
AcDbVertex
100
AcDb2dVertex
 10
-146.4213091554156
 20
0.9679341095871763
 30
0.0
  0
VERTEX
  5
1AA
330
170
100
AcDbEntity
  8
outside1_T
100
AcDbVertex
100
AcDb2dVertex
 10
-146.861838961431
 20
0.9764279774567513
 30
0.0
  0
VERTEX
  5
1AB
330
170
100
AcDbEntity
  8
outside1_T
100
AcDbVertex
100
AcDb2dVertex
 10
-147.3022621213132
 20
0.9850285924585052
 30
0.0
  0
VERTEX
  5
1AC
330
170
100
AcDbEntity
  8
outside1_T
100
AcDbVertex
100
AcDb2dVertex
 10
-147.7427523025817
 20
0.9936208078809301
 30
0.0
  0
VERTEX
  5
1AD
330
170
100
AcDbEntity
  8
outside1_T
100
AcDbVertex
100
AcDb2dVertex
 10
-148.1831430501414
 20
1.002213165831932
 30
0.0
  0
VERTEX
  5
1AE
330
170
100
AcDbEntity
  8
outside1_T
100
AcDbVertex
100
AcDb2dVertex
 10
-148.6236710579633
 20
1.010806119163519
 30
0.0
  0
VERTEX
  5
1AF
330
170
100
AcDbEntity
  8
outside1_T
100
AcDbVertex
100
AcDb2dVertex
 10
-149.0641927314819
 20
1.019505842742248
 30
0.0
  0
VERTEX
  5
1B0
330
170
100
AcDbEntity
  8
outside1_T
100
AcDbVertex
100
AcDb2dVertex
 10
-149.5045862091968
 20
1.028197217356535
 30
0.0
  0
VERTEX
  5
1B1
330
170
100
AcDbEntity
  8
outside1_T
100
AcDbVertex
100
AcDb2dVertex
 10
-149.9450081636136
 20
1.036889304471714
 30
0.0
  0
VERTEX
  5
1B2
330
170
100
AcDbEntity
  8
outside1_T
100
AcDbVertex
100
AcDb2dVertex
 10
-150.3855367617771
 20
1.045688134495435
 30
0.0
  0
VERTEX
  5
1B3
330
170
100
AcDbEntity
  8
outside1_T
100
AcDbVertex
100
AcDb2dVertex
 10
-150.8259228168202
 20
1.054478625298188
 30
0.0
  0
VERTEX
  5
1B4
330
170
100
AcDbEntity
  8
outside1_T
100
AcDbVertex
100
AcDb2dVertex
 10
-151.2664176918743
 20
1.063269157703004
 30
0.0
  0
VERTEX
  5
1B5
330
170
100
AcDbEntity
  8
outside1_T
100
AcDbVertex
100
AcDb2dVertex
 10
-151.7068414850295
 20
1.072068026415408
 30
0.0
  0
VERTEX
  5
1B6
330
170
100
AcDbEntity
  8
outside1_T
100
AcDbVertex
100
AcDb2dVertex
 10
-152.1472668591289
 20
1.080958269234472
 30
0.0
  0
VERTEX
  5
1B7
330
170
100
AcDbEntity
  8
outside1_T
100
AcDbVertex
100
AcDb2dVertex
 10
-152.5876611354331
 20
1.089855662340597
 30
0.0
  0
VERTEX
  5
1B8
330
170
100
AcDbEntity
  8
outside1_T
100
AcDbVertex
100
AcDb2dVertex
 10
-153.0280865092573
 20
1.098753529719104
 30
0.0
  0
VERTEX
  5
1B9
330
170
100
AcDbEntity
  8
outside1_T
100
AcDbVertex
100
AcDb2dVertex
 10
-153.4684753944532
 20
1.107742302733755
 30
0.0
  0
VERTEX
  5
1BA
330
170
100
AcDbEntity
  8
outside1_T
100
AcDbVertex
100
AcDb2dVertex
 10
-153.9089639168669
 20
1.11663959755613
 30
0.0
  0
VERTEX
  5
1BB
330
170
100
AcDbEntity
  8
outside1_T
100
AcDbVertex
100
AcDb2dVertex
 10
-154.3494230209917
 20
1.125629648171795
 30
0.0
  0
VERTEX
  5
1BC
330
170
100
AcDbEntity
  8
outside1_T
100
AcDbVertex
100
AcDb2dVertex
 10
-154.7898148402266
 20
1.134725218698719
 30
0.0
  0
VERTEX
  5
1BD
330
170
100
AcDbEntity
  8
outside1_T
100
AcDbVertex
100
AcDb2dVertex
 10
-155.2302119219439
 20
1.1437216274728
 30
0.0
  0
VERTEX
  5
1BE
330
170
100
AcDbEntity
  8
outside1_T
100
AcDbVertex
100
AcDb2dVertex
 10
-155.6706321286763
 20
1.152817784296928
 30
0.0
  0
VERTEX
  5
1BF
330
170
100
AcDbEntity
  8
outside1_T
100
AcDbVertex
100
AcDb2dVertex
 10
-156.1109265440855
 20
1.161905608608748
 30
0.0
  0
VERTEX
  5
1C0
330
170
100
AcDbEntity
  8
outside1_T
100
AcDbVertex
100
AcDb2dVertex
 10
-156.5513195550575
 20
1.171001203725908
 30
0.0
  0
VERTEX
  5
1C1
330
170
100
AcDbEntity
  8
outside1_T
100
AcDbVertex
100
AcDb2dVertex
 10
-156.9917396639723
 20
1.180097358529764
 30
0.0
  0
VERTEX
  5
1C2
330
170
100
AcDbEntity
  8
outside1_T
100
AcDbVertex
100
AcDb2dVertex
 10
-157.4321673968009
 20
1.189292633195507
 30
0.0
  0
VERTEX
  5
1C3
330
170
100
AcDbEntity
  8
outside1_T
100
AcDbVertex
100
AcDb2dVertex
 10
-157.8725569530525
 20
1.198487269984426
 30
0.0
  0
VERTEX
  5
1C4
330
170
100
AcDbEntity
  8
outside1_T
100
AcDbVertex
100
AcDb2dVertex
 10
-158.312949213119
 20
1.207674180013498
 30
0.0
  0
VERTEX
  5
1C5
330
170
100
AcDbEntity
  8
outside1_T
100
AcDbVertex
100
AcDb2dVertex
 10
-158.7533748405896
 20
1.216869569869772
 30
0.0
  0
VERTEX
  5
1C6
330
170
100
AcDbEntity
  8
outside1_T
100
AcDbVertex
100
AcDb2dVertex
 10
-159.1936965332425
 20
1.22616397927834
 30
0.0
  0
VERTEX
  5
1C7
330
170
100
AcDbEntity
  8
outside1_T
100
AcDbVertex
100
AcDb2dVertex
 10
-159.6340615691117
 20
1.23545705071588
 30
0.0
  0
VERTEX
  5
1C8
330
170
100
AcDbEntity
  8
outside1_T
100
AcDbVertex
100
AcDb2dVertex
 10
-160.0744823809533
 20
1.244652340072065
 30
0.0
  0
VERTEX
  5
1C9
330
170
100
AcDbEntity
  8
outside1_T
100
AcDbVertex
100
AcDb2dVertex
 10
-160.5148110495372
 20
1.254045855676907
 30
0.0
  0
VERTEX
  5
1CA
330
170
100
AcDbEntity
  8
outside1_T
100
AcDbVertex
100
AcDb2dVertex
 10
-160.9551692029445
 20
1.263338942756917
 30
0.0
  0
VERTEX
  5
1CB
330
170
100
AcDbEntity
  8
outside1_T
100
AcDbVertex
100
AcDb2dVertex
 10
-161.3954908449321
 20
1.272633351092935
 30
0.0
  0
VERTEX
  5
1CC
330
170
100
AcDbEntity
  8
outside1_T
100
AcDbVertex
100
AcDb2dVertex
 10
-161.8359179278473
 20
1.282026851649533
 30
0.0
  0
VERTEX
  5
1CD
330
170
100
AcDbEntity
  8
outside1_T
100
AcDbVertex
100
AcDb2dVertex
 10
-162.276209683085
 20
1.291419742424296
 30
0.0
  0
VERTEX
  5
1CE
330
170
100
AcDbEntity
  8
outside1_T
100
AcDbVertex
100
AcDb2dVertex
 10
-162.7166053542284
 20
1.300812573021872
 30
0.0
  0
VERTEX
  5
1CF
330
170
100
AcDbEntity
  8
outside1_T
100
AcDbVertex
100
AcDb2dVertex
 10
-163.1570286356823
 20
1.31020615512027
 30
0.0
  0
VERTEX
  5
1D0
330
170
100
AcDbEntity
  8
outside1_T
100
AcDbVertex
100
AcDb2dVertex
 10
-163.5973195848752
 20
1.319705765902853
 30
0.0
  0
VERTEX
  5
1D1
330
170
100
AcDbEntity
  8
outside1_T
100
AcDbVertex
100
AcDb2dVertex
 10
-164.0376145298059
 20
1.329098562082223
 30
0.0
  0
VERTEX
  5
1D2
330
170
100
AcDbEntity
  8
outside1_T
100
AcDbVertex
100
AcDb2dVertex
 10
-164.4780340820185
 20
1.338591184392428
 30
0.0
  0
VERTEX
  5
1D3
330
170
100
AcDbEntity
  8
outside1_T
100
AcDbVertex
100
AcDb2dVertex
 10
-164.9183295114431
 20
1.348083185491333
 30
0.0
  0
VERTEX
  5
1D4
330
170
100
AcDbEntity
  8
outside1_T
100
AcDbVertex
100
AcDb2dVertex
 10
-165.3587214575022
 20
1.357575130623786
 30
0.0
  0
VERTEX
  5
1D5
330
170
100
AcDbEntity
  8
outside1_T
100
AcDbVertex
100
AcDb2dVertex
 10
-165.7990462186258
 20
1.367067846249725
 30
0.0
  0
VERTEX
  5
1D6
330
170
100
AcDbEntity
  8
outside1_T
100
AcDbVertex
100
AcDb2dVertex
 10
-166.239339688084
 20
1.37666654198479
 30
0.0
  0
VERTEX
  5
1D7
330
170
100
AcDbEntity
  8
outside1_T
100
AcDbVertex
100
AcDb2dVertex
 10
-166.6797306215657
 20
1.386158465295964
 30
0.0
  0
VERTEX
  5
1D8
330
170
100
AcDbEntity
  8
outside1_T
100
AcDbVertex
100
AcDb2dVertex
 10
-167.120052359031
 20
1.395750235784831
 30
0.0
  0
VERTEX
  5
1D9
330
170
100
AcDbEntity
  8
outside1_T
100
AcDbVertex
100
AcDb2dVertex
 10
-167.5603464642814
 20
1.405341321306253
 30
0.0
  0
VERTEX
  5
1DA
330
170
100
AcDbEntity
  8
outside1_T
100
AcDbVertex
100
AcDb2dVertex
 10
-168.0006453448494
 20
1.414940134966258
 30
0.0
  0
VERTEX
  5
1DB
330
170
100
AcDbEntity
  8
outside1_T
100
AcDbVertex
100
AcDb2dVertex
 10
-168.4410325532406
 20
1.42453108953562
 30
0.0
  0
VERTEX
  5
1DC
330
170
100
AcDbEntity
  8
outside1_T
100
AcDbVertex
100
AcDb2dVertex
 10
-168.8813242867778
 20
1.434122206428867
 30
0.0
  0
VERTEX
  5
1DD
330
170
100
AcDbEntity
  8
outside1_T
100
AcDbVertex
100
AcDb2dVertex
 10
-169.321651458956
 20
1.443721636866044
 30
0.0
  0
VERTEX
  5
1DE
330
170
100
AcDbEntity
  8
outside1_T
100
AcDbVertex
100
AcDb2dVertex
 10
-169.7619432794389
 20
1.453411785069676
 30
0.0
  0
VERTEX
  5
1DF
330
170
100
AcDbEntity
  8
outside1_T
100
AcDbVertex
100
AcDb2dVertex
 10
-170.2022359860077
 20
1.463002923162549
 30
0.0
  0
VERTEX
  5
1E0
330
170
100
AcDbEntity
  8
outside1_T
100
AcDbVertex
100
AcDb2dVertex
 10
-170.6425631837367
 20
1.472701474612521
 30
0.0
  0
VERTEX
  5
1E1
330
170
100
AcDbEntity
  8
outside1_T
100
AcDbVertex
100
AcDb2dVertex
 10
-171.0828488565864
 20
1.482391571372375
 30
0.0
  0
VERTEX
  5
1E2
330
170
100
AcDbEntity
  8
outside1_T
100
AcDbVertex
100
AcDb2dVertex
 10
-171.5231429613057
 20
1.492081769848539
 30
0.0
  0
VERTEX
  5
1E3
330
170
100
AcDbEntity
  8
outside1_T
100
AcDbVertex
100
AcDb2dVertex
 10
-171.9634418418038
 20
1.501779697548415
 30
0.0
  0
VERTEX
  5
1E4
330
170
100
AcDbEntity
  8
outside1_T
100
AcDbVertex
100
AcDb2dVertex
 10
-172.4038290364642
 20
1.511469763429233
 30
0.0
  0
VERTEX
  5
1E5
330
170
100
AcDbEntity
  8
outside1_T
100
AcDbVertex
100
AcDb2dVertex
 10
-172.8440277481085
 20
1.521167751812612
 30
0.0
  0
VERTEX
  5
1E6
330
170
100
AcDbEntity
  8
outside1_T
100
AcDbVertex
100
AcDb2dVertex
 10
-173.284348159428
 20
1.530858529187881
 30
0.0
  0
VERTEX
  5
1E7
330
170
100
AcDbEntity
  8
outside1_T
100
AcDbVertex
100
AcDb2dVertex
 10
-173.7247421310155
 20
1.540655481475923
 30
0.0
  0
VERTEX
  5
1E8
330
170
100
AcDbEntity
  8
outside1_T
100
AcDbVertex
100
AcDb2dVertex
 10
-174.1649316838867
 20
1.550345644139355
 30
0.0
  0
VERTEX
  5
1E9
330
170
100
AcDbEntity
  8
outside1_T
100
AcDbVertex
100
AcDb2dVertex
 10
-174.605227526599
 20
1.560134994223645
 30
0.0
  0
VERTEX
  5
1EA
330
170
100
AcDbEntity
  8
outside1_T
100
AcDbVertex
100
AcDb2dVertex
 10
-175.045517871263
 20
1.569832817919107
 30
0.0
  0
VERTEX
  5
1EB
330
170
100
AcDbEntity
  8
outside1_T
100
AcDbVertex
100
AcDb2dVertex
 10
-175.4858403444397
 20
1.579622760093784
 30
0.0
  0
VERTEX
  5
1EC
330
170
100
AcDbEntity
  8
outside1_T
100
AcDbVertex
100
AcDb2dVertex
 10
-175.9261392248673
 20
1.589419801833458
 30
0.0
  0
VERTEX
  5
1ED
330
170
100
AcDbEntity
  8
outside1_T
100
AcDbVertex
100
AcDb2dVertex
 10
-176.3664248983184
 20
1.599209010533073
 30
0.0
  0
VERTEX
  5
1EE
330
170
100
AcDbEntity
  8
outside1_T
100
AcDbVertex
100
AcDb2dVertex
 10
-176.8067237262329
 20
1.609006051105183
 30
0.0
  0
VERTEX
  5
1EF
330
170
100
AcDbEntity
  8
outside1_T
100
AcDbVertex
100
AcDb2dVertex
 10
-177.2470093996839
 20
1.618795259804784
 30
0.0
  0
VERTEX
  5
1F0
330
170
100
AcDbEntity
  8
outside1_T
100
AcDbVertex
100
AcDb2dVertex
 10
-177.6873082275984
 20
1.628592300376894
 30
0.0
  0
VERTEX
  5
1F1
330
170
100
AcDbEntity
  8
outside1_T
100
AcDbVertex
100
AcDb2dVertex
 10
-178.1275976605739
 20
1.638381507908932
 30
0.0
  0
VERTEX
  5
1F2
330
170
100
AcDbEntity
  8
outside1_T
100
AcDbVertex
100
AcDb2dVertex
 10
-178.5677950352625
 20
1.648178581232486
 30
0.0
  0
VERTEX
  5
1F3
330
170
100
AcDbEntity
  8
outside1_T
100
AcDbVertex
100
AcDb2dVertex
 10
-179.0080830489614
 20
1.657967757180643
 30
0.0
  0
VERTEX
  5
1F4
330
170
100
AcDbEntity
  8
outside1_T
100
AcDbVertex
100
AcDb2dVertex
 10
-179.448381929389
 20
1.667764798920331
 30
0.0
  0
VERTEX
  5
1F5
330
170
100
AcDbEntity
  8
outside1_T
100
AcDbVertex
100
AcDb2dVertex
 10
-179.8887006425096
 20
1.677554742216216
 30
0.0
  0
VERTEX
  5
1F6
330
170
100
AcDbEntity
  8
outside1_T
100
AcDbVertex
100
AcDb2dVertex
 10
-180.328997844427
 20
1.687450860311969
 30
0.0
  0
VERTEX
  5
1F7
330
170
100
AcDbEntity
  8
outside1_T
100
AcDbVertex
100
AcDb2dVertex
 10
-180.7691590817171
 20
1.69724712942741
 30
0.0
  0
VERTEX
  5
1F8
330
170
100
AcDbEntity
  8
outside1_T
100
AcDbVertex
100
AcDb2dVertex
 10
-181.2094801613259
 20
1.707037040548926
 30
0.0
  0
VERTEX
  5
1F9
330
170
100
AcDbEntity
  8
outside1_T
100
AcDbVertex
100
AcDb2dVertex
 10
-181.6497743443003
 20
1.716933090790931
 30
0.0
  0
VERTEX
  5
1FA
330
170
100
AcDbEntity
  8
outside1_T
100
AcDbVertex
100
AcDb2dVertex
 10
-182.0900316492946
 20
1.726721668792877
 30
0.0
  0
VERTEX
  5
1FB
330
170
100
AcDbEntity
  8
outside1_T
100
AcDbVertex
100
AcDb2dVertex
 10
-182.530260416316
 20
1.736519355941866
 30
0.0
  0
VERTEX
  5
1FC
330
170
100
AcDbEntity
  8
outside1_T
100
AcDbVertex
100
AcDb2dVertex
 10
-182.9705500776053
 20
1.746407766170307
 30
0.0
  0
VERTEX
  5
1FD
330
170
100
AcDbEntity
  8
outside1_T
100
AcDbVertex
100
AcDb2dVertex
 10
-183.4108442077903
 20
1.756204702253754
 30
0.0
  0
VERTEX
  5
1FE
330
170
100
AcDbEntity
  8
outside1_T
100
AcDbVertex
100
AcDb2dVertex
 10
-183.8511390741497
 20
1.766093143768003
 30
0.0
  0
VERTEX
  5
1FF
330
170
100
AcDbEntity
  8
outside1_T
100
AcDbVertex
100
AcDb2dVertex
 10
-184.2913026732608
 20
1.775889465448344
 30
0.0
  0
VERTEX
  5
200
330
170
100
AcDbEntity
  8
outside1_T
100
AcDbVertex
100
AcDb2dVertex
 10
-184.7316237794352
 20
1.785679377160506
 30
0.0
  0
VERTEX
  5
201
330
170
100
AcDbEntity
  8
outside1_T
100
AcDbVertex
100
AcDb2dVertex
 10
-185.1719164859341
 20
1.795575479897053
 30
0.0
  0
VERTEX
  5
202
330
170
100
AcDbEntity
  8
outside1_T
100
AcDbVertex
100
AcDb2dVertex
 10
-185.6122089705115
 20
1.805372379364272
 30
0.0
  0
VERTEX
  5
203
330
170
100
AcDbEntity
  8
outside1_T
100
AcDbVertex
100
AcDb2dVertex
 10
-186.0524002021975
 20
1.815260804940536
 30
0.0
  0
VERTEX
  5
204
330
170
100
AcDbEntity
  8
outside1_T
100
AcDbVertex
100
AcDb2dVertex
 10
-186.4926653004388
 20
1.825057095037423
 30
0.0
  0
VERTEX
  5
205
330
170
100
AcDbEntity
  8
outside1_T
100
AcDbVertex
100
AcDb2dVertex
 10
-186.9329547334143
 20
1.83484630256946
 30
0.0
  0
VERTEX
  5
206
330
170
100
AcDbEntity
  8
outside1_T
100
AcDbVertex
100
AcDb2dVertex
 10
-187.3731797406768
 20
1.844643990886127
 30
0.0
  0
VERTEX
  5
207
330
170
100
AcDbEntity
  8
outside1_T
100
AcDbVertex
100
AcDb2dVertex
 10
-187.8134732140317
 20
1.854532401115321
 30
0.0
  0
VERTEX
  5
208
330
170
100
AcDbEntity
  8
outside1_T
100
AcDbVertex
100
AcDb2dVertex
 10
-188.2537352427458
 20
1.864328707728262
 30
0.0
  0
VERTEX
  5
209
330
170
100
AcDbEntity
  8
outside1_T
100
AcDbVertex
100
AcDb2dVertex
 10
-188.6940246231673
 20
1.874117914090917
 30
0.0
  0
VERTEX
  5
20A
330
170
100
AcDbEntity
  8
outside1_T
100
AcDbVertex
100
AcDb2dVertex
 10
-189.1342219978559
 20
1.883914987414457
 30
0.0
  0
VERTEX
  5
20B
330
170
100
AcDbEntity
  8
outside1_T
100
AcDbVertex
100
AcDb2dVertex
 10
-189.5745100115549
 20
1.893704163362628
 30
0.0
  0
VERTEX
  5
20C
330
170
100
AcDbEntity
  8
outside1_T
100
AcDbVertex
100
AcDb2dVertex
 10
-190.0148379504423
 20
1.903501851678897
 30
0.0
  0
VERTEX
  5
20D
330
170
100
AcDbEntity
  8
outside1_T
100
AcDbVertex
100
AcDb2dVertex
 10
-190.4549984779329
 20
1.913389587518225
 30
0.0
  0
VERTEX
  5
20E
330
170
100
AcDbEntity
  8
outside1_T
100
AcDbVertex
100
AcDb2dVertex
 10
-190.8952612403818
 20
1.923086719730676
 30
0.0
  0
VERTEX
  5
20F
330
170
100
AcDbEntity
  8
outside1_T
100
AcDbVertex
100
AcDb2dVertex
 10
-191.3355799538211
 20
1.932876663073628
 30
0.0
  0
VERTEX
  5
210
330
170
100
AcDbEntity
  8
outside1_T
100
AcDbVertex
100
AcDb2dVertex
 10
-191.7757810354564
 20
1.942673734059454
 30
0.0
  0
VERTEX
  5
211
330
170
100
AcDbEntity
  8
outside1_T
100
AcDbVertex
100
AcDb2dVertex
 10
-192.216069101733
 20
1.95246291117779
 30
0.0
  0
VERTEX
  5
212
330
170
100
AcDbEntity
  8
outside1_T
100
AcDbVertex
100
AcDb2dVertex
 10
-192.6563318060504
 20
1.962259232781832
 30
0.0
  0
VERTEX
  5
213
330
170
100
AcDbEntity
  8
outside1_T
100
AcDbVertex
100
AcDb2dVertex
 10
-193.0965268497735
 20
1.971949432402056
 30
0.0
  0
VERTEX
  5
214
330
170
100
AcDbEntity
  8
outside1_T
100
AcDbVertex
100
AcDb2dVertex
 10
-193.5368165185294
 20
1.981746354035835
 30
0.0
  0
VERTEX
  5
215
330
170
100
AcDbEntity
  8
outside1_T
100
AcDbVertex
100
AcDb2dVertex
 10
-193.9771113586056
 20
1.991436568696088
 30
0.0
  0
VERTEX
  5
216
330
170
100
AcDbEntity
  8
outside1_T
100
AcDbVertex
100
AcDb2dVertex
 10
-194.4173025902922
 20
2.001233505369584
 30
0.0
  0
VERTEX
  5
217
330
170
100
AcDbEntity
  8
outside1_T
100
AcDbVertex
100
AcDb2dVertex
 10
-194.8575629709408
 20
2.010922961630641
 30
0.0
  0
VERTEX
  5
218
330
170
100
AcDbEntity
  8
outside1_T
100
AcDbVertex
100
AcDb2dVertex
 10
-195.2978571276424
 20
2.020613161250864
 30
0.0
  0
VERTEX
  5
219
330
170
100
AcDbEntity
  8
outside1_T
100
AcDbVertex
100
AcDb2dVertex
 10
-195.738152248126
 20
2.030311090096603
 30
0.0
  0
VERTEX
  5
21A
330
170
100
AcDbEntity
  8
outside1_T
100
AcDbVertex
100
AcDb2dVertex
 10
-196.1783438678605
 20
2.040001214321606
 30
0.0
  0
VERTEX
  5
21B
330
170
100
AcDbEntity
  8
outside1_T
100
AcDbVertex
100
AcDb2dVertex
 10
-196.6186376365135
 20
2.049699113412274
 30
0.0
  0
VERTEX
  5
21C
330
170
100
AcDbEntity
  8
outside1_T
100
AcDbVertex
100
AcDb2dVertex
 10
-197.0589270173954
 20
2.059389207882219
 30
0.0
  0
VERTEX
  5
21D
330
170
100
AcDbEntity
  8
outside1_T
100
AcDbVertex
100
AcDb2dVertex
 10
-197.4991916205697
 20
2.069078799020517
 30
0.0
  0
VERTEX
  5
21E
330
170
100
AcDbEntity
  8
outside1_T
100
AcDbVertex
100
AcDb2dVertex
 10
-197.9393847582743
 20
2.078677509737943
 30
0.0
  0
VERTEX
  5
21F
330
170
100
AcDbEntity
  8
outside1_T
100
AcDbVertex
100
AcDb2dVertex
 10
-198.3796739646237
 20
2.088367642356772
 30
0.0
  0
VERTEX
  5
220
330
170
100
AcDbEntity
  8
outside1_T
100
AcDbVertex
100
AcDb2dVertex
 10
-198.8199374033223
 20
2.097958059857604
 30
0.0
  0
VERTEX
  5
221
330
170
100
AcDbEntity
  8
outside1_T
100
AcDbVertex
100
AcDb2dVertex
 10
-199.2602344036174
 20
2.107556874078924
 30
0.0
  0
VERTEX
  5
222
330
170
100
AcDbEntity
  8
outside1_T
100
AcDbVertex
100
AcDb2dVertex
 10
-199.7004241554706
 20
2.117147886927953
 30
0.0
  0
VERTEX
  5
223
330
170
100
AcDbEntity
  8
outside1_T
100
AcDbVertex
100
AcDb2dVertex
 10
-200.140715068118
 20
2.126738944419841
 30
0.0
  0
VERTEX
  5
224
330
170
100
AcDbEntity
  8
outside1_T
100
AcDbVertex
100
AcDb2dVertex
 10
-200.5810120426876
 20
2.136337758080771
 30
0.0
  0
VERTEX
  5
225
330
170
100
AcDbEntity
  8
outside1_T
100
AcDbVertex
100
AcDb2dVertex
 10
-201.021270757224
 20
2.145928072632131
 30
0.0
  0
VERTEX
  5
226
330
170
100
AcDbEntity
  8
outside1_T
100
AcDbVertex
100
AcDb2dVertex
 10
-201.4615636897817
 20
2.15542006099642
 30
0.0
  0
VERTEX
  5
227
330
170
100
AcDbEntity
  8
outside1_T
100
AcDbVertex
100
AcDb2dVertex
 10
-201.9017591894539
 20
2.165011199102011
 30
0.0
  0
VERTEX
  5
228
330
170
100
AcDbEntity
  8
outside1_T
100
AcDbVertex
100
AcDb2dVertex
 10
-202.3420224275151
 20
2.174510170874854
 30
0.0
  0
VERTEX
  5
229
330
170
100
AcDbEntity
  8
outside1_T
100
AcDbVertex
100
AcDb2dVertex
 10
-202.7823118348007
 20
2.184002042108574
 30
0.0
  0
VERTEX
  5
22A
330
170
100
AcDbEntity
  8
outside1_T
100
AcDbVertex
100
AcDb2dVertex
 10
-203.2226041109436
 20
2.193494016321637
 30
0.0
  0
VERTEX
  5
22B
330
170
100
AcDbEntity
  8
outside1_T
100
AcDbVertex
100
AcDb2dVertex
 10
-203.6628656557179
 20
2.202985328017149
 30
0.0
  0
VERTEX
  5
22C
330
170
100
AcDbEntity
  8
outside1_T
100
AcDbVertex
100
AcDb2dVertex
 10
-204.103127200402
 20
2.21237753364484
 30
0.0
  0
VERTEX
  5
22D
330
170
100
AcDbEntity
  8
outside1_T
100
AcDbVertex
100
AcDb2dVertex
 10
-204.5434520505054
 20
2.221771049117905
 30
0.0
  0
VERTEX
  5
22E
330
170
100
AcDbEntity
  8
outside1_T
100
AcDbVertex
100
AcDb2dVertex
 10
-204.9837473315227
 20
2.231263088111106
 30
0.0
  0
VERTEX
  5
22F
330
170
100
AcDbEntity
  8
outside1_T
100
AcDbVertex
100
AcDb2dVertex
 10
-205.4239127809969
 20
2.240662981580257
 30
0.0
  0
VERTEX
  5
230
330
170
100
AcDbEntity
  8
outside1_T
100
AcDbVertex
100
AcDb2dVertex
 10
-205.8642693020749
 20
2.250055058379914
 30
0.0
  0
VERTEX
  5
231
330
170
100
AcDbEntity
  8
outside1_T
100
AcDbVertex
100
AcDb2dVertex
 10
-206.3044611887033
 20
2.259348819915857
 30
0.0
  0
VERTEX
  5
232
330
170
100
AcDbEntity
  8
outside1_T
100
AcDbVertex
100
AcDb2dVertex
 10
-206.7447546846507
 20
2.26874166650606
 30
0.0
  0
VERTEX
  5
233
330
170
100
AcDbEntity
  8
outside1_T
100
AcDbVertex
100
AcDb2dVertex
 10
-207.1850162414494
 20
2.278034766323572
 30
0.0
  0
VERTEX
  5
234
330
170
100
AcDbEntity
  8
outside1_T
100
AcDbVertex
100
AcDb2dVertex
 10
-207.6253084921322
 20
2.287328514031728
 30
0.0
  0
VERTEX
  5
235
330
170
100
AcDbEntity
  8
outside1_T
100
AcDbVertex
100
AcDb2dVertex
 10
-208.0656026239047
 20
2.29662226121367
 30
0.0
  0
VERTEX
  5
236
330
170
100
AcDbEntity
  8
outside1_T
100
AcDbVertex
100
AcDb2dVertex
 10
-208.5058618307029
 20
2.305915311427071
 30
0.0
  0
VERTEX
  5
237
330
170
100
AcDbEntity
  8
outside1_T
100
AcDbVertex
100
AcDb2dVertex
 10
-208.9461534209069
 20
2.315102308300609
 30
0.0
  0
VERTEX
  5
238
330
170
100
AcDbEntity
  8
outside1_T
100
AcDbVertex
100
AcDb2dVertex
 10
-209.3865490526582
 20
2.324396105856252
 30
0.0
  0
VERTEX
  5
239
330
170
100
AcDbEntity
  8
outside1_T
100
AcDbVertex
100
AcDb2dVertex
 10
-209.8268112568952
 20
2.333590113125652
 30
0.0
  0
VERTEX
  5
23A
330
170
100
AcDbEntity
  8
outside1_T
100
AcDbVertex
100
AcDb2dVertex
 10
-210.2670746940753
 20
2.342784106341966
 30
0.0
  0
VERTEX
  5
23B
330
170
100
AcDbEntity
  8
outside1_T
100
AcDbVertex
100
AcDb2dVertex
 10
-210.7073669570662
 20
2.351879628348343
 30
0.0
  0
VERTEX
  5
23C
330
170
100
AcDbEntity
  8
outside1_T
100
AcDbVertex
100
AcDb2dVertex
 10
-211.1476568456404
 20
2.361074213750484
 30
0.0
  0
VERTEX
  5
23D
330
170
100
AcDbEntity
  8
outside1_T
100
AcDbVertex
100
AcDb2dVertex
 10
-211.5879160268824
 20
2.370161428854146
 30
0.0
  0
VERTEX
  5
23E
330
170
100
AcDbEntity
  8
outside1_T
100
AcDbVertex
100
AcDb2dVertex
 10
-212.0282826667798
 20
2.379256400594969
 30
0.0
  0
VERTEX
  5
23F
330
170
100
AcDbEntity
  8
outside1_T
100
AcDbVertex
100
AcDb2dVertex
 10
-212.4685755577403
 20
2.388252822451719
 30
0.0
  0
VERTEX
  5
240
330
170
100
AcDbEntity
  8
outside1_T
100
AcDbVertex
100
AcDb2dVertex
 10
-212.9088663932504
 20
2.397348295282228
 30
0.0
  0
VERTEX
  5
241
330
170
100
AcDbEntity
  8
outside1_T
100
AcDbVertex
100
AcDb2dVertex
 10
-213.3491265271188
 20
2.406336404845689
 30
0.0
  0
VERTEX
  5
242
330
170
100
AcDbEntity
  8
outside1_T
100
AcDbVertex
100
AcDb2dVertex
 10
-213.7894244550966
 20
2.4153329101091
 30
0.0
  0
VERTEX
  5
243
330
170
100
AcDbEntity
  8
outside1_T
100
AcDbVertex
100
AcDb2dVertex
 10
-214.2297830743103
 20
2.42432863050297
 30
0.0
  0
VERTEX
  5
244
330
170
100
AcDbEntity
  8
outside1_T
100
AcDbVertex
100
AcDb2dVertex
 10
-214.6700769113488
 20
2.433218315011274
 30
0.0
  0
VERTEX
  5
245
330
170
100
AcDbEntity
  8
outside1_T
100
AcDbVertex
100
AcDb2dVertex
 10
-215.1103378348916
 20
2.442214083683808
 30
0.0
  0
VERTEX
  5
246
330
170
100
AcDbEntity
  8
outside1_T
100
AcDbVertex
100
AcDb2dVertex
 10
-215.5507003962283
 20
2.451004029466546
 30
0.0
  0
VERTEX
  5
247
330
170
100
AcDbEntity
  8
outside1_T
100
AcDbVertex
100
AcDb2dVertex
 10
-215.990992646911
 20
2.459901325262607
 30
0.0
  0
VERTEX
  5
248
330
170
100
AcDbEntity
  8
outside1_T
100
AcDbVertex
100
AcDb2dVertex
 10
-216.4313859165906
 20
2.468691884005423
 30
0.0
  0
VERTEX
  5
249
330
170
100
AcDbEntity
  8
outside1_T
100
AcDbVertex
100
AcDb2dVertex
 10
-216.8716781672734
 20
2.477589179801484
 30
0.0
  0
VERTEX
  5
24A
330
170
100
AcDbEntity
  8
outside1_T
100
AcDbVertex
100
AcDb2dVertex
 10
-217.3120076572116
 20
2.4863784654559
 30
0.0
  0
VERTEX
  5
24B
330
170
100
AcDbEntity
  8
outside1_T
100
AcDbVertex
100
AcDb2dVertex
 10
-217.7522698235957
 20
2.495069317351394
 30
0.0
  0
VERTEX
  5
24C
330
170
100
AcDbEntity
  8
outside1_T
100
AcDbVertex
100
AcDb2dVertex
 10
-218.1926665812392
 20
2.503768456066737
 30
0.0
  0
VERTEX
  5
24D
330
170
100
AcDbEntity
  8
outside1_T
100
AcDbVertex
100
AcDb2dVertex
 10
-218.632955343958
 20
2.512459832956225
 30
0.0
  0
VERTEX
  5
24E
330
170
100
AcDbEntity
  8
outside1_T
100
AcDbVertex
100
AcDb2dVertex
 10
-219.0733473781959
 20
2.521151254335976
 30
0.0
  0
VERTEX
  5
24F
330
170
100
AcDbEntity
  8
outside1_T
100
AcDbVertex
100
AcDb2dVertex
 10
-219.5136119065824
 20
2.529849776387906
 30
0.0
  0
VERTEX
  5
250
330
170
100
AcDbEntity
  8
outside1_T
100
AcDbVertex
100
AcDb2dVertex
 10
-219.9539407968328
 20
2.538440853093988
 30
0.0
  0
VERTEX
  5
251
330
170
100
AcDbEntity
  8
outside1_T
100
AcDbVertex
100
AcDb2dVertex
 10
-220.3943337184355
 20
2.546934084569216
 30
0.0
  0
VERTEX
  5
252
330
170
100
AcDbEntity
  8
outside1_T
100
AcDbVertex
100
AcDb2dVertex
 10
-220.8346269221271
 20
2.555526417355978
 30
0.0
  0
VERTEX
  5
253
330
170
100
AcDbEntity
  8
outside1_T
100
AcDbVertex
100
AcDb2dVertex
 10
-221.274987936746
 20
2.56401903348663
 30
0.0
  0
VERTEX
  5
254
330
170
100
AcDbEntity
  8
outside1_T
100
AcDbVertex
100
AcDb2dVertex
 10
-221.7153854477625
 20
2.572519968397714
 30
0.0
  0
VERTEX
  5
255
330
170
100
AcDbEntity
  8
outside1_T
100
AcDbVertex
100
AcDb2dVertex
 10
-222.1557434052485
 20
2.581012516339953
 30
0.0
  0
VERTEX
  5
256
330
170
100
AcDbEntity
  8
outside1_T
100
AcDbVertex
100
AcDb2dVertex
 10
-222.5960060201705
 20
2.589406049085412
 30
0.0
  0
VERTEX
  5
257
330
170
100
AcDbEntity
  8
outside1_T
100
AcDbVertex
100
AcDb2dVertex
 10
-223.036366927839
 20
2.597799548159898
 30
0.0
  0
VERTEX
  5
258
330
170
100
AcDbEntity
  8
outside1_T
100
AcDbVertex
100
AcDb2dVertex
 10
-223.4767597210134
 20
2.606094542012599
 30
0.0
  0
VERTEX
  5
259
330
170
100
AcDbEntity
  8
outside1_T
100
AcDbVertex
100
AcDb2dVertex
 10
-223.9171501523801
 20
2.614488603826089
 30
0.0
  0
VERTEX
  5
25A
330
170
100
AcDbEntity
  8
outside1_T
100
AcDbVertex
100
AcDb2dVertex
 10
-224.357481537982
 20
2.622774818027764
 30
0.0
  0
VERTEX
  5
25B
330
170
100
AcDbEntity
  8
outside1_T
100
AcDbVertex
100
AcDb2dVertex
 10
-224.797845988946
 20
2.630970171442897
 30
0.0
  0
VERTEX
  5
25C
330
170
100
AcDbEntity
  8
outside1_T
100
AcDbVertex
100
AcDb2dVertex
 10
-225.2382385466157
 20
2.639166052368722
 30
0.0
  0
VERTEX
  5
25D
330
170
100
AcDbEntity
  8
outside1_T
100
AcDbVertex
100
AcDb2dVertex
 10
-225.6786313370434
 20
2.6473619331923
 30
0.0
  0
VERTEX
  5
25E
330
170
100
AcDbEntity
  8
outside1_T
100
AcDbVertex
100
AcDb2dVertex
 10
-226.1189910640437
 20
2.655557198692648
 30
0.0
  0
VERTEX
  5
25F
330
170
100
AcDbEntity
  8
outside1_T
100
AcDbVertex
100
AcDb2dVertex
 10
-226.5593507908854
 20
2.663645735151007
 30
0.0
  0
VERTEX
  5
260
330
170
100
AcDbEntity
  8
outside1_T
100
AcDbVertex
100
AcDb2dVertex
 10
-226.9997174847187
 20
2.671742025351733
 30
0.0
  0
VERTEX
  5
261
330
170
100
AcDbEntity
  8
outside1_T
100
AcDbVertex
100
AcDb2dVertex
 10
-227.4400795723992
 20
2.679739122650133
 30
0.0
  0
VERTEX
  5
262
330
170
100
AcDbEntity
  8
outside1_T
100
AcDbVertex
100
AcDb2dVertex
 10
-227.8805663475322
 20
2.687729047395251
 30
0.0
  0
VERTEX
  5
263
330
170
100
AcDbEntity
  8
outside1_T
100
AcDbVertex
100
AcDb2dVertex
 10
-228.3209330415033
 20
2.695726229364141
 30
0.0
  0
VERTEX
  5
264
330
170
100
AcDbEntity
  8
outside1_T
100
AcDbVertex
100
AcDb2dVertex
 10
-229.2016698429163
 20
2.711514816225403
 30
0.0
  0
VERTEX
  5
265
330
170
100
AcDbEntity
  8
outside1_T
100
AcDbVertex
100
AcDb2dVertex
 10
-230.0825089562383
 20
2.727196714138728
 30
0.0
  0
VERTEX
  5
266
330
170
100
AcDbEntity
  8
outside1_T
100
AcDbVertex
100
AcDb2dVertex
 10
-230.9633494977391
 20
2.742688045837127
 30
0.0
  0
VERTEX
  5
267
330
170
100
AcDbEntity
  8
outside1_T
100
AcDbVertex
100
AcDb2dVertex
 10
-231.8441874104404
 20
2.758080223669481
 30
0.0
  0
VERTEX
  5
268
330
170
100
AcDbEntity
  8
outside1_T
100
AcDbVertex
100
AcDb2dVertex
 10
-232.7251100648573
 20
2.773266302598344
 30
0.0
  0
VERTEX
  5
269
330
170
100
AcDbEntity
  8
outside1_T
100
AcDbVertex
100
AcDb2dVertex
 10
-233.605949667483
 20
2.788254450934531
 30
0.0
  0
VERTEX
  5
26A
330
170
100
AcDbEntity
  8
outside1_T
100
AcDbVertex
100
AcDb2dVertex
 10
-234.4868888552803
 20
2.803143491489109
 30
0.0
  0
VERTEX
  5
26B
330
170
100
AcDbEntity
  8
outside1_T
100
AcDbVertex
100
AcDb2dVertex
 10
-235.3677267999269
 20
2.817834296729799
 30
0.0
  0
VERTEX
  5
26C
330
170
100
AcDbEntity
  8
outside1_T
100
AcDbVertex
100
AcDb2dVertex
 10
-236.2486503819419
 20
2.832418131860905
 30
0.0
  0
VERTEX
  5
26D
330
170
100
AcDbEntity
  8
outside1_T
100
AcDbVertex
100
AcDb2dVertex
 10
-237.1295742206983
 20
2.846712276576184
 30
0.0
  0
VERTEX
  5
26E
330
170
100
AcDbEntity
  8
outside1_T
100
AcDbVertex
100
AcDb2dVertex
 10
-238.0105124613575
 20
2.860899915948693
 30
0.0
  0
VERTEX
  5
26F
330
170
100
AcDbEntity
  8
outside1_T
100
AcDbVertex
100
AcDb2dVertex
 10
-238.891519708684
 20
2.874888862093982
 30
0.0
  0
VERTEX
  5
270
330
170
100
AcDbEntity
  8
outside1_T
100
AcDbVertex
100
AcDb2dVertex
 10
-240.6535899623346
 20
2.902265356974283
 30
0.0
  0
VERTEX
  5
271
330
170
100
AcDbEntity
  8
outside1_T
100
AcDbVertex
100
AcDb2dVertex
 10
-242.4156447520114
 20
2.928947866353894
 30
0.0
  0
VERTEX
  5
272
330
170
100
AcDbEntity
  8
outside1_T
100
AcDbVertex
100
AcDb2dVertex
 10
-244.1777990192634
 20
2.954829891906286
 30
0.0
  0
VERTEX
  5
273
330
170
100
AcDbEntity
  8
outside1_T
100
AcDbVertex
100
AcDb2dVertex
 10
-245.9399446650479
 20
2.980010439291334
 30
0.0
  0
VERTEX
  5
274
330
170
100
AcDbEntity
  8
outside1_T
100
AcDbVertex
100
AcDb2dVertex
 10
-247.7021921819497
 20
3.004291407852264
 30
0.0
  0
VERTEX
  5
275
330
170
100
AcDbEntity
  8
outside1_T
100
AcDbVertex
100
AcDb2dVertex
 10
-249.4645446922954
 20
3.027871115188603
 30
0.0
  0
VERTEX
  5
276
330
170
100
AcDbEntity
  8
outside1_T
100
AcDbVertex
100
AcDb2dVertex
 10
-251.226892030849
 20
3.050650256011807
 30
0.0
  0
VERTEX
  5
277
330
170
100
AcDbEntity
  8
outside1_T
100
AcDbVertex
100
AcDb2dVertex
 10
-252.9893383917136
 20
3.072636547515614
 30
0.0
  0
VERTEX
  5
278
330
170
100
AcDbEntity
  8
outside1_T
100
AcDbVertex
100
AcDb2dVertex
 10
-254.7518852819198
 20
3.093822361440829
 30
0.0
  0
VERTEX
  5
279
330
170
100
AcDbEntity
  8
outside1_T
100
AcDbVertex
100
AcDb2dVertex
 10
-256.5144245955641
 20
3.114207616177822
 30
0.0
  0
VERTEX
  5
27A
330
170
100
AcDbEntity
  8
outside1_T
100
AcDbVertex
100
AcDb2dVertex
 10
-258.276961918103
 20
3.133693296278125
 30
0.0
  0
VERTEX
  5
27B
330
170
100
AcDbEntity
  8
outside1_T
100
AcDbVertex
100
AcDb2dVertex
 10
-260.03960025832
 20
3.152378508365231
 30
0.0
  0
VERTEX
  5
27C
330
170
100
AcDbEntity
  8
outside1_T
100
AcDbVertex
100
AcDb2dVertex
 10
-261.8022329168749
 20
3.170164070237362
 30
0.0
  0
VERTEX
  5
27D
330
170
100
AcDbEntity
  8
outside1_T
100
AcDbVertex
100
AcDb2dVertex
 10
-263.5648712725886
 20
3.187050135164668
 30
0.0
  0
VERTEX
  5
27E
330
170
100
AcDbEntity
  8
outside1_T
100
AcDbVertex
100
AcDb2dVertex
 10
-265.3276164153731
 20
3.203135802099226
 30
0.0
  0
VERTEX
  5
27F
330
170
100
AcDbEntity
  8
outside1_T
100
AcDbVertex
100
AcDb2dVertex
 10
-267.0903468086953
 20
3.218420869560248
 30
0.0
  0
VERTEX
  5
280
330
170
100
AcDbEntity
  8
outside1_T
100
AcDbVertex
100
AcDb2dVertex
 10
-268.8531719259394
 20
3.232714818832477
 30
0.0
  0
VERTEX
  5
281
330
170
100
AcDbEntity
  8
outside1_T
100
AcDbVertex
100
AcDb2dVertex
 10
-270.6159018003206
 20
3.246101637066801
 30
0.0
  0
VERTEX
  5
282
330
170
100
AcDbEntity
  8
outside1_T
100
AcDbVertex
100
AcDb2dVertex
 10
-272.3787307234516
 20
3.258596508583949
 30
0.0
  0
VERTEX
  5
283
330
170
100
AcDbEntity
  8
outside1_T
100
AcDbVertex
100
AcDb2dVertex
 10
-274.1415629271473
 20
3.27018418337552
 30
0.0
  0
VERTEX
  5
284
330
170
100
AcDbEntity
  8
outside1_T
100
AcDbVertex
100
AcDb2dVertex
 10
-275.9043848247252
 20
3.280872249300984
 30
0.0
  0
VERTEX
  5
285
330
170
100
AcDbEntity
  8
outside1_T
100
AcDbVertex
100
AcDb2dVertex
 10
-277.6672041419186
 20
3.290569232582101
 30
0.0
  0
VERTEX
  5
286
330
170
100
AcDbEntity
  8
outside1_T
100
AcDbVertex
100
AcDb2dVertex
 10
-279.8707907524333
 20
3.301463169909951
 30
0.0
  0
VERTEX
  5
287
330
170
100
AcDbEntity
  8
outside1_T
100
AcDbVertex
100
AcDb2dVertex
 10
-282.0743665162934
 20
3.310756132986427
 30
0.0
  0
VERTEX
  5
288
330
170
100
AcDbEntity
  8
outside1_T
100
AcDbVertex
100
AcDb2dVertex
 10
-284.2779427508845
 20
3.31864638634066
 30
0.0
  0
VERTEX
  5
289
330
170
100
AcDbEntity
  8
outside1_T
100
AcDbVertex
100
AcDb2dVertex
 10
-286.4815067063487
 20
3.32494330706875
 30
0.0
  0
VERTEX
  5
28A
330
170
100
AcDbEntity
  8
outside1_T
100
AcDbVertex
100
AcDb2dVertex
 10
-288.6850763363929
 20
3.329639327840397
 30
0.0
  0
VERTEX
  5
28B
330
170
100
AcDbEntity
  8
outside1_T
100
AcDbVertex
100
AcDb2dVertex
 10
-290.8885471381785
 20
3.332833537174551
 30
0.0
  0
VERTEX
  5
28C
330
170
100
AcDbEntity
  8
outside1_T
100
AcDbVertex
100
AcDb2dVertex
 10
-292.9595016076965
 20
3.334335408284616
 30
0.0
  0
VERTEX
  5
28D
330
170
100
AcDbEntity
  8
outside1_T
100
AcDbVertex
100
AcDb2dVertex
 10
-293.0922197871872
 20
3.33443452560654
 30
0.0
  0
SEQEND
  5
28E
330
170
100
AcDbEntity
  8
outside1_T
  0
POLYLINE
  5
28F
330
1F
100
AcDbEntity
  8
outside1_T
100
AcDb2dPolyline
 66
     1
 10
0.0
 20
0.0
 30
0.0
  0
VERTEX
  5
290
330
28F
100
AcDbEntity
  8
outside1_T
100
AcDbVertex
100
AcDb2dVertex
 10
-184.4126379975557
 20
0.980060877385597
 30
0.0
  0
VERTEX
  5
291
330
28F
100
AcDbEntity
  8
outside1_T
100
AcDbVertex
100
AcDb2dVertex
 10
-184.4169554390059
 20
0.980060877385597
 30
0.0
  0
VERTEX
  5
292
330
28F
100
AcDbEntity
  8
outside1_T
100
AcDbVertex
100
AcDb2dVertex
 10
-186.9149215894561
 20
0.9815550814570599
 30
0.0
  0
VERTEX
  5
293
330
28F
100
AcDbEntity
  8
outside1_T
100
AcDbVertex
100
AcDb2dVertex
 10
-189.1186785416361
 20
0.9846501707668693
 30
0.0
  0
VERTEX
  5
294
330
28F
100
AcDbEntity
  8
outside1_T
100
AcDbVertex
100
AcDb2dVertex
 10
-191.3223449491003
 20
0.989247074398719
 30
0.0
  0
VERTEX
  5
295
330
28F
100
AcDbEntity
  8
outside1_T
100
AcDbVertex
100
AcDb2dVertex
 10
-193.5260141645375
 20
0.9955440127171329
 30
0.0
  0
VERTEX
  5
296
330
28F
100
AcDbEntity
  8
outside1_T
100
AcDbVertex
100
AcDb2dVertex
 10
-195.7297002573052
 20
1.003236094344189
 30
0.0
  0
VERTEX
  5
297
330
28F
100
AcDbEntity
  8
outside1_T
100
AcDbVertex
100
AcDb2dVertex
 10
-197.4926056819373
 20
1.010531648262429
 30
0.0
  0
VERTEX
  5
298
330
28F
100
AcDbEntity
  8
outside1_T
100
AcDbVertex
100
AcDb2dVertex
 10
-199.2554212263566
 20
1.018825914486101
 30
0.0
  0
VERTEX
  5
299
330
28F
100
AcDbEntity
  8
outside1_T
100
AcDbVertex
100
AcDb2dVertex
 10
-201.0183435505075
 20
1.028118887415374
 30
0.0
  0
VERTEX
  5
29A
330
28F
100
AcDbEntity
  8
outside1_T
100
AcDbVertex
100
AcDb2dVertex
 10
-202.7811743961087
 20
1.038311470317012
 30
0.0
  0
VERTEX
  5
29B
330
28F
100
AcDbEntity
  8
outside1_T
100
AcDbVertex
100
AcDb2dVertex
 10
-204.5439976099988
 20
1.049403574968011
 30
0.0
  0
VERTEX
  5
29C
330
28F
100
AcDbEntity
  8
outside1_T
100
AcDbVertex
100
AcDb2dVertex
 10
-206.3068284987713
 20
1.061494402849732
 30
0.0
  0
VERTEX
  5
29D
330
28F
100
AcDbEntity
  8
outside1_T
100
AcDbVertex
100
AcDb2dVertex
 10
-208.0696593274734
 20
1.074385694937561
 30
0.0
  0
VERTEX
  5
29E
330
28F
100
AcDbEntity
  8
outside1_T
100
AcDbVertex
100
AcDb2dVertex
 10
-209.8323814628484
 20
1.088275601394727
 30
0.0
  0
VERTEX
  5
29F
330
28F
100
AcDbEntity
  8
outside1_T
100
AcDbVertex
100
AcDb2dVertex
 10
-211.5951137569924
 20
1.10306514293562
 30
0.0
  0
VERTEX
  5
2A0
330
28F
100
AcDbEntity
  8
outside1_T
100
AcDbVertex
100
AcDb2dVertex
 10
-213.3577435590731
 20
1.118746626355815
 30
0.0
  0
VERTEX
  5
2A1
330
28F
100
AcDbEntity
  8
outside1_T
100
AcDbVertex
100
AcDb2dVertex
 10
-215.1204813824541
 20
1.135335369004011
 30
0.0
  0
VERTEX
  5
2A2
330
28F
100
AcDbEntity
  8
outside1_T
100
AcDbVertex
100
AcDb2dVertex
 10
-216.8830202592071
 20
1.152724591019449
 30
0.0
  0
VERTEX
  5
2A3
330
28F
100
AcDbEntity
  8
outside1_T
100
AcDbVertex
100
AcDb2dVertex
 10
-218.6456586797567
 20
1.171005758145924
 30
0.0
  0
VERTEX
  5
2A4
330
28F
100
AcDbEntity
  8
outside1_T
100
AcDbVertex
100
AcDb2dVertex
 10
-220.4081978204288
 20
1.190095015009049
 30
0.0
  0
VERTEX
  5
2A5
330
28F
100
AcDbEntity
  8
outside1_T
100
AcDbVertex
100
AcDb2dVertex
 10
-222.170636020573
 20
1.210076222777204
 30
0.0
  0
VERTEX
  5
2A6
330
28F
100
AcDbEntity
  8
outside1_T
100
AcDbVertex
100
AcDb2dVertex
 10
-223.9330747840236
 20
1.230865523146704
 30
0.0
  0
VERTEX
  5
2A7
330
28F
100
AcDbEntity
  8
outside1_T
100
AcDbVertex
100
AcDb2dVertex
 10
-225.6955214768755
 20
1.252546874174087
 30
0.0
  0
VERTEX
  5
2A8
330
28F
100
AcDbEntity
  8
outside1_T
100
AcDbVertex
100
AcDb2dVertex
 10
-227.4578675289202
 20
1.274929582084781
 30
0.0
  0
VERTEX
  5
2A9
330
28F
100
AcDbEntity
  8
outside1_T
100
AcDbVertex
100
AcDb2dVertex
 10
-229.2201138475879
 20
1.298211868646959
 30
0.0
  0
VERTEX
  5
2AA
330
28F
100
AcDbEntity
  8
outside1_T
100
AcDbVertex
100
AcDb2dVertex
 10
-230.9823686503154
 20
1.322195634595005
 30
0.0
  0
VERTEX
  5
2AB
330
28F
100
AcDbEntity
  8
outside1_T
100
AcDbVertex
100
AcDb2dVertex
 10
-232.7446148401716
 20
1.346972134565817
 30
0.0
  0
VERTEX
  5
2AC
330
28F
100
AcDbEntity
  8
outside1_T
100
AcDbVertex
100
AcDb2dVertex
 10
-234.5067613232033
 20
1.372556727807094
 30
0.0
  0
VERTEX
  5
2AD
330
28F
100
AcDbEntity
  8
outside1_T
100
AcDbVertex
100
AcDb2dVertex
 10
-236.2688155182582
 20
1.398934292453717
 30
0.0
  0
VERTEX
  5
2AE
330
28F
100
AcDbEntity
  8
outside1_T
100
AcDbVertex
100
AcDb2dVertex
 10
-238.0307833475674
 20
1.426013421679272
 30
0.0
  0
VERTEX
  5
2AF
330
28F
100
AcDbEntity
  8
outside1_T
100
AcDbVertex
100
AcDb2dVertex
 10
-239.3522763732724
 20
1.44679531182507
 30
0.0
  0
VERTEX
  5
2B0
330
28F
100
AcDbEntity
  8
outside1_T
100
AcDbVertex
100
AcDb2dVertex
 10
-240.2331928827662
 20
1.460883511262068
 30
0.0
  0
VERTEX
  5
2B1
330
28F
100
AcDbEntity
  8
outside1_T
100
AcDbVertex
100
AcDb2dVertex
 10
-241.1141325494202
 20
1.475177905074233
 30
0.0
  0
VERTEX
  5
2B2
330
28F
100
AcDbEntity
  8
outside1_T
100
AcDbVertex
100
AcDb2dVertex
 10
-241.99505591326
 20
1.48956353234108
 30
0.0
  0
VERTEX
  5
2B3
330
28F
100
AcDbEntity
  8
outside1_T
100
AcDbVertex
100
AcDb2dVertex
 10
-242.8759790523074
 20
1.50425408172211
 30
0.0
  0
VERTEX
  5
2B4
330
28F
100
AcDbEntity
  8
outside1_T
100
AcDbVertex
100
AcDb2dVertex
 10
-243.7569340679608
 20
1.519044272211261
 30
0.0
  0
VERTEX
  5
2B5
330
28F
100
AcDbEntity
  8
outside1_T
100
AcDbVertex
100
AcDb2dVertex
 10
-244.6378571638033
 20
1.533933048843465
 30
0.0
  0
VERTEX
  5
2B6
330
28F
100
AcDbEntity
  8
outside1_T
100
AcDbVertex
100
AcDb2dVertex
 10
-245.5186801975095
 20
1.549119143541446
 30
0.0
  0
VERTEX
  5
2B7
330
28F
100
AcDbEntity
  8
outside1_T
100
AcDbVertex
100
AcDb2dVertex
 10
-246.3995339687913
 20
1.564404861140716
 30
0.0
  0
VERTEX
  5
2B8
330
28F
100
AcDbEntity
  8
outside1_T
100
AcDbVertex
100
AcDb2dVertex
 10
-247.2803570353445
 20
1.579796775381425
 30
0.0
  0
VERTEX
  5
2B9
330
28F
100
AcDbEntity
  8
outside1_T
100
AcDbVertex
100
AcDb2dVertex
 10
-248.1611966343759
 20
1.595486301907357
 30
0.0
  0
VERTEX
  5
2BA
330
28F
100
AcDbEntity
  8
outside1_T
100
AcDbVertex
100
AcDb2dVertex
 10
-249.042035949961
 20
1.611175823384542
 30
0.0
  0
VERTEX
  5
2BB
330
28F
100
AcDbEntity
  8
outside1_T
100
AcDbVertex
100
AcDb2dVertex
 10
-249.9227742468224
 20
1.627162668063534
 30
0.0
  0
VERTEX
  5
2BC
330
28F
100
AcDbEntity
  8
outside1_T
100
AcDbVertex
100
AcDb2dVertex
 10
-250.3632720434555
 20
1.635152762559571
 30
0.0
  0
VERTEX
  5
2BD
330
28F
100
AcDbEntity
  8
outside1_T
100
AcDbVertex
100
AcDb2dVertex
 10
-250.8036268324719
 20
1.643149753333788
 30
0.0
  0
VERTEX
  5
2BE
330
28F
100
AcDbEntity
  8
outside1_T
100
AcDbVertex
100
AcDb2dVertex
 10
-251.2439894082178
 20
1.651245956912902
 30
0.0
  0
VERTEX
  5
2BF
330
28F
100
AcDbEntity
  8
outside1_T
100
AcDbVertex
100
AcDb2dVertex
 10
-251.6843543243892
 20
1.65933457997798
 30
0.0
  0
VERTEX
  5
2C0
330
28F
100
AcDbEntity
  8
outside1_T
100
AcDbVertex
100
AcDb2dVertex
 10
-252.1247126109192
 20
1.667529845272426
 30
0.0
  0
VERTEX
  5
2C1
330
28F
100
AcDbEntity
  8
outside1_T
100
AcDbVertex
100
AcDb2dVertex
 10
-252.5652080861144
 20
1.675725748226199
 30
0.0
  0
VERTEX
  5
2C2
330
28F
100
AcDbEntity
  8
outside1_T
100
AcDbVertex
100
AcDb2dVertex
 10
-253.0055675702421
 20
1.683921035811053
 30
0.0
  0
VERTEX
  5
2C3
330
28F
100
AcDbEntity
  8
outside1_T
100
AcDbVertex
100
AcDb2dVertex
 10
-253.4459301470235
 20
1.692215451550027
 30
0.0
  0
VERTEX
  5
2C4
330
28F
100
AcDbEntity
  8
outside1_T
100
AcDbVertex
100
AcDb2dVertex
 10
-253.8862259432955
 20
1.700502888087158
 30
0.0
  0
VERTEX
  5
2C5
330
28F
100
AcDbEntity
  8
outside1_T
100
AcDbVertex
100
AcDb2dVertex
 10
-254.3266840695711
 20
1.708797236862054
 30
0.0
  0
VERTEX
  5
2C6
330
28F
100
AcDbEntity
  8
outside1_T
100
AcDbVertex
100
AcDb2dVertex
 10
-254.7669463592512
 20
1.717190736155345
 30
0.0
  0
VERTEX
  5
2C7
330
28F
100
AcDbEntity
  8
outside1_T
100
AcDbVertex
100
AcDb2dVertex
 10
-255.2073388711082
 20
1.725584864873753
 30
0.0
  0
VERTEX
  5
2C8
330
28F
100
AcDbEntity
  8
outside1_T
100
AcDbVertex
100
AcDb2dVertex
 10
-255.6477014600596
 20
1.733978386915098
 30
0.0
  0
VERTEX
  5
2C9
330
28F
100
AcDbEntity
  8
outside1_T
100
AcDbVertex
100
AcDb2dVertex
 10
-256.0880640266565
 20
1.742471014598493
 30
0.0
  0
VERTEX
  5
2CA
330
28F
100
AcDbEntity
  8
outside1_T
100
AcDbVertex
100
AcDb2dVertex
 10
-256.5284525728061
 20
1.750971767345789
 30
0.0
  0
VERTEX
  5
2CB
330
28F
100
AcDbEntity
  8
outside1_T
100
AcDbVertex
100
AcDb2dVertex
 10
-256.9688486372228
 20
1.759465077852013
 30
0.0
  0
VERTEX
  5
2CC
330
28F
100
AcDbEntity
  8
outside1_T
100
AcDbVertex
100
AcDb2dVertex
 10
-257.4092106161712
 20
1.767957694202295
 30
0.0
  0
VERTEX
  5
2CD
330
28F
100
AcDbEntity
  8
outside1_T
100
AcDbVertex
100
AcDb2dVertex
 10
-257.8494715534695
 20
1.776549415906274
 30
0.0
  0
VERTEX
  5
2CE
330
28F
100
AcDbEntity
  8
outside1_T
100
AcDbVertex
100
AcDb2dVertex
 10
-258.2898329803745
 20
1.785141127424438
 30
0.0
  0
VERTEX
  5
2CF
330
28F
100
AcDbEntity
  8
outside1_T
100
AcDbVertex
100
AcDb2dVertex
 10
-258.730193186081
 20
1.793839544153187
 30
0.0
  0
VERTEX
  5
2D0
330
28F
100
AcDbEntity
  8
outside1_T
100
AcDbVertex
100
AcDb2dVertex
 10
-259.1704889247276
 20
1.802531058793278
 30
0.0
  0
VERTEX
  5
2D1
330
28F
100
AcDbEntity
  8
outside1_T
100
AcDbVertex
100
AcDb2dVertex
 10
-259.6108834298489
 20
1.811222528943119
 30
0.0
  0
VERTEX
  5
2D2
330
28F
100
AcDbEntity
  8
outside1_T
100
AcDbVertex
100
AcDb2dVertex
 10
-260.0512430110528
 20
1.819920933376991
 30
0.0
  0
VERTEX
  5
2D3
330
28F
100
AcDbEntity
  8
outside1_T
100
AcDbVertex
100
AcDb2dVertex
 10
-260.4915376234026
 20
1.828711539271154
 30
0.0
  0
VERTEX
  5
2D4
330
28F
100
AcDbEntity
  8
outside1_T
100
AcDbVertex
100
AcDb2dVertex
 10
-260.9318978101866
 20
1.837402332123617
 30
0.0
  0
VERTEX
  5
2D5
330
28F
100
AcDbEntity
  8
outside1_T
100
AcDbVertex
100
AcDb2dVertex
 10
-261.3721574531235
 20
1.846299007505564
 30
0.0
  0
VERTEX
  5
2D6
330
28F
100
AcDbEntity
  8
outside1_T
100
AcDbVertex
100
AcDb2dVertex
 10
-261.812550746677
 20
1.855089566724928
 30
0.0
  0
VERTEX
  5
2D7
330
28F
100
AcDbEntity
  8
outside1_T
100
AcDbVertex
100
AcDb2dVertex
 10
-262.2528112198976
 20
1.863986181858095
 30
0.0
  0
VERTEX
  5
2D8
330
28F
100
AcDbEntity
  8
outside1_T
100
AcDbVertex
100
AcDb2dVertex
 10
-262.6932104536552
 20
1.872875974033548
 30
0.0
  0
VERTEX
  5
2D9
330
28F
100
AcDbEntity
  8
outside1_T
100
AcDbVertex
100
AcDb2dVertex
 10
-263.1334947865069
 20
1.881773148410389
 30
0.0
  0
VERTEX
  5
2DA
330
28F
100
AcDbEntity
  8
outside1_T
100
AcDbVertex
100
AcDb2dVertex
 10
-263.5737612723418
 20
1.890662261489808
 30
0.0
  0
VERTEX
  5
2DB
330
28F
100
AcDbEntity
  8
outside1_T
100
AcDbVertex
100
AcDb2dVertex
 10
-264.0141220992568
 20
1.899658007519051
 30
0.0
  0
VERTEX
  5
2DC
330
28F
100
AcDbEntity
  8
outside1_T
100
AcDbVertex
100
AcDb2dVertex
 10
-264.4544150013537
 20
1.908654390661042
 30
0.0
  0
VERTEX
  5
2DD
330
28F
100
AcDbEntity
  8
outside1_T
100
AcDbVertex
100
AcDb2dVertex
 10
-264.8947767161603
 20
1.917642609165597
 30
0.0
  0
VERTEX
  5
2DE
330
28F
100
AcDbEntity
  8
outside1_T
100
AcDbVertex
100
AcDb2dVertex
 10
-265.335037200574
 20
1.926737435321314
 30
0.0
  0
VERTEX
  5
2DF
330
28F
100
AcDbEntity
  8
outside1_T
100
AcDbVertex
100
AcDb2dVertex
 10
-265.7753620406281
 20
1.935833590924886
 30
0.0
  0
VERTEX
  5
2E0
330
28F
100
AcDbEntity
  8
outside1_T
100
AcDbVertex
100
AcDb2dVertex
 10
-266.215624680623
 20
1.944829433612242
 30
0.0
  0
VERTEX
  5
2E1
330
28F
100
AcDbEntity
  8
outside1_T
100
AcDbVertex
100
AcDb2dVertex
 10
-266.6559872670775
 20
1.954015804186696
 30
0.0
  0
VERTEX
  5
2E2
330
28F
100
AcDbEntity
  8
outside1_T
100
AcDbVertex
100
AcDb2dVertex
 10
-267.0962784211205
 20
1.963111263910392
 30
0.0
  0
VERTEX
  5
2E3
330
28F
100
AcDbEntity
  8
outside1_T
100
AcDbVertex
100
AcDb2dVertex
 10
-267.5365418707556
 20
1.972305257386807
 30
0.0
  0
VERTEX
  5
2E4
330
28F
100
AcDbEntity
  8
outside1_T
100
AcDbVertex
100
AcDb2dVertex
 10
-267.9768321660922
 20
1.981499891086827
 30
0.0
  0
VERTEX
  5
2E5
330
28F
100
AcDbEntity
  8
outside1_T
100
AcDbVertex
100
AcDb2dVertex
 10
-268.4171263721211
 20
1.990694526847065
 30
0.0
  0
VERTEX
  5
2E6
330
28F
100
AcDbEntity
  8
outside1_T
100
AcDbVertex
100
AcDb2dVertex
 10
-268.8575209240135
 20
1.999889188350537
 30
0.0
  0
VERTEX
  5
2E7
330
28F
100
AcDbEntity
  8
outside1_T
100
AcDbVertex
100
AcDb2dVertex
 10
-269.2977816171123
 20
2.009075580322872
 30
0.0
  0
VERTEX
  5
2E8
330
28F
100
AcDbEntity
  8
outside1_T
100
AcDbVertex
100
AcDb2dVertex
 10
-269.7380427297653
 20
2.018368630535832
 30
0.0
  0
VERTEX
  5
2E9
330
28F
100
AcDbEntity
  8
outside1_T
100
AcDbVertex
100
AcDb2dVertex
 10
-270.1783368864669
 20
2.027662378243988
 30
0.0
  0
VERTEX
  5
2EA
330
28F
100
AcDbEntity
  8
outside1_T
100
AcDbVertex
100
AcDb2dVertex
 10
-270.6186271812724
 20
2.036956124899717
 30
0.0
  0
VERTEX
  5
2EB
330
28F
100
AcDbEntity
  8
outside1_T
100
AcDbVertex
100
AcDb2dVertex
 10
-271.058890681465
 20
2.046249225508973
 30
0.0
  0
VERTEX
  5
2EC
330
28F
100
AcDbEntity
  8
outside1_T
100
AcDbVertex
100
AcDb2dVertex
 10
-271.4991848132665
 20
2.055642085663933
 30
0.0
  0
VERTEX
  5
2ED
330
28F
100
AcDbEntity
  8
outside1_T
100
AcDbVertex
100
AcDb2dVertex
 10
-271.9394751579304
 20
2.064935833372076
 30
0.0
  0
VERTEX
  5
2EE
330
28F
100
AcDbEntity
  8
outside1_T
100
AcDbVertex
100
AcDb2dVertex
 10
-272.3797386333735
 20
2.0743280395304
 30
0.0
  0
VERTEX
  5
2EF
330
28F
100
AcDbEntity
  8
outside1_T
100
AcDbVertex
100
AcDb2dVertex
 10
-272.8199996966986
 20
2.083727817773735
 30
0.0
  0
VERTEX
  5
2F0
330
28F
100
AcDbEntity
  8
outside1_T
100
AcDbVertex
100
AcDb2dVertex
 10
-273.2602924033828
 20
2.093219842359389
 30
0.0
  0
VERTEX
  5
2F1
330
28F
100
AcDbEntity
  8
outside1_T
100
AcDbVertex
100
AcDb2dVertex
 10
-273.7006172914406
 20
2.102613358642145
 30
0.0
  0
VERTEX
  5
2F2
330
28F
100
AcDbEntity
  8
outside1_T
100
AcDbVertex
100
AcDb2dVertex
 10
-274.1408769050329
 20
2.112005563732112
 30
0.0
  0
VERTEX
  5
2F3
330
28F
100
AcDbEntity
  8
outside1_T
100
AcDbVertex
100
AcDb2dVertex
 10
-274.5811403811645
 20
2.121496875976746
 30
0.0
  0
VERTEX
  5
2F4
330
28F
100
AcDbEntity
  8
outside1_T
100
AcDbVertex
100
AcDb2dVertex
 10
-275.021434537866
 20
2.130988849640929
 30
0.0
  0
VERTEX
  5
2F5
330
28F
100
AcDbEntity
  8
outside1_T
100
AcDbVertex
100
AcDb2dVertex
 10
-275.4616243943926
 20
2.140480793655613
 30
0.0
  0
VERTEX
  5
2F6
330
28F
100
AcDbEntity
  8
outside1_T
100
AcDbVertex
100
AcDb2dVertex
 10
-275.9018868331195
 20
2.149979707082181
 30
0.0
  0
VERTEX
  5
2F7
330
28F
100
AcDbEntity
  8
outside1_T
100
AcDbVertex
100
AcDb2dVertex
 10
-276.3421795397114
 20
2.159570845175566
 30
0.0
  0
VERTEX
  5
2F8
330
28F
100
AcDbEntity
  8
outside1_T
100
AcDbVertex
100
AcDb2dVertex
 10
-276.7824737221571
 20
2.169062819394753
 30
0.0
  0
VERTEX
  5
2F9
330
28F
100
AcDbEntity
  8
outside1_T
100
AcDbVertex
100
AcDb2dVertex
 10
-277.2227654914159
 20
2.178653854030415
 30
0.0
  0
VERTEX
  5
2FA
330
28F
100
AcDbEntity
  8
outside1_T
100
AcDbVertex
100
AcDb2dVertex
 10
-277.6630551670718
 20
2.188153437335487
 30
0.0
  0
VERTEX
  5
2FB
330
28F
100
AcDbEntity
  8
outside1_T
100
AcDbVertex
100
AcDb2dVertex
 10
-278.1032212239365
 20
2.197743892404304
 30
0.0
  0
VERTEX
  5
2FC
330
28F
100
AcDbEntity
  8
outside1_T
100
AcDbVertex
100
AcDb2dVertex
 10
-278.5435128551728
 20
2.207335007075642
 30
0.0
  0
VERTEX
  5
2FD
330
28F
100
AcDbEntity
  8
outside1_T
100
AcDbVertex
100
AcDb2dVertex
 10
-278.98377399642
 20
2.216925374530291
 30
0.0
  0
VERTEX
  5
2FE
330
28F
100
AcDbEntity
  8
outside1_T
100
AcDbVertex
100
AcDb2dVertex
 10
-279.4240674583586
 20
2.226623182923049
 30
0.0
  0
VERTEX
  5
2FF
330
28F
100
AcDbEntity
  8
outside1_T
100
AcDbVertex
100
AcDb2dVertex
 10
-279.8642586900446
 20
2.236214269565252
 30
0.0
  0
VERTEX
  5
300
330
28F
100
AcDbEntity
  8
outside1_T
100
AcDbVertex
100
AcDb2dVertex
 10
-280.3045535415091
 20
2.245912108563417
 30
0.0
  0
VERTEX
  5
301
330
28F
100
AcDbEntity
  8
outside1_T
100
AcDbVertex
100
AcDb2dVertex
 10
-280.7448500341199
 20
2.255503246089575
 30
0.0
  0
VERTEX
  5
302
330
28F
100
AcDbEntity
  8
outside1_T
100
AcDbVertex
100
AcDb2dVertex
 10
-281.185109647953
 20
2.265192769365441
 30
0.0
  0
VERTEX
  5
303
330
28F
100
AcDbEntity
  8
outside1_T
100
AcDbVertex
100
AcDb2dVertex
 10
-281.6252986669695
 20
2.274890460398652
 30
0.0
  0
VERTEX
  5
304
330
28F
100
AcDbEntity
  8
outside1_T
100
AcDbVertex
100
AcDb2dVertex
 10
-282.0655950363405
 20
2.284580792681112
 30
0.0
  0
VERTEX
  5
305
330
28F
100
AcDbEntity
  8
outside1_T
100
AcDbVertex
100
AcDb2dVertex
 10
-282.5057887802157
 20
2.294270963690323
 30
0.0
  0
VERTEX
  5
306
330
28F
100
AcDbEntity
  8
outside1_T
100
AcDbVertex
100
AcDb2dVertex
 10
-282.9460757008906
 20
2.303968711990578
 30
0.0
  0
VERTEX
  5
307
330
28F
100
AcDbEntity
  8
outside1_T
100
AcDbVertex
100
AcDb2dVertex
 10
-283.3863746334119
 20
2.313659016761065
 30
0.0
  0
VERTEX
  5
308
330
28F
100
AcDbEntity
  8
outside1_T
100
AcDbVertex
100
AcDb2dVertex
 10
-283.8265320961887
 20
2.32335609656478
 30
0.0
  0
VERTEX
  5
309
330
28F
100
AcDbEntity
  8
outside1_T
100
AcDbVertex
100
AcDb2dVertex
 10
-284.2668269553672
 20
2.333145424781591
 30
0.0
  0
VERTEX
  5
30A
330
28F
100
AcDbEntity
  8
outside1_T
100
AcDbVertex
100
AcDb2dVertex
 10
-284.7071204029757
 20
2.342843232858726
 30
0.0
  0
VERTEX
  5
30B
330
28F
100
AcDbEntity
  8
outside1_T
100
AcDbVertex
100
AcDb2dVertex
 10
-285.1473139965549
 20
2.352632597982563
 30
0.0
  0
VERTEX
  5
30C
330
28F
100
AcDbEntity
  8
outside1_T
100
AcDbVertex
100
AcDb2dVertex
 10
-285.5876064742103
 20
2.362322760649562
 30
0.0
  0
VERTEX
  5
30D
330
28F
100
AcDbEntity
  8
outside1_T
100
AcDbVertex
100
AcDb2dVertex
 10
-286.0278637263396
 20
2.372118960978327
 30
0.0
  0
VERTEX
  5
30E
330
28F
100
AcDbEntity
  8
outside1_T
100
AcDbVertex
100
AcDb2dVertex
 10
-286.4680621807062
 20
2.381908349445752
 30
0.0
  0
VERTEX
  5
30F
330
28F
100
AcDbEntity
  8
outside1_T
100
AcDbVertex
100
AcDb2dVertex
 10
-286.9083491147272
 20
2.391705210250052
 30
0.0
  0
VERTEX
  5
310
330
28F
100
AcDbEntity
  8
outside1_T
100
AcDbVertex
100
AcDb2dVertex
 10
-287.3485765944185
 20
2.401495244199467
 30
0.0
  0
VERTEX
  5
311
330
28F
100
AcDbEntity
  8
outside1_T
100
AcDbVertex
100
AcDb2dVertex
 10
-287.7888707248389
 20
2.411193067316049
 30
0.0
  0
VERTEX
  5
312
330
28F
100
AcDbEntity
  8
outside1_T
100
AcDbVertex
100
AcDb2dVertex
 10
-288.2290005481273
 20
2.420981014266914
 30
0.0
  0
VERTEX
  5
313
330
28F
100
AcDbEntity
  8
outside1_T
100
AcDbVertex
100
AcDb2dVertex
 10
-288.6692947048289
 20
2.43087706391843
 30
0.0
  0
VERTEX
  5
314
330
28F
100
AcDbEntity
  8
outside1_T
100
AcDbVertex
100
AcDb2dVertex
 10
-289.109518293332
 20
2.440667096092554
 30
0.0
  0
VERTEX
  5
315
330
28F
100
AcDbEntity
  8
outside1_T
100
AcDbVertex
100
AcDb2dVertex
 10
-289.5498091444812
 20
2.450463959234582
 30
0.0
  0
VERTEX
  5
316
330
28F
100
AcDbEntity
  8
outside1_T
100
AcDbVertex
100
AcDb2dVertex
 10
-289.990104160358
 20
2.460253375731469
 30
0.0
  0
VERTEX
  5
317
330
28F
100
AcDbEntity
  8
outside1_T
100
AcDbVertex
100
AcDb2dVertex
 10
-290.4302931661697
 20
2.470050178092606
 30
0.0
  0
VERTEX
  5
318
330
28F
100
AcDbEntity
  8
outside1_T
100
AcDbVertex
100
AcDb2dVertex
 10
-290.8705848249787
 20
2.479847144010392
 30
0.0
  0
VERTEX
  5
319
330
28F
100
AcDbEntity
  8
outside1_T
100
AcDbVertex
100
AcDb2dVertex
 10
-291.3107508962492
 20
2.489635812323741
 30
0.0
  0
VERTEX
  5
31A
330
28F
100
AcDbEntity
  8
outside1_T
100
AcDbVertex
100
AcDb2dVertex
 10
-291.7510450266938
 20
2.499531861385094
 30
0.0
  0
VERTEX
  5
31B
330
28F
100
AcDbEntity
  8
outside1_T
100
AcDbVertex
100
AcDb2dVertex
 10
-292.1912686151961
 20
2.509321893559203
 30
0.0
  0
VERTEX
  5
31C
330
28F
100
AcDbEntity
  8
outside1_T
100
AcDbVertex
100
AcDb2dVertex
 10
-292.6315594663453
 20
2.519118756701232
 30
0.0
  0
VERTEX
  5
31D
330
28F
100
AcDbEntity
  8
outside1_T
100
AcDbVertex
100
AcDb2dVertex
 10
-293.0717254584957
 20
2.52890742325441
 30
0.0
  0
VERTEX
  5
31E
330
28F
100
AcDbEntity
  8
outside1_T
100
AcDbVertex
100
AcDb2dVertex
 10
-293.5120157769035
 20
2.538803472315763
 30
0.0
  0
VERTEX
  5
31F
330
28F
100
AcDbEntity
  8
outside1_T
100
AcDbVertex
100
AcDb2dVertex
 10
-293.9522393919711
 20
2.54859350508066
 30
0.0
  0
VERTEX
  5
320
330
28F
100
AcDbEntity
  8
outside1_T
100
AcDbVertex
100
AcDb2dVertex
 10
-294.3924973993978
 20
2.558389722236271
 30
0.0
  0
VERTEX
  5
321
330
28F
100
AcDbEntity
  8
outside1_T
100
AcDbVertex
100
AcDb2dVertex
 10
-294.8326962551599
 20
2.568278147812549
 30
0.0
  0
VERTEX
  5
322
330
28F
100
AcDbEntity
  8
outside1_T
100
AcDbVertex
100
AcDb2dVertex
 10
-295.2730155789539
 20
2.578075729303038
 30
0.0
  0
VERTEX
  5
323
330
28F
100
AcDbEntity
  8
outside1_T
100
AcDbVertex
100
AcDb2dVertex
 10
-295.713210168746
 20
2.587865116602117
 30
0.0
  0
VERTEX
  5
324
330
28F
100
AcDbEntity
  8
outside1_T
100
AcDbVertex
100
AcDb2dVertex
 10
-296.1534658138235
 20
2.597661281192899
 30
0.0
  0
VERTEX
  5
325
330
28F
100
AcDbEntity
  8
outside1_T
100
AcDbVertex
100
AcDb2dVertex
 10
-296.593667031453
 20
2.607557383941241
 30
0.0
  0
VERTEX
  5
326
330
28F
100
AcDbEntity
  8
outside1_T
100
AcDbVertex
100
AcDb2dVertex
 10
-297.0339910794958
 20
2.61734744589252
 30
0.0
  0
VERTEX
  5
327
330
28F
100
AcDbEntity
  8
outside1_T
100
AcDbVertex
100
AcDb2dVertex
 10
-297.4741762206922
 20
2.627144247083493
 30
0.0
  0
VERTEX
  5
328
330
28F
100
AcDbEntity
  8
outside1_T
100
AcDbVertex
100
AcDb2dVertex
 10
-297.9144803849463
 20
2.63693369749933
 30
0.0
  0
VERTEX
  5
329
330
28F
100
AcDbEntity
  8
outside1_T
100
AcDbVertex
100
AcDb2dVertex
 10
-298.3546654211173
 20
2.646730496355218
 30
0.0
  0
VERTEX
  5
32A
330
28F
100
AcDbEntity
  8
outside1_T
100
AcDbVertex
100
AcDb2dVertex
 10
-298.7949618562707
 20
2.656519944435956
 30
0.0
  0
VERTEX
  5
32B
330
28F
100
AcDbEntity
  8
outside1_T
100
AcDbVertex
100
AcDb2dVertex
 10
-299.2352474771679
 20
2.666316776041413
 30
0.0
  0
VERTEX
  5
32C
330
28F
100
AcDbEntity
  8
outside1_T
100
AcDbVertex
100
AcDb2dVertex
 10
-299.6754497961079
 20
2.67610616567714
 30
0.0
  0
VERTEX
  5
32D
330
28F
100
AcDbEntity
  8
outside1_T
100
AcDbVertex
100
AcDb2dVertex
 10
-300.115736677593
 20
2.685903025313124
 30
0.0
  0
VERTEX
  5
32E
330
28F
100
AcDbEntity
  8
outside1_T
100
AcDbVertex
100
AcDb2dVertex
 10
-300.5559312673851
 20
2.695692412612203
 30
0.0
  0
VERTEX
  5
32F
330
28F
100
AcDbEntity
  8
outside1_T
100
AcDbVertex
100
AcDb2dVertex
 10
-300.9962182539429
 20
2.705489274584849
 30
0.0
  0
VERTEX
  5
330
330
28F
100
AcDbEntity
  8
outside1_T
100
AcDbVertex
100
AcDb2dVertex
 10
-301.436451907842
 20
2.71527936105953
 30
0.0
  0
VERTEX
  5
331
330
28F
100
AcDbEntity
  8
outside1_T
100
AcDbVertex
100
AcDb2dVertex
 10
-301.8767398375399
 20
2.724969507529593
 30
0.0
  0
VERTEX
  5
332
330
28F
100
AcDbEntity
  8
outside1_T
100
AcDbVertex
100
AcDb2dVertex
 10
-302.3169311212149
 20
2.734766445360137
 30
0.0
  0
VERTEX
  5
333
330
28F
100
AcDbEntity
  8
outside1_T
100
AcDbVertex
100
AcDb2dVertex
 10
-302.7572297733287
 20
2.744456660020262
 30
0.0
  0
VERTEX
  5
334
330
28F
100
AcDbEntity
  8
outside1_T
100
AcDbVertex
100
AcDb2dVertex
 10
-303.1975193900838
 20
2.754253580496979
 30
0.0
  0
VERTEX
  5
335
330
28F
100
AcDbEntity
  8
outside1_T
100
AcDbVertex
100
AcDb2dVertex
 10
-303.6377106217696
 20
2.763943780117202
 30
0.0
  0
VERTEX
  5
336
330
28F
100
AcDbEntity
  8
outside1_T
100
AcDbVertex
100
AcDb2dVertex
 10
-304.0780016943426
 20
2.773740732987434
 30
0.0
  0
VERTEX
  5
337
330
28F
100
AcDbEntity
  8
outside1_T
100
AcDbVertex
100
AcDb2dVertex
 10
-304.5183327817403
 20
2.783431661492273
 30
0.0
  0
VERTEX
  5
338
330
28F
100
AcDbEntity
  8
outside1_T
100
AcDbVertex
100
AcDb2dVertex
 10
-304.9585178327091
 20
2.793129349090776
 30
0.0
  0
VERTEX
  5
339
330
28F
100
AcDbEntity
  8
outside1_T
100
AcDbVertex
100
AcDb2dVertex
 10
-305.3988142541265
 20
2.802819682519868
 30
0.0
  0
VERTEX
  5
33A
330
28F
100
AcDbEntity
  8
outside1_T
100
AcDbVertex
100
AcDb2dVertex
 10
-305.8391123268294
 20
2.812509884428167
 30
0.0
  0
VERTEX
  5
33B
330
28F
100
AcDbEntity
  8
outside1_T
100
AcDbVertex
100
AcDb2dVertex
 10
-306.2792973777982
 20
2.82220757202667
 30
0.0
  0
VERTEX
  5
33C
330
28F
100
AcDbEntity
  8
outside1_T
100
AcDbVertex
100
AcDb2dVertex
 10
-306.7195937992156
 20
2.831897905455776
 30
0.0
  0
VERTEX
  5
33D
330
28F
100
AcDbEntity
  8
outside1_T
100
AcDbVertex
100
AcDb2dVertex
 10
-307.1599125385187
 20
2.84159635461171
 30
0.0
  0
VERTEX
  5
33E
330
28F
100
AcDbEntity
  8
outside1_T
100
AcDbVertex
100
AcDb2dVertex
 10
-307.6002436258964
 20
2.851188162682917
 30
0.0
  0
VERTEX
  5
33F
330
28F
100
AcDbEntity
  8
outside1_T
100
AcDbVertex
100
AcDb2dVertex
 10
-308.0404010184631
 20
2.860778512026826
 30
0.0
  0
VERTEX
  5
340
330
28F
100
AcDbEntity
  8
outside1_T
100
AcDbVertex
100
AcDb2dVertex
 10
-308.4806920836077
 20
2.870476351591563
 30
0.0
  0
VERTEX
  5
341
330
28F
100
AcDbEntity
  8
outside1_T
100
AcDbVertex
100
AcDb2dVertex
 10
-308.9210231709856
 20
2.880068159662784
 30
0.0
  0
VERTEX
  5
342
330
28F
100
AcDbEntity
  8
outside1_T
100
AcDbVertex
100
AcDb2dVertex
 10
-309.3613134127477
 20
2.889659244063452
 30
0.0
  0
VERTEX
  5
343
330
28F
100
AcDbEntity
  8
outside1_T
100
AcDbVertex
100
AcDb2dVertex
 10
-309.8016037574118
 20
2.899250330705655
 30
0.0
  0
VERTEX
  5
344
330
28F
100
AcDbEntity
  8
outside1_T
100
AcDbVertex
100
AcDb2dVertex
 10
-310.2418971052271
 20
2.908848940723828
 30
0.0
  0
VERTEX
  5
345
330
28F
100
AcDbEntity
  8
outside1_T
100
AcDbVertex
100
AcDb2dVertex
 10
-310.6822227763758
 20
2.918440796941411
 30
0.0
  0
VERTEX
  5
346
330
28F
100
AcDbEntity
  8
outside1_T
100
AcDbVertex
100
AcDb2dVertex
 10
-311.1225438267577
 20
2.927933432573013
 30
0.0
  0
VERTEX
  5
347
330
28F
100
AcDbEntity
  8
outside1_T
100
AcDbVertex
100
AcDb2dVertex
 10
-311.5627013801296
 20
2.937424680024975
 30
0.0
  0
VERTEX
  5
348
330
28F
100
AcDbEntity
  8
outside1_T
100
AcDbVertex
100
AcDb2dVertex
 10
-312.0030006728062
 20
2.947023419604889
 30
0.0
  0
VERTEX
  5
349
330
28F
100
AcDbEntity
  8
outside1_T
100
AcDbVertex
100
AcDb2dVertex
 10
-312.4434238084683
 20
2.956516119151303
 30
0.0
  0
VERTEX
  5
34A
330
28F
100
AcDbEntity
  8
outside1_T
100
AcDbVertex
100
AcDb2dVertex
 10
-312.8836123922718
 20
2.966008035731264
 30
0.0
  0
VERTEX
  5
34B
330
28F
100
AcDbEntity
  8
outside1_T
100
AcDbVertex
100
AcDb2dVertex
 10
-313.3240422169824
 20
2.975500715126131
 30
0.0
  0
VERTEX
  5
34C
330
28F
100
AcDbEntity
  8
outside1_T
100
AcDbVertex
100
AcDb2dVertex
 10
-313.7643318998217
 20
2.984893561693369
 30
0.0
  0
VERTEX
  5
34D
330
28F
100
AcDbEntity
  8
outside1_T
100
AcDbVertex
100
AcDb2dVertex
 10
-314.2046275065393
 20
2.994385484436933
 30
0.0
  0
VERTEX
  5
34E
330
28F
100
AcDbEntity
  8
outside1_T
100
AcDbVertex
100
AcDb2dVertex
 10
-314.6449461444229
 20
3.00378657327694
 30
0.0
  0
VERTEX
  5
34F
330
28F
100
AcDbEntity
  8
outside1_T
100
AcDbVertex
100
AcDb2dVertex
 10
-315.0852412131317
 20
3.013179534783632
 30
0.0
  0
VERTEX
  5
350
330
28F
100
AcDbEntity
  8
outside1_T
100
AcDbVertex
100
AcDb2dVertex
 10
-315.5255392826488
 20
3.022572397619683
 30
0.0
  0
VERTEX
  5
351
330
28F
100
AcDbEntity
  8
outside1_T
100
AcDbVertex
100
AcDb2dVertex
 10
-315.9659600009143
 20
3.03196592505175
 30
0.0
  0
VERTEX
  5
352
330
28F
100
AcDbEntity
  8
outside1_T
100
AcDbVertex
100
AcDb2dVertex
 10
-316.4062497410442
 20
3.041259659999255
 30
0.0
  0
VERTEX
  5
353
330
28F
100
AcDbEntity
  8
outside1_T
100
AcDbVertex
100
AcDb2dVertex
 10
-316.8465483577783
 20
3.050652534509069
 30
0.0
  0
VERTEX
  5
354
330
28F
100
AcDbEntity
  8
outside1_T
100
AcDbVertex
100
AcDb2dVertex
 10
-317.2869691196533
 20
3.059946942845301
 30
0.0
  0
VERTEX
  5
355
330
28F
100
AcDbEntity
  8
outside1_T
100
AcDbVertex
100
AcDb2dVertex
 10
-317.7272581682789
 20
3.069240663199466
 30
0.0
  0
VERTEX
  5
356
330
28F
100
AcDbEntity
  8
outside1_T
100
AcDbVertex
100
AcDb2dVertex
 10
-318.167556236734
 20
3.078534413012406
 30
0.0
  0
VERTEX
  5
357
330
28F
100
AcDbEntity
  8
outside1_T
100
AcDbVertex
100
AcDb2dVertex
 10
-318.6079769495742
 20
3.08782882031646
 30
0.0
  0
VERTEX
  5
358
330
28F
100
AcDbEntity
  8
outside1_T
100
AcDbVertex
100
AcDb2dVertex
 10
-319.048297353256
 20
3.097024082772563
 30
0.0
  0
VERTEX
  5
359
330
28F
100
AcDbEntity
  8
outside1_T
100
AcDbVertex
100
AcDb2dVertex
 10
-319.4887005388588
 20
3.106211220827333
 30
0.0
  0
VERTEX
  5
35A
330
28F
100
AcDbEntity
  8
outside1_T
100
AcDbVertex
100
AcDb2dVertex
 10
-319.9289847796372
 20
3.115405728157583
 30
0.0
  0
VERTEX
  5
35B
330
28F
100
AcDbEntity
  8
outside1_T
100
AcDbVertex
100
AcDb2dVertex
 10
-320.3693832421989
 20
3.124600391720548
 30
0.0
  0
VERTEX
  5
35C
330
28F
100
AcDbEntity
  8
outside1_T
100
AcDbVertex
100
AcDb2dVertex
 10
-320.8098026674332
 20
3.13379565212658
 30
0.0
  0
VERTEX
  5
35D
330
28F
100
AcDbEntity
  8
outside1_T
100
AcDbVertex
100
AcDb2dVertex
 10
-321.2501230784581
 20
3.142891794989822
 30
0.0
  0
VERTEX
  5
35E
330
28F
100
AcDbEntity
  8
outside1_T
100
AcDbVertex
100
AcDb2dVertex
 10
-321.6905215261542
 20
3.151987344956922
 30
0.0
  0
VERTEX
  5
35F
330
28F
100
AcDbEntity
  8
outside1_T
100
AcDbVertex
100
AcDb2dVertex
 10
-322.1309156094372
 20
3.161075338127958
 30
0.0
  0
VERTEX
  5
360
330
28F
100
AcDbEntity
  8
outside1_T
100
AcDbVertex
100
AcDb2dVertex
 10
-322.5713387175962
 20
3.170171397443426
 30
0.0
  0
VERTEX
  5
361
330
28F
100
AcDbEntity
  8
outside1_T
100
AcDbVertex
100
AcDb2dVertex
 10
-323.0117588274571
 20
3.179168432390284
 30
0.0
  0
VERTEX
  5
362
330
28F
100
AcDbEntity
  8
outside1_T
100
AcDbVertex
100
AcDb2dVertex
 10
-323.4520526418109
 20
3.188157287946964
 30
0.0
  0
VERTEX
  5
363
330
28F
100
AcDbEntity
  8
outside1_T
100
AcDbVertex
100
AcDb2dVertex
 10
-323.8924463503245
 20
3.197153627834268
 30
0.0
  0
VERTEX
  5
364
330
28F
100
AcDbEntity
  8
outside1_T
100
AcDbVertex
100
AcDb2dVertex
 10
-324.3328688220996
 20
3.206150711031029
 30
0.0
  0
VERTEX
  5
365
330
28F
100
AcDbEntity
  8
outside1_T
100
AcDbVertex
100
AcDb2dVertex
 10
-324.7732659038167
 20
3.215040382751866
 30
0.0
  0
VERTEX
  5
366
330
28F
100
AcDbEntity
  8
outside1_T
100
AcDbVertex
100
AcDb2dVertex
 10
-325.2136860624821
 20
3.22403741869573
 30
0.0
  0
VERTEX
  5
367
330
28F
100
AcDbEntity
  8
outside1_T
100
AcDbVertex
100
AcDb2dVertex
 10
-325.6541144658819
 20
3.232828602635905
 30
0.0
  0
VERTEX
  5
368
330
28F
100
AcDbEntity
  8
outside1_T
100
AcDbVertex
100
AcDb2dVertex
 10
-326.0945705461359
 20
3.241725242168869
 30
0.0
  0
VERTEX
  5
369
330
28F
100
AcDbEntity
  8
outside1_T
100
AcDbVertex
100
AcDb2dVertex
 10
-326.534999498636
 20
3.250615557243492
 30
0.0
  0
VERTEX
  5
36A
330
28F
100
AcDbEntity
  8
outside1_T
100
AcDbVertex
100
AcDb2dVertex
 10
-326.9754172487653
 20
3.259414305294143
 30
0.0
  0
VERTEX
  5
36B
330
28F
100
AcDbEntity
  8
outside1_T
100
AcDbVertex
100
AcDb2dVertex
 10
-327.415840423189
 20
3.268205537094289
 30
0.0
  0
VERTEX
  5
36C
330
28F
100
AcDbEntity
  8
outside1_T
100
AcDbVertex
100
AcDb2dVertex
 10
-327.8563656113867
 20
3.276905179507935
 30
0.0
  0
VERTEX
  5
36D
330
28F
100
AcDbEntity
  8
outside1_T
100
AcDbVertex
100
AcDb2dVertex
 10
-328.2967584865523
 20
3.285596692741763
 30
0.0
  0
VERTEX
  5
36E
330
28F
100
AcDbEntity
  8
outside1_T
100
AcDbVertex
100
AcDb2dVertex
 10
-328.7372559860272
 20
3.294288164254311
 30
0.0
  0
VERTEX
  5
36F
330
28F
100
AcDbEntity
  8
outside1_T
100
AcDbVertex
100
AcDb2dVertex
 10
-329.177639415443
 20
3.302987115084619
 30
0.0
  0
VERTEX
  5
370
330
28F
100
AcDbEntity
  8
outside1_T
100
AcDbVertex
100
AcDb2dVertex
 10
-329.6181716885174
 20
3.31167927277977
 30
0.0
  0
VERTEX
  5
371
330
28F
100
AcDbEntity
  8
outside1_T
100
AcDbVertex
100
AcDb2dVertex
 10
-330.0585911964692
 20
3.320272191870899
 30
0.0
  0
VERTEX
  5
372
330
28F
100
AcDbEntity
  8
outside1_T
100
AcDbVertex
100
AcDb2dVertex
 10
-330.499119331075
 20
3.32886514768164
 30
0.0
  0
VERTEX
  5
373
330
28F
100
AcDbEntity
  8
outside1_T
100
AcDbVertex
100
AcDb2dVertex
 10
-330.9396055404969
 20
3.337358321963279
 30
0.0
  0
VERTEX
  5
374
330
28F
100
AcDbEntity
  8
outside1_T
100
AcDbVertex
100
AcDb2dVertex
 10
-331.3801318464328
 20
3.345958866697273
 30
0.0
  0
VERTEX
  5
375
330
28F
100
AcDbEntity
  8
outside1_T
100
AcDbVertex
100
AcDb2dVertex
 10
-331.8205543610623
 20
3.354353603615493
 30
0.0
  0
VERTEX
  5
376
330
28F
100
AcDbEntity
  8
outside1_T
100
AcDbVertex
100
AcDb2dVertex
 10
-332.2610511408317
 20
3.362846834705067
 30
0.0
  0
VERTEX
  5
377
330
28F
100
AcDbEntity
  8
outside1_T
100
AcDbVertex
100
AcDb2dVertex
 10
-332.7015703625369
 20
3.371241525633792
 30
0.0
  0
VERTEX
  5
378
330
28F
100
AcDbEntity
  8
outside1_T
100
AcDbVertex
100
AcDb2dVertex
 10
-333.1420666472256
 20
3.379635634179465
 30
0.0
  0
VERTEX
  5
379
330
28F
100
AcDbEntity
  8
outside1_T
100
AcDbVertex
100
AcDb2dVertex
 10
-333.5825551278521
 20
3.388029739295263
 30
0.0
  0
VERTEX
  5
37A
330
28F
100
AcDbEntity
  8
outside1_T
100
AcDbVertex
100
AcDb2dVertex
 10
-334.0230821088294
 20
3.396424432790198
 30
0.0
  0
VERTEX
  5
37B
330
28F
100
AcDbEntity
  8
outside1_T
100
AcDbVertex
100
AcDb2dVertex
 10
-334.4636425846394
 20
3.404720637122054
 30
0.0
  0
VERTEX
  5
37C
330
28F
100
AcDbEntity
  8
outside1_T
100
AcDbVertex
100
AcDb2dVertex
 10
-334.9042302682375
 20
3.412908893921525
 30
0.0
  0
VERTEX
  5
37D
330
28F
100
AcDbEntity
  8
outside1_T
100
AcDbVertex
100
AcDb2dVertex
 10
-335.3447235310863
 20
3.421203832564572
 30
0.0
  0
VERTEX
  5
37E
330
28F
100
AcDbEntity
  8
outside1_T
100
AcDbVertex
100
AcDb2dVertex
 10
-335.7852740597985
 20
3.429400866252706
 30
0.0
  0
VERTEX
  5
37F
330
28F
100
AcDbEntity
  8
outside1_T
100
AcDbVertex
100
AcDb2dVertex
 10
-336.2258693674732
 20
3.437497634149409
 30
0.0
  0
VERTEX
  5
380
330
28F
100
AcDbEntity
  8
outside1_T
100
AcDbVertex
100
AcDb2dVertex
 10
-336.666360298866
 20
3.445693558949444
 30
0.0
  0
VERTEX
  5
381
330
28F
100
AcDbEntity
  8
outside1_T
100
AcDbVertex
100
AcDb2dVertex
 10
-337.1070176024132
 20
3.453783840988962
 30
0.0
  0
VERTEX
  5
382
330
28F
100
AcDbEntity
  8
outside1_T
100
AcDbVertex
100
AcDb2dVertex
 10
-337.5476412399855
 20
3.461782010149946
 30
0.0
  0
VERTEX
  5
383
330
28F
100
AcDbEntity
  8
outside1_T
100
AcDbVertex
100
AcDb2dVertex
 10
-337.9881333332237
 20
3.469772104912963
 30
0.0
  0
VERTEX
  5
384
330
28F
100
AcDbEntity
  8
outside1_T
100
AcDbVertex
100
AcDb2dVertex
 10
-338.8693522761898
 20
3.485767928973956
 30
0.0
  0
VERTEX
  5
385
330
28F
100
AcDbEntity
  8
outside1_T
100
AcDbVertex
100
AcDb2dVertex
 10
-339.7505989898984
 20
3.501558530589222
 30
0.0
  0
VERTEX
  5
386
330
28F
100
AcDbEntity
  8
outside1_T
100
AcDbVertex
100
AcDb2dVertex
 10
-340.6318280188546
 20
3.517142954534634
 30
0.0
  0
VERTEX
  5
387
330
28F
100
AcDbEntity
  8
outside1_T
100
AcDbVertex
100
AcDb2dVertex
 10
-341.5130419906797
 20
3.53263562007723
 30
0.0
  0
VERTEX
  5
388
330
28F
100
AcDbEntity
  8
outside1_T
100
AcDbVertex
100
AcDb2dVertex
 10
-342.3943933665917
 20
3.548022080127495
 30
0.0
  0
VERTEX
  5
389
330
28F
100
AcDbEntity
  8
outside1_T
100
AcDbVertex
100
AcDb2dVertex
 10
-343.2757368486813
 20
3.563118800441515
 30
0.0
  0
VERTEX
  5
38A
330
28F
100
AcDbEntity
  8
outside1_T
100
AcDbVertex
100
AcDb2dVertex
 10
-344.1570587061472
 20
3.578108278799007
 30
0.0
  0
VERTEX
  5
38B
330
28F
100
AcDbEntity
  8
outside1_T
100
AcDbVertex
100
AcDb2dVertex
 10
-345.0384871378988
 20
3.592998895357212
 30
0.0
  0
VERTEX
  5
38C
330
28F
100
AcDbEntity
  8
outside1_T
100
AcDbVertex
100
AcDb2dVertex
 10
-345.9198382393857
 20
3.607683886848605
 30
0.0
  0
VERTEX
  5
38D
330
28F
100
AcDbEntity
  8
outside1_T
100
AcDbVertex
100
AcDb2dVertex
 10
-346.8012813342926
 20
3.622178271377109
 30
0.0
  0
VERTEX
  5
38E
330
28F
100
AcDbEntity
  8
outside1_T
100
AcDbVertex
100
AcDb2dVertex
 10
-347.6828167466021
 20
3.636466557581528
 30
0.0
  0
VERTEX
  5
38F
330
28F
100
AcDbEntity
  8
outside1_T
100
AcDbVertex
100
AcDb2dVertex
 10
-348.5643431025235
 20
3.650655702423762
 30
0.0
  0
VERTEX
  5
390
330
28F
100
AcDbEntity
  8
outside1_T
100
AcDbVertex
100
AcDb2dVertex
 10
-349.4459023459654
 20
3.664647011911967
 30
0.0
  0
VERTEX
  5
391
330
28F
100
AcDbEntity
  8
outside1_T
100
AcDbVertex
100
AcDb2dVertex
 10
-350.7682594494552
 20
3.68524093545939
 30
0.0
  0
VERTEX
  5
392
330
28F
100
AcDbEntity
  8
outside1_T
100
AcDbVertex
100
AcDb2dVertex
 10
-352.09072344771
 20
3.705423135331287
 30
0.0
  0
VERTEX
  5
393
330
28F
100
AcDbEntity
  8
outside1_T
100
AcDbVertex
100
AcDb2dVertex
 10
-353.4130789799645
 20
3.725208832519854
 30
0.0
  0
VERTEX
  5
394
330
28F
100
AcDbEntity
  8
outside1_T
100
AcDbVertex
100
AcDb2dVertex
 10
-354.7354531630002
 20
3.744598214982773
 30
0.0
  0
VERTEX
  5
395
330
28F
100
AcDbEntity
  8
outside1_T
100
AcDbVertex
100
AcDb2dVertex
 10
-356.057720458799
 20
3.763484371167408
 30
0.0
  0
VERTEX
  5
396
330
28F
100
AcDbEntity
  8
outside1_T
100
AcDbVertex
100
AcDb2dVertex
 10
-357.3798775112529
 20
3.781973892136449
 30
0.0
  0
VERTEX
  5
397
330
28F
100
AcDbEntity
  8
outside1_T
100
AcDbVertex
100
AcDb2dVertex
 10
-358.7018473842568
 20
3.800067088135108
 30
0.0
  0
VERTEX
  5
398
330
28F
100
AcDbEntity
  8
outside1_T
100
AcDbVertex
100
AcDb2dVertex
 10
-360.0237265591069
 20
3.817657070579472
 30
0.0
  0
VERTEX
  5
399
330
28F
100
AcDbEntity
  8
outside1_T
100
AcDbVertex
100
AcDb2dVertex
 10
-361.3453910944621
 20
3.834842933571068
 30
0.0
  0
VERTEX
  5
39A
330
28F
100
AcDbEntity
  8
outside1_T
100
AcDbVertex
100
AcDb2dVertex
 10
-362.6666533933965
 20
3.851533124420911
 30
0.0
  0
VERTEX
  5
39B
330
28F
100
AcDbEntity
  8
outside1_T
100
AcDbVertex
100
AcDb2dVertex
 10
-363.5474083645838
 20
3.862428763510763
 30
0.0
  0
VERTEX
  5
39C
330
28F
100
AcDbEntity
  8
outside1_T
100
AcDbVertex
100
AcDb2dVertex
 10
-364.4281587716831
 20
3.873118481386996
 30
0.0
  0
VERTEX
  5
39D
330
28F
100
AcDbEntity
  8
outside1_T
100
AcDbVertex
100
AcDb2dVertex
 10
-365.3091221186299
 20
3.883610134194655
 30
0.0
  0
VERTEX
  5
39E
330
28F
100
AcDbEntity
  8
outside1_T
100
AcDbVertex
100
AcDb2dVertex
 10
-366.1903752098023
 20
3.893804245484645
 30
0.0
  0
VERTEX
  5
39F
330
28F
100
AcDbEntity
  8
outside1_T
100
AcDbVertex
100
AcDb2dVertex
 10
-367.071918644799
 20
3.903899243736959
 30
0.0
  0
VERTEX
  5
3A0
330
28F
100
AcDbEntity
  8
outside1_T
100
AcDbVertex
100
AcDb2dVertex
 10
-367.9541808344644
 20
3.913697073775168
 30
0.0
  0
VERTEX
  5
3A1
330
28F
100
AcDbEntity
  8
outside1_T
100
AcDbVertex
100
AcDb2dVertex
 10
-368.8372519110416
 20
3.923289042193474
 30
0.0
  0
VERTEX
  5
3A2
330
28F
100
AcDbEntity
  8
outside1_T
100
AcDbVertex
100
AcDb2dVertex
 10
-370.6058125180317
 20
3.941877539938062
 30
0.0
  0
VERTEX
  5
3A3
330
28F
100
AcDbEntity
  8
outside1_T
100
AcDbVertex
100
AcDb2dVertex
 10
-371.0484691549564
 20
3.946376392962691
 30
0.0
  0
VERTEX
  5
3A4
330
28F
100
AcDbEntity
  8
outside1_T
100
AcDbVertex
100
AcDb2dVertex
 10
-371.933701245145
 20
3.95526668440607
 30
0.0
  0
VERTEX
  5
3A5
330
28F
100
AcDbEntity
  8
outside1_T
100
AcDbVertex
100
AcDb2dVertex
 10
-372.8185649574562
 20
3.963859740999453
 30
0.0
  0
VERTEX
  5
3A6
330
28F
100
AcDbEntity
  8
outside1_T
100
AcDbVertex
100
AcDb2dVertex
 10
-373.7025121975803
 20
3.972254395814915
 30
0.0
  0
VERTEX
  5
3A7
330
28F
100
AcDbEntity
  8
outside1_T
100
AcDbVertex
100
AcDb2dVertex
 10
-374.5849582723981
 20
3.980450890686257
 30
0.0
  0
VERTEX
  5
3A8
330
28F
100
AcDbEntity
  8
outside1_T
100
AcDbVertex
100
AcDb2dVertex
 10
-375.904725081298
 20
3.992345215283777
 30
0.0
  0
VERTEX
  5
3A9
330
28F
100
AcDbEntity
  8
outside1_T
100
AcDbVertex
100
AcDb2dVertex
 10
-376.7811882393063
 20
3.999939450215294
 30
0.0
  0
VERTEX
  5
3AA
330
28F
100
AcDbEntity
  8
outside1_T
100
AcDbVertex
100
AcDb2dVertex
 10
-377.2184114492705
 20
4.003637365547888
 30
0.0
  0
VERTEX
  5
3AB
330
28F
100
AcDbEntity
  8
outside1_T
100
AcDbVertex
100
AcDb2dVertex
 10
-377.6553310825721
 20
4.007335292785498
 30
0.0
  0
VERTEX
  5
3AC
330
28F
100
AcDbEntity
  8
outside1_T
100
AcDbVertex
100
AcDb2dVertex
 10
-378.0923912773849
 20
4.010934378796023
 30
0.0
  0
VERTEX
  5
3AD
330
28F
100
AcDbEntity
  8
outside1_T
100
AcDbVertex
100
AcDb2dVertex
 10
-378.5299234234414
 20
4.014434086990647
 30
0.0
  0
VERTEX
  5
3AE
330
28F
100
AcDbEntity
  8
outside1_T
100
AcDbVertex
100
AcDb2dVertex
 10
-378.9682249587764
 20
4.017925982884591
 30
0.0
  0
VERTEX
  5
3AF
330
28F
100
AcDbEntity
  8
outside1_T
100
AcDbVertex
100
AcDb2dVertex
 10
-379.4076816576654
 20
4.021425959023574
 30
0.0
  0
VERTEX
  5
3B0
330
28F
100
AcDbEntity
  8
outside1_T
100
AcDbVertex
100
AcDb2dVertex
 10
-379.8487146660139
 20
4.024727492383661
 30
0.0
  0
VERTEX
  5
3B1
330
28F
100
AcDbEntity
  8
outside1_T
100
AcDbVertex
100
AcDb2dVertex
 10
-380.2915441689464
 20
4.028120500558956
 30
0.0
  0
VERTEX
  5
3B2
330
28F
100
AcDbEntity
  8
outside1_T
100
AcDbVertex
100
AcDb2dVertex
 10
-380.7360902659536
 20
4.031323062492802
 30
0.0
  0
VERTEX
  5
3B3
330
28F
100
AcDbEntity
  8
outside1_T
100
AcDbVertex
100
AcDb2dVertex
 10
-381.181696550155
 20
4.034517618885218
 30
0.0
  0
VERTEX
  5
3B4
330
28F
100
AcDbEntity
  8
outside1_T
100
AcDbVertex
100
AcDb2dVertex
 10
-381.6279488424084
 20
4.037720167637872
 30
0.0
  0
VERTEX
  5
3B5
330
28F
100
AcDbEntity
  8
outside1_T
100
AcDbVertex
100
AcDb2dVertex
 10
-382.0741719977345
 20
4.040716642589047
 30
0.0
  0
VERTEX
  5
3B6
330
28F
100
AcDbEntity
  8
outside1_T
100
AcDbVertex
100
AcDb2dVertex
 10
-382.5199790173509
 20
4.043812206980434
 30
0.0
  0
VERTEX
  5
3B7
330
28F
100
AcDbEntity
  8
outside1_T
100
AcDbVertex
100
AcDb2dVertex
 10
-382.9647346116862
 20
4.046709736911993
 30
0.0
  0
VERTEX
  5
3B8
330
28F
100
AcDbEntity
  8
outside1_T
100
AcDbVertex
100
AcDb2dVertex
 10
-383.4079098662423
 20
4.04960680556222
 30
0.0
  0
VERTEX
  5
3B9
330
28F
100
AcDbEntity
  8
outside1_T
100
AcDbVertex
100
AcDb2dVertex
 10
-383.8492298480184
 20
4.05251173132595
 30
0.0
  0
VERTEX
  5
3BA
330
28F
100
AcDbEntity
  8
outside1_T
100
AcDbVertex
100
AcDb2dVertex
 10
-384.2887716038073
 20
4.055310146154468
 30
0.0
  0
VERTEX
  5
3BB
330
28F
100
AcDbEntity
  8
outside1_T
100
AcDbVertex
100
AcDb2dVertex
 10
-384.7266981116906
 20
4.058001629845577
 30
0.0
  0
VERTEX
  5
3BC
330
28F
100
AcDbEntity
  8
outside1_T
100
AcDbVertex
100
AcDb2dVertex
 10
-385.1636240565722
 20
4.060700680419629
 30
0.0
  0
VERTEX
  5
3BD
330
28F
100
AcDbEntity
  8
outside1_T
100
AcDbVertex
100
AcDb2dVertex
 10
-385.5996741902543
 20
4.063300846467016
 30
0.0
  0
VERTEX
  5
3BE
330
28F
100
AcDbEntity
  8
outside1_T
100
AcDbVertex
100
AcDb2dVertex
 10
-386.0354053498258
 20
4.065801718244501
 30
0.0
  0
VERTEX
  5
3BF
330
28F
100
AcDbEntity
  8
outside1_T
100
AcDbVertex
100
AcDb2dVertex
 10
-386.4710326685969
 20
4.068294982067414
 30
0.0
  0
VERTEX
  5
3C0
330
28F
100
AcDbEntity
  8
outside1_T
100
AcDbVertex
100
AcDb2dVertex
 10
-386.90685381928
 20
4.070696725637475
 30
0.0
  0
VERTEX
  5
3C1
330
28F
100
AcDbEntity
  8
outside1_T
100
AcDbVertex
100
AcDb2dVertex
 10
-387.3433846452138
 20
4.073098514409622
 30
0.0
  0
VERTEX
  5
3C2
330
28F
100
AcDbEntity
  8
outside1_T
100
AcDbVertex
100
AcDb2dVertex
 10
-387.7808458147807
 20
4.075393717687277
 30
0.0
  0
VERTEX
  5
3C3
330
28F
100
AcDbEntity
  8
outside1_T
100
AcDbVertex
100
AcDb2dVertex
 10
-388.2196749609174
 20
4.077589617087611
 30
0.0
  0
VERTEX
  5
3C4
330
28F
100
AcDbEntity
  8
outside1_T
100
AcDbVertex
100
AcDb2dVertex
 10
-388.6601084324028
 20
4.079793156892094
 30
0.0
  0
VERTEX
  5
3C5
330
28F
100
AcDbEntity
  8
outside1_T
100
AcDbVertex
100
AcDb2dVertex
 10
-389.1026575007413
 20
4.081890076044942
 30
0.0
  0
VERTEX
  5
3C6
330
28F
100
AcDbEntity
  8
outside1_T
100
AcDbVertex
100
AcDb2dVertex
 10
-390.4457280455213
 20
4.087989812833456
 30
0.0
  0
VERTEX
  5
3C7
330
28F
100
AcDbEntity
  8
outside1_T
100
AcDbVertex
100
AcDb2dVertex
 10
-390.8990596990186
 20
4.089789292603115
 30
0.0
  0
VERTEX
  5
3C8
330
28F
100
AcDbEntity
  8
outside1_T
100
AcDbVertex
100
AcDb2dVertex
 10
-391.3536704898386
 20
4.091687824853778
 30
0.0
  0
VERTEX
  5
3C9
330
28F
100
AcDbEntity
  8
outside1_T
100
AcDbVertex
100
AcDb2dVertex
 10
-391.8077148188527
 20
4.093380597517637
 30
0.0
  0
VERTEX
  5
3CA
330
28F
100
AcDbEntity
  8
outside1_T
100
AcDbVertex
100
AcDb2dVertex
 10
-392.2594927155754
 20
4.095080730510219
 30
0.0
  0
VERTEX
  5
3CB
330
28F
100
AcDbEntity
  8
outside1_T
100
AcDbVertex
100
AcDb2dVertex
 10
-392.7074373633301
 20
4.096781072053901
 30
0.0
  0
VERTEX
  5
3CC
330
28F
100
AcDbEntity
  8
outside1_T
100
AcDbVertex
100
AcDb2dVertex
 10
-393.1495759876183
 20
4.09828318133863
 30
0.0
  0
VERTEX
  5
3CD
330
28F
100
AcDbEntity
  8
outside1_T
100
AcDbVertex
100
AcDb2dVertex
 10
-393.5843440144325
 20
4.099777439128772
 30
0.0
  0
VERTEX
  5
3CE
330
28F
100
AcDbEntity
  8
outside1_T
100
AcDbVertex
100
AcDb2dVertex
 10
-394.0101615072782
 20
4.101279427420451
 30
0.0
  0
VERTEX
  5
3CF
330
28F
100
AcDbEntity
  8
outside1_T
100
AcDbVertex
100
AcDb2dVertex
 10
-394.4276293802426
 20
4.102674799488994
 30
0.0
  0
VERTEX
  5
3D0
330
28F
100
AcDbEntity
  8
outside1_T
100
AcDbVertex
100
AcDb2dVertex
 10
-394.8398571556059
 20
4.103978593917788
 30
0.0
  0
VERTEX
  5
3D1
330
28F
100
AcDbEntity
  8
outside1_T
100
AcDbVertex
100
AcDb2dVertex
 10
-395.2504038747025
 20
4.105274800411934
 30
0.0
  0
VERTEX
  5
3D2
330
28F
100
AcDbEntity
  8
outside1_T
100
AcDbVertex
100
AcDb2dVertex
 10
-395.6625850043516
 20
4.106471981700182
 30
0.0
  0
VERTEX
  5
3D3
330
28F
100
AcDbEntity
  8
outside1_T
100
AcDbVertex
100
AcDb2dVertex
 10
-396.0799409959578
 20
4.107577590783478
 30
0.0
  0
VERTEX
  5
3D4
330
28F
100
AcDbEntity
  8
outside1_T
100
AcDbVertex
100
AcDb2dVertex
 10
-396.5059077696213
 20
4.108675600510793
 30
0.0
  0
VERTEX
  5
3D5
330
28F
100
AcDbEntity
  8
outside1_T
100
AcDbVertex
100
AcDb2dVertex
 10
-397.3965654454153
 20
4.110673308849627
 30
0.0
  0
VERTEX
  5
3D6
330
28F
100
AcDbEntity
  8
outside1_T
100
AcDbVertex
100
AcDb2dVertex
 10
-397.864597163394
 20
4.111573047253742
 30
0.0
  0
VERTEX
  5
3D7
330
28F
100
AcDbEntity
  8
outside1_T
100
AcDbVertex
100
AcDb2dVertex
 10
-398.3454236139041
 20
4.112472814470593
 30
0.0
  0
VERTEX
  5
3D8
330
28F
100
AcDbEntity
  8
outside1_T
100
AcDbVertex
100
AcDb2dVertex
 10
-398.8367542287812
 20
4.11317432320125
 30
0.0
  0
VERTEX
  5
3D9
330
28F
100
AcDbEntity
  8
outside1_T
100
AcDbVertex
100
AcDb2dVertex
 10
-399.3359075971056
 20
4.113868121223518
 30
0.0
  0
VERTEX
  5
3DA
330
28F
100
AcDbEntity
  8
outside1_T
100
AcDbVertex
100
AcDb2dVertex
 10
-399.8378853677969
 20
4.114569569557275
 30
0.0
  0
VERTEX
  5
3DB
330
28F
100
AcDbEntity
  8
outside1_T
100
AcDbVertex
100
AcDb2dVertex
 10
-400.3367810941002
 20
4.115171934869494
 30
0.0
  0
VERTEX
  5
3DC
330
28F
100
AcDbEntity
  8
outside1_T
100
AcDbVertex
100
AcDb2dVertex
 10
-400.8260683892971
 20
4.11566751990685
 30
0.0
  0
VERTEX
  5
3DD
330
28F
100
AcDbEntity
  8
outside1_T
100
AcDbVertex
100
AcDb2dVertex
 10
-401.3000461757231
 20
4.116170729601933
 30
0.0
  0
VERTEX
  5
3DE
330
28F
100
AcDbEntity
  8
outside1_T
100
AcDbVertex
100
AcDb2dVertex
 10
-401.7558780182051
 20
4.11656722446341
 30
0.0
  0
VERTEX
  5
3DF
330
28F
100
AcDbEntity
  8
outside1_T
100
AcDbVertex
100
AcDb2dVertex
 10
-402.1916018595692
 20
4.116872203704233
 30
0.0
  0
VERTEX
  5
3E0
330
28F
100
AcDbEntity
  8
outside1_T
100
AcDbVertex
100
AcDb2dVertex
 10
-402.6057351481382
 20
4.117169559928541
 30
0.0
  0
VERTEX
  5
3E1
330
28F
100
AcDbEntity
  8
outside1_T
100
AcDbVertex
100
AcDb2dVertex
 10
-402.9975958256395
 20
4.11736780053279
 30
0.0
  0
VERTEX
  5
3E2
330
28F
100
AcDbEntity
  8
outside1_T
100
AcDbVertex
100
AcDb2dVertex
 10
-403.3741280435983
 20
4.117566023593312
 30
0.0
  0
SEQEND
  5
3E3
330
28F
100
AcDbEntity
  8
outside1_T
  0
POLYLINE
  5
3E4
330
1F
100
AcDbEntity
  8
outside1_T
100
AcDb2dPolyline
 66
     1
 10
0.0
 20
0.0
 30
0.0
  0
VERTEX
  5
3E5
330
3E4
100
AcDbEntity
  8
outside1_T
100
AcDbVertex
100
AcDb2dVertex
 10
35.34302682328297
 20
0.1972190646458643
 30
0.0
  0
VERTEX
  5
3E6
330
3E4
100
AcDbEntity
  8
outside1_T
100
AcDbVertex
100
AcDb2dVertex
 10
34.95512426612476
 20
0.1975239955138477
 30
0.0
  0
VERTEX
  5
3E7
330
3E4
100
AcDbEntity
  8
outside1_T
100
AcDbVertex
100
AcDb2dVertex
 10
34.54770478016297
 20
0.1977222309101023
 30
0.0
  0
VERTEX
  5
3E8
330
3E4
100
AcDbEntity
  8
outside1_T
100
AcDbVertex
100
AcDb2dVertex
 10
34.120543796856
 20
0.1981187387846575
 30
0.0
  0
VERTEX
  5
3E9
330
3E4
100
AcDbEntity
  8
outside1_T
100
AcDbVertex
100
AcDb2dVertex
 10
33.67464114154967
 20
0.198522829422501
 30
0.0
  0
VERTEX
  5
3EA
330
3E4
100
AcDbEntity
  8
outside1_T
100
AcDbVertex
100
AcDb2dVertex
 10
33.21113611204527
 20
0.199018418100593
 30
0.0
  0
VERTEX
  5
3EB
330
3E4
100
AcDbEntity
  8
outside1_T
100
AcDbVertex
100
AcDb2dVertex
 10
32.73183716991724
 20
0.1995216270432678
 30
0.0
  0
VERTEX
  5
3EC
330
3E4
100
AcDbEntity
  8
outside1_T
100
AcDbVertex
100
AcDb2dVertex
 10
32.24146279236101
 20
0.2001239589020116
 30
0.0
  0
VERTEX
  5
3ED
330
3E4
100
AcDbEntity
  8
outside1_T
100
AcDbVertex
100
AcDb2dVertex
 10
31.74490155888697
 20
0.2007186611475902
 30
0.0
  0
VERTEX
  5
3EE
330
3E4
100
AcDbEntity
  8
outside1_T
100
AcDbVertex
100
AcDb2dVertex
 10
31.24699211196179
 20
0.2014201568461687
 30
0.0
  0
VERTEX
  5
3EF
330
3E4
100
AcDbEntity
  8
outside1_T
100
AcDbVertex
100
AcDb2dVertex
 10
30.75210013673421
 20
0.2022207308493478
 30
0.0
  0
VERTEX
  5
3F0
330
3E4
100
AcDbEntity
  8
outside1_T
100
AcDbVertex
100
AcDb2dVertex
 10
30.2626890538649
 20
0.2030213191340238
 30
0.0
  0
VERTEX
  5
3F1
330
3E4
100
AcDbEntity
  8
outside1_T
100
AcDbVertex
100
AcDb2dVertex
 10
29.78157386037827
 20
0.2039210844572068
 30
0.0
  0
VERTEX
  5
3F2
330
3E4
100
AcDbEntity
  8
outside1_T
100
AcDbVertex
100
AcDb2dVertex
 10
29.31115703944437
 20
0.2049199272272659
 30
0.0
  0
VERTEX
  5
3F3
330
3E4
100
AcDbEntity
  8
outside1_T
100
AcDbVertex
100
AcDb2dVertex
 10
28.85232643983494
 20
0.2059187774092237
 30
0.0
  0
VERTEX
  5
3F4
330
3E4
100
AcDbEntity
  8
outside1_T
100
AcDbVertex
100
AcDb2dVertex
 10
28.40367553804316
 20
0.2070168420271017
 30
0.0
  0
VERTEX
  5
3F5
330
3E4
100
AcDbEntity
  8
outside1_T
100
AcDbVertex
100
AcDb2dVertex
 10
27.10395964299249
 20
0.2106157268239031
 30
0.0
  0
VERTEX
  5
3F6
330
3E4
100
AcDbEntity
  8
outside1_T
100
AcDbVertex
100
AcDb2dVertex
 10
26.68080893883752
 20
0.2120110810631388
 30
0.0
  0
VERTEX
  5
3F7
330
3E4
100
AcDbEntity
  8
outside1_T
100
AcDbVertex
100
AcDb2dVertex
 10
26.26006133895925
 20
0.2133149091153825
 30
0.0
  0
VERTEX
  5
3F8
330
3E4
100
AcDbEntity
  8
outside1_T
100
AcDbVertex
100
AcDb2dVertex
 10
25.84029299515777
 20
0.2148094521741513
 30
0.0
  0
VERTEX
  5
3F9
330
3E4
100
AcDbEntity
  8
outside1_T
100
AcDbVertex
100
AcDb2dVertex
 10
25.42035382402258
 20
0.2163115223076488
 30
0.0
  0
VERTEX
  5
3FA
330
3E4
100
AcDbEntity
  8
outside1_T
100
AcDbVertex
100
AcDb2dVertex
 10
24.99951950989424
 20
0.2179126964564233
 30
0.0
  0
VERTEX
  5
3FB
330
3E4
100
AcDbEntity
  8
outside1_T
100
AcDbVertex
100
AcDb2dVertex
 10
24.57689500476584
 20
0.2195062110279906
 30
0.0
  0
VERTEX
  5
3FC
330
3E4
100
AcDbEntity
  8
outside1_T
100
AcDbVertex
100
AcDb2dVertex
 10
24.15182455713142
 20
0.2212066148205878
 30
0.0
  0
VERTEX
  5
3FD
330
3E4
100
AcDbEntity
  8
outside1_T
100
AcDbVertex
100
AcDb2dVertex
 10
23.72349688970934
 20
0.2230059905461701
 30
0.0
  0
VERTEX
  5
3FE
330
3E4
100
AcDbEntity
  8
outside1_T
100
AcDbVertex
100
AcDb2dVertex
 10
23.29139049653571
 20
0.2248053537248609
 30
0.0
  0
VERTEX
  5
3FF
330
3E4
100
AcDbEntity
  8
outside1_T
100
AcDbVertex
100
AcDb2dVertex
 10
22.8543761529092
 20
0.2267038249130167
 30
0.0
  0
VERTEX
  5
400
330
3E4
100
AcDbEntity
  8
outside1_T
100
AcDbVertex
100
AcDb2dVertex
 10
22.41216291831455
 20
0.2286022920753368
 30
0.0
  0
VERTEX
  5
401
330
3E4
100
AcDbEntity
  8
outside1_T
100
AcDbVertex
100
AcDb2dVertex
 10
21.96502072705124
 20
0.2306000284095404
 30
0.0
  0
VERTEX
  5
402
330
3E4
100
AcDbEntity
  8
outside1_T
100
AcDbVertex
100
AcDb2dVertex
 10
21.51421841400696
 20
0.2327043723259266
 30
0.0
  0
VERTEX
  5
403
330
3E4
100
AcDbEntity
  8
outside1_T
100
AcDbVertex
100
AcDb2dVertex
 10
21.06071699883427
 20
0.2348010920497501
 30
0.0
  0
VERTEX
  5
404
330
3E4
100
AcDbEntity
  8
outside1_T
100
AcDbVertex
100
AcDb2dVertex
 10
20.60557705075547
 20
0.2369971098927124
 30
0.0
  0
VERTEX
  5
405
330
3E4
100
AcDbEntity
  8
outside1_T
100
AcDbVertex
100
AcDb2dVertex
 10
20.15005291008237
 20
0.2392997392861815
 30
0.0
  0
VERTEX
  5
406
330
3E4
100
AcDbEntity
  8
outside1_T
100
AcDbVertex
100
AcDb2dVertex
 10
19.69517281059728
 20
0.2415945721692196
 30
0.0
  0
VERTEX
  5
407
330
3E4
100
AcDbEntity
  8
outside1_T
100
AcDbVertex
100
AcDb2dVertex
 10
19.24192611431016
 20
0.2438974068236632
 30
0.0
  0
VERTEX
  5
408
330
3E4
100
AcDbEntity
  8
outside1_T
100
AcDbVertex
100
AcDb2dVertex
 10
18.79135224609189
 20
0.2463909360496785
 30
0.0
  0
VERTEX
  5
409
330
3E4
100
AcDbEntity
  8
outside1_T
100
AcDbVertex
100
AcDb2dVertex
 10
17.45558813882502
 20
0.2539850969654651
 30
0.0
  0
VERTEX
  5
40A
330
3E4
100
AcDbEntity
  8
outside1_T
100
AcDbVertex
100
AcDb2dVertex
 10
15.70596916987751
 20
0.2649798786048336
 30
0.0
  0
VERTEX
  5
40B
330
3E4
100
AcDbEntity
  8
outside1_T
100
AcDbVertex
100
AcDb2dVertex
 10
15.27307650653819
 20
0.2678776240260135
 30
0.0
  0
VERTEX
  5
40C
330
3E4
100
AcDbEntity
  8
outside1_T
100
AcDbVertex
100
AcDb2dVertex
 10
14.8411394198244
 20
0.2708741160838741
 30
0.0
  0
VERTEX
  5
40D
330
3E4
100
AcDbEntity
  8
outside1_T
100
AcDbVertex
100
AcDb2dVertex
 10
14.40941503882067
 20
0.2738782382038636
 30
0.0
  0
VERTEX
  5
40E
330
3E4
100
AcDbEntity
  8
outside1_T
100
AcDbVertex
100
AcDb2dVertex
 10
13.97739145237546
 20
0.2769738150648351
 30
0.0
  0
VERTEX
  5
40F
330
3E4
100
AcDbEntity
  8
outside1_T
100
AcDbVertex
100
AcDb2dVertex
 10
13.54425851617333
 20
0.280069364449929
 30
0.0
  0
VERTEX
  5
410
330
3E4
100
AcDbEntity
  8
outside1_T
100
AcDbVertex
100
AcDb2dVertex
 10
13.10931346506453
 20
0.2832718629855009
 30
0.0
  0
VERTEX
  5
411
330
3E4
100
AcDbEntity
  8
outside1_T
100
AcDbVertex
100
AcDb2dVertex
 10
12.67200395172989
 20
0.2865656371287457
 30
0.0
  0
VERTEX
  5
412
330
3E4
100
AcDbEntity
  8
outside1_T
100
AcDbVertex
100
AcDb2dVertex
 10
12.23159611747855
 20
0.28986694212972
 30
0.0
  0
VERTEX
  5
413
330
3E4
100
AcDbEntity
  8
outside1_T
100
AcDbVertex
100
AcDb2dVertex
 10
11.78788488622916
 20
0.293259812737773
 30
0.0
  0
VERTEX
  5
414
330
3E4
100
AcDbEntity
  8
outside1_T
100
AcDbVertex
100
AcDb2dVertex
 10
11.34167426857647
 20
0.2966602968155883
 30
0.0
  0
VERTEX
  5
415
330
3E4
100
AcDbEntity
  8
outside1_T
100
AcDbVertex
100
AcDb2dVertex
 10
10.89373584372987
 20
0.300160173181709
 30
0.0
  0
VERTEX
  5
416
330
3E4
100
AcDbEntity
  8
outside1_T
100
AcDbVertex
100
AcDb2dVertex
 10
10.4450155398776
 20
0.3037589630855138
 30
0.0
  0
VERTEX
  5
417
330
3E4
100
AcDbEntity
  8
outside1_T
100
AcDbVertex
100
AcDb2dVertex
 10
9.996338638056102
 20
0.3073575271918685
 30
0.0
  0
VERTEX
  5
418
330
3E4
100
AcDbEntity
  8
outside1_T
100
AcDbVertex
100
AcDb2dVertex
 10
9.548279557968442
 20
0.3109490150499568
 30
0.0
  0
VERTEX
  5
419
330
3E4
100
AcDbEntity
  8
outside1_T
100
AcDbVertex
100
AcDb2dVertex
 10
9.102045250515118
 20
0.3147537946176442
 30
0.0
  0
VERTEX
  5
41A
330
3E4
100
AcDbEntity
  8
outside1_T
100
AcDbVertex
100
AcDb2dVertex
 10
8.658114847441482
 20
0.3184518167654744
 30
0.0
  0
VERTEX
  5
41B
330
3E4
100
AcDbEntity
  8
outside1_T
100
AcDbVertex
100
AcDb2dVertex
 10
8.216851102980343
 20
0.3223483705330068
 30
0.0
  0
VERTEX
  5
41C
330
3E4
100
AcDbEntity
  8
outside1_T
100
AcDbVertex
100
AcDb2dVertex
 10
7.77765314368952
 20
0.3262443216005551
 30
0.0
  0
VERTEX
  5
41D
330
3E4
100
AcDbEntity
  8
outside1_T
100
AcDbVertex
100
AcDb2dVertex
 10
7.339912941528326
 20
0.3301405981398062
 30
0.0
  0
VERTEX
  5
41E
330
3E4
100
AcDbEntity
  8
outside1_T
100
AcDbVertex
100
AcDb2dVertex
 10
6.903152859891577
 20
0.3341362383991964
 30
0.0
  0
VERTEX
  5
41F
330
3E4
100
AcDbEntity
  8
outside1_T
100
AcDbVertex
100
AcDb2dVertex
 10
6.466823006522134
 20
0.3382383154465742
 30
0.0
  0
VERTEX
  5
420
330
3E4
100
AcDbEntity
  8
outside1_T
100
AcDbVertex
100
AcDb2dVertex
 10
6.030288593881721
 20
0.3423326839759966
 30
0.0
  0
VERTEX
  5
421
330
3E4
100
AcDbEntity
  8
outside1_T
100
AcDbVertex
100
AcDb2dVertex
 10
5.593175026154483
 20
0.3465337929210222
 30
0.0
  0
VERTEX
  5
422
330
3E4
100
AcDbEntity
  8
outside1_T
100
AcDbVertex
100
AcDb2dVertex
 10
5.154752142152518
 20
0.3507272572561959
 30
0.0
  0
VERTEX
  5
423
330
3E4
100
AcDbEntity
  8
outside1_T
100
AcDbVertex
100
AcDb2dVertex
 10
4.715108597194273
 20
0.3550277699232396
 30
0.0
  0
VERTEX
  5
424
330
3E4
100
AcDbEntity
  8
outside1_T
100
AcDbVertex
100
AcDb2dVertex
 10
4.274396792585492
 20
0.3594194864633948
 30
0.0
  0
VERTEX
  5
425
330
3E4
100
AcDbEntity
  8
outside1_T
100
AcDbVertex
100
AcDb2dVertex
 10
3.832993034570961
 20
0.3638185808458303
 30
0.0
  0
VERTEX
  5
426
330
3E4
100
AcDbEntity
  8
outside1_T
100
AcDbVertex
100
AcDb2dVertex
 10
3.390877942238092
 20
0.3682179256253022
 30
0.0
  0
VERTEX
  5
427
330
3E4
100
AcDbEntity
  8
outside1_T
100
AcDbVertex
100
AcDb2dVertex
 10
2.948438726488973
 20
0.3727167388283306
 30
0.0
  0
VERTEX
  5
428
330
3E4
100
AcDbEntity
  8
outside1_T
100
AcDbVertex
100
AcDb2dVertex
 10
2.50590721370753
 20
0.3773143698105343
 30
0.0
  0
VERTEX
  5
429
330
3E4
100
AcDbEntity
  8
outside1_T
100
AcDbVertex
100
AcDb2dVertex
 10
2.063378096454642
 20
0.3819121343389895
 30
0.0
  0
VERTEX
  5
42A
330
3E4
100
AcDbEntity
  8
outside1_T
100
AcDbVertex
100
AcDb2dVertex
 10
0.7378213070714423
 20
0.3961014034098298
 30
0.0
  0
VERTEX
  5
42B
330
3E4
100
AcDbEntity
  8
outside1_T
100
AcDbVertex
100
AcDb2dVertex
 10
-0.1446454428208312
 20
0.405792556025375
 30
0.0
  0
VERTEX
  5
42C
330
3E4
100
AcDbEntity
  8
outside1_T
100
AcDbVertex
100
AcDb2dVertex
 10
-1.026099591759987
 20
0.4157884592592893
 30
0.0
  0
VERTEX
  5
42D
330
3E4
100
AcDbEntity
  8
outside1_T
100
AcDbVertex
100
AcDb2dVertex
 10
-1.906956980446751
 20
0.4258834594550933
 30
0.0
  0
VERTEX
  5
42E
330
3E4
100
AcDbEntity
  8
outside1_T
100
AcDbVertex
100
AcDb2dVertex
 10
-2.787417364443684
 20
0.4362759937345686
 30
0.0
  0
VERTEX
  5
42F
330
3E4
100
AcDbEntity
  8
outside1_T
100
AcDbVertex
100
AcDb2dVertex
 10
-3.66766461555909
 20
0.4468665923746329
 30
0.0
  0
VERTEX
  5
430
330
3E4
100
AcDbEntity
  8
outside1_T
100
AcDbVertex
100
AcDb2dVertex
 10
-4.107788650651912
 20
0.4522648291019209
 30
0.0
  0
VERTEX
  5
431
330
3E4
100
AcDbEntity
  8
outside1_T
100
AcDbVertex
100
AcDb2dVertex
 10
-4.547911296774203
 20
0.4576630487931226
 30
0.0
  0
VERTEX
  5
432
330
3E4
100
AcDbEntity
  8
outside1_T
100
AcDbVertex
100
AcDb2dVertex
 10
-5.428272936010501
 20
0.4686578478073216
 30
0.0
  0
VERTEX
  5
433
330
3E4
100
AcDbEntity
  8
outside1_T
100
AcDbVertex
100
AcDb2dVertex
 10
-6.749422586204048
 20
0.4855462020813235
 30
0.0
  0
VERTEX
  5
434
330
3E4
100
AcDbEntity
  8
outside1_T
100
AcDbVertex
100
AcDb2dVertex
 10
-8.071101816415478
 20
0.5028311777071792
 30
0.0
  0
VERTEX
  5
435
330
3E4
100
AcDbEntity
  8
outside1_T
100
AcDbVertex
100
AcDb2dVertex
 10
-9.393270009440187
 20
0.5206193904443381
 30
0.0
  0
VERTEX
  5
436
330
3E4
100
AcDbEntity
  8
outside1_T
100
AcDbVertex
100
AcDb2dVertex
 10
-10.71574244610525
 20
0.5388116972676045
 30
0.0
  0
VERTEX
  5
437
330
3E4
100
AcDbEntity
  8
outside1_T
100
AcDbVertex
100
AcDb2dVertex
 10
-12.0386005978915
 20
0.5574994513311822
 30
0.0
  0
VERTEX
  5
438
330
3E4
100
AcDbEntity
  8
outside1_T
100
AcDbVertex
100
AcDb2dVertex
 10
-13.36156148058473
 20
0.576484723807468
 30
0.0
  0
VERTEX
  5
439
330
3E4
100
AcDbEntity
  8
outside1_T
100
AcDbVertex
100
AcDb2dVertex
 10
-14.68473677455114
 20
0.5960723539227075
 30
0.0
  0
VERTEX
  5
43A
330
3E4
100
AcDbEntity
  8
outside1_T
100
AcDbVertex
100
AcDb2dVertex
 10
-16.00787509503954
 20
0.6159646419412041
 30
0.0
  0
VERTEX
  5
43B
330
3E4
100
AcDbEntity
  8
outside1_T
100
AcDbVertex
100
AcDb2dVertex
 10
-17.33105004168425
 20
0.6362461064915976
 30
0.0
  0
VERTEX
  5
43C
330
3E4
100
AcDbEntity
  8
outside1_T
100
AcDbVertex
100
AcDb2dVertex
 10
-18.6540984499382
 20
0.6570381088964723
 30
0.0
  0
VERTEX
  5
43D
330
3E4
100
AcDbEntity
  8
outside1_T
100
AcDbVertex
100
AcDb2dVertex
 10
-19.53604169178658
 20
0.6710290993590888
 30
0.0
  0
VERTEX
  5
43E
330
3E4
100
AcDbEntity
  8
outside1_T
100
AcDbVertex
100
AcDb2dVertex
 10
-20.41788886328442
 20
0.6852184990215306
 30
0.0
  0
VERTEX
  5
43F
330
3E4
100
AcDbEntity
  8
outside1_T
100
AcDbVertex
100
AcDb2dVertex
 10
-21.29963017954225
 20
0.6996061530613247
 30
0.0
  0
VERTEX
  5
440
330
3E4
100
AcDbEntity
  8
outside1_T
100
AcDbVertex
100
AcDb2dVertex
 10
-22.18137145369025
 20
0.714199418705789
 30
0.0
  0
VERTEX
  5
441
330
3E4
100
AcDbEntity
  8
outside1_T
100
AcDbVertex
100
AcDb2dVertex
 10
-23.06298980446587
 20
0.728891787139105
 30
0.0
  0
VERTEX
  5
442
330
3E4
100
AcDbEntity
  8
outside1_T
100
AcDbVertex
100
AcDb2dVertex
 10
-23.94454726718715
 20
0.743782651390049
 30
0.0
  0
VERTEX
  5
443
330
3E4
100
AcDbEntity
  8
outside1_T
100
AcDbVertex
100
AcDb2dVertex
 10
-24.82596716793961
 20
0.7588714890045622
 30
0.0
  0
VERTEX
  5
444
330
3E4
100
AcDbEntity
  8
outside1_T
100
AcDbVertex
100
AcDb2dVertex
 10
-25.70738812120982
 20
0.7740592001866418
 30
0.0
  0
VERTEX
  5
445
330
3E4
100
AcDbEntity
  8
outside1_T
100
AcDbVertex
100
AcDb2dVertex
 10
-26.58873213836051
 20
0.7893541695478774
 30
0.0
  0
VERTEX
  5
446
330
3E4
100
AcDbEntity
  8
outside1_T
100
AcDbVertex
100
AcDb2dVertex
 10
-27.46996785676203
 20
0.8049385769575821
 30
0.0
  0
VERTEX
  5
447
330
3E4
100
AcDbEntity
  8
outside1_T
100
AcDbVertex
100
AcDb2dVertex
 10
-28.35120691269168
 20
0.8205306678746638
 30
0.0
  0
VERTEX
  5
448
330
3E4
100
AcDbEntity
  8
outside1_T
100
AcDbVertex
100
AcDb2dVertex
 10
-29.232428359278
 20
0.8364200715214309
 30
0.0
  0
VERTEX
  5
449
330
3E4
100
AcDbEntity
  8
outside1_T
100
AcDbVertex
100
AcDb2dVertex
 10
-30.11345220964887
 20
0.8523092116978859
 30
0.0
  0
VERTEX
  5
44A
330
3E4
100
AcDbEntity
  8
outside1_T
100
AcDbVertex
100
AcDb2dVertex
 10
-30.99459870743982
 20
0.8683971537426061
 30
0.0
  0
VERTEX
  5
44B
330
3E4
100
AcDbEntity
  8
outside1_T
100
AcDbVertex
100
AcDb2dVertex
 10
-31.87562246060048
 20
0.8846906645473069
 30
0.0
  0
VERTEX
  5
44C
330
3E4
100
AcDbEntity
  8
outside1_T
100
AcDbVertex
100
AcDb2dVertex
 10
-32.75653907575253
 20
0.9010753781180227
 30
0.0
  0
VERTEX
  5
44D
330
3E4
100
AcDbEntity
  8
outside1_T
100
AcDbVertex
100
AcDb2dVertex
 10
-33.6374566093055
 20
0.9175668496869633
 30
0.0
  0
VERTEX
  5
44E
330
3E4
100
AcDbEntity
  8
outside1_T
100
AcDbVertex
100
AcDb2dVertex
 10
-34.51838858210527
 20
0.9341577097597735
 30
0.0
  0
VERTEX
  5
44F
330
3E4
100
AcDbEntity
  8
outside1_T
100
AcDbVertex
100
AcDb2dVertex
 10
-35.39924441863087
 20
0.9509470989297455
 30
0.0
  0
VERTEX
  5
450
330
3E4
100
AcDbEntity
  8
outside1_T
100
AcDbVertex
100
AcDb2dVertex
 10
-35.83964159037379
 20
0.9594403204746698
 30
0.0
  0
VERTEX
  5
451
330
3E4
100
AcDbEntity
  8
outside1_T
100
AcDbVertex
100
AcDb2dVertex
 10
-36.28002342394035
 20
0.9678344273054051
 30
0.0
  0
VERTEX
  5
452
330
3E4
100
AcDbEntity
  8
outside1_T
100
AcDbVertex
100
AcDb2dVertex
 10
-36.72048246621245
 20
0.9763288420462857
 30
0.0
  0
VERTEX
  5
453
330
3E4
100
AcDbEntity
  8
outside1_T
100
AcDbVertex
100
AcDb2dVertex
 10
-37.16077517262198
 20
0.984921220922871
 30
0.0
  0
VERTEX
  5
454
330
3E4
100
AcDbEntity
  8
outside1_T
100
AcDbVertex
100
AcDb2dVertex
 10
-37.60117160910255
 20
0.9934220523520736
 30
0.0
  0
VERTEX
  5
455
330
3E4
100
AcDbEntity
  8
outside1_T
100
AcDbVertex
100
AcDb2dVertex
 10
-38.04162838636199
 20
1.002015549824051
 30
0.0
  0
VERTEX
  5
456
330
3E4
100
AcDbEntity
  8
outside1_T
100
AcDbVertex
100
AcDb2dVertex
 10
-38.48191882319912
 20
1.010706997408363
 30
0.0
  0
VERTEX
  5
457
330
3E4
100
AcDbEntity
  8
outside1_T
100
AcDbVertex
100
AcDb2dVertex
 10
-38.92230236578354
 20
1.019299363539943
 30
0.0
  0
VERTEX
  5
458
330
3E4
100
AcDbEntity
  8
outside1_T
100
AcDbVertex
100
AcDb2dVertex
 10
-39.36273241901227
 20
1.027999084659228
 30
0.0
  0
VERTEX
  5
459
330
3E4
100
AcDbEntity
  8
outside1_T
100
AcDbVertex
100
AcDb2dVertex
 10
-39.80304996052524
 20
1.036691067275484
 30
0.0
  0
VERTEX
  5
45A
330
3E4
100
AcDbEntity
  8
outside1_T
100
AcDbVertex
100
AcDb2dVertex
 10
-40.24335735563074
 20
1.045481662000441
 30
0.0
  0
VERTEX
  5
45B
330
3E4
100
AcDbEntity
  8
outside1_T
100
AcDbVertex
100
AcDb2dVertex
 10
-40.68373928351872
 20
1.05418073370366
 30
0.0
  0
VERTEX
  5
45C
330
3E4
100
AcDbEntity
  8
outside1_T
100
AcDbVertex
100
AcDb2dVertex
 10
-41.12409151049229
 20
1.062972527949555
 30
0.0
  0
VERTEX
  5
45D
330
3E4
100
AcDbEntity
  8
outside1_T
100
AcDbVertex
100
AcDb2dVertex
 10
-41.5643971033067
 20
1.071869823745629
 30
0.0
  0
VERTEX
  5
45E
330
3E4
100
AcDbEntity
  8
outside1_T
100
AcDbVertex
100
AcDb2dVertex
 10
-42.00468697071284
 20
1.080660372959798
 30
0.0
  0
VERTEX
  5
45F
330
3E4
100
AcDbEntity
  8
outside1_T
100
AcDbVertex
100
AcDb2dVertex
 10
-42.44510130239024
 20
1.089558325334508
 30
0.0
  0
VERTEX
  5
460
330
3E4
100
AcDbEntity
  8
outside1_T
100
AcDbVertex
100
AcDb2dVertex
 10
-42.88540312544848
 20
1.098447920918758
 30
0.0
  0
VERTEX
  5
461
330
3E4
100
AcDbEntity
  8
outside1_T
100
AcDbVertex
100
AcDb2dVertex
 10
-43.32572673142414
 20
1.107345888808226
 30
0.0
  0
VERTEX
  5
462
330
3E4
100
AcDbEntity
  8
outside1_T
100
AcDbVertex
100
AcDb2dVertex
 10
-43.76604542211095
 20
1.116335252207705
 30
0.0
  0
VERTEX
  5
463
330
3E4
100
AcDbEntity
  8
outside1_T
100
AcDbVertex
100
AcDb2dVertex
 10
-44.20634049109123
 20
1.125331757472367
 30
0.0
  0
VERTEX
  5
464
330
3E4
100
AcDbEntity
  8
outside1_T
100
AcDbVertex
100
AcDb2dVertex
 10
-44.64673622169568
 20
1.134328138642644
 30
0.0
  0
VERTEX
  5
465
330
3E4
100
AcDbEntity
  8
outside1_T
100
AcDbVertex
100
AcDb2dVertex
 10
-45.08705626318721
 20
1.143317529598733
 30
0.0
  0
VERTEX
  5
466
330
3E4
100
AcDbEntity
  8
outside1_T
100
AcDbVertex
100
AcDb2dVertex
 10
-45.52737967779063
 20
1.152413734509935
 30
0.0
  0
VERTEX
  5
467
330
3E4
100
AcDbEntity
  8
outside1_T
100
AcDbVertex
100
AcDb2dVertex
 10
-45.96767002245457
 20
1.161509256262036
 30
0.0
  0
VERTEX
  5
468
330
3E4
100
AcDbEntity
  8
outside1_T
100
AcDbVertex
100
AcDb2dVertex
 10
-46.40796036711851
 20
1.170604778014138
 30
0.0
  0
VERTEX
  5
469
330
3E4
100
AcDbEntity
  8
outside1_T
100
AcDbVertex
100
AcDb2dVertex
 10
-46.84829420778266
 20
1.179693258681667
 30
0.0
  0
VERTEX
  5
46A
330
3E4
100
AcDbEntity
  8
outside1_T
100
AcDbVertex
100
AcDb2dVertex
 10
-47.28858701207474
 20
1.188887944776496
 30
0.0
  0
VERTEX
  5
46B
330
3E4
100
AcDbEntity
  8
outside1_T
100
AcDbVertex
100
AcDb2dVertex
 10
-47.72890736606729
 20
1.197984086461574
 30
0.0
  0
VERTEX
  5
46C
330
3E4
100
AcDbEntity
  8
outside1_T
100
AcDbVertex
100
AcDb2dVertex
 10
-48.16933515497777
 20
1.207278482186965
 30
0.0
  0
VERTEX
  5
46D
330
3E4
100
AcDbEntity
  8
outside1_T
100
AcDbVertex
100
AcDb2dVertex
 10
-48.60959549043974
 20
1.216472490231411
 30
0.0
  0
VERTEX
  5
46E
330
3E4
100
AcDbEntity
  8
outside1_T
100
AcDbVertex
100
AcDb2dVertex
 10
-49.04991654216639
 20
1.225667766220724
 30
0.0
  0
VERTEX
  5
46F
330
3E4
100
AcDbEntity
  8
outside1_T
100
AcDbVertex
100
AcDb2dVertex
 10
-49.49023759369976
 20
1.23496216209638
 30
0.0
  0
VERTEX
  5
470
330
3E4
100
AcDbEntity
  8
outside1_T
100
AcDbVertex
100
AcDb2dVertex
 10
-49.9305279383637
 20
1.244255909804522
 30
0.0
  0
VERTEX
  5
471
330
3E4
100
AcDbEntity
  8
outside1_T
100
AcDbVertex
100
AcDb2dVertex
 10
-50.37081828302763
 20
1.253549657512664
 30
0.0
  0
VERTEX
  5
472
330
3E4
100
AcDbEntity
  8
outside1_T
100
AcDbVertex
100
AcDb2dVertex
 10
-50.81115387820006
 20
1.262844038495345
 30
0.0
  0
VERTEX
  5
473
330
3E4
100
AcDbEntity
  8
outside1_T
100
AcDbVertex
100
AcDb2dVertex
 10
-51.25153581145906
 20
1.272236901307835
 30
0.0
  0
VERTEX
  5
474
330
3E4
100
AcDbEntity
  8
outside1_T
100
AcDbVertex
100
AcDb2dVertex
 10
-51.69182665987734
 20
1.281530659649334
 30
0.0
  0
VERTEX
  5
475
330
3E4
100
AcDbEntity
  8
outside1_T
100
AcDbVertex
100
AcDb2dVertex
 10
-52.13216285839172
 20
1.290924173234487
 30
0.0
  0
VERTEX
  5
476
330
3E4
100
AcDbEntity
  8
outside1_T
100
AcDbVertex
100
AcDb2dVertex
 10
-52.57248411077654
 20
1.30031769328528
 30
0.0
  0
VERTEX
  5
477
330
3E4
100
AcDbEntity
  8
outside1_T
100
AcDbVertex
100
AcDb2dVertex
 10
-53.01277445544048
 20
1.309809666949462
 30
0.0
  0
VERTEX
  5
478
330
3E4
100
AcDbEntity
  8
outside1_T
100
AcDbVertex
100
AcDb2dVertex
 10
-53.45306408735252
 20
1.319202512430266
 30
0.0
  0
VERTEX
  5
479
330
3E4
100
AcDbEntity
  8
outside1_T
100
AcDbVertex
100
AcDb2dVertex
 10
-53.89349116238833
 20
1.328695132546926
 30
0.0
  0
VERTEX
  5
47A
330
3E4
100
AcDbEntity
  8
outside1_T
100
AcDbVertex
100
AcDb2dVertex
 10
-54.33378293248967
 20
1.338187136937592
 30
0.0
  0
VERTEX
  5
47B
330
3E4
100
AcDbEntity
  8
outside1_T
100
AcDbVertex
100
AcDb2dVertex
 10
-54.77407800113002
 20
1.34768683655949
 30
0.0
  0
VERTEX
  5
47C
330
3E4
100
AcDbEntity
  8
outside1_T
100
AcDbVertex
100
AcDb2dVertex
 10
-55.21436362181754
 20
1.357178708341195
 30
0.0
  0
VERTEX
  5
47D
330
3E4
100
AcDbEntity
  8
outside1_T
100
AcDbVertex
100
AcDb2dVertex
 10
-55.65466901095584
 20
1.366670677614522
 30
0.0
  0
VERTEX
  5
47E
330
3E4
100
AcDbEntity
  8
outside1_T
100
AcDbVertex
100
AcDb2dVertex
 10
-56.09498964768028
 20
1.376163304328244
 30
0.0
  0
VERTEX
  5
47F
330
3E4
100
AcDbEntity
  8
outside1_T
100
AcDbVertex
100
AcDb2dVertex
 10
-56.53540156955575
 20
1.38575504626445
 30
0.0
  0
VERTEX
  5
480
330
3E4
100
AcDbEntity
  8
outside1_T
100
AcDbVertex
100
AcDb2dVertex
 10
-56.97571291490004
 20
1.395353882327015
 30
0.0
  0
VERTEX
  5
481
330
3E4
100
AcDbEntity
  8
outside1_T
100
AcDbVertex
100
AcDb2dVertex
 10
-57.41599874161994
 20
1.404944870514953
 30
0.0
  0
VERTEX
  5
482
330
3E4
100
AcDbEntity
  8
outside1_T
100
AcDbVertex
100
AcDb2dVertex
 10
-57.85628908628388
 20
1.414535957157142
 30
0.0
  0
VERTEX
  5
483
330
3E4
100
AcDbEntity
  8
outside1_T
100
AcDbVertex
100
AcDb2dVertex
 10
-58.29658415485511
 20
1.424134770818952
 30
0.0
  0
VERTEX
  5
484
330
3E4
100
AcDbEntity
  8
outside1_T
100
AcDbVertex
100
AcDb2dVertex
 10
-58.7368997532588
 20
1.433726407536355
 30
0.0
  0
VERTEX
  5
485
330
3E4
100
AcDbEntity
  8
outside1_T
100
AcDbVertex
100
AcDb2dVertex
 10
-59.17729919694017
 20
1.443416659127649
 30
0.0
  0
VERTEX
  5
486
330
3E4
100
AcDbEntity
  8
outside1_T
100
AcDbVertex
100
AcDb2dVertex
 10
-59.61759026921123
 20
1.453015385707545
 30
0.0
  0
VERTEX
  5
487
330
3E4
100
AcDbEntity
  8
outside1_T
100
AcDbVertex
100
AcDb2dVertex
 10
-60.05790895703291
 20
1.462706209122643
 30
0.0
  0
VERTEX
  5
488
330
3E4
100
AcDbEntity
  8
outside1_T
100
AcDbVertex
100
AcDb2dVertex
 10
-60.49817085556839
 20
1.472395782681744
 30
0.0
  0
VERTEX
  5
489
330
3E4
100
AcDbEntity
  8
outside1_T
100
AcDbVertex
100
AcDb2dVertex
 10
-60.9385071533091
 20
1.481995162769977
 30
0.0
  0
VERTEX
  5
48A
330
3E4
100
AcDbEntity
  8
outside1_T
100
AcDbVertex
100
AcDb2dVertex
 10
-61.37882830588916
 20
1.491785160344207
 30
0.0
  0
VERTEX
  5
48B
330
3E4
100
AcDbEntity
  8
outside1_T
100
AcDbVertex
100
AcDb2dVertex
 10
-61.81909030767662
 20
1.501482359760217
 30
0.0
  0
VERTEX
  5
48C
330
3E4
100
AcDbEntity
  8
outside1_T
100
AcDbVertex
100
AcDb2dVertex
 10
-62.25948121039374
 20
1.511172423351923
 30
0.0
  0
VERTEX
  5
48D
330
3E4
100
AcDbEntity
  8
outside1_T
100
AcDbVertex
100
AcDb2dVertex
 10
-62.6998060769036
 20
1.520863382747763
 30
0.0
  0
VERTEX
  5
48E
330
3E4
100
AcDbEntity
  8
outside1_T
100
AcDbVertex
100
AcDb2dVertex
 10
-63.14009642156776
 20
1.53066031942123
 30
0.0
  0
VERTEX
  5
48F
330
3E4
100
AcDbEntity
  8
outside1_T
100
AcDbVertex
100
AcDb2dVertex
 10
-63.5803867662317
 20
1.540350519041453
 30
0.0
  0
VERTEX
  5
490
330
3E4
100
AcDbEntity
  8
outside1_T
100
AcDbVertex
100
AcDb2dVertex
 10
-64.02067711089882
 20
1.550147455715006
 30
0.0
  0
VERTEX
  5
491
330
3E4
100
AcDbEntity
  8
outside1_T
100
AcDbVertex
100
AcDb2dVertex
 10
-64.46096735047837
 20
1.559837653022456
 30
0.0
  0
VERTEX
  5
492
330
3E4
100
AcDbEntity
  8
outside1_T
100
AcDbVertex
100
AcDb2dVertex
 10
-64.90130590471068
 20
1.569635323097756
 30
0.0
  0
VERTEX
  5
493
330
3E4
100
AcDbEntity
  8
outside1_T
100
AcDbVertex
100
AcDb2dVertex
 10
-65.34159173581821
 20
1.579424535305307
 30
0.0
  0
VERTEX
  5
494
330
3E4
100
AcDbEntity
  8
outside1_T
100
AcDbVertex
100
AcDb2dVertex
 10
-65.78188680424915
 20
1.589221577046814
 30
0.0
  0
VERTEX
  5
495
330
3E4
100
AcDbEntity
  8
outside1_T
100
AcDbVertex
100
AcDb2dVertex
 10
-66.22217242514608
 20
1.599010784577032
 30
0.0
  0
VERTEX
  5
496
330
3E4
100
AcDbEntity
  8
outside1_T
100
AcDbVertex
100
AcDb2dVertex
 10
-66.66246749357703
 20
1.608807826318525
 30
0.0
  0
VERTEX
  5
497
330
3E4
100
AcDbEntity
  8
outside1_T
100
AcDbVertex
100
AcDb2dVertex
 10
-67.10285838150281
 20
1.618597001168524
 30
0.0
  0
VERTEX
  5
498
330
3E4
100
AcDbEntity
  8
outside1_T
100
AcDbVertex
100
AcDb2dVertex
 10
-67.54315491995823
 20
1.628394075590251
 30
0.0
  0
VERTEX
  5
499
330
3E4
100
AcDbEntity
  8
outside1_T
100
AcDbVertex
100
AcDb2dVertex
 10
-67.98347360708891
 20
1.638184018307356
 30
0.0
  0
VERTEX
  5
49A
330
3E4
100
AcDbEntity
  8
outside1_T
100
AcDbVertex
100
AcDb2dVertex
 10
-68.42376384672122
 20
1.648080065598151
 30
0.0
  0
VERTEX
  5
49B
330
3E4
100
AcDbEntity
  8
outside1_T
100
AcDbVertex
100
AcDb2dVertex
 10
-68.86403626828661
 20
1.65786864070013
 30
0.0
  0
VERTEX
  5
49C
330
3E4
100
AcDbEntity
  8
outside1_T
100
AcDbVertex
100
AcDb2dVertex
 10
-69.30433154676444
 20
1.667665687111707
 30
0.0
  0
VERTEX
  5
49D
330
3E4
100
AcDbEntity
  8
outside1_T
100
AcDbVertex
100
AcDb2dVertex
 10
-69.74465023389672
 20
1.677455629828856
 30
0.0
  0
VERTEX
  5
49E
330
3E4
100
AcDbEntity
  8
outside1_T
100
AcDbVertex
100
AcDb2dVertex
 10
-70.18494057856066
 20
1.687351679480358
 30
0.0
  0
VERTEX
  5
49F
330
3E4
100
AcDbEntity
  8
outside1_T
100
AcDbVertex
100
AcDb2dVertex
 10
-70.62523092322459
 20
1.697140992078587
 30
0.0
  0
VERTEX
  5
4A0
330
3E4
100
AcDbEntity
  8
outside1_T
100
AcDbVertex
100
AcDb2dVertex
 10
-71.0655235246316
 20
1.707037092453078
 30
0.0
  0
VERTEX
  5
4A1
330
3E4
100
AcDbEntity
  8
outside1_T
100
AcDbVertex
100
AcDb2dVertex
 10
-71.50582675557263
 20
1.716833976574136
 30
0.0
  0
VERTEX
  5
4A2
330
3E4
100
AcDbEntity
  8
outside1_T
100
AcDbVertex
100
AcDb2dVertex
 10
-71.94611720536415
 20
1.726722404511435
 30
0.0
  0
VERTEX
  5
4A3
330
3E4
100
AcDbEntity
  8
outside1_T
100
AcDbVertex
100
AcDb2dVertex
 10
-72.38640755002808
 20
1.736519341184916
 30
0.0
  0
VERTEX
  5
4A4
330
3E4
100
AcDbEntity
  8
outside1_T
100
AcDbVertex
100
AcDb2dVertex
 10
-72.82669789469202
 20
1.746407766761195
 30
0.0
  0
VERTEX
  5
4A5
330
3E4
100
AcDbEntity
  8
outside1_T
100
AcDbVertex
100
AcDb2dVertex
 10
-73.26698823935595
 20
1.756204703434662
 30
0.0
  0
VERTEX
  5
4A6
330
3E4
100
AcDbEntity
  8
outside1_T
100
AcDbVertex
100
AcDb2dVertex
 10
-73.7072784788923
 20
1.766093126649864
 30
0.0
  0
VERTEX
  5
4A7
330
3E4
100
AcDbEntity
  8
outside1_T
100
AcDbVertex
100
AcDb2dVertex
 10
-74.1475864335801
 20
1.775890115875768
 30
0.0
  0
VERTEX
  5
4A8
330
3E4
100
AcDbEntity
  8
outside1_T
100
AcDbVertex
100
AcDb2dVertex
 10
-74.58787452150119
 20
1.785786114804282
 30
0.0
  0
VERTEX
  5
4A9
330
3E4
100
AcDbEntity
  8
outside1_T
100
AcDbVertex
100
AcDb2dVertex
 10
-75.02813179993001
 20
1.795574692215567
 30
0.0
  0
VERTEX
  5
4AA
330
3E4
100
AcDbEntity
  8
outside1_T
100
AcDbVertex
100
AcDb2dVertex
 10
-75.4684558474899
 20
1.805372378774052
 30
0.0
  0
VERTEX
  5
4AB
330
3E4
100
AcDbEntity
  8
outside1_T
100
AcDbVertex
100
AcDb2dVertex
 10
-75.90865470325099
 20
1.815260804350316
 30
0.0
  0
VERTEX
  5
4AC
330
3E4
100
AcDbEntity
  8
outside1_T
100
AcDbVertex
100
AcDb2dVertex
 10
-76.34894441125135
 20
1.825057726857338
 30
0.0
  0
VERTEX
  5
4AD
330
3E4
100
AcDbEntity
  8
outside1_T
100
AcDbVertex
100
AcDb2dVertex
 10
-76.78923475591529
 20
1.834946152433588
 30
0.0
  0
VERTEX
  5
4AE
330
3E4
100
AcDbEntity
  8
outside1_T
100
AcDbVertex
100
AcDb2dVertex
 10
-77.22949675811384
 20
1.844742458456551
 30
0.0
  0
VERTEX
  5
4AF
330
3E4
100
AcDbEntity
  8
outside1_T
100
AcDbVertex
100
AcDb2dVertex
 10
-77.66981544524612
 20
1.854532401173714
 30
0.0
  0
VERTEX
  5
4B0
330
3E4
100
AcDbEntity
  8
outside1_T
100
AcDbVertex
100
AcDb2dVertex
 10
-78.11010568487683
 20
1.864428448464466
 30
0.0
  0
VERTEX
  5
4B1
330
3E4
100
AcDbEntity
  8
outside1_T
100
AcDbVertex
100
AcDb2dVertex
 10
-78.55037810644222
 20
1.874217023566445
 30
0.0
  0
VERTEX
  5
4B2
330
3E4
100
AcDbEntity
  8
outside1_T
100
AcDbVertex
100
AcDb2dVertex
 10
-78.99067338492006
 20
1.884014069978008
 30
0.0
  0
VERTEX
  5
4B3
330
3E4
100
AcDbEntity
  8
outside1_T
100
AcDbVertex
100
AcDb2dVertex
 10
-79.43085373950072
 20
1.893803310212192
 30
0.0
  0
VERTEX
  5
4B4
330
3E4
100
AcDbEntity
  8
outside1_T
100
AcDbVertex
100
AcDb2dVertex
 10
-79.87114733719483
 20
1.903600319249733
 30
0.0
  0
VERTEX
  5
4B5
330
3E4
100
AcDbEntity
  8
outside1_T
100
AcDbVertex
100
AcDb2dVertex
 10
-80.31144799619511
 20
1.913389522109881
 30
0.0
  0
VERTEX
  5
4B6
330
3E4
100
AcDbEntity
  8
outside1_T
100
AcDbVertex
100
AcDb2dVertex
 10
-80.75174327467317
 20
1.923186568521444
 30
0.0
  0
VERTEX
  5
4B7
330
3E4
100
AcDbEntity
  8
outside1_T
100
AcDbVertex
100
AcDb2dVertex
 10
-81.1920288955701
 20
1.932975776051649
 30
0.0
  0
VERTEX
  5
4B8
330
3E4
100
AcDbEntity
  8
outside1_T
100
AcDbVertex
100
AcDb2dVertex
 10
-81.63232396400105
 20
1.942772817793156
 30
0.0
  0
VERTEX
  5
4B9
330
3E4
100
AcDbEntity
  8
outside1_T
100
AcDbVertex
100
AcDb2dVertex
 10
-82.07251935658343
 20
1.952562053353901
 30
0.0
  0
VERTEX
  5
4BA
330
3E4
100
AcDbEntity
  8
outside1_T
100
AcDbVertex
100
AcDb2dVertex
 10
-82.51278009788058
 20
1.962358331298447
 30
0.0
  0
VERTEX
  5
4BB
330
3E4
100
AcDbEntity
  8
outside1_T
100
AcDbVertex
100
AcDb2dVertex
 10
-82.95307044254452
 20
1.97204853091867
 30
0.0
  0
VERTEX
  5
4BC
330
3E4
100
AcDbEntity
  8
outside1_T
100
AcDbVertex
100
AcDb2dVertex
 10
-83.39336078720845
 20
1.981845467592152
 30
0.0
  0
VERTEX
  5
4BD
330
3E4
100
AcDbEntity
  8
outside1_T
100
AcDbVertex
100
AcDb2dVertex
 10
-83.83365102678641
 20
1.991535664899573
 30
0.0
  0
VERTEX
  5
4BE
330
3E4
100
AcDbEntity
  8
outside1_T
100
AcDbVertex
100
AcDb2dVertex
 10
-84.27395734752082
 20
2.001332617769478
 30
0.0
  0
VERTEX
  5
4BF
330
3E4
100
AcDbEntity
  8
outside1_T
100
AcDbVertex
100
AcDb2dVertex
 10
-84.71410872148073
 20
2.011022107798297
 30
0.0
  0
VERTEX
  5
4C0
330
3E4
100
AcDbEntity
  8
outside1_T
100
AcDbVertex
100
AcDb2dVertex
 10
-85.1544306769884
 20
2.020720627733809
 30
0.0
  0
VERTEX
  5
4C1
330
3E4
100
AcDbEntity
  8
outside1_T
100
AcDbVertex
100
AcDb2dVertex
 10
-85.59471855577186
 20
2.030509885506234
 30
0.0
  0
VERTEX
  5
4C2
330
3E4
100
AcDbEntity
  8
outside1_T
100
AcDbVertex
100
AcDb2dVertex
 10
-86.03496510062342
 20
2.040198785605043
 30
0.0
  0
VERTEX
  5
4C3
330
3E4
100
AcDbEntity
  8
outside1_T
100
AcDbVertex
100
AcDb2dVertex
 10
-86.4752555492592
 20
2.049797498589157
 30
0.0
  0
VERTEX
  5
4C4
330
3E4
100
AcDbEntity
  8
outside1_T
100
AcDbVertex
100
AcDb2dVertex
 10
-86.91557423708292
 20
2.059488322004299
 30
0.0
  0
VERTEX
  5
4C5
330
3E4
100
AcDbEntity
  8
outside1_T
100
AcDbVertex
100
AcDb2dVertex
 10
-87.35577906550549
 20
2.069186277215394
 30
0.0
  0
VERTEX
  5
4C6
330
3E4
100
AcDbEntity
  8
outside1_T
100
AcDbVertex
100
AcDb2dVertex
 10
-87.79603273238519
 20
2.078875669541418
 30
0.0
  0
VERTEX
  5
4C7
330
3E4
100
AcDbEntity
  8
outside1_T
100
AcDbVertex
100
AcDb2dVertex
 10
-88.23629237179586
 20
2.088466087314217
 30
0.0
  0
VERTEX
  5
4C8
330
3E4
100
AcDbEntity
  8
outside1_T
100
AcDbVertex
100
AcDb2dVertex
 10
-88.67658744036709
 20
2.098064900976027
 30
0.0
  0
VERTEX
  5
4C9
330
3E4
100
AcDbEntity
  8
outside1_T
100
AcDbVertex
100
AcDb2dVertex
 10
-89.11690376637699
 20
2.107656553543251
 30
0.0
  0
VERTEX
  5
4CA
330
3E4
100
AcDbEntity
  8
outside1_T
100
AcDbVertex
100
AcDb2dVertex
 10
-89.55716401681553
 20
2.117346090829969
 30
0.0
  0
VERTEX
  5
4CB
330
3E4
100
AcDbEntity
  8
outside1_T
100
AcDbVertex
100
AcDb2dVertex
 10
-89.99733452912852
 20
2.126837453326601
 30
0.0
  0
VERTEX
  5
4CC
330
3E4
100
AcDbEntity
  8
outside1_T
100
AcDbVertex
100
AcDb2dVertex
 10
-90.4376573301202
 20
2.136436871620077
 30
0.0
  0
VERTEX
  5
4CD
330
3E4
100
AcDbEntity
  8
outside1_T
100
AcDbVertex
100
AcDb2dVertex
 10
-90.87791224531594
 20
2.146027186441785
 30
0.0
  0
VERTEX
  5
4CE
330
3E4
100
AcDbEntity
  8
outside1_T
100
AcDbVertex
100
AcDb2dVertex
 10
-91.3182024870735
 20
2.155519157887468
 30
0.0
  0
VERTEX
  5
4CF
330
3E4
100
AcDbEntity
  8
outside1_T
100
AcDbVertex
100
AcDb2dVertex
 10
-91.75851044189841
 20
2.165110295980867
 30
0.0
  0
VERTEX
  5
4D0
330
3E4
100
AcDbEntity
  8
outside1_T
100
AcDbVertex
100
AcDb2dVertex
 10
-92.19877254571662
 20
2.174609284402635
 30
0.0
  0
VERTEX
  5
4D1
330
3E4
100
AcDbEntity
  8
outside1_T
100
AcDbVertex
100
AcDb2dVertex
 10
-92.63905816640437
 20
2.184101156184354
 30
0.0
  0
VERTEX
  5
4D2
330
3E4
100
AcDbEntity
  8
outside1_T
100
AcDbVertex
100
AcDb2dVertex
 10
-93.0793485110683
 20
2.193593129848537
 30
0.0
  0
VERTEX
  5
4D3
330
3E4
100
AcDbEntity
  8
outside1_T
100
AcDbVertex
100
AcDb2dVertex
 10
-93.51951727198531
 20
2.203084454577194
 30
0.0
  0
VERTEX
  5
4D4
330
3E4
100
AcDbEntity
  8
outside1_T
100
AcDbVertex
100
AcDb2dVertex
 10
-93.95980700549109
 20
2.212477302225324
 30
0.0
  0
VERTEX
  5
4D5
330
3E4
100
AcDbEntity
  8
outside1_T
100
AcDbVertex
100
AcDb2dVertex
 10
-94.40009971217711
 20
2.221969326811035
 30
0.0
  0
VERTEX
  5
4D6
330
3E4
100
AcDbEntity
  8
outside1_T
100
AcDbVertex
100
AcDb2dVertex
 10
-94.84036171269344
 20
2.23136920640647
 30
0.0
  0
VERTEX
  5
4D7
330
3E4
100
AcDbEntity
  8
outside1_T
100
AcDbVertex
100
AcDb2dVertex
 10
-95.28064733331263
 20
2.240761966272103
 30
0.0
  0
VERTEX
  5
4D8
330
3E4
100
AcDbEntity
  8
outside1_T
100
AcDbVertex
100
AcDb2dVertex
 10
-95.72092211887804
 20
2.250154169759639
 30
0.0
  0
VERTEX
  5
4D9
330
3E4
100
AcDbEntity
  8
outside1_T
100
AcDbVertex
100
AcDb2dVertex
 10
-96.16121256432899
 20
2.259447919595232
 30
0.0
  0
VERTEX
  5
4DA
330
3E4
100
AcDbEntity
  8
outside1_T
100
AcDbVertex
100
AcDb2dVertex
 10
-96.60150290899293
 20
2.26884078028138
 30
0.0
  0
VERTEX
  5
4DB
330
3E4
100
AcDbEntity
  8
outside1_T
100
AcDbVertex
100
AcDb2dVertex
 10
-97.04176254706198
 20
2.278133879827806
 30
0.0
  0
VERTEX
  5
4DC
330
3E4
100
AcDbEntity
  8
outside1_T
100
AcDbVertex
100
AcDb2dVertex
 10
-97.48205289172591
 20
2.287427627535948
 30
0.0
  0
VERTEX
  5
4DD
330
3E4
100
AcDbEntity
  8
outside1_T
100
AcDbVertex
100
AcDb2dVertex
 10
-97.92234323638985
 20
2.296721375244104
 30
0.0
  0
VERTEX
  5
4DE
330
3E4
100
AcDbEntity
  8
outside1_T
100
AcDbVertex
100
AcDb2dVertex
 10
-98.36261566052286
 20
2.306014422844441
 30
0.0
  0
VERTEX
  5
4DF
330
3E4
100
AcDbEntity
  8
outside1_T
100
AcDbVertex
100
AcDb2dVertex
 10
-98.80287303575159
 20
2.315200745565662
 30
0.0
  0
VERTEX
  5
4E0
330
3E4
100
AcDbEntity
  8
outside1_T
100
AcDbVertex
100
AcDb2dVertex
 10
-99.24325840988098
 20
2.324395454195425
 30
0.0
  0
VERTEX
  5
4E1
330
3E4
100
AcDbEntity
  8
outside1_T
100
AcDbVertex
100
AcDb2dVertex
 10
-99.68356498901295
 20
2.333590109520443
 30
0.0
  0
VERTEX
  5
4E2
330
3E4
100
AcDbEntity
  8
outside1_T
100
AcDbVertex
100
AcDb2dVertex
 10
-100.1238555309813
 20
2.342784748370818
 30
0.0
  0
VERTEX
  5
4E3
330
3E4
100
AcDbEntity
  8
outside1_T
100
AcDbVertex
100
AcDb2dVertex
 10
-100.5641151683255
 20
2.351978741836405
 30
0.0
  0
VERTEX
  5
4E4
330
3E4
100
AcDbEntity
  8
outside1_T
100
AcDbVertex
100
AcDb2dVertex
 10
-101.0043748055114
 20
2.361073629233161
 30
0.0
  0
VERTEX
  5
4E5
330
3E4
100
AcDbEntity
  8
outside1_T
100
AcDbVertex
100
AcDb2dVertex
 10
-101.4446604259246
 20
2.370161429357324
 30
0.0
  0
VERTEX
  5
4E6
330
3E4
100
AcDbEntity
  8
outside1_T
100
AcDbVertex
100
AcDb2dVertex
 10
-101.8849630213227
 20
2.379257046646103
 30
0.0
  0
VERTEX
  5
4E7
330
3E4
100
AcDbEntity
  8
outside1_T
100
AcDbVertex
100
AcDb2dVertex
 10
-102.3253212345751
 20
2.388351923094078
 30
0.0
  0
VERTEX
  5
4E8
330
3E4
100
AcDbEntity
  8
outside1_T
100
AcDbVertex
100
AcDb2dVertex
 10
-102.7656098025788
 20
2.397348295565848
 30
0.0
  0
VERTEX
  5
4E9
330
3E4
100
AcDbEntity
  8
outside1_T
100
AcDbVertex
100
AcDb2dVertex
 10
-103.2058770632615
 20
2.406435559418128
 30
0.0
  0
VERTEX
  5
4EA
330
3E4
100
AcDbEntity
  8
outside1_T
100
AcDbVertex
100
AcDb2dVertex
 10
-103.6461384352108
 20
2.415332269739608
 30
0.0
  0
VERTEX
  5
4EB
330
3E4
100
AcDbEntity
  8
outside1_T
100
AcDbVertex
100
AcDb2dVertex
 10
-104.086565549574
 20
2.424329292019038
 30
0.0
  0
VERTEX
  5
4EC
330
3E4
100
AcDbEntity
  8
outside1_T
100
AcDbVertex
100
AcDb2dVertex
 10
-104.5268241750114
 20
2.433317429130483
 30
0.0
  0
VERTEX
  5
4ED
330
3E4
100
AcDbEntity
  8
outside1_T
100
AcDbVertex
100
AcDb2dVertex
 10
-104.9670861735133
 20
2.442214152113195
 30
0.0
  0
VERTEX
  5
4EE
330
3E4
100
AcDbEntity
  8
outside1_T
100
AcDbVertex
100
AcDb2dVertex
 10
-105.4074495168898
 20
2.451103142738674
 30
0.0
  0
VERTEX
  5
4EF
330
3E4
100
AcDbEntity
  8
outside1_T
100
AcDbVertex
100
AcDb2dVertex
 10
-105.8477405290863
 20
2.459901338895804
 30
0.0
  0
VERTEX
  5
4F0
330
3E4
100
AcDbEntity
  8
outside1_T
100
AcDbVertex
100
AcDb2dVertex
 10
-106.2880302130807
 20
2.468790997277409
 30
0.0
  0
VERTEX
  5
4F1
330
3E4
100
AcDbEntity
  8
outside1_T
100
AcDbVertex
100
AcDb2dVertex
 10
-106.728398287558
 20
2.477588600593435
 30
0.0
  0
VERTEX
  5
4F2
330
3E4
100
AcDbEntity
  8
outside1_T
100
AcDbVertex
100
AcDb2dVertex
 10
-107.168653914003
 20
2.486378466153013
 30
0.0
  0
VERTEX
  5
4F3
330
3E4
100
AcDbEntity
  8
outside1_T
100
AcDbVertex
100
AcDb2dVertex
 10
-107.6090120564191
 20
2.495069293886232
 30
0.0
  0
VERTEX
  5
4F4
330
3E4
100
AcDbEntity
  8
outside1_T
100
AcDbVertex
100
AcDb2dVertex
 10
-108.0493158684708
 20
2.503768479111386
 30
0.0
  0
VERTEX
  5
4F5
330
3E4
100
AcDbEntity
  8
outside1_T
100
AcDbVertex
100
AcDb2dVertex
 10
-108.4896994828003
 20
2.512459809491062
 30
0.0
  0
VERTEX
  5
4F6
330
3E4
100
AcDbEntity
  8
outside1_T
100
AcDbVertex
100
AcDb2dVertex
 10
-108.9299696701769
 20
2.521150706851756
 30
0.0
  0
VERTEX
  5
4F7
330
3E4
100
AcDbEntity
  8
outside1_T
100
AcDbVertex
100
AcDb2dVertex
 10
-109.3703302274479
 20
2.529750099345236
 30
0.0
  0
VERTEX
  5
4F8
330
3E4
100
AcDbEntity
  8
outside1_T
100
AcDbVertex
100
AcDb2dVertex
 10
-109.8106170469433
 20
2.538342363315053
 30
0.0
  0
VERTEX
  5
4F9
330
3E4
100
AcDbEntity
  8
outside1_T
100
AcDbVertex
100
AcDb2dVertex
 10
-110.2510128381624
 20
2.546934670920606
 30
0.0
  0
VERTEX
  5
4FA
330
3E4
100
AcDbEntity
  8
outside1_T
100
AcDbVertex
100
AcDb2dVertex
 10
-110.6913722772366
 20
2.555526418022311
 30
0.0
  0
VERTEX
  5
4FB
330
3E4
100
AcDbEntity
  8
outside1_T
100
AcDbVertex
100
AcDb2dVertex
 10
-111.1316325111077
 20
2.564019056992578
 30
0.0
  0
VERTEX
  5
4FC
330
3E4
100
AcDbEntity
  8
outside1_T
100
AcDbVertex
100
AcDb2dVertex
 10
-111.5720000211302
 20
2.572519330041814
 30
0.0
  0
VERTEX
  5
4FD
330
3E4
100
AcDbEntity
  8
outside1_T
100
AcDbVertex
100
AcDb2dVertex
 10
-112.0123877092643
 20
2.580913403144606
 30
0.0
  0
VERTEX
  5
4FE
330
3E4
100
AcDbEntity
  8
outside1_T
100
AcDbVertex
100
AcDb2dVertex
 10
-112.4526549743878
 20
2.589406030689531
 30
0.0
  0
VERTEX
  5
4FF
330
3E4
100
AcDbEntity
  8
outside1_T
100
AcDbVertex
100
AcDb2dVertex
 10
-112.8930131366671
 20
2.597700435075723
 30
0.0
  0
VERTEX
  5
500
330
3E4
100
AcDbEntity
  8
outside1_T
100
AcDbVertex
100
AcDb2dVertex
 10
-113.3334078565441
 20
2.606094496889057
 30
0.0
  0
VERTEX
  5
501
330
3E4
100
AcDbEntity
  8
outside1_T
100
AcDbVertex
100
AcDb2dVertex
 10
-113.7737642934864
 20
2.614381245273933
 30
0.0
  0
VERTEX
  5
502
330
3E4
100
AcDbEntity
  8
outside1_T
100
AcDbVertex
100
AcDb2dVertex
 10
-114.214060518764
 20
2.622676349853023
 30
0.0
  0
VERTEX
  5
503
330
3E4
100
AcDbEntity
  8
outside1_T
100
AcDbVertex
100
AcDb2dVertex
 10
-114.6544256949392
 20
2.630970742753703
 30
0.0
  0
VERTEX
  5
504
330
3E4
100
AcDbEntity
  8
outside1_T
100
AcDbVertex
100
AcDb2dVertex
 10
-115.0947844927855
 20
2.639166053033364
 30
0.0
  0
VERTEX
  5
505
330
3E4
100
AcDbEntity
  8
outside1_T
100
AcDbVertex
100
AcDb2dVertex
 10
-115.5351484641508
 20
2.647361317717554
 30
0.0
  0
VERTEX
  5
506
330
3E4
100
AcDbEntity
  8
outside1_T
100
AcDbVertex
100
AcDb2dVertex
 10
-115.9755048991366
 20
2.655449854973568
 30
0.0
  0
VERTEX
  5
507
330
3E4
100
AcDbEntity
  8
outside1_T
100
AcDbVertex
100
AcDb2dVertex
 10
-116.4158990805943
 20
2.66354670967894
 30
0.0
  0
VERTEX
  5
508
330
3E4
100
AcDbEntity
  8
outside1_T
100
AcDbVertex
100
AcDb2dVertex
 10
-116.8562960754635
 20
2.671643475978897
 30
0.0
  0
VERTEX
  5
509
330
3E4
100
AcDbEntity
  8
outside1_T
100
AcDbVertex
100
AcDb2dVertex
 10
-117.2966519533114
 20
2.679739626495206
 30
0.0
  0
VERTEX
  5
50A
330
3E4
100
AcDbEntity
  8
outside1_T
100
AcDbVertex
100
AcDb2dVertex
 10
-117.7371008880846
 20
2.687728800104807
 30
0.0
  0
VERTEX
  5
50B
330
3E4
100
AcDbEntity
  8
outside1_T
100
AcDbVertex
100
AcDb2dVertex
 10
-118.6178431290182
 20
2.703616573786334
 30
0.0
  0
VERTEX
  5
50C
330
3E4
100
AcDbEntity
  8
outside1_T
100
AcDbVertex
100
AcDb2dVertex
 10
-119.4985833384977
 20
2.719306095293064
 30
0.0
  0
VERTEX
  5
50D
330
3E4
100
AcDbEntity
  8
outside1_T
100
AcDbVertex
100
AcDb2dVertex
 10
-120.3794368550685
 20
2.734896760356136
 30
0.0
  0
VERTEX
  5
50E
330
3E4
100
AcDbEntity
  8
outside1_T
100
AcDbVertex
100
AcDb2dVertex
 10
-121.2602688296498
 20
2.750380447599184
 30
0.0
  0
VERTEX
  5
50F
330
3E4
100
AcDbEntity
  8
outside1_T
100
AcDbVertex
100
AcDb2dVertex
 10
-122.141093055731
 20
2.765673276035386
 30
0.0
  0
VERTEX
  5
510
330
3E4
100
AcDbEntity
  8
outside1_T
100
AcDbVertex
100
AcDb2dVertex
 10
-123.0219314726205
 20
2.780760511858688
 30
0.0
  0
VERTEX
  5
511
330
3E4
100
AcDbEntity
  8
outside1_T
100
AcDbVertex
100
AcDb2dVertex
 10
-123.9027710698819
 20
2.795748660103598
 30
0.0
  0
VERTEX
  5
512
330
3E4
100
AcDbEntity
  8
outside1_T
100
AcDbVertex
100
AcDb2dVertex
 10
-124.783595060615
 20
2.810538330711367
 30
0.0
  0
VERTEX
  5
513
330
3E4
100
AcDbEntity
  8
outside1_T
100
AcDbVertex
100
AcDb2dVertex
 10
-125.664517237015
 20
2.825129773993936
 30
0.0
  0
VERTEX
  5
514
330
3E4
100
AcDbEntity
  8
outside1_T
100
AcDbVertex
100
AcDb2dVertex
 10
-126.5453556573323
 20
2.83951563256359
 30
0.0
  0
VERTEX
  5
515
330
3E4
100
AcDbEntity
  8
outside1_T
100
AcDbVertex
100
AcDb2dVertex
 10
-127.4262941013412
 20
2.853802398325399
 30
0.0
  0
VERTEX
  5
516
330
3E4
100
AcDbEntity
  8
outside1_T
100
AcDbVertex
100
AcDb2dVertex
 10
-128.3072248459285
 20
2.867890703498702
 30
0.0
  0
VERTEX
  5
517
330
3E4
100
AcDbEntity
  8
outside1_T
100
AcDbVertex
100
AcDb2dVertex
 10
-129.1882418351385
 20
2.881780714006467
 30
0.0
  0
VERTEX
  5
518
330
3E4
100
AcDbEntity
  8
outside1_T
100
AcDbVertex
100
AcDb2dVertex
 10
-130.5096301503273
 20
2.902265286137578
 30
0.0
  0
VERTEX
  5
519
330
3E4
100
AcDbEntity
  8
outside1_T
100
AcDbVertex
100
AcDb2dVertex
 10
-132.2717021691859
 20
2.928947984263786
 30
0.0
  0
VERTEX
  5
51A
330
3E4
100
AcDbEntity
  8
outside1_T
100
AcDbVertex
100
AcDb2dVertex
 10
-134.0337535118201
 20
2.954929116152485
 30
0.0
  0
VERTEX
  5
51B
330
3E4
100
AcDbEntity
  8
outside1_T
100
AcDbVertex
100
AcDb2dVertex
 10
-135.7959039172238
 20
2.980109663464773
 30
0.0
  0
VERTEX
  5
51C
330
3E4
100
AcDbEntity
  8
outside1_T
100
AcDbVertex
100
AcDb2dVertex
 10
-137.5580467071755
 20
3.00448973935768
 30
0.0
  0
VERTEX
  5
51D
330
3E4
100
AcDbEntity
  8
outside1_T
100
AcDbVertex
100
AcDb2dVertex
 10
-139.3203044001114
 20
3.02806945307961
 30
0.0
  0
VERTEX
  5
51E
330
3E4
100
AcDbEntity
  8
outside1_T
100
AcDbVertex
100
AcDb2dVertex
 10
-141.0826454255316
 20
3.050955315745398
 30
0.0
  0
VERTEX
  5
51F
330
3E4
100
AcDbEntity
  8
outside1_T
100
AcDbVertex
100
AcDb2dVertex
 10
-142.8449864013538
 20
3.072933881632693
 30
0.0
  0
VERTEX
  5
520
330
3E4
100
AcDbEntity
  8
outside1_T
100
AcDbVertex
100
AcDb2dVertex
 10
-144.6074347637891
 20
3.09411970250865
 30
0.0
  0
VERTEX
  5
521
330
3E4
100
AcDbEntity
  8
outside1_T
100
AcDbVertex
100
AcDb2dVertex
 10
-146.369882550932
 20
3.114505044908981
 30
0.0
  0
VERTEX
  5
522
330
3E4
100
AcDbEntity
  8
outside1_T
100
AcDbVertex
100
AcDb2dVertex
 10
-148.1324141480688
 20
3.134089830494617
 30
0.0
  0
VERTEX
  5
523
330
3E4
100
AcDbEntity
  8
outside1_T
100
AcDbVertex
100
AcDb2dVertex
 10
-149.8949456980228
 20
3.152774961113991
 30
0.0
  0
VERTEX
  5
524
330
3E4
100
AcDbEntity
  8
outside1_T
100
AcDbVertex
100
AcDb2dVertex
 10
-151.6575840429197
 20
3.170560599594182
 30
0.0
  0
VERTEX
  5
525
330
3E4
100
AcDbEntity
  8
outside1_T
100
AcDbVertex
100
AcDb2dVertex
 10
-153.4202306608323
 20
3.187545849710787
 30
0.0
  0
VERTEX
  5
526
330
3E4
100
AcDbEntity
  8
outside1_T
100
AcDbVertex
100
AcDb2dVertex
 10
-155.1829605225667
 20
3.203738105818815
 30
0.0
  0
VERTEX
  5
527
330
3E4
100
AcDbEntity
  8
outside1_T
100
AcDbVertex
100
AcDb2dVertex
 10
-156.9455906196084
 20
3.218924057842315
 30
0.0
  0
VERTEX
  5
528
330
3E4
100
AcDbEntity
  8
outside1_T
100
AcDbVertex
100
AcDb2dVertex
 10
-158.7084277466772
 20
3.233309555289878
 30
0.0
  0
VERTEX
  5
529
330
3E4
100
AcDbEntity
  8
outside1_T
100
AcDbVertex
100
AcDb2dVertex
 10
-160.4711499502441
 20
3.246703938708848
 30
0.0
  0
VERTEX
  5
52A
330
3E4
100
AcDbEntity
  8
outside1_T
100
AcDbVertex
100
AcDb2dVertex
 10
-162.2339788752965
 20
3.259191186767055
 30
0.0
  0
VERTEX
  5
52B
330
3E4
100
AcDbEntity
  8
outside1_T
100
AcDbVertex
100
AcDb2dVertex
 10
-163.9968078554232
 20
3.270786488897656
 30
0.0
  0
VERTEX
  5
52C
330
3E4
100
AcDbEntity
  8
outside1_T
100
AcDbVertex
100
AcDb2dVertex
 10
-165.7596323403945
 20
3.281474547399981
 30
0.0
  0
VERTEX
  5
52D
330
3E4
100
AcDbEntity
  8
outside1_T
100
AcDbVertex
100
AcDb2dVertex
 10
-167.5225571248237
 20
3.291163942238086
 30
0.0
  0
VERTEX
  5
52E
330
3E4
100
AcDbEntity
  8
outside1_T
100
AcDbVertex
100
AcDb2dVertex
 10
-169.2854775507499
 20
3.299961391628415
 30
0.0
  0
VERTEX
  5
52F
330
3E4
100
AcDbEntity
  8
outside1_T
100
AcDbVertex
100
AcDb2dVertex
 10
-171.0484017861783
 20
3.307752546971258
 30
0.0
  0
VERTEX
  5
530
330
3E4
100
AcDbEntity
  8
outside1_T
100
AcDbVertex
100
AcDb2dVertex
 10
-172.8113183496487
 20
3.31465172984845
 30
0.0
  0
VERTEX
  5
531
330
3E4
100
AcDbEntity
  8
outside1_T
100
AcDbVertex
100
AcDb2dVertex
 10
-174.5742305089735
 20
3.320445516836941
 30
0.0
  0
VERTEX
  5
532
330
3E4
100
AcDbEntity
  8
outside1_T
100
AcDbVertex
100
AcDb2dVertex
 10
-176.3371378445232
 20
3.325339718187521
 30
0.0
  0
VERTEX
  5
533
330
3E4
100
AcDbEntity
  8
outside1_T
100
AcDbVertex
100
AcDb2dVertex
 10
-178.5409144666348
 20
3.329936644995314
 30
0.0
  0
VERTEX
  5
534
330
3E4
100
AcDbEntity
  8
outside1_T
100
AcDbVertex
100
AcDb2dVertex
 10
-180.7445836941511
 20
3.333031750287432
 30
0.0
  0
VERTEX
  5
535
330
3E4
100
AcDbEntity
  8
outside1_T
100
AcDbVertex
100
AcDb2dVertex
 10
-182.948160643061
 20
3.334533499572828
 30
0.0
  0
VERTEX
  5
536
330
3E4
100
AcDbEntity
  8
outside1_T
100
AcDbVertex
100
AcDb2dVertex
 10
-183.3879615103547
 20
3.334236223517792
 30
0.0
  0
VERTEX
  5
537
330
3E4
100
AcDbEntity
  8
outside1_T
100
AcDbVertex
100
AcDb2dVertex
 10
-183.3998444075873
 20
3.334236223517792
 30
0.0
  0
SEQEND
  5
538
330
3E4
100
AcDbEntity
  8
outside1_T
  0
ENDSEC
  0
SECTION
  2
OBJECTS
  0
DICTIONARY
  5
C
330
0
100
AcDbDictionary
281
     1
  3
ACAD_DETAILVIEWSTYLE
350
574
  3
ACAD_GROUP
350
D
  3
ACAD_LAYOUT
350
1A
  3
ACAD_MATERIAL
350
43
  3
ACAD_MLEADERSTYLE
350
5B
  3
ACAD_MLINESTYLE
350
17
  3
ACAD_PLOTSETTINGS
350
19
  3
ACAD_PLOTSTYLENAME
350
E
  3
ACAD_SCALELIST
350
47
  3
ACAD_SECTIONVIEWSTYLE
350
575
  3
ACAD_TABLESTYLE
350
59
  3
ACAD_VISUALSTYLE
350
2A
  3
AcDbVariableDictionary
350
539
  3
ACDB_RECOMPOSE_DATA
350
571
  0
SUN
  5
5D
330
29
100
AcDbSun
 90
        1
290
     0
 63
     7
421
 16777215
 40
1.0
291
     1
 91
  2455826
 92
 54000000
292
     0
 70
     2
 71
   256
280
     1
  0
DICTIONARY
  5
574
102
{ACAD_REACTORS
330
C
102
}
330
C
100
AcDbDictionary
281
     1
  0
DICTIONARY
  5
D
102
{ACAD_REACTORS
330
C
102
}
330
C
100
AcDbDictionary
281
     1
  0
DICTIONARY
  5
1A
102
{ACAD_REACTORS
330
C
102
}
330
C
100
AcDbDictionary
281
     1
  3
Layout1
350
1E
  3
Layout2
350
26
  3
Model
350
22
  0
DICTIONARY
  5
43
102
{ACAD_REACTORS
330
C
102
}
330
C
100
AcDbDictionary
281
     1
  3
ByBlock
350
45
  3
ByLayer
350
44
  3
Global
350
46
  0
DICTIONARY
  5
5B
102
{ACAD_REACTORS
330
C
102
}
330
C
100
AcDbDictionary
281
     1
  3
Standard
350
5C
  0
DICTIONARY
  5
17
102
{ACAD_REACTORS
330
C
102
}
330
C
100
AcDbDictionary
281
     1
  3
Standard
350
18
  0
DICTIONARY
  5
19
102
{ACAD_REACTORS
330
C
102
}
330
C
100
AcDbDictionary
281
     1
  0
ACDBDICTIONARYWDFLT
  5
E
102
{ACAD_REACTORS
330
C
102
}
330
C
100
AcDbDictionary
281
     1
  3
Normal
350
F
100
AcDbDictionaryWithDefault
340
F
  0
DICTIONARY
  5
47
102
{ACAD_REACTORS
330
C
102
}
330
C
100
AcDbDictionary
281
     1
  3
A0
350
48
  3
A1
350
49
  3
A2
350
4A
  3
A3
350
4B
  3
A4
350
4C
  3
A5
350
4D
  3
A6
350
4E
  3
A7
350
4F
  3
A8
350
50
  3
A9
350
51
  3
B1
350
52
  3
B2
350
53
  3
B3
350
54
  3
B4
350
55
  3
B5
350
56
  3
B6
350
57
  3
B7
350
58
  0
DICTIONARY
  5
575
102
{ACAD_REACTORS
330
C
102
}
330
C
100
AcDbDictionary
281
     1
  0
DICTIONARY
  5
59
102
{ACAD_REACTORS
330
C
102
}
330
C
100
AcDbDictionary
281
     1
  3
Standard
350
5A
  0
DICTIONARY
  5
2A
102
{ACAD_REACTORS
330
C
102
}
330
C
100
AcDbDictionary
281
     1
  3
2dWireframe
350
2F
  3
Basic
350
32
  3
Brighten
350
36
  3
ColorChange
350
3A
  3
Conceptual
350
34
  3
Dim
350
35
  3
EdgeColorOff
350
3D
  3
Facepattern
350
39
  3
Flat
350
2B
  3
FlatWithEdges
350
2C
  3
Gouraud
350
2D
  3
GouraudWithEdges
350
2E
  3
Hidden
350
31
  3
JitterOff
350
3B
  3
Linepattern
350
38
  3
OverhangOff
350
3C
  3
Realistic
350
33
  3
Shaded
350
42
  3
Shaded with edges
350
41
  3
Shades of Gray
350
3E
  3
Sketchy
350
3F
  3
Thicken
350
37
  3
Wireframe
350
30
  3
X-Ray
350
40
  0
DICTIONARY
  5
539
102
{ACAD_REACTORS
330
C
102
}
330
C
100
AcDbDictionary
281
     1
  3
CANNOSCALE
350
53A
  3
CMLEADERSTYLE
350
573
  3
CTABLESTYLE
350
572
  3
XCLIPFRAME
350
53B
  0
XRECORD
  5
571
102
{ACAD_REACTORS
330
C
102
}
330
C
100
AcDbXrecord
280
     1
 90
        1
330
5A
  0
LAYOUT
  5
1E
102
{ACAD_REACTORS
330
1A
102
}
330
1A
100
AcDbPlotSettings
  1

  2
none_device
  4

  6

 40
0.0
 41
0.0
 42
0.0
 43
0.0
 44
0.0
 45
0.0
 46
0.0
 47
0.0
 48
0.0
 49
0.0
140
0.0
141
0.0
142
1.0
143
1.0
 70
   688
 72
     0
 73
     0
 74
     5
  7

 75
    16
 76
     0
 77
     2
 78
   300
147
1.0
148
0.0
149
0.0
100
AcDbLayout
  1
Layout1
 70
     1
 71
     1
 10
0.0
 20
0.0
 11
12.0
 21
9.0
 12
0.0
 22
0.0
 32
0.0
 14
1.000000000000000E+20
 24
1.000000000000000E+20
 34
1.000000000000000E+20
 15
-1.000000000000000E+20
 25
-1.000000000000000E+20
 35
-1.000000000000000E+20
146
0.0
 13
0.0
 23
0.0
 33
0.0
 16
1.0
 26
0.0
 36
0.0
 17
0.0
 27
1.0
 37
0.0
 76
     0
330
1B
  0
LAYOUT
  5
26
102
{ACAD_REACTORS
330
1A
102
}
330
1A
100
AcDbPlotSettings
  1

  2
none_device
  4

  6

 40
0.0
 41
0.0
 42
0.0
 43
0.0
 44
0.0
 45
0.0
 46
0.0
 47
0.0
 48
0.0
 49
0.0
140
0.0
141
0.0
142
1.0
143
1.0
 70
   688
 72
     0
 73
     0
 74
     5
  7

 75
    16
 76
     0
 77
     2
 78
   300
147
1.0
148
0.0
149
0.0
100
AcDbLayout
  1
Layout2
 70
     1
 71
     2
 10
0.0
 20
0.0
 11
0.0
 21
0.0
 12
0.0
 22
0.0
 32
0.0
 14
0.0
 24
0.0
 34
0.0
 15
0.0
 25
0.0
 35
0.0
146
0.0
 13
0.0
 23
0.0
 33
0.0
 16
1.0
 26
0.0
 36
0.0
 17
0.0
 27
1.0
 37
0.0
 76
     0
330
23
  0
LAYOUT
  5
22
102
{ACAD_REACTORS
330
1A
102
}
330
1A
100
AcDbPlotSettings
  1

  2
none_device
  4
Letter_(8.50_x_11.00_Inches)
  6

 40
6.35
 41
6.35
 42
6.35000508
 43
6.35000508
 44
215.9
 45
279.4
 46
0.0
 47
0.0
 48
0.0
 49
0.0
140
0.0
141
0.0
142
1.0
143
1.0
 70
  1712
 72
     0
 73
     0
 74
     0
  7

 75
     0
 76
     0
 77
     2
 78
   300
147
1.0
148
0.0
149
0.0
100
AcDbLayout
  1
Model
 70
     1
 71
     0
 10
0.0
 20
0.0
 11
12.0
 21
9.0
 12
0.0
 22
0.0
 32
0.0
 14
-403.3741280435983
 24
-5.155652200788111
 34
0.0
 15
57.68305113999799
 25
6.696078874912651
 35
0.0
146
0.0
 13
0.0
 23
0.0
 33
0.0
 16
1.0
 26
0.0
 36
0.0
 17
0.0
 27
1.0
 37
0.0
 76
     0
330
1F
331
29
  0
MATERIAL
  5
45
102
{ACAD_REACTORS
330
43
102
}
330
43
100
AcDbMaterial
  1
ByBlock
 72
     1
 94
      127
  0
MATERIAL
  5
44
102
{ACAD_REACTORS
330
43
102
}
330
43
100
AcDbMaterial
  1
ByLayer
 72
     1
 94
      127
  0
MATERIAL
  5
46
102
{ACAD_REACTORS
330
43
102
}
330
43
100
AcDbMaterial
  1
Global
 72
     1
 94
      127
  0
MLEADERSTYLE
  5
5C
102
{ACAD_REACTORS
330
5B
102
}
102
{ACAD_XDICTIONARY
360
56F
102
}
330
5B
100
AcDbMLeaderStyle
170
     2
171
     1
172
     0
 90
        2
 40
0.0
 41
0.0
173
     1
 91
-1056964608
340
14
 92
       -2
290
     1
 42
0.09
291
     1
 43
0.36
  3
Standard
341
0
 44
0.18
300

342
11
174
     1
178
     6
175
     1
176
     0
 93
-1056964608
 45
0.18
292
     0
297
     0
 46
0.18
343
0
 94
-1056964608
 47
1.0
 49
1.0
140
1.0
293
     1
141
0.0
294
     1
177
     0
142
1.0
295
     0
296
     0
143
0.125
1001
ACAD_MLEADERVER
1070
     2
  0
MLINESTYLE
  5
18
102
{ACAD_REACTORS
330
17
102
}
330
17
100
AcDbMlineStyle
  2
Standard
 70
     0
  3

 62
   256
 51
90.0
 52
90.0
 71
     2
 49
0.5
 62
   256
  6
BYLAYER
 49
-0.5
 62
   256
  6
BYLAYER
  0
ACDBPLACEHOLDER
  5
F
102
{ACAD_REACTORS
330
E
102
}
330
E
  0
SCALE
  5
48
102
{ACAD_REACTORS
330
47
102
}
330
47
100
AcDbScale
 70
     0
300
1:1
140
1.0
141
1.0
290
     1
  0
SCALE
  5
49
102
{ACAD_REACTORS
330
47
102
}
330
47
100
AcDbScale
 70
     0
300
1/128" = 1'-0"
140
0.0078125
141
12.0
290
     0
  0
SCALE
  5
4A
102
{ACAD_REACTORS
330
47
102
}
330
47
100
AcDbScale
 70
     0
300
1/64" = 1'-0"
140
0.015625
141
12.0
290
     0
  0
SCALE
  5
4B
102
{ACAD_REACTORS
330
47
102
}
330
47
100
AcDbScale
 70
     0
300
1/32" = 1'-0"
140
0.03125
141
12.0
290
     0
  0
SCALE
  5
4C
102
{ACAD_REACTORS
330
47
102
}
330
47
100
AcDbScale
 70
     0
300
1/16" = 1'-0"
140
0.0625
141
12.0
290
     0
  0
SCALE
  5
4D
102
{ACAD_REACTORS
330
47
102
}
330
47
100
AcDbScale
 70
     0
300
3/32" = 1'-0"
140
0.09375
141
12.0
290
     0
  0
SCALE
  5
4E
102
{ACAD_REACTORS
330
47
102
}
330
47
100
AcDbScale
 70
     0
300
1/8" = 1'-0"
140
0.125
141
12.0
290
     0
  0
SCALE
  5
4F
102
{ACAD_REACTORS
330
47
102
}
330
47
100
AcDbScale
 70
     0
300
3/16" = 1'-0"
140
0.1875
141
12.0
290
     0
  0
SCALE
  5
50
102
{ACAD_REACTORS
330
47
102
}
330
47
100
AcDbScale
 70
     0
300
1/4" = 1'-0"
140
0.25
141
12.0
290
     0
  0
SCALE
  5
51
102
{ACAD_REACTORS
330
47
102
}
330
47
100
AcDbScale
 70
     0
300
3/8" = 1'-0"
140
0.375
141
12.0
290
     0
  0
SCALE
  5
52
102
{ACAD_REACTORS
330
47
102
}
330
47
100
AcDbScale
 70
     0
300
1/2" = 1'-0"
140
0.5
141
12.0
290
     0
  0
SCALE
  5
53
102
{ACAD_REACTORS
330
47
102
}
330
47
100
AcDbScale
 70
     0
300
3/4" = 1'-0"
140
0.75
141
12.0
290
     0
  0
SCALE
  5
54
102
{ACAD_REACTORS
330
47
102
}
330
47
100
AcDbScale
 70
     0
300
1" = 1'-0"
140
1.0
141
12.0
290
     0
  0
SCALE
  5
55
102
{ACAD_REACTORS
330
47
102
}
330
47
100
AcDbScale
 70
     0
300
1-1/2" = 1'-0"
140
1.5
141
12.0
290
     0
  0
SCALE
  5
56
102
{ACAD_REACTORS
330
47
102
}
330
47
100
AcDbScale
 70
     0
300
3" = 1'-0"
140
3.0
141
12.0
290
     0
  0
SCALE
  5
57
102
{ACAD_REACTORS
330
47
102
}
330
47
100
AcDbScale
 70
     0
300
6" = 1'-0"
140
6.0
141
12.0
290
     0
  0
SCALE
  5
58
102
{ACAD_REACTORS
330
47
102
}
330
47
100
AcDbScale
 70
     0
300
1'-0" = 1'-0"
140
12.0
141
12.0
290
     0
  0
TABLESTYLE
  5
5A
102
{ACAD_REACTORS
330
59
102
}
102
{ACAD_XDICTIONARY
360
56C
102
}
330
59
100
AcDbTableStyle
  3
Standard
 70
     0
 71
     0
 40
0.06
 41
0.06
280
     0
281
     0
  7
Standard
140
0.18
170
     2
 62
     0
 63
   257
283
     0
 90
        4
 91
        0
  1

274
    -2
284
     1
 64
     0
275
    -2
285
     1
 65
     0
276
    -2
286
     1
 66
     0
277
    -2
287
     1
 67
     0
278
    -2
288
     1
 68
     0
279
    -2
289
     1
 69
     0
  7
Standard
140
0.25
170
     5
 62
     0
 63
   257
283
     0
 90
        4
 91
        0
  1

274
    -2
284
     1
 64
     0
275
    -2
285
     1
 65
     0
276
    -2
286
     1
 66
     0
277
    -2
287
     1
 67
     0
278
    -2
288
     1
 68
     0
279
    -2
289
     1
 69
     0
  7
Standard
140
0.18
170
     5
 62
     0
 63
   257
283
     0
 90
        4
 91
        0
  1

274
    -2
284
     1
 64
     0
275
    -2
285
     1
 65
     0
276
    -2
286
     1
 66
     0
277
    -2
287
     1
 67
     0
278
    -2
288
     1
 68
     0
279
    -2
289
     1
 69
     0
  0
VISUALSTYLE
  5
2F
102
{ACAD_REACTORS
330
2A
102
}
102
{ACAD_XDICTIONARY
360
544
102
}
330
2A
100
AcDbVisualStyle
  2
2dWireframe
 70
     4
 71
     0
 72
     2
 73
     0
 90
        0
 40
0.6
 41
30.0
 62
     5
 63
     7
421
 16777215
 74
     1
 91
        4
 64
     7
 65
   257
 75
     1
175
     1
 42
1.0
 92
        0
 66
   257
 43
1.0
 76
     1
 77
     6
 78
     2
 67
     7
 79
     5
170
     0
171
     0
290
     0
174
     0
 93
        1
 44
0.0
173
     0
291
     0
 45
0.0
  0
VISUALSTYLE
  5
32
102
{ACAD_REACTORS
330
2A
102
}
102
{ACAD_XDICTIONARY
360
54A
102
}
330
2A
100
AcDbVisualStyle
  2
Basic
 70
     7
 71
     1
 72
     0
 73
     1
 90
        0
 40
0.6
 41
30.0
 62
     5
 63
     7
421
 16777215
 74
     0
 91
        4
 64
     7
 65
   257
 75
     1
175
     1
 42
1.0
 92
        8
 66
     7
 43
1.0
 76
     1
 77
     6
 78
     2
 67
     7
 79
     5
170
     0
171
     0
290
     0
174
     0
 93
        1
 44
0.0
173
     0
291
     1
 45
0.0
  0
VISUALSTYLE
  5
36
102
{ACAD_REACTORS
330
2A
102
}
102
{ACAD_XDICTIONARY
360
552
102
}
330
2A
100
AcDbVisualStyle
  2
Brighten
 70
    12
 71
     2
 72
     2
 73
     0
 90
        0
 40
0.6
 41
30.0
 62
     5
 63
     7
421
 16777215
 74
     1
 91
        4
 64
     7
 65
   257
 75
     1
175
     1
 42
1.0
 92
        8
 66
     7
 43
1.0
 76
     1
 77
     6
 78
     2
 67
     7
 79
     5
170
     0
171
     0
290
     0
174
     0
 93
        1
 44
50.0
173
     0
291
     1
 45
0.0
  0
VISUALSTYLE
  5
3A
102
{ACAD_REACTORS
330
2A
102
}
102
{ACAD_XDICTIONARY
360
55A
102
}
330
2A
100
AcDbVisualStyle
  2
ColorChange
 70
    16
 71
     2
 72
     2
 73
     3
 90
        0
 40
0.6
 41
30.0
 62
     5
 63
     8
421
  8421504
 74
     1
 91
        4
 64
     7
 65
   257
 75
     1
175
     1
 42
1.0
 92
        8
 66
     8
424
  8421504
 43
1.0
 76
     1
 77
     6
 78
     2
 67
     7
 79
     5
170
     0
171
     0
290
     0
174
     0
 93
        1
 44
0.0
173
     0
291
     1
 45
0.0
  0
VISUALSTYLE
  5
34
102
{ACAD_REACTORS
330
2A
102
}
102
{ACAD_XDICTIONARY
360
54E
102
}
330
2A
100
AcDbVisualStyle
  2
Conceptual
 70
     9
 71
     3
 72
     2
 73
     0
 90
        0
 40
0.6
 41
30.0
 62
     5
 63
     7
421
 16777215
 74
     2
 91
        2
 64
     7
 65
   257
 75
     1
175
     1
 42
179.0
 92
        8
 66
     7
 43
1.0
 76
     1
 77
     6
 78
     2
 67
     7
 79
     3
170
     0
171
     0
290
     0
174
     0
 93
        1
 44
0.0
173
     0
291
     0
 45
0.0
  0
VISUALSTYLE
  5
35
102
{ACAD_REACTORS
330
2A
102
}
102
{ACAD_XDICTIONARY
360
550
102
}
330
2A
100
AcDbVisualStyle
  2
Dim
 70
    11
 71
     2
 72
     2
 73
     0
 90
        0
 40
0.6
 41
30.0
 62
     5
 63
     7
421
 16777215
 74
     1
 91
        4
 64
     7
 65
   257
 75
     1
175
     1
 42
1.0
 92
        8
 66
     7
 43
1.0
 76
     1
 77
     6
 78
     2
 67
     7
 79
     5
170
     0
171
     0
290
     0
174
     0
 93
        1
 44
-50.0
173
     0
291
     1
 45
0.0
  0
VISUALSTYLE
  5
3D
102
{ACAD_REACTORS
330
2A
102
}
102
{ACAD_XDICTIONARY
360
560
102
}
330
2A
100
AcDbVisualStyle
  2
EdgeColorOff
 70
    22
 71
     2
 72
     2
 73
     0
 90
        0
 40
0.6
 41
30.0
 62
     5
 63
     7
421
 16777215
 74
     1
 91
        4
 64
     7
 65
   257
 75
     1
175
     1
 42
1.0
 92
        8
 66
     7
 43
1.0
 76
     1
 77
     6
 78
     2
 67
     7
 79
     5
170
     0
171
     0
290
     0
174
     0
 93
        1
 44
0.0
173
     0
291
     1
 45
0.0
  0
VISUALSTYLE
  5
39
102
{ACAD_REACTORS
330
2A
102
}
102
{ACAD_XDICTIONARY
360
558
102
}
330
2A
100
AcDbVisualStyle
  2
Facepattern
 70
    15
 71
     2
 72
     2
 73
     0
 90
        0
 40
0.6
 41
30.0
 62
     5
 63
     7
421
 16777215
 74
     1
 91
        4
 64
     7
 65
   257
 75
     1
175
     1
 42
1.0
 92
        8
 66
     7
 43
1.0
 76
     1
 77
     6
 78
     2
 67
     7
 79
     5
170
     0
171
     0
290
     0
174
     0
 93
        1
 44
0.0
173
     0
291
     1
 45
0.0
  0
VISUALSTYLE
  5
2B
102
{ACAD_REACTORS
330
2A
102
}
102
{ACAD_XDICTIONARY
360
53C
102
}
330
2A
100
AcDbVisualStyle
  2
Flat
 70
     0
 71
     2
 72
     1
 73
     1
 90
        2
 40
0.6
 41
30.0
 62
     5
 63
     7
421
 16777215
 74
     0
 91
        0
 64
     7
 65
   257
 75
     1
175
     1
 42
1.0
 92
        8
 66
     7
 43
1.0
 76
     1
 77
     6
 78
     2
 67
     7
 79
     5
170
     0
171
     0
290
     0
174
     0
 93
       13
 44
0.0
173
     0
291
     1
 45
0.0
  0
VISUALSTYLE
  5
2C
102
{ACAD_REACTORS
330
2A
102
}
102
{ACAD_XDICTIONARY
360
53E
102
}
330
2A
100
AcDbVisualStyle
  2
FlatWithEdges
 70
     1
 71
     2
 72
     1
 73
     1
 90
        2
 40
0.6
 41
30.0
 62
     5
 63
     7
421
 16777215
 74
     1
 91
        0
 64
     7
 65
   257
 75
     1
175
     1
 42
1.0
 92
        0
 66
   257
 43
1.0
 76
     1
 77
     6
 78
     2
 67
     7
 79
     5
170
     0
171
     0
290
     0
174
     0
 93
       13
 44
0.0
173
     0
291
     1
 45
0.0
  0
VISUALSTYLE
  5
2D
102
{ACAD_REACTORS
330
2A
102
}
102
{ACAD_XDICTIONARY
360
540
102
}
330
2A
100
AcDbVisualStyle
  2
Gouraud
 70
     2
 71
     2
 72
     2
 73
     1
 90
        2
 40
0.6
 41
30.0
 62
     5
 63
     7
421
 16777215
 74
     0
 91
        0
 64
     7
 65
   257
 75
     1
175
     1
 42
1.0
 92
        0
 66
     7
 43
1.0
 76
     1
 77
     6
 78
     2
 67
     7
 79
     5
170
     0
171
     0
290
     0
174
     0
 93
       13
 44
0.0
173
     0
291
     1
 45
0.0
  0
VISUALSTYLE
  5
2E
102
{ACAD_REACTORS
330
2A
102
}
102
{ACAD_XDICTIONARY
360
542
102
}
330
2A
100
AcDbVisualStyle
  2
GouraudWithEdges
 70
     3
 71
     2
 72
     2
 73
     1
 90
        2
 40
0.6
 41
30.0
 62
     5
 63
     7
421
 16777215
 74
     1
 91
        0
 64
     7
 65
   257
 75
     1
175
     1
 42
1.0
 92
        0
 66
   257
 43
1.0
 76
     1
 77
     6
 78
     2
 67
     7
 79
     5
170
     0
171
     0
290
     0
174
     0
 93
       13
 44
0.0
173
     0
291
     1
 45
0.0
  0
VISUALSTYLE
  5
31
102
{ACAD_REACTORS
330
2A
102
}
102
{ACAD_XDICTIONARY
360
548
102
}
330
2A
100
AcDbVisualStyle
  2
Hidden
 70
     6
 71
     1
 72
     2
 73
     2
 90
        0
 40
0.6
 41
30.0
 62
     5
 63
     7
421
 16777215
 74
     2
 91
        2
 64
     7
 65
   257
 75
     2
175
     1
 42
40.0
 92
        0
 66
   257
 43
1.0
 76
     1
 77
     6
 78
     2
 67
     7
 79
     3
170
     0
171
     0
290
     0
174
     0
 93
        1
 44
0.0
173
     0
291
     0
 45
0.0
  0
VISUALSTYLE
  5
3B
102
{ACAD_REACTORS
330
2A
102
}
102
{ACAD_XDICTIONARY
360
55C
102
}
330
2A
100
AcDbVisualStyle
  2
JitterOff
 70
    20
 71
     2
 72
     2
 73
     0
 90
        0
 40
0.6
 41
30.0
 62
     5
 63
     7
421
 16777215
 74
     1
 91
        4
 64
     7
 65
   257
 75
     1
175
     1
 42
1.0
 92
       10
 66
     7
 43
1.0
 76
     1
 77
     6
 78
     2
 67
     7
 79
     5
170
     0
171
     0
290
     0
174
     0
 93
        1
 44
0.0
173
     0
291
     1
 45
0.0
  0
VISUALSTYLE
  5
38
102
{ACAD_REACTORS
330
2A
102
}
102
{ACAD_XDICTIONARY
360
556
102
}
330
2A
100
AcDbVisualStyle
  2
Linepattern
 70
    14
 71
     2
 72
     2
 73
     0
 90
        0
 40
0.6
 41
30.0
 62
     5
 63
     7
421
 16777215
 74
     1
 91
        4
 64
     7
 65
   257
 75
     7
175
     7
 42
1.0
 92
        8
 66
     7
 43
1.0
 76
     1
 77
     6
 78
     2
 67
     7
 79
     5
170
     0
171
     0
290
     0
174
     0
 93
        1
 44
0.0
173
     0
291
     1
 45
0.0
  0
VISUALSTYLE
  5
3C
102
{ACAD_REACTORS
330
2A
102
}
102
{ACAD_XDICTIONARY
360
55E
102
}
330
2A
100
AcDbVisualStyle
  2
OverhangOff
 70
    21
 71
     2
 72
     2
 73
     0
 90
        0
 40
0.6
 41
30.0
 62
     5
 63
     7
421
 16777215
 74
     1
 91
        4
 64
     7
 65
   257
 75
     1
175
     1
 42
1.0
 92
        9
 66
     7
 43
1.0
 76
     1
 77
     6
 78
     2
 67
     7
 79
     5
170
     0
171
     0
290
     0
174
     0
 93
        1
 44
0.0
173
     0
291
     1
 45
0.0
  0
VISUALSTYLE
  5
33
102
{ACAD_REACTORS
330
2A
102
}
102
{ACAD_XDICTIONARY
360
54C
102
}
330
2A
100
AcDbVisualStyle
  2
Realistic
 70
     8
 71
     2
 72
     3
 73
     0
 90
        2
 40
0.6
 41
30.0
 62
     5
 63
     7
421
 16777215
 74
     0
 91
        0
 64
     7
 65
   257
 75
     1
175
     1
 42
1.0
 92
        8
 66
   257
 43
1.0
 76
     1
 77
     6
 78
     2
 67
     7
 79
     3
170
     0
171
     0
290
     0
174
     0
 93
       13
 44
0.0
173
     0
291
     0
 45
0.0
  0
VISUALSTYLE
  5
42
102
{ACAD_REACTORS
330
2A
102
}
102
{ACAD_XDICTIONARY
360
56A
102
}
330
2A
100
AcDbVisualStyle
  2
Shaded
 70
    27
 71
     2
 72
     2
 73
     1
 90
        2
 40
0.6
 41
30.0
 62
     5
 63
     7
421
 16777215
 74
     0
 91
        4
 64
     7
 65
   257
 75
     1
175
     1
 42
1.0
 92
        8
 66
   257
 43
1.0
 76
     1
 77
     6
 78
     2
 67
     8
425
  7895160
 79
     3
170
     0
171
     0
290
     0
174
     0
 93
        5
 44
0.0
173
     0
291
     0
 45
0.0
  0
VISUALSTYLE
  5
41
102
{ACAD_REACTORS
330
2A
102
}
102
{ACAD_XDICTIONARY
360
568
102
}
330
2A
100
AcDbVisualStyle
  2
Shaded with edges
 70
    26
 71
     2
 72
     2
 73
     1
 90
        2
 40
0.6
 41
30.0
 62
     5
 63
     7
421
 16777215
 74
     1
 91
       10
 64
     7
 65
   257
 75
     2
175
     1
 42
1.0
 92
        8
 66
   257
 43
1.0
 76
     1
 77
     6
 78
     2
 67
     7
 79
     3
170
     0
171
     0
290
     0
174
     0
 93
        5
 44
0.0
173
     0
291
     0
 45
0.0
  0
VISUALSTYLE
  5
3E
102
{ACAD_REACTORS
330
2A
102
}
102
{ACAD_XDICTIONARY
360
562
102
}
330
2A
100
AcDbVisualStyle
  2
Shades of Gray
 70
    23
 71
     2
 72
     2
 73
     3
 90
        0
 40
0.6
 41
30.0
 62
     5
 63
     7
421
 16777215
 74
     2
 91
        2
 64
     7
 65
     7
 75
     1
175
     1
 42
40.0
 92
        8
 66
     7
 43
1.0
 76
     1
 77
     6
 78
     2
 67
     7
 79
     3
170
     0
171
     0
290
     0
174
     0
 93
        1
 44
0.0
173
     0
291
     0
 45
0.0
  0
VISUALSTYLE
  5
3F
102
{ACAD_REACTORS
330
2A
102
}
102
{ACAD_XDICTIONARY
360
564
102
}
330
2A
100
AcDbVisualStyle
  2
Sketchy
 70
    24
 71
     1
 72
     2
 73
     2
 90
        0
 40
0.6
 41
30.0
 62
     5
 63
     7
421
 16777215
 74
     2
 91
        2
 64
     7
 65
     7
 75
     1
175
     1
 42
40.0
 92
       11
 66
     7
 43
1.0
 76
     1
 77
     6
 78
     2
 67
     7
 79
     6
170
     0
171
     0
290
     0
174
     0
 93
        1
 44
0.0
173
     0
291
     0
 45
0.0
  0
VISUALSTYLE
  5
37
102
{ACAD_REACTORS
330
2A
102
}
102
{ACAD_XDICTIONARY
360
554
102
}
330
2A
100
AcDbVisualStyle
  2
Thicken
 70
    13
 71
     2
 72
     2
 73
     0
 90
        0
 40
0.6
 41
30.0
 62
     5
 63
     7
421
 16777215
 74
     1
 91
        4
 64
     7
 65
   257
 75
     1
175
     1
 42
1.0
 92
       12
 66
     7
 43
1.0
 76
     1
 77
     6
 78
     2
 67
     7
 79
     5
170
     0
171
     0
290
     0
174
     0
 93
        1
 44
0.0
173
     0
291
     1
 45
0.0
  0
VISUALSTYLE
  5
30
102
{ACAD_REACTORS
330
2A
102
}
102
{ACAD_XDICTIONARY
360
546
102
}
330
2A
100
AcDbVisualStyle
  2
Wireframe
 70
     5
 71
     0
 72
     2
 73
     0
 90
        0
 40
0.6
 41
30.0
 62
     5
 63
     7
421
 16777215
 74
     1
 91
        4
 64
     7
 65
   257
 75
     1
175
     1
 42
1.0
 92
        0
 66
   257
 43
1.0
 76
     1
 77
     6
 78
     2
 67
     7
 79
     3
170
     0
171
     0
290
     0
174
     0
 93
        1
 44
0.0
173
     0
291
     0
 45
0.0
  0
VISUALSTYLE
  5
40
102
{ACAD_REACTORS
330
2A
102
}
102
{ACAD_XDICTIONARY
360
566
102
}
330
2A
100
AcDbVisualStyle
  2
X-Ray
 70
    25
 71
     2
 72
     2
 73
     1
 90
        1
 40
0.5
 41
30.0
 62
     5
 63
     7
421
 16777215
 74
     1
 91
        0
 64
     7
 65
   257
 75
     1
175
     1
 42
1.0
 92
        8
 66
     7
 43
1.0
 76
     1
 77
     6
 78
     2
 67
     7
 79
     3
170
     0
171
     0
290
     0
174
     0
 93
       13
 44
0.0
173
     0
291
     0
 45
0.0
  0
DICTIONARYVAR
  5
53A
102
{ACAD_REACTORS
330
539
102
}
330
539
100
DictionaryVariables
280
     0
  1
1:1
  0
DICTIONARYVAR
  5
573
102
{ACAD_REACTORS
330
539
102
}
330
539
100
DictionaryVariables
280
     0
  1
Standard
  0
DICTIONARYVAR
  5
572
102
{ACAD_REACTORS
330
539
102
}
330
539
100
DictionaryVariables
280
     0
  1
Standard
  0
DICTIONARYVAR
  5
53B
102
{ACAD_REACTORS
330
539
102
}
330
539
100
DictionaryVariables
280
     0
  1
2
  0
DICTIONARY
  5
56F
330
5C
100
AcDbDictionary
280
     1
281
     1
  3
ACAD_XREC_ROUNDTRIP
360
570
  0
DICTIONARY
  5
56C
330
5A
100
AcDbDictionary
280
     1
281
     1
  3
ACAD_ROUNDTRIP_2008_TABLESTYLE_CELLSTYLEMAP
360
56D
  0
DICTIONARY
  5
544
330
2F
100
AcDbDictionary
280
     1
281
     1
  3
ACAD_XREC_ROUNDTRIP
360
545
  0
DICTIONARY
  5
54A
330
32
100
AcDbDictionary
280
     1
281
     1
  3
ACAD_XREC_ROUNDTRIP
360
54B
  0
DICTIONARY
  5
552
330
36
100
AcDbDictionary
280
     1
281
     1
  3
ACAD_XREC_ROUNDTRIP
360
553
  0
DICTIONARY
  5
55A
330
3A
100
AcDbDictionary
280
     1
281
     1
  3
ACAD_XREC_ROUNDTRIP
360
55B
  0
DICTIONARY
  5
54E
330
34
100
AcDbDictionary
280
     1
281
     1
  3
ACAD_XREC_ROUNDTRIP
360
54F
  0
DICTIONARY
  5
550
330
35
100
AcDbDictionary
280
     1
281
     1
  3
ACAD_XREC_ROUNDTRIP
360
551
  0
DICTIONARY
  5
560
330
3D
100
AcDbDictionary
280
     1
281
     1
  3
ACAD_XREC_ROUNDTRIP
360
561
  0
DICTIONARY
  5
558
330
39
100
AcDbDictionary
280
     1
281
     1
  3
ACAD_XREC_ROUNDTRIP
360
559
  0
DICTIONARY
  5
53C
330
2B
100
AcDbDictionary
280
     1
281
     1
  3
ACAD_XREC_ROUNDTRIP
360
53D
  0
DICTIONARY
  5
53E
330
2C
100
AcDbDictionary
280
     1
281
     1
  3
ACAD_XREC_ROUNDTRIP
360
53F
  0
DICTIONARY
  5
540
330
2D
100
AcDbDictionary
280
     1
281
     1
  3
ACAD_XREC_ROUNDTRIP
360
541
  0
DICTIONARY
  5
542
330
2E
100
AcDbDictionary
280
     1
281
     1
  3
ACAD_XREC_ROUNDTRIP
360
543
  0
DICTIONARY
  5
548
330
31
100
AcDbDictionary
280
     1
281
     1
  3
ACAD_XREC_ROUNDTRIP
360
549
  0
DICTIONARY
  5
55C
330
3B
100
AcDbDictionary
280
     1
281
     1
  3
ACAD_XREC_ROUNDTRIP
360
55D
  0
DICTIONARY
  5
556
330
38
100
AcDbDictionary
280
     1
281
     1
  3
ACAD_XREC_ROUNDTRIP
360
557
  0
DICTIONARY
  5
55E
330
3C
100
AcDbDictionary
280
     1
281
     1
  3
ACAD_XREC_ROUNDTRIP
360
55F
  0
DICTIONARY
  5
54C
330
33
100
AcDbDictionary
280
     1
281
     1
  3
ACAD_XREC_ROUNDTRIP
360
54D
  0
DICTIONARY
  5
56A
330
42
100
AcDbDictionary
280
     1
281
     1
  3
ACAD_XREC_ROUNDTRIP
360
56B
  0
DICTIONARY
  5
568
330
41
100
AcDbDictionary
280
     1
281
     1
  3
ACAD_XREC_ROUNDTRIP
360
569
  0
DICTIONARY
  5
562
330
3E
100
AcDbDictionary
280
     1
281
     1
  3
ACAD_XREC_ROUNDTRIP
360
563
  0
DICTIONARY
  5
564
330
3F
100
AcDbDictionary
280
     1
281
     1
  3
ACAD_XREC_ROUNDTRIP
360
565
  0
DICTIONARY
  5
554
330
37
100
AcDbDictionary
280
     1
281
     1
  3
ACAD_XREC_ROUNDTRIP
360
555
  0
DICTIONARY
  5
546
330
30
100
AcDbDictionary
280
     1
281
     1
  3
ACAD_XREC_ROUNDTRIP
360
547
  0
DICTIONARY
  5
566
330
40
100
AcDbDictionary
280
     1
281
     1
  3
ACAD_XREC_ROUNDTRIP
360
567
  0
XRECORD
  5
570
102
{ACAD_REACTORS
330
56F
102
}
330
56F
100
AcDbXrecord
280
     1
102
ACAD_ROUNDTRIP_2010_MLEADER_STYLE
  0
CELLSTYLEMAP
  5
56D
102
{ACAD_REACTORS
330
56C
102
}
330
56C
100
AcDbCellStyleMap
 90
        3
300
CELLSTYLE
  1
TABLEFORMAT_BEGIN
 90
        5
170
     1
 91
        0
 92
    32768
 62
   257
 93
        1
300
CONTENTFORMAT
  1
CONTENTFORMAT_BEGIN
 90
        0
 91
        0
 92
        4
 93
        0
300

 40
0.0
140
1.0
 94
        5
 62
     0
340
11
144
0.25
309
CONTENTFORMAT_END
171
     1
301
MARGIN
  1
CELLMARGIN_BEGIN
 40
0.06
 40
0.06
 40
0.06
 40
0.06
 40
0.06
 40
0.06
309
CELLMARGIN_END
 94
        6
 95
        1
302
GRIDFORMAT
  1
GRIDFORMAT_BEGIN
 90
        0
 91
        1
 62
     0
 92
       -2
340
14
 93
        0
 40
0.045
309
GRIDFORMAT_END
 95
        2
302
GRIDFORMAT
  1
GRIDFORMAT_BEGIN
 90
        0
 91
        1
 62
     0
 92
       -2
340
14
 93
        0
 40
0.045
309
GRIDFORMAT_END
 95
        4
302
GRIDFORMAT
  1
GRIDFORMAT_BEGIN
 90
        0
 91
        1
 62
     0
 92
       -2
340
14
 93
        0
 40
0.045
309
GRIDFORMAT_END
 95
        8
302
GRIDFORMAT
  1
GRIDFORMAT_BEGIN
 90
        0
 91
        1
 62
     0
 92
       -2
340
14
 93
        0
 40
0.045
309
GRIDFORMAT_END
 95
       16
302
GRIDFORMAT
  1
GRIDFORMAT_BEGIN
 90
        0
 91
        1
 62
     0
 92
       -2
340
14
 93
        0
 40
0.045
309
GRIDFORMAT_END
 95
       32
302
GRIDFORMAT
  1
GRIDFORMAT_BEGIN
 90
        0
 91
        1
 62
     0
 92
       -2
340
14
 93
        0
 40
0.045
309
GRIDFORMAT_END
309
TABLEFORMAT_END
  1
CELLSTYLE_BEGIN
 90
        1
 91
        1
300
_TITLE
309
CELLSTYLE_END
300
CELLSTYLE
  1
TABLEFORMAT_BEGIN
 90
        5
170
     1
 91
        0
 92
        0
 62
   257
 93
        1
300
CONTENTFORMAT
  1
CONTENTFORMAT_BEGIN
 90
        0
 91
        0
 92
        4
 93
        0
300

 40
0.0
140
1.0
 94
        5
 62
     0
340
11
144
0.18
309
CONTENTFORMAT_END
171
     1
301
MARGIN
  1
CELLMARGIN_BEGIN
 40
0.06
 40
0.06
 40
0.06
 40
0.06
 40
0.06
 40
0.06
309
CELLMARGIN_END
 94
        6
 95
        1
302
GRIDFORMAT
  1
GRIDFORMAT_BEGIN
 90
        0
 91
        1
 62
     0
 92
       -2
340
14
 93
        0
 40
0.045
309
GRIDFORMAT_END
 95
        2
302
GRIDFORMAT
  1
GRIDFORMAT_BEGIN
 90
        0
 91
        1
 62
     0
 92
       -2
340
14
 93
        0
 40
0.045
309
GRIDFORMAT_END
 95
        4
302
GRIDFORMAT
  1
GRIDFORMAT_BEGIN
 90
        0
 91
        1
 62
     0
 92
       -2
340
14
 93
        0
 40
0.045
309
GRIDFORMAT_END
 95
        8
302
GRIDFORMAT
  1
GRIDFORMAT_BEGIN
 90
        0
 91
        1
 62
     0
 92
       -2
340
14
 93
        0
 40
0.045
309
GRIDFORMAT_END
 95
       16
302
GRIDFORMAT
  1
GRIDFORMAT_BEGIN
 90
        0
 91
        1
 62
     0
 92
       -2
340
14
 93
        0
 40
0.045
309
GRIDFORMAT_END
 95
       32
302
GRIDFORMAT
  1
GRIDFORMAT_BEGIN
 90
        0
 91
        1
 62
     0
 92
       -2
340
14
 93
        0
 40
0.045
309
GRIDFORMAT_END
309
TABLEFORMAT_END
  1
CELLSTYLE_BEGIN
 90
        2
 91
        1
300
_HEADER
309
CELLSTYLE_END
300
CELLSTYLE
  1
TABLEFORMAT_BEGIN
 90
        5
170
     1
 91
        0
 92
        0
 62
   257
 93
        1
300
CONTENTFORMAT
  1
CONTENTFORMAT_BEGIN
 90
        0
 91
        0
 92
        4
 93
        0
300

 40
0.0
140
1.0
 94
        2
 62
     0
340
11
144
0.18
309
CONTENTFORMAT_END
171
     1
301
MARGIN
  1
CELLMARGIN_BEGIN
 40
0.06
 40
0.06
 40
0.06
 40
0.06
 40
0.06
 40
0.06
309
CELLMARGIN_END
 94
        6
 95
        1
302
GRIDFORMAT
  1
GRIDFORMAT_BEGIN
 90
        0
 91
        1
 62
     0
 92
       -2
340
14
 93
        0
 40
0.045
309
GRIDFORMAT_END
 95
        2
302
GRIDFORMAT
  1
GRIDFORMAT_BEGIN
 90
        0
 91
        1
 62
     0
 92
       -2
340
14
 93
        0
 40
0.045
309
GRIDFORMAT_END
 95
        4
302
GRIDFORMAT
  1
GRIDFORMAT_BEGIN
 90
        0
 91
        1
 62
     0
 92
       -2
340
14
 93
        0
 40
0.045
309
GRIDFORMAT_END
 95
        8
302
GRIDFORMAT
  1
GRIDFORMAT_BEGIN
 90
        0
 91
        1
 62
     0
 92
       -2
340
14
 93
        0
 40
0.045
309
GRIDFORMAT_END
 95
       16
302
GRIDFORMAT
  1
GRIDFORMAT_BEGIN
 90
        0
 91
        1
 62
     0
 92
       -2
340
14
 93
        0
 40
0.045
309
GRIDFORMAT_END
 95
       32
302
GRIDFORMAT
  1
GRIDFORMAT_BEGIN
 90
        0
 91
        1
 62
     0
 92
       -2
340
14
 93
        0
 40
0.045
309
GRIDFORMAT_END
309
TABLEFORMAT_END
  1
CELLSTYLE_BEGIN
 90
        3
 91
        2
300
_DATA
309
CELLSTYLE_END
  0
XRECORD
  5
545
102
{ACAD_REACTORS
330
544
102
}
330
544
100
AcDbXrecord
280
     1
102
RTVSPropertyOp0
 70
     1
102
RTVSPropertyOp1
 70
     1
102
RTVSPropertyOp2
 70
     1
102
RTVSPropertyOp3
 70
     1
102
RTVSPropertyOp4
 70
     1
102
RTVSPropertyOp5
 70
     1
102
RTVSPropertyOp6
 70
     1
102
RTVSPropertyOp7
 70
     1
102
RTVSPropertyOp8
 70
     1
102
RTVSPropertyOp9
 70
     1
102
RTVSPropertyOp10
 70
     1
102
RTVSPropertyOp11
 70
     1
102
RTVSPropertyOp12
 70
     1
102
RTVSPropertyOp13
 70
     1
102
RTVSPropertyOp14
 70
     1
102
RTVSPropertyOp15
 70
     1
102
RTVSPropertyOp16
 70
     1
102
RTVSPropertyOp17
 70
     1
102
RTVSPropertyOp18
 70
     1
102
RTVSPropertyOp19
 70
     1
102
RTVSPropertyOp20
 70
     1
102
RTVSPropertyOp21
 70
     1
102
RTVSPropertyOp22
 70
     1
102
RTVSPropertyOp23
 70
     1
102
RTVSPropertyOp24
 70
     1
102
RTVSPropertyOp25
 70
     1
102
RTVSPropertyOp26
 70
     1
102
RTVSPropertyOp27
 70
     1
102
RTVSPropertyOp28
 70
     1
102
RTVSPropertyOp29
 70
     1
102
RTVSPropertyOp30
 70
     1
102
RTVSPropertyOp31
 70
     1
102
RTVSPropertyOp32
 70
     1
102
RTVSPropertyOp33
 70
     1
102
RTVSPropertyOp34
 70
     1
102
RTVSPropertyOp35
 70
     1
102
RTVSPropertyOp36
 70
     1
102
RTVSPropertyOp37
 70
     1
102
RTVSPropertyOp38
 70
     1
102
RTVSPropertyOp39
 70
     1
102
RTVSPropertyOp40
 70
     1
102
RTVSPropertyOp41
 70
     1
102
RTVSPropertyOp42
 70
     1
102
RTVSPropertyOp43
 70
     1
102
RTVSPropertyOp44
 70
     1
102
RTVSPropertyOp45
 70
     1
102
RTVSPropertyOp46
 70
     1
102
RTVSPropertyOp47
 70
     1
102
RTVSPropertyOp48
 70
     1
102
RTVSPropertyOp49
 70
     1
102
RTVSPropertyOp50
 70
     1
102
RTVSPropertyOp51
 70
     0
102
RTVSPropertyOp52
 70
     0
102
RTVSPropertyOp53
 70
     1
102
RTVSPropertyOp54
 70
     1
102
RTVSPropertyOp55
 70
     1
102
RTVSPropertyOp56
 70
     1
102
RTVSPropertyOp57
 70
     1
102
RTVSPost2010Prop28
280
     1
102
RTVSPost2010PropOp28
 70
     1
102
RTVSPost2010Prop29
280
     1
102
RTVSPost2010PropOp29
 70
     1
102
RTVSPost2010Prop30
280
     0
102
RTVSPost2010PropOp30
 70
     1
102
RTVSPost2010Prop31
280
     0
102
RTVSPost2010PropOp31
 70
     1
102
RTVSPost2010Prop32
280
     0
102
RTVSPost2010PropOp32
 70
     1
102
RTVSPost2010Prop33
280
     0
102
RTVSPost2010PropOp33
 70
     1
102
RTVSPost2010Prop34
280
     0
102
RTVSPost2010PropOp34
 70
     1
102
RTVSPost2010Prop35
280
     0
102
RTVSPost2010PropOp35
 70
     1
102
RTVSPost2010Prop36
280
     0
102
RTVSPost2010PropOp36
 70
     1
102
RTVSPost2010Prop37
 90
       50
102
RTVSPost2010PropOp37
 70
     1
102
RTVSPost2010Prop38
140
0.0
102
RTVSPost2010PropOp38
 70
     1
102
RTVSPost2010Prop39
140
1.0
102
RTVSPost2010PropOp39
 70
     1
102
RTVSPost2010Prop40
 90
        0
102
RTVSPost2010PropOp40
 70
     1
102
RTVSPost2010Prop41ColorIndex
 90
       18
102
RTVSPost2010Prop41ColorRGB
 90
        0
102
RTVSPost2010PropOp41
 70
     1
102
RTVSPost2010Prop42
 90
       50
102
RTVSPost2010PropOp42
 70
     1
102
RTVSPost2010Prop43
 90
        3
102
RTVSPost2010PropOp43
 70
     1
102
RTVSPost2010Prop44ColorIndex
 90
        5
102
RTVSPost2010Prop44ColorRGB
 90
      255
102
RTVSPost2010PropOp44
 70
     1
102
RTVSPost2010Prop45
280
     0
102
RTVSPost2010PropOp45
 70
     1
102
RTVSPost2010Prop46
 90
       50
102
RTVSPost2010PropOp46
 70
     1
102
RTVSPost2010Prop47
 90
       50
102
RTVSPost2010PropOp47
 70
     1
102
RTVSPost2010Prop48
 90
       50
102
RTVSPost2010PropOp48
 70
     1
102
RTVSPost2010Prop49
280
     0
102
RTVSPost2010PropOp49
 70
     1
102
RTVSPost2010Prop50
 90
       50
102
RTVSPost2010PropOp50
 70
     1
102
RTVSPost2010Prop51ColorIndex
 90
      256
102
RTVSPost2010Prop51ColorRGB
 90
-16777216
102
RTVSPost2010PropOp51
 70
     0
102
RTVSPost2010Prop52
140
1.0
102
RTVSPost2010PropOp52
 70
     0
102
RTVSPost2010Prop53
 90
        2
102
RTVSPost2010PropOp53
 70
     1
102
RTVSPost2010Prop54
  1
strokes_ogs.tif
102
RTVSPost2010PropOp54
 70
     1
102
RTVSPost2010Prop55
280
     0
102
RTVSPost2010PropOp55
 70
     1
102
RTVSPost2010Prop56
140
1.0
102
RTVSPost2010PropOp56
 70
     1
102
RTVSPost2010Prop57
140
1.0
102
RTVSPost2010PropOp57
 70
     1
  0
XRECORD
  5
54B
102
{ACAD_REACTORS
330
54A
102
}
330
54A
100
AcDbXrecord
280
     1
102
RTVSPropertyOp0
 70
     1
102
RTVSPropertyOp1
 70
     1
102
RTVSPropertyOp2
 70
     1
102
RTVSPropertyOp3
 70
     1
102
RTVSPropertyOp4
 70
     1
102
RTVSPropertyOp5
 70
     1
102
RTVSPropertyOp6
 70
     1
102
RTVSPropertyOp7
 70
     1
102
RTVSPropertyOp8
 70
     1
102
RTVSPropertyOp9
 70
     1
102
RTVSPropertyOp10
 70
     1
102
RTVSPropertyOp11
 70
     1
102
RTVSPropertyOp12
 70
     1
102
RTVSPropertyOp13
 70
     1
102
RTVSPropertyOp14
 70
     1
102
RTVSPropertyOp15
 70
     1
102
RTVSPropertyOp16
 70
     1
102
RTVSPropertyOp17
 70
     1
102
RTVSPropertyOp18
 70
     1
102
RTVSPropertyOp19
 70
     1
102
RTVSPropertyOp20
 70
     1
102
RTVSPropertyOp21
 70
     1
102
RTVSPropertyOp22
 70
     1
102
RTVSPropertyOp23
 70
     1
102
RTVSPropertyOp24
 70
     1
102
RTVSPropertyOp25
 70
     1
102
RTVSPropertyOp26
 70
     1
102
RTVSPropertyOp27
 70
     1
102
RTVSPropertyOp28
 70
     1
102
RTVSPropertyOp29
 70
     1
102
RTVSPropertyOp30
 70
     1
102
RTVSPropertyOp31
 70
     1
102
RTVSPropertyOp32
 70
     1
102
RTVSPropertyOp33
 70
     1
102
RTVSPropertyOp34
 70
     1
102
RTVSPropertyOp35
 70
     1
102
RTVSPropertyOp36
 70
     1
102
RTVSPropertyOp37
 70
     1
102
RTVSPropertyOp38
 70
     1
102
RTVSPropertyOp39
 70
     1
102
RTVSPropertyOp40
 70
     1
102
RTVSPropertyOp41
 70
     1
102
RTVSPropertyOp42
 70
     1
102
RTVSPropertyOp43
 70
     1
102
RTVSPropertyOp44
 70
     1
102
RTVSPropertyOp45
 70
     1
102
RTVSPropertyOp46
 70
     1
102
RTVSPropertyOp47
 70
     1
102
RTVSPropertyOp48
 70
     1
102
RTVSPropertyOp49
 70
     1
102
RTVSPropertyOp50
 70
     1
102
RTVSPropertyOp51
 70
     0
102
RTVSPropertyOp52
 70
     0
102
RTVSPropertyOp53
 70
     1
102
RTVSPropertyOp54
 70
     1
102
RTVSPropertyOp55
 70
     1
102
RTVSPropertyOp56
 70
     1
102
RTVSPropertyOp57
 70
     1
102
RTVSPost2010Prop28
280
     0
102
RTVSPost2010PropOp28
 70
     1
102
RTVSPost2010Prop29
280
     1
102
RTVSPost2010PropOp29
 70
     1
102
RTVSPost2010Prop30
280
     1
102
RTVSPost2010PropOp30
 70
     1
102
RTVSPost2010Prop31
280
     0
102
RTVSPost2010PropOp31
 70
     1
102
RTVSPost2010Prop32
280
     0
102
RTVSPost2010PropOp32
 70
     1
102
RTVSPost2010Prop33
280
     0
102
RTVSPost2010PropOp33
 70
     1
102
RTVSPost2010Prop34
280
     0
102
RTVSPost2010PropOp34
 70
     1
102
RTVSPost2010Prop35
280
     0
102
RTVSPost2010PropOp35
 70
     1
102
RTVSPost2010Prop36
280
     0
102
RTVSPost2010PropOp36
 70
     1
102
RTVSPost2010Prop37
 90
       50
102
RTVSPost2010PropOp37
 70
     1
102
RTVSPost2010Prop38
140
0.0
102
RTVSPost2010PropOp38
 70
     1
102
RTVSPost2010Prop39
140
1.0
102
RTVSPost2010PropOp39
 70
     1
102
RTVSPost2010Prop40
 90
        0
102
RTVSPost2010PropOp40
 70
     1
102
RTVSPost2010Prop41ColorIndex
 90
       18
102
RTVSPost2010Prop41ColorRGB
 90
        0
102
RTVSPost2010PropOp41
 70
     1
102
RTVSPost2010Prop42
 90
       50
102
RTVSPost2010PropOp42
 70
     1
102
RTVSPost2010Prop43
 90
        3
102
RTVSPost2010PropOp43
 70
     1
102
RTVSPost2010Prop44ColorIndex
 90
        5
102
RTVSPost2010Prop44ColorRGB
 90
      255
102
RTVSPost2010PropOp44
 70
     1
102
RTVSPost2010Prop45
280
     0
102
RTVSPost2010PropOp45
 70
     1
102
RTVSPost2010Prop46
 90
       50
102
RTVSPost2010PropOp46
 70
     1
102
RTVSPost2010Prop47
 90
       50
102
RTVSPost2010PropOp47
 70
     1
102
RTVSPost2010Prop48
 90
       50
102
RTVSPost2010PropOp48
 70
     1
102
RTVSPost2010Prop49
280
     0
102
RTVSPost2010PropOp49
 70
     1
102
RTVSPost2010Prop50
 90
       50
102
RTVSPost2010PropOp50
 70
     1
102
RTVSPost2010Prop51ColorIndex
 90
      256
102
RTVSPost2010Prop51ColorRGB
 90
-16777216
102
RTVSPost2010PropOp51
 70
     0
102
RTVSPost2010Prop52
140
1.0
102
RTVSPost2010PropOp52
 70
     0
102
RTVSPost2010Prop53
 90
        2
102
RTVSPost2010PropOp53
 70
     1
102
RTVSPost2010Prop54
  1
strokes_ogs.tif
102
RTVSPost2010PropOp54
 70
     1
102
RTVSPost2010Prop55
280
     0
102
RTVSPost2010PropOp55
 70
     1
102
RTVSPost2010Prop56
140
1.0
102
RTVSPost2010PropOp56
 70
     1
102
RTVSPost2010Prop57
140
1.0
102
RTVSPost2010PropOp57
 70
     1
  0
XRECORD
  5
553
102
{ACAD_REACTORS
330
552
102
}
330
552
100
AcDbXrecord
280
     1
102
RTVSPropertyOp0
 70
     1
102
RTVSPropertyOp1
 70
     1
102
RTVSPropertyOp2
 70
     1
102
RTVSPropertyOp3
 70
     1
102
RTVSPropertyOp4
 70
     1
102
RTVSPropertyOp5
 70
     1
102
RTVSPropertyOp6
 70
     1
102
RTVSPropertyOp7
 70
     1
102
RTVSPropertyOp8
 70
     1
102
RTVSPropertyOp9
 70
     1
102
RTVSPropertyOp10
 70
     1
102
RTVSPropertyOp11
 70
     1
102
RTVSPropertyOp12
 70
     1
102
RTVSPropertyOp13
 70
     1
102
RTVSPropertyOp14
 70
     1
102
RTVSPropertyOp15
 70
     1
102
RTVSPropertyOp16
 70
     1
102
RTVSPropertyOp17
 70
     1
102
RTVSPropertyOp18
 70
     1
102
RTVSPropertyOp19
 70
     1
102
RTVSPropertyOp20
 70
     1
102
RTVSPropertyOp21
 70
     1
102
RTVSPropertyOp22
 70
     1
102
RTVSPropertyOp23
 70
     1
102
RTVSPropertyOp24
 70
     1
102
RTVSPropertyOp25
 70
     1
102
RTVSPropertyOp26
 70
     1
102
RTVSPropertyOp27
 70
     1
102
RTVSPropertyOp28
 70
     1
102
RTVSPropertyOp29
 70
     1
102
RTVSPropertyOp30
 70
     1
102
RTVSPropertyOp31
 70
     1
102
RTVSPropertyOp32
 70
     1
102
RTVSPropertyOp33
 70
     1
102
RTVSPropertyOp34
 70
     1
102
RTVSPropertyOp35
 70
     1
102
RTVSPropertyOp36
 70
     1
102
RTVSPropertyOp37
 70
     1
102
RTVSPropertyOp38
 70
     1
102
RTVSPropertyOp39
 70
     1
102
RTVSPropertyOp40
 70
     1
102
RTVSPropertyOp41
 70
     1
102
RTVSPropertyOp42
 70
     1
102
RTVSPropertyOp43
 70
     1
102
RTVSPropertyOp44
 70
     1
102
RTVSPropertyOp45
 70
     1
102
RTVSPropertyOp46
 70
     1
102
RTVSPropertyOp47
 70
     1
102
RTVSPropertyOp48
 70
     1
102
RTVSPropertyOp49
 70
     1
102
RTVSPropertyOp50
 70
     1
102
RTVSPropertyOp51
 70
     0
102
RTVSPropertyOp52
 70
     0
102
RTVSPropertyOp53
 70
     1
102
RTVSPropertyOp54
 70
     1
102
RTVSPropertyOp55
 70
     1
102
RTVSPropertyOp56
 70
     1
102
RTVSPropertyOp57
 70
     1
102
RTVSPost2010Prop28
280
     0
102
RTVSPost2010PropOp28
 70
     1
102
RTVSPost2010Prop29
280
     1
102
RTVSPost2010PropOp29
 70
     1
102
RTVSPost2010Prop30
280
     1
102
RTVSPost2010PropOp30
 70
     1
102
RTVSPost2010Prop31
280
     0
102
RTVSPost2010PropOp31
 70
     1
102
RTVSPost2010Prop32
280
     0
102
RTVSPost2010PropOp32
 70
     1
102
RTVSPost2010Prop33
280
     0
102
RTVSPost2010PropOp33
 70
     1
102
RTVSPost2010Prop34
280
     0
102
RTVSPost2010PropOp34
 70
     1
102
RTVSPost2010Prop35
280
     0
102
RTVSPost2010PropOp35
 70
     1
102
RTVSPost2010Prop36
280
     0
102
RTVSPost2010PropOp36
 70
     1
102
RTVSPost2010Prop37
 90
       50
102
RTVSPost2010PropOp37
 70
     1
102
RTVSPost2010Prop38
140
0.0
102
RTVSPost2010PropOp38
 70
     1
102
RTVSPost2010Prop39
140
1.0
102
RTVSPost2010PropOp39
 70
     1
102
RTVSPost2010Prop40
 90
        0
102
RTVSPost2010PropOp40
 70
     1
102
RTVSPost2010Prop41ColorIndex
 90
       18
102
RTVSPost2010Prop41ColorRGB
 90
        0
102
RTVSPost2010PropOp41
 70
     1
102
RTVSPost2010Prop42
 90
       50
102
RTVSPost2010PropOp42
 70
     1
102
RTVSPost2010Prop43
 90
        3
102
RTVSPost2010PropOp43
 70
     1
102
RTVSPost2010Prop44ColorIndex
 90
        5
102
RTVSPost2010Prop44ColorRGB
 90
      255
102
RTVSPost2010PropOp44
 70
     1
102
RTVSPost2010Prop45
280
     0
102
RTVSPost2010PropOp45
 70
     1
102
RTVSPost2010Prop46
 90
       50
102
RTVSPost2010PropOp46
 70
     1
102
RTVSPost2010Prop47
 90
       50
102
RTVSPost2010PropOp47
 70
     1
102
RTVSPost2010Prop48
 90
       50
102
RTVSPost2010PropOp48
 70
     1
102
RTVSPost2010Prop49
280
     0
102
RTVSPost2010PropOp49
 70
     1
102
RTVSPost2010Prop50
 90
       50
102
RTVSPost2010PropOp50
 70
     1
102
RTVSPost2010Prop51ColorIndex
 90
      256
102
RTVSPost2010Prop51ColorRGB
 90
-16777216
102
RTVSPost2010PropOp51
 70
     0
102
RTVSPost2010Prop52
140
1.0
102
RTVSPost2010PropOp52
 70
     0
102
RTVSPost2010Prop53
 90
        2
102
RTVSPost2010PropOp53
 70
     1
102
RTVSPost2010Prop54
  1
strokes_ogs.tif
102
RTVSPost2010PropOp54
 70
     1
102
RTVSPost2010Prop55
280
     0
102
RTVSPost2010PropOp55
 70
     1
102
RTVSPost2010Prop56
140
1.0
102
RTVSPost2010PropOp56
 70
     1
102
RTVSPost2010Prop57
140
1.0
102
RTVSPost2010PropOp57
 70
     1
  0
XRECORD
  5
55B
102
{ACAD_REACTORS
330
55A
102
}
330
55A
100
AcDbXrecord
280
     1
102
RTVSPropertyOp0
 70
     1
102
RTVSPropertyOp1
 70
     1
102
RTVSPropertyOp2
 70
     1
102
RTVSPropertyOp3
 70
     1
102
RTVSPropertyOp4
 70
     1
102
RTVSPropertyOp5
 70
     1
102
RTVSPropertyOp6
 70
     1
102
RTVSPropertyOp7
 70
     1
102
RTVSPropertyOp8
 70
     1
102
RTVSPropertyOp9
 70
     1
102
RTVSPropertyOp10
 70
     1
102
RTVSPropertyOp11
 70
     1
102
RTVSPropertyOp12
 70
     1
102
RTVSPropertyOp13
 70
     1
102
RTVSPropertyOp14
 70
     1
102
RTVSPropertyOp15
 70
     1
102
RTVSPropertyOp16
 70
     1
102
RTVSPropertyOp17
 70
     1
102
RTVSPropertyOp18
 70
     1
102
RTVSPropertyOp19
 70
     1
102
RTVSPropertyOp20
 70
     1
102
RTVSPropertyOp21
 70
     1
102
RTVSPropertyOp22
 70
     1
102
RTVSPropertyOp23
 70
     1
102
RTVSPropertyOp24
 70
     1
102
RTVSPropertyOp25
 70
     1
102
RTVSPropertyOp26
 70
     1
102
RTVSPropertyOp27
 70
     1
102
RTVSPropertyOp28
 70
     1
102
RTVSPropertyOp29
 70
     1
102
RTVSPropertyOp30
 70
     1
102
RTVSPropertyOp31
 70
     1
102
RTVSPropertyOp32
 70
     1
102
RTVSPropertyOp33
 70
     1
102
RTVSPropertyOp34
 70
     1
102
RTVSPropertyOp35
 70
     1
102
RTVSPropertyOp36
 70
     1
102
RTVSPropertyOp37
 70
     1
102
RTVSPropertyOp38
 70
     1
102
RTVSPropertyOp39
 70
     1
102
RTVSPropertyOp40
 70
     1
102
RTVSPropertyOp41
 70
     1
102
RTVSPropertyOp42
 70
     1
102
RTVSPropertyOp43
 70
     1
102
RTVSPropertyOp44
 70
     1
102
RTVSPropertyOp45
 70
     1
102
RTVSPropertyOp46
 70
     1
102
RTVSPropertyOp47
 70
     1
102
RTVSPropertyOp48
 70
     1
102
RTVSPropertyOp49
 70
     1
102
RTVSPropertyOp50
 70
     1
102
RTVSPropertyOp51
 70
     0
102
RTVSPropertyOp52
 70
     0
102
RTVSPropertyOp53
 70
     1
102
RTVSPropertyOp54
 70
     1
102
RTVSPropertyOp55
 70
     1
102
RTVSPropertyOp56
 70
     1
102
RTVSPropertyOp57
 70
     1
102
RTVSPost2010Prop28
280
     0
102
RTVSPost2010PropOp28
 70
     1
102
RTVSPost2010Prop29
280
     1
102
RTVSPost2010PropOp29
 70
     1
102
RTVSPost2010Prop30
280
     1
102
RTVSPost2010PropOp30
 70
     1
102
RTVSPost2010Prop31
280
     0
102
RTVSPost2010PropOp31
 70
     1
102
RTVSPost2010Prop32
280
     0
102
RTVSPost2010PropOp32
 70
     1
102
RTVSPost2010Prop33
280
     0
102
RTVSPost2010PropOp33
 70
     1
102
RTVSPost2010Prop34
280
     0
102
RTVSPost2010PropOp34
 70
     1
102
RTVSPost2010Prop35
280
     0
102
RTVSPost2010PropOp35
 70
     1
102
RTVSPost2010Prop36
280
     0
102
RTVSPost2010PropOp36
 70
     1
102
RTVSPost2010Prop37
 90
       50
102
RTVSPost2010PropOp37
 70
     1
102
RTVSPost2010Prop38
140
0.0
102
RTVSPost2010PropOp38
 70
     1
102
RTVSPost2010Prop39
140
1.0
102
RTVSPost2010PropOp39
 70
     1
102
RTVSPost2010Prop40
 90
        0
102
RTVSPost2010PropOp40
 70
     1
102
RTVSPost2010Prop41ColorIndex
 90
       18
102
RTVSPost2010Prop41ColorRGB
 90
        0
102
RTVSPost2010PropOp41
 70
     1
102
RTVSPost2010Prop42
 90
       50
102
RTVSPost2010PropOp42
 70
     1
102
RTVSPost2010Prop43
 90
        3
102
RTVSPost2010PropOp43
 70
     1
102
RTVSPost2010Prop44ColorIndex
 90
        5
102
RTVSPost2010Prop44ColorRGB
 90
      255
102
RTVSPost2010PropOp44
 70
     1
102
RTVSPost2010Prop45
280
     0
102
RTVSPost2010PropOp45
 70
     1
102
RTVSPost2010Prop46
 90
       50
102
RTVSPost2010PropOp46
 70
     1
102
RTVSPost2010Prop47
 90
       50
102
RTVSPost2010PropOp47
 70
     1
102
RTVSPost2010Prop48
 90
       50
102
RTVSPost2010PropOp48
 70
     1
102
RTVSPost2010Prop49
280
     0
102
RTVSPost2010PropOp49
 70
     1
102
RTVSPost2010Prop50
 90
       50
102
RTVSPost2010PropOp50
 70
     1
102
RTVSPost2010Prop51ColorIndex
 90
      256
102
RTVSPost2010Prop51ColorRGB
 90
-16777216
102
RTVSPost2010PropOp51
 70
     0
102
RTVSPost2010Prop52
140
1.0
102
RTVSPost2010PropOp52
 70
     0
102
RTVSPost2010Prop53
 90
        2
102
RTVSPost2010PropOp53
 70
     1
102
RTVSPost2010Prop54
  1
strokes_ogs.tif
102
RTVSPost2010PropOp54
 70
     1
102
RTVSPost2010Prop55
280
     0
102
RTVSPost2010PropOp55
 70
     1
102
RTVSPost2010Prop56
140
1.0
102
RTVSPost2010PropOp56
 70
     1
102
RTVSPost2010Prop57
140
1.0
102
RTVSPost2010PropOp57
 70
     1
  0
XRECORD
  5
54F
102
{ACAD_REACTORS
330
54E
102
}
330
54E
100
AcDbXrecord
280
     1
102
RTVSPropertyOp0
 70
     1
102
RTVSPropertyOp1
 70
     1
102
RTVSPropertyOp2
 70
     1
102
RTVSPropertyOp3
 70
     1
102
RTVSPropertyOp4
 70
     1
102
RTVSPropertyOp5
 70
     1
102
RTVSPropertyOp6
 70
     1
102
RTVSPropertyOp7
 70
     1
102
RTVSPropertyOp8
 70
     1
102
RTVSPropertyOp9
 70
     1
102
RTVSPropertyOp10
 70
     1
102
RTVSPropertyOp11
 70
     1
102
RTVSPropertyOp12
 70
     1
102
RTVSPropertyOp13
 70
     1
102
RTVSPropertyOp14
 70
     1
102
RTVSPropertyOp15
 70
     1
102
RTVSPropertyOp16
 70
     1
102
RTVSPropertyOp17
 70
     1
102
RTVSPropertyOp18
 70
     1
102
RTVSPropertyOp19
 70
     1
102
RTVSPropertyOp20
 70
     1
102
RTVSPropertyOp21
 70
     1
102
RTVSPropertyOp22
 70
     1
102
RTVSPropertyOp23
 70
     1
102
RTVSPropertyOp24
 70
     1
102
RTVSPropertyOp25
 70
     1
102
RTVSPropertyOp26
 70
     1
102
RTVSPropertyOp27
 70
     1
102
RTVSPropertyOp28
 70
     1
102
RTVSPropertyOp29
 70
     1
102
RTVSPropertyOp30
 70
     1
102
RTVSPropertyOp31
 70
     1
102
RTVSPropertyOp32
 70
     1
102
RTVSPropertyOp33
 70
     1
102
RTVSPropertyOp34
 70
     1
102
RTVSPropertyOp35
 70
     1
102
RTVSPropertyOp36
 70
     1
102
RTVSPropertyOp37
 70
     1
102
RTVSPropertyOp38
 70
     1
102
RTVSPropertyOp39
 70
     1
102
RTVSPropertyOp40
 70
     1
102
RTVSPropertyOp41
 70
     1
102
RTVSPropertyOp42
 70
     1
102
RTVSPropertyOp43
 70
     1
102
RTVSPropertyOp44
 70
     1
102
RTVSPropertyOp45
 70
     1
102
RTVSPropertyOp46
 70
     1
102
RTVSPropertyOp47
 70
     1
102
RTVSPropertyOp48
 70
     1
102
RTVSPropertyOp49
 70
     1
102
RTVSPropertyOp50
 70
     1
102
RTVSPropertyOp51
 70
     0
102
RTVSPropertyOp52
 70
     0
102
RTVSPropertyOp53
 70
     1
102
RTVSPropertyOp54
 70
     1
102
RTVSPropertyOp55
 70
     1
102
RTVSPropertyOp56
 70
     1
102
RTVSPropertyOp57
 70
     1
102
RTVSPost2010Prop28
280
     0
102
RTVSPost2010PropOp28
 70
     1
102
RTVSPost2010Prop29
280
     1
102
RTVSPost2010PropOp29
 70
     1
102
RTVSPost2010Prop30
280
     1
102
RTVSPost2010PropOp30
 70
     1
102
RTVSPost2010Prop31
280
     0
102
RTVSPost2010PropOp31
 70
     1
102
RTVSPost2010Prop32
280
     0
102
RTVSPost2010PropOp32
 70
     1
102
RTVSPost2010Prop33
280
     0
102
RTVSPost2010PropOp33
 70
     1
102
RTVSPost2010Prop34
280
     0
102
RTVSPost2010PropOp34
 70
     1
102
RTVSPost2010Prop35
280
     0
102
RTVSPost2010PropOp35
 70
     1
102
RTVSPost2010Prop36
280
     0
102
RTVSPost2010PropOp36
 70
     1
102
RTVSPost2010Prop37
 90
       50
102
RTVSPost2010PropOp37
 70
     1
102
RTVSPost2010Prop38
140
0.0
102
RTVSPost2010PropOp38
 70
     1
102
RTVSPost2010Prop39
140
1.0
102
RTVSPost2010PropOp39
 70
     1
102
RTVSPost2010Prop40
 90
        0
102
RTVSPost2010PropOp40
 70
     1
102
RTVSPost2010Prop41ColorIndex
 90
       18
102
RTVSPost2010Prop41ColorRGB
 90
        0
102
RTVSPost2010PropOp41
 70
     1
102
RTVSPost2010Prop42
 90
       50
102
RTVSPost2010PropOp42
 70
     1
102
RTVSPost2010Prop43
 90
        3
102
RTVSPost2010PropOp43
 70
     1
102
RTVSPost2010Prop44ColorIndex
 90
        5
102
RTVSPost2010Prop44ColorRGB
 90
      255
102
RTVSPost2010PropOp44
 70
     1
102
RTVSPost2010Prop45
280
     0
102
RTVSPost2010PropOp45
 70
     1
102
RTVSPost2010Prop46
 90
       50
102
RTVSPost2010PropOp46
 70
     1
102
RTVSPost2010Prop47
 90
       50
102
RTVSPost2010PropOp47
 70
     1
102
RTVSPost2010Prop48
 90
       50
102
RTVSPost2010PropOp48
 70
     1
102
RTVSPost2010Prop49
280
     0
102
RTVSPost2010PropOp49
 70
     1
102
RTVSPost2010Prop50
 90
       50
102
RTVSPost2010PropOp50
 70
     1
102
RTVSPost2010Prop51ColorIndex
 90
      256
102
RTVSPost2010Prop51ColorRGB
 90
-16777216
102
RTVSPost2010PropOp51
 70
     0
102
RTVSPost2010Prop52
140
1.0
102
RTVSPost2010PropOp52
 70
     0
102
RTVSPost2010Prop53
 90
        2
102
RTVSPost2010PropOp53
 70
     1
102
RTVSPost2010Prop54
  1
strokes_ogs.tif
102
RTVSPost2010PropOp54
 70
     1
102
RTVSPost2010Prop55
280
     0
102
RTVSPost2010PropOp55
 70
     1
102
RTVSPost2010Prop56
140
1.0
102
RTVSPost2010PropOp56
 70
     1
102
RTVSPost2010Prop57
140
1.0
102
RTVSPost2010PropOp57
 70
     1
  0
XRECORD
  5
551
102
{ACAD_REACTORS
330
550
102
}
330
550
100
AcDbXrecord
280
     1
102
RTVSPropertyOp0
 70
     1
102
RTVSPropertyOp1
 70
     1
102
RTVSPropertyOp2
 70
     1
102
RTVSPropertyOp3
 70
     1
102
RTVSPropertyOp4
 70
     1
102
RTVSPropertyOp5
 70
     1
102
RTVSPropertyOp6
 70
     1
102
RTVSPropertyOp7
 70
     1
102
RTVSPropertyOp8
 70
     1
102
RTVSPropertyOp9
 70
     1
102
RTVSPropertyOp10
 70
     1
102
RTVSPropertyOp11
 70
     1
102
RTVSPropertyOp12
 70
     1
102
RTVSPropertyOp13
 70
     1
102
RTVSPropertyOp14
 70
     1
102
RTVSPropertyOp15
 70
     1
102
RTVSPropertyOp16
 70
     1
102
RTVSPropertyOp17
 70
     1
102
RTVSPropertyOp18
 70
     1
102
RTVSPropertyOp19
 70
     1
102
RTVSPropertyOp20
 70
     1
102
RTVSPropertyOp21
 70
     1
102
RTVSPropertyOp22
 70
     1
102
RTVSPropertyOp23
 70
     1
102
RTVSPropertyOp24
 70
     1
102
RTVSPropertyOp25
 70
     1
102
RTVSPropertyOp26
 70
     1
102
RTVSPropertyOp27
 70
     1
102
RTVSPropertyOp28
 70
     1
102
RTVSPropertyOp29
 70
     1
102
RTVSPropertyOp30
 70
     1
102
RTVSPropertyOp31
 70
     1
102
RTVSPropertyOp32
 70
     1
102
RTVSPropertyOp33
 70
     1
102
RTVSPropertyOp34
 70
     1
102
RTVSPropertyOp35
 70
     1
102
RTVSPropertyOp36
 70
     1
102
RTVSPropertyOp37
 70
     1
102
RTVSPropertyOp38
 70
     1
102
RTVSPropertyOp39
 70
     1
102
RTVSPropertyOp40
 70
     1
102
RTVSPropertyOp41
 70
     1
102
RTVSPropertyOp42
 70
     1
102
RTVSPropertyOp43
 70
     1
102
RTVSPropertyOp44
 70
     1
102
RTVSPropertyOp45
 70
     1
102
RTVSPropertyOp46
 70
     1
102
RTVSPropertyOp47
 70
     1
102
RTVSPropertyOp48
 70
     1
102
RTVSPropertyOp49
 70
     1
102
RTVSPropertyOp50
 70
     1
102
RTVSPropertyOp51
 70
     0
102
RTVSPropertyOp52
 70
     0
102
RTVSPropertyOp53
 70
     1
102
RTVSPropertyOp54
 70
     1
102
RTVSPropertyOp55
 70
     1
102
RTVSPropertyOp56
 70
     1
102
RTVSPropertyOp57
 70
     1
102
RTVSPost2010Prop28
280
     0
102
RTVSPost2010PropOp28
 70
     1
102
RTVSPost2010Prop29
280
     1
102
RTVSPost2010PropOp29
 70
     1
102
RTVSPost2010Prop30
280
     1
102
RTVSPost2010PropOp30
 70
     1
102
RTVSPost2010Prop31
280
     0
102
RTVSPost2010PropOp31
 70
     1
102
RTVSPost2010Prop32
280
     0
102
RTVSPost2010PropOp32
 70
     1
102
RTVSPost2010Prop33
280
     0
102
RTVSPost2010PropOp33
 70
     1
102
RTVSPost2010Prop34
280
     0
102
RTVSPost2010PropOp34
 70
     1
102
RTVSPost2010Prop35
280
     0
102
RTVSPost2010PropOp35
 70
     1
102
RTVSPost2010Prop36
280
     0
102
RTVSPost2010PropOp36
 70
     1
102
RTVSPost2010Prop37
 90
       50
102
RTVSPost2010PropOp37
 70
     1
102
RTVSPost2010Prop38
140
0.0
102
RTVSPost2010PropOp38
 70
     1
102
RTVSPost2010Prop39
140
1.0
102
RTVSPost2010PropOp39
 70
     1
102
RTVSPost2010Prop40
 90
        0
102
RTVSPost2010PropOp40
 70
     1
102
RTVSPost2010Prop41ColorIndex
 90
       18
102
RTVSPost2010Prop41ColorRGB
 90
        0
102
RTVSPost2010PropOp41
 70
     1
102
RTVSPost2010Prop42
 90
       50
102
RTVSPost2010PropOp42
 70
     1
102
RTVSPost2010Prop43
 90
        3
102
RTVSPost2010PropOp43
 70
     1
102
RTVSPost2010Prop44ColorIndex
 90
        5
102
RTVSPost2010Prop44ColorRGB
 90
      255
102
RTVSPost2010PropOp44
 70
     1
102
RTVSPost2010Prop45
280
     0
102
RTVSPost2010PropOp45
 70
     1
102
RTVSPost2010Prop46
 90
       50
102
RTVSPost2010PropOp46
 70
     1
102
RTVSPost2010Prop47
 90
       50
102
RTVSPost2010PropOp47
 70
     1
102
RTVSPost2010Prop48
 90
       50
102
RTVSPost2010PropOp48
 70
     1
102
RTVSPost2010Prop49
280
     0
102
RTVSPost2010PropOp49
 70
     1
102
RTVSPost2010Prop50
 90
       50
102
RTVSPost2010PropOp50
 70
     1
102
RTVSPost2010Prop51ColorIndex
 90
      256
102
RTVSPost2010Prop51ColorRGB
 90
-16777216
102
RTVSPost2010PropOp51
 70
     0
102
RTVSPost2010Prop52
140
1.0
102
RTVSPost2010PropOp52
 70
     0
102
RTVSPost2010Prop53
 90
        2
102
RTVSPost2010PropOp53
 70
     1
102
RTVSPost2010Prop54
  1
strokes_ogs.tif
102
RTVSPost2010PropOp54
 70
     1
102
RTVSPost2010Prop55
280
     0
102
RTVSPost2010PropOp55
 70
     1
102
RTVSPost2010Prop56
140
1.0
102
RTVSPost2010PropOp56
 70
     1
102
RTVSPost2010Prop57
140
1.0
102
RTVSPost2010PropOp57
 70
     1
  0
XRECORD
  5
561
102
{ACAD_REACTORS
330
560
102
}
330
560
100
AcDbXrecord
280
     1
102
RTVSPropertyOp0
 70
     0
102
RTVSPropertyOp1
 70
     0
102
RTVSPropertyOp2
 70
     0
102
RTVSPropertyOp3
 70
     0
102
RTVSPropertyOp4
 70
     0
102
RTVSPropertyOp5
 70
     0
102
RTVSPropertyOp6
 70
     0
102
RTVSPropertyOp7
 70
     0
102
RTVSPropertyOp8
 70
     0
102
RTVSPropertyOp9
 70
     0
102
RTVSPropertyOp10
 70
     0
102
RTVSPropertyOp11
 70
     0
102
RTVSPropertyOp12
 70
     0
102
RTVSPropertyOp13
 70
     0
102
RTVSPropertyOp14
 70
     2
102
RTVSPropertyOp15
 70
     0
102
RTVSPropertyOp16
 70
     0
102
RTVSPropertyOp17
 70
     0
102
RTVSPropertyOp18
 70
     0
102
RTVSPropertyOp19
 70
     0
102
RTVSPropertyOp20
 70
     0
102
RTVSPropertyOp21
 70
     0
102
RTVSPropertyOp22
 70
     0
102
RTVSPropertyOp23
 70
     0
102
RTVSPropertyOp24
 70
     0
102
RTVSPropertyOp25
 70
     0
102
RTVSPropertyOp26
 70
     0
102
RTVSPropertyOp27
 70
     0
102
RTVSPropertyOp28
 70
     0
102
RTVSPropertyOp29
 70
     0
102
RTVSPropertyOp30
 70
     0
102
RTVSPropertyOp31
 70
     0
102
RTVSPropertyOp32
 70
     0
102
RTVSPropertyOp33
 70
     0
102
RTVSPropertyOp34
 70
     0
102
RTVSPropertyOp35
 70
     0
102
RTVSPropertyOp36
 70
     0
102
RTVSPropertyOp37
 70
     0
102
RTVSPropertyOp38
 70
     0
102
RTVSPropertyOp39
 70
     0
102
RTVSPropertyOp40
 70
     0
102
RTVSPropertyOp41
 70
     0
102
RTVSPropertyOp42
 70
     0
102
RTVSPropertyOp43
 70
     0
102
RTVSPropertyOp44
 70
     0
102
RTVSPropertyOp45
 70
     0
102
RTVSPropertyOp46
 70
     0
102
RTVSPropertyOp47
 70
     0
102
RTVSPropertyOp48
 70
     0
102
RTVSPropertyOp49
 70
     0
102
RTVSPropertyOp50
 70
     0
102
RTVSPropertyOp51
 70
     0
102
RTVSPropertyOp52
 70
     0
102
RTVSPropertyOp53
 70
     0
102
RTVSPropertyOp54
 70
     0
102
RTVSPropertyOp55
 70
     0
102
RTVSPropertyOp56
 70
     0
102
RTVSPropertyOp57
 70
     0
102
RTVSPost2010Prop28
280
     0
102
RTVSPost2010PropOp28
 70
     0
102
RTVSPost2010Prop29
280
     1
102
RTVSPost2010PropOp29
 70
     0
102
RTVSPost2010Prop30
280
     1
102
RTVSPost2010PropOp30
 70
     0
102
RTVSPost2010Prop31
280
     0
102
RTVSPost2010PropOp31
 70
     0
102
RTVSPost2010Prop32
280
     0
102
RTVSPost2010PropOp32
 70
     0
102
RTVSPost2010Prop33
280
     0
102
RTVSPost2010PropOp33
 70
     0
102
RTVSPost2010Prop34
280
     0
102
RTVSPost2010PropOp34
 70
     0
102
RTVSPost2010Prop35
280
     0
102
RTVSPost2010PropOp35
 70
     0
102
RTVSPost2010Prop36
280
     0
102
RTVSPost2010PropOp36
 70
     0
102
RTVSPost2010Prop37
 90
       50
102
RTVSPost2010PropOp37
 70
     0
102
RTVSPost2010Prop38
140
0.0
102
RTVSPost2010PropOp38
 70
     0
102
RTVSPost2010Prop39
140
1.0
102
RTVSPost2010PropOp39
 70
     0
102
RTVSPost2010Prop40
 90
        0
102
RTVSPost2010PropOp40
 70
     0
102
RTVSPost2010Prop41ColorIndex
 90
       18
102
RTVSPost2010Prop41ColorRGB
 90
        0
102
RTVSPost2010PropOp41
 70
     0
102
RTVSPost2010Prop42
 90
       50
102
RTVSPost2010PropOp42
 70
     0
102
RTVSPost2010Prop43
 90
        3
102
RTVSPost2010PropOp43
 70
     0
102
RTVSPost2010Prop44ColorIndex
 90
        5
102
RTVSPost2010Prop44ColorRGB
 90
      255
102
RTVSPost2010PropOp44
 70
     0
102
RTVSPost2010Prop45
280
     0
102
RTVSPost2010PropOp45
 70
     0
102
RTVSPost2010Prop46
 90
       50
102
RTVSPost2010PropOp46
 70
     0
102
RTVSPost2010Prop47
 90
       50
102
RTVSPost2010PropOp47
 70
     0
102
RTVSPost2010Prop48
 90
       50
102
RTVSPost2010PropOp48
 70
     0
102
RTVSPost2010Prop49
280
     0
102
RTVSPost2010PropOp49
 70
     0
102
RTVSPost2010Prop50
 90
       50
102
RTVSPost2010PropOp50
 70
     0
102
RTVSPost2010Prop51ColorIndex
 90
      256
102
RTVSPost2010Prop51ColorRGB
 90
-16777216
102
RTVSPost2010PropOp51
 70
     0
102
RTVSPost2010Prop52
140
1.0
102
RTVSPost2010PropOp52
 70
     0
102
RTVSPost2010Prop53
 90
        2
102
RTVSPost2010PropOp53
 70
     0
102
RTVSPost2010Prop54
  1
strokes_ogs.tif
102
RTVSPost2010PropOp54
 70
     0
102
RTVSPost2010Prop55
280
     0
102
RTVSPost2010PropOp55
 70
     0
102
RTVSPost2010Prop56
140
1.0
102
RTVSPost2010PropOp56
 70
     0
102
RTVSPost2010Prop57
140
1.0
102
RTVSPost2010PropOp57
 70
     0
  0
XRECORD
  5
559
102
{ACAD_REACTORS
330
558
102
}
330
558
100
AcDbXrecord
280
     1
102
RTVSPropertyOp0
 70
     1
102
RTVSPropertyOp1
 70
     1
102
RTVSPropertyOp2
 70
     1
102
RTVSPropertyOp3
 70
     1
102
RTVSPropertyOp4
 70
     1
102
RTVSPropertyOp5
 70
     1
102
RTVSPropertyOp6
 70
     1
102
RTVSPropertyOp7
 70
     1
102
RTVSPropertyOp8
 70
     1
102
RTVSPropertyOp9
 70
     1
102
RTVSPropertyOp10
 70
     1
102
RTVSPropertyOp11
 70
     1
102
RTVSPropertyOp12
 70
     1
102
RTVSPropertyOp13
 70
     1
102
RTVSPropertyOp14
 70
     1
102
RTVSPropertyOp15
 70
     1
102
RTVSPropertyOp16
 70
     1
102
RTVSPropertyOp17
 70
     1
102
RTVSPropertyOp18
 70
     1
102
RTVSPropertyOp19
 70
     1
102
RTVSPropertyOp20
 70
     1
102
RTVSPropertyOp21
 70
     1
102
RTVSPropertyOp22
 70
     1
102
RTVSPropertyOp23
 70
     1
102
RTVSPropertyOp24
 70
     1
102
RTVSPropertyOp25
 70
     1
102
RTVSPropertyOp26
 70
     1
102
RTVSPropertyOp27
 70
     1
102
RTVSPropertyOp28
 70
     1
102
RTVSPropertyOp29
 70
     1
102
RTVSPropertyOp30
 70
     1
102
RTVSPropertyOp31
 70
     1
102
RTVSPropertyOp32
 70
     1
102
RTVSPropertyOp33
 70
     1
102
RTVSPropertyOp34
 70
     1
102
RTVSPropertyOp35
 70
     1
102
RTVSPropertyOp36
 70
     1
102
RTVSPropertyOp37
 70
     1
102
RTVSPropertyOp38
 70
     1
102
RTVSPropertyOp39
 70
     1
102
RTVSPropertyOp40
 70
     1
102
RTVSPropertyOp41
 70
     1
102
RTVSPropertyOp42
 70
     1
102
RTVSPropertyOp43
 70
     1
102
RTVSPropertyOp44
 70
     1
102
RTVSPropertyOp45
 70
     1
102
RTVSPropertyOp46
 70
     1
102
RTVSPropertyOp47
 70
     1
102
RTVSPropertyOp48
 70
     1
102
RTVSPropertyOp49
 70
     1
102
RTVSPropertyOp50
 70
     1
102
RTVSPropertyOp51
 70
     0
102
RTVSPropertyOp52
 70
     0
102
RTVSPropertyOp53
 70
     1
102
RTVSPropertyOp54
 70
     1
102
RTVSPropertyOp55
 70
     1
102
RTVSPropertyOp56
 70
     1
102
RTVSPropertyOp57
 70
     1
102
RTVSPost2010Prop28
280
     0
102
RTVSPost2010PropOp28
 70
     1
102
RTVSPost2010Prop29
280
     1
102
RTVSPost2010PropOp29
 70
     1
102
RTVSPost2010Prop30
280
     1
102
RTVSPost2010PropOp30
 70
     1
102
RTVSPost2010Prop31
280
     0
102
RTVSPost2010PropOp31
 70
     1
102
RTVSPost2010Prop32
280
     0
102
RTVSPost2010PropOp32
 70
     1
102
RTVSPost2010Prop33
280
     0
102
RTVSPost2010PropOp33
 70
     1
102
RTVSPost2010Prop34
280
     0
102
RTVSPost2010PropOp34
 70
     1
102
RTVSPost2010Prop35
280
     0
102
RTVSPost2010PropOp35
 70
     1
102
RTVSPost2010Prop36
280
     0
102
RTVSPost2010PropOp36
 70
     1
102
RTVSPost2010Prop37
 90
       50
102
RTVSPost2010PropOp37
 70
     1
102
RTVSPost2010Prop38
140
0.0
102
RTVSPost2010PropOp38
 70
     1
102
RTVSPost2010Prop39
140
1.0
102
RTVSPost2010PropOp39
 70
     1
102
RTVSPost2010Prop40
 90
        0
102
RTVSPost2010PropOp40
 70
     1
102
RTVSPost2010Prop41ColorIndex
 90
       18
102
RTVSPost2010Prop41ColorRGB
 90
        0
102
RTVSPost2010PropOp41
 70
     1
102
RTVSPost2010Prop42
 90
       50
102
RTVSPost2010PropOp42
 70
     1
102
RTVSPost2010Prop43
 90
        3
102
RTVSPost2010PropOp43
 70
     1
102
RTVSPost2010Prop44ColorIndex
 90
        5
102
RTVSPost2010Prop44ColorRGB
 90
      255
102
RTVSPost2010PropOp44
 70
     1
102
RTVSPost2010Prop45
280
     0
102
RTVSPost2010PropOp45
 70
     1
102
RTVSPost2010Prop46
 90
       50
102
RTVSPost2010PropOp46
 70
     1
102
RTVSPost2010Prop47
 90
       50
102
RTVSPost2010PropOp47
 70
     1
102
RTVSPost2010Prop48
 90
       50
102
RTVSPost2010PropOp48
 70
     1
102
RTVSPost2010Prop49
280
     0
102
RTVSPost2010PropOp49
 70
     1
102
RTVSPost2010Prop50
 90
       50
102
RTVSPost2010PropOp50
 70
     1
102
RTVSPost2010Prop51ColorIndex
 90
      256
102
RTVSPost2010Prop51ColorRGB
 90
-16777216
102
RTVSPost2010PropOp51
 70
     0
102
RTVSPost2010Prop52
140
1.0
102
RTVSPost2010PropOp52
 70
     0
102
RTVSPost2010Prop53
 90
        2
102
RTVSPost2010PropOp53
 70
     1
102
RTVSPost2010Prop54
  1
strokes_ogs.tif
102
RTVSPost2010PropOp54
 70
     1
102
RTVSPost2010Prop55
280
     0
102
RTVSPost2010PropOp55
 70
     1
102
RTVSPost2010Prop56
140
1.0
102
RTVSPost2010PropOp56
 70
     1
102
RTVSPost2010Prop57
140
1.0
102
RTVSPost2010PropOp57
 70
     1
  0
XRECORD
  5
53D
102
{ACAD_REACTORS
330
53C
102
}
330
53C
100
AcDbXrecord
280
     1
102
RTVSPropertyOp0
 70
     1
102
RTVSPropertyOp1
 70
     1
102
RTVSPropertyOp2
 70
     1
102
RTVSPropertyOp3
 70
     1
102
RTVSPropertyOp4
 70
     1
102
RTVSPropertyOp5
 70
     1
102
RTVSPropertyOp6
 70
     1
102
RTVSPropertyOp7
 70
     1
102
RTVSPropertyOp8
 70
     1
102
RTVSPropertyOp9
 70
     1
102
RTVSPropertyOp10
 70
     1
102
RTVSPropertyOp11
 70
     1
102
RTVSPropertyOp12
 70
     1
102
RTVSPropertyOp13
 70
     1
102
RTVSPropertyOp14
 70
     1
102
RTVSPropertyOp15
 70
     1
102
RTVSPropertyOp16
 70
     1
102
RTVSPropertyOp17
 70
     1
102
RTVSPropertyOp18
 70
     1
102
RTVSPropertyOp19
 70
     1
102
RTVSPropertyOp20
 70
     1
102
RTVSPropertyOp21
 70
     1
102
RTVSPropertyOp22
 70
     1
102
RTVSPropertyOp23
 70
     1
102
RTVSPropertyOp24
 70
     1
102
RTVSPropertyOp25
 70
     1
102
RTVSPropertyOp26
 70
     1
102
RTVSPropertyOp27
 70
     1
102
RTVSPropertyOp28
 70
     1
102
RTVSPropertyOp29
 70
     1
102
RTVSPropertyOp30
 70
     1
102
RTVSPropertyOp31
 70
     1
102
RTVSPropertyOp32
 70
     1
102
RTVSPropertyOp33
 70
     1
102
RTVSPropertyOp34
 70
     1
102
RTVSPropertyOp35
 70
     1
102
RTVSPropertyOp36
 70
     1
102
RTVSPropertyOp37
 70
     1
102
RTVSPropertyOp38
 70
     1
102
RTVSPropertyOp39
 70
     1
102
RTVSPropertyOp40
 70
     1
102
RTVSPropertyOp41
 70
     1
102
RTVSPropertyOp42
 70
     1
102
RTVSPropertyOp43
 70
     1
102
RTVSPropertyOp44
 70
     1
102
RTVSPropertyOp45
 70
     1
102
RTVSPropertyOp46
 70
     1
102
RTVSPropertyOp47
 70
     1
102
RTVSPropertyOp48
 70
     1
102
RTVSPropertyOp49
 70
     1
102
RTVSPropertyOp50
 70
     1
102
RTVSPropertyOp51
 70
     0
102
RTVSPropertyOp52
 70
     0
102
RTVSPropertyOp53
 70
     1
102
RTVSPropertyOp54
 70
     1
102
RTVSPropertyOp55
 70
     1
102
RTVSPropertyOp56
 70
     1
102
RTVSPropertyOp57
 70
     1
102
RTVSPost2010Prop28
280
     0
102
RTVSPost2010PropOp28
 70
     1
102
RTVSPost2010Prop29
280
     1
102
RTVSPost2010PropOp29
 70
     1
102
RTVSPost2010Prop30
280
     1
102
RTVSPost2010PropOp30
 70
     1
102
RTVSPost2010Prop31
280
     0
102
RTVSPost2010PropOp31
 70
     1
102
RTVSPost2010Prop32
280
     0
102
RTVSPost2010PropOp32
 70
     1
102
RTVSPost2010Prop33
280
     0
102
RTVSPost2010PropOp33
 70
     1
102
RTVSPost2010Prop34
280
     0
102
RTVSPost2010PropOp34
 70
     1
102
RTVSPost2010Prop35
280
     0
102
RTVSPost2010PropOp35
 70
     1
102
RTVSPost2010Prop36
280
     0
102
RTVSPost2010PropOp36
 70
     1
102
RTVSPost2010Prop37
 90
       50
102
RTVSPost2010PropOp37
 70
     1
102
RTVSPost2010Prop38
140
0.0
102
RTVSPost2010PropOp38
 70
     1
102
RTVSPost2010Prop39
140
1.0
102
RTVSPost2010PropOp39
 70
     1
102
RTVSPost2010Prop40
 90
        0
102
RTVSPost2010PropOp40
 70
     1
102
RTVSPost2010Prop41ColorIndex
 90
       18
102
RTVSPost2010Prop41ColorRGB
 90
        0
102
RTVSPost2010PropOp41
 70
     1
102
RTVSPost2010Prop42
 90
       50
102
RTVSPost2010PropOp42
 70
     1
102
RTVSPost2010Prop43
 90
        3
102
RTVSPost2010PropOp43
 70
     1
102
RTVSPost2010Prop44ColorIndex
 90
        5
102
RTVSPost2010Prop44ColorRGB
 90
      255
102
RTVSPost2010PropOp44
 70
     1
102
RTVSPost2010Prop45
280
     0
102
RTVSPost2010PropOp45
 70
     1
102
RTVSPost2010Prop46
 90
       50
102
RTVSPost2010PropOp46
 70
     1
102
RTVSPost2010Prop47
 90
       50
102
RTVSPost2010PropOp47
 70
     1
102
RTVSPost2010Prop48
 90
       50
102
RTVSPost2010PropOp48
 70
     1
102
RTVSPost2010Prop49
280
     0
102
RTVSPost2010PropOp49
 70
     1
102
RTVSPost2010Prop50
 90
       50
102
RTVSPost2010PropOp50
 70
     1
102
RTVSPost2010Prop51ColorIndex
 90
      256
102
RTVSPost2010Prop51ColorRGB
 90
-16777216
102
RTVSPost2010PropOp51
 70
     0
102
RTVSPost2010Prop52
140
1.0
102
RTVSPost2010PropOp52
 70
     0
102
RTVSPost2010Prop53
 90
        2
102
RTVSPost2010PropOp53
 70
     1
102
RTVSPost2010Prop54
  1
strokes_ogs.tif
102
RTVSPost2010PropOp54
 70
     1
102
RTVSPost2010Prop55
280
     0
102
RTVSPost2010PropOp55
 70
     1
102
RTVSPost2010Prop56
140
1.0
102
RTVSPost2010PropOp56
 70
     1
102
RTVSPost2010Prop57
140
1.0
102
RTVSPost2010PropOp57
 70
     1
  0
XRECORD
  5
53F
102
{ACAD_REACTORS
330
53E
102
}
330
53E
100
AcDbXrecord
280
     1
102
RTVSPropertyOp0
 70
     1
102
RTVSPropertyOp1
 70
     1
102
RTVSPropertyOp2
 70
     1
102
RTVSPropertyOp3
 70
     1
102
RTVSPropertyOp4
 70
     1
102
RTVSPropertyOp5
 70
     1
102
RTVSPropertyOp6
 70
     1
102
RTVSPropertyOp7
 70
     1
102
RTVSPropertyOp8
 70
     1
102
RTVSPropertyOp9
 70
     1
102
RTVSPropertyOp10
 70
     1
102
RTVSPropertyOp11
 70
     1
102
RTVSPropertyOp12
 70
     1
102
RTVSPropertyOp13
 70
     1
102
RTVSPropertyOp14
 70
     1
102
RTVSPropertyOp15
 70
     1
102
RTVSPropertyOp16
 70
     1
102
RTVSPropertyOp17
 70
     1
102
RTVSPropertyOp18
 70
     1
102
RTVSPropertyOp19
 70
     1
102
RTVSPropertyOp20
 70
     1
102
RTVSPropertyOp21
 70
     1
102
RTVSPropertyOp22
 70
     1
102
RTVSPropertyOp23
 70
     1
102
RTVSPropertyOp24
 70
     1
102
RTVSPropertyOp25
 70
     1
102
RTVSPropertyOp26
 70
     1
102
RTVSPropertyOp27
 70
     1
102
RTVSPropertyOp28
 70
     1
102
RTVSPropertyOp29
 70
     1
102
RTVSPropertyOp30
 70
     1
102
RTVSPropertyOp31
 70
     1
102
RTVSPropertyOp32
 70
     1
102
RTVSPropertyOp33
 70
     1
102
RTVSPropertyOp34
 70
     1
102
RTVSPropertyOp35
 70
     1
102
RTVSPropertyOp36
 70
     1
102
RTVSPropertyOp37
 70
     1
102
RTVSPropertyOp38
 70
     1
102
RTVSPropertyOp39
 70
     1
102
RTVSPropertyOp40
 70
     1
102
RTVSPropertyOp41
 70
     1
102
RTVSPropertyOp42
 70
     1
102
RTVSPropertyOp43
 70
     1
102
RTVSPropertyOp44
 70
     1
102
RTVSPropertyOp45
 70
     1
102
RTVSPropertyOp46
 70
     1
102
RTVSPropertyOp47
 70
     1
102
RTVSPropertyOp48
 70
     1
102
RTVSPropertyOp49
 70
     1
102
RTVSPropertyOp50
 70
     1
102
RTVSPropertyOp51
 70
     0
102
RTVSPropertyOp52
 70
     0
102
RTVSPropertyOp53
 70
     1
102
RTVSPropertyOp54
 70
     1
102
RTVSPropertyOp55
 70
     1
102
RTVSPropertyOp56
 70
     1
102
RTVSPropertyOp57
 70
     1
102
RTVSPost2010Prop28
280
     0
102
RTVSPost2010PropOp28
 70
     1
102
RTVSPost2010Prop29
280
     1
102
RTVSPost2010PropOp29
 70
     1
102
RTVSPost2010Prop30
280
     1
102
RTVSPost2010PropOp30
 70
     1
102
RTVSPost2010Prop31
280
     0
102
RTVSPost2010PropOp31
 70
     1
102
RTVSPost2010Prop32
280
     0
102
RTVSPost2010PropOp32
 70
     1
102
RTVSPost2010Prop33
280
     0
102
RTVSPost2010PropOp33
 70
     1
102
RTVSPost2010Prop34
280
     0
102
RTVSPost2010PropOp34
 70
     1
102
RTVSPost2010Prop35
280
     0
102
RTVSPost2010PropOp35
 70
     1
102
RTVSPost2010Prop36
280
     0
102
RTVSPost2010PropOp36
 70
     1
102
RTVSPost2010Prop37
 90
       50
102
RTVSPost2010PropOp37
 70
     1
102
RTVSPost2010Prop38
140
0.0
102
RTVSPost2010PropOp38
 70
     1
102
RTVSPost2010Prop39
140
1.0
102
RTVSPost2010PropOp39
 70
     1
102
RTVSPost2010Prop40
 90
        0
102
RTVSPost2010PropOp40
 70
     1
102
RTVSPost2010Prop41ColorIndex
 90
       18
102
RTVSPost2010Prop41ColorRGB
 90
        0
102
RTVSPost2010PropOp41
 70
     1
102
RTVSPost2010Prop42
 90
       50
102
RTVSPost2010PropOp42
 70
     1
102
RTVSPost2010Prop43
 90
        3
102
RTVSPost2010PropOp43
 70
     1
102
RTVSPost2010Prop44ColorIndex
 90
        5
102
RTVSPost2010Prop44ColorRGB
 90
      255
102
RTVSPost2010PropOp44
 70
     1
102
RTVSPost2010Prop45
280
     0
102
RTVSPost2010PropOp45
 70
     1
102
RTVSPost2010Prop46
 90
       50
102
RTVSPost2010PropOp46
 70
     1
102
RTVSPost2010Prop47
 90
       50
102
RTVSPost2010PropOp47
 70
     1
102
RTVSPost2010Prop48
 90
       50
102
RTVSPost2010PropOp48
 70
     1
102
RTVSPost2010Prop49
280
     0
102
RTVSPost2010PropOp49
 70
     1
102
RTVSPost2010Prop50
 90
       50
102
RTVSPost2010PropOp50
 70
     1
102
RTVSPost2010Prop51ColorIndex
 90
      256
102
RTVSPost2010Prop51ColorRGB
 90
-16777216
102
RTVSPost2010PropOp51
 70
     0
102
RTVSPost2010Prop52
140
1.0
102
RTVSPost2010PropOp52
 70
     0
102
RTVSPost2010Prop53
 90
        2
102
RTVSPost2010PropOp53
 70
     1
102
RTVSPost2010Prop54
  1
strokes_ogs.tif
102
RTVSPost2010PropOp54
 70
     1
102
RTVSPost2010Prop55
280
     0
102
RTVSPost2010PropOp55
 70
     1
102
RTVSPost2010Prop56
140
1.0
102
RTVSPost2010PropOp56
 70
     1
102
RTVSPost2010Prop57
140
1.0
102
RTVSPost2010PropOp57
 70
     1
  0
XRECORD
  5
541
102
{ACAD_REACTORS
330
540
102
}
330
540
100
AcDbXrecord
280
     1
102
RTVSPropertyOp0
 70
     1
102
RTVSPropertyOp1
 70
     1
102
RTVSPropertyOp2
 70
     1
102
RTVSPropertyOp3
 70
     1
102
RTVSPropertyOp4
 70
     1
102
RTVSPropertyOp5
 70
     1
102
RTVSPropertyOp6
 70
     1
102
RTVSPropertyOp7
 70
     1
102
RTVSPropertyOp8
 70
     1
102
RTVSPropertyOp9
 70
     1
102
RTVSPropertyOp10
 70
     1
102
RTVSPropertyOp11
 70
     1
102
RTVSPropertyOp12
 70
     1
102
RTVSPropertyOp13
 70
     1
102
RTVSPropertyOp14
 70
     1
102
RTVSPropertyOp15
 70
     1
102
RTVSPropertyOp16
 70
     1
102
RTVSPropertyOp17
 70
     1
102
RTVSPropertyOp18
 70
     1
102
RTVSPropertyOp19
 70
     1
102
RTVSPropertyOp20
 70
     1
102
RTVSPropertyOp21
 70
     1
102
RTVSPropertyOp22
 70
     1
102
RTVSPropertyOp23
 70
     1
102
RTVSPropertyOp24
 70
     1
102
RTVSPropertyOp25
 70
     1
102
RTVSPropertyOp26
 70
     1
102
RTVSPropertyOp27
 70
     1
102
RTVSPropertyOp28
 70
     1
102
RTVSPropertyOp29
 70
     1
102
RTVSPropertyOp30
 70
     1
102
RTVSPropertyOp31
 70
     1
102
RTVSPropertyOp32
 70
     1
102
RTVSPropertyOp33
 70
     1
102
RTVSPropertyOp34
 70
     1
102
RTVSPropertyOp35
 70
     1
102
RTVSPropertyOp36
 70
     1
102
RTVSPropertyOp37
 70
     1
102
RTVSPropertyOp38
 70
     1
102
RTVSPropertyOp39
 70
     1
102
RTVSPropertyOp40
 70
     1
102
RTVSPropertyOp41
 70
     1
102
RTVSPropertyOp42
 70
     1
102
RTVSPropertyOp43
 70
     1
102
RTVSPropertyOp44
 70
     1
102
RTVSPropertyOp45
 70
     1
102
RTVSPropertyOp46
 70
     1
102
RTVSPropertyOp47
 70
     1
102
RTVSPropertyOp48
 70
     1
102
RTVSPropertyOp49
 70
     1
102
RTVSPropertyOp50
 70
     1
102
RTVSPropertyOp51
 70
     0
102
RTVSPropertyOp52
 70
     0
102
RTVSPropertyOp53
 70
     1
102
RTVSPropertyOp54
 70
     1
102
RTVSPropertyOp55
 70
     1
102
RTVSPropertyOp56
 70
     1
102
RTVSPropertyOp57
 70
     1
102
RTVSPost2010Prop28
280
     0
102
RTVSPost2010PropOp28
 70
     1
102
RTVSPost2010Prop29
280
     1
102
RTVSPost2010PropOp29
 70
     1
102
RTVSPost2010Prop30
280
     1
102
RTVSPost2010PropOp30
 70
     1
102
RTVSPost2010Prop31
280
     0
102
RTVSPost2010PropOp31
 70
     1
102
RTVSPost2010Prop32
280
     0
102
RTVSPost2010PropOp32
 70
     1
102
RTVSPost2010Prop33
280
     0
102
RTVSPost2010PropOp33
 70
     1
102
RTVSPost2010Prop34
280
     0
102
RTVSPost2010PropOp34
 70
     1
102
RTVSPost2010Prop35
280
     0
102
RTVSPost2010PropOp35
 70
     1
102
RTVSPost2010Prop36
280
     0
102
RTVSPost2010PropOp36
 70
     1
102
RTVSPost2010Prop37
 90
       50
102
RTVSPost2010PropOp37
 70
     1
102
RTVSPost2010Prop38
140
0.0
102
RTVSPost2010PropOp38
 70
     1
102
RTVSPost2010Prop39
140
1.0
102
RTVSPost2010PropOp39
 70
     1
102
RTVSPost2010Prop40
 90
        0
102
RTVSPost2010PropOp40
 70
     1
102
RTVSPost2010Prop41ColorIndex
 90
       18
102
RTVSPost2010Prop41ColorRGB
 90
        0
102
RTVSPost2010PropOp41
 70
     1
102
RTVSPost2010Prop42
 90
       50
102
RTVSPost2010PropOp42
 70
     1
102
RTVSPost2010Prop43
 90
        3
102
RTVSPost2010PropOp43
 70
     1
102
RTVSPost2010Prop44ColorIndex
 90
        5
102
RTVSPost2010Prop44ColorRGB
 90
      255
102
RTVSPost2010PropOp44
 70
     1
102
RTVSPost2010Prop45
280
     0
102
RTVSPost2010PropOp45
 70
     1
102
RTVSPost2010Prop46
 90
       50
102
RTVSPost2010PropOp46
 70
     1
102
RTVSPost2010Prop47
 90
       50
102
RTVSPost2010PropOp47
 70
     1
102
RTVSPost2010Prop48
 90
       50
102
RTVSPost2010PropOp48
 70
     1
102
RTVSPost2010Prop49
280
     0
102
RTVSPost2010PropOp49
 70
     1
102
RTVSPost2010Prop50
 90
       50
102
RTVSPost2010PropOp50
 70
     1
102
RTVSPost2010Prop51ColorIndex
 90
      256
102
RTVSPost2010Prop51ColorRGB
 90
-16777216
102
RTVSPost2010PropOp51
 70
     0
102
RTVSPost2010Prop52
140
1.0
102
RTVSPost2010PropOp52
 70
     0
102
RTVSPost2010Prop53
 90
        2
102
RTVSPost2010PropOp53
 70
     1
102
RTVSPost2010Prop54
  1
strokes_ogs.tif
102
RTVSPost2010PropOp54
 70
     1
102
RTVSPost2010Prop55
280
     0
102
RTVSPost2010PropOp55
 70
     1
102
RTVSPost2010Prop56
140
1.0
102
RTVSPost2010PropOp56
 70
     1
102
RTVSPost2010Prop57
140
1.0
102
RTVSPost2010PropOp57
 70
     1
  0
XRECORD
  5
543
102
{ACAD_REACTORS
330
542
102
}
330
542
100
AcDbXrecord
280
     1
102
RTVSPropertyOp0
 70
     1
102
RTVSPropertyOp1
 70
     1
102
RTVSPropertyOp2
 70
     1
102
RTVSPropertyOp3
 70
     1
102
RTVSPropertyOp4
 70
     1
102
RTVSPropertyOp5
 70
     1
102
RTVSPropertyOp6
 70
     1
102
RTVSPropertyOp7
 70
     1
102
RTVSPropertyOp8
 70
     1
102
RTVSPropertyOp9
 70
     1
102
RTVSPropertyOp10
 70
     1
102
RTVSPropertyOp11
 70
     1
102
RTVSPropertyOp12
 70
     1
102
RTVSPropertyOp13
 70
     1
102
RTVSPropertyOp14
 70
     1
102
RTVSPropertyOp15
 70
     1
102
RTVSPropertyOp16
 70
     1
102
RTVSPropertyOp17
 70
     1
102
RTVSPropertyOp18
 70
     1
102
RTVSPropertyOp19
 70
     1
102
RTVSPropertyOp20
 70
     1
102
RTVSPropertyOp21
 70
     1
102
RTVSPropertyOp22
 70
     1
102
RTVSPropertyOp23
 70
     1
102
RTVSPropertyOp24
 70
     1
102
RTVSPropertyOp25
 70
     1
102
RTVSPropertyOp26
 70
     1
102
RTVSPropertyOp27
 70
     1
102
RTVSPropertyOp28
 70
     1
102
RTVSPropertyOp29
 70
     1
102
RTVSPropertyOp30
 70
     1
102
RTVSPropertyOp31
 70
     1
102
RTVSPropertyOp32
 70
     1
102
RTVSPropertyOp33
 70
     1
102
RTVSPropertyOp34
 70
     1
102
RTVSPropertyOp35
 70
     1
102
RTVSPropertyOp36
 70
     1
102
RTVSPropertyOp37
 70
     1
102
RTVSPropertyOp38
 70
     1
102
RTVSPropertyOp39
 70
     1
102
RTVSPropertyOp40
 70
     1
102
RTVSPropertyOp41
 70
     1
102
RTVSPropertyOp42
 70
     1
102
RTVSPropertyOp43
 70
     1
102
RTVSPropertyOp44
 70
     1
102
RTVSPropertyOp45
 70
     1
102
RTVSPropertyOp46
 70
     1
102
RTVSPropertyOp47
 70
     1
102
RTVSPropertyOp48
 70
     1
102
RTVSPropertyOp49
 70
     1
102
RTVSPropertyOp50
 70
     1
102
RTVSPropertyOp51
 70
     0
102
RTVSPropertyOp52
 70
     0
102
RTVSPropertyOp53
 70
     1
102
RTVSPropertyOp54
 70
     1
102
RTVSPropertyOp55
 70
     1
102
RTVSPropertyOp56
 70
     1
102
RTVSPropertyOp57
 70
     1
102
RTVSPost2010Prop28
280
     0
102
RTVSPost2010PropOp28
 70
     1
102
RTVSPost2010Prop29
280
     1
102
RTVSPost2010PropOp29
 70
     1
102
RTVSPost2010Prop30
280
     1
102
RTVSPost2010PropOp30
 70
     1
102
RTVSPost2010Prop31
280
     0
102
RTVSPost2010PropOp31
 70
     1
102
RTVSPost2010Prop32
280
     0
102
RTVSPost2010PropOp32
 70
     1
102
RTVSPost2010Prop33
280
     0
102
RTVSPost2010PropOp33
 70
     1
102
RTVSPost2010Prop34
280
     0
102
RTVSPost2010PropOp34
 70
     1
102
RTVSPost2010Prop35
280
     0
102
RTVSPost2010PropOp35
 70
     1
102
RTVSPost2010Prop36
280
     0
102
RTVSPost2010PropOp36
 70
     1
102
RTVSPost2010Prop37
 90
       50
102
RTVSPost2010PropOp37
 70
     1
102
RTVSPost2010Prop38
140
0.0
102
RTVSPost2010PropOp38
 70
     1
102
RTVSPost2010Prop39
140
1.0
102
RTVSPost2010PropOp39
 70
     1
102
RTVSPost2010Prop40
 90
        0
102
RTVSPost2010PropOp40
 70
     1
102
RTVSPost2010Prop41ColorIndex
 90
       18
102
RTVSPost2010Prop41ColorRGB
 90
        0
102
RTVSPost2010PropOp41
 70
     1
102
RTVSPost2010Prop42
 90
       50
102
RTVSPost2010PropOp42
 70
     1
102
RTVSPost2010Prop43
 90
        3
102
RTVSPost2010PropOp43
 70
     1
102
RTVSPost2010Prop44ColorIndex
 90
        5
102
RTVSPost2010Prop44ColorRGB
 90
      255
102
RTVSPost2010PropOp44
 70
     1
102
RTVSPost2010Prop45
280
     0
102
RTVSPost2010PropOp45
 70
     1
102
RTVSPost2010Prop46
 90
       50
102
RTVSPost2010PropOp46
 70
     1
102
RTVSPost2010Prop47
 90
       50
102
RTVSPost2010PropOp47
 70
     1
102
RTVSPost2010Prop48
 90
       50
102
RTVSPost2010PropOp48
 70
     1
102
RTVSPost2010Prop49
280
     0
102
RTVSPost2010PropOp49
 70
     1
102
RTVSPost2010Prop50
 90
       50
102
RTVSPost2010PropOp50
 70
     1
102
RTVSPost2010Prop51ColorIndex
 90
      256
102
RTVSPost2010Prop51ColorRGB
 90
-16777216
102
RTVSPost2010PropOp51
 70
     0
102
RTVSPost2010Prop52
140
1.0
102
RTVSPost2010PropOp52
 70
     0
102
RTVSPost2010Prop53
 90
        2
102
RTVSPost2010PropOp53
 70
     1
102
RTVSPost2010Prop54
  1
strokes_ogs.tif
102
RTVSPost2010PropOp54
 70
     1
102
RTVSPost2010Prop55
280
     0
102
RTVSPost2010PropOp55
 70
     1
102
RTVSPost2010Prop56
140
1.0
102
RTVSPost2010PropOp56
 70
     1
102
RTVSPost2010Prop57
140
1.0
102
RTVSPost2010PropOp57
 70
     1
  0
XRECORD
  5
549
102
{ACAD_REACTORS
330
548
102
}
330
548
100
AcDbXrecord
280
     1
102
RTVSPropertyOp0
 70
     1
102
RTVSPropertyOp1
 70
     1
102
RTVSPropertyOp2
 70
     1
102
RTVSPropertyOp3
 70
     1
102
RTVSPropertyOp4
 70
     1
102
RTVSPropertyOp5
 70
     1
102
RTVSPropertyOp6
 70
     1
102
RTVSPropertyOp7
 70
     1
102
RTVSPropertyOp8
 70
     1
102
RTVSPropertyOp9
 70
     1
102
RTVSPropertyOp10
 70
     1
102
RTVSPropertyOp11
 70
     1
102
RTVSPropertyOp12
 70
     1
102
RTVSPropertyOp13
 70
     1
102
RTVSPropertyOp14
 70
     1
102
RTVSPropertyOp15
 70
     1
102
RTVSPropertyOp16
 70
     1
102
RTVSPropertyOp17
 70
     1
102
RTVSPropertyOp18
 70
     1
102
RTVSPropertyOp19
 70
     1
102
RTVSPropertyOp20
 70
     1
102
RTVSPropertyOp21
 70
     1
102
RTVSPropertyOp22
 70
     1
102
RTVSPropertyOp23
 70
     1
102
RTVSPropertyOp24
 70
     1
102
RTVSPropertyOp25
 70
     1
102
RTVSPropertyOp26
 70
     1
102
RTVSPropertyOp27
 70
     1
102
RTVSPropertyOp28
 70
     1
102
RTVSPropertyOp29
 70
     1
102
RTVSPropertyOp30
 70
     1
102
RTVSPropertyOp31
 70
     1
102
RTVSPropertyOp32
 70
     1
102
RTVSPropertyOp33
 70
     1
102
RTVSPropertyOp34
 70
     1
102
RTVSPropertyOp35
 70
     1
102
RTVSPropertyOp36
 70
     1
102
RTVSPropertyOp37
 70
     1
102
RTVSPropertyOp38
 70
     1
102
RTVSPropertyOp39
 70
     1
102
RTVSPropertyOp40
 70
     1
102
RTVSPropertyOp41
 70
     1
102
RTVSPropertyOp42
 70
     1
102
RTVSPropertyOp43
 70
     1
102
RTVSPropertyOp44
 70
     1
102
RTVSPropertyOp45
 70
     1
102
RTVSPropertyOp46
 70
     1
102
RTVSPropertyOp47
 70
     1
102
RTVSPropertyOp48
 70
     1
102
RTVSPropertyOp49
 70
     1
102
RTVSPropertyOp50
 70
     1
102
RTVSPropertyOp51
 70
     0
102
RTVSPropertyOp52
 70
     0
102
RTVSPropertyOp53
 70
     1
102
RTVSPropertyOp54
 70
     1
102
RTVSPropertyOp55
 70
     1
102
RTVSPropertyOp56
 70
     1
102
RTVSPropertyOp57
 70
     1
102
RTVSPost2010Prop28
280
     0
102
RTVSPost2010PropOp28
 70
     1
102
RTVSPost2010Prop29
280
     1
102
RTVSPost2010PropOp29
 70
     1
102
RTVSPost2010Prop30
280
     1
102
RTVSPost2010PropOp30
 70
     1
102
RTVSPost2010Prop31
280
     0
102
RTVSPost2010PropOp31
 70
     1
102
RTVSPost2010Prop32
280
     0
102
RTVSPost2010PropOp32
 70
     1
102
RTVSPost2010Prop33
280
     0
102
RTVSPost2010PropOp33
 70
     1
102
RTVSPost2010Prop34
280
     0
102
RTVSPost2010PropOp34
 70
     1
102
RTVSPost2010Prop35
280
     0
102
RTVSPost2010PropOp35
 70
     1
102
RTVSPost2010Prop36
280
     0
102
RTVSPost2010PropOp36
 70
     1
102
RTVSPost2010Prop37
 90
       50
102
RTVSPost2010PropOp37
 70
     1
102
RTVSPost2010Prop38
140
0.0
102
RTVSPost2010PropOp38
 70
     1
102
RTVSPost2010Prop39
140
1.0
102
RTVSPost2010PropOp39
 70
     1
102
RTVSPost2010Prop40
 90
        0
102
RTVSPost2010PropOp40
 70
     1
102
RTVSPost2010Prop41ColorIndex
 90
       18
102
RTVSPost2010Prop41ColorRGB
 90
        0
102
RTVSPost2010PropOp41
 70
     1
102
RTVSPost2010Prop42
 90
       50
102
RTVSPost2010PropOp42
 70
     1
102
RTVSPost2010Prop43
 90
        3
102
RTVSPost2010PropOp43
 70
     1
102
RTVSPost2010Prop44ColorIndex
 90
        5
102
RTVSPost2010Prop44ColorRGB
 90
      255
102
RTVSPost2010PropOp44
 70
     1
102
RTVSPost2010Prop45
280
     0
102
RTVSPost2010PropOp45
 70
     1
102
RTVSPost2010Prop46
 90
       50
102
RTVSPost2010PropOp46
 70
     1
102
RTVSPost2010Prop47
 90
       50
102
RTVSPost2010PropOp47
 70
     1
102
RTVSPost2010Prop48
 90
       50
102
RTVSPost2010PropOp48
 70
     1
102
RTVSPost2010Prop49
280
     0
102
RTVSPost2010PropOp49
 70
     1
102
RTVSPost2010Prop50
 90
       50
102
RTVSPost2010PropOp50
 70
     1
102
RTVSPost2010Prop51ColorIndex
 90
      256
102
RTVSPost2010Prop51ColorRGB
 90
-16777216
102
RTVSPost2010PropOp51
 70
     0
102
RTVSPost2010Prop52
140
1.0
102
RTVSPost2010PropOp52
 70
     0
102
RTVSPost2010Prop53
 90
        2
102
RTVSPost2010PropOp53
 70
     1
102
RTVSPost2010Prop54
  1
strokes_ogs.tif
102
RTVSPost2010PropOp54
 70
     1
102
RTVSPost2010Prop55
280
     0
102
RTVSPost2010PropOp55
 70
     1
102
RTVSPost2010Prop56
140
1.0
102
RTVSPost2010PropOp56
 70
     1
102
RTVSPost2010Prop57
140
1.0
102
RTVSPost2010PropOp57
 70
     1
  0
XRECORD
  5
55D
102
{ACAD_REACTORS
330
55C
102
}
330
55C
100
AcDbXrecord
280
     1
102
RTVSPropertyOp0
 70
     0
102
RTVSPropertyOp1
 70
     0
102
RTVSPropertyOp2
 70
     0
102
RTVSPropertyOp3
 70
     0
102
RTVSPropertyOp4
 70
     0
102
RTVSPropertyOp5
 70
     0
102
RTVSPropertyOp6
 70
     0
102
RTVSPropertyOp7
 70
     0
102
RTVSPropertyOp8
 70
     0
102
RTVSPropertyOp9
 70
     0
102
RTVSPropertyOp10
 70
     0
102
RTVSPropertyOp11
 70
     0
102
RTVSPropertyOp12
 70
     0
102
RTVSPropertyOp13
 70
     0
102
RTVSPropertyOp14
 70
     2
102
RTVSPropertyOp15
 70
     0
102
RTVSPropertyOp16
 70
     0
102
RTVSPropertyOp17
 70
     0
102
RTVSPropertyOp18
 70
     0
102
RTVSPropertyOp19
 70
     0
102
RTVSPropertyOp20
 70
     0
102
RTVSPropertyOp21
 70
     0
102
RTVSPropertyOp22
 70
     0
102
RTVSPropertyOp23
 70
     0
102
RTVSPropertyOp24
 70
     0
102
RTVSPropertyOp25
 70
     0
102
RTVSPropertyOp26
 70
     0
102
RTVSPropertyOp27
 70
     0
102
RTVSPropertyOp28
 70
     0
102
RTVSPropertyOp29
 70
     0
102
RTVSPropertyOp30
 70
     0
102
RTVSPropertyOp31
 70
     0
102
RTVSPropertyOp32
 70
     0
102
RTVSPropertyOp33
 70
     0
102
RTVSPropertyOp34
 70
     0
102
RTVSPropertyOp35
 70
     0
102
RTVSPropertyOp36
 70
     0
102
RTVSPropertyOp37
 70
     0
102
RTVSPropertyOp38
 70
     0
102
RTVSPropertyOp39
 70
     0
102
RTVSPropertyOp40
 70
     0
102
RTVSPropertyOp41
 70
     0
102
RTVSPropertyOp42
 70
     0
102
RTVSPropertyOp43
 70
     0
102
RTVSPropertyOp44
 70
     0
102
RTVSPropertyOp45
 70
     0
102
RTVSPropertyOp46
 70
     0
102
RTVSPropertyOp47
 70
     0
102
RTVSPropertyOp48
 70
     0
102
RTVSPropertyOp49
 70
     0
102
RTVSPropertyOp50
 70
     0
102
RTVSPropertyOp51
 70
     0
102
RTVSPropertyOp52
 70
     0
102
RTVSPropertyOp53
 70
     0
102
RTVSPropertyOp54
 70
     0
102
RTVSPropertyOp55
 70
     0
102
RTVSPropertyOp56
 70
     0
102
RTVSPropertyOp57
 70
     0
102
RTVSPost2010Prop28
280
     0
102
RTVSPost2010PropOp28
 70
     0
102
RTVSPost2010Prop29
280
     1
102
RTVSPost2010PropOp29
 70
     0
102
RTVSPost2010Prop30
280
     1
102
RTVSPost2010PropOp30
 70
     0
102
RTVSPost2010Prop31
280
     0
102
RTVSPost2010PropOp31
 70
     0
102
RTVSPost2010Prop32
280
     0
102
RTVSPost2010PropOp32
 70
     0
102
RTVSPost2010Prop33
280
     0
102
RTVSPost2010PropOp33
 70
     0
102
RTVSPost2010Prop34
280
     0
102
RTVSPost2010PropOp34
 70
     0
102
RTVSPost2010Prop35
280
     0
102
RTVSPost2010PropOp35
 70
     0
102
RTVSPost2010Prop36
280
     0
102
RTVSPost2010PropOp36
 70
     0
102
RTVSPost2010Prop37
 90
       50
102
RTVSPost2010PropOp37
 70
     0
102
RTVSPost2010Prop38
140
0.0
102
RTVSPost2010PropOp38
 70
     0
102
RTVSPost2010Prop39
140
1.0
102
RTVSPost2010PropOp39
 70
     0
102
RTVSPost2010Prop40
 90
        0
102
RTVSPost2010PropOp40
 70
     0
102
RTVSPost2010Prop41ColorIndex
 90
       18
102
RTVSPost2010Prop41ColorRGB
 90
        0
102
RTVSPost2010PropOp41
 70
     0
102
RTVSPost2010Prop42
 90
       50
102
RTVSPost2010PropOp42
 70
     0
102
RTVSPost2010Prop43
 90
        3
102
RTVSPost2010PropOp43
 70
     0
102
RTVSPost2010Prop44ColorIndex
 90
        5
102
RTVSPost2010Prop44ColorRGB
 90
      255
102
RTVSPost2010PropOp44
 70
     0
102
RTVSPost2010Prop45
280
     0
102
RTVSPost2010PropOp45
 70
     0
102
RTVSPost2010Prop46
 90
       50
102
RTVSPost2010PropOp46
 70
     0
102
RTVSPost2010Prop47
 90
       50
102
RTVSPost2010PropOp47
 70
     0
102
RTVSPost2010Prop48
 90
       50
102
RTVSPost2010PropOp48
 70
     0
102
RTVSPost2010Prop49
280
     0
102
RTVSPost2010PropOp49
 70
     0
102
RTVSPost2010Prop50
 90
       50
102
RTVSPost2010PropOp50
 70
     0
102
RTVSPost2010Prop51ColorIndex
 90
      256
102
RTVSPost2010Prop51ColorRGB
 90
-16777216
102
RTVSPost2010PropOp51
 70
     0
102
RTVSPost2010Prop52
140
1.0
102
RTVSPost2010PropOp52
 70
     0
102
RTVSPost2010Prop53
 90
        2
102
RTVSPost2010PropOp53
 70
     0
102
RTVSPost2010Prop54
  1
strokes_ogs.tif
102
RTVSPost2010PropOp54
 70
     0
102
RTVSPost2010Prop55
280
     0
102
RTVSPost2010PropOp55
 70
     0
102
RTVSPost2010Prop56
140
1.0
102
RTVSPost2010PropOp56
 70
     0
102
RTVSPost2010Prop57
140
1.0
102
RTVSPost2010PropOp57
 70
     0
  0
XRECORD
  5
557
102
{ACAD_REACTORS
330
556
102
}
330
556
100
AcDbXrecord
280
     1
102
RTVSPropertyOp0
 70
     1
102
RTVSPropertyOp1
 70
     1
102
RTVSPropertyOp2
 70
     1
102
RTVSPropertyOp3
 70
     1
102
RTVSPropertyOp4
 70
     1
102
RTVSPropertyOp5
 70
     1
102
RTVSPropertyOp6
 70
     1
102
RTVSPropertyOp7
 70
     1
102
RTVSPropertyOp8
 70
     1
102
RTVSPropertyOp9
 70
     1
102
RTVSPropertyOp10
 70
     1
102
RTVSPropertyOp11
 70
     1
102
RTVSPropertyOp12
 70
     1
102
RTVSPropertyOp13
 70
     1
102
RTVSPropertyOp14
 70
     1
102
RTVSPropertyOp15
 70
     1
102
RTVSPropertyOp16
 70
     1
102
RTVSPropertyOp17
 70
     1
102
RTVSPropertyOp18
 70
     1
102
RTVSPropertyOp19
 70
     1
102
RTVSPropertyOp20
 70
     1
102
RTVSPropertyOp21
 70
     1
102
RTVSPropertyOp22
 70
     1
102
RTVSPropertyOp23
 70
     1
102
RTVSPropertyOp24
 70
     1
102
RTVSPropertyOp25
 70
     1
102
RTVSPropertyOp26
 70
     1
102
RTVSPropertyOp27
 70
     1
102
RTVSPropertyOp28
 70
     1
102
RTVSPropertyOp29
 70
     1
102
RTVSPropertyOp30
 70
     1
102
RTVSPropertyOp31
 70
     1
102
RTVSPropertyOp32
 70
     1
102
RTVSPropertyOp33
 70
     1
102
RTVSPropertyOp34
 70
     1
102
RTVSPropertyOp35
 70
     1
102
RTVSPropertyOp36
 70
     1
102
RTVSPropertyOp37
 70
     1
102
RTVSPropertyOp38
 70
     1
102
RTVSPropertyOp39
 70
     1
102
RTVSPropertyOp40
 70
     1
102
RTVSPropertyOp41
 70
     1
102
RTVSPropertyOp42
 70
     1
102
RTVSPropertyOp43
 70
     1
102
RTVSPropertyOp44
 70
     1
102
RTVSPropertyOp45
 70
     1
102
RTVSPropertyOp46
 70
     1
102
RTVSPropertyOp47
 70
     1
102
RTVSPropertyOp48
 70
     1
102
RTVSPropertyOp49
 70
     1
102
RTVSPropertyOp50
 70
     1
102
RTVSPropertyOp51
 70
     0
102
RTVSPropertyOp52
 70
     0
102
RTVSPropertyOp53
 70
     1
102
RTVSPropertyOp54
 70
     1
102
RTVSPropertyOp55
 70
     1
102
RTVSPropertyOp56
 70
     1
102
RTVSPropertyOp57
 70
     1
102
RTVSPost2010Prop28
280
     0
102
RTVSPost2010PropOp28
 70
     1
102
RTVSPost2010Prop29
280
     1
102
RTVSPost2010PropOp29
 70
     1
102
RTVSPost2010Prop30
280
     1
102
RTVSPost2010PropOp30
 70
     1
102
RTVSPost2010Prop31
280
     0
102
RTVSPost2010PropOp31
 70
     1
102
RTVSPost2010Prop32
280
     0
102
RTVSPost2010PropOp32
 70
     1
102
RTVSPost2010Prop33
280
     0
102
RTVSPost2010PropOp33
 70
     1
102
RTVSPost2010Prop34
280
     0
102
RTVSPost2010PropOp34
 70
     1
102
RTVSPost2010Prop35
280
     0
102
RTVSPost2010PropOp35
 70
     1
102
RTVSPost2010Prop36
280
     0
102
RTVSPost2010PropOp36
 70
     1
102
RTVSPost2010Prop37
 90
       50
102
RTVSPost2010PropOp37
 70
     1
102
RTVSPost2010Prop38
140
0.0
102
RTVSPost2010PropOp38
 70
     1
102
RTVSPost2010Prop39
140
1.0
102
RTVSPost2010PropOp39
 70
     1
102
RTVSPost2010Prop40
 90
        0
102
RTVSPost2010PropOp40
 70
     1
102
RTVSPost2010Prop41ColorIndex
 90
       18
102
RTVSPost2010Prop41ColorRGB
 90
        0
102
RTVSPost2010PropOp41
 70
     1
102
RTVSPost2010Prop42
 90
       50
102
RTVSPost2010PropOp42
 70
     1
102
RTVSPost2010Prop43
 90
        3
102
RTVSPost2010PropOp43
 70
     1
102
RTVSPost2010Prop44ColorIndex
 90
        5
102
RTVSPost2010Prop44ColorRGB
 90
      255
102
RTVSPost2010PropOp44
 70
     1
102
RTVSPost2010Prop45
280
     0
102
RTVSPost2010PropOp45
 70
     1
102
RTVSPost2010Prop46
 90
       50
102
RTVSPost2010PropOp46
 70
     1
102
RTVSPost2010Prop47
 90
       50
102
RTVSPost2010PropOp47
 70
     1
102
RTVSPost2010Prop48
 90
       50
102
RTVSPost2010PropOp48
 70
     1
102
RTVSPost2010Prop49
280
     0
102
RTVSPost2010PropOp49
 70
     1
102
RTVSPost2010Prop50
 90
       50
102
RTVSPost2010PropOp50
 70
     1
102
RTVSPost2010Prop51ColorIndex
 90
      256
102
RTVSPost2010Prop51ColorRGB
 90
-16777216
102
RTVSPost2010PropOp51
 70
     0
102
RTVSPost2010Prop52
140
1.0
102
RTVSPost2010PropOp52
 70
     0
102
RTVSPost2010Prop53
 90
        2
102
RTVSPost2010PropOp53
 70
     1
102
RTVSPost2010Prop54
  1
strokes_ogs.tif
102
RTVSPost2010PropOp54
 70
     1
102
RTVSPost2010Prop55
280
     0
102
RTVSPost2010PropOp55
 70
     1
102
RTVSPost2010Prop56
140
1.0
102
RTVSPost2010PropOp56
 70
     1
102
RTVSPost2010Prop57
140
1.0
102
RTVSPost2010PropOp57
 70
     1
  0
XRECORD
  5
55F
102
{ACAD_REACTORS
330
55E
102
}
330
55E
100
AcDbXrecord
280
     1
102
RTVSPropertyOp0
 70
     0
102
RTVSPropertyOp1
 70
     0
102
RTVSPropertyOp2
 70
     0
102
RTVSPropertyOp3
 70
     0
102
RTVSPropertyOp4
 70
     0
102
RTVSPropertyOp5
 70
     0
102
RTVSPropertyOp6
 70
     0
102
RTVSPropertyOp7
 70
     0
102
RTVSPropertyOp8
 70
     0
102
RTVSPropertyOp9
 70
     0
102
RTVSPropertyOp10
 70
     0
102
RTVSPropertyOp11
 70
     0
102
RTVSPropertyOp12
 70
     0
102
RTVSPropertyOp13
 70
     0
102
RTVSPropertyOp14
 70
     2
102
RTVSPropertyOp15
 70
     0
102
RTVSPropertyOp16
 70
     0
102
RTVSPropertyOp17
 70
     0
102
RTVSPropertyOp18
 70
     0
102
RTVSPropertyOp19
 70
     0
102
RTVSPropertyOp20
 70
     0
102
RTVSPropertyOp21
 70
     0
102
RTVSPropertyOp22
 70
     0
102
RTVSPropertyOp23
 70
     0
102
RTVSPropertyOp24
 70
     0
102
RTVSPropertyOp25
 70
     0
102
RTVSPropertyOp26
 70
     0
102
RTVSPropertyOp27
 70
     0
102
RTVSPropertyOp28
 70
     0
102
RTVSPropertyOp29
 70
     0
102
RTVSPropertyOp30
 70
     0
102
RTVSPropertyOp31
 70
     0
102
RTVSPropertyOp32
 70
     0
102
RTVSPropertyOp33
 70
     0
102
RTVSPropertyOp34
 70
     0
102
RTVSPropertyOp35
 70
     0
102
RTVSPropertyOp36
 70
     0
102
RTVSPropertyOp37
 70
     0
102
RTVSPropertyOp38
 70
     0
102
RTVSPropertyOp39
 70
     0
102
RTVSPropertyOp40
 70
     0
102
RTVSPropertyOp41
 70
     0
102
RTVSPropertyOp42
 70
     0
102
RTVSPropertyOp43
 70
     0
102
RTVSPropertyOp44
 70
     0
102
RTVSPropertyOp45
 70
     0
102
RTVSPropertyOp46
 70
     0
102
RTVSPropertyOp47
 70
     0
102
RTVSPropertyOp48
 70
     0
102
RTVSPropertyOp49
 70
     0
102
RTVSPropertyOp50
 70
     0
102
RTVSPropertyOp51
 70
     0
102
RTVSPropertyOp52
 70
     0
102
RTVSPropertyOp53
 70
     0
102
RTVSPropertyOp54
 70
     0
102
RTVSPropertyOp55
 70
     0
102
RTVSPropertyOp56
 70
     0
102
RTVSPropertyOp57
 70
     0
102
RTVSPost2010Prop28
280
     0
102
RTVSPost2010PropOp28
 70
     0
102
RTVSPost2010Prop29
280
     1
102
RTVSPost2010PropOp29
 70
     0
102
RTVSPost2010Prop30
280
     1
102
RTVSPost2010PropOp30
 70
     0
102
RTVSPost2010Prop31
280
     0
102
RTVSPost2010PropOp31
 70
     0
102
RTVSPost2010Prop32
280
     0
102
RTVSPost2010PropOp32
 70
     0
102
RTVSPost2010Prop33
280
     0
102
RTVSPost2010PropOp33
 70
     0
102
RTVSPost2010Prop34
280
     0
102
RTVSPost2010PropOp34
 70
     0
102
RTVSPost2010Prop35
280
     0
102
RTVSPost2010PropOp35
 70
     0
102
RTVSPost2010Prop36
280
     0
102
RTVSPost2010PropOp36
 70
     0
102
RTVSPost2010Prop37
 90
       50
102
RTVSPost2010PropOp37
 70
     0
102
RTVSPost2010Prop38
140
0.0
102
RTVSPost2010PropOp38
 70
     0
102
RTVSPost2010Prop39
140
1.0
102
RTVSPost2010PropOp39
 70
     0
102
RTVSPost2010Prop40
 90
        0
102
RTVSPost2010PropOp40
 70
     0
102
RTVSPost2010Prop41ColorIndex
 90
       18
102
RTVSPost2010Prop41ColorRGB
 90
        0
102
RTVSPost2010PropOp41
 70
     0
102
RTVSPost2010Prop42
 90
       50
102
RTVSPost2010PropOp42
 70
     0
102
RTVSPost2010Prop43
 90
        3
102
RTVSPost2010PropOp43
 70
     0
102
RTVSPost2010Prop44ColorIndex
 90
        5
102
RTVSPost2010Prop44ColorRGB
 90
      255
102
RTVSPost2010PropOp44
 70
     0
102
RTVSPost2010Prop45
280
     0
102
RTVSPost2010PropOp45
 70
     0
102
RTVSPost2010Prop46
 90
       50
102
RTVSPost2010PropOp46
 70
     0
102
RTVSPost2010Prop47
 90
       50
102
RTVSPost2010PropOp47
 70
     0
102
RTVSPost2010Prop48
 90
       50
102
RTVSPost2010PropOp48
 70
     0
102
RTVSPost2010Prop49
280
     0
102
RTVSPost2010PropOp49
 70
     0
102
RTVSPost2010Prop50
 90
       50
102
RTVSPost2010PropOp50
 70
     0
102
RTVSPost2010Prop51ColorIndex
 90
      256
102
RTVSPost2010Prop51ColorRGB
 90
-16777216
102
RTVSPost2010PropOp51
 70
     0
102
RTVSPost2010Prop52
140
1.0
102
RTVSPost2010PropOp52
 70
     0
102
RTVSPost2010Prop53
 90
        2
102
RTVSPost2010PropOp53
 70
     0
102
RTVSPost2010Prop54
  1
strokes_ogs.tif
102
RTVSPost2010PropOp54
 70
     0
102
RTVSPost2010Prop55
280
     0
102
RTVSPost2010PropOp55
 70
     0
102
RTVSPost2010Prop56
140
1.0
102
RTVSPost2010PropOp56
 70
     0
102
RTVSPost2010Prop57
140
1.0
102
RTVSPost2010PropOp57
 70
     0
  0
XRECORD
  5
54D
102
{ACAD_REACTORS
330
54C
102
}
330
54C
100
AcDbXrecord
280
     1
102
RTVSPropertyOp0
 70
     1
102
RTVSPropertyOp1
 70
     1
102
RTVSPropertyOp2
 70
     1
102
RTVSPropertyOp3
 70
     1
102
RTVSPropertyOp4
 70
     1
102
RTVSPropertyOp5
 70
     1
102
RTVSPropertyOp6
 70
     1
102
RTVSPropertyOp7
 70
     1
102
RTVSPropertyOp8
 70
     1
102
RTVSPropertyOp9
 70
     1
102
RTVSPropertyOp10
 70
     1
102
RTVSPropertyOp11
 70
     1
102
RTVSPropertyOp12
 70
     1
102
RTVSPropertyOp13
 70
     1
102
RTVSPropertyOp14
 70
     1
102
RTVSPropertyOp15
 70
     1
102
RTVSPropertyOp16
 70
     1
102
RTVSPropertyOp17
 70
     1
102
RTVSPropertyOp18
 70
     1
102
RTVSPropertyOp19
 70
     1
102
RTVSPropertyOp20
 70
     1
102
RTVSPropertyOp21
 70
     1
102
RTVSPropertyOp22
 70
     1
102
RTVSPropertyOp23
 70
     1
102
RTVSPropertyOp24
 70
     1
102
RTVSPropertyOp25
 70
     1
102
RTVSPropertyOp26
 70
     1
102
RTVSPropertyOp27
 70
     1
102
RTVSPropertyOp28
 70
     1
102
RTVSPropertyOp29
 70
     1
102
RTVSPropertyOp30
 70
     1
102
RTVSPropertyOp31
 70
     1
102
RTVSPropertyOp32
 70
     1
102
RTVSPropertyOp33
 70
     1
102
RTVSPropertyOp34
 70
     1
102
RTVSPropertyOp35
 70
     1
102
RTVSPropertyOp36
 70
     1
102
RTVSPropertyOp37
 70
     1
102
RTVSPropertyOp38
 70
     1
102
RTVSPropertyOp39
 70
     1
102
RTVSPropertyOp40
 70
     1
102
RTVSPropertyOp41
 70
     1
102
RTVSPropertyOp42
 70
     1
102
RTVSPropertyOp43
 70
     1
102
RTVSPropertyOp44
 70
     1
102
RTVSPropertyOp45
 70
     1
102
RTVSPropertyOp46
 70
     1
102
RTVSPropertyOp47
 70
     1
102
RTVSPropertyOp48
 70
     1
102
RTVSPropertyOp49
 70
     1
102
RTVSPropertyOp50
 70
     1
102
RTVSPropertyOp51
 70
     0
102
RTVSPropertyOp52
 70
     0
102
RTVSPropertyOp53
 70
     1
102
RTVSPropertyOp54
 70
     1
102
RTVSPropertyOp55
 70
     1
102
RTVSPropertyOp56
 70
     1
102
RTVSPropertyOp57
 70
     1
102
RTVSPost2010Prop28
280
     0
102
RTVSPost2010PropOp28
 70
     1
102
RTVSPost2010Prop29
280
     1
102
RTVSPost2010PropOp29
 70
     1
102
RTVSPost2010Prop30
280
     1
102
RTVSPost2010PropOp30
 70
     1
102
RTVSPost2010Prop31
280
     0
102
RTVSPost2010PropOp31
 70
     1
102
RTVSPost2010Prop32
280
     0
102
RTVSPost2010PropOp32
 70
     1
102
RTVSPost2010Prop33
280
     0
102
RTVSPost2010PropOp33
 70
     1
102
RTVSPost2010Prop34
280
     0
102
RTVSPost2010PropOp34
 70
     1
102
RTVSPost2010Prop35
280
     0
102
RTVSPost2010PropOp35
 70
     1
102
RTVSPost2010Prop36
280
     0
102
RTVSPost2010PropOp36
 70
     1
102
RTVSPost2010Prop37
 90
       50
102
RTVSPost2010PropOp37
 70
     1
102
RTVSPost2010Prop38
140
0.0
102
RTVSPost2010PropOp38
 70
     1
102
RTVSPost2010Prop39
140
1.0
102
RTVSPost2010PropOp39
 70
     1
102
RTVSPost2010Prop40
 90
        0
102
RTVSPost2010PropOp40
 70
     1
102
RTVSPost2010Prop41ColorIndex
 90
       18
102
RTVSPost2010Prop41ColorRGB
 90
        0
102
RTVSPost2010PropOp41
 70
     1
102
RTVSPost2010Prop42
 90
       50
102
RTVSPost2010PropOp42
 70
     1
102
RTVSPost2010Prop43
 90
        3
102
RTVSPost2010PropOp43
 70
     1
102
RTVSPost2010Prop44ColorIndex
 90
        5
102
RTVSPost2010Prop44ColorRGB
 90
      255
102
RTVSPost2010PropOp44
 70
     1
102
RTVSPost2010Prop45
280
     0
102
RTVSPost2010PropOp45
 70
     1
102
RTVSPost2010Prop46
 90
       50
102
RTVSPost2010PropOp46
 70
     1
102
RTVSPost2010Prop47
 90
       50
102
RTVSPost2010PropOp47
 70
     1
102
RTVSPost2010Prop48
 90
       50
102
RTVSPost2010PropOp48
 70
     1
102
RTVSPost2010Prop49
280
     0
102
RTVSPost2010PropOp49
 70
     1
102
RTVSPost2010Prop50
 90
       50
102
RTVSPost2010PropOp50
 70
     1
102
RTVSPost2010Prop51ColorIndex
 90
      256
102
RTVSPost2010Prop51ColorRGB
 90
-16777216
102
RTVSPost2010PropOp51
 70
     0
102
RTVSPost2010Prop52
140
1.0
102
RTVSPost2010PropOp52
 70
     0
102
RTVSPost2010Prop53
 90
        2
102
RTVSPost2010PropOp53
 70
     1
102
RTVSPost2010Prop54
  1
strokes_ogs.tif
102
RTVSPost2010PropOp54
 70
     1
102
RTVSPost2010Prop55
280
     0
102
RTVSPost2010PropOp55
 70
     1
102
RTVSPost2010Prop56
140
1.0
102
RTVSPost2010PropOp56
 70
     1
102
RTVSPost2010Prop57
140
1.0
102
RTVSPost2010PropOp57
 70
     1
  0
XRECORD
  5
56B
102
{ACAD_REACTORS
330
56A
102
}
330
56A
100
AcDbXrecord
280
     1
102
RTVSPropertyOp0
 70
     1
102
RTVSPropertyOp1
 70
     1
102
RTVSPropertyOp2
 70
     1
102
RTVSPropertyOp3
 70
     1
102
RTVSPropertyOp4
 70
     1
102
RTVSPropertyOp5
 70
     1
102
RTVSPropertyOp6
 70
     1
102
RTVSPropertyOp7
 70
     1
102
RTVSPropertyOp8
 70
     1
102
RTVSPropertyOp9
 70
     1
102
RTVSPropertyOp10
 70
     1
102
RTVSPropertyOp11
 70
     1
102
RTVSPropertyOp12
 70
     1
102
RTVSPropertyOp13
 70
     1
102
RTVSPropertyOp14
 70
     1
102
RTVSPropertyOp15
 70
     1
102
RTVSPropertyOp16
 70
     1
102
RTVSPropertyOp17
 70
     1
102
RTVSPropertyOp18
 70
     1
102
RTVSPropertyOp19
 70
     1
102
RTVSPropertyOp20
 70
     1
102
RTVSPropertyOp21
 70
     1
102
RTVSPropertyOp22
 70
     1
102
RTVSPropertyOp23
 70
     1
102
RTVSPropertyOp24
 70
     1
102
RTVSPropertyOp25
 70
     1
102
RTVSPropertyOp26
 70
     1
102
RTVSPropertyOp27
 70
     1
102
RTVSPropertyOp28
 70
     1
102
RTVSPropertyOp29
 70
     1
102
RTVSPropertyOp30
 70
     1
102
RTVSPropertyOp31
 70
     1
102
RTVSPropertyOp32
 70
     1
102
RTVSPropertyOp33
 70
     1
102
RTVSPropertyOp34
 70
     1
102
RTVSPropertyOp35
 70
     1
102
RTVSPropertyOp36
 70
     1
102
RTVSPropertyOp37
 70
     1
102
RTVSPropertyOp38
 70
     1
102
RTVSPropertyOp39
 70
     1
102
RTVSPropertyOp40
 70
     1
102
RTVSPropertyOp41
 70
     1
102
RTVSPropertyOp42
 70
     1
102
RTVSPropertyOp43
 70
     1
102
RTVSPropertyOp44
 70
     1
102
RTVSPropertyOp45
 70
     1
102
RTVSPropertyOp46
 70
     1
102
RTVSPropertyOp47
 70
     1
102
RTVSPropertyOp48
 70
     1
102
RTVSPropertyOp49
 70
     1
102
RTVSPropertyOp50
 70
     1
102
RTVSPropertyOp51
 70
     0
102
RTVSPropertyOp52
 70
     0
102
RTVSPropertyOp53
 70
     1
102
RTVSPropertyOp54
 70
     1
102
RTVSPropertyOp55
 70
     1
102
RTVSPropertyOp56
 70
     1
102
RTVSPropertyOp57
 70
     1
102
RTVSPost2010Prop28
280
     0
102
RTVSPost2010PropOp28
 70
     1
102
RTVSPost2010Prop29
280
     1
102
RTVSPost2010PropOp29
 70
     1
102
RTVSPost2010Prop30
280
     1
102
RTVSPost2010PropOp30
 70
     1
102
RTVSPost2010Prop31
280
     0
102
RTVSPost2010PropOp31
 70
     1
102
RTVSPost2010Prop32
280
     0
102
RTVSPost2010PropOp32
 70
     1
102
RTVSPost2010Prop33
280
     0
102
RTVSPost2010PropOp33
 70
     1
102
RTVSPost2010Prop34
280
     0
102
RTVSPost2010PropOp34
 70
     1
102
RTVSPost2010Prop35
280
     0
102
RTVSPost2010PropOp35
 70
     1
102
RTVSPost2010Prop36
280
     0
102
RTVSPost2010PropOp36
 70
     1
102
RTVSPost2010Prop37
 90
       50
102
RTVSPost2010PropOp37
 70
     1
102
RTVSPost2010Prop38
140
0.0
102
RTVSPost2010PropOp38
 70
     1
102
RTVSPost2010Prop39
140
1.0
102
RTVSPost2010PropOp39
 70
     1
102
RTVSPost2010Prop40
 90
        0
102
RTVSPost2010PropOp40
 70
     1
102
RTVSPost2010Prop41ColorIndex
 90
       18
102
RTVSPost2010Prop41ColorRGB
 90
        0
102
RTVSPost2010PropOp41
 70
     1
102
RTVSPost2010Prop42
 90
       50
102
RTVSPost2010PropOp42
 70
     1
102
RTVSPost2010Prop43
 90
        3
102
RTVSPost2010PropOp43
 70
     1
102
RTVSPost2010Prop44ColorIndex
 90
        5
102
RTVSPost2010Prop44ColorRGB
 90
      255
102
RTVSPost2010PropOp44
 70
     1
102
RTVSPost2010Prop45
280
     0
102
RTVSPost2010PropOp45
 70
     1
102
RTVSPost2010Prop46
 90
       50
102
RTVSPost2010PropOp46
 70
     1
102
RTVSPost2010Prop47
 90
       50
102
RTVSPost2010PropOp47
 70
     1
102
RTVSPost2010Prop48
 90
       50
102
RTVSPost2010PropOp48
 70
     1
102
RTVSPost2010Prop49
280
     0
102
RTVSPost2010PropOp49
 70
     1
102
RTVSPost2010Prop50
 90
       50
102
RTVSPost2010PropOp50
 70
     1
102
RTVSPost2010Prop51ColorIndex
 90
      256
102
RTVSPost2010Prop51ColorRGB
 90
-16777216
102
RTVSPost2010PropOp51
 70
     0
102
RTVSPost2010Prop52
140
1.0
102
RTVSPost2010PropOp52
 70
     0
102
RTVSPost2010Prop53
 90
        2
102
RTVSPost2010PropOp53
 70
     1
102
RTVSPost2010Prop54
  1
strokes_ogs.tif
102
RTVSPost2010PropOp54
 70
     1
102
RTVSPost2010Prop55
280
     0
102
RTVSPost2010PropOp55
 70
     1
102
RTVSPost2010Prop56
140
1.0
102
RTVSPost2010PropOp56
 70
     1
102
RTVSPost2010Prop57
140
1.0
102
RTVSPost2010PropOp57
 70
     1
  0
XRECORD
  5
569
102
{ACAD_REACTORS
330
568
102
}
330
568
100
AcDbXrecord
280
     1
102
RTVSPropertyOp0
 70
     1
102
RTVSPropertyOp1
 70
     1
102
RTVSPropertyOp2
 70
     1
102
RTVSPropertyOp3
 70
     1
102
RTVSPropertyOp4
 70
     1
102
RTVSPropertyOp5
 70
     1
102
RTVSPropertyOp6
 70
     1
102
RTVSPropertyOp7
 70
     1
102
RTVSPropertyOp8
 70
     1
102
RTVSPropertyOp9
 70
     1
102
RTVSPropertyOp10
 70
     1
102
RTVSPropertyOp11
 70
     1
102
RTVSPropertyOp12
 70
     1
102
RTVSPropertyOp13
 70
     1
102
RTVSPropertyOp14
 70
     1
102
RTVSPropertyOp15
 70
     1
102
RTVSPropertyOp16
 70
     1
102
RTVSPropertyOp17
 70
     1
102
RTVSPropertyOp18
 70
     1
102
RTVSPropertyOp19
 70
     1
102
RTVSPropertyOp20
 70
     1
102
RTVSPropertyOp21
 70
     1
102
RTVSPropertyOp22
 70
     1
102
RTVSPropertyOp23
 70
     1
102
RTVSPropertyOp24
 70
     1
102
RTVSPropertyOp25
 70
     1
102
RTVSPropertyOp26
 70
     1
102
RTVSPropertyOp27
 70
     1
102
RTVSPropertyOp28
 70
     1
102
RTVSPropertyOp29
 70
     1
102
RTVSPropertyOp30
 70
     1
102
RTVSPropertyOp31
 70
     1
102
RTVSPropertyOp32
 70
     1
102
RTVSPropertyOp33
 70
     1
102
RTVSPropertyOp34
 70
     1
102
RTVSPropertyOp35
 70
     1
102
RTVSPropertyOp36
 70
     1
102
RTVSPropertyOp37
 70
     1
102
RTVSPropertyOp38
 70
     1
102
RTVSPropertyOp39
 70
     1
102
RTVSPropertyOp40
 70
     1
102
RTVSPropertyOp41
 70
     1
102
RTVSPropertyOp42
 70
     1
102
RTVSPropertyOp43
 70
     1
102
RTVSPropertyOp44
 70
     1
102
RTVSPropertyOp45
 70
     1
102
RTVSPropertyOp46
 70
     1
102
RTVSPropertyOp47
 70
     1
102
RTVSPropertyOp48
 70
     1
102
RTVSPropertyOp49
 70
     1
102
RTVSPropertyOp50
 70
     1
102
RTVSPropertyOp51
 70
     0
102
RTVSPropertyOp52
 70
     0
102
RTVSPropertyOp53
 70
     1
102
RTVSPropertyOp54
 70
     1
102
RTVSPropertyOp55
 70
     1
102
RTVSPropertyOp56
 70
     1
102
RTVSPropertyOp57
 70
     1
102
RTVSPost2010Prop28
280
     0
102
RTVSPost2010PropOp28
 70
     1
102
RTVSPost2010Prop29
280
     1
102
RTVSPost2010PropOp29
 70
     1
102
RTVSPost2010Prop30
280
     1
102
RTVSPost2010PropOp30
 70
     1
102
RTVSPost2010Prop31
280
     0
102
RTVSPost2010PropOp31
 70
     1
102
RTVSPost2010Prop32
280
     0
102
RTVSPost2010PropOp32
 70
     1
102
RTVSPost2010Prop33
280
     0
102
RTVSPost2010PropOp33
 70
     1
102
RTVSPost2010Prop34
280
     0
102
RTVSPost2010PropOp34
 70
     1
102
RTVSPost2010Prop35
280
     0
102
RTVSPost2010PropOp35
 70
     1
102
RTVSPost2010Prop36
280
     0
102
RTVSPost2010PropOp36
 70
     1
102
RTVSPost2010Prop37
 90
       50
102
RTVSPost2010PropOp37
 70
     1
102
RTVSPost2010Prop38
140
0.0
102
RTVSPost2010PropOp38
 70
     1
102
RTVSPost2010Prop39
140
1.0
102
RTVSPost2010PropOp39
 70
     1
102
RTVSPost2010Prop40
 90
        0
102
RTVSPost2010PropOp40
 70
     1
102
RTVSPost2010Prop41ColorIndex
 90
       18
102
RTVSPost2010Prop41ColorRGB
 90
        0
102
RTVSPost2010PropOp41
 70
     1
102
RTVSPost2010Prop42
 90
       50
102
RTVSPost2010PropOp42
 70
     1
102
RTVSPost2010Prop43
 90
        3
102
RTVSPost2010PropOp43
 70
     1
102
RTVSPost2010Prop44ColorIndex
 90
        5
102
RTVSPost2010Prop44ColorRGB
 90
      255
102
RTVSPost2010PropOp44
 70
     1
102
RTVSPost2010Prop45
280
     0
102
RTVSPost2010PropOp45
 70
     1
102
RTVSPost2010Prop46
 90
       50
102
RTVSPost2010PropOp46
 70
     1
102
RTVSPost2010Prop47
 90
       50
102
RTVSPost2010PropOp47
 70
     1
102
RTVSPost2010Prop48
 90
       50
102
RTVSPost2010PropOp48
 70
     1
102
RTVSPost2010Prop49
280
     0
102
RTVSPost2010PropOp49
 70
     1
102
RTVSPost2010Prop50
 90
       50
102
RTVSPost2010PropOp50
 70
     1
102
RTVSPost2010Prop51ColorIndex
 90
      256
102
RTVSPost2010Prop51ColorRGB
 90
-16777216
102
RTVSPost2010PropOp51
 70
     0
102
RTVSPost2010Prop52
140
1.0
102
RTVSPost2010PropOp52
 70
     0
102
RTVSPost2010Prop53
 90
        2
102
RTVSPost2010PropOp53
 70
     1
102
RTVSPost2010Prop54
  1
strokes_ogs.tif
102
RTVSPost2010PropOp54
 70
     1
102
RTVSPost2010Prop55
280
     0
102
RTVSPost2010PropOp55
 70
     1
102
RTVSPost2010Prop56
140
1.0
102
RTVSPost2010PropOp56
 70
     1
102
RTVSPost2010Prop57
140
1.0
102
RTVSPost2010PropOp57
 70
     1
  0
XRECORD
  5
563
102
{ACAD_REACTORS
330
562
102
}
330
562
100
AcDbXrecord
280
     1
102
RTVSPropertyOp0
 70
     1
102
RTVSPropertyOp1
 70
     1
102
RTVSPropertyOp2
 70
     1
102
RTVSPropertyOp3
 70
     1
102
RTVSPropertyOp4
 70
     1
102
RTVSPropertyOp5
 70
     1
102
RTVSPropertyOp6
 70
     1
102
RTVSPropertyOp7
 70
     1
102
RTVSPropertyOp8
 70
     1
102
RTVSPropertyOp9
 70
     1
102
RTVSPropertyOp10
 70
     1
102
RTVSPropertyOp11
 70
     1
102
RTVSPropertyOp12
 70
     1
102
RTVSPropertyOp13
 70
     1
102
RTVSPropertyOp14
 70
     1
102
RTVSPropertyOp15
 70
     1
102
RTVSPropertyOp16
 70
     1
102
RTVSPropertyOp17
 70
     1
102
RTVSPropertyOp18
 70
     1
102
RTVSPropertyOp19
 70
     1
102
RTVSPropertyOp20
 70
     1
102
RTVSPropertyOp21
 70
     1
102
RTVSPropertyOp22
 70
     1
102
RTVSPropertyOp23
 70
     1
102
RTVSPropertyOp24
 70
     1
102
RTVSPropertyOp25
 70
     1
102
RTVSPropertyOp26
 70
     1
102
RTVSPropertyOp27
 70
     1
102
RTVSPropertyOp28
 70
     1
102
RTVSPropertyOp29
 70
     1
102
RTVSPropertyOp30
 70
     1
102
RTVSPropertyOp31
 70
     1
102
RTVSPropertyOp32
 70
     1
102
RTVSPropertyOp33
 70
     1
102
RTVSPropertyOp34
 70
     1
102
RTVSPropertyOp35
 70
     1
102
RTVSPropertyOp36
 70
     1
102
RTVSPropertyOp37
 70
     1
102
RTVSPropertyOp38
 70
     1
102
RTVSPropertyOp39
 70
     1
102
RTVSPropertyOp40
 70
     1
102
RTVSPropertyOp41
 70
     1
102
RTVSPropertyOp42
 70
     1
102
RTVSPropertyOp43
 70
     1
102
RTVSPropertyOp44
 70
     1
102
RTVSPropertyOp45
 70
     1
102
RTVSPropertyOp46
 70
     1
102
RTVSPropertyOp47
 70
     1
102
RTVSPropertyOp48
 70
     1
102
RTVSPropertyOp49
 70
     1
102
RTVSPropertyOp50
 70
     1
102
RTVSPropertyOp51
 70
     0
102
RTVSPropertyOp52
 70
     0
102
RTVSPropertyOp53
 70
     1
102
RTVSPropertyOp54
 70
     1
102
RTVSPropertyOp55
 70
     1
102
RTVSPropertyOp56
 70
     1
102
RTVSPropertyOp57
 70
     1
102
RTVSPost2010Prop28
280
     0
102
RTVSPost2010PropOp28
 70
     1
102
RTVSPost2010Prop29
280
     1
102
RTVSPost2010PropOp29
 70
     1
102
RTVSPost2010Prop30
280
     1
102
RTVSPost2010PropOp30
 70
     1
102
RTVSPost2010Prop31
280
     0
102
RTVSPost2010PropOp31
 70
     1
102
RTVSPost2010Prop32
280
     0
102
RTVSPost2010PropOp32
 70
     1
102
RTVSPost2010Prop33
280
     0
102
RTVSPost2010PropOp33
 70
     1
102
RTVSPost2010Prop34
280
     0
102
RTVSPost2010PropOp34
 70
     1
102
RTVSPost2010Prop35
280
     0
102
RTVSPost2010PropOp35
 70
     1
102
RTVSPost2010Prop36
280
     0
102
RTVSPost2010PropOp36
 70
     1
102
RTVSPost2010Prop37
 90
       50
102
RTVSPost2010PropOp37
 70
     1
102
RTVSPost2010Prop38
140
0.0
102
RTVSPost2010PropOp38
 70
     1
102
RTVSPost2010Prop39
140
1.0
102
RTVSPost2010PropOp39
 70
     1
102
RTVSPost2010Prop40
 90
        0
102
RTVSPost2010PropOp40
 70
     1
102
RTVSPost2010Prop41ColorIndex
 90
       18
102
RTVSPost2010Prop41ColorRGB
 90
        0
102
RTVSPost2010PropOp41
 70
     1
102
RTVSPost2010Prop42
 90
       50
102
RTVSPost2010PropOp42
 70
     1
102
RTVSPost2010Prop43
 90
        3
102
RTVSPost2010PropOp43
 70
     1
102
RTVSPost2010Prop44ColorIndex
 90
        5
102
RTVSPost2010Prop44ColorRGB
 90
      255
102
RTVSPost2010PropOp44
 70
     1
102
RTVSPost2010Prop45
280
     0
102
RTVSPost2010PropOp45
 70
     1
102
RTVSPost2010Prop46
 90
       50
102
RTVSPost2010PropOp46
 70
     1
102
RTVSPost2010Prop47
 90
       50
102
RTVSPost2010PropOp47
 70
     1
102
RTVSPost2010Prop48
 90
       50
102
RTVSPost2010PropOp48
 70
     1
102
RTVSPost2010Prop49
280
     0
102
RTVSPost2010PropOp49
 70
     1
102
RTVSPost2010Prop50
 90
       50
102
RTVSPost2010PropOp50
 70
     1
102
RTVSPost2010Prop51ColorIndex
 90
      256
102
RTVSPost2010Prop51ColorRGB
 90
-16777216
102
RTVSPost2010PropOp51
 70
     0
102
RTVSPost2010Prop52
140
1.0
102
RTVSPost2010PropOp52
 70
     0
102
RTVSPost2010Prop53
 90
        2
102
RTVSPost2010PropOp53
 70
     1
102
RTVSPost2010Prop54
  1
strokes_ogs.tif
102
RTVSPost2010PropOp54
 70
     1
102
RTVSPost2010Prop55
280
     0
102
RTVSPost2010PropOp55
 70
     1
102
RTVSPost2010Prop56
140
1.0
102
RTVSPost2010PropOp56
 70
     1
102
RTVSPost2010Prop57
140
1.0
102
RTVSPost2010PropOp57
 70
     1
  0
XRECORD
  5
565
102
{ACAD_REACTORS
330
564
102
}
330
564
100
AcDbXrecord
280
     1
102
RTVSPropertyOp0
 70
     1
102
RTVSPropertyOp1
 70
     1
102
RTVSPropertyOp2
 70
     1
102
RTVSPropertyOp3
 70
     1
102
RTVSPropertyOp4
 70
     1
102
RTVSPropertyOp5
 70
     1
102
RTVSPropertyOp6
 70
     1
102
RTVSPropertyOp7
 70
     1
102
RTVSPropertyOp8
 70
     1
102
RTVSPropertyOp9
 70
     1
102
RTVSPropertyOp10
 70
     1
102
RTVSPropertyOp11
 70
     1
102
RTVSPropertyOp12
 70
     1
102
RTVSPropertyOp13
 70
     1
102
RTVSPropertyOp14
 70
     1
102
RTVSPropertyOp15
 70
     1
102
RTVSPropertyOp16
 70
     1
102
RTVSPropertyOp17
 70
     1
102
RTVSPropertyOp18
 70
     1
102
RTVSPropertyOp19
 70
     1
102
RTVSPropertyOp20
 70
     1
102
RTVSPropertyOp21
 70
     1
102
RTVSPropertyOp22
 70
     1
102
RTVSPropertyOp23
 70
     1
102
RTVSPropertyOp24
 70
     1
102
RTVSPropertyOp25
 70
     1
102
RTVSPropertyOp26
 70
     1
102
RTVSPropertyOp27
 70
     1
102
RTVSPropertyOp28
 70
     1
102
RTVSPropertyOp29
 70
     1
102
RTVSPropertyOp30
 70
     1
102
RTVSPropertyOp31
 70
     1
102
RTVSPropertyOp32
 70
     1
102
RTVSPropertyOp33
 70
     1
102
RTVSPropertyOp34
 70
     1
102
RTVSPropertyOp35
 70
     1
102
RTVSPropertyOp36
 70
     1
102
RTVSPropertyOp37
 70
     1
102
RTVSPropertyOp38
 70
     1
102
RTVSPropertyOp39
 70
     1
102
RTVSPropertyOp40
 70
     1
102
RTVSPropertyOp41
 70
     1
102
RTVSPropertyOp42
 70
     1
102
RTVSPropertyOp43
 70
     1
102
RTVSPropertyOp44
 70
     1
102
RTVSPropertyOp45
 70
     1
102
RTVSPropertyOp46
 70
     1
102
RTVSPropertyOp47
 70
     1
102
RTVSPropertyOp48
 70
     1
102
RTVSPropertyOp49
 70
     1
102
RTVSPropertyOp50
 70
     1
102
RTVSPropertyOp51
 70
     0
102
RTVSPropertyOp52
 70
     0
102
RTVSPropertyOp53
 70
     1
102
RTVSPropertyOp54
 70
     1
102
RTVSPropertyOp55
 70
     1
102
RTVSPropertyOp56
 70
     1
102
RTVSPropertyOp57
 70
     1
102
RTVSPost2010Prop28
280
     0
102
RTVSPost2010PropOp28
 70
     1
102
RTVSPost2010Prop29
280
     1
102
RTVSPost2010PropOp29
 70
     1
102
RTVSPost2010Prop30
280
     1
102
RTVSPost2010PropOp30
 70
     1
102
RTVSPost2010Prop31
280
     0
102
RTVSPost2010PropOp31
 70
     1
102
RTVSPost2010Prop32
280
     0
102
RTVSPost2010PropOp32
 70
     1
102
RTVSPost2010Prop33
280
     0
102
RTVSPost2010PropOp33
 70
     1
102
RTVSPost2010Prop34
280
     0
102
RTVSPost2010PropOp34
 70
     1
102
RTVSPost2010Prop35
280
     0
102
RTVSPost2010PropOp35
 70
     1
102
RTVSPost2010Prop36
280
     0
102
RTVSPost2010PropOp36
 70
     1
102
RTVSPost2010Prop37
 90
       50
102
RTVSPost2010PropOp37
 70
     1
102
RTVSPost2010Prop38
140
0.0
102
RTVSPost2010PropOp38
 70
     1
102
RTVSPost2010Prop39
140
1.0
102
RTVSPost2010PropOp39
 70
     1
102
RTVSPost2010Prop40
 90
        0
102
RTVSPost2010PropOp40
 70
     1
102
RTVSPost2010Prop41ColorIndex
 90
       18
102
RTVSPost2010Prop41ColorRGB
 90
        0
102
RTVSPost2010PropOp41
 70
     1
102
RTVSPost2010Prop42
 90
       50
102
RTVSPost2010PropOp42
 70
     1
102
RTVSPost2010Prop43
 90
        3
102
RTVSPost2010PropOp43
 70
     1
102
RTVSPost2010Prop44ColorIndex
 90
        5
102
RTVSPost2010Prop44ColorRGB
 90
      255
102
RTVSPost2010PropOp44
 70
     1
102
RTVSPost2010Prop45
280
     0
102
RTVSPost2010PropOp45
 70
     1
102
RTVSPost2010Prop46
 90
       50
102
RTVSPost2010PropOp46
 70
     1
102
RTVSPost2010Prop47
 90
       50
102
RTVSPost2010PropOp47
 70
     1
102
RTVSPost2010Prop48
 90
       50
102
RTVSPost2010PropOp48
 70
     1
102
RTVSPost2010Prop49
280
     0
102
RTVSPost2010PropOp49
 70
     1
102
RTVSPost2010Prop50
 90
       50
102
RTVSPost2010PropOp50
 70
     1
102
RTVSPost2010Prop51ColorIndex
 90
      256
102
RTVSPost2010Prop51ColorRGB
 90
-16777216
102
RTVSPost2010PropOp51
 70
     0
102
RTVSPost2010Prop52
140
1.0
102
RTVSPost2010PropOp52
 70
     0
102
RTVSPost2010Prop53
 90
        2
102
RTVSPost2010PropOp53
 70
     1
102
RTVSPost2010Prop54
  1
strokes_ogs.tif
102
RTVSPost2010PropOp54
 70
     1
102
RTVSPost2010Prop55
280
     0
102
RTVSPost2010PropOp55
 70
     1
102
RTVSPost2010Prop56
140
1.0
102
RTVSPost2010PropOp56
 70
     1
102
RTVSPost2010Prop57
140
1.0
102
RTVSPost2010PropOp57
 70
     1
  0
XRECORD
  5
555
102
{ACAD_REACTORS
330
554
102
}
330
554
100
AcDbXrecord
280
     1
102
RTVSPropertyOp0
 70
     1
102
RTVSPropertyOp1
 70
     1
102
RTVSPropertyOp2
 70
     1
102
RTVSPropertyOp3
 70
     1
102
RTVSPropertyOp4
 70
     1
102
RTVSPropertyOp5
 70
     1
102
RTVSPropertyOp6
 70
     1
102
RTVSPropertyOp7
 70
     1
102
RTVSPropertyOp8
 70
     1
102
RTVSPropertyOp9
 70
     1
102
RTVSPropertyOp10
 70
     1
102
RTVSPropertyOp11
 70
     1
102
RTVSPropertyOp12
 70
     1
102
RTVSPropertyOp13
 70
     1
102
RTVSPropertyOp14
 70
     1
102
RTVSPropertyOp15
 70
     1
102
RTVSPropertyOp16
 70
     1
102
RTVSPropertyOp17
 70
     1
102
RTVSPropertyOp18
 70
     1
102
RTVSPropertyOp19
 70
     1
102
RTVSPropertyOp20
 70
     1
102
RTVSPropertyOp21
 70
     1
102
RTVSPropertyOp22
 70
     1
102
RTVSPropertyOp23
 70
     1
102
RTVSPropertyOp24
 70
     1
102
RTVSPropertyOp25
 70
     1
102
RTVSPropertyOp26
 70
     1
102
RTVSPropertyOp27
 70
     1
102
RTVSPropertyOp28
 70
     1
102
RTVSPropertyOp29
 70
     1
102
RTVSPropertyOp30
 70
     1
102
RTVSPropertyOp31
 70
     1
102
RTVSPropertyOp32
 70
     1
102
RTVSPropertyOp33
 70
     1
102
RTVSPropertyOp34
 70
     1
102
RTVSPropertyOp35
 70
     1
102
RTVSPropertyOp36
 70
     1
102
RTVSPropertyOp37
 70
     1
102
RTVSPropertyOp38
 70
     1
102
RTVSPropertyOp39
 70
     1
102
RTVSPropertyOp40
 70
     1
102
RTVSPropertyOp41
 70
     1
102
RTVSPropertyOp42
 70
     1
102
RTVSPropertyOp43
 70
     1
102
RTVSPropertyOp44
 70
     1
102
RTVSPropertyOp45
 70
     1
102
RTVSPropertyOp46
 70
     1
102
RTVSPropertyOp47
 70
     1
102
RTVSPropertyOp48
 70
     1
102
RTVSPropertyOp49
 70
     1
102
RTVSPropertyOp50
 70
     1
102
RTVSPropertyOp51
 70
     0
102
RTVSPropertyOp52
 70
     0
102
RTVSPropertyOp53
 70
     1
102
RTVSPropertyOp54
 70
     1
102
RTVSPropertyOp55
 70
     1
102
RTVSPropertyOp56
 70
     1
102
RTVSPropertyOp57
 70
     1
102
RTVSPost2010Prop28
280
     0
102
RTVSPost2010PropOp28
 70
     1
102
RTVSPost2010Prop29
280
     1
102
RTVSPost2010PropOp29
 70
     1
102
RTVSPost2010Prop30
280
     1
102
RTVSPost2010PropOp30
 70
     1
102
RTVSPost2010Prop31
280
     0
102
RTVSPost2010PropOp31
 70
     1
102
RTVSPost2010Prop32
280
     0
102
RTVSPost2010PropOp32
 70
     1
102
RTVSPost2010Prop33
280
     0
102
RTVSPost2010PropOp33
 70
     1
102
RTVSPost2010Prop34
280
     0
102
RTVSPost2010PropOp34
 70
     1
102
RTVSPost2010Prop35
280
     0
102
RTVSPost2010PropOp35
 70
     1
102
RTVSPost2010Prop36
280
     0
102
RTVSPost2010PropOp36
 70
     1
102
RTVSPost2010Prop37
 90
       50
102
RTVSPost2010PropOp37
 70
     1
102
RTVSPost2010Prop38
140
0.0
102
RTVSPost2010PropOp38
 70
     1
102
RTVSPost2010Prop39
140
1.0
102
RTVSPost2010PropOp39
 70
     1
102
RTVSPost2010Prop40
 90
        0
102
RTVSPost2010PropOp40
 70
     1
102
RTVSPost2010Prop41ColorIndex
 90
       18
102
RTVSPost2010Prop41ColorRGB
 90
        0
102
RTVSPost2010PropOp41
 70
     1
102
RTVSPost2010Prop42
 90
       50
102
RTVSPost2010PropOp42
 70
     1
102
RTVSPost2010Prop43
 90
        3
102
RTVSPost2010PropOp43
 70
     1
102
RTVSPost2010Prop44ColorIndex
 90
        5
102
RTVSPost2010Prop44ColorRGB
 90
      255
102
RTVSPost2010PropOp44
 70
     1
102
RTVSPost2010Prop45
280
     0
102
RTVSPost2010PropOp45
 70
     1
102
RTVSPost2010Prop46
 90
       50
102
RTVSPost2010PropOp46
 70
     1
102
RTVSPost2010Prop47
 90
       50
102
RTVSPost2010PropOp47
 70
     1
102
RTVSPost2010Prop48
 90
       50
102
RTVSPost2010PropOp48
 70
     1
102
RTVSPost2010Prop49
280
     0
102
RTVSPost2010PropOp49
 70
     1
102
RTVSPost2010Prop50
 90
       50
102
RTVSPost2010PropOp50
 70
     1
102
RTVSPost2010Prop51ColorIndex
 90
      256
102
RTVSPost2010Prop51ColorRGB
 90
-16777216
102
RTVSPost2010PropOp51
 70
     0
102
RTVSPost2010Prop52
140
1.0
102
RTVSPost2010PropOp52
 70
     0
102
RTVSPost2010Prop53
 90
        2
102
RTVSPost2010PropOp53
 70
     1
102
RTVSPost2010Prop54
  1
strokes_ogs.tif
102
RTVSPost2010PropOp54
 70
     1
102
RTVSPost2010Prop55
280
     0
102
RTVSPost2010PropOp55
 70
     1
102
RTVSPost2010Prop56
140
1.0
102
RTVSPost2010PropOp56
 70
     1
102
RTVSPost2010Prop57
140
1.0
102
RTVSPost2010PropOp57
 70
     1
  0
XRECORD
  5
547
102
{ACAD_REACTORS
330
546
102
}
330
546
100
AcDbXrecord
280
     1
102
RTVSPropertyOp0
 70
     1
102
RTVSPropertyOp1
 70
     1
102
RTVSPropertyOp2
 70
     1
102
RTVSPropertyOp3
 70
     1
102
RTVSPropertyOp4
 70
     1
102
RTVSPropertyOp5
 70
     1
102
RTVSPropertyOp6
 70
     1
102
RTVSPropertyOp7
 70
     1
102
RTVSPropertyOp8
 70
     1
102
RTVSPropertyOp9
 70
     1
102
RTVSPropertyOp10
 70
     1
102
RTVSPropertyOp11
 70
     1
102
RTVSPropertyOp12
 70
     1
102
RTVSPropertyOp13
 70
     1
102
RTVSPropertyOp14
 70
     1
102
RTVSPropertyOp15
 70
     1
102
RTVSPropertyOp16
 70
     1
102
RTVSPropertyOp17
 70
     1
102
RTVSPropertyOp18
 70
     1
102
RTVSPropertyOp19
 70
     1
102
RTVSPropertyOp20
 70
     1
102
RTVSPropertyOp21
 70
     1
102
RTVSPropertyOp22
 70
     1
102
RTVSPropertyOp23
 70
     1
102
RTVSPropertyOp24
 70
     1
102
RTVSPropertyOp25
 70
     1
102
RTVSPropertyOp26
 70
     1
102
RTVSPropertyOp27
 70
     1
102
RTVSPropertyOp28
 70
     1
102
RTVSPropertyOp29
 70
     1
102
RTVSPropertyOp30
 70
     1
102
RTVSPropertyOp31
 70
     1
102
RTVSPropertyOp32
 70
     1
102
RTVSPropertyOp33
 70
     1
102
RTVSPropertyOp34
 70
     1
102
RTVSPropertyOp35
 70
     1
102
RTVSPropertyOp36
 70
     1
102
RTVSPropertyOp37
 70
     1
102
RTVSPropertyOp38
 70
     1
102
RTVSPropertyOp39
 70
     1
102
RTVSPropertyOp40
 70
     1
102
RTVSPropertyOp41
 70
     1
102
RTVSPropertyOp42
 70
     1
102
RTVSPropertyOp43
 70
     1
102
RTVSPropertyOp44
 70
     1
102
RTVSPropertyOp45
 70
     1
102
RTVSPropertyOp46
 70
     1
102
RTVSPropertyOp47
 70
     1
102
RTVSPropertyOp48
 70
     1
102
RTVSPropertyOp49
 70
     1
102
RTVSPropertyOp50
 70
     1
102
RTVSPropertyOp51
 70
     0
102
RTVSPropertyOp52
 70
     0
102
RTVSPropertyOp53
 70
     1
102
RTVSPropertyOp54
 70
     1
102
RTVSPropertyOp55
 70
     1
102
RTVSPropertyOp56
 70
     1
102
RTVSPropertyOp57
 70
     1
102
RTVSPost2010Prop28
280
     0
102
RTVSPost2010PropOp28
 70
     1
102
RTVSPost2010Prop29
280
     1
102
RTVSPost2010PropOp29
 70
     1
102
RTVSPost2010Prop30
280
     1
102
RTVSPost2010PropOp30
 70
     1
102
RTVSPost2010Prop31
280
     0
102
RTVSPost2010PropOp31
 70
     1
102
RTVSPost2010Prop32
280
     0
102
RTVSPost2010PropOp32
 70
     1
102
RTVSPost2010Prop33
280
     0
102
RTVSPost2010PropOp33
 70
     1
102
RTVSPost2010Prop34
280
     0
102
RTVSPost2010PropOp34
 70
     1
102
RTVSPost2010Prop35
280
     0
102
RTVSPost2010PropOp35
 70
     1
102
RTVSPost2010Prop36
280
     0
102
RTVSPost2010PropOp36
 70
     1
102
RTVSPost2010Prop37
 90
       50
102
RTVSPost2010PropOp37
 70
     1
102
RTVSPost2010Prop38
140
0.0
102
RTVSPost2010PropOp38
 70
     1
102
RTVSPost2010Prop39
140
1.0
102
RTVSPost2010PropOp39
 70
     1
102
RTVSPost2010Prop40
 90
        0
102
RTVSPost2010PropOp40
 70
     1
102
RTVSPost2010Prop41ColorIndex
 90
       18
102
RTVSPost2010Prop41ColorRGB
 90
        0
102
RTVSPost2010PropOp41
 70
     1
102
RTVSPost2010Prop42
 90
       50
102
RTVSPost2010PropOp42
 70
     1
102
RTVSPost2010Prop43
 90
        3
102
RTVSPost2010PropOp43
 70
     1
102
RTVSPost2010Prop44ColorIndex
 90
        5
102
RTVSPost2010Prop44ColorRGB
 90
      255
102
RTVSPost2010PropOp44
 70
     1
102
RTVSPost2010Prop45
280
     0
102
RTVSPost2010PropOp45
 70
     1
102
RTVSPost2010Prop46
 90
       50
102
RTVSPost2010PropOp46
 70
     1
102
RTVSPost2010Prop47
 90
       50
102
RTVSPost2010PropOp47
 70
     1
102
RTVSPost2010Prop48
 90
       50
102
RTVSPost2010PropOp48
 70
     1
102
RTVSPost2010Prop49
280
     0
102
RTVSPost2010PropOp49
 70
     1
102
RTVSPost2010Prop50
 90
       50
102
RTVSPost2010PropOp50
 70
     1
102
RTVSPost2010Prop51ColorIndex
 90
      256
102
RTVSPost2010Prop51ColorRGB
 90
-16777216
102
RTVSPost2010PropOp51
 70
     0
102
RTVSPost2010Prop52
140
1.0
102
RTVSPost2010PropOp52
 70
     0
102
RTVSPost2010Prop53
 90
        2
102
RTVSPost2010PropOp53
 70
     1
102
RTVSPost2010Prop54
  1
strokes_ogs.tif
102
RTVSPost2010PropOp54
 70
     1
102
RTVSPost2010Prop55
280
     0
102
RTVSPost2010PropOp55
 70
     1
102
RTVSPost2010Prop56
140
1.0
102
RTVSPost2010PropOp56
 70
     1
102
RTVSPost2010Prop57
140
1.0
102
RTVSPost2010PropOp57
 70
     1
  0
XRECORD
  5
567
102
{ACAD_REACTORS
330
566
102
}
330
566
100
AcDbXrecord
280
     1
102
RTVSPropertyOp0
 70
     1
102
RTVSPropertyOp1
 70
     1
102
RTVSPropertyOp2
 70
     1
102
RTVSPropertyOp3
 70
     1
102
RTVSPropertyOp4
 70
     1
102
RTVSPropertyOp5
 70
     1
102
RTVSPropertyOp6
 70
     1
102
RTVSPropertyOp7
 70
     1
102
RTVSPropertyOp8
 70
     1
102
RTVSPropertyOp9
 70
     1
102
RTVSPropertyOp10
 70
     1
102
RTVSPropertyOp11
 70
     1
102
RTVSPropertyOp12
 70
     1
102
RTVSPropertyOp13
 70
     1
102
RTVSPropertyOp14
 70
     1
102
RTVSPropertyOp15
 70
     1
102
RTVSPropertyOp16
 70
     1
102
RTVSPropertyOp17
 70
     1
102
RTVSPropertyOp18
 70
     1
102
RTVSPropertyOp19
 70
     1
102
RTVSPropertyOp20
 70
     1
102
RTVSPropertyOp21
 70
     1
102
RTVSPropertyOp22
 70
     1
102
RTVSPropertyOp23
 70
     1
102
RTVSPropertyOp24
 70
     1
102
RTVSPropertyOp25
 70
     1
102
RTVSPropertyOp26
 70
     1
102
RTVSPropertyOp27
 70
     1
102
RTVSPropertyOp28
 70
     1
102
RTVSPropertyOp29
 70
     1
102
RTVSPropertyOp30
 70
     1
102
RTVSPropertyOp31
 70
     1
102
RTVSPropertyOp32
 70
     1
102
RTVSPropertyOp33
 70
     1
102
RTVSPropertyOp34
 70
     1
102
RTVSPropertyOp35
 70
     1
102
RTVSPropertyOp36
 70
     1
102
RTVSPropertyOp37
 70
     1
102
RTVSPropertyOp38
 70
     1
102
RTVSPropertyOp39
 70
     1
102
RTVSPropertyOp40
 70
     1
102
RTVSPropertyOp41
 70
     1
102
RTVSPropertyOp42
 70
     1
102
RTVSPropertyOp43
 70
     1
102
RTVSPropertyOp44
 70
     1
102
RTVSPropertyOp45
 70
     1
102
RTVSPropertyOp46
 70
     1
102
RTVSPropertyOp47
 70
     1
102
RTVSPropertyOp48
 70
     1
102
RTVSPropertyOp49
 70
     1
102
RTVSPropertyOp50
 70
     1
102
RTVSPropertyOp51
 70
     0
102
RTVSPropertyOp52
 70
     0
102
RTVSPropertyOp53
 70
     1
102
RTVSPropertyOp54
 70
     1
102
RTVSPropertyOp55
 70
     1
102
RTVSPropertyOp56
 70
     1
102
RTVSPropertyOp57
 70
     1
102
RTVSPost2010Prop28
280
     0
102
RTVSPost2010PropOp28
 70
     1
102
RTVSPost2010Prop29
280
     1
102
RTVSPost2010PropOp29
 70
     1
102
RTVSPost2010Prop30
280
     1
102
RTVSPost2010PropOp30
 70
     1
102
RTVSPost2010Prop31
280
     0
102
RTVSPost2010PropOp31
 70
     1
102
RTVSPost2010Prop32
280
     0
102
RTVSPost2010PropOp32
 70
     1
102
RTVSPost2010Prop33
280
     0
102
RTVSPost2010PropOp33
 70
     1
102
RTVSPost2010Prop34
280
     0
102
RTVSPost2010PropOp34
 70
     1
102
RTVSPost2010Prop35
280
     0
102
RTVSPost2010PropOp35
 70
     1
102
RTVSPost2010Prop36
280
     0
102
RTVSPost2010PropOp36
 70
     1
102
RTVSPost2010Prop37
 90
       50
102
RTVSPost2010PropOp37
 70
     1
102
RTVSPost2010Prop38
140
0.0
102
RTVSPost2010PropOp38
 70
     1
102
RTVSPost2010Prop39
140
1.0
102
RTVSPost2010PropOp39
 70
     1
102
RTVSPost2010Prop40
 90
        0
102
RTVSPost2010PropOp40
 70
     1
102
RTVSPost2010Prop41ColorIndex
 90
       18
102
RTVSPost2010Prop41ColorRGB
 90
        0
102
RTVSPost2010PropOp41
 70
     1
102
RTVSPost2010Prop42
 90
       50
102
RTVSPost2010PropOp42
 70
     1
102
RTVSPost2010Prop43
 90
        3
102
RTVSPost2010PropOp43
 70
     1
102
RTVSPost2010Prop44ColorIndex
 90
        5
102
RTVSPost2010Prop44ColorRGB
 90
      255
102
RTVSPost2010PropOp44
 70
     1
102
RTVSPost2010Prop45
280
     0
102
RTVSPost2010PropOp45
 70
     1
102
RTVSPost2010Prop46
 90
       50
102
RTVSPost2010PropOp46
 70
     1
102
RTVSPost2010Prop47
 90
       50
102
RTVSPost2010PropOp47
 70
     1
102
RTVSPost2010Prop48
 90
       50
102
RTVSPost2010PropOp48
 70
     1
102
RTVSPost2010Prop49
280
     0
102
RTVSPost2010PropOp49
 70
     1
102
RTVSPost2010Prop50
 90
       50
102
RTVSPost2010PropOp50
 70
     1
102
RTVSPost2010Prop51ColorIndex
 90
      256
102
RTVSPost2010Prop51ColorRGB
 90
-16777216
102
RTVSPost2010PropOp51
 70
     0
102
RTVSPost2010Prop52
140
1.0
102
RTVSPost2010PropOp52
 70
     0
102
RTVSPost2010Prop53
 90
        2
102
RTVSPost2010PropOp53
 70
     1
102
RTVSPost2010Prop54
  1
strokes_ogs.tif
102
RTVSPost2010PropOp54
 70
     1
102
RTVSPost2010Prop55
280
     0
102
RTVSPost2010PropOp55
 70
     1
102
RTVSPost2010Prop56
140
1.0
102
RTVSPost2010PropOp56
 70
     1
102
RTVSPost2010Prop57
140
1.0
102
RTVSPost2010PropOp57
 70
     1
  0
ENDSEC
  0
EOF
