  0
SECTION
  2
HEADER
  9
$ACADVER
  1
AC1021
  9
$ACADMAINTVER
 70
    25
  9
$DWGCODEPAGE
  3
ANSI_1252
  9
$LASTSAVEDBY
  1
josnyder
  9
$INSBASE
 10
0.0
 20
0.0
 30
0.0
  9
$EXTMIN
 10
-401.5309527061561
 20
-5.155652200788111
 30
0.0
  9
$EXTMAX
 10
57.68305113999799
 20
6.696078874912651
 30
0.0
  9
$LIMMIN
 10
0.0
 20
0.0
  9
$LIMMAX
 10
12.0
 20
9.0
  9
$ORTHOMODE
 70
     0
  9
$REGENMODE
 70
     1
  9
$FILLMODE
 70
     1
  9
$QTEXTMODE
 70
     0
  9
$MIRRTEXT
 70
     0
  9
$LTSCALE
 40
1.0
  9
$ATTMODE
 70
     1
  9
$TEXTSIZE
 40
0.2
  9
$TRACEWID
 40
0.05
  9
$TEXTSTYLE
  7
Standard
  9
$CLAYER
  8
null
  9
$CELTYPE
  6
ByLayer
  9
$CECOLOR
 62
   256
  9
$CELTSCALE
 40
1.0
  9
$DISPSILH
 70
     0
  9
$DIMSCALE
 40
1.0
  9
$DIMASZ
 40
0.18
  9
$DIMEXO
 40
0.0625
  9
$DIMDLI
 40
0.38
  9
$DIMRND
 40
0.0
  9
$DIMDLE
 40
0.0
  9
$DIMEXE
 40
0.18
  9
$DIMTP
 40
0.0
  9
$DIMTM
 40
0.0
  9
$DIMTXT
 40
0.18
  9
$DIMCEN
 40
0.09
  9
$DIMTSZ
 40
0.0
  9
$DIMTOL
 70
     0
  9
$DIMLIM
 70
     0
  9
$DIMTIH
 70
     1
  9
$DIMTOH
 70
     1
  9
$DIMSE1
 70
     0
  9
$DIMSE2
 70
     0
  9
$DIMTAD
 70
     0
  9
$DIMZIN
 70
     0
  9
$DIMBLK
  1

  9
$DIMASO
 70
     1
  9
$DIMSHO
 70
     1
  9
$DIMPOST
  1

  9
$DIMAPOST
  1

  9
$DIMALT
 70
     0
  9
$DIMALTD
 70
     2
  9
$DIMALTF
 40
25.4
  9
$DIMLFAC
 40
1.0
  9
$DIMTOFL
 70
     0
  9
$DIMTVP
 40
0.0
  9
$DIMTIX
 70
     0
  9
$DIMSOXD
 70
     0
  9
$DIMSAH
 70
     0
  9
$DIMBLK1
  1

  9
$DIMBLK2
  1

  9
$DIMSTYLE
  2
STANDARD_ACAD
  9
$DIMCLRD
 70
     0
  9
$DIMCLRE
 70
     0
  9
$DIMCLRT
 70
     0
  9
$DIMTFAC
 40
1.0
  9
$DIMGAP
 40
0.09
  9
$DIMJUST
 70
     0
  9
$DIMSD1
 70
     0
  9
$DIMSD2
 70
     0
  9
$DIMTOLJ
 70
     1
  9
$DIMTZIN
 70
     0
  9
$DIMALTZ
 70
     0
  9
$DIMALTTZ
 70
     0
  9
$DIMUPT
 70
     0
  9
$DIMDEC
 70
     4
  9
$DIMTDEC
 70
     4
  9
$DIMALTU
 70
     2
  9
$DIMALTTD
 70
     2
  9
$DIMTXSTY
  7
Standard
  9
$DIMAUNIT
 70
     0
  9
$DIMADEC
 70
     0
  9
$DIMALTRND
 40
0.0
  9
$DIMAZIN
 70
     0
  9
$DIMDSEP
 70
    46
  9
$DIMATFIT
 70
     3
  9
$DIMFRAC
 70
     0
  9
$DIMLDRBLK
  1

  9
$DIMLUNIT
 70
     2
  9
$DIMLWD
 70
    -2
  9
$DIMLWE
 70
    -2
  9
$DIMTMOVE
 70
     2
  9
$DIMFXL
 40
1.0
  9
$DIMFXLON
 70
     0
  9
$DIMJOGANG
 40
0.7853981633974483
  9
$DIMTFILL
 70
     0
  9
$DIMTFILLCLR
 70
     0
  9
$DIMARCSYM
 70
     0
  9
$DIMLTYPE
  6

  9
$DIMLTEX1
  6

  9
$DIMLTEX2
  6

  9
$LUNITS
 70
     2
  9
$LUPREC
 70
     3
  9
$SKETCHINC
 40
0.1
  9
$FILLETRAD
 40
0.0
  9
$AUNITS
 70
     0
  9
$AUPREC
 70
     0
  9
$MENU
  1
.
  9
$ELEVATION
 40
0.0
  9
$PELEVATION
 40
0.0
  9
$THICKNESS
 40
0.0
  9
$LIMCHECK
 70
     0
  9
$CHAMFERA
 40
0.0
  9
$CHAMFERB
 40
0.0
  9
$CHAMFERC
 40
0.0
  9
$CHAMFERD
 40
0.0
  9
$SKPOLY
 70
     0
  9
$TDCREATE
 40
2461120.772066598
  9
$TDUCREATE
 40
2461120.980399931
  9
$TDUPDATE
 40
2461120.772081366
  9
$TDUUPDATE
 40
2461120.9804147
  9
$TDINDWG
 40
0.0000000116
  9
$TDUSRTIMER
 40
0.0000000116
  9
$USRTIMER
 70
     1
  9
$ANGBASE
 50
0.0
  9
$ANGDIR
 70
     0
  9
$PDMODE
 70
     0
  9
$PDSIZE
 40
0.0
  9
$PLINEWID
 40
0.0
  9
$SPLFRAME
 70
     0
  9
$SPLINETYPE
 70
     6
  9
$SPLINESEGS
 70
     8
  9
$HANDSEED
  5
544
  9
$SURFTAB1
 70
     6
  9
$SURFTAB2
 70
     6
  9
$SURFTYPE
 70
     6
  9
$SURFU
 70
     6
  9
$SURFV
 70
     6
  9
$UCSBASE
  2

  9
$UCSNAME
  2

  9
$UCSORG
 10
0.0
 20
0.0
 30
0.0
  9
$UCSXDIR
 10
1.0
 20
0.0
 30
0.0
  9
$UCSYDIR
 10
0.0
 20
1.0
 30
0.0
  9
$UCSORTHOREF
  2

  9
$UCSORTHOVIEW
 70
     0
  9
$UCSORGTOP
 10
0.0
 20
0.0
 30
0.0
  9
$UCSORGBOTTOM
 10
0.0
 20
0.0
 30
0.0
  9
$UCSORGLEFT
 10
0.0
 20
0.0
 30
0.0
  9
$UCSORGRIGHT
 10
0.0
 20
0.0
 30
0.0
  9
$UCSORGFRONT
 10
0.0
 20
0.0
 30
0.0
  9
$UCSORGBACK
 10
0.0
 20
0.0
 30
0.0
  9
$PUCSBASE
  2

  9
$PUCSNAME
  2

  9
$PUCSORG
 10
0.0
 20
0.0
 30
0.0
  9
$PUCSXDIR
 10
1.0
 20
0.0
 30
0.0
  9
$PUCSYDIR
 10
0.0
 20
1.0
 30
0.0
  9
$PUCSORTHOREF
  2

  9
$PUCSORTHOVIEW
 70
     0
  9
$PUCSORGTOP
 10
0.0
 20
0.0
 30
0.0
  9
$PUCSORGBOTTOM
 10
0.0
 20
0.0
 30
0.0
  9
$PUCSORGLEFT
 10
0.0
 20
0.0
 30
0.0
  9
$PUCSORGRIGHT
 10
0.0
 20
0.0
 30
0.0
  9
$PUCSORGFRONT
 10
0.0
 20
0.0
 30
0.0
  9
$PUCSORGBACK
 10
0.0
 20
0.0
 30
0.0
  9
$USERI1
 70
     0
  9
$USERI2
 70
     0
  9
$USERI3
 70
     0
  9
$USERI4
 70
     0
  9
$USERI5
 70
     0
  9
$USERR1
 40
0.0
  9
$USERR2
 40
0.0
  9
$USERR3
 40
0.0
  9
$USERR4
 40
0.0
  9
$USERR5
 40
0.0
  9
$WORLDVIEW
 70
     1
  9
$SHADEDGE
 70
     3
  9
$SHADEDIF
 70
    70
  9
$TILEMODE
 70
     1
  9
$MAXACTVP
 70
    64
  9
$PINSBASE
 10
0.0
 20
0.0
 30
0.0
  9
$PLIMCHECK
 70
     0
  9
$PEXTMIN
 10
1.000000000000000E+20
 20
1.000000000000000E+20
 30
1.000000000000000E+20
  9
$PEXTMAX
 10
-1.000000000000000E+20
 20
-1.000000000000000E+20
 30
-1.000000000000000E+20
  9
$PLIMMIN
 10
0.0
 20
0.0
  9
$PLIMMAX
 10
12.0
 20
9.0
  9
$UNITMODE
 70
     0
  9
$VISRETAIN
 70
     1
  9
$PLINEGEN
 70
     0
  9
$PSLTSCALE
 70
     1
  9
$TREEDEPTH
 70
  3020
  9
$CMLSTYLE
  2
Standard
  9
$CMLJUST
 70
     0
  9
$CMLSCALE
 40
1.0
  9
$PROXYGRAPHICS
 70
     1
  9
$MEASUREMENT
 70
     1
  9
$CELWEIGHT
370
    -1
  9
$ENDCAPS
280
     0
  9
$JOINSTYLE
280
     0
  9
$LWDISPLAY
290
     0
  9
$INSUNITS
 70
     4
  9
$HYPERLINKBASE
  1

  9
$STYLESHEET
  1

  9
$XEDIT
290
     1
  9
$CEPSNTYPE
380
     0
  9
$PSTYLEMODE
290
     1
  9
$FINGERPRINTGUID
  2
{1b6f655f-ef51-e84e-a266-4cbd67ccf359}
  9
$VERSIONGUID
  2
{FAEB1C32-E019-11D5-929B-00C0DF256EC4}
  9
$EXTNAMES
290
     1
  9
$PSVPSCALE
 40
0.0
  9
$OLESTARTUP
290
     0
  9
$SORTENTS
280
   127
  9
$INDEXCTL
280
     0
  9
$HIDETEXT
280
     1
  9
$XCLIPFRAME
290
     0
  9
$HALOGAP
280
     0
  9
$OBSCOLOR
 70
   257
  9
$OBSLTYPE
280
     0
  9
$INTERSECTIONDISPLAY
280
     0
  9
$INTERSECTIONCOLOR
 70
   257
  9
$DIMASSOC
280
     2
  9
$PROJECTNAME
  1

  9
$CAMERADISPLAY
290
     0
  9
$LENSLENGTH
 40
50.0
  9
$CAMERAHEIGHT
 40
0.0
  9
$STEPSPERSEC
 40
2.0
  9
$STEPSIZE
 40
6.0
  9
$3DDWFPREC
 40
2.0
  9
$PSOLWIDTH
 40
0.25
  9
$PSOLHEIGHT
 40
4.0
  9
$LOFTANG1
 40
1.570796326794897
  9
$LOFTANG2
 40
1.570796326794897
  9
$LOFTMAG1
 40
0.0
  9
$LOFTMAG2
 40
0.0
  9
$LOFTPARAM
 70
     7
  9
$LOFTNORMALS
280
     1
  9
$LATITUDE
 40
37.795
  9
$LONGITUDE
 40
-122.394
  9
$NORTHDIRECTION
 40
0.0
  9
$TIMEZONE
 70
 -8000
  9
$LIGHTGLYPHDISPLAY
280
     1
  9
$TILEMODELIGHTSYNCH
280
     1
  9
$CMATERIAL
347
44
  9
$SOLIDHIST
280
     0
  9
$SHOWHIST
280
     1
  9
$DWFFRAME
280
     2
  9
$DGNFRAME
280
     2
  9
$REALWORLDSCALE
290
     1
  9
$INTERFERECOLOR
 62
   256
  9
$CSHADOW
280
     0
  9
$SHADOWPLANELOCATION
 40
0.0
  0
ENDSEC
  0
SECTION
  2
CLASSES
  0
CLASS
  1
ACDBDICTIONARYWDFLT
  2
AcDbDictionaryWithDefault
  3
ObjectDBX Classes
 90
        0
 91
        3
280
     0
281
     0
  0
CLASS
  1
VISUALSTYLE
  2
AcDbVisualStyle
  3
ObjectDBX Classes
 90
     4095
 91
        3
280
     0
281
     0
  0
CLASS
  1
MATERIAL
  2
AcDbMaterial
  3
ObjectDBX Classes
 90
     1153
 91
        3
280
     0
281
     0
  0
CLASS
  1
SCALE
  2
AcDbScale
  3
ObjectDBX Classes
 90
     1153
 91
        3
280
     0
281
     0
  0
CLASS
  1
TABLESTYLE
  2
AcDbTableStyle
  3
ObjectDBX Classes
 90
     4095
 91
        3
280
     0
281
     0
  0
CLASS
  1
MLEADERSTYLE
  2
AcDbMLeaderStyle
  3
ACDB_MLEADERSTYLE_CLASS
 90
     4095
 91
        3
280
     0
281
     0
  0
CLASS
  1
SUN
  2
AcDbSun
  3
SCENEOE
 90
     1153
 91
        3
280
     0
281
     0
  0
CLASS
  1
DICTIONARYVAR
  2
AcDbDictionaryVar
  3
ObjectDBX Classes
 90
        0
 91
        3
280
     0
281
     0
  0
CLASS
  1
CELLSTYLEMAP
  2
AcDbCellStyleMap
  3
ObjectDBX Classes
 90
     1152
 91
        3
280
     0
281
     0
  0
ENDSEC
  0
SECTION
  2
TABLES
  0
TABLE
  2
VPORT
  5
8
330
0
100
AcDbSymbolTable
 70
     1
  0
VPORT
  5
29
330
8
100
AcDbSymbolTableRecord
100
AcDbViewportTableRecord
  2
*Active
 70
     0
 10
0.0
 20
0.0
 11
1.0
 21
1.0
 12
10.42990654205607
 22
4.5
 13
0.0
 23
0.0
 14
0.5
 24
0.5
 15
0.5
 25
0.5
 16
0.0
 26
0.0
 36
1.0
 17
0.0
 27
0.0
 37
0.0
 40
9.0
 41
1.972972972850329
 42
50.0
 43
0.0
 44
0.0
 50
0.0
 51
0.0
 71
     0
 72
   100
 73
     1
 74
     3
 75
     0
 76
     0
 77
     0
 78
     0
281
     0
 65
     1
110
0.0
120
0.0
130
0.0
111
1.0
121
0.0
131
0.0
112
0.0
122
1.0
132
0.0
 79
     0
146
0.0
348
2F
 60
     3
 61
     5
292
     1
282
     1
141
0.0
142
0.0
 63
   250
361
5D
  0
ENDTAB
  0
TABLE
  2
LTYPE
  5
5
330
0
100
AcDbSymbolTable
 70
     1
  0
LTYPE
  5
14
330
5
100
AcDbSymbolTableRecord
100
AcDbLinetypeTableRecord
  2
ByBlock
 70
     0
  3

 72
    65
 73
     0
 40
0.0
  0
LTYPE
  5
15
330
5
100
AcDbSymbolTableRecord
100
AcDbLinetypeTableRecord
  2
ByLayer
 70
     0
  3

 72
    65
 73
     0
 40
0.0
  0
LTYPE
  5
16
330
5
100
AcDbSymbolTableRecord
100
AcDbLinetypeTableRecord
  2
Continuous
 70
     0
  3
Solid line
 72
    65
 73
     0
 40
0.0
  0
ENDTAB
  0
TABLE
  2
LAYER
  5
2
330
0
100
AcDbSymbolTable
 70
     4
  0
LAYER
  5
10
330
2
100
AcDbSymbolTableRecord
100
AcDbLayerTableRecord
  2
0
 70
     0
 62
     7
  6
Continuous
370
    -3
390
F
347
46
  0
LAYER
  5
5F
330
2
100
AcDbSymbolTableRecord
100
AcDbLayerTableRecord
  2
null
 70
     0
 62
     7
  6
Continuous
370
    -3
390
F
347
46
  0
LAYER
  5
72
330
2
100
AcDbSymbolTableRecord
100
AcDbLayerTableRecord
  2
inside2
 70
     0
 62
     7
  6
Continuous
370
    -3
390
F
347
46
  0
LAYER
  5
78
330
2
100
AcDbSymbolTableRecord
100
AcDbLayerTableRecord
  2
inside2_T
 70
     0
 62
     1
420
 16711680
  6
Continuous
370
    -3
390
F
347
46
  0
ENDTAB
  0
TABLE
  2
STYLE
  5
3
330
0
100
AcDbSymbolTable
 70
     1
  0
STYLE
  5
11
330
3
100
AcDbSymbolTableRecord
100
AcDbTextStyleTableRecord
  2
Standard
 70
     0
 40
0.0
 41
1.0
 50
0.0
 71
     0
 42
0.2
  3
txt
  4

  0
ENDTAB
  0
TABLE
  2
VIEW
  5
6
330
0
100
AcDbSymbolTable
 70
     0
  0
ENDTAB
  0
TABLE
  2
UCS
  5
7
330
0
100
AcDbSymbolTable
 70
     0
  0
ENDTAB
  0
TABLE
  2
APPID
  5
9
330
0
100
AcDbSymbolTable
 70
     3
  0
APPID
  5
12
330
9
100
AcDbSymbolTableRecord
100
AcDbRegAppTableRecord
  2
ACAD
 70
     0
  0
APPID
  5
5E
330
9
100
AcDbSymbolTableRecord
100
AcDbRegAppTableRecord
  2
Rhino
 70
     0
  0
APPID
  5
53C
330
9
100
AcDbSymbolTableRecord
100
AcDbRegAppTableRecord
  2
ACAD_MLEADERVER
 70
     0
  0
ENDTAB
  0
TABLE
  2
DIMSTYLE
  5
A
330
0
100
AcDbSymbolTable
 70
     1
100
AcDbDimStyleTable
  0
DIMSTYLE
105
27
330
A
100
AcDbSymbolTableRecord
100
AcDbDimStyleTableRecord
  2
STANDARD_ACAD
 70
     0
178
     0
340
11
  0
ENDTAB
  0
TABLE
  2
BLOCK_RECORD
  5
1
330
0
100
AcDbSymbolTable
 70
     1
  0
BLOCK_RECORD
  5
1F
330
1
100
AcDbSymbolTableRecord
100
AcDbBlockTableRecord
  2
*Model_Space
340
22
 70
     0
280
     1
281
     0
  0
BLOCK_RECORD
  5
1B
330
1
100
AcDbSymbolTableRecord
100
AcDbBlockTableRecord
  2
*Paper_Space
340
1E
 70
     0
280
     1
281
     0
  0
BLOCK_RECORD
  5
23
330
1
100
AcDbSymbolTableRecord
100
AcDbBlockTableRecord
  2
*Paper_Space0
340
26
 70
     0
280
     1
281
     0
  0
ENDTAB
  0
ENDSEC
  0
SECTION
  2
BLOCKS
  0
BLOCK
  5
20
330
1F
100
AcDbEntity
  8
0
100
AcDbBlockBegin
  2
*Model_Space
 70
     0
 10
0.0
 20
0.0
 30
0.0
  3
*Model_Space
  1

  0
ENDBLK
  5
21
330
1F
100
AcDbEntity
  8
0
100
AcDbBlockEnd
  0
BLOCK
  5
1C
330
1B
100
AcDbEntity
 67
     1
  8
0
100
AcDbBlockBegin
  2
*Paper_Space
 70
     0
 10
0.0
 20
0.0
 30
0.0
  3
*Paper_Space
  1

  0
ENDBLK
  5
1D
330
1B
100
AcDbEntity
 67
     1
  8
0
100
AcDbBlockEnd
  0
BLOCK
  5
24
330
23
100
AcDbEntity
  8
0
100
AcDbBlockBegin
  2
*Paper_Space0
 70
     0
 10
0.0
 20
0.0
 30
0.0
  3
*Paper_Space0
  1

  0
ENDBLK
  5
25
330
23
100
AcDbEntity
  8
0
100
AcDbBlockEnd
  0
ENDSEC
  0
SECTION
  2
ENTITIES
  0
POLYLINE
  5
60
330
1F
100
AcDbEntity
  8
null
100
AcDb2dPolyline
 66
     1
 10
0.0
 20
0.0
 30
0.0
  0
VERTEX
  5
61
330
60
100
AcDbEntity
  8
null
100
AcDbVertex
100
AcDb2dVertex
 10
56.8336437694798
 20
0.7702133370623027
 30
0.0
  0
VERTEX
  5
62
330
60
100
AcDbEntity
  8
null
100
AcDbVertex
100
AcDb2dVertex
 10
55.22584308323349
 20
0.7702133370623027
 30
0.0
  0
SEQEND
  5
63
330
60
100
AcDbEntity
  8
null
  0
POLYLINE
  5
64
330
1F
100
AcDbEntity
  8
null
100
AcDb2dPolyline
 66
     1
 10
0.0
 20
0.0
 30
0.0
  0
VERTEX
  5
65
330
64
100
AcDbEntity
  8
null
100
AcDbVertex
100
AcDb2dVertex
 10
56.83364376947981
 20
-4.306244830269875
 30
0.0
  0
VERTEX
  5
66
330
64
100
AcDbEntity
  8
null
100
AcDbVertex
100
AcDb2dVertex
 10
56.83364376947981
 20
-1.696659105787077
 30
0.0
  0
SEQEND
  5
67
330
64
100
AcDbEntity
  8
null
  0
POLYLINE
  5
68
330
1F
100
AcDbEntity
  8
null
100
AcDb2dPolyline
 66
     1
 10
0.0
 20
0.0
 30
0.0
  0
VERTEX
  5
69
330
68
100
AcDbEntity
  8
null
100
AcDbVertex
100
AcDb2dVertex
 10
56.78772540791614
 20
5.851846391295127
 30
0.0
  0
VERTEX
  5
6A
330
68
100
AcDbEntity
  8
null
100
AcDbVertex
100
AcDb2dVertex
 10
56.83364376947981
 20
3.308442420728398
 30
0.0
  0
VERTEX
  5
6B
330
68
100
AcDbEntity
  8
null
100
AcDbVertex
100
AcDb2dVertex
 10
55.01893369077805
 20
3.308442420728398
 30
0.0
  0
SEQEND
  5
6C
330
68
100
AcDbEntity
  8
null
  0
POINT
  5
6D
330
1F
100
AcDbEntity
  8
null
100
AcDbPoint
 10
56.83364376947981
 20
-4.306244830269875
 30
0.0
  0
POINT
  5
6E
330
1F
100
AcDbEntity
  8
null
100
AcDbPoint
 10
56.8336437694798
 20
-1.768015746603779
 30
0.0
  0
POINT
  5
6F
330
1F
100
AcDbEntity
  8
null
100
AcDbPoint
 10
56.8336437694798
 20
0.7702133370623027
 30
0.0
  0
POINT
  5
70
330
1F
100
AcDbEntity
  8
null
100
AcDbPoint
 10
56.83364376947981
 20
3.308442420728398
 30
0.0
  0
POINT
  5
71
330
1F
100
AcDbEntity
  8
null
100
AcDbPoint
 10
56.83364376947981
 20
5.846671504394475
 30
0.0
  0
SPLINE
  5
73
330
1F
100
AcDbEntity
  8
inside2
100
AcDbSpline
210
0.0
220
0.0
230
1.0
 70
    15
 71
     2
 72
    12
 73
     9
 74
     0
 42
0.0000000001
 43
0.0000000001
 40
0.0
 40
0.0
 40
0.0
 40
1.334245977562504
 40
1.334245977562504
 40
2.668491955125007
 40
2.668491955125007
 40
4.002737932687511
 40
4.002737932687511
 40
5.336983910250014
 40
5.336983910250014
 40
5.336983910250014
 10
55.98423639896163
 20
0.7702133370622732
 30
0.0
 41
1.0
 10
55.98423639896156
 20
1.619620707580485
 30
0.0
 41
0.7071067811865476
 10
56.83364376947969
 20
1.619620707580481
 30
0.0
 41
1.0
 10
57.6830511399979
 20
1.619620707580485
 30
0.0
 41
0.7071067811865476
 10
57.68305113999799
 20
0.7702133370622732
 30
0.0
 41
1.0
 10
57.6830511399979
 20
-0.0791940334559335
 30
0.0
 41
0.7071067811865476
 10
56.83364376947969
 20
-0.0791940334559342
 30
0.0
 41
1.0
 10
55.98423639896156
 20
-0.0791940334559335
 30
0.0
 41
0.7071067811865476
 10
55.98423639896163
 20
0.7702133370622732
 30
0.0
 41
1.0
  0
SPLINE
  5
74
330
1F
100
AcDbEntity
  8
inside2
100
AcDbSpline
210
0.0
220
0.0
230
1.0
 70
    15
 71
     2
 72
    12
 73
     9
 74
     0
 42
0.0000000001
 43
0.0000000001
 40
0.0
 40
0.0
 40
0.0
 40
1.334245977562504
 40
1.334245977562504
 40
2.668491955125007
 40
2.668491955125007
 40
4.002737932687511
 40
4.002737932687511
 40
5.336983910250014
 40
5.336983910250014
 40
5.336983910250014
 10
55.98423639896163
 20
-1.768015746603808
 30
0.0
 41
1.0
 10
55.98423639896156
 20
-0.9186083760855974
 30
0.0
 41
0.7071067811865476
 10
56.83364376947969
 20
-0.9186083760856008
 30
0.0
 41
1.0
 10
57.6830511399979
 20
-0.9186083760855974
 30
0.0
 41
0.7071067811865476
 10
57.68305113999799
 20
-1.768015746603808
 30
0.0
 41
1.0
 10
57.6830511399979
 20
-2.617423117122016
 30
0.0
 41
0.7071067811865476
 10
56.83364376947969
 20
-2.617423117122016
 30
0.0
 41
1.0
 10
55.98423639896156
 20
-2.617423117122016
 30
0.0
 41
0.7071067811865476
 10
55.98423639896163
 20
-1.768015746603808
 30
0.0
 41
1.0
  0
SPLINE
  5
75
330
1F
100
AcDbEntity
  8
inside2
100
AcDbSpline
210
0.0
220
0.0
230
1.0
 70
    15
 71
     2
 72
    12
 73
     9
 74
     0
 42
0.0000000001
 43
0.0000000001
 40
0.0
 40
0.0
 40
0.0
 40
1.334245977562504
 40
1.334245977562504
 40
2.668491955125007
 40
2.668491955125007
 40
4.002737932687511
 40
4.002737932687511
 40
5.336983910250014
 40
5.336983910250014
 40
5.336983910250014
 10
55.98423639896163
 20
-4.306244830269904
 30
0.0
 41
1.0
 10
55.98423639896156
 20
-3.45683745975169
 30
0.0
 41
0.7071067811865476
 10
56.83364376947969
 20
-3.456837459751696
 30
0.0
 41
1.0
 10
57.6830511399979
 20
-3.45683745975169
 30
0.0
 41
0.7071067811865476
 10
57.68305113999799
 20
-4.306244830269904
 30
0.0
 41
1.0
 10
57.6830511399979
 20
-5.155652200788109
 30
0.0
 41
0.7071067811865476
 10
56.83364376947969
 20
-5.155652200788111
 30
0.0
 41
1.0
 10
55.98423639896156
 20
-5.155652200788109
 30
0.0
 41
0.7071067811865476
 10
55.98423639896163
 20
-4.306244830269904
 30
0.0
 41
1.0
  0
SPLINE
  5
76
330
1F
100
AcDbEntity
  8
inside2
100
AcDbSpline
210
0.0
220
0.0
230
1.0
 70
    15
 71
     2
 72
    12
 73
     9
 74
     0
 42
0.0000000001
 43
0.0000000001
 40
0.0
 40
0.0
 40
0.0
 40
1.334245977562504
 40
1.334245977562504
 40
2.668491955125007
 40
2.668491955125007
 40
4.002737932687511
 40
4.002737932687511
 40
5.336983910250014
 40
5.336983910250014
 40
5.336983910250014
 10
55.98423639896163
 20
5.84667150439445
 30
0.0
 41
1.0
 10
55.98423639896156
 20
6.69607887491265
 30
0.0
 41
0.7071067811865476
 10
56.83364376947969
 20
6.696078874912651
 30
0.0
 41
1.0
 10
57.6830511399979
 20
6.69607887491265
 30
0.0
 41
0.7071067811865476
 10
57.68305113999799
 20
5.84667150439445
 30
0.0
 41
1.0
 10
57.6830511399979
 20
4.997264133876242
 30
0.0
 41
0.7071067811865476
 10
56.83364376947969
 20
4.997264133876243
 30
0.0
 41
1.0
 10
55.98423639896156
 20
4.997264133876242
 30
0.0
 41
0.7071067811865476
 10
55.98423639896163
 20
5.84667150439445
 30
0.0
 41
1.0
  0
SPLINE
  5
77
330
1F
100
AcDbEntity
  8
inside2
100
AcDbSpline
210
0.0
220
0.0
230
1.0
 70
    15
 71
     2
 72
    12
 73
     9
 74
     0
 42
0.0000000001
 43
0.0000000001
 40
0.0
 40
0.0
 40
0.0
 40
1.334245977562504
 40
1.334245977562504
 40
2.668491955125007
 40
2.668491955125007
 40
4.002737932687511
 40
4.002737932687511
 40
5.336983910250014
 40
5.336983910250014
 40
5.336983910250014
 10
55.98423639896163
 20
3.308442420728369
 30
0.0
 41
1.0
 10
55.98423639896156
 20
4.157849791246577
 30
0.0
 41
0.7071067811865476
 10
56.83364376947969
 20
4.157849791246576
 30
0.0
 41
1.0
 10
57.6830511399979
 20
4.157849791246577
 30
0.0
 41
0.7071067811865476
 10
57.68305113999799
 20
3.308442420728369
 30
0.0
 41
1.0
 10
57.6830511399979
 20
2.459035050210159
 30
0.0
 41
0.7071067811865476
 10
56.83364376947969
 20
2.459035050210161
 30
0.0
 41
1.0
 10
55.98423639896156
 20
2.459035050210159
 30
0.0
 41
0.7071067811865476
 10
55.98423639896163
 20
3.308442420728369
 30
0.0
 41
1.0
  0
POLYLINE
  5
79
330
1F
100
AcDbEntity
  8
inside2_T
100
AcDb2dPolyline
 66
     1
 10
0.0
 20
0.0
 30
0.0
  0
VERTEX
  5
7A
330
79
100
AcDbEntity
  8
inside2_T
100
AcDbVertex
100
AcDb2dVertex
 10
9.237786957221658
 20
2.158219590028665
 30
0.0
  0
VERTEX
  5
7B
330
79
100
AcDbEntity
  8
inside2_T
100
AcDbVertex
100
AcDb2dVertex
 10
8.766037130746724
 20
2.168008322691776
 30
0.0
  0
VERTEX
  5
7C
330
79
100
AcDbEntity
  8
inside2_T
100
AcDbVertex
100
AcDb2dVertex
 10
8.293565998098927
 20
2.177805408419971
 30
0.0
  0
VERTEX
  5
7D
330
79
100
AcDbEntity
  8
inside2_T
100
AcDbVertex
100
AcDb2dVertex
 10
7.822838255140084
 20
2.187593813258317
 30
0.0
  0
VERTEX
  5
7E
330
79
100
AcDbEntity
  8
inside2_T
100
AcDbVertex
100
AcDb2dVertex
 10
7.356192293760785
 20
2.197184099793901
 30
0.0
  0
VERTEX
  5
7F
330
79
100
AcDbEntity
  8
inside2_T
100
AcDbVertex
100
AcDb2dVertex
 10
6.895758945419573
 20
2.206682757895706
 30
0.0
  0
VERTEX
  5
80
330
79
100
AcDbEntity
  8
inside2_T
100
AcDbVertex
100
AcDb2dVertex
 10
5.551153877154036
 20
2.234057868735491
 30
0.0
  0
VERTEX
  5
81
330
79
100
AcDbEntity
  8
inside2_T
100
AcDbVertex
100
AcDb2dVertex
 10
5.11209539325813
 20
2.2428475765511
 30
0.0
  0
VERTEX
  5
82
330
79
100
AcDbEntity
  8
inside2_T
100
AcDbVertex
100
AcDb2dVertex
 10
4.676098971363615
 20
2.251645881570965
 30
0.0
  0
VERTEX
  5
83
330
79
100
AcDbEntity
  8
inside2_T
100
AcDbVertex
100
AcDb2dVertex
 10
4.242512705084835
 20
2.260337124072677
 30
0.0
  0
VERTEX
  5
84
330
79
100
AcDbEntity
  8
inside2_T
100
AcDbVertex
100
AcDb2dVertex
 10
3.810541094147254
 20
2.269035715863993
 30
0.0
  0
VERTEX
  5
85
330
79
100
AcDbEntity
  8
inside2_T
100
AcDbVertex
100
AcDb2dVertex
 10
3.379833951134231
 20
2.277626077067708
 30
0.0
  0
VERTEX
  5
86
330
79
100
AcDbEntity
  8
inside2_T
100
AcDbVertex
100
AcDb2dVertex
 10
2.949135696144765
 20
2.286119277097043
 30
0.0
  0
VERTEX
  5
87
330
79
100
AcDbEntity
  8
inside2_T
100
AcDbVertex
100
AcDb2dVertex
 10
2.518254525847794
 20
2.294711284580046
 30
0.0
  0
VERTEX
  5
88
330
79
100
AcDbEntity
  8
inside2_T
100
AcDbVertex
100
AcDb2dVertex
 10
2.086131362964295
 20
2.303202821067131
 30
0.0
  0
VERTEX
  5
89
330
79
100
AcDbEntity
  8
inside2_T
100
AcDbVertex
100
AcDb2dVertex
 10
1.652314861364346
 20
2.311696469047419
 30
0.0
  0
VERTEX
  5
8A
330
79
100
AcDbEntity
  8
inside2_T
100
AcDbVertex
100
AcDb2dVertex
 10
1.216755892310346
 20
2.32029573598291
 30
0.0
  0
VERTEX
  5
8B
330
79
100
AcDbEntity
  8
inside2_T
100
AcDbVertex
100
AcDb2dVertex
 10
0.7797017064678471
 20
2.328788294207726
 30
0.0
  0
VERTEX
  5
8C
330
79
100
AcDbEntity
  8
inside2_T
100
AcDbVertex
100
AcDb2dVertex
 10
0.341326250833788
 20
2.337380154290855
 30
0.0
  0
VERTEX
  5
8D
330
79
100
AcDbEntity
  8
inside2_T
100
AcDbVertex
100
AcDb2dVertex
 10
-0.0980433964239751
 20
2.345872967086606
 30
0.0
  0
VERTEX
  5
8E
330
79
100
AcDbEntity
  8
inside2_T
100
AcDbVertex
100
AcDb2dVertex
 10
-0.5384238554766512
 20
2.354464975558187
 30
0.0
  0
VERTEX
  5
8F
330
79
100
AcDbEntity
  8
inside2_T
100
AcDbVertex
100
AcDb2dVertex
 10
-0.9793561472000079
 20
2.362957050053879
 30
0.0
  0
VERTEX
  5
90
330
79
100
AcDbEntity
  8
inside2_T
100
AcDbVertex
100
AcDb2dVertex
 10
-1.42068095288738
 20
2.371449049733158
 30
0.0
  0
VERTEX
  5
91
330
79
100
AcDbEntity
  8
inside2_T
100
AcDbVertex
100
AcDb2dVertex
 10
-1.862266287040086
 20
2.379843135591273
 30
0.0
  0
VERTEX
  5
92
330
79
100
AcDbEntity
  8
inside2_T
100
AcDbVertex
100
AcDb2dVertex
 10
-2.304153493458045
 20
2.388343898792726
 30
0.0
  0
VERTEX
  5
93
330
79
100
AcDbEntity
  8
inside2_T
100
AcDbVertex
100
AcDb2dVertex
 10
-2.746093329274174
 20
2.396736898400022
 30
0.0
  0
VERTEX
  5
94
330
79
100
AcDbEntity
  8
inside2_T
100
AcDbVertex
100
AcDb2dVertex
 10
-3.18803334581122
 20
2.405129901439437
 30
0.0
  0
VERTEX
  5
95
330
79
100
AcDbEntity
  8
inside2_T
100
AcDbVertex
100
AcDb2dVertex
 10
-3.630064850971678
 20
2.413416181681384
 30
0.0
  0
VERTEX
  5
96
330
79
100
AcDbEntity
  8
inside2_T
100
AcDbVertex
100
AcDb2dVertex
 10
-4.072162647447669
 20
2.42171132875967
 30
0.0
  0
VERTEX
  5
97
330
79
100
AcDbEntity
  8
inside2_T
100
AcDbVertex
100
AcDb2dVertex
 10
-4.514147683496788
 20
2.430006362895796
 30
0.0
  0
VERTEX
  5
98
330
79
100
AcDbEntity
  8
inside2_T
100
AcDbVertex
100
AcDb2dVertex
 10
-4.955963642702557
 20
2.438299940594348
 30
0.0
  0
VERTEX
  5
99
330
79
100
AcDbEntity
  8
inside2_T
100
AcDbVertex
100
AcDb2dVertex
 10
-5.839155145026155
 20
2.454590682899152
 30
0.0
  0
VERTEX
  5
9A
330
79
100
AcDbEntity
  8
inside2_T
100
AcDbVertex
100
AcDb2dVertex
 10
-6.721881284305312
 20
2.470775672653616
 30
0.0
  0
VERTEX
  5
9B
330
79
100
AcDbEntity
  8
inside2_T
100
AcDbVertex
100
AcDb2dVertex
 10
-7.604094771447137
 20
2.486861104006394
 30
0.0
  0
VERTEX
  5
9C
330
79
100
AcDbEntity
  8
inside2_T
100
AcDbVertex
100
AcDb2dVertex
 10
-8.485805073731001
 20
2.5027483255558
 30
0.0
  0
VERTEX
  5
9D
330
79
100
AcDbEntity
  8
inside2_T
100
AcDbVertex
100
AcDb2dVertex
 10
-9.367011069215835
 20
2.518536421761837
 30
0.0
  0
VERTEX
  5
9E
330
79
100
AcDbEntity
  8
inside2_T
100
AcDbVertex
100
AcDb2dVertex
 10
-10.24789763550854
 20
2.534125782823054
 30
0.0
  0
VERTEX
  5
9F
330
79
100
AcDbEntity
  8
inside2_T
100
AcDbVertex
100
AcDb2dVertex
 10
-11.1285079592206
 20
2.549509819677908
 30
0.0
  0
VERTEX
  5
A0
330
79
100
AcDbEntity
  8
inside2_T
100
AcDbVertex
100
AcDb2dVertex
 10
-12.00881276240904
 20
2.564802365490777
 30
0.0
  0
VERTEX
  5
A1
330
79
100
AcDbEntity
  8
inside2_T
100
AcDbVertex
100
AcDb2dVertex
 10
-12.88889007518065
 20
2.579888577482123
 30
0.0
  0
VERTEX
  5
A2
330
79
100
AcDbEntity
  8
inside2_T
100
AcDbVertex
100
AcDb2dVertex
 10
-13.76879785290345
 20
2.594777072655418
 30
0.0
  0
VERTEX
  5
A3
330
79
100
AcDbEntity
  8
inside2_T
100
AcDbVertex
100
AcDb2dVertex
 10
-14.648506477279
 20
2.60956644777491
 30
0.0
  0
VERTEX
  5
A4
330
79
100
AcDbEntity
  8
inside2_T
100
AcDbVertex
100
AcDb2dVertex
 10
-15.5281854564833
 20
2.624157123068656
 30
0.0
  0
VERTEX
  5
A5
330
79
100
AcDbEntity
  8
inside2_T
100
AcDbVertex
100
AcDb2dVertex
 10
-16.40789158991612
 20
2.638542417825732
 30
0.0
  0
VERTEX
  5
A6
330
79
100
AcDbEntity
  8
inside2_T
100
AcDbVertex
100
AcDb2dVertex
 10
-17.28749257188866
 20
2.652828634395178
 30
0.0
  0
VERTEX
  5
A7
330
79
100
AcDbEntity
  8
inside2_T
100
AcDbVertex
100
AcDb2dVertex
 10
-18.16717229150555
 20
2.666916194811932
 30
0.0
  0
VERTEX
  5
A8
330
79
100
AcDbEntity
  8
inside2_T
100
AcDbVertex
100
AcDb2dVertex
 10
-19.04705864778663
 20
2.680805686773127
 30
0.0
  0
VERTEX
  5
A9
330
79
100
AcDbEntity
  8
inside2_T
100
AcDbVertex
100
AcDb2dVertex
 10
-20.36700132209745
 20
2.701388577631931
 30
0.0
  0
VERTEX
  5
AA
330
79
100
AcDbEntity
  8
inside2_T
100
AcDbVertex
100
AcDb2dVertex
 10
-21.68733059185303
 20
2.721475805116114
 30
0.0
  0
VERTEX
  5
AB
330
79
100
AcDbEntity
  8
inside2_T
100
AcDbVertex
100
AcDb2dVertex
 10
-23.00787369833239
 20
2.7412581089349
 30
0.0
  0
VERTEX
  5
AC
330
79
100
AcDbEntity
  8
inside2_T
100
AcDbVertex
100
AcDb2dVertex
 10
-24.32868910129224
 20
2.760544648374676
 30
0.0
  0
VERTEX
  5
AD
330
79
100
AcDbEntity
  8
inside2_T
100
AcDbVertex
100
AcDb2dVertex
 10
-25.64961378562117
 20
2.779427416000203
 30
0.0
  0
VERTEX
  5
AE
330
79
100
AcDbEntity
  8
inside2_T
100
AcDbVertex
100
AcDb2dVertex
 10
-26.9708251715445
 20
2.79791352005789
 30
0.0
  0
VERTEX
  5
AF
330
79
100
AcDbEntity
  8
inside2_T
100
AcDbVertex
100
AcDb2dVertex
 10
-28.29234206177904
 20
2.815896505037159
 30
0.0
  0
VERTEX
  5
B0
330
79
100
AcDbEntity
  8
inside2_T
100
AcDbVertex
100
AcDb2dVertex
 10
-29.61398537893257
 20
2.833483348970205
 30
0.0
  0
VERTEX
  5
B1
330
79
100
AcDbEntity
  8
inside2_T
100
AcDbVertex
100
AcDb2dVertex
 10
-30.93569950144712
 20
2.850673514882871
 30
0.0
  0
VERTEX
  5
B2
330
79
100
AcDbEntity
  8
inside2_T
100
AcDbVertex
100
AcDb2dVertex
 10
-32.25761320737371
 20
2.867352948291753
 30
0.0
  0
VERTEX
  5
B3
330
79
100
AcDbEntity
  8
inside2_T
100
AcDbVertex
100
AcDb2dVertex
 10
-33.57963509250436
 20
2.883643619420695
 30
0.0
  0
VERTEX
  5
B4
330
79
100
AcDbEntity
  8
inside2_T
100
AcDbVertex
100
AcDb2dVertex
 10
-34.90181968085932
 20
2.899430920842946
 30
0.0
  0
VERTEX
  5
B5
330
79
100
AcDbEntity
  8
inside2_T
100
AcDbVertex
100
AcDb2dVertex
 10
-36.22403864603945
 20
2.914715323229757
 30
0.0
  0
VERTEX
  5
B6
330
79
100
AcDbEntity
  8
inside2_T
100
AcDbVertex
100
AcDb2dVertex
 10
-37.54645724732364
 20
2.92960333831158
 30
0.0
  0
VERTEX
  5
B7
330
79
100
AcDbEntity
  8
inside2_T
100
AcDbVertex
100
AcDb2dVertex
 10
-38.86885713387261
 20
2.943995644857836
 30
0.0
  0
VERTEX
  5
B8
330
79
100
AcDbEntity
  8
inside2_T
100
AcDbVertex
100
AcDb2dVertex
 10
-40.19125548640324
 20
2.957884814406654
 30
0.0
  0
VERTEX
  5
B9
330
79
100
AcDbEntity
  8
inside2_T
100
AcDbVertex
100
AcDb2dVertex
 10
-41.51372909958405
 20
2.971270699519835
 30
0.0
  0
VERTEX
  5
BA
330
79
100
AcDbEntity
  8
inside2_T
100
AcDbVertex
100
AcDb2dVertex
 10
-42.83612896654478
 20
2.984062166695111
 30
0.0
  0
VERTEX
  5
BB
330
79
100
AcDbEntity
  8
inside2_T
100
AcDbVertex
100
AcDb2dVertex
 10
-44.15865319268715
 20
2.996449777754549
 30
0.0
  0
VERTEX
  5
BC
330
79
100
AcDbEntity
  8
inside2_T
100
AcDbVertex
100
AcDb2dVertex
 10
-45.48113149421289
 20
3.008341608509653
 30
0.0
  0
VERTEX
  5
BD
330
79
100
AcDbEntity
  8
inside2_T
100
AcDbVertex
100
AcDb2dVertex
 10
-47.24423496502715
 20
3.023427352678198
 30
0.0
  0
VERTEX
  5
BE
330
79
100
AcDbEntity
  8
inside2_T
100
AcDbVertex
100
AcDb2dVertex
 10
-49.8889325272624
 20
3.044207805313704
 30
0.0
  0
VERTEX
  5
BF
330
79
100
AcDbEntity
  8
inside2_T
100
AcDbVertex
100
AcDb2dVertex
 10
-52.53340968908134
 20
3.062891760493812
 30
0.0
  0
VERTEX
  5
C0
330
79
100
AcDbEntity
  8
inside2_T
100
AcDbVertex
100
AcDb2dVertex
 10
-55.17778574966525
 20
3.079479332295818
 30
0.0
  0
VERTEX
  5
C1
330
79
100
AcDbEntity
  8
inside2_T
100
AcDbVertex
100
AcDb2dVertex
 10
-57.82194009665983
 20
3.093863822225075
 30
0.0
  0
VERTEX
  5
C2
330
79
100
AcDbEntity
  8
inside2_T
100
AcDbVertex
100
AcDb2dVertex
 10
-60.46600213972152
 20
3.106060524225043
 30
0.0
  0
VERTEX
  5
C3
330
79
100
AcDbEntity
  8
inside2_T
100
AcDbVertex
100
AcDb2dVertex
 10
-63.11006413407159
 20
3.11604657380353
 30
0.0
  0
VERTEX
  5
C4
330
79
100
AcDbEntity
  8
inside2_T
100
AcDbVertex
100
AcDb2dVertex
 10
-65.7541268286073
 20
3.123844842066177
 30
0.0
  0
VERTEX
  5
C5
330
79
100
AcDbEntity
  8
inside2_T
100
AcDbVertex
100
AcDb2dVertex
 10
-68.39806364147199
 20
3.129440039939112
 30
0.0
  0
VERTEX
  5
C6
330
79
100
AcDbEntity
  8
inside2_T
100
AcDbVertex
100
AcDb2dVertex
 10
-71.04201688133986
 20
3.132634030342587
 30
0.0
  0
VERTEX
  5
C7
330
79
100
AcDbEntity
  8
inside2_T
100
AcDbVertex
100
AcDb2dVertex
 10
-73.67069469489644
 20
3.133632675429865
 30
0.0
  0
VERTEX
  5
C8
330
79
100
AcDbEntity
  8
inside2_T
100
AcDbVertex
100
AcDb2dVertex
 10
-73.68599004146546
 20
3.13363267542988
 30
0.0
  0
SEQEND
  5
C9
330
79
100
AcDbEntity
  8
inside2_T
  0
POLYLINE
  5
CA
330
1F
100
AcDbEntity
  8
inside2_T
100
AcDb2dPolyline
 66
     1
 10
0.0
 20
0.0
 30
0.0
  0
VERTEX
  5
CB
330
CA
100
AcDbEntity
  8
inside2_T
100
AcDbVertex
100
AcDb2dVertex
 10
-293.9735997177989
 20
-0.003979244235552
 30
0.0
  0
VERTEX
  5
CC
330
CA
100
AcDbEntity
  8
inside2_T
100
AcDbVertex
100
AcDb2dVertex
 10
-297.0603743484801
 20
-0.0026753888747777
 30
0.0
  0
VERTEX
  5
CD
330
CA
100
AcDbEntity
  8
inside2_T
100
AcDbVertex
100
AcDb2dVertex
 10
-299.7063563204206
 20
0.0010228856393297
 30
0.0
  0
VERTEX
  5
CE
330
CA
100
AcDbEntity
  8
inside2_T
100
AcDbVertex
100
AcDb2dVertex
 10
-302.3522142782439
 20
0.0069171934992625
 30
0.0
  0
VERTEX
  5
CF
330
CA
100
AcDbEntity
  8
inside2_T
100
AcDbVertex
100
AcDb2dVertex
 10
-304.9981713265484
 20
0.0151143226834876
 30
0.0
  0
VERTEX
  5
D0
330
CA
100
AcDbEntity
  8
inside2_T
100
AcDbVertex
100
AcDb2dVertex
 10
-307.6441187870564
 20
0.0255074823050165
 30
0.0
  0
VERTEX
  5
D1
330
CA
100
AcDbEntity
  8
inside2_T
100
AcDbVertex
100
AcDb2dVertex
 10
-310.2901571005438
 20
0.0380966626975976
 30
0.0
  0
VERTEX
  5
D2
330
CA
100
AcDbEntity
  8
inside2_T
100
AcDbVertex
100
AcDb2dVertex
 10
-312.9363109982922
 20
0.0527904431843069
 30
0.0
  0
VERTEX
  5
D3
330
CA
100
AcDbEntity
  8
inside2_T
100
AcDbVertex
100
AcDb2dVertex
 10
-315.5825474770854
 20
0.0697793547324466
 30
0.0
  0
VERTEX
  5
D4
330
CA
100
AcDbEntity
  8
inside2_T
100
AcDbVertex
100
AcDb2dVertex
 10
-318.2288733929018
 20
0.0887736203073359
 30
0.0
  0
VERTEX
  5
D5
330
CA
100
AcDbEntity
  8
inside2_T
100
AcDbVertex
100
AcDb2dVertex
 10
-320.8753832666337
 20
0.1099561304252887
 30
0.0
  0
VERTEX
  5
D6
330
CA
100
AcDbEntity
  8
inside2_T
100
AcDbVertex
100
AcDb2dVertex
 10
-322.6398250087182
 20
0.1252523560767429
 30
0.0
  0
VERTEX
  5
D7
330
CA
100
AcDbEntity
  8
inside2_T
100
AcDbVertex
100
AcDb2dVertex
 10
-323.9631807284256
 20
0.13734580456169
 30
0.0
  0
VERTEX
  5
D8
330
CA
100
AcDbEntity
  8
inside2_T
100
AcDbVertex
100
AcDb2dVertex
 10
-325.2865330870714
 20
0.149835727832297
 30
0.0
  0
VERTEX
  5
D9
330
CA
100
AcDbEntity
  8
inside2_T
100
AcDbVertex
100
AcDb2dVertex
 10
-326.6099123790876
 20
0.1629282254807833
 30
0.0
  0
VERTEX
  5
DA
330
CA
100
AcDbEntity
  8
inside2_T
100
AcDbVertex
100
AcDb2dVertex
 10
-327.9331478835886
 20
0.176523606948507
 30
0.0
  0
VERTEX
  5
DB
330
CA
100
AcDbEntity
  8
inside2_T
100
AcDbVertex
100
AcDb2dVertex
 10
-329.2565078871001
 20
0.1905156762670686
 30
0.0
  0
VERTEX
  5
DC
330
CA
100
AcDbEntity
  8
inside2_T
100
AcDbVertex
100
AcDb2dVertex
 10
-330.5797615546979
 20
0.205110133534788
 30
0.0
  0
VERTEX
  5
DD
330
CA
100
AcDbEntity
  8
inside2_T
100
AcDbVertex
100
AcDb2dVertex
 10
-331.9028970035558
 20
0.2201008801229278
 30
0.0
  0
VERTEX
  5
DE
330
CA
100
AcDbEntity
  8
inside2_T
100
AcDbVertex
100
AcDb2dVertex
 10
-333.2259524800981
 20
0.2355874757835181
 30
0.0
  0
VERTEX
  5
DF
330
CA
100
AcDbEntity
  8
inside2_T
100
AcDbVertex
100
AcDb2dVertex
 10
-334.5488926985677
 20
0.2515771336401826
 30
0.0
  0
VERTEX
  5
E0
330
CA
100
AcDbEntity
  8
inside2_T
100
AcDbVertex
100
AcDb2dVertex
 10
-335.871633128902
 20
0.2679708982689988
 30
0.0
  0
VERTEX
  5
E1
330
CA
100
AcDbEntity
  8
inside2_T
100
AcDbVertex
100
AcDb2dVertex
 10
-337.1943738423625
 20
0.2848602919551695
 30
0.0
  0
VERTEX
  5
E2
330
CA
100
AcDbEntity
  8
inside2_T
100
AcDbVertex
100
AcDb2dVertex
 10
-338.5167920704881
 20
0.3021535824367874
 30
0.0
  0
VERTEX
  5
E3
330
CA
100
AcDbEntity
  8
inside2_T
100
AcDbVertex
100
AcDb2dVertex
 10
-339.8391350173469
 20
0.3198435850703305
 30
0.0
  0
VERTEX
  5
E4
330
CA
100
AcDbEntity
  8
inside2_T
100
AcDbVertex
100
AcDb2dVertex
 10
-341.1612915408339
 20
0.3380294803298085
 30
0.0
  0
VERTEX
  5
E5
330
CA
100
AcDbEntity
  8
inside2_T
100
AcDbVertex
100
AcDb2dVertex
 10
-342.4832157007432
 20
0.3567181508299484
 30
0.0
  0
VERTEX
  5
E6
330
CA
100
AcDbEntity
  8
inside2_T
100
AcDbVertex
100
AcDb2dVertex
 10
-343.8049392299666
 20
0.3757117837501909
 30
0.0
  0
VERTEX
  5
E7
330
CA
100
AcDbEntity
  8
inside2_T
100
AcDbVertex
100
AcDb2dVertex
 10
-345.1263772466914
 20
0.3951936976970529
 30
0.0
  0
VERTEX
  5
E8
330
CA
100
AcDbEntity
  8
inside2_T
100
AcDbVertex
100
AcDb2dVertex
 10
-346.4475012933529
 20
0.4150871125884237
 30
0.0
  0
VERTEX
  5
E9
330
CA
100
AcDbEntity
  8
inside2_T
100
AcDbVertex
100
AcDb2dVertex
 10
-347.7684244586897
 20
0.4353769828418308
 30
0.0
  0
VERTEX
  5
EA
330
CA
100
AcDbEntity
  8
inside2_T
100
AcDbVertex
100
AcDb2dVertex
 10
-349.0890259984189
 20
0.4560630876310654
 30
0.0
  0
VERTEX
  5
EB
330
CA
100
AcDbEntity
  8
inside2_T
100
AcDbVertex
100
AcDb2dVertex
 10
-349.9692275572654
 20
0.4700549953590212
 30
0.0
  0
VERTEX
  5
EC
330
CA
100
AcDbEntity
  8
inside2_T
100
AcDbVertex
100
AcDb2dVertex
 10
-350.8492936413825
 20
0.4842446904131776
 30
0.0
  0
VERTEX
  5
ED
330
CA
100
AcDbEntity
  8
inside2_T
100
AcDbVertex
100
AcDb2dVertex
 10
-351.7294608665687
 20
0.4985335402420787
 30
0.0
  0
VERTEX
  5
EE
330
CA
100
AcDbEntity
  8
inside2_T
100
AcDbVertex
100
AcDb2dVertex
 10
-352.6095560936876
 20
0.5130287060402168
 30
0.0
  0
VERTEX
  5
EF
330
CA
100
AcDbEntity
  8
inside2_T
100
AcDbVertex
100
AcDb2dVertex
 10
-353.4896479311907
 20
0.527722065805861
 30
0.0
  0
VERTEX
  5
F0
330
CA
100
AcDbEntity
  8
inside2_T
100
AcDbVertex
100
AcDb2dVertex
 10
-354.3699108514358
 20
0.5426132157888759
 30
0.0
  0
VERTEX
  5
F1
330
CA
100
AcDbEntity
  8
inside2_T
100
AcDbVertex
100
AcDb2dVertex
 10
-355.2502723532774
 20
0.5576034784110391
 30
0.0
  0
VERTEX
  5
F2
330
CA
100
AcDbEntity
  8
inside2_T
100
AcDbVertex
100
AcDb2dVertex
 10
-356.130965456687
 20
0.572792443545481
 30
0.0
  0
VERTEX
  5
F3
330
CA
100
AcDbEntity
  8
inside2_T
100
AcDbVertex
100
AcDb2dVertex
 10
-357.0117325787156
 20
0.5881792196267668
 30
0.0
  0
VERTEX
  5
F4
330
CA
100
AcDbEntity
  8
inside2_T
100
AcDbVertex
100
AcDb2dVertex
 10
-357.8928951283083
 20
0.6036727237782742
 30
0.0
  0
VERTEX
  5
F5
330
CA
100
AcDbEntity
  8
inside2_T
100
AcDbVertex
100
AcDb2dVertex
 10
-358.7743605351823
 20
0.6193644336146633
 30
0.0
  0
VERTEX
  5
F6
330
CA
100
AcDbEntity
  8
inside2_T
100
AcDbVertex
100
AcDb2dVertex
 10
-359.6562214351682
 20
0.6351552472537776
 30
0.0
  0
VERTEX
  5
F7
330
CA
100
AcDbEntity
  8
inside2_T
100
AcDbVertex
100
AcDb2dVertex
 10
-360.5385701420208
 20
0.6511443006599507
 30
0.0
  0
VERTEX
  5
F8
330
CA
100
AcDbEntity
  8
inside2_T
100
AcDbVertex
100
AcDb2dVertex
 10
-361.4213318961435
 20
0.6672324994334247
 30
0.0
  0
VERTEX
  5
F9
330
CA
100
AcDbEntity
  8
inside2_T
100
AcDbVertex
100
AcDb2dVertex
 10
-362.3047276539061
 20
0.6835270092934138
 30
0.0
  0
VERTEX
  5
FA
330
CA
100
AcDbEntity
  8
inside2_T
100
AcDbVertex
100
AcDb2dVertex
 10
-363.1885857434889
 20
0.7000116641388132
 30
0.0
  0
VERTEX
  5
FB
330
CA
100
AcDbEntity
  8
inside2_T
100
AcDbVertex
100
AcDb2dVertex
 10
-363.6307010645973
 20
0.7083071401066263
 30
0.0
  0
VERTEX
  5
FC
330
CA
100
AcDbEntity
  8
inside2_T
100
AcDbVertex
100
AcDb2dVertex
 10
-364.0728811071029
 20
0.7166021138323657
 30
0.0
  0
VERTEX
  5
FD
330
CA
100
AcDbEntity
  8
inside2_T
100
AcDbVertex
100
AcDb2dVertex
 10
-364.5151304097884
 20
0.7248981007516591
 30
0.0
  0
VERTEX
  5
FE
330
CA
100
AcDbEntity
  8
inside2_T
100
AcDbVertex
100
AcDb2dVertex
 10
-364.957382037243
 20
0.7332932566551875
 30
0.0
  0
VERTEX
  5
FF
330
CA
100
AcDbEntity
  8
inside2_T
100
AcDbVertex
100
AcDb2dVertex
 10
-365.3994200587061
 20
0.7416884105407462
 30
0.0
  0
VERTEX
  5
100
330
CA
100
AcDbEntity
  8
inside2_T
100
AcDbVertex
100
AcDb2dVertex
 10
-365.8414733557153
 20
0.7501826902775406
 30
0.0
  0
VERTEX
  5
101
330
CA
100
AcDbEntity
  8
inside2_T
100
AcDbVertex
100
AcDb2dVertex
 10
-366.2832100308192
 20
0.7586749875107301
 30
0.0
  0
VERTEX
  5
102
330
CA
100
AcDbEntity
  8
inside2_T
100
AcDbVertex
100
AcDb2dVertex
 10
-366.7247704983711
 20
0.7670703400487895
 30
0.0
  0
VERTEX
  5
103
330
CA
100
AcDbEntity
  8
inside2_T
100
AcDbVertex
100
AcDb2dVertex
 10
-367.1658258441565
 20
0.7756715369307443
 30
0.0
  0
VERTEX
  5
104
330
CA
100
AcDbEntity
  8
inside2_T
100
AcDbVertex
100
AcDb2dVertex
 10
-367.6062725948023
 20
0.7841639503934346
 30
0.0
  0
VERTEX
  5
105
330
CA
100
AcDbEntity
  8
inside2_T
100
AcDbVertex
100
AcDb2dVertex
 10
-368.0458443798539
 20
0.7926586068925303
 30
0.0
  0
VERTEX
  5
106
330
CA
100
AcDbEntity
  8
inside2_T
100
AcDbVertex
100
AcDb2dVertex
 10
-368.484413246868
 20
0.8012524642685577
 30
0.0
  0
VERTEX
  5
107
330
CA
100
AcDbEntity
  8
inside2_T
100
AcDbVertex
100
AcDb2dVertex
 10
-368.9215850306526
 20
0.809844341366869
 30
0.0
  0
VERTEX
  5
108
330
CA
100
AcDbEntity
  8
inside2_T
100
AcDbVertex
100
AcDb2dVertex
 10
-369.3571755866372
 20
0.8183371983986376
 30
0.0
  0
VERTEX
  5
109
330
CA
100
AcDbEntity
  8
inside2_T
100
AcDbVertex
100
AcDb2dVertex
 10
-369.7911555386684
 20
0.8268322549187985
 30
0.0
  0
VERTEX
  5
10A
330
CA
100
AcDbEntity
  8
inside2_T
100
AcDbVertex
100
AcDb2dVertex
 10
-370.223486854429
 20
0.835432828517213
 30
0.0
  0
VERTEX
  5
10B
330
CA
100
AcDbEntity
  8
inside2_T
100
AcDbVertex
100
AcDb2dVertex
 10
-370.6545043986361
 20
0.8439263108678574
 30
0.0
  0
VERTEX
  5
10C
330
CA
100
AcDbEntity
  8
inside2_T
100
AcDbVertex
100
AcDb2dVertex
 10
-371.0852581245342
 20
0.85251973029753
 30
0.0
  0
VERTEX
  5
10D
330
CA
100
AcDbEntity
  8
inside2_T
100
AcDbVertex
100
AcDb2dVertex
 10
-371.5162481682608
 20
0.8611117804274784
 30
0.0
  0
VERTEX
  5
10E
330
CA
100
AcDbEntity
  8
inside2_T
100
AcDbVertex
100
AcDb2dVertex
 10
-371.9482725943365
 20
0.8697046915175832
 30
0.0
  0
VERTEX
  5
10F
330
CA
100
AcDbEntity
  8
inside2_T
100
AcDbVertex
100
AcDb2dVertex
 10
-372.382023842105
 20
0.8784050321002326
 30
0.0
  0
VERTEX
  5
110
330
CA
100
AcDbEntity
  8
inside2_T
100
AcDbVertex
100
AcDb2dVertex
 10
-372.8181671367667
 20
0.887196521938435
 30
0.0
  0
VERTEX
  5
111
330
CA
100
AcDbEntity
  8
inside2_T
100
AcDbVertex
100
AcDb2dVertex
 10
-373.2574959073402
 20
0.8960944164350764
 30
0.0
  0
VERTEX
  5
112
330
CA
100
AcDbEntity
  8
inside2_T
100
AcDbVertex
100
AcDb2dVertex
 10
-373.7007332873432
 20
0.9050842128454661
 30
0.0
  0
VERTEX
  5
113
330
CA
100
AcDbEntity
  8
inside2_T
100
AcDbVertex
100
AcDb2dVertex
 10
-375.0632527498594
 20
0.9329668213736682
 30
0.0
  0
VERTEX
  5
114
330
CA
100
AcDbEntity
  8
inside2_T
100
AcDbVertex
100
AcDb2dVertex
 10
-375.5300565249887
 20
0.9425660954280346
 30
0.0
  0
VERTEX
  5
115
330
CA
100
AcDbEntity
  8
inside2_T
100
AcDbVertex
100
AcDb2dVertex
 10
-376.0009561711113
 20
0.9522570515224231
 30
0.0
  0
VERTEX
  5
116
330
CA
100
AcDbEntity
  8
inside2_T
100
AcDbVertex
100
AcDb2dVertex
 10
-376.4735273259416
 20
0.9620482695370356
 30
0.0
  0
VERTEX
  5
117
330
CA
100
AcDbEntity
  8
inside2_T
100
AcDbVertex
100
AcDb2dVertex
 10
-376.9454704286529
 20
0.9719439490944097
 30
0.0
  0
VERTEX
  5
118
330
CA
100
AcDbEntity
  8
inside2_T
100
AcDbVertex
100
AcDb2dVertex
 10
-377.4148709944535
 20
0.9816344945112547
 30
0.0
  0
VERTEX
  5
119
330
CA
100
AcDbEntity
  8
inside2_T
100
AcDbVertex
100
AcDb2dVertex
 10
-377.8805799639102
 20
0.9914323927029329
 30
0.0
  0
VERTEX
  5
11A
330
CA
100
AcDbEntity
  8
inside2_T
100
AcDbVertex
100
AcDb2dVertex
 10
-378.3408318968395
 20
1.001022880538756
 30
0.0
  0
VERTEX
  5
11B
330
CA
100
AcDbEntity
  8
inside2_T
100
AcDbVertex
100
AcDb2dVertex
 10
-378.7946192494089
 20
1.010514904294624
 30
0.0
  0
VERTEX
  5
11C
330
CA
100
AcDbEntity
  8
inside2_T
100
AcDbVertex
100
AcDb2dVertex
 10
-379.2404503138999
 20
1.019809405382574
 30
0.0
  0
VERTEX
  5
11D
330
CA
100
AcDbEntity
  8
inside2_T
100
AcDbVertex
100
AcDb2dVertex
 10
-379.6768484223554
 20
1.029004277998624
 30
0.0
  0
VERTEX
  5
11E
330
CA
100
AcDbEntity
  8
inside2_T
100
AcDbVertex
100
AcDb2dVertex
 10
-380.1026371712289
 20
1.03790124254536
 30
0.0
  0
VERTEX
  5
11F
330
CA
100
AcDbEntity
  8
inside2_T
100
AcDbVertex
100
AcDb2dVertex
 10
-380.5164978665499
 20
1.046593552370069
 30
0.0
  0
VERTEX
  5
120
330
CA
100
AcDbEntity
  8
inside2_T
100
AcDbVertex
100
AcDb2dVertex
 10
-380.9196159260644
 20
1.055086829184745
 30
0.0
  0
VERTEX
  5
121
330
CA
100
AcDbEntity
  8
inside2_T
100
AcDbVertex
100
AcDb2dVertex
 10
-381.3143470413192
 20
1.06338187019756
 30
0.0
  0
VERTEX
  5
122
330
CA
100
AcDbEntity
  8
inside2_T
100
AcDbVertex
100
AcDb2dVertex
 10
-381.7031745586274
 20
1.071577744336906
 30
0.0
  0
VERTEX
  5
123
330
CA
100
AcDbEntity
  8
inside2_T
100
AcDbVertex
100
AcDb2dVertex
 10
-382.0885476509158
 20
1.079675611848003
 30
0.0
  0
VERTEX
  5
124
330
CA
100
AcDbEntity
  8
inside2_T
100
AcDbVertex
100
AcDb2dVertex
 10
-382.4730395644445
 20
1.087865051700646
 30
0.0
  0
VERTEX
  5
125
330
CA
100
AcDbEntity
  8
inside2_T
100
AcDbVertex
100
AcDb2dVertex
 10
-382.8587684044856
 20
1.096060855768911
 30
0.0
  0
VERTEX
  5
126
330
CA
100
AcDbEntity
  8
inside2_T
100
AcDbVertex
100
AcDb2dVertex
 10
-383.2484861572806
 20
1.104355642477543
 30
0.0
  0
VERTEX
  5
127
330
CA
100
AcDbEntity
  8
inside2_T
100
AcDbVertex
100
AcDb2dVertex
 10
-383.6443226583536
 20
1.112749956350996
 30
0.0
  0
VERTEX
  5
128
330
CA
100
AcDbEntity
  8
inside2_T
100
AcDbVertex
100
AcDb2dVertex
 10
-384.0472943882847
 20
1.121343453543545
 30
0.0
  0
VERTEX
  5
129
330
CA
100
AcDbEntity
  8
inside2_T
100
AcDbVertex
100
AcDb2dVertex
 10
-384.4577510086247
 20
1.130142438159993
 30
0.0
  0
VERTEX
  5
12A
330
CA
100
AcDbEntity
  8
inside2_T
100
AcDbVertex
100
AcDb2dVertex
 10
-384.8761854439128
 20
1.139131763947248
 30
0.0
  0
VERTEX
  5
12B
330
CA
100
AcDbEntity
  8
inside2_T
100
AcDbVertex
100
AcDb2dVertex
 10
-385.3030516879253
 20
1.148327917757172
 30
0.0
  0
VERTEX
  5
12C
330
CA
100
AcDbEntity
  8
inside2_T
100
AcDbVertex
100
AcDb2dVertex
 10
-385.738847860516
 20
1.157819979249041
 30
0.0
  0
VERTEX
  5
12D
330
CA
100
AcDbEntity
  8
inside2_T
100
AcDbVertex
100
AcDb2dVertex
 10
-386.1840357865045
 20
1.167418424274544
 30
0.0
  0
VERTEX
  5
12E
330
CA
100
AcDbEntity
  8
inside2_T
100
AcDbVertex
100
AcDb2dVertex
 10
-386.6391522357433
 20
1.177307619068031
 30
0.0
  0
VERTEX
  5
12F
330
CA
100
AcDbEntity
  8
inside2_T
100
AcDbVertex
100
AcDb2dVertex
 10
-387.1041592263705
 20
1.187402874585274
 30
0.0
  0
VERTEX
  5
130
330
CA
100
AcDbEntity
  8
inside2_T
100
AcDbVertex
100
AcDb2dVertex
 10
-387.5782556776701
 20
1.197794844337309
 30
0.0
  0
VERTEX
  5
131
330
CA
100
AcDbEntity
  8
inside2_T
100
AcDbVertex
100
AcDb2dVertex
 10
-388.060297691272
 20
1.208292912483216
 30
0.0
  0
VERTEX
  5
132
330
CA
100
AcDbEntity
  8
inside2_T
100
AcDbVertex
100
AcDb2dVertex
 10
-388.5491807909573
 20
1.218982131706497
 30
0.0
  0
VERTEX
  5
133
330
CA
100
AcDbEntity
  8
inside2_T
100
AcDbVertex
100
AcDb2dVertex
 10
-389.0437594716612
 20
1.229778595223479
 30
0.0
  0
VERTEX
  5
134
330
CA
100
AcDbEntity
  8
inside2_T
100
AcDbVertex
100
AcDb2dVertex
 10
-389.542829294827
 20
1.240765176163649
 30
0.0
  0
VERTEX
  5
135
330
CA
100
AcDbEntity
  8
inside2_T
100
AcDbVertex
100
AcDb2dVertex
 10
-390.0451709457803
 20
1.251758902991327
 30
0.0
  0
VERTEX
  5
136
330
CA
100
AcDbEntity
  8
inside2_T
100
AcDbVertex
100
AcDb2dVertex
 10
-390.5499720931348
 20
1.262853182330943
 30
0.0
  0
VERTEX
  5
137
330
CA
100
AcDbEntity
  8
inside2_T
100
AcDbVertex
100
AcDb2dVertex
 10
-391.0558604876902
 20
1.274046010746758
 30
0.0
  0
VERTEX
  5
138
330
CA
100
AcDbEntity
  8
inside2_T
100
AcDbVertex
100
AcDb2dVertex
 10
-391.5620548739474
 20
1.285237175759448
 30
0.0
  0
VERTEX
  5
139
330
CA
100
AcDbEntity
  8
inside2_T
100
AcDbVertex
100
AcDb2dVertex
 10
-392.0677193740309
 20
1.296330656770607
 30
0.0
  0
VERTEX
  5
13A
330
CA
100
AcDbEntity
  8
inside2_T
100
AcDbVertex
100
AcDb2dVertex
 10
-392.5720140637027
 20
1.307523650487539
 30
0.0
  0
VERTEX
  5
13B
330
CA
100
AcDbEntity
  8
inside2_T
100
AcDbVertex
100
AcDb2dVertex
 10
-393.0739143360993
 20
1.31861583252072
 30
0.0
  0
VERTEX
  5
13C
330
CA
100
AcDbEntity
  8
inside2_T
100
AcDbVertex
100
AcDb2dVertex
 10
-393.5729071239141
 20
1.329610356250654
 30
0.0
  0
VERTEX
  5
13D
330
CA
100
AcDbEntity
  8
inside2_T
100
AcDbVertex
100
AcDb2dVertex
 10
-394.0677506902938
 20
1.340604169191224
 30
0.0
  0
VERTEX
  5
13E
330
CA
100
AcDbEntity
  8
inside2_T
100
AcDbVertex
100
AcDb2dVertex
 10
-394.5578247134839
 20
1.351392537572522
 30
0.0
  0
VERTEX
  5
13F
330
CA
100
AcDbEntity
  8
inside2_T
100
AcDbVertex
100
AcDb2dVertex
 10
-395.0425088241953
 20
1.362188710307578
 30
0.0
  0
VERTEX
  5
140
330
CA
100
AcDbEntity
  8
inside2_T
100
AcDbVertex
100
AcDb2dVertex
 10
-395.5215517713958
 20
1.37277803256967
 30
0.0
  0
VERTEX
  5
141
330
CA
100
AcDbEntity
  8
inside2_T
100
AcDbVertex
100
AcDb2dVertex
 10
-395.9946618706423
 20
1.383269563537667
 30
0.0
  0
VERTEX
  5
142
330
CA
100
AcDbEntity
  8
inside2_T
100
AcDbVertex
100
AcDb2dVertex
 10
-396.46157143897
 20
1.39366210618627
 30
0.0
  0
VERTEX
  5
143
330
CA
100
AcDbEntity
  8
inside2_T
100
AcDbVertex
100
AcDb2dVertex
 10
-396.9206215921526
 20
1.403922672873861
 30
0.0
  0
VERTEX
  5
144
330
CA
100
AcDbEntity
  8
inside2_T
100
AcDbVertex
100
AcDb2dVertex
 10
-396.9333225829378
 20
1.404128758661841
 30
0.0
  0
VERTEX
  5
145
330
CA
100
AcDbEntity
  8
inside2_T
100
AcDbVertex
100
AcDb2dVertex
 10
-397.3759143055251
 20
1.414048601479905
 30
0.0
  0
VERTEX
  5
146
330
CA
100
AcDbEntity
  8
inside2_T
100
AcDbVertex
100
AcDb2dVertex
 10
-397.8227693795474
 20
1.423943815859616
 30
0.0
  0
VERTEX
  5
147
330
CA
100
AcDbEntity
  8
inside2_T
100
AcDbVertex
100
AcDb2dVertex
 10
-398.2627279565898
 20
1.433734567929392
 30
0.0
  0
VERTEX
  5
148
330
CA
100
AcDbEntity
  8
inside2_T
100
AcDbVertex
100
AcDb2dVertex
 10
-398.6953448923292
 20
1.443432652985621
 30
0.0
  0
VERTEX
  5
149
330
CA
100
AcDbEntity
  8
inside2_T
100
AcDbVertex
100
AcDb2dVertex
 10
-399.1208849427774
 20
1.452923487473967
 30
0.0
  0
VERTEX
  5
14A
330
CA
100
AcDbEntity
  8
inside2_T
100
AcDbVertex
100
AcDb2dVertex
 10
-399.5395005726064
 20
1.462217416238801
 30
0.0
  0
VERTEX
  5
14B
330
CA
100
AcDbEntity
  8
inside2_T
100
AcDbVertex
100
AcDb2dVertex
 10
-399.9511282919042
 20
1.471412138029365
 30
0.0
  0
VERTEX
  5
14C
330
CA
100
AcDbEntity
  8
inside2_T
100
AcDbVertex
100
AcDb2dVertex
 10
-400.356041031741
 20
1.480408504683624
 30
0.0
  0
VERTEX
  5
14D
330
CA
100
AcDbEntity
  8
inside2_T
100
AcDbVertex
100
AcDb2dVertex
 10
-400.754208950547
 20
1.489299381265027
 30
0.0
  0
VERTEX
  5
14E
330
CA
100
AcDbEntity
  8
inside2_T
100
AcDbVertex
100
AcDb2dVertex
 10
-401.1458424694316
 20
1.498089940509573
 30
0.0
  0
VERTEX
  5
14F
330
CA
100
AcDbEntity
  8
inside2_T
100
AcDbVertex
100
AcDb2dVertex
 10
-401.5309527061561
 20
1.506689282243386
 30
0.0
  0
SEQEND
  5
150
330
CA
100
AcDbEntity
  8
inside2_T
  0
POLYLINE
  5
151
330
1F
100
AcDbEntity
  8
inside2_T
100
AcDb2dPolyline
 66
     1
 10
0.0
 20
0.0
 30
0.0
  0
VERTEX
  5
152
330
151
100
AcDbEntity
  8
inside2_T
100
AcDbVertex
100
AcDb2dVertex
 10
-74.71155364687257
 20
1.182158737511415
 30
0.0
  0
VERTEX
  5
153
330
151
100
AcDbEntity
  8
inside2_T
100
AcDbVertex
100
AcDb2dVertex
 10
-75.88952056990894
 20
1.181960565163678
 30
0.0
  0
VERTEX
  5
154
330
151
100
AcDbEntity
  8
inside2_T
100
AcDbVertex
100
AcDb2dVertex
 10
-78.09270228684323
 20
1.18455218495248
 30
0.0
  0
VERTEX
  5
155
330
151
100
AcDbEntity
  8
inside2_T
100
AcDbVertex
100
AcDb2dVertex
 10
-80.2961227904014
 20
1.18865331634376
 30
0.0
  0
VERTEX
  5
156
330
151
100
AcDbEntity
  8
inside2_T
100
AcDbVertex
100
AcDb2dVertex
 10
-82.49955934773044
 20
1.194347640270536
 30
0.0
  0
VERTEX
  5
157
330
151
100
AcDbEntity
  8
inside2_T
100
AcDbVertex
100
AcDb2dVertex
 10
-84.7029913199379
 20
1.201543714962156
 30
0.0
  0
VERTEX
  5
158
330
151
100
AcDbEntity
  8
inside2_T
100
AcDbVertex
100
AcDb2dVertex
 10
-86.90642788182214
 20
1.210233847880389
 30
0.0
  0
VERTEX
  5
159
330
151
100
AcDbEntity
  8
inside2_T
100
AcDbVertex
100
AcDb2dVertex
 10
-89.10985985932831
 20
1.220524844550994
 30
0.0
  0
VERTEX
  5
15A
330
151
100
AcDbEntity
  8
inside2_T
100
AcDbVertex
100
AcDb2dVertex
 10
-91.3133168657294
 20
1.232210894876602
 30
0.0
  0
VERTEX
  5
15B
330
151
100
AcDbEntity
  8
inside2_T
100
AcDbVertex
100
AcDb2dVertex
 10
-93.51667872352704
 20
1.245406367391979
 30
0.0
  0
VERTEX
  5
15C
330
151
100
AcDbEntity
  8
inside2_T
100
AcDbVertex
100
AcDb2dVertex
 10
-95.27948656363452
 20
1.25699325568155
 30
0.0
  0
VERTEX
  5
15D
330
151
100
AcDbEntity
  8
inside2_T
100
AcDbVertex
100
AcDb2dVertex
 10
-97.04209944420899
 20
1.269479675336868
 30
0.0
  0
VERTEX
  5
15E
330
151
100
AcDbEntity
  8
inside2_T
100
AcDbVertex
100
AcDb2dVertex
 10
-98.80483347851379
 20
1.282972437083288
 30
0.0
  0
VERTEX
  5
15F
330
151
100
AcDbEntity
  8
inside2_T
100
AcDbVertex
100
AcDb2dVertex
 10
-100.5674739923109
 20
1.297258100867566
 30
0.0
  0
VERTEX
  5
160
330
151
100
AcDbEntity
  8
inside2_T
100
AcDbVertex
100
AcDb2dVertex
 10
-102.330101295419
 20
1.312450798057711
 30
0.0
  0
VERTEX
  5
161
330
151
100
AcDbEntity
  8
inside2_T
100
AcDbVertex
100
AcDb2dVertex
 10
-104.0927296267399
 20
1.328535399046757
 30
0.0
  0
VERTEX
  5
162
330
151
100
AcDbEntity
  8
inside2_T
100
AcDbVertex
100
AcDb2dVertex
 10
-105.8553701249978
 20
1.345519635242454
 30
0.0
  0
VERTEX
  5
163
330
151
100
AcDbEntity
  8
inside2_T
100
AcDbVertex
100
AcDb2dVertex
 10
-107.6179113654954
 20
1.36330429390523
 30
0.0
  0
VERTEX
  5
164
330
151
100
AcDbEntity
  8
inside2_T
100
AcDbVertex
100
AcDb2dVertex
 10
-109.3803537660359
 20
1.381988479424692
 30
0.0
  0
VERTEX
  5
165
330
151
100
AcDbEntity
  8
inside2_T
100
AcDbVertex
100
AcDb2dVertex
 10
-111.1428952703841
 20
1.40147308908908
 30
0.0
  0
VERTEX
  5
166
330
151
100
AcDbEntity
  8
inside2_T
100
AcDbVertex
100
AcDb2dVertex
 10
-112.905350682073
 20
1.421857373429162
 30
0.0
  0
VERTEX
  5
167
330
151
100
AcDbEntity
  8
inside2_T
100
AcDbVertex
100
AcDb2dVertex
 10
-114.6677081371013
 20
1.442943000613468
 30
0.0
  0
VERTEX
  5
168
330
151
100
AcDbEntity
  8
inside2_T
100
AcDbVertex
100
AcDb2dVertex
 10
-116.430043617423
 20
1.464920357133678
 30
0.0
  0
VERTEX
  5
169
330
151
100
AcDbEntity
  8
inside2_T
100
AcDbVertex
100
AcDb2dVertex
 10
-118.1923009433056
 20
1.487705933012535
 30
0.0
  0
VERTEX
  5
16A
330
151
100
AcDbEntity
  8
inside2_T
100
AcDbVertex
100
AcDb2dVertex
 10
-119.9545592529412
 20
1.511284328976146
 30
0.0
  0
VERTEX
  5
16B
330
151
100
AcDbEntity
  8
inside2_T
100
AcDbVertex
100
AcDb2dVertex
 10
-121.7167231371671
 20
1.53566332560078
 30
0.0
  0
VERTEX
  5
16C
330
151
100
AcDbEntity
  8
inside2_T
100
AcDbVertex
100
AcDb2dVertex
 10
-123.4788813058075
 20
1.560743466866427
 30
0.0
  0
VERTEX
  5
16D
330
151
100
AcDbEntity
  8
inside2_T
100
AcDbVertex
100
AcDb2dVertex
 10
-125.2409335603888
 20
1.586723150976454
 30
0.0
  0
VERTEX
  5
16E
330
151
100
AcDbEntity
  8
inside2_T
100
AcDbVertex
100
AcDb2dVertex
 10
-127.0029199309193
 20
1.613396928889983
 30
0.0
  0
VERTEX
  5
16F
330
151
100
AcDbEntity
  8
inside2_T
100
AcDbVertex
100
AcDb2dVertex
 10
-128.7648132810295
 20
1.640779882751829
 30
0.0
  0
VERTEX
  5
170
330
151
100
AcDbEntity
  8
inside2_T
100
AcDbVertex
100
AcDb2dVertex
 10
-129.6457636868415
 20
1.654767941477274
 30
0.0
  0
VERTEX
  5
171
330
151
100
AcDbEntity
  8
inside2_T
100
AcDbVertex
100
AcDb2dVertex
 10
-130.526668070737
 20
1.668955050928602
 30
0.0
  0
VERTEX
  5
172
330
151
100
AcDbEntity
  8
inside2_T
100
AcDbVertex
100
AcDb2dVertex
 10
-131.4075708282551
 20
1.683241237938802
 30
0.0
  0
VERTEX
  5
173
330
151
100
AcDbEntity
  8
inside2_T
100
AcDbVertex
100
AcDb2dVertex
 10
-132.288446968466
 20
1.697732817928411
 30
0.0
  0
VERTEX
  5
174
330
151
100
AcDbEntity
  8
inside2_T
100
AcDbVertex
100
AcDb2dVertex
 10
-133.1693322995439
 20
1.712422625576679
 30
0.0
  0
VERTEX
  5
175
330
151
100
AcDbEntity
  8
inside2_T
100
AcDbVertex
100
AcDb2dVertex
 10
-134.0501113109793
 20
1.727310641928881
 30
0.0
  0
VERTEX
  5
176
330
151
100
AcDbEntity
  8
inside2_T
100
AcDbVertex
100
AcDb2dVertex
 10
-134.9310161129889
 20
1.742397317334763
 30
0.0
  0
VERTEX
  5
177
330
151
100
AcDbEntity
  8
inside2_T
100
AcDbVertex
100
AcDb2dVertex
 10
-135.8118480005887
 20
1.757583548251333
 30
0.0
  0
VERTEX
  5
178
330
151
100
AcDbEntity
  8
inside2_T
100
AcDbVertex
100
AcDb2dVertex
 10
-136.6926516044954
 20
1.772868395281222
 30
0.0
  0
VERTEX
  5
179
330
151
100
AcDbEntity
  8
inside2_T
100
AcDbVertex
100
AcDb2dVertex
 10
-137.5734209675397
 20
1.788358605043328
 30
0.0
  0
VERTEX
  5
17A
330
151
100
AcDbEntity
  8
inside2_T
100
AcDbVertex
100
AcDb2dVertex
 10
-138.4541995615204
 20
1.8040470449465
 30
0.0
  0
VERTEX
  5
17B
330
151
100
AcDbEntity
  8
inside2_T
100
AcDbVertex
100
AcDb2dVertex
 10
-139.3349323137293
 20
1.819934647460229
 30
0.0
  0
VERTEX
  5
17C
330
151
100
AcDbEntity
  8
inside2_T
100
AcDbVertex
100
AcDb2dVertex
 10
-140.2157364663607
 20
1.835821750231531
 30
0.0
  0
VERTEX
  5
17D
330
151
100
AcDbEntity
  8
inside2_T
100
AcDbVertex
100
AcDb2dVertex
 10
-140.6560510873209
 20
1.843917002074534
 30
0.0
  0
VERTEX
  5
17E
330
151
100
AcDbEntity
  8
inside2_T
100
AcDbVertex
100
AcDb2dVertex
 10
-141.0964485959433
 20
1.852006293846074
 30
0.0
  0
VERTEX
  5
17F
330
151
100
AcDbEntity
  8
inside2_T
100
AcDbVertex
100
AcDb2dVertex
 10
-141.5368376266617
 20
1.860102913792332
 30
0.0
  0
VERTEX
  5
180
330
151
100
AcDbEntity
  8
inside2_T
100
AcDbVertex
100
AcDb2dVertex
 10
-141.9771736221523
 20
1.868198698762157
 30
0.0
  0
VERTEX
  5
181
330
151
100
AcDbEntity
  8
inside2_T
100
AcDbVertex
100
AcDb2dVertex
 10
-142.4174606358299
 20
1.876392673100455
 30
0.0
  0
VERTEX
  5
182
330
151
100
AcDbEntity
  8
inside2_T
100
AcDbVertex
100
AcDb2dVertex
 10
-142.8578577175454
 20
1.884680042877918
 30
0.0
  0
VERTEX
  5
183
330
151
100
AcDbEntity
  8
inside2_T
100
AcDbVertex
100
AcDb2dVertex
 10
-143.2982430745178
 20
1.892875847436969
 30
0.0
  0
VERTEX
  5
184
330
151
100
AcDbEntity
  8
inside2_T
100
AcDbVertex
100
AcDb2dVertex
 10
-143.7385869229598
 20
1.901169838627069
 30
0.0
  0
VERTEX
  5
185
330
151
100
AcDbEntity
  8
inside2_T
100
AcDbVertex
100
AcDb2dVertex
 10
-144.1789229942419
 20
1.909463826916408
 30
0.0
  0
VERTEX
  5
186
330
151
100
AcDbEntity
  8
inside2_T
100
AcDbVertex
100
AcDb2dVertex
 10
-144.6192668443035
 20
1.917856919135048
 30
0.0
  0
VERTEX
  5
187
330
151
100
AcDbEntity
  8
inside2_T
100
AcDbVertex
100
AcDb2dVertex
 10
-145.0596561456228
 20
1.926251022986193
 30
0.0
  0
VERTEX
  5
188
330
151
100
AcDbEntity
  8
inside2_T
100
AcDbVertex
100
AcDb2dVertex
 10
-145.4999923729239
 20
1.934644115212336
 30
0.0
  0
VERTEX
  5
189
330
151
100
AcDbEntity
  8
inside2_T
100
AcDbVertex
100
AcDb2dVertex
 10
-145.9403884383411
 20
1.943137315421382
 30
0.0
  0
VERTEX
  5
18A
330
151
100
AcDbEntity
  8
inside2_T
100
AcDbVertex
100
AcDb2dVertex
 10
-146.3806254750648
 20
1.951530405939693
 30
0.0
  0
VERTEX
  5
18B
330
151
100
AcDbEntity
  8
inside2_T
100
AcDbVertex
100
AcDb2dVertex
 10
-146.8209702642477
 20
1.960121718477069
 30
0.0
  0
VERTEX
  5
18C
330
151
100
AcDbEntity
  8
inside2_T
100
AcDbVertex
100
AcDb2dVertex
 10
-147.2613545000025
 20
1.968614837578059
 30
0.0
  0
VERTEX
  5
18D
330
151
100
AcDbEntity
  8
inside2_T
100
AcDbVertex
100
AcDb2dVertex
 10
-147.7015863943453
 20
1.977213652761066
 30
0.0
  0
VERTEX
  5
18E
330
151
100
AcDbEntity
  8
inside2_T
100
AcDbVertex
100
AcDb2dVertex
 10
-148.141993919778
 20
1.985806189424267
 30
0.0
  0
VERTEX
  5
18F
330
151
100
AcDbEntity
  8
inside2_T
100
AcDbVertex
100
AcDb2dVertex
 10
-148.5823289380911
 20
1.994397460058423
 30
0.0
  0
VERTEX
  5
190
330
151
100
AcDbEntity
  8
inside2_T
100
AcDbVertex
100
AcDb2dVertex
 10
-149.0225726278034
 20
2.003087834359675
 30
0.0
  0
VERTEX
  5
191
330
151
100
AcDbEntity
  8
inside2_T
100
AcDbVertex
100
AcDb2dVertex
 10
-149.4629558269663
 20
2.01178678061649
 30
0.0
  0
VERTEX
  5
192
330
151
100
AcDbEntity
  8
inside2_T
100
AcDbVertex
100
AcDb2dVertex
 10
-149.9031959946154
 20
2.020477235913205
 30
0.0
  0
VERTEX
  5
193
330
151
100
AcDbEntity
  8
inside2_T
100
AcDbVertex
100
AcDb2dVertex
 10
-150.3435368030317
 20
2.029274294512206
 30
0.0
  0
VERTEX
  5
194
330
151
100
AcDbEntity
  8
inside2_T
100
AcDbVertex
100
AcDb2dVertex
 10
-150.7838330563069
 20
2.038064971259473
 30
0.0
  0
VERTEX
  5
195
330
151
100
AcDbEntity
  8
inside2_T
100
AcDbVertex
100
AcDb2dVertex
 10
-151.2242324303084
 20
2.046855575763033
 30
0.0
  0
VERTEX
  5
196
330
151
100
AcDbEntity
  8
inside2_T
100
AcDbVertex
100
AcDb2dVertex
 10
-151.6644641390544
 20
2.055652586994327
 30
0.0
  0
VERTEX
  5
197
330
151
100
AcDbEntity
  8
inside2_T
100
AcDbVertex
100
AcDb2dVertex
 10
-152.1048054560792
 20
2.064541286951922
 30
0.0
  0
VERTEX
  5
198
330
151
100
AcDbEntity
  8
inside2_T
100
AcDbVertex
100
AcDb2dVertex
 10
-152.5450932352252
 20
2.07343837695197
 30
0.0
  0
VERTEX
  5
199
330
151
100
AcDbEntity
  8
inside2_T
100
AcDbVertex
100
AcDb2dVertex
 10
-152.9853352869847
 20
2.08232707368424
 30
0.0
  0
VERTEX
  5
19A
330
151
100
AcDbEntity
  8
inside2_T
100
AcDbVertex
100
AcDb2dVertex
 10
-153.4257207261481
 20
2.091323400367642
 30
0.0
  0
VERTEX
  5
19B
330
151
100
AcDbEntity
  8
inside2_T
100
AcDbVertex
100
AcDb2dVertex
 10
-153.8660217070536
 20
2.100220757031877
 30
0.0
  0
VERTEX
  5
19C
330
151
100
AcDbEntity
  8
inside2_T
100
AcDbVertex
100
AcDb2dVertex
 10
-154.3062053342733
 20
2.109207363031743
 30
0.0
  0
VERTEX
  5
19D
330
151
100
AcDbEntity
  8
inside2_T
100
AcDbVertex
100
AcDb2dVertex
 10
-154.7464927505836
 20
2.118302824289898
 30
0.0
  0
VERTEX
  5
19E
330
151
100
AcDbEntity
  8
inside2_T
100
AcDbVertex
100
AcDb2dVertex
 10
-155.1868939335677
 20
2.127299316844457
 30
0.0
  0
VERTEX
  5
19F
330
151
100
AcDbEntity
  8
inside2_T
100
AcDbVertex
100
AcDb2dVertex
 10
-155.6271338897801
 20
2.136386174468782
 30
0.0
  0
VERTEX
  5
1A0
330
151
100
AcDbEntity
  8
inside2_T
100
AcDbVertex
100
AcDb2dVertex
 10
-156.0674160318795
 20
2.145481526843255
 30
0.0
  0
VERTEX
  5
1A1
330
151
100
AcDbEntity
  8
inside2_T
100
AcDbVertex
100
AcDb2dVertex
 10
-156.507714170083
 20
2.154577052096116
 30
0.0
  0
VERTEX
  5
1A2
330
151
100
AcDbEntity
  8
inside2_T
100
AcDbVertex
100
AcDb2dVertex
 10
-156.9479521421612
 20
2.163671491934934
 30
0.0
  0
VERTEX
  5
1A3
330
151
100
AcDbEntity
  8
inside2_T
100
AcDbVertex
100
AcDb2dVertex
 10
-157.3882893969556
 20
2.172865036752228
 30
0.0
  0
VERTEX
  5
1A4
330
151
100
AcDbEntity
  8
inside2_T
100
AcDbVertex
100
AcDb2dVertex
 10
-157.8285935129638
 20
2.182052175712485
 30
0.0
  0
VERTEX
  5
1A5
330
151
100
AcDbEntity
  8
inside2_T
100
AcDbVertex
100
AcDb2dVertex
 10
-158.2688754840407
 20
2.191246635650018
 30
0.0
  0
VERTEX
  5
1A6
330
151
100
AcDbEntity
  8
inside2_T
100
AcDbVertex
100
AcDb2dVertex
 10
-158.7091125997528
 20
2.200440158793725
 30
0.0
  0
VERTEX
  5
1A7
330
151
100
AcDbEntity
  8
inside2_T
100
AcDbVertex
100
AcDb2dVertex
 10
-159.149410568492
 20
2.209733906501867
 30
0.0
  0
VERTEX
  5
1A8
330
151
100
AcDbEntity
  8
inside2_T
100
AcDbVertex
100
AcDb2dVertex
 10
-159.5897008265707
 20
2.218928539423814
 30
0.0
  0
VERTEX
  5
1A9
330
151
100
AcDbEntity
  8
inside2_T
100
AcDbVertex
100
AcDb2dVertex
 10
-160.0299378560086
 20
2.228221161742169
 30
0.0
  0
VERTEX
  5
1AA
330
151
100
AcDbEntity
  8
inside2_T
100
AcDbVertex
100
AcDb2dVertex
 10
-160.4701825965772
 20
2.237513785917585
 30
0.0
  0
VERTEX
  5
1AB
330
151
100
AcDbEntity
  8
inside2_T
100
AcDbVertex
100
AcDb2dVertex
 10
-160.9104728546924
 20
2.246906644757388
 30
0.0
  0
VERTEX
  5
1AC
330
151
100
AcDbEntity
  8
inside2_T
100
AcDbVertex
100
AcDb2dVertex
 10
-161.3507632868169
 20
2.256200394311662
 30
0.0
  0
VERTEX
  5
1AD
330
151
100
AcDbEntity
  8
inside2_T
100
AcDbVertex
100
AcDb2dVertex
 10
-161.7910080285283
 20
2.265592119507559
 30
0.0
  0
VERTEX
  5
1AE
330
151
100
AcDbEntity
  8
inside2_T
100
AcDbVertex
100
AcDb2dVertex
 10
-162.2312981982151
 20
2.274984976460914
 30
0.0
  0
VERTEX
  5
1AF
330
151
100
AcDbEntity
  8
inside2_T
100
AcDbVertex
100
AcDb2dVertex
 10
-162.6715885428791
 20
2.284377837147076
 30
0.0
  0
VERTEX
  5
1B0
330
151
100
AcDbEntity
  8
inside2_T
100
AcDbVertex
100
AcDb2dVertex
 10
-163.1118866865954
 20
2.293770701566061
 30
0.0
  0
VERTEX
  5
1B1
330
151
100
AcDbEntity
  8
inside2_T
100
AcDbVertex
100
AcDb2dVertex
 10
-163.5521182906854
 20
2.303162309120012
 30
0.0
  0
VERTEX
  5
1B2
330
151
100
AcDbEntity
  8
inside2_T
100
AcDbVertex
100
AcDb2dVertex
 10
-163.9922509570986
 20
2.312660642984781
 30
0.0
  0
VERTEX
  5
1B3
330
151
100
AcDbEntity
  8
inside2_T
100
AcDbVertex
100
AcDb2dVertex
 10
-164.4325596057676
 20
2.322152847008027
 30
0.0
  0
VERTEX
  5
1B4
330
151
100
AcDbEntity
  8
inside2_T
100
AcDbVertex
100
AcDb2dVertex
 10
-164.8728497736431
 20
2.331644816860958
 30
0.0
  0
VERTEX
  5
1B5
330
151
100
AcDbEntity
  8
inside2_T
100
AcDbVertex
100
AcDb2dVertex
 10
-165.313140118307
 20
2.341136790525155
 30
0.0
  0
VERTEX
  5
1B6
330
151
100
AcDbEntity
  8
inside2_T
100
AcDbVertex
100
AcDb2dVertex
 10
-165.7534343634198
 20
2.350628766095326
 30
0.0
  0
VERTEX
  5
1B7
330
151
100
AcDbEntity
  8
inside2_T
100
AcDbVertex
100
AcDb2dVertex
 10
-166.1936710616954
 20
2.360127124207423
 30
0.0
  0
VERTEX
  5
1B8
330
151
100
AcDbEntity
  8
inside2_T
100
AcDbVertex
100
AcDb2dVertex
 10
-166.6339121501975
 20
2.369717137875568
 30
0.0
  0
VERTEX
  5
1B9
330
151
100
AcDbEntity
  8
inside2_T
100
AcDbVertex
100
AcDb2dVertex
 10
-167.0741593899745
 20
2.379309361784536
 30
0.0
  0
VERTEX
  5
1BA
330
151
100
AcDbEntity
  8
inside2_T
100
AcDbVertex
100
AcDb2dVertex
 10
-167.514446795268
 20
2.388801272080471
 30
0.0
  0
VERTEX
  5
1BB
330
151
100
AcDbEntity
  8
inside2_T
100
AcDbVertex
100
AcDb2dVertex
 10
-167.9546835827417
 20
2.398398732109897
 30
0.0
  0
VERTEX
  5
1BC
330
151
100
AcDbEntity
  8
inside2_T
100
AcDbVertex
100
AcDb2dVertex
 10
-168.3949314106051
 20
2.407988809625294
 30
0.0
  0
VERTEX
  5
1BD
330
151
100
AcDbEntity
  8
inside2_T
100
AcDbVertex
100
AcDb2dVertex
 10
-168.835118541391
 20
2.417678918969884
 30
0.0
  0
VERTEX
  5
1BE
330
151
100
AcDbEntity
  8
inside2_T
100
AcDbVertex
100
AcDb2dVertex
 10
-169.2754631278308
 20
2.42727872908975
 30
0.0
  0
VERTEX
  5
1BF
330
151
100
AcDbEntity
  8
inside2_T
100
AcDbVertex
100
AcDb2dVertex
 10
-169.7157083177472
 20
2.436868832170731
 30
0.0
  0
VERTEX
  5
1C0
330
151
100
AcDbEntity
  8
inside2_T
100
AcDbVertex
100
AcDb2dVertex
 10
-170.1559492073873
 20
2.446557859464576
 30
0.0
  0
VERTEX
  5
1C1
330
151
100
AcDbEntity
  8
inside2_T
100
AcDbVertex
100
AcDb2dVertex
 10
-170.5961884302064
 20
2.456256740569017
 30
0.0
  0
VERTEX
  5
1C2
330
151
100
AcDbEntity
  8
inside2_T
100
AcDbVertex
100
AcDb2dVertex
 10
-171.0364879075119
 20
2.465847943111854
 30
0.0
  0
VERTEX
  5
1C3
330
151
100
AcDbEntity
  8
inside2_T
100
AcDbVertex
100
AcDb2dVertex
 10
-171.4767287524764
 20
2.47553696942245
 30
0.0
  0
VERTEX
  5
1C4
330
151
100
AcDbEntity
  8
inside2_T
100
AcDbVertex
100
AcDb2dVertex
 10
-171.9170108050384
 20
2.485234610548872
 30
0.0
  0
VERTEX
  5
1C5
330
151
100
AcDbEntity
  8
inside2_T
100
AcDbVertex
100
AcDb2dVertex
 10
-172.3571555096876
 20
2.494923702071091
 30
0.0
  0
VERTEX
  5
1C6
330
151
100
AcDbEntity
  8
inside2_T
100
AcDbVertex
100
AcDb2dVertex
 10
-172.7974470278754
 20
2.504720664856734
 30
0.0
  0
VERTEX
  5
1C7
330
151
100
AcDbEntity
  8
inside2_T
100
AcDbVertex
100
AcDb2dVertex
 10
-173.2377986422294
 20
2.51441212903184
 30
0.0
  0
VERTEX
  5
1C8
330
151
100
AcDbEntity
  8
inside2_T
100
AcDbVertex
100
AcDb2dVertex
 10
-173.6780341547424
 20
2.524101037983343
 30
0.0
  0
VERTEX
  5
1C9
330
151
100
AcDbEntity
  8
inside2_T
100
AcDbVertex
100
AcDb2dVertex
 10
-174.1182253864284
 20
2.533897974656824
 30
0.0
  0
VERTEX
  5
1CA
330
151
100
AcDbEntity
  8
inside2_T
100
AcDbVertex
100
AcDb2dVertex
 10
-174.5585207752484
 20
2.543588201394073
 30
0.0
  0
VERTEX
  5
1CB
330
151
100
AcDbEntity
  8
inside2_T
100
AcDbVertex
100
AcDb2dVertex
 10
-174.9987575202829
 20
2.553383860606885
 30
0.0
  0
VERTEX
  5
1CC
330
151
100
AcDbEntity
  8
inside2_T
100
AcDbVertex
100
AcDb2dVertex
 10
-175.4390049324559
 20
2.563174422624954
 30
0.0
  0
VERTEX
  5
1CD
330
151
100
AcDbEntity
  8
inside2_T
100
AcDbVertex
100
AcDb2dVertex
 10
-175.8793002747373
 20
2.572872272433742
 30
0.0
  0
VERTEX
  5
1CE
330
151
100
AcDbEntity
  8
inside2_T
100
AcDbVertex
100
AcDb2dVertex
 10
-176.3195413637919
 20
2.582660489894266
 30
0.0
  0
VERTEX
  5
1CF
330
151
100
AcDbEntity
  8
inside2_T
100
AcDbVertex
100
AcDb2dVertex
 10
-176.7597259240768
 20
2.592457193365405
 30
0.0
  0
VERTEX
  5
1D0
330
151
100
AcDbEntity
  8
inside2_T
100
AcDbVertex
100
AcDb2dVertex
 10
-177.2000267521482
 20
2.602246739165309
 30
0.0
  0
VERTEX
  5
1D1
330
151
100
AcDbEntity
  8
inside2_T
100
AcDbVertex
100
AcDb2dVertex
 10
-177.6403127984048
 20
2.612043495443601
 30
0.0
  0
VERTEX
  5
1D2
330
151
100
AcDbEntity
  8
inside2_T
100
AcDbVertex
100
AcDb2dVertex
 10
-178.0805097694104
 20
2.621832935712035
 30
0.0
  0
VERTEX
  5
1D3
330
151
100
AcDbEntity
  8
inside2_T
100
AcDbVertex
100
AcDb2dVertex
 10
-178.5207981868015
 20
2.631629744715525
 30
0.0
  0
VERTEX
  5
1D4
330
151
100
AcDbEntity
  8
inside2_T
100
AcDbVertex
100
AcDb2dVertex
 10
-178.961041889422
 20
2.641417935610235
 30
0.0
  0
VERTEX
  5
1D5
330
151
100
AcDbEntity
  8
inside2_T
100
AcDbVertex
100
AcDb2dVertex
 10
-179.4012331211246
 20
2.651313985262107
 30
0.0
  0
VERTEX
  5
1D6
330
151
100
AcDbEntity
  8
inside2_T
100
AcDbVertex
100
AcDb2dVertex
 10
-179.8415859335342
 20
2.661104601986352
 30
0.0
  0
VERTEX
  5
1D7
330
151
100
AcDbEntity
  8
inside2_T
100
AcDbVertex
100
AcDb2dVertex
 10
-180.2818679852969
 20
2.670901354206393
 30
0.0
  0
VERTEX
  5
1D8
330
151
100
AcDbEntity
  8
inside2_T
100
AcDbVertex
100
AcDb2dVertex
 10
-180.722111779178
 20
2.680689547131763
 30
0.0
  0
VERTEX
  5
1D9
330
151
100
AcDbEntity
  8
inside2_T
100
AcDbVertex
100
AcDb2dVertex
 10
-181.1622989100896
 20
2.690585504592718
 30
0.0
  0
VERTEX
  5
1DA
330
151
100
AcDbEntity
  8
inside2_T
100
AcDbVertex
100
AcDb2dVertex
 10
-181.602647621653
 20
2.700383655160408
 30
0.0
  0
VERTEX
  5
1DB
330
151
100
AcDbEntity
  8
inside2_T
100
AcDbVertex
100
AcDb2dVertex
 10
-182.0428913242641
 20
2.710171846054905
 30
0.0
  0
VERTEX
  5
1DC
330
151
100
AcDbEntity
  8
inside2_T
100
AcDbVertex
100
AcDb2dVertex
 10
-182.4830825559666
 20
2.720067895706777
 30
0.0
  0
VERTEX
  5
1DD
330
151
100
AcDbEntity
  8
inside2_T
100
AcDbVertex
100
AcDb2dVertex
 10
-182.9233779572447
 20
2.729857235976397
 30
0.0
  0
VERTEX
  5
1DE
330
151
100
AcDbEntity
  8
inside2_T
100
AcDbVertex
100
AcDb2dVertex
 10
-183.3636708827561
 20
2.73975325795567
 30
0.0
  0
VERTEX
  5
1DF
330
151
100
AcDbEntity
  8
inside2_T
100
AcDbVertex
100
AcDb2dVertex
 10
-183.8039182944401
 20
2.749543819928107
 30
0.0
  0
VERTEX
  5
1E0
330
151
100
AcDbEntity
  8
inside2_T
100
AcDbVertex
100
AcDb2dVertex
 10
-184.2441574562485
 20
2.75933953295106
 30
0.0
  0
VERTEX
  5
1E1
330
151
100
AcDbEntity
  8
inside2_T
100
AcDbVertex
100
AcDb2dVertex
 10
-184.6844478009415
 20
2.769227958527964
 30
0.0
  0
VERTEX
  5
1E2
330
151
100
AcDbEntity
  8
inside2_T
100
AcDbVertex
100
AcDb2dVertex
 10
-185.124740760106
 20
2.779024868555183
 30
0.0
  0
VERTEX
  5
1E3
330
151
100
AcDbEntity
  8
inside2_T
100
AcDbVertex
100
AcDb2dVertex
 10
-185.564931991792
 20
2.788913294131447
 30
0.0
  0
VERTEX
  5
1E4
330
151
100
AcDbEntity
  8
inside2_T
100
AcDbVertex
100
AcDb2dVertex
 10
-186.0052766015843
 20
2.798711353431074
 30
0.0
  0
VERTEX
  5
1E5
330
151
100
AcDbEntity
  8
inside2_T
100
AcDbVertex
100
AcDb2dVertex
 10
-186.4455215027322
 20
2.808507194124658
 30
0.0
  0
VERTEX
  5
1E6
330
151
100
AcDbEntity
  8
inside2_T
100
AcDbVertex
100
AcDb2dVertex
 10
-186.8858118473962
 20
2.818395619700908
 30
0.0
  0
VERTEX
  5
1E7
330
151
100
AcDbEntity
  8
inside2_T
100
AcDbVertex
100
AcDb2dVertex
 10
-187.3261552596513
 20
2.828193652354287
 30
0.0
  0
VERTEX
  5
1E8
330
151
100
AcDbEntity
  8
inside2_T
100
AcDbVertex
100
AcDb2dVertex
 10
-187.766457617968
 20
2.837983147374743
 30
0.0
  0
VERTEX
  5
1E9
330
151
100
AcDbEntity
  8
inside2_T
100
AcDbVertex
100
AcDb2dVertex
 10
-188.2065902063582
 20
2.847778778997707
 30
0.0
  0
VERTEX
  5
1EA
330
151
100
AcDbEntity
  8
inside2_T
100
AcDbVertex
100
AcDb2dVertex
 10
-188.6468855495265
 20
2.857667231220447
 30
0.0
  0
VERTEX
  5
1EB
330
151
100
AcDbEntity
  8
inside2_T
100
AcDbVertex
100
AcDb2dVertex
 10
-189.0872250581568
 20
2.867465261845382
 30
0.0
  0
VERTEX
  5
1EC
330
151
100
AcDbEntity
  8
inside2_T
100
AcDbVertex
100
AcDb2dVertex
 10
-189.5275275077205
 20
2.877254758896186
 30
0.0
  0
VERTEX
  5
1ED
330
151
100
AcDbEntity
  8
inside2_T
100
AcDbVertex
100
AcDb2dVertex
 10
-189.9678134627885
 20
2.887051513147028
 30
0.0
  0
VERTEX
  5
1EE
330
151
100
AcDbEntity
  8
inside2_T
100
AcDbVertex
100
AcDb2dVertex
 10
-190.4080104337946
 20
2.896840953415477
 30
0.0
  0
VERTEX
  5
1EF
330
151
100
AcDbEntity
  8
inside2_T
100
AcDbVertex
100
AcDb2dVertex
 10
-190.8482988511857
 20
2.906637762418953
 30
0.0
  0
VERTEX
  5
1F0
330
151
100
AcDbEntity
  8
inside2_T
100
AcDbVertex
100
AcDb2dVertex
 10
-191.2885973062978
 20
2.916427255412444
 30
0.0
  0
VERTEX
  5
1F1
330
151
100
AcDbEntity
  8
inside2_T
100
AcDbVertex
100
AcDb2dVertex
 10
-191.7289407642253
 20
2.926225289151517
 30
0.0
  0
VERTEX
  5
1F2
330
151
100
AcDbEntity
  8
inside2_T
100
AcDbVertex
100
AcDb2dVertex
 10
-192.1692348753448
 20
2.935915487768526
 30
0.0
  0
VERTEX
  5
1F3
330
151
100
AcDbEntity
  8
inside2_T
100
AcDbVertex
100
AcDb2dVertex
 10
-192.6094677626785
 20
2.945711145954235
 30
0.0
  0
VERTEX
  5
1F4
330
151
100
AcDbEntity
  8
inside2_T
100
AcDbVertex
100
AcDb2dVertex
 10
-193.0498194222574
 20
2.955501737119548
 30
0.0
  0
VERTEX
  5
1F5
330
151
100
AcDbEntity
  8
inside2_T
100
AcDbVertex
100
AcDb2dVertex
 10
-193.4901135333967
 20
2.965199559811452
 30
0.0
  0
VERTEX
  5
1F6
330
151
100
AcDbEntity
  8
inside2_T
100
AcDbVertex
100
AcDb2dVertex
 10
-193.9304038780602
 20
2.974988872409682
 30
0.0
  0
VERTEX
  5
1F7
330
151
100
AcDbEntity
  8
inside2_T
100
AcDbVertex
100
AcDb2dVertex
 10
-194.3706980347608
 20
2.984686696105115
 30
0.0
  0
VERTEX
  5
1F8
330
151
100
AcDbEntity
  8
inside2_T
100
AcDbVertex
100
AcDb2dVertex
 10
-194.8109924802963
 20
2.994476099881183
 30
0.0
  0
VERTEX
  5
1F9
330
151
100
AcDbEntity
  8
inside2_T
100
AcDbVertex
100
AcDb2dVertex
 10
-195.2513399937974
 20
3.004167473802795
 30
0.0
  0
VERTEX
  5
1FA
330
151
100
AcDbEntity
  8
inside2_T
100
AcDbVertex
100
AcDb2dVertex
 10
-195.6916259487232
 20
3.013865116918723
 30
0.0
  0
VERTEX
  5
1FB
330
151
100
AcDbEntity
  8
inside2_T
100
AcDbVertex
100
AcDb2dVertex
 10
-196.1319244048894
 20
3.023555495131689
 30
0.0
  0
VERTEX
  5
1FC
330
151
100
AcDbEntity
  8
inside2_T
100
AcDbVertex
100
AcDb2dVertex
 10
-196.5722104500892
 20
3.033253140234422
 30
0.0
  0
VERTEX
  5
1FD
330
151
100
AcDbEntity
  8
inside2_T
100
AcDbVertex
100
AcDb2dVertex
 10
-197.0125641916983
 20
3.042944693251783
 30
0.0
  0
VERTEX
  5
1FE
330
151
100
AcDbEntity
  8
inside2_T
100
AcDbVertex
100
AcDb2dVertex
 10
-197.4528542474965
 20
3.052535690562536
 30
0.0
  0
VERTEX
  5
1FF
330
151
100
AcDbEntity
  8
inside2_T
100
AcDbVertex
100
AcDb2dVertex
 10
-197.8931464758602
 20
3.062233513766373
 30
0.0
  0
VERTEX
  5
200
330
151
100
AcDbEntity
  8
inside2_T
100
AcDbVertex
100
AcDb2dVertex
 10
-198.3334440230946
 20
3.071824715785795
 30
0.0
  0
VERTEX
  5
201
330
151
100
AcDbEntity
  8
inside2_T
100
AcDbVertex
100
AcDb2dVertex
 10
-198.7738331918511
 20
3.081514825171283
 30
0.0
  0
VERTEX
  5
202
330
151
100
AcDbEntity
  8
inside2_T
100
AcDbVertex
100
AcDb2dVertex
 10
-199.214173458084
 20
3.091114582664758
 30
0.0
  0
VERTEX
  5
203
330
151
100
AcDbEntity
  8
inside2_T
100
AcDbVertex
100
AcDb2dVertex
 10
-199.654475861346
 20
3.100705849016549
 30
0.0
  0
VERTEX
  5
204
330
151
100
AcDbEntity
  8
inside2_T
100
AcDbVertex
100
AcDb2dVertex
 10
-200.0947680673817
 20
3.11029693468619
 30
0.0
  0
VERTEX
  5
205
330
151
100
AcDbEntity
  8
inside2_T
100
AcDbVertex
100
AcDb2dVertex
 10
-200.5352117331423
 20
3.119896743860949
 30
0.0
  0
VERTEX
  5
206
330
151
100
AcDbEntity
  8
inside2_T
100
AcDbVertex
100
AcDb2dVertex
 10
-200.9755069004441
 20
3.129388780402635
 30
0.0
  0
VERTEX
  5
207
330
151
100
AcDbEntity
  8
inside2_T
100
AcDbVertex
100
AcDb2dVertex
 10
-201.4158003222918
 20
3.138979892556861
 30
0.0
  0
VERTEX
  5
208
330
151
100
AcDbEntity
  8
inside2_T
100
AcDbVertex
100
AcDb2dVertex
 10
-201.8561935919722
 20
3.148471866221058
 30
0.0
  0
VERTEX
  5
209
330
151
100
AcDbEntity
  8
inside2_T
100
AcDbVertex
100
AcDb2dVertex
 10
-202.2964805704754
 20
3.158062838016974
 30
0.0
  0
VERTEX
  5
20A
330
151
100
AcDbEntity
  8
inside2_T
100
AcDbVertex
100
AcDb2dVertex
 10
-202.736879469564
 20
3.167564736766579
 30
0.0
  0
VERTEX
  5
20B
330
151
100
AcDbEntity
  8
inside2_T
100
AcDbVertex
100
AcDb2dVertex
 10
-203.1771788763495
 20
3.176957709453561
 30
0.0
  0
VERTEX
  5
20C
330
151
100
AcDbEntity
  8
inside2_T
100
AcDbVertex
100
AcDb2dVertex
 10
-203.6175180537242
 20
3.186448558320819
 30
0.0
  0
VERTEX
  5
20D
330
151
100
AcDbEntity
  8
inside2_T
100
AcDbVertex
100
AcDb2dVertex
 10
-204.0578643849923
 20
3.195941656782963
 30
0.0
  0
VERTEX
  5
20E
330
151
100
AcDbEntity
  8
inside2_T
100
AcDbVertex
100
AcDb2dVertex
 10
-204.4982557486351
 20
3.205334517468742
 30
0.0
  0
VERTEX
  5
20F
330
151
100
AcDbEntity
  8
inside2_T
100
AcDbVertex
100
AcDb2dVertex
 10
-204.9385499271562
 20
3.214826491603318
 30
0.0
  0
VERTEX
  5
210
330
151
100
AcDbEntity
  8
inside2_T
100
AcDbVertex
100
AcDb2dVertex
 10
-205.3790498028131
 20
3.224221626018817
 30
0.0
  0
VERTEX
  5
211
330
151
100
AcDbEntity
  8
inside2_T
100
AcDbVertex
100
AcDb2dVertex
 10
-205.8193379533608
 20
3.233515287180751
 30
0.0
  0
VERTEX
  5
212
330
151
100
AcDbEntity
  8
inside2_T
100
AcDbVertex
100
AcDb2dVertex
 10
-206.2596749675847
 20
3.24291457113236
 30
0.0
  0
VERTEX
  5
213
330
151
100
AcDbEntity
  8
inside2_T
100
AcDbVertex
100
AcDb2dVertex
 10
-206.7001266865967
 20
3.252308719174223
 30
0.0
  0
VERTEX
  5
214
330
151
100
AcDbEntity
  8
inside2_T
100
AcDbVertex
100
AcDb2dVertex
 10
-207.1404730423718
 20
3.26160356870264
 30
0.0
  0
VERTEX
  5
215
330
151
100
AcDbEntity
  8
inside2_T
100
AcDbVertex
100
AcDb2dVertex
 10
-207.5808666129926
 20
3.27089736299024
 30
0.0
  0
VERTEX
  5
216
330
151
100
AcDbEntity
  8
inside2_T
100
AcDbVertex
100
AcDb2dVertex
 10
-208.0211667649672
 20
3.280183613105748
 30
0.0
  0
VERTEX
  5
217
330
151
100
AcDbEntity
  8
inside2_T
100
AcDbVertex
100
AcDb2dVertex
 10
-208.4616054577932
 20
3.289478359657338
 30
0.0
  0
VERTEX
  5
218
330
151
100
AcDbEntity
  8
inside2_T
100
AcDbVertex
100
AcDb2dVertex
 10
-208.9019987490555
 20
3.298672994838086
 30
0.0
  0
VERTEX
  5
219
330
151
100
AcDbEntity
  8
inside2_T
100
AcDbVertex
100
AcDb2dVertex
 10
-209.3423908842195
 20
3.30796671860422
 30
0.0
  0
VERTEX
  5
21A
330
151
100
AcDbEntity
  8
inside2_T
100
AcDbVertex
100
AcDb2dVertex
 10
-209.7827353034755
 20
3.31716244277203
 30
0.0
  0
VERTEX
  5
21B
330
151
100
AcDbEntity
  8
inside2_T
100
AcDbVertex
100
AcDb2dVertex
 10
-210.2231841246605
 20
3.326358237325053
 30
0.0
  0
VERTEX
  5
21C
330
151
100
AcDbEntity
  8
inside2_T
100
AcDbVertex
100
AcDb2dVertex
 10
-210.6635754883389
 20
3.335453759077524
 30
0.0
  0
VERTEX
  5
21D
330
151
100
AcDbEntity
  8
inside2_T
100
AcDbVertex
100
AcDb2dVertex
 10
-211.1039728794435
 20
3.344648479855735
 30
0.0
  0
VERTEX
  5
21E
330
151
100
AcDbEntity
  8
inside2_T
100
AcDbVertex
100
AcDb2dVertex
 10
-211.5444235532851
 20
3.353737562117345
 30
0.0
  0
VERTEX
  5
21F
330
151
100
AcDbEntity
  8
inside2_T
100
AcDbVertex
100
AcDb2dVertex
 10
-211.9848619057447
 20
3.362834015043248
 30
0.0
  0
VERTEX
  5
220
330
151
100
AcDbEntity
  8
inside2_T
100
AcDbVertex
100
AcDb2dVertex
 10
-212.4252532694304
 20
3.37183042381784
 30
0.0
  0
VERTEX
  5
221
330
151
100
AcDbEntity
  8
inside2_T
100
AcDbVertex
100
AcDb2dVertex
 10
-212.8656506603394
 20
3.380926030686453
 30
0.0
  0
VERTEX
  5
222
330
151
100
AcDbEntity
  8
inside2_T
100
AcDbVertex
100
AcDb2dVertex
 10
-213.3061013349814
 20
3.389915987067255
 30
0.0
  0
VERTEX
  5
223
330
151
100
AcDbEntity
  8
inside2_T
100
AcDbVertex
100
AcDb2dVertex
 10
-213.7464854299473
 20
3.398912227958334
 30
0.0
  0
VERTEX
  5
224
330
151
100
AcDbEntity
  8
inside2_T
100
AcDbVertex
100
AcDb2dVertex
 10
-214.1869351625707
 20
3.407902184636995
 30
0.0
  0
VERTEX
  5
225
330
151
100
AcDbEntity
  8
inside2_T
100
AcDbVertex
100
AcDb2dVertex
 10
-214.6273243318084
 20
3.416799397591546
 30
0.0
  0
VERTEX
  5
226
330
151
100
AcDbEntity
  8
inside2_T
100
AcDbVertex
100
AcDb2dVertex
 10
-215.067720748875
 20
3.425795890129223
 30
0.0
  0
VERTEX
  5
227
330
151
100
AcDbEntity
  8
inside2_T
100
AcDbVertex
100
AcDb2dVertex
 10
-215.5082217049601
 20
3.434687735581718
 30
0.0
  0
VERTEX
  5
228
330
151
100
AcDbEntity
  8
inside2_T
100
AcDbVertex
100
AcDb2dVertex
 10
-215.9487140876174
 20
3.443485918399745
 30
0.0
  0
VERTEX
  5
229
330
151
100
AcDbEntity
  8
inside2_T
100
AcDbVertex
100
AcDb2dVertex
 10
-216.389106282289
 20
3.452375568420749
 30
0.0
  0
VERTEX
  5
22A
330
151
100
AcDbEntity
  8
inside2_T
100
AcDbVertex
100
AcDb2dVertex
 10
-216.8295477942939
 20
3.461174734065992
 30
0.0
  0
VERTEX
  5
22B
330
151
100
AcDbEntity
  8
inside2_T
100
AcDbVertex
100
AcDb2dVertex
 10
-217.2701027687695
 20
3.46996654201736
 30
0.0
  0
VERTEX
  5
22C
330
151
100
AcDbEntity
  8
inside2_T
100
AcDbVertex
100
AcDb2dVertex
 10
-217.7104908639457
 20
3.478657885659999
 30
0.0
  0
VERTEX
  5
22D
330
151
100
AcDbEntity
  8
inside2_T
100
AcDbVertex
100
AcDb2dVertex
 10
-218.1508842323635
 20
3.48745608948991
 30
0.0
  0
VERTEX
  5
22E
330
151
100
AcDbEntity
  8
inside2_T
100
AcDbVertex
100
AcDb2dVertex
 10
-218.5914873398916
 20
3.496149719989887
 30
0.0
  0
VERTEX
  5
22F
330
151
100
AcDbEntity
  8
inside2_T
100
AcDbVertex
100
AcDb2dVertex
 10
-219.0318765099253
 20
3.504741972790157
 30
0.0
  0
VERTEX
  5
230
330
151
100
AcDbEntity
  8
inside2_T
100
AcDbVertex
100
AcDb2dVertex
 10
-219.4723688925827
 20
3.513441042630163
 30
0.0
  0
VERTEX
  5
231
330
151
100
AcDbEntity
  8
inside2_T
100
AcDbVertex
100
AcDb2dVertex
 10
-219.9128185175516
 20
3.522034474941918
 30
0.0
  0
VERTEX
  5
232
330
151
100
AcDbEntity
  8
inside2_T
100
AcDbVertex
100
AcDb2dVertex
 10
-220.3533662758436
 20
3.530627887901503
 30
0.0
  0
VERTEX
  5
233
330
151
100
AcDbEntity
  8
inside2_T
100
AcDbVertex
100
AcDb2dVertex
 10
-220.7938576136257
 20
3.5391210875638
 30
0.0
  0
VERTEX
  5
234
330
151
100
AcDbEntity
  8
inside2_T
100
AcDbVertex
100
AcDb2dVertex
 10
-221.2343037081802
 20
3.547714460293093
 30
0.0
  0
VERTEX
  5
235
330
151
100
AcDbEntity
  8
inside2_T
100
AcDbVertex
100
AcDb2dVertex
 10
-221.6748468138493
 20
3.556109524629804
 30
0.0
  0
VERTEX
  5
236
330
151
100
AcDbEntity
  8
inside2_T
100
AcDbVertex
100
AcDb2dVertex
 10
-222.1153396681574
 20
3.564610368420119
 30
0.0
  0
VERTEX
  5
237
330
151
100
AcDbEntity
  8
inside2_T
100
AcDbVertex
100
AcDb2dVertex
 10
-222.5558894425056
 20
3.57300556891785
 30
0.0
  0
VERTEX
  5
238
330
151
100
AcDbEntity
  8
inside2_T
100
AcDbVertex
100
AcDb2dVertex
 10
-222.9963823114337
 20
3.581399675934676
 30
0.0
  0
VERTEX
  5
239
330
151
100
AcDbEntity
  8
inside2_T
100
AcDbVertex
100
AcDb2dVertex
 10
-223.4368314713089
 20
3.589794857147339
 30
0.0
  0
VERTEX
  5
23A
330
151
100
AcDbEntity
  8
inside2_T
100
AcDbVertex
100
AcDb2dVertex
 10
-223.8773822721434
 20
3.598083325997266
 30
0.0
  0
VERTEX
  5
23B
330
151
100
AcDbEntity
  8
inside2_T
100
AcDbVertex
100
AcDb2dVertex
 10
-224.3178669412676
 20
3.606378165692803
 30
0.0
  0
VERTEX
  5
23C
330
151
100
AcDbEntity
  8
inside2_T
100
AcDbVertex
100
AcDb2dVertex
 10
-224.7584128554052
 20
3.614674163119645
 30
0.0
  0
VERTEX
  5
23D
330
151
100
AcDbEntity
  8
inside2_T
100
AcDbVertex
100
AcDb2dVertex
 10
-225.1989587745514
 20
3.622871035670414
 30
0.0
  0
VERTEX
  5
23E
330
151
100
AcDbEntity
  8
inside2_T
100
AcDbVertex
100
AcDb2dVertex
 10
-225.6395056830892
 20
3.631067926629967
 30
0.0
  0
VERTEX
  5
23F
330
151
100
AcDbEntity
  8
inside2_T
100
AcDbVertex
100
AcDb2dVertex
 10
-226.0801024698229
 20
3.639164769869296
 30
0.0
  0
VERTEX
  5
240
330
151
100
AcDbEntity
  8
inside2_T
100
AcDbVertex
100
AcDb2dVertex
 10
-226.5206474021512
 20
3.647353999078533
 30
0.0
  0
VERTEX
  5
241
330
151
100
AcDbEntity
  8
inside2_T
100
AcDbVertex
100
AcDb2dVertex
 10
-226.9611893414331
 20
3.655352547266375
 30
0.0
  0
VERTEX
  5
242
330
151
100
AcDbEntity
  8
inside2_T
100
AcDbVertex
100
AcDb2dVertex
 10
-227.4016870364377
 20
3.663449408430836
 30
0.0
  0
VERTEX
  5
243
330
151
100
AcDbEntity
  8
inside2_T
100
AcDbVertex
100
AcDb2dVertex
 10
-227.8423616637983
 20
3.671440926323058
 30
0.0
  0
VERTEX
  5
244
330
151
100
AcDbEntity
  8
inside2_T
100
AcDbVertex
100
AcDb2dVertex
 10
-228.7233982369625
 20
3.687330423189579
 30
0.0
  0
VERTEX
  5
245
330
151
100
AcDbEntity
  8
inside2_T
100
AcDbVertex
100
AcDb2dVertex
 10
-229.604663884221
 20
3.703121324105339
 30
0.0
  0
VERTEX
  5
246
330
151
100
AcDbEntity
  8
inside2_T
100
AcDbVertex
100
AcDb2dVertex
 10
-230.485857231994
 20
3.718714471883445
 30
0.0
  0
VERTEX
  5
247
330
151
100
AcDbEntity
  8
inside2_T
100
AcDbVertex
100
AcDb2dVertex
 10
-231.3670230688147
 20
3.734101259807758
 30
0.0
  0
VERTEX
  5
248
330
151
100
AcDbEntity
  8
inside2_T
100
AcDbVertex
100
AcDb2dVertex
 10
-232.2482881468276
 20
3.749396542209368
 30
0.0
  0
VERTEX
  5
249
330
151
100
AcDbEntity
  8
inside2_T
100
AcDbVertex
100
AcDb2dVertex
 10
-233.1294552027668
 20
3.764485991060909
 30
0.0
  0
VERTEX
  5
24A
330
151
100
AcDbEntity
  8
inside2_T
100
AcDbVertex
100
AcDb2dVertex
 10
-234.010720974939
 20
3.779476290541112
 30
0.0
  0
VERTEX
  5
24B
330
151
100
AcDbEntity
  8
inside2_T
100
AcDbVertex
100
AcDb2dVertex
 10
-234.8920133750897
 20
3.794268792930268
 30
0.0
  0
VERTEX
  5
24C
330
151
100
AcDbEntity
  8
inside2_T
100
AcDbVertex
100
AcDb2dVertex
 10
-235.7733807661827
 20
3.80886263777991
 30
0.0
  0
VERTEX
  5
24D
330
151
100
AcDbEntity
  8
inside2_T
100
AcDbVertex
100
AcDb2dVertex
 10
-236.654773921114
 20
3.823350159075062
 30
0.0
  0
VERTEX
  5
24E
330
151
100
AcDbEntity
  8
inside2_T
100
AcDbVertex
100
AcDb2dVertex
 10
-237.5360658691938
 20
3.837540279087889
 30
0.0
  0
VERTEX
  5
24F
330
151
100
AcDbEntity
  8
inside2_T
100
AcDbVertex
100
AcDb2dVertex
 10
-238.417431618912
 20
3.851630861667232
 30
0.0
  0
VERTEX
  5
250
330
151
100
AcDbEntity
  8
inside2_T
100
AcDbVertex
100
AcDb2dVertex
 10
-239.2989367548477
 20
3.86552381968113
 30
0.0
  0
VERTEX
  5
251
330
151
100
AcDbEntity
  8
inside2_T
100
AcDbVertex
100
AcDb2dVertex
 10
-241.0617819663319
 20
3.892813097369782
 30
0.0
  0
VERTEX
  5
252
330
151
100
AcDbEntity
  8
inside2_T
100
AcDbVertex
100
AcDb2dVertex
 10
-242.824767614063
 20
3.919294748997814
 30
0.0
  0
VERTEX
  5
253
330
151
100
AcDbEntity
  8
inside2_T
100
AcDbVertex
100
AcDb2dVertex
 10
-244.587839798974
 20
3.94498320253166
 30
0.0
  0
VERTEX
  5
254
330
151
100
AcDbEntity
  8
inside2_T
100
AcDbVertex
100
AcDb2dVertex
 10
-246.3509131040012
 20
3.969962538164793
 30
0.0
  0
VERTEX
  5
255
330
151
100
AcDbEntity
  8
inside2_T
100
AcDbVertex
100
AcDb2dVertex
 10
-248.1141969209518
 20
3.994149047227438
 30
0.0
  0
VERTEX
  5
256
330
151
100
AcDbEntity
  8
inside2_T
100
AcDbVertex
100
AcDb2dVertex
 10
-249.8774803677767
 20
4.017534926081254
 30
0.0
  0
VERTEX
  5
257
330
151
100
AcDbEntity
  8
inside2_T
100
AcDbVertex
100
AcDb2dVertex
 10
-251.6407670779049
 20
4.040127822192218
 30
0.0
  0
VERTEX
  5
258
330
151
100
AcDbEntity
  8
inside2_T
100
AcDbVertex
100
AcDb2dVertex
 10
-253.4042520023602
 20
4.061912467104989
 30
0.0
  0
VERTEX
  5
259
330
151
100
AcDbEntity
  8
inside2_T
100
AcDbVertex
100
AcDb2dVertex
 10
-255.167750062657
 20
4.082904267655394
 30
0.0
  0
VERTEX
  5
25A
330
151
100
AcDbEntity
  8
inside2_T
100
AcDbVertex
100
AcDb2dVertex
 10
-256.9313491368779
 20
4.102988685410608
 30
0.0
  0
VERTEX
  5
25B
330
151
100
AcDbEntity
  8
inside2_T
100
AcDbVertex
100
AcDb2dVertex
 10
-258.6949318068543
 20
4.122279937953607
 30
0.0
  0
VERTEX
  5
25C
330
151
100
AcDbEntity
  8
inside2_T
100
AcDbVertex
100
AcDb2dVertex
 10
-260.4585318868688
 20
4.140770727943362
 30
0.0
  0
VERTEX
  5
25D
330
151
100
AcDbEntity
  8
inside2_T
100
AcDbVertex
100
AcDb2dVertex
 10
-262.2222282756488
 20
4.158354125755864
 30
0.0
  0
VERTEX
  5
25E
330
151
100
AcDbEntity
  8
inside2_T
100
AcDbVertex
100
AcDb2dVertex
 10
-263.9860253998403
 20
4.175144495931164
 30
0.0
  0
VERTEX
  5
25F
330
151
100
AcDbEntity
  8
inside2_T
100
AcDbVertex
100
AcDb2dVertex
 10
-265.7498377558894
 20
4.191042872015672
 30
0.0
  0
VERTEX
  5
260
330
151
100
AcDbEntity
  8
inside2_T
100
AcDbVertex
100
AcDb2dVertex
 10
-267.5136512460193
 20
4.206033868408454
 30
0.0
  0
VERTEX
  5
261
330
151
100
AcDbEntity
  8
inside2_T
100
AcDbVertex
100
AcDb2dVertex
 10
-269.2775627175573
 20
4.220125090863945
 30
0.0
  0
VERTEX
  5
262
330
151
100
AcDbEntity
  8
inside2_T
100
AcDbVertex
100
AcDb2dVertex
 10
-271.0413713499659
 20
4.233316549862849
 30
0.0
  0
VERTEX
  5
263
330
151
100
AcDbEntity
  8
inside2_T
100
AcDbVertex
100
AcDb2dVertex
 10
-272.8053953514795
 20
4.245608337305001
 30
0.0
  0
VERTEX
  5
264
330
151
100
AcDbEntity
  8
inside2_T
100
AcDbVertex
100
AcDb2dVertex
 10
-274.5693068107976
 20
4.256901140504127
 30
0.0
  0
VERTEX
  5
265
330
151
100
AcDbEntity
  8
inside2_T
100
AcDbVertex
100
AcDb2dVertex
 10
-276.3333394859504
 20
4.26739341477716
 30
0.0
  0
VERTEX
  5
266
330
151
100
AcDbEntity
  8
inside2_T
100
AcDbVertex
100
AcDb2dVertex
 10
-278.5383041435429
 20
4.279090354597358
 30
0.0
  0
VERTEX
  5
267
330
151
100
AcDbEntity
  8
inside2_T
100
AcDbVertex
100
AcDb2dVertex
 10
-280.743288550293
 20
4.289384363848328
 30
0.0
  0
VERTEX
  5
268
330
151
100
AcDbEntity
  8
inside2_T
100
AcDbVertex
100
AcDb2dVertex
 10
-282.9483712112042
 20
4.298077079328593
 30
0.0
  0
VERTEX
  5
269
330
151
100
AcDbEntity
  8
inside2_T
100
AcDbVertex
100
AcDb2dVertex
 10
-285.1533653740487
 20
4.305374420396134
 30
0.0
  0
VERTEX
  5
26A
330
151
100
AcDbEntity
  8
inside2_T
100
AcDbVertex
100
AcDb2dVertex
 10
-287.3583596019517
 20
4.310971336280787
 30
0.0
  0
VERTEX
  5
26B
330
151
100
AcDbEntity
  8
inside2_T
100
AcDbVertex
100
AcDb2dVertex
 10
-289.5634575549968
 20
4.315172837302185
 30
0.0
  0
VERTEX
  5
26C
330
151
100
AcDbEntity
  8
inside2_T
100
AcDbVertex
100
AcDb2dVertex
 10
-291.7684632173661
 20
4.317666299134785
 30
0.0
  0
VERTEX
  5
26D
330
151
100
AcDbEntity
  8
inside2_T
100
AcDbVertex
100
AcDb2dVertex
 10
-293.9732815025288
 20
4.318665125762536
 30
0.0
  0
SEQEND
  5
26E
330
151
100
AcDbEntity
  8
inside2_T
  0
POLYLINE
  5
26F
330
1F
100
AcDbEntity
  8
inside2_T
100
AcDb2dPolyline
 66
     1
 10
0.0
 20
0.0
 30
0.0
  0
VERTEX
  5
270
330
26F
100
AcDbEntity
  8
inside2_T
100
AcDbVertex
100
AcDb2dVertex
 10
-183.3996079701012
 20
-0.0041773986876592
 30
0.0
  0
VERTEX
  5
271
330
26F
100
AcDbEntity
  8
inside2_T
100
AcDbVertex
100
AcDb2dVertex
 10
-187.3580826966057
 20
-0.0019815351976433
 30
0.0
  0
VERTEX
  5
272
330
26F
100
AcDbEntity
  8
inside2_T
100
AcDbVertex
100
AcDb2dVertex
 10
-189.5633477131041
 20
0.0014194274588135
 30
0.0
  0
VERTEX
  5
273
330
26F
100
AcDbEntity
  8
inside2_T
100
AcDbVertex
100
AcDb2dVertex
 10
-191.7684448158214
 20
0.0064139503405158
 30
0.0
  0
VERTEX
  5
274
330
26F
100
AcDbEntity
  8
inside2_T
100
AcDbVertex
100
AcDb2dVertex
 10
-193.9736380530607
 20
0.0129106451130241
 30
0.0
  0
VERTEX
  5
275
330
26F
100
AcDbEntity
  8
inside2_T
100
AcDbVertex
100
AcDb2dVertex
 10
-196.1787074363457
 20
0.0210085470890959
 30
0.0
  0
VERTEX
  5
276
330
26F
100
AcDbEntity
  8
inside2_T
100
AcDbVertex
100
AcDb2dVertex
 10
-197.9427623509993
 20
0.0285042206251802
 30
0.0
  0
VERTEX
  5
277
330
26F
100
AcDbEntity
  8
inside2_T
100
AcDbVertex
100
AcDb2dVertex
 10
-199.7068005141718
 20
0.037097865574637
 30
0.0
  0
VERTEX
  5
278
330
26F
100
AcDbEntity
  8
inside2_T
100
AcDbVertex
100
AcDb2dVertex
 10
-201.4709121854033
 20
0.0465987657805158
 30
0.0
  0
VERTEX
  5
279
330
26F
100
AcDbEntity
  8
inside2_T
100
AcDbVertex
100
AcDb2dVertex
 10
-203.2348360960191
 20
0.0569918781450127
 30
0.0
  0
VERTEX
  5
27A
330
26F
100
AcDbEntity
  8
inside2_T
100
AcDbVertex
100
AcDb2dVertex
 10
-204.9987608837308
 20
0.0683838939875585
 30
0.0
  0
VERTEX
  5
27B
330
26F
100
AcDbEntity
  8
inside2_T
100
AcDbVertex
100
AcDb2dVertex
 10
-206.7626723510086
 20
0.0806755880045387
 30
0.0
  0
VERTEX
  5
27C
330
26F
100
AcDbEntity
  8
inside2_T
100
AcDbVertex
100
AcDb2dVertex
 10
-208.5265838156076
 20
0.0938670462037123
 30
0.0
  0
VERTEX
  5
27D
330
26F
100
AcDbEntity
  8
inside2_T
100
AcDbVertex
100
AcDb2dVertex
 10
-210.2904953927743
 20
0.1079582695030155
 30
0.0
  0
VERTEX
  5
27E
330
26F
100
AcDbEntity
  8
inside2_T
100
AcDbVertex
100
AcDb2dVertex
 10
-212.0543060747404
 20
0.1229492582305198
 30
0.0
  0
VERTEX
  5
27F
330
26F
100
AcDbEntity
  8
inside2_T
100
AcDbVertex
100
AcDb2dVertex
 10
-213.8180175388379
 20
0.1388400104640368
 30
0.0
  0
VERTEX
  5
280
330
26F
100
AcDbEntity
  8
inside2_T
100
AcDbVertex
100
AcDb2dVertex
 10
-215.5817288863654
 20
0.155630525869725
 30
0.0
  0
VERTEX
  5
281
330
26F
100
AcDbEntity
  8
inside2_T
100
AcDbVertex
100
AcDb2dVertex
 10
-217.3454270531599
 20
0.1733206732932473
 30
0.0
  0
VERTEX
  5
282
330
26F
100
AcDbEntity
  8
inside2_T
100
AcDbVertex
100
AcDb2dVertex
 10
-219.1090119844029
 20
0.1918113144461415
 30
0.0
  0
VERTEX
  5
283
330
26F
100
AcDbEntity
  8
inside2_T
100
AcDbVertex
100
AcDb2dVertex
 10
-220.872510991395
 20
0.2111027257060982
 30
0.0
  0
VERTEX
  5
284
330
26F
100
AcDbEntity
  8
inside2_T
100
AcDbVertex
100
AcDb2dVertex
 10
-222.636021195812
 20
0.2312940336050673
 30
0.0
  0
VERTEX
  5
285
330
26F
100
AcDbEntity
  8
inside2_T
100
AcDbVertex
100
AcDb2dVertex
 10
-224.3995064241905
 20
0.2523771758126543
 30
0.0
  0
VERTEX
  5
286
330
26F
100
AcDbEntity
  8
inside2_T
100
AcDbVertex
100
AcDb2dVertex
 10
-226.1628917632211
 20
0.2741694459329409
 30
0.0
  0
VERTEX
  5
287
330
26F
100
AcDbEntity
  8
inside2_T
100
AcDbVertex
100
AcDb2dVertex
 10
-227.9261762095715
 20
0.2968538290998879
 30
0.0
  0
VERTEX
  5
288
330
26F
100
AcDbEntity
  8
inside2_T
100
AcDbVertex
100
AcDb2dVertex
 10
-229.6893615110753
 20
0.3202397241082622
 30
0.0
  0
VERTEX
  5
289
330
26F
100
AcDbEntity
  8
inside2_T
100
AcDbVertex
100
AcDb2dVertex
 10
-231.4525468860576
 20
0.3445253700779745
 30
0.0
  0
VERTEX
  5
28A
330
26F
100
AcDbEntity
  8
inside2_T
100
AcDbVertex
100
AcDb2dVertex
 10
-233.2156188172203
 20
0.369512328074947
 30
0.0
  0
VERTEX
  5
28B
330
26F
100
AcDbEntity
  8
inside2_T
100
AcDbVertex
100
AcDb2dVertex
 10
-234.9786899749968
 20
0.3952998909237806
 30
0.0
  0
VERTEX
  5
28C
330
26F
100
AcDbEntity
  8
inside2_T
100
AcDbVertex
100
AcDb2dVertex
 10
-236.741661485767
 20
0.4217813302017817
 30
0.0
  0
VERTEX
  5
28D
330
26F
100
AcDbEntity
  8
inside2_T
100
AcDbVertex
100
AcDb2dVertex
 10
-238.5044332683554
 20
0.4490633954681869
 30
0.0
  0
VERTEX
  5
28E
330
26F
100
AcDbEntity
  8
inside2_T
100
AcDbVertex
100
AcDb2dVertex
 10
-239.3859401736353
 20
0.4630554929218249
 30
0.0
  0
VERTEX
  5
28F
330
26F
100
AcDbEntity
  8
inside2_T
100
AcDbVertex
100
AcDb2dVertex
 10
-240.267307985026
 20
0.477146108461568
 30
0.0
  0
VERTEX
  5
290
330
26F
100
AcDbEntity
  8
inside2_T
100
AcDbVertex
100
AcDb2dVertex
 10
-241.1485728130172
 20
0.4914425462086882
 30
0.0
  0
VERTEX
  5
291
330
26F
100
AcDbEntity
  8
inside2_T
100
AcDbVertex
100
AcDb2dVertex
 10
-242.0299643613848
 20
0.5058309161316004
 30
0.0
  0
VERTEX
  5
292
330
26F
100
AcDbEntity
  8
inside2_T
100
AcDbVertex
100
AcDb2dVertex
 10
-242.9112583274284
 20
0.5205243275576805
 30
0.0
  0
VERTEX
  5
293
330
26F
100
AcDbEntity
  8
inside2_T
100
AcDbVertex
100
AcDb2dVertex
 10
-243.7925241147897
 20
0.5353163752520089
 30
0.0
  0
VERTEX
  5
294
330
26F
100
AcDbEntity
  8
inside2_T
100
AcDbVertex
100
AcDb2dVertex
 10
-244.6737889530214
 20
0.5503066669519825
 30
0.0
  0
VERTEX
  5
295
330
26F
100
AcDbEntity
  8
inside2_T
100
AcDbVertex
100
AcDb2dVertex
 10
-245.555053786029
 20
0.5653960805320253
 30
0.0
  0
VERTEX
  5
296
330
26F
100
AcDbEntity
  8
inside2_T
100
AcDbVertex
100
AcDb2dVertex
 10
-246.4363477814096
 20
0.5806842439414339
 30
0.0
  0
VERTEX
  5
297
330
26F
100
AcDbEntity
  8
inside2_T
100
AcDbVertex
100
AcDb2dVertex
 10
-247.3175160211574
 20
0.5961778146263725
 30
0.0
  0
VERTEX
  5
298
330
26F
100
AcDbEntity
  8
inside2_T
100
AcDbVertex
100
AcDb2dVertex
 10
-248.1986817477444
 20
0.6117704630931229
 30
0.0
  0
VERTEX
  5
299
330
26F
100
AcDbEntity
  8
inside2_T
100
AcDbVertex
100
AcDb2dVertex
 10
-249.0798474829136
 20
0.6275613556550468
 30
0.0
  0
VERTEX
  5
29A
330
26F
100
AcDbEntity
  8
inside2_T
100
AcDbVertex
100
AcDb2dVertex
 10
-249.9609821132023
 20
0.6434508436491058
 30
0.0
  0
VERTEX
  5
29B
330
26F
100
AcDbEntity
  8
inside2_T
100
AcDbVertex
100
AcDb2dVertex
 10
-250.4016579949262
 20
0.6514423702441832
 30
0.0
  0
VERTEX
  5
29C
330
26F
100
AcDbEntity
  8
inside2_T
100
AcDbVertex
100
AcDb2dVertex
 10
-250.8422087621258
 20
0.6595402113173776
 30
0.0
  0
VERTEX
  5
29D
330
26F
100
AcDbEntity
  8
inside2_T
100
AcDbVertex
100
AcDb2dVertex
 10
-251.2827011447834
 20
0.667636979214052
 30
0.0
  0
VERTEX
  5
29E
330
26F
100
AcDbEntity
  8
inside2_T
100
AcDbVertex
100
AcDb2dVertex
 10
-251.7232843517853
 20
0.6757259357554801
 30
0.0
  0
VERTEX
  5
29F
330
26F
100
AcDbEntity
  8
inside2_T
100
AcDbVertex
100
AcDb2dVertex
 10
-252.1638402280925
 20
0.6838238706304054
 30
0.0
  0
VERTEX
  5
2A0
330
26F
100
AcDbEntity
  8
inside2_T
100
AcDbVertex
100
AcDb2dVertex
 10
-252.6044392076411
 20
0.6920217348661168
 30
0.0
  0
VERTEX
  5
2A1
330
26F
100
AcDbEntity
  8
inside2_T
100
AcDbVertex
100
AcDb2dVertex
 10
-253.0449274904678
 20
0.7003166515141572
 30
0.0
  0
VERTEX
  5
2A2
330
26F
100
AcDbEntity
  8
inside2_T
100
AcDbVertex
100
AcDb2dVertex
 10
-253.4854198538133
 20
0.7085049079546195
 30
0.0
  0
VERTEX
  5
2A3
330
26F
100
AcDbEntity
  8
inside2_T
100
AcDbVertex
100
AcDb2dVertex
 10
-253.9260248380968
 20
0.7168019863278658
 30
0.0
  0
VERTEX
  5
2A4
330
26F
100
AcDbEntity
  8
inside2_T
100
AcDbVertex
100
AcDb2dVertex
 10
-254.3665172400444
 20
0.7251960935261792
 30
0.0
  0
VERTEX
  5
2A5
330
26F
100
AcDbEntity
  8
inside2_T
100
AcDbVertex
100
AcDb2dVertex
 10
-254.8070096227024
 20
0.7334910873789084
 30
0.0
  0
VERTEX
  5
2A6
330
26F
100
AcDbEntity
  8
inside2_T
100
AcDbVertex
100
AcDb2dVertex
 10
-255.2476085995373
 20
0.7418872254886111
 30
0.0
  0
VERTEX
  5
2A7
330
26F
100
AcDbEntity
  8
inside2_T
100
AcDbVertex
100
AcDb2dVertex
 10
-255.6881009821952
 20
0.750380445297381
 30
0.0
  0
VERTEX
  5
2A8
330
26F
100
AcDbEntity
  8
inside2_T
100
AcDbVertex
100
AcDb2dVertex
 10
-256.1285974646628
 20
0.7587746302548766
 30
0.0
  0
VERTEX
  5
2A9
330
26F
100
AcDbEntity
  8
inside2_T
100
AcDbVertex
100
AcDb2dVertex
 10
-256.5691974800048
 20
0.767277551288629
 30
0.0
  0
VERTEX
  5
2AA
330
26F
100
AcDbEntity
  8
inside2_T
100
AcDbVertex
100
AcDb2dVertex
 10
-257.0095866500444
 20
0.7758698040889982
 30
0.0
  0
VERTEX
  5
2AB
330
26F
100
AcDbEntity
  8
inside2_T
100
AcDbVertex
100
AcDb2dVertex
 10
-257.4500779928522
 20
0.7843630038482132
 30
0.0
  0
VERTEX
  5
2AC
330
26F
100
AcDbEntity
  8
inside2_T
100
AcDbVertex
100
AcDb2dVertex
 10
-257.8906236714709
 20
0.7929563762366882
 30
0.0
  0
VERTEX
  5
2AD
330
26F
100
AcDbEntity
  8
inside2_T
100
AcDbVertex
100
AcDb2dVertex
 10
-258.3310753760915
 20
0.8015498491191124
 30
0.0
  0
VERTEX
  5
2AE
330
26F
100
AcDbEntity
  8
inside2_T
100
AcDbVertex
100
AcDb2dVertex
 10
-258.7715667189481
 20
0.8102488984246037
 30
0.0
  0
VERTEX
  5
2AF
330
26F
100
AcDbEntity
  8
inside2_T
100
AcDbVertex
100
AcDb2dVertex
 10
-259.2120560538407
 20
0.8188411717610791
 30
0.0
  0
VERTEX
  5
2B0
330
26F
100
AcDbEntity
  8
inside2_T
100
AcDbVertex
100
AcDb2dVertex
 10
-259.6525600131616
 20
0.8275348020574711
 30
0.0
  0
VERTEX
  5
2B1
330
26F
100
AcDbEntity
  8
inside2_T
100
AcDbVertex
100
AcDb2dVertex
 10
-260.0930523958195
 20
0.8363329848755257
 30
0.0
  0
VERTEX
  5
2B2
330
26F
100
AcDbEntity
  8
inside2_T
100
AcDbVertex
100
AcDb2dVertex
 10
-260.5334415658767
 20
0.8450243497316023
 30
0.0
  0
VERTEX
  5
2B3
330
26F
100
AcDbEntity
  8
inside2_T
100
AcDbVertex
100
AcDb2dVertex
 10
-260.9739861913468
 20
0.8538159510430035
 30
0.0
  0
VERTEX
  5
2B4
330
26F
100
AcDbEntity
  8
inside2_T
100
AcDbVertex
100
AcDb2dVertex
 10
-261.4144389951439
 20
0.8626153231218581
 30
0.0
  0
VERTEX
  5
2B5
330
26F
100
AcDbEntity
  8
inside2_T
100
AcDbVertex
100
AcDb2dVertex
 10
-261.8548814702083
 20
0.8715059880906608
 30
0.0
  0
VERTEX
  5
2B6
330
26F
100
AcDbEntity
  8
inside2_T
100
AcDbVertex
100
AcDb2dVertex
 10
-262.2953799003256
 20
0.8804034059978676
 30
0.0
  0
VERTEX
  5
2B7
330
26F
100
AcDbEntity
  8
inside2_T
100
AcDbVertex
100
AcDb2dVertex
 10
-262.7357671225352
 20
0.8892929556073597
 30
0.0
  0
VERTEX
  5
2B8
330
26F
100
AcDbEntity
  8
inside2_T
100
AcDbVertex
100
AcDb2dVertex
 10
-263.1761685930628
 20
0.8981904170147317
 30
0.0
  0
VERTEX
  5
2B9
330
26F
100
AcDbEntity
  8
inside2_T
100
AcDbVertex
100
AcDb2dVertex
 10
-263.6166072970138
 20
0.9070887077460128
 30
0.0
  0
VERTEX
  5
2BA
330
26F
100
AcDbEntity
  8
inside2_T
100
AcDbVertex
100
AcDb2dVertex
 10
-264.057049730012
 20
0.9160784959081667
 30
0.0
  0
VERTEX
  5
2BB
330
26F
100
AcDbEntity
  8
inside2_T
100
AcDbVertex
100
AcDb2dVertex
 10
-264.4974512004169
 20
0.9250750721366927
 30
0.0
  0
VERTEX
  5
2BC
330
26F
100
AcDbEntity
  8
inside2_T
100
AcDbVertex
100
AcDb2dVertex
 10
-264.937991699525
 20
0.9340648385968109
 30
0.0
  0
VERTEX
  5
2BD
330
26F
100
AcDbEntity
  8
inside2_T
100
AcDbVertex
100
AcDb2dVertex
 10
-265.3783901572809
 20
0.9431604674991831
 30
0.0
  0
VERTEX
  5
2BE
330
26F
100
AcDbEntity
  8
inside2_T
100
AcDbVertex
100
AcDb2dVertex
 10
-265.8187834269608
 20
0.9521568762732784
 30
0.0
  0
VERTEX
  5
2BF
330
26F
100
AcDbEntity
  8
inside2_T
100
AcDbVertex
100
AcDb2dVertex
 10
-266.2592792045504
 20
0.9612545151397711
 30
0.0
  0
VERTEX
  5
2C0
330
26F
100
AcDbEntity
  8
inside2_T
100
AcDbVertex
100
AcDb2dVertex
 10
-266.6996724742305
 20
0.9704415257946835
 30
0.0
  0
VERTEX
  5
2C1
330
26F
100
AcDbEntity
  8
inside2_T
100
AcDbVertex
100
AcDb2dVertex
 10
-267.1400698870446
 20
0.9795371331156844
 30
0.0
  0
VERTEX
  5
2C2
330
26F
100
AcDbEntity
  8
inside2_T
100
AcDbVertex
100
AcDb2dVertex
 10
-267.5805126910209
 20
0.9887328816328278
 30
0.0
  0
VERTEX
  5
2C3
330
26F
100
AcDbEntity
  8
inside2_T
100
AcDbVertex
100
AcDb2dVertex
 10
-268.0209058750937
 20
0.9979275145756361
 30
0.0
  0
VERTEX
  5
2C4
330
26F
100
AcDbEntity
  8
inside2_T
100
AcDbVertex
100
AcDb2dVertex
 10
-268.4612022580533
 20
1.007122195791325
 30
0.0
  0
VERTEX
  5
2C5
330
26F
100
AcDbEntity
  8
inside2_T
100
AcDbVertex
100
AcDb2dVertex
 10
-268.9015933014734
 20
1.016316784035851
 30
0.0
  0
VERTEX
  5
2C6
330
26F
100
AcDbEntity
  8
inside2_T
100
AcDbVertex
100
AcDb2dVertex
 10
-269.3420398742956
 20
1.025512531641581
 30
0.0
  0
VERTEX
  5
2C7
330
26F
100
AcDbEntity
  8
inside2_T
100
AcDbVertex
100
AcDb2dVertex
 10
-269.7824864467291
 20
1.034807404213296
 30
0.0
  0
VERTEX
  5
2C8
330
26F
100
AcDbEntity
  8
inside2_T
100
AcDbVertex
100
AcDb2dVertex
 10
-270.2227709258619
 20
1.044093404100522
 30
0.0
  0
VERTEX
  5
2C9
330
26F
100
AcDbEntity
  8
inside2_T
100
AcDbVertex
100
AcDb2dVertex
 10
-270.6632274634831
 20
1.053388486934182
 30
0.0
  0
VERTEX
  5
2CA
330
26F
100
AcDbEntity
  8
inside2_T
100
AcDbVertex
100
AcDb2dVertex
 10
-271.1036177572307
 20
1.062788908172337
 30
0.0
  0
VERTEX
  5
2CB
330
26F
100
AcDbEntity
  8
inside2_T
100
AcDbVertex
100
AcDb2dVertex
 10
-271.5439119577068
 20
1.072075032728492
 30
0.0
  0
VERTEX
  5
2CC
330
26F
100
AcDbEntity
  8
inside2_T
100
AcDbVertex
100
AcDb2dVertex
 10
-271.9843043912785
 20
1.081475581013621
 30
0.0
  0
VERTEX
  5
2CD
330
26F
100
AcDbEntity
  8
inside2_T
100
AcDbVertex
100
AcDb2dVertex
 10
-272.4247479679757
 20
1.090770390365449
 30
0.0
  0
VERTEX
  5
2CE
330
26F
100
AcDbEntity
  8
inside2_T
100
AcDbVertex
100
AcDb2dVertex
 10
-272.8650954265145
 20
1.100263513124233
 30
0.0
  0
VERTEX
  5
2CF
330
26F
100
AcDbEntity
  8
inside2_T
100
AcDbVertex
100
AcDb2dVertex
 10
-273.3054342455335
 20
1.109655212467771
 30
0.0
  0
VERTEX
  5
2D0
330
26F
100
AcDbEntity
  8
inside2_T
100
AcDbVertex
100
AcDb2dVertex
 10
-273.7457790725622
 20
1.119049235438496
 30
0.0
  0
VERTEX
  5
2D1
330
26F
100
AcDbEntity
  8
inside2_T
100
AcDbVertex
100
AcDb2dVertex
 10
-274.1861722984798
 20
1.128541208159461
 30
0.0
  0
VERTEX
  5
2D2
330
26F
100
AcDbEntity
  8
inside2_T
100
AcDbVertex
100
AcDb2dVertex
 10
-274.6264664551813
 20
1.137934068845624
 30
0.0
  0
VERTEX
  5
2D3
330
26F
100
AcDbEntity
  8
inside2_T
100
AcDbVertex
100
AcDb2dVertex
 10
-275.0669118891006
 20
1.147427166826702
 30
0.0
  0
VERTEX
  5
2D4
330
26F
100
AcDbEntity
  8
inside2_T
100
AcDbVertex
100
AcDb2dVertex
 10
-275.5072128223671
 20
1.156926992904872
 30
0.0
  0
VERTEX
  5
2D5
330
26F
100
AcDbEntity
  8
inside2_T
100
AcDbVertex
100
AcDb2dVertex
 10
-275.947552001378
 20
1.166419937098922
 30
0.0
  0
VERTEX
  5
2D6
330
26F
100
AcDbEntity
  8
inside2_T
100
AcDbVertex
100
AcDb2dVertex
 10
-276.3878450090311
 20
1.176010998711007
 30
0.0
  0
VERTEX
  5
2D7
330
26F
100
AcDbEntity
  8
inside2_T
100
AcDbVertex
100
AcDb2dVertex
 10
-276.8282383233831
 20
1.185502973338032
 30
0.0
  0
VERTEX
  5
2D8
330
26F
100
AcDbEntity
  8
inside2_T
100
AcDbVertex
100
AcDb2dVertex
 10
-277.2685831742534
 20
1.195095247318889
 30
0.0
  0
VERTEX
  5
2D9
330
26F
100
AcDbEntity
  8
inside2_T
100
AcDbVertex
100
AcDb2dVertex
 10
-277.7088854434811
 20
1.204694134825417
 30
0.0
  0
VERTEX
  5
2DA
330
26F
100
AcDbEntity
  8
inside2_T
100
AcDbVertex
100
AcDb2dVertex
 10
-278.1491713983043
 20
1.214285042732129
 30
0.0
  0
VERTEX
  5
2DB
330
26F
100
AcDbEntity
  8
inside2_T
100
AcDbVertex
100
AcDb2dVertex
 10
-278.5895586231398
 20
1.223876080741562
 30
0.0
  0
VERTEX
  5
2DC
330
26F
100
AcDbEntity
  8
inside2_T
100
AcDbVertex
100
AcDb2dVertex
 10
-279.029863214514
 20
1.233475018826979
 30
0.0
  0
VERTEX
  5
2DD
330
26F
100
AcDbEntity
  8
inside2_T
100
AcDbVertex
100
AcDb2dVertex
 10
-279.4702025264499
 20
1.243067089030959
 30
0.0
  0
VERTEX
  5
2DE
330
26F
100
AcDbEntity
  8
inside2_T
100
AcDbVertex
100
AcDb2dVertex
 10
-279.9104969720436
 20
1.252757378907134
 30
0.0
  0
VERTEX
  5
2DF
330
26F
100
AcDbEntity
  8
inside2_T
100
AcDbVertex
100
AcDb2dVertex
 10
-280.3507910835961
 20
1.262356088640288
 30
0.0
  0
VERTEX
  5
2E0
330
26F
100
AcDbEntity
  8
inside2_T
100
AcDbVertex
100
AcDb2dVertex
 10
-280.7910800229886
 20
1.272046173435541
 30
0.0
  0
VERTEX
  5
2E1
330
26F
100
AcDbEntity
  8
inside2_T
100
AcDbVertex
100
AcDb2dVertex
 10
-281.2314747560577
 20
1.281637374969407
 30
0.0
  0
VERTEX
  5
2E2
330
26F
100
AcDbEntity
  8
inside2_T
100
AcDbVertex
100
AcDb2dVertex
 10
-281.6717295032233
 20
1.29133651397602
 30
0.0
  0
VERTEX
  5
2E3
330
26F
100
AcDbEntity
  8
inside2_T
100
AcDbVertex
100
AcDb2dVertex
 10
-282.1121098760416
 20
1.301026429644409
 30
0.0
  0
VERTEX
  5
2E4
330
26F
100
AcDbEntity
  8
inside2_T
100
AcDbVertex
100
AcDb2dVertex
 10
-282.5524026570849
 20
1.3107166828798
 30
0.0
  0
VERTEX
  5
2E5
330
26F
100
AcDbEntity
  8
inside2_T
100
AcDbVertex
100
AcDb2dVertex
 10
-282.9926550120604
 20
1.320415769069186
 30
0.0
  0
VERTEX
  5
2E6
330
26F
100
AcDbEntity
  8
inside2_T
100
AcDbVertex
100
AcDb2dVertex
 10
-283.4330483269513
 20
1.330205082672393
 30
0.0
  0
VERTEX
  5
2E7
330
26F
100
AcDbEntity
  8
inside2_T
100
AcDbVertex
100
AcDb2dVertex
 10
-283.8731927530224
 20
1.339901875196489
 30
0.0
  0
VERTEX
  5
2E8
330
26F
100
AcDbEntity
  8
inside2_T
100
AcDbVertex
100
AcDb2dVertex
 10
-284.3135337262467
 20
1.349593105057096
 30
0.0
  0
VERTEX
  5
2E9
330
26F
100
AcDbEntity
  8
inside2_T
100
AcDbVertex
100
AcDb2dVertex
 10
-284.7538240709395
 20
1.359390041731203
 30
0.0
  0
VERTEX
  5
2EA
330
26F
100
AcDbEntity
  8
inside2_T
100
AcDbVertex
100
AcDb2dVertex
 10
-285.194118182058
 20
1.369080240348211
 30
0.0
  0
VERTEX
  5
2EB
330
26F
100
AcDbEntity
  8
inside2_T
100
AcDbVertex
100
AcDb2dVertex
 10
-285.6344697504266
 20
1.378878454482361
 30
0.0
  0
VERTEX
  5
2EC
330
26F
100
AcDbEntity
  8
inside2_T
100
AcDbVertex
100
AcDb2dVertex
 10
-286.0746986281522
 20
1.38866640036963
 30
0.0
  0
VERTEX
  5
2ED
330
26F
100
AcDbEntity
  8
inside2_T
100
AcDbVertex
100
AcDb2dVertex
 10
-286.5149980722436
 20
1.398356716357185
 30
0.0
  0
VERTEX
  5
2EE
330
26F
100
AcDbEntity
  8
inside2_T
100
AcDbVertex
100
AcDb2dVertex
 10
-286.9552479477166
 20
1.408154958212208
 30
0.0
  0
VERTEX
  5
2EF
330
26F
100
AcDbEntity
  8
inside2_T
100
AcDbVertex
100
AcDb2dVertex
 10
-287.3955396401779
 20
1.417951840047735
 30
0.0
  0
VERTEX
  5
2F0
330
26F
100
AcDbEntity
  8
inside2_T
100
AcDbVertex
100
AcDb2dVertex
 10
-287.835825595228
 20
1.427740970222942
 30
0.0
  0
VERTEX
  5
2F1
330
26F
100
AcDbEntity
  8
inside2_T
100
AcDbVertex
100
AcDb2dVertex
 10
-288.2761242327732
 20
1.43753809134941
 30
0.0
  0
VERTEX
  5
2F2
330
26F
100
AcDbEntity
  8
inside2_T
100
AcDbVertex
100
AcDb2dVertex
 10
-288.7163133547306
 20
1.447327272218956
 30
0.0
  0
VERTEX
  5
2F3
330
26F
100
AcDbEntity
  8
inside2_T
100
AcDbVertex
100
AcDb2dVertex
 10
-289.1566096211703
 20
1.457124340621334
 30
0.0
  0
VERTEX
  5
2F4
330
26F
100
AcDbEntity
  8
inside2_T
100
AcDbVertex
100
AcDb2dVertex
 10
-289.5968954849805
 20
1.466913468766379
 30
0.0
  0
VERTEX
  5
2F5
330
26F
100
AcDbEntity
  8
inside2_T
100
AcDbVertex
100
AcDb2dVertex
 10
-290.0371491724073
 20
1.476711710490179
 30
0.0
  0
VERTEX
  5
2F6
330
26F
100
AcDbEntity
  8
inside2_T
100
AcDbVertex
100
AcDb2dVertex
 10
-290.4774383305754
 20
1.486600109419072
 30
0.0
  0
VERTEX
  5
2F7
330
26F
100
AcDbEntity
  8
inside2_T
100
AcDbVertex
100
AcDb2dVertex
 10
-290.9176832317233
 20
1.496395950112657
 30
0.0
  0
VERTEX
  5
2F8
330
26F
100
AcDbEntity
  8
inside2_T
100
AcDbVertex
100
AcDb2dVertex
 10
-291.3578687240894
 20
1.50618513504071
 30
0.0
  0
VERTEX
  5
2F9
330
26F
100
AcDbEntity
  8
inside2_T
100
AcDbVertex
100
AcDb2dVertex
 10
-291.7981686201014
 20
1.515982199384169
 30
0.0
  0
VERTEX
  5
2FA
330
26F
100
AcDbEntity
  8
inside2_T
100
AcDbVertex
100
AcDb2dVertex
 10
-292.2384102924944
 20
1.525772633687055
 30
0.0
  0
VERTEX
  5
2FB
330
26F
100
AcDbEntity
  8
inside2_T
100
AcDbVertex
100
AcDb2dVertex
 10
-292.6787044491867
 20
1.535668683338329
 30
0.0
  0
VERTEX
  5
2FC
330
26F
100
AcDbEntity
  8
inside2_T
100
AcDbVertex
100
AcDb2dVertex
 10
-293.1188395008738
 20
1.545456746562365
 30
0.0
  0
VERTEX
  5
2FD
330
26F
100
AcDbEntity
  8
inside2_T
100
AcDbVertex
100
AcDb2dVertex
 10
-293.5591924188762
 20
1.555254905861574
 30
0.0
  0
VERTEX
  5
2FE
330
26F
100
AcDbEntity
  8
inside2_T
100
AcDbVertex
100
AcDb2dVertex
 10
-293.9994840412615
 20
1.565143360134016
 30
0.0
  0
VERTEX
  5
2FF
330
26F
100
AcDbEntity
  8
inside2_T
100
AcDbVertex
100
AcDb2dVertex
 10
-294.4396272495119
 20
1.574939227993482
 30
0.0
  0
VERTEX
  5
300
330
26F
100
AcDbEntity
  8
inside2_T
100
AcDbVertex
100
AcDb2dVertex
 10
-294.8798102776297
 20
1.584728358083396
 30
0.0
  0
VERTEX
  5
301
330
26F
100
AcDbEntity
  8
inside2_T
100
AcDbVertex
100
AcDb2dVertex
 10
-295.3201684949576
 20
1.594526635296276
 30
0.0
  0
VERTEX
  5
302
330
26F
100
AcDbEntity
  8
inside2_T
100
AcDbVertex
100
AcDb2dVertex
 10
-295.7603557170636
 20
1.604422594807417
 30
0.0
  0
VERTEX
  5
303
330
26F
100
AcDbEntity
  8
inside2_T
100
AcDbVertex
100
AcDb2dVertex
 10
-296.2005874515908
 20
1.614210604281581
 30
0.0
  0
VERTEX
  5
304
330
26F
100
AcDbEntity
  8
inside2_T
100
AcDbVertex
100
AcDb2dVertex
 10
-296.6407892579411
 20
1.62400777618771
 30
0.0
  0
VERTEX
  5
305
330
26F
100
AcDbEntity
  8
inside2_T
100
AcDbVertex
100
AcDb2dVertex
 10
-297.0810764696313
 20
1.633796849498225
 30
0.0
  0
VERTEX
  5
306
330
26F
100
AcDbEntity
  8
inside2_T
100
AcDbVertex
100
AcDb2dVertex
 10
-297.5213264818304
 20
1.643595094274062
 30
0.0
  0
VERTEX
  5
307
330
26F
100
AcDbEntity
  8
inside2_T
100
AcDbVertex
100
AcDb2dVertex
 10
-297.9616168264975
 20
1.653483519850411
 30
0.0
  0
VERTEX
  5
308
330
26F
100
AcDbEntity
  8
inside2_T
100
AcDbVertex
100
AcDb2dVertex
 10
-298.4017600347478
 20
1.663279387709863
 30
0.0
  0
VERTEX
  5
309
330
26F
100
AcDbEntity
  8
inside2_T
100
AcDbVertex
100
AcDb2dVertex
 10
-298.8419505045062
 20
1.673068513742692
 30
0.0
  0
VERTEX
  5
30A
330
26F
100
AcDbEntity
  8
inside2_T
100
AcDbVertex
100
AcDb2dVertex
 10
-299.2822468621717
 20
1.682865584173797
 30
0.0
  0
VERTEX
  5
30B
330
26F
100
AcDbEntity
  8
inside2_T
100
AcDbVertex
100
AcDb2dVertex
 10
-299.7224322633003
 20
1.692654767071716
 30
0.0
  0
VERTEX
  5
30C
330
26F
100
AcDbEntity
  8
inside2_T
100
AcDbVertex
100
AcDb2dVertex
 10
-300.1627358801045
 20
1.702451829384898
 30
0.0
  0
VERTEX
  5
30D
330
26F
100
AcDbEntity
  8
inside2_T
100
AcDbVertex
100
AcDb2dVertex
 10
-300.6028722421809
 20
1.712239921716716
 30
0.0
  0
VERTEX
  5
30E
330
26F
100
AcDbEntity
  8
inside2_T
100
AcDbVertex
100
AcDb2dVertex
 10
-301.043062288299
 20
1.721937719292995
 30
0.0
  0
VERTEX
  5
30F
330
26F
100
AcDbEntity
  8
inside2_T
100
AcDbVertex
100
AcDb2dVertex
 10
-301.4834006689379
 20
1.731728099911876
 30
0.0
  0
VERTEX
  5
310
330
26F
100
AcDbEntity
  8
inside2_T
100
AcDbVertex
100
AcDb2dVertex
 10
-301.9235525829704
 20
1.741523991750014
 30
0.0
  0
VERTEX
  5
311
330
26F
100
AcDbEntity
  8
inside2_T
100
AcDbVertex
100
AcDb2dVertex
 10
-302.3637427194379
 20
1.751214167260514
 30
0.0
  0
VERTEX
  5
312
330
26F
100
AcDbEntity
  8
inside2_T
100
AcDbVertex
100
AcDb2dVertex
 10
-302.8040330641027
 20
1.76101110393401
 30
0.0
  0
VERTEX
  5
313
330
26F
100
AcDbEntity
  8
inside2_T
100
AcDbVertex
100
AcDb2dVertex
 10
-303.2442201037127
 20
1.770701211271486
 30
0.0
  0
VERTEX
  5
314
330
26F
100
AcDbEntity
  8
inside2_T
100
AcDbVertex
100
AcDb2dVertex
 10
-303.6845221742764
 20
1.780490615067151
 30
0.0
  0
VERTEX
  5
315
330
26F
100
AcDbEntity
  8
inside2_T
100
AcDbVertex
100
AcDb2dVertex
 10
-304.1246654609819
 20
1.790187382489947
 30
0.0
  0
VERTEX
  5
316
330
26F
100
AcDbEntity
  8
inside2_T
100
AcDbVertex
100
AcDb2dVertex
 10
-304.5649047279033
 20
1.799878639468233
 30
0.0
  0
VERTEX
  5
317
330
26F
100
AcDbEntity
  8
inside2_T
100
AcDbVertex
100
AcDb2dVertex
 10
-305.0051949823158
 20
1.809675574133507
 30
0.0
  0
VERTEX
  5
318
330
26F
100
AcDbEntity
  8
inside2_T
100
AcDbVertex
100
AcDb2dVertex
 10
-305.445337508832
 20
1.819364533764997
 30
0.0
  0
VERTEX
  5
319
330
26F
100
AcDbEntity
  8
inside2_T
100
AcDbVertex
100
AcDb2dVertex
 10
-305.8854785371699
 20
1.829061251359633
 30
0.0
  0
VERTEX
  5
31A
330
26F
100
AcDbEntity
  8
inside2_T
100
AcDbVertex
100
AcDb2dVertex
 10
-306.3257647800158
 20
1.838652248649666
 30
0.0
  0
VERTEX
  5
31B
330
26F
100
AcDbEntity
  8
inside2_T
100
AcDbVertex
100
AcDb2dVertex
 10
-306.7660104974572
 20
1.848343647698243
 30
0.0
  0
VERTEX
  5
31C
330
26F
100
AcDbEntity
  8
inside2_T
100
AcDbVertex
100
AcDb2dVertex
 10
-307.2062579790517
 20
1.858040359350454
 30
0.0
  0
VERTEX
  5
31D
330
26F
100
AcDbEntity
  8
inside2_T
100
AcDbVertex
100
AcDb2dVertex
 10
-307.6464463737339
 20
1.867631384178722
 30
0.0
  0
VERTEX
  5
31E
330
26F
100
AcDbEntity
  8
inside2_T
100
AcDbVertex
100
AcDb2dVertex
 10
-308.0866405447529
 20
1.877321648504278
 30
0.0
  0
VERTEX
  5
31F
330
26F
100
AcDbEntity
  8
inside2_T
100
AcDbVertex
100
AcDb2dVertex
 10
-308.5268805043972
 20
1.886919260784666
 30
0.0
  0
VERTEX
  5
320
330
26F
100
AcDbEntity
  8
inside2_T
100
AcDbVertex
100
AcDb2dVertex
 10
-308.9670733026563
 20
1.896510215406821
 30
0.0
  0
VERTEX
  5
321
330
26F
100
AcDbEntity
  8
inside2_T
100
AcDbVertex
100
AcDb2dVertex
 10
-309.4073615028721
 20
1.906101255330483
 30
0.0
  0
VERTEX
  5
322
330
26F
100
AcDbEntity
  8
inside2_T
100
AcDbVertex
100
AcDb2dVertex
 10
-309.8475550577601
 20
1.915692392585953
 30
0.0
  0
VERTEX
  5
323
330
26F
100
AcDbEntity
  8
inside2_T
100
AcDbVertex
100
AcDb2dVertex
 10
-310.2878512811623
 20
1.925291231428503
 30
0.0
  0
VERTEX
  5
324
330
26F
100
AcDbEntity
  8
inside2_T
100
AcDbVertex
100
AcDb2dVertex
 10
-310.7279908438375
 20
1.93488102614964
 30
0.0
  0
VERTEX
  5
325
330
26F
100
AcDbEntity
  8
inside2_T
100
AcDbVertex
100
AcDb2dVertex
 10
-311.1681851043195
 20
1.944373065124665
 30
0.0
  0
VERTEX
  5
326
330
26F
100
AcDbEntity
  8
inside2_T
100
AcDbVertex
100
AcDb2dVertex
 10
-311.6084742110064
 20
1.953971748853107
 30
0.0
  0
VERTEX
  5
327
330
26F
100
AcDbEntity
  8
inside2_T
100
AcDbVertex
100
AcDb2dVertex
 10
-312.0487146770761
 20
1.963462482870824
 30
0.0
  0
VERTEX
  5
328
330
26F
100
AcDbEntity
  8
inside2_T
100
AcDbVertex
100
AcDb2dVertex
 10
-312.4889083848093
 20
1.972954509920271
 30
0.0
  0
VERTEX
  5
329
330
26F
100
AcDbEntity
  8
inside2_T
100
AcDbVertex
100
AcDb2dVertex
 10
-312.9291964302453
 20
1.982446434011109
 30
0.0
  0
VERTEX
  5
32A
330
26F
100
AcDbEntity
  8
inside2_T
100
AcDbVertex
100
AcDb2dVertex
 10
-313.3693354103039
 20
1.991937280952428
 30
0.0
  0
VERTEX
  5
32B
330
26F
100
AcDbEntity
  8
inside2_T
100
AcDbVertex
100
AcDb2dVertex
 10
-313.8096374810273
 20
2.001330229146063
 30
0.0
  0
VERTEX
  5
32C
330
26F
100
AcDbEntity
  8
inside2_T
100
AcDbVertex
100
AcDb2dVertex
 10
-314.2498288002272
 20
2.010829828774092
 30
0.0
  0
VERTEX
  5
32D
330
26F
100
AcDbEntity
  8
inside2_T
100
AcDbVertex
100
AcDb2dVertex
 10
-314.6900605792936
 20
2.020221440060851
 30
0.0
  0
VERTEX
  5
32E
330
26F
100
AcDbEntity
  8
inside2_T
100
AcDbVertex
100
AcDb2dVertex
 10
-315.1303509239576
 20
2.029614300746999
 30
0.0
  0
VERTEX
  5
32F
330
26F
100
AcDbEntity
  8
inside2_T
100
AcDbVertex
100
AcDb2dVertex
 10
-315.5705518799148
 20
2.039007206242005
 30
0.0
  0
VERTEX
  5
330
330
26F
100
AcDbEntity
  8
inside2_T
100
AcDbVertex
100
AcDb2dVertex
 10
-316.0108401243814
 20
2.04840002211931
 30
0.0
  0
VERTEX
  5
331
330
26F
100
AcDbEntity
  8
inside2_T
100
AcDbVertex
100
AcDb2dVertex
 10
-316.4510781935922
 20
2.057791767595802
 30
0.0
  0
VERTEX
  5
332
330
26F
100
AcDbEntity
  8
inside2_T
100
AcDbVertex
100
AcDb2dVertex
 10
-316.89122477361
 20
2.067084411626453
 30
0.0
  0
VERTEX
  5
333
330
26F
100
AcDbEntity
  8
inside2_T
100
AcDbVertex
100
AcDb2dVertex
 10
-317.3315130402069
 20
2.076378115465729
 30
0.0
  0
VERTEX
  5
334
330
26F
100
AcDbEntity
  8
inside2_T
100
AcDbVertex
100
AcDb2dVertex
 10
-317.7718033848719
 20
2.085671863173886
 30
0.0
  0
VERTEX
  5
335
330
26F
100
AcDbEntity
  8
inside2_T
100
AcDbVertex
100
AcDb2dVertex
 10
-318.2119968678335
 20
2.094965658407816
 30
0.0
  0
VERTEX
  5
336
330
26F
100
AcDbEntity
  8
inside2_T
100
AcDbVertex
100
AcDb2dVertex
 10
-318.6522391834879
 20
2.104258231392251
 30
0.0
  0
VERTEX
  5
337
330
26F
100
AcDbEntity
  8
inside2_T
100
AcDbVertex
100
AcDb2dVertex
 10
-319.092476299178
 20
2.113451754535504
 30
0.0
  0
VERTEX
  5
338
330
26F
100
AcDbEntity
  8
inside2_T
100
AcDbVertex
100
AcDb2dVertex
 10
-319.5327584413924
 20
2.122638593968702
 30
0.0
  0
VERTEX
  5
339
330
26F
100
AcDbEntity
  8
inside2_T
100
AcDbVertex
100
AcDb2dVertex
 10
-319.9730644412735
 20
2.131833396343097
 30
0.0
  0
VERTEX
  5
33A
330
26F
100
AcDbEntity
  8
inside2_T
100
AcDbVertex
100
AcDb2dVertex
 10
-320.4133549572451
 20
2.141028034650645
 30
0.0
  0
VERTEX
  5
33B
330
26F
100
AcDbEntity
  8
inside2_T
100
AcDbVertex
100
AcDb2dVertex
 10
-320.8535919011278
 20
2.150221554206013
 30
0.0
  0
VERTEX
  5
33C
330
26F
100
AcDbEntity
  8
inside2_T
100
AcDbVertex
100
AcDb2dVertex
 10
-321.2938364689167
 20
2.159315972819925
 30
0.0
  0
VERTEX
  5
33D
330
26F
100
AcDbEntity
  8
inside2_T
100
AcDbVertex
100
AcDb2dVertex
 10
-321.7341269830259
 20
2.168411498072416
 30
0.0
  0
VERTEX
  5
33E
330
26F
100
AcDbEntity
  8
inside2_T
100
AcDbVertex
100
AcDb2dVertex
 10
-322.1744091251255
 20
2.177499226371651
 30
0.0
  0
VERTEX
  5
33F
330
26F
100
AcDbEntity
  8
inside2_T
100
AcDbVertex
100
AcDb2dVertex
 10
-322.6146618949542
 20
2.186593814352335
 30
0.0
  0
VERTEX
  5
340
330
26F
100
AcDbEntity
  8
inside2_T
100
AcDbVertex
100
AcDb2dVertex
 10
-323.0548990073199
 20
2.195589135436165
 30
0.0
  0
VERTEX
  5
341
330
26F
100
AcDbEntity
  8
inside2_T
100
AcDbVertex
100
AcDb2dVertex
 10
-323.4951811493057
 20
2.204577752601537
 30
0.0
  0
VERTEX
  5
342
330
26F
100
AcDbEntity
  8
inside2_T
100
AcDbVertex
100
AcDb2dVertex
 10
-323.9354871531036
 20
2.213574325484188
 30
0.0
  0
VERTEX
  5
343
330
26F
100
AcDbEntity
  8
inside2_T
100
AcDbVertex
100
AcDb2dVertex
 10
-324.3757202464794
 20
2.222569564448364
 30
0.0
  0
VERTEX
  5
344
330
26F
100
AcDbEntity
  8
inside2_T
100
AcDbVertex
100
AcDb2dVertex
 10
-324.8159531720353
 20
2.231458076850075
 30
0.0
  0
VERTEX
  5
345
330
26F
100
AcDbEntity
  8
inside2_T
100
AcDbVertex
100
AcDb2dVertex
 10
-325.2563561364389
 20
2.24035549145691
 30
0.0
  0
VERTEX
  5
346
330
26F
100
AcDbEntity
  8
inside2_T
100
AcDbVertex
100
AcDb2dVertex
 10
-325.6966405984066
 20
2.249245044366774
 30
0.0
  0
VERTEX
  5
347
330
26F
100
AcDbEntity
  8
inside2_T
100
AcDbVertex
100
AcDb2dVertex
 10
-326.1368805800494
 20
2.258141322366356
 30
0.0
  0
VERTEX
  5
348
330
26F
100
AcDbEntity
  8
inside2_T
100
AcDbVertex
100
AcDb2dVertex
 10
-326.5772190957119
 20
2.266930712099736
 30
0.0
  0
VERTEX
  5
349
330
26F
100
AcDbEntity
  8
inside2_T
100
AcDbVertex
100
AcDb2dVertex
 10
-327.0175199355032
 20
2.275729104522341
 30
0.0
  0
VERTEX
  5
34A
330
26F
100
AcDbEntity
  8
inside2_T
100
AcDbVertex
100
AcDb2dVertex
 10
-327.4578020772965
 20
2.284519499420796
 30
0.0
  0
VERTEX
  5
34B
330
26F
100
AcDbEntity
  8
inside2_T
100
AcDbVertex
100
AcDb2dVertex
 10
-327.8981477420684
 20
2.293316655002457
 30
0.0
  0
VERTEX
  5
34C
330
26F
100
AcDbEntity
  8
inside2_T
100
AcDbVertex
100
AcDb2dVertex
 10
-328.3384798738204
 20
2.302006969393972
 30
0.0
  0
VERTEX
  5
34D
330
26F
100
AcDbEntity
  8
inside2_T
100
AcDbVertex
100
AcDb2dVertex
 10
-328.7787797852394
 20
2.310698453503122
 30
0.0
  0
VERTEX
  5
34E
330
26F
100
AcDbEntity
  8
inside2_T
100
AcDbVertex
100
AcDb2dVertex
 10
-329.2191191333514
 20
2.319396533481779
 30
0.0
  0
VERTEX
  5
34F
330
26F
100
AcDbEntity
  8
inside2_T
100
AcDbVertex
100
AcDb2dVertex
 10
-329.6594052965398
 20
2.327988784666431
 30
0.0
  0
VERTEX
  5
350
330
26F
100
AcDbEntity
  8
inside2_T
100
AcDbVertex
100
AcDb2dVertex
 10
-330.0997480297305
 20
2.336679157837224
 30
0.0
  0
VERTEX
  5
351
330
26F
100
AcDbEntity
  8
inside2_T
100
AcDbVertex
100
AcDb2dVertex
 10
-330.5400852203316
 20
2.345171369639402
 30
0.0
  0
VERTEX
  5
352
330
26F
100
AcDbEntity
  8
inside2_T
100
AcDbVertex
100
AcDb2dVertex
 10
-330.980387289735
 20
2.353763782449889
 30
0.0
  0
VERTEX
  5
353
330
26F
100
AcDbEntity
  8
inside2_T
100
AcDbVertex
100
AcDb2dVertex
 10
-331.4207265791751
 20
2.362263657936367
 30
0.0
  0
VERTEX
  5
354
330
26F
100
AcDbEntity
  8
inside2_T
100
AcDbVertex
100
AcDb2dVertex
 10
-331.8611078354331
 20
2.370756719504683
 30
0.0
  0
VERTEX
  5
355
330
26F
100
AcDbEntity
  8
inside2_T
100
AcDbVertex
100
AcDb2dVertex
 10
-332.3014515290227
 20
2.379248909703719
 30
0.0
  0
VERTEX
  5
356
330
26F
100
AcDbEntity
  8
inside2_T
100
AcDbVertex
100
AcDb2dVertex
 10
-332.7417877563237
 20
2.387642001929862
 30
0.0
  0
VERTEX
  5
357
330
26F
100
AcDbEntity
  8
inside2_T
100
AcDbVertex
100
AcDb2dVertex
 10
-333.1821846817183
 20
2.396036105781008
 30
0.0
  0
VERTEX
  5
358
330
26F
100
AcDbEntity
  8
inside2_T
100
AcDbVertex
100
AcDb2dVertex
 10
-333.6225209086222
 20
2.404429197999562
 30
0.0
  0
VERTEX
  5
359
330
26F
100
AcDbEntity
  8
inside2_T
100
AcDbVertex
100
AcDb2dVertex
 10
-334.0628646030621
 20
2.412723186288986
 30
0.0
  0
VERTEX
  5
35A
330
26F
100
AcDbEntity
  8
inside2_T
100
AcDbVertex
100
AcDb2dVertex
 10
-334.5032542151829
 20
2.421018183051373
 30
0.0
  0
VERTEX
  5
35B
330
26F
100
AcDbEntity
  8
inside2_T
100
AcDbVertex
100
AcDb2dVertex
 10
-334.9435851933262
 20
2.429304452274579
 30
0.0
  0
VERTEX
  5
35C
330
26F
100
AcDbEntity
  8
inside2_T
100
AcDbVertex
100
AcDb2dVertex
 10
-335.3840311098957
 20
2.437499397673477
 30
0.0
  0
VERTEX
  5
35D
330
26F
100
AcDbEntity
  8
inside2_T
100
AcDbVertex
100
AcDb2dVertex
 10
-335.8244227039463
 20
2.445695318303052
 30
0.0
  0
VERTEX
  5
35E
330
26F
100
AcDbEntity
  8
inside2_T
100
AcDbVertex
100
AcDb2dVertex
 10
-336.2647654182156
 20
2.453890187388268
 30
0.0
  0
VERTEX
  5
35F
330
26F
100
AcDbEntity
  8
inside2_T
100
AcDbVertex
100
AcDb2dVertex
 10
-336.7051997738536
 20
2.461985958741224
 30
0.0
  0
VERTEX
  5
360
330
26F
100
AcDbEntity
  8
inside2_T
100
AcDbVertex
100
AcDb2dVertex
 10
-337.1455904629973
 20
2.470074985101746
 30
0.0
  0
VERTEX
  5
361
330
26F
100
AcDbEntity
  8
inside2_T
100
AcDbVertex
100
AcDb2dVertex
 10
-337.5860289189363
 20
2.478170831780588
 30
0.0
  0
VERTEX
  5
362
330
26F
100
AcDbEntity
  8
inside2_T
100
AcDbVertex
100
AcDb2dVertex
 10
-338.0263460134823
 20
2.486159411433718
 30
0.0
  0
VERTEX
  5
363
330
26F
100
AcDbEntity
  8
inside2_T
100
AcDbVertex
100
AcDb2dVertex
 10
-338.9072770261502
 20
2.502054638398079
 30
0.0
  0
VERTEX
  5
364
330
26F
100
AcDbEntity
  8
inside2_T
100
AcDbVertex
100
AcDb2dVertex
 10
-339.7881073281209
 20
2.517835482478745
 30
0.0
  0
VERTEX
  5
365
330
26F
100
AcDbEntity
  8
inside2_T
100
AcDbVertex
100
AcDb2dVertex
 10
-340.6689870638011
 20
2.533523958727983
 30
0.0
  0
VERTEX
  5
366
330
26F
100
AcDbEntity
  8
inside2_T
100
AcDbVertex
100
AcDb2dVertex
 10
-341.5498918769686
 20
2.548915569657922
 30
0.0
  0
VERTEX
  5
367
330
26F
100
AcDbEntity
  8
inside2_T
100
AcDbVertex
100
AcDb2dVertex
 10
-342.4307921326047
 20
2.564299477594744
 30
0.0
  0
VERTEX
  5
368
330
26F
100
AcDbEntity
  8
inside2_T
100
AcDbVertex
100
AcDb2dVertex
 10
-343.3117714560096
 20
2.579385732038233
 30
0.0
  0
VERTEX
  5
369
330
26F
100
AcDbEntity
  8
inside2_T
100
AcDbVertex
100
AcDb2dVertex
 10
-344.1927029242933
 20
2.594381380771836
 30
0.0
  0
VERTEX
  5
36A
330
26F
100
AcDbEntity
  8
inside2_T
100
AcDbVertex
100
AcDb2dVertex
 10
-345.0737018246566
 20
2.609269763621555
 30
0.0
  0
VERTEX
  5
36B
330
26F
100
AcDbEntity
  8
inside2_T
100
AcDbVertex
100
AcDb2dVertex
 10
-345.9547858441767
 20
2.62395195622922
 30
0.0
  0
VERTEX
  5
36C
330
26F
100
AcDbEntity
  8
inside2_T
100
AcDbVertex
100
AcDb2dVertex
 10
-346.8357631714751
 20
2.638443570537888
 30
0.0
  0
VERTEX
  5
36D
330
26F
100
AcDbEntity
  8
inside2_T
100
AcDbVertex
100
AcDb2dVertex
 10
-347.7168637020366
 20
2.652729750503738
 30
0.0
  0
VERTEX
  5
36E
330
26F
100
AcDbEntity
  8
inside2_T
100
AcDbVertex
100
AcDb2dVertex
 10
-348.5979473100711
 20
2.666916431543299
 30
0.0
  0
VERTEX
  5
36F
330
26F
100
AcDbEntity
  8
inside2_T
100
AcDbVertex
100
AcDb2dVertex
 10
-349.479121887263
 20
2.680805801738842
 30
0.0
  0
VERTEX
  5
370
330
26F
100
AcDbEntity
  8
inside2_T
100
AcDbVertex
100
AcDb2dVertex
 10
-350.8008832819548
 20
2.701488102460942
 30
0.0
  0
VERTEX
  5
371
330
26F
100
AcDbEntity
  8
inside2_T
100
AcDbVertex
100
AcDb2dVertex
 10
-352.1225994534597
 20
2.721674191109955
 30
0.0
  0
VERTEX
  5
372
330
26F
100
AcDbEntity
  8
inside2_T
100
AcDbVertex
100
AcDb2dVertex
 10
-353.4443156224398
 20
2.74145625302242
 30
0.0
  0
VERTEX
  5
373
330
26F
100
AcDbEntity
  8
inside2_T
100
AcDbVertex
100
AcDb2dVertex
 10
-354.7660500637519
 20
2.7607430771248
 30
0.0
  0
VERTEX
  5
374
330
26F
100
AcDbEntity
  8
inside2_T
100
AcDbVertex
100
AcDb2dVertex
 10
-356.0875862638173
 20
2.779724970674266
 30
0.0
  0
VERTEX
  5
375
330
26F
100
AcDbEntity
  8
inside2_T
100
AcDbVertex
100
AcDb2dVertex
 10
-357.4090882590542
 20
2.798210874470215
 30
0.0
  0
VERTEX
  5
376
330
26F
100
AcDbEntity
  8
inside2_T
100
AcDbVertex
100
AcDb2dVertex
 10
-358.7304075581009
 20
2.816201490899857
 30
0.0
  0
VERTEX
  5
377
330
26F
100
AcDbEntity
  8
inside2_T
100
AcDbVertex
100
AcDb2dVertex
 10
-360.0515326863372
 20
2.833780714138555
 30
0.0
  0
VERTEX
  5
378
330
26F
100
AcDbEntity
  8
inside2_T
100
AcDbVertex
100
AcDb2dVertex
 10
-361.3723515995455
 20
2.850970936280987
 30
0.0
  0
VERTEX
  5
379
330
26F
100
AcDbEntity
  8
inside2_T
100
AcDbVertex
100
AcDb2dVertex
 10
-362.6929774598813
 20
2.867658095035267
 30
0.0
  0
VERTEX
  5
37A
330
26F
100
AcDbEntity
  8
inside2_T
100
AcDbVertex
100
AcDb2dVertex
 10
-363.5732600455736
 20
2.878543850797229
 30
0.0
  0
VERTEX
  5
37B
330
26F
100
AcDbEntity
  8
inside2_T
100
AcDbVertex
100
AcDb2dVertex
 10
-364.4535352223515
 20
2.889239124824442
 30
0.0
  0
VERTEX
  5
37C
330
26F
100
AcDbEntity
  8
inside2_T
100
AcDbVertex
100
AcDb2dVertex
 10
-365.3339791989334
 20
2.899728223627719
 30
0.0
  0
VERTEX
  5
37D
330
26F
100
AcDbEntity
  8
inside2_T
100
AcDbVertex
100
AcDb2dVertex
 10
-366.2146645209922
 20
2.909920352597254
 30
0.0
  0
VERTEX
  5
37E
330
26F
100
AcDbEntity
  8
inside2_T
100
AcDbVertex
100
AcDb2dVertex
 10
-367.095834959265
 20
2.920013349173772
 30
0.0
  0
VERTEX
  5
37F
330
26F
100
AcDbEntity
  8
inside2_T
100
AcDbVertex
100
AcDb2dVertex
 10
-367.9774832167835
 20
2.929801140443317
 30
0.0
  0
VERTEX
  5
380
330
26F
100
AcDbEntity
  8
inside2_T
100
AcDbVertex
100
AcDb2dVertex
 10
-368.8599221682616
 20
2.939398336759126
 30
0.0
  0
VERTEX
  5
381
330
26F
100
AcDbEntity
  8
inside2_T
100
AcDbVertex
100
AcDb2dVertex
 10
-370.6276209033584
 20
2.957984025547148
 30
0.0
  0
VERTEX
  5
382
330
26F
100
AcDbEntity
  8
inside2_T
100
AcDbVertex
100
AcDb2dVertex
 10
-371.0699069523383
 20
2.962473504105887
 30
0.0
  0
VERTEX
  5
383
330
26F
100
AcDbEntity
  8
inside2_T
100
AcDbVertex
100
AcDb2dVertex
 10
-371.9545775404923
 20
2.971369760688177
 30
0.0
  0
VERTEX
  5
384
330
26F
100
AcDbEntity
  8
inside2_T
100
AcDbVertex
100
AcDb2dVertex
 10
-372.8389300149191
 20
2.979960813671312
 30
0.0
  0
VERTEX
  5
385
330
26F
100
AcDbEntity
  8
inside2_T
100
AcDbVertex
100
AcDb2dVertex
 10
-373.7224143333129
 20
2.988353968058519
 30
0.0
  0
VERTEX
  5
386
330
26F
100
AcDbEntity
  8
inside2_T
100
AcDbVertex
100
AcDb2dVertex
 10
-374.6043722212341
 20
2.996548619042244
 30
0.0
  0
VERTEX
  5
387
330
26F
100
AcDbEntity
  8
inside2_T
100
AcDbVertex
100
AcDb2dVertex
 10
-375.9233229289044
 20
3.008341981109865
 30
0.0
  0
VERTEX
  5
388
330
26F
100
AcDbEntity
  8
inside2_T
100
AcDbVertex
100
AcDb2dVertex
 10
-376.7993070068119
 20
3.016033675054857
 30
0.0
  0
VERTEX
  5
389
330
26F
100
AcDbEntity
  8
inside2_T
100
AcDbVertex
100
AcDb2dVertex
 10
-377.2361604398299
 20
3.019730267891319
 30
0.0
  0
VERTEX
  5
38A
330
26F
100
AcDbEntity
  8
inside2_T
100
AcDbVertex
100
AcDb2dVertex
 10
-377.6728149465787
 20
3.023328398603354
 30
0.0
  0
VERTEX
  5
38B
330
26F
100
AcDbEntity
  8
inside2_T
100
AcDbVertex
100
AcDb2dVertex
 10
-378.1095975349342
 20
3.026926956496098
 30
0.0
  0
VERTEX
  5
38C
330
26F
100
AcDbEntity
  8
inside2_T
100
AcDbVertex
100
AcDb2dVertex
 10
-378.5468333466147
 20
3.03052497772795
 30
0.0
  0
VERTEX
  5
38D
330
26F
100
AcDbEntity
  8
inside2_T
100
AcDbVertex
100
AcDb2dVertex
 10
-378.9848121586654
 20
3.034015881210578
 30
0.0
  0
VERTEX
  5
38E
330
26F
100
AcDbEntity
  8
inside2_T
100
AcDbVertex
100
AcDb2dVertex
 10
-379.4240568408614
 20
3.037415796661122
 30
0.0
  0
VERTEX
  5
38F
330
26F
100
AcDbEntity
  8
inside2_T
100
AcDbVertex
100
AcDb2dVertex
 10
-379.8647734160061
 20
3.040815540383974
 30
0.0
  0
VERTEX
  5
390
330
26F
100
AcDbEntity
  8
inside2_T
100
AcDbVertex
100
AcDb2dVertex
 10
-380.307286461418
 20
3.044108660721932
 30
0.0
  0
VERTEX
  5
391
330
26F
100
AcDbEntity
  8
inside2_T
100
AcDbVertex
100
AcDb2dVertex
 10
-380.7515204510074
 20
3.047409390277863
 30
0.0
  0
VERTEX
  5
392
330
26F
100
AcDbEntity
  8
inside2_T
100
AcDbVertex
100
AcDb2dVertex
 10
-381.196787615746
 20
3.050603045350371
 30
0.0
  0
VERTEX
  5
393
330
26F
100
AcDbEntity
  8
inside2_T
100
AcDbVertex
100
AcDb2dVertex
 10
-381.6427257795897
 20
3.053698038247916
 30
0.0
  0
VERTEX
  5
394
330
26F
100
AcDbEntity
  8
inside2_T
100
AcDbVertex
100
AcDb2dVertex
 10
-382.0886717899173
 20
3.056800708803351
 30
0.0
  0
VERTEX
  5
395
330
26F
100
AcDbEntity
  8
inside2_T
100
AcDbVertex
100
AcDb2dVertex
 10
-382.534197997916
 20
3.059796598881775
 30
0.0
  0
VERTEX
  5
396
330
26F
100
AcDbEntity
  8
inside2_T
100
AcDbVertex
100
AcDb2dVertex
 10
-382.978656696213
 20
3.062792589837912
 30
0.0
  0
VERTEX
  5
397
330
26F
100
AcDbEntity
  8
inside2_T
100
AcDbVertex
100
AcDb2dVertex
 10
-383.4216436318297
 20
3.065689124966525
 30
0.0
  0
VERTEX
  5
398
330
26F
100
AcDbEntity
  8
inside2_T
100
AcDbVertex
100
AcDb2dVertex
 10
-383.8625894691997
 20
3.068486869206254
 30
0.0
  0
VERTEX
  5
399
330
26F
100
AcDbEntity
  8
inside2_T
100
AcDbVertex
100
AcDb2dVertex
 10
-384.3017454021359
 20
3.071284671833823
 30
0.0
  0
VERTEX
  5
39A
330
26F
100
AcDbEntity
  8
inside2_T
100
AcDbVertex
100
AcDb2dVertex
 10
-384.7395014330563
 20
3.07398329322811
 30
0.0
  0
VERTEX
  5
39B
330
26F
100
AcDbEntity
  8
inside2_T
100
AcDbVertex
100
AcDb2dVertex
 10
-385.1760430621478
 20
3.076681947403031
 30
0.0
  0
VERTEX
  5
39C
330
26F
100
AcDbEntity
  8
inside2_T
100
AcDbVertex
100
AcDb2dVertex
 10
-385.6118338966319
 20
3.079281112662741
 30
0.0
  0
VERTEX
  5
39D
330
26F
100
AcDbEntity
  8
inside2_T
100
AcDbVertex
100
AcDb2dVertex
 10
-386.0471731209985
 20
3.081773861951234
 30
0.0
  0
VERTEX
  5
39E
330
26F
100
AcDbEntity
  8
inside2_T
100
AcDbVertex
100
AcDb2dVertex
 10
-386.4825225663541
 20
3.084274292957872
 30
0.0
  0
VERTEX
  5
39F
330
26F
100
AcDbEntity
  8
inside2_T
100
AcDbVertex
100
AcDb2dVertex
 10
-386.9180619379117
 20
3.086675575942436
 30
0.0
  0
VERTEX
  5
3A0
330
26F
100
AcDbEntity
  8
inside2_T
100
AcDbVertex
100
AcDb2dVertex
 10
-387.3542922096667
 20
3.089069178429469
 30
0.0
  0
VERTEX
  5
3A1
330
26F
100
AcDbEntity
  8
inside2_T
100
AcDbVertex
100
AcDb2dVertex
 10
-387.7915413430995
 20
3.091371372339594
 30
0.0
  0
VERTEX
  5
3A2
330
26F
100
AcDbEntity
  8
inside2_T
100
AcDbVertex
100
AcDb2dVertex
 10
-388.2299097338371
 20
3.093665576741031
 30
0.0
  0
VERTEX
  5
3A3
330
26F
100
AcDbEntity
  8
inside2_T
100
AcDbVertex
100
AcDb2dVertex
 10
-388.6701363235814
 20
3.095769516806314
 30
0.0
  0
VERTEX
  5
3A4
330
26F
100
AcDbEntity
  8
inside2_T
100
AcDbVertex
100
AcDb2dVertex
 10
-389.1123494187298
 20
3.097964879341689
 30
0.0
  0
VERTEX
  5
3A5
330
26F
100
AcDbEntity
  8
inside2_T
100
AcDbVertex
100
AcDb2dVertex
 10
-390.4546433197049
 20
3.103956582200368
 30
0.0
  0
VERTEX
  5
3A6
330
26F
100
AcDbEntity
  8
inside2_T
100
AcDbVertex
100
AcDb2dVertex
 10
-390.907698706705
 20
3.10585447572933
 30
0.0
  0
VERTEX
  5
3A7
330
26F
100
AcDbEntity
  8
inside2_T
100
AcDbVertex
100
AcDb2dVertex
 10
-391.3620800402254
 20
3.10765334164077
 30
0.0
  0
VERTEX
  5
3A8
330
26F
100
AcDbEntity
  8
inside2_T
100
AcDbVertex
100
AcDb2dVertex
 10
-391.815905995235
 20
3.109353321281404
 30
0.0
  0
VERTEX
  5
3A9
330
26F
100
AcDbEntity
  8
inside2_T
100
AcDbVertex
100
AcDb2dVertex
 10
-392.2675042120356
 20
3.1110535238289
 30
0.0
  0
VERTEX
  5
3AA
330
26F
100
AcDbEntity
  8
inside2_T
100
AcDbVertex
100
AcDb2dVertex
 10
-392.7151596426698
 20
3.112753577405798
 30
0.0
  0
VERTEX
  5
3AB
330
26F
100
AcDbEntity
  8
inside2_T
100
AcDbVertex
100
AcDb2dVertex
 10
-393.1571682673559
 20
3.114346717173319
 30
0.0
  0
VERTEX
  5
3AC
330
26F
100
AcDbEntity
  8
inside2_T
100
AcDbVertex
100
AcDb2dVertex
 10
-393.5916979992311
 20
3.115848407531516
 30
0.0
  0
VERTEX
  5
3AD
330
26F
100
AcDbEntity
  8
inside2_T
100
AcDbVertex
100
AcDb2dVertex
 10
-394.0172778972157
 20
3.117251150101552
 30
0.0
  0
VERTEX
  5
3AE
330
26F
100
AcDbEntity
  8
inside2_T
100
AcDbVertex
100
AcDb2dVertex
 10
-394.4344469322012
 20
3.118646236783377
 30
0.0
  0
VERTEX
  5
3AF
330
26F
100
AcDbEntity
  8
inside2_T
100
AcDbVertex
100
AcDb2dVertex
 10
-394.8464049476561
 20
3.119942181687648
 30
0.0
  0
VERTEX
  5
3B0
330
26F
100
AcDbEntity
  8
inside2_T
100
AcDbVertex
100
AcDb2dVertex
 10
-395.2566832681173
 20
3.121245741334477
 30
0.0
  0
VERTEX
  5
3B1
330
26F
100
AcDbEntity
  8
inside2_T
100
AcDbVertex
100
AcDb2dVertex
 10
-395.6685324940841
 20
3.122442534265488
 30
0.0
  0
VERTEX
  5
3B2
330
26F
100
AcDbEntity
  8
inside2_T
100
AcDbVertex
100
AcDb2dVertex
 10
-396.0855488939368
 20
3.12363927985777
 30
0.0
  0
VERTEX
  5
3B3
330
26F
100
AcDbEntity
  8
inside2_T
100
AcDbVertex
100
AcDb2dVertex
 10
-396.5108738175945
 20
3.124744316839127
 30
0.0
  0
VERTEX
  5
3B4
330
26F
100
AcDbEntity
  8
inside2_T
100
AcDbVertex
100
AcDb2dVertex
 10
-397.4009505140912
 20
3.126642476289533
 30
0.0
  0
SEQEND
  5
3B5
330
26F
100
AcDbEntity
  8
inside2_T
  0
POLYLINE
  5
3B6
330
1F
100
AcDbEntity
  8
inside2_T
100
AcDb2dPolyline
 66
     1
 10
0.0
 20
0.0
 30
0.0
  0
VERTEX
  5
3B7
330
3B6
100
AcDbEntity
  8
inside2_T
100
AcDbVertex
100
AcDb2dVertex
 10
34.54935282155083
 20
1.181754456005194
 30
0.0
  0
VERTEX
  5
3B8
330
3B6
100
AcDbEntity
  8
inside2_T
100
AcDbVertex
100
AcDb2dVertex
 10
34.12233015540158
 20
1.182158544730129
 30
0.0
  0
VERTEX
  5
3B9
330
3B6
100
AcDbEntity
  8
inside2_T
100
AcDbVertex
100
AcDb2dVertex
 10
33.67661325645298
 20
1.182555008615608
 30
0.0
  0
VERTEX
  5
3BA
330
3B6
100
AcDbEntity
  8
inside2_T
100
AcDbVertex
100
AcDb2dVertex
 10
33.21333165360937
 20
1.182959015613989
 30
0.0
  0
VERTEX
  5
3BB
330
3B6
100
AcDbEntity
  8
inside2_T
100
AcDbVertex
100
AcDb2dVertex
 10
32.73426123450662
 20
1.183553584935041
 30
0.0
  0
VERTEX
  5
3BC
330
3B6
100
AcDbEntity
  8
inside2_T
100
AcDbVertex
100
AcDb2dVertex
 10
32.24408834960258
 20
1.184155894090466
 30
0.0
  0
VERTEX
  5
3BD
330
3B6
100
AcDbEntity
  8
inside2_T
100
AcDbVertex
100
AcDb2dVertex
 10
31.74767462108474
 20
1.184758152955936
 30
0.0
  0
VERTEX
  5
3BE
330
3B6
100
AcDbEntity
  8
inside2_T
100
AcDbVertex
100
AcDb2dVertex
 10
31.2501929252507
 20
1.185451810015294
 30
0.0
  0
VERTEX
  5
3BF
330
3B6
100
AcDbEntity
  8
inside2_T
100
AcDbVertex
100
AcDb2dVertex
 10
30.75550446054075
 20
1.186252252115935
 30
0.0
  0
VERTEX
  5
3C0
330
3B6
100
AcDbEntity
  8
inside2_T
100
AcDbVertex
100
AcDb2dVertex
 10
30.26649956032878
 20
1.187052674886331
 30
0.0
  0
VERTEX
  5
3C1
330
3B6
100
AcDbEntity
  8
inside2_T
100
AcDbVertex
100
AcDb2dVertex
 10
29.78565801871122
 20
1.187952099493401
 30
0.0
  0
VERTEX
  5
3C2
330
3B6
100
AcDbEntity
  8
inside2_T
100
AcDbVertex
100
AcDb2dVertex
 10
29.31566089875986
 20
1.188950698538321
 30
0.0
  0
VERTEX
  5
3C3
330
3B6
100
AcDbEntity
  8
inside2_T
100
AcDbVertex
100
AcDb2dVertex
 10
28.85716499575454
 20
1.189949284747229
 30
0.0
  0
VERTEX
  5
3C4
330
3B6
100
AcDbEntity
  8
inside2_T
100
AcDbVertex
100
AcDb2dVertex
 10
28.40910130061792
 20
1.191046807576697
 30
0.0
  0
VERTEX
  5
3C5
330
3B6
100
AcDbEntity
  8
inside2_T
100
AcDbVertex
100
AcDb2dVertex
 10
27.11038340417116
 20
1.194644955349247
 30
0.0
  0
VERTEX
  5
3C6
330
3B6
100
AcDbEntity
  8
inside2_T
100
AcDbVertex
100
AcDb2dVertex
 10
26.6875906163711
 20
1.195948271737947
 30
0.0
  0
VERTEX
  5
3C7
330
3B6
100
AcDbEntity
  8
inside2_T
100
AcDbVertex
100
AcDb2dVertex
 10
26.26730179387795
 20
1.197343086117471
 30
0.0
  0
VERTEX
  5
3C8
330
3B6
100
AcDbEntity
  8
inside2_T
100
AcDbVertex
100
AcDb2dVertex
 10
25.84785666481179
 20
1.198844807010659
 30
0.0
  0
VERTEX
  5
3C9
330
3B6
100
AcDbEntity
  8
inside2_T
100
AcDbVertex
100
AcDb2dVertex
 10
25.42820002027423
 20
1.20033895246884
 30
0.0
  0
VERTEX
  5
3CA
330
3B6
100
AcDbEntity
  8
inside2_T
100
AcDbVertex
100
AcDb2dVertex
 10
25.00754640941199
 20
1.201939787130158
 30
0.0
  0
VERTEX
  5
3CB
330
3B6
100
AcDbEntity
  8
inside2_T
100
AcDbVertex
100
AcDb2dVertex
 10
24.58518069351629
 20
1.203540696872977
 30
0.0
  0
VERTEX
  5
3CC
330
3B6
100
AcDbEntity
  8
inside2_T
100
AcDbVertex
100
AcDb2dVertex
 10
24.1603887498415
 20
1.205232852112445
 30
0.0
  0
VERTEX
  5
3CD
330
3B6
100
AcDbEntity
  8
inside2_T
100
AcDbVertex
100
AcDb2dVertex
 10
23.73233367061738
 20
1.207031915346121
 30
0.0
  0
VERTEX
  5
3CE
330
3B6
100
AcDbEntity
  8
inside2_T
100
AcDbVertex
100
AcDb2dVertex
 10
23.30036331076479
 20
1.208831093351506
 30
0.0
  0
VERTEX
  5
3CF
330
3B6
100
AcDbEntity
  8
inside2_T
100
AcDbVertex
100
AcDb2dVertex
 10
22.86359538611458
 20
1.210729355119952
 30
0.0
  0
VERTEX
  5
3D0
330
3B6
100
AcDbEntity
  8
inside2_T
100
AcDbVertex
100
AcDb2dVertex
 10
22.42153888063643
 20
1.212627607626828
 30
0.0
  0
VERTEX
  5
3D1
330
3B6
100
AcDbEntity
  8
inside2_T
100
AcDbVertex
100
AcDb2dVertex
 10
21.97463941496079
 20
1.214632358931198
 30
0.0
  0
VERTEX
  5
3D2
330
3B6
100
AcDbEntity
  8
inside2_T
100
AcDbVertex
100
AcDb2dVertex
 10
21.52398920019681
 20
1.21672879647663
 30
0.0
  0
VERTEX
  5
3D3
330
3B6
100
AcDbEntity
  8
inside2_T
100
AcDbVertex
100
AcDb2dVertex
 10
21.07063587423085
 20
1.218825254663358
 30
0.0
  0
VERTEX
  5
3D4
330
3B6
100
AcDbEntity
  8
inside2_T
100
AcDbVertex
100
AcDb2dVertex
 10
20.61590809233206
 20
1.221020755102373
 30
0.0
  0
VERTEX
  5
3D5
330
3B6
100
AcDbEntity
  8
inside2_T
100
AcDbVertex
100
AcDb2dVertex
 10
20.16057640396747
 20
1.223223850020034
 30
0.0
  0
VERTEX
  5
3D6
330
3B6
100
AcDbEntity
  8
inside2_T
100
AcDbVertex
100
AcDb2dVertex
 10
19.70600161286637
 20
1.225518142453083
 30
0.0
  0
VERTEX
  5
3D7
330
3B6
100
AcDbEntity
  8
inside2_T
100
AcDbVertex
100
AcDb2dVertex
 10
19.25308515969999
 20
1.227919406174536
 30
0.0
  0
VERTEX
  5
3D8
330
3B6
100
AcDbEntity
  8
inside2_T
100
AcDbVertex
100
AcDb2dVertex
 10
18.80290613385813
 20
1.230312759212453
 30
0.0
  0
VERTEX
  5
3D9
330
3B6
100
AcDbEntity
  8
inside2_T
100
AcDbVertex
100
AcDb2dVertex
 10
17.4682664438821
 20
1.238011753346058
 30
0.0
  0
VERTEX
  5
3DA
330
3B6
100
AcDbEntity
  8
inside2_T
100
AcDbVertex
100
AcDb2dVertex
 10
15.72001538095645
 20
1.248996639197713
 30
0.0
  0
VERTEX
  5
3DB
330
3B6
100
AcDbEntity
  8
inside2_T
100
AcDbVertex
100
AcDb2dVertex
 10
15.28747400396009
 20
1.251900368708149
 30
0.0
  0
VERTEX
  5
3DC
330
3B6
100
AcDbEntity
  8
inside2_T
100
AcDbVertex
100
AcDb2dVertex
 10
14.85573040562798
 20
1.254896258851247
 30
0.0
  0
VERTEX
  5
3DD
330
3B6
100
AcDbEntity
  8
inside2_T
100
AcDbVertex
100
AcDb2dVertex
 10
14.42438522014726
 20
1.257892135043093
 30
0.0
  0
VERTEX
  5
3DE
330
3B6
100
AcDbEntity
  8
inside2_T
100
AcDbVertex
100
AcDb2dVertex
 10
13.99253382304659
 20
1.260987133581878
 30
0.0
  0
VERTEX
  5
3DF
330
3B6
100
AcDbEntity
  8
inside2_T
100
AcDbVertex
100
AcDb2dVertex
 10
13.55957472499921
 20
1.264089826699262
 30
0.0
  0
VERTEX
  5
3E0
330
3B6
100
AcDbEntity
  8
inside2_T
100
AcDbVertex
100
AcDb2dVertex
 10
13.1248801222402
 20
1.267283644447659
 30
0.0
  0
VERTEX
  5
3E1
330
3B6
100
AcDbEntity
  8
inside2_T
100
AcDbVertex
100
AcDb2dVertex
 10
12.68771709842571
 20
1.270584627799224
 30
0.0
  0
VERTEX
  5
3E2
330
3B6
100
AcDbEntity
  8
inside2_T
100
AcDbVertex
100
AcDb2dVertex
 10
12.24750192749474
 20
1.273878350370879
 30
0.0
  0
VERTEX
  5
3E3
330
3B6
100
AcDbEntity
  8
inside2_T
100
AcDbVertex
100
AcDb2dVertex
 10
11.80397557110194
 20
1.277179033283048
 30
0.0
  0
VERTEX
  5
3E4
330
3B6
100
AcDbEntity
  8
inside2_T
100
AcDbVertex
100
AcDb2dVertex
 10
11.35808953985764
 20
1.280670140406784
 30
0.0
  0
VERTEX
  5
3E5
330
3B6
100
AcDbEntity
  8
inside2_T
100
AcDbVertex
100
AcDb2dVertex
 10
10.910397757721
 20
1.284169638538501
 30
0.0
  0
VERTEX
  5
3E6
330
3B6
100
AcDbEntity
  8
inside2_T
100
AcDbVertex
100
AcDb2dVertex
 10
10.46185773625047
 20
1.287668735606402
 30
0.0
  0
VERTEX
  5
3E7
330
3B6
100
AcDbEntity
  8
inside2_T
100
AcDbVertex
100
AcDb2dVertex
 10
10.01347253010994
 20
1.291266427397417
 30
0.0
  0
VERTEX
  5
3E8
330
3B6
100
AcDbEntity
  8
inside2_T
100
AcDbVertex
100
AcDb2dVertex
 10
9.565842728980613
 20
1.294963642205786
 30
0.0
  0
VERTEX
  5
3E9
330
3B6
100
AcDbEntity
  8
inside2_T
100
AcDbVertex
100
AcDb2dVertex
 10
9.119836090325123
 20
1.298660672319158
 30
0.0
  0
VERTEX
  5
3EA
330
3B6
100
AcDbEntity
  8
inside2_T
100
AcDbVertex
100
AcDb2dVertex
 10
8.676312419186786
 20
1.302456815386449
 30
0.0
  0
VERTEX
  5
3EB
330
3B6
100
AcDbEntity
  8
inside2_T
100
AcDbVertex
100
AcDb2dVertex
 10
8.235303948880244
 20
1.306252961170884
 30
0.0
  0
VERTEX
  5
3EC
330
3B6
100
AcDbEntity
  8
inside2_T
100
AcDbVertex
100
AcDb2dVertex
 10
7.796434225839164
 20
1.310147758469839
 30
0.0
  0
VERTEX
  5
3ED
330
3B6
100
AcDbEntity
  8
inside2_T
100
AcDbVertex
100
AcDb2dVertex
 10
7.359087101606235
 20
1.314142213833051
 30
0.0
  0
VERTEX
  5
3EE
330
3B6
100
AcDbEntity
  8
inside2_T
100
AcDbVertex
100
AcDb2dVertex
 10
6.922518497885164
 20
1.318144702888688
 30
0.0
  0
VERTEX
  5
3EF
330
3B6
100
AcDbEntity
  8
inside2_T
100
AcDbVertex
100
AcDb2dVertex
 10
6.486470816541157
 20
1.322139265576297
 30
0.0
  0
VERTEX
  5
3F0
330
3B6
100
AcDbEntity
  8
inside2_T
100
AcDbVertex
100
AcDb2dVertex
 10
6.050283200237288
 20
1.326232383214347
 30
0.0
  0
VERTEX
  5
3F1
330
3B6
100
AcDbEntity
  8
inside2_T
100
AcDbVertex
100
AcDb2dVertex
 10
5.613437118640775
 20
1.33043282630662
 30
0.0
  0
VERTEX
  5
3F2
330
3B6
100
AcDbEntity
  8
inside2_T
100
AcDbVertex
100
AcDb2dVertex
 10
5.175275692148432
 20
1.334625685666538
 30
0.0
  0
VERTEX
  5
3F3
330
3B6
100
AcDbEntity
  8
inside2_T
100
AcDbVertex
100
AcDb2dVertex
 10
4.735877216371762
 20
1.338924695837903
 30
0.0
  0
VERTEX
  5
3F4
330
3B6
100
AcDbEntity
  8
inside2_T
100
AcDbVertex
100
AcDb2dVertex
 10
4.295436747921883
 20
1.343323306857968
 30
0.0
  0
VERTEX
  5
3F5
330
3B6
100
AcDbEntity
  8
inside2_T
100
AcDbVertex
100
AcDb2dVertex
 10
3.854123169845877
 20
1.347714942225124
 30
0.0
  0
VERTEX
  5
3F6
330
3B6
100
AcDbEntity
  8
inside2_T
100
AcDbVertex
100
AcDb2dVertex
 10
3.412284586435078
 20
1.352113507836464
 30
0.0
  0
VERTEX
  5
3F7
330
3B6
100
AcDbEntity
  8
inside2_T
100
AcDbVertex
100
AcDb2dVertex
 10
2.970100228109402
 20
1.356610659656994
 30
0.0
  0
VERTEX
  5
3F8
330
3B6
100
AcDbEntity
  8
inside2_T
100
AcDbVertex
100
AcDb2dVertex
 10
2.527758145695714
 20
1.361207431374751
 30
0.0
  0
VERTEX
  5
3F9
330
3B6
100
AcDbEntity
  8
inside2_T
100
AcDbVertex
100
AcDb2dVertex
 10
2.085545694609607
 20
1.365803964990064
 30
0.0
  0
VERTEX
  5
3FA
330
3B6
100
AcDbEntity
  8
inside2_T
100
AcDbVertex
100
AcDb2dVertex
 10
0.7606065516678768
 20
1.379990865860108
 30
0.0
  0
VERTEX
  5
3FB
330
3B6
100
AcDbEntity
  8
inside2_T
100
AcDbVertex
100
AcDb2dVertex
 10
-0.1212261253952533
 20
1.389679408204316
 30
0.0
  0
VERTEX
  5
3FC
330
3B6
100
AcDbEntity
  8
inside2_T
100
AcDbVertex
100
AcDb2dVertex
 10
-1.002196841555417
 20
1.399673287103695
 30
0.0
  0
VERTEX
  5
3FD
330
3B6
100
AcDbEntity
  8
inside2_T
100
AcDbVertex
100
AcDb2dVertex
 10
-1.88257593634836
 20
1.409766300416834
 30
0.0
  0
VERTEX
  5
3FE
330
3B6
100
AcDbEntity
  8
inside2_T
100
AcDbVertex
100
AcDb2dVertex
 10
-2.762426312924219
 20
1.420156313267682
 30
0.0
  0
VERTEX
  5
3FF
330
3B6
100
AcDbEntity
  8
inside2_T
100
AcDbVertex
100
AcDb2dVertex
 10
-3.642104640433047
 20
1.430744836239981
 30
0.0
  0
VERTEX
  5
400
330
3B6
100
AcDbEntity
  8
inside2_T
100
AcDbVertex
100
AcDb2dVertex
 10
-4.081943092996028
 20
1.436142001209561
 30
0.0
  0
VERTEX
  5
401
330
3B6
100
AcDbEntity
  8
inside2_T
100
AcDbVertex
100
AcDb2dVertex
 10
-4.521769276244243
 20
1.441539202709521
 30
0.0
  0
VERTEX
  5
402
330
3B6
100
AcDbEntity
  8
inside2_T
100
AcDbVertex
100
AcDb2dVertex
 10
-5.401757163083914
 20
1.452531809286512
 30
0.0
  0
VERTEX
  5
403
330
3B6
100
AcDbEntity
  8
inside2_T
100
AcDbVertex
100
AcDb2dVertex
 10
-6.722073876413617
 20
1.469318015840614
 30
0.0
  0
VERTEX
  5
404
330
3B6
100
AcDbEntity
  8
inside2_T
100
AcDbVertex
100
AcDb2dVertex
 10
-8.04299959416204
 20
1.486698817999368
 30
0.0
  0
VERTEX
  5
405
330
3B6
100
AcDbEntity
  8
inside2_T
100
AcDbVertex
100
AcDb2dVertex
 10
-9.364411558099448
 20
1.504384524615972
 30
0.0
  0
VERTEX
  5
406
330
3B6
100
AcDbEntity
  8
inside2_T
100
AcDbVertex
100
AcDb2dVertex
 10
-10.68623618631801
 20
1.522672474067477
 30
0.0
  0
VERTEX
  5
407
330
3B6
100
AcDbEntity
  8
inside2_T
100
AcDbVertex
100
AcDb2dVertex
 10
-12.00836920585272
 20
1.541257989604375
 30
0.0
  0
VERTEX
  5
408
330
3B6
100
AcDbEntity
  8
inside2_T
100
AcDbVertex
100
AcDb2dVertex
 10
-13.33068118402599
 20
1.56033873952579
 30
0.0
  0
VERTEX
  5
409
330
3B6
100
AcDbEntity
  8
inside2_T
100
AcDbVertex
100
AcDb2dVertex
 10
-14.65322250032779
 20
1.579823750618587
 30
0.0
  0
VERTEX
  5
40A
330
3B6
100
AcDbEntity
  8
inside2_T
100
AcDbVertex
100
AcDb2dVertex
 10
-15.97575079105951
 20
1.599712827031212
 30
0.0
  0
VERTEX
  5
40B
330
3B6
100
AcDbEntity
  8
inside2_T
100
AcDbVertex
100
AcDb2dVertex
 10
-17.29827495403725
 20
1.619990392473881
 30
0.0
  0
VERTEX
  5
40C
330
3B6
100
AcDbEntity
  8
inside2_T
100
AcDbVertex
100
AcDb2dVertex
 10
-18.62072653222009
 20
1.640779245291625
 30
0.0
  0
VERTEX
  5
40D
330
3B6
100
AcDbEntity
  8
inside2_T
100
AcDbVertex
100
AcDb2dVertex
 10
-19.50218305876734
 20
1.654767593697883
 30
0.0
  0
VERTEX
  5
40E
330
3B6
100
AcDbEntity
  8
inside2_T
100
AcDbVertex
100
AcDb2dVertex
 10
-20.38369028751646
 20
1.669053816773456
 30
0.0
  0
VERTEX
  5
40F
330
3B6
100
AcDbEntity
  8
inside2_T
100
AcDbVertex
100
AcDb2dVertex
 10
-21.26510215893478
 20
1.683339977014896
 30
0.0
  0
VERTEX
  5
410
330
3B6
100
AcDbEntity
  8
inside2_T
100
AcDbVertex
100
AcDb2dVertex
 10
-22.14627518889762
 20
1.69793065093134
 30
0.0
  0
VERTEX
  5
411
330
3B6
100
AcDbEntity
  8
inside2_T
100
AcDbVertex
100
AcDb2dVertex
 10
-23.02758361657112
 20
1.712620903514477
 30
0.0
  0
VERTEX
  5
412
330
3B6
100
AcDbEntity
  8
inside2_T
100
AcDbVertex
100
AcDb2dVertex
 10
-23.90865151365603
 20
1.727508906447611
 30
0.0
  0
VERTEX
  5
413
330
3B6
100
AcDbEntity
  8
inside2_T
100
AcDbVertex
100
AcDb2dVertex
 10
-24.78976226278093
 20
1.742595583835737
 30
0.0
  0
VERTEX
  5
414
330
3B6
100
AcDbEntity
  8
inside2_T
100
AcDbVertex
100
AcDb2dVertex
 10
-25.67089654214357
 20
1.757781770758129
 30
0.0
  0
VERTEX
  5
415
330
3B6
100
AcDbEntity
  8
inside2_T
100
AcDbVertex
100
AcDb2dVertex
 10
-26.55179281249599
 20
1.773074261743375
 30
0.0
  0
VERTEX
  5
416
330
3B6
100
AcDbEntity
  8
inside2_T
100
AcDbVertex
100
AcDb2dVertex
 10
-27.43267859806593
 20
1.788556884850252
 30
0.0
  0
VERTEX
  5
417
330
3B6
100
AcDbEntity
  8
inside2_T
100
AcDbVertex
100
AcDb2dVertex
 10
-28.31357322407172
 20
1.804245762068476
 30
0.0
  0
VERTEX
  5
418
330
3B6
100
AcDbEntity
  8
inside2_T
100
AcDbVertex
100
AcDb2dVertex
 10
-29.19437847864202
 20
1.820033780782467
 30
0.0
  0
VERTEX
  5
419
330
3B6
100
AcDbEntity
  8
inside2_T
100
AcDbVertex
100
AcDb2dVertex
 10
-30.07518372282294
 20
1.83602000717201
 30
0.0
  0
VERTEX
  5
41A
330
3B6
100
AcDbEntity
  8
inside2_T
100
AcDbVertex
100
AcDb2dVertex
 10
-30.9559214750264
 20
1.852105775619052
 30
0.0
  0
VERTEX
  5
41B
330
3B6
100
AcDbEntity
  8
inside2_T
100
AcDbVertex
100
AcDb2dVertex
 10
-31.83651368724628
 20
1.868297841021374
 30
0.0
  0
VERTEX
  5
41C
330
3B6
100
AcDbEntity
  8
inside2_T
100
AcDbVertex
100
AcDb2dVertex
 10
-32.71722795115721
 20
1.884680492440481
 30
0.0
  0
VERTEX
  5
41D
330
3B6
100
AcDbEntity
  8
inside2_T
100
AcDbVertex
100
AcDb2dVertex
 10
-33.59783227485042
 20
1.901169811069821
 30
0.0
  0
VERTEX
  5
41E
330
3B6
100
AcDbEntity
  8
inside2_T
100
AcDbVertex
100
AcDb2dVertex
 10
-34.47833244346322
 20
1.917857385693992
 30
0.0
  0
VERTEX
  5
41F
330
3B6
100
AcDbEntity
  8
inside2_T
100
AcDbVertex
100
AcDb2dVertex
 10
-35.35888647194935
 20
1.934645091068248
 30
0.0
  0
VERTEX
  5
420
330
3B6
100
AcDbEntity
  8
inside2_T
100
AcDbVertex
100
AcDb2dVertex
 10
-35.79913889982146
 20
1.943038184347998
 30
0.0
  0
VERTEX
  5
421
330
3B6
100
AcDbEntity
  8
inside2_T
100
AcDbVertex
100
AcDb2dVertex
 10
-36.23937576696591
 20
1.951530372573103
 30
0.0
  0
VERTEX
  5
422
330
3B6
100
AcDbEntity
  8
inside2_T
100
AcDbVertex
100
AcDb2dVertex
 10
-36.67966611162984
 20
1.960023592381859
 30
0.0
  0
VERTEX
  5
423
330
3B6
100
AcDbEntity
  8
inside2_T
100
AcDbVertex
100
AcDb2dVertex
 10
-37.11989903405839
 20
1.968515704513194
 30
0.0
  0
VERTEX
  5
424
330
3B6
100
AcDbEntity
  8
inside2_T
100
AcDbVertex
100
AcDb2dVertex
 10
-37.56013195678321
 20
1.977114539783059
 30
0.0
  0
VERTEX
  5
425
330
3B6
100
AcDbEntity
  8
inside2_T
100
AcDbVertex
100
AcDb2dVertex
 10
-38.00033709421751
 20
1.98570699522476
 30
0.0
  0
VERTEX
  5
426
330
3B6
100
AcDbEntity
  8
inside2_T
100
AcDbVertex
100
AcDb2dVertex
 10
-38.44062936030883
 20
1.994299365512376
 30
0.0
  0
VERTEX
  5
427
330
3B6
100
AcDbEntity
  8
inside2_T
100
AcDbVertex
100
AcDb2dVertex
 10
-38.88086131086794
 20
2.002890558729348
 30
0.0
  0
VERTEX
  5
428
330
3B6
100
AcDbEntity
  8
inside2_T
100
AcDbVertex
100
AcDb2dVertex
 10
-39.32100177281615
 20
2.011588474609411
 30
0.0
  0
VERTEX
  5
429
330
3B6
100
AcDbEntity
  8
inside2_T
100
AcDbVertex
100
AcDb2dVertex
 10
-39.76124779981029
 20
2.020279045640592
 30
0.0
  0
VERTEX
  5
42A
330
3B6
100
AcDbEntity
  8
inside2_T
100
AcDbVertex
100
AcDb2dVertex
 10
-40.2014274680019
 20
2.029069525712373
 30
0.0
  0
VERTEX
  5
42B
330
3B6
100
AcDbEntity
  8
inside2_T
100
AcDbVertex
100
AcDb2dVertex
 10
-40.64173306081631
 20
2.037768595552407
 30
0.0
  0
VERTEX
  5
42C
330
3B6
100
AcDbEntity
  8
inside2_T
100
AcDbVertex
100
AcDb2dVertex
 10
-41.08180986883514
 20
2.046557021485029
 30
0.0
  0
VERTEX
  5
42D
330
3B6
100
AcDbEntity
  8
inside2_T
100
AcDbVertex
100
AcDb2dVertex
 10
-41.52210037738388
 20
2.05545432059283
 30
0.0
  0
VERTEX
  5
42E
330
3B6
100
AcDbEntity
  8
inside2_T
100
AcDbVertex
100
AcDb2dVertex
 10
-41.96229823839468
 20
2.064244859470961
 30
0.0
  0
VERTEX
  5
42F
330
3B6
100
AcDbEntity
  8
inside2_T
100
AcDbVertex
100
AcDb2dVertex
 10
-42.40243966259351
 20
2.073140994460758
 30
0.0
  0
VERTEX
  5
430
330
3B6
100
AcDbEntity
  8
inside2_T
100
AcDbVertex
100
AcDb2dVertex
 10
-42.84274019953028
 20
2.082030872078064
 30
0.0
  0
VERTEX
  5
431
330
3B6
100
AcDbEntity
  8
inside2_T
100
AcDbVertex
100
AcDb2dVertex
 10
-43.28286539484935
 20
2.090926987321353
 30
0.0
  0
VERTEX
  5
432
330
3B6
100
AcDbEntity
  8
inside2_T
100
AcDbVertex
100
AcDb2dVertex
 10
-43.72312309954106
 20
2.099914794390074
 30
0.0
  0
VERTEX
  5
433
330
3B6
100
AcDbEntity
  8
inside2_T
100
AcDbVertex
100
AcDb2dVertex
 10
-44.16329582252143
 20
2.1089109808307
 30
0.0
  0
VERTEX
  5
434
330
3B6
100
AcDbEntity
  8
inside2_T
100
AcDbVertex
100
AcDb2dVertex
 10
-44.60349501367506
 20
2.117907396459373
 30
0.0
  0
VERTEX
  5
435
330
3B6
100
AcDbEntity
  8
inside2_T
100
AcDbVertex
100
AcDb2dVertex
 10
-45.04373713735873
 20
2.12689519680886
 30
0.0
  0
VERTEX
  5
436
330
3B6
100
AcDbEntity
  8
inside2_T
100
AcDbVertex
100
AcDb2dVertex
 10
-45.48387755819277
 20
2.135989511160844
 30
0.0
  0
VERTEX
  5
437
330
3B6
100
AcDbEntity
  8
inside2_T
100
AcDbVertex
100
AcDb2dVertex
 10
-45.92406082675467
 20
2.145085025907278
 30
0.0
  0
VERTEX
  5
438
330
3B6
100
AcDbEntity
  8
inside2_T
100
AcDbVertex
100
AcDb2dVertex
 10
-46.36435354426618
 20
2.154180596683631
 30
0.0
  0
VERTEX
  5
439
330
3B6
100
AcDbEntity
  8
inside2_T
100
AcDbVertex
100
AcDb2dVertex
 10
-46.80450114095839
 20
2.163267436158122
 30
0.0
  0
VERTEX
  5
43A
330
3B6
100
AcDbEntity
  8
inside2_T
100
AcDbVertex
100
AcDb2dVertex
 10
-47.24469691150654
 20
2.172462006445997
 30
0.0
  0
VERTEX
  5
43B
330
3B6
100
AcDbEntity
  8
inside2_T
100
AcDbVertex
100
AcDb2dVertex
 10
-47.68498708485055
 20
2.18155752465897
 30
0.0
  0
VERTEX
  5
43C
330
3B6
100
AcDbEntity
  8
inside2_T
100
AcDbVertex
100
AcDb2dVertex
 10
-48.12506406087601
 20
2.190749932049272
 30
0.0
  0
VERTEX
  5
43D
330
3B6
100
AcDbEntity
  8
inside2_T
100
AcDbVertex
100
AcDb2dVertex
 10
-48.5653545769606
 20
2.20004368337581
 30
0.0
  0
VERTEX
  5
43E
330
3B6
100
AcDbEntity
  8
inside2_T
100
AcDbVertex
100
AcDb2dVertex
 10
-49.00555343272168
 20
2.209238318105932
 30
0.0
  0
VERTEX
  5
43F
330
3B6
100
AcDbEntity
  8
inside2_T
100
AcDbVertex
100
AcDb2dVertex
 10
-49.44579149008456
 20
2.21853096212196
 30
0.0
  0
VERTEX
  5
440
330
3B6
100
AcDbEntity
  8
inside2_T
100
AcDbVertex
100
AcDb2dVertex
 10
-49.88598826777849
 20
2.227824665961208
 30
0.0
  0
VERTEX
  5
441
330
3B6
100
AcDbEntity
  8
inside2_T
100
AcDbVertex
100
AcDb2dVertex
 10
-50.32628069050844
 20
2.237118457538216
 30
0.0
  0
VERTEX
  5
442
330
3B6
100
AcDbEntity
  8
inside2_T
100
AcDbVertex
100
AcDb2dVertex
 10
-50.76642519245758
 20
2.246411057699959
 30
0.0
  0
VERTEX
  5
443
330
3B6
100
AcDbEntity
  8
inside2_T
100
AcDbVertex
100
AcDb2dVertex
 10
-51.20671536391461
 20
2.255803914691029
 30
0.0
  0
VERTEX
  5
444
330
3B6
100
AcDbEntity
  8
inside2_T
100
AcDbVertex
100
AcDb2dVertex
 10
-51.64689914652791
 20
2.265097666094064
 30
0.0
  0
VERTEX
  5
445
330
3B6
100
AcDbEntity
  8
inside2_T
100
AcDbVertex
100
AcDb2dVertex
 10
-52.08715281204428
 20
2.274489419036243
 30
0.0
  0
VERTEX
  5
446
330
3B6
100
AcDbEntity
  8
inside2_T
100
AcDbVertex
100
AcDb2dVertex
 10
-52.52728153052686
 20
2.283881108478681
 30
0.0
  0
VERTEX
  5
447
330
3B6
100
AcDbEntity
  8
inside2_T
100
AcDbVertex
100
AcDb2dVertex
 10
-52.96757310034451
 20
2.293373108555258
 30
0.0
  0
VERTEX
  5
448
330
3B6
100
AcDbEntity
  8
inside2_T
100
AcDbVertex
100
AcDb2dVertex
 10
-53.40791675903466
 20
2.30276710660732
 30
0.0
  0
VERTEX
  5
449
330
3B6
100
AcDbEntity
  8
inside2_T
100
AcDbVertex
100
AcDb2dVertex
 10
-53.8480612506599
 20
2.312158807288867
 30
0.0
  0
VERTEX
  5
44A
330
3B6
100
AcDbEntity
  8
inside2_T
100
AcDbVertex
100
AcDb2dVertex
 10
-54.28829933173171
 20
2.32164965423145
 30
0.0
  0
VERTEX
  5
44B
330
3B6
100
AcDbEntity
  8
inside2_T
100
AcDbVertex
100
AcDb2dVertex
 10
-54.72849606516371
 20
2.331141582136766
 30
0.0
  0
VERTEX
  5
44C
330
3B6
100
AcDbEntity
  8
inside2_T
100
AcDbVertex
100
AcDb2dVertex
 10
-55.16873111791102
 20
2.340639986950208
 30
0.0
  0
VERTEX
  5
44D
330
3B6
100
AcDbEntity
  8
inside2_T
100
AcDbVertex
100
AcDb2dVertex
 10
-55.60902556361799
 20
2.350231162927699
 30
0.0
  0
VERTEX
  5
44E
330
3B6
100
AcDbEntity
  8
inside2_T
100
AcDbVertex
100
AcDb2dVertex
 10
-56.04931483608613
 20
2.359723113477003
 30
0.0
  0
VERTEX
  5
44F
330
3B6
100
AcDbEntity
  8
inside2_T
100
AcDbVertex
100
AcDb2dVertex
 10
-56.48950959083237
 20
2.36931411076597
 30
0.0
  0
VERTEX
  5
450
330
3B6
100
AcDbEntity
  8
inside2_T
100
AcDbVertex
100
AcDb2dVertex
 10
-56.92980100768892
 20
2.378813731638758
 30
0.0
  0
VERTEX
  5
451
330
3B6
100
AcDbEntity
  8
inside2_T
100
AcDbVertex
100
AcDb2dVertex
 10
-57.37004214039717
 20
2.388403746269873
 30
0.0
  0
VERTEX
  5
452
330
3B6
100
AcDbEntity
  8
inside2_T
100
AcDbVertex
100
AcDb2dVertex
 10
-57.81023885169981
 20
2.397994786193294
 30
0.0
  0
VERTEX
  5
453
330
3B6
100
AcDbEntity
  8
inside2_T
100
AcDbVertex
100
AcDb2dVertex
 10
-58.25047392748598
 20
2.40758466888802
 30
0.0
  0
VERTEX
  5
454
330
3B6
100
AcDbEntity
  8
inside2_T
100
AcDbVertex
100
AcDb2dVertex
 10
-58.69076427214242
 20
2.417282492583311
 30
0.0
  0
VERTEX
  5
455
330
3B6
100
AcDbEntity
  8
inside2_T
100
AcDbVertex
100
AcDb2dVertex
 10
-59.13105353261955
 20
2.426873555608069
 30
0.0
  0
VERTEX
  5
456
330
3B6
100
AcDbEntity
  8
inside2_T
100
AcDbVertex
100
AcDb2dVertex
 10
-59.57125238838063
 20
2.436571379303516
 30
0.0
  0
VERTEX
  5
457
330
3B6
100
AcDbEntity
  8
inside2_T
100
AcDbVertex
100
AcDb2dVertex
 10
-60.01154791815571
 20
2.446162578895851
 30
0.0
  0
VERTEX
  5
458
330
3B6
100
AcDbEntity
  8
inside2_T
100
AcDbVertex
100
AcDb2dVertex
 10
-60.45178495063061
 20
2.455851605186339
 30
0.0
  0
VERTEX
  5
459
330
3B6
100
AcDbEntity
  8
inside2_T
100
AcDbVertex
100
AcDb2dVertex
 10
-60.89206709344768
 20
2.465549248299141
 30
0.0
  0
VERTEX
  5
45A
330
3B6
100
AcDbEntity
  8
inside2_T
100
AcDbVertex
100
AcDb2dVertex
 10
-61.33238124909832
 20
2.475239636446773
 30
0.0
  0
VERTEX
  5
45B
330
3B6
100
AcDbEntity
  8
inside2_T
100
AcDbVertex
100
AcDb2dVertex
 10
-61.77256196794639
 20
2.484929772482616
 30
0.0
  0
VERTEX
  5
45C
330
3B6
100
AcDbEntity
  8
inside2_T
100
AcDbVertex
100
AcDb2dVertex
 10
-62.21279761021452
 20
2.494626391338485
 30
0.0
  0
VERTEX
  5
45D
330
3B6
100
AcDbEntity
  8
inside2_T
100
AcDbVertex
100
AcDb2dVertex
 10
-62.65310320300597
 20
2.504415703936218
 30
0.0
  0
VERTEX
  5
45E
330
3B6
100
AcDbEntity
  8
inside2_T
100
AcDbVertex
100
AcDb2dVertex
 10
-63.09339336529644
 20
2.514113523614725
 30
0.0
  0
VERTEX
  5
45F
330
3B6
100
AcDbEntity
  8
inside2_T
100
AcDbVertex
100
AcDb2dVertex
 10
-63.53368244513132
 20
2.523902808091051
 30
0.0
  0
VERTEX
  5
460
330
3B6
100
AcDbEntity
  8
inside2_T
100
AcDbVertex
100
AcDb2dVertex
 10
-63.9738662351163
 20
2.533600635804447
 30
0.0
  0
VERTEX
  5
461
330
3B6
100
AcDbEntity
  8
inside2_T
100
AcDbVertex
100
AcDb2dVertex
 10
-64.41412406462342
 20
2.543388886481267
 30
0.0
  0
VERTEX
  5
462
330
3B6
100
AcDbEntity
  8
inside2_T
100
AcDbVertex
100
AcDb2dVertex
 10
-64.85446325509389
 20
2.553186910104273
 30
0.0
  0
VERTEX
  5
463
330
3B6
100
AcDbEntity
  8
inside2_T
100
AcDbVertex
100
AcDb2dVertex
 10
-65.29475359977397
 20
2.562877109724866
 30
0.0
  0
VERTEX
  5
464
330
3B6
100
AcDbEntity
  8
inside2_T
100
AcDbVertex
100
AcDb2dVertex
 10
-65.73498653221287
 20
2.572672768914188
 30
0.0
  0
VERTEX
  5
465
330
3B6
100
AcDbEntity
  8
inside2_T
100
AcDbVertex
100
AcDb2dVertex
 10
-66.17528507856292
 20
2.582462263937799
 30
0.0
  0
VERTEX
  5
466
330
3B6
100
AcDbEntity
  8
inside2_T
100
AcDbVertex
100
AcDb2dVertex
 10
-66.61556722152187
 20
2.592259018185473
 30
0.0
  0
VERTEX
  5
467
330
3B6
100
AcDbEntity
  8
inside2_T
100
AcDbVertex
100
AcDb2dVertex
 10
-67.05588138073682
 20
2.602048521317926
 30
0.0
  0
VERTEX
  5
468
330
3B6
100
AcDbEntity
  8
inside2_T
100
AcDbVertex
100
AcDb2dVertex
 10
-67.496112659326
 20
2.611844143784793
 30
0.0
  0
VERTEX
  5
469
330
3B6
100
AcDbEntity
  8
inside2_T
100
AcDbVertex
100
AcDb2dVertex
 10
-67.93629644943081
 20
2.621732573460662
 30
0.0
  0
VERTEX
  5
46A
330
3B6
100
AcDbEntity
  8
inside2_T
100
AcDbVertex
100
AcDb2dVertex
 10
-68.37665272442524
 20
2.631530637828433
 30
0.0
  0
VERTEX
  5
46B
330
3B6
100
AcDbEntity
  8
inside2_T
100
AcDbVertex
100
AcDb2dVertex
 10
-68.81689349414393
 20
2.641318848253761
 30
0.0
  0
VERTEX
  5
46C
330
3B6
100
AcDbEntity
  8
inside2_T
100
AcDbVertex
100
AcDb2dVertex
 10
-69.25718383883037
 20
2.65121489790576
 30
0.0
  0
VERTEX
  5
46D
330
3B6
100
AcDbEntity
  8
inside2_T
100
AcDbVertex
100
AcDb2dVertex
 10
-69.69753159514136
 20
2.661005486981153
 30
0.0
  0
VERTEX
  5
46E
330
3B6
100
AcDbEntity
  8
inside2_T
100
AcDbVertex
100
AcDb2dVertex
 10
-70.1377645281064
 20
2.670801146253197
 30
0.0
  0
VERTEX
  5
46F
330
3B6
100
AcDbEntity
  8
inside2_T
100
AcDbVertex
100
AcDb2dVertex
 10
-70.57805505527705
 20
2.680689575928355
 30
0.0
  0
VERTEX
  5
470
330
3B6
100
AcDbEntity
  8
inside2_T
100
AcDbVertex
100
AcDb2dVertex
 10
-71.01835654727876
 20
2.690486421357463
 30
0.0
  0
VERTEX
  5
471
330
3B6
100
AcDbEntity
  8
inside2_T
100
AcDbVertex
100
AcDb2dVertex
 10
-71.45865081029893
 20
2.700382559078676
 30
0.0
  0
VERTEX
  5
472
330
3B6
100
AcDbEntity
  8
inside2_T
100
AcDbVertex
100
AcDb2dVertex
 10
-71.89899856661151
 20
2.710173148154098
 30
0.0
  0
VERTEX
  5
473
330
3B6
100
AcDbEntity
  8
inside2_T
100
AcDbVertex
100
AcDb2dVertex
 10
-72.33923149957678
 20
2.719968807426142
 30
0.0
  0
VERTEX
  5
474
330
3B6
100
AcDbEntity
  8
inside2_T
100
AcDbVertex
100
AcDb2dVertex
 10
-72.77947263451489
 20
2.729856127807352
 30
0.0
  0
VERTEX
  5
475
330
3B6
100
AcDbEntity
  8
inside2_T
100
AcDbVertex
100
AcDb2dVertex
 10
-73.21981218893353
 20
2.73975328357767
 30
0.0
  0
VERTEX
  5
476
330
3B6
100
AcDbEntity
  8
inside2_T
100
AcDbVertex
100
AcDb2dVertex
 10
-73.66010271795159
 20
2.749542600274808
 30
0.0
  0
VERTEX
  5
477
330
3B6
100
AcDbEntity
  8
inside2_T
100
AcDbVertex
100
AcDb2dVertex
 10
-74.100408310766
 20
2.759438649926309
 30
0.0
  0
VERTEX
  5
478
330
3B6
100
AcDbEntity
  8
inside2_T
100
AcDbVertex
100
AcDb2dVertex
 10
-74.54075588274583
 20
2.769229234903307
 30
0.0
  0
VERTEX
  5
479
330
3B6
100
AcDbEntity
  8
inside2_T
100
AcDbVertex
100
AcDb2dVertex
 10
-74.98088098505838
 20
2.779024869577071
 30
0.0
  0
VERTEX
  5
47A
330
3B6
100
AcDbEntity
  8
inside2_T
100
AcDbVertex
100
AcDb2dVertex
 10
-75.42118785568942
 20
2.78891332385065
 30
0.0
  0
VERTEX
  5
47B
330
3B6
100
AcDbEntity
  8
inside2_T
100
AcDbVertex
100
AcDb2dVertex
 10
-75.86147391533979
 20
2.798710165177937
 30
0.0
  0
VERTEX
  5
47C
330
3B6
100
AcDbEntity
  8
inside2_T
100
AcDbVertex
100
AcDb2dVertex
 10
-76.3017683608503
 20
2.808606307000829
 30
0.0
  0
VERTEX
  5
47D
330
3B6
100
AcDbEntity
  8
inside2_T
100
AcDbVertex
100
AcDb2dVertex
 10
-76.74205870551424
 20
2.818395619599073
 30
0.0
  0
VERTEX
  5
47E
330
3B6
100
AcDbEntity
  8
inside2_T
100
AcDbVertex
100
AcDb2dVertex
 10
-77.18234905017817
 20
2.828291669250575
 30
0.0
  0
VERTEX
  5
47F
330
3B6
100
AcDbEntity
  8
inside2_T
100
AcDbVertex
100
AcDb2dVertex
 10
-77.62269680649075
 20
2.838082258325983
 30
0.0
  0
VERTEX
  5
480
330
3B6
100
AcDbEntity
  8
inside2_T
100
AcDbVertex
100
AcDb2dVertex
 10
-78.06299456256335
 20
2.84787902069435
 30
0.0
  0
VERTEX
  5
481
330
3B6
100
AcDbEntity
  8
inside2_T
100
AcDbVertex
100
AcDb2dVertex
 10
-78.50323533229613
 20
2.857667231119976
 30
0.0
  0
VERTEX
  5
482
330
3B6
100
AcDbEntity
  8
inside2_T
100
AcDbVertex
100
AcDb2dVertex
 10
-78.94352567698098
 20
2.867563280771961
 30
0.0
  0
VERTEX
  5
483
330
3B6
100
AcDbEntity
  8
inside2_T
100
AcDbVertex
100
AcDb2dVertex
 10
-79.38387343329697
 20
2.877353869847454
 30
0.0
  0
VERTEX
  5
484
330
3B6
100
AcDbEntity
  8
inside2_T
100
AcDbVertex
100
AcDb2dVertex
 10
-79.82415557623682
 20
2.887150624094687
 30
0.0
  0
VERTEX
  5
485
330
3B6
100
AcDbEntity
  8
inside2_T
100
AcDbVertex
100
AcDb2dVertex
 10
-80.26445412260574
 20
2.896940119118739
 30
0.0
  0
VERTEX
  5
486
330
3B6
100
AcDbEntity
  8
inside2_T
100
AcDbVertex
100
AcDb2dVertex
 10
-80.70475187869766
 20
2.906736881487518
 30
0.0
  0
VERTEX
  5
487
330
3B6
100
AcDbEntity
  8
inside2_T
100
AcDbVertex
100
AcDb2dVertex
 10
-81.14505006008591
 20
2.916526368390493
 30
0.0
  0
VERTEX
  5
488
330
3B6
100
AcDbEntity
  8
inside2_T
100
AcDbVertex
100
AcDb2dVertex
 10
-81.58542588146048
 20
2.926323171352138
 30
0.0
  0
VERTEX
  5
489
330
3B6
100
AcDbEntity
  8
inside2_T
100
AcDbVertex
100
AcDb2dVertex
 10
-82.0257868793156
 20
2.936113715813363
 30
0.0
  0
VERTEX
  5
48A
330
3B6
100
AcDbEntity
  8
inside2_T
100
AcDbVertex
100
AcDb2dVertex
 10
-82.46607704161153
 20
2.945811535491998
 30
0.0
  0
VERTEX
  5
48B
330
3B6
100
AcDbEntity
  8
inside2_T
100
AcDbVertex
100
AcDb2dVertex
 10
-82.90631817581226
 20
2.955599753956292
 30
0.0
  0
VERTEX
  5
48C
330
3B6
100
AcDbEntity
  8
inside2_T
100
AcDbVertex
100
AcDb2dVertex
 10
-83.34665773098942
 20
2.965397785687955
 30
0.0
  0
VERTEX
  5
48D
330
3B6
100
AcDbEntity
  8
inside2_T
100
AcDbVertex
100
AcDb2dVertex
 10
-83.78694807565859
 20
2.975087985308306
 30
0.0
  0
VERTEX
  5
48E
330
3B6
100
AcDbEntity
  8
inside2_T
100
AcDbVertex
100
AcDb2dVertex
 10
-84.2272386008529
 20
2.984884925998756
 30
0.0
  0
VERTEX
  5
48F
330
3B6
100
AcDbEntity
  8
inside2_T
100
AcDbVertex
100
AcDb2dVertex
 10
-84.6676017866535
 20
2.994576393119431
 30
0.0
  0
VERTEX
  5
490
330
3B6
100
AcDbEntity
  8
inside2_T
100
AcDbVertex
100
AcDb2dVertex
 10
-85.10788356845893
 20
3.004274028286986
 30
0.0
  0
VERTEX
  5
491
330
3B6
100
AcDbEntity
  8
inside2_T
100
AcDbVertex
100
AcDb2dVertex
 10
-85.54818211495223
 20
3.013964408489471
 30
0.0
  0
VERTEX
  5
492
330
3B6
100
AcDbEntity
  8
inside2_T
100
AcDbVertex
100
AcDb2dVertex
 10
-85.98858172323327
 20
3.023654663709237
 30
0.0
  0
VERTEX
  5
493
330
3B6
100
AcDbEntity
  8
inside2_T
100
AcDbVertex
100
AcDb2dVertex
 10
-86.42886133949224
 20
3.033352251222624
 30
0.0
  0
VERTEX
  5
494
330
3B6
100
AcDbEntity
  8
inside2_T
100
AcDbVertex
100
AcDb2dVertex
 10
-86.86915988599736
 20
3.043042631425379
 30
0.0
  0
VERTEX
  5
495
330
3B6
100
AcDbEntity
  8
inside2_T
100
AcDbVertex
100
AcDb2dVertex
 10
-87.30949944192281
 20
3.052741539117818
 30
0.0
  0
VERTEX
  5
496
330
3B6
100
AcDbEntity
  8
inside2_T
100
AcDbVertex
100
AcDb2dVertex
 10
-87.74979515083743
 20
3.06233274261244
 30
0.0
  0
VERTEX
  5
497
330
3B6
100
AcDbEntity
  8
inside2_T
100
AcDbVertex
100
AcDb2dVertex
 10
-88.1901922325547
 20
3.072022942232664
 30
0.0
  0
VERTEX
  5
498
330
3B6
100
AcDbEntity
  8
inside2_T
100
AcDbVertex
100
AcDb2dVertex
 10
-88.63053462633417
 20
3.08161516268936
 30
0.0
  0
VERTEX
  5
499
330
3B6
100
AcDbEntity
  8
inside2_T
100
AcDbVertex
100
AcDb2dVertex
 10
-89.07081676903027
 20
3.091213694667815
 30
0.0
  0
VERTEX
  5
49A
330
3B6
100
AcDbEntity
  8
inside2_T
100
AcDbVertex
100
AcDb2dVertex
 10
-89.51111531564317
 20
3.100804960048592
 30
0.0
  0
VERTEX
  5
49B
330
3B6
100
AcDbEntity
  8
inside2_T
100
AcDbVertex
100
AcDb2dVertex
 10
-89.95151489811911
 20
3.110396101159608
 30
0.0
  0
VERTEX
  5
49C
330
3B6
100
AcDbEntity
  8
inside2_T
100
AcDbVertex
100
AcDb2dVertex
 10
-90.391794540062
 20
3.119994578669363
 30
0.0
  0
VERTEX
  5
49D
330
3B6
100
AcDbEntity
  8
inside2_T
100
AcDbVertex
100
AcDb2dVertex
 10
-90.83214763708867
 20
3.129587032351793
 30
0.0
  0
VERTEX
  5
49E
330
3B6
100
AcDbEntity
  8
inside2_T
100
AcDbVertex
100
AcDb2dVertex
 10
-91.27259926953644
 20
3.139080181759695
 30
0.0
  0
VERTEX
  5
49F
330
3B6
100
AcDbEntity
  8
inside2_T
100
AcDbVertex
100
AcDb2dVertex
 10
-91.71283097640054
 20
3.148570891290774
 30
0.0
  0
VERTEX
  5
4A0
330
3B6
100
AcDbEntity
  8
inside2_T
100
AcDbVertex
100
AcDb2dVertex
 10
-92.15322805814759
 20
3.15816960200884
 30
0.0
  0
VERTEX
  5
4A1
330
3B6
100
AcDbEntity
  8
inside2_T
100
AcDbVertex
100
AcDb2dVertex
 10
-92.59357456564618
 20
3.167662786456219
 30
0.0
  0
VERTEX
  5
4A2
330
3B6
100
AcDbEntity
  8
inside2_T
100
AcDbVertex
100
AcDb2dVertex
 10
-93.03391944855349
 20
3.177155935879938
 30
0.0
  0
VERTEX
  5
4A3
330
3B6
100
AcDbEntity
  8
inside2_T
100
AcDbVertex
100
AcDb2dVertex
 10
-93.47431653027076
 20
3.1865487965661
 30
0.0
  0
VERTEX
  5
4A4
330
3B6
100
AcDbEntity
  8
inside2_T
100
AcDbVertex
100
AcDb2dVertex
 10
-93.91460687493469
 20
3.196040770230269
 30
0.0
  0
VERTEX
  5
4A5
330
3B6
100
AcDbEntity
  8
inside2_T
100
AcDbVertex
100
AcDb2dVertex
 10
-94.35500395665196
 20
3.205433630916446
 30
0.0
  0
VERTEX
  5
4A6
330
3B6
100
AcDbEntity
  8
inside2_T
100
AcDbVertex
100
AcDb2dVertex
 10
-94.79529020125432
 20
3.214925516189695
 30
0.0
  0
VERTEX
  5
4A7
330
3B6
100
AcDbEntity
  8
inside2_T
100
AcDbVertex
100
AcDb2dVertex
 10
-95.23579391150093
 20
3.224328276987663
 30
0.0
  0
VERTEX
  5
4A8
330
3B6
100
AcDbEntity
  8
inside2_T
100
AcDbVertex
100
AcDb2dVertex
 10
-95.67608835631182
 20
3.233622111242653
 30
0.0
  0
VERTEX
  5
4A9
330
3B6
100
AcDbEntity
  8
inside2_T
100
AcDbVertex
100
AcDb2dVertex
 10
-96.11643334802721
 20
3.243013860944757
 30
0.0
  0
VERTEX
  5
4AA
330
3B6
100
AcDbEntity
  8
inside2_T
100
AcDbVertex
100
AcDb2dVertex
 10
-96.55686726970868
 20
3.252407832613329
 30
0.0
  0
VERTEX
  5
4AB
330
3B6
100
AcDbEntity
  8
inside2_T
100
AcDbVertex
100
AcDb2dVertex
 10
-96.99722530080447
 20
3.261702687162185
 30
0.0
  0
VERTEX
  5
4AC
330
3B6
100
AcDbEntity
  8
inside2_T
100
AcDbVertex
100
AcDb2dVertex
 10
-97.43760886531305
 20
3.270996471403009
 30
0.0
  0
VERTEX
  5
4AD
330
3B6
100
AcDbEntity
  8
inside2_T
100
AcDbVertex
100
AcDb2dVertex
 10
-97.87800629314762
 20
3.280290226415445
 30
0.0
  0
VERTEX
  5
4AE
330
3B6
100
AcDbEntity
  8
inside2_T
100
AcDbVertex
100
AcDb2dVertex
 10
-98.31835282868911
 20
3.289585160219474
 30
0.0
  0
VERTEX
  5
4AF
330
3B6
100
AcDbEntity
  8
inside2_T
100
AcDbVertex
100
AcDb2dVertex
 10
-98.75880852494748
 20
3.298773393617296
 30
0.0
  0
VERTEX
  5
4B0
330
3B6
100
AcDbEntity
  8
inside2_T
100
AcDbVertex
100
AcDb2dVertex
 10
-99.19919740620054
 20
3.307967857208666
 30
0.0
  0
VERTEX
  5
4B1
330
3B6
100
AcDbEntity
  8
inside2_T
100
AcDbVertex
100
AcDb2dVertex
 10
-99.6395788973561
 20
3.31716248478979
 30
0.0
  0
VERTEX
  5
4B2
330
3B6
100
AcDbEntity
  8
inside2_T
100
AcDbVertex
100
AcDb2dVertex
 10
-100.079867186939
 20
3.326357076607863
 30
0.0
  0
VERTEX
  5
4B3
330
3B6
100
AcDbEntity
  8
inside2_T
100
AcDbVertex
100
AcDb2dVertex
 10
-100.5203199692579
 20
3.335552874264309
 30
0.0
  0
VERTEX
  5
4B4
330
3B6
100
AcDbEntity
  8
inside2_T
100
AcDbVertex
100
AcDb2dVertex
 10
-100.9607703543605
 20
3.344649496891336
 30
0.0
  0
VERTEX
  5
4B5
330
3B6
100
AcDbEntity
  8
inside2_T
100
AcDbVertex
100
AcDb2dVertex
 10
-101.4011678433167
 20
3.353737560370888
 30
0.0
  0
VERTEX
  5
4B6
330
3B6
100
AcDbEntity
  8
inside2_T
100
AcDbVertex
100
AcDb2dVertex
 10
-101.8415568937014
 20
3.362832916319945
 30
0.0
  0
VERTEX
  5
4B7
330
3B6
100
AcDbEntity
  8
inside2_T
100
AcDbVertex
100
AcDb2dVertex
 10
-102.2819995705406
 20
3.371929537227288
 30
0.0
  0
VERTEX
  5
4B8
330
3B6
100
AcDbEntity
  8
inside2_T
100
AcDbVertex
100
AcDb2dVertex
 10
-102.7224007526292
 20
3.380926029763543
 30
0.0
  0
VERTEX
  5
4B9
330
3B6
100
AcDbEntity
  8
inside2_T
100
AcDbVertex
100
AcDb2dVertex
 10
-103.1627901264922
 20
3.390013925711557
 30
0.0
  0
VERTEX
  5
4BA
330
3B6
100
AcDbEntity
  8
inside2_T
100
AcDbVertex
100
AcDb2dVertex
 10
-103.6032862775471
 20
3.399012514050881
 30
0.0
  0
VERTEX
  5
4BB
330
3B6
100
AcDbEntity
  8
inside2_T
100
AcDbVertex
100
AcDb2dVertex
 10
-104.0436833592627
 20
3.40790218577169
 30
0.0
  0
VERTEX
  5
4BC
330
3B6
100
AcDbEntity
  8
inside2_T
100
AcDbVertex
100
AcDb2dVertex
 10
-104.4840687165251
 20
3.416898510781976
 30
0.0
  0
VERTEX
  5
4BD
330
3B6
100
AcDbEntity
  8
inside2_T
100
AcDbVertex
100
AcDb2dVertex
 10
-104.9245191868321
 20
3.425796885182095
 30
0.0
  0
VERTEX
  5
4BE
330
3B6
100
AcDbEntity
  8
inside2_T
100
AcDbVertex
100
AcDb2dVertex
 10
-105.3649670321338
 20
3.434687735580411
 30
0.0
  0
VERTEX
  5
4BF
330
3B6
100
AcDbEntity
  8
inside2_T
100
AcDbVertex
100
AcDb2dVertex
 10
-105.8054632268642
 20
3.443485918399162
 30
0.0
  0
VERTEX
  5
4C0
330
3B6
100
AcDbEntity
  8
inside2_T
100
AcDbVertex
100
AcDb2dVertex
 10
-106.2458516198259
 20
3.45237556862844
 30
0.0
  0
VERTEX
  5
4C1
330
3B6
100
AcDbEntity
  8
inside2_T
100
AcDbVertex
100
AcDb2dVertex
 10
-106.6862979894134
 20
3.461174736111701
 30
0.0
  0
VERTEX
  5
4C2
330
3B6
100
AcDbEntity
  8
inside2_T
100
AcDbVertex
100
AcDb2dVertex
 10
-107.1267499240075
 20
3.469966542017318
 30
0.0
  0
VERTEX
  5
4C3
330
3B6
100
AcDbEntity
  8
inside2_T
100
AcDbVertex
100
AcDb2dVertex
 10
-107.56724201819
 20
3.478657906874759
 30
0.0
  0
VERTEX
  5
4C4
330
3B6
100
AcDbEntity
  8
inside2_T
100
AcDbVertex
100
AcDb2dVertex
 10
-108.0076303430827
 20
3.48745606706251
 30
0.0
  0
VERTEX
  5
4C5
330
3B6
100
AcDbEntity
  8
inside2_T
100
AcDbVertex
100
AcDb2dVertex
 10
-108.4481316360709
 20
3.496149719989248
 30
0.0
  0
VERTEX
  5
4C6
330
3B6
100
AcDbEntity
  8
inside2_T
100
AcDbVertex
100
AcDb2dVertex
 10
-108.8886237301702
 20
3.504741972789674
 30
0.0
  0
VERTEX
  5
4C7
330
3B6
100
AcDbEntity
  8
inside2_T
100
AcDbVertex
100
AcDb2dVertex
 10
-109.3290131878122
 20
3.513441042629694
 30
0.0
  0
VERTEX
  5
4C8
330
3B6
100
AcDbEntity
  8
inside2_T
100
AcDbVertex
100
AcDb2dVertex
 10
-109.7695679108757
 20
3.522034517072683
 30
0.0
  0
VERTEX
  5
4C9
330
3B6
100
AcDbEntity
  8
inside2_T
100
AcDbVertex
100
AcDb2dVertex
 10
-110.2100095442135
 20
3.530627867852218
 30
0.0
  0
VERTEX
  5
4CA
330
3B6
100
AcDbEntity
  8
inside2_T
100
AcDbVertex
100
AcDb2dVertex
 10
-110.6505601545073
 20
3.539122136849684
 30
0.0
  0
VERTEX
  5
4CB
330
3B6
100
AcDbEntity
  8
inside2_T
100
AcDbVertex
100
AcDb2dVertex
 10
-111.091048567032
 20
3.547615353610169
 30
0.0
  0
VERTEX
  5
4CC
330
3B6
100
AcDbEntity
  8
inside2_T
100
AcDbVertex
100
AcDb2dVertex
 10
-111.531443751178
 20
3.556108536827367
 30
0.0
  0
VERTEX
  5
4CD
330
3B6
100
AcDbEntity
  8
inside2_T
100
AcDbVertex
100
AcDb2dVertex
 10
-111.9719834948824
 20
3.564610368325773
 30
0.0
  0
VERTEX
  5
4CE
330
3B6
100
AcDbEntity
  8
inside2_T
100
AcDbVertex
100
AcDb2dVertex
 10
-112.412537164841
 20
3.573005570406622
 30
0.0
  0
VERTEX
  5
4CF
330
3B6
100
AcDbEntity
  8
inside2_T
100
AcDbVertex
100
AcDb2dVertex
 10
-112.8529829251494
 20
3.581400750407497
 30
0.0
  0
VERTEX
  5
4D0
330
3B6
100
AcDbEntity
  8
inside2_T
100
AcDbVertex
100
AcDb2dVertex
 10
-113.2934801357479
 20
3.589688139297891
 30
0.0
  0
VERTEX
  5
4D1
330
3B6
100
AcDbEntity
  8
inside2_T
100
AcDbVertex
100
AcDb2dVertex
 10
-113.7339646066002
 20
3.598082168002009
 30
0.0
  0
VERTEX
  5
4D2
330
3B6
100
AcDbEntity
  8
inside2_T
100
AcDbVertex
100
AcDb2dVertex
 10
-114.1745673978708
 20
3.606379169177245
 30
0.0
  0
VERTEX
  5
4D3
330
3B6
100
AcDbEntity
  8
inside2_T
100
AcDbVertex
100
AcDb2dVertex
 10
-114.6151091900052
 20
3.614576040309643
 30
0.0
  0
VERTEX
  5
4D4
330
3B6
100
AcDbEntity
  8
inside2_T
100
AcDbVertex
100
AcDb2dVertex
 10
-115.0556055372668
 20
3.622771924022999
 30
0.0
  0
VERTEX
  5
4D5
330
3B6
100
AcDbEntity
  8
inside2_T
100
AcDbVertex
100
AcDb2dVertex
 10
-115.496101731962
 20
3.630967804897708
 30
0.0
  0
VERTEX
  5
4D6
330
3B6
100
AcDbEntity
  8
inside2_T
100
AcDbVertex
100
AcDb2dVertex
 10
-115.9366476244275
 20
3.639164752322273
 30
0.0
  0
VERTEX
  5
4D7
330
3B6
100
AcDbEntity
  8
inside2_T
100
AcDbVertex
100
AcDb2dVertex
 10
-116.3772012938263
 20
3.647254951592444
 30
0.0
  0
VERTEX
  5
4D8
330
3B6
100
AcDbEntity
  8
inside2_T
100
AcDbVertex
100
AcDb2dVertex
 10
-116.8177389881012
 20
3.655352622521065
 30
0.0
  0
VERTEX
  5
4D9
330
3B6
100
AcDbEntity
  8
inside2_T
100
AcDbVertex
100
AcDb2dVertex
 10
-117.2582926573094
 20
3.663343695877757
 30
0.0
  0
VERTEX
  5
4DA
330
3B6
100
AcDbEntity
  8
inside2_T
100
AcDbVertex
100
AcDb2dVertex
 10
-118.1393974450889
 20
3.679339385364926
 30
0.0
  0
VERTEX
  5
4DB
330
3B6
100
AcDbEntity
  8
inside2_T
100
AcDbVertex
100
AcDb2dVertex
 10
-119.0204928986701
 20
3.695229954413449
 30
0.0
  0
VERTEX
  5
4DC
330
3B6
100
AcDbEntity
  8
inside2_T
100
AcDbVertex
100
AcDb2dVertex
 10
-119.9016592496498
 20
3.710815022871316
 30
0.0
  0
VERTEX
  5
4DD
330
3B6
100
AcDbEntity
  8
inside2_T
100
AcDbVertex
100
AcDb2dVertex
 10
-120.7828194696079
 20
3.726407607644219
 30
0.0
  0
VERTEX
  5
4DE
330
3B6
100
AcDbEntity
  8
inside2_T
100
AcDbVertex
100
AcDb2dVertex
 10
-121.6641187265349
 20
3.741703388137338
 30
0.0
  0
VERTEX
  5
4DF
330
3B6
100
AcDbEntity
  8
inside2_T
100
AcDbVertex
100
AcDb2dVertex
 10
-122.5452579093745
 20
3.756891499279178
 30
0.0
  0
VERTEX
  5
4E0
330
3B6
100
AcDbEntity
  8
inside2_T
100
AcDbVertex
100
AcDb2dVertex
 10
-123.4265208458065
 20
3.771980913023867
 30
0.0
  0
VERTEX
  5
4E1
330
3B6
100
AcDbEntity
  8
inside2_T
100
AcDbVertex
100
AcDb2dVertex
 10
-124.3077113410881
 20
3.786872533719276
 30
0.0
  0
VERTEX
  5
4E2
330
3B6
100
AcDbEntity
  8
inside2_T
100
AcDbVertex
100
AcDb2dVertex
 10
-125.189011478252
 20
3.801565952687213
 30
0.0
  0
VERTEX
  5
4E3
330
3B6
100
AcDbEntity
  8
inside2_T
100
AcDbVertex
100
AcDb2dVertex
 10
-126.0703734870812
 20
3.81605300903
 30
0.0
  0
VERTEX
  5
4E4
330
3B6
100
AcDbEntity
  8
inside2_T
100
AcDbVertex
100
AcDb2dVertex
 10
-126.9516364418499
 20
3.830448569284059
 30
0.0
  0
VERTEX
  5
4E5
330
3B6
100
AcDbEntity
  8
inside2_T
100
AcDbVertex
100
AcDb2dVertex
 10
-127.8330348067528
 20
3.844638722295798
 30
0.0
  0
VERTEX
  5
4E6
330
3B6
100
AcDbEntity
  8
inside2_T
100
AcDbVertex
100
AcDb2dVertex
 10
-128.7143251739669
 20
3.858630605110463
 30
0.0
  0
VERTEX
  5
4E7
330
3B6
100
AcDbEntity
  8
inside2_T
100
AcDbVertex
100
AcDb2dVertex
 10
-130.0364499095481
 20
3.879317040172793
 30
0.0
  0
VERTEX
  5
4E8
330
3B6
100
AcDbEntity
  8
inside2_T
100
AcDbVertex
100
AcDb2dVertex
 10
-131.7993223174239
 20
3.906202601943093
 30
0.0
  0
VERTEX
  5
4E9
330
3B6
100
AcDbEntity
  8
inside2_T
100
AcDbVertex
100
AcDb2dVertex
 10
-133.5622944450759
 20
3.932287553129228
 30
0.0
  0
VERTEX
  5
4EA
330
3B6
100
AcDbEntity
  8
inside2_T
100
AcDbVertex
100
AcDb2dVertex
 10
-135.3252655344644
 20
3.957670994040669
 30
0.0
  0
VERTEX
  5
4EB
330
3B6
100
AcDbEntity
  8
inside2_T
100
AcDbVertex
100
AcDb2dVertex
 10
-137.0883371206305
 20
3.982261459846058
 30
0.0
  0
VERTEX
  5
4EC
330
3B6
100
AcDbEntity
  8
inside2_T
100
AcDbVertex
100
AcDb2dVertex
 10
-138.8516198920414
 20
4.006142980451713
 30
0.0
  0
VERTEX
  5
4ED
330
3B6
100
AcDbEntity
  8
inside2_T
100
AcDbVertex
100
AcDb2dVertex
 10
-140.614823430019
 20
4.029132535226466
 30
0.0
  0
VERTEX
  5
4EE
330
3B6
100
AcDbEntity
  8
inside2_T
100
AcDbVertex
100
AcDb2dVertex
 10
-142.3781921259048
 20
4.051321138267284
 30
0.0
  0
VERTEX
  5
4EF
330
3B6
100
AcDbEntity
  8
inside2_T
100
AcDbVertex
100
AcDb2dVertex
 10
-144.1415814222735
 20
4.072808404063792
 30
0.0
  0
VERTEX
  5
4F0
330
3B6
100
AcDbEntity
  8
inside2_T
100
AcDbVertex
100
AcDb2dVertex
 10
-145.9049767157382
 20
4.093396078237163
 30
0.0
  0
VERTEX
  5
4F1
330
3B6
100
AcDbEntity
  8
inside2_T
100
AcDbVertex
100
AcDb2dVertex
 10
-147.6685778505253
 20
4.113183120239711
 30
0.0
  0
VERTEX
  5
4F2
330
3B6
100
AcDbEntity
  8
inside2_T
100
AcDbVertex
100
AcDb2dVertex
 10
-149.432170028283
 20
4.132070390383589
 30
0.0
  0
VERTEX
  5
4F3
330
3B6
100
AcDbEntity
  8
inside2_T
100
AcDbVertex
100
AcDb2dVertex
 10
-151.1957709989204
 20
4.15016466641508
 30
0.0
  0
VERTEX
  5
4F4
330
3B6
100
AcDbEntity
  8
inside2_T
100
AcDbVertex
100
AcDb2dVertex
 10
-152.9594710592991
 20
4.167351559521066
 30
0.0
  0
VERTEX
  5
4F5
330
3B6
100
AcDbEntity
  8
inside2_T
100
AcDbVertex
100
AcDb2dVertex
 10
-154.7231768064525
 20
4.183745569760404
 30
0.0
  0
VERTEX
  5
4F6
330
3B6
100
AcDbEntity
  8
inside2_T
100
AcDbVertex
100
AcDb2dVertex
 10
-156.4869892974568
 20
4.199133063953823
 30
0.0
  0
VERTEX
  5
4F7
330
3B6
100
AcDbEntity
  8
inside2_T
100
AcDbVertex
100
AcDb2dVertex
 10
-158.2507874190836
 20
4.213727426664548
 30
0.0
  0
VERTEX
  5
4F8
330
3B6
100
AcDbEntity
  8
inside2_T
100
AcDbVertex
100
AcDb2dVertex
 10
-160.0147133343392
 20
4.227422254999084
 30
0.0
  0
VERTEX
  5
4F9
330
3B6
100
AcDbEntity
  8
inside2_T
100
AcDbVertex
100
AcDb2dVertex
 10
-161.7786248002679
 20
4.240110455264954
 30
0.0
  0
VERTEX
  5
4FA
330
3B6
100
AcDbEntity
  8
inside2_T
100
AcDbVertex
100
AcDb2dVertex
 10
-163.5425353266972
 20
4.252005636678575
 30
0.0
  0
VERTEX
  5
4FB
330
3B6
100
AcDbEntity
  8
inside2_T
100
AcDbVertex
100
AcDb2dVertex
 10
-165.3065603313412
 20
4.26290202268558
 30
0.0
  0
VERTEX
  5
4FC
330
3B6
100
AcDbEntity
  8
inside2_T
100
AcDbVertex
100
AcDb2dVertex
 10
-167.0705880334365
 20
4.272891005642649
 30
0.0
  0
VERTEX
  5
4FD
330
3B6
100
AcDbEntity
  8
inside2_T
100
AcDbVertex
100
AcDb2dVertex
 10
-168.8346242761888
 20
4.281888778491734
 30
0.0
  0
VERTEX
  5
4FE
330
3B6
100
AcDbEntity
  8
inside2_T
100
AcDbVertex
100
AcDb2dVertex
 10
-170.5987483079231
 20
4.289887594637008
 30
0.0
  0
VERTEX
  5
4FF
330
3B6
100
AcDbEntity
  8
inside2_T
100
AcDbVertex
100
AcDb2dVertex
 10
-172.3627721914367
 20
4.296979009994629
 30
0.0
  0
VERTEX
  5
500
330
3B6
100
AcDbEntity
  8
inside2_T
100
AcDbVertex
100
AcDb2dVertex
 10
-174.1269123702639
 20
4.303079198419226
 30
0.0
  0
VERTEX
  5
501
330
3B6
100
AcDbEntity
  8
inside2_T
100
AcDbVertex
100
AcDb2dVertex
 10
-175.8910622112106
 20
4.308172894659847
 30
0.0
  0
VERTEX
  5
502
330
3B6
100
AcDbEntity
  8
inside2_T
100
AcDbVertex
100
AcDb2dVertex
 10
-178.096241511168
 20
4.313175013010905
 30
0.0
  0
VERTEX
  5
503
330
3B6
100
AcDbEntity
  8
inside2_T
100
AcDbVertex
100
AcDb2dVertex
 10
-180.3014492016849
 20
4.316568256113925
 30
0.0
  0
VERTEX
  5
504
330
3B6
100
AcDbEntity
  8
inside2_T
100
AcDbVertex
100
AcDb2dVertex
 10
-182.5069029111391
 20
4.318368019512391
 30
0.0
  0
VERTEX
  5
505
330
3B6
100
AcDbEntity
  8
inside2_T
100
AcDbVertex
100
AcDb2dVertex
 10
-184.3981001281422
 20
4.316568339094928
 30
0.0
  0
SEQEND
  5
506
330
3B6
100
AcDbEntity
  8
inside2_T
  0
ENDSEC
  0
SECTION
  2
OBJECTS
  0
DICTIONARY
  5
C
330
0
100
AcDbDictionary
281
     1
  3
ACAD_DETAILVIEWSTYLE
350
542
  3
ACAD_GROUP
350
D
  3
ACAD_LAYOUT
350
1A
  3
ACAD_MATERIAL
350
43
  3
ACAD_MLEADERSTYLE
350
5B
  3
ACAD_MLINESTYLE
350
17
  3
ACAD_PLOTSETTINGS
350
19
  3
ACAD_PLOTSTYLENAME
350
E
  3
ACAD_SCALELIST
350
47
  3
ACAD_SECTIONVIEWSTYLE
350
543
  3
ACAD_TABLESTYLE
350
59
  3
ACAD_VISUALSTYLE
350
2A
  3
AcDbVariableDictionary
350
507
  3
ACDB_RECOMPOSE_DATA
350
53F
  0
SUN
  5
5D
330
29
100
AcDbSun
 90
        1
290
     0
 63
     7
421
 16777215
 40
1.0
291
     1
 91
  2455826
 92
 54000000
292
     0
 70
     2
 71
   256
280
     1
  0
DICTIONARY
  5
542
102
{ACAD_REACTORS
330
C
102
}
330
C
100
AcDbDictionary
281
     1
  0
DICTIONARY
  5
D
102
{ACAD_REACTORS
330
C
102
}
330
C
100
AcDbDictionary
281
     1
  0
DICTIONARY
  5
1A
102
{ACAD_REACTORS
330
C
102
}
330
C
100
AcDbDictionary
281
     1
  3
Layout1
350
1E
  3
Layout2
350
26
  3
Model
350
22
  0
DICTIONARY
  5
43
102
{ACAD_REACTORS
330
C
102
}
330
C
100
AcDbDictionary
281
     1
  3
ByBlock
350
45
  3
ByLayer
350
44
  3
Global
350
46
  0
DICTIONARY
  5
5B
102
{ACAD_REACTORS
330
C
102
}
330
C
100
AcDbDictionary
281
     1
  3
Standard
350
5C
  0
DICTIONARY
  5
17
102
{ACAD_REACTORS
330
C
102
}
330
C
100
AcDbDictionary
281
     1
  3
Standard
350
18
  0
DICTIONARY
  5
19
102
{ACAD_REACTORS
330
C
102
}
330
C
100
AcDbDictionary
281
     1
  0
ACDBDICTIONARYWDFLT
  5
E
102
{ACAD_REACTORS
330
C
102
}
330
C
100
AcDbDictionary
281
     1
  3
Normal
350
F
100
AcDbDictionaryWithDefault
340
F
  0
DICTIONARY
  5
47
102
{ACAD_REACTORS
330
C
102
}
330
C
100
AcDbDictionary
281
     1
  3
A0
350
48
  3
A1
350
49
  3
A2
350
4A
  3
A3
350
4B
  3
A4
350
4C
  3
A5
350
4D
  3
A6
350
4E
  3
A7
350
4F
  3
A8
350
50
  3
A9
350
51
  3
B1
350
52
  3
B2
350
53
  3
B3
350
54
  3
B4
350
55
  3
B5
350
56
  3
B6
350
57
  3
B7
350
58
  0
DICTIONARY
  5
543
102
{ACAD_REACTORS
330
C
102
}
330
C
100
AcDbDictionary
281
     1
  0
DICTIONARY
  5
59
102
{ACAD_REACTORS
330
C
102
}
330
C
100
AcDbDictionary
281
     1
  3
Standard
350
5A
  0
DICTIONARY
  5
2A
102
{ACAD_REACTORS
330
C
102
}
330
C
100
AcDbDictionary
281
     1
  3
2dWireframe
350
2F
  3
Basic
350
32
  3
Brighten
350
36
  3
ColorChange
350
3A
  3
Conceptual
350
34
  3
Dim
350
35
  3
EdgeColorOff
350
3D
  3
Facepattern
350
39
  3
Flat
350
2B
  3
FlatWithEdges
350
2C
  3
Gouraud
350
2D
  3
GouraudWithEdges
350
2E
  3
Hidden
350
31
  3
JitterOff
350
3B
  3
Linepattern
350
38
  3
OverhangOff
350
3C
  3
Realistic
350
33
  3
Shaded
350
42
  3
Shaded with edges
350
41
  3
Shades of Gray
350
3E
  3
Sketchy
350
3F
  3
Thicken
350
37
  3
Wireframe
350
30
  3
X-Ray
350
40
  0
DICTIONARY
  5
507
102
{ACAD_REACTORS
330
C
102
}
330
C
100
AcDbDictionary
281
     1
  3
CANNOSCALE
350
508
  3
CMLEADERSTYLE
350
541
  3
CTABLESTYLE
350
540
  3
XCLIPFRAME
350
509
  0
XRECORD
  5
53F
102
{ACAD_REACTORS
330
C
102
}
330
C
100
AcDbXrecord
280
     1
 90
        1
330
5A
  0
LAYOUT
  5
1E
102
{ACAD_REACTORS
330
1A
102
}
330
1A
100
AcDbPlotSettings
  1

  2
none_device
  4

  6

 40
0.0
 41
0.0
 42
0.0
 43
0.0
 44
0.0
 45
0.0
 46
0.0
 47
0.0
 48
0.0
 49
0.0
140
0.0
141
0.0
142
1.0
143
1.0
 70
   688
 72
     0
 73
     0
 74
     5
  7

 75
    16
 76
     0
 77
     2
 78
   300
147
1.0
148
0.0
149
0.0
100
AcDbLayout
  1
Layout1
 70
     1
 71
     1
 10
0.0
 20
0.0
 11
12.0
 21
9.0
 12
0.0
 22
0.0
 32
0.0
 14
1.000000000000000E+20
 24
1.000000000000000E+20
 34
1.000000000000000E+20
 15
-1.000000000000000E+20
 25
-1.000000000000000E+20
 35
-1.000000000000000E+20
146
0.0
 13
0.0
 23
0.0
 33
0.0
 16
1.0
 26
0.0
 36
0.0
 17
0.0
 27
1.0
 37
0.0
 76
     0
330
1B
  0
LAYOUT
  5
26
102
{ACAD_REACTORS
330
1A
102
}
330
1A
100
AcDbPlotSettings
  1

  2
none_device
  4

  6

 40
0.0
 41
0.0
 42
0.0
 43
0.0
 44
0.0
 45
0.0
 46
0.0
 47
0.0
 48
0.0
 49
0.0
140
0.0
141
0.0
142
1.0
143
1.0
 70
   688
 72
     0
 73
     0
 74
     5
  7

 75
    16
 76
     0
 77
     2
 78
   300
147
1.0
148
0.0
149
0.0
100
AcDbLayout
  1
Layout2
 70
     1
 71
     2
 10
0.0
 20
0.0
 11
0.0
 21
0.0
 12
0.0
 22
0.0
 32
0.0
 14
0.0
 24
0.0
 34
0.0
 15
0.0
 25
0.0
 35
0.0
146
0.0
 13
0.0
 23
0.0
 33
0.0
 16
1.0
 26
0.0
 36
0.0
 17
0.0
 27
1.0
 37
0.0
 76
     0
330
23
  0
LAYOUT
  5
22
102
{ACAD_REACTORS
330
1A
102
}
330
1A
100
AcDbPlotSettings
  1

  2
none_device
  4
Letter_(8.50_x_11.00_Inches)
  6

 40
6.35
 41
6.35
 42
6.35000508
 43
6.35000508
 44
215.9
 45
279.4
 46
0.0
 47
0.0
 48
0.0
 49
0.0
140
0.0
141
0.0
142
1.0
143
1.0
 70
  1712
 72
     0
 73
     0
 74
     0
  7

 75
     0
 76
     0
 77
     2
 78
   300
147
1.0
148
0.0
149
0.0
100
AcDbLayout
  1
Model
 70
     1
 71
     0
 10
0.0
 20
0.0
 11
12.0
 21
9.0
 12
0.0
 22
0.0
 32
0.0
 14
-401.5309527061561
 24
-5.155652200788111
 34
0.0
 15
57.68305113999799
 25
6.696078874912651
 35
0.0
146
0.0
 13
0.0
 23
0.0
 33
0.0
 16
1.0
 26
0.0
 36
0.0
 17
0.0
 27
1.0
 37
0.0
 76
     0
330
1F
331
29
  0
MATERIAL
  5
45
102
{ACAD_REACTORS
330
43
102
}
330
43
100
AcDbMaterial
  1
ByBlock
 72
     1
 94
      127
  0
MATERIAL
  5
44
102
{ACAD_REACTORS
330
43
102
}
330
43
100
AcDbMaterial
  1
ByLayer
 72
     1
 94
      127
  0
MATERIAL
  5
46
102
{ACAD_REACTORS
330
43
102
}
330
43
100
AcDbMaterial
  1
Global
 72
     1
 94
      127
  0
MLEADERSTYLE
  5
5C
102
{ACAD_REACTORS
330
5B
102
}
102
{ACAD_XDICTIONARY
360
53D
102
}
330
5B
100
AcDbMLeaderStyle
170
     2
171
     1
172
     0
 90
        2
 40
0.0
 41
0.0
173
     1
 91
-1056964608
340
14
 92
       -2
290
     1
 42
0.09
291
     1
 43
0.36
  3
Standard
341
0
 44
0.18
300

342
11
174
     1
178
     6
175
     1
176
     0
 93
-1056964608
 45
0.18
292
     0
297
     0
 46
0.18
343
0
 94
-1056964608
 47
1.0
 49
1.0
140
1.0
293
     1
141
0.0
294
     1
177
     0
142
1.0
295
     0
296
     0
143
0.125
1001
ACAD_MLEADERVER
1070
     2
  0
MLINESTYLE
  5
18
102
{ACAD_REACTORS
330
17
102
}
330
17
100
AcDbMlineStyle
  2
Standard
 70
     0
  3

 62
   256
 51
90.0
 52
90.0
 71
     2
 49
0.5
 62
   256
  6
BYLAYER
 49
-0.5
 62
   256
  6
BYLAYER
  0
ACDBPLACEHOLDER
  5
F
102
{ACAD_REACTORS
330
E
102
}
330
E
  0
SCALE
  5
48
102
{ACAD_REACTORS
330
47
102
}
330
47
100
AcDbScale
 70
     0
300
1:1
140
1.0
141
1.0
290
     1
  0
SCALE
  5
49
102
{ACAD_REACTORS
330
47
102
}
330
47
100
AcDbScale
 70
     0
300
1/128" = 1'-0"
140
0.0078125
141
12.0
290
     0
  0
SCALE
  5
4A
102
{ACAD_REACTORS
330
47
102
}
330
47
100
AcDbScale
 70
     0
300
1/64" = 1'-0"
140
0.015625
141
12.0
290
     0
  0
SCALE
  5
4B
102
{ACAD_REACTORS
330
47
102
}
330
47
100
AcDbScale
 70
     0
300
1/32" = 1'-0"
140
0.03125
141
12.0
290
     0
  0
SCALE
  5
4C
102
{ACAD_REACTORS
330
47
102
}
330
47
100
AcDbScale
 70
     0
300
1/16" = 1'-0"
140
0.0625
141
12.0
290
     0
  0
SCALE
  5
4D
102
{ACAD_REACTORS
330
47
102
}
330
47
100
AcDbScale
 70
     0
300
3/32" = 1'-0"
140
0.09375
141
12.0
290
     0
  0
SCALE
  5
4E
102
{ACAD_REACTORS
330
47
102
}
330
47
100
AcDbScale
 70
     0
300
1/8" = 1'-0"
140
0.125
141
12.0
290
     0
  0
SCALE
  5
4F
102
{ACAD_REACTORS
330
47
102
}
330
47
100
AcDbScale
 70
     0
300
3/16" = 1'-0"
140
0.1875
141
12.0
290
     0
  0
SCALE
  5
50
102
{ACAD_REACTORS
330
47
102
}
330
47
100
AcDbScale
 70
     0
300
1/4" = 1'-0"
140
0.25
141
12.0
290
     0
  0
SCALE
  5
51
102
{ACAD_REACTORS
330
47
102
}
330
47
100
AcDbScale
 70
     0
300
3/8" = 1'-0"
140
0.375
141
12.0
290
     0
  0
SCALE
  5
52
102
{ACAD_REACTORS
330
47
102
}
330
47
100
AcDbScale
 70
     0
300
1/2" = 1'-0"
140
0.5
141
12.0
290
     0
  0
SCALE
  5
53
102
{ACAD_REACTORS
330
47
102
}
330
47
100
AcDbScale
 70
     0
300
3/4" = 1'-0"
140
0.75
141
12.0
290
     0
  0
SCALE
  5
54
102
{ACAD_REACTORS
330
47
102
}
330
47
100
AcDbScale
 70
     0
300
1" = 1'-0"
140
1.0
141
12.0
290
     0
  0
SCALE
  5
55
102
{ACAD_REACTORS
330
47
102
}
330
47
100
AcDbScale
 70
     0
300
1-1/2" = 1'-0"
140
1.5
141
12.0
290
     0
  0
SCALE
  5
56
102
{ACAD_REACTORS
330
47
102
}
330
47
100
AcDbScale
 70
     0
300
3" = 1'-0"
140
3.0
141
12.0
290
     0
  0
SCALE
  5
57
102
{ACAD_REACTORS
330
47
102
}
330
47
100
AcDbScale
 70
     0
300
6" = 1'-0"
140
6.0
141
12.0
290
     0
  0
SCALE
  5
58
102
{ACAD_REACTORS
330
47
102
}
330
47
100
AcDbScale
 70
     0
300
1'-0" = 1'-0"
140
12.0
141
12.0
290
     0
  0
TABLESTYLE
  5
5A
102
{ACAD_REACTORS
330
59
102
}
102
{ACAD_XDICTIONARY
360
53A
102
}
330
59
100
AcDbTableStyle
  3
Standard
 70
     0
 71
     0
 40
0.06
 41
0.06
280
     0
281
     0
  7
Standard
140
0.18
170
     2
 62
     0
 63
   257
283
     0
 90
        4
 91
        0
  1

274
    -2
284
     1
 64
     0
275
    -2
285
     1
 65
     0
276
    -2
286
     1
 66
     0
277
    -2
287
     1
 67
     0
278
    -2
288
     1
 68
     0
279
    -2
289
     1
 69
     0
  7
Standard
140
0.25
170
     5
 62
     0
 63
   257
283
     0
 90
        4
 91
        0
  1

274
    -2
284
     1
 64
     0
275
    -2
285
     1
 65
     0
276
    -2
286
     1
 66
     0
277
    -2
287
     1
 67
     0
278
    -2
288
     1
 68
     0
279
    -2
289
     1
 69
     0
  7
Standard
140
0.18
170
     5
 62
     0
 63
   257
283
     0
 90
        4
 91
        0
  1

274
    -2
284
     1
 64
     0
275
    -2
285
     1
 65
     0
276
    -2
286
     1
 66
     0
277
    -2
287
     1
 67
     0
278
    -2
288
     1
 68
     0
279
    -2
289
     1
 69
     0
  0
VISUALSTYLE
  5
2F
102
{ACAD_REACTORS
330
2A
102
}
102
{ACAD_XDICTIONARY
360
512
102
}
330
2A
100
AcDbVisualStyle
  2
2dWireframe
 70
     4
 71
     0
 72
     2
 73
     0
 90
        0
 40
0.6
 41
30.0
 62
     5
 63
     7
421
 16777215
 74
     1
 91
        4
 64
     7
 65
   257
 75
     1
175
     1
 42
1.0
 92
        0
 66
   257
 43
1.0
 76
     1
 77
     6
 78
     2
 67
     7
 79
     5
170
     0
171
     0
290
     0
174
     0
 93
        1
 44
0.0
173
     0
291
     0
 45
0.0
  0
VISUALSTYLE
  5
32
102
{ACAD_REACTORS
330
2A
102
}
102
{ACAD_XDICTIONARY
360
518
102
}
330
2A
100
AcDbVisualStyle
  2
Basic
 70
     7
 71
     1
 72
     0
 73
     1
 90
        0
 40
0.6
 41
30.0
 62
     5
 63
     7
421
 16777215
 74
     0
 91
        4
 64
     7
 65
   257
 75
     1
175
     1
 42
1.0
 92
        8
 66
     7
 43
1.0
 76
     1
 77
     6
 78
     2
 67
     7
 79
     5
170
     0
171
     0
290
     0
174
     0
 93
        1
 44
0.0
173
     0
291
     1
 45
0.0
  0
VISUALSTYLE
  5
36
102
{ACAD_REACTORS
330
2A
102
}
102
{ACAD_XDICTIONARY
360
520
102
}
330
2A
100
AcDbVisualStyle
  2
Brighten
 70
    12
 71
     2
 72
     2
 73
     0
 90
        0
 40
0.6
 41
30.0
 62
     5
 63
     7
421
 16777215
 74
     1
 91
        4
 64
     7
 65
   257
 75
     1
175
     1
 42
1.0
 92
        8
 66
     7
 43
1.0
 76
     1
 77
     6
 78
     2
 67
     7
 79
     5
170
     0
171
     0
290
     0
174
     0
 93
        1
 44
50.0
173
     0
291
     1
 45
0.0
  0
VISUALSTYLE
  5
3A
102
{ACAD_REACTORS
330
2A
102
}
102
{ACAD_XDICTIONARY
360
528
102
}
330
2A
100
AcDbVisualStyle
  2
ColorChange
 70
    16
 71
     2
 72
     2
 73
     3
 90
        0
 40
0.6
 41
30.0
 62
     5
 63
     8
421
  8421504
 74
     1
 91
        4
 64
     7
 65
   257
 75
     1
175
     1
 42
1.0
 92
        8
 66
     8
424
  8421504
 43
1.0
 76
     1
 77
     6
 78
     2
 67
     7
 79
     5
170
     0
171
     0
290
     0
174
     0
 93
        1
 44
0.0
173
     0
291
     1
 45
0.0
  0
VISUALSTYLE
  5
34
102
{ACAD_REACTORS
330
2A
102
}
102
{ACAD_XDICTIONARY
360
51C
102
}
330
2A
100
AcDbVisualStyle
  2
Conceptual
 70
     9
 71
     3
 72
     2
 73
     0
 90
        0
 40
0.6
 41
30.0
 62
     5
 63
     7
421
 16777215
 74
     2
 91
        2
 64
     7
 65
   257
 75
     1
175
     1
 42
179.0
 92
        8
 66
     7
 43
1.0
 76
     1
 77
     6
 78
     2
 67
     7
 79
     3
170
     0
171
     0
290
     0
174
     0
 93
        1
 44
0.0
173
     0
291
     0
 45
0.0
  0
VISUALSTYLE
  5
35
102
{ACAD_REACTORS
330
2A
102
}
102
{ACAD_XDICTIONARY
360
51E
102
}
330
2A
100
AcDbVisualStyle
  2
Dim
 70
    11
 71
     2
 72
     2
 73
     0
 90
        0
 40
0.6
 41
30.0
 62
     5
 63
     7
421
 16777215
 74
     1
 91
        4
 64
     7
 65
   257
 75
     1
175
     1
 42
1.0
 92
        8
 66
     7
 43
1.0
 76
     1
 77
     6
 78
     2
 67
     7
 79
     5
170
     0
171
     0
290
     0
174
     0
 93
        1
 44
-50.0
173
     0
291
     1
 45
0.0
  0
VISUALSTYLE
  5
3D
102
{ACAD_REACTORS
330
2A
102
}
102
{ACAD_XDICTIONARY
360
52E
102
}
330
2A
100
AcDbVisualStyle
  2
EdgeColorOff
 70
    22
 71
     2
 72
     2
 73
     0
 90
        0
 40
0.6
 41
30.0
 62
     5
 63
     7
421
 16777215
 74
     1
 91
        4
 64
     7
 65
   257
 75
     1
175
     1
 42
1.0
 92
        8
 66
     7
 43
1.0
 76
     1
 77
     6
 78
     2
 67
     7
 79
     5
170
     0
171
     0
290
     0
174
     0
 93
        1
 44
0.0
173
     0
291
     1
 45
0.0
  0
VISUALSTYLE
  5
39
102
{ACAD_REACTORS
330
2A
102
}
102
{ACAD_XDICTIONARY
360
526
102
}
330
2A
100
AcDbVisualStyle
  2
Facepattern
 70
    15
 71
     2
 72
     2
 73
     0
 90
        0
 40
0.6
 41
30.0
 62
     5
 63
     7
421
 16777215
 74
     1
 91
        4
 64
     7
 65
   257
 75
     1
175
     1
 42
1.0
 92
        8
 66
     7
 43
1.0
 76
     1
 77
     6
 78
     2
 67
     7
 79
     5
170
     0
171
     0
290
     0
174
     0
 93
        1
 44
0.0
173
     0
291
     1
 45
0.0
  0
VISUALSTYLE
  5
2B
102
{ACAD_REACTORS
330
2A
102
}
102
{ACAD_XDICTIONARY
360
50A
102
}
330
2A
100
AcDbVisualStyle
  2
Flat
 70
     0
 71
     2
 72
     1
 73
     1
 90
        2
 40
0.6
 41
30.0
 62
     5
 63
     7
421
 16777215
 74
     0
 91
        0
 64
     7
 65
   257
 75
     1
175
     1
 42
1.0
 92
        8
 66
     7
 43
1.0
 76
     1
 77
     6
 78
     2
 67
     7
 79
     5
170
     0
171
     0
290
     0
174
     0
 93
       13
 44
0.0
173
     0
291
     1
 45
0.0
  0
VISUALSTYLE
  5
2C
102
{ACAD_REACTORS
330
2A
102
}
102
{ACAD_XDICTIONARY
360
50C
102
}
330
2A
100
AcDbVisualStyle
  2
FlatWithEdges
 70
     1
 71
     2
 72
     1
 73
     1
 90
        2
 40
0.6
 41
30.0
 62
     5
 63
     7
421
 16777215
 74
     1
 91
        0
 64
     7
 65
   257
 75
     1
175
     1
 42
1.0
 92
        0
 66
   257
 43
1.0
 76
     1
 77
     6
 78
     2
 67
     7
 79
     5
170
     0
171
     0
290
     0
174
     0
 93
       13
 44
0.0
173
     0
291
     1
 45
0.0
  0
VISUALSTYLE
  5
2D
102
{ACAD_REACTORS
330
2A
102
}
102
{ACAD_XDICTIONARY
360
50E
102
}
330
2A
100
AcDbVisualStyle
  2
Gouraud
 70
     2
 71
     2
 72
     2
 73
     1
 90
        2
 40
0.6
 41
30.0
 62
     5
 63
     7
421
 16777215
 74
     0
 91
        0
 64
     7
 65
   257
 75
     1
175
     1
 42
1.0
 92
        0
 66
     7
 43
1.0
 76
     1
 77
     6
 78
     2
 67
     7
 79
     5
170
     0
171
     0
290
     0
174
     0
 93
       13
 44
0.0
173
     0
291
     1
 45
0.0
  0
VISUALSTYLE
  5
2E
102
{ACAD_REACTORS
330
2A
102
}
102
{ACAD_XDICTIONARY
360
510
102
}
330
2A
100
AcDbVisualStyle
  2
GouraudWithEdges
 70
     3
 71
     2
 72
     2
 73
     1
 90
        2
 40
0.6
 41
30.0
 62
     5
 63
     7
421
 16777215
 74
     1
 91
        0
 64
     7
 65
   257
 75
     1
175
     1
 42
1.0
 92
        0
 66
   257
 43
1.0
 76
     1
 77
     6
 78
     2
 67
     7
 79
     5
170
     0
171
     0
290
     0
174
     0
 93
       13
 44
0.0
173
     0
291
     1
 45
0.0
  0
VISUALSTYLE
  5
31
102
{ACAD_REACTORS
330
2A
102
}
102
{ACAD_XDICTIONARY
360
516
102
}
330
2A
100
AcDbVisualStyle
  2
Hidden
 70
     6
 71
     1
 72
     2
 73
     2
 90
        0
 40
0.6
 41
30.0
 62
     5
 63
     7
421
 16777215
 74
     2
 91
        2
 64
     7
 65
   257
 75
     2
175
     1
 42
40.0
 92
        0
 66
   257
 43
1.0
 76
     1
 77
     6
 78
     2
 67
     7
 79
     3
170
     0
171
     0
290
     0
174
     0
 93
        1
 44
0.0
173
     0
291
     0
 45
0.0
  0
VISUALSTYLE
  5
3B
102
{ACAD_REACTORS
330
2A
102
}
102
{ACAD_XDICTIONARY
360
52A
102
}
330
2A
100
AcDbVisualStyle
  2
JitterOff
 70
    20
 71
     2
 72
     2
 73
     0
 90
        0
 40
0.6
 41
30.0
 62
     5
 63
     7
421
 16777215
 74
     1
 91
        4
 64
     7
 65
   257
 75
     1
175
     1
 42
1.0
 92
       10
 66
     7
 43
1.0
 76
     1
 77
     6
 78
     2
 67
     7
 79
     5
170
     0
171
     0
290
     0
174
     0
 93
        1
 44
0.0
173
     0
291
     1
 45
0.0
  0
VISUALSTYLE
  5
38
102
{ACAD_REACTORS
330
2A
102
}
102
{ACAD_XDICTIONARY
360
524
102
}
330
2A
100
AcDbVisualStyle
  2
Linepattern
 70
    14
 71
     2
 72
     2
 73
     0
 90
        0
 40
0.6
 41
30.0
 62
     5
 63
     7
421
 16777215
 74
     1
 91
        4
 64
     7
 65
   257
 75
     7
175
     7
 42
1.0
 92
        8
 66
     7
 43
1.0
 76
     1
 77
     6
 78
     2
 67
     7
 79
     5
170
     0
171
     0
290
     0
174
     0
 93
        1
 44
0.0
173
     0
291
     1
 45
0.0
  0
VISUALSTYLE
  5
3C
102
{ACAD_REACTORS
330
2A
102
}
102
{ACAD_XDICTIONARY
360
52C
102
}
330
2A
100
AcDbVisualStyle
  2
OverhangOff
 70
    21
 71
     2
 72
     2
 73
     0
 90
        0
 40
0.6
 41
30.0
 62
     5
 63
     7
421
 16777215
 74
     1
 91
        4
 64
     7
 65
   257
 75
     1
175
     1
 42
1.0
 92
        9
 66
     7
 43
1.0
 76
     1
 77
     6
 78
     2
 67
     7
 79
     5
170
     0
171
     0
290
     0
174
     0
 93
        1
 44
0.0
173
     0
291
     1
 45
0.0
  0
VISUALSTYLE
  5
33
102
{ACAD_REACTORS
330
2A
102
}
102
{ACAD_XDICTIONARY
360
51A
102
}
330
2A
100
AcDbVisualStyle
  2
Realistic
 70
     8
 71
     2
 72
     3
 73
     0
 90
        2
 40
0.6
 41
30.0
 62
     5
 63
     7
421
 16777215
 74
     0
 91
        0
 64
     7
 65
   257
 75
     1
175
     1
 42
1.0
 92
        8
 66
   257
 43
1.0
 76
     1
 77
     6
 78
     2
 67
     7
 79
     3
170
     0
171
     0
290
     0
174
     0
 93
       13
 44
0.0
173
     0
291
     0
 45
0.0
  0
VISUALSTYLE
  5
42
102
{ACAD_REACTORS
330
2A
102
}
102
{ACAD_XDICTIONARY
360
538
102
}
330
2A
100
AcDbVisualStyle
  2
Shaded
 70
    27
 71
     2
 72
     2
 73
     1
 90
        2
 40
0.6
 41
30.0
 62
     5
 63
     7
421
 16777215
 74
     0
 91
        4
 64
     7
 65
   257
 75
     1
175
     1
 42
1.0
 92
        8
 66
   257
 43
1.0
 76
     1
 77
     6
 78
     2
 67
     8
425
  7895160
 79
     3
170
     0
171
     0
290
     0
174
     0
 93
        5
 44
0.0
173
     0
291
     0
 45
0.0
  0
VISUALSTYLE
  5
41
102
{ACAD_REACTORS
330
2A
102
}
102
{ACAD_XDICTIONARY
360
536
102
}
330
2A
100
AcDbVisualStyle
  2
Shaded with edges
 70
    26
 71
     2
 72
     2
 73
     1
 90
        2
 40
0.6
 41
30.0
 62
     5
 63
     7
421
 16777215
 74
     1
 91
       10
 64
     7
 65
   257
 75
     2
175
     1
 42
1.0
 92
        8
 66
   257
 43
1.0
 76
     1
 77
     6
 78
     2
 67
     7
 79
     3
170
     0
171
     0
290
     0
174
     0
 93
        5
 44
0.0
173
     0
291
     0
 45
0.0
  0
VISUALSTYLE
  5
3E
102
{ACAD_REACTORS
330
2A
102
}
102
{ACAD_XDICTIONARY
360
530
102
}
330
2A
100
AcDbVisualStyle
  2
Shades of Gray
 70
    23
 71
     2
 72
     2
 73
     3
 90
        0
 40
0.6
 41
30.0
 62
     5
 63
     7
421
 16777215
 74
     2
 91
        2
 64
     7
 65
     7
 75
     1
175
     1
 42
40.0
 92
        8
 66
     7
 43
1.0
 76
     1
 77
     6
 78
     2
 67
     7
 79
     3
170
     0
171
     0
290
     0
174
     0
 93
        1
 44
0.0
173
     0
291
     0
 45
0.0
  0
VISUALSTYLE
  5
3F
102
{ACAD_REACTORS
330
2A
102
}
102
{ACAD_XDICTIONARY
360
532
102
}
330
2A
100
AcDbVisualStyle
  2
Sketchy
 70
    24
 71
     1
 72
     2
 73
     2
 90
        0
 40
0.6
 41
30.0
 62
     5
 63
     7
421
 16777215
 74
     2
 91
        2
 64
     7
 65
     7
 75
     1
175
     1
 42
40.0
 92
       11
 66
     7
 43
1.0
 76
     1
 77
     6
 78
     2
 67
     7
 79
     6
170
     0
171
     0
290
     0
174
     0
 93
        1
 44
0.0
173
     0
291
     0
 45
0.0
  0
VISUALSTYLE
  5
37
102
{ACAD_REACTORS
330
2A
102
}
102
{ACAD_XDICTIONARY
360
522
102
}
330
2A
100
AcDbVisualStyle
  2
Thicken
 70
    13
 71
     2
 72
     2
 73
     0
 90
        0
 40
0.6
 41
30.0
 62
     5
 63
     7
421
 16777215
 74
     1
 91
        4
 64
     7
 65
   257
 75
     1
175
     1
 42
1.0
 92
       12
 66
     7
 43
1.0
 76
     1
 77
     6
 78
     2
 67
     7
 79
     5
170
     0
171
     0
290
     0
174
     0
 93
        1
 44
0.0
173
     0
291
     1
 45
0.0
  0
VISUALSTYLE
  5
30
102
{ACAD_REACTORS
330
2A
102
}
102
{ACAD_XDICTIONARY
360
514
102
}
330
2A
100
AcDbVisualStyle
  2
Wireframe
 70
     5
 71
     0
 72
     2
 73
     0
 90
        0
 40
0.6
 41
30.0
 62
     5
 63
     7
421
 16777215
 74
     1
 91
        4
 64
     7
 65
   257
 75
     1
175
     1
 42
1.0
 92
        0
 66
   257
 43
1.0
 76
     1
 77
     6
 78
     2
 67
     7
 79
     3
170
     0
171
     0
290
     0
174
     0
 93
        1
 44
0.0
173
     0
291
     0
 45
0.0
  0
VISUALSTYLE
  5
40
102
{ACAD_REACTORS
330
2A
102
}
102
{ACAD_XDICTIONARY
360
534
102
}
330
2A
100
AcDbVisualStyle
  2
X-Ray
 70
    25
 71
     2
 72
     2
 73
     1
 90
        1
 40
0.5
 41
30.0
 62
     5
 63
     7
421
 16777215
 74
     1
 91
        0
 64
     7
 65
   257
 75
     1
175
     1
 42
1.0
 92
        8
 66
     7
 43
1.0
 76
     1
 77
     6
 78
     2
 67
     7
 79
     3
170
     0
171
     0
290
     0
174
     0
 93
       13
 44
0.0
173
     0
291
     0
 45
0.0
  0
DICTIONARYVAR
  5
508
102
{ACAD_REACTORS
330
507
102
}
330
507
100
DictionaryVariables
280
     0
  1
1:1
  0
DICTIONARYVAR
  5
541
102
{ACAD_REACTORS
330
507
102
}
330
507
100
DictionaryVariables
280
     0
  1
Standard
  0
DICTIONARYVAR
  5
540
102
{ACAD_REACTORS
330
507
102
}
330
507
100
DictionaryVariables
280
     0
  1
Standard
  0
DICTIONARYVAR
  5
509
102
{ACAD_REACTORS
330
507
102
}
330
507
100
DictionaryVariables
280
     0
  1
2
  0
DICTIONARY
  5
53D
330
5C
100
AcDbDictionary
280
     1
281
     1
  3
ACAD_XREC_ROUNDTRIP
360
53E
  0
DICTIONARY
  5
53A
330
5A
100
AcDbDictionary
280
     1
281
     1
  3
ACAD_ROUNDTRIP_2008_TABLESTYLE_CELLSTYLEMAP
360
53B
  0
DICTIONARY
  5
512
330
2F
100
AcDbDictionary
280
     1
281
     1
  3
ACAD_XREC_ROUNDTRIP
360
513
  0
DICTIONARY
  5
518
330
32
100
AcDbDictionary
280
     1
281
     1
  3
ACAD_XREC_ROUNDTRIP
360
519
  0
DICTIONARY
  5
520
330
36
100
AcDbDictionary
280
     1
281
     1
  3
ACAD_XREC_ROUNDTRIP
360
521
  0
DICTIONARY
  5
528
330
3A
100
AcDbDictionary
280
     1
281
     1
  3
ACAD_XREC_ROUNDTRIP
360
529
  0
DICTIONARY
  5
51C
330
34
100
AcDbDictionary
280
     1
281
     1
  3
ACAD_XREC_ROUNDTRIP
360
51D
  0
DICTIONARY
  5
51E
330
35
100
AcDbDictionary
280
     1
281
     1
  3
ACAD_XREC_ROUNDTRIP
360
51F
  0
DICTIONARY
  5
52E
330
3D
100
AcDbDictionary
280
     1
281
     1
  3
ACAD_XREC_ROUNDTRIP
360
52F
  0
DICTIONARY
  5
526
330
39
100
AcDbDictionary
280
     1
281
     1
  3
ACAD_XREC_ROUNDTRIP
360
527
  0
DICTIONARY
  5
50A
330
2B
100
AcDbDictionary
280
     1
281
     1
  3
ACAD_XREC_ROUNDTRIP
360
50B
  0
DICTIONARY
  5
50C
330
2C
100
AcDbDictionary
280
     1
281
     1
  3
ACAD_XREC_ROUNDTRIP
360
50D
  0
DICTIONARY
  5
50E
330
2D
100
AcDbDictionary
280
     1
281
     1
  3
ACAD_XREC_ROUNDTRIP
360
50F
  0
DICTIONARY
  5
510
330
2E
100
AcDbDictionary
280
     1
281
     1
  3
ACAD_XREC_ROUNDTRIP
360
511
  0
DICTIONARY
  5
516
330
31
100
AcDbDictionary
280
     1
281
     1
  3
ACAD_XREC_ROUNDTRIP
360
517
  0
DICTIONARY
  5
52A
330
3B
100
AcDbDictionary
280
     1
281
     1
  3
ACAD_XREC_ROUNDTRIP
360
52B
  0
DICTIONARY
  5
524
330
38
100
AcDbDictionary
280
     1
281
     1
  3
ACAD_XREC_ROUNDTRIP
360
525
  0
DICTIONARY
  5
52C
330
3C
100
AcDbDictionary
280
     1
281
     1
  3
ACAD_XREC_ROUNDTRIP
360
52D
  0
DICTIONARY
  5
51A
330
33
100
AcDbDictionary
280
     1
281
     1
  3
ACAD_XREC_ROUNDTRIP
360
51B
  0
DICTIONARY
  5
538
330
42
100
AcDbDictionary
280
     1
281
     1
  3
ACAD_XREC_ROUNDTRIP
360
539
  0
DICTIONARY
  5
536
330
41
100
AcDbDictionary
280
     1
281
     1
  3
ACAD_XREC_ROUNDTRIP
360
537
  0
DICTIONARY
  5
530
330
3E
100
AcDbDictionary
280
     1
281
     1
  3
ACAD_XREC_ROUNDTRIP
360
531
  0
DICTIONARY
  5
532
330
3F
100
AcDbDictionary
280
     1
281
     1
  3
ACAD_XREC_ROUNDTRIP
360
533
  0
DICTIONARY
  5
522
330
37
100
AcDbDictionary
280
     1
281
     1
  3
ACAD_XREC_ROUNDTRIP
360
523
  0
DICTIONARY
  5
514
330
30
100
AcDbDictionary
280
     1
281
     1
  3
ACAD_XREC_ROUNDTRIP
360
515
  0
DICTIONARY
  5
534
330
40
100
AcDbDictionary
280
     1
281
     1
  3
ACAD_XREC_ROUNDTRIP
360
535
  0
XRECORD
  5
53E
102
{ACAD_REACTORS
330
53D
102
}
330
53D
100
AcDbXrecord
280
     1
102
ACAD_ROUNDTRIP_2010_MLEADER_STYLE
  0
CELLSTYLEMAP
  5
53B
102
{ACAD_REACTORS
330
53A
102
}
330
53A
100
AcDbCellStyleMap
 90
        3
300
CELLSTYLE
  1
TABLEFORMAT_BEGIN
 90
        5
170
     1
 91
        0
 92
    32768
 62
   257
 93
        1
300
CONTENTFORMAT
  1
CONTENTFORMAT_BEGIN
 90
        0
 91
        0
 92
        4
 93
        0
300

 40
0.0
140
1.0
 94
        5
 62
     0
340
11
144
0.25
309
CONTENTFORMAT_END
171
     1
301
MARGIN
  1
CELLMARGIN_BEGIN
 40
0.06
 40
0.06
 40
0.06
 40
0.06
 40
0.06
 40
0.06
309
CELLMARGIN_END
 94
        6
 95
        1
302
GRIDFORMAT
  1
GRIDFORMAT_BEGIN
 90
        0
 91
        1
 62
     0
 92
       -2
340
14
 93
        0
 40
0.045
309
GRIDFORMAT_END
 95
        2
302
GRIDFORMAT
  1
GRIDFORMAT_BEGIN
 90
        0
 91
        1
 62
     0
 92
       -2
340
14
 93
        0
 40
0.045
309
GRIDFORMAT_END
 95
        4
302
GRIDFORMAT
  1
GRIDFORMAT_BEGIN
 90
        0
 91
        1
 62
     0
 92
       -2
340
14
 93
        0
 40
0.045
309
GRIDFORMAT_END
 95
        8
302
GRIDFORMAT
  1
GRIDFORMAT_BEGIN
 90
        0
 91
        1
 62
     0
 92
       -2
340
14
 93
        0
 40
0.045
309
GRIDFORMAT_END
 95
       16
302
GRIDFORMAT
  1
GRIDFORMAT_BEGIN
 90
        0
 91
        1
 62
     0
 92
       -2
340
14
 93
        0
 40
0.045
309
GRIDFORMAT_END
 95
       32
302
GRIDFORMAT
  1
GRIDFORMAT_BEGIN
 90
        0
 91
        1
 62
     0
 92
       -2
340
14
 93
        0
 40
0.045
309
GRIDFORMAT_END
309
TABLEFORMAT_END
  1
CELLSTYLE_BEGIN
 90
        1
 91
        1
300
_TITLE
309
CELLSTYLE_END
300
CELLSTYLE
  1
TABLEFORMAT_BEGIN
 90
        5
170
     1
 91
        0
 92
        0
 62
   257
 93
        1
300
CONTENTFORMAT
  1
CONTENTFORMAT_BEGIN
 90
        0
 91
        0
 92
        4
 93
        0
300

 40
0.0
140
1.0
 94
        5
 62
     0
340
11
144
0.18
309
CONTENTFORMAT_END
171
     1
301
MARGIN
  1
CELLMARGIN_BEGIN
 40
0.06
 40
0.06
 40
0.06
 40
0.06
 40
0.06
 40
0.06
309
CELLMARGIN_END
 94
        6
 95
        1
302
GRIDFORMAT
  1
GRIDFORMAT_BEGIN
 90
        0
 91
        1
 62
     0
 92
       -2
340
14
 93
        0
 40
0.045
309
GRIDFORMAT_END
 95
        2
302
GRIDFORMAT
  1
GRIDFORMAT_BEGIN
 90
        0
 91
        1
 62
     0
 92
       -2
340
14
 93
        0
 40
0.045
309
GRIDFORMAT_END
 95
        4
302
GRIDFORMAT
  1
GRIDFORMAT_BEGIN
 90
        0
 91
        1
 62
     0
 92
       -2
340
14
 93
        0
 40
0.045
309
GRIDFORMAT_END
 95
        8
302
GRIDFORMAT
  1
GRIDFORMAT_BEGIN
 90
        0
 91
        1
 62
     0
 92
       -2
340
14
 93
        0
 40
0.045
309
GRIDFORMAT_END
 95
       16
302
GRIDFORMAT
  1
GRIDFORMAT_BEGIN
 90
        0
 91
        1
 62
     0
 92
       -2
340
14
 93
        0
 40
0.045
309
GRIDFORMAT_END
 95
       32
302
GRIDFORMAT
  1
GRIDFORMAT_BEGIN
 90
        0
 91
        1
 62
     0
 92
       -2
340
14
 93
        0
 40
0.045
309
GRIDFORMAT_END
309
TABLEFORMAT_END
  1
CELLSTYLE_BEGIN
 90
        2
 91
        1
300
_HEADER
309
CELLSTYLE_END
300
CELLSTYLE
  1
TABLEFORMAT_BEGIN
 90
        5
170
     1
 91
        0
 92
        0
 62
   257
 93
        1
300
CONTENTFORMAT
  1
CONTENTFORMAT_BEGIN
 90
        0
 91
        0
 92
        4
 93
        0
300

 40
0.0
140
1.0
 94
        2
 62
     0
340
11
144
0.18
309
CONTENTFORMAT_END
171
     1
301
MARGIN
  1
CELLMARGIN_BEGIN
 40
0.06
 40
0.06
 40
0.06
 40
0.06
 40
0.06
 40
0.06
309
CELLMARGIN_END
 94
        6
 95
        1
302
GRIDFORMAT
  1
GRIDFORMAT_BEGIN
 90
        0
 91
        1
 62
     0
 92
       -2
340
14
 93
        0
 40
0.045
309
GRIDFORMAT_END
 95
        2
302
GRIDFORMAT
  1
GRIDFORMAT_BEGIN
 90
        0
 91
        1
 62
     0
 92
       -2
340
14
 93
        0
 40
0.045
309
GRIDFORMAT_END
 95
        4
302
GRIDFORMAT
  1
GRIDFORMAT_BEGIN
 90
        0
 91
        1
 62
     0
 92
       -2
340
14
 93
        0
 40
0.045
309
GRIDFORMAT_END
 95
        8
302
GRIDFORMAT
  1
GRIDFORMAT_BEGIN
 90
        0
 91
        1
 62
     0
 92
       -2
340
14
 93
        0
 40
0.045
309
GRIDFORMAT_END
 95
       16
302
GRIDFORMAT
  1
GRIDFORMAT_BEGIN
 90
        0
 91
        1
 62
     0
 92
       -2
340
14
 93
        0
 40
0.045
309
GRIDFORMAT_END
 95
       32
302
GRIDFORMAT
  1
GRIDFORMAT_BEGIN
 90
        0
 91
        1
 62
     0
 92
       -2
340
14
 93
        0
 40
0.045
309
GRIDFORMAT_END
309
TABLEFORMAT_END
  1
CELLSTYLE_BEGIN
 90
        3
 91
        2
300
_DATA
309
CELLSTYLE_END
  0
XRECORD
  5
513
102
{ACAD_REACTORS
330
512
102
}
330
512
100
AcDbXrecord
280
     1
102
RTVSPropertyOp0
 70
     1
102
RTVSPropertyOp1
 70
     1
102
RTVSPropertyOp2
 70
     1
102
RTVSPropertyOp3
 70
     1
102
RTVSPropertyOp4
 70
     1
102
RTVSPropertyOp5
 70
     1
102
RTVSPropertyOp6
 70
     1
102
RTVSPropertyOp7
 70
     1
102
RTVSPropertyOp8
 70
     1
102
RTVSPropertyOp9
 70
     1
102
RTVSPropertyOp10
 70
     1
102
RTVSPropertyOp11
 70
     1
102
RTVSPropertyOp12
 70
     1
102
RTVSPropertyOp13
 70
     1
102
RTVSPropertyOp14
 70
     1
102
RTVSPropertyOp15
 70
     1
102
RTVSPropertyOp16
 70
     1
102
RTVSPropertyOp17
 70
     1
102
RTVSPropertyOp18
 70
     1
102
RTVSPropertyOp19
 70
     1
102
RTVSPropertyOp20
 70
     1
102
RTVSPropertyOp21
 70
     1
102
RTVSPropertyOp22
 70
     1
102
RTVSPropertyOp23
 70
     1
102
RTVSPropertyOp24
 70
     1
102
RTVSPropertyOp25
 70
     1
102
RTVSPropertyOp26
 70
     1
102
RTVSPropertyOp27
 70
     1
102
RTVSPropertyOp28
 70
     1
102
RTVSPropertyOp29
 70
     1
102
RTVSPropertyOp30
 70
     1
102
RTVSPropertyOp31
 70
     1
102
RTVSPropertyOp32
 70
     1
102
RTVSPropertyOp33
 70
     1
102
RTVSPropertyOp34
 70
     1
102
RTVSPropertyOp35
 70
     1
102
RTVSPropertyOp36
 70
     1
102
RTVSPropertyOp37
 70
     1
102
RTVSPropertyOp38
 70
     1
102
RTVSPropertyOp39
 70
     1
102
RTVSPropertyOp40
 70
     1
102
RTVSPropertyOp41
 70
     1
102
RTVSPropertyOp42
 70
     1
102
RTVSPropertyOp43
 70
     1
102
RTVSPropertyOp44
 70
     1
102
RTVSPropertyOp45
 70
     1
102
RTVSPropertyOp46
 70
     1
102
RTVSPropertyOp47
 70
     1
102
RTVSPropertyOp48
 70
     1
102
RTVSPropertyOp49
 70
     1
102
RTVSPropertyOp50
 70
     1
102
RTVSPropertyOp51
 70
     0
102
RTVSPropertyOp52
 70
     0
102
RTVSPropertyOp53
 70
     1
102
RTVSPropertyOp54
 70
     1
102
RTVSPropertyOp55
 70
     1
102
RTVSPropertyOp56
 70
     1
102
RTVSPropertyOp57
 70
     1
102
RTVSPost2010Prop28
280
     1
102
RTVSPost2010PropOp28
 70
     1
102
RTVSPost2010Prop29
280
     1
102
RTVSPost2010PropOp29
 70
     1
102
RTVSPost2010Prop30
280
     0
102
RTVSPost2010PropOp30
 70
     1
102
RTVSPost2010Prop31
280
     0
102
RTVSPost2010PropOp31
 70
     1
102
RTVSPost2010Prop32
280
     0
102
RTVSPost2010PropOp32
 70
     1
102
RTVSPost2010Prop33
280
     0
102
RTVSPost2010PropOp33
 70
     1
102
RTVSPost2010Prop34
280
     0
102
RTVSPost2010PropOp34
 70
     1
102
RTVSPost2010Prop35
280
     0
102
RTVSPost2010PropOp35
 70
     1
102
RTVSPost2010Prop36
280
     0
102
RTVSPost2010PropOp36
 70
     1
102
RTVSPost2010Prop37
 90
       50
102
RTVSPost2010PropOp37
 70
     1
102
RTVSPost2010Prop38
140
0.0
102
RTVSPost2010PropOp38
 70
     1
102
RTVSPost2010Prop39
140
1.0
102
RTVSPost2010PropOp39
 70
     1
102
RTVSPost2010Prop40
 90
        0
102
RTVSPost2010PropOp40
 70
     1
102
RTVSPost2010Prop41ColorIndex
 90
       18
102
RTVSPost2010Prop41ColorRGB
 90
        0
102
RTVSPost2010PropOp41
 70
     1
102
RTVSPost2010Prop42
 90
       50
102
RTVSPost2010PropOp42
 70
     1
102
RTVSPost2010Prop43
 90
        3
102
RTVSPost2010PropOp43
 70
     1
102
RTVSPost2010Prop44ColorIndex
 90
        5
102
RTVSPost2010Prop44ColorRGB
 90
      255
102
RTVSPost2010PropOp44
 70
     1
102
RTVSPost2010Prop45
280
     0
102
RTVSPost2010PropOp45
 70
     1
102
RTVSPost2010Prop46
 90
       50
102
RTVSPost2010PropOp46
 70
     1
102
RTVSPost2010Prop47
 90
       50
102
RTVSPost2010PropOp47
 70
     1
102
RTVSPost2010Prop48
 90
       50
102
RTVSPost2010PropOp48
 70
     1
102
RTVSPost2010Prop49
280
     0
102
RTVSPost2010PropOp49
 70
     1
102
RTVSPost2010Prop50
 90
       50
102
RTVSPost2010PropOp50
 70
     1
102
RTVSPost2010Prop51ColorIndex
 90
      256
102
RTVSPost2010Prop51ColorRGB
 90
-16777216
102
RTVSPost2010PropOp51
 70
     0
102
RTVSPost2010Prop52
140
1.0
102
RTVSPost2010PropOp52
 70
     0
102
RTVSPost2010Prop53
 90
        2
102
RTVSPost2010PropOp53
 70
     1
102
RTVSPost2010Prop54
  1
strokes_ogs.tif
102
RTVSPost2010PropOp54
 70
     1
102
RTVSPost2010Prop55
280
     0
102
RTVSPost2010PropOp55
 70
     1
102
RTVSPost2010Prop56
140
1.0
102
RTVSPost2010PropOp56
 70
     1
102
RTVSPost2010Prop57
140
1.0
102
RTVSPost2010PropOp57
 70
     1
  0
XRECORD
  5
519
102
{ACAD_REACTORS
330
518
102
}
330
518
100
AcDbXrecord
280
     1
102
RTVSPropertyOp0
 70
     1
102
RTVSPropertyOp1
 70
     1
102
RTVSPropertyOp2
 70
     1
102
RTVSPropertyOp3
 70
     1
102
RTVSPropertyOp4
 70
     1
102
RTVSPropertyOp5
 70
     1
102
RTVSPropertyOp6
 70
     1
102
RTVSPropertyOp7
 70
     1
102
RTVSPropertyOp8
 70
     1
102
RTVSPropertyOp9
 70
     1
102
RTVSPropertyOp10
 70
     1
102
RTVSPropertyOp11
 70
     1
102
RTVSPropertyOp12
 70
     1
102
RTVSPropertyOp13
 70
     1
102
RTVSPropertyOp14
 70
     1
102
RTVSPropertyOp15
 70
     1
102
RTVSPropertyOp16
 70
     1
102
RTVSPropertyOp17
 70
     1
102
RTVSPropertyOp18
 70
     1
102
RTVSPropertyOp19
 70
     1
102
RTVSPropertyOp20
 70
     1
102
RTVSPropertyOp21
 70
     1
102
RTVSPropertyOp22
 70
     1
102
RTVSPropertyOp23
 70
     1
102
RTVSPropertyOp24
 70
     1
102
RTVSPropertyOp25
 70
     1
102
RTVSPropertyOp26
 70
     1
102
RTVSPropertyOp27
 70
     1
102
RTVSPropertyOp28
 70
     1
102
RTVSPropertyOp29
 70
     1
102
RTVSPropertyOp30
 70
     1
102
RTVSPropertyOp31
 70
     1
102
RTVSPropertyOp32
 70
     1
102
RTVSPropertyOp33
 70
     1
102
RTVSPropertyOp34
 70
     1
102
RTVSPropertyOp35
 70
     1
102
RTVSPropertyOp36
 70
     1
102
RTVSPropertyOp37
 70
     1
102
RTVSPropertyOp38
 70
     1
102
RTVSPropertyOp39
 70
     1
102
RTVSPropertyOp40
 70
     1
102
RTVSPropertyOp41
 70
     1
102
RTVSPropertyOp42
 70
     1
102
RTVSPropertyOp43
 70
     1
102
RTVSPropertyOp44
 70
     1
102
RTVSPropertyOp45
 70
     1
102
RTVSPropertyOp46
 70
     1
102
RTVSPropertyOp47
 70
     1
102
RTVSPropertyOp48
 70
     1
102
RTVSPropertyOp49
 70
     1
102
RTVSPropertyOp50
 70
     1
102
RTVSPropertyOp51
 70
     0
102
RTVSPropertyOp52
 70
     0
102
RTVSPropertyOp53
 70
     1
102
RTVSPropertyOp54
 70
     1
102
RTVSPropertyOp55
 70
     1
102
RTVSPropertyOp56
 70
     1
102
RTVSPropertyOp57
 70
     1
102
RTVSPost2010Prop28
280
     0
102
RTVSPost2010PropOp28
 70
     1
102
RTVSPost2010Prop29
280
     1
102
RTVSPost2010PropOp29
 70
     1
102
RTVSPost2010Prop30
280
     1
102
RTVSPost2010PropOp30
 70
     1
102
RTVSPost2010Prop31
280
     0
102
RTVSPost2010PropOp31
 70
     1
102
RTVSPost2010Prop32
280
     0
102
RTVSPost2010PropOp32
 70
     1
102
RTVSPost2010Prop33
280
     0
102
RTVSPost2010PropOp33
 70
     1
102
RTVSPost2010Prop34
280
     0
102
RTVSPost2010PropOp34
 70
     1
102
RTVSPost2010Prop35
280
     0
102
RTVSPost2010PropOp35
 70
     1
102
RTVSPost2010Prop36
280
     0
102
RTVSPost2010PropOp36
 70
     1
102
RTVSPost2010Prop37
 90
       50
102
RTVSPost2010PropOp37
 70
     1
102
RTVSPost2010Prop38
140
0.0
102
RTVSPost2010PropOp38
 70
     1
102
RTVSPost2010Prop39
140
1.0
102
RTVSPost2010PropOp39
 70
     1
102
RTVSPost2010Prop40
 90
        0
102
RTVSPost2010PropOp40
 70
     1
102
RTVSPost2010Prop41ColorIndex
 90
       18
102
RTVSPost2010Prop41ColorRGB
 90
        0
102
RTVSPost2010PropOp41
 70
     1
102
RTVSPost2010Prop42
 90
       50
102
RTVSPost2010PropOp42
 70
     1
102
RTVSPost2010Prop43
 90
        3
102
RTVSPost2010PropOp43
 70
     1
102
RTVSPost2010Prop44ColorIndex
 90
        5
102
RTVSPost2010Prop44ColorRGB
 90
      255
102
RTVSPost2010PropOp44
 70
     1
102
RTVSPost2010Prop45
280
     0
102
RTVSPost2010PropOp45
 70
     1
102
RTVSPost2010Prop46
 90
       50
102
RTVSPost2010PropOp46
 70
     1
102
RTVSPost2010Prop47
 90
       50
102
RTVSPost2010PropOp47
 70
     1
102
RTVSPost2010Prop48
 90
       50
102
RTVSPost2010PropOp48
 70
     1
102
RTVSPost2010Prop49
280
     0
102
RTVSPost2010PropOp49
 70
     1
102
RTVSPost2010Prop50
 90
       50
102
RTVSPost2010PropOp50
 70
     1
102
RTVSPost2010Prop51ColorIndex
 90
      256
102
RTVSPost2010Prop51ColorRGB
 90
-16777216
102
RTVSPost2010PropOp51
 70
     0
102
RTVSPost2010Prop52
140
1.0
102
RTVSPost2010PropOp52
 70
     0
102
RTVSPost2010Prop53
 90
        2
102
RTVSPost2010PropOp53
 70
     1
102
RTVSPost2010Prop54
  1
strokes_ogs.tif
102
RTVSPost2010PropOp54
 70
     1
102
RTVSPost2010Prop55
280
     0
102
RTVSPost2010PropOp55
 70
     1
102
RTVSPost2010Prop56
140
1.0
102
RTVSPost2010PropOp56
 70
     1
102
RTVSPost2010Prop57
140
1.0
102
RTVSPost2010PropOp57
 70
     1
  0
XRECORD
  5
521
102
{ACAD_REACTORS
330
520
102
}
330
520
100
AcDbXrecord
280
     1
102
RTVSPropertyOp0
 70
     1
102
RTVSPropertyOp1
 70
     1
102
RTVSPropertyOp2
 70
     1
102
RTVSPropertyOp3
 70
     1
102
RTVSPropertyOp4
 70
     1
102
RTVSPropertyOp5
 70
     1
102
RTVSPropertyOp6
 70
     1
102
RTVSPropertyOp7
 70
     1
102
RTVSPropertyOp8
 70
     1
102
RTVSPropertyOp9
 70
     1
102
RTVSPropertyOp10
 70
     1
102
RTVSPropertyOp11
 70
     1
102
RTVSPropertyOp12
 70
     1
102
RTVSPropertyOp13
 70
     1
102
RTVSPropertyOp14
 70
     1
102
RTVSPropertyOp15
 70
     1
102
RTVSPropertyOp16
 70
     1
102
RTVSPropertyOp17
 70
     1
102
RTVSPropertyOp18
 70
     1
102
RTVSPropertyOp19
 70
     1
102
RTVSPropertyOp20
 70
     1
102
RTVSPropertyOp21
 70
     1
102
RTVSPropertyOp22
 70
     1
102
RTVSPropertyOp23
 70
     1
102
RTVSPropertyOp24
 70
     1
102
RTVSPropertyOp25
 70
     1
102
RTVSPropertyOp26
 70
     1
102
RTVSPropertyOp27
 70
     1
102
RTVSPropertyOp28
 70
     1
102
RTVSPropertyOp29
 70
     1
102
RTVSPropertyOp30
 70
     1
102
RTVSPropertyOp31
 70
     1
102
RTVSPropertyOp32
 70
     1
102
RTVSPropertyOp33
 70
     1
102
RTVSPropertyOp34
 70
     1
102
RTVSPropertyOp35
 70
     1
102
RTVSPropertyOp36
 70
     1
102
RTVSPropertyOp37
 70
     1
102
RTVSPropertyOp38
 70
     1
102
RTVSPropertyOp39
 70
     1
102
RTVSPropertyOp40
 70
     1
102
RTVSPropertyOp41
 70
     1
102
RTVSPropertyOp42
 70
     1
102
RTVSPropertyOp43
 70
     1
102
RTVSPropertyOp44
 70
     1
102
RTVSPropertyOp45
 70
     1
102
RTVSPropertyOp46
 70
     1
102
RTVSPropertyOp47
 70
     1
102
RTVSPropertyOp48
 70
     1
102
RTVSPropertyOp49
 70
     1
102
RTVSPropertyOp50
 70
     1
102
RTVSPropertyOp51
 70
     0
102
RTVSPropertyOp52
 70
     0
102
RTVSPropertyOp53
 70
     1
102
RTVSPropertyOp54
 70
     1
102
RTVSPropertyOp55
 70
     1
102
RTVSPropertyOp56
 70
     1
102
RTVSPropertyOp57
 70
     1
102
RTVSPost2010Prop28
280
     0
102
RTVSPost2010PropOp28
 70
     1
102
RTVSPost2010Prop29
280
     1
102
RTVSPost2010PropOp29
 70
     1
102
RTVSPost2010Prop30
280
     1
102
RTVSPost2010PropOp30
 70
     1
102
RTVSPost2010Prop31
280
     0
102
RTVSPost2010PropOp31
 70
     1
102
RTVSPost2010Prop32
280
     0
102
RTVSPost2010PropOp32
 70
     1
102
RTVSPost2010Prop33
280
     0
102
RTVSPost2010PropOp33
 70
     1
102
RTVSPost2010Prop34
280
     0
102
RTVSPost2010PropOp34
 70
     1
102
RTVSPost2010Prop35
280
     0
102
RTVSPost2010PropOp35
 70
     1
102
RTVSPost2010Prop36
280
     0
102
RTVSPost2010PropOp36
 70
     1
102
RTVSPost2010Prop37
 90
       50
102
RTVSPost2010PropOp37
 70
     1
102
RTVSPost2010Prop38
140
0.0
102
RTVSPost2010PropOp38
 70
     1
102
RTVSPost2010Prop39
140
1.0
102
RTVSPost2010PropOp39
 70
     1
102
RTVSPost2010Prop40
 90
        0
102
RTVSPost2010PropOp40
 70
     1
102
RTVSPost2010Prop41ColorIndex
 90
       18
102
RTVSPost2010Prop41ColorRGB
 90
        0
102
RTVSPost2010PropOp41
 70
     1
102
RTVSPost2010Prop42
 90
       50
102
RTVSPost2010PropOp42
 70
     1
102
RTVSPost2010Prop43
 90
        3
102
RTVSPost2010PropOp43
 70
     1
102
RTVSPost2010Prop44ColorIndex
 90
        5
102
RTVSPost2010Prop44ColorRGB
 90
      255
102
RTVSPost2010PropOp44
 70
     1
102
RTVSPost2010Prop45
280
     0
102
RTVSPost2010PropOp45
 70
     1
102
RTVSPost2010Prop46
 90
       50
102
RTVSPost2010PropOp46
 70
     1
102
RTVSPost2010Prop47
 90
       50
102
RTVSPost2010PropOp47
 70
     1
102
RTVSPost2010Prop48
 90
       50
102
RTVSPost2010PropOp48
 70
     1
102
RTVSPost2010Prop49
280
     0
102
RTVSPost2010PropOp49
 70
     1
102
RTVSPost2010Prop50
 90
       50
102
RTVSPost2010PropOp50
 70
     1
102
RTVSPost2010Prop51ColorIndex
 90
      256
102
RTVSPost2010Prop51ColorRGB
 90
-16777216
102
RTVSPost2010PropOp51
 70
     0
102
RTVSPost2010Prop52
140
1.0
102
RTVSPost2010PropOp52
 70
     0
102
RTVSPost2010Prop53
 90
        2
102
RTVSPost2010PropOp53
 70
     1
102
RTVSPost2010Prop54
  1
strokes_ogs.tif
102
RTVSPost2010PropOp54
 70
     1
102
RTVSPost2010Prop55
280
     0
102
RTVSPost2010PropOp55
 70
     1
102
RTVSPost2010Prop56
140
1.0
102
RTVSPost2010PropOp56
 70
     1
102
RTVSPost2010Prop57
140
1.0
102
RTVSPost2010PropOp57
 70
     1
  0
XRECORD
  5
529
102
{ACAD_REACTORS
330
528
102
}
330
528
100
AcDbXrecord
280
     1
102
RTVSPropertyOp0
 70
     1
102
RTVSPropertyOp1
 70
     1
102
RTVSPropertyOp2
 70
     1
102
RTVSPropertyOp3
 70
     1
102
RTVSPropertyOp4
 70
     1
102
RTVSPropertyOp5
 70
     1
102
RTVSPropertyOp6
 70
     1
102
RTVSPropertyOp7
 70
     1
102
RTVSPropertyOp8
 70
     1
102
RTVSPropertyOp9
 70
     1
102
RTVSPropertyOp10
 70
     1
102
RTVSPropertyOp11
 70
     1
102
RTVSPropertyOp12
 70
     1
102
RTVSPropertyOp13
 70
     1
102
RTVSPropertyOp14
 70
     1
102
RTVSPropertyOp15
 70
     1
102
RTVSPropertyOp16
 70
     1
102
RTVSPropertyOp17
 70
     1
102
RTVSPropertyOp18
 70
     1
102
RTVSPropertyOp19
 70
     1
102
RTVSPropertyOp20
 70
     1
102
RTVSPropertyOp21
 70
     1
102
RTVSPropertyOp22
 70
     1
102
RTVSPropertyOp23
 70
     1
102
RTVSPropertyOp24
 70
     1
102
RTVSPropertyOp25
 70
     1
102
RTVSPropertyOp26
 70
     1
102
RTVSPropertyOp27
 70
     1
102
RTVSPropertyOp28
 70
     1
102
RTVSPropertyOp29
 70
     1
102
RTVSPropertyOp30
 70
     1
102
RTVSPropertyOp31
 70
     1
102
RTVSPropertyOp32
 70
     1
102
RTVSPropertyOp33
 70
     1
102
RTVSPropertyOp34
 70
     1
102
RTVSPropertyOp35
 70
     1
102
RTVSPropertyOp36
 70
     1
102
RTVSPropertyOp37
 70
     1
102
RTVSPropertyOp38
 70
     1
102
RTVSPropertyOp39
 70
     1
102
RTVSPropertyOp40
 70
     1
102
RTVSPropertyOp41
 70
     1
102
RTVSPropertyOp42
 70
     1
102
RTVSPropertyOp43
 70
     1
102
RTVSPropertyOp44
 70
     1
102
RTVSPropertyOp45
 70
     1
102
RTVSPropertyOp46
 70
     1
102
RTVSPropertyOp47
 70
     1
102
RTVSPropertyOp48
 70
     1
102
RTVSPropertyOp49
 70
     1
102
RTVSPropertyOp50
 70
     1
102
RTVSPropertyOp51
 70
     0
102
RTVSPropertyOp52
 70
     0
102
RTVSPropertyOp53
 70
     1
102
RTVSPropertyOp54
 70
     1
102
RTVSPropertyOp55
 70
     1
102
RTVSPropertyOp56
 70
     1
102
RTVSPropertyOp57
 70
     1
102
RTVSPost2010Prop28
280
     0
102
RTVSPost2010PropOp28
 70
     1
102
RTVSPost2010Prop29
280
     1
102
RTVSPost2010PropOp29
 70
     1
102
RTVSPost2010Prop30
280
     1
102
RTVSPost2010PropOp30
 70
     1
102
RTVSPost2010Prop31
280
     0
102
RTVSPost2010PropOp31
 70
     1
102
RTVSPost2010Prop32
280
     0
102
RTVSPost2010PropOp32
 70
     1
102
RTVSPost2010Prop33
280
     0
102
RTVSPost2010PropOp33
 70
     1
102
RTVSPost2010Prop34
280
     0
102
RTVSPost2010PropOp34
 70
     1
102
RTVSPost2010Prop35
280
     0
102
RTVSPost2010PropOp35
 70
     1
102
RTVSPost2010Prop36
280
     0
102
RTVSPost2010PropOp36
 70
     1
102
RTVSPost2010Prop37
 90
       50
102
RTVSPost2010PropOp37
 70
     1
102
RTVSPost2010Prop38
140
0.0
102
RTVSPost2010PropOp38
 70
     1
102
RTVSPost2010Prop39
140
1.0
102
RTVSPost2010PropOp39
 70
     1
102
RTVSPost2010Prop40
 90
        0
102
RTVSPost2010PropOp40
 70
     1
102
RTVSPost2010Prop41ColorIndex
 90
       18
102
RTVSPost2010Prop41ColorRGB
 90
        0
102
RTVSPost2010PropOp41
 70
     1
102
RTVSPost2010Prop42
 90
       50
102
RTVSPost2010PropOp42
 70
     1
102
RTVSPost2010Prop43
 90
        3
102
RTVSPost2010PropOp43
 70
     1
102
RTVSPost2010Prop44ColorIndex
 90
        5
102
RTVSPost2010Prop44ColorRGB
 90
      255
102
RTVSPost2010PropOp44
 70
     1
102
RTVSPost2010Prop45
280
     0
102
RTVSPost2010PropOp45
 70
     1
102
RTVSPost2010Prop46
 90
       50
102
RTVSPost2010PropOp46
 70
     1
102
RTVSPost2010Prop47
 90
       50
102
RTVSPost2010PropOp47
 70
     1
102
RTVSPost2010Prop48
 90
       50
102
RTVSPost2010PropOp48
 70
     1
102
RTVSPost2010Prop49
280
     0
102
RTVSPost2010PropOp49
 70
     1
102
RTVSPost2010Prop50
 90
       50
102
RTVSPost2010PropOp50
 70
     1
102
RTVSPost2010Prop51ColorIndex
 90
      256
102
RTVSPost2010Prop51ColorRGB
 90
-16777216
102
RTVSPost2010PropOp51
 70
     0
102
RTVSPost2010Prop52
140
1.0
102
RTVSPost2010PropOp52
 70
     0
102
RTVSPost2010Prop53
 90
        2
102
RTVSPost2010PropOp53
 70
     1
102
RTVSPost2010Prop54
  1
strokes_ogs.tif
102
RTVSPost2010PropOp54
 70
     1
102
RTVSPost2010Prop55
280
     0
102
RTVSPost2010PropOp55
 70
     1
102
RTVSPost2010Prop56
140
1.0
102
RTVSPost2010PropOp56
 70
     1
102
RTVSPost2010Prop57
140
1.0
102
RTVSPost2010PropOp57
 70
     1
  0
XRECORD
  5
51D
102
{ACAD_REACTORS
330
51C
102
}
330
51C
100
AcDbXrecord
280
     1
102
RTVSPropertyOp0
 70
     1
102
RTVSPropertyOp1
 70
     1
102
RTVSPropertyOp2
 70
     1
102
RTVSPropertyOp3
 70
     1
102
RTVSPropertyOp4
 70
     1
102
RTVSPropertyOp5
 70
     1
102
RTVSPropertyOp6
 70
     1
102
RTVSPropertyOp7
 70
     1
102
RTVSPropertyOp8
 70
     1
102
RTVSPropertyOp9
 70
     1
102
RTVSPropertyOp10
 70
     1
102
RTVSPropertyOp11
 70
     1
102
RTVSPropertyOp12
 70
     1
102
RTVSPropertyOp13
 70
     1
102
RTVSPropertyOp14
 70
     1
102
RTVSPropertyOp15
 70
     1
102
RTVSPropertyOp16
 70
     1
102
RTVSPropertyOp17
 70
     1
102
RTVSPropertyOp18
 70
     1
102
RTVSPropertyOp19
 70
     1
102
RTVSPropertyOp20
 70
     1
102
RTVSPropertyOp21
 70
     1
102
RTVSPropertyOp22
 70
     1
102
RTVSPropertyOp23
 70
     1
102
RTVSPropertyOp24
 70
     1
102
RTVSPropertyOp25
 70
     1
102
RTVSPropertyOp26
 70
     1
102
RTVSPropertyOp27
 70
     1
102
RTVSPropertyOp28
 70
     1
102
RTVSPropertyOp29
 70
     1
102
RTVSPropertyOp30
 70
     1
102
RTVSPropertyOp31
 70
     1
102
RTVSPropertyOp32
 70
     1
102
RTVSPropertyOp33
 70
     1
102
RTVSPropertyOp34
 70
     1
102
RTVSPropertyOp35
 70
     1
102
RTVSPropertyOp36
 70
     1
102
RTVSPropertyOp37
 70
     1
102
RTVSPropertyOp38
 70
     1
102
RTVSPropertyOp39
 70
     1
102
RTVSPropertyOp40
 70
     1
102
RTVSPropertyOp41
 70
     1
102
RTVSPropertyOp42
 70
     1
102
RTVSPropertyOp43
 70
     1
102
RTVSPropertyOp44
 70
     1
102
RTVSPropertyOp45
 70
     1
102
RTVSPropertyOp46
 70
     1
102
RTVSPropertyOp47
 70
     1
102
RTVSPropertyOp48
 70
     1
102
RTVSPropertyOp49
 70
     1
102
RTVSPropertyOp50
 70
     1
102
RTVSPropertyOp51
 70
     0
102
RTVSPropertyOp52
 70
     0
102
RTVSPropertyOp53
 70
     1
102
RTVSPropertyOp54
 70
     1
102
RTVSPropertyOp55
 70
     1
102
RTVSPropertyOp56
 70
     1
102
RTVSPropertyOp57
 70
     1
102
RTVSPost2010Prop28
280
     0
102
RTVSPost2010PropOp28
 70
     1
102
RTVSPost2010Prop29
280
     1
102
RTVSPost2010PropOp29
 70
     1
102
RTVSPost2010Prop30
280
     1
102
RTVSPost2010PropOp30
 70
     1
102
RTVSPost2010Prop31
280
     0
102
RTVSPost2010PropOp31
 70
     1
102
RTVSPost2010Prop32
280
     0
102
RTVSPost2010PropOp32
 70
     1
102
RTVSPost2010Prop33
280
     0
102
RTVSPost2010PropOp33
 70
     1
102
RTVSPost2010Prop34
280
     0
102
RTVSPost2010PropOp34
 70
     1
102
RTVSPost2010Prop35
280
     0
102
RTVSPost2010PropOp35
 70
     1
102
RTVSPost2010Prop36
280
     0
102
RTVSPost2010PropOp36
 70
     1
102
RTVSPost2010Prop37
 90
       50
102
RTVSPost2010PropOp37
 70
     1
102
RTVSPost2010Prop38
140
0.0
102
RTVSPost2010PropOp38
 70
     1
102
RTVSPost2010Prop39
140
1.0
102
RTVSPost2010PropOp39
 70
     1
102
RTVSPost2010Prop40
 90
        0
102
RTVSPost2010PropOp40
 70
     1
102
RTVSPost2010Prop41ColorIndex
 90
       18
102
RTVSPost2010Prop41ColorRGB
 90
        0
102
RTVSPost2010PropOp41
 70
     1
102
RTVSPost2010Prop42
 90
       50
102
RTVSPost2010PropOp42
 70
     1
102
RTVSPost2010Prop43
 90
        3
102
RTVSPost2010PropOp43
 70
     1
102
RTVSPost2010Prop44ColorIndex
 90
        5
102
RTVSPost2010Prop44ColorRGB
 90
      255
102
RTVSPost2010PropOp44
 70
     1
102
RTVSPost2010Prop45
280
     0
102
RTVSPost2010PropOp45
 70
     1
102
RTVSPost2010Prop46
 90
       50
102
RTVSPost2010PropOp46
 70
     1
102
RTVSPost2010Prop47
 90
       50
102
RTVSPost2010PropOp47
 70
     1
102
RTVSPost2010Prop48
 90
       50
102
RTVSPost2010PropOp48
 70
     1
102
RTVSPost2010Prop49
280
     0
102
RTVSPost2010PropOp49
 70
     1
102
RTVSPost2010Prop50
 90
       50
102
RTVSPost2010PropOp50
 70
     1
102
RTVSPost2010Prop51ColorIndex
 90
      256
102
RTVSPost2010Prop51ColorRGB
 90
-16777216
102
RTVSPost2010PropOp51
 70
     0
102
RTVSPost2010Prop52
140
1.0
102
RTVSPost2010PropOp52
 70
     0
102
RTVSPost2010Prop53
 90
        2
102
RTVSPost2010PropOp53
 70
     1
102
RTVSPost2010Prop54
  1
strokes_ogs.tif
102
RTVSPost2010PropOp54
 70
     1
102
RTVSPost2010Prop55
280
     0
102
RTVSPost2010PropOp55
 70
     1
102
RTVSPost2010Prop56
140
1.0
102
RTVSPost2010PropOp56
 70
     1
102
RTVSPost2010Prop57
140
1.0
102
RTVSPost2010PropOp57
 70
     1
  0
XRECORD
  5
51F
102
{ACAD_REACTORS
330
51E
102
}
330
51E
100
AcDbXrecord
280
     1
102
RTVSPropertyOp0
 70
     1
102
RTVSPropertyOp1
 70
     1
102
RTVSPropertyOp2
 70
     1
102
RTVSPropertyOp3
 70
     1
102
RTVSPropertyOp4
 70
     1
102
RTVSPropertyOp5
 70
     1
102
RTVSPropertyOp6
 70
     1
102
RTVSPropertyOp7
 70
     1
102
RTVSPropertyOp8
 70
     1
102
RTVSPropertyOp9
 70
     1
102
RTVSPropertyOp10
 70
     1
102
RTVSPropertyOp11
 70
     1
102
RTVSPropertyOp12
 70
     1
102
RTVSPropertyOp13
 70
     1
102
RTVSPropertyOp14
 70
     1
102
RTVSPropertyOp15
 70
     1
102
RTVSPropertyOp16
 70
     1
102
RTVSPropertyOp17
 70
     1
102
RTVSPropertyOp18
 70
     1
102
RTVSPropertyOp19
 70
     1
102
RTVSPropertyOp20
 70
     1
102
RTVSPropertyOp21
 70
     1
102
RTVSPropertyOp22
 70
     1
102
RTVSPropertyOp23
 70
     1
102
RTVSPropertyOp24
 70
     1
102
RTVSPropertyOp25
 70
     1
102
RTVSPropertyOp26
 70
     1
102
RTVSPropertyOp27
 70
     1
102
RTVSPropertyOp28
 70
     1
102
RTVSPropertyOp29
 70
     1
102
RTVSPropertyOp30
 70
     1
102
RTVSPropertyOp31
 70
     1
102
RTVSPropertyOp32
 70
     1
102
RTVSPropertyOp33
 70
     1
102
RTVSPropertyOp34
 70
     1
102
RTVSPropertyOp35
 70
     1
102
RTVSPropertyOp36
 70
     1
102
RTVSPropertyOp37
 70
     1
102
RTVSPropertyOp38
 70
     1
102
RTVSPropertyOp39
 70
     1
102
RTVSPropertyOp40
 70
     1
102
RTVSPropertyOp41
 70
     1
102
RTVSPropertyOp42
 70
     1
102
RTVSPropertyOp43
 70
     1
102
RTVSPropertyOp44
 70
     1
102
RTVSPropertyOp45
 70
     1
102
RTVSPropertyOp46
 70
     1
102
RTVSPropertyOp47
 70
     1
102
RTVSPropertyOp48
 70
     1
102
RTVSPropertyOp49
 70
     1
102
RTVSPropertyOp50
 70
     1
102
RTVSPropertyOp51
 70
     0
102
RTVSPropertyOp52
 70
     0
102
RTVSPropertyOp53
 70
     1
102
RTVSPropertyOp54
 70
     1
102
RTVSPropertyOp55
 70
     1
102
RTVSPropertyOp56
 70
     1
102
RTVSPropertyOp57
 70
     1
102
RTVSPost2010Prop28
280
     0
102
RTVSPost2010PropOp28
 70
     1
102
RTVSPost2010Prop29
280
     1
102
RTVSPost2010PropOp29
 70
     1
102
RTVSPost2010Prop30
280
     1
102
RTVSPost2010PropOp30
 70
     1
102
RTVSPost2010Prop31
280
     0
102
RTVSPost2010PropOp31
 70
     1
102
RTVSPost2010Prop32
280
     0
102
RTVSPost2010PropOp32
 70
     1
102
RTVSPost2010Prop33
280
     0
102
RTVSPost2010PropOp33
 70
     1
102
RTVSPost2010Prop34
280
     0
102
RTVSPost2010PropOp34
 70
     1
102
RTVSPost2010Prop35
280
     0
102
RTVSPost2010PropOp35
 70
     1
102
RTVSPost2010Prop36
280
     0
102
RTVSPost2010PropOp36
 70
     1
102
RTVSPost2010Prop37
 90
       50
102
RTVSPost2010PropOp37
 70
     1
102
RTVSPost2010Prop38
140
0.0
102
RTVSPost2010PropOp38
 70
     1
102
RTVSPost2010Prop39
140
1.0
102
RTVSPost2010PropOp39
 70
     1
102
RTVSPost2010Prop40
 90
        0
102
RTVSPost2010PropOp40
 70
     1
102
RTVSPost2010Prop41ColorIndex
 90
       18
102
RTVSPost2010Prop41ColorRGB
 90
        0
102
RTVSPost2010PropOp41
 70
     1
102
RTVSPost2010Prop42
 90
       50
102
RTVSPost2010PropOp42
 70
     1
102
RTVSPost2010Prop43
 90
        3
102
RTVSPost2010PropOp43
 70
     1
102
RTVSPost2010Prop44ColorIndex
 90
        5
102
RTVSPost2010Prop44ColorRGB
 90
      255
102
RTVSPost2010PropOp44
 70
     1
102
RTVSPost2010Prop45
280
     0
102
RTVSPost2010PropOp45
 70
     1
102
RTVSPost2010Prop46
 90
       50
102
RTVSPost2010PropOp46
 70
     1
102
RTVSPost2010Prop47
 90
       50
102
RTVSPost2010PropOp47
 70
     1
102
RTVSPost2010Prop48
 90
       50
102
RTVSPost2010PropOp48
 70
     1
102
RTVSPost2010Prop49
280
     0
102
RTVSPost2010PropOp49
 70
     1
102
RTVSPost2010Prop50
 90
       50
102
RTVSPost2010PropOp50
 70
     1
102
RTVSPost2010Prop51ColorIndex
 90
      256
102
RTVSPost2010Prop51ColorRGB
 90
-16777216
102
RTVSPost2010PropOp51
 70
     0
102
RTVSPost2010Prop52
140
1.0
102
RTVSPost2010PropOp52
 70
     0
102
RTVSPost2010Prop53
 90
        2
102
RTVSPost2010PropOp53
 70
     1
102
RTVSPost2010Prop54
  1
strokes_ogs.tif
102
RTVSPost2010PropOp54
 70
     1
102
RTVSPost2010Prop55
280
     0
102
RTVSPost2010PropOp55
 70
     1
102
RTVSPost2010Prop56
140
1.0
102
RTVSPost2010PropOp56
 70
     1
102
RTVSPost2010Prop57
140
1.0
102
RTVSPost2010PropOp57
 70
     1
  0
XRECORD
  5
52F
102
{ACAD_REACTORS
330
52E
102
}
330
52E
100
AcDbXrecord
280
     1
102
RTVSPropertyOp0
 70
     0
102
RTVSPropertyOp1
 70
     0
102
RTVSPropertyOp2
 70
     0
102
RTVSPropertyOp3
 70
     0
102
RTVSPropertyOp4
 70
     0
102
RTVSPropertyOp5
 70
     0
102
RTVSPropertyOp6
 70
     0
102
RTVSPropertyOp7
 70
     0
102
RTVSPropertyOp8
 70
     0
102
RTVSPropertyOp9
 70
     0
102
RTVSPropertyOp10
 70
     0
102
RTVSPropertyOp11
 70
     0
102
RTVSPropertyOp12
 70
     0
102
RTVSPropertyOp13
 70
     0
102
RTVSPropertyOp14
 70
     2
102
RTVSPropertyOp15
 70
     0
102
RTVSPropertyOp16
 70
     0
102
RTVSPropertyOp17
 70
     0
102
RTVSPropertyOp18
 70
     0
102
RTVSPropertyOp19
 70
     0
102
RTVSPropertyOp20
 70
     0
102
RTVSPropertyOp21
 70
     0
102
RTVSPropertyOp22
 70
     0
102
RTVSPropertyOp23
 70
     0
102
RTVSPropertyOp24
 70
     0
102
RTVSPropertyOp25
 70
     0
102
RTVSPropertyOp26
 70
     0
102
RTVSPropertyOp27
 70
     0
102
RTVSPropertyOp28
 70
     0
102
RTVSPropertyOp29
 70
     0
102
RTVSPropertyOp30
 70
     0
102
RTVSPropertyOp31
 70
     0
102
RTVSPropertyOp32
 70
     0
102
RTVSPropertyOp33
 70
     0
102
RTVSPropertyOp34
 70
     0
102
RTVSPropertyOp35
 70
     0
102
RTVSPropertyOp36
 70
     0
102
RTVSPropertyOp37
 70
     0
102
RTVSPropertyOp38
 70
     0
102
RTVSPropertyOp39
 70
     0
102
RTVSPropertyOp40
 70
     0
102
RTVSPropertyOp41
 70
     0
102
RTVSPropertyOp42
 70
     0
102
RTVSPropertyOp43
 70
     0
102
RTVSPropertyOp44
 70
     0
102
RTVSPropertyOp45
 70
     0
102
RTVSPropertyOp46
 70
     0
102
RTVSPropertyOp47
 70
     0
102
RTVSPropertyOp48
 70
     0
102
RTVSPropertyOp49
 70
     0
102
RTVSPropertyOp50
 70
     0
102
RTVSPropertyOp51
 70
     0
102
RTVSPropertyOp52
 70
     0
102
RTVSPropertyOp53
 70
     0
102
RTVSPropertyOp54
 70
     0
102
RTVSPropertyOp55
 70
     0
102
RTVSPropertyOp56
 70
     0
102
RTVSPropertyOp57
 70
     0
102
RTVSPost2010Prop28
280
     0
102
RTVSPost2010PropOp28
 70
     0
102
RTVSPost2010Prop29
280
     1
102
RTVSPost2010PropOp29
 70
     0
102
RTVSPost2010Prop30
280
     1
102
RTVSPost2010PropOp30
 70
     0
102
RTVSPost2010Prop31
280
     0
102
RTVSPost2010PropOp31
 70
     0
102
RTVSPost2010Prop32
280
     0
102
RTVSPost2010PropOp32
 70
     0
102
RTVSPost2010Prop33
280
     0
102
RTVSPost2010PropOp33
 70
     0
102
RTVSPost2010Prop34
280
     0
102
RTVSPost2010PropOp34
 70
     0
102
RTVSPost2010Prop35
280
     0
102
RTVSPost2010PropOp35
 70
     0
102
RTVSPost2010Prop36
280
     0
102
RTVSPost2010PropOp36
 70
     0
102
RTVSPost2010Prop37
 90
       50
102
RTVSPost2010PropOp37
 70
     0
102
RTVSPost2010Prop38
140
0.0
102
RTVSPost2010PropOp38
 70
     0
102
RTVSPost2010Prop39
140
1.0
102
RTVSPost2010PropOp39
 70
     0
102
RTVSPost2010Prop40
 90
        0
102
RTVSPost2010PropOp40
 70
     0
102
RTVSPost2010Prop41ColorIndex
 90
       18
102
RTVSPost2010Prop41ColorRGB
 90
        0
102
RTVSPost2010PropOp41
 70
     0
102
RTVSPost2010Prop42
 90
       50
102
RTVSPost2010PropOp42
 70
     0
102
RTVSPost2010Prop43
 90
        3
102
RTVSPost2010PropOp43
 70
     0
102
RTVSPost2010Prop44ColorIndex
 90
        5
102
RTVSPost2010Prop44ColorRGB
 90
      255
102
RTVSPost2010PropOp44
 70
     0
102
RTVSPost2010Prop45
280
     0
102
RTVSPost2010PropOp45
 70
     0
102
RTVSPost2010Prop46
 90
       50
102
RTVSPost2010PropOp46
 70
     0
102
RTVSPost2010Prop47
 90
       50
102
RTVSPost2010PropOp47
 70
     0
102
RTVSPost2010Prop48
 90
       50
102
RTVSPost2010PropOp48
 70
     0
102
RTVSPost2010Prop49
280
     0
102
RTVSPost2010PropOp49
 70
     0
102
RTVSPost2010Prop50
 90
       50
102
RTVSPost2010PropOp50
 70
     0
102
RTVSPost2010Prop51ColorIndex
 90
      256
102
RTVSPost2010Prop51ColorRGB
 90
-16777216
102
RTVSPost2010PropOp51
 70
     0
102
RTVSPost2010Prop52
140
1.0
102
RTVSPost2010PropOp52
 70
     0
102
RTVSPost2010Prop53
 90
        2
102
RTVSPost2010PropOp53
 70
     0
102
RTVSPost2010Prop54
  1
strokes_ogs.tif
102
RTVSPost2010PropOp54
 70
     0
102
RTVSPost2010Prop55
280
     0
102
RTVSPost2010PropOp55
 70
     0
102
RTVSPost2010Prop56
140
1.0
102
RTVSPost2010PropOp56
 70
     0
102
RTVSPost2010Prop57
140
1.0
102
RTVSPost2010PropOp57
 70
     0
  0
XRECORD
  5
527
102
{ACAD_REACTORS
330
526
102
}
330
526
100
AcDbXrecord
280
     1
102
RTVSPropertyOp0
 70
     1
102
RTVSPropertyOp1
 70
     1
102
RTVSPropertyOp2
 70
     1
102
RTVSPropertyOp3
 70
     1
102
RTVSPropertyOp4
 70
     1
102
RTVSPropertyOp5
 70
     1
102
RTVSPropertyOp6
 70
     1
102
RTVSPropertyOp7
 70
     1
102
RTVSPropertyOp8
 70
     1
102
RTVSPropertyOp9
 70
     1
102
RTVSPropertyOp10
 70
     1
102
RTVSPropertyOp11
 70
     1
102
RTVSPropertyOp12
 70
     1
102
RTVSPropertyOp13
 70
     1
102
RTVSPropertyOp14
 70
     1
102
RTVSPropertyOp15
 70
     1
102
RTVSPropertyOp16
 70
     1
102
RTVSPropertyOp17
 70
     1
102
RTVSPropertyOp18
 70
     1
102
RTVSPropertyOp19
 70
     1
102
RTVSPropertyOp20
 70
     1
102
RTVSPropertyOp21
 70
     1
102
RTVSPropertyOp22
 70
     1
102
RTVSPropertyOp23
 70
     1
102
RTVSPropertyOp24
 70
     1
102
RTVSPropertyOp25
 70
     1
102
RTVSPropertyOp26
 70
     1
102
RTVSPropertyOp27
 70
     1
102
RTVSPropertyOp28
 70
     1
102
RTVSPropertyOp29
 70
     1
102
RTVSPropertyOp30
 70
     1
102
RTVSPropertyOp31
 70
     1
102
RTVSPropertyOp32
 70
     1
102
RTVSPropertyOp33
 70
     1
102
RTVSPropertyOp34
 70
     1
102
RTVSPropertyOp35
 70
     1
102
RTVSPropertyOp36
 70
     1
102
RTVSPropertyOp37
 70
     1
102
RTVSPropertyOp38
 70
     1
102
RTVSPropertyOp39
 70
     1
102
RTVSPropertyOp40
 70
     1
102
RTVSPropertyOp41
 70
     1
102
RTVSPropertyOp42
 70
     1
102
RTVSPropertyOp43
 70
     1
102
RTVSPropertyOp44
 70
     1
102
RTVSPropertyOp45
 70
     1
102
RTVSPropertyOp46
 70
     1
102
RTVSPropertyOp47
 70
     1
102
RTVSPropertyOp48
 70
     1
102
RTVSPropertyOp49
 70
     1
102
RTVSPropertyOp50
 70
     1
102
RTVSPropertyOp51
 70
     0
102
RTVSPropertyOp52
 70
     0
102
RTVSPropertyOp53
 70
     1
102
RTVSPropertyOp54
 70
     1
102
RTVSPropertyOp55
 70
     1
102
RTVSPropertyOp56
 70
     1
102
RTVSPropertyOp57
 70
     1
102
RTVSPost2010Prop28
280
     0
102
RTVSPost2010PropOp28
 70
     1
102
RTVSPost2010Prop29
280
     1
102
RTVSPost2010PropOp29
 70
     1
102
RTVSPost2010Prop30
280
     1
102
RTVSPost2010PropOp30
 70
     1
102
RTVSPost2010Prop31
280
     0
102
RTVSPost2010PropOp31
 70
     1
102
RTVSPost2010Prop32
280
     0
102
RTVSPost2010PropOp32
 70
     1
102
RTVSPost2010Prop33
280
     0
102
RTVSPost2010PropOp33
 70
     1
102
RTVSPost2010Prop34
280
     0
102
RTVSPost2010PropOp34
 70
     1
102
RTVSPost2010Prop35
280
     0
102
RTVSPost2010PropOp35
 70
     1
102
RTVSPost2010Prop36
280
     0
102
RTVSPost2010PropOp36
 70
     1
102
RTVSPost2010Prop37
 90
       50
102
RTVSPost2010PropOp37
 70
     1
102
RTVSPost2010Prop38
140
0.0
102
RTVSPost2010PropOp38
 70
     1
102
RTVSPost2010Prop39
140
1.0
102
RTVSPost2010PropOp39
 70
     1
102
RTVSPost2010Prop40
 90
        0
102
RTVSPost2010PropOp40
 70
     1
102
RTVSPost2010Prop41ColorIndex
 90
       18
102
RTVSPost2010Prop41ColorRGB
 90
        0
102
RTVSPost2010PropOp41
 70
     1
102
RTVSPost2010Prop42
 90
       50
102
RTVSPost2010PropOp42
 70
     1
102
RTVSPost2010Prop43
 90
        3
102
RTVSPost2010PropOp43
 70
     1
102
RTVSPost2010Prop44ColorIndex
 90
        5
102
RTVSPost2010Prop44ColorRGB
 90
      255
102
RTVSPost2010PropOp44
 70
     1
102
RTVSPost2010Prop45
280
     0
102
RTVSPost2010PropOp45
 70
     1
102
RTVSPost2010Prop46
 90
       50
102
RTVSPost2010PropOp46
 70
     1
102
RTVSPost2010Prop47
 90
       50
102
RTVSPost2010PropOp47
 70
     1
102
RTVSPost2010Prop48
 90
       50
102
RTVSPost2010PropOp48
 70
     1
102
RTVSPost2010Prop49
280
     0
102
RTVSPost2010PropOp49
 70
     1
102
RTVSPost2010Prop50
 90
       50
102
RTVSPost2010PropOp50
 70
     1
102
RTVSPost2010Prop51ColorIndex
 90
      256
102
RTVSPost2010Prop51ColorRGB
 90
-16777216
102
RTVSPost2010PropOp51
 70
     0
102
RTVSPost2010Prop52
140
1.0
102
RTVSPost2010PropOp52
 70
     0
102
RTVSPost2010Prop53
 90
        2
102
RTVSPost2010PropOp53
 70
     1
102
RTVSPost2010Prop54
  1
strokes_ogs.tif
102
RTVSPost2010PropOp54
 70
     1
102
RTVSPost2010Prop55
280
     0
102
RTVSPost2010PropOp55
 70
     1
102
RTVSPost2010Prop56
140
1.0
102
RTVSPost2010PropOp56
 70
     1
102
RTVSPost2010Prop57
140
1.0
102
RTVSPost2010PropOp57
 70
     1
  0
XRECORD
  5
50B
102
{ACAD_REACTORS
330
50A
102
}
330
50A
100
AcDbXrecord
280
     1
102
RTVSPropertyOp0
 70
     1
102
RTVSPropertyOp1
 70
     1
102
RTVSPropertyOp2
 70
     1
102
RTVSPropertyOp3
 70
     1
102
RTVSPropertyOp4
 70
     1
102
RTVSPropertyOp5
 70
     1
102
RTVSPropertyOp6
 70
     1
102
RTVSPropertyOp7
 70
     1
102
RTVSPropertyOp8
 70
     1
102
RTVSPropertyOp9
 70
     1
102
RTVSPropertyOp10
 70
     1
102
RTVSPropertyOp11
 70
     1
102
RTVSPropertyOp12
 70
     1
102
RTVSPropertyOp13
 70
     1
102
RTVSPropertyOp14
 70
     1
102
RTVSPropertyOp15
 70
     1
102
RTVSPropertyOp16
 70
     1
102
RTVSPropertyOp17
 70
     1
102
RTVSPropertyOp18
 70
     1
102
RTVSPropertyOp19
 70
     1
102
RTVSPropertyOp20
 70
     1
102
RTVSPropertyOp21
 70
     1
102
RTVSPropertyOp22
 70
     1
102
RTVSPropertyOp23
 70
     1
102
RTVSPropertyOp24
 70
     1
102
RTVSPropertyOp25
 70
     1
102
RTVSPropertyOp26
 70
     1
102
RTVSPropertyOp27
 70
     1
102
RTVSPropertyOp28
 70
     1
102
RTVSPropertyOp29
 70
     1
102
RTVSPropertyOp30
 70
     1
102
RTVSPropertyOp31
 70
     1
102
RTVSPropertyOp32
 70
     1
102
RTVSPropertyOp33
 70
     1
102
RTVSPropertyOp34
 70
     1
102
RTVSPropertyOp35
 70
     1
102
RTVSPropertyOp36
 70
     1
102
RTVSPropertyOp37
 70
     1
102
RTVSPropertyOp38
 70
     1
102
RTVSPropertyOp39
 70
     1
102
RTVSPropertyOp40
 70
     1
102
RTVSPropertyOp41
 70
     1
102
RTVSPropertyOp42
 70
     1
102
RTVSPropertyOp43
 70
     1
102
RTVSPropertyOp44
 70
     1
102
RTVSPropertyOp45
 70
     1
102
RTVSPropertyOp46
 70
     1
102
RTVSPropertyOp47
 70
     1
102
RTVSPropertyOp48
 70
     1
102
RTVSPropertyOp49
 70
     1
102
RTVSPropertyOp50
 70
     1
102
RTVSPropertyOp51
 70
     0
102
RTVSPropertyOp52
 70
     0
102
RTVSPropertyOp53
 70
     1
102
RTVSPropertyOp54
 70
     1
102
RTVSPropertyOp55
 70
     1
102
RTVSPropertyOp56
 70
     1
102
RTVSPropertyOp57
 70
     1
102
RTVSPost2010Prop28
280
     0
102
RTVSPost2010PropOp28
 70
     1
102
RTVSPost2010Prop29
280
     1
102
RTVSPost2010PropOp29
 70
     1
102
RTVSPost2010Prop30
280
     1
102
RTVSPost2010PropOp30
 70
     1
102
RTVSPost2010Prop31
280
     0
102
RTVSPost2010PropOp31
 70
     1
102
RTVSPost2010Prop32
280
     0
102
RTVSPost2010PropOp32
 70
     1
102
RTVSPost2010Prop33
280
     0
102
RTVSPost2010PropOp33
 70
     1
102
RTVSPost2010Prop34
280
     0
102
RTVSPost2010PropOp34
 70
     1
102
RTVSPost2010Prop35
280
     0
102
RTVSPost2010PropOp35
 70
     1
102
RTVSPost2010Prop36
280
     0
102
RTVSPost2010PropOp36
 70
     1
102
RTVSPost2010Prop37
 90
       50
102
RTVSPost2010PropOp37
 70
     1
102
RTVSPost2010Prop38
140
0.0
102
RTVSPost2010PropOp38
 70
     1
102
RTVSPost2010Prop39
140
1.0
102
RTVSPost2010PropOp39
 70
     1
102
RTVSPost2010Prop40
 90
        0
102
RTVSPost2010PropOp40
 70
     1
102
RTVSPost2010Prop41ColorIndex
 90
       18
102
RTVSPost2010Prop41ColorRGB
 90
        0
102
RTVSPost2010PropOp41
 70
     1
102
RTVSPost2010Prop42
 90
       50
102
RTVSPost2010PropOp42
 70
     1
102
RTVSPost2010Prop43
 90
        3
102
RTVSPost2010PropOp43
 70
     1
102
RTVSPost2010Prop44ColorIndex
 90
        5
102
RTVSPost2010Prop44ColorRGB
 90
      255
102
RTVSPost2010PropOp44
 70
     1
102
RTVSPost2010Prop45
280
     0
102
RTVSPost2010PropOp45
 70
     1
102
RTVSPost2010Prop46
 90
       50
102
RTVSPost2010PropOp46
 70
     1
102
RTVSPost2010Prop47
 90
       50
102
RTVSPost2010PropOp47
 70
     1
102
RTVSPost2010Prop48
 90
       50
102
RTVSPost2010PropOp48
 70
     1
102
RTVSPost2010Prop49
280
     0
102
RTVSPost2010PropOp49
 70
     1
102
RTVSPost2010Prop50
 90
       50
102
RTVSPost2010PropOp50
 70
     1
102
RTVSPost2010Prop51ColorIndex
 90
      256
102
RTVSPost2010Prop51ColorRGB
 90
-16777216
102
RTVSPost2010PropOp51
 70
     0
102
RTVSPost2010Prop52
140
1.0
102
RTVSPost2010PropOp52
 70
     0
102
RTVSPost2010Prop53
 90
        2
102
RTVSPost2010PropOp53
 70
     1
102
RTVSPost2010Prop54
  1
strokes_ogs.tif
102
RTVSPost2010PropOp54
 70
     1
102
RTVSPost2010Prop55
280
     0
102
RTVSPost2010PropOp55
 70
     1
102
RTVSPost2010Prop56
140
1.0
102
RTVSPost2010PropOp56
 70
     1
102
RTVSPost2010Prop57
140
1.0
102
RTVSPost2010PropOp57
 70
     1
  0
XRECORD
  5
50D
102
{ACAD_REACTORS
330
50C
102
}
330
50C
100
AcDbXrecord
280
     1
102
RTVSPropertyOp0
 70
     1
102
RTVSPropertyOp1
 70
     1
102
RTVSPropertyOp2
 70
     1
102
RTVSPropertyOp3
 70
     1
102
RTVSPropertyOp4
 70
     1
102
RTVSPropertyOp5
 70
     1
102
RTVSPropertyOp6
 70
     1
102
RTVSPropertyOp7
 70
     1
102
RTVSPropertyOp8
 70
     1
102
RTVSPropertyOp9
 70
     1
102
RTVSPropertyOp10
 70
     1
102
RTVSPropertyOp11
 70
     1
102
RTVSPropertyOp12
 70
     1
102
RTVSPropertyOp13
 70
     1
102
RTVSPropertyOp14
 70
     1
102
RTVSPropertyOp15
 70
     1
102
RTVSPropertyOp16
 70
     1
102
RTVSPropertyOp17
 70
     1
102
RTVSPropertyOp18
 70
     1
102
RTVSPropertyOp19
 70
     1
102
RTVSPropertyOp20
 70
     1
102
RTVSPropertyOp21
 70
     1
102
RTVSPropertyOp22
 70
     1
102
RTVSPropertyOp23
 70
     1
102
RTVSPropertyOp24
 70
     1
102
RTVSPropertyOp25
 70
     1
102
RTVSPropertyOp26
 70
     1
102
RTVSPropertyOp27
 70
     1
102
RTVSPropertyOp28
 70
     1
102
RTVSPropertyOp29
 70
     1
102
RTVSPropertyOp30
 70
     1
102
RTVSPropertyOp31
 70
     1
102
RTVSPropertyOp32
 70
     1
102
RTVSPropertyOp33
 70
     1
102
RTVSPropertyOp34
 70
     1
102
RTVSPropertyOp35
 70
     1
102
RTVSPropertyOp36
 70
     1
102
RTVSPropertyOp37
 70
     1
102
RTVSPropertyOp38
 70
     1
102
RTVSPropertyOp39
 70
     1
102
RTVSPropertyOp40
 70
     1
102
RTVSPropertyOp41
 70
     1
102
RTVSPropertyOp42
 70
     1
102
RTVSPropertyOp43
 70
     1
102
RTVSPropertyOp44
 70
     1
102
RTVSPropertyOp45
 70
     1
102
RTVSPropertyOp46
 70
     1
102
RTVSPropertyOp47
 70
     1
102
RTVSPropertyOp48
 70
     1
102
RTVSPropertyOp49
 70
     1
102
RTVSPropertyOp50
 70
     1
102
RTVSPropertyOp51
 70
     0
102
RTVSPropertyOp52
 70
     0
102
RTVSPropertyOp53
 70
     1
102
RTVSPropertyOp54
 70
     1
102
RTVSPropertyOp55
 70
     1
102
RTVSPropertyOp56
 70
     1
102
RTVSPropertyOp57
 70
     1
102
RTVSPost2010Prop28
280
     0
102
RTVSPost2010PropOp28
 70
     1
102
RTVSPost2010Prop29
280
     1
102
RTVSPost2010PropOp29
 70
     1
102
RTVSPost2010Prop30
280
     1
102
RTVSPost2010PropOp30
 70
     1
102
RTVSPost2010Prop31
280
     0
102
RTVSPost2010PropOp31
 70
     1
102
RTVSPost2010Prop32
280
     0
102
RTVSPost2010PropOp32
 70
     1
102
RTVSPost2010Prop33
280
     0
102
RTVSPost2010PropOp33
 70
     1
102
RTVSPost2010Prop34
280
     0
102
RTVSPost2010PropOp34
 70
     1
102
RTVSPost2010Prop35
280
     0
102
RTVSPost2010PropOp35
 70
     1
102
RTVSPost2010Prop36
280
     0
102
RTVSPost2010PropOp36
 70
     1
102
RTVSPost2010Prop37
 90
       50
102
RTVSPost2010PropOp37
 70
     1
102
RTVSPost2010Prop38
140
0.0
102
RTVSPost2010PropOp38
 70
     1
102
RTVSPost2010Prop39
140
1.0
102
RTVSPost2010PropOp39
 70
     1
102
RTVSPost2010Prop40
 90
        0
102
RTVSPost2010PropOp40
 70
     1
102
RTVSPost2010Prop41ColorIndex
 90
       18
102
RTVSPost2010Prop41ColorRGB
 90
        0
102
RTVSPost2010PropOp41
 70
     1
102
RTVSPost2010Prop42
 90
       50
102
RTVSPost2010PropOp42
 70
     1
102
RTVSPost2010Prop43
 90
        3
102
RTVSPost2010PropOp43
 70
     1
102
RTVSPost2010Prop44ColorIndex
 90
        5
102
RTVSPost2010Prop44ColorRGB
 90
      255
102
RTVSPost2010PropOp44
 70
     1
102
RTVSPost2010Prop45
280
     0
102
RTVSPost2010PropOp45
 70
     1
102
RTVSPost2010Prop46
 90
       50
102
RTVSPost2010PropOp46
 70
     1
102
RTVSPost2010Prop47
 90
       50
102
RTVSPost2010PropOp47
 70
     1
102
RTVSPost2010Prop48
 90
       50
102
RTVSPost2010PropOp48
 70
     1
102
RTVSPost2010Prop49
280
     0
102
RTVSPost2010PropOp49
 70
     1
102
RTVSPost2010Prop50
 90
       50
102
RTVSPost2010PropOp50
 70
     1
102
RTVSPost2010Prop51ColorIndex
 90
      256
102
RTVSPost2010Prop51ColorRGB
 90
-16777216
102
RTVSPost2010PropOp51
 70
     0
102
RTVSPost2010Prop52
140
1.0
102
RTVSPost2010PropOp52
 70
     0
102
RTVSPost2010Prop53
 90
        2
102
RTVSPost2010PropOp53
 70
     1
102
RTVSPost2010Prop54
  1
strokes_ogs.tif
102
RTVSPost2010PropOp54
 70
     1
102
RTVSPost2010Prop55
280
     0
102
RTVSPost2010PropOp55
 70
     1
102
RTVSPost2010Prop56
140
1.0
102
RTVSPost2010PropOp56
 70
     1
102
RTVSPost2010Prop57
140
1.0
102
RTVSPost2010PropOp57
 70
     1
  0
XRECORD
  5
50F
102
{ACAD_REACTORS
330
50E
102
}
330
50E
100
AcDbXrecord
280
     1
102
RTVSPropertyOp0
 70
     1
102
RTVSPropertyOp1
 70
     1
102
RTVSPropertyOp2
 70
     1
102
RTVSPropertyOp3
 70
     1
102
RTVSPropertyOp4
 70
     1
102
RTVSPropertyOp5
 70
     1
102
RTVSPropertyOp6
 70
     1
102
RTVSPropertyOp7
 70
     1
102
RTVSPropertyOp8
 70
     1
102
RTVSPropertyOp9
 70
     1
102
RTVSPropertyOp10
 70
     1
102
RTVSPropertyOp11
 70
     1
102
RTVSPropertyOp12
 70
     1
102
RTVSPropertyOp13
 70
     1
102
RTVSPropertyOp14
 70
     1
102
RTVSPropertyOp15
 70
     1
102
RTVSPropertyOp16
 70
     1
102
RTVSPropertyOp17
 70
     1
102
RTVSPropertyOp18
 70
     1
102
RTVSPropertyOp19
 70
     1
102
RTVSPropertyOp20
 70
     1
102
RTVSPropertyOp21
 70
     1
102
RTVSPropertyOp22
 70
     1
102
RTVSPropertyOp23
 70
     1
102
RTVSPropertyOp24
 70
     1
102
RTVSPropertyOp25
 70
     1
102
RTVSPropertyOp26
 70
     1
102
RTVSPropertyOp27
 70
     1
102
RTVSPropertyOp28
 70
     1
102
RTVSPropertyOp29
 70
     1
102
RTVSPropertyOp30
 70
     1
102
RTVSPropertyOp31
 70
     1
102
RTVSPropertyOp32
 70
     1
102
RTVSPropertyOp33
 70
     1
102
RTVSPropertyOp34
 70
     1
102
RTVSPropertyOp35
 70
     1
102
RTVSPropertyOp36
 70
     1
102
RTVSPropertyOp37
 70
     1
102
RTVSPropertyOp38
 70
     1
102
RTVSPropertyOp39
 70
     1
102
RTVSPropertyOp40
 70
     1
102
RTVSPropertyOp41
 70
     1
102
RTVSPropertyOp42
 70
     1
102
RTVSPropertyOp43
 70
     1
102
RTVSPropertyOp44
 70
     1
102
RTVSPropertyOp45
 70
     1
102
RTVSPropertyOp46
 70
     1
102
RTVSPropertyOp47
 70
     1
102
RTVSPropertyOp48
 70
     1
102
RTVSPropertyOp49
 70
     1
102
RTVSPropertyOp50
 70
     1
102
RTVSPropertyOp51
 70
     0
102
RTVSPropertyOp52
 70
     0
102
RTVSPropertyOp53
 70
     1
102
RTVSPropertyOp54
 70
     1
102
RTVSPropertyOp55
 70
     1
102
RTVSPropertyOp56
 70
     1
102
RTVSPropertyOp57
 70
     1
102
RTVSPost2010Prop28
280
     0
102
RTVSPost2010PropOp28
 70
     1
102
RTVSPost2010Prop29
280
     1
102
RTVSPost2010PropOp29
 70
     1
102
RTVSPost2010Prop30
280
     1
102
RTVSPost2010PropOp30
 70
     1
102
RTVSPost2010Prop31
280
     0
102
RTVSPost2010PropOp31
 70
     1
102
RTVSPost2010Prop32
280
     0
102
RTVSPost2010PropOp32
 70
     1
102
RTVSPost2010Prop33
280
     0
102
RTVSPost2010PropOp33
 70
     1
102
RTVSPost2010Prop34
280
     0
102
RTVSPost2010PropOp34
 70
     1
102
RTVSPost2010Prop35
280
     0
102
RTVSPost2010PropOp35
 70
     1
102
RTVSPost2010Prop36
280
     0
102
RTVSPost2010PropOp36
 70
     1
102
RTVSPost2010Prop37
 90
       50
102
RTVSPost2010PropOp37
 70
     1
102
RTVSPost2010Prop38
140
0.0
102
RTVSPost2010PropOp38
 70
     1
102
RTVSPost2010Prop39
140
1.0
102
RTVSPost2010PropOp39
 70
     1
102
RTVSPost2010Prop40
 90
        0
102
RTVSPost2010PropOp40
 70
     1
102
RTVSPost2010Prop41ColorIndex
 90
       18
102
RTVSPost2010Prop41ColorRGB
 90
        0
102
RTVSPost2010PropOp41
 70
     1
102
RTVSPost2010Prop42
 90
       50
102
RTVSPost2010PropOp42
 70
     1
102
RTVSPost2010Prop43
 90
        3
102
RTVSPost2010PropOp43
 70
     1
102
RTVSPost2010Prop44ColorIndex
 90
        5
102
RTVSPost2010Prop44ColorRGB
 90
      255
102
RTVSPost2010PropOp44
 70
     1
102
RTVSPost2010Prop45
280
     0
102
RTVSPost2010PropOp45
 70
     1
102
RTVSPost2010Prop46
 90
       50
102
RTVSPost2010PropOp46
 70
     1
102
RTVSPost2010Prop47
 90
       50
102
RTVSPost2010PropOp47
 70
     1
102
RTVSPost2010Prop48
 90
       50
102
RTVSPost2010PropOp48
 70
     1
102
RTVSPost2010Prop49
280
     0
102
RTVSPost2010PropOp49
 70
     1
102
RTVSPost2010Prop50
 90
       50
102
RTVSPost2010PropOp50
 70
     1
102
RTVSPost2010Prop51ColorIndex
 90
      256
102
RTVSPost2010Prop51ColorRGB
 90
-16777216
102
RTVSPost2010PropOp51
 70
     0
102
RTVSPost2010Prop52
140
1.0
102
RTVSPost2010PropOp52
 70
     0
102
RTVSPost2010Prop53
 90
        2
102
RTVSPost2010PropOp53
 70
     1
102
RTVSPost2010Prop54
  1
strokes_ogs.tif
102
RTVSPost2010PropOp54
 70
     1
102
RTVSPost2010Prop55
280
     0
102
RTVSPost2010PropOp55
 70
     1
102
RTVSPost2010Prop56
140
1.0
102
RTVSPost2010PropOp56
 70
     1
102
RTVSPost2010Prop57
140
1.0
102
RTVSPost2010PropOp57
 70
     1
  0
XRECORD
  5
511
102
{ACAD_REACTORS
330
510
102
}
330
510
100
AcDbXrecord
280
     1
102
RTVSPropertyOp0
 70
     1
102
RTVSPropertyOp1
 70
     1
102
RTVSPropertyOp2
 70
     1
102
RTVSPropertyOp3
 70
     1
102
RTVSPropertyOp4
 70
     1
102
RTVSPropertyOp5
 70
     1
102
RTVSPropertyOp6
 70
     1
102
RTVSPropertyOp7
 70
     1
102
RTVSPropertyOp8
 70
     1
102
RTVSPropertyOp9
 70
     1
102
RTVSPropertyOp10
 70
     1
102
RTVSPropertyOp11
 70
     1
102
RTVSPropertyOp12
 70
     1
102
RTVSPropertyOp13
 70
     1
102
RTVSPropertyOp14
 70
     1
102
RTVSPropertyOp15
 70
     1
102
RTVSPropertyOp16
 70
     1
102
RTVSPropertyOp17
 70
     1
102
RTVSPropertyOp18
 70
     1
102
RTVSPropertyOp19
 70
     1
102
RTVSPropertyOp20
 70
     1
102
RTVSPropertyOp21
 70
     1
102
RTVSPropertyOp22
 70
     1
102
RTVSPropertyOp23
 70
     1
102
RTVSPropertyOp24
 70
     1
102
RTVSPropertyOp25
 70
     1
102
RTVSPropertyOp26
 70
     1
102
RTVSPropertyOp27
 70
     1
102
RTVSPropertyOp28
 70
     1
102
RTVSPropertyOp29
 70
     1
102
RTVSPropertyOp30
 70
     1
102
RTVSPropertyOp31
 70
     1
102
RTVSPropertyOp32
 70
     1
102
RTVSPropertyOp33
 70
     1
102
RTVSPropertyOp34
 70
     1
102
RTVSPropertyOp35
 70
     1
102
RTVSPropertyOp36
 70
     1
102
RTVSPropertyOp37
 70
     1
102
RTVSPropertyOp38
 70
     1
102
RTVSPropertyOp39
 70
     1
102
RTVSPropertyOp40
 70
     1
102
RTVSPropertyOp41
 70
     1
102
RTVSPropertyOp42
 70
     1
102
RTVSPropertyOp43
 70
     1
102
RTVSPropertyOp44
 70
     1
102
RTVSPropertyOp45
 70
     1
102
RTVSPropertyOp46
 70
     1
102
RTVSPropertyOp47
 70
     1
102
RTVSPropertyOp48
 70
     1
102
RTVSPropertyOp49
 70
     1
102
RTVSPropertyOp50
 70
     1
102
RTVSPropertyOp51
 70
     0
102
RTVSPropertyOp52
 70
     0
102
RTVSPropertyOp53
 70
     1
102
RTVSPropertyOp54
 70
     1
102
RTVSPropertyOp55
 70
     1
102
RTVSPropertyOp56
 70
     1
102
RTVSPropertyOp57
 70
     1
102
RTVSPost2010Prop28
280
     0
102
RTVSPost2010PropOp28
 70
     1
102
RTVSPost2010Prop29
280
     1
102
RTVSPost2010PropOp29
 70
     1
102
RTVSPost2010Prop30
280
     1
102
RTVSPost2010PropOp30
 70
     1
102
RTVSPost2010Prop31
280
     0
102
RTVSPost2010PropOp31
 70
     1
102
RTVSPost2010Prop32
280
     0
102
RTVSPost2010PropOp32
 70
     1
102
RTVSPost2010Prop33
280
     0
102
RTVSPost2010PropOp33
 70
     1
102
RTVSPost2010Prop34
280
     0
102
RTVSPost2010PropOp34
 70
     1
102
RTVSPost2010Prop35
280
     0
102
RTVSPost2010PropOp35
 70
     1
102
RTVSPost2010Prop36
280
     0
102
RTVSPost2010PropOp36
 70
     1
102
RTVSPost2010Prop37
 90
       50
102
RTVSPost2010PropOp37
 70
     1
102
RTVSPost2010Prop38
140
0.0
102
RTVSPost2010PropOp38
 70
     1
102
RTVSPost2010Prop39
140
1.0
102
RTVSPost2010PropOp39
 70
     1
102
RTVSPost2010Prop40
 90
        0
102
RTVSPost2010PropOp40
 70
     1
102
RTVSPost2010Prop41ColorIndex
 90
       18
102
RTVSPost2010Prop41ColorRGB
 90
        0
102
RTVSPost2010PropOp41
 70
     1
102
RTVSPost2010Prop42
 90
       50
102
RTVSPost2010PropOp42
 70
     1
102
RTVSPost2010Prop43
 90
        3
102
RTVSPost2010PropOp43
 70
     1
102
RTVSPost2010Prop44ColorIndex
 90
        5
102
RTVSPost2010Prop44ColorRGB
 90
      255
102
RTVSPost2010PropOp44
 70
     1
102
RTVSPost2010Prop45
280
     0
102
RTVSPost2010PropOp45
 70
     1
102
RTVSPost2010Prop46
 90
       50
102
RTVSPost2010PropOp46
 70
     1
102
RTVSPost2010Prop47
 90
       50
102
RTVSPost2010PropOp47
 70
     1
102
RTVSPost2010Prop48
 90
       50
102
RTVSPost2010PropOp48
 70
     1
102
RTVSPost2010Prop49
280
     0
102
RTVSPost2010PropOp49
 70
     1
102
RTVSPost2010Prop50
 90
       50
102
RTVSPost2010PropOp50
 70
     1
102
RTVSPost2010Prop51ColorIndex
 90
      256
102
RTVSPost2010Prop51ColorRGB
 90
-16777216
102
RTVSPost2010PropOp51
 70
     0
102
RTVSPost2010Prop52
140
1.0
102
RTVSPost2010PropOp52
 70
     0
102
RTVSPost2010Prop53
 90
        2
102
RTVSPost2010PropOp53
 70
     1
102
RTVSPost2010Prop54
  1
strokes_ogs.tif
102
RTVSPost2010PropOp54
 70
     1
102
RTVSPost2010Prop55
280
     0
102
RTVSPost2010PropOp55
 70
     1
102
RTVSPost2010Prop56
140
1.0
102
RTVSPost2010PropOp56
 70
     1
102
RTVSPost2010Prop57
140
1.0
102
RTVSPost2010PropOp57
 70
     1
  0
XRECORD
  5
517
102
{ACAD_REACTORS
330
516
102
}
330
516
100
AcDbXrecord
280
     1
102
RTVSPropertyOp0
 70
     1
102
RTVSPropertyOp1
 70
     1
102
RTVSPropertyOp2
 70
     1
102
RTVSPropertyOp3
 70
     1
102
RTVSPropertyOp4
 70
     1
102
RTVSPropertyOp5
 70
     1
102
RTVSPropertyOp6
 70
     1
102
RTVSPropertyOp7
 70
     1
102
RTVSPropertyOp8
 70
     1
102
RTVSPropertyOp9
 70
     1
102
RTVSPropertyOp10
 70
     1
102
RTVSPropertyOp11
 70
     1
102
RTVSPropertyOp12
 70
     1
102
RTVSPropertyOp13
 70
     1
102
RTVSPropertyOp14
 70
     1
102
RTVSPropertyOp15
 70
     1
102
RTVSPropertyOp16
 70
     1
102
RTVSPropertyOp17
 70
     1
102
RTVSPropertyOp18
 70
     1
102
RTVSPropertyOp19
 70
     1
102
RTVSPropertyOp20
 70
     1
102
RTVSPropertyOp21
 70
     1
102
RTVSPropertyOp22
 70
     1
102
RTVSPropertyOp23
 70
     1
102
RTVSPropertyOp24
 70
     1
102
RTVSPropertyOp25
 70
     1
102
RTVSPropertyOp26
 70
     1
102
RTVSPropertyOp27
 70
     1
102
RTVSPropertyOp28
 70
     1
102
RTVSPropertyOp29
 70
     1
102
RTVSPropertyOp30
 70
     1
102
RTVSPropertyOp31
 70
     1
102
RTVSPropertyOp32
 70
     1
102
RTVSPropertyOp33
 70
     1
102
RTVSPropertyOp34
 70
     1
102
RTVSPropertyOp35
 70
     1
102
RTVSPropertyOp36
 70
     1
102
RTVSPropertyOp37
 70
     1
102
RTVSPropertyOp38
 70
     1
102
RTVSPropertyOp39
 70
     1
102
RTVSPropertyOp40
 70
     1
102
RTVSPropertyOp41
 70
     1
102
RTVSPropertyOp42
 70
     1
102
RTVSPropertyOp43
 70
     1
102
RTVSPropertyOp44
 70
     1
102
RTVSPropertyOp45
 70
     1
102
RTVSPropertyOp46
 70
     1
102
RTVSPropertyOp47
 70
     1
102
RTVSPropertyOp48
 70
     1
102
RTVSPropertyOp49
 70
     1
102
RTVSPropertyOp50
 70
     1
102
RTVSPropertyOp51
 70
     0
102
RTVSPropertyOp52
 70
     0
102
RTVSPropertyOp53
 70
     1
102
RTVSPropertyOp54
 70
     1
102
RTVSPropertyOp55
 70
     1
102
RTVSPropertyOp56
 70
     1
102
RTVSPropertyOp57
 70
     1
102
RTVSPost2010Prop28
280
     0
102
RTVSPost2010PropOp28
 70
     1
102
RTVSPost2010Prop29
280
     1
102
RTVSPost2010PropOp29
 70
     1
102
RTVSPost2010Prop30
280
     1
102
RTVSPost2010PropOp30
 70
     1
102
RTVSPost2010Prop31
280
     0
102
RTVSPost2010PropOp31
 70
     1
102
RTVSPost2010Prop32
280
     0
102
RTVSPost2010PropOp32
 70
     1
102
RTVSPost2010Prop33
280
     0
102
RTVSPost2010PropOp33
 70
     1
102
RTVSPost2010Prop34
280
     0
102
RTVSPost2010PropOp34
 70
     1
102
RTVSPost2010Prop35
280
     0
102
RTVSPost2010PropOp35
 70
     1
102
RTVSPost2010Prop36
280
     0
102
RTVSPost2010PropOp36
 70
     1
102
RTVSPost2010Prop37
 90
       50
102
RTVSPost2010PropOp37
 70
     1
102
RTVSPost2010Prop38
140
0.0
102
RTVSPost2010PropOp38
 70
     1
102
RTVSPost2010Prop39
140
1.0
102
RTVSPost2010PropOp39
 70
     1
102
RTVSPost2010Prop40
 90
        0
102
RTVSPost2010PropOp40
 70
     1
102
RTVSPost2010Prop41ColorIndex
 90
       18
102
RTVSPost2010Prop41ColorRGB
 90
        0
102
RTVSPost2010PropOp41
 70
     1
102
RTVSPost2010Prop42
 90
       50
102
RTVSPost2010PropOp42
 70
     1
102
RTVSPost2010Prop43
 90
        3
102
RTVSPost2010PropOp43
 70
     1
102
RTVSPost2010Prop44ColorIndex
 90
        5
102
RTVSPost2010Prop44ColorRGB
 90
      255
102
RTVSPost2010PropOp44
 70
     1
102
RTVSPost2010Prop45
280
     0
102
RTVSPost2010PropOp45
 70
     1
102
RTVSPost2010Prop46
 90
       50
102
RTVSPost2010PropOp46
 70
     1
102
RTVSPost2010Prop47
 90
       50
102
RTVSPost2010PropOp47
 70
     1
102
RTVSPost2010Prop48
 90
       50
102
RTVSPost2010PropOp48
 70
     1
102
RTVSPost2010Prop49
280
     0
102
RTVSPost2010PropOp49
 70
     1
102
RTVSPost2010Prop50
 90
       50
102
RTVSPost2010PropOp50
 70
     1
102
RTVSPost2010Prop51ColorIndex
 90
      256
102
RTVSPost2010Prop51ColorRGB
 90
-16777216
102
RTVSPost2010PropOp51
 70
     0
102
RTVSPost2010Prop52
140
1.0
102
RTVSPost2010PropOp52
 70
     0
102
RTVSPost2010Prop53
 90
        2
102
RTVSPost2010PropOp53
 70
     1
102
RTVSPost2010Prop54
  1
strokes_ogs.tif
102
RTVSPost2010PropOp54
 70
     1
102
RTVSPost2010Prop55
280
     0
102
RTVSPost2010PropOp55
 70
     1
102
RTVSPost2010Prop56
140
1.0
102
RTVSPost2010PropOp56
 70
     1
102
RTVSPost2010Prop57
140
1.0
102
RTVSPost2010PropOp57
 70
     1
  0
XRECORD
  5
52B
102
{ACAD_REACTORS
330
52A
102
}
330
52A
100
AcDbXrecord
280
     1
102
RTVSPropertyOp0
 70
     0
102
RTVSPropertyOp1
 70
     0
102
RTVSPropertyOp2
 70
     0
102
RTVSPropertyOp3
 70
     0
102
RTVSPropertyOp4
 70
     0
102
RTVSPropertyOp5
 70
     0
102
RTVSPropertyOp6
 70
     0
102
RTVSPropertyOp7
 70
     0
102
RTVSPropertyOp8
 70
     0
102
RTVSPropertyOp9
 70
     0
102
RTVSPropertyOp10
 70
     0
102
RTVSPropertyOp11
 70
     0
102
RTVSPropertyOp12
 70
     0
102
RTVSPropertyOp13
 70
     0
102
RTVSPropertyOp14
 70
     2
102
RTVSPropertyOp15
 70
     0
102
RTVSPropertyOp16
 70
     0
102
RTVSPropertyOp17
 70
     0
102
RTVSPropertyOp18
 70
     0
102
RTVSPropertyOp19
 70
     0
102
RTVSPropertyOp20
 70
     0
102
RTVSPropertyOp21
 70
     0
102
RTVSPropertyOp22
 70
     0
102
RTVSPropertyOp23
 70
     0
102
RTVSPropertyOp24
 70
     0
102
RTVSPropertyOp25
 70
     0
102
RTVSPropertyOp26
 70
     0
102
RTVSPropertyOp27
 70
     0
102
RTVSPropertyOp28
 70
     0
102
RTVSPropertyOp29
 70
     0
102
RTVSPropertyOp30
 70
     0
102
RTVSPropertyOp31
 70
     0
102
RTVSPropertyOp32
 70
     0
102
RTVSPropertyOp33
 70
     0
102
RTVSPropertyOp34
 70
     0
102
RTVSPropertyOp35
 70
     0
102
RTVSPropertyOp36
 70
     0
102
RTVSPropertyOp37
 70
     0
102
RTVSPropertyOp38
 70
     0
102
RTVSPropertyOp39
 70
     0
102
RTVSPropertyOp40
 70
     0
102
RTVSPropertyOp41
 70
     0
102
RTVSPropertyOp42
 70
     0
102
RTVSPropertyOp43
 70
     0
102
RTVSPropertyOp44
 70
     0
102
RTVSPropertyOp45
 70
     0
102
RTVSPropertyOp46
 70
     0
102
RTVSPropertyOp47
 70
     0
102
RTVSPropertyOp48
 70
     0
102
RTVSPropertyOp49
 70
     0
102
RTVSPropertyOp50
 70
     0
102
RTVSPropertyOp51
 70
     0
102
RTVSPropertyOp52
 70
     0
102
RTVSPropertyOp53
 70
     0
102
RTVSPropertyOp54
 70
     0
102
RTVSPropertyOp55
 70
     0
102
RTVSPropertyOp56
 70
     0
102
RTVSPropertyOp57
 70
     0
102
RTVSPost2010Prop28
280
     0
102
RTVSPost2010PropOp28
 70
     0
102
RTVSPost2010Prop29
280
     1
102
RTVSPost2010PropOp29
 70
     0
102
RTVSPost2010Prop30
280
     1
102
RTVSPost2010PropOp30
 70
     0
102
RTVSPost2010Prop31
280
     0
102
RTVSPost2010PropOp31
 70
     0
102
RTVSPost2010Prop32
280
     0
102
RTVSPost2010PropOp32
 70
     0
102
RTVSPost2010Prop33
280
     0
102
RTVSPost2010PropOp33
 70
     0
102
RTVSPost2010Prop34
280
     0
102
RTVSPost2010PropOp34
 70
     0
102
RTVSPost2010Prop35
280
     0
102
RTVSPost2010PropOp35
 70
     0
102
RTVSPost2010Prop36
280
     0
102
RTVSPost2010PropOp36
 70
     0
102
RTVSPost2010Prop37
 90
       50
102
RTVSPost2010PropOp37
 70
     0
102
RTVSPost2010Prop38
140
0.0
102
RTVSPost2010PropOp38
 70
     0
102
RTVSPost2010Prop39
140
1.0
102
RTVSPost2010PropOp39
 70
     0
102
RTVSPost2010Prop40
 90
        0
102
RTVSPost2010PropOp40
 70
     0
102
RTVSPost2010Prop41ColorIndex
 90
       18
102
RTVSPost2010Prop41ColorRGB
 90
        0
102
RTVSPost2010PropOp41
 70
     0
102
RTVSPost2010Prop42
 90
       50
102
RTVSPost2010PropOp42
 70
     0
102
RTVSPost2010Prop43
 90
        3
102
RTVSPost2010PropOp43
 70
     0
102
RTVSPost2010Prop44ColorIndex
 90
        5
102
RTVSPost2010Prop44ColorRGB
 90
      255
102
RTVSPost2010PropOp44
 70
     0
102
RTVSPost2010Prop45
280
     0
102
RTVSPost2010PropOp45
 70
     0
102
RTVSPost2010Prop46
 90
       50
102
RTVSPost2010PropOp46
 70
     0
102
RTVSPost2010Prop47
 90
       50
102
RTVSPost2010PropOp47
 70
     0
102
RTVSPost2010Prop48
 90
       50
102
RTVSPost2010PropOp48
 70
     0
102
RTVSPost2010Prop49
280
     0
102
RTVSPost2010PropOp49
 70
     0
102
RTVSPost2010Prop50
 90
       50
102
RTVSPost2010PropOp50
 70
     0
102
RTVSPost2010Prop51ColorIndex
 90
      256
102
RTVSPost2010Prop51ColorRGB
 90
-16777216
102
RTVSPost2010PropOp51
 70
     0
102
RTVSPost2010Prop52
140
1.0
102
RTVSPost2010PropOp52
 70
     0
102
RTVSPost2010Prop53
 90
        2
102
RTVSPost2010PropOp53
 70
     0
102
RTVSPost2010Prop54
  1
strokes_ogs.tif
102
RTVSPost2010PropOp54
 70
     0
102
RTVSPost2010Prop55
280
     0
102
RTVSPost2010PropOp55
 70
     0
102
RTVSPost2010Prop56
140
1.0
102
RTVSPost2010PropOp56
 70
     0
102
RTVSPost2010Prop57
140
1.0
102
RTVSPost2010PropOp57
 70
     0
  0
XRECORD
  5
525
102
{ACAD_REACTORS
330
524
102
}
330
524
100
AcDbXrecord
280
     1
102
RTVSPropertyOp0
 70
     1
102
RTVSPropertyOp1
 70
     1
102
RTVSPropertyOp2
 70
     1
102
RTVSPropertyOp3
 70
     1
102
RTVSPropertyOp4
 70
     1
102
RTVSPropertyOp5
 70
     1
102
RTVSPropertyOp6
 70
     1
102
RTVSPropertyOp7
 70
     1
102
RTVSPropertyOp8
 70
     1
102
RTVSPropertyOp9
 70
     1
102
RTVSPropertyOp10
 70
     1
102
RTVSPropertyOp11
 70
     1
102
RTVSPropertyOp12
 70
     1
102
RTVSPropertyOp13
 70
     1
102
RTVSPropertyOp14
 70
     1
102
RTVSPropertyOp15
 70
     1
102
RTVSPropertyOp16
 70
     1
102
RTVSPropertyOp17
 70
     1
102
RTVSPropertyOp18
 70
     1
102
RTVSPropertyOp19
 70
     1
102
RTVSPropertyOp20
 70
     1
102
RTVSPropertyOp21
 70
     1
102
RTVSPropertyOp22
 70
     1
102
RTVSPropertyOp23
 70
     1
102
RTVSPropertyOp24
 70
     1
102
RTVSPropertyOp25
 70
     1
102
RTVSPropertyOp26
 70
     1
102
RTVSPropertyOp27
 70
     1
102
RTVSPropertyOp28
 70
     1
102
RTVSPropertyOp29
 70
     1
102
RTVSPropertyOp30
 70
     1
102
RTVSPropertyOp31
 70
     1
102
RTVSPropertyOp32
 70
     1
102
RTVSPropertyOp33
 70
     1
102
RTVSPropertyOp34
 70
     1
102
RTVSPropertyOp35
 70
     1
102
RTVSPropertyOp36
 70
     1
102
RTVSPropertyOp37
 70
     1
102
RTVSPropertyOp38
 70
     1
102
RTVSPropertyOp39
 70
     1
102
RTVSPropertyOp40
 70
     1
102
RTVSPropertyOp41
 70
     1
102
RTVSPropertyOp42
 70
     1
102
RTVSPropertyOp43
 70
     1
102
RTVSPropertyOp44
 70
     1
102
RTVSPropertyOp45
 70
     1
102
RTVSPropertyOp46
 70
     1
102
RTVSPropertyOp47
 70
     1
102
RTVSPropertyOp48
 70
     1
102
RTVSPropertyOp49
 70
     1
102
RTVSPropertyOp50
 70
     1
102
RTVSPropertyOp51
 70
     0
102
RTVSPropertyOp52
 70
     0
102
RTVSPropertyOp53
 70
     1
102
RTVSPropertyOp54
 70
     1
102
RTVSPropertyOp55
 70
     1
102
RTVSPropertyOp56
 70
     1
102
RTVSPropertyOp57
 70
     1
102
RTVSPost2010Prop28
280
     0
102
RTVSPost2010PropOp28
 70
     1
102
RTVSPost2010Prop29
280
     1
102
RTVSPost2010PropOp29
 70
     1
102
RTVSPost2010Prop30
280
     1
102
RTVSPost2010PropOp30
 70
     1
102
RTVSPost2010Prop31
280
     0
102
RTVSPost2010PropOp31
 70
     1
102
RTVSPost2010Prop32
280
     0
102
RTVSPost2010PropOp32
 70
     1
102
RTVSPost2010Prop33
280
     0
102
RTVSPost2010PropOp33
 70
     1
102
RTVSPost2010Prop34
280
     0
102
RTVSPost2010PropOp34
 70
     1
102
RTVSPost2010Prop35
280
     0
102
RTVSPost2010PropOp35
 70
     1
102
RTVSPost2010Prop36
280
     0
102
RTVSPost2010PropOp36
 70
     1
102
RTVSPost2010Prop37
 90
       50
102
RTVSPost2010PropOp37
 70
     1
102
RTVSPost2010Prop38
140
0.0
102
RTVSPost2010PropOp38
 70
     1
102
RTVSPost2010Prop39
140
1.0
102
RTVSPost2010PropOp39
 70
     1
102
RTVSPost2010Prop40
 90
        0
102
RTVSPost2010PropOp40
 70
     1
102
RTVSPost2010Prop41ColorIndex
 90
       18
102
RTVSPost2010Prop41ColorRGB
 90
        0
102
RTVSPost2010PropOp41
 70
     1
102
RTVSPost2010Prop42
 90
       50
102
RTVSPost2010PropOp42
 70
     1
102
RTVSPost2010Prop43
 90
        3
102
RTVSPost2010PropOp43
 70
     1
102
RTVSPost2010Prop44ColorIndex
 90
        5
102
RTVSPost2010Prop44ColorRGB
 90
      255
102
RTVSPost2010PropOp44
 70
     1
102
RTVSPost2010Prop45
280
     0
102
RTVSPost2010PropOp45
 70
     1
102
RTVSPost2010Prop46
 90
       50
102
RTVSPost2010PropOp46
 70
     1
102
RTVSPost2010Prop47
 90
       50
102
RTVSPost2010PropOp47
 70
     1
102
RTVSPost2010Prop48
 90
       50
102
RTVSPost2010PropOp48
 70
     1
102
RTVSPost2010Prop49
280
     0
102
RTVSPost2010PropOp49
 70
     1
102
RTVSPost2010Prop50
 90
       50
102
RTVSPost2010PropOp50
 70
     1
102
RTVSPost2010Prop51ColorIndex
 90
      256
102
RTVSPost2010Prop51ColorRGB
 90
-16777216
102
RTVSPost2010PropOp51
 70
     0
102
RTVSPost2010Prop52
140
1.0
102
RTVSPost2010PropOp52
 70
     0
102
RTVSPost2010Prop53
 90
        2
102
RTVSPost2010PropOp53
 70
     1
102
RTVSPost2010Prop54
  1
strokes_ogs.tif
102
RTVSPost2010PropOp54
 70
     1
102
RTVSPost2010Prop55
280
     0
102
RTVSPost2010PropOp55
 70
     1
102
RTVSPost2010Prop56
140
1.0
102
RTVSPost2010PropOp56
 70
     1
102
RTVSPost2010Prop57
140
1.0
102
RTVSPost2010PropOp57
 70
     1
  0
XRECORD
  5
52D
102
{ACAD_REACTORS
330
52C
102
}
330
52C
100
AcDbXrecord
280
     1
102
RTVSPropertyOp0
 70
     0
102
RTVSPropertyOp1
 70
     0
102
RTVSPropertyOp2
 70
     0
102
RTVSPropertyOp3
 70
     0
102
RTVSPropertyOp4
 70
     0
102
RTVSPropertyOp5
 70
     0
102
RTVSPropertyOp6
 70
     0
102
RTVSPropertyOp7
 70
     0
102
RTVSPropertyOp8
 70
     0
102
RTVSPropertyOp9
 70
     0
102
RTVSPropertyOp10
 70
     0
102
RTVSPropertyOp11
 70
     0
102
RTVSPropertyOp12
 70
     0
102
RTVSPropertyOp13
 70
     0
102
RTVSPropertyOp14
 70
     2
102
RTVSPropertyOp15
 70
     0
102
RTVSPropertyOp16
 70
     0
102
RTVSPropertyOp17
 70
     0
102
RTVSPropertyOp18
 70
     0
102
RTVSPropertyOp19
 70
     0
102
RTVSPropertyOp20
 70
     0
102
RTVSPropertyOp21
 70
     0
102
RTVSPropertyOp22
 70
     0
102
RTVSPropertyOp23
 70
     0
102
RTVSPropertyOp24
 70
     0
102
RTVSPropertyOp25
 70
     0
102
RTVSPropertyOp26
 70
     0
102
RTVSPropertyOp27
 70
     0
102
RTVSPropertyOp28
 70
     0
102
RTVSPropertyOp29
 70
     0
102
RTVSPropertyOp30
 70
     0
102
RTVSPropertyOp31
 70
     0
102
RTVSPropertyOp32
 70
     0
102
RTVSPropertyOp33
 70
     0
102
RTVSPropertyOp34
 70
     0
102
RTVSPropertyOp35
 70
     0
102
RTVSPropertyOp36
 70
     0
102
RTVSPropertyOp37
 70
     0
102
RTVSPropertyOp38
 70
     0
102
RTVSPropertyOp39
 70
     0
102
RTVSPropertyOp40
 70
     0
102
RTVSPropertyOp41
 70
     0
102
RTVSPropertyOp42
 70
     0
102
RTVSPropertyOp43
 70
     0
102
RTVSPropertyOp44
 70
     0
102
RTVSPropertyOp45
 70
     0
102
RTVSPropertyOp46
 70
     0
102
RTVSPropertyOp47
 70
     0
102
RTVSPropertyOp48
 70
     0
102
RTVSPropertyOp49
 70
     0
102
RTVSPropertyOp50
 70
     0
102
RTVSPropertyOp51
 70
     0
102
RTVSPropertyOp52
 70
     0
102
RTVSPropertyOp53
 70
     0
102
RTVSPropertyOp54
 70
     0
102
RTVSPropertyOp55
 70
     0
102
RTVSPropertyOp56
 70
     0
102
RTVSPropertyOp57
 70
     0
102
RTVSPost2010Prop28
280
     0
102
RTVSPost2010PropOp28
 70
     0
102
RTVSPost2010Prop29
280
     1
102
RTVSPost2010PropOp29
 70
     0
102
RTVSPost2010Prop30
280
     1
102
RTVSPost2010PropOp30
 70
     0
102
RTVSPost2010Prop31
280
     0
102
RTVSPost2010PropOp31
 70
     0
102
RTVSPost2010Prop32
280
     0
102
RTVSPost2010PropOp32
 70
     0
102
RTVSPost2010Prop33
280
     0
102
RTVSPost2010PropOp33
 70
     0
102
RTVSPost2010Prop34
280
     0
102
RTVSPost2010PropOp34
 70
     0
102
RTVSPost2010Prop35
280
     0
102
RTVSPost2010PropOp35
 70
     0
102
RTVSPost2010Prop36
280
     0
102
RTVSPost2010PropOp36
 70
     0
102
RTVSPost2010Prop37
 90
       50
102
RTVSPost2010PropOp37
 70
     0
102
RTVSPost2010Prop38
140
0.0
102
RTVSPost2010PropOp38
 70
     0
102
RTVSPost2010Prop39
140
1.0
102
RTVSPost2010PropOp39
 70
     0
102
RTVSPost2010Prop40
 90
        0
102
RTVSPost2010PropOp40
 70
     0
102
RTVSPost2010Prop41ColorIndex
 90
       18
102
RTVSPost2010Prop41ColorRGB
 90
        0
102
RTVSPost2010PropOp41
 70
     0
102
RTVSPost2010Prop42
 90
       50
102
RTVSPost2010PropOp42
 70
     0
102
RTVSPost2010Prop43
 90
        3
102
RTVSPost2010PropOp43
 70
     0
102
RTVSPost2010Prop44ColorIndex
 90
        5
102
RTVSPost2010Prop44ColorRGB
 90
      255
102
RTVSPost2010PropOp44
 70
     0
102
RTVSPost2010Prop45
280
     0
102
RTVSPost2010PropOp45
 70
     0
102
RTVSPost2010Prop46
 90
       50
102
RTVSPost2010PropOp46
 70
     0
102
RTVSPost2010Prop47
 90
       50
102
RTVSPost2010PropOp47
 70
     0
102
RTVSPost2010Prop48
 90
       50
102
RTVSPost2010PropOp48
 70
     0
102
RTVSPost2010Prop49
280
     0
102
RTVSPost2010PropOp49
 70
     0
102
RTVSPost2010Prop50
 90
       50
102
RTVSPost2010PropOp50
 70
     0
102
RTVSPost2010Prop51ColorIndex
 90
      256
102
RTVSPost2010Prop51ColorRGB
 90
-16777216
102
RTVSPost2010PropOp51
 70
     0
102
RTVSPost2010Prop52
140
1.0
102
RTVSPost2010PropOp52
 70
     0
102
RTVSPost2010Prop53
 90
        2
102
RTVSPost2010PropOp53
 70
     0
102
RTVSPost2010Prop54
  1
strokes_ogs.tif
102
RTVSPost2010PropOp54
 70
     0
102
RTVSPost2010Prop55
280
     0
102
RTVSPost2010PropOp55
 70
     0
102
RTVSPost2010Prop56
140
1.0
102
RTVSPost2010PropOp56
 70
     0
102
RTVSPost2010Prop57
140
1.0
102
RTVSPost2010PropOp57
 70
     0
  0
XRECORD
  5
51B
102
{ACAD_REACTORS
330
51A
102
}
330
51A
100
AcDbXrecord
280
     1
102
RTVSPropertyOp0
 70
     1
102
RTVSPropertyOp1
 70
     1
102
RTVSPropertyOp2
 70
     1
102
RTVSPropertyOp3
 70
     1
102
RTVSPropertyOp4
 70
     1
102
RTVSPropertyOp5
 70
     1
102
RTVSPropertyOp6
 70
     1
102
RTVSPropertyOp7
 70
     1
102
RTVSPropertyOp8
 70
     1
102
RTVSPropertyOp9
 70
     1
102
RTVSPropertyOp10
 70
     1
102
RTVSPropertyOp11
 70
     1
102
RTVSPropertyOp12
 70
     1
102
RTVSPropertyOp13
 70
     1
102
RTVSPropertyOp14
 70
     1
102
RTVSPropertyOp15
 70
     1
102
RTVSPropertyOp16
 70
     1
102
RTVSPropertyOp17
 70
     1
102
RTVSPropertyOp18
 70
     1
102
RTVSPropertyOp19
 70
     1
102
RTVSPropertyOp20
 70
     1
102
RTVSPropertyOp21
 70
     1
102
RTVSPropertyOp22
 70
     1
102
RTVSPropertyOp23
 70
     1
102
RTVSPropertyOp24
 70
     1
102
RTVSPropertyOp25
 70
     1
102
RTVSPropertyOp26
 70
     1
102
RTVSPropertyOp27
 70
     1
102
RTVSPropertyOp28
 70
     1
102
RTVSPropertyOp29
 70
     1
102
RTVSPropertyOp30
 70
     1
102
RTVSPropertyOp31
 70
     1
102
RTVSPropertyOp32
 70
     1
102
RTVSPropertyOp33
 70
     1
102
RTVSPropertyOp34
 70
     1
102
RTVSPropertyOp35
 70
     1
102
RTVSPropertyOp36
 70
     1
102
RTVSPropertyOp37
 70
     1
102
RTVSPropertyOp38
 70
     1
102
RTVSPropertyOp39
 70
     1
102
RTVSPropertyOp40
 70
     1
102
RTVSPropertyOp41
 70
     1
102
RTVSPropertyOp42
 70
     1
102
RTVSPropertyOp43
 70
     1
102
RTVSPropertyOp44
 70
     1
102
RTVSPropertyOp45
 70
     1
102
RTVSPropertyOp46
 70
     1
102
RTVSPropertyOp47
 70
     1
102
RTVSPropertyOp48
 70
     1
102
RTVSPropertyOp49
 70
     1
102
RTVSPropertyOp50
 70
     1
102
RTVSPropertyOp51
 70
     0
102
RTVSPropertyOp52
 70
     0
102
RTVSPropertyOp53
 70
     1
102
RTVSPropertyOp54
 70
     1
102
RTVSPropertyOp55
 70
     1
102
RTVSPropertyOp56
 70
     1
102
RTVSPropertyOp57
 70
     1
102
RTVSPost2010Prop28
280
     0
102
RTVSPost2010PropOp28
 70
     1
102
RTVSPost2010Prop29
280
     1
102
RTVSPost2010PropOp29
 70
     1
102
RTVSPost2010Prop30
280
     1
102
RTVSPost2010PropOp30
 70
     1
102
RTVSPost2010Prop31
280
     0
102
RTVSPost2010PropOp31
 70
     1
102
RTVSPost2010Prop32
280
     0
102
RTVSPost2010PropOp32
 70
     1
102
RTVSPost2010Prop33
280
     0
102
RTVSPost2010PropOp33
 70
     1
102
RTVSPost2010Prop34
280
     0
102
RTVSPost2010PropOp34
 70
     1
102
RTVSPost2010Prop35
280
     0
102
RTVSPost2010PropOp35
 70
     1
102
RTVSPost2010Prop36
280
     0
102
RTVSPost2010PropOp36
 70
     1
102
RTVSPost2010Prop37
 90
       50
102
RTVSPost2010PropOp37
 70
     1
102
RTVSPost2010Prop38
140
0.0
102
RTVSPost2010PropOp38
 70
     1
102
RTVSPost2010Prop39
140
1.0
102
RTVSPost2010PropOp39
 70
     1
102
RTVSPost2010Prop40
 90
        0
102
RTVSPost2010PropOp40
 70
     1
102
RTVSPost2010Prop41ColorIndex
 90
       18
102
RTVSPost2010Prop41ColorRGB
 90
        0
102
RTVSPost2010PropOp41
 70
     1
102
RTVSPost2010Prop42
 90
       50
102
RTVSPost2010PropOp42
 70
     1
102
RTVSPost2010Prop43
 90
        3
102
RTVSPost2010PropOp43
 70
     1
102
RTVSPost2010Prop44ColorIndex
 90
        5
102
RTVSPost2010Prop44ColorRGB
 90
      255
102
RTVSPost2010PropOp44
 70
     1
102
RTVSPost2010Prop45
280
     0
102
RTVSPost2010PropOp45
 70
     1
102
RTVSPost2010Prop46
 90
       50
102
RTVSPost2010PropOp46
 70
     1
102
RTVSPost2010Prop47
 90
       50
102
RTVSPost2010PropOp47
 70
     1
102
RTVSPost2010Prop48
 90
       50
102
RTVSPost2010PropOp48
 70
     1
102
RTVSPost2010Prop49
280
     0
102
RTVSPost2010PropOp49
 70
     1
102
RTVSPost2010Prop50
 90
       50
102
RTVSPost2010PropOp50
 70
     1
102
RTVSPost2010Prop51ColorIndex
 90
      256
102
RTVSPost2010Prop51ColorRGB
 90
-16777216
102
RTVSPost2010PropOp51
 70
     0
102
RTVSPost2010Prop52
140
1.0
102
RTVSPost2010PropOp52
 70
     0
102
RTVSPost2010Prop53
 90
        2
102
RTVSPost2010PropOp53
 70
     1
102
RTVSPost2010Prop54
  1
strokes_ogs.tif
102
RTVSPost2010PropOp54
 70
     1
102
RTVSPost2010Prop55
280
     0
102
RTVSPost2010PropOp55
 70
     1
102
RTVSPost2010Prop56
140
1.0
102
RTVSPost2010PropOp56
 70
     1
102
RTVSPost2010Prop57
140
1.0
102
RTVSPost2010PropOp57
 70
     1
  0
XRECORD
  5
539
102
{ACAD_REACTORS
330
538
102
}
330
538
100
AcDbXrecord
280
     1
102
RTVSPropertyOp0
 70
     1
102
RTVSPropertyOp1
 70
     1
102
RTVSPropertyOp2
 70
     1
102
RTVSPropertyOp3
 70
     1
102
RTVSPropertyOp4
 70
     1
102
RTVSPropertyOp5
 70
     1
102
RTVSPropertyOp6
 70
     1
102
RTVSPropertyOp7
 70
     1
102
RTVSPropertyOp8
 70
     1
102
RTVSPropertyOp9
 70
     1
102
RTVSPropertyOp10
 70
     1
102
RTVSPropertyOp11
 70
     1
102
RTVSPropertyOp12
 70
     1
102
RTVSPropertyOp13
 70
     1
102
RTVSPropertyOp14
 70
     1
102
RTVSPropertyOp15
 70
     1
102
RTVSPropertyOp16
 70
     1
102
RTVSPropertyOp17
 70
     1
102
RTVSPropertyOp18
 70
     1
102
RTVSPropertyOp19
 70
     1
102
RTVSPropertyOp20
 70
     1
102
RTVSPropertyOp21
 70
     1
102
RTVSPropertyOp22
 70
     1
102
RTVSPropertyOp23
 70
     1
102
RTVSPropertyOp24
 70
     1
102
RTVSPropertyOp25
 70
     1
102
RTVSPropertyOp26
 70
     1
102
RTVSPropertyOp27
 70
     1
102
RTVSPropertyOp28
 70
     1
102
RTVSPropertyOp29
 70
     1
102
RTVSPropertyOp30
 70
     1
102
RTVSPropertyOp31
 70
     1
102
RTVSPropertyOp32
 70
     1
102
RTVSPropertyOp33
 70
     1
102
RTVSPropertyOp34
 70
     1
102
RTVSPropertyOp35
 70
     1
102
RTVSPropertyOp36
 70
     1
102
RTVSPropertyOp37
 70
     1
102
RTVSPropertyOp38
 70
     1
102
RTVSPropertyOp39
 70
     1
102
RTVSPropertyOp40
 70
     1
102
RTVSPropertyOp41
 70
     1
102
RTVSPropertyOp42
 70
     1
102
RTVSPropertyOp43
 70
     1
102
RTVSPropertyOp44
 70
     1
102
RTVSPropertyOp45
 70
     1
102
RTVSPropertyOp46
 70
     1
102
RTVSPropertyOp47
 70
     1
102
RTVSPropertyOp48
 70
     1
102
RTVSPropertyOp49
 70
     1
102
RTVSPropertyOp50
 70
     1
102
RTVSPropertyOp51
 70
     0
102
RTVSPropertyOp52
 70
     0
102
RTVSPropertyOp53
 70
     1
102
RTVSPropertyOp54
 70
     1
102
RTVSPropertyOp55
 70
     1
102
RTVSPropertyOp56
 70
     1
102
RTVSPropertyOp57
 70
     1
102
RTVSPost2010Prop28
280
     0
102
RTVSPost2010PropOp28
 70
     1
102
RTVSPost2010Prop29
280
     1
102
RTVSPost2010PropOp29
 70
     1
102
RTVSPost2010Prop30
280
     1
102
RTVSPost2010PropOp30
 70
     1
102
RTVSPost2010Prop31
280
     0
102
RTVSPost2010PropOp31
 70
     1
102
RTVSPost2010Prop32
280
     0
102
RTVSPost2010PropOp32
 70
     1
102
RTVSPost2010Prop33
280
     0
102
RTVSPost2010PropOp33
 70
     1
102
RTVSPost2010Prop34
280
     0
102
RTVSPost2010PropOp34
 70
     1
102
RTVSPost2010Prop35
280
     0
102
RTVSPost2010PropOp35
 70
     1
102
RTVSPost2010Prop36
280
     0
102
RTVSPost2010PropOp36
 70
     1
102
RTVSPost2010Prop37
 90
       50
102
RTVSPost2010PropOp37
 70
     1
102
RTVSPost2010Prop38
140
0.0
102
RTVSPost2010PropOp38
 70
     1
102
RTVSPost2010Prop39
140
1.0
102
RTVSPost2010PropOp39
 70
     1
102
RTVSPost2010Prop40
 90
        0
102
RTVSPost2010PropOp40
 70
     1
102
RTVSPost2010Prop41ColorIndex
 90
       18
102
RTVSPost2010Prop41ColorRGB
 90
        0
102
RTVSPost2010PropOp41
 70
     1
102
RTVSPost2010Prop42
 90
       50
102
RTVSPost2010PropOp42
 70
     1
102
RTVSPost2010Prop43
 90
        3
102
RTVSPost2010PropOp43
 70
     1
102
RTVSPost2010Prop44ColorIndex
 90
        5
102
RTVSPost2010Prop44ColorRGB
 90
      255
102
RTVSPost2010PropOp44
 70
     1
102
RTVSPost2010Prop45
280
     0
102
RTVSPost2010PropOp45
 70
     1
102
RTVSPost2010Prop46
 90
       50
102
RTVSPost2010PropOp46
 70
     1
102
RTVSPost2010Prop47
 90
       50
102
RTVSPost2010PropOp47
 70
     1
102
RTVSPost2010Prop48
 90
       50
102
RTVSPost2010PropOp48
 70
     1
102
RTVSPost2010Prop49
280
     0
102
RTVSPost2010PropOp49
 70
     1
102
RTVSPost2010Prop50
 90
       50
102
RTVSPost2010PropOp50
 70
     1
102
RTVSPost2010Prop51ColorIndex
 90
      256
102
RTVSPost2010Prop51ColorRGB
 90
-16777216
102
RTVSPost2010PropOp51
 70
     0
102
RTVSPost2010Prop52
140
1.0
102
RTVSPost2010PropOp52
 70
     0
102
RTVSPost2010Prop53
 90
        2
102
RTVSPost2010PropOp53
 70
     1
102
RTVSPost2010Prop54
  1
strokes_ogs.tif
102
RTVSPost2010PropOp54
 70
     1
102
RTVSPost2010Prop55
280
     0
102
RTVSPost2010PropOp55
 70
     1
102
RTVSPost2010Prop56
140
1.0
102
RTVSPost2010PropOp56
 70
     1
102
RTVSPost2010Prop57
140
1.0
102
RTVSPost2010PropOp57
 70
     1
  0
XRECORD
  5
537
102
{ACAD_REACTORS
330
536
102
}
330
536
100
AcDbXrecord
280
     1
102
RTVSPropertyOp0
 70
     1
102
RTVSPropertyOp1
 70
     1
102
RTVSPropertyOp2
 70
     1
102
RTVSPropertyOp3
 70
     1
102
RTVSPropertyOp4
 70
     1
102
RTVSPropertyOp5
 70
     1
102
RTVSPropertyOp6
 70
     1
102
RTVSPropertyOp7
 70
     1
102
RTVSPropertyOp8
 70
     1
102
RTVSPropertyOp9
 70
     1
102
RTVSPropertyOp10
 70
     1
102
RTVSPropertyOp11
 70
     1
102
RTVSPropertyOp12
 70
     1
102
RTVSPropertyOp13
 70
     1
102
RTVSPropertyOp14
 70
     1
102
RTVSPropertyOp15
 70
     1
102
RTVSPropertyOp16
 70
     1
102
RTVSPropertyOp17
 70
     1
102
RTVSPropertyOp18
 70
     1
102
RTVSPropertyOp19
 70
     1
102
RTVSPropertyOp20
 70
     1
102
RTVSPropertyOp21
 70
     1
102
RTVSPropertyOp22
 70
     1
102
RTVSPropertyOp23
 70
     1
102
RTVSPropertyOp24
 70
     1
102
RTVSPropertyOp25
 70
     1
102
RTVSPropertyOp26
 70
     1
102
RTVSPropertyOp27
 70
     1
102
RTVSPropertyOp28
 70
     1
102
RTVSPropertyOp29
 70
     1
102
RTVSPropertyOp30
 70
     1
102
RTVSPropertyOp31
 70
     1
102
RTVSPropertyOp32
 70
     1
102
RTVSPropertyOp33
 70
     1
102
RTVSPropertyOp34
 70
     1
102
RTVSPropertyOp35
 70
     1
102
RTVSPropertyOp36
 70
     1
102
RTVSPropertyOp37
 70
     1
102
RTVSPropertyOp38
 70
     1
102
RTVSPropertyOp39
 70
     1
102
RTVSPropertyOp40
 70
     1
102
RTVSPropertyOp41
 70
     1
102
RTVSPropertyOp42
 70
     1
102
RTVSPropertyOp43
 70
     1
102
RTVSPropertyOp44
 70
     1
102
RTVSPropertyOp45
 70
     1
102
RTVSPropertyOp46
 70
     1
102
RTVSPropertyOp47
 70
     1
102
RTVSPropertyOp48
 70
     1
102
RTVSPropertyOp49
 70
     1
102
RTVSPropertyOp50
 70
     1
102
RTVSPropertyOp51
 70
     0
102
RTVSPropertyOp52
 70
     0
102
RTVSPropertyOp53
 70
     1
102
RTVSPropertyOp54
 70
     1
102
RTVSPropertyOp55
 70
     1
102
RTVSPropertyOp56
 70
     1
102
RTVSPropertyOp57
 70
     1
102
RTVSPost2010Prop28
280
     0
102
RTVSPost2010PropOp28
 70
     1
102
RTVSPost2010Prop29
280
     1
102
RTVSPost2010PropOp29
 70
     1
102
RTVSPost2010Prop30
280
     1
102
RTVSPost2010PropOp30
 70
     1
102
RTVSPost2010Prop31
280
     0
102
RTVSPost2010PropOp31
 70
     1
102
RTVSPost2010Prop32
280
     0
102
RTVSPost2010PropOp32
 70
     1
102
RTVSPost2010Prop33
280
     0
102
RTVSPost2010PropOp33
 70
     1
102
RTVSPost2010Prop34
280
     0
102
RTVSPost2010PropOp34
 70
     1
102
RTVSPost2010Prop35
280
     0
102
RTVSPost2010PropOp35
 70
     1
102
RTVSPost2010Prop36
280
     0
102
RTVSPost2010PropOp36
 70
     1
102
RTVSPost2010Prop37
 90
       50
102
RTVSPost2010PropOp37
 70
     1
102
RTVSPost2010Prop38
140
0.0
102
RTVSPost2010PropOp38
 70
     1
102
RTVSPost2010Prop39
140
1.0
102
RTVSPost2010PropOp39
 70
     1
102
RTVSPost2010Prop40
 90
        0
102
RTVSPost2010PropOp40
 70
     1
102
RTVSPost2010Prop41ColorIndex
 90
       18
102
RTVSPost2010Prop41ColorRGB
 90
        0
102
RTVSPost2010PropOp41
 70
     1
102
RTVSPost2010Prop42
 90
       50
102
RTVSPost2010PropOp42
 70
     1
102
RTVSPost2010Prop43
 90
        3
102
RTVSPost2010PropOp43
 70
     1
102
RTVSPost2010Prop44ColorIndex
 90
        5
102
RTVSPost2010Prop44ColorRGB
 90
      255
102
RTVSPost2010PropOp44
 70
     1
102
RTVSPost2010Prop45
280
     0
102
RTVSPost2010PropOp45
 70
     1
102
RTVSPost2010Prop46
 90
       50
102
RTVSPost2010PropOp46
 70
     1
102
RTVSPost2010Prop47
 90
       50
102
RTVSPost2010PropOp47
 70
     1
102
RTVSPost2010Prop48
 90
       50
102
RTVSPost2010PropOp48
 70
     1
102
RTVSPost2010Prop49
280
     0
102
RTVSPost2010PropOp49
 70
     1
102
RTVSPost2010Prop50
 90
       50
102
RTVSPost2010PropOp50
 70
     1
102
RTVSPost2010Prop51ColorIndex
 90
      256
102
RTVSPost2010Prop51ColorRGB
 90
-16777216
102
RTVSPost2010PropOp51
 70
     0
102
RTVSPost2010Prop52
140
1.0
102
RTVSPost2010PropOp52
 70
     0
102
RTVSPost2010Prop53
 90
        2
102
RTVSPost2010PropOp53
 70
     1
102
RTVSPost2010Prop54
  1
strokes_ogs.tif
102
RTVSPost2010PropOp54
 70
     1
102
RTVSPost2010Prop55
280
     0
102
RTVSPost2010PropOp55
 70
     1
102
RTVSPost2010Prop56
140
1.0
102
RTVSPost2010PropOp56
 70
     1
102
RTVSPost2010Prop57
140
1.0
102
RTVSPost2010PropOp57
 70
     1
  0
XRECORD
  5
531
102
{ACAD_REACTORS
330
530
102
}
330
530
100
AcDbXrecord
280
     1
102
RTVSPropertyOp0
 70
     1
102
RTVSPropertyOp1
 70
     1
102
RTVSPropertyOp2
 70
     1
102
RTVSPropertyOp3
 70
     1
102
RTVSPropertyOp4
 70
     1
102
RTVSPropertyOp5
 70
     1
102
RTVSPropertyOp6
 70
     1
102
RTVSPropertyOp7
 70
     1
102
RTVSPropertyOp8
 70
     1
102
RTVSPropertyOp9
 70
     1
102
RTVSPropertyOp10
 70
     1
102
RTVSPropertyOp11
 70
     1
102
RTVSPropertyOp12
 70
     1
102
RTVSPropertyOp13
 70
     1
102
RTVSPropertyOp14
 70
     1
102
RTVSPropertyOp15
 70
     1
102
RTVSPropertyOp16
 70
     1
102
RTVSPropertyOp17
 70
     1
102
RTVSPropertyOp18
 70
     1
102
RTVSPropertyOp19
 70
     1
102
RTVSPropertyOp20
 70
     1
102
RTVSPropertyOp21
 70
     1
102
RTVSPropertyOp22
 70
     1
102
RTVSPropertyOp23
 70
     1
102
RTVSPropertyOp24
 70
     1
102
RTVSPropertyOp25
 70
     1
102
RTVSPropertyOp26
 70
     1
102
RTVSPropertyOp27
 70
     1
102
RTVSPropertyOp28
 70
     1
102
RTVSPropertyOp29
 70
     1
102
RTVSPropertyOp30
 70
     1
102
RTVSPropertyOp31
 70
     1
102
RTVSPropertyOp32
 70
     1
102
RTVSPropertyOp33
 70
     1
102
RTVSPropertyOp34
 70
     1
102
RTVSPropertyOp35
 70
     1
102
RTVSPropertyOp36
 70
     1
102
RTVSPropertyOp37
 70
     1
102
RTVSPropertyOp38
 70
     1
102
RTVSPropertyOp39
 70
     1
102
RTVSPropertyOp40
 70
     1
102
RTVSPropertyOp41
 70
     1
102
RTVSPropertyOp42
 70
     1
102
RTVSPropertyOp43
 70
     1
102
RTVSPropertyOp44
 70
     1
102
RTVSPropertyOp45
 70
     1
102
RTVSPropertyOp46
 70
     1
102
RTVSPropertyOp47
 70
     1
102
RTVSPropertyOp48
 70
     1
102
RTVSPropertyOp49
 70
     1
102
RTVSPropertyOp50
 70
     1
102
RTVSPropertyOp51
 70
     0
102
RTVSPropertyOp52
 70
     0
102
RTVSPropertyOp53
 70
     1
102
RTVSPropertyOp54
 70
     1
102
RTVSPropertyOp55
 70
     1
102
RTVSPropertyOp56
 70
     1
102
RTVSPropertyOp57
 70
     1
102
RTVSPost2010Prop28
280
     0
102
RTVSPost2010PropOp28
 70
     1
102
RTVSPost2010Prop29
280
     1
102
RTVSPost2010PropOp29
 70
     1
102
RTVSPost2010Prop30
280
     1
102
RTVSPost2010PropOp30
 70
     1
102
RTVSPost2010Prop31
280
     0
102
RTVSPost2010PropOp31
 70
     1
102
RTVSPost2010Prop32
280
     0
102
RTVSPost2010PropOp32
 70
     1
102
RTVSPost2010Prop33
280
     0
102
RTVSPost2010PropOp33
 70
     1
102
RTVSPost2010Prop34
280
     0
102
RTVSPost2010PropOp34
 70
     1
102
RTVSPost2010Prop35
280
     0
102
RTVSPost2010PropOp35
 70
     1
102
RTVSPost2010Prop36
280
     0
102
RTVSPost2010PropOp36
 70
     1
102
RTVSPost2010Prop37
 90
       50
102
RTVSPost2010PropOp37
 70
     1
102
RTVSPost2010Prop38
140
0.0
102
RTVSPost2010PropOp38
 70
     1
102
RTVSPost2010Prop39
140
1.0
102
RTVSPost2010PropOp39
 70
     1
102
RTVSPost2010Prop40
 90
        0
102
RTVSPost2010PropOp40
 70
     1
102
RTVSPost2010Prop41ColorIndex
 90
       18
102
RTVSPost2010Prop41ColorRGB
 90
        0
102
RTVSPost2010PropOp41
 70
     1
102
RTVSPost2010Prop42
 90
       50
102
RTVSPost2010PropOp42
 70
     1
102
RTVSPost2010Prop43
 90
        3
102
RTVSPost2010PropOp43
 70
     1
102
RTVSPost2010Prop44ColorIndex
 90
        5
102
RTVSPost2010Prop44ColorRGB
 90
      255
102
RTVSPost2010PropOp44
 70
     1
102
RTVSPost2010Prop45
280
     0
102
RTVSPost2010PropOp45
 70
     1
102
RTVSPost2010Prop46
 90
       50
102
RTVSPost2010PropOp46
 70
     1
102
RTVSPost2010Prop47
 90
       50
102
RTVSPost2010PropOp47
 70
     1
102
RTVSPost2010Prop48
 90
       50
102
RTVSPost2010PropOp48
 70
     1
102
RTVSPost2010Prop49
280
     0
102
RTVSPost2010PropOp49
 70
     1
102
RTVSPost2010Prop50
 90
       50
102
RTVSPost2010PropOp50
 70
     1
102
RTVSPost2010Prop51ColorIndex
 90
      256
102
RTVSPost2010Prop51ColorRGB
 90
-16777216
102
RTVSPost2010PropOp51
 70
     0
102
RTVSPost2010Prop52
140
1.0
102
RTVSPost2010PropOp52
 70
     0
102
RTVSPost2010Prop53
 90
        2
102
RTVSPost2010PropOp53
 70
     1
102
RTVSPost2010Prop54
  1
strokes_ogs.tif
102
RTVSPost2010PropOp54
 70
     1
102
RTVSPost2010Prop55
280
     0
102
RTVSPost2010PropOp55
 70
     1
102
RTVSPost2010Prop56
140
1.0
102
RTVSPost2010PropOp56
 70
     1
102
RTVSPost2010Prop57
140
1.0
102
RTVSPost2010PropOp57
 70
     1
  0
XRECORD
  5
533
102
{ACAD_REACTORS
330
532
102
}
330
532
100
AcDbXrecord
280
     1
102
RTVSPropertyOp0
 70
     1
102
RTVSPropertyOp1
 70
     1
102
RTVSPropertyOp2
 70
     1
102
RTVSPropertyOp3
 70
     1
102
RTVSPropertyOp4
 70
     1
102
RTVSPropertyOp5
 70
     1
102
RTVSPropertyOp6
 70
     1
102
RTVSPropertyOp7
 70
     1
102
RTVSPropertyOp8
 70
     1
102
RTVSPropertyOp9
 70
     1
102
RTVSPropertyOp10
 70
     1
102
RTVSPropertyOp11
 70
     1
102
RTVSPropertyOp12
 70
     1
102
RTVSPropertyOp13
 70
     1
102
RTVSPropertyOp14
 70
     1
102
RTVSPropertyOp15
 70
     1
102
RTVSPropertyOp16
 70
     1
102
RTVSPropertyOp17
 70
     1
102
RTVSPropertyOp18
 70
     1
102
RTVSPropertyOp19
 70
     1
102
RTVSPropertyOp20
 70
     1
102
RTVSPropertyOp21
 70
     1
102
RTVSPropertyOp22
 70
     1
102
RTVSPropertyOp23
 70
     1
102
RTVSPropertyOp24
 70
     1
102
RTVSPropertyOp25
 70
     1
102
RTVSPropertyOp26
 70
     1
102
RTVSPropertyOp27
 70
     1
102
RTVSPropertyOp28
 70
     1
102
RTVSPropertyOp29
 70
     1
102
RTVSPropertyOp30
 70
     1
102
RTVSPropertyOp31
 70
     1
102
RTVSPropertyOp32
 70
     1
102
RTVSPropertyOp33
 70
     1
102
RTVSPropertyOp34
 70
     1
102
RTVSPropertyOp35
 70
     1
102
RTVSPropertyOp36
 70
     1
102
RTVSPropertyOp37
 70
     1
102
RTVSPropertyOp38
 70
     1
102
RTVSPropertyOp39
 70
     1
102
RTVSPropertyOp40
 70
     1
102
RTVSPropertyOp41
 70
     1
102
RTVSPropertyOp42
 70
     1
102
RTVSPropertyOp43
 70
     1
102
RTVSPropertyOp44
 70
     1
102
RTVSPropertyOp45
 70
     1
102
RTVSPropertyOp46
 70
     1
102
RTVSPropertyOp47
 70
     1
102
RTVSPropertyOp48
 70
     1
102
RTVSPropertyOp49
 70
     1
102
RTVSPropertyOp50
 70
     1
102
RTVSPropertyOp51
 70
     0
102
RTVSPropertyOp52
 70
     0
102
RTVSPropertyOp53
 70
     1
102
RTVSPropertyOp54
 70
     1
102
RTVSPropertyOp55
 70
     1
102
RTVSPropertyOp56
 70
     1
102
RTVSPropertyOp57
 70
     1
102
RTVSPost2010Prop28
280
     0
102
RTVSPost2010PropOp28
 70
     1
102
RTVSPost2010Prop29
280
     1
102
RTVSPost2010PropOp29
 70
     1
102
RTVSPost2010Prop30
280
     1
102
RTVSPost2010PropOp30
 70
     1
102
RTVSPost2010Prop31
280
     0
102
RTVSPost2010PropOp31
 70
     1
102
RTVSPost2010Prop32
280
     0
102
RTVSPost2010PropOp32
 70
     1
102
RTVSPost2010Prop33
280
     0
102
RTVSPost2010PropOp33
 70
     1
102
RTVSPost2010Prop34
280
     0
102
RTVSPost2010PropOp34
 70
     1
102
RTVSPost2010Prop35
280
     0
102
RTVSPost2010PropOp35
 70
     1
102
RTVSPost2010Prop36
280
     0
102
RTVSPost2010PropOp36
 70
     1
102
RTVSPost2010Prop37
 90
       50
102
RTVSPost2010PropOp37
 70
     1
102
RTVSPost2010Prop38
140
0.0
102
RTVSPost2010PropOp38
 70
     1
102
RTVSPost2010Prop39
140
1.0
102
RTVSPost2010PropOp39
 70
     1
102
RTVSPost2010Prop40
 90
        0
102
RTVSPost2010PropOp40
 70
     1
102
RTVSPost2010Prop41ColorIndex
 90
       18
102
RTVSPost2010Prop41ColorRGB
 90
        0
102
RTVSPost2010PropOp41
 70
     1
102
RTVSPost2010Prop42
 90
       50
102
RTVSPost2010PropOp42
 70
     1
102
RTVSPost2010Prop43
 90
        3
102
RTVSPost2010PropOp43
 70
     1
102
RTVSPost2010Prop44ColorIndex
 90
        5
102
RTVSPost2010Prop44ColorRGB
 90
      255
102
RTVSPost2010PropOp44
 70
     1
102
RTVSPost2010Prop45
280
     0
102
RTVSPost2010PropOp45
 70
     1
102
RTVSPost2010Prop46
 90
       50
102
RTVSPost2010PropOp46
 70
     1
102
RTVSPost2010Prop47
 90
       50
102
RTVSPost2010PropOp47
 70
     1
102
RTVSPost2010Prop48
 90
       50
102
RTVSPost2010PropOp48
 70
     1
102
RTVSPost2010Prop49
280
     0
102
RTVSPost2010PropOp49
 70
     1
102
RTVSPost2010Prop50
 90
       50
102
RTVSPost2010PropOp50
 70
     1
102
RTVSPost2010Prop51ColorIndex
 90
      256
102
RTVSPost2010Prop51ColorRGB
 90
-16777216
102
RTVSPost2010PropOp51
 70
     0
102
RTVSPost2010Prop52
140
1.0
102
RTVSPost2010PropOp52
 70
     0
102
RTVSPost2010Prop53
 90
        2
102
RTVSPost2010PropOp53
 70
     1
102
RTVSPost2010Prop54
  1
strokes_ogs.tif
102
RTVSPost2010PropOp54
 70
     1
102
RTVSPost2010Prop55
280
     0
102
RTVSPost2010PropOp55
 70
     1
102
RTVSPost2010Prop56
140
1.0
102
RTVSPost2010PropOp56
 70
     1
102
RTVSPost2010Prop57
140
1.0
102
RTVSPost2010PropOp57
 70
     1
  0
XRECORD
  5
523
102
{ACAD_REACTORS
330
522
102
}
330
522
100
AcDbXrecord
280
     1
102
RTVSPropertyOp0
 70
     1
102
RTVSPropertyOp1
 70
     1
102
RTVSPropertyOp2
 70
     1
102
RTVSPropertyOp3
 70
     1
102
RTVSPropertyOp4
 70
     1
102
RTVSPropertyOp5
 70
     1
102
RTVSPropertyOp6
 70
     1
102
RTVSPropertyOp7
 70
     1
102
RTVSPropertyOp8
 70
     1
102
RTVSPropertyOp9
 70
     1
102
RTVSPropertyOp10
 70
     1
102
RTVSPropertyOp11
 70
     1
102
RTVSPropertyOp12
 70
     1
102
RTVSPropertyOp13
 70
     1
102
RTVSPropertyOp14
 70
     1
102
RTVSPropertyOp15
 70
     1
102
RTVSPropertyOp16
 70
     1
102
RTVSPropertyOp17
 70
     1
102
RTVSPropertyOp18
 70
     1
102
RTVSPropertyOp19
 70
     1
102
RTVSPropertyOp20
 70
     1
102
RTVSPropertyOp21
 70
     1
102
RTVSPropertyOp22
 70
     1
102
RTVSPropertyOp23
 70
     1
102
RTVSPropertyOp24
 70
     1
102
RTVSPropertyOp25
 70
     1
102
RTVSPropertyOp26
 70
     1
102
RTVSPropertyOp27
 70
     1
102
RTVSPropertyOp28
 70
     1
102
RTVSPropertyOp29
 70
     1
102
RTVSPropertyOp30
 70
     1
102
RTVSPropertyOp31
 70
     1
102
RTVSPropertyOp32
 70
     1
102
RTVSPropertyOp33
 70
     1
102
RTVSPropertyOp34
 70
     1
102
RTVSPropertyOp35
 70
     1
102
RTVSPropertyOp36
 70
     1
102
RTVSPropertyOp37
 70
     1
102
RTVSPropertyOp38
 70
     1
102
RTVSPropertyOp39
 70
     1
102
RTVSPropertyOp40
 70
     1
102
RTVSPropertyOp41
 70
     1
102
RTVSPropertyOp42
 70
     1
102
RTVSPropertyOp43
 70
     1
102
RTVSPropertyOp44
 70
     1
102
RTVSPropertyOp45
 70
     1
102
RTVSPropertyOp46
 70
     1
102
RTVSPropertyOp47
 70
     1
102
RTVSPropertyOp48
 70
     1
102
RTVSPropertyOp49
 70
     1
102
RTVSPropertyOp50
 70
     1
102
RTVSPropertyOp51
 70
     0
102
RTVSPropertyOp52
 70
     0
102
RTVSPropertyOp53
 70
     1
102
RTVSPropertyOp54
 70
     1
102
RTVSPropertyOp55
 70
     1
102
RTVSPropertyOp56
 70
     1
102
RTVSPropertyOp57
 70
     1
102
RTVSPost2010Prop28
280
     0
102
RTVSPost2010PropOp28
 70
     1
102
RTVSPost2010Prop29
280
     1
102
RTVSPost2010PropOp29
 70
     1
102
RTVSPost2010Prop30
280
     1
102
RTVSPost2010PropOp30
 70
     1
102
RTVSPost2010Prop31
280
     0
102
RTVSPost2010PropOp31
 70
     1
102
RTVSPost2010Prop32
280
     0
102
RTVSPost2010PropOp32
 70
     1
102
RTVSPost2010Prop33
280
     0
102
RTVSPost2010PropOp33
 70
     1
102
RTVSPost2010Prop34
280
     0
102
RTVSPost2010PropOp34
 70
     1
102
RTVSPost2010Prop35
280
     0
102
RTVSPost2010PropOp35
 70
     1
102
RTVSPost2010Prop36
280
     0
102
RTVSPost2010PropOp36
 70
     1
102
RTVSPost2010Prop37
 90
       50
102
RTVSPost2010PropOp37
 70
     1
102
RTVSPost2010Prop38
140
0.0
102
RTVSPost2010PropOp38
 70
     1
102
RTVSPost2010Prop39
140
1.0
102
RTVSPost2010PropOp39
 70
     1
102
RTVSPost2010Prop40
 90
        0
102
RTVSPost2010PropOp40
 70
     1
102
RTVSPost2010Prop41ColorIndex
 90
       18
102
RTVSPost2010Prop41ColorRGB
 90
        0
102
RTVSPost2010PropOp41
 70
     1
102
RTVSPost2010Prop42
 90
       50
102
RTVSPost2010PropOp42
 70
     1
102
RTVSPost2010Prop43
 90
        3
102
RTVSPost2010PropOp43
 70
     1
102
RTVSPost2010Prop44ColorIndex
 90
        5
102
RTVSPost2010Prop44ColorRGB
 90
      255
102
RTVSPost2010PropOp44
 70
     1
102
RTVSPost2010Prop45
280
     0
102
RTVSPost2010PropOp45
 70
     1
102
RTVSPost2010Prop46
 90
       50
102
RTVSPost2010PropOp46
 70
     1
102
RTVSPost2010Prop47
 90
       50
102
RTVSPost2010PropOp47
 70
     1
102
RTVSPost2010Prop48
 90
       50
102
RTVSPost2010PropOp48
 70
     1
102
RTVSPost2010Prop49
280
     0
102
RTVSPost2010PropOp49
 70
     1
102
RTVSPost2010Prop50
 90
       50
102
RTVSPost2010PropOp50
 70
     1
102
RTVSPost2010Prop51ColorIndex
 90
      256
102
RTVSPost2010Prop51ColorRGB
 90
-16777216
102
RTVSPost2010PropOp51
 70
     0
102
RTVSPost2010Prop52
140
1.0
102
RTVSPost2010PropOp52
 70
     0
102
RTVSPost2010Prop53
 90
        2
102
RTVSPost2010PropOp53
 70
     1
102
RTVSPost2010Prop54
  1
strokes_ogs.tif
102
RTVSPost2010PropOp54
 70
     1
102
RTVSPost2010Prop55
280
     0
102
RTVSPost2010PropOp55
 70
     1
102
RTVSPost2010Prop56
140
1.0
102
RTVSPost2010PropOp56
 70
     1
102
RTVSPost2010Prop57
140
1.0
102
RTVSPost2010PropOp57
 70
     1
  0
XRECORD
  5
515
102
{ACAD_REACTORS
330
514
102
}
330
514
100
AcDbXrecord
280
     1
102
RTVSPropertyOp0
 70
     1
102
RTVSPropertyOp1
 70
     1
102
RTVSPropertyOp2
 70
     1
102
RTVSPropertyOp3
 70
     1
102
RTVSPropertyOp4
 70
     1
102
RTVSPropertyOp5
 70
     1
102
RTVSPropertyOp6
 70
     1
102
RTVSPropertyOp7
 70
     1
102
RTVSPropertyOp8
 70
     1
102
RTVSPropertyOp9
 70
     1
102
RTVSPropertyOp10
 70
     1
102
RTVSPropertyOp11
 70
     1
102
RTVSPropertyOp12
 70
     1
102
RTVSPropertyOp13
 70
     1
102
RTVSPropertyOp14
 70
     1
102
RTVSPropertyOp15
 70
     1
102
RTVSPropertyOp16
 70
     1
102
RTVSPropertyOp17
 70
     1
102
RTVSPropertyOp18
 70
     1
102
RTVSPropertyOp19
 70
     1
102
RTVSPropertyOp20
 70
     1
102
RTVSPropertyOp21
 70
     1
102
RTVSPropertyOp22
 70
     1
102
RTVSPropertyOp23
 70
     1
102
RTVSPropertyOp24
 70
     1
102
RTVSPropertyOp25
 70
     1
102
RTVSPropertyOp26
 70
     1
102
RTVSPropertyOp27
 70
     1
102
RTVSPropertyOp28
 70
     1
102
RTVSPropertyOp29
 70
     1
102
RTVSPropertyOp30
 70
     1
102
RTVSPropertyOp31
 70
     1
102
RTVSPropertyOp32
 70
     1
102
RTVSPropertyOp33
 70
     1
102
RTVSPropertyOp34
 70
     1
102
RTVSPropertyOp35
 70
     1
102
RTVSPropertyOp36
 70
     1
102
RTVSPropertyOp37
 70
     1
102
RTVSPropertyOp38
 70
     1
102
RTVSPropertyOp39
 70
     1
102
RTVSPropertyOp40
 70
     1
102
RTVSPropertyOp41
 70
     1
102
RTVSPropertyOp42
 70
     1
102
RTVSPropertyOp43
 70
     1
102
RTVSPropertyOp44
 70
     1
102
RTVSPropertyOp45
 70
     1
102
RTVSPropertyOp46
 70
     1
102
RTVSPropertyOp47
 70
     1
102
RTVSPropertyOp48
 70
     1
102
RTVSPropertyOp49
 70
     1
102
RTVSPropertyOp50
 70
     1
102
RTVSPropertyOp51
 70
     0
102
RTVSPropertyOp52
 70
     0
102
RTVSPropertyOp53
 70
     1
102
RTVSPropertyOp54
 70
     1
102
RTVSPropertyOp55
 70
     1
102
RTVSPropertyOp56
 70
     1
102
RTVSPropertyOp57
 70
     1
102
RTVSPost2010Prop28
280
     0
102
RTVSPost2010PropOp28
 70
     1
102
RTVSPost2010Prop29
280
     1
102
RTVSPost2010PropOp29
 70
     1
102
RTVSPost2010Prop30
280
     1
102
RTVSPost2010PropOp30
 70
     1
102
RTVSPost2010Prop31
280
     0
102
RTVSPost2010PropOp31
 70
     1
102
RTVSPost2010Prop32
280
     0
102
RTVSPost2010PropOp32
 70
     1
102
RTVSPost2010Prop33
280
     0
102
RTVSPost2010PropOp33
 70
     1
102
RTVSPost2010Prop34
280
     0
102
RTVSPost2010PropOp34
 70
     1
102
RTVSPost2010Prop35
280
     0
102
RTVSPost2010PropOp35
 70
     1
102
RTVSPost2010Prop36
280
     0
102
RTVSPost2010PropOp36
 70
     1
102
RTVSPost2010Prop37
 90
       50
102
RTVSPost2010PropOp37
 70
     1
102
RTVSPost2010Prop38
140
0.0
102
RTVSPost2010PropOp38
 70
     1
102
RTVSPost2010Prop39
140
1.0
102
RTVSPost2010PropOp39
 70
     1
102
RTVSPost2010Prop40
 90
        0
102
RTVSPost2010PropOp40
 70
     1
102
RTVSPost2010Prop41ColorIndex
 90
       18
102
RTVSPost2010Prop41ColorRGB
 90
        0
102
RTVSPost2010PropOp41
 70
     1
102
RTVSPost2010Prop42
 90
       50
102
RTVSPost2010PropOp42
 70
     1
102
RTVSPost2010Prop43
 90
        3
102
RTVSPost2010PropOp43
 70
     1
102
RTVSPost2010Prop44ColorIndex
 90
        5
102
RTVSPost2010Prop44ColorRGB
 90
      255
102
RTVSPost2010PropOp44
 70
     1
102
RTVSPost2010Prop45
280
     0
102
RTVSPost2010PropOp45
 70
     1
102
RTVSPost2010Prop46
 90
       50
102
RTVSPost2010PropOp46
 70
     1
102
RTVSPost2010Prop47
 90
       50
102
RTVSPost2010PropOp47
 70
     1
102
RTVSPost2010Prop48
 90
       50
102
RTVSPost2010PropOp48
 70
     1
102
RTVSPost2010Prop49
280
     0
102
RTVSPost2010PropOp49
 70
     1
102
RTVSPost2010Prop50
 90
       50
102
RTVSPost2010PropOp50
 70
     1
102
RTVSPost2010Prop51ColorIndex
 90
      256
102
RTVSPost2010Prop51ColorRGB
 90
-16777216
102
RTVSPost2010PropOp51
 70
     0
102
RTVSPost2010Prop52
140
1.0
102
RTVSPost2010PropOp52
 70
     0
102
RTVSPost2010Prop53
 90
        2
102
RTVSPost2010PropOp53
 70
     1
102
RTVSPost2010Prop54
  1
strokes_ogs.tif
102
RTVSPost2010PropOp54
 70
     1
102
RTVSPost2010Prop55
280
     0
102
RTVSPost2010PropOp55
 70
     1
102
RTVSPost2010Prop56
140
1.0
102
RTVSPost2010PropOp56
 70
     1
102
RTVSPost2010Prop57
140
1.0
102
RTVSPost2010PropOp57
 70
     1
  0
XRECORD
  5
535
102
{ACAD_REACTORS
330
534
102
}
330
534
100
AcDbXrecord
280
     1
102
RTVSPropertyOp0
 70
     1
102
RTVSPropertyOp1
 70
     1
102
RTVSPropertyOp2
 70
     1
102
RTVSPropertyOp3
 70
     1
102
RTVSPropertyOp4
 70
     1
102
RTVSPropertyOp5
 70
     1
102
RTVSPropertyOp6
 70
     1
102
RTVSPropertyOp7
 70
     1
102
RTVSPropertyOp8
 70
     1
102
RTVSPropertyOp9
 70
     1
102
RTVSPropertyOp10
 70
     1
102
RTVSPropertyOp11
 70
     1
102
RTVSPropertyOp12
 70
     1
102
RTVSPropertyOp13
 70
     1
102
RTVSPropertyOp14
 70
     1
102
RTVSPropertyOp15
 70
     1
102
RTVSPropertyOp16
 70
     1
102
RTVSPropertyOp17
 70
     1
102
RTVSPropertyOp18
 70
     1
102
RTVSPropertyOp19
 70
     1
102
RTVSPropertyOp20
 70
     1
102
RTVSPropertyOp21
 70
     1
102
RTVSPropertyOp22
 70
     1
102
RTVSPropertyOp23
 70
     1
102
RTVSPropertyOp24
 70
     1
102
RTVSPropertyOp25
 70
     1
102
RTVSPropertyOp26
 70
     1
102
RTVSPropertyOp27
 70
     1
102
RTVSPropertyOp28
 70
     1
102
RTVSPropertyOp29
 70
     1
102
RTVSPropertyOp30
 70
     1
102
RTVSPropertyOp31
 70
     1
102
RTVSPropertyOp32
 70
     1
102
RTVSPropertyOp33
 70
     1
102
RTVSPropertyOp34
 70
     1
102
RTVSPropertyOp35
 70
     1
102
RTVSPropertyOp36
 70
     1
102
RTVSPropertyOp37
 70
     1
102
RTVSPropertyOp38
 70
     1
102
RTVSPropertyOp39
 70
     1
102
RTVSPropertyOp40
 70
     1
102
RTVSPropertyOp41
 70
     1
102
RTVSPropertyOp42
 70
     1
102
RTVSPropertyOp43
 70
     1
102
RTVSPropertyOp44
 70
     1
102
RTVSPropertyOp45
 70
     1
102
RTVSPropertyOp46
 70
     1
102
RTVSPropertyOp47
 70
     1
102
RTVSPropertyOp48
 70
     1
102
RTVSPropertyOp49
 70
     1
102
RTVSPropertyOp50
 70
     1
102
RTVSPropertyOp51
 70
     0
102
RTVSPropertyOp52
 70
     0
102
RTVSPropertyOp53
 70
     1
102
RTVSPropertyOp54
 70
     1
102
RTVSPropertyOp55
 70
     1
102
RTVSPropertyOp56
 70
     1
102
RTVSPropertyOp57
 70
     1
102
RTVSPost2010Prop28
280
     0
102
RTVSPost2010PropOp28
 70
     1
102
RTVSPost2010Prop29
280
     1
102
RTVSPost2010PropOp29
 70
     1
102
RTVSPost2010Prop30
280
     1
102
RTVSPost2010PropOp30
 70
     1
102
RTVSPost2010Prop31
280
     0
102
RTVSPost2010PropOp31
 70
     1
102
RTVSPost2010Prop32
280
     0
102
RTVSPost2010PropOp32
 70
     1
102
RTVSPost2010Prop33
280
     0
102
RTVSPost2010PropOp33
 70
     1
102
RTVSPost2010Prop34
280
     0
102
RTVSPost2010PropOp34
 70
     1
102
RTVSPost2010Prop35
280
     0
102
RTVSPost2010PropOp35
 70
     1
102
RTVSPost2010Prop36
280
     0
102
RTVSPost2010PropOp36
 70
     1
102
RTVSPost2010Prop37
 90
       50
102
RTVSPost2010PropOp37
 70
     1
102
RTVSPost2010Prop38
140
0.0
102
RTVSPost2010PropOp38
 70
     1
102
RTVSPost2010Prop39
140
1.0
102
RTVSPost2010PropOp39
 70
     1
102
RTVSPost2010Prop40
 90
        0
102
RTVSPost2010PropOp40
 70
     1
102
RTVSPost2010Prop41ColorIndex
 90
       18
102
RTVSPost2010Prop41ColorRGB
 90
        0
102
RTVSPost2010PropOp41
 70
     1
102
RTVSPost2010Prop42
 90
       50
102
RTVSPost2010PropOp42
 70
     1
102
RTVSPost2010Prop43
 90
        3
102
RTVSPost2010PropOp43
 70
     1
102
RTVSPost2010Prop44ColorIndex
 90
        5
102
RTVSPost2010Prop44ColorRGB
 90
      255
102
RTVSPost2010PropOp44
 70
     1
102
RTVSPost2010Prop45
280
     0
102
RTVSPost2010PropOp45
 70
     1
102
RTVSPost2010Prop46
 90
       50
102
RTVSPost2010PropOp46
 70
     1
102
RTVSPost2010Prop47
 90
       50
102
RTVSPost2010PropOp47
 70
     1
102
RTVSPost2010Prop48
 90
       50
102
RTVSPost2010PropOp48
 70
     1
102
RTVSPost2010Prop49
280
     0
102
RTVSPost2010PropOp49
 70
     1
102
RTVSPost2010Prop50
 90
       50
102
RTVSPost2010PropOp50
 70
     1
102
RTVSPost2010Prop51ColorIndex
 90
      256
102
RTVSPost2010Prop51ColorRGB
 90
-16777216
102
RTVSPost2010PropOp51
 70
     0
102
RTVSPost2010Prop52
140
1.0
102
RTVSPost2010PropOp52
 70
     0
102
RTVSPost2010Prop53
 90
        2
102
RTVSPost2010PropOp53
 70
     1
102
RTVSPost2010Prop54
  1
strokes_ogs.tif
102
RTVSPost2010PropOp54
 70
     1
102
RTVSPost2010Prop55
280
     0
102
RTVSPost2010PropOp55
 70
     1
102
RTVSPost2010Prop56
140
1.0
102
RTVSPost2010PropOp56
 70
     1
102
RTVSPost2010Prop57
140
1.0
102
RTVSPost2010PropOp57
 70
     1
  0
ENDSEC
  0
EOF
