  0
SECTION
  2
HEADER
  9
$ACADVER
  1
AC1021
  9
$ACADMAINTVER
 70
    25
  9
$DWGCODEPAGE
  3
ANSI_1252
  9
$LASTSAVEDBY
  1
josnyder
  9
$INSBASE
 10
0.0
 20
0.0
 30
0.0
  9
$EXTMIN
 10
-401.5309433299977
 20
-5.155652200788111
 30
0.0
  9
$EXTMAX
 10
57.68305113999799
 20
6.696078874912651
 30
0.0
  9
$LIMMIN
 10
0.0
 20
0.0
  9
$LIMMAX
 10
12.0
 20
9.0
  9
$ORTHOMODE
 70
     0
  9
$REGENMODE
 70
     1
  9
$FILLMODE
 70
     1
  9
$QTEXTMODE
 70
     0
  9
$MIRRTEXT
 70
     0
  9
$LTSCALE
 40
1.0
  9
$ATTMODE
 70
     1
  9
$TEXTSIZE
 40
0.2
  9
$TRACEWID
 40
0.05
  9
$TEXTSTYLE
  7
Standard
  9
$CLAYER
  8
null
  9
$CELTYPE
  6
ByLayer
  9
$CECOLOR
 62
   256
  9
$CELTSCALE
 40
1.0
  9
$DISPSILH
 70
     0
  9
$DIMSCALE
 40
1.0
  9
$DIMASZ
 40
0.18
  9
$DIMEXO
 40
0.0625
  9
$DIMDLI
 40
0.38
  9
$DIMRND
 40
0.0
  9
$DIMDLE
 40
0.0
  9
$DIMEXE
 40
0.18
  9
$DIMTP
 40
0.0
  9
$DIMTM
 40
0.0
  9
$DIMTXT
 40
0.18
  9
$DIMCEN
 40
0.09
  9
$DIMTSZ
 40
0.0
  9
$DIMTOL
 70
     0
  9
$DIMLIM
 70
     0
  9
$DIMTIH
 70
     1
  9
$DIMTOH
 70
     1
  9
$DIMSE1
 70
     0
  9
$DIMSE2
 70
     0
  9
$DIMTAD
 70
     0
  9
$DIMZIN
 70
     0
  9
$DIMBLK
  1

  9
$DIMASO
 70
     1
  9
$DIMSHO
 70
     1
  9
$DIMPOST
  1

  9
$DIMAPOST
  1

  9
$DIMALT
 70
     0
  9
$DIMALTD
 70
     2
  9
$DIMALTF
 40
25.4
  9
$DIMLFAC
 40
1.0
  9
$DIMTOFL
 70
     0
  9
$DIMTVP
 40
0.0
  9
$DIMTIX
 70
     0
  9
$DIMSOXD
 70
     0
  9
$DIMSAH
 70
     0
  9
$DIMBLK1
  1

  9
$DIMBLK2
  1

  9
$DIMSTYLE
  2
STANDARD_ACAD
  9
$DIMCLRD
 70
     0
  9
$DIMCLRE
 70
     0
  9
$DIMCLRT
 70
     0
  9
$DIMTFAC
 40
1.0
  9
$DIMGAP
 40
0.09
  9
$DIMJUST
 70
     0
  9
$DIMSD1
 70
     0
  9
$DIMSD2
 70
     0
  9
$DIMTOLJ
 70
     1
  9
$DIMTZIN
 70
     0
  9
$DIMALTZ
 70
     0
  9
$DIMALTTZ
 70
     0
  9
$DIMUPT
 70
     0
  9
$DIMDEC
 70
     4
  9
$DIMTDEC
 70
     4
  9
$DIMALTU
 70
     2
  9
$DIMALTTD
 70
     2
  9
$DIMTXSTY
  7
Standard
  9
$DIMAUNIT
 70
     0
  9
$DIMADEC
 70
     0
  9
$DIMALTRND
 40
0.0
  9
$DIMAZIN
 70
     0
  9
$DIMDSEP
 70
    46
  9
$DIMATFIT
 70
     3
  9
$DIMFRAC
 70
     0
  9
$DIMLDRBLK
  1

  9
$DIMLUNIT
 70
     2
  9
$DIMLWD
 70
    -2
  9
$DIMLWE
 70
    -2
  9
$DIMTMOVE
 70
     2
  9
$DIMFXL
 40
1.0
  9
$DIMFXLON
 70
     0
  9
$DIMJOGANG
 40
0.7853981633974483
  9
$DIMTFILL
 70
     0
  9
$DIMTFILLCLR
 70
     0
  9
$DIMARCSYM
 70
     0
  9
$DIMLTYPE
  6

  9
$DIMLTEX1
  6

  9
$DIMLTEX2
  6

  9
$LUNITS
 70
     2
  9
$LUPREC
 70
     3
  9
$SKETCHINC
 40
0.1
  9
$FILLETRAD
 40
0.0
  9
$AUNITS
 70
     0
  9
$AUPREC
 70
     0
  9
$MENU
  1
.
  9
$ELEVATION
 40
0.0
  9
$PELEVATION
 40
0.0
  9
$THICKNESS
 40
0.0
  9
$LIMCHECK
 70
     0
  9
$CHAMFERA
 40
0.0
  9
$CHAMFERB
 40
0.0
  9
$CHAMFERC
 40
0.0
  9
$CHAMFERD
 40
0.0
  9
$SKPOLY
 70
     0
  9
$TDCREATE
 40
2461120.772280973
  9
$TDUCREATE
 40
2461120.980614306
  9
$TDUPDATE
 40
2461120.772299757
  9
$TDUUPDATE
 40
2461120.980633091
  9
$TDINDWG
 40
0.0000000116
  9
$TDUSRTIMER
 40
0.0000000116
  9
$USRTIMER
 70
     1
  9
$ANGBASE
 50
0.0
  9
$ANGDIR
 70
     0
  9
$PDMODE
 70
     0
  9
$PDSIZE
 40
0.0
  9
$PLINEWID
 40
0.0
  9
$SPLFRAME
 70
     0
  9
$SPLINETYPE
 70
     6
  9
$SPLINESEGS
 70
     8
  9
$HANDSEED
  5
546
  9
$SURFTAB1
 70
     6
  9
$SURFTAB2
 70
     6
  9
$SURFTYPE
 70
     6
  9
$SURFU
 70
     6
  9
$SURFV
 70
     6
  9
$UCSBASE
  2

  9
$UCSNAME
  2

  9
$UCSORG
 10
0.0
 20
0.0
 30
0.0
  9
$UCSXDIR
 10
1.0
 20
0.0
 30
0.0
  9
$UCSYDIR
 10
0.0
 20
1.0
 30
0.0
  9
$UCSORTHOREF
  2

  9
$UCSORTHOVIEW
 70
     0
  9
$UCSORGTOP
 10
0.0
 20
0.0
 30
0.0
  9
$UCSORGBOTTOM
 10
0.0
 20
0.0
 30
0.0
  9
$UCSORGLEFT
 10
0.0
 20
0.0
 30
0.0
  9
$UCSORGRIGHT
 10
0.0
 20
0.0
 30
0.0
  9
$UCSORGFRONT
 10
0.0
 20
0.0
 30
0.0
  9
$UCSORGBACK
 10
0.0
 20
0.0
 30
0.0
  9
$PUCSBASE
  2

  9
$PUCSNAME
  2

  9
$PUCSORG
 10
0.0
 20
0.0
 30
0.0
  9
$PUCSXDIR
 10
1.0
 20
0.0
 30
0.0
  9
$PUCSYDIR
 10
0.0
 20
1.0
 30
0.0
  9
$PUCSORTHOREF
  2

  9
$PUCSORTHOVIEW
 70
     0
  9
$PUCSORGTOP
 10
0.0
 20
0.0
 30
0.0
  9
$PUCSORGBOTTOM
 10
0.0
 20
0.0
 30
0.0
  9
$PUCSORGLEFT
 10
0.0
 20
0.0
 30
0.0
  9
$PUCSORGRIGHT
 10
0.0
 20
0.0
 30
0.0
  9
$PUCSORGFRONT
 10
0.0
 20
0.0
 30
0.0
  9
$PUCSORGBACK
 10
0.0
 20
0.0
 30
0.0
  9
$USERI1
 70
     0
  9
$USERI2
 70
     0
  9
$USERI3
 70
     0
  9
$USERI4
 70
     0
  9
$USERI5
 70
     0
  9
$USERR1
 40
0.0
  9
$USERR2
 40
0.0
  9
$USERR3
 40
0.0
  9
$USERR4
 40
0.0
  9
$USERR5
 40
0.0
  9
$WORLDVIEW
 70
     1
  9
$SHADEDGE
 70
     3
  9
$SHADEDIF
 70
    70
  9
$TILEMODE
 70
     1
  9
$MAXACTVP
 70
    64
  9
$PINSBASE
 10
0.0
 20
0.0
 30
0.0
  9
$PLIMCHECK
 70
     0
  9
$PEXTMIN
 10
1.000000000000000E+20
 20
1.000000000000000E+20
 30
1.000000000000000E+20
  9
$PEXTMAX
 10
-1.000000000000000E+20
 20
-1.000000000000000E+20
 30
-1.000000000000000E+20
  9
$PLIMMIN
 10
0.0
 20
0.0
  9
$PLIMMAX
 10
12.0
 20
9.0
  9
$UNITMODE
 70
     0
  9
$VISRETAIN
 70
     1
  9
$PLINEGEN
 70
     0
  9
$PSLTSCALE
 70
     1
  9
$TREEDEPTH
 70
  3020
  9
$CMLSTYLE
  2
Standard
  9
$CMLJUST
 70
     0
  9
$CMLSCALE
 40
1.0
  9
$PROXYGRAPHICS
 70
     1
  9
$MEASUREMENT
 70
     1
  9
$CELWEIGHT
370
    -1
  9
$ENDCAPS
280
     0
  9
$JOINSTYLE
280
     0
  9
$LWDISPLAY
290
     0
  9
$INSUNITS
 70
     4
  9
$HYPERLINKBASE
  1

  9
$STYLESHEET
  1

  9
$XEDIT
290
     1
  9
$CEPSNTYPE
380
     0
  9
$PSTYLEMODE
290
     1
  9
$FINGERPRINTGUID
  2
{831e42de-b6a5-2c40-a273-0ca9a4a4eb37}
  9
$VERSIONGUID
  2
{FAEB1C32-E019-11D5-929B-00C0DF256EC4}
  9
$EXTNAMES
290
     1
  9
$PSVPSCALE
 40
0.0
  9
$OLESTARTUP
290
     0
  9
$SORTENTS
280
   127
  9
$INDEXCTL
280
     0
  9
$HIDETEXT
280
     1
  9
$XCLIPFRAME
290
     0
  9
$HALOGAP
280
     0
  9
$OBSCOLOR
 70
   257
  9
$OBSLTYPE
280
     0
  9
$INTERSECTIONDISPLAY
280
     0
  9
$INTERSECTIONCOLOR
 70
   257
  9
$DIMASSOC
280
     2
  9
$PROJECTNAME
  1

  9
$CAMERADISPLAY
290
     0
  9
$LENSLENGTH
 40
50.0
  9
$CAMERAHEIGHT
 40
0.0
  9
$STEPSPERSEC
 40
2.0
  9
$STEPSIZE
 40
6.0
  9
$3DDWFPREC
 40
2.0
  9
$PSOLWIDTH
 40
0.25
  9
$PSOLHEIGHT
 40
4.0
  9
$LOFTANG1
 40
1.570796326794897
  9
$LOFTANG2
 40
1.570796326794897
  9
$LOFTMAG1
 40
0.0
  9
$LOFTMAG2
 40
0.0
  9
$LOFTPARAM
 70
     7
  9
$LOFTNORMALS
280
     1
  9
$LATITUDE
 40
37.795
  9
$LONGITUDE
 40
-122.394
  9
$NORTHDIRECTION
 40
0.0
  9
$TIMEZONE
 70
 -8000
  9
$LIGHTGLYPHDISPLAY
280
     1
  9
$TILEMODELIGHTSYNCH
280
     1
  9
$CMATERIAL
347
44
  9
$SOLIDHIST
280
     0
  9
$SHOWHIST
280
     1
  9
$DWFFRAME
280
     2
  9
$DGNFRAME
280
     2
  9
$REALWORLDSCALE
290
     1
  9
$INTERFERECOLOR
 62
   256
  9
$CSHADOW
280
     0
  9
$SHADOWPLANELOCATION
 40
0.0
  0
ENDSEC
  0
SECTION
  2
CLASSES
  0
CLASS
  1
ACDBDICTIONARYWDFLT
  2
AcDbDictionaryWithDefault
  3
ObjectDBX Classes
 90
        0
 91
        3
280
     0
281
     0
  0
CLASS
  1
VISUALSTYLE
  2
AcDbVisualStyle
  3
ObjectDBX Classes
 90
     4095
 91
        3
280
     0
281
     0
  0
CLASS
  1
MATERIAL
  2
AcDbMaterial
  3
ObjectDBX Classes
 90
     1153
 91
        3
280
     0
281
     0
  0
CLASS
  1
SCALE
  2
AcDbScale
  3
ObjectDBX Classes
 90
     1153
 91
        3
280
     0
281
     0
  0
CLASS
  1
TABLESTYLE
  2
AcDbTableStyle
  3
ObjectDBX Classes
 90
     4095
 91
        3
280
     0
281
     0
  0
CLASS
  1
MLEADERSTYLE
  2
AcDbMLeaderStyle
  3
ACDB_MLEADERSTYLE_CLASS
 90
     4095
 91
        3
280
     0
281
     0
  0
CLASS
  1
SUN
  2
AcDbSun
  3
SCENEOE
 90
     1153
 91
        3
280
     0
281
     0
  0
CLASS
  1
DICTIONARYVAR
  2
AcDbDictionaryVar
  3
ObjectDBX Classes
 90
        0
 91
        3
280
     0
281
     0
  0
CLASS
  1
CELLSTYLEMAP
  2
AcDbCellStyleMap
  3
ObjectDBX Classes
 90
     1152
 91
        3
280
     0
281
     0
  0
ENDSEC
  0
SECTION
  2
TABLES
  0
TABLE
  2
VPORT
  5
8
330
0
100
AcDbSymbolTable
 70
     1
  0
VPORT
  5
29
330
8
100
AcDbSymbolTableRecord
100
AcDbViewportTableRecord
  2
*Active
 70
     0
 10
0.0
 20
0.0
 11
1.0
 21
1.0
 12
10.42990654205607
 22
4.5
 13
0.0
 23
0.0
 14
0.5
 24
0.5
 15
0.5
 25
0.5
 16
0.0
 26
0.0
 36
1.0
 17
0.0
 27
0.0
 37
0.0
 40
9.0
 41
1.972972972850329
 42
50.0
 43
0.0
 44
0.0
 50
0.0
 51
0.0
 71
     0
 72
   100
 73
     1
 74
     3
 75
     0
 76
     0
 77
     0
 78
     0
281
     0
 65
     1
110
0.0
120
0.0
130
0.0
111
1.0
121
0.0
131
0.0
112
0.0
122
1.0
132
0.0
 79
     0
146
0.0
348
2F
 60
     3
 61
     5
292
     1
282
     1
141
0.0
142
0.0
 63
   250
361
5D
  0
ENDTAB
  0
TABLE
  2
LTYPE
  5
5
330
0
100
AcDbSymbolTable
 70
     1
  0
LTYPE
  5
14
330
5
100
AcDbSymbolTableRecord
100
AcDbLinetypeTableRecord
  2
ByBlock
 70
     0
  3

 72
    65
 73
     0
 40
0.0
  0
LTYPE
  5
15
330
5
100
AcDbSymbolTableRecord
100
AcDbLinetypeTableRecord
  2
ByLayer
 70
     0
  3

 72
    65
 73
     0
 40
0.0
  0
LTYPE
  5
16
330
5
100
AcDbSymbolTableRecord
100
AcDbLinetypeTableRecord
  2
Continuous
 70
     0
  3
Solid line
 72
    65
 73
     0
 40
0.0
  0
ENDTAB
  0
TABLE
  2
LAYER
  5
2
330
0
100
AcDbSymbolTable
 70
     4
  0
LAYER
  5
10
330
2
100
AcDbSymbolTableRecord
100
AcDbLayerTableRecord
  2
0
 70
     0
 62
     7
  6
Continuous
370
    -3
390
F
347
46
  0
LAYER
  5
5F
330
2
100
AcDbSymbolTableRecord
100
AcDbLayerTableRecord
  2
null
 70
     0
 62
     7
  6
Continuous
370
    -3
390
F
347
46
  0
LAYER
  5
72
330
2
100
AcDbSymbolTableRecord
100
AcDbLayerTableRecord
  2
inside2
 70
     0
 62
     7
  6
Continuous
370
    -3
390
F
347
46
  0
LAYER
  5
78
330
2
100
AcDbSymbolTableRecord
100
AcDbLayerTableRecord
  2
inside2_B
 70
     0
 62
     5
420
     3839
  6
Continuous
370
    -3
390
F
347
46
  0
ENDTAB
  0
TABLE
  2
STYLE
  5
3
330
0
100
AcDbSymbolTable
 70
     1
  0
STYLE
  5
11
330
3
100
AcDbSymbolTableRecord
100
AcDbTextStyleTableRecord
  2
Standard
 70
     0
 40
0.0
 41
1.0
 50
0.0
 71
     0
 42
0.2
  3
txt
  4

  0
ENDTAB
  0
TABLE
  2
VIEW
  5
6
330
0
100
AcDbSymbolTable
 70
     0
  0
ENDTAB
  0
TABLE
  2
UCS
  5
7
330
0
100
AcDbSymbolTable
 70
     0
  0
ENDTAB
  0
TABLE
  2
APPID
  5
9
330
0
100
AcDbSymbolTable
 70
     3
  0
APPID
  5
12
330
9
100
AcDbSymbolTableRecord
100
AcDbRegAppTableRecord
  2
ACAD
 70
     0
  0
APPID
  5
5E
330
9
100
AcDbSymbolTableRecord
100
AcDbRegAppTableRecord
  2
Rhino
 70
     0
  0
APPID
  5
53E
330
9
100
AcDbSymbolTableRecord
100
AcDbRegAppTableRecord
  2
ACAD_MLEADERVER
 70
     0
  0
ENDTAB
  0
TABLE
  2
DIMSTYLE
  5
A
330
0
100
AcDbSymbolTable
 70
     1
100
AcDbDimStyleTable
  0
DIMSTYLE
105
27
330
A
100
AcDbSymbolTableRecord
100
AcDbDimStyleTableRecord
  2
STANDARD_ACAD
 70
     0
178
     0
340
11
  0
ENDTAB
  0
TABLE
  2
BLOCK_RECORD
  5
1
330
0
100
AcDbSymbolTable
 70
     1
  0
BLOCK_RECORD
  5
1F
330
1
100
AcDbSymbolTableRecord
100
AcDbBlockTableRecord
  2
*Model_Space
340
22
 70
     0
280
     1
281
     0
  0
BLOCK_RECORD
  5
1B
330
1
100
AcDbSymbolTableRecord
100
AcDbBlockTableRecord
  2
*Paper_Space
340
1E
 70
     0
280
     1
281
     0
  0
BLOCK_RECORD
  5
23
330
1
100
AcDbSymbolTableRecord
100
AcDbBlockTableRecord
  2
*Paper_Space0
340
26
 70
     0
280
     1
281
     0
  0
ENDTAB
  0
ENDSEC
  0
SECTION
  2
BLOCKS
  0
BLOCK
  5
20
330
1F
100
AcDbEntity
  8
0
100
AcDbBlockBegin
  2
*Model_Space
 70
     0
 10
0.0
 20
0.0
 30
0.0
  3
*Model_Space
  1

  0
ENDBLK
  5
21
330
1F
100
AcDbEntity
  8
0
100
AcDbBlockEnd
  0
BLOCK
  5
1C
330
1B
100
AcDbEntity
 67
     1
  8
0
100
AcDbBlockBegin
  2
*Paper_Space
 70
     0
 10
0.0
 20
0.0
 30
0.0
  3
*Paper_Space
  1

  0
ENDBLK
  5
1D
330
1B
100
AcDbEntity
 67
     1
  8
0
100
AcDbBlockEnd
  0
BLOCK
  5
24
330
23
100
AcDbEntity
  8
0
100
AcDbBlockBegin
  2
*Paper_Space0
 70
     0
 10
0.0
 20
0.0
 30
0.0
  3
*Paper_Space0
  1

  0
ENDBLK
  5
25
330
23
100
AcDbEntity
  8
0
100
AcDbBlockEnd
  0
ENDSEC
  0
SECTION
  2
ENTITIES
  0
POLYLINE
  5
60
330
1F
100
AcDbEntity
  8
null
100
AcDb2dPolyline
 66
     1
 10
0.0
 20
0.0
 30
0.0
  0
VERTEX
  5
61
330
60
100
AcDbEntity
  8
null
100
AcDbVertex
100
AcDb2dVertex
 10
56.8336437694798
 20
0.7702133370623027
 30
0.0
  0
VERTEX
  5
62
330
60
100
AcDbEntity
  8
null
100
AcDbVertex
100
AcDb2dVertex
 10
55.22584308323349
 20
0.7702133370623027
 30
0.0
  0
SEQEND
  5
63
330
60
100
AcDbEntity
  8
null
  0
POLYLINE
  5
64
330
1F
100
AcDbEntity
  8
null
100
AcDb2dPolyline
 66
     1
 10
0.0
 20
0.0
 30
0.0
  0
VERTEX
  5
65
330
64
100
AcDbEntity
  8
null
100
AcDbVertex
100
AcDb2dVertex
 10
56.83364376947981
 20
-4.306244830269875
 30
0.0
  0
VERTEX
  5
66
330
64
100
AcDbEntity
  8
null
100
AcDbVertex
100
AcDb2dVertex
 10
56.83364376947981
 20
-1.696659105787077
 30
0.0
  0
SEQEND
  5
67
330
64
100
AcDbEntity
  8
null
  0
POLYLINE
  5
68
330
1F
100
AcDbEntity
  8
null
100
AcDb2dPolyline
 66
     1
 10
0.0
 20
0.0
 30
0.0
  0
VERTEX
  5
69
330
68
100
AcDbEntity
  8
null
100
AcDbVertex
100
AcDb2dVertex
 10
56.78772540791614
 20
5.851846391295127
 30
0.0
  0
VERTEX
  5
6A
330
68
100
AcDbEntity
  8
null
100
AcDbVertex
100
AcDb2dVertex
 10
56.83364376947981
 20
3.308442420728398
 30
0.0
  0
VERTEX
  5
6B
330
68
100
AcDbEntity
  8
null
100
AcDbVertex
100
AcDb2dVertex
 10
55.01893369077805
 20
3.308442420728398
 30
0.0
  0
SEQEND
  5
6C
330
68
100
AcDbEntity
  8
null
  0
POINT
  5
6D
330
1F
100
AcDbEntity
  8
null
100
AcDbPoint
 10
56.83364376947981
 20
-4.306244830269875
 30
0.0
  0
POINT
  5
6E
330
1F
100
AcDbEntity
  8
null
100
AcDbPoint
 10
56.8336437694798
 20
-1.768015746603779
 30
0.0
  0
POINT
  5
6F
330
1F
100
AcDbEntity
  8
null
100
AcDbPoint
 10
56.8336437694798
 20
0.7702133370623027
 30
0.0
  0
POINT
  5
70
330
1F
100
AcDbEntity
  8
null
100
AcDbPoint
 10
56.83364376947981
 20
3.308442420728398
 30
0.0
  0
POINT
  5
71
330
1F
100
AcDbEntity
  8
null
100
AcDbPoint
 10
56.83364376947981
 20
5.846671504394475
 30
0.0
  0
SPLINE
  5
73
330
1F
100
AcDbEntity
  8
inside2
100
AcDbSpline
210
0.0
220
0.0
230
1.0
 70
    15
 71
     2
 72
    12
 73
     9
 74
     0
 42
0.0000000001
 43
0.0000000001
 40
0.0
 40
0.0
 40
0.0
 40
1.334245977562504
 40
1.334245977562504
 40
2.668491955125007
 40
2.668491955125007
 40
4.002737932687511
 40
4.002737932687511
 40
5.336983910250014
 40
5.336983910250014
 40
5.336983910250014
 10
55.98423639896163
 20
0.7702133370622732
 30
0.0
 41
1.0
 10
55.98423639896156
 20
1.619620707580485
 30
0.0
 41
0.7071067811865476
 10
56.83364376947969
 20
1.619620707580481
 30
0.0
 41
1.0
 10
57.6830511399979
 20
1.619620707580485
 30
0.0
 41
0.7071067811865476
 10
57.68305113999799
 20
0.7702133370622732
 30
0.0
 41
1.0
 10
57.6830511399979
 20
-0.0791940334559335
 30
0.0
 41
0.7071067811865476
 10
56.83364376947969
 20
-0.0791940334559342
 30
0.0
 41
1.0
 10
55.98423639896156
 20
-0.0791940334559335
 30
0.0
 41
0.7071067811865476
 10
55.98423639896163
 20
0.7702133370622732
 30
0.0
 41
1.0
  0
SPLINE
  5
74
330
1F
100
AcDbEntity
  8
inside2
100
AcDbSpline
210
0.0
220
0.0
230
1.0
 70
    15
 71
     2
 72
    12
 73
     9
 74
     0
 42
0.0000000001
 43
0.0000000001
 40
0.0
 40
0.0
 40
0.0
 40
1.334245977562504
 40
1.334245977562504
 40
2.668491955125007
 40
2.668491955125007
 40
4.002737932687511
 40
4.002737932687511
 40
5.336983910250014
 40
5.336983910250014
 40
5.336983910250014
 10
55.98423639896163
 20
-1.768015746603808
 30
0.0
 41
1.0
 10
55.98423639896156
 20
-0.9186083760855974
 30
0.0
 41
0.7071067811865476
 10
56.83364376947969
 20
-0.9186083760856008
 30
0.0
 41
1.0
 10
57.6830511399979
 20
-0.9186083760855974
 30
0.0
 41
0.7071067811865476
 10
57.68305113999799
 20
-1.768015746603808
 30
0.0
 41
1.0
 10
57.6830511399979
 20
-2.617423117122016
 30
0.0
 41
0.7071067811865476
 10
56.83364376947969
 20
-2.617423117122016
 30
0.0
 41
1.0
 10
55.98423639896156
 20
-2.617423117122016
 30
0.0
 41
0.7071067811865476
 10
55.98423639896163
 20
-1.768015746603808
 30
0.0
 41
1.0
  0
SPLINE
  5
75
330
1F
100
AcDbEntity
  8
inside2
100
AcDbSpline
210
0.0
220
0.0
230
1.0
 70
    15
 71
     2
 72
    12
 73
     9
 74
     0
 42
0.0000000001
 43
0.0000000001
 40
0.0
 40
0.0
 40
0.0
 40
1.334245977562504
 40
1.334245977562504
 40
2.668491955125007
 40
2.668491955125007
 40
4.002737932687511
 40
4.002737932687511
 40
5.336983910250014
 40
5.336983910250014
 40
5.336983910250014
 10
55.98423639896163
 20
-4.306244830269904
 30
0.0
 41
1.0
 10
55.98423639896156
 20
-3.45683745975169
 30
0.0
 41
0.7071067811865476
 10
56.83364376947969
 20
-3.456837459751696
 30
0.0
 41
1.0
 10
57.6830511399979
 20
-3.45683745975169
 30
0.0
 41
0.7071067811865476
 10
57.68305113999799
 20
-4.306244830269904
 30
0.0
 41
1.0
 10
57.6830511399979
 20
-5.155652200788109
 30
0.0
 41
0.7071067811865476
 10
56.83364376947969
 20
-5.155652200788111
 30
0.0
 41
1.0
 10
55.98423639896156
 20
-5.155652200788109
 30
0.0
 41
0.7071067811865476
 10
55.98423639896163
 20
-4.306244830269904
 30
0.0
 41
1.0
  0
SPLINE
  5
76
330
1F
100
AcDbEntity
  8
inside2
100
AcDbSpline
210
0.0
220
0.0
230
1.0
 70
    15
 71
     2
 72
    12
 73
     9
 74
     0
 42
0.0000000001
 43
0.0000000001
 40
0.0
 40
0.0
 40
0.0
 40
1.334245977562504
 40
1.334245977562504
 40
2.668491955125007
 40
2.668491955125007
 40
4.002737932687511
 40
4.002737932687511
 40
5.336983910250014
 40
5.336983910250014
 40
5.336983910250014
 10
55.98423639896163
 20
5.84667150439445
 30
0.0
 41
1.0
 10
55.98423639896156
 20
6.69607887491265
 30
0.0
 41
0.7071067811865476
 10
56.83364376947969
 20
6.696078874912651
 30
0.0
 41
1.0
 10
57.6830511399979
 20
6.69607887491265
 30
0.0
 41
0.7071067811865476
 10
57.68305113999799
 20
5.84667150439445
 30
0.0
 41
1.0
 10
57.6830511399979
 20
4.997264133876242
 30
0.0
 41
0.7071067811865476
 10
56.83364376947969
 20
4.997264133876243
 30
0.0
 41
1.0
 10
55.98423639896156
 20
4.997264133876242
 30
0.0
 41
0.7071067811865476
 10
55.98423639896163
 20
5.84667150439445
 30
0.0
 41
1.0
  0
SPLINE
  5
77
330
1F
100
AcDbEntity
  8
inside2
100
AcDbSpline
210
0.0
220
0.0
230
1.0
 70
    15
 71
     2
 72
    12
 73
     9
 74
     0
 42
0.0000000001
 43
0.0000000001
 40
0.0
 40
0.0
 40
0.0
 40
1.334245977562504
 40
1.334245977562504
 40
2.668491955125007
 40
2.668491955125007
 40
4.002737932687511
 40
4.002737932687511
 40
5.336983910250014
 40
5.336983910250014
 40
5.336983910250014
 10
55.98423639896163
 20
3.308442420728369
 30
0.0
 41
1.0
 10
55.98423639896156
 20
4.157849791246577
 30
0.0
 41
0.7071067811865476
 10
56.83364376947969
 20
4.157849791246576
 30
0.0
 41
1.0
 10
57.6830511399979
 20
4.157849791246577
 30
0.0
 41
0.7071067811865476
 10
57.68305113999799
 20
3.308442420728369
 30
0.0
 41
1.0
 10
57.6830511399979
 20
2.459035050210159
 30
0.0
 41
0.7071067811865476
 10
56.83364376947969
 20
2.459035050210161
 30
0.0
 41
1.0
 10
55.98423639896156
 20
2.459035050210159
 30
0.0
 41
0.7071067811865476
 10
55.98423639896163
 20
3.308442420728369
 30
0.0
 41
1.0
  0
POLYLINE
  5
79
330
1F
100
AcDbEntity
  8
inside2_B
100
AcDb2dPolyline
 66
     1
 10
0.0
 20
0.0
 30
0.0
  0
VERTEX
  5
7A
330
79
100
AcDbEntity
  8
inside2_B
100
AcDbVertex
100
AcDb2dVertex
 10
-74.71155364687257
 20
3.132435702326006
 30
0.0
  0
VERTEX
  5
7B
330
79
100
AcDbEntity
  8
inside2_B
100
AcDbVertex
100
AcDb2dVertex
 10
-75.88953040936514
 20
3.132633876329066
 30
0.0
  0
VERTEX
  5
7C
330
79
100
AcDbEntity
  8
inside2_B
100
AcDbVertex
100
AcDb2dVertex
 10
-78.09271294621618
 20
3.130133724543555
 30
0.0
  0
VERTEX
  5
7D
330
79
100
AcDbEntity
  8
inside2_B
100
AcDbVertex
100
AcDb2dVertex
 10
-80.29612361031042
 20
3.1260402343528
 30
0.0
  0
VERTEX
  5
7E
330
79
100
AcDbEntity
  8
inside2_B
100
AcDbVertex
100
AcDb2dVertex
 10
-82.49955934773044
 20
3.12034591254492
 30
0.0
  0
VERTEX
  5
7F
330
79
100
AcDbEntity
  8
inside2_B
100
AcDbVertex
100
AcDb2dVertex
 10
-84.7029806612673
 20
3.113149872662888
 30
0.0
  0
VERTEX
  5
80
330
79
100
AcDbEntity
  8
inside2_B
100
AcDbVertex
100
AcDb2dVertex
 10
-86.90642788185988
 20
3.104360599221451
 30
0.0
  0
VERTEX
  5
81
330
79
100
AcDbEntity
  8
inside2_B
100
AcDbVertex
100
AcDb2dVertex
 10
-89.10985903953616
 20
3.0941687048294
 30
0.0
  0
VERTEX
  5
82
330
79
100
AcDbEntity
  8
inside2_B
100
AcDbVertex
100
AcDb2dVertex
 10
-91.31330620734735
 20
3.082375985238585
 30
0.0
  0
VERTEX
  5
83
330
79
100
AcDbEntity
  8
inside2_B
100
AcDbVertex
100
AcDb2dVertex
 10
-93.51667954344879
 20
3.069188067056132
 30
0.0
  0
VERTEX
  5
84
330
79
100
AcDbEntity
  8
inside2_B
100
AcDbVertex
100
AcDb2dVertex
 10
-95.27948553873324
 20
3.057601190892527
 30
0.0
  0
VERTEX
  5
85
330
79
100
AcDbEntity
  8
inside2_B
100
AcDbVertex
100
AcDb2dVertex
 10
-97.042112766981
 20
3.045107046568845
 30
0.0
  0
VERTEX
  5
86
330
79
100
AcDbEntity
  8
inside2_B
100
AcDbVertex
100
AcDb2dVertex
 10
-98.80484680118326
 20
3.031721007232505
 30
0.0
  0
VERTEX
  5
87
330
79
100
AcDbEntity
  8
inside2_B
100
AcDbVertex
100
AcDb2dVertex
 10
-100.5674606689564
 20
3.017427936435041
 30
0.0
  0
VERTEX
  5
88
330
79
100
AcDbEntity
  8
inside2_B
100
AcDbVertex
100
AcDb2dVertex
 10
-102.3300889971109
 20
3.002143754006099
 30
0.0
  0
VERTEX
  5
89
330
79
100
AcDbEntity
  8
inside2_B
100
AcDbVertex
100
AcDb2dVertex
 10
-104.0927429497137
 20
2.986058919213889
 30
0.0
  0
VERTEX
  5
8A
330
79
100
AcDbEntity
  8
inside2_B
100
AcDbVertex
100
AcDb2dVertex
 10
-105.8553834478146
 20
2.969173783141102
 30
0.0
  0
VERTEX
  5
8B
330
79
100
AcDbEntity
  8
inside2_B
100
AcDbVertex
100
AcDb2dVertex
 10
-107.6179113654954
 20
2.951389258910211
 30
0.0
  0
VERTEX
  5
8C
330
79
100
AcDbEntity
  8
inside2_B
100
AcDbVertex
100
AcDb2dVertex
 10
-109.3803537660359
 20
2.932705073390764
 30
0.0
  0
VERTEX
  5
8D
330
79
100
AcDbEntity
  8
inside2_B
100
AcDbVertex
100
AcDb2dVertex
 10
-111.1428952703841
 20
2.913220463726375
 30
0.0
  0
VERTEX
  5
8E
330
79
100
AcDbEntity
  8
inside2_B
100
AcDbVertex
100
AcDb2dVertex
 10
-112.9053373579248
 20
2.892836333491317
 30
0.0
  0
VERTEX
  5
8F
330
79
100
AcDbEntity
  8
inside2_B
100
AcDbVertex
100
AcDb2dVertex
 10
-114.6676937881268
 20
2.871651617702966
 30
0.0
  0
VERTEX
  5
90
330
79
100
AcDbEntity
  8
inside2_B
100
AcDbVertex
100
AcDb2dVertex
 10
-116.43004361743
 20
2.849666459094607
 30
0.0
  0
VERTEX
  5
91
330
79
100
AcDbEntity
  8
inside2_B
100
AcDbVertex
100
AcDb2dVertex
 10
-118.1923019682769
 20
2.826888493111142
 30
0.0
  0
VERTEX
  5
92
330
79
100
AcDbEntity
  8
inside2_B
100
AcDbVertex
100
AcDb2dVertex
 10
-119.9545725777583
 20
2.803309932579907
 30
0.0
  0
VERTEX
  5
93
330
79
100
AcDbEntity
  8
inside2_B
100
AcDbVertex
100
AcDb2dVertex
 10
-121.7167231373277
 20
2.779030221160752
 30
0.0
  0
VERTEX
  5
94
330
79
100
AcDbEntity
  8
inside2_B
100
AcDbVertex
100
AcDb2dVertex
 10
-123.4788813065227
 20
2.753850979025032
 30
0.0
  0
VERTEX
  5
95
330
79
100
AcDbEntity
  8
inside2_B
100
AcDbVertex
100
AcDb2dVertex
 10
-125.2409458602124
 20
2.72797021517647
 30
0.0
  0
VERTEX
  5
96
330
79
100
AcDbEntity
  8
inside2_B
100
AcDbVertex
100
AcDb2dVertex
 10
-127.0029199309901
 20
2.701289000258129
 30
0.0
  0
VERTEX
  5
97
330
79
100
AcDbEntity
  8
inside2_B
100
AcDbVertex
100
AcDb2dVertex
 10
-128.7648143060802
 20
2.67391365378748
 30
0.0
  0
VERTEX
  5
98
330
79
100
AcDbEntity
  8
inside2_B
100
AcDbVertex
100
AcDb2dVertex
 10
-129.6457636868416
 20
2.659925611338181
 30
0.0
  0
VERTEX
  5
99
330
79
100
AcDbEntity
  8
inside2_B
100
AcDbVertex
100
AcDb2dVertex
 10
-130.5266660205727
 20
2.645738534905092
 30
0.0
  0
VERTEX
  5
9A
330
79
100
AcDbEntity
  8
inside2_B
100
AcDbVertex
100
AcDb2dVertex
 10
-131.4075441759199
 20
2.63144512373205
 30
0.0
  0
VERTEX
  5
9B
330
79
100
AcDbEntity
  8
inside2_B
100
AcDbVertex
100
AcDb2dVertex
 10
-132.2884223664464
 20
2.616862032176869
 30
0.0
  0
VERTEX
  5
9C
330
79
100
AcDbEntity
  8
inside2_B
100
AcDbVertex
100
AcDb2dVertex
 10
-133.1693322995439
 20
2.602171814260743
 30
0.0
  0
VERTEX
  5
9D
330
79
100
AcDbEntity
  8
inside2_B
100
AcDbVertex
100
AcDb2dVertex
 10
-134.0501379625444
 20
2.587283347410832
 30
0.0
  0
VERTEX
  5
9E
330
79
100
AcDbEntity
  8
inside2_B
100
AcDbVertex
100
AcDb2dVertex
 10
-134.9310427643626
 20
2.572295775990128
 30
0.0
  0
VERTEX
  5
9F
330
79
100
AcDbEntity
  8
inside2_B
100
AcDbVertex
100
AcDb2dVertex
 10
-135.8118192961793
 20
2.557110499450587
 30
0.0
  0
VERTEX
  5
A0
330
79
100
AcDbEntity
  8
inside2_B
100
AcDbVertex
100
AcDb2dVertex
 10
-136.69262290033
 20
2.54171892530502
 30
0.0
  0
VERTEX
  5
A1
330
79
100
AcDbEntity
  8
inside2_B
100
AcDbVertex
100
AcDb2dVertex
 10
-137.5734230177819
 20
2.526228174660986
 30
0.0
  0
VERTEX
  5
A2
330
79
100
AcDbEntity
  8
inside2_B
100
AcDbVertex
100
AcDb2dVertex
 10
-138.4542282680794
 20
2.510546883334499
 30
0.0
  0
VERTEX
  5
A3
330
79
100
AcDbEntity
  8
inside2_B
100
AcDbVertex
100
AcDb2dVertex
 10
-139.3349327975537
 20
2.494758893682373
 30
0.0
  0
VERTEX
  5
A4
330
79
100
AcDbEntity
  8
inside2_B
100
AcDbVertex
100
AcDb2dVertex
 10
-140.2157656216592
 20
2.478772166729371
 30
0.0
  0
VERTEX
  5
A5
330
79
100
AcDbEntity
  8
inside2_B
100
AcDbVertex
100
AcDb2dVertex
 10
-140.656104322839
 20
2.470775571980766
 30
0.0
  0
VERTEX
  5
A6
330
79
100
AcDbEntity
  8
inside2_B
100
AcDbVertex
100
AcDb2dVertex
 10
-141.0964403941718
 20
2.462679785616572
 30
0.0
  0
VERTEX
  5
A7
330
79
100
AcDbEntity
  8
inside2_B
100
AcDbVertex
100
AcDb2dVertex
 10
-141.5367883407314
 20
2.454591544228279
 30
0.0
  0
VERTEX
  5
A8
330
79
100
AcDbEntity
  8
inside2_B
100
AcDbVertex
100
AcDb2dVertex
 10
-141.9771203109771
 20
2.446396733224461
 30
0.0
  0
VERTEX
  5
A9
330
79
100
AcDbEntity
  8
inside2_B
100
AcDbVertex
100
AcDb2dVertex
 10
-142.417509768619
 20
2.438200852349766
 30
0.0
  0
VERTEX
  5
AA
330
79
100
AcDbEntity
  8
inside2_B
100
AcDbVertex
100
AcDb2dVertex
 10
-142.8579070029712
 20
2.430004968634478
 30
0.0
  0
VERTEX
  5
AB
330
79
100
AcDbEntity
  8
inside2_B
100
AcDbVertex
100
AcDb2dVertex
 10
-143.2982471751906
 20
2.421810004987549
 30
0.0
  0
VERTEX
  5
AC
330
79
100
AcDbEntity
  8
inside2_B
100
AcDbVertex
100
AcDb2dVertex
 10
-143.7385376364417
 20
2.413524641588552
 30
0.0
  0
VERTEX
  5
AD
330
79
100
AcDbEntity
  8
inside2_B
100
AcDbVertex
100
AcDb2dVertex
 10
-144.1789229933228
 20
2.405130612920942
 30
0.0
  0
VERTEX
  5
AE
330
79
100
AcDbEntity
  8
inside2_B
100
AcDbVertex
100
AcDb2dVertex
 10
-144.619320075043
 20
2.396835619068185
 30
0.0
  0
VERTEX
  5
AF
330
79
100
AcDbEntity
  8
inside2_B
100
AcDbVertex
100
AcDb2dVertex
 10
-145.0596561456228
 20
2.388442529829248
 30
0.0
  0
VERTEX
  5
B0
330
79
100
AcDbEntity
  8
inside2_B
100
AcDbVertex
100
AcDb2dVertex
 10
-145.4999923729269
 20
2.380049437603049
 30
0.0
  0
VERTEX
  5
B1
330
79
100
AcDbEntity
  8
inside2_B
100
AcDbVertex
100
AcDb2dVertex
 10
-145.9403362246608
 20
2.371557244354108
 30
0.0
  0
VERTEX
  5
B2
330
79
100
AcDbEntity
  8
inside2_B
100
AcDbVertex
100
AcDb2dVertex
 10
-146.3806161512569
 20
2.363056601500944
 30
0.0
  0
VERTEX
  5
B3
330
79
100
AcDbEntity
  8
inside2_B
100
AcDbVertex
100
AcDb2dVertex
 10
-146.8209702633197
 20
2.354564210263248
 30
0.0
  0
VERTEX
  5
B4
330
79
100
AcDbEntity
  8
inside2_B
100
AcDbVertex
100
AcDb2dVertex
 10
-147.2613586135092
 20
2.345971899083708
 30
0.0
  0
VERTEX
  5
B5
330
79
100
AcDbEntity
  8
inside2_B
100
AcDbVertex
100
AcDb2dVertex
 10
-147.7016490381652
 20
2.337478677731895
 30
0.0
  0
VERTEX
  5
B6
330
79
100
AcDbEntity
  8
inside2_B
100
AcDbVertex
100
AcDb2dVertex
 10
-148.1419364312526
 20
2.328888485016549
 30
0.0
  0
VERTEX
  5
B7
330
79
100
AcDbEntity
  8
inside2_B
100
AcDbVertex
100
AcDb2dVertex
 10
-148.5822684005963
 20
2.320190550750311
 30
0.0
  0
VERTEX
  5
B8
330
79
100
AcDbEntity
  8
inside2_B
100
AcDbVertex
100
AcDb2dVertex
 10
-149.0225726277923
 20
2.31149898140275
 30
0.0
  0
VERTEX
  5
B9
330
79
100
AcDbEntity
  8
inside2_B
100
AcDbVertex
100
AcDb2dVertex
 10
-149.4629640281251
 20
2.302807497293387
 30
0.0
  0
VERTEX
  5
BA
330
79
100
AcDbEntity
  8
inside2_B
100
AcDbVertex
100
AcDb2dVertex
 10
-149.90324406516
 20
2.294108630994984
 30
0.0
  0
VERTEX
  5
BB
330
79
100
AcDbEntity
  8
inside2_B
100
AcDbVertex
100
AcDb2dVertex
 10
-150.3435971638528
 20
2.28541805314039
 30
0.0
  0
VERTEX
  5
BC
330
79
100
AcDbEntity
  8
inside2_B
100
AcDbVertex
100
AcDb2dVertex
 10
-150.7837767964309
 20
2.276629704805103
 30
0.0
  0
VERTEX
  5
BD
330
79
100
AcDbEntity
  8
inside2_B
100
AcDbVertex
100
AcDb2dVertex
 10
-151.2241738781474
 20
2.267732409009042
 30
0.0
  0
VERTEX
  5
BE
330
79
100
AcDbEntity
  8
inside2_B
100
AcDbVertex
100
AcDb2dVertex
 10
-151.6644641399812
 20
2.258941851919971
 30
0.0
  0
VERTEX
  5
BF
330
79
100
AcDbEntity
  8
inside2_B
100
AcDbVertex
100
AcDb2dVertex
 10
-152.1048536794593
 20
2.250044554470563
 30
0.0
  0
VERTEX
  5
C0
330
79
100
AcDbEntity
  8
inside2_B
100
AcDbVertex
100
AcDb2dVertex
 10
-152.5450972530135
 20
2.241255081728809
 30
0.0
  0
VERTEX
  5
C1
330
79
100
AcDbEntity
  8
inside2_B
100
AcDbVertex
100
AcDb2dVertex
 10
-152.9853352740234
 20
2.232259742078753
 30
0.0
  0
VERTEX
  5
C2
330
79
100
AcDbEntity
  8
inside2_B
100
AcDbVertex
100
AcDb2dVertex
 10
-153.425724815457
 20
2.223370068666497
 30
0.0
  0
VERTEX
  5
C3
330
79
100
AcDbEntity
  8
inside2_B
100
AcDbVertex
100
AcDb2dVertex
 10
-153.8659643729
 20
2.214374853383944
 30
0.0
  0
VERTEX
  5
C4
330
79
100
AcDbEntity
  8
inside2_B
100
AcDbVertex
100
AcDb2dVertex
 10
-154.3062545499628
 20
2.205378448034409
 30
0.0
  0
VERTEX
  5
C5
330
79
100
AcDbEntity
  8
inside2_B
100
AcDbVertex
100
AcDb2dVertex
 10
-154.7464968647901
 20
2.196390643821715
 30
0.0
  0
VERTEX
  5
C6
330
79
100
AcDbEntity
  8
inside2_B
100
AcDbVertex
100
AcDb2dVertex
 10
-155.1868898452042
 20
2.187295206773825
 30
0.0
  0
VERTEX
  5
C7
330
79
100
AcDbEntity
  8
inside2_B
100
AcDbVertex
100
AcDb2dVertex
 10
-155.6271790040041
 20
2.178298822230389
 30
0.0
  0
VERTEX
  5
C8
330
79
100
AcDbEntity
  8
inside2_B
100
AcDbVertex
100
AcDb2dVertex
 10
-156.0674160318986
 20
2.169204401896565
 30
0.0
  0
VERTEX
  5
C9
330
79
100
AcDbEntity
  8
inside2_B
100
AcDbVertex
100
AcDb2dVertex
 10
-156.5076648702646
 20
2.160117518213085
 30
0.0
  0
VERTEX
  5
CA
330
79
100
AcDbEntity
  8
inside2_B
100
AcDbVertex
100
AcDb2dVertex
 10
-156.9479521302086
 20
2.150922947901535
 30
0.0
  0
VERTEX
  5
CB
330
79
100
AcDbEntity
  8
inside2_B
100
AcDbVertex
100
AcDb2dVertex
 10
-157.3883416734532
 20
2.141827424381447
 30
0.0
  0
VERTEX
  5
CC
330
79
100
AcDbEntity
  8
inside2_B
100
AcDbVertex
100
AcDb2dVertex
 10
-157.8285853106859
 20
2.132633924242867
 30
0.0
  0
VERTEX
  5
CD
330
79
100
AcDbEntity
  8
inside2_B
100
AcDbVertex
100
AcDb2dVertex
 10
-158.2688221685028
 20
2.123440406484818
 30
0.0
  0
VERTEX
  5
CE
330
79
100
AcDbEntity
  8
inside2_B
100
AcDbVertex
100
AcDb2dVertex
 10
-158.7091166999426
 20
2.11414657040126
 30
0.0
  0
VERTEX
  5
CF
330
79
100
AcDbEntity
  8
inside2_B
100
AcDbVertex
100
AcDb2dVertex
 10
-159.1494146686818
 20
2.104959559746362
 30
0.0
  0
VERTEX
  5
D0
330
79
100
AcDbEntity
  8
inside2_B
100
AcDbVertex
100
AcDb2dVertex
 10
-159.5896475113447
 20
2.095667025803394
 30
0.0
  0
VERTEX
  5
D1
330
79
100
AcDbEntity
  8
inside2_B
100
AcDbVertex
100
AcDb2dVertex
 10
-160.0299378560086
 20
2.086373278095252
 30
0.0
  0
VERTEX
  5
D2
330
79
100
AcDbEntity
  8
inside2_B
100
AcDbVertex
100
AcDb2dVertex
 10
-160.470235997881
 20
2.077079526732604
 30
0.0
  0
VERTEX
  5
D3
330
79
100
AcDbEntity
  8
inside2_B
100
AcDbVertex
100
AcDb2dVertex
 10
-160.9104728546932
 20
2.067786908058039
 30
0.0
  0
VERTEX
  5
D4
330
79
100
AcDbEntity
  8
inside2_B
100
AcDbVertex
100
AcDb2dVertex
 10
-161.3507632859043
 20
2.058394045525546
 30
0.0
  0
VERTEX
  5
D5
330
79
100
AcDbEntity
  8
inside2_B
100
AcDbVertex
100
AcDb2dVertex
 10
-161.7910612546435
 20
2.049100297817404
 30
0.0
  0
VERTEX
  5
D6
330
79
100
AcDbEntity
  8
inside2_B
100
AcDbVertex
100
AcDb2dVertex
 10
-162.2312981982151
 20
2.039708576354542
 30
0.0
  0
VERTEX
  5
D7
330
79
100
AcDbEntity
  8
inside2_B
100
AcDbVertex
100
AcDb2dVertex
 10
-162.6715312162477
 20
2.030309315482924
 30
0.0
  0
VERTEX
  5
D8
330
79
100
AcDbEntity
  8
inside2_B
100
AcDbVertex
100
AcDb2dVertex
 10
-163.1118332860526
 20
2.020817253407685
 30
0.0
  0
VERTEX
  5
D9
330
79
100
AcDbEntity
  8
inside2_B
100
AcDbVertex
100
AcDb2dVertex
 10
-163.5521768562822
 20
2.011423257242797
 30
0.0
  0
VERTEX
  5
DA
330
79
100
AcDbEntity
  8
inside2_B
100
AcDbVertex
100
AcDb2dVertex
 10
-163.9923137247945
 20
2.002031556559984
 30
0.0
  0
VERTEX
  5
DB
330
79
100
AcDbEntity
  8
inside2_B
100
AcDbVertex
100
AcDb2dVertex
 10
-164.4325596058
 20
1.992540705806718
 30
0.0
  0
VERTEX
  5
DC
330
79
100
AcDbEntity
  8
inside2_B
100
AcDbVertex
100
AcDb2dVertex
 10
-164.8728497736431
 20
1.983048735954469
 30
0.0
  0
VERTEX
  5
DD
330
79
100
AcDbEntity
  8
inside2_B
100
AcDbVertex
100
AcDb2dVertex
 10
-165.313140118307
 20
1.973556762290301
 30
0.0
  0
VERTEX
  5
DE
330
79
100
AcDbEntity
  8
inside2_B
100
AcDbVertex
100
AcDb2dVertex
 10
-165.7533769496675
 20
1.96405840130835
 30
0.0
  0
VERTEX
  5
DF
330
79
100
AcDbEntity
  8
inside2_B
100
AcDbVertex
100
AcDb2dVertex
 10
-166.1936751631827
 20
1.954467226295108
 30
0.0
  0
VERTEX
  5
E0
330
79
100
AcDbEntity
  8
inside2_B
100
AcDbVertex
100
AcDb2dVertex
 10
-166.6339643462712
 20
1.944975277672683
 30
0.0
  0
VERTEX
  5
E1
330
79
100
AcDbEntity
  8
inside2_B
100
AcDbVertex
100
AcDb2dVertex
 10
-167.0741049600921
 20
1.935385376963666
 30
0.0
  0
VERTEX
  5
E2
330
79
100
AcDbEntity
  8
inside2_B
100
AcDbVertex
100
AcDb2dVertex
 10
-167.514389336626
 20
1.925786796319031
 30
0.0
  0
VERTEX
  5
E3
330
79
100
AcDbEntity
  8
inside2_B
100
AcDbVertex
100
AcDb2dVertex
 10
-167.9546917846001
 20
1.916195528992475
 30
0.0
  0
VERTEX
  5
E4
330
79
100
AcDbEntity
  8
inside2_B
100
AcDbVertex
100
AcDb2dVertex
 10
-168.3949859413212
 20
1.906604442349845
 30
0.0
  0
VERTEX
  5
E5
330
79
100
AcDbEntity
  8
inside2_B
100
AcDbVertex
100
AcDb2dVertex
 10
-168.8351665566469
 20
1.897005963011395
 30
0.0
  0
VERTEX
  5
E6
330
79
100
AcDbEntity
  8
inside2_B
100
AcDbVertex
100
AcDb2dVertex
 10
-169.2754179725742
 20
1.887415807287951
 30
0.0
  0
VERTEX
  5
E7
330
79
100
AcDbEntity
  8
inside2_B
100
AcDbVertex
100
AcDb2dVertex
 10
-169.7157042163597
 20
1.877725697922557
 30
0.0
  0
VERTEX
  5
E8
330
79
100
AcDbEntity
  8
inside2_B
100
AcDbVertex
100
AcDb2dVertex
 10
-170.1559971994581
 20
1.868127012790467
 30
0.0
  0
VERTEX
  5
E9
330
79
100
AcDbEntity
  8
inside2_B
100
AcDbVertex
100
AcDb2dVertex
 10
-170.5961380016432
 20
1.858437923305786
 30
0.0
  0
VERTEX
  5
EA
330
79
100
AcDbEntity
  8
inside2_B
100
AcDbVertex
100
AcDb2dVertex
 10
-171.0364345957731
 20
1.848747670035237
 30
0.0
  0
VERTEX
  5
EB
330
79
100
AcDbEntity
  8
inside2_B
100
AcDbVertex
100
AcDb2dVertex
 10
-171.4767205507006
 20
1.839050026919267
 30
0.0
  0
VERTEX
  5
EC
330
79
100
AcDbEntity
  8
inside2_B
100
AcDbVertex
100
AcDb2dVertex
 10
-171.9170190068667
 20
1.829359648706301
 30
0.0
  0
VERTEX
  5
ED
330
79
100
AcDbEntity
  8
inside2_B
100
AcDbVertex
100
AcDb2dVertex
 10
-172.3572035900976
 20
1.819662055347763
 30
0.0
  0
VERTEX
  5
EE
330
79
100
AcDbEntity
  8
inside2_B
100
AcDbVertex
100
AcDb2dVertex
 10
-172.7975043952419
 20
1.809971625390901
 30
0.0
  0
VERTEX
  5
EF
330
79
100
AcDbEntity
  8
inside2_B
100
AcDbVertex
100
AcDb2dVertex
 10
-173.2377412301601
 20
1.800282687335283
 30
0.0
  0
VERTEX
  5
F0
330
79
100
AcDbEntity
  8
inside2_B
100
AcDbVertex
100
AcDb2dVertex
 10
-173.6780341681823
 20
1.7904857777785
 30
0.0
  0
VERTEX
  5
F1
330
79
100
AcDbEntity
  8
inside2_B
100
AcDbVertex
100
AcDb2dVertex
 10
-174.1182253998674
 20
1.78079557815829
 30
0.0
  0
VERTEX
  5
F2
330
79
100
AcDbEntity
  8
inside2_B
100
AcDbVertex
100
AcDb2dVertex
 10
-174.5585207752484
 20
1.770998614368125
 30
0.0
  0
VERTEX
  5
F3
330
79
100
AcDbEntity
  8
inside2_B
100
AcDbVertex
100
AcDb2dVertex
 10
-174.9988136998315
 20
1.761308441864941
 30
0.0
  0
VERTEX
  5
F4
330
79
100
AcDbEntity
  8
inside2_B
100
AcDbVertex
100
AcDb2dVertex
 10
-175.4389462877303
 20
1.751512810373001
 30
0.0
  0
VERTEX
  5
F5
330
79
100
AcDbEntity
  8
inside2_B
100
AcDbVertex
100
AcDb2dVertex
 10
-175.8792511102723
 20
1.741723260514931
 30
0.0
  0
VERTEX
  5
F6
330
79
100
AcDbEntity
  8
inside2_B
100
AcDbVertex
100
AcDb2dVertex
 10
-176.3195331620672
 20
1.731926508294166
 30
0.0
  0
VERTEX
  5
F7
330
79
100
AcDbEntity
  8
inside2_B
100
AcDbVertex
100
AcDb2dVertex
 10
-176.7597844780083
 20
1.722135944244698
 30
0.0
  0
VERTEX
  5
F8
330
79
100
AcDbEntity
  8
inside2_B
100
AcDbVertex
100
AcDb2dVertex
 10
-177.2000226975995
 20
1.712439268654734
 30
0.0
  0
VERTEX
  5
F9
330
79
100
AcDbEntity
  8
inside2_B
100
AcDbVertex
100
AcDb2dVertex
 10
-177.6402623567594
 20
1.702552067021344
 30
0.0
  0
VERTEX
  5
FA
330
79
100
AcDbEntity
  8
inside2_B
100
AcDbVertex
100
AcDb2dVertex
 10
-178.0805015658707
 20
1.692754062557853
 30
0.0
  0
VERTEX
  5
FB
330
79
100
AcDbEntity
  8
inside2_B
100
AcDbVertex
100
AcDb2dVertex
 10
-178.5208063884128
 20
1.682964512699769
 30
0.0
  0
VERTEX
  5
FC
330
79
100
AcDbEntity
  8
inside2_B
100
AcDbVertex
100
AcDb2dVertex
 10
-178.9610923434934
 20
1.673167758448642
 30
0.0
  0
VERTEX
  5
FD
330
79
100
AcDbEntity
  8
inside2_B
100
AcDbVertex
100
AcDb2dVertex
 10
-179.4012893144996
 20
1.663378318180193
 30
0.0
  0
VERTEX
  5
FE
330
79
100
AcDbEntity
  8
inside2_B
100
AcDbVertex
100
AcDb2dVertex
 10
-179.8415284763174
 20
1.653582605157041
 30
0.0
  0
VERTEX
  5
FF
330
79
100
AcDbEntity
  8
inside2_B
100
AcDbVertex
100
AcDb2dVertex
 10
-180.2818188210103
 20
1.643694179580137
 30
0.0
  0
VERTEX
  5
100
330
79
100
AcDbEntity
  8
inside2_B
100
AcDbVertex
100
AcDb2dVertex
 10
-180.7221622332655
 20
1.633896146926759
 30
0.0
  0
VERTEX
  5
101
330
79
100
AcDbEntity
  8
inside2_B
100
AcDbVertex
100
AcDb2dVertex
 10
-181.1623592042526
 20
1.62410670665875
 30
0.0
  0
VERTEX
  5
102
330
79
100
AcDbEntity
  8
inside2_B
100
AcDbVertex
100
AcDb2dVertex
 10
-181.6025984120814
 20
1.614310992611792
 30
0.0
  0
VERTEX
  5
103
330
79
100
AcDbEntity
  8
inside2_B
100
AcDbVertex
100
AcDb2dVertex
 10
-182.0428913366915
 20
1.604422594706676
 30
0.0
  0
VERTEX
  5
104
330
79
100
AcDbEntity
  8
inside2_B
100
AcDbVertex
100
AcDb2dVertex
 10
-182.4830784676356
 20
1.594625749299695
 30
0.0
  0
VERTEX
  5
105
330
79
100
AcDbEntity
  8
inside2_B
100
AcDbVertex
100
AcDb2dVertex
 10
-182.9233779572431
 20
1.584729579785815
 30
0.0
  0
VERTEX
  5
106
330
79
100
AcDbEntity
  8
inside2_B
100
AcDbVertex
100
AcDb2dVertex
 10
-183.3637295250779
 20
1.574938990732932
 30
0.0
  0
VERTEX
  5
107
330
79
100
AcDbEntity
  8
inside2_B
100
AcDbVertex
100
AcDb2dVertex
 10
-183.803862113447
 20
1.565143359110436
 30
0.0
  0
VERTEX
  5
108
330
79
100
AcDbEntity
  8
inside2_B
100
AcDbVertex
100
AcDb2dVertex
 10
-184.2441574566173
 20
1.555254906887654
 30
0.0
  0
VERTEX
  5
109
330
79
100
AcDbEntity
  8
inside2_B
100
AcDbVertex
100
AcDb2dVertex
 10
-184.6844478012812
 20
1.545457970214173
 30
0.0
  0
VERTEX
  5
10A
330
79
100
AcDbEntity
  8
inside2_B
100
AcDbVertex
100
AcDb2dVertex
 10
-185.1247407715327
 20
1.535569571284029
 30
0.0
  0
VERTEX
  5
10B
330
79
100
AcDbEntity
  8
inside2_B
100
AcDbVertex
100
AcDb2dVertex
 10
-185.5649799806441
 20
1.525771566820538
 30
0.0
  0
VERTEX
  5
10C
330
79
100
AcDbEntity
  8
inside2_B
100
AcDbVertex
100
AcDb2dVertex
 10
-186.005227392064
 20
1.51598329341688
 30
0.0
  0
VERTEX
  5
10D
330
79
100
AcDbEntity
  8
inside2_B
100
AcDbVertex
100
AcDb2dVertex
 10
-186.4455215031801
 20
1.506087244789953
 30
0.0
  0
VERTEX
  5
10E
330
79
100
AcDbEntity
  8
inside2_B
100
AcDbVertex
100
AcDb2dVertex
 10
-186.8858692134073
 20
1.49629665673919
 30
0.0
  0
VERTEX
  5
10F
330
79
100
AcDbEntity
  8
inside2_B
100
AcDbVertex
100
AcDb2dVertex
 10
-187.3261019493476
 20
1.486501086662855
 30
0.0
  0
VERTEX
  5
110
330
79
100
AcDbEntity
  8
inside2_B
100
AcDbVertex
100
AcDb2dVertex
 10
-187.7663989756629
 20
1.476604972513925
 30
0.0
  0
VERTEX
  5
111
330
79
100
AcDbEntity
  8
inside2_B
100
AcDbVertex
100
AcDb2dVertex
 10
-188.2066463873493
 20
1.466814410541446
 30
0.0
  0
VERTEX
  5
112
330
79
100
AcDbEntity
  8
inside2_B
100
AcDbVertex
100
AcDb2dVertex
 10
-188.6469348047311
 20
1.457017601538169
 30
0.0
  0
VERTEX
  5
113
330
79
100
AcDbEntity
  8
inside2_B
100
AcDbVertex
100
AcDb2dVertex
 10
-189.0872332598432
 20
1.447228108544678
 30
0.0
  0
VERTEX
  5
114
330
79
100
AcDbEntity
  8
inside2_B
100
AcDbVertex
100
AcDb2dVertex
 10
-189.5275193060873
 20
1.437431352266643
 30
0.0
  0
VERTEX
  5
115
330
79
100
AcDbEntity
  8
inside2_B
100
AcDbVertex
100
AcDb2dVertex
 10
-189.9678216644226
 20
1.427641857245774
 30
0.0
  0
VERTEX
  5
116
330
79
100
AcDbEntity
  8
inside2_B
100
AcDbVertex
100
AcDb2dVertex
 10
-190.4080022302226
 20
1.417845157833142
 30
0.0
  0
VERTEX
  5
117
330
79
100
AcDbEntity
  8
inside2_B
100
AcDbVertex
100
AcDb2dVertex
 10
-190.8483070527969
 20
1.408055607974347
 30
0.0
  0
VERTEX
  5
118
330
79
100
AcDbEntity
  8
inside2_B
100
AcDbVertex
100
AcDb2dVertex
 10
-191.2885891045918
 20
1.398258855753596
 30
0.0
  0
VERTEX
  5
119
330
79
100
AcDbEntity
  8
inside2_B
100
AcDbVertex
100
AcDb2dVertex
 10
-191.7288915541752
 20
1.388469358702352
 30
0.0
  0
VERTEX
  5
11A
330
79
100
AcDbEntity
  8
inside2_B
100
AcDbVertex
100
AcDb2dVertex
 10
-192.169177509243
 20
1.378672604451509
 30
0.0
  0
VERTEX
  5
11B
330
79
100
AcDbEntity
  8
inside2_B
100
AcDbVertex
100
AcDb2dVertex
 10
-192.6095252199955
 20
1.368882016319631
 30
0.0
  0
VERTEX
  5
11C
330
79
100
AcDbEntity
  8
inside2_B
100
AcDbVertex
100
AcDb2dVertex
 10
-193.0498194222631
 20
1.359184191620542
 30
0.0
  0
VERTEX
  5
11D
330
79
100
AcDbEntity
  8
inside2_B
100
AcDbVertex
100
AcDb2dVertex
 10
-193.4901176347307
 20
1.34939478884813
 30
0.0
  0
VERTEX
  5
11E
330
79
100
AcDbEntity
  8
inside2_B
100
AcDbVertex
100
AcDb2dVertex
 10
-193.9304038785522
 20
1.339704679481954
 30
0.0
  0
VERTEX
  5
11F
330
79
100
AcDbEntity
  8
inside2_B
100
AcDbVertex
100
AcDb2dVertex
 10
-194.3706980352529
 20
1.329907742808487
 30
0.0
  0
VERTEX
  5
120
330
79
100
AcDbEntity
  8
inside2_B
100
AcDbVertex
100
AcDb2dVertex
 10
-194.811045746841
 20
1.320216280619263
 30
0.0
  0
VERTEX
  5
121
330
79
100
AcDbEntity
  8
inside2_B
100
AcDbVertex
100
AcDb2dVertex
 10
-195.2513317920221
 20
1.310518635516942
 30
0.0
  0
VERTEX
  5
122
330
79
100
AcDbEntity
  8
inside2_B
100
AcDbVertex
100
AcDb2dVertex
 10
-195.69163415048
 20
1.300828255317612
 30
0.0
  0
VERTEX
  5
123
330
79
100
AcDbEntity
  8
inside2_B
100
AcDbVertex
100
AcDb2dVertex
 10
-196.1319162030609
 20
1.291130614190777
 30
0.0
  0
VERTEX
  5
124
330
79
100
AcDbEntity
  8
inside2_B
100
AcDbVertex
100
AcDb2dVertex
 10
-196.572218651845
 20
1.281440232001941
 30
0.0
  0
VERTEX
  5
125
330
79
100
AcDbEntity
  8
inside2_B
100
AcDbVertex
100
AcDb2dVertex
 10
-197.0125108574201
 20
1.271750033374474
 30
0.0
  0
VERTEX
  5
126
330
79
100
AcDbEntity
  8
inside2_B
100
AcDbVertex
100
AcDb2dVertex
 10
-197.4528542477709
 20
1.262051125199108
 30
0.0
  0
VERTEX
  5
127
330
79
100
AcDbEntity
  8
inside2_B
100
AcDbVertex
100
AcDb2dVertex
 10
-197.8931505767653
 20
1.252459949717178
 30
0.0
  0
VERTEX
  5
128
330
79
100
AcDbEntity
  8
inside2_B
100
AcDbVertex
100
AcDb2dVertex
 10
-198.3334399107812
 20
1.242769814288593
 30
0.0
  0
VERTEX
  5
129
330
79
100
AcDbEntity
  8
inside2_B
100
AcDbVertex
100
AcDb2dVertex
 10
-198.7738835760634
 20
1.233170005160176
 30
0.0
  0
VERTEX
  5
12A
330
79
100
AcDbEntity
  8
inside2_B
100
AcDbVertex
100
AcDb2dVertex
 10
-199.2141816599877
 20
1.223578791413871
 30
0.0
  0
VERTEX
  5
12B
330
79
100
AcDbEntity
  8
inside2_B
100
AcDbVertex
100
AcDb2dVertex
 10
-199.6544758613653
 20
1.21398770379848
 30
0.0
  0
VERTEX
  5
12C
330
79
100
AcDbEntity
  8
inside2_B
100
AcDbVertex
100
AcDb2dVertex
 10
-200.094759865449
 20
1.20438917279148
 30
0.0
  0
VERTEX
  5
12D
330
79
100
AcDbEntity
  8
inside2_B
100
AcDbVertex
100
AcDb2dVertex
 10
-200.535163703813
 20
1.194797855861722
 30
0.0
  0
VERTEX
  5
12E
330
79
100
AcDbEntity
  8
inside2_B
100
AcDbVertex
100
AcDb2dVertex
 10
-200.9755069004478
 20
1.185205659434715
 30
0.0
  0
VERTEX
  5
12F
330
79
100
AcDbEntity
  8
inside2_B
100
AcDbVertex
100
AcDb2dVertex
 10
-201.4157962345388
 20
1.175713748647425
 30
0.0
  0
VERTEX
  5
130
330
79
100
AcDbEntity
  8
inside2_B
100
AcDbVertex
100
AcDb2dVertex
 10
-201.8561895042173
 20
1.166115037930012
 30
0.0
  0
VERTEX
  5
131
330
79
100
AcDbEntity
  8
inside2_B
100
AcDbVertex
100
AcDb2dVertex
 10
-202.2965379845048
 20
1.156621852048431
 30
0.0
  0
VERTEX
  5
132
330
79
100
AcDbEntity
  8
inside2_B
100
AcDbVertex
100
AcDb2dVertex
 10
-202.7368302351876
 20
1.147129878384249
 30
0.0
  0
VERTEX
  5
133
330
79
100
AcDbEntity
  8
inside2_B
100
AcDbVertex
100
AcDb2dVertex
 10
-203.1771244360946
 20
1.137637903767057
 30
0.0
  0
VERTEX
  5
134
330
79
100
AcDbEntity
  8
inside2_B
100
AcDbVertex
100
AcDb2dVertex
 10
-203.6175702400305
 20
1.128144756719252
 30
0.0
  0
VERTEX
  5
135
330
79
100
AcDbEntity
  8
inside2_B
100
AcDbVertex
100
AcDb2dVertex
 10
-204.0578602966634
 20
1.118751983500459
 30
0.0
  0
VERTEX
  5
136
330
79
100
AcDbEntity
  8
inside2_B
100
AcDbVertex
100
AcDb2dVertex
 10
-204.4982516603233
 20
1.109252385761067
 30
0.0
  0
VERTEX
  5
137
330
79
100
AcDbEntity
  8
inside2_B
100
AcDbVertex
100
AcDb2dVertex
 10
-204.9386021036257
 20
1.099858324304478
 30
0.0
  0
VERTEX
  5
138
330
79
100
AcDbEntity
  8
inside2_B
100
AcDbVertex
100
AcDb2dVertex
 10
-205.3789976474941
 20
1.09046541510817
 30
0.0
  0
VERTEX
  5
139
330
79
100
AcDbEntity
  8
inside2_B
100
AcDbVertex
100
AcDb2dVertex
 10
-205.819287580242
 20
1.081072603865394
 30
0.0
  0
VERTEX
  5
13A
330
79
100
AcDbEntity
  8
inside2_B
100
AcDbVertex
100
AcDb2dVertex
 10
-206.2597364482438
 20
1.071678557353223
 30
0.0
  0
VERTEX
  5
13B
330
79
100
AcDbEntity
  8
inside2_B
100
AcDbVertex
100
AcDb2dVertex
 10
-206.7001810926316
 20
1.062383685241471
 30
0.0
  0
VERTEX
  5
13C
330
79
100
AcDbEntity
  8
inside2_B
100
AcDbVertex
100
AcDb2dVertex
 10
-207.1404208432927
 20
1.053091085933175
 30
0.0
  0
VERTEX
  5
13D
330
79
100
AcDbEntity
  8
inside2_B
100
AcDbVertex
100
AcDb2dVertex
 10
-207.5808655215297
 20
1.043697088130301
 30
0.0
  0
VERTEX
  5
13E
330
79
100
AcDbEntity
  8
inside2_B
100
AcDbVertex
100
AcDb2dVertex
 10
-208.0212129810873
 20
1.034501340280045
 30
0.0
  0
VERTEX
  5
13F
330
79
100
AcDbEntity
  8
inside2_B
100
AcDbVertex
100
AcDb2dVertex
 10
-208.4615521333563
 20
1.025208694408903
 30
0.0
  0
VERTEX
  5
140
330
79
100
AcDbEntity
  8
inside2_B
100
AcDbVertex
100
AcDb2dVertex
 10
-208.901998749054
 20
1.015913820924141
 30
0.0
  0
VERTEX
  5
141
330
79
100
AcDbEntity
  8
inside2_B
100
AcDbVertex
100
AcDb2dVertex
 10
-209.3424453218747
 20
1.006718073318453
 30
0.0
  0
VERTEX
  5
142
330
79
100
AcDbEntity
  8
inside2_B
100
AcDbVertex
100
AcDb2dVertex
 10
-209.7827435058604
 20
0.9975309388238003
 30
0.0
  0
VERTEX
  5
143
330
79
100
AcDbEntity
  8
inside2_B
100
AcDbVertex
100
AcDb2dVertex
 10
-210.223130842227
 20
0.988336427933632
 30
0.0
  0
VERTEX
  5
144
330
79
100
AcDbEntity
  8
inside2_B
100
AcDbVertex
100
AcDb2dVertex
 10
-210.6635754880372
 20
0.9791406807613896
 30
0.0
  0
VERTEX
  5
145
330
79
100
AcDbEntity
  8
inside2_B
100
AcDbVertex
100
AcDb2dVertex
 10
-211.1040220829747
 20
0.9700440576730927
 30
0.0
  0
VERTEX
  5
146
330
79
100
AcDbEntity
  8
inside2_B
100
AcDbVertex
100
AcDb2dVertex
 10
-211.5444153526543
 20
0.9609485359209913
 30
0.0
  0
VERTEX
  5
147
330
79
100
AcDbEntity
  8
inside2_B
100
AcDbVertex
100
AcDb2dVertex
 10
-211.9848168229456
 20
0.9518604689463785
 30
0.0
  0
VERTEX
  5
148
330
79
100
AcDbEntity
  8
inside2_B
100
AcDbVertex
100
AcDb2dVertex
 10
-212.4252532691617
 20
0.9427640160203623
 30
0.0
  0
VERTEX
  5
149
330
79
100
AcDbEntity
  8
inside2_B
100
AcDbVertex
100
AcDb2dVertex
 10
-212.8656465600495
 20
0.933767606813035
 30
0.0
  0
VERTEX
  5
14A
330
79
100
AcDbEntity
  8
inside2_B
100
AcDbVertex
100
AcDb2dVertex
 10
-213.3060439195687
 20
0.9246720005927216
 30
0.0
  0
VERTEX
  5
14B
330
79
100
AcDbEntity
  8
inside2_B
100
AcDbVertex
100
AcDb2dVertex
 10
-213.7465428355967
 20
0.9156810401096038
 30
0.0
  0
VERTEX
  5
14C
330
79
100
AcDbEntity
  8
inside2_B
100
AcDbVertex
100
AcDb2dVertex
 10
-214.1869351627415
 20
0.9067837441019151
 30
0.0
  0
VERTEX
  5
14D
330
79
100
AcDbEntity
  8
inside2_B
100
AcDbVertex
100
AcDb2dVertex
 10
-214.6273284324211
 20
0.8977949594030576
 30
0.0
  0
VERTEX
  5
14E
330
79
100
AcDbEntity
  8
inside2_B
100
AcDbVertex
100
AcDb2dVertex
 10
-215.0677699435699
 20
0.8888966697253835
 30
0.0
  0
VERTEX
  5
14F
330
79
100
AcDbEntity
  8
inside2_B
100
AcDbVertex
100
AcDb2dVertex
 10
-215.5081632339598
 20
0.8799993735109126
 30
0.0
  0
VERTEX
  5
150
330
79
100
AcDbEntity
  8
inside2_B
100
AcDbVertex
100
AcDb2dVertex
 10
-215.9487140986105
 20
0.871108521439254
 30
0.0
  0
VERTEX
  5
151
330
79
100
AcDbEntity
  8
inside2_B
100
AcDbVertex
100
AcDb2dVertex
 10
-216.3891554981035
 20
0.8623093770831218
 30
0.0
  0
VERTEX
  5
152
330
79
100
AcDbEntity
  8
inside2_B
100
AcDbVertex
100
AcDb2dVertex
 10
-216.8295559952605
 20
0.8535186549810447
 30
0.0
  0
VERTEX
  5
153
330
79
100
AcDbEntity
  8
inside2_B
100
AcDbVertex
100
AcDb2dVertex
 10
-217.2700505259825
 20
0.8447280533661541
 30
0.0
  0
VERTEX
  5
154
330
79
100
AcDbEntity
  8
inside2_B
100
AcDbVertex
100
AcDb2dVertex
 10
-217.7104908640426
 20
0.835928930102753
 30
0.0
  0
VERTEX
  5
155
330
79
100
AcDbEntity
  8
inside2_B
100
AcDbVertex
100
AcDb2dVertex
 10
-218.1509405778714
 20
0.8272363515654888
 30
0.0
  0
VERTEX
  5
156
330
79
100
AcDbEntity
  8
inside2_B
100
AcDbVertex
100
AcDb2dVertex
 10
-218.5914350843838
 20
0.818544863889727
 30
0.0
  0
VERTEX
  5
157
330
79
100
AcDbEntity
  8
inside2_B
100
AcDbVertex
100
AcDb2dVertex
 10
-219.03187649698
 20
0.8098448429726091
 30
0.0
  0
VERTEX
  5
158
330
79
100
AcDbEntity
  8
inside2_B
100
AcDbVertex
100
AcDb2dVertex
 10
-219.4724273275352
 20
0.8012513700894175
 30
0.0
  0
VERTEX
  5
159
330
79
100
AcDbEntity
  8
inside2_B
100
AcDbVertex
100
AcDb2dVertex
 10
-219.9128185175503
 20
0.7926590778735516
 30
0.0
  0
VERTEX
  5
15A
330
79
100
AcDbEntity
  8
inside2_B
100
AcDbVertex
100
AcDb2dVertex
 10
-220.3533129798711
 20
0.7840667045158938
 30
0.0
  0
VERTEX
  5
15B
330
79
100
AcDbEntity
  8
inside2_B
100
AcDbVertex
100
AcDb2dVertex
 10
-220.7938535260049
 20
0.7754658072628757
 30
0.0
  0
VERTEX
  5
15C
330
79
100
AcDbEntity
  8
inside2_B
100
AcDbVertex
100
AcDb2dVertex
 10
-221.2343026823342
 20
0.7669715004593627
 30
0.0
  0
VERTEX
  5
15D
330
79
100
AcDbEntity
  8
inside2_B
100
AcDbVertex
100
AcDb2dVertex
 10
-221.6748509135676
 20
0.7584772130074384
 30
0.0
  0
VERTEX
  5
15E
330
79
100
AcDbEntity
  8
inside2_B
100
AcDbVertex
100
AcDb2dVertex
 10
-222.1153437678476
 20
0.7500831062697557
 30
0.0
  0
VERTEX
  5
15F
330
79
100
AcDbEntity
  8
inside2_B
100
AcDbVertex
100
AcDb2dVertex
 10
-222.5558361505057
 20
0.741589886461
 30
0.0
  0
VERTEX
  5
160
330
79
100
AcDbEntity
  8
inside2_B
100
AcDbVertex
100
AcDb2dVertex
 10
-222.9964345952242
 20
0.733193767573951
 30
0.0
  0
VERTEX
  5
161
330
79
100
AcDbEntity
  8
inside2_B
100
AcDbVertex
100
AcDb2dVertex
 10
-223.4368796723871
 20
0.7248977889290984
 30
0.0
  0
VERTEX
  5
162
330
79
100
AcDbEntity
  8
inside2_B
100
AcDbVertex
100
AcDb2dVertex
 10
-223.8773740724725
 20
0.7166027570815174
 30
0.0
  0
VERTEX
  5
163
330
79
100
AcDbEntity
  8
inside2_B
100
AcDbVertex
100
AcDb2dVertex
 10
-224.3178669412866
 20
0.7083077630470598
 30
0.0
  0
VERTEX
  5
164
330
79
100
AcDbEntity
  8
inside2_B
100
AcDbVertex
100
AcDb2dVertex
 10
-224.7584169553307
 20
0.7000116884141505
 30
0.0
  0
VERTEX
  5
165
330
79
100
AcDbEntity
  8
inside2_B
100
AcDbVertex
100
AcDb2dVertex
 10
-225.1989669743202
 20
0.6918223646496813
 30
0.0
  0
VERTEX
  5
166
330
79
100
AcDbEntity
  8
inside2_B
100
AcDbVertex
100
AcDb2dVertex
 10
-225.6394513954423
 20
0.6836266362707022
 30
0.0
  0
VERTEX
  5
167
330
79
100
AcDbEntity
  8
inside2_B
100
AcDbVertex
100
AcDb2dVertex
 10
-226.0800983820287
 20
0.6754297453119307
 30
0.0
  0
VERTEX
  5
168
330
79
100
AcDbEntity
  8
inside2_B
100
AcDbVertex
100
AcDb2dVertex
 10
-226.5206433008772
 20
0.6673320161181806
 30
0.0
  0
VERTEX
  5
169
330
79
100
AcDbEntity
  8
inside2_B
100
AcDbVertex
100
AcDb2dVertex
 10
-226.9611934414463
 20
0.6592418181308091
 30
0.0
  0
VERTEX
  5
16A
330
79
100
AcDbEntity
  8
inside2_B
100
AcDbVertex
100
AcDb2dVertex
 10
-227.401735260754
 20
0.6512432699581012
 30
0.0
  0
VERTEX
  5
16B
330
79
100
AcDbEntity
  8
inside2_B
100
AcDbVertex
100
AcDb2dVertex
 10
-227.8423298405303
 20
0.6432455795946339
 30
0.0
  0
VERTEX
  5
16C
330
79
100
AcDbEntity
  8
inside2_B
100
AcDbVertex
100
AcDb2dVertex
 10
-228.7234002806163
 20
0.6272563493806587
 30
0.0
  0
VERTEX
  5
16D
330
79
100
AcDbEntity
  8
inside2_B
100
AcDbVertex
100
AcDb2dVertex
 10
-229.6046925781904
 20
0.6115717209562632
 30
0.0
  0
VERTEX
  5
16E
330
79
100
AcDbEntity
  8
inside2_B
100
AcDbVertex
100
AcDb2dVertex
 10
-230.4858285345159
 20
0.5959795887479515
 30
0.0
  0
VERTEX
  5
16F
330
79
100
AcDbEntity
  8
inside2_B
100
AcDbVertex
100
AcDb2dVertex
 10
-231.3670230656128
 20
0.580485549497979
 30
0.0
  0
VERTEX
  5
170
330
79
100
AcDbEntity
  8
inside2_B
100
AcDbVertex
100
AcDb2dVertex
 10
-232.2482906570659
 20
0.5652969705140123
 30
0.0
  0
VERTEX
  5
171
330
79
100
AcDbEntity
  8
inside2_B
100
AcDbVertex
100
AcDb2dVertex
 10
-233.1294551999131
 20
0.550108442778793
 30
0.0
  0
VERTEX
  5
172
330
79
100
AcDbEntity
  8
inside2_B
100
AcDbVertex
100
AcDb2dVertex
 10
-234.0107476205368
 20
0.535216815027681
 30
0.0
  0
VERTEX
  5
173
330
79
100
AcDbEntity
  8
inside2_B
100
AcDbVertex
100
AcDb2dVertex
 10
-234.8919867323054
 20
0.5204252070845996
 30
0.0
  0
VERTEX
  5
174
330
79
100
AcDbEntity
  8
inside2_B
100
AcDbVertex
100
AcDb2dVertex
 10
-235.7733807662556
 20
0.5057317958330145
 30
0.0
  0
VERTEX
  5
175
330
79
100
AcDbEntity
  8
inside2_B
100
AcDbVertex
100
AcDb2dVertex
 10
-236.6547718682745
 20
0.4913434331965618
 30
0.0
  0
VERTEX
  5
176
330
79
100
AcDbEntity
  8
inside2_B
100
AcDbVertex
100
AcDb2dVertex
 10
-237.5360371727556
 20
0.4770469954503938
 30
0.0
  0
VERTEX
  5
177
330
79
100
AcDbEntity
  8
inside2_B
100
AcDbVertex
100
AcDb2dVertex
 10
-238.4174316189121
 20
0.4629559540949657
 30
0.0
  0
VERTEX
  5
178
330
79
100
AcDbEntity
  8
inside2_B
100
AcDbVertex
100
AcDb2dVertex
 10
-239.2989511009604
 20
0.4490627699792071
 30
0.0
  0
VERTEX
  5
179
330
79
100
AcDbEntity
  8
inside2_B
100
AcDbVertex
100
AcDb2dVertex
 10
-241.0617963126526
 20
0.4218802399508661
 30
0.0
  0
VERTEX
  5
17A
330
79
100
AcDbEntity
  8
inside2_B
100
AcDbVertex
100
AcDb2dVertex
 10
-242.8247542936888
 20
0.3953990039017867
 30
0.0
  0
VERTEX
  5
17B
330
79
100
AcDbEntity
  8
inside2_B
100
AcDbVertex
100
AcDb2dVertex
 10
-244.5878387743839
 20
0.3696112461852863
 30
0.0
  0
VERTEX
  5
17C
330
79
100
AcDbEntity
  8
inside2_B
100
AcDbVertex
100
AcDb2dVertex
 10
-246.350925400116
 20
0.3447232219128011
 30
0.0
  0
VERTEX
  5
17D
330
79
100
AcDbEntity
  8
inside2_B
100
AcDbVertex
100
AcDb2dVertex
 10
-248.1141969209518
 20
0.3205368815127656
 30
0.0
  0
VERTEX
  5
17E
330
79
100
AcDbEntity
  8
inside2_B
100
AcDbVertex
100
AcDb2dVertex
 10
-249.8774813923745
 20
0.2971509890700332
 30
0.0
  0
VERTEX
  5
17F
330
79
100
AcDbEntity
  8
inside2_B
100
AcDbVertex
100
AcDb2dVertex
 10
-251.6407681025274
 20
0.2745657179658849
 30
0.0
  0
VERTEX
  5
180
330
79
100
AcDbEntity
  8
inside2_B
100
AcDbVertex
100
AcDb2dVertex
 10
-253.4042520023602
 20
0.2527810857104527
 30
0.0
  0
VERTEX
  5
181
330
79
100
AcDbEntity
  8
inside2_B
100
AcDbVertex
100
AcDb2dVertex
 10
-255.1677357199032
 20
0.2317894558890288
 30
0.0
  0
VERTEX
  5
182
330
79
100
AcDbEntity
  8
inside2_B
100
AcDbVertex
100
AcDb2dVertex
 10
-256.9313358184617
 20
0.211598275514703
 30
0.0
  0
VERTEX
  5
183
330
79
100
AcDbEntity
  8
inside2_B
100
AcDbVertex
100
AcDb2dVertex
 10
-258.6949461500466
 20
0.1923143455110505
 30
0.0
  0
VERTEX
  5
184
330
79
100
AcDbEntity
  8
inside2_B
100
AcDbVertex
100
AcDb2dVertex
 10
-260.4585308630843
 20
0.1739228416599445
 30
0.0
  0
VERTEX
  5
185
330
79
100
AcDbEntity
  8
inside2_B
100
AcDbVertex
100
AcDb2dVertex
 10
-262.2222272504833
 20
0.1562326929638971
 30
0.0
  0
VERTEX
  5
186
330
79
100
AcDbEntity
  8
inside2_B
100
AcDbVertex
100
AcDb2dVertex
 10
-263.9860397419401
 20
0.1395413030738837
 30
0.0
  0
VERTEX
  5
187
330
79
100
AcDbEntity
  8
inside2_B
100
AcDbVertex
100
AcDb2dVertex
 10
-265.7498387803539
 20
0.1236506720926656
 30
0.0
  0
VERTEX
  5
188
330
79
100
AcDbEntity
  8
inside2_B
100
AcDbVertex
100
AcDb2dVertex
 10
-267.5136512460193
 20
0.1086596844069874
 30
0.0
  0
VERTEX
  5
189
330
79
100
AcDbEntity
  8
inside2_B
100
AcDbVertex
100
AcDb2dVertex
 10
-269.2775627175573
 20
0.0945684619514964
 30
0.0
  0
VERTEX
  5
18A
330
79
100
AcDbEntity
  8
inside2_B
100
AcDbVertex
100
AcDb2dVertex
 10
-271.0413713499659
 20
0.0813770029525926
 30
0.0
  0
VERTEX
  5
18B
330
79
100
AcDbEntity
  8
inside2_B
100
AcDbVertex
100
AcDb2dVertex
 10
-272.8053810091857
 20
0.0690853154481061
 30
0.0
  0
VERTEX
  5
18C
330
79
100
AcDbEntity
  8
inside2_B
100
AcDbVertex
100
AcDb2dVertex
 10
-274.5693057856304
 20
0.0576856745004193
 30
0.0
  0
VERTEX
  5
18D
330
79
100
AcDbEntity
  8
inside2_B
100
AcDbVertex
100
AcDb2dVertex
 10
-276.3333429686531
 20
0.0472925012596335
 30
0.0
  0
VERTEX
  5
18E
330
79
100
AcDbEntity
  8
inside2_B
100
AcDbVertex
100
AcDb2dVertex
 10
-278.5383049631392
 20
0.0355040741923318
 30
0.0
  0
VERTEX
  5
18F
330
79
100
AcDbEntity
  8
inside2_B
100
AcDbVertex
100
AcDb2dVertex
 10
-280.7432877312078
 20
0.0253092000144051
 30
0.0
  0
VERTEX
  5
190
330
79
100
AcDbEntity
  8
inside2_B
100
AcDbVertex
100
AcDb2dVertex
 10
-282.9483712117455
 20
0.0165097286171658
 30
0.0
  0
VERTEX
  5
191
330
79
100
AcDbEntity
  8
inside2_B
100
AcDbVertex
100
AcDb2dVertex
 10
-285.1533653740304
 20
0.0093191407123072
 30
0.0
  0
VERTEX
  5
192
330
79
100
AcDbEntity
  8
inside2_B
100
AcDbVertex
100
AcDb2dVertex
 10
-287.3583596014285
 20
0.0036154716649435
 30
0.0
  0
VERTEX
  5
193
330
79
100
AcDbEntity
  8
inside2_B
100
AcDbVertex
100
AcDb2dVertex
 10
-289.5634575544609
 20
-0.0004792761544508
 30
0.0
  0
VERTEX
  5
194
330
79
100
AcDbEntity
  8
inside2_B
100
AcDbVertex
100
AcDb2dVertex
 10
-291.7684626155901
 20
-0.0030794909956455
 30
0.0
  0
VERTEX
  5
195
330
79
100
AcDbEntity
  8
inside2_B
100
AcDbVertex
100
AcDb2dVertex
 10
-293.9733059432232
 20
-0.003977181419998
 30
0.0
  0
SEQEND
  5
196
330
79
100
AcDbEntity
  8
inside2_B
  0
POLYLINE
  5
197
330
1F
100
AcDbEntity
  8
inside2_B
100
AcDb2dPolyline
 66
     1
 10
0.0
 20
0.0
 30
0.0
  0
VERTEX
  5
198
330
197
100
AcDbEntity
  8
inside2_B
100
AcDbVertex
100
AcDb2dVertex
 10
9.237787220177267
 20
2.15647397410261
 30
0.0
  0
VERTEX
  5
199
330
197
100
AcDbEntity
  8
inside2_B
100
AcDbVertex
100
AcDb2dVertex
 10
8.765990683129019
 20
2.146577530904665
 30
0.0
  0
VERTEX
  5
19A
330
197
100
AcDbEntity
  8
inside2_B
100
AcDbVertex
100
AcDb2dVertex
 10
8.293619684439307
 20
2.136790144067206
 30
0.0
  0
VERTEX
  5
19B
330
197
100
AcDbEntity
  8
inside2_B
100
AcDbVertex
100
AcDb2dVertex
 10
7.822880508036576
 20
2.127100607673995
 30
0.0
  0
VERTEX
  5
19C
330
197
100
AcDbEntity
  8
inside2_B
100
AcDbVertex
100
AcDb2dVertex
 10
7.356192345779334
 20
2.117501829776486
 30
0.0
  0
VERTEX
  5
19D
330
197
100
AcDbEntity
  8
inside2_B
100
AcDbVertex
100
AcDb2dVertex
 10
6.895762866893335
 20
2.108010874757881
 30
0.0
  0
VERTEX
  5
19E
330
197
100
AcDbEntity
  8
inside2_B
100
AcDbVertex
100
AcDb2dVertex
 10
5.55109630230794
 20
2.080634511900982
 30
0.0
  0
VERTEX
  5
19F
330
197
100
AcDbEntity
  8
inside2_B
100
AcDbVertex
100
AcDb2dVertex
 10
5.112041960090608
 20
2.071738161285154
 30
0.0
  0
VERTEX
  5
1A0
330
197
100
AcDbEntity
  8
inside2_B
100
AcDbVertex
100
AcDb2dVertex
 10
4.676098948508468
 20
2.062948557319942
 30
0.0
  0
VERTEX
  5
1A1
330
197
100
AcDbEntity
  8
inside2_B
100
AcDbVertex
100
AcDb2dVertex
 10
4.242567062876049
 20
2.054250781938279
 30
0.0
  0
VERTEX
  5
1A2
330
197
100
AcDbEntity
  8
inside2_B
100
AcDbVertex
100
AcDb2dVertex
 10
3.810599616872821
 20
2.04565900417461
 30
0.0
  0
VERTEX
  5
1A3
330
197
100
AcDbEntity
  8
inside2_B
100
AcDbVertex
100
AcDb2dVertex
 10
3.379780615487959
 20
2.037066411979779
 30
0.0
  0
VERTEX
  5
1A4
330
197
100
AcDbEntity
  8
inside2_B
100
AcDbVertex
100
AcDb2dVertex
 10
2.949135671107058
 20
2.028475162741117
 30
0.0
  0
VERTEX
  5
1A5
330
197
100
AcDbEntity
  8
inside2_B
100
AcDbVertex
100
AcDb2dVertex
 10
2.518294842508055
 20
2.019983059640168
 30
0.0
  0
VERTEX
  5
1A6
330
197
100
AcDbEntity
  8
inside2_B
100
AcDbVertex
100
AcDb2dVertex
 10
2.086073066728375
 20
2.011481961454891
 30
0.0
  0
VERTEX
  5
1A7
330
197
100
AcDbEntity
  8
inside2_B
100
AcDbVertex
100
AcDb2dVertex
 10
1.652318783588896
 20
2.00289042788431
 30
0.0
  0
VERTEX
  5
1A8
330
197
100
AcDbEntity
  8
inside2_B
100
AcDbVertex
100
AcDb2dVertex
 10
1.21676022217224
 20
1.994397897387273
 30
0.0
  0
VERTEX
  5
1A9
330
197
100
AcDbEntity
  8
inside2_B
100
AcDbVertex
100
AcDb2dVertex
 10
0.7797015458574492
 20
1.985806145630661
 30
0.0
  0
VERTEX
  5
1AA
330
197
100
AcDbEntity
  8
inside2_B
100
AcDbVertex
100
AcDb2dVertex
 10
0.3413263716024062
 20
1.977313398524117
 30
0.0
  0
VERTEX
  5
1AB
330
197
100
AcDbEntity
  8
inside2_B
100
AcDbVertex
100
AcDb2dVertex
 10
-0.0980476190737249
 20
1.968721392564035
 30
0.0
  0
VERTEX
  5
1AC
330
197
100
AcDbEntity
  8
inside2_B
100
AcDbVertex
100
AcDb2dVertex
 10
-0.5383746484702101
 20
1.960221900877556
 30
0.0
  0
VERTEX
  5
1AD
330
197
100
AcDbEntity
  8
inside2_B
100
AcDbVertex
100
AcDb2dVertex
 10
-0.9793561472000079
 20
1.951728878686339
 30
0.0
  0
VERTEX
  5
1AE
330
197
100
AcDbEntity
  8
inside2_B
100
AcDbVertex
100
AcDb2dVertex
 10
-1.420736163684126
 20
1.943235816637426
 30
0.0
  0
VERTEX
  5
1AF
330
197
100
AcDbEntity
  8
inside2_B
100
AcDbVertex
100
AcDb2dVertex
 10
-1.862262236987419
 20
1.934743757855728
 30
0.0
  0
VERTEX
  5
1B0
330
197
100
AcDbEntity
  8
inside2_B
100
AcDbVertex
100
AcDb2dVertex
 10
-2.304097364944994
 20
1.926350719969577
 30
0.0
  0
VERTEX
  5
1B1
330
197
100
AcDbEntity
  8
inside2_B
100
AcDbVertex
100
AcDb2dVertex
 10
-2.746093329272583
 20
1.917956654415434
 30
0.0
  0
VERTEX
  5
1B2
330
197
100
AcDbEntity
  8
inside2_B
100
AcDbVertex
100
AcDb2dVertex
 10
-3.188091466790013
 20
1.909562547584684
 30
0.0
  0
VERTEX
  5
1B3
330
197
100
AcDbEntity
  8
inside2_B
100
AcDbVertex
100
AcDb2dVertex
 10
-3.630126126277275
 20
1.901169484433524
 30
0.0
  0
VERTEX
  5
1B4
330
197
100
AcDbEntity
  8
inside2_B
100
AcDbVertex
100
AcDb2dVertex
 10
-4.072162647466541
 20
1.892875487002172
 30
0.0
  0
VERTEX
  5
1B5
330
197
100
AcDbEntity
  8
inside2_B
100
AcDbVertex
100
AcDb2dVertex
 10
-4.514091387504834
 20
1.884581509411618
 30
0.0
  0
VERTEX
  5
1B6
330
197
100
AcDbEntity
  8
inside2_B
100
AcDbVertex
100
AcDb2dVertex
 10
-4.955926491746197
 20
1.876394295782305
 30
0.0
  0
VERTEX
  5
1B7
330
197
100
AcDbEntity
  8
inside2_B
100
AcDbVertex
100
AcDb2dVertex
 10
-5.83918172479531
 20
1.860003269591999
 30
0.0
  0
VERTEX
  5
1B8
330
197
100
AcDbEntity
  8
inside2_B
100
AcDbVertex
100
AcDb2dVertex
 10
-6.721883331167476
 20
1.843818729654117
 30
0.0
  0
VERTEX
  5
1B9
330
197
100
AcDbEntity
  8
inside2_B
100
AcDbVertex
100
AcDb2dVertex
 10
-7.604096818445043
 20
1.827725674871672
 30
0.0
  0
VERTEX
  5
1BA
330
197
100
AcDbEntity
  8
inside2_B
100
AcDbVertex
100
AcDb2dVertex
 10
-8.485778432358131
 20
1.811838970247734
 30
0.0
  0
VERTEX
  5
1BB
330
197
100
AcDbEntity
  8
inside2_B
100
AcDbVertex
100
AcDb2dVertex
 10
-9.36698237786328
 20
1.796150014958016
 30
0.0
  0
VERTEX
  5
1BC
330
197
100
AcDbEntity
  8
inside2_B
100
AcDbVertex
100
AcDb2dVertex
 10
-10.24789763624113
 20
1.780567769530563
 30
0.0
  0
VERTEX
  5
1BD
330
197
100
AcDbEntity
  8
inside2_B
100
AcDbVertex
100
AcDb2dVertex
 10
-11.12850795844503
 20
1.765176109294302
 30
0.0
  0
VERTEX
  5
1BE
330
197
100
AcDbEntity
  8
inside2_B
100
AcDbVertex
100
AcDb2dVertex
 10
-12.00881071092982
 20
1.749891222490945
 30
0.0
  0
VERTEX
  5
1BF
330
197
100
AcDbEntity
  8
inside2_B
100
AcDbVertex
100
AcDb2dVertex
 10
-12.88889007518065
 20
1.734804975333319
 30
0.0
  0
VERTEX
  5
1C0
330
197
100
AcDbEntity
  8
inside2_B
100
AcDbVertex
100
AcDb2dVertex
 10
-13.76879785290345
 20
1.719916480160038
 30
0.0
  0
VERTEX
  5
1C1
330
197
100
AcDbEntity
  8
inside2_B
100
AcDbVertex
100
AcDb2dVertex
 10
-14.648506477279
 20
1.705127105040532
 30
0.0
  0
VERTEX
  5
1C2
330
197
100
AcDbEntity
  8
inside2_B
100
AcDbVertex
100
AcDb2dVertex
 10
-15.52821214501847
 20
1.690535987081049
 30
0.0
  0
VERTEX
  5
1C3
330
197
100
AcDbEntity
  8
inside2_B
100
AcDbVertex
100
AcDb2dVertex
 10
-16.40789363984192
 20
1.676051994220245
 30
0.0
  0
VERTEX
  5
1C4
330
197
100
AcDbEntity
  8
inside2_B
100
AcDbVertex
100
AcDb2dVertex
 10
-17.28746793300826
 20
1.66185768892241
 30
0.0
  0
VERTEX
  5
1C5
330
197
100
AcDbEntity
  8
inside2_B
100
AcDbVertex
100
AcDb2dVertex
 10
-18.16717229150555
 20
1.647769733928286
 30
0.0
  0
VERTEX
  5
1C6
330
197
100
AcDbEntity
  8
inside2_B
100
AcDbVertex
100
AcDb2dVertex
 10
-19.04705864778663
 20
1.633880241967077
 30
0.0
  0
VERTEX
  5
1C7
330
197
100
AcDbEntity
  8
inside2_B
100
AcDbVertex
100
AcDb2dVertex
 10
-20.36701773679653
 20
1.613297095141121
 30
0.0
  0
VERTEX
  5
1C8
330
197
100
AcDbEntity
  8
inside2_B
100
AcDbVertex
100
AcDb2dVertex
 10
-21.68732922678902
 20
1.593118660551752
 30
0.0
  0
VERTEX
  5
1C9
330
197
100
AcDbEntity
  8
inside2_B
100
AcDbVertex
100
AcDb2dVertex
 10
-23.00785591815071
 20
1.573435703506675
 30
0.0
  0
VERTEX
  5
1CA
330
197
100
AcDbEntity
  8
inside2_B
100
AcDbVertex
100
AcDb2dVertex
 10
-24.32868910129224
 20
1.55414890444078
 30
0.0
  0
VERTEX
  5
1CB
330
197
100
AcDbEntity
  8
inside2_B
100
AcDbVertex
100
AcDb2dVertex
 10
-25.64961378562117
 20
1.535266136815252
 30
0.0
  0
VERTEX
  5
1CC
330
197
100
AcDbEntity
  8
inside2_B
100
AcDbVertex
100
AcDb2dVertex
 10
-26.97084430594356
 20
1.516779765033178
 30
0.0
  0
VERTEX
  5
1CD
330
197
100
AcDbEntity
  8
inside2_B
100
AcDbVertex
100
AcDb2dVertex
 10
-28.29236119629201
 20
1.4986900561059
 30
0.0
  0
VERTEX
  5
1CE
330
197
100
AcDbEntity
  8
inside2_B
100
AcDbVertex
100
AcDb2dVertex
 10
-29.61396624686205
 20
1.481103721378645
 30
0.0
  0
VERTEX
  5
1CF
330
197
100
AcDbEntity
  8
inside2_B
100
AcDbVertex
100
AcDb2dVertex
 10
-30.93569949868316
 20
1.464020032083738
 30
0.0
  0
VERTEX
  5
1D0
330
197
100
AcDbEntity
  8
inside2_B
100
AcDbVertex
100
AcDb2dVertex
 10
-32.25761320886551
 20
1.447233874641043
 30
0.0
  0
VERTEX
  5
1D1
330
197
100
AcDbEntity
  8
inside2_B
100
AcDbVertex
100
AcDb2dVertex
 10
-33.5796159642328
 20
1.431050161792342
 30
0.0
  0
VERTEX
  5
1D2
330
197
100
AcDbEntity
  8
inside2_B
100
AcDbVertex
100
AcDb2dVertex
 10
-34.90183880659748
 20
1.415262403605155
 30
0.0
  0
VERTEX
  5
1D3
330
197
100
AcDbEntity
  8
inside2_B
100
AcDbVertex
100
AcDb2dVertex
 10
-36.22404001472484
 20
1.399871483910431
 30
0.0
  0
VERTEX
  5
1D4
330
197
100
AcDbEntity
  8
inside2_B
100
AcDbVertex
100
AcDb2dVertex
 10
-37.54643812406044
 20
1.385082798965655
 30
0.0
  0
VERTEX
  5
1D5
330
197
100
AcDbEntity
  8
inside2_B
100
AcDbVertex
100
AcDb2dVertex
 10
-38.86885576794731
 20
1.370697922303947
 30
0.0
  0
VERTEX
  5
1D6
330
197
100
AcDbEntity
  8
inside2_B
100
AcDbVertex
100
AcDb2dVertex
 10
-40.19125548640324
 20
1.356808738408787
 30
0.0
  0
VERTEX
  5
1D7
330
197
100
AcDbEntity
  8
inside2_B
100
AcDbVertex
100
AcDb2dVertex
 10
-41.5137468575993
 20
1.343422673551572
 30
0.0
  0
VERTEX
  5
1D8
330
197
100
AcDbEntity
  8
inside2_B
100
AcDbVertex
100
AcDb2dVertex
 10
-42.83614672466211
 20
1.33053210680842
 30
0.0
  0
VERTEX
  5
1D9
330
197
100
AcDbEntity
  8
inside2_B
100
AcDbVertex
100
AcDb2dVertex
 10
-44.15865319268715
 20
1.318144662082886
 30
0.0
  0
VERTEX
  5
1DA
330
197
100
AcDbEntity
  8
inside2_B
100
AcDbVertex
100
AcDb2dVertex
 10
-45.48111817480009
 20
1.306252951097008
 30
0.0
  0
VERTEX
  5
1DB
330
197
100
AcDbEntity
  8
inside2_B
100
AcDbVertex
100
AcDb2dVertex
 10
-47.24422232853209
 20
1.291266298988248
 30
0.0
  0
VERTEX
  5
1DC
330
197
100
AcDbEntity
  8
inside2_B
100
AcDbVertex
100
AcDb2dVertex
 10
-49.88893321031566
 20
1.27047811860055
 30
0.0
  0
VERTEX
  5
1DD
330
197
100
AcDbEntity
  8
inside2_B
100
AcDbVertex
100
AcDb2dVertex
 10
-52.53340900592394
 20
1.251794173073108
 30
0.0
  0
VERTEX
  5
1DE
330
197
100
AcDbEntity
  8
inside2_B
100
AcDbVertex
100
AcDb2dVertex
 10
-55.17778574973278
 20
1.235214219952326
 30
0.0
  0
VERTEX
  5
1DF
330
197
100
AcDbEntity
  8
inside2_B
100
AcDbVertex
100
AcDb2dVertex
 10
-57.82194897895903
 20
1.220822058736019
 30
0.0
  0
VERTEX
  5
1E0
330
197
100
AcDbEntity
  8
inside2_B
100
AcDbVertex
100
AcDb2dVertex
 10
-60.46601102211827
 20
1.208533881470601
 30
0.0
  0
VERTEX
  5
1E1
330
197
100
AcDbEntity
  8
inside2_B
100
AcDbVertex
100
AcDb2dVertex
 10
-63.11006413407227
 20
1.198540242525993
 30
0.0
  0
VERTEX
  5
1E2
330
197
100
AcDbEntity
  8
inside2_B
100
AcDbVertex
100
AcDb2dVertex
 10
-65.75411726239173
 20
1.190749625390524
 30
0.0
  0
VERTEX
  5
1E3
330
197
100
AcDbEntity
  8
inside2_B
100
AcDbVertex
100
AcDb2dVertex
 10
-68.39806364142811
 20
1.185253505141858
 30
0.0
  0
VERTEX
  5
1E4
330
197
100
AcDbEntity
  8
inside2_B
100
AcDbVertex
100
AcDb2dVertex
 10
-71.04201682929857
 20
1.18196041724886
 30
0.0
  0
VERTEX
  5
1E5
330
197
100
AcDbEntity
  8
inside2_B
100
AcDbVertex
100
AcDb2dVertex
 10
-73.67068575992295
 20
1.181060877385576
 30
0.0
  0
VERTEX
  5
1E6
330
197
100
AcDbEntity
  8
inside2_B
100
AcDbVertex
100
AcDb2dVertex
 10
-73.68599004146478
 20
1.18106087738559
 30
0.0
  0
SEQEND
  5
1E7
330
197
100
AcDbEntity
  8
inside2_B
  0
POLYLINE
  5
1E8
330
1F
100
AcDbEntity
  8
inside2_B
100
AcDb2dPolyline
 66
     1
 10
0.0
 20
0.0
 30
0.0
  0
VERTEX
  5
1E9
330
1E8
100
AcDbEntity
  8
inside2_B
100
AcDbVertex
100
AcDb2dVertex
 10
-293.9737105021789
 20
4.318665125972146
 30
0.0
  0
VERTEX
  5
1EA
330
1E8
100
AcDbEntity
  8
inside2_B
100
AcDbVertex
100
AcDb2dVertex
 10
-297.0603724946999
 20
4.317269822906809
 30
0.0
  0
VERTEX
  5
1EB
330
1E8
100
AcDbEntity
  8
inside2_B
100
AcDbVertex
100
AcDb2dVertex
 10
-299.7063474415065
 20
4.313670686956129
 30
0.0
  0
VERTEX
  5
1EC
330
1E8
100
AcDbEntity
  8
inside2_B
100
AcDbVertex
100
AcDb2dVertex
 10
-302.3522142782439
 20
4.307776359316179
 30
0.0
  0
VERTEX
  5
1ED
330
1E8
100
AcDbEntity
  8
inside2_B
100
AcDbVertex
100
AcDb2dVertex
 10
-304.9981713265485
 20
4.299579230131968
 30
0.0
  0
VERTEX
  5
1EE
330
1E8
100
AcDbEntity
  8
inside2_B
100
AcDbVertex
100
AcDb2dVertex
 10
-307.6441194700055
 20
4.289186067827828
 30
0.0
  0
VERTEX
  5
1EF
330
1E8
100
AcDbEntity
  8
inside2_B
100
AcDbVertex
100
AcDb2dVertex
 10
-310.2901666613849
 20
4.276589219985937
 30
0.0
  0
VERTEX
  5
1F0
330
1E8
100
AcDbEntity
  8
inside2_B
100
AcDbVertex
100
AcDb2dVertex
 10
-312.936310998651
 20
4.261796365210103
 30
0.0
  0
VERTEX
  5
1F1
330
1E8
100
AcDbEntity
  8
inside2_B
100
AcDbVertex
100
AcDb2dVertex
 10
-315.5825467938596
 20
4.244906585426307
 30
0.0
  0
VERTEX
  5
1F2
330
1E8
100
AcDbEntity
  8
inside2_B
100
AcDbVertex
100
AcDb2dVertex
 10
-318.228882269745
 20
4.225820749020983
 30
0.0
  0
VERTEX
  5
1F3
330
1E8
100
AcDbEntity
  8
inside2_B
100
AcDbVertex
100
AcDb2dVertex
 10
-320.8753696118038
 20
4.204630794216499
 30
0.0
  0
VERTEX
  5
1F4
330
1E8
100
AcDbEntity
  8
inside2_B
100
AcDbVertex
100
AcDb2dVertex
 10
-322.639810671263
 20
4.189441327761131
 30
0.0
  0
VERTEX
  5
1F5
330
1E8
100
AcDbEntity
  8
inside2_B
100
AcDbVertex
100
AcDb2dVertex
 10
-323.9631998441085
 20
4.17734757356564
 30
0.0
  0
VERTEX
  5
1F6
330
1E8
100
AcDbEntity
  8
inside2_B
100
AcDbVertex
100
AcDb2dVertex
 10
-325.2865344526157
 20
4.164751067773423
 30
0.0
  0
VERTEX
  5
1F7
330
1E8
100
AcDbEntity
  8
inside2_B
100
AcDbVertex
100
AcDb2dVertex
 10
-326.6098932637881
 20
4.151757899033967
 30
0.0
  0
VERTEX
  5
1F8
330
1E8
100
AcDbEntity
  8
inside2_B
100
AcDbVertex
100
AcDb2dVertex
 10
-327.933164267659
 20
4.138169778041572
 30
0.0
  0
VERTEX
  5
1F9
330
1E8
100
AcDbEntity
  8
inside2_B
100
AcDbVertex
100
AcDb2dVertex
 10
-329.2565078857667
 20
4.124078756818889
 30
0.0
  0
VERTEX
  5
1FA
330
1E8
100
AcDbEntity
  8
inside2_B
100
AcDbVertex
100
AcDb2dVertex
 10
-330.5797438040514
 20
4.109583620390424
 30
0.0
  0
VERTEX
  5
1FB
330
1E8
100
AcDbEntity
  8
inside2_B
100
AcDbVertex
100
AcDb2dVertex
 10
-331.9028983691797
 20
4.094592657220403
 30
0.0
  0
VERTEX
  5
1FC
330
1E8
100
AcDbEntity
  8
inside2_B
100
AcDbVertex
100
AcDb2dVertex
 10
-333.2259538456962
 20
4.079098436451446
 30
0.0
  0
VERTEX
  5
1FD
330
1E8
100
AcDbEntity
  8
inside2_B
100
AcDbVertex
100
AcDb2dVertex
 10
-334.5488913327147
 20
4.06310881160833
 30
0.0
  0
VERTEX
  5
1FE
330
1E8
100
AcDbEntity
  8
inside2_B
100
AcDbVertex
100
AcDb2dVertex
 10
-335.8716317629942
 20
4.046722671987013
 30
0.0
  0
VERTEX
  5
1FF
330
1E8
100
AcDbEntity
  8
inside2_B
100
AcDbVertex
100
AcDb2dVertex
 10
-337.1943738423625
 20
4.029833260860272
 30
0.0
  0
VERTEX
  5
200
330
1E8
100
AcDbEntity
  8
inside2_B
100
AcDbVertex
100
AcDb2dVertex
 10
-338.5168098317053
 20
4.012539738114839
 30
0.0
  0
VERTEX
  5
201
330
1E8
100
AcDbEntity
  8
inside2_B
100
AcDbVertex
100
AcDb2dVertex
 10
-339.8391541447778
 20
3.994750592087243
 30
0.0
  0
VERTEX
  5
202
330
1E8
100
AcDbEntity
  8
inside2_B
100
AcDbVertex
100
AcDb2dVertex
 10
-341.1612737744938
 20
3.9765575793908
 30
0.0
  0
VERTEX
  5
203
330
1E8
100
AcDbEntity
  8
inside2_B
100
AcDbVertex
100
AcDb2dVertex
 10
-342.4832143367685
 20
3.957975427159056
 30
0.0
  0
VERTEX
  5
204
330
1E8
100
AcDbEntity
  8
inside2_B
100
AcDbVertex
100
AcDb2dVertex
 10
-343.8049405930115
 20
3.938882631109422
 30
0.0
  0
VERTEX
  5
205
330
1E8
100
AcDbEntity
  8
inside2_B
100
AcDbVertex
100
AcDb2dVertex
 10
-345.1263594741552
 20
3.919492498135668
 30
0.0
  0
VERTEX
  5
206
330
1E8
100
AcDbEntity
  8
inside2_B
100
AcDbVertex
100
AcDb2dVertex
 10
-346.4474999259742
 20
3.899606461230476
 30
0.0
  0
VERTEX
  5
207
330
1E8
100
AcDbEntity
  8
inside2_B
100
AcDbVertex
100
AcDb2dVertex
 10
-347.7684244586897
 20
3.879316569973611
 30
0.0
  0
VERTEX
  5
208
330
1E8
100
AcDbEntity
  8
inside2_B
100
AcDbVertex
100
AcDb2dVertex
 10
-349.0890259984189
 20
3.858630465184376
 30
0.0
  0
VERTEX
  5
209
330
1E8
100
AcDbEntity
  8
inside2_B
100
AcDbVertex
100
AcDb2dVertex
 10
-349.9692275572654
 20
3.844638557456435
 30
0.0
  0
VERTEX
  5
20A
330
1E8
100
AcDbEntity
  8
inside2_B
100
AcDbVertex
100
AcDb2dVertex
 10
-350.8493223734653
 20
3.830448399142171
 30
0.0
  0
VERTEX
  5
20B
330
1E8
100
AcDbEntity
  8
inside2_B
100
AcDbVertex
100
AcDb2dVertex
 10
-351.7294875459372
 20
3.816052835876022
 30
0.0
  0
VERTEX
  5
20C
330
1E8
100
AcDbEntity
  8
inside2_B
100
AcDbVertex
100
AcDb2dVertex
 10
-352.6095540412124
 20
3.80156576806381
 30
0.0
  0
VERTEX
  5
20D
330
1E8
100
AcDbEntity
  8
inside2_B
100
AcDbVertex
100
AcDb2dVertex
 10
-353.4896479311906
 20
3.78687237403156
 30
0.0
  0
VERTEX
  5
20E
330
1E8
100
AcDbEntity
  8
inside2_B
100
AcDbVertex
100
AcDb2dVertex
 10
-354.3699108514358
 20
3.77198122404856
 30
0.0
  0
VERTEX
  5
20F
330
1E8
100
AcDbEntity
  8
inside2_B
100
AcDbVertex
100
AcDb2dVertex
 10
-355.2502723532774
 20
3.756990961426382
 30
0.0
  0
VERTEX
  5
210
330
1E8
100
AcDbEntity
  8
inside2_B
100
AcDbVertex
100
AcDb2dVertex
 10
-356.1309408473078
 20
3.741802420720163
 30
0.0
  0
VERTEX
  5
211
330
1E8
100
AcDbEntity
  8
inside2_B
100
AcDbVertex
100
AcDb2dVertex
 10
-357.0117059199386
 20
3.726507177410284
 30
0.0
  0
VERTEX
  5
212
330
1E8
100
AcDbEntity
  8
inside2_B
100
AcDbVertex
100
AcDb2dVertex
 10
-357.8928930784189
 20
3.71102086552898
 30
0.0
  0
VERTEX
  5
213
330
1E8
100
AcDbEntity
  8
inside2_B
100
AcDbVertex
100
AcDb2dVertex
 10
-358.7743871612275
 20
3.695328645208065
 30
0.0
  0
VERTEX
  5
214
330
1E8
100
AcDbEntity
  8
inside2_B
100
AcDbVertex
100
AcDb2dVertex
 10
-359.6562238105369
 20
3.679439147056968
 30
0.0
  0
VERTEX
  5
215
330
1E8
100
AcDbEntity
  8
inside2_B
100
AcDbVertex
100
AcDb2dVertex
 10
-360.53857217557
 20
3.66354922128653
 30
0.0
  0
VERTEX
  5
216
330
1E8
100
AcDbEntity
  8
inside2_B
100
AcDbVertex
100
AcDb2dVertex
 10
-361.4213584958518
 20
3.647353825485339
 30
0.0
  0
VERTEX
  5
217
330
1E8
100
AcDbEntity
  8
inside2_B
100
AcDbVertex
100
AcDb2dVertex
 10
-362.3047010878605
 20
3.631067920771457
 30
0.0
  0
VERTEX
  5
218
330
1E8
100
AcDbEntity
  8
inside2_B
100
AcDbVertex
100
AcDb2dVertex
 10
-363.1885612220651
 20
3.614674724700549
 30
0.0
  0
VERTEX
  5
219
330
1E8
100
AcDbEntity
  8
inside2_B
100
AcDbVertex
100
AcDb2dVertex
 10
-363.6307019841839
 20
3.606378771381031
 30
0.0
  0
VERTEX
  5
21A
330
1E8
100
AcDbEntity
  8
inside2_B
100
AcDbVertex
100
AcDb2dVertex
 10
-364.0729341994992
 20
3.598082818933435
 30
0.0
  0
VERTEX
  5
21B
330
1E8
100
AcDbEntity
  8
inside2_B
100
AcDbVertex
100
AcDb2dVertex
 10
-364.5151835020018
 20
3.589687707173852
 30
0.0
  0
VERTEX
  5
21C
330
1E8
100
AcDbEntity
  8
inside2_B
100
AcDbVertex
100
AcDb2dVertex
 10
-364.9573798654738
 20
3.581293600343116
 30
0.0
  0
VERTEX
  5
21D
330
1E8
100
AcDbEntity
  8
inside2_B
100
AcDbVertex
100
AcDb2dVertex
 10
-365.3993670983618
 20
3.572899411040453
 30
0.0
  0
VERTEX
  5
21E
330
1E8
100
AcDbEntity
  8
inside2_B
100
AcDbVertex
100
AcDb2dVertex
 10
-365.8414202403307
 20
3.564504259605286
 30
0.0
  0
VERTEX
  5
21F
330
1E8
100
AcDbEntity
  8
inside2_B
100
AcDbVertex
100
AcDb2dVertex
 10
-366.2832602184688
 20
3.5560099763822
 30
0.0
  0
VERTEX
  5
220
330
1E8
100
AcDbEntity
  8
inside2_B
100
AcDbVertex
100
AcDb2dVertex
 10
-366.7247611434721
 20
3.54751664163966
 30
0.0
  0
VERTEX
  5
221
330
1E8
100
AcDbEntity
  8
inside2_B
100
AcDbVertex
100
AcDb2dVertex
 10
-367.1657633018622
 20
3.539023221670689
 30
0.0
  0
VERTEX
  5
222
330
1E8
100
AcDbEntity
  8
inside2_B
100
AcDbVertex
100
AcDb2dVertex
 10
-367.6063260114042
 20
3.530528572477152
 30
0.0
  0
VERTEX
  5
223
330
1E8
100
AcDbEntity
  8
inside2_B
100
AcDbVertex
100
AcDb2dVertex
 10
-368.0458442572521
 20
3.521935832945005
 30
0.0
  0
VERTEX
  5
224
330
1E8
100
AcDbEntity
  8
inside2_B
100
AcDbVertex
100
AcDb2dVertex
 10
-368.4843638386091
 20
3.513442060756802
 30
0.0
  0
VERTEX
  5
225
330
1E8
100
AcDbEntity
  8
inside2_B
100
AcDbVertex
100
AcDb2dVertex
 10
-368.9215891611919
 20
3.504841506838815
 30
0.0
  0
VERTEX
  5
226
330
1E8
100
AcDbEntity
  8
inside2_B
100
AcDbVertex
100
AcDb2dVertex
 10
-369.3572296935627
 20
3.496347675400486
 30
0.0
  0
VERTEX
  5
227
330
1E8
100
AcDbEntity
  8
inside2_B
100
AcDbVertex
100
AcDb2dVertex
 10
-369.7911511629553
 20
3.487754642611776
 30
0.0
  0
VERTEX
  5
228
330
1E8
100
AcDbEntity
  8
inside2_B
100
AcDbVertex
100
AcDb2dVertex
 10
-370.2234828403587
 20
3.479260806616097
 30
0.0
  0
VERTEX
  5
229
330
1E8
100
AcDbEntity
  8
inside2_B
100
AcDbVertex
100
AcDb2dVertex
 10
-370.6545043600602
 20
3.47066812896972
 30
0.0
  0
VERTEX
  5
22A
330
1E8
100
AcDbEntity
  8
inside2_B
100
AcDbVertex
100
AcDb2dVertex
 10
-371.0852078079459
 20
3.462174826538515
 30
0.0
  0
VERTEX
  5
22B
330
1E8
100
AcDbEntity
  8
inside2_B
100
AcDbVertex
100
AcDb2dVertex
 10
-371.5162523582762
 20
3.453574064973878
 30
0.0
  0
VERTEX
  5
22C
330
1E8
100
AcDbEntity
  8
inside2_B
100
AcDbVertex
100
AcDb2dVertex
 10
-371.9483225606769
 20
3.444980243398476
 30
0.0
  0
VERTEX
  5
22D
330
1E8
100
AcDbEntity
  8
inside2_B
100
AcDbVertex
100
AcDb2dVertex
 10
-372.3820199770956
 20
3.43618949167336
 30
0.0
  0
VERTEX
  5
22E
330
1E8
100
AcDbEntity
  8
inside2_B
100
AcDbVertex
100
AcDb2dVertex
 10
-372.8181133058696
 20
3.427498121134846
 30
0.0
  0
VERTEX
  5
22F
330
1E8
100
AcDbEntity
  8
inside2_B
100
AcDbVertex
100
AcDb2dVertex
 10
-373.2574999818906
 20
3.418599053954765
 30
0.0
  0
VERTEX
  5
230
330
1E8
100
AcDbEntity
  8
inside2_B
100
AcDbVertex
100
AcDb2dVertex
 10
-373.7007373618857
 20
3.409601632513272
 30
0.0
  0
VERTEX
  5
231
330
1E8
100
AcDbEntity
  8
inside2_B
100
AcDbVertex
100
AcDb2dVertex
 10
-375.0632488811638
 20
3.381719186535562
 30
0.0
  0
VERTEX
  5
232
330
1E8
100
AcDbEntity
  8
inside2_B
100
AcDbVertex
100
AcDb2dVertex
 10
-375.5301025112299
 20
3.372126512639326
 30
0.0
  0
VERTEX
  5
233
330
1E8
100
AcDbEntity
  8
inside2_B
100
AcDbVertex
100
AcDb2dVertex
 10
-376.0010098473576
 20
3.362336275923212
 30
0.0
  0
VERTEX
  5
234
330
1E8
100
AcDbEntity
  8
inside2_B
100
AcDbVertex
100
AcDb2dVertex
 10
-376.4734760148283
 20
3.3525396092802
 30
0.0
  0
VERTEX
  5
235
330
1E8
100
AcDbEntity
  8
inside2_B
100
AcDbVertex
100
AcDb2dVertex
 10
-376.9454707227722
 20
3.342749592409618
 30
0.0
  0
VERTEX
  5
236
330
1E8
100
AcDbEntity
  8
inside2_B
100
AcDbVertex
100
AcDb2dVertex
 10
-377.4148705642293
 20
3.332952321249039
 30
0.0
  0
VERTEX
  5
237
330
1E8
100
AcDbEntity
  8
inside2_B
100
AcDbVertex
100
AcDb2dVertex
 10
-377.8805295984133
 20
3.323262209712183
 30
0.0
  0
VERTEX
  5
238
330
1E8
100
AcDbEntity
  8
inside2_B
100
AcDbVertex
100
AcDb2dVertex
 10
-378.3408358199313
 20
3.313662966140797
 30
0.0
  0
VERTEX
  5
239
330
1E8
100
AcDbEntity
  8
inside2_B
100
AcDbVertex
100
AcDb2dVertex
 10
-378.7946719065008
 20
3.304169922999364
 30
0.0
  0
VERTEX
  5
23A
330
1E8
100
AcDbEntity
  8
inside2_B
100
AcDbVertex
100
AcDb2dVertex
 10
-379.240449178649
 20
3.294777434299021
 30
0.0
  0
VERTEX
  5
23B
330
1E8
100
AcDbEntity
  8
inside2_B
100
AcDbVertex
100
AcDb2dVertex
 10
-379.6768455184554
 20
3.285681714088867
 30
0.0
  0
VERTEX
  5
23C
330
1E8
100
AcDbEntity
  8
inside2_B
100
AcDbVertex
100
AcDb2dVertex
 10
-380.102692423153
 20
3.276692036369269
 30
0.0
  0
VERTEX
  5
23D
330
1E8
100
AcDbEntity
  8
inside2_B
100
AcDbVertex
100
AcDb2dVertex
 10
-380.5164439980313
 20
3.267994395576764
 30
0.0
  0
VERTEX
  5
23E
330
1E8
100
AcDbEntity
  8
inside2_B
100
AcDbVertex
100
AcDb2dVertex
 10
-380.9196171632096
 20
3.259599084935218
 30
0.0
  0
VERTEX
  5
23F
330
1E8
100
AcDbEntity
  8
inside2_B
100
AcDbVertex
100
AcDb2dVertex
 10
-381.3143414946406
 20
3.2512050746423
 30
0.0
  0
VERTEX
  5
240
330
1E8
100
AcDbEntity
  8
inside2_B
100
AcDbVertex
100
AcDb2dVertex
 10
-381.7031704638034
 20
3.243115907264226
 30
0.0
  0
VERTEX
  5
241
330
1E8
100
AcDbEntity
  8
inside2_B
100
AcDbVertex
100
AcDb2dVertex
 10
-382.0885522077156
 20
3.234918729292204
 30
0.0
  0
VERTEX
  5
242
330
1E8
100
AcDbEntity
  8
inside2_B
100
AcDbVertex
100
AcDb2dVertex
 10
-382.4729832004467
 20
3.226822074638051
 30
0.0
  0
VERTEX
  5
243
330
1E8
100
AcDbEntity
  8
inside2_B
100
AcDbVertex
100
AcDb2dVertex
 10
-382.8587597576142
 20
3.218625256854239
 30
0.0
  0
VERTEX
  5
244
330
1E8
100
AcDbEntity
  8
inside2_B
100
AcDbVertex
100
AcDb2dVertex
 10
-383.2484815241958
 20
3.210338008589488
 30
0.0
  0
VERTEX
  5
245
330
1E8
100
AcDbEntity
  8
inside2_B
100
AcDbVertex
100
AcDb2dVertex
 10
-383.6443853991636
 20
3.201942265950336
 30
0.0
  0
VERTEX
  5
246
330
1E8
100
AcDbEntity
  8
inside2_B
100
AcDbVertex
100
AcDb2dVertex
 10
-384.0473527292482
 20
3.19324211223352
 30
0.0
  0
VERTEX
  5
247
330
1E8
100
AcDbEntity
  8
inside2_B
100
AcDbVertex
100
AcDb2dVertex
 10
-384.4577509249504
 20
3.184452003754473
 30
0.0
  0
VERTEX
  5
248
330
1E8
100
AcDbEntity
  8
inside2_B
100
AcDbVertex
100
AcDb2dVertex
 10
-384.8761798239789
 20
3.175455172470691
 30
0.0
  0
VERTEX
  5
249
330
1E8
100
AcDbEntity
  8
inside2_B
100
AcDbVertex
100
AcDb2dVertex
 10
-385.3029954261584
 20
3.166260110075257
 30
0.0
  0
VERTEX
  5
24A
330
1E8
100
AcDbEntity
  8
inside2_B
100
AcDbVertex
100
AcDb2dVertex
 10
-385.7387923627282
 20
3.156867146036305
 30
0.0
  0
VERTEX
  5
24B
330
1E8
100
AcDbEntity
  8
inside2_B
100
AcDbVertex
100
AcDb2dVertex
 10
-386.1840356984652
 20
3.147275131190412
 30
0.0
  0
VERTEX
  5
24C
330
1E8
100
AcDbEntity
  8
inside2_B
100
AcDbVertex
100
AcDb2dVertex
 10
-386.6392066872123
 20
3.137377125772502
 30
0.0
  0
VERTEX
  5
24D
330
1E8
100
AcDbEntity
  8
inside2_B
100
AcDbVertex
100
AcDb2dVertex
 10
-387.1041601974289
 20
3.12718392006694
 30
0.0
  0
VERTEX
  5
24E
330
1E8
100
AcDbEntity
  8
inside2_B
100
AcDbVertex
100
AcDb2dVertex
 10
-387.578202419406
 20
3.116892244024541
 30
0.0
  0
VERTEX
  5
24F
330
1E8
100
AcDbEntity
  8
inside2_B
100
AcDbVertex
100
AcDb2dVertex
 10
-388.0602939456331
 20
3.106400722229012
 30
0.0
  0
VERTEX
  5
250
330
1E8
100
AcDbEntity
  8
inside2_B
100
AcDbVertex
100
AcDb2dVertex
 10
-388.5492282546323
 20
3.095710383480736
 30
0.0
  0
VERTEX
  5
251
330
1E8
100
AcDbEntity
  8
inside2_B
100
AcDbVertex
100
AcDb2dVertex
 10
-389.0437635189442
 20
3.084815756207561
 30
0.0
  0
VERTEX
  5
252
330
1E8
100
AcDbEntity
  8
inside2_B
100
AcDbVertex
100
AcDb2dVertex
 10
-389.5428326043728
 20
3.073920682678292
 30
0.0
  0
VERTEX
  5
253
330
1E8
100
AcDbEntity
  8
inside2_B
100
AcDbVertex
100
AcDb2dVertex
 10
-390.0452176716903
 20
3.062826885851067
 30
0.0
  0
VERTEX
  5
254
330
1E8
100
AcDbEntity
  8
inside2_B
100
AcDbVertex
100
AcDb2dVertex
 10
-390.5499221216522
 20
3.05173473168071
 30
0.0
  0
VERTEX
  5
255
330
1E8
100
AcDbEntity
  8
inside2_B
100
AcDbVertex
100
AcDb2dVertex
 10
-391.0558105165241
 20
3.040648646885771
 30
0.0
  0
VERTEX
  5
256
330
1E8
100
AcDbEntity
  8
inside2_B
100
AcDbVertex
100
AcDb2dVertex
 10
-391.5620951374636
 20
3.029455486892715
 30
0.0
  0
VERTEX
  5
257
330
1E8
100
AcDbEntity
  8
inside2_B
100
AcDbVertex
100
AcDb2dVertex
 10
-392.0677192462761
 20
3.018263783067169
 30
0.0
  0
VERTEX
  5
258
330
1E8
100
AcDbEntity
  8
inside2_B
100
AcDbVertex
100
AcDb2dVertex
 10
-392.5719675148642
 20
3.007170931074484
 30
0.0
  0
VERTEX
  5
259
330
1E8
100
AcDbEntity
  8
inside2_B
100
AcDbVertex
100
AcDb2dVertex
 10
-393.0739613783533
 20
2.996076680643469
 30
0.0
  0
VERTEX
  5
25A
330
1E8
100
AcDbEntity
  8
inside2_B
100
AcDbVertex
100
AcDb2dVertex
 10
-393.5729067325075
 20
2.984984093009473
 30
0.0
  0
VERTEX
  5
25B
330
1E8
100
AcDbEntity
  8
inside2_B
100
AcDbVertex
100
AcDb2dVertex
 10
-394.0677548381086
 20
2.97408929217589
 30
0.0
  0
VERTEX
  5
25C
330
1E8
100
AcDbEntity
  8
inside2_B
100
AcDbVertex
100
AcDb2dVertex
 10
-394.5578241390591
 20
2.963194288736801
 30
0.0
  0
VERTEX
  5
25D
330
1E8
100
AcDbEntity
  8
inside2_B
100
AcDbVertex
100
AcDb2dVertex
 10
-395.042505664526
 20
2.95250491483867
 30
0.0
  0
VERTEX
  5
25E
330
1E8
100
AcDbEntity
  8
inside2_B
100
AcDbVertex
100
AcDb2dVertex
 10
-395.5216045843494
 20
2.941815235584855
 30
0.0
  0
VERTEX
  5
25F
330
1E8
100
AcDbEntity
  8
inside2_B
100
AcDbVertex
100
AcDb2dVertex
 10
-395.994665687254
 20
2.931317167273832
 30
0.0
  0
VERTEX
  5
260
330
1E8
100
AcDbEntity
  8
inside2_B
100
AcDbVertex
100
AcDb2dVertex
 10
-396.4615284626425
 20
2.920925666149401
 30
0.0
  0
VERTEX
  5
261
330
1E8
100
AcDbEntity
  8
inside2_B
100
AcDbVertex
100
AcDb2dVertex
 10
-396.921285130663
 20
2.910732738992181
 30
0.0
  0
SEQEND
  5
262
330
1E8
100
AcDbEntity
  8
inside2_B
  0
POLYLINE
  5
263
330
1F
100
AcDbEntity
  8
inside2_B
100
AcDb2dPolyline
 66
     1
 10
0.0
 20
0.0
 30
0.0
  0
VERTEX
  5
264
330
263
100
AcDbEntity
  8
inside2_B
100
AcDbVertex
100
AcDb2dVertex
 10
-396.9220196417464
 20
2.910732004085204
 30
0.0
  0
VERTEX
  5
265
330
263
100
AcDbEntity
  8
inside2_B
100
AcDbVertex
100
AcDb2dVertex
 10
-397.3759218328267
 20
2.900637155919668
 30
0.0
  0
VERTEX
  5
266
330
263
100
AcDbEntity
  8
inside2_B
100
AcDbVertex
100
AcDb2dVertex
 10
-397.8228219671918
 20
2.890649453312577
 30
0.0
  0
VERTEX
  5
267
330
263
100
AcDbEntity
  8
inside2_B
100
AcDbVertex
100
AcDb2dVertex
 10
-398.2626736295198
 20
2.880853457158622
 30
0.0
  0
VERTEX
  5
268
330
263
100
AcDbEntity
  8
inside2_B
100
AcDbVertex
100
AcDb2dVertex
 10
-398.6952864606521
 20
2.871262203033552
 30
0.0
  0
VERTEX
  5
269
330
263
100
AcDbEntity
  8
inside2_B
100
AcDbVertex
100
AcDb2dVertex
 10
-399.1208849427774
 20
2.861770065341474
 30
0.0
  0
VERTEX
  5
26A
330
263
100
AcDbEntity
  8
inside2_B
100
AcDbVertex
100
AcDb2dVertex
 10
-399.5395005726064
 20
2.852476136576655
 30
0.0
  0
VERTEX
  5
26B
330
263
100
AcDbEntity
  8
inside2_B
100
AcDbVertex
100
AcDb2dVertex
 10
-399.9511862600833
 20
2.843280119923634
 30
0.0
  0
VERTEX
  5
26C
330
263
100
AcDbEntity
  8
inside2_B
100
AcDbVertex
100
AcDb2dVertex
 10
-400.3560989999106
 20
2.834184640755595
 30
0.0
  0
VERTEX
  5
26D
330
263
100
AcDbEntity
  8
inside2_B
100
AcDbVertex
100
AcDb2dVertex
 10
-400.7541536267118
 20
2.82529629392404
 30
0.0
  0
VERTEX
  5
26E
330
263
100
AcDbEntity
  8
inside2_B
100
AcDbVertex
100
AcDb2dVertex
 10
-401.1457824573984
 20
2.816597327723031
 30
0.0
  0
VERTEX
  5
26F
330
263
100
AcDbEntity
  8
inside2_B
100
AcDbVertex
100
AcDb2dVertex
 10
-401.5309433299977
 20
2.808004479844755
 30
0.0
  0
SEQEND
  5
270
330
263
100
AcDbEntity
  8
inside2_B
  0
POLYLINE
  5
271
330
1F
100
AcDbEntity
  8
inside2_B
100
AcDb2dPolyline
 66
     1
 10
0.0
 20
0.0
 30
0.0
  0
VERTEX
  5
272
330
271
100
AcDbEntity
  8
inside2_B
100
AcDbVertex
100
AcDb2dVertex
 10
34.54923433859784
 20
3.132832262445618
 30
0.0
  0
VERTEX
  5
273
330
271
100
AcDbEntity
  8
inside2_B
100
AcDbVertex
100
AcDb2dVertex
 10
34.12227091368453
 20
3.132534955389985
 30
0.0
  0
VERTEX
  5
274
330
271
100
AcDbEntity
  8
inside2_B
100
AcDbVertex
100
AcDb2dVertex
 10
33.67665981697172
 20
3.13213858561528
 30
0.0
  0
VERTEX
  5
275
330
271
100
AcDbEntity
  8
inside2_B
100
AcDbVertex
100
AcDb2dVertex
 10
33.21334558103916
 20
3.131635447212432
 30
0.0
  0
VERTEX
  5
276
330
271
100
AcDbEntity
  8
inside2_B
100
AcDbVertex
100
AcDb2dVertex
 10
32.73420937627469
 20
3.131132280705842
 30
0.0
  0
VERTEX
  5
277
330
271
100
AcDbEntity
  8
inside2_B
100
AcDbVertex
100
AcDb2dVertex
 10
32.24408097699796
 20
3.130537649723095
 30
0.0
  0
VERTEX
  5
278
330
271
100
AcDbEntity
  8
inside2_B
100
AcDbVertex
100
AcDb2dVertex
 10
31.74772546065418
 20
3.129935461539048
 30
0.0
  0
VERTEX
  5
279
330
271
100
AcDbEntity
  8
inside2_B
100
AcDbVertex
100
AcDb2dVertex
 10
31.25019263375879
 20
3.129135005746818
 30
0.0
  0
VERTEX
  5
27A
330
271
100
AcDbEntity
  8
inside2_B
100
AcDbVertex
100
AcDb2dVertex
 10
30.75550580665293
 20
3.128441291556058
 30
0.0
  0
VERTEX
  5
27B
330
271
100
AcDbEntity
  8
inside2_B
100
AcDbVertex
100
AcDb2dVertex
 10
30.26654023659961
 20
3.127541841265071
 30
0.0
  0
VERTEX
  5
27C
330
271
100
AcDbEntity
  8
inside2_B
100
AcDbVertex
100
AcDb2dVertex
 10
29.7856080482124
 20
3.126642246873132
 30
0.0
  0
VERTEX
  5
27D
330
271
100
AcDbEntity
  8
inside2_B
100
AcDbVertex
100
AcDb2dVertex
 10
29.31561092832652
 20
3.125742745443489
 30
0.0
  0
VERTEX
  5
27E
330
271
100
AcDbEntity
  8
inside2_B
100
AcDbVertex
100
AcDb2dVertex
 10
28.85716902717166
 20
3.124744276848489
 30
0.0
  0
VERTEX
  5
27F
330
271
100
AcDbEntity
  8
inside2_B
100
AcDbVertex
100
AcDb2dVertex
 10
28.40912341659208
 20
3.12363917693807
 30
0.0
  0
VERTEX
  5
280
330
271
100
AcDbEntity
  8
inside2_B
100
AcDbVertex
100
AcDb2dVertex
 10
27.11039721641004
 20
3.119941903998438
 30
0.0
  0
VERTEX
  5
281
330
271
100
AcDbEntity
  8
inside2_B
100
AcDbVertex
100
AcDb2dVertex
 10
26.68758634401723
 20
3.118646153920793
 30
0.0
  0
VERTEX
  5
282
330
271
100
AcDbEntity
  8
inside2_B
100
AcDbVertex
100
AcDb2dVertex
 10
26.26723980721789
 20
3.117251148004542
 30
0.0
  0
VERTEX
  5
283
330
271
100
AcDbEntity
  8
inside2_B
100
AcDbVertex
100
AcDb2dVertex
 10
25.84780027140704
 20
3.115848543996648
 30
0.0
  0
VERTEX
  5
284
330
271
100
AcDbEntity
  8
inside2_B
100
AcDbVertex
100
AcDb2dVertex
 10
25.42820003054175
 20
3.114346977285479
 30
0.0
  0
VERTEX
  5
285
330
271
100
AcDbEntity
  8
inside2_B
100
AcDbVertex
100
AcDb2dVertex
 10
25.00759410922655
 20
3.112753946268938
 30
0.0
  0
VERTEX
  5
286
330
271
100
AcDbEntity
  8
inside2_B
100
AcDbVertex
100
AcDb2dVertex
 10
24.58524613435901
 20
3.111054004055461
 30
0.0
  0
VERTEX
  5
287
330
271
100
AcDbEntity
  8
inside2_B
100
AcDbVertex
100
AcDb2dVertex
 10
24.16034526180505
 20
3.109353790491824
 30
0.0
  0
VERTEX
  5
288
330
271
100
AcDbEntity
  8
inside2_B
100
AcDbVertex
100
AcDb2dVertex
 10
23.7322698378677
 20
3.107653747188436
 30
0.0
  0
VERTEX
  5
289
330
271
100
AcDbEntity
  8
inside2_B
100
AcDbVertex
100
AcDb2dVertex
 10
23.30036331069954
 20
3.105854835388442
 30
0.0
  0
VERTEX
  5
28A
330
271
100
AcDbEntity
  8
inside2_B
100
AcDbVertex
100
AcDb2dVertex
 10
22.86364851824732
 20
3.103956804540829
 30
0.0
  0
VERTEX
  5
28B
330
271
100
AcDbEntity
  8
inside2_B
100
AcDbVertex
100
AcDb2dVertex
 10
22.42158797046926
 20
3.101959428216915
 30
0.0
  0
VERTEX
  5
28C
330
271
100
AcDbEntity
  8
inside2_B
100
AcDbVertex
100
AcDb2dVertex
 10
21.9745919617996
 20
3.099961868104486
 30
0.0
  0
VERTEX
  5
28D
330
271
100
AcDbEntity
  8
inside2_B
100
AcDbVertex
100
AcDb2dVertex
 10
21.52393051936173
 20
3.097964484797174
 30
0.0
  0
VERTEX
  5
28E
330
271
100
AcDbEntity
  8
inside2_B
100
AcDbVertex
100
AcDb2dVertex
 10
21.07063984720133
 20
3.095868316524417
 30
0.0
  0
VERTEX
  5
28F
330
271
100
AcDbEntity
  8
inside2_B
100
AcDbVertex
100
AcDb2dVertex
 10
20.61596211311615
 20
3.093665435298107
 30
0.0
  0
VERTEX
  5
290
330
271
100
AcDbEntity
  8
inside2_B
100
AcDbVertex
100
AcDb2dVertex
 10
20.16062217409871
 20
3.091370820838961
 30
0.0
  0
VERTEX
  5
291
330
271
100
AcDbEntity
  8
inside2_B
100
AcDbVertex
100
AcDb2dVertex
 10
19.70594920776756
 20
3.089068408881062
 30
0.0
  0
VERTEX
  5
292
330
271
100
AcDbEntity
  8
inside2_B
100
AcDbVertex
100
AcDb2dVertex
 10
19.25308896822247
 20
3.086774152776854
 30
0.0
  0
VERTEX
  5
293
330
271
100
AcDbEntity
  8
inside2_B
100
AcDbVertex
100
AcDb2dVertex
 10
18.80294335975867
 20
3.084274275367079
 30
0.0
  0
VERTEX
  5
294
330
271
100
AcDbEntity
  8
inside2_B
100
AcDbVertex
100
AcDb2dVertex
 10
17.4682485275552
 20
3.076681686280153
 30
0.0
  0
VERTEX
  5
295
330
271
100
AcDbEntity
  8
inside2_B
100
AcDbVertex
100
AcDb2dVertex
 10
15.72001223866545
 20
3.065689270224325
 30
0.0
  0
VERTEX
  5
296
330
271
100
AcDbEntity
  8
inside2_B
100
AcDbVertex
100
AcDb2dVertex
 10
15.28746982833167
 20
3.062793155132397
 30
0.0
  0
VERTEX
  5
297
330
271
100
AcDbEntity
  8
inside2_B
100
AcDbVertex
100
AcDb2dVertex
 10
14.85573040562798
 20
3.059797293964195
 30
0.0
  0
VERTEX
  5
298
330
271
100
AcDbEntity
  8
inside2_B
100
AcDbVertex
100
AcDb2dVertex
 10
14.42438940340043
 20
3.056801446826839
 30
0.0
  0
VERTEX
  5
299
330
271
100
AcDbEntity
  8
inside2_B
100
AcDbVertex
100
AcDb2dVertex
 10
13.99254218956725
 20
3.053698855193474
 30
0.0
  0
VERTEX
  5
29A
330
271
100
AcDbEntity
  8
inside2_B
100
AcDbVertex
100
AcDb2dVertex
 10
13.55957055236712
 20
3.050603695458733
 30
0.0
  0
VERTEX
  5
29B
330
271
100
AcDbEntity
  8
inside2_B
100
AcDbVertex
100
AcDb2dVertex
 10
13.1248801222402
 20
3.047409908367783
 30
0.0
  0
VERTEX
  5
29C
330
271
100
AcDbEntity
  8
inside2_B
100
AcDbVertex
100
AcDb2dVertex
 10
12.68771709842594
 20
3.044108925016218
 30
0.0
  0
VERTEX
  5
29D
330
271
100
AcDbEntity
  8
inside2_B
100
AcDbVertex
100
AcDb2dVertex
 10
12.24754535722485
 20
3.040815527389029
 30
0.0
  0
VERTEX
  5
29E
330
271
100
AcDbEntity
  8
inside2_B
100
AcDbVertex
100
AcDb2dVertex
 10
11.80398959353505
 20
3.037415522738172
 30
0.0
  0
VERTEX
  5
29F
330
271
100
AcDbEntity
  8
inside2_B
100
AcDbVertex
100
AcDb2dVertex
 10
11.35803384760305
 20
3.034015353737615
 30
0.0
  0
VERTEX
  5
2A0
330
271
100
AcDbEntity
  8
inside2_B
100
AcDbVertex
100
AcDb2dVertex
 10
10.91044236619808
 20
3.030524262142194
 30
0.0
  0
VERTEX
  5
2A1
330
271
100
AcDbEntity
  8
inside2_B
100
AcDbVertex
100
AcDb2dVertex
 10
10.46190970758875
 20
3.026926121232165
 30
0.0
  0
VERTEX
  5
2A2
330
271
100
AcDbEntity
  8
inside2_B
100
AcDbVertex
100
AcDb2dVertex
 10
10.01341663356533
 20
3.023327563944974
 30
0.0
  0
VERTEX
  5
2A3
330
271
100
AcDbEntity
  8
inside2_B
100
AcDbVertex
100
AcDb2dVertex
 10
9.565797289927502
 20
3.019729533748844
 30
0.0
  0
VERTEX
  5
2A4
330
271
100
AcDbEntity
  8
inside2_B
100
AcDbVertex
100
AcDb2dVertex
 10
9.1198360903158
 20
3.016032880496198
 30
0.0
  0
VERTEX
  5
2A5
330
271
100
AcDbEntity
  8
inside2_B
100
AcDbVertex
100
AcDb2dVertex
 10
8.676365667968355
 20
3.012237193188199
 30
0.0
  0
VERTEX
  5
2A6
330
271
100
AcDbEntity
  8
inside2_B
100
AcDbVertex
100
AcDb2dVertex
 10
8.235347237373333
 20
3.008341863253648
 30
0.0
  0
VERTEX
  5
2A7
330
271
100
AcDbEntity
  8
inside2_B
100
AcDbVertex
100
AcDb2dVertex
 10
7.796384660738056
 20
3.004446241496694
 30
0.0
  0
VERTEX
  5
2A8
330
271
100
AcDbEntity
  8
inside2_B
100
AcDbVertex
100
AcDb2dVertex
 10
7.359041618461504
 20
3.000543298638746
 30
0.0
  0
VERTEX
  5
2A9
330
271
100
AcDbEntity
  8
inside2_B
100
AcDbVertex
100
AcDb2dVertex
 10
6.922566504349049
 20
2.996549289142479
 30
0.0
  0
VERTEX
  5
2AA
330
271
100
AcDbEntity
  8
inside2_B
100
AcDbVertex
100
AcDb2dVertex
 10
6.486525683893149
 20
2.992455689132257
 30
0.0
  0
VERTEX
  5
2AB
330
271
100
AcDbEntity
  8
inside2_B
100
AcDbVertex
100
AcDb2dVertex
 10
6.050283205951416
 20
2.988354433487984
 30
0.0
  0
VERTEX
  5
2AC
330
271
100
AcDbEntity
  8
inside2_B
100
AcDbVertex
100
AcDb2dVertex
 10
5.613439789696429
 20
2.984161639286185
 30
0.0
  0
VERTEX
  5
2AD
330
271
100
AcDbEntity
  8
inside2_B
100
AcDbVertex
100
AcDb2dVertex
 10
5.175275704254943
 20
2.979961131024922
 30
0.0
  0
VERTEX
  5
2AE
330
271
100
AcDbEntity
  8
inside2_B
100
AcDbVertex
100
AcDb2dVertex
 10
4.735820892741629
 20
2.975669193008713
 30
0.0
  0
VERTEX
  5
2AF
330
271
100
AcDbEntity
  8
inside2_B
100
AcDbVertex
100
AcDb2dVertex
 10
4.295379095241685
 20
2.971369671164197
 30
0.0
  0
VERTEX
  5
2B0
330
271
100
AcDbEntity
  8
inside2_B
100
AcDbVertex
100
AcDb2dVertex
 10
3.854181328039147
 20
2.966971566197628
 30
0.0
  0
VERTEX
  5
2B1
330
271
100
AcDbEntity
  8
inside2_B
100
AcDbVertex
100
AcDb2dVertex
 10
3.412339897818981
 20
2.962473870479371
 30
0.0
  0
VERTEX
  5
2B2
330
271
100
AcDbEntity
  8
inside2_B
100
AcDbVertex
100
AcDb2dVertex
 10
2.97003955168833
 20
2.957983163152875
 30
0.0
  0
VERTEX
  5
2B3
330
271
100
AcDbEntity
  8
inside2_B
100
AcDbVertex
100
AcDb2dVertex
 10
2.527758752652915
 20
2.953486115718349
 30
0.0
  0
VERTEX
  5
2B4
330
271
100
AcDbEntity
  8
inside2_B
100
AcDbVertex
100
AcDb2dVertex
 10
2.085598795431167
 20
2.948791043429011
 30
0.0
  0
VERTEX
  5
2B5
330
271
100
AcDbEntity
  8
inside2_B
100
AcDbVertex
100
AcDb2dVertex
 10
0.7606085999752281
 20
2.934603595909735
 30
0.0
  0
VERTEX
  5
2B6
330
271
100
AcDbEntity
  8
inside2_B
100
AcDbVertex
100
AcDb2dVertex
 10
-0.1212527825817347
 20
2.924907115163819
 30
0.0
  0
VERTEX
  5
2B7
330
271
100
AcDbEntity
  8
inside2_B
100
AcDbVertex
100
AcDb2dVertex
 10
-1.002198873994359
 20
2.915020235973032
 30
0.0
  0
VERTEX
  5
2B8
330
271
100
AcDbEntity
  8
inside2_B
100
AcDbVertex
100
AcDb2dVertex
 10
-1.882575951444153
 20
2.904828145430713
 30
0.0
  0
VERTEX
  5
2B9
330
271
100
AcDbEntity
  8
inside2_B
100
AcDbVertex
100
AcDb2dVertex
 10
-2.762450947321042
 20
2.89453694232877
 30
0.0
  0
VERTEX
  5
2BA
330
271
100
AcDbEntity
  8
inside2_B
100
AcDbVertex
100
AcDb2dVertex
 10
-3.642102587102102
 20
2.883941117696224
 30
0.0
  0
VERTEX
  5
2BB
330
271
100
AcDbEntity
  8
inside2_B
100
AcDbVertex
100
AcDb2dVertex
 10
-4.081943092996028
 20
2.878543927530671
 30
0.0
  0
VERTEX
  5
2BC
330
271
100
AcDbEntity
  8
inside2_B
100
AcDbVertex
100
AcDb2dVertex
 10
-4.521773383033008
 20
2.873154298804863
 30
0.0
  0
VERTEX
  5
2BD
330
271
100
AcDbEntity
  8
inside2_B
100
AcDbVertex
100
AcDb2dVertex
 10
-5.401739378507784
 20
2.862161965689751
 30
0.0
  0
VERTEX
  5
2BE
330
271
100
AcDbEntity
  8
inside2_B
100
AcDbVertex
100
AcDb2dVertex
 10
-6.722072500706702
 20
2.845276448156824
 30
0.0
  0
VERTEX
  5
2BF
330
271
100
AcDbEntity
  8
inside2_B
100
AcDbVertex
100
AcDb2dVertex
 10
-8.042998233423816
 20
2.827987123708226
 30
0.0
  0
VERTEX
  5
2C0
330
271
100
AcDbEntity
  8
inside2_B
100
AcDbVertex
100
AcDb2dVertex
 10
-9.364412918872233
 20
2.810202279520723
 30
0.0
  0
VERTEX
  5
2C1
330
271
100
AcDbEntity
  8
inside2_B
100
AcDbVertex
100
AcDb2dVertex
 10
-10.68623755668642
 20
2.792021054110748
 30
0.0
  0
VERTEX
  5
2C2
330
271
100
AcDbEntity
  8
inside2_B
100
AcDbVertex
100
AcDb2dVertex
 10
-12.00836783727192
 20
2.773336474860358
 30
0.0
  0
VERTEX
  5
2C3
330
271
100
AcDbEntity
  8
inside2_B
100
AcDbVertex
100
AcDb2dVertex
 10
-13.33069757455547
 20
2.754346947732628
 30
0.0
  0
VERTEX
  5
2C4
330
271
100
AcDbEntity
  8
inside2_B
100
AcDbVertex
100
AcDb2dVertex
 10
-14.65320611259
 20
2.73486241956229
 30
0.0
  0
VERTEX
  5
2C5
330
271
100
AcDbEntity
  8
inside2_B
100
AcDbVertex
100
AcDb2dVertex
 10
-15.97573303782411
 20
2.714881884700446
 30
0.0
  0
VERTEX
  5
2C6
330
271
100
AcDbEntity
  8
inside2_B
100
AcDbVertex
100
AcDb2dVertex
 10
-17.29829270825877
 20
2.694596151491098
 30
0.0
  0
VERTEX
  5
2C7
330
271
100
AcDbEntity
  8
inside2_B
100
AcDbVertex
100
AcDb2dVertex
 10
-18.6207190165556
 20
2.673914420658761
 30
0.0
  0
VERTEX
  5
2C8
330
271
100
AcDbEntity
  8
inside2_B
100
AcDbVertex
100
AcDb2dVertex
 10
-19.50218305820505
 20
2.659826852130109
 30
0.0
  0
VERTEX
  5
2C9
330
271
100
AcDbEntity
  8
inside2_B
100
AcDbVertex
100
AcDb2dVertex
 10
-20.38368783729203
 20
2.6456397724819
 30
0.0
  0
VERTEX
  5
2CA
330
271
100
AcDbEntity
  8
inside2_B
100
AcDbVertex
100
AcDb2dVertex
 10
-21.26510216593675
 20
2.631246845198731
 30
0.0
  0
VERTEX
  5
2CB
330
271
100
AcDbEntity
  8
inside2_B
100
AcDbVertex
100
AcDb2dVertex
 10
-22.14627724168446
 20
2.616762861498117
 30
0.0
  0
VERTEX
  5
2CC
330
271
100
AcDbEntity
  8
inside2_B
100
AcDbVertex
100
AcDb2dVertex
 10
-23.02758458605996
 20
2.601973523158506
 30
0.0
  0
VERTEX
  5
2CD
330
271
100
AcDbEntity
  8
inside2_B
100
AcDbVertex
100
AcDb2dVertex
 10
-23.90867815951498
 20
2.587184190128383
 30
0.0
  0
VERTEX
  5
2CE
330
271
100
AcDbEntity
  8
inside2_B
100
AcDbVertex
100
AcDb2dVertex
 10
-24.78976021312934
 20
2.572098004074547
 30
0.0
  0
VERTEX
  5
2CF
330
271
100
AcDbEntity
  8
inside2_B
100
AcDbVertex
100
AcDb2dVertex
 10
-25.6708698914054
 20
2.556904617772375
 30
0.0
  0
VERTEX
  5
2D0
330
271
100
AcDbEntity
  8
inside2_B
100
AcDbVertex
100
AcDb2dVertex
 10
-26.55176616134378
 20
2.541520646289968
 30
0.0
  0
VERTEX
  5
2D1
330
271
100
AcDbEntity
  8
inside2_B
100
AcDbVertex
100
AcDb2dVertex
 10
-27.43267654806647
 20
2.526029967422772
 30
0.0
  0
VERTEX
  5
2D2
330
271
100
AcDbEntity
  8
inside2_B
100
AcDbVertex
100
AcDb2dVertex
 10
-28.31357322407172
 20
2.510341053693722
 30
0.0
  0
VERTEX
  5
2D3
330
271
100
AcDbEntity
  8
inside2_B
100
AcDbVertex
100
AcDb2dVertex
 10
-29.1944051318024
 20
2.4945525572344
 30
0.0
  0
VERTEX
  5
2D4
330
271
100
AcDbEntity
  8
inside2_B
100
AcDbVertex
100
AcDb2dVertex
 10
-30.07521037565022
 20
2.47866543478176
 30
0.0
  0
VERTEX
  5
2D5
330
271
100
AcDbEntity
  8
inside2_B
100
AcDbVertex
100
AcDb2dVertex
 10
-30.9558968666077
 20
2.462580602568593
 30
0.0
  0
VERTEX
  5
2D6
330
271
100
AcDbEntity
  8
inside2_B
100
AcDbVertex
100
AcDb2dVertex
 10
-31.83648702873376
 20
2.446297094480258
 30
0.0
  0
VERTEX
  5
2D7
330
271
100
AcDbEntity
  8
inside2_B
100
AcDbVertex
100
AcDb2dVertex
 10
-32.71722590073028
 20
2.429906361715965
 30
0.0
  0
VERTEX
  5
2D8
330
271
100
AcDbEntity
  8
inside2_B
100
AcDbVertex
100
AcDb2dVertex
 10
-33.59786098685055
 20
2.413416467060102
 30
0.0
  0
VERTEX
  5
2D9
330
271
100
AcDbEntity
  8
inside2_B
100
AcDbVertex
100
AcDb2dVertex
 10
-34.47836115528395
 20
2.396835619732471
 30
0.0
  0
VERTEX
  5
2DA
330
271
100
AcDbEntity
  8
inside2_B
100
AcDbVertex
100
AcDb2dVertex
 10
-35.35888647194935
 20
2.380048461747194
 30
0.0
  0
VERTEX
  5
2DB
330
271
100
AcDbEntity
  8
inside2_B
100
AcDbVertex
100
AcDb2dVertex
 10
-35.79913889982146
 20
2.371655368467444
 30
0.0
  0
VERTEX
  5
2DC
330
271
100
AcDbEntity
  8
inside2_B
100
AcDbVertex
100
AcDb2dVertex
 10
-36.23937576696591
 20
2.363163180242339
 30
0.0
  0
VERTEX
  5
2DD
330
271
100
AcDbEntity
  8
inside2_B
100
AcDbVertex
100
AcDb2dVertex
 10
-36.67965790840191
 20
2.354662494669995
 30
0.0
  0
VERTEX
  5
2DE
330
271
100
AcDbEntity
  8
inside2_B
100
AcDbVertex
100
AcDb2dVertex
 10
-37.11990313559824
 20
2.346170145108132
 30
0.0
  0
VERTEX
  5
2DF
330
271
100
AcDbEntity
  8
inside2_B
100
AcDbVertex
100
AcDb2dVertex
 10
-37.56014015988472
 20
2.33757885287659
 30
0.0
  0
VERTEX
  5
2E0
330
271
100
AcDbEntity
  8
inside2_B
100
AcDbVertex
100
AcDb2dVertex
 10
-38.00033709422775
 20
2.328986557590497
 30
0.0
  0
VERTEX
  5
2E1
330
271
100
AcDbEntity
  8
inside2_B
100
AcDbVertex
100
AcDb2dVertex
 10
-38.44057193882264
 20
2.320395307892085
 30
0.0
  0
VERTEX
  5
2E2
330
271
100
AcDbEntity
  8
inside2_B
100
AcDbVertex
100
AcDb2dVertex
 10
-38.88080486231303
 20
2.311697372555244
 30
0.0
  0
VERTEX
  5
2E3
330
271
100
AcDbEntity
  8
inside2_B
100
AcDbVertex
100
AcDb2dVertex
 10
-39.32100997750064
 20
2.303005803160701
 30
0.0
  0
VERTEX
  5
2E4
330
271
100
AcDbEntity
  8
inside2_B
100
AcDbVertex
100
AcDb2dVertex
 10
-39.76130226572974
 20
2.294314319025432
 30
0.0
  0
VERTEX
  5
2E5
330
271
100
AcDbEntity
  8
inside2_B
100
AcDbVertex
100
AcDb2dVertex
 10
-40.20142748157497
 20
2.285616403029138
 30
0.0
  0
VERTEX
  5
2E6
330
271
100
AcDbEntity
  8
inside2_B
100
AcDbVertex
100
AcDb2dVertex
 10
-40.6416851554448
 20
2.276826800972557
 30
0.0
  0
VERTEX
  5
2E7
330
271
100
AcDbEntity
  8
inside2_B
100
AcDbVertex
100
AcDb2dVertex
 10
-41.08185793722993
 20
2.26802883441232
 30
0.0
  0
VERTEX
  5
2E8
330
271
100
AcDbEntity
  8
inside2_B
100
AcDbVertex
100
AcDb2dVertex
 10
-41.52210036544926
 20
2.259239232222626
 30
0.0
  0
VERTEX
  5
2E9
330
271
100
AcDbEntity
  8
inside2_B
100
AcDbVertex
100
AcDb2dVertex
 10
-41.96229823839468
 20
2.250341956291237
 30
0.0
  0
VERTEX
  5
2EA
330
271
100
AcDbEntity
  8
inside2_B
100
AcDbVertex
100
AcDb2dVertex
 10
-42.40250219034175
 20
2.241551295780042
 30
0.0
  0
VERTEX
  5
2EB
330
271
100
AcDbEntity
  8
inside2_B
100
AcDbVertex
100
AcDb2dVertex
 10
-42.84268160690982
 20
2.232663863750275
 30
0.0
  0
VERTEX
  5
2EC
330
271
100
AcDbEntity
  8
inside2_B
100
AcDbVertex
100
AcDb2dVertex
 10
-43.28286127891471
 20
2.223667535411536
 30
0.0
  0
VERTEX
  5
2ED
330
271
100
AcDbEntity
  8
inside2_B
100
AcDbVertex
100
AcDb2dVertex
 10
-43.72317097402703
 20
2.214770156719965
 30
0.0
  0
VERTEX
  5
2EE
330
271
100
AcDbEntity
  8
inside2_B
100
AcDbVertex
100
AcDb2dVertex
 10
-44.1633040272007
 20
2.205782404369742
 30
0.0
  0
VERTEX
  5
2EF
330
271
100
AcDbEntity
  8
inside2_B
100
AcDbVertex
100
AcDb2dVertex
 10
-44.60344270248999
 20
2.196787225447466
 30
0.0
  0
VERTEX
  5
2F0
330
271
100
AcDbEntity
  8
inside2_B
100
AcDbVertex
100
AcDb2dVertex
 10
-45.0437371493702
 20
2.187691618951746
 30
0.0
  0
VERTEX
  5
2F1
330
271
100
AcDbEntity
  8
inside2_B
100
AcDbVertex
100
AcDb2dVertex
 10
-45.48393481872546
 20
2.178702858479085
 30
0.0
  0
VERTEX
  5
2F2
330
271
100
AcDbEntity
  8
inside2_B
100
AcDbVertex
100
AcDb2dVertex
 10
-45.92406082675467
 20
2.169608526908164
 30
0.0
  0
VERTEX
  5
2F3
330
271
100
AcDbEntity
  8
inside2_B
100
AcDbVertex
100
AcDb2dVertex
 10
-46.36435354426618
 20
2.160512956131811
 30
0.0
  0
VERTEX
  5
2F4
330
271
100
AcDbEntity
  8
inside2_B
100
AcDbVertex
100
AcDb2dVertex
 10
-46.80449703888081
 20
2.151418578264071
 30
0.0
  0
VERTEX
  5
2F5
330
271
100
AcDbEntity
  8
inside2_B
100
AcDbVertex
100
AcDb2dVertex
 10
-47.24464256757034
 20
2.142225057400864
 30
0.0
  0
VERTEX
  5
2F6
330
271
100
AcDbEntity
  8
inside2_B
100
AcDbVertex
100
AcDb2dVertex
 10
-47.68494317056849
 20
2.133037832586552
 30
0.0
  0
VERTEX
  5
2F7
330
271
100
AcDbEntity
  8
inside2_B
100
AcDbVertex
100
AcDb2dVertex
 10
-48.12511617707452
 20
2.123843419175586
 30
0.0
  0
VERTEX
  5
2F8
330
271
100
AcDbEntity
  8
inside2_B
100
AcDbVertex
100
AcDb2dVertex
 10
-48.56535456590001
 20
2.114649869439233
 30
0.0
  0
VERTEX
  5
2F9
330
271
100
AcDbEntity
  8
inside2_B
100
AcDbVertex
100
AcDb2dVertex
 10
-49.00555342166791
 20
2.105356121730949
 30
0.0
  0
VERTEX
  5
2FA
330
271
100
AcDbEntity
  8
inside2_B
100
AcDbVertex
100
AcDb2dVertex
 10
-49.44584376633185
 20
2.096161487000828
 30
0.0
  0
VERTEX
  5
2FB
330
271
100
AcDbEntity
  8
inside2_B
100
AcDbVertex
100
AcDb2dVertex
 10
-49.88598826777985
 20
2.086868886854205
 30
0.0
  0
VERTEX
  5
2FC
330
271
100
AcDbEntity
  8
inside2_B
100
AcDbVertex
100
AcDb2dVertex
 10
-50.32628069050844
 20
2.07757509527724
 30
0.0
  0
VERTEX
  5
2FD
330
271
100
AcDbEntity
  8
inside2_B
100
AcDbVertex
100
AcDb2dVertex
 10
-50.76642519245758
 20
2.068282495115497
 30
0.0
  0
VERTEX
  5
2FE
330
271
100
AcDbEntity
  8
inside2_B
100
AcDbVertex
100
AcDb2dVertex
 10
-51.20666326167094
 20
2.058890749638948
 30
0.0
  0
VERTEX
  5
2FF
330
271
100
AcDbEntity
  8
inside2_B
100
AcDbVertex
100
AcDb2dVertex
 10
-51.64684441896503
 20
2.049497941232545
 30
0.0
  0
VERTEX
  5
300
330
271
100
AcDbEntity
  8
inside2_B
100
AcDbVertex
100
AcDb2dVertex
 10
-52.08715281204201
 20
2.040105020801235
 30
0.0
  0
VERTEX
  5
301
330
271
100
AcDbEntity
  8
inside2_B
100
AcDbVertex
100
AcDb2dVertex
 10
-52.52733361938959
 20
2.03071221986022
 30
0.0
  0
VERTEX
  5
302
330
271
100
AcDbEntity
  8
inside2_B
100
AcDbVertex
100
AcDb2dVertex
 10
-52.96762641436914
 20
2.021319306894327
 30
0.0
  0
VERTEX
  5
303
330
271
100
AcDbEntity
  8
inside2_B
100
AcDbVertex
100
AcDb2dVertex
 10
-53.4078623838912
 20
2.011927606211188
 30
0.0
  0
VERTEX
  5
304
330
271
100
AcDbEntity
  8
inside2_B
100
AcDbVertex
100
AcDb2dVertex
 10
-53.84800686473983
 20
2.002436805029006
 30
0.0
  0
VERTEX
  5
305
330
271
100
AcDbEntity
  8
inside2_B
100
AcDbVertex
100
AcDb2dVertex
 10
-54.28829112965224
 20
1.992937338425804
 30
0.0
  0
VERTEX
  5
306
330
271
100
AcDbEntity
  8
inside2_B
100
AcDbVertex
100
AcDb2dVertex
 10
-54.72849606515462
 20
1.983445233625616
 30
0.0
  0
VERTEX
  5
307
330
271
100
AcDbEntity
  8
inside2_B
100
AcDbVertex
100
AcDb2dVertex
 10
-55.16878853215559
 20
1.97395321420241
 30
0.0
  0
VERTEX
  5
308
330
271
100
AcDbEntity
  8
inside2_B
100
AcDbVertex
100
AcDb2dVertex
 10
-55.60902146260975
 20
1.964462478299112
 30
0.0
  0
VERTEX
  5
309
330
271
100
AcDbEntity
  8
inside2_B
100
AcDbVertex
100
AcDb2dVertex
 10
-56.04931074606617
 20
1.954863790716914
 30
0.0
  0
VERTEX
  5
30A
330
271
100
AcDbEntity
  8
inside2_B
100
AcDbVertex
100
AcDb2dVertex
 10
-56.48951370283163
 20
1.945371728623087
 30
0.0
  0
VERTEX
  5
30B
330
271
100
AcDbEntity
  8
inside2_B
100
AcDbVertex
100
AcDb2dVertex
 10
-56.92975179573324
 20
1.935781780209766
 30
0.0
  0
VERTEX
  5
30C
330
271
100
AcDbEntity
  8
inside2_B
100
AcDbVertex
100
AcDb2dVertex
 10
-57.37004214039717
 20
1.926190693567548
 30
0.0
  0
VERTEX
  5
30D
330
271
100
AcDbEntity
  8
inside2_B
100
AcDbVertex
100
AcDb2dVertex
 10
-57.81023064801963
 20
1.916592208382355
 30
0.0
  0
VERTEX
  5
30E
330
271
100
AcDbEntity
  8
inside2_B
100
AcDbVertex
100
AcDb2dVertex
 10
-58.25053134079172
 20
1.907000896208572
 30
0.0
  0
VERTEX
  5
30F
330
271
100
AcDbEntity
  8
inside2_B
100
AcDbVertex
100
AcDb2dVertex
 10
-58.69076427214242
 20
1.897411060232145
 30
0.0
  0
VERTEX
  5
310
330
271
100
AcDbEntity
  8
inside2_B
100
AcDbVertex
100
AcDb2dVertex
 10
-59.13105354454711
 20
1.887713260154243
 30
0.0
  0
VERTEX
  5
311
330
271
100
AcDbEntity
  8
inside2_B
100
AcDbVertex
100
AcDb2dVertex
 10
-59.57125650122185
 20
1.878122084161021
 30
0.0
  0
VERTEX
  5
312
330
271
100
AcDbEntity
  8
inside2_B
100
AcDbVertex
100
AcDb2dVertex
 10
-60.01149460596645
 20
1.868433034271305
 30
0.0
  0
VERTEX
  5
313
330
271
100
AcDbEntity
  8
inside2_B
100
AcDbVertex
100
AcDb2dVertex
 10
-60.45183416187439
 20
1.85873412657925
 30
0.0
  0
VERTEX
  5
314
330
271
100
AcDbEntity
  8
inside2_B
100
AcDbVertex
100
AcDb2dVertex
 10
-60.89212878795962
 20
1.849142946672501
 30
0.0
  0
VERTEX
  5
315
330
271
100
AcDbEntity
  8
inside2_B
100
AcDbVertex
100
AcDb2dVertex
 10
-61.3323223783637
 20
1.839455211989673
 30
0.0
  0
VERTEX
  5
316
330
271
100
AcDbEntity
  8
inside2_B
100
AcDbVertex
100
AcDb2dVertex
 10
-61.77250580544325
 20
1.829658279334168
 30
0.0
  0
VERTEX
  5
317
330
271
100
AcDbEntity
  8
inside2_B
100
AcDbVertex
100
AcDb2dVertex
 10
-62.2128548403835
 20
1.819966788019727
 30
0.0
  0
VERTEX
  5
318
330
271
100
AcDbEntity
  8
inside2_B
100
AcDbVertex
100
AcDb2dVertex
 10
-62.6531032012611
 20
1.810270224804881
 30
0.0
  0
VERTEX
  5
319
330
271
100
AcDbEntity
  8
inside2_B
100
AcDbVertex
100
AcDb2dVertex
 10
-63.09339336529644
 20
1.80048091622271
 30
0.0
  0
VERTEX
  5
31A
330
271
100
AcDbEntity
  8
inside2_B
100
AcDbVertex
100
AcDb2dVertex
 10
-63.53368243314031
 20
1.790783120650445
 30
0.0
  0
VERTEX
  5
31B
330
271
100
AcDbEntity
  8
inside2_B
100
AcDbVertex
100
AcDb2dVertex
 10
-63.97387032219405
 20
1.780993712836519
 30
0.0
  0
VERTEX
  5
31C
330
271
100
AcDbEntity
  8
inside2_B
100
AcDbVertex
100
AcDb2dVertex
 10
-64.4141730909717
 20
1.771303575367412
 30
0.0
  0
VERTEX
  5
31D
330
271
100
AcDbEntity
  8
inside2_B
100
AcDbVertex
100
AcDb2dVertex
 10
-64.854405842885
 20
1.761507920194958
 30
0.0
  0
VERTEX
  5
31E
330
271
100
AcDbEntity
  8
inside2_B
100
AcDbVertex
100
AcDb2dVertex
 10
-65.29470438923505
 20
1.751718425171333
 30
0.0
  0
VERTEX
  5
31F
330
271
100
AcDbEntity
  8
inside2_B
100
AcDbVertex
100
AcDb2dVertex
 10
-65.73498653219377
 20
1.741921670923674
 30
0.0
  0
VERTEX
  5
320
330
271
100
AcDbEntity
  8
inside2_B
100
AcDbVertex
100
AcDb2dVertex
 10
-66.17528507856292
 20
1.732132175899622
 30
0.0
  0
VERTEX
  5
321
330
271
100
AcDbEntity
  8
inside2_B
100
AcDbVertex
100
AcDb2dVertex
 10
-66.61556722152187
 20
1.722335421651948
 30
0.0
  0
VERTEX
  5
322
330
271
100
AcDbEntity
  8
inside2_B
100
AcDbVertex
100
AcDb2dVertex
 10
-67.05588138073682
 20
1.712545918519496
 30
0.0
  0
VERTEX
  5
323
330
271
100
AcDbEntity
  8
inside2_B
100
AcDbVertex
100
AcDb2dVertex
 10
-67.4961631589984
 20
1.702749172380265
 30
0.0
  0
VERTEX
  5
324
330
271
100
AcDbEntity
  8
inside2_B
100
AcDbVertex
100
AcDb2dVertex
 10
-67.93635241473868
 20
1.692959734138697
 30
0.0
  0
VERTEX
  5
325
330
271
100
AcDbEntity
  8
inside2_B
100
AcDbVertex
100
AcDb2dVertex
 10
-68.37659923113443
 20
1.683164105229395
 30
0.0
  0
VERTEX
  5
326
330
271
100
AcDbEntity
  8
inside2_B
100
AcDbVertex
100
AcDb2dVertex
 10
-68.81689349416484
 20
1.673267967507968
 30
0.0
  0
VERTEX
  5
327
330
271
100
AcDbEntity
  8
inside2_B
100
AcDbVertex
100
AcDb2dVertex
 10
-69.25724125047742
 20
1.663477378432546
 30
0.0
  0
VERTEX
  5
328
330
271
100
AcDbEntity
  8
inside2_B
100
AcDbVertex
100
AcDb2dVertex
 10
-69.69747418344247
 20
1.653681719160502
 30
0.0
  0
VERTEX
  5
329
330
271
100
AcDbEntity
  8
inside2_B
100
AcDbVertex
100
AcDb2dVertex
 10
-70.13776452812277
 20
1.643793293583883
 30
0.0
  0
VERTEX
  5
32A
330
271
100
AcDbEntity
  8
inside2_B
100
AcDbVertex
100
AcDb2dVertex
 10
-70.57805505698576
 20
1.633996352811778
 30
0.0
  0
VERTEX
  5
32B
330
271
100
AcDbEntity
  8
inside2_B
100
AcDbVertex
100
AcDb2dVertex
 10
-71.01836064980017
 20
1.624107927235514
 30
0.0
  0
VERTEX
  5
32C
330
271
100
AcDbEntity
  8
inside2_B
100
AcDbVertex
100
AcDb2dVertex
 10
-71.45865081026528
 20
1.614310994660656
 30
0.0
  0
VERTEX
  5
32D
330
271
100
AcDbEntity
  8
inside2_B
100
AcDbVertex
100
AcDb2dVertex
 10
-71.89894115492922
 20
1.604422569084392
 30
0.0
  0
VERTEX
  5
32E
330
271
100
AcDbEntity
  8
inside2_B
100
AcDbVertex
100
AcDb2dVertex
 10
-72.33928070957046
 20
1.594624537435664
 30
0.0
  0
VERTEX
  5
32F
330
271
100
AcDbEntity
  8
inside2_B
100
AcDbVertex
100
AcDb2dVertex
 10
-72.77952184427414
 20
1.584836318889174
 30
0.0
  0
VERTEX
  5
330
330
271
100
AcDbEntity
  8
inside2_B
100
AcDbVertex
100
AcDb2dVertex
 10
-73.21980808810832
 20
1.574940361408707
 30
0.0
  0
VERTEX
  5
331
330
271
100
AcDbEntity
  8
inside2_B
100
AcDbVertex
100
AcDb2dVertex
 10
-73.66010271778401
 20
1.565143329389088
 30
0.0
  0
VERTEX
  5
332
330
271
100
AcDbEntity
  8
inside2_B
100
AcDbVertex
100
AcDb2dVertex
 10
-74.10040831059843
 20
1.555254903812823
 30
0.0
  0
VERTEX
  5
333
330
271
100
AcDbEntity
  8
inside2_B
100
AcDbVertex
100
AcDb2dVertex
 10
-74.54069718134753
 20
1.545457999935536
 30
0.0
  0
VERTEX
  5
334
330
271
100
AcDbEntity
  8
inside2_B
100
AcDbVertex
100
AcDb2dVertex
 10
-74.98088097144847
 20
1.535569570259753
 30
0.0
  0
VERTEX
  5
335
330
271
100
AcDbEntity
  8
inside2_B
100
AcDbVertex
100
AcDb2dVertex
 10
-75.42118785398048
 20
1.525772604889653
 30
0.0
  0
VERTEX
  5
336
330
271
100
AcDbEntity
  8
inside2_B
100
AcDbVertex
100
AcDb2dVertex
 10
-75.86147801615431
 20
1.515884183411927
 30
0.0
  0
VERTEX
  5
337
330
271
100
AcDbEntity
  8
inside2_B
100
AcDbVertex
100
AcDb2dVertex
 10
-76.30176426000372
 20
1.506087337986017
 30
0.0
  0
VERTEX
  5
338
330
271
100
AcDbEntity
  8
inside2_B
100
AcDbVertex
100
AcDb2dVertex
 10
-76.74205870551424
 20
1.496191196163124
 30
0.0
  0
VERTEX
  5
339
330
271
100
AcDbEntity
  8
inside2_B
100
AcDbVertex
100
AcDb2dVertex
 10
-77.18240646182682
 20
1.486400607087702
 30
0.0
  0
VERTEX
  5
33A
330
271
100
AcDbEntity
  8
inside2_B
100
AcDbVertex
100
AcDb2dVertex
 10
-77.62263957899069
 20
1.476604943717021
 30
0.0
  0
VERTEX
  5
33B
330
271
100
AcDbEntity
  8
inside2_B
100
AcDbVertex
100
AcDb2dVertex
 10
-78.0629451718217
 20
1.466716518140402
 30
0.0
  0
VERTEX
  5
33C
330
271
100
AcDbEntity
  8
inside2_B
100
AcDbVertex
100
AcDb2dVertex
 10
-78.50328454226388
 20
1.456918490590297
 30
0.0
  0
VERTEX
  5
33D
330
271
100
AcDbEntity
  8
inside2_B
100
AcDbVertex
100
AcDb2dVertex
 10
-78.94358308861393
 20
1.447128995566672
 30
0.0
  0
VERTEX
  5
33E
330
271
100
AcDbEntity
  8
inside2_B
100
AcDbVertex
100
AcDb2dVertex
 10
-79.38386523157288
 20
1.437332241318998
 30
0.0
  0
VERTEX
  5
33F
330
271
100
AcDbEntity
  8
inside2_B
100
AcDbVertex
100
AcDb2dVertex
 10
-79.8241637779418
 20
1.427542746294947
 30
0.0
  0
VERTEX
  5
340
330
271
100
AcDbEntity
  8
inside2_B
100
AcDbVertex
100
AcDb2dVertex
 10
-80.26444592090076
 20
1.417745992047287
 30
0.0
  0
VERTEX
  5
341
330
271
100
AcDbEntity
  8
inside2_B
100
AcDbVertex
100
AcDb2dVertex
 10
-80.7047600801157
 20
1.40795648891482
 30
0.0
  0
VERTEX
  5
342
330
271
100
AcDbEntity
  8
inside2_B
100
AcDbVertex
100
AcDb2dVertex
 10
-81.14504185837728
 20
1.398159742775604
 30
0.0
  0
VERTEX
  5
343
330
271
100
AcDbEntity
  8
inside2_B
100
AcDbVertex
100
AcDb2dVertex
 10
-81.5854340814438
 20
1.388370199113695
 30
0.0
  0
VERTEX
  5
344
330
271
100
AcDbEntity
  8
inside2_B
100
AcDbVertex
100
AcDb2dVertex
 10
-82.02572964973166
 20
1.378573485382972
 30
0.0
  0
VERTEX
  5
345
330
271
100
AcDbEntity
  8
inside2_B
100
AcDbVertex
100
AcDb2dVertex
 10
-82.46607704161698
 20
1.368782904345309
 30
0.0
  0
VERTEX
  5
346
330
271
100
AcDbEntity
  8
inside2_B
100
AcDbVertex
100
AcDb2dVertex
 10
-82.90636738627546
 20
1.359085080649976
 30
0.0
  0
VERTEX
  5
347
330
271
100
AcDbEntity
  8
inside2_B
100
AcDbVertex
100
AcDb2dVertex
 10
-83.3466085204762
 20
1.349296862185668
 30
0.0
  0
VERTEX
  5
348
330
271
100
AcDbEntity
  8
inside2_B
100
AcDbVertex
100
AcDb2dVertex
 10
-83.78694807565336
 20
1.339498830454005
 30
0.0
  0
VERTEX
  5
349
330
271
100
AcDbEntity
  8
inside2_B
100
AcDbVertex
100
AcDb2dVertex
 10
-84.22729583282904
 20
1.329807367261452
 30
0.0
  0
VERTEX
  5
34A
330
271
100
AcDbEntity
  8
inside2_B
100
AcDbVertex
100
AcDb2dVertex
 10
-84.6676017866535
 20
1.320117159696025
 30
0.0
  0
VERTEX
  5
34B
330
271
100
AcDbEntity
  8
inside2_B
100
AcDbVertex
100
AcDb2dVertex
 10
-85.10783435776221
 20
1.310420608442001
 30
0.0
  0
VERTEX
  5
34C
330
271
100
AcDbEntity
  8
inside2_B
100
AcDbVertex
100
AcDb2dVertex
 10
-85.5481259666779
 20
1.300631267734673
 30
0.0
  0
VERTEX
  5
34D
330
271
100
AcDbEntity
  8
inside2_B
100
AcDbVertex
100
AcDb2dVertex
 10
-85.98857352339229
 20
1.290932332547698
 30
0.0
  0
VERTEX
  5
34E
330
271
100
AcDbEntity
  8
inside2_B
100
AcDbVertex
100
AcDb2dVertex
 10
-86.42892285354839
 20
1.281240834701975
 30
0.0
  0
VERTEX
  5
34F
330
271
100
AcDbEntity
  8
inside2_B
100
AcDbVertex
100
AcDb2dVertex
 10
-86.86920909728138
 20
1.271649837392602
 30
0.0
  0
VERTEX
  5
350
330
271
100
AcDbEntity
  8
inside2_B
100
AcDbVertex
100
AcDb2dVertex
 10
-87.30944202885286
 20
1.261953278276422
 30
0.0
  0
VERTEX
  5
351
330
271
100
AcDbEntity
  8
inside2_B
100
AcDbVertex
100
AcDb2dVertex
 10
-87.74979103791685
 20
1.252261787460469
 30
0.0
  0
VERTEX
  5
352
330
271
100
AcDbEntity
  8
inside2_B
100
AcDbVertex
100
AcDb2dVertex
 10
-88.1902385824481
 20
1.242661976876633
 30
0.0
  0
VERTEX
  5
353
330
271
100
AcDbEntity
  8
inside2_B
100
AcDbVertex
100
AcDb2dVertex
 10
-88.63048131389115
 20
1.233071927385112
 30
0.0
  0
VERTEX
  5
354
330
271
100
AcDbEntity
  8
inside2_B
100
AcDbVertex
100
AcDb2dVertex
 10
-89.07076755763507
 20
1.223381818020641
 30
0.0
  0
VERTEX
  5
355
330
271
100
AcDbEntity
  8
inside2_B
100
AcDbVertex
100
AcDb2dVertex
 10
-89.51110711371331
 20
1.213782034451754
 30
0.0
  0
VERTEX
  5
356
330
271
100
AcDbEntity
  8
inside2_B
100
AcDbVertex
100
AcDb2dVertex
 10
-89.95156696070472
 20
1.204189580769537
 30
0.0
  0
VERTEX
  5
357
330
271
100
AcDbEntity
  8
inside2_B
100
AcDbVertex
100
AcDb2dVertex
 10
-90.39185605501899
 20
1.194697634060944
 30
0.0
  0
VERTEX
  5
358
330
271
100
AcDbEntity
  8
inside2_B
100
AcDbVertex
100
AcDb2dVertex
 10
-90.8320930867074
 20
1.185107708764605
 30
0.0
  0
VERTEX
  5
359
330
271
100
AcDbEntity
  8
inside2_B
100
AcDbVertex
100
AcDb2dVertex
 10
-91.27254063177594
 20
1.175507898134754
 30
0.0
  0
VERTEX
  5
35A
330
271
100
AcDbEntity
  8
inside2_B
100
AcDbVertex
100
AcDb2dVertex
 10
-91.71288713926498
 20
1.166014713687588
 30
0.0
  0
VERTEX
  5
35B
330
271
100
AcDbEntity
  8
inside2_B
100
AcDbVertex
100
AcDb2dVertex
 10
-92.15328669591582
 20
1.156522686674165
 30
0.0
  0
VERTEX
  5
35C
330
271
100
AcDbEntity
  8
inside2_B
100
AcDbVertex
100
AcDb2dVertex
 10
-92.59357456564459
 20
1.147030766359265
 30
0.0
  0
VERTEX
  5
35D
330
271
100
AcDbEntity
  8
inside2_B
100
AcDbVertex
100
AcDb2dVertex
 10
-93.03386491031023
 20
1.13753879269504
 30
0.0
  0
VERTEX
  5
35E
330
271
100
AcDbEntity
  8
inside2_B
100
AcDbVertex
100
AcDb2dVertex
 10
-93.47431244218802
 20
1.12804573166116
 30
0.0
  0
VERTEX
  5
35F
330
271
100
AcDbEntity
  8
inside2_B
100
AcDbVertex
100
AcDb2dVertex
 10
-93.91460278686276
 20
1.118645246899533
 30
0.0
  0
VERTEX
  5
360
330
271
100
AcDbEntity
  8
inside2_B
100
AcDbVertex
100
AcDb2dVertex
 10
-94.35500396963283
 20
1.109153184844473
 30
0.0
  0
VERTEX
  5
361
330
271
100
AcDbEntity
  8
inside2_B
100
AcDbVertex
100
AcDb2dVertex
 10
-94.79534639080072
 20
1.099759213192897
 30
0.0
  0
VERTEX
  5
362
330
271
100
AcDbEntity
  8
inside2_B
100
AcDbVertex
100
AcDb2dVertex
 10
-95.23574592164442
 20
1.090366300265032
 30
0.0
  0
VERTEX
  5
363
330
271
100
AcDbEntity
  8
inside2_B
100
AcDbVertex
100
AcDb2dVertex
 10
-95.67603381718021
 20
1.0809734918206
 30
0.0
  0
VERTEX
  5
364
330
271
100
AcDbEntity
  8
inside2_B
100
AcDbVertex
100
AcDb2dVertex
 10
-96.11648647654971
 20
1.071579445758886
 30
0.0
  0
VERTEX
  5
365
330
271
100
AcDbEntity
  8
inside2_B
100
AcDbVertex
100
AcDb2dVertex
 10
-96.55692143893265
 20
1.062284576828702
 30
0.0
  0
VERTEX
  5
366
330
271
100
AcDbEntity
  8
inside2_B
100
AcDbVertex
100
AcDb2dVertex
 10
-96.99722530080368
 20
1.052990865653271
 30
0.0
  0
VERTEX
  5
367
330
271
100
AcDbEntity
  8
inside2_B
100
AcDbVertex
100
AcDb2dVertex
 10
-97.43760886531305
 20
1.043697081412432
 30
0.0
  0
VERTEX
  5
368
330
271
100
AcDbEntity
  8
inside2_B
100
AcDbVertex
100
AcDb2dVertex
 10
-97.87800629314773
 20
1.03440332640001
 30
0.0
  0
VERTEX
  5
369
330
271
100
AcDbEntity
  8
inside2_B
100
AcDbVertex
100
AcDb2dVertex
 10
-98.31834872844018
 20
1.025108479144947
 30
0.0
  0
VERTEX
  5
36A
330
271
100
AcDbEntity
  8
inside2_B
100
AcDbVertex
100
AcDb2dVertex
 10
-98.75874702185325
 20
1.01591381911696
 30
0.0
  0
VERTEX
  5
36B
330
271
100
AcDbEntity
  8
inside2_B
100
AcDbVertex
100
AcDb2dVertex
 10
-99.19914393240703
 20
1.006620075020905
 30
0.0
  0
VERTEX
  5
36C
330
271
100
AcDbEntity
  8
inside2_B
100
AcDbVertex
100
AcDb2dVertex
 10
-99.6395788973561
 20
0.9974243309724073
 30
0.0
  0
VERTEX
  5
36D
330
271
100
AcDbEntity
  8
inside2_B
100
AcDbVertex
100
AcDb2dVertex
 10
-100.079925790009
 20
0.9882361403585662
 30
0.0
  0
VERTEX
  5
36E
330
271
100
AcDbEntity
  8
inside2_B
100
AcDbVertex
100
AcDb2dVertex
 10
-100.5203199692903
 20
0.9791406785504648
 30
0.0
  0
VERTEX
  5
36F
330
271
100
AcDbEntity
  8
inside2_B
100
AcDbVertex
100
AcDb2dVertex
 10
-100.9607169663546
 20
0.9699460455877329
 30
0.0
  0
VERTEX
  5
370
330
271
100
AcDbEntity
  8
inside2_B
100
AcDbVertex
100
AcDb2dVertex
 10
-101.4011596426334
 20
0.9608494246919861
 30
0.0
  0
VERTEX
  5
371
330
271
100
AcDbEntity
  8
inside2_B
100
AcDbVertex
100
AcDb2dVertex
 10
-101.8416142142311
 20
0.9517527156012449
 30
0.0
  0
VERTEX
  5
372
330
271
100
AcDbEntity
  8
inside2_B
100
AcDbVertex
100
AcDb2dVertex
 10
-102.2820036718746
 20
0.942763930902359
 30
0.0
  0
VERTEX
  5
373
330
271
100
AcDbEntity
  8
inside2_B
100
AcDbVertex
100
AcDb2dVertex
 10
-102.7223966531995
 20
0.9336684938356683
 30
0.0
  0
VERTEX
  5
374
330
271
100
AcDbEntity
  8
inside2_B
100
AcDbVertex
100
AcDb2dVertex
 10
-103.1628393311566
 20
0.9246709978609147
 30
0.0
  0
VERTEX
  5
375
330
271
100
AcDbEntity
  8
inside2_B
100
AcDbVertex
100
AcDb2dVertex
 10
-103.6032369895948
 20
0.9156820457047132
 30
0.0
  0
VERTEX
  5
376
330
271
100
AcDbEntity
  8
inside2_B
100
AcDbVertex
100
AcDb2dVertex
 10
-104.0436833601752
 20
0.9066846299921565
 30
0.0
  0
VERTEX
  5
377
330
271
100
AcDbEntity
  8
inside2_B
100
AcDbVertex
100
AcDb2dVertex
 10
-104.4841301403602
 20
0.897793801162365
 30
0.0
  0
VERTEX
  5
378
330
271
100
AcDbEntity
  8
inside2_B
100
AcDbVertex
100
AcDb2dVertex
 10
-104.9245191868137
 20
0.8888966676337162
 30
0.0
  0
VERTEX
  5
379
330
271
100
AcDbEntity
  8
inside2_B
100
AcDbVertex
100
AcDb2dVertex
 10
-105.3649084787916
 20
0.8799993751845818
 30
0.0
  0
VERTEX
  5
37A
330
271
100
AcDbEntity
  8
inside2_B
100
AcDbVertex
100
AcDb2dVertex
 10
-105.8054632387071
 20
0.8711085214398651
 30
0.0
  0
VERTEX
  5
37B
330
271
100
AcDbEntity
  8
inside2_B
100
AcDbVertex
100
AcDb2dVertex
 10
-106.2459007438572
 20
0.8623093787197433
 30
0.0
  0
VERTEX
  5
37C
330
271
100
AcDbEntity
  8
inside2_B
100
AcDbVertex
100
AcDb2dVertex
 10
-106.6863061902905
 20
0.8535186529389023
 30
0.0
  0
VERTEX
  5
37D
330
271
100
AcDbEntity
  8
inside2_B
100
AcDbVertex
100
AcDb2dVertex
 10
-107.1266954842552
 20
0.8447280974632179
 30
0.0
  0
VERTEX
  5
37E
330
271
100
AcDbEntity
  8
inside2_B
100
AcDbVertex
100
AcDb2dVertex
 10
-107.5672420320161
 20
0.835928908889116
 30
0.0
  0
VERTEX
  5
37F
330
271
100
AcDbEntity
  8
inside2_B
100
AcDbVertex
100
AcDb2dVertex
 10
-108.0076877508682
 20
0.8272363527633786
 30
0.0
  0
VERTEX
  5
380
330
271
100
AcDbEntity
  8
inside2_B
100
AcDbVertex
100
AcDb2dVertex
 10
-108.4480772085101
 20
0.8185449069985822
 30
0.0
  0
VERTEX
  5
381
330
271
100
AcDbEntity
  8
inside2_B
100
AcDbVertex
100
AcDb2dVertex
 10
-108.8886237440467
 20
0.8098448429732059
 30
0.0
  0
VERTEX
  5
382
330
271
100
AcDbEntity
  8
inside2_B
100
AcDbVertex
100
AcDb2dVertex
 10
-109.3290694765432
 20
0.8012514122212764
 30
0.0
  0
VERTEX
  5
383
330
271
100
AcDbEntity
  8
inside2_B
100
AcDbVertex
100
AcDb2dVertex
 10
-109.7695679108743
 20
0.792659035742787
 30
0.0
  0
VERTEX
  5
384
330
271
100
AcDbEntity
  8
inside2_B
100
AcDbVertex
100
AcDb2dVertex
 10
-110.209955128879
 20
0.7840667466477527
 30
0.0
  0
VERTEX
  5
385
330
271
100
AcDbEntity
  8
inside2_B
100
AcDbVertex
100
AcDb2dVertex
 10
-110.6505026800385
 20
0.775465787098554
 30
0.0
  0
VERTEX
  5
386
330
271
100
AcDbEntity
  8
inside2_B
100
AcDbVertex
100
AcDb2dVertex
 10
-111.091048567032
 20
0.7669714621520285
 30
0.0
  0
VERTEX
  5
387
330
271
100
AcDbEntity
  8
inside2_B
100
AcDbVertex
100
AcDb2dVertex
 10
-111.5314979970961
 20
0.7584772327823259
 30
0.0
  0
VERTEX
  5
388
330
271
100
AcDbEntity
  8
inside2_B
100
AcDbVertex
100
AcDb2dVertex
 10
-111.9720408138933
 20
0.7500820922171414
 30
0.0
  0
VERTEX
  5
389
330
271
100
AcDbEntity
  8
inside2_B
100
AcDbVertex
100
AcDb2dVertex
 10
-112.412537164841
 20
0.741687982408834
 30
0.0
  0
VERTEX
  5
38A
330
271
100
AcDbEntity
  8
inside2_B
100
AcDbVertex
100
AcDb2dVertex
 10
-112.852924434456
 20
0.733293917278246
 30
0.0
  0
VERTEX
  5
38B
330
271
100
AcDbEntity
  8
inside2_B
100
AcDbVertex
100
AcDb2dVertex
 10
-113.2934760368477
 20
0.7248987545919618
 30
0.0
  0
VERTEX
  5
38C
330
271
100
AcDbEntity
  8
inside2_B
100
AcDbVertex
100
AcDb2dVertex
 10
-113.7340178274406
 20
0.7166027585353874
 30
0.0
  0
VERTEX
  5
38D
330
271
100
AcDbEntity
  8
inside2_B
100
AcDbVertex
100
AcDb2dVertex
 10
-114.1745141765453
 20
0.7083077617749467
 30
0.0
  0
VERTEX
  5
38E
330
271
100
AcDbEntity
  8
inside2_B
100
AcDbVertex
100
AcDb2dVertex
 10
-114.6150600673998
 20
0.7000116885048868
 30
0.0
  0
VERTEX
  5
38F
330
271
100
AcDbEntity
  8
inside2_B
100
AcDbVertex
100
AcDb2dVertex
 10
-115.0556137369691
 20
0.6918223633215632
 30
0.0
  0
VERTEX
  5
390
330
271
100
AcDbEntity
  8
inside2_B
100
AcDbVertex
100
AcDb2dVertex
 10
-115.4961549549058
 20
0.6836256446725741
 30
0.0
  0
VERTEX
  5
391
330
271
100
AcDbEntity
  8
inside2_B
100
AcDbVertex
100
AcDb2dVertex
 10
-115.936643525534
 20
0.6755288767757435
 30
0.0
  0
VERTEX
  5
392
330
271
100
AcDbEntity
  8
inside2_B
100
AcDbVertex
100
AcDb2dVertex
 10
-116.3771971198109
 20
0.6673319279233141
 30
0.0
  0
VERTEX
  5
393
330
271
100
AcDbEntity
  8
inside2_B
100
AcDbVertex
100
AcDb2dVertex
 10
-116.817738989168
 20
0.6593409302930411
 30
0.0
  0
VERTEX
  5
394
330
271
100
AcDbEntity
  8
inside2_B
100
AcDbVertex
100
AcDb2dVertex
 10
-117.2582336546301
 20
0.65124419050521
 30
0.0
  0
VERTEX
  5
395
330
271
100
AcDbEntity
  8
inside2_B
100
AcDbVertex
100
AcDb2dVertex
 10
-118.1394261448571
 20
0.6352545339279771
 30
0.0
  0
VERTEX
  5
396
330
271
100
AcDbEntity
  8
inside2_B
100
AcDbVertex
100
AcDb2dVertex
 10
-119.0204908518585
 20
0.6194636413661243
 30
0.0
  0
VERTEX
  5
397
330
271
100
AcDbEntity
  8
inside2_B
100
AcDbVertex
100
AcDb2dVertex
 10
-119.901657199901
 20
0.6037718259163256
 30
0.0
  0
VERTEX
  5
398
330
271
100
AcDbEntity
  8
inside2_B
100
AcDbVertex
100
AcDb2dVertex
 10
-120.7828215224177
 20
0.5882859153627749
 30
0.0
  0
VERTEX
  5
399
330
271
100
AcDbEntity
  8
inside2_B
100
AcDbVertex
100
AcDb2dVertex
 10
-121.6640920817771
 20
0.5728915109732213
 30
0.0
  0
VERTEX
  5
39A
330
271
100
AcDbEntity
  8
inside2_B
100
AcDbVertex
100
AcDb2dVertex
 10
-122.5452845546667
 20
0.5577024812759248
 30
0.0
  0
VERTEX
  5
39B
330
271
100
AcDbEntity
  8
inside2_B
100
AcDbVertex
100
AcDb2dVertex
 10
-123.4265474913956
 20
0.5427121894961999
 30
0.0
  0
VERTEX
  5
39C
330
271
100
AcDbEntity
  8
inside2_B
100
AcDbVertex
100
AcDb2dVertex
 10
-124.3077113410881
 20
0.5278210190961659
 30
0.0
  0
VERTEX
  5
39D
330
271
100
AcDbEntity
  8
inside2_B
100
AcDbVertex
100
AcDb2dVertex
 10
-125.1889827857023
 20
0.5131280785028878
 30
0.0
  0
VERTEX
  5
39E
330
271
100
AcDbEntity
  8
inside2_B
100
AcDbVertex
100
AcDb2dVertex
 10
-126.0703734903738
 20
0.4985338002765189
 30
0.0
  0
VERTEX
  5
39F
330
271
100
AcDbEntity
  8
inside2_B
100
AcDbVertex
100
AcDb2dVertex
 10
-126.9516651382123
 20
0.4842445215317071
 30
0.0
  0
VERTEX
  5
3A0
330
271
100
AcDbEntity
  8
inside2_B
100
AcDbVertex
100
AcDb2dVertex
 10
-127.8330348067528
 20
0.4700548305196577
 30
0.0
  0
VERTEX
  5
3A1
330
271
100
AcDbEntity
  8
inside2_B
100
AcDbVertex
100
AcDb2dVertex
 10
-128.7143251739669
 20
0.4560629477049929
 30
0.0
  0
VERTEX
  5
3A2
330
271
100
AcDbEntity
  8
inside2_B
100
AcDbVertex
100
AcDb2dVertex
 10
-130.0364499095481
 20
0.4353765126426481
 30
0.0
  0
VERTEX
  5
3A3
330
271
100
AcDbEntity
  8
inside2_B
100
AcDbVertex
100
AcDb2dVertex
 10
-131.7993089964287
 20
0.4084911540308269
 30
0.0
  0
VERTEX
  5
3A4
330
271
100
AcDbEntity
  8
inside2_B
100
AcDbVertex
100
AcDb2dVertex
 10
-133.5622934204296
 20
0.3823068958769227
 30
0.0
  0
VERTEX
  5
3A5
330
271
100
AcDbEntity
  8
inside2_B
100
AcDbVertex
100
AcDb2dVertex
 10
-135.3252655350682
 20
0.3570149395934692
 30
0.0
  0
VERTEX
  5
3A6
330
271
100
AcDbEntity
  8
inside2_B
100
AcDbVertex
100
AcDb2dVertex
 10
-137.0883371193277
 20
0.3323329744071088
 30
0.0
  0
VERTEX
  5
3A7
330
271
100
AcDbEntity
  8
inside2_B
100
AcDbVertex
100
AcDb2dVertex
 10
-138.8516332117884
 20
0.3085427741542333
 30
0.0
  0
VERTEX
  5
3A8
330
271
100
AcDbEntity
  8
inside2_B
100
AcDbVertex
100
AcDb2dVertex
 10
-140.6148111354447
 20
0.2855611783010374
 30
0.0
  0
VERTEX
  5
3A9
330
271
100
AcDbEntity
  8
inside2_B
100
AcDbVertex
100
AcDb2dVertex
 10
-142.3781921258802
 20
0.2632732955223815
 30
0.0
  0
VERTEX
  5
3AA
330
271
100
AcDbEntity
  8
inside2_B
100
AcDbVertex
100
AcDb2dVertex
 10
-144.141594741869
 20
0.2418849932451081
 30
0.0
  0
VERTEX
  5
3AB
330
271
100
AcDbEntity
  8
inside2_B
100
AcDbVertex
100
AcDb2dVertex
 10
-145.9049767157382
 20
0.2212974745782788
 30
0.0
  0
VERTEX
  5
3AC
330
271
100
AcDbEntity
  8
inside2_B
100
AcDbVertex
100
AcDb2dVertex
 10
-147.6685768260045
 20
0.2015104440705215
 30
0.0
  0
VERTEX
  5
3AD
330
271
100
AcDbEntity
  8
inside2_B
100
AcDbVertex
100
AcDb2dVertex
 10
-149.4321700282968
 20
0.182615537891337
 30
0.0
  0
VERTEX
  5
3AE
330
271
100
AcDbEntity
  8
inside2_B
100
AcDbVertex
100
AcDb2dVertex
 10
-151.1957720234503
 20
0.16452887641654
 30
0.0
  0
VERTEX
  5
3AF
330
271
100
AcDbEntity
  8
inside2_B
100
AcDbVertex
100
AcDb2dVertex
 10
-152.9594710592991
 20
0.1473419932943898
 30
0.0
  0
VERTEX
  5
3B0
330
271
100
AcDbEntity
  8
inside2_B
100
AcDbVertex
100
AcDb2dVertex
 10
-154.7231624641783
 20
0.1309481163694528
 30
0.0
  0
VERTEX
  5
3B1
330
271
100
AcDbEntity
  8
inside2_B
100
AcDbVertex
100
AcDb2dVertex
 10
-156.4869892974913
 20
0.1154537444916315
 30
0.0
  0
VERTEX
  5
3B2
330
271
100
AcDbEntity
  8
inside2_B
100
AcDbVertex
100
AcDb2dVertex
 10
-158.2508017616923
 20
0.1009660147972653
 30
0.0
  0
VERTEX
  5
3B3
330
271
100
AcDbEntity
  8
inside2_B
100
AcDbVertex
100
AcDb2dVertex
 10
-160.0146989923142
 20
0.0872714091654672
 30
0.0
  0
VERTEX
  5
3B4
330
271
100
AcDbEntity
  8
inside2_B
100
AcDbVertex
100
AcDb2dVertex
 10
-161.7786248003377
 20
0.0744763531808417
 30
0.0
  0
VERTEX
  5
3B5
330
271
100
AcDbEntity
  8
inside2_B
100
AcDbVertex
100
AcDb2dVertex
 10
-163.5425496689626
 20
0.0626878275446643
 30
0.0
  0
VERTEX
  5
3B6
330
271
100
AcDbEntity
  8
inside2_B
100
AcDbVertex
100
AcDb2dVertex
 10
-165.3065593069485
 20
0.0517915364575288
 30
0.0
  0
VERTEX
  5
3B7
330
271
100
AcDbEntity
  8
inside2_B
100
AcDbVertex
100
AcDb2dVertex
 10
-167.0705880334324
 20
0.0417949225175107
 30
0.0
  0
VERTEX
  5
3B8
330
271
100
AcDbEntity
  8
inside2_B
100
AcDbVertex
100
AcDb2dVertex
 10
-168.8346119838572
 20
0.0328048375456831
 30
0.0
  0
VERTEX
  5
3B9
330
271
100
AcDbEntity
  8
inside2_B
100
AcDbVertex
100
AcDb2dVertex
 10
-170.5987339666834
 20
0.0247069034367939
 30
0.0
  0
VERTEX
  5
3BA
330
271
100
AcDbEntity
  8
inside2_B
100
AcDbVertex
100
AcDb2dVertex
 10
-172.3627721913782
 20
0.0176078051874953
 30
0.0
  0
VERTEX
  5
3BB
330
271
100
AcDbEntity
  8
inside2_B
100
AcDbVertex
100
AcDb2dVertex
 10
-174.1269123702726
 20
0.0115152419981968
 30
0.0
  0
VERTEX
  5
3BC
330
271
100
AcDbEntity
  8
inside2_B
100
AcDbVertex
100
AcDb2dVertex
 10
-175.8910726598677
 20
0.0064138902498456
 30
0.0
  0
VERTEX
  5
3BD
330
271
100
AcDbEntity
  8
inside2_B
100
AcDbVertex
100
AcDb2dVertex
 10
-178.0962529842324
 20
0.0015185221504623
 30
0.0
  0
VERTEX
  5
3BE
330
271
100
AcDbEntity
  8
inside2_B
100
AcDbVertex
100
AcDb2dVertex
 10
-180.3014492016849
 20
-0.0018747032984692
 30
0.0
  0
VERTEX
  5
3BF
330
271
100
AcDbEntity
  8
inside2_B
100
AcDbVertex
100
AcDb2dVertex
 10
-182.5069029111391
 20
-0.0036744666969355
 30
0.0
  0
VERTEX
  5
3C0
330
271
100
AcDbEntity
  8
inside2_B
100
AcDbVertex
100
AcDb2dVertex
 10
-184.3981001281422
 20
-0.0018747862794726
 30
0.0
  0
SEQEND
  5
3C1
330
271
100
AcDbEntity
  8
inside2_B
  0
POLYLINE
  5
3C2
330
1F
100
AcDbEntity
  8
inside2_B
100
AcDb2dPolyline
 66
     1
 10
0.0
 20
0.0
 30
0.0
  0
VERTEX
  5
3C3
330
3C2
100
AcDbEntity
  8
inside2_B
100
AcDbVertex
100
AcDb2dVertex
 10
-183.3996207518754
 20
4.318870944240416
 30
0.0
  0
VERTEX
  5
3C4
330
3C2
100
AcDbEntity
  8
inside2_B
100
AcDbVertex
100
AcDb2dVertex
 10
-187.3580882679872
 20
4.316568341580492
 30
0.0
  0
VERTEX
  5
3C5
330
3C2
100
AcDbEntity
  8
inside2_B
100
AcDbVertex
100
AcDb2dVertex
 10
-189.5633370591075
 20
4.313175029367557
 30
0.0
  0
VERTEX
  5
3C6
330
3C2
100
AcDbEntity
  8
inside2_B
100
AcDbVertex
100
AcDb2dVertex
 10
-191.7684456348824
 20
4.308271983684861
 30
0.0
  0
VERTEX
  5
3C7
330
3C2
100
AcDbEntity
  8
inside2_B
100
AcDbVertex
100
AcDb2dVertex
 10
-193.9736372330687
 20
4.301676165842935
 30
0.0
  0
VERTEX
  5
3C8
330
3C2
100
AcDbEntity
  8
inside2_B
100
AcDbVertex
100
AcDb2dVertex
 10
-196.1787103049774
 20
4.293685002502784
 30
0.0
  0
VERTEX
  5
3C9
330
3C2
100
AcDbEntity
  8
inside2_B
100
AcDbVertex
100
AcDb2dVertex
 10
-197.9427633754275
 20
4.286082582662743
 30
0.0
  0
VERTEX
  5
3CA
330
3C2
100
AcDbEntity
  8
inside2_B
100
AcDbVertex
100
AcDb2dVertex
 10
-199.7067861723913
 20
4.277588139821333
 30
0.0
  0
VERTEX
  5
3CB
330
3C2
100
AcDbEntity
  8
inside2_B
100
AcDbVertex
100
AcDb2dVertex
 10
-201.470911161032
 20
4.268094793070574
 30
0.0
  0
VERTEX
  5
3CC
330
3C2
100
AcDbEntity
  8
inside2_B
100
AcDbVertex
100
AcDb2dVertex
 10
-203.2348360960191
 20
4.257701674670429
 30
0.0
  0
VERTEX
  5
3CD
330
3C2
100
AcDbEntity
  8
inside2_B
100
AcDbVertex
100
AcDb2dVertex
 10
-204.9987608837308
 20
4.246309658827897
 30
0.0
  0
VERTEX
  5
3CE
330
3C2
100
AcDbEntity
  8
inside2_B
100
AcDbVertex
100
AcDb2dVertex
 10
-206.7626733754341
 20
4.234017957672279
 30
0.0
  0
VERTEX
  5
3CF
330
3C2
100
AcDbEntity
  8
inside2_B
100
AcDbVertex
100
AcDb2dVertex
 10
-208.5265848400397
 20
4.220818874352716
 30
0.0
  0
VERTEX
  5
3D0
330
3C2
100
AcDbEntity
  8
inside2_B
100
AcDbVertex
100
AcDb2dVertex
 10
-210.2905087108214
 20
4.206727552844356
 30
0.0
  0
VERTEX
  5
3D1
330
3C2
100
AcDbEntity
  8
inside2_B
100
AcDbVertex
100
AcDb2dVertex
 10
-212.0543193927065
 20
4.191637437538972
 30
0.0
  0
VERTEX
  5
3D2
330
3C2
100
AcDbEntity
  8
inside2_B
100
AcDbVertex
100
AcDb2dVertex
 10
-213.8180175388378
 20
4.175746805298161
 30
0.0
  0
VERTEX
  5
3D3
330
3C2
100
AcDbEntity
  8
inside2_B
100
AcDbVertex
100
AcDb2dVertex
 10
-215.5817155680876
 20
4.158956416682344
 30
0.0
  0
VERTEX
  5
3D4
330
3C2
100
AcDbEntity
  8
inside2_B
100
AcDbVertex
100
AcDb2dVertex
 10
-217.3454137350259
 20
4.141365395083483
 30
0.0
  0
VERTEX
  5
3D5
330
3C2
100
AcDbEntity
  8
inside2_B
100
AcDbVertex
100
AcDb2dVertex
 10
-219.1090242792274
 20
4.12287448538666
 30
0.0
  0
VERTEX
  5
3D6
330
3C2
100
AcDbEntity
  8
inside2_B
100
AcDbVertex
100
AcDb2dVertex
 10
-220.8725232860597
 20
4.103491573363584
 30
0.0
  0
VERTEX
  5
3D7
330
3C2
100
AcDbEntity
  8
inside2_B
100
AcDbVertex
100
AcDb2dVertex
 10
-222.6360089013831
 20
4.083300546997421
 30
0.0
  0
VERTEX
  5
3D8
330
3C2
100
AcDbEntity
  8
inside2_B
100
AcDbVertex
100
AcDb2dVertex
 10
-224.3995064248602
 20
4.062308758509843
 30
0.0
  0
VERTEX
  5
3D9
330
3C2
100
AcDbEntity
  8
inside2_B
100
AcDbVertex
100
AcDb2dVertex
 10
-226.1628907379663
 20
4.04042500103688
 30
0.0
  0
VERTEX
  5
3DA
330
3C2
100
AcDbEntity
  8
inside2_B
100
AcDbVertex
100
AcDb2dVertex
 10
-227.9261762102513
 20
4.017839729764802
 30
0.0
  0
VERTEX
  5
3DB
330
3C2
100
AcDbEntity
  8
inside2_B
100
AcDbVertex
100
AcDb2dVertex
 10
-229.6893615111737
 20
3.994354709679371
 30
0.0
  0
VERTEX
  5
3DC
330
3C2
100
AcDbEntity
  8
inside2_B
100
AcDbVertex
100
AcDb2dVertex
 10
-231.4525335659276
 20
3.970168371515655
 30
0.0
  0
VERTEX
  5
3DD
330
3C2
100
AcDbEntity
  8
inside2_B
100
AcDbVertex
100
AcDb2dVertex
 10
-233.2156188172203
 20
3.945181224740494
 30
0.0
  0
VERTEX
  5
3DE
330
3C2
100
AcDbEntity
  8
inside2_B
100
AcDbVertex
100
AcDb2dVertex
 10
-234.9787032960555
 20
3.919393467051194
 30
0.0
  0
VERTEX
  5
3DF
330
3C2
100
AcDbEntity
  8
inside2_B
100
AcDbVertex
100
AcDb2dVertex
 10
-236.7416758314415
 20
3.892812888020103
 30
0.0
  0
VERTEX
  5
3E0
330
3C2
100
AcDbEntity
  8
inside2_B
100
AcDbVertex
100
AcDb2dVertex
 10
-238.504407652021
 20
3.865523816462172
 30
0.0
  0
VERTEX
  5
3E1
330
3C2
100
AcDbEntity
  8
inside2_B
100
AcDbVertex
100
AcDb2dVertex
 10
-239.3859135327603
 20
3.851630861731749
 30
0.0
  0
VERTEX
  5
3E2
330
3C2
100
AcDbEntity
  8
inside2_B
100
AcDbVertex
100
AcDb2dVertex
 10
-240.2673059353085
 20
3.837539853047929
 30
0.0
  0
VERTEX
  5
3E3
330
3C2
100
AcDbEntity
  8
inside2_B
100
AcDbVertex
100
AcDb2dVertex
 10
-241.1485994561146
 20
3.823250574842788
 30
0.0
  0
VERTEX
  5
3E4
330
3C2
100
AcDbEntity
  8
inside2_B
100
AcDbVertex
100
AcDb2dVertex
 10
-242.0299643583142
 20
3.808755893172986
 30
0.0
  0
VERTEX
  5
3E5
330
3C2
100
AcDbEntity
  8
inside2_B
100
AcDbVertex
100
AcDb2dVertex
 10
-242.9112296317217
 20
3.79416970691527
 30
0.0
  0
VERTEX
  5
3E6
330
3C2
100
AcDbEntity
  8
inside2_B
100
AcDbVertex
100
AcDb2dVertex
 10
-243.7925241147892
 20
3.779377177563447
 30
0.0
  0
VERTEX
  5
3E7
330
3C2
100
AcDbEntity
  8
inside2_B
100
AcDbVertex
100
AcDb2dVertex
 10
-244.6737889530227
 20
3.764386885863459
 30
0.0
  0
VERTEX
  5
3E8
330
3C2
100
AcDbEntity
  8
inside2_B
100
AcDbVertex
100
AcDb2dVertex
 10
-245.5550558356114
 20
3.74929743718954
 30
0.0
  0
VERTEX
  5
3E9
330
3C2
100
AcDbEntity
  8
inside2_B
100
AcDbVertex
100
AcDb2dVertex
 10
-246.4363477812635
 20
3.734001684336178
 30
0.0
  0
VERTEX
  5
3EA
330
3C2
100
AcDbEntity
  8
inside2_B
100
AcDbVertex
100
AcDb2dVertex
 10
-247.3175139712687
 20
3.718515774462844
 30
0.0
  0
VERTEX
  5
3EB
330
3C2
100
AcDbEntity
  8
inside2_B
100
AcDbVertex
100
AcDb2dVertex
 10
-248.1986817477444
 20
3.702923089722319
 30
0.0
  0
VERTEX
  5
3EC
330
3C2
100
AcDbEntity
  8
inside2_B
100
AcDbVertex
100
AcDb2dVertex
 10
-249.0798474829136
 20
3.687132197160395
 30
0.0
  0
VERTEX
  5
3ED
330
3C2
100
AcDbEntity
  8
inside2_B
100
AcDbVertex
100
AcDb2dVertex
 10
-249.9610394996883
 20
3.671241674316661
 30
0.0
  0
VERTEX
  5
3EE
330
3C2
100
AcDbEntity
  8
inside2_B
100
AcDbVertex
100
AcDb2dVertex
 10
-250.4016579817689
 20
3.663144445517972
 30
0.0
  0
VERTEX
  5
3EF
330
3C2
100
AcDbEntity
  8
inside2_B
100
AcDbVertex
100
AcDb2dVertex
 10
-250.842151362747
 20
3.655154396566147
 30
0.0
  0
VERTEX
  5
3F0
330
3C2
100
AcDbEntity
  8
inside2_B
100
AcDbVertex
100
AcDb2dVertex
 10
-251.2827011447834
 20
3.64705657360139
 30
0.0
  0
VERTEX
  5
3F1
330
3C2
100
AcDbEntity
  8
inside2_B
100
AcDbVertex
100
AcDb2dVertex
 10
-251.7233427471745
 20
3.638958919925841
 30
0.0
  0
VERTEX
  5
3F2
330
3C2
100
AcDbEntity
  8
inside2_B
100
AcDbVertex
100
AcDb2dVertex
 10
-252.1638853269885
 20
3.630769730017846
 30
0.0
  0
VERTEX
  5
3F3
330
3C2
100
AcDbEntity
  8
inside2_B
100
AcDbVertex
100
AcDb2dVertex
 10
-252.6043859094002
 20
3.62257369664799
 30
0.0
  0
VERTEX
  5
3F4
330
3C2
100
AcDbEntity
  8
inside2_B
100
AcDbVertex
100
AcDb2dVertex
 10
-253.0449315903765
 20
3.614376824095146
 30
0.0
  0
VERTEX
  5
3F5
330
3C2
100
AcDbEntity
  8
inside2_B
100
AcDbVertex
100
AcDb2dVertex
 10
-253.4854772710622
 20
3.606080826577369
 30
0.0
  0
VERTEX
  5
3F6
330
3C2
100
AcDbEntity
  8
inside2_B
100
AcDbVertex
100
AcDb2dVertex
 10
-253.9259715211364
 20
3.597785833451567
 30
0.0
  0
VERTEX
  5
3F7
330
3C2
100
AcDbEntity
  8
inside2_B
100
AcDbVertex
100
AcDb2dVertex
 10
-254.3665172400452
 20
3.58948983521401
 30
0.0
  0
VERTEX
  5
3F8
330
3C2
100
AcDbEntity
  8
inside2_B
100
AcDbVertex
100
AcDb2dVertex
 10
-254.8070629200271
 20
3.581094712739301
 30
0.0
  0
VERTEX
  5
3F9
330
3C2
100
AcDbEntity
  8
inside2_B
100
AcDbVertex
100
AcDb2dVertex
 10
-255.2475553026848
 20
3.572700605908565
 30
0.0
  0
VERTEX
  5
3FA
330
3C2
100
AcDbEntity
  8
inside2_B
100
AcDbVertex
100
AcDb2dVertex
 10
-255.6881009821944
 20
3.564305483442851
 30
0.0
  0
VERTEX
  5
3FB
330
3C2
100
AcDbEntity
  8
inside2_B
100
AcDbVertex
100
AcDb2dVertex
 10
-256.1286466616027
 20
3.555811236009021
 30
0.0
  0
VERTEX
  5
3FC
330
3C2
100
AcDbEntity
  8
inside2_B
100
AcDbVertex
100
AcDb2dVertex
 10
-256.5691390442602
 20
3.547318016200265
 30
0.0
  0
VERTEX
  5
3FD
330
3C2
100
AcDbEntity
  8
inside2_B
100
AcDbVertex
100
AcDb2dVertex
 10
-257.0095343696397
 20
3.538824756750699
 30
0.0
  0
VERTEX
  5
3FE
330
3C2
100
AcDbEntity
  8
inside2_B
100
AcDbVertex
100
AcDb2dVertex
 10
-257.4500779928355
 20
3.530330548967555
 30
0.0
  0
VERTEX
  5
3FF
330
3C2
100
AcDbEntity
  8
inside2_B
100
AcDbVertex
100
AcDb2dVertex
 10
-257.8906236714709
 20
3.521737176578753
 30
0.0
  0
VERTEX
  5
400
330
3C2
100
AcDbEntity
  8
inside2_B
100
AcDbVertex
100
AcDb2dVertex
 10
-258.3310753770022
 20
3.513136078698693
 30
0.0
  0
VERTEX
  5
401
330
3C2
100
AcDbEntity
  8
inside2_B
100
AcDbVertex
100
AcDb2dVertex
 10
-258.771615914621
 20
3.504443682778458
 30
0.0
  0
VERTEX
  5
402
330
3C2
100
AcDbEntity
  8
inside2_B
100
AcDbVertex
100
AcDb2dVertex
 10
-259.2121082972786
 20
3.495752237013662
 30
0.0
  0
VERTEX
  5
403
330
3C2
100
AcDbEntity
  8
inside2_B
100
AcDbVertex
100
AcDb2dVertex
 10
-259.6525118716302
 20
3.487052963737966
 30
0.0
  0
VERTEX
  5
404
330
3C2
100
AcDbEntity
  8
inside2_B
100
AcDbVertex
100
AcDb2dVertex
 10
-260.0930483082678
 20
3.478360648847101
 30
0.0
  0
VERTEX
  5
405
330
3C2
100
AcDbEntity
  8
inside2_B
100
AcDbVertex
100
AcDb2dVertex
 10
-260.5334959362737
 20
3.46956900507395
 30
0.0
  0
VERTEX
  5
406
330
3C2
100
AcDbEntity
  8
inside2_B
100
AcDbVertex
100
AcDb2dVertex
 10
-260.9739943904612
 20
3.460770701024998
 30
0.0
  0
VERTEX
  5
407
330
3C2
100
AcDbEntity
  8
inside2_B
100
AcDbVertex
100
AcDb2dVertex
 10
-261.4143815886005
 20
3.451980263513292
 30
0.0
  0
VERTEX
  5
408
330
3C2
100
AcDbEntity
  8
inside2_B
100
AcDbVertex
100
AcDb2dVertex
 10
-261.8548311890397
 20
3.443180955389536
 30
0.0
  0
VERTEX
  5
409
330
3C2
100
AcDbEntity
  8
inside2_B
100
AcDbVertex
100
AcDb2dVertex
 10
-262.2953717013222
 20
3.434290312354364
 30
0.0
  0
VERTEX
  5
40A
330
3C2
100
AcDbEntity
  8
inside2_B
100
AcDbVertex
100
AcDb2dVertex
 10
-262.7357753233719
 20
3.425392807521774
 30
0.0
  0
VERTEX
  5
40B
330
3C2
100
AcDbEntity
  8
inside2_B
100
AcDbVertex
100
AcDb2dVertex
 10
-263.1762178398462
 20
3.416502141788072
 30
0.0
  0
VERTEX
  5
40C
330
3C2
100
AcDbEntity
  8
inside2_B
100
AcDbVertex
100
AcDb2dVertex
 10
-263.6166072975204
 20
3.407505733013323
 30
0.0
  0
VERTEX
  5
40D
330
3C2
100
AcDbEntity
  8
inside2_B
100
AcDbVertex
100
AcDb2dVertex
 10
-264.0570005253438
 20
3.398616062137407
 30
0.0
  0
VERTEX
  5
40E
330
3C2
100
AcDbEntity
  8
inside2_B
100
AcDbVertex
100
AcDb2dVertex
 10
-264.497503404321
 20
3.389617414250878
 30
0.0
  0
VERTEX
  5
40F
330
3C2
100
AcDbEntity
  8
inside2_B
100
AcDbVertex
100
AcDb2dVertex
 10
-264.9379957869781
 20
3.380521892498791
 30
0.0
  0
VERTEX
  5
410
330
3C2
100
AcDbEntity
  8
inside2_B
100
AcDbVertex
100
AcDb2dVertex
 10
-265.3783860569327
 20
3.37152554500345
 30
0.0
  0
VERTEX
  5
411
330
3C2
100
AcDbEntity
  8
inside2_B
100
AcDbVertex
100
AcDb2dVertex
 10
-265.8188285307053
 20
3.36243663195738
 30
0.0
  0
VERTEX
  5
412
330
3C2
100
AcDbEntity
  8
inside2_B
100
AcDbVertex
100
AcDb2dVertex
 10
-266.2592300009965
 20
3.353340940907543
 30
0.0
  0
VERTEX
  5
413
330
3C2
100
AcDbEntity
  8
inside2_B
100
AcDbVertex
100
AcDb2dVertex
 10
-266.6996765745134
 20
3.344244318261659
 30
0.0
  0
VERTEX
  5
414
330
3C2
100
AcDbEntity
  8
inside2_B
100
AcDbVertex
100
AcDb2dVertex
 10
-267.1400657861702
 20
3.335049768255885
 30
0.0
  0
VERTEX
  5
415
330
3C2
100
AcDbEntity
  8
inside2_B
100
AcDbVertex
100
AcDb2dVertex
 10
-267.5804552438117
 20
3.325961870579022
 30
0.0
  0
VERTEX
  5
416
330
3C2
100
AcDbEntity
  8
inside2_B
100
AcDbVertex
100
AcDb2dVertex
 10
-268.0209058750937
 20
3.31676603823982
 30
0.0
  0
VERTEX
  5
417
330
3C2
100
AcDbEntity
  8
inside2_B
100
AcDbVertex
100
AcDb2dVertex
 10
-268.4612022580533
 20
3.307571357024131
 30
0.0
  0
VERTEX
  5
418
330
3C2
100
AcDbEntity
  8
inside2_B
100
AcDbVertex
100
AcDb2dVertex
 10
-268.9016466045873
 20
3.298375655904593
 30
0.0
  0
VERTEX
  5
419
330
3C2
100
AcDbEntity
  8
inside2_B
100
AcDbVertex
100
AcDb2dVertex
 10
-269.3420931770495
 20
3.289080783332267
 30
0.0
  0
VERTEX
  5
41A
330
3C2
100
AcDbEntity
  8
inside2_B
100
AcDbVertex
100
AcDb2dVertex
 10
-269.7824342998916
 20
3.279788136094069
 30
0.0
  0
VERTEX
  5
41B
330
3C2
100
AcDbEntity
  8
inside2_B
100
AcDbVertex
100
AcDb2dVertex
 10
-270.2227779470766
 20
3.270592388241155
 30
0.0
  0
VERTEX
  5
41C
330
3C2
100
AcDbEntity
  8
inside2_B
100
AcDbVertex
100
AcDb2dVertex
 10
-270.6632233633421
 20
3.2611984153545
 30
0.0
  0
VERTEX
  5
41D
330
3C2
100
AcDbEntity
  8
inside2_B
100
AcDbVertex
100
AcDb2dVertex
 10
-271.1035633307523
 20
3.251905792499699
 30
0.0
  0
VERTEX
  5
41E
330
3C2
100
AcDbEntity
  8
inside2_B
100
AcDbVertex
100
AcDb2dVertex
 10
-271.5439119585861
 20
3.242610895017918
 30
0.0
  0
VERTEX
  5
41F
330
3C2
100
AcDbEntity
  8
inside2_B
100
AcDbVertex
100
AcDb2dVertex
 10
-271.9843536369227
 20
3.233216920540997
 30
0.0
  0
VERTEX
  5
420
330
3C2
100
AcDbEntity
  8
inside2_B
100
AcDbVertex
100
AcDb2dVertex
 10
-272.4247468191523
 20
3.223824061719995
 30
0.0
  0
VERTEX
  5
421
330
3C2
100
AcDbEntity
  8
inside2_B
100
AcDbVertex
100
AcDb2dVertex
 10
-272.8650432500428
 20
3.214431152523687
 30
0.0
  0
VERTEX
  5
422
330
3C2
100
AcDbEntity
  8
inside2_B
100
AcDbVertex
100
AcDb2dVertex
 10
-273.3054887403965
 20
3.205037178062298
 30
0.0
  0
VERTEX
  5
423
330
3C2
100
AcDbEntity
  8
inside2_B
100
AcDbVertex
100
AcDb2dVertex
 10
-273.7457790850797
 20
3.195545204397703
 30
0.0
  0
VERTEX
  5
424
330
3C2
100
AcDbEntity
  8
inside2_B
100
AcDbVertex
100
AcDb2dVertex
 10
-274.186176411531
 20
3.186152257187302
 30
0.0
  0
VERTEX
  5
425
330
3C2
100
AcDbEntity
  8
inside2_B
100
AcDbVertex
100
AcDb2dVertex
 10
-274.6265291195733
 20
3.176651396169291
 30
0.0
  0
VERTEX
  5
426
330
3C2
100
AcDbEntity
  8
inside2_B
100
AcDbVertex
100
AcDb2dVertex
 10
-275.0669118890693
 20
3.167159648936178
 30
0.0
  0
VERTEX
  5
427
330
3C2
100
AcDbEntity
  8
inside2_B
100
AcDbVertex
100
AcDb2dVertex
 10
-275.5072046203284
 20
3.15766762382674
 30
0.0
  0
VERTEX
  5
428
330
3C2
100
AcDbEntity
  8
inside2_B
100
AcDbVertex
100
AcDb2dVertex
 10
-275.9474986886204
 20
3.148175652068517
 30
0.0
  0
VERTEX
  5
429
330
3C2
100
AcDbEntity
  8
inside2_B
100
AcDbVertex
100
AcDb2dVertex
 10
-276.3878490970125
 20
3.138682465716059
 30
0.0
  0
VERTEX
  5
42A
330
3C2
100
AcDbEntity
  8
inside2_B
100
AcDbVertex
100
AcDb2dVertex
 10
-276.8282424108789
 20
3.129083754035534
 30
0.0
  0
VERTEX
  5
42B
330
3C2
100
AcDbEntity
  8
inside2_B
100
AcDbVertex
100
AcDb2dVertex
 10
-277.2685298166041
 20
3.119591843730291
 30
0.0
  0
VERTEX
  5
42C
330
3C2
100
AcDbEntity
  8
inside2_B
100
AcDbVertex
100
AcDb2dVertex
 10
-277.7088772416218
 20
3.109999596725117
 30
0.0
  0
VERTEX
  5
42D
330
3C2
100
AcDbEntity
  8
inside2_B
100
AcDbVertex
100
AcDb2dVertex
 10
-278.1491713983234
 20
3.100408510082914
 30
0.0
  0
VERTEX
  5
42E
330
3C2
100
AcDbEntity
  8
inside2_B
100
AcDbVertex
100
AcDb2dVertex
 10
-278.5895668232367
 20
3.090809669340658
 30
0.0
  0
VERTEX
  5
42F
330
3C2
100
AcDbEntity
  8
inside2_B
100
AcDbVertex
100
AcDb2dVertex
 10
-279.0299083246027
 20
3.08121755141012
 30
0.0
  0
VERTEX
  5
430
330
3C2
100
AcDbEntity
  8
inside2_B
100
AcDbVertex
100
AcDb2dVertex
 10
-279.4702066269146
 20
3.071527260551363
 30
0.0
  0
VERTEX
  5
431
330
3C2
100
AcDbEntity
  8
inside2_B
100
AcDbVertex
100
AcDb2dVertex
 10
-279.9104478053144
 20
3.061929621701069
 30
0.0
  0
VERTEX
  5
432
330
3C2
100
AcDbEntity
  8
inside2_B
100
AcDbVertex
100
AcDb2dVertex
 10
-280.3507869826686
 20
3.052337554430281
 30
0.0
  0
VERTEX
  5
433
330
3C2
100
AcDbEntity
  8
inside2_B
100
AcDbVertex
100
AcDb2dVertex
 10
-280.7911344511226
 20
3.042646181500089
 30
0.0
  0
VERTEX
  5
434
330
3C2
100
AcDbEntity
  8
inside2_B
100
AcDbVertex
100
AcDb2dVertex
 10
-281.2315298528744
 20
3.032948226946601
 30
0.0
  0
VERTEX
  5
435
330
3C2
100
AcDbEntity
  8
inside2_B
100
AcDbVertex
100
AcDb2dVertex
 10
-281.671721299619
 20
3.023258106521851
 30
0.0
  0
VERTEX
  5
436
330
3C2
100
AcDbEntity
  8
inside2_B
100
AcDbVertex
100
AcDb2dVertex
 10
-282.1121180759989
 20
3.01356020561893
 30
0.0
  0
VERTEX
  5
437
330
3C2
100
AcDbEntity
  8
inside2_B
100
AcDbVertex
100
AcDb2dVertex
 10
-282.5524026570772
 20
3.003870132882554
 30
0.0
  0
VERTEX
  5
438
330
3C2
100
AcDbEntity
  8
inside2_B
100
AcDbVertex
100
AcDb2dVertex
 10
-282.9925999576884
 20
2.9941798835859
 30
0.0
  0
VERTEX
  5
439
330
3C2
100
AcDbEntity
  8
inside2_B
100
AcDbVertex
100
AcDb2dVertex
 10
-283.432996734066
 20
2.984481982683036
 30
0.0
  0
VERTEX
  5
43A
330
3C2
100
AcDbEntity
  8
inside2_B
100
AcDbVertex
100
AcDb2dVertex
 10
-283.8732407426774
 20
2.974790621264304
 30
0.0
  0
VERTEX
  5
43B
330
3C2
100
AcDbEntity
  8
inside2_B
100
AcDbVertex
100
AcDb2dVertex
 10
-284.3135337258005
 20
2.964993710703979
 30
0.0
  0
VERTEX
  5
43C
330
3C2
100
AcDbEntity
  8
inside2_B
100
AcDbVertex
100
AcDb2dVertex
 10
-284.7538240704628
 20
2.955303511083784
 30
0.0
  0
VERTEX
  5
43D
330
3C2
100
AcDbEntity
  8
inside2_B
100
AcDbVertex
100
AcDb2dVertex
 10
-285.1941181820563
 20
2.945506575414015
 30
0.0
  0
VERTEX
  5
43E
330
3C2
100
AcDbEntity
  8
inside2_B
100
AcDbVertex
100
AcDb2dVertex
 10
-285.6344082834872
 20
2.935816465044084
 30
0.0
  0
VERTEX
  5
43F
330
3C2
100
AcDbEntity
  8
inside2_B
100
AcDbVertex
100
AcDb2dVertex
 10
-286.074751984633
 20
2.926025966130297
 30
0.0
  0
VERTEX
  5
440
330
3C2
100
AcDbEntity
  8
inside2_B
100
AcDbVertex
100
AcDb2dVertex
 10
-286.5150542517734
 20
2.916228849061781
 30
0.0
  0
VERTEX
  5
441
330
3C2
100
AcDbEntity
  8
inside2_B
100
AcDbVertex
100
AcDb2dVertex
 10
-286.9552397441583
 20
2.90643966413333
 30
0.0
  0
VERTEX
  5
442
330
3C2
100
AcDbEntity
  8
inside2_B
100
AcDbVertex
100
AcDb2dVertex
 10
-287.3955396401703
 20
2.896642599789871
 30
0.0
  0
VERTEX
  5
443
330
3C2
100
AcDbEntity
  8
inside2_B
100
AcDbVertex
100
AcDb2dVertex
 10
-287.835825595228
 20
2.886853469614479
 30
0.0
  0
VERTEX
  5
444
330
3C2
100
AcDbEntity
  8
inside2_B
100
AcDbVertex
100
AcDb2dVertex
 10
-288.2760679489691
 20
2.877057600863566
 30
0.0
  0
VERTEX
  5
445
330
3C2
100
AcDbEntity
  8
inside2_B
100
AcDbVertex
100
AcDb2dVertex
 10
-288.7162629926981
 20
2.867367401243214
 30
0.0
  0
VERTEX
  5
446
330
3C2
100
AcDbEntity
  8
inside2_B
100
AcDbVertex
100
AcDb2dVertex
 10
-289.1566587851475
 20
2.857568118242398
 30
0.0
  0
VERTEX
  5
447
330
3C2
100
AcDbEntity
  8
inside2_B
100
AcDbVertex
100
AcDb2dVertex
 10
-289.5969540827096
 20
2.847679667043934
 30
0.0
  0
VERTEX
  5
448
330
3C2
100
AcDbEntity
  8
inside2_B
100
AcDbVertex
100
AcDb2dVertex
 10
-290.0371011033077
 20
2.83788379916831
 30
0.0
  0
VERTEX
  5
449
330
3C2
100
AcDbEntity
  8
inside2_B
100
AcDbVertex
100
AcDb2dVertex
 10
-290.4773809645331
 20
2.828094719772409
 30
0.0
  0
VERTEX
  5
44A
330
3C2
100
AcDbEntity
  8
inside2_B
100
AcDbVertex
100
AcDb2dVertex
 10
-290.9176832317046
 20
2.818297602703197
 30
0.0
  0
VERTEX
  5
44B
330
3C2
100
AcDbEntity
  8
inside2_B
100
AcDbVertex
100
AcDb2dVertex
 10
-291.3579249040719
 20
2.808507168400894
 30
0.0
  0
VERTEX
  5
44C
330
3C2
100
AcDbEntity
  8
inside2_B
100
AcDbVertex
100
AcDb2dVertex
 10
-291.7982231625168
 20
2.798611026558646
 30
0.0
  0
VERTEX
  5
44D
330
3C2
100
AcDbEntity
  8
inside2_B
100
AcDbVertex
100
AcDb2dVertex
 10
-292.2383623160353
 20
2.78881524894166
 30
0.0
  0
VERTEX
  5
44E
330
3C2
100
AcDbEntity
  8
inside2_B
100
AcDbVertex
100
AcDb2dVertex
 10
-292.6786458068319
 20
2.779026173604692
 30
0.0
  0
VERTEX
  5
44F
330
3C2
100
AcDbEntity
  8
inside2_B
100
AcDbVertex
100
AcDb2dVertex
 10
-293.1188956357335
 20
2.769227932906276
 30
0.0
  0
VERTEX
  5
450
330
3C2
100
AcDbEntity
  8
inside2_B
100
AcDbVertex
100
AcDb2dVertex
 10
-293.5591924180413
 20
2.759339533975478
 30
0.0
  0
VERTEX
  5
451
330
3C2
100
AcDbEntity
  8
inside2_B
100
AcDbVertex
100
AcDb2dVertex
 10
-293.9994336448349
 20
2.749543690227753
 30
0.0
  0
VERTEX
  5
452
330
3C2
100
AcDbEntity
  8
inside2_B
100
AcDbVertex
100
AcDb2dVertex
 10
-294.4396764705396
 20
2.739753230277771
 30
0.0
  0
VERTEX
  5
453
330
3C2
100
AcDbEntity
  8
inside2_B
100
AcDbVertex
100
AcDb2dVertex
 10
-294.8798664255027
 20
2.7298572093286
 30
0.0
  0
VERTEX
  5
454
330
3C2
100
AcDbEntity
  8
inside2_B
100
AcDbVertex
100
AcDb2dVertex
 10
-295.3201056928893
 20
2.720069201859914
 30
0.0
  0
VERTEX
  5
455
330
3C2
100
AcDbEntity
  8
inside2_B
100
AcDbVertex
100
AcDb2dVertex
 10
-295.7603076815901
 20
2.710272025899485
 30
0.0
  0
VERTEX
  5
456
330
3C2
100
AcDbEntity
  8
inside2_B
100
AcDbVertex
100
AcDb2dVertex
 10
-296.20064606173
 20
2.700481645409738
 30
0.0
  0
VERTEX
  5
457
330
3C2
100
AcDbEntity
  8
inside2_B
100
AcDbVertex
100
AcDb2dVertex
 10
-296.6408372022776
 20
2.690585597807143
 30
0.0
  0
VERTEX
  5
458
330
3C2
100
AcDbEntity
  8
inside2_B
100
AcDbVertex
100
AcDb2dVertex
 10
-297.0810764696642
 20
2.680797590338457
 30
0.0
  0
VERTEX
  5
459
330
3C2
100
AcDbEntity
  8
inside2_B
100
AcDbVertex
100
AcDb2dVertex
 10
-297.5212784583651
 20
2.671000414378028
 30
0.0
  0
VERTEX
  5
45A
330
3C2
100
AcDbEntity
  8
inside2_B
100
AcDbVertex
100
AcDb2dVertex
 10
-297.9615664300694
 20
2.661203530511415
 30
0.0
  0
VERTEX
  5
45B
330
3C2
100
AcDbEntity
  8
inside2_B
100
AcDbVertex
100
AcDb2dVertex
 10
-298.4017518311892
 20
2.651414347613681
 30
0.0
  0
VERTEX
  5
45C
330
3C2
100
AcDbEntity
  8
inside2_B
100
AcDbVertex
100
AcDb2dVertex
 10
-298.8419587079151
 20
2.641617232495889
 30
0.0
  0
VERTEX
  5
45D
330
3C2
100
AcDbEntity
  8
inside2_B
100
AcDbVertex
100
AcDb2dVertex
 10
-299.2822386604462
 20
2.631828151067907
 30
0.0
  0
VERTEX
  5
45E
330
3C2
100
AcDbEntity
  8
inside2_B
100
AcDbVertex
100
AcDb2dVertex
 10
-299.7224404668272
 20
2.622030979161096
 30
0.0
  0
VERTEX
  5
45F
330
3C2
100
AcDbEntity
  8
inside2_B
100
AcDbVertex
100
AcDb2dVertex
 10
-300.1627276785175
 20
2.612241905850567
 30
0.0
  0
VERTEX
  5
460
330
3C2
100
AcDbEntity
  8
inside2_B
100
AcDbVertex
100
AcDb2dVertex
 10
-300.6029296672512
 20
2.602444729889399
 30
0.0
  0
VERTEX
  5
461
330
3C2
100
AcDbEntity
  8
inside2_B
100
AcDbVertex
100
AcDb2dVertex
 10
-301.0431126954018
 20
2.592655599798761
 30
0.0
  0
VERTEX
  5
462
330
3C2
100
AcDbEntity
  8
inside2_B
100
AcDbVertex
100
AcDb2dVertex
 10
-301.4833525417336
 20
2.582859786803695
 30
0.0
  0
VERTEX
  5
463
330
3C2
100
AcDbEntity
  8
inside2_B
100
AcDbVertex
100
AcDb2dVertex
 10
-301.9235484822117
 20
2.57316965135827
 30
0.0
  0
VERTEX
  5
464
330
3C2
100
AcDbEntity
  8
inside2_B
100
AcDbVertex
100
AcDb2dVertex
 10
-302.3637427314827
 20
2.563380271652647
 30
0.0
  0
VERTEX
  5
465
330
3C2
100
AcDbEntity
  8
inside2_B
100
AcDbVertex
100
AcDb2dVertex
 10
-302.8040330761466
 20
2.553682447957186
 30
0.0
  0
VERTEX
  5
466
330
3C2
100
AcDbEntity
  8
inside2_B
100
AcDbVertex
100
AcDb2dVertex
 10
-303.2442242174589
 20
2.543893137368755
 30
0.0
  0
VERTEX
  5
467
330
3C2
100
AcDbEntity
  8
inside2_B
100
AcDbVertex
100
AcDb2dVertex
 10
-303.6845221861999
 20
2.534195313673251
 30
0.0
  0
VERTEX
  5
468
330
3C2
100
AcDbEntity
  8
inside2_B
100
AcDbVertex
100
AcDb2dVertex
 10
-304.1247146827458
 20
2.52440597294607
 30
0.0
  0
VERTEX
  5
469
330
3C2
100
AcDbEntity
  8
inside2_B
100
AcDbVertex
100
AcDb2dVertex
 10
-304.5648566926679
 20
2.514709233652013
 30
0.0
  0
VERTEX
  5
46A
330
3C2
100
AcDbEntity
  8
inside2_B
100
AcDbVertex
100
AcDb2dVertex
 10
-305.0051364864535
 20
2.50501926635998
 30
0.0
  0
VERTEX
  5
46B
330
3C2
100
AcDbEntity
  8
inside2_B
100
AcDbVertex
100
AcDb2dVertex
 10
-305.4453375088306
 20
2.495329019050487
 30
0.0
  0
VERTEX
  5
46C
330
3C2
100
AcDbEntity
  8
inside2_B
100
AcDbVertex
100
AcDb2dVertex
 10
-305.885537124759
 20
2.48563101071656
 30
0.0
  0
VERTEX
  5
46D
330
3C2
100
AcDbEntity
  8
inside2_B
100
AcDbVertex
100
AcDb2dVertex
 10
-306.3258169185645
 20
2.475941043424072
 30
0.0
  0
VERTEX
  5
46E
330
3C2
100
AcDbEntity
  8
inside2_B
100
AcDbVertex
100
AcDb2dVertex
 10
-306.7659600242083
 20
2.466244280107759
 30
0.0
  0
VERTEX
  5
46F
330
3C2
100
AcDbEntity
  8
inside2_B
100
AcDbVertex
100
AcDb2dVertex
 10
-307.2062538911352
 20
2.456653282816049
 30
0.0
  0
VERTEX
  5
470
330
3C2
100
AcDbEntity
  8
inside2_B
100
AcDbVertex
100
AcDb2dVertex
 10
-307.6464504756499
 20
2.446962965360711
 30
0.0
  0
VERTEX
  5
471
330
3C2
100
AcDbEntity
  8
inside2_B
100
AcDbVertex
100
AcDb2dVertex
 10
-308.0866405337318
 20
2.437364280234632
 30
0.0
  0
VERTEX
  5
472
330
3C2
100
AcDbEntity
  8
inside2_B
100
AcDbVertex
100
AcDb2dVertex
 10
-308.5269266871326
 20
2.427674172858488
 30
0.0
  0
VERTEX
  5
473
330
3C2
100
AcDbEntity
  8
inside2_B
100
AcDbVertex
100
AcDb2dVertex
 10
-308.9670733026667
 20
2.418084224430373
 30
0.0
  0
VERTEX
  5
474
330
3C2
100
AcDbEntity
  8
inside2_B
100
AcDbVertex
100
AcDb2dVertex
 10
-309.4073697048119
 20
2.408485381693339
 30
0.0
  0
VERTEX
  5
475
330
3C2
100
AcDbEntity
  8
inside2_B
100
AcDbVertex
100
AcDb2dVertex
 10
-309.8475550577518
 20
2.398894423176415
 30
0.0
  0
VERTEX
  5
476
330
3C2
100
AcDbEntity
  8
inside2_B
100
AcDbVertex
100
AcDb2dVertex
 10
-310.2877908274704
 20
2.389304525375948
 30
0.0
  0
VERTEX
  5
477
330
3C2
100
AcDbEntity
  8
inside2_B
100
AcDbVertex
100
AcDb2dVertex
 10
-310.7279949467019
 20
2.379812438215964
 30
0.0
  0
VERTEX
  5
478
330
3C2
100
AcDbEntity
  8
inside2_B
100
AcDbVertex
100
AcDb2dVertex
 10
-311.1681851171807
 20
2.370213750638968
 30
0.0
  0
VERTEX
  5
479
330
3C2
100
AcDbEntity
  8
inside2_B
100
AcDbVertex
100
AcDb2dVertex
 10
-311.6084168851579
 20
2.360723039796866
 30
0.0
  0
VERTEX
  5
47A
330
3C2
100
AcDbEntity
  8
inside2_B
100
AcDbVertex
100
AcDb2dVertex
 10
-312.0487692403331
 20
2.351229893666215
 30
0.0
  0
VERTEX
  5
47B
330
3C2
100
AcDbEntity
  8
inside2_B
100
AcDbVertex
100
AcDb2dVertex
 10
-312.4889072469394
 20
2.341639966716215
 30
0.0
  0
VERTEX
  5
47C
330
3C2
100
AcDbEntity
  8
inside2_B
100
AcDbVertex
100
AcDb2dVertex
 10
-312.9291483681162
 20
2.332248156131129
 30
0.0
  0
VERTEX
  5
47D
330
3C2
100
AcDbEntity
  8
inside2_B
100
AcDbVertex
100
AcDb2dVertex
 10
-313.3693981650741
 20
2.322747294517086
 30
0.0
  0
VERTEX
  5
47E
330
3C2
100
AcDbEntity
  8
inside2_B
100
AcDbVertex
100
AcDb2dVertex
 10
-313.8096333660989
 20
2.313256674123963
 30
0.0
  0
VERTEX
  5
47F
330
3C2
100
AcDbEntity
  8
inside2_B
100
AcDbVertex
100
AcDb2dVertex
 10
-314.2498246862501
 20
2.303863811550116
 30
0.0
  0
VERTEX
  5
480
330
3C2
100
AcDbEntity
  8
inside2_B
100
AcDbVertex
100
AcDb2dVertex
 10
-314.6901138933233
 20
2.294371862410628
 30
0.0
  0
VERTEX
  5
481
330
3C2
100
AcDbEntity
  8
inside2_B
100
AcDbVertex
100
AcDb2dVertex
 10
-315.1303509239576
 20
2.284980139090422
 30
0.0
  0
VERTEX
  5
482
330
3C2
100
AcDbEntity
  8
inside2_B
100
AcDbVertex
100
AcDb2dVertex
 10
-315.5704975152682
 20
2.275588393615593
 30
0.0
  0
VERTEX
  5
483
330
3C2
100
AcDbEntity
  8
inside2_B
100
AcDbVertex
100
AcDb2dVertex
 10
-316.0107868098383
 20
2.266294668073058
 30
0.0
  0
VERTEX
  5
484
330
3C2
100
AcDbEntity
  8
inside2_B
100
AcDbVertex
100
AcDb2dVertex
 10
-316.4510781935939
 20
2.256901785219611
 30
0.0
  0
VERTEX
  5
485
330
3C2
100
AcDbEntity
  8
inside2_B
100
AcDbVertex
100
AcDb2dVertex
 10
-316.891277049355
 20
2.247608037511469
 30
0.0
  0
VERTEX
  5
486
330
3C2
100
AcDbEntity
  8
inside2_B
100
AcDbVertex
100
AcDb2dVertex
 10
-317.3315663549275
 20
2.238215198992577
 30
0.0
  0
VERTEX
  5
487
330
3C2
100
AcDbEntity
  8
inside2_B
100
AcDbVertex
100
AcDb2dVertex
 10
-317.7717511833002
 20
2.228923678546082
 30
0.0
  0
VERTEX
  5
488
330
3C2
100
AcDbEntity
  8
inside2_B
100
AcDbVertex
100
AcDb2dVertex
 10
-318.2119423284022
 20
2.21972904562449
 30
0.0
  0
VERTEX
  5
489
330
3C2
100
AcDbEntity
  8
inside2_B
100
AcDbVertex
100
AcDb2dVertex
 10
-318.6522391834876
 20
2.210435321423205
 30
0.0
  0
VERTEX
  5
48A
330
3C2
100
AcDbEntity
  8
inside2_B
100
AcDbVertex
100
AcDb2dVertex
 10
-319.092529614735
 20
2.201240684884937
 30
0.0
  0
VERTEX
  5
48B
330
3C2
100
AcDbEntity
  8
inside2_B
100
AcDbVertex
100
AcDb2dVertex
 10
-319.5328198737132
 20
2.191946938985467
 30
0.0
  0
VERTEX
  5
48C
330
3C2
100
AcDbEntity
  8
inside2_B
100
AcDbVertex
100
AcDb2dVertex
 10
-319.9730112109688
 20
2.182754531014524
 30
0.0
  0
VERTEX
  5
48D
330
3C2
100
AcDbEntity
  8
inside2_B
100
AcDbVertex
100
AcDb2dVertex
 10
-320.4132975399962
 20
2.173659092217463
 30
0.0
  0
VERTEX
  5
48E
330
3C2
100
AcDbEntity
  8
inside2_B
100
AcDbVertex
100
AcDb2dVertex
 10
-320.8535877998838
 20
2.164472083331503
 30
0.0
  0
VERTEX
  5
48F
330
3C2
100
AcDbEntity
  8
inside2_B
100
AcDbVertex
100
AcDb2dVertex
 10
-321.2938364689167
 20
2.155377579995516
 30
0.0
  0
VERTEX
  5
490
330
3C2
100
AcDbEntity
  8
inside2_B
100
AcDbVertex
100
AcDb2dVertex
 10
-321.7341269830259
 20
2.14628205474304
 30
0.0
  0
VERTEX
  5
491
330
3C2
100
AcDbEntity
  8
inside2_B
100
AcDbVertex
100
AcDb2dVertex
 10
-322.1744173276899
 20
2.137186532990924
 30
0.0
  0
VERTEX
  5
492
330
3C2
100
AcDbEntity
  8
inside2_B
100
AcDbVertex
100
AcDb2dVertex
 10
-322.6146577936951
 20
2.128099822263735
 30
0.0
  0
VERTEX
  5
493
330
3C2
100
AcDbEntity
  8
inside2_B
100
AcDbVertex
100
AcDb2dVertex
 10
-323.0549523243221
 20
2.119103327958285
 30
0.0
  0
VERTEX
  5
494
330
3C2
100
AcDbEntity
  8
inside2_B
100
AcDbVertex
100
AcDb2dVertex
 10
-323.4952384839759
 20
2.11000789266015
 30
0.0
  0
VERTEX
  5
495
330
3C2
100
AcDbEntity
  8
inside2_B
100
AcDbVertex
100
AcDb2dVertex
 10
-323.9354298180714
 20
2.101021284932159
 30
0.0
  0
VERTEX
  5
496
330
3C2
100
AcDbEntity
  8
inside2_B
100
AcDbVertex
100
AcDb2dVertex
 10
-324.3757243478496
 20
2.092123904564204
 30
0.0
  0
VERTEX
  5
497
330
3C2
100
AcDbEntity
  8
inside2_B
100
AcDbVertex
100
AcDb2dVertex
 10
-324.8160094321202
 20
2.083127603275187
 30
0.0
  0
VERTEX
  5
498
330
3C2
100
AcDbEntity
  8
inside2_B
100
AcDbVertex
100
AcDb2dVertex
 10
-325.2563479356629
 20
2.074239113988952
 30
0.0
  0
VERTEX
  5
499
330
3C2
100
AcDbEntity
  8
inside2_B
100
AcDbVertex
100
AcDb2dVertex
 10
-325.6965913815171
 20
2.065342766031122
 30
0.0
  0
VERTEX
  5
49A
330
3C2
100
AcDbEntity
  8
inside2_B
100
AcDbVertex
100
AcDb2dVertex
 10
-326.1368805661556
 20
2.056552230448631
 30
0.0
  0
VERTEX
  5
49B
330
3C2
100
AcDbEntity
  8
inside2_B
100
AcDbVertex
100
AcDb2dVertex
 10
-326.5772776478729
 20
2.047654934652556
 30
0.0
  0
VERTEX
  5
49C
330
3C2
100
AcDbEntity
  8
inside2_B
100
AcDbVertex
100
AcDb2dVertex
 10
-327.0175117326517
 20
2.038865499159058
 30
0.0
  0
VERTEX
  5
49D
330
3C2
100
AcDbEntity
  8
inside2_B
100
AcDbVertex
100
AcDb2dVertex
 10
-327.4577517264941
 20
2.030068322556573
 30
0.0
  0
VERTEX
  5
49E
330
3C2
100
AcDbEntity
  8
inside2_B
100
AcDbVertex
100
AcDb2dVertex
 10
-327.8981436424565
 20
2.021376978740406
 30
0.0
  0
VERTEX
  5
49F
330
3C2
100
AcDbEntity
  8
inside2_B
100
AcDbVertex
100
AcDb2dVertex
 10
-328.3385382538234
 20
2.012586317124729
 30
0.0
  0
VERTEX
  5
4A0
330
3C2
100
AcDbEntity
  8
inside2_B
100
AcDbVertex
100
AcDb2dVertex
 10
-328.7787296076195
 20
2.003889353701055
 30
0.0
  0
VERTEX
  5
4A1
330
3C2
100
AcDbEntity
  8
inside2_B
100
AcDbVertex
100
AcDb2dVertex
 10
-329.2191150448005
 20
1.99529709935652
 30
0.0
  0
VERTEX
  5
4A2
330
3C2
100
AcDbEntity
  8
inside2_B
100
AcDbVertex
100
AcDb2dVertex
 10
-329.659405309447
 20
1.986605655171289
 30
0.0
  0
VERTEX
  5
4A3
330
3C2
100
AcDbEntity
  8
inside2_B
100
AcDbVertex
100
AcDb2dVertex
 10
-330.0997479508767
 20
1.978014384537488
 30
0.0
  0
VERTEX
  5
4A4
330
3C2
100
AcDbEntity
  8
inside2_B
100
AcDbVertex
100
AcDb2dVertex
 10
-330.5400893099681
 20
1.969415367021199
 30
0.0
  0
VERTEX
  5
4A5
330
3C2
100
AcDbEntity
  8
inside2_B
100
AcDbVertex
100
AcDb2dVertex
 10
-330.9803831780538
 20
1.96092222631286
 30
0.0
  0
VERTEX
  5
4A6
330
3C2
100
AcDbEntity
  8
inside2_B
100
AcDbVertex
100
AcDb2dVertex
 10
-331.4207716864304
 20
1.952329912046977
 30
0.0
  0
VERTEX
  5
4A7
330
3C2
100
AcDbEntity
  8
inside2_B
100
AcDbVertex
100
AcDb2dVertex
 10
-331.8610544482046
 20
1.943838749942927
 30
0.0
  0
VERTEX
  5
4A8
330
3C2
100
AcDbEntity
  8
inside2_B
100
AcDbVertex
100
AcDb2dVertex
 10
-332.3013981423591
 20
1.935445660695919
 30
0.0
  0
VERTEX
  5
4A9
330
3C2
100
AcDbEntity
  8
inside2_B
100
AcDbVertex
100
AcDb2dVertex
 10
-332.7417877563238
 20
1.927051550885579
 30
0.0
  0
VERTEX
  5
4AA
330
3C2
100
AcDbEntity
  8
inside2_B
100
AcDbVertex
100
AcDb2dVertex
 10
-333.1821846817183
 20
1.918657447034448
 30
0.0
  0
VERTEX
  5
4AB
330
3C2
100
AcDbEntity
  8
inside2_B
100
AcDbVertex
100
AcDb2dVertex
 10
-333.6225209086222
 20
1.910264354815894
 30
0.0
  0
VERTEX
  5
4AC
330
3C2
100
AcDbEntity
  8
inside2_B
100
AcDbVertex
100
AcDb2dVertex
 10
-334.0628646030621
 20
1.901970366526456
 30
0.0
  0
VERTEX
  5
4AD
330
3C2
100
AcDbEntity
  8
inside2_B
100
AcDbVertex
100
AcDb2dVertex
 10
-334.5032542151829
 20
1.893675369764082
 30
0.0
  0
VERTEX
  5
4AE
330
3C2
100
AcDbEntity
  8
inside2_B
100
AcDbVertex
100
AcDb2dVertex
 10
-334.9435892941243
 20
1.885381400166096
 30
0.0
  0
VERTEX
  5
4AF
330
3C2
100
AcDbEntity
  8
inside2_B
100
AcDbVertex
100
AcDb2dVertex
 10
-335.3840813880084
 20
1.877185595591172
 30
0.0
  0
VERTEX
  5
4B0
330
3C2
100
AcDbEntity
  8
inside2_B
100
AcDbVertex
100
AcDb2dVertex
 10
-335.8244185274935
 20
1.868899210351131
 30
0.0
  0
VERTEX
  5
4B1
330
3C2
100
AcDbEntity
  8
inside2_B
100
AcDbVertex
100
AcDb2dVertex
 10
-336.2647130123198
 20
1.860804328714025
 30
0.0
  0
VERTEX
  5
4B2
330
3C2
100
AcDbEntity
  8
inside2_B
100
AcDbVertex
100
AcDb2dVertex
 10
-336.7051997738526
 20
1.852707594074232
 30
0.0
  0
VERTEX
  5
4B3
330
3C2
100
AcDbEntity
  8
inside2_B
100
AcDbVertex
100
AcDb2dVertex
 10
-337.145598664656
 20
1.84461079292069
 30
0.0
  0
VERTEX
  5
4B4
330
3C2
100
AcDbEntity
  8
inside2_B
100
AcDbVertex
100
AcDb2dVertex
 10
-337.5860289198177
 20
1.836522720111617
 30
0.0
  0
VERTEX
  5
4B5
330
3C2
100
AcDbEntity
  8
inside2_B
100
AcDbVertex
100
AcDb2dVertex
 10
-338.0263776949611
 20
1.82852594244514
 30
0.0
  0
VERTEX
  5
4B6
330
3C2
100
AcDbEntity
  8
inside2_B
100
AcDbVertex
100
AcDb2dVertex
 10
-338.9073036765218
 20
1.812539323499735
 30
0.0
  0
VERTEX
  5
4B7
330
3C2
100
AcDbEntity
  8
inside2_B
100
AcDbVertex
100
AcDb2dVertex
 10
-339.7880827278748
 20
1.796751774466046
 30
0.0
  0
VERTEX
  5
4B8
330
3C2
100
AcDbEntity
  8
inside2_B
100
AcDbVertex
100
AcDb2dVertex
 10
-340.6689850138928
 20
1.781162000293961
 30
0.0
  0
VERTEX
  5
4B9
330
3C2
100
AcDbEntity
  8
inside2_B
100
AcDbVertex
100
AcDb2dVertex
 10
-341.5498898268492
 20
1.765678908767882
 30
0.0
  0
VERTEX
  5
4BA
330
3C2
100
AcDbEntity
  8
inside2_B
100
AcDbVertex
100
AcDb2dVertex
 10
-342.430794179715
 20
1.750386409811995
 30
0.0
  0
VERTEX
  5
4BB
330
3C2
100
AcDbEntity
  8
inside2_B
100
AcDbVertex
100
AcDb2dVertex
 10
-343.3117960542751
 20
1.735200665439748
 30
0.0
  0
VERTEX
  5
4BC
330
3C2
100
AcDbEntity
  8
inside2_B
100
AcDbVertex
100
AcDb2dVertex
 10
-344.19267422544
 20
1.720213547108671
 30
0.0
  0
VERTEX
  5
4BD
330
3C2
100
AcDbEntity
  8
inside2_B
100
AcDbVertex
100
AcDb2dVertex
 10
-345.073677225469
 20
1.705424198856974
 30
0.0
  0
VERTEX
  5
4BE
330
3C2
100
AcDbEntity
  8
inside2_B
100
AcDbVertex
100
AcDb2dVertex
 10
-345.9547858439385
 20
1.690733972971941
 30
0.0
  0
VERTEX
  5
4BF
330
3C2
100
AcDbEntity
  8
inside2_B
100
AcDbVertex
100
AcDb2dVertex
 10
-346.8357898176427
 20
1.676249543727721
 30
0.0
  0
VERTEX
  5
4C0
330
3C2
100
AcDbEntity
  8
inside2_B
100
AcDbVertex
100
AcDb2dVertex
 10
-347.7168657519347
 20
1.661857038480719
 30
0.0
  0
VERTEX
  5
4C1
330
3C2
100
AcDbEntity
  8
inside2_B
100
AcDbVertex
100
AcDb2dVertex
 10
-348.5979473073672
 20
1.647769491202297
 30
0.0
  0
VERTEX
  5
4C2
330
3C2
100
AcDbEntity
  8
inside2_B
100
AcDbVertex
100
AcDb2dVertex
 10
-349.4791307679199
 20
1.633780879100129
 30
0.0
  0
VERTEX
  5
4C3
330
3C2
100
AcDbEntity
  8
inside2_B
100
AcDbVertex
100
AcDb2dVertex
 10
-350.800864151878
 20
1.613198118855777
 30
0.0
  0
VERTEX
  5
4C4
330
3C2
100
AcDbEntity
  8
inside2_B
100
AcDbVertex
100
AcDb2dVertex
 10
-352.1225994535003
 20
1.593019361295049
 30
0.0
  0
VERTEX
  5
4C5
330
3C2
100
AcDbEntity
  8
inside2_B
100
AcDbVertex
100
AcDb2dVertex
 10
-353.4443333866356
 20
1.573229410259643
 30
0.0
  0
VERTEX
  5
4C6
330
3C2
100
AcDbEntity
  8
inside2_B
100
AcDbVertex
100
AcDb2dVertex
 10
-354.7660500612357
 20
1.553851367632191
 30
0.0
  0
VERTEX
  5
4C7
330
3C2
100
AcDbEntity
  8
inside2_B
100
AcDbVertex
100
AcDb2dVertex
 10
-356.0875698632336
 20
1.534961187486417
 30
0.0
  0
VERTEX
  5
4C8
330
3C2
100
AcDbEntity
  8
inside2_B
100
AcDbVertex
100
AcDb2dVertex
 10
-357.4091046623669
 20
1.516474824811354
 30
0.0
  0
VERTEX
  5
4C9
330
3C2
100
AcDbEntity
  8
inside2_B
100
AcDbVertex
100
AcDb2dVertex
 10
-358.7304253288112
 20
1.498392711958388
 30
0.0
  0
VERTEX
  5
4CA
330
3C2
100
AcDbEntity
  8
inside2_B
100
AcDbVertex
100
AcDb2dVertex
 10
-360.0515149084949
 20
1.480806338689007
 30
0.0
  0
VERTEX
  5
4CB
330
3C2
100
AcDbEntity
  8
inside2_B
100
AcDbVertex
100
AcDb2dVertex
 10
-361.3723502348101
 20
1.463722628476432
 30
0.0
  0
VERTEX
  5
4CC
330
3C2
100
AcDbEntity
  8
inside2_B
100
AcDbVertex
100
AcDb2dVertex
 10
-362.6929706176441
 20
1.446936437900447
 30
0.0
  0
VERTEX
  5
4CD
330
3C2
100
AcDbEntity
  8
inside2_B
100
AcDbVertex
100
AcDb2dVertex
 10
-363.5732333705519
 20
1.436142402272992
 30
0.0
  0
VERTEX
  5
4CE
330
3C2
100
AcDbEntity
  8
inside2_B
100
AcDbVertex
100
AcDb2dVertex
 10
-364.4535352219537
 20
1.425454427528322
 30
0.0
  0
VERTEX
  5
4CF
330
3C2
100
AcDbEntity
  8
inside2_B
100
AcDbVertex
100
AcDb2dVertex
 10
-365.3340079137822
 20
1.414957363488085
 30
0.0
  0
VERTEX
  5
4D0
330
3C2
100
AcDbEntity
  8
inside2_B
100
AcDbVertex
100
AcDb2dVertex
 10
-366.2146624857522
 20
1.404666493117617
 30
0.0
  0
VERTEX
  5
4D1
330
3C2
100
AcDbEntity
  8
inside2_B
100
AcDbVertex
100
AcDb2dVertex
 10
-367.0958083091431
 20
1.39468049902942
 30
0.0
  0
VERTEX
  5
4D2
330
3C2
100
AcDbEntity
  8
inside2_B
100
AcDbVertex
100
AcDb2dVertex
 10
-367.9775098286355
 20
1.38488449311069
 30
0.0
  0
VERTEX
  5
4D3
330
3C2
100
AcDbEntity
  8
inside2_B
100
AcDbVertex
100
AcDb2dVertex
 10
-368.8599467316281
 20
1.375195844817611
 30
0.0
  0
VERTEX
  5
4D4
330
3C2
100
AcDbEntity
  8
inside2_B
100
AcDbVertex
100
AcDb2dVertex
 10
-370.6276249870892
 20
1.356610371353696
 30
0.0
  0
VERTEX
  5
4D5
330
3C2
100
AcDbEntity
  8
inside2_B
100
AcDbVertex
100
AcDb2dVertex
 10
-371.0698824493102
 20
1.352113561256317
 30
0.0
  0
VERTEX
  5
4D6
330
3C2
100
AcDbEntity
  8
inside2_B
100
AcDbVertex
100
AcDb2dVertex
 10
-371.9545775499068
 20
1.343323785720003
 30
0.0
  0
VERTEX
  5
4D7
330
3C2
100
AcDbEntity
  8
inside2_B
100
AcDbVertex
100
AcDb2dVertex
 10
-372.8389586114343
 20
1.33462573042226
 30
0.0
  0
VERTEX
  5
4D8
330
3C2
100
AcDbEntity
  8
inside2_B
100
AcDbVertex
100
AcDb2dVertex
 10
-373.7223856589196
 20
1.32623312011215
 30
0.0
  0
VERTEX
  5
4D9
330
3C2
100
AcDbEntity
  8
inside2_B
100
AcDbVertex
100
AcDb2dVertex
 10
-374.6043613523523
 20
1.31814502688033
 30
0.0
  0
VERTEX
  5
4DA
330
3C2
100
AcDbEntity
  8
inside2_B
100
AcDbVertex
100
AcDb2dVertex
 10
-375.9233139258353
 20
1.306252544106513
 30
0.0
  0
VERTEX
  5
4DB
330
3C2
100
AcDbEntity
  8
inside2_B
100
AcDbVertex
100
AcDb2dVertex
 10
-376.7992801980425
 20
1.298660104612637
 30
0.0
  0
VERTEX
  5
4DC
330
3C2
100
AcDbEntity
  8
inside2_B
100
AcDbVertex
100
AcDb2dVertex
 10
-377.2362129622692
 20
1.294962840486576
 30
0.0
  0
VERTEX
  5
4DD
330
3C2
100
AcDbEntity
  8
inside2_B
100
AcDbVertex
100
AcDb2dVertex
 10
-377.672868388548
 20
1.291265600937678
 30
0.0
  0
VERTEX
  5
4DE
330
3C2
100
AcDbEntity
  8
inside2_B
100
AcDbVertex
100
AcDb2dVertex
 10
-378.1095415104257
 20
1.287667944915228
 30
0.0
  0
VERTEX
  5
4DF
330
3C2
100
AcDbEntity
  8
inside2_B
100
AcDbVertex
100
AcDb2dVertex
 10
-378.5467871929293
 20
1.284168942713791
 30
0.0
  0
VERTEX
  5
4E0
330
3C2
100
AcDbEntity
  8
inside2_B
100
AcDbVertex
100
AcDb2dVertex
 10
-378.9848749394275
 20
1.280669547064747
 30
0.0
  0
VERTEX
  5
4E1
330
3C2
100
AcDbEntity
  8
inside2_B
100
AcDbVertex
100
AcDb2dVertex
 10
-379.4240466907976
 20
1.277178734133756
 30
0.0
  0
VERTEX
  5
4E2
330
3C2
100
AcDbEntity
  8
inside2_B
100
AcDbVertex
100
AcDb2dVertex
 10
-379.8647201308098
 20
1.273878408972465
 30
0.0
  0
VERTEX
  5
4E3
330
3C2
100
AcDbEntity
  8
inside2_B
100
AcDbVertex
100
AcDb2dVertex
 10
-380.307286461418
 20
1.270584892093524
 30
0.0
  0
VERTEX
  5
4E4
330
3C2
100
AcDbEntity
  8
inside2_B
100
AcDbVertex
100
AcDb2dVertex
 10
-380.7515204510074
 20
1.267284162537592
 30
0.0
  0
VERTEX
  5
4E5
330
3C2
100
AcDbEntity
  8
inside2_B
100
AcDbVertex
100
AcDb2dVertex
 10
-381.1967916668401
 20
1.264090478408832
 30
0.0
  0
VERTEX
  5
4E6
330
3C2
100
AcDbEntity
  8
inside2_B
100
AcDbVertex
100
AcDb2dVertex
 10
-381.642733881844
 20
1.260987834190104
 30
0.0
  0
VERTEX
  5
4E7
330
3C2
100
AcDbEntity
  8
inside2_B
100
AcDbVertex
100
AcDb2dVertex
 10
-382.0886677387965
 20
1.257892871253404
 30
0.0
  0
VERTEX
  5
4E8
330
3C2
100
AcDbEntity
  8
inside2_B
100
AcDbVertex
100
AcDb2dVertex
 10
-382.5341979979161
 20
1.254896953933667
 30
0.0
  0
VERTEX
  5
4E9
330
3C2
100
AcDbEntity
  8
inside2_B
100
AcDbVertex
100
AcDb2dVertex
 10
-382.9786607740305
 20
1.251900935489928
 30
0.0
  0
VERTEX
  5
4EA
330
3C2
100
AcDbEntity
  8
inside2_B
100
AcDbVertex
100
AcDb2dVertex
 10
-383.4216977094571
 20
1.248996450109018
 30
0.0
  0
VERTEX
  5
4EB
330
3C2
100
AcDbEntity
  8
inside2_B
100
AcDbVertex
100
AcDb2dVertex
 10
-383.8625954110456
 20
1.24609991949103
 30
0.0
  0
VERTEX
  5
4EC
330
3C2
100
AcDbEntity
  8
inside2_B
100
AcDbVertex
100
AcDb2dVertex
 10
-384.3017455716444
 20
1.243401256906367
 30
0.0
  0
VERTEX
  5
4ED
330
3C2
100
AcDbEntity
  8
inside2_B
100
AcDbVertex
100
AcDb2dVertex
 10
-384.7395012266023
 20
1.240603535999256
 30
0.0
  0
VERTEX
  5
4EE
330
3C2
100
AcDbEntity
  8
inside2_B
100
AcDbVertex
100
AcDb2dVertex
 10
-385.17597876319
 20
1.238011988736758
 30
0.0
  0
VERTEX
  5
4EF
330
3C2
100
AcDbEntity
  8
inside2_B
100
AcDbVertex
100
AcDb2dVertex
 10
-385.6118903604408
 20
1.23541210338847
 30
0.0
  0
VERTEX
  5
4F0
330
3C2
100
AcDbEntity
  8
inside2_B
100
AcDbVertex
100
AcDb2dVertex
 10
-386.0472353682786
 20
1.232812596366159
 30
0.0
  0
VERTEX
  5
4F1
330
3C2
100
AcDbEntity
  8
inside2_B
100
AcDbVertex
100
AcDb2dVertex
 10
-386.4825184183783
 20
1.230312546628255
 30
0.0
  0
VERTEX
  5
4F2
330
3C2
100
AcDbEntity
  8
inside2_B
100
AcDbVertex
100
AcDb2dVertex
 10
-386.9180536420027
 20
1.227918909560685
 30
0.0
  0
VERTEX
  5
4F3
330
3C2
100
AcDbEntity
  8
inside2_B
100
AcDbVertex
100
AcDb2dVertex
 10
-387.3542922192443
 20
1.225517638271072
 30
0.0
  0
VERTEX
  5
4F4
330
3C2
100
AcDbEntity
  8
inside2_B
100
AcDbVertex
100
AcDb2dVertex
 10
-387.7914802593739
 20
1.223223388121497
 30
0.0
  0
VERTEX
  5
4F5
330
3C2
100
AcDbEntity
  8
inside2_B
100
AcDbVertex
100
AcDb2dVertex
 10
-388.2299185021236
 20
1.221020295793465
 30
0.0
  0
VERTEX
  5
4F6
330
3C2
100
AcDbEntity
  8
inside2_B
100
AcDbVertex
100
AcDb2dVertex
 10
-388.6701324607255
 20
1.218824943404371
 30
0.0
  0
VERTEX
  5
4F7
330
3C2
100
AcDbEntity
  8
inside2_B
100
AcDbVertex
100
AcDb2dVertex
 10
-389.1122976567079
 20
1.216728904155673
 30
0.0
  0
VERTEX
  5
4F8
330
3C2
100
AcDbEntity
  8
inside2_B
100
AcDbVertex
100
AcDb2dVertex
 10
-390.4546446656501
 20
1.210729340901551
 30
0.0
  0
VERTEX
  5
4F9
330
3C2
100
AcDbEntity
  8
inside2_B
100
AcDbVertex
100
AcDb2dVertex
 10
-390.907698706705
 20
1.208831453010873
 30
0.0
  0
VERTEX
  5
4FA
330
3C2
100
AcDbEntity
  8
inside2_B
100
AcDbVertex
100
AcDb2dVertex
 10
-391.3621305318999
 20
1.207032387206226
 30
0.0
  0
VERTEX
  5
4FB
330
3C2
100
AcDbEntity
  8
inside2_B
100
AcDbVertex
100
AcDb2dVertex
 10
-391.8159582430017
 20
1.205233298658555
 30
0.0
  0
VERTEX
  5
4FC
330
3C2
100
AcDbEntity
  8
inside2_B
100
AcDbVertex
100
AcDb2dVertex
 10
-392.2674555224981
 20
1.203541098563193
 30
0.0
  0
VERTEX
  5
4FD
330
3C2
100
AcDbEntity
  8
inside2_B
100
AcDbVertex
100
AcDb2dVertex
 10
-392.7151112616091
 20
1.201940149904942
 30
0.0
  0
VERTEX
  5
4FE
330
3C2
100
AcDbEntity
  8
inside2_B
100
AcDbVertex
100
AcDb2dVertex
 10
-393.1571681970218
 20
1.200339212498704
 30
0.0
  0
VERTEX
  5
4FF
330
3C2
100
AcDbEntity
  8
inside2_B
100
AcDbVertex
100
AcDb2dVertex
 10
-393.5917490320873
 20
1.198844969223288
 30
0.0
  0
VERTEX
  5
500
330
3C2
100
AcDbEntity
  8
inside2_B
100
AcDbVertex
100
AcDb2dVertex
 10
-394.0173330877473
 20
1.197343105169026
 30
0.0
  0
VERTEX
  5
501
330
3C2
100
AcDbEntity
  8
inside2_B
100
AcDbVertex
100
AcDb2dVertex
 10
-394.4344513177858
 20
1.195948188387888
 30
0.0
  0
VERTEX
  5
502
330
3C2
100
AcDbEntity
  8
inside2_B
100
AcDbVertex
100
AcDb2dVertex
 10
-394.8464137188058
 20
1.194644606400942
 30
0.0
  0
VERTEX
  5
503
330
3C2
100
AcDbEntity
  8
inside2_B
100
AcDbVertex
100
AcDb2dVertex
 10
-395.2566832511946
 20
1.193348697443312
 30
0.0
  0
VERTEX
  5
504
330
3C2
100
AcDbEntity
  8
inside2_B
100
AcDbVertex
100
AcDb2dVertex
 10
-395.6684720039997
 20
1.192144458475681
 30
0.0
  0
VERTEX
  5
505
330
3C2
100
AcDbEntity
  8
inside2_B
100
AcDbVertex
100
AcDb2dVertex
 10
-396.085488330992
 20
1.191046806375681
 30
0.0
  0
VERTEX
  5
506
330
3C2
100
AcDbEntity
  8
inside2_B
100
AcDbVertex
100
AcDb2dVertex
 10
-396.5108959583175
 20
1.189949176948446
 30
0.0
  0
VERTEX
  5
507
330
3C2
100
AcDbEntity
  8
inside2_B
100
AcDbVertex
100
AcDb2dVertex
 10
-397.4010032886351
 20
1.187951848064031
 30
0.0
  0
SEQEND
  5
508
330
3C2
100
AcDbEntity
  8
inside2_B
  0
ENDSEC
  0
SECTION
  2
OBJECTS
  0
DICTIONARY
  5
C
330
0
100
AcDbDictionary
281
     1
  3
ACAD_DETAILVIEWSTYLE
350
544
  3
ACAD_GROUP
350
D
  3
ACAD_LAYOUT
350
1A
  3
ACAD_MATERIAL
350
43
  3
ACAD_MLEADERSTYLE
350
5B
  3
ACAD_MLINESTYLE
350
17
  3
ACAD_PLOTSETTINGS
350
19
  3
ACAD_PLOTSTYLENAME
350
E
  3
ACAD_SCALELIST
350
47
  3
ACAD_SECTIONVIEWSTYLE
350
545
  3
ACAD_TABLESTYLE
350
59
  3
ACAD_VISUALSTYLE
350
2A
  3
AcDbVariableDictionary
350
509
  3
ACDB_RECOMPOSE_DATA
350
541
  0
SUN
  5
5D
330
29
100
AcDbSun
 90
        1
290
     0
 63
     7
421
 16777215
 40
1.0
291
     1
 91
  2455826
 92
 54000000
292
     0
 70
     2
 71
   256
280
     1
  0
DICTIONARY
  5
544
102
{ACAD_REACTORS
330
C
102
}
330
C
100
AcDbDictionary
281
     1
  0
DICTIONARY
  5
D
102
{ACAD_REACTORS
330
C
102
}
330
C
100
AcDbDictionary
281
     1
  0
DICTIONARY
  5
1A
102
{ACAD_REACTORS
330
C
102
}
330
C
100
AcDbDictionary
281
     1
  3
Layout1
350
1E
  3
Layout2
350
26
  3
Model
350
22
  0
DICTIONARY
  5
43
102
{ACAD_REACTORS
330
C
102
}
330
C
100
AcDbDictionary
281
     1
  3
ByBlock
350
45
  3
ByLayer
350
44
  3
Global
350
46
  0
DICTIONARY
  5
5B
102
{ACAD_REACTORS
330
C
102
}
330
C
100
AcDbDictionary
281
     1
  3
Standard
350
5C
  0
DICTIONARY
  5
17
102
{ACAD_REACTORS
330
C
102
}
330
C
100
AcDbDictionary
281
     1
  3
Standard
350
18
  0
DICTIONARY
  5
19
102
{ACAD_REACTORS
330
C
102
}
330
C
100
AcDbDictionary
281
     1
  0
ACDBDICTIONARYWDFLT
  5
E
102
{ACAD_REACTORS
330
C
102
}
330
C
100
AcDbDictionary
281
     1
  3
Normal
350
F
100
AcDbDictionaryWithDefault
340
F
  0
DICTIONARY
  5
47
102
{ACAD_REACTORS
330
C
102
}
330
C
100
AcDbDictionary
281
     1
  3
A0
350
48
  3
A1
350
49
  3
A2
350
4A
  3
A3
350
4B
  3
A4
350
4C
  3
A5
350
4D
  3
A6
350
4E
  3
A7
350
4F
  3
A8
350
50
  3
A9
350
51
  3
B1
350
52
  3
B2
350
53
  3
B3
350
54
  3
B4
350
55
  3
B5
350
56
  3
B6
350
57
  3
B7
350
58
  0
DICTIONARY
  5
545
102
{ACAD_REACTORS
330
C
102
}
330
C
100
AcDbDictionary
281
     1
  0
DICTIONARY
  5
59
102
{ACAD_REACTORS
330
C
102
}
330
C
100
AcDbDictionary
281
     1
  3
Standard
350
5A
  0
DICTIONARY
  5
2A
102
{ACAD_REACTORS
330
C
102
}
330
C
100
AcDbDictionary
281
     1
  3
2dWireframe
350
2F
  3
Basic
350
32
  3
Brighten
350
36
  3
ColorChange
350
3A
  3
Conceptual
350
34
  3
Dim
350
35
  3
EdgeColorOff
350
3D
  3
Facepattern
350
39
  3
Flat
350
2B
  3
FlatWithEdges
350
2C
  3
Gouraud
350
2D
  3
GouraudWithEdges
350
2E
  3
Hidden
350
31
  3
JitterOff
350
3B
  3
Linepattern
350
38
  3
OverhangOff
350
3C
  3
Realistic
350
33
  3
Shaded
350
42
  3
Shaded with edges
350
41
  3
Shades of Gray
350
3E
  3
Sketchy
350
3F
  3
Thicken
350
37
  3
Wireframe
350
30
  3
X-Ray
350
40
  0
DICTIONARY
  5
509
102
{ACAD_REACTORS
330
C
102
}
330
C
100
AcDbDictionary
281
     1
  3
CANNOSCALE
350
50A
  3
CMLEADERSTYLE
350
543
  3
CTABLESTYLE
350
542
  3
XCLIPFRAME
350
50B
  0
XRECORD
  5
541
102
{ACAD_REACTORS
330
C
102
}
330
C
100
AcDbXrecord
280
     1
 90
        1
330
5A
  0
LAYOUT
  5
1E
102
{ACAD_REACTORS
330
1A
102
}
330
1A
100
AcDbPlotSettings
  1

  2
none_device
  4

  6

 40
0.0
 41
0.0
 42
0.0
 43
0.0
 44
0.0
 45
0.0
 46
0.0
 47
0.0
 48
0.0
 49
0.0
140
0.0
141
0.0
142
1.0
143
1.0
 70
   688
 72
     0
 73
     0
 74
     5
  7

 75
    16
 76
     0
 77
     2
 78
   300
147
1.0
148
0.0
149
0.0
100
AcDbLayout
  1
Layout1
 70
     1
 71
     1
 10
0.0
 20
0.0
 11
12.0
 21
9.0
 12
0.0
 22
0.0
 32
0.0
 14
1.000000000000000E+20
 24
1.000000000000000E+20
 34
1.000000000000000E+20
 15
-1.000000000000000E+20
 25
-1.000000000000000E+20
 35
-1.000000000000000E+20
146
0.0
 13
0.0
 23
0.0
 33
0.0
 16
1.0
 26
0.0
 36
0.0
 17
0.0
 27
1.0
 37
0.0
 76
     0
330
1B
  0
LAYOUT
  5
26
102
{ACAD_REACTORS
330
1A
102
}
330
1A
100
AcDbPlotSettings
  1

  2
none_device
  4

  6

 40
0.0
 41
0.0
 42
0.0
 43
0.0
 44
0.0
 45
0.0
 46
0.0
 47
0.0
 48
0.0
 49
0.0
140
0.0
141
0.0
142
1.0
143
1.0
 70
   688
 72
     0
 73
     0
 74
     5
  7

 75
    16
 76
     0
 77
     2
 78
   300
147
1.0
148
0.0
149
0.0
100
AcDbLayout
  1
Layout2
 70
     1
 71
     2
 10
0.0
 20
0.0
 11
0.0
 21
0.0
 12
0.0
 22
0.0
 32
0.0
 14
0.0
 24
0.0
 34
0.0
 15
0.0
 25
0.0
 35
0.0
146
0.0
 13
0.0
 23
0.0
 33
0.0
 16
1.0
 26
0.0
 36
0.0
 17
0.0
 27
1.0
 37
0.0
 76
     0
330
23
  0
LAYOUT
  5
22
102
{ACAD_REACTORS
330
1A
102
}
330
1A
100
AcDbPlotSettings
  1

  2
none_device
  4
Letter_(8.50_x_11.00_Inches)
  6

 40
6.35
 41
6.35
 42
6.35000508
 43
6.35000508
 44
215.9
 45
279.4
 46
0.0
 47
0.0
 48
0.0
 49
0.0
140
0.0
141
0.0
142
1.0
143
1.0
 70
  1712
 72
     0
 73
     0
 74
     0
  7

 75
     0
 76
     0
 77
     2
 78
   300
147
1.0
148
0.0
149
0.0
100
AcDbLayout
  1
Model
 70
     1
 71
     0
 10
0.0
 20
0.0
 11
12.0
 21
9.0
 12
0.0
 22
0.0
 32
0.0
 14
-401.5309433299977
 24
-5.155652200788111
 34
0.0
 15
57.68305113999799
 25
6.696078874912651
 35
0.0
146
0.0
 13
0.0
 23
0.0
 33
0.0
 16
1.0
 26
0.0
 36
0.0
 17
0.0
 27
1.0
 37
0.0
 76
     0
330
1F
331
29
  0
MATERIAL
  5
45
102
{ACAD_REACTORS
330
43
102
}
330
43
100
AcDbMaterial
  1
ByBlock
 72
     1
 94
      127
  0
MATERIAL
  5
44
102
{ACAD_REACTORS
330
43
102
}
330
43
100
AcDbMaterial
  1
ByLayer
 72
     1
 94
      127
  0
MATERIAL
  5
46
102
{ACAD_REACTORS
330
43
102
}
330
43
100
AcDbMaterial
  1
Global
 72
     1
 94
      127
  0
MLEADERSTYLE
  5
5C
102
{ACAD_REACTORS
330
5B
102
}
102
{ACAD_XDICTIONARY
360
53F
102
}
330
5B
100
AcDbMLeaderStyle
170
     2
171
     1
172
     0
 90
        2
 40
0.0
 41
0.0
173
     1
 91
-1056964608
340
14
 92
       -2
290
     1
 42
0.09
291
     1
 43
0.36
  3
Standard
341
0
 44
0.18
300

342
11
174
     1
178
     6
175
     1
176
     0
 93
-1056964608
 45
0.18
292
     0
297
     0
 46
0.18
343
0
 94
-1056964608
 47
1.0
 49
1.0
140
1.0
293
     1
141
0.0
294
     1
177
     0
142
1.0
295
     0
296
     0
143
0.125
1001
ACAD_MLEADERVER
1070
     2
  0
MLINESTYLE
  5
18
102
{ACAD_REACTORS
330
17
102
}
330
17
100
AcDbMlineStyle
  2
Standard
 70
     0
  3

 62
   256
 51
90.0
 52
90.0
 71
     2
 49
0.5
 62
   256
  6
BYLAYER
 49
-0.5
 62
   256
  6
BYLAYER
  0
ACDBPLACEHOLDER
  5
F
102
{ACAD_REACTORS
330
E
102
}
330
E
  0
SCALE
  5
48
102
{ACAD_REACTORS
330
47
102
}
330
47
100
AcDbScale
 70
     0
300
1:1
140
1.0
141
1.0
290
     1
  0
SCALE
  5
49
102
{ACAD_REACTORS
330
47
102
}
330
47
100
AcDbScale
 70
     0
300
1/128" = 1'-0"
140
0.0078125
141
12.0
290
     0
  0
SCALE
  5
4A
102
{ACAD_REACTORS
330
47
102
}
330
47
100
AcDbScale
 70
     0
300
1/64" = 1'-0"
140
0.015625
141
12.0
290
     0
  0
SCALE
  5
4B
102
{ACAD_REACTORS
330
47
102
}
330
47
100
AcDbScale
 70
     0
300
1/32" = 1'-0"
140
0.03125
141
12.0
290
     0
  0
SCALE
  5
4C
102
{ACAD_REACTORS
330
47
102
}
330
47
100
AcDbScale
 70
     0
300
1/16" = 1'-0"
140
0.0625
141
12.0
290
     0
  0
SCALE
  5
4D
102
{ACAD_REACTORS
330
47
102
}
330
47
100
AcDbScale
 70
     0
300
3/32" = 1'-0"
140
0.09375
141
12.0
290
     0
  0
SCALE
  5
4E
102
{ACAD_REACTORS
330
47
102
}
330
47
100
AcDbScale
 70
     0
300
1/8" = 1'-0"
140
0.125
141
12.0
290
     0
  0
SCALE
  5
4F
102
{ACAD_REACTORS
330
47
102
}
330
47
100
AcDbScale
 70
     0
300
3/16" = 1'-0"
140
0.1875
141
12.0
290
     0
  0
SCALE
  5
50
102
{ACAD_REACTORS
330
47
102
}
330
47
100
AcDbScale
 70
     0
300
1/4" = 1'-0"
140
0.25
141
12.0
290
     0
  0
SCALE
  5
51
102
{ACAD_REACTORS
330
47
102
}
330
47
100
AcDbScale
 70
     0
300
3/8" = 1'-0"
140
0.375
141
12.0
290
     0
  0
SCALE
  5
52
102
{ACAD_REACTORS
330
47
102
}
330
47
100
AcDbScale
 70
     0
300
1/2" = 1'-0"
140
0.5
141
12.0
290
     0
  0
SCALE
  5
53
102
{ACAD_REACTORS
330
47
102
}
330
47
100
AcDbScale
 70
     0
300
3/4" = 1'-0"
140
0.75
141
12.0
290
     0
  0
SCALE
  5
54
102
{ACAD_REACTORS
330
47
102
}
330
47
100
AcDbScale
 70
     0
300
1" = 1'-0"
140
1.0
141
12.0
290
     0
  0
SCALE
  5
55
102
{ACAD_REACTORS
330
47
102
}
330
47
100
AcDbScale
 70
     0
300
1-1/2" = 1'-0"
140
1.5
141
12.0
290
     0
  0
SCALE
  5
56
102
{ACAD_REACTORS
330
47
102
}
330
47
100
AcDbScale
 70
     0
300
3" = 1'-0"
140
3.0
141
12.0
290
     0
  0
SCALE
  5
57
102
{ACAD_REACTORS
330
47
102
}
330
47
100
AcDbScale
 70
     0
300
6" = 1'-0"
140
6.0
141
12.0
290
     0
  0
SCALE
  5
58
102
{ACAD_REACTORS
330
47
102
}
330
47
100
AcDbScale
 70
     0
300
1'-0" = 1'-0"
140
12.0
141
12.0
290
     0
  0
TABLESTYLE
  5
5A
102
{ACAD_REACTORS
330
59
102
}
102
{ACAD_XDICTIONARY
360
53C
102
}
330
59
100
AcDbTableStyle
  3
Standard
 70
     0
 71
     0
 40
0.06
 41
0.06
280
     0
281
     0
  7
Standard
140
0.18
170
     2
 62
     0
 63
   257
283
     0
 90
        4
 91
        0
  1

274
    -2
284
     1
 64
     0
275
    -2
285
     1
 65
     0
276
    -2
286
     1
 66
     0
277
    -2
287
     1
 67
     0
278
    -2
288
     1
 68
     0
279
    -2
289
     1
 69
     0
  7
Standard
140
0.25
170
     5
 62
     0
 63
   257
283
     0
 90
        4
 91
        0
  1

274
    -2
284
     1
 64
     0
275
    -2
285
     1
 65
     0
276
    -2
286
     1
 66
     0
277
    -2
287
     1
 67
     0
278
    -2
288
     1
 68
     0
279
    -2
289
     1
 69
     0
  7
Standard
140
0.18
170
     5
 62
     0
 63
   257
283
     0
 90
        4
 91
        0
  1

274
    -2
284
     1
 64
     0
275
    -2
285
     1
 65
     0
276
    -2
286
     1
 66
     0
277
    -2
287
     1
 67
     0
278
    -2
288
     1
 68
     0
279
    -2
289
     1
 69
     0
  0
VISUALSTYLE
  5
2F
102
{ACAD_REACTORS
330
2A
102
}
102
{ACAD_XDICTIONARY
360
514
102
}
330
2A
100
AcDbVisualStyle
  2
2dWireframe
 70
     4
 71
     0
 72
     2
 73
     0
 90
        0
 40
0.6
 41
30.0
 62
     5
 63
     7
421
 16777215
 74
     1
 91
        4
 64
     7
 65
   257
 75
     1
175
     1
 42
1.0
 92
        0
 66
   257
 43
1.0
 76
     1
 77
     6
 78
     2
 67
     7
 79
     5
170
     0
171
     0
290
     0
174
     0
 93
        1
 44
0.0
173
     0
291
     0
 45
0.0
  0
VISUALSTYLE
  5
32
102
{ACAD_REACTORS
330
2A
102
}
102
{ACAD_XDICTIONARY
360
51A
102
}
330
2A
100
AcDbVisualStyle
  2
Basic
 70
     7
 71
     1
 72
     0
 73
     1
 90
        0
 40
0.6
 41
30.0
 62
     5
 63
     7
421
 16777215
 74
     0
 91
        4
 64
     7
 65
   257
 75
     1
175
     1
 42
1.0
 92
        8
 66
     7
 43
1.0
 76
     1
 77
     6
 78
     2
 67
     7
 79
     5
170
     0
171
     0
290
     0
174
     0
 93
        1
 44
0.0
173
     0
291
     1
 45
0.0
  0
VISUALSTYLE
  5
36
102
{ACAD_REACTORS
330
2A
102
}
102
{ACAD_XDICTIONARY
360
522
102
}
330
2A
100
AcDbVisualStyle
  2
Brighten
 70
    12
 71
     2
 72
     2
 73
     0
 90
        0
 40
0.6
 41
30.0
 62
     5
 63
     7
421
 16777215
 74
     1
 91
        4
 64
     7
 65
   257
 75
     1
175
     1
 42
1.0
 92
        8
 66
     7
 43
1.0
 76
     1
 77
     6
 78
     2
 67
     7
 79
     5
170
     0
171
     0
290
     0
174
     0
 93
        1
 44
50.0
173
     0
291
     1
 45
0.0
  0
VISUALSTYLE
  5
3A
102
{ACAD_REACTORS
330
2A
102
}
102
{ACAD_XDICTIONARY
360
52A
102
}
330
2A
100
AcDbVisualStyle
  2
ColorChange
 70
    16
 71
     2
 72
     2
 73
     3
 90
        0
 40
0.6
 41
30.0
 62
     5
 63
     8
421
  8421504
 74
     1
 91
        4
 64
     7
 65
   257
 75
     1
175
     1
 42
1.0
 92
        8
 66
     8
424
  8421504
 43
1.0
 76
     1
 77
     6
 78
     2
 67
     7
 79
     5
170
     0
171
     0
290
     0
174
     0
 93
        1
 44
0.0
173
     0
291
     1
 45
0.0
  0
VISUALSTYLE
  5
34
102
{ACAD_REACTORS
330
2A
102
}
102
{ACAD_XDICTIONARY
360
51E
102
}
330
2A
100
AcDbVisualStyle
  2
Conceptual
 70
     9
 71
     3
 72
     2
 73
     0
 90
        0
 40
0.6
 41
30.0
 62
     5
 63
     7
421
 16777215
 74
     2
 91
        2
 64
     7
 65
   257
 75
     1
175
     1
 42
179.0
 92
        8
 66
     7
 43
1.0
 76
     1
 77
     6
 78
     2
 67
     7
 79
     3
170
     0
171
     0
290
     0
174
     0
 93
        1
 44
0.0
173
     0
291
     0
 45
0.0
  0
VISUALSTYLE
  5
35
102
{ACAD_REACTORS
330
2A
102
}
102
{ACAD_XDICTIONARY
360
520
102
}
330
2A
100
AcDbVisualStyle
  2
Dim
 70
    11
 71
     2
 72
     2
 73
     0
 90
        0
 40
0.6
 41
30.0
 62
     5
 63
     7
421
 16777215
 74
     1
 91
        4
 64
     7
 65
   257
 75
     1
175
     1
 42
1.0
 92
        8
 66
     7
 43
1.0
 76
     1
 77
     6
 78
     2
 67
     7
 79
     5
170
     0
171
     0
290
     0
174
     0
 93
        1
 44
-50.0
173
     0
291
     1
 45
0.0
  0
VISUALSTYLE
  5
3D
102
{ACAD_REACTORS
330
2A
102
}
102
{ACAD_XDICTIONARY
360
530
102
}
330
2A
100
AcDbVisualStyle
  2
EdgeColorOff
 70
    22
 71
     2
 72
     2
 73
     0
 90
        0
 40
0.6
 41
30.0
 62
     5
 63
     7
421
 16777215
 74
     1
 91
        4
 64
     7
 65
   257
 75
     1
175
     1
 42
1.0
 92
        8
 66
     7
 43
1.0
 76
     1
 77
     6
 78
     2
 67
     7
 79
     5
170
     0
171
     0
290
     0
174
     0
 93
        1
 44
0.0
173
     0
291
     1
 45
0.0
  0
VISUALSTYLE
  5
39
102
{ACAD_REACTORS
330
2A
102
}
102
{ACAD_XDICTIONARY
360
528
102
}
330
2A
100
AcDbVisualStyle
  2
Facepattern
 70
    15
 71
     2
 72
     2
 73
     0
 90
        0
 40
0.6
 41
30.0
 62
     5
 63
     7
421
 16777215
 74
     1
 91
        4
 64
     7
 65
   257
 75
     1
175
     1
 42
1.0
 92
        8
 66
     7
 43
1.0
 76
     1
 77
     6
 78
     2
 67
     7
 79
     5
170
     0
171
     0
290
     0
174
     0
 93
        1
 44
0.0
173
     0
291
     1
 45
0.0
  0
VISUALSTYLE
  5
2B
102
{ACAD_REACTORS
330
2A
102
}
102
{ACAD_XDICTIONARY
360
50C
102
}
330
2A
100
AcDbVisualStyle
  2
Flat
 70
     0
 71
     2
 72
     1
 73
     1
 90
        2
 40
0.6
 41
30.0
 62
     5
 63
     7
421
 16777215
 74
     0
 91
        0
 64
     7
 65
   257
 75
     1
175
     1
 42
1.0
 92
        8
 66
     7
 43
1.0
 76
     1
 77
     6
 78
     2
 67
     7
 79
     5
170
     0
171
     0
290
     0
174
     0
 93
       13
 44
0.0
173
     0
291
     1
 45
0.0
  0
VISUALSTYLE
  5
2C
102
{ACAD_REACTORS
330
2A
102
}
102
{ACAD_XDICTIONARY
360
50E
102
}
330
2A
100
AcDbVisualStyle
  2
FlatWithEdges
 70
     1
 71
     2
 72
     1
 73
     1
 90
        2
 40
0.6
 41
30.0
 62
     5
 63
     7
421
 16777215
 74
     1
 91
        0
 64
     7
 65
   257
 75
     1
175
     1
 42
1.0
 92
        0
 66
   257
 43
1.0
 76
     1
 77
     6
 78
     2
 67
     7
 79
     5
170
     0
171
     0
290
     0
174
     0
 93
       13
 44
0.0
173
     0
291
     1
 45
0.0
  0
VISUALSTYLE
  5
2D
102
{ACAD_REACTORS
330
2A
102
}
102
{ACAD_XDICTIONARY
360
510
102
}
330
2A
100
AcDbVisualStyle
  2
Gouraud
 70
     2
 71
     2
 72
     2
 73
     1
 90
        2
 40
0.6
 41
30.0
 62
     5
 63
     7
421
 16777215
 74
     0
 91
        0
 64
     7
 65
   257
 75
     1
175
     1
 42
1.0
 92
        0
 66
     7
 43
1.0
 76
     1
 77
     6
 78
     2
 67
     7
 79
     5
170
     0
171
     0
290
     0
174
     0
 93
       13
 44
0.0
173
     0
291
     1
 45
0.0
  0
VISUALSTYLE
  5
2E
102
{ACAD_REACTORS
330
2A
102
}
102
{ACAD_XDICTIONARY
360
512
102
}
330
2A
100
AcDbVisualStyle
  2
GouraudWithEdges
 70
     3
 71
     2
 72
     2
 73
     1
 90
        2
 40
0.6
 41
30.0
 62
     5
 63
     7
421
 16777215
 74
     1
 91
        0
 64
     7
 65
   257
 75
     1
175
     1
 42
1.0
 92
        0
 66
   257
 43
1.0
 76
     1
 77
     6
 78
     2
 67
     7
 79
     5
170
     0
171
     0
290
     0
174
     0
 93
       13
 44
0.0
173
     0
291
     1
 45
0.0
  0
VISUALSTYLE
  5
31
102
{ACAD_REACTORS
330
2A
102
}
102
{ACAD_XDICTIONARY
360
518
102
}
330
2A
100
AcDbVisualStyle
  2
Hidden
 70
     6
 71
     1
 72
     2
 73
     2
 90
        0
 40
0.6
 41
30.0
 62
     5
 63
     7
421
 16777215
 74
     2
 91
        2
 64
     7
 65
   257
 75
     2
175
     1
 42
40.0
 92
        0
 66
   257
 43
1.0
 76
     1
 77
     6
 78
     2
 67
     7
 79
     3
170
     0
171
     0
290
     0
174
     0
 93
        1
 44
0.0
173
     0
291
     0
 45
0.0
  0
VISUALSTYLE
  5
3B
102
{ACAD_REACTORS
330
2A
102
}
102
{ACAD_XDICTIONARY
360
52C
102
}
330
2A
100
AcDbVisualStyle
  2
JitterOff
 70
    20
 71
     2
 72
     2
 73
     0
 90
        0
 40
0.6
 41
30.0
 62
     5
 63
     7
421
 16777215
 74
     1
 91
        4
 64
     7
 65
   257
 75
     1
175
     1
 42
1.0
 92
       10
 66
     7
 43
1.0
 76
     1
 77
     6
 78
     2
 67
     7
 79
     5
170
     0
171
     0
290
     0
174
     0
 93
        1
 44
0.0
173
     0
291
     1
 45
0.0
  0
VISUALSTYLE
  5
38
102
{ACAD_REACTORS
330
2A
102
}
102
{ACAD_XDICTIONARY
360
526
102
}
330
2A
100
AcDbVisualStyle
  2
Linepattern
 70
    14
 71
     2
 72
     2
 73
     0
 90
        0
 40
0.6
 41
30.0
 62
     5
 63
     7
421
 16777215
 74
     1
 91
        4
 64
     7
 65
   257
 75
     7
175
     7
 42
1.0
 92
        8
 66
     7
 43
1.0
 76
     1
 77
     6
 78
     2
 67
     7
 79
     5
170
     0
171
     0
290
     0
174
     0
 93
        1
 44
0.0
173
     0
291
     1
 45
0.0
  0
VISUALSTYLE
  5
3C
102
{ACAD_REACTORS
330
2A
102
}
102
{ACAD_XDICTIONARY
360
52E
102
}
330
2A
100
AcDbVisualStyle
  2
OverhangOff
 70
    21
 71
     2
 72
     2
 73
     0
 90
        0
 40
0.6
 41
30.0
 62
     5
 63
     7
421
 16777215
 74
     1
 91
        4
 64
     7
 65
   257
 75
     1
175
     1
 42
1.0
 92
        9
 66
     7
 43
1.0
 76
     1
 77
     6
 78
     2
 67
     7
 79
     5
170
     0
171
     0
290
     0
174
     0
 93
        1
 44
0.0
173
     0
291
     1
 45
0.0
  0
VISUALSTYLE
  5
33
102
{ACAD_REACTORS
330
2A
102
}
102
{ACAD_XDICTIONARY
360
51C
102
}
330
2A
100
AcDbVisualStyle
  2
Realistic
 70
     8
 71
     2
 72
     3
 73
     0
 90
        2
 40
0.6
 41
30.0
 62
     5
 63
     7
421
 16777215
 74
     0
 91
        0
 64
     7
 65
   257
 75
     1
175
     1
 42
1.0
 92
        8
 66
   257
 43
1.0
 76
     1
 77
     6
 78
     2
 67
     7
 79
     3
170
     0
171
     0
290
     0
174
     0
 93
       13
 44
0.0
173
     0
291
     0
 45
0.0
  0
VISUALSTYLE
  5
42
102
{ACAD_REACTORS
330
2A
102
}
102
{ACAD_XDICTIONARY
360
53A
102
}
330
2A
100
AcDbVisualStyle
  2
Shaded
 70
    27
 71
     2
 72
     2
 73
     1
 90
        2
 40
0.6
 41
30.0
 62
     5
 63
     7
421
 16777215
 74
     0
 91
        4
 64
     7
 65
   257
 75
     1
175
     1
 42
1.0
 92
        8
 66
   257
 43
1.0
 76
     1
 77
     6
 78
     2
 67
     8
425
  7895160
 79
     3
170
     0
171
     0
290
     0
174
     0
 93
        5
 44
0.0
173
     0
291
     0
 45
0.0
  0
VISUALSTYLE
  5
41
102
{ACAD_REACTORS
330
2A
102
}
102
{ACAD_XDICTIONARY
360
538
102
}
330
2A
100
AcDbVisualStyle
  2
Shaded with edges
 70
    26
 71
     2
 72
     2
 73
     1
 90
        2
 40
0.6
 41
30.0
 62
     5
 63
     7
421
 16777215
 74
     1
 91
       10
 64
     7
 65
   257
 75
     2
175
     1
 42
1.0
 92
        8
 66
   257
 43
1.0
 76
     1
 77
     6
 78
     2
 67
     7
 79
     3
170
     0
171
     0
290
     0
174
     0
 93
        5
 44
0.0
173
     0
291
     0
 45
0.0
  0
VISUALSTYLE
  5
3E
102
{ACAD_REACTORS
330
2A
102
}
102
{ACAD_XDICTIONARY
360
532
102
}
330
2A
100
AcDbVisualStyle
  2
Shades of Gray
 70
    23
 71
     2
 72
     2
 73
     3
 90
        0
 40
0.6
 41
30.0
 62
     5
 63
     7
421
 16777215
 74
     2
 91
        2
 64
     7
 65
     7
 75
     1
175
     1
 42
40.0
 92
        8
 66
     7
 43
1.0
 76
     1
 77
     6
 78
     2
 67
     7
 79
     3
170
     0
171
     0
290
     0
174
     0
 93
        1
 44
0.0
173
     0
291
     0
 45
0.0
  0
VISUALSTYLE
  5
3F
102
{ACAD_REACTORS
330
2A
102
}
102
{ACAD_XDICTIONARY
360
534
102
}
330
2A
100
AcDbVisualStyle
  2
Sketchy
 70
    24
 71
     1
 72
     2
 73
     2
 90
        0
 40
0.6
 41
30.0
 62
     5
 63
     7
421
 16777215
 74
     2
 91
        2
 64
     7
 65
     7
 75
     1
175
     1
 42
40.0
 92
       11
 66
     7
 43
1.0
 76
     1
 77
     6
 78
     2
 67
     7
 79
     6
170
     0
171
     0
290
     0
174
     0
 93
        1
 44
0.0
173
     0
291
     0
 45
0.0
  0
VISUALSTYLE
  5
37
102
{ACAD_REACTORS
330
2A
102
}
102
{ACAD_XDICTIONARY
360
524
102
}
330
2A
100
AcDbVisualStyle
  2
Thicken
 70
    13
 71
     2
 72
     2
 73
     0
 90
        0
 40
0.6
 41
30.0
 62
     5
 63
     7
421
 16777215
 74
     1
 91
        4
 64
     7
 65
   257
 75
     1
175
     1
 42
1.0
 92
       12
 66
     7
 43
1.0
 76
     1
 77
     6
 78
     2
 67
     7
 79
     5
170
     0
171
     0
290
     0
174
     0
 93
        1
 44
0.0
173
     0
291
     1
 45
0.0
  0
VISUALSTYLE
  5
30
102
{ACAD_REACTORS
330
2A
102
}
102
{ACAD_XDICTIONARY
360
516
102
}
330
2A
100
AcDbVisualStyle
  2
Wireframe
 70
     5
 71
     0
 72
     2
 73
     0
 90
        0
 40
0.6
 41
30.0
 62
     5
 63
     7
421
 16777215
 74
     1
 91
        4
 64
     7
 65
   257
 75
     1
175
     1
 42
1.0
 92
        0
 66
   257
 43
1.0
 76
     1
 77
     6
 78
     2
 67
     7
 79
     3
170
     0
171
     0
290
     0
174
     0
 93
        1
 44
0.0
173
     0
291
     0
 45
0.0
  0
VISUALSTYLE
  5
40
102
{ACAD_REACTORS
330
2A
102
}
102
{ACAD_XDICTIONARY
360
536
102
}
330
2A
100
AcDbVisualStyle
  2
X-Ray
 70
    25
 71
     2
 72
     2
 73
     1
 90
        1
 40
0.5
 41
30.0
 62
     5
 63
     7
421
 16777215
 74
     1
 91
        0
 64
     7
 65
   257
 75
     1
175
     1
 42
1.0
 92
        8
 66
     7
 43
1.0
 76
     1
 77
     6
 78
     2
 67
     7
 79
     3
170
     0
171
     0
290
     0
174
     0
 93
       13
 44
0.0
173
     0
291
     0
 45
0.0
  0
DICTIONARYVAR
  5
50A
102
{ACAD_REACTORS
330
509
102
}
330
509
100
DictionaryVariables
280
     0
  1
1:1
  0
DICTIONARYVAR
  5
543
102
{ACAD_REACTORS
330
509
102
}
330
509
100
DictionaryVariables
280
     0
  1
Standard
  0
DICTIONARYVAR
  5
542
102
{ACAD_REACTORS
330
509
102
}
330
509
100
DictionaryVariables
280
     0
  1
Standard
  0
DICTIONARYVAR
  5
50B
102
{ACAD_REACTORS
330
509
102
}
330
509
100
DictionaryVariables
280
     0
  1
2
  0
DICTIONARY
  5
53F
330
5C
100
AcDbDictionary
280
     1
281
     1
  3
ACAD_XREC_ROUNDTRIP
360
540
  0
DICTIONARY
  5
53C
330
5A
100
AcDbDictionary
280
     1
281
     1
  3
ACAD_ROUNDTRIP_2008_TABLESTYLE_CELLSTYLEMAP
360
53D
  0
DICTIONARY
  5
514
330
2F
100
AcDbDictionary
280
     1
281
     1
  3
ACAD_XREC_ROUNDTRIP
360
515
  0
DICTIONARY
  5
51A
330
32
100
AcDbDictionary
280
     1
281
     1
  3
ACAD_XREC_ROUNDTRIP
360
51B
  0
DICTIONARY
  5
522
330
36
100
AcDbDictionary
280
     1
281
     1
  3
ACAD_XREC_ROUNDTRIP
360
523
  0
DICTIONARY
  5
52A
330
3A
100
AcDbDictionary
280
     1
281
     1
  3
ACAD_XREC_ROUNDTRIP
360
52B
  0
DICTIONARY
  5
51E
330
34
100
AcDbDictionary
280
     1
281
     1
  3
ACAD_XREC_ROUNDTRIP
360
51F
  0
DICTIONARY
  5
520
330
35
100
AcDbDictionary
280
     1
281
     1
  3
ACAD_XREC_ROUNDTRIP
360
521
  0
DICTIONARY
  5
530
330
3D
100
AcDbDictionary
280
     1
281
     1
  3
ACAD_XREC_ROUNDTRIP
360
531
  0
DICTIONARY
  5
528
330
39
100
AcDbDictionary
280
     1
281
     1
  3
ACAD_XREC_ROUNDTRIP
360
529
  0
DICTIONARY
  5
50C
330
2B
100
AcDbDictionary
280
     1
281
     1
  3
ACAD_XREC_ROUNDTRIP
360
50D
  0
DICTIONARY
  5
50E
330
2C
100
AcDbDictionary
280
     1
281
     1
  3
ACAD_XREC_ROUNDTRIP
360
50F
  0
DICTIONARY
  5
510
330
2D
100
AcDbDictionary
280
     1
281
     1
  3
ACAD_XREC_ROUNDTRIP
360
511
  0
DICTIONARY
  5
512
330
2E
100
AcDbDictionary
280
     1
281
     1
  3
ACAD_XREC_ROUNDTRIP
360
513
  0
DICTIONARY
  5
518
330
31
100
AcDbDictionary
280
     1
281
     1
  3
ACAD_XREC_ROUNDTRIP
360
519
  0
DICTIONARY
  5
52C
330
3B
100
AcDbDictionary
280
     1
281
     1
  3
ACAD_XREC_ROUNDTRIP
360
52D
  0
DICTIONARY
  5
526
330
38
100
AcDbDictionary
280
     1
281
     1
  3
ACAD_XREC_ROUNDTRIP
360
527
  0
DICTIONARY
  5
52E
330
3C
100
AcDbDictionary
280
     1
281
     1
  3
ACAD_XREC_ROUNDTRIP
360
52F
  0
DICTIONARY
  5
51C
330
33
100
AcDbDictionary
280
     1
281
     1
  3
ACAD_XREC_ROUNDTRIP
360
51D
  0
DICTIONARY
  5
53A
330
42
100
AcDbDictionary
280
     1
281
     1
  3
ACAD_XREC_ROUNDTRIP
360
53B
  0
DICTIONARY
  5
538
330
41
100
AcDbDictionary
280
     1
281
     1
  3
ACAD_XREC_ROUNDTRIP
360
539
  0
DICTIONARY
  5
532
330
3E
100
AcDbDictionary
280
     1
281
     1
  3
ACAD_XREC_ROUNDTRIP
360
533
  0
DICTIONARY
  5
534
330
3F
100
AcDbDictionary
280
     1
281
     1
  3
ACAD_XREC_ROUNDTRIP
360
535
  0
DICTIONARY
  5
524
330
37
100
AcDbDictionary
280
     1
281
     1
  3
ACAD_XREC_ROUNDTRIP
360
525
  0
DICTIONARY
  5
516
330
30
100
AcDbDictionary
280
     1
281
     1
  3
ACAD_XREC_ROUNDTRIP
360
517
  0
DICTIONARY
  5
536
330
40
100
AcDbDictionary
280
     1
281
     1
  3
ACAD_XREC_ROUNDTRIP
360
537
  0
XRECORD
  5
540
102
{ACAD_REACTORS
330
53F
102
}
330
53F
100
AcDbXrecord
280
     1
102
ACAD_ROUNDTRIP_2010_MLEADER_STYLE
  0
CELLSTYLEMAP
  5
53D
102
{ACAD_REACTORS
330
53C
102
}
330
53C
100
AcDbCellStyleMap
 90
        3
300
CELLSTYLE
  1
TABLEFORMAT_BEGIN
 90
        5
170
     1
 91
        0
 92
    32768
 62
   257
 93
        1
300
CONTENTFORMAT
  1
CONTENTFORMAT_BEGIN
 90
        0
 91
        0
 92
        4
 93
        0
300

 40
0.0
140
1.0
 94
        5
 62
     0
340
11
144
0.25
309
CONTENTFORMAT_END
171
     1
301
MARGIN
  1
CELLMARGIN_BEGIN
 40
0.06
 40
0.06
 40
0.06
 40
0.06
 40
0.06
 40
0.06
309
CELLMARGIN_END
 94
        6
 95
        1
302
GRIDFORMAT
  1
GRIDFORMAT_BEGIN
 90
        0
 91
        1
 62
     0
 92
       -2
340
14
 93
        0
 40
0.045
309
GRIDFORMAT_END
 95
        2
302
GRIDFORMAT
  1
GRIDFORMAT_BEGIN
 90
        0
 91
        1
 62
     0
 92
       -2
340
14
 93
        0
 40
0.045
309
GRIDFORMAT_END
 95
        4
302
GRIDFORMAT
  1
GRIDFORMAT_BEGIN
 90
        0
 91
        1
 62
     0
 92
       -2
340
14
 93
        0
 40
0.045
309
GRIDFORMAT_END
 95
        8
302
GRIDFORMAT
  1
GRIDFORMAT_BEGIN
 90
        0
 91
        1
 62
     0
 92
       -2
340
14
 93
        0
 40
0.045
309
GRIDFORMAT_END
 95
       16
302
GRIDFORMAT
  1
GRIDFORMAT_BEGIN
 90
        0
 91
        1
 62
     0
 92
       -2
340
14
 93
        0
 40
0.045
309
GRIDFORMAT_END
 95
       32
302
GRIDFORMAT
  1
GRIDFORMAT_BEGIN
 90
        0
 91
        1
 62
     0
 92
       -2
340
14
 93
        0
 40
0.045
309
GRIDFORMAT_END
309
TABLEFORMAT_END
  1
CELLSTYLE_BEGIN
 90
        1
 91
        1
300
_TITLE
309
CELLSTYLE_END
300
CELLSTYLE
  1
TABLEFORMAT_BEGIN
 90
        5
170
     1
 91
        0
 92
        0
 62
   257
 93
        1
300
CONTENTFORMAT
  1
CONTENTFORMAT_BEGIN
 90
        0
 91
        0
 92
        4
 93
        0
300

 40
0.0
140
1.0
 94
        5
 62
     0
340
11
144
0.18
309
CONTENTFORMAT_END
171
     1
301
MARGIN
  1
CELLMARGIN_BEGIN
 40
0.06
 40
0.06
 40
0.06
 40
0.06
 40
0.06
 40
0.06
309
CELLMARGIN_END
 94
        6
 95
        1
302
GRIDFORMAT
  1
GRIDFORMAT_BEGIN
 90
        0
 91
        1
 62
     0
 92
       -2
340
14
 93
        0
 40
0.045
309
GRIDFORMAT_END
 95
        2
302
GRIDFORMAT
  1
GRIDFORMAT_BEGIN
 90
        0
 91
        1
 62
     0
 92
       -2
340
14
 93
        0
 40
0.045
309
GRIDFORMAT_END
 95
        4
302
GRIDFORMAT
  1
GRIDFORMAT_BEGIN
 90
        0
 91
        1
 62
     0
 92
       -2
340
14
 93
        0
 40
0.045
309
GRIDFORMAT_END
 95
        8
302
GRIDFORMAT
  1
GRIDFORMAT_BEGIN
 90
        0
 91
        1
 62
     0
 92
       -2
340
14
 93
        0
 40
0.045
309
GRIDFORMAT_END
 95
       16
302
GRIDFORMAT
  1
GRIDFORMAT_BEGIN
 90
        0
 91
        1
 62
     0
 92
       -2
340
14
 93
        0
 40
0.045
309
GRIDFORMAT_END
 95
       32
302
GRIDFORMAT
  1
GRIDFORMAT_BEGIN
 90
        0
 91
        1
 62
     0
 92
       -2
340
14
 93
        0
 40
0.045
309
GRIDFORMAT_END
309
TABLEFORMAT_END
  1
CELLSTYLE_BEGIN
 90
        2
 91
        1
300
_HEADER
309
CELLSTYLE_END
300
CELLSTYLE
  1
TABLEFORMAT_BEGIN
 90
        5
170
     1
 91
        0
 92
        0
 62
   257
 93
        1
300
CONTENTFORMAT
  1
CONTENTFORMAT_BEGIN
 90
        0
 91
        0
 92
        4
 93
        0
300

 40
0.0
140
1.0
 94
        2
 62
     0
340
11
144
0.18
309
CONTENTFORMAT_END
171
     1
301
MARGIN
  1
CELLMARGIN_BEGIN
 40
0.06
 40
0.06
 40
0.06
 40
0.06
 40
0.06
 40
0.06
309
CELLMARGIN_END
 94
        6
 95
        1
302
GRIDFORMAT
  1
GRIDFORMAT_BEGIN
 90
        0
 91
        1
 62
     0
 92
       -2
340
14
 93
        0
 40
0.045
309
GRIDFORMAT_END
 95
        2
302
GRIDFORMAT
  1
GRIDFORMAT_BEGIN
 90
        0
 91
        1
 62
     0
 92
       -2
340
14
 93
        0
 40
0.045
309
GRIDFORMAT_END
 95
        4
302
GRIDFORMAT
  1
GRIDFORMAT_BEGIN
 90
        0
 91
        1
 62
     0
 92
       -2
340
14
 93
        0
 40
0.045
309
GRIDFORMAT_END
 95
        8
302
GRIDFORMAT
  1
GRIDFORMAT_BEGIN
 90
        0
 91
        1
 62
     0
 92
       -2
340
14
 93
        0
 40
0.045
309
GRIDFORMAT_END
 95
       16
302
GRIDFORMAT
  1
GRIDFORMAT_BEGIN
 90
        0
 91
        1
 62
     0
 92
       -2
340
14
 93
        0
 40
0.045
309
GRIDFORMAT_END
 95
       32
302
GRIDFORMAT
  1
GRIDFORMAT_BEGIN
 90
        0
 91
        1
 62
     0
 92
       -2
340
14
 93
        0
 40
0.045
309
GRIDFORMAT_END
309
TABLEFORMAT_END
  1
CELLSTYLE_BEGIN
 90
        3
 91
        2
300
_DATA
309
CELLSTYLE_END
  0
XRECORD
  5
515
102
{ACAD_REACTORS
330
514
102
}
330
514
100
AcDbXrecord
280
     1
102
RTVSPropertyOp0
 70
     1
102
RTVSPropertyOp1
 70
     1
102
RTVSPropertyOp2
 70
     1
102
RTVSPropertyOp3
 70
     1
102
RTVSPropertyOp4
 70
     1
102
RTVSPropertyOp5
 70
     1
102
RTVSPropertyOp6
 70
     1
102
RTVSPropertyOp7
 70
     1
102
RTVSPropertyOp8
 70
     1
102
RTVSPropertyOp9
 70
     1
102
RTVSPropertyOp10
 70
     1
102
RTVSPropertyOp11
 70
     1
102
RTVSPropertyOp12
 70
     1
102
RTVSPropertyOp13
 70
     1
102
RTVSPropertyOp14
 70
     1
102
RTVSPropertyOp15
 70
     1
102
RTVSPropertyOp16
 70
     1
102
RTVSPropertyOp17
 70
     1
102
RTVSPropertyOp18
 70
     1
102
RTVSPropertyOp19
 70
     1
102
RTVSPropertyOp20
 70
     1
102
RTVSPropertyOp21
 70
     1
102
RTVSPropertyOp22
 70
     1
102
RTVSPropertyOp23
 70
     1
102
RTVSPropertyOp24
 70
     1
102
RTVSPropertyOp25
 70
     1
102
RTVSPropertyOp26
 70
     1
102
RTVSPropertyOp27
 70
     1
102
RTVSPropertyOp28
 70
     1
102
RTVSPropertyOp29
 70
     1
102
RTVSPropertyOp30
 70
     1
102
RTVSPropertyOp31
 70
     1
102
RTVSPropertyOp32
 70
     1
102
RTVSPropertyOp33
 70
     1
102
RTVSPropertyOp34
 70
     1
102
RTVSPropertyOp35
 70
     1
102
RTVSPropertyOp36
 70
     1
102
RTVSPropertyOp37
 70
     1
102
RTVSPropertyOp38
 70
     1
102
RTVSPropertyOp39
 70
     1
102
RTVSPropertyOp40
 70
     1
102
RTVSPropertyOp41
 70
     1
102
RTVSPropertyOp42
 70
     1
102
RTVSPropertyOp43
 70
     1
102
RTVSPropertyOp44
 70
     1
102
RTVSPropertyOp45
 70
     1
102
RTVSPropertyOp46
 70
     1
102
RTVSPropertyOp47
 70
     1
102
RTVSPropertyOp48
 70
     1
102
RTVSPropertyOp49
 70
     1
102
RTVSPropertyOp50
 70
     1
102
RTVSPropertyOp51
 70
     0
102
RTVSPropertyOp52
 70
     0
102
RTVSPropertyOp53
 70
     1
102
RTVSPropertyOp54
 70
     1
102
RTVSPropertyOp55
 70
     1
102
RTVSPropertyOp56
 70
     1
102
RTVSPropertyOp57
 70
     1
102
RTVSPost2010Prop28
280
     1
102
RTVSPost2010PropOp28
 70
     1
102
RTVSPost2010Prop29
280
     1
102
RTVSPost2010PropOp29
 70
     1
102
RTVSPost2010Prop30
280
     0
102
RTVSPost2010PropOp30
 70
     1
102
RTVSPost2010Prop31
280
     0
102
RTVSPost2010PropOp31
 70
     1
102
RTVSPost2010Prop32
280
     0
102
RTVSPost2010PropOp32
 70
     1
102
RTVSPost2010Prop33
280
     0
102
RTVSPost2010PropOp33
 70
     1
102
RTVSPost2010Prop34
280
     0
102
RTVSPost2010PropOp34
 70
     1
102
RTVSPost2010Prop35
280
     0
102
RTVSPost2010PropOp35
 70
     1
102
RTVSPost2010Prop36
280
     0
102
RTVSPost2010PropOp36
 70
     1
102
RTVSPost2010Prop37
 90
       50
102
RTVSPost2010PropOp37
 70
     1
102
RTVSPost2010Prop38
140
0.0
102
RTVSPost2010PropOp38
 70
     1
102
RTVSPost2010Prop39
140
1.0
102
RTVSPost2010PropOp39
 70
     1
102
RTVSPost2010Prop40
 90
        0
102
RTVSPost2010PropOp40
 70
     1
102
RTVSPost2010Prop41ColorIndex
 90
       18
102
RTVSPost2010Prop41ColorRGB
 90
        0
102
RTVSPost2010PropOp41
 70
     1
102
RTVSPost2010Prop42
 90
       50
102
RTVSPost2010PropOp42
 70
     1
102
RTVSPost2010Prop43
 90
        3
102
RTVSPost2010PropOp43
 70
     1
102
RTVSPost2010Prop44ColorIndex
 90
        5
102
RTVSPost2010Prop44ColorRGB
 90
      255
102
RTVSPost2010PropOp44
 70
     1
102
RTVSPost2010Prop45
280
     0
102
RTVSPost2010PropOp45
 70
     1
102
RTVSPost2010Prop46
 90
       50
102
RTVSPost2010PropOp46
 70
     1
102
RTVSPost2010Prop47
 90
       50
102
RTVSPost2010PropOp47
 70
     1
102
RTVSPost2010Prop48
 90
       50
102
RTVSPost2010PropOp48
 70
     1
102
RTVSPost2010Prop49
280
     0
102
RTVSPost2010PropOp49
 70
     1
102
RTVSPost2010Prop50
 90
       50
102
RTVSPost2010PropOp50
 70
     1
102
RTVSPost2010Prop51ColorIndex
 90
      256
102
RTVSPost2010Prop51ColorRGB
 90
-16777216
102
RTVSPost2010PropOp51
 70
     0
102
RTVSPost2010Prop52
140
1.0
102
RTVSPost2010PropOp52
 70
     0
102
RTVSPost2010Prop53
 90
        2
102
RTVSPost2010PropOp53
 70
     1
102
RTVSPost2010Prop54
  1
strokes_ogs.tif
102
RTVSPost2010PropOp54
 70
     1
102
RTVSPost2010Prop55
280
     0
102
RTVSPost2010PropOp55
 70
     1
102
RTVSPost2010Prop56
140
1.0
102
RTVSPost2010PropOp56
 70
     1
102
RTVSPost2010Prop57
140
1.0
102
RTVSPost2010PropOp57
 70
     1
  0
XRECORD
  5
51B
102
{ACAD_REACTORS
330
51A
102
}
330
51A
100
AcDbXrecord
280
     1
102
RTVSPropertyOp0
 70
     1
102
RTVSPropertyOp1
 70
     1
102
RTVSPropertyOp2
 70
     1
102
RTVSPropertyOp3
 70
     1
102
RTVSPropertyOp4
 70
     1
102
RTVSPropertyOp5
 70
     1
102
RTVSPropertyOp6
 70
     1
102
RTVSPropertyOp7
 70
     1
102
RTVSPropertyOp8
 70
     1
102
RTVSPropertyOp9
 70
     1
102
RTVSPropertyOp10
 70
     1
102
RTVSPropertyOp11
 70
     1
102
RTVSPropertyOp12
 70
     1
102
RTVSPropertyOp13
 70
     1
102
RTVSPropertyOp14
 70
     1
102
RTVSPropertyOp15
 70
     1
102
RTVSPropertyOp16
 70
     1
102
RTVSPropertyOp17
 70
     1
102
RTVSPropertyOp18
 70
     1
102
RTVSPropertyOp19
 70
     1
102
RTVSPropertyOp20
 70
     1
102
RTVSPropertyOp21
 70
     1
102
RTVSPropertyOp22
 70
     1
102
RTVSPropertyOp23
 70
     1
102
RTVSPropertyOp24
 70
     1
102
RTVSPropertyOp25
 70
     1
102
RTVSPropertyOp26
 70
     1
102
RTVSPropertyOp27
 70
     1
102
RTVSPropertyOp28
 70
     1
102
RTVSPropertyOp29
 70
     1
102
RTVSPropertyOp30
 70
     1
102
RTVSPropertyOp31
 70
     1
102
RTVSPropertyOp32
 70
     1
102
RTVSPropertyOp33
 70
     1
102
RTVSPropertyOp34
 70
     1
102
RTVSPropertyOp35
 70
     1
102
RTVSPropertyOp36
 70
     1
102
RTVSPropertyOp37
 70
     1
102
RTVSPropertyOp38
 70
     1
102
RTVSPropertyOp39
 70
     1
102
RTVSPropertyOp40
 70
     1
102
RTVSPropertyOp41
 70
     1
102
RTVSPropertyOp42
 70
     1
102
RTVSPropertyOp43
 70
     1
102
RTVSPropertyOp44
 70
     1
102
RTVSPropertyOp45
 70
     1
102
RTVSPropertyOp46
 70
     1
102
RTVSPropertyOp47
 70
     1
102
RTVSPropertyOp48
 70
     1
102
RTVSPropertyOp49
 70
     1
102
RTVSPropertyOp50
 70
     1
102
RTVSPropertyOp51
 70
     0
102
RTVSPropertyOp52
 70
     0
102
RTVSPropertyOp53
 70
     1
102
RTVSPropertyOp54
 70
     1
102
RTVSPropertyOp55
 70
     1
102
RTVSPropertyOp56
 70
     1
102
RTVSPropertyOp57
 70
     1
102
RTVSPost2010Prop28
280
     0
102
RTVSPost2010PropOp28
 70
     1
102
RTVSPost2010Prop29
280
     1
102
RTVSPost2010PropOp29
 70
     1
102
RTVSPost2010Prop30
280
     1
102
RTVSPost2010PropOp30
 70
     1
102
RTVSPost2010Prop31
280
     0
102
RTVSPost2010PropOp31
 70
     1
102
RTVSPost2010Prop32
280
     0
102
RTVSPost2010PropOp32
 70
     1
102
RTVSPost2010Prop33
280
     0
102
RTVSPost2010PropOp33
 70
     1
102
RTVSPost2010Prop34
280
     0
102
RTVSPost2010PropOp34
 70
     1
102
RTVSPost2010Prop35
280
     0
102
RTVSPost2010PropOp35
 70
     1
102
RTVSPost2010Prop36
280
     0
102
RTVSPost2010PropOp36
 70
     1
102
RTVSPost2010Prop37
 90
       50
102
RTVSPost2010PropOp37
 70
     1
102
RTVSPost2010Prop38
140
0.0
102
RTVSPost2010PropOp38
 70
     1
102
RTVSPost2010Prop39
140
1.0
102
RTVSPost2010PropOp39
 70
     1
102
RTVSPost2010Prop40
 90
        0
102
RTVSPost2010PropOp40
 70
     1
102
RTVSPost2010Prop41ColorIndex
 90
       18
102
RTVSPost2010Prop41ColorRGB
 90
        0
102
RTVSPost2010PropOp41
 70
     1
102
RTVSPost2010Prop42
 90
       50
102
RTVSPost2010PropOp42
 70
     1
102
RTVSPost2010Prop43
 90
        3
102
RTVSPost2010PropOp43
 70
     1
102
RTVSPost2010Prop44ColorIndex
 90
        5
102
RTVSPost2010Prop44ColorRGB
 90
      255
102
RTVSPost2010PropOp44
 70
     1
102
RTVSPost2010Prop45
280
     0
102
RTVSPost2010PropOp45
 70
     1
102
RTVSPost2010Prop46
 90
       50
102
RTVSPost2010PropOp46
 70
     1
102
RTVSPost2010Prop47
 90
       50
102
RTVSPost2010PropOp47
 70
     1
102
RTVSPost2010Prop48
 90
       50
102
RTVSPost2010PropOp48
 70
     1
102
RTVSPost2010Prop49
280
     0
102
RTVSPost2010PropOp49
 70
     1
102
RTVSPost2010Prop50
 90
       50
102
RTVSPost2010PropOp50
 70
     1
102
RTVSPost2010Prop51ColorIndex
 90
      256
102
RTVSPost2010Prop51ColorRGB
 90
-16777216
102
RTVSPost2010PropOp51
 70
     0
102
RTVSPost2010Prop52
140
1.0
102
RTVSPost2010PropOp52
 70
     0
102
RTVSPost2010Prop53
 90
        2
102
RTVSPost2010PropOp53
 70
     1
102
RTVSPost2010Prop54
  1
strokes_ogs.tif
102
RTVSPost2010PropOp54
 70
     1
102
RTVSPost2010Prop55
280
     0
102
RTVSPost2010PropOp55
 70
     1
102
RTVSPost2010Prop56
140
1.0
102
RTVSPost2010PropOp56
 70
     1
102
RTVSPost2010Prop57
140
1.0
102
RTVSPost2010PropOp57
 70
     1
  0
XRECORD
  5
523
102
{ACAD_REACTORS
330
522
102
}
330
522
100
AcDbXrecord
280
     1
102
RTVSPropertyOp0
 70
     1
102
RTVSPropertyOp1
 70
     1
102
RTVSPropertyOp2
 70
     1
102
RTVSPropertyOp3
 70
     1
102
RTVSPropertyOp4
 70
     1
102
RTVSPropertyOp5
 70
     1
102
RTVSPropertyOp6
 70
     1
102
RTVSPropertyOp7
 70
     1
102
RTVSPropertyOp8
 70
     1
102
RTVSPropertyOp9
 70
     1
102
RTVSPropertyOp10
 70
     1
102
RTVSPropertyOp11
 70
     1
102
RTVSPropertyOp12
 70
     1
102
RTVSPropertyOp13
 70
     1
102
RTVSPropertyOp14
 70
     1
102
RTVSPropertyOp15
 70
     1
102
RTVSPropertyOp16
 70
     1
102
RTVSPropertyOp17
 70
     1
102
RTVSPropertyOp18
 70
     1
102
RTVSPropertyOp19
 70
     1
102
RTVSPropertyOp20
 70
     1
102
RTVSPropertyOp21
 70
     1
102
RTVSPropertyOp22
 70
     1
102
RTVSPropertyOp23
 70
     1
102
RTVSPropertyOp24
 70
     1
102
RTVSPropertyOp25
 70
     1
102
RTVSPropertyOp26
 70
     1
102
RTVSPropertyOp27
 70
     1
102
RTVSPropertyOp28
 70
     1
102
RTVSPropertyOp29
 70
     1
102
RTVSPropertyOp30
 70
     1
102
RTVSPropertyOp31
 70
     1
102
RTVSPropertyOp32
 70
     1
102
RTVSPropertyOp33
 70
     1
102
RTVSPropertyOp34
 70
     1
102
RTVSPropertyOp35
 70
     1
102
RTVSPropertyOp36
 70
     1
102
RTVSPropertyOp37
 70
     1
102
RTVSPropertyOp38
 70
     1
102
RTVSPropertyOp39
 70
     1
102
RTVSPropertyOp40
 70
     1
102
RTVSPropertyOp41
 70
     1
102
RTVSPropertyOp42
 70
     1
102
RTVSPropertyOp43
 70
     1
102
RTVSPropertyOp44
 70
     1
102
RTVSPropertyOp45
 70
     1
102
RTVSPropertyOp46
 70
     1
102
RTVSPropertyOp47
 70
     1
102
RTVSPropertyOp48
 70
     1
102
RTVSPropertyOp49
 70
     1
102
RTVSPropertyOp50
 70
     1
102
RTVSPropertyOp51
 70
     0
102
RTVSPropertyOp52
 70
     0
102
RTVSPropertyOp53
 70
     1
102
RTVSPropertyOp54
 70
     1
102
RTVSPropertyOp55
 70
     1
102
RTVSPropertyOp56
 70
     1
102
RTVSPropertyOp57
 70
     1
102
RTVSPost2010Prop28
280
     0
102
RTVSPost2010PropOp28
 70
     1
102
RTVSPost2010Prop29
280
     1
102
RTVSPost2010PropOp29
 70
     1
102
RTVSPost2010Prop30
280
     1
102
RTVSPost2010PropOp30
 70
     1
102
RTVSPost2010Prop31
280
     0
102
RTVSPost2010PropOp31
 70
     1
102
RTVSPost2010Prop32
280
     0
102
RTVSPost2010PropOp32
 70
     1
102
RTVSPost2010Prop33
280
     0
102
RTVSPost2010PropOp33
 70
     1
102
RTVSPost2010Prop34
280
     0
102
RTVSPost2010PropOp34
 70
     1
102
RTVSPost2010Prop35
280
     0
102
RTVSPost2010PropOp35
 70
     1
102
RTVSPost2010Prop36
280
     0
102
RTVSPost2010PropOp36
 70
     1
102
RTVSPost2010Prop37
 90
       50
102
RTVSPost2010PropOp37
 70
     1
102
RTVSPost2010Prop38
140
0.0
102
RTVSPost2010PropOp38
 70
     1
102
RTVSPost2010Prop39
140
1.0
102
RTVSPost2010PropOp39
 70
     1
102
RTVSPost2010Prop40
 90
        0
102
RTVSPost2010PropOp40
 70
     1
102
RTVSPost2010Prop41ColorIndex
 90
       18
102
RTVSPost2010Prop41ColorRGB
 90
        0
102
RTVSPost2010PropOp41
 70
     1
102
RTVSPost2010Prop42
 90
       50
102
RTVSPost2010PropOp42
 70
     1
102
RTVSPost2010Prop43
 90
        3
102
RTVSPost2010PropOp43
 70
     1
102
RTVSPost2010Prop44ColorIndex
 90
        5
102
RTVSPost2010Prop44ColorRGB
 90
      255
102
RTVSPost2010PropOp44
 70
     1
102
RTVSPost2010Prop45
280
     0
102
RTVSPost2010PropOp45
 70
     1
102
RTVSPost2010Prop46
 90
       50
102
RTVSPost2010PropOp46
 70
     1
102
RTVSPost2010Prop47
 90
       50
102
RTVSPost2010PropOp47
 70
     1
102
RTVSPost2010Prop48
 90
       50
102
RTVSPost2010PropOp48
 70
     1
102
RTVSPost2010Prop49
280
     0
102
RTVSPost2010PropOp49
 70
     1
102
RTVSPost2010Prop50
 90
       50
102
RTVSPost2010PropOp50
 70
     1
102
RTVSPost2010Prop51ColorIndex
 90
      256
102
RTVSPost2010Prop51ColorRGB
 90
-16777216
102
RTVSPost2010PropOp51
 70
     0
102
RTVSPost2010Prop52
140
1.0
102
RTVSPost2010PropOp52
 70
     0
102
RTVSPost2010Prop53
 90
        2
102
RTVSPost2010PropOp53
 70
     1
102
RTVSPost2010Prop54
  1
strokes_ogs.tif
102
RTVSPost2010PropOp54
 70
     1
102
RTVSPost2010Prop55
280
     0
102
RTVSPost2010PropOp55
 70
     1
102
RTVSPost2010Prop56
140
1.0
102
RTVSPost2010PropOp56
 70
     1
102
RTVSPost2010Prop57
140
1.0
102
RTVSPost2010PropOp57
 70
     1
  0
XRECORD
  5
52B
102
{ACAD_REACTORS
330
52A
102
}
330
52A
100
AcDbXrecord
280
     1
102
RTVSPropertyOp0
 70
     1
102
RTVSPropertyOp1
 70
     1
102
RTVSPropertyOp2
 70
     1
102
RTVSPropertyOp3
 70
     1
102
RTVSPropertyOp4
 70
     1
102
RTVSPropertyOp5
 70
     1
102
RTVSPropertyOp6
 70
     1
102
RTVSPropertyOp7
 70
     1
102
RTVSPropertyOp8
 70
     1
102
RTVSPropertyOp9
 70
     1
102
RTVSPropertyOp10
 70
     1
102
RTVSPropertyOp11
 70
     1
102
RTVSPropertyOp12
 70
     1
102
RTVSPropertyOp13
 70
     1
102
RTVSPropertyOp14
 70
     1
102
RTVSPropertyOp15
 70
     1
102
RTVSPropertyOp16
 70
     1
102
RTVSPropertyOp17
 70
     1
102
RTVSPropertyOp18
 70
     1
102
RTVSPropertyOp19
 70
     1
102
RTVSPropertyOp20
 70
     1
102
RTVSPropertyOp21
 70
     1
102
RTVSPropertyOp22
 70
     1
102
RTVSPropertyOp23
 70
     1
102
RTVSPropertyOp24
 70
     1
102
RTVSPropertyOp25
 70
     1
102
RTVSPropertyOp26
 70
     1
102
RTVSPropertyOp27
 70
     1
102
RTVSPropertyOp28
 70
     1
102
RTVSPropertyOp29
 70
     1
102
RTVSPropertyOp30
 70
     1
102
RTVSPropertyOp31
 70
     1
102
RTVSPropertyOp32
 70
     1
102
RTVSPropertyOp33
 70
     1
102
RTVSPropertyOp34
 70
     1
102
RTVSPropertyOp35
 70
     1
102
RTVSPropertyOp36
 70
     1
102
RTVSPropertyOp37
 70
     1
102
RTVSPropertyOp38
 70
     1
102
RTVSPropertyOp39
 70
     1
102
RTVSPropertyOp40
 70
     1
102
RTVSPropertyOp41
 70
     1
102
RTVSPropertyOp42
 70
     1
102
RTVSPropertyOp43
 70
     1
102
RTVSPropertyOp44
 70
     1
102
RTVSPropertyOp45
 70
     1
102
RTVSPropertyOp46
 70
     1
102
RTVSPropertyOp47
 70
     1
102
RTVSPropertyOp48
 70
     1
102
RTVSPropertyOp49
 70
     1
102
RTVSPropertyOp50
 70
     1
102
RTVSPropertyOp51
 70
     0
102
RTVSPropertyOp52
 70
     0
102
RTVSPropertyOp53
 70
     1
102
RTVSPropertyOp54
 70
     1
102
RTVSPropertyOp55
 70
     1
102
RTVSPropertyOp56
 70
     1
102
RTVSPropertyOp57
 70
     1
102
RTVSPost2010Prop28
280
     0
102
RTVSPost2010PropOp28
 70
     1
102
RTVSPost2010Prop29
280
     1
102
RTVSPost2010PropOp29
 70
     1
102
RTVSPost2010Prop30
280
     1
102
RTVSPost2010PropOp30
 70
     1
102
RTVSPost2010Prop31
280
     0
102
RTVSPost2010PropOp31
 70
     1
102
RTVSPost2010Prop32
280
     0
102
RTVSPost2010PropOp32
 70
     1
102
RTVSPost2010Prop33
280
     0
102
RTVSPost2010PropOp33
 70
     1
102
RTVSPost2010Prop34
280
     0
102
RTVSPost2010PropOp34
 70
     1
102
RTVSPost2010Prop35
280
     0
102
RTVSPost2010PropOp35
 70
     1
102
RTVSPost2010Prop36
280
     0
102
RTVSPost2010PropOp36
 70
     1
102
RTVSPost2010Prop37
 90
       50
102
RTVSPost2010PropOp37
 70
     1
102
RTVSPost2010Prop38
140
0.0
102
RTVSPost2010PropOp38
 70
     1
102
RTVSPost2010Prop39
140
1.0
102
RTVSPost2010PropOp39
 70
     1
102
RTVSPost2010Prop40
 90
        0
102
RTVSPost2010PropOp40
 70
     1
102
RTVSPost2010Prop41ColorIndex
 90
       18
102
RTVSPost2010Prop41ColorRGB
 90
        0
102
RTVSPost2010PropOp41
 70
     1
102
RTVSPost2010Prop42
 90
       50
102
RTVSPost2010PropOp42
 70
     1
102
RTVSPost2010Prop43
 90
        3
102
RTVSPost2010PropOp43
 70
     1
102
RTVSPost2010Prop44ColorIndex
 90
        5
102
RTVSPost2010Prop44ColorRGB
 90
      255
102
RTVSPost2010PropOp44
 70
     1
102
RTVSPost2010Prop45
280
     0
102
RTVSPost2010PropOp45
 70
     1
102
RTVSPost2010Prop46
 90
       50
102
RTVSPost2010PropOp46
 70
     1
102
RTVSPost2010Prop47
 90
       50
102
RTVSPost2010PropOp47
 70
     1
102
RTVSPost2010Prop48
 90
       50
102
RTVSPost2010PropOp48
 70
     1
102
RTVSPost2010Prop49
280
     0
102
RTVSPost2010PropOp49
 70
     1
102
RTVSPost2010Prop50
 90
       50
102
RTVSPost2010PropOp50
 70
     1
102
RTVSPost2010Prop51ColorIndex
 90
      256
102
RTVSPost2010Prop51ColorRGB
 90
-16777216
102
RTVSPost2010PropOp51
 70
     0
102
RTVSPost2010Prop52
140
1.0
102
RTVSPost2010PropOp52
 70
     0
102
RTVSPost2010Prop53
 90
        2
102
RTVSPost2010PropOp53
 70
     1
102
RTVSPost2010Prop54
  1
strokes_ogs.tif
102
RTVSPost2010PropOp54
 70
     1
102
RTVSPost2010Prop55
280
     0
102
RTVSPost2010PropOp55
 70
     1
102
RTVSPost2010Prop56
140
1.0
102
RTVSPost2010PropOp56
 70
     1
102
RTVSPost2010Prop57
140
1.0
102
RTVSPost2010PropOp57
 70
     1
  0
XRECORD
  5
51F
102
{ACAD_REACTORS
330
51E
102
}
330
51E
100
AcDbXrecord
280
     1
102
RTVSPropertyOp0
 70
     1
102
RTVSPropertyOp1
 70
     1
102
RTVSPropertyOp2
 70
     1
102
RTVSPropertyOp3
 70
     1
102
RTVSPropertyOp4
 70
     1
102
RTVSPropertyOp5
 70
     1
102
RTVSPropertyOp6
 70
     1
102
RTVSPropertyOp7
 70
     1
102
RTVSPropertyOp8
 70
     1
102
RTVSPropertyOp9
 70
     1
102
RTVSPropertyOp10
 70
     1
102
RTVSPropertyOp11
 70
     1
102
RTVSPropertyOp12
 70
     1
102
RTVSPropertyOp13
 70
     1
102
RTVSPropertyOp14
 70
     1
102
RTVSPropertyOp15
 70
     1
102
RTVSPropertyOp16
 70
     1
102
RTVSPropertyOp17
 70
     1
102
RTVSPropertyOp18
 70
     1
102
RTVSPropertyOp19
 70
     1
102
RTVSPropertyOp20
 70
     1
102
RTVSPropertyOp21
 70
     1
102
RTVSPropertyOp22
 70
     1
102
RTVSPropertyOp23
 70
     1
102
RTVSPropertyOp24
 70
     1
102
RTVSPropertyOp25
 70
     1
102
RTVSPropertyOp26
 70
     1
102
RTVSPropertyOp27
 70
     1
102
RTVSPropertyOp28
 70
     1
102
RTVSPropertyOp29
 70
     1
102
RTVSPropertyOp30
 70
     1
102
RTVSPropertyOp31
 70
     1
102
RTVSPropertyOp32
 70
     1
102
RTVSPropertyOp33
 70
     1
102
RTVSPropertyOp34
 70
     1
102
RTVSPropertyOp35
 70
     1
102
RTVSPropertyOp36
 70
     1
102
RTVSPropertyOp37
 70
     1
102
RTVSPropertyOp38
 70
     1
102
RTVSPropertyOp39
 70
     1
102
RTVSPropertyOp40
 70
     1
102
RTVSPropertyOp41
 70
     1
102
RTVSPropertyOp42
 70
     1
102
RTVSPropertyOp43
 70
     1
102
RTVSPropertyOp44
 70
     1
102
RTVSPropertyOp45
 70
     1
102
RTVSPropertyOp46
 70
     1
102
RTVSPropertyOp47
 70
     1
102
RTVSPropertyOp48
 70
     1
102
RTVSPropertyOp49
 70
     1
102
RTVSPropertyOp50
 70
     1
102
RTVSPropertyOp51
 70
     0
102
RTVSPropertyOp52
 70
     0
102
RTVSPropertyOp53
 70
     1
102
RTVSPropertyOp54
 70
     1
102
RTVSPropertyOp55
 70
     1
102
RTVSPropertyOp56
 70
     1
102
RTVSPropertyOp57
 70
     1
102
RTVSPost2010Prop28
280
     0
102
RTVSPost2010PropOp28
 70
     1
102
RTVSPost2010Prop29
280
     1
102
RTVSPost2010PropOp29
 70
     1
102
RTVSPost2010Prop30
280
     1
102
RTVSPost2010PropOp30
 70
     1
102
RTVSPost2010Prop31
280
     0
102
RTVSPost2010PropOp31
 70
     1
102
RTVSPost2010Prop32
280
     0
102
RTVSPost2010PropOp32
 70
     1
102
RTVSPost2010Prop33
280
     0
102
RTVSPost2010PropOp33
 70
     1
102
RTVSPost2010Prop34
280
     0
102
RTVSPost2010PropOp34
 70
     1
102
RTVSPost2010Prop35
280
     0
102
RTVSPost2010PropOp35
 70
     1
102
RTVSPost2010Prop36
280
     0
102
RTVSPost2010PropOp36
 70
     1
102
RTVSPost2010Prop37
 90
       50
102
RTVSPost2010PropOp37
 70
     1
102
RTVSPost2010Prop38
140
0.0
102
RTVSPost2010PropOp38
 70
     1
102
RTVSPost2010Prop39
140
1.0
102
RTVSPost2010PropOp39
 70
     1
102
RTVSPost2010Prop40
 90
        0
102
RTVSPost2010PropOp40
 70
     1
102
RTVSPost2010Prop41ColorIndex
 90
       18
102
RTVSPost2010Prop41ColorRGB
 90
        0
102
RTVSPost2010PropOp41
 70
     1
102
RTVSPost2010Prop42
 90
       50
102
RTVSPost2010PropOp42
 70
     1
102
RTVSPost2010Prop43
 90
        3
102
RTVSPost2010PropOp43
 70
     1
102
RTVSPost2010Prop44ColorIndex
 90
        5
102
RTVSPost2010Prop44ColorRGB
 90
      255
102
RTVSPost2010PropOp44
 70
     1
102
RTVSPost2010Prop45
280
     0
102
RTVSPost2010PropOp45
 70
     1
102
RTVSPost2010Prop46
 90
       50
102
RTVSPost2010PropOp46
 70
     1
102
RTVSPost2010Prop47
 90
       50
102
RTVSPost2010PropOp47
 70
     1
102
RTVSPost2010Prop48
 90
       50
102
RTVSPost2010PropOp48
 70
     1
102
RTVSPost2010Prop49
280
     0
102
RTVSPost2010PropOp49
 70
     1
102
RTVSPost2010Prop50
 90
       50
102
RTVSPost2010PropOp50
 70
     1
102
RTVSPost2010Prop51ColorIndex
 90
      256
102
RTVSPost2010Prop51ColorRGB
 90
-16777216
102
RTVSPost2010PropOp51
 70
     0
102
RTVSPost2010Prop52
140
1.0
102
RTVSPost2010PropOp52
 70
     0
102
RTVSPost2010Prop53
 90
        2
102
RTVSPost2010PropOp53
 70
     1
102
RTVSPost2010Prop54
  1
strokes_ogs.tif
102
RTVSPost2010PropOp54
 70
     1
102
RTVSPost2010Prop55
280
     0
102
RTVSPost2010PropOp55
 70
     1
102
RTVSPost2010Prop56
140
1.0
102
RTVSPost2010PropOp56
 70
     1
102
RTVSPost2010Prop57
140
1.0
102
RTVSPost2010PropOp57
 70
     1
  0
XRECORD
  5
521
102
{ACAD_REACTORS
330
520
102
}
330
520
100
AcDbXrecord
280
     1
102
RTVSPropertyOp0
 70
     1
102
RTVSPropertyOp1
 70
     1
102
RTVSPropertyOp2
 70
     1
102
RTVSPropertyOp3
 70
     1
102
RTVSPropertyOp4
 70
     1
102
RTVSPropertyOp5
 70
     1
102
RTVSPropertyOp6
 70
     1
102
RTVSPropertyOp7
 70
     1
102
RTVSPropertyOp8
 70
     1
102
RTVSPropertyOp9
 70
     1
102
RTVSPropertyOp10
 70
     1
102
RTVSPropertyOp11
 70
     1
102
RTVSPropertyOp12
 70
     1
102
RTVSPropertyOp13
 70
     1
102
RTVSPropertyOp14
 70
     1
102
RTVSPropertyOp15
 70
     1
102
RTVSPropertyOp16
 70
     1
102
RTVSPropertyOp17
 70
     1
102
RTVSPropertyOp18
 70
     1
102
RTVSPropertyOp19
 70
     1
102
RTVSPropertyOp20
 70
     1
102
RTVSPropertyOp21
 70
     1
102
RTVSPropertyOp22
 70
     1
102
RTVSPropertyOp23
 70
     1
102
RTVSPropertyOp24
 70
     1
102
RTVSPropertyOp25
 70
     1
102
RTVSPropertyOp26
 70
     1
102
RTVSPropertyOp27
 70
     1
102
RTVSPropertyOp28
 70
     1
102
RTVSPropertyOp29
 70
     1
102
RTVSPropertyOp30
 70
     1
102
RTVSPropertyOp31
 70
     1
102
RTVSPropertyOp32
 70
     1
102
RTVSPropertyOp33
 70
     1
102
RTVSPropertyOp34
 70
     1
102
RTVSPropertyOp35
 70
     1
102
RTVSPropertyOp36
 70
     1
102
RTVSPropertyOp37
 70
     1
102
RTVSPropertyOp38
 70
     1
102
RTVSPropertyOp39
 70
     1
102
RTVSPropertyOp40
 70
     1
102
RTVSPropertyOp41
 70
     1
102
RTVSPropertyOp42
 70
     1
102
RTVSPropertyOp43
 70
     1
102
RTVSPropertyOp44
 70
     1
102
RTVSPropertyOp45
 70
     1
102
RTVSPropertyOp46
 70
     1
102
RTVSPropertyOp47
 70
     1
102
RTVSPropertyOp48
 70
     1
102
RTVSPropertyOp49
 70
     1
102
RTVSPropertyOp50
 70
     1
102
RTVSPropertyOp51
 70
     0
102
RTVSPropertyOp52
 70
     0
102
RTVSPropertyOp53
 70
     1
102
RTVSPropertyOp54
 70
     1
102
RTVSPropertyOp55
 70
     1
102
RTVSPropertyOp56
 70
     1
102
RTVSPropertyOp57
 70
     1
102
RTVSPost2010Prop28
280
     0
102
RTVSPost2010PropOp28
 70
     1
102
RTVSPost2010Prop29
280
     1
102
RTVSPost2010PropOp29
 70
     1
102
RTVSPost2010Prop30
280
     1
102
RTVSPost2010PropOp30
 70
     1
102
RTVSPost2010Prop31
280
     0
102
RTVSPost2010PropOp31
 70
     1
102
RTVSPost2010Prop32
280
     0
102
RTVSPost2010PropOp32
 70
     1
102
RTVSPost2010Prop33
280
     0
102
RTVSPost2010PropOp33
 70
     1
102
RTVSPost2010Prop34
280
     0
102
RTVSPost2010PropOp34
 70
     1
102
RTVSPost2010Prop35
280
     0
102
RTVSPost2010PropOp35
 70
     1
102
RTVSPost2010Prop36
280
     0
102
RTVSPost2010PropOp36
 70
     1
102
RTVSPost2010Prop37
 90
       50
102
RTVSPost2010PropOp37
 70
     1
102
RTVSPost2010Prop38
140
0.0
102
RTVSPost2010PropOp38
 70
     1
102
RTVSPost2010Prop39
140
1.0
102
RTVSPost2010PropOp39
 70
     1
102
RTVSPost2010Prop40
 90
        0
102
RTVSPost2010PropOp40
 70
     1
102
RTVSPost2010Prop41ColorIndex
 90
       18
102
RTVSPost2010Prop41ColorRGB
 90
        0
102
RTVSPost2010PropOp41
 70
     1
102
RTVSPost2010Prop42
 90
       50
102
RTVSPost2010PropOp42
 70
     1
102
RTVSPost2010Prop43
 90
        3
102
RTVSPost2010PropOp43
 70
     1
102
RTVSPost2010Prop44ColorIndex
 90
        5
102
RTVSPost2010Prop44ColorRGB
 90
      255
102
RTVSPost2010PropOp44
 70
     1
102
RTVSPost2010Prop45
280
     0
102
RTVSPost2010PropOp45
 70
     1
102
RTVSPost2010Prop46
 90
       50
102
RTVSPost2010PropOp46
 70
     1
102
RTVSPost2010Prop47
 90
       50
102
RTVSPost2010PropOp47
 70
     1
102
RTVSPost2010Prop48
 90
       50
102
RTVSPost2010PropOp48
 70
     1
102
RTVSPost2010Prop49
280
     0
102
RTVSPost2010PropOp49
 70
     1
102
RTVSPost2010Prop50
 90
       50
102
RTVSPost2010PropOp50
 70
     1
102
RTVSPost2010Prop51ColorIndex
 90
      256
102
RTVSPost2010Prop51ColorRGB
 90
-16777216
102
RTVSPost2010PropOp51
 70
     0
102
RTVSPost2010Prop52
140
1.0
102
RTVSPost2010PropOp52
 70
     0
102
RTVSPost2010Prop53
 90
        2
102
RTVSPost2010PropOp53
 70
     1
102
RTVSPost2010Prop54
  1
strokes_ogs.tif
102
RTVSPost2010PropOp54
 70
     1
102
RTVSPost2010Prop55
280
     0
102
RTVSPost2010PropOp55
 70
     1
102
RTVSPost2010Prop56
140
1.0
102
RTVSPost2010PropOp56
 70
     1
102
RTVSPost2010Prop57
140
1.0
102
RTVSPost2010PropOp57
 70
     1
  0
XRECORD
  5
531
102
{ACAD_REACTORS
330
530
102
}
330
530
100
AcDbXrecord
280
     1
102
RTVSPropertyOp0
 70
     0
102
RTVSPropertyOp1
 70
     0
102
RTVSPropertyOp2
 70
     0
102
RTVSPropertyOp3
 70
     0
102
RTVSPropertyOp4
 70
     0
102
RTVSPropertyOp5
 70
     0
102
RTVSPropertyOp6
 70
     0
102
RTVSPropertyOp7
 70
     0
102
RTVSPropertyOp8
 70
     0
102
RTVSPropertyOp9
 70
     0
102
RTVSPropertyOp10
 70
     0
102
RTVSPropertyOp11
 70
     0
102
RTVSPropertyOp12
 70
     0
102
RTVSPropertyOp13
 70
     0
102
RTVSPropertyOp14
 70
     2
102
RTVSPropertyOp15
 70
     0
102
RTVSPropertyOp16
 70
     0
102
RTVSPropertyOp17
 70
     0
102
RTVSPropertyOp18
 70
     0
102
RTVSPropertyOp19
 70
     0
102
RTVSPropertyOp20
 70
     0
102
RTVSPropertyOp21
 70
     0
102
RTVSPropertyOp22
 70
     0
102
RTVSPropertyOp23
 70
     0
102
RTVSPropertyOp24
 70
     0
102
RTVSPropertyOp25
 70
     0
102
RTVSPropertyOp26
 70
     0
102
RTVSPropertyOp27
 70
     0
102
RTVSPropertyOp28
 70
     0
102
RTVSPropertyOp29
 70
     0
102
RTVSPropertyOp30
 70
     0
102
RTVSPropertyOp31
 70
     0
102
RTVSPropertyOp32
 70
     0
102
RTVSPropertyOp33
 70
     0
102
RTVSPropertyOp34
 70
     0
102
RTVSPropertyOp35
 70
     0
102
RTVSPropertyOp36
 70
     0
102
RTVSPropertyOp37
 70
     0
102
RTVSPropertyOp38
 70
     0
102
RTVSPropertyOp39
 70
     0
102
RTVSPropertyOp40
 70
     0
102
RTVSPropertyOp41
 70
     0
102
RTVSPropertyOp42
 70
     0
102
RTVSPropertyOp43
 70
     0
102
RTVSPropertyOp44
 70
     0
102
RTVSPropertyOp45
 70
     0
102
RTVSPropertyOp46
 70
     0
102
RTVSPropertyOp47
 70
     0
102
RTVSPropertyOp48
 70
     0
102
RTVSPropertyOp49
 70
     0
102
RTVSPropertyOp50
 70
     0
102
RTVSPropertyOp51
 70
     0
102
RTVSPropertyOp52
 70
     0
102
RTVSPropertyOp53
 70
     0
102
RTVSPropertyOp54
 70
     0
102
RTVSPropertyOp55
 70
     0
102
RTVSPropertyOp56
 70
     0
102
RTVSPropertyOp57
 70
     0
102
RTVSPost2010Prop28
280
     0
102
RTVSPost2010PropOp28
 70
     0
102
RTVSPost2010Prop29
280
     1
102
RTVSPost2010PropOp29
 70
     0
102
RTVSPost2010Prop30
280
     1
102
RTVSPost2010PropOp30
 70
     0
102
RTVSPost2010Prop31
280
     0
102
RTVSPost2010PropOp31
 70
     0
102
RTVSPost2010Prop32
280
     0
102
RTVSPost2010PropOp32
 70
     0
102
RTVSPost2010Prop33
280
     0
102
RTVSPost2010PropOp33
 70
     0
102
RTVSPost2010Prop34
280
     0
102
RTVSPost2010PropOp34
 70
     0
102
RTVSPost2010Prop35
280
     0
102
RTVSPost2010PropOp35
 70
     0
102
RTVSPost2010Prop36
280
     0
102
RTVSPost2010PropOp36
 70
     0
102
RTVSPost2010Prop37
 90
       50
102
RTVSPost2010PropOp37
 70
     0
102
RTVSPost2010Prop38
140
0.0
102
RTVSPost2010PropOp38
 70
     0
102
RTVSPost2010Prop39
140
1.0
102
RTVSPost2010PropOp39
 70
     0
102
RTVSPost2010Prop40
 90
        0
102
RTVSPost2010PropOp40
 70
     0
102
RTVSPost2010Prop41ColorIndex
 90
       18
102
RTVSPost2010Prop41ColorRGB
 90
        0
102
RTVSPost2010PropOp41
 70
     0
102
RTVSPost2010Prop42
 90
       50
102
RTVSPost2010PropOp42
 70
     0
102
RTVSPost2010Prop43
 90
        3
102
RTVSPost2010PropOp43
 70
     0
102
RTVSPost2010Prop44ColorIndex
 90
        5
102
RTVSPost2010Prop44ColorRGB
 90
      255
102
RTVSPost2010PropOp44
 70
     0
102
RTVSPost2010Prop45
280
     0
102
RTVSPost2010PropOp45
 70
     0
102
RTVSPost2010Prop46
 90
       50
102
RTVSPost2010PropOp46
 70
     0
102
RTVSPost2010Prop47
 90
       50
102
RTVSPost2010PropOp47
 70
     0
102
RTVSPost2010Prop48
 90
       50
102
RTVSPost2010PropOp48
 70
     0
102
RTVSPost2010Prop49
280
     0
102
RTVSPost2010PropOp49
 70
     0
102
RTVSPost2010Prop50
 90
       50
102
RTVSPost2010PropOp50
 70
     0
102
RTVSPost2010Prop51ColorIndex
 90
      256
102
RTVSPost2010Prop51ColorRGB
 90
-16777216
102
RTVSPost2010PropOp51
 70
     0
102
RTVSPost2010Prop52
140
1.0
102
RTVSPost2010PropOp52
 70
     0
102
RTVSPost2010Prop53
 90
        2
102
RTVSPost2010PropOp53
 70
     0
102
RTVSPost2010Prop54
  1
strokes_ogs.tif
102
RTVSPost2010PropOp54
 70
     0
102
RTVSPost2010Prop55
280
     0
102
RTVSPost2010PropOp55
 70
     0
102
RTVSPost2010Prop56
140
1.0
102
RTVSPost2010PropOp56
 70
     0
102
RTVSPost2010Prop57
140
1.0
102
RTVSPost2010PropOp57
 70
     0
  0
XRECORD
  5
529
102
{ACAD_REACTORS
330
528
102
}
330
528
100
AcDbXrecord
280
     1
102
RTVSPropertyOp0
 70
     1
102
RTVSPropertyOp1
 70
     1
102
RTVSPropertyOp2
 70
     1
102
RTVSPropertyOp3
 70
     1
102
RTVSPropertyOp4
 70
     1
102
RTVSPropertyOp5
 70
     1
102
RTVSPropertyOp6
 70
     1
102
RTVSPropertyOp7
 70
     1
102
RTVSPropertyOp8
 70
     1
102
RTVSPropertyOp9
 70
     1
102
RTVSPropertyOp10
 70
     1
102
RTVSPropertyOp11
 70
     1
102
RTVSPropertyOp12
 70
     1
102
RTVSPropertyOp13
 70
     1
102
RTVSPropertyOp14
 70
     1
102
RTVSPropertyOp15
 70
     1
102
RTVSPropertyOp16
 70
     1
102
RTVSPropertyOp17
 70
     1
102
RTVSPropertyOp18
 70
     1
102
RTVSPropertyOp19
 70
     1
102
RTVSPropertyOp20
 70
     1
102
RTVSPropertyOp21
 70
     1
102
RTVSPropertyOp22
 70
     1
102
RTVSPropertyOp23
 70
     1
102
RTVSPropertyOp24
 70
     1
102
RTVSPropertyOp25
 70
     1
102
RTVSPropertyOp26
 70
     1
102
RTVSPropertyOp27
 70
     1
102
RTVSPropertyOp28
 70
     1
102
RTVSPropertyOp29
 70
     1
102
RTVSPropertyOp30
 70
     1
102
RTVSPropertyOp31
 70
     1
102
RTVSPropertyOp32
 70
     1
102
RTVSPropertyOp33
 70
     1
102
RTVSPropertyOp34
 70
     1
102
RTVSPropertyOp35
 70
     1
102
RTVSPropertyOp36
 70
     1
102
RTVSPropertyOp37
 70
     1
102
RTVSPropertyOp38
 70
     1
102
RTVSPropertyOp39
 70
     1
102
RTVSPropertyOp40
 70
     1
102
RTVSPropertyOp41
 70
     1
102
RTVSPropertyOp42
 70
     1
102
RTVSPropertyOp43
 70
     1
102
RTVSPropertyOp44
 70
     1
102
RTVSPropertyOp45
 70
     1
102
RTVSPropertyOp46
 70
     1
102
RTVSPropertyOp47
 70
     1
102
RTVSPropertyOp48
 70
     1
102
RTVSPropertyOp49
 70
     1
102
RTVSPropertyOp50
 70
     1
102
RTVSPropertyOp51
 70
     0
102
RTVSPropertyOp52
 70
     0
102
RTVSPropertyOp53
 70
     1
102
RTVSPropertyOp54
 70
     1
102
RTVSPropertyOp55
 70
     1
102
RTVSPropertyOp56
 70
     1
102
RTVSPropertyOp57
 70
     1
102
RTVSPost2010Prop28
280
     0
102
RTVSPost2010PropOp28
 70
     1
102
RTVSPost2010Prop29
280
     1
102
RTVSPost2010PropOp29
 70
     1
102
RTVSPost2010Prop30
280
     1
102
RTVSPost2010PropOp30
 70
     1
102
RTVSPost2010Prop31
280
     0
102
RTVSPost2010PropOp31
 70
     1
102
RTVSPost2010Prop32
280
     0
102
RTVSPost2010PropOp32
 70
     1
102
RTVSPost2010Prop33
280
     0
102
RTVSPost2010PropOp33
 70
     1
102
RTVSPost2010Prop34
280
     0
102
RTVSPost2010PropOp34
 70
     1
102
RTVSPost2010Prop35
280
     0
102
RTVSPost2010PropOp35
 70
     1
102
RTVSPost2010Prop36
280
     0
102
RTVSPost2010PropOp36
 70
     1
102
RTVSPost2010Prop37
 90
       50
102
RTVSPost2010PropOp37
 70
     1
102
RTVSPost2010Prop38
140
0.0
102
RTVSPost2010PropOp38
 70
     1
102
RTVSPost2010Prop39
140
1.0
102
RTVSPost2010PropOp39
 70
     1
102
RTVSPost2010Prop40
 90
        0
102
RTVSPost2010PropOp40
 70
     1
102
RTVSPost2010Prop41ColorIndex
 90
       18
102
RTVSPost2010Prop41ColorRGB
 90
        0
102
RTVSPost2010PropOp41
 70
     1
102
RTVSPost2010Prop42
 90
       50
102
RTVSPost2010PropOp42
 70
     1
102
RTVSPost2010Prop43
 90
        3
102
RTVSPost2010PropOp43
 70
     1
102
RTVSPost2010Prop44ColorIndex
 90
        5
102
RTVSPost2010Prop44ColorRGB
 90
      255
102
RTVSPost2010PropOp44
 70
     1
102
RTVSPost2010Prop45
280
     0
102
RTVSPost2010PropOp45
 70
     1
102
RTVSPost2010Prop46
 90
       50
102
RTVSPost2010PropOp46
 70
     1
102
RTVSPost2010Prop47
 90
       50
102
RTVSPost2010PropOp47
 70
     1
102
RTVSPost2010Prop48
 90
       50
102
RTVSPost2010PropOp48
 70
     1
102
RTVSPost2010Prop49
280
     0
102
RTVSPost2010PropOp49
 70
     1
102
RTVSPost2010Prop50
 90
       50
102
RTVSPost2010PropOp50
 70
     1
102
RTVSPost2010Prop51ColorIndex
 90
      256
102
RTVSPost2010Prop51ColorRGB
 90
-16777216
102
RTVSPost2010PropOp51
 70
     0
102
RTVSPost2010Prop52
140
1.0
102
RTVSPost2010PropOp52
 70
     0
102
RTVSPost2010Prop53
 90
        2
102
RTVSPost2010PropOp53
 70
     1
102
RTVSPost2010Prop54
  1
strokes_ogs.tif
102
RTVSPost2010PropOp54
 70
     1
102
RTVSPost2010Prop55
280
     0
102
RTVSPost2010PropOp55
 70
     1
102
RTVSPost2010Prop56
140
1.0
102
RTVSPost2010PropOp56
 70
     1
102
RTVSPost2010Prop57
140
1.0
102
RTVSPost2010PropOp57
 70
     1
  0
XRECORD
  5
50D
102
{ACAD_REACTORS
330
50C
102
}
330
50C
100
AcDbXrecord
280
     1
102
RTVSPropertyOp0
 70
     1
102
RTVSPropertyOp1
 70
     1
102
RTVSPropertyOp2
 70
     1
102
RTVSPropertyOp3
 70
     1
102
RTVSPropertyOp4
 70
     1
102
RTVSPropertyOp5
 70
     1
102
RTVSPropertyOp6
 70
     1
102
RTVSPropertyOp7
 70
     1
102
RTVSPropertyOp8
 70
     1
102
RTVSPropertyOp9
 70
     1
102
RTVSPropertyOp10
 70
     1
102
RTVSPropertyOp11
 70
     1
102
RTVSPropertyOp12
 70
     1
102
RTVSPropertyOp13
 70
     1
102
RTVSPropertyOp14
 70
     1
102
RTVSPropertyOp15
 70
     1
102
RTVSPropertyOp16
 70
     1
102
RTVSPropertyOp17
 70
     1
102
RTVSPropertyOp18
 70
     1
102
RTVSPropertyOp19
 70
     1
102
RTVSPropertyOp20
 70
     1
102
RTVSPropertyOp21
 70
     1
102
RTVSPropertyOp22
 70
     1
102
RTVSPropertyOp23
 70
     1
102
RTVSPropertyOp24
 70
     1
102
RTVSPropertyOp25
 70
     1
102
RTVSPropertyOp26
 70
     1
102
RTVSPropertyOp27
 70
     1
102
RTVSPropertyOp28
 70
     1
102
RTVSPropertyOp29
 70
     1
102
RTVSPropertyOp30
 70
     1
102
RTVSPropertyOp31
 70
     1
102
RTVSPropertyOp32
 70
     1
102
RTVSPropertyOp33
 70
     1
102
RTVSPropertyOp34
 70
     1
102
RTVSPropertyOp35
 70
     1
102
RTVSPropertyOp36
 70
     1
102
RTVSPropertyOp37
 70
     1
102
RTVSPropertyOp38
 70
     1
102
RTVSPropertyOp39
 70
     1
102
RTVSPropertyOp40
 70
     1
102
RTVSPropertyOp41
 70
     1
102
RTVSPropertyOp42
 70
     1
102
RTVSPropertyOp43
 70
     1
102
RTVSPropertyOp44
 70
     1
102
RTVSPropertyOp45
 70
     1
102
RTVSPropertyOp46
 70
     1
102
RTVSPropertyOp47
 70
     1
102
RTVSPropertyOp48
 70
     1
102
RTVSPropertyOp49
 70
     1
102
RTVSPropertyOp50
 70
     1
102
RTVSPropertyOp51
 70
     0
102
RTVSPropertyOp52
 70
     0
102
RTVSPropertyOp53
 70
     1
102
RTVSPropertyOp54
 70
     1
102
RTVSPropertyOp55
 70
     1
102
RTVSPropertyOp56
 70
     1
102
RTVSPropertyOp57
 70
     1
102
RTVSPost2010Prop28
280
     0
102
RTVSPost2010PropOp28
 70
     1
102
RTVSPost2010Prop29
280
     1
102
RTVSPost2010PropOp29
 70
     1
102
RTVSPost2010Prop30
280
     1
102
RTVSPost2010PropOp30
 70
     1
102
RTVSPost2010Prop31
280
     0
102
RTVSPost2010PropOp31
 70
     1
102
RTVSPost2010Prop32
280
     0
102
RTVSPost2010PropOp32
 70
     1
102
RTVSPost2010Prop33
280
     0
102
RTVSPost2010PropOp33
 70
     1
102
RTVSPost2010Prop34
280
     0
102
RTVSPost2010PropOp34
 70
     1
102
RTVSPost2010Prop35
280
     0
102
RTVSPost2010PropOp35
 70
     1
102
RTVSPost2010Prop36
280
     0
102
RTVSPost2010PropOp36
 70
     1
102
RTVSPost2010Prop37
 90
       50
102
RTVSPost2010PropOp37
 70
     1
102
RTVSPost2010Prop38
140
0.0
102
RTVSPost2010PropOp38
 70
     1
102
RTVSPost2010Prop39
140
1.0
102
RTVSPost2010PropOp39
 70
     1
102
RTVSPost2010Prop40
 90
        0
102
RTVSPost2010PropOp40
 70
     1
102
RTVSPost2010Prop41ColorIndex
 90
       18
102
RTVSPost2010Prop41ColorRGB
 90
        0
102
RTVSPost2010PropOp41
 70
     1
102
RTVSPost2010Prop42
 90
       50
102
RTVSPost2010PropOp42
 70
     1
102
RTVSPost2010Prop43
 90
        3
102
RTVSPost2010PropOp43
 70
     1
102
RTVSPost2010Prop44ColorIndex
 90
        5
102
RTVSPost2010Prop44ColorRGB
 90
      255
102
RTVSPost2010PropOp44
 70
     1
102
RTVSPost2010Prop45
280
     0
102
RTVSPost2010PropOp45
 70
     1
102
RTVSPost2010Prop46
 90
       50
102
RTVSPost2010PropOp46
 70
     1
102
RTVSPost2010Prop47
 90
       50
102
RTVSPost2010PropOp47
 70
     1
102
RTVSPost2010Prop48
 90
       50
102
RTVSPost2010PropOp48
 70
     1
102
RTVSPost2010Prop49
280
     0
102
RTVSPost2010PropOp49
 70
     1
102
RTVSPost2010Prop50
 90
       50
102
RTVSPost2010PropOp50
 70
     1
102
RTVSPost2010Prop51ColorIndex
 90
      256
102
RTVSPost2010Prop51ColorRGB
 90
-16777216
102
RTVSPost2010PropOp51
 70
     0
102
RTVSPost2010Prop52
140
1.0
102
RTVSPost2010PropOp52
 70
     0
102
RTVSPost2010Prop53
 90
        2
102
RTVSPost2010PropOp53
 70
     1
102
RTVSPost2010Prop54
  1
strokes_ogs.tif
102
RTVSPost2010PropOp54
 70
     1
102
RTVSPost2010Prop55
280
     0
102
RTVSPost2010PropOp55
 70
     1
102
RTVSPost2010Prop56
140
1.0
102
RTVSPost2010PropOp56
 70
     1
102
RTVSPost2010Prop57
140
1.0
102
RTVSPost2010PropOp57
 70
     1
  0
XRECORD
  5
50F
102
{ACAD_REACTORS
330
50E
102
}
330
50E
100
AcDbXrecord
280
     1
102
RTVSPropertyOp0
 70
     1
102
RTVSPropertyOp1
 70
     1
102
RTVSPropertyOp2
 70
     1
102
RTVSPropertyOp3
 70
     1
102
RTVSPropertyOp4
 70
     1
102
RTVSPropertyOp5
 70
     1
102
RTVSPropertyOp6
 70
     1
102
RTVSPropertyOp7
 70
     1
102
RTVSPropertyOp8
 70
     1
102
RTVSPropertyOp9
 70
     1
102
RTVSPropertyOp10
 70
     1
102
RTVSPropertyOp11
 70
     1
102
RTVSPropertyOp12
 70
     1
102
RTVSPropertyOp13
 70
     1
102
RTVSPropertyOp14
 70
     1
102
RTVSPropertyOp15
 70
     1
102
RTVSPropertyOp16
 70
     1
102
RTVSPropertyOp17
 70
     1
102
RTVSPropertyOp18
 70
     1
102
RTVSPropertyOp19
 70
     1
102
RTVSPropertyOp20
 70
     1
102
RTVSPropertyOp21
 70
     1
102
RTVSPropertyOp22
 70
     1
102
RTVSPropertyOp23
 70
     1
102
RTVSPropertyOp24
 70
     1
102
RTVSPropertyOp25
 70
     1
102
RTVSPropertyOp26
 70
     1
102
RTVSPropertyOp27
 70
     1
102
RTVSPropertyOp28
 70
     1
102
RTVSPropertyOp29
 70
     1
102
RTVSPropertyOp30
 70
     1
102
RTVSPropertyOp31
 70
     1
102
RTVSPropertyOp32
 70
     1
102
RTVSPropertyOp33
 70
     1
102
RTVSPropertyOp34
 70
     1
102
RTVSPropertyOp35
 70
     1
102
RTVSPropertyOp36
 70
     1
102
RTVSPropertyOp37
 70
     1
102
RTVSPropertyOp38
 70
     1
102
RTVSPropertyOp39
 70
     1
102
RTVSPropertyOp40
 70
     1
102
RTVSPropertyOp41
 70
     1
102
RTVSPropertyOp42
 70
     1
102
RTVSPropertyOp43
 70
     1
102
RTVSPropertyOp44
 70
     1
102
RTVSPropertyOp45
 70
     1
102
RTVSPropertyOp46
 70
     1
102
RTVSPropertyOp47
 70
     1
102
RTVSPropertyOp48
 70
     1
102
RTVSPropertyOp49
 70
     1
102
RTVSPropertyOp50
 70
     1
102
RTVSPropertyOp51
 70
     0
102
RTVSPropertyOp52
 70
     0
102
RTVSPropertyOp53
 70
     1
102
RTVSPropertyOp54
 70
     1
102
RTVSPropertyOp55
 70
     1
102
RTVSPropertyOp56
 70
     1
102
RTVSPropertyOp57
 70
     1
102
RTVSPost2010Prop28
280
     0
102
RTVSPost2010PropOp28
 70
     1
102
RTVSPost2010Prop29
280
     1
102
RTVSPost2010PropOp29
 70
     1
102
RTVSPost2010Prop30
280
     1
102
RTVSPost2010PropOp30
 70
     1
102
RTVSPost2010Prop31
280
     0
102
RTVSPost2010PropOp31
 70
     1
102
RTVSPost2010Prop32
280
     0
102
RTVSPost2010PropOp32
 70
     1
102
RTVSPost2010Prop33
280
     0
102
RTVSPost2010PropOp33
 70
     1
102
RTVSPost2010Prop34
280
     0
102
RTVSPost2010PropOp34
 70
     1
102
RTVSPost2010Prop35
280
     0
102
RTVSPost2010PropOp35
 70
     1
102
RTVSPost2010Prop36
280
     0
102
RTVSPost2010PropOp36
 70
     1
102
RTVSPost2010Prop37
 90
       50
102
RTVSPost2010PropOp37
 70
     1
102
RTVSPost2010Prop38
140
0.0
102
RTVSPost2010PropOp38
 70
     1
102
RTVSPost2010Prop39
140
1.0
102
RTVSPost2010PropOp39
 70
     1
102
RTVSPost2010Prop40
 90
        0
102
RTVSPost2010PropOp40
 70
     1
102
RTVSPost2010Prop41ColorIndex
 90
       18
102
RTVSPost2010Prop41ColorRGB
 90
        0
102
RTVSPost2010PropOp41
 70
     1
102
RTVSPost2010Prop42
 90
       50
102
RTVSPost2010PropOp42
 70
     1
102
RTVSPost2010Prop43
 90
        3
102
RTVSPost2010PropOp43
 70
     1
102
RTVSPost2010Prop44ColorIndex
 90
        5
102
RTVSPost2010Prop44ColorRGB
 90
      255
102
RTVSPost2010PropOp44
 70
     1
102
RTVSPost2010Prop45
280
     0
102
RTVSPost2010PropOp45
 70
     1
102
RTVSPost2010Prop46
 90
       50
102
RTVSPost2010PropOp46
 70
     1
102
RTVSPost2010Prop47
 90
       50
102
RTVSPost2010PropOp47
 70
     1
102
RTVSPost2010Prop48
 90
       50
102
RTVSPost2010PropOp48
 70
     1
102
RTVSPost2010Prop49
280
     0
102
RTVSPost2010PropOp49
 70
     1
102
RTVSPost2010Prop50
 90
       50
102
RTVSPost2010PropOp50
 70
     1
102
RTVSPost2010Prop51ColorIndex
 90
      256
102
RTVSPost2010Prop51ColorRGB
 90
-16777216
102
RTVSPost2010PropOp51
 70
     0
102
RTVSPost2010Prop52
140
1.0
102
RTVSPost2010PropOp52
 70
     0
102
RTVSPost2010Prop53
 90
        2
102
RTVSPost2010PropOp53
 70
     1
102
RTVSPost2010Prop54
  1
strokes_ogs.tif
102
RTVSPost2010PropOp54
 70
     1
102
RTVSPost2010Prop55
280
     0
102
RTVSPost2010PropOp55
 70
     1
102
RTVSPost2010Prop56
140
1.0
102
RTVSPost2010PropOp56
 70
     1
102
RTVSPost2010Prop57
140
1.0
102
RTVSPost2010PropOp57
 70
     1
  0
XRECORD
  5
511
102
{ACAD_REACTORS
330
510
102
}
330
510
100
AcDbXrecord
280
     1
102
RTVSPropertyOp0
 70
     1
102
RTVSPropertyOp1
 70
     1
102
RTVSPropertyOp2
 70
     1
102
RTVSPropertyOp3
 70
     1
102
RTVSPropertyOp4
 70
     1
102
RTVSPropertyOp5
 70
     1
102
RTVSPropertyOp6
 70
     1
102
RTVSPropertyOp7
 70
     1
102
RTVSPropertyOp8
 70
     1
102
RTVSPropertyOp9
 70
     1
102
RTVSPropertyOp10
 70
     1
102
RTVSPropertyOp11
 70
     1
102
RTVSPropertyOp12
 70
     1
102
RTVSPropertyOp13
 70
     1
102
RTVSPropertyOp14
 70
     1
102
RTVSPropertyOp15
 70
     1
102
RTVSPropertyOp16
 70
     1
102
RTVSPropertyOp17
 70
     1
102
RTVSPropertyOp18
 70
     1
102
RTVSPropertyOp19
 70
     1
102
RTVSPropertyOp20
 70
     1
102
RTVSPropertyOp21
 70
     1
102
RTVSPropertyOp22
 70
     1
102
RTVSPropertyOp23
 70
     1
102
RTVSPropertyOp24
 70
     1
102
RTVSPropertyOp25
 70
     1
102
RTVSPropertyOp26
 70
     1
102
RTVSPropertyOp27
 70
     1
102
RTVSPropertyOp28
 70
     1
102
RTVSPropertyOp29
 70
     1
102
RTVSPropertyOp30
 70
     1
102
RTVSPropertyOp31
 70
     1
102
RTVSPropertyOp32
 70
     1
102
RTVSPropertyOp33
 70
     1
102
RTVSPropertyOp34
 70
     1
102
RTVSPropertyOp35
 70
     1
102
RTVSPropertyOp36
 70
     1
102
RTVSPropertyOp37
 70
     1
102
RTVSPropertyOp38
 70
     1
102
RTVSPropertyOp39
 70
     1
102
RTVSPropertyOp40
 70
     1
102
RTVSPropertyOp41
 70
     1
102
RTVSPropertyOp42
 70
     1
102
RTVSPropertyOp43
 70
     1
102
RTVSPropertyOp44
 70
     1
102
RTVSPropertyOp45
 70
     1
102
RTVSPropertyOp46
 70
     1
102
RTVSPropertyOp47
 70
     1
102
RTVSPropertyOp48
 70
     1
102
RTVSPropertyOp49
 70
     1
102
RTVSPropertyOp50
 70
     1
102
RTVSPropertyOp51
 70
     0
102
RTVSPropertyOp52
 70
     0
102
RTVSPropertyOp53
 70
     1
102
RTVSPropertyOp54
 70
     1
102
RTVSPropertyOp55
 70
     1
102
RTVSPropertyOp56
 70
     1
102
RTVSPropertyOp57
 70
     1
102
RTVSPost2010Prop28
280
     0
102
RTVSPost2010PropOp28
 70
     1
102
RTVSPost2010Prop29
280
     1
102
RTVSPost2010PropOp29
 70
     1
102
RTVSPost2010Prop30
280
     1
102
RTVSPost2010PropOp30
 70
     1
102
RTVSPost2010Prop31
280
     0
102
RTVSPost2010PropOp31
 70
     1
102
RTVSPost2010Prop32
280
     0
102
RTVSPost2010PropOp32
 70
     1
102
RTVSPost2010Prop33
280
     0
102
RTVSPost2010PropOp33
 70
     1
102
RTVSPost2010Prop34
280
     0
102
RTVSPost2010PropOp34
 70
     1
102
RTVSPost2010Prop35
280
     0
102
RTVSPost2010PropOp35
 70
     1
102
RTVSPost2010Prop36
280
     0
102
RTVSPost2010PropOp36
 70
     1
102
RTVSPost2010Prop37
 90
       50
102
RTVSPost2010PropOp37
 70
     1
102
RTVSPost2010Prop38
140
0.0
102
RTVSPost2010PropOp38
 70
     1
102
RTVSPost2010Prop39
140
1.0
102
RTVSPost2010PropOp39
 70
     1
102
RTVSPost2010Prop40
 90
        0
102
RTVSPost2010PropOp40
 70
     1
102
RTVSPost2010Prop41ColorIndex
 90
       18
102
RTVSPost2010Prop41ColorRGB
 90
        0
102
RTVSPost2010PropOp41
 70
     1
102
RTVSPost2010Prop42
 90
       50
102
RTVSPost2010PropOp42
 70
     1
102
RTVSPost2010Prop43
 90
        3
102
RTVSPost2010PropOp43
 70
     1
102
RTVSPost2010Prop44ColorIndex
 90
        5
102
RTVSPost2010Prop44ColorRGB
 90
      255
102
RTVSPost2010PropOp44
 70
     1
102
RTVSPost2010Prop45
280
     0
102
RTVSPost2010PropOp45
 70
     1
102
RTVSPost2010Prop46
 90
       50
102
RTVSPost2010PropOp46
 70
     1
102
RTVSPost2010Prop47
 90
       50
102
RTVSPost2010PropOp47
 70
     1
102
RTVSPost2010Prop48
 90
       50
102
RTVSPost2010PropOp48
 70
     1
102
RTVSPost2010Prop49
280
     0
102
RTVSPost2010PropOp49
 70
     1
102
RTVSPost2010Prop50
 90
       50
102
RTVSPost2010PropOp50
 70
     1
102
RTVSPost2010Prop51ColorIndex
 90
      256
102
RTVSPost2010Prop51ColorRGB
 90
-16777216
102
RTVSPost2010PropOp51
 70
     0
102
RTVSPost2010Prop52
140
1.0
102
RTVSPost2010PropOp52
 70
     0
102
RTVSPost2010Prop53
 90
        2
102
RTVSPost2010PropOp53
 70
     1
102
RTVSPost2010Prop54
  1
strokes_ogs.tif
102
RTVSPost2010PropOp54
 70
     1
102
RTVSPost2010Prop55
280
     0
102
RTVSPost2010PropOp55
 70
     1
102
RTVSPost2010Prop56
140
1.0
102
RTVSPost2010PropOp56
 70
     1
102
RTVSPost2010Prop57
140
1.0
102
RTVSPost2010PropOp57
 70
     1
  0
XRECORD
  5
513
102
{ACAD_REACTORS
330
512
102
}
330
512
100
AcDbXrecord
280
     1
102
RTVSPropertyOp0
 70
     1
102
RTVSPropertyOp1
 70
     1
102
RTVSPropertyOp2
 70
     1
102
RTVSPropertyOp3
 70
     1
102
RTVSPropertyOp4
 70
     1
102
RTVSPropertyOp5
 70
     1
102
RTVSPropertyOp6
 70
     1
102
RTVSPropertyOp7
 70
     1
102
RTVSPropertyOp8
 70
     1
102
RTVSPropertyOp9
 70
     1
102
RTVSPropertyOp10
 70
     1
102
RTVSPropertyOp11
 70
     1
102
RTVSPropertyOp12
 70
     1
102
RTVSPropertyOp13
 70
     1
102
RTVSPropertyOp14
 70
     1
102
RTVSPropertyOp15
 70
     1
102
RTVSPropertyOp16
 70
     1
102
RTVSPropertyOp17
 70
     1
102
RTVSPropertyOp18
 70
     1
102
RTVSPropertyOp19
 70
     1
102
RTVSPropertyOp20
 70
     1
102
RTVSPropertyOp21
 70
     1
102
RTVSPropertyOp22
 70
     1
102
RTVSPropertyOp23
 70
     1
102
RTVSPropertyOp24
 70
     1
102
RTVSPropertyOp25
 70
     1
102
RTVSPropertyOp26
 70
     1
102
RTVSPropertyOp27
 70
     1
102
RTVSPropertyOp28
 70
     1
102
RTVSPropertyOp29
 70
     1
102
RTVSPropertyOp30
 70
     1
102
RTVSPropertyOp31
 70
     1
102
RTVSPropertyOp32
 70
     1
102
RTVSPropertyOp33
 70
     1
102
RTVSPropertyOp34
 70
     1
102
RTVSPropertyOp35
 70
     1
102
RTVSPropertyOp36
 70
     1
102
RTVSPropertyOp37
 70
     1
102
RTVSPropertyOp38
 70
     1
102
RTVSPropertyOp39
 70
     1
102
RTVSPropertyOp40
 70
     1
102
RTVSPropertyOp41
 70
     1
102
RTVSPropertyOp42
 70
     1
102
RTVSPropertyOp43
 70
     1
102
RTVSPropertyOp44
 70
     1
102
RTVSPropertyOp45
 70
     1
102
RTVSPropertyOp46
 70
     1
102
RTVSPropertyOp47
 70
     1
102
RTVSPropertyOp48
 70
     1
102
RTVSPropertyOp49
 70
     1
102
RTVSPropertyOp50
 70
     1
102
RTVSPropertyOp51
 70
     0
102
RTVSPropertyOp52
 70
     0
102
RTVSPropertyOp53
 70
     1
102
RTVSPropertyOp54
 70
     1
102
RTVSPropertyOp55
 70
     1
102
RTVSPropertyOp56
 70
     1
102
RTVSPropertyOp57
 70
     1
102
RTVSPost2010Prop28
280
     0
102
RTVSPost2010PropOp28
 70
     1
102
RTVSPost2010Prop29
280
     1
102
RTVSPost2010PropOp29
 70
     1
102
RTVSPost2010Prop30
280
     1
102
RTVSPost2010PropOp30
 70
     1
102
RTVSPost2010Prop31
280
     0
102
RTVSPost2010PropOp31
 70
     1
102
RTVSPost2010Prop32
280
     0
102
RTVSPost2010PropOp32
 70
     1
102
RTVSPost2010Prop33
280
     0
102
RTVSPost2010PropOp33
 70
     1
102
RTVSPost2010Prop34
280
     0
102
RTVSPost2010PropOp34
 70
     1
102
RTVSPost2010Prop35
280
     0
102
RTVSPost2010PropOp35
 70
     1
102
RTVSPost2010Prop36
280
     0
102
RTVSPost2010PropOp36
 70
     1
102
RTVSPost2010Prop37
 90
       50
102
RTVSPost2010PropOp37
 70
     1
102
RTVSPost2010Prop38
140
0.0
102
RTVSPost2010PropOp38
 70
     1
102
RTVSPost2010Prop39
140
1.0
102
RTVSPost2010PropOp39
 70
     1
102
RTVSPost2010Prop40
 90
        0
102
RTVSPost2010PropOp40
 70
     1
102
RTVSPost2010Prop41ColorIndex
 90
       18
102
RTVSPost2010Prop41ColorRGB
 90
        0
102
RTVSPost2010PropOp41
 70
     1
102
RTVSPost2010Prop42
 90
       50
102
RTVSPost2010PropOp42
 70
     1
102
RTVSPost2010Prop43
 90
        3
102
RTVSPost2010PropOp43
 70
     1
102
RTVSPost2010Prop44ColorIndex
 90
        5
102
RTVSPost2010Prop44ColorRGB
 90
      255
102
RTVSPost2010PropOp44
 70
     1
102
RTVSPost2010Prop45
280
     0
102
RTVSPost2010PropOp45
 70
     1
102
RTVSPost2010Prop46
 90
       50
102
RTVSPost2010PropOp46
 70
     1
102
RTVSPost2010Prop47
 90
       50
102
RTVSPost2010PropOp47
 70
     1
102
RTVSPost2010Prop48
 90
       50
102
RTVSPost2010PropOp48
 70
     1
102
RTVSPost2010Prop49
280
     0
102
RTVSPost2010PropOp49
 70
     1
102
RTVSPost2010Prop50
 90
       50
102
RTVSPost2010PropOp50
 70
     1
102
RTVSPost2010Prop51ColorIndex
 90
      256
102
RTVSPost2010Prop51ColorRGB
 90
-16777216
102
RTVSPost2010PropOp51
 70
     0
102
RTVSPost2010Prop52
140
1.0
102
RTVSPost2010PropOp52
 70
     0
102
RTVSPost2010Prop53
 90
        2
102
RTVSPost2010PropOp53
 70
     1
102
RTVSPost2010Prop54
  1
strokes_ogs.tif
102
RTVSPost2010PropOp54
 70
     1
102
RTVSPost2010Prop55
280
     0
102
RTVSPost2010PropOp55
 70
     1
102
RTVSPost2010Prop56
140
1.0
102
RTVSPost2010PropOp56
 70
     1
102
RTVSPost2010Prop57
140
1.0
102
RTVSPost2010PropOp57
 70
     1
  0
XRECORD
  5
519
102
{ACAD_REACTORS
330
518
102
}
330
518
100
AcDbXrecord
280
     1
102
RTVSPropertyOp0
 70
     1
102
RTVSPropertyOp1
 70
     1
102
RTVSPropertyOp2
 70
     1
102
RTVSPropertyOp3
 70
     1
102
RTVSPropertyOp4
 70
     1
102
RTVSPropertyOp5
 70
     1
102
RTVSPropertyOp6
 70
     1
102
RTVSPropertyOp7
 70
     1
102
RTVSPropertyOp8
 70
     1
102
RTVSPropertyOp9
 70
     1
102
RTVSPropertyOp10
 70
     1
102
RTVSPropertyOp11
 70
     1
102
RTVSPropertyOp12
 70
     1
102
RTVSPropertyOp13
 70
     1
102
RTVSPropertyOp14
 70
     1
102
RTVSPropertyOp15
 70
     1
102
RTVSPropertyOp16
 70
     1
102
RTVSPropertyOp17
 70
     1
102
RTVSPropertyOp18
 70
     1
102
RTVSPropertyOp19
 70
     1
102
RTVSPropertyOp20
 70
     1
102
RTVSPropertyOp21
 70
     1
102
RTVSPropertyOp22
 70
     1
102
RTVSPropertyOp23
 70
     1
102
RTVSPropertyOp24
 70
     1
102
RTVSPropertyOp25
 70
     1
102
RTVSPropertyOp26
 70
     1
102
RTVSPropertyOp27
 70
     1
102
RTVSPropertyOp28
 70
     1
102
RTVSPropertyOp29
 70
     1
102
RTVSPropertyOp30
 70
     1
102
RTVSPropertyOp31
 70
     1
102
RTVSPropertyOp32
 70
     1
102
RTVSPropertyOp33
 70
     1
102
RTVSPropertyOp34
 70
     1
102
RTVSPropertyOp35
 70
     1
102
RTVSPropertyOp36
 70
     1
102
RTVSPropertyOp37
 70
     1
102
RTVSPropertyOp38
 70
     1
102
RTVSPropertyOp39
 70
     1
102
RTVSPropertyOp40
 70
     1
102
RTVSPropertyOp41
 70
     1
102
RTVSPropertyOp42
 70
     1
102
RTVSPropertyOp43
 70
     1
102
RTVSPropertyOp44
 70
     1
102
RTVSPropertyOp45
 70
     1
102
RTVSPropertyOp46
 70
     1
102
RTVSPropertyOp47
 70
     1
102
RTVSPropertyOp48
 70
     1
102
RTVSPropertyOp49
 70
     1
102
RTVSPropertyOp50
 70
     1
102
RTVSPropertyOp51
 70
     0
102
RTVSPropertyOp52
 70
     0
102
RTVSPropertyOp53
 70
     1
102
RTVSPropertyOp54
 70
     1
102
RTVSPropertyOp55
 70
     1
102
RTVSPropertyOp56
 70
     1
102
RTVSPropertyOp57
 70
     1
102
RTVSPost2010Prop28
280
     0
102
RTVSPost2010PropOp28
 70
     1
102
RTVSPost2010Prop29
280
     1
102
RTVSPost2010PropOp29
 70
     1
102
RTVSPost2010Prop30
280
     1
102
RTVSPost2010PropOp30
 70
     1
102
RTVSPost2010Prop31
280
     0
102
RTVSPost2010PropOp31
 70
     1
102
RTVSPost2010Prop32
280
     0
102
RTVSPost2010PropOp32
 70
     1
102
RTVSPost2010Prop33
280
     0
102
RTVSPost2010PropOp33
 70
     1
102
RTVSPost2010Prop34
280
     0
102
RTVSPost2010PropOp34
 70
     1
102
RTVSPost2010Prop35
280
     0
102
RTVSPost2010PropOp35
 70
     1
102
RTVSPost2010Prop36
280
     0
102
RTVSPost2010PropOp36
 70
     1
102
RTVSPost2010Prop37
 90
       50
102
RTVSPost2010PropOp37
 70
     1
102
RTVSPost2010Prop38
140
0.0
102
RTVSPost2010PropOp38
 70
     1
102
RTVSPost2010Prop39
140
1.0
102
RTVSPost2010PropOp39
 70
     1
102
RTVSPost2010Prop40
 90
        0
102
RTVSPost2010PropOp40
 70
     1
102
RTVSPost2010Prop41ColorIndex
 90
       18
102
RTVSPost2010Prop41ColorRGB
 90
        0
102
RTVSPost2010PropOp41
 70
     1
102
RTVSPost2010Prop42
 90
       50
102
RTVSPost2010PropOp42
 70
     1
102
RTVSPost2010Prop43
 90
        3
102
RTVSPost2010PropOp43
 70
     1
102
RTVSPost2010Prop44ColorIndex
 90
        5
102
RTVSPost2010Prop44ColorRGB
 90
      255
102
RTVSPost2010PropOp44
 70
     1
102
RTVSPost2010Prop45
280
     0
102
RTVSPost2010PropOp45
 70
     1
102
RTVSPost2010Prop46
 90
       50
102
RTVSPost2010PropOp46
 70
     1
102
RTVSPost2010Prop47
 90
       50
102
RTVSPost2010PropOp47
 70
     1
102
RTVSPost2010Prop48
 90
       50
102
RTVSPost2010PropOp48
 70
     1
102
RTVSPost2010Prop49
280
     0
102
RTVSPost2010PropOp49
 70
     1
102
RTVSPost2010Prop50
 90
       50
102
RTVSPost2010PropOp50
 70
     1
102
RTVSPost2010Prop51ColorIndex
 90
      256
102
RTVSPost2010Prop51ColorRGB
 90
-16777216
102
RTVSPost2010PropOp51
 70
     0
102
RTVSPost2010Prop52
140
1.0
102
RTVSPost2010PropOp52
 70
     0
102
RTVSPost2010Prop53
 90
        2
102
RTVSPost2010PropOp53
 70
     1
102
RTVSPost2010Prop54
  1
strokes_ogs.tif
102
RTVSPost2010PropOp54
 70
     1
102
RTVSPost2010Prop55
280
     0
102
RTVSPost2010PropOp55
 70
     1
102
RTVSPost2010Prop56
140
1.0
102
RTVSPost2010PropOp56
 70
     1
102
RTVSPost2010Prop57
140
1.0
102
RTVSPost2010PropOp57
 70
     1
  0
XRECORD
  5
52D
102
{ACAD_REACTORS
330
52C
102
}
330
52C
100
AcDbXrecord
280
     1
102
RTVSPropertyOp0
 70
     0
102
RTVSPropertyOp1
 70
     0
102
RTVSPropertyOp2
 70
     0
102
RTVSPropertyOp3
 70
     0
102
RTVSPropertyOp4
 70
     0
102
RTVSPropertyOp5
 70
     0
102
RTVSPropertyOp6
 70
     0
102
RTVSPropertyOp7
 70
     0
102
RTVSPropertyOp8
 70
     0
102
RTVSPropertyOp9
 70
     0
102
RTVSPropertyOp10
 70
     0
102
RTVSPropertyOp11
 70
     0
102
RTVSPropertyOp12
 70
     0
102
RTVSPropertyOp13
 70
     0
102
RTVSPropertyOp14
 70
     2
102
RTVSPropertyOp15
 70
     0
102
RTVSPropertyOp16
 70
     0
102
RTVSPropertyOp17
 70
     0
102
RTVSPropertyOp18
 70
     0
102
RTVSPropertyOp19
 70
     0
102
RTVSPropertyOp20
 70
     0
102
RTVSPropertyOp21
 70
     0
102
RTVSPropertyOp22
 70
     0
102
RTVSPropertyOp23
 70
     0
102
RTVSPropertyOp24
 70
     0
102
RTVSPropertyOp25
 70
     0
102
RTVSPropertyOp26
 70
     0
102
RTVSPropertyOp27
 70
     0
102
RTVSPropertyOp28
 70
     0
102
RTVSPropertyOp29
 70
     0
102
RTVSPropertyOp30
 70
     0
102
RTVSPropertyOp31
 70
     0
102
RTVSPropertyOp32
 70
     0
102
RTVSPropertyOp33
 70
     0
102
RTVSPropertyOp34
 70
     0
102
RTVSPropertyOp35
 70
     0
102
RTVSPropertyOp36
 70
     0
102
RTVSPropertyOp37
 70
     0
102
RTVSPropertyOp38
 70
     0
102
RTVSPropertyOp39
 70
     0
102
RTVSPropertyOp40
 70
     0
102
RTVSPropertyOp41
 70
     0
102
RTVSPropertyOp42
 70
     0
102
RTVSPropertyOp43
 70
     0
102
RTVSPropertyOp44
 70
     0
102
RTVSPropertyOp45
 70
     0
102
RTVSPropertyOp46
 70
     0
102
RTVSPropertyOp47
 70
     0
102
RTVSPropertyOp48
 70
     0
102
RTVSPropertyOp49
 70
     0
102
RTVSPropertyOp50
 70
     0
102
RTVSPropertyOp51
 70
     0
102
RTVSPropertyOp52
 70
     0
102
RTVSPropertyOp53
 70
     0
102
RTVSPropertyOp54
 70
     0
102
RTVSPropertyOp55
 70
     0
102
RTVSPropertyOp56
 70
     0
102
RTVSPropertyOp57
 70
     0
102
RTVSPost2010Prop28
280
     0
102
RTVSPost2010PropOp28
 70
     0
102
RTVSPost2010Prop29
280
     1
102
RTVSPost2010PropOp29
 70
     0
102
RTVSPost2010Prop30
280
     1
102
RTVSPost2010PropOp30
 70
     0
102
RTVSPost2010Prop31
280
     0
102
RTVSPost2010PropOp31
 70
     0
102
RTVSPost2010Prop32
280
     0
102
RTVSPost2010PropOp32
 70
     0
102
RTVSPost2010Prop33
280
     0
102
RTVSPost2010PropOp33
 70
     0
102
RTVSPost2010Prop34
280
     0
102
RTVSPost2010PropOp34
 70
     0
102
RTVSPost2010Prop35
280
     0
102
RTVSPost2010PropOp35
 70
     0
102
RTVSPost2010Prop36
280
     0
102
RTVSPost2010PropOp36
 70
     0
102
RTVSPost2010Prop37
 90
       50
102
RTVSPost2010PropOp37
 70
     0
102
RTVSPost2010Prop38
140
0.0
102
RTVSPost2010PropOp38
 70
     0
102
RTVSPost2010Prop39
140
1.0
102
RTVSPost2010PropOp39
 70
     0
102
RTVSPost2010Prop40
 90
        0
102
RTVSPost2010PropOp40
 70
     0
102
RTVSPost2010Prop41ColorIndex
 90
       18
102
RTVSPost2010Prop41ColorRGB
 90
        0
102
RTVSPost2010PropOp41
 70
     0
102
RTVSPost2010Prop42
 90
       50
102
RTVSPost2010PropOp42
 70
     0
102
RTVSPost2010Prop43
 90
        3
102
RTVSPost2010PropOp43
 70
     0
102
RTVSPost2010Prop44ColorIndex
 90
        5
102
RTVSPost2010Prop44ColorRGB
 90
      255
102
RTVSPost2010PropOp44
 70
     0
102
RTVSPost2010Prop45
280
     0
102
RTVSPost2010PropOp45
 70
     0
102
RTVSPost2010Prop46
 90
       50
102
RTVSPost2010PropOp46
 70
     0
102
RTVSPost2010Prop47
 90
       50
102
RTVSPost2010PropOp47
 70
     0
102
RTVSPost2010Prop48
 90
       50
102
RTVSPost2010PropOp48
 70
     0
102
RTVSPost2010Prop49
280
     0
102
RTVSPost2010PropOp49
 70
     0
102
RTVSPost2010Prop50
 90
       50
102
RTVSPost2010PropOp50
 70
     0
102
RTVSPost2010Prop51ColorIndex
 90
      256
102
RTVSPost2010Prop51ColorRGB
 90
-16777216
102
RTVSPost2010PropOp51
 70
     0
102
RTVSPost2010Prop52
140
1.0
102
RTVSPost2010PropOp52
 70
     0
102
RTVSPost2010Prop53
 90
        2
102
RTVSPost2010PropOp53
 70
     0
102
RTVSPost2010Prop54
  1
strokes_ogs.tif
102
RTVSPost2010PropOp54
 70
     0
102
RTVSPost2010Prop55
280
     0
102
RTVSPost2010PropOp55
 70
     0
102
RTVSPost2010Prop56
140
1.0
102
RTVSPost2010PropOp56
 70
     0
102
RTVSPost2010Prop57
140
1.0
102
RTVSPost2010PropOp57
 70
     0
  0
XRECORD
  5
527
102
{ACAD_REACTORS
330
526
102
}
330
526
100
AcDbXrecord
280
     1
102
RTVSPropertyOp0
 70
     1
102
RTVSPropertyOp1
 70
     1
102
RTVSPropertyOp2
 70
     1
102
RTVSPropertyOp3
 70
     1
102
RTVSPropertyOp4
 70
     1
102
RTVSPropertyOp5
 70
     1
102
RTVSPropertyOp6
 70
     1
102
RTVSPropertyOp7
 70
     1
102
RTVSPropertyOp8
 70
     1
102
RTVSPropertyOp9
 70
     1
102
RTVSPropertyOp10
 70
     1
102
RTVSPropertyOp11
 70
     1
102
RTVSPropertyOp12
 70
     1
102
RTVSPropertyOp13
 70
     1
102
RTVSPropertyOp14
 70
     1
102
RTVSPropertyOp15
 70
     1
102
RTVSPropertyOp16
 70
     1
102
RTVSPropertyOp17
 70
     1
102
RTVSPropertyOp18
 70
     1
102
RTVSPropertyOp19
 70
     1
102
RTVSPropertyOp20
 70
     1
102
RTVSPropertyOp21
 70
     1
102
RTVSPropertyOp22
 70
     1
102
RTVSPropertyOp23
 70
     1
102
RTVSPropertyOp24
 70
     1
102
RTVSPropertyOp25
 70
     1
102
RTVSPropertyOp26
 70
     1
102
RTVSPropertyOp27
 70
     1
102
RTVSPropertyOp28
 70
     1
102
RTVSPropertyOp29
 70
     1
102
RTVSPropertyOp30
 70
     1
102
RTVSPropertyOp31
 70
     1
102
RTVSPropertyOp32
 70
     1
102
RTVSPropertyOp33
 70
     1
102
RTVSPropertyOp34
 70
     1
102
RTVSPropertyOp35
 70
     1
102
RTVSPropertyOp36
 70
     1
102
RTVSPropertyOp37
 70
     1
102
RTVSPropertyOp38
 70
     1
102
RTVSPropertyOp39
 70
     1
102
RTVSPropertyOp40
 70
     1
102
RTVSPropertyOp41
 70
     1
102
RTVSPropertyOp42
 70
     1
102
RTVSPropertyOp43
 70
     1
102
RTVSPropertyOp44
 70
     1
102
RTVSPropertyOp45
 70
     1
102
RTVSPropertyOp46
 70
     1
102
RTVSPropertyOp47
 70
     1
102
RTVSPropertyOp48
 70
     1
102
RTVSPropertyOp49
 70
     1
102
RTVSPropertyOp50
 70
     1
102
RTVSPropertyOp51
 70
     0
102
RTVSPropertyOp52
 70
     0
102
RTVSPropertyOp53
 70
     1
102
RTVSPropertyOp54
 70
     1
102
RTVSPropertyOp55
 70
     1
102
RTVSPropertyOp56
 70
     1
102
RTVSPropertyOp57
 70
     1
102
RTVSPost2010Prop28
280
     0
102
RTVSPost2010PropOp28
 70
     1
102
RTVSPost2010Prop29
280
     1
102
RTVSPost2010PropOp29
 70
     1
102
RTVSPost2010Prop30
280
     1
102
RTVSPost2010PropOp30
 70
     1
102
RTVSPost2010Prop31
280
     0
102
RTVSPost2010PropOp31
 70
     1
102
RTVSPost2010Prop32
280
     0
102
RTVSPost2010PropOp32
 70
     1
102
RTVSPost2010Prop33
280
     0
102
RTVSPost2010PropOp33
 70
     1
102
RTVSPost2010Prop34
280
     0
102
RTVSPost2010PropOp34
 70
     1
102
RTVSPost2010Prop35
280
     0
102
RTVSPost2010PropOp35
 70
     1
102
RTVSPost2010Prop36
280
     0
102
RTVSPost2010PropOp36
 70
     1
102
RTVSPost2010Prop37
 90
       50
102
RTVSPost2010PropOp37
 70
     1
102
RTVSPost2010Prop38
140
0.0
102
RTVSPost2010PropOp38
 70
     1
102
RTVSPost2010Prop39
140
1.0
102
RTVSPost2010PropOp39
 70
     1
102
RTVSPost2010Prop40
 90
        0
102
RTVSPost2010PropOp40
 70
     1
102
RTVSPost2010Prop41ColorIndex
 90
       18
102
RTVSPost2010Prop41ColorRGB
 90
        0
102
RTVSPost2010PropOp41
 70
     1
102
RTVSPost2010Prop42
 90
       50
102
RTVSPost2010PropOp42
 70
     1
102
RTVSPost2010Prop43
 90
        3
102
RTVSPost2010PropOp43
 70
     1
102
RTVSPost2010Prop44ColorIndex
 90
        5
102
RTVSPost2010Prop44ColorRGB
 90
      255
102
RTVSPost2010PropOp44
 70
     1
102
RTVSPost2010Prop45
280
     0
102
RTVSPost2010PropOp45
 70
     1
102
RTVSPost2010Prop46
 90
       50
102
RTVSPost2010PropOp46
 70
     1
102
RTVSPost2010Prop47
 90
       50
102
RTVSPost2010PropOp47
 70
     1
102
RTVSPost2010Prop48
 90
       50
102
RTVSPost2010PropOp48
 70
     1
102
RTVSPost2010Prop49
280
     0
102
RTVSPost2010PropOp49
 70
     1
102
RTVSPost2010Prop50
 90
       50
102
RTVSPost2010PropOp50
 70
     1
102
RTVSPost2010Prop51ColorIndex
 90
      256
102
RTVSPost2010Prop51ColorRGB
 90
-16777216
102
RTVSPost2010PropOp51
 70
     0
102
RTVSPost2010Prop52
140
1.0
102
RTVSPost2010PropOp52
 70
     0
102
RTVSPost2010Prop53
 90
        2
102
RTVSPost2010PropOp53
 70
     1
102
RTVSPost2010Prop54
  1
strokes_ogs.tif
102
RTVSPost2010PropOp54
 70
     1
102
RTVSPost2010Prop55
280
     0
102
RTVSPost2010PropOp55
 70
     1
102
RTVSPost2010Prop56
140
1.0
102
RTVSPost2010PropOp56
 70
     1
102
RTVSPost2010Prop57
140
1.0
102
RTVSPost2010PropOp57
 70
     1
  0
XRECORD
  5
52F
102
{ACAD_REACTORS
330
52E
102
}
330
52E
100
AcDbXrecord
280
     1
102
RTVSPropertyOp0
 70
     0
102
RTVSPropertyOp1
 70
     0
102
RTVSPropertyOp2
 70
     0
102
RTVSPropertyOp3
 70
     0
102
RTVSPropertyOp4
 70
     0
102
RTVSPropertyOp5
 70
     0
102
RTVSPropertyOp6
 70
     0
102
RTVSPropertyOp7
 70
     0
102
RTVSPropertyOp8
 70
     0
102
RTVSPropertyOp9
 70
     0
102
RTVSPropertyOp10
 70
     0
102
RTVSPropertyOp11
 70
     0
102
RTVSPropertyOp12
 70
     0
102
RTVSPropertyOp13
 70
     0
102
RTVSPropertyOp14
 70
     2
102
RTVSPropertyOp15
 70
     0
102
RTVSPropertyOp16
 70
     0
102
RTVSPropertyOp17
 70
     0
102
RTVSPropertyOp18
 70
     0
102
RTVSPropertyOp19
 70
     0
102
RTVSPropertyOp20
 70
     0
102
RTVSPropertyOp21
 70
     0
102
RTVSPropertyOp22
 70
     0
102
RTVSPropertyOp23
 70
     0
102
RTVSPropertyOp24
 70
     0
102
RTVSPropertyOp25
 70
     0
102
RTVSPropertyOp26
 70
     0
102
RTVSPropertyOp27
 70
     0
102
RTVSPropertyOp28
 70
     0
102
RTVSPropertyOp29
 70
     0
102
RTVSPropertyOp30
 70
     0
102
RTVSPropertyOp31
 70
     0
102
RTVSPropertyOp32
 70
     0
102
RTVSPropertyOp33
 70
     0
102
RTVSPropertyOp34
 70
     0
102
RTVSPropertyOp35
 70
     0
102
RTVSPropertyOp36
 70
     0
102
RTVSPropertyOp37
 70
     0
102
RTVSPropertyOp38
 70
     0
102
RTVSPropertyOp39
 70
     0
102
RTVSPropertyOp40
 70
     0
102
RTVSPropertyOp41
 70
     0
102
RTVSPropertyOp42
 70
     0
102
RTVSPropertyOp43
 70
     0
102
RTVSPropertyOp44
 70
     0
102
RTVSPropertyOp45
 70
     0
102
RTVSPropertyOp46
 70
     0
102
RTVSPropertyOp47
 70
     0
102
RTVSPropertyOp48
 70
     0
102
RTVSPropertyOp49
 70
     0
102
RTVSPropertyOp50
 70
     0
102
RTVSPropertyOp51
 70
     0
102
RTVSPropertyOp52
 70
     0
102
RTVSPropertyOp53
 70
     0
102
RTVSPropertyOp54
 70
     0
102
RTVSPropertyOp55
 70
     0
102
RTVSPropertyOp56
 70
     0
102
RTVSPropertyOp57
 70
     0
102
RTVSPost2010Prop28
280
     0
102
RTVSPost2010PropOp28
 70
     0
102
RTVSPost2010Prop29
280
     1
102
RTVSPost2010PropOp29
 70
     0
102
RTVSPost2010Prop30
280
     1
102
RTVSPost2010PropOp30
 70
     0
102
RTVSPost2010Prop31
280
     0
102
RTVSPost2010PropOp31
 70
     0
102
RTVSPost2010Prop32
280
     0
102
RTVSPost2010PropOp32
 70
     0
102
RTVSPost2010Prop33
280
     0
102
RTVSPost2010PropOp33
 70
     0
102
RTVSPost2010Prop34
280
     0
102
RTVSPost2010PropOp34
 70
     0
102
RTVSPost2010Prop35
280
     0
102
RTVSPost2010PropOp35
 70
     0
102
RTVSPost2010Prop36
280
     0
102
RTVSPost2010PropOp36
 70
     0
102
RTVSPost2010Prop37
 90
       50
102
RTVSPost2010PropOp37
 70
     0
102
RTVSPost2010Prop38
140
0.0
102
RTVSPost2010PropOp38
 70
     0
102
RTVSPost2010Prop39
140
1.0
102
RTVSPost2010PropOp39
 70
     0
102
RTVSPost2010Prop40
 90
        0
102
RTVSPost2010PropOp40
 70
     0
102
RTVSPost2010Prop41ColorIndex
 90
       18
102
RTVSPost2010Prop41ColorRGB
 90
        0
102
RTVSPost2010PropOp41
 70
     0
102
RTVSPost2010Prop42
 90
       50
102
RTVSPost2010PropOp42
 70
     0
102
RTVSPost2010Prop43
 90
        3
102
RTVSPost2010PropOp43
 70
     0
102
RTVSPost2010Prop44ColorIndex
 90
        5
102
RTVSPost2010Prop44ColorRGB
 90
      255
102
RTVSPost2010PropOp44
 70
     0
102
RTVSPost2010Prop45
280
     0
102
RTVSPost2010PropOp45
 70
     0
102
RTVSPost2010Prop46
 90
       50
102
RTVSPost2010PropOp46
 70
     0
102
RTVSPost2010Prop47
 90
       50
102
RTVSPost2010PropOp47
 70
     0
102
RTVSPost2010Prop48
 90
       50
102
RTVSPost2010PropOp48
 70
     0
102
RTVSPost2010Prop49
280
     0
102
RTVSPost2010PropOp49
 70
     0
102
RTVSPost2010Prop50
 90
       50
102
RTVSPost2010PropOp50
 70
     0
102
RTVSPost2010Prop51ColorIndex
 90
      256
102
RTVSPost2010Prop51ColorRGB
 90
-16777216
102
RTVSPost2010PropOp51
 70
     0
102
RTVSPost2010Prop52
140
1.0
102
RTVSPost2010PropOp52
 70
     0
102
RTVSPost2010Prop53
 90
        2
102
RTVSPost2010PropOp53
 70
     0
102
RTVSPost2010Prop54
  1
strokes_ogs.tif
102
RTVSPost2010PropOp54
 70
     0
102
RTVSPost2010Prop55
280
     0
102
RTVSPost2010PropOp55
 70
     0
102
RTVSPost2010Prop56
140
1.0
102
RTVSPost2010PropOp56
 70
     0
102
RTVSPost2010Prop57
140
1.0
102
RTVSPost2010PropOp57
 70
     0
  0
XRECORD
  5
51D
102
{ACAD_REACTORS
330
51C
102
}
330
51C
100
AcDbXrecord
280
     1
102
RTVSPropertyOp0
 70
     1
102
RTVSPropertyOp1
 70
     1
102
RTVSPropertyOp2
 70
     1
102
RTVSPropertyOp3
 70
     1
102
RTVSPropertyOp4
 70
     1
102
RTVSPropertyOp5
 70
     1
102
RTVSPropertyOp6
 70
     1
102
RTVSPropertyOp7
 70
     1
102
RTVSPropertyOp8
 70
     1
102
RTVSPropertyOp9
 70
     1
102
RTVSPropertyOp10
 70
     1
102
RTVSPropertyOp11
 70
     1
102
RTVSPropertyOp12
 70
     1
102
RTVSPropertyOp13
 70
     1
102
RTVSPropertyOp14
 70
     1
102
RTVSPropertyOp15
 70
     1
102
RTVSPropertyOp16
 70
     1
102
RTVSPropertyOp17
 70
     1
102
RTVSPropertyOp18
 70
     1
102
RTVSPropertyOp19
 70
     1
102
RTVSPropertyOp20
 70
     1
102
RTVSPropertyOp21
 70
     1
102
RTVSPropertyOp22
 70
     1
102
RTVSPropertyOp23
 70
     1
102
RTVSPropertyOp24
 70
     1
102
RTVSPropertyOp25
 70
     1
102
RTVSPropertyOp26
 70
     1
102
RTVSPropertyOp27
 70
     1
102
RTVSPropertyOp28
 70
     1
102
RTVSPropertyOp29
 70
     1
102
RTVSPropertyOp30
 70
     1
102
RTVSPropertyOp31
 70
     1
102
RTVSPropertyOp32
 70
     1
102
RTVSPropertyOp33
 70
     1
102
RTVSPropertyOp34
 70
     1
102
RTVSPropertyOp35
 70
     1
102
RTVSPropertyOp36
 70
     1
102
RTVSPropertyOp37
 70
     1
102
RTVSPropertyOp38
 70
     1
102
RTVSPropertyOp39
 70
     1
102
RTVSPropertyOp40
 70
     1
102
RTVSPropertyOp41
 70
     1
102
RTVSPropertyOp42
 70
     1
102
RTVSPropertyOp43
 70
     1
102
RTVSPropertyOp44
 70
     1
102
RTVSPropertyOp45
 70
     1
102
RTVSPropertyOp46
 70
     1
102
RTVSPropertyOp47
 70
     1
102
RTVSPropertyOp48
 70
     1
102
RTVSPropertyOp49
 70
     1
102
RTVSPropertyOp50
 70
     1
102
RTVSPropertyOp51
 70
     0
102
RTVSPropertyOp52
 70
     0
102
RTVSPropertyOp53
 70
     1
102
RTVSPropertyOp54
 70
     1
102
RTVSPropertyOp55
 70
     1
102
RTVSPropertyOp56
 70
     1
102
RTVSPropertyOp57
 70
     1
102
RTVSPost2010Prop28
280
     0
102
RTVSPost2010PropOp28
 70
     1
102
RTVSPost2010Prop29
280
     1
102
RTVSPost2010PropOp29
 70
     1
102
RTVSPost2010Prop30
280
     1
102
RTVSPost2010PropOp30
 70
     1
102
RTVSPost2010Prop31
280
     0
102
RTVSPost2010PropOp31
 70
     1
102
RTVSPost2010Prop32
280
     0
102
RTVSPost2010PropOp32
 70
     1
102
RTVSPost2010Prop33
280
     0
102
RTVSPost2010PropOp33
 70
     1
102
RTVSPost2010Prop34
280
     0
102
RTVSPost2010PropOp34
 70
     1
102
RTVSPost2010Prop35
280
     0
102
RTVSPost2010PropOp35
 70
     1
102
RTVSPost2010Prop36
280
     0
102
RTVSPost2010PropOp36
 70
     1
102
RTVSPost2010Prop37
 90
       50
102
RTVSPost2010PropOp37
 70
     1
102
RTVSPost2010Prop38
140
0.0
102
RTVSPost2010PropOp38
 70
     1
102
RTVSPost2010Prop39
140
1.0
102
RTVSPost2010PropOp39
 70
     1
102
RTVSPost2010Prop40
 90
        0
102
RTVSPost2010PropOp40
 70
     1
102
RTVSPost2010Prop41ColorIndex
 90
       18
102
RTVSPost2010Prop41ColorRGB
 90
        0
102
RTVSPost2010PropOp41
 70
     1
102
RTVSPost2010Prop42
 90
       50
102
RTVSPost2010PropOp42
 70
     1
102
RTVSPost2010Prop43
 90
        3
102
RTVSPost2010PropOp43
 70
     1
102
RTVSPost2010Prop44ColorIndex
 90
        5
102
RTVSPost2010Prop44ColorRGB
 90
      255
102
RTVSPost2010PropOp44
 70
     1
102
RTVSPost2010Prop45
280
     0
102
RTVSPost2010PropOp45
 70
     1
102
RTVSPost2010Prop46
 90
       50
102
RTVSPost2010PropOp46
 70
     1
102
RTVSPost2010Prop47
 90
       50
102
RTVSPost2010PropOp47
 70
     1
102
RTVSPost2010Prop48
 90
       50
102
RTVSPost2010PropOp48
 70
     1
102
RTVSPost2010Prop49
280
     0
102
RTVSPost2010PropOp49
 70
     1
102
RTVSPost2010Prop50
 90
       50
102
RTVSPost2010PropOp50
 70
     1
102
RTVSPost2010Prop51ColorIndex
 90
      256
102
RTVSPost2010Prop51ColorRGB
 90
-16777216
102
RTVSPost2010PropOp51
 70
     0
102
RTVSPost2010Prop52
140
1.0
102
RTVSPost2010PropOp52
 70
     0
102
RTVSPost2010Prop53
 90
        2
102
RTVSPost2010PropOp53
 70
     1
102
RTVSPost2010Prop54
  1
strokes_ogs.tif
102
RTVSPost2010PropOp54
 70
     1
102
RTVSPost2010Prop55
280
     0
102
RTVSPost2010PropOp55
 70
     1
102
RTVSPost2010Prop56
140
1.0
102
RTVSPost2010PropOp56
 70
     1
102
RTVSPost2010Prop57
140
1.0
102
RTVSPost2010PropOp57
 70
     1
  0
XRECORD
  5
53B
102
{ACAD_REACTORS
330
53A
102
}
330
53A
100
AcDbXrecord
280
     1
102
RTVSPropertyOp0
 70
     1
102
RTVSPropertyOp1
 70
     1
102
RTVSPropertyOp2
 70
     1
102
RTVSPropertyOp3
 70
     1
102
RTVSPropertyOp4
 70
     1
102
RTVSPropertyOp5
 70
     1
102
RTVSPropertyOp6
 70
     1
102
RTVSPropertyOp7
 70
     1
102
RTVSPropertyOp8
 70
     1
102
RTVSPropertyOp9
 70
     1
102
RTVSPropertyOp10
 70
     1
102
RTVSPropertyOp11
 70
     1
102
RTVSPropertyOp12
 70
     1
102
RTVSPropertyOp13
 70
     1
102
RTVSPropertyOp14
 70
     1
102
RTVSPropertyOp15
 70
     1
102
RTVSPropertyOp16
 70
     1
102
RTVSPropertyOp17
 70
     1
102
RTVSPropertyOp18
 70
     1
102
RTVSPropertyOp19
 70
     1
102
RTVSPropertyOp20
 70
     1
102
RTVSPropertyOp21
 70
     1
102
RTVSPropertyOp22
 70
     1
102
RTVSPropertyOp23
 70
     1
102
RTVSPropertyOp24
 70
     1
102
RTVSPropertyOp25
 70
     1
102
RTVSPropertyOp26
 70
     1
102
RTVSPropertyOp27
 70
     1
102
RTVSPropertyOp28
 70
     1
102
RTVSPropertyOp29
 70
     1
102
RTVSPropertyOp30
 70
     1
102
RTVSPropertyOp31
 70
     1
102
RTVSPropertyOp32
 70
     1
102
RTVSPropertyOp33
 70
     1
102
RTVSPropertyOp34
 70
     1
102
RTVSPropertyOp35
 70
     1
102
RTVSPropertyOp36
 70
     1
102
RTVSPropertyOp37
 70
     1
102
RTVSPropertyOp38
 70
     1
102
RTVSPropertyOp39
 70
     1
102
RTVSPropertyOp40
 70
     1
102
RTVSPropertyOp41
 70
     1
102
RTVSPropertyOp42
 70
     1
102
RTVSPropertyOp43
 70
     1
102
RTVSPropertyOp44
 70
     1
102
RTVSPropertyOp45
 70
     1
102
RTVSPropertyOp46
 70
     1
102
RTVSPropertyOp47
 70
     1
102
RTVSPropertyOp48
 70
     1
102
RTVSPropertyOp49
 70
     1
102
RTVSPropertyOp50
 70
     1
102
RTVSPropertyOp51
 70
     0
102
RTVSPropertyOp52
 70
     0
102
RTVSPropertyOp53
 70
     1
102
RTVSPropertyOp54
 70
     1
102
RTVSPropertyOp55
 70
     1
102
RTVSPropertyOp56
 70
     1
102
RTVSPropertyOp57
 70
     1
102
RTVSPost2010Prop28
280
     0
102
RTVSPost2010PropOp28
 70
     1
102
RTVSPost2010Prop29
280
     1
102
RTVSPost2010PropOp29
 70
     1
102
RTVSPost2010Prop30
280
     1
102
RTVSPost2010PropOp30
 70
     1
102
RTVSPost2010Prop31
280
     0
102
RTVSPost2010PropOp31
 70
     1
102
RTVSPost2010Prop32
280
     0
102
RTVSPost2010PropOp32
 70
     1
102
RTVSPost2010Prop33
280
     0
102
RTVSPost2010PropOp33
 70
     1
102
RTVSPost2010Prop34
280
     0
102
RTVSPost2010PropOp34
 70
     1
102
RTVSPost2010Prop35
280
     0
102
RTVSPost2010PropOp35
 70
     1
102
RTVSPost2010Prop36
280
     0
102
RTVSPost2010PropOp36
 70
     1
102
RTVSPost2010Prop37
 90
       50
102
RTVSPost2010PropOp37
 70
     1
102
RTVSPost2010Prop38
140
0.0
102
RTVSPost2010PropOp38
 70
     1
102
RTVSPost2010Prop39
140
1.0
102
RTVSPost2010PropOp39
 70
     1
102
RTVSPost2010Prop40
 90
        0
102
RTVSPost2010PropOp40
 70
     1
102
RTVSPost2010Prop41ColorIndex
 90
       18
102
RTVSPost2010Prop41ColorRGB
 90
        0
102
RTVSPost2010PropOp41
 70
     1
102
RTVSPost2010Prop42
 90
       50
102
RTVSPost2010PropOp42
 70
     1
102
RTVSPost2010Prop43
 90
        3
102
RTVSPost2010PropOp43
 70
     1
102
RTVSPost2010Prop44ColorIndex
 90
        5
102
RTVSPost2010Prop44ColorRGB
 90
      255
102
RTVSPost2010PropOp44
 70
     1
102
RTVSPost2010Prop45
280
     0
102
RTVSPost2010PropOp45
 70
     1
102
RTVSPost2010Prop46
 90
       50
102
RTVSPost2010PropOp46
 70
     1
102
RTVSPost2010Prop47
 90
       50
102
RTVSPost2010PropOp47
 70
     1
102
RTVSPost2010Prop48
 90
       50
102
RTVSPost2010PropOp48
 70
     1
102
RTVSPost2010Prop49
280
     0
102
RTVSPost2010PropOp49
 70
     1
102
RTVSPost2010Prop50
 90
       50
102
RTVSPost2010PropOp50
 70
     1
102
RTVSPost2010Prop51ColorIndex
 90
      256
102
RTVSPost2010Prop51ColorRGB
 90
-16777216
102
RTVSPost2010PropOp51
 70
     0
102
RTVSPost2010Prop52
140
1.0
102
RTVSPost2010PropOp52
 70
     0
102
RTVSPost2010Prop53
 90
        2
102
RTVSPost2010PropOp53
 70
     1
102
RTVSPost2010Prop54
  1
strokes_ogs.tif
102
RTVSPost2010PropOp54
 70
     1
102
RTVSPost2010Prop55
280
     0
102
RTVSPost2010PropOp55
 70
     1
102
RTVSPost2010Prop56
140
1.0
102
RTVSPost2010PropOp56
 70
     1
102
RTVSPost2010Prop57
140
1.0
102
RTVSPost2010PropOp57
 70
     1
  0
XRECORD
  5
539
102
{ACAD_REACTORS
330
538
102
}
330
538
100
AcDbXrecord
280
     1
102
RTVSPropertyOp0
 70
     1
102
RTVSPropertyOp1
 70
     1
102
RTVSPropertyOp2
 70
     1
102
RTVSPropertyOp3
 70
     1
102
RTVSPropertyOp4
 70
     1
102
RTVSPropertyOp5
 70
     1
102
RTVSPropertyOp6
 70
     1
102
RTVSPropertyOp7
 70
     1
102
RTVSPropertyOp8
 70
     1
102
RTVSPropertyOp9
 70
     1
102
RTVSPropertyOp10
 70
     1
102
RTVSPropertyOp11
 70
     1
102
RTVSPropertyOp12
 70
     1
102
RTVSPropertyOp13
 70
     1
102
RTVSPropertyOp14
 70
     1
102
RTVSPropertyOp15
 70
     1
102
RTVSPropertyOp16
 70
     1
102
RTVSPropertyOp17
 70
     1
102
RTVSPropertyOp18
 70
     1
102
RTVSPropertyOp19
 70
     1
102
RTVSPropertyOp20
 70
     1
102
RTVSPropertyOp21
 70
     1
102
RTVSPropertyOp22
 70
     1
102
RTVSPropertyOp23
 70
     1
102
RTVSPropertyOp24
 70
     1
102
RTVSPropertyOp25
 70
     1
102
RTVSPropertyOp26
 70
     1
102
RTVSPropertyOp27
 70
     1
102
RTVSPropertyOp28
 70
     1
102
RTVSPropertyOp29
 70
     1
102
RTVSPropertyOp30
 70
     1
102
RTVSPropertyOp31
 70
     1
102
RTVSPropertyOp32
 70
     1
102
RTVSPropertyOp33
 70
     1
102
RTVSPropertyOp34
 70
     1
102
RTVSPropertyOp35
 70
     1
102
RTVSPropertyOp36
 70
     1
102
RTVSPropertyOp37
 70
     1
102
RTVSPropertyOp38
 70
     1
102
RTVSPropertyOp39
 70
     1
102
RTVSPropertyOp40
 70
     1
102
RTVSPropertyOp41
 70
     1
102
RTVSPropertyOp42
 70
     1
102
RTVSPropertyOp43
 70
     1
102
RTVSPropertyOp44
 70
     1
102
RTVSPropertyOp45
 70
     1
102
RTVSPropertyOp46
 70
     1
102
RTVSPropertyOp47
 70
     1
102
RTVSPropertyOp48
 70
     1
102
RTVSPropertyOp49
 70
     1
102
RTVSPropertyOp50
 70
     1
102
RTVSPropertyOp51
 70
     0
102
RTVSPropertyOp52
 70
     0
102
RTVSPropertyOp53
 70
     1
102
RTVSPropertyOp54
 70
     1
102
RTVSPropertyOp55
 70
     1
102
RTVSPropertyOp56
 70
     1
102
RTVSPropertyOp57
 70
     1
102
RTVSPost2010Prop28
280
     0
102
RTVSPost2010PropOp28
 70
     1
102
RTVSPost2010Prop29
280
     1
102
RTVSPost2010PropOp29
 70
     1
102
RTVSPost2010Prop30
280
     1
102
RTVSPost2010PropOp30
 70
     1
102
RTVSPost2010Prop31
280
     0
102
RTVSPost2010PropOp31
 70
     1
102
RTVSPost2010Prop32
280
     0
102
RTVSPost2010PropOp32
 70
     1
102
RTVSPost2010Prop33
280
     0
102
RTVSPost2010PropOp33
 70
     1
102
RTVSPost2010Prop34
280
     0
102
RTVSPost2010PropOp34
 70
     1
102
RTVSPost2010Prop35
280
     0
102
RTVSPost2010PropOp35
 70
     1
102
RTVSPost2010Prop36
280
     0
102
RTVSPost2010PropOp36
 70
     1
102
RTVSPost2010Prop37
 90
       50
102
RTVSPost2010PropOp37
 70
     1
102
RTVSPost2010Prop38
140
0.0
102
RTVSPost2010PropOp38
 70
     1
102
RTVSPost2010Prop39
140
1.0
102
RTVSPost2010PropOp39
 70
     1
102
RTVSPost2010Prop40
 90
        0
102
RTVSPost2010PropOp40
 70
     1
102
RTVSPost2010Prop41ColorIndex
 90
       18
102
RTVSPost2010Prop41ColorRGB
 90
        0
102
RTVSPost2010PropOp41
 70
     1
102
RTVSPost2010Prop42
 90
       50
102
RTVSPost2010PropOp42
 70
     1
102
RTVSPost2010Prop43
 90
        3
102
RTVSPost2010PropOp43
 70
     1
102
RTVSPost2010Prop44ColorIndex
 90
        5
102
RTVSPost2010Prop44ColorRGB
 90
      255
102
RTVSPost2010PropOp44
 70
     1
102
RTVSPost2010Prop45
280
     0
102
RTVSPost2010PropOp45
 70
     1
102
RTVSPost2010Prop46
 90
       50
102
RTVSPost2010PropOp46
 70
     1
102
RTVSPost2010Prop47
 90
       50
102
RTVSPost2010PropOp47
 70
     1
102
RTVSPost2010Prop48
 90
       50
102
RTVSPost2010PropOp48
 70
     1
102
RTVSPost2010Prop49
280
     0
102
RTVSPost2010PropOp49
 70
     1
102
RTVSPost2010Prop50
 90
       50
102
RTVSPost2010PropOp50
 70
     1
102
RTVSPost2010Prop51ColorIndex
 90
      256
102
RTVSPost2010Prop51ColorRGB
 90
-16777216
102
RTVSPost2010PropOp51
 70
     0
102
RTVSPost2010Prop52
140
1.0
102
RTVSPost2010PropOp52
 70
     0
102
RTVSPost2010Prop53
 90
        2
102
RTVSPost2010PropOp53
 70
     1
102
RTVSPost2010Prop54
  1
strokes_ogs.tif
102
RTVSPost2010PropOp54
 70
     1
102
RTVSPost2010Prop55
280
     0
102
RTVSPost2010PropOp55
 70
     1
102
RTVSPost2010Prop56
140
1.0
102
RTVSPost2010PropOp56
 70
     1
102
RTVSPost2010Prop57
140
1.0
102
RTVSPost2010PropOp57
 70
     1
  0
XRECORD
  5
533
102
{ACAD_REACTORS
330
532
102
}
330
532
100
AcDbXrecord
280
     1
102
RTVSPropertyOp0
 70
     1
102
RTVSPropertyOp1
 70
     1
102
RTVSPropertyOp2
 70
     1
102
RTVSPropertyOp3
 70
     1
102
RTVSPropertyOp4
 70
     1
102
RTVSPropertyOp5
 70
     1
102
RTVSPropertyOp6
 70
     1
102
RTVSPropertyOp7
 70
     1
102
RTVSPropertyOp8
 70
     1
102
RTVSPropertyOp9
 70
     1
102
RTVSPropertyOp10
 70
     1
102
RTVSPropertyOp11
 70
     1
102
RTVSPropertyOp12
 70
     1
102
RTVSPropertyOp13
 70
     1
102
RTVSPropertyOp14
 70
     1
102
RTVSPropertyOp15
 70
     1
102
RTVSPropertyOp16
 70
     1
102
RTVSPropertyOp17
 70
     1
102
RTVSPropertyOp18
 70
     1
102
RTVSPropertyOp19
 70
     1
102
RTVSPropertyOp20
 70
     1
102
RTVSPropertyOp21
 70
     1
102
RTVSPropertyOp22
 70
     1
102
RTVSPropertyOp23
 70
     1
102
RTVSPropertyOp24
 70
     1
102
RTVSPropertyOp25
 70
     1
102
RTVSPropertyOp26
 70
     1
102
RTVSPropertyOp27
 70
     1
102
RTVSPropertyOp28
 70
     1
102
RTVSPropertyOp29
 70
     1
102
RTVSPropertyOp30
 70
     1
102
RTVSPropertyOp31
 70
     1
102
RTVSPropertyOp32
 70
     1
102
RTVSPropertyOp33
 70
     1
102
RTVSPropertyOp34
 70
     1
102
RTVSPropertyOp35
 70
     1
102
RTVSPropertyOp36
 70
     1
102
RTVSPropertyOp37
 70
     1
102
RTVSPropertyOp38
 70
     1
102
RTVSPropertyOp39
 70
     1
102
RTVSPropertyOp40
 70
     1
102
RTVSPropertyOp41
 70
     1
102
RTVSPropertyOp42
 70
     1
102
RTVSPropertyOp43
 70
     1
102
RTVSPropertyOp44
 70
     1
102
RTVSPropertyOp45
 70
     1
102
RTVSPropertyOp46
 70
     1
102
RTVSPropertyOp47
 70
     1
102
RTVSPropertyOp48
 70
     1
102
RTVSPropertyOp49
 70
     1
102
RTVSPropertyOp50
 70
     1
102
RTVSPropertyOp51
 70
     0
102
RTVSPropertyOp52
 70
     0
102
RTVSPropertyOp53
 70
     1
102
RTVSPropertyOp54
 70
     1
102
RTVSPropertyOp55
 70
     1
102
RTVSPropertyOp56
 70
     1
102
RTVSPropertyOp57
 70
     1
102
RTVSPost2010Prop28
280
     0
102
RTVSPost2010PropOp28
 70
     1
102
RTVSPost2010Prop29
280
     1
102
RTVSPost2010PropOp29
 70
     1
102
RTVSPost2010Prop30
280
     1
102
RTVSPost2010PropOp30
 70
     1
102
RTVSPost2010Prop31
280
     0
102
RTVSPost2010PropOp31
 70
     1
102
RTVSPost2010Prop32
280
     0
102
RTVSPost2010PropOp32
 70
     1
102
RTVSPost2010Prop33
280
     0
102
RTVSPost2010PropOp33
 70
     1
102
RTVSPost2010Prop34
280
     0
102
RTVSPost2010PropOp34
 70
     1
102
RTVSPost2010Prop35
280
     0
102
RTVSPost2010PropOp35
 70
     1
102
RTVSPost2010Prop36
280
     0
102
RTVSPost2010PropOp36
 70
     1
102
RTVSPost2010Prop37
 90
       50
102
RTVSPost2010PropOp37
 70
     1
102
RTVSPost2010Prop38
140
0.0
102
RTVSPost2010PropOp38
 70
     1
102
RTVSPost2010Prop39
140
1.0
102
RTVSPost2010PropOp39
 70
     1
102
RTVSPost2010Prop40
 90
        0
102
RTVSPost2010PropOp40
 70
     1
102
RTVSPost2010Prop41ColorIndex
 90
       18
102
RTVSPost2010Prop41ColorRGB
 90
        0
102
RTVSPost2010PropOp41
 70
     1
102
RTVSPost2010Prop42
 90
       50
102
RTVSPost2010PropOp42
 70
     1
102
RTVSPost2010Prop43
 90
        3
102
RTVSPost2010PropOp43
 70
     1
102
RTVSPost2010Prop44ColorIndex
 90
        5
102
RTVSPost2010Prop44ColorRGB
 90
      255
102
RTVSPost2010PropOp44
 70
     1
102
RTVSPost2010Prop45
280
     0
102
RTVSPost2010PropOp45
 70
     1
102
RTVSPost2010Prop46
 90
       50
102
RTVSPost2010PropOp46
 70
     1
102
RTVSPost2010Prop47
 90
       50
102
RTVSPost2010PropOp47
 70
     1
102
RTVSPost2010Prop48
 90
       50
102
RTVSPost2010PropOp48
 70
     1
102
RTVSPost2010Prop49
280
     0
102
RTVSPost2010PropOp49
 70
     1
102
RTVSPost2010Prop50
 90
       50
102
RTVSPost2010PropOp50
 70
     1
102
RTVSPost2010Prop51ColorIndex
 90
      256
102
RTVSPost2010Prop51ColorRGB
 90
-16777216
102
RTVSPost2010PropOp51
 70
     0
102
RTVSPost2010Prop52
140
1.0
102
RTVSPost2010PropOp52
 70
     0
102
RTVSPost2010Prop53
 90
        2
102
RTVSPost2010PropOp53
 70
     1
102
RTVSPost2010Prop54
  1
strokes_ogs.tif
102
RTVSPost2010PropOp54
 70
     1
102
RTVSPost2010Prop55
280
     0
102
RTVSPost2010PropOp55
 70
     1
102
RTVSPost2010Prop56
140
1.0
102
RTVSPost2010PropOp56
 70
     1
102
RTVSPost2010Prop57
140
1.0
102
RTVSPost2010PropOp57
 70
     1
  0
XRECORD
  5
535
102
{ACAD_REACTORS
330
534
102
}
330
534
100
AcDbXrecord
280
     1
102
RTVSPropertyOp0
 70
     1
102
RTVSPropertyOp1
 70
     1
102
RTVSPropertyOp2
 70
     1
102
RTVSPropertyOp3
 70
     1
102
RTVSPropertyOp4
 70
     1
102
RTVSPropertyOp5
 70
     1
102
RTVSPropertyOp6
 70
     1
102
RTVSPropertyOp7
 70
     1
102
RTVSPropertyOp8
 70
     1
102
RTVSPropertyOp9
 70
     1
102
RTVSPropertyOp10
 70
     1
102
RTVSPropertyOp11
 70
     1
102
RTVSPropertyOp12
 70
     1
102
RTVSPropertyOp13
 70
     1
102
RTVSPropertyOp14
 70
     1
102
RTVSPropertyOp15
 70
     1
102
RTVSPropertyOp16
 70
     1
102
RTVSPropertyOp17
 70
     1
102
RTVSPropertyOp18
 70
     1
102
RTVSPropertyOp19
 70
     1
102
RTVSPropertyOp20
 70
     1
102
RTVSPropertyOp21
 70
     1
102
RTVSPropertyOp22
 70
     1
102
RTVSPropertyOp23
 70
     1
102
RTVSPropertyOp24
 70
     1
102
RTVSPropertyOp25
 70
     1
102
RTVSPropertyOp26
 70
     1
102
RTVSPropertyOp27
 70
     1
102
RTVSPropertyOp28
 70
     1
102
RTVSPropertyOp29
 70
     1
102
RTVSPropertyOp30
 70
     1
102
RTVSPropertyOp31
 70
     1
102
RTVSPropertyOp32
 70
     1
102
RTVSPropertyOp33
 70
     1
102
RTVSPropertyOp34
 70
     1
102
RTVSPropertyOp35
 70
     1
102
RTVSPropertyOp36
 70
     1
102
RTVSPropertyOp37
 70
     1
102
RTVSPropertyOp38
 70
     1
102
RTVSPropertyOp39
 70
     1
102
RTVSPropertyOp40
 70
     1
102
RTVSPropertyOp41
 70
     1
102
RTVSPropertyOp42
 70
     1
102
RTVSPropertyOp43
 70
     1
102
RTVSPropertyOp44
 70
     1
102
RTVSPropertyOp45
 70
     1
102
RTVSPropertyOp46
 70
     1
102
RTVSPropertyOp47
 70
     1
102
RTVSPropertyOp48
 70
     1
102
RTVSPropertyOp49
 70
     1
102
RTVSPropertyOp50
 70
     1
102
RTVSPropertyOp51
 70
     0
102
RTVSPropertyOp52
 70
     0
102
RTVSPropertyOp53
 70
     1
102
RTVSPropertyOp54
 70
     1
102
RTVSPropertyOp55
 70
     1
102
RTVSPropertyOp56
 70
     1
102
RTVSPropertyOp57
 70
     1
102
RTVSPost2010Prop28
280
     0
102
RTVSPost2010PropOp28
 70
     1
102
RTVSPost2010Prop29
280
     1
102
RTVSPost2010PropOp29
 70
     1
102
RTVSPost2010Prop30
280
     1
102
RTVSPost2010PropOp30
 70
     1
102
RTVSPost2010Prop31
280
     0
102
RTVSPost2010PropOp31
 70
     1
102
RTVSPost2010Prop32
280
     0
102
RTVSPost2010PropOp32
 70
     1
102
RTVSPost2010Prop33
280
     0
102
RTVSPost2010PropOp33
 70
     1
102
RTVSPost2010Prop34
280
     0
102
RTVSPost2010PropOp34
 70
     1
102
RTVSPost2010Prop35
280
     0
102
RTVSPost2010PropOp35
 70
     1
102
RTVSPost2010Prop36
280
     0
102
RTVSPost2010PropOp36
 70
     1
102
RTVSPost2010Prop37
 90
       50
102
RTVSPost2010PropOp37
 70
     1
102
RTVSPost2010Prop38
140
0.0
102
RTVSPost2010PropOp38
 70
     1
102
RTVSPost2010Prop39
140
1.0
102
RTVSPost2010PropOp39
 70
     1
102
RTVSPost2010Prop40
 90
        0
102
RTVSPost2010PropOp40
 70
     1
102
RTVSPost2010Prop41ColorIndex
 90
       18
102
RTVSPost2010Prop41ColorRGB
 90
        0
102
RTVSPost2010PropOp41
 70
     1
102
RTVSPost2010Prop42
 90
       50
102
RTVSPost2010PropOp42
 70
     1
102
RTVSPost2010Prop43
 90
        3
102
RTVSPost2010PropOp43
 70
     1
102
RTVSPost2010Prop44ColorIndex
 90
        5
102
RTVSPost2010Prop44ColorRGB
 90
      255
102
RTVSPost2010PropOp44
 70
     1
102
RTVSPost2010Prop45
280
     0
102
RTVSPost2010PropOp45
 70
     1
102
RTVSPost2010Prop46
 90
       50
102
RTVSPost2010PropOp46
 70
     1
102
RTVSPost2010Prop47
 90
       50
102
RTVSPost2010PropOp47
 70
     1
102
RTVSPost2010Prop48
 90
       50
102
RTVSPost2010PropOp48
 70
     1
102
RTVSPost2010Prop49
280
     0
102
RTVSPost2010PropOp49
 70
     1
102
RTVSPost2010Prop50
 90
       50
102
RTVSPost2010PropOp50
 70
     1
102
RTVSPost2010Prop51ColorIndex
 90
      256
102
RTVSPost2010Prop51ColorRGB
 90
-16777216
102
RTVSPost2010PropOp51
 70
     0
102
RTVSPost2010Prop52
140
1.0
102
RTVSPost2010PropOp52
 70
     0
102
RTVSPost2010Prop53
 90
        2
102
RTVSPost2010PropOp53
 70
     1
102
RTVSPost2010Prop54
  1
strokes_ogs.tif
102
RTVSPost2010PropOp54
 70
     1
102
RTVSPost2010Prop55
280
     0
102
RTVSPost2010PropOp55
 70
     1
102
RTVSPost2010Prop56
140
1.0
102
RTVSPost2010PropOp56
 70
     1
102
RTVSPost2010Prop57
140
1.0
102
RTVSPost2010PropOp57
 70
     1
  0
XRECORD
  5
525
102
{ACAD_REACTORS
330
524
102
}
330
524
100
AcDbXrecord
280
     1
102
RTVSPropertyOp0
 70
     1
102
RTVSPropertyOp1
 70
     1
102
RTVSPropertyOp2
 70
     1
102
RTVSPropertyOp3
 70
     1
102
RTVSPropertyOp4
 70
     1
102
RTVSPropertyOp5
 70
     1
102
RTVSPropertyOp6
 70
     1
102
RTVSPropertyOp7
 70
     1
102
RTVSPropertyOp8
 70
     1
102
RTVSPropertyOp9
 70
     1
102
RTVSPropertyOp10
 70
     1
102
RTVSPropertyOp11
 70
     1
102
RTVSPropertyOp12
 70
     1
102
RTVSPropertyOp13
 70
     1
102
RTVSPropertyOp14
 70
     1
102
RTVSPropertyOp15
 70
     1
102
RTVSPropertyOp16
 70
     1
102
RTVSPropertyOp17
 70
     1
102
RTVSPropertyOp18
 70
     1
102
RTVSPropertyOp19
 70
     1
102
RTVSPropertyOp20
 70
     1
102
RTVSPropertyOp21
 70
     1
102
RTVSPropertyOp22
 70
     1
102
RTVSPropertyOp23
 70
     1
102
RTVSPropertyOp24
 70
     1
102
RTVSPropertyOp25
 70
     1
102
RTVSPropertyOp26
 70
     1
102
RTVSPropertyOp27
 70
     1
102
RTVSPropertyOp28
 70
     1
102
RTVSPropertyOp29
 70
     1
102
RTVSPropertyOp30
 70
     1
102
RTVSPropertyOp31
 70
     1
102
RTVSPropertyOp32
 70
     1
102
RTVSPropertyOp33
 70
     1
102
RTVSPropertyOp34
 70
     1
102
RTVSPropertyOp35
 70
     1
102
RTVSPropertyOp36
 70
     1
102
RTVSPropertyOp37
 70
     1
102
RTVSPropertyOp38
 70
     1
102
RTVSPropertyOp39
 70
     1
102
RTVSPropertyOp40
 70
     1
102
RTVSPropertyOp41
 70
     1
102
RTVSPropertyOp42
 70
     1
102
RTVSPropertyOp43
 70
     1
102
RTVSPropertyOp44
 70
     1
102
RTVSPropertyOp45
 70
     1
102
RTVSPropertyOp46
 70
     1
102
RTVSPropertyOp47
 70
     1
102
RTVSPropertyOp48
 70
     1
102
RTVSPropertyOp49
 70
     1
102
RTVSPropertyOp50
 70
     1
102
RTVSPropertyOp51
 70
     0
102
RTVSPropertyOp52
 70
     0
102
RTVSPropertyOp53
 70
     1
102
RTVSPropertyOp54
 70
     1
102
RTVSPropertyOp55
 70
     1
102
RTVSPropertyOp56
 70
     1
102
RTVSPropertyOp57
 70
     1
102
RTVSPost2010Prop28
280
     0
102
RTVSPost2010PropOp28
 70
     1
102
RTVSPost2010Prop29
280
     1
102
RTVSPost2010PropOp29
 70
     1
102
RTVSPost2010Prop30
280
     1
102
RTVSPost2010PropOp30
 70
     1
102
RTVSPost2010Prop31
280
     0
102
RTVSPost2010PropOp31
 70
     1
102
RTVSPost2010Prop32
280
     0
102
RTVSPost2010PropOp32
 70
     1
102
RTVSPost2010Prop33
280
     0
102
RTVSPost2010PropOp33
 70
     1
102
RTVSPost2010Prop34
280
     0
102
RTVSPost2010PropOp34
 70
     1
102
RTVSPost2010Prop35
280
     0
102
RTVSPost2010PropOp35
 70
     1
102
RTVSPost2010Prop36
280
     0
102
RTVSPost2010PropOp36
 70
     1
102
RTVSPost2010Prop37
 90
       50
102
RTVSPost2010PropOp37
 70
     1
102
RTVSPost2010Prop38
140
0.0
102
RTVSPost2010PropOp38
 70
     1
102
RTVSPost2010Prop39
140
1.0
102
RTVSPost2010PropOp39
 70
     1
102
RTVSPost2010Prop40
 90
        0
102
RTVSPost2010PropOp40
 70
     1
102
RTVSPost2010Prop41ColorIndex
 90
       18
102
RTVSPost2010Prop41ColorRGB
 90
        0
102
RTVSPost2010PropOp41
 70
     1
102
RTVSPost2010Prop42
 90
       50
102
RTVSPost2010PropOp42
 70
     1
102
RTVSPost2010Prop43
 90
        3
102
RTVSPost2010PropOp43
 70
     1
102
RTVSPost2010Prop44ColorIndex
 90
        5
102
RTVSPost2010Prop44ColorRGB
 90
      255
102
RTVSPost2010PropOp44
 70
     1
102
RTVSPost2010Prop45
280
     0
102
RTVSPost2010PropOp45
 70
     1
102
RTVSPost2010Prop46
 90
       50
102
RTVSPost2010PropOp46
 70
     1
102
RTVSPost2010Prop47
 90
       50
102
RTVSPost2010PropOp47
 70
     1
102
RTVSPost2010Prop48
 90
       50
102
RTVSPost2010PropOp48
 70
     1
102
RTVSPost2010Prop49
280
     0
102
RTVSPost2010PropOp49
 70
     1
102
RTVSPost2010Prop50
 90
       50
102
RTVSPost2010PropOp50
 70
     1
102
RTVSPost2010Prop51ColorIndex
 90
      256
102
RTVSPost2010Prop51ColorRGB
 90
-16777216
102
RTVSPost2010PropOp51
 70
     0
102
RTVSPost2010Prop52
140
1.0
102
RTVSPost2010PropOp52
 70
     0
102
RTVSPost2010Prop53
 90
        2
102
RTVSPost2010PropOp53
 70
     1
102
RTVSPost2010Prop54
  1
strokes_ogs.tif
102
RTVSPost2010PropOp54
 70
     1
102
RTVSPost2010Prop55
280
     0
102
RTVSPost2010PropOp55
 70
     1
102
RTVSPost2010Prop56
140
1.0
102
RTVSPost2010PropOp56
 70
     1
102
RTVSPost2010Prop57
140
1.0
102
RTVSPost2010PropOp57
 70
     1
  0
XRECORD
  5
517
102
{ACAD_REACTORS
330
516
102
}
330
516
100
AcDbXrecord
280
     1
102
RTVSPropertyOp0
 70
     1
102
RTVSPropertyOp1
 70
     1
102
RTVSPropertyOp2
 70
     1
102
RTVSPropertyOp3
 70
     1
102
RTVSPropertyOp4
 70
     1
102
RTVSPropertyOp5
 70
     1
102
RTVSPropertyOp6
 70
     1
102
RTVSPropertyOp7
 70
     1
102
RTVSPropertyOp8
 70
     1
102
RTVSPropertyOp9
 70
     1
102
RTVSPropertyOp10
 70
     1
102
RTVSPropertyOp11
 70
     1
102
RTVSPropertyOp12
 70
     1
102
RTVSPropertyOp13
 70
     1
102
RTVSPropertyOp14
 70
     1
102
RTVSPropertyOp15
 70
     1
102
RTVSPropertyOp16
 70
     1
102
RTVSPropertyOp17
 70
     1
102
RTVSPropertyOp18
 70
     1
102
RTVSPropertyOp19
 70
     1
102
RTVSPropertyOp20
 70
     1
102
RTVSPropertyOp21
 70
     1
102
RTVSPropertyOp22
 70
     1
102
RTVSPropertyOp23
 70
     1
102
RTVSPropertyOp24
 70
     1
102
RTVSPropertyOp25
 70
     1
102
RTVSPropertyOp26
 70
     1
102
RTVSPropertyOp27
 70
     1
102
RTVSPropertyOp28
 70
     1
102
RTVSPropertyOp29
 70
     1
102
RTVSPropertyOp30
 70
     1
102
RTVSPropertyOp31
 70
     1
102
RTVSPropertyOp32
 70
     1
102
RTVSPropertyOp33
 70
     1
102
RTVSPropertyOp34
 70
     1
102
RTVSPropertyOp35
 70
     1
102
RTVSPropertyOp36
 70
     1
102
RTVSPropertyOp37
 70
     1
102
RTVSPropertyOp38
 70
     1
102
RTVSPropertyOp39
 70
     1
102
RTVSPropertyOp40
 70
     1
102
RTVSPropertyOp41
 70
     1
102
RTVSPropertyOp42
 70
     1
102
RTVSPropertyOp43
 70
     1
102
RTVSPropertyOp44
 70
     1
102
RTVSPropertyOp45
 70
     1
102
RTVSPropertyOp46
 70
     1
102
RTVSPropertyOp47
 70
     1
102
RTVSPropertyOp48
 70
     1
102
RTVSPropertyOp49
 70
     1
102
RTVSPropertyOp50
 70
     1
102
RTVSPropertyOp51
 70
     0
102
RTVSPropertyOp52
 70
     0
102
RTVSPropertyOp53
 70
     1
102
RTVSPropertyOp54
 70
     1
102
RTVSPropertyOp55
 70
     1
102
RTVSPropertyOp56
 70
     1
102
RTVSPropertyOp57
 70
     1
102
RTVSPost2010Prop28
280
     0
102
RTVSPost2010PropOp28
 70
     1
102
RTVSPost2010Prop29
280
     1
102
RTVSPost2010PropOp29
 70
     1
102
RTVSPost2010Prop30
280
     1
102
RTVSPost2010PropOp30
 70
     1
102
RTVSPost2010Prop31
280
     0
102
RTVSPost2010PropOp31
 70
     1
102
RTVSPost2010Prop32
280
     0
102
RTVSPost2010PropOp32
 70
     1
102
RTVSPost2010Prop33
280
     0
102
RTVSPost2010PropOp33
 70
     1
102
RTVSPost2010Prop34
280
     0
102
RTVSPost2010PropOp34
 70
     1
102
RTVSPost2010Prop35
280
     0
102
RTVSPost2010PropOp35
 70
     1
102
RTVSPost2010Prop36
280
     0
102
RTVSPost2010PropOp36
 70
     1
102
RTVSPost2010Prop37
 90
       50
102
RTVSPost2010PropOp37
 70
     1
102
RTVSPost2010Prop38
140
0.0
102
RTVSPost2010PropOp38
 70
     1
102
RTVSPost2010Prop39
140
1.0
102
RTVSPost2010PropOp39
 70
     1
102
RTVSPost2010Prop40
 90
        0
102
RTVSPost2010PropOp40
 70
     1
102
RTVSPost2010Prop41ColorIndex
 90
       18
102
RTVSPost2010Prop41ColorRGB
 90
        0
102
RTVSPost2010PropOp41
 70
     1
102
RTVSPost2010Prop42
 90
       50
102
RTVSPost2010PropOp42
 70
     1
102
RTVSPost2010Prop43
 90
        3
102
RTVSPost2010PropOp43
 70
     1
102
RTVSPost2010Prop44ColorIndex
 90
        5
102
RTVSPost2010Prop44ColorRGB
 90
      255
102
RTVSPost2010PropOp44
 70
     1
102
RTVSPost2010Prop45
280
     0
102
RTVSPost2010PropOp45
 70
     1
102
RTVSPost2010Prop46
 90
       50
102
RTVSPost2010PropOp46
 70
     1
102
RTVSPost2010Prop47
 90
       50
102
RTVSPost2010PropOp47
 70
     1
102
RTVSPost2010Prop48
 90
       50
102
RTVSPost2010PropOp48
 70
     1
102
RTVSPost2010Prop49
280
     0
102
RTVSPost2010PropOp49
 70
     1
102
RTVSPost2010Prop50
 90
       50
102
RTVSPost2010PropOp50
 70
     1
102
RTVSPost2010Prop51ColorIndex
 90
      256
102
RTVSPost2010Prop51ColorRGB
 90
-16777216
102
RTVSPost2010PropOp51
 70
     0
102
RTVSPost2010Prop52
140
1.0
102
RTVSPost2010PropOp52
 70
     0
102
RTVSPost2010Prop53
 90
        2
102
RTVSPost2010PropOp53
 70
     1
102
RTVSPost2010Prop54
  1
strokes_ogs.tif
102
RTVSPost2010PropOp54
 70
     1
102
RTVSPost2010Prop55
280
     0
102
RTVSPost2010PropOp55
 70
     1
102
RTVSPost2010Prop56
140
1.0
102
RTVSPost2010PropOp56
 70
     1
102
RTVSPost2010Prop57
140
1.0
102
RTVSPost2010PropOp57
 70
     1
  0
XRECORD
  5
537
102
{ACAD_REACTORS
330
536
102
}
330
536
100
AcDbXrecord
280
     1
102
RTVSPropertyOp0
 70
     1
102
RTVSPropertyOp1
 70
     1
102
RTVSPropertyOp2
 70
     1
102
RTVSPropertyOp3
 70
     1
102
RTVSPropertyOp4
 70
     1
102
RTVSPropertyOp5
 70
     1
102
RTVSPropertyOp6
 70
     1
102
RTVSPropertyOp7
 70
     1
102
RTVSPropertyOp8
 70
     1
102
RTVSPropertyOp9
 70
     1
102
RTVSPropertyOp10
 70
     1
102
RTVSPropertyOp11
 70
     1
102
RTVSPropertyOp12
 70
     1
102
RTVSPropertyOp13
 70
     1
102
RTVSPropertyOp14
 70
     1
102
RTVSPropertyOp15
 70
     1
102
RTVSPropertyOp16
 70
     1
102
RTVSPropertyOp17
 70
     1
102
RTVSPropertyOp18
 70
     1
102
RTVSPropertyOp19
 70
     1
102
RTVSPropertyOp20
 70
     1
102
RTVSPropertyOp21
 70
     1
102
RTVSPropertyOp22
 70
     1
102
RTVSPropertyOp23
 70
     1
102
RTVSPropertyOp24
 70
     1
102
RTVSPropertyOp25
 70
     1
102
RTVSPropertyOp26
 70
     1
102
RTVSPropertyOp27
 70
     1
102
RTVSPropertyOp28
 70
     1
102
RTVSPropertyOp29
 70
     1
102
RTVSPropertyOp30
 70
     1
102
RTVSPropertyOp31
 70
     1
102
RTVSPropertyOp32
 70
     1
102
RTVSPropertyOp33
 70
     1
102
RTVSPropertyOp34
 70
     1
102
RTVSPropertyOp35
 70
     1
102
RTVSPropertyOp36
 70
     1
102
RTVSPropertyOp37
 70
     1
102
RTVSPropertyOp38
 70
     1
102
RTVSPropertyOp39
 70
     1
102
RTVSPropertyOp40
 70
     1
102
RTVSPropertyOp41
 70
     1
102
RTVSPropertyOp42
 70
     1
102
RTVSPropertyOp43
 70
     1
102
RTVSPropertyOp44
 70
     1
102
RTVSPropertyOp45
 70
     1
102
RTVSPropertyOp46
 70
     1
102
RTVSPropertyOp47
 70
     1
102
RTVSPropertyOp48
 70
     1
102
RTVSPropertyOp49
 70
     1
102
RTVSPropertyOp50
 70
     1
102
RTVSPropertyOp51
 70
     0
102
RTVSPropertyOp52
 70
     0
102
RTVSPropertyOp53
 70
     1
102
RTVSPropertyOp54
 70
     1
102
RTVSPropertyOp55
 70
     1
102
RTVSPropertyOp56
 70
     1
102
RTVSPropertyOp57
 70
     1
102
RTVSPost2010Prop28
280
     0
102
RTVSPost2010PropOp28
 70
     1
102
RTVSPost2010Prop29
280
     1
102
RTVSPost2010PropOp29
 70
     1
102
RTVSPost2010Prop30
280
     1
102
RTVSPost2010PropOp30
 70
     1
102
RTVSPost2010Prop31
280
     0
102
RTVSPost2010PropOp31
 70
     1
102
RTVSPost2010Prop32
280
     0
102
RTVSPost2010PropOp32
 70
     1
102
RTVSPost2010Prop33
280
     0
102
RTVSPost2010PropOp33
 70
     1
102
RTVSPost2010Prop34
280
     0
102
RTVSPost2010PropOp34
 70
     1
102
RTVSPost2010Prop35
280
     0
102
RTVSPost2010PropOp35
 70
     1
102
RTVSPost2010Prop36
280
     0
102
RTVSPost2010PropOp36
 70
     1
102
RTVSPost2010Prop37
 90
       50
102
RTVSPost2010PropOp37
 70
     1
102
RTVSPost2010Prop38
140
0.0
102
RTVSPost2010PropOp38
 70
     1
102
RTVSPost2010Prop39
140
1.0
102
RTVSPost2010PropOp39
 70
     1
102
RTVSPost2010Prop40
 90
        0
102
RTVSPost2010PropOp40
 70
     1
102
RTVSPost2010Prop41ColorIndex
 90
       18
102
RTVSPost2010Prop41ColorRGB
 90
        0
102
RTVSPost2010PropOp41
 70
     1
102
RTVSPost2010Prop42
 90
       50
102
RTVSPost2010PropOp42
 70
     1
102
RTVSPost2010Prop43
 90
        3
102
RTVSPost2010PropOp43
 70
     1
102
RTVSPost2010Prop44ColorIndex
 90
        5
102
RTVSPost2010Prop44ColorRGB
 90
      255
102
RTVSPost2010PropOp44
 70
     1
102
RTVSPost2010Prop45
280
     0
102
RTVSPost2010PropOp45
 70
     1
102
RTVSPost2010Prop46
 90
       50
102
RTVSPost2010PropOp46
 70
     1
102
RTVSPost2010Prop47
 90
       50
102
RTVSPost2010PropOp47
 70
     1
102
RTVSPost2010Prop48
 90
       50
102
RTVSPost2010PropOp48
 70
     1
102
RTVSPost2010Prop49
280
     0
102
RTVSPost2010PropOp49
 70
     1
102
RTVSPost2010Prop50
 90
       50
102
RTVSPost2010PropOp50
 70
     1
102
RTVSPost2010Prop51ColorIndex
 90
      256
102
RTVSPost2010Prop51ColorRGB
 90
-16777216
102
RTVSPost2010PropOp51
 70
     0
102
RTVSPost2010Prop52
140
1.0
102
RTVSPost2010PropOp52
 70
     0
102
RTVSPost2010Prop53
 90
        2
102
RTVSPost2010PropOp53
 70
     1
102
RTVSPost2010Prop54
  1
strokes_ogs.tif
102
RTVSPost2010PropOp54
 70
     1
102
RTVSPost2010Prop55
280
     0
102
RTVSPost2010PropOp55
 70
     1
102
RTVSPost2010Prop56
140
1.0
102
RTVSPost2010PropOp56
 70
     1
102
RTVSPost2010Prop57
140
1.0
102
RTVSPost2010PropOp57
 70
     1
  0
ENDSEC
  0
EOF
