  0
SECTION
  2
HEADER
  9
$ACADVER
  1
AC1021
  9
$ACADMAINTVER
 70
    25
  9
$DWGCODEPAGE
  3
ANSI_1252
  9
$LASTSAVEDBY
  1
josnyder
  9
$INSBASE
 10
0.0
 20
0.0
 30
0.0
  9
$EXTMIN
 10
-403.3741375195692
 20
-5.155652200788111
 30
0.0
  9
$EXTMAX
 10
57.68305113999799
 20
6.696078874912651
 30
0.0
  9
$LIMMIN
 10
0.0
 20
0.0
  9
$LIMMAX
 10
12.0
 20
9.0
  9
$ORTHOMODE
 70
     0
  9
$REGENMODE
 70
     1
  9
$FILLMODE
 70
     1
  9
$QTEXTMODE
 70
     0
  9
$MIRRTEXT
 70
     0
  9
$LTSCALE
 40
1.0
  9
$ATTMODE
 70
     1
  9
$TEXTSIZE
 40
0.2
  9
$TRACEWID
 40
0.05
  9
$TEXTSTYLE
  7
Standard
  9
$CLAYER
  8
null
  9
$CELTYPE
  6
ByLayer
  9
$CECOLOR
 62
   256
  9
$CELTSCALE
 40
1.0
  9
$DISPSILH
 70
     0
  9
$DIMSCALE
 40
1.0
  9
$DIMASZ
 40
0.18
  9
$DIMEXO
 40
0.0625
  9
$DIMDLI
 40
0.38
  9
$DIMRND
 40
0.0
  9
$DIMDLE
 40
0.0
  9
$DIMEXE
 40
0.18
  9
$DIMTP
 40
0.0
  9
$DIMTM
 40
0.0
  9
$DIMTXT
 40
0.18
  9
$DIMCEN
 40
0.09
  9
$DIMTSZ
 40
0.0
  9
$DIMTOL
 70
     0
  9
$DIMLIM
 70
     0
  9
$DIMTIH
 70
     1
  9
$DIMTOH
 70
     1
  9
$DIMSE1
 70
     0
  9
$DIMSE2
 70
     0
  9
$DIMTAD
 70
     0
  9
$DIMZIN
 70
     0
  9
$DIMBLK
  1

  9
$DIMASO
 70
     1
  9
$DIMSHO
 70
     1
  9
$DIMPOST
  1

  9
$DIMAPOST
  1

  9
$DIMALT
 70
     0
  9
$DIMALTD
 70
     2
  9
$DIMALTF
 40
25.4
  9
$DIMLFAC
 40
1.0
  9
$DIMTOFL
 70
     0
  9
$DIMTVP
 40
0.0
  9
$DIMTIX
 70
     0
  9
$DIMSOXD
 70
     0
  9
$DIMSAH
 70
     0
  9
$DIMBLK1
  1

  9
$DIMBLK2
  1

  9
$DIMSTYLE
  2
STANDARD_ACAD
  9
$DIMCLRD
 70
     0
  9
$DIMCLRE
 70
     0
  9
$DIMCLRT
 70
     0
  9
$DIMTFAC
 40
1.0
  9
$DIMGAP
 40
0.09
  9
$DIMJUST
 70
     0
  9
$DIMSD1
 70
     0
  9
$DIMSD2
 70
     0
  9
$DIMTOLJ
 70
     1
  9
$DIMTZIN
 70
     0
  9
$DIMALTZ
 70
     0
  9
$DIMALTTZ
 70
     0
  9
$DIMUPT
 70
     0
  9
$DIMDEC
 70
     4
  9
$DIMTDEC
 70
     4
  9
$DIMALTU
 70
     2
  9
$DIMALTTD
 70
     2
  9
$DIMTXSTY
  7
Standard
  9
$DIMAUNIT
 70
     0
  9
$DIMADEC
 70
     0
  9
$DIMALTRND
 40
0.0
  9
$DIMAZIN
 70
     0
  9
$DIMDSEP
 70
    46
  9
$DIMATFIT
 70
     3
  9
$DIMFRAC
 70
     0
  9
$DIMLDRBLK
  1

  9
$DIMLUNIT
 70
     2
  9
$DIMLWD
 70
    -2
  9
$DIMLWE
 70
    -2
  9
$DIMTMOVE
 70
     2
  9
$DIMFXL
 40
1.0
  9
$DIMFXLON
 70
     0
  9
$DIMJOGANG
 40
0.7853981633974483
  9
$DIMTFILL
 70
     0
  9
$DIMTFILLCLR
 70
     0
  9
$DIMARCSYM
 70
     0
  9
$DIMLTYPE
  6

  9
$DIMLTEX1
  6

  9
$DIMLTEX2
  6

  9
$LUNITS
 70
     2
  9
$LUPREC
 70
     3
  9
$SKETCHINC
 40
0.1
  9
$FILLETRAD
 40
0.0
  9
$AUNITS
 70
     0
  9
$AUPREC
 70
     0
  9
$MENU
  1
.
  9
$ELEVATION
 40
0.0
  9
$PELEVATION
 40
0.0
  9
$THICKNESS
 40
0.0
  9
$LIMCHECK
 70
     0
  9
$CHAMFERA
 40
0.0
  9
$CHAMFERB
 40
0.0
  9
$CHAMFERC
 40
0.0
  9
$CHAMFERD
 40
0.0
  9
$SKPOLY
 70
     0
  9
$TDCREATE
 40
2461120.772648519
  9
$TDUCREATE
 40
2461120.980981852
  9
$TDUPDATE
 40
2461120.772669039
  9
$TDUUPDATE
 40
2461120.981002373
  9
$TDINDWG
 40
0.0000000116
  9
$TDUSRTIMER
 40
0.0000000116
  9
$USRTIMER
 70
     1
  9
$ANGBASE
 50
0.0
  9
$ANGDIR
 70
     0
  9
$PDMODE
 70
     0
  9
$PDSIZE
 40
0.0
  9
$PLINEWID
 40
0.0
  9
$SPLFRAME
 70
     0
  9
$SPLINETYPE
 70
     6
  9
$SPLINESEGS
 70
     8
  9
$HANDSEED
  5
55F
  9
$SURFTAB1
 70
     6
  9
$SURFTAB2
 70
     6
  9
$SURFTYPE
 70
     6
  9
$SURFU
 70
     6
  9
$SURFV
 70
     6
  9
$UCSBASE
  2

  9
$UCSNAME
  2

  9
$UCSORG
 10
0.0
 20
0.0
 30
0.0
  9
$UCSXDIR
 10
1.0
 20
0.0
 30
0.0
  9
$UCSYDIR
 10
0.0
 20
1.0
 30
0.0
  9
$UCSORTHOREF
  2

  9
$UCSORTHOVIEW
 70
     0
  9
$UCSORGTOP
 10
0.0
 20
0.0
 30
0.0
  9
$UCSORGBOTTOM
 10
0.0
 20
0.0
 30
0.0
  9
$UCSORGLEFT
 10
0.0
 20
0.0
 30
0.0
  9
$UCSORGRIGHT
 10
0.0
 20
0.0
 30
0.0
  9
$UCSORGFRONT
 10
0.0
 20
0.0
 30
0.0
  9
$UCSORGBACK
 10
0.0
 20
0.0
 30
0.0
  9
$PUCSBASE
  2

  9
$PUCSNAME
  2

  9
$PUCSORG
 10
0.0
 20
0.0
 30
0.0
  9
$PUCSXDIR
 10
1.0
 20
0.0
 30
0.0
  9
$PUCSYDIR
 10
0.0
 20
1.0
 30
0.0
  9
$PUCSORTHOREF
  2

  9
$PUCSORTHOVIEW
 70
     0
  9
$PUCSORGTOP
 10
0.0
 20
0.0
 30
0.0
  9
$PUCSORGBOTTOM
 10
0.0
 20
0.0
 30
0.0
  9
$PUCSORGLEFT
 10
0.0
 20
0.0
 30
0.0
  9
$PUCSORGRIGHT
 10
0.0
 20
0.0
 30
0.0
  9
$PUCSORGFRONT
 10
0.0
 20
0.0
 30
0.0
  9
$PUCSORGBACK
 10
0.0
 20
0.0
 30
0.0
  9
$USERI1
 70
     0
  9
$USERI2
 70
     0
  9
$USERI3
 70
     0
  9
$USERI4
 70
     0
  9
$USERI5
 70
     0
  9
$USERR1
 40
0.0
  9
$USERR2
 40
0.0
  9
$USERR3
 40
0.0
  9
$USERR4
 40
0.0
  9
$USERR5
 40
0.0
  9
$WORLDVIEW
 70
     1
  9
$SHADEDGE
 70
     3
  9
$SHADEDIF
 70
    70
  9
$TILEMODE
 70
     1
  9
$MAXACTVP
 70
    64
  9
$PINSBASE
 10
0.0
 20
0.0
 30
0.0
  9
$PLIMCHECK
 70
     0
  9
$PEXTMIN
 10
1.000000000000000E+20
 20
1.000000000000000E+20
 30
1.000000000000000E+20
  9
$PEXTMAX
 10
-1.000000000000000E+20
 20
-1.000000000000000E+20
 30
-1.000000000000000E+20
  9
$PLIMMIN
 10
0.0
 20
0.0
  9
$PLIMMAX
 10
12.0
 20
9.0
  9
$UNITMODE
 70
     0
  9
$VISRETAIN
 70
     1
  9
$PLINEGEN
 70
     0
  9
$PSLTSCALE
 70
     1
  9
$TREEDEPTH
 70
  3020
  9
$CMLSTYLE
  2
Standard
  9
$CMLJUST
 70
     0
  9
$CMLSCALE
 40
1.0
  9
$PROXYGRAPHICS
 70
     1
  9
$MEASUREMENT
 70
     1
  9
$CELWEIGHT
370
    -1
  9
$ENDCAPS
280
     0
  9
$JOINSTYLE
280
     0
  9
$LWDISPLAY
290
     0
  9
$INSUNITS
 70
     4
  9
$HYPERLINKBASE
  1

  9
$STYLESHEET
  1

  9
$XEDIT
290
     1
  9
$CEPSNTYPE
380
     0
  9
$PSTYLEMODE
290
     1
  9
$FINGERPRINTGUID
  2
{82faa4da-de10-2c44-b1f5-4b831291f935}
  9
$VERSIONGUID
  2
{FAEB1C32-E019-11D5-929B-00C0DF256EC4}
  9
$EXTNAMES
290
     1
  9
$PSVPSCALE
 40
0.0
  9
$OLESTARTUP
290
     0
  9
$SORTENTS
280
   127
  9
$INDEXCTL
280
     0
  9
$HIDETEXT
280
     1
  9
$XCLIPFRAME
290
     0
  9
$HALOGAP
280
     0
  9
$OBSCOLOR
 70
   257
  9
$OBSLTYPE
280
     0
  9
$INTERSECTIONDISPLAY
280
     0
  9
$INTERSECTIONCOLOR
 70
   257
  9
$DIMASSOC
280
     2
  9
$PROJECTNAME
  1

  9
$CAMERADISPLAY
290
     0
  9
$LENSLENGTH
 40
50.0
  9
$CAMERAHEIGHT
 40
0.0
  9
$STEPSPERSEC
 40
2.0
  9
$STEPSIZE
 40
6.0
  9
$3DDWFPREC
 40
2.0
  9
$PSOLWIDTH
 40
0.25
  9
$PSOLHEIGHT
 40
4.0
  9
$LOFTANG1
 40
1.570796326794897
  9
$LOFTANG2
 40
1.570796326794897
  9
$LOFTMAG1
 40
0.0
  9
$LOFTMAG2
 40
0.0
  9
$LOFTPARAM
 70
     7
  9
$LOFTNORMALS
280
     1
  9
$LATITUDE
 40
37.795
  9
$LONGITUDE
 40
-122.394
  9
$NORTHDIRECTION
 40
0.0
  9
$TIMEZONE
 70
 -8000
  9
$LIGHTGLYPHDISPLAY
280
     1
  9
$TILEMODELIGHTSYNCH
280
     1
  9
$CMATERIAL
347
44
  9
$SOLIDHIST
280
     0
  9
$SHOWHIST
280
     1
  9
$DWFFRAME
280
     2
  9
$DGNFRAME
280
     2
  9
$REALWORLDSCALE
290
     1
  9
$INTERFERECOLOR
 62
   256
  9
$CSHADOW
280
     0
  9
$SHADOWPLANELOCATION
 40
0.0
  0
ENDSEC
  0
SECTION
  2
CLASSES
  0
CLASS
  1
ACDBDICTIONARYWDFLT
  2
AcDbDictionaryWithDefault
  3
ObjectDBX Classes
 90
        0
 91
        3
280
     0
281
     0
  0
CLASS
  1
VISUALSTYLE
  2
AcDbVisualStyle
  3
ObjectDBX Classes
 90
     4095
 91
        3
280
     0
281
     0
  0
CLASS
  1
MATERIAL
  2
AcDbMaterial
  3
ObjectDBX Classes
 90
     1153
 91
        3
280
     0
281
     0
  0
CLASS
  1
SCALE
  2
AcDbScale
  3
ObjectDBX Classes
 90
     1153
 91
        3
280
     0
281
     0
  0
CLASS
  1
TABLESTYLE
  2
AcDbTableStyle
  3
ObjectDBX Classes
 90
     4095
 91
        3
280
     0
281
     0
  0
CLASS
  1
MLEADERSTYLE
  2
AcDbMLeaderStyle
  3
ACDB_MLEADERSTYLE_CLASS
 90
     4095
 91
        3
280
     0
281
     0
  0
CLASS
  1
SUN
  2
AcDbSun
  3
SCENEOE
 90
     1153
 91
        3
280
     0
281
     0
  0
CLASS
  1
DICTIONARYVAR
  2
AcDbDictionaryVar
  3
ObjectDBX Classes
 90
        0
 91
        3
280
     0
281
     0
  0
CLASS
  1
CELLSTYLEMAP
  2
AcDbCellStyleMap
  3
ObjectDBX Classes
 90
     1152
 91
        3
280
     0
281
     0
  0
ENDSEC
  0
SECTION
  2
TABLES
  0
TABLE
  2
VPORT
  5
8
330
0
100
AcDbSymbolTable
 70
     1
  0
VPORT
  5
29
330
8
100
AcDbSymbolTableRecord
100
AcDbViewportTableRecord
  2
*Active
 70
     0
 10
0.0
 20
0.0
 11
1.0
 21
1.0
 12
10.42990654205607
 22
4.5
 13
0.0
 23
0.0
 14
0.5
 24
0.5
 15
0.5
 25
0.5
 16
0.0
 26
0.0
 36
1.0
 17
0.0
 27
0.0
 37
0.0
 40
9.0
 41
1.972972972850329
 42
50.0
 43
0.0
 44
0.0
 50
0.0
 51
0.0
 71
     0
 72
   100
 73
     1
 74
     3
 75
     0
 76
     0
 77
     0
 78
     0
281
     0
 65
     1
110
0.0
120
0.0
130
0.0
111
1.0
121
0.0
131
0.0
112
0.0
122
1.0
132
0.0
 79
     0
146
0.0
348
2F
 60
     3
 61
     5
292
     1
282
     1
141
0.0
142
0.0
 63
   250
361
5D
  0
ENDTAB
  0
TABLE
  2
LTYPE
  5
5
330
0
100
AcDbSymbolTable
 70
     1
  0
LTYPE
  5
14
330
5
100
AcDbSymbolTableRecord
100
AcDbLinetypeTableRecord
  2
ByBlock
 70
     0
  3

 72
    65
 73
     0
 40
0.0
  0
LTYPE
  5
15
330
5
100
AcDbSymbolTableRecord
100
AcDbLinetypeTableRecord
  2
ByLayer
 70
     0
  3

 72
    65
 73
     0
 40
0.0
  0
LTYPE
  5
16
330
5
100
AcDbSymbolTableRecord
100
AcDbLinetypeTableRecord
  2
Continuous
 70
     0
  3
Solid line
 72
    65
 73
     0
 40
0.0
  0
ENDTAB
  0
TABLE
  2
LAYER
  5
2
330
0
100
AcDbSymbolTable
 70
     4
  0
LAYER
  5
10
330
2
100
AcDbSymbolTableRecord
100
AcDbLayerTableRecord
  2
0
 70
     0
 62
     7
  6
Continuous
370
    -3
390
F
347
46
  0
LAYER
  5
5F
330
2
100
AcDbSymbolTableRecord
100
AcDbLayerTableRecord
  2
null
 70
     0
 62
     7
  6
Continuous
370
    -3
390
F
347
46
  0
LAYER
  5
72
330
2
100
AcDbSymbolTableRecord
100
AcDbLayerTableRecord
  2
outside2
 70
     0
 62
     7
  6
Continuous
370
    -3
390
F
347
46
  0
LAYER
  5
78
330
2
100
AcDbSymbolTableRecord
100
AcDbLayerTableRecord
  2
outside2_B
 70
     0
 62
     5
420
     4095
  6
Continuous
370
    -3
390
F
347
46
  0
ENDTAB
  0
TABLE
  2
STYLE
  5
3
330
0
100
AcDbSymbolTable
 70
     1
  0
STYLE
  5
11
330
3
100
AcDbSymbolTableRecord
100
AcDbTextStyleTableRecord
  2
Standard
 70
     0
 40
0.0
 41
1.0
 50
0.0
 71
     0
 42
0.2
  3
txt
  4

  0
ENDTAB
  0
TABLE
  2
VIEW
  5
6
330
0
100
AcDbSymbolTable
 70
     0
  0
ENDTAB
  0
TABLE
  2
UCS
  5
7
330
0
100
AcDbSymbolTable
 70
     0
  0
ENDTAB
  0
TABLE
  2
APPID
  5
9
330
0
100
AcDbSymbolTable
 70
     3
  0
APPID
  5
12
330
9
100
AcDbSymbolTableRecord
100
AcDbRegAppTableRecord
  2
ACAD
 70
     0
  0
APPID
  5
5E
330
9
100
AcDbSymbolTableRecord
100
AcDbRegAppTableRecord
  2
Rhino
 70
     0
  0
APPID
  5
557
330
9
100
AcDbSymbolTableRecord
100
AcDbRegAppTableRecord
  2
ACAD_MLEADERVER
 70
     0
  0
ENDTAB
  0
TABLE
  2
DIMSTYLE
  5
A
330
0
100
AcDbSymbolTable
 70
     1
100
AcDbDimStyleTable
  0
DIMSTYLE
105
27
330
A
100
AcDbSymbolTableRecord
100
AcDbDimStyleTableRecord
  2
STANDARD_ACAD
 70
     0
178
     0
340
11
  0
ENDTAB
  0
TABLE
  2
BLOCK_RECORD
  5
1
330
0
100
AcDbSymbolTable
 70
     1
  0
BLOCK_RECORD
  5
1F
330
1
100
AcDbSymbolTableRecord
100
AcDbBlockTableRecord
  2
*Model_Space
340
22
 70
     0
280
     1
281
     0
  0
BLOCK_RECORD
  5
1B
330
1
100
AcDbSymbolTableRecord
100
AcDbBlockTableRecord
  2
*Paper_Space
340
1E
 70
     0
280
     1
281
     0
  0
BLOCK_RECORD
  5
23
330
1
100
AcDbSymbolTableRecord
100
AcDbBlockTableRecord
  2
*Paper_Space0
340
26
 70
     0
280
     1
281
     0
  0
ENDTAB
  0
ENDSEC
  0
SECTION
  2
BLOCKS
  0
BLOCK
  5
20
330
1F
100
AcDbEntity
  8
0
100
AcDbBlockBegin
  2
*Model_Space
 70
     0
 10
0.0
 20
0.0
 30
0.0
  3
*Model_Space
  1

  0
ENDBLK
  5
21
330
1F
100
AcDbEntity
  8
0
100
AcDbBlockEnd
  0
BLOCK
  5
1C
330
1B
100
AcDbEntity
 67
     1
  8
0
100
AcDbBlockBegin
  2
*Paper_Space
 70
     0
 10
0.0
 20
0.0
 30
0.0
  3
*Paper_Space
  1

  0
ENDBLK
  5
1D
330
1B
100
AcDbEntity
 67
     1
  8
0
100
AcDbBlockEnd
  0
BLOCK
  5
24
330
23
100
AcDbEntity
  8
0
100
AcDbBlockBegin
  2
*Paper_Space0
 70
     0
 10
0.0
 20
0.0
 30
0.0
  3
*Paper_Space0
  1

  0
ENDBLK
  5
25
330
23
100
AcDbEntity
  8
0
100
AcDbBlockEnd
  0
ENDSEC
  0
SECTION
  2
ENTITIES
  0
POLYLINE
  5
60
330
1F
100
AcDbEntity
  8
null
100
AcDb2dPolyline
 66
     1
 10
0.0
 20
0.0
 30
0.0
  0
VERTEX
  5
61
330
60
100
AcDbEntity
  8
null
100
AcDbVertex
100
AcDb2dVertex
 10
56.8336437694798
 20
0.7702133370623027
 30
0.0
  0
VERTEX
  5
62
330
60
100
AcDbEntity
  8
null
100
AcDbVertex
100
AcDb2dVertex
 10
55.22584308323349
 20
0.7702133370623027
 30
0.0
  0
SEQEND
  5
63
330
60
100
AcDbEntity
  8
null
  0
POLYLINE
  5
64
330
1F
100
AcDbEntity
  8
null
100
AcDb2dPolyline
 66
     1
 10
0.0
 20
0.0
 30
0.0
  0
VERTEX
  5
65
330
64
100
AcDbEntity
  8
null
100
AcDbVertex
100
AcDb2dVertex
 10
56.83364376947981
 20
-4.306244830269875
 30
0.0
  0
VERTEX
  5
66
330
64
100
AcDbEntity
  8
null
100
AcDbVertex
100
AcDb2dVertex
 10
56.83364376947981
 20
-1.696659105787077
 30
0.0
  0
SEQEND
  5
67
330
64
100
AcDbEntity
  8
null
  0
POLYLINE
  5
68
330
1F
100
AcDbEntity
  8
null
100
AcDb2dPolyline
 66
     1
 10
0.0
 20
0.0
 30
0.0
  0
VERTEX
  5
69
330
68
100
AcDbEntity
  8
null
100
AcDbVertex
100
AcDb2dVertex
 10
56.78772540791614
 20
5.851846391295127
 30
0.0
  0
VERTEX
  5
6A
330
68
100
AcDbEntity
  8
null
100
AcDbVertex
100
AcDb2dVertex
 10
56.83364376947981
 20
3.308442420728398
 30
0.0
  0
VERTEX
  5
6B
330
68
100
AcDbEntity
  8
null
100
AcDbVertex
100
AcDb2dVertex
 10
55.01893369077805
 20
3.308442420728398
 30
0.0
  0
SEQEND
  5
6C
330
68
100
AcDbEntity
  8
null
  0
POINT
  5
6D
330
1F
100
AcDbEntity
  8
null
100
AcDbPoint
 10
56.83364376947981
 20
-4.306244830269875
 30
0.0
  0
POINT
  5
6E
330
1F
100
AcDbEntity
  8
null
100
AcDbPoint
 10
56.8336437694798
 20
-1.768015746603779
 30
0.0
  0
POINT
  5
6F
330
1F
100
AcDbEntity
  8
null
100
AcDbPoint
 10
56.8336437694798
 20
0.7702133370623027
 30
0.0
  0
POINT
  5
70
330
1F
100
AcDbEntity
  8
null
100
AcDbPoint
 10
56.83364376947981
 20
3.308442420728398
 30
0.0
  0
POINT
  5
71
330
1F
100
AcDbEntity
  8
null
100
AcDbPoint
 10
56.83364376947981
 20
5.846671504394475
 30
0.0
  0
SPLINE
  5
73
330
1F
100
AcDbEntity
  8
outside2
100
AcDbSpline
210
0.0
220
0.0
230
1.0
 70
    15
 71
     2
 72
    12
 73
     9
 74
     0
 42
0.0000000001
 43
0.0000000001
 40
0.0
 40
0.0
 40
0.0
 40
1.334245977562504
 40
1.334245977562504
 40
2.668491955125007
 40
2.668491955125007
 40
4.002737932687511
 40
4.002737932687511
 40
5.336983910250014
 40
5.336983910250014
 40
5.336983910250014
 10
55.98423639896163
 20
5.84667150439445
 30
0.0
 41
1.0
 10
55.98423639896156
 20
6.69607887491265
 30
0.0
 41
0.7071067811865476
 10
56.83364376947969
 20
6.696078874912651
 30
0.0
 41
1.0
 10
57.6830511399979
 20
6.69607887491265
 30
0.0
 41
0.7071067811865476
 10
57.68305113999799
 20
5.84667150439445
 30
0.0
 41
1.0
 10
57.6830511399979
 20
4.997264133876242
 30
0.0
 41
0.7071067811865476
 10
56.83364376947969
 20
4.997264133876243
 30
0.0
 41
1.0
 10
55.98423639896156
 20
4.997264133876242
 30
0.0
 41
0.7071067811865476
 10
55.98423639896163
 20
5.84667150439445
 30
0.0
 41
1.0
  0
SPLINE
  5
74
330
1F
100
AcDbEntity
  8
outside2
100
AcDbSpline
210
0.0
220
0.0
230
1.0
 70
    15
 71
     2
 72
    12
 73
     9
 74
     0
 42
0.0000000001
 43
0.0000000001
 40
0.0
 40
0.0
 40
0.0
 40
1.334245977562504
 40
1.334245977562504
 40
2.668491955125007
 40
2.668491955125007
 40
4.002737932687511
 40
4.002737932687511
 40
5.336983910250014
 40
5.336983910250014
 40
5.336983910250014
 10
55.98423639896163
 20
0.7702133370622732
 30
0.0
 41
1.0
 10
55.98423639896156
 20
1.619620707580485
 30
0.0
 41
0.7071067811865476
 10
56.83364376947969
 20
1.619620707580481
 30
0.0
 41
1.0
 10
57.6830511399979
 20
1.619620707580485
 30
0.0
 41
0.7071067811865476
 10
57.68305113999799
 20
0.7702133370622732
 30
0.0
 41
1.0
 10
57.6830511399979
 20
-0.0791940334559335
 30
0.0
 41
0.7071067811865476
 10
56.83364376947969
 20
-0.0791940334559342
 30
0.0
 41
1.0
 10
55.98423639896156
 20
-0.0791940334559335
 30
0.0
 41
0.7071067811865476
 10
55.98423639896163
 20
0.7702133370622732
 30
0.0
 41
1.0
  0
SPLINE
  5
75
330
1F
100
AcDbEntity
  8
outside2
100
AcDbSpline
210
0.0
220
0.0
230
1.0
 70
    15
 71
     2
 72
    12
 73
     9
 74
     0
 42
0.0000000001
 43
0.0000000001
 40
0.0
 40
0.0
 40
0.0
 40
1.334245977562504
 40
1.334245977562504
 40
2.668491955125007
 40
2.668491955125007
 40
4.002737932687511
 40
4.002737932687511
 40
5.336983910250014
 40
5.336983910250014
 40
5.336983910250014
 10
55.98423639896163
 20
-4.306244830269904
 30
0.0
 41
1.0
 10
55.98423639896156
 20
-3.45683745975169
 30
0.0
 41
0.7071067811865476
 10
56.83364376947969
 20
-3.456837459751696
 30
0.0
 41
1.0
 10
57.6830511399979
 20
-3.45683745975169
 30
0.0
 41
0.7071067811865476
 10
57.68305113999799
 20
-4.306244830269904
 30
0.0
 41
1.0
 10
57.6830511399979
 20
-5.155652200788109
 30
0.0
 41
0.7071067811865476
 10
56.83364376947969
 20
-5.155652200788111
 30
0.0
 41
1.0
 10
55.98423639896156
 20
-5.155652200788109
 30
0.0
 41
0.7071067811865476
 10
55.98423639896163
 20
-4.306244830269904
 30
0.0
 41
1.0
  0
SPLINE
  5
76
330
1F
100
AcDbEntity
  8
outside2
100
AcDbSpline
210
0.0
220
0.0
230
1.0
 70
    15
 71
     2
 72
    12
 73
     9
 74
     0
 42
0.0000000001
 43
0.0000000001
 40
0.0
 40
0.0
 40
0.0
 40
1.334245977562504
 40
1.334245977562504
 40
2.668491955125007
 40
2.668491955125007
 40
4.002737932687511
 40
4.002737932687511
 40
5.336983910250014
 40
5.336983910250014
 40
5.336983910250014
 10
55.98423639896163
 20
3.308442420728369
 30
0.0
 41
1.0
 10
55.98423639896156
 20
4.157849791246577
 30
0.0
 41
0.7071067811865476
 10
56.83364376947969
 20
4.157849791246576
 30
0.0
 41
1.0
 10
57.6830511399979
 20
4.157849791246577
 30
0.0
 41
0.7071067811865476
 10
57.68305113999799
 20
3.308442420728369
 30
0.0
 41
1.0
 10
57.6830511399979
 20
2.459035050210159
 30
0.0
 41
0.7071067811865476
 10
56.83364376947969
 20
2.459035050210161
 30
0.0
 41
1.0
 10
55.98423639896156
 20
2.459035050210159
 30
0.0
 41
0.7071067811865476
 10
55.98423639896163
 20
3.308442420728369
 30
0.0
 41
1.0
  0
SPLINE
  5
77
330
1F
100
AcDbEntity
  8
outside2
100
AcDbSpline
210
0.0
220
0.0
230
1.0
 70
    15
 71
     2
 72
    12
 73
     9
 74
     0
 42
0.0000000001
 43
0.0000000001
 40
0.0
 40
0.0
 40
0.0
 40
1.334245977562504
 40
1.334245977562504
 40
2.668491955125007
 40
2.668491955125007
 40
4.002737932687511
 40
4.002737932687511
 40
5.336983910250014
 40
5.336983910250014
 40
5.336983910250014
 10
55.98423639896163
 20
-1.768015746603808
 30
0.0
 41
1.0
 10
55.98423639896156
 20
-0.9186083760855974
 30
0.0
 41
0.7071067811865476
 10
56.83364376947969
 20
-0.9186083760856008
 30
0.0
 41
1.0
 10
57.6830511399979
 20
-0.9186083760855974
 30
0.0
 41
0.7071067811865476
 10
57.68305113999799
 20
-1.768015746603808
 30
0.0
 41
1.0
 10
57.6830511399979
 20
-2.617423117122016
 30
0.0
 41
0.7071067811865476
 10
56.83364376947969
 20
-2.617423117122016
 30
0.0
 41
1.0
 10
55.98423639896156
 20
-2.617423117122016
 30
0.0
 41
0.7071067811865476
 10
55.98423639896163
 20
-1.768015746603808
 30
0.0
 41
1.0
  0
POLYLINE
  5
79
330
1F
100
AcDbEntity
  8
outside2_B
100
AcDb2dPolyline
 66
     1
 10
0.0
 20
0.0
 30
0.0
  0
VERTEX
  5
7A
330
79
100
AcDbEntity
  8
outside2_B
100
AcDbVertex
100
AcDb2dVertex
 10
35.3429808363
 20
4.35436776889027
 30
0.0
  0
VERTEX
  5
7B
330
79
100
AcDbEntity
  8
outside2_B
100
AcDbVertex
100
AcDb2dVertex
 10
34.95498157809305
 20
4.354169514415119
 30
0.0
  0
VERTEX
  5
7C
330
79
100
AcDbEntity
  8
outside2_B
100
AcDbVertex
100
AcDb2dVertex
 10
34.54752567988015
 20
4.353872134745416
 30
0.0
  0
VERTEX
  5
7D
330
79
100
AcDbEntity
  8
outside2_B
100
AcDbVertex
100
AcDb2dVertex
 10
34.12038839985411
 20
4.353567145676706
 30
0.0
  0
VERTEX
  5
7E
330
79
100
AcDbEntity
  8
outside2_B
100
AcDbVertex
100
AcDb2dVertex
 10
33.67440721632164
 20
4.353170609503678
 30
0.0
  0
VERTEX
  5
7F
330
79
100
AcDbEntity
  8
outside2_B
100
AcDbVertex
100
AcDb2dVertex
 10
33.21088749896256
 20
4.352667380438248
 30
0.0
  0
VERTEX
  5
80
330
79
100
AcDbEntity
  8
outside2_B
100
AcDbVertex
100
AcDb2dVertex
 10
32.73157126025575
 20
4.352171777938949
 30
0.0
  0
VERTEX
  5
81
330
79
100
AcDbEntity
  8
outside2_B
100
AcDbVertex
100
AcDb2dVertex
 10
32.24112468851803
 20
4.351569357403363
 30
0.0
  0
VERTEX
  5
82
330
79
100
AcDbEntity
  8
outside2_B
100
AcDbVertex
100
AcDb2dVertex
 10
31.74453692232277
 20
4.350867876097468
 30
0.0
  0
VERTEX
  5
83
330
79
100
AcDbEntity
  8
outside2_B
100
AcDbVertex
100
AcDb2dVertex
 10
31.24669451736094
 20
4.35017409887206
 30
0.0
  0
VERTEX
  5
84
330
79
100
AcDbEntity
  8
outside2_B
100
AcDbVertex
100
AcDb2dVertex
 10
30.75171154850176
 20
4.349472514726173
 30
0.0
  0
VERTEX
  5
85
330
79
100
AcDbEntity
  8
outside2_B
100
AcDbVertex
100
AcDb2dVertex
 10
30.26223006337858
 20
4.348572676512731
 30
0.0
  0
VERTEX
  5
86
330
79
100
AcDbEntity
  8
outside2_B
100
AcDbVertex
100
AcDb2dVertex
 10
29.78115436503202
 20
4.347672985310169
 30
0.0
  0
VERTEX
  5
87
330
79
100
AcDbEntity
  8
outside2_B
100
AcDbVertex
100
AcDb2dVertex
 10
29.3106461023894
 20
4.34677308944994
 30
0.0
  0
VERTEX
  5
88
330
79
100
AcDbEntity
  8
outside2_B
100
AcDbVertex
100
AcDb2dVertex
 10
28.85177970106946
 20
4.345675031058065
 30
0.0
  0
VERTEX
  5
89
330
79
100
AcDbEntity
  8
outside2_B
100
AcDbVertex
100
AcDb2dVertex
 10
28.40309428508129
 20
4.344676020426903
 30
0.0
  0
VERTEX
  5
8A
330
79
100
AcDbEntity
  8
outside2_B
100
AcDbVertex
100
AcDb2dVertex
 10
27.10327645575325
 20
4.340977723775353
 30
0.0
  0
VERTEX
  5
8B
330
79
100
AcDbEntity
  8
outside2_B
100
AcDbVertex
100
AcDb2dVertex
 10
26.68005065897199
 20
4.339673636791616
 30
0.0
  0
VERTEX
  5
8C
330
79
100
AcDbEntity
  8
outside2_B
100
AcDbVertex
100
AcDb2dVertex
 10
26.25921213981582
 20
4.338278010518451
 30
0.0
  0
VERTEX
  5
8D
330
79
100
AcDbEntity
  8
outside2_B
100
AcDbVertex
100
AcDb2dVertex
 10
25.839439921664
 20
4.336775828375394
 30
0.0
  0
VERTEX
  5
8E
330
79
100
AcDbEntity
  8
outside2_B
100
AcDbVertex
100
AcDb2dVertex
 10
25.41954647550887
 20
4.335281545749282
 30
0.0
  0
VERTEX
  5
8F
330
79
100
AcDbEntity
  8
outside2_B
100
AcDbVertex
100
AcDb2dVertex
 10
24.99862217444746
 20
4.33377917074921
 30
0.0
  0
VERTEX
  5
90
330
79
100
AcDbEntity
  8
outside2_B
100
AcDbVertex
100
AcDb2dVertex
 10
24.57590395169785
 20
4.332078536369394
 30
0.0
  0
VERTEX
  5
91
330
79
100
AcDbEntity
  8
outside2_B
100
AcDbVertex
100
AcDb2dVertex
 10
24.15091626725138
 20
4.330378463785905
 30
0.0
  0
VERTEX
  5
92
330
79
100
AcDbEntity
  8
outside2_B
100
AcDbVertex
100
AcDb2dVertex
 10
23.72251068951658
 20
4.328685522807987
 30
0.0
  0
VERTEX
  5
93
330
79
100
AcDbEntity
  8
outside2_B
100
AcDbVertex
100
AcDb2dVertex
 10
23.29038160878207
 20
4.326786942487146
 30
0.0
  0
VERTEX
  5
94
330
79
100
AcDbEntity
  8
outside2_B
100
AcDbVertex
100
AcDb2dVertex
 10
22.85334892755617
 20
4.324987512765787
 30
0.0
  0
VERTEX
  5
95
330
79
100
AcDbEntity
  8
outside2_B
100
AcDbVertex
100
AcDb2dVertex
 10
22.41106321262367
 20
4.322981975817044
 30
0.0
  0
VERTEX
  5
96
330
79
100
AcDbEntity
  8
outside2_B
100
AcDbVertex
100
AcDb2dVertex
 10
21.96394246053131
 20
4.320984335268506
 30
0.0
  0
VERTEX
  5
97
330
79
100
AcDbEntity
  8
outside2_B
100
AcDbVertex
100
AcDb2dVertex
 10
21.51311464926056
 20
4.318887497192193
 30
0.0
  0
VERTEX
  5
98
330
79
100
AcDbEntity
  8
outside2_B
100
AcDbVertex
100
AcDb2dVertex
 10
21.05959311214309
 20
4.316790684631926
 30
0.0
  0
VERTEX
  5
99
330
79
100
AcDbEntity
  8
outside2_B
100
AcDbVertex
100
AcDb2dVertex
 10
20.60445640218717
 20
4.314587057404964
 30
0.0
  0
VERTEX
  5
9A
330
79
100
AcDbEntity
  8
outside2_B
100
AcDbVertex
100
AcDb2dVertex
 10
20.14891721215776
 20
4.312391099987693
 30
0.0
  0
VERTEX
  5
9B
330
79
100
AcDbEntity
  8
outside2_B
100
AcDbVertex
100
AcDb2dVertex
 10
19.69391227414638
 20
4.310095637290914
 30
0.0
  0
VERTEX
  5
9C
330
79
100
AcDbEntity
  8
outside2_B
100
AcDbVertex
100
AcDb2dVertex
 10
19.24067233644945
 20
4.307693709626463
 30
0.0
  0
VERTEX
  5
9D
330
79
100
AcDbEntity
  8
outside2_B
100
AcDbVertex
100
AcDb2dVertex
 10
18.79007455592745
 20
4.305291558836998
 30
0.0
  0
VERTEX
  5
9E
330
79
100
AcDbEntity
  8
outside2_B
100
AcDbVertex
100
AcDb2dVertex
 10
17.45415534986654
 20
4.297696516144853
 30
0.0
  0
VERTEX
  5
9F
330
79
100
AcDbEntity
  8
outside2_B
100
AcDbVertex
100
AcDb2dVertex
 10
15.70441686225439
 20
4.286601855889501
 30
0.0
  0
VERTEX
  5
A0
330
79
100
AcDbEntity
  8
outside2_B
100
AcDbVertex
100
AcDb2dVertex
 10
15.27152330981352
 20
4.283704104516772
 30
0.0
  0
VERTEX
  5
A1
330
79
100
AcDbEntity
  8
outside2_B
100
AcDbVertex
100
AcDb2dVertex
 10
14.83949440751957
 20
4.280806117225282
 30
0.0
  0
VERTEX
  5
A2
330
79
100
AcDbEntity
  8
outside2_B
100
AcDbVertex
100
AcDb2dVertex
 10
14.40774588130211
 20
4.277710325807746
 30
0.0
  0
VERTEX
  5
A3
330
79
100
AcDbEntity
  8
outside2_B
100
AcDbVertex
100
AcDb2dVertex
 10
13.97569367832278
 20
4.274713669922463
 30
0.0
  0
VERTEX
  5
A4
330
79
100
AcDbEntity
  8
outside2_B
100
AcDbVertex
100
AcDb2dVertex
 10
13.54248077290134
 20
4.271510786168818
 30
0.0
  0
VERTEX
  5
A5
330
79
100
AcDbEntity
  8
outside2_B
100
AcDbVertex
100
AcDb2dVertex
 10
13.10760047680645
 20
4.268316388285442
 30
0.0
  0
VERTEX
  5
A6
330
79
100
AcDbEntity
  8
outside2_B
100
AcDbVertex
100
AcDb2dVertex
 10
12.67022846810909
 20
4.265113650366743
 30
0.0
  0
VERTEX
  5
A7
330
79
100
AcDbEntity
  8
outside2_B
100
AcDbVertex
100
AcDb2dVertex
 10
12.22980137860299
 20
4.261720705715575
 30
0.0
  0
VERTEX
  5
A8
330
79
100
AcDbEntity
  8
outside2_B
100
AcDbVertex
100
AcDb2dVertex
 10
11.78607520962322
 20
4.258419217105214
 30
0.0
  0
VERTEX
  5
A9
330
79
100
AcDbEntity
  8
outside2_B
100
AcDbVertex
100
AcDb2dVertex
 10
11.33979308403394
 20
4.254919054853076
 30
0.0
  0
VERTEX
  5
AA
330
79
100
AcDbEntity
  8
outside2_B
100
AcDbVertex
100
AcDb2dVertex
 10
10.89192105765159
 20
4.251427321150629
 30
0.0
  0
VERTEX
  5
AB
330
79
100
AcDbEntity
  8
outside2_B
100
AcDbVertex
100
AcDb2dVertex
 10
10.44317108588479
 20
4.247927419075751
 30
0.0
  0
VERTEX
  5
AC
330
79
100
AcDbEntity
  8
outside2_B
100
AcDbVertex
100
AcDb2dVertex
 10
9.994378323965236
 20
4.244327925726125
 30
0.0
  0
VERTEX
  5
AD
330
79
100
AcDbEntity
  8
outside2_B
100
AcDbVertex
100
AcDb2dVertex
 10
9.546328120809164
 20
4.240629757779715
 30
0.0
  0
VERTEX
  5
AE
330
79
100
AcDbEntity
  8
outside2_B
100
AcDbVertex
100
AcDb2dVertex
 10
9.100051877230442
 20
4.236931378284069
 30
0.0
  0
VERTEX
  5
AF
330
79
100
AcDbEntity
  8
outside2_B
100
AcDbVertex
100
AcDb2dVertex
 10
8.656081736380372
 20
4.233133893997319
 30
0.0
  0
VERTEX
  5
B0
330
79
100
AcDbEntity
  8
outside2_B
100
AcDbVertex
100
AcDb2dVertex
 10
8.214810890155093
 20
4.229336408661368
 30
0.0
  0
VERTEX
  5
B1
330
79
100
AcDbEntity
  8
outside2_B
100
AcDbVertex
100
AcDb2dVertex
 10
7.775485436082988
 20
4.225439326638138
 30
0.0
  0
VERTEX
  5
B2
330
79
100
AcDbEntity
  8
outside2_B
100
AcDbVertex
100
AcDb2dVertex
 10
7.337716566255665
 20
4.221443665816153
 30
0.0
  0
VERTEX
  5
B3
330
79
100
AcDbEntity
  8
outside2_B
100
AcDbVertex
100
AcDb2dVertex
 10
6.901010409709158
 20
4.217440894732476
 30
0.0
  0
VERTEX
  5
B4
330
79
100
AcDbEntity
  8
outside2_B
100
AcDbVertex
100
AcDb2dVertex
 10
6.464600648036765
 20
4.213444831511282
 30
0.0
  0
VERTEX
  5
B5
330
79
100
AcDbEntity
  8
outside2_B
100
AcDbVertex
100
AcDb2dVertex
 10
6.028038264379063
 20
4.209243450413112
 30
0.0
  0
VERTEX
  5
B6
330
79
100
AcDbEntity
  8
outside2_B
100
AcDbVertex
100
AcDb2dVertex
 10
5.590902971753337
 20
4.205148881214782
 30
0.0
  0
VERTEX
  5
B7
330
79
100
AcDbEntity
  8
outside2_B
100
AcDbVertex
100
AcDb2dVertex
 10
5.152402011307629
 20
4.200847908349644
 30
0.0
  0
VERTEX
  5
B8
330
79
100
AcDbEntity
  8
outside2_B
100
AcDbVertex
100
AcDb2dVertex
 10
4.712824269614146
 20
4.196555663239266
 30
0.0
  0
VERTEX
  5
B9
330
79
100
AcDbEntity
  8
outside2_B
100
AcDbVertex
100
AcDb2dVertex
 10
4.272087845117028
 20
4.192255200578984
 30
0.0
  0
VERTEX
  5
BA
330
79
100
AcDbEntity
  8
outside2_B
100
AcDbVertex
100
AcDb2dVertex
 10
3.830582355662671
 20
4.187855092325989
 30
0.0
  0
VERTEX
  5
BB
330
79
100
AcDbEntity
  8
outside2_B
100
AcDbVertex
100
AcDb2dVertex
 10
3.388443909813475
 20
4.183364016124756
 30
0.0
  0
VERTEX
  5
BC
330
79
100
AcDbEntity
  8
outside2_B
100
AcDbVertex
100
AcDb2dVertex
 10
2.946059172557568
 20
4.178865756898844
 30
0.0
  0
VERTEX
  5
BD
330
79
100
AcDbEntity
  8
outside2_B
100
AcDbVertex
100
AcDb2dVertex
 10
2.50344496885117
 20
4.174366405071311
 30
0.0
  0
VERTEX
  5
BE
330
79
100
AcDbEntity
  8
outside2_B
100
AcDbVertex
100
AcDb2dVertex
 10
2.060844584457925
 20
4.169668761513876
 30
0.0
  0
VERTEX
  5
BF
330
79
100
AcDbEntity
  8
outside2_B
100
AcDbVertex
100
AcDb2dVertex
 10
0.7352398585528022
 20
4.155578101981732
 30
0.0
  0
VERTEX
  5
C0
330
79
100
AcDbEntity
  8
outside2_B
100
AcDbVertex
100
AcDb2dVertex
 10
-0.1472904160171424
 20
4.145779496510457
 30
0.0
  0
VERTEX
  5
C1
330
79
100
AcDbEntity
  8
outside2_B
100
AcDbVertex
100
AcDb2dVertex
 10
-1.028799109200293
 20
4.135889726299055
 30
0.0
  0
VERTEX
  5
C2
330
79
100
AcDbEntity
  8
outside2_B
100
AcDbVertex
100
AcDb2dVertex
 10
-1.909742260307041
 20
4.125694613486317
 30
0.0
  0
VERTEX
  5
C3
330
79
100
AcDbEntity
  8
outside2_B
100
AcDbVertex
100
AcDb2dVertex
 10
-2.790215101317074
 20
4.115301932170212
 30
0.0
  0
VERTEX
  5
C4
330
79
100
AcDbEntity
  8
outside2_B
100
AcDbVertex
100
AcDb2dVertex
 10
-3.670512640279696
 20
4.104802229177082
 30
0.0
  0
VERTEX
  5
C5
330
79
100
AcDbEntity
  8
outside2_B
100
AcDbVertex
100
AcDb2dVertex
 10
-4.110686466031723
 20
4.09941100724501
 30
0.0
  0
VERTEX
  5
C6
330
79
100
AcDbEntity
  8
outside2_B
100
AcDbVertex
100
AcDb2dVertex
 10
-4.550844447153679
 20
4.094012354237279
 30
0.0
  0
VERTEX
  5
C7
330
79
100
AcDbEntity
  8
outside2_B
100
AcDbVertex
100
AcDb2dVertex
 10
-5.431267432675952
 20
4.08301678907192
 30
0.0
  0
VERTEX
  5
C8
330
79
100
AcDbEntity
  8
outside2_B
100
AcDbVertex
100
AcDb2dVertex
 10
-6.752488342908066
 20
4.066127523875565
 30
0.0
  0
VERTEX
  5
C9
330
79
100
AcDbEntity
  8
outside2_B
100
AcDbVertex
100
AcDb2dVertex
 10
-8.074247035980136
 20
4.048833883969436
 30
0.0
  0
VERTEX
  5
CA
330
79
100
AcDbEntity
  8
outside2_B
100
AcDbVertex
100
AcDb2dVertex
 10
-9.396492638624807
 20
4.031044629777185
 30
0.0
  0
VERTEX
  5
CB
330
79
100
AcDbEntity
  8
outside2_B
100
AcDbVertex
100
AcDb2dVertex
 10
-10.71904480084464
 20
4.012858851290872
 30
0.0
  0
VERTEX
  5
CC
330
79
100
AcDbEntity
  8
outside2_B
100
AcDbVertex
100
AcDb2dVertex
 10
-12.04199539561188
 20
3.994169791303705
 30
0.0
  0
VERTEX
  5
CD
330
79
100
AcDbEntity
  8
outside2_B
100
AcDbVertex
100
AcDb2dVertex
 10
-13.36501734624045
 20
3.975076893035137
 30
0.0
  0
VERTEX
  5
CE
330
79
100
AcDbEntity
  8
outside2_B
100
AcDbVertex
100
AcDb2dVertex
 10
-14.68825158074998
 20
3.95558751477418
 30
0.0
  0
VERTEX
  5
CF
330
79
100
AcDbEntity
  8
outside2_B
100
AcDbVertex
100
AcDb2dVertex
 10
-16.01149167886689
 20
3.935701321687432
 30
0.0
  0
VERTEX
  5
D0
330
79
100
AcDbEntity
  8
outside2_B
100
AcDbVertex
100
AcDb2dVertex
 10
-17.33472820463481
 20
3.915312163741689
 30
0.0
  0
VERTEX
  5
D1
330
79
100
AcDbEntity
  8
outside2_B
100
AcDbVertex
100
AcDb2dVertex
 10
-18.65784818272238
 20
3.894625785328358
 30
0.0
  0
VERTEX
  5
D2
330
79
100
AcDbEntity
  8
outside2_B
100
AcDbVertex
100
AcDb2dVertex
 10
-19.53985644843652
 20
3.880534637297387
 30
0.0
  0
VERTEX
  5
D3
330
79
100
AcDbEntity
  8
outside2_B
100
AcDbVertex
100
AcDb2dVertex
 10
-20.42173089493241
 20
3.866344798765411
 30
0.0
  0
VERTEX
  5
D4
330
79
100
AcDbEntity
  8
outside2_B
100
AcDbVertex
100
AcDb2dVertex
 10
-21.30349583767389
 20
3.851949134382536
 30
0.0
  0
VERTEX
  5
D5
330
79
100
AcDbEntity
  8
outside2_B
100
AcDbVertex
100
AcDb2dVertex
 10
-22.18530477509904
 20
3.837461499867658
 30
0.0
  0
VERTEX
  5
D6
330
79
100
AcDbEntity
  8
outside2_B
100
AcDbVertex
100
AcDb2dVertex
 10
-23.0669943785586
 20
3.822668817772069
 30
0.0
  0
VERTEX
  5
D7
330
79
100
AcDbEntity
  8
outside2_B
100
AcDbVertex
100
AcDb2dVertex
 10
-23.9485482451733
 20
3.807778014264898
 30
0.0
  0
VERTEX
  5
D8
330
79
100
AcDbEntity
  8
outside2_B
100
AcDbVertex
100
AcDb2dVertex
 10
-24.83001055197184
 20
3.792787573664526
 30
0.0
  0
VERTEX
  5
D9
330
79
100
AcDbEntity
  8
outside2_B
100
AcDbVertex
100
AcDb2dVertex
 10
-25.7115145059966
 20
3.777590807230496
 30
0.0
  0
VERTEX
  5
DA
330
79
100
AcDbEntity
  8
outside2_B
100
AcDbVertex
100
AcDb2dVertex
 10
-26.59288360384795
 20
3.762203904681328
 30
0.0
  0
VERTEX
  5
DB
330
79
100
AcDbEntity
  8
outside2_B
100
AcDbVertex
100
AcDb2dVertex
 10
-27.47416289069662
 20
3.746710224884865
 30
0.0
  0
VERTEX
  5
DC
330
79
100
AcDbEntity
  8
outside2_B
100
AcDbVertex
100
AcDb2dVertex
 10
-28.35543738323901
 20
3.731018384552172
 30
0.0
  0
VERTEX
  5
DD
330
79
100
AcDbEntity
  8
outside2_B
100
AcDbVertex
100
AcDb2dVertex
 10
-29.23670199950271
 20
3.715234950372093
 30
0.0
  0
VERTEX
  5
DE
330
79
100
AcDbEntity
  8
outside2_B
100
AcDbVertex
100
AcDb2dVertex
 10
-30.11778308058257
 20
3.699238030247258
 30
0.0
  0
VERTEX
  5
DF
330
79
100
AcDbEntity
  8
outside2_B
100
AcDbVertex
100
AcDb2dVertex
 10
-30.99892218140104
 20
3.683150223256206
 30
0.0
  0
VERTEX
  5
E0
330
79
100
AcDbEntity
  8
outside2_B
100
AcDbVertex
100
AcDb2dVertex
 10
-31.87998860609474
 20
3.666962671161698
 30
0.0
  0
VERTEX
  5
E1
330
79
100
AcDbEntity
  8
outside2_B
100
AcDbVertex
100
AcDb2dVertex
 10
-32.7609629802742
 20
3.650569258451938
 30
0.0
  0
VERTEX
  5
E2
330
79
100
AcDbEntity
  8
outside2_B
100
AcDbVertex
100
AcDb2dVertex
 10
-33.64193245541929
 20
3.634076814495401
 30
0.0
  0
VERTEX
  5
E3
330
79
100
AcDbEntity
  8
outside2_B
100
AcDbVertex
100
AcDb2dVertex
 10
-34.52290464015101
 20
3.617393699208975
 30
0.0
  0
VERTEX
  5
E4
330
79
100
AcDbEntity
  8
outside2_B
100
AcDbVertex
100
AcDb2dVertex
 10
-35.40373018981705
 20
3.600604887316052
 30
0.0
  0
VERTEX
  5
E5
330
79
100
AcDbEntity
  8
outside2_B
100
AcDbVertex
100
AcDb2dVertex
 10
-35.84418921115213
 20
3.592209599896734
 30
0.0
  0
VERTEX
  5
E6
330
79
100
AcDbEntity
  8
outside2_B
100
AcDbVertex
100
AcDb2dVertex
 10
-36.28463298398134
 20
3.58370756037759
 30
0.0
  0
VERTEX
  5
E7
330
79
100
AcDbEntity
  8
outside2_B
100
AcDbVertex
100
AcDb2dVertex
 10
-36.72502090090512
 20
3.57521451739764
 30
0.0
  0
VERTEX
  5
E8
330
79
100
AcDbEntity
  8
outside2_B
100
AcDbVertex
100
AcDb2dVertex
 10
-37.16536979352242
 20
3.566720168201911
 30
0.0
  0
VERTEX
  5
E9
330
79
100
AcDbEntity
  8
outside2_B
100
AcDbVertex
100
AcDb2dVertex
 10
-37.6058230399272
 20
3.558126739618388
 30
0.0
  0
VERTEX
  5
EA
330
79
100
AcDbEntity
  8
outside2_B
100
AcDbVertex
100
AcDb2dVertex
 10
-38.04622012164447
 20
3.549534406831611
 30
0.0
  0
VERTEX
  5
EB
330
79
100
AcDbEntity
  8
outside2_B
100
AcDbVertex
100
AcDb2dVertex
 10
-38.48657361367492
 20
3.540940841720115
 30
0.0
  0
VERTEX
  5
EC
330
79
100
AcDbEntity
  8
outside2_B
100
AcDbVertex
100
AcDb2dVertex
 10
-38.92695424181403
 20
3.532241795691462
 30
0.0
  0
VERTEX
  5
ED
330
79
100
AcDbEntity
  8
outside2_B
100
AcDbVertex
100
AcDb2dVertex
 10
-39.36740532563982
 20
3.523648409300776
 30
0.0
  0
VERTEX
  5
EE
330
79
100
AcDbEntity
  8
outside2_B
100
AcDbVertex
100
AcDb2dVertex
 10
-39.80775848337368
 20
3.514856596471915
 30
0.0
  0
VERTEX
  5
EF
330
79
100
AcDbEntity
  8
outside2_B
100
AcDbVertex
100
AcDb2dVertex
 10
-40.24806301914811
 20
3.506157547515699
 30
0.0
  0
VERTEX
  5
F0
330
79
100
AcDbEntity
  8
outside2_B
100
AcDbVertex
100
AcDb2dVertex
 10
-40.68849692558916
 20
3.497365949334778
 30
0.0
  0
VERTEX
  5
F1
330
79
100
AcDbEntity
  8
outside2_B
100
AcDbVertex
100
AcDb2dVertex
 10
-41.12879821021289
 20
3.488567548024378
 30
0.0
  0
VERTEX
  5
F2
330
79
100
AcDbEntity
  8
outside2_B
100
AcDbVertex
100
AcDb2dVertex
 10
-41.56915658193708
 20
3.479775935650338
 30
0.0
  0
VERTEX
  5
F3
330
79
100
AcDbEntity
  8
outside2_B
100
AcDbVertex
100
AcDb2dVertex
 10
-42.00944604574516
 20
3.470878657654424
 30
0.0
  0
VERTEX
  5
F4
330
79
100
AcDbEntity
  8
outside2_B
100
AcDbVertex
100
AcDb2dVertex
 10
-42.44982770096186
 20
3.462088102471697
 30
0.0
  0
VERTEX
  5
F5
330
79
100
AcDbEntity
  8
outside2_B
100
AcDbVertex
100
AcDb2dVertex
 10
-42.89024908580615
 20
3.453188466855394
 30
0.0
  0
VERTEX
  5
F6
330
79
100
AcDbEntity
  8
outside2_B
100
AcDbVertex
100
AcDb2dVertex
 10
-43.33053960880494
 20
3.444199678515716
 30
0.0
  0
VERTEX
  5
F7
330
79
100
AcDbEntity
  8
outside2_B
100
AcDbVertex
100
AcDb2dVertex
 10
-43.77082995346888
 20
3.435302382719655
 30
0.0
  0
VERTEX
  5
F8
330
79
100
AcDbEntity
  8
outside2_B
100
AcDbVertex
100
AcDb2dVertex
 10
-44.21117325226402
 20
3.426312516931262
 30
0.0
  0
VERTEX
  5
F9
330
79
100
AcDbEntity
  8
outside2_B
100
AcDbVertex
100
AcDb2dVertex
 10
-44.65163526396697
 20
3.41731478180975
 30
0.0
  0
VERTEX
  5
FA
330
79
100
AcDbEntity
  8
outside2_B
100
AcDbVertex
100
AcDb2dVertex
 10
-45.09192245784976
 20
3.408219325146504
 30
0.0
  0
VERTEX
  5
FB
330
79
100
AcDbEntity
  8
outside2_B
100
AcDbVertex
100
AcDb2dVertex
 10
-45.5322128025137
 20
3.399230540447661
 30
0.0
  0
VERTEX
  5
FC
330
79
100
AcDbEntity
  8
outside2_B
100
AcDbVertex
100
AcDb2dVertex
 10
-45.97256492615958
 20
3.390133742464798
 30
0.0
  0
VERTEX
  5
FD
330
79
100
AcDbEntity
  8
outside2_B
100
AcDbVertex
100
AcDb2dVertex
 10
-46.41285527082374
 20
3.381038220712696
 30
0.0
  0
VERTEX
  5
FE
330
79
100
AcDbEntity
  8
outside2_B
100
AcDbVertex
100
AcDb2dVertex
 10
-46.85321804689676
 20
3.371941517709388
 30
0.0
  0
VERTEX
  5
FF
330
79
100
AcDbEntity
  8
outside2_B
100
AcDbVertex
100
AcDb2dVertex
 10
-47.29356593924291
 20
3.362745681204288
 30
0.0
  0
VERTEX
  5
100
330
79
100
AcDbEntity
  8
outside2_B
100
AcDbVertex
100
AcDb2dVertex
 10
-47.73384745848495
 20
3.353558854775301
 30
0.0
  0
VERTEX
  5
101
330
79
100
AcDbEntity
  8
outside2_B
100
AcDbVertex
100
AcDb2dVertex
 10
-48.17425078601337
 20
3.344364089683054
 30
0.0
  0
VERTEX
  5
102
330
79
100
AcDbEntity
  8
outside2_B
100
AcDbVertex
100
AcDb2dVertex
 10
-48.614601075145
 20
3.335168203132127
 30
0.0
  0
VERTEX
  5
103
330
79
100
AcDbEntity
  8
outside2_B
100
AcDbVertex
100
AcDb2dVertex
 10
-49.05489141979325
 20
3.325874455424312
 30
0.0
  0
VERTEX
  5
104
330
79
100
AcDbEntity
  8
outside2_B
100
AcDbVertex
100
AcDb2dVertex
 10
-49.49518176445696
 20
3.316679820694191
 30
0.0
  0
VERTEX
  5
105
330
79
100
AcDbEntity
  8
outside2_B
100
AcDbVertex
100
AcDb2dVertex
 10
-49.93552947360337
 20
3.307384862123641
 30
0.0
  0
VERTEX
  5
106
330
79
100
AcDbEntity
  8
outside2_B
100
AcDbVertex
100
AcDb2dVertex
 10
-50.37587699393072
 20
3.298089907538724
 30
0.0
  0
VERTEX
  5
107
330
79
100
AcDbEntity
  8
outside2_B
100
AcDbVertex
100
AcDb2dVertex
 10
-50.81618146933334
 20
3.28869707068985
 30
0.0
  0
VERTEX
  5
108
330
79
100
AcDbEntity
  8
outside2_B
100
AcDbVertex
100
AcDb2dVertex
 10
-51.25656349119237
 20
3.279403319008011
 30
0.0
  0
VERTEX
  5
109
330
79
100
AcDbEntity
  8
outside2_B
100
AcDbVertex
100
AcDb2dVertex
 10
-51.69691231700136
 20
3.270009210724083
 30
0.0
  0
VERTEX
  5
10A
330
79
100
AcDbEntity
  8
outside2_B
100
AcDbVertex
100
AcDb2dVertex
 10
-52.13721753328929
 20
3.260616358070337
 30
0.0
  0
VERTEX
  5
10B
330
79
100
AcDbEntity
  8
outside2_B
100
AcDbVertex
100
AcDb2dVertex
 10
-52.57750825447971
 20
3.251223489351759
 30
0.0
  0
VERTEX
  5
10C
330
79
100
AcDbEntity
  8
outside2_B
100
AcDbVertex
100
AcDb2dVertex
 10
-53.01785596232872
 20
3.241829404917638
 30
0.0
  0
VERTEX
  5
10D
330
79
100
AcDbEntity
  8
outside2_B
100
AcDbVertex
100
AcDb2dVertex
 10
-53.45814940089286
 20
3.2323373645538
 30
0.0
  0
VERTEX
  5
10E
330
79
100
AcDbEntity
  8
outside2_B
100
AcDbVertex
100
AcDb2dVertex
 10
-53.89854648261013
 20
3.2229368797924
 30
0.0
  0
VERTEX
  5
10F
330
79
100
AcDbEntity
  8
outside2_B
100
AcDbVertex
100
AcDb2dVertex
 10
-54.33889109622561
 20
3.213443736174199
 30
0.0
  0
VERTEX
  5
110
330
79
100
AcDbEntity
  8
outside2_B
100
AcDbVertex
100
AcDb2dVertex
 10
-54.77918144088954
 20
3.203951762510016
 30
0.0
  0
VERTEX
  5
111
330
79
100
AcDbEntity
  8
outside2_B
100
AcDbVertex
100
AcDb2dVertex
 10
-55.21947178555348
 20
3.194459788845833
 30
0.0
  0
VERTEX
  5
112
330
79
100
AcDbEntity
  8
outside2_B
100
AcDbVertex
100
AcDb2dVertex
 10
-55.65983896292011
 20
3.184966487560786
 30
0.0
  0
VERTEX
  5
113
330
79
100
AcDbEntity
  8
outside2_B
100
AcDbVertex
100
AcDb2dVertex
 10
-56.10012835655749
 20
3.175367797576556
 30
0.0
  0
VERTEX
  5
114
330
79
100
AcDbEntity
  8
outside2_B
100
AcDbVertex
100
AcDb2dVertex
 10
-56.54050558542696
 20
3.165875923161849
 30
0.0
  0
VERTEX
  5
115
330
79
100
AcDbEntity
  8
outside2_B
100
AcDbVertex
100
AcDb2dVertex
 10
-56.98086948931888
 20
3.156283566341372
 30
0.0
  0
VERTEX
  5
116
330
79
100
AcDbEntity
  8
outside2_B
100
AcDbVertex
100
AcDb2dVertex
 10
-57.42116021844419
 20
3.146692471324386
 30
0.0
  0
VERTEX
  5
117
330
79
100
AcDbEntity
  8
outside2_B
100
AcDbVertex
100
AcDb2dVertex
 10
-57.86145938796773
 20
3.137093568293764
 30
0.0
  0
VERTEX
  5
118
330
79
100
AcDbEntity
  8
outside2_B
100
AcDbVertex
100
AcDb2dVertex
 10
-58.30179826923182
 20
3.127501424428544
 30
0.0
  0
VERTEX
  5
119
330
79
100
AcDbEntity
  8
outside2_B
100
AcDbVertex
100
AcDb2dVertex
 10
-58.74209167995906
 20
3.117811157328376
 30
0.0
  0
VERTEX
  5
11A
330
79
100
AcDbEntity
  8
outside2_B
100
AcDbVertex
100
AcDb2dVertex
 10
-59.18248876167632
 20
3.108212446610935
 30
0.0
  0
VERTEX
  5
11B
330
79
100
AcDbEntity
  8
outside2_B
100
AcDbVertex
100
AcDb2dVertex
 10
-59.62277604028696
 20
3.098522314470429
 30
0.0
  0
VERTEX
  5
11C
330
79
100
AcDbEntity
  8
outside2_B
100
AcDbVertex
100
AcDb2dVertex
 10
-60.06307079731943
 20
3.088931131711178
 30
0.0
  0
VERTEX
  5
11D
330
79
100
AcDbEntity
  8
outside2_B
100
AcDbVertex
100
AcDb2dVertex
 10
-60.50342291557655
 20
3.079231947392159
 30
0.0
  0
VERTEX
  5
11E
330
79
100
AcDbEntity
  8
outside2_B
100
AcDbVertex
100
AcDb2dVertex
 10
-60.94371929518712
 20
3.069541950618444
 30
0.0
  0
VERTEX
  5
11F
330
79
100
AcDbEntity
  8
outside2_B
100
AcDbVertex
100
AcDb2dVertex
 10
-61.38401002830375
 20
3.059851742449055
 30
0.0
  0
VERTEX
  5
120
330
79
100
AcDbEntity
  8
outside2_B
100
AcDbVertex
100
AcDb2dVertex
 10
-61.824309197697
 20
3.050153724456749
 30
0.0
  0
VERTEX
  5
121
330
79
100
AcDbEntity
  8
outside2_B
100
AcDbVertex
100
AcDb2dVertex
 10
-62.26475786843326
 20
3.040462389837359
 30
0.0
  0
VERTEX
  5
122
330
79
100
AcDbEntity
  8
outside2_B
100
AcDbVertex
100
AcDb2dVertex
 10
-62.7050495722911
 20
3.03066542292035
 30
0.0
  0
VERTEX
  5
123
330
79
100
AcDbEntity
  8
outside2_B
100
AcDbVertex
100
AcDb2dVertex
 10
-63.14533991695504
 20
3.020975223300127
 30
0.0
  0
VERTEX
  5
124
330
79
100
AcDbEntity
  8
outside2_B
100
AcDbVertex
100
AcDb2dVertex
 10
-63.58563026161238
 20
3.011178286626787
 30
0.0
  0
VERTEX
  5
125
330
79
100
AcDbEntity
  8
outside2_B
100
AcDbVertex
100
AcDb2dVertex
 10
-64.02592060627654
 20
3.001488087006564
 30
0.0
  0
VERTEX
  5
126
330
79
100
AcDbEntity
  8
outside2_B
100
AcDbVertex
100
AcDb2dVertex
 10
-64.46627272360007
 20
2.991689775824554
 30
0.0
  0
VERTEX
  5
127
330
79
100
AcDbEntity
  8
outside2_B
100
AcDbVertex
100
AcDb2dVertex
 10
-64.90651193521336
 20
2.981901939162654
 30
0.0
  0
VERTEX
  5
128
330
79
100
AcDbEntity
  8
outside2_B
100
AcDbVertex
100
AcDb2dVertex
 10
-65.34680688841883
 20
2.972211638114629
 30
0.0
  0
VERTEX
  5
129
330
79
100
AcDbEntity
  8
outside2_B
100
AcDbVertex
100
AcDb2dVertex
 10
-65.78715900574258
 20
2.962413326932619
 30
0.0
  0
VERTEX
  5
12A
330
79
100
AcDbEntity
  8
outside2_B
100
AcDbVertex
100
AcDb2dVertex
 10
-66.22744052576496
 20
2.952624210615795
 30
0.0
  0
VERTEX
  5
12B
330
79
100
AcDbEntity
  8
outside2_B
100
AcDbVertex
100
AcDb2dVertex
 10
-66.6677396950484
 20
2.942827077661391
 30
0.0
  0
VERTEX
  5
12C
330
79
100
AcDbEntity
  8
outside2_B
100
AcDbVertex
100
AcDb2dVertex
 10
-67.10813402845025
 20
2.933030202133494
 30
0.0
  0
VERTEX
  5
12D
330
79
100
AcDbEntity
  8
outside2_B
100
AcDbVertex
100
AcDb2dVertex
 10
-67.54848006888852
 20
2.923239651244643
 30
0.0
  0
VERTEX
  5
12E
330
79
100
AcDbEntity
  8
outside2_B
100
AcDbVertex
100
AcDb2dVertex
 10
-67.98877041355246
 20
2.913343601593155
 30
0.0
  0
VERTEX
  5
12F
330
79
100
AcDbEntity
  8
outside2_B
100
AcDbVertex
100
AcDb2dVertex
 10
-68.42899898616025
 20
2.903555662420374
 30
0.0
  0
VERTEX
  5
130
330
79
100
AcDbEntity
  8
outside2_B
100
AcDbVertex
100
AcDb2dVertex
 10
-68.86931301087299
 20
2.893758538204281
 30
0.0
  0
VERTEX
  5
131
330
79
100
AcDbEntity
  8
outside2_B
100
AcDbVertex
100
AcDb2dVertex
 10
-69.30965669569702
 20
2.883968039723158
 30
0.0
  0
VERTEX
  5
132
330
79
100
AcDbEntity
  8
outside2_B
100
AcDbVertex
100
AcDb2dVertex
 10
-69.74994704036186
 20
2.874071990071627
 30
0.0
  0
VERTEX
  5
133
330
79
100
AcDbEntity
  8
outside2_B
100
AcDbVertex
100
AcDb2dVertex
 10
-70.1902373850258
 20
2.864282677473383
 30
0.0
  0
VERTEX
  5
134
330
79
100
AcDbEntity
  8
outside2_B
100
AcDbVertex
100
AcDb2dVertex
 10
-70.63052772968996
 20
2.854386627821896
 30
0.0
  0
VERTEX
  5
135
330
79
100
AcDbEntity
  8
outside2_B
100
AcDbVertex
100
AcDb2dVertex
 10
-71.07081787599924
 20
2.844597319633834
 30
0.0
  0
VERTEX
  5
136
330
79
100
AcDbEntity
  8
outside2_B
100
AcDbVertex
100
AcDb2dVertex
 10
-71.51112788110623
 20
2.834701170814228
 30
0.0
  0
VERTEX
  5
137
330
79
100
AcDbEntity
  8
outside2_B
100
AcDbVertex
100
AcDb2dVertex
 10
-71.95141401184816
 20
2.824904327905074
 30
0.0
  0
VERTEX
  5
138
330
79
100
AcDbEntity
  8
outside2_B
100
AcDbVertex
100
AcDb2dVertex
 10
-72.39170435651027
 20
2.815015902328867
 30
0.0
  0
VERTEX
  5
139
330
79
100
AcDbEntity
  8
outside2_B
100
AcDbVertex
100
AcDb2dVertex
 10
-72.83199470117421
 20
2.805218965655385
 30
0.0
  0
VERTEX
  5
13A
330
79
100
AcDbEntity
  8
outside2_B
100
AcDbVertex
100
AcDb2dVertex
 10
-73.27228504583815
 20
2.795330540079135
 30
0.0
  0
VERTEX
  5
13B
330
79
100
AcDbEntity
  8
outside2_B
100
AcDbVertex
100
AcDb2dVertex
 10
-73.71252244304793
 20
2.785534781543817
 30
0.0
  0
VERTEX
  5
13C
330
79
100
AcDbEntity
  8
outside2_B
100
AcDbVertex
100
AcDb2dVertex
 10
-74.15288078709642
 20
2.775744296210931
 30
0.0
  0
VERTEX
  5
13D
330
79
100
AcDbEntity
  8
outside2_B
100
AcDbVertex
100
AcDb2dVertex
 10
-74.59317132796815
 20
2.765848242149431
 30
0.0
  0
VERTEX
  5
13E
330
79
100
AcDbEntity
  8
outside2_B
100
AcDbVertex
100
AcDb2dVertex
 10
-75.03346167263027
 20
2.75605892955123
 30
0.0
  0
VERTEX
  5
13F
330
79
100
AcDbEntity
  8
outside2_B
100
AcDbVertex
100
AcDb2dVertex
 10
-75.4737531947456
 20
2.746162853435109
 30
0.0
  0
VERTEX
  5
140
330
79
100
AcDbEntity
  8
outside2_B
100
AcDbVertex
100
AcDb2dVertex
 10
-75.9139520505085
 20
2.736373540836837
 30
0.0
  0
VERTEX
  5
141
330
79
100
AcDbEntity
  8
outside2_B
100
AcDbVertex
100
AcDb2dVertex
 10
-76.35424563001499
 20
2.726477418478396
 30
0.0
  0
VERTEX
  5
142
330
79
100
AcDbEntity
  8
outside2_B
100
AcDbVertex
100
AcDb2dVertex
 10
-76.7945315623993
 20
2.716680579982921
 30
0.0
  0
VERTEX
  5
143
330
79
100
AcDbEntity
  8
outside2_B
100
AcDbVertex
100
AcDb2dVertex
 10
-77.23482190706142
 20
2.706792154406713
 30
0.0
  0
VERTEX
  5
144
330
79
100
AcDbEntity
  8
outside2_B
100
AcDbVertex
100
AcDb2dVertex
 10
-77.6750593042712
 20
2.696996395871381
 30
0.0
  0
VERTEX
  5
145
330
79
100
AcDbEntity
  8
outside2_B
100
AcDbVertex
100
AcDb2dVertex
 10
-78.11534082429381
 20
2.687207279554571
 30
0.0
  0
VERTEX
  5
146
330
79
100
AcDbEntity
  8
outside2_B
100
AcDbVertex
100
AcDb2dVertex
 10
-78.55570799283106
 20
2.677408972871802
 30
0.0
  0
VERTEX
  5
147
330
79
100
AcDbEntity
  8
outside2_B
100
AcDbVertex
100
AcDb2dVertex
 10
-78.99599990867415
 20
2.667520512008636
 30
0.0
  0
VERTEX
  5
148
330
79
100
AcDbEntity
  8
outside2_B
100
AcDbVertex
100
AcDb2dVertex
 10
-79.43613194369124
 20
2.657724723159447
 30
0.0
  0
VERTEX
  5
149
330
79
100
AcDbEntity
  8
outside2_B
100
AcDbVertex
100
AcDb2dVertex
 10
-79.87641071403078
 20
2.647935668033455
 30
0.0
  0
VERTEX
  5
14A
330
79
100
AcDbEntity
  8
outside2_B
100
AcDbVertex
100
AcDb2dVertex
 10
-80.31672473878172
 20
2.638138543816524
 30
0.0
  0
VERTEX
  5
14B
330
79
100
AcDbEntity
  8
outside2_B
100
AcDbVertex
100
AcDb2dVertex
 10
-80.75700665152709
 20
2.628349418761331
 30
0.0
  0
VERTEX
  5
14C
330
79
100
AcDbEntity
  8
outside2_B
100
AcDbVertex
100
AcDb2dVertex
 10
-81.19730582080848
 20
2.61855228580697
 30
0.0
  0
VERTEX
  5
14D
330
79
100
AcDbEntity
  8
outside2_B
100
AcDbVertex
100
AcDb2dVertex
 10
-81.63758734085314
 20
2.608763169489663
 30
0.0
  0
VERTEX
  5
14E
330
79
100
AcDbEntity
  8
outside2_B
100
AcDbVertex
100
AcDb2dVertex
 10
-82.07773442697618
 20
2.598967385108736
 30
0.0
  0
VERTEX
  5
14F
330
79
100
AcDbEntity
  8
outside2_B
100
AcDbVertex
100
AcDb2dVertex
 10
-82.51802359326308
 20
2.589277211423024
 30
0.0
  0
VERTEX
  5
150
330
79
100
AcDbEntity
  8
outside2_B
100
AcDbVertex
100
AcDb2dVertex
 10
-82.95837571058343
 20
2.579478900241085
 30
0.0
  0
VERTEX
  5
151
330
79
100
AcDbEntity
  8
outside2_B
100
AcDbVertex
100
AcDb2dVertex
 10
-83.39860428263165
 20
2.569690961157136
 30
0.0
  0
VERTEX
  5
152
330
79
100
AcDbEntity
  8
outside2_B
100
AcDbVertex
100
AcDb2dVertex
 10
-83.83884167906723
 20
2.559994303697977
 30
0.0
  0
VERTEX
  5
153
330
79
100
AcDbEntity
  8
outside2_B
100
AcDbVertex
100
AcDb2dVertex
 10
-84.27920140070938
 20
2.55030291289944
 30
0.0
  0
VERTEX
  5
154
330
79
100
AcDbEntity
  8
outside2_B
100
AcDbVertex
100
AcDb2dVertex
 10
-84.71938520253576
 20
2.540505971903414
 30
0.0
  0
VERTEX
  5
155
330
79
100
AcDbEntity
  8
outside2_B
100
AcDbVertex
100
AcDb2dVertex
 10
-85.15961239940503
 20
2.530817162081405
 30
0.0
  0
VERTEX
  5
156
330
79
100
AcDbEntity
  8
outside2_B
100
AcDbVertex
100
AcDb2dVertex
 10
-85.59990274406897
 20
2.521126962461182
 30
0.0
  0
VERTEX
  5
157
330
79
100
AcDbEntity
  8
outside2_B
100
AcDbVertex
100
AcDb2dVertex
 10
-86.0402167728808
 20
2.511428953030929
 30
0.0
  0
VERTEX
  5
158
330
79
100
AcDbEntity
  8
outside2_B
100
AcDbVertex
100
AcDb2dVertex
 10
-86.48049868152731
 20
2.501738939145952
 30
0.0
  0
VERTEX
  5
159
330
79
100
AcDbEntity
  8
outside2_B
100
AcDbVertex
100
AcDb2dVertex
 10
-86.92073723104642
 20
2.492042256365394
 30
0.0
  0
VERTEX
  5
15A
330
79
100
AcDbEntity
  8
outside2_B
100
AcDbVertex
100
AcDb2dVertex
 10
-87.36093167443283
 20
2.482451265860348
 30
0.0
  0
VERTEX
  5
15B
330
79
100
AcDbEntity
  8
outside2_B
100
AcDbVertex
100
AcDb2dVertex
 10
-87.80122527785403
 20
2.472760994519263
 30
0.0
  0
VERTEX
  5
15C
330
79
100
AcDbEntity
  8
outside2_B
100
AcDbVertex
100
AcDb2dVertex
 10
-88.24151562251797
 20
2.463162283801836
 30
0.0
  0
VERTEX
  5
15D
330
79
100
AcDbEntity
  8
outside2_B
100
AcDbVertex
100
AcDb2dVertex
 10
-88.68180155474857
 20
2.45347218129335
 30
0.0
  0
VERTEX
  5
15E
330
79
100
AcDbEntity
  8
outside2_B
100
AcDbVertex
100
AcDb2dVertex
 10
-89.12203453794797
 20
2.443882344187458
 30
0.0
  0
VERTEX
  5
15F
330
79
100
AcDbEntity
  8
outside2_B
100
AcDbVertex
100
AcDb2dVertex
 10
-89.56233370747151
 20
2.43428344115685
 30
0.0
  0
VERTEX
  5
160
330
79
100
AcDbEntity
  8
outside2_B
100
AcDbVertex
100
AcDb2dVertex
 10
-90.00252604568851
 20
2.424692496561079
 30
0.0
  0
VERTEX
  5
161
330
79
100
AcDbEntity
  8
outside2_B
100
AcDbVertex
100
AcDb2dVertex
 10
-90.44275672096074
 20
2.415102709735265
 30
0.0
  0
VERTEX
  5
162
330
79
100
AcDbEntity
  8
outside2_B
100
AcDbVertex
100
AcDb2dVertex
 10
-90.88305147810416
 20
2.405610640944886
 30
0.0
  0
VERTEX
  5
163
330
79
100
AcDbEntity
  8
outside2_B
100
AcDbVertex
100
AcDb2dVertex
 10
-91.32334163254683
 20
2.396011934374442
 30
0.0
  0
VERTEX
  5
164
330
79
100
AcDbEntity
  8
outside2_B
100
AcDbVertex
100
AcDb2dVertex
 10
-91.76358526031828
 20
2.386521296533758
 30
0.0
  0
VERTEX
  5
165
330
79
100
AcDbEntity
  8
outside2_B
100
AcDbVertex
100
AcDb2dVertex
 10
-92.20387598547615
 20
2.377029314666856
 30
0.0
  0
VERTEX
  5
166
330
79
100
AcDbEntity
  8
outside2_B
100
AcDbVertex
100
AcDb2dVertex
 10
-92.64416633014008
 20
2.367537341002674
 30
0.0
  0
VERTEX
  5
167
330
79
100
AcDbEntity
  8
outside2_B
100
AcDbVertex
100
AcDb2dVertex
 10
-93.08445667480402
 20
2.358045367338491
 30
0.0
  0
VERTEX
  5
168
330
79
100
AcDbEntity
  8
outside2_B
100
AcDbVertex
100
AcDb2dVertex
 10
-93.52466664088996
 20
2.348545529956681
 30
0.0
  0
VERTEX
  5
169
330
79
100
AcDbEntity
  8
outside2_B
100
AcDbVertex
100
AcDb2dVertex
 10
-93.96488851233488
 20
2.339055032589499
 30
0.0
  0
VERTEX
  5
16A
330
79
100
AcDbEntity
  8
outside2_B
100
AcDbVertex
100
AcDb2dVertex
 10
-94.40512149385637
 20
2.329663395650357
 30
0.0
  0
VERTEX
  5
16B
330
79
100
AcDbEntity
  8
outside2_B
100
AcDbVertex
100
AcDb2dVertex
 10
-94.8454118385203
 20
2.320270534964195
 30
0.0
  0
VERTEX
  5
16C
330
79
100
AcDbEntity
  8
outside2_B
100
AcDbVertex
100
AcDb2dVertex
 10
-95.28570218318424
 20
2.310877674278032
 30
0.0
  0
VERTEX
  5
16D
330
79
100
AcDbEntity
  8
outside2_B
100
AcDbVertex
100
AcDb2dVertex
 10
-95.72600739947228
 20
2.3014848216243
 30
0.0
  0
VERTEX
  5
16E
330
79
100
AcDbEntity
  8
outside2_B
100
AcDbVertex
100
AcDb2dVertex
 10
-96.16624075692499
 20
2.292093176665446
 30
0.0
  0
VERTEX
  5
16F
330
79
100
AcDbEntity
  8
outside2_B
100
AcDbVertex
100
AcDb2dVertex
 10
-96.60647373763783
 20
2.282800639808499
 30
0.0
  0
VERTEX
  5
170
330
79
100
AcDbEntity
  8
outside2_B
100
AcDbVertex
100
AcDb2dVertex
 10
-97.04682144625627
 20
2.273505681249077
 30
0.0
  0
VERTEX
  5
171
330
79
100
AcDbEntity
  8
outside2_B
100
AcDbVertex
100
AcDb2dVertex
 10
-97.48705442670104
 20
2.264114044332928
 30
0.0
  0
VERTEX
  5
172
330
79
100
AcDbEntity
  8
outside2_B
100
AcDbVertex
100
AcDb2dVertex
 10
-97.92728722081739
 20
2.254920611437612
 30
0.0
  0
VERTEX
  5
173
330
79
100
AcDbEntity
  8
outside2_B
100
AcDbVertex
100
AcDb2dVertex
 10
-98.3675928136318
 20
2.24562686372947
 30
0.0
  0
VERTEX
  5
174
330
79
100
AcDbEntity
  8
outside2_B
100
AcDbVertex
100
AcDb2dVertex
 10
-98.80788222707002
 20
2.236432248446235
 30
0.0
  0
VERTEX
  5
175
330
79
100
AcDbEntity
  8
outside2_B
100
AcDbVertex
100
AcDb2dVertex
 10
-99.24826387632692
 20
2.227138504627746
 30
0.0
  0
VERTEX
  5
176
330
79
100
AcDbEntity
  8
outside2_B
100
AcDbVertex
100
AcDb2dVertex
 10
-99.68851303757486
 20
2.217945048323799
 30
0.0
  0
VERTEX
  5
177
330
79
100
AcDbEntity
  8
outside2_B
100
AcDbVertex
100
AcDb2dVertex
 10
-100.1287419727919
 20
2.208759319096373
 30
0.0
  0
VERTEX
  5
178
330
79
100
AcDbEntity
  8
outside2_B
100
AcDbVertex
100
AcDb2dVertex
 10
-100.5690367301684
 20
2.199663706186399
 30
0.0
  0
VERTEX
  5
179
330
79
100
AcDbEntity
  8
outside2_B
100
AcDbVertex
100
AcDb2dVertex
 10
-101.0093270748341
 20
2.190469071456235
 30
0.0
  0
VERTEX
  5
17A
330
79
100
AcDbEntity
  8
outside2_B
100
AcDbVertex
100
AcDb2dVertex
 10
-101.4495600538806
 20
2.181374734763565
 30
0.0
  0
VERTEX
  5
17B
330
79
100
AcDbEntity
  8
outside2_B
100
AcDbVertex
100
AcDb2dVertex
 10
-101.8897949816158
 20
2.172280515290552
 30
0.0
  0
VERTEX
  5
17C
330
79
100
AcDbEntity
  8
outside2_B
100
AcDbVertex
100
AcDb2dVertex
 10
-102.3301845303758
 20
2.163291728731892
 30
0.0
  0
VERTEX
  5
17D
330
79
100
AcDbEntity
  8
outside2_B
100
AcDbVertex
100
AcDb2dVertex
 10
-102.7704803685794
 20
2.154196093494193
 30
0.0
  0
VERTEX
  5
17E
330
79
100
AcDbEntity
  8
outside2_B
100
AcDbVertex
100
AcDb2dVertex
 10
-103.2107208807938
 20
2.145200858703234
 30
0.0
  0
VERTEX
  5
17F
330
79
100
AcDbEntity
  8
outside2_B
100
AcDbVertex
100
AcDb2dVertex
 10
-103.6510025801211
 20
2.136212250577287
 30
0.0
  0
VERTEX
  5
180
330
79
100
AcDbEntity
  8
outside2_B
100
AcDbVertex
100
AcDb2dVertex
 10
-104.0913498585177
 20
2.127216859221818
 30
0.0
  0
VERTEX
  5
181
330
79
100
AcDbEntity
  8
outside2_B
100
AcDbVertex
100
AcDb2dVertex
 10
-104.5315840980459
 20
2.118320697186675
 30
0.0
  0
VERTEX
  5
182
330
79
100
AcDbEntity
  8
outside2_B
100
AcDbVertex
100
AcDb2dVertex
 10
-104.971865616921
 20
2.109431203739121
 30
0.0
  0
VERTEX
  5
183
330
79
100
AcDbEntity
  8
outside2_B
100
AcDbVertex
100
AcDb2dVertex
 10
-105.4122690281321
 20
2.100533780108265
 30
0.0
  0
VERTEX
  5
184
330
79
100
AcDbEntity
  8
outside2_B
100
AcDbVertex
100
AcDb2dVertex
 10
-105.852500088459
 20
2.09164530540572
 30
0.0
  0
VERTEX
  5
185
330
79
100
AcDbEntity
  8
outside2_B
100
AcDbVertex
100
AcDb2dVertex
 10
-106.2927374780665
 20
2.082848180771833
 30
0.0
  0
VERTEX
  5
186
330
79
100
AcDbEntity
  8
outside2_B
100
AcDbVertex
100
AcDb2dVertex
 10
-106.7331232674883
 20
2.0740578475543
 30
0.0
  0
VERTEX
  5
187
330
79
100
AcDbEntity
  8
outside2_B
100
AcDbVertex
100
AcDb2dVertex
 10
-107.1734160785593
 20
2.065267239574723
 30
0.0
  0
VERTEX
  5
188
330
79
100
AcDbEntity
  8
outside2_B
100
AcDbVertex
100
AcDb2dVertex
 10
-107.613751347371
 20
2.056470139393127
 30
0.0
  0
VERTEX
  5
189
330
79
100
AcDbEntity
  8
outside2_B
100
AcDbVertex
100
AcDb2dVertex
 10
-108.053988593363
 20
2.047779892290379
 30
0.0
  0
VERTEX
  5
18A
330
79
100
AcDbEntity
  8
outside2_B
100
AcDbVertex
100
AcDb2dVertex
 10
-108.4943240495907
 20
2.039081889191749
 30
0.0
  0
VERTEX
  5
18B
330
79
100
AcDbEntity
  8
outside2_B
100
AcDbVertex
100
AcDb2dVertex
 10
-108.9346176063084
 20
2.030489642504733
 30
0.0
  0
VERTEX
  5
18C
330
79
100
AcDbEntity
  8
outside2_B
100
AcDbVertex
100
AcDb2dVertex
 10
-109.3750071500796
 20
2.021798195040105
 30
0.0
  0
VERTEX
  5
18D
330
79
100
AcDbEntity
  8
outside2_B
100
AcDbVertex
100
AcDb2dVertex
 10
-109.8152412573914
 20
2.013206959733793
 30
0.0
  0
VERTEX
  5
18E
330
79
100
AcDbEntity
  8
outside2_B
100
AcDbVertex
100
AcDb2dVertex
 10
-110.255583069173
 20
2.004608082208691
 30
0.0
  0
VERTEX
  5
18F
330
79
100
AcDbEntity
  8
outside2_B
100
AcDbVertex
100
AcDb2dVertex
 10
-110.6959108434916
 20
1.99611605200613
 30
0.0
  0
VERTEX
  5
190
330
79
100
AcDbEntity
  8
outside2_B
100
AcDbVertex
100
AcDb2dVertex
 10
-111.136203401018
 20
1.987622789515967
 30
0.0
  0
VERTEX
  5
191
330
79
100
AcDbEntity
  8
outside2_B
100
AcDbVertex
100
AcDb2dVertex
 10
-111.5765980996921
 20
1.979129615670644
 30
0.0
  0
VERTEX
  5
192
330
79
100
AcDbEntity
  8
outside2_B
100
AcDbVertex
100
AcDb2dVertex
 10
-112.016931378997
 20
1.970637479300592
 30
0.0
  0
VERTEX
  5
193
330
79
100
AcDbEntity
  8
outside2_B
100
AcDbVertex
100
AcDb2dVertex
 10
-112.4571729989574
 20
1.96224444673706
 30
0.0
  0
VERTEX
  5
194
330
79
100
AcDbEntity
  8
outside2_B
100
AcDbVertex
100
AcDb2dVertex
 10
-112.897502996058
 20
1.953851473266539
 30
0.0
  0
VERTEX
  5
195
330
79
100
AcDbEntity
  8
outside2_B
100
AcDbVertex
100
AcDb2dVertex
 10
-113.3379000777522
 20
1.945556479414265
 30
0.0
  0
VERTEX
  5
196
330
79
100
AcDbEntity
  8
outside2_B
100
AcDbVertex
100
AcDb2dVertex
 10
-113.7782906991275
 20
1.937162350402019
 30
0.0
  0
VERTEX
  5
197
330
79
100
AcDbEntity
  8
outside2_B
100
AcDbVertex
100
AcDb2dVertex
 10
-114.2184662433812
 20
1.928869519369158
 30
0.0
  0
VERTEX
  5
198
330
79
100
AcDbEntity
  8
outside2_B
100
AcDbVertex
100
AcDb2dVertex
 10
-114.6588048027161
 20
1.920674727608116
 30
0.0
  0
VERTEX
  5
199
330
79
100
AcDbEntity
  8
outside2_B
100
AcDbVertex
100
AcDb2dVertex
 10
-115.099185599964
 20
1.912486631906802
 30
0.0
  0
VERTEX
  5
19A
330
79
100
AcDbEntity
  8
outside2_B
100
AcDbVertex
100
AcDb2dVertex
 10
-115.5395913420541
 20
1.904290589934348
 30
0.0
  0
VERTEX
  5
19B
330
79
100
AcDbEntity
  8
outside2_B
100
AcDbVertex
100
AcDb2dVertex
 10
-115.9799236038188
 20
1.896095773505209
 30
0.0
  0
VERTEX
  5
19C
330
79
100
AcDbEntity
  8
outside2_B
100
AcDbVertex
100
AcDb2dVertex
 10
-116.4202557011175
 20
1.888000060205499
 30
0.0
  0
VERTEX
  5
19D
330
79
100
AcDbEntity
  8
outside2_B
100
AcDbVertex
100
AcDb2dVertex
 10
-116.8605909286019
 20
1.879912052592033
 30
0.0
  0
VERTEX
  5
19E
330
79
100
AcDbEntity
  8
outside2_B
100
AcDbVertex
100
AcDb2dVertex
 10
-117.3009275185837
 20
1.871915357771968
 30
0.0
  0
VERTEX
  5
19F
330
79
100
AcDbEntity
  8
outside2_B
100
AcDbVertex
100
AcDb2dVertex
 10
-117.7413872536108
 20
1.863925988379847
 30
0.0
  0
VERTEX
  5
1A0
330
79
100
AcDbEntity
  8
outside2_B
100
AcDbVertex
100
AcDb2dVertex
 10
-118.6221197185455
 20
1.848038391048277
 30
0.0
  0
VERTEX
  5
1A1
330
79
100
AcDbEntity
  8
outside2_B
100
AcDbVertex
100
AcDb2dVertex
 10
-119.502819707705
 20
1.832250482788311
 30
0.0
  0
VERTEX
  5
1A2
330
79
100
AcDbEntity
  8
outside2_B
100
AcDbVertex
100
AcDb2dVertex
 10
-120.3835901729952
 20
1.816661287691218
 30
0.0
  0
VERTEX
  5
1A3
330
79
100
AcDbEntity
  8
outside2_B
100
AcDbVertex
100
AcDb2dVertex
 10
-121.2643799607455
 20
1.801269821766567
 30
0.0
  0
VERTEX
  5
1A4
330
79
100
AcDbEntity
  8
outside2_B
100
AcDbVertex
100
AcDb2dVertex
 10
-122.1451773330837
 20
1.785985082874959
 30
0.0
  0
VERTEX
  5
1A5
330
79
100
AcDbEntity
  8
outside2_B
100
AcDbVertex
100
AcDb2dVertex
 10
-123.0259769494513
 20
1.770898511637355
 30
0.0
  0
VERTEX
  5
1A6
330
79
100
AcDbEntity
  8
outside2_B
100
AcDbVertex
100
AcDb2dVertex
 10
-123.9067765648487
 20
1.755911043713951
 30
0.0
  0
VERTEX
  5
1A7
330
79
100
AcDbEntity
  8
outside2_B
100
AcDbVertex
100
AcDb2dVertex
 10
-124.7875470251905
 20
1.741122271920077
 30
0.0
  0
VERTEX
  5
1A8
330
79
100
AcDbEntity
  8
outside2_B
100
AcDbVertex
100
AcDb2dVertex
 10
-125.668443545859
 20
1.726531253594629
 30
0.0
  0
VERTEX
  5
1A9
330
79
100
AcDbEntity
  8
outside2_B
100
AcDbVertex
100
AcDb2dVertex
 10
-126.5492144917943
 20
1.712047396945195
 30
0.0
  0
VERTEX
  5
1AA
330
79
100
AcDbEntity
  8
outside2_B
100
AcDbVertex
100
AcDb2dVertex
 10
-127.4300840428252
 20
1.697853225404685
 30
0.0
  0
VERTEX
  5
1AB
330
79
100
AcDbEntity
  8
outside2_B
100
AcDbVertex
100
AcDb2dVertex
 10
-128.3109877425894
 20
1.68376535274632
 30
0.0
  0
VERTEX
  5
1AC
330
79
100
AcDbEntity
  8
outside2_B
100
AcDbVertex
100
AcDb2dVertex
 10
-129.1919657817294
 20
1.669875956320794
 30
0.0
  0
VERTEX
  5
1AD
330
79
100
AcDbEntity
  8
outside2_B
100
AcDbVertex
100
AcDb2dVertex
 10
-130.5132791850608
 20
1.649293444513788
 30
0.0
  0
VERTEX
  5
1AE
330
79
100
AcDbEntity
  8
outside2_B
100
AcDbVertex
100
AcDb2dVertex
 10
-132.2752280158307
 20
1.622620234894825
 30
0.0
  0
VERTEX
  5
1AF
330
79
100
AcDbEntity
  8
outside2_B
100
AcDbVertex
100
AcDb2dVertex
 10
-134.0371793985218
 20
1.596739677705699
 30
0.0
  0
VERTEX
  5
1B0
330
79
100
AcDbEntity
  8
outside2_B
100
AcDbVertex
100
AcDb2dVertex
 10
-135.7992364168518
 20
1.571560464863836
 30
0.0
  0
VERTEX
  5
1B1
330
79
100
AcDbEntity
  8
outside2_B
100
AcDbVertex
100
AcDb2dVertex
 10
-137.5612869289892
 20
1.547181665677982
 30
0.0
  0
VERTEX
  5
1B2
330
79
100
AcDbEntity
  8
outside2_B
100
AcDbVertex
100
AcDb2dVertex
 10
-139.3234285546022
 20
1.52349678197983
 30
0.0
  0
VERTEX
  5
1B3
330
79
100
AcDbEntity
  8
outside2_B
100
AcDbVertex
100
AcDb2dVertex
 10
-141.0856475336162
 20
1.500719226363884
 30
0.0
  0
VERTEX
  5
1B4
330
79
100
AcDbEntity
  8
outside2_B
100
AcDbVertex
100
AcDb2dVertex
 10
-142.8479039137648
 20
1.478734092349612
 30
0.0
  0
VERTEX
  5
1B5
330
79
100
AcDbEntity
  8
outside2_B
100
AcDbVertex
100
AcDb2dVertex
 10
-144.610242882396
 20
1.457450486577528
 30
0.0
  0
VERTEX
  5
1B6
330
79
100
AcDbEntity
  8
outside2_B
100
AcDbVertex
100
AcDb2dVertex
 10
-146.3725543099052
 20
1.437074344328977
 30
0.0
  0
VERTEX
  5
1B7
330
79
100
AcDbEntity
  8
outside2_B
100
AcDbVertex
100
AcDb2dVertex
 10
-148.1349726555889
 20
1.417589916366822
 30
0.0
  0
VERTEX
  5
1B8
330
79
100
AcDbEntity
  8
outside2_B
100
AcDbVertex
100
AcDb2dVertex
 10
-149.8974129656188
 20
1.398905753009501
 30
0.0
  0
VERTEX
  5
1B9
330
79
100
AcDbEntity
  8
outside2_B
100
AcDbVertex
100
AcDb2dVertex
 10
-151.6599369658682
 20
1.381014546152628
 30
0.0
  0
VERTEX
  5
1BA
330
79
100
AcDbEntity
  8
outside2_B
100
AcDbVertex
100
AcDb2dVertex
 10
-153.4224455453588
 20
1.364030626204595
 30
0.0
  0
VERTEX
  5
1BB
330
79
100
AcDbEntity
  8
outside2_B
100
AcDbVertex
100
AcDb2dVertex
 10
-155.1850688035484
 20
1.347946071509668
 30
0.0
  0
VERTEX
  5
1BC
330
79
100
AcDbEntity
  8
outside2_B
100
AcDbVertex
100
AcDb2dVertex
 10
-156.9475796016482
 20
1.332662048906116
 30
0.0
  0
VERTEX
  5
1BD
330
79
100
AcDbEntity
  8
outside2_B
100
AcDbVertex
100
AcDb2dVertex
 10
-158.7102808092481
 20
1.318369135266281
 30
0.0
  0
VERTEX
  5
1BE
330
79
100
AcDbEntity
  8
outside2_B
100
AcDbVertex
100
AcDb2dVertex
 10
-160.4729040945872
 20
1.30498312650829
 30
0.0
  0
VERTEX
  5
1BF
330
79
100
AcDbEntity
  8
outside2_B
100
AcDbVertex
100
AcDb2dVertex
 10
-162.2356120374569
 20
1.292390014153341
 30
0.0
  0
VERTEX
  5
1C0
330
79
100
AcDbEntity
  8
outside2_B
100
AcDbVertex
100
AcDb2dVertex
 10
-163.9982903103301
 20
1.280803326145943
 30
0.0
  0
VERTEX
  5
1C1
330
79
100
AcDbEntity
  8
outside2_B
100
AcDbVertex
100
AcDb2dVertex
 10
-165.761003188664
 20
1.270215042723024
 30
0.0
  0
VERTEX
  5
1C2
330
79
100
AcDbEntity
  8
outside2_B
100
AcDbVertex
100
AcDb2dVertex
 10
-167.5237997548562
 20
1.260419632172315
 30
0.0
  0
VERTEX
  5
1C3
330
79
100
AcDbEntity
  8
outside2_B
100
AcDbVertex
100
AcDb2dVertex
 10
-169.2865925902298
 20
1.251729539924426
 30
0.0
  0
VERTEX
  5
1C4
330
79
100
AcDbEntity
  8
outside2_B
100
AcDbVertex
100
AcDb2dVertex
 10
-171.0493892326775
 20
1.243832228041526
 30
0.0
  0
VERTEX
  5
1C5
330
79
100
AcDbEntity
  8
outside2_B
100
AcDbVertex
100
AcDb2dVertex
 10
-172.8121704404788
 20
1.237040294375873
 30
0.0
  0
VERTEX
  5
1C6
330
79
100
AcDbEntity
  8
outside2_B
100
AcDbVertex
100
AcDb2dVertex
 10
-174.5749489352076
 20
1.231147849937273
 30
0.0
  0
VERTEX
  5
1C7
330
79
100
AcDbEntity
  8
outside2_B
100
AcDbVertex
100
AcDb2dVertex
 10
-176.3377120210315
 20
1.226353144710757
 30
0.0
  0
VERTEX
  5
1C8
330
79
100
AcDbEntity
  8
outside2_B
100
AcDbVertex
100
AcDb2dVertex
 10
-178.5413289664559
 20
1.22164983072507
 30
0.0
  0
VERTEX
  5
1C9
330
79
100
AcDbEntity
  8
outside2_B
100
AcDbVertex
100
AcDb2dVertex
 10
-180.744818538308
 20
1.218654074040657
 30
0.0
  0
VERTEX
  5
1CA
330
79
100
AcDbEntity
  8
outside2_B
100
AcDbVertex
100
AcDb2dVertex
 10
-182.9482178755102
 20
1.217160068276939
 30
0.0
  0
VERTEX
  5
1CB
330
79
100
AcDbEntity
  8
outside2_B
100
AcDbVertex
100
AcDb2dVertex
 10
-183.3857953566374
 20
1.217357250406465
 30
0.0
  0
VERTEX
  5
1CC
330
79
100
AcDbEntity
  8
outside2_B
100
AcDbVertex
100
AcDb2dVertex
 10
-183.395557459144
 20
1.217439311403936
 30
0.0
  0
SEQEND
  5
1CD
330
79
100
AcDbEntity
  8
outside2_B
  0
POLYLINE
  5
1CE
330
1F
100
AcDbEntity
  8
outside2_B
100
AcDb2dPolyline
 66
     1
 10
0.0
 20
0.0
 30
0.0
  0
VERTEX
  5
1CF
330
1CE
100
AcDbEntity
  8
outside2_B
100
AcDbVertex
100
AcDb2dVertex
 10
-184.4126379975557
 20
3.097632675429864
 30
0.0
  0
VERTEX
  5
1D0
330
1CE
100
AcDbEntity
  8
outside2_B
100
AcDbVertex
100
AcDb2dVertex
 10
-184.4169727673713
 20
3.097632675429864
 30
0.0
  0
VERTEX
  5
1D1
330
1CE
100
AcDbEntity
  8
outside2_B
100
AcDbVertex
100
AcDb2dVertex
 10
-186.9146848438366
 20
3.096031841818629
 30
0.0
  0
VERTEX
  5
1D2
330
1CE
100
AcDbEntity
  8
outside2_B
100
AcDbVertex
100
AcDb2dVertex
 10
-189.1182649192813
 20
3.093036096815865
 30
0.0
  0
VERTEX
  5
1D3
330
1CE
100
AcDbEntity
  8
outside2_B
100
AcDbVertex
100
AcDb2dVertex
 10
-191.3217600278411
 20
3.088340454163145
 30
0.0
  0
VERTEX
  5
1D4
330
1CE
100
AcDbEntity
  8
outside2_B
100
AcDbVertex
100
AcDb2dVertex
 10
-193.5252619266974
 20
3.08215071361299
 30
0.0
  0
VERTEX
  5
1D5
330
1CE
100
AcDbEntity
  8
outside2_B
100
AcDbVertex
100
AcDb2dVertex
 10
-195.7287838868181
 20
3.074352484263272
 30
0.0
  0
VERTEX
  5
1D6
330
1CE
100
AcDbEntity
  8
outside2_B
100
AcDbVertex
100
AcDb2dVertex
 10
-197.4915577382241
 20
3.067057474843651
 30
0.0
  0
VERTEX
  5
1D7
330
1CE
100
AcDbEntity
  8
outside2_B
100
AcDbVertex
100
AcDb2dVertex
 10
-199.254254466635
 20
3.058763767664061
 30
0.0
  0
VERTEX
  5
1D8
330
1CE
100
AcDbEntity
  8
outside2_B
100
AcDbVertex
100
AcDb2dVertex
 10
-201.0170491933018
 20
3.049578187775481
 30
0.0
  0
VERTEX
  5
1D9
330
1CE
100
AcDbEntity
  8
outside2_B
100
AcDbVertex
100
AcDb2dVertex
 10
-202.7797436320007
 20
3.039386393570425
 30
0.0
  0
VERTEX
  5
1DA
330
1CE
100
AcDbEntity
  8
outside2_B
100
AcDbVertex
100
AcDb2dVertex
 10
-204.5424392507987
 20
3.028295091778219
 30
0.0
  0
VERTEX
  5
1DB
330
1CE
100
AcDbEntity
  8
outside2_B
100
AcDbVertex
100
AcDb2dVertex
 10
-206.3051348724793
 20
3.016205191660532
 30
0.0
  0
VERTEX
  5
1DC
330
1CE
100
AcDbEntity
  8
outside2_B
100
AcDbVertex
100
AcDb2dVertex
 10
-208.0678447168902
 20
3.003215685969394
 30
0.0
  0
VERTEX
  5
1DD
330
1CE
100
AcDbEntity
  8
outside2_B
100
AcDbVertex
100
AcDb2dVertex
 10
-209.830453540184
 20
2.989326672389325
 30
0.0
  0
VERTEX
  5
1DE
330
1CE
100
AcDbEntity
  8
outside2_B
100
AcDbVertex
100
AcDb2dVertex
 10
-211.5930785852174
 20
2.974538030681686
 30
0.0
  0
VERTEX
  5
1DF
330
1CE
100
AcDbEntity
  8
outside2_B
100
AcDbVertex
100
AcDb2dVertex
 10
-213.3555885561429
 20
2.958949088809732
 30
0.0
  0
VERTEX
  5
1E0
330
1CE
100
AcDbEntity
  8
outside2_B
100
AcDbVertex
100
AcDb2dVertex
 10
-215.1181982916193
 20
2.942369174518078
 30
0.0
  0
VERTEX
  5
1E1
330
1CE
100
AcDbEntity
  8
outside2_B
100
AcDbVertex
100
AcDb2dVertex
 10
-216.880621137195
 20
2.924981097267121
 30
0.0
  0
VERTEX
  5
1E2
330
1CE
100
AcDbEntity
  8
outside2_B
100
AcDbVertex
100
AcDb2dVertex
 10
-218.6431320454885
 20
2.906693629676937
 30
0.0
  0
VERTEX
  5
1E3
330
1CE
100
AcDbEntity
  8
outside2_B
100
AcDbVertex
100
AcDb2dVertex
 10
-220.4055710986598
 20
2.887513979949077
 30
0.0
  0
VERTEX
  5
1E4
330
1CE
100
AcDbEntity
  8
outside2_B
100
AcDbVertex
100
AcDb2dVertex
 10
-222.1678949423287
 20
2.867625544798699
 30
0.0
  0
VERTEX
  5
1E5
330
1CE
100
AcDbEntity
  8
outside2_B
100
AcDbVertex
100
AcDb2dVertex
 10
-223.9302205278364
 20
2.846746103253608
 30
0.0
  0
VERTEX
  5
1E6
330
1CE
100
AcDbEntity
  8
outside2_B
100
AcDbVertex
100
AcDb2dVertex
 10
-225.6925732639151
 20
2.825165008819695
 30
0.0
  0
VERTEX
  5
1E7
330
1CE
100
AcDbEntity
  8
outside2_B
100
AcDbVertex
100
AcDb2dVertex
 10
-227.4547971877243
 20
2.802783852000886
 30
0.0
  0
VERTEX
  5
1E8
330
1CE
100
AcDbEntity
  8
outside2_B
100
AcDbVertex
100
AcDb2dVertex
 10
-229.2169357959436
 20
2.779502988477873
 30
0.0
  0
VERTEX
  5
1E9
330
1CE
100
AcDbEntity
  8
outside2_B
100
AcDbVertex
100
AcDb2dVertex
 10
-230.9790747105858
 20
2.755520799732338
 30
0.0
  0
VERTEX
  5
1EA
330
1CE
100
AcDbEntity
  8
outside2_B
100
AcDbVertex
100
AcDb2dVertex
 10
-232.7412286218329
 20
2.730638873213564
 30
0.0
  0
VERTEX
  5
1EB
330
1CE
100
AcDbEntity
  8
outside2_B
100
AcDbVertex
100
AcDb2dVertex
 10
-234.5032827232013
 20
2.70516234519647
 30
0.0
  0
VERTEX
  5
1EC
330
1CE
100
AcDbEntity
  8
outside2_B
100
AcDbVertex
100
AcDb2dVertex
 10
-236.2652208236779
 20
2.678786518460228
 30
0.0
  0
VERTEX
  5
1ED
330
1CE
100
AcDbEntity
  8
outside2_B
100
AcDbVertex
100
AcDb2dVertex
 10
-238.0270975939679
 20
2.651708788692105
 30
0.0
  0
VERTEX
  5
1EE
330
1CE
100
AcDbEntity
  8
outside2_B
100
AcDbVertex
100
AcDb2dVertex
 10
-239.3485167058959
 20
2.630920437761787
 30
0.0
  0
VERTEX
  5
1EF
330
1CE
100
AcDbEntity
  8
outside2_B
100
AcDbVertex
100
AcDb2dVertex
 10
-240.2293776367363
 20
2.616833127175354
 30
0.0
  0
VERTEX
  5
1F0
330
1CE
100
AcDbEntity
  8
outside2_B
100
AcDbVertex
100
AcDb2dVertex
 10
-241.1102464419432
 20
2.602547506245941
 30
0.0
  0
VERTEX
  5
1F1
330
1CE
100
AcDbEntity
  8
outside2_B
100
AcDbVertex
100
AcDb2dVertex
 10
-241.9911451776724
 20
2.588055554530101
 30
0.0
  0
VERTEX
  5
1F2
330
1CE
100
AcDbEntity
  8
outside2_B
100
AcDbVertex
100
AcDb2dVertex
 10
-242.8720448717638
 20
2.573472122755348
 30
0.0
  0
VERTEX
  5
1F3
330
1CE
100
AcDbEntity
  8
outside2_B
100
AcDbVertex
100
AcDb2dVertex
 10
-243.7529136756997
 20
2.558683379658746
 30
0.0
  0
VERTEX
  5
1F4
330
1CE
100
AcDbEntity
  8
outside2_B
100
AcDbVertex
100
AcDb2dVertex
 10
-244.633811913183
 20
2.543695919922584
 30
0.0
  0
VERTEX
  5
1F5
330
1CE
100
AcDbEntity
  8
outside2_B
100
AcDbVertex
100
AcDb2dVertex
 10
-245.5146078825072
 20
2.528609394830767
 30
0.0
  0
VERTEX
  5
1F6
330
1CE
100
AcDbEntity
  8
outside2_B
100
AcDbVertex
100
AcDb2dVertex
 10
-246.3953788260232
 20
2.513317491483932
 30
0.0
  0
VERTEX
  5
1F7
330
1CE
100
AcDbEntity
  8
outside2_B
100
AcDbVertex
100
AcDb2dVertex
 10
-247.2761784438846
 20
2.49783450702941
 30
0.0
  0
VERTEX
  5
1F8
330
1CE
100
AcDbEntity
  8
outside2_B
100
AcDbVertex
100
AcDb2dVertex
 10
-248.15697585684
 20
2.482244834972164
 30
0.0
  0
VERTEX
  5
1F9
330
1CE
100
AcDbEntity
  8
outside2_B
100
AcDbVertex
100
AcDb2dVertex
 10
-249.0377749491262
 20
2.466456926714187
 30
0.0
  0
VERTEX
  5
1FA
330
1CE
100
AcDbEntity
  8
outside2_B
100
AcDbVertex
100
AcDb2dVertex
 10
-249.9185005624223
 20
2.450569418599329
 30
0.0
  0
VERTEX
  5
1FB
330
1CE
100
AcDbEntity
  8
outside2_B
100
AcDbVertex
100
AcDb2dVertex
 10
-250.3589110059212
 20
2.442573285981453
 30
0.0
  0
VERTEX
  5
1FC
330
1CE
100
AcDbEntity
  8
outside2_B
100
AcDbVertex
100
AcDb2dVertex
 10
-250.7992483398247
 20
2.4344851345829
 30
0.0
  0
VERTEX
  5
1FD
330
1CE
100
AcDbEntity
  8
outside2_B
100
AcDbVertex
100
AcDb2dVertex
 10
-251.2396328253711
 20
2.426388528109584
 30
0.0
  0
VERTEX
  5
1FE
330
1CE
100
AcDbEntity
  8
outside2_B
100
AcDbVertex
100
AcDb2dVertex
 10
-251.6800260950725
 20
2.418291760212497
 30
0.0
  0
VERTEX
  5
1FF
330
1CE
100
AcDbEntity
  8
outside2_B
100
AcDbVertex
100
AcDb2dVertex
 10
-252.1203655786946
 20
2.410203569252076
 30
0.0
  0
VERTEX
  5
200
330
1CE
100
AcDbEntity
  8
outside2_B
100
AcDbVertex
100
AcDb2dVertex
 10
-252.5607407357539
 20
2.40200990495218
 30
0.0
  0
VERTEX
  5
201
330
1CE
100
AcDbEntity
  8
outside2_B
100
AcDbVertex
100
AcDb2dVertex
 10
-253.0011310116824
 20
2.393714931587454
 30
0.0
  0
VERTEX
  5
202
330
1CE
100
AcDbEntity
  8
outside2_B
100
AcDbVertex
100
AcDb2dVertex
 10
-253.4415232007617
 20
2.385519070823136
 30
0.0
  0
VERTEX
  5
203
330
1CE
100
AcDbEntity
  8
outside2_B
100
AcDbVertex
100
AcDb2dVertex
 10
-253.8817018270764
 20
2.377226217624568
 30
0.0
  0
VERTEX
  5
204
330
1CE
100
AcDbEntity
  8
outside2_B
100
AcDbVertex
100
AcDb2dVertex
 10
-254.3221942305435
 20
2.368832110397278
 30
0.0
  0
VERTEX
  5
205
330
1CE
100
AcDbEntity
  8
outside2_B
100
AcDbVertex
100
AcDb2dVertex
 10
-254.7624872732447
 20
2.360537137531963
 30
0.0
  0
VERTEX
  5
206
330
1CE
100
AcDbEntity
  8
outside2_B
100
AcDbVertex
100
AcDb2dVertex
 10
-255.2028223383118
 20
2.352144103784042
 30
0.0
  0
VERTEX
  5
207
330
1CE
100
AcDbEntity
  8
outside2_B
100
AcDbVertex
100
AcDb2dVertex
 10
-255.6431582923285
 20
2.343751089417324
 30
0.0
  0
VERTEX
  5
208
330
1CE
100
AcDbEntity
  8
outside2_B
100
AcDbVertex
100
AcDb2dVertex
 10
-256.0834942046177
 20
2.335258975776526
 30
0.0
  0
VERTEX
  5
209
330
1CE
100
AcDbEntity
  8
outside2_B
100
AcDbVertex
100
AcDb2dVertex
 10
-256.5238874742973
 20
2.32676575596777
 30
0.0
  0
VERTEX
  5
20A
330
1CE
100
AcDbEntity
  8
outside2_B
100
AcDbVertex
100
AcDb2dVertex
 10
-256.9642214597414
 20
2.318273642733402
 30
0.0
  0
VERTEX
  5
20B
330
1CE
100
AcDbEntity
  8
outside2_B
100
AcDbVertex
100
AcDb2dVertex
 10
-257.4045573940285
 20
2.309682428594002
 30
0.0
  0
VERTEX
  5
20C
330
1CE
100
AcDbEntity
  8
outside2_B
100
AcDbVertex
100
AcDb2dVertex
 10
-257.8448473630304
 20
2.301090140329279
 30
0.0
  0
VERTEX
  5
20D
330
1CE
100
AcDbEntity
  8
outside2_B
100
AcDbVertex
100
AcDb2dVertex
 10
-258.2852340903173
 20
2.292490311184494
 30
0.0
  0
VERTEX
  5
20E
330
1CE
100
AcDbEntity
  8
outside2_B
100
AcDbVertex
100
AcDb2dVertex
 10
-258.725577673916
 20
2.283898947726115
 30
0.0
  0
VERTEX
  5
20F
330
1CE
100
AcDbEntity
  8
outside2_B
100
AcDbVertex
100
AcDb2dVertex
 10
-259.1658114146865
 20
2.27520865695719
 30
0.0
  0
VERTEX
  5
210
330
1CE
100
AcDbEntity
  8
outside2_B
100
AcDbVertex
100
AcDb2dVertex
 10
-259.6061981683776
 20
2.26650971578556
 30
0.0
  0
VERTEX
  5
211
330
1CE
100
AcDbEntity
  8
outside2_B
100
AcDbVertex
100
AcDb2dVertex
 10
-260.0465417394292
 20
2.257819250778923
 30
0.0
  0
VERTEX
  5
212
330
1CE
100
AcDbEntity
  8
outside2_B
100
AcDbVertex
100
AcDb2dVertex
 10
-260.48677546787
 20
2.249029860449141
 30
0.0
  0
VERTEX
  5
213
330
1CE
100
AcDbEntity
  8
outside2_B
100
AcDbVertex
100
AcDb2dVertex
 10
-260.9271622479671
 20
2.240231807238757
 30
0.0
  0
VERTEX
  5
214
330
1CE
100
AcDbEntity
  8
outside2_B
100
AcDbVertex
100
AcDb2dVertex
 10
-261.367459038149
 20
2.23144111976805
 30
0.0
  0
VERTEX
  5
215
330
1CE
100
AcDbEntity
  8
outside2_B
100
AcDbVertex
100
AcDb2dVertex
 10
-261.8077917616064
 20
2.222644146502518
 30
0.0
  0
VERTEX
  5
216
330
1CE
100
AcDbEntity
  8
outside2_B
100
AcDbVertex
100
AcDb2dVertex
 10
-262.2480318178312
 20
2.213755567086608
 30
0.0
  0
VERTEX
  5
217
330
1CE
100
AcDbEntity
  8
outside2_B
100
AcDbVertex
100
AcDb2dVertex
 10
-262.6884185797859
 20
2.204858402725023
 30
0.0
  0
VERTEX
  5
218
330
1CE
100
AcDbEntity
  8
outside2_B
100
AcDbVertex
100
AcDb2dVertex
 10
-263.1286536080264
 20
2.195969847828707
 30
0.0
  0
VERTEX
  5
219
330
1CE
100
AcDbEntity
  8
outside2_B
100
AcDbVertex
100
AcDb2dVertex
 10
-263.5688860300546
 20
2.18697470046213
 30
0.0
  0
VERTEX
  5
21A
330
1CE
100
AcDbEntity
  8
outside2_B
100
AcDbVertex
100
AcDb2dVertex
 10
-264.0092816434996
 20
2.177978243803921
 30
0.0
  0
VERTEX
  5
21B
330
1CE
100
AcDbEntity
  8
outside2_B
100
AcDbVertex
100
AcDb2dVertex
 10
-264.4495822819934
 20
2.168989326735414
 30
0.0
  0
VERTEX
  5
21C
330
1CE
100
AcDbEntity
  8
outside2_B
100
AcDbVertex
100
AcDb2dVertex
 10
-264.8899651677071
 20
2.159993052172311
 30
0.0
  0
VERTEX
  5
21D
330
1CE
100
AcDbEntity
  8
outside2_B
100
AcDbVertex
100
AcDb2dVertex
 10
-265.3302041175971
 20
2.151005394500643
 30
0.0
  0
VERTEX
  5
21E
330
1CE
100
AcDbEntity
  8
outside2_B
100
AcDbVertex
100
AcDb2dVertex
 10
-265.7704364959322
 20
2.141911148955529
 30
0.0
  0
VERTEX
  5
21F
330
1CE
100
AcDbEntity
  8
outside2_B
100
AcDbVertex
100
AcDb2dVertex
 10
-266.2107267494382
 20
2.132815629086565
 30
0.0
  0
VERTEX
  5
220
330
1CE
100
AcDbEntity
  8
outside2_B
100
AcDbVertex
100
AcDb2dVertex
 10
-266.6511224798293
 20
2.123720056506997
 30
0.0
  0
VERTEX
  5
221
330
1CE
100
AcDbEntity
  8
outside2_B
100
AcDbVertex
100
AcDb2dVertex
 10
-267.0913613145287
 20
2.114625677581884
 30
0.0
  0
VERTEX
  5
222
330
1CE
100
AcDbEntity
  8
outside2_B
100
AcDbVertex
100
AcDb2dVertex
 10
-267.5316025190535
 20
2.105439771806985
 30
0.0
  0
VERTEX
  5
223
330
1CE
100
AcDbEntity
  8
outside2_B
100
AcDbVertex
100
AcDb2dVertex
 10
-267.9718839462215
 20
2.096245323223982
 30
0.0
  0
VERTEX
  5
224
330
1CE
100
AcDbEntity
  8
outside2_B
100
AcDbVertex
100
AcDb2dVertex
 10
-268.4121781950956
 20
2.087050686569
 30
0.0
  0
VERTEX
  5
225
330
1CE
100
AcDbEntity
  8
outside2_B
100
AcDbVertex
100
AcDb2dVertex
 10
-268.8525152515342
 20
2.077857225466573
 30
0.0
  0
VERTEX
  5
226
330
1CE
100
AcDbEntity
  8
outside2_B
100
AcDbVertex
100
AcDb2dVertex
 10
-269.2927469879655
 20
2.068564714874199
 30
0.0
  0
VERTEX
  5
227
330
1CE
100
AcDbEntity
  8
outside2_B
100
AcDbVertex
100
AcDb2dVertex
 10
-269.7330986018798
 20
2.059269754356791
 30
0.0
  0
VERTEX
  5
228
330
1CE
100
AcDbEntity
  8
outside2_B
100
AcDbVertex
100
AcDb2dVertex
 10
-270.1733927119631
 20
2.050075120600184
 30
0.0
  0
VERTEX
  5
229
330
1CE
100
AcDbEntity
  8
outside2_B
100
AcDbVertex
100
AcDb2dVertex
 10
-270.6135683291232
 20
2.040783794586019
 30
0.0
  0
VERTEX
  5
22A
330
1CE
100
AcDbEntity
  8
outside2_B
100
AcDbVertex
100
AcDb2dVertex
 10
-271.0538625323495
 20
2.031390932907328
 30
0.0
  0
VERTEX
  5
22B
330
1CE
100
AcDbEntity
  8
outside2_B
100
AcDbVertex
100
AcDb2dVertex
 10
-271.4941566420057
 20
2.022097186192212
 30
0.0
  0
VERTEX
  5
22C
330
1CE
100
AcDbEntity
  8
outside2_B
100
AcDbVertex
100
AcDb2dVertex
 10
-271.9343895764109
 20
2.012705550258246
 30
0.0
  0
VERTEX
  5
22D
330
1CE
100
AcDbEntity
  8
outside2_B
100
AcDbVertex
100
AcDb2dVertex
 10
-272.3746838272464
 20
2.003312687563891
 30
0.0
  0
VERTEX
  5
22E
330
1CE
100
AcDbEntity
  8
outside2_B
100
AcDbVertex
100
AcDb2dVertex
 10
-272.814977983948
 20
1.993919826877729
 30
0.0
  0
VERTEX
  5
22F
330
1CE
100
AcDbEntity
  8
outside2_B
100
AcDbVertex
100
AcDb2dVertex
 10
-273.2552682344779
 20
1.984526968199759
 30
0.0
  0
VERTEX
  5
230
330
1CE
100
AcDbEntity
  8
outside2_B
100
AcDbVertex
100
AcDb2dVertex
 10
-273.695505075084
 20
1.97513533024636
 30
0.0
  0
VERTEX
  5
231
330
1CE
100
AcDbEntity
  8
outside2_B
100
AcDbVertex
100
AcDb2dVertex
 10
-274.1357380098067
 20
1.965644594251046
 30
0.0
  0
VERTEX
  5
232
330
1CE
100
AcDbEntity
  8
outside2_B
100
AcDbVertex
100
AcDb2dVertex
 10
-274.5760852115217
 20
1.95614385196042
 30
0.0
  0
VERTEX
  5
233
330
1CE
100
AcDbEntity
  8
outside2_B
100
AcDbVertex
100
AcDb2dVertex
 10
-275.0163251207404
 20
1.946752148543851
 30
0.0
  0
VERTEX
  5
234
330
1CE
100
AcDbEntity
  8
outside2_B
100
AcDbVertex
100
AcDb2dVertex
 10
-275.4564589903178
 20
1.93716231173336
 30
0.0
  0
VERTEX
  5
235
330
1CE
100
AcDbEntity
  8
outside2_B
100
AcDbVertex
100
AcDb2dVertex
 10
-275.8968118067233
 20
1.927669073468323
 30
0.0
  0
VERTEX
  5
236
330
1CE
100
AcDbEntity
  8
outside2_B
100
AcDbVertex
100
AcDb2dVertex
 10
-276.3371020562614
 20
1.91817710185488
 30
0.0
  0
VERTEX
  5
237
330
1CE
100
AcDbEntity
  8
outside2_B
100
AcDbVertex
100
AcDb2dVertex
 10
-276.7773345338263
 20
1.908686457885253
 30
0.0
  0
VERTEX
  5
238
330
1CE
100
AcDbEntity
  8
outside2_B
100
AcDbVertex
100
AcDb2dVertex
 10
-277.2175669166097
 20
1.899089093881059
 30
0.0
  0
VERTEX
  5
239
330
1CE
100
AcDbEntity
  8
outside2_B
100
AcDbVertex
100
AcDb2dVertex
 10
-277.6578659899397
 20
1.889497817022772
 30
0.0
  0
VERTEX
  5
23A
330
1CE
100
AcDbEntity
  8
outside2_B
100
AcDbVertex
100
AcDb2dVertex
 10
-278.0980586301962
 20
1.879906782742282
 30
0.0
  0
VERTEX
  5
23B
330
1CE
100
AcDbEntity
  8
outside2_B
100
AcDbVertex
100
AcDb2dVertex
 10
-278.5383425534554
 20
1.870308211976578
 30
0.0
  0
VERTEX
  5
23C
330
1CE
100
AcDbEntity
  8
outside2_B
100
AcDbVertex
100
AcDb2dVertex
 10
-278.9786456311456
 20
1.860716930927168
 30
0.0
  0
VERTEX
  5
23D
330
1CE
100
AcDbEntity
  8
outside2_B
100
AcDbVertex
100
AcDb2dVertex
 10
-279.4188767022242
 20
1.851127218501887
 30
0.0
  0
VERTEX
  5
23E
330
1CE
100
AcDbEntity
  8
outside2_B
100
AcDbVertex
100
AcDb2dVertex
 10
-279.8590679339101
 20
1.841429394806426
 30
0.0
  0
VERTEX
  5
23F
330
1CE
100
AcDbEntity
  8
outside2_B
100
AcDbVertex
100
AcDb2dVertex
 10
-280.29936781528
 20
1.831838183461699
 30
0.0
  0
VERTEX
  5
240
330
1CE
100
AcDbEntity
  8
outside2_B
100
AcDbVertex
100
AcDb2dVertex
 10
-280.7396575115116
 20
1.822148082009591
 30
0.0
  0
VERTEX
  5
241
330
1CE
100
AcDbEntity
  8
outside2_B
100
AcDbVertex
100
AcDb2dVertex
 10
-281.1799465934403
 20
1.812549398820877
 30
0.0
  0
VERTEX
  5
242
330
1CE
100
AcDbEntity
  8
outside2_B
100
AcDbVertex
100
AcDb2dVertex
 10
-281.6200874742598
 20
1.802860391511558
 30
0.0
  0
VERTEX
  5
243
330
1CE
100
AcDbEntity
  8
outside2_B
100
AcDbVertex
100
AcDb2dVertex
 10
-282.0603802472104
 20
1.793170138442221
 30
0.0
  0
VERTEX
  5
244
330
1CE
100
AcDbEntity
  8
outside2_B
100
AcDbVertex
100
AcDb2dVertex
 10
-282.5005640359526
 20
1.783472562578083
 30
0.0
  0
VERTEX
  5
245
330
1CE
100
AcDbEntity
  8
outside2_B
100
AcDbVertex
100
AcDb2dVertex
 10
-282.9408039116732
 20
1.773783473587301
 30
0.0
  0
VERTEX
  5
246
330
1CE
100
AcDbEntity
  8
outside2_B
100
AcDbVertex
100
AcDb2dVertex
 10
-283.3810968056977
 20
1.763986565009503
 30
0.0
  0
VERTEX
  5
247
330
1CE
100
AcDbEntity
  8
outside2_B
100
AcDbVertex
100
AcDb2dVertex
 10
-283.8213484985454
 20
1.75429503442065
 30
0.0
  0
VERTEX
  5
248
330
1CE
100
AcDbEntity
  8
outside2_B
100
AcDbVertex
100
AcDb2dVertex
 10
-284.2615835053261
 20
1.744606136592793
 30
0.0
  0
VERTEX
  5
249
330
1CE
100
AcDbEntity
  8
outside2_B
100
AcDbVertex
100
AcDb2dVertex
 10
-284.701876350786
 20
1.734809229095603
 30
0.0
  0
VERTEX
  5
24A
330
1CE
100
AcDbEntity
  8
outside2_B
100
AcDbVertex
100
AcDb2dVertex
 10
-285.142067582472
 20
1.725119029475394
 30
0.0
  0
VERTEX
  5
24B
330
1CE
100
AcDbEntity
  8
outside2_B
100
AcDbVertex
100
AcDb2dVertex
 10
-285.58230127836
 20
1.715323438108797
 30
0.0
  0
VERTEX
  5
24C
330
1CE
100
AcDbEntity
  8
outside2_B
100
AcDbVertex
100
AcDb2dVertex
 10
-286.0226520823814
 20
1.705532781196638
 30
0.0
  0
VERTEX
  5
24D
330
1CE
100
AcDbEntity
  8
outside2_B
100
AcDbVertex
100
AcDb2dVertex
 10
-286.4628471261062
 20
1.695834957501148
 30
0.0
  0
VERTEX
  5
24E
330
1CE
100
AcDbEntity
  8
outside2_B
100
AcDbVertex
100
AcDb2dVertex
 10
-286.9030857378531
 20
1.68604679512049
 30
0.0
  0
VERTEX
  5
24F
330
1CE
100
AcDbEntity
  8
outside2_B
100
AcDbVertex
100
AcDb2dVertex
 10
-287.3432695019251
 20
1.676250109360979
 30
0.0
  0
VERTEX
  5
250
330
1CE
100
AcDbEntity
  8
outside2_B
100
AcDbVertex
100
AcDb2dVertex
 10
-287.7835750363432
 20
1.666460543668435
 30
0.0
  0
VERTEX
  5
251
330
1CE
100
AcDbEntity
  8
outside2_B
100
AcDbVertex
100
AcDb2dVertex
 10
-288.2237547920894
 20
1.656663862275323
 30
0.0
  0
VERTEX
  5
252
330
1CE
100
AcDbEntity
  8
outside2_B
100
AcDbVertex
100
AcDb2dVertex
 10
-288.6640604247301
 20
1.646874294396738
 30
0.0
  0
VERTEX
  5
253
330
1CE
100
AcDbEntity
  8
outside2_B
100
AcDbVertex
100
AcDb2dVertex
 10
-289.1042401804769
 20
1.637077613003598
 30
0.0
  0
VERTEX
  5
254
330
1CE
100
AcDbEntity
  8
outside2_B
100
AcDbVertex
100
AcDb2dVertex
 10
-289.5445458131175
 20
1.627288045125013
 30
0.0
  0
VERTEX
  5
255
330
1CE
100
AcDbEntity
  8
outside2_B
100
AcDbVertex
100
AcDb2dVertex
 10
-289.9848272350753
 20
1.617491306913294
 30
0.0
  0
VERTEX
  5
256
330
1CE
100
AcDbEntity
  8
outside2_B
100
AcDbVertex
100
AcDb2dVertex
 10
-290.4249681048323
 20
1.607703199027299
 30
0.0
  0
VERTEX
  5
257
330
1CE
100
AcDbEntity
  8
outside2_B
100
AcDbVertex
100
AcDb2dVertex
 10
-290.8652584495129
 20
1.597807149375427
 30
0.0
  0
VERTEX
  5
258
330
1CE
100
AcDbEntity
  8
outside2_B
100
AcDbVertex
100
AcDb2dVertex
 10
-291.3055140387397
 20
1.588016490331185
 30
0.0
  0
VERTEX
  5
259
330
1CE
100
AcDbEntity
  8
outside2_B
100
AcDbVertex
100
AcDb2dVertex
 10
-291.7458019220771
 20
1.578219693207032
 30
0.0
  0
VERTEX
  5
25A
330
1CE
100
AcDbEntity
  8
outside2_B
100
AcDbVertex
100
AcDb2dVertex
 10
-292.1859388821579
 20
1.568431587505259
 30
0.0
  0
VERTEX
  5
25B
330
1CE
100
AcDbEntity
  8
outside2_B
100
AcDbVertex
100
AcDb2dVertex
 10
-292.6262286746795
 20
1.558535635943045
 30
0.0
  0
VERTEX
  5
25C
330
1CE
100
AcDbEntity
  8
outside2_B
100
AcDbVertex
100
AcDb2dVertex
 10
-293.0664798010253
 20
1.548737451100351
 30
0.0
  0
VERTEX
  5
25D
330
1CE
100
AcDbEntity
  8
outside2_B
100
AcDbVertex
100
AcDb2dVertex
 10
-293.5067814252689
 20
1.538947887589757
 30
0.0
  0
VERTEX
  5
25E
330
1CE
100
AcDbEntity
  8
outside2_B
100
AcDbVertex
100
AcDb2dVertex
 10
-293.9469096083115
 20
1.529152354005689
 30
0.0
  0
VERTEX
  5
25F
330
1CE
100
AcDbEntity
  8
outside2_B
100
AcDbVertex
100
AcDb2dVertex
 10
-294.3872000512214
 20
1.519263926222933
 30
0.0
  0
VERTEX
  5
260
330
1CE
100
AcDbEntity
  8
outside2_B
100
AcDbVertex
100
AcDb2dVertex
 10
-294.8274506760205
 20
1.509465837392938
 30
0.0
  0
VERTEX
  5
261
330
1CE
100
AcDbEntity
  8
outside2_B
100
AcDbVertex
100
AcDb2dVertex
 10
-295.2677522020445
 20
1.499676276068286
 30
0.0
  0
VERTEX
  5
262
330
1CE
100
AcDbEntity
  8
outside2_B
100
AcDbVertex
100
AcDb2dVertex
 10
-295.7078803850866
 20
1.489880742484232
 30
0.0
  0
VERTEX
  5
263
330
1CE
100
AcDbEntity
  8
outside2_B
100
AcDbVertex
100
AcDb2dVertex
 10
-296.1481708279965
 20
1.479992314701477
 30
0.0
  0
VERTEX
  5
264
330
1CE
100
AcDbEntity
  8
outside2_B
100
AcDbVertex
100
AcDb2dVertex
 10
-296.5884214527956
 20
1.470194225871467
 30
0.0
  0
VERTEX
  5
265
330
1CE
100
AcDbEntity
  8
outside2_B
100
AcDbVertex
100
AcDb2dVertex
 10
-297.0287229788195
 20
1.460404664546843
 30
0.0
  0
VERTEX
  5
266
330
1CE
100
AcDbEntity
  8
outside2_B
100
AcDbVertex
100
AcDb2dVertex
 10
-297.4688512609683
 20
1.450609128757051
 30
0.0
  0
VERTEX
  5
267
330
1CE
100
AcDbEntity
  8
outside2_B
100
AcDbVertex
100
AcDb2dVertex
 10
-297.9091492297402
 20
1.440720703180062
 30
0.0
  0
VERTEX
  5
268
330
1CE
100
AcDbEntity
  8
outside2_B
100
AcDbVertex
100
AcDb2dVertex
 10
-298.3493920331284
 20
1.430922618722008
 30
0.0
  0
VERTEX
  5
269
330
1CE
100
AcDbEntity
  8
outside2_B
100
AcDbVertex
100
AcDb2dVertex
 10
-298.7896937555933
 20
1.421133053025414
 30
0.0
  0
VERTEX
  5
26A
330
1CE
100
AcDbEntity
  8
outside2_B
100
AcDbVertex
100
AcDb2dVertex
 10
-299.2299752756524
 20
1.411336312632528
 30
0.0
  0
VERTEX
  5
26B
330
1CE
100
AcDbEntity
  8
outside2_B
100
AcDbVertex
100
AcDb2dVertex
 10
-299.6701806010986
 20
1.401546856117861
 30
0.0
  0
VERTEX
  5
26C
330
1CE
100
AcDbEntity
  8
outside2_B
100
AcDbVertex
100
AcDb2dVertex
 10
-300.1104644760878
 20
1.39175006336059
 30
0.0
  0
VERTEX
  5
26D
330
1CE
100
AcDbEntity
  8
outside2_B
100
AcDbVertex
100
AcDb2dVertex
 10
-300.5507162047535
 20
1.381959405345171
 30
0.0
  0
VERTEX
  5
26E
330
1CE
100
AcDbEntity
  8
outside2_B
100
AcDbVertex
100
AcDb2dVertex
 10
-300.9910066475578
 20
1.372261579488082
 30
0.0
  0
VERTEX
  5
26F
330
1CE
100
AcDbEntity
  8
outside2_B
100
AcDbVertex
100
AcDb2dVertex
 10
-301.4311513778854
 20
1.362473470552175
 30
0.0
  0
VERTEX
  5
270
330
1CE
100
AcDbEntity
  8
outside2_B
100
AcDbVertex
100
AcDb2dVertex
 10
-301.8714957628353
 20
1.352675331382812
 30
0.0
  0
VERTEX
  5
271
330
1CE
100
AcDbEntity
  8
outside2_B
100
AcDbVertex
100
AcDb2dVertex
 10
-302.3116870926888
 20
1.342985129601558
 30
0.0
  0
VERTEX
  5
272
330
1CE
100
AcDbEntity
  8
outside2_B
100
AcDbVertex
100
AcDb2dVertex
 10
-302.751986324134
 20
1.333188164831995
 30
0.0
  0
VERTEX
  5
273
330
1CE
100
AcDbEntity
  8
outside2_B
100
AcDbVertex
100
AcDb2dVertex
 10
-303.1922752939794
 20
1.32349799546968
 30
0.0
  0
VERTEX
  5
274
330
1CE
100
AcDbEntity
  8
outside2_B
100
AcDbVertex
100
AcDb2dVertex
 10
-303.6324665256654
 20
1.313701058796198
 30
0.0
  0
VERTEX
  5
275
330
1CE
100
AcDbEntity
  8
outside2_B
100
AcDbVertex
100
AcDb2dVertex
 10
-304.072819919909
 20
1.304009471539331
 30
0.0
  0
VERTEX
  5
276
330
1CE
100
AcDbEntity
  8
outside2_B
100
AcDbVertex
100
AcDb2dVertex
 10
-304.5130549371787
 20
1.294313034314243
 30
0.0
  0
VERTEX
  5
277
330
1CE
100
AcDbEntity
  8
outside2_B
100
AcDbVertex
100
AcDb2dVertex
 10
-304.9532504840891
 20
1.284523625750708
 30
0.0
  0
VERTEX
  5
278
330
1CE
100
AcDbEntity
  8
outside2_B
100
AcDbVertex
100
AcDb2dVertex
 10
-305.3935994649981
 20
1.274832135625417
 30
0.0
  0
VERTEX
  5
279
330
1CE
100
AcDbEntity
  8
outside2_B
100
AcDbVertex
100
AcDb2dVertex
 10
-305.8338888033352
 20
1.265134501946619
 30
0.0
  0
VERTEX
  5
27A
330
1CE
100
AcDbEntity
  8
outside2_B
100
AcDbVertex
100
AcDb2dVertex
 10
-306.2741447638924
 20
1.255442877373468
 30
0.0
  0
VERTEX
  5
27B
330
1CE
100
AcDbEntity
  8
outside2_B
100
AcDbVertex
100
AcDb2dVertex
 10
-306.7144319589316
 20
1.245851859341272
 30
0.0
  0
VERTEX
  5
27C
330
1CE
100
AcDbEntity
  8
outside2_B
100
AcDbVertex
100
AcDb2dVertex
 10
-307.1547223996774
 20
1.236154033529516
 30
0.0
  0
VERTEX
  5
27D
330
1CE
100
AcDbEntity
  8
outside2_B
100
AcDbVertex
100
AcDb2dVertex
 10
-307.5950191046859
 20
1.226562974415373
 30
0.0
  0
VERTEX
  5
27E
330
1CE
100
AcDbEntity
  8
outside2_B
100
AcDbVertex
100
AcDb2dVertex
 10
-308.03521024029
 20
1.216865152836689
 30
0.0
  0
VERTEX
  5
27F
330
1CE
100
AcDbEntity
  8
outside2_B
100
AcDbVertex
100
AcDb2dVertex
 10
-308.4755636225205
 20
1.207272693012513
 30
0.0
  0
VERTEX
  5
280
330
1CE
100
AcDbEntity
  8
outside2_B
100
AcDbVertex
100
AcDb2dVertex
 10
-308.9158617834938
 20
1.197681602182811
 30
0.0
  0
VERTEX
  5
281
330
1CE
100
AcDbEntity
  8
outside2_B
100
AcDbVertex
100
AcDb2dVertex
 10
-309.3561519359237
 20
1.188090519728107
 30
0.0
  0
VERTEX
  5
282
330
1CE
100
AcDbEntity
  8
outside2_B
100
AcDbVertex
100
AcDb2dVertex
 10
-309.7964334556839
 20
1.178492001324813
 30
0.0
  0
VERTEX
  5
283
330
1CE
100
AcDbEntity
  8
outside2_B
100
AcDbVertex
100
AcDb2dVertex
 10
-310.2367404415378
 20
1.168900718181476
 30
0.0
  0
VERTEX
  5
284
330
1CE
100
AcDbEntity
  8
outside2_B
100
AcDbVertex
100
AcDb2dVertex
 10
-310.6770835435203
 20
1.159308482297561
 30
0.0
  0
VERTEX
  5
285
330
1CE
100
AcDbEntity
  8
outside2_B
100
AcDbVertex
100
AcDb2dVertex
 10
-311.1173726384019
 20
1.149808911523138
 30
0.0
  0
VERTEX
  5
286
330
1CE
100
AcDbEntity
  8
outside2_B
100
AcDbVertex
100
AcDb2dVertex
 10
-311.557568377693
 20
1.140217726667188
 30
0.0
  0
VERTEX
  5
287
330
1CE
100
AcDbEntity
  8
outside2_B
100
AcDbVertex
100
AcDb2dVertex
 10
-311.9979250536974
 20
1.130724487387766
 30
0.0
  0
VERTEX
  5
288
330
1CE
100
AcDbEntity
  8
outside2_B
100
AcDbVertex
100
AcDb2dVertex
 10
-312.4383167938279
 20
1.121232464522649
 30
0.0
  0
VERTEX
  5
289
330
1CE
100
AcDbEntity
  8
outside2_B
100
AcDbVertex
100
AcDb2dVertex
 10
-312.878503078915
 20
1.111740597499434
 30
0.0
  0
VERTEX
  5
28A
330
1CE
100
AcDbEntity
  8
outside2_B
100
AcDbVertex
100
AcDb2dVertex
 10
-313.3188964745186
 20
1.102241079258121
 30
0.0
  0
VERTEX
  5
28B
330
1CE
100
AcDbEntity
  8
outside2_B
100
AcDbVertex
100
AcDb2dVertex
 10
-313.7592504361318
 20
1.092747734074408
 30
0.0
  0
VERTEX
  5
28C
330
1CE
100
AcDbEntity
  8
outside2_B
100
AcDbVertex
100
AcDb2dVertex
 10
-314.1996058621986
 20
1.083353647653155
 30
0.0
  0
VERTEX
  5
28D
330
1CE
100
AcDbEntity
  8
outside2_B
100
AcDbVertex
100
AcDb2dVertex
 10
-314.6398386554126
 20
1.073962014731208
 30
0.0
  0
VERTEX
  5
28E
330
1CE
100
AcDbEntity
  8
outside2_B
100
AcDbVertex
100
AcDb2dVertex
 10
-315.0801864566627
 20
1.064468802392568
 30
0.0
  0
VERTEX
  5
28F
330
1CE
100
AcDbEntity
  8
outside2_B
100
AcDbVertex
100
AcDb2dVertex
 10
-315.520543012362
 20
1.055173818039108
 30
0.0
  0
VERTEX
  5
290
330
1CE
100
AcDbEntity
  8
outside2_B
100
AcDbVertex
100
AcDb2dVertex
 10
-315.9608762365971
 20
1.045782156728961
 30
0.0
  0
VERTEX
  5
291
330
1CE
100
AcDbEntity
  8
outside2_B
100
AcDbVertex
100
AcDb2dVertex
 10
-316.4012215911543
 20
1.036388122492539
 30
0.0
  0
VERTEX
  5
292
330
1CE
100
AcDbEntity
  8
outside2_B
100
AcDbVertex
100
AcDb2dVertex
 10
-316.8415770170157
 20
1.027093161987509
 30
0.0
  0
VERTEX
  5
293
330
1CE
100
AcDbEntity
  8
outside2_B
100
AcDbVertex
100
AcDb2dVertex
 10
-317.2819101349535
 20
1.017800603237987
 30
0.0
  0
VERTEX
  5
294
330
1CE
100
AcDbEntity
  8
outside2_B
100
AcDbVertex
100
AcDb2dVertex
 10
-317.7222567254609
 20
1.008406542640486
 30
0.0
  0
VERTEX
  5
295
330
1CE
100
AcDbEntity
  8
outside2_B
100
AcDbVertex
100
AcDb2dVertex
 10
-318.1626132690409
 20
0.9992106847062985
 30
0.0
  0
VERTEX
  5
296
330
1CE
100
AcDbEntity
  8
outside2_B
100
AcDbVertex
100
AcDb2dVertex
 10
-318.6030026345163
 20
0.9899169389431961
 30
0.0
  0
VERTEX
  5
297
330
1CE
100
AcDbEntity
  8
outside2_B
100
AcDbVertex
100
AcDb2dVertex
 10
-319.0432930722778
 20
0.9807223022689016
 30
0.0
  0
VERTEX
  5
298
330
1CE
100
AcDbEntity
  8
outside2_B
100
AcDbVertex
100
AcDb2dVertex
 10
-319.4836901539949
 20
0.9714285545607595
 30
0.0
  0
VERTEX
  5
299
330
1CE
100
AcDbEntity
  8
outside2_B
100
AcDbVertex
100
AcDb2dVertex
 10
-319.9240996126901
 20
0.9622314323583936
 30
0.0
  0
VERTEX
  5
29A
330
1CE
100
AcDbEntity
  8
outside2_B
100
AcDbVertex
100
AcDb2dVertex
 10
-320.3644978920943
 20
0.9531435099664236
 30
0.0
  0
VERTEX
  5
29B
330
1CE
100
AcDbEntity
  8
outside2_B
100
AcDbVertex
100
AcDb2dVertex
 10
-320.8048816621569
 20
0.9439489939839518
 30
0.0
  0
VERTEX
  5
29C
330
1CE
100
AcDbEntity
  8
outside2_B
100
AcDbVertex
100
AcDb2dVertex
 10
-321.2452281747529
 20
0.9348523119142271
 30
0.0
  0
VERTEX
  5
29D
330
1CE
100
AcDbEntity
  8
outside2_B
100
AcDbVertex
100
AcDb2dVertex
 10
-321.6856278082971
 20
0.9257567374528435
 30
0.0
  0
VERTEX
  5
29E
330
1CE
100
AcDbEntity
  8
outside2_B
100
AcDbVertex
100
AcDb2dVertex
 10
-322.1260170837084
 20
0.9166612194643733
 30
0.0
  0
VERTEX
  5
29F
330
1CE
100
AcDbEntity
  8
outside2_B
100
AcDbVertex
100
AcDb2dVertex
 10
-322.5664760214991
 20
0.9075720452651836
 30
0.0
  0
VERTEX
  5
2A0
330
1CE
100
AcDbEntity
  8
outside2_B
100
AcDbVertex
100
AcDb2dVertex
 10
-323.0068597915215
 20
0.8985757526795055
 30
0.0
  0
VERTEX
  5
2A1
330
1CE
100
AcDbEntity
  8
outside2_B
100
AcDbVertex
100
AcDb2dVertex
 10
-323.4471546380458
 20
0.8894801379279329
 30
0.0
  0
VERTEX
  5
2A2
330
1CE
100
AcDbEntity
  8
outside2_B
100
AcDbVertex
100
AcDb2dVertex
 10
-323.8876676121646
 20
0.8804889877914093
 30
0.0
  0
VERTEX
  5
2A3
330
1CE
100
AcDbEntity
  8
outside2_B
100
AcDbVertex
100
AcDb2dVertex
 10
-324.3280526580218
 20
0.8715917811277052
 30
0.0
  0
VERTEX
  5
2A4
330
1CE
100
AcDbEntity
  8
outside2_B
100
AcDbVertex
100
AcDb2dVertex
 10
-324.7684541515578
 20
0.8625952822292078
 30
0.0
  0
VERTEX
  5
2A5
330
1CE
100
AcDbEntity
  8
outside2_B
100
AcDbVertex
100
AcDb2dVertex
 10
-325.2089052853185
 20
0.8537043655184391
 30
0.0
  0
VERTEX
  5
2A6
330
1CE
100
AcDbEntity
  8
outside2_B
100
AcDbVertex
100
AcDb2dVertex
 10
-325.6492937214974
 20
0.8448072443139267
 30
0.0
  0
VERTEX
  5
2A7
330
1CE
100
AcDbEntity
  8
outside2_B
100
AcDbVertex
100
AcDb2dVertex
 10
-326.08984512622
 20
0.8359163043956954
 30
0.0
  0
VERTEX
  5
2A8
330
1CE
100
AcDbEntity
  8
outside2_B
100
AcDbVertex
100
AcDb2dVertex
 10
-326.5302940817699
 20
0.8271170852504781
 30
0.0
  0
VERTEX
  5
2A9
330
1CE
100
AcDbEntity
  8
outside2_B
100
AcDbVertex
100
AcDb2dVertex
 10
-326.9706921870109
 20
0.818326353820666
 30
0.0
  0
VERTEX
  5
2AA
330
1CE
100
AcDbEntity
  8
outside2_B
100
AcDbVertex
100
AcDb2dVertex
 10
-327.4110728207494
 20
0.809528347211824
 30
0.0
  0
VERTEX
  5
2AB
330
1CE
100
AcDbEntity
  8
outside2_B
100
AcDbVertex
100
AcDb2dVertex
 10
-327.85163642766
 20
0.800736443063272
 30
0.0
  0
VERTEX
  5
2AC
330
1CE
100
AcDbEntity
  8
outside2_B
100
AcDbVertex
100
AcDb2dVertex
 10
-328.2920820085737
 20
0.7920438896598512
 30
0.0
  0
VERTEX
  5
2AD
330
1CE
100
AcDbEntity
  8
outside2_B
100
AcDbVertex
100
AcDb2dVertex
 10
-328.7325718188727
 20
0.7833449458610744
 30
0.0
  0
VERTEX
  5
2AE
330
1CE
100
AcDbEntity
  8
outside2_B
100
AcDbVertex
100
AcDb2dVertex
 10
-329.1730262221478
 20
0.7746522183011706
 30
0.0
  0
VERTEX
  5
2AF
330
1CE
100
AcDbEntity
  8
outside2_B
100
AcDbVertex
100
AcDb2dVertex
 10
-329.6135809784329
 20
0.7660587432101522
 30
0.0
  0
VERTEX
  5
2B0
330
1CE
100
AcDbEntity
  8
outside2_B
100
AcDbVertex
100
AcDb2dVertex
 10
-330.0539680263369
 20
0.7574664574334946
 30
0.0
  0
VERTEX
  5
2B1
330
1CE
100
AcDbEntity
  8
outside2_B
100
AcDbVertex
100
AcDb2dVertex
 10
-330.4944578087565
 20
0.748866625720197
 30
0.0
  0
VERTEX
  5
2B2
330
1CE
100
AcDbEntity
  8
outside2_B
100
AcDbVertex
100
AcDb2dVertex
 10
-330.9350124586493
 20
0.7402730038933214
 30
0.0
  0
VERTEX
  5
2B3
330
1CE
100
AcDbEntity
  8
outside2_B
100
AcDbVertex
100
AcDb2dVertex
 10
-331.3755660829211
 20
0.7317786767832359
 30
0.0
  0
VERTEX
  5
2B4
330
1CE
100
AcDbEntity
  8
outside2_B
100
AcDbVertex
100
AcDb2dVertex
 10
-331.8159531585905
 20
0.7232855029069327
 30
0.0
  0
VERTEX
  5
2B5
330
1CE
100
AcDbEntity
  8
outside2_B
100
AcDbVertex
100
AcDb2dVertex
 10
-332.256508995204
 20
0.7147911331350656
 30
0.0
  0
VERTEX
  5
2B6
330
1CE
100
AcDbEntity
  8
outside2_B
100
AcDbVertex
100
AcDb2dVertex
 10
-332.6970548260866
 20
0.7063959351324058
 30
0.0
  0
VERTEX
  5
2B7
330
1CE
100
AcDbEntity
  8
outside2_B
100
AcDbVertex
100
AcDb2dVertex
 10
-333.1375511889015
 20
0.698001825097947
 30
0.0
  0
VERTEX
  5
2B8
330
1CE
100
AcDbEntity
  8
outside2_B
100
AcDbVertex
100
AcDb2dVertex
 10
-333.5780970202433
 20
0.6896066270865049
 30
0.0
  0
VERTEX
  5
2B9
330
1CE
100
AcDbEntity
  8
outside2_B
100
AcDbVertex
100
AcDb2dVertex
 10
-334.0186506440193
 20
0.6813105517854723
 30
0.0
  0
VERTEX
  5
2BA
330
1CE
100
AcDbEntity
  8
outside2_B
100
AcDbVertex
100
AcDb2dVertex
 10
-334.4591468387145
 20
0.6730155579327572
 30
0.0
  0
VERTEX
  5
2BB
330
1CE
100
AcDbEntity
  8
outside2_B
100
AcDbVertex
100
AcDb2dVertex
 10
-334.8997928644413
 20
0.6647194656623157
 30
0.0
  0
VERTEX
  5
2BC
330
1CE
100
AcDbEntity
  8
outside2_B
100
AcDbVertex
100
AcDb2dVertex
 10
-335.3403454082676
 20
0.6565225363545864
 30
0.0
  0
VERTEX
  5
2BD
330
1CE
100
AcDbEntity
  8
outside2_B
100
AcDbVertex
100
AcDb2dVertex
 10
-335.7808426373297
 20
0.6483341185295188
 30
0.0
  0
VERTEX
  5
2BE
330
1CE
100
AcDbEntity
  8
outside2_B
100
AcDbVertex
100
AcDb2dVertex
 10
-336.2214876184223
 20
0.6401373135963411
 30
0.0
  0
VERTEX
  5
2BF
330
1CE
100
AcDbEntity
  8
outside2_B
100
AcDbVertex
100
AcDb2dVertex
 10
-336.6620323877101
 20
0.632039512693126
 30
0.0
  0
VERTEX
  5
2C0
330
1CE
100
AcDbEntity
  8
outside2_B
100
AcDbVertex
100
AcDb2dVertex
 10
-337.1026299652601
 20
0.6239427030781286
 30
0.0
  0
VERTEX
  5
2C1
330
1CE
100
AcDbEntity
  8
outside2_B
100
AcDbVertex
100
AcDb2dVertex
 10
-337.543285896246
 20
0.6158524461619663
 30
0.0
  0
VERTEX
  5
2C2
330
1CE
100
AcDbEntity
  8
outside2_B
100
AcDbVertex
100
AcDb2dVertex
 10
-337.983858263351
 20
0.6078532698068386
 30
0.0
  0
VERTEX
  5
2C3
330
1CE
100
AcDbEntity
  8
outside2_B
100
AcDbVertex
100
AcDb2dVertex
 10
-338.8651095003748
 20
0.5919636039653682
 30
0.0
  0
VERTEX
  5
2C4
330
1CE
100
AcDbEntity
  8
outside2_B
100
AcDbVertex
100
AcDb2dVertex
 10
-339.746349787511
 20
0.57617311750451
 30
0.0
  0
VERTEX
  5
2C5
330
1CE
100
AcDbEntity
  8
outside2_B
100
AcDbVertex
100
AcDb2dVertex
 10
-340.6276209884065
 20
0.5604812000156585
 30
0.0
  0
VERTEX
  5
2C6
330
1CE
100
AcDbEntity
  8
outside2_B
100
AcDbVertex
100
AcDb2dVertex
 10
-341.508919189059
 20
0.544994678714005
 30
0.0
  0
VERTEX
  5
2C7
330
1CE
100
AcDbEntity
  8
outside2_B
100
AcDbVertex
100
AcDb2dVertex
 10
-342.3902954174779
 20
0.5296992826761056
 30
0.0
  0
VERTEX
  5
2C8
330
1CE
100
AcDbEntity
  8
outside2_B
100
AcDbVertex
100
AcDb2dVertex
 10
-343.2716657231846
 20
0.5145106048353654
 30
0.0
  0
VERTEX
  5
2C9
330
1CE
100
AcDbEntity
  8
outside2_B
100
AcDbVertex
100
AcDb2dVertex
 10
-344.1530705966241
 20
0.4995197145463095
 30
0.0
  0
VERTEX
  5
2CA
330
1CE
100
AcDbEntity
  8
outside2_B
100
AcDbVertex
100
AcDb2dVertex
 10
-345.0345378120309
 20
0.4847275654360601
 30
0.0
  0
VERTEX
  5
2CB
330
1CE
100
AcDbEntity
  8
outside2_B
100
AcDbVertex
100
AcDb2dVertex
 10
-345.915915735181
 20
0.4700345022063601
 30
0.0
  0
VERTEX
  5
2CC
330
1CE
100
AcDbEntity
  8
outside2_B
100
AcDbVertex
100
AcDb2dVertex
 10
-346.7973838883369
 20
0.4555473304491358
 30
0.0
  0
VERTEX
  5
2CD
330
1CE
100
AcDbEntity
  8
outside2_B
100
AcDbVertex
100
AcDb2dVertex
 10
-347.6789869561798
 20
0.441151196664137
 30
0.0
  0
VERTEX
  5
2CE
330
1CE
100
AcDbEntity
  8
outside2_B
100
AcDbVertex
100
AcDb2dVertex
 10
-348.5605841337078
 20
0.4270600379858109
 30
0.0
  0
VERTEX
  5
2CF
330
1CE
100
AcDbEntity
  8
outside2_B
100
AcDbVertex
100
AcDb2dVertex
 10
-349.4421780743864
 20
0.4130681778144947
 30
0.0
  0
VERTEX
  5
2D0
330
1CE
100
AcDbEntity
  8
outside2_B
100
AcDbVertex
100
AcDb2dVertex
 10
-350.7646059711554
 20
0.3924807767208449
 30
0.0
  0
VERTEX
  5
2D1
330
1CE
100
AcDbEntity
  8
outside2_B
100
AcDbVertex
100
AcDb2dVertex
 10
-352.0871408995849
 20
0.3722898694144448
 30
0.0
  0
VERTEX
  5
2D2
330
1CE
100
AcDbEntity
  8
outside2_B
100
AcDbVertex
100
AcDb2dVertex
 10
-353.4095688004485
 20
0.352503089413176
 30
0.0
  0
VERTEX
  5
2D3
330
1CE
100
AcDbEntity
  8
outside2_B
100
AcDbVertex
100
AcDb2dVertex
 10
-354.7320234550841
 20
0.3331125270310764
 30
0.0
  0
VERTEX
  5
2D4
330
1CE
100
AcDbEntity
  8
outside2_B
100
AcDbVertex
100
AcDb2dVertex
 10
-356.0543519810901
 20
0.3142254962855588
 30
0.0
  0
VERTEX
  5
2D5
330
1CE
100
AcDbEntity
  8
outside2_B
100
AcDbVertex
100
AcDb2dVertex
 10
-357.3766002964248
 20
0.2956355731402311
 30
0.0
  0
VERTEX
  5
2D6
330
1CE
100
AcDbEntity
  8
outside2_B
100
AcDbVertex
100
AcDb2dVertex
 10
-358.6986695492283
 20
0.2776477695195467
 30
0.0
  0
VERTEX
  5
2D7
330
1CE
100
AcDbEntity
  8
outside2_B
100
AcDbVertex
100
AcDb2dVertex
 10
-360.0206090943204
 20
0.2600569837404123
 30
0.0
  0
VERTEX
  5
2D8
330
1CE
100
AcDbEntity
  8
outside2_B
100
AcDbVertex
100
AcDb2dVertex
 10
-361.3423535727932
 20
0.2428700812327804
 30
0.0
  0
VERTEX
  5
2D9
330
1CE
100
AcDbEntity
  8
outside2_B
100
AcDbVertex
100
AcDb2dVertex
 10
-362.663690793223
 20
0.226178943974304
 30
0.0
  0
VERTEX
  5
2DA
330
1CE
100
AcDbEntity
  8
outside2_B
100
AcDbVertex
100
AcDb2dVertex
 10
-363.5445044021838
 20
0.2152825794885871
 30
0.0
  0
VERTEX
  5
2DB
330
1CE
100
AcDbEntity
  8
outside2_B
100
AcDbVertex
100
AcDb2dVertex
 10
-364.4253072782899
 20
0.2045922247930321
 30
0.0
  0
VERTEX
  5
2DC
330
1CE
100
AcDbEntity
  8
outside2_B
100
AcDbVertex
100
AcDb2dVertex
 10
-365.3063093989269
 20
0.1940924851347603
 30
0.0
  0
VERTEX
  5
2DD
330
1CE
100
AcDbEntity
  8
outside2_B
100
AcDbVertex
100
AcDb2dVertex
 10
-366.1876498051795
 20
0.1837982339802409
 30
0.0
  0
VERTEX
  5
2DE
330
1CE
100
AcDbEntity
  8
outside2_B
100
AcDbVertex
100
AcDb2dVertex
 10
-367.0692480555657
 20
0.1738093593412771
 30
0.0
  0
VERTEX
  5
2DF
330
1CE
100
AcDbEntity
  8
outside2_B
100
AcDbVertex
100
AcDb2dVertex
 10
-367.9515492098477
 20
0.1639119701937659
 30
0.0
  0
VERTEX
  5
2E0
330
1CE
100
AcDbEntity
  8
outside2_B
100
AcDbVertex
100
AcDb2dVertex
 10
-368.8347194048676
 20
0.1543189251452901
 30
0.0
  0
VERTEX
  5
2E1
330
1CE
100
AcDbEntity
  8
outside2_B
100
AcDbVertex
100
AcDb2dVertex
 10
-370.6033628006439
 20
0.1357295572472168
 30
0.0
  0
VERTEX
  5
2E2
330
1CE
100
AcDbEntity
  8
outside2_B
100
AcDbVertex
100
AcDb2dVertex
 10
-371.0461011951485
 20
0.1312298732956236
 30
0.0
  0
VERTEX
  5
2E3
330
1CE
100
AcDbEntity
  8
outside2_B
100
AcDbVertex
100
AcDb2dVertex
 10
-371.9313582951833
 20
0.1224308285466833
 30
0.0
  0
VERTEX
  5
2E4
330
1CE
100
AcDbEntity
  8
outside2_B
100
AcDbVertex
100
AcDb2dVertex
 10
-372.816260360018
 20
0.1137382738822907
 30
0.0
  0
VERTEX
  5
2E5
330
1CE
100
AcDbEntity
  8
outside2_B
100
AcDbVertex
100
AcDb2dVertex
 10
-373.7002862539321
 20
0.1053428721088778
 30
0.0
  0
VERTEX
  5
2E6
330
1CE
100
AcDbEntity
  8
outside2_B
100
AcDbVertex
100
AcDb2dVertex
 10
-374.5828103375566
 20
0.0971456526620784
 30
0.0
  0
VERTEX
  5
2E7
330
1CE
100
AcDbEntity
  8
outside2_B
100
AcDbVertex
100
AcDb2dVertex
 10
-375.902651051272
 20
0.0853574119177125
 30
0.0
  0
VERTEX
  5
2E8
330
1CE
100
AcDbEntity
  8
outside2_B
100
AcDbVertex
100
AcDb2dVertex
 10
-376.7791014758398
 20
0.0777632873168415
 30
0.0
  0
VERTEX
  5
2E9
330
1CE
100
AcDbEntity
  8
outside2_B
100
AcDbVertex
100
AcDb2dVertex
 10
-377.2164055775107
 20
0.073957923963178
 30
0.0
  0
VERTEX
  5
2EA
330
1CE
100
AcDbEntity
  8
outside2_B
100
AcDbVertex
100
AcDb2dVertex
 10
-377.6534186213786
 20
0.0703659732501052
 30
0.0
  0
VERTEX
  5
2EB
330
1CE
100
AcDbEntity
  8
outside2_B
100
AcDbVertex
100
AcDb2dVertex
 10
-378.0904074924616
 20
0.0667674745126305
 30
0.0
  0
VERTEX
  5
2EC
330
1CE
100
AcDbEntity
  8
outside2_B
100
AcDbVertex
100
AcDb2dVertex
 10
-378.5279737079923
 20
0.0631683657882007
 30
0.0
  0
VERTEX
  5
2ED
330
1CE
100
AcDbEntity
  8
outside2_B
100
AcDbVertex
100
AcDb2dVertex
 10
-378.9663905989188
 20
0.0596679247755389
 30
0.0
  0
VERTEX
  5
2EE
330
1CE
100
AcDbEntity
  8
outside2_B
100
AcDbVertex
100
AcDb2dVertex
 10
-379.4058554764997
 20
0.0562670132090233
 30
0.0
  0
VERTEX
  5
2EF
330
1CE
100
AcDbEntity
  8
outside2_B
100
AcDbVertex
100
AcDb2dVertex
 10
-379.8469194622496
 20
0.0528737440679521
 30
0.0
  0
VERTEX
  5
2F0
330
1CE
100
AcDbEntity
  8
outside2_B
100
AcDbVertex
100
AcDb2dVertex
 10
-380.289782770467
 20
0.0495719807073272
 30
0.0
  0
VERTEX
  5
2F1
330
1CE
100
AcDbEntity
  8
outside2_B
100
AcDbVertex
100
AcDb2dVertex
 10
-380.7343350402928
 20
0.0462778712636833
 30
0.0
  0
VERTEX
  5
2F2
330
1CE
100
AcDbEntity
  8
outside2_B
100
AcDbVertex
100
AcDb2dVertex
 10
-381.1800522510213
 20
0.043074893668873
 30
0.0
  0
VERTEX
  5
2F3
330
1CE
100
AcDbEntity
  8
outside2_B
100
AcDbVertex
100
AcDb2dVertex
 10
-381.6263070681371
 20
0.039979079033003
 30
0.0
  0
VERTEX
  5
2F4
330
1CE
100
AcDbEntity
  8
outside2_B
100
AcDbVertex
100
AcDb2dVertex
 10
-382.0725491442096
 20
0.0368833527859209
 30
0.0
  0
VERTEX
  5
2F5
330
1CE
100
AcDbEntity
  8
outside2_B
100
AcDbVertex
100
AcDb2dVertex
 10
-382.5183795202565
 20
0.0338791255212811
 30
0.0
  0
VERTEX
  5
2F6
330
1CE
100
AcDbEntity
  8
outside2_B
100
AcDbVertex
100
AcDb2dVertex
 10
-382.9631281292214
 20
0.0308825166313653
 30
0.0
  0
VERTEX
  5
2F7
330
1CE
100
AcDbEntity
  8
outside2_B
100
AcDbVertex
100
AcDb2dVertex
 10
-383.4064169206011
 20
0.0279847058499456
 30
0.0
  0
VERTEX
  5
2F8
330
1CE
100
AcDbEntity
  8
outside2_B
100
AcDbVertex
100
AcDb2dVertex
 10
-383.8477637696324
 20
0.0251863524137264
 30
0.0
  0
VERTEX
  5
2F9
330
1CE
100
AcDbEntity
  8
outside2_B
100
AcDbVertex
100
AcDb2dVertex
 10
-384.2872844460121
 20
0.0223880716159925
 30
0.0
  0
VERTEX
  5
2FA
330
1CE
100
AcDbEntity
  8
outside2_B
100
AcDbVertex
100
AcDb2dVertex
 10
-384.7252326650891
 20
0.0196888295108124
 30
0.0
  0
VERTEX
  5
2FB
330
1CE
100
AcDbEntity
  8
outside2_B
100
AcDbVertex
100
AcDb2dVertex
 10
-385.1621899091066
 20
0.016989585675276
 30
0.0
  0
VERTEX
  5
2FC
330
1CE
100
AcDbEntity
  8
outside2_B
100
AcDbVertex
100
AcDb2dVertex
 10
-385.5982919288785
 20
0.0143967362589308
 30
0.0
  0
VERTEX
  5
2FD
330
1CE
100
AcDbEntity
  8
outside2_B
100
AcDbVertex
100
AcDb2dVertex
 10
-386.0340451146531
 20
0.0118957380624352
 30
0.0
  0
VERTEX
  5
2FE
330
1CE
100
AcDbEntity
  8
outside2_B
100
AcDbVertex
100
AcDb2dVertex
 10
-386.4696383117496
 20
0.0093950455032399
 30
0.0
  0
VERTEX
  5
2FF
330
1CE
100
AcDbEntity
  8
outside2_B
100
AcDbVertex
100
AcDb2dVertex
 10
-386.9055543943346
 20
0.00690126375207
 30
0.0
  0
VERTEX
  5
300
330
1CE
100
AcDbEntity
  8
outside2_B
100
AcDbVertex
100
AcDb2dVertex
 10
-387.3421616385265
 20
0.0045981933310202
 30
0.0
  0
VERTEX
  5
301
330
1CE
100
AcDbEntity
  8
outside2_B
100
AcDbVertex
100
AcDb2dVertex
 10
-387.7795692569003
 20
0.0023032708134991
 30
0.0
  0
VERTEX
  5
302
330
1CE
100
AcDbEntity
  8
outside2_B
100
AcDbVertex
100
AcDb2dVertex
 10
-388.2184316411067
 20
0.000000451895005
 30
0.0
  0
VERTEX
  5
303
330
1CE
100
AcDbEntity
  8
outside2_B
100
AcDbVertex
100
AcDb2dVertex
 10
-388.6589585056409
 20
-0.0021959288436193
 30
0.0
  0
VERTEX
  5
304
330
1CE
100
AcDbEntity
  8
outside2_B
100
AcDbVertex
100
AcDb2dVertex
 10
-389.1015766619974
 20
-0.0042931753545048
 30
0.0
  0
VERTEX
  5
305
330
1CE
100
AcDbEntity
  8
outside2_B
100
AcDbVertex
100
AcDb2dVertex
 10
-390.4446825533743
 20
-0.0102939493429233
 30
0.0
  0
VERTEX
  5
306
330
1CE
100
AcDbEntity
  8
outside2_B
100
AcDbVertex
100
AcDb2dVertex
 10
-390.8980942913168
 20
-0.0121928884008184
 30
0.0
  0
VERTEX
  5
307
330
1CE
100
AcDbEntity
  8
outside2_B
100
AcDbVertex
100
AcDb2dVertex
 10
-391.3527307949667
 20
-0.013992402268741
 30
0.0
  0
VERTEX
  5
308
330
1CE
100
AcDbEntity
  8
outside2_B
100
AcDbVertex
100
AcDb2dVertex
 10
-391.8067623633518
 20
-0.0157918757942213
 30
0.0
  0
VERTEX
  5
309
330
1CE
100
AcDbEntity
  8
outside2_B
100
AcDbVertex
100
AcDb2dVertex
 10
-392.2586532786716
 20
-0.0174924339317926
 30
0.0
  0
VERTEX
  5
30A
330
1CE
100
AcDbEntity
  8
outside2_B
100
AcDbVertex
100
AcDb2dVertex
 10
-392.7065885681748
 20
-0.0190859941467068
 30
0.0
  0
VERTEX
  5
30B
330
1CE
100
AcDbEntity
  8
outside2_B
100
AcDbVertex
100
AcDb2dVertex
 10
-393.1487044909234
 20
-0.0206871451793234
 30
0.0
  0
VERTEX
  5
30C
330
1CE
100
AcDbEntity
  8
outside2_B
100
AcDbVertex
100
AcDb2dVertex
 10
-393.5835188545394
 20
-0.0221891868015547
 30
0.0
  0
VERTEX
  5
30D
330
1CE
100
AcDbEntity
  8
outside2_B
100
AcDbVertex
100
AcDb2dVertex
 10
-394.0094078994155
 20
-0.0236838018918917
 30
0.0
  0
VERTEX
  5
30E
330
1CE
100
AcDbEntity
  8
outside2_B
100
AcDbVertex
100
AcDb2dVertex
 10
-394.4268578031402
 20
-0.0249876180295701
 30
0.0
  0
VERTEX
  5
30F
330
1CE
100
AcDbEntity
  8
outside2_B
100
AcDbVertex
100
AcDb2dVertex
 10
-394.8391139553405
 20
-0.0263830028527821
 30
0.0
  0
VERTEX
  5
310
330
1CE
100
AcDbEntity
  8
outside2_B
100
AcDbVertex
100
AcDb2dVertex
 10
-395.2497442353255
 20
-0.0275803313194274
 30
0.0
  0
VERTEX
  5
311
330
1CE
100
AcDbEntity
  8
outside2_B
100
AcDbVertex
100
AcDb2dVertex
 10
-395.6618662859223
 20
-0.0287849652910666
 30
0.0
  0
VERTEX
  5
312
330
1CE
100
AcDbEntity
  8
outside2_B
100
AcDbVertex
100
AcDb2dVertex
 10
-396.0792657219808
 20
-0.0299821976694119
 30
0.0
  0
VERTEX
  5
313
330
1CE
100
AcDbEntity
  8
outside2_B
100
AcDbVertex
100
AcDb2dVertex
 10
-396.5053365245811
 20
-0.0310804755509508
 30
0.0
  0
VERTEX
  5
314
330
1CE
100
AcDbEntity
  8
outside2_B
100
AcDbVertex
100
AcDb2dVertex
 10
-397.3960718529447
 20
-0.0330783580612746
 30
0.0
  0
VERTEX
  5
315
330
1CE
100
AcDbEntity
  8
outside2_B
100
AcDbVertex
100
AcDb2dVertex
 10
-397.8642001833882
 20
-0.0339782821920096
 30
0.0
  0
VERTEX
  5
316
330
1CE
100
AcDbEntity
  8
outside2_B
100
AcDbVertex
100
AcDb2dVertex
 10
-398.3450247188517
 20
-0.0347789193232728
 30
0.0
  0
VERTEX
  5
317
330
1CE
100
AcDbEntity
  8
outside2_B
100
AcDbVertex
100
AcDb2dVertex
 10
-398.8363649877381
 20
-0.0355795703424207
 30
0.0
  0
VERTEX
  5
318
330
1CE
100
AcDbEntity
  8
outside2_B
100
AcDbVertex
100
AcDb2dVertex
 10
-399.3356266162875
 20
-0.0362811446486262
 30
0.0
  0
VERTEX
  5
319
330
1CE
100
AcDbEntity
  8
outside2_B
100
AcDbVertex
100
AcDb2dVertex
 10
-399.8376367082107
 20
-0.0368758891300729
 30
0.0
  0
VERTEX
  5
31A
330
1CE
100
AcDbEntity
  8
outside2_B
100
AcDbVertex
100
AcDb2dVertex
 10
-400.3365140188708
 20
-0.0374782323383442
 30
0.0
  0
VERTEX
  5
31B
330
1CE
100
AcDbEntity
  8
outside2_B
100
AcDbVertex
100
AcDb2dVertex
 10
-400.8258270533182
 20
-0.0379814682325446
 30
0.0
  0
SEQEND
  5
31C
330
1CE
100
AcDbEntity
  8
outside2_B
  0
POLYLINE
  5
31D
330
1F
100
AcDbEntity
  8
outside2_B
100
AcDb2dPolyline
 66
     1
 10
0.0
 20
0.0
 30
0.0
  0
VERTEX
  5
31E
330
31D
100
AcDbEntity
  8
outside2_B
100
AcDbVertex
100
AcDb2dVertex
 10
-400.8258183151303
 20
-0.0379814591708509
 30
0.0
  0
VERTEX
  5
31F
330
31D
100
AcDbEntity
  8
outside2_B
100
AcDbVertex
100
AcDb2dVertex
 10
-401.2998171293802
 20
-0.0384770664630452
 30
0.0
  0
VERTEX
  5
320
330
31D
100
AcDbEntity
  8
outside2_B
100
AcDbVertex
100
AcDb2dVertex
 10
-401.7556401483429
 20
-0.0388811784031731
 30
0.0
  0
VERTEX
  5
321
330
31D
100
AcDbEntity
  8
outside2_B
100
AcDbVertex
100
AcDb2dVertex
 10
-402.1914388498147
 20
-0.0392777196720147
 30
0.0
  0
VERTEX
  5
322
330
31D
100
AcDbEntity
  8
outside2_B
100
AcDbVertex
100
AcDb2dVertex
 10
-402.6055816824572
 20
-0.0394759616936824
 30
0.0
  0
VERTEX
  5
323
330
31D
100
AcDbEntity
  8
outside2_B
100
AcDbVertex
100
AcDb2dVertex
 10
-402.9974683468543
 20
-0.0397809674643099
 30
0.0
  0
VERTEX
  5
324
330
31D
100
AcDbEntity
  8
outside2_B
100
AcDbVertex
100
AcDb2dVertex
 10
-403.3741375195692
 20
-0.0398801150152366
 30
0.0
  0
SEQEND
  5
325
330
31D
100
AcDbEntity
  8
outside2_B
  0
POLYLINE
  5
326
330
1F
100
AcDbEntity
  8
outside2_B
100
AcDb2dPolyline
 66
     1
 10
0.0
 20
0.0
 30
0.0
  0
VERTEX
  5
327
330
326
100
AcDbEntity
  8
outside2_B
100
AcDbVertex
100
AcDb2dVertex
 10
26.90314191542228
 20
1.3155060658396
 30
0.0
  0
VERTEX
  5
328
330
326
100
AcDbEntity
  8
outside2_B
100
AcDbVertex
100
AcDb2dVertex
 10
26.90774366969475
 20
1.315644224743849
 30
0.0
  0
VERTEX
  5
329
330
326
100
AcDbEntity
  8
outside2_B
100
AcDbVertex
100
AcDb2dVertex
 10
27.38377230464533
 20
1.326196995031594
 30
0.0
  0
VERTEX
  5
32A
330
326
100
AcDbEntity
  8
outside2_B
100
AcDbVertex
100
AcDb2dVertex
 10
27.86274888845236
 20
1.336786872704252
 30
0.0
  0
VERTEX
  5
32B
330
326
100
AcDbEntity
  8
outside2_B
100
AcDbVertex
100
AcDb2dVertex
 10
28.33587480017508
 20
1.347278416160236
 30
0.0
  0
VERTEX
  5
32C
330
326
100
AcDbEntity
  8
outside2_B
100
AcDbVertex
100
AcDb2dVertex
 10
28.80287901779928
 20
1.357671028957739
 30
0.0
  0
VERTEX
  5
32D
330
326
100
AcDbEntity
  8
outside2_B
100
AcDbVertex
100
AcDb2dVertex
 10
29.26335754617793
 20
1.367963181496009
 30
0.0
  0
VERTEX
  5
32E
330
326
100
AcDbEntity
  8
outside2_B
100
AcDbVertex
100
AcDb2dVertex
 10
30.16412287168617
 20
1.387953419870612
 30
0.0
  0
VERTEX
  5
32F
330
326
100
AcDbEntity
  8
outside2_B
100
AcDbVertex
100
AcDb2dVertex
 10
31.03662801439185
 20
1.407441370731846
 30
0.0
  0
VERTEX
  5
330
330
326
100
AcDbEntity
  8
outside2_B
100
AcDbVertex
100
AcDb2dVertex
 10
31.46210166346822
 20
1.416932424295055
 30
0.0
  0
VERTEX
  5
331
330
326
100
AcDbEntity
  8
outside2_B
100
AcDbVertex
100
AcDb2dVertex
 10
31.88070017077615
 20
1.426226311450975
 30
0.0
  0
VERTEX
  5
332
330
326
100
AcDbEntity
  8
outside2_B
100
AcDbVertex
100
AcDb2dVertex
 10
32.29243493023449
 20
1.435421039987887
 30
0.0
  0
VERTEX
  5
333
330
326
100
AcDbEntity
  8
outside2_B
100
AcDbVertex
100
AcDb2dVertex
 10
32.69733353552277
 20
1.444417431383513
 30
0.0
  0
VERTEX
  5
334
330
326
100
AcDbEntity
  8
outside2_B
100
AcDbVertex
100
AcDb2dVertex
 10
33.09552192383188
 20
1.453308424504314
 30
0.0
  0
VERTEX
  5
335
330
326
100
AcDbEntity
  8
outside2_B
100
AcDbVertex
100
AcDb2dVertex
 10
33.48706899581038
 20
1.462099096947497
 30
0.0
  0
VERTEX
  5
336
330
326
100
AcDbEntity
  8
outside2_B
100
AcDbVertex
100
AcDb2dVertex
 10
34.25189006940417
 20
1.479191689122501
 30
0.0
  0
VERTEX
  5
337
330
326
100
AcDbEntity
  8
outside2_B
100
AcDbVertex
100
AcDb2dVertex
 10
34.62731281371197
 20
1.487585411004034
 30
0.0
  0
VERTEX
  5
338
330
326
100
AcDbEntity
  8
outside2_B
100
AcDbVertex
100
AcDb2dVertex
 10
34.99976959240684
 20
1.495880526356927
 30
0.0
  0
VERTEX
  5
339
330
326
100
AcDbEntity
  8
outside2_B
100
AcDbVertex
100
AcDb2dVertex
 10
35.3704491821747
 20
1.504176136725278
 30
0.0
  0
VERTEX
  5
33A
330
326
100
AcDbEntity
  8
outside2_B
100
AcDbVertex
100
AcDb2dVertex
 10
35.74068742772391
 20
1.512471425088464
 30
0.0
  0
VERTEX
  5
33B
330
326
100
AcDbEntity
  8
outside2_B
100
AcDbVertex
100
AcDb2dVertex
 10
36.48758929528725
 20
1.529220300555394
 30
0.0
  0
VERTEX
  5
33C
330
326
100
AcDbEntity
  8
outside2_B
100
AcDbVertex
100
AcDb2dVertex
 10
37.06664110963828
 20
1.549015266099431
 30
0.0
  0
VERTEX
  5
33D
330
326
100
AcDbEntity
  8
outside2_B
100
AcDbVertex
100
AcDb2dVertex
 10
38.59927048658545
 20
1.549015266099431
 30
0.0
  0
SEQEND
  5
33E
330
326
100
AcDbEntity
  8
outside2_B
  0
POLYLINE
  5
33F
330
1F
100
AcDbEntity
  8
outside2_B
100
AcDb2dPolyline
 66
     1
 10
0.0
 20
0.0
 30
0.0
  0
VERTEX
  5
340
330
33F
100
AcDbEntity
  8
outside2_B
100
AcDbVertex
100
AcDb2dVertex
 10
26.89906132794448
 20
1.315399897087062
 30
0.0
  0
VERTEX
  5
341
330
33F
100
AcDbEntity
  8
outside2_B
100
AcDbVertex
100
AcDb2dVertex
 10
26.40905152434829
 20
1.304612942420022
 30
0.0
  0
VERTEX
  5
342
330
33F
100
AcDbEntity
  8
outside2_B
100
AcDbVertex
100
AcDb2dVertex
 10
25.91410294777251
 20
1.293619167813986
 30
0.0
  0
VERTEX
  5
343
330
33F
100
AcDbEntity
  8
outside2_B
100
AcDbVertex
100
AcDb2dVertex
 10
25.41522990434709
 20
1.282624594550683
 30
0.0
  0
VERTEX
  5
344
330
33F
100
AcDbEntity
  8
outside2_B
100
AcDbVertex
100
AcDb2dVertex
 10
24.91320935727452
 20
1.27153245010571
 30
0.0
  0
VERTEX
  5
345
330
33F
100
AcDbEntity
  8
outside2_B
100
AcDbVertex
100
AcDb2dVertex
 10
24.40892837104656
 20
1.260339422076697
 30
0.0
  0
VERTEX
  5
346
330
33F
100
AcDbEntity
  8
outside2_B
100
AcDbVertex
100
AcDb2dVertex
 10
23.90326315501505
 20
1.249245925358778
 30
0.0
  0
VERTEX
  5
347
330
33F
100
AcDbEntity
  8
outside2_B
100
AcDbVertex
100
AcDb2dVertex
 10
23.39716038829937
 20
1.238054763378614
 30
0.0
  0
VERTEX
  5
348
330
33F
100
AcDbEntity
  8
outside2_B
100
AcDbVertex
100
AcDb2dVertex
 10
22.89118035466225
 20
1.226861931778473
 30
0.0
  0
VERTEX
  5
349
330
33F
100
AcDbEntity
  8
outside2_B
100
AcDbVertex
100
AcDb2dVertex
 10
22.38646638105337
 20
1.215767557358589
 30
0.0
  0
VERTEX
  5
34A
330
33F
100
AcDbEntity
  8
outside2_B
100
AcDbVertex
100
AcDb2dVertex
 10
21.88403288400258
 20
1.204773822680608
 30
0.0
  0
VERTEX
  5
34B
330
33F
100
AcDbEntity
  8
outside2_B
100
AcDbVertex
100
AcDb2dVertex
 10
21.38496411012869
 20
1.193787264839685
 30
0.0
  0
VERTEX
  5
34C
330
33F
100
AcDbEntity
  8
outside2_B
100
AcDbVertex
100
AcDb2dVertex
 10
20.89046635110134
 20
1.182990570313777
 30
0.0
  0
VERTEX
  5
34D
330
33F
100
AcDbEntity
  8
outside2_B
100
AcDbVertex
100
AcDb2dVertex
 10
20.40158917709022
 20
1.172301480553969
 30
0.0
  0
VERTEX
  5
34E
330
33F
100
AcDbEntity
  8
outside2_B
100
AcDbVertex
100
AcDb2dVertex
 10
19.91954833158724
 20
1.161803437847297
 30
0.0
  0
VERTEX
  5
34F
330
33F
100
AcDbEntity
  8
outside2_B
100
AcDbVertex
100
AcDb2dVertex
 10
19.44546444660244
 20
1.151411409297367
 30
0.0
  0
VERTEX
  5
350
330
33F
100
AcDbEntity
  8
outside2_B
100
AcDbVertex
100
AcDb2dVertex
 10
18.98032556204356
 20
1.141315938933189
 30
0.0
  0
VERTEX
  5
351
330
33F
100
AcDbEntity
  8
outside2_B
100
AcDbVertex
100
AcDb2dVertex
 10
18.5253222121998
 20
1.131426882054811
 30
0.0
  0
VERTEX
  5
352
330
33F
100
AcDbEntity
  8
outside2_B
100
AcDbVertex
100
AcDb2dVertex
 10
18.0801339231154
 20
1.121828429200804
 30
0.0
  0
VERTEX
  5
353
330
33F
100
AcDbEntity
  8
outside2_B
100
AcDbVertex
100
AcDb2dVertex
 10
17.64433607169025
 20
1.112336331142302
 30
0.0
  0
VERTEX
  5
354
330
33F
100
AcDbEntity
  8
outside2_B
100
AcDbVertex
100
AcDb2dVertex
 10
17.21735773508743
 20
1.103140062364517
 30
0.0
  0
VERTEX
  5
355
330
33F
100
AcDbEntity
  8
outside2_B
100
AcDbVertex
100
AcDb2dVertex
 10
16.79892296269912
 20
1.094150729335254
 30
0.0
  0
VERTEX
  5
356
330
33F
100
AcDbEntity
  8
outside2_B
100
AcDbVertex
100
AcDb2dVertex
 10
16.38847854400041
 20
1.085351679378391
 30
0.0
  0
VERTEX
  5
357
330
33F
100
AcDbEntity
  8
outside2_B
100
AcDbVertex
100
AcDb2dVertex
 10
15.98548742416386
 20
1.076758093909035
 30
0.0
  0
VERTEX
  5
358
330
33F
100
AcDbEntity
  8
outside2_B
100
AcDbVertex
100
AcDb2dVertex
 10
15.58966690889855
 20
1.068363795671345
 30
0.0
  0
VERTEX
  5
359
330
33F
100
AcDbEntity
  8
outside2_B
100
AcDbVertex
100
AcDb2dVertex
 10
15.20003989138144
 20
1.060068992809477
 30
0.0
  0
VERTEX
  5
35A
330
33F
100
AcDbEntity
  8
outside2_B
100
AcDbVertex
100
AcDb2dVertex
 10
14.81422007129748
 20
1.051873199690291
 30
0.0
  0
VERTEX
  5
35B
330
33F
100
AcDbEntity
  8
outside2_B
100
AcDbVertex
100
AcDb2dVertex
 10
14.42983174854629
 20
1.043683692476733
 30
0.0
  0
VERTEX
  5
35C
330
33F
100
AcDbEntity
  8
outside2_B
100
AcDbVertex
100
AcDb2dVertex
 10
14.04443792622482
 20
1.035585709822598
 30
0.0
  0
VERTEX
  5
35D
330
33F
100
AcDbEntity
  8
outside2_B
100
AcDbVertex
100
AcDb2dVertex
 10
13.65561064527373
 20
1.027389840665307
 30
0.0
  0
VERTEX
  5
35E
330
33F
100
AcDbEntity
  8
outside2_B
100
AcDbVertex
100
AcDb2dVertex
 10
13.26087935952745
 20
1.019094796069709
 30
0.0
  0
VERTEX
  5
35F
330
33F
100
AcDbEntity
  8
outside2_B
100
AcDbVertex
100
AcDb2dVertex
 10
12.85775991153622
 20
1.010601490001278
 30
0.0
  0
VERTEX
  5
360
330
33F
100
AcDbEntity
  8
outside2_B
100
AcDbVertex
100
AcDb2dVertex
 10
12.44380593779596
 20
1.001909142790666
 30
0.0
  0
VERTEX
  5
361
330
33F
100
AcDbEntity
  8
outside2_B
100
AcDbVertex
100
AcDb2dVertex
 10
12.01812481257588
 20
0.9930121968573786
 30
0.0
  0
VERTEX
  5
362
330
33F
100
AcDbEntity
  8
outside2_B
100
AcDbVertex
100
AcDb2dVertex
 10
11.58160270800198
 20
0.9838172819498396
 30
0.0
  0
VERTEX
  5
363
330
33F
100
AcDbEntity
  8
outside2_B
100
AcDbVertex
100
AcDb2dVertex
 10
11.13578672234729
 20
0.9745227773062055
 30
0.0
  0
VERTEX
  5
364
330
33F
100
AcDbEntity
  8
outside2_B
100
AcDbVertex
100
AcDb2dVertex
 10
10.68208943986468
 20
0.9650307238564011
 30
0.0
  0
VERTEX
  5
365
330
33F
100
AcDbEntity
  8
outside2_B
100
AcDbVertex
100
AcDb2dVertex
 10
10.22174817922786
 20
0.9554402809264673
 30
0.0
  0
VERTEX
  5
366
330
33F
100
AcDbEntity
  8
outside2_B
100
AcDbVertex
100
AcDb2dVertex
 10
9.756128453791632
 20
0.9456423353072125
 30
0.0
  0
VERTEX
  5
367
330
33F
100
AcDbEntity
  8
outside2_B
100
AcDbVertex
100
AcDb2dVertex
 10
9.286740637838363
 20
0.9359517383012133
 30
0.0
  0
VERTEX
  5
368
330
33F
100
AcDbEntity
  8
outside2_B
100
AcDbVertex
100
AcDb2dVertex
 10
8.814782434422284
 20
0.9260560618234308
 30
0.0
  0
VERTEX
  5
369
330
33F
100
AcDbEntity
  8
outside2_B
100
AcDbVertex
100
AcDb2dVertex
 10
8.34211399776649
 20
0.916264724177168
 30
0.0
  0
VERTEX
  5
36A
330
33F
100
AcDbEntity
  8
outside2_B
100
AcDbVertex
100
AcDb2dVertex
 10
7.871309124736115
 20
0.9065738355067339
 30
0.0
  0
VERTEX
  5
36B
330
33F
100
AcDbEntity
  8
outside2_B
100
AcDbVertex
100
AcDb2dVertex
 10
7.404427297638847
 20
0.8969751511978501
 30
0.0
  0
VERTEX
  5
36C
330
33F
100
AcDbEntity
  8
outside2_B
100
AcDbVertex
100
AcDb2dVertex
 10
6.943896280644537
 20
0.8874821031472919
 30
0.0
  0
VERTEX
  5
36D
330
33F
100
AcDbEntity
  8
outside2_B
100
AcDbVertex
100
AcDb2dVertex
 10
5.598749967681385
 20
0.8601021822199044
 30
0.0
  0
VERTEX
  5
36E
330
33F
100
AcDbEntity
  8
outside2_B
100
AcDbVertex
100
AcDb2dVertex
 10
5.159400481931868
 20
0.8512038682686836
 30
0.0
  0
VERTEX
  5
36F
330
33F
100
AcDbEntity
  8
outside2_B
100
AcDbVertex
100
AcDb2dVertex
 10
4.723253679001971
 20
0.8424123077131185
 30
0.0
  0
VERTEX
  5
370
330
33F
100
AcDbEntity
  8
outside2_B
100
AcDbVertex
100
AcDb2dVertex
 10
4.289497619721431
 20
0.8337118706193962
 30
0.0
  0
VERTEX
  5
371
330
33F
100
AcDbEntity
  8
outside2_B
100
AcDbVertex
100
AcDb2dVertex
 10
3.857470985463976
 20
0.8251189156088401
 30
0.0
  0
VERTEX
  5
372
330
33F
100
AcDbEntity
  8
outside2_B
100
AcDbVertex
100
AcDb2dVertex
 10
3.426478421048785
 20
0.8165268152038294
 30
0.0
  0
VERTEX
  5
373
330
33F
100
AcDbEntity
  8
outside2_B
100
AcDbVertex
100
AcDb2dVertex
 10
2.995723089967385
 20
0.8079333637240182
 30
0.0
  0
VERTEX
  5
374
330
33F
100
AcDbEntity
  8
outside2_B
100
AcDbVertex
100
AcDb2dVertex
 10
2.564614118074076
 20
0.7994398826351414
 30
0.0
  0
VERTEX
  5
375
330
33F
100
AcDbEntity
  8
outside2_B
100
AcDbVertex
100
AcDb2dVertex
 10
2.132373002435259
 20
0.7908392832624003
 30
0.0
  0
VERTEX
  5
376
330
33F
100
AcDbEntity
  8
outside2_B
100
AcDbVertex
100
AcDb2dVertex
 10
1.698383807625703
 20
0.7823440458169983
 30
0.0
  0
VERTEX
  5
377
330
33F
100
AcDbEntity
  8
outside2_B
100
AcDbVertex
100
AcDb2dVertex
 10
1.262703175775357
 20
0.7738512162537319
 30
0.0
  0
VERTEX
  5
378
330
33F
100
AcDbEntity
  8
outside2_B
100
AcDbVertex
100
AcDb2dVertex
 10
0.8255352385621677
 20
0.7652594147533307
 30
0.0
  0
VERTEX
  5
379
330
33F
100
AcDbEntity
  8
outside2_B
100
AcDbVertex
100
AcDb2dVertex
 10
0.3870509262064274
 20
0.7566654211526753
 30
0.0
  0
VERTEX
  5
37A
330
33F
100
AcDbEntity
  8
outside2_B
100
AcDbVertex
100
AcDb2dVertex
 10
-0.0526089797547797
 20
0.748170830024975
 30
0.0
  0
VERTEX
  5
37B
330
33F
100
AcDbEntity
  8
outside2_B
100
AcDbVertex
100
AcDb2dVertex
 10
-0.492970106821133
 20
0.7396783032945393
 30
0.0
  0
VERTEX
  5
37C
330
33F
100
AcDbEntity
  8
outside2_B
100
AcDbVertex
100
AcDb2dVertex
 10
-0.9341227917153105
 20
0.7310769926062477
 30
0.0
  0
VERTEX
  5
37D
330
33F
100
AcDbEntity
  8
outside2_B
100
AcDbVertex
100
AcDb2dVertex
 10
-1.375686189602959
 20
0.7226815843539498
 30
0.0
  0
VERTEX
  5
37E
330
33F
100
AcDbEntity
  8
outside2_B
100
AcDbVertex
100
AcDb2dVertex
 10
-1.817324349925286
 20
0.7141894224006933
 30
0.0
  0
VERTEX
  5
37F
330
33F
100
AcDbEntity
  8
outside2_B
100
AcDbVertex
100
AcDb2dVertex
 10
-2.259387400964727
 20
0.7056949552005989
 30
0.0
  0
VERTEX
  5
380
330
33F
100
AcDbEntity
  8
outside2_B
100
AcDbVertex
100
AcDb2dVertex
 10
-2.701535178712504
 20
0.6972997442307047
 30
0.0
  0
VERTEX
  5
381
330
33F
100
AcDbEntity
  8
outside2_B
100
AcDbVertex
100
AcDb2dVertex
 10
-3.14368293287913
 20
0.6889045337085378
 30
0.0
  0
VERTEX
  5
382
330
33F
100
AcDbEntity
  8
outside2_B
100
AcDbVertex
100
AcDb2dVertex
 10
-3.585922176178485
 20
0.680608449417548
 30
0.0
  0
VERTEX
  5
383
330
33F
100
AcDbEntity
  8
outside2_B
100
AcDbVertex
100
AcDb2dVertex
 10
-4.028118869380762
 20
0.6723134493794447
 30
0.0
  0
VERTEX
  5
384
330
33F
100
AcDbEntity
  8
outside2_B
100
AcDbVertex
100
AcDb2dVertex
 10
-4.470266744495177
 20
0.6640173625924888
 30
0.0
  0
VERTEX
  5
385
330
33F
100
AcDbEntity
  8
outside2_B
100
AcDbVertex
100
AcDb2dVertex
 10
-4.912325439502013
 20
0.6558279839324541
 30
0.0
  0
VERTEX
  5
386
330
33F
100
AcDbEntity
  8
outside2_B
100
AcDbVertex
100
AcDb2dVertex
 10
-5.795952970167775
 20
0.6394354251224286
 30
0.0
  0
VERTEX
  5
387
330
33F
100
AcDbEntity
  8
outside2_B
100
AcDbVertex
100
AcDb2dVertex
 10
-6.679007611276631
 20
0.623248047058695
 30
0.0
  0
VERTEX
  5
388
330
33F
100
AcDbEntity
  8
outside2_B
100
AcDbVertex
100
AcDb2dVertex
 10
-7.561574993511897
 20
0.6071521529429305
 30
0.0
  0
VERTEX
  5
389
330
33F
100
AcDbEntity
  8
outside2_B
100
AcDbVertex
100
AcDb2dVertex
 10
-8.443641936822189
 20
0.5912620773070785
 30
0.0
  0
VERTEX
  5
38A
330
33F
100
AcDbEntity
  8
outside2_B
100
AcDbVertex
100
AcDb2dVertex
 10
-9.325313081015167
 20
0.5754711116606899
 30
0.0
  0
VERTEX
  5
38B
330
33F
100
AcDbEntity
  8
outside2_B
100
AcDbVertex
100
AcDb2dVertex
 10
-10.20661477301138
 20
0.559885537526398
 30
0.0
  0
VERTEX
  5
38C
330
33F
100
AcDbEntity
  8
outside2_B
100
AcDbVertex
100
AcDb2dVertex
 10
-11.08758390383156
 20
0.5444910708903876
 30
0.0
  0
VERTEX
  5
38D
330
33F
100
AcDbEntity
  8
outside2_B
100
AcDbVertex
100
AcDb2dVertex
 10
-11.96835707634915
 20
0.5292033117365378
 30
0.0
  0
VERTEX
  5
38E
330
33F
100
AcDbEntity
  8
outside2_B
100
AcDbVertex
100
AcDb2dVertex
 10
-12.84885181679289
 20
0.5141133426409965
 30
0.0
  0
VERTEX
  5
38F
330
33F
100
AcDbEntity
  8
outside2_B
100
AcDbVertex
100
AcDb2dVertex
 10
-13.72912073069512
 20
0.4992220912650396
 30
0.0
  0
VERTEX
  5
390
330
33F
100
AcDbEntity
  8
outside2_B
100
AcDbVertex
100
AcDb2dVertex
 10
-14.60929907311271
 20
0.4844299468361868
 30
0.0
  0
VERTEX
  5
391
330
33F
100
AcDbEntity
  8
outside2_B
100
AcDbVertex
100
AcDb2dVertex
 10
-15.48946438863123
 20
0.4698360107869917
 30
0.0
  0
VERTEX
  5
392
330
33F
100
AcDbEntity
  8
outside2_B
100
AcDbVertex
100
AcDb2dVertex
 10
-16.36956479720408
 20
0.4553483847166717
 30
0.0
  0
VERTEX
  5
393
330
33F
100
AcDbEntity
  8
outside2_B
100
AcDbVertex
100
AcDb2dVertex
 10
-17.24966614111992
 20
0.4411504960787056
 30
0.0
  0
VERTEX
  5
394
330
33F
100
AcDbEntity
  8
outside2_B
100
AcDbVertex
100
AcDb2dVertex
 10
-18.129819430071
 20
0.4270602358654116
 30
0.0
  0
VERTEX
  5
395
330
33F
100
AcDbEntity
  8
outside2_B
100
AcDbVertex
100
AcDb2dVertex
 10
-19.01013012274126
 20
0.4130680478582605
 30
0.0
  0
VERTEX
  5
396
330
33F
100
AcDbEntity
  8
outside2_B
100
AcDbVertex
100
AcDb2dVertex
 10
-20.33086822118258
 20
0.3925797256258932
 30
0.0
  0
VERTEX
  5
397
330
33F
100
AcDbEntity
  8
outside2_B
100
AcDbVertex
100
AcDb2dVertex
 10
-21.65180253121372
 20
0.3723964337462178
 30
0.0
  0
VERTEX
  5
398
330
33F
100
AcDbEntity
  8
outside2_B
100
AcDbVertex
100
AcDb2dVertex
 10
-22.97313471593344
 20
0.3527011193418588
 30
0.0
  0
VERTEX
  5
399
330
33F
100
AcDbEntity
  8
outside2_B
100
AcDbVertex
100
AcDb2dVertex
 10
-24.29466449266175
 20
0.3333184386173826
 30
0.0
  0
VERTEX
  5
39A
330
33F
100
AcDbEntity
  8
outside2_B
100
AcDbVertex
100
AcDb2dVertex
 10
-25.61641185891727
 20
0.3144234796715892
 30
0.0
  0
VERTEX
  5
39B
330
33F
100
AcDbEntity
  8
outside2_B
100
AcDbVertex
100
AcDb2dVertex
 10
-26.93846388844355
 20
0.2959402800339603
 30
0.0
  0
VERTEX
  5
39C
330
33F
100
AcDbEntity
  8
outside2_B
100
AcDbVertex
100
AcDb2dVertex
 10
-28.26062108319394
 20
0.2779451072525205
 30
0.0
  0
VERTEX
  5
39D
330
33F
100
AcDbEntity
  8
outside2_B
100
AcDbVertex
100
AcDb2dVertex
 10
-29.58305178509346
 20
0.2603542794489613
 30
0.0
  0
VERTEX
  5
39E
330
33F
100
AcDbEntity
  8
outside2_B
100
AcDbVertex
100
AcDb2dVertex
 10
-30.90560657954285
 20
0.2431673501866527
 30
0.0
  0
VERTEX
  5
39F
330
33F
100
AcDbEntity
  8
outside2_B
100
AcDbVertex
100
AcDb2dVertex
 10
-32.22835953384225
 20
0.226476052257496
 30
0.0
  0
VERTEX
  5
3A0
330
33F
100
AcDbEntity
  8
outside2_B
100
AcDbVertex
100
AcDb2dVertex
 10
-33.55120372182347
 20
0.2101888868059518
 30
0.0
  0
VERTEX
  5
3A1
330
33F
100
AcDbEntity
  8
outside2_B
100
AcDbVertex
100
AcDb2dVertex
 10
-34.87415339517003
 20
0.1943973664975829
 30
0.0
  0
VERTEX
  5
3A2
330
33F
100
AcDbEntity
  8
outside2_B
100
AcDbVertex
100
AcDb2dVertex
 10
-36.19732159831875
 20
0.1790021139005233
 30
0.0
  0
VERTEX
  5
3A3
330
33F
100
AcDbEntity
  8
outside2_B
100
AcDbVertex
100
AcDb2dVertex
 10
-37.52049104076383
 20
0.1642092372230053
 30
0.0
  0
VERTEX
  5
3A4
330
33F
100
AcDbEntity
  8
outside2_B
100
AcDbVertex
100
AcDb2dVertex
 10
-38.84374683037964
 20
0.1498207177173754
 30
0.0
  0
VERTEX
  5
3A5
330
33F
100
AcDbEntity
  8
outside2_B
100
AcDbVertex
100
AcDb2dVertex
 10
-40.16711279493103
 20
0.1359276321441172
 30
0.0
  0
VERTEX
  5
3A6
330
33F
100
AcDbEntity
  8
outside2_B
100
AcDbVertex
100
AcDb2dVertex
 10
-41.49038725949964
 20
0.1225378087040951
 30
0.0
  0
VERTEX
  5
3A7
330
33F
100
AcDbEntity
  8
outside2_B
100
AcDbVertex
100
AcDb2dVertex
 10
-42.81375192442744
 20
0.1096436349210705
 30
0.0
  0
VERTEX
  5
3A8
330
33F
100
AcDbEntity
  8
outside2_B
100
AcDbVertex
100
AcDb2dVertex
 10
-44.13711937764748
 20
0.0972450714995148
 30
0.0
  0
VERTEX
  5
3A9
330
33F
100
AcDbEntity
  8
outside2_B
100
AcDbVertex
100
AcDb2dVertex
 10
-45.46051629700634
 20
0.0853572682954251
 30
0.0
  0
VERTEX
  5
3AA
330
33F
100
AcDbEntity
  8
outside2_B
100
AcDbVertex
100
AcDb2dVertex
 10
-47.22496853291619
 20
0.0702667690825507
 30
0.0
  0
VERTEX
  5
3AB
330
33F
100
AcDbEntity
  8
outside2_B
100
AcDbVertex
100
AcDb2dVertex
 10
-49.87140578584996
 20
0.0494729304790837
 30
0.0
  0
VERTEX
  5
3AC
330
33F
100
AcDbEntity
  8
outside2_B
100
AcDbVertex
100
AcDb2dVertex
 10
-52.51776102979949
 20
0.030783464050657
 30
0.0
  0
VERTEX
  5
3AD
330
33F
100
AcDbEntity
  8
outside2_B
100
AcDbVertex
100
AcDb2dVertex
 10
-55.1640343189386
 20
0.0141908791118368
 30
0.0
  0
VERTEX
  5
3AE
330
33F
100
AcDbEntity
  8
outside2_B
100
AcDbVertex
100
AcDb2dVertex
 10
-57.81010377783679
 20
-0.000198055763434
 30
0.0
  0
VERTEX
  5
3AF
330
33F
100
AcDbEntity
  8
outside2_B
100
AcDbVertex
100
AcDb2dVertex
 10
-60.45617829120789
 20
-0.0123908582062313
 30
0.0
  0
VERTEX
  5
3B0
330
33F
100
AcDbEntity
  8
outside2_B
100
AcDbVertex
100
AcDb2dVertex
 10
-63.1021563603652
 20
-0.0224867514729681
 30
0.0
  0
VERTEX
  5
3B1
330
33F
100
AcDbEntity
  8
outside2_B
100
AcDbVertex
100
AcDb2dVertex
 10
-65.74815358692109
 20
-0.0302798614601301
 30
0.0
  0
VERTEX
  5
3B2
330
33F
100
AcDbEntity
  8
outside2_B
100
AcDbVertex
100
AcDb2dVertex
 10
-68.39414052821172
 20
-0.0357777190528452
 30
0.0
  0
VERTEX
  5
3B3
330
33F
100
AcDbEntity
  8
outside2_B
100
AcDbVertex
100
AcDb2dVertex
 10
-71.04013775604545
 20
-0.0390794965734642
 30
0.0
  0
VERTEX
  5
3B4
330
33F
100
AcDbEntity
  8
outside2_B
100
AcDbVertex
100
AcDb2dVertex
 10
-73.68600376322621
 20
-0.0399792798178709
 30
0.0
  0
VERTEX
  5
3B5
330
33F
100
AcDbEntity
  8
outside2_B
100
AcDbVertex
100
AcDb2dVertex
 10
-74.71207123647201
 20
-0.0395751301122971
 30
0.0
  0
SEQEND
  5
3B6
330
33F
100
AcDbEntity
  8
outside2_B
  0
POLYLINE
  5
3B7
330
1F
100
AcDbEntity
  8
outside2_B
100
AcDb2dPolyline
 66
     1
 10
0.0
 20
0.0
 30
0.0
  0
VERTEX
  5
3B8
330
3B7
100
AcDbEntity
  8
outside2_B
100
AcDbVertex
100
AcDb2dVertex
 10
-293.9765992325736
 20
3.097236223517783
 30
0.0
  0
VERTEX
  5
3B9
330
3B7
100
AcDbEntity
  8
outside2_B
100
AcDbVertex
100
AcDb2dVertex
 10
-293.9888658324982
 20
3.097236223517783
 30
0.0
  0
VERTEX
  5
3BA
330
3B7
100
AcDbEntity
  8
outside2_B
100
AcDbVertex
100
AcDb2dVertex
 10
-297.9394813765555
 20
3.095338032610101
 30
0.0
  0
VERTEX
  5
3BB
330
3B7
100
AcDbEntity
  8
outside2_B
100
AcDbVertex
100
AcDb2dVertex
 10
-300.5833155427263
 20
3.090939811184612
 30
0.0
  0
VERTEX
  5
3BC
330
3B7
100
AcDbEntity
  8
outside2_B
100
AcDbVertex
100
AcDb2dVertex
 10
-303.2273380159509
 20
3.084246971125637
 30
0.0
  0
VERTEX
  5
3BD
330
3B7
100
AcDbEntity
  8
outside2_B
100
AcDbVertex
100
AcDb2dVertex
 10
-305.8712709929051
 20
3.075351102435476
 30
0.0
  0
VERTEX
  5
3BE
330
3B7
100
AcDbEntity
  8
outside2_B
100
AcDbVertex
100
AcDb2dVertex
 10
-308.5153933700669
 20
3.064259889156773
 30
0.0
  0
VERTEX
  5
3BF
330
3B7
100
AcDbEntity
  8
outside2_B
100
AcDbVertex
100
AcDb2dVertex
 10
-311.1594351124569
 20
3.050874111486394
 30
0.0
  0
VERTEX
  5
3C0
330
3B7
100
AcDbEntity
  8
outside2_B
100
AcDbVertex
100
AcDb2dVertex
 10
-313.8037742643759
 20
3.03548351563542
 30
0.0
  0
VERTEX
  5
3C1
330
3B7
100
AcDbEntity
  8
outside2_B
100
AcDbVertex
100
AcDb2dVertex
 10
-316.448104599888
 20
3.017798491699097
 30
0.0
  0
VERTEX
  5
3C2
330
3B7
100
AcDbEntity
  8
outside2_B
100
AcDbVertex
100
AcDb2dVertex
 10
-319.0926619339206
 20
2.998016967139293
 30
0.0
  0
VERTEX
  5
3C3
330
3B7
100
AcDbEntity
  8
outside2_B
100
AcDbVertex
100
AcDb2dVertex
 10
-321.7373729992708
 20
2.97623784565053
 30
0.0
  0
VERTEX
  5
3C4
330
3B7
100
AcDbEntity
  8
outside2_B
100
AcDbVertex
100
AcDb2dVertex
 10
-323.0596747516998
 20
2.964544896959808
 30
0.0
  0
VERTEX
  5
3C5
330
3B7
100
AcDbEntity
  8
outside2_B
100
AcDbVertex
100
AcDb2dVertex
 10
-324.3821618173831
 20
2.952256661242529
 30
0.0
  0
VERTEX
  5
3C6
330
3B7
100
AcDbEntity
  8
outside2_B
100
AcDbVertex
100
AcDb2dVertex
 10
-325.704664869225
 20
2.93957187749352
 30
0.0
  0
VERTEX
  5
3C7
330
3B7
100
AcDbEntity
  8
outside2_B
100
AcDbVertex
100
AcDb2dVertex
 10
-327.027130983159
 20
2.926376716800092
 30
0.0
  0
VERTEX
  5
3C8
330
3B7
100
AcDbEntity
  8
outside2_B
100
AcDbVertex
100
AcDb2dVertex
 10
-328.3495170855945
 20
2.912594397413883
 30
0.0
  0
VERTEX
  5
3C9
330
3B7
100
AcDbEntity
  8
outside2_B
100
AcDbVertex
100
AcDb2dVertex
 10
-329.6719224871316
 20
2.898400230808733
 30
0.0
  0
VERTEX
  5
3CA
330
3B7
100
AcDbEntity
  8
outside2_B
100
AcDbVertex
100
AcDb2dVertex
 10
-330.994327437561
 20
2.883718192379192
 30
0.0
  0
VERTEX
  5
3CB
330
3B7
100
AcDbEntity
  8
outside2_B
100
AcDbVertex
100
AcDb2dVertex
 10
-332.3165074342671
 20
2.868624726401237
 30
0.0
  0
VERTEX
  5
3CC
330
3B7
100
AcDbEntity
  8
outside2_B
100
AcDbVertex
100
AcDb2dVertex
 10
-333.6386952480241
 20
2.852944290000138
 30
0.0
  0
VERTEX
  5
3CD
330
3B7
100
AcDbEntity
  8
outside2_B
100
AcDbVertex
100
AcDb2dVertex
 10
-334.9607949317404
 20
2.836851987266385
 30
0.0
  0
VERTEX
  5
3CE
330
3B7
100
AcDbEntity
  8
outside2_B
100
AcDbVertex
100
AcDb2dVertex
 10
-336.2826963969599
 20
2.820271808227062
 30
0.0
  0
VERTEX
  5
3CF
330
3B7
100
AcDbEntity
  8
outside2_B
100
AcDbVertex
100
AcDb2dVertex
 10
-337.6045065621312
 20
2.803279981090512
 30
0.0
  0
VERTEX
  5
3D0
330
3B7
100
AcDbEntity
  8
outside2_B
100
AcDbVertex
100
AcDb2dVertex
 10
-338.926209669942
 20
2.785800281777952
 30
0.0
  0
VERTEX
  5
3D1
330
3B7
100
AcDbEntity
  8
outside2_B
100
AcDbVertex
100
AcDb2dVertex
 10
-340.2477255241551
 20
2.767908685286145
 30
0.0
  0
VERTEX
  5
3D2
330
3B7
100
AcDbEntity
  8
outside2_B
100
AcDbVertex
100
AcDb2dVertex
 10
-341.5689342300705
 20
2.749628548445642
 30
0.0
  0
VERTEX
  5
3D3
330
3B7
100
AcDbEntity
  8
outside2_B
100
AcDbVertex
100
AcDb2dVertex
 10
-342.8900331766911
 20
2.730845331741534
 30
0.0
  0
VERTEX
  5
3D4
330
3B7
100
AcDbEntity
  8
outside2_B
100
AcDbVertex
100
AcDb2dVertex
 10
-344.2108550805919
 20
2.711657798658393
 30
0.0
  0
VERTEX
  5
3D5
330
3B7
100
AcDbEntity
  8
outside2_B
100
AcDbVertex
100
AcDb2dVertex
 10
-345.5314804572723
 20
2.692073835597796
 30
0.0
  0
VERTEX
  5
3D6
330
3B7
100
AcDbEntity
  8
outside2_B
100
AcDbVertex
100
AcDb2dVertex
 10
-346.8519054782383
 20
2.672093499478166
 30
0.0
  0
VERTEX
  5
3D7
330
3B7
100
AcDbEntity
  8
outside2_B
100
AcDbVertex
100
AcDb2dVertex
 10
-348.1719248944065
 20
2.651709159543003
 30
0.0
  0
VERTEX
  5
3D8
330
3B7
100
AcDbEntity
  8
outside2_B
100
AcDbVertex
100
AcDb2dVertex
 10
-349.491758114617
 20
2.630920602817739
 30
0.0
  0
VERTEX
  5
3D9
330
3B7
100
AcDbEntity
  8
outside2_B
100
AcDbVertex
100
AcDb2dVertex
 10
-350.371421295203
 20
2.61683330726396
 30
0.0
  0
VERTEX
  5
3DA
330
3B7
100
AcDbEntity
  8
outside2_B
100
AcDbVertex
100
AcDb2dVertex
 10
-351.2511224274307
 20
2.602547197504578
 30
0.0
  0
VERTEX
  5
3DB
330
3B7
100
AcDbEntity
  8
outside2_B
100
AcDbVertex
100
AcDb2dVertex
 10
-352.1307151201686
 20
2.58816201254335
 30
0.0
  0
VERTEX
  5
3DC
330
3B7
100
AcDbEntity
  8
outside2_B
100
AcDbVertex
100
AcDb2dVertex
 10
-353.0103868240537
 20
2.573571457920693
 30
0.0
  0
VERTEX
  5
3DD
330
3B7
100
AcDbEntity
  8
outside2_B
100
AcDbVertex
100
AcDb2dVertex
 10
-353.8901885490598
 20
2.55878218371754
 30
0.0
  0
VERTEX
  5
3DE
330
3B7
100
AcDbEntity
  8
outside2_B
100
AcDbVertex
100
AcDb2dVertex
 10
-354.7700894103444
 20
2.543893805573958
 30
0.0
  0
VERTEX
  5
3DF
330
3B7
100
AcDbEntity
  8
outside2_B
100
AcDbVertex
100
AcDb2dVertex
 10
-355.6500595275656
 20
2.528807732355432
 30
0.0
  0
VERTEX
  5
3E0
330
3B7
100
AcDbEntity
  8
outside2_B
100
AcDbVertex
100
AcDb2dVertex
 10
-356.5303665102084
 20
2.513515281113328
 30
0.0
  0
VERTEX
  5
3E1
330
3B7
100
AcDbEntity
  8
outside2_B
100
AcDbVertex
100
AcDb2dVertex
 10
-357.4109633155112
 20
2.498131347243543
 30
0.0
  0
VERTEX
  5
3E2
330
3B7
100
AcDbEntity
  8
outside2_B
100
AcDbVertex
100
AcDb2dVertex
 10
-358.2918423571612
 20
2.482542119348579
 30
0.0
  0
VERTEX
  5
3E3
330
3B7
100
AcDbEntity
  8
outside2_B
100
AcDbVertex
100
AcDb2dVertex
 10
-359.1731340611851
 20
2.466754126553923
 30
0.0
  0
VERTEX
  5
3E4
330
3B7
100
AcDbEntity
  8
outside2_B
100
AcDbVertex
100
AcDb2dVertex
 10
-360.0548377119629
 20
2.450867024855626
 30
0.0
  0
VERTEX
  5
3E5
330
3B7
100
AcDbEntity
  8
outside2_B
100
AcDbVertex
100
AcDb2dVertex
 10
-360.9369540143646
 20
2.434781697507844
 30
0.0
  0
VERTEX
  5
3E6
330
3B7
100
AcDbEntity
  8
outside2_B
100
AcDbVertex
100
AcDb2dVertex
 10
-361.819676735526
 20
2.418596770425353
 30
0.0
  0
VERTEX
  5
3E7
330
3B7
100
AcDbEntity
  8
outside2_B
100
AcDbVertex
100
AcDb2dVertex
 10
-362.7028451396199
 20
2.402306172953132
 30
0.0
  0
VERTEX
  5
3E8
330
3B7
100
AcDbEntity
  8
outside2_B
100
AcDbVertex
100
AcDb2dVertex
 10
-363.1446534696549
 20
2.394012738462479
 30
0.0
  0
VERTEX
  5
3E9
330
3B7
100
AcDbEntity
  8
outside2_B
100
AcDbVertex
100
AcDb2dVertex
 10
-363.5866539178292
 20
2.385717701240324
 30
0.0
  0
VERTEX
  5
3EA
330
3B7
100
AcDbEntity
  8
outside2_B
100
AcDbVertex
100
AcDb2dVertex
 10
-364.0287455239263
 20
2.377422670238772
 30
0.0
  0
VERTEX
  5
3EB
330
3B7
100
AcDbEntity
  8
outside2_B
100
AcDbVertex
100
AcDb2dVertex
 10
-364.4707824070818
 20
2.36913628910564
 30
0.0
  0
VERTEX
  5
3EC
330
3B7
100
AcDbEntity
  8
outside2_B
100
AcDbVertex
100
AcDb2dVertex
 10
-364.9128104998984
 20
2.360743350634436
 30
0.0
  0
VERTEX
  5
3ED
330
3B7
100
AcDbEntity
  8
outside2_B
100
AcDbVertex
100
AcDb2dVertex
 10
-365.3546359982072
 20
2.352350495653241
 30
0.0
  0
VERTEX
  5
3EE
330
3B7
100
AcDbEntity
  8
outside2_B
100
AcDbVertex
100
AcDb2dVertex
 10
-365.7965252259424
 20
2.343849693566895
 30
0.0
  0
VERTEX
  5
3EF
330
3B7
100
AcDbEntity
  8
outside2_B
100
AcDbVertex
100
AcDb2dVertex
 10
-366.2382173827585
 20
2.335455606076749
 30
0.0
  0
VERTEX
  5
3F0
330
3B7
100
AcDbEntity
  8
outside2_B
100
AcDbVertex
100
AcDb2dVertex
 10
-366.6795604370912
 20
2.326963548550722
 30
0.0
  0
VERTEX
  5
3F1
330
3B7
100
AcDbEntity
  8
outside2_B
100
AcDbVertex
100
AcDb2dVertex
 10
-367.1204778506647
 20
2.318471760516474
 30
0.0
  0
VERTEX
  5
3F2
330
3B7
100
AcDbEntity
  8
outside2_B
100
AcDbVertex
100
AcDb2dVertex
 10
-367.5607515065772
 20
2.309879753413199
 30
0.0
  0
VERTEX
  5
3F3
330
3B7
100
AcDbEntity
  8
outside2_B
100
AcDbVertex
100
AcDb2dVertex
 10
-368.0002262806673
 20
2.301386971635864
 30
0.0
  0
VERTEX
  5
3F4
330
3B7
100
AcDbEntity
  8
outside2_B
100
AcDbVertex
100
AcDb2dVertex
 10
-368.4384919710452
 20
2.292795171033021
 30
0.0
  0
VERTEX
  5
3F5
330
3B7
100
AcDbEntity
  8
outside2_B
100
AcDbVertex
100
AcDb2dVertex
 10
-368.8755447874111
 20
2.284302639418996
 30
0.0
  0
VERTEX
  5
3F6
330
3B7
100
AcDbEntity
  8
outside2_B
100
AcDbVertex
100
AcDb2dVertex
 10
-369.3111023298054
 20
2.27570340065013
 30
0.0
  0
VERTEX
  5
3F7
330
3B7
100
AcDbEntity
  8
outside2_B
100
AcDbVertex
100
AcDb2dVertex
 10
-369.745025992363
 20
2.26720974447764
 30
0.0
  0
VERTEX
  5
3F8
330
3B7
100
AcDbEntity
  8
outside2_B
100
AcDbVertex
100
AcDb2dVertex
 10
-370.1770357635639
 20
2.258718339207022
 30
0.0
  0
VERTEX
  5
3F9
330
3B7
100
AcDbEntity
  8
outside2_B
100
AcDbVertex
100
AcDb2dVertex
 10
-370.6080073531184
 20
2.250126352979734
 30
0.0
  0
VERTEX
  5
3FA
330
3B7
100
AcDbEntity
  8
outside2_B
100
AcDbVertex
100
AcDb2dVertex
 10
-371.0386140434408
 20
2.241633154448948
 30
0.0
  0
VERTEX
  5
3FB
330
3B7
100
AcDbEntity
  8
outside2_B
100
AcDbVertex
100
AcDb2dVertex
 10
-371.4694051482413
 20
2.233042942921472
 30
0.0
  0
VERTEX
  5
3FC
330
3B7
100
AcDbEntity
  8
outside2_B
100
AcDbVertex
100
AcDb2dVertex
 10
-371.9012823879797
 20
2.22434440928437
 30
0.0
  0
VERTEX
  5
3FD
330
3B7
100
AcDbEntity
  8
outside2_B
100
AcDbVertex
100
AcDb2dVertex
 10
-372.3348689712962
 20
2.215653160427621
 30
0.0
  0
VERTEX
  5
3FE
330
3B7
100
AcDbEntity
  8
outside2_B
100
AcDbVertex
100
AcDb2dVertex
 10
-372.7708669159406
 20
2.206854824679013
 30
0.0
  0
VERTEX
  5
3FF
330
3B7
100
AcDbEntity
  8
outside2_B
100
AcDbVertex
100
AcDb2dVertex
 10
-373.2100266084507
 20
2.198064922143445
 30
0.0
  0
VERTEX
  5
400
330
3B7
100
AcDbEntity
  8
outside2_B
100
AcDbVertex
100
AcDb2dVertex
 10
-373.6529003521726
 20
2.189070859469766
 30
0.0
  0
VERTEX
  5
401
330
3B7
100
AcDbEntity
  8
outside2_B
100
AcDbVertex
100
AcDb2dVertex
 10
-375.0149861743162
 20
2.16119088447995
 30
0.0
  0
SEQEND
  5
402
330
3B7
100
AcDbEntity
  8
outside2_B
  0
POLYLINE
  5
403
330
1F
100
AcDbEntity
  8
outside2_B
100
AcDb2dPolyline
 66
     1
 10
0.0
 20
0.0
 30
0.0
  0
VERTEX
  5
404
330
403
100
AcDbEntity
  8
outside2_B
100
AcDbVertex
100
AcDb2dVertex
 10
-73.68622108040773
 20
4.35466512206898
 30
0.0
  0
VERTEX
  5
405
330
403
100
AcDbEntity
  8
outside2_B
100
AcDbVertex
100
AcDb2dVertex
 10
-75.89106298969187
 20
4.353666289920241
 30
0.0
  0
VERTEX
  5
406
330
403
100
AcDbEntity
  8
outside2_B
100
AcDbVertex
100
AcDb2dVertex
 10
-78.09619393204576
 20
4.351172798516316
 30
0.0
  0
VERTEX
  5
407
330
403
100
AcDbEntity
  8
outside2_B
100
AcDbVertex
100
AcDb2dVertex
 10
-80.3012066810573
 20
4.346971249169201
 30
0.0
  0
VERTEX
  5
408
330
403
100
AcDbEntity
  8
outside2_B
100
AcDbVertex
100
AcDb2dVertex
 10
-82.50623374432763
 20
4.341374269294121
 30
0.0
  0
VERTEX
  5
409
330
403
100
AcDbEntity
  8
outside2_B
100
AcDbVertex
100
AcDb2dVertex
 10
-84.71135233970182
 20
4.334076844485793
 30
0.0
  0
VERTEX
  5
40A
330
403
100
AcDbEntity
  8
outside2_B
100
AcDbVertex
100
AcDb2dVertex
 10
-86.91635270221497
 20
4.325384032599118
 30
0.0
  0
VERTEX
  5
40B
330
403
100
AcDbEntity
  8
outside2_B
100
AcDbVertex
100
AcDb2dVertex
 10
-89.1214759537441
 20
4.315089909129924
 30
0.0
  0
VERTEX
  5
40C
330
403
100
AcDbEntity
  8
outside2_B
100
AcDbVertex
100
AcDb2dVertex
 10
-91.32646492674127
 20
4.303392799870394
 30
0.0
  0
VERTEX
  5
40D
330
403
100
AcDbEntity
  8
outside2_B
100
AcDbVertex
100
AcDb2dVertex
 10
-93.53145680189931
 20
4.29020121858305
 30
0.0
  0
VERTEX
  5
40E
330
403
100
AcDbEntity
  8
outside2_B
100
AcDbVertex
100
AcDb2dVertex
 10
-95.29540000118658
 20
4.278610777032881
 30
0.0
  0
VERTEX
  5
40F
330
403
100
AcDbEntity
  8
outside2_B
100
AcDbVertex
100
AcDb2dVertex
 10
-97.0593517842679
 20
4.266112973148964
 30
0.0
  0
VERTEX
  5
410
330
403
100
AcDbEntity
  8
outside2_B
100
AcDbVertex
100
AcDb2dVertex
 10
-98.82327300764535
 20
4.252624002318981
 30
0.0
  0
VERTEX
  5
411
330
403
100
AcDbEntity
  8
outside2_B
100
AcDbVertex
100
AcDb2dVertex
 10
-100.5870904822376
 20
4.238334485176253
 30
0.0
  0
VERTEX
  5
412
330
403
100
AcDbEntity
  8
outside2_B
100
AcDbVertex
100
AcDb2dVertex
 10
-102.351020446974
 20
4.22313746093927
 30
0.0
  0
VERTEX
  5
413
330
403
100
AcDbEntity
  8
outside2_B
100
AcDbVertex
100
AcDb2dVertex
 10
-104.1147510727239
 20
4.207048298151363
 30
0.0
  0
VERTEX
  5
414
330
403
100
AcDbEntity
  8
outside2_B
100
AcDbVertex
100
AcDb2dVertex
 10
-105.8785674825256
 20
4.190059490801076
 30
0.0
  0
VERTEX
  5
415
330
403
100
AcDbEntity
  8
outside2_B
100
AcDbVertex
100
AcDb2dVertex
 10
-107.6422774304861
 20
4.172270041040193
 30
0.0
  0
VERTEX
  5
416
330
403
100
AcDbEntity
  8
outside2_B
100
AcDbVertex
100
AcDb2dVertex
 10
-109.4058957432805
 20
4.153580826268012
 30
0.0
  0
VERTEX
  5
417
330
403
100
AcDbEntity
  8
outside2_B
100
AcDbVertex
100
AcDb2dVertex
 10
-111.1695139314695
 20
4.134090973317115
 30
0.0
  0
VERTEX
  5
418
330
403
100
AcDbEntity
  8
outside2_B
100
AcDbVertex
100
AcDb2dVertex
 10
-112.9331246510882
 20
4.113701352261813
 30
0.0
  0
VERTEX
  5
419
330
403
100
AcDbEntity
  8
outside2_B
100
AcDbVertex
100
AcDb2dVertex
 10
-114.6966286319847
 20
4.092511274723137
 30
0.0
  0
VERTEX
  5
41A
330
403
100
AcDbEntity
  8
outside2_B
100
AcDbVertex
100
AcDb2dVertex
 10
-116.4600269993561
 20
4.070528175424371
 30
0.0
  0
VERTEX
  5
41B
330
403
100
AcDbEntity
  8
outside2_B
100
AcDbVertex
100
AcDb2dVertex
 10
-118.223333709155
 20
4.047736819903349
 30
0.0
  0
VERTEX
  5
41C
330
403
100
AcDbEntity
  8
outside2_B
100
AcDbVertex
100
AcDb2dVertex
 10
-119.9866315238787
 20
4.024152473347954
 30
0.0
  0
VERTEX
  5
41D
330
403
100
AcDbEntity
  8
outside2_B
100
AcDbVertex
100
AcDb2dVertex
 10
-121.749930831898
 20
3.999767473620182
 30
0.0
  0
VERTEX
  5
41E
330
403
100
AcDbEntity
  8
outside2_B
100
AcDbVertex
100
AcDb2dVertex
 10
-123.5130175903857
 20
3.974582044930742
 30
0.0
  0
VERTEX
  5
41F
330
403
100
AcDbEntity
  8
outside2_B
100
AcDbVertex
100
AcDb2dVertex
 10
-125.2761041652637
 20
3.948695117441773
 30
0.0
  0
VERTEX
  5
420
330
403
100
AcDbEntity
  8
outside2_B
100
AcDbVertex
100
AcDb2dVertex
 10
-127.0390909715707
 20
3.922007573068569
 30
0.0
  0
VERTEX
  5
421
330
403
100
AcDbEntity
  8
outside2_B
100
AcDbVertex
100
AcDb2dVertex
 10
-128.8018502100636
 20
3.894626607930562
 30
0.0
  0
VERTEX
  5
422
330
403
100
AcDbEntity
  8
outside2_B
100
AcDbVertex
100
AcDb2dVertex
 10
-129.6833835094475
 20
3.880634136913756
 30
0.0
  0
VERTEX
  5
423
330
403
100
AcDbEntity
  8
outside2_B
100
AcDbVertex
100
AcDb2dVertex
 10
-130.5647547760768
 20
3.866444297416223
 30
0.0
  0
VERTEX
  5
424
330
403
100
AcDbEntity
  8
outside2_B
100
AcDbVertex
100
AcDb2dVertex
 10
-131.446052398985
 20
3.852147296724468
 30
0.0
  0
VERTEX
  5
425
330
403
100
AcDbEntity
  8
outside2_B
100
AcDbVertex
100
AcDb2dVertex
 10
-132.3274568072913
 20
3.837560542915071
 30
0.0
  0
VERTEX
  5
426
330
403
100
AcDbEntity
  8
outside2_B
100
AcDbVertex
100
AcDb2dVertex
 10
-133.2087285239016
 20
3.822867470662246
 30
0.0
  0
VERTEX
  5
427
330
403
100
AcDbEntity
  8
outside2_B
100
AcDbVertex
100
AcDb2dVertex
 10
-134.0899974860947
 20
3.8079761990371
 30
0.0
  0
VERTEX
  5
428
330
403
100
AcDbEntity
  8
outside2_B
100
AcDbVertex
100
AcDb2dVertex
 10
-134.9712741089673
 20
3.792985804154199
 30
0.0
  0
VERTEX
  5
429
330
403
100
AcDbEntity
  8
outside2_B
100
AcDbVertex
100
AcDb2dVertex
 10
-135.8525745194658
 20
3.777796622575252
 30
0.0
  0
VERTEX
  5
42A
330
403
100
AcDbEntity
  8
outside2_B
100
AcDbVertex
100
AcDb2dVertex
 10
-136.7337449075526
 20
3.762402103308801
 30
0.0
  0
VERTEX
  5
42B
330
403
100
AcDbEntity
  8
outside2_B
100
AcDbVertex
100
AcDb2dVertex
 10
-137.6149147611554
 20
3.746916095549864
 30
0.0
  0
VERTEX
  5
42C
330
403
100
AcDbEntity
  8
outside2_B
100
AcDbVertex
100
AcDb2dVertex
 10
-138.4960944830125
 20
3.731224177722282
 30
0.0
  0
VERTEX
  5
42D
330
403
100
AcDbEntity
  8
outside2_B
100
AcDbVertex
100
AcDb2dVertex
 10
-139.3772644137109
 20
3.715433175814482
 30
0.0
  0
VERTEX
  5
42E
330
403
100
AcDbEntity
  8
outside2_B
100
AcDbVertex
100
AcDb2dVertex
 10
-140.2584657479486
 20
3.699443358758458
 30
0.0
  0
VERTEX
  5
42F
330
403
100
AcDbEntity
  8
outside2_B
100
AcDbVertex
100
AcDb2dVertex
 10
-140.6989570044677
 20
3.69134654149137
 30
0.0
  0
VERTEX
  5
430
330
403
100
AcDbEntity
  8
outside2_B
100
AcDbVertex
100
AcDb2dVertex
 10
-141.1395049877446
 20
3.683347946298511
 30
0.0
  0
VERTEX
  5
431
330
403
100
AcDbEntity
  8
outside2_B
100
AcDbVertex
100
AcDb2dVertex
 10
-141.5801577232581
 20
3.675158622229617
 30
0.0
  0
VERTEX
  5
432
330
403
100
AcDbEntity
  8
outside2_B
100
AcDbVertex
100
AcDb2dVertex
 10
-142.0206517709215
 20
3.667061753657563
 30
0.0
  0
VERTEX
  5
433
330
403
100
AcDbEntity
  8
outside2_B
100
AcDbVertex
100
AcDb2dVertex
 10
-142.4612052307322
 20
3.658864807307012
 30
0.0
  0
VERTEX
  5
434
330
403
100
AcDbEntity
  8
outside2_B
100
AcDbVertex
100
AcDb2dVertex
 10
-142.9017512291719
 20
3.65066785791069
 30
0.0
  0
VERTEX
  5
435
330
403
100
AcDbEntity
  8
outside2_B
100
AcDbVertex
100
AcDb2dVertex
 10
-143.3423046873074
 20
3.642371785728841
 30
0.0
  0
VERTEX
  5
436
330
403
100
AcDbEntity
  8
outside2_B
100
AcDbVertex
100
AcDb2dVertex
 10
-143.7827934240641
 20
3.634076788747564
 30
0.0
  0
VERTEX
  5
437
330
403
100
AcDbEntity
  8
outside2_B
100
AcDbVertex
100
AcDb2dVertex
 10
-144.2233424705371
 20
3.625788424711061
 30
0.0
  0
VERTEX
  5
438
330
403
100
AcDbEntity
  8
outside2_B
100
AcDbVertex
100
AcDb2dVertex
 10
-144.6638928811648
 20
3.617393139435151
 30
0.0
  0
VERTEX
  5
439
330
403
100
AcDbEntity
  8
outside2_B
100
AcDbVertex
100
AcDb2dVertex
 10
-145.1043889077403
 20
3.608999035808139
 30
0.0
  0
VERTEX
  5
43A
330
403
100
AcDbEntity
  8
outside2_B
100
AcDbVertex
100
AcDb2dVertex
 10
-145.5448412978275
 20
3.600603729449887
 30
0.0
  0
VERTEX
  5
43B
330
403
100
AcDbEntity
  8
outside2_B
100
AcDbVertex
100
AcDb2dVertex
 10
-145.9853363995196
 20
3.592102906659051
 30
0.0
  0
VERTEX
  5
43C
330
403
100
AcDbEntity
  8
outside2_B
100
AcDbVertex
100
AcDb2dVertex
 10
-146.4258779028397
 20
3.583707791123956
 30
0.0
  0
VERTEX
  5
43D
330
403
100
AcDbEntity
  8
outside2_B
100
AcDbVertex
100
AcDb2dVertex
 10
-146.8664325482152
 20
3.575114318196341
 30
0.0
  0
VERTEX
  5
43E
330
403
100
AcDbEntity
  8
outside2_B
100
AcDbVertex
100
AcDb2dVertex
 10
-147.3068220058572
 20
3.566621098387586
 30
0.0
  0
VERTEX
  5
43F
330
403
100
AcDbEntity
  8
outside2_B
100
AcDbVertex
100
AcDb2dVertex
 10
-147.7473743528937
 20
3.558027670291466
 30
0.0
  0
VERTEX
  5
440
330
403
100
AcDbEntity
  8
outside2_B
100
AcDbVertex
100
AcDb2dVertex
 10
-148.187826769157
 20
3.549434109139867
 30
0.0
  0
VERTEX
  5
441
330
403
100
AcDbEntity
  8
outside2_B
100
AcDbVertex
100
AcDb2dVertex
 10
-148.6283218450195
 20
3.540735061394926
 30
0.0
  0
VERTEX
  5
442
330
403
100
AcDbEntity
  8
outside2_B
100
AcDbVertex
100
AcDb2dVertex
 10
-149.0688071363901
 20
3.53214279257439
 30
0.0
  0
VERTEX
  5
443
330
403
100
AcDbEntity
  8
outside2_B
100
AcDbVertex
100
AcDb2dVertex
 10
-149.5093244611798
 20
3.523448973755407
 30
0.0
  0
VERTEX
  5
444
330
403
100
AcDbEntity
  8
outside2_B
100
AcDbVertex
100
AcDb2dVertex
 10
-149.9497127871703
 20
3.514650813545714
 30
0.0
  0
VERTEX
  5
445
330
403
100
AcDbEntity
  8
outside2_B
100
AcDbVertex
100
AcDb2dVertex
 10
-150.3902045698795
 20
3.50595945483397
 30
0.0
  0
VERTEX
  5
446
330
403
100
AcDbEntity
  8
outside2_B
100
AcDbVertex
100
AcDb2dVertex
 10
-150.8306526019366
 20
3.497167726894588
 30
0.0
  0
VERTEX
  5
447
330
403
100
AcDbEntity
  8
outside2_B
100
AcDbVertex
100
AcDb2dVertex
 10
-151.2712093299734
 20
3.48836833506283
 30
0.0
  0
VERTEX
  5
448
330
403
100
AcDbEntity
  8
outside2_B
100
AcDbVertex
100
AcDb2dVertex
 10
-151.7115999331816
 20
3.47947864021765
 30
0.0
  0
VERTEX
  5
449
330
403
100
AcDbEntity
  8
outside2_B
100
AcDbVertex
100
AcDb2dVertex
 10
-152.1519970148988
 20
3.470680457399624
 30
0.0
  0
VERTEX
  5
44A
330
403
100
AcDbEntity
  8
outside2_B
100
AcDbVertex
100
AcDb2dVertex
 10
-152.5925011797659
 20
3.461788470206514
 30
0.0
  0
VERTEX
  5
44B
330
403
100
AcDbEntity
  8
outside2_B
100
AcDbVertex
100
AcDb2dVertex
 10
-153.0329026733435
 20
3.452791971307178
 30
0.0
  0
VERTEX
  5
44C
330
403
100
AcDbEntity
  8
outside2_B
100
AcDbVertex
100
AcDb2dVertex
 10
-153.4732866388613
 20
3.443894786469841
 30
0.0
  0
VERTEX
  5
44D
330
403
100
AcDbEntity
  8
outside2_B
100
AcDbVertex
100
AcDb2dVertex
 10
-153.9138269813132
 20
3.43490494529442
 30
0.0
  0
VERTEX
  5
44E
330
403
100
AcDbEntity
  8
outside2_B
100
AcDbVertex
100
AcDb2dVertex
 10
-154.3542350471797
 20
3.425908312255061
 30
0.0
  0
VERTEX
  5
44F
330
403
100
AcDbEntity
  8
outside2_B
100
AcDbVertex
100
AcDb2dVertex
 10
-154.7946775356517
 20
3.416918445217775
 30
0.0
  0
VERTEX
  5
450
330
403
100
AcDbEntity
  8
outside2_B
100
AcDbVertex
100
AcDb2dVertex
 10
-155.235079029201
 20
3.407822832348089
 30
0.0
  0
VERTEX
  5
451
330
403
100
AcDbEntity
  8
outside2_B
100
AcDbVertex
100
AcDb2dVertex
 10
-155.6754696716505
 20
3.398826399370407
 30
0.0
  0
VERTEX
  5
452
330
403
100
AcDbEntity
  8
outside2_B
100
AcDbVertex
100
AcDb2dVertex
 10
-156.1158260872372
 20
3.389729670243725
 30
0.0
  0
VERTEX
  5
453
330
403
100
AcDbEntity
  8
outside2_B
100
AcDbVertex
100
AcDb2dVertex
 10
-156.5562662985499
 20
3.380640725330636
 30
0.0
  0
VERTEX
  5
454
330
403
100
AcDbEntity
  8
outside2_B
100
AcDbVertex
100
AcDb2dVertex
 10
-156.9966600768589
 20
3.371446000391813
 30
0.0
  0
VERTEX
  5
455
330
403
100
AcDbEntity
  8
outside2_B
100
AcDbVertex
100
AcDb2dVertex
 10
-157.437057158576
 20
3.362350478639712
 30
0.0
  0
VERTEX
  5
456
330
403
100
AcDbEntity
  8
outside2_B
100
AcDbVertex
100
AcDb2dVertex
 10
-157.8775040597517
 20
3.353154644579547
 30
0.0
  0
VERTEX
  5
457
330
403
100
AcDbEntity
  8
outside2_B
100
AcDbVertex
100
AcDb2dVertex
 10
-158.3179584012832
 20
3.343958814375867
 30
0.0
  0
VERTEX
  5
458
330
403
100
AcDbEntity
  8
outside2_B
100
AcDbVertex
100
AcDb2dVertex
 10
-158.7583491487241
 20
3.334665039448481
 30
0.0
  0
VERTEX
  5
459
330
403
100
AcDbEntity
  8
outside2_B
100
AcDbVertex
100
AcDb2dVertex
 10
-159.1986394002914
 20
3.325470406662504
 30
0.0
  0
VERTEX
  5
45A
330
403
100
AcDbEntity
  8
outside2_B
100
AcDbVertex
100
AcDb2dVertex
 10
-159.6390925428303
 20
3.316175475896713
 30
0.0
  0
VERTEX
  5
45B
330
403
100
AcDbEntity
  8
outside2_B
100
AcDbVertex
100
AcDb2dVertex
 10
-160.0794733633588
 20
3.306889534460566
 30
0.0
  0
VERTEX
  5
45C
330
403
100
AcDbEntity
  8
outside2_B
100
AcDbVertex
100
AcDb2dVertex
 10
-160.5197823902636
 20
3.29759555345818
 30
0.0
  0
VERTEX
  5
45D
330
403
100
AcDbEntity
  8
outside2_B
100
AcDbVertex
100
AcDb2dVertex
 10
-160.9602281876317
 20
3.288300616790949
 30
0.0
  0
VERTEX
  5
45E
330
403
100
AcDbEntity
  8
outside2_B
100
AcDbVertex
100
AcDb2dVertex
 10
-161.4005771065756
 20
3.278906506520158
 30
0.0
  0
VERTEX
  5
45F
330
403
100
AcDbEntity
  8
outside2_B
100
AcDbVertex
100
AcDb2dVertex
 10
-161.8409199185186
 20
3.269507180210411
 30
0.0
  0
VERTEX
  5
460
330
403
100
AcDbEntity
  8
outside2_B
100
AcDbVertex
100
AcDb2dVertex
 10
-162.28120585162
 20
3.260213525622532
 30
0.0
  0
VERTEX
  5
461
330
403
100
AcDbEntity
  8
outside2_B
100
AcDbVertex
100
AcDb2dVertex
 10
-162.7217164239015
 20
3.250818244391127
 30
0.0
  0
VERTEX
  5
462
330
403
100
AcDbEntity
  8
outside2_B
100
AcDbVertex
100
AcDb2dVertex
 10
-163.1621071990788
 20
3.241326242329322
 30
0.0
  0
VERTEX
  5
463
330
403
100
AcDbEntity
  8
outside2_B
100
AcDbVertex
100
AcDb2dVertex
 10
-163.6023986850046
 20
3.231933357296228
 30
0.0
  0
VERTEX
  5
464
330
403
100
AcDbEntity
  8
outside2_B
100
AcDbVertex
100
AcDb2dVertex
 10
-164.0427539215055
 20
3.222440149049746
 30
0.0
  0
VERTEX
  5
465
330
403
100
AcDbEntity
  8
outside2_B
100
AcDbVertex
100
AcDb2dVertex
 10
-164.4830849230526
 20
3.21294943532935
 30
0.0
  0
VERTEX
  5
466
330
403
100
AcDbEntity
  8
outside2_B
100
AcDbVertex
100
AcDb2dVertex
 10
-164.9233834436837
 20
3.203556481546826
 30
0.0
  0
VERTEX
  5
467
330
403
100
AcDbEntity
  8
outside2_B
100
AcDbVertex
100
AcDb2dVertex
 10
-165.3638914857076
 20
3.194054408085876
 30
0.0
  0
VERTEX
  5
468
330
403
100
AcDbEntity
  8
outside2_B
100
AcDbVertex
100
AcDb2dVertex
 10
-165.8041786552362
 20
3.18446339060938
 30
0.0
  0
VERTEX
  5
469
330
403
100
AcDbEntity
  8
outside2_B
100
AcDbVertex
100
AcDb2dVertex
 10
-166.244471514588
 20
3.174971444913808
 30
0.0
  0
VERTEX
  5
46A
330
403
100
AcDbEntity
  8
outside2_B
100
AcDbVertex
100
AcDb2dVertex
 10
-166.6848648317928
 20
3.165380357236586
 30
0.0
  0
VERTEX
  5
46B
330
403
100
AcDbEntity
  8
outside2_B
100
AcDbVertex
100
AcDb2dVertex
 10
-167.1251608381523
 20
3.155888261515059
 30
0.0
  0
VERTEX
  5
46C
330
403
100
AcDbEntity
  8
outside2_B
100
AcDbVertex
100
AcDb2dVertex
 10
-167.5655167212443
 20
3.146288205120513
 30
0.0
  0
VERTEX
  5
46D
330
403
100
AcDbEntity
  8
outside2_B
100
AcDbVertex
100
AcDb2dVertex
 10
-168.0058020531185
 20
3.136697310789117
 30
0.0
  0
VERTEX
  5
46E
330
403
100
AcDbEntity
  8
outside2_B
100
AcDbVertex
100
AcDb2dVertex
 10
-168.446192824338
 20
3.127106278565648
 30
0.0
  0
VERTEX
  5
46F
330
403
100
AcDbEntity
  8
outside2_B
100
AcDbVertex
100
AcDb2dVertex
 10
-168.8865474889303
 20
3.117506165746036
 30
0.0
  0
VERTEX
  5
470
330
403
100
AcDbEntity
  8
outside2_B
100
AcDbVertex
100
AcDb2dVertex
 10
-169.3268371851628
 20
3.1078160642939
 30
0.0
  0
VERTEX
  5
471
330
403
100
AcDbEntity
  8
outside2_B
100
AcDbVertex
100
AcDb2dVertex
 10
-169.7671358028018
 20
3.098224880477474
 30
0.0
  0
VERTEX
  5
472
330
403
100
AcDbEntity
  8
outside2_B
100
AcDbVertex
100
AcDb2dVertex
 10
-170.2074261474657
 20
3.088527056782027
 30
0.0
  0
VERTEX
  5
473
330
403
100
AcDbEntity
  8
outside2_B
100
AcDbVertex
100
AcDb2dVertex
 10
-170.6477158917982
 20
3.078936066256048
 30
0.0
  0
VERTEX
  5
474
330
403
100
AcDbEntity
  8
outside2_B
100
AcDbVertex
100
AcDb2dVertex
 10
-171.0880636457148
 20
3.069244603135218
 30
0.0
  0
VERTEX
  5
475
330
403
100
AcDbEntity
  8
outside2_B
100
AcDbVertex
100
AcDb2dVertex
 10
-171.5283665299601
 20
3.059546587283506
 30
0.0
  0
VERTEX
  5
476
330
403
100
AcDbEntity
  8
outside2_B
100
AcDbVertex
100
AcDb2dVertex
 10
-171.9686518619863
 20
3.049856581957272
 30
0.0
  0
VERTEX
  5
477
330
403
100
AcDbEntity
  8
outside2_B
100
AcDbVertex
100
AcDb2dVertex
 10
-172.4090514301064
 20
3.040158619603872
 30
0.0
  0
VERTEX
  5
478
330
403
100
AcDbEntity
  8
outside2_B
100
AcDbVertex
100
AcDb2dVertex
 10
-172.8492950347904
 20
3.030467267077967
 30
0.0
  0
VERTEX
  5
479
330
403
100
AcDbEntity
  8
outside2_B
100
AcDbVertex
100
AcDb2dVertex
 10
-173.2895910294367
 20
3.020677913615657
 30
0.0
  0
VERTEX
  5
47A
330
403
100
AcDbEntity
  8
outside2_B
100
AcDbVertex
100
AcDb2dVertex
 10
-173.7299856237742
 20
3.010980060750128
 30
0.0
  0
VERTEX
  5
47B
330
403
100
AcDbEntity
  8
outside2_B
100
AcDbVertex
100
AcDb2dVertex
 10
-174.1701781185824
 20
3.001190720061601
 30
0.0
  0
VERTEX
  5
47C
330
403
100
AcDbEntity
  8
outside2_B
100
AcDbVertex
100
AcDb2dVertex
 10
-174.6104709996501
 20
2.991492924462989
 30
0.0
  0
VERTEX
  5
47D
330
403
100
AcDbEntity
  8
outside2_B
100
AcDbVertex
100
AcDb2dVertex
 10
-175.0508143408923
 20
2.981702433551206
 30
0.0
  0
VERTEX
  5
47E
330
403
100
AcDbEntity
  8
outside2_B
100
AcDbVertex
100
AcDb2dVertex
 10
-175.4910554519285
 20
2.971906677265679
 30
0.0
  0
VERTEX
  5
47F
330
403
100
AcDbEntity
  8
outside2_B
100
AcDbVertex
100
AcDb2dVertex
 10
-175.9313496577144
 20
2.962216476565189
 30
0.0
  0
VERTEX
  5
480
330
403
100
AcDbEntity
  8
outside2_B
100
AcDbVertex
100
AcDb2dVertex
 10
-176.3717018235787
 20
2.952418164303111
 30
0.0
  0
VERTEX
  5
481
330
403
100
AcDbEntity
  8
outside2_B
100
AcDbVertex
100
AcDb2dVertex
 10
-176.8119870575369
 20
2.94262905016744
 30
0.0
  0
VERTEX
  5
482
330
403
100
AcDbEntity
  8
outside2_B
100
AcDbVertex
100
AcDb2dVertex
 10
-177.2522863249217
 20
2.932831915031883
 30
0.0
  0
VERTEX
  5
483
330
403
100
AcDbEntity
  8
outside2_B
100
AcDbVertex
100
AcDb2dVertex
 10
-177.6925715589024
 20
2.923042800895743
 30
0.0
  0
VERTEX
  5
484
330
403
100
AcDbEntity
  8
outside2_B
100
AcDbVertex
100
AcDb2dVertex
 10
-178.1328745401476
 20
2.913245667944722
 30
0.0
  0
VERTEX
  5
485
330
403
100
AcDbEntity
  8
outside2_B
100
AcDbVertex
100
AcDb2dVertex
 10
-178.5730595966373
 20
2.903456492712664
 30
0.0
  0
VERTEX
  5
486
330
403
100
AcDbEntity
  8
outside2_B
100
AcDbVertex
100
AcDb2dVertex
 10
-179.0134128755172
 20
2.893658240555567
 30
0.0
  0
VERTEX
  5
487
330
403
100
AcDbEntity
  8
outside2_B
100
AcDbVertex
100
AcDb2dVertex
 10
-179.4537070813704
 20
2.883769813875404
 30
0.0
  0
VERTEX
  5
488
330
403
100
AcDbEntity
  8
outside2_B
100
AcDbVertex
100
AcDb2dVertex
 10
-179.8939445281003
 20
2.873974054238218
 30
0.0
  0
VERTEX
  5
489
330
403
100
AcDbEntity
  8
outside2_B
100
AcDbVertex
100
AcDb2dVertex
 10
-180.3342297620586
 20
2.864184940102561
 30
0.0
  0
VERTEX
  5
48A
330
403
100
AcDbEntity
  8
outside2_B
100
AcDbVertex
100
AcDb2dVertex
 10
-180.7744840909832
 20
2.854386599260323
 30
0.0
  0
VERTEX
  5
48B
330
403
100
AcDbEntity
  8
outside2_B
100
AcDbVertex
100
AcDb2dVertex
 10
-181.2147769219766
 20
2.844498203457732
 30
0.0
  0
VERTEX
  5
48C
330
403
100
AcDbEntity
  8
outside2_B
100
AcDbVertex
100
AcDb2dVertex
 10
-181.6550181317132
 20
2.834702444901325
 30
0.0
  0
VERTEX
  5
48D
330
403
100
AcDbEntity
  8
outside2_B
100
AcDbVertex
100
AcDb2dVertex
 10
-182.0953627609736
 20
2.824904300336826
 30
0.0
  0
VERTEX
  5
48E
330
403
100
AcDbEntity
  8
outside2_B
100
AcDbVertex
100
AcDb2dVertex
 10
-182.5355578046971
 20
2.815015874760562
 30
0.0
  0
VERTEX
  5
48F
330
403
100
AcDbEntity
  8
outside2_B
100
AcDbVertex
100
AcDb2dVertex
 10
-182.9758468608756
 20
2.805218966757295
 30
0.0
  0
VERTEX
  5
490
330
403
100
AcDbEntity
  8
outside2_B
100
AcDbVertex
100
AcDb2dVertex
 10
-183.4161409684312
 20
2.795330542284773
 30
0.0
  0
VERTEX
  5
491
330
403
100
AcDbEntity
  8
outside2_B
100
AcDbVertex
100
AcDb2dVertex
 10
-183.8563821781678
 20
2.785534783728366
 30
0.0
  0
VERTEX
  5
492
330
403
100
AcDbEntity
  8
outside2_B
100
AcDbVertex
100
AcDb2dVertex
 10
-184.2966276814548
 20
2.775744264233751
 30
0.0
  0
VERTEX
  5
493
330
403
100
AcDbEntity
  8
outside2_B
100
AcDbVertex
100
AcDb2dVertex
 10
-184.736920562564
 20
2.765848243252464
 30
0.0
  0
VERTEX
  5
494
330
403
100
AcDbEntity
  8
outside2_B
100
AcDbVertex
100
AcDb2dVertex
 10
-185.1772109072288
 20
2.756058930654206
 30
0.0
  0
VERTEX
  5
495
330
403
100
AcDbEntity
  8
outside2_B
100
AcDbVertex
100
AcDb2dVertex
 10
-185.6175063395299
 20
2.746162852332333
 30
0.0
  0
VERTEX
  5
496
330
403
100
AcDbEntity
  8
outside2_B
100
AcDbVertex
100
AcDb2dVertex
 10
-186.0576371243994
 20
2.736374883997101
 30
0.0
  0
VERTEX
  5
497
330
403
100
AcDbEntity
  8
outside2_B
100
AcDbVertex
100
AcDb2dVertex
 10
-186.4979948154618
 20
2.726576533664996
 30
0.0
  0
VERTEX
  5
498
330
403
100
AcDbEntity
  8
outside2_B
100
AcDbVertex
100
AcDb2dVertex
 10
-186.9382858846165
 20
2.716680553409191
 30
0.0
  0
VERTEX
  5
499
330
403
100
AcDbEntity
  8
outside2_B
100
AcDbVertex
100
AcDb2dVertex
 10
-187.3784166694884
 20
2.706892585073874
 30
0.0
  0
VERTEX
  5
49A
330
403
100
AcDbEntity
  8
outside2_B
100
AcDbVertex
100
AcDb2dVertex
 10
-187.8187170013867
 20
2.697095511034206
 30
0.0
  0
VERTEX
  5
49B
330
403
100
AcDbEntity
  8
outside2_B
100
AcDbVertex
100
AcDb2dVertex
 10
-188.2590603420563
 20
2.687305020209877
 30
0.0
  0
VERTEX
  5
49C
330
403
100
AcDbEntity
  8
outside2_B
100
AcDbVertex
100
AcDb2dVertex
 10
-188.6993557743737
 20
2.677408941887634
 30
0.0
  0
VERTEX
  5
49D
330
403
100
AcDbEntity
  8
outside2_B
100
AcDbVertex
100
AcDb2dVertex
 10
-189.1394865592414
 20
2.667620973552431
 30
0.0
  0
VERTEX
  5
49E
330
403
100
AcDbEntity
  8
outside2_B
100
AcDbVertex
100
AcDb2dVertex
 10
-189.5797868911398
 20
2.657823899512749
 30
0.0
  0
VERTEX
  5
49F
330
403
100
AcDbEntity
  8
outside2_B
100
AcDbVertex
100
AcDb2dVertex
 10
-190.0200722232871
 20
2.648034783192287
 30
0.0
  0
VERTEX
  5
4A0
330
403
100
AcDbEntity
  8
outside2_B
100
AcDbVertex
100
AcDb2dVertex
 10
-190.4602749308968
 20
2.638237591238806
 30
0.0
  0
VERTEX
  5
4A1
330
403
100
AcDbEntity
  8
outside2_B
100
AcDbVertex
100
AcDb2dVertex
 10
-190.9005576116593
 20
2.628448533920903
 30
0.0
  0
VERTEX
  5
4A2
330
403
100
AcDbEntity
  8
outside2_B
100
AcDbVertex
100
AcDb2dVertex
 10
-191.3408568790588
 20
2.618651398785005
 30
0.0
  0
VERTEX
  5
4A3
330
403
100
AcDbEntity
  8
outside2_B
100
AcDbVertex
100
AcDb2dVertex
 10
-191.7809913281669
 20
2.608863433764796
 30
0.0
  0
VERTEX
  5
4A4
330
403
100
AcDbEntity
  8
outside2_B
100
AcDbVertex
100
AcDb2dVertex
 10
-192.221284258308
 20
2.599165637085292
 30
0.0
  0
VERTEX
  5
4A5
330
403
100
AcDbEntity
  8
outside2_B
100
AcDbVertex
100
AcDb2dVertex
 10
-192.661627599551
 20
2.589375146173495
 30
0.0
  0
VERTEX
  5
4A6
330
403
100
AcDbEntity
  8
outside2_B
100
AcDbVertex
100
AcDb2dVertex
 10
-193.1017709227174
 20
2.579579360712373
 30
0.0
  0
VERTEX
  5
4A7
330
403
100
AcDbEntity
  8
outside2_B
100
AcDbVertex
100
AcDb2dVertex
 10
-193.5420599908597
 20
2.569889189186682
 30
0.0
  0
VERTEX
  5
4A8
330
403
100
AcDbEntity
  8
outside2_B
100
AcDbVertex
100
AcDb2dVertex
 10
-193.9823554102674
 20
2.560092224416863
 30
0.0
  0
VERTEX
  5
4A9
330
403
100
AcDbEntity
  8
outside2_B
100
AcDbVertex
100
AcDb2dVertex
 10
-194.4224861807916
 20
2.550403355765283
 30
0.0
  0
VERTEX
  5
4AA
330
403
100
AcDbEntity
  8
outside2_B
100
AcDbVertex
100
AcDb2dVertex
 10
-194.8628394873986
 20
2.540711854353034
 30
0.0
  0
VERTEX
  5
4AB
330
403
100
AcDbEntity
  8
outside2_B
100
AcDbVertex
100
AcDb2dVertex
 10
-195.3031336926487
 20
2.530914916599315
 30
0.0
  0
VERTEX
  5
4AC
330
403
100
AcDbEntity
  8
outside2_B
100
AcDbVertex
100
AcDb2dVertex
 10
-195.7433623134171
 20
2.521226075439202
 30
0.0
  0
VERTEX
  5
4AD
330
403
100
AcDbEntity
  8
outside2_B
100
AcDbVertex
100
AcDb2dVertex
 10
-196.1835686120521
 20
2.51152800391398
 30
0.0
  0
VERTEX
  5
4AE
330
403
100
AcDbEntity
  8
outside2_B
100
AcDbVertex
100
AcDb2dVertex
 10
-196.623790292547
 20
2.501839315624238
 30
0.0
  0
VERTEX
  5
4AF
330
403
100
AcDbEntity
  8
outside2_B
100
AcDbVertex
100
AcDb2dVertex
 10
-197.0640888373551
 20
2.492248133394327
 30
0.0
  0
VERTEX
  5
4B0
330
403
100
AcDbEntity
  8
outside2_B
100
AcDbVertex
100
AcDb2dVertex
 10
-197.5044428853469
 20
2.482548948558829
 30
0.0
  0
VERTEX
  5
4B1
330
403
100
AcDbEntity
  8
outside2_B
100
AcDbVertex
100
AcDb2dVertex
 10
-197.9445711000535
 20
2.472860178161142
 30
0.0
  0
VERTEX
  5
4B2
330
403
100
AcDbEntity
  8
outside2_B
100
AcDbVertex
100
AcDb2dVertex
 10
-198.384804726837
 20
2.463270368550027
 30
0.0
  0
VERTEX
  5
4B3
330
403
100
AcDbEntity
  8
outside2_B
100
AcDbVertex
100
AcDb2dVertex
 10
-198.8251606331386
 20
2.453670311725077
 30
0.0
  0
VERTEX
  5
4B4
330
403
100
AcDbEntity
  8
outside2_B
100
AcDbVertex
100
AcDb2dVertex
 10
-199.2654497452755
 20
2.443980181179739
 30
0.0
  0
VERTEX
  5
4B5
330
403
100
AcDbEntity
  8
outside2_B
100
AcDbVertex
100
AcDb2dVertex
 10
-199.7055867715524
 20
2.434390317113539
 30
0.0
  0
VERTEX
  5
4B6
330
403
100
AcDbEntity
  8
outside2_B
100
AcDbVertex
100
AcDb2dVertex
 10
-200.1458235732375
 20
2.424792815266272
 30
0.0
  0
VERTEX
  5
4B7
330
403
100
AcDbEntity
  8
outside2_B
100
AcDbVertex
100
AcDb2dVertex
 10
-200.5861113874878
 20
2.41530093724424
 30
0.0
  0
VERTEX
  5
4B8
330
403
100
AcDbEntity
  8
outside2_B
100
AcDbVertex
100
AcDb2dVertex
 10
-201.0264628819344
 20
2.405708601593219
 30
0.0
  0
VERTEX
  5
4B9
330
403
100
AcDbEntity
  8
outside2_B
100
AcDbVertex
100
AcDb2dVertex
 10
-201.466703469273
 20
2.396118640357187
 30
0.0
  0
VERTEX
  5
4BA
330
403
100
AcDbEntity
  8
outside2_B
100
AcDbVertex
100
AcDb2dVertex
 10
-201.906844895298
 20
2.386620158582815
 30
0.0
  0
VERTEX
  5
4BB
330
403
100
AcDbEntity
  8
outside2_B
100
AcDbVertex
100
AcDb2dVertex
 10
-202.3471258451561
 20
2.377128428671043
 30
0.0
  0
VERTEX
  5
4BC
330
403
100
AcDbEntity
  8
outside2_B
100
AcDbVertex
100
AcDb2dVertex
 10
-202.7874199543309
 20
2.367636456031448
 30
0.0
  0
VERTEX
  5
4BD
330
403
100
AcDbEntity
  8
outside2_B
100
AcDbVertex
100
AcDb2dVertex
 10
-203.2277122525764
 20
2.358144481341881
 30
0.0
  0
VERTEX
  5
4BE
330
403
100
AcDbEntity
  8
outside2_B
100
AcDbVertex
100
AcDb2dVertex
 10
-203.6680045032592
 20
2.348652507677713
 30
0.0
  0
VERTEX
  5
4BF
330
403
100
AcDbEntity
  8
outside2_B
100
AcDbVertex
100
AcDb2dVertex
 10
-204.1082437802483
 20
2.339154052957326
 30
0.0
  0
VERTEX
  5
4C0
330
403
100
AcDbEntity
  8
outside2_B
100
AcDbVertex
100
AcDb2dVertex
 10
-204.5484761380359
 20
2.32976251063657
 30
0.0
  0
VERTEX
  5
4C1
330
403
100
AcDbEntity
  8
outside2_B
100
AcDbVertex
100
AcDb2dVertex
 10
-204.9887684357855
 20
2.320369648946325
 30
0.0
  0
VERTEX
  5
4C2
330
403
100
AcDbEntity
  8
outside2_B
100
AcDbVertex
100
AcDb2dVertex
 10
-205.4289640215246
 20
2.310976736029772
 30
0.0
  0
VERTEX
  5
4C3
330
403
100
AcDbEntity
  8
outside2_B
100
AcDbVertex
100
AcDb2dVertex
 10
-205.8693523491825
 20
2.301583980772719
 30
0.0
  0
VERTEX
  5
4C4
330
403
100
AcDbEntity
  8
outside2_B
100
AcDbVertex
100
AcDb2dVertex
 10
-206.3094899356992
 20
2.292192264798928
 30
0.0
  0
VERTEX
  5
4C5
330
403
100
AcDbEntity
  8
outside2_B
100
AcDbVertex
100
AcDb2dVertex
 10
-206.7497828448555
 20
2.282898543424025
 30
0.0
  0
VERTEX
  5
4C6
330
403
100
AcDbEntity
  8
outside2_B
100
AcDbVertex
100
AcDb2dVertex
 10
-207.1900751188077
 20
2.273505682241449
 30
0.0
  0
VERTEX
  5
4C7
330
403
100
AcDbEntity
  8
outside2_B
100
AcDbVertex
100
AcDb2dVertex
 10
-207.63031000573
 20
2.264213145375237
 30
0.0
  0
VERTEX
  5
4C8
330
403
100
AcDbEntity
  8
outside2_B
100
AcDbVertex
100
AcDb2dVertex
 10
-208.0705467748734
 20
2.254920609006092
 30
0.0
  0
VERTEX
  5
4C9
330
403
100
AcDbEntity
  8
outside2_B
100
AcDbVertex
100
AcDb2dVertex
 10
-208.5108390488568
 20
2.245725973789376
 30
0.0
  0
VERTEX
  5
4CA
330
403
100
AcDbEntity
  8
outside2_B
100
AcDbVertex
100
AcDb2dVertex
 10
-208.9511300788496
 20
2.236432251847717
 30
0.0
  0
VERTEX
  5
4CB
330
403
100
AcDbEntity
  8
outside2_B
100
AcDbVertex
100
AcDb2dVertex
 10
-209.3914647632318
 20
2.227238840275277
 30
0.0
  0
VERTEX
  5
4CC
330
403
100
AcDbEntity
  8
outside2_B
100
AcDbVertex
100
AcDb2dVertex
 10
-209.8317594553303
 20
2.218044154566854
 30
0.0
  0
VERTEX
  5
4CD
330
403
100
AcDbEntity
  8
outside2_B
100
AcDbVertex
100
AcDb2dVertex
 10
-210.272044740613
 20
2.20885732909683
 30
0.0
  0
VERTEX
  5
4CE
330
403
100
AcDbEntity
  8
outside2_B
100
AcDbVertex
100
AcDb2dVertex
 10
-210.712288497599
 20
2.199663707139052
 30
0.0
  0
VERTEX
  5
4CF
330
403
100
AcDbEntity
  8
outside2_B
100
AcDbVertex
100
AcDb2dVertex
 10
-211.1525233829541
 20
2.190569370435256
 30
0.0
  0
VERTEX
  5
4D0
330
403
100
AcDbEntity
  8
outside2_B
100
AcDbVertex
100
AcDb2dVertex
 10
-211.5928156336369
 20
2.181473848683154
 30
0.0
  0
VERTEX
  5
4D1
330
403
100
AcDbEntity
  8
outside2_B
100
AcDbVertex
100
AcDb2dVertex
 10
-212.0332064881808
 20
2.172378376817008
 30
0.0
  0
VERTEX
  5
4D2
330
403
100
AcDbEntity
  8
outside2_B
100
AcDbVertex
100
AcDb2dVertex
 10
-212.4734393640787
 20
2.163291704711824
 30
0.0
  0
VERTEX
  5
4D3
330
403
100
AcDbEntity
  8
outside2_B
100
AcDbVertex
100
AcDb2dVertex
 10
-212.9137369690894
 20
2.154295206006623
 30
0.0
  0
VERTEX
  5
4D4
330
403
100
AcDbEntity
  8
outside2_B
100
AcDbVertex
100
AcDb2dVertex
 10
-213.3540257600171
 20
2.145199775412848
 30
0.0
  0
VERTEX
  5
4D5
330
403
100
AcDbEntity
  8
outside2_B
100
AcDbVertex
100
AcDb2dVertex
 10
-213.7942030721194
 20
2.136213356693162
 30
0.0
  0
VERTEX
  5
4D6
330
403
100
AcDbEntity
  8
outside2_B
100
AcDbVertex
100
AcDb2dVertex
 10
-214.2345998016111
 20
2.127315971744366
 30
0.0
  0
VERTEX
  5
4D7
330
403
100
AcDbEntity
  8
outside2_B
100
AcDbVertex
100
AcDb2dVertex
 10
-214.6748897626194
 20
2.118319629227287
 30
0.0
  0
VERTEX
  5
4D8
330
403
100
AcDbEntity
  8
outside2_B
100
AcDbVertex
100
AcDb2dVertex
 10
-215.1151202447202
 20
2.109431204638142
 30
0.0
  0
VERTEX
  5
4D9
330
403
100
AcDbEntity
  8
outside2_B
100
AcDbVertex
100
AcDb2dVertex
 10
-215.5555199775524
 20
2.100533778307536
 30
0.0
  0
VERTEX
  5
4DA
330
403
100
AcDbEntity
  8
outside2_B
100
AcDbVertex
100
AcDb2dVertex
 10
-215.9957516423489
 20
2.091645329880279
 30
0.0
  0
VERTEX
  5
4DB
330
403
100
AcDbEntity
  8
outside2_B
100
AcDbVertex
100
AcDb2dVertex
 10
-216.4360907890206
 20
2.082848228332423
 30
0.0
  0
VERTEX
  5
4DC
330
403
100
AcDbEntity
  8
outside2_B
100
AcDbVertex
100
AcDb2dVertex
 10
-216.8763765501209
 20
2.074057799197277
 30
0.0
  0
VERTEX
  5
4DD
330
403
100
AcDbEntity
  8
outside2_B
100
AcDbVertex
100
AcDb2dVertex
 10
-217.3167674855552
 20
2.065267287052976
 30
0.0
  0
VERTEX
  5
4DE
330
403
100
AcDbEntity
  8
outside2_B
100
AcDbVertex
100
AcDb2dVertex
 10
-217.757007961133
 20
2.05647013895819
 30
0.0
  0
VERTEX
  5
4DF
330
403
100
AcDbEntity
  8
outside2_B
100
AcDbVertex
100
AcDb2dVertex
 10
-218.1973382953484
 20
2.047779935265453
 30
0.0
  0
VERTEX
  5
4E0
330
403
100
AcDbEntity
  8
outside2_B
100
AcDbVertex
100
AcDb2dVertex
 10
-218.6376416799308
 20
2.039080645569115
 30
0.0
  0
VERTEX
  5
4E1
330
403
100
AcDbEntity
  8
outside2_B
100
AcDbVertex
100
AcDb2dVertex
 10
-219.0779676005801
 20
2.030390529102533
 30
0.0
  0
VERTEX
  5
4E2
330
403
100
AcDbEntity
  8
outside2_B
100
AcDbVertex
100
AcDb2dVertex
 10
-219.5182036359742
 20
2.0217992933609
 30
0.0
  0
VERTEX
  5
4E3
330
403
100
AcDbEntity
  8
outside2_B
100
AcDbVertex
100
AcDb2dVertex
 10
-219.9585946239729
 20
2.013207005096177
 30
0.0
  0
VERTEX
  5
4E4
330
403
100
AcDbEntity
  8
outside2_B
100
AcDbVertex
100
AcDb2dVertex
 10
-220.3989351238221
 20
2.004608060186939
 30
0.0
  0
VERTEX
  5
4E5
330
403
100
AcDbEntity
  8
outside2_B
100
AcDbVertex
100
AcDb2dVertex
 10
-220.8392239154577
 20
1.996114925486381
 30
0.0
  0
VERTEX
  5
4E6
330
403
100
AcDbEntity
  8
outside2_B
100
AcDbVertex
100
AcDb2dVertex
 10
-221.2795577631692
 20
1.987523733466006
 30
0.0
  0
VERTEX
  5
4E7
330
403
100
AcDbEntity
  8
outside2_B
100
AcDbVertex
100
AcDb2dVertex
 10
-221.7198931936991
 20
1.979130719995965
 30
0.0
  0
VERTEX
  5
4E8
330
403
100
AcDbEntity
  8
outside2_B
100
AcDbVertex
100
AcDb2dVertex
 10
-222.1602870908895
 20
1.970637478895654
 30
0.0
  0
VERTEX
  5
4E9
330
403
100
AcDbEntity
  8
outside2_B
100
AcDbVertex
100
AcDb2dVertex
 10
-222.6005235644145
 20
1.962244444531535
 30
0.0
  0
VERTEX
  5
4EA
330
403
100
AcDbEntity
  8
outside2_B
100
AcDbVertex
100
AcDb2dVertex
 10
-223.0409141495184
 20
1.953850379792513
 30
0.0
  0
VERTEX
  5
4EB
330
403
100
AcDbEntity
  8
outside2_B
100
AcDbVertex
100
AcDb2dVertex
 10
-223.4812495844436
 20
1.945457366238699
 30
0.0
  0
VERTEX
  5
4EC
330
403
100
AcDbEntity
  8
outside2_B
100
AcDbVertex
100
AcDb2dVertex
 10
-223.9215850191675
 20
1.937163452757872
 30
0.0
  0
VERTEX
  5
4ED
330
403
100
AcDbEntity
  8
outside2_B
100
AcDbVertex
100
AcDb2dVertex
 10
-224.361920453421
 20
1.928869539285927
 30
0.0
  0
VERTEX
  5
4EE
330
403
100
AcDbEntity
  8
outside2_B
100
AcDbVertex
100
AcDb2dVertex
 10
-224.802308836971
 20
1.920673740476062
 30
0.0
  0
VERTEX
  5
4EF
330
403
100
AcDbEntity
  8
outside2_B
100
AcDbVertex
100
AcDb2dVertex
 10
-225.2427013918927
 20
1.912386370698584
 30
0.0
  0
VERTEX
  5
4F0
330
403
100
AcDbEntity
  8
outside2_B
100
AcDbVertex
100
AcDb2dVertex
 10
-225.6829838757474
 20
1.904192542723166
 30
0.0
  0
VERTEX
  5
4F1
330
403
100
AcDbEntity
  8
outside2_B
100
AcDbVertex
100
AcDb2dVertex
 10
-226.1233193090277
 20
1.896096829407227
 30
0.0
  0
VERTEX
  5
4F2
330
403
100
AcDbEntity
  8
outside2_B
100
AcDbVertex
100
AcDb2dVertex
 10
-226.5637121022027
 20
1.888000061510539
 30
0.0
  0
VERTEX
  5
4F3
330
403
100
AcDbEntity
  8
outside2_B
100
AcDbVertex
100
AcDb2dVertex
 10
-227.0040959541182
 20
1.879911079810597
 30
0.0
  0
VERTEX
  5
4F4
330
403
100
AcDbEntity
  8
outside2_B
100
AcDbVertex
100
AcDb2dVertex
 10
-227.4444391600549
 20
1.871815223668136
 30
0.0
  0
VERTEX
  5
4F5
330
403
100
AcDbEntity
  8
outside2_B
100
AcDbVertex
100
AcDb2dVertex
 10
-227.8848126474625
 20
1.863819731756507
 30
0.0
  0
VERTEX
  5
4F6
330
403
100
AcDbEntity
  8
outside2_B
100
AcDbVertex
100
AcDb2dVertex
 10
-228.3251755436916
 20
1.855929348514678
 30
0.0
  0
VERTEX
  5
4F7
330
403
100
AcDbEntity
  8
outside2_B
100
AcDbVertex
100
AcDb2dVertex
 10
-229.2059340508048
 20
1.840041262603833
 30
0.0
  0
VERTEX
  5
4F8
330
403
100
AcDbEntity
  8
outside2_B
100
AcDbVertex
100
AcDb2dVertex
 10
-230.0867042622434
 20
1.824352968297802
 30
0.0
  0
VERTEX
  5
4F9
330
403
100
AcDbEntity
  8
outside2_B
100
AcDbVertex
100
AcDb2dVertex
 10
-230.9674727582079
 20
1.808862903663368
 30
0.0
  0
VERTEX
  5
4FA
330
403
100
AcDbEntity
  8
outside2_B
100
AcDbVertex
100
AcDb2dVertex
 10
-231.8482694332901
 20
1.793578172737384
 30
0.0
  0
VERTEX
  5
4FB
330
403
100
AcDbEntity
  8
outside2_B
100
AcDbVertex
100
AcDb2dVertex
 10
-232.7291973166318
 20
1.778392003667946
 30
0.0
  0
VERTEX
  5
4FC
330
403
100
AcDbEntity
  8
outside2_B
100
AcDbVertex
100
AcDb2dVertex
 10
-233.6099969424203
 20
1.763305432268993
 30
0.0
  0
VERTEX
  5
4FD
330
403
100
AcDbEntity
  8
outside2_B
100
AcDbVertex
100
AcDb2dVertex
 10
-234.4908674702221
 20
1.748417552159381
 30
0.0
  0
VERTEX
  5
4FE
330
403
100
AcDbEntity
  8
outside2_B
100
AcDbVertex
100
AcDb2dVertex
 10
-235.3716379414279
 20
1.733727872255287
 30
0.0
  0
VERTEX
  5
4FF
330
403
100
AcDbEntity
  8
outside2_B
100
AcDbVertex
100
AcDb2dVertex
 10
-236.2525057886383
 20
1.719236436534601
 30
0.0
  0
VERTEX
  5
500
330
403
100
AcDbEntity
  8
outside2_B
100
AcDbVertex
100
AcDb2dVertex
 10
-237.1334027920257
 20
1.704950350570002
 30
0.0
  0
VERTEX
  5
501
330
403
100
AcDbEntity
  8
outside2_B
100
AcDbVertex
100
AcDb2dVertex
 10
-238.0143020217877
 20
1.690763339473705
 30
0.0
  0
VERTEX
  5
502
330
403
100
AcDbEntity
  8
outside2_B
100
AcDbVertex
100
AcDb2dVertex
 10
-238.8952430187446
 20
1.676775445275325
 30
0.0
  0
VERTEX
  5
503
330
403
100
AcDbEntity
  8
outside2_B
100
AcDbVertex
100
AcDb2dVertex
 10
-240.6572250422019
 20
1.649392697928675
 30
0.0
  0
VERTEX
  5
504
330
403
100
AcDbEntity
  8
outside2_B
100
AcDbVertex
100
AcDb2dVertex
 10
-242.4191925136253
 20
1.622719133991509
 30
0.0
  0
VERTEX
  5
505
330
403
100
AcDbEntity
  8
outside2_B
100
AcDbVertex
100
AcDb2dVertex
 10
-244.1812324837912
 20
1.596739687200085
 30
0.0
  0
VERTEX
  5
506
330
403
100
AcDbEntity
  8
outside2_B
100
AcDbVertex
100
AcDb2dVertex
 10
-245.943270408749
 20
1.571659779055224
 30
0.0
  0
VERTEX
  5
507
330
403
100
AcDbEntity
  8
outside2_B
100
AcDbVertex
100
AcDb2dVertex
 10
-247.7054244552559
 20
1.54728099763021
 30
0.0
  0
VERTEX
  5
508
330
403
100
AcDbEntity
  8
outside2_B
100
AcDbVertex
100
AcDb2dVertex
 10
-249.4676626835601
 20
1.523702819350689
 30
0.0
  0
VERTEX
  5
509
330
403
100
AcDbEntity
  8
outside2_B
100
AcDbVertex
100
AcDb2dVertex
 10
-251.229901726753
 20
1.500917455221625
 30
0.0
  0
VERTEX
  5
50A
330
403
100
AcDbEntity
  8
outside2_B
100
AcDbVertex
100
AcDb2dVertex
 10
-252.9922253782776
 20
1.478940317511004
 30
0.0
  0
VERTEX
  5
50B
330
403
100
AcDbEntity
  8
outside2_B
100
AcDbVertex
100
AcDb2dVertex
 10
-254.7546656747192
 20
1.457854884851741
 30
0.0
  0
VERTEX
  5
50C
330
403
100
AcDbEntity
  8
outside2_B
100
AcDbVertex
100
AcDb2dVertex
 10
-256.5171050498378
 20
1.43747078598814
 30
0.0
  0
VERTEX
  5
50D
330
403
100
AcDbEntity
  8
outside2_B
100
AcDbVertex
100
AcDb2dVertex
 10
-258.2795280246515
 20
1.417986370055786
 30
0.0
  0
VERTEX
  5
50E
330
403
100
AcDbEntity
  8
outside2_B
100
AcDbVertex
100
AcDb2dVertex
 10
-260.0420520160018
 20
1.399302370147481
 30
0.0
  0
VERTEX
  5
50F
330
403
100
AcDbEntity
  8
outside2_B
100
AcDbVertex
100
AcDb2dVertex
 10
-261.8045780741056
 20
1.381517883910078
 30
0.0
  0
VERTEX
  5
510
330
403
100
AcDbEntity
  8
outside2_B
100
AcDbVertex
100
AcDb2dVertex
 10
-263.5671020945182
 20
1.364533815169935
 30
0.0
  0
VERTEX
  5
511
330
403
100
AcDbEntity
  8
outside2_B
100
AcDbVertex
100
AcDb2dVertex
 10
-265.3297119960304
 20
1.348449382359348
 30
0.0
  0
VERTEX
  5
512
330
403
100
AcDbEntity
  8
outside2_B
100
AcDbVertex
100
AcDb2dVertex
 10
-267.0923208087942
 20
1.333256844543911
 30
0.0
  0
VERTEX
  5
513
330
403
100
AcDbEntity
  8
outside2_B
100
AcDbVertex
100
AcDb2dVertex
 10
-268.8550469993255
 20
1.318971320435338
 30
0.0
  0
VERTEX
  5
514
330
403
100
AcDbEntity
  8
outside2_B
100
AcDbVertex
100
AcDb2dVertex
 10
-270.6176559455026
 20
1.305478699276932
 30
0.0
  0
VERTEX
  5
515
330
403
100
AcDbEntity
  8
outside2_B
100
AcDbVertex
100
AcDb2dVertex
 10
-272.3803484463215
 20
1.292992417599066
 30
0.0
  0
VERTEX
  5
516
330
403
100
AcDbEntity
  8
outside2_B
100
AcDbVertex
100
AcDb2dVertex
 10
-274.1430614099677
 20
1.281405526611479
 30
0.0
  0
VERTEX
  5
517
330
403
100
AcDbEntity
  8
outside2_B
100
AcDbVertex
100
AcDb2dVertex
 10
-275.9057551217158
 20
1.270710614994471
 30
0.0
  0
VERTEX
  5
518
330
403
100
AcDbEntity
  8
outside2_B
100
AcDbVertex
100
AcDb2dVertex
 10
-277.6684292355393
 20
1.261022053240126
 30
0.0
  0
VERTEX
  5
519
330
403
100
AcDbEntity
  8
outside2_B
100
AcDbVertex
100
AcDb2dVertex
 10
-279.8718763135454
 20
1.250227904546108
 30
0.0
  0
VERTEX
  5
51A
330
403
100
AcDbEntity
  8
outside2_B
100
AcDbVertex
100
AcDb2dVertex
 10
-282.0752905577393
 20
1.240836525287463
 30
0.0
  0
VERTEX
  5
51B
330
403
100
AcDbEntity
  8
outside2_B
100
AcDbVertex
100
AcDb2dVertex
 10
-284.2786942130605
 20
1.233045986750454
 30
0.0
  0
VERTEX
  5
51C
330
403
100
AcDbEntity
  8
outside2_B
100
AcDbVertex
100
AcDb2dVertex
 10
-286.4821093343374
 20
1.226749491332058
 30
0.0
  0
VERTEX
  5
51D
330
403
100
AcDbEntity
  8
outside2_B
100
AcDbVertex
100
AcDb2dVertex
 10
-288.685513002052
 20
1.221954727371823
 30
0.0
  0
VERTEX
  5
51E
330
403
100
AcDbEntity
  8
outside2_B
100
AcDbVertex
100
AcDb2dVertex
 10
-290.8888047992957
 20
1.218753154735381
 30
0.0
  0
VERTEX
  5
51F
330
403
100
AcDbEntity
  8
outside2_B
100
AcDbVertex
100
AcDb2dVertex
 10
-292.9596716043213
 20
1.217258970588759
 30
0.0
  0
VERTEX
  5
520
330
403
100
AcDbEntity
  8
outside2_B
100
AcDbVertex
100
AcDb2dVertex
 10
-293.0923967847412
 20
1.217159848137783
 30
0.0
  0
SEQEND
  5
521
330
403
100
AcDbEntity
  8
outside2_B
  0
ENDSEC
  0
SECTION
  2
OBJECTS
  0
DICTIONARY
  5
C
330
0
100
AcDbDictionary
281
     1
  3
ACAD_DETAILVIEWSTYLE
350
55D
  3
ACAD_GROUP
350
D
  3
ACAD_LAYOUT
350
1A
  3
ACAD_MATERIAL
350
43
  3
ACAD_MLEADERSTYLE
350
5B
  3
ACAD_MLINESTYLE
350
17
  3
ACAD_PLOTSETTINGS
350
19
  3
ACAD_PLOTSTYLENAME
350
E
  3
ACAD_SCALELIST
350
47
  3
ACAD_SECTIONVIEWSTYLE
350
55E
  3
ACAD_TABLESTYLE
350
59
  3
ACAD_VISUALSTYLE
350
2A
  3
AcDbVariableDictionary
350
522
  3
ACDB_RECOMPOSE_DATA
350
55A
  0
SUN
  5
5D
330
29
100
AcDbSun
 90
        1
290
     0
 63
     7
421
 16777215
 40
1.0
291
     1
 91
  2455826
 92
 54000000
292
     0
 70
     2
 71
   256
280
     1
  0
DICTIONARY
  5
55D
102
{ACAD_REACTORS
330
C
102
}
330
C
100
AcDbDictionary
281
     1
  0
DICTIONARY
  5
D
102
{ACAD_REACTORS
330
C
102
}
330
C
100
AcDbDictionary
281
     1
  0
DICTIONARY
  5
1A
102
{ACAD_REACTORS
330
C
102
}
330
C
100
AcDbDictionary
281
     1
  3
Layout1
350
1E
  3
Layout2
350
26
  3
Model
350
22
  0
DICTIONARY
  5
43
102
{ACAD_REACTORS
330
C
102
}
330
C
100
AcDbDictionary
281
     1
  3
ByBlock
350
45
  3
ByLayer
350
44
  3
Global
350
46
  0
DICTIONARY
  5
5B
102
{ACAD_REACTORS
330
C
102
}
330
C
100
AcDbDictionary
281
     1
  3
Standard
350
5C
  0
DICTIONARY
  5
17
102
{ACAD_REACTORS
330
C
102
}
330
C
100
AcDbDictionary
281
     1
  3
Standard
350
18
  0
DICTIONARY
  5
19
102
{ACAD_REACTORS
330
C
102
}
330
C
100
AcDbDictionary
281
     1
  0
ACDBDICTIONARYWDFLT
  5
E
102
{ACAD_REACTORS
330
C
102
}
330
C
100
AcDbDictionary
281
     1
  3
Normal
350
F
100
AcDbDictionaryWithDefault
340
F
  0
DICTIONARY
  5
47
102
{ACAD_REACTORS
330
C
102
}
330
C
100
AcDbDictionary
281
     1
  3
A0
350
48
  3
A1
350
49
  3
A2
350
4A
  3
A3
350
4B
  3
A4
350
4C
  3
A5
350
4D
  3
A6
350
4E
  3
A7
350
4F
  3
A8
350
50
  3
A9
350
51
  3
B1
350
52
  3
B2
350
53
  3
B3
350
54
  3
B4
350
55
  3
B5
350
56
  3
B6
350
57
  3
B7
350
58
  0
DICTIONARY
  5
55E
102
{ACAD_REACTORS
330
C
102
}
330
C
100
AcDbDictionary
281
     1
  0
DICTIONARY
  5
59
102
{ACAD_REACTORS
330
C
102
}
330
C
100
AcDbDictionary
281
     1
  3
Standard
350
5A
  0
DICTIONARY
  5
2A
102
{ACAD_REACTORS
330
C
102
}
330
C
100
AcDbDictionary
281
     1
  3
2dWireframe
350
2F
  3
Basic
350
32
  3
Brighten
350
36
  3
ColorChange
350
3A
  3
Conceptual
350
34
  3
Dim
350
35
  3
EdgeColorOff
350
3D
  3
Facepattern
350
39
  3
Flat
350
2B
  3
FlatWithEdges
350
2C
  3
Gouraud
350
2D
  3
GouraudWithEdges
350
2E
  3
Hidden
350
31
  3
JitterOff
350
3B
  3
Linepattern
350
38
  3
OverhangOff
350
3C
  3
Realistic
350
33
  3
Shaded
350
42
  3
Shaded with edges
350
41
  3
Shades of Gray
350
3E
  3
Sketchy
350
3F
  3
Thicken
350
37
  3
Wireframe
350
30
  3
X-Ray
350
40
  0
DICTIONARY
  5
522
102
{ACAD_REACTORS
330
C
102
}
330
C
100
AcDbDictionary
281
     1
  3
CANNOSCALE
350
523
  3
CMLEADERSTYLE
350
55C
  3
CTABLESTYLE
350
55B
  3
XCLIPFRAME
350
524
  0
XRECORD
  5
55A
102
{ACAD_REACTORS
330
C
102
}
330
C
100
AcDbXrecord
280
     1
 90
        1
330
5A
  0
LAYOUT
  5
1E
102
{ACAD_REACTORS
330
1A
102
}
330
1A
100
AcDbPlotSettings
  1

  2
none_device
  4

  6

 40
0.0
 41
0.0
 42
0.0
 43
0.0
 44
0.0
 45
0.0
 46
0.0
 47
0.0
 48
0.0
 49
0.0
140
0.0
141
0.0
142
1.0
143
1.0
 70
   688
 72
     0
 73
     0
 74
     5
  7

 75
    16
 76
     0
 77
     2
 78
   300
147
1.0
148
0.0
149
0.0
100
AcDbLayout
  1
Layout1
 70
     1
 71
     1
 10
0.0
 20
0.0
 11
12.0
 21
9.0
 12
0.0
 22
0.0
 32
0.0
 14
1.000000000000000E+20
 24
1.000000000000000E+20
 34
1.000000000000000E+20
 15
-1.000000000000000E+20
 25
-1.000000000000000E+20
 35
-1.000000000000000E+20
146
0.0
 13
0.0
 23
0.0
 33
0.0
 16
1.0
 26
0.0
 36
0.0
 17
0.0
 27
1.0
 37
0.0
 76
     0
330
1B
  0
LAYOUT
  5
26
102
{ACAD_REACTORS
330
1A
102
}
330
1A
100
AcDbPlotSettings
  1

  2
none_device
  4

  6

 40
0.0
 41
0.0
 42
0.0
 43
0.0
 44
0.0
 45
0.0
 46
0.0
 47
0.0
 48
0.0
 49
0.0
140
0.0
141
0.0
142
1.0
143
1.0
 70
   688
 72
     0
 73
     0
 74
     5
  7

 75
    16
 76
     0
 77
     2
 78
   300
147
1.0
148
0.0
149
0.0
100
AcDbLayout
  1
Layout2
 70
     1
 71
     2
 10
0.0
 20
0.0
 11
0.0
 21
0.0
 12
0.0
 22
0.0
 32
0.0
 14
0.0
 24
0.0
 34
0.0
 15
0.0
 25
0.0
 35
0.0
146
0.0
 13
0.0
 23
0.0
 33
0.0
 16
1.0
 26
0.0
 36
0.0
 17
0.0
 27
1.0
 37
0.0
 76
     0
330
23
  0
LAYOUT
  5
22
102
{ACAD_REACTORS
330
1A
102
}
330
1A
100
AcDbPlotSettings
  1

  2
none_device
  4
Letter_(8.50_x_11.00_Inches)
  6

 40
6.35
 41
6.35
 42
6.35000508
 43
6.35000508
 44
215.9
 45
279.4
 46
0.0
 47
0.0
 48
0.0
 49
0.0
140
0.0
141
0.0
142
1.0
143
1.0
 70
  1712
 72
     0
 73
     0
 74
     0
  7

 75
     0
 76
     0
 77
     2
 78
   300
147
1.0
148
0.0
149
0.0
100
AcDbLayout
  1
Model
 70
     1
 71
     0
 10
0.0
 20
0.0
 11
12.0
 21
9.0
 12
0.0
 22
0.0
 32
0.0
 14
-403.3741375195692
 24
-5.155652200788111
 34
0.0
 15
57.68305113999799
 25
6.696078874912651
 35
0.0
146
0.0
 13
0.0
 23
0.0
 33
0.0
 16
1.0
 26
0.0
 36
0.0
 17
0.0
 27
1.0
 37
0.0
 76
     0
330
1F
331
29
  0
MATERIAL
  5
45
102
{ACAD_REACTORS
330
43
102
}
330
43
100
AcDbMaterial
  1
ByBlock
 72
     1
 94
      127
  0
MATERIAL
  5
44
102
{ACAD_REACTORS
330
43
102
}
330
43
100
AcDbMaterial
  1
ByLayer
 72
     1
 94
      127
  0
MATERIAL
  5
46
102
{ACAD_REACTORS
330
43
102
}
330
43
100
AcDbMaterial
  1
Global
 72
     1
 94
      127
  0
MLEADERSTYLE
  5
5C
102
{ACAD_REACTORS
330
5B
102
}
102
{ACAD_XDICTIONARY
360
558
102
}
330
5B
100
AcDbMLeaderStyle
170
     2
171
     1
172
     0
 90
        2
 40
0.0
 41
0.0
173
     1
 91
-1056964608
340
14
 92
       -2
290
     1
 42
0.09
291
     1
 43
0.36
  3
Standard
341
0
 44
0.18
300

342
11
174
     1
178
     6
175
     1
176
     0
 93
-1056964608
 45
0.18
292
     0
297
     0
 46
0.18
343
0
 94
-1056964608
 47
1.0
 49
1.0
140
1.0
293
     1
141
0.0
294
     1
177
     0
142
1.0
295
     0
296
     0
143
0.125
1001
ACAD_MLEADERVER
1070
     2
  0
MLINESTYLE
  5
18
102
{ACAD_REACTORS
330
17
102
}
330
17
100
AcDbMlineStyle
  2
Standard
 70
     0
  3

 62
   256
 51
90.0
 52
90.0
 71
     2
 49
0.5
 62
   256
  6
BYLAYER
 49
-0.5
 62
   256
  6
BYLAYER
  0
ACDBPLACEHOLDER
  5
F
102
{ACAD_REACTORS
330
E
102
}
330
E
  0
SCALE
  5
48
102
{ACAD_REACTORS
330
47
102
}
330
47
100
AcDbScale
 70
     0
300
1:1
140
1.0
141
1.0
290
     1
  0
SCALE
  5
49
102
{ACAD_REACTORS
330
47
102
}
330
47
100
AcDbScale
 70
     0
300
1/128" = 1'-0"
140
0.0078125
141
12.0
290
     0
  0
SCALE
  5
4A
102
{ACAD_REACTORS
330
47
102
}
330
47
100
AcDbScale
 70
     0
300
1/64" = 1'-0"
140
0.015625
141
12.0
290
     0
  0
SCALE
  5
4B
102
{ACAD_REACTORS
330
47
102
}
330
47
100
AcDbScale
 70
     0
300
1/32" = 1'-0"
140
0.03125
141
12.0
290
     0
  0
SCALE
  5
4C
102
{ACAD_REACTORS
330
47
102
}
330
47
100
AcDbScale
 70
     0
300
1/16" = 1'-0"
140
0.0625
141
12.0
290
     0
  0
SCALE
  5
4D
102
{ACAD_REACTORS
330
47
102
}
330
47
100
AcDbScale
 70
     0
300
3/32" = 1'-0"
140
0.09375
141
12.0
290
     0
  0
SCALE
  5
4E
102
{ACAD_REACTORS
330
47
102
}
330
47
100
AcDbScale
 70
     0
300
1/8" = 1'-0"
140
0.125
141
12.0
290
     0
  0
SCALE
  5
4F
102
{ACAD_REACTORS
330
47
102
}
330
47
100
AcDbScale
 70
     0
300
3/16" = 1'-0"
140
0.1875
141
12.0
290
     0
  0
SCALE
  5
50
102
{ACAD_REACTORS
330
47
102
}
330
47
100
AcDbScale
 70
     0
300
1/4" = 1'-0"
140
0.25
141
12.0
290
     0
  0
SCALE
  5
51
102
{ACAD_REACTORS
330
47
102
}
330
47
100
AcDbScale
 70
     0
300
3/8" = 1'-0"
140
0.375
141
12.0
290
     0
  0
SCALE
  5
52
102
{ACAD_REACTORS
330
47
102
}
330
47
100
AcDbScale
 70
     0
300
1/2" = 1'-0"
140
0.5
141
12.0
290
     0
  0
SCALE
  5
53
102
{ACAD_REACTORS
330
47
102
}
330
47
100
AcDbScale
 70
     0
300
3/4" = 1'-0"
140
0.75
141
12.0
290
     0
  0
SCALE
  5
54
102
{ACAD_REACTORS
330
47
102
}
330
47
100
AcDbScale
 70
     0
300
1" = 1'-0"
140
1.0
141
12.0
290
     0
  0
SCALE
  5
55
102
{ACAD_REACTORS
330
47
102
}
330
47
100
AcDbScale
 70
     0
300
1-1/2" = 1'-0"
140
1.5
141
12.0
290
     0
  0
SCALE
  5
56
102
{ACAD_REACTORS
330
47
102
}
330
47
100
AcDbScale
 70
     0
300
3" = 1'-0"
140
3.0
141
12.0
290
     0
  0
SCALE
  5
57
102
{ACAD_REACTORS
330
47
102
}
330
47
100
AcDbScale
 70
     0
300
6" = 1'-0"
140
6.0
141
12.0
290
     0
  0
SCALE
  5
58
102
{ACAD_REACTORS
330
47
102
}
330
47
100
AcDbScale
 70
     0
300
1'-0" = 1'-0"
140
12.0
141
12.0
290
     0
  0
TABLESTYLE
  5
5A
102
{ACAD_REACTORS
330
59
102
}
102
{ACAD_XDICTIONARY
360
555
102
}
330
59
100
AcDbTableStyle
  3
Standard
 70
     0
 71
     0
 40
0.06
 41
0.06
280
     0
281
     0
  7
Standard
140
0.18
170
     2
 62
     0
 63
   257
283
     0
 90
        4
 91
        0
  1

274
    -2
284
     1
 64
     0
275
    -2
285
     1
 65
     0
276
    -2
286
     1
 66
     0
277
    -2
287
     1
 67
     0
278
    -2
288
     1
 68
     0
279
    -2
289
     1
 69
     0
  7
Standard
140
0.25
170
     5
 62
     0
 63
   257
283
     0
 90
        4
 91
        0
  1

274
    -2
284
     1
 64
     0
275
    -2
285
     1
 65
     0
276
    -2
286
     1
 66
     0
277
    -2
287
     1
 67
     0
278
    -2
288
     1
 68
     0
279
    -2
289
     1
 69
     0
  7
Standard
140
0.18
170
     5
 62
     0
 63
   257
283
     0
 90
        4
 91
        0
  1

274
    -2
284
     1
 64
     0
275
    -2
285
     1
 65
     0
276
    -2
286
     1
 66
     0
277
    -2
287
     1
 67
     0
278
    -2
288
     1
 68
     0
279
    -2
289
     1
 69
     0
  0
VISUALSTYLE
  5
2F
102
{ACAD_REACTORS
330
2A
102
}
102
{ACAD_XDICTIONARY
360
52D
102
}
330
2A
100
AcDbVisualStyle
  2
2dWireframe
 70
     4
 71
     0
 72
     2
 73
     0
 90
        0
 40
0.6
 41
30.0
 62
     5
 63
     7
421
 16777215
 74
     1
 91
        4
 64
     7
 65
   257
 75
     1
175
     1
 42
1.0
 92
        0
 66
   257
 43
1.0
 76
     1
 77
     6
 78
     2
 67
     7
 79
     5
170
     0
171
     0
290
     0
174
     0
 93
        1
 44
0.0
173
     0
291
     0
 45
0.0
  0
VISUALSTYLE
  5
32
102
{ACAD_REACTORS
330
2A
102
}
102
{ACAD_XDICTIONARY
360
533
102
}
330
2A
100
AcDbVisualStyle
  2
Basic
 70
     7
 71
     1
 72
     0
 73
     1
 90
        0
 40
0.6
 41
30.0
 62
     5
 63
     7
421
 16777215
 74
     0
 91
        4
 64
     7
 65
   257
 75
     1
175
     1
 42
1.0
 92
        8
 66
     7
 43
1.0
 76
     1
 77
     6
 78
     2
 67
     7
 79
     5
170
     0
171
     0
290
     0
174
     0
 93
        1
 44
0.0
173
     0
291
     1
 45
0.0
  0
VISUALSTYLE
  5
36
102
{ACAD_REACTORS
330
2A
102
}
102
{ACAD_XDICTIONARY
360
53B
102
}
330
2A
100
AcDbVisualStyle
  2
Brighten
 70
    12
 71
     2
 72
     2
 73
     0
 90
        0
 40
0.6
 41
30.0
 62
     5
 63
     7
421
 16777215
 74
     1
 91
        4
 64
     7
 65
   257
 75
     1
175
     1
 42
1.0
 92
        8
 66
     7
 43
1.0
 76
     1
 77
     6
 78
     2
 67
     7
 79
     5
170
     0
171
     0
290
     0
174
     0
 93
        1
 44
50.0
173
     0
291
     1
 45
0.0
  0
VISUALSTYLE
  5
3A
102
{ACAD_REACTORS
330
2A
102
}
102
{ACAD_XDICTIONARY
360
543
102
}
330
2A
100
AcDbVisualStyle
  2
ColorChange
 70
    16
 71
     2
 72
     2
 73
     3
 90
        0
 40
0.6
 41
30.0
 62
     5
 63
     8
421
  8421504
 74
     1
 91
        4
 64
     7
 65
   257
 75
     1
175
     1
 42
1.0
 92
        8
 66
     8
424
  8421504
 43
1.0
 76
     1
 77
     6
 78
     2
 67
     7
 79
     5
170
     0
171
     0
290
     0
174
     0
 93
        1
 44
0.0
173
     0
291
     1
 45
0.0
  0
VISUALSTYLE
  5
34
102
{ACAD_REACTORS
330
2A
102
}
102
{ACAD_XDICTIONARY
360
537
102
}
330
2A
100
AcDbVisualStyle
  2
Conceptual
 70
     9
 71
     3
 72
     2
 73
     0
 90
        0
 40
0.6
 41
30.0
 62
     5
 63
     7
421
 16777215
 74
     2
 91
        2
 64
     7
 65
   257
 75
     1
175
     1
 42
179.0
 92
        8
 66
     7
 43
1.0
 76
     1
 77
     6
 78
     2
 67
     7
 79
     3
170
     0
171
     0
290
     0
174
     0
 93
        1
 44
0.0
173
     0
291
     0
 45
0.0
  0
VISUALSTYLE
  5
35
102
{ACAD_REACTORS
330
2A
102
}
102
{ACAD_XDICTIONARY
360
539
102
}
330
2A
100
AcDbVisualStyle
  2
Dim
 70
    11
 71
     2
 72
     2
 73
     0
 90
        0
 40
0.6
 41
30.0
 62
     5
 63
     7
421
 16777215
 74
     1
 91
        4
 64
     7
 65
   257
 75
     1
175
     1
 42
1.0
 92
        8
 66
     7
 43
1.0
 76
     1
 77
     6
 78
     2
 67
     7
 79
     5
170
     0
171
     0
290
     0
174
     0
 93
        1
 44
-50.0
173
     0
291
     1
 45
0.0
  0
VISUALSTYLE
  5
3D
102
{ACAD_REACTORS
330
2A
102
}
102
{ACAD_XDICTIONARY
360
549
102
}
330
2A
100
AcDbVisualStyle
  2
EdgeColorOff
 70
    22
 71
     2
 72
     2
 73
     0
 90
        0
 40
0.6
 41
30.0
 62
     5
 63
     7
421
 16777215
 74
     1
 91
        4
 64
     7
 65
   257
 75
     1
175
     1
 42
1.0
 92
        8
 66
     7
 43
1.0
 76
     1
 77
     6
 78
     2
 67
     7
 79
     5
170
     0
171
     0
290
     0
174
     0
 93
        1
 44
0.0
173
     0
291
     1
 45
0.0
  0
VISUALSTYLE
  5
39
102
{ACAD_REACTORS
330
2A
102
}
102
{ACAD_XDICTIONARY
360
541
102
}
330
2A
100
AcDbVisualStyle
  2
Facepattern
 70
    15
 71
     2
 72
     2
 73
     0
 90
        0
 40
0.6
 41
30.0
 62
     5
 63
     7
421
 16777215
 74
     1
 91
        4
 64
     7
 65
   257
 75
     1
175
     1
 42
1.0
 92
        8
 66
     7
 43
1.0
 76
     1
 77
     6
 78
     2
 67
     7
 79
     5
170
     0
171
     0
290
     0
174
     0
 93
        1
 44
0.0
173
     0
291
     1
 45
0.0
  0
VISUALSTYLE
  5
2B
102
{ACAD_REACTORS
330
2A
102
}
102
{ACAD_XDICTIONARY
360
525
102
}
330
2A
100
AcDbVisualStyle
  2
Flat
 70
     0
 71
     2
 72
     1
 73
     1
 90
        2
 40
0.6
 41
30.0
 62
     5
 63
     7
421
 16777215
 74
     0
 91
        0
 64
     7
 65
   257
 75
     1
175
     1
 42
1.0
 92
        8
 66
     7
 43
1.0
 76
     1
 77
     6
 78
     2
 67
     7
 79
     5
170
     0
171
     0
290
     0
174
     0
 93
       13
 44
0.0
173
     0
291
     1
 45
0.0
  0
VISUALSTYLE
  5
2C
102
{ACAD_REACTORS
330
2A
102
}
102
{ACAD_XDICTIONARY
360
527
102
}
330
2A
100
AcDbVisualStyle
  2
FlatWithEdges
 70
     1
 71
     2
 72
     1
 73
     1
 90
        2
 40
0.6
 41
30.0
 62
     5
 63
     7
421
 16777215
 74
     1
 91
        0
 64
     7
 65
   257
 75
     1
175
     1
 42
1.0
 92
        0
 66
   257
 43
1.0
 76
     1
 77
     6
 78
     2
 67
     7
 79
     5
170
     0
171
     0
290
     0
174
     0
 93
       13
 44
0.0
173
     0
291
     1
 45
0.0
  0
VISUALSTYLE
  5
2D
102
{ACAD_REACTORS
330
2A
102
}
102
{ACAD_XDICTIONARY
360
529
102
}
330
2A
100
AcDbVisualStyle
  2
Gouraud
 70
     2
 71
     2
 72
     2
 73
     1
 90
        2
 40
0.6
 41
30.0
 62
     5
 63
     7
421
 16777215
 74
     0
 91
        0
 64
     7
 65
   257
 75
     1
175
     1
 42
1.0
 92
        0
 66
     7
 43
1.0
 76
     1
 77
     6
 78
     2
 67
     7
 79
     5
170
     0
171
     0
290
     0
174
     0
 93
       13
 44
0.0
173
     0
291
     1
 45
0.0
  0
VISUALSTYLE
  5
2E
102
{ACAD_REACTORS
330
2A
102
}
102
{ACAD_XDICTIONARY
360
52B
102
}
330
2A
100
AcDbVisualStyle
  2
GouraudWithEdges
 70
     3
 71
     2
 72
     2
 73
     1
 90
        2
 40
0.6
 41
30.0
 62
     5
 63
     7
421
 16777215
 74
     1
 91
        0
 64
     7
 65
   257
 75
     1
175
     1
 42
1.0
 92
        0
 66
   257
 43
1.0
 76
     1
 77
     6
 78
     2
 67
     7
 79
     5
170
     0
171
     0
290
     0
174
     0
 93
       13
 44
0.0
173
     0
291
     1
 45
0.0
  0
VISUALSTYLE
  5
31
102
{ACAD_REACTORS
330
2A
102
}
102
{ACAD_XDICTIONARY
360
531
102
}
330
2A
100
AcDbVisualStyle
  2
Hidden
 70
     6
 71
     1
 72
     2
 73
     2
 90
        0
 40
0.6
 41
30.0
 62
     5
 63
     7
421
 16777215
 74
     2
 91
        2
 64
     7
 65
   257
 75
     2
175
     1
 42
40.0
 92
        0
 66
   257
 43
1.0
 76
     1
 77
     6
 78
     2
 67
     7
 79
     3
170
     0
171
     0
290
     0
174
     0
 93
        1
 44
0.0
173
     0
291
     0
 45
0.0
  0
VISUALSTYLE
  5
3B
102
{ACAD_REACTORS
330
2A
102
}
102
{ACAD_XDICTIONARY
360
545
102
}
330
2A
100
AcDbVisualStyle
  2
JitterOff
 70
    20
 71
     2
 72
     2
 73
     0
 90
        0
 40
0.6
 41
30.0
 62
     5
 63
     7
421
 16777215
 74
     1
 91
        4
 64
     7
 65
   257
 75
     1
175
     1
 42
1.0
 92
       10
 66
     7
 43
1.0
 76
     1
 77
     6
 78
     2
 67
     7
 79
     5
170
     0
171
     0
290
     0
174
     0
 93
        1
 44
0.0
173
     0
291
     1
 45
0.0
  0
VISUALSTYLE
  5
38
102
{ACAD_REACTORS
330
2A
102
}
102
{ACAD_XDICTIONARY
360
53F
102
}
330
2A
100
AcDbVisualStyle
  2
Linepattern
 70
    14
 71
     2
 72
     2
 73
     0
 90
        0
 40
0.6
 41
30.0
 62
     5
 63
     7
421
 16777215
 74
     1
 91
        4
 64
     7
 65
   257
 75
     7
175
     7
 42
1.0
 92
        8
 66
     7
 43
1.0
 76
     1
 77
     6
 78
     2
 67
     7
 79
     5
170
     0
171
     0
290
     0
174
     0
 93
        1
 44
0.0
173
     0
291
     1
 45
0.0
  0
VISUALSTYLE
  5
3C
102
{ACAD_REACTORS
330
2A
102
}
102
{ACAD_XDICTIONARY
360
547
102
}
330
2A
100
AcDbVisualStyle
  2
OverhangOff
 70
    21
 71
     2
 72
     2
 73
     0
 90
        0
 40
0.6
 41
30.0
 62
     5
 63
     7
421
 16777215
 74
     1
 91
        4
 64
     7
 65
   257
 75
     1
175
     1
 42
1.0
 92
        9
 66
     7
 43
1.0
 76
     1
 77
     6
 78
     2
 67
     7
 79
     5
170
     0
171
     0
290
     0
174
     0
 93
        1
 44
0.0
173
     0
291
     1
 45
0.0
  0
VISUALSTYLE
  5
33
102
{ACAD_REACTORS
330
2A
102
}
102
{ACAD_XDICTIONARY
360
535
102
}
330
2A
100
AcDbVisualStyle
  2
Realistic
 70
     8
 71
     2
 72
     3
 73
     0
 90
        2
 40
0.6
 41
30.0
 62
     5
 63
     7
421
 16777215
 74
     0
 91
        0
 64
     7
 65
   257
 75
     1
175
     1
 42
1.0
 92
        8
 66
   257
 43
1.0
 76
     1
 77
     6
 78
     2
 67
     7
 79
     3
170
     0
171
     0
290
     0
174
     0
 93
       13
 44
0.0
173
     0
291
     0
 45
0.0
  0
VISUALSTYLE
  5
42
102
{ACAD_REACTORS
330
2A
102
}
102
{ACAD_XDICTIONARY
360
553
102
}
330
2A
100
AcDbVisualStyle
  2
Shaded
 70
    27
 71
     2
 72
     2
 73
     1
 90
        2
 40
0.6
 41
30.0
 62
     5
 63
     7
421
 16777215
 74
     0
 91
        4
 64
     7
 65
   257
 75
     1
175
     1
 42
1.0
 92
        8
 66
   257
 43
1.0
 76
     1
 77
     6
 78
     2
 67
     8
425
  7895160
 79
     3
170
     0
171
     0
290
     0
174
     0
 93
        5
 44
0.0
173
     0
291
     0
 45
0.0
  0
VISUALSTYLE
  5
41
102
{ACAD_REACTORS
330
2A
102
}
102
{ACAD_XDICTIONARY
360
551
102
}
330
2A
100
AcDbVisualStyle
  2
Shaded with edges
 70
    26
 71
     2
 72
     2
 73
     1
 90
        2
 40
0.6
 41
30.0
 62
     5
 63
     7
421
 16777215
 74
     1
 91
       10
 64
     7
 65
   257
 75
     2
175
     1
 42
1.0
 92
        8
 66
   257
 43
1.0
 76
     1
 77
     6
 78
     2
 67
     7
 79
     3
170
     0
171
     0
290
     0
174
     0
 93
        5
 44
0.0
173
     0
291
     0
 45
0.0
  0
VISUALSTYLE
  5
3E
102
{ACAD_REACTORS
330
2A
102
}
102
{ACAD_XDICTIONARY
360
54B
102
}
330
2A
100
AcDbVisualStyle
  2
Shades of Gray
 70
    23
 71
     2
 72
     2
 73
     3
 90
        0
 40
0.6
 41
30.0
 62
     5
 63
     7
421
 16777215
 74
     2
 91
        2
 64
     7
 65
     7
 75
     1
175
     1
 42
40.0
 92
        8
 66
     7
 43
1.0
 76
     1
 77
     6
 78
     2
 67
     7
 79
     3
170
     0
171
     0
290
     0
174
     0
 93
        1
 44
0.0
173
     0
291
     0
 45
0.0
  0
VISUALSTYLE
  5
3F
102
{ACAD_REACTORS
330
2A
102
}
102
{ACAD_XDICTIONARY
360
54D
102
}
330
2A
100
AcDbVisualStyle
  2
Sketchy
 70
    24
 71
     1
 72
     2
 73
     2
 90
        0
 40
0.6
 41
30.0
 62
     5
 63
     7
421
 16777215
 74
     2
 91
        2
 64
     7
 65
     7
 75
     1
175
     1
 42
40.0
 92
       11
 66
     7
 43
1.0
 76
     1
 77
     6
 78
     2
 67
     7
 79
     6
170
     0
171
     0
290
     0
174
     0
 93
        1
 44
0.0
173
     0
291
     0
 45
0.0
  0
VISUALSTYLE
  5
37
102
{ACAD_REACTORS
330
2A
102
}
102
{ACAD_XDICTIONARY
360
53D
102
}
330
2A
100
AcDbVisualStyle
  2
Thicken
 70
    13
 71
     2
 72
     2
 73
     0
 90
        0
 40
0.6
 41
30.0
 62
     5
 63
     7
421
 16777215
 74
     1
 91
        4
 64
     7
 65
   257
 75
     1
175
     1
 42
1.0
 92
       12
 66
     7
 43
1.0
 76
     1
 77
     6
 78
     2
 67
     7
 79
     5
170
     0
171
     0
290
     0
174
     0
 93
        1
 44
0.0
173
     0
291
     1
 45
0.0
  0
VISUALSTYLE
  5
30
102
{ACAD_REACTORS
330
2A
102
}
102
{ACAD_XDICTIONARY
360
52F
102
}
330
2A
100
AcDbVisualStyle
  2
Wireframe
 70
     5
 71
     0
 72
     2
 73
     0
 90
        0
 40
0.6
 41
30.0
 62
     5
 63
     7
421
 16777215
 74
     1
 91
        4
 64
     7
 65
   257
 75
     1
175
     1
 42
1.0
 92
        0
 66
   257
 43
1.0
 76
     1
 77
     6
 78
     2
 67
     7
 79
     3
170
     0
171
     0
290
     0
174
     0
 93
        1
 44
0.0
173
     0
291
     0
 45
0.0
  0
VISUALSTYLE
  5
40
102
{ACAD_REACTORS
330
2A
102
}
102
{ACAD_XDICTIONARY
360
54F
102
}
330
2A
100
AcDbVisualStyle
  2
X-Ray
 70
    25
 71
     2
 72
     2
 73
     1
 90
        1
 40
0.5
 41
30.0
 62
     5
 63
     7
421
 16777215
 74
     1
 91
        0
 64
     7
 65
   257
 75
     1
175
     1
 42
1.0
 92
        8
 66
     7
 43
1.0
 76
     1
 77
     6
 78
     2
 67
     7
 79
     3
170
     0
171
     0
290
     0
174
     0
 93
       13
 44
0.0
173
     0
291
     0
 45
0.0
  0
DICTIONARYVAR
  5
523
102
{ACAD_REACTORS
330
522
102
}
330
522
100
DictionaryVariables
280
     0
  1
1:1
  0
DICTIONARYVAR
  5
55C
102
{ACAD_REACTORS
330
522
102
}
330
522
100
DictionaryVariables
280
     0
  1
Standard
  0
DICTIONARYVAR
  5
55B
102
{ACAD_REACTORS
330
522
102
}
330
522
100
DictionaryVariables
280
     0
  1
Standard
  0
DICTIONARYVAR
  5
524
102
{ACAD_REACTORS
330
522
102
}
330
522
100
DictionaryVariables
280
     0
  1
2
  0
DICTIONARY
  5
558
330
5C
100
AcDbDictionary
280
     1
281
     1
  3
ACAD_XREC_ROUNDTRIP
360
559
  0
DICTIONARY
  5
555
330
5A
100
AcDbDictionary
280
     1
281
     1
  3
ACAD_ROUNDTRIP_2008_TABLESTYLE_CELLSTYLEMAP
360
556
  0
DICTIONARY
  5
52D
330
2F
100
AcDbDictionary
280
     1
281
     1
  3
ACAD_XREC_ROUNDTRIP
360
52E
  0
DICTIONARY
  5
533
330
32
100
AcDbDictionary
280
     1
281
     1
  3
ACAD_XREC_ROUNDTRIP
360
534
  0
DICTIONARY
  5
53B
330
36
100
AcDbDictionary
280
     1
281
     1
  3
ACAD_XREC_ROUNDTRIP
360
53C
  0
DICTIONARY
  5
543
330
3A
100
AcDbDictionary
280
     1
281
     1
  3
ACAD_XREC_ROUNDTRIP
360
544
  0
DICTIONARY
  5
537
330
34
100
AcDbDictionary
280
     1
281
     1
  3
ACAD_XREC_ROUNDTRIP
360
538
  0
DICTIONARY
  5
539
330
35
100
AcDbDictionary
280
     1
281
     1
  3
ACAD_XREC_ROUNDTRIP
360
53A
  0
DICTIONARY
  5
549
330
3D
100
AcDbDictionary
280
     1
281
     1
  3
ACAD_XREC_ROUNDTRIP
360
54A
  0
DICTIONARY
  5
541
330
39
100
AcDbDictionary
280
     1
281
     1
  3
ACAD_XREC_ROUNDTRIP
360
542
  0
DICTIONARY
  5
525
330
2B
100
AcDbDictionary
280
     1
281
     1
  3
ACAD_XREC_ROUNDTRIP
360
526
  0
DICTIONARY
  5
527
330
2C
100
AcDbDictionary
280
     1
281
     1
  3
ACAD_XREC_ROUNDTRIP
360
528
  0
DICTIONARY
  5
529
330
2D
100
AcDbDictionary
280
     1
281
     1
  3
ACAD_XREC_ROUNDTRIP
360
52A
  0
DICTIONARY
  5
52B
330
2E
100
AcDbDictionary
280
     1
281
     1
  3
ACAD_XREC_ROUNDTRIP
360
52C
  0
DICTIONARY
  5
531
330
31
100
AcDbDictionary
280
     1
281
     1
  3
ACAD_XREC_ROUNDTRIP
360
532
  0
DICTIONARY
  5
545
330
3B
100
AcDbDictionary
280
     1
281
     1
  3
ACAD_XREC_ROUNDTRIP
360
546
  0
DICTIONARY
  5
53F
330
38
100
AcDbDictionary
280
     1
281
     1
  3
ACAD_XREC_ROUNDTRIP
360
540
  0
DICTIONARY
  5
547
330
3C
100
AcDbDictionary
280
     1
281
     1
  3
ACAD_XREC_ROUNDTRIP
360
548
  0
DICTIONARY
  5
535
330
33
100
AcDbDictionary
280
     1
281
     1
  3
ACAD_XREC_ROUNDTRIP
360
536
  0
DICTIONARY
  5
553
330
42
100
AcDbDictionary
280
     1
281
     1
  3
ACAD_XREC_ROUNDTRIP
360
554
  0
DICTIONARY
  5
551
330
41
100
AcDbDictionary
280
     1
281
     1
  3
ACAD_XREC_ROUNDTRIP
360
552
  0
DICTIONARY
  5
54B
330
3E
100
AcDbDictionary
280
     1
281
     1
  3
ACAD_XREC_ROUNDTRIP
360
54C
  0
DICTIONARY
  5
54D
330
3F
100
AcDbDictionary
280
     1
281
     1
  3
ACAD_XREC_ROUNDTRIP
360
54E
  0
DICTIONARY
  5
53D
330
37
100
AcDbDictionary
280
     1
281
     1
  3
ACAD_XREC_ROUNDTRIP
360
53E
  0
DICTIONARY
  5
52F
330
30
100
AcDbDictionary
280
     1
281
     1
  3
ACAD_XREC_ROUNDTRIP
360
530
  0
DICTIONARY
  5
54F
330
40
100
AcDbDictionary
280
     1
281
     1
  3
ACAD_XREC_ROUNDTRIP
360
550
  0
XRECORD
  5
559
102
{ACAD_REACTORS
330
558
102
}
330
558
100
AcDbXrecord
280
     1
102
ACAD_ROUNDTRIP_2010_MLEADER_STYLE
  0
CELLSTYLEMAP
  5
556
102
{ACAD_REACTORS
330
555
102
}
330
555
100
AcDbCellStyleMap
 90
        3
300
CELLSTYLE
  1
TABLEFORMAT_BEGIN
 90
        5
170
     1
 91
        0
 92
    32768
 62
   257
 93
        1
300
CONTENTFORMAT
  1
CONTENTFORMAT_BEGIN
 90
        0
 91
        0
 92
        4
 93
        0
300

 40
0.0
140
1.0
 94
        5
 62
     0
340
11
144
0.25
309
CONTENTFORMAT_END
171
     1
301
MARGIN
  1
CELLMARGIN_BEGIN
 40
0.06
 40
0.06
 40
0.06
 40
0.06
 40
0.06
 40
0.06
309
CELLMARGIN_END
 94
        6
 95
        1
302
GRIDFORMAT
  1
GRIDFORMAT_BEGIN
 90
        0
 91
        1
 62
     0
 92
       -2
340
14
 93
        0
 40
0.045
309
GRIDFORMAT_END
 95
        2
302
GRIDFORMAT
  1
GRIDFORMAT_BEGIN
 90
        0
 91
        1
 62
     0
 92
       -2
340
14
 93
        0
 40
0.045
309
GRIDFORMAT_END
 95
        4
302
GRIDFORMAT
  1
GRIDFORMAT_BEGIN
 90
        0
 91
        1
 62
     0
 92
       -2
340
14
 93
        0
 40
0.045
309
GRIDFORMAT_END
 95
        8
302
GRIDFORMAT
  1
GRIDFORMAT_BEGIN
 90
        0
 91
        1
 62
     0
 92
       -2
340
14
 93
        0
 40
0.045
309
GRIDFORMAT_END
 95
       16
302
GRIDFORMAT
  1
GRIDFORMAT_BEGIN
 90
        0
 91
        1
 62
     0
 92
       -2
340
14
 93
        0
 40
0.045
309
GRIDFORMAT_END
 95
       32
302
GRIDFORMAT
  1
GRIDFORMAT_BEGIN
 90
        0
 91
        1
 62
     0
 92
       -2
340
14
 93
        0
 40
0.045
309
GRIDFORMAT_END
309
TABLEFORMAT_END
  1
CELLSTYLE_BEGIN
 90
        1
 91
        1
300
_TITLE
309
CELLSTYLE_END
300
CELLSTYLE
  1
TABLEFORMAT_BEGIN
 90
        5
170
     1
 91
        0
 92
        0
 62
   257
 93
        1
300
CONTENTFORMAT
  1
CONTENTFORMAT_BEGIN
 90
        0
 91
        0
 92
        4
 93
        0
300

 40
0.0
140
1.0
 94
        5
 62
     0
340
11
144
0.18
309
CONTENTFORMAT_END
171
     1
301
MARGIN
  1
CELLMARGIN_BEGIN
 40
0.06
 40
0.06
 40
0.06
 40
0.06
 40
0.06
 40
0.06
309
CELLMARGIN_END
 94
        6
 95
        1
302
GRIDFORMAT
  1
GRIDFORMAT_BEGIN
 90
        0
 91
        1
 62
     0
 92
       -2
340
14
 93
        0
 40
0.045
309
GRIDFORMAT_END
 95
        2
302
GRIDFORMAT
  1
GRIDFORMAT_BEGIN
 90
        0
 91
        1
 62
     0
 92
       -2
340
14
 93
        0
 40
0.045
309
GRIDFORMAT_END
 95
        4
302
GRIDFORMAT
  1
GRIDFORMAT_BEGIN
 90
        0
 91
        1
 62
     0
 92
       -2
340
14
 93
        0
 40
0.045
309
GRIDFORMAT_END
 95
        8
302
GRIDFORMAT
  1
GRIDFORMAT_BEGIN
 90
        0
 91
        1
 62
     0
 92
       -2
340
14
 93
        0
 40
0.045
309
GRIDFORMAT_END
 95
       16
302
GRIDFORMAT
  1
GRIDFORMAT_BEGIN
 90
        0
 91
        1
 62
     0
 92
       -2
340
14
 93
        0
 40
0.045
309
GRIDFORMAT_END
 95
       32
302
GRIDFORMAT
  1
GRIDFORMAT_BEGIN
 90
        0
 91
        1
 62
     0
 92
       -2
340
14
 93
        0
 40
0.045
309
GRIDFORMAT_END
309
TABLEFORMAT_END
  1
CELLSTYLE_BEGIN
 90
        2
 91
        1
300
_HEADER
309
CELLSTYLE_END
300
CELLSTYLE
  1
TABLEFORMAT_BEGIN
 90
        5
170
     1
 91
        0
 92
        0
 62
   257
 93
        1
300
CONTENTFORMAT
  1
CONTENTFORMAT_BEGIN
 90
        0
 91
        0
 92
        4
 93
        0
300

 40
0.0
140
1.0
 94
        2
 62
     0
340
11
144
0.18
309
CONTENTFORMAT_END
171
     1
301
MARGIN
  1
CELLMARGIN_BEGIN
 40
0.06
 40
0.06
 40
0.06
 40
0.06
 40
0.06
 40
0.06
309
CELLMARGIN_END
 94
        6
 95
        1
302
GRIDFORMAT
  1
GRIDFORMAT_BEGIN
 90
        0
 91
        1
 62
     0
 92
       -2
340
14
 93
        0
 40
0.045
309
GRIDFORMAT_END
 95
        2
302
GRIDFORMAT
  1
GRIDFORMAT_BEGIN
 90
        0
 91
        1
 62
     0
 92
       -2
340
14
 93
        0
 40
0.045
309
GRIDFORMAT_END
 95
        4
302
GRIDFORMAT
  1
GRIDFORMAT_BEGIN
 90
        0
 91
        1
 62
     0
 92
       -2
340
14
 93
        0
 40
0.045
309
GRIDFORMAT_END
 95
        8
302
GRIDFORMAT
  1
GRIDFORMAT_BEGIN
 90
        0
 91
        1
 62
     0
 92
       -2
340
14
 93
        0
 40
0.045
309
GRIDFORMAT_END
 95
       16
302
GRIDFORMAT
  1
GRIDFORMAT_BEGIN
 90
        0
 91
        1
 62
     0
 92
       -2
340
14
 93
        0
 40
0.045
309
GRIDFORMAT_END
 95
       32
302
GRIDFORMAT
  1
GRIDFORMAT_BEGIN
 90
        0
 91
        1
 62
     0
 92
       -2
340
14
 93
        0
 40
0.045
309
GRIDFORMAT_END
309
TABLEFORMAT_END
  1
CELLSTYLE_BEGIN
 90
        3
 91
        2
300
_DATA
309
CELLSTYLE_END
  0
XRECORD
  5
52E
102
{ACAD_REACTORS
330
52D
102
}
330
52D
100
AcDbXrecord
280
     1
102
RTVSPropertyOp0
 70
     1
102
RTVSPropertyOp1
 70
     1
102
RTVSPropertyOp2
 70
     1
102
RTVSPropertyOp3
 70
     1
102
RTVSPropertyOp4
 70
     1
102
RTVSPropertyOp5
 70
     1
102
RTVSPropertyOp6
 70
     1
102
RTVSPropertyOp7
 70
     1
102
RTVSPropertyOp8
 70
     1
102
RTVSPropertyOp9
 70
     1
102
RTVSPropertyOp10
 70
     1
102
RTVSPropertyOp11
 70
     1
102
RTVSPropertyOp12
 70
     1
102
RTVSPropertyOp13
 70
     1
102
RTVSPropertyOp14
 70
     1
102
RTVSPropertyOp15
 70
     1
102
RTVSPropertyOp16
 70
     1
102
RTVSPropertyOp17
 70
     1
102
RTVSPropertyOp18
 70
     1
102
RTVSPropertyOp19
 70
     1
102
RTVSPropertyOp20
 70
     1
102
RTVSPropertyOp21
 70
     1
102
RTVSPropertyOp22
 70
     1
102
RTVSPropertyOp23
 70
     1
102
RTVSPropertyOp24
 70
     1
102
RTVSPropertyOp25
 70
     1
102
RTVSPropertyOp26
 70
     1
102
RTVSPropertyOp27
 70
     1
102
RTVSPropertyOp28
 70
     1
102
RTVSPropertyOp29
 70
     1
102
RTVSPropertyOp30
 70
     1
102
RTVSPropertyOp31
 70
     1
102
RTVSPropertyOp32
 70
     1
102
RTVSPropertyOp33
 70
     1
102
RTVSPropertyOp34
 70
     1
102
RTVSPropertyOp35
 70
     1
102
RTVSPropertyOp36
 70
     1
102
RTVSPropertyOp37
 70
     1
102
RTVSPropertyOp38
 70
     1
102
RTVSPropertyOp39
 70
     1
102
RTVSPropertyOp40
 70
     1
102
RTVSPropertyOp41
 70
     1
102
RTVSPropertyOp42
 70
     1
102
RTVSPropertyOp43
 70
     1
102
RTVSPropertyOp44
 70
     1
102
RTVSPropertyOp45
 70
     1
102
RTVSPropertyOp46
 70
     1
102
RTVSPropertyOp47
 70
     1
102
RTVSPropertyOp48
 70
     1
102
RTVSPropertyOp49
 70
     1
102
RTVSPropertyOp50
 70
     1
102
RTVSPropertyOp51
 70
     0
102
RTVSPropertyOp52
 70
     0
102
RTVSPropertyOp53
 70
     1
102
RTVSPropertyOp54
 70
     1
102
RTVSPropertyOp55
 70
     1
102
RTVSPropertyOp56
 70
     1
102
RTVSPropertyOp57
 70
     1
102
RTVSPost2010Prop28
280
     1
102
RTVSPost2010PropOp28
 70
     1
102
RTVSPost2010Prop29
280
     1
102
RTVSPost2010PropOp29
 70
     1
102
RTVSPost2010Prop30
280
     0
102
RTVSPost2010PropOp30
 70
     1
102
RTVSPost2010Prop31
280
     0
102
RTVSPost2010PropOp31
 70
     1
102
RTVSPost2010Prop32
280
     0
102
RTVSPost2010PropOp32
 70
     1
102
RTVSPost2010Prop33
280
     0
102
RTVSPost2010PropOp33
 70
     1
102
RTVSPost2010Prop34
280
     0
102
RTVSPost2010PropOp34
 70
     1
102
RTVSPost2010Prop35
280
     0
102
RTVSPost2010PropOp35
 70
     1
102
RTVSPost2010Prop36
280
     0
102
RTVSPost2010PropOp36
 70
     1
102
RTVSPost2010Prop37
 90
       50
102
RTVSPost2010PropOp37
 70
     1
102
RTVSPost2010Prop38
140
0.0
102
RTVSPost2010PropOp38
 70
     1
102
RTVSPost2010Prop39
140
1.0
102
RTVSPost2010PropOp39
 70
     1
102
RTVSPost2010Prop40
 90
        0
102
RTVSPost2010PropOp40
 70
     1
102
RTVSPost2010Prop41ColorIndex
 90
       18
102
RTVSPost2010Prop41ColorRGB
 90
        0
102
RTVSPost2010PropOp41
 70
     1
102
RTVSPost2010Prop42
 90
       50
102
RTVSPost2010PropOp42
 70
     1
102
RTVSPost2010Prop43
 90
        3
102
RTVSPost2010PropOp43
 70
     1
102
RTVSPost2010Prop44ColorIndex
 90
        5
102
RTVSPost2010Prop44ColorRGB
 90
      255
102
RTVSPost2010PropOp44
 70
     1
102
RTVSPost2010Prop45
280
     0
102
RTVSPost2010PropOp45
 70
     1
102
RTVSPost2010Prop46
 90
       50
102
RTVSPost2010PropOp46
 70
     1
102
RTVSPost2010Prop47
 90
       50
102
RTVSPost2010PropOp47
 70
     1
102
RTVSPost2010Prop48
 90
       50
102
RTVSPost2010PropOp48
 70
     1
102
RTVSPost2010Prop49
280
     0
102
RTVSPost2010PropOp49
 70
     1
102
RTVSPost2010Prop50
 90
       50
102
RTVSPost2010PropOp50
 70
     1
102
RTVSPost2010Prop51ColorIndex
 90
      256
102
RTVSPost2010Prop51ColorRGB
 90
-16777216
102
RTVSPost2010PropOp51
 70
     0
102
RTVSPost2010Prop52
140
1.0
102
RTVSPost2010PropOp52
 70
     0
102
RTVSPost2010Prop53
 90
        2
102
RTVSPost2010PropOp53
 70
     1
102
RTVSPost2010Prop54
  1
strokes_ogs.tif
102
RTVSPost2010PropOp54
 70
     1
102
RTVSPost2010Prop55
280
     0
102
RTVSPost2010PropOp55
 70
     1
102
RTVSPost2010Prop56
140
1.0
102
RTVSPost2010PropOp56
 70
     1
102
RTVSPost2010Prop57
140
1.0
102
RTVSPost2010PropOp57
 70
     1
  0
XRECORD
  5
534
102
{ACAD_REACTORS
330
533
102
}
330
533
100
AcDbXrecord
280
     1
102
RTVSPropertyOp0
 70
     1
102
RTVSPropertyOp1
 70
     1
102
RTVSPropertyOp2
 70
     1
102
RTVSPropertyOp3
 70
     1
102
RTVSPropertyOp4
 70
     1
102
RTVSPropertyOp5
 70
     1
102
RTVSPropertyOp6
 70
     1
102
RTVSPropertyOp7
 70
     1
102
RTVSPropertyOp8
 70
     1
102
RTVSPropertyOp9
 70
     1
102
RTVSPropertyOp10
 70
     1
102
RTVSPropertyOp11
 70
     1
102
RTVSPropertyOp12
 70
     1
102
RTVSPropertyOp13
 70
     1
102
RTVSPropertyOp14
 70
     1
102
RTVSPropertyOp15
 70
     1
102
RTVSPropertyOp16
 70
     1
102
RTVSPropertyOp17
 70
     1
102
RTVSPropertyOp18
 70
     1
102
RTVSPropertyOp19
 70
     1
102
RTVSPropertyOp20
 70
     1
102
RTVSPropertyOp21
 70
     1
102
RTVSPropertyOp22
 70
     1
102
RTVSPropertyOp23
 70
     1
102
RTVSPropertyOp24
 70
     1
102
RTVSPropertyOp25
 70
     1
102
RTVSPropertyOp26
 70
     1
102
RTVSPropertyOp27
 70
     1
102
RTVSPropertyOp28
 70
     1
102
RTVSPropertyOp29
 70
     1
102
RTVSPropertyOp30
 70
     1
102
RTVSPropertyOp31
 70
     1
102
RTVSPropertyOp32
 70
     1
102
RTVSPropertyOp33
 70
     1
102
RTVSPropertyOp34
 70
     1
102
RTVSPropertyOp35
 70
     1
102
RTVSPropertyOp36
 70
     1
102
RTVSPropertyOp37
 70
     1
102
RTVSPropertyOp38
 70
     1
102
RTVSPropertyOp39
 70
     1
102
RTVSPropertyOp40
 70
     1
102
RTVSPropertyOp41
 70
     1
102
RTVSPropertyOp42
 70
     1
102
RTVSPropertyOp43
 70
     1
102
RTVSPropertyOp44
 70
     1
102
RTVSPropertyOp45
 70
     1
102
RTVSPropertyOp46
 70
     1
102
RTVSPropertyOp47
 70
     1
102
RTVSPropertyOp48
 70
     1
102
RTVSPropertyOp49
 70
     1
102
RTVSPropertyOp50
 70
     1
102
RTVSPropertyOp51
 70
     0
102
RTVSPropertyOp52
 70
     0
102
RTVSPropertyOp53
 70
     1
102
RTVSPropertyOp54
 70
     1
102
RTVSPropertyOp55
 70
     1
102
RTVSPropertyOp56
 70
     1
102
RTVSPropertyOp57
 70
     1
102
RTVSPost2010Prop28
280
     0
102
RTVSPost2010PropOp28
 70
     1
102
RTVSPost2010Prop29
280
     1
102
RTVSPost2010PropOp29
 70
     1
102
RTVSPost2010Prop30
280
     1
102
RTVSPost2010PropOp30
 70
     1
102
RTVSPost2010Prop31
280
     0
102
RTVSPost2010PropOp31
 70
     1
102
RTVSPost2010Prop32
280
     0
102
RTVSPost2010PropOp32
 70
     1
102
RTVSPost2010Prop33
280
     0
102
RTVSPost2010PropOp33
 70
     1
102
RTVSPost2010Prop34
280
     0
102
RTVSPost2010PropOp34
 70
     1
102
RTVSPost2010Prop35
280
     0
102
RTVSPost2010PropOp35
 70
     1
102
RTVSPost2010Prop36
280
     0
102
RTVSPost2010PropOp36
 70
     1
102
RTVSPost2010Prop37
 90
       50
102
RTVSPost2010PropOp37
 70
     1
102
RTVSPost2010Prop38
140
0.0
102
RTVSPost2010PropOp38
 70
     1
102
RTVSPost2010Prop39
140
1.0
102
RTVSPost2010PropOp39
 70
     1
102
RTVSPost2010Prop40
 90
        0
102
RTVSPost2010PropOp40
 70
     1
102
RTVSPost2010Prop41ColorIndex
 90
       18
102
RTVSPost2010Prop41ColorRGB
 90
        0
102
RTVSPost2010PropOp41
 70
     1
102
RTVSPost2010Prop42
 90
       50
102
RTVSPost2010PropOp42
 70
     1
102
RTVSPost2010Prop43
 90
        3
102
RTVSPost2010PropOp43
 70
     1
102
RTVSPost2010Prop44ColorIndex
 90
        5
102
RTVSPost2010Prop44ColorRGB
 90
      255
102
RTVSPost2010PropOp44
 70
     1
102
RTVSPost2010Prop45
280
     0
102
RTVSPost2010PropOp45
 70
     1
102
RTVSPost2010Prop46
 90
       50
102
RTVSPost2010PropOp46
 70
     1
102
RTVSPost2010Prop47
 90
       50
102
RTVSPost2010PropOp47
 70
     1
102
RTVSPost2010Prop48
 90
       50
102
RTVSPost2010PropOp48
 70
     1
102
RTVSPost2010Prop49
280
     0
102
RTVSPost2010PropOp49
 70
     1
102
RTVSPost2010Prop50
 90
       50
102
RTVSPost2010PropOp50
 70
     1
102
RTVSPost2010Prop51ColorIndex
 90
      256
102
RTVSPost2010Prop51ColorRGB
 90
-16777216
102
RTVSPost2010PropOp51
 70
     0
102
RTVSPost2010Prop52
140
1.0
102
RTVSPost2010PropOp52
 70
     0
102
RTVSPost2010Prop53
 90
        2
102
RTVSPost2010PropOp53
 70
     1
102
RTVSPost2010Prop54
  1
strokes_ogs.tif
102
RTVSPost2010PropOp54
 70
     1
102
RTVSPost2010Prop55
280
     0
102
RTVSPost2010PropOp55
 70
     1
102
RTVSPost2010Prop56
140
1.0
102
RTVSPost2010PropOp56
 70
     1
102
RTVSPost2010Prop57
140
1.0
102
RTVSPost2010PropOp57
 70
     1
  0
XRECORD
  5
53C
102
{ACAD_REACTORS
330
53B
102
}
330
53B
100
AcDbXrecord
280
     1
102
RTVSPropertyOp0
 70
     1
102
RTVSPropertyOp1
 70
     1
102
RTVSPropertyOp2
 70
     1
102
RTVSPropertyOp3
 70
     1
102
RTVSPropertyOp4
 70
     1
102
RTVSPropertyOp5
 70
     1
102
RTVSPropertyOp6
 70
     1
102
RTVSPropertyOp7
 70
     1
102
RTVSPropertyOp8
 70
     1
102
RTVSPropertyOp9
 70
     1
102
RTVSPropertyOp10
 70
     1
102
RTVSPropertyOp11
 70
     1
102
RTVSPropertyOp12
 70
     1
102
RTVSPropertyOp13
 70
     1
102
RTVSPropertyOp14
 70
     1
102
RTVSPropertyOp15
 70
     1
102
RTVSPropertyOp16
 70
     1
102
RTVSPropertyOp17
 70
     1
102
RTVSPropertyOp18
 70
     1
102
RTVSPropertyOp19
 70
     1
102
RTVSPropertyOp20
 70
     1
102
RTVSPropertyOp21
 70
     1
102
RTVSPropertyOp22
 70
     1
102
RTVSPropertyOp23
 70
     1
102
RTVSPropertyOp24
 70
     1
102
RTVSPropertyOp25
 70
     1
102
RTVSPropertyOp26
 70
     1
102
RTVSPropertyOp27
 70
     1
102
RTVSPropertyOp28
 70
     1
102
RTVSPropertyOp29
 70
     1
102
RTVSPropertyOp30
 70
     1
102
RTVSPropertyOp31
 70
     1
102
RTVSPropertyOp32
 70
     1
102
RTVSPropertyOp33
 70
     1
102
RTVSPropertyOp34
 70
     1
102
RTVSPropertyOp35
 70
     1
102
RTVSPropertyOp36
 70
     1
102
RTVSPropertyOp37
 70
     1
102
RTVSPropertyOp38
 70
     1
102
RTVSPropertyOp39
 70
     1
102
RTVSPropertyOp40
 70
     1
102
RTVSPropertyOp41
 70
     1
102
RTVSPropertyOp42
 70
     1
102
RTVSPropertyOp43
 70
     1
102
RTVSPropertyOp44
 70
     1
102
RTVSPropertyOp45
 70
     1
102
RTVSPropertyOp46
 70
     1
102
RTVSPropertyOp47
 70
     1
102
RTVSPropertyOp48
 70
     1
102
RTVSPropertyOp49
 70
     1
102
RTVSPropertyOp50
 70
     1
102
RTVSPropertyOp51
 70
     0
102
RTVSPropertyOp52
 70
     0
102
RTVSPropertyOp53
 70
     1
102
RTVSPropertyOp54
 70
     1
102
RTVSPropertyOp55
 70
     1
102
RTVSPropertyOp56
 70
     1
102
RTVSPropertyOp57
 70
     1
102
RTVSPost2010Prop28
280
     0
102
RTVSPost2010PropOp28
 70
     1
102
RTVSPost2010Prop29
280
     1
102
RTVSPost2010PropOp29
 70
     1
102
RTVSPost2010Prop30
280
     1
102
RTVSPost2010PropOp30
 70
     1
102
RTVSPost2010Prop31
280
     0
102
RTVSPost2010PropOp31
 70
     1
102
RTVSPost2010Prop32
280
     0
102
RTVSPost2010PropOp32
 70
     1
102
RTVSPost2010Prop33
280
     0
102
RTVSPost2010PropOp33
 70
     1
102
RTVSPost2010Prop34
280
     0
102
RTVSPost2010PropOp34
 70
     1
102
RTVSPost2010Prop35
280
     0
102
RTVSPost2010PropOp35
 70
     1
102
RTVSPost2010Prop36
280
     0
102
RTVSPost2010PropOp36
 70
     1
102
RTVSPost2010Prop37
 90
       50
102
RTVSPost2010PropOp37
 70
     1
102
RTVSPost2010Prop38
140
0.0
102
RTVSPost2010PropOp38
 70
     1
102
RTVSPost2010Prop39
140
1.0
102
RTVSPost2010PropOp39
 70
     1
102
RTVSPost2010Prop40
 90
        0
102
RTVSPost2010PropOp40
 70
     1
102
RTVSPost2010Prop41ColorIndex
 90
       18
102
RTVSPost2010Prop41ColorRGB
 90
        0
102
RTVSPost2010PropOp41
 70
     1
102
RTVSPost2010Prop42
 90
       50
102
RTVSPost2010PropOp42
 70
     1
102
RTVSPost2010Prop43
 90
        3
102
RTVSPost2010PropOp43
 70
     1
102
RTVSPost2010Prop44ColorIndex
 90
        5
102
RTVSPost2010Prop44ColorRGB
 90
      255
102
RTVSPost2010PropOp44
 70
     1
102
RTVSPost2010Prop45
280
     0
102
RTVSPost2010PropOp45
 70
     1
102
RTVSPost2010Prop46
 90
       50
102
RTVSPost2010PropOp46
 70
     1
102
RTVSPost2010Prop47
 90
       50
102
RTVSPost2010PropOp47
 70
     1
102
RTVSPost2010Prop48
 90
       50
102
RTVSPost2010PropOp48
 70
     1
102
RTVSPost2010Prop49
280
     0
102
RTVSPost2010PropOp49
 70
     1
102
RTVSPost2010Prop50
 90
       50
102
RTVSPost2010PropOp50
 70
     1
102
RTVSPost2010Prop51ColorIndex
 90
      256
102
RTVSPost2010Prop51ColorRGB
 90
-16777216
102
RTVSPost2010PropOp51
 70
     0
102
RTVSPost2010Prop52
140
1.0
102
RTVSPost2010PropOp52
 70
     0
102
RTVSPost2010Prop53
 90
        2
102
RTVSPost2010PropOp53
 70
     1
102
RTVSPost2010Prop54
  1
strokes_ogs.tif
102
RTVSPost2010PropOp54
 70
     1
102
RTVSPost2010Prop55
280
     0
102
RTVSPost2010PropOp55
 70
     1
102
RTVSPost2010Prop56
140
1.0
102
RTVSPost2010PropOp56
 70
     1
102
RTVSPost2010Prop57
140
1.0
102
RTVSPost2010PropOp57
 70
     1
  0
XRECORD
  5
544
102
{ACAD_REACTORS
330
543
102
}
330
543
100
AcDbXrecord
280
     1
102
RTVSPropertyOp0
 70
     1
102
RTVSPropertyOp1
 70
     1
102
RTVSPropertyOp2
 70
     1
102
RTVSPropertyOp3
 70
     1
102
RTVSPropertyOp4
 70
     1
102
RTVSPropertyOp5
 70
     1
102
RTVSPropertyOp6
 70
     1
102
RTVSPropertyOp7
 70
     1
102
RTVSPropertyOp8
 70
     1
102
RTVSPropertyOp9
 70
     1
102
RTVSPropertyOp10
 70
     1
102
RTVSPropertyOp11
 70
     1
102
RTVSPropertyOp12
 70
     1
102
RTVSPropertyOp13
 70
     1
102
RTVSPropertyOp14
 70
     1
102
RTVSPropertyOp15
 70
     1
102
RTVSPropertyOp16
 70
     1
102
RTVSPropertyOp17
 70
     1
102
RTVSPropertyOp18
 70
     1
102
RTVSPropertyOp19
 70
     1
102
RTVSPropertyOp20
 70
     1
102
RTVSPropertyOp21
 70
     1
102
RTVSPropertyOp22
 70
     1
102
RTVSPropertyOp23
 70
     1
102
RTVSPropertyOp24
 70
     1
102
RTVSPropertyOp25
 70
     1
102
RTVSPropertyOp26
 70
     1
102
RTVSPropertyOp27
 70
     1
102
RTVSPropertyOp28
 70
     1
102
RTVSPropertyOp29
 70
     1
102
RTVSPropertyOp30
 70
     1
102
RTVSPropertyOp31
 70
     1
102
RTVSPropertyOp32
 70
     1
102
RTVSPropertyOp33
 70
     1
102
RTVSPropertyOp34
 70
     1
102
RTVSPropertyOp35
 70
     1
102
RTVSPropertyOp36
 70
     1
102
RTVSPropertyOp37
 70
     1
102
RTVSPropertyOp38
 70
     1
102
RTVSPropertyOp39
 70
     1
102
RTVSPropertyOp40
 70
     1
102
RTVSPropertyOp41
 70
     1
102
RTVSPropertyOp42
 70
     1
102
RTVSPropertyOp43
 70
     1
102
RTVSPropertyOp44
 70
     1
102
RTVSPropertyOp45
 70
     1
102
RTVSPropertyOp46
 70
     1
102
RTVSPropertyOp47
 70
     1
102
RTVSPropertyOp48
 70
     1
102
RTVSPropertyOp49
 70
     1
102
RTVSPropertyOp50
 70
     1
102
RTVSPropertyOp51
 70
     0
102
RTVSPropertyOp52
 70
     0
102
RTVSPropertyOp53
 70
     1
102
RTVSPropertyOp54
 70
     1
102
RTVSPropertyOp55
 70
     1
102
RTVSPropertyOp56
 70
     1
102
RTVSPropertyOp57
 70
     1
102
RTVSPost2010Prop28
280
     0
102
RTVSPost2010PropOp28
 70
     1
102
RTVSPost2010Prop29
280
     1
102
RTVSPost2010PropOp29
 70
     1
102
RTVSPost2010Prop30
280
     1
102
RTVSPost2010PropOp30
 70
     1
102
RTVSPost2010Prop31
280
     0
102
RTVSPost2010PropOp31
 70
     1
102
RTVSPost2010Prop32
280
     0
102
RTVSPost2010PropOp32
 70
     1
102
RTVSPost2010Prop33
280
     0
102
RTVSPost2010PropOp33
 70
     1
102
RTVSPost2010Prop34
280
     0
102
RTVSPost2010PropOp34
 70
     1
102
RTVSPost2010Prop35
280
     0
102
RTVSPost2010PropOp35
 70
     1
102
RTVSPost2010Prop36
280
     0
102
RTVSPost2010PropOp36
 70
     1
102
RTVSPost2010Prop37
 90
       50
102
RTVSPost2010PropOp37
 70
     1
102
RTVSPost2010Prop38
140
0.0
102
RTVSPost2010PropOp38
 70
     1
102
RTVSPost2010Prop39
140
1.0
102
RTVSPost2010PropOp39
 70
     1
102
RTVSPost2010Prop40
 90
        0
102
RTVSPost2010PropOp40
 70
     1
102
RTVSPost2010Prop41ColorIndex
 90
       18
102
RTVSPost2010Prop41ColorRGB
 90
        0
102
RTVSPost2010PropOp41
 70
     1
102
RTVSPost2010Prop42
 90
       50
102
RTVSPost2010PropOp42
 70
     1
102
RTVSPost2010Prop43
 90
        3
102
RTVSPost2010PropOp43
 70
     1
102
RTVSPost2010Prop44ColorIndex
 90
        5
102
RTVSPost2010Prop44ColorRGB
 90
      255
102
RTVSPost2010PropOp44
 70
     1
102
RTVSPost2010Prop45
280
     0
102
RTVSPost2010PropOp45
 70
     1
102
RTVSPost2010Prop46
 90
       50
102
RTVSPost2010PropOp46
 70
     1
102
RTVSPost2010Prop47
 90
       50
102
RTVSPost2010PropOp47
 70
     1
102
RTVSPost2010Prop48
 90
       50
102
RTVSPost2010PropOp48
 70
     1
102
RTVSPost2010Prop49
280
     0
102
RTVSPost2010PropOp49
 70
     1
102
RTVSPost2010Prop50
 90
       50
102
RTVSPost2010PropOp50
 70
     1
102
RTVSPost2010Prop51ColorIndex
 90
      256
102
RTVSPost2010Prop51ColorRGB
 90
-16777216
102
RTVSPost2010PropOp51
 70
     0
102
RTVSPost2010Prop52
140
1.0
102
RTVSPost2010PropOp52
 70
     0
102
RTVSPost2010Prop53
 90
        2
102
RTVSPost2010PropOp53
 70
     1
102
RTVSPost2010Prop54
  1
strokes_ogs.tif
102
RTVSPost2010PropOp54
 70
     1
102
RTVSPost2010Prop55
280
     0
102
RTVSPost2010PropOp55
 70
     1
102
RTVSPost2010Prop56
140
1.0
102
RTVSPost2010PropOp56
 70
     1
102
RTVSPost2010Prop57
140
1.0
102
RTVSPost2010PropOp57
 70
     1
  0
XRECORD
  5
538
102
{ACAD_REACTORS
330
537
102
}
330
537
100
AcDbXrecord
280
     1
102
RTVSPropertyOp0
 70
     1
102
RTVSPropertyOp1
 70
     1
102
RTVSPropertyOp2
 70
     1
102
RTVSPropertyOp3
 70
     1
102
RTVSPropertyOp4
 70
     1
102
RTVSPropertyOp5
 70
     1
102
RTVSPropertyOp6
 70
     1
102
RTVSPropertyOp7
 70
     1
102
RTVSPropertyOp8
 70
     1
102
RTVSPropertyOp9
 70
     1
102
RTVSPropertyOp10
 70
     1
102
RTVSPropertyOp11
 70
     1
102
RTVSPropertyOp12
 70
     1
102
RTVSPropertyOp13
 70
     1
102
RTVSPropertyOp14
 70
     1
102
RTVSPropertyOp15
 70
     1
102
RTVSPropertyOp16
 70
     1
102
RTVSPropertyOp17
 70
     1
102
RTVSPropertyOp18
 70
     1
102
RTVSPropertyOp19
 70
     1
102
RTVSPropertyOp20
 70
     1
102
RTVSPropertyOp21
 70
     1
102
RTVSPropertyOp22
 70
     1
102
RTVSPropertyOp23
 70
     1
102
RTVSPropertyOp24
 70
     1
102
RTVSPropertyOp25
 70
     1
102
RTVSPropertyOp26
 70
     1
102
RTVSPropertyOp27
 70
     1
102
RTVSPropertyOp28
 70
     1
102
RTVSPropertyOp29
 70
     1
102
RTVSPropertyOp30
 70
     1
102
RTVSPropertyOp31
 70
     1
102
RTVSPropertyOp32
 70
     1
102
RTVSPropertyOp33
 70
     1
102
RTVSPropertyOp34
 70
     1
102
RTVSPropertyOp35
 70
     1
102
RTVSPropertyOp36
 70
     1
102
RTVSPropertyOp37
 70
     1
102
RTVSPropertyOp38
 70
     1
102
RTVSPropertyOp39
 70
     1
102
RTVSPropertyOp40
 70
     1
102
RTVSPropertyOp41
 70
     1
102
RTVSPropertyOp42
 70
     1
102
RTVSPropertyOp43
 70
     1
102
RTVSPropertyOp44
 70
     1
102
RTVSPropertyOp45
 70
     1
102
RTVSPropertyOp46
 70
     1
102
RTVSPropertyOp47
 70
     1
102
RTVSPropertyOp48
 70
     1
102
RTVSPropertyOp49
 70
     1
102
RTVSPropertyOp50
 70
     1
102
RTVSPropertyOp51
 70
     0
102
RTVSPropertyOp52
 70
     0
102
RTVSPropertyOp53
 70
     1
102
RTVSPropertyOp54
 70
     1
102
RTVSPropertyOp55
 70
     1
102
RTVSPropertyOp56
 70
     1
102
RTVSPropertyOp57
 70
     1
102
RTVSPost2010Prop28
280
     0
102
RTVSPost2010PropOp28
 70
     1
102
RTVSPost2010Prop29
280
     1
102
RTVSPost2010PropOp29
 70
     1
102
RTVSPost2010Prop30
280
     1
102
RTVSPost2010PropOp30
 70
     1
102
RTVSPost2010Prop31
280
     0
102
RTVSPost2010PropOp31
 70
     1
102
RTVSPost2010Prop32
280
     0
102
RTVSPost2010PropOp32
 70
     1
102
RTVSPost2010Prop33
280
     0
102
RTVSPost2010PropOp33
 70
     1
102
RTVSPost2010Prop34
280
     0
102
RTVSPost2010PropOp34
 70
     1
102
RTVSPost2010Prop35
280
     0
102
RTVSPost2010PropOp35
 70
     1
102
RTVSPost2010Prop36
280
     0
102
RTVSPost2010PropOp36
 70
     1
102
RTVSPost2010Prop37
 90
       50
102
RTVSPost2010PropOp37
 70
     1
102
RTVSPost2010Prop38
140
0.0
102
RTVSPost2010PropOp38
 70
     1
102
RTVSPost2010Prop39
140
1.0
102
RTVSPost2010PropOp39
 70
     1
102
RTVSPost2010Prop40
 90
        0
102
RTVSPost2010PropOp40
 70
     1
102
RTVSPost2010Prop41ColorIndex
 90
       18
102
RTVSPost2010Prop41ColorRGB
 90
        0
102
RTVSPost2010PropOp41
 70
     1
102
RTVSPost2010Prop42
 90
       50
102
RTVSPost2010PropOp42
 70
     1
102
RTVSPost2010Prop43
 90
        3
102
RTVSPost2010PropOp43
 70
     1
102
RTVSPost2010Prop44ColorIndex
 90
        5
102
RTVSPost2010Prop44ColorRGB
 90
      255
102
RTVSPost2010PropOp44
 70
     1
102
RTVSPost2010Prop45
280
     0
102
RTVSPost2010PropOp45
 70
     1
102
RTVSPost2010Prop46
 90
       50
102
RTVSPost2010PropOp46
 70
     1
102
RTVSPost2010Prop47
 90
       50
102
RTVSPost2010PropOp47
 70
     1
102
RTVSPost2010Prop48
 90
       50
102
RTVSPost2010PropOp48
 70
     1
102
RTVSPost2010Prop49
280
     0
102
RTVSPost2010PropOp49
 70
     1
102
RTVSPost2010Prop50
 90
       50
102
RTVSPost2010PropOp50
 70
     1
102
RTVSPost2010Prop51ColorIndex
 90
      256
102
RTVSPost2010Prop51ColorRGB
 90
-16777216
102
RTVSPost2010PropOp51
 70
     0
102
RTVSPost2010Prop52
140
1.0
102
RTVSPost2010PropOp52
 70
     0
102
RTVSPost2010Prop53
 90
        2
102
RTVSPost2010PropOp53
 70
     1
102
RTVSPost2010Prop54
  1
strokes_ogs.tif
102
RTVSPost2010PropOp54
 70
     1
102
RTVSPost2010Prop55
280
     0
102
RTVSPost2010PropOp55
 70
     1
102
RTVSPost2010Prop56
140
1.0
102
RTVSPost2010PropOp56
 70
     1
102
RTVSPost2010Prop57
140
1.0
102
RTVSPost2010PropOp57
 70
     1
  0
XRECORD
  5
53A
102
{ACAD_REACTORS
330
539
102
}
330
539
100
AcDbXrecord
280
     1
102
RTVSPropertyOp0
 70
     1
102
RTVSPropertyOp1
 70
     1
102
RTVSPropertyOp2
 70
     1
102
RTVSPropertyOp3
 70
     1
102
RTVSPropertyOp4
 70
     1
102
RTVSPropertyOp5
 70
     1
102
RTVSPropertyOp6
 70
     1
102
RTVSPropertyOp7
 70
     1
102
RTVSPropertyOp8
 70
     1
102
RTVSPropertyOp9
 70
     1
102
RTVSPropertyOp10
 70
     1
102
RTVSPropertyOp11
 70
     1
102
RTVSPropertyOp12
 70
     1
102
RTVSPropertyOp13
 70
     1
102
RTVSPropertyOp14
 70
     1
102
RTVSPropertyOp15
 70
     1
102
RTVSPropertyOp16
 70
     1
102
RTVSPropertyOp17
 70
     1
102
RTVSPropertyOp18
 70
     1
102
RTVSPropertyOp19
 70
     1
102
RTVSPropertyOp20
 70
     1
102
RTVSPropertyOp21
 70
     1
102
RTVSPropertyOp22
 70
     1
102
RTVSPropertyOp23
 70
     1
102
RTVSPropertyOp24
 70
     1
102
RTVSPropertyOp25
 70
     1
102
RTVSPropertyOp26
 70
     1
102
RTVSPropertyOp27
 70
     1
102
RTVSPropertyOp28
 70
     1
102
RTVSPropertyOp29
 70
     1
102
RTVSPropertyOp30
 70
     1
102
RTVSPropertyOp31
 70
     1
102
RTVSPropertyOp32
 70
     1
102
RTVSPropertyOp33
 70
     1
102
RTVSPropertyOp34
 70
     1
102
RTVSPropertyOp35
 70
     1
102
RTVSPropertyOp36
 70
     1
102
RTVSPropertyOp37
 70
     1
102
RTVSPropertyOp38
 70
     1
102
RTVSPropertyOp39
 70
     1
102
RTVSPropertyOp40
 70
     1
102
RTVSPropertyOp41
 70
     1
102
RTVSPropertyOp42
 70
     1
102
RTVSPropertyOp43
 70
     1
102
RTVSPropertyOp44
 70
     1
102
RTVSPropertyOp45
 70
     1
102
RTVSPropertyOp46
 70
     1
102
RTVSPropertyOp47
 70
     1
102
RTVSPropertyOp48
 70
     1
102
RTVSPropertyOp49
 70
     1
102
RTVSPropertyOp50
 70
     1
102
RTVSPropertyOp51
 70
     0
102
RTVSPropertyOp52
 70
     0
102
RTVSPropertyOp53
 70
     1
102
RTVSPropertyOp54
 70
     1
102
RTVSPropertyOp55
 70
     1
102
RTVSPropertyOp56
 70
     1
102
RTVSPropertyOp57
 70
     1
102
RTVSPost2010Prop28
280
     0
102
RTVSPost2010PropOp28
 70
     1
102
RTVSPost2010Prop29
280
     1
102
RTVSPost2010PropOp29
 70
     1
102
RTVSPost2010Prop30
280
     1
102
RTVSPost2010PropOp30
 70
     1
102
RTVSPost2010Prop31
280
     0
102
RTVSPost2010PropOp31
 70
     1
102
RTVSPost2010Prop32
280
     0
102
RTVSPost2010PropOp32
 70
     1
102
RTVSPost2010Prop33
280
     0
102
RTVSPost2010PropOp33
 70
     1
102
RTVSPost2010Prop34
280
     0
102
RTVSPost2010PropOp34
 70
     1
102
RTVSPost2010Prop35
280
     0
102
RTVSPost2010PropOp35
 70
     1
102
RTVSPost2010Prop36
280
     0
102
RTVSPost2010PropOp36
 70
     1
102
RTVSPost2010Prop37
 90
       50
102
RTVSPost2010PropOp37
 70
     1
102
RTVSPost2010Prop38
140
0.0
102
RTVSPost2010PropOp38
 70
     1
102
RTVSPost2010Prop39
140
1.0
102
RTVSPost2010PropOp39
 70
     1
102
RTVSPost2010Prop40
 90
        0
102
RTVSPost2010PropOp40
 70
     1
102
RTVSPost2010Prop41ColorIndex
 90
       18
102
RTVSPost2010Prop41ColorRGB
 90
        0
102
RTVSPost2010PropOp41
 70
     1
102
RTVSPost2010Prop42
 90
       50
102
RTVSPost2010PropOp42
 70
     1
102
RTVSPost2010Prop43
 90
        3
102
RTVSPost2010PropOp43
 70
     1
102
RTVSPost2010Prop44ColorIndex
 90
        5
102
RTVSPost2010Prop44ColorRGB
 90
      255
102
RTVSPost2010PropOp44
 70
     1
102
RTVSPost2010Prop45
280
     0
102
RTVSPost2010PropOp45
 70
     1
102
RTVSPost2010Prop46
 90
       50
102
RTVSPost2010PropOp46
 70
     1
102
RTVSPost2010Prop47
 90
       50
102
RTVSPost2010PropOp47
 70
     1
102
RTVSPost2010Prop48
 90
       50
102
RTVSPost2010PropOp48
 70
     1
102
RTVSPost2010Prop49
280
     0
102
RTVSPost2010PropOp49
 70
     1
102
RTVSPost2010Prop50
 90
       50
102
RTVSPost2010PropOp50
 70
     1
102
RTVSPost2010Prop51ColorIndex
 90
      256
102
RTVSPost2010Prop51ColorRGB
 90
-16777216
102
RTVSPost2010PropOp51
 70
     0
102
RTVSPost2010Prop52
140
1.0
102
RTVSPost2010PropOp52
 70
     0
102
RTVSPost2010Prop53
 90
        2
102
RTVSPost2010PropOp53
 70
     1
102
RTVSPost2010Prop54
  1
strokes_ogs.tif
102
RTVSPost2010PropOp54
 70
     1
102
RTVSPost2010Prop55
280
     0
102
RTVSPost2010PropOp55
 70
     1
102
RTVSPost2010Prop56
140
1.0
102
RTVSPost2010PropOp56
 70
     1
102
RTVSPost2010Prop57
140
1.0
102
RTVSPost2010PropOp57
 70
     1
  0
XRECORD
  5
54A
102
{ACAD_REACTORS
330
549
102
}
330
549
100
AcDbXrecord
280
     1
102
RTVSPropertyOp0
 70
     0
102
RTVSPropertyOp1
 70
     0
102
RTVSPropertyOp2
 70
     0
102
RTVSPropertyOp3
 70
     0
102
RTVSPropertyOp4
 70
     0
102
RTVSPropertyOp5
 70
     0
102
RTVSPropertyOp6
 70
     0
102
RTVSPropertyOp7
 70
     0
102
RTVSPropertyOp8
 70
     0
102
RTVSPropertyOp9
 70
     0
102
RTVSPropertyOp10
 70
     0
102
RTVSPropertyOp11
 70
     0
102
RTVSPropertyOp12
 70
     0
102
RTVSPropertyOp13
 70
     0
102
RTVSPropertyOp14
 70
     2
102
RTVSPropertyOp15
 70
     0
102
RTVSPropertyOp16
 70
     0
102
RTVSPropertyOp17
 70
     0
102
RTVSPropertyOp18
 70
     0
102
RTVSPropertyOp19
 70
     0
102
RTVSPropertyOp20
 70
     0
102
RTVSPropertyOp21
 70
     0
102
RTVSPropertyOp22
 70
     0
102
RTVSPropertyOp23
 70
     0
102
RTVSPropertyOp24
 70
     0
102
RTVSPropertyOp25
 70
     0
102
RTVSPropertyOp26
 70
     0
102
RTVSPropertyOp27
 70
     0
102
RTVSPropertyOp28
 70
     0
102
RTVSPropertyOp29
 70
     0
102
RTVSPropertyOp30
 70
     0
102
RTVSPropertyOp31
 70
     0
102
RTVSPropertyOp32
 70
     0
102
RTVSPropertyOp33
 70
     0
102
RTVSPropertyOp34
 70
     0
102
RTVSPropertyOp35
 70
     0
102
RTVSPropertyOp36
 70
     0
102
RTVSPropertyOp37
 70
     0
102
RTVSPropertyOp38
 70
     0
102
RTVSPropertyOp39
 70
     0
102
RTVSPropertyOp40
 70
     0
102
RTVSPropertyOp41
 70
     0
102
RTVSPropertyOp42
 70
     0
102
RTVSPropertyOp43
 70
     0
102
RTVSPropertyOp44
 70
     0
102
RTVSPropertyOp45
 70
     0
102
RTVSPropertyOp46
 70
     0
102
RTVSPropertyOp47
 70
     0
102
RTVSPropertyOp48
 70
     0
102
RTVSPropertyOp49
 70
     0
102
RTVSPropertyOp50
 70
     0
102
RTVSPropertyOp51
 70
     0
102
RTVSPropertyOp52
 70
     0
102
RTVSPropertyOp53
 70
     0
102
RTVSPropertyOp54
 70
     0
102
RTVSPropertyOp55
 70
     0
102
RTVSPropertyOp56
 70
     0
102
RTVSPropertyOp57
 70
     0
102
RTVSPost2010Prop28
280
     0
102
RTVSPost2010PropOp28
 70
     0
102
RTVSPost2010Prop29
280
     1
102
RTVSPost2010PropOp29
 70
     0
102
RTVSPost2010Prop30
280
     1
102
RTVSPost2010PropOp30
 70
     0
102
RTVSPost2010Prop31
280
     0
102
RTVSPost2010PropOp31
 70
     0
102
RTVSPost2010Prop32
280
     0
102
RTVSPost2010PropOp32
 70
     0
102
RTVSPost2010Prop33
280
     0
102
RTVSPost2010PropOp33
 70
     0
102
RTVSPost2010Prop34
280
     0
102
RTVSPost2010PropOp34
 70
     0
102
RTVSPost2010Prop35
280
     0
102
RTVSPost2010PropOp35
 70
     0
102
RTVSPost2010Prop36
280
     0
102
RTVSPost2010PropOp36
 70
     0
102
RTVSPost2010Prop37
 90
       50
102
RTVSPost2010PropOp37
 70
     0
102
RTVSPost2010Prop38
140
0.0
102
RTVSPost2010PropOp38
 70
     0
102
RTVSPost2010Prop39
140
1.0
102
RTVSPost2010PropOp39
 70
     0
102
RTVSPost2010Prop40
 90
        0
102
RTVSPost2010PropOp40
 70
     0
102
RTVSPost2010Prop41ColorIndex
 90
       18
102
RTVSPost2010Prop41ColorRGB
 90
        0
102
RTVSPost2010PropOp41
 70
     0
102
RTVSPost2010Prop42
 90
       50
102
RTVSPost2010PropOp42
 70
     0
102
RTVSPost2010Prop43
 90
        3
102
RTVSPost2010PropOp43
 70
     0
102
RTVSPost2010Prop44ColorIndex
 90
        5
102
RTVSPost2010Prop44ColorRGB
 90
      255
102
RTVSPost2010PropOp44
 70
     0
102
RTVSPost2010Prop45
280
     0
102
RTVSPost2010PropOp45
 70
     0
102
RTVSPost2010Prop46
 90
       50
102
RTVSPost2010PropOp46
 70
     0
102
RTVSPost2010Prop47
 90
       50
102
RTVSPost2010PropOp47
 70
     0
102
RTVSPost2010Prop48
 90
       50
102
RTVSPost2010PropOp48
 70
     0
102
RTVSPost2010Prop49
280
     0
102
RTVSPost2010PropOp49
 70
     0
102
RTVSPost2010Prop50
 90
       50
102
RTVSPost2010PropOp50
 70
     0
102
RTVSPost2010Prop51ColorIndex
 90
      256
102
RTVSPost2010Prop51ColorRGB
 90
-16777216
102
RTVSPost2010PropOp51
 70
     0
102
RTVSPost2010Prop52
140
1.0
102
RTVSPost2010PropOp52
 70
     0
102
RTVSPost2010Prop53
 90
        2
102
RTVSPost2010PropOp53
 70
     0
102
RTVSPost2010Prop54
  1
strokes_ogs.tif
102
RTVSPost2010PropOp54
 70
     0
102
RTVSPost2010Prop55
280
     0
102
RTVSPost2010PropOp55
 70
     0
102
RTVSPost2010Prop56
140
1.0
102
RTVSPost2010PropOp56
 70
     0
102
RTVSPost2010Prop57
140
1.0
102
RTVSPost2010PropOp57
 70
     0
  0
XRECORD
  5
542
102
{ACAD_REACTORS
330
541
102
}
330
541
100
AcDbXrecord
280
     1
102
RTVSPropertyOp0
 70
     1
102
RTVSPropertyOp1
 70
     1
102
RTVSPropertyOp2
 70
     1
102
RTVSPropertyOp3
 70
     1
102
RTVSPropertyOp4
 70
     1
102
RTVSPropertyOp5
 70
     1
102
RTVSPropertyOp6
 70
     1
102
RTVSPropertyOp7
 70
     1
102
RTVSPropertyOp8
 70
     1
102
RTVSPropertyOp9
 70
     1
102
RTVSPropertyOp10
 70
     1
102
RTVSPropertyOp11
 70
     1
102
RTVSPropertyOp12
 70
     1
102
RTVSPropertyOp13
 70
     1
102
RTVSPropertyOp14
 70
     1
102
RTVSPropertyOp15
 70
     1
102
RTVSPropertyOp16
 70
     1
102
RTVSPropertyOp17
 70
     1
102
RTVSPropertyOp18
 70
     1
102
RTVSPropertyOp19
 70
     1
102
RTVSPropertyOp20
 70
     1
102
RTVSPropertyOp21
 70
     1
102
RTVSPropertyOp22
 70
     1
102
RTVSPropertyOp23
 70
     1
102
RTVSPropertyOp24
 70
     1
102
RTVSPropertyOp25
 70
     1
102
RTVSPropertyOp26
 70
     1
102
RTVSPropertyOp27
 70
     1
102
RTVSPropertyOp28
 70
     1
102
RTVSPropertyOp29
 70
     1
102
RTVSPropertyOp30
 70
     1
102
RTVSPropertyOp31
 70
     1
102
RTVSPropertyOp32
 70
     1
102
RTVSPropertyOp33
 70
     1
102
RTVSPropertyOp34
 70
     1
102
RTVSPropertyOp35
 70
     1
102
RTVSPropertyOp36
 70
     1
102
RTVSPropertyOp37
 70
     1
102
RTVSPropertyOp38
 70
     1
102
RTVSPropertyOp39
 70
     1
102
RTVSPropertyOp40
 70
     1
102
RTVSPropertyOp41
 70
     1
102
RTVSPropertyOp42
 70
     1
102
RTVSPropertyOp43
 70
     1
102
RTVSPropertyOp44
 70
     1
102
RTVSPropertyOp45
 70
     1
102
RTVSPropertyOp46
 70
     1
102
RTVSPropertyOp47
 70
     1
102
RTVSPropertyOp48
 70
     1
102
RTVSPropertyOp49
 70
     1
102
RTVSPropertyOp50
 70
     1
102
RTVSPropertyOp51
 70
     0
102
RTVSPropertyOp52
 70
     0
102
RTVSPropertyOp53
 70
     1
102
RTVSPropertyOp54
 70
     1
102
RTVSPropertyOp55
 70
     1
102
RTVSPropertyOp56
 70
     1
102
RTVSPropertyOp57
 70
     1
102
RTVSPost2010Prop28
280
     0
102
RTVSPost2010PropOp28
 70
     1
102
RTVSPost2010Prop29
280
     1
102
RTVSPost2010PropOp29
 70
     1
102
RTVSPost2010Prop30
280
     1
102
RTVSPost2010PropOp30
 70
     1
102
RTVSPost2010Prop31
280
     0
102
RTVSPost2010PropOp31
 70
     1
102
RTVSPost2010Prop32
280
     0
102
RTVSPost2010PropOp32
 70
     1
102
RTVSPost2010Prop33
280
     0
102
RTVSPost2010PropOp33
 70
     1
102
RTVSPost2010Prop34
280
     0
102
RTVSPost2010PropOp34
 70
     1
102
RTVSPost2010Prop35
280
     0
102
RTVSPost2010PropOp35
 70
     1
102
RTVSPost2010Prop36
280
     0
102
RTVSPost2010PropOp36
 70
     1
102
RTVSPost2010Prop37
 90
       50
102
RTVSPost2010PropOp37
 70
     1
102
RTVSPost2010Prop38
140
0.0
102
RTVSPost2010PropOp38
 70
     1
102
RTVSPost2010Prop39
140
1.0
102
RTVSPost2010PropOp39
 70
     1
102
RTVSPost2010Prop40
 90
        0
102
RTVSPost2010PropOp40
 70
     1
102
RTVSPost2010Prop41ColorIndex
 90
       18
102
RTVSPost2010Prop41ColorRGB
 90
        0
102
RTVSPost2010PropOp41
 70
     1
102
RTVSPost2010Prop42
 90
       50
102
RTVSPost2010PropOp42
 70
     1
102
RTVSPost2010Prop43
 90
        3
102
RTVSPost2010PropOp43
 70
     1
102
RTVSPost2010Prop44ColorIndex
 90
        5
102
RTVSPost2010Prop44ColorRGB
 90
      255
102
RTVSPost2010PropOp44
 70
     1
102
RTVSPost2010Prop45
280
     0
102
RTVSPost2010PropOp45
 70
     1
102
RTVSPost2010Prop46
 90
       50
102
RTVSPost2010PropOp46
 70
     1
102
RTVSPost2010Prop47
 90
       50
102
RTVSPost2010PropOp47
 70
     1
102
RTVSPost2010Prop48
 90
       50
102
RTVSPost2010PropOp48
 70
     1
102
RTVSPost2010Prop49
280
     0
102
RTVSPost2010PropOp49
 70
     1
102
RTVSPost2010Prop50
 90
       50
102
RTVSPost2010PropOp50
 70
     1
102
RTVSPost2010Prop51ColorIndex
 90
      256
102
RTVSPost2010Prop51ColorRGB
 90
-16777216
102
RTVSPost2010PropOp51
 70
     0
102
RTVSPost2010Prop52
140
1.0
102
RTVSPost2010PropOp52
 70
     0
102
RTVSPost2010Prop53
 90
        2
102
RTVSPost2010PropOp53
 70
     1
102
RTVSPost2010Prop54
  1
strokes_ogs.tif
102
RTVSPost2010PropOp54
 70
     1
102
RTVSPost2010Prop55
280
     0
102
RTVSPost2010PropOp55
 70
     1
102
RTVSPost2010Prop56
140
1.0
102
RTVSPost2010PropOp56
 70
     1
102
RTVSPost2010Prop57
140
1.0
102
RTVSPost2010PropOp57
 70
     1
  0
XRECORD
  5
526
102
{ACAD_REACTORS
330
525
102
}
330
525
100
AcDbXrecord
280
     1
102
RTVSPropertyOp0
 70
     1
102
RTVSPropertyOp1
 70
     1
102
RTVSPropertyOp2
 70
     1
102
RTVSPropertyOp3
 70
     1
102
RTVSPropertyOp4
 70
     1
102
RTVSPropertyOp5
 70
     1
102
RTVSPropertyOp6
 70
     1
102
RTVSPropertyOp7
 70
     1
102
RTVSPropertyOp8
 70
     1
102
RTVSPropertyOp9
 70
     1
102
RTVSPropertyOp10
 70
     1
102
RTVSPropertyOp11
 70
     1
102
RTVSPropertyOp12
 70
     1
102
RTVSPropertyOp13
 70
     1
102
RTVSPropertyOp14
 70
     1
102
RTVSPropertyOp15
 70
     1
102
RTVSPropertyOp16
 70
     1
102
RTVSPropertyOp17
 70
     1
102
RTVSPropertyOp18
 70
     1
102
RTVSPropertyOp19
 70
     1
102
RTVSPropertyOp20
 70
     1
102
RTVSPropertyOp21
 70
     1
102
RTVSPropertyOp22
 70
     1
102
RTVSPropertyOp23
 70
     1
102
RTVSPropertyOp24
 70
     1
102
RTVSPropertyOp25
 70
     1
102
RTVSPropertyOp26
 70
     1
102
RTVSPropertyOp27
 70
     1
102
RTVSPropertyOp28
 70
     1
102
RTVSPropertyOp29
 70
     1
102
RTVSPropertyOp30
 70
     1
102
RTVSPropertyOp31
 70
     1
102
RTVSPropertyOp32
 70
     1
102
RTVSPropertyOp33
 70
     1
102
RTVSPropertyOp34
 70
     1
102
RTVSPropertyOp35
 70
     1
102
RTVSPropertyOp36
 70
     1
102
RTVSPropertyOp37
 70
     1
102
RTVSPropertyOp38
 70
     1
102
RTVSPropertyOp39
 70
     1
102
RTVSPropertyOp40
 70
     1
102
RTVSPropertyOp41
 70
     1
102
RTVSPropertyOp42
 70
     1
102
RTVSPropertyOp43
 70
     1
102
RTVSPropertyOp44
 70
     1
102
RTVSPropertyOp45
 70
     1
102
RTVSPropertyOp46
 70
     1
102
RTVSPropertyOp47
 70
     1
102
RTVSPropertyOp48
 70
     1
102
RTVSPropertyOp49
 70
     1
102
RTVSPropertyOp50
 70
     1
102
RTVSPropertyOp51
 70
     0
102
RTVSPropertyOp52
 70
     0
102
RTVSPropertyOp53
 70
     1
102
RTVSPropertyOp54
 70
     1
102
RTVSPropertyOp55
 70
     1
102
RTVSPropertyOp56
 70
     1
102
RTVSPropertyOp57
 70
     1
102
RTVSPost2010Prop28
280
     0
102
RTVSPost2010PropOp28
 70
     1
102
RTVSPost2010Prop29
280
     1
102
RTVSPost2010PropOp29
 70
     1
102
RTVSPost2010Prop30
280
     1
102
RTVSPost2010PropOp30
 70
     1
102
RTVSPost2010Prop31
280
     0
102
RTVSPost2010PropOp31
 70
     1
102
RTVSPost2010Prop32
280
     0
102
RTVSPost2010PropOp32
 70
     1
102
RTVSPost2010Prop33
280
     0
102
RTVSPost2010PropOp33
 70
     1
102
RTVSPost2010Prop34
280
     0
102
RTVSPost2010PropOp34
 70
     1
102
RTVSPost2010Prop35
280
     0
102
RTVSPost2010PropOp35
 70
     1
102
RTVSPost2010Prop36
280
     0
102
RTVSPost2010PropOp36
 70
     1
102
RTVSPost2010Prop37
 90
       50
102
RTVSPost2010PropOp37
 70
     1
102
RTVSPost2010Prop38
140
0.0
102
RTVSPost2010PropOp38
 70
     1
102
RTVSPost2010Prop39
140
1.0
102
RTVSPost2010PropOp39
 70
     1
102
RTVSPost2010Prop40
 90
        0
102
RTVSPost2010PropOp40
 70
     1
102
RTVSPost2010Prop41ColorIndex
 90
       18
102
RTVSPost2010Prop41ColorRGB
 90
        0
102
RTVSPost2010PropOp41
 70
     1
102
RTVSPost2010Prop42
 90
       50
102
RTVSPost2010PropOp42
 70
     1
102
RTVSPost2010Prop43
 90
        3
102
RTVSPost2010PropOp43
 70
     1
102
RTVSPost2010Prop44ColorIndex
 90
        5
102
RTVSPost2010Prop44ColorRGB
 90
      255
102
RTVSPost2010PropOp44
 70
     1
102
RTVSPost2010Prop45
280
     0
102
RTVSPost2010PropOp45
 70
     1
102
RTVSPost2010Prop46
 90
       50
102
RTVSPost2010PropOp46
 70
     1
102
RTVSPost2010Prop47
 90
       50
102
RTVSPost2010PropOp47
 70
     1
102
RTVSPost2010Prop48
 90
       50
102
RTVSPost2010PropOp48
 70
     1
102
RTVSPost2010Prop49
280
     0
102
RTVSPost2010PropOp49
 70
     1
102
RTVSPost2010Prop50
 90
       50
102
RTVSPost2010PropOp50
 70
     1
102
RTVSPost2010Prop51ColorIndex
 90
      256
102
RTVSPost2010Prop51ColorRGB
 90
-16777216
102
RTVSPost2010PropOp51
 70
     0
102
RTVSPost2010Prop52
140
1.0
102
RTVSPost2010PropOp52
 70
     0
102
RTVSPost2010Prop53
 90
        2
102
RTVSPost2010PropOp53
 70
     1
102
RTVSPost2010Prop54
  1
strokes_ogs.tif
102
RTVSPost2010PropOp54
 70
     1
102
RTVSPost2010Prop55
280
     0
102
RTVSPost2010PropOp55
 70
     1
102
RTVSPost2010Prop56
140
1.0
102
RTVSPost2010PropOp56
 70
     1
102
RTVSPost2010Prop57
140
1.0
102
RTVSPost2010PropOp57
 70
     1
  0
XRECORD
  5
528
102
{ACAD_REACTORS
330
527
102
}
330
527
100
AcDbXrecord
280
     1
102
RTVSPropertyOp0
 70
     1
102
RTVSPropertyOp1
 70
     1
102
RTVSPropertyOp2
 70
     1
102
RTVSPropertyOp3
 70
     1
102
RTVSPropertyOp4
 70
     1
102
RTVSPropertyOp5
 70
     1
102
RTVSPropertyOp6
 70
     1
102
RTVSPropertyOp7
 70
     1
102
RTVSPropertyOp8
 70
     1
102
RTVSPropertyOp9
 70
     1
102
RTVSPropertyOp10
 70
     1
102
RTVSPropertyOp11
 70
     1
102
RTVSPropertyOp12
 70
     1
102
RTVSPropertyOp13
 70
     1
102
RTVSPropertyOp14
 70
     1
102
RTVSPropertyOp15
 70
     1
102
RTVSPropertyOp16
 70
     1
102
RTVSPropertyOp17
 70
     1
102
RTVSPropertyOp18
 70
     1
102
RTVSPropertyOp19
 70
     1
102
RTVSPropertyOp20
 70
     1
102
RTVSPropertyOp21
 70
     1
102
RTVSPropertyOp22
 70
     1
102
RTVSPropertyOp23
 70
     1
102
RTVSPropertyOp24
 70
     1
102
RTVSPropertyOp25
 70
     1
102
RTVSPropertyOp26
 70
     1
102
RTVSPropertyOp27
 70
     1
102
RTVSPropertyOp28
 70
     1
102
RTVSPropertyOp29
 70
     1
102
RTVSPropertyOp30
 70
     1
102
RTVSPropertyOp31
 70
     1
102
RTVSPropertyOp32
 70
     1
102
RTVSPropertyOp33
 70
     1
102
RTVSPropertyOp34
 70
     1
102
RTVSPropertyOp35
 70
     1
102
RTVSPropertyOp36
 70
     1
102
RTVSPropertyOp37
 70
     1
102
RTVSPropertyOp38
 70
     1
102
RTVSPropertyOp39
 70
     1
102
RTVSPropertyOp40
 70
     1
102
RTVSPropertyOp41
 70
     1
102
RTVSPropertyOp42
 70
     1
102
RTVSPropertyOp43
 70
     1
102
RTVSPropertyOp44
 70
     1
102
RTVSPropertyOp45
 70
     1
102
RTVSPropertyOp46
 70
     1
102
RTVSPropertyOp47
 70
     1
102
RTVSPropertyOp48
 70
     1
102
RTVSPropertyOp49
 70
     1
102
RTVSPropertyOp50
 70
     1
102
RTVSPropertyOp51
 70
     0
102
RTVSPropertyOp52
 70
     0
102
RTVSPropertyOp53
 70
     1
102
RTVSPropertyOp54
 70
     1
102
RTVSPropertyOp55
 70
     1
102
RTVSPropertyOp56
 70
     1
102
RTVSPropertyOp57
 70
     1
102
RTVSPost2010Prop28
280
     0
102
RTVSPost2010PropOp28
 70
     1
102
RTVSPost2010Prop29
280
     1
102
RTVSPost2010PropOp29
 70
     1
102
RTVSPost2010Prop30
280
     1
102
RTVSPost2010PropOp30
 70
     1
102
RTVSPost2010Prop31
280
     0
102
RTVSPost2010PropOp31
 70
     1
102
RTVSPost2010Prop32
280
     0
102
RTVSPost2010PropOp32
 70
     1
102
RTVSPost2010Prop33
280
     0
102
RTVSPost2010PropOp33
 70
     1
102
RTVSPost2010Prop34
280
     0
102
RTVSPost2010PropOp34
 70
     1
102
RTVSPost2010Prop35
280
     0
102
RTVSPost2010PropOp35
 70
     1
102
RTVSPost2010Prop36
280
     0
102
RTVSPost2010PropOp36
 70
     1
102
RTVSPost2010Prop37
 90
       50
102
RTVSPost2010PropOp37
 70
     1
102
RTVSPost2010Prop38
140
0.0
102
RTVSPost2010PropOp38
 70
     1
102
RTVSPost2010Prop39
140
1.0
102
RTVSPost2010PropOp39
 70
     1
102
RTVSPost2010Prop40
 90
        0
102
RTVSPost2010PropOp40
 70
     1
102
RTVSPost2010Prop41ColorIndex
 90
       18
102
RTVSPost2010Prop41ColorRGB
 90
        0
102
RTVSPost2010PropOp41
 70
     1
102
RTVSPost2010Prop42
 90
       50
102
RTVSPost2010PropOp42
 70
     1
102
RTVSPost2010Prop43
 90
        3
102
RTVSPost2010PropOp43
 70
     1
102
RTVSPost2010Prop44ColorIndex
 90
        5
102
RTVSPost2010Prop44ColorRGB
 90
      255
102
RTVSPost2010PropOp44
 70
     1
102
RTVSPost2010Prop45
280
     0
102
RTVSPost2010PropOp45
 70
     1
102
RTVSPost2010Prop46
 90
       50
102
RTVSPost2010PropOp46
 70
     1
102
RTVSPost2010Prop47
 90
       50
102
RTVSPost2010PropOp47
 70
     1
102
RTVSPost2010Prop48
 90
       50
102
RTVSPost2010PropOp48
 70
     1
102
RTVSPost2010Prop49
280
     0
102
RTVSPost2010PropOp49
 70
     1
102
RTVSPost2010Prop50
 90
       50
102
RTVSPost2010PropOp50
 70
     1
102
RTVSPost2010Prop51ColorIndex
 90
      256
102
RTVSPost2010Prop51ColorRGB
 90
-16777216
102
RTVSPost2010PropOp51
 70
     0
102
RTVSPost2010Prop52
140
1.0
102
RTVSPost2010PropOp52
 70
     0
102
RTVSPost2010Prop53
 90
        2
102
RTVSPost2010PropOp53
 70
     1
102
RTVSPost2010Prop54
  1
strokes_ogs.tif
102
RTVSPost2010PropOp54
 70
     1
102
RTVSPost2010Prop55
280
     0
102
RTVSPost2010PropOp55
 70
     1
102
RTVSPost2010Prop56
140
1.0
102
RTVSPost2010PropOp56
 70
     1
102
RTVSPost2010Prop57
140
1.0
102
RTVSPost2010PropOp57
 70
     1
  0
XRECORD
  5
52A
102
{ACAD_REACTORS
330
529
102
}
330
529
100
AcDbXrecord
280
     1
102
RTVSPropertyOp0
 70
     1
102
RTVSPropertyOp1
 70
     1
102
RTVSPropertyOp2
 70
     1
102
RTVSPropertyOp3
 70
     1
102
RTVSPropertyOp4
 70
     1
102
RTVSPropertyOp5
 70
     1
102
RTVSPropertyOp6
 70
     1
102
RTVSPropertyOp7
 70
     1
102
RTVSPropertyOp8
 70
     1
102
RTVSPropertyOp9
 70
     1
102
RTVSPropertyOp10
 70
     1
102
RTVSPropertyOp11
 70
     1
102
RTVSPropertyOp12
 70
     1
102
RTVSPropertyOp13
 70
     1
102
RTVSPropertyOp14
 70
     1
102
RTVSPropertyOp15
 70
     1
102
RTVSPropertyOp16
 70
     1
102
RTVSPropertyOp17
 70
     1
102
RTVSPropertyOp18
 70
     1
102
RTVSPropertyOp19
 70
     1
102
RTVSPropertyOp20
 70
     1
102
RTVSPropertyOp21
 70
     1
102
RTVSPropertyOp22
 70
     1
102
RTVSPropertyOp23
 70
     1
102
RTVSPropertyOp24
 70
     1
102
RTVSPropertyOp25
 70
     1
102
RTVSPropertyOp26
 70
     1
102
RTVSPropertyOp27
 70
     1
102
RTVSPropertyOp28
 70
     1
102
RTVSPropertyOp29
 70
     1
102
RTVSPropertyOp30
 70
     1
102
RTVSPropertyOp31
 70
     1
102
RTVSPropertyOp32
 70
     1
102
RTVSPropertyOp33
 70
     1
102
RTVSPropertyOp34
 70
     1
102
RTVSPropertyOp35
 70
     1
102
RTVSPropertyOp36
 70
     1
102
RTVSPropertyOp37
 70
     1
102
RTVSPropertyOp38
 70
     1
102
RTVSPropertyOp39
 70
     1
102
RTVSPropertyOp40
 70
     1
102
RTVSPropertyOp41
 70
     1
102
RTVSPropertyOp42
 70
     1
102
RTVSPropertyOp43
 70
     1
102
RTVSPropertyOp44
 70
     1
102
RTVSPropertyOp45
 70
     1
102
RTVSPropertyOp46
 70
     1
102
RTVSPropertyOp47
 70
     1
102
RTVSPropertyOp48
 70
     1
102
RTVSPropertyOp49
 70
     1
102
RTVSPropertyOp50
 70
     1
102
RTVSPropertyOp51
 70
     0
102
RTVSPropertyOp52
 70
     0
102
RTVSPropertyOp53
 70
     1
102
RTVSPropertyOp54
 70
     1
102
RTVSPropertyOp55
 70
     1
102
RTVSPropertyOp56
 70
     1
102
RTVSPropertyOp57
 70
     1
102
RTVSPost2010Prop28
280
     0
102
RTVSPost2010PropOp28
 70
     1
102
RTVSPost2010Prop29
280
     1
102
RTVSPost2010PropOp29
 70
     1
102
RTVSPost2010Prop30
280
     1
102
RTVSPost2010PropOp30
 70
     1
102
RTVSPost2010Prop31
280
     0
102
RTVSPost2010PropOp31
 70
     1
102
RTVSPost2010Prop32
280
     0
102
RTVSPost2010PropOp32
 70
     1
102
RTVSPost2010Prop33
280
     0
102
RTVSPost2010PropOp33
 70
     1
102
RTVSPost2010Prop34
280
     0
102
RTVSPost2010PropOp34
 70
     1
102
RTVSPost2010Prop35
280
     0
102
RTVSPost2010PropOp35
 70
     1
102
RTVSPost2010Prop36
280
     0
102
RTVSPost2010PropOp36
 70
     1
102
RTVSPost2010Prop37
 90
       50
102
RTVSPost2010PropOp37
 70
     1
102
RTVSPost2010Prop38
140
0.0
102
RTVSPost2010PropOp38
 70
     1
102
RTVSPost2010Prop39
140
1.0
102
RTVSPost2010PropOp39
 70
     1
102
RTVSPost2010Prop40
 90
        0
102
RTVSPost2010PropOp40
 70
     1
102
RTVSPost2010Prop41ColorIndex
 90
       18
102
RTVSPost2010Prop41ColorRGB
 90
        0
102
RTVSPost2010PropOp41
 70
     1
102
RTVSPost2010Prop42
 90
       50
102
RTVSPost2010PropOp42
 70
     1
102
RTVSPost2010Prop43
 90
        3
102
RTVSPost2010PropOp43
 70
     1
102
RTVSPost2010Prop44ColorIndex
 90
        5
102
RTVSPost2010Prop44ColorRGB
 90
      255
102
RTVSPost2010PropOp44
 70
     1
102
RTVSPost2010Prop45
280
     0
102
RTVSPost2010PropOp45
 70
     1
102
RTVSPost2010Prop46
 90
       50
102
RTVSPost2010PropOp46
 70
     1
102
RTVSPost2010Prop47
 90
       50
102
RTVSPost2010PropOp47
 70
     1
102
RTVSPost2010Prop48
 90
       50
102
RTVSPost2010PropOp48
 70
     1
102
RTVSPost2010Prop49
280
     0
102
RTVSPost2010PropOp49
 70
     1
102
RTVSPost2010Prop50
 90
       50
102
RTVSPost2010PropOp50
 70
     1
102
RTVSPost2010Prop51ColorIndex
 90
      256
102
RTVSPost2010Prop51ColorRGB
 90
-16777216
102
RTVSPost2010PropOp51
 70
     0
102
RTVSPost2010Prop52
140
1.0
102
RTVSPost2010PropOp52
 70
     0
102
RTVSPost2010Prop53
 90
        2
102
RTVSPost2010PropOp53
 70
     1
102
RTVSPost2010Prop54
  1
strokes_ogs.tif
102
RTVSPost2010PropOp54
 70
     1
102
RTVSPost2010Prop55
280
     0
102
RTVSPost2010PropOp55
 70
     1
102
RTVSPost2010Prop56
140
1.0
102
RTVSPost2010PropOp56
 70
     1
102
RTVSPost2010Prop57
140
1.0
102
RTVSPost2010PropOp57
 70
     1
  0
XRECORD
  5
52C
102
{ACAD_REACTORS
330
52B
102
}
330
52B
100
AcDbXrecord
280
     1
102
RTVSPropertyOp0
 70
     1
102
RTVSPropertyOp1
 70
     1
102
RTVSPropertyOp2
 70
     1
102
RTVSPropertyOp3
 70
     1
102
RTVSPropertyOp4
 70
     1
102
RTVSPropertyOp5
 70
     1
102
RTVSPropertyOp6
 70
     1
102
RTVSPropertyOp7
 70
     1
102
RTVSPropertyOp8
 70
     1
102
RTVSPropertyOp9
 70
     1
102
RTVSPropertyOp10
 70
     1
102
RTVSPropertyOp11
 70
     1
102
RTVSPropertyOp12
 70
     1
102
RTVSPropertyOp13
 70
     1
102
RTVSPropertyOp14
 70
     1
102
RTVSPropertyOp15
 70
     1
102
RTVSPropertyOp16
 70
     1
102
RTVSPropertyOp17
 70
     1
102
RTVSPropertyOp18
 70
     1
102
RTVSPropertyOp19
 70
     1
102
RTVSPropertyOp20
 70
     1
102
RTVSPropertyOp21
 70
     1
102
RTVSPropertyOp22
 70
     1
102
RTVSPropertyOp23
 70
     1
102
RTVSPropertyOp24
 70
     1
102
RTVSPropertyOp25
 70
     1
102
RTVSPropertyOp26
 70
     1
102
RTVSPropertyOp27
 70
     1
102
RTVSPropertyOp28
 70
     1
102
RTVSPropertyOp29
 70
     1
102
RTVSPropertyOp30
 70
     1
102
RTVSPropertyOp31
 70
     1
102
RTVSPropertyOp32
 70
     1
102
RTVSPropertyOp33
 70
     1
102
RTVSPropertyOp34
 70
     1
102
RTVSPropertyOp35
 70
     1
102
RTVSPropertyOp36
 70
     1
102
RTVSPropertyOp37
 70
     1
102
RTVSPropertyOp38
 70
     1
102
RTVSPropertyOp39
 70
     1
102
RTVSPropertyOp40
 70
     1
102
RTVSPropertyOp41
 70
     1
102
RTVSPropertyOp42
 70
     1
102
RTVSPropertyOp43
 70
     1
102
RTVSPropertyOp44
 70
     1
102
RTVSPropertyOp45
 70
     1
102
RTVSPropertyOp46
 70
     1
102
RTVSPropertyOp47
 70
     1
102
RTVSPropertyOp48
 70
     1
102
RTVSPropertyOp49
 70
     1
102
RTVSPropertyOp50
 70
     1
102
RTVSPropertyOp51
 70
     0
102
RTVSPropertyOp52
 70
     0
102
RTVSPropertyOp53
 70
     1
102
RTVSPropertyOp54
 70
     1
102
RTVSPropertyOp55
 70
     1
102
RTVSPropertyOp56
 70
     1
102
RTVSPropertyOp57
 70
     1
102
RTVSPost2010Prop28
280
     0
102
RTVSPost2010PropOp28
 70
     1
102
RTVSPost2010Prop29
280
     1
102
RTVSPost2010PropOp29
 70
     1
102
RTVSPost2010Prop30
280
     1
102
RTVSPost2010PropOp30
 70
     1
102
RTVSPost2010Prop31
280
     0
102
RTVSPost2010PropOp31
 70
     1
102
RTVSPost2010Prop32
280
     0
102
RTVSPost2010PropOp32
 70
     1
102
RTVSPost2010Prop33
280
     0
102
RTVSPost2010PropOp33
 70
     1
102
RTVSPost2010Prop34
280
     0
102
RTVSPost2010PropOp34
 70
     1
102
RTVSPost2010Prop35
280
     0
102
RTVSPost2010PropOp35
 70
     1
102
RTVSPost2010Prop36
280
     0
102
RTVSPost2010PropOp36
 70
     1
102
RTVSPost2010Prop37
 90
       50
102
RTVSPost2010PropOp37
 70
     1
102
RTVSPost2010Prop38
140
0.0
102
RTVSPost2010PropOp38
 70
     1
102
RTVSPost2010Prop39
140
1.0
102
RTVSPost2010PropOp39
 70
     1
102
RTVSPost2010Prop40
 90
        0
102
RTVSPost2010PropOp40
 70
     1
102
RTVSPost2010Prop41ColorIndex
 90
       18
102
RTVSPost2010Prop41ColorRGB
 90
        0
102
RTVSPost2010PropOp41
 70
     1
102
RTVSPost2010Prop42
 90
       50
102
RTVSPost2010PropOp42
 70
     1
102
RTVSPost2010Prop43
 90
        3
102
RTVSPost2010PropOp43
 70
     1
102
RTVSPost2010Prop44ColorIndex
 90
        5
102
RTVSPost2010Prop44ColorRGB
 90
      255
102
RTVSPost2010PropOp44
 70
     1
102
RTVSPost2010Prop45
280
     0
102
RTVSPost2010PropOp45
 70
     1
102
RTVSPost2010Prop46
 90
       50
102
RTVSPost2010PropOp46
 70
     1
102
RTVSPost2010Prop47
 90
       50
102
RTVSPost2010PropOp47
 70
     1
102
RTVSPost2010Prop48
 90
       50
102
RTVSPost2010PropOp48
 70
     1
102
RTVSPost2010Prop49
280
     0
102
RTVSPost2010PropOp49
 70
     1
102
RTVSPost2010Prop50
 90
       50
102
RTVSPost2010PropOp50
 70
     1
102
RTVSPost2010Prop51ColorIndex
 90
      256
102
RTVSPost2010Prop51ColorRGB
 90
-16777216
102
RTVSPost2010PropOp51
 70
     0
102
RTVSPost2010Prop52
140
1.0
102
RTVSPost2010PropOp52
 70
     0
102
RTVSPost2010Prop53
 90
        2
102
RTVSPost2010PropOp53
 70
     1
102
RTVSPost2010Prop54
  1
strokes_ogs.tif
102
RTVSPost2010PropOp54
 70
     1
102
RTVSPost2010Prop55
280
     0
102
RTVSPost2010PropOp55
 70
     1
102
RTVSPost2010Prop56
140
1.0
102
RTVSPost2010PropOp56
 70
     1
102
RTVSPost2010Prop57
140
1.0
102
RTVSPost2010PropOp57
 70
     1
  0
XRECORD
  5
532
102
{ACAD_REACTORS
330
531
102
}
330
531
100
AcDbXrecord
280
     1
102
RTVSPropertyOp0
 70
     1
102
RTVSPropertyOp1
 70
     1
102
RTVSPropertyOp2
 70
     1
102
RTVSPropertyOp3
 70
     1
102
RTVSPropertyOp4
 70
     1
102
RTVSPropertyOp5
 70
     1
102
RTVSPropertyOp6
 70
     1
102
RTVSPropertyOp7
 70
     1
102
RTVSPropertyOp8
 70
     1
102
RTVSPropertyOp9
 70
     1
102
RTVSPropertyOp10
 70
     1
102
RTVSPropertyOp11
 70
     1
102
RTVSPropertyOp12
 70
     1
102
RTVSPropertyOp13
 70
     1
102
RTVSPropertyOp14
 70
     1
102
RTVSPropertyOp15
 70
     1
102
RTVSPropertyOp16
 70
     1
102
RTVSPropertyOp17
 70
     1
102
RTVSPropertyOp18
 70
     1
102
RTVSPropertyOp19
 70
     1
102
RTVSPropertyOp20
 70
     1
102
RTVSPropertyOp21
 70
     1
102
RTVSPropertyOp22
 70
     1
102
RTVSPropertyOp23
 70
     1
102
RTVSPropertyOp24
 70
     1
102
RTVSPropertyOp25
 70
     1
102
RTVSPropertyOp26
 70
     1
102
RTVSPropertyOp27
 70
     1
102
RTVSPropertyOp28
 70
     1
102
RTVSPropertyOp29
 70
     1
102
RTVSPropertyOp30
 70
     1
102
RTVSPropertyOp31
 70
     1
102
RTVSPropertyOp32
 70
     1
102
RTVSPropertyOp33
 70
     1
102
RTVSPropertyOp34
 70
     1
102
RTVSPropertyOp35
 70
     1
102
RTVSPropertyOp36
 70
     1
102
RTVSPropertyOp37
 70
     1
102
RTVSPropertyOp38
 70
     1
102
RTVSPropertyOp39
 70
     1
102
RTVSPropertyOp40
 70
     1
102
RTVSPropertyOp41
 70
     1
102
RTVSPropertyOp42
 70
     1
102
RTVSPropertyOp43
 70
     1
102
RTVSPropertyOp44
 70
     1
102
RTVSPropertyOp45
 70
     1
102
RTVSPropertyOp46
 70
     1
102
RTVSPropertyOp47
 70
     1
102
RTVSPropertyOp48
 70
     1
102
RTVSPropertyOp49
 70
     1
102
RTVSPropertyOp50
 70
     1
102
RTVSPropertyOp51
 70
     0
102
RTVSPropertyOp52
 70
     0
102
RTVSPropertyOp53
 70
     1
102
RTVSPropertyOp54
 70
     1
102
RTVSPropertyOp55
 70
     1
102
RTVSPropertyOp56
 70
     1
102
RTVSPropertyOp57
 70
     1
102
RTVSPost2010Prop28
280
     0
102
RTVSPost2010PropOp28
 70
     1
102
RTVSPost2010Prop29
280
     1
102
RTVSPost2010PropOp29
 70
     1
102
RTVSPost2010Prop30
280
     1
102
RTVSPost2010PropOp30
 70
     1
102
RTVSPost2010Prop31
280
     0
102
RTVSPost2010PropOp31
 70
     1
102
RTVSPost2010Prop32
280
     0
102
RTVSPost2010PropOp32
 70
     1
102
RTVSPost2010Prop33
280
     0
102
RTVSPost2010PropOp33
 70
     1
102
RTVSPost2010Prop34
280
     0
102
RTVSPost2010PropOp34
 70
     1
102
RTVSPost2010Prop35
280
     0
102
RTVSPost2010PropOp35
 70
     1
102
RTVSPost2010Prop36
280
     0
102
RTVSPost2010PropOp36
 70
     1
102
RTVSPost2010Prop37
 90
       50
102
RTVSPost2010PropOp37
 70
     1
102
RTVSPost2010Prop38
140
0.0
102
RTVSPost2010PropOp38
 70
     1
102
RTVSPost2010Prop39
140
1.0
102
RTVSPost2010PropOp39
 70
     1
102
RTVSPost2010Prop40
 90
        0
102
RTVSPost2010PropOp40
 70
     1
102
RTVSPost2010Prop41ColorIndex
 90
       18
102
RTVSPost2010Prop41ColorRGB
 90
        0
102
RTVSPost2010PropOp41
 70
     1
102
RTVSPost2010Prop42
 90
       50
102
RTVSPost2010PropOp42
 70
     1
102
RTVSPost2010Prop43
 90
        3
102
RTVSPost2010PropOp43
 70
     1
102
RTVSPost2010Prop44ColorIndex
 90
        5
102
RTVSPost2010Prop44ColorRGB
 90
      255
102
RTVSPost2010PropOp44
 70
     1
102
RTVSPost2010Prop45
280
     0
102
RTVSPost2010PropOp45
 70
     1
102
RTVSPost2010Prop46
 90
       50
102
RTVSPost2010PropOp46
 70
     1
102
RTVSPost2010Prop47
 90
       50
102
RTVSPost2010PropOp47
 70
     1
102
RTVSPost2010Prop48
 90
       50
102
RTVSPost2010PropOp48
 70
     1
102
RTVSPost2010Prop49
280
     0
102
RTVSPost2010PropOp49
 70
     1
102
RTVSPost2010Prop50
 90
       50
102
RTVSPost2010PropOp50
 70
     1
102
RTVSPost2010Prop51ColorIndex
 90
      256
102
RTVSPost2010Prop51ColorRGB
 90
-16777216
102
RTVSPost2010PropOp51
 70
     0
102
RTVSPost2010Prop52
140
1.0
102
RTVSPost2010PropOp52
 70
     0
102
RTVSPost2010Prop53
 90
        2
102
RTVSPost2010PropOp53
 70
     1
102
RTVSPost2010Prop54
  1
strokes_ogs.tif
102
RTVSPost2010PropOp54
 70
     1
102
RTVSPost2010Prop55
280
     0
102
RTVSPost2010PropOp55
 70
     1
102
RTVSPost2010Prop56
140
1.0
102
RTVSPost2010PropOp56
 70
     1
102
RTVSPost2010Prop57
140
1.0
102
RTVSPost2010PropOp57
 70
     1
  0
XRECORD
  5
546
102
{ACAD_REACTORS
330
545
102
}
330
545
100
AcDbXrecord
280
     1
102
RTVSPropertyOp0
 70
     0
102
RTVSPropertyOp1
 70
     0
102
RTVSPropertyOp2
 70
     0
102
RTVSPropertyOp3
 70
     0
102
RTVSPropertyOp4
 70
     0
102
RTVSPropertyOp5
 70
     0
102
RTVSPropertyOp6
 70
     0
102
RTVSPropertyOp7
 70
     0
102
RTVSPropertyOp8
 70
     0
102
RTVSPropertyOp9
 70
     0
102
RTVSPropertyOp10
 70
     0
102
RTVSPropertyOp11
 70
     0
102
RTVSPropertyOp12
 70
     0
102
RTVSPropertyOp13
 70
     0
102
RTVSPropertyOp14
 70
     2
102
RTVSPropertyOp15
 70
     0
102
RTVSPropertyOp16
 70
     0
102
RTVSPropertyOp17
 70
     0
102
RTVSPropertyOp18
 70
     0
102
RTVSPropertyOp19
 70
     0
102
RTVSPropertyOp20
 70
     0
102
RTVSPropertyOp21
 70
     0
102
RTVSPropertyOp22
 70
     0
102
RTVSPropertyOp23
 70
     0
102
RTVSPropertyOp24
 70
     0
102
RTVSPropertyOp25
 70
     0
102
RTVSPropertyOp26
 70
     0
102
RTVSPropertyOp27
 70
     0
102
RTVSPropertyOp28
 70
     0
102
RTVSPropertyOp29
 70
     0
102
RTVSPropertyOp30
 70
     0
102
RTVSPropertyOp31
 70
     0
102
RTVSPropertyOp32
 70
     0
102
RTVSPropertyOp33
 70
     0
102
RTVSPropertyOp34
 70
     0
102
RTVSPropertyOp35
 70
     0
102
RTVSPropertyOp36
 70
     0
102
RTVSPropertyOp37
 70
     0
102
RTVSPropertyOp38
 70
     0
102
RTVSPropertyOp39
 70
     0
102
RTVSPropertyOp40
 70
     0
102
RTVSPropertyOp41
 70
     0
102
RTVSPropertyOp42
 70
     0
102
RTVSPropertyOp43
 70
     0
102
RTVSPropertyOp44
 70
     0
102
RTVSPropertyOp45
 70
     0
102
RTVSPropertyOp46
 70
     0
102
RTVSPropertyOp47
 70
     0
102
RTVSPropertyOp48
 70
     0
102
RTVSPropertyOp49
 70
     0
102
RTVSPropertyOp50
 70
     0
102
RTVSPropertyOp51
 70
     0
102
RTVSPropertyOp52
 70
     0
102
RTVSPropertyOp53
 70
     0
102
RTVSPropertyOp54
 70
     0
102
RTVSPropertyOp55
 70
     0
102
RTVSPropertyOp56
 70
     0
102
RTVSPropertyOp57
 70
     0
102
RTVSPost2010Prop28
280
     0
102
RTVSPost2010PropOp28
 70
     0
102
RTVSPost2010Prop29
280
     1
102
RTVSPost2010PropOp29
 70
     0
102
RTVSPost2010Prop30
280
     1
102
RTVSPost2010PropOp30
 70
     0
102
RTVSPost2010Prop31
280
     0
102
RTVSPost2010PropOp31
 70
     0
102
RTVSPost2010Prop32
280
     0
102
RTVSPost2010PropOp32
 70
     0
102
RTVSPost2010Prop33
280
     0
102
RTVSPost2010PropOp33
 70
     0
102
RTVSPost2010Prop34
280
     0
102
RTVSPost2010PropOp34
 70
     0
102
RTVSPost2010Prop35
280
     0
102
RTVSPost2010PropOp35
 70
     0
102
RTVSPost2010Prop36
280
     0
102
RTVSPost2010PropOp36
 70
     0
102
RTVSPost2010Prop37
 90
       50
102
RTVSPost2010PropOp37
 70
     0
102
RTVSPost2010Prop38
140
0.0
102
RTVSPost2010PropOp38
 70
     0
102
RTVSPost2010Prop39
140
1.0
102
RTVSPost2010PropOp39
 70
     0
102
RTVSPost2010Prop40
 90
        0
102
RTVSPost2010PropOp40
 70
     0
102
RTVSPost2010Prop41ColorIndex
 90
       18
102
RTVSPost2010Prop41ColorRGB
 90
        0
102
RTVSPost2010PropOp41
 70
     0
102
RTVSPost2010Prop42
 90
       50
102
RTVSPost2010PropOp42
 70
     0
102
RTVSPost2010Prop43
 90
        3
102
RTVSPost2010PropOp43
 70
     0
102
RTVSPost2010Prop44ColorIndex
 90
        5
102
RTVSPost2010Prop44ColorRGB
 90
      255
102
RTVSPost2010PropOp44
 70
     0
102
RTVSPost2010Prop45
280
     0
102
RTVSPost2010PropOp45
 70
     0
102
RTVSPost2010Prop46
 90
       50
102
RTVSPost2010PropOp46
 70
     0
102
RTVSPost2010Prop47
 90
       50
102
RTVSPost2010PropOp47
 70
     0
102
RTVSPost2010Prop48
 90
       50
102
RTVSPost2010PropOp48
 70
     0
102
RTVSPost2010Prop49
280
     0
102
RTVSPost2010PropOp49
 70
     0
102
RTVSPost2010Prop50
 90
       50
102
RTVSPost2010PropOp50
 70
     0
102
RTVSPost2010Prop51ColorIndex
 90
      256
102
RTVSPost2010Prop51ColorRGB
 90
-16777216
102
RTVSPost2010PropOp51
 70
     0
102
RTVSPost2010Prop52
140
1.0
102
RTVSPost2010PropOp52
 70
     0
102
RTVSPost2010Prop53
 90
        2
102
RTVSPost2010PropOp53
 70
     0
102
RTVSPost2010Prop54
  1
strokes_ogs.tif
102
RTVSPost2010PropOp54
 70
     0
102
RTVSPost2010Prop55
280
     0
102
RTVSPost2010PropOp55
 70
     0
102
RTVSPost2010Prop56
140
1.0
102
RTVSPost2010PropOp56
 70
     0
102
RTVSPost2010Prop57
140
1.0
102
RTVSPost2010PropOp57
 70
     0
  0
XRECORD
  5
540
102
{ACAD_REACTORS
330
53F
102
}
330
53F
100
AcDbXrecord
280
     1
102
RTVSPropertyOp0
 70
     1
102
RTVSPropertyOp1
 70
     1
102
RTVSPropertyOp2
 70
     1
102
RTVSPropertyOp3
 70
     1
102
RTVSPropertyOp4
 70
     1
102
RTVSPropertyOp5
 70
     1
102
RTVSPropertyOp6
 70
     1
102
RTVSPropertyOp7
 70
     1
102
RTVSPropertyOp8
 70
     1
102
RTVSPropertyOp9
 70
     1
102
RTVSPropertyOp10
 70
     1
102
RTVSPropertyOp11
 70
     1
102
RTVSPropertyOp12
 70
     1
102
RTVSPropertyOp13
 70
     1
102
RTVSPropertyOp14
 70
     1
102
RTVSPropertyOp15
 70
     1
102
RTVSPropertyOp16
 70
     1
102
RTVSPropertyOp17
 70
     1
102
RTVSPropertyOp18
 70
     1
102
RTVSPropertyOp19
 70
     1
102
RTVSPropertyOp20
 70
     1
102
RTVSPropertyOp21
 70
     1
102
RTVSPropertyOp22
 70
     1
102
RTVSPropertyOp23
 70
     1
102
RTVSPropertyOp24
 70
     1
102
RTVSPropertyOp25
 70
     1
102
RTVSPropertyOp26
 70
     1
102
RTVSPropertyOp27
 70
     1
102
RTVSPropertyOp28
 70
     1
102
RTVSPropertyOp29
 70
     1
102
RTVSPropertyOp30
 70
     1
102
RTVSPropertyOp31
 70
     1
102
RTVSPropertyOp32
 70
     1
102
RTVSPropertyOp33
 70
     1
102
RTVSPropertyOp34
 70
     1
102
RTVSPropertyOp35
 70
     1
102
RTVSPropertyOp36
 70
     1
102
RTVSPropertyOp37
 70
     1
102
RTVSPropertyOp38
 70
     1
102
RTVSPropertyOp39
 70
     1
102
RTVSPropertyOp40
 70
     1
102
RTVSPropertyOp41
 70
     1
102
RTVSPropertyOp42
 70
     1
102
RTVSPropertyOp43
 70
     1
102
RTVSPropertyOp44
 70
     1
102
RTVSPropertyOp45
 70
     1
102
RTVSPropertyOp46
 70
     1
102
RTVSPropertyOp47
 70
     1
102
RTVSPropertyOp48
 70
     1
102
RTVSPropertyOp49
 70
     1
102
RTVSPropertyOp50
 70
     1
102
RTVSPropertyOp51
 70
     0
102
RTVSPropertyOp52
 70
     0
102
RTVSPropertyOp53
 70
     1
102
RTVSPropertyOp54
 70
     1
102
RTVSPropertyOp55
 70
     1
102
RTVSPropertyOp56
 70
     1
102
RTVSPropertyOp57
 70
     1
102
RTVSPost2010Prop28
280
     0
102
RTVSPost2010PropOp28
 70
     1
102
RTVSPost2010Prop29
280
     1
102
RTVSPost2010PropOp29
 70
     1
102
RTVSPost2010Prop30
280
     1
102
RTVSPost2010PropOp30
 70
     1
102
RTVSPost2010Prop31
280
     0
102
RTVSPost2010PropOp31
 70
     1
102
RTVSPost2010Prop32
280
     0
102
RTVSPost2010PropOp32
 70
     1
102
RTVSPost2010Prop33
280
     0
102
RTVSPost2010PropOp33
 70
     1
102
RTVSPost2010Prop34
280
     0
102
RTVSPost2010PropOp34
 70
     1
102
RTVSPost2010Prop35
280
     0
102
RTVSPost2010PropOp35
 70
     1
102
RTVSPost2010Prop36
280
     0
102
RTVSPost2010PropOp36
 70
     1
102
RTVSPost2010Prop37
 90
       50
102
RTVSPost2010PropOp37
 70
     1
102
RTVSPost2010Prop38
140
0.0
102
RTVSPost2010PropOp38
 70
     1
102
RTVSPost2010Prop39
140
1.0
102
RTVSPost2010PropOp39
 70
     1
102
RTVSPost2010Prop40
 90
        0
102
RTVSPost2010PropOp40
 70
     1
102
RTVSPost2010Prop41ColorIndex
 90
       18
102
RTVSPost2010Prop41ColorRGB
 90
        0
102
RTVSPost2010PropOp41
 70
     1
102
RTVSPost2010Prop42
 90
       50
102
RTVSPost2010PropOp42
 70
     1
102
RTVSPost2010Prop43
 90
        3
102
RTVSPost2010PropOp43
 70
     1
102
RTVSPost2010Prop44ColorIndex
 90
        5
102
RTVSPost2010Prop44ColorRGB
 90
      255
102
RTVSPost2010PropOp44
 70
     1
102
RTVSPost2010Prop45
280
     0
102
RTVSPost2010PropOp45
 70
     1
102
RTVSPost2010Prop46
 90
       50
102
RTVSPost2010PropOp46
 70
     1
102
RTVSPost2010Prop47
 90
       50
102
RTVSPost2010PropOp47
 70
     1
102
RTVSPost2010Prop48
 90
       50
102
RTVSPost2010PropOp48
 70
     1
102
RTVSPost2010Prop49
280
     0
102
RTVSPost2010PropOp49
 70
     1
102
RTVSPost2010Prop50
 90
       50
102
RTVSPost2010PropOp50
 70
     1
102
RTVSPost2010Prop51ColorIndex
 90
      256
102
RTVSPost2010Prop51ColorRGB
 90
-16777216
102
RTVSPost2010PropOp51
 70
     0
102
RTVSPost2010Prop52
140
1.0
102
RTVSPost2010PropOp52
 70
     0
102
RTVSPost2010Prop53
 90
        2
102
RTVSPost2010PropOp53
 70
     1
102
RTVSPost2010Prop54
  1
strokes_ogs.tif
102
RTVSPost2010PropOp54
 70
     1
102
RTVSPost2010Prop55
280
     0
102
RTVSPost2010PropOp55
 70
     1
102
RTVSPost2010Prop56
140
1.0
102
RTVSPost2010PropOp56
 70
     1
102
RTVSPost2010Prop57
140
1.0
102
RTVSPost2010PropOp57
 70
     1
  0
XRECORD
  5
548
102
{ACAD_REACTORS
330
547
102
}
330
547
100
AcDbXrecord
280
     1
102
RTVSPropertyOp0
 70
     0
102
RTVSPropertyOp1
 70
     0
102
RTVSPropertyOp2
 70
     0
102
RTVSPropertyOp3
 70
     0
102
RTVSPropertyOp4
 70
     0
102
RTVSPropertyOp5
 70
     0
102
RTVSPropertyOp6
 70
     0
102
RTVSPropertyOp7
 70
     0
102
RTVSPropertyOp8
 70
     0
102
RTVSPropertyOp9
 70
     0
102
RTVSPropertyOp10
 70
     0
102
RTVSPropertyOp11
 70
     0
102
RTVSPropertyOp12
 70
     0
102
RTVSPropertyOp13
 70
     0
102
RTVSPropertyOp14
 70
     2
102
RTVSPropertyOp15
 70
     0
102
RTVSPropertyOp16
 70
     0
102
RTVSPropertyOp17
 70
     0
102
RTVSPropertyOp18
 70
     0
102
RTVSPropertyOp19
 70
     0
102
RTVSPropertyOp20
 70
     0
102
RTVSPropertyOp21
 70
     0
102
RTVSPropertyOp22
 70
     0
102
RTVSPropertyOp23
 70
     0
102
RTVSPropertyOp24
 70
     0
102
RTVSPropertyOp25
 70
     0
102
RTVSPropertyOp26
 70
     0
102
RTVSPropertyOp27
 70
     0
102
RTVSPropertyOp28
 70
     0
102
RTVSPropertyOp29
 70
     0
102
RTVSPropertyOp30
 70
     0
102
RTVSPropertyOp31
 70
     0
102
RTVSPropertyOp32
 70
     0
102
RTVSPropertyOp33
 70
     0
102
RTVSPropertyOp34
 70
     0
102
RTVSPropertyOp35
 70
     0
102
RTVSPropertyOp36
 70
     0
102
RTVSPropertyOp37
 70
     0
102
RTVSPropertyOp38
 70
     0
102
RTVSPropertyOp39
 70
     0
102
RTVSPropertyOp40
 70
     0
102
RTVSPropertyOp41
 70
     0
102
RTVSPropertyOp42
 70
     0
102
RTVSPropertyOp43
 70
     0
102
RTVSPropertyOp44
 70
     0
102
RTVSPropertyOp45
 70
     0
102
RTVSPropertyOp46
 70
     0
102
RTVSPropertyOp47
 70
     0
102
RTVSPropertyOp48
 70
     0
102
RTVSPropertyOp49
 70
     0
102
RTVSPropertyOp50
 70
     0
102
RTVSPropertyOp51
 70
     0
102
RTVSPropertyOp52
 70
     0
102
RTVSPropertyOp53
 70
     0
102
RTVSPropertyOp54
 70
     0
102
RTVSPropertyOp55
 70
     0
102
RTVSPropertyOp56
 70
     0
102
RTVSPropertyOp57
 70
     0
102
RTVSPost2010Prop28
280
     0
102
RTVSPost2010PropOp28
 70
     0
102
RTVSPost2010Prop29
280
     1
102
RTVSPost2010PropOp29
 70
     0
102
RTVSPost2010Prop30
280
     1
102
RTVSPost2010PropOp30
 70
     0
102
RTVSPost2010Prop31
280
     0
102
RTVSPost2010PropOp31
 70
     0
102
RTVSPost2010Prop32
280
     0
102
RTVSPost2010PropOp32
 70
     0
102
RTVSPost2010Prop33
280
     0
102
RTVSPost2010PropOp33
 70
     0
102
RTVSPost2010Prop34
280
     0
102
RTVSPost2010PropOp34
 70
     0
102
RTVSPost2010Prop35
280
     0
102
RTVSPost2010PropOp35
 70
     0
102
RTVSPost2010Prop36
280
     0
102
RTVSPost2010PropOp36
 70
     0
102
RTVSPost2010Prop37
 90
       50
102
RTVSPost2010PropOp37
 70
     0
102
RTVSPost2010Prop38
140
0.0
102
RTVSPost2010PropOp38
 70
     0
102
RTVSPost2010Prop39
140
1.0
102
RTVSPost2010PropOp39
 70
     0
102
RTVSPost2010Prop40
 90
        0
102
RTVSPost2010PropOp40
 70
     0
102
RTVSPost2010Prop41ColorIndex
 90
       18
102
RTVSPost2010Prop41ColorRGB
 90
        0
102
RTVSPost2010PropOp41
 70
     0
102
RTVSPost2010Prop42
 90
       50
102
RTVSPost2010PropOp42
 70
     0
102
RTVSPost2010Prop43
 90
        3
102
RTVSPost2010PropOp43
 70
     0
102
RTVSPost2010Prop44ColorIndex
 90
        5
102
RTVSPost2010Prop44ColorRGB
 90
      255
102
RTVSPost2010PropOp44
 70
     0
102
RTVSPost2010Prop45
280
     0
102
RTVSPost2010PropOp45
 70
     0
102
RTVSPost2010Prop46
 90
       50
102
RTVSPost2010PropOp46
 70
     0
102
RTVSPost2010Prop47
 90
       50
102
RTVSPost2010PropOp47
 70
     0
102
RTVSPost2010Prop48
 90
       50
102
RTVSPost2010PropOp48
 70
     0
102
RTVSPost2010Prop49
280
     0
102
RTVSPost2010PropOp49
 70
     0
102
RTVSPost2010Prop50
 90
       50
102
RTVSPost2010PropOp50
 70
     0
102
RTVSPost2010Prop51ColorIndex
 90
      256
102
RTVSPost2010Prop51ColorRGB
 90
-16777216
102
RTVSPost2010PropOp51
 70
     0
102
RTVSPost2010Prop52
140
1.0
102
RTVSPost2010PropOp52
 70
     0
102
RTVSPost2010Prop53
 90
        2
102
RTVSPost2010PropOp53
 70
     0
102
RTVSPost2010Prop54
  1
strokes_ogs.tif
102
RTVSPost2010PropOp54
 70
     0
102
RTVSPost2010Prop55
280
     0
102
RTVSPost2010PropOp55
 70
     0
102
RTVSPost2010Prop56
140
1.0
102
RTVSPost2010PropOp56
 70
     0
102
RTVSPost2010Prop57
140
1.0
102
RTVSPost2010PropOp57
 70
     0
  0
XRECORD
  5
536
102
{ACAD_REACTORS
330
535
102
}
330
535
100
AcDbXrecord
280
     1
102
RTVSPropertyOp0
 70
     1
102
RTVSPropertyOp1
 70
     1
102
RTVSPropertyOp2
 70
     1
102
RTVSPropertyOp3
 70
     1
102
RTVSPropertyOp4
 70
     1
102
RTVSPropertyOp5
 70
     1
102
RTVSPropertyOp6
 70
     1
102
RTVSPropertyOp7
 70
     1
102
RTVSPropertyOp8
 70
     1
102
RTVSPropertyOp9
 70
     1
102
RTVSPropertyOp10
 70
     1
102
RTVSPropertyOp11
 70
     1
102
RTVSPropertyOp12
 70
     1
102
RTVSPropertyOp13
 70
     1
102
RTVSPropertyOp14
 70
     1
102
RTVSPropertyOp15
 70
     1
102
RTVSPropertyOp16
 70
     1
102
RTVSPropertyOp17
 70
     1
102
RTVSPropertyOp18
 70
     1
102
RTVSPropertyOp19
 70
     1
102
RTVSPropertyOp20
 70
     1
102
RTVSPropertyOp21
 70
     1
102
RTVSPropertyOp22
 70
     1
102
RTVSPropertyOp23
 70
     1
102
RTVSPropertyOp24
 70
     1
102
RTVSPropertyOp25
 70
     1
102
RTVSPropertyOp26
 70
     1
102
RTVSPropertyOp27
 70
     1
102
RTVSPropertyOp28
 70
     1
102
RTVSPropertyOp29
 70
     1
102
RTVSPropertyOp30
 70
     1
102
RTVSPropertyOp31
 70
     1
102
RTVSPropertyOp32
 70
     1
102
RTVSPropertyOp33
 70
     1
102
RTVSPropertyOp34
 70
     1
102
RTVSPropertyOp35
 70
     1
102
RTVSPropertyOp36
 70
     1
102
RTVSPropertyOp37
 70
     1
102
RTVSPropertyOp38
 70
     1
102
RTVSPropertyOp39
 70
     1
102
RTVSPropertyOp40
 70
     1
102
RTVSPropertyOp41
 70
     1
102
RTVSPropertyOp42
 70
     1
102
RTVSPropertyOp43
 70
     1
102
RTVSPropertyOp44
 70
     1
102
RTVSPropertyOp45
 70
     1
102
RTVSPropertyOp46
 70
     1
102
RTVSPropertyOp47
 70
     1
102
RTVSPropertyOp48
 70
     1
102
RTVSPropertyOp49
 70
     1
102
RTVSPropertyOp50
 70
     1
102
RTVSPropertyOp51
 70
     0
102
RTVSPropertyOp52
 70
     0
102
RTVSPropertyOp53
 70
     1
102
RTVSPropertyOp54
 70
     1
102
RTVSPropertyOp55
 70
     1
102
RTVSPropertyOp56
 70
     1
102
RTVSPropertyOp57
 70
     1
102
RTVSPost2010Prop28
280
     0
102
RTVSPost2010PropOp28
 70
     1
102
RTVSPost2010Prop29
280
     1
102
RTVSPost2010PropOp29
 70
     1
102
RTVSPost2010Prop30
280
     1
102
RTVSPost2010PropOp30
 70
     1
102
RTVSPost2010Prop31
280
     0
102
RTVSPost2010PropOp31
 70
     1
102
RTVSPost2010Prop32
280
     0
102
RTVSPost2010PropOp32
 70
     1
102
RTVSPost2010Prop33
280
     0
102
RTVSPost2010PropOp33
 70
     1
102
RTVSPost2010Prop34
280
     0
102
RTVSPost2010PropOp34
 70
     1
102
RTVSPost2010Prop35
280
     0
102
RTVSPost2010PropOp35
 70
     1
102
RTVSPost2010Prop36
280
     0
102
RTVSPost2010PropOp36
 70
     1
102
RTVSPost2010Prop37
 90
       50
102
RTVSPost2010PropOp37
 70
     1
102
RTVSPost2010Prop38
140
0.0
102
RTVSPost2010PropOp38
 70
     1
102
RTVSPost2010Prop39
140
1.0
102
RTVSPost2010PropOp39
 70
     1
102
RTVSPost2010Prop40
 90
        0
102
RTVSPost2010PropOp40
 70
     1
102
RTVSPost2010Prop41ColorIndex
 90
       18
102
RTVSPost2010Prop41ColorRGB
 90
        0
102
RTVSPost2010PropOp41
 70
     1
102
RTVSPost2010Prop42
 90
       50
102
RTVSPost2010PropOp42
 70
     1
102
RTVSPost2010Prop43
 90
        3
102
RTVSPost2010PropOp43
 70
     1
102
RTVSPost2010Prop44ColorIndex
 90
        5
102
RTVSPost2010Prop44ColorRGB
 90
      255
102
RTVSPost2010PropOp44
 70
     1
102
RTVSPost2010Prop45
280
     0
102
RTVSPost2010PropOp45
 70
     1
102
RTVSPost2010Prop46
 90
       50
102
RTVSPost2010PropOp46
 70
     1
102
RTVSPost2010Prop47
 90
       50
102
RTVSPost2010PropOp47
 70
     1
102
RTVSPost2010Prop48
 90
       50
102
RTVSPost2010PropOp48
 70
     1
102
RTVSPost2010Prop49
280
     0
102
RTVSPost2010PropOp49
 70
     1
102
RTVSPost2010Prop50
 90
       50
102
RTVSPost2010PropOp50
 70
     1
102
RTVSPost2010Prop51ColorIndex
 90
      256
102
RTVSPost2010Prop51ColorRGB
 90
-16777216
102
RTVSPost2010PropOp51
 70
     0
102
RTVSPost2010Prop52
140
1.0
102
RTVSPost2010PropOp52
 70
     0
102
RTVSPost2010Prop53
 90
        2
102
RTVSPost2010PropOp53
 70
     1
102
RTVSPost2010Prop54
  1
strokes_ogs.tif
102
RTVSPost2010PropOp54
 70
     1
102
RTVSPost2010Prop55
280
     0
102
RTVSPost2010PropOp55
 70
     1
102
RTVSPost2010Prop56
140
1.0
102
RTVSPost2010PropOp56
 70
     1
102
RTVSPost2010Prop57
140
1.0
102
RTVSPost2010PropOp57
 70
     1
  0
XRECORD
  5
554
102
{ACAD_REACTORS
330
553
102
}
330
553
100
AcDbXrecord
280
     1
102
RTVSPropertyOp0
 70
     1
102
RTVSPropertyOp1
 70
     1
102
RTVSPropertyOp2
 70
     1
102
RTVSPropertyOp3
 70
     1
102
RTVSPropertyOp4
 70
     1
102
RTVSPropertyOp5
 70
     1
102
RTVSPropertyOp6
 70
     1
102
RTVSPropertyOp7
 70
     1
102
RTVSPropertyOp8
 70
     1
102
RTVSPropertyOp9
 70
     1
102
RTVSPropertyOp10
 70
     1
102
RTVSPropertyOp11
 70
     1
102
RTVSPropertyOp12
 70
     1
102
RTVSPropertyOp13
 70
     1
102
RTVSPropertyOp14
 70
     1
102
RTVSPropertyOp15
 70
     1
102
RTVSPropertyOp16
 70
     1
102
RTVSPropertyOp17
 70
     1
102
RTVSPropertyOp18
 70
     1
102
RTVSPropertyOp19
 70
     1
102
RTVSPropertyOp20
 70
     1
102
RTVSPropertyOp21
 70
     1
102
RTVSPropertyOp22
 70
     1
102
RTVSPropertyOp23
 70
     1
102
RTVSPropertyOp24
 70
     1
102
RTVSPropertyOp25
 70
     1
102
RTVSPropertyOp26
 70
     1
102
RTVSPropertyOp27
 70
     1
102
RTVSPropertyOp28
 70
     1
102
RTVSPropertyOp29
 70
     1
102
RTVSPropertyOp30
 70
     1
102
RTVSPropertyOp31
 70
     1
102
RTVSPropertyOp32
 70
     1
102
RTVSPropertyOp33
 70
     1
102
RTVSPropertyOp34
 70
     1
102
RTVSPropertyOp35
 70
     1
102
RTVSPropertyOp36
 70
     1
102
RTVSPropertyOp37
 70
     1
102
RTVSPropertyOp38
 70
     1
102
RTVSPropertyOp39
 70
     1
102
RTVSPropertyOp40
 70
     1
102
RTVSPropertyOp41
 70
     1
102
RTVSPropertyOp42
 70
     1
102
RTVSPropertyOp43
 70
     1
102
RTVSPropertyOp44
 70
     1
102
RTVSPropertyOp45
 70
     1
102
RTVSPropertyOp46
 70
     1
102
RTVSPropertyOp47
 70
     1
102
RTVSPropertyOp48
 70
     1
102
RTVSPropertyOp49
 70
     1
102
RTVSPropertyOp50
 70
     1
102
RTVSPropertyOp51
 70
     0
102
RTVSPropertyOp52
 70
     0
102
RTVSPropertyOp53
 70
     1
102
RTVSPropertyOp54
 70
     1
102
RTVSPropertyOp55
 70
     1
102
RTVSPropertyOp56
 70
     1
102
RTVSPropertyOp57
 70
     1
102
RTVSPost2010Prop28
280
     0
102
RTVSPost2010PropOp28
 70
     1
102
RTVSPost2010Prop29
280
     1
102
RTVSPost2010PropOp29
 70
     1
102
RTVSPost2010Prop30
280
     1
102
RTVSPost2010PropOp30
 70
     1
102
RTVSPost2010Prop31
280
     0
102
RTVSPost2010PropOp31
 70
     1
102
RTVSPost2010Prop32
280
     0
102
RTVSPost2010PropOp32
 70
     1
102
RTVSPost2010Prop33
280
     0
102
RTVSPost2010PropOp33
 70
     1
102
RTVSPost2010Prop34
280
     0
102
RTVSPost2010PropOp34
 70
     1
102
RTVSPost2010Prop35
280
     0
102
RTVSPost2010PropOp35
 70
     1
102
RTVSPost2010Prop36
280
     0
102
RTVSPost2010PropOp36
 70
     1
102
RTVSPost2010Prop37
 90
       50
102
RTVSPost2010PropOp37
 70
     1
102
RTVSPost2010Prop38
140
0.0
102
RTVSPost2010PropOp38
 70
     1
102
RTVSPost2010Prop39
140
1.0
102
RTVSPost2010PropOp39
 70
     1
102
RTVSPost2010Prop40
 90
        0
102
RTVSPost2010PropOp40
 70
     1
102
RTVSPost2010Prop41ColorIndex
 90
       18
102
RTVSPost2010Prop41ColorRGB
 90
        0
102
RTVSPost2010PropOp41
 70
     1
102
RTVSPost2010Prop42
 90
       50
102
RTVSPost2010PropOp42
 70
     1
102
RTVSPost2010Prop43
 90
        3
102
RTVSPost2010PropOp43
 70
     1
102
RTVSPost2010Prop44ColorIndex
 90
        5
102
RTVSPost2010Prop44ColorRGB
 90
      255
102
RTVSPost2010PropOp44
 70
     1
102
RTVSPost2010Prop45
280
     0
102
RTVSPost2010PropOp45
 70
     1
102
RTVSPost2010Prop46
 90
       50
102
RTVSPost2010PropOp46
 70
     1
102
RTVSPost2010Prop47
 90
       50
102
RTVSPost2010PropOp47
 70
     1
102
RTVSPost2010Prop48
 90
       50
102
RTVSPost2010PropOp48
 70
     1
102
RTVSPost2010Prop49
280
     0
102
RTVSPost2010PropOp49
 70
     1
102
RTVSPost2010Prop50
 90
       50
102
RTVSPost2010PropOp50
 70
     1
102
RTVSPost2010Prop51ColorIndex
 90
      256
102
RTVSPost2010Prop51ColorRGB
 90
-16777216
102
RTVSPost2010PropOp51
 70
     0
102
RTVSPost2010Prop52
140
1.0
102
RTVSPost2010PropOp52
 70
     0
102
RTVSPost2010Prop53
 90
        2
102
RTVSPost2010PropOp53
 70
     1
102
RTVSPost2010Prop54
  1
strokes_ogs.tif
102
RTVSPost2010PropOp54
 70
     1
102
RTVSPost2010Prop55
280
     0
102
RTVSPost2010PropOp55
 70
     1
102
RTVSPost2010Prop56
140
1.0
102
RTVSPost2010PropOp56
 70
     1
102
RTVSPost2010Prop57
140
1.0
102
RTVSPost2010PropOp57
 70
     1
  0
XRECORD
  5
552
102
{ACAD_REACTORS
330
551
102
}
330
551
100
AcDbXrecord
280
     1
102
RTVSPropertyOp0
 70
     1
102
RTVSPropertyOp1
 70
     1
102
RTVSPropertyOp2
 70
     1
102
RTVSPropertyOp3
 70
     1
102
RTVSPropertyOp4
 70
     1
102
RTVSPropertyOp5
 70
     1
102
RTVSPropertyOp6
 70
     1
102
RTVSPropertyOp7
 70
     1
102
RTVSPropertyOp8
 70
     1
102
RTVSPropertyOp9
 70
     1
102
RTVSPropertyOp10
 70
     1
102
RTVSPropertyOp11
 70
     1
102
RTVSPropertyOp12
 70
     1
102
RTVSPropertyOp13
 70
     1
102
RTVSPropertyOp14
 70
     1
102
RTVSPropertyOp15
 70
     1
102
RTVSPropertyOp16
 70
     1
102
RTVSPropertyOp17
 70
     1
102
RTVSPropertyOp18
 70
     1
102
RTVSPropertyOp19
 70
     1
102
RTVSPropertyOp20
 70
     1
102
RTVSPropertyOp21
 70
     1
102
RTVSPropertyOp22
 70
     1
102
RTVSPropertyOp23
 70
     1
102
RTVSPropertyOp24
 70
     1
102
RTVSPropertyOp25
 70
     1
102
RTVSPropertyOp26
 70
     1
102
RTVSPropertyOp27
 70
     1
102
RTVSPropertyOp28
 70
     1
102
RTVSPropertyOp29
 70
     1
102
RTVSPropertyOp30
 70
     1
102
RTVSPropertyOp31
 70
     1
102
RTVSPropertyOp32
 70
     1
102
RTVSPropertyOp33
 70
     1
102
RTVSPropertyOp34
 70
     1
102
RTVSPropertyOp35
 70
     1
102
RTVSPropertyOp36
 70
     1
102
RTVSPropertyOp37
 70
     1
102
RTVSPropertyOp38
 70
     1
102
RTVSPropertyOp39
 70
     1
102
RTVSPropertyOp40
 70
     1
102
RTVSPropertyOp41
 70
     1
102
RTVSPropertyOp42
 70
     1
102
RTVSPropertyOp43
 70
     1
102
RTVSPropertyOp44
 70
     1
102
RTVSPropertyOp45
 70
     1
102
RTVSPropertyOp46
 70
     1
102
RTVSPropertyOp47
 70
     1
102
RTVSPropertyOp48
 70
     1
102
RTVSPropertyOp49
 70
     1
102
RTVSPropertyOp50
 70
     1
102
RTVSPropertyOp51
 70
     0
102
RTVSPropertyOp52
 70
     0
102
RTVSPropertyOp53
 70
     1
102
RTVSPropertyOp54
 70
     1
102
RTVSPropertyOp55
 70
     1
102
RTVSPropertyOp56
 70
     1
102
RTVSPropertyOp57
 70
     1
102
RTVSPost2010Prop28
280
     0
102
RTVSPost2010PropOp28
 70
     1
102
RTVSPost2010Prop29
280
     1
102
RTVSPost2010PropOp29
 70
     1
102
RTVSPost2010Prop30
280
     1
102
RTVSPost2010PropOp30
 70
     1
102
RTVSPost2010Prop31
280
     0
102
RTVSPost2010PropOp31
 70
     1
102
RTVSPost2010Prop32
280
     0
102
RTVSPost2010PropOp32
 70
     1
102
RTVSPost2010Prop33
280
     0
102
RTVSPost2010PropOp33
 70
     1
102
RTVSPost2010Prop34
280
     0
102
RTVSPost2010PropOp34
 70
     1
102
RTVSPost2010Prop35
280
     0
102
RTVSPost2010PropOp35
 70
     1
102
RTVSPost2010Prop36
280
     0
102
RTVSPost2010PropOp36
 70
     1
102
RTVSPost2010Prop37
 90
       50
102
RTVSPost2010PropOp37
 70
     1
102
RTVSPost2010Prop38
140
0.0
102
RTVSPost2010PropOp38
 70
     1
102
RTVSPost2010Prop39
140
1.0
102
RTVSPost2010PropOp39
 70
     1
102
RTVSPost2010Prop40
 90
        0
102
RTVSPost2010PropOp40
 70
     1
102
RTVSPost2010Prop41ColorIndex
 90
       18
102
RTVSPost2010Prop41ColorRGB
 90
        0
102
RTVSPost2010PropOp41
 70
     1
102
RTVSPost2010Prop42
 90
       50
102
RTVSPost2010PropOp42
 70
     1
102
RTVSPost2010Prop43
 90
        3
102
RTVSPost2010PropOp43
 70
     1
102
RTVSPost2010Prop44ColorIndex
 90
        5
102
RTVSPost2010Prop44ColorRGB
 90
      255
102
RTVSPost2010PropOp44
 70
     1
102
RTVSPost2010Prop45
280
     0
102
RTVSPost2010PropOp45
 70
     1
102
RTVSPost2010Prop46
 90
       50
102
RTVSPost2010PropOp46
 70
     1
102
RTVSPost2010Prop47
 90
       50
102
RTVSPost2010PropOp47
 70
     1
102
RTVSPost2010Prop48
 90
       50
102
RTVSPost2010PropOp48
 70
     1
102
RTVSPost2010Prop49
280
     0
102
RTVSPost2010PropOp49
 70
     1
102
RTVSPost2010Prop50
 90
       50
102
RTVSPost2010PropOp50
 70
     1
102
RTVSPost2010Prop51ColorIndex
 90
      256
102
RTVSPost2010Prop51ColorRGB
 90
-16777216
102
RTVSPost2010PropOp51
 70
     0
102
RTVSPost2010Prop52
140
1.0
102
RTVSPost2010PropOp52
 70
     0
102
RTVSPost2010Prop53
 90
        2
102
RTVSPost2010PropOp53
 70
     1
102
RTVSPost2010Prop54
  1
strokes_ogs.tif
102
RTVSPost2010PropOp54
 70
     1
102
RTVSPost2010Prop55
280
     0
102
RTVSPost2010PropOp55
 70
     1
102
RTVSPost2010Prop56
140
1.0
102
RTVSPost2010PropOp56
 70
     1
102
RTVSPost2010Prop57
140
1.0
102
RTVSPost2010PropOp57
 70
     1
  0
XRECORD
  5
54C
102
{ACAD_REACTORS
330
54B
102
}
330
54B
100
AcDbXrecord
280
     1
102
RTVSPropertyOp0
 70
     1
102
RTVSPropertyOp1
 70
     1
102
RTVSPropertyOp2
 70
     1
102
RTVSPropertyOp3
 70
     1
102
RTVSPropertyOp4
 70
     1
102
RTVSPropertyOp5
 70
     1
102
RTVSPropertyOp6
 70
     1
102
RTVSPropertyOp7
 70
     1
102
RTVSPropertyOp8
 70
     1
102
RTVSPropertyOp9
 70
     1
102
RTVSPropertyOp10
 70
     1
102
RTVSPropertyOp11
 70
     1
102
RTVSPropertyOp12
 70
     1
102
RTVSPropertyOp13
 70
     1
102
RTVSPropertyOp14
 70
     1
102
RTVSPropertyOp15
 70
     1
102
RTVSPropertyOp16
 70
     1
102
RTVSPropertyOp17
 70
     1
102
RTVSPropertyOp18
 70
     1
102
RTVSPropertyOp19
 70
     1
102
RTVSPropertyOp20
 70
     1
102
RTVSPropertyOp21
 70
     1
102
RTVSPropertyOp22
 70
     1
102
RTVSPropertyOp23
 70
     1
102
RTVSPropertyOp24
 70
     1
102
RTVSPropertyOp25
 70
     1
102
RTVSPropertyOp26
 70
     1
102
RTVSPropertyOp27
 70
     1
102
RTVSPropertyOp28
 70
     1
102
RTVSPropertyOp29
 70
     1
102
RTVSPropertyOp30
 70
     1
102
RTVSPropertyOp31
 70
     1
102
RTVSPropertyOp32
 70
     1
102
RTVSPropertyOp33
 70
     1
102
RTVSPropertyOp34
 70
     1
102
RTVSPropertyOp35
 70
     1
102
RTVSPropertyOp36
 70
     1
102
RTVSPropertyOp37
 70
     1
102
RTVSPropertyOp38
 70
     1
102
RTVSPropertyOp39
 70
     1
102
RTVSPropertyOp40
 70
     1
102
RTVSPropertyOp41
 70
     1
102
RTVSPropertyOp42
 70
     1
102
RTVSPropertyOp43
 70
     1
102
RTVSPropertyOp44
 70
     1
102
RTVSPropertyOp45
 70
     1
102
RTVSPropertyOp46
 70
     1
102
RTVSPropertyOp47
 70
     1
102
RTVSPropertyOp48
 70
     1
102
RTVSPropertyOp49
 70
     1
102
RTVSPropertyOp50
 70
     1
102
RTVSPropertyOp51
 70
     0
102
RTVSPropertyOp52
 70
     0
102
RTVSPropertyOp53
 70
     1
102
RTVSPropertyOp54
 70
     1
102
RTVSPropertyOp55
 70
     1
102
RTVSPropertyOp56
 70
     1
102
RTVSPropertyOp57
 70
     1
102
RTVSPost2010Prop28
280
     0
102
RTVSPost2010PropOp28
 70
     1
102
RTVSPost2010Prop29
280
     1
102
RTVSPost2010PropOp29
 70
     1
102
RTVSPost2010Prop30
280
     1
102
RTVSPost2010PropOp30
 70
     1
102
RTVSPost2010Prop31
280
     0
102
RTVSPost2010PropOp31
 70
     1
102
RTVSPost2010Prop32
280
     0
102
RTVSPost2010PropOp32
 70
     1
102
RTVSPost2010Prop33
280
     0
102
RTVSPost2010PropOp33
 70
     1
102
RTVSPost2010Prop34
280
     0
102
RTVSPost2010PropOp34
 70
     1
102
RTVSPost2010Prop35
280
     0
102
RTVSPost2010PropOp35
 70
     1
102
RTVSPost2010Prop36
280
     0
102
RTVSPost2010PropOp36
 70
     1
102
RTVSPost2010Prop37
 90
       50
102
RTVSPost2010PropOp37
 70
     1
102
RTVSPost2010Prop38
140
0.0
102
RTVSPost2010PropOp38
 70
     1
102
RTVSPost2010Prop39
140
1.0
102
RTVSPost2010PropOp39
 70
     1
102
RTVSPost2010Prop40
 90
        0
102
RTVSPost2010PropOp40
 70
     1
102
RTVSPost2010Prop41ColorIndex
 90
       18
102
RTVSPost2010Prop41ColorRGB
 90
        0
102
RTVSPost2010PropOp41
 70
     1
102
RTVSPost2010Prop42
 90
       50
102
RTVSPost2010PropOp42
 70
     1
102
RTVSPost2010Prop43
 90
        3
102
RTVSPost2010PropOp43
 70
     1
102
RTVSPost2010Prop44ColorIndex
 90
        5
102
RTVSPost2010Prop44ColorRGB
 90
      255
102
RTVSPost2010PropOp44
 70
     1
102
RTVSPost2010Prop45
280
     0
102
RTVSPost2010PropOp45
 70
     1
102
RTVSPost2010Prop46
 90
       50
102
RTVSPost2010PropOp46
 70
     1
102
RTVSPost2010Prop47
 90
       50
102
RTVSPost2010PropOp47
 70
     1
102
RTVSPost2010Prop48
 90
       50
102
RTVSPost2010PropOp48
 70
     1
102
RTVSPost2010Prop49
280
     0
102
RTVSPost2010PropOp49
 70
     1
102
RTVSPost2010Prop50
 90
       50
102
RTVSPost2010PropOp50
 70
     1
102
RTVSPost2010Prop51ColorIndex
 90
      256
102
RTVSPost2010Prop51ColorRGB
 90
-16777216
102
RTVSPost2010PropOp51
 70
     0
102
RTVSPost2010Prop52
140
1.0
102
RTVSPost2010PropOp52
 70
     0
102
RTVSPost2010Prop53
 90
        2
102
RTVSPost2010PropOp53
 70
     1
102
RTVSPost2010Prop54
  1
strokes_ogs.tif
102
RTVSPost2010PropOp54
 70
     1
102
RTVSPost2010Prop55
280
     0
102
RTVSPost2010PropOp55
 70
     1
102
RTVSPost2010Prop56
140
1.0
102
RTVSPost2010PropOp56
 70
     1
102
RTVSPost2010Prop57
140
1.0
102
RTVSPost2010PropOp57
 70
     1
  0
XRECORD
  5
54E
102
{ACAD_REACTORS
330
54D
102
}
330
54D
100
AcDbXrecord
280
     1
102
RTVSPropertyOp0
 70
     1
102
RTVSPropertyOp1
 70
     1
102
RTVSPropertyOp2
 70
     1
102
RTVSPropertyOp3
 70
     1
102
RTVSPropertyOp4
 70
     1
102
RTVSPropertyOp5
 70
     1
102
RTVSPropertyOp6
 70
     1
102
RTVSPropertyOp7
 70
     1
102
RTVSPropertyOp8
 70
     1
102
RTVSPropertyOp9
 70
     1
102
RTVSPropertyOp10
 70
     1
102
RTVSPropertyOp11
 70
     1
102
RTVSPropertyOp12
 70
     1
102
RTVSPropertyOp13
 70
     1
102
RTVSPropertyOp14
 70
     1
102
RTVSPropertyOp15
 70
     1
102
RTVSPropertyOp16
 70
     1
102
RTVSPropertyOp17
 70
     1
102
RTVSPropertyOp18
 70
     1
102
RTVSPropertyOp19
 70
     1
102
RTVSPropertyOp20
 70
     1
102
RTVSPropertyOp21
 70
     1
102
RTVSPropertyOp22
 70
     1
102
RTVSPropertyOp23
 70
     1
102
RTVSPropertyOp24
 70
     1
102
RTVSPropertyOp25
 70
     1
102
RTVSPropertyOp26
 70
     1
102
RTVSPropertyOp27
 70
     1
102
RTVSPropertyOp28
 70
     1
102
RTVSPropertyOp29
 70
     1
102
RTVSPropertyOp30
 70
     1
102
RTVSPropertyOp31
 70
     1
102
RTVSPropertyOp32
 70
     1
102
RTVSPropertyOp33
 70
     1
102
RTVSPropertyOp34
 70
     1
102
RTVSPropertyOp35
 70
     1
102
RTVSPropertyOp36
 70
     1
102
RTVSPropertyOp37
 70
     1
102
RTVSPropertyOp38
 70
     1
102
RTVSPropertyOp39
 70
     1
102
RTVSPropertyOp40
 70
     1
102
RTVSPropertyOp41
 70
     1
102
RTVSPropertyOp42
 70
     1
102
RTVSPropertyOp43
 70
     1
102
RTVSPropertyOp44
 70
     1
102
RTVSPropertyOp45
 70
     1
102
RTVSPropertyOp46
 70
     1
102
RTVSPropertyOp47
 70
     1
102
RTVSPropertyOp48
 70
     1
102
RTVSPropertyOp49
 70
     1
102
RTVSPropertyOp50
 70
     1
102
RTVSPropertyOp51
 70
     0
102
RTVSPropertyOp52
 70
     0
102
RTVSPropertyOp53
 70
     1
102
RTVSPropertyOp54
 70
     1
102
RTVSPropertyOp55
 70
     1
102
RTVSPropertyOp56
 70
     1
102
RTVSPropertyOp57
 70
     1
102
RTVSPost2010Prop28
280
     0
102
RTVSPost2010PropOp28
 70
     1
102
RTVSPost2010Prop29
280
     1
102
RTVSPost2010PropOp29
 70
     1
102
RTVSPost2010Prop30
280
     1
102
RTVSPost2010PropOp30
 70
     1
102
RTVSPost2010Prop31
280
     0
102
RTVSPost2010PropOp31
 70
     1
102
RTVSPost2010Prop32
280
     0
102
RTVSPost2010PropOp32
 70
     1
102
RTVSPost2010Prop33
280
     0
102
RTVSPost2010PropOp33
 70
     1
102
RTVSPost2010Prop34
280
     0
102
RTVSPost2010PropOp34
 70
     1
102
RTVSPost2010Prop35
280
     0
102
RTVSPost2010PropOp35
 70
     1
102
RTVSPost2010Prop36
280
     0
102
RTVSPost2010PropOp36
 70
     1
102
RTVSPost2010Prop37
 90
       50
102
RTVSPost2010PropOp37
 70
     1
102
RTVSPost2010Prop38
140
0.0
102
RTVSPost2010PropOp38
 70
     1
102
RTVSPost2010Prop39
140
1.0
102
RTVSPost2010PropOp39
 70
     1
102
RTVSPost2010Prop40
 90
        0
102
RTVSPost2010PropOp40
 70
     1
102
RTVSPost2010Prop41ColorIndex
 90
       18
102
RTVSPost2010Prop41ColorRGB
 90
        0
102
RTVSPost2010PropOp41
 70
     1
102
RTVSPost2010Prop42
 90
       50
102
RTVSPost2010PropOp42
 70
     1
102
RTVSPost2010Prop43
 90
        3
102
RTVSPost2010PropOp43
 70
     1
102
RTVSPost2010Prop44ColorIndex
 90
        5
102
RTVSPost2010Prop44ColorRGB
 90
      255
102
RTVSPost2010PropOp44
 70
     1
102
RTVSPost2010Prop45
280
     0
102
RTVSPost2010PropOp45
 70
     1
102
RTVSPost2010Prop46
 90
       50
102
RTVSPost2010PropOp46
 70
     1
102
RTVSPost2010Prop47
 90
       50
102
RTVSPost2010PropOp47
 70
     1
102
RTVSPost2010Prop48
 90
       50
102
RTVSPost2010PropOp48
 70
     1
102
RTVSPost2010Prop49
280
     0
102
RTVSPost2010PropOp49
 70
     1
102
RTVSPost2010Prop50
 90
       50
102
RTVSPost2010PropOp50
 70
     1
102
RTVSPost2010Prop51ColorIndex
 90
      256
102
RTVSPost2010Prop51ColorRGB
 90
-16777216
102
RTVSPost2010PropOp51
 70
     0
102
RTVSPost2010Prop52
140
1.0
102
RTVSPost2010PropOp52
 70
     0
102
RTVSPost2010Prop53
 90
        2
102
RTVSPost2010PropOp53
 70
     1
102
RTVSPost2010Prop54
  1
strokes_ogs.tif
102
RTVSPost2010PropOp54
 70
     1
102
RTVSPost2010Prop55
280
     0
102
RTVSPost2010PropOp55
 70
     1
102
RTVSPost2010Prop56
140
1.0
102
RTVSPost2010PropOp56
 70
     1
102
RTVSPost2010Prop57
140
1.0
102
RTVSPost2010PropOp57
 70
     1
  0
XRECORD
  5
53E
102
{ACAD_REACTORS
330
53D
102
}
330
53D
100
AcDbXrecord
280
     1
102
RTVSPropertyOp0
 70
     1
102
RTVSPropertyOp1
 70
     1
102
RTVSPropertyOp2
 70
     1
102
RTVSPropertyOp3
 70
     1
102
RTVSPropertyOp4
 70
     1
102
RTVSPropertyOp5
 70
     1
102
RTVSPropertyOp6
 70
     1
102
RTVSPropertyOp7
 70
     1
102
RTVSPropertyOp8
 70
     1
102
RTVSPropertyOp9
 70
     1
102
RTVSPropertyOp10
 70
     1
102
RTVSPropertyOp11
 70
     1
102
RTVSPropertyOp12
 70
     1
102
RTVSPropertyOp13
 70
     1
102
RTVSPropertyOp14
 70
     1
102
RTVSPropertyOp15
 70
     1
102
RTVSPropertyOp16
 70
     1
102
RTVSPropertyOp17
 70
     1
102
RTVSPropertyOp18
 70
     1
102
RTVSPropertyOp19
 70
     1
102
RTVSPropertyOp20
 70
     1
102
RTVSPropertyOp21
 70
     1
102
RTVSPropertyOp22
 70
     1
102
RTVSPropertyOp23
 70
     1
102
RTVSPropertyOp24
 70
     1
102
RTVSPropertyOp25
 70
     1
102
RTVSPropertyOp26
 70
     1
102
RTVSPropertyOp27
 70
     1
102
RTVSPropertyOp28
 70
     1
102
RTVSPropertyOp29
 70
     1
102
RTVSPropertyOp30
 70
     1
102
RTVSPropertyOp31
 70
     1
102
RTVSPropertyOp32
 70
     1
102
RTVSPropertyOp33
 70
     1
102
RTVSPropertyOp34
 70
     1
102
RTVSPropertyOp35
 70
     1
102
RTVSPropertyOp36
 70
     1
102
RTVSPropertyOp37
 70
     1
102
RTVSPropertyOp38
 70
     1
102
RTVSPropertyOp39
 70
     1
102
RTVSPropertyOp40
 70
     1
102
RTVSPropertyOp41
 70
     1
102
RTVSPropertyOp42
 70
     1
102
RTVSPropertyOp43
 70
     1
102
RTVSPropertyOp44
 70
     1
102
RTVSPropertyOp45
 70
     1
102
RTVSPropertyOp46
 70
     1
102
RTVSPropertyOp47
 70
     1
102
RTVSPropertyOp48
 70
     1
102
RTVSPropertyOp49
 70
     1
102
RTVSPropertyOp50
 70
     1
102
RTVSPropertyOp51
 70
     0
102
RTVSPropertyOp52
 70
     0
102
RTVSPropertyOp53
 70
     1
102
RTVSPropertyOp54
 70
     1
102
RTVSPropertyOp55
 70
     1
102
RTVSPropertyOp56
 70
     1
102
RTVSPropertyOp57
 70
     1
102
RTVSPost2010Prop28
280
     0
102
RTVSPost2010PropOp28
 70
     1
102
RTVSPost2010Prop29
280
     1
102
RTVSPost2010PropOp29
 70
     1
102
RTVSPost2010Prop30
280
     1
102
RTVSPost2010PropOp30
 70
     1
102
RTVSPost2010Prop31
280
     0
102
RTVSPost2010PropOp31
 70
     1
102
RTVSPost2010Prop32
280
     0
102
RTVSPost2010PropOp32
 70
     1
102
RTVSPost2010Prop33
280
     0
102
RTVSPost2010PropOp33
 70
     1
102
RTVSPost2010Prop34
280
     0
102
RTVSPost2010PropOp34
 70
     1
102
RTVSPost2010Prop35
280
     0
102
RTVSPost2010PropOp35
 70
     1
102
RTVSPost2010Prop36
280
     0
102
RTVSPost2010PropOp36
 70
     1
102
RTVSPost2010Prop37
 90
       50
102
RTVSPost2010PropOp37
 70
     1
102
RTVSPost2010Prop38
140
0.0
102
RTVSPost2010PropOp38
 70
     1
102
RTVSPost2010Prop39
140
1.0
102
RTVSPost2010PropOp39
 70
     1
102
RTVSPost2010Prop40
 90
        0
102
RTVSPost2010PropOp40
 70
     1
102
RTVSPost2010Prop41ColorIndex
 90
       18
102
RTVSPost2010Prop41ColorRGB
 90
        0
102
RTVSPost2010PropOp41
 70
     1
102
RTVSPost2010Prop42
 90
       50
102
RTVSPost2010PropOp42
 70
     1
102
RTVSPost2010Prop43
 90
        3
102
RTVSPost2010PropOp43
 70
     1
102
RTVSPost2010Prop44ColorIndex
 90
        5
102
RTVSPost2010Prop44ColorRGB
 90
      255
102
RTVSPost2010PropOp44
 70
     1
102
RTVSPost2010Prop45
280
     0
102
RTVSPost2010PropOp45
 70
     1
102
RTVSPost2010Prop46
 90
       50
102
RTVSPost2010PropOp46
 70
     1
102
RTVSPost2010Prop47
 90
       50
102
RTVSPost2010PropOp47
 70
     1
102
RTVSPost2010Prop48
 90
       50
102
RTVSPost2010PropOp48
 70
     1
102
RTVSPost2010Prop49
280
     0
102
RTVSPost2010PropOp49
 70
     1
102
RTVSPost2010Prop50
 90
       50
102
RTVSPost2010PropOp50
 70
     1
102
RTVSPost2010Prop51ColorIndex
 90
      256
102
RTVSPost2010Prop51ColorRGB
 90
-16777216
102
RTVSPost2010PropOp51
 70
     0
102
RTVSPost2010Prop52
140
1.0
102
RTVSPost2010PropOp52
 70
     0
102
RTVSPost2010Prop53
 90
        2
102
RTVSPost2010PropOp53
 70
     1
102
RTVSPost2010Prop54
  1
strokes_ogs.tif
102
RTVSPost2010PropOp54
 70
     1
102
RTVSPost2010Prop55
280
     0
102
RTVSPost2010PropOp55
 70
     1
102
RTVSPost2010Prop56
140
1.0
102
RTVSPost2010PropOp56
 70
     1
102
RTVSPost2010Prop57
140
1.0
102
RTVSPost2010PropOp57
 70
     1
  0
XRECORD
  5
530
102
{ACAD_REACTORS
330
52F
102
}
330
52F
100
AcDbXrecord
280
     1
102
RTVSPropertyOp0
 70
     1
102
RTVSPropertyOp1
 70
     1
102
RTVSPropertyOp2
 70
     1
102
RTVSPropertyOp3
 70
     1
102
RTVSPropertyOp4
 70
     1
102
RTVSPropertyOp5
 70
     1
102
RTVSPropertyOp6
 70
     1
102
RTVSPropertyOp7
 70
     1
102
RTVSPropertyOp8
 70
     1
102
RTVSPropertyOp9
 70
     1
102
RTVSPropertyOp10
 70
     1
102
RTVSPropertyOp11
 70
     1
102
RTVSPropertyOp12
 70
     1
102
RTVSPropertyOp13
 70
     1
102
RTVSPropertyOp14
 70
     1
102
RTVSPropertyOp15
 70
     1
102
RTVSPropertyOp16
 70
     1
102
RTVSPropertyOp17
 70
     1
102
RTVSPropertyOp18
 70
     1
102
RTVSPropertyOp19
 70
     1
102
RTVSPropertyOp20
 70
     1
102
RTVSPropertyOp21
 70
     1
102
RTVSPropertyOp22
 70
     1
102
RTVSPropertyOp23
 70
     1
102
RTVSPropertyOp24
 70
     1
102
RTVSPropertyOp25
 70
     1
102
RTVSPropertyOp26
 70
     1
102
RTVSPropertyOp27
 70
     1
102
RTVSPropertyOp28
 70
     1
102
RTVSPropertyOp29
 70
     1
102
RTVSPropertyOp30
 70
     1
102
RTVSPropertyOp31
 70
     1
102
RTVSPropertyOp32
 70
     1
102
RTVSPropertyOp33
 70
     1
102
RTVSPropertyOp34
 70
     1
102
RTVSPropertyOp35
 70
     1
102
RTVSPropertyOp36
 70
     1
102
RTVSPropertyOp37
 70
     1
102
RTVSPropertyOp38
 70
     1
102
RTVSPropertyOp39
 70
     1
102
RTVSPropertyOp40
 70
     1
102
RTVSPropertyOp41
 70
     1
102
RTVSPropertyOp42
 70
     1
102
RTVSPropertyOp43
 70
     1
102
RTVSPropertyOp44
 70
     1
102
RTVSPropertyOp45
 70
     1
102
RTVSPropertyOp46
 70
     1
102
RTVSPropertyOp47
 70
     1
102
RTVSPropertyOp48
 70
     1
102
RTVSPropertyOp49
 70
     1
102
RTVSPropertyOp50
 70
     1
102
RTVSPropertyOp51
 70
     0
102
RTVSPropertyOp52
 70
     0
102
RTVSPropertyOp53
 70
     1
102
RTVSPropertyOp54
 70
     1
102
RTVSPropertyOp55
 70
     1
102
RTVSPropertyOp56
 70
     1
102
RTVSPropertyOp57
 70
     1
102
RTVSPost2010Prop28
280
     0
102
RTVSPost2010PropOp28
 70
     1
102
RTVSPost2010Prop29
280
     1
102
RTVSPost2010PropOp29
 70
     1
102
RTVSPost2010Prop30
280
     1
102
RTVSPost2010PropOp30
 70
     1
102
RTVSPost2010Prop31
280
     0
102
RTVSPost2010PropOp31
 70
     1
102
RTVSPost2010Prop32
280
     0
102
RTVSPost2010PropOp32
 70
     1
102
RTVSPost2010Prop33
280
     0
102
RTVSPost2010PropOp33
 70
     1
102
RTVSPost2010Prop34
280
     0
102
RTVSPost2010PropOp34
 70
     1
102
RTVSPost2010Prop35
280
     0
102
RTVSPost2010PropOp35
 70
     1
102
RTVSPost2010Prop36
280
     0
102
RTVSPost2010PropOp36
 70
     1
102
RTVSPost2010Prop37
 90
       50
102
RTVSPost2010PropOp37
 70
     1
102
RTVSPost2010Prop38
140
0.0
102
RTVSPost2010PropOp38
 70
     1
102
RTVSPost2010Prop39
140
1.0
102
RTVSPost2010PropOp39
 70
     1
102
RTVSPost2010Prop40
 90
        0
102
RTVSPost2010PropOp40
 70
     1
102
RTVSPost2010Prop41ColorIndex
 90
       18
102
RTVSPost2010Prop41ColorRGB
 90
        0
102
RTVSPost2010PropOp41
 70
     1
102
RTVSPost2010Prop42
 90
       50
102
RTVSPost2010PropOp42
 70
     1
102
RTVSPost2010Prop43
 90
        3
102
RTVSPost2010PropOp43
 70
     1
102
RTVSPost2010Prop44ColorIndex
 90
        5
102
RTVSPost2010Prop44ColorRGB
 90
      255
102
RTVSPost2010PropOp44
 70
     1
102
RTVSPost2010Prop45
280
     0
102
RTVSPost2010PropOp45
 70
     1
102
RTVSPost2010Prop46
 90
       50
102
RTVSPost2010PropOp46
 70
     1
102
RTVSPost2010Prop47
 90
       50
102
RTVSPost2010PropOp47
 70
     1
102
RTVSPost2010Prop48
 90
       50
102
RTVSPost2010PropOp48
 70
     1
102
RTVSPost2010Prop49
280
     0
102
RTVSPost2010PropOp49
 70
     1
102
RTVSPost2010Prop50
 90
       50
102
RTVSPost2010PropOp50
 70
     1
102
RTVSPost2010Prop51ColorIndex
 90
      256
102
RTVSPost2010Prop51ColorRGB
 90
-16777216
102
RTVSPost2010PropOp51
 70
     0
102
RTVSPost2010Prop52
140
1.0
102
RTVSPost2010PropOp52
 70
     0
102
RTVSPost2010Prop53
 90
        2
102
RTVSPost2010PropOp53
 70
     1
102
RTVSPost2010Prop54
  1
strokes_ogs.tif
102
RTVSPost2010PropOp54
 70
     1
102
RTVSPost2010Prop55
280
     0
102
RTVSPost2010PropOp55
 70
     1
102
RTVSPost2010Prop56
140
1.0
102
RTVSPost2010PropOp56
 70
     1
102
RTVSPost2010Prop57
140
1.0
102
RTVSPost2010PropOp57
 70
     1
  0
XRECORD
  5
550
102
{ACAD_REACTORS
330
54F
102
}
330
54F
100
AcDbXrecord
280
     1
102
RTVSPropertyOp0
 70
     1
102
RTVSPropertyOp1
 70
     1
102
RTVSPropertyOp2
 70
     1
102
RTVSPropertyOp3
 70
     1
102
RTVSPropertyOp4
 70
     1
102
RTVSPropertyOp5
 70
     1
102
RTVSPropertyOp6
 70
     1
102
RTVSPropertyOp7
 70
     1
102
RTVSPropertyOp8
 70
     1
102
RTVSPropertyOp9
 70
     1
102
RTVSPropertyOp10
 70
     1
102
RTVSPropertyOp11
 70
     1
102
RTVSPropertyOp12
 70
     1
102
RTVSPropertyOp13
 70
     1
102
RTVSPropertyOp14
 70
     1
102
RTVSPropertyOp15
 70
     1
102
RTVSPropertyOp16
 70
     1
102
RTVSPropertyOp17
 70
     1
102
RTVSPropertyOp18
 70
     1
102
RTVSPropertyOp19
 70
     1
102
RTVSPropertyOp20
 70
     1
102
RTVSPropertyOp21
 70
     1
102
RTVSPropertyOp22
 70
     1
102
RTVSPropertyOp23
 70
     1
102
RTVSPropertyOp24
 70
     1
102
RTVSPropertyOp25
 70
     1
102
RTVSPropertyOp26
 70
     1
102
RTVSPropertyOp27
 70
     1
102
RTVSPropertyOp28
 70
     1
102
RTVSPropertyOp29
 70
     1
102
RTVSPropertyOp30
 70
     1
102
RTVSPropertyOp31
 70
     1
102
RTVSPropertyOp32
 70
     1
102
RTVSPropertyOp33
 70
     1
102
RTVSPropertyOp34
 70
     1
102
RTVSPropertyOp35
 70
     1
102
RTVSPropertyOp36
 70
     1
102
RTVSPropertyOp37
 70
     1
102
RTVSPropertyOp38
 70
     1
102
RTVSPropertyOp39
 70
     1
102
RTVSPropertyOp40
 70
     1
102
RTVSPropertyOp41
 70
     1
102
RTVSPropertyOp42
 70
     1
102
RTVSPropertyOp43
 70
     1
102
RTVSPropertyOp44
 70
     1
102
RTVSPropertyOp45
 70
     1
102
RTVSPropertyOp46
 70
     1
102
RTVSPropertyOp47
 70
     1
102
RTVSPropertyOp48
 70
     1
102
RTVSPropertyOp49
 70
     1
102
RTVSPropertyOp50
 70
     1
102
RTVSPropertyOp51
 70
     0
102
RTVSPropertyOp52
 70
     0
102
RTVSPropertyOp53
 70
     1
102
RTVSPropertyOp54
 70
     1
102
RTVSPropertyOp55
 70
     1
102
RTVSPropertyOp56
 70
     1
102
RTVSPropertyOp57
 70
     1
102
RTVSPost2010Prop28
280
     0
102
RTVSPost2010PropOp28
 70
     1
102
RTVSPost2010Prop29
280
     1
102
RTVSPost2010PropOp29
 70
     1
102
RTVSPost2010Prop30
280
     1
102
RTVSPost2010PropOp30
 70
     1
102
RTVSPost2010Prop31
280
     0
102
RTVSPost2010PropOp31
 70
     1
102
RTVSPost2010Prop32
280
     0
102
RTVSPost2010PropOp32
 70
     1
102
RTVSPost2010Prop33
280
     0
102
RTVSPost2010PropOp33
 70
     1
102
RTVSPost2010Prop34
280
     0
102
RTVSPost2010PropOp34
 70
     1
102
RTVSPost2010Prop35
280
     0
102
RTVSPost2010PropOp35
 70
     1
102
RTVSPost2010Prop36
280
     0
102
RTVSPost2010PropOp36
 70
     1
102
RTVSPost2010Prop37
 90
       50
102
RTVSPost2010PropOp37
 70
     1
102
RTVSPost2010Prop38
140
0.0
102
RTVSPost2010PropOp38
 70
     1
102
RTVSPost2010Prop39
140
1.0
102
RTVSPost2010PropOp39
 70
     1
102
RTVSPost2010Prop40
 90
        0
102
RTVSPost2010PropOp40
 70
     1
102
RTVSPost2010Prop41ColorIndex
 90
       18
102
RTVSPost2010Prop41ColorRGB
 90
        0
102
RTVSPost2010PropOp41
 70
     1
102
RTVSPost2010Prop42
 90
       50
102
RTVSPost2010PropOp42
 70
     1
102
RTVSPost2010Prop43
 90
        3
102
RTVSPost2010PropOp43
 70
     1
102
RTVSPost2010Prop44ColorIndex
 90
        5
102
RTVSPost2010Prop44ColorRGB
 90
      255
102
RTVSPost2010PropOp44
 70
     1
102
RTVSPost2010Prop45
280
     0
102
RTVSPost2010PropOp45
 70
     1
102
RTVSPost2010Prop46
 90
       50
102
RTVSPost2010PropOp46
 70
     1
102
RTVSPost2010Prop47
 90
       50
102
RTVSPost2010PropOp47
 70
     1
102
RTVSPost2010Prop48
 90
       50
102
RTVSPost2010PropOp48
 70
     1
102
RTVSPost2010Prop49
280
     0
102
RTVSPost2010PropOp49
 70
     1
102
RTVSPost2010Prop50
 90
       50
102
RTVSPost2010PropOp50
 70
     1
102
RTVSPost2010Prop51ColorIndex
 90
      256
102
RTVSPost2010Prop51ColorRGB
 90
-16777216
102
RTVSPost2010PropOp51
 70
     0
102
RTVSPost2010Prop52
140
1.0
102
RTVSPost2010PropOp52
 70
     0
102
RTVSPost2010Prop53
 90
        2
102
RTVSPost2010PropOp53
 70
     1
102
RTVSPost2010Prop54
  1
strokes_ogs.tif
102
RTVSPost2010PropOp54
 70
     1
102
RTVSPost2010Prop55
280
     0
102
RTVSPost2010PropOp55
 70
     1
102
RTVSPost2010Prop56
140
1.0
102
RTVSPost2010PropOp56
 70
     1
102
RTVSPost2010Prop57
140
1.0
102
RTVSPost2010PropOp57
 70
     1
  0
ENDSEC
  0
EOF
