  0
SECTION
  2
HEADER
  9
$ACADVER
  1
AC1021
  9
$ACADMAINTVER
 70
    25
  9
$DWGCODEPAGE
  3
ANSI_1252
  9
$LASTSAVEDBY
  1
josnyder
  9
$INSBASE
 10
0.0
 20
0.0
 30
0.0
  9
$EXTMIN
 10
-401.5256619195378
 20
-5.155652200788111
 30
0.0
  9
$EXTMAX
 10
57.68305113999799
 20
6.696078874912651
 30
0.0
  9
$LIMMIN
 10
0.0
 20
0.0
  9
$LIMMAX
 10
12.0
 20
9.0
  9
$ORTHOMODE
 70
     0
  9
$REGENMODE
 70
     1
  9
$FILLMODE
 70
     1
  9
$QTEXTMODE
 70
     0
  9
$MIRRTEXT
 70
     0
  9
$LTSCALE
 40
1.0
  9
$ATTMODE
 70
     1
  9
$TEXTSIZE
 40
0.2
  9
$TRACEWID
 40
0.05
  9
$TEXTSTYLE
  7
Standard
  9
$CLAYER
  8
0
  9
$CELTYPE
  6
ByLayer
  9
$CECOLOR
 62
   256
  9
$CELTSCALE
 40
1.0
  9
$DISPSILH
 70
     0
  9
$DIMSCALE
 40
1.0
  9
$DIMASZ
 40
0.18
  9
$DIMEXO
 40
0.0625
  9
$DIMDLI
 40
0.38
  9
$DIMRND
 40
0.0
  9
$DIMDLE
 40
0.0
  9
$DIMEXE
 40
0.18
  9
$DIMTP
 40
0.0
  9
$DIMTM
 40
0.0
  9
$DIMTXT
 40
0.18
  9
$DIMCEN
 40
0.09
  9
$DIMTSZ
 40
0.0
  9
$DIMTOL
 70
     0
  9
$DIMLIM
 70
     0
  9
$DIMTIH
 70
     1
  9
$DIMTOH
 70
     1
  9
$DIMSE1
 70
     0
  9
$DIMSE2
 70
     0
  9
$DIMTAD
 70
     0
  9
$DIMZIN
 70
     0
  9
$DIMBLK
  1

  9
$DIMASO
 70
     1
  9
$DIMSHO
 70
     1
  9
$DIMPOST
  1

  9
$DIMAPOST
  1

  9
$DIMALT
 70
     0
  9
$DIMALTD
 70
     2
  9
$DIMALTF
 40
25.4
  9
$DIMLFAC
 40
1.0
  9
$DIMTOFL
 70
     0
  9
$DIMTVP
 40
0.0
  9
$DIMTIX
 70
     0
  9
$DIMSOXD
 70
     0
  9
$DIMSAH
 70
     0
  9
$DIMBLK1
  1

  9
$DIMBLK2
  1

  9
$DIMSTYLE
  2
STANDARD_ACAD
  9
$DIMCLRD
 70
     0
  9
$DIMCLRE
 70
     0
  9
$DIMCLRT
 70
     0
  9
$DIMTFAC
 40
1.0
  9
$DIMGAP
 40
0.09
  9
$DIMJUST
 70
     0
  9
$DIMSD1
 70
     0
  9
$DIMSD2
 70
     0
  9
$DIMTOLJ
 70
     1
  9
$DIMTZIN
 70
     0
  9
$DIMALTZ
 70
     0
  9
$DIMALTTZ
 70
     0
  9
$DIMUPT
 70
     0
  9
$DIMDEC
 70
     4
  9
$DIMTDEC
 70
     4
  9
$DIMALTU
 70
     2
  9
$DIMALTTD
 70
     2
  9
$DIMTXSTY
  7
Standard
  9
$DIMAUNIT
 70
     0
  9
$DIMADEC
 70
     0
  9
$DIMALTRND
 40
0.0
  9
$DIMAZIN
 70
     0
  9
$DIMDSEP
 70
    46
  9
$DIMATFIT
 70
     3
  9
$DIMFRAC
 70
     0
  9
$DIMLDRBLK
  1

  9
$DIMLUNIT
 70
     2
  9
$DIMLWD
 70
    -2
  9
$DIMLWE
 70
    -2
  9
$DIMTMOVE
 70
     2
  9
$DIMFXL
 40
1.0
  9
$DIMFXLON
 70
     0
  9
$DIMJOGANG
 40
0.7853981633974483
  9
$DIMTFILL
 70
     0
  9
$DIMTFILLCLR
 70
     0
  9
$DIMARCSYM
 70
     0
  9
$DIMLTYPE
  6

  9
$DIMLTEX1
  6

  9
$DIMLTEX2
  6

  9
$LUNITS
 70
     2
  9
$LUPREC
 70
     3
  9
$SKETCHINC
 40
0.1
  9
$FILLETRAD
 40
0.0
  9
$AUNITS
 70
     0
  9
$AUPREC
 70
     0
  9
$MENU
  1
.
  9
$ELEVATION
 40
0.0
  9
$PELEVATION
 40
0.0
  9
$THICKNESS
 40
0.0
  9
$LIMCHECK
 70
     0
  9
$CHAMFERA
 40
0.0
  9
$CHAMFERB
 40
0.0
  9
$CHAMFERC
 40
0.0
  9
$CHAMFERD
 40
0.0
  9
$SKPOLY
 70
     0
  9
$TDCREATE
 40
2461120.721641539
  9
$TDUCREATE
 40
2461120.929974873
  9
$TDUPDATE
 40
2461120.72166029
  9
$TDUUPDATE
 40
2461120.929993623
  9
$TDINDWG
 40
0.0000000116
  9
$TDUSRTIMER
 40
0.0000000116
  9
$USRTIMER
 70
     1
  9
$ANGBASE
 50
0.0
  9
$ANGDIR
 70
     0
  9
$PDMODE
 70
     0
  9
$PDSIZE
 40
0.0
  9
$PLINEWID
 40
0.0
  9
$SPLFRAME
 70
     0
  9
$SPLINETYPE
 70
     6
  9
$SPLINESEGS
 70
     8
  9
$HANDSEED
  5
53D
  9
$SURFTAB1
 70
     6
  9
$SURFTAB2
 70
     6
  9
$SURFTYPE
 70
     6
  9
$SURFU
 70
     6
  9
$SURFV
 70
     6
  9
$UCSBASE
  2

  9
$UCSNAME
  2

  9
$UCSORG
 10
0.0
 20
0.0
 30
0.0
  9
$UCSXDIR
 10
1.0
 20
0.0
 30
0.0
  9
$UCSYDIR
 10
0.0
 20
1.0
 30
0.0
  9
$UCSORTHOREF
  2

  9
$UCSORTHOVIEW
 70
     0
  9
$UCSORGTOP
 10
0.0
 20
0.0
 30
0.0
  9
$UCSORGBOTTOM
 10
0.0
 20
0.0
 30
0.0
  9
$UCSORGLEFT
 10
0.0
 20
0.0
 30
0.0
  9
$UCSORGRIGHT
 10
0.0
 20
0.0
 30
0.0
  9
$UCSORGFRONT
 10
0.0
 20
0.0
 30
0.0
  9
$UCSORGBACK
 10
0.0
 20
0.0
 30
0.0
  9
$PUCSBASE
  2

  9
$PUCSNAME
  2

  9
$PUCSORG
 10
0.0
 20
0.0
 30
0.0
  9
$PUCSXDIR
 10
1.0
 20
0.0
 30
0.0
  9
$PUCSYDIR
 10
0.0
 20
1.0
 30
0.0
  9
$PUCSORTHOREF
  2

  9
$PUCSORTHOVIEW
 70
     0
  9
$PUCSORGTOP
 10
0.0
 20
0.0
 30
0.0
  9
$PUCSORGBOTTOM
 10
0.0
 20
0.0
 30
0.0
  9
$PUCSORGLEFT
 10
0.0
 20
0.0
 30
0.0
  9
$PUCSORGRIGHT
 10
0.0
 20
0.0
 30
0.0
  9
$PUCSORGFRONT
 10
0.0
 20
0.0
 30
0.0
  9
$PUCSORGBACK
 10
0.0
 20
0.0
 30
0.0
  9
$USERI1
 70
     0
  9
$USERI2
 70
     0
  9
$USERI3
 70
     0
  9
$USERI4
 70
     0
  9
$USERI5
 70
     0
  9
$USERR1
 40
0.0
  9
$USERR2
 40
0.0
  9
$USERR3
 40
0.0
  9
$USERR4
 40
0.0
  9
$USERR5
 40
0.0
  9
$WORLDVIEW
 70
     1
  9
$SHADEDGE
 70
     3
  9
$SHADEDIF
 70
    70
  9
$TILEMODE
 70
     1
  9
$MAXACTVP
 70
    64
  9
$PINSBASE
 10
0.0
 20
0.0
 30
0.0
  9
$PLIMCHECK
 70
     0
  9
$PEXTMIN
 10
1.000000000000000E+20
 20
1.000000000000000E+20
 30
1.000000000000000E+20
  9
$PEXTMAX
 10
-1.000000000000000E+20
 20
-1.000000000000000E+20
 30
-1.000000000000000E+20
  9
$PLIMMIN
 10
0.0
 20
0.0
  9
$PLIMMAX
 10
12.0
 20
9.0
  9
$UNITMODE
 70
     0
  9
$VISRETAIN
 70
     1
  9
$PLINEGEN
 70
     0
  9
$PSLTSCALE
 70
     1
  9
$TREEDEPTH
 70
  3020
  9
$CMLSTYLE
  2
Standard
  9
$CMLJUST
 70
     0
  9
$CMLSCALE
 40
1.0
  9
$PROXYGRAPHICS
 70
     1
  9
$MEASUREMENT
 70
     1
  9
$CELWEIGHT
370
    -1
  9
$ENDCAPS
280
     0
  9
$JOINSTYLE
280
     0
  9
$LWDISPLAY
290
     0
  9
$INSUNITS
 70
     4
  9
$HYPERLINKBASE
  1

  9
$STYLESHEET
  1

  9
$XEDIT
290
     1
  9
$CEPSNTYPE
380
     0
  9
$PSTYLEMODE
290
     1
  9
$FINGERPRINTGUID
  2
{07765181-b9db-fe44-a1f4-2a5c7af21ca2}
  9
$VERSIONGUID
  2
{FAEB1C32-E019-11D5-929B-00C0DF256EC4}
  9
$EXTNAMES
290
     1
  9
$PSVPSCALE
 40
0.0
  9
$OLESTARTUP
290
     0
  9
$SORTENTS
280
   127
  9
$INDEXCTL
280
     0
  9
$HIDETEXT
280
     1
  9
$XCLIPFRAME
290
     0
  9
$HALOGAP
280
     0
  9
$OBSCOLOR
 70
   257
  9
$OBSLTYPE
280
     0
  9
$INTERSECTIONDISPLAY
280
     0
  9
$INTERSECTIONCOLOR
 70
   257
  9
$DIMASSOC
280
     2
  9
$PROJECTNAME
  1

  9
$CAMERADISPLAY
290
     0
  9
$LENSLENGTH
 40
50.0
  9
$CAMERAHEIGHT
 40
0.0
  9
$STEPSPERSEC
 40
2.0
  9
$STEPSIZE
 40
6.0
  9
$3DDWFPREC
 40
2.0
  9
$PSOLWIDTH
 40
0.25
  9
$PSOLHEIGHT
 40
4.0
  9
$LOFTANG1
 40
1.570796326794897
  9
$LOFTANG2
 40
1.570796326794897
  9
$LOFTMAG1
 40
0.0
  9
$LOFTMAG2
 40
0.0
  9
$LOFTPARAM
 70
     7
  9
$LOFTNORMALS
280
     1
  9
$LATITUDE
 40
37.795
  9
$LONGITUDE
 40
-122.394
  9
$NORTHDIRECTION
 40
0.0
  9
$TIMEZONE
 70
 -8000
  9
$LIGHTGLYPHDISPLAY
280
     1
  9
$TILEMODELIGHTSYNCH
280
     1
  9
$CMATERIAL
347
44
  9
$SOLIDHIST
280
     0
  9
$SHOWHIST
280
     1
  9
$DWFFRAME
280
     2
  9
$DGNFRAME
280
     2
  9
$REALWORLDSCALE
290
     1
  9
$INTERFERECOLOR
 62
   256
  9
$CSHADOW
280
     0
  9
$SHADOWPLANELOCATION
 40
0.0
  0
ENDSEC
  0
SECTION
  2
CLASSES
  0
CLASS
  1
ACDBDICTIONARYWDFLT
  2
AcDbDictionaryWithDefault
  3
ObjectDBX Classes
 90
        0
 91
        3
280
     0
281
     0
  0
CLASS
  1
VISUALSTYLE
  2
AcDbVisualStyle
  3
ObjectDBX Classes
 90
     4095
 91
        3
280
     0
281
     0
  0
CLASS
  1
MATERIAL
  2
AcDbMaterial
  3
ObjectDBX Classes
 90
     1153
 91
        3
280
     0
281
     0
  0
CLASS
  1
SCALE
  2
AcDbScale
  3
ObjectDBX Classes
 90
     1153
 91
        3
280
     0
281
     0
  0
CLASS
  1
TABLESTYLE
  2
AcDbTableStyle
  3
ObjectDBX Classes
 90
     4095
 91
        3
280
     0
281
     0
  0
CLASS
  1
MLEADERSTYLE
  2
AcDbMLeaderStyle
  3
ACDB_MLEADERSTYLE_CLASS
 90
     4095
 91
        3
280
     0
281
     0
  0
CLASS
  1
SUN
  2
AcDbSun
  3
SCENEOE
 90
     1153
 91
        3
280
     0
281
     0
  0
CLASS
  1
DICTIONARYVAR
  2
AcDbDictionaryVar
  3
ObjectDBX Classes
 90
        0
 91
        3
280
     0
281
     0
  0
CLASS
  1
CELLSTYLEMAP
  2
AcDbCellStyleMap
  3
ObjectDBX Classes
 90
     1152
 91
        3
280
     0
281
     0
  0
ENDSEC
  0
SECTION
  2
TABLES
  0
TABLE
  2
VPORT
  5
8
330
0
100
AcDbSymbolTable
 70
     1
  0
VPORT
  5
29
330
8
100
AcDbSymbolTableRecord
100
AcDbViewportTableRecord
  2
*Active
 70
     0
 10
0.0
 20
0.0
 11
1.0
 21
1.0
 12
10.42990654205607
 22
4.5
 13
0.0
 23
0.0
 14
0.5
 24
0.5
 15
0.5
 25
0.5
 16
0.0
 26
0.0
 36
1.0
 17
0.0
 27
0.0
 37
0.0
 40
9.0
 41
1.972972972850329
 42
50.0
 43
0.0
 44
0.0
 50
0.0
 51
0.0
 71
     0
 72
   100
 73
     1
 74
     3
 75
     0
 76
     0
 77
     0
 78
     0
281
     0
 65
     1
110
0.0
120
0.0
130
0.0
111
1.0
121
0.0
131
0.0
112
0.0
122
1.0
132
0.0
 79
     0
146
0.0
348
2F
 60
     3
 61
     5
292
     1
282
     1
141
0.0
142
0.0
 63
   250
361
5D
  0
ENDTAB
  0
TABLE
  2
LTYPE
  5
5
330
0
100
AcDbSymbolTable
 70
     1
  0
LTYPE
  5
14
330
5
100
AcDbSymbolTableRecord
100
AcDbLinetypeTableRecord
  2
ByBlock
 70
     0
  3

 72
    65
 73
     0
 40
0.0
  0
LTYPE
  5
15
330
5
100
AcDbSymbolTableRecord
100
AcDbLinetypeTableRecord
  2
ByLayer
 70
     0
  3

 72
    65
 73
     0
 40
0.0
  0
LTYPE
  5
16
330
5
100
AcDbSymbolTableRecord
100
AcDbLinetypeTableRecord
  2
Continuous
 70
     0
  3
Solid line
 72
    65
 73
     0
 40
0.0
  0
ENDTAB
  0
TABLE
  2
LAYER
  5
2
330
0
100
AcDbSymbolTable
 70
     3
  0
LAYER
  5
10
330
2
100
AcDbSymbolTableRecord
100
AcDbLayerTableRecord
  2
0
 70
     0
 62
     7
  6
Continuous
370
    -3
390
F
347
46
  0
LAYER
  5
5F
330
2
100
AcDbSymbolTableRecord
100
AcDbLayerTableRecord
  2
inside1_
 70
     0
 62
     7
  6
Continuous
370
    -3
390
F
347
46
  0
LAYER
  5
65
330
2
100
AcDbSymbolTableRecord
100
AcDbLayerTableRecord
  2
inside1_T
 70
     0
 62
     1
420
 16711680
  6
Continuous
370
    -3
390
F
347
46
  0
ENDTAB
  0
TABLE
  2
STYLE
  5
3
330
0
100
AcDbSymbolTable
 70
     1
  0
STYLE
  5
11
330
3
100
AcDbSymbolTableRecord
100
AcDbTextStyleTableRecord
  2
Standard
 70
     0
 40
0.0
 41
1.0
 50
0.0
 71
     0
 42
0.2
  3
txt
  4

  0
ENDTAB
  0
TABLE
  2
VIEW
  5
6
330
0
100
AcDbSymbolTable
 70
     0
  0
ENDTAB
  0
TABLE
  2
UCS
  5
7
330
0
100
AcDbSymbolTable
 70
     0
  0
ENDTAB
  0
TABLE
  2
APPID
  5
9
330
0
100
AcDbSymbolTable
 70
     3
  0
APPID
  5
12
330
9
100
AcDbSymbolTableRecord
100
AcDbRegAppTableRecord
  2
ACAD
 70
     0
  0
APPID
  5
5E
330
9
100
AcDbSymbolTableRecord
100
AcDbRegAppTableRecord
  2
Rhino
 70
     0
  0
APPID
  5
535
330
9
100
AcDbSymbolTableRecord
100
AcDbRegAppTableRecord
  2
ACAD_MLEADERVER
 70
     0
  0
ENDTAB
  0
TABLE
  2
DIMSTYLE
  5
A
330
0
100
AcDbSymbolTable
 70
     1
100
AcDbDimStyleTable
  0
DIMSTYLE
105
27
330
A
100
AcDbSymbolTableRecord
100
AcDbDimStyleTableRecord
  2
STANDARD_ACAD
 70
     0
178
     0
340
11
  0
ENDTAB
  0
TABLE
  2
BLOCK_RECORD
  5
1
330
0
100
AcDbSymbolTable
 70
     1
  0
BLOCK_RECORD
  5
1F
330
1
100
AcDbSymbolTableRecord
100
AcDbBlockTableRecord
  2
*Model_Space
340
22
 70
     0
280
     1
281
     0
  0
BLOCK_RECORD
  5
1B
330
1
100
AcDbSymbolTableRecord
100
AcDbBlockTableRecord
  2
*Paper_Space
340
1E
 70
     0
280
     1
281
     0
  0
BLOCK_RECORD
  5
23
330
1
100
AcDbSymbolTableRecord
100
AcDbBlockTableRecord
  2
*Paper_Space0
340
26
 70
     0
280
     1
281
     0
  0
ENDTAB
  0
ENDSEC
  0
SECTION
  2
BLOCKS
  0
BLOCK
  5
20
330
1F
100
AcDbEntity
  8
0
100
AcDbBlockBegin
  2
*Model_Space
 70
     0
 10
0.0
 20
0.0
 30
0.0
  3
*Model_Space
  1

  0
ENDBLK
  5
21
330
1F
100
AcDbEntity
  8
0
100
AcDbBlockEnd
  0
BLOCK
  5
1C
330
1B
100
AcDbEntity
 67
     1
  8
0
100
AcDbBlockBegin
  2
*Paper_Space
 70
     0
 10
0.0
 20
0.0
 30
0.0
  3
*Paper_Space
  1

  0
ENDBLK
  5
1D
330
1B
100
AcDbEntity
 67
     1
  8
0
100
AcDbBlockEnd
  0
BLOCK
  5
24
330
23
100
AcDbEntity
  8
0
100
AcDbBlockBegin
  2
*Paper_Space0
 70
     0
 10
0.0
 20
0.0
 30
0.0
  3
*Paper_Space0
  1

  0
ENDBLK
  5
25
330
23
100
AcDbEntity
  8
0
100
AcDbBlockEnd
  0
ENDSEC
  0
SECTION
  2
ENTITIES
  0
SPLINE
  5
60
330
1F
100
AcDbEntity
  8
inside1_
100
AcDbSpline
210
0.0
220
0.0
230
1.0
 70
    15
 71
     2
 72
    12
 73
     9
 74
     0
 42
0.0000000001
 43
0.0000000001
 40
0.0
 40
0.0
 40
0.0
 40
1.334245977562504
 40
1.334245977562504
 40
2.668491955125007
 40
2.668491955125007
 40
4.002737932687511
 40
4.002737932687511
 40
5.336983910250014
 40
5.336983910250014
 40
5.336983910250014
 10
55.98423639896163
 20
3.308442420728369
 30
0.0
 41
1.0
 10
55.98423639896156
 20
4.157849791246577
 30
0.0
 41
0.7071067811865476
 10
56.83364376947969
 20
4.157849791246576
 30
0.0
 41
1.0
 10
57.6830511399979
 20
4.157849791246577
 30
0.0
 41
0.7071067811865476
 10
57.68305113999799
 20
3.308442420728369
 30
0.0
 41
1.0
 10
57.6830511399979
 20
2.459035050210159
 30
0.0
 41
0.7071067811865476
 10
56.83364376947969
 20
2.459035050210161
 30
0.0
 41
1.0
 10
55.98423639896156
 20
2.459035050210159
 30
0.0
 41
0.7071067811865476
 10
55.98423639896163
 20
3.308442420728369
 30
0.0
 41
1.0
  0
SPLINE
  5
61
330
1F
100
AcDbEntity
  8
inside1_
100
AcDbSpline
210
0.0
220
0.0
230
1.0
 70
    15
 71
     2
 72
    12
 73
     9
 74
     0
 42
0.0000000001
 43
0.0000000001
 40
0.0
 40
0.0
 40
0.0
 40
1.334245977562504
 40
1.334245977562504
 40
2.668491955125007
 40
2.668491955125007
 40
4.002737932687511
 40
4.002737932687511
 40
5.336983910250014
 40
5.336983910250014
 40
5.336983910250014
 10
55.98423639896163
 20
5.84667150439445
 30
0.0
 41
1.0
 10
55.98423639896156
 20
6.69607887491265
 30
0.0
 41
0.7071067811865476
 10
56.83364376947969
 20
6.696078874912651
 30
0.0
 41
1.0
 10
57.6830511399979
 20
6.69607887491265
 30
0.0
 41
0.7071067811865476
 10
57.68305113999799
 20
5.84667150439445
 30
0.0
 41
1.0
 10
57.6830511399979
 20
4.997264133876242
 30
0.0
 41
0.7071067811865476
 10
56.83364376947969
 20
4.997264133876243
 30
0.0
 41
1.0
 10
55.98423639896156
 20
4.997264133876242
 30
0.0
 41
0.7071067811865476
 10
55.98423639896163
 20
5.84667150439445
 30
0.0
 41
1.0
  0
SPLINE
  5
62
330
1F
100
AcDbEntity
  8
inside1_
100
AcDbSpline
210
0.0
220
0.0
230
1.0
 70
    15
 71
     2
 72
    12
 73
     9
 74
     0
 42
0.0000000001
 43
0.0000000001
 40
0.0
 40
0.0
 40
0.0
 40
1.334245977562504
 40
1.334245977562504
 40
2.668491955125007
 40
2.668491955125007
 40
4.002737932687511
 40
4.002737932687511
 40
5.336983910250014
 40
5.336983910250014
 40
5.336983910250014
 10
55.98423639896163
 20
0.7702133370622732
 30
0.0
 41
1.0
 10
55.98423639896156
 20
1.619620707580485
 30
0.0
 41
0.7071067811865476
 10
56.83364376947969
 20
1.619620707580481
 30
0.0
 41
1.0
 10
57.6830511399979
 20
1.619620707580485
 30
0.0
 41
0.7071067811865476
 10
57.68305113999799
 20
0.7702133370622732
 30
0.0
 41
1.0
 10
57.6830511399979
 20
-0.0791940334559335
 30
0.0
 41
0.7071067811865476
 10
56.83364376947969
 20
-0.0791940334559342
 30
0.0
 41
1.0
 10
55.98423639896156
 20
-0.0791940334559335
 30
0.0
 41
0.7071067811865476
 10
55.98423639896163
 20
0.7702133370622732
 30
0.0
 41
1.0
  0
SPLINE
  5
63
330
1F
100
AcDbEntity
  8
inside1_
100
AcDbSpline
210
0.0
220
0.0
230
1.0
 70
    15
 71
     2
 72
    12
 73
     9
 74
     0
 42
0.0000000001
 43
0.0000000001
 40
0.0
 40
0.0
 40
0.0
 40
1.334245977562504
 40
1.334245977562504
 40
2.668491955125007
 40
2.668491955125007
 40
4.002737932687511
 40
4.002737932687511
 40
5.336983910250014
 40
5.336983910250014
 40
5.336983910250014
 10
55.98423639896163
 20
-1.768015746603808
 30
0.0
 41
1.0
 10
55.98423639896156
 20
-0.9186083760855974
 30
0.0
 41
0.7071067811865476
 10
56.83364376947969
 20
-0.9186083760856008
 30
0.0
 41
1.0
 10
57.6830511399979
 20
-0.9186083760855974
 30
0.0
 41
0.7071067811865476
 10
57.68305113999799
 20
-1.768015746603808
 30
0.0
 41
1.0
 10
57.6830511399979
 20
-2.617423117122016
 30
0.0
 41
0.7071067811865476
 10
56.83364376947969
 20
-2.617423117122016
 30
0.0
 41
1.0
 10
55.98423639896156
 20
-2.617423117122016
 30
0.0
 41
0.7071067811865476
 10
55.98423639896163
 20
-1.768015746603808
 30
0.0
 41
1.0
  0
SPLINE
  5
64
330
1F
100
AcDbEntity
  8
inside1_
100
AcDbSpline
210
0.0
220
0.0
230
1.0
 70
    15
 71
     2
 72
    12
 73
     9
 74
     0
 42
0.0000000001
 43
0.0000000001
 40
0.0
 40
0.0
 40
0.0
 40
1.334245977562504
 40
1.334245977562504
 40
2.668491955125007
 40
2.668491955125007
 40
4.002737932687511
 40
4.002737932687511
 40
5.336983910250014
 40
5.336983910250014
 40
5.336983910250014
 10
55.98423639896163
 20
-4.306244830269904
 30
0.0
 41
1.0
 10
55.98423639896156
 20
-3.45683745975169
 30
0.0
 41
0.7071067811865476
 10
56.83364376947969
 20
-3.456837459751696
 30
0.0
 41
1.0
 10
57.6830511399979
 20
-3.45683745975169
 30
0.0
 41
0.7071067811865476
 10
57.68305113999799
 20
-4.306244830269904
 30
0.0
 41
1.0
 10
57.6830511399979
 20
-5.155652200788109
 30
0.0
 41
0.7071067811865476
 10
56.83364376947969
 20
-5.155652200788111
 30
0.0
 41
1.0
 10
55.98423639896156
 20
-5.155652200788109
 30
0.0
 41
0.7071067811865476
 10
55.98423639896163
 20
-4.306244830269904
 30
0.0
 41
1.0
  0
POLYLINE
  5
66
330
1F
100
AcDbEntity
  8
inside1_T
100
AcDb2dPolyline
 66
     1
 10
0.0
 20
0.0
 30
0.0
  0
VERTEX
  5
67
330
66
100
AcDbEntity
  8
inside1_T
100
AcDbVertex
100
AcDb2dVertex
 10
-293.9734996088729
 20
0.2330207346214195
 30
0.0
  0
VERTEX
  5
68
330
66
100
AcDbEntity
  8
inside1_T
100
AcDbVertex
100
AcDb2dVertex
 10
-297.0601586673206
 20
0.2343245411644119
 30
0.0
  0
VERTEX
  5
69
330
66
100
AcDbEntity
  8
inside1_T
100
AcDbVertex
100
AcDb2dVertex
 10
-299.7059267060909
 20
0.2380225166652963
 30
0.0
  0
VERTEX
  5
6A
330
66
100
AcDbEntity
  8
inside1_T
100
AcDbVertex
100
AcDb2dVertex
 10
-302.3515831813135
 20
0.2439163756725407
 30
0.0
  0
VERTEX
  5
6B
330
66
100
AcDbEntity
  8
inside1_T
100
AcDbVertex
100
AcDb2dVertex
 10
-304.9973387582657
 20
0.2521128807019863
 30
0.0
  0
VERTEX
  5
6C
330
66
100
AcDbEntity
  8
inside1_T
100
AcDbVertex
100
AcDb2dVertex
 10
-307.6430895413196
 20
0.2625052677835527
 30
0.0
  0
VERTEX
  5
6D
330
66
100
AcDbEntity
  8
inside1_T
100
AcDbVertex
100
AcDb2dVertex
 10
-310.2889353073522
 20
0.2750935320840853
 30
0.0
  0
VERTEX
  5
6E
330
66
100
AcDbEntity
  8
inside1_T
100
AcDbVertex
100
AcDb2dVertex
 10
-312.934892234042
 20
0.2897862188137452
 30
0.0
  0
VERTEX
  5
6F
330
66
100
AcDbEntity
  8
inside1_T
100
AcDbVertex
100
AcDb2dVertex
 10
-315.5809361957055
 20
0.3067738943965708
 30
0.0
  0
VERTEX
  5
70
330
66
100
AcDbEntity
  8
inside1_T
100
AcDbVertex
100
AcDb2dVertex
 10
-318.2270744323698
 20
0.3257668128858171
 30
0.0
  0
VERTEX
  5
71
330
66
100
AcDbEntity
  8
inside1_T
100
AcDbVertex
100
AcDb2dVertex
 10
-320.8734075730073
 20
0.3469479084424165
 30
0.0
  0
VERTEX
  5
72
330
66
100
AcDbEntity
  8
inside1_T
100
AcDbVertex
100
AcDb2dVertex
 10
-322.6377148882358
 20
0.3622429687261217
 30
0.0
  0
VERTEX
  5
73
330
66
100
AcDbEntity
  8
inside1_T
100
AcDbVertex
100
AcDb2dVertex
 10
-323.9609795004456
 20
0.3743355846277865
 30
0.0
  0
VERTEX
  5
74
330
66
100
AcDbEntity
  8
inside1_T
100
AcDbVertex
100
AcDb2dVertex
 10
-325.2842424321245
 20
0.386824663878329
 30
0.0
  0
VERTEX
  5
75
330
66
100
AcDbEntity
  8
inside1_T
100
AcDbVertex
100
AcDb2dVertex
 10
-326.6075226425261
 20
0.399916181289484
 30
0.0
  0
VERTEX
  5
76
330
66
100
AcDbEntity
  8
inside1_T
100
AcDbVertex
100
AcDb2dVertex
 10
-327.9306775906436
 20
0.4135107350929275
 30
0.0
  0
VERTEX
  5
77
330
66
100
AcDbEntity
  8
inside1_T
100
AcDbVertex
100
AcDb2dVertex
 10
-329.2539481567931
 20
0.4275018587778163
 30
0.0
  0
VERTEX
  5
78
330
66
100
AcDbEntity
  8
inside1_T
100
AcDbVertex
100
AcDb2dVertex
 10
-330.5771121864589
 20
0.4420953274089641
 30
0.0
  0
VERTEX
  5
79
330
66
100
AcDbEntity
  8
inside1_T
100
AcDbVertex
100
AcDb2dVertex
 10
-331.9001675502658
 20
0.4570851666563556
 30
0.0
  0
VERTEX
  5
7A
330
66
100
AcDbEntity
  8
inside1_T
100
AcDbVertex
100
AcDb2dVertex
 10
-333.2231333714261
 20
0.4725707128850303
 30
0.0
  0
VERTEX
  5
7B
330
66
100
AcDbEntity
  8
inside1_T
100
AcDbVertex
100
AcDb2dVertex
 10
-334.5459920070608
 20
0.4885593846943976
 30
0.0
  0
VERTEX
  5
7C
330
66
100
AcDbEntity
  8
inside1_T
100
AcDbVertex
100
AcDb2dVertex
 10
-335.8686516356499
 20
0.5049521478835146
 30
0.0
  0
VERTEX
  5
7D
330
66
100
AcDbEntity
  8
inside1_T
100
AcDbVertex
100
AcDb2dVertex
 10
-337.1913114058021
 20
0.5218405080463384
 30
0.0
  0
VERTEX
  5
7E
330
66
100
AcDbEntity
  8
inside1_T
100
AcDbVertex
100
AcDb2dVertex
 10
-338.5136574517822
 20
0.5391328546005525
 30
0.0
  0
VERTEX
  5
7F
330
66
100
AcDbEntity
  8
inside1_T
100
AcDbVertex
100
AcDb2dVertex
 10
-339.8359201126775
 20
0.5568217831867628
 30
0.0
  0
VERTEX
  5
80
330
66
100
AcDbEntity
  8
inside1_T
100
AcDbVertex
100
AcDb2dVertex
 10
-341.1579866368713
 20
0.5750064405309843
 30
0.0
  0
VERTEX
  5
81
330
66
100
AcDbEntity
  8
inside1_T
100
AcDbVertex
100
AcDb2dVertex
 10
-342.4798378662982
 20
0.5936940799782064
 30
0.0
  0
VERTEX
  5
82
330
66
100
AcDbEntity
  8
inside1_T
100
AcDbVertex
100
AcDb2dVertex
 10
-343.801489667404
 20
0.6126866821401364
 30
0.0
  0
VERTEX
  5
83
330
66
100
AcDbEntity
  8
inside1_T
100
AcDbVertex
100
AcDb2dVertex
 10
-345.1228462307561
 20
0.6321673952228082
 30
0.0
  0
VERTEX
  5
84
330
66
100
AcDbEntity
  8
inside1_T
100
AcDbVertex
100
AcDb2dVertex
 10
-346.4438971396094
 20
0.6520597088089914
 30
0.0
  0
VERTEX
  5
85
330
66
100
AcDbEntity
  8
inside1_T
100
AcDbVertex
100
AcDb2dVertex
 10
-347.7647484948223
 20
0.6723484760322407
 30
0.0
  0
VERTEX
  5
86
330
66
100
AcDbEntity
  8
inside1_T
100
AcDbVertex
100
AcDb2dVertex
 10
-349.0852865557268
 20
0.6930335864794301
 30
0.0
  0
VERTEX
  5
87
330
66
100
AcDbEntity
  8
inside1_T
100
AcDbVertex
100
AcDb2dVertex
 10
-349.9654337094066
 20
0.7070246293690303
 30
0.0
  0
VERTEX
  5
88
330
66
100
AcDbEntity
  8
inside1_T
100
AcDbVertex
100
AcDb2dVertex
 10
-350.8454597571951
 20
0.7212136788997441
 30
0.0
  0
VERTEX
  5
89
330
66
100
AcDbEntity
  8
inside1_T
100
AcDbVertex
100
AcDb2dVertex
 10
-351.725585932007
 20
0.7355018623068332
 30
0.0
  0
VERTEX
  5
8A
330
66
100
AcDbEntity
  8
inside1_T
100
AcDbVertex
100
AcDb2dVertex
 10
-352.6056265512964
 20
0.7499961287141872
 30
0.0
  0
VERTEX
  5
8B
330
66
100
AcDbEntity
  8
inside1_T
100
AcDbVertex
100
AcDb2dVertex
 10
-353.4856654757778
 20
0.7646886050833075
 30
0.0
  0
VERTEX
  5
8C
330
66
100
AcDbEntity
  8
inside1_T
100
AcDbVertex
100
AcDb2dVertex
 10
-354.3658890546083
 20
0.7795790895391264
 30
0.0
  0
VERTEX
  5
8D
330
66
100
AcDbEntity
  8
inside1_T
100
AcDbVertex
100
AcDb2dVertex
 10
-355.246211480726
 20
0.7945686868035295
 30
0.0
  0
VERTEX
  5
8E
330
66
100
AcDbEntity
  8
inside1_T
100
AcDbVertex
100
AcDb2dVertex
 10
-356.1268521891324
 20
0.8097567483021066
 30
0.0
  0
VERTEX
  5
8F
330
66
100
AcDbEntity
  8
inside1_T
100
AcDbVertex
100
AcDb2dVertex
 10
-357.0075794633373
 20
0.8251428282521118
 30
0.0
  0
VERTEX
  5
90
330
66
100
AcDbEntity
  8
inside1_T
100
AcDbVertex
100
AcDb2dVertex
 10
-357.8887026772803
 20
0.8406356407638498
 30
0.0
  0
VERTEX
  5
91
330
66
100
AcDbEntity
  8
inside1_T
100
AcDbVertex
100
AcDb2dVertex
 10
-358.7701298013686
 20
0.8563266690960631
 30
0.0
  0
VERTEX
  5
92
330
66
100
AcDbEntity
  8
inside1_T
100
AcDbVertex
100
AcDb2dVertex
 10
-359.6519528979688
 20
0.8721168058186493
 30
0.0
  0
VERTEX
  5
93
330
66
100
AcDbEntity
  8
inside1_T
100
AcDbVertex
100
AcDb2dVertex
 10
-360.5342638684098
 20
0.8881051754027709
 30
0.0
  0
VERTEX
  5
94
330
66
100
AcDbEntity
  8
inside1_T
100
AcDbVertex
100
AcDb2dVertex
 10
-361.4169872125172
 20
0.9041926741595603
 30
0.0
  0
VERTEX
  5
95
330
66
100
AcDbEntity
  8
inside1_T
100
AcDbVertex
100
AcDb2dVertex
 10
-362.3003325214538
 20
0.9204862534752465
 30
0.0
  0
VERTEX
  5
96
330
66
100
AcDbEntity
  8
inside1_T
100
AcDbVertex
100
AcDb2dVertex
 10
-363.1841529667066
 20
0.9369702062240037
 30
0.0
  0
VERTEX
  5
97
330
66
100
AcDbEntity
  8
inside1_T
100
AcDbVertex
100
AcDb2dVertex
 10
-363.6262549806773
 20
0.945265432508009
 30
0.0
  0
VERTEX
  5
98
330
66
100
AcDbEntity
  8
inside1_T
100
AcDbVertex
100
AcDb2dVertex
 10
-364.0684359427713
 20
0.9535604234863371
 30
0.0
  0
VERTEX
  5
99
330
66
100
AcDbEntity
  8
inside1_T
100
AcDbVertex
100
AcDb2dVertex
 10
-364.5106588524548
 20
0.9618559153093571
 30
0.0
  0
VERTEX
  5
9A
330
66
100
AcDbEntity
  8
inside1_T
100
AcDbVertex
100
AcDb2dVertex
 10
-364.9528839338064
 20
0.9702505672946273
 30
0.0
  0
VERTEX
  5
9B
330
66
100
AcDbEntity
  8
inside1_T
100
AcDbVertex
100
AcDb2dVertex
 10
-365.3948933033433
 20
0.9786451770348492
 30
0.0
  0
VERTEX
  5
9C
330
66
100
AcDbEntity
  8
inside1_T
100
AcDbVertex
100
AcDb2dVertex
 10
-365.836920120276
 20
0.9871389479434498
 30
0.0
  0
VERTEX
  5
9D
330
66
100
AcDbEntity
  8
inside1_T
100
AcDbVertex
100
AcDb2dVertex
 10
-366.2786796898607
 20
0.9956316853285614
 30
0.0
  0
VERTEX
  5
9E
330
66
100
AcDbEntity
  8
inside1_T
100
AcDbVertex
100
AcDb2dVertex
 10
-366.720207397912
 20
1.004026415012959
 30
0.0
  0
VERTEX
  5
9F
330
66
100
AcDbEntity
  8
inside1_T
100
AcDbVertex
100
AcDb2dVertex
 10
-367.1612309505974
 20
1.012626991884929
 30
0.0
  0
VERTEX
  5
A0
330
66
100
AcDbEntity
  8
inside1_T
100
AcDbVertex
100
AcDb2dVertex
 10
-367.6016986112303
 20
1.021119808520652
 30
0.0
  0
VERTEX
  5
A1
330
66
100
AcDbEntity
  8
inside1_T
100
AcDbVertex
100
AcDb2dVertex
 10
-368.041233224176
 20
1.029613746674585
 30
0.0
  0
VERTEX
  5
A2
330
66
100
AcDbEntity
  8
inside1_T
100
AcDbVertex
100
AcDb2dVertex
 10
-368.4797631891376
 20
1.038206841755994
 30
0.0
  0
VERTEX
  5
A3
330
66
100
AcDbEntity
  8
inside1_T
100
AcDbVertex
100
AcDb2dVertex
 10
-368.9169465660897
 20
1.04679894669853
 30
0.0
  0
VERTEX
  5
A4
330
66
100
AcDbEntity
  8
inside1_T
100
AcDbVertex
100
AcDb2dVertex
 10
-369.3525464253177
 20
1.055291985118799
 30
0.0
  0
VERTEX
  5
A5
330
66
100
AcDbEntity
  8
inside1_T
100
AcDbVertex
100
AcDb2dVertex
 10
-369.7864794620678
 20
1.063786123283251
 30
0.0
  0
VERTEX
  5
A6
330
66
100
AcDbEntity
  8
inside1_T
100
AcDbVertex
100
AcDb2dVertex
 10
-370.2187952768582
 20
1.072386388513465
 30
0.0
  0
VERTEX
  5
A7
330
66
100
AcDbEntity
  8
inside1_T
100
AcDbVertex
100
AcDb2dVertex
 10
-370.6498061594711
 20
1.080879739593044
 30
0.0
  0
VERTEX
  5
A8
330
66
100
AcDbEntity
  8
inside1_T
100
AcDbVertex
100
AcDb2dVertex
 10
-371.080530979717
 20
1.089472582362816
 30
0.0
  0
VERTEX
  5
A9
330
66
100
AcDbEntity
  8
inside1_T
100
AcDbVertex
100
AcDb2dVertex
 10
-371.51152978382
 20
1.098064807159815
 30
0.0
  0
VERTEX
  5
AA
330
66
100
AcDbEntity
  8
inside1_T
100
AcDbVertex
100
AcDb2dVertex
 10
-371.9356378098604
 20
1.106500262056365
 30
0.0
  0
VERTEX
  5
AB
330
66
100
AcDbEntity
  8
inside1_T
100
AcDbVertex
100
AcDb2dVertex
 10
-371.9435396722596
 20
1.106657429098192
 30
0.0
  0
VERTEX
  5
AC
330
66
100
AcDbEntity
  8
inside1_T
100
AcDbVertex
100
AcDb2dVertex
 10
-372.3772592439003
 20
1.115357134309534
 30
0.0
  0
VERTEX
  5
AD
330
66
100
AcDbEntity
  8
inside1_T
100
AcDbVertex
100
AcDb2dVertex
 10
-372.8133794428488
 20
1.124148158599525
 30
0.0
  0
VERTEX
  5
AE
330
66
100
AcDbEntity
  8
inside1_T
100
AcDbVertex
100
AcDb2dVertex
 10
-373.2526968394091
 20
1.133045822733905
 30
0.0
  0
VERTEX
  5
AF
330
66
100
AcDbEntity
  8
inside1_T
100
AcDbVertex
100
AcDb2dVertex
 10
-373.6959058722304
 20
1.142035044301011
 30
0.0
  0
VERTEX
  5
B0
330
66
100
AcDbEntity
  8
inside1_T
100
AcDbVertex
100
AcDb2dVertex
 10
-375.0583919736001
 20
1.169916970126451
 30
0.0
  0
VERTEX
  5
B1
330
66
100
AcDbEntity
  8
inside1_T
100
AcDbVertex
100
AcDb2dVertex
 10
-375.5251839271163
 20
1.179516001083172
 30
0.0
  0
VERTEX
  5
B2
330
66
100
AcDbEntity
  8
inside1_T
100
AcDbVertex
100
AcDb2dVertex
 10
-375.9960633184519
 20
1.189206540370535
 30
0.0
  0
VERTEX
  5
B3
330
66
100
AcDbEntity
  8
inside1_T
100
AcDbVertex
100
AcDb2dVertex
 10
-376.4685884910144
 20
1.198996805676956
 30
0.0
  0
VERTEX
  5
B4
330
66
100
AcDbEntity
  8
inside1_T
100
AcDbVertex
100
AcDb2dVertex
 10
-376.9405404189594
 20
1.208892670281401
 30
0.0
  0
VERTEX
  5
B5
330
66
100
AcDbEntity
  8
inside1_T
100
AcDbVertex
100
AcDb2dVertex
 10
-377.4099326097349
 20
1.218583042799935
 30
0.0
  0
VERTEX
  5
B6
330
66
100
AcDbEntity
  8
inside1_T
100
AcDbVertex
100
AcDb2dVertex
 10
-377.8756187279817
 20
1.228380460232515
 30
0.0
  0
VERTEX
  5
B7
330
66
100
AcDbEntity
  8
inside1_T
100
AcDbVertex
100
AcDb2dVertex
 10
-378.3358850294078
 20
1.237971247471521
 30
0.0
  0
VERTEX
  5
B8
330
66
100
AcDbEntity
  8
inside1_T
100
AcDbVertex
100
AcDb2dVertex
 10
-378.7896711846052
 20
1.247463246181553
 30
0.0
  0
VERTEX
  5
B9
330
66
100
AcDbEntity
  8
inside1_T
100
AcDbVertex
100
AcDb2dVertex
 10
-379.2354841803224
 20
1.256757370579209
 30
0.0
  0
VERTEX
  5
BA
330
66
100
AcDbEntity
  8
inside1_T
100
AcDbVertex
100
AcDb2dVertex
 10
-379.6718766436174
 20
1.265952124252181
 30
0.0
  0
VERTEX
  5
BB
330
66
100
AcDbEntity
  8
inside1_T
100
AcDbVertex
100
AcDb2dVertex
 10
-380.0976733189398
 20
1.274849254424083
 30
0.0
  0
VERTEX
  5
BC
330
66
100
AcDbEntity
  8
inside1_T
100
AcDbVertex
100
AcDb2dVertex
 10
-380.5115134443291
 20
1.283541132218843
 30
0.0
  0
VERTEX
  5
BD
330
66
100
AcDbEntity
  8
inside1_T
100
AcDbVertex
100
AcDb2dVertex
 10
-380.914630151002
 20
1.292034380530552
 30
0.0
  0
VERTEX
  5
BE
330
66
100
AcDbEntity
  8
inside1_T
100
AcDbVertex
100
AcDb2dVertex
 10
-381.3093601441673
 20
1.300329397963324
 30
0.0
  0
VERTEX
  5
BF
330
66
100
AcDbEntity
  8
inside1_T
100
AcDbVertex
100
AcDb2dVertex
 10
-381.6981878212445
 20
1.308525275470345
 30
0.0
  0
VERTEX
  5
C0
330
66
100
AcDbEntity
  8
inside1_T
100
AcDbVertex
100
AcDb2dVertex
 10
-382.0835347485083
 20
1.31662259317423
 30
0.0
  0
VERTEX
  5
C1
330
66
100
AcDbEntity
  8
inside1_T
100
AcDbVertex
100
AcDb2dVertex
 10
-382.4679988899921
 20
1.324811441499492
 30
0.0
  0
VERTEX
  5
C2
330
66
100
AcDbEntity
  8
inside1_T
100
AcDbVertex
100
AcDb2dVertex
 10
-382.853733864539
 20
1.333007375911166
 30
0.0
  0
VERTEX
  5
C3
330
66
100
AcDbEntity
  8
inside1_T
100
AcDbVertex
100
AcDb2dVertex
 10
-383.2434521564571
 20
1.341302174252377
 30
0.0
  0
VERTEX
  5
C4
330
66
100
AcDbEntity
  8
inside1_T
100
AcDbVertex
100
AcDb2dVertex
 10
-383.6392837759491
 20
1.349696384604499
 30
0.0
  0
VERTEX
  5
C5
330
66
100
AcDbEntity
  8
inside1_T
100
AcDbVertex
100
AcDb2dVertex
 10
-384.0422282048539
 20
1.35828929959419
 30
0.0
  0
VERTEX
  5
C6
330
66
100
AcDbEntity
  8
inside1_T
100
AcDbVertex
100
AcDb2dVertex
 10
-384.4526661239758
 20
1.367087883311441
 30
0.0
  0
VERTEX
  5
C7
330
66
100
AcDbEntity
  8
inside1_T
100
AcDbVertex
100
AcDb2dVertex
 10
-384.8710879659935
 20
1.37607693855449
 30
0.0
  0
VERTEX
  5
C8
330
66
100
AcDbEntity
  8
inside1_T
100
AcDbVertex
100
AcDb2dVertex
 10
-385.2979189537512
 20
1.385272332824513
 30
0.0
  0
VERTEX
  5
C9
330
66
100
AcDbEntity
  8
inside1_T
100
AcDbVertex
100
AcDb2dVertex
 10
-385.7337131102051
 20
1.394764350402994
 30
0.0
  0
VERTEX
  5
CA
330
66
100
AcDbEntity
  8
inside1_T
100
AcDbVertex
100
AcDb2dVertex
 10
-386.1789071977667
 20
1.404362928274679
 30
0.0
  0
VERTEX
  5
CB
330
66
100
AcDbEntity
  8
inside1_T
100
AcDbVertex
100
AcDb2dVertex
 10
-386.6340036939324
 20
1.414251689509172
 30
0.0
  0
VERTEX
  5
CC
330
66
100
AcDbEntity
  8
inside1_T
100
AcDbVertex
100
AcDb2dVertex
 10
-387.0989903690341
 20
1.424346504021287
 30
0.0
  0
VERTEX
  5
CD
330
66
100
AcDbEntity
  8
inside1_T
100
AcDbVertex
100
AcDb2dVertex
 10
-387.5730787177307
 20
1.434738296168092
 30
0.0
  0
VERTEX
  5
CE
330
66
100
AcDbEntity
  8
inside1_T
100
AcDbVertex
100
AcDb2dVertex
 10
-388.0551272388809
 20
1.445236506037517
 30
0.0
  0
VERTEX
  5
CF
330
66
100
AcDbEntity
  8
inside1_T
100
AcDbVertex
100
AcDb2dVertex
 10
-388.5440001258253
 20
1.455925501963605
 30
0.0
  0
VERTEX
  5
D0
330
66
100
AcDbEntity
  8
inside1_T
100
AcDbVertex
100
AcDb2dVertex
 10
-389.0385652371497
 20
1.466721669410873
 30
0.0
  0
VERTEX
  5
D1
330
66
100
AcDbEntity
  8
inside1_T
100
AcDbVertex
100
AcDb2dVertex
 10
-389.5376285070128
 20
1.477708106085885
 30
0.0
  0
VERTEX
  5
D2
330
66
100
AcDbEntity
  8
inside1_T
100
AcDbVertex
100
AcDb2dVertex
 10
-390.0399744910181
 20
1.488701927742227
 30
0.0
  0
VERTEX
  5
D3
330
66
100
AcDbEntity
  8
inside1_T
100
AcDbVertex
100
AcDb2dVertex
 10
-390.5447472030137
 20
1.499795582143065
 30
0.0
  0
VERTEX
  5
D4
330
66
100
AcDbEntity
  8
inside1_T
100
AcDbVertex
100
AcDb2dVertex
 10
-391.0506181233134
 20
1.510988023939319
 30
0.0
  0
VERTEX
  5
D5
330
66
100
AcDbEntity
  8
inside1_T
100
AcDbVertex
100
AcDb2dVertex
 10
-391.5568365869785
 20
1.522179721298656
 30
0.0
  0
VERTEX
  5
D6
330
66
100
AcDbEntity
  8
inside1_T
100
AcDbVertex
100
AcDb2dVertex
 10
-392.0624907957977
 20
1.533272976535713
 30
0.0
  0
VERTEX
  5
D7
330
66
100
AcDbEntity
  8
inside1_T
100
AcDbVertex
100
AcDb2dVertex
 10
-392.566766308565
 20
1.544465544614667
 30
0.0
  0
VERTEX
  5
D8
330
66
100
AcDbEntity
  8
inside1_T
100
AcDbVertex
100
AcDb2dVertex
 10
-393.0686857532594
 20
1.555558150362742
 30
0.0
  0
VERTEX
  5
D9
330
66
100
AcDbEntity
  8
inside1_T
100
AcDbVertex
100
AcDb2dVertex
 10
-393.5676647609926
 20
1.566552370470177
 30
0.0
  0
VERTEX
  5
DA
330
66
100
AcDbEntity
  8
inside1_T
100
AcDbVertex
100
AcDb2dVertex
 10
-394.0625106576956
 20
1.577546235182936
 30
0.0
  0
VERTEX
  5
DB
330
66
100
AcDbEntity
  8
inside1_T
100
AcDbVertex
100
AcDb2dVertex
 10
-394.5525778231807
 20
1.588334452600421
 30
0.0
  0
VERTEX
  5
DC
330
66
100
AcDbEntity
  8
inside1_T
100
AcDbVertex
100
AcDb2dVertex
 10
-395.0372511097942
 20
1.599130384232396
 30
0.0
  0
VERTEX
  5
DD
330
66
100
AcDbEntity
  8
inside1_T
100
AcDbVertex
100
AcDb2dVertex
 10
-395.5163057790422
 20
1.609719965612257
 30
0.0
  0
VERTEX
  5
DE
330
66
100
AcDbEntity
  8
inside1_T
100
AcDbVertex
100
AcDb2dVertex
 10
-395.9893977627468
 20
1.62021109485606
 30
0.0
  0
VERTEX
  5
DF
330
66
100
AcDbEntity
  8
inside1_T
100
AcDbVertex
100
AcDb2dVertex
 10
-396.4562864823725
 20
1.630603173451163
 30
0.0
  0
VERTEX
  5
E0
330
66
100
AcDbEntity
  8
inside1_T
100
AcDbVertex
100
AcDb2dVertex
 10
-396.9160510069033
 20
1.640879707576744
 30
0.0
  0
VERTEX
  5
E1
330
66
100
AcDbEntity
  8
inside1_T
100
AcDbVertex
100
AcDb2dVertex
 10
-396.9287447328892
 20
1.641085675486366
 30
0.0
  0
VERTEX
  5
E2
330
66
100
AcDbEntity
  8
inside1_T
100
AcDbVertex
100
AcDb2dVertex
 10
-397.3706355869535
 20
1.650989809683523
 30
0.0
  0
VERTEX
  5
E3
330
66
100
AcDbEntity
  8
inside1_T
100
AcDbVertex
100
AcDb2dVertex
 10
-397.8175095208722
 20
1.660885441699136
 30
0.0
  0
VERTEX
  5
E4
330
66
100
AcDbEntity
  8
inside1_T
100
AcDbVertex
100
AcDb2dVertex
 10
-398.2574357557694
 20
1.670675474033146
 30
0.0
  0
VERTEX
  5
E5
330
66
100
AcDbEntity
  8
inside1_T
100
AcDbVertex
100
AcDb2dVertex
 10
-398.6900468620539
 20
1.680373428408984
 30
0.0
  0
VERTEX
  5
E6
330
66
100
AcDbEntity
  8
inside1_T
100
AcDbVertex
100
AcDb2dVertex
 10
-399.1156124510862
 20
1.689864832485256
 30
0.0
  0
VERTEX
  5
E7
330
66
100
AcDbEntity
  8
inside1_T
100
AcDbVertex
100
AcDb2dVertex
 10
-399.5342240033523
 20
1.699158670721744
 30
0.0
  0
VERTEX
  5
E8
330
66
100
AcDbEntity
  8
inside1_T
100
AcDbVertex
100
AcDb2dVertex
 10
-399.9458497738966
 20
1.708353348982087
 30
0.0
  0
VERTEX
  5
E9
330
66
100
AcDbEntity
  8
inside1_T
100
AcDbVertex
100
AcDb2dVertex
 10
-400.350763461608
 20
1.717349736696264
 30
0.0
  0
VERTEX
  5
EA
330
66
100
AcDbEntity
  8
inside1_T
100
AcDbVertex
100
AcDb2dVertex
 10
-400.7489044012505
 20
1.726240010847377
 30
0.0
  0
VERTEX
  5
EB
330
66
100
AcDbEntity
  8
inside1_T
100
AcDbVertex
100
AcDb2dVertex
 10
-401.1405379089586
 20
1.735030569841058
 30
0.0
  0
VERTEX
  5
EC
330
66
100
AcDbEntity
  8
inside1_T
100
AcDbVertex
100
AcDb2dVertex
 10
-401.5256619195378
 20
1.743630219138964
 30
0.0
  0
SEQEND
  5
ED
330
66
100
AcDbEntity
  8
inside1_T
  0
POLYLINE
  5
EE
330
1F
100
AcDbEntity
  8
inside1_T
100
AcDb2dPolyline
 66
     1
 10
0.0
 20
0.0
 30
0.0
  0
VERTEX
  5
EF
330
EE
100
AcDbEntity
  8
inside1_T
100
AcDbVertex
100
AcDb2dVertex
 10
-183.3994765003803
 20
0.232822564847595
 30
0.0
  0
VERTEX
  5
F0
330
EE
100
AcDbEntity
  8
inside1_T
100
AcDbVertex
100
AcDb2dVertex
 10
-187.3578342110475
 20
0.2350183634260503
 30
0.0
  0
VERTEX
  5
F1
330
EE
100
AcDbEntity
  8
inside1_T
100
AcDbVertex
100
AcDb2dVertex
 10
-189.5628965617711
 20
0.2384190135310718
 30
0.0
  0
VERTEX
  5
F2
330
EE
100
AcDbEntity
  8
inside1_T
100
AcDbVertex
100
AcDb2dVertex
 10
-191.7678273051338
 20
0.2434131596104976
 30
0.0
  0
VERTEX
  5
F3
330
EE
100
AcDbEntity
  8
inside1_T
100
AcDbVertex
100
AcDb2dVertex
 10
-193.9728537662278
 20
0.2499093630457025
 30
0.0
  0
VERTEX
  5
F4
330
EE
100
AcDbEntity
  8
inside1_T
100
AcDbVertex
100
AcDb2dVertex
 10
-196.1777687438557
 20
0.2580066979820828
 30
0.0
  0
VERTEX
  5
F5
330
EE
100
AcDbEntity
  8
inside1_T
100
AcDbVertex
100
AcDb2dVertex
 10
-197.9416815603844
 20
0.2655017677267892
 30
0.0
  0
VERTEX
  5
F6
330
EE
100
AcDbEntity
  8
inside1_T
100
AcDbVertex
100
AcDb2dVertex
 10
-199.7055850481633
 20
0.2740947565948915
 30
0.0
  0
VERTEX
  5
F7
330
EE
100
AcDbEntity
  8
inside1_T
100
AcDbVertex
100
AcDb2dVertex
 10
-201.4695757994701
 20
0.283595005567534
 30
0.0
  0
VERTEX
  5
F8
330
EE
100
AcDbEntity
  8
inside1_T
100
AcDbVertex
100
AcDb2dVertex
 10
-203.2333726044816
 20
0.2939873690205843
 30
0.0
  0
VERTEX
  5
F9
330
EE
100
AcDbEntity
  8
inside1_T
100
AcDbVertex
100
AcDb2dVertex
 10
-204.9971698480411
 20
0.3053785611403725
 30
0.0
  0
VERTEX
  5
FA
330
EE
100
AcDbEntity
  8
inside1_T
100
AcDbVertex
100
AcDb2dVertex
 10
-206.7609604313836
 20
0.3176694127860742
 30
0.0
  0
VERTEX
  5
FB
330
EE
100
AcDbEntity
  8
inside1_T
100
AcDbVertex
100
AcDb2dVertex
 10
-208.5247510133867
 20
0.330859966961583
 30
0.0
  0
VERTEX
  5
FC
330
EE
100
AcDbEntity
  8
inside1_T
100
AcDbVertex
100
AcDb2dVertex
 10
-210.2885416516737
 20
0.3449502241258529
 30
0.0
  0
VERTEX
  5
FD
330
EE
100
AcDbEntity
  8
inside1_T
100
AcDbVertex
100
AcDb2dVertex
 10
-212.0522313328619
 20
0.3599401844429337
 30
0.0
  0
VERTEX
  5
FE
330
EE
100
AcDbEntity
  8
inside1_T
100
AcDbVertex
100
AcDb2dVertex
 10
-213.8158218486269
 20
0.3758298469517314
 30
0.0
  0
VERTEX
  5
FF
330
EE
100
AcDbEntity
  8
inside1_T
100
AcDbVertex
100
AcDb2dVertex
 10
-215.5794123061068
 20
0.3926192114853109
 30
0.0
  0
VERTEX
  5
100
330
EE
100
AcDbEntity
  8
inside1_T
100
AcDbVertex
100
AcDb2dVertex
 10
-217.3429961732202
 20
0.4103082124665036
 30
0.0
  0
VERTEX
  5
101
330
EE
100
AcDbEntity
  8
inside1_T
100
AcDbVertex
100
AcDb2dVertex
 10
-219.1064733895642
 20
0.4287977242620968
 30
0.0
  0
VERTEX
  5
102
330
EE
100
AcDbEntity
  8
inside1_T
100
AcDbVertex
100
AcDb2dVertex
 10
-220.8698580872938
 20
0.4480878850609145
 30
0.0
  0
VERTEX
  5
103
330
EE
100
AcDbEntity
  8
inside1_T
100
AcDbVertex
100
AcDb2dVertex
 10
-222.633247907231
 20
0.4682778146179203
 30
0.0
  0
VERTEX
  5
104
330
EE
100
AcDbEntity
  8
inside1_T
100
AcDbVertex
100
AcDb2dVertex
 10
-224.3966254774014
 20
0.4893596697303337
 30
0.0
  0
VERTEX
  5
105
330
EE
100
AcDbEntity
  8
inside1_T
100
AcDbVertex
100
AcDb2dVertex
 10
-226.1599030699041
 20
0.5111506082973989
 30
0.0
  0
VERTEX
  5
106
330
EE
100
AcDbEntity
  8
inside1_T
100
AcDbVertex
100
AcDb2dVertex
 10
-227.9230802724176
 20
0.5338336117888787
 30
0.0
  0
VERTEX
  5
107
330
EE
100
AcDbEntity
  8
inside1_T
100
AcDbVertex
100
AcDb2dVertex
 10
-229.6861578992958
 20
0.5572180786617622
 30
0.0
  0
VERTEX
  5
108
330
EE
100
AcDbEntity
  8
inside1_T
100
AcDbVertex
100
AcDb2dVertex
 10
-231.4492355926946
 20
0.5815022414540181
 30
0.0
  0
VERTEX
  5
109
330
EE
100
AcDbEntity
  8
inside1_T
100
AcDbVertex
100
AcDb2dVertex
 10
-233.2122065014084
 20
0.6064877677205942
 30
0.0
  0
VERTEX
  5
10A
330
EE
100
AcDbEntity
  8
inside1_T
100
AcDbVertex
100
AcDb2dVertex
 10
-234.9751771425553
 20
0.6322738603627869
 30
0.0
  0
VERTEX
  5
10B
330
EE
100
AcDbEntity
  8
inside1_T
100
AcDbVertex
100
AcDb2dVertex
 10
-236.7380479272053
 20
0.6587537866426345
 30
0.0
  0
VERTEX
  5
10C
330
EE
100
AcDbEntity
  8
inside1_T
100
AcDbVertex
100
AcDb2dVertex
 10
-238.5007187817769
 20
0.6860342898663845
 30
0.0
  0
VERTEX
  5
10D
330
EE
100
AcDbEntity
  8
inside1_T
100
AcDbVertex
100
AcDb2dVertex
 10
-239.3821652255543
 20
0.7000254276188116
 30
0.0
  0
VERTEX
  5
10E
330
EE
100
AcDbEntity
  8
inside1_T
100
AcDbVertex
100
AcDb2dVertex
 10
-240.2634916128881
 20
0.7141153809033085
 30
0.0
  0
VERTEX
  5
10F
330
EE
100
AcDbEntity
  8
inside1_T
100
AcDbVertex
100
AcDb2dVertex
 10
-241.1447164755288
 20
0.7284111703071261
 30
0.0
  0
VERTEX
  5
110
330
EE
100
AcDbEntity
  8
inside1_T
100
AcDbVertex
100
AcDb2dVertex
 10
-242.0260547313514
 20
0.742798670250238
 30
0.0
  0
VERTEX
  5
111
330
EE
100
AcDbEntity
  8
inside1_T
100
AcDbVertex
100
AcDb2dVertex
 10
-242.9072941630179
 20
0.7574911724495621
 30
0.0
  0
VERTEX
  5
112
330
EE
100
AcDbEntity
  8
inside1_T
100
AcDbVertex
100
AcDb2dVertex
 10
-243.7885199818488
 20
0.7722825492720489
 30
0.0
  0
VERTEX
  5
113
330
EE
100
AcDbEntity
  8
inside1_T
100
AcDbVertex
100
AcDb2dVertex
 10
-244.6697448496093
 20
0.7872721610753501
 30
0.0
  0
VERTEX
  5
114
330
EE
100
AcDbEntity
  8
inside1_T
100
AcDbVertex
100
AcDb2dVertex
 10
-245.5509697147582
 20
0.8023608903077246
 30
0.0
  0
VERTEX
  5
115
330
EE
100
AcDbEntity
  8
inside1_T
100
AcDbVertex
100
AcDb2dVertex
 10
-246.4322091610938
 20
0.8176481074327882
 30
0.0
  0
VERTEX
  5
116
330
EE
100
AcDbEntity
  8
inside1_T
100
AcDbVertex
100
AcDb2dVertex
 10
-247.3133361731233
 20
0.8331409532112417
 30
0.0
  0
VERTEX
  5
117
330
EE
100
AcDbEntity
  8
inside1_T
100
AcDbVertex
100
AcDb2dVertex
 10
-248.194461928573
 20
0.8487328943696184
 30
0.0
  0
VERTEX
  5
118
330
EE
100
AcDbEntity
  8
inside1_T
100
AcDbVertex
100
AcDb2dVertex
 10
-249.0755876883138
 20
0.8645230705536022
 30
0.0
  0
VERTEX
  5
119
330
EE
100
AcDbEntity
  8
inside1_T
100
AcDbVertex
100
AcDb2dVertex
 10
-249.9566969426047
 20
0.8804121009426638
 30
0.0
  0
VERTEX
  5
11A
330
EE
100
AcDbEntity
  8
inside1_T
100
AcDbVertex
100
AcDb2dVertex
 10
-250.397331584294
 20
0.8884028796619248
 30
0.0
  0
VERTEX
  5
11B
330
EE
100
AcDbEntity
  8
inside1_T
100
AcDbVertex
100
AcDb2dVertex
 10
-250.8378531592224
 20
0.8965001841468592
 30
0.0
  0
VERTEX
  5
11C
330
EE
100
AcDbEntity
  8
inside1_T
100
AcDbVertex
100
AcDb2dVertex
 10
-251.2783455418801
 20
0.9045969520435335
 30
0.0
  0
VERTEX
  5
11D
330
EE
100
AcDbEntity
  8
inside1_T
100
AcDbVertex
100
AcDb2dVertex
 10
-251.7189338462229
 20
0.912686002225243
 30
0.0
  0
VERTEX
  5
11E
330
EE
100
AcDbEntity
  8
inside1_T
100
AcDbVertex
100
AcDb2dVertex
 10
-252.1594579756975
 20
0.9207833536109007
 30
0.0
  0
VERTEX
  5
11F
330
EE
100
AcDbEntity
  8
inside1_T
100
AcDbVertex
100
AcDb2dVertex
 10
-252.6000036567935
 20
0.9289802261659617
 30
0.0
  0
VERTEX
  5
120
330
EE
100
AcDbEntity
  8
inside1_T
100
AcDbVertex
100
AcDb2dVertex
 10
-253.0404939895359
 20
0.9372751814163536
 30
0.0
  0
VERTEX
  5
121
330
EE
100
AcDbEntity
  8
inside1_T
100
AcDbVertex
100
AcDb2dVertex
 10
-253.4809863625375
 20
0.9454634380363132
 30
0.0
  0
VERTEX
  5
122
330
EE
100
AcDbEntity
  8
inside1_T
100
AcDbVertex
100
AcDb2dVertex
 10
-253.9215359990174
 20
0.9537594741492939
 30
0.0
  0
VERTEX
  5
123
330
EE
100
AcDbEntity
  8
inside1_T
100
AcDbVertex
100
AcDb2dVertex
 10
-254.3620283913201
 20
0.9621535811638182
 30
0.0
  0
VERTEX
  5
124
330
EE
100
AcDbEntity
  8
inside1_T
100
AcDbVertex
100
AcDb2dVertex
 10
-254.8025207739776
 20
0.9704485750165333
 30
0.0
  0
VERTEX
  5
125
330
EE
100
AcDbEntity
  8
inside1_T
100
AcDbVertex
100
AcDb2dVertex
 10
-255.2430664537242
 20
0.9788436974867665
 30
0.0
  0
VERTEX
  5
126
330
EE
100
AcDbEntity
  8
inside1_T
100
AcDbVertex
100
AcDb2dVertex
 10
-255.6835588363818
 20
0.9873369172955222
 30
0.0
  0
VERTEX
  5
127
330
EE
100
AcDbEntity
  8
inside1_T
100
AcDbVertex
100
AcDb2dVertex
 10
-256.1240532689442
 20
0.9957310631896377
 30
0.0
  0
VERTEX
  5
128
330
EE
100
AcDbEntity
  8
inside1_T
100
AcDbVertex
100
AcDb2dVertex
 10
-256.5645994679447
 20
1.004232945648525
 30
0.0
  0
VERTEX
  5
129
330
EE
100
AcDbEntity
  8
inside1_T
100
AcDbVertex
100
AcDb2dVertex
 10
-257.004990687804
 20
1.01282523844209
 30
0.0
  0
VERTEX
  5
12A
330
EE
100
AcDbEntity
  8
inside1_T
100
AcDbVertex
100
AcDb2dVertex
 10
-257.4454825505365
 20
1.021318448226069
 30
0.0
  0
VERTEX
  5
12B
330
EE
100
AcDbEntity
  8
inside1_T
100
AcDbVertex
100
AcDb2dVertex
 10
-257.8860015811748
 20
1.029911300813694
 30
0.0
  0
VERTEX
  5
12C
330
EE
100
AcDbEntity
  8
inside1_T
100
AcDbVertex
100
AcDb2dVertex
 10
-258.3264240683307
 20
1.038504203648415
 30
0.0
  0
VERTEX
  5
12D
330
EE
100
AcDbEntity
  8
inside1_T
100
AcDbVertex
100
AcDb2dVertex
 10
-258.7669159310821
 20
1.047203263221064
 30
0.0
  0
VERTEX
  5
12E
330
EE
100
AcDbEntity
  8
inside1_T
100
AcDbVertex
100
AcDb2dVertex
 10
-259.2074067898572
 20
1.055795566282683
 30
0.0
  0
VERTEX
  5
12F
330
EE
100
AcDbEntity
  8
inside1_T
100
AcDbVertex
100
AcDb2dVertex
 10
-259.6478554043572
 20
1.06448810431327
 30
0.0
  0
VERTEX
  5
130
330
EE
100
AcDbEntity
  8
inside1_T
100
AcDbVertex
100
AcDb2dVertex
 10
-260.0883477870148
 20
1.07328628713131
 30
0.0
  0
VERTEX
  5
131
330
EE
100
AcDbEntity
  8
inside1_T
100
AcDbVertex
100
AcDb2dVertex
 10
-260.528739006883
 20
1.081977692441754
 30
0.0
  0
VERTEX
  5
132
330
EE
100
AcDbEntity
  8
inside1_T
100
AcDbVertex
100
AcDb2dVertex
 10
-260.9692575109472
 20
1.090768772468863
 30
0.0
  0
VERTEX
  5
133
330
EE
100
AcDbEntity
  8
inside1_T
100
AcDbVertex
100
AcDb2dVertex
 10
-261.4096805476907
 20
1.099567549917424
 30
0.0
  0
VERTEX
  5
134
330
EE
100
AcDbEntity
  8
inside1_T
100
AcDbVertex
100
AcDb2dVertex
 10
-261.8500984200576
 20
1.10845771826213
 30
0.0
  0
VERTEX
  5
135
330
EE
100
AcDbEntity
  8
inside1_T
100
AcDbVertex
100
AcDb2dVertex
 10
-262.2905938264502
 20
1.117355075113878
 30
0.0
  0
VERTEX
  5
136
330
EE
100
AcDbEntity
  8
inside1_T
100
AcDbVertex
100
AcDb2dVertex
 10
-262.7309840723948
 20
1.126244685779042
 30
0.0
  0
VERTEX
  5
137
330
EE
100
AcDbEntity
  8
inside1_T
100
AcDbVertex
100
AcDb2dVertex
 10
-263.1713814425028
 20
1.135142064380858
 30
0.0
  0
VERTEX
  5
138
330
EE
100
AcDbEntity
  8
inside1_T
100
AcDbVertex
100
AcDb2dVertex
 10
-263.6117955232897
 20
1.14403985764433
 30
0.0
  0
VERTEX
  5
139
330
EE
100
AcDbEntity
  8
inside1_T
100
AcDbVertex
100
AcDb2dVertex
 10
-264.0522133746286
 20
1.153029144074836
 30
0.0
  0
VERTEX
  5
13A
330
EE
100
AcDbEntity
  8
inside1_T
100
AcDbVertex
100
AcDb2dVertex
 10
-264.4926107446805
 20
1.162025636576331
 30
0.0
  0
VERTEX
  5
13B
330
EE
100
AcDbEntity
  8
inside1_T
100
AcDbVertex
100
AcDb2dVertex
 10
-264.9331271855581
 20
1.171014912155712
 30
0.0
  0
VERTEX
  5
13C
330
EE
100
AcDbEntity
  8
inside1_T
100
AcDbVertex
100
AcDb2dVertex
 10
-265.3735230492717
 20
1.180110487482864
 30
0.0
  0
VERTEX
  5
13D
330
EE
100
AcDbEntity
  8
inside1_T
100
AcDbVertex
100
AcDb2dVertex
 10
-265.8139163189513
 20
1.189106896256959
 30
0.0
  0
VERTEX
  5
13E
330
EE
100
AcDbEntity
  8
inside1_T
100
AcDbVertex
100
AcDb2dVertex
 10
-266.2543608425859
 20
1.198203476566249
 30
0.0
  0
VERTEX
  5
13F
330
EE
100
AcDbEntity
  8
inside1_T
100
AcDbVertex
100
AcDb2dVertex
 10
-266.6947541122655
 20
1.207390487221147
 30
0.0
  0
VERTEX
  5
140
330
EE
100
AcDbEntity
  8
inside1_T
100
AcDbVertex
100
AcDb2dVertex
 10
-267.1351494535123
 20
1.216486051757713
 30
0.0
  0
VERTEX
  5
141
330
EE
100
AcDbEntity
  8
inside1_T
100
AcDbVertex
100
AcDb2dVertex
 10
-267.5755655843216
 20
1.225681243381345
 30
0.0
  0
VERTEX
  5
142
330
EE
100
AcDbEntity
  8
inside1_T
100
AcDbVertex
100
AcDb2dVertex
 10
-268.0159588111978
 20
1.234875877217803
 30
0.0
  0
VERTEX
  5
143
330
EE
100
AcDbEntity
  8
inside1_T
100
AcDbVertex
100
AcDb2dVertex
 10
-268.4562540810292
 20
1.24407053519073
 30
0.0
  0
VERTEX
  5
144
330
EE
100
AcDbEntity
  8
inside1_T
100
AcDbVertex
100
AcDb2dVertex
 10
-268.896646237579
 20
1.253265146678061
 30
0.0
  0
VERTEX
  5
145
330
EE
100
AcDbEntity
  8
inside1_T
100
AcDbVertex
100
AcDb2dVertex
 10
-269.3370661588288
 20
1.262460337845965
 30
0.0
  0
VERTEX
  5
146
330
EE
100
AcDbEntity
  8
inside1_T
100
AcDbVertex
100
AcDb2dVertex
 10
-269.7774860798857
 20
1.271754647985901
 30
0.0
  0
VERTEX
  5
147
330
EE
100
AcDbEntity
  8
inside1_T
100
AcDbVertex
100
AcDb2dVertex
 10
-270.2177734917889
 20
1.28104070974608
 30
0.0
  0
VERTEX
  5
148
330
EE
100
AcDbEntity
  8
inside1_T
100
AcDbVertex
100
AcDb2dVertex
 10
-270.6581983954334
 20
1.290335125016853
 30
0.0
  0
VERTEX
  5
149
330
EE
100
AcDbEntity
  8
inside1_T
100
AcDbVertex
100
AcDb2dVertex
 10
-271.0985901771481
 20
1.299735578016652
 30
0.0
  0
VERTEX
  5
14A
330
EE
100
AcDbEntity
  8
inside1_T
100
AcDbVertex
100
AcDb2dVertex
 10
-271.5388843557369
 20
1.309021702111181
 30
0.0
  0
VERTEX
  5
14B
330
EE
100
AcDbEntity
  8
inside1_T
100
AcDbVertex
100
AcDb2dVertex
 10
-271.9792753013442
 20
1.318422218634453
 30
0.0
  0
VERTEX
  5
14C
330
EE
100
AcDbEntity
  8
inside1_T
100
AcDbVertex
100
AcDb2dVertex
 10
-272.4196937245324
 20
1.327716497164431
 30
0.0
  0
VERTEX
  5
14D
330
EE
100
AcDbEntity
  8
inside1_T
100
AcDbVertex
100
AcDb2dVertex
 10
-272.8600145321523
 20
1.337209045375914
 30
0.0
  0
VERTEX
  5
14E
330
EE
100
AcDbEntity
  8
inside1_T
100
AcDbVertex
100
AcDb2dVertex
 10
-273.3003805765016
 20
1.346601325390765
 30
0.0
  0
VERTEX
  5
14F
330
EE
100
AcDbEntity
  8
inside1_T
100
AcDbVertex
100
AcDb2dVertex
 10
-273.7406981623524
 20
1.355994767219315
 30
0.0
  0
VERTEX
  5
150
330
EE
100
AcDbEntity
  8
inside1_T
100
AcDbVertex
100
AcDb2dVertex
 10
-274.1810914101465
 20
1.365486740411782
 30
0.0
  0
VERTEX
  5
151
330
EE
100
AcDbEntity
  8
inside1_T
100
AcDbVertex
100
AcDb2dVertex
 10
-274.6213855668481
 20
1.374879601097945
 30
0.0
  0
VERTEX
  5
152
330
EE
100
AcDbEntity
  8
inside1_T
100
AcDbVertex
100
AcDb2dVertex
 10
-275.0618049186475
 20
1.384372136920575
 30
0.0
  0
VERTEX
  5
153
330
EE
100
AcDbEntity
  8
inside1_T
100
AcDbVertex
100
AcDb2dVertex
 10
-275.5021005576287
 20
1.393871848829718
 30
0.0
  0
VERTEX
  5
154
330
EE
100
AcDbEntity
  8
inside1_T
100
AcDbVertex
100
AcDb2dVertex
 10
-275.9424172254667
 20
1.403364307758437
 30
0.0
  0
VERTEX
  5
155
330
EE
100
AcDbEntity
  8
inside1_T
100
AcDbVertex
100
AcDb2dVertex
 10
-276.3827108076459
 20
1.412955381885624
 30
0.0
  0
VERTEX
  5
156
330
EE
100
AcDbEntity
  8
inside1_T
100
AcDbVertex
100
AcDb2dVertex
 10
-276.8231040996621
 20
1.422447356031242
 30
0.0
  0
VERTEX
  5
157
330
EE
100
AcDbEntity
  8
inside1_T
100
AcDbVertex
100
AcDb2dVertex
 10
-277.2634216974292
 20
1.432039036342772
 30
0.0
  0
VERTEX
  5
158
330
EE
100
AcDbEntity
  8
inside1_T
100
AcDbVertex
100
AcDb2dVertex
 10
-277.7037199104032
 20
1.441637835454955
 30
0.0
  0
VERTEX
  5
159
330
EE
100
AcDbEntity
  8
inside1_T
100
AcDbVertex
100
AcDb2dVertex
 10
-278.1440099661658
 20
1.451228832729427
 30
0.0
  0
VERTEX
  5
15A
330
EE
100
AcDbEntity
  8
inside1_T
100
AcDbVertex
100
AcDb2dVertex
 10
-278.5843983073957
 20
1.460819895055039
 30
0.0
  0
VERTEX
  5
15B
330
EE
100
AcDbEntity
  8
inside1_T
100
AcDbVertex
100
AcDb2dVertex
 10
-279.0246976814483
 20
1.470418719456802
 30
0.0
  0
VERTEX
  5
15C
330
EE
100
AcDbEntity
  8
inside1_T
100
AcDbVertex
100
AcDb2dVertex
 10
-279.4650144157601
 20
1.48001029787973
 30
0.0
  0
VERTEX
  5
15D
330
EE
100
AcDbEntity
  8
inside1_T
100
AcDbVertex
100
AcDb2dVertex
 10
-279.9053068108814
 20
1.489700542627759
 30
0.0
  0
VERTEX
  5
15E
330
EE
100
AcDbEntity
  8
inside1_T
100
AcDbVertex
100
AcDb2dVertex
 10
-280.3456009450079
 20
1.499299252853049
 30
0.0
  0
VERTEX
  5
15F
330
EE
100
AcDbEntity
  8
inside1_T
100
AcDbVertex
100
AcDb2dVertex
 10
-280.7858924930545
 20
1.50898939506078
 30
0.0
  0
VERTEX
  5
160
330
EE
100
AcDbEntity
  8
inside1_T
100
AcDbVertex
100
AcDb2dVertex
 10
-281.2262845884101
 20
1.518580539148815
 30
0.0
  0
VERTEX
  5
161
330
EE
100
AcDbEntity
  8
inside1_T
100
AcDbVertex
100
AcDb2dVertex
 10
-281.6665094838547
 20
1.528279020499852
 30
0.0
  0
VERTEX
  5
162
330
EE
100
AcDbEntity
  8
inside1_T
100
AcDbVertex
100
AcDb2dVertex
 10
-282.1068963051272
 20
1.53796907814467
 30
0.0
  0
VERTEX
  5
163
330
EE
100
AcDbEntity
  8
inside1_T
100
AcDbVertex
100
AcDb2dVertex
 10
-282.547187867958
 20
1.54765930457198
 30
0.0
  0
VERTEX
  5
164
330
EE
100
AcDbEntity
  8
inside1_T
100
AcDbVertex
100
AcDb2dVertex
 10
-282.9874115673131
 20
1.557357759514517
 30
0.0
  0
VERTEX
  5
165
330
EE
100
AcDbEntity
  8
inside1_T
100
AcDbVertex
100
AcDb2dVertex
 10
-283.4278048595925
 20
1.567147072615114
 30
0.0
  0
VERTEX
  5
166
330
EE
100
AcDbEntity
  8
inside1_T
100
AcDbVertex
100
AcDb2dVertex
 10
-283.8679726884705
 20
1.576844380724879
 30
0.0
  0
VERTEX
  5
167
330
EE
100
AcDbEntity
  8
inside1_T
100
AcDbVertex
100
AcDb2dVertex
 10
-284.3082902534479
 20
1.586535095465621
 30
0.0
  0
VERTEX
  5
168
330
EE
100
AcDbEntity
  8
inside1_T
100
AcDbVertex
100
AcDb2dVertex
 10
-284.7485805981118
 20
1.596332032139088
 30
0.0
  0
VERTEX
  5
169
330
EE
100
AcDbEntity
  8
inside1_T
100
AcDbVertex
100
AcDb2dVertex
 10
-285.1888747320218
 20
1.606022231257711
 30
0.0
  0
VERTEX
  5
16A
330
EE
100
AcDbEntity
  8
inside1_T
100
AcDbVertex
100
AcDb2dVertex
 10
-285.629197594557
 20
1.61581980666152
 30
0.0
  0
VERTEX
  5
16B
330
EE
100
AcDbEntity
  8
inside1_T
100
AcDbVertex
100
AcDb2dVertex
 10
-286.0694572057512
 20
1.625608435904255
 30
0.0
  0
VERTEX
  5
16C
330
EE
100
AcDbEntity
  8
inside1_T
100
AcDbVertex
100
AcDb2dVertex
 10
-286.5097540061482
 20
1.635298693708165
 30
0.0
  0
VERTEX
  5
16D
330
EE
100
AcDbEntity
  8
inside1_T
100
AcDbVertex
100
AcDb2dVertex
 10
-286.9499745597277
 20
1.645096282972418
 30
0.0
  0
VERTEX
  5
16E
330
EE
100
AcDbEntity
  8
inside1_T
100
AcDbVertex
100
AcDb2dVertex
 10
-287.39026748431
 20
1.654893192226936
 30
0.0
  0
VERTEX
  5
16F
330
EE
100
AcDbEntity
  8
inside1_T
100
AcDbVertex
100
AcDb2dVertex
 10
-287.8305575401944
 20
1.664682413613832
 30
0.0
  0
VERTEX
  5
170
330
EE
100
AcDbEntity
  8
inside1_T
100
AcDbVertex
100
AcDb2dVertex
 10
-288.2708520312993
 20
1.674479442513828
 30
0.0
  0
VERTEX
  5
171
330
EE
100
AcDbEntity
  8
inside1_T
100
AcDbVertex
100
AcDb2dVertex
 10
-288.7110441141349
 20
1.684268689247617
 30
0.0
  0
VERTEX
  5
172
330
EE
100
AcDbEntity
  8
inside1_T
100
AcDbVertex
100
AcDb2dVertex
 10
-289.1513374196869
 20
1.694065691785539
 30
0.0
  0
VERTEX
  5
173
330
EE
100
AcDbEntity
  8
inside1_T
100
AcDbVertex
100
AcDb2dVertex
 10
-289.5916274299476
 20
1.703854912157283
 30
0.0
  0
VERTEX
  5
174
330
EE
100
AcDbEntity
  8
inside1_T
100
AcDbVertex
100
AcDb2dVertex
 10
-290.0318517955308
 20
1.713652501356108
 30
0.0
  0
VERTEX
  5
175
330
EE
100
AcDbEntity
  8
inside1_T
100
AcDbVertex
100
AcDb2dVertex
 10
-290.4721415469289
 20
1.723540913608289
 30
0.0
  0
VERTEX
  5
176
330
EE
100
AcDbEntity
  8
inside1_T
100
AcDbVertex
100
AcDb2dVertex
 10
-290.9124110758536
 20
1.733337302291815
 30
0.0
  0
VERTEX
  5
177
330
EE
100
AcDbEntity
  8
inside1_T
100
AcDbVertex
100
AcDb2dVertex
 10
-291.3525994378844
 20
1.74312655105507
 30
0.0
  0
VERTEX
  5
178
330
EE
100
AcDbEntity
  8
inside1_T
100
AcDbVertex
100
AcDb2dVertex
 10
-291.7928964642412
 20
1.752923551563541
 30
0.0
  0
VERTEX
  5
179
330
EE
100
AcDbEntity
  8
inside1_T
100
AcDbVertex
100
AcDb2dVertex
 10
-292.2331129162705
 20
1.762713425013871
 30
0.0
  0
VERTEX
  5
17A
330
EE
100
AcDbEntity
  8
inside1_T
100
AcDbVertex
100
AcDb2dVertex
 10
-292.6734070729728
 20
1.772609474665387
 30
0.0
  0
VERTEX
  5
17B
330
EE
100
AcDbEntity
  8
inside1_T
100
AcDbVertex
100
AcDb2dVertex
 10
-293.1135702146594
 20
1.782398162576513
 30
0.0
  0
VERTEX
  5
17C
330
EE
100
AcDbEntity
  8
inside1_T
100
AcDbVertex
100
AcDb2dVertex
 10
-293.5538956580394
 20
1.792195710563078
 30
0.0
  0
VERTEX
  5
17D
330
EE
100
AcDbEntity
  8
inside1_T
100
AcDbVertex
100
AcDb2dVertex
 10
-293.9941866415548
 20
1.802084150487218
 30
0.0
  0
VERTEX
  5
17E
330
EE
100
AcDbEntity
  8
inside1_T
100
AcDbVertex
100
AcDb2dVertex
 10
-294.434353861523
 20
1.811880552753678
 30
0.0
  0
VERTEX
  5
17F
330
EE
100
AcDbEntity
  8
inside1_T
100
AcDbVertex
100
AcDb2dVertex
 10
-294.8745409914343
 20
1.821669774097984
 30
0.0
  0
VERTEX
  5
180
330
EE
100
AcDbEntity
  8
inside1_T
100
AcDbVertex
100
AcDb2dVertex
 10
-295.3148690844666
 20
1.831467381041122
 30
0.0
  0
VERTEX
  5
181
330
EE
100
AcDbEntity
  8
inside1_T
100
AcDbVertex
100
AcDb2dVertex
 10
-295.7550583113544
 20
1.841363385622259
 30
0.0
  0
VERTEX
  5
182
330
EE
100
AcDbEntity
  8
inside1_T
100
AcDbVertex
100
AcDb2dVertex
 10
-296.19531935095
 20
1.851152046658456
 30
0.0
  0
VERTEX
  5
183
330
EE
100
AcDbEntity
  8
inside1_T
100
AcDbVertex
100
AcDb2dVertex
 10
-296.635515869984
 20
1.860949100948616
 30
0.0
  0
VERTEX
  5
184
330
EE
100
AcDbEntity
  8
inside1_T
100
AcDbVertex
100
AcDb2dVertex
 10
-297.0758084601992
 20
1.870738293903003
 30
0.0
  0
VERTEX
  5
185
330
EE
100
AcDbEntity
  8
inside1_T
100
AcDbVertex
100
AcDb2dVertex
 10
-297.5160290821258
 20
1.880535884627321
 30
0.0
  0
VERTEX
  5
186
330
EE
100
AcDbEntity
  8
inside1_T
100
AcDbVertex
100
AcDb2dVertex
 10
-297.9563194267908
 20
1.890424310203599
 30
0.0
  0
VERTEX
  5
187
330
EE
100
AcDbEntity
  8
inside1_T
100
AcDbVertex
100
AcDb2dVertex
 10
-298.3964866467589
 20
1.900220712470073
 30
0.0
  0
VERTEX
  5
188
330
EE
100
AcDbEntity
  8
inside1_T
100
AcDbVertex
100
AcDb2dVertex
 10
-298.8366813095287
 20
1.910009931785822
 30
0.0
  0
VERTEX
  5
189
330
EE
100
AcDbEntity
  8
inside1_T
100
AcDbVertex
100
AcDb2dVertex
 10
-299.2769746606886
 20
1.919806935338002
 30
0.0
  0
VERTEX
  5
18A
330
EE
100
AcDbEntity
  8
inside1_T
100
AcDbVertex
100
AcDb2dVertex
 10
-299.7171629770955
 20
1.929596183086076
 30
0.0
  0
VERTEX
  5
18B
330
EE
100
AcDbEntity
  8
inside1_T
100
AcDbVertex
100
AcDb2dVertex
 10
-300.1574637698669
 20
1.939393182579408
 30
0.0
  0
VERTEX
  5
18C
330
EE
100
AcDbEntity
  8
inside1_T
100
AcDbVertex
100
AcDb2dVertex
 10
-300.597627566739
 20
1.949181885044226
 30
0.0
  0
VERTEX
  5
18D
330
EE
100
AcDbEntity
  8
inside1_T
100
AcDbVertex
100
AcDb2dVertex
 10
-301.0378182056456
 20
1.958879695680196
 30
0.0
  0
VERTEX
  5
18E
330
EE
100
AcDbEntity
  8
inside1_T
100
AcDbVertex
100
AcDb2dVertex
 10
-301.478132568297
 20
1.968669542288765
 30
0.0
  0
VERTEX
  5
18F
330
EE
100
AcDbEntity
  8
inside1_T
100
AcDbVertex
100
AcDb2dVertex
 10
-301.9183079531991
 20
1.978465956544682
 30
0.0
  0
VERTEX
  5
190
330
EE
100
AcDbEntity
  8
inside1_T
100
AcDbVertex
100
AcDb2dVertex
 10
-302.358498637271
 20
1.988156144109951
 30
0.0
  0
VERTEX
  5
191
330
EE
100
AcDbEntity
  8
inside1_T
100
AcDbVertex
100
AcDb2dVertex
 10
-302.7987889819349
 20
1.997953080783418
 30
0.0
  0
VERTEX
  5
192
330
EE
100
AcDbEntity
  8
inside1_T
100
AcDbVertex
100
AcDb2dVertex
 10
-303.2389781175829
 20
2.007643234262261
 30
0.0
  0
VERTEX
  5
193
330
EE
100
AcDbEntity
  8
inside1_T
100
AcDbVertex
100
AcDb2dVertex
 10
-303.6792781372343
 20
2.017432592459215
 30
0.0
  0
VERTEX
  5
194
330
EE
100
AcDbEntity
  8
inside1_T
100
AcDbVertex
100
AcDb2dVertex
 10
-304.1194453964301
 20
2.027129888018351
 30
0.0
  0
VERTEX
  5
195
330
EE
100
AcDbEntity
  8
inside1_T
100
AcDbVertex
100
AcDb2dVertex
 10
-304.5596606457319
 20
2.036820616317556
 30
0.0
  0
VERTEX
  5
196
330
EE
100
AcDbEntity
  8
inside1_T
100
AcDbVertex
100
AcDb2dVertex
 10
-304.9999509452719
 20
2.046617551986969
 30
0.0
  0
VERTEX
  5
197
330
EE
100
AcDbEntity
  8
inside1_T
100
AcDbVertex
100
AcDb2dVertex
 10
-305.4401216364107
 20
2.056307131612826
 30
0.0
  0
VERTEX
  5
198
330
EE
100
AcDbEntity
  8
inside1_T
100
AcDbVertex
100
AcDb2dVertex
 10
-305.880287766437
 20
2.066004402258187
 30
0.0
  0
VERTEX
  5
199
330
EE
100
AcDbEntity
  8
inside1_T
100
AcDbVertex
100
AcDb2dVertex
 10
-306.3205760601771
 20
2.075595444223993
 30
0.0
  0
VERTEX
  5
19A
330
EE
100
AcDbEntity
  8
inside1_T
100
AcDbVertex
100
AcDb2dVertex
 10
-306.7607945347411
 20
2.0852862435584
 30
0.0
  0
VERTEX
  5
19B
330
EE
100
AcDbEntity
  8
inside1_T
100
AcDbVertex
100
AcDb2dVertex
 10
-307.2010672599227
 20
2.094983511232542
 30
0.0
  0
VERTEX
  5
19C
330
EE
100
AcDbEntity
  8
inside1_T
100
AcDbVertex
100
AcDb2dVertex
 10
-307.641257073092
 20
2.104574566967472
 30
0.0
  0
VERTEX
  5
19D
330
EE
100
AcDbEntity
  8
inside1_T
100
AcDbVertex
100
AcDb2dVertex
 10
-308.0814497744446
 20
2.114264798940354
 30
0.0
  0
VERTEX
  5
19E
330
EE
100
AcDbEntity
  8
inside1_T
100
AcDbVertex
100
AcDb2dVertex
 10
-308.5217149265987
 20
2.123862960439268
 30
0.0
  0
VERTEX
  5
19F
330
EE
100
AcDbEntity
  8
inside1_T
100
AcDbVertex
100
AcDb2dVertex
 10
-308.9619107536139
 20
2.133453981071568
 30
0.0
  0
VERTEX
  5
1A0
330
EE
100
AcDbEntity
  8
inside1_T
100
AcDbVertex
100
AcDb2dVertex
 10
-309.4022000260493
 20
2.143045044354395
 30
0.0
  0
VERTEX
  5
1A1
330
EE
100
AcDbEntity
  8
inside1_T
100
AcDbVertex
100
AcDb2dVertex
 10
-309.8423924193364
 20
2.152636156303231
 30
0.0
  0
VERTEX
  5
1A2
330
EE
100
AcDbEntity
  8
inside1_T
100
AcDbVertex
100
AcDb2dVertex
 10
-310.2826857033736
 20
2.162234931083304
 30
0.0
  0
VERTEX
  5
1A3
330
EE
100
AcDbEntity
  8
inside1_T
100
AcDbVertex
100
AcDb2dVertex
 10
-310.7228549125812
 20
2.171825371764754
 30
0.0
  0
VERTEX
  5
1A4
330
EE
100
AcDbEntity
  8
inside1_T
100
AcDbVertex
100
AcDb2dVertex
 10
-311.1630476586717
 20
2.181317378084501
 30
0.0
  0
VERTEX
  5
1A5
330
EE
100
AcDbEntity
  8
inside1_T
100
AcDbVertex
100
AcDb2dVertex
 10
-311.6033373843471
 20
2.190916075307442
 30
0.0
  0
VERTEX
  5
1A6
330
EE
100
AcDbEntity
  8
inside1_T
100
AcDbVertex
100
AcDb2dVertex
 10
-312.0436066017507
 20
2.200407429148385
 30
0.0
  0
VERTEX
  5
1A7
330
EE
100
AcDbEntity
  8
inside1_T
100
AcDbVertex
100
AcDb2dVertex
 10
-312.4837990714612
 20
2.209899429505199
 30
0.0
  0
VERTEX
  5
1A8
330
EE
100
AcDbEntity
  8
inside1_T
100
AcDbVertex
100
AcDb2dVertex
 10
-312.9240882665111
 20
2.21939137838271
 30
0.0
  0
VERTEX
  5
1A9
330
EE
100
AcDbEntity
  8
inside1_T
100
AcDbVertex
100
AcDb2dVertex
 10
-313.3642533723949
 20
2.228882788685723
 30
0.0
  0
VERTEX
  5
1AA
330
EE
100
AcDbEntity
  8
inside1_T
100
AcDbVertex
100
AcDb2dVertex
 10
-313.8045533921139
 20
2.23827569312536
 30
0.0
  0
VERTEX
  5
1AB
330
EE
100
AcDbEntity
  8
inside1_T
100
AcDbVertex
100
AcDb2dVertex
 10
-314.2447446675567
 20
2.247775291809077
 30
0.0
  0
VERTEX
  5
1AC
330
EE
100
AcDbEntity
  8
inside1_T
100
AcDbVertex
100
AcDb2dVertex
 10
-314.6850057294219
 20
2.257167527795531
 30
0.0
  0
VERTEX
  5
1AD
330
EE
100
AcDbEntity
  8
inside1_T
100
AcDbVertex
100
AcDb2dVertex
 10
-315.1252960740858
 20
2.266560388481693
 30
0.0
  0
VERTEX
  5
1AE
330
EE
100
AcDbEntity
  8
inside1_T
100
AcDbVertex
100
AcDb2dVertex
 10
-315.5654959799458
 20
2.275953271572291
 30
0.0
  0
VERTEX
  5
1AF
330
EE
100
AcDbEntity
  8
inside1_T
100
AcDbVertex
100
AcDb2dVertex
 10
-316.005785274511
 20
2.285346109854018
 30
0.0
  0
VERTEX
  5
1B0
330
EE
100
AcDbEntity
  8
inside1_T
100
AcDbVertex
100
AcDb2dVertex
 10
-316.4460494814486
 20
2.294738412935359
 30
0.0
  0
VERTEX
  5
1B1
330
EE
100
AcDbEntity
  8
inside1_T
100
AcDbVertex
100
AcDb2dVertex
 10
-316.8862221993372
 20
2.304031608804735
 30
0.0
  0
VERTEX
  5
1B2
330
EE
100
AcDbEntity
  8
inside1_T
100
AcDbVertex
100
AcDb2dVertex
 10
-317.3265115049682
 20
2.313325334578451
 30
0.0
  0
VERTEX
  5
1B3
330
EE
100
AcDbEntity
  8
inside1_T
100
AcDbVertex
100
AcDb2dVertex
 10
-317.7668018496321
 20
2.322619082286593
 30
0.0
  0
VERTEX
  5
1B4
330
EE
100
AcDbEntity
  8
inside1_T
100
AcDbVertex
100
AcDb2dVertex
 10
-318.2069942069566
 20
2.331912853757643
 30
0.0
  0
VERTEX
  5
1B5
330
EE
100
AcDbEntity
  8
inside1_T
100
AcDbVertex
100
AcDb2dVertex
 10
-318.6472643491525
 20
2.341206014103918
 30
0.0
  0
VERTEX
  5
1B6
330
EE
100
AcDbEntity
  8
inside1_T
100
AcDbVertex
100
AcDb2dVertex
 10
-319.0875280793297
 20
2.350400093040605
 30
0.0
  0
VERTEX
  5
1B7
330
EE
100
AcDbEntity
  8
inside1_T
100
AcDbVertex
100
AcDb2dVertex
 10
-319.5278143227785
 20
2.359587018084852
 30
0.0
  0
VERTEX
  5
1B8
330
EE
100
AcDbEntity
  8
inside1_T
100
AcDbVertex
100
AcDb2dVertex
 10
-319.9681163070882
 20
2.368781736637118
 30
0.0
  0
VERTEX
  5
1B9
330
EE
100
AcDbEntity
  8
inside1_T
100
AcDbVertex
100
AcDb2dVertex
 10
-320.4084067373968
 20
2.377976373155761
 30
0.0
  0
VERTEX
  5
1BA
330
EE
100
AcDbEntity
  8
inside1_T
100
AcDbVertex
100
AcDb2dVertex
 10
-320.8486703816702
 20
2.387170450298498
 30
0.0
  0
VERTEX
  5
1BB
330
EE
100
AcDbEntity
  8
inside1_T
100
AcDbVertex
100
AcDb2dVertex
 10
-321.2889416499342
 20
2.396265420481512
 30
0.0
  0
VERTEX
  5
1BC
330
EE
100
AcDbEntity
  8
inside1_T
100
AcDbVertex
100
AcDb2dVertex
 10
-321.7292320793208
 20
2.405360943983808
 30
0.0
  0
VERTEX
  5
1BD
330
EE
100
AcDbEntity
  8
inside1_T
100
AcDbVertex
100
AcDb2dVertex
 10
-322.1695183227121
 20
2.414448756972064
 30
0.0
  0
VERTEX
  5
1BE
330
EE
100
AcDbEntity
  8
inside1_T
100
AcDbVertex
100
AcDb2dVertex
 10
-322.6097936920028
 20
2.423543811838584
 30
0.0
  0
VERTEX
  5
1BF
330
EE
100
AcDbEntity
  8
inside1_T
100
AcDbVertex
100
AcDb2dVertex
 10
-323.0500574205013
 20
2.43253967676722
 30
0.0
  0
VERTEX
  5
1C0
330
EE
100
AcDbEntity
  8
inside1_T
100
AcDbVertex
100
AcDb2dVertex
 10
-323.4903436638357
 20
2.441528377699527
 30
0.0
  0
VERTEX
  5
1C1
330
EE
100
AcDbEntity
  8
inside1_T
100
AcDbVertex
100
AcDb2dVertex
 10
-323.9306456501038
 20
2.450524868527879
 30
0.0
  0
VERTEX
  5
1C2
330
EE
100
AcDbEntity
  8
inside1_T
100
AcDbVertex
100
AcDb2dVertex
 10
-324.3709073691146
 20
2.459520692396836
 30
0.0
  0
VERTEX
  5
1C3
330
EE
100
AcDbEntity
  8
inside1_T
100
AcDbVertex
100
AcDb2dVertex
 10
-324.8111690042245
 20
2.468409784458103
 30
0.0
  0
VERTEX
  5
1C4
330
EE
100
AcDbEntity
  8
inside1_T
100
AcDbVertex
100
AcDb2dVertex
 10
-325.2515690272899
 20
2.477307139659644
 30
0.0
  0
VERTEX
  5
1C5
330
EE
100
AcDbEntity
  8
inside1_T
100
AcDbVertex
100
AcDb2dVertex
 10
-325.6918564306057
 20
2.486196751975001
 30
0.0
  0
VERTEX
  5
1C6
330
EE
100
AcDbEntity
  8
inside1_T
100
AcDbVertex
100
AcDb2dVertex
 10
-326.132121593767
 20
2.495093538872979
 30
0.0
  0
VERTEX
  5
1C7
330
EE
100
AcDbEntity
  8
inside1_T
100
AcDbVertex
100
AcDb2dVertex
 10
-326.572489392444
 20
2.503883513110821
 30
0.0
  0
VERTEX
  5
1C8
330
EE
100
AcDbEntity
  8
inside1_T
100
AcDbVertex
100
AcDb2dVertex
 10
-327.0127849846872
 20
2.512681800731457
 30
0.0
  0
VERTEX
  5
1C9
330
EE
100
AcDbEntity
  8
inside1_T
100
AcDbVertex
100
AcDb2dVertex
 10
-327.4530712279098
 20
2.521472277551979
 30
0.0
  0
VERTEX
  5
1CA
330
EE
100
AcDbEntity
  8
inside1_T
100
AcDbVertex
100
AcDb2dVertex
 10
-327.8934426011527
 20
2.530269946751787
 30
0.0
  0
VERTEX
  5
1CB
330
EE
100
AcDbEntity
  8
inside1_T
100
AcDbVertex
100
AcDb2dVertex
 10
-328.3338033958418
 20
2.538960826829793
 30
0.0
  0
VERTEX
  5
1CC
330
EE
100
AcDbEntity
  8
inside1_T
100
AcDbVertex
100
AcDb2dVertex
 10
-328.7741023359213
 20
2.547652291766767
 30
0.0
  0
VERTEX
  5
1CD
330
EE
100
AcDbEntity
  8
inside1_T
100
AcDbVertex
100
AcDb2dVertex
 10
-329.2144667387949
 20
2.556350866676055
 30
0.0
  0
VERTEX
  5
1CE
330
EE
100
AcDbEntity
  8
inside1_T
100
AcDbVertex
100
AcDb2dVertex
 10
-329.6547549927241
 20
2.564943158661819
 30
0.0
  0
VERTEX
  5
1CF
330
EE
100
AcDbEntity
  8
inside1_T
100
AcDbVertex
100
AcDb2dVertex
 10
-330.0951249001781
 20
2.573634068129621
 30
0.0
  0
VERTEX
  5
1D0
330
EE
100
AcDbEntity
  8
inside1_T
100
AcDbVertex
100
AcDb2dVertex
 10
-330.5354882242996
 20
2.582126783935081
 30
0.0
  0
VERTEX
  5
1D1
330
EE
100
AcDbEntity
  8
inside1_T
100
AcDbVertex
100
AcDb2dVertex
 10
-330.9757882433709
 20
2.590719156733712
 30
0.0
  0
VERTEX
  5
1D2
330
EE
100
AcDbEntity
  8
inside1_T
100
AcDbVertex
100
AcDb2dVertex
 10
-331.4161526169119
 20
2.599219516418941
 30
0.0
  0
VERTEX
  5
1D3
330
EE
100
AcDbEntity
  8
inside1_T
100
AcDbVertex
100
AcDb2dVertex
 10
-331.8565379738714
 20
2.607712657107655
 30
0.0
  0
VERTEX
  5
1D4
330
EE
100
AcDbEntity
  8
inside1_T
100
AcDbVertex
100
AcDb2dVertex
 10
-332.2969083615152
 20
2.616205362111373
 30
0.0
  0
VERTEX
  5
1D5
330
EE
100
AcDbEntity
  8
inside1_T
100
AcDbVertex
100
AcDb2dVertex
 10
-332.7372712039868
 20
2.624598961639819
 30
0.0
  0
VERTEX
  5
1D6
330
EE
100
AcDbEntity
  8
inside1_T
100
AcDbVertex
100
AcDb2dVertex
 10
-333.1776682075427
 20
2.63299306698076
 30
0.0
  0
VERTEX
  5
1D7
330
EE
100
AcDbEntity
  8
inside1_T
100
AcDbVertex
100
AcDb2dVertex
 10
-333.6180310498164
 20
2.641386666505412
 30
0.0
  0
VERTEX
  5
1D8
330
EE
100
AcDbEntity
  8
inside1_T
100
AcDbVertex
100
AcDb2dVertex
 10
-334.0584014378941
 20
2.649681157576467
 30
0.0
  0
VERTEX
  5
1D9
330
EE
100
AcDbEntity
  8
inside1_T
100
AcDbVertex
100
AcDb2dVertex
 10
-334.4987909727756
 20
2.657976152884018
 30
0.0
  0
VERTEX
  5
1DA
330
EE
100
AcDbEntity
  8
inside1_T
100
AcDbVertex
100
AcDb2dVertex
 10
-334.9391511906617
 20
2.666262972384246
 30
0.0
  0
VERTEX
  5
1DB
330
EE
100
AcDbEntity
  8
inside1_T
100
AcDbVertex
100
AcDb2dVertex
 10
-335.3796222463005
 20
2.674458385521163
 30
0.0
  0
VERTEX
  5
1DC
330
EE
100
AcDbEntity
  8
inside1_T
100
AcDbVertex
100
AcDb2dVertex
 10
-335.8200127721474
 20
2.682654286273319
 30
0.0
  0
VERTEX
  5
1DD
330
EE
100
AcDbEntity
  8
inside1_T
100
AcDbVertex
100
AcDb2dVertex
 10
-336.2603826701207
 20
2.690849661252898
 30
0.0
  0
VERTEX
  5
1DE
330
EE
100
AcDbEntity
  8
inside1_T
100
AcDbVertex
100
AcDb2dVertex
 10
-336.7008441332691
 20
2.698945930878068
 30
0.0
  0
VERTEX
  5
1DF
330
EE
100
AcDbEntity
  8
inside1_T
100
AcDbVertex
100
AcDb2dVertex
 10
-337.1412380187053
 20
2.707035015969169
 30
0.0
  0
VERTEX
  5
1E0
330
EE
100
AcDbEntity
  8
inside1_T
100
AcDbVertex
100
AcDb2dVertex
 10
-337.5817015320006
 20
2.715131323257211
 30
0.0
  0
VERTEX
  5
1E1
330
EE
100
AcDbEntity
  8
inside1_T
100
AcDbVertex
100
AcDb2dVertex
 10
-338.0220586201106
 20
2.7231206285051
 30
0.0
  0
VERTEX
  5
1E2
330
EE
100
AcDbEntity
  8
inside1_T
100
AcDbVertex
100
AcDb2dVertex
 10
-338.9030165091022
 20
2.739016340416924
 30
0.0
  0
VERTEX
  5
1E3
330
EE
100
AcDbEntity
  8
inside1_T
100
AcDbVertex
100
AcDb2dVertex
 10
-339.7838744862561
 20
2.754797680322667
 30
0.0
  0
VERTEX
  5
1E4
330
EE
100
AcDbEntity
  8
inside1_T
100
AcDbVertex
100
AcDb2dVertex
 10
-340.6648067367539
 20
2.770487091861298
 30
0.0
  0
VERTEX
  5
1E5
330
EE
100
AcDbEntity
  8
inside1_T
100
AcDbVertex
100
AcDb2dVertex
 10
-341.5457515259953
 20
2.785879401273249
 30
0.0
  0
VERTEX
  5
1E6
330
EE
100
AcDbEntity
  8
inside1_T
100
AcDbVertex
100
AcDb2dVertex
 10
-342.4266940364673
 20
2.801264047150966
 30
0.0
  0
VERTEX
  5
1E7
330
EE
100
AcDbEntity
  8
inside1_T
100
AcDbVertex
100
AcDb2dVertex
 10
-343.3077256373199
 20
2.816351196815106
 30
0.0
  0
VERTEX
  5
1E8
330
EE
100
AcDbEntity
  8
inside1_T
100
AcDbVertex
100
AcDb2dVertex
 10
-344.1886837541194
 20
2.831347299172862
 30
0.0
  0
VERTEX
  5
1E9
330
EE
100
AcDbEntity
  8
inside1_T
100
AcDbVertex
100
AcDb2dVertex
 10
-345.0697251434477
 20
2.846236400062025
 30
0.0
  0
VERTEX
  5
1EA
330
EE
100
AcDbEntity
  8
inside1_T
100
AcDbVertex
100
AcDb2dVertex
 10
-345.950862460881
 20
2.860919480814545
 30
0.0
  0
VERTEX
  5
1EB
330
EE
100
AcDbEntity
  8
inside1_T
100
AcDbVertex
100
AcDb2dVertex
 10
-346.8318930636768
 20
2.875411971477149
 30
0.0
  0
VERTEX
  5
1EC
330
EE
100
AcDbEntity
  8
inside1_T
100
AcDbVertex
100
AcDb2dVertex
 10
-347.7130348245932
 20
2.889698819952727
 30
0.0
  0
VERTEX
  5
1ED
330
EE
100
AcDbEntity
  8
inside1_T
100
AcDbVertex
100
AcDb2dVertex
 10
-348.5941719362837
 20
2.903886362476143
 30
0.0
  0
VERTEX
  5
1EE
330
EE
100
AcDbEntity
  8
inside1_T
100
AcDbVertex
100
AcDb2dVertex
 10
-349.4754002770042
 20
2.917776580110512
 30
0.0
  0
VERTEX
  5
1EF
330
EE
100
AcDbEntity
  8
inside1_T
100
AcDbVertex
100
AcDb2dVertex
 10
-350.7972196803115
 20
2.938459788524142
 30
0.0
  0
VERTEX
  5
1F0
330
EE
100
AcDbEntity
  8
inside1_T
100
AcDbVertex
100
AcDb2dVertex
 10
-352.1190164720256
 20
2.958647108456191
 30
0.0
  0
VERTEX
  5
1F1
330
EE
100
AcDbEntity
  8
inside1_T
100
AcDbVertex
100
AcDb2dVertex
 10
-353.4408132624761
 20
2.978430377026299
 30
0.0
  0
VERTEX
  5
1F2
330
EE
100
AcDbEntity
  8
inside1_T
100
AcDbVertex
100
AcDb2dVertex
 10
-354.7626191890939
 20
2.997718244246315
 30
0.0
  0
VERTEX
  5
1F3
330
EE
100
AcDbEntity
  8
inside1_T
100
AcDbVertex
100
AcDb2dVertex
 10
-356.0842268821097
 20
3.01670116468523
 30
0.0
  0
VERTEX
  5
1F4
330
EE
100
AcDbEntity
  8
inside1_T
100
AcDbVertex
100
AcDb2dVertex
 10
-357.4058174727114
 20
3.035188307802343
 30
0.0
  0
VERTEX
  5
1F5
330
EE
100
AcDbEntity
  8
inside1_T
100
AcDbVertex
100
AcDb2dVertex
 10
-358.72721760224
 20
3.053180024791246
 30
0.0
  0
VERTEX
  5
1F6
330
EE
100
AcDbEntity
  8
inside1_T
100
AcDbVertex
100
AcDb2dVertex
 10
-360.0484139093101
 20
3.070760195153412
 30
0.0
  0
VERTEX
  5
1F7
330
EE
100
AcDbEntity
  8
inside1_T
100
AcDbVertex
100
AcDb2dVertex
 10
-361.3693122514368
 20
3.087951451049022
 30
0.0
  0
VERTEX
  5
1F8
330
EE
100
AcDbEntity
  8
inside1_T
100
AcDbVertex
100
AcDb2dVertex
 10
-362.6900149541493
 20
3.104639580767881
 30
0.0
  0
VERTEX
  5
1F9
330
EE
100
AcDbEntity
  8
inside1_T
100
AcDbVertex
100
AcDb2dVertex
 10
-363.5703551027567
 20
3.115526048364714
 30
0.0
  0
VERTEX
  5
1FA
330
EE
100
AcDbEntity
  8
inside1_T
100
AcDbVertex
100
AcDb2dVertex
 10
-364.4506839228314
 20
3.126221974153765
 30
0.0
  0
VERTEX
  5
1FB
330
EE
100
AcDbEntity
  8
inside1_T
100
AcDbVertex
100
AcDb2dVertex
 10
-365.3311962557864
 20
3.136711887315215
 30
0.0
  0
VERTEX
  5
1FC
330
EE
100
AcDbEntity
  8
inside1_T
100
AcDbVertex
100
AcDb2dVertex
 10
-366.211935998533
 20
3.14690464609275
 30
0.0
  0
VERTEX
  5
1FD
330
EE
100
AcDbEntity
  8
inside1_T
100
AcDbVertex
100
AcDb2dVertex
 10
-367.093162269794
 20
3.156998282184773
 30
0.0
  0
VERTEX
  5
1FE
330
EE
100
AcDbEntity
  8
inside1_T
100
AcDbVertex
100
AcDb2dVertex
 10
-367.9748790451605
 20
3.166786834118668
 30
0.0
  0
VERTEX
  5
1FF
330
EE
100
AcDbEntity
  8
inside1_T
100
AcDbVertex
100
AcDb2dVertex
 10
-368.8573876194189
 20
3.1763847876353
 30
0.0
  0
VERTEX
  5
200
330
EE
100
AcDbEntity
  8
inside1_T
100
AcDbVertex
100
AcDb2dVertex
 10
-370.6251722693975
 20
3.194971379737453
 30
0.0
  0
VERTEX
  5
201
330
EE
100
AcDbEntity
  8
inside1_T
100
AcDbVertex
100
AcDb2dVertex
 10
-371.0675125886015
 20
3.199461409172727
 30
0.0
  0
VERTEX
  5
202
330
EE
100
AcDbEntity
  8
inside1_T
100
AcDbVertex
100
AcDb2dVertex
 10
-371.9522348480313
 20
3.208358185361902
 30
0.0
  0
VERTEX
  5
203
330
EE
100
AcDbEntity
  8
inside1_T
100
AcDbVertex
100
AcDb2dVertex
 10
-371.9522643323292
 20
3.208358471787476
 30
0.0
  0
VERTEX
  5
204
330
EE
100
AcDbEntity
  8
inside1_T
100
AcDbVertex
100
AcDb2dVertex
 10
-372.8366531931682
 20
3.216949878246851
 30
0.0
  0
VERTEX
  5
205
330
EE
100
AcDbEntity
  8
inside1_T
100
AcDbVertex
100
AcDb2dVertex
 10
-373.7201876398497
 20
3.225343508855829
 30
0.0
  0
VERTEX
  5
206
330
EE
100
AcDbEntity
  8
inside1_T
100
AcDbVertex
100
AcDb2dVertex
 10
-374.6022117119224
 20
3.233538774785032
 30
0.0
  0
VERTEX
  5
207
330
EE
100
AcDbEntity
  8
inside1_T
100
AcDbVertex
100
AcDb2dVertex
 10
-375.9212229418759
 20
3.24533267801101
 30
0.0
  0
VERTEX
  5
208
330
EE
100
AcDbEntity
  8
inside1_T
100
AcDbVertex
100
AcDb2dVertex
 10
-376.7972638473754
 20
3.253024870938191
 30
0.0
  0
VERTEX
  5
209
330
EE
100
AcDbEntity
  8
inside1_T
100
AcDbVertex
100
AcDb2dVertex
 10
-377.2341813118909
 20
3.256722005600253
 30
0.0
  0
VERTEX
  5
20A
330
EE
100
AcDbEntity
  8
inside1_T
100
AcDbVertex
100
AcDb2dVertex
 10
-377.6708620799178
 20
3.260320352711091
 30
0.0
  0
VERTEX
  5
20B
330
EE
100
AcDbEntity
  8
inside1_T
100
AcDbVertex
100
AcDb2dVertex
 10
-378.1076450091242
 20
3.263918913412283
 30
0.0
  0
VERTEX
  5
20C
330
EE
100
AcDbEntity
  8
inside1_T
100
AcDbVertex
100
AcDb2dVertex
 10
-378.5449137685468
 20
3.26751720578298
 30
0.0
  0
VERTEX
  5
20D
330
EE
100
AcDbEntity
  8
inside1_T
100
AcDbVertex
100
AcDb2dVertex
 10
-378.9829504800744
 20
3.271008570752528
 30
0.0
  0
VERTEX
  5
20E
330
EE
100
AcDbEntity
  8
inside1_T
100
AcDbVertex
100
AcDb2dVertex
 10
-379.4222224286146
 20
3.2744086972546
 30
0.0
  0
VERTEX
  5
20F
330
EE
100
AcDbEntity
  8
inside1_T
100
AcDbVertex
100
AcDb2dVertex
 10
-379.862977483014
 20
3.277808737892911
 30
0.0
  0
VERTEX
  5
210
330
EE
100
AcDbEntity
  8
inside1_T
100
AcDbVertex
100
AcDb2dVertex
 10
-380.3055227893242
 20
3.281102098311976
 30
0.0
  0
VERTEX
  5
211
330
EE
100
AcDbEntity
  8
inside1_T
100
AcDbVertex
100
AcDb2dVertex
 10
-380.7497900882261
 20
3.284403075377639
 30
0.0
  0
VERTEX
  5
212
330
EE
100
AcDbEntity
  8
inside1_T
100
AcDbVertex
100
AcDb2dVertex
 10
-381.1951152840659
 20
3.287597146675139
 30
0.0
  0
VERTEX
  5
213
330
EE
100
AcDbEntity
  8
inside1_T
100
AcDbVertex
100
AcDb2dVertex
 10
-381.6410809424567
 20
3.29069233039607
 30
0.0
  0
VERTEX
  5
214
330
EE
100
AcDbEntity
  8
inside1_T
100
AcDbVertex
100
AcDb2dVertex
 10
-382.0870505241016
 20
3.293795164983635
 30
0.0
  0
VERTEX
  5
215
330
EE
100
AcDbEntity
  8
inside1_T
100
AcDbVertex
100
AcDb2dVertex
 10
-382.5326043545262
 20
3.296791240805902
 30
0.0
  0
VERTEX
  5
216
330
EE
100
AcDbEntity
  8
inside1_T
100
AcDbVertex
100
AcDb2dVertex
 10
-382.977083120772
 20
3.299787367067125
 30
0.0
  0
VERTEX
  5
217
330
EE
100
AcDbEntity
  8
inside1_T
100
AcDbVertex
100
AcDb2dVertex
 10
-383.4201169666786
 20
3.302684208925555
 30
0.0
  0
VERTEX
  5
218
330
EE
100
AcDbEntity
  8
inside1_T
100
AcDbVertex
100
AcDb2dVertex
 10
-383.8610857651562
 20
3.305482098850547
 30
0.0
  0
VERTEX
  5
219
330
EE
100
AcDbEntity
  8
inside1_T
100
AcDbVertex
100
AcDb2dVertex
 10
-384.3002599705501
 20
3.308280017969508
 30
0.0
  0
VERTEX
  5
21A
330
EE
100
AcDbEntity
  8
inside1_T
100
AcDbVertex
100
AcDb2dVertex
 10
-384.738040434069
 20
3.310978789982713
 30
0.0
  0
VERTEX
  5
21B
330
EE
100
AcDbEntity
  8
inside1_T
100
AcDbVertex
100
AcDb2dVertex
 10
-385.1746037706757
 20
3.313677578386347
 30
0.0
  0
VERTEX
  5
21C
330
EE
100
AcDbEntity
  8
inside1_T
100
AcDbVertex
100
AcDb2dVertex
 10
-385.6104486265723
 20
3.316277065843238
 30
0.0
  0
VERTEX
  5
21D
330
EE
100
AcDbEntity
  8
inside1_T
100
AcDbVertex
100
AcDb2dVertex
 10
-386.0458160829381
 20
3.318769976787962
 30
0.0
  0
VERTEX
  5
21E
330
EE
100
AcDbEntity
  8
inside1_T
100
AcDbVertex
100
AcDb2dVertex
 10
-386.4811886497991
 20
3.321270540629371
 30
0.0
  0
VERTEX
  5
21F
330
EE
100
AcDbEntity
  8
inside1_T
100
AcDbVertex
100
AcDb2dVertex
 10
-386.9167552927375
 20
3.323671973970733
 30
0.0
  0
VERTEX
  5
220
330
EE
100
AcDbEntity
  8
inside1_T
100
AcDbVertex
100
AcDb2dVertex
 10
-387.3530180932391
 20
3.326065755025738
 30
0.0
  0
VERTEX
  5
221
330
EE
100
AcDbEntity
  8
inside1_T
100
AcDbVertex
100
AcDb2dVertex
 10
-387.790293513539
 20
3.328368087340863
 30
0.0
  0
VERTEX
  5
222
330
EE
100
AcDbEntity
  8
inside1_T
100
AcDbVertex
100
AcDb2dVertex
 10
-388.2287232403771
 20
3.330662612864103
 30
0.0
  0
VERTEX
  5
223
330
EE
100
AcDbEntity
  8
inside1_T
100
AcDbVertex
100
AcDb2dVertex
 10
-388.6689817075667
 20
3.332766705278729
 30
0.0
  0
VERTEX
  5
224
330
EE
100
AcDbEntity
  8
inside1_T
100
AcDbVertex
100
AcDb2dVertex
 10
-389.1112321813281
 20
3.334962253379871
 30
0.0
  0
VERTEX
  5
225
330
EE
100
AcDbEntity
  8
inside1_T
100
AcDbVertex
100
AcDb2dVertex
 10
-390.4536179634156
 20
3.340954366375485
 30
0.0
  0
VERTEX
  5
226
330
EE
100
AcDbEntity
  8
inside1_T
100
AcDbVertex
100
AcDb2dVertex
 10
-390.9067331728191
 20
3.34285251050639
 30
0.0
  0
VERTEX
  5
227
330
EE
100
AcDbEntity
  8
inside1_T
100
AcDbVertex
100
AcDb2dVertex
 10
-391.3611670259525
 20
3.344651584339516
 30
0.0
  0
VERTEX
  5
228
330
EE
100
AcDbEntity
  8
inside1_T
100
AcDbVertex
100
AcDb2dVertex
 10
-391.8150182268212
 20
3.34635165854823
 30
0.0
  0
VERTEX
  5
229
330
EE
100
AcDbEntity
  8
inside1_T
100
AcDbVertex
100
AcDb2dVertex
 10
-392.2666119473118
 20
3.348051844210417
 30
0.0
  0
VERTEX
  5
22A
330
EE
100
AcDbEntity
  8
inside1_T
100
AcDbVertex
100
AcDb2dVertex
 10
-392.7142825114517
 20
3.349751955387276
 30
0.0
  0
VERTEX
  5
22B
330
EE
100
AcDbEntity
  8
inside1_T
100
AcDbVertex
100
AcDb2dVertex
 10
-393.1563316369897
 20
3.351345241132762
 30
0.0
  0
VERTEX
  5
22C
330
EE
100
AcDbEntity
  8
inside1_T
100
AcDbVertex
100
AcDb2dVertex
 10
-393.5908978951978
 20
3.352847057722244
 30
0.0
  0
VERTEX
  5
22D
330
EE
100
AcDbEntity
  8
inside1_T
100
AcDbVertex
100
AcDb2dVertex
 10
-394.0164910320732
 20
3.354249843928628
 30
0.0
  0
VERTEX
  5
22E
330
EE
100
AcDbEntity
  8
inside1_T
100
AcDbVertex
100
AcDb2dVertex
 10
-394.4336778719963
 20
3.355644990153294
 30
0.0
  0
VERTEX
  5
22F
330
EE
100
AcDbEntity
  8
inside1_T
100
AcDbVertex
100
AcDb2dVertex
 10
-394.8456593925
 20
3.356941009000167
 30
0.0
  0
VERTEX
  5
230
330
EE
100
AcDbEntity
  8
inside1_T
100
AcDbVertex
100
AcDb2dVertex
 10
-395.2559624172512
 20
3.358244647256001
 30
0.0
  0
VERTEX
  5
231
330
EE
100
AcDbEntity
  8
inside1_T
100
AcDbVertex
100
AcDb2dVertex
 10
-395.6678437985391
 20
3.359441533627177
 30
0.0
  0
VERTEX
  5
232
330
EE
100
AcDbEntity
  8
inside1_T
100
AcDbVertex
100
AcDb2dVertex
 10
-396.0849009523974
 20
3.360638396329122
 30
0.0
  0
VERTEX
  5
233
330
EE
100
AcDbEntity
  8
inside1_T
100
AcDbVertex
100
AcDb2dVertex
 10
-396.5103132335548
 20
3.361743660274072
 30
0.0
  0
VERTEX
  5
234
330
EE
100
AcDbEntity
  8
inside1_T
100
AcDbVertex
100
AcDb2dVertex
 10
-397.4004450938634
 20
3.363641937365699
 30
0.0
  0
SEQEND
  5
235
330
EE
100
AcDbEntity
  8
inside1_T
  0
POLYLINE
  5
236
330
1F
100
AcDbEntity
  8
inside1_T
100
AcDb2dPolyline
 66
     1
 10
0.0
 20
0.0
 30
0.0
  0
VERTEX
  5
237
330
236
100
AcDbEntity
  8
inside1_T
100
AcDbVertex
100
AcDb2dVertex
 10
-74.71151377576513
 20
0.9451587408652244
 30
0.0
  0
VERTEX
  5
238
330
236
100
AcDbEntity
  8
inside1_T
100
AcDbVertex
100
AcDb2dVertex
 10
-75.88964002678227
 20
0.9449605417133284
 30
0.0
  0
VERTEX
  5
239
330
236
100
AcDbEntity
  8
inside1_T
100
AcDbVertex
100
AcDb2dVertex
 10
-78.09306223781806
 20
0.9475524443972176
 30
0.0
  0
VERTEX
  5
23A
330
236
100
AcDbEntity
  8
inside1_T
100
AcDbVertex
100
AcDb2dVertex
 10
-80.29664958661698
 20
0.9516538863303481
 30
0.0
  0
VERTEX
  5
23B
330
236
100
AcDbEntity
  8
inside1_T
100
AcDbVertex
100
AcDb2dVertex
 10
-82.5002525863768
 20
0.9573486403929792
 30
0.0
  0
VERTEX
  5
23C
330
236
100
AcDbEntity
  8
inside1_T
100
AcDbVertex
100
AcDb2dVertex
 10
-84.70384566950025
 20
0.9645452412484303
 30
0.0
  0
VERTEX
  5
23D
330
236
100
AcDbEntity
  8
inside1_T
100
AcDbVertex
100
AcDb2dVertex
 10
-86.90744867153768
 20
0.9732360305899448
 30
0.0
  0
VERTEX
  5
23E
330
236
100
AcDbEntity
  8
inside1_T
100
AcDbVertex
100
AcDb2dVertex
 10
-89.11104175731072
 20
0.9835277797070319
 30
0.0
  0
VERTEX
  5
23F
330
236
100
AcDbEntity
  8
inside1_T
100
AcDbVertex
100
AcDb2dVertex
 10
-91.31465498160657
 20
0.9952146585353745
 30
0.0
  0
VERTEX
  5
240
330
236
100
AcDbEntity
  8
inside1_T
100
AcDbVertex
100
AcDb2dVertex
 10
-93.51816726307385
 20
1.008411031906604
 30
0.0
  0
VERTEX
  5
241
330
236
100
AcDbEntity
  8
inside1_T
100
AcDbVertex
100
AcDb2dVertex
 10
-95.28110488185956
 20
1.019998773227925
 30
0.0
  0
VERTEX
  5
242
330
236
100
AcDbEntity
  8
inside1_T
100
AcDbVertex
100
AcDb2dVertex
 10
-97.04384590790079
 20
1.032486100670809
 30
0.0
  0
VERTEX
  5
243
330
236
100
AcDbEntity
  8
inside1_T
100
AcDbVertex
100
AcDb2dVertex
 10
-98.80670087933373
 20
1.045979788124598
 30
0.0
  0
VERTEX
  5
244
330
236
100
AcDbEntity
  8
inside1_T
100
AcDbVertex
100
AcDb2dVertex
 10
-100.5694557219861
 20
1.060266378509368
 30
0.0
  0
VERTEX
  5
245
330
236
100
AcDbEntity
  8
inside1_T
100
AcDbVertex
100
AcDb2dVertex
 10
-102.3322039592941
 20
1.075460118073408
 30
0.0
  0
VERTEX
  5
246
330
236
100
AcDbEntity
  8
inside1_T
100
AcDbVertex
100
AcDb2dVertex
 10
-104.0949527107085
 20
1.091545817937984
 30
0.0
  0
VERTEX
  5
247
330
236
100
AcDbEntity
  8
inside1_T
100
AcDbVertex
100
AcDb2dVertex
 10
-105.8577075455914
 20
1.108531155844588
 30
0.0
  0
VERTEX
  5
248
330
236
100
AcDbEntity
  8
inside1_T
100
AcDbVertex
100
AcDb2dVertex
 10
-107.6203631951051
 20
1.126316968934418
 30
0.0
  0
VERTEX
  5
249
330
236
100
AcDbEntity
  8
inside1_T
100
AcDbVertex
100
AcDb2dVertex
 10
-109.3829198681513
 20
1.145002365891301
 30
0.0
  0
VERTEX
  5
24A
330
236
100
AcDbEntity
  8
inside1_T
100
AcDbVertex
100
AcDb2dVertex
 10
-111.1455756495903
 20
1.164488238870348
 30
0.0
  0
VERTEX
  5
24B
330
236
100
AcDbEntity
  8
inside1_T
100
AcDbVertex
100
AcDb2dVertex
 10
-112.9081388282106
 20
1.184873769625938
 30
0.0
  0
VERTEX
  5
24C
330
236
100
AcDbEntity
  8
inside1_T
100
AcDbVertex
100
AcDb2dVertex
 10
-114.6706034720117
 20
1.205960679264336
 30
0.0
  0
VERTEX
  5
24D
330
236
100
AcDbEntity
  8
inside1_T
100
AcDbVertex
100
AcDb2dVertex
 10
-116.4330533164218
 20
1.227939461971772
 30
0.0
  0
VERTEX
  5
24E
330
236
100
AcDbEntity
  8
inside1_T
100
AcDbVertex
100
AcDb2dVertex
 10
-118.195418339161
 20
1.250726430345821
 30
0.0
  0
VERTEX
  5
24F
330
236
100
AcDbEntity
  8
inside1_T
100
AcDbVertex
100
AcDb2dVertex
 10
-119.9577838537767
 20
1.274306260674351
 30
0.0
  0
VERTEX
  5
250
330
236
100
AcDbEntity
  8
inside1_T
100
AcDbVertex
100
AcDb2dVertex
 10
-121.7200487871609
 20
1.298686655283078
 30
0.0
  0
VERTEX
  5
251
330
236
100
AcDbEntity
  8
inside1_T
100
AcDbVertex
100
AcDb2dVertex
 10
-123.48231467479
 20
1.323768329673001
 30
0.0
  0
VERTEX
  5
252
330
236
100
AcDbEntity
  8
inside1_T
100
AcDbVertex
100
AcDb2dVertex
 10
-125.2444742368628
 20
1.349749595923811
 30
0.0
  0
VERTEX
  5
253
330
236
100
AcDbEntity
  8
inside1_T
100
AcDbVertex
100
AcDb2dVertex
 10
-127.006555112459
 20
1.376424804499436
 30
0.0
  0
VERTEX
  5
254
330
236
100
AcDbEntity
  8
inside1_T
100
AcDbVertex
100
AcDb2dVertex
 10
-128.7685361093183
 20
1.403809120547535
 30
0.0
  0
VERTEX
  5
255
330
236
100
AcDbEntity
  8
inside1_T
100
AcDbVertex
100
AcDb2dVertex
 10
-129.6495532513709
 20
1.417798238935859
 30
0.0
  0
VERTEX
  5
256
330
236
100
AcDbEntity
  8
inside1_T
100
AcDbVertex
100
AcDb2dVertex
 10
-130.5304978259763
 20
1.431985995665173
 30
0.0
  0
VERTEX
  5
257
330
236
100
AcDbEntity
  8
inside1_T
100
AcDbVertex
100
AcDb2dVertex
 10
-131.411441587393
 20
1.446272847662911
 30
0.0
  0
VERTEX
  5
258
330
236
100
AcDbEntity
  8
inside1_T
100
AcDbVertex
100
AcDb2dVertex
 10
-132.292372040156
 20
1.460765321165994
 30
0.0
  0
VERTEX
  5
259
330
236
100
AcDbEntity
  8
inside1_T
100
AcDbVertex
100
AcDb2dVertex
 10
-133.1733109003902
 20
1.475456021476418
 30
0.0
  0
VERTEX
  5
25A
330
236
100
AcDbEntity
  8
inside1_T
100
AcDbVertex
100
AcDb2dVertex
 10
-134.0541432322764
 20
1.490344939116838
 30
0.0
  0
VERTEX
  5
25B
330
236
100
AcDbEntity
  8
inside1_T
100
AcDbVertex
100
AcDb2dVertex
 10
-134.9350880159389
 20
1.505432299262111
 30
0.0
  0
VERTEX
  5
25C
330
236
100
AcDbEntity
  8
inside1_T
100
AcDbVertex
100
AcDb2dVertex
 10
-135.8159467859073
 20
1.520618993651752
 30
0.0
  0
VERTEX
  5
25D
330
236
100
AcDbEntity
  8
inside1_T
100
AcDbVertex
100
AcDb2dVertex
 10
-136.6967914140294
 20
1.535904552587056
 30
0.0
  0
VERTEX
  5
25E
330
236
100
AcDbEntity
  8
inside1_T
100
AcDbVertex
100
AcDb2dVertex
 10
-137.5776151096824
 20
1.5513957179041
 30
0.0
  0
VERTEX
  5
25F
330
236
100
AcDbEntity
  8
inside1_T
100
AcDbVertex
100
AcDb2dVertex
 10
-138.4584472328415
 20
1.567085111269705
 30
0.0
  0
VERTEX
  5
260
330
236
100
AcDbEntity
  8
inside1_T
100
AcDbVertex
100
AcDb2dVertex
 10
-139.3392068786255
 20
1.582973198918594
 30
0.0
  0
VERTEX
  5
261
330
236
100
AcDbEntity
  8
inside1_T
100
AcDbVertex
100
AcDb2dVertex
 10
-140.2200517811071
 20
1.598861036696221
 30
0.0
  0
VERTEX
  5
262
330
236
100
AcDbEntity
  8
inside1_T
100
AcDbVertex
100
AcDb2dVertex
 10
-140.6604076324484
 20
1.606957046566123
 30
0.0
  0
VERTEX
  5
263
330
236
100
AcDbEntity
  8
inside1_T
100
AcDbVertex
100
AcDb2dVertex
 10
-141.1008011155898
 20
1.615046264362789
 30
0.0
  0
VERTEX
  5
264
330
236
100
AcDbEntity
  8
inside1_T
100
AcDbVertex
100
AcDb2dVertex
 10
-141.5411941718076
 20
1.623142958284248
 30
0.0
  0
VERTEX
  5
265
330
236
100
AcDbEntity
  8
inside1_T
100
AcDbVertex
100
AcDb2dVertex
 10
-141.9815568983648
 20
1.631239234717327
 30
0.0
  0
VERTEX
  5
266
330
236
100
AcDbEntity
  8
inside1_T
100
AcDbVertex
100
AcDb2dVertex
 10
-142.4218951340237
 20
1.639434162323809
 30
0.0
  0
VERTEX
  5
267
330
236
100
AcDbEntity
  8
inside1_T
100
AcDbVertex
100
AcDb2dVertex
 10
-142.8622922157409
 20
1.647721532101301
 30
0.0
  0
VERTEX
  5
268
330
236
100
AcDbEntity
  8
inside1_T
100
AcDbVertex
100
AcDb2dVertex
 10
-143.302679623048
 20
1.655917374818173
 30
0.0
  0
VERTEX
  5
269
330
236
100
AcDbEntity
  8
inside1_T
100
AcDbVertex
100
AcDb2dVertex
 10
-143.7430500881276
 20
1.664211867339588
 30
0.0
  0
VERTEX
  5
26A
330
236
100
AcDbEntity
  8
inside1_T
100
AcDbVertex
100
AcDb2dVertex
 10
-144.1834128525897
 20
1.672506358410615
 30
0.0
  0
VERTEX
  5
26B
330
236
100
AcDbEntity
  8
inside1_T
100
AcDbVertex
100
AcDb2dVertex
 10
-144.6237833184792
 20
1.680899957935296
 30
0.0
  0
VERTEX
  5
26C
330
236
100
AcDbEntity
  8
inside1_T
100
AcDbVertex
100
AcDb2dVertex
 10
-145.0641726979598
 20
1.689294063276236
 30
0.0
  0
VERTEX
  5
26D
330
236
100
AcDbEntity
  8
inside1_T
100
AcDbVertex
100
AcDb2dVertex
 10
-145.5045355404313
 20
1.697687662804668
 30
0.0
  0
VERTEX
  5
26E
330
236
100
AcDbEntity
  8
inside1_T
100
AcDbVertex
100
AcDb2dVertex
 10
-145.9449321139985
 20
1.706180872813576
 30
0.0
  0
VERTEX
  5
26F
330
236
100
AcDbEntity
  8
inside1_T
100
AcDbVertex
100
AcDb2dVertex
 10
-146.3851958046924
 20
1.714574471488106
 30
0.0
  0
VERTEX
  5
270
330
236
100
AcDbEntity
  8
inside1_T
100
AcDbVertex
100
AcDb2dVertex
 10
-146.8255667401424
 20
1.723166294150175
 30
0.0
  0
VERTEX
  5
271
330
236
100
AcDbEntity
  8
inside1_T
100
AcDbVertex
100
AcDb2dVertex
 10
-147.2659535868407
 20
1.731659463605055
 30
0.0
  0
VERTEX
  5
272
330
236
100
AcDbEntity
  8
inside1_T
100
AcDbVertex
100
AcDb2dVertex
 10
-147.7062147063442
 20
1.740258849627551
 30
0.0
  0
VERTEX
  5
273
330
236
100
AcDbEntity
  8
inside1_T
100
AcDbVertex
100
AcDb2dVertex
 10
-148.1466170099346
 20
1.748851284352853
 30
0.0
  0
VERTEX
  5
274
330
236
100
AcDbEntity
  8
inside1_T
100
AcDbVertex
100
AcDb2dVertex
 10
-148.5869792478966
 20
1.757443086063006
 30
0.0
  0
VERTEX
  5
275
330
236
100
AcDbEntity
  8
inside1_T
100
AcDbVertex
100
AcDb2dVertex
 10
-149.0272500771223
 20
1.766133996096031
 30
0.0
  0
VERTEX
  5
276
330
236
100
AcDbEntity
  8
inside1_T
100
AcDbVertex
100
AcDb2dVertex
 10
-149.4676364055304
 20
1.774833004144568
 30
0.0
  0
VERTEX
  5
277
330
236
100
AcDbEntity
  8
inside1_T
100
AcDbVertex
100
AcDb2dVertex
 10
-149.9079016616756
 20
1.783523954675104
 30
0.0
  0
VERTEX
  5
278
330
236
100
AcDbEntity
  8
inside1_T
100
AcDbVertex
100
AcDb2dVertex
 10
-150.3482706067481
 20
1.792321575383738
 30
0.0
  0
VERTEX
  5
279
330
236
100
AcDbEntity
  8
inside1_T
100
AcDbVertex
100
AcDb2dVertex
 10
-150.7885639057227
 20
1.801112193128873
 30
0.0
  0
VERTEX
  5
27A
330
236
100
AcDbEntity
  8
inside1_T
100
AcDbVertex
100
AcDb2dVertex
 10
-151.2289621335778
 20
1.80990277475199
 30
0.0
  0
VERTEX
  5
27B
330
236
100
AcDbEntity
  8
inside1_T
100
AcDbVertex
100
AcDb2dVertex
 10
-151.669223160282
 20
1.818700371776629
 30
0.0
  0
VERTEX
  5
27C
330
236
100
AcDbEntity
  8
inside1_T
100
AcDbVertex
100
AcDb2dVertex
 10
-152.1095885476154
 20
1.827589557615852
 30
0.0
  0
VERTEX
  5
27D
330
236
100
AcDbEntity
  8
inside1_T
100
AcDbVertex
100
AcDb2dVertex
 10
-152.5498814215728
 20
1.836486750514212
 30
0.0
  0
VERTEX
  5
27E
330
236
100
AcDbEntity
  8
inside1_T
100
AcDbVertex
100
AcDb2dVertex
 10
-152.9901476197808
 20
1.845375934740687
 30
0.0
  0
VERTEX
  5
27F
330
236
100
AcDbEntity
  8
inside1_T
100
AcDbVertex
100
AcDb2dVertex
 10
-153.4305350681732
 20
1.854372302469216
 30
0.0
  0
VERTEX
  5
280
330
236
100
AcDbEntity
  8
inside1_T
100
AcDbVertex
100
AcDb2dVertex
 10
-153.8708345429952
 20
1.863269628699371
 30
0.0
  0
VERTEX
  5
281
330
236
100
AcDbEntity
  8
inside1_T
100
AcDbVertex
100
AcDb2dVertex
 10
-154.3110715289366
 20
1.872257324048718
 30
0.0
  0
VERTEX
  5
282
330
236
100
AcDbEntity
  8
inside1_T
100
AcDbVertex
100
AcDb2dVertex
 10
-154.7513604094237
 20
1.881352815553853
 30
0.0
  0
VERTEX
  5
283
330
236
100
AcDbEntity
  8
inside1_T
100
AcDbVertex
100
AcDb2dVertex
 10
-155.1917595417743
 20
1.890349266218166
 30
0.0
  0
VERTEX
  5
284
330
236
100
AcDbEntity
  8
inside1_T
100
AcDbVertex
100
AcDb2dVertex
 10
-155.6320246922125
 20
1.899436643868768
 30
0.0
  0
VERTEX
  5
285
330
236
100
AcDbEntity
  8
inside1_T
100
AcDbVertex
100
AcDb2dVertex
 10
-156.0723109356038
 20
1.908532080932247
 30
0.0
  0
VERTEX
  5
286
330
236
100
AcDbEntity
  8
inside1_T
100
AcDbVertex
100
AcDb2dVertex
 10
-156.5126089890655
 20
1.917627604434543
 30
0.0
  0
VERTEX
  5
287
330
236
100
AcDbEntity
  8
inside1_T
100
AcDbVertex
100
AcDb2dVertex
 10
-156.9528731474366
 20
1.926722585229996
 30
0.0
  0
VERTEX
  5
288
330
236
100
AcDbEntity
  8
inside1_T
100
AcDbVertex
100
AcDb2dVertex
 10
-157.3932365036548
 20
1.93591667500371
 30
0.0
  0
VERTEX
  5
289
330
236
100
AcDbEntity
  8
inside1_T
100
AcDbVertex
100
AcDb2dVertex
 10
-157.8335375460339
 20
1.945103749811395
 30
0.0
  0
VERTEX
  5
28A
330
236
100
AcDbEntity
  8
inside1_T
100
AcDbVertex
100
AcDb2dVertex
 10
-158.2738237039089
 20
1.954298297145328
 30
0.0
  0
VERTEX
  5
28B
330
236
100
AcDbEntity
  8
inside1_T
100
AcDbVertex
100
AcDb2dVertex
 10
-158.7140874340869
 20
1.96349237608203
 30
0.0
  0
VERTEX
  5
28C
330
236
100
AcDbEntity
  8
inside1_T
100
AcDbVertex
100
AcDb2dVertex
 10
-159.1543854028262
 20
1.972786123790172
 30
0.0
  0
VERTEX
  5
28D
330
236
100
AcDbEntity
  8
inside1_T
100
AcDbVertex
100
AcDb2dVertex
 10
-159.5946757041975
 20
1.981980757616213
 30
0.0
  0
VERTEX
  5
28E
330
236
100
AcDbEntity
  8
inside1_T
100
AcDbVertex
100
AcDb2dVertex
 10
-160.0349393912484
 20
1.991273942629462
 30
0.0
  0
VERTEX
  5
28F
330
236
100
AcDbEntity
  8
inside1_T
100
AcDbVertex
100
AcDb2dVertex
 10
-160.4752107459018
 20
2.000567128571234
 30
0.0
  0
VERTEX
  5
290
330
236
100
AcDbEntity
  8
inside1_T
100
AcDbVertex
100
AcDb2dVertex
 10
-160.9155010472919
 20
2.009959988334231
 30
0.0
  0
VERTEX
  5
291
330
236
100
AcDbEntity
  8
inside1_T
100
AcDbVertex
100
AcDb2dVertex
 10
-161.3557914356862
 20
2.019253736965439
 30
0.0
  0
VERTEX
  5
292
330
236
100
AcDbEntity
  8
inside1_T
100
AcDbVertex
100
AcDb2dVertex
 10
-161.7960627909114
 20
2.028646029906469
 30
0.0
  0
VERTEX
  5
293
330
236
100
AcDbEntity
  8
inside1_T
100
AcDbVertex
100
AcDb2dVertex
 10
-162.2363530480869
 20
2.03803888872622
 30
0.0
  0
VERTEX
  5
294
330
236
100
AcDbEntity
  8
inside1_T
100
AcDbVertex
100
AcDb2dVertex
 10
-162.6766433927508
 20
2.047431749412382
 30
0.0
  0
VERTEX
  5
295
330
236
100
AcDbEntity
  8
inside1_T
100
AcDbVertex
100
AcDb2dVertex
 10
-163.1169414489785
 20
2.056824611964956
 30
0.0
  0
VERTEX
  5
296
330
236
100
AcDbEntity
  8
inside1_T
100
AcDbVertex
100
AcDb2dVertex
 10
-163.5572024233551
 20
2.066216846085013
 30
0.0
  0
VERTEX
  5
297
330
236
100
AcDbEntity
  8
inside1_T
100
AcDbVertex
100
AcDb2dVertex
 10
-163.9973643724051
 20
2.075715811887122
 30
0.0
  0
VERTEX
  5
298
330
236
100
AcDbEntity
  8
inside1_T
100
AcDbVertex
100
AcDb2dVertex
 10
-164.4376676811253
 20
2.085207900731177
 30
0.0
  0
VERTEX
  5
299
330
236
100
AcDbEntity
  8
inside1_T
100
AcDbVertex
100
AcDb2dVertex
 10
-164.8779579373789
 20
2.094699872489386
 30
0.0
  0
VERTEX
  5
29A
330
236
100
AcDbEntity
  8
inside1_T
100
AcDbVertex
100
AcDb2dVertex
 10
-165.3182482820428
 20
2.104191846153569
 30
0.0
  0
VERTEX
  5
29B
330
236
100
AcDbEntity
  8
inside1_T
100
AcDbVertex
100
AcDb2dVertex
 10
-165.75854248295
 20
2.11368382077076
 30
0.0
  0
VERTEX
  5
29C
330
236
100
AcDbEntity
  8
inside1_T
100
AcDbVertex
100
AcDb2dVertex
 10
-166.1988079104346
 20
2.123182798696419
 30
0.0
  0
VERTEX
  5
29D
330
236
100
AcDbEntity
  8
inside1_T
100
AcDbVertex
100
AcDb2dVertex
 10
-166.6390736270217
 20
2.132773348851686
 30
0.0
  0
VERTEX
  5
29E
330
236
100
AcDbEntity
  8
inside1_T
100
AcDbVertex
100
AcDb2dVertex
 10
-167.0792947687812
 20
2.14236500412747
 30
0.0
  0
VERTEX
  5
29F
330
236
100
AcDbEntity
  8
inside1_T
100
AcDbVertex
100
AcDb2dVertex
 10
-167.5195836437502
 20
2.151856946107316
 30
0.0
  0
VERTEX
  5
2A0
330
236
100
AcDbEntity
  8
inside1_T
100
AcDbVertex
100
AcDb2dVertex
 10
-167.9598491158383
 20
2.161455031480756
 30
0.0
  0
VERTEX
  5
2A1
330
236
100
AcDbEntity
  8
inside1_T
100
AcDbVertex
100
AcDb2dVertex
 10
-168.4001201081283
 20
2.171045613559727
 30
0.0
  0
VERTEX
  5
2A2
330
236
100
AcDbEntity
  8
inside1_T
100
AcDbVertex
100
AcDb2dVertex
 10
-168.8403092893566
 20
2.18073576804197
 30
0.0
  0
VERTEX
  5
2A3
330
236
100
AcDbEntity
  8
inside1_T
100
AcDbVertex
100
AcDb2dVertex
 10
-169.2806286609273
 20
2.190335028460623
 30
0.0
  0
VERTEX
  5
2A4
330
236
100
AcDbEntity
  8
inside1_T
100
AcDbVertex
100
AcDb2dVertex
 10
-169.7208964282256
 20
2.199925623322386
 30
0.0
  0
VERTEX
  5
2A5
330
236
100
AcDbEntity
  8
inside1_T
100
AcDbVertex
100
AcDb2dVertex
 10
-170.1611639513883
 20
2.209615236779243
 30
0.0
  0
VERTEX
  5
2A6
330
236
100
AcDbEntity
  8
inside1_T
100
AcDbVertex
100
AcDb2dVertex
 10
-170.6013791786444
 20
2.219313589179265
 30
0.0
  0
VERTEX
  5
2A7
330
236
100
AcDbEntity
  8
inside1_T
100
AcDbVertex
100
AcDb2dVertex
 10
-171.0416759956444
 20
2.228904733771714
 30
0.0
  0
VERTEX
  5
2A8
330
236
100
AcDbEntity
  8
inside1_T
100
AcDbVertex
100
AcDb2dVertex
 10
-171.4819434964774
 20
2.238594346737131
 30
0.0
  0
VERTEX
  5
2A9
330
236
100
AcDbEntity
  8
inside1_T
100
AcDbVertex
100
AcDb2dVertex
 10
-171.9222296951002
 20
2.248292079148285
 30
0.0
  0
VERTEX
  5
2AA
330
236
100
AcDbEntity
  8
inside1_T
100
AcDbVertex
100
AcDb2dVertex
 10
-172.3623995692809
 20
2.257981724719372
 30
0.0
  0
VERTEX
  5
2AB
330
236
100
AcDbEntity
  8
inside1_T
100
AcDbVertex
100
AcDb2dVertex
 10
-172.8026905007022
 20
2.267778674448834
 30
0.0
  0
VERTEX
  5
2AC
330
236
100
AcDbEntity
  8
inside1_T
100
AcDbVertex
100
AcDb2dVertex
 10
-173.2430133862304
 20
2.277469506346506
 30
0.0
  0
VERTEX
  5
2AD
330
236
100
AcDbEntity
  8
inside1_T
100
AcDbVertex
100
AcDb2dVertex
 10
-173.6832782208377
 20
2.287159060632362
 30
0.0
  0
VERTEX
  5
2AE
330
236
100
AcDbEntity
  8
inside1_T
100
AcDbVertex
100
AcDb2dVertex
 10
-174.1234694525237
 20
2.296955997305844
 30
0.0
  0
VERTEX
  5
2AF
330
236
100
AcDbEntity
  8
inside1_T
100
AcDbVertex
100
AcDb2dVertex
 10
-174.5637642252845
 20
2.306646210484587
 30
0.0
  0
VERTEX
  5
2B0
330
236
100
AcDbEntity
  8
inside1_T
100
AcDbVertex
100
AcDb2dVertex
 10
-175.0040296761525
 20
2.316442508427727
 30
0.0
  0
VERTEX
  5
2B1
330
236
100
AcDbEntity
  8
inside1_T
100
AcDbVertex
100
AcDb2dVertex
 10
-175.4442489980935
 20
2.326232445736139
 30
0.0
  0
VERTEX
  5
2B2
330
236
100
AcDbEntity
  8
inside1_T
100
AcDbVertex
100
AcDb2dVertex
 10
-175.8845437475745
 20
2.335930282488022
 30
0.0
  0
VERTEX
  5
2B3
330
236
100
AcDbEntity
  8
inside1_T
100
AcDbVertex
100
AcDb2dVertex
 10
-176.3248094644328
 20
2.345719047517392
 30
0.0
  0
VERTEX
  5
2B4
330
236
100
AcDbEntity
  8
inside1_T
100
AcDbVertex
100
AcDb2dVertex
 10
-176.7649992664525
 20
2.355515867590043
 30
0.0
  0
VERTEX
  5
2B5
330
236
100
AcDbEntity
  8
inside1_T
100
AcDbVertex
100
AcDb2dVertex
 10
-177.2052948528203
 20
2.365305296789117
 30
0.0
  0
VERTEX
  5
2B6
330
236
100
AcDbEntity
  8
inside1_T
100
AcDbVertex
100
AcDb2dVertex
 10
-177.645584954293
 20
2.375102143264868
 30
0.0
  0
VERTEX
  5
2B7
330
236
100
AcDbEntity
  8
inside1_T
100
AcDbVertex
100
AcDb2dVertex
 10
-178.0857790556342
 20
2.384891519698087
 30
0.0
  0
VERTEX
  5
2B8
330
236
100
AcDbEntity
  8
inside1_T
100
AcDbVertex
100
AcDb2dVertex
 10
-178.5260703426806
 20
2.39468839253658
 30
0.0
  0
VERTEX
  5
2B9
330
236
100
AcDbEntity
  8
inside1_T
100
AcDbVertex
100
AcDb2dVertex
 10
-178.9663392723452
 20
2.404477144283135
 30
0.0
  0
VERTEX
  5
2BA
330
236
100
AcDbEntity
  8
inside1_T
100
AcDbVertex
100
AcDb2dVertex
 10
-179.4065305040311
 20
2.414373193934622
 30
0.0
  0
VERTEX
  5
2BB
330
236
100
AcDbEntity
  8
inside1_T
100
AcDbVertex
100
AcDb2dVertex
 10
-179.8468539885867
 20
2.424163158595874
 30
0.0
  0
VERTEX
  5
2BC
330
236
100
AcDbEntity
  8
inside1_T
100
AcDbVertex
100
AcDb2dVertex
 10
-180.2871401868098
 20
2.433960003042841
 30
0.0
  0
VERTEX
  5
2BD
330
236
100
AcDbEntity
  8
inside1_T
100
AcDbVertex
100
AcDb2dVertex
 10
-180.7274091620982
 20
2.443748755804592
 30
0.0
  0
VERTEX
  5
2BE
330
236
100
AcDbEntity
  8
inside1_T
100
AcDbVertex
100
AcDb2dVertex
 10
-181.1675983433902
 20
2.453644759360671
 30
0.0
  0
VERTEX
  5
2BF
330
236
100
AcDbEntity
  8
inside1_T
100
AcDbVertex
100
AcDb2dVertex
 10
-181.6079197775227
 20
2.46344230298125
 30
0.0
  0
VERTEX
  5
2C0
330
236
100
AcDbEntity
  8
inside1_T
100
AcDbVertex
100
AcDb2dVertex
 10
-182.0481887071873
 20
2.473231054727805
 30
0.0
  0
VERTEX
  5
2C1
330
236
100
AcDbEntity
  8
inside1_T
100
AcDbVertex
100
AcDb2dVertex
 10
-182.4883799388733
 20
2.483127104379292
 30
0.0
  0
VERTEX
  5
2C2
330
236
100
AcDbEntity
  8
inside1_T
100
AcDbVertex
100
AcDb2dVertex
 10
-182.9286747178626
 20
2.492916430813224
 30
0.0
  0
VERTEX
  5
2C3
330
236
100
AcDbEntity
  8
inside1_T
100
AcDbVertex
100
AcDb2dVertex
 10
-183.3689682589691
 20
2.502812466628612
 30
0.0
  0
VERTEX
  5
2C4
330
236
100
AcDbEntity
  8
inside1_T
100
AcDbVertex
100
AcDb2dVertex
 10
-183.8091875806545
 20
2.512602403913959
 30
0.0
  0
VERTEX
  5
2C5
330
236
100
AcDbEntity
  8
inside1_T
100
AcDbVertex
100
AcDb2dVertex
 10
-184.249454239924
 20
2.522398728762496
 30
0.0
  0
VERTEX
  5
2C6
330
236
100
AcDbEntity
  8
inside1_T
100
AcDbVertex
100
AcDb2dVertex
 10
-184.689744584588
 20
2.532287154338746
 30
0.0
  0
VERTEX
  5
2C7
330
236
100
AcDbEntity
  8
inside1_T
100
AcDbVertex
100
AcDb2dVertex
 10
-185.1300381425211
 20
2.542084077689097
 30
0.0
  0
VERTEX
  5
2C8
330
236
100
AcDbEntity
  8
inside1_T
100
AcDbVertex
100
AcDb2dVertex
 10
-185.570229374207
 20
2.551972503265361
 30
0.0
  0
VERTEX
  5
2C9
330
236
100
AcDbEntity
  8
inside1_T
100
AcDbVertex
100
AcDb2dVertex
 10
-186.0105487574539
 20
2.561770001251915
 30
0.0
  0
VERTEX
  5
2CA
330
236
100
AcDbEntity
  8
inside1_T
100
AcDbVertex
100
AcDb2dVertex
 10
-186.4508182863786
 20
2.571566389935441
 30
0.0
  0
VERTEX
  5
2CB
330
236
100
AcDbEntity
  8
inside1_T
100
AcDbVertex
100
AcDb2dVertex
 10
-186.8911086310425
 20
2.581454815511705
 30
0.0
  0
VERTEX
  5
2CC
330
236
100
AcDbEntity
  8
inside1_T
100
AcDbVertex
100
AcDb2dVertex
 10
-187.331427415521
 20
2.591252300175128
 30
0.0
  0
VERTEX
  5
2CD
330
236
100
AcDbEntity
  8
inside1_T
100
AcDbVertex
100
AcDb2dVertex
 10
-187.7717256730396
 20
2.601041703984691
 30
0.0
  0
VERTEX
  5
2CE
330
236
100
AcDbEntity
  8
inside1_T
100
AcDbVertex
100
AcDb2dVertex
 10
-188.2118875830774
 20
2.610837988132914
 30
0.0
  0
VERTEX
  5
2CF
330
236
100
AcDbEntity
  8
inside1_T
100
AcDbVertex
100
AcDb2dVertex
 10
-188.6521823330031
 20
2.620726427032196
 30
0.0
  0
VERTEX
  5
2D0
330
236
100
AcDbEntity
  8
inside1_T
100
AcDbVertex
100
AcDb2dVertex
 10
-189.0924972596502
 20
2.630523910681404
 30
0.0
  0
VERTEX
  5
2D1
330
236
100
AcDbEntity
  8
inside1_T
100
AcDbVertex
100
AcDb2dVertex
 10
-189.5327955627927
 20
2.640313315506148
 30
0.0
  0
VERTEX
  5
2D2
330
236
100
AcDbEntity
  8
inside1_T
100
AcDbVertex
100
AcDb2dVertex
 10
-189.9730856186772
 20
2.650110160968296
 30
0.0
  0
VERTEX
  5
2D3
330
236
100
AcDbEntity
  8
inside1_T
100
AcDbVertex
100
AcDb2dVertex
 10
-190.4132797200184
 20
2.659899537401529
 30
0.0
  0
VERTEX
  5
2D4
330
236
100
AcDbEntity
  8
inside1_T
100
AcDbVertex
100
AcDb2dVertex
 10
-190.8535710070647
 20
2.669696410240007
 30
0.0
  0
VERTEX
  5
2D5
330
236
100
AcDbEntity
  8
inside1_T
100
AcDbVertex
100
AcDb2dVertex
 10
-191.2938654069574
 20
2.679485813035981
 30
0.0
  0
VERTEX
  5
2D6
330
236
100
AcDbEntity
  8
inside1_T
100
AcDbVertex
100
AcDb2dVertex
 10
-191.7341842142633
 20
2.68928329824206
 30
0.0
  0
VERTEX
  5
2D7
330
236
100
AcDbEntity
  8
inside1_T
100
AcDbVertex
100
AcDb2dVertex
 10
-192.1744783481733
 20
2.698973497360669
 30
0.0
  0
VERTEX
  5
2D8
330
236
100
AcDbEntity
  8
inside1_T
100
AcDbVertex
100
AcDb2dVertex
 10
-192.614739964172
 20
2.708769794790243
 30
0.0
  0
VERTEX
  5
2D9
330
236
100
AcDbEntity
  8
inside1_T
100
AcDbVertex
100
AcDb2dVertex
 10
-193.0550628723143
 20
2.718559746672071
 30
0.0
  0
VERTEX
  5
2DA
330
236
100
AcDbEntity
  8
inside1_T
100
AcDbVertex
100
AcDb2dVertex
 10
-193.4953570062324
 20
2.728257569865704
 30
0.0
  0
VERTEX
  5
2DB
330
236
100
AcDbEntity
  8
inside1_T
100
AcDbVertex
100
AcDb2dVertex
 10
-193.9356473508963
 20
2.738046882463948
 30
0.0
  0
VERTEX
  5
2DC
330
236
100
AcDbEntity
  8
inside1_T
100
AcDbVertex
100
AcDb2dVertex
 10
-194.3759415075974
 20
2.747744706159395
 30
0.0
  0
VERTEX
  5
2DD
330
236
100
AcDbEntity
  8
inside1_T
100
AcDbVertex
100
AcDb2dVertex
 10
-194.8162339026971
 20
2.757534064346558
 30
0.0
  0
VERTEX
  5
2DE
330
236
100
AcDbEntity
  8
inside1_T
100
AcDbVertex
100
AcDb2dVertex
 10
-195.2565547377985
 20
2.767224851117476
 30
0.0
  0
VERTEX
  5
2DF
330
236
100
AcDbEntity
  8
inside1_T
100
AcDbVertex
100
AcDb2dVertex
 10
-195.6968447936218
 20
2.776922584523362
 30
0.0
  0
VERTEX
  5
2E0
330
236
100
AcDbEntity
  8
inside1_T
100
AcDbVertex
100
AcDb2dVertex
 10
-196.1371391940366
 20
2.786612873439964
 30
0.0
  0
VERTEX
  5
2E1
330
236
100
AcDbEntity
  8
inside1_T
100
AcDbVertex
100
AcDb2dVertex
 10
-196.5774292949872
 20
2.796310607839047
 30
0.0
  0
VERTEX
  5
2E2
330
236
100
AcDbEntity
  8
inside1_T
100
AcDbVertex
100
AcDb2dVertex
 10
-197.0177522911249
 20
2.806001484157662
 30
0.0
  0
VERTEX
  5
2E3
330
236
100
AcDbEntity
  8
inside1_T
100
AcDbVertex
100
AcDb2dVertex
 10
-197.4580443973736
 20
2.815592526134111
 30
0.0
  0
VERTEX
  5
2E4
330
236
100
AcDbEntity
  8
inside1_T
100
AcDbVertex
100
AcDb2dVertex
 10
-197.8983366368965
 20
2.825290349583753
 30
0.0
  0
VERTEX
  5
2E5
330
236
100
AcDbEntity
  8
inside1_T
100
AcDbVertex
100
AcDb2dVertex
 10
-198.3386315358553
 20
2.834881493914565
 30
0.0
  0
VERTEX
  5
2E6
330
236
100
AcDbEntity
  8
inside1_T
100
AcDbVertex
100
AcDb2dVertex
 10
-198.7790227550736
 20
2.844571648417428
 30
0.0
  0
VERTEX
  5
2E7
330
236
100
AcDbEntity
  8
inside1_T
100
AcDbVertex
100
AcDb2dVertex
 10
-199.2193390135314
 20
2.85417088252288
 30
0.0
  0
VERTEX
  5
2E8
330
236
100
AcDbEntity
  8
inside1_T
100
AcDbVertex
100
AcDb2dVertex
 10
-199.6596372935228
 20
2.86376205902009
 30
0.0
  0
VERTEX
  5
2E9
330
236
100
AcDbEntity
  8
inside1_T
100
AcDbVertex
100
AcDb2dVertex
 10
-200.0999295218725
 20
2.873353145175798
 30
0.0
  0
VERTEX
  5
2EA
330
236
100
AcDbEntity
  8
inside1_T
100
AcDbVertex
100
AcDb2dVertex
 10
-200.5403479896078
 20
2.882952405122239
 30
0.0
  0
VERTEX
  5
2EB
330
236
100
AcDbEntity
  8
inside1_T
100
AcDbVertex
100
AcDb2dVertex
 10
-200.9806416985851
 20
2.89244441022484
 30
0.0
  0
VERTEX
  5
2EC
330
236
100
AcDbEntity
  8
inside1_T
100
AcDbVertex
100
AcDb2dVertex
 10
-201.4209345348502
 20
2.902035509623062
 30
0.0
  0
VERTEX
  5
2ED
330
236
100
AcDbEntity
  8
inside1_T
100
AcDbVertex
100
AcDb2dVertex
 10
-201.8613278045303
 20
2.911527483287244
 30
0.0
  0
VERTEX
  5
2EE
330
236
100
AcDbEntity
  8
inside1_T
100
AcDbVertex
100
AcDb2dVertex
 10
-202.3016174191233
 20
2.921118512506311
 30
0.0
  0
VERTEX
  5
2EF
330
236
100
AcDbEntity
  8
inside1_T
100
AcDbVertex
100
AcDb2dVertex
 10
-202.7419629940089
 20
2.930619260750817
 30
0.0
  0
VERTEX
  5
2F0
330
236
100
AcDbEntity
  8
inside1_T
100
AcDbVertex
100
AcDb2dVertex
 10
-203.1822597757525
 20
2.940012177437382
 30
0.0
  0
VERTEX
  5
2F1
330
236
100
AcDbEntity
  8
inside1_T
100
AcDbVertex
100
AcDb2dVertex
 10
-203.62262504627
 20
2.949503588703109
 30
0.0
  0
VERTEX
  5
2F2
330
236
100
AcDbEntity
  8
inside1_T
100
AcDbVertex
100
AcDb2dVertex
 10
-204.0629452902454
 20
2.958996124766074
 30
0.0
  0
VERTEX
  5
2F3
330
236
100
AcDbEntity
  8
inside1_T
100
AcDbVertex
100
AcDb2dVertex
 10
-204.5033366539066
 20
2.96838898545225
 30
0.0
  0
VERTEX
  5
2F4
330
236
100
AcDbEntity
  8
inside1_T
100
AcDbVertex
100
AcDb2dVertex
 10
-204.943630821518
 20
2.977880959351623
 30
0.0
  0
VERTEX
  5
2F5
330
236
100
AcDbEntity
  8
inside1_T
100
AcDbVertex
100
AcDb2dVertex
 10
-205.3840773941862
 20
2.987274956902453
 30
0.0
  0
VERTEX
  5
2F6
330
236
100
AcDbEntity
  8
inside1_T
100
AcDbVertex
100
AcDb2dVertex
 10
-205.8243675948015
 20
2.996568661337506
 30
0.0
  0
VERTEX
  5
2F7
330
236
100
AcDbEntity
  8
inside1_T
100
AcDbVertex
100
AcDb2dVertex
 10
-206.2647327367532
 20
3.005968545693989
 30
0.0
  0
VERTEX
  5
2F8
330
236
100
AcDbEntity
  8
inside1_T
100
AcDbVertex
100
AcDb2dVertex
 10
-206.7051542780812
 20
3.015362050057846
 30
0.0
  0
VERTEX
  5
2F9
330
236
100
AcDbEntity
  8
inside1_T
100
AcDbVertex
100
AcDb2dVertex
 10
-207.1454745343279
 20
3.024656348676288
 30
0.0
  0
VERTEX
  5
2FA
330
236
100
AcDbEntity
  8
inside1_T
100
AcDbVertex
100
AcDb2dVertex
 10
-207.5858670014694
 20
3.033950119674174
 30
0.0
  0
VERTEX
  5
2FB
330
236
100
AcDbEntity
  8
inside1_T
100
AcDbVertex
100
AcDb2dVertex
 10
-208.0261641558118
 20
3.043236306548479
 30
0.0
  0
VERTEX
  5
2FC
330
236
100
AcDbEntity
  8
inside1_T
100
AcDbVertex
100
AcDb2dVertex
 10
-208.4665791840569
 20
3.05253055367838
 30
0.0
  0
VERTEX
  5
2FD
330
236
100
AcDbEntity
  8
inside1_T
100
AcDbVertex
100
AcDb2dVertex
 10
-208.9069724645207
 20
3.061725188633673
 30
0.0
  0
VERTEX
  5
2FE
330
236
100
AcDbEntity
  8
inside1_T
100
AcDbVertex
100
AcDb2dVertex
 10
-209.3473651669427
 20
3.071018924370804
 30
0.0
  0
VERTEX
  5
2FF
330
236
100
AcDbEntity
  8
inside1_T
100
AcDbVertex
100
AcDb2dVertex
 10
-209.7876835019122
 20
3.080214103819785
 30
0.0
  0
VERTEX
  5
300
330
236
100
AcDbEntity
  8
inside1_T
100
AcDbVertex
100
AcDb2dVertex
 10
-210.2281045473536
 20
3.089409318461549
 30
0.0
  0
VERTEX
  5
301
330
236
100
AcDbEntity
  8
inside1_T
100
AcDbVertex
100
AcDb2dVertex
 10
-210.6684959110143
 20
3.09850484021365
 30
0.0
  0
VERTEX
  5
302
330
236
100
AcDbEntity
  8
inside1_T
100
AcDbVertex
100
AcDb2dVertex
 10
-211.1088912414064
 20
3.107699517967816
 30
0.0
  0
VERTEX
  5
303
330
236
100
AcDbEntity
  8
inside1_T
100
AcDbVertex
100
AcDb2dVertex
 10
-211.5493132131668
 20
3.11678800793706
 30
0.0
  0
VERTEX
  5
304
330
236
100
AcDbEntity
  8
inside1_T
100
AcDbVertex
100
AcDb2dVertex
 10
-211.9897290242489
 20
3.125883995276325
 30
0.0
  0
VERTEX
  5
305
330
236
100
AcDbEntity
  8
inside1_T
100
AcDbVertex
100
AcDb2dVertex
 10
-212.4301203879098
 20
3.134880404050406
 30
0.0
  0
VERTEX
  5
306
330
236
100
AcDbEntity
  8
inside1_T
100
AcDbVertex
100
AcDb2dVertex
 10
-212.8705157182041
 20
3.143975968360763
 30
0.0
  0
VERTEX
  5
307
330
236
100
AcDbEntity
  8
inside1_T
100
AcDbVertex
100
AcDb2dVertex
 10
-213.3109376903648
 20
3.152965338900586
 30
0.0
  0
VERTEX
  5
308
330
236
100
AcDbEntity
  8
inside1_T
100
AcDbVertex
100
AcDb2dVertex
 10
-213.7513258961924
 20
3.161961663733365
 30
0.0
  0
VERTEX
  5
309
330
236
100
AcDbEntity
  8
inside1_T
100
AcDbVertex
100
AcDb2dVertex
 10
-214.1917469208315
 20
3.170951034421961
 30
0.0
  0
VERTEX
  5
30A
330
236
100
AcDbEntity
  8
inside1_T
100
AcDbVertex
100
AcDb2dVertex
 10
-214.6321381402883
 20
3.179848288797231
 30
0.0
  0
VERTEX
  5
30B
330
236
100
AcDbEntity
  8
inside1_T
100
AcDbVertex
100
AcDb2dVertex
 10
-215.0725325071568
 20
3.188844739453117
 30
0.0
  0
VERTEX
  5
30C
330
236
100
AcDbEntity
  8
inside1_T
100
AcDbVertex
100
AcDb2dVertex
 10
-215.5129796200389
 20
3.197735498039776
 30
0.0
  0
VERTEX
  5
30D
330
236
100
AcDbEntity
  8
inside1_T
100
AcDbVertex
100
AcDb2dVertex
 10
-215.9534720026965
 20
3.206533680857817
 30
0.0
  0
VERTEX
  5
30E
330
236
100
AcDbEntity
  8
inside1_T
100
AcDbVertex
100
AcDb2dVertex
 10
-216.3938647348722
 20
3.215423341728737
 30
0.0
  0
VERTEX
  5
30F
330
236
100
AcDbEntity
  8
inside1_T
100
AcDbVertex
100
AcDb2dVertex
 10
-216.8342816492096
 20
3.224222015960379
 30
0.0
  0
VERTEX
  5
310
330
236
100
AcDbEntity
  8
inside1_T
100
AcDbVertex
100
AcDb2dVertex
 10
-217.2748053277895
 20
3.233013199307734
 30
0.0
  0
VERTEX
  5
311
330
236
100
AcDbEntity
  8
inside1_T
100
AcDbVertex
100
AcDb2dVertex
 10
-217.7151960102042
 20
3.241704594011196
 30
0.0
  0
VERTEX
  5
312
330
236
100
AcDbEntity
  8
inside1_T
100
AcDbVertex
100
AcDb2dVertex
 10
-218.1555888527483
 20
3.250502787335179
 30
0.0
  0
VERTEX
  5
313
330
236
100
AcDbEntity
  8
inside1_T
100
AcDbVertex
100
AcDb2dVertex
 10
-218.5961365978409
 20
3.259195325467559
 30
0.0
  0
VERTEX
  5
314
330
236
100
AcDbEntity
  8
inside1_T
100
AcDbVertex
100
AcDb2dVertex
 10
-219.0365278176976
 20
3.267787618261082
 30
0.0
  0
VERTEX
  5
315
330
236
100
AcDbEntity
  8
inside1_T
100
AcDbVertex
100
AcDb2dVertex
 10
-219.4770202003552
 20
3.276486688101102
 30
0.0
  0
VERTEX
  5
316
330
236
100
AcDbEntity
  8
inside1_T
100
AcDbVertex
100
AcDb2dVertex
 10
-219.9174416476794
 20
3.285079570650353
 30
0.0
  0
VERTEX
  5
317
330
236
100
AcDbEntity
  8
inside1_T
100
AcDbVertex
100
AcDb2dVertex
 10
-220.3579617181485
 20
3.293672443523434
 30
0.0
  0
VERTEX
  5
318
330
236
100
AcDbEntity
  8
inside1_T
100
AcDbVertex
100
AcDb2dVertex
 10
-220.798453578374
 20
3.302165653259067
 30
0.0
  0
VERTEX
  5
319
330
236
100
AcDbEntity
  8
inside1_T
100
AcDbVertex
100
AcDb2dVertex
 10
-221.2388730222387
 20
3.310758506017095
 30
0.0
  0
VERTEX
  5
31A
330
236
100
AcDbEntity
  8
inside1_T
100
AcDbVertex
100
AcDb2dVertex
 10
-221.6793910046544
 20
3.319153091600825
 30
0.0
  0
VERTEX
  5
31B
330
236
100
AcDbEntity
  8
inside1_T
100
AcDbVertex
100
AcDb2dVertex
 10
-222.1198838613897
 20
3.327653935437979
 30
0.0
  0
VERTEX
  5
31C
330
236
100
AcDbEntity
  8
inside1_T
100
AcDbVertex
100
AcDb2dVertex
 10
-222.5604049398925
 20
3.336048589102205
 30
0.0
  0
VERTEX
  5
31D
330
236
100
AcDbEntity
  8
inside1_T
100
AcDbVertex
100
AcDb2dVertex
 10
-223.0008978039378
 20
3.344442696025993
 30
0.0
  0
VERTEX
  5
31E
330
236
100
AcDbEntity
  8
inside1_T
100
AcDbVertex
100
AcDb2dVertex
 10
-223.4413187804551
 20
3.352837340047543
 30
0.0
  0
VERTEX
  5
31F
330
236
100
AcDbEntity
  8
inside1_T
100
AcDbVertex
100
AcDb2dVertex
 10
-223.8818403722088
 20
3.361125259361401
 30
0.0
  0
VERTEX
  5
320
330
236
100
AcDbEntity
  8
inside1_T
100
AcDbVertex
100
AcDb2dVertex
 10
-224.3223291363616
 20
3.369420176135705
 30
0.0
  0
VERTEX
  5
321
330
236
100
AcDbEntity
  8
inside1_T
100
AcDbVertex
100
AcDb2dVertex
 10
-224.7628484038758
 20
3.377715671775306
 30
0.0
  0
VERTEX
  5
322
330
236
100
AcDbEntity
  8
inside1_T
100
AcDbVertex
100
AcDb2dVertex
 10
-225.203367673904
 20
3.385912048488038
 30
0.0
  0
VERTEX
  5
323
330
236
100
AcDbEntity
  8
inside1_T
100
AcDbVertex
100
AcDb2dVertex
 10
-225.6438874386279
 20
3.394108434405155
 30
0.0
  0
VERTEX
  5
324
330
236
100
AcDbEntity
  8
inside1_T
100
AcDbVertex
100
AcDb2dVertex
 10
-226.0844821754434
 20
3.402205239973171
 30
0.0
  0
VERTEX
  5
325
330
236
100
AcDbEntity
  8
inside1_T
100
AcDbVertex
100
AcDb2dVertex
 10
-226.5250009520624
 20
3.41039398297751
 30
0.0
  0
VERTEX
  5
326
330
236
100
AcDbEntity
  8
inside1_T
100
AcDbVertex
100
AcDb2dVertex
 10
-226.9655182917214
 20
3.418392084530765
 30
0.0
  0
VERTEX
  5
327
330
236
100
AcDbEntity
  8
inside1_T
100
AcDbVertex
100
AcDb2dVertex
 10
-227.4060134496788
 20
3.426488899061326
 30
0.0
  0
VERTEX
  5
328
330
236
100
AcDbEntity
  8
inside1_T
100
AcDbVertex
100
AcDb2dVertex
 10
-227.8466470770264
 20
3.434479673429166
 30
0.0
  0
VERTEX
  5
329
330
236
100
AcDbEntity
  8
inside1_T
100
AcDbVertex
100
AcDb2dVertex
 10
-228.7276580310519
 20
3.450368708254445
 30
0.0
  0
VERTEX
  5
32A
330
236
100
AcDbEntity
  8
inside1_T
100
AcDbVertex
100
AcDb2dVertex
 10
-229.6088834652634
 20
3.466158888615354
 30
0.0
  0
VERTEX
  5
32B
330
236
100
AcDbEntity
  8
inside1_T
100
AcDbVertex
100
AcDb2dVertex
 10
-230.4900227334905
 20
3.481751079429415
 30
0.0
  0
VERTEX
  5
32C
330
236
100
AcDbEntity
  8
inside1_T
100
AcDbVertex
100
AcDb2dVertex
 10
-231.3711483653676
 20
3.497137165300927
 30
0.0
  0
VERTEX
  5
32D
330
236
100
AcDbEntity
  8
inside1_T
100
AcDbVertex
100
AcDb2dVertex
 10
-232.2523734721453
 20
3.512431753959703
 30
0.0
  0
VERTEX
  5
32E
330
236
100
AcDbEntity
  8
inside1_T
100
AcDbVertex
100
AcDb2dVertex
 10
-233.1334995348925
 20
3.527520500827819
 30
0.0
  0
VERTEX
  5
32F
330
236
100
AcDbEntity
  8
inside1_T
100
AcDbVertex
100
AcDb2dVertex
 10
-234.0147251078759
 20
3.542510116521242
 30
0.0
  0
VERTEX
  5
330
330
236
100
AcDbEntity
  8
inside1_T
100
AcDbVertex
100
AcDb2dVertex
 10
-234.8959639948486
 20
3.557301720691129
 30
0.0
  0
VERTEX
  5
331
330
236
100
AcDbEntity
  8
inside1_T
100
AcDbVertex
100
AcDb2dVertex
 10
-235.7772901720339
 20
3.571894883113245
 30
0.0
  0
VERTEX
  5
332
330
236
100
AcDbEntity
  8
inside1_T
100
AcDbVertex
100
AcDb2dVertex
 10
-236.6586292311381
 20
3.58638151523148
 30
0.0
  0
VERTEX
  5
333
330
236
100
AcDbEntity
  8
inside1_T
100
AcDbVertex
100
AcDb2dVertex
 10
-237.5398678920754
 20
3.600570777241529
 30
0.0
  0
VERTEX
  5
334
330
236
100
AcDbEntity
  8
inside1_T
100
AcDbVertex
100
AcDb2dVertex
 10
-238.4211932485734
 20
3.614660714045826
 30
0.0
  0
VERTEX
  5
335
330
236
100
AcDbEntity
  8
inside1_T
100
AcDbVertex
100
AcDb2dVertex
 10
-239.3026383311737
 20
3.628552725589373
 30
0.0
  0
VERTEX
  5
336
330
236
100
AcDbEntity
  8
inside1_T
100
AcDbVertex
100
AcDb2dVertex
 10
-241.0653959331871
 20
3.655840647061865
 30
0.0
  0
VERTEX
  5
337
330
236
100
AcDbEntity
  8
inside1_T
100
AcDbVertex
100
AcDb2dVertex
 10
-242.8282737863174
 20
3.682320679516721
 30
0.0
  0
VERTEX
  5
338
330
236
100
AcDbEntity
  8
inside1_T
100
AcDbVertex
100
AcDb2dVertex
 10
-244.5912449410316
 20
3.708007661012417
 30
0.0
  0
VERTEX
  5
339
330
236
100
AcDbEntity
  8
inside1_T
100
AcDbVertex
100
AcDb2dVertex
 10
-246.3542171323085
 20
3.732985564059447
 30
0.0
  0
VERTEX
  5
33A
330
236
100
AcDbEntity
  8
inside1_T
100
AcDbVertex
100
AcDb2dVertex
 10
-248.1173936925251
 20
3.757170601909166
 30
0.0
  0
VERTEX
  5
33B
330
236
100
AcDbEntity
  8
inside1_T
100
AcDbVertex
100
AcDb2dVertex
 10
-249.8805700676791
 20
3.780555060704771
 30
0.0
  0
VERTEX
  5
33C
330
236
100
AcDbEntity
  8
inside1_T
100
AcDbVertex
100
AcDb2dVertex
 10
-251.6437490274937
 20
3.803146576216875
 30
0.0
  0
VERTEX
  5
33D
330
236
100
AcDbEntity
  8
inside1_T
100
AcDbVertex
100
AcDb2dVertex
 10
-253.4071262074503
 20
3.824929890142556
 30
0.0
  0
VERTEX
  5
33E
330
236
100
AcDbEntity
  8
inside1_T
100
AcDbVertex
100
AcDb2dVertex
 10
-255.1705099553274
 20
3.845920329974987
 30
0.0
  0
VERTEX
  5
33F
330
236
100
AcDbEntity
  8
inside1_T
100
AcDbVertex
100
AcDb2dVertex
 10
-256.9339947196651
 20
3.866003445933501
 30
0.0
  0
VERTEX
  5
340
330
236
100
AcDbEntity
  8
inside1_T
100
AcDbVertex
100
AcDb2dVertex
 10
-258.697470328871
 20
3.885293527373832
 30
0.0
  0
VERTEX
  5
341
330
236
100
AcDbEntity
  8
inside1_T
100
AcDbVertex
100
AcDb2dVertex
 10
-260.4609555961055
 20
3.903783113587849
 30
0.0
  0
VERTEX
  5
342
330
236
100
AcDbEntity
  8
inside1_T
100
AcDbVertex
100
AcDb2dVertex
 10
-262.2245376212023
 20
3.921365371236902
 30
0.0
  0
VERTEX
  5
343
330
236
100
AcDbEntity
  8
inside1_T
100
AcDbVertex
100
AcDb2dVertex
 10
-263.9882214765126
 20
3.938154663155302
 30
0.0
  0
VERTEX
  5
344
330
236
100
AcDbEntity
  8
inside1_T
100
AcDbVertex
100
AcDb2dVertex
 10
-265.7519129477518
 20
3.9540519496272
 30
0.0
  0
VERTEX
  5
345
330
236
100
AcDbEntity
  8
inside1_T
100
AcDbVertex
100
AcDb2dVertex
 10
-267.5156049860313
 20
3.96904191377692
 30
0.0
  0
VERTEX
  5
346
330
236
100
AcDbEntity
  8
inside1_T
100
AcDbVertex
100
AcDb2dVertex
 10
-269.2793955715039
 20
3.983132170519283
 30
0.0
  0
VERTEX
  5
347
330
236
100
AcDbEntity
  8
inside1_T
100
AcDbVertex
100
AcDb2dVertex
 10
-271.0430832749041
 20
3.996322725094657
 30
0.0
  0
VERTEX
  5
348
330
236
100
AcDbEntity
  8
inside1_T
100
AcDbVertex
100
AcDb2dVertex
 10
-272.8069796818534
 20
4.008613623452945
 30
0.0
  0
VERTEX
  5
349
330
236
100
AcDbEntity
  8
inside1_T
100
AcDbVertex
100
AcDb2dVertex
 10
-274.5707702612162
 20
4.019905652762006
 30
0.0
  0
VERTEX
  5
34A
330
236
100
AcDbEntity
  8
inside1_T
100
AcDbVertex
100
AcDb2dVertex
 10
-276.334672911004
 20
4.030397153658328
 30
0.0
  0
VERTEX
  5
34B
330
236
100
AcDbEntity
  8
inside1_T
100
AcDbVertex
100
AcDb2dVertex
 10
-278.5394859692965
 20
4.042093289271591
 30
0.0
  0
VERTEX
  5
34C
330
236
100
AcDbEntity
  8
inside1_T
100
AcDbVertex
100
AcDb2dVertex
 10
-280.7443089021679
 20
4.052386544678853
 30
0.0
  0
VERTEX
  5
34D
330
236
100
AcDbEntity
  8
inside1_T
100
AcDbVertex
100
AcDb2dVertex
 10
-282.9492305186088
 20
4.061078625301391
 30
0.0
  0
VERTEX
  5
34E
330
236
100
AcDbEntity
  8
inside1_T
100
AcDbVertex
100
AcDb2dVertex
 10
-285.1540583295273
 20
4.068375415833813
 30
0.0
  0
VERTEX
  5
34F
330
236
100
AcDbEntity
  8
inside1_T
100
AcDbVertex
100
AcDb2dVertex
 10
-287.358886172975
 20
4.073971909386387
 30
0.0
  0
VERTEX
  5
350
330
236
100
AcDbEntity
  8
inside1_T
100
AcDbVertex
100
AcDb2dVertex
 10
-289.5638173415018
 20
4.078173092623558
 30
0.0
  0
VERTEX
  5
351
330
236
100
AcDbEntity
  8
inside1_T
100
AcDbVertex
100
AcDb2dVertex
 10
-291.7686509021826
 20
4.08066635984035
 30
0.0
  0
VERTEX
  5
352
330
236
100
AcDbEntity
  8
inside1_T
100
AcDbVertex
100
AcDb2dVertex
 10
-293.9733888682414
 20
4.081665150081932
 30
0.0
  0
SEQEND
  5
353
330
236
100
AcDbEntity
  8
inside1_T
  0
POLYLINE
  5
354
330
1F
100
AcDbEntity
  8
inside1_T
100
AcDb2dPolyline
 66
     1
 10
0.0
 20
0.0
 30
0.0
  0
VERTEX
  5
355
330
354
100
AcDbEntity
  8
inside1_T
100
AcDbVertex
100
AcDb2dVertex
 10
34.54912855011861
 20
0.9447545621184616
 30
0.0
  0
VERTEX
  5
356
330
354
100
AcDbEntity
  8
inside1_T
100
AcDbVertex
100
AcDb2dVertex
 10
34.12211261423926
 20
0.9451586444745743
 30
0.0
  0
VERTEX
  5
357
330
354
100
AcDbEntity
  8
inside1_T
100
AcDbVertex
100
AcDb2dVertex
 10
33.67640244572539
 20
0.9455551023733619
 30
0.0
  0
VERTEX
  5
358
330
354
100
AcDbEntity
  8
inside1_T
100
AcDbVertex
100
AcDb2dVertex
 10
33.21308124613842
 20
0.9459591438662187
 30
0.0
  0
VERTEX
  5
359
330
354
100
AcDbEntity
  8
inside1_T
100
AcDbVertex
100
AcDb2dVertex
 10
32.73396709649495
 20
0.9465537674607845
 30
0.0
  0
VERTEX
  5
35A
330
354
100
AcDbEntity
  8
inside1_T
100
AcDbVertex
100
AcDb2dVertex
 10
32.24379713162187
 20
0.9471560730101771
 30
0.0
  0
VERTEX
  5
35B
330
354
100
AcDbEntity
  8
inside1_T
100
AcDbVertex
100
AcDb2dVertex
 10
31.74736562594802
 20
0.9477583534145992
 30
0.0
  0
VERTEX
  5
35C
330
354
100
AcDbEntity
  8
inside1_T
100
AcDbVertex
100
AcDb2dVertex
 10
31.24983595505813
 20
0.9484520773673353
 30
0.0
  0
VERTEX
  5
35D
330
354
100
AcDbEntity
  8
inside1_T
100
AcDbVertex
100
AcDb2dVertex
 10
30.75512097771679
 20
0.9492525623673487
 30
0.0
  0
VERTEX
  5
35E
330
354
100
AcDbEntity
  8
inside1_T
100
AcDbVertex
100
AcDb2dVertex
 10
30.2660839386005
 20
0.9500530377022756
 30
0.0
  0
VERTEX
  5
35F
330
354
100
AcDbEntity
  8
inside1_T
100
AcDbVertex
100
AcDb2dVertex
 10
29.78518458682555
 20
0.9509525704444854
 30
0.0
  0
VERTEX
  5
360
330
354
100
AcDbEntity
  8
inside1_T
100
AcDbVertex
100
AcDb2dVertex
 10
29.31515103558917
 20
0.9519512468946516
 30
0.0
  0
VERTEX
  5
361
330
354
100
AcDbEntity
  8
inside1_T
100
AcDbVertex
100
AcDb2dVertex
 10
28.8566166455509
 20
0.9529499169268263
 30
0.0
  0
VERTEX
  5
362
330
354
100
AcDbEntity
  8
inside1_T
100
AcDbVertex
100
AcDb2dVertex
 10
28.40848273060504
 20
0.9540476117582841
 30
0.0
  0
VERTEX
  5
363
330
354
100
AcDbEntity
  8
inside1_T
100
AcDbVertex
100
AcDb2dVertex
 10
27.10968980594606
 20
0.9576459673993725
 30
0.0
  0
VERTEX
  5
364
330
354
100
AcDbEntity
  8
inside1_T
100
AcDbVertex
100
AcDb2dVertex
 10
26.68683206140366
 20
0.9589494840260784
 30
0.0
  0
VERTEX
  5
365
330
354
100
AcDbEntity
  8
inside1_T
100
AcDbVertex
100
AcDb2dVertex
 10
26.26648427192794
 20
0.9603444940996013
 30
0.0
  0
VERTEX
  5
366
330
354
100
AcDbEntity
  8
inside1_T
100
AcDbVertex
100
AcDb2dVertex
 10
25.84700814960451
 20
0.9618463259565715
 30
0.0
  0
VERTEX
  5
367
330
354
100
AcDbEntity
  8
inside1_T
100
AcDbVertex
100
AcDb2dVertex
 10
25.427327156535
 20
0.9633405580585475
 30
0.0
  0
VERTEX
  5
368
330
354
100
AcDbEntity
  8
inside1_T
100
AcDbVertex
100
AcDb2dVertex
 10
25.00664449140248
 20
0.9649415032884718
 30
0.0
  0
VERTEX
  5
369
330
354
100
AcDbEntity
  8
inside1_T
100
AcDbVertex
100
AcDb2dVertex
 10
24.58425950135728
 20
0.9665424860593248
 30
0.0
  0
VERTEX
  5
36A
330
354
100
AcDbEntity
  8
inside1_T
100
AcDbVertex
100
AcDb2dVertex
 10
24.15941867318537
 20
0.9682348360297937
 30
0.0
  0
VERTEX
  5
36B
330
354
100
AcDbEntity
  8
inside1_T
100
AcDbVertex
100
AcDb2dVertex
 10
23.73133759735191
 20
0.9700340085240384
 30
0.0
  0
VERTEX
  5
36C
330
354
100
AcDbEntity
  8
inside1_T
100
AcDbVertex
100
AcDb2dVertex
 10
23.29935474198732
 20
0.9718332384042725
 30
0.0
  0
VERTEX
  5
36D
330
354
100
AcDbEntity
  8
inside1_T
100
AcDbVertex
100
AcDb2dVertex
 10
22.86257152059096
 20
0.9737315666547772
 30
0.0
  0
VERTEX
  5
36E
330
354
100
AcDbEntity
  8
inside1_T
100
AcDbVertex
100
AcDb2dVertex
 10
22.42049845464243
 20
0.9756298902746323
 30
0.0
  0
VERTEX
  5
36F
330
354
100
AcDbEntity
  8
inside1_T
100
AcDbVertex
100
AcDb2dVertex
 10
21.97355658044575
 20
0.9776348318198558
 30
0.0
  0
VERTEX
  5
370
330
354
100
AcDbEntity
  8
inside1_T
100
AcDbVertex
100
AcDb2dVertex
 10
21.52288668142336
 20
0.9797313609370235
 30
0.0
  0
VERTEX
  5
371
330
354
100
AcDbEntity
  8
inside1_T
100
AcDbVertex
100
AcDb2dVertex
 10
21.06951576546606
 20
0.9818279003749097
 30
0.0
  0
VERTEX
  5
372
330
354
100
AcDbEntity
  8
inside1_T
100
AcDbVertex
100
AcDb2dVertex
 10
20.61476383073176
 20
0.9840235174277723
 30
0.0
  0
VERTEX
  5
373
330
354
100
AcDbEntity
  8
inside1_T
100
AcDbVertex
100
AcDb2dVertex
 10
20.15940497972628
 20
0.9862267437577259
 30
0.0
  0
VERTEX
  5
374
330
354
100
AcDbEntity
  8
inside1_T
100
AcDbVertex
100
AcDb2dVertex
 10
19.70477528483588
 20
0.9885213132966442
 30
0.0
  0
VERTEX
  5
375
330
354
100
AcDbEntity
  8
inside1_T
100
AcDbVertex
100
AcDb2dVertex
 10
19.25182865532742
 20
0.990922737006457
 30
0.0
  0
VERTEX
  5
376
330
354
100
AcDbEntity
  8
inside1_T
100
AcDbVertex
100
AcDb2dVertex
 10
18.80159257671897
 20
0.9933163933369116
 30
0.0
  0
VERTEX
  5
377
330
354
100
AcDbEntity
  8
inside1_T
100
AcDbVertex
100
AcDb2dVertex
 10
17.46683831367494
 20
1.001016048395996
 30
0.0
  0
VERTEX
  5
378
330
354
100
AcDbEntity
  8
inside1_T
100
AcDbVertex
100
AcDb2dVertex
 10
15.71847532347755
 20
1.01200163752668
 30
0.0
  0
VERTEX
  5
379
330
354
100
AcDbEntity
  8
inside1_T
100
AcDbVertex
100
AcDb2dVertex
 10
15.28585625211298
 20
1.01490588861364
 30
0.0
  0
VERTEX
  5
37A
330
354
100
AcDbEntity
  8
inside1_T
100
AcDbVertex
100
AcDb2dVertex
 10
14.85408589051934
 20
1.017901964468336
 30
0.0
  0
VERTEX
  5
37B
330
354
100
AcDbEntity
  8
inside1_T
100
AcDbVertex
100
AcDb2dVertex
 10
14.42271296130838
 20
1.020898033347393
 30
0.0
  0
VERTEX
  5
37C
330
354
100
AcDbEntity
  8
inside1_T
100
AcDbVertex
100
AcDb2dVertex
 10
13.990835331803
 20
1.023993219888936
 30
0.0
  0
VERTEX
  5
37D
330
354
100
AcDbEntity
  8
inside1_T
100
AcDbVertex
100
AcDb2dVertex
 10
13.55785491840896
 20
1.027096065757391
 30
0.0
  0
VERTEX
  5
37E
330
354
100
AcDbEntity
  8
inside1_T
100
AcDbVertex
100
AcDb2dVertex
 10
13.12311473585549
 20
1.030290218392764
 30
0.0
  0
VERTEX
  5
37F
330
354
100
AcDbEntity
  8
inside1_T
100
AcDbVertex
100
AcDb2dVertex
 10
12.68593573888865
 20
1.03359132235633
 30
0.0
  0
VERTEX
  5
380
330
354
100
AcDbEntity
  8
inside1_T
100
AcDbVertex
100
AcDb2dVertex
 10
12.24572872554239
 20
1.036884983892321
 30
0.0
  0
VERTEX
  5
381
330
354
100
AcDbEntity
  8
inside1_T
100
AcDbVertex
100
AcDb2dVertex
 10
11.80216595065843
 20
1.040185937636437
 30
0.0
  0
VERTEX
  5
382
330
354
100
AcDbEntity
  8
inside1_T
100
AcDbVertex
100
AcDb2dVertex
 10
11.35623398267302
 20
1.043677404426262
 30
0.0
  0
VERTEX
  5
383
330
354
100
AcDbEntity
  8
inside1_T
100
AcDbVertex
100
AcDb2dVertex
 10
10.90854524277978
 20
1.047176878757966
 30
0.0
  0
VERTEX
  5
384
330
354
100
AcDbEntity
  8
inside1_T
100
AcDbVertex
100
AcDb2dVertex
 10
10.45998256277784
 20
1.050676152557799
 30
0.0
  0
VERTEX
  5
385
330
354
100
AcDbEntity
  8
inside1_T
100
AcDbVertex
100
AcDb2dVertex
 10
10.01154303491415
 20
1.054274280208006
 30
0.0
  0
VERTEX
  5
386
330
354
100
AcDbEntity
  8
inside1_T
100
AcDbVertex
100
AcDb2dVertex
 10
9.56388528552992
 20
1.057971725856021
 30
0.0
  0
VERTEX
  5
387
330
354
100
AcDbEntity
  8
inside1_T
100
AcDbVertex
100
AcDb2dVertex
 10
9.11783964527848
 20
1.061669079156559
 30
0.0
  0
VERTEX
  5
388
330
354
100
AcDbEntity
  8
inside1_T
100
AcDbVertex
100
AcDb2dVertex
 10
8.674278213055175
 20
1.06546554542301
 30
0.0
  0
VERTEX
  5
389
330
354
100
AcDbEntity
  8
inside1_T
100
AcDbVertex
100
AcDb2dVertex
 10
8.233232353657911
 20
1.069262013048075
 30
0.0
  0
VERTEX
  5
38A
330
354
100
AcDbEntity
  8
inside1_T
100
AcDbVertex
100
AcDb2dVertex
 10
7.794300366200275
 20
1.073157362919403
 30
0.0
  0
VERTEX
  5
38B
330
354
100
AcDbEntity
  8
inside1_T
100
AcDbVertex
100
AcDb2dVertex
 10
7.356922581970764
 20
1.077152098311856
 30
0.0
  0
VERTEX
  5
38C
330
354
100
AcDbEntity
  8
inside1_T
100
AcDbVertex
100
AcDb2dVertex
 10
6.920345758021028
 20
1.081154662588503
 30
0.0
  0
VERTEX
  5
38D
330
354
100
AcDbEntity
  8
inside1_T
100
AcDbVertex
100
AcDb2dVertex
 10
6.484273365733259
 20
1.085149451642906
 30
0.0
  0
VERTEX
  5
38E
330
354
100
AcDbEntity
  8
inside1_T
100
AcDbVertex
100
AcDb2dVertex
 10
6.048031892972119
 20
1.089243074661695
 30
0.0
  0
VERTEX
  5
38F
330
354
100
AcDbEntity
  8
inside1_T
100
AcDbVertex
100
AcDb2dVertex
 10
5.611163848621743
 20
1.09344372893429
 30
0.0
  0
VERTEX
  5
390
330
354
100
AcDbEntity
  8
inside1_T
100
AcDbVertex
100
AcDb2dVertex
 10
5.172982461346862
 20
1.097636779303173
 30
0.0
  0
VERTEX
  5
391
330
354
100
AcDbEntity
  8
inside1_T
100
AcDbVertex
100
AcDb2dVertex
 10
4.73353450303847
 20
1.101936273604352
 30
0.0
  0
VERTEX
  5
392
330
354
100
AcDbEntity
  8
inside1_T
100
AcDbVertex
100
AcDb2dVertex
 10
4.293069983503472
 20
1.106335124818898
 30
0.0
  0
VERTEX
  5
393
330
354
100
AcDbEntity
  8
inside1_T
100
AcDbVertex
100
AcDb2dVertex
 10
3.851764833128016
 20
1.110726676169762
 30
0.0
  0
VERTEX
  5
394
330
354
100
AcDbEntity
  8
inside1_T
100
AcDbVertex
100
AcDb2dVertex
 10
3.409899841232743
 20
1.11512550467954
 30
0.0
  0
VERTEX
  5
395
330
354
100
AcDbEntity
  8
inside1_T
100
AcDbVertex
100
AcDb2dVertex
 10
2.967663735882013
 20
1.119623182783329
 30
0.0
  0
VERTEX
  5
396
330
354
100
AcDbEntity
  8
inside1_T
100
AcDbVertex
100
AcDb2dVertex
 10
2.525295399960385
 20
1.124220227324741
 30
0.0
  0
VERTEX
  5
397
330
354
100
AcDbEntity
  8
inside1_T
100
AcDbVertex
100
AcDb2dVertex
 10
2.083045248236829
 20
1.128817152814861
 30
0.0
  0
VERTEX
  5
398
330
354
100
AcDbEntity
  8
inside1_T
100
AcDbVertex
100
AcDb2dVertex
 10
0.7580359149989704
 20
1.143004805253582
 30
0.0
  0
VERTEX
  5
399
330
354
100
AcDbEntity
  8
inside1_T
100
AcDbVertex
100
AcDb2dVertex
 10
-0.1238721831178395
 20
1.152694176235798
 30
0.0
  0
VERTEX
  5
39A
330
354
100
AcDbEntity
  8
inside1_T
100
AcDbVertex
100
AcDb2dVertex
 10
-1.004899480344477
 20
1.162688697000249
 30
0.0
  0
VERTEX
  5
39B
330
354
100
AcDbEntity
  8
inside1_T
100
AcDbVertex
100
AcDb2dVertex
 10
-1.885333627953571
 20
1.172782341460589
 30
0.0
  0
VERTEX
  5
39C
330
354
100
AcDbEntity
  8
inside1_T
100
AcDbVertex
100
AcDb2dVertex
 10
-2.765251821971617
 20
1.183173155156808
 30
0.0
  0
VERTEX
  5
39D
330
354
100
AcDbEntity
  8
inside1_T
100
AcDbVertex
100
AcDb2dVertex
 10
-3.644984878477828
 20
1.193762336891766
 30
0.0
  0
VERTEX
  5
39E
330
354
100
AcDbEntity
  8
inside1_T
100
AcDbVertex
100
AcDb2dVertex
 10
-4.084851051135331
 20
1.199159842008783
 30
0.0
  0
VERTEX
  5
39F
330
354
100
AcDbEntity
  8
inside1_T
100
AcDbVertex
100
AcDb2dVertex
 10
-4.524703465059076
 20
1.204557365390983
 30
0.0
  0
VERTEX
  5
3A0
330
354
100
AcDbEntity
  8
inside1_T
100
AcDbVertex
100
AcDb2dVertex
 10
-5.404743782736489
 20
1.215550626921953
 30
0.0
  0
VERTEX
  5
3A1
330
354
100
AcDbEntity
  8
inside1_T
100
AcDbVertex
100
AcDb2dVertex
 10
-6.725139430441061
 20
1.232337837029746
 30
0.0
  0
VERTEX
  5
3A2
330
354
100
AcDbEntity
  8
inside1_T
100
AcDbVertex
100
AcDb2dVertex
 10
-8.046144543364619
 20
1.24971968387392
 30
0.0
  0
VERTEX
  5
3A3
330
354
100
AcDbEntity
  8
inside1_T
100
AcDbVertex
100
AcDb2dVertex
 10
-9.367636749789938
 20
1.267406464451668
 30
0.0
  0
VERTEX
  5
3A4
330
354
100
AcDbEntity
  8
inside1_T
100
AcDbVertex
100
AcDb2dVertex
 10
-10.68954113838691
 20
1.285695517418532
 30
0.0
  0
VERTEX
  5
3A5
330
354
100
AcDbEntity
  8
inside1_T
100
AcDbVertex
100
AcDb2dVertex
 10
-12.01174458007182
 20
1.304282022895123
 30
0.0
  0
VERTEX
  5
3A6
330
354
100
AcDbEntity
  8
inside1_T
100
AcDbVertex
100
AcDb2dVertex
 10
-13.33413661405353
 20
1.323363928009016
 30
0.0
  0
VERTEX
  5
3A7
330
354
100
AcDbEntity
  8
inside1_T
100
AcDbVertex
100
AcDb2dVertex
 10
-14.65675005415306
 20
1.342850001702274
 30
0.0
  0
VERTEX
  5
3A8
330
354
100
AcDbEntity
  8
inside1_T
100
AcDbVertex
100
AcDb2dVertex
 10
-15.97934935739232
 20
1.362740146049077
 30
0.0
  0
VERTEX
  5
3A9
330
354
100
AcDbEntity
  8
inside1_T
100
AcDbVertex
100
AcDb2dVertex
 10
-17.30195422082971
 20
1.383018948829346
 30
0.0
  0
VERTEX
  5
3AA
330
354
100
AcDbEntity
  8
inside1_T
100
AcDbVertex
100
AcDb2dVertex
 10
-18.6244694233431
 20
1.403808801817434
 30
0.0
  0
VERTEX
  5
3AB
330
354
100
AcDbEntity
  8
inside1_T
100
AcDbVertex
100
AcDb2dVertex
 10
-19.50598359617089
 20
1.417798065046171
 30
0.0
  0
VERTEX
  5
3AC
330
354
100
AcDbEntity
  8
inside1_T
100
AcDbVertex
100
AcDb2dVertex
 10
-20.38753074417474
 20
1.432084935076603
 30
0.0
  0
VERTEX
  5
3AD
330
354
100
AcDbEntity
  8
inside1_T
100
AcDbVertex
100
AcDb2dVertex
 10
-21.26898446906017
 20
1.446371773689947
 30
0.0
  0
VERTEX
  5
3AE
330
354
100
AcDbEntity
  8
inside1_T
100
AcDbVertex
100
AcDb2dVertex
 10
-22.15021203616772
 20
1.460963350645471
 30
0.0
  0
VERTEX
  5
3AF
330
354
100
AcDbEntity
  8
inside1_T
100
AcDbVertex
100
AcDb2dVertex
 10
-23.03156067065589
 20
1.475654273423345
 30
0.0
  0
VERTEX
  5
3B0
330
354
100
AcDbEntity
  8
inside1_T
100
AcDbVertex
100
AcDb2dVertex
 10
-23.91268230279621
 20
1.490543184354237
 30
0.0
  0
VERTEX
  5
3B1
330
354
100
AcDbEntity
  8
inside1_T
100
AcDbVertex
100
AcDb2dVertex
 10
-24.793832985032
 20
1.505630545490632
 30
0.0
  0
VERTEX
  5
3B2
330
354
100
AcDbEntity
  8
inside1_T
100
AcDbVertex
100
AcDb2dVertex
 10
-25.67499543238642
 20
1.520817217883177
 30
0.0
  0
VERTEX
  5
3B3
330
354
100
AcDbEntity
  8
inside1_T
100
AcDbVertex
100
AcDb2dVertex
 10
-26.55593213818275
 20
1.536110410833771
 30
0.0
  0
VERTEX
  5
3B4
330
354
100
AcDbEntity
  8
inside1_T
100
AcDbVertex
100
AcDb2dVertex
 10
-27.43687122566286
 20
1.551593970785589
 30
0.0
  0
VERTEX
  5
3B5
330
354
100
AcDbEntity
  8
inside1_T
100
AcDbVertex
100
AcDb2dVertex
 10
-28.31780710928575
 20
1.567283582808699
 30
0.0
  0
VERTEX
  5
3B6
330
354
100
AcDbEntity
  8
inside1_T
100
AcDbVertex
100
AcDb2dVertex
 10
-29.19865256273971
 20
1.58307232206873
 30
0.0
  0
VERTEX
  5
3B7
330
354
100
AcDbEntity
  8
inside1_T
100
AcDbVertex
100
AcDb2dVertex
 10
-30.07949801099863
 20
1.599059278144537
 30
0.0
  0
VERTEX
  5
3B8
330
354
100
AcDbEntity
  8
inside1_T
100
AcDbVertex
100
AcDb2dVertex
 10
-30.96026396881763
 20
1.615145561738103
 30
0.0
  0
VERTEX
  5
3B9
330
354
100
AcDbEntity
  8
inside1_T
100
AcDbVertex
100
AcDb2dVertex
 10
-31.84089616404282
 20
1.631338362335953
 30
0.0
  0
VERTEX
  5
3BA
330
354
100
AcDbEntity
  8
inside1_T
100
AcDbVertex
100
AcDb2dVertex
 10
-32.72165037771543
 20
1.647721756882589
 30
0.0
  0
VERTEX
  5
3BB
330
354
100
AcDbEntity
  8
inside1_T
100
AcDbVertex
100
AcDb2dVertex
 10
-33.60229625275275
 20
1.664211853560957
 30
0.0
  0
VERTEX
  5
3BC
330
354
100
AcDbEntity
  8
inside1_T
100
AcDbVertex
100
AcDb2dVertex
 10
-34.48283668172309
 20
1.680900191214775
 30
0.0
  0
VERTEX
  5
3BD
330
354
100
AcDbEntity
  8
inside1_T
100
AcDbVertex
100
AcDb2dVertex
 10
-35.36340404063009
 20
1.697688150732645
 30
0.0
  0
VERTEX
  5
3BE
330
354
100
AcDbEntity
  8
inside1_T
100
AcDbVertex
100
AcDb2dVertex
 10
-35.80368305097323
 20
1.706081750787888
 30
0.0
  0
VERTEX
  5
3BF
330
354
100
AcDbEntity
  8
inside1_T
100
AcDbVertex
100
AcDb2dVertex
 10
-36.24394665687765
 20
1.714574454804804
 30
0.0
  0
VERTEX
  5
3C0
330
354
100
AcDbEntity
  8
inside1_T
100
AcDbVertex
100
AcDb2dVertex
 10
-36.68423700154159
 20
1.72306767461356
 30
0.0
  0
VERTEX
  5
3C1
330
354
100
AcDbEntity
  8
inside1_T
100
AcDbVertex
100
AcDb2dVertex
 10
-37.1244986350876
 20
1.731560340583613
 30
0.0
  0
VERTEX
  5
3C2
330
354
100
AcDbEntity
  8
inside1_T
100
AcDbVertex
100
AcDb2dVertex
 10
-37.56476026878209
 20
1.740159736649545
 30
0.0
  0
VERTEX
  5
3C3
330
354
100
AcDbEntity
  8
inside1_T
100
AcDbVertex
100
AcDb2dVertex
 10
-38.00496226538536
 20
1.74875213076389
 30
0.0
  0
VERTEX
  5
3C4
330
354
100
AcDbEntity
  8
inside1_T
100
AcDbVertex
100
AcDb2dVertex
 10
-38.4452535707581
 20
1.757344482300994
 30
0.0
  0
VERTEX
  5
3C5
330
354
100
AcDbEntity
  8
inside1_T
100
AcDbVertex
100
AcDb2dVertex
 10
-38.88551471836905
 20
1.765936245302854
 30
0.0
  0
VERTEX
  5
3C6
330
354
100
AcDbEntity
  8
inside1_T
100
AcDbVertex
100
AcDb2dVertex
 10
-39.32568437722358
 20
1.774634738162888
 30
0.0
  0
VERTEX
  5
3C7
330
354
100
AcDbEntity
  8
inside1_T
100
AcDbVertex
100
AcDb2dVertex
 10
-39.76595256306047
 20
1.783325746561033
 30
0.0
  0
VERTEX
  5
3C8
330
354
100
AcDbEntity
  8
inside1_T
100
AcDbVertex
100
AcDb2dVertex
 10
-40.20613420095384
 20
1.79211626596819
 30
0.0
  0
VERTEX
  5
3C9
330
354
100
AcDbEntity
  8
inside1_T
100
AcDbVertex
100
AcDb2dVertex
 10
-40.64643979376825
 20
1.80081533580821
 30
0.0
  0
VERTEX
  5
3CA
330
354
100
AcDbEntity
  8
inside1_T
100
AcDbVertex
100
AcDb2dVertex
 10
-41.08657000158456
 20
1.80960482814595
 30
0.0
  0
VERTEX
  5
3CB
330
354
100
AcDbEntity
  8
inside1_T
100
AcDbVertex
100
AcDb2dVertex
 10
-41.52686042819101
 20
1.818502125597902
 30
0.0
  0
VERTEX
  5
3CC
330
354
100
AcDbEntity
  8
inside1_T
100
AcDbVertex
100
AcDb2dVertex
 10
-41.96705878657536
 20
1.827292674408341
 30
0.0
  0
VERTEX
  5
3CD
330
354
100
AcDbEntity
  8
inside1_T
100
AcDbVertex
100
AcDb2dVertex
 10
-42.40722892655532
 20
1.836189389801277
 30
0.0
  0
VERTEX
  5
3CE
330
354
100
AcDbEntity
  8
inside1_T
100
AcDbVertex
100
AcDb2dVertex
 10
-42.84752436737045
 20
1.845079164470647
 30
0.0
  0
VERTEX
  5
3CF
330
354
100
AcDbEntity
  8
inside1_T
100
AcDbVertex
100
AcDb2dVertex
 10
-43.28767876881471
 20
1.853975869989895
 30
0.0
  0
VERTEX
  5
3D0
330
354
100
AcDbEntity
  8
inside1_T
100
AcDbVertex
100
AcDb2dVertex
 10
-43.7279604175738
 20
1.862964165873805
 30
0.0
  0
VERTEX
  5
3D1
330
354
100
AcDbEntity
  8
inside1_T
100
AcDbVertex
100
AcDb2dVertex
 10
-44.16813858288612
 20
1.871960463481514
 30
0.0
  0
VERTEX
  5
3D2
330
354
100
AcDbEntity
  8
inside1_T
100
AcDbVertex
100
AcDb2dVertex
 10
-44.60833760632664
 20
1.880956875682543
 30
0.0
  0
VERTEX
  5
3D3
330
354
100
AcDbEntity
  8
inside1_T
100
AcDbVertex
100
AcDb2dVertex
 10
-45.0486038405075
 20
1.88994516820685
 30
0.0
  0
VERTEX
  5
3D4
330
354
100
AcDbEntity
  8
inside1_T
100
AcDbVertex
100
AcDb2dVertex
 10
-45.48877347879812
 20
1.899040086258765
 30
0.0
  0
VERTEX
  5
3D5
330
354
100
AcDbEntity
  8
inside1_T
100
AcDbVertex
100
AcDb2dVertex
 10
-45.92895691688437
 20
1.908135604508033
 30
0.0
  0
VERTEX
  5
3D6
330
354
100
AcDbEntity
  8
inside1_T
100
AcDbVertex
100
AcDb2dVertex
 10
-46.36924844797301
 20
1.917231150772281
 30
0.0
  0
VERTEX
  5
3D7
330
354
100
AcDbEntity
  8
inside1_T
100
AcDbVertex
100
AcDb2dVertex
 10
-46.80942167421796
 20
1.926318519348342
 30
0.0
  0
VERTEX
  5
3D8
330
354
100
AcDbEntity
  8
inside1_T
100
AcDbVertex
100
AcDb2dVertex
 10
-47.24961898735347
 20
1.935513121856943
 30
0.0
  0
VERTEX
  5
3D9
330
354
100
AcDbEntity
  8
inside1_T
100
AcDbVertex
100
AcDb2dVertex
 10
-47.68990924635733
 20
1.94460864183948
 30
0.0
  0
VERTEX
  5
3DA
330
354
100
AcDbEntity
  8
inside1_T
100
AcDbVertex
100
AcDb2dVertex
 10
-48.13003953817548
 20
1.953802162899692
 30
0.0
  0
VERTEX
  5
3DB
330
354
100
AcDbEntity
  8
inside1_T
100
AcDbVertex
100
AcDb2dVertex
 10
-48.57032996854974
 20
1.963095912417032
 30
0.0
  0
VERTEX
  5
3DC
330
354
100
AcDbEntity
  8
inside1_T
100
AcDbVertex
100
AcDb2dVertex
 10
-49.01052882431105
 20
1.972290547147168
 30
0.0
  0
VERTEX
  5
3DD
330
354
100
AcDbEntity
  8
inside1_T
100
AcDbVertex
100
AcDb2dVertex
 10
-49.45079302532423
 20
1.981583743009239
 30
0.0
  0
VERTEX
  5
3DE
330
354
100
AcDbEntity
  8
inside1_T
100
AcDbVertex
100
AcDb2dVertex
 10
-49.89099084205264
 20
1.990877468782955
 30
0.0
  0
VERTEX
  5
3DF
330
354
100
AcDbEntity
  8
inside1_T
100
AcDbVertex
100
AcDb2dVertex
 10
-50.33128222574948
 20
2.000171238425523
 30
0.0
  0
VERTEX
  5
3E0
330
354
100
AcDbEntity
  8
inside1_T
100
AcDbVertex
100
AcDb2dVertex
 10
-50.77145390460515
 20
2.009464412360487
 30
0.0
  0
VERTEX
  5
3E1
330
354
100
AcDbEntity
  8
inside1_T
100
AcDbVertex
100
AcDb2dVertex
 10
-51.21174416266268
 20
2.018857271199039
 30
0.0
  0
VERTEX
  5
3E2
330
354
100
AcDbEntity
  8
inside1_T
100
AcDbVertex
100
AcDb2dVertex
 10
-51.65192785777646
 20
2.028151020754677
 30
0.0
  0
VERTEX
  5
3E3
330
354
100
AcDbEntity
  8
inside1_T
100
AcDbVertex
100
AcDb2dVertex
 10
-52.09220748694185
 20
2.037543327568841
 30
0.0
  0
VERTEX
  5
3E4
330
354
100
AcDbEntity
  8
inside1_T
100
AcDbVertex
100
AcDb2dVertex
 10
-52.53236364998321
 20
2.046935602633027
 30
0.0
  0
VERTEX
  5
3E5
330
354
100
AcDbEntity
  8
inside1_T
100
AcDbVertex
100
AcDb2dVertex
 10
-52.97265460722934
 20
2.056427589503528
 30
0.0
  0
VERTEX
  5
3E6
330
354
100
AcDbEntity
  8
inside1_T
100
AcDbVertex
100
AcDb2dVertex
 10
-53.4129716089065
 20
2.06582101887264
 30
0.0
  0
VERTEX
  5
3E7
330
354
100
AcDbEntity
  8
inside1_T
100
AcDbVertex
100
AcDb2dVertex
 10
-53.85314328260012
 20
2.075213299556495
 30
0.0
  0
VERTEX
  5
3E8
330
354
100
AcDbEntity
  8
inside1_T
100
AcDbVertex
100
AcDb2dVertex
 10
-54.29340749546742
 20
2.084704709859878
 30
0.0
  0
VERTEX
  5
3E9
330
354
100
AcDbEntity
  8
inside1_T
100
AcDbVertex
100
AcDb2dVertex
 10
-54.73360529006487
 20
2.094196660644641
 30
0.0
  0
VERTEX
  5
3EA
330
354
100
AcDbEntity
  8
inside1_T
100
AcDbVertex
100
AcDb2dVertex
 10
-55.17386798878198
 20
2.103695661921321
 30
0.0
  0
VERTEX
  5
3EB
330
354
100
AcDbEntity
  8
inside1_T
100
AcDbVertex
100
AcDb2dVertex
 10
-55.61416038395538
 20
2.113286793230898
 30
0.0
  0
VERTEX
  5
3EC
330
354
100
AcDbEntity
  8
inside1_T
100
AcDbVertex
100
AcDb2dVertex
 10
-56.0544501925213
 20
2.122778755337649
 30
0.0
  0
VERTEX
  5
3ED
330
354
100
AcDbEntity
  8
inside1_T
100
AcDbVertex
100
AcDb2dVertex
 10
-56.49464699777496
 20
2.132369797303227
 30
0.0
  0
VERTEX
  5
3EE
330
354
100
AcDbEntity
  8
inside1_T
100
AcDbVertex
100
AcDb2dVertex
 10
-56.9349378785351
 20
2.141869406609331
 30
0.0
  0
VERTEX
  5
3EF
330
354
100
AcDbEntity
  8
inside1_T
100
AcDbVertex
100
AcDb2dVertex
 10
-57.37520361722119
 20
2.15145995724599
 30
0.0
  0
VERTEX
  5
3F0
330
354
100
AcDbEntity
  8
inside1_T
100
AcDbVertex
100
AcDb2dVertex
 10
-57.81540140075396
 20
2.161051020528816
 30
0.0
  0
VERTEX
  5
3F1
330
354
100
AcDbEntity
  8
inside1_T
100
AcDbVertex
100
AcDb2dVertex
 10
-58.25566411097458
 20
2.170641505197182
 30
0.0
  0
VERTEX
  5
3F2
330
354
100
AcDbEntity
  8
inside1_T
100
AcDbVertex
100
AcDb2dVertex
 10
-58.69595445563851
 20
2.180339328892643
 30
0.0
  0
VERTEX
  5
3F3
330
354
100
AcDbEntity
  8
inside1_T
100
AcDbVertex
100
AcDb2dVertex
 10
-59.13624425820905
 20
2.189930403726123
 30
0.0
  0
VERTEX
  5
3F4
330
354
100
AcDbEntity
  8
inside1_T
100
AcDbVertex
100
AcDb2dVertex
 10
-59.57644311397013
 20
2.19962822742157
 30
0.0
  0
VERTEX
  5
3F5
330
354
100
AcDbEntity
  8
inside1_T
100
AcDbVertex
100
AcDb2dVertex
 10
-60.01673605118964
 20
2.209219370538847
 30
0.0
  0
VERTEX
  5
3F6
330
354
100
AcDbEntity
  8
inside1_T
100
AcDbVertex
100
AcDb2dVertex
 10
-60.45699973975894
 20
2.218908983494202
 30
0.0
  0
VERTEX
  5
3F7
330
354
100
AcDbEntity
  8
inside1_T
100
AcDbVertex
100
AcDb2dVertex
 10
-60.89728598350922
 20
2.22860671689854
 30
0.0
  0
VERTEX
  5
3F8
330
354
100
AcDbEntity
  8
inside1_T
100
AcDbVertex
100
AcDb2dVertex
 10
-61.33759585774243
 20
2.238297010782489
 30
0.0
  0
VERTEX
  5
3F9
330
354
100
AcDbEntity
  8
inside1_T
100
AcDbVertex
100
AcDb2dVertex
 10
-61.77777802096267
 20
2.247987178610316
 30
0.0
  0
VERTEX
  5
3FA
330
354
100
AcDbEntity
  8
inside1_T
100
AcDbVertex
100
AcDb2dVertex
 10
-62.21804101441609
 20
2.25768439988569
 30
0.0
  0
VERTEX
  5
3FB
330
354
100
AcDbEntity
  8
inside1_T
100
AcDbVertex
100
AcDb2dVertex
 10
-62.6583466072305
 20
2.267473712483934
 30
0.0
  0
VERTEX
  5
3FC
330
354
100
AcDbEntity
  8
inside1_T
100
AcDbVertex
100
AcDb2dVertex
 10
-63.09863686070759
 20
2.277171534170918
 30
0.0
  0
VERTEX
  5
3FD
330
354
100
AcDbEntity
  8
inside1_T
100
AcDbVertex
100
AcDb2dVertex
 10
-63.53892657295711
 20
2.286960832708203
 30
0.0
  0
VERTEX
  5
3FE
330
354
100
AcDbEntity
  8
inside1_T
100
AcDbVertex
100
AcDb2dVertex
 10
-63.97911027175502
 20
2.296658658412625
 30
0.0
  0
VERTEX
  5
3FF
330
354
100
AcDbEntity
  8
inside1_T
100
AcDbVertex
100
AcDb2dVertex
 10
-64.41939198291567
 20
2.306447440050164
 30
0.0
  0
VERTEX
  5
400
330
354
100
AcDbEntity
  8
inside1_T
100
AcDbVertex
100
AcDb2dVertex
 10
-64.85970675049094
 20
2.316244920198585
 30
0.0
  0
VERTEX
  5
401
330
354
100
AcDbEntity
  8
inside1_T
100
AcDbVertex
100
AcDb2dVertex
 10
-65.29999709515488
 20
2.325935119818809
 30
0.0
  0
VERTEX
  5
402
330
354
100
AcDbEntity
  8
inside1_T
100
AcDbVertex
100
AcDb2dVertex
 10
-65.7402587337063
 20
2.33573141775021
 30
0.0
  0
VERTEX
  5
403
330
354
100
AcDbEntity
  8
inside1_T
100
AcDbVertex
100
AcDb2dVertex
 10
-66.18055317922295
 20
2.345520821561351
 30
0.0
  0
VERTEX
  5
404
330
354
100
AcDbEntity
  8
inside1_T
100
AcDbVertex
100
AcDb2dVertex
 10
-66.6208394230344
 20
2.355317667021922
 30
0.0
  0
VERTEX
  5
405
330
354
100
AcDbEntity
  8
inside1_T
100
AcDbVertex
100
AcDb2dVertex
 10
-67.06114929904999
 20
2.365107074887291
 30
0.0
  0
VERTEX
  5
406
330
354
100
AcDbEntity
  8
inside1_T
100
AcDbVertex
100
AcDb2dVertex
 10
-67.50141011066813
 20
2.374903354457274
 30
0.0
  0
VERTEX
  5
407
330
354
100
AcDbEntity
  8
inside1_T
100
AcDbVertex
100
AcDb2dVertex
 10
-67.9415938095238
 20
2.384791782083298
 30
0.0
  0
VERTEX
  5
408
330
354
100
AcDbEntity
  8
inside1_T
100
AcDbVertex
100
AcDb2dVertex
 10
-68.38192474342833
 20
2.394589282603917
 30
0.0
  0
VERTEX
  5
409
330
354
100
AcDbEntity
  8
inside1_T
100
AcDbVertex
100
AcDb2dVertex
 10
-68.82219030063158
 20
2.404378044115973
 30
0.0
  0
VERTEX
  5
40A
330
354
100
AcDbEntity
  8
inside1_T
100
AcDbVertex
100
AcDb2dVertex
 10
-69.26248064529392
 20
2.414274093767432
 30
0.0
  0
VERTEX
  5
40B
330
354
100
AcDbEntity
  8
inside1_T
100
AcDbVertex
100
AcDb2dVertex
 10
-69.70279969578229
 20
2.424064044604265
 30
0.0
  0
VERTEX
  5
40C
330
354
100
AcDbEntity
  8
inside1_T
100
AcDbVertex
100
AcDb2dVertex
 10
-70.14306133460497
 20
2.433860342577205
 30
0.0
  0
VERTEX
  5
40D
330
354
100
AcDbEntity
  8
inside1_T
100
AcDbVertex
100
AcDb2dVertex
 10
-70.58335177051396
 20
2.443748770202731
 30
0.0
  0
VERTEX
  5
40E
330
354
100
AcDbEntity
  8
inside1_T
100
AcDbVertex
100
AcDb2dVertex
 10
-71.02365531292213
 20
2.453545661254026
 30
0.0
  0
VERTEX
  5
40F
330
354
100
AcDbEntity
  8
inside1_T
100
AcDbVertex
100
AcDb2dVertex
 10
-71.4639476167643
 20
2.463441754940376
 30
0.0
  0
VERTEX
  5
410
330
354
100
AcDbEntity
  8
inside1_T
100
AcDbVertex
100
AcDb2dVertex
 10
-71.90426666725244
 20
2.473231705777209
 30
0.0
  0
VERTEX
  5
411
330
354
100
AcDbEntity
  8
inside1_T
100
AcDbVertex
100
AcDb2dVertex
 10
-72.34452830607535
 20
2.48302800375015
 30
0.0
  0
VERTEX
  5
412
330
354
100
AcDbEntity
  8
inside1_T
100
AcDbVertex
100
AcDb2dVertex
 10
-72.78479404586807
 20
2.492915876728702
 30
0.0
  0
VERTEX
  5
413
330
354
100
AcDbEntity
  8
inside1_T
100
AcDbVertex
100
AcDb2dVertex
 10
-73.22510899542004
 20
2.502812479439854
 30
0.0
  0
VERTEX
  5
414
330
354
100
AcDbEntity
  8
inside1_T
100
AcDbVertex
100
AcDb2dVertex
 10
-73.66539943225035
 20
2.512601794087303
 30
0.0
  0
VERTEX
  5
415
330
354
100
AcDbEntity
  8
inside1_T
100
AcDbVertex
100
AcDb2dVertex
 10
-74.10570502506476
 20
2.522497843738805
 30
0.0
  0
VERTEX
  5
416
330
354
100
AcDbEntity
  8
inside1_T
100
AcDbVertex
100
AcDb2dVertex
 10
-74.54602398338676
 20
2.532287792526432
 30
0.0
  0
VERTEX
  5
417
330
354
100
AcDbEntity
  8
inside1_T
100
AcDbVertex
100
AcDb2dVertex
 10
-74.98617833834788
 20
2.542084078200034
 30
0.0
  0
VERTEX
  5
418
330
354
100
AcDbEntity
  8
inside1_T
100
AcDbVertex
100
AcDb2dVertex
 10
-75.42648457007004
 20
2.551972518124941
 30
0.0
  0
VERTEX
  5
419
330
354
100
AcDbEntity
  8
inside1_T
100
AcDbVertex
100
AcDb2dVertex
 10
-75.86677277222822
 20
2.56176940712534
 30
0.0
  0
VERTEX
  5
41A
330
354
100
AcDbEntity
  8
inside1_T
100
AcDbVertex
100
AcDb2dVertex
 10
-76.30706516731544
 20
2.571665502862544
 30
0.0
  0
VERTEX
  5
41B
330
354
100
AcDbEntity
  8
inside1_T
100
AcDbVertex
100
AcDb2dVertex
 10
-76.74735551197938
 20
2.581454815460773
 30
0.0
  0
VERTEX
  5
41C
330
354
100
AcDbEntity
  8
inside1_T
100
AcDbVertex
100
AcDb2dVertex
 10
-77.18764585664331
 20
2.591350865112275
 30
0.0
  0
VERTEX
  5
41D
330
354
100
AcDbEntity
  8
inside1_T
100
AcDbVertex
100
AcDb2dVertex
 10
-77.62796490713146
 20
2.601140815949108
 30
0.0
  0
VERTEX
  5
41E
330
354
100
AcDbEntity
  8
inside1_T
100
AcDbVertex
100
AcDb2dVertex
 10
-78.06826658158371
 20
2.610937665470217
 30
0.0
  0
VERTEX
  5
41F
330
354
100
AcDbEntity
  8
inside1_T
100
AcDbVertex
100
AcDb2dVertex
 10
-78.508532138784
 20
2.620726426982202
 30
0.0
  0
VERTEX
  5
420
330
354
100
AcDbEntity
  8
inside1_T
100
AcDbVertex
100
AcDb2dVertex
 10
-78.94882248344794
 20
2.630622476633704
 30
0.0
  0
VERTEX
  5
421
330
354
100
AcDbEntity
  8
inside1_T
100
AcDbVertex
100
AcDb2dVertex
 10
-79.3891415339379
 20
2.640412427470565
 30
0.0
  0
VERTEX
  5
422
330
354
100
AcDbEntity
  8
inside1_T
100
AcDbVertex
100
AcDb2dVertex
 10
-79.82942777774934
 20
2.650209272931136
 30
0.0
  0
VERTEX
  5
423
330
354
100
AcDbEntity
  8
inside1_T
100
AcDbVertex
100
AcDb2dVertex
 10
-80.26972222326577
 20
2.659998676742276
 30
0.0
  0
VERTEX
  5
424
330
354
100
AcDbEntity
  8
inside1_T
100
AcDbVertex
100
AcDb2dVertex
 10
-80.71002389771803
 20
2.669795526263385
 30
0.0
  0
VERTEX
  5
425
330
354
100
AcDbEntity
  8
inside1_T
100
AcDbVertex
100
AcDb2dVertex
 10
-81.15031816074412
 20
2.679584926014002
 30
0.0
  0
VERTEX
  5
426
330
354
100
AcDbEntity
  8
inside1_T
100
AcDbVertex
100
AcDb2dVertex
 10
-81.59069698821128
 20
2.68938179583148
 30
0.0
  0
VERTEX
  5
427
330
354
100
AcDbEntity
  8
inside1_T
100
AcDbVertex
100
AcDb2dVertex
 10
-82.03103028354172
 20
2.699171724361122
 30
0.0
  0
VERTEX
  5
428
330
354
100
AcDbEntity
  8
inside1_T
100
AcDbVertex
100
AcDb2dVertex
 10
-82.47132053702086
 20
2.708869546048149
 30
0.0
  0
VERTEX
  5
429
330
354
100
AcDbEntity
  8
inside1_T
100
AcDbVertex
100
AcDb2dVertex
 10
-82.91158627645319
 20
2.718658311579418
 30
0.0
  0
VERTEX
  5
42A
330
354
100
AcDbEntity
  8
inside1_T
100
AcDbVertex
100
AcDb2dVertex
 10
-83.35190122637556
 20
2.728455795782025
 30
0.0
  0
VERTEX
  5
42B
330
354
100
AcDbEntity
  8
inside1_T
100
AcDbVertex
100
AcDb2dVertex
 10
-83.7921915710395
 20
2.738145995402249
 30
0.0
  0
VERTEX
  5
42C
330
354
100
AcDbEntity
  8
inside1_T
100
AcDbVertex
100
AcDb2dVertex
 10
-84.23248200596782
 20
2.747942934084193
 30
0.0
  0
VERTEX
  5
42D
330
354
100
AcDbEntity
  8
inside1_T
100
AcDbVertex
100
AcDb2dVertex
 10
-84.67281639527693
 20
2.757633767454678
 30
0.0
  0
VERTEX
  5
42E
330
354
100
AcDbEntity
  8
inside1_T
100
AcDbVertex
100
AcDb2dVertex
 10
-85.11310245852206
 20
2.767331496886413
 30
0.0
  0
VERTEX
  5
42F
330
354
100
AcDbEntity
  8
inside1_T
100
AcDbVertex
100
AcDb2dVertex
 10
-85.55339690409988
 20
2.777021786797746
 30
0.0
  0
VERTEX
  5
430
330
354
100
AcDbEntity
  8
inside1_T
100
AcDbVertex
100
AcDb2dVertex
 10
-85.99379524909028
 20
2.786712014217557
 30
0.0
  0
VERTEX
  5
431
330
354
100
AcDbEntity
  8
inside1_T
100
AcDbVertex
100
AcDb2dVertex
 10
-86.4340802295672
 20
2.796409719822321
 30
0.0
  0
VERTEX
  5
432
330
354
100
AcDbEntity
  8
inside1_T
100
AcDbVertex
100
AcDb2dVertex
 10
-86.87437467514502
 20
2.806100009733655
 30
0.0
  0
VERTEX
  5
433
330
354
100
AcDbEntity
  8
inside1_T
100
AcDbVertex
100
AcDb2dVertex
 10
-87.31468962544142
 20
2.815798375427633
 30
0.0
  0
VERTEX
  5
434
330
354
100
AcDbEntity
  8
inside1_T
100
AcDbVertex
100
AcDb2dVertex
 10
-87.75498265221933
 20
2.825389520495804
 30
0.0
  0
VERTEX
  5
435
330
354
100
AcDbEntity
  8
inside1_T
100
AcDbVertex
100
AcDb2dVertex
 10
-88.19537973393659
 20
2.835079720116028
 30
0.0
  0
VERTEX
  5
436
330
354
100
AcDbEntity
  8
inside1_T
100
AcDbVertex
100
AcDb2dVertex
 10
-88.63569610315841
 20
2.844671373665477
 30
0.0
  0
VERTEX
  5
437
330
354
100
AcDbEntity
  8
inside1_T
100
AcDbVertex
100
AcDb2dVertex
 10
-89.07598234684798
 20
2.854269995013638
 30
0.0
  0
VERTEX
  5
438
330
354
100
AcDbEntity
  8
inside1_T
100
AcDbVertex
100
AcDb2dVertex
 10
-89.51627679248628
 20
2.863861171025121
 30
0.0
  0
VERTEX
  5
439
330
354
100
AcDbEntity
  8
inside1_T
100
AcDbVertex
100
AcDb2dVertex
 10
-89.95667512457413
 20
2.873452284901546
 30
0.0
  0
VERTEX
  5
43A
330
354
100
AcDbEntity
  8
inside1_T
100
AcDbVertex
100
AcDb2dVertex
 10
-90.39696011789312
 20
2.883050879015471
 30
0.0
  0
VERTEX
  5
43B
330
354
100
AcDbEntity
  8
inside1_T
100
AcDbVertex
100
AcDb2dVertex
 10
-90.83728183872364
 20
2.892642649177475
 30
0.0
  0
VERTEX
  5
43C
330
354
100
AcDbEntity
  8
inside1_T
100
AcDbVertex
100
AcDb2dVertex
 10
-91.27770619580457
 20
2.902135210713482
 30
0.0
  0
VERTEX
  5
43D
330
354
100
AcDbEntity
  8
inside1_T
100
AcDbVertex
100
AcDb2dVertex
 10
-91.71796722158348
 20
2.911626552311432
 30
0.0
  0
VERTEX
  5
43E
330
354
100
AcDbEntity
  8
inside1_T
100
AcDbVertex
100
AcDb2dVertex
 10
-92.15836430330074
 20
2.921225263028859
 30
0.0
  0
VERTEX
  5
43F
330
354
100
AcDbEntity
  8
inside1_T
100
AcDbVertex
100
AcDb2dVertex
 10
-92.59868272938212
 20
2.930717842084647
 30
0.0
  0
VERTEX
  5
440
330
354
100
AcDbEntity
  8
inside1_T
100
AcDbVertex
100
AcDb2dVertex
 10
-93.03900034316763
 20
2.940210403628598
 30
0.0
  0
VERTEX
  5
441
330
354
100
AcDbEntity
  8
inside1_T
100
AcDbVertex
100
AcDb2dVertex
 10
-93.4793974248849
 20
2.94960326431476
 30
0.0
  0
VERTEX
  5
442
330
354
100
AcDbEntity
  8
inside1_T
100
AcDbVertex
100
AcDb2dVertex
 10
-93.91968776954883
 20
2.959095237978943
 30
0.0
  0
VERTEX
  5
443
330
354
100
AcDbEntity
  8
inside1_T
100
AcDbVertex
100
AcDb2dVertex
 10
-94.3600848512661
 20
2.968488098665105
 30
0.0
  0
VERTEX
  5
444
330
354
100
AcDbEntity
  8
inside1_T
100
AcDbVertex
100
AcDb2dVertex
 10
-94.80037314589919
 20
2.977980028133828
 30
0.0
  0
VERTEX
  5
445
330
354
100
AcDbEntity
  8
inside1_T
100
AcDbVertex
100
AcDb2dVertex
 10
-95.24082354188118
 20
2.987381650913505
 30
0.0
  0
VERTEX
  5
446
330
354
100
AcDbEntity
  8
inside1_T
100
AcDbVertex
100
AcDb2dVertex
 10
-95.6811159366186
 20
2.996675441895064
 30
0.0
  0
VERTEX
  5
447
330
354
100
AcDbEntity
  8
inside1_T
100
AcDbVertex
100
AcDb2dVertex
 10
-96.12148697333492
 20
3.006067747089205
 30
0.0
  0
VERTEX
  5
448
330
354
100
AcDbEntity
  8
inside1_T
100
AcDbVertex
100
AcDb2dVertex
 10
-96.56189485096075
 20
3.015461163266608
 30
0.0
  0
VERTEX
  5
449
330
354
100
AcDbEntity
  8
inside1_T
100
AcDbVertex
100
AcDb2dVertex
 10
-97.0022266629141
 20
3.024755464395071
 30
0.0
  0
VERTEX
  5
44A
330
354
100
AcDbEntity
  8
inside1_T
100
AcDbVertex
100
AcDb2dVertex
 10
-97.44260936195207
 20
3.034049230369575
 30
0.0
  0
VERTEX
  5
44B
330
354
100
AcDbEntity
  8
inside1_T
100
AcDbVertex
100
AcDb2dVertex
 10
-97.88300661672764
 20
3.04334298172985
 30
0.0
  0
VERTEX
  5
44C
330
354
100
AcDbEntity
  8
inside1_T
100
AcDbVertex
100
AcDb2dVertex
 10
-98.32332505683013
 20
3.052637322485936
 30
0.0
  0
VERTEX
  5
44D
330
354
100
AcDbEntity
  8
inside1_T
100
AcDbVertex
100
AcDb2dVertex
 10
-98.76375144581817
 20
3.061824944512296
 30
0.0
  0
VERTEX
  5
44E
330
354
100
AcDbEntity
  8
inside1_T
100
AcDbVertex
100
AcDb2dVertex
 10
-99.20414442731277
 20
3.071019493673234
 30
0.0
  0
VERTEX
  5
44F
330
354
100
AcDbEntity
  8
inside1_T
100
AcDbVertex
100
AcDb2dVertex
 10
-99.64452608966445
 20
3.080214124828657
 30
0.0
  0
VERTEX
  5
450
330
354
100
AcDbEntity
  8
inside1_T
100
AcDbVertex
100
AcDb2dVertex
 10
-100.0848154067884
 20
3.089408738102776
 30
0.0
  0
VERTEX
  5
451
330
354
100
AcDbEntity
  8
inside1_T
100
AcDbVertex
100
AcDb2dVertex
 10
-100.525240338822
 20
3.098603954296379
 30
0.0
  0
VERTEX
  5
452
330
354
100
AcDbEntity
  8
inside1_T
100
AcDbVertex
100
AcDb2dVertex
 10
-100.9656640722158
 20
3.107700026485617
 30
0.0
  0
VERTEX
  5
453
330
354
100
AcDbEntity
  8
inside1_T
100
AcDbVertex
100
AcDb2dVertex
 10
-101.4060575455241
 20
3.116788007064017
 30
0.0
  0
VERTEX
  5
454
330
354
100
AcDbEntity
  8
inside1_T
100
AcDbVertex
100
AcDb2dVertex
 10
-101.846450611575
 20
3.125883445914596
 30
0.0
  0
VERTEX
  5
455
330
354
100
AcDbEntity
  8
inside1_T
100
AcDbVertex
100
AcDb2dVertex
 10
-102.2868666788073
 20
3.134979517244147
 30
0.0
  0
VERTEX
  5
456
330
354
100
AcDbEntity
  8
inside1_T
100
AcDbVertex
100
AcDb2dVertex
 10
-102.7272658107093
 20
3.143975967899308
 30
0.0
  0
VERTEX
  5
457
330
354
100
AcDbEntity
  8
inside1_T
100
AcDbVertex
100
AcDb2dVertex
 10
-103.1676552264626
 20
3.153063864711768
 30
0.0
  0
VERTEX
  5
458
330
354
100
AcDbEntity
  8
inside1_T
100
AcDbVertex
100
AcDb2dVertex
 10
-103.6080980308095
 20
3.162061363268435
 30
0.0
  0
VERTEX
  5
459
330
354
100
AcDbEntity
  8
inside1_T
100
AcDbVertex
100
AcDb2dVertex
 10
-104.0484951125266
 20
3.170951034989272
 30
0.0
  0
VERTEX
  5
45A
330
354
100
AcDbEntity
  8
inside1_T
100
AcDbVertex
100
AcDb2dVertex
 10
-104.4888825199789
 20
3.179947401881464
 30
0.0
  0
VERTEX
  5
45B
330
354
100
AcDbEntity
  8
inside1_T
100
AcDbVertex
100
AcDb2dVertex
 10
-104.9293062959909
 20
3.18884523697956
 30
0.0
  0
VERTEX
  5
45C
330
354
100
AcDbEntity
  8
inside1_T
100
AcDbVertex
100
AcDb2dVertex
 10
-105.3697249474804
 20
3.197735498039478
 30
0.0
  0
VERTEX
  5
45D
330
354
100
AcDbEntity
  8
inside1_T
100
AcDbVertex
100
AcDb2dVertex
 10
-105.8102211421756
 20
3.206533680857532
 30
0.0
  0
VERTEX
  5
45E
330
354
100
AcDbEntity
  8
inside1_T
100
AcDbVertex
100
AcDb2dVertex
 10
-106.2506100674775
 20
3.21542334183259
 30
0.0
  0
VERTEX
  5
45F
330
354
100
AcDbEntity
  8
inside1_T
100
AcDbVertex
100
AcDb2dVertex
 10
-106.6910317931298
 20
3.224222016983234
 30
0.0
  0
VERTEX
  5
460
330
354
100
AcDbEntity
  8
inside1_T
100
AcDbVertex
100
AcDb2dVertex
 10
-107.1314524892562
 20
3.233013199307621
 30
0.0
  0
VERTEX
  5
461
330
354
100
AcDbEntity
  8
inside1_T
100
AcDbVertex
100
AcDb2dVertex
 10
-107.5719466336867
 20
3.241704604618576
 30
0.0
  0
VERTEX
  5
462
330
354
100
AcDbEntity
  8
inside1_T
100
AcDbVertex
100
AcDb2dVertex
 10
-108.012335524954
 20
3.250502776121465
 30
0.0
  0
VERTEX
  5
463
330
354
100
AcDbEntity
  8
inside1_T
100
AcDbVertex
100
AcDb2dVertex
 10
-108.4527809002691
 20
3.259195325467232
 30
0.0
  0
VERTEX
  5
464
330
354
100
AcDbEntity
  8
inside1_T
100
AcDbVertex
100
AcDb2dVertex
 10
-108.8932750446664
 20
3.26778761826084
 30
0.0
  0
VERTEX
  5
465
330
354
100
AcDbEntity
  8
inside1_T
100
AcDbVertex
100
AcDb2dVertex
 10
-109.3336645023084
 20
3.27648668810086
 30
0.0
  0
VERTEX
  5
466
330
354
100
AcDbEntity
  8
inside1_T
100
AcDbVertex
100
AcDb2dVertex
 10
-109.7741899611877
 20
3.285079591715743
 30
0.0
  0
VERTEX
  5
467
330
354
100
AcDbEntity
  8
inside1_T
100
AcDbVertex
100
AcDb2dVertex
 10
-110.2146055066804
 20
3.293672433498955
 30
0.0
  0
VERTEX
  5
468
330
354
100
AcDbEntity
  8
inside1_T
100
AcDbVertex
100
AcDb2dVertex
 10
-110.6551289091722
 20
3.302166177902009
 30
0.0
  0
VERTEX
  5
469
330
354
100
AcDbEntity
  8
inside1_T
100
AcDbVertex
100
AcDb2dVertex
 10
-111.0956174007445
 20
3.310659396186637
 30
0.0
  0
VERTEX
  5
46A
330
354
100
AcDbEntity
  8
inside1_T
100
AcDbVertex
100
AcDb2dVertex
 10
-111.5360135336766
 20
3.319152597699627
 30
0.0
  0
VERTEX
  5
46B
330
354
100
AcDbEntity
  8
inside1_T
100
AcDbVertex
100
AcDb2dVertex
 10
-111.9765276908498
 20
3.327653935391027
 30
0.0
  0
VERTEX
  5
46C
330
354
100
AcDbEntity
  8
inside1_T
100
AcDbVertex
100
AcDb2dVertex
 10
-112.4170526231651
 20
3.336048589846598
 30
0.0
  0
VERTEX
  5
46D
330
354
100
AcDbEntity
  8
inside1_T
100
AcDbVertex
100
AcDb2dVertex
 10
-112.8574702321576
 20
3.344443233262723
 30
0.0
  0
VERTEX
  5
46E
330
354
100
AcDbEntity
  8
inside1_T
100
AcDbVertex
100
AcDb2dVertex
 10
-113.2979669347872
 20
3.352730612596346
 30
0.0
  0
VERTEX
  5
46F
330
354
100
AcDbEntity
  8
inside1_T
100
AcDbVertex
100
AcDb2dVertex
 10
-113.7384534555234
 20
3.361124680363773
 30
0.0
  0
VERTEX
  5
470
330
354
100
AcDbEntity
  8
inside1_T
100
AcDbVertex
100
AcDb2dVertex
 10
-114.1790029485063
 20
3.369420677877741
 30
0.0
  0
VERTEX
  5
471
330
354
100
AcDbEntity
  8
inside1_T
100
AcDbVertex
100
AcDb2dVertex
 10
-114.6195181298835
 20
3.377617053881295
 30
0.0
  0
VERTEX
  5
472
330
354
100
AcDbEntity
  8
inside1_T
100
AcDbVertex
100
AcDb2dVertex
 10
-115.0600144008619
 20
3.385812936175327
 30
0.0
  0
VERTEX
  5
473
330
354
100
AcDbEntity
  8
inside1_T
100
AcDbVertex
100
AcDb2dVertex
 10
-115.5005105955572
 20
3.394008817050022
 30
0.0
  0
VERTEX
  5
474
330
354
100
AcDbEntity
  8
inside1_T
100
AcDbVertex
100
AcDb2dVertex
 10
-115.9410278271005
 20
3.402205231199673
 30
0.0
  0
VERTEX
  5
475
330
354
100
AcDbEntity
  8
inside1_T
100
AcDbVertex
100
AcDb2dVertex
 10
-116.3815527591469
 20
3.410294902745463
 30
0.0
  0
VERTEX
  5
476
330
354
100
AcDbEntity
  8
inside1_T
100
AcDbVertex
100
AcDb2dVertex
 10
-116.8220658916161
 20
3.418392122158508
 30
0.0
  0
VERTEX
  5
477
330
354
100
AcDbEntity
  8
inside1_T
100
AcDbVertex
100
AcDb2dVertex
 10
-117.262590823546
 20
3.426382674258178
 30
0.0
  0
VERTEX
  5
478
330
354
100
AcDbEntity
  8
inside1_T
100
AcDbVertex
100
AcDb2dVertex
 10
-118.1436851566004
 20
3.44237817392073
 30
0.0
  0
VERTEX
  5
479
330
354
100
AcDbEntity
  8
inside1_T
100
AcDbVertex
100
AcDb2dVertex
 10
-119.0247252660311
 20
3.458267744836718
 30
0.0
  0
VERTEX
  5
47A
330
354
100
AcDbEntity
  8
inside1_T
100
AcDbVertex
100
AcDb2dVertex
 10
-119.9058503806671
 20
3.47385208395302
 30
0.0
  0
VERTEX
  5
47B
330
354
100
AcDbEntity
  8
inside1_T
100
AcDbVertex
100
AcDb2dVertex
 10
-120.7869724297905
 20
3.489443993264445
 30
0.0
  0
VERTEX
  5
47C
330
354
100
AcDbEntity
  8
inside1_T
100
AcDbVertex
100
AcDb2dVertex
 10
-121.6682173659295
 20
3.504738830969018
 30
0.0
  0
VERTEX
  5
47D
330
354
100
AcDbEntity
  8
inside1_T
100
AcDbVertex
100
AcDb2dVertex
 10
-122.5493288964959
 20
3.519926465471272
 30
0.0
  0
VERTEX
  5
47E
330
354
100
AcDbEntity
  8
inside1_T
100
AcDbVertex
100
AcDb2dVertex
 10
-123.4305518603475
 20
3.535015194785956
 30
0.0
  0
VERTEX
  5
47F
330
354
100
AcDbEntity
  8
inside1_T
100
AcDbVertex
100
AcDb2dVertex
 10
-124.311689047135
 20
3.549905914597986
 30
0.0
  0
VERTEX
  5
480
330
354
100
AcDbEntity
  8
inside1_T
100
AcDbVertex
100
AcDb2dVertex
 10
-125.1929344233902
 20
3.564598420568245
 30
0.0
  0
VERTEX
  5
481
330
354
100
AcDbEntity
  8
inside1_T
100
AcDbVertex
100
AcDb2dVertex
 10
-126.0742564799295
 20
3.579084820210312
 30
0.0
  0
VERTEX
  5
482
330
354
100
AcDbEntity
  8
inside1_T
100
AcDbVertex
100
AcDb2dVertex
 10
-126.9554794529494
 20
3.593479727356595
 30
0.0
  0
VERTEX
  5
483
330
354
100
AcDbEntity
  8
inside1_T
100
AcDbVertex
100
AcDb2dVertex
 10
-127.8368234995631
 20
3.6076690058661
 30
0.0
  0
VERTEX
  5
484
330
354
100
AcDbEntity
  8
inside1_T
100
AcDbVertex
100
AcDb2dVertex
 10
-128.7180601788058
 20
3.621660036299048
 30
0.0
  0
VERTEX
  5
485
330
354
100
AcDbEntity
  8
inside1_T
100
AcDbVertex
100
AcDb2dVertex
 10
-130.0401108090467
 20
3.642345311882806
 30
0.0
  0
VERTEX
  5
486
330
354
100
AcDbEntity
  8
inside1_T
100
AcDbVertex
100
AcDb2dVertex
 10
-131.8028824857604
 20
3.669229337402456
 30
0.0
  0
VERTEX
  5
487
330
354
100
AcDbEntity
  8
inside1_T
100
AcDbVertex
100
AcDb2dVertex
 10
-133.5657535788513
 20
3.69531279368033
 30
0.0
  0
VERTEX
  5
488
330
354
100
AcDbEntity
  8
inside1_T
100
AcDbVertex
100
AcDb2dVertex
 10
-135.3286241528106
 20
3.720694787360173
 30
0.0
  0
VERTEX
  5
489
330
354
100
AcDbEntity
  8
inside1_T
100
AcDbVertex
100
AcDb2dVertex
 10
-137.0915945316476
 20
3.745283841574917
 30
0.0
  0
VERTEX
  5
48A
330
354
100
AcDbEntity
  8
inside1_T
100
AcDbVertex
100
AcDb2dVertex
 10
-138.8547696160849
 20
3.769163903691492
 30
0.0
  0
VERTEX
  5
48B
330
354
100
AcDbEntity
  8
inside1_T
100
AcDbVertex
100
AcDb2dVertex
 10
-140.6178593393543
 20
3.792151974491517
 30
0.0
  0
VERTEX
  5
48C
330
354
100
AcDbEntity
  8
inside1_T
100
AcDbVertex
100
AcDb2dVertex
 10
-142.3811269425182
 20
3.814339305474888
 30
0.0
  0
VERTEX
  5
48D
330
354
100
AcDbEntity
  8
inside1_T
100
AcDbVertex
100
AcDb2dVertex
 10
-144.144408657961
 20
3.835825260375415
 30
0.0
  0
VERTEX
  5
48E
330
354
100
AcDbEntity
  8
inside1_T
100
AcDbVertex
100
AcDb2dVertex
 10
-145.9076895599143
 20
3.856411599025677
 30
0.0
  0
VERTEX
  5
48F
330
354
100
AcDbEntity
  8
inside1_T
100
AcDbVertex
100
AcDb2dVertex
 10
-147.6711763075445
 20
3.876197357640834
 30
0.0
  0
VERTEX
  5
490
330
354
100
AcDbEntity
  8
inside1_T
100
AcDbVertex
100
AcDb2dVertex
 10
-149.4346547646223
 20
3.895083409887945
 30
0.0
  0
VERTEX
  5
491
330
354
100
AcDbEntity
  8
inside1_T
100
AcDbVertex
100
AcDb2dVertex
 10
-151.1981414301776
 20
3.913176513166789
 30
0.0
  0
VERTEX
  5
492
330
354
100
AcDbEntity
  8
inside1_T
100
AcDbVertex
100
AcDb2dVertex
 10
-152.9617271970926
 20
3.930362292506544
 30
0.0
  0
VERTEX
  5
493
330
354
100
AcDbEntity
  8
inside1_T
100
AcDbVertex
100
AcDb2dVertex
 10
-154.7253119953572
 20
3.946755178500922
 30
0.0
  0
VERTEX
  5
494
330
354
100
AcDbEntity
  8
inside1_T
100
AcDbVertex
100
AcDb2dVertex
 10
-156.489003534074
 20
3.962141617506987
 30
0.0
  0
VERTEX
  5
495
330
354
100
AcDbEntity
  8
inside1_T
100
AcDbVertex
100
AcDb2dVertex
 10
-158.252687888102
 20
3.976735038859644
 30
0.0
  0
VERTEX
  5
496
330
354
100
AcDbEntity
  8
inside1_T
100
AcDbVertex
100
AcDb2dVertex
 10
-160.0164856954335
 20
3.990428872585497
 30
0.0
  0
VERTEX
  5
497
330
354
100
AcDbEntity
  8
inside1_T
100
AcDbVertex
100
AcDb2dVertex
 10
-161.7802762781014
 20
4.003116203311691
 30
0.0
  0
VERTEX
  5
498
330
354
100
AcDbEntity
  8
inside1_T
100
AcDbVertex
100
AcDb2dVertex
 10
-163.5440663910197
 20
4.01501057269968
 30
0.0
  0
VERTEX
  5
499
330
354
100
AcDbEntity
  8
inside1_T
100
AcDbVertex
100
AcDb2dVertex
 10
-165.3079632995343
 20
4.02590616745664
 30
0.0
  0
VERTEX
  5
49A
330
354
100
AcDbEntity
  8
inside1_T
100
AcDbVertex
100
AcDb2dVertex
 10
-167.0718634627934
 20
4.035894428212316
 30
0.0
  0
VERTEX
  5
49B
330
354
100
AcDbEntity
  8
inside1_T
100
AcDbVertex
100
AcDb2dVertex
 10
-168.8357659903622
 20
4.044891519023892
 30
0.0
  0
VERTEX
  5
49C
330
354
100
AcDbEntity
  8
inside1_T
100
AcDbVertex
100
AcDb2dVertex
 10
-170.599761968911
 20
4.052889754555864
 30
0.0
  0
VERTEX
  5
49D
330
354
100
AcDbEntity
  8
inside1_T
100
AcDbVertex
100
AcDb2dVertex
 10
-172.3636583168604
 20
4.059980657217679
 30
0.0
  0
VERTEX
  5
49E
330
354
100
AcDbEntity
  8
inside1_T
100
AcDbVertex
100
AcDb2dVertex
 10
-174.1276642749745
 20
4.066080381522895
 30
0.0
  0
VERTEX
  5
49F
330
354
100
AcDbEntity
  8
inside1_T
100
AcDbVertex
100
AcDb2dVertex
 10
-175.8916731581294
 20
4.071173670770776
 30
0.0
  0
VERTEX
  5
4A0
330
354
100
AcDbEntity
  8
inside1_T
100
AcDbVertex
100
AcDb2dVertex
 10
-178.0966926505824
 20
4.076175426622498
 30
0.0
  0
VERTEX
  5
4A1
330
354
100
AcDbEntity
  8
inside1_T
100
AcDbVertex
100
AcDb2dVertex
 10
-180.301728244334
 20
4.079568404913189
 30
0.0
  0
VERTEX
  5
4A2
330
354
100
AcDbEntity
  8
inside1_T
100
AcDbVertex
100
AcDb2dVertex
 10
-182.5068868475542
 20
4.081367927489836
 30
0.0
  0
VERTEX
  5
4A3
330
354
100
AcDbEntity
  8
inside1_T
100
AcDbVertex
100
AcDb2dVertex
 10
-184.3978745968956
 20
4.079568446403698
 30
0.0
  0
SEQEND
  5
4A4
330
354
100
AcDbEntity
  8
inside1_T
  0
POLYLINE
  5
4A5
330
1F
100
AcDbEntity
  8
inside1_T
100
AcDb2dPolyline
 66
     1
 10
0.0
 20
0.0
 30
0.0
  0
VERTEX
  5
4A6
330
4A5
100
AcDbEntity
  8
inside1_T
100
AcDbVertex
100
AcDb2dVertex
 10
13.61111475347769
 20
2.30373371211455
 30
0.0
  0
VERTEX
  5
4A7
330
4A5
100
AcDbEntity
  8
inside1_T
100
AcDbVertex
100
AcDb2dVertex
 10
13.21651366115583
 20
2.312020640000057
 30
0.0
  0
VERTEX
  5
4A8
330
4A5
100
AcDbEntity
  8
inside1_T
100
AcDbVertex
100
AcDb2dVertex
 10
12.81339577188504
 20
2.320414799626477
 30
0.0
  0
VERTEX
  5
4A9
330
4A5
100
AcDbEntity
  8
inside1_T
100
AcDbVertex
100
AcDb2dVertex
 10
12.39955693703308
 20
2.32911459531087
 30
0.0
  0
VERTEX
  5
4AA
330
4A5
100
AcDbEntity
  8
inside1_T
100
AcDbVertex
100
AcDb2dVertex
 10
11.97386506743663
 20
2.338102931466423
 30
0.0
  0
VERTEX
  5
4AB
330
4A5
100
AcDbEntity
  8
inside1_T
100
AcDbVertex
100
AcDb2dVertex
 10
11.53748354738508
 20
2.347198342791444
 30
0.0
  0
VERTEX
  5
4AC
330
4A5
100
AcDbEntity
  8
inside1_T
100
AcDbVertex
100
AcDb2dVertex
 10
11.09167921017655
 20
2.356591401750279
 30
0.0
  0
VERTEX
  5
4AD
330
4A5
100
AcDbEntity
  8
inside1_T
100
AcDbVertex
100
AcDb2dVertex
 10
10.6380271264747
 20
2.366082828567897
 30
0.0
  0
VERTEX
  5
4AE
330
4A5
100
AcDbEntity
  8
inside1_T
100
AcDbVertex
100
AcDb2dVertex
 10
10.17764837097542
 20
2.375681358908921
 30
0.0
  0
VERTEX
  5
4AF
330
4A5
100
AcDbEntity
  8
inside1_T
100
AcDbVertex
100
AcDb2dVertex
 10
9.712184780035102
 20
2.385371528226699
 30
0.0
  0
VERTEX
  5
4B0
330
4A5
100
AcDbEntity
  8
inside1_T
100
AcDbVertex
100
AcDb2dVertex
 10
9.242717585037951
 20
2.395168295669166
 30
0.0
  0
VERTEX
  5
4B1
330
4A5
100
AcDbEntity
  8
inside1_T
100
AcDbVertex
100
AcDb2dVertex
 10
8.770953784113715
 20
2.404957318299836
 30
0.0
  0
VERTEX
  5
4B2
330
4A5
100
AcDbEntity
  8
inside1_T
100
AcDbVertex
100
AcDb2dVertex
 10
8.298486246724167
 20
2.414754329500539
 30
0.0
  0
VERTEX
  5
4B3
330
4A5
100
AcDbEntity
  8
inside1_T
100
AcDbVertex
100
AcDb2dVertex
 10
7.827736676515713
 20
2.424543188218991
 30
0.0
  0
VERTEX
  5
4B4
330
4A5
100
AcDbEntity
  8
inside1_T
100
AcDbVertex
100
AcDb2dVertex
 10
7.36107124926383
 20
2.434133874807955
 30
0.0
  0
VERTEX
  5
4B5
330
4A5
100
AcDbEntity
  8
inside1_T
100
AcDbVertex
100
AcDb2dVertex
 10
6.900615127158233
 20
2.443633002728475
 30
0.0
  0
VERTEX
  5
4B6
330
4A5
100
AcDbEntity
  8
inside1_T
100
AcDbVertex
100
AcDb2dVertex
 10
5.555937774215806
 20
2.471009585227904
 30
0.0
  0
VERTEX
  5
4B7
330
4A5
100
AcDbEntity
  8
inside1_T
100
AcDbVertex
100
AcDb2dVertex
 10
5.116858037804093
 20
2.479799718507124
 30
0.0
  0
VERTEX
  5
4B8
330
4A5
100
AcDbEntity
  8
inside1_T
100
AcDbVertex
100
AcDb2dVertex
 10
4.680864643740449
 20
2.488597962426084
 30
0.0
  0
VERTEX
  5
4B9
330
4A5
100
AcDbEntity
  8
inside1_T
100
AcDbVertex
100
AcDb2dVertex
 10
4.24727330729587
 20
2.497289306559338
 30
0.0
  0
VERTEX
  5
4BA
330
4A5
100
AcDbEntity
  8
inside1_T
100
AcDbVertex
100
AcDb2dVertex
 10
3.81528982642152
 20
2.505988137374999
 30
0.0
  0
VERTEX
  5
4BB
330
4A5
100
AcDbEntity
  8
inside1_T
100
AcDbVertex
100
AcDb2dVertex
 10
3.384533257377541
 20
2.514579484370245
 30
0.0
  0
VERTEX
  5
4BC
330
4A5
100
AcDbEntity
  8
inside1_T
100
AcDbVertex
100
AcDb2dVertex
 10
2.953834500872006
 20
2.523072694289297
 30
0.0
  0
VERTEX
  5
4BD
330
4A5
100
AcDbEntity
  8
inside1_T
100
AcDbVertex
100
AcDb2dVertex
 10
2.522945173734513
 20
2.531664864424187
 30
0.0
  0
VERTEX
  5
4BE
330
4A5
100
AcDbEntity
  8
inside1_T
100
AcDbVertex
100
AcDb2dVertex
 10
2.090779179833987
 20
2.540157242572107
 30
0.0
  0
VERTEX
  5
4BF
330
4A5
100
AcDbEntity
  8
inside1_T
100
AcDbVertex
100
AcDb2dVertex
 10
1.65697361275096
 20
2.548650676466622
 30
0.0
  0
VERTEX
  5
4C0
330
4A5
100
AcDbEntity
  8
inside1_T
100
AcDbVertex
100
AcDb2dVertex
 10
1.221397171063415
 20
2.557250288365367
 30
0.0
  0
VERTEX
  5
4C1
330
4A5
100
AcDbEntity
  8
inside1_T
100
AcDbVertex
100
AcDb2dVertex
 10
0.7843259616089995
 20
2.56574317738216
 30
0.0
  0
VERTEX
  5
4C2
330
4A5
100
AcDbEntity
  8
inside1_T
100
AcDbVertex
100
AcDb2dVertex
 10
0.3459384467889208
 20
2.574335273817113
 30
0.0
  0
VERTEX
  5
4C3
330
4A5
100
AcDbEntity
  8
inside1_T
100
AcDbVertex
100
AcDb2dVertex
 10
-0.0934417287333531
 20
2.582828290119366
 30
0.0
  0
VERTEX
  5
4C4
330
4A5
100
AcDbEntity
  8
inside1_T
100
AcDbVertex
100
AcDb2dVertex
 10
-0.5338304991183236
 20
2.591420460748537
 30
0.0
  0
VERTEX
  5
4C5
330
4A5
100
AcDbEntity
  8
inside1_T
100
AcDbVertex
100
AcDb2dVertex
 10
-0.9747925247725675
 20
2.599913107900775
 30
0.0
  0
VERTEX
  5
4C6
330
4A5
100
AcDbEntity
  8
inside1_T
100
AcDbVertex
100
AcDb2dVertex
 10
-1.416149033373188
 20
2.608405717644942
 30
0.0
  0
VERTEX
  5
4C7
330
4A5
100
AcDbEntity
  8
inside1_T
100
AcDbVertex
100
AcDb2dVertex
 10
-1.857734919168081
 20
2.616799813989203
 30
0.0
  0
VERTEX
  5
4C8
330
4A5
100
AcDbEntity
  8
inside1_T
100
AcDbVertex
100
AcDb2dVertex
 10
-2.299624222608429
 20
2.625300617531934
 30
0.0
  0
VERTEX
  5
4C9
330
4A5
100
AcDbEntity
  8
inside1_T
100
AcDbVertex
100
AcDb2dVertex
 10
-2.741593209274527
 20
2.633694170750942
 30
0.0
  0
VERTEX
  5
4CA
330
4A5
100
AcDbEntity
  8
inside1_T
100
AcDbVertex
100
AcDb2dVertex
 10
-3.183562286300969
 20
2.642087725686025
 30
0.0
  0
VERTEX
  5
4CB
330
4A5
100
AcDbEntity
  8
inside1_T
100
AcDbVertex
100
AcDb2dVertex
 10
-3.625622852090657
 20
2.650374550695744
 30
0.0
  0
VERTEX
  5
4CC
330
4A5
100
AcDbEntity
  8
inside1_T
100
AcDbVertex
100
AcDb2dVertex
 10
-4.067716563547322
 20
2.658669621161422
 30
0.0
  0
VERTEX
  5
4CD
330
4A5
100
AcDbEntity
  8
inside1_T
100
AcDbVertex
100
AcDb2dVertex
 10
-4.509700526246036
 20
2.666964635155679
 30
0.0
  0
VERTEX
  5
4CE
330
4A5
100
AcDbEntity
  8
inside1_T
100
AcDbVertex
100
AcDb2dVertex
 10
-4.951554206080175
 20
2.675258920931299
 30
0.0
  0
VERTEX
  5
4CF
330
4A5
100
AcDbEntity
  8
inside1_T
100
AcDbVertex
100
AcDb2dVertex
 10
-5.83479738729676
 20
2.691550616469385
 30
0.0
  0
VERTEX
  5
4D0
330
4A5
100
AcDbEntity
  8
inside1_T
100
AcDbVertex
100
AcDb2dVertex
 10
-6.717548668433722
 20
2.707736067205673
 30
0.0
  0
VERTEX
  5
4D1
330
4A5
100
AcDbEntity
  8
inside1_T
100
AcDbVertex
100
AcDb2dVertex
 10
-7.599799653094408
 20
2.723822182252121
 30
0.0
  0
VERTEX
  5
4D2
330
4A5
100
AcDbEntity
  8
inside1_T
100
AcDbVertex
100
AcDb2dVertex
 10
-8.48154745084372
 20
2.739710079418856
 30
0.0
  0
VERTEX
  5
4D3
330
4A5
100
AcDbEntity
  8
inside1_T
100
AcDbVertex
100
AcDb2dVertex
 10
-9.362791500710784
 20
2.755498857424897
 30
0.0
  0
VERTEX
  5
4D4
330
4A5
100
AcDbEntity
  8
inside1_T
100
AcDbVertex
100
AcDb2dVertex
 10
-10.24373097855374
 20
2.771089154880528
 30
0.0
  0
VERTEX
  5
4D5
330
4A5
100
AcDbEntity
  8
inside1_T
100
AcDbVertex
100
AcDb2dVertex
 10
-11.12437985359594
 20
2.786473865217246
 30
0.0
  0
VERTEX
  5
4D6
330
4A5
100
AcDbEntity
  8
inside1_T
100
AcDbVertex
100
AcDb2dVertex
 10
-12.00472348687919
 20
2.801767085581702
 30
0.0
  0
VERTEX
  5
4D7
330
4A5
100
AcDbEntity
  8
inside1_T
100
AcDbVertex
100
AcDb2dVertex
 10
-12.88485426197286
 20
2.816854214019713
 30
0.0
  0
VERTEX
  5
4D8
330
4A5
100
AcDbEntity
  8
inside1_T
100
AcDbVertex
100
AcDb2dVertex
 10
-13.76480115656415
 20
2.831743371070672
 30
0.0
  0
VERTEX
  5
4D9
330
4A5
100
AcDbEntity
  8
inside1_T
100
AcDbVertex
100
AcDb2dVertex
 10
-14.64454936150383
 20
2.846533411605733
 30
0.0
  0
VERTEX
  5
4DA
330
4A5
100
AcDbEntity
  8
inside1_T
100
AcDbVertex
100
AcDb2dVertex
 10
-15.5242827438579
 20
2.861124989249902
 30
0.0
  0
VERTEX
  5
4DB
330
4A5
100
AcDbEntity
  8
inside1_T
100
AcDbVertex
100
AcDb2dVertex
 10
-16.40402970332622
 20
2.875510951610096
 30
0.0
  0
VERTEX
  5
4DC
330
4A5
100
AcDbEntity
  8
inside1_T
100
AcDbVertex
100
AcDb2dVertex
 10
-17.28367071853773
 20
2.88979781838745
 30
0.0
  0
VERTEX
  5
4DD
330
4A5
100
AcDbEntity
  8
inside1_T
100
AcDbVertex
100
AcDb2dVertex
 10
-18.16340447109798
 20
2.903886244110467
 30
0.0
  0
VERTEX
  5
4DE
330
4A5
100
AcDbEntity
  8
inside1_T
100
AcDbVertex
100
AcDb2dVertex
 10
-19.04334065496852
 20
2.917776522627662
 30
0.0
  0
VERTEX
  5
4DF
330
4A5
100
AcDbEntity
  8
inside1_T
100
AcDbVertex
100
AcDb2dVertex
 10
-20.36335105720769
 20
2.938360469620633
 30
0.0
  0
VERTEX
  5
4E0
330
4A5
100
AcDbEntity
  8
inside1_T
100
AcDbVertex
100
AcDb2dVertex
 10
-21.68375298312532
 20
2.958448802481243
 30
0.0
  0
VERTEX
  5
4E1
330
4A5
100
AcDbEntity
  8
inside1_T
100
AcDbVertex
100
AcDb2dVertex
 10
-23.00436856445828
 20
2.978232192004526
 30
0.0
  0
VERTEX
  5
4E2
330
4A5
100
AcDbEntity
  8
inside1_T
100
AcDbVertex
100
AcDb2dVertex
 10
-24.32526515146066
 20
2.997519916893239
 30
0.0
  0
VERTEX
  5
4E3
330
4A5
100
AcDbEntity
  8
inside1_T
100
AcDbVertex
100
AcDb2dVertex
 10
-25.64626212359923
 20
3.016403717881175
 30
0.0
  0
VERTEX
  5
4E4
330
4A5
100
AcDbEntity
  8
inside1_T
100
AcDbVertex
100
AcDb2dVertex
 10
-26.96755492803942
 20
3.03489096112915
 30
0.0
  0
VERTEX
  5
4E5
330
4A5
100
AcDbEntity
  8
inside1_T
100
AcDbVertex
100
AcDb2dVertex
 10
-28.28915296613997
 20
3.052875050355254
 30
0.0
  0
VERTEX
  5
4E6
330
4A5
100
AcDbEntity
  8
inside1_T
100
AcDbVertex
100
AcDb2dVertex
 10
-29.61086758622656
 20
3.070462843102206
 30
0.0
  0
VERTEX
  5
4E7
330
4A5
100
AcDbEntity
  8
inside1_T
100
AcDbVertex
100
AcDb2dVertex
 10
-30.93266335344498
 20
3.087654070882934
 30
0.0
  0
VERTEX
  5
4E8
330
4A5
100
AcDbEntity
  8
inside1_T
100
AcDbVertex
100
AcDb2dVertex
 10
-32.25465802534774
 20
3.104334525891488
 30
0.0
  0
VERTEX
  5
4E9
330
4A5
100
AcDbEntity
  8
inside1_T
100
AcDbVertex
100
AcDb2dVertex
 10
-33.57676015537874
 20
3.120626185841644
 30
0.0
  0
VERTEX
  5
4EA
330
4A5
100
AcDbEntity
  8
inside1_T
100
AcDbVertex
100
AcDb2dVertex
 10
-34.8990351259252
 20
3.136414566455798
 30
0.0
  0
VERTEX
  5
4EB
330
4A5
100
AcDbEntity
  8
inside1_T
100
AcDbVertex
100
AcDb2dVertex
 10
-36.22133490895914
 20
3.151699903069556
 30
0.0
  0
VERTEX
  5
4EC
330
4A5
100
AcDbEntity
  8
inside1_T
100
AcDbVertex
100
AcDb2dVertex
 10
-37.54383362302298
 20
3.166588820074793
 30
0.0
  0
VERTEX
  5
4ED
330
4A5
100
AcDbEntity
  8
inside1_T
100
AcDbVertex
100
AcDb2dVertex
 10
-38.86632297971943
 20
3.180982100367189
 30
0.0
  0
VERTEX
  5
4EE
330
4A5
100
AcDbEntity
  8
inside1_T
100
AcDbVertex
100
AcDb2dVertex
 10
-40.18881156940671
 20
3.194872217678196
 30
0.0
  0
VERTEX
  5
4EF
330
4A5
100
AcDbEntity
  8
inside1_T
100
AcDbVertex
100
AcDb2dVertex
 10
-41.51138353387051
 20
3.208259098288721
 30
0.0
  0
VERTEX
  5
4F0
330
4A5
100
AcDbEntity
  8
inside1_T
100
AcDbVertex
100
AcDb2dVertex
 10
-42.83387288077284
 20
3.221051430996241
 30
0.0
  0
VERTEX
  5
4F1
330
4A5
100
AcDbEntity
  8
inside1_T
100
AcDbVertex
100
AcDb2dVertex
 10
-44.15647777579267
 20
3.233439797652181
 30
0.0
  0
VERTEX
  5
4F2
330
4A5
100
AcDbEntity
  8
inside1_T
100
AcDbVertex
100
AcDb2dVertex
 10
-45.47905208442882
 20
3.245332491710911
 30
0.0
  0
VERTEX
  5
4F3
330
4A5
100
AcDbEntity
  8
inside1_T
100
AcDbVertex
100
AcDb2dVertex
 10
-47.2422900000725
 20
3.260419386237515
 30
0.0
  0
VERTEX
  5
4F4
330
4A5
100
AcDbEntity
  8
inside1_T
100
AcDbVertex
100
AcDb2dVertex
 10
-49.88716423950751
 20
3.281201227096872
 30
0.0
  0
VERTEX
  5
4F5
330
4A5
100
AcDbEntity
  8
inside1_T
100
AcDbVertex
100
AcDb2dVertex
 10
-52.53182916575616
 20
3.299886508884072
 30
0.0
  0
VERTEX
  5
4F6
330
4A5
100
AcDbEntity
  8
inside1_T
100
AcDbVertex
100
AcDb2dVertex
 10
-55.17639779693587
 20
3.316475288637804
 30
0.0
  0
VERTEX
  5
4F7
330
4A5
100
AcDbEntity
  8
inside1_T
100
AcDbVertex
100
AcDb2dVertex
 10
-57.82074883426782
 20
3.330860848584081
 30
0.0
  0
VERTEX
  5
4F8
330
4A5
100
AcDbEntity
  8
inside1_T
100
AcDbVertex
100
AcDb2dVertex
 10
-60.46500797518189
 20
3.343058459769878
 30
0.0
  0
VERTEX
  5
4F9
330
4A5
100
AcDbEntity
  8
inside1_T
100
AcDbVertex
100
AcDb2dVertex
 10
-63.10926709174015
 20
3.353045253836271
 30
0.0
  0
VERTEX
  5
4FA
330
4A5
100
AcDbEntity
  8
inside1_T
100
AcDbVertex
100
AcDb2dVertex
 10
-65.75352655839134
 20
3.360844102448894
 30
0.0
  0
VERTEX
  5
4FB
330
4A5
100
AcDbEntity
  8
inside1_T
100
AcDbVertex
100
AcDb2dVertex
 10
-68.39766971568025
 20
3.366439736995616
 30
0.0
  0
VERTEX
  5
4FC
330
4A5
100
AcDbEntity
  8
inside1_T
100
AcDbVertex
100
AcDb2dVertex
 10
-71.04182871054587
 20
3.369633975958507
 30
0.0
  0
VERTEX
  5
4FD
330
4A5
100
AcDbEntity
  8
inside1_T
100
AcDbVertex
100
AcDb2dVertex
 10
-73.67064967627135
 20
3.37063267542986
 30
0.0
  0
VERTEX
  5
4FE
330
4A5
100
AcDbEntity
  8
inside1_T
100
AcDbVertex
100
AcDb2dVertex
 10
-73.68599004146523
 20
3.370632675429874
 30
0.0
  0
SEQEND
  5
4FF
330
4A5
100
AcDbEntity
  8
inside1_T
  0
ENDSEC
  0
SECTION
  2
OBJECTS
  0
DICTIONARY
  5
C
330
0
100
AcDbDictionary
281
     1
  3
ACAD_DETAILVIEWSTYLE
350
53B
  3
ACAD_GROUP
350
D
  3
ACAD_LAYOUT
350
1A
  3
ACAD_MATERIAL
350
43
  3
ACAD_MLEADERSTYLE
350
5B
  3
ACAD_MLINESTYLE
350
17
  3
ACAD_PLOTSETTINGS
350
19
  3
ACAD_PLOTSTYLENAME
350
E
  3
ACAD_SCALELIST
350
47
  3
ACAD_SECTIONVIEWSTYLE
350
53C
  3
ACAD_TABLESTYLE
350
59
  3
ACAD_VISUALSTYLE
350
2A
  3
AcDbVariableDictionary
350
500
  3
ACDB_RECOMPOSE_DATA
350
538
  0
SUN
  5
5D
330
29
100
AcDbSun
 90
        1
290
     0
 63
     7
421
 16777215
 40
1.0
291
     1
 91
  2455826
 92
 54000000
292
     0
 70
     2
 71
   256
280
     1
  0
DICTIONARY
  5
53B
102
{ACAD_REACTORS
330
C
102
}
330
C
100
AcDbDictionary
281
     1
  0
DICTIONARY
  5
D
102
{ACAD_REACTORS
330
C
102
}
330
C
100
AcDbDictionary
281
     1
  0
DICTIONARY
  5
1A
102
{ACAD_REACTORS
330
C
102
}
330
C
100
AcDbDictionary
281
     1
  3
Layout1
350
1E
  3
Layout2
350
26
  3
Model
350
22
  0
DICTIONARY
  5
43
102
{ACAD_REACTORS
330
C
102
}
330
C
100
AcDbDictionary
281
     1
  3
ByBlock
350
45
  3
ByLayer
350
44
  3
Global
350
46
  0
DICTIONARY
  5
5B
102
{ACAD_REACTORS
330
C
102
}
330
C
100
AcDbDictionary
281
     1
  3
Standard
350
5C
  0
DICTIONARY
  5
17
102
{ACAD_REACTORS
330
C
102
}
330
C
100
AcDbDictionary
281
     1
  3
Standard
350
18
  0
DICTIONARY
  5
19
102
{ACAD_REACTORS
330
C
102
}
330
C
100
AcDbDictionary
281
     1
  0
ACDBDICTIONARYWDFLT
  5
E
102
{ACAD_REACTORS
330
C
102
}
330
C
100
AcDbDictionary
281
     1
  3
Normal
350
F
100
AcDbDictionaryWithDefault
340
F
  0
DICTIONARY
  5
47
102
{ACAD_REACTORS
330
C
102
}
330
C
100
AcDbDictionary
281
     1
  3
A0
350
48
  3
A1
350
49
  3
A2
350
4A
  3
A3
350
4B
  3
A4
350
4C
  3
A5
350
4D
  3
A6
350
4E
  3
A7
350
4F
  3
A8
350
50
  3
A9
350
51
  3
B1
350
52
  3
B2
350
53
  3
B3
350
54
  3
B4
350
55
  3
B5
350
56
  3
B6
350
57
  3
B7
350
58
  0
DICTIONARY
  5
53C
102
{ACAD_REACTORS
330
C
102
}
330
C
100
AcDbDictionary
281
     1
  0
DICTIONARY
  5
59
102
{ACAD_REACTORS
330
C
102
}
330
C
100
AcDbDictionary
281
     1
  3
Standard
350
5A
  0
DICTIONARY
  5
2A
102
{ACAD_REACTORS
330
C
102
}
330
C
100
AcDbDictionary
281
     1
  3
2dWireframe
350
2F
  3
Basic
350
32
  3
Brighten
350
36
  3
ColorChange
350
3A
  3
Conceptual
350
34
  3
Dim
350
35
  3
EdgeColorOff
350
3D
  3
Facepattern
350
39
  3
Flat
350
2B
  3
FlatWithEdges
350
2C
  3
Gouraud
350
2D
  3
GouraudWithEdges
350
2E
  3
Hidden
350
31
  3
JitterOff
350
3B
  3
Linepattern
350
38
  3
OverhangOff
350
3C
  3
Realistic
350
33
  3
Shaded
350
42
  3
Shaded with edges
350
41
  3
Shades of Gray
350
3E
  3
Sketchy
350
3F
  3
Thicken
350
37
  3
Wireframe
350
30
  3
X-Ray
350
40
  0
DICTIONARY
  5
500
102
{ACAD_REACTORS
330
C
102
}
330
C
100
AcDbDictionary
281
     1
  3
CANNOSCALE
350
501
  3
CMLEADERSTYLE
350
53A
  3
CTABLESTYLE
350
539
  3
XCLIPFRAME
350
502
  0
XRECORD
  5
538
102
{ACAD_REACTORS
330
C
102
}
330
C
100
AcDbXrecord
280
     1
 90
        1
330
5A
  0
LAYOUT
  5
1E
102
{ACAD_REACTORS
330
1A
102
}
330
1A
100
AcDbPlotSettings
  1

  2
none_device
  4

  6

 40
0.0
 41
0.0
 42
0.0
 43
0.0
 44
0.0
 45
0.0
 46
0.0
 47
0.0
 48
0.0
 49
0.0
140
0.0
141
0.0
142
1.0
143
1.0
 70
   688
 72
     0
 73
     0
 74
     5
  7

 75
    16
 76
     0
 77
     2
 78
   300
147
1.0
148
0.0
149
0.0
100
AcDbLayout
  1
Layout1
 70
     1
 71
     1
 10
0.0
 20
0.0
 11
12.0
 21
9.0
 12
0.0
 22
0.0
 32
0.0
 14
1.000000000000000E+20
 24
1.000000000000000E+20
 34
1.000000000000000E+20
 15
-1.000000000000000E+20
 25
-1.000000000000000E+20
 35
-1.000000000000000E+20
146
0.0
 13
0.0
 23
0.0
 33
0.0
 16
1.0
 26
0.0
 36
0.0
 17
0.0
 27
1.0
 37
0.0
 76
     0
330
1B
  0
LAYOUT
  5
26
102
{ACAD_REACTORS
330
1A
102
}
330
1A
100
AcDbPlotSettings
  1

  2
none_device
  4

  6

 40
0.0
 41
0.0
 42
0.0
 43
0.0
 44
0.0
 45
0.0
 46
0.0
 47
0.0
 48
0.0
 49
0.0
140
0.0
141
0.0
142
1.0
143
1.0
 70
   688
 72
     0
 73
     0
 74
     5
  7

 75
    16
 76
     0
 77
     2
 78
   300
147
1.0
148
0.0
149
0.0
100
AcDbLayout
  1
Layout2
 70
     1
 71
     2
 10
0.0
 20
0.0
 11
0.0
 21
0.0
 12
0.0
 22
0.0
 32
0.0
 14
0.0
 24
0.0
 34
0.0
 15
0.0
 25
0.0
 35
0.0
146
0.0
 13
0.0
 23
0.0
 33
0.0
 16
1.0
 26
0.0
 36
0.0
 17
0.0
 27
1.0
 37
0.0
 76
     0
330
23
  0
LAYOUT
  5
22
102
{ACAD_REACTORS
330
1A
102
}
330
1A
100
AcDbPlotSettings
  1

  2
none_device
  4
Letter_(8.50_x_11.00_Inches)
  6

 40
6.35
 41
6.35
 42
6.35000508
 43
6.35000508
 44
215.9
 45
279.4
 46
0.0
 47
0.0
 48
0.0
 49
0.0
140
0.0
141
0.0
142
1.0
143
1.0
 70
  1712
 72
     0
 73
     0
 74
     0
  7

 75
     0
 76
     0
 77
     2
 78
   300
147
1.0
148
0.0
149
0.0
100
AcDbLayout
  1
Model
 70
     1
 71
     0
 10
0.0
 20
0.0
 11
12.0
 21
9.0
 12
0.0
 22
0.0
 32
0.0
 14
-401.5256619195378
 24
-5.155652200788111
 34
0.0
 15
57.68305113999799
 25
6.696078874912651
 35
0.0
146
0.0
 13
0.0
 23
0.0
 33
0.0
 16
1.0
 26
0.0
 36
0.0
 17
0.0
 27
1.0
 37
0.0
 76
     0
330
1F
331
29
  0
MATERIAL
  5
45
102
{ACAD_REACTORS
330
43
102
}
330
43
100
AcDbMaterial
  1
ByBlock
 72
     1
 94
      127
  0
MATERIAL
  5
44
102
{ACAD_REACTORS
330
43
102
}
330
43
100
AcDbMaterial
  1
ByLayer
 72
     1
 94
      127
  0
MATERIAL
  5
46
102
{ACAD_REACTORS
330
43
102
}
330
43
100
AcDbMaterial
  1
Global
 72
     1
 94
      127
  0
MLEADERSTYLE
  5
5C
102
{ACAD_REACTORS
330
5B
102
}
102
{ACAD_XDICTIONARY
360
536
102
}
330
5B
100
AcDbMLeaderStyle
170
     2
171
     1
172
     0
 90
        2
 40
0.0
 41
0.0
173
     1
 91
-1056964608
340
14
 92
       -2
290
     1
 42
0.09
291
     1
 43
0.36
  3
Standard
341
0
 44
0.18
300

342
11
174
     1
178
     6
175
     1
176
     0
 93
-1056964608
 45
0.18
292
     0
297
     0
 46
0.18
343
0
 94
-1056964608
 47
1.0
 49
1.0
140
1.0
293
     1
141
0.0
294
     1
177
     0
142
1.0
295
     0
296
     0
143
0.125
1001
ACAD_MLEADERVER
1070
     2
  0
MLINESTYLE
  5
18
102
{ACAD_REACTORS
330
17
102
}
330
17
100
AcDbMlineStyle
  2
Standard
 70
     0
  3

 62
   256
 51
90.0
 52
90.0
 71
     2
 49
0.5
 62
   256
  6
BYLAYER
 49
-0.5
 62
   256
  6
BYLAYER
  0
ACDBPLACEHOLDER
  5
F
102
{ACAD_REACTORS
330
E
102
}
330
E
  0
SCALE
  5
48
102
{ACAD_REACTORS
330
47
102
}
330
47
100
AcDbScale
 70
     0
300
1:1
140
1.0
141
1.0
290
     1
  0
SCALE
  5
49
102
{ACAD_REACTORS
330
47
102
}
330
47
100
AcDbScale
 70
     0
300
1/128" = 1'-0"
140
0.0078125
141
12.0
290
     0
  0
SCALE
  5
4A
102
{ACAD_REACTORS
330
47
102
}
330
47
100
AcDbScale
 70
     0
300
1/64" = 1'-0"
140
0.015625
141
12.0
290
     0
  0
SCALE
  5
4B
102
{ACAD_REACTORS
330
47
102
}
330
47
100
AcDbScale
 70
     0
300
1/32" = 1'-0"
140
0.03125
141
12.0
290
     0
  0
SCALE
  5
4C
102
{ACAD_REACTORS
330
47
102
}
330
47
100
AcDbScale
 70
     0
300
1/16" = 1'-0"
140
0.0625
141
12.0
290
     0
  0
SCALE
  5
4D
102
{ACAD_REACTORS
330
47
102
}
330
47
100
AcDbScale
 70
     0
300
3/32" = 1'-0"
140
0.09375
141
12.0
290
     0
  0
SCALE
  5
4E
102
{ACAD_REACTORS
330
47
102
}
330
47
100
AcDbScale
 70
     0
300
1/8" = 1'-0"
140
0.125
141
12.0
290
     0
  0
SCALE
  5
4F
102
{ACAD_REACTORS
330
47
102
}
330
47
100
AcDbScale
 70
     0
300
3/16" = 1'-0"
140
0.1875
141
12.0
290
     0
  0
SCALE
  5
50
102
{ACAD_REACTORS
330
47
102
}
330
47
100
AcDbScale
 70
     0
300
1/4" = 1'-0"
140
0.25
141
12.0
290
     0
  0
SCALE
  5
51
102
{ACAD_REACTORS
330
47
102
}
330
47
100
AcDbScale
 70
     0
300
3/8" = 1'-0"
140
0.375
141
12.0
290
     0
  0
SCALE
  5
52
102
{ACAD_REACTORS
330
47
102
}
330
47
100
AcDbScale
 70
     0
300
1/2" = 1'-0"
140
0.5
141
12.0
290
     0
  0
SCALE
  5
53
102
{ACAD_REACTORS
330
47
102
}
330
47
100
AcDbScale
 70
     0
300
3/4" = 1'-0"
140
0.75
141
12.0
290
     0
  0
SCALE
  5
54
102
{ACAD_REACTORS
330
47
102
}
330
47
100
AcDbScale
 70
     0
300
1" = 1'-0"
140
1.0
141
12.0
290
     0
  0
SCALE
  5
55
102
{ACAD_REACTORS
330
47
102
}
330
47
100
AcDbScale
 70
     0
300
1-1/2" = 1'-0"
140
1.5
141
12.0
290
     0
  0
SCALE
  5
56
102
{ACAD_REACTORS
330
47
102
}
330
47
100
AcDbScale
 70
     0
300
3" = 1'-0"
140
3.0
141
12.0
290
     0
  0
SCALE
  5
57
102
{ACAD_REACTORS
330
47
102
}
330
47
100
AcDbScale
 70
     0
300
6" = 1'-0"
140
6.0
141
12.0
290
     0
  0
SCALE
  5
58
102
{ACAD_REACTORS
330
47
102
}
330
47
100
AcDbScale
 70
     0
300
1'-0" = 1'-0"
140
12.0
141
12.0
290
     0
  0
TABLESTYLE
  5
5A
102
{ACAD_REACTORS
330
59
102
}
102
{ACAD_XDICTIONARY
360
533
102
}
330
59
100
AcDbTableStyle
  3
Standard
 70
     0
 71
     0
 40
0.06
 41
0.06
280
     0
281
     0
  7
Standard
140
0.18
170
     2
 62
     0
 63
   257
283
     0
 90
        4
 91
        0
  1

274
    -2
284
     1
 64
     0
275
    -2
285
     1
 65
     0
276
    -2
286
     1
 66
     0
277
    -2
287
     1
 67
     0
278
    -2
288
     1
 68
     0
279
    -2
289
     1
 69
     0
  7
Standard
140
0.25
170
     5
 62
     0
 63
   257
283
     0
 90
        4
 91
        0
  1

274
    -2
284
     1
 64
     0
275
    -2
285
     1
 65
     0
276
    -2
286
     1
 66
     0
277
    -2
287
     1
 67
     0
278
    -2
288
     1
 68
     0
279
    -2
289
     1
 69
     0
  7
Standard
140
0.18
170
     5
 62
     0
 63
   257
283
     0
 90
        4
 91
        0
  1

274
    -2
284
     1
 64
     0
275
    -2
285
     1
 65
     0
276
    -2
286
     1
 66
     0
277
    -2
287
     1
 67
     0
278
    -2
288
     1
 68
     0
279
    -2
289
     1
 69
     0
  0
VISUALSTYLE
  5
2F
102
{ACAD_REACTORS
330
2A
102
}
102
{ACAD_XDICTIONARY
360
50B
102
}
330
2A
100
AcDbVisualStyle
  2
2dWireframe
 70
     4
 71
     0
 72
     2
 73
     0
 90
        0
 40
0.6
 41
30.0
 62
     5
 63
     7
421
 16777215
 74
     1
 91
        4
 64
     7
 65
   257
 75
     1
175
     1
 42
1.0
 92
        0
 66
   257
 43
1.0
 76
     1
 77
     6
 78
     2
 67
     7
 79
     5
170
     0
171
     0
290
     0
174
     0
 93
        1
 44
0.0
173
     0
291
     0
 45
0.0
  0
VISUALSTYLE
  5
32
102
{ACAD_REACTORS
330
2A
102
}
102
{ACAD_XDICTIONARY
360
511
102
}
330
2A
100
AcDbVisualStyle
  2
Basic
 70
     7
 71
     1
 72
     0
 73
     1
 90
        0
 40
0.6
 41
30.0
 62
     5
 63
     7
421
 16777215
 74
     0
 91
        4
 64
     7
 65
   257
 75
     1
175
     1
 42
1.0
 92
        8
 66
     7
 43
1.0
 76
     1
 77
     6
 78
     2
 67
     7
 79
     5
170
     0
171
     0
290
     0
174
     0
 93
        1
 44
0.0
173
     0
291
     1
 45
0.0
  0
VISUALSTYLE
  5
36
102
{ACAD_REACTORS
330
2A
102
}
102
{ACAD_XDICTIONARY
360
519
102
}
330
2A
100
AcDbVisualStyle
  2
Brighten
 70
    12
 71
     2
 72
     2
 73
     0
 90
        0
 40
0.6
 41
30.0
 62
     5
 63
     7
421
 16777215
 74
     1
 91
        4
 64
     7
 65
   257
 75
     1
175
     1
 42
1.0
 92
        8
 66
     7
 43
1.0
 76
     1
 77
     6
 78
     2
 67
     7
 79
     5
170
     0
171
     0
290
     0
174
     0
 93
        1
 44
50.0
173
     0
291
     1
 45
0.0
  0
VISUALSTYLE
  5
3A
102
{ACAD_REACTORS
330
2A
102
}
102
{ACAD_XDICTIONARY
360
521
102
}
330
2A
100
AcDbVisualStyle
  2
ColorChange
 70
    16
 71
     2
 72
     2
 73
     3
 90
        0
 40
0.6
 41
30.0
 62
     5
 63
     8
421
  8421504
 74
     1
 91
        4
 64
     7
 65
   257
 75
     1
175
     1
 42
1.0
 92
        8
 66
     8
424
  8421504
 43
1.0
 76
     1
 77
     6
 78
     2
 67
     7
 79
     5
170
     0
171
     0
290
     0
174
     0
 93
        1
 44
0.0
173
     0
291
     1
 45
0.0
  0
VISUALSTYLE
  5
34
102
{ACAD_REACTORS
330
2A
102
}
102
{ACAD_XDICTIONARY
360
515
102
}
330
2A
100
AcDbVisualStyle
  2
Conceptual
 70
     9
 71
     3
 72
     2
 73
     0
 90
        0
 40
0.6
 41
30.0
 62
     5
 63
     7
421
 16777215
 74
     2
 91
        2
 64
     7
 65
   257
 75
     1
175
     1
 42
179.0
 92
        8
 66
     7
 43
1.0
 76
     1
 77
     6
 78
     2
 67
     7
 79
     3
170
     0
171
     0
290
     0
174
     0
 93
        1
 44
0.0
173
     0
291
     0
 45
0.0
  0
VISUALSTYLE
  5
35
102
{ACAD_REACTORS
330
2A
102
}
102
{ACAD_XDICTIONARY
360
517
102
}
330
2A
100
AcDbVisualStyle
  2
Dim
 70
    11
 71
     2
 72
     2
 73
     0
 90
        0
 40
0.6
 41
30.0
 62
     5
 63
     7
421
 16777215
 74
     1
 91
        4
 64
     7
 65
   257
 75
     1
175
     1
 42
1.0
 92
        8
 66
     7
 43
1.0
 76
     1
 77
     6
 78
     2
 67
     7
 79
     5
170
     0
171
     0
290
     0
174
     0
 93
        1
 44
-50.0
173
     0
291
     1
 45
0.0
  0
VISUALSTYLE
  5
3D
102
{ACAD_REACTORS
330
2A
102
}
102
{ACAD_XDICTIONARY
360
527
102
}
330
2A
100
AcDbVisualStyle
  2
EdgeColorOff
 70
    22
 71
     2
 72
     2
 73
     0
 90
        0
 40
0.6
 41
30.0
 62
     5
 63
     7
421
 16777215
 74
     1
 91
        4
 64
     7
 65
   257
 75
     1
175
     1
 42
1.0
 92
        8
 66
     7
 43
1.0
 76
     1
 77
     6
 78
     2
 67
     7
 79
     5
170
     0
171
     0
290
     0
174
     0
 93
        1
 44
0.0
173
     0
291
     1
 45
0.0
  0
VISUALSTYLE
  5
39
102
{ACAD_REACTORS
330
2A
102
}
102
{ACAD_XDICTIONARY
360
51F
102
}
330
2A
100
AcDbVisualStyle
  2
Facepattern
 70
    15
 71
     2
 72
     2
 73
     0
 90
        0
 40
0.6
 41
30.0
 62
     5
 63
     7
421
 16777215
 74
     1
 91
        4
 64
     7
 65
   257
 75
     1
175
     1
 42
1.0
 92
        8
 66
     7
 43
1.0
 76
     1
 77
     6
 78
     2
 67
     7
 79
     5
170
     0
171
     0
290
     0
174
     0
 93
        1
 44
0.0
173
     0
291
     1
 45
0.0
  0
VISUALSTYLE
  5
2B
102
{ACAD_REACTORS
330
2A
102
}
102
{ACAD_XDICTIONARY
360
503
102
}
330
2A
100
AcDbVisualStyle
  2
Flat
 70
     0
 71
     2
 72
     1
 73
     1
 90
        2
 40
0.6
 41
30.0
 62
     5
 63
     7
421
 16777215
 74
     0
 91
        0
 64
     7
 65
   257
 75
     1
175
     1
 42
1.0
 92
        8
 66
     7
 43
1.0
 76
     1
 77
     6
 78
     2
 67
     7
 79
     5
170
     0
171
     0
290
     0
174
     0
 93
       13
 44
0.0
173
     0
291
     1
 45
0.0
  0
VISUALSTYLE
  5
2C
102
{ACAD_REACTORS
330
2A
102
}
102
{ACAD_XDICTIONARY
360
505
102
}
330
2A
100
AcDbVisualStyle
  2
FlatWithEdges
 70
     1
 71
     2
 72
     1
 73
     1
 90
        2
 40
0.6
 41
30.0
 62
     5
 63
     7
421
 16777215
 74
     1
 91
        0
 64
     7
 65
   257
 75
     1
175
     1
 42
1.0
 92
        0
 66
   257
 43
1.0
 76
     1
 77
     6
 78
     2
 67
     7
 79
     5
170
     0
171
     0
290
     0
174
     0
 93
       13
 44
0.0
173
     0
291
     1
 45
0.0
  0
VISUALSTYLE
  5
2D
102
{ACAD_REACTORS
330
2A
102
}
102
{ACAD_XDICTIONARY
360
507
102
}
330
2A
100
AcDbVisualStyle
  2
Gouraud
 70
     2
 71
     2
 72
     2
 73
     1
 90
        2
 40
0.6
 41
30.0
 62
     5
 63
     7
421
 16777215
 74
     0
 91
        0
 64
     7
 65
   257
 75
     1
175
     1
 42
1.0
 92
        0
 66
     7
 43
1.0
 76
     1
 77
     6
 78
     2
 67
     7
 79
     5
170
     0
171
     0
290
     0
174
     0
 93
       13
 44
0.0
173
     0
291
     1
 45
0.0
  0
VISUALSTYLE
  5
2E
102
{ACAD_REACTORS
330
2A
102
}
102
{ACAD_XDICTIONARY
360
509
102
}
330
2A
100
AcDbVisualStyle
  2
GouraudWithEdges
 70
     3
 71
     2
 72
     2
 73
     1
 90
        2
 40
0.6
 41
30.0
 62
     5
 63
     7
421
 16777215
 74
     1
 91
        0
 64
     7
 65
   257
 75
     1
175
     1
 42
1.0
 92
        0
 66
   257
 43
1.0
 76
     1
 77
     6
 78
     2
 67
     7
 79
     5
170
     0
171
     0
290
     0
174
     0
 93
       13
 44
0.0
173
     0
291
     1
 45
0.0
  0
VISUALSTYLE
  5
31
102
{ACAD_REACTORS
330
2A
102
}
102
{ACAD_XDICTIONARY
360
50F
102
}
330
2A
100
AcDbVisualStyle
  2
Hidden
 70
     6
 71
     1
 72
     2
 73
     2
 90
        0
 40
0.6
 41
30.0
 62
     5
 63
     7
421
 16777215
 74
     2
 91
        2
 64
     7
 65
   257
 75
     2
175
     1
 42
40.0
 92
        0
 66
   257
 43
1.0
 76
     1
 77
     6
 78
     2
 67
     7
 79
     3
170
     0
171
     0
290
     0
174
     0
 93
        1
 44
0.0
173
     0
291
     0
 45
0.0
  0
VISUALSTYLE
  5
3B
102
{ACAD_REACTORS
330
2A
102
}
102
{ACAD_XDICTIONARY
360
523
102
}
330
2A
100
AcDbVisualStyle
  2
JitterOff
 70
    20
 71
     2
 72
     2
 73
     0
 90
        0
 40
0.6
 41
30.0
 62
     5
 63
     7
421
 16777215
 74
     1
 91
        4
 64
     7
 65
   257
 75
     1
175
     1
 42
1.0
 92
       10
 66
     7
 43
1.0
 76
     1
 77
     6
 78
     2
 67
     7
 79
     5
170
     0
171
     0
290
     0
174
     0
 93
        1
 44
0.0
173
     0
291
     1
 45
0.0
  0
VISUALSTYLE
  5
38
102
{ACAD_REACTORS
330
2A
102
}
102
{ACAD_XDICTIONARY
360
51D
102
}
330
2A
100
AcDbVisualStyle
  2
Linepattern
 70
    14
 71
     2
 72
     2
 73
     0
 90
        0
 40
0.6
 41
30.0
 62
     5
 63
     7
421
 16777215
 74
     1
 91
        4
 64
     7
 65
   257
 75
     7
175
     7
 42
1.0
 92
        8
 66
     7
 43
1.0
 76
     1
 77
     6
 78
     2
 67
     7
 79
     5
170
     0
171
     0
290
     0
174
     0
 93
        1
 44
0.0
173
     0
291
     1
 45
0.0
  0
VISUALSTYLE
  5
3C
102
{ACAD_REACTORS
330
2A
102
}
102
{ACAD_XDICTIONARY
360
525
102
}
330
2A
100
AcDbVisualStyle
  2
OverhangOff
 70
    21
 71
     2
 72
     2
 73
     0
 90
        0
 40
0.6
 41
30.0
 62
     5
 63
     7
421
 16777215
 74
     1
 91
        4
 64
     7
 65
   257
 75
     1
175
     1
 42
1.0
 92
        9
 66
     7
 43
1.0
 76
     1
 77
     6
 78
     2
 67
     7
 79
     5
170
     0
171
     0
290
     0
174
     0
 93
        1
 44
0.0
173
     0
291
     1
 45
0.0
  0
VISUALSTYLE
  5
33
102
{ACAD_REACTORS
330
2A
102
}
102
{ACAD_XDICTIONARY
360
513
102
}
330
2A
100
AcDbVisualStyle
  2
Realistic
 70
     8
 71
     2
 72
     3
 73
     0
 90
        2
 40
0.6
 41
30.0
 62
     5
 63
     7
421
 16777215
 74
     0
 91
        0
 64
     7
 65
   257
 75
     1
175
     1
 42
1.0
 92
        8
 66
   257
 43
1.0
 76
     1
 77
     6
 78
     2
 67
     7
 79
     3
170
     0
171
     0
290
     0
174
     0
 93
       13
 44
0.0
173
     0
291
     0
 45
0.0
  0
VISUALSTYLE
  5
42
102
{ACAD_REACTORS
330
2A
102
}
102
{ACAD_XDICTIONARY
360
531
102
}
330
2A
100
AcDbVisualStyle
  2
Shaded
 70
    27
 71
     2
 72
     2
 73
     1
 90
        2
 40
0.6
 41
30.0
 62
     5
 63
     7
421
 16777215
 74
     0
 91
        4
 64
     7
 65
   257
 75
     1
175
     1
 42
1.0
 92
        8
 66
   257
 43
1.0
 76
     1
 77
     6
 78
     2
 67
     8
425
  7895160
 79
     3
170
     0
171
     0
290
     0
174
     0
 93
        5
 44
0.0
173
     0
291
     0
 45
0.0
  0
VISUALSTYLE
  5
41
102
{ACAD_REACTORS
330
2A
102
}
102
{ACAD_XDICTIONARY
360
52F
102
}
330
2A
100
AcDbVisualStyle
  2
Shaded with edges
 70
    26
 71
     2
 72
     2
 73
     1
 90
        2
 40
0.6
 41
30.0
 62
     5
 63
     7
421
 16777215
 74
     1
 91
       10
 64
     7
 65
   257
 75
     2
175
     1
 42
1.0
 92
        8
 66
   257
 43
1.0
 76
     1
 77
     6
 78
     2
 67
     7
 79
     3
170
     0
171
     0
290
     0
174
     0
 93
        5
 44
0.0
173
     0
291
     0
 45
0.0
  0
VISUALSTYLE
  5
3E
102
{ACAD_REACTORS
330
2A
102
}
102
{ACAD_XDICTIONARY
360
529
102
}
330
2A
100
AcDbVisualStyle
  2
Shades of Gray
 70
    23
 71
     2
 72
     2
 73
     3
 90
        0
 40
0.6
 41
30.0
 62
     5
 63
     7
421
 16777215
 74
     2
 91
        2
 64
     7
 65
     7
 75
     1
175
     1
 42
40.0
 92
        8
 66
     7
 43
1.0
 76
     1
 77
     6
 78
     2
 67
     7
 79
     3
170
     0
171
     0
290
     0
174
     0
 93
        1
 44
0.0
173
     0
291
     0
 45
0.0
  0
VISUALSTYLE
  5
3F
102
{ACAD_REACTORS
330
2A
102
}
102
{ACAD_XDICTIONARY
360
52B
102
}
330
2A
100
AcDbVisualStyle
  2
Sketchy
 70
    24
 71
     1
 72
     2
 73
     2
 90
        0
 40
0.6
 41
30.0
 62
     5
 63
     7
421
 16777215
 74
     2
 91
        2
 64
     7
 65
     7
 75
     1
175
     1
 42
40.0
 92
       11
 66
     7
 43
1.0
 76
     1
 77
     6
 78
     2
 67
     7
 79
     6
170
     0
171
     0
290
     0
174
     0
 93
        1
 44
0.0
173
     0
291
     0
 45
0.0
  0
VISUALSTYLE
  5
37
102
{ACAD_REACTORS
330
2A
102
}
102
{ACAD_XDICTIONARY
360
51B
102
}
330
2A
100
AcDbVisualStyle
  2
Thicken
 70
    13
 71
     2
 72
     2
 73
     0
 90
        0
 40
0.6
 41
30.0
 62
     5
 63
     7
421
 16777215
 74
     1
 91
        4
 64
     7
 65
   257
 75
     1
175
     1
 42
1.0
 92
       12
 66
     7
 43
1.0
 76
     1
 77
     6
 78
     2
 67
     7
 79
     5
170
     0
171
     0
290
     0
174
     0
 93
        1
 44
0.0
173
     0
291
     1
 45
0.0
  0
VISUALSTYLE
  5
30
102
{ACAD_REACTORS
330
2A
102
}
102
{ACAD_XDICTIONARY
360
50D
102
}
330
2A
100
AcDbVisualStyle
  2
Wireframe
 70
     5
 71
     0
 72
     2
 73
     0
 90
        0
 40
0.6
 41
30.0
 62
     5
 63
     7
421
 16777215
 74
     1
 91
        4
 64
     7
 65
   257
 75
     1
175
     1
 42
1.0
 92
        0
 66
   257
 43
1.0
 76
     1
 77
     6
 78
     2
 67
     7
 79
     3
170
     0
171
     0
290
     0
174
     0
 93
        1
 44
0.0
173
     0
291
     0
 45
0.0
  0
VISUALSTYLE
  5
40
102
{ACAD_REACTORS
330
2A
102
}
102
{ACAD_XDICTIONARY
360
52D
102
}
330
2A
100
AcDbVisualStyle
  2
X-Ray
 70
    25
 71
     2
 72
     2
 73
     1
 90
        1
 40
0.5
 41
30.0
 62
     5
 63
     7
421
 16777215
 74
     1
 91
        0
 64
     7
 65
   257
 75
     1
175
     1
 42
1.0
 92
        8
 66
     7
 43
1.0
 76
     1
 77
     6
 78
     2
 67
     7
 79
     3
170
     0
171
     0
290
     0
174
     0
 93
       13
 44
0.0
173
     0
291
     0
 45
0.0
  0
DICTIONARYVAR
  5
501
102
{ACAD_REACTORS
330
500
102
}
330
500
100
DictionaryVariables
280
     0
  1
1:1
  0
DICTIONARYVAR
  5
53A
102
{ACAD_REACTORS
330
500
102
}
330
500
100
DictionaryVariables
280
     0
  1
Standard
  0
DICTIONARYVAR
  5
539
102
{ACAD_REACTORS
330
500
102
}
330
500
100
DictionaryVariables
280
     0
  1
Standard
  0
DICTIONARYVAR
  5
502
102
{ACAD_REACTORS
330
500
102
}
330
500
100
DictionaryVariables
280
     0
  1
2
  0
DICTIONARY
  5
536
330
5C
100
AcDbDictionary
280
     1
281
     1
  3
ACAD_XREC_ROUNDTRIP
360
537
  0
DICTIONARY
  5
533
330
5A
100
AcDbDictionary
280
     1
281
     1
  3
ACAD_ROUNDTRIP_2008_TABLESTYLE_CELLSTYLEMAP
360
534
  0
DICTIONARY
  5
50B
330
2F
100
AcDbDictionary
280
     1
281
     1
  3
ACAD_XREC_ROUNDTRIP
360
50C
  0
DICTIONARY
  5
511
330
32
100
AcDbDictionary
280
     1
281
     1
  3
ACAD_XREC_ROUNDTRIP
360
512
  0
DICTIONARY
  5
519
330
36
100
AcDbDictionary
280
     1
281
     1
  3
ACAD_XREC_ROUNDTRIP
360
51A
  0
DICTIONARY
  5
521
330
3A
100
AcDbDictionary
280
     1
281
     1
  3
ACAD_XREC_ROUNDTRIP
360
522
  0
DICTIONARY
  5
515
330
34
100
AcDbDictionary
280
     1
281
     1
  3
ACAD_XREC_ROUNDTRIP
360
516
  0
DICTIONARY
  5
517
330
35
100
AcDbDictionary
280
     1
281
     1
  3
ACAD_XREC_ROUNDTRIP
360
518
  0
DICTIONARY
  5
527
330
3D
100
AcDbDictionary
280
     1
281
     1
  3
ACAD_XREC_ROUNDTRIP
360
528
  0
DICTIONARY
  5
51F
330
39
100
AcDbDictionary
280
     1
281
     1
  3
ACAD_XREC_ROUNDTRIP
360
520
  0
DICTIONARY
  5
503
330
2B
100
AcDbDictionary
280
     1
281
     1
  3
ACAD_XREC_ROUNDTRIP
360
504
  0
DICTIONARY
  5
505
330
2C
100
AcDbDictionary
280
     1
281
     1
  3
ACAD_XREC_ROUNDTRIP
360
506
  0
DICTIONARY
  5
507
330
2D
100
AcDbDictionary
280
     1
281
     1
  3
ACAD_XREC_ROUNDTRIP
360
508
  0
DICTIONARY
  5
509
330
2E
100
AcDbDictionary
280
     1
281
     1
  3
ACAD_XREC_ROUNDTRIP
360
50A
  0
DICTIONARY
  5
50F
330
31
100
AcDbDictionary
280
     1
281
     1
  3
ACAD_XREC_ROUNDTRIP
360
510
  0
DICTIONARY
  5
523
330
3B
100
AcDbDictionary
280
     1
281
     1
  3
ACAD_XREC_ROUNDTRIP
360
524
  0
DICTIONARY
  5
51D
330
38
100
AcDbDictionary
280
     1
281
     1
  3
ACAD_XREC_ROUNDTRIP
360
51E
  0
DICTIONARY
  5
525
330
3C
100
AcDbDictionary
280
     1
281
     1
  3
ACAD_XREC_ROUNDTRIP
360
526
  0
DICTIONARY
  5
513
330
33
100
AcDbDictionary
280
     1
281
     1
  3
ACAD_XREC_ROUNDTRIP
360
514
  0
DICTIONARY
  5
531
330
42
100
AcDbDictionary
280
     1
281
     1
  3
ACAD_XREC_ROUNDTRIP
360
532
  0
DICTIONARY
  5
52F
330
41
100
AcDbDictionary
280
     1
281
     1
  3
ACAD_XREC_ROUNDTRIP
360
530
  0
DICTIONARY
  5
529
330
3E
100
AcDbDictionary
280
     1
281
     1
  3
ACAD_XREC_ROUNDTRIP
360
52A
  0
DICTIONARY
  5
52B
330
3F
100
AcDbDictionary
280
     1
281
     1
  3
ACAD_XREC_ROUNDTRIP
360
52C
  0
DICTIONARY
  5
51B
330
37
100
AcDbDictionary
280
     1
281
     1
  3
ACAD_XREC_ROUNDTRIP
360
51C
  0
DICTIONARY
  5
50D
330
30
100
AcDbDictionary
280
     1
281
     1
  3
ACAD_XREC_ROUNDTRIP
360
50E
  0
DICTIONARY
  5
52D
330
40
100
AcDbDictionary
280
     1
281
     1
  3
ACAD_XREC_ROUNDTRIP
360
52E
  0
XRECORD
  5
537
102
{ACAD_REACTORS
330
536
102
}
330
536
100
AcDbXrecord
280
     1
102
ACAD_ROUNDTRIP_2010_MLEADER_STYLE
  0
CELLSTYLEMAP
  5
534
102
{ACAD_REACTORS
330
533
102
}
330
533
100
AcDbCellStyleMap
 90
        3
300
CELLSTYLE
  1
TABLEFORMAT_BEGIN
 90
        5
170
     1
 91
        0
 92
    32768
 62
   257
 93
        1
300
CONTENTFORMAT
  1
CONTENTFORMAT_BEGIN
 90
        0
 91
        0
 92
        4
 93
        0
300

 40
0.0
140
1.0
 94
        5
 62
     0
340
11
144
0.25
309
CONTENTFORMAT_END
171
     1
301
MARGIN
  1
CELLMARGIN_BEGIN
 40
0.06
 40
0.06
 40
0.06
 40
0.06
 40
0.06
 40
0.06
309
CELLMARGIN_END
 94
        6
 95
        1
302
GRIDFORMAT
  1
GRIDFORMAT_BEGIN
 90
        0
 91
        1
 62
     0
 92
       -2
340
14
 93
        0
 40
0.045
309
GRIDFORMAT_END
 95
        2
302
GRIDFORMAT
  1
GRIDFORMAT_BEGIN
 90
        0
 91
        1
 62
     0
 92
       -2
340
14
 93
        0
 40
0.045
309
GRIDFORMAT_END
 95
        4
302
GRIDFORMAT
  1
GRIDFORMAT_BEGIN
 90
        0
 91
        1
 62
     0
 92
       -2
340
14
 93
        0
 40
0.045
309
GRIDFORMAT_END
 95
        8
302
GRIDFORMAT
  1
GRIDFORMAT_BEGIN
 90
        0
 91
        1
 62
     0
 92
       -2
340
14
 93
        0
 40
0.045
309
GRIDFORMAT_END
 95
       16
302
GRIDFORMAT
  1
GRIDFORMAT_BEGIN
 90
        0
 91
        1
 62
     0
 92
       -2
340
14
 93
        0
 40
0.045
309
GRIDFORMAT_END
 95
       32
302
GRIDFORMAT
  1
GRIDFORMAT_BEGIN
 90
        0
 91
        1
 62
     0
 92
       -2
340
14
 93
        0
 40
0.045
309
GRIDFORMAT_END
309
TABLEFORMAT_END
  1
CELLSTYLE_BEGIN
 90
        1
 91
        1
300
_TITLE
309
CELLSTYLE_END
300
CELLSTYLE
  1
TABLEFORMAT_BEGIN
 90
        5
170
     1
 91
        0
 92
        0
 62
   257
 93
        1
300
CONTENTFORMAT
  1
CONTENTFORMAT_BEGIN
 90
        0
 91
        0
 92
        4
 93
        0
300

 40
0.0
140
1.0
 94
        5
 62
     0
340
11
144
0.18
309
CONTENTFORMAT_END
171
     1
301
MARGIN
  1
CELLMARGIN_BEGIN
 40
0.06
 40
0.06
 40
0.06
 40
0.06
 40
0.06
 40
0.06
309
CELLMARGIN_END
 94
        6
 95
        1
302
GRIDFORMAT
  1
GRIDFORMAT_BEGIN
 90
        0
 91
        1
 62
     0
 92
       -2
340
14
 93
        0
 40
0.045
309
GRIDFORMAT_END
 95
        2
302
GRIDFORMAT
  1
GRIDFORMAT_BEGIN
 90
        0
 91
        1
 62
     0
 92
       -2
340
14
 93
        0
 40
0.045
309
GRIDFORMAT_END
 95
        4
302
GRIDFORMAT
  1
GRIDFORMAT_BEGIN
 90
        0
 91
        1
 62
     0
 92
       -2
340
14
 93
        0
 40
0.045
309
GRIDFORMAT_END
 95
        8
302
GRIDFORMAT
  1
GRIDFORMAT_BEGIN
 90
        0
 91
        1
 62
     0
 92
       -2
340
14
 93
        0
 40
0.045
309
GRIDFORMAT_END
 95
       16
302
GRIDFORMAT
  1
GRIDFORMAT_BEGIN
 90
        0
 91
        1
 62
     0
 92
       -2
340
14
 93
        0
 40
0.045
309
GRIDFORMAT_END
 95
       32
302
GRIDFORMAT
  1
GRIDFORMAT_BEGIN
 90
        0
 91
        1
 62
     0
 92
       -2
340
14
 93
        0
 40
0.045
309
GRIDFORMAT_END
309
TABLEFORMAT_END
  1
CELLSTYLE_BEGIN
 90
        2
 91
        1
300
_HEADER
309
CELLSTYLE_END
300
CELLSTYLE
  1
TABLEFORMAT_BEGIN
 90
        5
170
     1
 91
        0
 92
        0
 62
   257
 93
        1
300
CONTENTFORMAT
  1
CONTENTFORMAT_BEGIN
 90
        0
 91
        0
 92
        4
 93
        0
300

 40
0.0
140
1.0
 94
        2
 62
     0
340
11
144
0.18
309
CONTENTFORMAT_END
171
     1
301
MARGIN
  1
CELLMARGIN_BEGIN
 40
0.06
 40
0.06
 40
0.06
 40
0.06
 40
0.06
 40
0.06
309
CELLMARGIN_END
 94
        6
 95
        1
302
GRIDFORMAT
  1
GRIDFORMAT_BEGIN
 90
        0
 91
        1
 62
     0
 92
       -2
340
14
 93
        0
 40
0.045
309
GRIDFORMAT_END
 95
        2
302
GRIDFORMAT
  1
GRIDFORMAT_BEGIN
 90
        0
 91
        1
 62
     0
 92
       -2
340
14
 93
        0
 40
0.045
309
GRIDFORMAT_END
 95
        4
302
GRIDFORMAT
  1
GRIDFORMAT_BEGIN
 90
        0
 91
        1
 62
     0
 92
       -2
340
14
 93
        0
 40
0.045
309
GRIDFORMAT_END
 95
        8
302
GRIDFORMAT
  1
GRIDFORMAT_BEGIN
 90
        0
 91
        1
 62
     0
 92
       -2
340
14
 93
        0
 40
0.045
309
GRIDFORMAT_END
 95
       16
302
GRIDFORMAT
  1
GRIDFORMAT_BEGIN
 90
        0
 91
        1
 62
     0
 92
       -2
340
14
 93
        0
 40
0.045
309
GRIDFORMAT_END
 95
       32
302
GRIDFORMAT
  1
GRIDFORMAT_BEGIN
 90
        0
 91
        1
 62
     0
 92
       -2
340
14
 93
        0
 40
0.045
309
GRIDFORMAT_END
309
TABLEFORMAT_END
  1
CELLSTYLE_BEGIN
 90
        3
 91
        2
300
_DATA
309
CELLSTYLE_END
  0
XRECORD
  5
50C
102
{ACAD_REACTORS
330
50B
102
}
330
50B
100
AcDbXrecord
280
     1
102
RTVSPropertyOp0
 70
     1
102
RTVSPropertyOp1
 70
     1
102
RTVSPropertyOp2
 70
     1
102
RTVSPropertyOp3
 70
     1
102
RTVSPropertyOp4
 70
     1
102
RTVSPropertyOp5
 70
     1
102
RTVSPropertyOp6
 70
     1
102
RTVSPropertyOp7
 70
     1
102
RTVSPropertyOp8
 70
     1
102
RTVSPropertyOp9
 70
     1
102
RTVSPropertyOp10
 70
     1
102
RTVSPropertyOp11
 70
     1
102
RTVSPropertyOp12
 70
     1
102
RTVSPropertyOp13
 70
     1
102
RTVSPropertyOp14
 70
     1
102
RTVSPropertyOp15
 70
     1
102
RTVSPropertyOp16
 70
     1
102
RTVSPropertyOp17
 70
     1
102
RTVSPropertyOp18
 70
     1
102
RTVSPropertyOp19
 70
     1
102
RTVSPropertyOp20
 70
     1
102
RTVSPropertyOp21
 70
     1
102
RTVSPropertyOp22
 70
     1
102
RTVSPropertyOp23
 70
     1
102
RTVSPropertyOp24
 70
     1
102
RTVSPropertyOp25
 70
     1
102
RTVSPropertyOp26
 70
     1
102
RTVSPropertyOp27
 70
     1
102
RTVSPropertyOp28
 70
     1
102
RTVSPropertyOp29
 70
     1
102
RTVSPropertyOp30
 70
     1
102
RTVSPropertyOp31
 70
     1
102
RTVSPropertyOp32
 70
     1
102
RTVSPropertyOp33
 70
     1
102
RTVSPropertyOp34
 70
     1
102
RTVSPropertyOp35
 70
     1
102
RTVSPropertyOp36
 70
     1
102
RTVSPropertyOp37
 70
     1
102
RTVSPropertyOp38
 70
     1
102
RTVSPropertyOp39
 70
     1
102
RTVSPropertyOp40
 70
     1
102
RTVSPropertyOp41
 70
     1
102
RTVSPropertyOp42
 70
     1
102
RTVSPropertyOp43
 70
     1
102
RTVSPropertyOp44
 70
     1
102
RTVSPropertyOp45
 70
     1
102
RTVSPropertyOp46
 70
     1
102
RTVSPropertyOp47
 70
     1
102
RTVSPropertyOp48
 70
     1
102
RTVSPropertyOp49
 70
     1
102
RTVSPropertyOp50
 70
     1
102
RTVSPropertyOp51
 70
     0
102
RTVSPropertyOp52
 70
     0
102
RTVSPropertyOp53
 70
     1
102
RTVSPropertyOp54
 70
     1
102
RTVSPropertyOp55
 70
     1
102
RTVSPropertyOp56
 70
     1
102
RTVSPropertyOp57
 70
     1
102
RTVSPost2010Prop28
280
     1
102
RTVSPost2010PropOp28
 70
     1
102
RTVSPost2010Prop29
280
     1
102
RTVSPost2010PropOp29
 70
     1
102
RTVSPost2010Prop30
280
     0
102
RTVSPost2010PropOp30
 70
     1
102
RTVSPost2010Prop31
280
     0
102
RTVSPost2010PropOp31
 70
     1
102
RTVSPost2010Prop32
280
     0
102
RTVSPost2010PropOp32
 70
     1
102
RTVSPost2010Prop33
280
     0
102
RTVSPost2010PropOp33
 70
     1
102
RTVSPost2010Prop34
280
     0
102
RTVSPost2010PropOp34
 70
     1
102
RTVSPost2010Prop35
280
     0
102
RTVSPost2010PropOp35
 70
     1
102
RTVSPost2010Prop36
280
     0
102
RTVSPost2010PropOp36
 70
     1
102
RTVSPost2010Prop37
 90
       50
102
RTVSPost2010PropOp37
 70
     1
102
RTVSPost2010Prop38
140
0.0
102
RTVSPost2010PropOp38
 70
     1
102
RTVSPost2010Prop39
140
1.0
102
RTVSPost2010PropOp39
 70
     1
102
RTVSPost2010Prop40
 90
        0
102
RTVSPost2010PropOp40
 70
     1
102
RTVSPost2010Prop41ColorIndex
 90
       18
102
RTVSPost2010Prop41ColorRGB
 90
        0
102
RTVSPost2010PropOp41
 70
     1
102
RTVSPost2010Prop42
 90
       50
102
RTVSPost2010PropOp42
 70
     1
102
RTVSPost2010Prop43
 90
        3
102
RTVSPost2010PropOp43
 70
     1
102
RTVSPost2010Prop44ColorIndex
 90
        5
102
RTVSPost2010Prop44ColorRGB
 90
      255
102
RTVSPost2010PropOp44
 70
     1
102
RTVSPost2010Prop45
280
     0
102
RTVSPost2010PropOp45
 70
     1
102
RTVSPost2010Prop46
 90
       50
102
RTVSPost2010PropOp46
 70
     1
102
RTVSPost2010Prop47
 90
       50
102
RTVSPost2010PropOp47
 70
     1
102
RTVSPost2010Prop48
 90
       50
102
RTVSPost2010PropOp48
 70
     1
102
RTVSPost2010Prop49
280
     0
102
RTVSPost2010PropOp49
 70
     1
102
RTVSPost2010Prop50
 90
       50
102
RTVSPost2010PropOp50
 70
     1
102
RTVSPost2010Prop51ColorIndex
 90
      256
102
RTVSPost2010Prop51ColorRGB
 90
-16777216
102
RTVSPost2010PropOp51
 70
     0
102
RTVSPost2010Prop52
140
1.0
102
RTVSPost2010PropOp52
 70
     0
102
RTVSPost2010Prop53
 90
        2
102
RTVSPost2010PropOp53
 70
     1
102
RTVSPost2010Prop54
  1
strokes_ogs.tif
102
RTVSPost2010PropOp54
 70
     1
102
RTVSPost2010Prop55
280
     0
102
RTVSPost2010PropOp55
 70
     1
102
RTVSPost2010Prop56
140
1.0
102
RTVSPost2010PropOp56
 70
     1
102
RTVSPost2010Prop57
140
1.0
102
RTVSPost2010PropOp57
 70
     1
  0
XRECORD
  5
512
102
{ACAD_REACTORS
330
511
102
}
330
511
100
AcDbXrecord
280
     1
102
RTVSPropertyOp0
 70
     1
102
RTVSPropertyOp1
 70
     1
102
RTVSPropertyOp2
 70
     1
102
RTVSPropertyOp3
 70
     1
102
RTVSPropertyOp4
 70
     1
102
RTVSPropertyOp5
 70
     1
102
RTVSPropertyOp6
 70
     1
102
RTVSPropertyOp7
 70
     1
102
RTVSPropertyOp8
 70
     1
102
RTVSPropertyOp9
 70
     1
102
RTVSPropertyOp10
 70
     1
102
RTVSPropertyOp11
 70
     1
102
RTVSPropertyOp12
 70
     1
102
RTVSPropertyOp13
 70
     1
102
RTVSPropertyOp14
 70
     1
102
RTVSPropertyOp15
 70
     1
102
RTVSPropertyOp16
 70
     1
102
RTVSPropertyOp17
 70
     1
102
RTVSPropertyOp18
 70
     1
102
RTVSPropertyOp19
 70
     1
102
RTVSPropertyOp20
 70
     1
102
RTVSPropertyOp21
 70
     1
102
RTVSPropertyOp22
 70
     1
102
RTVSPropertyOp23
 70
     1
102
RTVSPropertyOp24
 70
     1
102
RTVSPropertyOp25
 70
     1
102
RTVSPropertyOp26
 70
     1
102
RTVSPropertyOp27
 70
     1
102
RTVSPropertyOp28
 70
     1
102
RTVSPropertyOp29
 70
     1
102
RTVSPropertyOp30
 70
     1
102
RTVSPropertyOp31
 70
     1
102
RTVSPropertyOp32
 70
     1
102
RTVSPropertyOp33
 70
     1
102
RTVSPropertyOp34
 70
     1
102
RTVSPropertyOp35
 70
     1
102
RTVSPropertyOp36
 70
     1
102
RTVSPropertyOp37
 70
     1
102
RTVSPropertyOp38
 70
     1
102
RTVSPropertyOp39
 70
     1
102
RTVSPropertyOp40
 70
     1
102
RTVSPropertyOp41
 70
     1
102
RTVSPropertyOp42
 70
     1
102
RTVSPropertyOp43
 70
     1
102
RTVSPropertyOp44
 70
     1
102
RTVSPropertyOp45
 70
     1
102
RTVSPropertyOp46
 70
     1
102
RTVSPropertyOp47
 70
     1
102
RTVSPropertyOp48
 70
     1
102
RTVSPropertyOp49
 70
     1
102
RTVSPropertyOp50
 70
     1
102
RTVSPropertyOp51
 70
     0
102
RTVSPropertyOp52
 70
     0
102
RTVSPropertyOp53
 70
     1
102
RTVSPropertyOp54
 70
     1
102
RTVSPropertyOp55
 70
     1
102
RTVSPropertyOp56
 70
     1
102
RTVSPropertyOp57
 70
     1
102
RTVSPost2010Prop28
280
     0
102
RTVSPost2010PropOp28
 70
     1
102
RTVSPost2010Prop29
280
     1
102
RTVSPost2010PropOp29
 70
     1
102
RTVSPost2010Prop30
280
     1
102
RTVSPost2010PropOp30
 70
     1
102
RTVSPost2010Prop31
280
     0
102
RTVSPost2010PropOp31
 70
     1
102
RTVSPost2010Prop32
280
     0
102
RTVSPost2010PropOp32
 70
     1
102
RTVSPost2010Prop33
280
     0
102
RTVSPost2010PropOp33
 70
     1
102
RTVSPost2010Prop34
280
     0
102
RTVSPost2010PropOp34
 70
     1
102
RTVSPost2010Prop35
280
     0
102
RTVSPost2010PropOp35
 70
     1
102
RTVSPost2010Prop36
280
     0
102
RTVSPost2010PropOp36
 70
     1
102
RTVSPost2010Prop37
 90
       50
102
RTVSPost2010PropOp37
 70
     1
102
RTVSPost2010Prop38
140
0.0
102
RTVSPost2010PropOp38
 70
     1
102
RTVSPost2010Prop39
140
1.0
102
RTVSPost2010PropOp39
 70
     1
102
RTVSPost2010Prop40
 90
        0
102
RTVSPost2010PropOp40
 70
     1
102
RTVSPost2010Prop41ColorIndex
 90
       18
102
RTVSPost2010Prop41ColorRGB
 90
        0
102
RTVSPost2010PropOp41
 70
     1
102
RTVSPost2010Prop42
 90
       50
102
RTVSPost2010PropOp42
 70
     1
102
RTVSPost2010Prop43
 90
        3
102
RTVSPost2010PropOp43
 70
     1
102
RTVSPost2010Prop44ColorIndex
 90
        5
102
RTVSPost2010Prop44ColorRGB
 90
      255
102
RTVSPost2010PropOp44
 70
     1
102
RTVSPost2010Prop45
280
     0
102
RTVSPost2010PropOp45
 70
     1
102
RTVSPost2010Prop46
 90
       50
102
RTVSPost2010PropOp46
 70
     1
102
RTVSPost2010Prop47
 90
       50
102
RTVSPost2010PropOp47
 70
     1
102
RTVSPost2010Prop48
 90
       50
102
RTVSPost2010PropOp48
 70
     1
102
RTVSPost2010Prop49
280
     0
102
RTVSPost2010PropOp49
 70
     1
102
RTVSPost2010Prop50
 90
       50
102
RTVSPost2010PropOp50
 70
     1
102
RTVSPost2010Prop51ColorIndex
 90
      256
102
RTVSPost2010Prop51ColorRGB
 90
-16777216
102
RTVSPost2010PropOp51
 70
     0
102
RTVSPost2010Prop52
140
1.0
102
RTVSPost2010PropOp52
 70
     0
102
RTVSPost2010Prop53
 90
        2
102
RTVSPost2010PropOp53
 70
     1
102
RTVSPost2010Prop54
  1
strokes_ogs.tif
102
RTVSPost2010PropOp54
 70
     1
102
RTVSPost2010Prop55
280
     0
102
RTVSPost2010PropOp55
 70
     1
102
RTVSPost2010Prop56
140
1.0
102
RTVSPost2010PropOp56
 70
     1
102
RTVSPost2010Prop57
140
1.0
102
RTVSPost2010PropOp57
 70
     1
  0
XRECORD
  5
51A
102
{ACAD_REACTORS
330
519
102
}
330
519
100
AcDbXrecord
280
     1
102
RTVSPropertyOp0
 70
     1
102
RTVSPropertyOp1
 70
     1
102
RTVSPropertyOp2
 70
     1
102
RTVSPropertyOp3
 70
     1
102
RTVSPropertyOp4
 70
     1
102
RTVSPropertyOp5
 70
     1
102
RTVSPropertyOp6
 70
     1
102
RTVSPropertyOp7
 70
     1
102
RTVSPropertyOp8
 70
     1
102
RTVSPropertyOp9
 70
     1
102
RTVSPropertyOp10
 70
     1
102
RTVSPropertyOp11
 70
     1
102
RTVSPropertyOp12
 70
     1
102
RTVSPropertyOp13
 70
     1
102
RTVSPropertyOp14
 70
     1
102
RTVSPropertyOp15
 70
     1
102
RTVSPropertyOp16
 70
     1
102
RTVSPropertyOp17
 70
     1
102
RTVSPropertyOp18
 70
     1
102
RTVSPropertyOp19
 70
     1
102
RTVSPropertyOp20
 70
     1
102
RTVSPropertyOp21
 70
     1
102
RTVSPropertyOp22
 70
     1
102
RTVSPropertyOp23
 70
     1
102
RTVSPropertyOp24
 70
     1
102
RTVSPropertyOp25
 70
     1
102
RTVSPropertyOp26
 70
     1
102
RTVSPropertyOp27
 70
     1
102
RTVSPropertyOp28
 70
     1
102
RTVSPropertyOp29
 70
     1
102
RTVSPropertyOp30
 70
     1
102
RTVSPropertyOp31
 70
     1
102
RTVSPropertyOp32
 70
     1
102
RTVSPropertyOp33
 70
     1
102
RTVSPropertyOp34
 70
     1
102
RTVSPropertyOp35
 70
     1
102
RTVSPropertyOp36
 70
     1
102
RTVSPropertyOp37
 70
     1
102
RTVSPropertyOp38
 70
     1
102
RTVSPropertyOp39
 70
     1
102
RTVSPropertyOp40
 70
     1
102
RTVSPropertyOp41
 70
     1
102
RTVSPropertyOp42
 70
     1
102
RTVSPropertyOp43
 70
     1
102
RTVSPropertyOp44
 70
     1
102
RTVSPropertyOp45
 70
     1
102
RTVSPropertyOp46
 70
     1
102
RTVSPropertyOp47
 70
     1
102
RTVSPropertyOp48
 70
     1
102
RTVSPropertyOp49
 70
     1
102
RTVSPropertyOp50
 70
     1
102
RTVSPropertyOp51
 70
     0
102
RTVSPropertyOp52
 70
     0
102
RTVSPropertyOp53
 70
     1
102
RTVSPropertyOp54
 70
     1
102
RTVSPropertyOp55
 70
     1
102
RTVSPropertyOp56
 70
     1
102
RTVSPropertyOp57
 70
     1
102
RTVSPost2010Prop28
280
     0
102
RTVSPost2010PropOp28
 70
     1
102
RTVSPost2010Prop29
280
     1
102
RTVSPost2010PropOp29
 70
     1
102
RTVSPost2010Prop30
280
     1
102
RTVSPost2010PropOp30
 70
     1
102
RTVSPost2010Prop31
280
     0
102
RTVSPost2010PropOp31
 70
     1
102
RTVSPost2010Prop32
280
     0
102
RTVSPost2010PropOp32
 70
     1
102
RTVSPost2010Prop33
280
     0
102
RTVSPost2010PropOp33
 70
     1
102
RTVSPost2010Prop34
280
     0
102
RTVSPost2010PropOp34
 70
     1
102
RTVSPost2010Prop35
280
     0
102
RTVSPost2010PropOp35
 70
     1
102
RTVSPost2010Prop36
280
     0
102
RTVSPost2010PropOp36
 70
     1
102
RTVSPost2010Prop37
 90
       50
102
RTVSPost2010PropOp37
 70
     1
102
RTVSPost2010Prop38
140
0.0
102
RTVSPost2010PropOp38
 70
     1
102
RTVSPost2010Prop39
140
1.0
102
RTVSPost2010PropOp39
 70
     1
102
RTVSPost2010Prop40
 90
        0
102
RTVSPost2010PropOp40
 70
     1
102
RTVSPost2010Prop41ColorIndex
 90
       18
102
RTVSPost2010Prop41ColorRGB
 90
        0
102
RTVSPost2010PropOp41
 70
     1
102
RTVSPost2010Prop42
 90
       50
102
RTVSPost2010PropOp42
 70
     1
102
RTVSPost2010Prop43
 90
        3
102
RTVSPost2010PropOp43
 70
     1
102
RTVSPost2010Prop44ColorIndex
 90
        5
102
RTVSPost2010Prop44ColorRGB
 90
      255
102
RTVSPost2010PropOp44
 70
     1
102
RTVSPost2010Prop45
280
     0
102
RTVSPost2010PropOp45
 70
     1
102
RTVSPost2010Prop46
 90
       50
102
RTVSPost2010PropOp46
 70
     1
102
RTVSPost2010Prop47
 90
       50
102
RTVSPost2010PropOp47
 70
     1
102
RTVSPost2010Prop48
 90
       50
102
RTVSPost2010PropOp48
 70
     1
102
RTVSPost2010Prop49
280
     0
102
RTVSPost2010PropOp49
 70
     1
102
RTVSPost2010Prop50
 90
       50
102
RTVSPost2010PropOp50
 70
     1
102
RTVSPost2010Prop51ColorIndex
 90
      256
102
RTVSPost2010Prop51ColorRGB
 90
-16777216
102
RTVSPost2010PropOp51
 70
     0
102
RTVSPost2010Prop52
140
1.0
102
RTVSPost2010PropOp52
 70
     0
102
RTVSPost2010Prop53
 90
        2
102
RTVSPost2010PropOp53
 70
     1
102
RTVSPost2010Prop54
  1
strokes_ogs.tif
102
RTVSPost2010PropOp54
 70
     1
102
RTVSPost2010Prop55
280
     0
102
RTVSPost2010PropOp55
 70
     1
102
RTVSPost2010Prop56
140
1.0
102
RTVSPost2010PropOp56
 70
     1
102
RTVSPost2010Prop57
140
1.0
102
RTVSPost2010PropOp57
 70
     1
  0
XRECORD
  5
522
102
{ACAD_REACTORS
330
521
102
}
330
521
100
AcDbXrecord
280
     1
102
RTVSPropertyOp0
 70
     1
102
RTVSPropertyOp1
 70
     1
102
RTVSPropertyOp2
 70
     1
102
RTVSPropertyOp3
 70
     1
102
RTVSPropertyOp4
 70
     1
102
RTVSPropertyOp5
 70
     1
102
RTVSPropertyOp6
 70
     1
102
RTVSPropertyOp7
 70
     1
102
RTVSPropertyOp8
 70
     1
102
RTVSPropertyOp9
 70
     1
102
RTVSPropertyOp10
 70
     1
102
RTVSPropertyOp11
 70
     1
102
RTVSPropertyOp12
 70
     1
102
RTVSPropertyOp13
 70
     1
102
RTVSPropertyOp14
 70
     1
102
RTVSPropertyOp15
 70
     1
102
RTVSPropertyOp16
 70
     1
102
RTVSPropertyOp17
 70
     1
102
RTVSPropertyOp18
 70
     1
102
RTVSPropertyOp19
 70
     1
102
RTVSPropertyOp20
 70
     1
102
RTVSPropertyOp21
 70
     1
102
RTVSPropertyOp22
 70
     1
102
RTVSPropertyOp23
 70
     1
102
RTVSPropertyOp24
 70
     1
102
RTVSPropertyOp25
 70
     1
102
RTVSPropertyOp26
 70
     1
102
RTVSPropertyOp27
 70
     1
102
RTVSPropertyOp28
 70
     1
102
RTVSPropertyOp29
 70
     1
102
RTVSPropertyOp30
 70
     1
102
RTVSPropertyOp31
 70
     1
102
RTVSPropertyOp32
 70
     1
102
RTVSPropertyOp33
 70
     1
102
RTVSPropertyOp34
 70
     1
102
RTVSPropertyOp35
 70
     1
102
RTVSPropertyOp36
 70
     1
102
RTVSPropertyOp37
 70
     1
102
RTVSPropertyOp38
 70
     1
102
RTVSPropertyOp39
 70
     1
102
RTVSPropertyOp40
 70
     1
102
RTVSPropertyOp41
 70
     1
102
RTVSPropertyOp42
 70
     1
102
RTVSPropertyOp43
 70
     1
102
RTVSPropertyOp44
 70
     1
102
RTVSPropertyOp45
 70
     1
102
RTVSPropertyOp46
 70
     1
102
RTVSPropertyOp47
 70
     1
102
RTVSPropertyOp48
 70
     1
102
RTVSPropertyOp49
 70
     1
102
RTVSPropertyOp50
 70
     1
102
RTVSPropertyOp51
 70
     0
102
RTVSPropertyOp52
 70
     0
102
RTVSPropertyOp53
 70
     1
102
RTVSPropertyOp54
 70
     1
102
RTVSPropertyOp55
 70
     1
102
RTVSPropertyOp56
 70
     1
102
RTVSPropertyOp57
 70
     1
102
RTVSPost2010Prop28
280
     0
102
RTVSPost2010PropOp28
 70
     1
102
RTVSPost2010Prop29
280
     1
102
RTVSPost2010PropOp29
 70
     1
102
RTVSPost2010Prop30
280
     1
102
RTVSPost2010PropOp30
 70
     1
102
RTVSPost2010Prop31
280
     0
102
RTVSPost2010PropOp31
 70
     1
102
RTVSPost2010Prop32
280
     0
102
RTVSPost2010PropOp32
 70
     1
102
RTVSPost2010Prop33
280
     0
102
RTVSPost2010PropOp33
 70
     1
102
RTVSPost2010Prop34
280
     0
102
RTVSPost2010PropOp34
 70
     1
102
RTVSPost2010Prop35
280
     0
102
RTVSPost2010PropOp35
 70
     1
102
RTVSPost2010Prop36
280
     0
102
RTVSPost2010PropOp36
 70
     1
102
RTVSPost2010Prop37
 90
       50
102
RTVSPost2010PropOp37
 70
     1
102
RTVSPost2010Prop38
140
0.0
102
RTVSPost2010PropOp38
 70
     1
102
RTVSPost2010Prop39
140
1.0
102
RTVSPost2010PropOp39
 70
     1
102
RTVSPost2010Prop40
 90
        0
102
RTVSPost2010PropOp40
 70
     1
102
RTVSPost2010Prop41ColorIndex
 90
       18
102
RTVSPost2010Prop41ColorRGB
 90
        0
102
RTVSPost2010PropOp41
 70
     1
102
RTVSPost2010Prop42
 90
       50
102
RTVSPost2010PropOp42
 70
     1
102
RTVSPost2010Prop43
 90
        3
102
RTVSPost2010PropOp43
 70
     1
102
RTVSPost2010Prop44ColorIndex
 90
        5
102
RTVSPost2010Prop44ColorRGB
 90
      255
102
RTVSPost2010PropOp44
 70
     1
102
RTVSPost2010Prop45
280
     0
102
RTVSPost2010PropOp45
 70
     1
102
RTVSPost2010Prop46
 90
       50
102
RTVSPost2010PropOp46
 70
     1
102
RTVSPost2010Prop47
 90
       50
102
RTVSPost2010PropOp47
 70
     1
102
RTVSPost2010Prop48
 90
       50
102
RTVSPost2010PropOp48
 70
     1
102
RTVSPost2010Prop49
280
     0
102
RTVSPost2010PropOp49
 70
     1
102
RTVSPost2010Prop50
 90
       50
102
RTVSPost2010PropOp50
 70
     1
102
RTVSPost2010Prop51ColorIndex
 90
      256
102
RTVSPost2010Prop51ColorRGB
 90
-16777216
102
RTVSPost2010PropOp51
 70
     0
102
RTVSPost2010Prop52
140
1.0
102
RTVSPost2010PropOp52
 70
     0
102
RTVSPost2010Prop53
 90
        2
102
RTVSPost2010PropOp53
 70
     1
102
RTVSPost2010Prop54
  1
strokes_ogs.tif
102
RTVSPost2010PropOp54
 70
     1
102
RTVSPost2010Prop55
280
     0
102
RTVSPost2010PropOp55
 70
     1
102
RTVSPost2010Prop56
140
1.0
102
RTVSPost2010PropOp56
 70
     1
102
RTVSPost2010Prop57
140
1.0
102
RTVSPost2010PropOp57
 70
     1
  0
XRECORD
  5
516
102
{ACAD_REACTORS
330
515
102
}
330
515
100
AcDbXrecord
280
     1
102
RTVSPropertyOp0
 70
     1
102
RTVSPropertyOp1
 70
     1
102
RTVSPropertyOp2
 70
     1
102
RTVSPropertyOp3
 70
     1
102
RTVSPropertyOp4
 70
     1
102
RTVSPropertyOp5
 70
     1
102
RTVSPropertyOp6
 70
     1
102
RTVSPropertyOp7
 70
     1
102
RTVSPropertyOp8
 70
     1
102
RTVSPropertyOp9
 70
     1
102
RTVSPropertyOp10
 70
     1
102
RTVSPropertyOp11
 70
     1
102
RTVSPropertyOp12
 70
     1
102
RTVSPropertyOp13
 70
     1
102
RTVSPropertyOp14
 70
     1
102
RTVSPropertyOp15
 70
     1
102
RTVSPropertyOp16
 70
     1
102
RTVSPropertyOp17
 70
     1
102
RTVSPropertyOp18
 70
     1
102
RTVSPropertyOp19
 70
     1
102
RTVSPropertyOp20
 70
     1
102
RTVSPropertyOp21
 70
     1
102
RTVSPropertyOp22
 70
     1
102
RTVSPropertyOp23
 70
     1
102
RTVSPropertyOp24
 70
     1
102
RTVSPropertyOp25
 70
     1
102
RTVSPropertyOp26
 70
     1
102
RTVSPropertyOp27
 70
     1
102
RTVSPropertyOp28
 70
     1
102
RTVSPropertyOp29
 70
     1
102
RTVSPropertyOp30
 70
     1
102
RTVSPropertyOp31
 70
     1
102
RTVSPropertyOp32
 70
     1
102
RTVSPropertyOp33
 70
     1
102
RTVSPropertyOp34
 70
     1
102
RTVSPropertyOp35
 70
     1
102
RTVSPropertyOp36
 70
     1
102
RTVSPropertyOp37
 70
     1
102
RTVSPropertyOp38
 70
     1
102
RTVSPropertyOp39
 70
     1
102
RTVSPropertyOp40
 70
     1
102
RTVSPropertyOp41
 70
     1
102
RTVSPropertyOp42
 70
     1
102
RTVSPropertyOp43
 70
     1
102
RTVSPropertyOp44
 70
     1
102
RTVSPropertyOp45
 70
     1
102
RTVSPropertyOp46
 70
     1
102
RTVSPropertyOp47
 70
     1
102
RTVSPropertyOp48
 70
     1
102
RTVSPropertyOp49
 70
     1
102
RTVSPropertyOp50
 70
     1
102
RTVSPropertyOp51
 70
     0
102
RTVSPropertyOp52
 70
     0
102
RTVSPropertyOp53
 70
     1
102
RTVSPropertyOp54
 70
     1
102
RTVSPropertyOp55
 70
     1
102
RTVSPropertyOp56
 70
     1
102
RTVSPropertyOp57
 70
     1
102
RTVSPost2010Prop28
280
     0
102
RTVSPost2010PropOp28
 70
     1
102
RTVSPost2010Prop29
280
     1
102
RTVSPost2010PropOp29
 70
     1
102
RTVSPost2010Prop30
280
     1
102
RTVSPost2010PropOp30
 70
     1
102
RTVSPost2010Prop31
280
     0
102
RTVSPost2010PropOp31
 70
     1
102
RTVSPost2010Prop32
280
     0
102
RTVSPost2010PropOp32
 70
     1
102
RTVSPost2010Prop33
280
     0
102
RTVSPost2010PropOp33
 70
     1
102
RTVSPost2010Prop34
280
     0
102
RTVSPost2010PropOp34
 70
     1
102
RTVSPost2010Prop35
280
     0
102
RTVSPost2010PropOp35
 70
     1
102
RTVSPost2010Prop36
280
     0
102
RTVSPost2010PropOp36
 70
     1
102
RTVSPost2010Prop37
 90
       50
102
RTVSPost2010PropOp37
 70
     1
102
RTVSPost2010Prop38
140
0.0
102
RTVSPost2010PropOp38
 70
     1
102
RTVSPost2010Prop39
140
1.0
102
RTVSPost2010PropOp39
 70
     1
102
RTVSPost2010Prop40
 90
        0
102
RTVSPost2010PropOp40
 70
     1
102
RTVSPost2010Prop41ColorIndex
 90
       18
102
RTVSPost2010Prop41ColorRGB
 90
        0
102
RTVSPost2010PropOp41
 70
     1
102
RTVSPost2010Prop42
 90
       50
102
RTVSPost2010PropOp42
 70
     1
102
RTVSPost2010Prop43
 90
        3
102
RTVSPost2010PropOp43
 70
     1
102
RTVSPost2010Prop44ColorIndex
 90
        5
102
RTVSPost2010Prop44ColorRGB
 90
      255
102
RTVSPost2010PropOp44
 70
     1
102
RTVSPost2010Prop45
280
     0
102
RTVSPost2010PropOp45
 70
     1
102
RTVSPost2010Prop46
 90
       50
102
RTVSPost2010PropOp46
 70
     1
102
RTVSPost2010Prop47
 90
       50
102
RTVSPost2010PropOp47
 70
     1
102
RTVSPost2010Prop48
 90
       50
102
RTVSPost2010PropOp48
 70
     1
102
RTVSPost2010Prop49
280
     0
102
RTVSPost2010PropOp49
 70
     1
102
RTVSPost2010Prop50
 90
       50
102
RTVSPost2010PropOp50
 70
     1
102
RTVSPost2010Prop51ColorIndex
 90
      256
102
RTVSPost2010Prop51ColorRGB
 90
-16777216
102
RTVSPost2010PropOp51
 70
     0
102
RTVSPost2010Prop52
140
1.0
102
RTVSPost2010PropOp52
 70
     0
102
RTVSPost2010Prop53
 90
        2
102
RTVSPost2010PropOp53
 70
     1
102
RTVSPost2010Prop54
  1
strokes_ogs.tif
102
RTVSPost2010PropOp54
 70
     1
102
RTVSPost2010Prop55
280
     0
102
RTVSPost2010PropOp55
 70
     1
102
RTVSPost2010Prop56
140
1.0
102
RTVSPost2010PropOp56
 70
     1
102
RTVSPost2010Prop57
140
1.0
102
RTVSPost2010PropOp57
 70
     1
  0
XRECORD
  5
518
102
{ACAD_REACTORS
330
517
102
}
330
517
100
AcDbXrecord
280
     1
102
RTVSPropertyOp0
 70
     1
102
RTVSPropertyOp1
 70
     1
102
RTVSPropertyOp2
 70
     1
102
RTVSPropertyOp3
 70
     1
102
RTVSPropertyOp4
 70
     1
102
RTVSPropertyOp5
 70
     1
102
RTVSPropertyOp6
 70
     1
102
RTVSPropertyOp7
 70
     1
102
RTVSPropertyOp8
 70
     1
102
RTVSPropertyOp9
 70
     1
102
RTVSPropertyOp10
 70
     1
102
RTVSPropertyOp11
 70
     1
102
RTVSPropertyOp12
 70
     1
102
RTVSPropertyOp13
 70
     1
102
RTVSPropertyOp14
 70
     1
102
RTVSPropertyOp15
 70
     1
102
RTVSPropertyOp16
 70
     1
102
RTVSPropertyOp17
 70
     1
102
RTVSPropertyOp18
 70
     1
102
RTVSPropertyOp19
 70
     1
102
RTVSPropertyOp20
 70
     1
102
RTVSPropertyOp21
 70
     1
102
RTVSPropertyOp22
 70
     1
102
RTVSPropertyOp23
 70
     1
102
RTVSPropertyOp24
 70
     1
102
RTVSPropertyOp25
 70
     1
102
RTVSPropertyOp26
 70
     1
102
RTVSPropertyOp27
 70
     1
102
RTVSPropertyOp28
 70
     1
102
RTVSPropertyOp29
 70
     1
102
RTVSPropertyOp30
 70
     1
102
RTVSPropertyOp31
 70
     1
102
RTVSPropertyOp32
 70
     1
102
RTVSPropertyOp33
 70
     1
102
RTVSPropertyOp34
 70
     1
102
RTVSPropertyOp35
 70
     1
102
RTVSPropertyOp36
 70
     1
102
RTVSPropertyOp37
 70
     1
102
RTVSPropertyOp38
 70
     1
102
RTVSPropertyOp39
 70
     1
102
RTVSPropertyOp40
 70
     1
102
RTVSPropertyOp41
 70
     1
102
RTVSPropertyOp42
 70
     1
102
RTVSPropertyOp43
 70
     1
102
RTVSPropertyOp44
 70
     1
102
RTVSPropertyOp45
 70
     1
102
RTVSPropertyOp46
 70
     1
102
RTVSPropertyOp47
 70
     1
102
RTVSPropertyOp48
 70
     1
102
RTVSPropertyOp49
 70
     1
102
RTVSPropertyOp50
 70
     1
102
RTVSPropertyOp51
 70
     0
102
RTVSPropertyOp52
 70
     0
102
RTVSPropertyOp53
 70
     1
102
RTVSPropertyOp54
 70
     1
102
RTVSPropertyOp55
 70
     1
102
RTVSPropertyOp56
 70
     1
102
RTVSPropertyOp57
 70
     1
102
RTVSPost2010Prop28
280
     0
102
RTVSPost2010PropOp28
 70
     1
102
RTVSPost2010Prop29
280
     1
102
RTVSPost2010PropOp29
 70
     1
102
RTVSPost2010Prop30
280
     1
102
RTVSPost2010PropOp30
 70
     1
102
RTVSPost2010Prop31
280
     0
102
RTVSPost2010PropOp31
 70
     1
102
RTVSPost2010Prop32
280
     0
102
RTVSPost2010PropOp32
 70
     1
102
RTVSPost2010Prop33
280
     0
102
RTVSPost2010PropOp33
 70
     1
102
RTVSPost2010Prop34
280
     0
102
RTVSPost2010PropOp34
 70
     1
102
RTVSPost2010Prop35
280
     0
102
RTVSPost2010PropOp35
 70
     1
102
RTVSPost2010Prop36
280
     0
102
RTVSPost2010PropOp36
 70
     1
102
RTVSPost2010Prop37
 90
       50
102
RTVSPost2010PropOp37
 70
     1
102
RTVSPost2010Prop38
140
0.0
102
RTVSPost2010PropOp38
 70
     1
102
RTVSPost2010Prop39
140
1.0
102
RTVSPost2010PropOp39
 70
     1
102
RTVSPost2010Prop40
 90
        0
102
RTVSPost2010PropOp40
 70
     1
102
RTVSPost2010Prop41ColorIndex
 90
       18
102
RTVSPost2010Prop41ColorRGB
 90
        0
102
RTVSPost2010PropOp41
 70
     1
102
RTVSPost2010Prop42
 90
       50
102
RTVSPost2010PropOp42
 70
     1
102
RTVSPost2010Prop43
 90
        3
102
RTVSPost2010PropOp43
 70
     1
102
RTVSPost2010Prop44ColorIndex
 90
        5
102
RTVSPost2010Prop44ColorRGB
 90
      255
102
RTVSPost2010PropOp44
 70
     1
102
RTVSPost2010Prop45
280
     0
102
RTVSPost2010PropOp45
 70
     1
102
RTVSPost2010Prop46
 90
       50
102
RTVSPost2010PropOp46
 70
     1
102
RTVSPost2010Prop47
 90
       50
102
RTVSPost2010PropOp47
 70
     1
102
RTVSPost2010Prop48
 90
       50
102
RTVSPost2010PropOp48
 70
     1
102
RTVSPost2010Prop49
280
     0
102
RTVSPost2010PropOp49
 70
     1
102
RTVSPost2010Prop50
 90
       50
102
RTVSPost2010PropOp50
 70
     1
102
RTVSPost2010Prop51ColorIndex
 90
      256
102
RTVSPost2010Prop51ColorRGB
 90
-16777216
102
RTVSPost2010PropOp51
 70
     0
102
RTVSPost2010Prop52
140
1.0
102
RTVSPost2010PropOp52
 70
     0
102
RTVSPost2010Prop53
 90
        2
102
RTVSPost2010PropOp53
 70
     1
102
RTVSPost2010Prop54
  1
strokes_ogs.tif
102
RTVSPost2010PropOp54
 70
     1
102
RTVSPost2010Prop55
280
     0
102
RTVSPost2010PropOp55
 70
     1
102
RTVSPost2010Prop56
140
1.0
102
RTVSPost2010PropOp56
 70
     1
102
RTVSPost2010Prop57
140
1.0
102
RTVSPost2010PropOp57
 70
     1
  0
XRECORD
  5
528
102
{ACAD_REACTORS
330
527
102
}
330
527
100
AcDbXrecord
280
     1
102
RTVSPropertyOp0
 70
     0
102
RTVSPropertyOp1
 70
     0
102
RTVSPropertyOp2
 70
     0
102
RTVSPropertyOp3
 70
     0
102
RTVSPropertyOp4
 70
     0
102
RTVSPropertyOp5
 70
     0
102
RTVSPropertyOp6
 70
     0
102
RTVSPropertyOp7
 70
     0
102
RTVSPropertyOp8
 70
     0
102
RTVSPropertyOp9
 70
     0
102
RTVSPropertyOp10
 70
     0
102
RTVSPropertyOp11
 70
     0
102
RTVSPropertyOp12
 70
     0
102
RTVSPropertyOp13
 70
     0
102
RTVSPropertyOp14
 70
     2
102
RTVSPropertyOp15
 70
     0
102
RTVSPropertyOp16
 70
     0
102
RTVSPropertyOp17
 70
     0
102
RTVSPropertyOp18
 70
     0
102
RTVSPropertyOp19
 70
     0
102
RTVSPropertyOp20
 70
     0
102
RTVSPropertyOp21
 70
     0
102
RTVSPropertyOp22
 70
     0
102
RTVSPropertyOp23
 70
     0
102
RTVSPropertyOp24
 70
     0
102
RTVSPropertyOp25
 70
     0
102
RTVSPropertyOp26
 70
     0
102
RTVSPropertyOp27
 70
     0
102
RTVSPropertyOp28
 70
     0
102
RTVSPropertyOp29
 70
     0
102
RTVSPropertyOp30
 70
     0
102
RTVSPropertyOp31
 70
     0
102
RTVSPropertyOp32
 70
     0
102
RTVSPropertyOp33
 70
     0
102
RTVSPropertyOp34
 70
     0
102
RTVSPropertyOp35
 70
     0
102
RTVSPropertyOp36
 70
     0
102
RTVSPropertyOp37
 70
     0
102
RTVSPropertyOp38
 70
     0
102
RTVSPropertyOp39
 70
     0
102
RTVSPropertyOp40
 70
     0
102
RTVSPropertyOp41
 70
     0
102
RTVSPropertyOp42
 70
     0
102
RTVSPropertyOp43
 70
     0
102
RTVSPropertyOp44
 70
     0
102
RTVSPropertyOp45
 70
     0
102
RTVSPropertyOp46
 70
     0
102
RTVSPropertyOp47
 70
     0
102
RTVSPropertyOp48
 70
     0
102
RTVSPropertyOp49
 70
     0
102
RTVSPropertyOp50
 70
     0
102
RTVSPropertyOp51
 70
     0
102
RTVSPropertyOp52
 70
     0
102
RTVSPropertyOp53
 70
     0
102
RTVSPropertyOp54
 70
     0
102
RTVSPropertyOp55
 70
     0
102
RTVSPropertyOp56
 70
     0
102
RTVSPropertyOp57
 70
     0
102
RTVSPost2010Prop28
280
     0
102
RTVSPost2010PropOp28
 70
     0
102
RTVSPost2010Prop29
280
     1
102
RTVSPost2010PropOp29
 70
     0
102
RTVSPost2010Prop30
280
     1
102
RTVSPost2010PropOp30
 70
     0
102
RTVSPost2010Prop31
280
     0
102
RTVSPost2010PropOp31
 70
     0
102
RTVSPost2010Prop32
280
     0
102
RTVSPost2010PropOp32
 70
     0
102
RTVSPost2010Prop33
280
     0
102
RTVSPost2010PropOp33
 70
     0
102
RTVSPost2010Prop34
280
     0
102
RTVSPost2010PropOp34
 70
     0
102
RTVSPost2010Prop35
280
     0
102
RTVSPost2010PropOp35
 70
     0
102
RTVSPost2010Prop36
280
     0
102
RTVSPost2010PropOp36
 70
     0
102
RTVSPost2010Prop37
 90
       50
102
RTVSPost2010PropOp37
 70
     0
102
RTVSPost2010Prop38
140
0.0
102
RTVSPost2010PropOp38
 70
     0
102
RTVSPost2010Prop39
140
1.0
102
RTVSPost2010PropOp39
 70
     0
102
RTVSPost2010Prop40
 90
        0
102
RTVSPost2010PropOp40
 70
     0
102
RTVSPost2010Prop41ColorIndex
 90
       18
102
RTVSPost2010Prop41ColorRGB
 90
        0
102
RTVSPost2010PropOp41
 70
     0
102
RTVSPost2010Prop42
 90
       50
102
RTVSPost2010PropOp42
 70
     0
102
RTVSPost2010Prop43
 90
        3
102
RTVSPost2010PropOp43
 70
     0
102
RTVSPost2010Prop44ColorIndex
 90
        5
102
RTVSPost2010Prop44ColorRGB
 90
      255
102
RTVSPost2010PropOp44
 70
     0
102
RTVSPost2010Prop45
280
     0
102
RTVSPost2010PropOp45
 70
     0
102
RTVSPost2010Prop46
 90
       50
102
RTVSPost2010PropOp46
 70
     0
102
RTVSPost2010Prop47
 90
       50
102
RTVSPost2010PropOp47
 70
     0
102
RTVSPost2010Prop48
 90
       50
102
RTVSPost2010PropOp48
 70
     0
102
RTVSPost2010Prop49
280
     0
102
RTVSPost2010PropOp49
 70
     0
102
RTVSPost2010Prop50
 90
       50
102
RTVSPost2010PropOp50
 70
     0
102
RTVSPost2010Prop51ColorIndex
 90
      256
102
RTVSPost2010Prop51ColorRGB
 90
-16777216
102
RTVSPost2010PropOp51
 70
     0
102
RTVSPost2010Prop52
140
1.0
102
RTVSPost2010PropOp52
 70
     0
102
RTVSPost2010Prop53
 90
        2
102
RTVSPost2010PropOp53
 70
     0
102
RTVSPost2010Prop54
  1
strokes_ogs.tif
102
RTVSPost2010PropOp54
 70
     0
102
RTVSPost2010Prop55
280
     0
102
RTVSPost2010PropOp55
 70
     0
102
RTVSPost2010Prop56
140
1.0
102
RTVSPost2010PropOp56
 70
     0
102
RTVSPost2010Prop57
140
1.0
102
RTVSPost2010PropOp57
 70
     0
  0
XRECORD
  5
520
102
{ACAD_REACTORS
330
51F
102
}
330
51F
100
AcDbXrecord
280
     1
102
RTVSPropertyOp0
 70
     1
102
RTVSPropertyOp1
 70
     1
102
RTVSPropertyOp2
 70
     1
102
RTVSPropertyOp3
 70
     1
102
RTVSPropertyOp4
 70
     1
102
RTVSPropertyOp5
 70
     1
102
RTVSPropertyOp6
 70
     1
102
RTVSPropertyOp7
 70
     1
102
RTVSPropertyOp8
 70
     1
102
RTVSPropertyOp9
 70
     1
102
RTVSPropertyOp10
 70
     1
102
RTVSPropertyOp11
 70
     1
102
RTVSPropertyOp12
 70
     1
102
RTVSPropertyOp13
 70
     1
102
RTVSPropertyOp14
 70
     1
102
RTVSPropertyOp15
 70
     1
102
RTVSPropertyOp16
 70
     1
102
RTVSPropertyOp17
 70
     1
102
RTVSPropertyOp18
 70
     1
102
RTVSPropertyOp19
 70
     1
102
RTVSPropertyOp20
 70
     1
102
RTVSPropertyOp21
 70
     1
102
RTVSPropertyOp22
 70
     1
102
RTVSPropertyOp23
 70
     1
102
RTVSPropertyOp24
 70
     1
102
RTVSPropertyOp25
 70
     1
102
RTVSPropertyOp26
 70
     1
102
RTVSPropertyOp27
 70
     1
102
RTVSPropertyOp28
 70
     1
102
RTVSPropertyOp29
 70
     1
102
RTVSPropertyOp30
 70
     1
102
RTVSPropertyOp31
 70
     1
102
RTVSPropertyOp32
 70
     1
102
RTVSPropertyOp33
 70
     1
102
RTVSPropertyOp34
 70
     1
102
RTVSPropertyOp35
 70
     1
102
RTVSPropertyOp36
 70
     1
102
RTVSPropertyOp37
 70
     1
102
RTVSPropertyOp38
 70
     1
102
RTVSPropertyOp39
 70
     1
102
RTVSPropertyOp40
 70
     1
102
RTVSPropertyOp41
 70
     1
102
RTVSPropertyOp42
 70
     1
102
RTVSPropertyOp43
 70
     1
102
RTVSPropertyOp44
 70
     1
102
RTVSPropertyOp45
 70
     1
102
RTVSPropertyOp46
 70
     1
102
RTVSPropertyOp47
 70
     1
102
RTVSPropertyOp48
 70
     1
102
RTVSPropertyOp49
 70
     1
102
RTVSPropertyOp50
 70
     1
102
RTVSPropertyOp51
 70
     0
102
RTVSPropertyOp52
 70
     0
102
RTVSPropertyOp53
 70
     1
102
RTVSPropertyOp54
 70
     1
102
RTVSPropertyOp55
 70
     1
102
RTVSPropertyOp56
 70
     1
102
RTVSPropertyOp57
 70
     1
102
RTVSPost2010Prop28
280
     0
102
RTVSPost2010PropOp28
 70
     1
102
RTVSPost2010Prop29
280
     1
102
RTVSPost2010PropOp29
 70
     1
102
RTVSPost2010Prop30
280
     1
102
RTVSPost2010PropOp30
 70
     1
102
RTVSPost2010Prop31
280
     0
102
RTVSPost2010PropOp31
 70
     1
102
RTVSPost2010Prop32
280
     0
102
RTVSPost2010PropOp32
 70
     1
102
RTVSPost2010Prop33
280
     0
102
RTVSPost2010PropOp33
 70
     1
102
RTVSPost2010Prop34
280
     0
102
RTVSPost2010PropOp34
 70
     1
102
RTVSPost2010Prop35
280
     0
102
RTVSPost2010PropOp35
 70
     1
102
RTVSPost2010Prop36
280
     0
102
RTVSPost2010PropOp36
 70
     1
102
RTVSPost2010Prop37
 90
       50
102
RTVSPost2010PropOp37
 70
     1
102
RTVSPost2010Prop38
140
0.0
102
RTVSPost2010PropOp38
 70
     1
102
RTVSPost2010Prop39
140
1.0
102
RTVSPost2010PropOp39
 70
     1
102
RTVSPost2010Prop40
 90
        0
102
RTVSPost2010PropOp40
 70
     1
102
RTVSPost2010Prop41ColorIndex
 90
       18
102
RTVSPost2010Prop41ColorRGB
 90
        0
102
RTVSPost2010PropOp41
 70
     1
102
RTVSPost2010Prop42
 90
       50
102
RTVSPost2010PropOp42
 70
     1
102
RTVSPost2010Prop43
 90
        3
102
RTVSPost2010PropOp43
 70
     1
102
RTVSPost2010Prop44ColorIndex
 90
        5
102
RTVSPost2010Prop44ColorRGB
 90
      255
102
RTVSPost2010PropOp44
 70
     1
102
RTVSPost2010Prop45
280
     0
102
RTVSPost2010PropOp45
 70
     1
102
RTVSPost2010Prop46
 90
       50
102
RTVSPost2010PropOp46
 70
     1
102
RTVSPost2010Prop47
 90
       50
102
RTVSPost2010PropOp47
 70
     1
102
RTVSPost2010Prop48
 90
       50
102
RTVSPost2010PropOp48
 70
     1
102
RTVSPost2010Prop49
280
     0
102
RTVSPost2010PropOp49
 70
     1
102
RTVSPost2010Prop50
 90
       50
102
RTVSPost2010PropOp50
 70
     1
102
RTVSPost2010Prop51ColorIndex
 90
      256
102
RTVSPost2010Prop51ColorRGB
 90
-16777216
102
RTVSPost2010PropOp51
 70
     0
102
RTVSPost2010Prop52
140
1.0
102
RTVSPost2010PropOp52
 70
     0
102
RTVSPost2010Prop53
 90
        2
102
RTVSPost2010PropOp53
 70
     1
102
RTVSPost2010Prop54
  1
strokes_ogs.tif
102
RTVSPost2010PropOp54
 70
     1
102
RTVSPost2010Prop55
280
     0
102
RTVSPost2010PropOp55
 70
     1
102
RTVSPost2010Prop56
140
1.0
102
RTVSPost2010PropOp56
 70
     1
102
RTVSPost2010Prop57
140
1.0
102
RTVSPost2010PropOp57
 70
     1
  0
XRECORD
  5
504
102
{ACAD_REACTORS
330
503
102
}
330
503
100
AcDbXrecord
280
     1
102
RTVSPropertyOp0
 70
     1
102
RTVSPropertyOp1
 70
     1
102
RTVSPropertyOp2
 70
     1
102
RTVSPropertyOp3
 70
     1
102
RTVSPropertyOp4
 70
     1
102
RTVSPropertyOp5
 70
     1
102
RTVSPropertyOp6
 70
     1
102
RTVSPropertyOp7
 70
     1
102
RTVSPropertyOp8
 70
     1
102
RTVSPropertyOp9
 70
     1
102
RTVSPropertyOp10
 70
     1
102
RTVSPropertyOp11
 70
     1
102
RTVSPropertyOp12
 70
     1
102
RTVSPropertyOp13
 70
     1
102
RTVSPropertyOp14
 70
     1
102
RTVSPropertyOp15
 70
     1
102
RTVSPropertyOp16
 70
     1
102
RTVSPropertyOp17
 70
     1
102
RTVSPropertyOp18
 70
     1
102
RTVSPropertyOp19
 70
     1
102
RTVSPropertyOp20
 70
     1
102
RTVSPropertyOp21
 70
     1
102
RTVSPropertyOp22
 70
     1
102
RTVSPropertyOp23
 70
     1
102
RTVSPropertyOp24
 70
     1
102
RTVSPropertyOp25
 70
     1
102
RTVSPropertyOp26
 70
     1
102
RTVSPropertyOp27
 70
     1
102
RTVSPropertyOp28
 70
     1
102
RTVSPropertyOp29
 70
     1
102
RTVSPropertyOp30
 70
     1
102
RTVSPropertyOp31
 70
     1
102
RTVSPropertyOp32
 70
     1
102
RTVSPropertyOp33
 70
     1
102
RTVSPropertyOp34
 70
     1
102
RTVSPropertyOp35
 70
     1
102
RTVSPropertyOp36
 70
     1
102
RTVSPropertyOp37
 70
     1
102
RTVSPropertyOp38
 70
     1
102
RTVSPropertyOp39
 70
     1
102
RTVSPropertyOp40
 70
     1
102
RTVSPropertyOp41
 70
     1
102
RTVSPropertyOp42
 70
     1
102
RTVSPropertyOp43
 70
     1
102
RTVSPropertyOp44
 70
     1
102
RTVSPropertyOp45
 70
     1
102
RTVSPropertyOp46
 70
     1
102
RTVSPropertyOp47
 70
     1
102
RTVSPropertyOp48
 70
     1
102
RTVSPropertyOp49
 70
     1
102
RTVSPropertyOp50
 70
     1
102
RTVSPropertyOp51
 70
     0
102
RTVSPropertyOp52
 70
     0
102
RTVSPropertyOp53
 70
     1
102
RTVSPropertyOp54
 70
     1
102
RTVSPropertyOp55
 70
     1
102
RTVSPropertyOp56
 70
     1
102
RTVSPropertyOp57
 70
     1
102
RTVSPost2010Prop28
280
     0
102
RTVSPost2010PropOp28
 70
     1
102
RTVSPost2010Prop29
280
     1
102
RTVSPost2010PropOp29
 70
     1
102
RTVSPost2010Prop30
280
     1
102
RTVSPost2010PropOp30
 70
     1
102
RTVSPost2010Prop31
280
     0
102
RTVSPost2010PropOp31
 70
     1
102
RTVSPost2010Prop32
280
     0
102
RTVSPost2010PropOp32
 70
     1
102
RTVSPost2010Prop33
280
     0
102
RTVSPost2010PropOp33
 70
     1
102
RTVSPost2010Prop34
280
     0
102
RTVSPost2010PropOp34
 70
     1
102
RTVSPost2010Prop35
280
     0
102
RTVSPost2010PropOp35
 70
     1
102
RTVSPost2010Prop36
280
     0
102
RTVSPost2010PropOp36
 70
     1
102
RTVSPost2010Prop37
 90
       50
102
RTVSPost2010PropOp37
 70
     1
102
RTVSPost2010Prop38
140
0.0
102
RTVSPost2010PropOp38
 70
     1
102
RTVSPost2010Prop39
140
1.0
102
RTVSPost2010PropOp39
 70
     1
102
RTVSPost2010Prop40
 90
        0
102
RTVSPost2010PropOp40
 70
     1
102
RTVSPost2010Prop41ColorIndex
 90
       18
102
RTVSPost2010Prop41ColorRGB
 90
        0
102
RTVSPost2010PropOp41
 70
     1
102
RTVSPost2010Prop42
 90
       50
102
RTVSPost2010PropOp42
 70
     1
102
RTVSPost2010Prop43
 90
        3
102
RTVSPost2010PropOp43
 70
     1
102
RTVSPost2010Prop44ColorIndex
 90
        5
102
RTVSPost2010Prop44ColorRGB
 90
      255
102
RTVSPost2010PropOp44
 70
     1
102
RTVSPost2010Prop45
280
     0
102
RTVSPost2010PropOp45
 70
     1
102
RTVSPost2010Prop46
 90
       50
102
RTVSPost2010PropOp46
 70
     1
102
RTVSPost2010Prop47
 90
       50
102
RTVSPost2010PropOp47
 70
     1
102
RTVSPost2010Prop48
 90
       50
102
RTVSPost2010PropOp48
 70
     1
102
RTVSPost2010Prop49
280
     0
102
RTVSPost2010PropOp49
 70
     1
102
RTVSPost2010Prop50
 90
       50
102
RTVSPost2010PropOp50
 70
     1
102
RTVSPost2010Prop51ColorIndex
 90
      256
102
RTVSPost2010Prop51ColorRGB
 90
-16777216
102
RTVSPost2010PropOp51
 70
     0
102
RTVSPost2010Prop52
140
1.0
102
RTVSPost2010PropOp52
 70
     0
102
RTVSPost2010Prop53
 90
        2
102
RTVSPost2010PropOp53
 70
     1
102
RTVSPost2010Prop54
  1
strokes_ogs.tif
102
RTVSPost2010PropOp54
 70
     1
102
RTVSPost2010Prop55
280
     0
102
RTVSPost2010PropOp55
 70
     1
102
RTVSPost2010Prop56
140
1.0
102
RTVSPost2010PropOp56
 70
     1
102
RTVSPost2010Prop57
140
1.0
102
RTVSPost2010PropOp57
 70
     1
  0
XRECORD
  5
506
102
{ACAD_REACTORS
330
505
102
}
330
505
100
AcDbXrecord
280
     1
102
RTVSPropertyOp0
 70
     1
102
RTVSPropertyOp1
 70
     1
102
RTVSPropertyOp2
 70
     1
102
RTVSPropertyOp3
 70
     1
102
RTVSPropertyOp4
 70
     1
102
RTVSPropertyOp5
 70
     1
102
RTVSPropertyOp6
 70
     1
102
RTVSPropertyOp7
 70
     1
102
RTVSPropertyOp8
 70
     1
102
RTVSPropertyOp9
 70
     1
102
RTVSPropertyOp10
 70
     1
102
RTVSPropertyOp11
 70
     1
102
RTVSPropertyOp12
 70
     1
102
RTVSPropertyOp13
 70
     1
102
RTVSPropertyOp14
 70
     1
102
RTVSPropertyOp15
 70
     1
102
RTVSPropertyOp16
 70
     1
102
RTVSPropertyOp17
 70
     1
102
RTVSPropertyOp18
 70
     1
102
RTVSPropertyOp19
 70
     1
102
RTVSPropertyOp20
 70
     1
102
RTVSPropertyOp21
 70
     1
102
RTVSPropertyOp22
 70
     1
102
RTVSPropertyOp23
 70
     1
102
RTVSPropertyOp24
 70
     1
102
RTVSPropertyOp25
 70
     1
102
RTVSPropertyOp26
 70
     1
102
RTVSPropertyOp27
 70
     1
102
RTVSPropertyOp28
 70
     1
102
RTVSPropertyOp29
 70
     1
102
RTVSPropertyOp30
 70
     1
102
RTVSPropertyOp31
 70
     1
102
RTVSPropertyOp32
 70
     1
102
RTVSPropertyOp33
 70
     1
102
RTVSPropertyOp34
 70
     1
102
RTVSPropertyOp35
 70
     1
102
RTVSPropertyOp36
 70
     1
102
RTVSPropertyOp37
 70
     1
102
RTVSPropertyOp38
 70
     1
102
RTVSPropertyOp39
 70
     1
102
RTVSPropertyOp40
 70
     1
102
RTVSPropertyOp41
 70
     1
102
RTVSPropertyOp42
 70
     1
102
RTVSPropertyOp43
 70
     1
102
RTVSPropertyOp44
 70
     1
102
RTVSPropertyOp45
 70
     1
102
RTVSPropertyOp46
 70
     1
102
RTVSPropertyOp47
 70
     1
102
RTVSPropertyOp48
 70
     1
102
RTVSPropertyOp49
 70
     1
102
RTVSPropertyOp50
 70
     1
102
RTVSPropertyOp51
 70
     0
102
RTVSPropertyOp52
 70
     0
102
RTVSPropertyOp53
 70
     1
102
RTVSPropertyOp54
 70
     1
102
RTVSPropertyOp55
 70
     1
102
RTVSPropertyOp56
 70
     1
102
RTVSPropertyOp57
 70
     1
102
RTVSPost2010Prop28
280
     0
102
RTVSPost2010PropOp28
 70
     1
102
RTVSPost2010Prop29
280
     1
102
RTVSPost2010PropOp29
 70
     1
102
RTVSPost2010Prop30
280
     1
102
RTVSPost2010PropOp30
 70
     1
102
RTVSPost2010Prop31
280
     0
102
RTVSPost2010PropOp31
 70
     1
102
RTVSPost2010Prop32
280
     0
102
RTVSPost2010PropOp32
 70
     1
102
RTVSPost2010Prop33
280
     0
102
RTVSPost2010PropOp33
 70
     1
102
RTVSPost2010Prop34
280
     0
102
RTVSPost2010PropOp34
 70
     1
102
RTVSPost2010Prop35
280
     0
102
RTVSPost2010PropOp35
 70
     1
102
RTVSPost2010Prop36
280
     0
102
RTVSPost2010PropOp36
 70
     1
102
RTVSPost2010Prop37
 90
       50
102
RTVSPost2010PropOp37
 70
     1
102
RTVSPost2010Prop38
140
0.0
102
RTVSPost2010PropOp38
 70
     1
102
RTVSPost2010Prop39
140
1.0
102
RTVSPost2010PropOp39
 70
     1
102
RTVSPost2010Prop40
 90
        0
102
RTVSPost2010PropOp40
 70
     1
102
RTVSPost2010Prop41ColorIndex
 90
       18
102
RTVSPost2010Prop41ColorRGB
 90
        0
102
RTVSPost2010PropOp41
 70
     1
102
RTVSPost2010Prop42
 90
       50
102
RTVSPost2010PropOp42
 70
     1
102
RTVSPost2010Prop43
 90
        3
102
RTVSPost2010PropOp43
 70
     1
102
RTVSPost2010Prop44ColorIndex
 90
        5
102
RTVSPost2010Prop44ColorRGB
 90
      255
102
RTVSPost2010PropOp44
 70
     1
102
RTVSPost2010Prop45
280
     0
102
RTVSPost2010PropOp45
 70
     1
102
RTVSPost2010Prop46
 90
       50
102
RTVSPost2010PropOp46
 70
     1
102
RTVSPost2010Prop47
 90
       50
102
RTVSPost2010PropOp47
 70
     1
102
RTVSPost2010Prop48
 90
       50
102
RTVSPost2010PropOp48
 70
     1
102
RTVSPost2010Prop49
280
     0
102
RTVSPost2010PropOp49
 70
     1
102
RTVSPost2010Prop50
 90
       50
102
RTVSPost2010PropOp50
 70
     1
102
RTVSPost2010Prop51ColorIndex
 90
      256
102
RTVSPost2010Prop51ColorRGB
 90
-16777216
102
RTVSPost2010PropOp51
 70
     0
102
RTVSPost2010Prop52
140
1.0
102
RTVSPost2010PropOp52
 70
     0
102
RTVSPost2010Prop53
 90
        2
102
RTVSPost2010PropOp53
 70
     1
102
RTVSPost2010Prop54
  1
strokes_ogs.tif
102
RTVSPost2010PropOp54
 70
     1
102
RTVSPost2010Prop55
280
     0
102
RTVSPost2010PropOp55
 70
     1
102
RTVSPost2010Prop56
140
1.0
102
RTVSPost2010PropOp56
 70
     1
102
RTVSPost2010Prop57
140
1.0
102
RTVSPost2010PropOp57
 70
     1
  0
XRECORD
  5
508
102
{ACAD_REACTORS
330
507
102
}
330
507
100
AcDbXrecord
280
     1
102
RTVSPropertyOp0
 70
     1
102
RTVSPropertyOp1
 70
     1
102
RTVSPropertyOp2
 70
     1
102
RTVSPropertyOp3
 70
     1
102
RTVSPropertyOp4
 70
     1
102
RTVSPropertyOp5
 70
     1
102
RTVSPropertyOp6
 70
     1
102
RTVSPropertyOp7
 70
     1
102
RTVSPropertyOp8
 70
     1
102
RTVSPropertyOp9
 70
     1
102
RTVSPropertyOp10
 70
     1
102
RTVSPropertyOp11
 70
     1
102
RTVSPropertyOp12
 70
     1
102
RTVSPropertyOp13
 70
     1
102
RTVSPropertyOp14
 70
     1
102
RTVSPropertyOp15
 70
     1
102
RTVSPropertyOp16
 70
     1
102
RTVSPropertyOp17
 70
     1
102
RTVSPropertyOp18
 70
     1
102
RTVSPropertyOp19
 70
     1
102
RTVSPropertyOp20
 70
     1
102
RTVSPropertyOp21
 70
     1
102
RTVSPropertyOp22
 70
     1
102
RTVSPropertyOp23
 70
     1
102
RTVSPropertyOp24
 70
     1
102
RTVSPropertyOp25
 70
     1
102
RTVSPropertyOp26
 70
     1
102
RTVSPropertyOp27
 70
     1
102
RTVSPropertyOp28
 70
     1
102
RTVSPropertyOp29
 70
     1
102
RTVSPropertyOp30
 70
     1
102
RTVSPropertyOp31
 70
     1
102
RTVSPropertyOp32
 70
     1
102
RTVSPropertyOp33
 70
     1
102
RTVSPropertyOp34
 70
     1
102
RTVSPropertyOp35
 70
     1
102
RTVSPropertyOp36
 70
     1
102
RTVSPropertyOp37
 70
     1
102
RTVSPropertyOp38
 70
     1
102
RTVSPropertyOp39
 70
     1
102
RTVSPropertyOp40
 70
     1
102
RTVSPropertyOp41
 70
     1
102
RTVSPropertyOp42
 70
     1
102
RTVSPropertyOp43
 70
     1
102
RTVSPropertyOp44
 70
     1
102
RTVSPropertyOp45
 70
     1
102
RTVSPropertyOp46
 70
     1
102
RTVSPropertyOp47
 70
     1
102
RTVSPropertyOp48
 70
     1
102
RTVSPropertyOp49
 70
     1
102
RTVSPropertyOp50
 70
     1
102
RTVSPropertyOp51
 70
     0
102
RTVSPropertyOp52
 70
     0
102
RTVSPropertyOp53
 70
     1
102
RTVSPropertyOp54
 70
     1
102
RTVSPropertyOp55
 70
     1
102
RTVSPropertyOp56
 70
     1
102
RTVSPropertyOp57
 70
     1
102
RTVSPost2010Prop28
280
     0
102
RTVSPost2010PropOp28
 70
     1
102
RTVSPost2010Prop29
280
     1
102
RTVSPost2010PropOp29
 70
     1
102
RTVSPost2010Prop30
280
     1
102
RTVSPost2010PropOp30
 70
     1
102
RTVSPost2010Prop31
280
     0
102
RTVSPost2010PropOp31
 70
     1
102
RTVSPost2010Prop32
280
     0
102
RTVSPost2010PropOp32
 70
     1
102
RTVSPost2010Prop33
280
     0
102
RTVSPost2010PropOp33
 70
     1
102
RTVSPost2010Prop34
280
     0
102
RTVSPost2010PropOp34
 70
     1
102
RTVSPost2010Prop35
280
     0
102
RTVSPost2010PropOp35
 70
     1
102
RTVSPost2010Prop36
280
     0
102
RTVSPost2010PropOp36
 70
     1
102
RTVSPost2010Prop37
 90
       50
102
RTVSPost2010PropOp37
 70
     1
102
RTVSPost2010Prop38
140
0.0
102
RTVSPost2010PropOp38
 70
     1
102
RTVSPost2010Prop39
140
1.0
102
RTVSPost2010PropOp39
 70
     1
102
RTVSPost2010Prop40
 90
        0
102
RTVSPost2010PropOp40
 70
     1
102
RTVSPost2010Prop41ColorIndex
 90
       18
102
RTVSPost2010Prop41ColorRGB
 90
        0
102
RTVSPost2010PropOp41
 70
     1
102
RTVSPost2010Prop42
 90
       50
102
RTVSPost2010PropOp42
 70
     1
102
RTVSPost2010Prop43
 90
        3
102
RTVSPost2010PropOp43
 70
     1
102
RTVSPost2010Prop44ColorIndex
 90
        5
102
RTVSPost2010Prop44ColorRGB
 90
      255
102
RTVSPost2010PropOp44
 70
     1
102
RTVSPost2010Prop45
280
     0
102
RTVSPost2010PropOp45
 70
     1
102
RTVSPost2010Prop46
 90
       50
102
RTVSPost2010PropOp46
 70
     1
102
RTVSPost2010Prop47
 90
       50
102
RTVSPost2010PropOp47
 70
     1
102
RTVSPost2010Prop48
 90
       50
102
RTVSPost2010PropOp48
 70
     1
102
RTVSPost2010Prop49
280
     0
102
RTVSPost2010PropOp49
 70
     1
102
RTVSPost2010Prop50
 90
       50
102
RTVSPost2010PropOp50
 70
     1
102
RTVSPost2010Prop51ColorIndex
 90
      256
102
RTVSPost2010Prop51ColorRGB
 90
-16777216
102
RTVSPost2010PropOp51
 70
     0
102
RTVSPost2010Prop52
140
1.0
102
RTVSPost2010PropOp52
 70
     0
102
RTVSPost2010Prop53
 90
        2
102
RTVSPost2010PropOp53
 70
     1
102
RTVSPost2010Prop54
  1
strokes_ogs.tif
102
RTVSPost2010PropOp54
 70
     1
102
RTVSPost2010Prop55
280
     0
102
RTVSPost2010PropOp55
 70
     1
102
RTVSPost2010Prop56
140
1.0
102
RTVSPost2010PropOp56
 70
     1
102
RTVSPost2010Prop57
140
1.0
102
RTVSPost2010PropOp57
 70
     1
  0
XRECORD
  5
50A
102
{ACAD_REACTORS
330
509
102
}
330
509
100
AcDbXrecord
280
     1
102
RTVSPropertyOp0
 70
     1
102
RTVSPropertyOp1
 70
     1
102
RTVSPropertyOp2
 70
     1
102
RTVSPropertyOp3
 70
     1
102
RTVSPropertyOp4
 70
     1
102
RTVSPropertyOp5
 70
     1
102
RTVSPropertyOp6
 70
     1
102
RTVSPropertyOp7
 70
     1
102
RTVSPropertyOp8
 70
     1
102
RTVSPropertyOp9
 70
     1
102
RTVSPropertyOp10
 70
     1
102
RTVSPropertyOp11
 70
     1
102
RTVSPropertyOp12
 70
     1
102
RTVSPropertyOp13
 70
     1
102
RTVSPropertyOp14
 70
     1
102
RTVSPropertyOp15
 70
     1
102
RTVSPropertyOp16
 70
     1
102
RTVSPropertyOp17
 70
     1
102
RTVSPropertyOp18
 70
     1
102
RTVSPropertyOp19
 70
     1
102
RTVSPropertyOp20
 70
     1
102
RTVSPropertyOp21
 70
     1
102
RTVSPropertyOp22
 70
     1
102
RTVSPropertyOp23
 70
     1
102
RTVSPropertyOp24
 70
     1
102
RTVSPropertyOp25
 70
     1
102
RTVSPropertyOp26
 70
     1
102
RTVSPropertyOp27
 70
     1
102
RTVSPropertyOp28
 70
     1
102
RTVSPropertyOp29
 70
     1
102
RTVSPropertyOp30
 70
     1
102
RTVSPropertyOp31
 70
     1
102
RTVSPropertyOp32
 70
     1
102
RTVSPropertyOp33
 70
     1
102
RTVSPropertyOp34
 70
     1
102
RTVSPropertyOp35
 70
     1
102
RTVSPropertyOp36
 70
     1
102
RTVSPropertyOp37
 70
     1
102
RTVSPropertyOp38
 70
     1
102
RTVSPropertyOp39
 70
     1
102
RTVSPropertyOp40
 70
     1
102
RTVSPropertyOp41
 70
     1
102
RTVSPropertyOp42
 70
     1
102
RTVSPropertyOp43
 70
     1
102
RTVSPropertyOp44
 70
     1
102
RTVSPropertyOp45
 70
     1
102
RTVSPropertyOp46
 70
     1
102
RTVSPropertyOp47
 70
     1
102
RTVSPropertyOp48
 70
     1
102
RTVSPropertyOp49
 70
     1
102
RTVSPropertyOp50
 70
     1
102
RTVSPropertyOp51
 70
     0
102
RTVSPropertyOp52
 70
     0
102
RTVSPropertyOp53
 70
     1
102
RTVSPropertyOp54
 70
     1
102
RTVSPropertyOp55
 70
     1
102
RTVSPropertyOp56
 70
     1
102
RTVSPropertyOp57
 70
     1
102
RTVSPost2010Prop28
280
     0
102
RTVSPost2010PropOp28
 70
     1
102
RTVSPost2010Prop29
280
     1
102
RTVSPost2010PropOp29
 70
     1
102
RTVSPost2010Prop30
280
     1
102
RTVSPost2010PropOp30
 70
     1
102
RTVSPost2010Prop31
280
     0
102
RTVSPost2010PropOp31
 70
     1
102
RTVSPost2010Prop32
280
     0
102
RTVSPost2010PropOp32
 70
     1
102
RTVSPost2010Prop33
280
     0
102
RTVSPost2010PropOp33
 70
     1
102
RTVSPost2010Prop34
280
     0
102
RTVSPost2010PropOp34
 70
     1
102
RTVSPost2010Prop35
280
     0
102
RTVSPost2010PropOp35
 70
     1
102
RTVSPost2010Prop36
280
     0
102
RTVSPost2010PropOp36
 70
     1
102
RTVSPost2010Prop37
 90
       50
102
RTVSPost2010PropOp37
 70
     1
102
RTVSPost2010Prop38
140
0.0
102
RTVSPost2010PropOp38
 70
     1
102
RTVSPost2010Prop39
140
1.0
102
RTVSPost2010PropOp39
 70
     1
102
RTVSPost2010Prop40
 90
        0
102
RTVSPost2010PropOp40
 70
     1
102
RTVSPost2010Prop41ColorIndex
 90
       18
102
RTVSPost2010Prop41ColorRGB
 90
        0
102
RTVSPost2010PropOp41
 70
     1
102
RTVSPost2010Prop42
 90
       50
102
RTVSPost2010PropOp42
 70
     1
102
RTVSPost2010Prop43
 90
        3
102
RTVSPost2010PropOp43
 70
     1
102
RTVSPost2010Prop44ColorIndex
 90
        5
102
RTVSPost2010Prop44ColorRGB
 90
      255
102
RTVSPost2010PropOp44
 70
     1
102
RTVSPost2010Prop45
280
     0
102
RTVSPost2010PropOp45
 70
     1
102
RTVSPost2010Prop46
 90
       50
102
RTVSPost2010PropOp46
 70
     1
102
RTVSPost2010Prop47
 90
       50
102
RTVSPost2010PropOp47
 70
     1
102
RTVSPost2010Prop48
 90
       50
102
RTVSPost2010PropOp48
 70
     1
102
RTVSPost2010Prop49
280
     0
102
RTVSPost2010PropOp49
 70
     1
102
RTVSPost2010Prop50
 90
       50
102
RTVSPost2010PropOp50
 70
     1
102
RTVSPost2010Prop51ColorIndex
 90
      256
102
RTVSPost2010Prop51ColorRGB
 90
-16777216
102
RTVSPost2010PropOp51
 70
     0
102
RTVSPost2010Prop52
140
1.0
102
RTVSPost2010PropOp52
 70
     0
102
RTVSPost2010Prop53
 90
        2
102
RTVSPost2010PropOp53
 70
     1
102
RTVSPost2010Prop54
  1
strokes_ogs.tif
102
RTVSPost2010PropOp54
 70
     1
102
RTVSPost2010Prop55
280
     0
102
RTVSPost2010PropOp55
 70
     1
102
RTVSPost2010Prop56
140
1.0
102
RTVSPost2010PropOp56
 70
     1
102
RTVSPost2010Prop57
140
1.0
102
RTVSPost2010PropOp57
 70
     1
  0
XRECORD
  5
510
102
{ACAD_REACTORS
330
50F
102
}
330
50F
100
AcDbXrecord
280
     1
102
RTVSPropertyOp0
 70
     1
102
RTVSPropertyOp1
 70
     1
102
RTVSPropertyOp2
 70
     1
102
RTVSPropertyOp3
 70
     1
102
RTVSPropertyOp4
 70
     1
102
RTVSPropertyOp5
 70
     1
102
RTVSPropertyOp6
 70
     1
102
RTVSPropertyOp7
 70
     1
102
RTVSPropertyOp8
 70
     1
102
RTVSPropertyOp9
 70
     1
102
RTVSPropertyOp10
 70
     1
102
RTVSPropertyOp11
 70
     1
102
RTVSPropertyOp12
 70
     1
102
RTVSPropertyOp13
 70
     1
102
RTVSPropertyOp14
 70
     1
102
RTVSPropertyOp15
 70
     1
102
RTVSPropertyOp16
 70
     1
102
RTVSPropertyOp17
 70
     1
102
RTVSPropertyOp18
 70
     1
102
RTVSPropertyOp19
 70
     1
102
RTVSPropertyOp20
 70
     1
102
RTVSPropertyOp21
 70
     1
102
RTVSPropertyOp22
 70
     1
102
RTVSPropertyOp23
 70
     1
102
RTVSPropertyOp24
 70
     1
102
RTVSPropertyOp25
 70
     1
102
RTVSPropertyOp26
 70
     1
102
RTVSPropertyOp27
 70
     1
102
RTVSPropertyOp28
 70
     1
102
RTVSPropertyOp29
 70
     1
102
RTVSPropertyOp30
 70
     1
102
RTVSPropertyOp31
 70
     1
102
RTVSPropertyOp32
 70
     1
102
RTVSPropertyOp33
 70
     1
102
RTVSPropertyOp34
 70
     1
102
RTVSPropertyOp35
 70
     1
102
RTVSPropertyOp36
 70
     1
102
RTVSPropertyOp37
 70
     1
102
RTVSPropertyOp38
 70
     1
102
RTVSPropertyOp39
 70
     1
102
RTVSPropertyOp40
 70
     1
102
RTVSPropertyOp41
 70
     1
102
RTVSPropertyOp42
 70
     1
102
RTVSPropertyOp43
 70
     1
102
RTVSPropertyOp44
 70
     1
102
RTVSPropertyOp45
 70
     1
102
RTVSPropertyOp46
 70
     1
102
RTVSPropertyOp47
 70
     1
102
RTVSPropertyOp48
 70
     1
102
RTVSPropertyOp49
 70
     1
102
RTVSPropertyOp50
 70
     1
102
RTVSPropertyOp51
 70
     0
102
RTVSPropertyOp52
 70
     0
102
RTVSPropertyOp53
 70
     1
102
RTVSPropertyOp54
 70
     1
102
RTVSPropertyOp55
 70
     1
102
RTVSPropertyOp56
 70
     1
102
RTVSPropertyOp57
 70
     1
102
RTVSPost2010Prop28
280
     0
102
RTVSPost2010PropOp28
 70
     1
102
RTVSPost2010Prop29
280
     1
102
RTVSPost2010PropOp29
 70
     1
102
RTVSPost2010Prop30
280
     1
102
RTVSPost2010PropOp30
 70
     1
102
RTVSPost2010Prop31
280
     0
102
RTVSPost2010PropOp31
 70
     1
102
RTVSPost2010Prop32
280
     0
102
RTVSPost2010PropOp32
 70
     1
102
RTVSPost2010Prop33
280
     0
102
RTVSPost2010PropOp33
 70
     1
102
RTVSPost2010Prop34
280
     0
102
RTVSPost2010PropOp34
 70
     1
102
RTVSPost2010Prop35
280
     0
102
RTVSPost2010PropOp35
 70
     1
102
RTVSPost2010Prop36
280
     0
102
RTVSPost2010PropOp36
 70
     1
102
RTVSPost2010Prop37
 90
       50
102
RTVSPost2010PropOp37
 70
     1
102
RTVSPost2010Prop38
140
0.0
102
RTVSPost2010PropOp38
 70
     1
102
RTVSPost2010Prop39
140
1.0
102
RTVSPost2010PropOp39
 70
     1
102
RTVSPost2010Prop40
 90
        0
102
RTVSPost2010PropOp40
 70
     1
102
RTVSPost2010Prop41ColorIndex
 90
       18
102
RTVSPost2010Prop41ColorRGB
 90
        0
102
RTVSPost2010PropOp41
 70
     1
102
RTVSPost2010Prop42
 90
       50
102
RTVSPost2010PropOp42
 70
     1
102
RTVSPost2010Prop43
 90
        3
102
RTVSPost2010PropOp43
 70
     1
102
RTVSPost2010Prop44ColorIndex
 90
        5
102
RTVSPost2010Prop44ColorRGB
 90
      255
102
RTVSPost2010PropOp44
 70
     1
102
RTVSPost2010Prop45
280
     0
102
RTVSPost2010PropOp45
 70
     1
102
RTVSPost2010Prop46
 90
       50
102
RTVSPost2010PropOp46
 70
     1
102
RTVSPost2010Prop47
 90
       50
102
RTVSPost2010PropOp47
 70
     1
102
RTVSPost2010Prop48
 90
       50
102
RTVSPost2010PropOp48
 70
     1
102
RTVSPost2010Prop49
280
     0
102
RTVSPost2010PropOp49
 70
     1
102
RTVSPost2010Prop50
 90
       50
102
RTVSPost2010PropOp50
 70
     1
102
RTVSPost2010Prop51ColorIndex
 90
      256
102
RTVSPost2010Prop51ColorRGB
 90
-16777216
102
RTVSPost2010PropOp51
 70
     0
102
RTVSPost2010Prop52
140
1.0
102
RTVSPost2010PropOp52
 70
     0
102
RTVSPost2010Prop53
 90
        2
102
RTVSPost2010PropOp53
 70
     1
102
RTVSPost2010Prop54
  1
strokes_ogs.tif
102
RTVSPost2010PropOp54
 70
     1
102
RTVSPost2010Prop55
280
     0
102
RTVSPost2010PropOp55
 70
     1
102
RTVSPost2010Prop56
140
1.0
102
RTVSPost2010PropOp56
 70
     1
102
RTVSPost2010Prop57
140
1.0
102
RTVSPost2010PropOp57
 70
     1
  0
XRECORD
  5
524
102
{ACAD_REACTORS
330
523
102
}
330
523
100
AcDbXrecord
280
     1
102
RTVSPropertyOp0
 70
     0
102
RTVSPropertyOp1
 70
     0
102
RTVSPropertyOp2
 70
     0
102
RTVSPropertyOp3
 70
     0
102
RTVSPropertyOp4
 70
     0
102
RTVSPropertyOp5
 70
     0
102
RTVSPropertyOp6
 70
     0
102
RTVSPropertyOp7
 70
     0
102
RTVSPropertyOp8
 70
     0
102
RTVSPropertyOp9
 70
     0
102
RTVSPropertyOp10
 70
     0
102
RTVSPropertyOp11
 70
     0
102
RTVSPropertyOp12
 70
     0
102
RTVSPropertyOp13
 70
     0
102
RTVSPropertyOp14
 70
     2
102
RTVSPropertyOp15
 70
     0
102
RTVSPropertyOp16
 70
     0
102
RTVSPropertyOp17
 70
     0
102
RTVSPropertyOp18
 70
     0
102
RTVSPropertyOp19
 70
     0
102
RTVSPropertyOp20
 70
     0
102
RTVSPropertyOp21
 70
     0
102
RTVSPropertyOp22
 70
     0
102
RTVSPropertyOp23
 70
     0
102
RTVSPropertyOp24
 70
     0
102
RTVSPropertyOp25
 70
     0
102
RTVSPropertyOp26
 70
     0
102
RTVSPropertyOp27
 70
     0
102
RTVSPropertyOp28
 70
     0
102
RTVSPropertyOp29
 70
     0
102
RTVSPropertyOp30
 70
     0
102
RTVSPropertyOp31
 70
     0
102
RTVSPropertyOp32
 70
     0
102
RTVSPropertyOp33
 70
     0
102
RTVSPropertyOp34
 70
     0
102
RTVSPropertyOp35
 70
     0
102
RTVSPropertyOp36
 70
     0
102
RTVSPropertyOp37
 70
     0
102
RTVSPropertyOp38
 70
     0
102
RTVSPropertyOp39
 70
     0
102
RTVSPropertyOp40
 70
     0
102
RTVSPropertyOp41
 70
     0
102
RTVSPropertyOp42
 70
     0
102
RTVSPropertyOp43
 70
     0
102
RTVSPropertyOp44
 70
     0
102
RTVSPropertyOp45
 70
     0
102
RTVSPropertyOp46
 70
     0
102
RTVSPropertyOp47
 70
     0
102
RTVSPropertyOp48
 70
     0
102
RTVSPropertyOp49
 70
     0
102
RTVSPropertyOp50
 70
     0
102
RTVSPropertyOp51
 70
     0
102
RTVSPropertyOp52
 70
     0
102
RTVSPropertyOp53
 70
     0
102
RTVSPropertyOp54
 70
     0
102
RTVSPropertyOp55
 70
     0
102
RTVSPropertyOp56
 70
     0
102
RTVSPropertyOp57
 70
     0
102
RTVSPost2010Prop28
280
     0
102
RTVSPost2010PropOp28
 70
     0
102
RTVSPost2010Prop29
280
     1
102
RTVSPost2010PropOp29
 70
     0
102
RTVSPost2010Prop30
280
     1
102
RTVSPost2010PropOp30
 70
     0
102
RTVSPost2010Prop31
280
     0
102
RTVSPost2010PropOp31
 70
     0
102
RTVSPost2010Prop32
280
     0
102
RTVSPost2010PropOp32
 70
     0
102
RTVSPost2010Prop33
280
     0
102
RTVSPost2010PropOp33
 70
     0
102
RTVSPost2010Prop34
280
     0
102
RTVSPost2010PropOp34
 70
     0
102
RTVSPost2010Prop35
280
     0
102
RTVSPost2010PropOp35
 70
     0
102
RTVSPost2010Prop36
280
     0
102
RTVSPost2010PropOp36
 70
     0
102
RTVSPost2010Prop37
 90
       50
102
RTVSPost2010PropOp37
 70
     0
102
RTVSPost2010Prop38
140
0.0
102
RTVSPost2010PropOp38
 70
     0
102
RTVSPost2010Prop39
140
1.0
102
RTVSPost2010PropOp39
 70
     0
102
RTVSPost2010Prop40
 90
        0
102
RTVSPost2010PropOp40
 70
     0
102
RTVSPost2010Prop41ColorIndex
 90
       18
102
RTVSPost2010Prop41ColorRGB
 90
        0
102
RTVSPost2010PropOp41
 70
     0
102
RTVSPost2010Prop42
 90
       50
102
RTVSPost2010PropOp42
 70
     0
102
RTVSPost2010Prop43
 90
        3
102
RTVSPost2010PropOp43
 70
     0
102
RTVSPost2010Prop44ColorIndex
 90
        5
102
RTVSPost2010Prop44ColorRGB
 90
      255
102
RTVSPost2010PropOp44
 70
     0
102
RTVSPost2010Prop45
280
     0
102
RTVSPost2010PropOp45
 70
     0
102
RTVSPost2010Prop46
 90
       50
102
RTVSPost2010PropOp46
 70
     0
102
RTVSPost2010Prop47
 90
       50
102
RTVSPost2010PropOp47
 70
     0
102
RTVSPost2010Prop48
 90
       50
102
RTVSPost2010PropOp48
 70
     0
102
RTVSPost2010Prop49
280
     0
102
RTVSPost2010PropOp49
 70
     0
102
RTVSPost2010Prop50
 90
       50
102
RTVSPost2010PropOp50
 70
     0
102
RTVSPost2010Prop51ColorIndex
 90
      256
102
RTVSPost2010Prop51ColorRGB
 90
-16777216
102
RTVSPost2010PropOp51
 70
     0
102
RTVSPost2010Prop52
140
1.0
102
RTVSPost2010PropOp52
 70
     0
102
RTVSPost2010Prop53
 90
        2
102
RTVSPost2010PropOp53
 70
     0
102
RTVSPost2010Prop54
  1
strokes_ogs.tif
102
RTVSPost2010PropOp54
 70
     0
102
RTVSPost2010Prop55
280
     0
102
RTVSPost2010PropOp55
 70
     0
102
RTVSPost2010Prop56
140
1.0
102
RTVSPost2010PropOp56
 70
     0
102
RTVSPost2010Prop57
140
1.0
102
RTVSPost2010PropOp57
 70
     0
  0
XRECORD
  5
51E
102
{ACAD_REACTORS
330
51D
102
}
330
51D
100
AcDbXrecord
280
     1
102
RTVSPropertyOp0
 70
     1
102
RTVSPropertyOp1
 70
     1
102
RTVSPropertyOp2
 70
     1
102
RTVSPropertyOp3
 70
     1
102
RTVSPropertyOp4
 70
     1
102
RTVSPropertyOp5
 70
     1
102
RTVSPropertyOp6
 70
     1
102
RTVSPropertyOp7
 70
     1
102
RTVSPropertyOp8
 70
     1
102
RTVSPropertyOp9
 70
     1
102
RTVSPropertyOp10
 70
     1
102
RTVSPropertyOp11
 70
     1
102
RTVSPropertyOp12
 70
     1
102
RTVSPropertyOp13
 70
     1
102
RTVSPropertyOp14
 70
     1
102
RTVSPropertyOp15
 70
     1
102
RTVSPropertyOp16
 70
     1
102
RTVSPropertyOp17
 70
     1
102
RTVSPropertyOp18
 70
     1
102
RTVSPropertyOp19
 70
     1
102
RTVSPropertyOp20
 70
     1
102
RTVSPropertyOp21
 70
     1
102
RTVSPropertyOp22
 70
     1
102
RTVSPropertyOp23
 70
     1
102
RTVSPropertyOp24
 70
     1
102
RTVSPropertyOp25
 70
     1
102
RTVSPropertyOp26
 70
     1
102
RTVSPropertyOp27
 70
     1
102
RTVSPropertyOp28
 70
     1
102
RTVSPropertyOp29
 70
     1
102
RTVSPropertyOp30
 70
     1
102
RTVSPropertyOp31
 70
     1
102
RTVSPropertyOp32
 70
     1
102
RTVSPropertyOp33
 70
     1
102
RTVSPropertyOp34
 70
     1
102
RTVSPropertyOp35
 70
     1
102
RTVSPropertyOp36
 70
     1
102
RTVSPropertyOp37
 70
     1
102
RTVSPropertyOp38
 70
     1
102
RTVSPropertyOp39
 70
     1
102
RTVSPropertyOp40
 70
     1
102
RTVSPropertyOp41
 70
     1
102
RTVSPropertyOp42
 70
     1
102
RTVSPropertyOp43
 70
     1
102
RTVSPropertyOp44
 70
     1
102
RTVSPropertyOp45
 70
     1
102
RTVSPropertyOp46
 70
     1
102
RTVSPropertyOp47
 70
     1
102
RTVSPropertyOp48
 70
     1
102
RTVSPropertyOp49
 70
     1
102
RTVSPropertyOp50
 70
     1
102
RTVSPropertyOp51
 70
     0
102
RTVSPropertyOp52
 70
     0
102
RTVSPropertyOp53
 70
     1
102
RTVSPropertyOp54
 70
     1
102
RTVSPropertyOp55
 70
     1
102
RTVSPropertyOp56
 70
     1
102
RTVSPropertyOp57
 70
     1
102
RTVSPost2010Prop28
280
     0
102
RTVSPost2010PropOp28
 70
     1
102
RTVSPost2010Prop29
280
     1
102
RTVSPost2010PropOp29
 70
     1
102
RTVSPost2010Prop30
280
     1
102
RTVSPost2010PropOp30
 70
     1
102
RTVSPost2010Prop31
280
     0
102
RTVSPost2010PropOp31
 70
     1
102
RTVSPost2010Prop32
280
     0
102
RTVSPost2010PropOp32
 70
     1
102
RTVSPost2010Prop33
280
     0
102
RTVSPost2010PropOp33
 70
     1
102
RTVSPost2010Prop34
280
     0
102
RTVSPost2010PropOp34
 70
     1
102
RTVSPost2010Prop35
280
     0
102
RTVSPost2010PropOp35
 70
     1
102
RTVSPost2010Prop36
280
     0
102
RTVSPost2010PropOp36
 70
     1
102
RTVSPost2010Prop37
 90
       50
102
RTVSPost2010PropOp37
 70
     1
102
RTVSPost2010Prop38
140
0.0
102
RTVSPost2010PropOp38
 70
     1
102
RTVSPost2010Prop39
140
1.0
102
RTVSPost2010PropOp39
 70
     1
102
RTVSPost2010Prop40
 90
        0
102
RTVSPost2010PropOp40
 70
     1
102
RTVSPost2010Prop41ColorIndex
 90
       18
102
RTVSPost2010Prop41ColorRGB
 90
        0
102
RTVSPost2010PropOp41
 70
     1
102
RTVSPost2010Prop42
 90
       50
102
RTVSPost2010PropOp42
 70
     1
102
RTVSPost2010Prop43
 90
        3
102
RTVSPost2010PropOp43
 70
     1
102
RTVSPost2010Prop44ColorIndex
 90
        5
102
RTVSPost2010Prop44ColorRGB
 90
      255
102
RTVSPost2010PropOp44
 70
     1
102
RTVSPost2010Prop45
280
     0
102
RTVSPost2010PropOp45
 70
     1
102
RTVSPost2010Prop46
 90
       50
102
RTVSPost2010PropOp46
 70
     1
102
RTVSPost2010Prop47
 90
       50
102
RTVSPost2010PropOp47
 70
     1
102
RTVSPost2010Prop48
 90
       50
102
RTVSPost2010PropOp48
 70
     1
102
RTVSPost2010Prop49
280
     0
102
RTVSPost2010PropOp49
 70
     1
102
RTVSPost2010Prop50
 90
       50
102
RTVSPost2010PropOp50
 70
     1
102
RTVSPost2010Prop51ColorIndex
 90
      256
102
RTVSPost2010Prop51ColorRGB
 90
-16777216
102
RTVSPost2010PropOp51
 70
     0
102
RTVSPost2010Prop52
140
1.0
102
RTVSPost2010PropOp52
 70
     0
102
RTVSPost2010Prop53
 90
        2
102
RTVSPost2010PropOp53
 70
     1
102
RTVSPost2010Prop54
  1
strokes_ogs.tif
102
RTVSPost2010PropOp54
 70
     1
102
RTVSPost2010Prop55
280
     0
102
RTVSPost2010PropOp55
 70
     1
102
RTVSPost2010Prop56
140
1.0
102
RTVSPost2010PropOp56
 70
     1
102
RTVSPost2010Prop57
140
1.0
102
RTVSPost2010PropOp57
 70
     1
  0
XRECORD
  5
526
102
{ACAD_REACTORS
330
525
102
}
330
525
100
AcDbXrecord
280
     1
102
RTVSPropertyOp0
 70
     0
102
RTVSPropertyOp1
 70
     0
102
RTVSPropertyOp2
 70
     0
102
RTVSPropertyOp3
 70
     0
102
RTVSPropertyOp4
 70
     0
102
RTVSPropertyOp5
 70
     0
102
RTVSPropertyOp6
 70
     0
102
RTVSPropertyOp7
 70
     0
102
RTVSPropertyOp8
 70
     0
102
RTVSPropertyOp9
 70
     0
102
RTVSPropertyOp10
 70
     0
102
RTVSPropertyOp11
 70
     0
102
RTVSPropertyOp12
 70
     0
102
RTVSPropertyOp13
 70
     0
102
RTVSPropertyOp14
 70
     2
102
RTVSPropertyOp15
 70
     0
102
RTVSPropertyOp16
 70
     0
102
RTVSPropertyOp17
 70
     0
102
RTVSPropertyOp18
 70
     0
102
RTVSPropertyOp19
 70
     0
102
RTVSPropertyOp20
 70
     0
102
RTVSPropertyOp21
 70
     0
102
RTVSPropertyOp22
 70
     0
102
RTVSPropertyOp23
 70
     0
102
RTVSPropertyOp24
 70
     0
102
RTVSPropertyOp25
 70
     0
102
RTVSPropertyOp26
 70
     0
102
RTVSPropertyOp27
 70
     0
102
RTVSPropertyOp28
 70
     0
102
RTVSPropertyOp29
 70
     0
102
RTVSPropertyOp30
 70
     0
102
RTVSPropertyOp31
 70
     0
102
RTVSPropertyOp32
 70
     0
102
RTVSPropertyOp33
 70
     0
102
RTVSPropertyOp34
 70
     0
102
RTVSPropertyOp35
 70
     0
102
RTVSPropertyOp36
 70
     0
102
RTVSPropertyOp37
 70
     0
102
RTVSPropertyOp38
 70
     0
102
RTVSPropertyOp39
 70
     0
102
RTVSPropertyOp40
 70
     0
102
RTVSPropertyOp41
 70
     0
102
RTVSPropertyOp42
 70
     0
102
RTVSPropertyOp43
 70
     0
102
RTVSPropertyOp44
 70
     0
102
RTVSPropertyOp45
 70
     0
102
RTVSPropertyOp46
 70
     0
102
RTVSPropertyOp47
 70
     0
102
RTVSPropertyOp48
 70
     0
102
RTVSPropertyOp49
 70
     0
102
RTVSPropertyOp50
 70
     0
102
RTVSPropertyOp51
 70
     0
102
RTVSPropertyOp52
 70
     0
102
RTVSPropertyOp53
 70
     0
102
RTVSPropertyOp54
 70
     0
102
RTVSPropertyOp55
 70
     0
102
RTVSPropertyOp56
 70
     0
102
RTVSPropertyOp57
 70
     0
102
RTVSPost2010Prop28
280
     0
102
RTVSPost2010PropOp28
 70
     0
102
RTVSPost2010Prop29
280
     1
102
RTVSPost2010PropOp29
 70
     0
102
RTVSPost2010Prop30
280
     1
102
RTVSPost2010PropOp30
 70
     0
102
RTVSPost2010Prop31
280
     0
102
RTVSPost2010PropOp31
 70
     0
102
RTVSPost2010Prop32
280
     0
102
RTVSPost2010PropOp32
 70
     0
102
RTVSPost2010Prop33
280
     0
102
RTVSPost2010PropOp33
 70
     0
102
RTVSPost2010Prop34
280
     0
102
RTVSPost2010PropOp34
 70
     0
102
RTVSPost2010Prop35
280
     0
102
RTVSPost2010PropOp35
 70
     0
102
RTVSPost2010Prop36
280
     0
102
RTVSPost2010PropOp36
 70
     0
102
RTVSPost2010Prop37
 90
       50
102
RTVSPost2010PropOp37
 70
     0
102
RTVSPost2010Prop38
140
0.0
102
RTVSPost2010PropOp38
 70
     0
102
RTVSPost2010Prop39
140
1.0
102
RTVSPost2010PropOp39
 70
     0
102
RTVSPost2010Prop40
 90
        0
102
RTVSPost2010PropOp40
 70
     0
102
RTVSPost2010Prop41ColorIndex
 90
       18
102
RTVSPost2010Prop41ColorRGB
 90
        0
102
RTVSPost2010PropOp41
 70
     0
102
RTVSPost2010Prop42
 90
       50
102
RTVSPost2010PropOp42
 70
     0
102
RTVSPost2010Prop43
 90
        3
102
RTVSPost2010PropOp43
 70
     0
102
RTVSPost2010Prop44ColorIndex
 90
        5
102
RTVSPost2010Prop44ColorRGB
 90
      255
102
RTVSPost2010PropOp44
 70
     0
102
RTVSPost2010Prop45
280
     0
102
RTVSPost2010PropOp45
 70
     0
102
RTVSPost2010Prop46
 90
       50
102
RTVSPost2010PropOp46
 70
     0
102
RTVSPost2010Prop47
 90
       50
102
RTVSPost2010PropOp47
 70
     0
102
RTVSPost2010Prop48
 90
       50
102
RTVSPost2010PropOp48
 70
     0
102
RTVSPost2010Prop49
280
     0
102
RTVSPost2010PropOp49
 70
     0
102
RTVSPost2010Prop50
 90
       50
102
RTVSPost2010PropOp50
 70
     0
102
RTVSPost2010Prop51ColorIndex
 90
      256
102
RTVSPost2010Prop51ColorRGB
 90
-16777216
102
RTVSPost2010PropOp51
 70
     0
102
RTVSPost2010Prop52
140
1.0
102
RTVSPost2010PropOp52
 70
     0
102
RTVSPost2010Prop53
 90
        2
102
RTVSPost2010PropOp53
 70
     0
102
RTVSPost2010Prop54
  1
strokes_ogs.tif
102
RTVSPost2010PropOp54
 70
     0
102
RTVSPost2010Prop55
280
     0
102
RTVSPost2010PropOp55
 70
     0
102
RTVSPost2010Prop56
140
1.0
102
RTVSPost2010PropOp56
 70
     0
102
RTVSPost2010Prop57
140
1.0
102
RTVSPost2010PropOp57
 70
     0
  0
XRECORD
  5
514
102
{ACAD_REACTORS
330
513
102
}
330
513
100
AcDbXrecord
280
     1
102
RTVSPropertyOp0
 70
     1
102
RTVSPropertyOp1
 70
     1
102
RTVSPropertyOp2
 70
     1
102
RTVSPropertyOp3
 70
     1
102
RTVSPropertyOp4
 70
     1
102
RTVSPropertyOp5
 70
     1
102
RTVSPropertyOp6
 70
     1
102
RTVSPropertyOp7
 70
     1
102
RTVSPropertyOp8
 70
     1
102
RTVSPropertyOp9
 70
     1
102
RTVSPropertyOp10
 70
     1
102
RTVSPropertyOp11
 70
     1
102
RTVSPropertyOp12
 70
     1
102
RTVSPropertyOp13
 70
     1
102
RTVSPropertyOp14
 70
     1
102
RTVSPropertyOp15
 70
     1
102
RTVSPropertyOp16
 70
     1
102
RTVSPropertyOp17
 70
     1
102
RTVSPropertyOp18
 70
     1
102
RTVSPropertyOp19
 70
     1
102
RTVSPropertyOp20
 70
     1
102
RTVSPropertyOp21
 70
     1
102
RTVSPropertyOp22
 70
     1
102
RTVSPropertyOp23
 70
     1
102
RTVSPropertyOp24
 70
     1
102
RTVSPropertyOp25
 70
     1
102
RTVSPropertyOp26
 70
     1
102
RTVSPropertyOp27
 70
     1
102
RTVSPropertyOp28
 70
     1
102
RTVSPropertyOp29
 70
     1
102
RTVSPropertyOp30
 70
     1
102
RTVSPropertyOp31
 70
     1
102
RTVSPropertyOp32
 70
     1
102
RTVSPropertyOp33
 70
     1
102
RTVSPropertyOp34
 70
     1
102
RTVSPropertyOp35
 70
     1
102
RTVSPropertyOp36
 70
     1
102
RTVSPropertyOp37
 70
     1
102
RTVSPropertyOp38
 70
     1
102
RTVSPropertyOp39
 70
     1
102
RTVSPropertyOp40
 70
     1
102
RTVSPropertyOp41
 70
     1
102
RTVSPropertyOp42
 70
     1
102
RTVSPropertyOp43
 70
     1
102
RTVSPropertyOp44
 70
     1
102
RTVSPropertyOp45
 70
     1
102
RTVSPropertyOp46
 70
     1
102
RTVSPropertyOp47
 70
     1
102
RTVSPropertyOp48
 70
     1
102
RTVSPropertyOp49
 70
     1
102
RTVSPropertyOp50
 70
     1
102
RTVSPropertyOp51
 70
     0
102
RTVSPropertyOp52
 70
     0
102
RTVSPropertyOp53
 70
     1
102
RTVSPropertyOp54
 70
     1
102
RTVSPropertyOp55
 70
     1
102
RTVSPropertyOp56
 70
     1
102
RTVSPropertyOp57
 70
     1
102
RTVSPost2010Prop28
280
     0
102
RTVSPost2010PropOp28
 70
     1
102
RTVSPost2010Prop29
280
     1
102
RTVSPost2010PropOp29
 70
     1
102
RTVSPost2010Prop30
280
     1
102
RTVSPost2010PropOp30
 70
     1
102
RTVSPost2010Prop31
280
     0
102
RTVSPost2010PropOp31
 70
     1
102
RTVSPost2010Prop32
280
     0
102
RTVSPost2010PropOp32
 70
     1
102
RTVSPost2010Prop33
280
     0
102
RTVSPost2010PropOp33
 70
     1
102
RTVSPost2010Prop34
280
     0
102
RTVSPost2010PropOp34
 70
     1
102
RTVSPost2010Prop35
280
     0
102
RTVSPost2010PropOp35
 70
     1
102
RTVSPost2010Prop36
280
     0
102
RTVSPost2010PropOp36
 70
     1
102
RTVSPost2010Prop37
 90
       50
102
RTVSPost2010PropOp37
 70
     1
102
RTVSPost2010Prop38
140
0.0
102
RTVSPost2010PropOp38
 70
     1
102
RTVSPost2010Prop39
140
1.0
102
RTVSPost2010PropOp39
 70
     1
102
RTVSPost2010Prop40
 90
        0
102
RTVSPost2010PropOp40
 70
     1
102
RTVSPost2010Prop41ColorIndex
 90
       18
102
RTVSPost2010Prop41ColorRGB
 90
        0
102
RTVSPost2010PropOp41
 70
     1
102
RTVSPost2010Prop42
 90
       50
102
RTVSPost2010PropOp42
 70
     1
102
RTVSPost2010Prop43
 90
        3
102
RTVSPost2010PropOp43
 70
     1
102
RTVSPost2010Prop44ColorIndex
 90
        5
102
RTVSPost2010Prop44ColorRGB
 90
      255
102
RTVSPost2010PropOp44
 70
     1
102
RTVSPost2010Prop45
280
     0
102
RTVSPost2010PropOp45
 70
     1
102
RTVSPost2010Prop46
 90
       50
102
RTVSPost2010PropOp46
 70
     1
102
RTVSPost2010Prop47
 90
       50
102
RTVSPost2010PropOp47
 70
     1
102
RTVSPost2010Prop48
 90
       50
102
RTVSPost2010PropOp48
 70
     1
102
RTVSPost2010Prop49
280
     0
102
RTVSPost2010PropOp49
 70
     1
102
RTVSPost2010Prop50
 90
       50
102
RTVSPost2010PropOp50
 70
     1
102
RTVSPost2010Prop51ColorIndex
 90
      256
102
RTVSPost2010Prop51ColorRGB
 90
-16777216
102
RTVSPost2010PropOp51
 70
     0
102
RTVSPost2010Prop52
140
1.0
102
RTVSPost2010PropOp52
 70
     0
102
RTVSPost2010Prop53
 90
        2
102
RTVSPost2010PropOp53
 70
     1
102
RTVSPost2010Prop54
  1
strokes_ogs.tif
102
RTVSPost2010PropOp54
 70
     1
102
RTVSPost2010Prop55
280
     0
102
RTVSPost2010PropOp55
 70
     1
102
RTVSPost2010Prop56
140
1.0
102
RTVSPost2010PropOp56
 70
     1
102
RTVSPost2010Prop57
140
1.0
102
RTVSPost2010PropOp57
 70
     1
  0
XRECORD
  5
532
102
{ACAD_REACTORS
330
531
102
}
330
531
100
AcDbXrecord
280
     1
102
RTVSPropertyOp0
 70
     1
102
RTVSPropertyOp1
 70
     1
102
RTVSPropertyOp2
 70
     1
102
RTVSPropertyOp3
 70
     1
102
RTVSPropertyOp4
 70
     1
102
RTVSPropertyOp5
 70
     1
102
RTVSPropertyOp6
 70
     1
102
RTVSPropertyOp7
 70
     1
102
RTVSPropertyOp8
 70
     1
102
RTVSPropertyOp9
 70
     1
102
RTVSPropertyOp10
 70
     1
102
RTVSPropertyOp11
 70
     1
102
RTVSPropertyOp12
 70
     1
102
RTVSPropertyOp13
 70
     1
102
RTVSPropertyOp14
 70
     1
102
RTVSPropertyOp15
 70
     1
102
RTVSPropertyOp16
 70
     1
102
RTVSPropertyOp17
 70
     1
102
RTVSPropertyOp18
 70
     1
102
RTVSPropertyOp19
 70
     1
102
RTVSPropertyOp20
 70
     1
102
RTVSPropertyOp21
 70
     1
102
RTVSPropertyOp22
 70
     1
102
RTVSPropertyOp23
 70
     1
102
RTVSPropertyOp24
 70
     1
102
RTVSPropertyOp25
 70
     1
102
RTVSPropertyOp26
 70
     1
102
RTVSPropertyOp27
 70
     1
102
RTVSPropertyOp28
 70
     1
102
RTVSPropertyOp29
 70
     1
102
RTVSPropertyOp30
 70
     1
102
RTVSPropertyOp31
 70
     1
102
RTVSPropertyOp32
 70
     1
102
RTVSPropertyOp33
 70
     1
102
RTVSPropertyOp34
 70
     1
102
RTVSPropertyOp35
 70
     1
102
RTVSPropertyOp36
 70
     1
102
RTVSPropertyOp37
 70
     1
102
RTVSPropertyOp38
 70
     1
102
RTVSPropertyOp39
 70
     1
102
RTVSPropertyOp40
 70
     1
102
RTVSPropertyOp41
 70
     1
102
RTVSPropertyOp42
 70
     1
102
RTVSPropertyOp43
 70
     1
102
RTVSPropertyOp44
 70
     1
102
RTVSPropertyOp45
 70
     1
102
RTVSPropertyOp46
 70
     1
102
RTVSPropertyOp47
 70
     1
102
RTVSPropertyOp48
 70
     1
102
RTVSPropertyOp49
 70
     1
102
RTVSPropertyOp50
 70
     1
102
RTVSPropertyOp51
 70
     0
102
RTVSPropertyOp52
 70
     0
102
RTVSPropertyOp53
 70
     1
102
RTVSPropertyOp54
 70
     1
102
RTVSPropertyOp55
 70
     1
102
RTVSPropertyOp56
 70
     1
102
RTVSPropertyOp57
 70
     1
102
RTVSPost2010Prop28
280
     0
102
RTVSPost2010PropOp28
 70
     1
102
RTVSPost2010Prop29
280
     1
102
RTVSPost2010PropOp29
 70
     1
102
RTVSPost2010Prop30
280
     1
102
RTVSPost2010PropOp30
 70
     1
102
RTVSPost2010Prop31
280
     0
102
RTVSPost2010PropOp31
 70
     1
102
RTVSPost2010Prop32
280
     0
102
RTVSPost2010PropOp32
 70
     1
102
RTVSPost2010Prop33
280
     0
102
RTVSPost2010PropOp33
 70
     1
102
RTVSPost2010Prop34
280
     0
102
RTVSPost2010PropOp34
 70
     1
102
RTVSPost2010Prop35
280
     0
102
RTVSPost2010PropOp35
 70
     1
102
RTVSPost2010Prop36
280
     0
102
RTVSPost2010PropOp36
 70
     1
102
RTVSPost2010Prop37
 90
       50
102
RTVSPost2010PropOp37
 70
     1
102
RTVSPost2010Prop38
140
0.0
102
RTVSPost2010PropOp38
 70
     1
102
RTVSPost2010Prop39
140
1.0
102
RTVSPost2010PropOp39
 70
     1
102
RTVSPost2010Prop40
 90
        0
102
RTVSPost2010PropOp40
 70
     1
102
RTVSPost2010Prop41ColorIndex
 90
       18
102
RTVSPost2010Prop41ColorRGB
 90
        0
102
RTVSPost2010PropOp41
 70
     1
102
RTVSPost2010Prop42
 90
       50
102
RTVSPost2010PropOp42
 70
     1
102
RTVSPost2010Prop43
 90
        3
102
RTVSPost2010PropOp43
 70
     1
102
RTVSPost2010Prop44ColorIndex
 90
        5
102
RTVSPost2010Prop44ColorRGB
 90
      255
102
RTVSPost2010PropOp44
 70
     1
102
RTVSPost2010Prop45
280
     0
102
RTVSPost2010PropOp45
 70
     1
102
RTVSPost2010Prop46
 90
       50
102
RTVSPost2010PropOp46
 70
     1
102
RTVSPost2010Prop47
 90
       50
102
RTVSPost2010PropOp47
 70
     1
102
RTVSPost2010Prop48
 90
       50
102
RTVSPost2010PropOp48
 70
     1
102
RTVSPost2010Prop49
280
     0
102
RTVSPost2010PropOp49
 70
     1
102
RTVSPost2010Prop50
 90
       50
102
RTVSPost2010PropOp50
 70
     1
102
RTVSPost2010Prop51ColorIndex
 90
      256
102
RTVSPost2010Prop51ColorRGB
 90
-16777216
102
RTVSPost2010PropOp51
 70
     0
102
RTVSPost2010Prop52
140
1.0
102
RTVSPost2010PropOp52
 70
     0
102
RTVSPost2010Prop53
 90
        2
102
RTVSPost2010PropOp53
 70
     1
102
RTVSPost2010Prop54
  1
strokes_ogs.tif
102
RTVSPost2010PropOp54
 70
     1
102
RTVSPost2010Prop55
280
     0
102
RTVSPost2010PropOp55
 70
     1
102
RTVSPost2010Prop56
140
1.0
102
RTVSPost2010PropOp56
 70
     1
102
RTVSPost2010Prop57
140
1.0
102
RTVSPost2010PropOp57
 70
     1
  0
XRECORD
  5
530
102
{ACAD_REACTORS
330
52F
102
}
330
52F
100
AcDbXrecord
280
     1
102
RTVSPropertyOp0
 70
     1
102
RTVSPropertyOp1
 70
     1
102
RTVSPropertyOp2
 70
     1
102
RTVSPropertyOp3
 70
     1
102
RTVSPropertyOp4
 70
     1
102
RTVSPropertyOp5
 70
     1
102
RTVSPropertyOp6
 70
     1
102
RTVSPropertyOp7
 70
     1
102
RTVSPropertyOp8
 70
     1
102
RTVSPropertyOp9
 70
     1
102
RTVSPropertyOp10
 70
     1
102
RTVSPropertyOp11
 70
     1
102
RTVSPropertyOp12
 70
     1
102
RTVSPropertyOp13
 70
     1
102
RTVSPropertyOp14
 70
     1
102
RTVSPropertyOp15
 70
     1
102
RTVSPropertyOp16
 70
     1
102
RTVSPropertyOp17
 70
     1
102
RTVSPropertyOp18
 70
     1
102
RTVSPropertyOp19
 70
     1
102
RTVSPropertyOp20
 70
     1
102
RTVSPropertyOp21
 70
     1
102
RTVSPropertyOp22
 70
     1
102
RTVSPropertyOp23
 70
     1
102
RTVSPropertyOp24
 70
     1
102
RTVSPropertyOp25
 70
     1
102
RTVSPropertyOp26
 70
     1
102
RTVSPropertyOp27
 70
     1
102
RTVSPropertyOp28
 70
     1
102
RTVSPropertyOp29
 70
     1
102
RTVSPropertyOp30
 70
     1
102
RTVSPropertyOp31
 70
     1
102
RTVSPropertyOp32
 70
     1
102
RTVSPropertyOp33
 70
     1
102
RTVSPropertyOp34
 70
     1
102
RTVSPropertyOp35
 70
     1
102
RTVSPropertyOp36
 70
     1
102
RTVSPropertyOp37
 70
     1
102
RTVSPropertyOp38
 70
     1
102
RTVSPropertyOp39
 70
     1
102
RTVSPropertyOp40
 70
     1
102
RTVSPropertyOp41
 70
     1
102
RTVSPropertyOp42
 70
     1
102
RTVSPropertyOp43
 70
     1
102
RTVSPropertyOp44
 70
     1
102
RTVSPropertyOp45
 70
     1
102
RTVSPropertyOp46
 70
     1
102
RTVSPropertyOp47
 70
     1
102
RTVSPropertyOp48
 70
     1
102
RTVSPropertyOp49
 70
     1
102
RTVSPropertyOp50
 70
     1
102
RTVSPropertyOp51
 70
     0
102
RTVSPropertyOp52
 70
     0
102
RTVSPropertyOp53
 70
     1
102
RTVSPropertyOp54
 70
     1
102
RTVSPropertyOp55
 70
     1
102
RTVSPropertyOp56
 70
     1
102
RTVSPropertyOp57
 70
     1
102
RTVSPost2010Prop28
280
     0
102
RTVSPost2010PropOp28
 70
     1
102
RTVSPost2010Prop29
280
     1
102
RTVSPost2010PropOp29
 70
     1
102
RTVSPost2010Prop30
280
     1
102
RTVSPost2010PropOp30
 70
     1
102
RTVSPost2010Prop31
280
     0
102
RTVSPost2010PropOp31
 70
     1
102
RTVSPost2010Prop32
280
     0
102
RTVSPost2010PropOp32
 70
     1
102
RTVSPost2010Prop33
280
     0
102
RTVSPost2010PropOp33
 70
     1
102
RTVSPost2010Prop34
280
     0
102
RTVSPost2010PropOp34
 70
     1
102
RTVSPost2010Prop35
280
     0
102
RTVSPost2010PropOp35
 70
     1
102
RTVSPost2010Prop36
280
     0
102
RTVSPost2010PropOp36
 70
     1
102
RTVSPost2010Prop37
 90
       50
102
RTVSPost2010PropOp37
 70
     1
102
RTVSPost2010Prop38
140
0.0
102
RTVSPost2010PropOp38
 70
     1
102
RTVSPost2010Prop39
140
1.0
102
RTVSPost2010PropOp39
 70
     1
102
RTVSPost2010Prop40
 90
        0
102
RTVSPost2010PropOp40
 70
     1
102
RTVSPost2010Prop41ColorIndex
 90
       18
102
RTVSPost2010Prop41ColorRGB
 90
        0
102
RTVSPost2010PropOp41
 70
     1
102
RTVSPost2010Prop42
 90
       50
102
RTVSPost2010PropOp42
 70
     1
102
RTVSPost2010Prop43
 90
        3
102
RTVSPost2010PropOp43
 70
     1
102
RTVSPost2010Prop44ColorIndex
 90
        5
102
RTVSPost2010Prop44ColorRGB
 90
      255
102
RTVSPost2010PropOp44
 70
     1
102
RTVSPost2010Prop45
280
     0
102
RTVSPost2010PropOp45
 70
     1
102
RTVSPost2010Prop46
 90
       50
102
RTVSPost2010PropOp46
 70
     1
102
RTVSPost2010Prop47
 90
       50
102
RTVSPost2010PropOp47
 70
     1
102
RTVSPost2010Prop48
 90
       50
102
RTVSPost2010PropOp48
 70
     1
102
RTVSPost2010Prop49
280
     0
102
RTVSPost2010PropOp49
 70
     1
102
RTVSPost2010Prop50
 90
       50
102
RTVSPost2010PropOp50
 70
     1
102
RTVSPost2010Prop51ColorIndex
 90
      256
102
RTVSPost2010Prop51ColorRGB
 90
-16777216
102
RTVSPost2010PropOp51
 70
     0
102
RTVSPost2010Prop52
140
1.0
102
RTVSPost2010PropOp52
 70
     0
102
RTVSPost2010Prop53
 90
        2
102
RTVSPost2010PropOp53
 70
     1
102
RTVSPost2010Prop54
  1
strokes_ogs.tif
102
RTVSPost2010PropOp54
 70
     1
102
RTVSPost2010Prop55
280
     0
102
RTVSPost2010PropOp55
 70
     1
102
RTVSPost2010Prop56
140
1.0
102
RTVSPost2010PropOp56
 70
     1
102
RTVSPost2010Prop57
140
1.0
102
RTVSPost2010PropOp57
 70
     1
  0
XRECORD
  5
52A
102
{ACAD_REACTORS
330
529
102
}
330
529
100
AcDbXrecord
280
     1
102
RTVSPropertyOp0
 70
     1
102
RTVSPropertyOp1
 70
     1
102
RTVSPropertyOp2
 70
     1
102
RTVSPropertyOp3
 70
     1
102
RTVSPropertyOp4
 70
     1
102
RTVSPropertyOp5
 70
     1
102
RTVSPropertyOp6
 70
     1
102
RTVSPropertyOp7
 70
     1
102
RTVSPropertyOp8
 70
     1
102
RTVSPropertyOp9
 70
     1
102
RTVSPropertyOp10
 70
     1
102
RTVSPropertyOp11
 70
     1
102
RTVSPropertyOp12
 70
     1
102
RTVSPropertyOp13
 70
     1
102
RTVSPropertyOp14
 70
     1
102
RTVSPropertyOp15
 70
     1
102
RTVSPropertyOp16
 70
     1
102
RTVSPropertyOp17
 70
     1
102
RTVSPropertyOp18
 70
     1
102
RTVSPropertyOp19
 70
     1
102
RTVSPropertyOp20
 70
     1
102
RTVSPropertyOp21
 70
     1
102
RTVSPropertyOp22
 70
     1
102
RTVSPropertyOp23
 70
     1
102
RTVSPropertyOp24
 70
     1
102
RTVSPropertyOp25
 70
     1
102
RTVSPropertyOp26
 70
     1
102
RTVSPropertyOp27
 70
     1
102
RTVSPropertyOp28
 70
     1
102
RTVSPropertyOp29
 70
     1
102
RTVSPropertyOp30
 70
     1
102
RTVSPropertyOp31
 70
     1
102
RTVSPropertyOp32
 70
     1
102
RTVSPropertyOp33
 70
     1
102
RTVSPropertyOp34
 70
     1
102
RTVSPropertyOp35
 70
     1
102
RTVSPropertyOp36
 70
     1
102
RTVSPropertyOp37
 70
     1
102
RTVSPropertyOp38
 70
     1
102
RTVSPropertyOp39
 70
     1
102
RTVSPropertyOp40
 70
     1
102
RTVSPropertyOp41
 70
     1
102
RTVSPropertyOp42
 70
     1
102
RTVSPropertyOp43
 70
     1
102
RTVSPropertyOp44
 70
     1
102
RTVSPropertyOp45
 70
     1
102
RTVSPropertyOp46
 70
     1
102
RTVSPropertyOp47
 70
     1
102
RTVSPropertyOp48
 70
     1
102
RTVSPropertyOp49
 70
     1
102
RTVSPropertyOp50
 70
     1
102
RTVSPropertyOp51
 70
     0
102
RTVSPropertyOp52
 70
     0
102
RTVSPropertyOp53
 70
     1
102
RTVSPropertyOp54
 70
     1
102
RTVSPropertyOp55
 70
     1
102
RTVSPropertyOp56
 70
     1
102
RTVSPropertyOp57
 70
     1
102
RTVSPost2010Prop28
280
     0
102
RTVSPost2010PropOp28
 70
     1
102
RTVSPost2010Prop29
280
     1
102
RTVSPost2010PropOp29
 70
     1
102
RTVSPost2010Prop30
280
     1
102
RTVSPost2010PropOp30
 70
     1
102
RTVSPost2010Prop31
280
     0
102
RTVSPost2010PropOp31
 70
     1
102
RTVSPost2010Prop32
280
     0
102
RTVSPost2010PropOp32
 70
     1
102
RTVSPost2010Prop33
280
     0
102
RTVSPost2010PropOp33
 70
     1
102
RTVSPost2010Prop34
280
     0
102
RTVSPost2010PropOp34
 70
     1
102
RTVSPost2010Prop35
280
     0
102
RTVSPost2010PropOp35
 70
     1
102
RTVSPost2010Prop36
280
     0
102
RTVSPost2010PropOp36
 70
     1
102
RTVSPost2010Prop37
 90
       50
102
RTVSPost2010PropOp37
 70
     1
102
RTVSPost2010Prop38
140
0.0
102
RTVSPost2010PropOp38
 70
     1
102
RTVSPost2010Prop39
140
1.0
102
RTVSPost2010PropOp39
 70
     1
102
RTVSPost2010Prop40
 90
        0
102
RTVSPost2010PropOp40
 70
     1
102
RTVSPost2010Prop41ColorIndex
 90
       18
102
RTVSPost2010Prop41ColorRGB
 90
        0
102
RTVSPost2010PropOp41
 70
     1
102
RTVSPost2010Prop42
 90
       50
102
RTVSPost2010PropOp42
 70
     1
102
RTVSPost2010Prop43
 90
        3
102
RTVSPost2010PropOp43
 70
     1
102
RTVSPost2010Prop44ColorIndex
 90
        5
102
RTVSPost2010Prop44ColorRGB
 90
      255
102
RTVSPost2010PropOp44
 70
     1
102
RTVSPost2010Prop45
280
     0
102
RTVSPost2010PropOp45
 70
     1
102
RTVSPost2010Prop46
 90
       50
102
RTVSPost2010PropOp46
 70
     1
102
RTVSPost2010Prop47
 90
       50
102
RTVSPost2010PropOp47
 70
     1
102
RTVSPost2010Prop48
 90
       50
102
RTVSPost2010PropOp48
 70
     1
102
RTVSPost2010Prop49
280
     0
102
RTVSPost2010PropOp49
 70
     1
102
RTVSPost2010Prop50
 90
       50
102
RTVSPost2010PropOp50
 70
     1
102
RTVSPost2010Prop51ColorIndex
 90
      256
102
RTVSPost2010Prop51ColorRGB
 90
-16777216
102
RTVSPost2010PropOp51
 70
     0
102
RTVSPost2010Prop52
140
1.0
102
RTVSPost2010PropOp52
 70
     0
102
RTVSPost2010Prop53
 90
        2
102
RTVSPost2010PropOp53
 70
     1
102
RTVSPost2010Prop54
  1
strokes_ogs.tif
102
RTVSPost2010PropOp54
 70
     1
102
RTVSPost2010Prop55
280
     0
102
RTVSPost2010PropOp55
 70
     1
102
RTVSPost2010Prop56
140
1.0
102
RTVSPost2010PropOp56
 70
     1
102
RTVSPost2010Prop57
140
1.0
102
RTVSPost2010PropOp57
 70
     1
  0
XRECORD
  5
52C
102
{ACAD_REACTORS
330
52B
102
}
330
52B
100
AcDbXrecord
280
     1
102
RTVSPropertyOp0
 70
     1
102
RTVSPropertyOp1
 70
     1
102
RTVSPropertyOp2
 70
     1
102
RTVSPropertyOp3
 70
     1
102
RTVSPropertyOp4
 70
     1
102
RTVSPropertyOp5
 70
     1
102
RTVSPropertyOp6
 70
     1
102
RTVSPropertyOp7
 70
     1
102
RTVSPropertyOp8
 70
     1
102
RTVSPropertyOp9
 70
     1
102
RTVSPropertyOp10
 70
     1
102
RTVSPropertyOp11
 70
     1
102
RTVSPropertyOp12
 70
     1
102
RTVSPropertyOp13
 70
     1
102
RTVSPropertyOp14
 70
     1
102
RTVSPropertyOp15
 70
     1
102
RTVSPropertyOp16
 70
     1
102
RTVSPropertyOp17
 70
     1
102
RTVSPropertyOp18
 70
     1
102
RTVSPropertyOp19
 70
     1
102
RTVSPropertyOp20
 70
     1
102
RTVSPropertyOp21
 70
     1
102
RTVSPropertyOp22
 70
     1
102
RTVSPropertyOp23
 70
     1
102
RTVSPropertyOp24
 70
     1
102
RTVSPropertyOp25
 70
     1
102
RTVSPropertyOp26
 70
     1
102
RTVSPropertyOp27
 70
     1
102
RTVSPropertyOp28
 70
     1
102
RTVSPropertyOp29
 70
     1
102
RTVSPropertyOp30
 70
     1
102
RTVSPropertyOp31
 70
     1
102
RTVSPropertyOp32
 70
     1
102
RTVSPropertyOp33
 70
     1
102
RTVSPropertyOp34
 70
     1
102
RTVSPropertyOp35
 70
     1
102
RTVSPropertyOp36
 70
     1
102
RTVSPropertyOp37
 70
     1
102
RTVSPropertyOp38
 70
     1
102
RTVSPropertyOp39
 70
     1
102
RTVSPropertyOp40
 70
     1
102
RTVSPropertyOp41
 70
     1
102
RTVSPropertyOp42
 70
     1
102
RTVSPropertyOp43
 70
     1
102
RTVSPropertyOp44
 70
     1
102
RTVSPropertyOp45
 70
     1
102
RTVSPropertyOp46
 70
     1
102
RTVSPropertyOp47
 70
     1
102
RTVSPropertyOp48
 70
     1
102
RTVSPropertyOp49
 70
     1
102
RTVSPropertyOp50
 70
     1
102
RTVSPropertyOp51
 70
     0
102
RTVSPropertyOp52
 70
     0
102
RTVSPropertyOp53
 70
     1
102
RTVSPropertyOp54
 70
     1
102
RTVSPropertyOp55
 70
     1
102
RTVSPropertyOp56
 70
     1
102
RTVSPropertyOp57
 70
     1
102
RTVSPost2010Prop28
280
     0
102
RTVSPost2010PropOp28
 70
     1
102
RTVSPost2010Prop29
280
     1
102
RTVSPost2010PropOp29
 70
     1
102
RTVSPost2010Prop30
280
     1
102
RTVSPost2010PropOp30
 70
     1
102
RTVSPost2010Prop31
280
     0
102
RTVSPost2010PropOp31
 70
     1
102
RTVSPost2010Prop32
280
     0
102
RTVSPost2010PropOp32
 70
     1
102
RTVSPost2010Prop33
280
     0
102
RTVSPost2010PropOp33
 70
     1
102
RTVSPost2010Prop34
280
     0
102
RTVSPost2010PropOp34
 70
     1
102
RTVSPost2010Prop35
280
     0
102
RTVSPost2010PropOp35
 70
     1
102
RTVSPost2010Prop36
280
     0
102
RTVSPost2010PropOp36
 70
     1
102
RTVSPost2010Prop37
 90
       50
102
RTVSPost2010PropOp37
 70
     1
102
RTVSPost2010Prop38
140
0.0
102
RTVSPost2010PropOp38
 70
     1
102
RTVSPost2010Prop39
140
1.0
102
RTVSPost2010PropOp39
 70
     1
102
RTVSPost2010Prop40
 90
        0
102
RTVSPost2010PropOp40
 70
     1
102
RTVSPost2010Prop41ColorIndex
 90
       18
102
RTVSPost2010Prop41ColorRGB
 90
        0
102
RTVSPost2010PropOp41
 70
     1
102
RTVSPost2010Prop42
 90
       50
102
RTVSPost2010PropOp42
 70
     1
102
RTVSPost2010Prop43
 90
        3
102
RTVSPost2010PropOp43
 70
     1
102
RTVSPost2010Prop44ColorIndex
 90
        5
102
RTVSPost2010Prop44ColorRGB
 90
      255
102
RTVSPost2010PropOp44
 70
     1
102
RTVSPost2010Prop45
280
     0
102
RTVSPost2010PropOp45
 70
     1
102
RTVSPost2010Prop46
 90
       50
102
RTVSPost2010PropOp46
 70
     1
102
RTVSPost2010Prop47
 90
       50
102
RTVSPost2010PropOp47
 70
     1
102
RTVSPost2010Prop48
 90
       50
102
RTVSPost2010PropOp48
 70
     1
102
RTVSPost2010Prop49
280
     0
102
RTVSPost2010PropOp49
 70
     1
102
RTVSPost2010Prop50
 90
       50
102
RTVSPost2010PropOp50
 70
     1
102
RTVSPost2010Prop51ColorIndex
 90
      256
102
RTVSPost2010Prop51ColorRGB
 90
-16777216
102
RTVSPost2010PropOp51
 70
     0
102
RTVSPost2010Prop52
140
1.0
102
RTVSPost2010PropOp52
 70
     0
102
RTVSPost2010Prop53
 90
        2
102
RTVSPost2010PropOp53
 70
     1
102
RTVSPost2010Prop54
  1
strokes_ogs.tif
102
RTVSPost2010PropOp54
 70
     1
102
RTVSPost2010Prop55
280
     0
102
RTVSPost2010PropOp55
 70
     1
102
RTVSPost2010Prop56
140
1.0
102
RTVSPost2010PropOp56
 70
     1
102
RTVSPost2010Prop57
140
1.0
102
RTVSPost2010PropOp57
 70
     1
  0
XRECORD
  5
51C
102
{ACAD_REACTORS
330
51B
102
}
330
51B
100
AcDbXrecord
280
     1
102
RTVSPropertyOp0
 70
     1
102
RTVSPropertyOp1
 70
     1
102
RTVSPropertyOp2
 70
     1
102
RTVSPropertyOp3
 70
     1
102
RTVSPropertyOp4
 70
     1
102
RTVSPropertyOp5
 70
     1
102
RTVSPropertyOp6
 70
     1
102
RTVSPropertyOp7
 70
     1
102
RTVSPropertyOp8
 70
     1
102
RTVSPropertyOp9
 70
     1
102
RTVSPropertyOp10
 70
     1
102
RTVSPropertyOp11
 70
     1
102
RTVSPropertyOp12
 70
     1
102
RTVSPropertyOp13
 70
     1
102
RTVSPropertyOp14
 70
     1
102
RTVSPropertyOp15
 70
     1
102
RTVSPropertyOp16
 70
     1
102
RTVSPropertyOp17
 70
     1
102
RTVSPropertyOp18
 70
     1
102
RTVSPropertyOp19
 70
     1
102
RTVSPropertyOp20
 70
     1
102
RTVSPropertyOp21
 70
     1
102
RTVSPropertyOp22
 70
     1
102
RTVSPropertyOp23
 70
     1
102
RTVSPropertyOp24
 70
     1
102
RTVSPropertyOp25
 70
     1
102
RTVSPropertyOp26
 70
     1
102
RTVSPropertyOp27
 70
     1
102
RTVSPropertyOp28
 70
     1
102
RTVSPropertyOp29
 70
     1
102
RTVSPropertyOp30
 70
     1
102
RTVSPropertyOp31
 70
     1
102
RTVSPropertyOp32
 70
     1
102
RTVSPropertyOp33
 70
     1
102
RTVSPropertyOp34
 70
     1
102
RTVSPropertyOp35
 70
     1
102
RTVSPropertyOp36
 70
     1
102
RTVSPropertyOp37
 70
     1
102
RTVSPropertyOp38
 70
     1
102
RTVSPropertyOp39
 70
     1
102
RTVSPropertyOp40
 70
     1
102
RTVSPropertyOp41
 70
     1
102
RTVSPropertyOp42
 70
     1
102
RTVSPropertyOp43
 70
     1
102
RTVSPropertyOp44
 70
     1
102
RTVSPropertyOp45
 70
     1
102
RTVSPropertyOp46
 70
     1
102
RTVSPropertyOp47
 70
     1
102
RTVSPropertyOp48
 70
     1
102
RTVSPropertyOp49
 70
     1
102
RTVSPropertyOp50
 70
     1
102
RTVSPropertyOp51
 70
     0
102
RTVSPropertyOp52
 70
     0
102
RTVSPropertyOp53
 70
     1
102
RTVSPropertyOp54
 70
     1
102
RTVSPropertyOp55
 70
     1
102
RTVSPropertyOp56
 70
     1
102
RTVSPropertyOp57
 70
     1
102
RTVSPost2010Prop28
280
     0
102
RTVSPost2010PropOp28
 70
     1
102
RTVSPost2010Prop29
280
     1
102
RTVSPost2010PropOp29
 70
     1
102
RTVSPost2010Prop30
280
     1
102
RTVSPost2010PropOp30
 70
     1
102
RTVSPost2010Prop31
280
     0
102
RTVSPost2010PropOp31
 70
     1
102
RTVSPost2010Prop32
280
     0
102
RTVSPost2010PropOp32
 70
     1
102
RTVSPost2010Prop33
280
     0
102
RTVSPost2010PropOp33
 70
     1
102
RTVSPost2010Prop34
280
     0
102
RTVSPost2010PropOp34
 70
     1
102
RTVSPost2010Prop35
280
     0
102
RTVSPost2010PropOp35
 70
     1
102
RTVSPost2010Prop36
280
     0
102
RTVSPost2010PropOp36
 70
     1
102
RTVSPost2010Prop37
 90
       50
102
RTVSPost2010PropOp37
 70
     1
102
RTVSPost2010Prop38
140
0.0
102
RTVSPost2010PropOp38
 70
     1
102
RTVSPost2010Prop39
140
1.0
102
RTVSPost2010PropOp39
 70
     1
102
RTVSPost2010Prop40
 90
        0
102
RTVSPost2010PropOp40
 70
     1
102
RTVSPost2010Prop41ColorIndex
 90
       18
102
RTVSPost2010Prop41ColorRGB
 90
        0
102
RTVSPost2010PropOp41
 70
     1
102
RTVSPost2010Prop42
 90
       50
102
RTVSPost2010PropOp42
 70
     1
102
RTVSPost2010Prop43
 90
        3
102
RTVSPost2010PropOp43
 70
     1
102
RTVSPost2010Prop44ColorIndex
 90
        5
102
RTVSPost2010Prop44ColorRGB
 90
      255
102
RTVSPost2010PropOp44
 70
     1
102
RTVSPost2010Prop45
280
     0
102
RTVSPost2010PropOp45
 70
     1
102
RTVSPost2010Prop46
 90
       50
102
RTVSPost2010PropOp46
 70
     1
102
RTVSPost2010Prop47
 90
       50
102
RTVSPost2010PropOp47
 70
     1
102
RTVSPost2010Prop48
 90
       50
102
RTVSPost2010PropOp48
 70
     1
102
RTVSPost2010Prop49
280
     0
102
RTVSPost2010PropOp49
 70
     1
102
RTVSPost2010Prop50
 90
       50
102
RTVSPost2010PropOp50
 70
     1
102
RTVSPost2010Prop51ColorIndex
 90
      256
102
RTVSPost2010Prop51ColorRGB
 90
-16777216
102
RTVSPost2010PropOp51
 70
     0
102
RTVSPost2010Prop52
140
1.0
102
RTVSPost2010PropOp52
 70
     0
102
RTVSPost2010Prop53
 90
        2
102
RTVSPost2010PropOp53
 70
     1
102
RTVSPost2010Prop54
  1
strokes_ogs.tif
102
RTVSPost2010PropOp54
 70
     1
102
RTVSPost2010Prop55
280
     0
102
RTVSPost2010PropOp55
 70
     1
102
RTVSPost2010Prop56
140
1.0
102
RTVSPost2010PropOp56
 70
     1
102
RTVSPost2010Prop57
140
1.0
102
RTVSPost2010PropOp57
 70
     1
  0
XRECORD
  5
50E
102
{ACAD_REACTORS
330
50D
102
}
330
50D
100
AcDbXrecord
280
     1
102
RTVSPropertyOp0
 70
     1
102
RTVSPropertyOp1
 70
     1
102
RTVSPropertyOp2
 70
     1
102
RTVSPropertyOp3
 70
     1
102
RTVSPropertyOp4
 70
     1
102
RTVSPropertyOp5
 70
     1
102
RTVSPropertyOp6
 70
     1
102
RTVSPropertyOp7
 70
     1
102
RTVSPropertyOp8
 70
     1
102
RTVSPropertyOp9
 70
     1
102
RTVSPropertyOp10
 70
     1
102
RTVSPropertyOp11
 70
     1
102
RTVSPropertyOp12
 70
     1
102
RTVSPropertyOp13
 70
     1
102
RTVSPropertyOp14
 70
     1
102
RTVSPropertyOp15
 70
     1
102
RTVSPropertyOp16
 70
     1
102
RTVSPropertyOp17
 70
     1
102
RTVSPropertyOp18
 70
     1
102
RTVSPropertyOp19
 70
     1
102
RTVSPropertyOp20
 70
     1
102
RTVSPropertyOp21
 70
     1
102
RTVSPropertyOp22
 70
     1
102
RTVSPropertyOp23
 70
     1
102
RTVSPropertyOp24
 70
     1
102
RTVSPropertyOp25
 70
     1
102
RTVSPropertyOp26
 70
     1
102
RTVSPropertyOp27
 70
     1
102
RTVSPropertyOp28
 70
     1
102
RTVSPropertyOp29
 70
     1
102
RTVSPropertyOp30
 70
     1
102
RTVSPropertyOp31
 70
     1
102
RTVSPropertyOp32
 70
     1
102
RTVSPropertyOp33
 70
     1
102
RTVSPropertyOp34
 70
     1
102
RTVSPropertyOp35
 70
     1
102
RTVSPropertyOp36
 70
     1
102
RTVSPropertyOp37
 70
     1
102
RTVSPropertyOp38
 70
     1
102
RTVSPropertyOp39
 70
     1
102
RTVSPropertyOp40
 70
     1
102
RTVSPropertyOp41
 70
     1
102
RTVSPropertyOp42
 70
     1
102
RTVSPropertyOp43
 70
     1
102
RTVSPropertyOp44
 70
     1
102
RTVSPropertyOp45
 70
     1
102
RTVSPropertyOp46
 70
     1
102
RTVSPropertyOp47
 70
     1
102
RTVSPropertyOp48
 70
     1
102
RTVSPropertyOp49
 70
     1
102
RTVSPropertyOp50
 70
     1
102
RTVSPropertyOp51
 70
     0
102
RTVSPropertyOp52
 70
     0
102
RTVSPropertyOp53
 70
     1
102
RTVSPropertyOp54
 70
     1
102
RTVSPropertyOp55
 70
     1
102
RTVSPropertyOp56
 70
     1
102
RTVSPropertyOp57
 70
     1
102
RTVSPost2010Prop28
280
     0
102
RTVSPost2010PropOp28
 70
     1
102
RTVSPost2010Prop29
280
     1
102
RTVSPost2010PropOp29
 70
     1
102
RTVSPost2010Prop30
280
     1
102
RTVSPost2010PropOp30
 70
     1
102
RTVSPost2010Prop31
280
     0
102
RTVSPost2010PropOp31
 70
     1
102
RTVSPost2010Prop32
280
     0
102
RTVSPost2010PropOp32
 70
     1
102
RTVSPost2010Prop33
280
     0
102
RTVSPost2010PropOp33
 70
     1
102
RTVSPost2010Prop34
280
     0
102
RTVSPost2010PropOp34
 70
     1
102
RTVSPost2010Prop35
280
     0
102
RTVSPost2010PropOp35
 70
     1
102
RTVSPost2010Prop36
280
     0
102
RTVSPost2010PropOp36
 70
     1
102
RTVSPost2010Prop37
 90
       50
102
RTVSPost2010PropOp37
 70
     1
102
RTVSPost2010Prop38
140
0.0
102
RTVSPost2010PropOp38
 70
     1
102
RTVSPost2010Prop39
140
1.0
102
RTVSPost2010PropOp39
 70
     1
102
RTVSPost2010Prop40
 90
        0
102
RTVSPost2010PropOp40
 70
     1
102
RTVSPost2010Prop41ColorIndex
 90
       18
102
RTVSPost2010Prop41ColorRGB
 90
        0
102
RTVSPost2010PropOp41
 70
     1
102
RTVSPost2010Prop42
 90
       50
102
RTVSPost2010PropOp42
 70
     1
102
RTVSPost2010Prop43
 90
        3
102
RTVSPost2010PropOp43
 70
     1
102
RTVSPost2010Prop44ColorIndex
 90
        5
102
RTVSPost2010Prop44ColorRGB
 90
      255
102
RTVSPost2010PropOp44
 70
     1
102
RTVSPost2010Prop45
280
     0
102
RTVSPost2010PropOp45
 70
     1
102
RTVSPost2010Prop46
 90
       50
102
RTVSPost2010PropOp46
 70
     1
102
RTVSPost2010Prop47
 90
       50
102
RTVSPost2010PropOp47
 70
     1
102
RTVSPost2010Prop48
 90
       50
102
RTVSPost2010PropOp48
 70
     1
102
RTVSPost2010Prop49
280
     0
102
RTVSPost2010PropOp49
 70
     1
102
RTVSPost2010Prop50
 90
       50
102
RTVSPost2010PropOp50
 70
     1
102
RTVSPost2010Prop51ColorIndex
 90
      256
102
RTVSPost2010Prop51ColorRGB
 90
-16777216
102
RTVSPost2010PropOp51
 70
     0
102
RTVSPost2010Prop52
140
1.0
102
RTVSPost2010PropOp52
 70
     0
102
RTVSPost2010Prop53
 90
        2
102
RTVSPost2010PropOp53
 70
     1
102
RTVSPost2010Prop54
  1
strokes_ogs.tif
102
RTVSPost2010PropOp54
 70
     1
102
RTVSPost2010Prop55
280
     0
102
RTVSPost2010PropOp55
 70
     1
102
RTVSPost2010Prop56
140
1.0
102
RTVSPost2010PropOp56
 70
     1
102
RTVSPost2010Prop57
140
1.0
102
RTVSPost2010PropOp57
 70
     1
  0
XRECORD
  5
52E
102
{ACAD_REACTORS
330
52D
102
}
330
52D
100
AcDbXrecord
280
     1
102
RTVSPropertyOp0
 70
     1
102
RTVSPropertyOp1
 70
     1
102
RTVSPropertyOp2
 70
     1
102
RTVSPropertyOp3
 70
     1
102
RTVSPropertyOp4
 70
     1
102
RTVSPropertyOp5
 70
     1
102
RTVSPropertyOp6
 70
     1
102
RTVSPropertyOp7
 70
     1
102
RTVSPropertyOp8
 70
     1
102
RTVSPropertyOp9
 70
     1
102
RTVSPropertyOp10
 70
     1
102
RTVSPropertyOp11
 70
     1
102
RTVSPropertyOp12
 70
     1
102
RTVSPropertyOp13
 70
     1
102
RTVSPropertyOp14
 70
     1
102
RTVSPropertyOp15
 70
     1
102
RTVSPropertyOp16
 70
     1
102
RTVSPropertyOp17
 70
     1
102
RTVSPropertyOp18
 70
     1
102
RTVSPropertyOp19
 70
     1
102
RTVSPropertyOp20
 70
     1
102
RTVSPropertyOp21
 70
     1
102
RTVSPropertyOp22
 70
     1
102
RTVSPropertyOp23
 70
     1
102
RTVSPropertyOp24
 70
     1
102
RTVSPropertyOp25
 70
     1
102
RTVSPropertyOp26
 70
     1
102
RTVSPropertyOp27
 70
     1
102
RTVSPropertyOp28
 70
     1
102
RTVSPropertyOp29
 70
     1
102
RTVSPropertyOp30
 70
     1
102
RTVSPropertyOp31
 70
     1
102
RTVSPropertyOp32
 70
     1
102
RTVSPropertyOp33
 70
     1
102
RTVSPropertyOp34
 70
     1
102
RTVSPropertyOp35
 70
     1
102
RTVSPropertyOp36
 70
     1
102
RTVSPropertyOp37
 70
     1
102
RTVSPropertyOp38
 70
     1
102
RTVSPropertyOp39
 70
     1
102
RTVSPropertyOp40
 70
     1
102
RTVSPropertyOp41
 70
     1
102
RTVSPropertyOp42
 70
     1
102
RTVSPropertyOp43
 70
     1
102
RTVSPropertyOp44
 70
     1
102
RTVSPropertyOp45
 70
     1
102
RTVSPropertyOp46
 70
     1
102
RTVSPropertyOp47
 70
     1
102
RTVSPropertyOp48
 70
     1
102
RTVSPropertyOp49
 70
     1
102
RTVSPropertyOp50
 70
     1
102
RTVSPropertyOp51
 70
     0
102
RTVSPropertyOp52
 70
     0
102
RTVSPropertyOp53
 70
     1
102
RTVSPropertyOp54
 70
     1
102
RTVSPropertyOp55
 70
     1
102
RTVSPropertyOp56
 70
     1
102
RTVSPropertyOp57
 70
     1
102
RTVSPost2010Prop28
280
     0
102
RTVSPost2010PropOp28
 70
     1
102
RTVSPost2010Prop29
280
     1
102
RTVSPost2010PropOp29
 70
     1
102
RTVSPost2010Prop30
280
     1
102
RTVSPost2010PropOp30
 70
     1
102
RTVSPost2010Prop31
280
     0
102
RTVSPost2010PropOp31
 70
     1
102
RTVSPost2010Prop32
280
     0
102
RTVSPost2010PropOp32
 70
     1
102
RTVSPost2010Prop33
280
     0
102
RTVSPost2010PropOp33
 70
     1
102
RTVSPost2010Prop34
280
     0
102
RTVSPost2010PropOp34
 70
     1
102
RTVSPost2010Prop35
280
     0
102
RTVSPost2010PropOp35
 70
     1
102
RTVSPost2010Prop36
280
     0
102
RTVSPost2010PropOp36
 70
     1
102
RTVSPost2010Prop37
 90
       50
102
RTVSPost2010PropOp37
 70
     1
102
RTVSPost2010Prop38
140
0.0
102
RTVSPost2010PropOp38
 70
     1
102
RTVSPost2010Prop39
140
1.0
102
RTVSPost2010PropOp39
 70
     1
102
RTVSPost2010Prop40
 90
        0
102
RTVSPost2010PropOp40
 70
     1
102
RTVSPost2010Prop41ColorIndex
 90
       18
102
RTVSPost2010Prop41ColorRGB
 90
        0
102
RTVSPost2010PropOp41
 70
     1
102
RTVSPost2010Prop42
 90
       50
102
RTVSPost2010PropOp42
 70
     1
102
RTVSPost2010Prop43
 90
        3
102
RTVSPost2010PropOp43
 70
     1
102
RTVSPost2010Prop44ColorIndex
 90
        5
102
RTVSPost2010Prop44ColorRGB
 90
      255
102
RTVSPost2010PropOp44
 70
     1
102
RTVSPost2010Prop45
280
     0
102
RTVSPost2010PropOp45
 70
     1
102
RTVSPost2010Prop46
 90
       50
102
RTVSPost2010PropOp46
 70
     1
102
RTVSPost2010Prop47
 90
       50
102
RTVSPost2010PropOp47
 70
     1
102
RTVSPost2010Prop48
 90
       50
102
RTVSPost2010PropOp48
 70
     1
102
RTVSPost2010Prop49
280
     0
102
RTVSPost2010PropOp49
 70
     1
102
RTVSPost2010Prop50
 90
       50
102
RTVSPost2010PropOp50
 70
     1
102
RTVSPost2010Prop51ColorIndex
 90
      256
102
RTVSPost2010Prop51ColorRGB
 90
-16777216
102
RTVSPost2010PropOp51
 70
     0
102
RTVSPost2010Prop52
140
1.0
102
RTVSPost2010PropOp52
 70
     0
102
RTVSPost2010Prop53
 90
        2
102
RTVSPost2010PropOp53
 70
     1
102
RTVSPost2010Prop54
  1
strokes_ogs.tif
102
RTVSPost2010PropOp54
 70
     1
102
RTVSPost2010Prop55
280
     0
102
RTVSPost2010PropOp55
 70
     1
102
RTVSPost2010Prop56
140
1.0
102
RTVSPost2010PropOp56
 70
     1
102
RTVSPost2010Prop57
140
1.0
102
RTVSPost2010PropOp57
 70
     1
  0
ENDSEC
  0
EOF
