  0
SECTION
  2
HEADER
  9
$ACADVER
  1
AC1021
  9
$ACADMAINTVER
 70
    25
  9
$DWGCODEPAGE
  3
ANSI_1252
  9
$LASTSAVEDBY
  1
josnyder
  9
$INSBASE
 10
0.0
 20
0.0
 30
0.0
  9
$EXTMIN
 10
-401.5256572314584
 20
-5.155652200788111
 30
0.0
  9
$EXTMAX
 10
57.68305113999799
 20
6.696078874912651
 30
0.0
  9
$LIMMIN
 10
0.0
 20
0.0
  9
$LIMMAX
 10
12.0
 20
9.0
  9
$ORTHOMODE
 70
     0
  9
$REGENMODE
 70
     1
  9
$FILLMODE
 70
     1
  9
$QTEXTMODE
 70
     0
  9
$MIRRTEXT
 70
     0
  9
$LTSCALE
 40
1.0
  9
$ATTMODE
 70
     1
  9
$TEXTSIZE
 40
0.2
  9
$TRACEWID
 40
0.05
  9
$TEXTSTYLE
  7
Standard
  9
$CLAYER
  8
null
  9
$CELTYPE
  6
ByLayer
  9
$CECOLOR
 62
   256
  9
$CELTSCALE
 40
1.0
  9
$DISPSILH
 70
     0
  9
$DIMSCALE
 40
1.0
  9
$DIMASZ
 40
0.18
  9
$DIMEXO
 40
0.0625
  9
$DIMDLI
 40
0.38
  9
$DIMRND
 40
0.0
  9
$DIMDLE
 40
0.0
  9
$DIMEXE
 40
0.18
  9
$DIMTP
 40
0.0
  9
$DIMTM
 40
0.0
  9
$DIMTXT
 40
0.18
  9
$DIMCEN
 40
0.09
  9
$DIMTSZ
 40
0.0
  9
$DIMTOL
 70
     0
  9
$DIMLIM
 70
     0
  9
$DIMTIH
 70
     1
  9
$DIMTOH
 70
     1
  9
$DIMSE1
 70
     0
  9
$DIMSE2
 70
     0
  9
$DIMTAD
 70
     0
  9
$DIMZIN
 70
     0
  9
$DIMBLK
  1

  9
$DIMASO
 70
     1
  9
$DIMSHO
 70
     1
  9
$DIMPOST
  1

  9
$DIMAPOST
  1

  9
$DIMALT
 70
     0
  9
$DIMALTD
 70
     2
  9
$DIMALTF
 40
25.4
  9
$DIMLFAC
 40
1.0
  9
$DIMTOFL
 70
     0
  9
$DIMTVP
 40
0.0
  9
$DIMTIX
 70
     0
  9
$DIMSOXD
 70
     0
  9
$DIMSAH
 70
     0
  9
$DIMBLK1
  1

  9
$DIMBLK2
  1

  9
$DIMSTYLE
  2
STANDARD_ACAD
  9
$DIMCLRD
 70
     0
  9
$DIMCLRE
 70
     0
  9
$DIMCLRT
 70
     0
  9
$DIMTFAC
 40
1.0
  9
$DIMGAP
 40
0.09
  9
$DIMJUST
 70
     0
  9
$DIMSD1
 70
     0
  9
$DIMSD2
 70
     0
  9
$DIMTOLJ
 70
     1
  9
$DIMTZIN
 70
     0
  9
$DIMALTZ
 70
     0
  9
$DIMALTTZ
 70
     0
  9
$DIMUPT
 70
     0
  9
$DIMDEC
 70
     4
  9
$DIMTDEC
 70
     4
  9
$DIMALTU
 70
     2
  9
$DIMALTTD
 70
     2
  9
$DIMTXSTY
  7
Standard
  9
$DIMAUNIT
 70
     0
  9
$DIMADEC
 70
     0
  9
$DIMALTRND
 40
0.0
  9
$DIMAZIN
 70
     0
  9
$DIMDSEP
 70
    46
  9
$DIMATFIT
 70
     3
  9
$DIMFRAC
 70
     0
  9
$DIMLDRBLK
  1

  9
$DIMLUNIT
 70
     2
  9
$DIMLWD
 70
    -2
  9
$DIMLWE
 70
    -2
  9
$DIMTMOVE
 70
     2
  9
$DIMFXL
 40
1.0
  9
$DIMFXLON
 70
     0
  9
$DIMJOGANG
 40
0.7853981633974483
  9
$DIMTFILL
 70
     0
  9
$DIMTFILLCLR
 70
     0
  9
$DIMARCSYM
 70
     0
  9
$DIMLTYPE
  6

  9
$DIMLTEX1
  6

  9
$DIMLTEX2
  6

  9
$LUNITS
 70
     2
  9
$LUPREC
 70
     3
  9
$SKETCHINC
 40
0.1
  9
$FILLETRAD
 40
0.0
  9
$AUNITS
 70
     0
  9
$AUPREC
 70
     0
  9
$MENU
  1
.
  9
$ELEVATION
 40
0.0
  9
$PELEVATION
 40
0.0
  9
$THICKNESS
 40
0.0
  9
$LIMCHECK
 70
     0
  9
$CHAMFERA
 40
0.0
  9
$CHAMFERB
 40
0.0
  9
$CHAMFERC
 40
0.0
  9
$CHAMFERD
 40
0.0
  9
$SKPOLY
 70
     0
  9
$TDCREATE
 40
2461120.725294213
  9
$TDUCREATE
 40
2461120.933627547
  9
$TDUPDATE
 40
2461120.725319341
  9
$TDUUPDATE
 40
2461120.933652674
  9
$TDINDWG
 40
0.0000000116
  9
$TDUSRTIMER
 40
0.0000000116
  9
$USRTIMER
 70
     1
  9
$ANGBASE
 50
0.0
  9
$ANGDIR
 70
     0
  9
$PDMODE
 70
     0
  9
$PDSIZE
 40
0.0
  9
$PLINEWID
 40
0.0
  9
$SPLFRAME
 70
     0
  9
$SPLINETYPE
 70
     6
  9
$SPLINESEGS
 70
     8
  9
$HANDSEED
  5
576
  9
$SURFTAB1
 70
     6
  9
$SURFTAB2
 70
     6
  9
$SURFTYPE
 70
     6
  9
$SURFU
 70
     6
  9
$SURFV
 70
     6
  9
$UCSBASE
  2

  9
$UCSNAME
  2

  9
$UCSORG
 10
0.0
 20
0.0
 30
0.0
  9
$UCSXDIR
 10
1.0
 20
0.0
 30
0.0
  9
$UCSYDIR
 10
0.0
 20
1.0
 30
0.0
  9
$UCSORTHOREF
  2

  9
$UCSORTHOVIEW
 70
     0
  9
$UCSORGTOP
 10
0.0
 20
0.0
 30
0.0
  9
$UCSORGBOTTOM
 10
0.0
 20
0.0
 30
0.0
  9
$UCSORGLEFT
 10
0.0
 20
0.0
 30
0.0
  9
$UCSORGRIGHT
 10
0.0
 20
0.0
 30
0.0
  9
$UCSORGFRONT
 10
0.0
 20
0.0
 30
0.0
  9
$UCSORGBACK
 10
0.0
 20
0.0
 30
0.0
  9
$PUCSBASE
  2

  9
$PUCSNAME
  2

  9
$PUCSORG
 10
0.0
 20
0.0
 30
0.0
  9
$PUCSXDIR
 10
1.0
 20
0.0
 30
0.0
  9
$PUCSYDIR
 10
0.0
 20
1.0
 30
0.0
  9
$PUCSORTHOREF
  2

  9
$PUCSORTHOVIEW
 70
     0
  9
$PUCSORGTOP
 10
0.0
 20
0.0
 30
0.0
  9
$PUCSORGBOTTOM
 10
0.0
 20
0.0
 30
0.0
  9
$PUCSORGLEFT
 10
0.0
 20
0.0
 30
0.0
  9
$PUCSORGRIGHT
 10
0.0
 20
0.0
 30
0.0
  9
$PUCSORGFRONT
 10
0.0
 20
0.0
 30
0.0
  9
$PUCSORGBACK
 10
0.0
 20
0.0
 30
0.0
  9
$USERI1
 70
     0
  9
$USERI2
 70
     0
  9
$USERI3
 70
     0
  9
$USERI4
 70
     0
  9
$USERI5
 70
     0
  9
$USERR1
 40
0.0
  9
$USERR2
 40
0.0
  9
$USERR3
 40
0.0
  9
$USERR4
 40
0.0
  9
$USERR5
 40
0.0
  9
$WORLDVIEW
 70
     1
  9
$SHADEDGE
 70
     3
  9
$SHADEDIF
 70
    70
  9
$TILEMODE
 70
     1
  9
$MAXACTVP
 70
    64
  9
$PINSBASE
 10
0.0
 20
0.0
 30
0.0
  9
$PLIMCHECK
 70
     0
  9
$PEXTMIN
 10
1.000000000000000E+20
 20
1.000000000000000E+20
 30
1.000000000000000E+20
  9
$PEXTMAX
 10
-1.000000000000000E+20
 20
-1.000000000000000E+20
 30
-1.000000000000000E+20
  9
$PLIMMIN
 10
0.0
 20
0.0
  9
$PLIMMAX
 10
12.0
 20
9.0
  9
$UNITMODE
 70
     0
  9
$VISRETAIN
 70
     1
  9
$PLINEGEN
 70
     0
  9
$PSLTSCALE
 70
     1
  9
$TREEDEPTH
 70
  3020
  9
$CMLSTYLE
  2
Standard
  9
$CMLJUST
 70
     0
  9
$CMLSCALE
 40
1.0
  9
$PROXYGRAPHICS
 70
     1
  9
$MEASUREMENT
 70
     1
  9
$CELWEIGHT
370
    -1
  9
$ENDCAPS
280
     0
  9
$JOINSTYLE
280
     0
  9
$LWDISPLAY
290
     0
  9
$INSUNITS
 70
     4
  9
$HYPERLINKBASE
  1

  9
$STYLESHEET
  1

  9
$XEDIT
290
     1
  9
$CEPSNTYPE
380
     0
  9
$PSTYLEMODE
290
     1
  9
$FINGERPRINTGUID
  2
{557efdba-1e32-5e45-9f03-ad160e980a3a}
  9
$VERSIONGUID
  2
{FAEB1C32-E019-11D5-929B-00C0DF256EC4}
  9
$EXTNAMES
290
     1
  9
$PSVPSCALE
 40
0.0
  9
$OLESTARTUP
290
     0
  9
$SORTENTS
280
   127
  9
$INDEXCTL
280
     0
  9
$HIDETEXT
280
     1
  9
$XCLIPFRAME
290
     0
  9
$HALOGAP
280
     0
  9
$OBSCOLOR
 70
   257
  9
$OBSLTYPE
280
     0
  9
$INTERSECTIONDISPLAY
280
     0
  9
$INTERSECTIONCOLOR
 70
   257
  9
$DIMASSOC
280
     2
  9
$PROJECTNAME
  1

  9
$CAMERADISPLAY
290
     0
  9
$LENSLENGTH
 40
50.0
  9
$CAMERAHEIGHT
 40
0.0
  9
$STEPSPERSEC
 40
2.0
  9
$STEPSIZE
 40
6.0
  9
$3DDWFPREC
 40
2.0
  9
$PSOLWIDTH
 40
0.25
  9
$PSOLHEIGHT
 40
4.0
  9
$LOFTANG1
 40
1.570796326794897
  9
$LOFTANG2
 40
1.570796326794897
  9
$LOFTMAG1
 40
0.0
  9
$LOFTMAG2
 40
0.0
  9
$LOFTPARAM
 70
     7
  9
$LOFTNORMALS
280
     1
  9
$LATITUDE
 40
37.795
  9
$LONGITUDE
 40
-122.394
  9
$NORTHDIRECTION
 40
0.0
  9
$TIMEZONE
 70
 -8000
  9
$LIGHTGLYPHDISPLAY
280
     1
  9
$TILEMODELIGHTSYNCH
280
     1
  9
$CMATERIAL
347
44
  9
$SOLIDHIST
280
     0
  9
$SHOWHIST
280
     1
  9
$DWFFRAME
280
     2
  9
$DGNFRAME
280
     2
  9
$REALWORLDSCALE
290
     1
  9
$INTERFERECOLOR
 62
   256
  9
$CSHADOW
280
     0
  9
$SHADOWPLANELOCATION
 40
0.0
  0
ENDSEC
  0
SECTION
  2
CLASSES
  0
CLASS
  1
ACDBDICTIONARYWDFLT
  2
AcDbDictionaryWithDefault
  3
ObjectDBX Classes
 90
        0
 91
        3
280
     0
281
     0
  0
CLASS
  1
VISUALSTYLE
  2
AcDbVisualStyle
  3
ObjectDBX Classes
 90
     4095
 91
        3
280
     0
281
     0
  0
CLASS
  1
MATERIAL
  2
AcDbMaterial
  3
ObjectDBX Classes
 90
     1153
 91
        3
280
     0
281
     0
  0
CLASS
  1
SCALE
  2
AcDbScale
  3
ObjectDBX Classes
 90
     1153
 91
        3
280
     0
281
     0
  0
CLASS
  1
TABLESTYLE
  2
AcDbTableStyle
  3
ObjectDBX Classes
 90
     4095
 91
        3
280
     0
281
     0
  0
CLASS
  1
MLEADERSTYLE
  2
AcDbMLeaderStyle
  3
ACDB_MLEADERSTYLE_CLASS
 90
     4095
 91
        3
280
     0
281
     0
  0
CLASS
  1
SUN
  2
AcDbSun
  3
SCENEOE
 90
     1153
 91
        3
280
     0
281
     0
  0
CLASS
  1
DICTIONARYVAR
  2
AcDbDictionaryVar
  3
ObjectDBX Classes
 90
        0
 91
        3
280
     0
281
     0
  0
CLASS
  1
CELLSTYLEMAP
  2
AcDbCellStyleMap
  3
ObjectDBX Classes
 90
     1152
 91
        3
280
     0
281
     0
  0
ENDSEC
  0
SECTION
  2
TABLES
  0
TABLE
  2
VPORT
  5
8
330
0
100
AcDbSymbolTable
 70
     1
  0
VPORT
  5
29
330
8
100
AcDbSymbolTableRecord
100
AcDbViewportTableRecord
  2
*Active
 70
     0
 10
0.0
 20
0.0
 11
1.0
 21
1.0
 12
10.42990654205607
 22
4.5
 13
0.0
 23
0.0
 14
0.5
 24
0.5
 15
0.5
 25
0.5
 16
0.0
 26
0.0
 36
1.0
 17
0.0
 27
0.0
 37
0.0
 40
9.0
 41
1.972972972850329
 42
50.0
 43
0.0
 44
0.0
 50
0.0
 51
0.0
 71
     0
 72
   100
 73
     1
 74
     3
 75
     0
 76
     0
 77
     0
 78
     0
281
     0
 65
     1
110
0.0
120
0.0
130
0.0
111
1.0
121
0.0
131
0.0
112
0.0
122
1.0
132
0.0
 79
     0
146
0.0
348
2F
 60
     3
 61
     5
292
     1
282
     1
141
0.0
142
0.0
 63
   250
361
5D
  0
ENDTAB
  0
TABLE
  2
LTYPE
  5
5
330
0
100
AcDbSymbolTable
 70
     1
  0
LTYPE
  5
14
330
5
100
AcDbSymbolTableRecord
100
AcDbLinetypeTableRecord
  2
ByBlock
 70
     0
  3

 72
    65
 73
     0
 40
0.0
  0
LTYPE
  5
15
330
5
100
AcDbSymbolTableRecord
100
AcDbLinetypeTableRecord
  2
ByLayer
 70
     0
  3

 72
    65
 73
     0
 40
0.0
  0
LTYPE
  5
16
330
5
100
AcDbSymbolTableRecord
100
AcDbLinetypeTableRecord
  2
Continuous
 70
     0
  3
Solid line
 72
    65
 73
     0
 40
0.0
  0
ENDTAB
  0
TABLE
  2
LAYER
  5
2
330
0
100
AcDbSymbolTable
 70
     4
  0
LAYER
  5
10
330
2
100
AcDbSymbolTableRecord
100
AcDbLayerTableRecord
  2
0
 70
     0
 62
     7
  6
Continuous
370
    -3
390
F
347
46
  0
LAYER
  5
5F
330
2
100
AcDbSymbolTableRecord
100
AcDbLayerTableRecord
  2
null
 70
     0
 62
     7
  6
Continuous
370
    -3
390
F
347
46
  0
LAYER
  5
72
330
2
100
AcDbSymbolTableRecord
100
AcDbLayerTableRecord
  2
inside1_
 70
     0
 62
     7
  6
Continuous
370
    -3
390
F
347
46
  0
LAYER
  5
78
330
2
100
AcDbSymbolTableRecord
100
AcDbLayerTableRecord
  2
inside1_B
 70
     0
 62
   160
420
    15103
  6
Continuous
370
    -3
390
F
347
46
  0
ENDTAB
  0
TABLE
  2
STYLE
  5
3
330
0
100
AcDbSymbolTable
 70
     1
  0
STYLE
  5
11
330
3
100
AcDbSymbolTableRecord
100
AcDbTextStyleTableRecord
  2
Standard
 70
     0
 40
0.0
 41
1.0
 50
0.0
 71
     0
 42
0.2
  3
txt
  4

  0
ENDTAB
  0
TABLE
  2
VIEW
  5
6
330
0
100
AcDbSymbolTable
 70
     0
  0
ENDTAB
  0
TABLE
  2
UCS
  5
7
330
0
100
AcDbSymbolTable
 70
     0
  0
ENDTAB
  0
TABLE
  2
APPID
  5
9
330
0
100
AcDbSymbolTable
 70
     3
  0
APPID
  5
12
330
9
100
AcDbSymbolTableRecord
100
AcDbRegAppTableRecord
  2
ACAD
 70
     0
  0
APPID
  5
5E
330
9
100
AcDbSymbolTableRecord
100
AcDbRegAppTableRecord
  2
Rhino
 70
     0
  0
APPID
  5
56E
330
9
100
AcDbSymbolTableRecord
100
AcDbRegAppTableRecord
  2
ACAD_MLEADERVER
 70
     0
  0
ENDTAB
  0
TABLE
  2
DIMSTYLE
  5
A
330
0
100
AcDbSymbolTable
 70
     1
100
AcDbDimStyleTable
  0
DIMSTYLE
105
27
330
A
100
AcDbSymbolTableRecord
100
AcDbDimStyleTableRecord
  2
STANDARD_ACAD
 70
     0
178
     0
340
11
  0
ENDTAB
  0
TABLE
  2
BLOCK_RECORD
  5
1
330
0
100
AcDbSymbolTable
 70
     1
  0
BLOCK_RECORD
  5
1F
330
1
100
AcDbSymbolTableRecord
100
AcDbBlockTableRecord
  2
*Model_Space
340
22
 70
     0
280
     1
281
     0
  0
BLOCK_RECORD
  5
1B
330
1
100
AcDbSymbolTableRecord
100
AcDbBlockTableRecord
  2
*Paper_Space
340
1E
 70
     0
280
     1
281
     0
  0
BLOCK_RECORD
  5
23
330
1
100
AcDbSymbolTableRecord
100
AcDbBlockTableRecord
  2
*Paper_Space0
340
26
 70
     0
280
     1
281
     0
  0
ENDTAB
  0
ENDSEC
  0
SECTION
  2
BLOCKS
  0
BLOCK
  5
20
330
1F
100
AcDbEntity
  8
0
100
AcDbBlockBegin
  2
*Model_Space
 70
     0
 10
0.0
 20
0.0
 30
0.0
  3
*Model_Space
  1

  0
ENDBLK
  5
21
330
1F
100
AcDbEntity
  8
0
100
AcDbBlockEnd
  0
BLOCK
  5
1C
330
1B
100
AcDbEntity
 67
     1
  8
0
100
AcDbBlockBegin
  2
*Paper_Space
 70
     0
 10
0.0
 20
0.0
 30
0.0
  3
*Paper_Space
  1

  0
ENDBLK
  5
1D
330
1B
100
AcDbEntity
 67
     1
  8
0
100
AcDbBlockEnd
  0
BLOCK
  5
24
330
23
100
AcDbEntity
  8
0
100
AcDbBlockBegin
  2
*Paper_Space0
 70
     0
 10
0.0
 20
0.0
 30
0.0
  3
*Paper_Space0
  1

  0
ENDBLK
  5
25
330
23
100
AcDbEntity
  8
0
100
AcDbBlockEnd
  0
ENDSEC
  0
SECTION
  2
ENTITIES
  0
POLYLINE
  5
60
330
1F
100
AcDbEntity
  8
null
100
AcDb2dPolyline
 66
     1
 10
0.0
 20
0.0
 30
0.0
  0
VERTEX
  5
61
330
60
100
AcDbEntity
  8
null
100
AcDbVertex
100
AcDb2dVertex
 10
56.8336437694798
 20
0.7702133370623027
 30
0.0
  0
VERTEX
  5
62
330
60
100
AcDbEntity
  8
null
100
AcDbVertex
100
AcDb2dVertex
 10
55.22584308323349
 20
0.7702133370623027
 30
0.0
  0
SEQEND
  5
63
330
60
100
AcDbEntity
  8
null
  0
POLYLINE
  5
64
330
1F
100
AcDbEntity
  8
null
100
AcDb2dPolyline
 66
     1
 10
0.0
 20
0.0
 30
0.0
  0
VERTEX
  5
65
330
64
100
AcDbEntity
  8
null
100
AcDbVertex
100
AcDb2dVertex
 10
56.83364376947981
 20
-4.306244830269875
 30
0.0
  0
VERTEX
  5
66
330
64
100
AcDbEntity
  8
null
100
AcDbVertex
100
AcDb2dVertex
 10
56.83364376947981
 20
-1.696659105787077
 30
0.0
  0
SEQEND
  5
67
330
64
100
AcDbEntity
  8
null
  0
POLYLINE
  5
68
330
1F
100
AcDbEntity
  8
null
100
AcDb2dPolyline
 66
     1
 10
0.0
 20
0.0
 30
0.0
  0
VERTEX
  5
69
330
68
100
AcDbEntity
  8
null
100
AcDbVertex
100
AcDb2dVertex
 10
56.78772540791614
 20
5.851846391295127
 30
0.0
  0
VERTEX
  5
6A
330
68
100
AcDbEntity
  8
null
100
AcDbVertex
100
AcDb2dVertex
 10
56.83364376947981
 20
3.308442420728398
 30
0.0
  0
VERTEX
  5
6B
330
68
100
AcDbEntity
  8
null
100
AcDbVertex
100
AcDb2dVertex
 10
55.01893369077805
 20
3.308442420728398
 30
0.0
  0
SEQEND
  5
6C
330
68
100
AcDbEntity
  8
null
  0
POINT
  5
6D
330
1F
100
AcDbEntity
  8
null
100
AcDbPoint
 10
56.83364376947981
 20
-4.306244830269875
 30
0.0
  0
POINT
  5
6E
330
1F
100
AcDbEntity
  8
null
100
AcDbPoint
 10
56.8336437694798
 20
-1.768015746603779
 30
0.0
  0
POINT
  5
6F
330
1F
100
AcDbEntity
  8
null
100
AcDbPoint
 10
56.8336437694798
 20
0.7702133370623027
 30
0.0
  0
POINT
  5
70
330
1F
100
AcDbEntity
  8
null
100
AcDbPoint
 10
56.83364376947981
 20
3.308442420728398
 30
0.0
  0
POINT
  5
71
330
1F
100
AcDbEntity
  8
null
100
AcDbPoint
 10
56.83364376947981
 20
5.846671504394475
 30
0.0
  0
SPLINE
  5
73
330
1F
100
AcDbEntity
  8
inside1_
100
AcDbSpline
210
0.0
220
0.0
230
1.0
 70
    15
 71
     2
 72
    12
 73
     9
 74
     0
 42
0.0000000001
 43
0.0000000001
 40
0.0
 40
0.0
 40
0.0
 40
1.334245977562504
 40
1.334245977562504
 40
2.668491955125007
 40
2.668491955125007
 40
4.002737932687511
 40
4.002737932687511
 40
5.336983910250014
 40
5.336983910250014
 40
5.336983910250014
 10
55.98423639896163
 20
3.308442420728369
 30
0.0
 41
1.0
 10
55.98423639896156
 20
4.157849791246577
 30
0.0
 41
0.7071067811865476
 10
56.83364376947969
 20
4.157849791246576
 30
0.0
 41
1.0
 10
57.6830511399979
 20
4.157849791246577
 30
0.0
 41
0.7071067811865476
 10
57.68305113999799
 20
3.308442420728369
 30
0.0
 41
1.0
 10
57.6830511399979
 20
2.459035050210159
 30
0.0
 41
0.7071067811865476
 10
56.83364376947969
 20
2.459035050210161
 30
0.0
 41
1.0
 10
55.98423639896156
 20
2.459035050210159
 30
0.0
 41
0.7071067811865476
 10
55.98423639896163
 20
3.308442420728369
 30
0.0
 41
1.0
  0
SPLINE
  5
74
330
1F
100
AcDbEntity
  8
inside1_
100
AcDbSpline
210
0.0
220
0.0
230
1.0
 70
    15
 71
     2
 72
    12
 73
     9
 74
     0
 42
0.0000000001
 43
0.0000000001
 40
0.0
 40
0.0
 40
0.0
 40
1.334245977562504
 40
1.334245977562504
 40
2.668491955125007
 40
2.668491955125007
 40
4.002737932687511
 40
4.002737932687511
 40
5.336983910250014
 40
5.336983910250014
 40
5.336983910250014
 10
55.98423639896163
 20
5.84667150439445
 30
0.0
 41
1.0
 10
55.98423639896156
 20
6.69607887491265
 30
0.0
 41
0.7071067811865476
 10
56.83364376947969
 20
6.696078874912651
 30
0.0
 41
1.0
 10
57.6830511399979
 20
6.69607887491265
 30
0.0
 41
0.7071067811865476
 10
57.68305113999799
 20
5.84667150439445
 30
0.0
 41
1.0
 10
57.6830511399979
 20
4.997264133876242
 30
0.0
 41
0.7071067811865476
 10
56.83364376947969
 20
4.997264133876243
 30
0.0
 41
1.0
 10
55.98423639896156
 20
4.997264133876242
 30
0.0
 41
0.7071067811865476
 10
55.98423639896163
 20
5.84667150439445
 30
0.0
 41
1.0
  0
SPLINE
  5
75
330
1F
100
AcDbEntity
  8
inside1_
100
AcDbSpline
210
0.0
220
0.0
230
1.0
 70
    15
 71
     2
 72
    12
 73
     9
 74
     0
 42
0.0000000001
 43
0.0000000001
 40
0.0
 40
0.0
 40
0.0
 40
1.334245977562504
 40
1.334245977562504
 40
2.668491955125007
 40
2.668491955125007
 40
4.002737932687511
 40
4.002737932687511
 40
5.336983910250014
 40
5.336983910250014
 40
5.336983910250014
 10
55.98423639896163
 20
0.7702133370622732
 30
0.0
 41
1.0
 10
55.98423639896156
 20
1.619620707580485
 30
0.0
 41
0.7071067811865476
 10
56.83364376947969
 20
1.619620707580481
 30
0.0
 41
1.0
 10
57.6830511399979
 20
1.619620707580485
 30
0.0
 41
0.7071067811865476
 10
57.68305113999799
 20
0.7702133370622732
 30
0.0
 41
1.0
 10
57.6830511399979
 20
-0.0791940334559335
 30
0.0
 41
0.7071067811865476
 10
56.83364376947969
 20
-0.0791940334559342
 30
0.0
 41
1.0
 10
55.98423639896156
 20
-0.0791940334559335
 30
0.0
 41
0.7071067811865476
 10
55.98423639896163
 20
0.7702133370622732
 30
0.0
 41
1.0
  0
SPLINE
  5
76
330
1F
100
AcDbEntity
  8
inside1_
100
AcDbSpline
210
0.0
220
0.0
230
1.0
 70
    15
 71
     2
 72
    12
 73
     9
 74
     0
 42
0.0000000001
 43
0.0000000001
 40
0.0
 40
0.0
 40
0.0
 40
1.334245977562504
 40
1.334245977562504
 40
2.668491955125007
 40
2.668491955125007
 40
4.002737932687511
 40
4.002737932687511
 40
5.336983910250014
 40
5.336983910250014
 40
5.336983910250014
 10
55.98423639896163
 20
-1.768015746603808
 30
0.0
 41
1.0
 10
55.98423639896156
 20
-0.9186083760855974
 30
0.0
 41
0.7071067811865476
 10
56.83364376947969
 20
-0.9186083760856008
 30
0.0
 41
1.0
 10
57.6830511399979
 20
-0.9186083760855974
 30
0.0
 41
0.7071067811865476
 10
57.68305113999799
 20
-1.768015746603808
 30
0.0
 41
1.0
 10
57.6830511399979
 20
-2.617423117122016
 30
0.0
 41
0.7071067811865476
 10
56.83364376947969
 20
-2.617423117122016
 30
0.0
 41
1.0
 10
55.98423639896156
 20
-2.617423117122016
 30
0.0
 41
0.7071067811865476
 10
55.98423639896163
 20
-1.768015746603808
 30
0.0
 41
1.0
  0
SPLINE
  5
77
330
1F
100
AcDbEntity
  8
inside1_
100
AcDbSpline
210
0.0
220
0.0
230
1.0
 70
    15
 71
     2
 72
    12
 73
     9
 74
     0
 42
0.0000000001
 43
0.0000000001
 40
0.0
 40
0.0
 40
0.0
 40
1.334245977562504
 40
1.334245977562504
 40
2.668491955125007
 40
2.668491955125007
 40
4.002737932687511
 40
4.002737932687511
 40
5.336983910250014
 40
5.336983910250014
 40
5.336983910250014
 10
55.98423639896163
 20
-4.306244830269904
 30
0.0
 41
1.0
 10
55.98423639896156
 20
-3.45683745975169
 30
0.0
 41
0.7071067811865476
 10
56.83364376947969
 20
-3.456837459751696
 30
0.0
 41
1.0
 10
57.6830511399979
 20
-3.45683745975169
 30
0.0
 41
0.7071067811865476
 10
57.68305113999799
 20
-4.306244830269904
 30
0.0
 41
1.0
 10
57.6830511399979
 20
-5.155652200788109
 30
0.0
 41
0.7071067811865476
 10
56.83364376947969
 20
-5.155652200788111
 30
0.0
 41
1.0
 10
55.98423639896156
 20
-5.155652200788109
 30
0.0
 41
0.7071067811865476
 10
55.98423639896163
 20
-4.306244830269904
 30
0.0
 41
1.0
  0
POLYLINE
  5
79
330
1F
100
AcDbEntity
  8
inside1_B
100
AcDb2dPolyline
 66
     1
 10
0.0
 20
0.0
 30
0.0
  0
VERTEX
  5
7A
330
79
100
AcDbEntity
  8
inside1_B
100
AcDbVertex
100
AcDb2dVertex
 10
-396.9167500317002
 20
2.673790595272891
 30
0.0
  0
VERTEX
  5
7B
330
79
100
AcDbEntity
  8
inside1_B
100
AcDbVertex
100
AcDb2dVertex
 10
-397.3706393506043
 20
2.663696033386358
 30
0.0
  0
VERTEX
  5
7C
330
79
100
AcDbEntity
  8
inside1_B
100
AcDbVertex
100
AcDb2dVertex
 10
-397.8175358146944
 20
2.65370841280567
 30
0.0
  0
VERTEX
  5
7D
330
79
100
AcDbEntity
  8
inside1_B
100
AcDbVertex
100
AcDb2dVertex
 10
-398.2574085922344
 20
2.643911946391952
 30
0.0
  0
VERTEX
  5
7E
330
79
100
AcDbEntity
  8
inside1_B
100
AcDbVertex
100
AcDb2dVertex
 10
-398.6900176462154
 20
2.634320776008323
 30
0.0
  0
VERTEX
  5
7F
330
79
100
AcDbEntity
  8
inside1_B
100
AcDbVertex
100
AcDb2dVertex
 10
-399.1156124510862
 20
2.624828720330186
 30
0.0
  0
VERTEX
  5
80
330
79
100
AcDbEntity
  8
inside1_B
100
AcDbVertex
100
AcDb2dVertex
 10
-399.5342240033523
 20
2.615534882093698
 30
0.0
  0
VERTEX
  5
81
330
79
100
AcDbEntity
  8
inside1_B
100
AcDbVertex
100
AcDb2dVertex
 10
-399.9458787579861
 20
2.606339556402133
 30
0.0
  0
VERTEX
  5
82
330
79
100
AcDbEntity
  8
inside1_B
100
AcDbVertex
100
AcDb2dVertex
 10
-400.3507924456928
 20
2.597244055942056
 30
0.0
  0
VERTEX
  5
83
330
79
100
AcDbEntity
  8
inside1_B
100
AcDbVertex
100
AcDb2dVertex
 10
-400.748876739333
 20
2.588355046665868
 30
0.0
  0
VERTEX
  5
84
330
79
100
AcDbEntity
  8
inside1_B
100
AcDbVertex
100
AcDb2dVertex
 10
-401.1405079029419
 20
2.57965602864536
 30
0.0
  0
VERTEX
  5
85
330
79
100
AcDbEntity
  8
inside1_B
100
AcDbVertex
100
AcDb2dVertex
 10
-401.5256572314584
 20
2.571063438312819
 30
0.0
  0
SEQEND
  5
86
330
79
100
AcDbEntity
  8
inside1_B
  0
POLYLINE
  5
87
330
1F
100
AcDbEntity
  8
inside1_B
100
AcDb2dPolyline
 66
     1
 10
0.0
 20
0.0
 30
0.0
  0
VERTEX
  5
88
330
87
100
AcDbEntity
  8
inside1_B
100
AcDbVertex
100
AcDb2dVertex
 10
-293.9736033680666
 20
4.081665150186737
 30
0.0
  0
VERTEX
  5
89
330
87
100
AcDbEntity
  8
inside1_B
100
AcDbVertex
100
AcDb2dVertex
 10
-297.0601577404306
 20
4.080269895770314
 30
0.0
  0
VERTEX
  5
8A
330
87
100
AcDbEntity
  8
inside1_B
100
AcDbVertex
100
AcDb2dVertex
 10
-299.7059222666339
 20
4.076671046040161
 30
0.0
  0
VERTEX
  5
8B
330
87
100
AcDbEntity
  8
inside1_B
100
AcDbVertex
100
AcDb2dVertex
 10
-302.3515831813135
 20
4.070777177142915
 30
0.0
  0
VERTEX
  5
8C
330
87
100
AcDbEntity
  8
inside1_B
100
AcDbVertex
100
AcDb2dVertex
 10
-304.9973387582657
 20
4.062580672113455
 30
0.0
  0
VERTEX
  5
8D
330
87
100
AcDbEntity
  8
inside1_B
100
AcDbVertex
100
AcDb2dVertex
 10
-307.6430898827942
 20
4.052188283690583
 30
0.0
  0
VERTEX
  5
8E
330
87
100
AcDbEntity
  8
inside1_B
100
AcDbVertex
100
AcDb2dVertex
 10
-310.2889400877728
 20
4.039592373627784
 30
0.0
  0
VERTEX
  5
8F
330
87
100
AcDbEntity
  8
inside1_B
100
AcDbVertex
100
AcDb2dVertex
 10
-312.9348922342214
 20
4.024800593264558
 30
0.0
  0
VERTEX
  5
90
330
87
100
AcDbEntity
  8
inside1_B
100
AcDbVertex
100
AcDb2dVertex
 10
-315.5809358540927
 20
4.007912040052929
 30
0.0
  0
VERTEX
  5
91
330
87
100
AcDbEntity
  8
inside1_B
100
AcDbVertex
100
AcDb2dVertex
 10
-318.2270788707913
 20
3.98882759169706
 30
0.0
  0
VERTEX
  5
92
330
87
100
AcDbEntity
  8
inside1_B
100
AcDbVertex
100
AcDb2dVertex
 10
-320.8734007455924
 20
3.967638961759576
 30
0.0
  0
VERTEX
  5
93
330
87
100
AcDbEntity
  8
inside1_B
100
AcDbVertex
100
AcDb2dVertex
 10
-322.6377077195082
 20
3.952450649600536
 30
0.0
  0
VERTEX
  5
94
330
87
100
AcDbEntity
  8
inside1_B
100
AcDbVertex
100
AcDb2dVertex
 10
-323.960989058287
 20
3.940357880843592
 30
0.0
  0
VERTEX
  5
95
330
87
100
AcDbEntity
  8
inside1_B
100
AcDbVertex
100
AcDb2dVertex
 10
-325.2842431148966
 20
3.92776214180563
 30
0.0
  0
VERTEX
  5
96
330
87
100
AcDbEntity
  8
inside1_B
100
AcDbVertex
100
AcDb2dVertex
 10
-326.6075130848764
 20
3.914769845338014
 30
0.0
  0
VERTEX
  5
97
330
87
100
AcDbEntity
  8
inside1_B
100
AcDbVertex
100
AcDb2dVertex
 10
-327.9306857826789
 20
3.901182733809847
 30
0.0
  0
VERTEX
  5
98
330
87
100
AcDbEntity
  8
inside1_B
100
AcDbVertex
100
AcDb2dVertex
 10
-329.2539481561263
 20
3.887092577683887
 30
0.0
  0
VERTEX
  5
99
330
87
100
AcDbEntity
  8
inside1_B
100
AcDbVertex
100
AcDb2dVertex
 10
-330.5771033111357
 20
3.872598325961363
 30
0.0
  0
VERTEX
  5
9A
330
87
100
AcDbEntity
  8
inside1_B
100
AcDbVertex
100
AcDb2dVertex
 10
-331.9001682330779
 20
3.857608378423038
 30
0.0
  0
VERTEX
  5
9B
330
87
100
AcDbEntity
  8
inside1_B
100
AcDbVertex
100
AcDb2dVertex
 10
-333.2231340542251
 20
3.842115207602561
 30
0.0
  0
VERTEX
  5
9C
330
87
100
AcDbEntity
  8
inside1_B
100
AcDbVertex
100
AcDb2dVertex
 10
-334.5459913241343
 20
3.826126552299968
 30
0.0
  0
VERTEX
  5
9D
330
87
100
AcDbEntity
  8
inside1_B
100
AcDbVertex
100
AcDb2dVertex
 10
-335.868650952696
 20
3.809741413652219
 30
0.0
  0
VERTEX
  5
9E
330
87
100
AcDbEntity
  8
inside1_B
100
AcDbVertex
100
AcDb2dVertex
 10
-337.1913114058021
 20
3.792853044769103
 30
0.0
  0
VERTEX
  5
9F
330
87
100
AcDbEntity
  8
inside1_B
100
AcDbVertex
100
AcDb2dVertex
 10
-338.5136663323908
 20
3.775560582082989
 30
0.0
  0
VERTEX
  5
A0
330
87
100
AcDbEntity
  8
inside1_B
100
AcDbVertex
100
AcDb2dVertex
 10
-339.8359296763929
 20
3.757772525310742
 30
0.0
  0
VERTEX
  5
A1
330
87
100
AcDbEntity
  8
inside1_B
100
AcDbVertex
100
AcDb2dVertex
 10
-341.1579777537012
 20
3.739580497210412
 30
0.0
  0
VERTEX
  5
A2
330
87
100
AcDbEntity
  8
inside1_B
100
AcDbVertex
100
AcDb2dVertex
 10
-342.4798371843108
 20
3.720999485424016
 30
0.0
  0
VERTEX
  5
A3
330
87
100
AcDbEntity
  8
inside1_B
100
AcDbVertex
100
AcDb2dVertex
 10
-343.8014903489266
 20
3.701907745208388
 30
0.0
  0
VERTEX
  5
A4
330
87
100
AcDbEntity
  8
inside1_B
100
AcDbVertex
100
AcDb2dVertex
 10
-345.122837344488
 20
3.682518667063661
 30
0.0
  0
VERTEX
  5
A5
330
87
100
AcDbEntity
  8
inside1_B
100
AcDbVertex
100
AcDb2dVertex
 10
-346.44389645592
 20
3.662633854508186
 30
0.0
  0
VERTEX
  5
A6
330
87
100
AcDbEntity
  8
inside1_B
100
AcDbVertex
100
AcDb2dVertex
 10
-347.7647484948223
 20
3.642345076783215
 30
0.0
  0
VERTEX
  5
A7
330
87
100
AcDbEntity
  8
inside1_B
100
AcDbVertex
100
AcDb2dVertex
 10
-349.0852865557268
 20
3.621659966336011
 30
0.0
  0
VERTEX
  5
A8
330
87
100
AcDbEntity
  8
inside1_B
100
AcDbVertex
100
AcDb2dVertex
 10
-349.9654337094066
 20
3.607668923446425
 30
0.0
  0
VERTEX
  5
A9
330
87
100
AcDbEntity
  8
inside1_B
100
AcDbVertex
100
AcDb2dVertex
 10
-350.8454741232364
 20
3.593479642285658
 30
0.0
  0
VERTEX
  5
AA
330
87
100
AcDbEntity
  8
inside1_B
100
AcDbVertex
100
AcDb2dVertex
 10
-351.7255992716912
 20
3.579084733633309
 30
0.0
  0
VERTEX
  5
AB
330
87
100
AcDbEntity
  8
inside1_B
100
AcDbVertex
100
AcDb2dVertex
 10
-352.6056255250588
 20
3.564598328256551
 30
0.0
  0
VERTEX
  5
AC
330
87
100
AcDbEntity
  8
inside1_B
100
AcDbVertex
100
AcDb2dVertex
 10
-353.4856654757778
 20
3.549905834754128
 30
0.0
  0
VERTEX
  5
AD
330
87
100
AcDbEntity
  8
inside1_B
100
AcDbVertex
100
AcDb2dVertex
 10
-354.3658890546083
 20
3.535015350298309
 30
0.0
  0
VERTEX
  5
AE
330
87
100
AcDbEntity
  8
inside1_B
100
AcDbVertex
100
AcDb2dVertex
 10
-355.246211480726
 20
3.520025753033892
 30
0.0
  0
VERTEX
  5
AF
330
87
100
AcDbEntity
  8
inside1_B
100
AcDbVertex
100
AcDb2dVertex
 10
-356.1268398844429
 20
3.504837903749433
 30
0.0
  0
VERTEX
  5
B0
330
87
100
AcDbEntity
  8
inside1_B
100
AcDbVertex
100
AcDb2dVertex
 10
-357.0075661339488
 20
3.489543334636522
 30
0.0
  0
VERTEX
  5
B1
330
87
100
AcDbEntity
  8
inside1_B
100
AcDbVertex
100
AcDb2dVertex
 10
-357.8887016523356
 20
3.474057930297491
 30
0.0
  0
VERTEX
  5
B2
330
87
100
AcDbEntity
  8
inside1_B
100
AcDbVertex
100
AcDb2dVertex
 10
-358.7701431143911
 20
3.458366646723022
 30
0.0
  0
VERTEX
  5
B3
330
87
100
AcDbEntity
  8
inside1_B
100
AcDbVertex
100
AcDb2dVertex
 10
-359.6519540856531
 20
3.442477611255441
 30
0.0
  0
VERTEX
  5
B4
330
87
100
AcDbEntity
  8
inside1_B
100
AcDbVertex
100
AcDb2dVertex
 10
-360.534264885193
 20
3.426588361978034
 30
0.0
  0
VERTEX
  5
B5
330
87
100
AcDbEntity
  8
inside1_B
100
AcDbVertex
100
AcDb2dVertex
 10
-361.4170005123713
 20
3.410393896180921
 30
0.0
  0
VERTEX
  5
B6
330
87
100
AcDbEntity
  8
inside1_B
100
AcDbVertex
100
AcDb2dVertex
 10
-362.300319238431
 20
3.3941084314759
 30
0.0
  0
VERTEX
  5
B7
330
87
100
AcDbEntity
  8
inside1_B
100
AcDbVertex
100
AcDb2dVertex
 10
-363.1841407059961
 20
3.377715952565751
 30
0.0
  0
VERTEX
  5
B8
330
87
100
AcDbEntity
  8
inside1_B
100
AcDbVertex
100
AcDb2dVertex
 10
-363.6262559002648
 20
3.369420478979634
 30
0.0
  0
VERTEX
  5
B9
330
87
100
AcDbEntity
  8
inside1_B
100
AcDbVertex
100
AcDb2dVertex
 10
-364.0684625655823
 20
3.361125005829507
 30
0.0
  0
VERTEX
  5
BA
330
87
100
AcDbEntity
  8
inside1_B
100
AcDbVertex
100
AcDb2dVertex
 10
-364.5106853985705
 20
3.352730396534326
 30
0.0
  0
VERTEX
  5
BB
330
87
100
AcDbEntity
  8
inside1_B
100
AcDbVertex
100
AcDb2dVertex
 10
-364.9528817620426
 20
3.344336289703591
 30
0.0
  0
VERTEX
  5
BC
330
87
100
AcDbEntity
  8
inside1_B
100
AcDbVertex
100
AcDb2dVertex
 10
-365.394866823172
 20
3.335942141636835
 30
0.0
  0
VERTEX
  5
BD
330
87
100
AcDbEntity
  8
inside1_B
100
AcDbVertex
100
AcDb2dVertex
 10
-365.8368924629104
 20
3.327547512503969
 30
0.0
  0
VERTEX
  5
BE
330
87
100
AcDbEntity
  8
inside1_B
100
AcDbVertex
100
AcDb2dVertex
 10
-366.2787047836856
 20
3.319053760988012
 30
0.0
  0
VERTEX
  5
BF
330
87
100
AcDbEntity
  8
inside1_B
100
AcDbVertex
100
AcDb2dVertex
 10
-366.7202027204676
 20
3.310560483712266
 30
0.0
  0
VERTEX
  5
C0
330
87
100
AcDbEntity
  8
inside1_B
100
AcDbVertex
100
AcDb2dVertex
 10
-367.1611996794656
 20
3.30206716382321
 30
0.0
  0
VERTEX
  5
C1
330
87
100
AcDbEntity
  8
inside1_B
100
AcDbVertex
100
AcDb2dVertex
 10
-367.6017253195399
 20
3.293573229322192
 30
0.0
  0
VERTEX
  5
C2
330
87
100
AcDbEntity
  8
inside1_B
100
AcDbVertex
100
AcDb2dVertex
 10
-368.041233162875
 20
3.284980693162893
 30
0.0
  0
VERTEX
  5
C3
330
87
100
AcDbEntity
  8
inside1_B
100
AcDbVertex
100
AcDb2dVertex
 10
-368.4797384850081
 20
3.276487197164414
 30
0.0
  0
VERTEX
  5
C4
330
87
100
AcDbEntity
  8
inside1_B
100
AcDbVertex
100
AcDb2dVertex
 10
-368.9169486313593
 20
3.267886941774421
 30
0.0
  0
VERTEX
  5
C5
330
87
100
AcDbEntity
  8
inside1_B
100
AcDbVertex
100
AcDb2dVertex
 10
-369.352573478781
 20
3.259393416150857
 30
0.0
  0
VERTEX
  5
C6
330
87
100
AcDbEntity
  8
inside1_B
100
AcDbVertex
100
AcDb2dVertex
 10
-369.7864772742122
 20
3.250800733363121
 30
0.0
  0
VERTEX
  5
C7
330
87
100
AcDbEntity
  8
inside1_B
100
AcDbVertex
100
AcDb2dVertex
 10
-370.2187932698232
 20
3.242307205460918
 30
0.0
  0
VERTEX
  5
C8
330
87
100
AcDbEntity
  8
inside1_B
100
AcDbVertex
100
AcDb2dVertex
 10
-370.6498061401894
 20
3.233714700244334
 30
0.0
  0
VERTEX
  5
C9
330
87
100
AcDbEntity
  8
inside1_B
100
AcDbVertex
100
AcDb2dVertex
 10
-371.0805074931439
 20
3.22522143912434
 30
0.0
  0
VERTEX
  5
CA
330
87
100
AcDbEntity
  8
inside1_B
100
AcDbVertex
100
AcDb2dVertex
 10
-371.5115318788266
 20
3.216621079910979
 30
0.0
  0
VERTEX
  5
CB
330
87
100
AcDbEntity
  8
inside1_B
100
AcDbVertex
100
AcDb2dVertex
 10
-371.9435646554298
 20
3.208028002729947
 30
0.0
  0
VERTEX
  5
CC
330
87
100
AcDbEntity
  8
inside1_B
100
AcDbVertex
100
AcDb2dVertex
 10
-371.9522308537292
 20
3.207852344783261
 30
0.0
  0
VERTEX
  5
CD
330
87
100
AcDbEntity
  8
inside1_B
100
AcDbVertex
100
AcDb2dVertex
 10
-372.3772573113955
 20
3.199237347495995
 30
0.0
  0
VERTEX
  5
CE
330
87
100
AcDbEntity
  8
inside1_B
100
AcDbVertex
100
AcDb2dVertex
 10
-372.8133525274257
 20
3.190545939344318
 30
0.0
  0
VERTEX
  5
CF
330
87
100
AcDbEntity
  8
inside1_B
100
AcDbVertex
100
AcDb2dVertex
 10
-373.252695472878
 20
3.181647757856254
 30
0.0
  0
VERTEX
  5
D0
330
87
100
AcDbEntity
  8
inside1_B
100
AcDbVertex
100
AcDb2dVertex
 10
-373.6959079095016
 20
3.172650842748467
 30
0.0
  0
VERTEX
  5
D1
330
87
100
AcDbEntity
  8
inside1_B
100
AcDbVertex
100
AcDb2dVertex
 10
-375.058390039295
 20
3.144768998197392
 30
0.0
  0
VERTEX
  5
D2
330
87
100
AcDbEntity
  8
inside1_B
100
AcDbVertex
100
AcDb2dVertex
 10
-375.5252050453385
 20
3.135177117928166
 30
0.0
  0
VERTEX
  5
D3
330
87
100
AcDbEntity
  8
inside1_B
100
AcDbVertex
100
AcDb2dVertex
 10
-375.9960901565751
 20
3.125387343271001
 30
0.0
  0
VERTEX
  5
D4
330
87
100
AcDbEntity
  8
inside1_B
100
AcDbVertex
100
AcDb2dVertex
 10
-376.4685628354578
 20
3.115590541612747
 30
0.0
  0
VERTEX
  5
D5
330
87
100
AcDbEntity
  8
inside1_B
100
AcDbVertex
100
AcDb2dVertex
 10
-376.9405405660164
 20
3.105800876878391
 30
0.0
  0
VERTEX
  5
D6
330
87
100
AcDbEntity
  8
inside1_B
100
AcDbVertex
100
AcDb2dVertex
 10
-377.4099323946228
 20
3.096003772961311
 30
0.0
  0
VERTEX
  5
D7
330
87
100
AcDbEntity
  8
inside1_B
100
AcDbVertex
100
AcDb2dVertex
 10
-377.8755935452332
 20
3.086313617382771
 30
0.0
  0
VERTEX
  5
D8
330
87
100
AcDbEntity
  8
inside1_B
100
AcDbVertex
100
AcDb2dVertex
 10
-378.3358869909538
 20
3.076714640238364
 30
0.0
  0
VERTEX
  5
D9
330
87
100
AcDbEntity
  8
inside1_B
100
AcDbVertex
100
AcDb2dVertex
 10
-378.7896975131511
 20
3.06722213183555
 30
0.0
  0
VERTEX
  5
DA
330
87
100
AcDbEntity
  8
inside1_B
100
AcDbVertex
100
AcDb2dVertex
 10
-379.235483612716
 20
3.057829457142304
 30
0.0
  0
VERTEX
  5
DB
330
87
100
AcDbEntity
  8
inside1_B
100
AcDbVertex
100
AcDb2dVertex
 10
-379.6718751916918
 20
3.048733836161176
 30
0.0
  0
VERTEX
  5
DC
330
87
100
AcDbEntity
  8
inside1_B
100
AcDbVertex
100
AcDb2dVertex
 10
-380.0977009449019
 20
3.039744604951949
 30
0.0
  0
VERTEX
  5
DD
330
87
100
AcDbEntity
  8
inside1_B
100
AcDbVertex
100
AcDb2dVertex
 10
-380.5114865100698
 20
3.031046249635679
 30
0.0
  0
VERTEX
  5
DE
330
87
100
AcDbEntity
  8
inside1_B
100
AcDbVertex
100
AcDb2dVertex
 10
-380.9146307695747
 20
3.022651540899531
 30
0.0
  0
VERTEX
  5
DF
330
87
100
AcDbEntity
  8
inside1_B
100
AcDbVertex
100
AcDb2dVertex
 10
-381.309357370828
 20
3.014257482337712
 30
0.0
  0
VERTEX
  5
E0
330
87
100
AcDbEntity
  8
inside1_B
100
AcDbVertex
100
AcDb2dVertex
 10
-381.6981857738324
 20
3.006168326737949
 30
0.0
  0
VERTEX
  5
E1
330
87
100
AcDbEntity
  8
inside1_B
100
AcDbVertex
100
AcDb2dVertex
 10
-382.0835370269082
 20
2.997971797314591
 30
0.0
  0
VERTEX
  5
E2
330
87
100
AcDbEntity
  8
inside1_B
100
AcDbVertex
100
AcDb2dVertex
 10
-382.4679707080299
 20
2.989875086039177
 30
0.0
  0
VERTEX
  5
E3
330
87
100
AcDbEntity
  8
inside1_B
100
AcDbVertex
100
AcDb2dVertex
 10
-382.8537252177646
 20
2.98167873670991
 30
0.0
  0
VERTEX
  5
E4
330
87
100
AcDbEntity
  8
inside1_B
100
AcDbVertex
100
AcDb2dVertex
 10
-383.2434498399576
 20
2.973391427687943
 30
0.0
  0
VERTEX
  5
E5
330
87
100
AcDbEntity
  8
inside1_B
100
AcDbVertex
100
AcDb2dVertex
 10
-383.6393151463672
 20
2.964996502953611
 30
0.0
  0
VERTEX
  5
E6
330
87
100
AcDbEntity
  8
inside1_B
100
AcDbVertex
100
AcDb2dVertex
 10
-384.0422573753604
 20
2.956296891174901
 30
0.0
  0
VERTEX
  5
E7
330
87
100
AcDbEntity
  8
inside1_B
100
AcDbVertex
100
AcDb2dVertex
 10
-384.4526660821364
 20
2.947506557564552
 30
0.0
  0
VERTEX
  5
E8
330
87
100
AcDbEntity
  8
inside1_B
100
AcDbVertex
100
AcDb2dVertex
 10
-384.8710851560266
 20
2.938509937535571
 30
0.0
  0
VERTEX
  5
E9
330
87
100
AcDbEntity
  8
inside1_B
100
AcDbVertex
100
AcDb2dVertex
 10
-385.2978908229256
 20
2.929315088971549
 30
0.0
  0
VERTEX
  5
EA
330
87
100
AcDbEntity
  8
inside1_B
100
AcDbVertex
100
AcDb2dVertex
 10
-385.7336853612944
 20
2.919922176610157
 30
0.0
  0
VERTEX
  5
EB
330
87
100
AcDbEntity
  8
inside1_B
100
AcDbVertex
100
AcDb2dVertex
 10
-386.1789071537183
 20
2.910330625866138
 30
0.0
  0
VERTEX
  5
EC
330
87
100
AcDbEntity
  8
inside1_B
100
AcDbVertex
100
AcDb2dVertex
 10
-386.6340331733971
 20
2.900433598331489
 30
0.0
  0
VERTEX
  5
ED
330
87
100
AcDbEntity
  8
inside1_B
100
AcDbVertex
100
AcDb2dVertex
 10
-387.0989908545633
 20
2.890240301185926
 30
0.0
  0
VERTEX
  5
EE
330
87
100
AcDbEntity
  8
inside1_B
100
AcDbVertex
100
AcDb2dVertex
 10
-387.5730520885986
 20
2.879948212382942
 30
0.0
  0
VERTEX
  5
EF
330
87
100
AcDbEntity
  8
inside1_B
100
AcDbVertex
100
AcDb2dVertex
 10
-388.0551253661053
 20
2.869457087725365
 30
0.0
  0
VERTEX
  5
F0
330
87
100
AcDbEntity
  8
inside1_B
100
AcDbVertex
100
AcDb2dVertex
 10
-388.5440279966269
 20
2.858767441613395
 30
0.0
  0
VERTEX
  5
F1
330
87
100
AcDbEntity
  8
inside1_B
100
AcDbVertex
100
AcDb2dVertex
 10
-389.0385672607914
 20
2.847872726223358
 30
0.0
  0
VERTEX
  5
F2
330
87
100
AcDbEntity
  8
inside1_B
100
AcDbVertex
100
AcDb2dVertex
 10
-389.5376301617827
 20
2.836977787705266
 30
0.0
  0
VERTEX
  5
F3
330
87
100
AcDbEntity
  8
inside1_B
100
AcDbVertex
100
AcDb2dVertex
 10
-390.0399978539688
 20
2.825884374560161
 30
0.0
  0
VERTEX
  5
F4
330
87
100
AcDbEntity
  8
inside1_B
100
AcDbVertex
100
AcDb2dVertex
 10
-390.5447222172887
 20
2.814791782743498
 30
0.0
  0
VERTEX
  5
F5
330
87
100
AcDbEntity
  8
inside1_B
100
AcDbVertex
100
AcDb2dVertex
 10
-391.0505951105552
 20
2.803706037652177
 30
0.0
  0
VERTEX
  5
F6
330
87
100
AcDbEntity
  8
inside1_B
100
AcDbVertex
100
AcDb2dVertex
 10
-391.5568567187366
 20
2.792513386435147
 30
0.0
  0
VERTEX
  5
F7
330
87
100
AcDbEntity
  8
inside1_B
100
AcDbVertex
100
AcDb2dVertex
 10
-392.0624907319104
 20
2.781321463302106
 30
0.0
  0
VERTEX
  5
F8
330
87
100
AcDbEntity
  8
inside1_B
100
AcDbVertex
100
AcDb2dVertex
 10
-392.5667430341458
 20
2.770228522574072
 30
0.0
  0
VERTEX
  5
F9
330
87
100
AcDbEntity
  8
inside1_B
100
AcDbVertex
100
AcDb2dVertex
 10
-393.0687092743863
 20
2.75913488262708
 30
0.0
  0
VERTEX
  5
FA
330
87
100
AcDbEntity
  8
inside1_B
100
AcDbVertex
100
AcDb2dVertex
 10
-393.5676645652894
 20
2.748042074078597
 30
0.0
  0
VERTEX
  5
FB
330
87
100
AcDbEntity
  8
inside1_B
100
AcDbVertex
100
AcDb2dVertex
 10
-394.0625127316029
 20
2.737147271908341
 30
0.0
  0
VERTEX
  5
FC
330
87
100
AcDbEntity
  8
inside1_B
100
AcDbVertex
100
AcDb2dVertex
 10
-394.5525775359682
 20
2.72625236843534
 30
0.0
  0
VERTEX
  5
FD
330
87
100
AcDbEntity
  8
inside1_B
100
AcDbVertex
100
AcDb2dVertex
 10
-395.0372495299596
 20
2.715563204748449
 30
0.0
  0
VERTEX
  5
FE
330
87
100
AcDbEntity
  8
inside1_B
100
AcDbVertex
100
AcDb2dVertex
 10
-395.5163321855189
 20
2.704873888383716
 30
0.0
  0
VERTEX
  5
FF
330
87
100
AcDbEntity
  8
inside1_B
100
AcDbVertex
100
AcDb2dVertex
 10
-395.9893996710527
 20
2.694375678430774
 30
0.0
  0
VERTEX
  5
100
330
87
100
AcDbEntity
  8
inside1_B
100
AcDbVertex
100
AcDb2dVertex
 10
-396.4562649942089
 20
2.683984120597771
 30
0.0
  0
VERTEX
  5
101
330
87
100
AcDbEntity
  8
inside1_B
100
AcDbVertex
100
AcDb2dVertex
 10
-396.9160320686978
 20
2.673790962726386
 30
0.0
  0
SEQEND
  5
102
330
87
100
AcDbEntity
  8
inside1_B
  0
POLYLINE
  5
103
330
1F
100
AcDbEntity
  8
inside1_B
100
AcDb2dPolyline
 66
     1
 10
0.0
 20
0.0
 30
0.0
  0
VERTEX
  5
104
330
103
100
AcDbEntity
  8
inside1_B
100
AcDbVertex
100
AcDb2dVertex
 10
-183.3994828912675
 20
4.081870984336504
 30
0.0
  0
VERTEX
  5
105
330
103
100
AcDbEntity
  8
inside1_B
100
AcDbVertex
100
AcDb2dVertex
 10
-187.3578369967383
 20
4.07956844764648
 30
0.0
  0
VERTEX
  5
106
330
103
100
AcDbEntity
  8
inside1_B
100
AcDbVertex
100
AcDb2dVertex
 10
-189.5628912347727
 20
4.076175434800817
 30
0.0
  0
VERTEX
  5
107
330
103
100
AcDbEntity
  8
inside1_B
100
AcDbVertex
100
AcDb2dVertex
 10
-191.7678277146643
 20
4.0712727717723
 30
0.0
  0
VERTEX
  5
108
330
103
100
AcDbEntity
  8
inside1_B
100
AcDbVertex
100
AcDb2dVertex
 10
-193.9728533562318
 20
4.064677450313383
 30
0.0
  0
VERTEX
  5
109
330
103
100
AcDbEntity
  8
inside1_B
100
AcDbVertex
100
AcDb2dVertex
 10
-196.1777701781714
 20
4.056686853221592
 30
0.0
  0
VERTEX
  5
10A
330
103
100
AcDbEntity
  8
inside1_B
100
AcDbVertex
100
AcDb2dVertex
 10
-197.9416820725986
 20
4.049085041798278
 30
0.0
  0
VERTEX
  5
10B
330
103
100
AcDbEntity
  8
inside1_B
100
AcDbVertex
100
AcDb2dVertex
 10
-199.705577877273
 20
4.040591210473195
 30
0.0
  0
VERTEX
  5
10C
330
103
100
AcDbEntity
  8
inside1_B
100
AcDbVertex
100
AcDb2dVertex
 10
-201.4695752872844
 20
4.031098550265725
 30
0.0
  0
VERTEX
  5
10D
330
103
100
AcDbEntity
  8
inside1_B
100
AcDbVertex
100
AcDb2dVertex
 10
-203.2333726044816
 20
4.020706183794857
 30
0.0
  0
VERTEX
  5
10E
330
103
100
AcDbEntity
  8
inside1_B
100
AcDbVertex
100
AcDb2dVertex
 10
-204.9971698480411
 20
4.009314991675083
 30
0.0
  0
VERTEX
  5
10F
330
103
100
AcDbEntity
  8
inside1_B
100
AcDbVertex
100
AcDb2dVertex
 10
-206.7609609435963
 20
3.997024136460055
 30
0.0
  0
VERTEX
  5
110
330
103
100
AcDbEntity
  8
inside1_B
100
AcDbVertex
100
AcDb2dVertex
 10
-208.5247515256028
 20
3.983825957686733
 30
0.0
  0
VERTEX
  5
111
330
103
100
AcDbEntity
  8
inside1_B
100
AcDbVertex
100
AcDb2dVertex
 10
-210.2885483106972
 20
3.969735651417935
 30
0.0
  0
VERTEX
  5
112
330
103
100
AcDbEntity
  8
inside1_B
100
AcDbVertex
100
AcDb2dVertex
 10
-212.0522379918449
 20
3.954646571322911
 30
0.0
  0
VERTEX
  5
113
330
103
100
AcDbEntity
  8
inside1_B
100
AcDbVertex
100
AcDb2dVertex
 10
-213.8158218486269
 20
3.938756968810466
 30
0.0
  0
VERTEX
  5
114
330
103
100
AcDbEntity
  8
inside1_B
100
AcDbVertex
100
AcDb2dVertex
 10
-215.5794056469679
 20
3.921967667671822
 30
0.0
  0
VERTEX
  5
115
330
103
100
AcDbEntity
  8
inside1_B
100
AcDbVertex
100
AcDb2dVertex
 10
-217.3429895141533
 20
3.90437778609197
 30
0.0
  0
VERTEX
  5
116
330
103
100
AcDbEntity
  8
inside1_B
100
AcDbVertex
100
AcDb2dVertex
 10
-219.1064795369765
 20
3.88588814002442
 30
0.0
  0
VERTEX
  5
117
330
103
100
AcDbEntity
  8
inside1_B
100
AcDbVertex
100
AcDb2dVertex
 10
-220.8698642346262
 20
3.866506484392659
 30
0.0
  0
VERTEX
  5
118
330
103
100
AcDbEntity
  8
inside1_B
100
AcDbVertex
100
AcDb2dVertex
 10
-222.6332417600166
 20
3.846316695602042
 30
0.0
  0
VERTEX
  5
119
330
103
100
AcDbEntity
  8
inside1_B
100
AcDbVertex
100
AcDb2dVertex
 10
-224.3966254777363
 20
3.825326261801024
 30
0.0
  0
VERTEX
  5
11A
330
103
100
AcDbEntity
  8
inside1_B
100
AcDbVertex
100
AcDb2dVertex
 10
-226.1599025572768
 20
3.803443835106236
 30
0.0
  0
VERTEX
  5
11B
330
103
100
AcDbEntity
  8
inside1_B
100
AcDbVertex
100
AcDb2dVertex
 10
-227.9230802727575
 20
3.780859944051187
 30
0.0
  0
VERTEX
  5
11C
330
103
100
AcDbEntity
  8
inside1_B
100
AcDbVertex
100
AcDb2dVertex
 10
-229.6861578993449
 20
3.757376358150765
 30
0.0
  0
VERTEX
  5
11D
330
103
100
AcDbEntity
  8
inside1_B
100
AcDbVertex
100
AcDb2dVertex
 10
-231.4492289326296
 20
3.733191405750517
 30
0.0
  0
VERTEX
  5
11E
330
103
100
AcDbEntity
  8
inside1_B
100
AcDbVertex
100
AcDb2dVertex
 10
-233.2122065014084
 20
3.708205785094862
 30
0.0
  0
VERTEX
  5
11F
330
103
100
AcDbEntity
  8
inside1_B
100
AcDbVertex
100
AcDb2dVertex
 10
-234.9751838030846
 20
3.682419595032428
 30
0.0
  0
VERTEX
  5
120
330
103
100
AcDbEntity
  8
inside1_B
100
AcDbVertex
100
AcDb2dVertex
 10
-236.7380551000425
 20
3.655840542387025
 30
0.0
  0
VERTEX
  5
121
330
103
100
AcDbEntity
  8
inside1_B
100
AcDbVertex
100
AcDb2dVertex
 10
-238.5007059736097
 20
3.628552723979894
 30
0.0
  0
VERTEX
  5
122
330
103
100
AcDbEntity
  8
inside1_B
100
AcDbVertex
100
AcDb2dVertex
 10
-239.3821519051166
 20
3.614660714078084
 30
0.0
  0
VERTEX
  5
123
330
103
100
AcDbEntity
  8
inside1_B
100
AcDbVertex
100
AcDb2dVertex
 10
-240.2634905880295
 20
3.600570564221542
 30
0.0
  0
VERTEX
  5
124
330
103
100
AcDbEntity
  8
inside1_B
100
AcDbVertex
100
AcDb2dVertex
 10
-241.1447297970773
 20
3.586282166626333
 30
0.0
  0
VERTEX
  5
125
330
103
100
AcDbEntity
  8
inside1_B
100
AcDbVertex
100
AcDb2dVertex
 10
-242.0260547298164
 20
3.571788142283154
 30
0.0
  0
VERTEX
  5
126
330
103
100
AcDbEntity
  8
inside1_B
100
AcDbVertex
100
AcDb2dVertex
 10
-242.9072798151647
 20
3.557202621194619
 30
0.0
  0
VERTEX
  5
127
330
103
100
AcDbEntity
  8
inside1_B
100
AcDbVertex
100
AcDb2dVertex
 10
-243.7885199818484
 20
3.542411003543407
 30
0.0
  0
VERTEX
  5
128
330
103
100
AcDbEntity
  8
inside1_B
100
AcDbVertex
100
AcDb2dVertex
 10
-244.66974484961
 20
3.527421391740091
 30
0.0
  0
VERTEX
  5
129
330
103
100
AcDbEntity
  8
inside1_B
100
AcDbVertex
100
AcDb2dVertex
 10
-245.5509707395495
 20
3.512332644960793
 30
0.0
  0
VERTEX
  5
12A
330
103
100
AcDbEntity
  8
inside1_B
100
AcDbVertex
100
AcDb2dVertex
 10
-246.4322091610207
 20
3.497037821076134
 30
0.0
  0
VERTEX
  5
12B
330
103
100
AcDbEntity
  8
inside1_B
100
AcDbVertex
100
AcDb2dVertex
 10
-247.3133351481791
 20
3.481552617741087
 30
0.0
  0
VERTEX
  5
12C
330
103
100
AcDbEntity
  8
inside1_B
100
AcDbVertex
100
AcDb2dVertex
 10
-248.194461928573
 20
3.465960658445823
 30
0.0
  0
VERTEX
  5
12D
330
103
100
AcDbEntity
  8
inside1_B
100
AcDbVertex
100
AcDb2dVertex
 10
-249.0755876883138
 20
3.450170482261839
 30
0.0
  0
VERTEX
  5
12E
330
103
100
AcDbEntity
  8
inside1_B
100
AcDbVertex
100
AcDb2dVertex
 10
-249.9567256358478
 20
3.434280934447941
 30
0.0
  0
VERTEX
  5
12F
330
103
100
AcDbEntity
  8
inside1_B
100
AcDbVertex
100
AcDb2dVertex
 10
-250.3973315777155
 20
3.426183936100244
 30
0.0
  0
VERTEX
  5
130
330
103
100
AcDbEntity
  8
inside1_B
100
AcDbVertex
100
AcDb2dVertex
 10
-250.8378244595334
 20
3.418193896202624
 30
0.0
  0
VERTEX
  5
131
330
103
100
AcDbEntity
  8
inside1_B
100
AcDbVertex
100
AcDb2dVertex
 10
-251.2783455418801
 20
3.410096600771908
 30
0.0
  0
VERTEX
  5
132
330
103
100
AcDbEntity
  8
inside1_B
100
AcDbVertex
100
AcDb2dVertex
 10
-251.7189630439171
 20
3.401999389985534
 30
0.0
  0
VERTEX
  5
133
330
103
100
AcDbEntity
  8
inside1_B
100
AcDbVertex
100
AcDb2dVertex
 10
-252.1594805251386
 20
3.393810666632078
 30
0.0
  0
VERTEX
  5
134
330
103
100
AcDbEntity
  8
inside1_B
100
AcDbVertex
100
AcDb2dVertex
 10
-252.5999770076828
 20
3.385614709509611
 30
0.0
  0
VERTEX
  5
135
330
103
100
AcDbEntity
  8
inside1_B
100
AcDbVertex
100
AcDb2dVertex
 10
-253.0404960394903
 20
3.377418332796026
 30
0.0
  0
VERTEX
  5
136
330
103
100
AcDbEntity
  8
inside1_B
100
AcDbVertex
100
AcDb2dVertex
 10
-253.4810150711619
 20
3.36912283711078
 30
0.0
  0
VERTEX
  5
137
330
103
100
AcDbEntity
  8
inside1_B
100
AcDbVertex
100
AcDb2dVertex
 10
-253.9215093405373
 20
3.360827843621522
 30
0.0
  0
VERTEX
  5
138
330
103
100
AcDbEntity
  8
inside1_B
100
AcDbVertex
100
AcDb2dVertex
 10
-254.3620283913201
 20
3.3525323475764
 30
0.0
  0
VERTEX
  5
139
330
103
100
AcDbEntity
  8
inside1_B
100
AcDbVertex
100
AcDb2dVertex
 10
-254.8025474226402
 20
3.344137732923656
 30
0.0
  0
VERTEX
  5
13A
330
103
100
AcDbEntity
  8
inside1_B
100
AcDbVertex
100
AcDb2dVertex
 10
-255.2430398052978
 20
3.335743626092921
 30
0.0
  0
VERTEX
  5
13B
330
103
100
AcDbEntity
  8
inside1_B
100
AcDbVertex
100
AcDb2dVertex
 10
-255.6835588363815
 20
3.327349011444696
 30
0.0
  0
VERTEX
  5
13C
330
103
100
AcDbEntity
  8
inside1_B
100
AcDbVertex
100
AcDb2dVertex
 10
-256.1240778674143
 20
3.318855277823403
 30
0.0
  0
VERTEX
  5
13D
330
103
100
AcDbEntity
  8
inside1_B
100
AcDbVertex
100
AcDb2dVertex
 10
-256.564570250072
 20
3.310362058014647
 30
0.0
  0
VERTEX
  5
13E
330
103
100
AcDbEntity
  8
inside1_B
100
AcDbVertex
100
AcDb2dVertex
 10
-257.0049645476021
 20
3.301868818385486
 30
0.0
  0
VERTEX
  5
13F
330
103
100
AcDbEntity
  8
inside1_B
100
AcDbVertex
100
AcDb2dVertex
 10
-257.4454825505365
 20
3.293375104589373
 30
0.0
  0
VERTEX
  5
140
330
103
100
AcDbEntity
  8
inside1_B
100
AcDbVertex
100
AcDb2dVertex
 10
-257.8860015811748
 20
3.284782252001747
 30
0.0
  0
VERTEX
  5
141
330
103
100
AcDbEntity
  8
inside1_B
100
AcDbVertex
100
AcDb2dVertex
 10
-258.3264240687886
 20
3.276181724630547
 30
0.0
  0
VERTEX
  5
142
330
103
100
AcDbEntity
  8
inside1_B
100
AcDbVertex
100
AcDb2dVertex
 10
-258.7669405289184
 20
3.267489803788195
 30
0.0
  0
VERTEX
  5
143
330
103
100
AcDbEntity
  8
inside1_B
100
AcDbVertex
100
AcDb2dVertex
 10
-259.2074329115759
 20
3.258798358023398
 30
0.0
  0
VERTEX
  5
144
330
103
100
AcDbEntity
  8
inside1_B
100
AcDbVertex
100
AcDb2dVertex
 10
-259.6478313336067
 20
3.250099186465249
 30
0.0
  0
VERTEX
  5
145
330
103
100
AcDbEntity
  8
inside1_B
100
AcDbVertex
100
AcDb2dVertex
 10
-260.088345743248
 20
3.241407306137546
 30
0.0
  0
VERTEX
  5
146
330
103
100
AcDbEntity
  8
inside1_B
100
AcDbVertex
100
AcDb2dVertex
 10
-260.5287661920819
 20
3.232616204879733
 30
0.0
  0
VERTEX
  5
147
330
103
100
AcDbEntity
  8
inside1_B
100
AcDbVertex
100
AcDb2dVertex
 10
-260.9692616105097
 20
3.22381796144613
 30
0.0
  0
VERTEX
  5
148
330
103
100
AcDbEntity
  8
inside1_B
100
AcDbVertex
100
AcDb2dVertex
 10
-261.4096518444191
 20
3.215027463318876
 30
0.0
  0
VERTEX
  5
149
330
103
100
AcDbEntity
  8
inside1_B
100
AcDbVertex
100
AcDb2dVertex
 10
-261.8500732794798
 20
3.206228717847935
 30
0.0
  0
VERTEX
  5
14A
330
103
100
AcDbEntity
  8
inside1_B
100
AcDbVertex
100
AcDb2dVertex
 10
-262.2905897269433
 20
3.197338560470058
 30
0.0
  0
VERTEX
  5
14B
330
103
100
AcDbEntity
  8
inside1_B
100
AcDbVertex
100
AcDb2dVertex
 10
-262.7309881728232
 20
3.188441160155435
 30
0.0
  0
VERTEX
  5
14C
330
103
100
AcDbEntity
  8
inside1_B
100
AcDbVertex
100
AcDb2dVertex
 10
-263.1714060659011
 20
3.179550991428144
 30
0.0
  0
VERTEX
  5
14D
330
103
100
AcDbEntity
  8
inside1_B
100
AcDbVertex
100
AcDb2dVertex
 10
-263.6117955235431
 20
3.170554582654063
 30
0.0
  0
VERTEX
  5
14E
330
103
100
AcDbEntity
  8
inside1_B
100
AcDbVertex
100
AcDb2dVertex
 10
-264.0521887722945
 20
3.161664911355672
 30
0.0
  0
VERTEX
  5
14F
330
103
100
AcDbEntity
  8
inside1_B
100
AcDbVertex
100
AcDb2dVertex
 10
-264.4926368466229
 20
3.152667383025374
 30
0.0
  0
VERTEX
  5
150
330
103
100
AcDbEntity
  8
inside1_B
100
AcDbVertex
100
AcDb2dVertex
 10
-264.9331292292805
 20
3.143571861273273
 30
0.0
  0
VERTEX
  5
151
330
103
100
AcDbEntity
  8
inside1_B
100
AcDbVertex
100
AcDb2dVertex
 10
-265.3735209990978
 20
3.134575483138548
 30
0.0
  0
VERTEX
  5
152
330
103
100
AcDbEntity
  8
inside1_B
100
AcDbVertex
100
AcDb2dVertex
 10
-265.8139388708235
 20
3.12548707777708
 30
0.0
  0
VERTEX
  5
153
330
103
100
AcDbEntity
  8
inside1_B
100
AcDbVertex
100
AcDb2dVertex
 10
-266.2543362408184
 20
3.11639147137592
 30
0.0
  0
VERTEX
  5
154
330
103
100
AcDbEntity
  8
inside1_B
100
AcDbVertex
100
AcDb2dVertex
 10
-266.694756162407
 20
3.107295399177119
 30
0.0
  0
VERTEX
  5
155
330
103
100
AcDbEntity
  8
inside1_B
100
AcDbVertex
100
AcDb2dVertex
 10
-267.1351474030753
 20
3.098100806809171
 30
0.0
  0
VERTEX
  5
156
330
103
100
AcDbEntity
  8
inside1_B
100
AcDbVertex
100
AcDb2dVertex
 10
-267.5755368607172
 20
3.089012909132293
 30
0.0
  0
VERTEX
  5
157
330
103
100
AcDbEntity
  8
inside1_B
100
AcDbVertex
100
AcDb2dVertex
 10
-268.0159588111978
 20
3.079817675597639
 30
0.0
  0
VERTEX
  5
158
330
103
100
AcDbEntity
  8
inside1_B
100
AcDbVertex
100
AcDb2dVertex
 10
-268.4562540810292
 20
3.070623017624712
 30
0.0
  0
VERTEX
  5
159
330
103
100
AcDbEntity
  8
inside1_B
100
AcDbVertex
100
AcDb2dVertex
 10
-268.8966728891488
 20
3.061427849699612
 30
0.0
  0
VERTEX
  5
15A
330
103
100
AcDbEntity
  8
inside1_B
100
AcDbVertex
100
AcDb2dVertex
 10
-269.3370928102061
 20
3.052133539559662
 30
0.0
  0
VERTEX
  5
15B
330
103
100
AcDbEntity
  8
inside1_B
100
AcDbVertex
100
AcDb2dVertex
 10
-269.7774600064669
 20
3.042840342086492
 30
0.0
  0
VERTEX
  5
15C
330
103
100
AcDbEntity
  8
inside1_B
100
AcDbVertex
100
AcDb2dVertex
 10
-270.2177770023914
 20
3.033645150794982
 30
0.0
  0
VERTEX
  5
15D
330
103
100
AcDbEntity
  8
inside1_B
100
AcDbVertex
100
AcDb2dVertex
 10
-270.6581963453639
 20
3.024251734008558
 30
0.0
  0
VERTEX
  5
15E
330
103
100
AcDbEntity
  8
inside1_B
100
AcDbVertex
100
AcDb2dVertex
 10
-271.0985629639088
 20
3.014958548727094
 30
0.0
  0
VERTEX
  5
15F
330
103
100
AcDbEntity
  8
inside1_B
100
AcDbVertex
100
AcDb2dVertex
 10
-271.5388843561689
 20
3.005664226132296
 30
0.0
  0
VERTEX
  5
160
330
103
100
AcDbEntity
  8
inside1_B
100
AcDbVertex
100
AcDb2dVertex
 10
-271.9792999241658
 20
2.996270808550577
 30
0.0
  0
VERTEX
  5
161
330
103
100
AcDbEntity
  8
inside1_B
100
AcDbVertex
100
AcDb2dVertex
 10
-272.4196931501204
 20
2.986877948797002
 30
0.0
  0
VERTEX
  5
162
330
103
100
AcDbEntity
  8
inside1_B
100
AcDbVertex
100
AcDb2dVertex
 10
-272.8599884439172
 20
2.977485063855752
 30
0.0
  0
VERTEX
  5
163
330
103
100
AcDbEntity
  8
inside1_B
100
AcDbVertex
100
AcDb2dVertex
 10
-273.3004078239427
 20
2.968091646281778
 30
0.0
  0
VERTEX
  5
164
330
103
100
AcDbEntity
  8
inside1_B
100
AcDbVertex
100
AcDb2dVertex
 10
-273.7406981686067
 20
2.958599672617595
 30
0.0
  0
VERTEX
  5
165
330
103
100
AcDbEntity
  8
inside1_B
100
AcDbVertex
100
AcDb2dVertex
 10
-274.1810934666722
 20
2.949206768669328
 30
0.0
  0
VERTEX
  5
166
330
103
100
AcDbEntity
  8
inside1_B
100
AcDbVertex
100
AcDb2dVertex
 10
-274.621416899044
 20
2.939706539290611
 30
0.0
  0
VERTEX
  5
167
330
103
100
AcDbEntity
  8
inside1_B
100
AcDbVertex
100
AcDb2dVertex
 10
-275.0618049186475
 20
2.930214678841622
 30
0.0
  0
VERTEX
  5
168
330
103
100
AcDbEntity
  8
inside1_B
100
AcDbVertex
100
AcDb2dVertex
 10
-275.5020964565942
 20
2.920722679455125
 30
0.0
  0
VERTEX
  5
169
330
103
100
AcDbEntity
  8
inside1_B
100
AcDbVertex
100
AcDb2dVertex
 10
-275.9423905690902
 20
2.911230706743936
 30
0.0
  0
VERTEX
  5
16A
330
103
100
AcDbEntity
  8
inside1_B
100
AcDbVertex
100
AcDb2dVertex
 10
-276.3827128516371
 20
2.901738126735623
 30
0.0
  0
VERTEX
  5
16B
330
103
100
AcDbEntity
  8
inside1_B
100
AcDbVertex
100
AcDb2dVertex
 10
-276.82310614341
 20
2.892139415536647
 30
0.0
  0
VERTEX
  5
16C
330
103
100
AcDbEntity
  8
inside1_B
100
AcDbVertex
100
AcDb2dVertex
 10
-277.2633950186046
 20
2.882647473551927
 30
0.0
  0
VERTEX
  5
16D
330
103
100
AcDbEntity
  8
inside1_B
100
AcDbVertex
100
AcDb2dVertex
 10
-277.7037158094643
 20
2.873055806728246
 30
0.0
  0
VERTEX
  5
16E
330
103
100
AcDbEntity
  8
inside1_B
100
AcDbVertex
100
AcDb2dVertex
 10
-278.1440099661658
 20
2.863464720086029
 30
0.0
  0
VERTEX
  5
16F
330
103
100
AcDbEntity
  8
inside1_B
100
AcDbVertex
100
AcDb2dVertex
 10
-278.5844024074485
 20
2.853865944356073
 30
0.0
  0
VERTEX
  5
170
330
103
100
AcDbEntity
  8
inside1_B
100
AcDbVertex
100
AcDb2dVertex
 10
-279.0247202364844
 20
2.844274342069667
 30
0.0
  0
VERTEX
  5
171
330
103
100
AcDbEntity
  8
inside1_B
100
AcDbVertex
100
AcDb2dVertex
 10
-279.4650164659849
 20
2.834584096830312
 30
0.0
  0
VERTEX
  5
172
330
103
100
AcDbEntity
  8
inside1_B
100
AcDbVertex
100
AcDb2dVertex
 10
-279.9052822275159
 20
2.824985922046466
 30
0.0
  0
VERTEX
  5
173
330
103
100
AcDbEntity
  8
inside1_B
100
AcDbVertex
100
AcDb2dVertex
 10
-280.3455988945514
 20
2.8153943450898
 30
0.0
  0
VERTEX
  5
174
330
103
100
AcDbEntity
  8
inside1_B
100
AcDbVertex
100
AcDb2dVertex
 10
-280.7859197071215
 20
2.805703558814756
 30
0.0
  0
VERTEX
  5
175
330
103
100
AcDbEntity
  8
inside1_B
100
AcDbVertex
100
AcDb2dVertex
 10
-281.2263121368234
 20
2.796005669690174
 30
0.0
  0
VERTEX
  5
176
330
103
100
AcDbEntity
  8
inside1_B
100
AcDbVertex
100
AcDb2dVertex
 10
-281.6665053820544
 20
2.786315509667759
 30
0.0
  0
VERTEX
  5
177
330
103
100
AcDbEntity
  8
inside1_B
100
AcDbVertex
100
AcDb2dVertex
 10
-282.106900405084
 20
2.776617647368582
 30
0.0
  0
VERTEX
  5
178
330
103
100
AcDbEntity
  8
inside1_B
100
AcDbVertex
100
AcDb2dVertex
 10
-282.547187867958
 20
2.766927511190218
 30
0.0
  0
VERTEX
  5
179
330
103
100
AcDbEntity
  8
inside1_B
100
AcDbVertex
100
AcDb2dVertex
 10
-282.9873840401214
 20
2.757237286731865
 30
0.0
  0
VERTEX
  5
17A
330
103
100
AcDbEntity
  8
inside1_B
100
AcDbVertex
100
AcDb2dVertex
 10
-283.427779063151
 20
2.747539424432674
 30
0.0
  0
VERTEX
  5
17B
330
103
100
AcDbEntity
  8
inside1_B
100
AcDbVertex
100
AcDb2dVertex
 10
-283.8679966832945
 20
2.73784864391331
 30
0.0
  0
VERTEX
  5
17C
330
103
100
AcDbEntity
  8
inside1_B
100
AcDbVertex
100
AcDb2dVertex
 10
-284.3082902532104
 20
2.728051720296335
 30
0.0
  0
VERTEX
  5
17D
330
103
100
AcDbEntity
  8
inside1_B
100
AcDbVertex
100
AcDb2dVertex
 10
-284.7485805978735
 20
2.718361520676126
 30
0.0
  0
VERTEX
  5
17E
330
103
100
AcDbEntity
  8
inside1_B
100
AcDbVertex
100
AcDb2dVertex
 10
-285.188874732021
 20
2.708564584504501
 30
0.0
  0
VERTEX
  5
17F
330
103
100
AcDbEntity
  8
inside1_B
100
AcDbVertex
100
AcDb2dVertex
 10
-285.6291668610873
 20
2.698874429509431
 30
0.0
  0
VERTEX
  5
180
330
103
100
AcDbEntity
  8
inside1_B
100
AcDbVertex
100
AcDb2dVertex
 10
-286.0694838839922
 20
2.689084523753422
 30
0.0
  0
VERTEX
  5
181
330
103
100
AcDbEntity
  8
inside1_B
100
AcDbVertex
100
AcDb2dVertex
 10
-286.5097820959225
 20
2.67928749688221
 30
0.0
  0
VERTEX
  5
182
330
103
100
AcDbEntity
  8
inside1_B
100
AcDbVertex
100
AcDb2dVertex
 10
-286.9499704579532
 20
2.66949824811897
 30
0.0
  0
VERTEX
  5
183
330
103
100
AcDbEntity
  8
inside1_B
100
AcDbVertex
100
AcDb2dVertex
 10
-287.39026748431
 20
2.659701247610499
 30
0.0
  0
VERTEX
  5
184
330
103
100
AcDbEntity
  8
inside1_B
100
AcDbVertex
100
AcDb2dVertex
 10
-287.8305575401944
 20
2.649912026223575
 30
0.0
  0
VERTEX
  5
185
330
103
100
AcDbEntity
  8
inside1_B
100
AcDbVertex
100
AcDb2dVertex
 10
-288.270823889391
 20
2.64011562351152
 30
0.0
  0
VERTEX
  5
186
330
103
100
AcDbEntity
  8
inside1_B
100
AcDbVertex
100
AcDb2dVertex
 10
-288.7110189331146
 20
2.630425423891282
 30
0.0
  0
VERTEX
  5
187
330
103
100
AcDbEntity
  8
inside1_B
100
AcDbVertex
100
AcDb2dVertex
 10
-289.15136200167
 20
2.620627314054175
 30
0.0
  0
VERTEX
  5
188
330
103
100
AcDbEntity
  8
inside1_B
100
AcDbVertex
100
AcDb2dVertex
 10
-289.5916567288023
 20
2.610738875666797
 30
0.0
  0
VERTEX
  5
189
330
103
100
AcDbEntity
  8
inside1_B
100
AcDbVertex
100
AcDb2dVertex
 10
-290.0318277609632
 20
2.600942473392251
 30
0.0
  0
VERTEX
  5
18A
330
103
100
AcDbEntity
  8
inside1_B
100
AcDbVertex
100
AcDb2dVertex
 10
-290.4721128639233
 20
2.591153277394824
 30
0.0
  0
VERTEX
  5
18B
330
103
100
AcDbEntity
  8
inside1_B
100
AcDbVertex
100
AcDb2dVertex
 10
-290.9124110758536
 20
2.581356250523626
 30
0.0
  0
VERTEX
  5
18C
330
103
100
AcDbEntity
  8
inside1_B
100
AcDbVertex
100
AcDb2dVertex
 10
-291.3526275278846
 20
2.571566377073253
 30
0.0
  0
VERTEX
  5
18D
330
103
100
AcDbEntity
  8
inside1_B
100
AcDbVertex
100
AcDb2dVertex
 10
-291.7929237354442
 20
2.561670281326684
 30
0.0
  0
VERTEX
  5
18E
330
103
100
AcDbEntity
  8
inside1_B
100
AcDbVertex
100
AcDb2dVertex
 10
-292.2330889280464
 20
2.551873924181464
 30
0.0
  0
VERTEX
  5
18F
330
103
100
AcDbEntity
  8
inside1_B
100
AcDbVertex
100
AcDb2dVertex
 10
-292.6733777518116
 20
2.542084730213503
 30
0.0
  0
VERTEX
  5
190
330
103
100
AcDbEntity
  8
inside1_B
100
AcDbVertex
100
AcDb2dVertex
 10
-293.1135982820994
 20
2.532287141527675
 30
0.0
  0
VERTEX
  5
191
330
103
100
AcDbEntity
  8
inside1_B
100
AcDbVertex
100
AcDb2dVertex
 10
-293.5538956576132
 20
2.522398729274371
 30
0.0
  0
VERTEX
  5
192
330
103
100
AcDbEntity
  8
inside1_B
100
AcDbVertex
100
AcDb2dVertex
 10
-293.9941614433415
 20
2.512602339063776
 30
0.0
  0
VERTEX
  5
193
330
103
100
AcDbEntity
  8
inside1_B
100
AcDbVertex
100
AcDb2dVertex
 10
-294.4343784720361
 20
2.502812452789684
 30
0.0
  0
VERTEX
  5
194
330
103
100
AcDbEntity
  8
inside1_B
100
AcDbVertex
100
AcDb2dVertex
 10
-294.8745690653613
 20
2.492916417489326
 30
0.0
  0
VERTEX
  5
195
330
103
100
AcDbEntity
  8
inside1_B
100
AcDbVertex
100
AcDb2dVertex
 10
-295.3148376834242
 20
2.483127757455861
 30
0.0
  0
VERTEX
  5
196
330
103
100
AcDbEntity
  8
inside1_B
100
AcDbVertex
100
AcDb2dVertex
 10
-295.7550342936341
 20
2.473330701138551
 30
0.0
  0
VERTEX
  5
197
330
103
100
AcDbEntity
  8
inside1_B
100
AcDbVertex
100
AcDb2dVertex
 10
-296.1953486560191
 20
2.463540854594939
 30
0.0
  0
VERTEX
  5
198
330
103
100
AcDbEntity
  8
inside1_B
100
AcDbVertex
100
AcDb2dVertex
 10
-296.6355398421363
 20
2.453644805967883
 30
0.0
  0
VERTEX
  5
199
330
103
100
AcDbEntity
  8
inside1_B
100
AcDbVertex
100
AcDb2dVertex
 10
-297.0758084601992
 20
2.443856145934404
 30
0.0
  0
VERTEX
  5
19A
330
103
100
AcDbEntity
  8
inside1_B
100
AcDbVertex
100
AcDb2dVertex
 10
-297.516005070409
 20
2.434059089617094
 30
0.0
  0
VERTEX
  5
19B
330
103
100
AcDbEntity
  8
inside1_B
100
AcDbVertex
100
AcDb2dVertex
 10
-297.9562942285775
 20
2.424262179347394
 30
0.0
  0
VERTEX
  5
19C
330
103
100
AcDbEntity
  8
inside1_B
100
AcDbVertex
100
AcDb2dVertex
 10
-298.3964825449844
 20
2.41447293159932
 30
0.0
  0
VERTEX
  5
19D
330
103
100
AcDbEntity
  8
inside1_B
100
AcDbVertex
100
AcDb2dVertex
 10
-298.8366854112323
 20
2.404675905703584
 30
0.0
  0
VERTEX
  5
19E
330
103
100
AcDbEntity
  8
inside1_B
100
AcDbVertex
100
AcDb2dVertex
 10
-299.276970559836
 20
2.394886708690336
 30
0.0
  0
VERTEX
  5
19F
330
103
100
AcDbEntity
  8
inside1_B
100
AcDbVertex
100
AcDb2dVertex
 10
-299.71716707887
 20
2.38508965440019
 30
0.0
  0
VERTEX
  5
1A0
330
103
100
AcDbEntity
  8
inside1_B
100
AcDbVertex
100
AcDb2dVertex
 10
-300.1574596690853
 20
2.375300461445789
 30
0.0
  0
VERTEX
  5
1A1
330
103
100
AcDbEntity
  8
inside1_B
100
AcDbVertex
100
AcDb2dVertex
 10
-300.5976562792951
 20
2.365503405128464
 30
0.0
  0
VERTEX
  5
1A2
330
103
100
AcDbEntity
  8
inside1_B
100
AcDbVertex
100
AcDb2dVertex
 10
-301.0378434092066
 20
2.355714183784187
 30
0.0
  0
VERTEX
  5
1A3
330
103
100
AcDbEntity
  8
inside1_B
100
AcDbVertex
100
AcDb2dVertex
 10
-301.4781085047007
 20
2.345917808949991
 30
0.0
  0
VERTEX
  5
1A4
330
103
100
AcDbEntity
  8
inside1_B
100
AcDbVertex
100
AcDb2dVertex
 10
-301.9183059028146
 20
2.336227641417295
 30
0.0
  0
VERTEX
  5
1A5
330
103
100
AcDbEntity
  8
inside1_B
100
AcDbVertex
100
AcDb2dVertex
 10
-302.358498643293
 20
2.326438295265362
 30
0.0
  0
VERTEX
  5
1A6
330
103
100
AcDbEntity
  8
inside1_B
100
AcDbVertex
100
AcDb2dVertex
 10
-302.7987889879569
 20
2.316740471569915
 30
0.0
  0
VERTEX
  5
1A7
330
103
100
AcDbEntity
  8
inside1_B
100
AcDbVertex
100
AcDb2dVertex
 10
-303.238980174456
 20
2.306951159976578
 30
0.0
  0
VERTEX
  5
1A8
330
103
100
AcDbEntity
  8
inside1_B
100
AcDbVertex
100
AcDb2dVertex
 10
-303.6792781431961
 20
2.297253336281088
 30
0.0
  0
VERTEX
  5
1A9
330
103
100
AcDbEntity
  8
inside1_B
100
AcDbVertex
100
AcDb2dVertex
 10
-304.119470007312
 20
2.287464009618375
 30
0.0
  0
VERTEX
  5
1AA
330
103
100
AcDbEntity
  8
inside1_B
100
AcDbVertex
100
AcDb2dVertex
 10
-304.559636628116
 20
2.277766728123623
 30
0.0
  0
VERTEX
  5
1AB
330
103
100
AcDbEntity
  8
inside1_B
100
AcDbVertex
100
AcDb2dVertex
 10
-304.9999216973566
 20
2.268076644667147
 30
0.0
  0
VERTEX
  5
1AC
330
103
100
AcDbEntity
  8
inside1_B
100
AcDbVertex
100
AcDb2dVertex
 10
-305.4401216364107
 20
2.258386421202616
 30
0.0
  0
VERTEX
  5
1AD
330
103
100
AcDbEntity
  8
inside1_B
100
AcDbVertex
100
AcDb2dVertex
 10
-305.8803170602271
 20
2.248688505187715
 30
0.0
  0
VERTEX
  5
1AE
330
103
100
AcDbEntity
  8
inside1_B
100
AcDbVertex
100
AcDb2dVertex
 10
-306.3206021294677
 20
2.238998421731239
 30
0.0
  0
VERTEX
  5
1AF
330
103
100
AcDbEntity
  8
inside1_B
100
AcDbVertex
100
AcDb2dVertex
 10
-306.7607692981319
 20
2.229301128225373
 30
0.0
  0
VERTEX
  5
1B0
330
103
100
AcDbEntity
  8
inside1_B
100
AcDbVertex
100
AcDb2dVertex
 10
-307.2010652159498
 20
2.219710086258743
 30
0.0
  0
VERTEX
  5
1B1
330
103
100
AcDbEntity
  8
inside1_B
100
AcDbVertex
100
AcDb2dVertex
 10
-307.64125912405
 20
2.21001982772097
 30
0.0
  0
VERTEX
  5
1B2
330
103
100
AcDbEntity
  8
inside1_B
100
AcDbVertex
100
AcDb2dVertex
 10
-308.081449768934
 20
2.20042112979921
 30
0.0
  0
VERTEX
  5
1B3
330
103
100
AcDbEntity
  8
inside1_B
100
AcDbVertex
100
AcDb2dVertex
 10
-308.5217380179664
 20
2.190730976301026
 30
0.0
  0
VERTEX
  5
1B4
330
103
100
AcDbEntity
  8
inside1_B
100
AcDbVertex
100
AcDb2dVertex
 10
-308.9619107536139
 20
2.181140458765867
 30
0.0
  0
VERTEX
  5
1B5
330
103
100
AcDbEntity
  8
inside1_B
100
AcDbVertex
100
AcDb2dVertex
 10
-309.4022041270237
 20
2.171541682038523
 30
0.0
  0
VERTEX
  5
1B6
330
103
100
AcDbEntity
  8
inside1_B
100
AcDbVertex
100
AcDb2dVertex
 10
-309.8423924193364
 20
2.161950659458967
 30
0.0
  0
VERTEX
  5
1B7
330
103
100
AcDbEntity
  8
inside1_B
100
AcDbVertex
100
AcDb2dVertex
 10
-310.2826554765198
 20
2.152360167237802
 30
0.0
  0
VERTEX
  5
1B8
330
103
100
AcDbEntity
  8
inside1_B
100
AcDbVertex
100
AcDb2dVertex
 10
-310.7228569640199
 20
2.142868136825626
 30
0.0
  0
VERTEX
  5
1B9
330
103
100
AcDbEntity
  8
inside1_B
100
AcDbVertex
100
AcDb2dVertex
 10
-311.1630476651015
 20
2.133269437678436
 30
0.0
  0
VERTEX
  5
1BA
330
103
100
AcDbEntity
  8
inside1_B
100
AcDbVertex
100
AcDb2dVertex
 10
-311.603308721422
 20
2.12377809542528
 30
0.0
  0
VERTEX
  5
1BB
330
103
100
AcDbEntity
  8
inside1_B
100
AcDbVertex
100
AcDb2dVertex
 10
-312.0436338833793
 20
2.11428553552787
 30
0.0
  0
VERTEX
  5
1BC
330
103
100
AcDbEntity
  8
inside1_B
100
AcDbVertex
100
AcDb2dVertex
 10
-312.4837985025254
 20
2.104695028731769
 30
0.0
  0
VERTEX
  5
1BD
330
103
100
AcDbEntity
  8
inside1_B
100
AcDbVertex
100
AcDb2dVertex
 10
-312.9240642354458
 20
2.095302693096144
 30
0.0
  0
VERTEX
  5
1BE
330
103
100
AcDbEntity
  8
inside1_B
100
AcDbVertex
100
AcDb2dVertex
 10
-313.3642847497676
 20
2.085802463419412
 30
0.0
  0
VERTEX
  5
1BF
330
103
100
AcDbEntity
  8
inside1_B
100
AcDbVertex
100
AcDb2dVertex
 10
-313.8045513346497
 20
2.076311166390752
 30
0.0
  0
VERTEX
  5
1C0
330
103
100
AcDbEntity
  8
inside1_B
100
AcDbVertex
100
AcDb2dVertex
 10
-314.2447426105682
 20
2.066918304760748
 30
0.0
  0
VERTEX
  5
1C1
330
103
100
AcDbEntity
  8
inside1_B
100
AcDbVertex
100
AcDb2dVertex
 10
-314.6850323864368
 20
2.057426343358912
 30
0.0
  0
VERTEX
  5
1C2
330
103
100
AcDbEntity
  8
inside1_B
100
AcDbVertex
100
AcDb2dVertex
 10
-315.1252960740858
 20
2.048034051355742
 30
0.0
  0
VERTEX
  5
1C3
330
103
100
AcDbEntity
  8
inside1_B
100
AcDbVertex
100
AcDb2dVertex
 10
-315.5654687976219
 20
2.038641748275225
 30
0.0
  0
VERTEX
  5
1C4
330
103
100
AcDbEntity
  8
inside1_B
100
AcDbVertex
100
AcDb2dVertex
 10
-316.0057586172389
 20
2.029348011649901
 30
0.0
  0
VERTEX
  5
1C5
330
103
100
AcDbEntity
  8
inside1_B
100
AcDbVertex
100
AcDb2dVertex
 10
-316.4460494814486
 20
2.019955139880096
 30
0.0
  0
VERTEX
  5
1C6
330
103
100
AcDbEntity
  8
inside1_B
100
AcDbVertex
100
AcDb2dVertex
 10
-316.8862483372098
 20
2.010661392171954
 30
0.0
  0
VERTEX
  5
1C7
330
103
100
AcDbEntity
  8
inside1_B
100
AcDbVertex
100
AcDb2dVertex
 10
-317.3265381623279
 20
2.00126854256942
 30
0.0
  0
VERTEX
  5
1C8
330
103
100
AcDbEntity
  8
inside1_B
100
AcDbVertex
100
AcDb2dVertex
 10
-317.7667757488462
 20
1.991975908492094
 30
0.0
  0
VERTEX
  5
1C9
330
103
100
AcDbEntity
  8
inside1_B
100
AcDbVertex
100
AcDb2dVertex
 10
-318.2069669372402
 20
1.982781274666252
 30
0.0
  0
VERTEX
  5
1CA
330
103
100
AcDbEntity
  8
inside1_B
100
AcDbVertex
100
AcDb2dVertex
 10
-318.6472643491525
 20
1.973487538711524
 30
0.0
  0
VERTEX
  5
1CB
330
103
100
AcDbEntity
  8
inside1_B
100
AcDbVertex
100
AcDb2dVertex
 10
-319.0875547371083
 20
1.964292903077336
 30
0.0
  0
VERTEX
  5
1CC
330
103
100
AcDbEntity
  8
inside1_B
100
AcDbVertex
100
AcDb2dVertex
 10
-319.5278450389292
 20
1.95499915627353
 30
0.0
  0
VERTEX
  5
1CD
330
103
100
AcDbEntity
  8
inside1_B
100
AcDbVertex
100
AcDb2dVertex
 10
-319.9680896919274
 20
1.945805634922976
 30
0.0
  0
VERTEX
  5
1CE
330
103
100
AcDbEntity
  8
inside1_B
100
AcDbVertex
100
AcDb2dVertex
 10
-320.4083780287733
 20
1.936710154648395
 30
0.0
  0
VERTEX
  5
1CF
330
103
100
AcDbEntity
  8
inside1_B
100
AcDbVertex
100
AcDb2dVertex
 10
-320.8486683310481
 20
1.927523144877981
 30
0.0
  0
VERTEX
  5
1D0
330
103
100
AcDbEntity
  8
inside1_B
100
AcDbVertex
100
AcDb2dVertex
 10
-321.2889416499342
 20
1.918428132333929
 30
0.0
  0
VERTEX
  5
1D1
330
103
100
AcDbEntity
  8
inside1_B
100
AcDbVertex
100
AcDb2dVertex
 10
-321.7292320793208
 20
1.909332608831633
 30
0.0
  0
VERTEX
  5
1D2
330
103
100
AcDbEntity
  8
inside1_B
100
AcDbVertex
100
AcDb2dVertex
 10
-322.1695224239848
 20
1.900237087079532
 30
0.0
  0
VERTEX
  5
1D3
330
103
100
AcDbEntity
  8
inside1_B
100
AcDbVertex
100
AcDb2dVertex
 10
-322.6097916413669
 20
1.891149782877292
 30
0.0
  0
VERTEX
  5
1D4
330
103
100
AcDbEntity
  8
inside1_B
100
AcDbVertex
100
AcDb2dVertex
 10
-323.0500840790024
 20
1.882153331337733
 30
0.0
  0
VERTEX
  5
1D5
330
103
100
AcDbEntity
  8
inside1_B
100
AcDbVertex
100
AcDb2dVertex
 10
-323.4903723311613
 20
1.873057852812607
 30
0.0
  0
VERTEX
  5
1D6
330
103
100
AcDbEntity
  8
inside1_B
100
AcDbVertex
100
AcDb2dVertex
 10
-323.9306169825787
 20
1.864070156599198
 30
0.0
  0
VERTEX
  5
1D7
330
103
100
AcDbEntity
  8
inside1_B
100
AcDbVertex
100
AcDb2dVertex
 10
-324.3709094197997
 20
1.855172818517175
 30
0.0
  0
VERTEX
  5
1D8
330
103
100
AcDbEntity
  8
inside1_B
100
AcDbVertex
100
AcDb2dVertex
 10
-324.811197134267
 20
1.846176463485634
 30
0.0
  0
VERTEX
  5
1D9
330
103
100
AcDbEntity
  8
inside1_B
100
AcDbVertex
100
AcDb2dVertex
 10
-325.2515649268969
 20
1.837287382982097
 30
0.0
  0
VERTEX
  5
1DA
330
103
100
AcDbEntity
  8
inside1_B
100
AcDbVertex
100
AcDb2dVertex
 10
-325.6918318221729
 20
1.828390561104811
 30
0.0
  0
VERTEX
  5
1DB
330
103
100
AcDbEntity
  8
inside1_B
100
AcDbVertex
100
AcDb2dVertex
 10
-326.1321215868073
 20
1.819600013942491
 30
0.0
  0
VERTEX
  5
1DC
330
103
100
AcDbEntity
  8
inside1_B
100
AcDbVertex
100
AcDb2dVertex
 10
-326.5725186685245
 20
1.81070271814643
 30
0.0
  0
VERTEX
  5
1DD
330
103
100
AcDbEntity
  8
inside1_B
100
AcDbVertex
100
AcDb2dVertex
 10
-327.0127808832459
 20
1.801912721028273
 30
0.0
  0
VERTEX
  5
1DE
330
103
100
AcDbEntity
  8
inside1_B
100
AcDbVertex
100
AcDb2dVertex
 10
-327.4530460525025
 20
1.793115041317932
 30
0.0
  0
VERTEX
  5
1DF
330
103
100
AcDbEntity
  8
inside1_B
100
AcDbVertex
100
AcDb2dVertex
 10
-327.8934405513381
 20
1.784423646527529
 30
0.0
  0
VERTEX
  5
1E0
330
103
100
AcDbEntity
  8
inside1_B
100
AcDbVertex
100
AcDb2dVertex
 10
-328.3338325858433
 20
1.775633036348268
 30
0.0
  0
VERTEX
  5
1E1
330
103
100
AcDbEntity
  8
inside1_B
100
AcDbVertex
100
AcDb2dVertex
 10
-328.7740772471109
 20
1.766935019716414
 30
0.0
  0
VERTEX
  5
1E2
330
103
100
AcDbEntity
  8
inside1_B
100
AcDbVertex
100
AcDb2dVertex
 10
-329.2144646945232
 20
1.758342726150744
 30
0.0
  0
VERTEX
  5
1E3
330
103
100
AcDbEntity
  8
inside1_B
100
AcDbVertex
100
AcDb2dVertex
 10
-329.6547549991785
 20
1.749651281175744
 30
0.0
  0
VERTEX
  5
1E4
330
103
100
AcDbEntity
  8
inside1_B
100
AcDbVertex
100
AcDb2dVertex
 10
-330.0951248607511
 20
1.741059479465463
 30
0.0
  0
VERTEX
  5
1E5
330
103
100
AcDbEntity
  8
inside1_B
100
AcDbVertex
100
AcDb2dVertex
 10
-330.5354902691158
 20
1.732459992276361
 30
0.0
  0
VERTEX
  5
1E6
330
103
100
AcDbEntity
  8
inside1_B
100
AcDbVertex
100
AcDb2dVertex
 10
-330.9757861875303
 20
1.723966812017778
 30
0.0
  0
VERTEX
  5
1E7
330
103
100
AcDbEntity
  8
inside1_B
100
AcDbVertex
100
AcDb2dVertex
 10
-331.4161751705396
 20
1.715374488491435
 30
0.0
  0
VERTEX
  5
1E8
330
103
100
AcDbEntity
  8
inside1_B
100
AcDbVertex
100
AcDb2dVertex
 10
-331.8565112802476
 20
1.706882297535046
 30
0.0
  0
VERTEX
  5
1E9
330
103
100
AcDbEntity
  8
inside1_B
100
AcDbVertex
100
AcDb2dVertex
 10
-332.2968816681835
 20
1.698488699496167
 30
0.0
  0
VERTEX
  5
1EA
330
103
100
AcDbEntity
  8
inside1_B
100
AcDbVertex
100
AcDb2dVertex
 10
-332.7372712039868
 20
1.690094591175637
 30
0.0
  0
VERTEX
  5
1EB
330
103
100
AcDbEntity
  8
inside1_B
100
AcDbVertex
100
AcDb2dVertex
 10
-333.1776682075427
 20
1.681700485834696
 30
0.0
  0
VERTEX
  5
1EC
330
103
100
AcDbEntity
  8
inside1_B
100
AcDbVertex
100
AcDb2dVertex
 10
-333.6180310498164
 20
1.67330688631003
 30
0.0
  0
VERTEX
  5
1ED
330
103
100
AcDbEntity
  8
inside1_B
100
AcDbVertex
100
AcDb2dVertex
 10
-334.0584014378941
 20
1.665012395238975
 30
0.0
  0
VERTEX
  5
1EE
330
103
100
AcDbEntity
  8
inside1_B
100
AcDbVertex
100
AcDb2dVertex
 10
-334.4987909727756
 20
1.656717399931424
 30
0.0
  0
VERTEX
  5
1EF
330
103
100
AcDbEntity
  8
inside1_B
100
AcDbVertex
100
AcDb2dVertex
 10
-334.9391532410672
 20
1.64842291820608
 30
0.0
  0
VERTEX
  5
1F0
330
103
100
AcDbEntity
  8
inside1_B
100
AcDbVertex
100
AcDb2dVertex
 10
-335.3796473853569
 20
1.640227075481263
 30
0.0
  0
VERTEX
  5
1F1
330
103
100
AcDbEntity
  8
inside1_B
100
AcDbVertex
100
AcDb2dVertex
 10
-335.8200106839204
 20
1.631940197972511
 30
0.0
  0
VERTEX
  5
1F2
330
103
100
AcDbEntity
  8
inside1_B
100
AcDbVertex
100
AcDb2dVertex
 10
-336.2603564671921
 20
1.623844373205614
 30
0.0
  0
VERTEX
  5
1F3
330
103
100
AcDbEntity
  8
inside1_B
100
AcDbVertex
100
AcDb2dVertex
 10
-336.7008441332691
 20
1.615747621937373
 30
0.0
  0
VERTEX
  5
1F4
330
103
100
AcDbEntity
  8
inside1_B
100
AcDbVertex
100
AcDb2dVertex
 10
-337.1412421195294
 20
1.607650837412251
 30
0.0
  0
VERTEX
  5
1F5
330
103
100
AcDbEntity
  8
inside1_B
100
AcDbVertex
100
AcDb2dVertex
 10
-337.5817015324217
 20
1.599562229096961
 30
0.0
  0
VERTEX
  5
1F6
330
103
100
AcDbEntity
  8
inside1_B
100
AcDbVertex
100
AcDb2dVertex
 10
-338.0220744608501
 20
1.591565012804438
 30
0.0
  0
VERTEX
  5
1F7
330
103
100
AcDbEntity
  8
inside1_B
100
AcDbVertex
100
AcDb2dVertex
 10
-338.9030298342947
 20
1.575577860450579
 30
0.0
  0
VERTEX
  5
1F8
330
103
100
AcDbEntity
  8
inside1_B
100
AcDbVertex
100
AcDb2dVertex
 10
-339.7838621861331
 20
1.559789356030834
 30
0.0
  0
VERTEX
  5
1F9
330
103
100
AcDbEntity
  8
inside1_B
100
AcDbVertex
100
AcDb2dVertex
 10
-340.6648057117997
 20
1.54419885201979
 30
0.0
  0
VERTEX
  5
1FA
330
103
100
AcDbEntity
  8
inside1_B
100
AcDbVertex
100
AcDb2dVertex
 10
-341.5457505009355
 20
1.528715057858363
 30
0.0
  0
VERTEX
  5
1FB
330
103
100
AcDbEntity
  8
inside1_B
100
AcDbVertex
100
AcDb2dVertex
 10
-342.426695060026
 20
1.513421860922449
 30
0.0
  0
VERTEX
  5
1FC
330
103
100
AcDbEntity
  8
inside1_B
100
AcDbVertex
100
AcDb2dVertex
 10
-343.3077379364527
 20
1.498235409804977
 30
0.0
  0
VERTEX
  5
1FD
330
103
100
AcDbEntity
  8
inside1_B
100
AcDbVertex
100
AcDb2dVertex
 10
-344.1886694046928
 20
1.483247384686123
 30
0.0
  0
VERTEX
  5
1FE
330
103
100
AcDbEntity
  8
inside1_B
100
AcDbVertex
100
AcDb2dVertex
 10
-345.0697128438539
 20
1.468457357584953
 30
0.0
  0
VERTEX
  5
1FF
330
103
100
AcDbEntity
  8
inside1_B
100
AcDbVertex
100
AcDb2dVertex
 10
-345.9508624607619
 20
1.453766448156145
 30
0.0
  0
VERTEX
  5
200
330
103
100
AcDbEntity
  8
inside1_B
100
AcDbVertex
100
AcDb2dVertex
 10
-346.8319063867606
 20
1.439281362063369
 30
0.0
  0
VERTEX
  5
201
330
103
100
AcDbEntity
  8
inside1_B
100
AcDbVertex
100
AcDb2dVertex
 10
-347.7130358495422
 20
1.4248879824206
 30
0.0
  0
VERTEX
  5
202
330
103
100
AcDbEntity
  8
inside1_B
100
AcDbVertex
100
AcDb2dVertex
 10
-348.5941719349317
 20
1.410799563266764
 30
0.0
  0
VERTEX
  5
203
330
103
100
AcDbEntity
  8
inside1_B
100
AcDbVertex
100
AcDb2dVertex
 10
-349.4754047173327
 20
1.396810168190072
 30
0.0
  0
VERTEX
  5
204
330
103
100
AcDbEntity
  8
inside1_B
100
AcDbVertex
100
AcDb2dVertex
 10
-350.797210115273
 20
1.37622628650432
 30
0.0
  0
VERTEX
  5
205
330
103
100
AcDbEntity
  8
inside1_B
100
AcDbVertex
100
AcDb2dVertex
 10
-352.1190164720454
 20
1.356046444154046
 30
0.0
  0
VERTEX
  5
206
330
103
100
AcDbEntity
  8
inside1_B
100
AcDbVertex
100
AcDb2dVertex
 10
-353.4408221445744
 20
1.336255418984848
 30
0.0
  0
VERTEX
  5
207
330
103
100
AcDbEntity
  8
inside1_B
100
AcDbVertex
100
AcDb2dVertex
 10
-354.7626191878357
 20
1.316876198050892
 30
0.0
  0
VERTEX
  5
208
330
103
100
AcDbEntity
  8
inside1_B
100
AcDbVertex
100
AcDb2dVertex
 10
-356.0842186818178
 20
1.297984878765206
 30
0.0
  0
VERTEX
  5
209
330
103
100
AcDbEntity
  8
inside1_B
100
AcDbVertex
100
AcDb2dVertex
 10
-357.4058256743675
 20
1.279497506208543
 30
0.0
  0
VERTEX
  5
20A
330
103
100
AcDbEntity
  8
inside1_B
100
AcDbVertex
100
AcDb2dVertex
 10
-358.7272264875955
 20
1.26141429655658
 30
0.0
  0
VERTEX
  5
20B
330
103
100
AcDbEntity
  8
inside1_B
100
AcDbVertex
100
AcDb2dVertex
 10
-360.048405020389
 20
1.243826739141468
 30
0.0
  0
VERTEX
  5
20C
330
103
100
AcDbEntity
  8
inside1_B
100
AcDbVertex
100
AcDb2dVertex
 10
-361.3693115690691
 20
1.226742107737408
 30
0.0
  0
VERTEX
  5
20D
330
103
100
AcDbEntity
  8
inside1_B
100
AcDbVertex
100
AcDb2dVertex
 10
-362.6900115330307
 20
1.209954905618673
 30
0.0
  0
VERTEX
  5
20E
330
103
100
AcDbEntity
  8
inside1_B
100
AcDbVertex
100
AcDb2dVertex
 10
-363.5703417652449
 20
1.199160042540512
 30
0.0
  0
VERTEX
  5
20F
330
103
100
AcDbEntity
  8
inside1_B
100
AcDbVertex
100
AcDb2dVertex
 10
-364.4506839226331
 20
1.188471578430338
 30
0.0
  0
VERTEX
  5
210
330
103
100
AcDbEntity
  8
inside1_B
100
AcDbVertex
100
AcDb2dVertex
 10
-365.3312106132108
 20
1.177973870612803
 30
0.0
  0
VERTEX
  5
211
330
103
100
AcDbEntity
  8
inside1_B
100
AcDbVertex
100
AcDb2dVertex
 10
-366.211934980913
 20
1.167682184645784
 30
0.0
  0
VERTEX
  5
212
330
103
100
AcDbEntity
  8
inside1_B
100
AcDbVertex
100
AcDb2dVertex
 10
-367.0931489447331
 20
1.15769541832455
 30
0.0
  0
VERTEX
  5
213
330
103
100
AcDbEntity
  8
inside1_B
100
AcDbVertex
100
AcDb2dVertex
 10
-367.9748923510866
 20
1.147898947028438
 30
0.0
  0
VERTEX
  5
214
330
103
100
AcDbEntity
  8
inside1_B
100
AcDbVertex
100
AcDb2dVertex
 10
-368.8573999011023
 20
1.138209523071794
 30
0.0
  0
VERTEX
  5
215
330
103
100
AcDbEntity
  8
inside1_B
100
AcDbVertex
100
AcDb2dVertex
 10
-370.6251743112627
 20
1.119623038631687
 30
0.0
  0
VERTEX
  5
216
330
103
100
AcDbEntity
  8
inside1_B
100
AcDbVertex
100
AcDb2dVertex
 10
-371.0675003370878
 20
1.115125531389467
 30
0.0
  0
VERTEX
  5
217
330
103
100
AcDbEntity
  8
inside1_B
100
AcDbVertex
100
AcDb2dVertex
 10
-371.9356378098604
 20
1.106500262056365
 30
0.0
  0
VERTEX
  5
218
330
103
100
AcDbEntity
  8
inside1_B
100
AcDbVertex
100
AcDb2dVertex
 10
-371.9435386974762
 20
1.106421763793365
 30
0.0
  0
VERTEX
  5
219
330
103
100
AcDbEntity
  8
inside1_B
100
AcDbVertex
100
AcDb2dVertex
 10
-371.9522348527385
 20
1.106335364249915
 30
0.0
  0
VERTEX
  5
21A
330
103
100
AcDbEntity
  8
inside1_B
100
AcDbVertex
100
AcDb2dVertex
 10
-372.8366674914258
 20
1.097636801681034
 30
0.0
  0
VERTEX
  5
21B
330
103
100
AcDbEntity
  8
inside1_B
100
AcDbVertex
100
AcDb2dVertex
 10
-373.7201733026531
 20
1.089243443110604
 30
0.0
  0
VERTEX
  5
21C
330
103
100
AcDbEntity
  8
inside1_B
100
AcDbVertex
100
AcDb2dVertex
 10
-374.6022062774815
 20
1.081154824583976
 30
0.0
  0
VERTEX
  5
21D
330
103
100
AcDbEntity
  8
inside1_B
100
AcDbVertex
100
AcDb2dVertex
 10
-375.9212184403414
 20
1.069261804515875
 30
0.0
  0
VERTEX
  5
21E
330
103
100
AcDbEntity
  8
inside1_B
100
AcDbVertex
100
AcDb2dVertex
 10
-376.7972504429907
 20
1.061668795303277
 30
0.0
  0
VERTEX
  5
21F
330
103
100
AcDbEntity
  8
inside1_B
100
AcDbVertex
100
AcDb2dVertex
 10
-377.2342075731106
 20
1.057971324996416
 30
0.0
  0
VERTEX
  5
220
330
103
100
AcDbEntity
  8
inside1_B
100
AcDbVertex
100
AcDb2dVertex
 10
-377.6708888008976
 20
1.054273866978178
 30
0.0
  0
VERTEX
  5
221
330
103
100
AcDbEntity
  8
inside1_B
100
AcDbVertex
100
AcDb2dVertex
 10
-378.1076169968698
 20
1.050675757212105
 30
0.0
  0
VERTEX
  5
222
330
103
100
AcDbEntity
  8
inside1_B
100
AcDbVertex
100
AcDb2dVertex
 10
-378.5448906917081
 20
1.047176530845562
 30
0.0
  0
VERTEX
  5
223
330
103
100
AcDbEntity
  8
inside1_B
100
AcDbVertex
100
AcDb2dVertex
 10
-378.9829818704624
 20
1.043677107755173
 30
0.0
  0
VERTEX
  5
224
330
103
100
AcDbEntity
  8
inside1_B
100
AcDbVertex
100
AcDb2dVertex
 10
-379.422217353609
 20
1.040185788061365
 30
0.0
  0
VERTEX
  5
225
330
103
100
AcDbEntity
  8
inside1_B
100
AcDbVertex
100
AcDb2dVertex
 10
-379.8629508404047
 20
1.036885013193114
 30
0.0
  0
VERTEX
  5
226
330
103
100
AcDbEntity
  8
inside1_B
100
AcDbVertex
100
AcDb2dVertex
 10
-380.3055227893242
 20
1.03359145450348
 30
0.0
  0
VERTEX
  5
227
330
103
100
AcDbEntity
  8
inside1_B
100
AcDbVertex
100
AcDb2dVertex
 10
-380.7497900882261
 20
1.030290477437802
 30
0.0
  0
VERTEX
  5
228
330
103
100
AcDbEntity
  8
inside1_B
100
AcDbVertex
100
AcDb2dVertex
 10
-381.195117309613
 20
1.02709639161219
 30
0.0
  0
VERTEX
  5
229
330
103
100
AcDbEntity
  8
inside1_B
100
AcDbVertex
100
AcDb2dVertex
 10
-381.6410849935838
 20
1.023993570193056
 30
0.0
  0
VERTEX
  5
22A
330
103
100
AcDbEntity
  8
inside1_B
100
AcDbVertex
100
AcDb2dVertex
 10
-382.0870484985203
 20
1.020898401452612
 30
0.0
  0
VERTEX
  5
22B
330
103
100
AcDbEntity
  8
inside1_B
100
AcDbVertex
100
AcDb2dVertex
 10
-382.5326043545263
 20
1.017902312009539
 30
0.0
  0
VERTEX
  5
22C
330
103
100
AcDbEntity
  8
inside1_B
100
AcDbVertex
100
AcDb2dVertex
 10
-382.9770851596801
 20
1.014906172004515
 30
0.0
  0
VERTEX
  5
22D
330
103
100
AcDbEntity
  8
inside1_B
100
AcDbVertex
100
AcDb2dVertex
 10
-383.4201440054923
 20
1.012001542982318
 30
0.0
  0
VERTEX
  5
22E
330
103
100
AcDbEntity
  8
inside1_B
100
AcDbVertex
100
AcDb2dVertex
 10
-383.8610887360815
 20
1.00910470337918
 30
0.0
  0
VERTEX
  5
22F
330
103
100
AcDbEntity
  8
inside1_B
100
AcDbVertex
100
AcDb2dVertex
 10
-384.3002600552939
 20
1.006405910770752
 30
0.0
  0
VERTEX
  5
230
330
103
100
AcDbEntity
  8
inside1_B
100
AcDbVertex
100
AcDb2dVertex
 10
-384.7380403308419
 20
1.003608032512076
 30
0.0
  0
VERTEX
  5
231
330
103
100
AcDbEntity
  8
inside1_B
100
AcDbVertex
100
AcDb2dVertex
 10
-385.1745716211863
 20
1.001016166091333
 30
0.0
  0
VERTEX
  5
232
330
103
100
AcDbEntity
  8
inside1_B
100
AcDbVertex
100
AcDb2dVertex
 10
-385.6104768585
 20
0.9984163185899604
 30
0.0
  0
VERTEX
  5
233
330
103
100
AcDbEntity
  8
inside1_B
100
AcDbVertex
100
AcDb2dVertex
 10
-386.0458472065802
 20
0.995816660251819
 30
0.0
  0
VERTEX
  5
234
330
103
100
AcDbEntity
  8
inside1_B
100
AcDbVertex
100
AcDb2dVertex
 10
-386.4811865758105
 20
0.9933162870447916
 30
0.0
  0
VERTEX
  5
235
330
103
100
AcDbEntity
  8
inside1_B
100
AcDbVertex
100
AcDb2dVertex
 10
-386.9167511447831
 20
0.9909224886995389
 30
0.0
  0
VERTEX
  5
236
330
103
100
AcDbEntity
  8
inside1_B
100
AcDbVertex
100
AcDb2dVertex
 10
-387.3530180980256
 20
0.9885210612056454
 30
0.0
  0
VERTEX
  5
237
330
103
100
AcDbEntity
  8
inside1_B
100
AcDbVertex
100
AcDb2dVertex
 10
-387.7902629716762
 20
0.9862265128084005
 30
0.0
  0
VERTEX
  5
238
330
103
100
AcDbEntity
  8
inside1_B
100
AcDbVertex
100
AcDb2dVertex
 10
-388.2287276245057
 20
0.9840232877733257
 30
0.0
  0
VERTEX
  5
239
330
103
100
AcDbEntity
  8
inside1_B
100
AcDbVertex
100
AcDb2dVertex
 10
-388.6689797761672
 20
0.9818277447451891
 30
0.0
  0
VERTEX
  5
23A
330
103
100
AcDbEntity
  8
inside1_B
100
AcDbVertex
100
AcDb2dVertex
 10
-389.1112063003171
 20
0.9797314147765377
 30
0.0
  0
VERTEX
  5
23B
330
103
100
AcDbEntity
  8
inside1_B
100
AcDbVertex
100
AcDb2dVertex
 10
-390.4536186363883
 20
0.9737315595455698
 30
0.0
  0
VERTEX
  5
23C
330
103
100
AcDbEntity
  8
inside1_B
100
AcDbVertex
100
AcDb2dVertex
 10
-390.9067331728191
 20
0.971833418233814
 30
0.0
  0
VERTEX
  5
23D
330
103
100
AcDbEntity
  8
inside1_B
100
AcDbVertex
100
AcDb2dVertex
 10
-391.3611922717897
 20
0.9700342444540979
 30
0.0
  0
VERTEX
  5
23E
330
103
100
AcDbEntity
  8
inside1_B
100
AcDbVertex
100
AcDb2dVertex
 10
-391.8150443507209
 20
0.9682350593027849
 30
0.0
  0
VERTEX
  5
23F
330
103
100
AcDbEntity
  8
inside1_B
100
AcDbVertex
100
AcDb2dVertex
 10
-392.2665876025318
 20
0.9665426869043898
 30
0.0
  0
VERTEX
  5
240
330
103
100
AcDbEntity
  8
inside1_B
100
AcDbVertex
100
AcDb2dVertex
 10
-392.7142583209069
 20
0.964941684675864
 30
0.0
  0
VERTEX
  5
241
330
103
100
AcDbEntity
  8
inside1_B
100
AcDbVertex
100
AcDb2dVertex
 10
-393.1563316018227
 20
0.9633406880733588
 30
0.0
  0
VERTEX
  5
242
330
103
100
AcDbEntity
  8
inside1_B
100
AcDbVertex
100
AcDb2dVertex
 10
-393.5909234116257
 20
0.9618464070628931
 30
0.0
  0
VERTEX
  5
243
330
103
100
AcDbEntity
  8
inside1_B
100
AcDbVertex
100
AcDb2dVertex
 10
-394.0165186273391
 20
0.9603445036253788
 30
0.0
  0
VERTEX
  5
244
330
103
100
AcDbEntity
  8
inside1_B
100
AcDbVertex
100
AcDb2dVertex
 10
-394.4336800647887
 20
0.9589494423510558
 30
0.0
  0
VERTEX
  5
245
330
103
100
AcDbEntity
  8
inside1_B
100
AcDbVertex
100
AcDb2dVertex
 10
-394.8456637780748
 20
0.95764579292522
 30
0.0
  0
VERTEX
  5
246
330
103
100
AcDbEntity
  8
inside1_B
100
AcDbVertex
100
AcDb2dVertex
 10
-395.2559624087662
 20
0.9563497920516824
 30
0.0
  0
VERTEX
  5
247
330
103
100
AcDbEntity
  8
inside1_B
100
AcDbVertex
100
AcDb2dVertex
 10
-395.667813553497
 20
0.9551453706244928
 30
0.0
  0
VERTEX
  5
248
330
103
100
AcDbEntity
  8
inside1_B
100
AcDbVertex
100
AcDb2dVertex
 10
-396.0848706708968
 20
0.954047611157776
 30
0.0
  0
VERTEX
  5
249
330
103
100
AcDbEntity
  8
inside1_B
100
AcDbVertex
100
AcDb2dVertex
 10
-396.5103243039162
 20
0.9529498630274276
 30
0.0
  0
VERTEX
  5
24A
330
103
100
AcDbEntity
  8
inside1_B
100
AcDbVertex
100
AcDb2dVertex
 10
-397.4004714811353
 20
0.9509524447297935
 30
0.0
  0
SEQEND
  5
24B
330
103
100
AcDbEntity
  8
inside1_B
  0
POLYLINE
  5
24C
330
1F
100
AcDbEntity
  8
inside1_B
100
AcDb2dPolyline
 66
     1
 10
0.0
 20
0.0
 30
0.0
  0
VERTEX
  5
24D
330
24C
100
AcDbEntity
  8
inside1_B
100
AcDbVertex
100
AcDb2dVertex
 10
-74.71151377576513
 20
3.369435698972211
 30
0.0
  0
VERTEX
  5
24E
330
24C
100
AcDbEntity
  8
inside1_B
100
AcDbVertex
100
AcDb2dVertex
 10
-75.88964494651037
 20
3.369633898951747
 30
0.0
  0
VERTEX
  5
24F
330
24C
100
AcDbEntity
  8
inside1_B
100
AcDbVertex
100
AcDb2dVertex
 10
-78.0930675675043
 20
3.367133474720902
 30
0.0
  0
VERTEX
  5
250
330
24C
100
AcDbEntity
  8
inside1_B
100
AcDbVertex
100
AcDb2dVertex
 10
-80.29664999657149
 20
3.36303966542566
 30
0.0
  0
VERTEX
  5
251
330
24C
100
AcDbEntity
  8
inside1_B
100
AcDbVertex
100
AcDb2dVertex
 10
-82.5002525863768
 20
3.357344912422462
 30
0.0
  0
VERTEX
  5
252
330
24C
100
AcDbEntity
  8
inside1_B
100
AcDbVertex
100
AcDb2dVertex
 10
-84.70384034016507
 20
3.350148328971812
 30
0.0
  0
VERTEX
  5
253
330
24C
100
AcDbEntity
  8
inside1_B
100
AcDbVertex
100
AcDb2dVertex
 10
-86.90744867155655
 20
3.341358412879686
 30
0.0
  0
VERTEX
  5
254
330
24C
100
AcDbEntity
  8
inside1_B
100
AcDbVertex
100
AcDb2dVertex
 10
-89.11104134741464
 20
3.331165771390872
 30
0.0
  0
VERTEX
  5
255
330
24C
100
AcDbEntity
  8
inside1_B
100
AcDbVertex
100
AcDb2dVertex
 10
-91.31464965241531
 20
3.31937218940331
 30
0.0
  0
VERTEX
  5
256
330
24C
100
AcDbEntity
  8
inside1_B
100
AcDbVertex
100
AcDb2dVertex
 10
-93.51816767303472
 20
3.306183405236169
 30
0.0
  0
VERTEX
  5
257
330
24C
100
AcDbEntity
  8
inside1_B
100
AcDbVertex
100
AcDb2dVertex
 10
-95.28110436940898
 20
3.294595669977838
 30
0.0
  0
VERTEX
  5
258
330
24C
100
AcDbEntity
  8
inside1_B
100
AcDbVertex
100
AcDb2dVertex
 10
-97.04385256928668
 20
3.282100668163139
 30
0.0
  0
VERTEX
  5
259
330
24C
100
AcDbEntity
  8
inside1_B
100
AcDbVertex
100
AcDb2dVertex
 10
-98.80670754066836
 20
3.268713710441034
 30
0.0
  0
VERTEX
  5
25A
330
24C
100
AcDbEntity
  8
inside1_B
100
AcDbVertex
100
AcDb2dVertex
 10
-100.5694490603088
 20
3.254419604512037
 30
0.0
  0
VERTEX
  5
25B
330
24C
100
AcDbEntity
  8
inside1_B
100
AcDbVertex
100
AcDb2dVertex
 10
-102.33219781014
 20
3.239134377877207
 30
0.0
  0
VERTEX
  5
25C
330
24C
100
AcDbEntity
  8
inside1_B
100
AcDbVertex
100
AcDb2dVertex
 10
-104.0949593721954
 20
3.223048561111057
 30
0.0
  0
VERTEX
  5
25D
330
24C
100
AcDbEntity
  8
inside1_B
100
AcDbVertex
100
AcDb2dVertex
 10
-105.8577142069998
 20
3.206162329754918
 30
0.0
  0
VERTEX
  5
25E
330
24C
100
AcDbEntity
  8
inside1_B
100
AcDbVertex
100
AcDb2dVertex
 10
-107.6203631951051
 20
3.188376583881023
 30
0.0
  0
VERTEX
  5
25F
330
24C
100
AcDbEntity
  8
inside1_B
100
AcDbVertex
100
AcDb2dVertex
 10
-109.3829198681513
 20
3.16969118692414
 30
0.0
  0
VERTEX
  5
260
330
24C
100
AcDbEntity
  8
inside1_B
100
AcDbVertex
100
AcDb2dVertex
 10
-111.1455756495903
 20
3.150205313945094
 30
0.0
  0
VERTEX
  5
261
330
24C
100
AcDbEntity
  8
inside1_B
100
AcDbVertex
100
AcDb2dVertex
 10
-112.9081321661366
 20
3.129819860242023
 30
0.0
  0
VERTEX
  5
262
330
24C
100
AcDbEntity
  8
inside1_B
100
AcDbVertex
100
AcDb2dVertex
 10
-114.6705962975245
 20
3.108633849812591
 30
0.0
  0
VERTEX
  5
263
330
24C
100
AcDbEntity
  8
inside1_B
100
AcDbVertex
100
AcDb2dVertex
 10
-116.4330533164253
 20
3.086647354023484
 30
0.0
  0
VERTEX
  5
264
330
24C
100
AcDbEntity
  8
inside1_B
100
AcDbVertex
100
AcDb2dVertex
 10
-118.1954188516469
 20
3.06386800263472
 30
0.0
  0
VERTEX
  5
265
330
24C
100
AcDbEntity
  8
inside1_B
100
AcDbVertex
100
AcDb2dVertex
 10
-119.9577905161848
 20
3.040288090022401
 30
0.0
  0
VERTEX
  5
266
330
24C
100
AcDbEntity
  8
inside1_B
100
AcDbVertex
100
AcDb2dVertex
 10
-121.7200487872412
 20
3.016006894505409
 30
0.0
  0
VERTEX
  5
267
330
24C
100
AcDbEntity
  8
inside1_B
100
AcDbVertex
100
AcDb2dVertex
 10
-123.4823146751476
 20
2.990826113191446
 30
0.0
  0
VERTEX
  5
268
330
24C
100
AcDbEntity
  8
inside1_B
100
AcDbVertex
100
AcDb2dVertex
 10
-125.2444803867747
 20
2.964943863560379
 30
0.0
  0
VERTEX
  5
269
330
24C
100
AcDbEntity
  8
inside1_B
100
AcDbVertex
100
AcDb2dVertex
 10
-127.0065551124944
 20
2.938261124444722
 30
0.0
  0
VERTEX
  5
26A
330
24C
100
AcDbEntity
  8
inside1_B
100
AcDbVertex
100
AcDb2dVertex
 10
-128.7685366218437
 20
2.910884424129847
 30
0.0
  0
VERTEX
  5
26B
330
24C
100
AcDbEntity
  8
inside1_B
100
AcDbVertex
100
AcDb2dVertex
 10
-129.6495532513709
 20
2.896895313879583
 30
0.0
  0
VERTEX
  5
26C
330
24C
100
AcDbEntity
  8
inside1_B
100
AcDbVertex
100
AcDb2dVertex
 10
-130.5304968008941
 20
2.882707573659403
 30
0.0
  0
VERTEX
  5
26D
330
24C
100
AcDbEntity
  8
inside1_B
100
AcDbVertex
100
AcDb2dVertex
 10
-131.4114282612254
 20
2.868413297542631
 30
0.0
  0
VERTEX
  5
26E
330
24C
100
AcDbEntity
  8
inside1_B
100
AcDbVertex
100
AcDb2dVertex
 10
-132.2923597391462
 20
2.853829323805357
 30
0.0
  0
VERTEX
  5
26F
330
24C
100
AcDbEntity
  8
inside1_B
100
AcDbVertex
100
AcDb2dVertex
 10
-133.1733109003902
 20
2.839138418361003
 30
0.0
  0
VERTEX
  5
270
330
24C
100
AcDbEntity
  8
inside1_B
100
AcDbVertex
100
AcDb2dVertex
 10
-134.0541565580591
 20
2.824249275471729
 30
0.0
  0
VERTEX
  5
271
330
24C
100
AcDbEntity
  8
inside1_B
100
AcDbVertex
100
AcDb2dVertex
 10
-134.9351013416257
 20
2.809261023808048
 30
0.0
  0
VERTEX
  5
272
330
24C
100
AcDbEntity
  8
inside1_B
100
AcDbVertex
100
AcDb2dVertex
 10
-135.8159324337027
 20
2.794074806606929
 30
0.0
  0
VERTEX
  5
273
330
24C
100
AcDbEntity
  8
inside1_B
100
AcDbVertex
100
AcDb2dVertex
 10
-136.6967770619468
 20
2.778682515587164
 30
0.0
  0
VERTEX
  5
274
330
24C
100
AcDbEntity
  8
inside1_B
100
AcDbVertex
100
AcDb2dVertex
 10
-137.5776161348036
 20
2.763191079829156
 30
0.0
  0
VERTEX
  5
275
330
24C
100
AcDbEntity
  8
inside1_B
100
AcDbVertex
100
AcDb2dVertex
 10
-138.4584615861209
 20
2.747509072789512
 30
0.0
  0
VERTEX
  5
276
330
24C
100
AcDbEntity
  8
inside1_B
100
AcDbVertex
100
AcDb2dVertex
 10
-139.3392071205377
 20
2.731720348060435
 30
0.0
  0
VERTEX
  5
277
330
24C
100
AcDbEntity
  8
inside1_B
100
AcDbVertex
100
AcDb2dVertex
 10
-140.220066358759
 20
2.715733141702884
 30
0.0
  0
VERTEX
  5
278
330
24C
100
AcDbEntity
  8
inside1_B
100
AcDbVertex
100
AcDb2dVertex
 10
-140.6604342502193
 20
2.707736016869035
 30
0.0
  0
VERTEX
  5
279
330
24C
100
AcDbEntity
  8
inside1_B
100
AcDbVertex
100
AcDb2dVertex
 10
-141.1007970146949
 20
2.699639739738814
 30
0.0
  0
VERTEX
  5
27A
330
24C
100
AcDbEntity
  8
inside1_B
100
AcDbVertex
100
AcDb2dVertex
 10
-141.541169528839
 20
2.691551047133842
 30
0.0
  0
VERTEX
  5
27B
330
24C
100
AcDbEntity
  8
inside1_B
100
AcDbVertex
100
AcDb2dVertex
 10
-141.9815302427772
 20
2.683355701194699
 30
0.0
  0
VERTEX
  5
27C
330
24C
100
AcDbEntity
  8
inside1_B
100
AcDbVertex
100
AcDb2dVertex
 10
-142.4219197004191
 20
2.675159820320005
 30
0.0
  0
VERTEX
  5
27D
330
24C
100
AcDbEntity
  8
inside1_B
100
AcDbVertex
100
AcDb2dVertex
 10
-142.8623168584539
 20
2.666963938025006
 30
0.0
  0
VERTEX
  5
27E
330
24C
100
AcDbEntity
  8
inside1_B
100
AcDbVertex
100
AcDb2dVertex
 10
-143.3026816733829
 20
2.658768515764223
 30
0.0
  0
VERTEX
  5
27F
330
24C
100
AcDbEntity
  8
inside1_B
100
AcDbVertex
100
AcDb2dVertex
 10
-143.7430254448694
 20
2.650482149175943
 30
0.0
  0
VERTEX
  5
280
330
24C
100
AcDbEntity
  8
inside1_B
100
AcDbVertex
100
AcDb2dVertex
 10
-144.1834128521302
 20
2.642088081426778
 30
0.0
  0
VERTEX
  5
281
330
24C
100
AcDbEntity
  8
inside1_B
100
AcDbVertex
100
AcDb2dVertex
 10
-144.6238099338489
 20
2.633793087574034
 30
0.0
  0
VERTEX
  5
282
330
24C
100
AcDbEntity
  8
inside1_B
100
AcDbVertex
100
AcDb2dVertex
 10
-145.0641726979598
 20
2.625399489539205
 30
0.0
  0
VERTEX
  5
283
330
24C
100
AcDbEntity
  8
inside1_B
100
AcDbVertex
100
AcDb2dVertex
 10
-145.5045355404328
 20
2.617005890010731
 30
0.0
  0
VERTEX
  5
284
330
24C
100
AcDbEntity
  8
inside1_B
100
AcDbVertex
100
AcDb2dVertex
 10
-145.9449060071584
 20
2.60851318348189
 30
0.0
  0
VERTEX
  5
285
330
24C
100
AcDbEntity
  8
inside1_B
100
AcDbVertex
100
AcDb2dVertex
 10
-146.3851911428038
 20
2.600012440113019
 30
0.0
  0
VERTEX
  5
286
330
24C
100
AcDbEntity
  8
inside1_B
100
AcDbVertex
100
AcDb2dVertex
 10
-146.8255667396884
 20
2.591519634589886
 30
0.0
  0
VERTEX
  5
287
330
24C
100
AcDbEntity
  8
inside1_B
100
AcDbVertex
100
AcDb2dVertex
 10
-147.2659556435942
 20
2.582927312606927
 30
0.0
  0
VERTEX
  5
288
330
24C
100
AcDbEntity
  8
inside1_B
100
AcDbVertex
100
AcDb2dVertex
 10
-147.7062460282542
 20
2.57443409202665
 30
0.0
  0
VERTEX
  5
289
330
24C
100
AcDbEntity
  8
inside1_B
100
AcDbVertex
100
AcDb2dVertex
 10
-148.1465882656565
 20
2.565842829275581
 30
0.0
  0
VERTEX
  5
28A
330
24C
100
AcDbEntity
  8
inside1_B
100
AcDbVertex
100
AcDb2dVertex
 10
-148.5869489791492
 20
2.55714432722246
 30
0.0
  0
VERTEX
  5
28B
330
24C
100
AcDbEntity
  8
inside1_B
100
AcDbVertex
100
AcDb2dVertex
 10
-149.0272500771223
 20
2.548452819666167
 30
0.0
  0
VERTEX
  5
28C
330
24C
100
AcDbEntity
  8
inside1_B
100
AcDbVertex
100
AcDb2dVertex
 10
-149.4676405061048
 20
2.53976135472918
 30
0.0
  0
VERTEX
  5
28D
330
24C
100
AcDbEntity
  8
inside1_B
100
AcDbVertex
100
AcDb2dVertex
 10
-149.9079256969687
 20
2.531062386659684
 30
0.0
  0
VERTEX
  5
28E
330
24C
100
AcDbEntity
  8
inside1_B
100
AcDbVertex
100
AcDb2dVertex
 10
-150.3483007871836
 20
2.522371374849783
 30
0.0
  0
VERTEX
  5
28F
330
24C
100
AcDbEntity
  8
inside1_B
100
AcDbVertex
100
AcDb2dVertex
 10
-150.7885357757794
 20
2.513581921311243
 30
0.0
  0
VERTEX
  5
290
330
24C
100
AcDbEntity
  8
inside1_B
100
AcDbVertex
100
AcDb2dVertex
 10
-151.2289328574965
 20
2.504684625515168
 30
0.0
  0
VERTEX
  5
291
330
24C
100
AcDbEntity
  8
inside1_B
100
AcDbVertex
100
AcDb2dVertex
 10
-151.6692231607454
 20
2.495894067599224
 30
0.0
  0
VERTEX
  5
292
330
24C
100
AcDbEntity
  8
inside1_B
100
AcDbVertex
100
AcDb2dVertex
 10
-152.1096126593055
 20
2.486996770976489
 30
0.0
  0
VERTEX
  5
293
330
24C
100
AcDbEntity
  8
inside1_B
100
AcDbVertex
100
AcDb2dVertex
 10
-152.5498834304521
 20
2.478206755234211
 30
0.0
  0
VERTEX
  5
294
330
24C
100
AcDbEntity
  8
inside1_B
100
AcDbVertex
100
AcDb2dVertex
 10
-152.9901476132891
 20
2.469210881022136
 30
0.0
  0
VERTEX
  5
295
330
24C
100
AcDbEntity
  8
inside1_B
100
AcDbVertex
100
AcDb2dVertex
 10
-153.4305371128269
 20
2.460321208455596
 30
0.0
  0
VERTEX
  5
296
330
24C
100
AcDbEntity
  8
inside1_B
100
AcDbVertex
100
AcDb2dVertex
 10
-153.8708058759179
 20
2.451325396427279
 30
0.0
  0
VERTEX
  5
297
330
24C
100
AcDbEntity
  8
inside1_B
100
AcDbVertex
100
AcDb2dVertex
 10
-154.3110961367814
 20
2.442328989365464
 30
0.0
  0
VERTEX
  5
298
330
24C
100
AcDbEntity
  8
inside1_B
100
AcDbVertex
100
AcDb2dVertex
 10
-154.7513624665334
 20
2.43334069490956
 30
0.0
  0
VERTEX
  5
299
330
24C
100
AcDbEntity
  8
inside1_B
100
AcDbVertex
100
AcDb2dVertex
 10
-155.1917574975926
 20
2.424245215509686
 30
0.0
  0
VERTEX
  5
29A
330
24C
100
AcDbEntity
  8
inside1_B
100
AcDbVertex
100
AcDb2dVertex
 10
-155.6320472493246
 20
2.415248818850927
 30
0.0
  0
VERTEX
  5
29B
330
24C
100
AcDbEntity
  8
inside1_B
100
AcDbVertex
100
AcDb2dVertex
 10
-156.0723109356038
 20
2.406153847807957
 30
0.0
  0
VERTEX
  5
29C
330
24C
100
AcDbEntity
  8
inside1_B
100
AcDbVertex
100
AcDb2dVertex
 10
-156.5125843391571
 20
2.397066457127778
 30
0.0
  0
VERTEX
  5
29D
330
24C
100
AcDbEntity
  8
inside1_B
100
AcDbVertex
100
AcDb2dVertex
 10
-156.9528731414603
 20
2.387871854606942
 30
0.0
  0
VERTEX
  5
29E
330
24C
100
AcDbEntity
  8
inside1_B
100
AcDbVertex
100
AcDb2dVertex
 10
-157.3932626419036
 20
2.37877633197084
 30
0.0
  0
VERTEX
  5
29F
330
24C
100
AcDbEntity
  8
inside1_B
100
AcDbVertex
100
AcDb2dVertex
 10
-157.8335334448896
 20
2.36958226453649
 30
0.0
  0
VERTEX
  5
2A0
330
24C
100
AcDbEntity
  8
inside1_B
100
AcDbVertex
100
AcDb2dVertex
 10
-158.2737970461296
 20
2.360388188292418
 30
0.0
  0
VERTEX
  5
2A1
330
24C
100
AcDbEntity
  8
inside1_B
100
AcDbVertex
100
AcDb2dVertex
 10
-158.7140894841819
 20
2.351094396396562
 30
0.0
  0
VERTEX
  5
2A2
330
24C
100
AcDbEntity
  8
inside1_B
100
AcDbVertex
100
AcDb2dVertex
 10
-159.1543874529211
 20
2.341907385741663
 30
0.0
  0
VERTEX
  5
2A3
330
24C
100
AcDbEntity
  8
inside1_B
100
AcDbVertex
100
AcDb2dVertex
 10
-159.5946490465845
 20
2.332614244916115
 30
0.0
  0
VERTEX
  5
2A4
330
24C
100
AcDbEntity
  8
inside1_B
100
AcDbVertex
100
AcDb2dVertex
 10
-160.0349393912484
 20
2.323320497207959
 30
0.0
  0
VERTEX
  5
2A5
330
24C
100
AcDbEntity
  8
inside1_B
100
AcDbVertex
100
AcDb2dVertex
 10
-160.4752374465542
 20
2.314026747672571
 30
0.0
  0
VERTEX
  5
2A6
330
24C
100
AcDbEntity
  8
inside1_B
100
AcDbVertex
100
AcDb2dVertex
 10
-160.9155010472919
 20
2.304733564481225
 30
0.0
  0
VERTEX
  5
2A7
330
24C
100
AcDbEntity
  8
inside1_B
100
AcDbVertex
100
AcDb2dVertex
 10
-161.3557914352298
 20
2.295340702871883
 30
0.0
  0
VERTEX
  5
2A8
330
24C
100
AcDbEntity
  8
inside1_B
100
AcDbVertex
100
AcDb2dVertex
 10
-161.796089403969
 20
2.286046955163741
 30
0.0
  0
VERTEX
  5
2A9
330
24C
100
AcDbEntity
  8
inside1_B
100
AcDbVertex
100
AcDb2dVertex
 10
-162.2363530480869
 20
2.276654664089222
 30
0.0
  0
VERTEX
  5
2AA
330
24C
100
AcDbEntity
  8
inside1_B
100
AcDbVertex
100
AcDb2dVertex
 10
-162.6766147294415
 20
2.267254791272592
 30
0.0
  0
VERTEX
  5
2AB
330
24C
100
AcDbEntity
  8
inside1_B
100
AcDbVertex
100
AcDb2dVertex
 10
-163.1169147487071
 20
2.257762773403016
 30
0.0
  0
VERTEX
  5
2AC
330
24C
100
AcDbEntity
  8
inside1_B
100
AcDbVertex
100
AcDb2dVertex
 10
-163.5572317061539
 20
2.248369344977476
 30
0.0
  0
VERTEX
  5
2AD
330
24C
100
AcDbEntity
  8
inside1_B
100
AcDbVertex
100
AcDb2dVertex
 10
-163.9973957562631
 20
2.238977064292783
 30
0.0
  0
VERTEX
  5
2AE
330
24C
100
AcDbEntity
  8
inside1_B
100
AcDbVertex
100
AcDb2dVertex
 10
-164.4376676811253
 20
2.229485652084264
 30
0.0
  0
VERTEX
  5
2AF
330
24C
100
AcDbEntity
  8
inside1_B
100
AcDbVertex
100
AcDb2dVertex
 10
-164.8779579373789
 20
2.219993680326056
 30
0.0
  0
VERTEX
  5
2B0
330
24C
100
AcDbEntity
  8
inside1_B
100
AcDbVertex
100
AcDb2dVertex
 10
-165.3182482820428
 20
2.210501706661873
 30
0.0
  0
VERTEX
  5
2B1
330
24C
100
AcDbEntity
  8
inside1_B
100
AcDbVertex
100
AcDb2dVertex
 10
-165.7585137760701
 20
2.201002727301272
 30
0.0
  0
VERTEX
  5
2B2
330
24C
100
AcDbEntity
  8
inside1_B
100
AcDbVertex
100
AcDb2dVertex
 10
-166.1988099611822
 20
2.191411596473472
 30
0.0
  0
VERTEX
  5
2B3
330
24C
100
AcDbEntity
  8
inside1_B
100
AcDbVertex
100
AcDb2dVertex
 10
-166.6390997250584
 20
2.181919635330161
 30
0.0
  0
VERTEX
  5
2B4
330
24C
100
AcDbEntity
  8
inside1_B
100
AcDbVertex
100
AcDb2dVertex
 10
-167.0792675538307
 20
2.172329141654558
 30
0.0
  0
VERTEX
  5
2B5
330
24C
100
AcDbEntity
  8
inside1_B
100
AcDbVertex
100
AcDb2dVertex
 10
-167.5195549144347
 20
2.162730495973406
 30
0.0
  0
VERTEX
  5
2B6
330
24C
100
AcDbEntity
  8
inside1_B
100
AcDbVertex
100
AcDb2dVertex
 10
-167.9598532167773
 20
2.153139318988934
 30
0.0
  0
VERTEX
  5
2B7
330
24C
100
AcDbEntity
  8
inside1_B
100
AcDbVertex
100
AcDb2dVertex
 10
-168.4001473734788
 20
2.143548232346717
 30
0.0
  0
VERTEX
  5
2B8
330
24C
100
AcDbEntity
  8
inside1_B
100
AcDbVertex
100
AcDb2dVertex
 10
-168.8403332970007
 20
2.133949637318437
 30
0.0
  0
VERTEX
  5
2B9
330
24C
100
AcDbEntity
  8
inside1_B
100
AcDbVertex
100
AcDb2dVertex
 10
-169.2806060833172
 20
2.124359016135557
 30
0.0
  0
VERTEX
  5
2BA
330
24C
100
AcDbEntity
  8
inside1_B
100
AcDbVertex
100
AcDb2dVertex
 10
-169.7208943775237
 20
2.114668861643139
 30
0.0
  0
VERTEX
  5
2BB
330
24C
100
AcDbEntity
  8
inside1_B
100
AcDbVertex
100
AcDb2dVertex
 10
-170.1611879474238
 20
2.105070163718381
 30
0.0
  0
VERTEX
  5
2BC
330
24C
100
AcDbEntity
  8
inside1_B
100
AcDbVertex
100
AcDb2dVertex
 10
-170.6013539643592
 20
2.095380519165928
 30
0.0
  0
VERTEX
  5
2BD
330
24C
100
AcDbEntity
  8
inside1_B
100
AcDbVertex
100
AcDb2dVertex
 10
-171.0416493397759
 20
2.085690292720528
 30
0.0
  0
VERTEX
  5
2BE
330
24C
100
AcDbEntity
  8
inside1_B
100
AcDbVertex
100
AcDb2dVertex
 10
-171.4819393955991
 20
2.075992559314628
 30
0.0
  0
VERTEX
  5
2BF
330
24C
100
AcDbEntity
  8
inside1_B
100
AcDbVertex
100
AcDb2dVertex
 10
-171.9222337960139
 20
2.06630227039804
 30
0.0
  0
VERTEX
  5
2C0
330
24C
100
AcDbEntity
  8
inside1_B
100
AcDbVertex
100
AcDb2dVertex
 10
-172.3624236094973
 20
2.056604561870898
 30
0.0
  0
VERTEX
  5
2C1
330
24C
100
AcDbEntity
  8
inside1_B
100
AcDbVertex
100
AcDb2dVertex
 10
-172.8027191844015
 20
2.046914247082356
 30
0.0
  0
VERTEX
  5
2C2
330
24C
100
AcDbEntity
  8
inside1_B
100
AcDbVertex
100
AcDb2dVertex
 10
-173.2429846801962
 20
2.037224678244769
 30
0.0
  0
VERTEX
  5
2C3
330
24C
100
AcDbEntity
  8
inside1_B
100
AcDbVertex
100
AcDb2dVertex
 10
-173.6832782275581
 20
2.027427755129651
 30
0.0
  0
VERTEX
  5
2C4
330
24C
100
AcDbEntity
  8
inside1_B
100
AcDbVertex
100
AcDb2dVertex
 10
-174.1234694592432
 20
2.017737555509427
 30
0.0
  0
VERTEX
  5
2C5
330
24C
100
AcDbEntity
  8
inside1_B
100
AcDbVertex
100
AcDb2dVertex
 10
-174.5637642252845
 20
2.007940605277611
 30
0.0
  0
VERTEX
  5
2C6
330
24C
100
AcDbEntity
  8
inside1_B
100
AcDbVertex
100
AcDb2dVertex
 10
-175.0040577659268
 20
1.998250419215907
 30
0.0
  0
VERTEX
  5
2C7
330
24C
100
AcDbEntity
  8
inside1_B
100
AcDbVertex
100
AcDb2dVertex
 10
-175.4442196757191
 20
1.98845413513321
 30
0.0
  0
VERTEX
  5
2C8
330
24C
100
AcDbEntity
  8
inside1_B
100
AcDbVertex
100
AcDb2dVertex
 10
-175.8845191653571
 20
1.978664703904684
 30
0.0
  0
VERTEX
  5
2C9
330
24C
100
AcDbEntity
  8
inside1_B
100
AcDbVertex
100
AcDb2dVertex
 10
-176.3248053635802
 20
1.968867859457703
 30
0.0
  0
VERTEX
  5
2CA
330
24C
100
AcDbEntity
  8
inside1_B
100
AcDbVertex
100
AcDb2dVertex
 10
-176.7650285434037
 20
1.959077921134053
 30
0.0
  0
VERTEX
  5
2CB
330
24C
100
AcDbEntity
  8
inside1_B
100
AcDbVertex
100
AcDb2dVertex
 10
-177.2052928255303
 20
1.949380671491355
 30
0.0
  0
VERTEX
  5
2CC
330
24C
100
AcDbEntity
  8
inside1_B
100
AcDbVertex
100
AcDb2dVertex
 10
-177.645559733461
 20
1.939492857886535
 30
0.0
  0
VERTEX
  5
2CD
330
24C
100
AcDbEntity
  8
inside1_B
100
AcDbVertex
100
AcDb2dVertex
 10
-178.0857749538597
 20
1.929695387318048
 30
0.0
  0
VERTEX
  5
2CE
330
24C
100
AcDbEntity
  8
inside1_B
100
AcDbVertex
100
AcDb2dVertex
 10
-178.5260744434976
 20
1.919905956089522
 30
0.0
  0
VERTEX
  5
2CF
330
24C
100
AcDbEntity
  8
inside1_B
100
AcDbVertex
100
AcDb2dVertex
 10
-178.9663644993821
 20
1.910109110627374
 30
0.0
  0
VERTEX
  5
2D0
330
24C
100
AcDbEntity
  8
inside1_B
100
AcDbVertex
100
AcDb2dVertex
 10
-179.4065586007233
 20
1.900319734194142
 30
0.0
  0
VERTEX
  5
2D1
330
24C
100
AcDbEntity
  8
inside1_B
100
AcDbVertex
100
AcDb2dVertex
 10
-179.8468252599928
 20
1.890523409345604
 30
0.0
  0
VERTEX
  5
2D2
330
24C
100
AcDbEntity
  8
inside1_B
100
AcDbVertex
100
AcDb2dVertex
 10
-180.2871156046568
 20
1.88063498376934
 30
0.0
  0
VERTEX
  5
2D3
330
24C
100
AcDbEntity
  8
inside1_B
100
AcDbVertex
100
AcDb2dVertex
 10
-180.7274343891352
 20
1.870837499105917
 30
0.0
  0
VERTEX
  5
2D4
330
24C
100
AcDbEntity
  8
inside1_B
100
AcDbVertex
100
AcDb2dVertex
 10
-181.1676284904764
 20
1.861048122672699
 30
0.0
  0
VERTEX
  5
2D5
330
24C
100
AcDbEntity
  8
inside1_B
100
AcDbVertex
100
AcDb2dVertex
 10
-181.6078951727514
 20
1.851251797312258
 30
0.0
  0
VERTEX
  5
2D6
330
24C
100
AcDbEntity
  8
inside1_B
100
AcDbVertex
100
AcDb2dVertex
 10
-182.0481887133922
 20
1.84136338557191
 30
0.0
  0
VERTEX
  5
2D7
330
24C
100
AcDbEntity
  8
inside1_B
100
AcDbVertex
100
AcDb2dVertex
 10
-182.4883778947073
 20
1.831566494531671
 30
0.0
  0
VERTEX
  5
2D8
330
24C
100
AcDbEntity
  8
inside1_B
100
AcDbVertex
100
AcDb2dVertex
 10
-182.9286747178626
 20
1.821670384948959
 30
0.0
  0
VERTEX
  5
2D9
330
24C
100
AcDbEntity
  8
inside1_B
100
AcDbVertex
100
AcDb2dVertex
 10
-183.3689975801304
 20
1.81188043412341
 30
0.0
  0
VERTEX
  5
2DA
330
24C
100
AcDbEntity
  8
inside1_B
100
AcDbVertex
100
AcDb2dVertex
 10
-183.8091594901672
 20
1.802084149975215
 30
0.0
  0
VERTEX
  5
2DB
330
24C
100
AcDbEntity
  8
inside1_B
100
AcDbVertex
100
AcDb2dVertex
 10
-184.2494542400939
 20
1.792195711075905
 30
0.0
  0
VERTEX
  5
2DC
330
24C
100
AcDbEntity
  8
inside1_B
100
AcDbVertex
100
AcDb2dVertex
 10
-184.6897445847579
 20
1.782398774402424
 30
0.0
  0
VERTEX
  5
2DD
330
24C
100
AcDbEntity
  8
inside1_B
100
AcDbVertex
100
AcDb2dVertex
 10
-185.1300381482343
 20
1.77251036214922
 30
0.0
  0
VERTEX
  5
2DE
330
24C
100
AcDbEntity
  8
inside1_B
100
AcDbVertex
100
AcDb2dVertex
 10
-185.570253368633
 20
1.762712891580733
 30
0.0
  0
VERTEX
  5
2DF
330
24C
100
AcDbEntity
  8
inside1_B
100
AcDbVertex
100
AcDb2dVertex
 10
-186.0105241527047
 20
1.752924098579541
 30
0.0
  0
VERTEX
  5
2E0
330
24C
100
AcDbEntity
  8
inside1_B
100
AcDbVertex
100
AcDb2dVertex
 10
-186.4508182866027
 20
1.743028049440582
 30
0.0
  0
VERTEX
  5
2E1
330
24C
100
AcDbEntity
  8
inside1_B
100
AcDbVertex
100
AcDb2dVertex
 10
-186.8911373140482
 20
1.733238099116079
 30
0.0
  0
VERTEX
  5
2E2
330
24C
100
AcDbEntity
  8
inside1_B
100
AcDbVertex
100
AcDb2dVertex
 10
-187.3314007603779
 20
1.723441845740965
 30
0.0
  0
VERTEX
  5
2E3
330
24C
100
AcDbEntity
  8
inside1_B
100
AcDbVertex
100
AcDb2dVertex
 10
-187.7716963518776
 20
1.713545763840955
 30
0.0
  0
VERTEX
  5
2E4
330
24C
100
AcDbEntity
  8
inside1_B
100
AcDbVertex
100
AcDb2dVertex
 10
-188.2119156735637
 20
1.703755826555593
 30
0.0
  0
VERTEX
  5
2E5
330
24C
100
AcDbEntity
  8
inside1_B
100
AcDbVertex
100
AcDb2dVertex
 10
-188.65220696061
 20
1.693958953717114
 30
0.0
  0
VERTEX
  5
2E6
330
24C
100
AcDbEntity
  8
inside1_B
100
AcDbVertex
100
AcDb2dVertex
 10
-189.0925013605028
 20
1.684169550921141
 30
0.0
  0
VERTEX
  5
2E7
330
24C
100
AcDbEntity
  8
inside1_B
100
AcDbVertex
100
AcDb2dVertex
 10
-189.5327914619756
 20
1.674372704445389
 30
0.0
  0
VERTEX
  5
2E8
330
24C
100
AcDbEntity
  8
inside1_B
100
AcDbVertex
100
AcDb2dVertex
 10
-189.9730897194942
 20
1.664583300635826
 30
0.0
  0
VERTEX
  5
2E9
330
24C
100
AcDbEntity
  8
inside1_B
100
AcDbVertex
100
AcDb2dVertex
 10
-190.4132756182439
 20
1.654786482592627
 30
0.0
  0
VERTEX
  5
2EA
330
24C
100
AcDbEntity
  8
inside1_B
100
AcDbVertex
100
AcDb2dVertex
 10
-190.8535751078818
 20
1.644997051364115
 30
0.0
  0
VERTEX
  5
2EB
330
24C
100
AcDbEntity
  8
inside1_B
100
AcDbVertex
100
AcDb2dVertex
 10
-191.2938613061048
 20
1.635200206917133
 30
0.0
  0
VERTEX
  5
2EC
330
24C
100
AcDbEntity
  8
inside1_B
100
AcDbVertex
100
AcDb2dVertex
 10
-191.7341596092472
 20
1.625410802092404
 30
0.0
  0
VERTEX
  5
2ED
330
24C
100
AcDbEntity
  8
inside1_B
100
AcDbVertex
100
AcDb2dVertex
 10
-192.1744496651317
 20
1.615613956630241
 30
0.0
  0
VERTEX
  5
2EE
330
24C
100
AcDbEntity
  8
inside1_B
100
AcDbVertex
100
AcDb2dVertex
 10
-192.6147686928292
 20
1.605824006265422
 30
0.0
  0
VERTEX
  5
2EF
330
24C
100
AcDbEntity
  8
inside1_B
100
AcDbVertex
100
AcDb2dVertex
 10
-193.0550628723147
 20
1.596126182068133
 30
0.0
  0
VERTEX
  5
2F0
330
24C
100
AcDbEntity
  8
inside1_B
100
AcDbVertex
100
AcDb2dVertex
 10
-193.4953590568996
 20
1.586336824382798
 30
0.0
  0
VERTEX
  5
2F1
330
24C
100
AcDbEntity
  8
inside1_B
100
AcDbVertex
100
AcDb2dVertex
 10
-193.9356473511423
 20
1.576646669889598
 30
0.0
  0
VERTEX
  5
2F2
330
24C
100
AcDbEntity
  8
inside1_B
100
AcDbVertex
100
AcDb2dVertex
 10
-194.3759415078435
 20
1.566849733216131
 30
0.0
  0
VERTEX
  5
2F3
330
24C
100
AcDbEntity
  8
inside1_B
100
AcDbVertex
100
AcDb2dVertex
 10
-194.8162605359695
 20
1.5571589023114
 30
0.0
  0
VERTEX
  5
2F4
330
24C
100
AcDbEntity
  8
inside1_B
100
AcDbVertex
100
AcDb2dVertex
 10
-195.2565506369202
 20
1.547461167912303
 30
0.0
  0
VERTEX
  5
2F5
330
24C
100
AcDbEntity
  8
inside1_B
100
AcDbVertex
100
AcDb2dVertex
 10
-195.6968488945001
 20
1.537770878002533
 30
0.0
  0
VERTEX
  5
2F6
330
24C
100
AcDbEntity
  8
inside1_B
100
AcDbVertex
100
AcDb2dVertex
 10
-196.1371350931228
 20
1.528073145591378
 30
0.0
  0
VERTEX
  5
2F7
330
24C
100
AcDbEntity
  8
inside1_B
100
AcDbVertex
100
AcDb2dVertex
 10
-196.5774333958656
 20
1.518382854686848
 30
0.0
  0
VERTEX
  5
2F8
330
24C
100
AcDbEntity
  8
inside1_B
100
AcDbVertex
100
AcDb2dVertex
 10
-197.0177256239847
 20
1.508692655563209
 30
0.0
  0
VERTEX
  5
2F9
330
24C
100
AcDbEntity
  8
inside1_B
100
AcDbVertex
100
AcDb2dVertex
 10
-197.4580443975127
 20
1.49899428962776
 30
0.0
  0
VERTEX
  5
2FA
330
24C
100
AcDbEntity
  8
inside1_B
100
AcDbVertex
100
AcDb2dVertex
 10
-197.8983386873495
 20
1.489403158565736
 30
0.0
  0
VERTEX
  5
2FB
330
24C
100
AcDbEntity
  8
inside1_B
100
AcDbVertex
100
AcDb2dVertex
 10
-198.3386294796986
 20
1.479712991041339
 30
0.0
  0
VERTEX
  5
2FC
330
24C
100
AcDbEntity
  8
inside1_B
100
AcDbVertex
100
AcDb2dVertex
 10
-198.7790479471798
 20
1.470113731118403
 30
0.0
  0
VERTEX
  5
2FD
330
24C
100
AcDbEntity
  8
inside1_B
100
AcDbVertex
100
AcDb2dVertex
 10
-199.2193431144881
 20
1.460522580924049
 30
0.0
  0
VERTEX
  5
2FE
330
24C
100
AcDbEntity
  8
inside1_B
100
AcDbVertex
100
AcDb2dVertex
 10
-199.6596372935228
 20
1.450931493795352
 30
0.0
  0
VERTEX
  5
2FF
330
24C
100
AcDbEntity
  8
inside1_B
100
AcDbVertex
100
AcDb2dVertex
 10
-200.0999254209158
 20
1.441332872932918
 30
0.0
  0
VERTEX
  5
300
330
24C
100
AcDbEntity
  8
inside1_B
100
AcDbVertex
100
AcDb2dVertex
 10
-200.5403239749438
 20
1.43174167114681
 30
0.0
  0
VERTEX
  5
301
330
24C
100
AcDbEntity
  8
inside1_B
100
AcDbVertex
100
AcDb2dVertex
 10
-200.9806416985851
 20
1.422150029612581
 30
0.0
  0
VERTEX
  5
302
330
24C
100
AcDbEntity
  8
inside1_B
100
AcDbVertex
100
AcDb2dVertex
 10
-201.4209324909734
 20
1.412658087386816
 30
0.0
  0
VERTEX
  5
303
330
24C
100
AcDbEntity
  8
inside1_B
100
AcDbVertex
100
AcDb2dVertex
 10
-201.8613257606526
 20
1.40305937666939
 30
0.0
  0
VERTEX
  5
304
330
24C
100
AcDbEntity
  8
inside1_B
100
AcDbVertex
100
AcDb2dVertex
 10
-202.3016461261378
 20
1.393566796896508
 30
0.0
  0
VERTEX
  5
305
330
24C
100
AcDbEntity
  8
inside1_B
100
AcDbVertex
100
AcDb2dVertex
 10
-202.7419383768205
 20
1.384074823232325
 30
0.0
  0
VERTEX
  5
306
330
24C
100
AcDbEntity
  8
inside1_B
100
AcDbVertex
100
AcDb2dVertex
 10
-203.1822325556248
 20
1.374582849091638
 30
0.0
  0
VERTEX
  5
307
330
24C
100
AcDbEntity
  8
inside1_B
100
AcDbVertex
100
AcDb2dVertex
 10
-203.6226511394132
 20
1.365090288735857
 30
0.0
  0
VERTEX
  5
308
330
24C
100
AcDbEntity
  8
inside1_B
100
AcDbVertex
100
AcDb2dVertex
 10
-204.0629432460901
 20
1.355697471783159
 30
0.0
  0
VERTEX
  5
309
330
24C
100
AcDbEntity
  8
inside1_B
100
AcDbVertex
100
AcDb2dVertex
 10
-204.5033346097505
 20
1.346197874043753
 30
0.0
  0
VERTEX
  5
30A
330
24C
100
AcDbEntity
  8
inside1_B
100
AcDbVertex
100
AcDb2dVertex
 10
-204.9436569097527
 20
1.336804412972384
 30
0.0
  0
VERTEX
  5
30B
330
24C
100
AcDbEntity
  8
inside1_B
100
AcDbVertex
100
AcDb2dVertex
 10
-205.3840513165275
 20
1.327411528031135
 30
0.0
  0
VERTEX
  5
30C
330
24C
100
AcDbEntity
  8
inside1_B
100
AcDbVertex
100
AcDb2dVertex
 10
-205.8243424082428
 20
1.318018692066659
 30
0.0
  0
VERTEX
  5
30D
330
24C
100
AcDbEntity
  8
inside1_B
100
AcDbVertex
100
AcDb2dVertex
 10
-206.2647634770961
 20
1.308625238467229
 30
0.0
  0
VERTEX
  5
30E
330
24C
100
AcDbEntity
  8
inside1_B
100
AcDbVertex
100
AcDb2dVertex
 10
-206.705181481107
 20
1.299330928557566
 30
0.0
  0
VERTEX
  5
30F
330
24C
100
AcDbEntity
  8
inside1_B
100
AcDbVertex
100
AcDb2dVertex
 10
-207.1454484347828
 20
1.290037755049468
 30
0.0
  0
VERTEX
  5
310
330
24C
100
AcDbEntity
  8
inside1_B
100
AcDbVertex
100
AcDb2dVertex
 10
-207.5858664557373
 20
1.280644325804815
 30
0.0
  0
VERTEX
  5
311
330
24C
100
AcDbEntity
  8
inside1_B
100
AcDbVertex
100
AcDb2dVertex
 10
-208.0261872638669
 20
1.271449134514626
 30
0.0
  0
VERTEX
  5
312
330
24C
100
AcDbEntity
  8
inside1_B
100
AcDbVertex
100
AcDb2dVertex
 10
-208.4665525218317
 20
1.262155937724984
 30
0.0
  0
VERTEX
  5
313
330
24C
100
AcDbEntity
  8
inside1_B
100
AcDbVertex
100
AcDb2dVertex
 10
-208.9069724645205
 20
1.252861627128539
 30
0.0
  0
VERTEX
  5
314
330
24C
100
AcDbEntity
  8
inside1_B
100
AcDbVertex
100
AcDb2dVertex
 10
-209.3473923857705
 20
1.24366643596062
 30
0.0
  0
VERTEX
  5
315
330
24C
100
AcDbEntity
  8
inside1_B
100
AcDbVertex
100
AcDb2dVertex
 10
-209.7876876031098
 20
1.234479363385745
 30
0.0
  0
VERTEX
  5
316
330
24C
100
AcDbEntity
  8
inside1_B
100
AcDbVertex
100
AcDb2dVertex
 10
-210.2280779061329
 20
1.2252847905756
 30
0.0
  0
VERTEX
  5
317
330
24C
100
AcDbEntity
  8
inside1_B
100
AcDbVertex
100
AcDb2dVertex
 10
-210.6684959108634
 20
1.21608959962451
 30
0.0
  0
VERTEX
  5
318
330
24C
100
AcDbEntity
  8
inside1_B
100
AcDbVertex
100
AcDb2dVertex
 10
-211.1089158431719
 20
1.206993527204318
 30
0.0
  0
VERTEX
  5
319
330
24C
100
AcDbEntity
  8
inside1_B
100
AcDbVertex
100
AcDb2dVertex
 10
-211.5493091128515
 20
1.197898005452217
 30
0.0
  0
VERTEX
  5
31A
330
24C
100
AcDbEntity
  8
inside1_B
100
AcDbVertex
100
AcDb2dVertex
 10
-211.9897064828464
 20
1.18881002312628
 30
0.0
  0
VERTEX
  5
31B
330
24C
100
AcDbEntity
  8
inside1_B
100
AcDbVertex
100
AcDb2dVertex
 10
-212.4301203877773
 20
1.17971403578737
 30
0.0
  0
VERTEX
  5
31C
330
24C
100
AcDbEntity
  8
inside1_B
100
AcDbVertex
100
AcDb2dVertex
 10
-212.8705136680592
 20
1.170717626796701
 30
0.0
  0
VERTEX
  5
31D
330
24C
100
AcDbEntity
  8
inside1_B
100
AcDbVertex
100
AcDb2dVertex
 10
-213.3109089826585
 20
1.161622062810494
 30
0.0
  0
VERTEX
  5
31E
330
24C
100
AcDbEntity
  8
inside1_B
100
AcDbVertex
100
AcDb2dVertex
 10
-213.7513545990075
 20
1.152632190219506
 30
0.0
  0
VERTEX
  5
31F
330
24C
100
AcDbEntity
  8
inside1_B
100
AcDbVertex
100
AcDb2dVertex
 10
-214.191746920915
 20
1.143734894317632
 30
0.0
  0
VERTEX
  5
320
330
24C
100
AcDbEntity
  8
inside1_B
100
AcDbVertex
100
AcDb2dVertex
 10
-214.6321401905946
 20
1.134746109618789
 30
0.0
  0
VERTEX
  5
321
330
24C
100
AcDbEntity
  8
inside1_B
100
AcDbVertex
100
AcDb2dVertex
 10
-215.0725571045041
 20
1.125848316881914
 30
0.0
  0
VERTEX
  5
322
330
24C
100
AcDbEntity
  8
inside1_B
100
AcDbVertex
100
AcDb2dVertex
 10
-215.5129503845389
 20
1.116951020876641
 30
0.0
  0
VERTEX
  5
323
330
24C
100
AcDbEntity
  8
inside1_B
100
AcDbVertex
100
AcDb2dVertex
 10
-215.9534720082027
 20
1.108060758980201
 30
0.0
  0
VERTEX
  5
324
330
24C
100
AcDbEntity
  8
inside1_B
100
AcDbVertex
100
AcDb2dVertex
 10
-216.3938893427793
 20
1.0992620953933
 30
0.0
  0
VERTEX
  5
325
330
24C
100
AcDbEntity
  8
inside1_B
100
AcDbVertex
100
AcDb2dVertex
 10
-216.8342857497025
 20
1.090471454970668
 30
0.0
  0
VERTEX
  5
326
330
24C
100
AcDbEntity
  8
inside1_B
100
AcDbVertex
100
AcDb2dVertex
 10
-217.2747792063835
 20
1.081680874791999
 30
0.0
  0
VERTEX
  5
327
330
24C
100
AcDbEntity
  8
inside1_B
100
AcDbVertex
100
AcDb2dVertex
 10
-217.7151960102621
 20
1.072882221751101
 30
0.0
  0
VERTEX
  5
328
330
24C
100
AcDbEntity
  8
inside1_B
100
AcDbVertex
100
AcDb2dVertex
 10
-218.1556170255021
 20
1.064190209600255
 30
0.0
  0
VERTEX
  5
329
330
24C
100
AcDbEntity
  8
inside1_B
100
AcDbVertex
100
AcDb2dVertex
 10
-218.5961104700877
 20
1.055498742879962
 30
0.0
  0
VERTEX
  5
32A
330
24C
100
AcDbEntity
  8
inside1_B
100
AcDbVertex
100
AcDb2dVertex
 10
-219.036527811233
 20
1.046799197501244
 30
0.0
  0
VERTEX
  5
32B
330
24C
100
AcDbEntity
  8
inside1_B
100
AcDbVertex
100
AcDb2dVertex
 10
-219.4770494178313
 20
1.038206294666423
 30
0.0
  0
VERTEX
  5
32C
330
24C
100
AcDbEntity
  8
inside1_B
100
AcDbVertex
100
AcDb2dVertex
 10
-219.9174416476794
 20
1.029613982165088
 30
0.0
  0
VERTEX
  5
32D
330
24C
100
AcDbEntity
  8
inside1_B
100
AcDbVertex
100
AcDb2dVertex
 10
-220.3579350701686
 20
1.021021629092871
 30
0.0
  0
VERTEX
  5
32E
330
24C
100
AcDbEntity
  8
inside1_B
100
AcDbVertex
100
AcDb2dVertex
 10
-220.7984515345857
 20
1.012421202034943
 30
0.0
  0
VERTEX
  5
32F
330
24C
100
AcDbEntity
  8
inside1_B
100
AcDbVertex
100
AcDb2dVertex
 10
-221.2388725093157
 20
1.003927438729235
 30
0.0
  0
VERTEX
  5
330
330
24C
100
AcDbEntity
  8
inside1_B
100
AcDbVertex
100
AcDb2dVertex
 10
-221.6793930545074
 20
0.995433685099016
 30
0.0
  0
VERTEX
  5
331
330
24C
100
AcDbEntity
  8
inside1_B
100
AcDbVertex
100
AcDb2dVertex
 10
-222.1198859112349
 20
0.987039578314679
 30
0.0
  0
VERTEX
  5
332
330
24C
100
AcDbEntity
  8
inside1_B
100
AcDbVertex
100
AcDb2dVertex
 10
-222.5603782938925
 20
0.9785463585059233
 30
0.0
  0
VERTEX
  5
333
330
24C
100
AcDbEntity
  8
inside1_B
100
AcDbVertex
100
AcDb2dVertex
 10
-223.000923945833
 20
0.9701512456470311
 30
0.0
  0
VERTEX
  5
334
330
24C
100
AcDbEntity
  8
inside1_B
100
AcDbVertex
100
AcDb2dVertex
 10
-223.4413428810018
 20
0.9618557593982473
 30
0.0
  0
VERTEX
  5
335
330
24C
100
AcDbEntity
  8
inside1_B
100
AcDbVertex
100
AcDb2dVertex
 10
-223.881836272374
 20
0.9535607465480922
 30
0.0
  0
VERTEX
  5
336
330
24C
100
AcDbEntity
  8
inside1_B
100
AcDbVertex
100
AcDb2dVertex
 10
-224.3223291363616
 20
0.945265752604513
 30
0.0
  0
VERTEX
  5
337
330
24C
100
AcDbEntity
  8
inside1_B
100
AcDbVertex
100
AcDb2dVertex
 10
-224.7628504538387
 20
0.9369702183617079
 30
0.0
  0
VERTEX
  5
338
330
24C
100
AcDbEntity
  8
inside1_B
100
AcDbVertex
100
AcDb2dVertex
 10
-225.2033717737883
 20
0.9287814280797306
 30
0.0
  0
VERTEX
  5
339
330
24C
100
AcDbEntity
  8
inside1_B
100
AcDbVertex
100
AcDb2dVertex
 10
-225.6438602948139
 20
0.9205856234527232
 30
0.0
  0
VERTEX
  5
33A
330
24C
100
AcDbEntity
  8
inside1_B
100
AcDbVertex
100
AcDb2dVertex
 10
-226.0844801315343
 20
0.912389237536388
 30
0.0
  0
VERTEX
  5
33B
330
24C
100
AcDbEntity
  8
inside1_B
100
AcDbVertex
100
AcDb2dVertex
 10
-226.5249989014256
 20
0.9042919889909484
 30
0.0
  0
VERTEX
  5
33C
330
24C
100
AcDbEntity
  8
inside1_B
100
AcDbVertex
100
AcDb2dVertex
 10
-226.9655203417215
 20
0.8962023180866652
 30
0.0
  0
VERTEX
  5
33D
330
24C
100
AcDbEntity
  8
inside1_B
100
AcDbVertex
100
AcDb2dVertex
 10
-227.406037561837
 20
0.8882042165408564
 30
0.0
  0
VERTEX
  5
33E
330
24C
100
AcDbEntity
  8
inside1_B
100
AcDbVertex
100
AcDb2dVertex
 10
-227.8466311653928
 20
0.8802065438997886
 30
0.0
  0
VERTEX
  5
33F
330
24C
100
AcDbEntity
  8
inside1_B
100
AcDbVertex
100
AcDb2dVertex
 10
-228.7276590528707
 20
0.8642180859119009
 30
0.0
  0
VERTEX
  5
340
330
24C
100
AcDbEntity
  8
inside1_B
100
AcDbVertex
100
AcDb2dVertex
 10
-229.6088978122481
 20
0.8485344103231824
 30
0.0
  0
VERTEX
  5
341
330
24C
100
AcDbEntity
  8
inside1_B
100
AcDbVertex
100
AcDb2dVertex
 10
-230.4900083847515
 20
0.8329427272940109
 30
0.0
  0
VERTEX
  5
342
330
24C
100
AcDbEntity
  8
inside1_B
100
AcDbVertex
100
AcDb2dVertex
 10
-231.3711483637666
 20
0.8174496472330333
 30
0.0
  0
VERTEX
  5
343
330
24C
100
AcDbEntity
  8
inside1_B
100
AcDbVertex
100
AcDb2dVertex
 10
-232.2523747272643
 20
0.802261778809708
 30
0.0
  0
VERTEX
  5
344
330
24C
100
AcDbEntity
  8
inside1_B
100
AcDbVertex
100
AcDb2dVertex
 10
-233.1334995334688
 20
0.7870739360106995
 30
0.0
  0
VERTEX
  5
345
330
24C
100
AcDbEntity
  8
inside1_B
100
AcDbVertex
100
AcDb2dVertex
 10
-234.0147384306749
 20
0.7721832126708819
 30
0.0
  0
VERTEX
  5
346
330
24C
100
AcDbEntity
  8
inside1_B
100
AcDbVertex
100
AcDb2dVertex
 10
-234.8959506734563
 20
0.7573920557240257
 30
0.0
  0
VERTEX
  5
347
330
24C
100
AcDbEntity
  8
inside1_B
100
AcDbVertex
100
AcDb2dVertex
 10
-235.7772901720703
 20
0.7426995536119421
 30
0.0
  0
VERTEX
  5
348
330
24C
100
AcDbEntity
  8
inside1_B
100
AcDbVertex
100
AcDb2dVertex
 10
-236.6586282047185
 20
0.7283120573120527
 30
0.0
  0
VERTEX
  5
349
330
24C
100
AcDbEntity
  8
inside1_B
100
AcDbVertex
100
AcDb2dVertex
 10
-237.5398535438564
 20
0.7140162679087041
 30
0.0
  0
VERTEX
  5
34A
330
24C
100
AcDbEntity
  8
inside1_B
100
AcDbVertex
100
AcDb2dVertex
 10
-238.4211932485734
 20
0.6999261017163718
 30
0.0
  0
VERTEX
  5
34B
330
24C
100
AcDbEntity
  8
inside1_B
100
AcDbVertex
100
AcDb2dVertex
 10
-239.30264550423
 20
0.6860339771218946
 30
0.0
  0
VERTEX
  5
34C
330
24C
100
AcDbEntity
  8
inside1_B
100
AcDbVertex
100
AcDb2dVertex
 10
-241.0654031063473
 20
0.6588527980061798
 30
0.0
  0
VERTEX
  5
34D
330
24C
100
AcDbEntity
  8
inside1_B
100
AcDbVertex
100
AcDb2dVertex
 10
-242.8282671261304
 20
0.6323729733408072
 30
0.0
  0
VERTEX
  5
34E
330
24C
100
AcDbEntity
  8
inside1_B
100
AcDbVertex
100
AcDb2dVertex
 10
-244.5912444287365
 20
0.606586783264774
 30
0.0
  0
VERTEX
  5
34F
330
24C
100
AcDbEntity
  8
inside1_B
100
AcDbVertex
100
AcDb2dVertex
 10
-246.3542232803658
 20
0.5817002803494518
 30
0.0
  0
VERTEX
  5
350
330
24C
100
AcDbEntity
  8
inside1_B
100
AcDbVertex
100
AcDb2dVertex
 10
-248.1173936925251
 20
0.5575153268310515
 30
0.0
  0
VERTEX
  5
351
330
24C
100
AcDbEntity
  8
inside1_B
100
AcDbVertex
100
AcDb2dVertex
 10
-249.8805705799779
 20
0.5341308612409819
 30
0.0
  0
VERTEX
  5
352
330
24C
100
AcDbEntity
  8
inside1_B
100
AcDbVertex
100
AcDb2dVertex
 10
-251.643749539805
 20
0.5115469702699045
 30
0.0
  0
VERTEX
  5
353
330
24C
100
AcDbEntity
  8
inside1_B
100
AcDbVertex
100
AcDb2dVertex
 10
-253.4071262074503
 20
0.4897636626728854
 30
0.0
  0
VERTEX
  5
354
330
24C
100
AcDbEntity
  8
inside1_B
100
AcDbVertex
100
AcDb2dVertex
 10
-255.1705027839506
 20
0.4687733082049448
 30
0.0
  0
VERTEX
  5
355
330
24C
100
AcDbEntity
  8
inside1_B
100
AcDbVertex
100
AcDb2dVertex
 10
-256.9339880604569
 20
0.4485834424102535
 30
0.0
  0
VERTEX
  5
356
330
24C
100
AcDbEntity
  8
inside1_B
100
AcDbVertex
100
AcDb2dVertex
 10
-258.6974775004672
 20
0.429300834277214
 30
0.0
  0
VERTEX
  5
357
330
24C
100
AcDbEntity
  8
inside1_B
100
AcDbVertex
100
AcDb2dVertex
 10
-260.4609550842133
 20
0.4109104476215322
 30
0.0
  0
VERTEX
  5
358
330
24C
100
AcDbEntity
  8
inside1_B
100
AcDbVertex
100
AcDb2dVertex
 10
-262.2245371086195
 20
0.3932214460040626
 30
0.0
  0
VERTEX
  5
359
330
24C
100
AcDbEntity
  8
inside1_B
100
AcDbVertex
100
AcDb2dVertex
 10
-263.9882286475625
 20
0.3765312007173378
 30
0.0
  0
VERTEX
  5
35A
330
24C
100
AcDbEntity
  8
inside1_B
100
AcDbVertex
100
AcDb2dVertex
 10
-265.751913459984
 20
0.3606415988346896
 30
0.0
  0
VERTEX
  5
35B
330
24C
100
AcDbEntity
  8
inside1_B
100
AcDbVertex
100
AcDb2dVertex
 10
-267.5156049860313
 20
0.3456516390385218
 30
0.0
  0
VERTEX
  5
35C
330
24C
100
AcDbEntity
  8
inside1_B
100
AcDbVertex
100
AcDb2dVertex
 10
-269.2793955715039
 20
0.3315613822961581
 30
0.0
  0
VERTEX
  5
35D
330
24C
100
AcDbEntity
  8
inside1_B
100
AcDbVertex
100
AcDb2dVertex
 10
-271.0430832749041
 20
0.3183708277207842
 30
0.0
  0
VERTEX
  5
35E
330
24C
100
AcDbEntity
  8
inside1_B
100
AcDbVertex
100
AcDb2dVertex
 10
-272.8069725107065
 20
0.3060799793313294
 30
0.0
  0
VERTEX
  5
35F
330
24C
100
AcDbEntity
  8
inside1_B
100
AcDbVertex
100
AcDb2dVertex
 10
-274.5707697486326
 20
0.2946811626213588
 30
0.0
  0
VERTEX
  5
360
330
24C
100
AcDbEntity
  8
inside1_B
100
AcDbVertex
100
AcDb2dVertex
 10
-276.3346746523553
 20
0.2842887687301783
 30
0.0
  0
VERTEX
  5
361
330
24C
100
AcDbEntity
  8
inside1_B
100
AcDbVertex
100
AcDb2dVertex
 10
-278.5394863790946
 20
0.2725011450419714
 30
0.0
  0
VERTEX
  5
362
330
24C
100
AcDbEntity
  8
inside1_B
100
AcDbVertex
100
AcDb2dVertex
 10
-280.7443084926252
 20
0.2623070136602337
 30
0.0
  0
VERTEX
  5
363
330
24C
100
AcDbEntity
  8
inside1_B
100
AcDbVertex
100
AcDb2dVertex
 10
-282.9492305188793
 20
0.2535081865525797
 30
0.0
  0
VERTEX
  5
364
330
24C
100
AcDbEntity
  8
inside1_B
100
AcDbVertex
100
AcDb2dVertex
 10
-285.1540583295181
 20
0.2463181411281425
 30
0.0
  0
VERTEX
  5
365
330
24C
100
AcDbEntity
  8
inside1_B
100
AcDbVertex
100
AcDb2dVertex
 10
-287.3588861727134
 20
0.2406149024675841
 30
0.0
  0
VERTEX
  5
366
330
24C
100
AcDbEntity
  8
inside1_B
100
AcDbVertex
100
AcDb2dVertex
 10
-289.5638173412338
 20
0.2365204643580228
 30
0.0
  0
VERTEX
  5
367
330
24C
100
AcDbEntity
  8
inside1_B
100
AcDbVertex
100
AcDb2dVertex
 10
-291.7686506012946
 20
0.2339204521103255
 30
0.0
  0
VERTEX
  5
368
330
24C
100
AcDbEntity
  8
inside1_B
100
AcDbVertex
100
AcDb2dVertex
 10
-293.9734024365252
 20
0.2330227989366307
 30
0.0
  0
SEQEND
  5
369
330
24C
100
AcDbEntity
  8
inside1_B
  0
POLYLINE
  5
36A
330
1F
100
AcDbEntity
  8
inside1_B
100
AcDb2dPolyline
 66
     1
 10
0.0
 20
0.0
 30
0.0
  0
VERTEX
  5
36B
330
36A
100
AcDbEntity
  8
inside1_B
100
AcDbVertex
100
AcDb2dVertex
 10
34.54906930864189
 20
3.369832204988043
 30
0.0
  0
VERTEX
  5
36C
330
36A
100
AcDbEntity
  8
inside1_B
100
AcDbVertex
100
AcDb2dVertex
 10
34.12208299338062
 20
3.369534881993204
 30
0.0
  0
VERTEX
  5
36D
330
36A
100
AcDbEntity
  8
inside1_B
100
AcDbVertex
100
AcDb2dVertex
 10
33.67642572598487
 20
3.36913847114981
 30
0.0
  0
VERTEX
  5
36E
330
36A
100
AcDbEntity
  8
inside1_B
100
AcDbVertex
100
AcDb2dVertex
 10
33.21308820986036
 20
3.368635307465723
 30
0.0
  0
VERTEX
  5
36F
330
36A
100
AcDbEntity
  8
inside1_B
100
AcDbVertex
100
AcDb2dVertex
 10
32.7339411673567
 20
3.36813212972973
 30
0.0
  0
VERTEX
  5
370
330
36A
100
AcDbEntity
  8
inside1_B
100
AcDbVertex
100
AcDb2dVertex
 10
32.24379344532389
 20
3.367537475304331
 30
0.0
  0
VERTEX
  5
371
330
36A
100
AcDbEntity
  8
inside1_B
100
AcDbVertex
100
AcDb2dVertex
 10
31.74739104573945
 20
3.366935230240628
 30
0.0
  0
VERTEX
  5
372
330
36A
100
AcDbEntity
  8
inside1_B
100
AcDbVertex
100
AcDb2dVertex
 10
31.24983580931229
 20
3.36613473839482
 30
0.0
  0
VERTEX
  5
373
330
36A
100
AcDbEntity
  8
inside1_B
100
AcDbVertex
100
AcDb2dVertex
 10
30.75512165077288
 20
3.365440985876376
 30
0.0
  0
VERTEX
  5
374
330
36A
100
AcDbEntity
  8
inside1_B
100
AcDbVertex
100
AcDb2dVertex
 10
30.26610427674603
 20
3.364541440292172
 30
0.0
  0
VERTEX
  5
375
330
36A
100
AcDbEntity
  8
inside1_B
100
AcDbVertex
100
AcDb2dVertex
 10
29.78515960154522
 20
3.363641822657442
 30
0.0
  0
VERTEX
  5
376
330
36A
100
AcDbEntity
  8
inside1_B
100
AcDbVertex
100
AcDb2dVertex
 10
29.3151260503725
 20
3.362742251503974
 30
0.0
  0
VERTEX
  5
377
330
36A
100
AcDbEntity
  8
inside1_B
100
AcDbVertex
100
AcDb2dVertex
 10
28.85661866125946
 20
3.36174364027876
 30
0.0
  0
VERTEX
  5
378
330
36A
100
AcDbEntity
  8
inside1_B
100
AcDbVertex
100
AcDb2dVertex
 10
28.40849378859224
 20
3.360638344869201
 30
0.0
  0
VERTEX
  5
379
330
36A
100
AcDbEntity
  8
inside1_B
100
AcDbVertex
100
AcDb2dVertex
 10
27.10969671206539
 20
3.356940870155569
 30
0.0
  0
VERTEX
  5
37A
330
36A
100
AcDbEntity
  8
inside1_B
100
AcDbVertex
100
AcDb2dVertex
 10
26.68682992522662
 20
3.355644948722002
 30
0.0
  0
VERTEX
  5
37B
330
36A
100
AcDbEntity
  8
inside1_B
100
AcDbVertex
100
AcDb2dVertex
 10
26.26645327859791
 20
3.354249842880122
 30
0.0
  0
VERTEX
  5
37C
330
36A
100
AcDbEntity
  8
inside1_B
100
AcDbVertex
100
AcDb2dVertex
 10
25.84697995289361
 20
3.352847125954781
 30
0.0
  0
VERTEX
  5
37D
330
36A
100
AcDbEntity
  8
inside1_B
100
AcDbVertex
100
AcDb2dVertex
 10
25.42732716170093
 20
3.351345371188842
 30
0.0
  0
VERTEX
  5
37E
330
36A
100
AcDbEntity
  8
inside1_B
100
AcDbVertex
100
AcDb2dVertex
 10
25.00666834130965
 20
3.349752139818804
 30
0.0
  0
VERTEX
  5
37F
330
36A
100
AcDbEntity
  8
inside1_B
100
AcDbVertex
100
AcDb2dVertex
 10
24.58429222179137
 20
3.348052084323669
 30
0.0
  0
VERTEX
  5
380
330
36A
100
AcDbEntity
  8
inside1_B
100
AcDbVertex
100
AcDb2dVertex
 10
24.15939692914861
 20
3.346351893153368
 30
0.0
  0
VERTEX
  5
381
330
36A
100
AcDbEntity
  8
inside1_B
100
AcDbVertex
100
AcDb2dVertex
 10
23.73130568095138
 20
3.344651787113236
 30
0.0
  0
VERTEX
  5
382
330
36A
100
AcDbEntity
  8
inside1_B
100
AcDbVertex
100
AcDb2dVertex
 10
23.29935474198732
 20
3.342852690335945
 30
0.0
  0
VERTEX
  5
383
330
36A
100
AcDbEntity
  8
inside1_B
100
AcDbVertex
100
AcDb2dVertex
 10
22.86259808665744
 20
3.340954477545722
 30
0.0
  0
VERTEX
  5
384
330
36A
100
AcDbEntity
  8
inside1_B
100
AcDbVertex
100
AcDb2dVertex
 10
22.42052299955907
 20
3.338957035528338
 30
0.0
  0
VERTEX
  5
385
330
36A
100
AcDbEntity
  8
inside1_B
100
AcDbVertex
100
AcDb2dVertex
 10
21.97353285386515
 20
3.33695950161669
 30
0.0
  0
VERTEX
  5
386
330
36A
100
AcDbEntity
  8
inside1_B
100
AcDbVertex
100
AcDb2dVertex
 10
21.52285734098444
 20
3.3349620561075
 30
0.0
  0
VERTEX
  5
387
330
36A
100
AcDbEntity
  8
inside1_B
100
AcDbVertex
100
AcDb2dVertex
 10
21.06951775196916
 20
3.332865661626798
 30
0.0
  0
VERTEX
  5
388
330
36A
100
AcDbEntity
  8
inside1_B
100
AcDbVertex
100
AcDb2dVertex
 10
20.61479084112392
 20
3.330662542142562
 30
0.0
  0
VERTEX
  5
389
330
36A
100
AcDbEntity
  8
inside1_B
100
AcDbVertex
100
AcDb2dVertex
 10
20.15942786480326
 20
3.328367811590539
 30
0.0
  0
VERTEX
  5
38A
330
36A
100
AcDbEntity
  8
inside1_B
100
AcDbVertex
100
AcDb2dVertex
 10
19.70474908226782
 20
3.326065370251428
 30
0.0
  0
VERTEX
  5
38B
330
36A
100
AcDbEntity
  8
inside1_B
100
AcDbVertex
100
AcDb2dVertex
 10
19.25183055958104
 20
3.323770818876923
 30
0.0
  0
VERTEX
  5
38C
330
36A
100
AcDbEntity
  8
inside1_B
100
AcDbVertex
100
AcDb2dVertex
 10
18.80161118967243
 20
3.321270531833974
 30
0.0
  0
VERTEX
  5
38D
330
36A
100
AcDbEntity
  8
inside1_B
100
AcDbVertex
100
AcDb2dVertex
 10
17.46682935551161
 20
3.31367744782483
 30
0.0
  0
VERTEX
  5
38E
330
36A
100
AcDbEntity
  8
inside1_B
100
AcDbVertex
100
AcDb2dVertex
 10
15.71847375233159
 20
3.302684281554448
 30
0.0
  0
VERTEX
  5
38F
330
36A
100
AcDbEntity
  8
inside1_B
100
AcDbVertex
100
AcDb2dVertex
 10
15.28585416429922
 20
3.299787649714361
 30
0.0
  0
VERTEX
  5
390
330
36A
100
AcDbEntity
  8
inside1_B
100
AcDbVertex
100
AcDb2dVertex
 10
14.85408589051934
 20
3.296791588347119
 30
0.0
  0
VERTEX
  5
391
330
36A
100
AcDbEntity
  8
inside1_B
100
AcDbVertex
100
AcDb2dVertex
 10
14.42271505293496
 20
3.293795533995294
 30
0.0
  0
VERTEX
  5
392
330
36A
100
AcDbEntity
  8
inside1_B
100
AcDbVertex
100
AcDb2dVertex
 10
13.99083951506321
 20
3.290692738868842
 30
0.0
  0
VERTEX
  5
393
330
36A
100
AcDbEntity
  8
inside1_B
100
AcDbVertex
100
AcDb2dVertex
 10
13.55785283207064
 20
3.287597471729171
 30
0.0
  0
VERTEX
  5
394
330
36A
100
AcDbEntity
  8
inside1_B
100
AcDbVertex
100
AcDb2dVertex
 10
13.12311473585549
 20
3.284403334422692
 30
0.0
  0
VERTEX
  5
395
330
36A
100
AcDbEntity
  8
inside1_B
100
AcDbVertex
100
AcDb2dVertex
 10
12.68593573888865
 20
3.281102230459112
 30
0.0
  0
VERTEX
  5
396
330
36A
100
AcDbEntity
  8
inside1_B
100
AcDbVertex
100
AcDb2dVertex
 10
12.24575044040756
 20
3.277808731395353
 30
0.0
  0
VERTEX
  5
397
330
36A
100
AcDbEntity
  8
inside1_B
100
AcDbVertex
100
AcDb2dVertex
 10
11.80217296190534
 20
3.274408560293125
 30
0.0
  0
VERTEX
  5
398
330
36A
100
AcDbEntity
  8
inside1_B
100
AcDbVertex
100
AcDb2dVertex
 10
11.35620613650252
 20
3.271008307015705
 30
0.0
  0
VERTEX
  5
399
330
36A
100
AcDbEntity
  8
inside1_B
100
AcDbVertex
100
AcDb2dVertex
 10
10.90856754702344
 20
3.267516847990137
 30
0.0
  0
VERTEX
  5
39A
330
36A
100
AcDbEntity
  8
inside1_B
100
AcDbVertex
100
AcDb2dVertex
 10
10.46000854846051
 20
3.263918495780317
 30
0.0
  0
VERTEX
  5
39B
330
36A
100
AcDbEntity
  8
inside1_B
100
AcDbVertex
100
AcDb2dVertex
 10
10.01151508664174
 20
3.260319935381901
 30
0.0
  0
VERTEX
  5
39C
330
36A
100
AcDbEntity
  8
inside1_B
100
AcDbVertex
100
AcDb2dVertex
 10
9.56386256599825
 20
3.256721638528973
 30
0.0
  0
VERTEX
  5
39D
330
36A
100
AcDbEntity
  8
inside1_B
100
AcDbVertex
100
AcDb2dVertex
 10
9.117839645277115
 20
3.253024473658868
 30
0.0
  0
VERTEX
  5
39E
330
36A
100
AcDbEntity
  8
inside1_B
100
AcDbVertex
100
AcDb2dVertex
 10
8.674304837445959
 20
3.249228235272028
 30
0.0
  0
VERTEX
  5
39F
330
36A
100
AcDbEntity
  8
inside1_B
100
AcDbVertex
100
AcDb2dVertex
 10
8.233253997904455
 20
3.245332619082916
 30
0.0
  0
VERTEX
  5
3A0
330
36A
100
AcDbEntity
  8
inside1_B
100
AcDbVertex
100
AcDb2dVertex
 10
7.794275583611068
 20
3.241436856982247
 30
0.0
  0
VERTEX
  5
3A1
330
36A
100
AcDbEntity
  8
inside1_B
100
AcDbVertex
100
AcDb2dVertex
 10
7.356899840398398
 20
3.237533622294151
 30
0.0
  0
VERTEX
  5
3A2
330
36A
100
AcDbEntity
  8
inside1_B
100
AcDbVertex
100
AcDb2dVertex
 10
6.920369761291511
 20
3.233539109835164
 30
0.0
  0
VERTEX
  5
3A3
330
36A
100
AcDbEntity
  8
inside1_B
100
AcDbVertex
100
AcDb2dVertex
 10
6.484300799420623
 20
3.229445245630188
 30
0.0
  0
VERTEX
  5
3A4
330
36A
100
AcDbEntity
  8
inside1_B
100
AcDbVertex
100
AcDb2dVertex
 10
6.04803189582384
 20
3.225343741570512
 30
0.0
  0
VERTEX
  5
3A5
330
36A
100
AcDbEntity
  8
inside1_B
100
AcDbVertex
100
AcDb2dVertex
 10
5.611165184145818
 20
3.221150723780795
 30
0.0
  0
VERTEX
  5
3A6
330
36A
100
AcDbEntity
  8
inside1_B
100
AcDbVertex
100
AcDb2dVertex
 10
5.17298246739432
 20
3.21695003692362
 30
0.0
  0
VERTEX
  5
3A7
330
36A
100
AcDbEntity
  8
inside1_B
100
AcDbVertex
100
AcDb2dVertex
 10
4.733506341223517
 20
3.212657890737674
 30
0.0
  0
VERTEX
  5
3A8
330
36A
100
AcDbEntity
  8
inside1_B
100
AcDbVertex
100
AcDb2dVertex
 10
4.2930411571528
 20
3.208358140599813
 30
0.0
  0
VERTEX
  5
3A9
330
36A
100
AcDbEntity
  8
inside1_B
100
AcDbVertex
100
AcDb2dVertex
 10
3.851793912264782
 20
3.203959542412122
 30
0.0
  0
VERTEX
  5
3AA
330
36A
100
AcDbEntity
  8
inside1_B
100
AcDbVertex
100
AcDb2dVertex
 10
3.409927496923444
 20
3.199461592359469
 30
0.0
  0
VERTEX
  5
3AB
330
36A
100
AcDbEntity
  8
inside1_B
100
AcDbVertex
100
AcDb2dVertex
 10
2.967633397648513
 20
3.194970948540089
 30
0.0
  0
VERTEX
  5
3AC
330
36A
100
AcDbEntity
  8
inside1_B
100
AcDbVertex
100
AcDb2dVertex
 10
2.525295703434438
 20
3.190473322629472
 30
0.0
  0
VERTEX
  5
3AD
330
36A
100
AcDbEntity
  8
inside1_B
100
AcDbVertex
100
AcDb2dVertex
 10
2.083071798640674
 20
3.185777571313324
 30
0.0
  0
VERTEX
  5
3AE
330
36A
100
AcDbEntity
  8
inside1_B
100
AcDbVertex
100
AcDb2dVertex
 10
0.7580369391525323
 20
3.171589645550043
 30
0.0
  0
VERTEX
  5
3AF
330
36A
100
AcDbEntity
  8
inside1_B
100
AcDbVertex
100
AcDb2dVertex
 10
-0.1238855117110802
 20
3.161892493329361
 30
0.0
  0
VERTEX
  5
3B0
330
36A
100
AcDbEntity
  8
inside1_B
100
AcDbVertex
100
AcDb2dVertex
 10
-1.004900496564062
 20
3.15200484094585
 30
0.0
  0
VERTEX
  5
3B1
330
36A
100
AcDbEntity
  8
inside1_B
100
AcDbVertex
100
AcDb2dVertex
 10
-1.885333635501695
 20
3.141812101381902
 30
0.0
  0
VERTEX
  5
3B2
330
36A
100
AcDbEntity
  8
inside1_B
100
AcDbVertex
100
AcDb2dVertex
 10
-2.765264139169915
 20
3.131520249049146
 30
0.0
  0
VERTEX
  5
3B3
330
36A
100
AcDbEntity
  8
inside1_B
100
AcDbVertex
100
AcDb2dVertex
 10
-3.644983851812242
 20
3.120923604446432
 30
0.0
  0
VERTEX
  5
3B4
330
36A
100
AcDbEntity
  8
inside1_B
100
AcDbVertex
100
AcDb2dVertex
 10
-4.084851051135331
 20
3.115526086731435
 30
0.0
  0
VERTEX
  5
3B5
330
36A
100
AcDbEntity
  8
inside1_B
100
AcDbVertex
100
AcDb2dVertex
 10
-4.524705518455278
 20
3.110136161773909
 30
0.0
  0
VERTEX
  5
3B6
330
36A
100
AcDbEntity
  8
inside1_B
100
AcDbVertex
100
AcDb2dVertex
 10
-5.40473489044831
 20
3.099143036973899
 30
0.0
  0
VERTEX
  5
3B7
330
36A
100
AcDbEntity
  8
inside1_B
100
AcDbVertex
100
AcDb2dVertex
 10
-6.725138742587717
 20
3.082256614887683
 30
0.0
  0
VERTEX
  5
3B8
330
36A
100
AcDbEntity
  8
inside1_B
100
AcDbVertex
100
AcDb2dVertex
 10
-8.04614386299528
 20
3.064966251349986
 30
0.0
  0
VERTEX
  5
3B9
330
36A
100
AcDbEntity
  8
inside1_B
100
AcDbVertex
100
AcDb2dVertex
 10
-9.367637430176103
 20
3.047180345497779
 30
0.0
  0
VERTEX
  5
3BA
330
36A
100
AcDbEntity
  8
inside1_B
100
AcDbVertex
100
AcDb2dVertex
 10
-10.68954182357112
 20
3.028998023078302
 30
0.0
  0
VERTEX
  5
3BB
330
36A
100
AcDbEntity
  8
inside1_B
100
AcDbVertex
100
AcDb2dVertex
 10
-12.01174389578119
 20
3.010312429255961
 30
0.0
  0
VERTEX
  5
3BC
330
36A
100
AcDbEntity
  8
inside1_B
100
AcDbVertex
100
AcDb2dVertex
 10
-13.33414480931839
 20
2.991321879990295
 30
0.0
  0
VERTEX
  5
3BD
330
36A
100
AcDbEntity
  8
inside1_B
100
AcDbVertex
100
AcDb2dVertex
 10
-14.65674186028428
 20
2.971836047758273
 30
0.0
  0
VERTEX
  5
3BE
330
36A
100
AcDbEntity
  8
inside1_B
100
AcDbVertex
100
AcDb2dVertex
 10
-15.97934048077474
 20
2.951854429735448
 30
0.0
  0
VERTEX
  5
3BF
330
36A
100
AcDbEntity
  8
inside1_B
100
AcDbVertex
100
AcDb2dVertex
 10
-17.30196309794047
 20
2.931567731034235
 30
0.0
  0
VERTEX
  5
3C0
330
36A
100
AcDbEntity
  8
inside1_B
100
AcDbVertex
100
AcDb2dVertex
 10
-18.62446566551085
 20
2.910884807565481
 30
0.0
  0
VERTEX
  5
3C1
330
36A
100
AcDbEntity
  8
inside1_B
100
AcDbVertex
100
AcDb2dVertex
 10
-19.50598359588963
 20
2.896796377786544
 30
0.0
  0
VERTEX
  5
3C2
330
36A
100
AcDbEntity
  8
inside1_B
100
AcDbVertex
100
AcDb2dVertex
 10
-20.38752951906241
 20
2.882608635958803
 30
0.0
  0
VERTEX
  5
3C3
330
36A
100
AcDbEntity
  8
inside1_B
100
AcDbVertex
100
AcDb2dVertex
 10
-21.26898447256264
 20
2.868215045297944
 30
0.0
  0
VERTEX
  5
3C4
330
36A
100
AcDbEntity
  8
inside1_B
100
AcDbVertex
100
AcDb2dVertex
 10
-22.15021306256114
 20
2.853730181976985
 30
0.0
  0
VERTEX
  5
3C5
330
36A
100
AcDbEntity
  8
inside1_B
100
AcDbVertex
100
AcDb2dVertex
 10
-23.0315611554002
 20
2.838940159831864
 30
0.0
  0
VERTEX
  5
3C6
330
36A
100
AcDbEntity
  8
inside1_B
100
AcDbVertex
100
AcDb2dVertex
 10
-23.91269562572649
 20
2.824150140341487
 30
0.0
  0
VERTEX
  5
3C7
330
36A
100
AcDbEntity
  8
inside1_B
100
AcDbVertex
100
AcDb2dVertex
 10
-24.79383196020609
 20
2.809063024872245
 30
0.0
  0
VERTEX
  5
3C8
330
36A
100
AcDbEntity
  8
inside1_B
100
AcDbVertex
100
AcDb2dVertex
 10
-25.67498210701757
 20
2.793868940752191
 30
0.0
  0
VERTEX
  5
3C9
330
36A
100
AcDbEntity
  8
inside1_B
100
AcDbVertex
100
AcDb2dVertex
 10
-26.55591881260654
 20
2.778484263101618
 30
0.0
  0
VERTEX
  5
3CA
330
36A
100
AcDbEntity
  8
inside1_B
100
AcDbVertex
100
AcDb2dVertex
 10
-27.43687020066324
 20
2.762992863232029
 30
0.0
  0
VERTEX
  5
3CB
330
36A
100
AcDbEntity
  8
inside1_B
100
AcDbVertex
100
AcDb2dVertex
 10
-28.31780710928575
 20
2.747303232953499
 30
0.0
  0
VERTEX
  5
3CC
330
36A
100
AcDbEntity
  8
inside1_B
100
AcDbVertex
100
AcDb2dVertex
 10
-29.19866588931978
 20
2.731514254820809
 30
0.0
  0
VERTEX
  5
3CD
330
36A
100
AcDbEntity
  8
inside1_B
100
AcDbVertex
100
AcDb2dVertex
 10
-30.07951133741227
 20
2.71562640720245
 30
0.0
  0
VERTEX
  5
3CE
330
36A
100
AcDbEntity
  8
inside1_B
100
AcDbVertex
100
AcDb2dVertex
 10
-30.96025166460828
 20
2.699540591725821
 30
0.0
  0
VERTEX
  5
3CF
330
36A
100
AcDbEntity
  8
inside1_B
100
AcDbVertex
100
AcDb2dVertex
 10
-31.84088283478656
 20
2.683256325333573
 30
0.0
  0
VERTEX
  5
3D0
330
36A
100
AcDbEntity
  8
inside1_B
100
AcDbVertex
100
AcDb2dVertex
 10
-32.72164935250208
 20
2.666865078076739
 30
0.0
  0
VERTEX
  5
3D1
330
36A
100
AcDbEntity
  8
inside1_B
100
AcDbVertex
100
AcDb2dVertex
 10
-33.60231060875282
 20
2.650374693385089
 30
0.0
  0
VERTEX
  5
3D2
330
36A
100
AcDbEntity
  8
inside1_B
100
AcDbVertex
100
AcDb2dVertex
 10
-34.48285103763334
 20
2.633793087906184
 30
0.0
  0
VERTEX
  5
3D3
330
36A
100
AcDbEntity
  8
inside1_B
100
AcDbVertex
100
AcDb2dVertex
 10
-35.36340404063009
 20
2.61700540208281
 30
0.0
  0
VERTEX
  5
3D4
330
36A
100
AcDbEntity
  8
inside1_B
100
AcDbVertex
100
AcDb2dVertex
 10
-35.80368305097323
 20
2.608611802027568
 30
0.0
  0
VERTEX
  5
3D5
330
36A
100
AcDbEntity
  8
inside1_B
100
AcDbVertex
100
AcDb2dVertex
 10
-36.24394665687765
 20
2.600119098010637
 30
0.0
  0
VERTEX
  5
3D6
330
36A
100
AcDbEntity
  8
inside1_B
100
AcDbVertex
100
AcDb2dVertex
 10
-36.68423289993717
 20
2.591618333282284
 30
0.0
  0
VERTEX
  5
3D7
330
36A
100
AcDbEntity
  8
inside1_B
100
AcDbVertex
100
AcDb2dVertex
 10
-37.12450068585241
 20
2.583125548597252
 30
0.0
  0
VERTEX
  5
3D8
330
36A
100
AcDbEntity
  8
inside1_B
100
AcDbVertex
100
AcDb2dVertex
 10
-37.56476437033285
 20
2.574533736088
 30
0.0
  0
VERTEX
  5
3D9
330
36A
100
AcDbEntity
  8
inside1_B
100
AcDbVertex
100
AcDb2dVertex
 10
-38.00496226538559
 20
2.565941422051552
 30
0.0
  0
VERTEX
  5
3DA
330
36A
100
AcDbEntity
  8
inside1_B
100
AcDbVertex
100
AcDb2dVertex
 10
-38.44522486002671
 20
2.55734963080873
 30
0.0
  0
VERTEX
  5
3DB
330
36A
100
AcDbEntity
  8
inside1_B
100
AcDbVertex
100
AcDb2dVertex
 10
-38.88548649409159
 20
2.548651128220541
 30
0.0
  0
VERTEX
  5
3DC
330
36A
100
AcDbEntity
  8
inside1_B
100
AcDbVertex
100
AcDb2dVertex
 10
-39.32568847957151
 20
2.539959620640758
 30
0.0
  0
VERTEX
  5
3DD
330
36A
100
AcDbEntity
  8
inside1_B
100
AcDbVertex
100
AcDb2dVertex
 10
-39.76597979601303
 20
2.531268155690825
 30
0.0
  0
VERTEX
  5
3DE
330
36A
100
AcDbEntity
  8
inside1_B
100
AcDbVertex
100
AcDb2dVertex
 10
-40.20613420774094
 20
2.522569662772668
 30
0.0
  0
VERTEX
  5
3DF
330
36A
100
AcDbEntity
  8
inside1_B
100
AcDbVertex
100
AcDb2dVertex
 10
-40.6464158410825
 20
2.513779582372976
 30
0.0
  0
VERTEX
  5
3E0
330
36A
100
AcDbEntity
  8
inside1_B
100
AcDbVertex
100
AcDb2dVertex
 10
-41.08659403579719
 20
2.50498150768351
 30
0.0
  0
VERTEX
  5
3E1
330
36A
100
AcDbEntity
  8
inside1_B
100
AcDbVertex
100
AcDb2dVertex
 10
-41.52686042224155
 20
2.496191427217198
 30
0.0
  0
VERTEX
  5
3E2
330
36A
100
AcDbEntity
  8
inside1_B
100
AcDbVertex
100
AcDb2dVertex
 10
-41.96705878657536
 20
2.487294141353857
 30
0.0
  0
VERTEX
  5
3E3
330
36A
100
AcDbEntity
  8
inside1_B
100
AcDbVertex
100
AcDb2dVertex
 10
-42.40726019040954
 20
2.478503531727256
 30
0.0
  0
VERTEX
  5
3E4
330
36A
100
AcDbEntity
  8
inside1_B
100
AcDbVertex
100
AcDb2dVertex
 10
-42.84749507106363
 20
2.469614979851187
 30
0.0
  0
VERTEX
  5
3E5
330
36A
100
AcDbEntity
  8
inside1_B
100
AcDbVertex
100
AcDb2dVertex
 10
-43.2876767108533
 20
2.460618611295146
 30
0.0
  0
VERTEX
  5
3E6
330
36A
100
AcDbEntity
  8
inside1_B
100
AcDbVertex
100
AcDb2dVertex
 10
-43.72798435481678
 20
2.451721274051323
 30
0.0
  0
VERTEX
  5
3E7
330
36A
100
AcDbEntity
  8
inside1_B
100
AcDbVertex
100
AcDb2dVertex
 10
-44.16814268520881
 20
2.442733005526776
 30
0.0
  0
VERTEX
  5
3E8
330
36A
100
AcDbEntity
  8
inside1_B
100
AcDbVertex
100
AcDb2dVertex
 10
-44.60831145072922
 20
2.433737211678704
 30
0.0
  0
VERTEX
  5
3E9
330
36A
100
AcDbEntity
  8
inside1_B
100
AcDbVertex
100
AcDb2dVertex
 10
-45.0486038465063
 20
2.424641647554679
 30
0.0
  0
VERTEX
  5
3EA
330
36A
100
AcDbEntity
  8
inside1_B
100
AcDbVertex
100
AcDb2dVertex
 10
-45.4888021090631
 20
2.415652874968956
 30
0.0
  0
VERTEX
  5
3EB
330
36A
100
AcDbEntity
  8
inside1_B
100
AcDbVertex
100
AcDb2dVertex
 10
-45.92895691688437
 20
2.406557948307409
 30
0.0
  0
VERTEX
  5
3EC
330
36A
100
AcDbEntity
  8
inside1_B
100
AcDbVertex
100
AcDb2dVertex
 10
-46.36924844797301
 20
2.397462402043175
 30
0.0
  0
VERTEX
  5
3ED
330
36A
100
AcDbEntity
  8
inside1_B
100
AcDbVertex
100
AcDb2dVertex
 10
-46.80941962316575
 20
2.388367452233155
 30
0.0
  0
VERTEX
  5
3EE
330
36A
100
AcDbEntity
  8
inside1_B
100
AcDbVertex
100
AcDb2dVertex
 10
-47.24959181538526
 20
2.37917337443659
 30
0.0
  0
VERTEX
  5
3EF
330
36A
100
AcDbEntity
  8
inside1_B
100
AcDbVertex
100
AcDb2dVertex
 10
-47.68988728923142
 20
2.369986256701679
 30
0.0
  0
VERTEX
  5
3F0
330
36A
100
AcDbEntity
  8
inside1_B
100
AcDbVertex
100
AcDb2dVertex
 10
-48.13006559629076
 20
2.360791732631128
 30
0.0
  0
VERTEX
  5
3F1
330
36A
100
AcDbEntity
  8
inside1_B
100
AcDbVertex
100
AcDb2dVertex
 10
-48.57032996302297
 20
2.35159764039814
 30
0.0
  0
VERTEX
  5
3F2
330
36A
100
AcDbEntity
  8
inside1_B
100
AcDbVertex
100
AcDb2dVertex
 10
-49.01052881878405
 20
2.342303892689998
 30
0.0
  0
VERTEX
  5
3F3
330
36A
100
AcDbEntity
  8
inside1_B
100
AcDbVertex
100
AcDb2dVertex
 10
-49.45081916344799
 20
2.333109257959876
 30
0.0
  0
VERTEX
  5
3F4
330
36A
100
AcDbEntity
  8
inside1_B
100
AcDbVertex
100
AcDb2dVertex
 10
-49.89099084205264
 20
2.323816084032501
 30
0.0
  0
VERTEX
  5
3F5
330
36A
100
AcDbEntity
  8
inside1_B
100
AcDbVertex
100
AcDb2dVertex
 10
-50.33128222574948
 20
2.314522314389919
 30
0.0
  0
VERTEX
  5
3F6
330
36A
100
AcDbEntity
  8
inside1_B
100
AcDbVertex
100
AcDb2dVertex
 10
-50.77145390460515
 20
2.305229140454969
 30
0.0
  0
VERTEX
  5
3F7
330
36A
100
AcDbEntity
  8
inside1_B
100
AcDbVertex
100
AcDb2dVertex
 10
-51.21171811154278
 20
2.295836837373628
 30
0.0
  0
VERTEX
  5
3F8
330
36A
100
AcDbEntity
  8
inside1_B
100
AcDbVertex
100
AcDb2dVertex
 10
-51.65190049399581
 20
2.286444002827324
 30
0.0
  0
VERTEX
  5
3F9
330
36A
100
AcDbEntity
  8
inside1_B
100
AcDbVertex
100
AcDb2dVertex
 10
-52.09220748694185
 20
2.277051112268595
 30
0.0
  0
VERTEX
  5
3FA
330
36A
100
AcDbEntity
  8
inside1_B
100
AcDbVertex
100
AcDb2dVertex
 10
-52.53238969442106
 20
2.267658281454999
 30
0.0
  0
VERTEX
  5
3FB
330
36A
100
AcDbEntity
  8
inside1_B
100
AcDbVertex
100
AcDb2dVertex
 10
-52.97268126424257
 20
2.258265394628978
 30
0.0
  0
VERTEX
  5
3FC
330
36A
100
AcDbEntity
  8
inside1_B
100
AcDbVertex
100
AcDb2dVertex
 10
-53.41294442133477
 20
2.248873113944342
 30
0.0
  0
VERTEX
  5
3FD
330
36A
100
AcDbEntity
  8
inside1_B
100
AcDbVertex
100
AcDb2dVertex
 10
-53.85311608963963
 20
2.23938172652116
 30
0.0
  0
VERTEX
  5
3FE
330
36A
100
AcDbEntity
  8
inside1_B
100
AcDbVertex
100
AcDb2dVertex
 10
-54.29340339443303
 20
2.229882194349742
 30
0.0
  0
VERTEX
  5
3FF
330
36A
100
AcDbEntity
  8
inside1_B
100
AcDbVertex
100
AcDb2dVertex
 10
-54.73360529006487
 20
2.220390155117556
 30
0.0
  0
VERTEX
  5
400
330
36A
100
AcDbEntity
  8
inside1_B
100
AcDbVertex
100
AcDb2dVertex
 10
-55.17389669589267
 20
2.210898158573954
 30
0.0
  0
VERTEX
  5
401
330
36A
100
AcDbEntity
  8
inside1_B
100
AcDbVertex
100
AcDb2dVertex
 10
-55.61415833345092
 20
2.201406803790235
 30
0.0
  0
VERTEX
  5
402
330
36A
100
AcDbEntity
  8
inside1_B
100
AcDbVertex
100
AcDb2dVertex
 10
-56.05444814751132
 20
2.191808104640415
 30
0.0
  0
VERTEX
  5
403
330
36A
100
AcDbEntity
  8
inside1_B
100
AcDbVertex
100
AcDb2dVertex
 10
-56.49464905377459
 20
2.182316086761404
 30
0.0
  0
VERTEX
  5
404
330
36A
100
AcDbEntity
  8
inside1_B
100
AcDbVertex
100
AcDb2dVertex
 10
-56.93491327255725
 20
2.172725569233648
 30
0.0
  0
VERTEX
  5
405
330
36A
100
AcDbEntity
  8
inside1_B
100
AcDbVertex
100
AcDb2dVertex
 10
-57.37520361722119
 20
2.163134482591431
 30
0.0
  0
VERTEX
  5
406
330
36A
100
AcDbEntity
  8
inside1_B
100
AcDbVertex
100
AcDb2dVertex
 10
-57.8153972989283
 20
2.153535884639794
 30
0.0
  0
VERTEX
  5
407
330
36A
100
AcDbEntity
  8
inside1_B
100
AcDbVertex
100
AcDb2dVertex
 10
-58.25569281764643
 20
2.143944685231787
 30
0.0
  0
VERTEX
  5
408
330
36A
100
AcDbEntity
  8
inside1_B
100
AcDbVertex
100
AcDb2dVertex
 10
-58.69595445563851
 20
2.134354223922813
 30
0.0
  0
VERTEX
  5
409
330
36A
100
AcDbEntity
  8
inside1_B
100
AcDbVertex
100
AcDb2dVertex
 10
-59.13624426417283
 20
2.124656412036131
 30
0.0
  0
VERTEX
  5
40A
330
36A
100
AcDbEntity
  8
inside1_B
100
AcDbVertex
100
AcDb2dVertex
 10
-59.57644517039063
 20
2.115065280718426
 30
0.0
  0
VERTEX
  5
40B
330
36A
100
AcDbEntity
  8
inside1_B
100
AcDbVertex
100
AcDb2dVertex
 10
-60.01670939509501
 20
2.105375655963456
 30
0.0
  0
VERTEX
  5
40C
330
36A
100
AcDbEntity
  8
inside1_B
100
AcDbVertex
100
AcDb2dVertex
 10
-60.4570243453914
 20
2.095677290269464
 30
0.0
  0
VERTEX
  5
40D
330
36A
100
AcDbEntity
  8
inside1_B
100
AcDbVertex
100
AcDb2dVertex
 10
-60.89731683075553
 20
2.086086156995222
 30
0.0
  0
VERTEX
  5
40E
330
36A
100
AcDbEntity
  8
inside1_B
100
AcDbVertex
100
AcDb2dVertex
 10
-61.33756642236477
 20
2.076397189843689
 30
0.0
  0
VERTEX
  5
40F
330
36A
100
AcDbEntity
  8
inside1_B
100
AcDbVertex
100
AcDb2dVertex
 10
-61.77774993970985
 20
2.066600255179196
 30
0.0
  0
VERTEX
  5
410
330
36A
100
AcDbEntity
  8
inside1_B
100
AcDbVertex
100
AcDb2dVertex
 10
-62.21806962951206
 20
2.056909409711878
 30
0.0
  0
VERTEX
  5
411
330
36A
100
AcDbEntity
  8
inside1_B
100
AcDbVertex
100
AcDb2dVertex
 10
-62.65834660635693
 20
2.047212216256753
 30
0.0
  0
VERTEX
  5
412
330
36A
100
AcDbEntity
  8
inside1_B
100
AcDbVertex
100
AcDb2dVertex
 10
-63.09863686070759
 20
2.037422905666517
 30
0.0
  0
VERTEX
  5
413
330
36A
100
AcDbEntity
  8
inside1_B
100
AcDbVertex
100
AcDb2dVertex
 10
-63.53892656696149
 20
2.027725096032654
 30
0.0
  0
VERTEX
  5
414
330
36A
100
AcDbEntity
  8
inside1_B
100
AcDbVertex
100
AcDb2dVertex
 10
-63.97911231529389
 20
2.017935735826569
 30
0.0
  0
VERTEX
  5
415
330
36A
100
AcDbEntity
  8
inside1_B
100
AcDbVertex
100
AcDb2dVertex
 10
-64.41941649608981
 20
2.008245567281904
 30
0.0
  0
VERTEX
  5
416
330
36A
100
AcDbEntity
  8
inside1_B
100
AcDbVertex
100
AcDb2dVertex
 10
-64.85967804437843
 20
1.998449271358936
 30
0.0
  0
VERTEX
  5
417
330
36A
100
AcDbEntity
  8
inside1_B
100
AcDbVertex
100
AcDb2dVertex
 10
-65.29997248989486
 20
1.988659867547796
 30
0.0
  0
VERTEX
  5
418
330
36A
100
AcDbEntity
  8
inside1_B
100
AcDbVertex
100
AcDb2dVertex
 10
-65.7402587337063
 20
1.978863022087225
 30
0.0
  0
VERTEX
  5
419
330
36A
100
AcDbEntity
  8
inside1_B
100
AcDbVertex
100
AcDb2dVertex
 10
-66.18055317922295
 20
1.969073618276084
 30
0.0
  0
VERTEX
  5
41A
330
36A
100
AcDbEntity
  8
inside1_B
100
AcDbVertex
100
AcDb2dVertex
 10
-66.6208394230344
 20
1.959276772815514
 30
0.0
  0
VERTEX
  5
41B
330
36A
100
AcDbEntity
  8
inside1_B
100
AcDbVertex
100
AcDb2dVertex
 10
-67.06114929904999
 20
1.949487364950144
 30
0.0
  0
VERTEX
  5
41C
330
36A
100
AcDbEntity
  8
inside1_B
100
AcDbVertex
100
AcDb2dVertex
 10
-67.50143536051274
 20
1.939690523543788
 30
0.0
  0
VERTEX
  5
41D
330
36A
100
AcDbEntity
  8
inside1_B
100
AcDbVertex
100
AcDb2dVertex
 10
-67.94162179218239
 20
1.929901148124003
 30
0.0
  0
VERTEX
  5
41E
330
36A
100
AcDbEntity
  8
inside1_B
100
AcDbVertex
100
AcDb2dVertex
 10
-68.38189799678781
 20
1.920104865332604
 30
0.0
  0
VERTEX
  5
41F
330
36A
100
AcDbEntity
  8
inside1_B
100
AcDbVertex
100
AcDb2dVertex
 10
-68.82219030062998
 20
1.910208771646253
 30
0.0
  0
VERTEX
  5
420
330
36A
100
AcDbEntity
  8
inside1_B
100
AcDbVertex
100
AcDb2dVertex
 10
-69.26250935111835
 20
1.900418820809435
 30
0.0
  0
VERTEX
  5
421
330
36A
100
AcDbEntity
  8
inside1_B
100
AcDbVertex
100
AcDb2dVertex
 10
-69.70277098994103
 20
1.89062252283648
 30
0.0
  0
VERTEX
  5
422
330
36A
100
AcDbEntity
  8
inside1_B
100
AcDbVertex
100
AcDb2dVertex
 10
-70.14306133460497
 20
1.88073409726023
 30
0.0
  0
VERTEX
  5
423
330
36A
100
AcDbEntity
  8
inside1_B
100
AcDbVertex
100
AcDb2dVertex
 10
-70.58335177136843
 20
1.870937158537444
 30
0.0
  0
VERTEX
  5
424
330
36A
100
AcDbEntity
  8
inside1_B
100
AcDbVertex
100
AcDb2dVertex
 10
-71.02365736418284
 20
1.861048732961166
 30
0.0
  0
VERTEX
  5
425
330
36A
100
AcDbEntity
  8
inside1_B
100
AcDbVertex
100
AcDb2dVertex
 10
-71.46394761674725
 20
1.851251798337003
 30
0.0
  0
VERTEX
  5
426
330
36A
100
AcDbEntity
  8
inside1_B
100
AcDbVertex
100
AcDb2dVertex
 10
-71.90423796141118
 20
1.841363372760753
 30
0.0
  0
VERTEX
  5
427
330
36A
100
AcDbEntity
  8
inside1_B
100
AcDbVertex
100
AcDb2dVertex
 10
-72.34455291106389
 20
1.831565888599641
 30
0.0
  0
VERTEX
  5
428
330
36A
100
AcDbEntity
  8
inside1_B
100
AcDbVertex
100
AcDb2dVertex
 10
-72.78481865075611
 20
1.82177712302709
 30
0.0
  0
VERTEX
  5
429
330
36A
100
AcDbEntity
  8
inside1_B
100
AcDbVertex
100
AcDb2dVertex
 10
-73.22510694499675
 20
1.811881119461304
 30
0.0
  0
VERTEX
  5
42A
330
36A
100
AcDbEntity
  8
inside1_B
100
AcDbVertex
100
AcDb2dVertex
 10
-73.66539943216668
 20
1.802084135114754
 30
0.0
  0
VERTEX
  5
42B
330
36A
100
AcDbEntity
  8
inside1_B
100
AcDbVertex
100
AcDb2dVertex
 10
-74.10570502498109
 20
1.79219570953849
 30
0.0
  0
VERTEX
  5
42C
330
36A
100
AcDbEntity
  8
inside1_B
100
AcDbVertex
100
AcDb2dVertex
 10
-74.54599463268761
 20
1.782398789263112
 30
0.0
  0
VERTEX
  5
42D
330
36A
100
AcDbEntity
  8
inside1_B
100
AcDbVertex
100
AcDb2dVertex
 10
-74.9861783315435
 20
1.772510361637075
 30
0.0
  0
VERTEX
  5
42E
330
36A
100
AcDbEntity
  8
inside1_B
100
AcDbVertex
100
AcDb2dVertex
 10
-75.42648456921557
 20
1.762713410615319
 30
0.0
  0
VERTEX
  5
42F
330
36A
100
AcDbEntity
  8
inside1_B
100
AcDbVertex
100
AcDb2dVertex
 10
-75.86677482263445
 20
1.752824987088317
 30
0.0
  0
VERTEX
  5
430
330
36A
100
AcDbEntity
  8
inside1_B
100
AcDbVertex
100
AcDb2dVertex
 10
-76.30706311689215
 20
1.743028096038614
 30
0.0
  0
VERTEX
  5
431
330
36A
100
AcDbEntity
  8
inside1_B
100
AcDbVertex
100
AcDb2dVertex
 10
-76.74735551197938
 20
1.733132000301424
 30
0.0
  0
VERTEX
  5
432
330
36A
100
AcDbEntity
  8
inside1_B
100
AcDbVertex
100
AcDb2dVertex
 10
-77.18767456246752
 20
1.723342049464591
 30
0.0
  0
VERTEX
  5
433
330
36A
100
AcDbEntity
  8
inside1_B
100
AcDbVertex
100
AcDb2dVertex
 10
-77.62793629338995
 20
1.713545749442318
 30
0.0
  0
VERTEX
  5
434
330
36A
100
AcDbEntity
  8
inside1_B
100
AcDbVertex
100
AcDb2dVertex
 10
-78.06824188620436
 20
1.703657323866068
 30
0.0
  0
VERTEX
  5
435
330
36A
100
AcDbEntity
  8
inside1_B
100
AcDbVertex
100
AcDb2dVertex
 10
-78.50855674375731
 20
1.693859841754275
 30
0.0
  0
VERTEX
  5
436
330
36A
100
AcDbEntity
  8
inside1_B
100
AcDbVertex
100
AcDb2dVertex
 10
-78.94885118927397
 20
1.684070437943134
 30
0.0
  0
VERTEX
  5
437
330
36A
100
AcDbEntity
  8
inside1_B
100
AcDbVertex
100
AcDb2dVertex
 10
-79.38913743308541
 20
1.67427359248255
 30
0.0
  0
VERTEX
  5
438
330
36A
100
AcDbEntity
  8
inside1_B
100
AcDbVertex
100
AcDb2dVertex
 10
-79.82943187860184
 20
1.664484188671409
 30
0.0
  0
VERTEX
  5
439
330
36A
100
AcDbEntity
  8
inside1_B
100
AcDbVertex
100
AcDb2dVertex
 10
-80.26971812241328
 20
1.654687343210838
 30
0.0
  0
VERTEX
  5
43A
330
36A
100
AcDbEntity
  8
inside1_B
100
AcDbVertex
100
AcDb2dVertex
 10
-80.71002799842887
 20
1.644897935345469
 30
0.0
  0
VERTEX
  5
43B
330
36A
100
AcDbEntity
  8
inside1_B
100
AcDbVertex
100
AcDb2dVertex
 10
-81.15031405989163
 20
1.635101093939113
 30
0.0
  0
VERTEX
  5
43C
330
36A
100
AcDbEntity
  8
inside1_B
100
AcDbVertex
100
AcDb2dVertex
 10
-81.59070108821317
 20
1.625311665808937
 30
0.0
  0
VERTEX
  5
43D
330
36A
100
AcDbEntity
  8
inside1_B
100
AcDbVertex
100
AcDb2dVertex
 10
-82.03100166876317
 20
1.615514840606863
 30
0.0
  0
VERTEX
  5
43E
330
36A
100
AcDbEntity
  8
inside1_B
100
AcDbVertex
100
AcDb2dVertex
 10
-82.47132053702086
 20
1.605724893789287
 30
0.0
  0
VERTEX
  5
43F
330
36A
100
AcDbEntity
  8
inside1_B
100
AcDbVertex
100
AcDb2dVertex
 10
-82.9116108816848
 20
1.596027070093825
 30
0.0
  0
VERTEX
  5
440
330
36A
100
AcDbEntity
  8
inside1_B
100
AcDbVertex
100
AcDb2dVertex
 10
-83.35187662111713
 20
1.586238304562556
 30
0.0
  0
VERTEX
  5
441
330
36A
100
AcDbEntity
  8
inside1_B
100
AcDbVertex
100
AcDb2dVertex
 10
-83.7921915710395
 20
1.576440820359949
 30
0.0
  0
VERTEX
  5
442
330
36A
100
AcDbEntity
  8
inside1_B
100
AcDbVertex
100
AcDb2dVertex
 10
-84.2325106219576
 20
1.566749988953603
 30
0.0
  0
VERTEX
  5
443
330
36A
100
AcDbEntity
  8
inside1_B
100
AcDbVertex
100
AcDb2dVertex
 10
-84.67281639527693
 20
1.557059785360764
 30
0.0
  0
VERTEX
  5
444
330
36A
100
AcDbEntity
  8
inside1_B
100
AcDbVertex
100
AcDb2dVertex
 10
-85.11307785315495
 20
1.547362597886206
 30
0.0
  0
VERTEX
  5
445
330
36A
100
AcDbEntity
  8
inside1_B
100
AcDbVertex
100
AcDb2dVertex
 10
-85.55336882995317
 20
1.537573271233242
 30
0.0
  0
VERTEX
  5
446
330
36A
100
AcDbEntity
  8
inside1_B
100
AcDbVertex
100
AcDb2dVertex
 10
-85.99379114916889
 20
1.527874891792024
 30
0.0
  0
VERTEX
  5
447
330
36A
100
AcDbEntity
  8
inside1_B
100
AcDbVertex
100
AcDb2dVertex
 10
-86.4341109865739
 20
1.518184043059165
 30
0.0
  0
VERTEX
  5
448
330
36A
100
AcDbEntity
  8
inside1_B
100
AcDbVertex
100
AcDb2dVertex
 10
-86.87439928077748
 20
1.50859300108327
 30
0.0
  0
VERTEX
  5
449
330
36A
100
AcDbEntity
  8
inside1_B
100
AcDbVertex
100
AcDb2dVertex
 10
-87.31466091889507
 20
1.49889580967745
 30
0.0
  0
VERTEX
  5
44A
330
36A
100
AcDbEntity
  8
inside1_B
100
AcDbVertex
100
AcDb2dVertex
 10
-87.7549805957704
 20
1.489204964459105
 30
0.0
  0
VERTEX
  5
44B
330
36A
100
AcDbEntity
  8
inside1_B
100
AcDbVertex
100
AcDb2dVertex
 10
-88.19540290888318
 20
1.479605703808716
 30
0.0
  0
VERTEX
  5
44C
330
36A
100
AcDbEntity
  8
inside1_B
100
AcDbVertex
100
AcDb2dVertex
 10
-88.6356694469469
 20
1.470015135741633
 30
0.0
  0
VERTEX
  5
44D
330
36A
100
AcDbEntity
  8
inside1_B
100
AcDbVertex
100
AcDb2dVertex
 10
-89.07595774114071
 20
1.460324981249514
 30
0.0
  0
VERTEX
  5
44E
330
36A
100
AcDbEntity
  8
inside1_B
100
AcDbVertex
100
AcDb2dVertex
 10
-89.51627269151192
 20
1.450725734106356
 30
0.0
  0
VERTEX
  5
44F
330
36A
100
AcDbEntity
  8
inside1_B
100
AcDbVertex
100
AcDb2dVertex
 10
-89.95670115586842
 20
1.441133963944097
 30
0.0
  0
VERTEX
  5
450
330
36A
100
AcDbEntity
  8
inside1_B
100
AcDbVertex
100
AcDb2dVertex
 10
-90.39699087535456
 20
1.431642003757773
 30
0.0
  0
VERTEX
  5
451
330
36A
100
AcDbEntity
  8
inside1_B
100
AcDbVertex
100
AcDb2dVertex
 10
-90.83725456353142
 20
1.422051497788487
 30
0.0
  0
VERTEX
  5
452
330
36A
100
AcDbEntity
  8
inside1_B
100
AcDbVertex
100
AcDb2dVertex
 10
-91.27767687691954
 20
1.412452237114948
 30
0.0
  0
VERTEX
  5
453
330
36A
100
AcDbEntity
  8
inside1_B
100
AcDbVertex
100
AcDb2dVertex
 10
-91.71799530300092
 20
1.40295965805916
 30
0.0
  0
VERTEX
  5
454
330
36A
100
AcDbEntity
  8
inside1_B
100
AcDbVertex
100
AcDb2dVertex
 10
-92.15839362218577
 20
1.39346765772035
 30
0.0
  0
VERTEX
  5
455
330
36A
100
AcDbEntity
  8
inside1_B
100
AcDbVertex
100
AcDb2dVertex
 10
-92.59868272938212
 20
1.383975710730809
 30
0.0
  0
VERTEX
  5
456
330
36A
100
AcDbEntity
  8
inside1_B
100
AcDbVertex
100
AcDb2dVertex
 10
-93.03897307404605
 20
1.374483737066612
 30
0.0
  0
VERTEX
  5
457
330
36A
100
AcDbEntity
  8
inside1_B
100
AcDbVertex
100
AcDb2dVertex
 10
-93.47939538084887
 20
1.364991219717467
 30
0.0
  0
VERTEX
  5
458
330
36A
100
AcDbEntity
  8
inside1_B
100
AcDbVertex
100
AcDb2dVertex
 10
-93.91968572551292
 20
1.355590734956067
 30
0.0
  0
VERTEX
  5
459
330
36A
100
AcDbEntity
  8
inside1_B
100
AcDbVertex
100
AcDb2dVertex
 10
-94.36008485775648
 20
1.346098717096453
 30
0.0
  0
VERTEX
  5
45A
330
36A
100
AcDbEntity
  8
inside1_B
100
AcDbVertex
100
AcDb2dVertex
 10
-94.80040124067244
 20
1.336705300927576
 30
0.0
  0
VERTEX
  5
45B
330
36A
100
AcDbEntity
  8
inside1_B
100
AcDbVertex
100
AcDb2dVertex
 10
-95.24079954695372
 20
1.327312414120556
 30
0.0
  0
VERTEX
  5
45C
330
36A
100
AcDbEntity
  8
inside1_B
100
AcDbVertex
100
AcDb2dVertex
 10
-95.68108866705364
 20
1.317919579555252
 30
0.0
  0
VERTEX
  5
45D
330
36A
100
AcDbEntity
  8
inside1_B
100
AcDbVertex
100
AcDb2dVertex
 10
-96.12151353759845
 20
1.308526126181278
 30
0.0
  0
VERTEX
  5
45E
330
36A
100
AcDbEntity
  8
inside1_B
100
AcDbVertex
100
AcDb2dVertex
 10
-96.56192193557098
 20
1.299231817862164
 30
0.0
  0
VERTEX
  5
45F
330
36A
100
AcDbEntity
  8
inside1_B
100
AcDbVertex
100
AcDb2dVertex
 10
-97.0022266629141
 20
1.289938088420371
 30
0.0
  0
VERTEX
  5
460
330
36A
100
AcDbEntity
  8
inside1_B
100
AcDbVertex
100
AcDb2dVertex
 10
-97.44260936195207
 20
1.28064432244588
 30
0.0
  0
VERTEX
  5
461
330
36A
100
AcDbEntity
  8
inside1_B
100
AcDbVertex
100
AcDb2dVertex
 10
-97.88300661672764
 20
1.271350571085605
 30
0.0
  0
VERTEX
  5
462
330
36A
100
AcDbEntity
  8
inside1_B
100
AcDbVertex
100
AcDb2dVertex
 10
-98.32332300670572
 20
1.262056273604003
 30
0.0
  0
VERTEX
  5
463
330
36A
100
AcDbEntity
  8
inside1_B
100
AcDbVertex
100
AcDb2dVertex
 10
-98.76372069427106
 20
1.252861626224941
 30
0.0
  0
VERTEX
  5
464
330
36A
100
AcDbEntity
  8
inside1_B
100
AcDbVertex
100
AcDb2dVertex
 10
-99.20411769040567
 20
1.243567880322857
 30
0.0
  0
VERTEX
  5
465
330
36A
100
AcDbEntity
  8
inside1_B
100
AcDbVertex
100
AcDb2dVertex
 10
-99.64452608966445
 20
1.23437269093354
 30
0.0
  0
VERTEX
  5
466
330
36A
100
AcDbEntity
  8
inside1_B
100
AcDbVertex
100
AcDb2dVertex
 10
-100.0848447083297
 20
1.225185090299021
 30
0.0
  0
VERTEX
  5
467
330
36A
100
AcDbEntity
  8
inside1_B
100
AcDbVertex
100
AcDb2dVertex
 10
-100.525240338822
 20
1.216089598519062
 30
0.0
  0
VERTEX
  5
468
330
36A
100
AcDbEntity
  8
inside1_B
100
AcDbVertex
100
AcDb2dVertex
 10
-100.9656373782128
 20
1.206894964672628
 30
0.0
  0
VERTEX
  5
469
330
36A
100
AcDbEntity
  8
inside1_B
100
AcDbVertex
100
AcDb2dVertex
 10
-101.4060534451733
 20
1.197798893348704
 30
0.0
  0
VERTEX
  5
46A
330
36A
100
AcDbEntity
  8
inside1_B
100
AcDbVertex
100
AcDb2dVertex
 10
-101.8464792718315
 20
1.188702777927261
 30
0.0
  0
VERTEX
  5
46B
330
36A
100
AcDbEntity
  8
inside1_B
100
AcDbVertex
100
AcDb2dVertex
 10
-102.2868687294735
 20
1.179713993228404
 30
0.0
  0
VERTEX
  5
46C
330
36A
100
AcDbEntity
  8
inside1_B
100
AcDbVertex
100
AcDb2dVertex
 10
-102.7272637609945
 20
1.170618513819008
 30
0.0
  0
VERTEX
  5
46D
330
36A
100
AcDbEntity
  8
inside1_B
100
AcDbVertex
100
AcDb2dVertex
 10
-103.1676798287941
 20
1.161621561444605
 30
0.0
  0
VERTEX
  5
46E
330
36A
100
AcDbEntity
  8
inside1_B
100
AcDbVertex
100
AcDb2dVertex
 10
-103.6080733868437
 20
1.152632693016869
 30
0.0
  0
VERTEX
  5
46F
330
36A
100
AcDbEntity
  8
inside1_B
100
AcDbVertex
100
AcDb2dVertex
 10
-104.0484951129897
 20
1.143635780773607
 30
0.0
  0
VERTEX
  5
470
330
36A
100
AcDbEntity
  8
inside1_B
100
AcDbVertex
100
AcDb2dVertex
 10
-104.4889132318963
 20
1.134745530498435
 30
0.0
  0
VERTEX
  5
471
330
36A
100
AcDbEntity
  8
inside1_B
100
AcDbVertex
100
AcDb2dVertex
 10
-104.9293062959909
 20
1.125848315835896
 30
0.0
  0
VERTEX
  5
472
330
36A
100
AcDbEntity
  8
inside1_B
100
AcDbVertex
100
AcDb2dVertex
 10
-105.3696956707917
 20
1.116951021713476
 30
0.0
  0
VERTEX
  5
473
330
36A
100
AcDbEntity
  8
inside1_B
100
AcDbVertex
100
AcDb2dVertex
 10
-105.8102211481119
 20
1.1080607589804
 30
0.0
  0
VERTEX
  5
474
330
36A
100
AcDbEntity
  8
inside1_B
100
AcDbVertex
100
AcDb2dVertex
 10
-106.250634629493
 20
1.099262096211618
 30
0.0
  0
VERTEX
  5
475
330
36A
100
AcDbEntity
  8
inside1_B
100
AcDbVertex
100
AcDb2dVertex
 10
-106.6910358935783
 20
1.09047145394959
 30
0.0
  0
VERTEX
  5
476
330
36A
100
AcDbEntity
  8
inside1_B
100
AcDbVertex
100
AcDb2dVertex
 10
-107.1314252693717
 20
1.081680896840538
 30
0.0
  0
VERTEX
  5
477
330
36A
100
AcDbEntity
  8
inside1_B
100
AcDbVertex
100
AcDb2dVertex
 10
-107.5719466406077
 20
1.072882211144304
 30
0.0
  0
VERTEX
  5
478
330
36A
100
AcDbEntity
  8
inside1_B
100
AcDbVertex
100
AcDb2dVertex
 10
-108.0123642288468
 20
1.0641902101992
 30
0.0
  0
VERTEX
  5
479
330
36A
100
AcDbEntity
  8
inside1_B
100
AcDbVertex
100
AcDb2dVertex
 10
-108.4527536864887
 20
1.055498764434404
 30
0.0
  0
VERTEX
  5
47A
330
36A
100
AcDbEntity
  8
inside1_B
100
AcDbVertex
100
AcDb2dVertex
 10
-108.8932750516108
 20
1.046799197501571
 30
0.0
  0
VERTEX
  5
47B
330
36A
100
AcDbEntity
  8
inside1_B
100
AcDbVertex
100
AcDb2dVertex
 10
-109.3336926466739
 20
1.038206315732353
 30
0.0
  0
VERTEX
  5
47C
330
36A
100
AcDbEntity
  8
inside1_B
100
AcDbVertex
100
AcDb2dVertex
 10
-109.7741899611877
 20
1.029613961099713
 30
0.0
  0
VERTEX
  5
47D
330
36A
100
AcDbEntity
  8
inside1_B
100
AcDbVertex
100
AcDb2dVertex
 10
-110.2145782990111
 20
1.021021650158801
 30
0.0
  0
VERTEX
  5
47E
330
36A
100
AcDbEntity
  8
inside1_B
100
AcDbVertex
100
AcDb2dVertex
 10
-110.6551001719428
 20
1.012421191953109
 30
0.0
  0
VERTEX
  5
47F
330
36A
100
AcDbEntity
  8
inside1_B
100
AcDbVertex
100
AcDb2dVertex
 10
-111.0956174007445
 20
1.003927419575561
 30
0.0
  0
VERTEX
  5
480
330
36A
100
AcDbEntity
  8
inside1_B
100
AcDbVertex
100
AcDb2dVertex
 10
-111.5360406566206
 20
0.995433694986616
 30
0.0
  0
VERTEX
  5
481
330
36A
100
AcDbEntity
  8
inside1_B
100
AcDbVertex
100
AcDb2dVertex
 10
-111.9765563503437
 20
0.987039071288379
 30
0.0
  0
VERTEX
  5
482
330
36A
100
AcDbEntity
  8
inside1_B
100
AcDbVertex
100
AcDb2dVertex
 10
-112.4170526231651
 20
0.9786449629688576
 30
0.0
  0
VERTEX
  5
483
330
36A
100
AcDbEntity
  8
inside1_B
100
AcDbVertex
100
AcDb2dVertex
 10
-112.8574409867944
 20
0.9702508769881888
 30
0.0
  0
VERTEX
  5
484
330
36A
100
AcDbEntity
  8
inside1_B
100
AcDbVertex
100
AcDb2dVertex
 10
-113.2979648853354
 20
0.9618562422297146
 30
0.0
  0
VERTEX
  5
485
330
36A
100
AcDbEntity
  8
inside1_B
100
AcDbVertex
100
AcDb2dVertex
 10
-113.7384800659436
 20
0.9535607472750343
 30
0.0
  0
VERTEX
  5
486
330
36A
100
AcDbEntity
  8
inside1_B
100
AcDbVertex
100
AcDb2dVertex
 10
-114.1789763378435
 20
0.9452657519684635
 30
0.0
  0
VERTEX
  5
487
330
36A
100
AcDbEntity
  8
inside1_B
100
AcDbVertex
100
AcDb2dVertex
 10
-114.6194935685815
 20
0.9369702184070547
 30
0.0
  0
VERTEX
  5
488
330
36A
100
AcDbEntity
  8
inside1_B
100
AcDbVertex
100
AcDb2dVertex
 10
-115.0600185007131
 20
0.9287814274156716
 30
0.0
  0
VERTEX
  5
489
330
36A
100
AcDbEntity
  8
inside1_B
100
AcDbVertex
100
AcDb2dVertex
 10
-115.5005372070331
 20
0.9205851276537658
 30
0.0
  0
VERTEX
  5
48A
330
36A
100
AcDbEntity
  8
inside1_B
100
AcDbVertex
100
AcDb2dVertex
 10
-115.9410257776531
 20
0.9124883597570772
 30
0.0
  0
VERTEX
  5
48B
330
36A
100
AcDbEntity
  8
inside1_B
100
AcDbVertex
100
AcDb2dVertex
 10
-116.3815506721392
 20
0.9042919448935152
 30
0.0
  0
VERTEX
  5
48C
330
36A
100
AcDbEntity
  8
inside1_B
100
AcDbVertex
100
AcDb2dVertex
 10
-116.8220658921278
 20
0.8963014306566635
 30
0.0
  0
VERTEX
  5
48D
330
36A
100
AcDbEntity
  8
inside1_B
100
AcDbVertex
100
AcDb2dVertex
 10
-117.2625613222064
 20
0.8882046768144107
 30
0.0
  0
VERTEX
  5
48E
330
36A
100
AcDbEntity
  8
inside1_B
100
AcDbVertex
100
AcDb2dVertex
 10
-118.1436995064665
 20
0.8722160056447592
 30
0.0
  0
VERTEX
  5
48F
330
36A
100
AcDbEntity
  8
inside1_B
100
AcDbVertex
100
AcDb2dVertex
 10
-119.0247242426248
 20
0.8564258294608038
 30
0.0
  0
VERTEX
  5
490
330
36A
100
AcDbEntity
  8
inside1_B
100
AcDbVertex
100
AcDb2dVertex
 10
-119.9058493557927
 20
0.8407347483218928
 30
0.0
  0
VERTEX
  5
491
330
36A
100
AcDbEntity
  8
inside1_B
100
AcDbVertex
100
AcDb2dVertex
 10
-120.7869734561976
 20
0.8252495446467378
 30
0.0
  0
VERTEX
  5
492
330
36A
100
AcDbEntity
  8
inside1_B
100
AcDbVertex
100
AcDb2dVertex
 10
-121.6682040435506
 20
0.809855838504987
 30
0.0
  0
VERTEX
  5
493
330
36A
100
AcDbEntity
  8
inside1_B
100
AcDbVertex
100
AcDb2dVertex
 10
-122.549342219142
 20
0.7946677447249897
 30
0.0
  0
VERTEX
  5
494
330
36A
100
AcDbEntity
  8
inside1_B
100
AcDbVertex
100
AcDb2dVertex
 10
-123.4305651831422
 20
0.7796781328817985
 30
0.0
  0
VERTEX
  5
495
330
36A
100
AcDbEntity
  8
inside1_B
100
AcDbVertex
100
AcDb2dVertex
 10
-124.311689047135
 20
0.7647876382174701
 30
0.0
  0
VERTEX
  5
496
330
36A
100
AcDbEntity
  8
inside1_B
100
AcDbVertex
100
AcDb2dVertex
 10
-125.1929200771154
 20
0.7500953714345258
 30
0.0
  0
VERTEX
  5
497
330
36A
100
AcDbEntity
  8
inside1_B
100
AcDbVertex
100
AcDb2dVertex
 10
-126.0742564815758
 20
0.7355019923240604
 30
0.0
  0
VERTEX
  5
498
330
36A
100
AcDbEntity
  8
inside1_B
100
AcDbVertex
100
AcDb2dVertex
 10
-126.9554938011306
 20
0.7212135944590017
 30
0.0
  0
VERTEX
  5
499
330
36A
100
AcDbEntity
  8
inside1_B
100
AcDbVertex
100
AcDb2dVertex
 10
-127.8368234995631
 20
0.7070245469493415
 30
0.0
  0
VERTEX
  5
49A
330
36A
100
AcDbEntity
  8
inside1_B
100
AcDbVertex
100
AcDb2dVertex
 10
-128.7180601788058
 20
0.6930335165163939
 30
0.0
  0
VERTEX
  5
49B
330
36A
100
AcDbEntity
  8
inside1_B
100
AcDbVertex
100
AcDb2dVertex
 10
-130.0401108090467
 20
0.6723482409326493
 30
0.0
  0
VERTEX
  5
49C
330
36A
100
AcDbEntity
  8
inside1_B
100
AcDbVertex
100
AcDb2dVertex
 10
-131.8028758252629
 20
0.6454643169922321
 30
0.0
  0
VERTEX
  5
49D
330
36A
100
AcDbEntity
  8
inside1_B
100
AcDbVertex
100
AcDb2dVertex
 10
-133.5657530665282
 20
0.6192816507414562
 30
0.0
  0
VERTEX
  5
49E
330
36A
100
AcDbEntity
  8
inside1_B
100
AcDbVertex
100
AcDb2dVertex
 10
-135.3286241531125
 20
0.5939911438269974
 30
0.0
  0
VERTEX
  5
49F
330
36A
100
AcDbEntity
  8
inside1_B
100
AcDbVertex
100
AcDb2dVertex
 10
-137.0915945309961
 20
0.5693105954703839
 30
0.0
  0
VERTEX
  5
4A0
330
36A
100
AcDbEntity
  8
inside1_B
100
AcDbVertex
100
AcDb2dVertex
 10
-138.8547762759584
 20
0.5455219379815901
 30
0.0
  0
VERTEX
  5
4A1
330
36A
100
AcDbEntity
  8
inside1_B
100
AcDbVertex
100
AcDb2dVertex
 10
-140.6178531920671
 20
0.5225416586799554
 30
0.0
  0
VERTEX
  5
4A2
330
36A
100
AcDbEntity
  8
inside1_B
100
AcDbVertex
100
AcDb2dVertex
 10
-142.3811269425058
 20
0.5002551313386618
 30
0.0
  0
VERTEX
  5
4A3
330
36A
100
AcDbEntity
  8
inside1_B
100
AcDbVertex
100
AcDb2dVertex
 10
-144.1444153177588
 20
0.4788682146867558
 30
0.0
  0
VERTEX
  5
4A4
330
36A
100
AcDbEntity
  8
inside1_B
100
AcDbVertex
100
AcDb2dVertex
 10
-145.9076895599143
 20
0.4582819537897649
 30
0.0
  0
VERTEX
  5
4A5
330
36A
100
AcDbEntity
  8
inside1_B
100
AcDbVertex
100
AcDb2dVertex
 10
-147.6711757952841
 20
0.4384962009220033
 30
0.0
  0
VERTEX
  5
4A6
330
36A
100
AcDbEntity
  8
inside1_B
100
AcDbVertex
100
AcDb2dVertex
 10
-149.4346547646292
 20
0.4196025186196266
 30
0.0
  0
VERTEX
  5
4A7
330
36A
100
AcDbEntity
  8
inside1_B
100
AcDbVertex
100
AcDb2dVertex
 10
-151.1981419424425
 20
0.4015170346567487
 30
0.0
  0
VERTEX
  5
4A8
330
36A
100
AcDbEntity
  8
inside1_B
100
AcDbVertex
100
AcDb2dVertex
 10
-152.9617271970926
 20
0.3843312603088975
 30
0.0
  0
VERTEX
  5
4A9
330
36A
100
AcDbEntity
  8
inside1_B
100
AcDbVertex
100
AcDb2dVertex
 10
-154.7253048242201
 20
0.3679384409717272
 30
0.0
  0
VERTEX
  5
4AA
330
36A
100
AcDbEntity
  8
inside1_B
100
AcDbVertex
100
AcDb2dVertex
 10
-156.4890035340912
 20
0.3524451945968252
 30
0.0
  0
VERTEX
  5
4AB
330
36A
100
AcDbEntity
  8
inside1_B
100
AcDbVertex
100
AcDb2dVertex
 10
-158.2526950594064
 20
0.3379584582789761
 30
0.0
  0
VERTEX
  5
4AC
330
36A
100
AcDbEntity
  8
inside1_B
100
AcDbVertex
100
AcDb2dVertex
 10
-160.016478524421
 20
0.3242647359045066
 30
0.0
  0
VERTEX
  5
4AD
330
36A
100
AcDbEntity
  8
inside1_B
100
AcDbVertex
100
AcDb2dVertex
 10
-161.7802762781363
 20
0.3114706087923054
 30
0.0
  0
VERTEX
  5
4AE
330
36A
100
AcDbEntity
  8
inside1_B
100
AcDbVertex
100
AcDb2dVertex
 10
-163.5440735621524
 20
0.2996829358196607
 30
0.0
  0
VERTEX
  5
4AF
330
36A
100
AcDbEntity
  8
inside1_B
100
AcDbVertex
100
AcDb2dVertex
 10
-165.3079627873379
 20
0.2887873885226355
 30
0.0
  0
VERTEX
  5
4B0
330
36A
100
AcDbEntity
  8
inside1_B
100
AcDbVertex
100
AcDb2dVertex
 10
-167.0718634627913
 20
0.2787915002378725
 30
0.0
  0
VERTEX
  5
4B1
330
36A
100
AcDbEntity
  8
inside1_B
100
AcDbVertex
100
AcDb2dVertex
 10
-168.8357598441964
 20
0.2698020654025299
 30
0.0
  0
VERTEX
  5
4B2
330
36A
100
AcDbEntity
  8
inside1_B
100
AcDbVertex
100
AcDb2dVertex
 10
-170.599754798291
 20
0.2617047143997553
 30
0.0
  0
VERTEX
  5
4B3
330
36A
100
AcDbEntity
  8
inside1_B
100
AcDbVertex
100
AcDb2dVertex
 10
-172.3636583168312
 20
0.2546061582544752
 30
0.0
  0
VERTEX
  5
4B4
330
36A
100
AcDbEntity
  8
inside1_B
100
AcDbVertex
100
AcDb2dVertex
 10
-174.1276642749788
 20
0.2485140586045276
 30
0.0
  0
VERTEX
  5
4B5
330
36A
100
AcDbEntity
  8
inside1_B
100
AcDbVertex
100
AcDb2dVertex
 10
-175.891678382458
 20
0.2434131295651554
 30
0.0
  0
VERTEX
  5
4B6
330
36A
100
AcDbEntity
  8
inside1_B
100
AcDbVertex
100
AcDb2dVertex
 10
-178.0966983871146
 20
0.2385181173659134
 30
0.0
  0
VERTEX
  5
4B7
330
36A
100
AcDbEntity
  8
inside1_B
100
AcDbVertex
100
AcDb2dVertex
 10
-180.301728244334
 20
0.2351251479022665
 30
0.0
  0
VERTEX
  5
4B8
330
36A
100
AcDbEntity
  8
inside1_B
100
AcDbVertex
100
AcDb2dVertex
 10
-182.5068868475542
 20
0.2333256253256195
 30
0.0
  0
VERTEX
  5
4B9
330
36A
100
AcDbEntity
  8
inside1_B
100
AcDbVertex
100
AcDb2dVertex
 10
-184.3978745968956
 20
0.2351251064117577
 30
0.0
  0
SEQEND
  5
4BA
330
36A
100
AcDbEntity
  8
inside1_B
  0
POLYLINE
  5
4BB
330
1F
100
AcDbEntity
  8
inside1_B
100
AcDb2dPolyline
 66
     1
 10
0.0
 20
0.0
 30
0.0
  0
VERTEX
  5
4BC
330
4BB
100
AcDbEntity
  8
inside1_B
100
AcDbVertex
100
AcDb2dVertex
 10
13.60823398102247
 20
2.303811735390937
 30
0.0
  0
VERTEX
  5
4BD
330
4BB
100
AcDbEntity
  8
inside1_B
100
AcDbVertex
100
AcDb2dVertex
 10
13.61589415087946
 20
2.303557651132763
 30
0.0
  0
VERTEX
  5
4BE
330
4BB
100
AcDbEntity
  8
inside1_B
100
AcDbVertex
100
AcDb2dVertex
 10
13.99992420400616
 20
2.295538213527124
 30
0.0
  0
VERTEX
  5
4BF
330
4BB
100
AcDbEntity
  8
inside1_B
100
AcDbVertex
100
AcDb2dVertex
 10
14.38514682576323
 20
2.287342798558029
 30
0.0
  0
VERTEX
  5
4C0
330
4BB
100
AcDbEntity
  8
inside1_B
100
AcDbVertex
100
AcDb2dVertex
 10
14.76948198571625
 20
2.279245914212254
 30
0.0
  0
VERTEX
  5
4C1
330
4BB
100
AcDbEntity
  8
inside1_B
100
AcDbVertex
100
AcDb2dVertex
 10
15.15518807945085
 20
2.271058217159819
 30
0.0
  0
VERTEX
  5
4C2
330
4BB
100
AcDbEntity
  8
inside1_B
100
AcDbVertex
100
AcDb2dVertex
 10
15.54481066454872
 20
2.2627631840394
 30
0.0
  0
VERTEX
  5
4C3
330
4BB
100
AcDbEntity
  8
inside1_B
100
AcDbVertex
100
AcDb2dVertex
 10
15.94052365945953
 20
2.254369225820426
 30
0.0
  0
VERTEX
  5
4C4
330
4BB
100
AcDbEntity
  8
inside1_B
100
AcDbVertex
100
AcDb2dVertex
 10
16.34332421492826
 20
2.245769804468154
 30
0.0
  0
VERTEX
  5
4C5
330
4BB
100
AcDbEntity
  8
inside1_B
100
AcDbVertex
100
AcDb2dVertex
 10
16.75361865126223
 20
2.236979632312128
 30
0.0
  0
VERTEX
  5
4C6
330
4BB
100
AcDbEntity
  8
inside1_B
100
AcDbVertex
100
AcDb2dVertex
 10
17.17200879928595
 20
2.227983634439852
 30
0.0
  0
VERTEX
  5
4C7
330
4BB
100
AcDbEntity
  8
inside1_B
100
AcDbVertex
100
AcDb2dVertex
 10
17.59877585837256
 20
2.218789617411304
 30
0.0
  0
VERTEX
  5
4C8
330
4BB
100
AcDbEntity
  8
inside1_B
100
AcDbVertex
100
AcDb2dVertex
 10
18.03447590972036
 20
2.209297656819018
 30
0.0
  0
VERTEX
  5
4C9
330
4BB
100
AcDbEntity
  8
inside1_B
100
AcDbVertex
100
AcDb2dVertex
 10
18.47957353695068
 20
2.199706481501167
 30
0.0
  0
VERTEX
  5
4CA
330
4BB
100
AcDbEntity
  8
inside1_B
100
AcDbVertex
100
AcDb2dVertex
 10
18.93453076106169
 20
2.189810803558672
 30
0.0
  0
VERTEX
  5
4CB
330
4BB
100
AcDbEntity
  8
inside1_B
100
AcDbVertex
100
AcDb2dVertex
 10
19.39948539071628
 20
2.179724639476674
 30
0.0
  0
VERTEX
  5
4CC
330
4BB
100
AcDbEntity
  8
inside1_B
100
AcDbVertex
100
AcDb2dVertex
 10
19.87345064400887
 20
2.16932558199548
 30
0.0
  0
VERTEX
  5
4CD
330
4BB
100
AcDbEntity
  8
inside1_B
100
AcDbVertex
100
AcDb2dVertex
 10
20.35551410430134
 20
2.158834670985129
 30
0.0
  0
VERTEX
  5
4CE
330
4BB
100
AcDbEntity
  8
inside1_B
100
AcDbVertex
100
AcDb2dVertex
 10
20.42354972977517
 20
2.157346776407721
 30
0.0
  0
VERTEX
  5
4CF
330
4BB
100
AcDbEntity
  8
inside1_B
100
AcDbVertex
100
AcDb2dVertex
 10
20.35548788466639
 20
2.155858308424058
 30
0.0
  0
VERTEX
  5
4D0
330
4BB
100
AcDbEntity
  8
inside1_B
100
AcDbVertex
100
AcDb2dVertex
 10
19.87345109108031
 20
2.145261244732581
 30
0.0
  0
VERTEX
  5
4D1
330
4BB
100
AcDbEntity
  8
inside1_B
100
AcDbVertex
100
AcDb2dVertex
 10
19.39950938600003
 20
2.134969433803192
 30
0.0
  0
VERTEX
  5
4D2
330
4BB
100
AcDbEntity
  8
inside1_B
100
AcDbVertex
100
AcDb2dVertex
 10
18.93453374539348
 20
2.124875189888186
 30
0.0
  0
VERTEX
  5
4D3
330
4BB
100
AcDbEntity
  8
inside1_B
100
AcDbVertex
100
AcDb2dVertex
 10
18.47954712406562
 20
2.114986496887624
 30
0.0
  0
VERTEX
  5
4D4
330
4BB
100
AcDbEntity
  8
inside1_B
100
AcDbVertex
100
AcDb2dVertex
 10
18.03447444981379
 20
2.105289127212245
 30
0.0
  0
VERTEX
  5
4D5
330
4BB
100
AcDbEntity
  8
inside1_B
100
AcDbVertex
100
AcDb2dVertex
 10
17.59880106082136
 20
2.095896854250142
 30
0.0
  0
VERTEX
  5
4D6
330
4BB
100
AcDbEntity
  8
inside1_B
100
AcDbVertex
100
AcDb2dVertex
 10
17.17201592472151
 20
2.086702447806545
 30
0.0
  0
VERTEX
  5
4D7
330
4BB
100
AcDbEntity
  8
inside1_B
100
AcDbVertex
100
AcDb2dVertex
 10
16.75361380145745
 20
2.077713816186119
 30
0.0
  0
VERTEX
  5
4D8
330
4BB
100
AcDbEntity
  8
inside1_B
100
AcDbVertex
100
AcDb2dVertex
 10
16.34332425567362
 20
2.06891612535162
 30
0.0
  0
VERTEX
  5
4D9
330
4BB
100
AcDbEntity
  8
inside1_B
100
AcDbVertex
100
AcDb2dVertex
 10
15.94049624122584
 20
2.060323741895587
 30
0.0
  0
VERTEX
  5
4DA
330
4BB
100
AcDbEntity
  8
inside1_B
100
AcDbVertex
100
AcDb2dVertex
 10
15.54478100495561
 20
2.051830624347701
 30
0.0
  0
VERTEX
  5
4DB
330
4BB
100
AcDbEntity
  8
inside1_B
100
AcDbVertex
100
AcDb2dVertex
 10
15.15521616662653
 20
2.043536820651298
 30
0.0
  0
VERTEX
  5
4DC
330
4BB
100
AcDbEntity
  8
inside1_B
100
AcDbVertex
100
AcDb2dVertex
 10
14.76948188325917
 20
2.035440014529286
 30
0.0
  0
VERTEX
  5
4DD
330
4BB
100
AcDbEntity
  8
inside1_B
100
AcDbVertex
100
AcDb2dVertex
 10
14.3851491024422
 20
2.027251690653131
 30
0.0
  0
VERTEX
  5
4DE
330
4BB
100
AcDbEntity
  8
inside1_B
100
AcDbVertex
100
AcDb2dVertex
 10
13.99993144645981
 20
2.019155487394613
 30
0.0
  0
VERTEX
  5
4DF
330
4BB
100
AcDbEntity
  8
inside1_B
100
AcDbVertex
100
AcDb2dVertex
 10
13.61110326919987
 20
2.010959599344531
 30
0.0
  0
VERTEX
  5
4E0
330
4BB
100
AcDbEntity
  8
inside1_B
100
AcDbVertex
100
AcDb2dVertex
 10
13.2164822572667
 20
2.002664629078225
 30
0.0
  0
VERTEX
  5
4E1
330
4BB
100
AcDbEntity
  8
inside1_B
100
AcDbVertex
100
AcDb2dVertex
 10
12.81336883771581
 20
1.994171450022748
 30
0.0
  0
VERTEX
  5
4E2
330
4BB
100
AcDbEntity
  8
inside1_B
100
AcDbVertex
100
AcDb2dVertex
 10
12.39958456849757
 20
1.985480425133133
 30
0.0
  0
VERTEX
  5
4E3
330
4BB
100
AcDbEntity
  8
inside1_B
100
AcDbVertex
100
AcDb2dVertex
 10
11.9738636209558
 20
1.976582965593366
 30
0.0
  0
VERTEX
  5
4E4
330
4BB
100
AcDbEntity
  8
inside1_B
100
AcDbVertex
100
AcDb2dVertex
 10
11.53748297978035
 20
1.967388461011481
 30
0.0
  0
VERTEX
  5
4E5
330
4BB
100
AcDbEntity
  8
inside1_B
100
AcDbVertex
100
AcDb2dVertex
 10
11.09170553881467
 20
1.958095077844547
 30
0.0
  0
VERTEX
  5
4E6
330
4BB
100
AcDbEntity
  8
inside1_B
100
AcDbVertex
100
AcDb2dVertex
 10
10.63802908756401
 20
1.948603141202739
 30
0.0
  0
VERTEX
  5
4E7
330
4BB
100
AcDbEntity
  8
inside1_B
100
AcDbVertex
100
AcDb2dVertex
 10
10.17762683375935
 20
1.939011745261851
 30
0.0
  0
VERTEX
  5
4E8
330
4BB
100
AcDbEntity
  8
inside1_B
100
AcDbVertex
100
AcDb2dVertex
 10
9.71218454818603
 20
1.929215287537929
 30
0.0
  0
VERTEX
  5
4E9
330
4BB
100
AcDbEntity
  8
inside1_B
100
AcDbVertex
100
AcDb2dVertex
 10
9.242717716515642
 20
1.9195252628042
 30
0.0
  0
VERTEX
  5
4EA
330
4BB
100
AcDbEntity
  8
inside1_B
100
AcDbVertex
100
AcDb2dVertex
 10
8.770930560304976
 20
1.909629016379483
 30
0.0
  0
VERTEX
  5
4EB
330
4BB
100
AcDbEntity
  8
inside1_B
100
AcDbVertex
100
AcDb2dVertex
 10
8.29851308988799
 20
1.899840666661632
 30
0.0
  0
VERTEX
  5
4EC
330
4BB
100
AcDbEntity
  8
inside1_B
100
AcDbVertex
100
AcDb2dVertex
 10
7.827757802965323
 20
1.890150798654915
 30
0.0
  0
VERTEX
  5
4ED
330
4BB
100
AcDbEntity
  8
inside1_B
100
AcDbVertex
100
AcDb2dVertex
 10
7.361071275238544
 20
1.880552054346623
 30
0.0
  0
VERTEX
  5
4EE
330
4BB
100
AcDbEntity
  8
inside1_B
100
AcDbVertex
100
AcDb2dVertex
 10
6.90061708789375
 20
1.871060590006024
 30
0.0
  0
VERTEX
  5
4EF
330
4BB
100
AcDbEntity
  8
inside1_B
100
AcDbVertex
100
AcDb2dVertex
 10
5.555908986792872
 20
1.843683381498053
 30
0.0
  0
VERTEX
  5
4F0
330
4BB
100
AcDbEntity
  8
inside1_B
100
AcDbVertex
100
AcDb2dVertex
 10
5.116831321220332
 20
1.834786558292109
 30
0.0
  0
VERTEX
  5
4F1
330
4BB
100
AcDbEntity
  8
inside1_B
100
AcDbVertex
100
AcDb2dVertex
 10
4.680864632312648
 20
1.825996476938087
 30
0.0
  0
VERTEX
  5
4F2
330
4BB
100
AcDbEntity
  8
inside1_B
100
AcDbVertex
100
AcDb2dVertex
 10
4.247300486191477
 20
1.817298054327239
 30
0.0
  0
VERTEX
  5
4F3
330
4BB
100
AcDbEntity
  8
inside1_B
100
AcDbVertex
100
AcDb2dVertex
 10
3.815319087784417
 20
1.808705999052023
 30
0.0
  0
VERTEX
  5
4F4
330
4BB
100
AcDbEntity
  8
inside1_B
100
AcDbVertex
100
AcDb2dVertex
 10
3.384506589554292
 20
1.800113536561227
 30
0.0
  0
VERTEX
  5
4F5
330
4BB
100
AcDbEntity
  8
inside1_B
100
AcDbVertex
100
AcDb2dVertex
 10
2.953834488360314
 20
1.791521745548636
 30
0.0
  0
VERTEX
  5
4F6
330
4BB
100
AcDbEntity
  8
inside1_B
100
AcDbVertex
100
AcDb2dVertex
 10
2.52296533206453
 20
1.783029084093641
 30
0.0
  0
VERTEX
  5
4F7
330
4BB
100
AcDbEntity
  8
inside1_B
100
AcDbVertex
100
AcDb2dVertex
 10
2.090750031672258
 20
1.774528113058153
 30
0.0
  0
VERTEX
  5
4F8
330
4BB
100
AcDbEntity
  8
inside1_B
100
AcDbVertex
100
AcDb2dVertex
 10
1.656975573863235
 20
1.765936179880327
 30
0.0
  0
VERTEX
  5
4F9
330
4BB
100
AcDbEntity
  8
inside1_B
100
AcDbVertex
100
AcDb2dVertex
 10
1.221399335994363
 20
1.757443304727445
 30
0.0
  0
VERTEX
  5
4FA
330
4BB
100
AcDbEntity
  8
inside1_B
100
AcDbVertex
100
AcDb2dVertex
 10
0.7843258813038005
 20
1.748851262455744
 30
0.0
  0
VERTEX
  5
4FB
330
4BB
100
AcDbEntity
  8
inside1_B
100
AcDbVertex
100
AcDb2dVertex
 10
0.3459385071730026
 20
1.740358278998102
 30
0.0
  0
VERTEX
  5
4FC
330
4BB
100
AcDbEntity
  8
inside1_B
100
AcDbVertex
100
AcDb2dVertex
 10
-0.093443840058228
 20
1.731766109624672
 30
0.0
  0
VERTEX
  5
4FD
330
4BB
100
AcDbEntity
  8
inside1_B
100
AcDbVertex
100
AcDb2dVertex
 10
-0.5338058956149894
 20
1.723265941839429
 30
0.0
  0
VERTEX
  5
4FE
330
4BB
100
AcDbEntity
  8
inside1_B
100
AcDbVertex
100
AcDb2dVertex
 10
-0.9747925247725675
 20
1.714772820839443
 30
0.0
  0
VERTEX
  5
4FF
330
4BB
100
AcDbEntity
  8
inside1_B
100
AcDbVertex
100
AcDb2dVertex
 10
-1.416176638772924
 20
1.706279679910438
 30
0.0
  0
VERTEX
  5
500
330
4BB
100
AcDbEntity
  8
inside1_B
100
AcDbVertex
100
AcDb2dVertex
 10
-1.857732894147205
 20
1.697787040615282
 30
0.0
  0
VERTEX
  5
501
330
4BB
100
AcDbEntity
  8
inside1_B
100
AcDbVertex
100
AcDb2dVertex
 10
-2.299596158352017
 20
1.689393468256952
 30
0.0
  0
VERTEX
  5
502
330
4BB
100
AcDbEntity
  8
inside1_B
100
AcDbVertex
100
AcDb2dVertex
 10
-2.741593209274527
 20
1.680999382064499
 30
0.0
  0
VERTEX
  5
503
330
4BB
100
AcDbEntity
  8
inside1_B
100
AcDbVertex
100
AcDb2dVertex
 10
-3.183591346790365
 20
1.672605275233764
 30
0.0
  0
VERTEX
  5
504
330
4BB
100
AcDbEntity
  8
inside1_B
100
AcDbVertex
100
AcDb2dVertex
 10
-3.625653489746185
 20
1.664211690242752
 30
0.0
  0
VERTEX
  5
505
330
4BB
100
AcDbEntity
  8
inside1_B
100
AcDbVertex
100
AcDb2dVertex
 10
-4.067716563547322
 20
1.655917194600775
 30
0.0
  0
VERTEX
  5
506
330
4BB
100
AcDbEntity
  8
inside1_B
100
AcDbVertex
100
AcDb2dVertex
 10
-4.509672378244034
 20
1.64762270887924
 30
0.0
  0
VERTEX
  5
507
330
4BB
100
AcDbEntity
  8
inside1_B
100
AcDbVertex
100
AcDb2dVertex
 10
-4.951535630601313
 20
1.639434973664748
 30
0.0
  0
VERTEX
  5
508
330
4BB
100
AcDbEntity
  8
inside1_B
100
AcDbVertex
100
AcDb2dVertex
 10
-5.834810677192365
 20
1.623043579694709
 30
0.0
  0
VERTEX
  5
509
330
4BB
100
AcDbEntity
  8
inside1_B
100
AcDbVertex
100
AcDb2dVertex
 10
-6.71754969186469
 20
1.606858353866897
 30
0.0
  0
VERTEX
  5
50A
330
4BB
100
AcDbEntity
  8
inside1_B
100
AcDbVertex
100
AcDb2dVertex
 10
-7.599800676593588
 20
1.590764615068011
 30
0.0
  0
VERTEX
  5
50B
330
4BB
100
AcDbEntity
  8
inside1_B
100
AcDbVertex
100
AcDb2dVertex
 10
-8.4815341301574
 20
1.57487697636401
 30
0.0
  0
VERTEX
  5
50C
330
4BB
100
AcDbEntity
  8
inside1_B
100
AcDbVertex
100
AcDb2dVertex
 10
-9.362777155034394
 20
1.559187325305146
 30
0.0
  0
VERTEX
  5
50D
330
4BB
100
AcDbEntity
  8
inside1_B
100
AcDbVertex
100
AcDb2dVertex
 10
-10.24373097891868
 20
1.54360439770403
 30
0.0
  0
VERTEX
  5
50E
330
4BB
100
AcDbEntity
  8
inside1_B
100
AcDbVertex
100
AcDb2dVertex
 10
-11.12437985321122
 20
1.528212063638918
 30
0.0
  0
VERTEX
  5
50F
330
4BB
100
AcDbEntity
  8
inside1_B
100
AcDbVertex
100
AcDb2dVertex
 10
-12.00472246113947
 20
1.512926484816873
 30
0.0
  0
VERTEX
  5
510
330
4BB
100
AcDbEntity
  8
inside1_B
100
AcDbVertex
100
AcDb2dVertex
 10
-12.88485426197286
 20
1.497839338795728
 30
0.0
  0
VERTEX
  5
511
330
4BB
100
AcDbEntity
  8
inside1_B
100
AcDbVertex
100
AcDb2dVertex
 10
-13.76480115656415
 20
1.482950181744769
 30
0.0
  0
VERTEX
  5
512
330
4BB
100
AcDbEntity
  8
inside1_B
100
AcDbVertex
100
AcDb2dVertex
 10
-14.64454936150383
 20
1.468160141209708
 30
0.0
  0
VERTEX
  5
513
330
4BB
100
AcDbEntity
  8
inside1_B
100
AcDbVertex
100
AcDb2dVertex
 10
-15.52429608812537
 20
1.453568342232671
 30
0.0
  0
VERTEX
  5
514
330
4BB
100
AcDbEntity
  8
inside1_B
100
AcDbVertex
100
AcDb2dVertex
 10
-16.404030728289
 20
1.439083474331611
 30
0.0
  0
VERTEX
  5
515
330
4BB
100
AcDbEntity
  8
inside1_B
100
AcDbVertex
100
AcDb2dVertex
 10
-17.28365839909753
 20
1.424888307641439
 30
0.0
  0
VERTEX
  5
516
330
4BB
100
AcDbEntity
  8
inside1_B
100
AcDbVertex
100
AcDb2dVertex
 10
-18.16340447109798
 20
1.410799684629751
 30
0.0
  0
VERTEX
  5
517
330
4BB
100
AcDbEntity
  8
inside1_B
100
AcDbVertex
100
AcDb2dVertex
 10
-19.04334065496852
 20
1.396909406112556
 30
0.0
  0
VERTEX
  5
518
330
4BB
100
AcDbEntity
  8
inside1_B
100
AcDbVertex
100
AcDb2dVertex
 10
-20.36335926455723
 20
1.376325331136002
 30
0.0
  0
VERTEX
  5
519
330
4BB
100
AcDbEntity
  8
inside1_B
100
AcDbVertex
100
AcDb2dVertex
 10
-21.68375230059343
 20
1.356145650271401
 30
0.0
  0
VERTEX
  5
51A
330
4BB
100
AcDbEntity
  8
inside1_B
100
AcDbVertex
100
AcDb2dVertex
 10
-23.00435967436744
 20
1.336461490623989
 30
0.0
  0
VERTEX
  5
51B
330
4BB
100
AcDbEntity
  8
inside1_B
100
AcDbVertex
100
AcDb2dVertex
 10
-24.32526515146066
 20
1.317173635922217
 30
0.0
  0
VERTEX
  5
51C
330
4BB
100
AcDbEntity
  8
inside1_B
100
AcDbVertex
100
AcDb2dVertex
 10
-25.64626212359923
 20
1.29828983493428
 30
0.0
  0
VERTEX
  5
51D
330
4BB
100
AcDbEntity
  8
inside1_B
100
AcDbVertex
100
AcDb2dVertex
 10
-26.96756449523883
 20
1.279802457824104
 30
0.0
  0
VERTEX
  5
51E
330
4BB
100
AcDbEntity
  8
inside1_B
100
AcDbVertex
100
AcDb2dVertex
 10
-28.28916253339645
 20
1.261711638097367
 30
0.0
  0
VERTEX
  5
51F
330
4BB
100
AcDbEntity
  8
inside1_B
100
AcDbVertex
100
AcDb2dVertex
 10
-29.6108580201913
 20
1.244124099953311
 30
0.0
  0
VERTEX
  5
520
330
4BB
100
AcDbEntity
  8
inside1_B
100
AcDbVertex
100
AcDb2dVertex
 10
-30.932663352063
 20
1.227039479008099
 30
0.0
  0
VERTEX
  5
521
330
4BB
100
AcDbEntity
  8
inside1_B
100
AcDbVertex
100
AcDb2dVertex
 10
-32.25465802609352
 20
1.210252293456008
 30
0.0
  0
VERTEX
  5
522
330
4BB
100
AcDbEntity
  8
inside1_B
100
AcDbVertex
100
AcDb2dVertex
 10
-33.57675059124318
 20
1.194067481172596
 30
0.0
  0
VERTEX
  5
523
330
4BB
100
AcDbEntity
  8
inside1_B
100
AcDbVertex
100
AcDb2dVertex
 10
-34.89904468879405
 20
1.17827887217598
 30
0.0
  0
VERTEX
  5
524
330
4BB
100
AcDbEntity
  8
inside1_B
100
AcDbVertex
100
AcDb2dVertex
 10
-36.22133559330183
 20
1.162886908381637
 30
0.0
  0
VERTEX
  5
525
330
4BB
100
AcDbEntity
  8
inside1_B
100
AcDbVertex
100
AcDb2dVertex
 10
-37.54382406139149
 20
1.148097212933934
 30
0.0
  0
VERTEX
  5
526
330
4BB
100
AcDbEntity
  8
inside1_B
100
AcDbVertex
100
AcDb2dVertex
 10
-38.86632229675689
 20
1.133711459621438
 30
0.0
  0
VERTEX
  5
527
330
4BB
100
AcDbEntity
  8
inside1_B
100
AcDbVertex
100
AcDb2dVertex
 10
-40.18881156940671
 20
1.11982133513726
 30
0.0
  0
VERTEX
  5
528
330
4BB
100
AcDbEntity
  8
inside1_B
100
AcDbVertex
100
AcDb2dVertex
 10
-41.51139241287825
 20
1.106434364654703
 30
0.0
  0
VERTEX
  5
529
330
4BB
100
AcDbEntity
  8
inside1_B
100
AcDbVertex
100
AcDb2dVertex
 10
-42.83388175983151
 20
1.093542925674242
 30
0.0
  0
VERTEX
  5
52A
330
4BB
100
AcDbEntity
  8
inside1_B
100
AcDbVertex
100
AcDb2dVertex
 10
-44.15647777579267
 20
1.08115464218524
 30
0.0
  0
VERTEX
  5
52B
330
4BB
100
AcDbEntity
  8
inside1_B
100
AcDbVertex
100
AcDb2dVertex
 10
-45.4790454247223
 20
1.069262008011123
 30
0.0
  0
VERTEX
  5
52C
330
4BB
100
AcDbEntity
  8
inside1_B
100
AcDbVertex
100
AcDb2dVertex
 10
-47.24228368182509
 20
1.054274216003421
 30
0.0
  0
VERTEX
  5
52D
330
4BB
100
AcDbEntity
  8
inside1_B
100
AcDbVertex
100
AcDb2dVertex
 10
-49.88716458103414
 20
1.033484699230371
 30
0.0
  0
VERTEX
  5
52E
330
4BB
100
AcDbEntity
  8
inside1_B
100
AcDbVertex
100
AcDb2dVertex
 10
-52.53182882417747
 20
1.01479942226949
 30
0.0
  0
VERTEX
  5
52F
330
4BB
100
AcDbEntity
  8
inside1_B
100
AcDbVertex
100
AcDb2dVertex
 10
-55.17639779696975
 20
0.9982182638940031
 30
0.0
  0
VERTEX
  5
530
330
4BB
100
AcDbEntity
  8
inside1_B
100
AcDbVertex
100
AcDb2dVertex
 10
-57.82075327541753
 20
0.9838250562665678
 30
0.0
  0
VERTEX
  5
531
330
4BB
100
AcDbEntity
  8
inside1_B
100
AcDbVertex
100
AcDb2dVertex
 10
-60.46501241638026
 20
0.9715359629966542
 30
0.0
  0
VERTEX
  5
532
330
4BB
100
AcDbEntity
  8
inside1_B
100
AcDbVertex
100
AcDb2dVertex
 10
-63.10926709174038
 20
0.9615415622095895
 30
0.0
  0
VERTEX
  5
533
330
4BB
100
AcDbEntity
  8
inside1_B
100
AcDbVertex
100
AcDb2dVertex
 10
-65.75352177528345
 20
0.9537503511981669
 30
0.0
  0
VERTEX
  5
534
330
4BB
100
AcDbEntity
  8
inside1_B
100
AcDbVertex
100
AcDb2dVertex
 10
-68.3976697156582
 20
0.948253811952597
 30
0.0
  0
VERTEX
  5
535
330
4BB
100
AcDbEntity
  8
inside1_B
100
AcDbVertex
100
AcDb2dVertex
 10
-71.04182868452523
 20
0.9449604677559194
 30
0.0
  0
VERTEX
  5
536
330
4BB
100
AcDbEntity
  8
inside1_B
100
AcDbVertex
100
AcDb2dVertex
 10
-73.67064520878472
 20
0.9440608773855814
 30
0.0
  0
VERTEX
  5
537
330
4BB
100
AcDbEntity
  8
inside1_B
100
AcDbVertex
100
AcDb2dVertex
 10
-73.685990041465
 20
0.9440608773855814
 30
0.0
  0
SEQEND
  5
538
330
4BB
100
AcDbEntity
  8
inside1_B
  0
ENDSEC
  0
SECTION
  2
OBJECTS
  0
DICTIONARY
  5
C
330
0
100
AcDbDictionary
281
     1
  3
ACAD_DETAILVIEWSTYLE
350
574
  3
ACAD_GROUP
350
D
  3
ACAD_LAYOUT
350
1A
  3
ACAD_MATERIAL
350
43
  3
ACAD_MLEADERSTYLE
350
5B
  3
ACAD_MLINESTYLE
350
17
  3
ACAD_PLOTSETTINGS
350
19
  3
ACAD_PLOTSTYLENAME
350
E
  3
ACAD_SCALELIST
350
47
  3
ACAD_SECTIONVIEWSTYLE
350
575
  3
ACAD_TABLESTYLE
350
59
  3
ACAD_VISUALSTYLE
350
2A
  3
AcDbVariableDictionary
350
539
  3
ACDB_RECOMPOSE_DATA
350
571
  0
SUN
  5
5D
330
29
100
AcDbSun
 90
        1
290
     0
 63
     7
421
 16777215
 40
1.0
291
     1
 91
  2455826
 92
 54000000
292
     0
 70
     2
 71
   256
280
     1
  0
DICTIONARY
  5
574
102
{ACAD_REACTORS
330
C
102
}
330
C
100
AcDbDictionary
281
     1
  0
DICTIONARY
  5
D
102
{ACAD_REACTORS
330
C
102
}
330
C
100
AcDbDictionary
281
     1
  0
DICTIONARY
  5
1A
102
{ACAD_REACTORS
330
C
102
}
330
C
100
AcDbDictionary
281
     1
  3
Layout1
350
1E
  3
Layout2
350
26
  3
Model
350
22
  0
DICTIONARY
  5
43
102
{ACAD_REACTORS
330
C
102
}
330
C
100
AcDbDictionary
281
     1
  3
ByBlock
350
45
  3
ByLayer
350
44
  3
Global
350
46
  0
DICTIONARY
  5
5B
102
{ACAD_REACTORS
330
C
102
}
330
C
100
AcDbDictionary
281
     1
  3
Standard
350
5C
  0
DICTIONARY
  5
17
102
{ACAD_REACTORS
330
C
102
}
330
C
100
AcDbDictionary
281
     1
  3
Standard
350
18
  0
DICTIONARY
  5
19
102
{ACAD_REACTORS
330
C
102
}
330
C
100
AcDbDictionary
281
     1
  0
ACDBDICTIONARYWDFLT
  5
E
102
{ACAD_REACTORS
330
C
102
}
330
C
100
AcDbDictionary
281
     1
  3
Normal
350
F
100
AcDbDictionaryWithDefault
340
F
  0
DICTIONARY
  5
47
102
{ACAD_REACTORS
330
C
102
}
330
C
100
AcDbDictionary
281
     1
  3
A0
350
48
  3
A1
350
49
  3
A2
350
4A
  3
A3
350
4B
  3
A4
350
4C
  3
A5
350
4D
  3
A6
350
4E
  3
A7
350
4F
  3
A8
350
50
  3
A9
350
51
  3
B1
350
52
  3
B2
350
53
  3
B3
350
54
  3
B4
350
55
  3
B5
350
56
  3
B6
350
57
  3
B7
350
58
  0
DICTIONARY
  5
575
102
{ACAD_REACTORS
330
C
102
}
330
C
100
AcDbDictionary
281
     1
  0
DICTIONARY
  5
59
102
{ACAD_REACTORS
330
C
102
}
330
C
100
AcDbDictionary
281
     1
  3
Standard
350
5A
  0
DICTIONARY
  5
2A
102
{ACAD_REACTORS
330
C
102
}
330
C
100
AcDbDictionary
281
     1
  3
2dWireframe
350
2F
  3
Basic
350
32
  3
Brighten
350
36
  3
ColorChange
350
3A
  3
Conceptual
350
34
  3
Dim
350
35
  3
EdgeColorOff
350
3D
  3
Facepattern
350
39
  3
Flat
350
2B
  3
FlatWithEdges
350
2C
  3
Gouraud
350
2D
  3
GouraudWithEdges
350
2E
  3
Hidden
350
31
  3
JitterOff
350
3B
  3
Linepattern
350
38
  3
OverhangOff
350
3C
  3
Realistic
350
33
  3
Shaded
350
42
  3
Shaded with edges
350
41
  3
Shades of Gray
350
3E
  3
Sketchy
350
3F
  3
Thicken
350
37
  3
Wireframe
350
30
  3
X-Ray
350
40
  0
DICTIONARY
  5
539
102
{ACAD_REACTORS
330
C
102
}
330
C
100
AcDbDictionary
281
     1
  3
CANNOSCALE
350
53A
  3
CMLEADERSTYLE
350
573
  3
CTABLESTYLE
350
572
  3
XCLIPFRAME
350
53B
  0
XRECORD
  5
571
102
{ACAD_REACTORS
330
C
102
}
330
C
100
AcDbXrecord
280
     1
 90
        1
330
5A
  0
LAYOUT
  5
1E
102
{ACAD_REACTORS
330
1A
102
}
330
1A
100
AcDbPlotSettings
  1

  2
none_device
  4

  6

 40
0.0
 41
0.0
 42
0.0
 43
0.0
 44
0.0
 45
0.0
 46
0.0
 47
0.0
 48
0.0
 49
0.0
140
0.0
141
0.0
142
1.0
143
1.0
 70
   688
 72
     0
 73
     0
 74
     5
  7

 75
    16
 76
     0
 77
     2
 78
   300
147
1.0
148
0.0
149
0.0
100
AcDbLayout
  1
Layout1
 70
     1
 71
     1
 10
0.0
 20
0.0
 11
12.0
 21
9.0
 12
0.0
 22
0.0
 32
0.0
 14
1.000000000000000E+20
 24
1.000000000000000E+20
 34
1.000000000000000E+20
 15
-1.000000000000000E+20
 25
-1.000000000000000E+20
 35
-1.000000000000000E+20
146
0.0
 13
0.0
 23
0.0
 33
0.0
 16
1.0
 26
0.0
 36
0.0
 17
0.0
 27
1.0
 37
0.0
 76
     0
330
1B
  0
LAYOUT
  5
26
102
{ACAD_REACTORS
330
1A
102
}
330
1A
100
AcDbPlotSettings
  1

  2
none_device
  4

  6

 40
0.0
 41
0.0
 42
0.0
 43
0.0
 44
0.0
 45
0.0
 46
0.0
 47
0.0
 48
0.0
 49
0.0
140
0.0
141
0.0
142
1.0
143
1.0
 70
   688
 72
     0
 73
     0
 74
     5
  7

 75
    16
 76
     0
 77
     2
 78
   300
147
1.0
148
0.0
149
0.0
100
AcDbLayout
  1
Layout2
 70
     1
 71
     2
 10
0.0
 20
0.0
 11
0.0
 21
0.0
 12
0.0
 22
0.0
 32
0.0
 14
0.0
 24
0.0
 34
0.0
 15
0.0
 25
0.0
 35
0.0
146
0.0
 13
0.0
 23
0.0
 33
0.0
 16
1.0
 26
0.0
 36
0.0
 17
0.0
 27
1.0
 37
0.0
 76
     0
330
23
  0
LAYOUT
  5
22
102
{ACAD_REACTORS
330
1A
102
}
330
1A
100
AcDbPlotSettings
  1

  2
none_device
  4
Letter_(8.50_x_11.00_Inches)
  6

 40
6.35
 41
6.35
 42
6.35000508
 43
6.35000508
 44
215.9
 45
279.4
 46
0.0
 47
0.0
 48
0.0
 49
0.0
140
0.0
141
0.0
142
1.0
143
1.0
 70
  1712
 72
     0
 73
     0
 74
     0
  7

 75
     0
 76
     0
 77
     2
 78
   300
147
1.0
148
0.0
149
0.0
100
AcDbLayout
  1
Model
 70
     1
 71
     0
 10
0.0
 20
0.0
 11
12.0
 21
9.0
 12
0.0
 22
0.0
 32
0.0
 14
-401.5256572314584
 24
-5.155652200788111
 34
0.0
 15
57.68305113999799
 25
6.696078874912651
 35
0.0
146
0.0
 13
0.0
 23
0.0
 33
0.0
 16
1.0
 26
0.0
 36
0.0
 17
0.0
 27
1.0
 37
0.0
 76
     0
330
1F
331
29
  0
MATERIAL
  5
45
102
{ACAD_REACTORS
330
43
102
}
330
43
100
AcDbMaterial
  1
ByBlock
 72
     1
 94
      127
  0
MATERIAL
  5
44
102
{ACAD_REACTORS
330
43
102
}
330
43
100
AcDbMaterial
  1
ByLayer
 72
     1
 94
      127
  0
MATERIAL
  5
46
102
{ACAD_REACTORS
330
43
102
}
330
43
100
AcDbMaterial
  1
Global
 72
     1
 94
      127
  0
MLEADERSTYLE
  5
5C
102
{ACAD_REACTORS
330
5B
102
}
102
{ACAD_XDICTIONARY
360
56F
102
}
330
5B
100
AcDbMLeaderStyle
170
     2
171
     1
172
     0
 90
        2
 40
0.0
 41
0.0
173
     1
 91
-1056964608
340
14
 92
       -2
290
     1
 42
0.09
291
     1
 43
0.36
  3
Standard
341
0
 44
0.18
300

342
11
174
     1
178
     6
175
     1
176
     0
 93
-1056964608
 45
0.18
292
     0
297
     0
 46
0.18
343
0
 94
-1056964608
 47
1.0
 49
1.0
140
1.0
293
     1
141
0.0
294
     1
177
     0
142
1.0
295
     0
296
     0
143
0.125
1001
ACAD_MLEADERVER
1070
     2
  0
MLINESTYLE
  5
18
102
{ACAD_REACTORS
330
17
102
}
330
17
100
AcDbMlineStyle
  2
Standard
 70
     0
  3

 62
   256
 51
90.0
 52
90.0
 71
     2
 49
0.5
 62
   256
  6
BYLAYER
 49
-0.5
 62
   256
  6
BYLAYER
  0
ACDBPLACEHOLDER
  5
F
102
{ACAD_REACTORS
330
E
102
}
330
E
  0
SCALE
  5
48
102
{ACAD_REACTORS
330
47
102
}
330
47
100
AcDbScale
 70
     0
300
1:1
140
1.0
141
1.0
290
     1
  0
SCALE
  5
49
102
{ACAD_REACTORS
330
47
102
}
330
47
100
AcDbScale
 70
     0
300
1/128" = 1'-0"
140
0.0078125
141
12.0
290
     0
  0
SCALE
  5
4A
102
{ACAD_REACTORS
330
47
102
}
330
47
100
AcDbScale
 70
     0
300
1/64" = 1'-0"
140
0.015625
141
12.0
290
     0
  0
SCALE
  5
4B
102
{ACAD_REACTORS
330
47
102
}
330
47
100
AcDbScale
 70
     0
300
1/32" = 1'-0"
140
0.03125
141
12.0
290
     0
  0
SCALE
  5
4C
102
{ACAD_REACTORS
330
47
102
}
330
47
100
AcDbScale
 70
     0
300
1/16" = 1'-0"
140
0.0625
141
12.0
290
     0
  0
SCALE
  5
4D
102
{ACAD_REACTORS
330
47
102
}
330
47
100
AcDbScale
 70
     0
300
3/32" = 1'-0"
140
0.09375
141
12.0
290
     0
  0
SCALE
  5
4E
102
{ACAD_REACTORS
330
47
102
}
330
47
100
AcDbScale
 70
     0
300
1/8" = 1'-0"
140
0.125
141
12.0
290
     0
  0
SCALE
  5
4F
102
{ACAD_REACTORS
330
47
102
}
330
47
100
AcDbScale
 70
     0
300
3/16" = 1'-0"
140
0.1875
141
12.0
290
     0
  0
SCALE
  5
50
102
{ACAD_REACTORS
330
47
102
}
330
47
100
AcDbScale
 70
     0
300
1/4" = 1'-0"
140
0.25
141
12.0
290
     0
  0
SCALE
  5
51
102
{ACAD_REACTORS
330
47
102
}
330
47
100
AcDbScale
 70
     0
300
3/8" = 1'-0"
140
0.375
141
12.0
290
     0
  0
SCALE
  5
52
102
{ACAD_REACTORS
330
47
102
}
330
47
100
AcDbScale
 70
     0
300
1/2" = 1'-0"
140
0.5
141
12.0
290
     0
  0
SCALE
  5
53
102
{ACAD_REACTORS
330
47
102
}
330
47
100
AcDbScale
 70
     0
300
3/4" = 1'-0"
140
0.75
141
12.0
290
     0
  0
SCALE
  5
54
102
{ACAD_REACTORS
330
47
102
}
330
47
100
AcDbScale
 70
     0
300
1" = 1'-0"
140
1.0
141
12.0
290
     0
  0
SCALE
  5
55
102
{ACAD_REACTORS
330
47
102
}
330
47
100
AcDbScale
 70
     0
300
1-1/2" = 1'-0"
140
1.5
141
12.0
290
     0
  0
SCALE
  5
56
102
{ACAD_REACTORS
330
47
102
}
330
47
100
AcDbScale
 70
     0
300
3" = 1'-0"
140
3.0
141
12.0
290
     0
  0
SCALE
  5
57
102
{ACAD_REACTORS
330
47
102
}
330
47
100
AcDbScale
 70
     0
300
6" = 1'-0"
140
6.0
141
12.0
290
     0
  0
SCALE
  5
58
102
{ACAD_REACTORS
330
47
102
}
330
47
100
AcDbScale
 70
     0
300
1'-0" = 1'-0"
140
12.0
141
12.0
290
     0
  0
TABLESTYLE
  5
5A
102
{ACAD_REACTORS
330
59
102
}
102
{ACAD_XDICTIONARY
360
56C
102
}
330
59
100
AcDbTableStyle
  3
Standard
 70
     0
 71
     0
 40
0.06
 41
0.06
280
     0
281
     0
  7
Standard
140
0.18
170
     2
 62
     0
 63
   257
283
     0
 90
        4
 91
        0
  1

274
    -2
284
     1
 64
     0
275
    -2
285
     1
 65
     0
276
    -2
286
     1
 66
     0
277
    -2
287
     1
 67
     0
278
    -2
288
     1
 68
     0
279
    -2
289
     1
 69
     0
  7
Standard
140
0.25
170
     5
 62
     0
 63
   257
283
     0
 90
        4
 91
        0
  1

274
    -2
284
     1
 64
     0
275
    -2
285
     1
 65
     0
276
    -2
286
     1
 66
     0
277
    -2
287
     1
 67
     0
278
    -2
288
     1
 68
     0
279
    -2
289
     1
 69
     0
  7
Standard
140
0.18
170
     5
 62
     0
 63
   257
283
     0
 90
        4
 91
        0
  1

274
    -2
284
     1
 64
     0
275
    -2
285
     1
 65
     0
276
    -2
286
     1
 66
     0
277
    -2
287
     1
 67
     0
278
    -2
288
     1
 68
     0
279
    -2
289
     1
 69
     0
  0
VISUALSTYLE
  5
2F
102
{ACAD_REACTORS
330
2A
102
}
102
{ACAD_XDICTIONARY
360
544
102
}
330
2A
100
AcDbVisualStyle
  2
2dWireframe
 70
     4
 71
     0
 72
     2
 73
     0
 90
        0
 40
0.6
 41
30.0
 62
     5
 63
     7
421
 16777215
 74
     1
 91
        4
 64
     7
 65
   257
 75
     1
175
     1
 42
1.0
 92
        0
 66
   257
 43
1.0
 76
     1
 77
     6
 78
     2
 67
     7
 79
     5
170
     0
171
     0
290
     0
174
     0
 93
        1
 44
0.0
173
     0
291
     0
 45
0.0
  0
VISUALSTYLE
  5
32
102
{ACAD_REACTORS
330
2A
102
}
102
{ACAD_XDICTIONARY
360
54A
102
}
330
2A
100
AcDbVisualStyle
  2
Basic
 70
     7
 71
     1
 72
     0
 73
     1
 90
        0
 40
0.6
 41
30.0
 62
     5
 63
     7
421
 16777215
 74
     0
 91
        4
 64
     7
 65
   257
 75
     1
175
     1
 42
1.0
 92
        8
 66
     7
 43
1.0
 76
     1
 77
     6
 78
     2
 67
     7
 79
     5
170
     0
171
     0
290
     0
174
     0
 93
        1
 44
0.0
173
     0
291
     1
 45
0.0
  0
VISUALSTYLE
  5
36
102
{ACAD_REACTORS
330
2A
102
}
102
{ACAD_XDICTIONARY
360
552
102
}
330
2A
100
AcDbVisualStyle
  2
Brighten
 70
    12
 71
     2
 72
     2
 73
     0
 90
        0
 40
0.6
 41
30.0
 62
     5
 63
     7
421
 16777215
 74
     1
 91
        4
 64
     7
 65
   257
 75
     1
175
     1
 42
1.0
 92
        8
 66
     7
 43
1.0
 76
     1
 77
     6
 78
     2
 67
     7
 79
     5
170
     0
171
     0
290
     0
174
     0
 93
        1
 44
50.0
173
     0
291
     1
 45
0.0
  0
VISUALSTYLE
  5
3A
102
{ACAD_REACTORS
330
2A
102
}
102
{ACAD_XDICTIONARY
360
55A
102
}
330
2A
100
AcDbVisualStyle
  2
ColorChange
 70
    16
 71
     2
 72
     2
 73
     3
 90
        0
 40
0.6
 41
30.0
 62
     5
 63
     8
421
  8421504
 74
     1
 91
        4
 64
     7
 65
   257
 75
     1
175
     1
 42
1.0
 92
        8
 66
     8
424
  8421504
 43
1.0
 76
     1
 77
     6
 78
     2
 67
     7
 79
     5
170
     0
171
     0
290
     0
174
     0
 93
        1
 44
0.0
173
     0
291
     1
 45
0.0
  0
VISUALSTYLE
  5
34
102
{ACAD_REACTORS
330
2A
102
}
102
{ACAD_XDICTIONARY
360
54E
102
}
330
2A
100
AcDbVisualStyle
  2
Conceptual
 70
     9
 71
     3
 72
     2
 73
     0
 90
        0
 40
0.6
 41
30.0
 62
     5
 63
     7
421
 16777215
 74
     2
 91
        2
 64
     7
 65
   257
 75
     1
175
     1
 42
179.0
 92
        8
 66
     7
 43
1.0
 76
     1
 77
     6
 78
     2
 67
     7
 79
     3
170
     0
171
     0
290
     0
174
     0
 93
        1
 44
0.0
173
     0
291
     0
 45
0.0
  0
VISUALSTYLE
  5
35
102
{ACAD_REACTORS
330
2A
102
}
102
{ACAD_XDICTIONARY
360
550
102
}
330
2A
100
AcDbVisualStyle
  2
Dim
 70
    11
 71
     2
 72
     2
 73
     0
 90
        0
 40
0.6
 41
30.0
 62
     5
 63
     7
421
 16777215
 74
     1
 91
        4
 64
     7
 65
   257
 75
     1
175
     1
 42
1.0
 92
        8
 66
     7
 43
1.0
 76
     1
 77
     6
 78
     2
 67
     7
 79
     5
170
     0
171
     0
290
     0
174
     0
 93
        1
 44
-50.0
173
     0
291
     1
 45
0.0
  0
VISUALSTYLE
  5
3D
102
{ACAD_REACTORS
330
2A
102
}
102
{ACAD_XDICTIONARY
360
560
102
}
330
2A
100
AcDbVisualStyle
  2
EdgeColorOff
 70
    22
 71
     2
 72
     2
 73
     0
 90
        0
 40
0.6
 41
30.0
 62
     5
 63
     7
421
 16777215
 74
     1
 91
        4
 64
     7
 65
   257
 75
     1
175
     1
 42
1.0
 92
        8
 66
     7
 43
1.0
 76
     1
 77
     6
 78
     2
 67
     7
 79
     5
170
     0
171
     0
290
     0
174
     0
 93
        1
 44
0.0
173
     0
291
     1
 45
0.0
  0
VISUALSTYLE
  5
39
102
{ACAD_REACTORS
330
2A
102
}
102
{ACAD_XDICTIONARY
360
558
102
}
330
2A
100
AcDbVisualStyle
  2
Facepattern
 70
    15
 71
     2
 72
     2
 73
     0
 90
        0
 40
0.6
 41
30.0
 62
     5
 63
     7
421
 16777215
 74
     1
 91
        4
 64
     7
 65
   257
 75
     1
175
     1
 42
1.0
 92
        8
 66
     7
 43
1.0
 76
     1
 77
     6
 78
     2
 67
     7
 79
     5
170
     0
171
     0
290
     0
174
     0
 93
        1
 44
0.0
173
     0
291
     1
 45
0.0
  0
VISUALSTYLE
  5
2B
102
{ACAD_REACTORS
330
2A
102
}
102
{ACAD_XDICTIONARY
360
53C
102
}
330
2A
100
AcDbVisualStyle
  2
Flat
 70
     0
 71
     2
 72
     1
 73
     1
 90
        2
 40
0.6
 41
30.0
 62
     5
 63
     7
421
 16777215
 74
     0
 91
        0
 64
     7
 65
   257
 75
     1
175
     1
 42
1.0
 92
        8
 66
     7
 43
1.0
 76
     1
 77
     6
 78
     2
 67
     7
 79
     5
170
     0
171
     0
290
     0
174
     0
 93
       13
 44
0.0
173
     0
291
     1
 45
0.0
  0
VISUALSTYLE
  5
2C
102
{ACAD_REACTORS
330
2A
102
}
102
{ACAD_XDICTIONARY
360
53E
102
}
330
2A
100
AcDbVisualStyle
  2
FlatWithEdges
 70
     1
 71
     2
 72
     1
 73
     1
 90
        2
 40
0.6
 41
30.0
 62
     5
 63
     7
421
 16777215
 74
     1
 91
        0
 64
     7
 65
   257
 75
     1
175
     1
 42
1.0
 92
        0
 66
   257
 43
1.0
 76
     1
 77
     6
 78
     2
 67
     7
 79
     5
170
     0
171
     0
290
     0
174
     0
 93
       13
 44
0.0
173
     0
291
     1
 45
0.0
  0
VISUALSTYLE
  5
2D
102
{ACAD_REACTORS
330
2A
102
}
102
{ACAD_XDICTIONARY
360
540
102
}
330
2A
100
AcDbVisualStyle
  2
Gouraud
 70
     2
 71
     2
 72
     2
 73
     1
 90
        2
 40
0.6
 41
30.0
 62
     5
 63
     7
421
 16777215
 74
     0
 91
        0
 64
     7
 65
   257
 75
     1
175
     1
 42
1.0
 92
        0
 66
     7
 43
1.0
 76
     1
 77
     6
 78
     2
 67
     7
 79
     5
170
     0
171
     0
290
     0
174
     0
 93
       13
 44
0.0
173
     0
291
     1
 45
0.0
  0
VISUALSTYLE
  5
2E
102
{ACAD_REACTORS
330
2A
102
}
102
{ACAD_XDICTIONARY
360
542
102
}
330
2A
100
AcDbVisualStyle
  2
GouraudWithEdges
 70
     3
 71
     2
 72
     2
 73
     1
 90
        2
 40
0.6
 41
30.0
 62
     5
 63
     7
421
 16777215
 74
     1
 91
        0
 64
     7
 65
   257
 75
     1
175
     1
 42
1.0
 92
        0
 66
   257
 43
1.0
 76
     1
 77
     6
 78
     2
 67
     7
 79
     5
170
     0
171
     0
290
     0
174
     0
 93
       13
 44
0.0
173
     0
291
     1
 45
0.0
  0
VISUALSTYLE
  5
31
102
{ACAD_REACTORS
330
2A
102
}
102
{ACAD_XDICTIONARY
360
548
102
}
330
2A
100
AcDbVisualStyle
  2
Hidden
 70
     6
 71
     1
 72
     2
 73
     2
 90
        0
 40
0.6
 41
30.0
 62
     5
 63
     7
421
 16777215
 74
     2
 91
        2
 64
     7
 65
   257
 75
     2
175
     1
 42
40.0
 92
        0
 66
   257
 43
1.0
 76
     1
 77
     6
 78
     2
 67
     7
 79
     3
170
     0
171
     0
290
     0
174
     0
 93
        1
 44
0.0
173
     0
291
     0
 45
0.0
  0
VISUALSTYLE
  5
3B
102
{ACAD_REACTORS
330
2A
102
}
102
{ACAD_XDICTIONARY
360
55C
102
}
330
2A
100
AcDbVisualStyle
  2
JitterOff
 70
    20
 71
     2
 72
     2
 73
     0
 90
        0
 40
0.6
 41
30.0
 62
     5
 63
     7
421
 16777215
 74
     1
 91
        4
 64
     7
 65
   257
 75
     1
175
     1
 42
1.0
 92
       10
 66
     7
 43
1.0
 76
     1
 77
     6
 78
     2
 67
     7
 79
     5
170
     0
171
     0
290
     0
174
     0
 93
        1
 44
0.0
173
     0
291
     1
 45
0.0
  0
VISUALSTYLE
  5
38
102
{ACAD_REACTORS
330
2A
102
}
102
{ACAD_XDICTIONARY
360
556
102
}
330
2A
100
AcDbVisualStyle
  2
Linepattern
 70
    14
 71
     2
 72
     2
 73
     0
 90
        0
 40
0.6
 41
30.0
 62
     5
 63
     7
421
 16777215
 74
     1
 91
        4
 64
     7
 65
   257
 75
     7
175
     7
 42
1.0
 92
        8
 66
     7
 43
1.0
 76
     1
 77
     6
 78
     2
 67
     7
 79
     5
170
     0
171
     0
290
     0
174
     0
 93
        1
 44
0.0
173
     0
291
     1
 45
0.0
  0
VISUALSTYLE
  5
3C
102
{ACAD_REACTORS
330
2A
102
}
102
{ACAD_XDICTIONARY
360
55E
102
}
330
2A
100
AcDbVisualStyle
  2
OverhangOff
 70
    21
 71
     2
 72
     2
 73
     0
 90
        0
 40
0.6
 41
30.0
 62
     5
 63
     7
421
 16777215
 74
     1
 91
        4
 64
     7
 65
   257
 75
     1
175
     1
 42
1.0
 92
        9
 66
     7
 43
1.0
 76
     1
 77
     6
 78
     2
 67
     7
 79
     5
170
     0
171
     0
290
     0
174
     0
 93
        1
 44
0.0
173
     0
291
     1
 45
0.0
  0
VISUALSTYLE
  5
33
102
{ACAD_REACTORS
330
2A
102
}
102
{ACAD_XDICTIONARY
360
54C
102
}
330
2A
100
AcDbVisualStyle
  2
Realistic
 70
     8
 71
     2
 72
     3
 73
     0
 90
        2
 40
0.6
 41
30.0
 62
     5
 63
     7
421
 16777215
 74
     0
 91
        0
 64
     7
 65
   257
 75
     1
175
     1
 42
1.0
 92
        8
 66
   257
 43
1.0
 76
     1
 77
     6
 78
     2
 67
     7
 79
     3
170
     0
171
     0
290
     0
174
     0
 93
       13
 44
0.0
173
     0
291
     0
 45
0.0
  0
VISUALSTYLE
  5
42
102
{ACAD_REACTORS
330
2A
102
}
102
{ACAD_XDICTIONARY
360
56A
102
}
330
2A
100
AcDbVisualStyle
  2
Shaded
 70
    27
 71
     2
 72
     2
 73
     1
 90
        2
 40
0.6
 41
30.0
 62
     5
 63
     7
421
 16777215
 74
     0
 91
        4
 64
     7
 65
   257
 75
     1
175
     1
 42
1.0
 92
        8
 66
   257
 43
1.0
 76
     1
 77
     6
 78
     2
 67
     8
425
  7895160
 79
     3
170
     0
171
     0
290
     0
174
     0
 93
        5
 44
0.0
173
     0
291
     0
 45
0.0
  0
VISUALSTYLE
  5
41
102
{ACAD_REACTORS
330
2A
102
}
102
{ACAD_XDICTIONARY
360
568
102
}
330
2A
100
AcDbVisualStyle
  2
Shaded with edges
 70
    26
 71
     2
 72
     2
 73
     1
 90
        2
 40
0.6
 41
30.0
 62
     5
 63
     7
421
 16777215
 74
     1
 91
       10
 64
     7
 65
   257
 75
     2
175
     1
 42
1.0
 92
        8
 66
   257
 43
1.0
 76
     1
 77
     6
 78
     2
 67
     7
 79
     3
170
     0
171
     0
290
     0
174
     0
 93
        5
 44
0.0
173
     0
291
     0
 45
0.0
  0
VISUALSTYLE
  5
3E
102
{ACAD_REACTORS
330
2A
102
}
102
{ACAD_XDICTIONARY
360
562
102
}
330
2A
100
AcDbVisualStyle
  2
Shades of Gray
 70
    23
 71
     2
 72
     2
 73
     3
 90
        0
 40
0.6
 41
30.0
 62
     5
 63
     7
421
 16777215
 74
     2
 91
        2
 64
     7
 65
     7
 75
     1
175
     1
 42
40.0
 92
        8
 66
     7
 43
1.0
 76
     1
 77
     6
 78
     2
 67
     7
 79
     3
170
     0
171
     0
290
     0
174
     0
 93
        1
 44
0.0
173
     0
291
     0
 45
0.0
  0
VISUALSTYLE
  5
3F
102
{ACAD_REACTORS
330
2A
102
}
102
{ACAD_XDICTIONARY
360
564
102
}
330
2A
100
AcDbVisualStyle
  2
Sketchy
 70
    24
 71
     1
 72
     2
 73
     2
 90
        0
 40
0.6
 41
30.0
 62
     5
 63
     7
421
 16777215
 74
     2
 91
        2
 64
     7
 65
     7
 75
     1
175
     1
 42
40.0
 92
       11
 66
     7
 43
1.0
 76
     1
 77
     6
 78
     2
 67
     7
 79
     6
170
     0
171
     0
290
     0
174
     0
 93
        1
 44
0.0
173
     0
291
     0
 45
0.0
  0
VISUALSTYLE
  5
37
102
{ACAD_REACTORS
330
2A
102
}
102
{ACAD_XDICTIONARY
360
554
102
}
330
2A
100
AcDbVisualStyle
  2
Thicken
 70
    13
 71
     2
 72
     2
 73
     0
 90
        0
 40
0.6
 41
30.0
 62
     5
 63
     7
421
 16777215
 74
     1
 91
        4
 64
     7
 65
   257
 75
     1
175
     1
 42
1.0
 92
       12
 66
     7
 43
1.0
 76
     1
 77
     6
 78
     2
 67
     7
 79
     5
170
     0
171
     0
290
     0
174
     0
 93
        1
 44
0.0
173
     0
291
     1
 45
0.0
  0
VISUALSTYLE
  5
30
102
{ACAD_REACTORS
330
2A
102
}
102
{ACAD_XDICTIONARY
360
546
102
}
330
2A
100
AcDbVisualStyle
  2
Wireframe
 70
     5
 71
     0
 72
     2
 73
     0
 90
        0
 40
0.6
 41
30.0
 62
     5
 63
     7
421
 16777215
 74
     1
 91
        4
 64
     7
 65
   257
 75
     1
175
     1
 42
1.0
 92
        0
 66
   257
 43
1.0
 76
     1
 77
     6
 78
     2
 67
     7
 79
     3
170
     0
171
     0
290
     0
174
     0
 93
        1
 44
0.0
173
     0
291
     0
 45
0.0
  0
VISUALSTYLE
  5
40
102
{ACAD_REACTORS
330
2A
102
}
102
{ACAD_XDICTIONARY
360
566
102
}
330
2A
100
AcDbVisualStyle
  2
X-Ray
 70
    25
 71
     2
 72
     2
 73
     1
 90
        1
 40
0.5
 41
30.0
 62
     5
 63
     7
421
 16777215
 74
     1
 91
        0
 64
     7
 65
   257
 75
     1
175
     1
 42
1.0
 92
        8
 66
     7
 43
1.0
 76
     1
 77
     6
 78
     2
 67
     7
 79
     3
170
     0
171
     0
290
     0
174
     0
 93
       13
 44
0.0
173
     0
291
     0
 45
0.0
  0
DICTIONARYVAR
  5
53A
102
{ACAD_REACTORS
330
539
102
}
330
539
100
DictionaryVariables
280
     0
  1
1:1
  0
DICTIONARYVAR
  5
573
102
{ACAD_REACTORS
330
539
102
}
330
539
100
DictionaryVariables
280
     0
  1
Standard
  0
DICTIONARYVAR
  5
572
102
{ACAD_REACTORS
330
539
102
}
330
539
100
DictionaryVariables
280
     0
  1
Standard
  0
DICTIONARYVAR
  5
53B
102
{ACAD_REACTORS
330
539
102
}
330
539
100
DictionaryVariables
280
     0
  1
2
  0
DICTIONARY
  5
56F
330
5C
100
AcDbDictionary
280
     1
281
     1
  3
ACAD_XREC_ROUNDTRIP
360
570
  0
DICTIONARY
  5
56C
330
5A
100
AcDbDictionary
280
     1
281
     1
  3
ACAD_ROUNDTRIP_2008_TABLESTYLE_CELLSTYLEMAP
360
56D
  0
DICTIONARY
  5
544
330
2F
100
AcDbDictionary
280
     1
281
     1
  3
ACAD_XREC_ROUNDTRIP
360
545
  0
DICTIONARY
  5
54A
330
32
100
AcDbDictionary
280
     1
281
     1
  3
ACAD_XREC_ROUNDTRIP
360
54B
  0
DICTIONARY
  5
552
330
36
100
AcDbDictionary
280
     1
281
     1
  3
ACAD_XREC_ROUNDTRIP
360
553
  0
DICTIONARY
  5
55A
330
3A
100
AcDbDictionary
280
     1
281
     1
  3
ACAD_XREC_ROUNDTRIP
360
55B
  0
DICTIONARY
  5
54E
330
34
100
AcDbDictionary
280
     1
281
     1
  3
ACAD_XREC_ROUNDTRIP
360
54F
  0
DICTIONARY
  5
550
330
35
100
AcDbDictionary
280
     1
281
     1
  3
ACAD_XREC_ROUNDTRIP
360
551
  0
DICTIONARY
  5
560
330
3D
100
AcDbDictionary
280
     1
281
     1
  3
ACAD_XREC_ROUNDTRIP
360
561
  0
DICTIONARY
  5
558
330
39
100
AcDbDictionary
280
     1
281
     1
  3
ACAD_XREC_ROUNDTRIP
360
559
  0
DICTIONARY
  5
53C
330
2B
100
AcDbDictionary
280
     1
281
     1
  3
ACAD_XREC_ROUNDTRIP
360
53D
  0
DICTIONARY
  5
53E
330
2C
100
AcDbDictionary
280
     1
281
     1
  3
ACAD_XREC_ROUNDTRIP
360
53F
  0
DICTIONARY
  5
540
330
2D
100
AcDbDictionary
280
     1
281
     1
  3
ACAD_XREC_ROUNDTRIP
360
541
  0
DICTIONARY
  5
542
330
2E
100
AcDbDictionary
280
     1
281
     1
  3
ACAD_XREC_ROUNDTRIP
360
543
  0
DICTIONARY
  5
548
330
31
100
AcDbDictionary
280
     1
281
     1
  3
ACAD_XREC_ROUNDTRIP
360
549
  0
DICTIONARY
  5
55C
330
3B
100
AcDbDictionary
280
     1
281
     1
  3
ACAD_XREC_ROUNDTRIP
360
55D
  0
DICTIONARY
  5
556
330
38
100
AcDbDictionary
280
     1
281
     1
  3
ACAD_XREC_ROUNDTRIP
360
557
  0
DICTIONARY
  5
55E
330
3C
100
AcDbDictionary
280
     1
281
     1
  3
ACAD_XREC_ROUNDTRIP
360
55F
  0
DICTIONARY
  5
54C
330
33
100
AcDbDictionary
280
     1
281
     1
  3
ACAD_XREC_ROUNDTRIP
360
54D
  0
DICTIONARY
  5
56A
330
42
100
AcDbDictionary
280
     1
281
     1
  3
ACAD_XREC_ROUNDTRIP
360
56B
  0
DICTIONARY
  5
568
330
41
100
AcDbDictionary
280
     1
281
     1
  3
ACAD_XREC_ROUNDTRIP
360
569
  0
DICTIONARY
  5
562
330
3E
100
AcDbDictionary
280
     1
281
     1
  3
ACAD_XREC_ROUNDTRIP
360
563
  0
DICTIONARY
  5
564
330
3F
100
AcDbDictionary
280
     1
281
     1
  3
ACAD_XREC_ROUNDTRIP
360
565
  0
DICTIONARY
  5
554
330
37
100
AcDbDictionary
280
     1
281
     1
  3
ACAD_XREC_ROUNDTRIP
360
555
  0
DICTIONARY
  5
546
330
30
100
AcDbDictionary
280
     1
281
     1
  3
ACAD_XREC_ROUNDTRIP
360
547
  0
DICTIONARY
  5
566
330
40
100
AcDbDictionary
280
     1
281
     1
  3
ACAD_XREC_ROUNDTRIP
360
567
  0
XRECORD
  5
570
102
{ACAD_REACTORS
330
56F
102
}
330
56F
100
AcDbXrecord
280
     1
102
ACAD_ROUNDTRIP_2010_MLEADER_STYLE
  0
CELLSTYLEMAP
  5
56D
102
{ACAD_REACTORS
330
56C
102
}
330
56C
100
AcDbCellStyleMap
 90
        3
300
CELLSTYLE
  1
TABLEFORMAT_BEGIN
 90
        5
170
     1
 91
        0
 92
    32768
 62
   257
 93
        1
300
CONTENTFORMAT
  1
CONTENTFORMAT_BEGIN
 90
        0
 91
        0
 92
        4
 93
        0
300

 40
0.0
140
1.0
 94
        5
 62
     0
340
11
144
0.25
309
CONTENTFORMAT_END
171
     1
301
MARGIN
  1
CELLMARGIN_BEGIN
 40
0.06
 40
0.06
 40
0.06
 40
0.06
 40
0.06
 40
0.06
309
CELLMARGIN_END
 94
        6
 95
        1
302
GRIDFORMAT
  1
GRIDFORMAT_BEGIN
 90
        0
 91
        1
 62
     0
 92
       -2
340
14
 93
        0
 40
0.045
309
GRIDFORMAT_END
 95
        2
302
GRIDFORMAT
  1
GRIDFORMAT_BEGIN
 90
        0
 91
        1
 62
     0
 92
       -2
340
14
 93
        0
 40
0.045
309
GRIDFORMAT_END
 95
        4
302
GRIDFORMAT
  1
GRIDFORMAT_BEGIN
 90
        0
 91
        1
 62
     0
 92
       -2
340
14
 93
        0
 40
0.045
309
GRIDFORMAT_END
 95
        8
302
GRIDFORMAT
  1
GRIDFORMAT_BEGIN
 90
        0
 91
        1
 62
     0
 92
       -2
340
14
 93
        0
 40
0.045
309
GRIDFORMAT_END
 95
       16
302
GRIDFORMAT
  1
GRIDFORMAT_BEGIN
 90
        0
 91
        1
 62
     0
 92
       -2
340
14
 93
        0
 40
0.045
309
GRIDFORMAT_END
 95
       32
302
GRIDFORMAT
  1
GRIDFORMAT_BEGIN
 90
        0
 91
        1
 62
     0
 92
       -2
340
14
 93
        0
 40
0.045
309
GRIDFORMAT_END
309
TABLEFORMAT_END
  1
CELLSTYLE_BEGIN
 90
        1
 91
        1
300
_TITLE
309
CELLSTYLE_END
300
CELLSTYLE
  1
TABLEFORMAT_BEGIN
 90
        5
170
     1
 91
        0
 92
        0
 62
   257
 93
        1
300
CONTENTFORMAT
  1
CONTENTFORMAT_BEGIN
 90
        0
 91
        0
 92
        4
 93
        0
300

 40
0.0
140
1.0
 94
        5
 62
     0
340
11
144
0.18
309
CONTENTFORMAT_END
171
     1
301
MARGIN
  1
CELLMARGIN_BEGIN
 40
0.06
 40
0.06
 40
0.06
 40
0.06
 40
0.06
 40
0.06
309
CELLMARGIN_END
 94
        6
 95
        1
302
GRIDFORMAT
  1
GRIDFORMAT_BEGIN
 90
        0
 91
        1
 62
     0
 92
       -2
340
14
 93
        0
 40
0.045
309
GRIDFORMAT_END
 95
        2
302
GRIDFORMAT
  1
GRIDFORMAT_BEGIN
 90
        0
 91
        1
 62
     0
 92
       -2
340
14
 93
        0
 40
0.045
309
GRIDFORMAT_END
 95
        4
302
GRIDFORMAT
  1
GRIDFORMAT_BEGIN
 90
        0
 91
        1
 62
     0
 92
       -2
340
14
 93
        0
 40
0.045
309
GRIDFORMAT_END
 95
        8
302
GRIDFORMAT
  1
GRIDFORMAT_BEGIN
 90
        0
 91
        1
 62
     0
 92
       -2
340
14
 93
        0
 40
0.045
309
GRIDFORMAT_END
 95
       16
302
GRIDFORMAT
  1
GRIDFORMAT_BEGIN
 90
        0
 91
        1
 62
     0
 92
       -2
340
14
 93
        0
 40
0.045
309
GRIDFORMAT_END
 95
       32
302
GRIDFORMAT
  1
GRIDFORMAT_BEGIN
 90
        0
 91
        1
 62
     0
 92
       -2
340
14
 93
        0
 40
0.045
309
GRIDFORMAT_END
309
TABLEFORMAT_END
  1
CELLSTYLE_BEGIN
 90
        2
 91
        1
300
_HEADER
309
CELLSTYLE_END
300
CELLSTYLE
  1
TABLEFORMAT_BEGIN
 90
        5
170
     1
 91
        0
 92
        0
 62
   257
 93
        1
300
CONTENTFORMAT
  1
CONTENTFORMAT_BEGIN
 90
        0
 91
        0
 92
        4
 93
        0
300

 40
0.0
140
1.0
 94
        2
 62
     0
340
11
144
0.18
309
CONTENTFORMAT_END
171
     1
301
MARGIN
  1
CELLMARGIN_BEGIN
 40
0.06
 40
0.06
 40
0.06
 40
0.06
 40
0.06
 40
0.06
309
CELLMARGIN_END
 94
        6
 95
        1
302
GRIDFORMAT
  1
GRIDFORMAT_BEGIN
 90
        0
 91
        1
 62
     0
 92
       -2
340
14
 93
        0
 40
0.045
309
GRIDFORMAT_END
 95
        2
302
GRIDFORMAT
  1
GRIDFORMAT_BEGIN
 90
        0
 91
        1
 62
     0
 92
       -2
340
14
 93
        0
 40
0.045
309
GRIDFORMAT_END
 95
        4
302
GRIDFORMAT
  1
GRIDFORMAT_BEGIN
 90
        0
 91
        1
 62
     0
 92
       -2
340
14
 93
        0
 40
0.045
309
GRIDFORMAT_END
 95
        8
302
GRIDFORMAT
  1
GRIDFORMAT_BEGIN
 90
        0
 91
        1
 62
     0
 92
       -2
340
14
 93
        0
 40
0.045
309
GRIDFORMAT_END
 95
       16
302
GRIDFORMAT
  1
GRIDFORMAT_BEGIN
 90
        0
 91
        1
 62
     0
 92
       -2
340
14
 93
        0
 40
0.045
309
GRIDFORMAT_END
 95
       32
302
GRIDFORMAT
  1
GRIDFORMAT_BEGIN
 90
        0
 91
        1
 62
     0
 92
       -2
340
14
 93
        0
 40
0.045
309
GRIDFORMAT_END
309
TABLEFORMAT_END
  1
CELLSTYLE_BEGIN
 90
        3
 91
        2
300
_DATA
309
CELLSTYLE_END
  0
XRECORD
  5
545
102
{ACAD_REACTORS
330
544
102
}
330
544
100
AcDbXrecord
280
     1
102
RTVSPropertyOp0
 70
     1
102
RTVSPropertyOp1
 70
     1
102
RTVSPropertyOp2
 70
     1
102
RTVSPropertyOp3
 70
     1
102
RTVSPropertyOp4
 70
     1
102
RTVSPropertyOp5
 70
     1
102
RTVSPropertyOp6
 70
     1
102
RTVSPropertyOp7
 70
     1
102
RTVSPropertyOp8
 70
     1
102
RTVSPropertyOp9
 70
     1
102
RTVSPropertyOp10
 70
     1
102
RTVSPropertyOp11
 70
     1
102
RTVSPropertyOp12
 70
     1
102
RTVSPropertyOp13
 70
     1
102
RTVSPropertyOp14
 70
     1
102
RTVSPropertyOp15
 70
     1
102
RTVSPropertyOp16
 70
     1
102
RTVSPropertyOp17
 70
     1
102
RTVSPropertyOp18
 70
     1
102
RTVSPropertyOp19
 70
     1
102
RTVSPropertyOp20
 70
     1
102
RTVSPropertyOp21
 70
     1
102
RTVSPropertyOp22
 70
     1
102
RTVSPropertyOp23
 70
     1
102
RTVSPropertyOp24
 70
     1
102
RTVSPropertyOp25
 70
     1
102
RTVSPropertyOp26
 70
     1
102
RTVSPropertyOp27
 70
     1
102
RTVSPropertyOp28
 70
     1
102
RTVSPropertyOp29
 70
     1
102
RTVSPropertyOp30
 70
     1
102
RTVSPropertyOp31
 70
     1
102
RTVSPropertyOp32
 70
     1
102
RTVSPropertyOp33
 70
     1
102
RTVSPropertyOp34
 70
     1
102
RTVSPropertyOp35
 70
     1
102
RTVSPropertyOp36
 70
     1
102
RTVSPropertyOp37
 70
     1
102
RTVSPropertyOp38
 70
     1
102
RTVSPropertyOp39
 70
     1
102
RTVSPropertyOp40
 70
     1
102
RTVSPropertyOp41
 70
     1
102
RTVSPropertyOp42
 70
     1
102
RTVSPropertyOp43
 70
     1
102
RTVSPropertyOp44
 70
     1
102
RTVSPropertyOp45
 70
     1
102
RTVSPropertyOp46
 70
     1
102
RTVSPropertyOp47
 70
     1
102
RTVSPropertyOp48
 70
     1
102
RTVSPropertyOp49
 70
     1
102
RTVSPropertyOp50
 70
     1
102
RTVSPropertyOp51
 70
     0
102
RTVSPropertyOp52
 70
     0
102
RTVSPropertyOp53
 70
     1
102
RTVSPropertyOp54
 70
     1
102
RTVSPropertyOp55
 70
     1
102
RTVSPropertyOp56
 70
     1
102
RTVSPropertyOp57
 70
     1
102
RTVSPost2010Prop28
280
     1
102
RTVSPost2010PropOp28
 70
     1
102
RTVSPost2010Prop29
280
     1
102
RTVSPost2010PropOp29
 70
     1
102
RTVSPost2010Prop30
280
     0
102
RTVSPost2010PropOp30
 70
     1
102
RTVSPost2010Prop31
280
     0
102
RTVSPost2010PropOp31
 70
     1
102
RTVSPost2010Prop32
280
     0
102
RTVSPost2010PropOp32
 70
     1
102
RTVSPost2010Prop33
280
     0
102
RTVSPost2010PropOp33
 70
     1
102
RTVSPost2010Prop34
280
     0
102
RTVSPost2010PropOp34
 70
     1
102
RTVSPost2010Prop35
280
     0
102
RTVSPost2010PropOp35
 70
     1
102
RTVSPost2010Prop36
280
     0
102
RTVSPost2010PropOp36
 70
     1
102
RTVSPost2010Prop37
 90
       50
102
RTVSPost2010PropOp37
 70
     1
102
RTVSPost2010Prop38
140
0.0
102
RTVSPost2010PropOp38
 70
     1
102
RTVSPost2010Prop39
140
1.0
102
RTVSPost2010PropOp39
 70
     1
102
RTVSPost2010Prop40
 90
        0
102
RTVSPost2010PropOp40
 70
     1
102
RTVSPost2010Prop41ColorIndex
 90
       18
102
RTVSPost2010Prop41ColorRGB
 90
        0
102
RTVSPost2010PropOp41
 70
     1
102
RTVSPost2010Prop42
 90
       50
102
RTVSPost2010PropOp42
 70
     1
102
RTVSPost2010Prop43
 90
        3
102
RTVSPost2010PropOp43
 70
     1
102
RTVSPost2010Prop44ColorIndex
 90
        5
102
RTVSPost2010Prop44ColorRGB
 90
      255
102
RTVSPost2010PropOp44
 70
     1
102
RTVSPost2010Prop45
280
     0
102
RTVSPost2010PropOp45
 70
     1
102
RTVSPost2010Prop46
 90
       50
102
RTVSPost2010PropOp46
 70
     1
102
RTVSPost2010Prop47
 90
       50
102
RTVSPost2010PropOp47
 70
     1
102
RTVSPost2010Prop48
 90
       50
102
RTVSPost2010PropOp48
 70
     1
102
RTVSPost2010Prop49
280
     0
102
RTVSPost2010PropOp49
 70
     1
102
RTVSPost2010Prop50
 90
       50
102
RTVSPost2010PropOp50
 70
     1
102
RTVSPost2010Prop51ColorIndex
 90
      256
102
RTVSPost2010Prop51ColorRGB
 90
-16777216
102
RTVSPost2010PropOp51
 70
     0
102
RTVSPost2010Prop52
140
1.0
102
RTVSPost2010PropOp52
 70
     0
102
RTVSPost2010Prop53
 90
        2
102
RTVSPost2010PropOp53
 70
     1
102
RTVSPost2010Prop54
  1
strokes_ogs.tif
102
RTVSPost2010PropOp54
 70
     1
102
RTVSPost2010Prop55
280
     0
102
RTVSPost2010PropOp55
 70
     1
102
RTVSPost2010Prop56
140
1.0
102
RTVSPost2010PropOp56
 70
     1
102
RTVSPost2010Prop57
140
1.0
102
RTVSPost2010PropOp57
 70
     1
  0
XRECORD
  5
54B
102
{ACAD_REACTORS
330
54A
102
}
330
54A
100
AcDbXrecord
280
     1
102
RTVSPropertyOp0
 70
     1
102
RTVSPropertyOp1
 70
     1
102
RTVSPropertyOp2
 70
     1
102
RTVSPropertyOp3
 70
     1
102
RTVSPropertyOp4
 70
     1
102
RTVSPropertyOp5
 70
     1
102
RTVSPropertyOp6
 70
     1
102
RTVSPropertyOp7
 70
     1
102
RTVSPropertyOp8
 70
     1
102
RTVSPropertyOp9
 70
     1
102
RTVSPropertyOp10
 70
     1
102
RTVSPropertyOp11
 70
     1
102
RTVSPropertyOp12
 70
     1
102
RTVSPropertyOp13
 70
     1
102
RTVSPropertyOp14
 70
     1
102
RTVSPropertyOp15
 70
     1
102
RTVSPropertyOp16
 70
     1
102
RTVSPropertyOp17
 70
     1
102
RTVSPropertyOp18
 70
     1
102
RTVSPropertyOp19
 70
     1
102
RTVSPropertyOp20
 70
     1
102
RTVSPropertyOp21
 70
     1
102
RTVSPropertyOp22
 70
     1
102
RTVSPropertyOp23
 70
     1
102
RTVSPropertyOp24
 70
     1
102
RTVSPropertyOp25
 70
     1
102
RTVSPropertyOp26
 70
     1
102
RTVSPropertyOp27
 70
     1
102
RTVSPropertyOp28
 70
     1
102
RTVSPropertyOp29
 70
     1
102
RTVSPropertyOp30
 70
     1
102
RTVSPropertyOp31
 70
     1
102
RTVSPropertyOp32
 70
     1
102
RTVSPropertyOp33
 70
     1
102
RTVSPropertyOp34
 70
     1
102
RTVSPropertyOp35
 70
     1
102
RTVSPropertyOp36
 70
     1
102
RTVSPropertyOp37
 70
     1
102
RTVSPropertyOp38
 70
     1
102
RTVSPropertyOp39
 70
     1
102
RTVSPropertyOp40
 70
     1
102
RTVSPropertyOp41
 70
     1
102
RTVSPropertyOp42
 70
     1
102
RTVSPropertyOp43
 70
     1
102
RTVSPropertyOp44
 70
     1
102
RTVSPropertyOp45
 70
     1
102
RTVSPropertyOp46
 70
     1
102
RTVSPropertyOp47
 70
     1
102
RTVSPropertyOp48
 70
     1
102
RTVSPropertyOp49
 70
     1
102
RTVSPropertyOp50
 70
     1
102
RTVSPropertyOp51
 70
     0
102
RTVSPropertyOp52
 70
     0
102
RTVSPropertyOp53
 70
     1
102
RTVSPropertyOp54
 70
     1
102
RTVSPropertyOp55
 70
     1
102
RTVSPropertyOp56
 70
     1
102
RTVSPropertyOp57
 70
     1
102
RTVSPost2010Prop28
280
     0
102
RTVSPost2010PropOp28
 70
     1
102
RTVSPost2010Prop29
280
     1
102
RTVSPost2010PropOp29
 70
     1
102
RTVSPost2010Prop30
280
     1
102
RTVSPost2010PropOp30
 70
     1
102
RTVSPost2010Prop31
280
     0
102
RTVSPost2010PropOp31
 70
     1
102
RTVSPost2010Prop32
280
     0
102
RTVSPost2010PropOp32
 70
     1
102
RTVSPost2010Prop33
280
     0
102
RTVSPost2010PropOp33
 70
     1
102
RTVSPost2010Prop34
280
     0
102
RTVSPost2010PropOp34
 70
     1
102
RTVSPost2010Prop35
280
     0
102
RTVSPost2010PropOp35
 70
     1
102
RTVSPost2010Prop36
280
     0
102
RTVSPost2010PropOp36
 70
     1
102
RTVSPost2010Prop37
 90
       50
102
RTVSPost2010PropOp37
 70
     1
102
RTVSPost2010Prop38
140
0.0
102
RTVSPost2010PropOp38
 70
     1
102
RTVSPost2010Prop39
140
1.0
102
RTVSPost2010PropOp39
 70
     1
102
RTVSPost2010Prop40
 90
        0
102
RTVSPost2010PropOp40
 70
     1
102
RTVSPost2010Prop41ColorIndex
 90
       18
102
RTVSPost2010Prop41ColorRGB
 90
        0
102
RTVSPost2010PropOp41
 70
     1
102
RTVSPost2010Prop42
 90
       50
102
RTVSPost2010PropOp42
 70
     1
102
RTVSPost2010Prop43
 90
        3
102
RTVSPost2010PropOp43
 70
     1
102
RTVSPost2010Prop44ColorIndex
 90
        5
102
RTVSPost2010Prop44ColorRGB
 90
      255
102
RTVSPost2010PropOp44
 70
     1
102
RTVSPost2010Prop45
280
     0
102
RTVSPost2010PropOp45
 70
     1
102
RTVSPost2010Prop46
 90
       50
102
RTVSPost2010PropOp46
 70
     1
102
RTVSPost2010Prop47
 90
       50
102
RTVSPost2010PropOp47
 70
     1
102
RTVSPost2010Prop48
 90
       50
102
RTVSPost2010PropOp48
 70
     1
102
RTVSPost2010Prop49
280
     0
102
RTVSPost2010PropOp49
 70
     1
102
RTVSPost2010Prop50
 90
       50
102
RTVSPost2010PropOp50
 70
     1
102
RTVSPost2010Prop51ColorIndex
 90
      256
102
RTVSPost2010Prop51ColorRGB
 90
-16777216
102
RTVSPost2010PropOp51
 70
     0
102
RTVSPost2010Prop52
140
1.0
102
RTVSPost2010PropOp52
 70
     0
102
RTVSPost2010Prop53
 90
        2
102
RTVSPost2010PropOp53
 70
     1
102
RTVSPost2010Prop54
  1
strokes_ogs.tif
102
RTVSPost2010PropOp54
 70
     1
102
RTVSPost2010Prop55
280
     0
102
RTVSPost2010PropOp55
 70
     1
102
RTVSPost2010Prop56
140
1.0
102
RTVSPost2010PropOp56
 70
     1
102
RTVSPost2010Prop57
140
1.0
102
RTVSPost2010PropOp57
 70
     1
  0
XRECORD
  5
553
102
{ACAD_REACTORS
330
552
102
}
330
552
100
AcDbXrecord
280
     1
102
RTVSPropertyOp0
 70
     1
102
RTVSPropertyOp1
 70
     1
102
RTVSPropertyOp2
 70
     1
102
RTVSPropertyOp3
 70
     1
102
RTVSPropertyOp4
 70
     1
102
RTVSPropertyOp5
 70
     1
102
RTVSPropertyOp6
 70
     1
102
RTVSPropertyOp7
 70
     1
102
RTVSPropertyOp8
 70
     1
102
RTVSPropertyOp9
 70
     1
102
RTVSPropertyOp10
 70
     1
102
RTVSPropertyOp11
 70
     1
102
RTVSPropertyOp12
 70
     1
102
RTVSPropertyOp13
 70
     1
102
RTVSPropertyOp14
 70
     1
102
RTVSPropertyOp15
 70
     1
102
RTVSPropertyOp16
 70
     1
102
RTVSPropertyOp17
 70
     1
102
RTVSPropertyOp18
 70
     1
102
RTVSPropertyOp19
 70
     1
102
RTVSPropertyOp20
 70
     1
102
RTVSPropertyOp21
 70
     1
102
RTVSPropertyOp22
 70
     1
102
RTVSPropertyOp23
 70
     1
102
RTVSPropertyOp24
 70
     1
102
RTVSPropertyOp25
 70
     1
102
RTVSPropertyOp26
 70
     1
102
RTVSPropertyOp27
 70
     1
102
RTVSPropertyOp28
 70
     1
102
RTVSPropertyOp29
 70
     1
102
RTVSPropertyOp30
 70
     1
102
RTVSPropertyOp31
 70
     1
102
RTVSPropertyOp32
 70
     1
102
RTVSPropertyOp33
 70
     1
102
RTVSPropertyOp34
 70
     1
102
RTVSPropertyOp35
 70
     1
102
RTVSPropertyOp36
 70
     1
102
RTVSPropertyOp37
 70
     1
102
RTVSPropertyOp38
 70
     1
102
RTVSPropertyOp39
 70
     1
102
RTVSPropertyOp40
 70
     1
102
RTVSPropertyOp41
 70
     1
102
RTVSPropertyOp42
 70
     1
102
RTVSPropertyOp43
 70
     1
102
RTVSPropertyOp44
 70
     1
102
RTVSPropertyOp45
 70
     1
102
RTVSPropertyOp46
 70
     1
102
RTVSPropertyOp47
 70
     1
102
RTVSPropertyOp48
 70
     1
102
RTVSPropertyOp49
 70
     1
102
RTVSPropertyOp50
 70
     1
102
RTVSPropertyOp51
 70
     0
102
RTVSPropertyOp52
 70
     0
102
RTVSPropertyOp53
 70
     1
102
RTVSPropertyOp54
 70
     1
102
RTVSPropertyOp55
 70
     1
102
RTVSPropertyOp56
 70
     1
102
RTVSPropertyOp57
 70
     1
102
RTVSPost2010Prop28
280
     0
102
RTVSPost2010PropOp28
 70
     1
102
RTVSPost2010Prop29
280
     1
102
RTVSPost2010PropOp29
 70
     1
102
RTVSPost2010Prop30
280
     1
102
RTVSPost2010PropOp30
 70
     1
102
RTVSPost2010Prop31
280
     0
102
RTVSPost2010PropOp31
 70
     1
102
RTVSPost2010Prop32
280
     0
102
RTVSPost2010PropOp32
 70
     1
102
RTVSPost2010Prop33
280
     0
102
RTVSPost2010PropOp33
 70
     1
102
RTVSPost2010Prop34
280
     0
102
RTVSPost2010PropOp34
 70
     1
102
RTVSPost2010Prop35
280
     0
102
RTVSPost2010PropOp35
 70
     1
102
RTVSPost2010Prop36
280
     0
102
RTVSPost2010PropOp36
 70
     1
102
RTVSPost2010Prop37
 90
       50
102
RTVSPost2010PropOp37
 70
     1
102
RTVSPost2010Prop38
140
0.0
102
RTVSPost2010PropOp38
 70
     1
102
RTVSPost2010Prop39
140
1.0
102
RTVSPost2010PropOp39
 70
     1
102
RTVSPost2010Prop40
 90
        0
102
RTVSPost2010PropOp40
 70
     1
102
RTVSPost2010Prop41ColorIndex
 90
       18
102
RTVSPost2010Prop41ColorRGB
 90
        0
102
RTVSPost2010PropOp41
 70
     1
102
RTVSPost2010Prop42
 90
       50
102
RTVSPost2010PropOp42
 70
     1
102
RTVSPost2010Prop43
 90
        3
102
RTVSPost2010PropOp43
 70
     1
102
RTVSPost2010Prop44ColorIndex
 90
        5
102
RTVSPost2010Prop44ColorRGB
 90
      255
102
RTVSPost2010PropOp44
 70
     1
102
RTVSPost2010Prop45
280
     0
102
RTVSPost2010PropOp45
 70
     1
102
RTVSPost2010Prop46
 90
       50
102
RTVSPost2010PropOp46
 70
     1
102
RTVSPost2010Prop47
 90
       50
102
RTVSPost2010PropOp47
 70
     1
102
RTVSPost2010Prop48
 90
       50
102
RTVSPost2010PropOp48
 70
     1
102
RTVSPost2010Prop49
280
     0
102
RTVSPost2010PropOp49
 70
     1
102
RTVSPost2010Prop50
 90
       50
102
RTVSPost2010PropOp50
 70
     1
102
RTVSPost2010Prop51ColorIndex
 90
      256
102
RTVSPost2010Prop51ColorRGB
 90
-16777216
102
RTVSPost2010PropOp51
 70
     0
102
RTVSPost2010Prop52
140
1.0
102
RTVSPost2010PropOp52
 70
     0
102
RTVSPost2010Prop53
 90
        2
102
RTVSPost2010PropOp53
 70
     1
102
RTVSPost2010Prop54
  1
strokes_ogs.tif
102
RTVSPost2010PropOp54
 70
     1
102
RTVSPost2010Prop55
280
     0
102
RTVSPost2010PropOp55
 70
     1
102
RTVSPost2010Prop56
140
1.0
102
RTVSPost2010PropOp56
 70
     1
102
RTVSPost2010Prop57
140
1.0
102
RTVSPost2010PropOp57
 70
     1
  0
XRECORD
  5
55B
102
{ACAD_REACTORS
330
55A
102
}
330
55A
100
AcDbXrecord
280
     1
102
RTVSPropertyOp0
 70
     1
102
RTVSPropertyOp1
 70
     1
102
RTVSPropertyOp2
 70
     1
102
RTVSPropertyOp3
 70
     1
102
RTVSPropertyOp4
 70
     1
102
RTVSPropertyOp5
 70
     1
102
RTVSPropertyOp6
 70
     1
102
RTVSPropertyOp7
 70
     1
102
RTVSPropertyOp8
 70
     1
102
RTVSPropertyOp9
 70
     1
102
RTVSPropertyOp10
 70
     1
102
RTVSPropertyOp11
 70
     1
102
RTVSPropertyOp12
 70
     1
102
RTVSPropertyOp13
 70
     1
102
RTVSPropertyOp14
 70
     1
102
RTVSPropertyOp15
 70
     1
102
RTVSPropertyOp16
 70
     1
102
RTVSPropertyOp17
 70
     1
102
RTVSPropertyOp18
 70
     1
102
RTVSPropertyOp19
 70
     1
102
RTVSPropertyOp20
 70
     1
102
RTVSPropertyOp21
 70
     1
102
RTVSPropertyOp22
 70
     1
102
RTVSPropertyOp23
 70
     1
102
RTVSPropertyOp24
 70
     1
102
RTVSPropertyOp25
 70
     1
102
RTVSPropertyOp26
 70
     1
102
RTVSPropertyOp27
 70
     1
102
RTVSPropertyOp28
 70
     1
102
RTVSPropertyOp29
 70
     1
102
RTVSPropertyOp30
 70
     1
102
RTVSPropertyOp31
 70
     1
102
RTVSPropertyOp32
 70
     1
102
RTVSPropertyOp33
 70
     1
102
RTVSPropertyOp34
 70
     1
102
RTVSPropertyOp35
 70
     1
102
RTVSPropertyOp36
 70
     1
102
RTVSPropertyOp37
 70
     1
102
RTVSPropertyOp38
 70
     1
102
RTVSPropertyOp39
 70
     1
102
RTVSPropertyOp40
 70
     1
102
RTVSPropertyOp41
 70
     1
102
RTVSPropertyOp42
 70
     1
102
RTVSPropertyOp43
 70
     1
102
RTVSPropertyOp44
 70
     1
102
RTVSPropertyOp45
 70
     1
102
RTVSPropertyOp46
 70
     1
102
RTVSPropertyOp47
 70
     1
102
RTVSPropertyOp48
 70
     1
102
RTVSPropertyOp49
 70
     1
102
RTVSPropertyOp50
 70
     1
102
RTVSPropertyOp51
 70
     0
102
RTVSPropertyOp52
 70
     0
102
RTVSPropertyOp53
 70
     1
102
RTVSPropertyOp54
 70
     1
102
RTVSPropertyOp55
 70
     1
102
RTVSPropertyOp56
 70
     1
102
RTVSPropertyOp57
 70
     1
102
RTVSPost2010Prop28
280
     0
102
RTVSPost2010PropOp28
 70
     1
102
RTVSPost2010Prop29
280
     1
102
RTVSPost2010PropOp29
 70
     1
102
RTVSPost2010Prop30
280
     1
102
RTVSPost2010PropOp30
 70
     1
102
RTVSPost2010Prop31
280
     0
102
RTVSPost2010PropOp31
 70
     1
102
RTVSPost2010Prop32
280
     0
102
RTVSPost2010PropOp32
 70
     1
102
RTVSPost2010Prop33
280
     0
102
RTVSPost2010PropOp33
 70
     1
102
RTVSPost2010Prop34
280
     0
102
RTVSPost2010PropOp34
 70
     1
102
RTVSPost2010Prop35
280
     0
102
RTVSPost2010PropOp35
 70
     1
102
RTVSPost2010Prop36
280
     0
102
RTVSPost2010PropOp36
 70
     1
102
RTVSPost2010Prop37
 90
       50
102
RTVSPost2010PropOp37
 70
     1
102
RTVSPost2010Prop38
140
0.0
102
RTVSPost2010PropOp38
 70
     1
102
RTVSPost2010Prop39
140
1.0
102
RTVSPost2010PropOp39
 70
     1
102
RTVSPost2010Prop40
 90
        0
102
RTVSPost2010PropOp40
 70
     1
102
RTVSPost2010Prop41ColorIndex
 90
       18
102
RTVSPost2010Prop41ColorRGB
 90
        0
102
RTVSPost2010PropOp41
 70
     1
102
RTVSPost2010Prop42
 90
       50
102
RTVSPost2010PropOp42
 70
     1
102
RTVSPost2010Prop43
 90
        3
102
RTVSPost2010PropOp43
 70
     1
102
RTVSPost2010Prop44ColorIndex
 90
        5
102
RTVSPost2010Prop44ColorRGB
 90
      255
102
RTVSPost2010PropOp44
 70
     1
102
RTVSPost2010Prop45
280
     0
102
RTVSPost2010PropOp45
 70
     1
102
RTVSPost2010Prop46
 90
       50
102
RTVSPost2010PropOp46
 70
     1
102
RTVSPost2010Prop47
 90
       50
102
RTVSPost2010PropOp47
 70
     1
102
RTVSPost2010Prop48
 90
       50
102
RTVSPost2010PropOp48
 70
     1
102
RTVSPost2010Prop49
280
     0
102
RTVSPost2010PropOp49
 70
     1
102
RTVSPost2010Prop50
 90
       50
102
RTVSPost2010PropOp50
 70
     1
102
RTVSPost2010Prop51ColorIndex
 90
      256
102
RTVSPost2010Prop51ColorRGB
 90
-16777216
102
RTVSPost2010PropOp51
 70
     0
102
RTVSPost2010Prop52
140
1.0
102
RTVSPost2010PropOp52
 70
     0
102
RTVSPost2010Prop53
 90
        2
102
RTVSPost2010PropOp53
 70
     1
102
RTVSPost2010Prop54
  1
strokes_ogs.tif
102
RTVSPost2010PropOp54
 70
     1
102
RTVSPost2010Prop55
280
     0
102
RTVSPost2010PropOp55
 70
     1
102
RTVSPost2010Prop56
140
1.0
102
RTVSPost2010PropOp56
 70
     1
102
RTVSPost2010Prop57
140
1.0
102
RTVSPost2010PropOp57
 70
     1
  0
XRECORD
  5
54F
102
{ACAD_REACTORS
330
54E
102
}
330
54E
100
AcDbXrecord
280
     1
102
RTVSPropertyOp0
 70
     1
102
RTVSPropertyOp1
 70
     1
102
RTVSPropertyOp2
 70
     1
102
RTVSPropertyOp3
 70
     1
102
RTVSPropertyOp4
 70
     1
102
RTVSPropertyOp5
 70
     1
102
RTVSPropertyOp6
 70
     1
102
RTVSPropertyOp7
 70
     1
102
RTVSPropertyOp8
 70
     1
102
RTVSPropertyOp9
 70
     1
102
RTVSPropertyOp10
 70
     1
102
RTVSPropertyOp11
 70
     1
102
RTVSPropertyOp12
 70
     1
102
RTVSPropertyOp13
 70
     1
102
RTVSPropertyOp14
 70
     1
102
RTVSPropertyOp15
 70
     1
102
RTVSPropertyOp16
 70
     1
102
RTVSPropertyOp17
 70
     1
102
RTVSPropertyOp18
 70
     1
102
RTVSPropertyOp19
 70
     1
102
RTVSPropertyOp20
 70
     1
102
RTVSPropertyOp21
 70
     1
102
RTVSPropertyOp22
 70
     1
102
RTVSPropertyOp23
 70
     1
102
RTVSPropertyOp24
 70
     1
102
RTVSPropertyOp25
 70
     1
102
RTVSPropertyOp26
 70
     1
102
RTVSPropertyOp27
 70
     1
102
RTVSPropertyOp28
 70
     1
102
RTVSPropertyOp29
 70
     1
102
RTVSPropertyOp30
 70
     1
102
RTVSPropertyOp31
 70
     1
102
RTVSPropertyOp32
 70
     1
102
RTVSPropertyOp33
 70
     1
102
RTVSPropertyOp34
 70
     1
102
RTVSPropertyOp35
 70
     1
102
RTVSPropertyOp36
 70
     1
102
RTVSPropertyOp37
 70
     1
102
RTVSPropertyOp38
 70
     1
102
RTVSPropertyOp39
 70
     1
102
RTVSPropertyOp40
 70
     1
102
RTVSPropertyOp41
 70
     1
102
RTVSPropertyOp42
 70
     1
102
RTVSPropertyOp43
 70
     1
102
RTVSPropertyOp44
 70
     1
102
RTVSPropertyOp45
 70
     1
102
RTVSPropertyOp46
 70
     1
102
RTVSPropertyOp47
 70
     1
102
RTVSPropertyOp48
 70
     1
102
RTVSPropertyOp49
 70
     1
102
RTVSPropertyOp50
 70
     1
102
RTVSPropertyOp51
 70
     0
102
RTVSPropertyOp52
 70
     0
102
RTVSPropertyOp53
 70
     1
102
RTVSPropertyOp54
 70
     1
102
RTVSPropertyOp55
 70
     1
102
RTVSPropertyOp56
 70
     1
102
RTVSPropertyOp57
 70
     1
102
RTVSPost2010Prop28
280
     0
102
RTVSPost2010PropOp28
 70
     1
102
RTVSPost2010Prop29
280
     1
102
RTVSPost2010PropOp29
 70
     1
102
RTVSPost2010Prop30
280
     1
102
RTVSPost2010PropOp30
 70
     1
102
RTVSPost2010Prop31
280
     0
102
RTVSPost2010PropOp31
 70
     1
102
RTVSPost2010Prop32
280
     0
102
RTVSPost2010PropOp32
 70
     1
102
RTVSPost2010Prop33
280
     0
102
RTVSPost2010PropOp33
 70
     1
102
RTVSPost2010Prop34
280
     0
102
RTVSPost2010PropOp34
 70
     1
102
RTVSPost2010Prop35
280
     0
102
RTVSPost2010PropOp35
 70
     1
102
RTVSPost2010Prop36
280
     0
102
RTVSPost2010PropOp36
 70
     1
102
RTVSPost2010Prop37
 90
       50
102
RTVSPost2010PropOp37
 70
     1
102
RTVSPost2010Prop38
140
0.0
102
RTVSPost2010PropOp38
 70
     1
102
RTVSPost2010Prop39
140
1.0
102
RTVSPost2010PropOp39
 70
     1
102
RTVSPost2010Prop40
 90
        0
102
RTVSPost2010PropOp40
 70
     1
102
RTVSPost2010Prop41ColorIndex
 90
       18
102
RTVSPost2010Prop41ColorRGB
 90
        0
102
RTVSPost2010PropOp41
 70
     1
102
RTVSPost2010Prop42
 90
       50
102
RTVSPost2010PropOp42
 70
     1
102
RTVSPost2010Prop43
 90
        3
102
RTVSPost2010PropOp43
 70
     1
102
RTVSPost2010Prop44ColorIndex
 90
        5
102
RTVSPost2010Prop44ColorRGB
 90
      255
102
RTVSPost2010PropOp44
 70
     1
102
RTVSPost2010Prop45
280
     0
102
RTVSPost2010PropOp45
 70
     1
102
RTVSPost2010Prop46
 90
       50
102
RTVSPost2010PropOp46
 70
     1
102
RTVSPost2010Prop47
 90
       50
102
RTVSPost2010PropOp47
 70
     1
102
RTVSPost2010Prop48
 90
       50
102
RTVSPost2010PropOp48
 70
     1
102
RTVSPost2010Prop49
280
     0
102
RTVSPost2010PropOp49
 70
     1
102
RTVSPost2010Prop50
 90
       50
102
RTVSPost2010PropOp50
 70
     1
102
RTVSPost2010Prop51ColorIndex
 90
      256
102
RTVSPost2010Prop51ColorRGB
 90
-16777216
102
RTVSPost2010PropOp51
 70
     0
102
RTVSPost2010Prop52
140
1.0
102
RTVSPost2010PropOp52
 70
     0
102
RTVSPost2010Prop53
 90
        2
102
RTVSPost2010PropOp53
 70
     1
102
RTVSPost2010Prop54
  1
strokes_ogs.tif
102
RTVSPost2010PropOp54
 70
     1
102
RTVSPost2010Prop55
280
     0
102
RTVSPost2010PropOp55
 70
     1
102
RTVSPost2010Prop56
140
1.0
102
RTVSPost2010PropOp56
 70
     1
102
RTVSPost2010Prop57
140
1.0
102
RTVSPost2010PropOp57
 70
     1
  0
XRECORD
  5
551
102
{ACAD_REACTORS
330
550
102
}
330
550
100
AcDbXrecord
280
     1
102
RTVSPropertyOp0
 70
     1
102
RTVSPropertyOp1
 70
     1
102
RTVSPropertyOp2
 70
     1
102
RTVSPropertyOp3
 70
     1
102
RTVSPropertyOp4
 70
     1
102
RTVSPropertyOp5
 70
     1
102
RTVSPropertyOp6
 70
     1
102
RTVSPropertyOp7
 70
     1
102
RTVSPropertyOp8
 70
     1
102
RTVSPropertyOp9
 70
     1
102
RTVSPropertyOp10
 70
     1
102
RTVSPropertyOp11
 70
     1
102
RTVSPropertyOp12
 70
     1
102
RTVSPropertyOp13
 70
     1
102
RTVSPropertyOp14
 70
     1
102
RTVSPropertyOp15
 70
     1
102
RTVSPropertyOp16
 70
     1
102
RTVSPropertyOp17
 70
     1
102
RTVSPropertyOp18
 70
     1
102
RTVSPropertyOp19
 70
     1
102
RTVSPropertyOp20
 70
     1
102
RTVSPropertyOp21
 70
     1
102
RTVSPropertyOp22
 70
     1
102
RTVSPropertyOp23
 70
     1
102
RTVSPropertyOp24
 70
     1
102
RTVSPropertyOp25
 70
     1
102
RTVSPropertyOp26
 70
     1
102
RTVSPropertyOp27
 70
     1
102
RTVSPropertyOp28
 70
     1
102
RTVSPropertyOp29
 70
     1
102
RTVSPropertyOp30
 70
     1
102
RTVSPropertyOp31
 70
     1
102
RTVSPropertyOp32
 70
     1
102
RTVSPropertyOp33
 70
     1
102
RTVSPropertyOp34
 70
     1
102
RTVSPropertyOp35
 70
     1
102
RTVSPropertyOp36
 70
     1
102
RTVSPropertyOp37
 70
     1
102
RTVSPropertyOp38
 70
     1
102
RTVSPropertyOp39
 70
     1
102
RTVSPropertyOp40
 70
     1
102
RTVSPropertyOp41
 70
     1
102
RTVSPropertyOp42
 70
     1
102
RTVSPropertyOp43
 70
     1
102
RTVSPropertyOp44
 70
     1
102
RTVSPropertyOp45
 70
     1
102
RTVSPropertyOp46
 70
     1
102
RTVSPropertyOp47
 70
     1
102
RTVSPropertyOp48
 70
     1
102
RTVSPropertyOp49
 70
     1
102
RTVSPropertyOp50
 70
     1
102
RTVSPropertyOp51
 70
     0
102
RTVSPropertyOp52
 70
     0
102
RTVSPropertyOp53
 70
     1
102
RTVSPropertyOp54
 70
     1
102
RTVSPropertyOp55
 70
     1
102
RTVSPropertyOp56
 70
     1
102
RTVSPropertyOp57
 70
     1
102
RTVSPost2010Prop28
280
     0
102
RTVSPost2010PropOp28
 70
     1
102
RTVSPost2010Prop29
280
     1
102
RTVSPost2010PropOp29
 70
     1
102
RTVSPost2010Prop30
280
     1
102
RTVSPost2010PropOp30
 70
     1
102
RTVSPost2010Prop31
280
     0
102
RTVSPost2010PropOp31
 70
     1
102
RTVSPost2010Prop32
280
     0
102
RTVSPost2010PropOp32
 70
     1
102
RTVSPost2010Prop33
280
     0
102
RTVSPost2010PropOp33
 70
     1
102
RTVSPost2010Prop34
280
     0
102
RTVSPost2010PropOp34
 70
     1
102
RTVSPost2010Prop35
280
     0
102
RTVSPost2010PropOp35
 70
     1
102
RTVSPost2010Prop36
280
     0
102
RTVSPost2010PropOp36
 70
     1
102
RTVSPost2010Prop37
 90
       50
102
RTVSPost2010PropOp37
 70
     1
102
RTVSPost2010Prop38
140
0.0
102
RTVSPost2010PropOp38
 70
     1
102
RTVSPost2010Prop39
140
1.0
102
RTVSPost2010PropOp39
 70
     1
102
RTVSPost2010Prop40
 90
        0
102
RTVSPost2010PropOp40
 70
     1
102
RTVSPost2010Prop41ColorIndex
 90
       18
102
RTVSPost2010Prop41ColorRGB
 90
        0
102
RTVSPost2010PropOp41
 70
     1
102
RTVSPost2010Prop42
 90
       50
102
RTVSPost2010PropOp42
 70
     1
102
RTVSPost2010Prop43
 90
        3
102
RTVSPost2010PropOp43
 70
     1
102
RTVSPost2010Prop44ColorIndex
 90
        5
102
RTVSPost2010Prop44ColorRGB
 90
      255
102
RTVSPost2010PropOp44
 70
     1
102
RTVSPost2010Prop45
280
     0
102
RTVSPost2010PropOp45
 70
     1
102
RTVSPost2010Prop46
 90
       50
102
RTVSPost2010PropOp46
 70
     1
102
RTVSPost2010Prop47
 90
       50
102
RTVSPost2010PropOp47
 70
     1
102
RTVSPost2010Prop48
 90
       50
102
RTVSPost2010PropOp48
 70
     1
102
RTVSPost2010Prop49
280
     0
102
RTVSPost2010PropOp49
 70
     1
102
RTVSPost2010Prop50
 90
       50
102
RTVSPost2010PropOp50
 70
     1
102
RTVSPost2010Prop51ColorIndex
 90
      256
102
RTVSPost2010Prop51ColorRGB
 90
-16777216
102
RTVSPost2010PropOp51
 70
     0
102
RTVSPost2010Prop52
140
1.0
102
RTVSPost2010PropOp52
 70
     0
102
RTVSPost2010Prop53
 90
        2
102
RTVSPost2010PropOp53
 70
     1
102
RTVSPost2010Prop54
  1
strokes_ogs.tif
102
RTVSPost2010PropOp54
 70
     1
102
RTVSPost2010Prop55
280
     0
102
RTVSPost2010PropOp55
 70
     1
102
RTVSPost2010Prop56
140
1.0
102
RTVSPost2010PropOp56
 70
     1
102
RTVSPost2010Prop57
140
1.0
102
RTVSPost2010PropOp57
 70
     1
  0
XRECORD
  5
561
102
{ACAD_REACTORS
330
560
102
}
330
560
100
AcDbXrecord
280
     1
102
RTVSPropertyOp0
 70
     0
102
RTVSPropertyOp1
 70
     0
102
RTVSPropertyOp2
 70
     0
102
RTVSPropertyOp3
 70
     0
102
RTVSPropertyOp4
 70
     0
102
RTVSPropertyOp5
 70
     0
102
RTVSPropertyOp6
 70
     0
102
RTVSPropertyOp7
 70
     0
102
RTVSPropertyOp8
 70
     0
102
RTVSPropertyOp9
 70
     0
102
RTVSPropertyOp10
 70
     0
102
RTVSPropertyOp11
 70
     0
102
RTVSPropertyOp12
 70
     0
102
RTVSPropertyOp13
 70
     0
102
RTVSPropertyOp14
 70
     2
102
RTVSPropertyOp15
 70
     0
102
RTVSPropertyOp16
 70
     0
102
RTVSPropertyOp17
 70
     0
102
RTVSPropertyOp18
 70
     0
102
RTVSPropertyOp19
 70
     0
102
RTVSPropertyOp20
 70
     0
102
RTVSPropertyOp21
 70
     0
102
RTVSPropertyOp22
 70
     0
102
RTVSPropertyOp23
 70
     0
102
RTVSPropertyOp24
 70
     0
102
RTVSPropertyOp25
 70
     0
102
RTVSPropertyOp26
 70
     0
102
RTVSPropertyOp27
 70
     0
102
RTVSPropertyOp28
 70
     0
102
RTVSPropertyOp29
 70
     0
102
RTVSPropertyOp30
 70
     0
102
RTVSPropertyOp31
 70
     0
102
RTVSPropertyOp32
 70
     0
102
RTVSPropertyOp33
 70
     0
102
RTVSPropertyOp34
 70
     0
102
RTVSPropertyOp35
 70
     0
102
RTVSPropertyOp36
 70
     0
102
RTVSPropertyOp37
 70
     0
102
RTVSPropertyOp38
 70
     0
102
RTVSPropertyOp39
 70
     0
102
RTVSPropertyOp40
 70
     0
102
RTVSPropertyOp41
 70
     0
102
RTVSPropertyOp42
 70
     0
102
RTVSPropertyOp43
 70
     0
102
RTVSPropertyOp44
 70
     0
102
RTVSPropertyOp45
 70
     0
102
RTVSPropertyOp46
 70
     0
102
RTVSPropertyOp47
 70
     0
102
RTVSPropertyOp48
 70
     0
102
RTVSPropertyOp49
 70
     0
102
RTVSPropertyOp50
 70
     0
102
RTVSPropertyOp51
 70
     0
102
RTVSPropertyOp52
 70
     0
102
RTVSPropertyOp53
 70
     0
102
RTVSPropertyOp54
 70
     0
102
RTVSPropertyOp55
 70
     0
102
RTVSPropertyOp56
 70
     0
102
RTVSPropertyOp57
 70
     0
102
RTVSPost2010Prop28
280
     0
102
RTVSPost2010PropOp28
 70
     0
102
RTVSPost2010Prop29
280
     1
102
RTVSPost2010PropOp29
 70
     0
102
RTVSPost2010Prop30
280
     1
102
RTVSPost2010PropOp30
 70
     0
102
RTVSPost2010Prop31
280
     0
102
RTVSPost2010PropOp31
 70
     0
102
RTVSPost2010Prop32
280
     0
102
RTVSPost2010PropOp32
 70
     0
102
RTVSPost2010Prop33
280
     0
102
RTVSPost2010PropOp33
 70
     0
102
RTVSPost2010Prop34
280
     0
102
RTVSPost2010PropOp34
 70
     0
102
RTVSPost2010Prop35
280
     0
102
RTVSPost2010PropOp35
 70
     0
102
RTVSPost2010Prop36
280
     0
102
RTVSPost2010PropOp36
 70
     0
102
RTVSPost2010Prop37
 90
       50
102
RTVSPost2010PropOp37
 70
     0
102
RTVSPost2010Prop38
140
0.0
102
RTVSPost2010PropOp38
 70
     0
102
RTVSPost2010Prop39
140
1.0
102
RTVSPost2010PropOp39
 70
     0
102
RTVSPost2010Prop40
 90
        0
102
RTVSPost2010PropOp40
 70
     0
102
RTVSPost2010Prop41ColorIndex
 90
       18
102
RTVSPost2010Prop41ColorRGB
 90
        0
102
RTVSPost2010PropOp41
 70
     0
102
RTVSPost2010Prop42
 90
       50
102
RTVSPost2010PropOp42
 70
     0
102
RTVSPost2010Prop43
 90
        3
102
RTVSPost2010PropOp43
 70
     0
102
RTVSPost2010Prop44ColorIndex
 90
        5
102
RTVSPost2010Prop44ColorRGB
 90
      255
102
RTVSPost2010PropOp44
 70
     0
102
RTVSPost2010Prop45
280
     0
102
RTVSPost2010PropOp45
 70
     0
102
RTVSPost2010Prop46
 90
       50
102
RTVSPost2010PropOp46
 70
     0
102
RTVSPost2010Prop47
 90
       50
102
RTVSPost2010PropOp47
 70
     0
102
RTVSPost2010Prop48
 90
       50
102
RTVSPost2010PropOp48
 70
     0
102
RTVSPost2010Prop49
280
     0
102
RTVSPost2010PropOp49
 70
     0
102
RTVSPost2010Prop50
 90
       50
102
RTVSPost2010PropOp50
 70
     0
102
RTVSPost2010Prop51ColorIndex
 90
      256
102
RTVSPost2010Prop51ColorRGB
 90
-16777216
102
RTVSPost2010PropOp51
 70
     0
102
RTVSPost2010Prop52
140
1.0
102
RTVSPost2010PropOp52
 70
     0
102
RTVSPost2010Prop53
 90
        2
102
RTVSPost2010PropOp53
 70
     0
102
RTVSPost2010Prop54
  1
strokes_ogs.tif
102
RTVSPost2010PropOp54
 70
     0
102
RTVSPost2010Prop55
280
     0
102
RTVSPost2010PropOp55
 70
     0
102
RTVSPost2010Prop56
140
1.0
102
RTVSPost2010PropOp56
 70
     0
102
RTVSPost2010Prop57
140
1.0
102
RTVSPost2010PropOp57
 70
     0
  0
XRECORD
  5
559
102
{ACAD_REACTORS
330
558
102
}
330
558
100
AcDbXrecord
280
     1
102
RTVSPropertyOp0
 70
     1
102
RTVSPropertyOp1
 70
     1
102
RTVSPropertyOp2
 70
     1
102
RTVSPropertyOp3
 70
     1
102
RTVSPropertyOp4
 70
     1
102
RTVSPropertyOp5
 70
     1
102
RTVSPropertyOp6
 70
     1
102
RTVSPropertyOp7
 70
     1
102
RTVSPropertyOp8
 70
     1
102
RTVSPropertyOp9
 70
     1
102
RTVSPropertyOp10
 70
     1
102
RTVSPropertyOp11
 70
     1
102
RTVSPropertyOp12
 70
     1
102
RTVSPropertyOp13
 70
     1
102
RTVSPropertyOp14
 70
     1
102
RTVSPropertyOp15
 70
     1
102
RTVSPropertyOp16
 70
     1
102
RTVSPropertyOp17
 70
     1
102
RTVSPropertyOp18
 70
     1
102
RTVSPropertyOp19
 70
     1
102
RTVSPropertyOp20
 70
     1
102
RTVSPropertyOp21
 70
     1
102
RTVSPropertyOp22
 70
     1
102
RTVSPropertyOp23
 70
     1
102
RTVSPropertyOp24
 70
     1
102
RTVSPropertyOp25
 70
     1
102
RTVSPropertyOp26
 70
     1
102
RTVSPropertyOp27
 70
     1
102
RTVSPropertyOp28
 70
     1
102
RTVSPropertyOp29
 70
     1
102
RTVSPropertyOp30
 70
     1
102
RTVSPropertyOp31
 70
     1
102
RTVSPropertyOp32
 70
     1
102
RTVSPropertyOp33
 70
     1
102
RTVSPropertyOp34
 70
     1
102
RTVSPropertyOp35
 70
     1
102
RTVSPropertyOp36
 70
     1
102
RTVSPropertyOp37
 70
     1
102
RTVSPropertyOp38
 70
     1
102
RTVSPropertyOp39
 70
     1
102
RTVSPropertyOp40
 70
     1
102
RTVSPropertyOp41
 70
     1
102
RTVSPropertyOp42
 70
     1
102
RTVSPropertyOp43
 70
     1
102
RTVSPropertyOp44
 70
     1
102
RTVSPropertyOp45
 70
     1
102
RTVSPropertyOp46
 70
     1
102
RTVSPropertyOp47
 70
     1
102
RTVSPropertyOp48
 70
     1
102
RTVSPropertyOp49
 70
     1
102
RTVSPropertyOp50
 70
     1
102
RTVSPropertyOp51
 70
     0
102
RTVSPropertyOp52
 70
     0
102
RTVSPropertyOp53
 70
     1
102
RTVSPropertyOp54
 70
     1
102
RTVSPropertyOp55
 70
     1
102
RTVSPropertyOp56
 70
     1
102
RTVSPropertyOp57
 70
     1
102
RTVSPost2010Prop28
280
     0
102
RTVSPost2010PropOp28
 70
     1
102
RTVSPost2010Prop29
280
     1
102
RTVSPost2010PropOp29
 70
     1
102
RTVSPost2010Prop30
280
     1
102
RTVSPost2010PropOp30
 70
     1
102
RTVSPost2010Prop31
280
     0
102
RTVSPost2010PropOp31
 70
     1
102
RTVSPost2010Prop32
280
     0
102
RTVSPost2010PropOp32
 70
     1
102
RTVSPost2010Prop33
280
     0
102
RTVSPost2010PropOp33
 70
     1
102
RTVSPost2010Prop34
280
     0
102
RTVSPost2010PropOp34
 70
     1
102
RTVSPost2010Prop35
280
     0
102
RTVSPost2010PropOp35
 70
     1
102
RTVSPost2010Prop36
280
     0
102
RTVSPost2010PropOp36
 70
     1
102
RTVSPost2010Prop37
 90
       50
102
RTVSPost2010PropOp37
 70
     1
102
RTVSPost2010Prop38
140
0.0
102
RTVSPost2010PropOp38
 70
     1
102
RTVSPost2010Prop39
140
1.0
102
RTVSPost2010PropOp39
 70
     1
102
RTVSPost2010Prop40
 90
        0
102
RTVSPost2010PropOp40
 70
     1
102
RTVSPost2010Prop41ColorIndex
 90
       18
102
RTVSPost2010Prop41ColorRGB
 90
        0
102
RTVSPost2010PropOp41
 70
     1
102
RTVSPost2010Prop42
 90
       50
102
RTVSPost2010PropOp42
 70
     1
102
RTVSPost2010Prop43
 90
        3
102
RTVSPost2010PropOp43
 70
     1
102
RTVSPost2010Prop44ColorIndex
 90
        5
102
RTVSPost2010Prop44ColorRGB
 90
      255
102
RTVSPost2010PropOp44
 70
     1
102
RTVSPost2010Prop45
280
     0
102
RTVSPost2010PropOp45
 70
     1
102
RTVSPost2010Prop46
 90
       50
102
RTVSPost2010PropOp46
 70
     1
102
RTVSPost2010Prop47
 90
       50
102
RTVSPost2010PropOp47
 70
     1
102
RTVSPost2010Prop48
 90
       50
102
RTVSPost2010PropOp48
 70
     1
102
RTVSPost2010Prop49
280
     0
102
RTVSPost2010PropOp49
 70
     1
102
RTVSPost2010Prop50
 90
       50
102
RTVSPost2010PropOp50
 70
     1
102
RTVSPost2010Prop51ColorIndex
 90
      256
102
RTVSPost2010Prop51ColorRGB
 90
-16777216
102
RTVSPost2010PropOp51
 70
     0
102
RTVSPost2010Prop52
140
1.0
102
RTVSPost2010PropOp52
 70
     0
102
RTVSPost2010Prop53
 90
        2
102
RTVSPost2010PropOp53
 70
     1
102
RTVSPost2010Prop54
  1
strokes_ogs.tif
102
RTVSPost2010PropOp54
 70
     1
102
RTVSPost2010Prop55
280
     0
102
RTVSPost2010PropOp55
 70
     1
102
RTVSPost2010Prop56
140
1.0
102
RTVSPost2010PropOp56
 70
     1
102
RTVSPost2010Prop57
140
1.0
102
RTVSPost2010PropOp57
 70
     1
  0
XRECORD
  5
53D
102
{ACAD_REACTORS
330
53C
102
}
330
53C
100
AcDbXrecord
280
     1
102
RTVSPropertyOp0
 70
     1
102
RTVSPropertyOp1
 70
     1
102
RTVSPropertyOp2
 70
     1
102
RTVSPropertyOp3
 70
     1
102
RTVSPropertyOp4
 70
     1
102
RTVSPropertyOp5
 70
     1
102
RTVSPropertyOp6
 70
     1
102
RTVSPropertyOp7
 70
     1
102
RTVSPropertyOp8
 70
     1
102
RTVSPropertyOp9
 70
     1
102
RTVSPropertyOp10
 70
     1
102
RTVSPropertyOp11
 70
     1
102
RTVSPropertyOp12
 70
     1
102
RTVSPropertyOp13
 70
     1
102
RTVSPropertyOp14
 70
     1
102
RTVSPropertyOp15
 70
     1
102
RTVSPropertyOp16
 70
     1
102
RTVSPropertyOp17
 70
     1
102
RTVSPropertyOp18
 70
     1
102
RTVSPropertyOp19
 70
     1
102
RTVSPropertyOp20
 70
     1
102
RTVSPropertyOp21
 70
     1
102
RTVSPropertyOp22
 70
     1
102
RTVSPropertyOp23
 70
     1
102
RTVSPropertyOp24
 70
     1
102
RTVSPropertyOp25
 70
     1
102
RTVSPropertyOp26
 70
     1
102
RTVSPropertyOp27
 70
     1
102
RTVSPropertyOp28
 70
     1
102
RTVSPropertyOp29
 70
     1
102
RTVSPropertyOp30
 70
     1
102
RTVSPropertyOp31
 70
     1
102
RTVSPropertyOp32
 70
     1
102
RTVSPropertyOp33
 70
     1
102
RTVSPropertyOp34
 70
     1
102
RTVSPropertyOp35
 70
     1
102
RTVSPropertyOp36
 70
     1
102
RTVSPropertyOp37
 70
     1
102
RTVSPropertyOp38
 70
     1
102
RTVSPropertyOp39
 70
     1
102
RTVSPropertyOp40
 70
     1
102
RTVSPropertyOp41
 70
     1
102
RTVSPropertyOp42
 70
     1
102
RTVSPropertyOp43
 70
     1
102
RTVSPropertyOp44
 70
     1
102
RTVSPropertyOp45
 70
     1
102
RTVSPropertyOp46
 70
     1
102
RTVSPropertyOp47
 70
     1
102
RTVSPropertyOp48
 70
     1
102
RTVSPropertyOp49
 70
     1
102
RTVSPropertyOp50
 70
     1
102
RTVSPropertyOp51
 70
     0
102
RTVSPropertyOp52
 70
     0
102
RTVSPropertyOp53
 70
     1
102
RTVSPropertyOp54
 70
     1
102
RTVSPropertyOp55
 70
     1
102
RTVSPropertyOp56
 70
     1
102
RTVSPropertyOp57
 70
     1
102
RTVSPost2010Prop28
280
     0
102
RTVSPost2010PropOp28
 70
     1
102
RTVSPost2010Prop29
280
     1
102
RTVSPost2010PropOp29
 70
     1
102
RTVSPost2010Prop30
280
     1
102
RTVSPost2010PropOp30
 70
     1
102
RTVSPost2010Prop31
280
     0
102
RTVSPost2010PropOp31
 70
     1
102
RTVSPost2010Prop32
280
     0
102
RTVSPost2010PropOp32
 70
     1
102
RTVSPost2010Prop33
280
     0
102
RTVSPost2010PropOp33
 70
     1
102
RTVSPost2010Prop34
280
     0
102
RTVSPost2010PropOp34
 70
     1
102
RTVSPost2010Prop35
280
     0
102
RTVSPost2010PropOp35
 70
     1
102
RTVSPost2010Prop36
280
     0
102
RTVSPost2010PropOp36
 70
     1
102
RTVSPost2010Prop37
 90
       50
102
RTVSPost2010PropOp37
 70
     1
102
RTVSPost2010Prop38
140
0.0
102
RTVSPost2010PropOp38
 70
     1
102
RTVSPost2010Prop39
140
1.0
102
RTVSPost2010PropOp39
 70
     1
102
RTVSPost2010Prop40
 90
        0
102
RTVSPost2010PropOp40
 70
     1
102
RTVSPost2010Prop41ColorIndex
 90
       18
102
RTVSPost2010Prop41ColorRGB
 90
        0
102
RTVSPost2010PropOp41
 70
     1
102
RTVSPost2010Prop42
 90
       50
102
RTVSPost2010PropOp42
 70
     1
102
RTVSPost2010Prop43
 90
        3
102
RTVSPost2010PropOp43
 70
     1
102
RTVSPost2010Prop44ColorIndex
 90
        5
102
RTVSPost2010Prop44ColorRGB
 90
      255
102
RTVSPost2010PropOp44
 70
     1
102
RTVSPost2010Prop45
280
     0
102
RTVSPost2010PropOp45
 70
     1
102
RTVSPost2010Prop46
 90
       50
102
RTVSPost2010PropOp46
 70
     1
102
RTVSPost2010Prop47
 90
       50
102
RTVSPost2010PropOp47
 70
     1
102
RTVSPost2010Prop48
 90
       50
102
RTVSPost2010PropOp48
 70
     1
102
RTVSPost2010Prop49
280
     0
102
RTVSPost2010PropOp49
 70
     1
102
RTVSPost2010Prop50
 90
       50
102
RTVSPost2010PropOp50
 70
     1
102
RTVSPost2010Prop51ColorIndex
 90
      256
102
RTVSPost2010Prop51ColorRGB
 90
-16777216
102
RTVSPost2010PropOp51
 70
     0
102
RTVSPost2010Prop52
140
1.0
102
RTVSPost2010PropOp52
 70
     0
102
RTVSPost2010Prop53
 90
        2
102
RTVSPost2010PropOp53
 70
     1
102
RTVSPost2010Prop54
  1
strokes_ogs.tif
102
RTVSPost2010PropOp54
 70
     1
102
RTVSPost2010Prop55
280
     0
102
RTVSPost2010PropOp55
 70
     1
102
RTVSPost2010Prop56
140
1.0
102
RTVSPost2010PropOp56
 70
     1
102
RTVSPost2010Prop57
140
1.0
102
RTVSPost2010PropOp57
 70
     1
  0
XRECORD
  5
53F
102
{ACAD_REACTORS
330
53E
102
}
330
53E
100
AcDbXrecord
280
     1
102
RTVSPropertyOp0
 70
     1
102
RTVSPropertyOp1
 70
     1
102
RTVSPropertyOp2
 70
     1
102
RTVSPropertyOp3
 70
     1
102
RTVSPropertyOp4
 70
     1
102
RTVSPropertyOp5
 70
     1
102
RTVSPropertyOp6
 70
     1
102
RTVSPropertyOp7
 70
     1
102
RTVSPropertyOp8
 70
     1
102
RTVSPropertyOp9
 70
     1
102
RTVSPropertyOp10
 70
     1
102
RTVSPropertyOp11
 70
     1
102
RTVSPropertyOp12
 70
     1
102
RTVSPropertyOp13
 70
     1
102
RTVSPropertyOp14
 70
     1
102
RTVSPropertyOp15
 70
     1
102
RTVSPropertyOp16
 70
     1
102
RTVSPropertyOp17
 70
     1
102
RTVSPropertyOp18
 70
     1
102
RTVSPropertyOp19
 70
     1
102
RTVSPropertyOp20
 70
     1
102
RTVSPropertyOp21
 70
     1
102
RTVSPropertyOp22
 70
     1
102
RTVSPropertyOp23
 70
     1
102
RTVSPropertyOp24
 70
     1
102
RTVSPropertyOp25
 70
     1
102
RTVSPropertyOp26
 70
     1
102
RTVSPropertyOp27
 70
     1
102
RTVSPropertyOp28
 70
     1
102
RTVSPropertyOp29
 70
     1
102
RTVSPropertyOp30
 70
     1
102
RTVSPropertyOp31
 70
     1
102
RTVSPropertyOp32
 70
     1
102
RTVSPropertyOp33
 70
     1
102
RTVSPropertyOp34
 70
     1
102
RTVSPropertyOp35
 70
     1
102
RTVSPropertyOp36
 70
     1
102
RTVSPropertyOp37
 70
     1
102
RTVSPropertyOp38
 70
     1
102
RTVSPropertyOp39
 70
     1
102
RTVSPropertyOp40
 70
     1
102
RTVSPropertyOp41
 70
     1
102
RTVSPropertyOp42
 70
     1
102
RTVSPropertyOp43
 70
     1
102
RTVSPropertyOp44
 70
     1
102
RTVSPropertyOp45
 70
     1
102
RTVSPropertyOp46
 70
     1
102
RTVSPropertyOp47
 70
     1
102
RTVSPropertyOp48
 70
     1
102
RTVSPropertyOp49
 70
     1
102
RTVSPropertyOp50
 70
     1
102
RTVSPropertyOp51
 70
     0
102
RTVSPropertyOp52
 70
     0
102
RTVSPropertyOp53
 70
     1
102
RTVSPropertyOp54
 70
     1
102
RTVSPropertyOp55
 70
     1
102
RTVSPropertyOp56
 70
     1
102
RTVSPropertyOp57
 70
     1
102
RTVSPost2010Prop28
280
     0
102
RTVSPost2010PropOp28
 70
     1
102
RTVSPost2010Prop29
280
     1
102
RTVSPost2010PropOp29
 70
     1
102
RTVSPost2010Prop30
280
     1
102
RTVSPost2010PropOp30
 70
     1
102
RTVSPost2010Prop31
280
     0
102
RTVSPost2010PropOp31
 70
     1
102
RTVSPost2010Prop32
280
     0
102
RTVSPost2010PropOp32
 70
     1
102
RTVSPost2010Prop33
280
     0
102
RTVSPost2010PropOp33
 70
     1
102
RTVSPost2010Prop34
280
     0
102
RTVSPost2010PropOp34
 70
     1
102
RTVSPost2010Prop35
280
     0
102
RTVSPost2010PropOp35
 70
     1
102
RTVSPost2010Prop36
280
     0
102
RTVSPost2010PropOp36
 70
     1
102
RTVSPost2010Prop37
 90
       50
102
RTVSPost2010PropOp37
 70
     1
102
RTVSPost2010Prop38
140
0.0
102
RTVSPost2010PropOp38
 70
     1
102
RTVSPost2010Prop39
140
1.0
102
RTVSPost2010PropOp39
 70
     1
102
RTVSPost2010Prop40
 90
        0
102
RTVSPost2010PropOp40
 70
     1
102
RTVSPost2010Prop41ColorIndex
 90
       18
102
RTVSPost2010Prop41ColorRGB
 90
        0
102
RTVSPost2010PropOp41
 70
     1
102
RTVSPost2010Prop42
 90
       50
102
RTVSPost2010PropOp42
 70
     1
102
RTVSPost2010Prop43
 90
        3
102
RTVSPost2010PropOp43
 70
     1
102
RTVSPost2010Prop44ColorIndex
 90
        5
102
RTVSPost2010Prop44ColorRGB
 90
      255
102
RTVSPost2010PropOp44
 70
     1
102
RTVSPost2010Prop45
280
     0
102
RTVSPost2010PropOp45
 70
     1
102
RTVSPost2010Prop46
 90
       50
102
RTVSPost2010PropOp46
 70
     1
102
RTVSPost2010Prop47
 90
       50
102
RTVSPost2010PropOp47
 70
     1
102
RTVSPost2010Prop48
 90
       50
102
RTVSPost2010PropOp48
 70
     1
102
RTVSPost2010Prop49
280
     0
102
RTVSPost2010PropOp49
 70
     1
102
RTVSPost2010Prop50
 90
       50
102
RTVSPost2010PropOp50
 70
     1
102
RTVSPost2010Prop51ColorIndex
 90
      256
102
RTVSPost2010Prop51ColorRGB
 90
-16777216
102
RTVSPost2010PropOp51
 70
     0
102
RTVSPost2010Prop52
140
1.0
102
RTVSPost2010PropOp52
 70
     0
102
RTVSPost2010Prop53
 90
        2
102
RTVSPost2010PropOp53
 70
     1
102
RTVSPost2010Prop54
  1
strokes_ogs.tif
102
RTVSPost2010PropOp54
 70
     1
102
RTVSPost2010Prop55
280
     0
102
RTVSPost2010PropOp55
 70
     1
102
RTVSPost2010Prop56
140
1.0
102
RTVSPost2010PropOp56
 70
     1
102
RTVSPost2010Prop57
140
1.0
102
RTVSPost2010PropOp57
 70
     1
  0
XRECORD
  5
541
102
{ACAD_REACTORS
330
540
102
}
330
540
100
AcDbXrecord
280
     1
102
RTVSPropertyOp0
 70
     1
102
RTVSPropertyOp1
 70
     1
102
RTVSPropertyOp2
 70
     1
102
RTVSPropertyOp3
 70
     1
102
RTVSPropertyOp4
 70
     1
102
RTVSPropertyOp5
 70
     1
102
RTVSPropertyOp6
 70
     1
102
RTVSPropertyOp7
 70
     1
102
RTVSPropertyOp8
 70
     1
102
RTVSPropertyOp9
 70
     1
102
RTVSPropertyOp10
 70
     1
102
RTVSPropertyOp11
 70
     1
102
RTVSPropertyOp12
 70
     1
102
RTVSPropertyOp13
 70
     1
102
RTVSPropertyOp14
 70
     1
102
RTVSPropertyOp15
 70
     1
102
RTVSPropertyOp16
 70
     1
102
RTVSPropertyOp17
 70
     1
102
RTVSPropertyOp18
 70
     1
102
RTVSPropertyOp19
 70
     1
102
RTVSPropertyOp20
 70
     1
102
RTVSPropertyOp21
 70
     1
102
RTVSPropertyOp22
 70
     1
102
RTVSPropertyOp23
 70
     1
102
RTVSPropertyOp24
 70
     1
102
RTVSPropertyOp25
 70
     1
102
RTVSPropertyOp26
 70
     1
102
RTVSPropertyOp27
 70
     1
102
RTVSPropertyOp28
 70
     1
102
RTVSPropertyOp29
 70
     1
102
RTVSPropertyOp30
 70
     1
102
RTVSPropertyOp31
 70
     1
102
RTVSPropertyOp32
 70
     1
102
RTVSPropertyOp33
 70
     1
102
RTVSPropertyOp34
 70
     1
102
RTVSPropertyOp35
 70
     1
102
RTVSPropertyOp36
 70
     1
102
RTVSPropertyOp37
 70
     1
102
RTVSPropertyOp38
 70
     1
102
RTVSPropertyOp39
 70
     1
102
RTVSPropertyOp40
 70
     1
102
RTVSPropertyOp41
 70
     1
102
RTVSPropertyOp42
 70
     1
102
RTVSPropertyOp43
 70
     1
102
RTVSPropertyOp44
 70
     1
102
RTVSPropertyOp45
 70
     1
102
RTVSPropertyOp46
 70
     1
102
RTVSPropertyOp47
 70
     1
102
RTVSPropertyOp48
 70
     1
102
RTVSPropertyOp49
 70
     1
102
RTVSPropertyOp50
 70
     1
102
RTVSPropertyOp51
 70
     0
102
RTVSPropertyOp52
 70
     0
102
RTVSPropertyOp53
 70
     1
102
RTVSPropertyOp54
 70
     1
102
RTVSPropertyOp55
 70
     1
102
RTVSPropertyOp56
 70
     1
102
RTVSPropertyOp57
 70
     1
102
RTVSPost2010Prop28
280
     0
102
RTVSPost2010PropOp28
 70
     1
102
RTVSPost2010Prop29
280
     1
102
RTVSPost2010PropOp29
 70
     1
102
RTVSPost2010Prop30
280
     1
102
RTVSPost2010PropOp30
 70
     1
102
RTVSPost2010Prop31
280
     0
102
RTVSPost2010PropOp31
 70
     1
102
RTVSPost2010Prop32
280
     0
102
RTVSPost2010PropOp32
 70
     1
102
RTVSPost2010Prop33
280
     0
102
RTVSPost2010PropOp33
 70
     1
102
RTVSPost2010Prop34
280
     0
102
RTVSPost2010PropOp34
 70
     1
102
RTVSPost2010Prop35
280
     0
102
RTVSPost2010PropOp35
 70
     1
102
RTVSPost2010Prop36
280
     0
102
RTVSPost2010PropOp36
 70
     1
102
RTVSPost2010Prop37
 90
       50
102
RTVSPost2010PropOp37
 70
     1
102
RTVSPost2010Prop38
140
0.0
102
RTVSPost2010PropOp38
 70
     1
102
RTVSPost2010Prop39
140
1.0
102
RTVSPost2010PropOp39
 70
     1
102
RTVSPost2010Prop40
 90
        0
102
RTVSPost2010PropOp40
 70
     1
102
RTVSPost2010Prop41ColorIndex
 90
       18
102
RTVSPost2010Prop41ColorRGB
 90
        0
102
RTVSPost2010PropOp41
 70
     1
102
RTVSPost2010Prop42
 90
       50
102
RTVSPost2010PropOp42
 70
     1
102
RTVSPost2010Prop43
 90
        3
102
RTVSPost2010PropOp43
 70
     1
102
RTVSPost2010Prop44ColorIndex
 90
        5
102
RTVSPost2010Prop44ColorRGB
 90
      255
102
RTVSPost2010PropOp44
 70
     1
102
RTVSPost2010Prop45
280
     0
102
RTVSPost2010PropOp45
 70
     1
102
RTVSPost2010Prop46
 90
       50
102
RTVSPost2010PropOp46
 70
     1
102
RTVSPost2010Prop47
 90
       50
102
RTVSPost2010PropOp47
 70
     1
102
RTVSPost2010Prop48
 90
       50
102
RTVSPost2010PropOp48
 70
     1
102
RTVSPost2010Prop49
280
     0
102
RTVSPost2010PropOp49
 70
     1
102
RTVSPost2010Prop50
 90
       50
102
RTVSPost2010PropOp50
 70
     1
102
RTVSPost2010Prop51ColorIndex
 90
      256
102
RTVSPost2010Prop51ColorRGB
 90
-16777216
102
RTVSPost2010PropOp51
 70
     0
102
RTVSPost2010Prop52
140
1.0
102
RTVSPost2010PropOp52
 70
     0
102
RTVSPost2010Prop53
 90
        2
102
RTVSPost2010PropOp53
 70
     1
102
RTVSPost2010Prop54
  1
strokes_ogs.tif
102
RTVSPost2010PropOp54
 70
     1
102
RTVSPost2010Prop55
280
     0
102
RTVSPost2010PropOp55
 70
     1
102
RTVSPost2010Prop56
140
1.0
102
RTVSPost2010PropOp56
 70
     1
102
RTVSPost2010Prop57
140
1.0
102
RTVSPost2010PropOp57
 70
     1
  0
XRECORD
  5
543
102
{ACAD_REACTORS
330
542
102
}
330
542
100
AcDbXrecord
280
     1
102
RTVSPropertyOp0
 70
     1
102
RTVSPropertyOp1
 70
     1
102
RTVSPropertyOp2
 70
     1
102
RTVSPropertyOp3
 70
     1
102
RTVSPropertyOp4
 70
     1
102
RTVSPropertyOp5
 70
     1
102
RTVSPropertyOp6
 70
     1
102
RTVSPropertyOp7
 70
     1
102
RTVSPropertyOp8
 70
     1
102
RTVSPropertyOp9
 70
     1
102
RTVSPropertyOp10
 70
     1
102
RTVSPropertyOp11
 70
     1
102
RTVSPropertyOp12
 70
     1
102
RTVSPropertyOp13
 70
     1
102
RTVSPropertyOp14
 70
     1
102
RTVSPropertyOp15
 70
     1
102
RTVSPropertyOp16
 70
     1
102
RTVSPropertyOp17
 70
     1
102
RTVSPropertyOp18
 70
     1
102
RTVSPropertyOp19
 70
     1
102
RTVSPropertyOp20
 70
     1
102
RTVSPropertyOp21
 70
     1
102
RTVSPropertyOp22
 70
     1
102
RTVSPropertyOp23
 70
     1
102
RTVSPropertyOp24
 70
     1
102
RTVSPropertyOp25
 70
     1
102
RTVSPropertyOp26
 70
     1
102
RTVSPropertyOp27
 70
     1
102
RTVSPropertyOp28
 70
     1
102
RTVSPropertyOp29
 70
     1
102
RTVSPropertyOp30
 70
     1
102
RTVSPropertyOp31
 70
     1
102
RTVSPropertyOp32
 70
     1
102
RTVSPropertyOp33
 70
     1
102
RTVSPropertyOp34
 70
     1
102
RTVSPropertyOp35
 70
     1
102
RTVSPropertyOp36
 70
     1
102
RTVSPropertyOp37
 70
     1
102
RTVSPropertyOp38
 70
     1
102
RTVSPropertyOp39
 70
     1
102
RTVSPropertyOp40
 70
     1
102
RTVSPropertyOp41
 70
     1
102
RTVSPropertyOp42
 70
     1
102
RTVSPropertyOp43
 70
     1
102
RTVSPropertyOp44
 70
     1
102
RTVSPropertyOp45
 70
     1
102
RTVSPropertyOp46
 70
     1
102
RTVSPropertyOp47
 70
     1
102
RTVSPropertyOp48
 70
     1
102
RTVSPropertyOp49
 70
     1
102
RTVSPropertyOp50
 70
     1
102
RTVSPropertyOp51
 70
     0
102
RTVSPropertyOp52
 70
     0
102
RTVSPropertyOp53
 70
     1
102
RTVSPropertyOp54
 70
     1
102
RTVSPropertyOp55
 70
     1
102
RTVSPropertyOp56
 70
     1
102
RTVSPropertyOp57
 70
     1
102
RTVSPost2010Prop28
280
     0
102
RTVSPost2010PropOp28
 70
     1
102
RTVSPost2010Prop29
280
     1
102
RTVSPost2010PropOp29
 70
     1
102
RTVSPost2010Prop30
280
     1
102
RTVSPost2010PropOp30
 70
     1
102
RTVSPost2010Prop31
280
     0
102
RTVSPost2010PropOp31
 70
     1
102
RTVSPost2010Prop32
280
     0
102
RTVSPost2010PropOp32
 70
     1
102
RTVSPost2010Prop33
280
     0
102
RTVSPost2010PropOp33
 70
     1
102
RTVSPost2010Prop34
280
     0
102
RTVSPost2010PropOp34
 70
     1
102
RTVSPost2010Prop35
280
     0
102
RTVSPost2010PropOp35
 70
     1
102
RTVSPost2010Prop36
280
     0
102
RTVSPost2010PropOp36
 70
     1
102
RTVSPost2010Prop37
 90
       50
102
RTVSPost2010PropOp37
 70
     1
102
RTVSPost2010Prop38
140
0.0
102
RTVSPost2010PropOp38
 70
     1
102
RTVSPost2010Prop39
140
1.0
102
RTVSPost2010PropOp39
 70
     1
102
RTVSPost2010Prop40
 90
        0
102
RTVSPost2010PropOp40
 70
     1
102
RTVSPost2010Prop41ColorIndex
 90
       18
102
RTVSPost2010Prop41ColorRGB
 90
        0
102
RTVSPost2010PropOp41
 70
     1
102
RTVSPost2010Prop42
 90
       50
102
RTVSPost2010PropOp42
 70
     1
102
RTVSPost2010Prop43
 90
        3
102
RTVSPost2010PropOp43
 70
     1
102
RTVSPost2010Prop44ColorIndex
 90
        5
102
RTVSPost2010Prop44ColorRGB
 90
      255
102
RTVSPost2010PropOp44
 70
     1
102
RTVSPost2010Prop45
280
     0
102
RTVSPost2010PropOp45
 70
     1
102
RTVSPost2010Prop46
 90
       50
102
RTVSPost2010PropOp46
 70
     1
102
RTVSPost2010Prop47
 90
       50
102
RTVSPost2010PropOp47
 70
     1
102
RTVSPost2010Prop48
 90
       50
102
RTVSPost2010PropOp48
 70
     1
102
RTVSPost2010Prop49
280
     0
102
RTVSPost2010PropOp49
 70
     1
102
RTVSPost2010Prop50
 90
       50
102
RTVSPost2010PropOp50
 70
     1
102
RTVSPost2010Prop51ColorIndex
 90
      256
102
RTVSPost2010Prop51ColorRGB
 90
-16777216
102
RTVSPost2010PropOp51
 70
     0
102
RTVSPost2010Prop52
140
1.0
102
RTVSPost2010PropOp52
 70
     0
102
RTVSPost2010Prop53
 90
        2
102
RTVSPost2010PropOp53
 70
     1
102
RTVSPost2010Prop54
  1
strokes_ogs.tif
102
RTVSPost2010PropOp54
 70
     1
102
RTVSPost2010Prop55
280
     0
102
RTVSPost2010PropOp55
 70
     1
102
RTVSPost2010Prop56
140
1.0
102
RTVSPost2010PropOp56
 70
     1
102
RTVSPost2010Prop57
140
1.0
102
RTVSPost2010PropOp57
 70
     1
  0
XRECORD
  5
549
102
{ACAD_REACTORS
330
548
102
}
330
548
100
AcDbXrecord
280
     1
102
RTVSPropertyOp0
 70
     1
102
RTVSPropertyOp1
 70
     1
102
RTVSPropertyOp2
 70
     1
102
RTVSPropertyOp3
 70
     1
102
RTVSPropertyOp4
 70
     1
102
RTVSPropertyOp5
 70
     1
102
RTVSPropertyOp6
 70
     1
102
RTVSPropertyOp7
 70
     1
102
RTVSPropertyOp8
 70
     1
102
RTVSPropertyOp9
 70
     1
102
RTVSPropertyOp10
 70
     1
102
RTVSPropertyOp11
 70
     1
102
RTVSPropertyOp12
 70
     1
102
RTVSPropertyOp13
 70
     1
102
RTVSPropertyOp14
 70
     1
102
RTVSPropertyOp15
 70
     1
102
RTVSPropertyOp16
 70
     1
102
RTVSPropertyOp17
 70
     1
102
RTVSPropertyOp18
 70
     1
102
RTVSPropertyOp19
 70
     1
102
RTVSPropertyOp20
 70
     1
102
RTVSPropertyOp21
 70
     1
102
RTVSPropertyOp22
 70
     1
102
RTVSPropertyOp23
 70
     1
102
RTVSPropertyOp24
 70
     1
102
RTVSPropertyOp25
 70
     1
102
RTVSPropertyOp26
 70
     1
102
RTVSPropertyOp27
 70
     1
102
RTVSPropertyOp28
 70
     1
102
RTVSPropertyOp29
 70
     1
102
RTVSPropertyOp30
 70
     1
102
RTVSPropertyOp31
 70
     1
102
RTVSPropertyOp32
 70
     1
102
RTVSPropertyOp33
 70
     1
102
RTVSPropertyOp34
 70
     1
102
RTVSPropertyOp35
 70
     1
102
RTVSPropertyOp36
 70
     1
102
RTVSPropertyOp37
 70
     1
102
RTVSPropertyOp38
 70
     1
102
RTVSPropertyOp39
 70
     1
102
RTVSPropertyOp40
 70
     1
102
RTVSPropertyOp41
 70
     1
102
RTVSPropertyOp42
 70
     1
102
RTVSPropertyOp43
 70
     1
102
RTVSPropertyOp44
 70
     1
102
RTVSPropertyOp45
 70
     1
102
RTVSPropertyOp46
 70
     1
102
RTVSPropertyOp47
 70
     1
102
RTVSPropertyOp48
 70
     1
102
RTVSPropertyOp49
 70
     1
102
RTVSPropertyOp50
 70
     1
102
RTVSPropertyOp51
 70
     0
102
RTVSPropertyOp52
 70
     0
102
RTVSPropertyOp53
 70
     1
102
RTVSPropertyOp54
 70
     1
102
RTVSPropertyOp55
 70
     1
102
RTVSPropertyOp56
 70
     1
102
RTVSPropertyOp57
 70
     1
102
RTVSPost2010Prop28
280
     0
102
RTVSPost2010PropOp28
 70
     1
102
RTVSPost2010Prop29
280
     1
102
RTVSPost2010PropOp29
 70
     1
102
RTVSPost2010Prop30
280
     1
102
RTVSPost2010PropOp30
 70
     1
102
RTVSPost2010Prop31
280
     0
102
RTVSPost2010PropOp31
 70
     1
102
RTVSPost2010Prop32
280
     0
102
RTVSPost2010PropOp32
 70
     1
102
RTVSPost2010Prop33
280
     0
102
RTVSPost2010PropOp33
 70
     1
102
RTVSPost2010Prop34
280
     0
102
RTVSPost2010PropOp34
 70
     1
102
RTVSPost2010Prop35
280
     0
102
RTVSPost2010PropOp35
 70
     1
102
RTVSPost2010Prop36
280
     0
102
RTVSPost2010PropOp36
 70
     1
102
RTVSPost2010Prop37
 90
       50
102
RTVSPost2010PropOp37
 70
     1
102
RTVSPost2010Prop38
140
0.0
102
RTVSPost2010PropOp38
 70
     1
102
RTVSPost2010Prop39
140
1.0
102
RTVSPost2010PropOp39
 70
     1
102
RTVSPost2010Prop40
 90
        0
102
RTVSPost2010PropOp40
 70
     1
102
RTVSPost2010Prop41ColorIndex
 90
       18
102
RTVSPost2010Prop41ColorRGB
 90
        0
102
RTVSPost2010PropOp41
 70
     1
102
RTVSPost2010Prop42
 90
       50
102
RTVSPost2010PropOp42
 70
     1
102
RTVSPost2010Prop43
 90
        3
102
RTVSPost2010PropOp43
 70
     1
102
RTVSPost2010Prop44ColorIndex
 90
        5
102
RTVSPost2010Prop44ColorRGB
 90
      255
102
RTVSPost2010PropOp44
 70
     1
102
RTVSPost2010Prop45
280
     0
102
RTVSPost2010PropOp45
 70
     1
102
RTVSPost2010Prop46
 90
       50
102
RTVSPost2010PropOp46
 70
     1
102
RTVSPost2010Prop47
 90
       50
102
RTVSPost2010PropOp47
 70
     1
102
RTVSPost2010Prop48
 90
       50
102
RTVSPost2010PropOp48
 70
     1
102
RTVSPost2010Prop49
280
     0
102
RTVSPost2010PropOp49
 70
     1
102
RTVSPost2010Prop50
 90
       50
102
RTVSPost2010PropOp50
 70
     1
102
RTVSPost2010Prop51ColorIndex
 90
      256
102
RTVSPost2010Prop51ColorRGB
 90
-16777216
102
RTVSPost2010PropOp51
 70
     0
102
RTVSPost2010Prop52
140
1.0
102
RTVSPost2010PropOp52
 70
     0
102
RTVSPost2010Prop53
 90
        2
102
RTVSPost2010PropOp53
 70
     1
102
RTVSPost2010Prop54
  1
strokes_ogs.tif
102
RTVSPost2010PropOp54
 70
     1
102
RTVSPost2010Prop55
280
     0
102
RTVSPost2010PropOp55
 70
     1
102
RTVSPost2010Prop56
140
1.0
102
RTVSPost2010PropOp56
 70
     1
102
RTVSPost2010Prop57
140
1.0
102
RTVSPost2010PropOp57
 70
     1
  0
XRECORD
  5
55D
102
{ACAD_REACTORS
330
55C
102
}
330
55C
100
AcDbXrecord
280
     1
102
RTVSPropertyOp0
 70
     0
102
RTVSPropertyOp1
 70
     0
102
RTVSPropertyOp2
 70
     0
102
RTVSPropertyOp3
 70
     0
102
RTVSPropertyOp4
 70
     0
102
RTVSPropertyOp5
 70
     0
102
RTVSPropertyOp6
 70
     0
102
RTVSPropertyOp7
 70
     0
102
RTVSPropertyOp8
 70
     0
102
RTVSPropertyOp9
 70
     0
102
RTVSPropertyOp10
 70
     0
102
RTVSPropertyOp11
 70
     0
102
RTVSPropertyOp12
 70
     0
102
RTVSPropertyOp13
 70
     0
102
RTVSPropertyOp14
 70
     2
102
RTVSPropertyOp15
 70
     0
102
RTVSPropertyOp16
 70
     0
102
RTVSPropertyOp17
 70
     0
102
RTVSPropertyOp18
 70
     0
102
RTVSPropertyOp19
 70
     0
102
RTVSPropertyOp20
 70
     0
102
RTVSPropertyOp21
 70
     0
102
RTVSPropertyOp22
 70
     0
102
RTVSPropertyOp23
 70
     0
102
RTVSPropertyOp24
 70
     0
102
RTVSPropertyOp25
 70
     0
102
RTVSPropertyOp26
 70
     0
102
RTVSPropertyOp27
 70
     0
102
RTVSPropertyOp28
 70
     0
102
RTVSPropertyOp29
 70
     0
102
RTVSPropertyOp30
 70
     0
102
RTVSPropertyOp31
 70
     0
102
RTVSPropertyOp32
 70
     0
102
RTVSPropertyOp33
 70
     0
102
RTVSPropertyOp34
 70
     0
102
RTVSPropertyOp35
 70
     0
102
RTVSPropertyOp36
 70
     0
102
RTVSPropertyOp37
 70
     0
102
RTVSPropertyOp38
 70
     0
102
RTVSPropertyOp39
 70
     0
102
RTVSPropertyOp40
 70
     0
102
RTVSPropertyOp41
 70
     0
102
RTVSPropertyOp42
 70
     0
102
RTVSPropertyOp43
 70
     0
102
RTVSPropertyOp44
 70
     0
102
RTVSPropertyOp45
 70
     0
102
RTVSPropertyOp46
 70
     0
102
RTVSPropertyOp47
 70
     0
102
RTVSPropertyOp48
 70
     0
102
RTVSPropertyOp49
 70
     0
102
RTVSPropertyOp50
 70
     0
102
RTVSPropertyOp51
 70
     0
102
RTVSPropertyOp52
 70
     0
102
RTVSPropertyOp53
 70
     0
102
RTVSPropertyOp54
 70
     0
102
RTVSPropertyOp55
 70
     0
102
RTVSPropertyOp56
 70
     0
102
RTVSPropertyOp57
 70
     0
102
RTVSPost2010Prop28
280
     0
102
RTVSPost2010PropOp28
 70
     0
102
RTVSPost2010Prop29
280
     1
102
RTVSPost2010PropOp29
 70
     0
102
RTVSPost2010Prop30
280
     1
102
RTVSPost2010PropOp30
 70
     0
102
RTVSPost2010Prop31
280
     0
102
RTVSPost2010PropOp31
 70
     0
102
RTVSPost2010Prop32
280
     0
102
RTVSPost2010PropOp32
 70
     0
102
RTVSPost2010Prop33
280
     0
102
RTVSPost2010PropOp33
 70
     0
102
RTVSPost2010Prop34
280
     0
102
RTVSPost2010PropOp34
 70
     0
102
RTVSPost2010Prop35
280
     0
102
RTVSPost2010PropOp35
 70
     0
102
RTVSPost2010Prop36
280
     0
102
RTVSPost2010PropOp36
 70
     0
102
RTVSPost2010Prop37
 90
       50
102
RTVSPost2010PropOp37
 70
     0
102
RTVSPost2010Prop38
140
0.0
102
RTVSPost2010PropOp38
 70
     0
102
RTVSPost2010Prop39
140
1.0
102
RTVSPost2010PropOp39
 70
     0
102
RTVSPost2010Prop40
 90
        0
102
RTVSPost2010PropOp40
 70
     0
102
RTVSPost2010Prop41ColorIndex
 90
       18
102
RTVSPost2010Prop41ColorRGB
 90
        0
102
RTVSPost2010PropOp41
 70
     0
102
RTVSPost2010Prop42
 90
       50
102
RTVSPost2010PropOp42
 70
     0
102
RTVSPost2010Prop43
 90
        3
102
RTVSPost2010PropOp43
 70
     0
102
RTVSPost2010Prop44ColorIndex
 90
        5
102
RTVSPost2010Prop44ColorRGB
 90
      255
102
RTVSPost2010PropOp44
 70
     0
102
RTVSPost2010Prop45
280
     0
102
RTVSPost2010PropOp45
 70
     0
102
RTVSPost2010Prop46
 90
       50
102
RTVSPost2010PropOp46
 70
     0
102
RTVSPost2010Prop47
 90
       50
102
RTVSPost2010PropOp47
 70
     0
102
RTVSPost2010Prop48
 90
       50
102
RTVSPost2010PropOp48
 70
     0
102
RTVSPost2010Prop49
280
     0
102
RTVSPost2010PropOp49
 70
     0
102
RTVSPost2010Prop50
 90
       50
102
RTVSPost2010PropOp50
 70
     0
102
RTVSPost2010Prop51ColorIndex
 90
      256
102
RTVSPost2010Prop51ColorRGB
 90
-16777216
102
RTVSPost2010PropOp51
 70
     0
102
RTVSPost2010Prop52
140
1.0
102
RTVSPost2010PropOp52
 70
     0
102
RTVSPost2010Prop53
 90
        2
102
RTVSPost2010PropOp53
 70
     0
102
RTVSPost2010Prop54
  1
strokes_ogs.tif
102
RTVSPost2010PropOp54
 70
     0
102
RTVSPost2010Prop55
280
     0
102
RTVSPost2010PropOp55
 70
     0
102
RTVSPost2010Prop56
140
1.0
102
RTVSPost2010PropOp56
 70
     0
102
RTVSPost2010Prop57
140
1.0
102
RTVSPost2010PropOp57
 70
     0
  0
XRECORD
  5
557
102
{ACAD_REACTORS
330
556
102
}
330
556
100
AcDbXrecord
280
     1
102
RTVSPropertyOp0
 70
     1
102
RTVSPropertyOp1
 70
     1
102
RTVSPropertyOp2
 70
     1
102
RTVSPropertyOp3
 70
     1
102
RTVSPropertyOp4
 70
     1
102
RTVSPropertyOp5
 70
     1
102
RTVSPropertyOp6
 70
     1
102
RTVSPropertyOp7
 70
     1
102
RTVSPropertyOp8
 70
     1
102
RTVSPropertyOp9
 70
     1
102
RTVSPropertyOp10
 70
     1
102
RTVSPropertyOp11
 70
     1
102
RTVSPropertyOp12
 70
     1
102
RTVSPropertyOp13
 70
     1
102
RTVSPropertyOp14
 70
     1
102
RTVSPropertyOp15
 70
     1
102
RTVSPropertyOp16
 70
     1
102
RTVSPropertyOp17
 70
     1
102
RTVSPropertyOp18
 70
     1
102
RTVSPropertyOp19
 70
     1
102
RTVSPropertyOp20
 70
     1
102
RTVSPropertyOp21
 70
     1
102
RTVSPropertyOp22
 70
     1
102
RTVSPropertyOp23
 70
     1
102
RTVSPropertyOp24
 70
     1
102
RTVSPropertyOp25
 70
     1
102
RTVSPropertyOp26
 70
     1
102
RTVSPropertyOp27
 70
     1
102
RTVSPropertyOp28
 70
     1
102
RTVSPropertyOp29
 70
     1
102
RTVSPropertyOp30
 70
     1
102
RTVSPropertyOp31
 70
     1
102
RTVSPropertyOp32
 70
     1
102
RTVSPropertyOp33
 70
     1
102
RTVSPropertyOp34
 70
     1
102
RTVSPropertyOp35
 70
     1
102
RTVSPropertyOp36
 70
     1
102
RTVSPropertyOp37
 70
     1
102
RTVSPropertyOp38
 70
     1
102
RTVSPropertyOp39
 70
     1
102
RTVSPropertyOp40
 70
     1
102
RTVSPropertyOp41
 70
     1
102
RTVSPropertyOp42
 70
     1
102
RTVSPropertyOp43
 70
     1
102
RTVSPropertyOp44
 70
     1
102
RTVSPropertyOp45
 70
     1
102
RTVSPropertyOp46
 70
     1
102
RTVSPropertyOp47
 70
     1
102
RTVSPropertyOp48
 70
     1
102
RTVSPropertyOp49
 70
     1
102
RTVSPropertyOp50
 70
     1
102
RTVSPropertyOp51
 70
     0
102
RTVSPropertyOp52
 70
     0
102
RTVSPropertyOp53
 70
     1
102
RTVSPropertyOp54
 70
     1
102
RTVSPropertyOp55
 70
     1
102
RTVSPropertyOp56
 70
     1
102
RTVSPropertyOp57
 70
     1
102
RTVSPost2010Prop28
280
     0
102
RTVSPost2010PropOp28
 70
     1
102
RTVSPost2010Prop29
280
     1
102
RTVSPost2010PropOp29
 70
     1
102
RTVSPost2010Prop30
280
     1
102
RTVSPost2010PropOp30
 70
     1
102
RTVSPost2010Prop31
280
     0
102
RTVSPost2010PropOp31
 70
     1
102
RTVSPost2010Prop32
280
     0
102
RTVSPost2010PropOp32
 70
     1
102
RTVSPost2010Prop33
280
     0
102
RTVSPost2010PropOp33
 70
     1
102
RTVSPost2010Prop34
280
     0
102
RTVSPost2010PropOp34
 70
     1
102
RTVSPost2010Prop35
280
     0
102
RTVSPost2010PropOp35
 70
     1
102
RTVSPost2010Prop36
280
     0
102
RTVSPost2010PropOp36
 70
     1
102
RTVSPost2010Prop37
 90
       50
102
RTVSPost2010PropOp37
 70
     1
102
RTVSPost2010Prop38
140
0.0
102
RTVSPost2010PropOp38
 70
     1
102
RTVSPost2010Prop39
140
1.0
102
RTVSPost2010PropOp39
 70
     1
102
RTVSPost2010Prop40
 90
        0
102
RTVSPost2010PropOp40
 70
     1
102
RTVSPost2010Prop41ColorIndex
 90
       18
102
RTVSPost2010Prop41ColorRGB
 90
        0
102
RTVSPost2010PropOp41
 70
     1
102
RTVSPost2010Prop42
 90
       50
102
RTVSPost2010PropOp42
 70
     1
102
RTVSPost2010Prop43
 90
        3
102
RTVSPost2010PropOp43
 70
     1
102
RTVSPost2010Prop44ColorIndex
 90
        5
102
RTVSPost2010Prop44ColorRGB
 90
      255
102
RTVSPost2010PropOp44
 70
     1
102
RTVSPost2010Prop45
280
     0
102
RTVSPost2010PropOp45
 70
     1
102
RTVSPost2010Prop46
 90
       50
102
RTVSPost2010PropOp46
 70
     1
102
RTVSPost2010Prop47
 90
       50
102
RTVSPost2010PropOp47
 70
     1
102
RTVSPost2010Prop48
 90
       50
102
RTVSPost2010PropOp48
 70
     1
102
RTVSPost2010Prop49
280
     0
102
RTVSPost2010PropOp49
 70
     1
102
RTVSPost2010Prop50
 90
       50
102
RTVSPost2010PropOp50
 70
     1
102
RTVSPost2010Prop51ColorIndex
 90
      256
102
RTVSPost2010Prop51ColorRGB
 90
-16777216
102
RTVSPost2010PropOp51
 70
     0
102
RTVSPost2010Prop52
140
1.0
102
RTVSPost2010PropOp52
 70
     0
102
RTVSPost2010Prop53
 90
        2
102
RTVSPost2010PropOp53
 70
     1
102
RTVSPost2010Prop54
  1
strokes_ogs.tif
102
RTVSPost2010PropOp54
 70
     1
102
RTVSPost2010Prop55
280
     0
102
RTVSPost2010PropOp55
 70
     1
102
RTVSPost2010Prop56
140
1.0
102
RTVSPost2010PropOp56
 70
     1
102
RTVSPost2010Prop57
140
1.0
102
RTVSPost2010PropOp57
 70
     1
  0
XRECORD
  5
55F
102
{ACAD_REACTORS
330
55E
102
}
330
55E
100
AcDbXrecord
280
     1
102
RTVSPropertyOp0
 70
     0
102
RTVSPropertyOp1
 70
     0
102
RTVSPropertyOp2
 70
     0
102
RTVSPropertyOp3
 70
     0
102
RTVSPropertyOp4
 70
     0
102
RTVSPropertyOp5
 70
     0
102
RTVSPropertyOp6
 70
     0
102
RTVSPropertyOp7
 70
     0
102
RTVSPropertyOp8
 70
     0
102
RTVSPropertyOp9
 70
     0
102
RTVSPropertyOp10
 70
     0
102
RTVSPropertyOp11
 70
     0
102
RTVSPropertyOp12
 70
     0
102
RTVSPropertyOp13
 70
     0
102
RTVSPropertyOp14
 70
     2
102
RTVSPropertyOp15
 70
     0
102
RTVSPropertyOp16
 70
     0
102
RTVSPropertyOp17
 70
     0
102
RTVSPropertyOp18
 70
     0
102
RTVSPropertyOp19
 70
     0
102
RTVSPropertyOp20
 70
     0
102
RTVSPropertyOp21
 70
     0
102
RTVSPropertyOp22
 70
     0
102
RTVSPropertyOp23
 70
     0
102
RTVSPropertyOp24
 70
     0
102
RTVSPropertyOp25
 70
     0
102
RTVSPropertyOp26
 70
     0
102
RTVSPropertyOp27
 70
     0
102
RTVSPropertyOp28
 70
     0
102
RTVSPropertyOp29
 70
     0
102
RTVSPropertyOp30
 70
     0
102
RTVSPropertyOp31
 70
     0
102
RTVSPropertyOp32
 70
     0
102
RTVSPropertyOp33
 70
     0
102
RTVSPropertyOp34
 70
     0
102
RTVSPropertyOp35
 70
     0
102
RTVSPropertyOp36
 70
     0
102
RTVSPropertyOp37
 70
     0
102
RTVSPropertyOp38
 70
     0
102
RTVSPropertyOp39
 70
     0
102
RTVSPropertyOp40
 70
     0
102
RTVSPropertyOp41
 70
     0
102
RTVSPropertyOp42
 70
     0
102
RTVSPropertyOp43
 70
     0
102
RTVSPropertyOp44
 70
     0
102
RTVSPropertyOp45
 70
     0
102
RTVSPropertyOp46
 70
     0
102
RTVSPropertyOp47
 70
     0
102
RTVSPropertyOp48
 70
     0
102
RTVSPropertyOp49
 70
     0
102
RTVSPropertyOp50
 70
     0
102
RTVSPropertyOp51
 70
     0
102
RTVSPropertyOp52
 70
     0
102
RTVSPropertyOp53
 70
     0
102
RTVSPropertyOp54
 70
     0
102
RTVSPropertyOp55
 70
     0
102
RTVSPropertyOp56
 70
     0
102
RTVSPropertyOp57
 70
     0
102
RTVSPost2010Prop28
280
     0
102
RTVSPost2010PropOp28
 70
     0
102
RTVSPost2010Prop29
280
     1
102
RTVSPost2010PropOp29
 70
     0
102
RTVSPost2010Prop30
280
     1
102
RTVSPost2010PropOp30
 70
     0
102
RTVSPost2010Prop31
280
     0
102
RTVSPost2010PropOp31
 70
     0
102
RTVSPost2010Prop32
280
     0
102
RTVSPost2010PropOp32
 70
     0
102
RTVSPost2010Prop33
280
     0
102
RTVSPost2010PropOp33
 70
     0
102
RTVSPost2010Prop34
280
     0
102
RTVSPost2010PropOp34
 70
     0
102
RTVSPost2010Prop35
280
     0
102
RTVSPost2010PropOp35
 70
     0
102
RTVSPost2010Prop36
280
     0
102
RTVSPost2010PropOp36
 70
     0
102
RTVSPost2010Prop37
 90
       50
102
RTVSPost2010PropOp37
 70
     0
102
RTVSPost2010Prop38
140
0.0
102
RTVSPost2010PropOp38
 70
     0
102
RTVSPost2010Prop39
140
1.0
102
RTVSPost2010PropOp39
 70
     0
102
RTVSPost2010Prop40
 90
        0
102
RTVSPost2010PropOp40
 70
     0
102
RTVSPost2010Prop41ColorIndex
 90
       18
102
RTVSPost2010Prop41ColorRGB
 90
        0
102
RTVSPost2010PropOp41
 70
     0
102
RTVSPost2010Prop42
 90
       50
102
RTVSPost2010PropOp42
 70
     0
102
RTVSPost2010Prop43
 90
        3
102
RTVSPost2010PropOp43
 70
     0
102
RTVSPost2010Prop44ColorIndex
 90
        5
102
RTVSPost2010Prop44ColorRGB
 90
      255
102
RTVSPost2010PropOp44
 70
     0
102
RTVSPost2010Prop45
280
     0
102
RTVSPost2010PropOp45
 70
     0
102
RTVSPost2010Prop46
 90
       50
102
RTVSPost2010PropOp46
 70
     0
102
RTVSPost2010Prop47
 90
       50
102
RTVSPost2010PropOp47
 70
     0
102
RTVSPost2010Prop48
 90
       50
102
RTVSPost2010PropOp48
 70
     0
102
RTVSPost2010Prop49
280
     0
102
RTVSPost2010PropOp49
 70
     0
102
RTVSPost2010Prop50
 90
       50
102
RTVSPost2010PropOp50
 70
     0
102
RTVSPost2010Prop51ColorIndex
 90
      256
102
RTVSPost2010Prop51ColorRGB
 90
-16777216
102
RTVSPost2010PropOp51
 70
     0
102
RTVSPost2010Prop52
140
1.0
102
RTVSPost2010PropOp52
 70
     0
102
RTVSPost2010Prop53
 90
        2
102
RTVSPost2010PropOp53
 70
     0
102
RTVSPost2010Prop54
  1
strokes_ogs.tif
102
RTVSPost2010PropOp54
 70
     0
102
RTVSPost2010Prop55
280
     0
102
RTVSPost2010PropOp55
 70
     0
102
RTVSPost2010Prop56
140
1.0
102
RTVSPost2010PropOp56
 70
     0
102
RTVSPost2010Prop57
140
1.0
102
RTVSPost2010PropOp57
 70
     0
  0
XRECORD
  5
54D
102
{ACAD_REACTORS
330
54C
102
}
330
54C
100
AcDbXrecord
280
     1
102
RTVSPropertyOp0
 70
     1
102
RTVSPropertyOp1
 70
     1
102
RTVSPropertyOp2
 70
     1
102
RTVSPropertyOp3
 70
     1
102
RTVSPropertyOp4
 70
     1
102
RTVSPropertyOp5
 70
     1
102
RTVSPropertyOp6
 70
     1
102
RTVSPropertyOp7
 70
     1
102
RTVSPropertyOp8
 70
     1
102
RTVSPropertyOp9
 70
     1
102
RTVSPropertyOp10
 70
     1
102
RTVSPropertyOp11
 70
     1
102
RTVSPropertyOp12
 70
     1
102
RTVSPropertyOp13
 70
     1
102
RTVSPropertyOp14
 70
     1
102
RTVSPropertyOp15
 70
     1
102
RTVSPropertyOp16
 70
     1
102
RTVSPropertyOp17
 70
     1
102
RTVSPropertyOp18
 70
     1
102
RTVSPropertyOp19
 70
     1
102
RTVSPropertyOp20
 70
     1
102
RTVSPropertyOp21
 70
     1
102
RTVSPropertyOp22
 70
     1
102
RTVSPropertyOp23
 70
     1
102
RTVSPropertyOp24
 70
     1
102
RTVSPropertyOp25
 70
     1
102
RTVSPropertyOp26
 70
     1
102
RTVSPropertyOp27
 70
     1
102
RTVSPropertyOp28
 70
     1
102
RTVSPropertyOp29
 70
     1
102
RTVSPropertyOp30
 70
     1
102
RTVSPropertyOp31
 70
     1
102
RTVSPropertyOp32
 70
     1
102
RTVSPropertyOp33
 70
     1
102
RTVSPropertyOp34
 70
     1
102
RTVSPropertyOp35
 70
     1
102
RTVSPropertyOp36
 70
     1
102
RTVSPropertyOp37
 70
     1
102
RTVSPropertyOp38
 70
     1
102
RTVSPropertyOp39
 70
     1
102
RTVSPropertyOp40
 70
     1
102
RTVSPropertyOp41
 70
     1
102
RTVSPropertyOp42
 70
     1
102
RTVSPropertyOp43
 70
     1
102
RTVSPropertyOp44
 70
     1
102
RTVSPropertyOp45
 70
     1
102
RTVSPropertyOp46
 70
     1
102
RTVSPropertyOp47
 70
     1
102
RTVSPropertyOp48
 70
     1
102
RTVSPropertyOp49
 70
     1
102
RTVSPropertyOp50
 70
     1
102
RTVSPropertyOp51
 70
     0
102
RTVSPropertyOp52
 70
     0
102
RTVSPropertyOp53
 70
     1
102
RTVSPropertyOp54
 70
     1
102
RTVSPropertyOp55
 70
     1
102
RTVSPropertyOp56
 70
     1
102
RTVSPropertyOp57
 70
     1
102
RTVSPost2010Prop28
280
     0
102
RTVSPost2010PropOp28
 70
     1
102
RTVSPost2010Prop29
280
     1
102
RTVSPost2010PropOp29
 70
     1
102
RTVSPost2010Prop30
280
     1
102
RTVSPost2010PropOp30
 70
     1
102
RTVSPost2010Prop31
280
     0
102
RTVSPost2010PropOp31
 70
     1
102
RTVSPost2010Prop32
280
     0
102
RTVSPost2010PropOp32
 70
     1
102
RTVSPost2010Prop33
280
     0
102
RTVSPost2010PropOp33
 70
     1
102
RTVSPost2010Prop34
280
     0
102
RTVSPost2010PropOp34
 70
     1
102
RTVSPost2010Prop35
280
     0
102
RTVSPost2010PropOp35
 70
     1
102
RTVSPost2010Prop36
280
     0
102
RTVSPost2010PropOp36
 70
     1
102
RTVSPost2010Prop37
 90
       50
102
RTVSPost2010PropOp37
 70
     1
102
RTVSPost2010Prop38
140
0.0
102
RTVSPost2010PropOp38
 70
     1
102
RTVSPost2010Prop39
140
1.0
102
RTVSPost2010PropOp39
 70
     1
102
RTVSPost2010Prop40
 90
        0
102
RTVSPost2010PropOp40
 70
     1
102
RTVSPost2010Prop41ColorIndex
 90
       18
102
RTVSPost2010Prop41ColorRGB
 90
        0
102
RTVSPost2010PropOp41
 70
     1
102
RTVSPost2010Prop42
 90
       50
102
RTVSPost2010PropOp42
 70
     1
102
RTVSPost2010Prop43
 90
        3
102
RTVSPost2010PropOp43
 70
     1
102
RTVSPost2010Prop44ColorIndex
 90
        5
102
RTVSPost2010Prop44ColorRGB
 90
      255
102
RTVSPost2010PropOp44
 70
     1
102
RTVSPost2010Prop45
280
     0
102
RTVSPost2010PropOp45
 70
     1
102
RTVSPost2010Prop46
 90
       50
102
RTVSPost2010PropOp46
 70
     1
102
RTVSPost2010Prop47
 90
       50
102
RTVSPost2010PropOp47
 70
     1
102
RTVSPost2010Prop48
 90
       50
102
RTVSPost2010PropOp48
 70
     1
102
RTVSPost2010Prop49
280
     0
102
RTVSPost2010PropOp49
 70
     1
102
RTVSPost2010Prop50
 90
       50
102
RTVSPost2010PropOp50
 70
     1
102
RTVSPost2010Prop51ColorIndex
 90
      256
102
RTVSPost2010Prop51ColorRGB
 90
-16777216
102
RTVSPost2010PropOp51
 70
     0
102
RTVSPost2010Prop52
140
1.0
102
RTVSPost2010PropOp52
 70
     0
102
RTVSPost2010Prop53
 90
        2
102
RTVSPost2010PropOp53
 70
     1
102
RTVSPost2010Prop54
  1
strokes_ogs.tif
102
RTVSPost2010PropOp54
 70
     1
102
RTVSPost2010Prop55
280
     0
102
RTVSPost2010PropOp55
 70
     1
102
RTVSPost2010Prop56
140
1.0
102
RTVSPost2010PropOp56
 70
     1
102
RTVSPost2010Prop57
140
1.0
102
RTVSPost2010PropOp57
 70
     1
  0
XRECORD
  5
56B
102
{ACAD_REACTORS
330
56A
102
}
330
56A
100
AcDbXrecord
280
     1
102
RTVSPropertyOp0
 70
     1
102
RTVSPropertyOp1
 70
     1
102
RTVSPropertyOp2
 70
     1
102
RTVSPropertyOp3
 70
     1
102
RTVSPropertyOp4
 70
     1
102
RTVSPropertyOp5
 70
     1
102
RTVSPropertyOp6
 70
     1
102
RTVSPropertyOp7
 70
     1
102
RTVSPropertyOp8
 70
     1
102
RTVSPropertyOp9
 70
     1
102
RTVSPropertyOp10
 70
     1
102
RTVSPropertyOp11
 70
     1
102
RTVSPropertyOp12
 70
     1
102
RTVSPropertyOp13
 70
     1
102
RTVSPropertyOp14
 70
     1
102
RTVSPropertyOp15
 70
     1
102
RTVSPropertyOp16
 70
     1
102
RTVSPropertyOp17
 70
     1
102
RTVSPropertyOp18
 70
     1
102
RTVSPropertyOp19
 70
     1
102
RTVSPropertyOp20
 70
     1
102
RTVSPropertyOp21
 70
     1
102
RTVSPropertyOp22
 70
     1
102
RTVSPropertyOp23
 70
     1
102
RTVSPropertyOp24
 70
     1
102
RTVSPropertyOp25
 70
     1
102
RTVSPropertyOp26
 70
     1
102
RTVSPropertyOp27
 70
     1
102
RTVSPropertyOp28
 70
     1
102
RTVSPropertyOp29
 70
     1
102
RTVSPropertyOp30
 70
     1
102
RTVSPropertyOp31
 70
     1
102
RTVSPropertyOp32
 70
     1
102
RTVSPropertyOp33
 70
     1
102
RTVSPropertyOp34
 70
     1
102
RTVSPropertyOp35
 70
     1
102
RTVSPropertyOp36
 70
     1
102
RTVSPropertyOp37
 70
     1
102
RTVSPropertyOp38
 70
     1
102
RTVSPropertyOp39
 70
     1
102
RTVSPropertyOp40
 70
     1
102
RTVSPropertyOp41
 70
     1
102
RTVSPropertyOp42
 70
     1
102
RTVSPropertyOp43
 70
     1
102
RTVSPropertyOp44
 70
     1
102
RTVSPropertyOp45
 70
     1
102
RTVSPropertyOp46
 70
     1
102
RTVSPropertyOp47
 70
     1
102
RTVSPropertyOp48
 70
     1
102
RTVSPropertyOp49
 70
     1
102
RTVSPropertyOp50
 70
     1
102
RTVSPropertyOp51
 70
     0
102
RTVSPropertyOp52
 70
     0
102
RTVSPropertyOp53
 70
     1
102
RTVSPropertyOp54
 70
     1
102
RTVSPropertyOp55
 70
     1
102
RTVSPropertyOp56
 70
     1
102
RTVSPropertyOp57
 70
     1
102
RTVSPost2010Prop28
280
     0
102
RTVSPost2010PropOp28
 70
     1
102
RTVSPost2010Prop29
280
     1
102
RTVSPost2010PropOp29
 70
     1
102
RTVSPost2010Prop30
280
     1
102
RTVSPost2010PropOp30
 70
     1
102
RTVSPost2010Prop31
280
     0
102
RTVSPost2010PropOp31
 70
     1
102
RTVSPost2010Prop32
280
     0
102
RTVSPost2010PropOp32
 70
     1
102
RTVSPost2010Prop33
280
     0
102
RTVSPost2010PropOp33
 70
     1
102
RTVSPost2010Prop34
280
     0
102
RTVSPost2010PropOp34
 70
     1
102
RTVSPost2010Prop35
280
     0
102
RTVSPost2010PropOp35
 70
     1
102
RTVSPost2010Prop36
280
     0
102
RTVSPost2010PropOp36
 70
     1
102
RTVSPost2010Prop37
 90
       50
102
RTVSPost2010PropOp37
 70
     1
102
RTVSPost2010Prop38
140
0.0
102
RTVSPost2010PropOp38
 70
     1
102
RTVSPost2010Prop39
140
1.0
102
RTVSPost2010PropOp39
 70
     1
102
RTVSPost2010Prop40
 90
        0
102
RTVSPost2010PropOp40
 70
     1
102
RTVSPost2010Prop41ColorIndex
 90
       18
102
RTVSPost2010Prop41ColorRGB
 90
        0
102
RTVSPost2010PropOp41
 70
     1
102
RTVSPost2010Prop42
 90
       50
102
RTVSPost2010PropOp42
 70
     1
102
RTVSPost2010Prop43
 90
        3
102
RTVSPost2010PropOp43
 70
     1
102
RTVSPost2010Prop44ColorIndex
 90
        5
102
RTVSPost2010Prop44ColorRGB
 90
      255
102
RTVSPost2010PropOp44
 70
     1
102
RTVSPost2010Prop45
280
     0
102
RTVSPost2010PropOp45
 70
     1
102
RTVSPost2010Prop46
 90
       50
102
RTVSPost2010PropOp46
 70
     1
102
RTVSPost2010Prop47
 90
       50
102
RTVSPost2010PropOp47
 70
     1
102
RTVSPost2010Prop48
 90
       50
102
RTVSPost2010PropOp48
 70
     1
102
RTVSPost2010Prop49
280
     0
102
RTVSPost2010PropOp49
 70
     1
102
RTVSPost2010Prop50
 90
       50
102
RTVSPost2010PropOp50
 70
     1
102
RTVSPost2010Prop51ColorIndex
 90
      256
102
RTVSPost2010Prop51ColorRGB
 90
-16777216
102
RTVSPost2010PropOp51
 70
     0
102
RTVSPost2010Prop52
140
1.0
102
RTVSPost2010PropOp52
 70
     0
102
RTVSPost2010Prop53
 90
        2
102
RTVSPost2010PropOp53
 70
     1
102
RTVSPost2010Prop54
  1
strokes_ogs.tif
102
RTVSPost2010PropOp54
 70
     1
102
RTVSPost2010Prop55
280
     0
102
RTVSPost2010PropOp55
 70
     1
102
RTVSPost2010Prop56
140
1.0
102
RTVSPost2010PropOp56
 70
     1
102
RTVSPost2010Prop57
140
1.0
102
RTVSPost2010PropOp57
 70
     1
  0
XRECORD
  5
569
102
{ACAD_REACTORS
330
568
102
}
330
568
100
AcDbXrecord
280
     1
102
RTVSPropertyOp0
 70
     1
102
RTVSPropertyOp1
 70
     1
102
RTVSPropertyOp2
 70
     1
102
RTVSPropertyOp3
 70
     1
102
RTVSPropertyOp4
 70
     1
102
RTVSPropertyOp5
 70
     1
102
RTVSPropertyOp6
 70
     1
102
RTVSPropertyOp7
 70
     1
102
RTVSPropertyOp8
 70
     1
102
RTVSPropertyOp9
 70
     1
102
RTVSPropertyOp10
 70
     1
102
RTVSPropertyOp11
 70
     1
102
RTVSPropertyOp12
 70
     1
102
RTVSPropertyOp13
 70
     1
102
RTVSPropertyOp14
 70
     1
102
RTVSPropertyOp15
 70
     1
102
RTVSPropertyOp16
 70
     1
102
RTVSPropertyOp17
 70
     1
102
RTVSPropertyOp18
 70
     1
102
RTVSPropertyOp19
 70
     1
102
RTVSPropertyOp20
 70
     1
102
RTVSPropertyOp21
 70
     1
102
RTVSPropertyOp22
 70
     1
102
RTVSPropertyOp23
 70
     1
102
RTVSPropertyOp24
 70
     1
102
RTVSPropertyOp25
 70
     1
102
RTVSPropertyOp26
 70
     1
102
RTVSPropertyOp27
 70
     1
102
RTVSPropertyOp28
 70
     1
102
RTVSPropertyOp29
 70
     1
102
RTVSPropertyOp30
 70
     1
102
RTVSPropertyOp31
 70
     1
102
RTVSPropertyOp32
 70
     1
102
RTVSPropertyOp33
 70
     1
102
RTVSPropertyOp34
 70
     1
102
RTVSPropertyOp35
 70
     1
102
RTVSPropertyOp36
 70
     1
102
RTVSPropertyOp37
 70
     1
102
RTVSPropertyOp38
 70
     1
102
RTVSPropertyOp39
 70
     1
102
RTVSPropertyOp40
 70
     1
102
RTVSPropertyOp41
 70
     1
102
RTVSPropertyOp42
 70
     1
102
RTVSPropertyOp43
 70
     1
102
RTVSPropertyOp44
 70
     1
102
RTVSPropertyOp45
 70
     1
102
RTVSPropertyOp46
 70
     1
102
RTVSPropertyOp47
 70
     1
102
RTVSPropertyOp48
 70
     1
102
RTVSPropertyOp49
 70
     1
102
RTVSPropertyOp50
 70
     1
102
RTVSPropertyOp51
 70
     0
102
RTVSPropertyOp52
 70
     0
102
RTVSPropertyOp53
 70
     1
102
RTVSPropertyOp54
 70
     1
102
RTVSPropertyOp55
 70
     1
102
RTVSPropertyOp56
 70
     1
102
RTVSPropertyOp57
 70
     1
102
RTVSPost2010Prop28
280
     0
102
RTVSPost2010PropOp28
 70
     1
102
RTVSPost2010Prop29
280
     1
102
RTVSPost2010PropOp29
 70
     1
102
RTVSPost2010Prop30
280
     1
102
RTVSPost2010PropOp30
 70
     1
102
RTVSPost2010Prop31
280
     0
102
RTVSPost2010PropOp31
 70
     1
102
RTVSPost2010Prop32
280
     0
102
RTVSPost2010PropOp32
 70
     1
102
RTVSPost2010Prop33
280
     0
102
RTVSPost2010PropOp33
 70
     1
102
RTVSPost2010Prop34
280
     0
102
RTVSPost2010PropOp34
 70
     1
102
RTVSPost2010Prop35
280
     0
102
RTVSPost2010PropOp35
 70
     1
102
RTVSPost2010Prop36
280
     0
102
RTVSPost2010PropOp36
 70
     1
102
RTVSPost2010Prop37
 90
       50
102
RTVSPost2010PropOp37
 70
     1
102
RTVSPost2010Prop38
140
0.0
102
RTVSPost2010PropOp38
 70
     1
102
RTVSPost2010Prop39
140
1.0
102
RTVSPost2010PropOp39
 70
     1
102
RTVSPost2010Prop40
 90
        0
102
RTVSPost2010PropOp40
 70
     1
102
RTVSPost2010Prop41ColorIndex
 90
       18
102
RTVSPost2010Prop41ColorRGB
 90
        0
102
RTVSPost2010PropOp41
 70
     1
102
RTVSPost2010Prop42
 90
       50
102
RTVSPost2010PropOp42
 70
     1
102
RTVSPost2010Prop43
 90
        3
102
RTVSPost2010PropOp43
 70
     1
102
RTVSPost2010Prop44ColorIndex
 90
        5
102
RTVSPost2010Prop44ColorRGB
 90
      255
102
RTVSPost2010PropOp44
 70
     1
102
RTVSPost2010Prop45
280
     0
102
RTVSPost2010PropOp45
 70
     1
102
RTVSPost2010Prop46
 90
       50
102
RTVSPost2010PropOp46
 70
     1
102
RTVSPost2010Prop47
 90
       50
102
RTVSPost2010PropOp47
 70
     1
102
RTVSPost2010Prop48
 90
       50
102
RTVSPost2010PropOp48
 70
     1
102
RTVSPost2010Prop49
280
     0
102
RTVSPost2010PropOp49
 70
     1
102
RTVSPost2010Prop50
 90
       50
102
RTVSPost2010PropOp50
 70
     1
102
RTVSPost2010Prop51ColorIndex
 90
      256
102
RTVSPost2010Prop51ColorRGB
 90
-16777216
102
RTVSPost2010PropOp51
 70
     0
102
RTVSPost2010Prop52
140
1.0
102
RTVSPost2010PropOp52
 70
     0
102
RTVSPost2010Prop53
 90
        2
102
RTVSPost2010PropOp53
 70
     1
102
RTVSPost2010Prop54
  1
strokes_ogs.tif
102
RTVSPost2010PropOp54
 70
     1
102
RTVSPost2010Prop55
280
     0
102
RTVSPost2010PropOp55
 70
     1
102
RTVSPost2010Prop56
140
1.0
102
RTVSPost2010PropOp56
 70
     1
102
RTVSPost2010Prop57
140
1.0
102
RTVSPost2010PropOp57
 70
     1
  0
XRECORD
  5
563
102
{ACAD_REACTORS
330
562
102
}
330
562
100
AcDbXrecord
280
     1
102
RTVSPropertyOp0
 70
     1
102
RTVSPropertyOp1
 70
     1
102
RTVSPropertyOp2
 70
     1
102
RTVSPropertyOp3
 70
     1
102
RTVSPropertyOp4
 70
     1
102
RTVSPropertyOp5
 70
     1
102
RTVSPropertyOp6
 70
     1
102
RTVSPropertyOp7
 70
     1
102
RTVSPropertyOp8
 70
     1
102
RTVSPropertyOp9
 70
     1
102
RTVSPropertyOp10
 70
     1
102
RTVSPropertyOp11
 70
     1
102
RTVSPropertyOp12
 70
     1
102
RTVSPropertyOp13
 70
     1
102
RTVSPropertyOp14
 70
     1
102
RTVSPropertyOp15
 70
     1
102
RTVSPropertyOp16
 70
     1
102
RTVSPropertyOp17
 70
     1
102
RTVSPropertyOp18
 70
     1
102
RTVSPropertyOp19
 70
     1
102
RTVSPropertyOp20
 70
     1
102
RTVSPropertyOp21
 70
     1
102
RTVSPropertyOp22
 70
     1
102
RTVSPropertyOp23
 70
     1
102
RTVSPropertyOp24
 70
     1
102
RTVSPropertyOp25
 70
     1
102
RTVSPropertyOp26
 70
     1
102
RTVSPropertyOp27
 70
     1
102
RTVSPropertyOp28
 70
     1
102
RTVSPropertyOp29
 70
     1
102
RTVSPropertyOp30
 70
     1
102
RTVSPropertyOp31
 70
     1
102
RTVSPropertyOp32
 70
     1
102
RTVSPropertyOp33
 70
     1
102
RTVSPropertyOp34
 70
     1
102
RTVSPropertyOp35
 70
     1
102
RTVSPropertyOp36
 70
     1
102
RTVSPropertyOp37
 70
     1
102
RTVSPropertyOp38
 70
     1
102
RTVSPropertyOp39
 70
     1
102
RTVSPropertyOp40
 70
     1
102
RTVSPropertyOp41
 70
     1
102
RTVSPropertyOp42
 70
     1
102
RTVSPropertyOp43
 70
     1
102
RTVSPropertyOp44
 70
     1
102
RTVSPropertyOp45
 70
     1
102
RTVSPropertyOp46
 70
     1
102
RTVSPropertyOp47
 70
     1
102
RTVSPropertyOp48
 70
     1
102
RTVSPropertyOp49
 70
     1
102
RTVSPropertyOp50
 70
     1
102
RTVSPropertyOp51
 70
     0
102
RTVSPropertyOp52
 70
     0
102
RTVSPropertyOp53
 70
     1
102
RTVSPropertyOp54
 70
     1
102
RTVSPropertyOp55
 70
     1
102
RTVSPropertyOp56
 70
     1
102
RTVSPropertyOp57
 70
     1
102
RTVSPost2010Prop28
280
     0
102
RTVSPost2010PropOp28
 70
     1
102
RTVSPost2010Prop29
280
     1
102
RTVSPost2010PropOp29
 70
     1
102
RTVSPost2010Prop30
280
     1
102
RTVSPost2010PropOp30
 70
     1
102
RTVSPost2010Prop31
280
     0
102
RTVSPost2010PropOp31
 70
     1
102
RTVSPost2010Prop32
280
     0
102
RTVSPost2010PropOp32
 70
     1
102
RTVSPost2010Prop33
280
     0
102
RTVSPost2010PropOp33
 70
     1
102
RTVSPost2010Prop34
280
     0
102
RTVSPost2010PropOp34
 70
     1
102
RTVSPost2010Prop35
280
     0
102
RTVSPost2010PropOp35
 70
     1
102
RTVSPost2010Prop36
280
     0
102
RTVSPost2010PropOp36
 70
     1
102
RTVSPost2010Prop37
 90
       50
102
RTVSPost2010PropOp37
 70
     1
102
RTVSPost2010Prop38
140
0.0
102
RTVSPost2010PropOp38
 70
     1
102
RTVSPost2010Prop39
140
1.0
102
RTVSPost2010PropOp39
 70
     1
102
RTVSPost2010Prop40
 90
        0
102
RTVSPost2010PropOp40
 70
     1
102
RTVSPost2010Prop41ColorIndex
 90
       18
102
RTVSPost2010Prop41ColorRGB
 90
        0
102
RTVSPost2010PropOp41
 70
     1
102
RTVSPost2010Prop42
 90
       50
102
RTVSPost2010PropOp42
 70
     1
102
RTVSPost2010Prop43
 90
        3
102
RTVSPost2010PropOp43
 70
     1
102
RTVSPost2010Prop44ColorIndex
 90
        5
102
RTVSPost2010Prop44ColorRGB
 90
      255
102
RTVSPost2010PropOp44
 70
     1
102
RTVSPost2010Prop45
280
     0
102
RTVSPost2010PropOp45
 70
     1
102
RTVSPost2010Prop46
 90
       50
102
RTVSPost2010PropOp46
 70
     1
102
RTVSPost2010Prop47
 90
       50
102
RTVSPost2010PropOp47
 70
     1
102
RTVSPost2010Prop48
 90
       50
102
RTVSPost2010PropOp48
 70
     1
102
RTVSPost2010Prop49
280
     0
102
RTVSPost2010PropOp49
 70
     1
102
RTVSPost2010Prop50
 90
       50
102
RTVSPost2010PropOp50
 70
     1
102
RTVSPost2010Prop51ColorIndex
 90
      256
102
RTVSPost2010Prop51ColorRGB
 90
-16777216
102
RTVSPost2010PropOp51
 70
     0
102
RTVSPost2010Prop52
140
1.0
102
RTVSPost2010PropOp52
 70
     0
102
RTVSPost2010Prop53
 90
        2
102
RTVSPost2010PropOp53
 70
     1
102
RTVSPost2010Prop54
  1
strokes_ogs.tif
102
RTVSPost2010PropOp54
 70
     1
102
RTVSPost2010Prop55
280
     0
102
RTVSPost2010PropOp55
 70
     1
102
RTVSPost2010Prop56
140
1.0
102
RTVSPost2010PropOp56
 70
     1
102
RTVSPost2010Prop57
140
1.0
102
RTVSPost2010PropOp57
 70
     1
  0
XRECORD
  5
565
102
{ACAD_REACTORS
330
564
102
}
330
564
100
AcDbXrecord
280
     1
102
RTVSPropertyOp0
 70
     1
102
RTVSPropertyOp1
 70
     1
102
RTVSPropertyOp2
 70
     1
102
RTVSPropertyOp3
 70
     1
102
RTVSPropertyOp4
 70
     1
102
RTVSPropertyOp5
 70
     1
102
RTVSPropertyOp6
 70
     1
102
RTVSPropertyOp7
 70
     1
102
RTVSPropertyOp8
 70
     1
102
RTVSPropertyOp9
 70
     1
102
RTVSPropertyOp10
 70
     1
102
RTVSPropertyOp11
 70
     1
102
RTVSPropertyOp12
 70
     1
102
RTVSPropertyOp13
 70
     1
102
RTVSPropertyOp14
 70
     1
102
RTVSPropertyOp15
 70
     1
102
RTVSPropertyOp16
 70
     1
102
RTVSPropertyOp17
 70
     1
102
RTVSPropertyOp18
 70
     1
102
RTVSPropertyOp19
 70
     1
102
RTVSPropertyOp20
 70
     1
102
RTVSPropertyOp21
 70
     1
102
RTVSPropertyOp22
 70
     1
102
RTVSPropertyOp23
 70
     1
102
RTVSPropertyOp24
 70
     1
102
RTVSPropertyOp25
 70
     1
102
RTVSPropertyOp26
 70
     1
102
RTVSPropertyOp27
 70
     1
102
RTVSPropertyOp28
 70
     1
102
RTVSPropertyOp29
 70
     1
102
RTVSPropertyOp30
 70
     1
102
RTVSPropertyOp31
 70
     1
102
RTVSPropertyOp32
 70
     1
102
RTVSPropertyOp33
 70
     1
102
RTVSPropertyOp34
 70
     1
102
RTVSPropertyOp35
 70
     1
102
RTVSPropertyOp36
 70
     1
102
RTVSPropertyOp37
 70
     1
102
RTVSPropertyOp38
 70
     1
102
RTVSPropertyOp39
 70
     1
102
RTVSPropertyOp40
 70
     1
102
RTVSPropertyOp41
 70
     1
102
RTVSPropertyOp42
 70
     1
102
RTVSPropertyOp43
 70
     1
102
RTVSPropertyOp44
 70
     1
102
RTVSPropertyOp45
 70
     1
102
RTVSPropertyOp46
 70
     1
102
RTVSPropertyOp47
 70
     1
102
RTVSPropertyOp48
 70
     1
102
RTVSPropertyOp49
 70
     1
102
RTVSPropertyOp50
 70
     1
102
RTVSPropertyOp51
 70
     0
102
RTVSPropertyOp52
 70
     0
102
RTVSPropertyOp53
 70
     1
102
RTVSPropertyOp54
 70
     1
102
RTVSPropertyOp55
 70
     1
102
RTVSPropertyOp56
 70
     1
102
RTVSPropertyOp57
 70
     1
102
RTVSPost2010Prop28
280
     0
102
RTVSPost2010PropOp28
 70
     1
102
RTVSPost2010Prop29
280
     1
102
RTVSPost2010PropOp29
 70
     1
102
RTVSPost2010Prop30
280
     1
102
RTVSPost2010PropOp30
 70
     1
102
RTVSPost2010Prop31
280
     0
102
RTVSPost2010PropOp31
 70
     1
102
RTVSPost2010Prop32
280
     0
102
RTVSPost2010PropOp32
 70
     1
102
RTVSPost2010Prop33
280
     0
102
RTVSPost2010PropOp33
 70
     1
102
RTVSPost2010Prop34
280
     0
102
RTVSPost2010PropOp34
 70
     1
102
RTVSPost2010Prop35
280
     0
102
RTVSPost2010PropOp35
 70
     1
102
RTVSPost2010Prop36
280
     0
102
RTVSPost2010PropOp36
 70
     1
102
RTVSPost2010Prop37
 90
       50
102
RTVSPost2010PropOp37
 70
     1
102
RTVSPost2010Prop38
140
0.0
102
RTVSPost2010PropOp38
 70
     1
102
RTVSPost2010Prop39
140
1.0
102
RTVSPost2010PropOp39
 70
     1
102
RTVSPost2010Prop40
 90
        0
102
RTVSPost2010PropOp40
 70
     1
102
RTVSPost2010Prop41ColorIndex
 90
       18
102
RTVSPost2010Prop41ColorRGB
 90
        0
102
RTVSPost2010PropOp41
 70
     1
102
RTVSPost2010Prop42
 90
       50
102
RTVSPost2010PropOp42
 70
     1
102
RTVSPost2010Prop43
 90
        3
102
RTVSPost2010PropOp43
 70
     1
102
RTVSPost2010Prop44ColorIndex
 90
        5
102
RTVSPost2010Prop44ColorRGB
 90
      255
102
RTVSPost2010PropOp44
 70
     1
102
RTVSPost2010Prop45
280
     0
102
RTVSPost2010PropOp45
 70
     1
102
RTVSPost2010Prop46
 90
       50
102
RTVSPost2010PropOp46
 70
     1
102
RTVSPost2010Prop47
 90
       50
102
RTVSPost2010PropOp47
 70
     1
102
RTVSPost2010Prop48
 90
       50
102
RTVSPost2010PropOp48
 70
     1
102
RTVSPost2010Prop49
280
     0
102
RTVSPost2010PropOp49
 70
     1
102
RTVSPost2010Prop50
 90
       50
102
RTVSPost2010PropOp50
 70
     1
102
RTVSPost2010Prop51ColorIndex
 90
      256
102
RTVSPost2010Prop51ColorRGB
 90
-16777216
102
RTVSPost2010PropOp51
 70
     0
102
RTVSPost2010Prop52
140
1.0
102
RTVSPost2010PropOp52
 70
     0
102
RTVSPost2010Prop53
 90
        2
102
RTVSPost2010PropOp53
 70
     1
102
RTVSPost2010Prop54
  1
strokes_ogs.tif
102
RTVSPost2010PropOp54
 70
     1
102
RTVSPost2010Prop55
280
     0
102
RTVSPost2010PropOp55
 70
     1
102
RTVSPost2010Prop56
140
1.0
102
RTVSPost2010PropOp56
 70
     1
102
RTVSPost2010Prop57
140
1.0
102
RTVSPost2010PropOp57
 70
     1
  0
XRECORD
  5
555
102
{ACAD_REACTORS
330
554
102
}
330
554
100
AcDbXrecord
280
     1
102
RTVSPropertyOp0
 70
     1
102
RTVSPropertyOp1
 70
     1
102
RTVSPropertyOp2
 70
     1
102
RTVSPropertyOp3
 70
     1
102
RTVSPropertyOp4
 70
     1
102
RTVSPropertyOp5
 70
     1
102
RTVSPropertyOp6
 70
     1
102
RTVSPropertyOp7
 70
     1
102
RTVSPropertyOp8
 70
     1
102
RTVSPropertyOp9
 70
     1
102
RTVSPropertyOp10
 70
     1
102
RTVSPropertyOp11
 70
     1
102
RTVSPropertyOp12
 70
     1
102
RTVSPropertyOp13
 70
     1
102
RTVSPropertyOp14
 70
     1
102
RTVSPropertyOp15
 70
     1
102
RTVSPropertyOp16
 70
     1
102
RTVSPropertyOp17
 70
     1
102
RTVSPropertyOp18
 70
     1
102
RTVSPropertyOp19
 70
     1
102
RTVSPropertyOp20
 70
     1
102
RTVSPropertyOp21
 70
     1
102
RTVSPropertyOp22
 70
     1
102
RTVSPropertyOp23
 70
     1
102
RTVSPropertyOp24
 70
     1
102
RTVSPropertyOp25
 70
     1
102
RTVSPropertyOp26
 70
     1
102
RTVSPropertyOp27
 70
     1
102
RTVSPropertyOp28
 70
     1
102
RTVSPropertyOp29
 70
     1
102
RTVSPropertyOp30
 70
     1
102
RTVSPropertyOp31
 70
     1
102
RTVSPropertyOp32
 70
     1
102
RTVSPropertyOp33
 70
     1
102
RTVSPropertyOp34
 70
     1
102
RTVSPropertyOp35
 70
     1
102
RTVSPropertyOp36
 70
     1
102
RTVSPropertyOp37
 70
     1
102
RTVSPropertyOp38
 70
     1
102
RTVSPropertyOp39
 70
     1
102
RTVSPropertyOp40
 70
     1
102
RTVSPropertyOp41
 70
     1
102
RTVSPropertyOp42
 70
     1
102
RTVSPropertyOp43
 70
     1
102
RTVSPropertyOp44
 70
     1
102
RTVSPropertyOp45
 70
     1
102
RTVSPropertyOp46
 70
     1
102
RTVSPropertyOp47
 70
     1
102
RTVSPropertyOp48
 70
     1
102
RTVSPropertyOp49
 70
     1
102
RTVSPropertyOp50
 70
     1
102
RTVSPropertyOp51
 70
     0
102
RTVSPropertyOp52
 70
     0
102
RTVSPropertyOp53
 70
     1
102
RTVSPropertyOp54
 70
     1
102
RTVSPropertyOp55
 70
     1
102
RTVSPropertyOp56
 70
     1
102
RTVSPropertyOp57
 70
     1
102
RTVSPost2010Prop28
280
     0
102
RTVSPost2010PropOp28
 70
     1
102
RTVSPost2010Prop29
280
     1
102
RTVSPost2010PropOp29
 70
     1
102
RTVSPost2010Prop30
280
     1
102
RTVSPost2010PropOp30
 70
     1
102
RTVSPost2010Prop31
280
     0
102
RTVSPost2010PropOp31
 70
     1
102
RTVSPost2010Prop32
280
     0
102
RTVSPost2010PropOp32
 70
     1
102
RTVSPost2010Prop33
280
     0
102
RTVSPost2010PropOp33
 70
     1
102
RTVSPost2010Prop34
280
     0
102
RTVSPost2010PropOp34
 70
     1
102
RTVSPost2010Prop35
280
     0
102
RTVSPost2010PropOp35
 70
     1
102
RTVSPost2010Prop36
280
     0
102
RTVSPost2010PropOp36
 70
     1
102
RTVSPost2010Prop37
 90
       50
102
RTVSPost2010PropOp37
 70
     1
102
RTVSPost2010Prop38
140
0.0
102
RTVSPost2010PropOp38
 70
     1
102
RTVSPost2010Prop39
140
1.0
102
RTVSPost2010PropOp39
 70
     1
102
RTVSPost2010Prop40
 90
        0
102
RTVSPost2010PropOp40
 70
     1
102
RTVSPost2010Prop41ColorIndex
 90
       18
102
RTVSPost2010Prop41ColorRGB
 90
        0
102
RTVSPost2010PropOp41
 70
     1
102
RTVSPost2010Prop42
 90
       50
102
RTVSPost2010PropOp42
 70
     1
102
RTVSPost2010Prop43
 90
        3
102
RTVSPost2010PropOp43
 70
     1
102
RTVSPost2010Prop44ColorIndex
 90
        5
102
RTVSPost2010Prop44ColorRGB
 90
      255
102
RTVSPost2010PropOp44
 70
     1
102
RTVSPost2010Prop45
280
     0
102
RTVSPost2010PropOp45
 70
     1
102
RTVSPost2010Prop46
 90
       50
102
RTVSPost2010PropOp46
 70
     1
102
RTVSPost2010Prop47
 90
       50
102
RTVSPost2010PropOp47
 70
     1
102
RTVSPost2010Prop48
 90
       50
102
RTVSPost2010PropOp48
 70
     1
102
RTVSPost2010Prop49
280
     0
102
RTVSPost2010PropOp49
 70
     1
102
RTVSPost2010Prop50
 90
       50
102
RTVSPost2010PropOp50
 70
     1
102
RTVSPost2010Prop51ColorIndex
 90
      256
102
RTVSPost2010Prop51ColorRGB
 90
-16777216
102
RTVSPost2010PropOp51
 70
     0
102
RTVSPost2010Prop52
140
1.0
102
RTVSPost2010PropOp52
 70
     0
102
RTVSPost2010Prop53
 90
        2
102
RTVSPost2010PropOp53
 70
     1
102
RTVSPost2010Prop54
  1
strokes_ogs.tif
102
RTVSPost2010PropOp54
 70
     1
102
RTVSPost2010Prop55
280
     0
102
RTVSPost2010PropOp55
 70
     1
102
RTVSPost2010Prop56
140
1.0
102
RTVSPost2010PropOp56
 70
     1
102
RTVSPost2010Prop57
140
1.0
102
RTVSPost2010PropOp57
 70
     1
  0
XRECORD
  5
547
102
{ACAD_REACTORS
330
546
102
}
330
546
100
AcDbXrecord
280
     1
102
RTVSPropertyOp0
 70
     1
102
RTVSPropertyOp1
 70
     1
102
RTVSPropertyOp2
 70
     1
102
RTVSPropertyOp3
 70
     1
102
RTVSPropertyOp4
 70
     1
102
RTVSPropertyOp5
 70
     1
102
RTVSPropertyOp6
 70
     1
102
RTVSPropertyOp7
 70
     1
102
RTVSPropertyOp8
 70
     1
102
RTVSPropertyOp9
 70
     1
102
RTVSPropertyOp10
 70
     1
102
RTVSPropertyOp11
 70
     1
102
RTVSPropertyOp12
 70
     1
102
RTVSPropertyOp13
 70
     1
102
RTVSPropertyOp14
 70
     1
102
RTVSPropertyOp15
 70
     1
102
RTVSPropertyOp16
 70
     1
102
RTVSPropertyOp17
 70
     1
102
RTVSPropertyOp18
 70
     1
102
RTVSPropertyOp19
 70
     1
102
RTVSPropertyOp20
 70
     1
102
RTVSPropertyOp21
 70
     1
102
RTVSPropertyOp22
 70
     1
102
RTVSPropertyOp23
 70
     1
102
RTVSPropertyOp24
 70
     1
102
RTVSPropertyOp25
 70
     1
102
RTVSPropertyOp26
 70
     1
102
RTVSPropertyOp27
 70
     1
102
RTVSPropertyOp28
 70
     1
102
RTVSPropertyOp29
 70
     1
102
RTVSPropertyOp30
 70
     1
102
RTVSPropertyOp31
 70
     1
102
RTVSPropertyOp32
 70
     1
102
RTVSPropertyOp33
 70
     1
102
RTVSPropertyOp34
 70
     1
102
RTVSPropertyOp35
 70
     1
102
RTVSPropertyOp36
 70
     1
102
RTVSPropertyOp37
 70
     1
102
RTVSPropertyOp38
 70
     1
102
RTVSPropertyOp39
 70
     1
102
RTVSPropertyOp40
 70
     1
102
RTVSPropertyOp41
 70
     1
102
RTVSPropertyOp42
 70
     1
102
RTVSPropertyOp43
 70
     1
102
RTVSPropertyOp44
 70
     1
102
RTVSPropertyOp45
 70
     1
102
RTVSPropertyOp46
 70
     1
102
RTVSPropertyOp47
 70
     1
102
RTVSPropertyOp48
 70
     1
102
RTVSPropertyOp49
 70
     1
102
RTVSPropertyOp50
 70
     1
102
RTVSPropertyOp51
 70
     0
102
RTVSPropertyOp52
 70
     0
102
RTVSPropertyOp53
 70
     1
102
RTVSPropertyOp54
 70
     1
102
RTVSPropertyOp55
 70
     1
102
RTVSPropertyOp56
 70
     1
102
RTVSPropertyOp57
 70
     1
102
RTVSPost2010Prop28
280
     0
102
RTVSPost2010PropOp28
 70
     1
102
RTVSPost2010Prop29
280
     1
102
RTVSPost2010PropOp29
 70
     1
102
RTVSPost2010Prop30
280
     1
102
RTVSPost2010PropOp30
 70
     1
102
RTVSPost2010Prop31
280
     0
102
RTVSPost2010PropOp31
 70
     1
102
RTVSPost2010Prop32
280
     0
102
RTVSPost2010PropOp32
 70
     1
102
RTVSPost2010Prop33
280
     0
102
RTVSPost2010PropOp33
 70
     1
102
RTVSPost2010Prop34
280
     0
102
RTVSPost2010PropOp34
 70
     1
102
RTVSPost2010Prop35
280
     0
102
RTVSPost2010PropOp35
 70
     1
102
RTVSPost2010Prop36
280
     0
102
RTVSPost2010PropOp36
 70
     1
102
RTVSPost2010Prop37
 90
       50
102
RTVSPost2010PropOp37
 70
     1
102
RTVSPost2010Prop38
140
0.0
102
RTVSPost2010PropOp38
 70
     1
102
RTVSPost2010Prop39
140
1.0
102
RTVSPost2010PropOp39
 70
     1
102
RTVSPost2010Prop40
 90
        0
102
RTVSPost2010PropOp40
 70
     1
102
RTVSPost2010Prop41ColorIndex
 90
       18
102
RTVSPost2010Prop41ColorRGB
 90
        0
102
RTVSPost2010PropOp41
 70
     1
102
RTVSPost2010Prop42
 90
       50
102
RTVSPost2010PropOp42
 70
     1
102
RTVSPost2010Prop43
 90
        3
102
RTVSPost2010PropOp43
 70
     1
102
RTVSPost2010Prop44ColorIndex
 90
        5
102
RTVSPost2010Prop44ColorRGB
 90
      255
102
RTVSPost2010PropOp44
 70
     1
102
RTVSPost2010Prop45
280
     0
102
RTVSPost2010PropOp45
 70
     1
102
RTVSPost2010Prop46
 90
       50
102
RTVSPost2010PropOp46
 70
     1
102
RTVSPost2010Prop47
 90
       50
102
RTVSPost2010PropOp47
 70
     1
102
RTVSPost2010Prop48
 90
       50
102
RTVSPost2010PropOp48
 70
     1
102
RTVSPost2010Prop49
280
     0
102
RTVSPost2010PropOp49
 70
     1
102
RTVSPost2010Prop50
 90
       50
102
RTVSPost2010PropOp50
 70
     1
102
RTVSPost2010Prop51ColorIndex
 90
      256
102
RTVSPost2010Prop51ColorRGB
 90
-16777216
102
RTVSPost2010PropOp51
 70
     0
102
RTVSPost2010Prop52
140
1.0
102
RTVSPost2010PropOp52
 70
     0
102
RTVSPost2010Prop53
 90
        2
102
RTVSPost2010PropOp53
 70
     1
102
RTVSPost2010Prop54
  1
strokes_ogs.tif
102
RTVSPost2010PropOp54
 70
     1
102
RTVSPost2010Prop55
280
     0
102
RTVSPost2010PropOp55
 70
     1
102
RTVSPost2010Prop56
140
1.0
102
RTVSPost2010PropOp56
 70
     1
102
RTVSPost2010Prop57
140
1.0
102
RTVSPost2010PropOp57
 70
     1
  0
XRECORD
  5
567
102
{ACAD_REACTORS
330
566
102
}
330
566
100
AcDbXrecord
280
     1
102
RTVSPropertyOp0
 70
     1
102
RTVSPropertyOp1
 70
     1
102
RTVSPropertyOp2
 70
     1
102
RTVSPropertyOp3
 70
     1
102
RTVSPropertyOp4
 70
     1
102
RTVSPropertyOp5
 70
     1
102
RTVSPropertyOp6
 70
     1
102
RTVSPropertyOp7
 70
     1
102
RTVSPropertyOp8
 70
     1
102
RTVSPropertyOp9
 70
     1
102
RTVSPropertyOp10
 70
     1
102
RTVSPropertyOp11
 70
     1
102
RTVSPropertyOp12
 70
     1
102
RTVSPropertyOp13
 70
     1
102
RTVSPropertyOp14
 70
     1
102
RTVSPropertyOp15
 70
     1
102
RTVSPropertyOp16
 70
     1
102
RTVSPropertyOp17
 70
     1
102
RTVSPropertyOp18
 70
     1
102
RTVSPropertyOp19
 70
     1
102
RTVSPropertyOp20
 70
     1
102
RTVSPropertyOp21
 70
     1
102
RTVSPropertyOp22
 70
     1
102
RTVSPropertyOp23
 70
     1
102
RTVSPropertyOp24
 70
     1
102
RTVSPropertyOp25
 70
     1
102
RTVSPropertyOp26
 70
     1
102
RTVSPropertyOp27
 70
     1
102
RTVSPropertyOp28
 70
     1
102
RTVSPropertyOp29
 70
     1
102
RTVSPropertyOp30
 70
     1
102
RTVSPropertyOp31
 70
     1
102
RTVSPropertyOp32
 70
     1
102
RTVSPropertyOp33
 70
     1
102
RTVSPropertyOp34
 70
     1
102
RTVSPropertyOp35
 70
     1
102
RTVSPropertyOp36
 70
     1
102
RTVSPropertyOp37
 70
     1
102
RTVSPropertyOp38
 70
     1
102
RTVSPropertyOp39
 70
     1
102
RTVSPropertyOp40
 70
     1
102
RTVSPropertyOp41
 70
     1
102
RTVSPropertyOp42
 70
     1
102
RTVSPropertyOp43
 70
     1
102
RTVSPropertyOp44
 70
     1
102
RTVSPropertyOp45
 70
     1
102
RTVSPropertyOp46
 70
     1
102
RTVSPropertyOp47
 70
     1
102
RTVSPropertyOp48
 70
     1
102
RTVSPropertyOp49
 70
     1
102
RTVSPropertyOp50
 70
     1
102
RTVSPropertyOp51
 70
     0
102
RTVSPropertyOp52
 70
     0
102
RTVSPropertyOp53
 70
     1
102
RTVSPropertyOp54
 70
     1
102
RTVSPropertyOp55
 70
     1
102
RTVSPropertyOp56
 70
     1
102
RTVSPropertyOp57
 70
     1
102
RTVSPost2010Prop28
280
     0
102
RTVSPost2010PropOp28
 70
     1
102
RTVSPost2010Prop29
280
     1
102
RTVSPost2010PropOp29
 70
     1
102
RTVSPost2010Prop30
280
     1
102
RTVSPost2010PropOp30
 70
     1
102
RTVSPost2010Prop31
280
     0
102
RTVSPost2010PropOp31
 70
     1
102
RTVSPost2010Prop32
280
     0
102
RTVSPost2010PropOp32
 70
     1
102
RTVSPost2010Prop33
280
     0
102
RTVSPost2010PropOp33
 70
     1
102
RTVSPost2010Prop34
280
     0
102
RTVSPost2010PropOp34
 70
     1
102
RTVSPost2010Prop35
280
     0
102
RTVSPost2010PropOp35
 70
     1
102
RTVSPost2010Prop36
280
     0
102
RTVSPost2010PropOp36
 70
     1
102
RTVSPost2010Prop37
 90
       50
102
RTVSPost2010PropOp37
 70
     1
102
RTVSPost2010Prop38
140
0.0
102
RTVSPost2010PropOp38
 70
     1
102
RTVSPost2010Prop39
140
1.0
102
RTVSPost2010PropOp39
 70
     1
102
RTVSPost2010Prop40
 90
        0
102
RTVSPost2010PropOp40
 70
     1
102
RTVSPost2010Prop41ColorIndex
 90
       18
102
RTVSPost2010Prop41ColorRGB
 90
        0
102
RTVSPost2010PropOp41
 70
     1
102
RTVSPost2010Prop42
 90
       50
102
RTVSPost2010PropOp42
 70
     1
102
RTVSPost2010Prop43
 90
        3
102
RTVSPost2010PropOp43
 70
     1
102
RTVSPost2010Prop44ColorIndex
 90
        5
102
RTVSPost2010Prop44ColorRGB
 90
      255
102
RTVSPost2010PropOp44
 70
     1
102
RTVSPost2010Prop45
280
     0
102
RTVSPost2010PropOp45
 70
     1
102
RTVSPost2010Prop46
 90
       50
102
RTVSPost2010PropOp46
 70
     1
102
RTVSPost2010Prop47
 90
       50
102
RTVSPost2010PropOp47
 70
     1
102
RTVSPost2010Prop48
 90
       50
102
RTVSPost2010PropOp48
 70
     1
102
RTVSPost2010Prop49
280
     0
102
RTVSPost2010PropOp49
 70
     1
102
RTVSPost2010Prop50
 90
       50
102
RTVSPost2010PropOp50
 70
     1
102
RTVSPost2010Prop51ColorIndex
 90
      256
102
RTVSPost2010Prop51ColorRGB
 90
-16777216
102
RTVSPost2010PropOp51
 70
     0
102
RTVSPost2010Prop52
140
1.0
102
RTVSPost2010PropOp52
 70
     0
102
RTVSPost2010Prop53
 90
        2
102
RTVSPost2010PropOp53
 70
     1
102
RTVSPost2010Prop54
  1
strokes_ogs.tif
102
RTVSPost2010PropOp54
 70
     1
102
RTVSPost2010Prop55
280
     0
102
RTVSPost2010PropOp55
 70
     1
102
RTVSPost2010Prop56
140
1.0
102
RTVSPost2010PropOp56
 70
     1
102
RTVSPost2010Prop57
140
1.0
102
RTVSPost2010PropOp57
 70
     1
  0
ENDSEC
  0
EOF
