  0
SECTION
  2
HEADER
  9
$ACADVER
  1
AC1021
  9
$ACADMAINTVER
 70
    25
  9
$DWGCODEPAGE
  3
ANSI_1252
  9
$LASTSAVEDBY
  1
josnyder
  9
$INSBASE
 10
0.0
 20
0.0
 30
0.0
  9
$EXTMIN
 10
-403.3740032764295
 20
-5.155652200788111
 30
0.0
  9
$EXTMAX
 10
57.68305113999799
 20
6.696078874912651
 30
0.0
  9
$LIMMIN
 10
0.0
 20
0.0
  9
$LIMMAX
 10
12.0
 20
9.0
  9
$ORTHOMODE
 70
     0
  9
$REGENMODE
 70
     1
  9
$FILLMODE
 70
     1
  9
$QTEXTMODE
 70
     0
  9
$MIRRTEXT
 70
     0
  9
$LTSCALE
 40
1.0
  9
$ATTMODE
 70
     1
  9
$TEXTSIZE
 40
0.2
  9
$TRACEWID
 40
0.05
  9
$TEXTSTYLE
  7
Standard
  9
$CLAYER
  8
null
  9
$CELTYPE
  6
ByLayer
  9
$CECOLOR
 62
   256
  9
$CELTSCALE
 40
1.0
  9
$DISPSILH
 70
     0
  9
$DIMSCALE
 40
1.0
  9
$DIMASZ
 40
0.18
  9
$DIMEXO
 40
0.0625
  9
$DIMDLI
 40
0.38
  9
$DIMRND
 40
0.0
  9
$DIMDLE
 40
0.0
  9
$DIMEXE
 40
0.18
  9
$DIMTP
 40
0.0
  9
$DIMTM
 40
0.0
  9
$DIMTXT
 40
0.18
  9
$DIMCEN
 40
0.09
  9
$DIMTSZ
 40
0.0
  9
$DIMTOL
 70
     0
  9
$DIMLIM
 70
     0
  9
$DIMTIH
 70
     1
  9
$DIMTOH
 70
     1
  9
$DIMSE1
 70
     0
  9
$DIMSE2
 70
     0
  9
$DIMTAD
 70
     0
  9
$DIMZIN
 70
     0
  9
$DIMBLK
  1

  9
$DIMASO
 70
     1
  9
$DIMSHO
 70
     1
  9
$DIMPOST
  1

  9
$DIMAPOST
  1

  9
$DIMALT
 70
     0
  9
$DIMALTD
 70
     2
  9
$DIMALTF
 40
25.4
  9
$DIMLFAC
 40
1.0
  9
$DIMTOFL
 70
     0
  9
$DIMTVP
 40
0.0
  9
$DIMTIX
 70
     0
  9
$DIMSOXD
 70
     0
  9
$DIMSAH
 70
     0
  9
$DIMBLK1
  1

  9
$DIMBLK2
  1

  9
$DIMSTYLE
  2
STANDARD_ACAD
  9
$DIMCLRD
 70
     0
  9
$DIMCLRE
 70
     0
  9
$DIMCLRT
 70
     0
  9
$DIMTFAC
 40
1.0
  9
$DIMGAP
 40
0.09
  9
$DIMJUST
 70
     0
  9
$DIMSD1
 70
     0
  9
$DIMSD2
 70
     0
  9
$DIMTOLJ
 70
     1
  9
$DIMTZIN
 70
     0
  9
$DIMALTZ
 70
     0
  9
$DIMALTTZ
 70
     0
  9
$DIMUPT
 70
     0
  9
$DIMDEC
 70
     4
  9
$DIMTDEC
 70
     4
  9
$DIMALTU
 70
     2
  9
$DIMALTTD
 70
     2
  9
$DIMTXSTY
  7
Standard
  9
$DIMAUNIT
 70
     0
  9
$DIMADEC
 70
     0
  9
$DIMALTRND
 40
0.0
  9
$DIMAZIN
 70
     0
  9
$DIMDSEP
 70
    46
  9
$DIMATFIT
 70
     3
  9
$DIMFRAC
 70
     0
  9
$DIMLDRBLK
  1

  9
$DIMLUNIT
 70
     2
  9
$DIMLWD
 70
    -2
  9
$DIMLWE
 70
    -2
  9
$DIMTMOVE
 70
     2
  9
$DIMFXL
 40
1.0
  9
$DIMFXLON
 70
     0
  9
$DIMJOGANG
 40
0.7853981633974483
  9
$DIMTFILL
 70
     0
  9
$DIMTFILLCLR
 70
     0
  9
$DIMARCSYM
 70
     0
  9
$DIMLTYPE
  6

  9
$DIMLTEX1
  6

  9
$DIMLTEX2
  6

  9
$LUNITS
 70
     2
  9
$LUPREC
 70
     3
  9
$SKETCHINC
 40
0.1
  9
$FILLETRAD
 40
0.0
  9
$AUNITS
 70
     0
  9
$AUPREC
 70
     0
  9
$MENU
  1
.
  9
$ELEVATION
 40
0.0
  9
$PELEVATION
 40
0.0
  9
$THICKNESS
 40
0.0
  9
$LIMCHECK
 70
     0
  9
$CHAMFERA
 40
0.0
  9
$CHAMFERB
 40
0.0
  9
$CHAMFERC
 40
0.0
  9
$CHAMFERD
 40
0.0
  9
$SKPOLY
 70
     0
  9
$TDCREATE
 40
2461120.772470428
  9
$TDUCREATE
 40
2461120.980803762
  9
$TDUPDATE
 40
2461120.772487604
  9
$TDUUPDATE
 40
2461120.980820938
  9
$TDINDWG
 40
0.0000000116
  9
$TDUSRTIMER
 40
0.0000000116
  9
$USRTIMER
 70
     1
  9
$ANGBASE
 50
0.0
  9
$ANGDIR
 70
     0
  9
$PDMODE
 70
     0
  9
$PDSIZE
 40
0.0
  9
$PLINEWID
 40
0.0
  9
$SPLFRAME
 70
     0
  9
$SPLINETYPE
 70
     6
  9
$SPLINESEGS
 70
     8
  9
$HANDSEED
  5
55B
  9
$SURFTAB1
 70
     6
  9
$SURFTAB2
 70
     6
  9
$SURFTYPE
 70
     6
  9
$SURFU
 70
     6
  9
$SURFV
 70
     6
  9
$UCSBASE
  2

  9
$UCSNAME
  2

  9
$UCSORG
 10
0.0
 20
0.0
 30
0.0
  9
$UCSXDIR
 10
1.0
 20
0.0
 30
0.0
  9
$UCSYDIR
 10
0.0
 20
1.0
 30
0.0
  9
$UCSORTHOREF
  2

  9
$UCSORTHOVIEW
 70
     0
  9
$UCSORGTOP
 10
0.0
 20
0.0
 30
0.0
  9
$UCSORGBOTTOM
 10
0.0
 20
0.0
 30
0.0
  9
$UCSORGLEFT
 10
0.0
 20
0.0
 30
0.0
  9
$UCSORGRIGHT
 10
0.0
 20
0.0
 30
0.0
  9
$UCSORGFRONT
 10
0.0
 20
0.0
 30
0.0
  9
$UCSORGBACK
 10
0.0
 20
0.0
 30
0.0
  9
$PUCSBASE
  2

  9
$PUCSNAME
  2

  9
$PUCSORG
 10
0.0
 20
0.0
 30
0.0
  9
$PUCSXDIR
 10
1.0
 20
0.0
 30
0.0
  9
$PUCSYDIR
 10
0.0
 20
1.0
 30
0.0
  9
$PUCSORTHOREF
  2

  9
$PUCSORTHOVIEW
 70
     0
  9
$PUCSORGTOP
 10
0.0
 20
0.0
 30
0.0
  9
$PUCSORGBOTTOM
 10
0.0
 20
0.0
 30
0.0
  9
$PUCSORGLEFT
 10
0.0
 20
0.0
 30
0.0
  9
$PUCSORGRIGHT
 10
0.0
 20
0.0
 30
0.0
  9
$PUCSORGFRONT
 10
0.0
 20
0.0
 30
0.0
  9
$PUCSORGBACK
 10
0.0
 20
0.0
 30
0.0
  9
$USERI1
 70
     0
  9
$USERI2
 70
     0
  9
$USERI3
 70
     0
  9
$USERI4
 70
     0
  9
$USERI5
 70
     0
  9
$USERR1
 40
0.0
  9
$USERR2
 40
0.0
  9
$USERR3
 40
0.0
  9
$USERR4
 40
0.0
  9
$USERR5
 40
0.0
  9
$WORLDVIEW
 70
     1
  9
$SHADEDGE
 70
     3
  9
$SHADEDIF
 70
    70
  9
$TILEMODE
 70
     1
  9
$MAXACTVP
 70
    64
  9
$PINSBASE
 10
0.0
 20
0.0
 30
0.0
  9
$PLIMCHECK
 70
     0
  9
$PEXTMIN
 10
1.000000000000000E+20
 20
1.000000000000000E+20
 30
1.000000000000000E+20
  9
$PEXTMAX
 10
-1.000000000000000E+20
 20
-1.000000000000000E+20
 30
-1.000000000000000E+20
  9
$PLIMMIN
 10
0.0
 20
0.0
  9
$PLIMMAX
 10
12.0
 20
9.0
  9
$UNITMODE
 70
     0
  9
$VISRETAIN
 70
     1
  9
$PLINEGEN
 70
     0
  9
$PSLTSCALE
 70
     1
  9
$TREEDEPTH
 70
  3020
  9
$CMLSTYLE
  2
Standard
  9
$CMLJUST
 70
     0
  9
$CMLSCALE
 40
1.0
  9
$PROXYGRAPHICS
 70
     1
  9
$MEASUREMENT
 70
     1
  9
$CELWEIGHT
370
    -1
  9
$ENDCAPS
280
     0
  9
$JOINSTYLE
280
     0
  9
$LWDISPLAY
290
     0
  9
$INSUNITS
 70
     4
  9
$HYPERLINKBASE
  1

  9
$STYLESHEET
  1

  9
$XEDIT
290
     1
  9
$CEPSNTYPE
380
     0
  9
$PSTYLEMODE
290
     1
  9
$FINGERPRINTGUID
  2
{205de945-6b04-964a-b471-30f6f0f984b7}
  9
$VERSIONGUID
  2
{FAEB1C32-E019-11D5-929B-00C0DF256EC4}
  9
$EXTNAMES
290
     1
  9
$PSVPSCALE
 40
0.0
  9
$OLESTARTUP
290
     0
  9
$SORTENTS
280
   127
  9
$INDEXCTL
280
     0
  9
$HIDETEXT
280
     1
  9
$XCLIPFRAME
290
     0
  9
$HALOGAP
280
     0
  9
$OBSCOLOR
 70
   257
  9
$OBSLTYPE
280
     0
  9
$INTERSECTIONDISPLAY
280
     0
  9
$INTERSECTIONCOLOR
 70
   257
  9
$DIMASSOC
280
     2
  9
$PROJECTNAME
  1

  9
$CAMERADISPLAY
290
     0
  9
$LENSLENGTH
 40
50.0
  9
$CAMERAHEIGHT
 40
0.0
  9
$STEPSPERSEC
 40
2.0
  9
$STEPSIZE
 40
6.0
  9
$3DDWFPREC
 40
2.0
  9
$PSOLWIDTH
 40
0.25
  9
$PSOLHEIGHT
 40
4.0
  9
$LOFTANG1
 40
1.570796326794897
  9
$LOFTANG2
 40
1.570796326794897
  9
$LOFTMAG1
 40
0.0
  9
$LOFTMAG2
 40
0.0
  9
$LOFTPARAM
 70
     7
  9
$LOFTNORMALS
280
     1
  9
$LATITUDE
 40
37.795
  9
$LONGITUDE
 40
-122.394
  9
$NORTHDIRECTION
 40
0.0
  9
$TIMEZONE
 70
 -8000
  9
$LIGHTGLYPHDISPLAY
280
     1
  9
$TILEMODELIGHTSYNCH
280
     1
  9
$CMATERIAL
347
44
  9
$SOLIDHIST
280
     0
  9
$SHOWHIST
280
     1
  9
$DWFFRAME
280
     2
  9
$DGNFRAME
280
     2
  9
$REALWORLDSCALE
290
     1
  9
$INTERFERECOLOR
 62
   256
  9
$CSHADOW
280
     0
  9
$SHADOWPLANELOCATION
 40
0.0
  0
ENDSEC
  0
SECTION
  2
CLASSES
  0
CLASS
  1
ACDBDICTIONARYWDFLT
  2
AcDbDictionaryWithDefault
  3
ObjectDBX Classes
 90
        0
 91
        3
280
     0
281
     0
  0
CLASS
  1
VISUALSTYLE
  2
AcDbVisualStyle
  3
ObjectDBX Classes
 90
     4095
 91
        3
280
     0
281
     0
  0
CLASS
  1
MATERIAL
  2
AcDbMaterial
  3
ObjectDBX Classes
 90
     1153
 91
        3
280
     0
281
     0
  0
CLASS
  1
SCALE
  2
AcDbScale
  3
ObjectDBX Classes
 90
     1153
 91
        3
280
     0
281
     0
  0
CLASS
  1
TABLESTYLE
  2
AcDbTableStyle
  3
ObjectDBX Classes
 90
     4095
 91
        3
280
     0
281
     0
  0
CLASS
  1
MLEADERSTYLE
  2
AcDbMLeaderStyle
  3
ACDB_MLEADERSTYLE_CLASS
 90
     4095
 91
        3
280
     0
281
     0
  0
CLASS
  1
SUN
  2
AcDbSun
  3
SCENEOE
 90
     1153
 91
        3
280
     0
281
     0
  0
CLASS
  1
DICTIONARYVAR
  2
AcDbDictionaryVar
  3
ObjectDBX Classes
 90
        0
 91
        3
280
     0
281
     0
  0
CLASS
  1
CELLSTYLEMAP
  2
AcDbCellStyleMap
  3
ObjectDBX Classes
 90
     1152
 91
        3
280
     0
281
     0
  0
ENDSEC
  0
SECTION
  2
TABLES
  0
TABLE
  2
VPORT
  5
8
330
0
100
AcDbSymbolTable
 70
     1
  0
VPORT
  5
29
330
8
100
AcDbSymbolTableRecord
100
AcDbViewportTableRecord
  2
*Active
 70
     0
 10
0.0
 20
0.0
 11
1.0
 21
1.0
 12
10.42990654205607
 22
4.5
 13
0.0
 23
0.0
 14
0.5
 24
0.5
 15
0.5
 25
0.5
 16
0.0
 26
0.0
 36
1.0
 17
0.0
 27
0.0
 37
0.0
 40
9.0
 41
1.972972972850329
 42
50.0
 43
0.0
 44
0.0
 50
0.0
 51
0.0
 71
     0
 72
   100
 73
     1
 74
     3
 75
     0
 76
     0
 77
     0
 78
     0
281
     0
 65
     1
110
0.0
120
0.0
130
0.0
111
1.0
121
0.0
131
0.0
112
0.0
122
1.0
132
0.0
 79
     0
146
0.0
348
2F
 60
     3
 61
     5
292
     1
282
     1
141
0.0
142
0.0
 63
   250
361
5D
  0
ENDTAB
  0
TABLE
  2
LTYPE
  5
5
330
0
100
AcDbSymbolTable
 70
     1
  0
LTYPE
  5
14
330
5
100
AcDbSymbolTableRecord
100
AcDbLinetypeTableRecord
  2
ByBlock
 70
     0
  3

 72
    65
 73
     0
 40
0.0
  0
LTYPE
  5
15
330
5
100
AcDbSymbolTableRecord
100
AcDbLinetypeTableRecord
  2
ByLayer
 70
     0
  3

 72
    65
 73
     0
 40
0.0
  0
LTYPE
  5
16
330
5
100
AcDbSymbolTableRecord
100
AcDbLinetypeTableRecord
  2
Continuous
 70
     0
  3
Solid line
 72
    65
 73
     0
 40
0.0
  0
ENDTAB
  0
TABLE
  2
LAYER
  5
2
330
0
100
AcDbSymbolTable
 70
     4
  0
LAYER
  5
10
330
2
100
AcDbSymbolTableRecord
100
AcDbLayerTableRecord
  2
0
 70
     0
 62
     7
  6
Continuous
370
    -3
390
F
347
46
  0
LAYER
  5
5F
330
2
100
AcDbSymbolTableRecord
100
AcDbLayerTableRecord
  2
null
 70
     0
 62
     7
  6
Continuous
370
    -3
390
F
347
46
  0
LAYER
  5
72
330
2
100
AcDbSymbolTableRecord
100
AcDbLayerTableRecord
  2
outside2
 70
     0
 62
     7
  6
Continuous
370
    -3
390
F
347
46
  0
LAYER
  5
78
330
2
100
AcDbSymbolTableRecord
100
AcDbLayerTableRecord
  2
outside2_T
 70
     0
 62
     1
420
 16711680
  6
Continuous
370
    -3
390
F
347
46
  0
ENDTAB
  0
TABLE
  2
STYLE
  5
3
330
0
100
AcDbSymbolTable
 70
     1
  0
STYLE
  5
11
330
3
100
AcDbSymbolTableRecord
100
AcDbTextStyleTableRecord
  2
Standard
 70
     0
 40
0.0
 41
1.0
 50
0.0
 71
     0
 42
0.2
  3
txt
  4

  0
ENDTAB
  0
TABLE
  2
VIEW
  5
6
330
0
100
AcDbSymbolTable
 70
     0
  0
ENDTAB
  0
TABLE
  2
UCS
  5
7
330
0
100
AcDbSymbolTable
 70
     0
  0
ENDTAB
  0
TABLE
  2
APPID
  5
9
330
0
100
AcDbSymbolTable
 70
     3
  0
APPID
  5
12
330
9
100
AcDbSymbolTableRecord
100
AcDbRegAppTableRecord
  2
ACAD
 70
     0
  0
APPID
  5
5E
330
9
100
AcDbSymbolTableRecord
100
AcDbRegAppTableRecord
  2
Rhino
 70
     0
  0
APPID
  5
553
330
9
100
AcDbSymbolTableRecord
100
AcDbRegAppTableRecord
  2
ACAD_MLEADERVER
 70
     0
  0
ENDTAB
  0
TABLE
  2
DIMSTYLE
  5
A
330
0
100
AcDbSymbolTable
 70
     1
100
AcDbDimStyleTable
  0
DIMSTYLE
105
27
330
A
100
AcDbSymbolTableRecord
100
AcDbDimStyleTableRecord
  2
STANDARD_ACAD
 70
     0
178
     0
340
11
  0
ENDTAB
  0
TABLE
  2
BLOCK_RECORD
  5
1
330
0
100
AcDbSymbolTable
 70
     1
  0
BLOCK_RECORD
  5
1F
330
1
100
AcDbSymbolTableRecord
100
AcDbBlockTableRecord
  2
*Model_Space
340
22
 70
     0
280
     1
281
     0
  0
BLOCK_RECORD
  5
1B
330
1
100
AcDbSymbolTableRecord
100
AcDbBlockTableRecord
  2
*Paper_Space
340
1E
 70
     0
280
     1
281
     0
  0
BLOCK_RECORD
  5
23
330
1
100
AcDbSymbolTableRecord
100
AcDbBlockTableRecord
  2
*Paper_Space0
340
26
 70
     0
280
     1
281
     0
  0
ENDTAB
  0
ENDSEC
  0
SECTION
  2
BLOCKS
  0
BLOCK
  5
20
330
1F
100
AcDbEntity
  8
0
100
AcDbBlockBegin
  2
*Model_Space
 70
     0
 10
0.0
 20
0.0
 30
0.0
  3
*Model_Space
  1

  0
ENDBLK
  5
21
330
1F
100
AcDbEntity
  8
0
100
AcDbBlockEnd
  0
BLOCK
  5
1C
330
1B
100
AcDbEntity
 67
     1
  8
0
100
AcDbBlockBegin
  2
*Paper_Space
 70
     0
 10
0.0
 20
0.0
 30
0.0
  3
*Paper_Space
  1

  0
ENDBLK
  5
1D
330
1B
100
AcDbEntity
 67
     1
  8
0
100
AcDbBlockEnd
  0
BLOCK
  5
24
330
23
100
AcDbEntity
  8
0
100
AcDbBlockBegin
  2
*Paper_Space0
 70
     0
 10
0.0
 20
0.0
 30
0.0
  3
*Paper_Space0
  1

  0
ENDBLK
  5
25
330
23
100
AcDbEntity
  8
0
100
AcDbBlockEnd
  0
ENDSEC
  0
SECTION
  2
ENTITIES
  0
POLYLINE
  5
60
330
1F
100
AcDbEntity
  8
null
100
AcDb2dPolyline
 66
     1
 10
0.0
 20
0.0
 30
0.0
  0
VERTEX
  5
61
330
60
100
AcDbEntity
  8
null
100
AcDbVertex
100
AcDb2dVertex
 10
56.8336437694798
 20
0.7702133370623027
 30
0.0
  0
VERTEX
  5
62
330
60
100
AcDbEntity
  8
null
100
AcDbVertex
100
AcDb2dVertex
 10
55.22584308323349
 20
0.7702133370623027
 30
0.0
  0
SEQEND
  5
63
330
60
100
AcDbEntity
  8
null
  0
POLYLINE
  5
64
330
1F
100
AcDbEntity
  8
null
100
AcDb2dPolyline
 66
     1
 10
0.0
 20
0.0
 30
0.0
  0
VERTEX
  5
65
330
64
100
AcDbEntity
  8
null
100
AcDbVertex
100
AcDb2dVertex
 10
56.83364376947981
 20
-4.306244830269875
 30
0.0
  0
VERTEX
  5
66
330
64
100
AcDbEntity
  8
null
100
AcDbVertex
100
AcDb2dVertex
 10
56.83364376947981
 20
-1.696659105787077
 30
0.0
  0
SEQEND
  5
67
330
64
100
AcDbEntity
  8
null
  0
POLYLINE
  5
68
330
1F
100
AcDbEntity
  8
null
100
AcDb2dPolyline
 66
     1
 10
0.0
 20
0.0
 30
0.0
  0
VERTEX
  5
69
330
68
100
AcDbEntity
  8
null
100
AcDbVertex
100
AcDb2dVertex
 10
56.78772540791614
 20
5.851846391295127
 30
0.0
  0
VERTEX
  5
6A
330
68
100
AcDbEntity
  8
null
100
AcDbVertex
100
AcDb2dVertex
 10
56.83364376947981
 20
3.308442420728398
 30
0.0
  0
VERTEX
  5
6B
330
68
100
AcDbEntity
  8
null
100
AcDbVertex
100
AcDb2dVertex
 10
55.01893369077805
 20
3.308442420728398
 30
0.0
  0
SEQEND
  5
6C
330
68
100
AcDbEntity
  8
null
  0
POINT
  5
6D
330
1F
100
AcDbEntity
  8
null
100
AcDbPoint
 10
56.83364376947981
 20
-4.306244830269875
 30
0.0
  0
POINT
  5
6E
330
1F
100
AcDbEntity
  8
null
100
AcDbPoint
 10
56.8336437694798
 20
-1.768015746603779
 30
0.0
  0
POINT
  5
6F
330
1F
100
AcDbEntity
  8
null
100
AcDbPoint
 10
56.8336437694798
 20
0.7702133370623027
 30
0.0
  0
POINT
  5
70
330
1F
100
AcDbEntity
  8
null
100
AcDbPoint
 10
56.83364376947981
 20
3.308442420728398
 30
0.0
  0
POINT
  5
71
330
1F
100
AcDbEntity
  8
null
100
AcDbPoint
 10
56.83364376947981
 20
5.846671504394475
 30
0.0
  0
SPLINE
  5
73
330
1F
100
AcDbEntity
  8
outside2
100
AcDbSpline
210
0.0
220
0.0
230
1.0
 70
    15
 71
     2
 72
    12
 73
     9
 74
     0
 42
0.0000000001
 43
0.0000000001
 40
0.0
 40
0.0
 40
0.0
 40
1.334245977562504
 40
1.334245977562504
 40
2.668491955125007
 40
2.668491955125007
 40
4.002737932687511
 40
4.002737932687511
 40
5.336983910250014
 40
5.336983910250014
 40
5.336983910250014
 10
55.98423639896163
 20
5.84667150439445
 30
0.0
 41
1.0
 10
55.98423639896156
 20
6.69607887491265
 30
0.0
 41
0.7071067811865476
 10
56.83364376947969
 20
6.696078874912651
 30
0.0
 41
1.0
 10
57.6830511399979
 20
6.69607887491265
 30
0.0
 41
0.7071067811865476
 10
57.68305113999799
 20
5.84667150439445
 30
0.0
 41
1.0
 10
57.6830511399979
 20
4.997264133876242
 30
0.0
 41
0.7071067811865476
 10
56.83364376947969
 20
4.997264133876243
 30
0.0
 41
1.0
 10
55.98423639896156
 20
4.997264133876242
 30
0.0
 41
0.7071067811865476
 10
55.98423639896163
 20
5.84667150439445
 30
0.0
 41
1.0
  0
SPLINE
  5
74
330
1F
100
AcDbEntity
  8
outside2
100
AcDbSpline
210
0.0
220
0.0
230
1.0
 70
    15
 71
     2
 72
    12
 73
     9
 74
     0
 42
0.0000000001
 43
0.0000000001
 40
0.0
 40
0.0
 40
0.0
 40
1.334245977562504
 40
1.334245977562504
 40
2.668491955125007
 40
2.668491955125007
 40
4.002737932687511
 40
4.002737932687511
 40
5.336983910250014
 40
5.336983910250014
 40
5.336983910250014
 10
55.98423639896163
 20
0.7702133370622732
 30
0.0
 41
1.0
 10
55.98423639896156
 20
1.619620707580485
 30
0.0
 41
0.7071067811865476
 10
56.83364376947969
 20
1.619620707580481
 30
0.0
 41
1.0
 10
57.6830511399979
 20
1.619620707580485
 30
0.0
 41
0.7071067811865476
 10
57.68305113999799
 20
0.7702133370622732
 30
0.0
 41
1.0
 10
57.6830511399979
 20
-0.0791940334559335
 30
0.0
 41
0.7071067811865476
 10
56.83364376947969
 20
-0.0791940334559342
 30
0.0
 41
1.0
 10
55.98423639896156
 20
-0.0791940334559335
 30
0.0
 41
0.7071067811865476
 10
55.98423639896163
 20
0.7702133370622732
 30
0.0
 41
1.0
  0
SPLINE
  5
75
330
1F
100
AcDbEntity
  8
outside2
100
AcDbSpline
210
0.0
220
0.0
230
1.0
 70
    15
 71
     2
 72
    12
 73
     9
 74
     0
 42
0.0000000001
 43
0.0000000001
 40
0.0
 40
0.0
 40
0.0
 40
1.334245977562504
 40
1.334245977562504
 40
2.668491955125007
 40
2.668491955125007
 40
4.002737932687511
 40
4.002737932687511
 40
5.336983910250014
 40
5.336983910250014
 40
5.336983910250014
 10
55.98423639896163
 20
-4.306244830269904
 30
0.0
 41
1.0
 10
55.98423639896156
 20
-3.45683745975169
 30
0.0
 41
0.7071067811865476
 10
56.83364376947969
 20
-3.456837459751696
 30
0.0
 41
1.0
 10
57.6830511399979
 20
-3.45683745975169
 30
0.0
 41
0.7071067811865476
 10
57.68305113999799
 20
-4.306244830269904
 30
0.0
 41
1.0
 10
57.6830511399979
 20
-5.155652200788109
 30
0.0
 41
0.7071067811865476
 10
56.83364376947969
 20
-5.155652200788111
 30
0.0
 41
1.0
 10
55.98423639896156
 20
-5.155652200788109
 30
0.0
 41
0.7071067811865476
 10
55.98423639896163
 20
-4.306244830269904
 30
0.0
 41
1.0
  0
SPLINE
  5
76
330
1F
100
AcDbEntity
  8
outside2
100
AcDbSpline
210
0.0
220
0.0
230
1.0
 70
    15
 71
     2
 72
    12
 73
     9
 74
     0
 42
0.0000000001
 43
0.0000000001
 40
0.0
 40
0.0
 40
0.0
 40
1.334245977562504
 40
1.334245977562504
 40
2.668491955125007
 40
2.668491955125007
 40
4.002737932687511
 40
4.002737932687511
 40
5.336983910250014
 40
5.336983910250014
 40
5.336983910250014
 10
55.98423639896163
 20
3.308442420728369
 30
0.0
 41
1.0
 10
55.98423639896156
 20
4.157849791246577
 30
0.0
 41
0.7071067811865476
 10
56.83364376947969
 20
4.157849791246576
 30
0.0
 41
1.0
 10
57.6830511399979
 20
4.157849791246577
 30
0.0
 41
0.7071067811865476
 10
57.68305113999799
 20
3.308442420728369
 30
0.0
 41
1.0
 10
57.6830511399979
 20
2.459035050210159
 30
0.0
 41
0.7071067811865476
 10
56.83364376947969
 20
2.459035050210161
 30
0.0
 41
1.0
 10
55.98423639896156
 20
2.459035050210159
 30
0.0
 41
0.7071067811865476
 10
55.98423639896163
 20
3.308442420728369
 30
0.0
 41
1.0
  0
SPLINE
  5
77
330
1F
100
AcDbEntity
  8
outside2
100
AcDbSpline
210
0.0
220
0.0
230
1.0
 70
    15
 71
     2
 72
    12
 73
     9
 74
     0
 42
0.0000000001
 43
0.0000000001
 40
0.0
 40
0.0
 40
0.0
 40
1.334245977562504
 40
1.334245977562504
 40
2.668491955125007
 40
2.668491955125007
 40
4.002737932687511
 40
4.002737932687511
 40
5.336983910250014
 40
5.336983910250014
 40
5.336983910250014
 10
55.98423639896163
 20
-1.768015746603808
 30
0.0
 41
1.0
 10
55.98423639896156
 20
-0.9186083760855974
 30
0.0
 41
0.7071067811865476
 10
56.83364376947969
 20
-0.9186083760856008
 30
0.0
 41
1.0
 10
57.6830511399979
 20
-0.9186083760855974
 30
0.0
 41
0.7071067811865476
 10
57.68305113999799
 20
-1.768015746603808
 30
0.0
 41
1.0
 10
57.6830511399979
 20
-2.617423117122016
 30
0.0
 41
0.7071067811865476
 10
56.83364376947969
 20
-2.617423117122016
 30
0.0
 41
1.0
 10
55.98423639896156
 20
-2.617423117122016
 30
0.0
 41
0.7071067811865476
 10
55.98423639896163
 20
-1.768015746603808
 30
0.0
 41
1.0
  0
POLYLINE
  5
79
330
1F
100
AcDbEntity
  8
outside2_T
100
AcDb2dPolyline
 66
     1
 10
0.0
 20
0.0
 30
0.0
  0
VERTEX
  5
7A
330
79
100
AcDbEntity
  8
outside2_T
100
AcDbVertex
100
AcDb2dVertex
 10
-184.4126379975557
 20
1.217060877385592
 30
0.0
  0
VERTEX
  5
7B
330
79
100
AcDbEntity
  8
outside2_T
100
AcDbVertex
100
AcDb2dVertex
 10
-184.4168845560758
 20
1.217060877385592
 30
0.0
  0
VERTEX
  5
7C
330
79
100
AcDbEntity
  8
outside2_T
100
AcDbVertex
100
AcDb2dVertex
 10
-186.9146842780941
 20
1.218554981904859
 30
0.0
  0
VERTEX
  5
7D
330
79
100
AcDbEntity
  8
outside2_T
100
AcDbVertex
100
AcDb2dVertex
 10
-189.1182649197532
 20
1.221649823593509
 30
0.0
  0
VERTEX
  5
7E
330
79
100
AcDbEntity
  8
outside2_T
100
AcDbVertex
100
AcDb2dVertex
 10
-191.3217591457
 20
1.226246368050383
 30
0.0
  0
VERTEX
  5
7F
330
79
100
AcDbEntity
  8
outside2_T
100
AcDbVertex
100
AcDb2dVertex
 10
-193.5252619266666
 20
1.232542830785818
 30
0.0
  0
VERTEX
  5
80
330
79
100
AcDbEntity
  8
outside2_T
100
AcDbVertex
100
AcDb2dVertex
 10
-195.7287962366931
 20
1.240234382607269
 30
0.0
  0
VERTEX
  5
81
330
79
100
AcDbEntity
  8
outside2_T
100
AcDbVertex
100
AcDb2dVertex
 10
-197.4915577382241
 20
1.247529340918547
 30
0.0
  0
VERTEX
  5
82
330
79
100
AcDbEntity
  8
outside2_T
100
AcDbVertex
100
AcDb2dVertex
 10
-199.2542390294187
 20
1.255822975464113
 30
0.0
  0
VERTEX
  5
83
330
79
100
AcDbEntity
  8
outside2_T
100
AcDbVertex
100
AcDb2dVertex
 10
-201.0170337561494
 20
1.265115275783273
 30
0.0
  0
VERTEX
  5
84
330
79
100
AcDbEntity
  8
outside2_T
100
AcDbVertex
100
AcDb2dVertex
 10
-202.7797436320007
 20
1.275307159245031
 30
0.0
  0
VERTEX
  5
85
330
79
100
AcDbEntity
  8
outside2_T
100
AcDbVertex
100
AcDb2dVertex
 10
-204.5424392507987
 20
1.286398461037237
 30
0.0
  0
VERTEX
  5
86
330
79
100
AcDbEntity
  8
outside2_T
100
AcDbVertex
100
AcDb2dVertex
 10
-206.3051492072908
 20
1.298488459473887
 30
0.0
  0
VERTEX
  5
87
330
79
100
AcDbEntity
  8
outside2_T
100
AcDbVertex
100
AcDb2dVertex
 10
-208.0678590516029
 20
1.31137886682275
 30
0.0
  0
VERTEX
  5
88
330
79
100
AcDbEntity
  8
outside2_T
100
AcDbVertex
100
AcDb2dVertex
 10
-209.830453540184
 20
1.325267767448096
 30
0.0
  0
VERTEX
  5
89
330
79
100
AcDbEntity
  8
outside2_T
100
AcDbVertex
100
AcDb2dVertex
 10
-211.5930653520629
 20
1.340056298127919
 30
0.0
  0
VERTEX
  5
8A
330
79
100
AcDbEntity
  8
outside2_T
100
AcDbVertex
100
AcDb2dVertex
 10
-213.3555742203952
 20
1.355736705644048
 30
0.0
  0
VERTEX
  5
8B
330
79
100
AcDbEntity
  8
outside2_T
100
AcDbVertex
100
AcDb2dVertex
 10
-215.118197188954
 20
1.372324367418457
 30
0.0
  0
VERTEX
  5
8C
330
79
100
AcDbEntity
  8
outside2_T
100
AcDbVertex
100
AcDb2dVertex
 10
-216.8806222398948
 20
1.389712466427568
 30
0.0
  0
VERTEX
  5
8D
330
79
100
AcDbEntity
  8
outside2_T
100
AcDbVertex
100
AcDb2dVertex
 10
-218.6431463813485
 20
1.407992448310821
 30
0.0
  0
VERTEX
  5
8E
330
79
100
AcDbEntity
  8
outside2_T
100
AcDbVertex
100
AcDb2dVertex
 10
-220.4055710979584
 20
1.427080465899166
 30
0.0
  0
VERTEX
  5
8F
330
79
100
AcDbEntity
  8
outside2_T
100
AcDbVertex
100
AcDb2dVertex
 10
-222.1678949422448
 20
1.44706037718602
 30
0.0
  0
VERTEX
  5
90
330
79
100
AcDbEntity
  8
outside2_T
100
AcDbVertex
100
AcDb2dVertex
 10
-223.9302194251367
 20
1.467848329529758
 30
0.0
  0
VERTEX
  5
91
330
79
100
AcDbEntity
  8
outside2_T
100
AcDbVertex
100
AcDb2dVertex
 10
-225.6925589280533
 20
1.489528361922865
 30
0.0
  0
VERTEX
  5
92
330
79
100
AcDbEntity
  8
outside2_T
100
AcDbVertex
100
AcDb2dVertex
 10
-227.4547971877243
 20
1.511909700814556
 30
0.0
  0
VERTEX
  5
93
330
79
100
AcDbEntity
  8
outside2_T
100
AcDbVertex
100
AcDb2dVertex
 10
-229.2169357959436
 20
1.535190564337583
 30
0.0
  0
VERTEX
  5
94
330
79
100
AcDbEntity
  8
outside2_T
100
AcDbVertex
100
AcDb2dVertex
 10
-230.9790901500452
 20
1.559172963209591
 30
0.0
  0
VERTEX
  5
95
330
79
100
AcDbEntity
  8
outside2_T
100
AcDbVertex
100
AcDb2dVertex
 10
-232.7412286210527
 20
1.583947948695027
 30
0.0
  0
VERTEX
  5
96
330
79
100
AcDbEntity
  8
outside2_T
100
AcDbVertex
100
AcDb2dVertex
 10
-234.5032672833412
 20
1.609530976487648
 30
0.0
  0
VERTEX
  5
97
330
79
100
AcDbEntity
  8
outside2_T
100
AcDbVertex
100
AcDb2dVertex
 10
-236.2652208236779
 20
1.635907034355228
 30
0.0
  0
VERTEX
  5
98
330
79
100
AcDbEntity
  8
outside2_T
100
AcDbVertex
100
AcDb2dVertex
 10
-238.0270990645158
 20
1.66298478672374
 30
0.0
  0
VERTEX
  5
99
330
79
100
AcDbEntity
  8
outside2_T
100
AcDbVertex
100
AcDb2dVertex
 10
-239.3485181764018
 20
1.683765514495747
 30
0.0
  0
VERTEX
  5
9A
330
79
100
AcDbEntity
  8
outside2_T
100
AcDbVertex
100
AcDb2dVertex
 10
-240.2293754308419
 20
1.697852766286758
 30
0.0
  0
VERTEX
  5
9B
330
79
100
AcDbEntity
  8
outside2_T
100
AcDbVertex
100
AcDb2dVertex
 10
-241.110275118508
 20
1.712146511387743
 30
0.0
  0
VERTEX
  5
9C
330
79
100
AcDbEntity
  8
outside2_T
100
AcDbVertex
100
AcDb2dVertex
 10
-241.9911451778265
 20
1.726531268182754
 30
0.0
  0
VERTEX
  5
9D
330
79
100
AcDbEntity
  8
outside2_T
100
AcDbVertex
100
AcDb2dVertex
 10
-242.8720139897925
 20
1.741220911588414
 30
0.0
  0
VERTEX
  5
9E
330
79
100
AcDbEntity
  8
outside2_T
100
AcDbVertex
100
AcDb2dVertex
 10
-243.7529423515464
 20
1.756010654590185
 30
0.0
  0
VERTEX
  5
9F
330
79
100
AcDbEntity
  8
outside2_T
100
AcDbVertex
100
AcDb2dVertex
 10
-244.6338119100962
 20
1.770898526370644
 30
0.0
  0
VERTEX
  5
A0
330
79
100
AcDbEntity
  8
outside2_T
100
AcDbVertex
100
AcDb2dVertex
 10
-245.5145814099206
 20
1.786083698101621
 30
0.0
  0
VERTEX
  5
A1
330
79
100
AcDbEntity
  8
outside2_T
100
AcDbVertex
100
AcDb2dVertex
 10
-246.3954075042195
 20
1.801368935413976
 30
0.0
  0
VERTEX
  5
A2
330
79
100
AcDbEntity
  8
outside2_T
100
AcDbVertex
100
AcDb2dVertex
 10
-247.2761762380732
 20
1.816759900219679
 30
0.0
  0
VERTEX
  5
A3
330
79
100
AcDbEntity
  8
outside2_T
100
AcDbVertex
100
AcDb2dVertex
 10
-248.1569758567634
 20
1.832448714615253
 30
0.0
  0
VERTEX
  5
A4
330
79
100
AcDbEntity
  8
outside2_T
100
AcDbVertex
100
AcDb2dVertex
 10
-249.0377749459239
 20
1.848137519578827
 30
0.0
  0
VERTEX
  5
A5
330
79
100
AcDbEntity
  8
outside2_T
100
AcDbVertex
100
AcDb2dVertex
 10
-249.9184730166245
 20
1.864123634087022
 30
0.0
  0
VERTEX
  5
A6
330
79
100
AcDbEntity
  8
outside2_T
100
AcDbVertex
100
AcDb2dVertex
 10
-250.3589738586147
 20
1.872113783841712
 30
0.0
  0
VERTEX
  5
A7
330
79
100
AcDbEntity
  8
outside2_T
100
AcDbVertex
100
AcDb2dVertex
 10
-250.7992968959972
 20
1.880110198050616
 30
0.0
  0
VERTEX
  5
A8
330
79
100
AcDbEntity
  8
outside2_T
100
AcDbVertex
100
AcDb2dVertex
 10
-251.2396328253929
 20
1.888205911728249
 30
0.0
  0
VERTEX
  5
A9
330
79
100
AcDbEntity
  8
outside2_T
100
AcDbVertex
100
AcDb2dVertex
 10
-251.6799731269434
 20
1.896294082707442
 30
0.0
  0
VERTEX
  5
AA
330
79
100
AcDbEntity
  8
outside2_T
100
AcDbVertex
100
AcDb2dVertex
 10
-252.1203026981987
 20
1.904488813597737
 30
0.0
  0
VERTEX
  5
AB
330
79
100
AcDbEntity
  8
outside2_T
100
AcDbVertex
100
AcDb2dVertex
 10
-252.5607992034473
 20
1.912684735719026
 30
0.0
  0
VERTEX
  5
AC
330
79
100
AcDbEntity
  8
outside2_T
100
AcDbVertex
100
AcDb2dVertex
 10
-253.001131011953
 20
1.92087950825038
 30
0.0
  0
VERTEX
  5
AD
330
79
100
AcDbEntity
  8
outside2_T
100
AcDbVertex
100
AcDb2dVertex
 10
-253.4414669432362
 20
1.929173422110111
 30
0.0
  0
VERTEX
  5
AE
330
79
100
AcDbEntity
  8
outside2_T
100
AcDbVertex
100
AcDb2dVertex
 10
-253.8817658175348
 20
1.937460916603186
 30
0.0
  0
VERTEX
  5
AF
330
79
100
AcDbEntity
  8
outside2_T
100
AcDbVertex
100
AcDb2dVertex
 10
-254.3221942047408
 20
1.945754705365204
 30
0.0
  0
VERTEX
  5
B0
330
79
100
AcDbEntity
  8
outside2_T
100
AcDbVertex
100
AcDb2dVertex
 10
-254.7624288296692
 20
1.954147677236378
 30
0.0
  0
VERTEX
  5
B1
330
79
100
AcDbEntity
  8
outside2_T
100
AcDbVertex
100
AcDb2dVertex
 10
-255.2028223383106
 20
1.962541824956148
 30
0.0
  0
VERTEX
  5
B2
330
79
100
AcDbEntity
  8
outside2_T
100
AcDbVertex
100
AcDb2dVertex
 10
-255.6431582923285
 20
1.970934839322894
 30
0.0
  0
VERTEX
  5
B3
330
79
100
AcDbEntity
  8
outside2_T
100
AcDbVertex
100
AcDb2dVertex
 10
-256.0834942046177
 20
1.979426952963692
 30
0.0
  0
VERTEX
  5
B4
330
79
100
AcDbEntity
  8
outside2_T
100
AcDbVertex
100
AcDb2dVertex
 10
-256.5238786500983
 20
1.987927626591912
 30
0.0
  0
VERTEX
  5
B5
330
79
100
AcDbEntity
  8
outside2_T
100
AcDbVertex
100
AcDb2dVertex
 10
-256.9642787953914
 20
1.996421015835509
 30
0.0
  0
VERTEX
  5
B6
330
79
100
AcDbEntity
  8
outside2_T
100
AcDbVertex
100
AcDb2dVertex
 10
-257.4046136098812
 20
2.004913108304663
 30
0.0
  0
VERTEX
  5
B7
330
79
100
AcDbEntity
  8
outside2_T
100
AcDbVertex
100
AcDb2dVertex
 10
-257.8448473630319
 20
2.013504299508185
 30
0.0
  0
VERTEX
  5
B8
330
79
100
AcDbEntity
  8
outside2_T
100
AcDbVertex
100
AcDb2dVertex
 10
-258.2851811462389
 20
2.022095471683855
 30
0.0
  0
VERTEX
  5
B9
330
79
100
AcDbEntity
  8
outside2_T
100
AcDbVertex
100
AcDb2dVertex
 10
-258.7255126480273
 20
2.030793321425307
 30
0.0
  0
VERTEX
  5
BA
330
79
100
AcDbEntity
  8
outside2_T
100
AcDbVertex
100
AcDb2dVertex
 10
-259.1658114146745
 20
2.039484895858024
 30
0.0
  0
VERTEX
  5
BB
330
79
100
AcDbEntity
  8
outside2_T
100
AcDbVertex
100
AcDb2dVertex
 10
-259.6062069923326
 20
2.048176387177492
 30
0.0
  0
VERTEX
  5
BC
330
79
100
AcDbEntity
  8
outside2_T
100
AcDbVertex
100
AcDb2dVertex
 10
-260.0465373274763
 20
2.05687421395065
 30
0.0
  0
VERTEX
  5
BD
330
79
100
AcDbEntity
  8
outside2_T
100
AcDbVertex
100
AcDb2dVertex
 10
-260.4868339901282
 20
2.065664860779663
 30
0.0
  0
VERTEX
  5
BE
330
79
100
AcDbEntity
  8
outside2_T
100
AcDbVertex
100
AcDb2dVertex
 10
-260.927165456568
 20
2.07435508681759
 30
0.0
  0
VERTEX
  5
BF
330
79
100
AcDbEntity
  8
outside2_T
100
AcDbVertex
100
AcDb2dVertex
 10
-261.367398446355
 20
2.083251223598211
 30
0.0
  0
VERTEX
  5
C0
330
79
100
AcDbEntity
  8
outside2_T
100
AcDbVertex
100
AcDb2dVertex
 10
-261.8077917606559
 20
2.092041783231707
 30
0.0
  0
VERTEX
  5
C1
330
79
100
AcDbEntity
  8
outside2_T
100
AcDbVertex
100
AcDb2dVertex
 10
-262.2480229921406
 20
2.100937807459076
 30
0.0
  0
VERTEX
  5
C2
330
79
100
AcDbEntity
  8
outside2_T
100
AcDbVertex
100
AcDb2dVertex
 10
-262.6884274034695
 20
2.109827704204321
 30
0.0
  0
VERTEX
  5
C3
330
79
100
AcDbEntity
  8
outside2_T
100
AcDbVertex
100
AcDb2dVertex
 10
-263.1287065172748
 20
2.118724773173255
 30
0.0
  0
VERTEX
  5
C4
330
79
100
AcDbEntity
  8
outside2_T
100
AcDbVertex
100
AcDb2dVertex
 10
-263.5689489811743
 20
2.127613401278794
 30
0.0
  0
VERTEX
  5
C5
330
79
100
AcDbEntity
  8
outside2_T
100
AcDbVertex
100
AcDb2dVertex
 10
-264.0092816435012
 20
2.136608571958305
 30
0.0
  0
VERTEX
  5
C6
330
79
100
AcDbEntity
  8
outside2_T
100
AcDbVertex
100
AcDb2dVertex
 10
-264.4495734564342
 20
2.145604932848201
 30
0.0
  0
VERTEX
  5
C7
330
79
100
AcDbEntity
  8
outside2_T
100
AcDbVertex
100
AcDb2dVertex
 10
-264.8899110867778
 20
2.154592659820977
 30
0.0
  0
VERTEX
  5
C8
330
79
100
AcDbEntity
  8
outside2_T
100
AcDbVertex
100
AcDb2dVertex
 10
-265.3301423392306
 20
2.163686882107811
 30
0.0
  0
VERTEX
  5
C9
330
79
100
AcDbEntity
  8
outside2_T
100
AcDbVertex
100
AcDb2dVertex
 10
-265.7704938164875
 20
2.172783587978202
 30
0.0
  0
VERTEX
  5
CA
330
79
100
AcDbEntity
  8
outside2_T
100
AcDbVertex
100
AcDb2dVertex
 10
-266.21073240518
 20
2.181778939227684
 30
0.0
  0
VERTEX
  5
CB
330
79
100
AcDbEntity
  8
outside2_T
100
AcDbVertex
100
AcDb2dVertex
 10
-266.6510683545532
 20
2.19096475412799
 30
0.0
  0
VERTEX
  5
CC
330
79
100
AcDbEntity
  8
outside2_T
100
AcDbVertex
100
AcDb2dVertex
 10
-267.0913569018529
 20
2.200060160002039
 30
0.0
  0
VERTEX
  5
CD
330
79
100
AcDbEntity
  8
outside2_T
100
AcDbVertex
100
AcDb2dVertex
 10
-267.53159369373
 20
2.209253596786198
 30
0.0
  0
VERTEX
  5
CE
330
79
100
AcDbEntity
  8
outside2_T
100
AcDbVertex
100
AcDb2dVertex
 10
-267.971883946244
 20
2.218448229591942
 30
0.0
  0
VERTEX
  5
CF
330
79
100
AcDbEntity
  8
outside2_T
100
AcDbVertex
100
AcDb2dVertex
 10
-268.4121781950956
 20
2.227642866246441
 30
0.0
  0
VERTEX
  5
D0
330
79
100
AcDbEntity
  8
outside2_T
100
AcDbVertex
100
AcDb2dVertex
 10
-268.852573860116
 20
2.236837550992689
 30
0.0
  0
VERTEX
  5
D1
330
79
100
AcDbEntity
  8
outside2_T
100
AcDbVertex
100
AcDb2dVertex
 10
-269.2928088117232
 20
2.246023405866495
 30
0.0
  0
VERTEX
  5
D2
330
79
100
AcDbEntity
  8
outside2_T
100
AcDbVertex
100
AcDb2dVertex
 10
-269.7330412378091
 20
2.255315850562184
 30
0.0
  0
VERTEX
  5
D3
330
79
100
AcDbEntity
  8
outside2_T
100
AcDbVertex
100
AcDb2dVertex
 10
-270.1733353945107
 20
2.264609598270326
 30
0.0
  0
VERTEX
  5
D4
330
79
100
AcDbEntity
  8
outside2_T
100
AcDbVertex
100
AcDb2dVertex
 10
-270.6136256460325
 20
2.273903344012425
 30
0.0
  0
VERTEX
  5
D5
330
79
100
AcDbEntity
  8
outside2_T
100
AcDbVertex
100
AcDb2dVertex
 10
-271.0538625323487
 20
2.283195882854841
 30
0.0
  0
VERTEX
  5
D6
330
79
100
AcDbEntity
  8
outside2_T
100
AcDbVertex
100
AcDb2dVertex
 10
-271.4941566425263
 20
2.292588742548503
 30
0.0
  0
VERTEX
  5
D7
330
79
100
AcDbEntity
  8
outside2_T
100
AcDbVertex
100
AcDb2dVertex
 10
-271.9344469871904
 20
2.301882490256645
 30
0.0
  0
VERTEX
  5
D8
330
79
100
AcDbEntity
  8
outside2_T
100
AcDbVertex
100
AcDb2dVertex
 10
-272.3746838272464
 20
2.311274128198306
 30
0.0
  0
VERTEX
  5
D9
330
79
100
AcDbEntity
  8
outside2_T
100
AcDbVertex
100
AcDb2dVertex
 10
-272.8149161611496
 20
2.320673293090636
 30
0.0
  0
VERTEX
  5
DA
330
79
100
AcDbEntity
  8
outside2_T
100
AcDbVertex
100
AcDb2dVertex
 10
-273.2552109183816
 20
2.330165361882905
 30
0.0
  0
VERTEX
  5
DB
330
79
100
AcDbEntity
  8
outside2_T
100
AcDbVertex
100
AcDb2dVertex
 10
-273.6955624853136
 20
2.339559447310052
 30
0.0
  0
VERTEX
  5
DC
330
79
100
AcDbEntity
  8
outside2_T
100
AcDbVertex
100
AcDb2dVertex
 10
-274.1357954202592
 20
2.348951083255557
 30
0.0
  0
VERTEX
  5
DD
330
79
100
AcDbEntity
  8
outside2_T
100
AcDbVertex
100
AcDb2dVertex
 10
-274.5760322616342
 20
2.358441821301327
 30
0.0
  0
VERTEX
  5
DE
330
79
100
AcDbEntity
  8
outside2_T
100
AcDbVertex
100
AcDb2dVertex
 10
-275.0163264183358
 20
2.367933794965509
 30
0.0
  0
VERTEX
  5
DF
330
79
100
AcDbEntity
  8
outside2_T
100
AcDbVertex
100
AcDb2dVertex
 10
-275.4565150810408
 20
2.37742571324047
 30
0.0
  0
VERTEX
  5
E0
330
79
100
AcDbEntity
  8
outside2_T
100
AcDbVertex
100
AcDb2dVertex
 10
-275.896749984361
 20
2.386924032592759
 30
0.0
  0
VERTEX
  5
E1
330
79
100
AcDbEntity
  8
outside2_T
100
AcDbVertex
100
AcDb2dVertex
 10
-276.3370447414688
 20
2.396515215353659
 30
0.0
  0
VERTEX
  5
E2
330
79
100
AcDbEntity
  8
outside2_T
100
AcDbVertex
100
AcDb2dVertex
 10
-276.7773389462513
 20
2.406007190054382
 30
0.0
  0
VERTEX
  5
E3
330
79
100
AcDbEntity
  8
outside2_T
100
AcDbVertex
100
AcDb2dVertex
 10
-277.2176286429086
 20
2.415598179541831
 30
0.0
  0
VERTEX
  5
E4
330
79
100
AcDbEntity
  8
outside2_T
100
AcDbVertex
100
AcDb2dVertex
 10
-277.6579177377774
 20
2.42509775031597
 30
0.0
  0
VERTEX
  5
E5
330
79
100
AcDbEntity
  8
outside2_T
100
AcDbVertex
100
AcDb2dVertex
 10
-278.0980586301978
 20
2.434687657095182
 30
0.0
  0
VERTEX
  5
E6
330
79
100
AcDbEntity
  8
outside2_T
100
AcDbVertex
100
AcDb2dVertex
 10
-278.538351378347
 20
2.444278796099496
 30
0.0
  0
VERTEX
  5
E7
330
79
100
AcDbEntity
  8
outside2_T
100
AcDbVertex
100
AcDb2dVertex
 10
-278.9785838578419
 20
2.453868539204848
 30
0.0
  0
VERTEX
  5
E8
330
79
100
AcDbEntity
  8
outside2_T
100
AcDbVertex
100
AcDb2dVertex
 10
-279.4188767166474
 20
2.463566334313114
 30
0.0
  0
VERTEX
  5
E9
330
79
100
AcDbEntity
  8
outside2_T
100
AcDbVertex
100
AcDb2dVertex
 10
-279.8590679483324
 20
2.473157420955303
 30
0.0
  0
VERTEX
  5
EA
330
79
100
AcDbEntity
  8
outside2_T
100
AcDbVertex
100
AcDb2dVertex
 10
-280.2993634029302
 20
2.482855273237945
 30
0.0
  0
VERTEX
  5
EB
330
79
100
AcDbEntity
  8
outside2_T
100
AcDbVertex
100
AcDb2dVertex
 10
-280.7396619234141
 20
2.492446454937991
 30
0.0
  0
VERTEX
  5
EC
330
79
100
AcDbEntity
  8
outside2_T
100
AcDbVertex
100
AcDb2dVertex
 10
-281.1798948588245
 20
2.502135391057578
 30
0.0
  0
VERTEX
  5
ED
330
79
100
AcDbEntity
  8
outside2_T
100
AcDbVertex
100
AcDb2dVertex
 10
-281.6200786475651
 20
2.511832966921688
 30
0.0
  0
VERTEX
  5
EE
330
79
100
AcDbEntity
  8
outside2_T
100
AcDbVertex
100
AcDb2dVertex
 10
-282.0603802471763
 20
2.521523414372467
 30
0.0
  0
VERTEX
  5
EF
330
79
100
AcDbEntity
  8
outside2_T
100
AcDbVertex
100
AcDb2dVertex
 10
-282.5005728626457
 20
2.531213560544288
 30
0.0
  0
VERTEX
  5
F0
330
79
100
AcDbEntity
  8
outside2_T
100
AcDbVertex
100
AcDb2dVertex
 10
-282.9408568108368
 20
2.540911243391335
 30
0.0
  0
VERTEX
  5
F1
330
79
100
AcDbEntity
  8
outside2_T
100
AcDbVertex
100
AcDb2dVertex
 10
-283.3811598893884
 20
2.550601639445901
 30
0.0
  0
VERTEX
  5
F2
330
79
100
AcDbEntity
  8
outside2_T
100
AcDbVertex
100
AcDb2dVertex
 10
-283.8212880362938
 20
2.560298073453367
 30
0.0
  0
VERTEX
  5
F3
330
79
100
AcDbEntity
  8
outside2_T
100
AcDbVertex
100
AcDb2dVertex
 10
-284.2615835053151
 20
2.570087415229168
 30
0.0
  0
VERTEX
  5
F4
330
79
100
AcDbEntity
  8
outside2_T
100
AcDbVertex
100
AcDb2dVertex
 10
-284.7018763373612
 20
2.579785209748053
 30
0.0
  0
VERTEX
  5
F5
330
79
100
AcDbEntity
  8
outside2_T
100
AcDbVertex
100
AcDb2dVertex
 10
-285.1420719813744
 20
2.589574620471041
 30
0.0
  0
VERTEX
  5
F6
330
79
100
AcDbEntity
  8
outside2_T
100
AcDbVertex
100
AcDb2dVertex
 10
-285.5823630013826
 20
2.599264751057447
 30
0.0
  0
VERTEX
  5
F7
330
79
100
AcDbEntity
  8
outside2_T
100
AcDbVertex
100
AcDb2dVertex
 10
-286.0225915248462
 20
2.609060312142304
 30
0.0
  0
VERTEX
  5
F8
330
79
100
AcDbEntity
  8
outside2_T
100
AcDbVertex
100
AcDb2dVertex
 10
-286.4627929400892
 20
2.618849766473915
 30
0.0
  0
VERTEX
  5
F9
330
79
100
AcDbEntity
  8
outside2_T
100
AcDbVertex
100
AcDb2dVertex
 10
-286.9030769132223
 20
2.628646561413774
 30
0.0
  0
VERTEX
  5
FA
330
79
100
AcDbEntity
  8
outside2_T
100
AcDbVertex
100
AcDb2dVertex
 10
-287.3433325516057
 20
2.638437221591019
 30
0.0
  0
VERTEX
  5
FB
330
79
100
AcDbEntity
  8
outside2_T
100
AcDbVertex
100
AcDb2dVertex
 10
-287.7836266592234
 20
2.648135044205361
 30
0.0
  0
VERTEX
  5
FC
330
79
100
AcDbEntity
  8
outside2_T
100
AcDbVertex
100
AcDb2dVertex
 10
-288.2237031719127
 20
2.657921805593944
 30
0.0
  0
VERTEX
  5
FD
330
79
100
AcDbEntity
  8
outside2_T
100
AcDbVertex
100
AcDb2dVertex
 10
-288.6639973286152
 20
2.667817855245474
 30
0.0
  0
VERTEX
  5
FE
330
79
100
AcDbEntity
  8
outside2_T
100
AcDbVertex
100
AcDb2dVertex
 10
-289.1042490071175
 20
2.677608512106701
 30
0.0
  0
VERTEX
  5
FF
330
79
100
AcDbEntity
  8
outside2_T
100
AcDbVertex
100
AcDb2dVertex
 10
-289.5445369886009
 20
2.687405311413499
 30
0.0
  0
VERTEX
  5
100
330
79
100
AcDbEntity
  8
outside2_T
100
AcDbVertex
100
AcDb2dVertex
 10
-289.9848360596957
 20
2.697194818107874
 30
0.0
  0
VERTEX
  5
101
330
79
100
AcDbEntity
  8
outside2_T
100
AcDbVertex
100
AcDb2dVertex
 10
-290.4250198237892
 20
2.706991503867869
 30
0.0
  0
VERTEX
  5
102
330
79
100
AcDbEntity
  8
outside2_T
100
AcDbVertex
100
AcDb2dVertex
 10
-290.8653126234836
 20
2.716788495174342
 30
0.0
  0
VERTEX
  5
103
330
79
100
AcDbEntity
  8
outside2_T
100
AcDbVertex
100
AcDb2dVertex
 10
-291.3054535428304
 20
2.726576604163142
 30
0.0
  0
VERTEX
  5
104
330
79
100
AcDbEntity
  8
outside2_T
100
AcDbVertex
100
AcDb2dVertex
 10
-291.74574765048
 20
2.736472652712138
 30
0.0
  0
VERTEX
  5
105
330
79
100
AcDbEntity
  8
outside2_T
100
AcDbVertex
100
AcDb2dVertex
 10
-292.1859993289816
 20
2.746263309573351
 30
0.0
  0
VERTEX
  5
106
330
79
100
AcDbEntity
  8
outside2_T
100
AcDbVertex
100
AcDb2dVertex
 10
-292.626287310465
 20
2.756060108880149
 30
0.0
  0
VERTEX
  5
107
330
79
100
AcDbEntity
  8
outside2_T
100
AcDbVertex
100
AcDb2dVertex
 10
-293.0664280820376
 20
2.765848214581439
 30
0.0
  0
VERTEX
  5
108
330
79
100
AcDbEntity
  8
outside2_T
100
AcDbVertex
100
AcDb2dVertex
 10
-293.5067183776461
 20
2.775744263130349
 30
0.0
  0
VERTEX
  5
109
330
79
100
AcDbEntity
  8
outside2_T
100
AcDbVertex
100
AcDb2dVertex
 10
-293.9469701057566
 20
2.785534921094808
 30
0.0
  0
VERTEX
  5
10A
330
79
100
AcDbEntity
  8
outside2_T
100
AcDbVertex
100
AcDb2dVertex
 10
-294.3872000401768
 20
2.795330513613578
 30
0.0
  0
VERTEX
  5
10B
330
79
100
AcDbEntity
  8
outside2_T
100
AcDbVertex
100
AcDb2dVertex
 10
-294.8273988959522
 20
2.805218939190155
 30
0.0
  0
VERTEX
  5
10C
330
79
100
AcDbEntity
  8
outside2_T
100
AcDbVertex
100
AcDb2dVertex
 10
-295.2677433774605
 20
2.815017080467015
 30
0.0
  0
VERTEX
  5
10D
330
79
100
AcDbEntity
  8
outside2_T
100
AcDbVertex
100
AcDb2dVertex
 10
-295.7079408825205
 20
2.824806532616009
 30
0.0
  0
VERTEX
  5
10E
330
79
100
AcDbEntity
  8
outside2_T
100
AcDbVertex
100
AcDb2dVertex
 10
-296.1481664037665
 20
2.834602026936892
 30
0.0
  0
VERTEX
  5
10F
330
79
100
AcDbEntity
  8
outside2_T
100
AcDbVertex
100
AcDb2dVertex
 10
-296.5883696718321
 20
2.844498175780799
 30
0.0
  0
VERTEX
  5
110
330
79
100
AcDbEntity
  8
outside2_T
100
AcDbVertex
100
AcDb2dVertex
 10
-297.0287229788549
 20
2.854288888269394
 30
0.0
  0
VERTEX
  5
111
330
79
100
AcDbEntity
  8
outside2_T
100
AcDbVertex
100
AcDb2dVertex
 10
-297.4689028326666
 20
2.864085571842878
 30
0.0
  0
VERTEX
  5
112
330
79
100
AcDbEntity
  8
outside2_T
100
AcDbVertex
100
AcDb2dVertex
 10
-297.9092123754434
 20
2.873875141902531
 30
0.0
  0
VERTEX
  5
113
330
79
100
AcDbEntity
  8
outside2_T
100
AcDbVertex
100
AcDb2dVertex
 10
-298.3493920330905
 20
2.883671821114575
 30
0.0
  0
VERTEX
  5
114
330
79
100
AcDbEntity
  8
outside2_T
100
AcDbVertex
100
AcDb2dVertex
 10
-298.7896937555933
 20
2.893461386812021
 30
0.0
  0
VERTEX
  5
115
330
79
100
AcDbEntity
  8
outside2_T
100
AcDbVertex
100
AcDb2dVertex
 10
-299.2299752756524
 20
2.903258127204893
 30
0.0
  0
VERTEX
  5
116
330
79
100
AcDbEntity
  8
outside2_T
100
AcDbVertex
100
AcDb2dVertex
 10
-299.6701806010986
 20
2.91304758371956
 30
0.0
  0
VERTEX
  5
117
330
79
100
AcDbEntity
  8
outside2_T
100
AcDbVertex
100
AcDb2dVertex
 10
-300.1104644760878
 20
2.922844376476831
 30
0.0
  0
VERTEX
  5
118
330
79
100
AcDbEntity
  8
outside2_T
100
AcDbVertex
100
AcDb2dVertex
 10
-300.5506619811596
 20
2.932633828626109
 30
0.0
  0
VERTEX
  5
119
330
79
100
AcDbEntity
  8
outside2_T
100
AcDbVertex
100
AcDb2dVertex
 10
-300.9909460524383
 20
2.942430625748571
 30
0.0
  0
VERTEX
  5
11A
330
79
100
AcDbEntity
  8
outside2_T
100
AcDbVertex
100
AcDb2dVertex
 10
-301.4312099157124
 20
2.952221384050119
 30
0.0
  0
VERTEX
  5
11B
330
79
100
AcDbEntity
  8
outside2_T
100
AcDbVertex
100
AcDb2dVertex
 10
-301.8714957488904
 20
2.961911484378604
 30
0.0
  0
VERTEX
  5
11C
330
79
100
AcDbEntity
  8
outside2_T
100
AcDbVertex
100
AcDb2dVertex
 10
-302.3116870777058
 20
2.971708423213798
 30
0.0
  0
VERTEX
  5
11D
330
79
100
AcDbEntity
  8
outside2_T
100
AcDbVertex
100
AcDb2dVertex
 10
-302.7519863230878
 20
2.981398650930728
 30
0.0
  0
VERTEX
  5
11E
330
79
100
AcDbEntity
  8
outside2_T
100
AcDbVertex
100
AcDb2dVertex
 10
-303.192275307916
 20
2.991195557346387
 30
0.0
  0
VERTEX
  5
11F
330
79
100
AcDbEntity
  8
outside2_T
100
AcDbVertex
100
AcDb2dVertex
 10
-303.6324665396019
 20
3.000885756966596
 30
0.0
  0
VERTEX
  5
120
330
79
100
AcDbEntity
  8
outside2_T
100
AcDbVertex
100
AcDb2dVertex
 10
-304.0727582441016
 20
3.010682723897901
 30
0.0
  0
VERTEX
  5
121
330
79
100
AcDbEntity
  8
outside2_T
100
AcDbVertex
100
AcDb2dVertex
 10
-304.5131180828659
 20
3.020374285170774
 30
0.0
  0
VERTEX
  5
122
330
79
100
AcDbEntity
  8
outside2_T
100
AcDbVertex
100
AcDb2dVertex
 10
-304.9532977681195
 20
3.030071854618342
 30
0.0
  0
VERTEX
  5
123
330
79
100
AcDbEntity
  8
outside2_T
100
AcDbVertex
100
AcDb2dVertex
 10
-305.3935994649617
 20
3.039762304211209
 30
0.0
  0
VERTEX
  5
124
330
79
100
AcDbEntity
  8
outside2_T
100
AcDbVertex
100
AcDb2dVertex
 10
-305.833897627955
 20
3.049452508106668
 30
0.0
  0
VERTEX
  5
125
330
79
100
AcDbEntity
  8
outside2_T
100
AcDbVertex
100
AcDb2dVertex
 10
-306.2740773132087
 20
3.059150077554236
 30
0.0
  0
VERTEX
  5
126
330
79
100
AcDbEntity
  8
outside2_T
100
AcDbVertex
100
AcDb2dVertex
 10
-306.7143790100508
 20
3.068840527147117
 30
0.0
  0
VERTEX
  5
127
330
79
100
AcDbEntity
  8
outside2_T
100
AcDbVertex
100
AcDb2dVertex
 10
-307.1547223996452
 20
3.078539519285229
 30
0.0
  0
VERTEX
  5
128
330
79
100
AcDbEntity
  8
outside2_T
100
AcDbVertex
100
AcDb2dVertex
 10
-307.5950822384047
 20
3.088131953652763
 30
0.0
  0
VERTEX
  5
129
330
79
100
AcDbEntity
  8
outside2_T
100
AcDbVertex
100
AcDb2dVertex
 10
-308.0352102541634
 20
3.097721662924712
 30
0.0
  0
VERTEX
  5
12A
330
79
100
AcDbEntity
  8
outside2_T
100
AcDbVertex
100
AcDb2dVertex
 10
-308.4755019447657
 20
3.107419516265779
 30
0.0
  0
VERTEX
  5
12B
330
79
100
AcDbEntity
  8
outside2_T
100
AcDbVertex
100
AcDb2dVertex
 10
-308.9158617834938
 20
3.117011950632616
 30
0.0
  0
VERTEX
  5
12C
330
79
100
AcDbEntity
  8
outside2_T
100
AcDbVertex
100
AcDb2dVertex
 10
-309.3561519359237
 20
3.126603033087335
 30
0.0
  0
VERTEX
  5
12D
330
79
100
AcDbEntity
  8
outside2_T
100
AcDbVertex
100
AcDb2dVertex
 10
-309.7964422805877
 20
3.136194119729538
 30
0.0
  0
VERTEX
  5
12E
330
79
100
AcDbEntity
  8
outside2_T
100
AcDbVertex
100
AcDb2dVertex
 10
-310.2367316168107
 20
3.14579264232701
 30
0.0
  0
VERTEX
  5
12F
330
79
100
AcDbEntity
  8
outside2_T
100
AcDbVertex
100
AcDb2dVertex
 10
-310.6770879560428
 20
3.155385166638311
 30
0.0
  0
VERTEX
  5
130
330
79
100
AcDbEntity
  8
outside2_T
100
AcDbVertex
100
AcDb2dVertex
 10
-311.1174356630219
 20
3.1648783769446
 30
0.0
  0
VERTEX
  5
131
330
79
100
AcDbEntity
  8
outside2_T
100
AcDbVertex
100
AcDb2dVertex
 10
-311.5575639791717
 20
3.174368993948463
 30
0.0
  0
VERTEX
  5
132
330
79
100
AcDbEntity
  8
outside2_T
100
AcDbVertex
100
AcDb2dVertex
 10
-311.9978644212055
 20
3.183967758584942
 30
0.0
  0
VERTEX
  5
133
330
79
100
AcDbEntity
  8
outside2_T
100
AcDbVertex
100
AcDb2dVertex
 10
-312.4383167938294
 20
3.193461088292821
 30
0.0
  0
VERTEX
  5
134
330
79
100
AcDbEntity
  8
outside2_T
100
AcDbVertex
100
AcDb2dVertex
 10
-312.878503078915
 20
3.202952955316007
 30
0.0
  0
VERTEX
  5
135
330
79
100
AcDbEntity
  8
outside2_T
100
AcDbVertex
100
AcDb2dVertex
 10
-313.3189613288507
 20
3.21244624737794
 30
0.0
  0
VERTEX
  5
136
330
79
100
AcDbEntity
  8
outside2_T
100
AcDbVertex
100
AcDb2dVertex
 10
-313.7592504371672
 20
3.221839081688685
 30
0.0
  0
VERTEX
  5
137
330
79
100
AcDbEntity
  8
outside2_T
100
AcDbVertex
100
AcDb2dVertex
 10
-314.1995439933583
 20
3.23133096022687
 30
0.0
  0
VERTEX
  5
138
330
79
100
AcDbEntity
  8
outside2_T
100
AcDbVertex
100
AcDb2dVertex
 10
-314.6398871934574
 20
3.240732573486113
 30
0.0
  0
VERTEX
  5
139
330
79
100
AcDbEntity
  8
outside2_T
100
AcDbVertex
100
AcDb2dVertex
 10
-315.0801863632379
 20
3.250125622517842
 30
0.0
  0
VERTEX
  5
13A
330
79
100
AcDbEntity
  8
outside2_T
100
AcDbVertex
100
AcDb2dVertex
 10
-315.5204845202656
 20
3.259518487220788
 30
0.0
  0
VERTEX
  5
13B
330
79
100
AcDbEntity
  8
outside2_T
100
AcDbVertex
100
AcDb2dVertex
 10
-315.9609323768694
 20
3.268912593476088
 30
0.0
  0
VERTEX
  5
13C
330
79
100
AcDbEntity
  8
outside2_T
100
AcDbVertex
100
AcDb2dVertex
 10
-316.4012215921749
 20
3.278206317345479
 30
0.0
  0
VERTEX
  5
13D
330
79
100
AcDbEntity
  8
outside2_T
100
AcDbVertex
100
AcDb2dVertex
 10
-316.8415207714734
 20
3.287599203856459
 30
0.0
  0
VERTEX
  5
13E
330
79
100
AcDbEntity
  8
outside2_T
100
AcDbVertex
100
AcDb2dVertex
 10
-317.2819687095457
 20
3.296894185704886
 30
0.0
  0
VERTEX
  5
13F
330
79
100
AcDbEntity
  8
outside2_T
100
AcDbVertex
100
AcDb2dVertex
 10
-317.7222566330375
 20
3.30618788231213
 30
0.0
  0
VERTEX
  5
140
330
79
100
AcDbEntity
  8
outside2_T
100
AcDbVertex
100
AcDb2dVertex
 10
-318.1625547880608
 20
3.315481633952373
 30
0.0
  0
VERTEX
  5
141
330
79
100
AcDbEntity
  8
outside2_T
100
AcDbVertex
100
AcDb2dVertex
 10
-318.6030026345407
 20
3.324776613872757
 30
0.0
  0
VERTEX
  5
142
330
79
100
AcDbEntity
  8
outside2_T
100
AcDbVertex
100
AcDb2dVertex
 10
-319.0433491334077
 20
3.333972421277679
 30
0.0
  0
VERTEX
  5
143
330
79
100
AcDbEntity
  8
outside2_T
100
AcDbVertex
100
AcDb2dVertex
 10
-319.4837576179514
 20
3.34315966993158
 30
0.0
  0
VERTEX
  5
144
330
79
100
AcDbEntity
  8
outside2_T
100
AcDbVertex
100
AcDb2dVertex
 10
-319.9240365597522
 20
3.352354066661931
 30
0.0
  0
VERTEX
  5
145
330
79
100
AcDbEntity
  8
outside2_T
100
AcDbVertex
100
AcDb2dVertex
 10
-320.3644362211039
 20
3.361548755256337
 30
0.0
  0
VERTEX
  5
146
330
79
100
AcDbEntity
  8
outside2_T
100
AcDbVertex
100
AcDb2dVertex
 10
-320.8048816621552
 20
3.370744558831461
 30
0.0
  0
VERTEX
  5
147
330
79
100
AcDbEntity
  8
outside2_T
100
AcDbVertex
100
AcDb2dVertex
 10
-321.2452281747529
 20
3.379841240901229
 30
0.0
  0
VERTEX
  5
148
330
79
100
AcDbEntity
  8
outside2_T
100
AcDbVertex
100
AcDb2dVertex
 10
-321.6856278082971
 20
3.388936815362598
 30
0.0
  0
VERTEX
  5
149
330
79
100
AcDbEntity
  8
outside2_T
100
AcDbVertex
100
AcDb2dVertex
 10
-322.1260259072271
 20
3.398024891434773
 30
0.0
  0
VERTEX
  5
14A
330
79
100
AcDbEntity
  8
outside2_T
100
AcDbVertex
100
AcDb2dVertex
 10
-322.5664716097895
 20
3.407121417426538
 30
0.0
  0
VERTEX
  5
14B
330
79
100
AcDbEntity
  8
outside2_T
100
AcDbVertex
100
AcDb2dVertex
 10
-323.0069183298196
 20
3.41611899597396
 30
0.0
  0
VERTEX
  5
14C
330
79
100
AcDbEntity
  8
outside2_T
100
AcDbVertex
100
AcDb2dVertex
 10
-323.4472151563101
 20
3.425107913044315
 30
0.0
  0
VERTEX
  5
14D
330
79
100
AcDbEntity
  8
outside2_T
100
AcDbVertex
100
AcDb2dVertex
 10
-323.8876059364388
 20
3.434104193128832
 30
0.0
  0
VERTEX
  5
14E
330
79
100
AcDbEntity
  8
outside2_T
100
AcDbVertex
100
AcDb2dVertex
 10
-324.3280570688356
 20
3.443101861813446
 30
0.0
  0
VERTEX
  5
14F
330
79
100
AcDbEntity
  8
outside2_T
100
AcDbVertex
100
AcDb2dVertex
 10
-324.7684541505528
 20
3.451991533534283
 30
0.0
  0
VERTEX
  5
150
330
79
100
AcDbEntity
  8
outside2_T
100
AcDbVertex
100
AcDb2dVertex
 10
-325.2089009617729
 20
3.460989113944578
 30
0.0
  0
VERTEX
  5
151
330
79
100
AcDbEntity
  8
outside2_T
100
AcDbVertex
100
AcDb2dVertex
 10
-325.6493565565498
 20
3.469780840639018
 30
0.0
  0
VERTEX
  5
152
330
79
100
AcDbEntity
  8
outside2_T
100
AcDbVertex
100
AcDb2dVertex
 10
-326.0897844308479
 20
3.478676910448385
 30
0.0
  0
VERTEX
  5
153
330
79
100
AcDbEntity
  8
outside2_T
100
AcDbVertex
100
AcDb2dVertex
 10
-326.530241051363
 20
3.487567784038404
 30
0.0
  0
VERTEX
  5
154
330
79
100
AcDbEntity
  8
outside2_T
100
AcDbVertex
100
AcDb2dVertex
 10
-326.9706833631295
 20
3.496367022786018
 30
0.0
  0
VERTEX
  5
155
330
79
100
AcDbEntity
  8
outside2_T
100
AcDbVertex
100
AcDb2dVertex
 10
-327.4111358081289
 20
3.505158838887965
 30
0.0
  0
VERTEX
  5
156
330
79
100
AcDbEntity
  8
outside2_T
100
AcDbVertex
100
AcDb2dVertex
 10
-327.8516861665469
 20
3.513858978371744
 30
0.0
  0
VERTEX
  5
157
330
79
100
AcDbEntity
  8
outside2_T
100
AcDbVertex
100
AcDb2dVertex
 10
-328.2920820085622
 20
3.522550550177357
 30
0.0
  0
VERTEX
  5
158
330
79
100
AcDbEntity
  8
outside2_T
100
AcDbVertex
100
AcDb2dVertex
 10
-328.7325806407677
 20
3.531242044042571
 30
0.0
  0
VERTEX
  5
159
330
79
100
AcDbEntity
  8
outside2_T
100
AcDbVertex
100
AcDb2dVertex
 10
-329.1729588368542
 20
3.539940891556057
 30
0.0
  0
VERTEX
  5
15A
330
79
100
AcDbEntity
  8
outside2_T
100
AcDbVertex
100
AcDb2dVertex
 10
-329.6135224307461
 20
3.548633667301146
 30
0.0
  0
VERTEX
  5
15B
330
79
100
AcDbEntity
  8
outside2_T
100
AcDbVertex
100
AcDb2dVertex
 10
-330.0539680263385
 20
3.557227095381975
 30
0.0
  0
VERTEX
  5
15C
330
79
100
AcDbEntity
  8
outside2_T
100
AcDbVertex
100
AcDb2dVertex
 10
-330.4945238890123
 20
3.565820592059936
 30
0.0
  0
VERTEX
  5
15D
330
79
100
AcDbEntity
  8
outside2_T
100
AcDbVertex
100
AcDb2dVertex
 10
-330.9350080486028
 20
3.574313726818033
 30
0.0
  0
VERTEX
  5
15E
330
79
100
AcDbEntity
  8
outside2_T
100
AcDbVertex
100
AcDb2dVertex
 10
-331.375560495042
 20
3.582914781901948
 30
0.0
  0
VERTEX
  5
15F
330
79
100
AcDbEntity
  8
outside2_T
100
AcDbVertex
100
AcDb2dVertex
 10
-331.8160117075004
 20
3.591310065819272
 30
0.0
  0
VERTEX
  5
160
330
79
100
AcDbEntity
  8
outside2_T
100
AcDbVertex
100
AcDb2dVertex
 10
-332.2565089952233
 20
3.599803306702739
 30
0.0
  0
VERTEX
  5
161
330
79
100
AcDbEntity
  8
outside2_T
100
AcDbVertex
100
AcDb2dVertex
 10
-332.6970548260866
 20
3.608198504705015
 30
0.0
  0
VERTEX
  5
162
330
79
100
AcDbEntity
  8
outside2_T
100
AcDbVertex
100
AcDb2dVertex
 10
-333.1375511889015
 20
3.616592614739488
 30
0.0
  0
VERTEX
  5
163
330
79
100
AcDbEntity
  8
outside2_T
100
AcDbVertex
100
AcDb2dVertex
 10
-333.5780395914017
 20
3.6249867183665
 30
0.0
  0
VERTEX
  5
164
330
79
100
AcDbEntity
  8
outside2_T
100
AcDbVertex
100
AcDb2dVertex
 10
-334.0185932989536
 20
3.633381921163732
 30
0.0
  0
VERTEX
  5
165
330
79
100
AcDbEntity
  8
outside2_T
100
AcDbVertex
100
AcDb2dVertex
 10
-334.4592095792397
 20
3.641679176350948
 30
0.0
  0
VERTEX
  5
166
330
79
100
AcDbEntity
  8
outside2_T
100
AcDbVertex
100
AcDb2dVertex
 10
-334.8997972628377
 20
3.649867433150419
 30
0.0
  0
VERTEX
  5
167
330
79
100
AcDbEntity
  8
outside2_T
100
AcDbVertex
100
AcDb2dVertex
 10
-335.3402879804509
 20
3.658162323864076
 30
0.0
  0
VERTEX
  5
168
330
79
100
AcDbEntity
  8
outside2_T
100
AcDbVertex
100
AcDb2dVertex
 10
-335.7808922969044
 20
3.666360358345315
 30
0.0
  0
VERTEX
  5
169
330
79
100
AcDbEntity
  8
outside2_T
100
AcDbVertex
100
AcDb2dVertex
 10
-336.2214876045805
 20
3.674457126242032
 30
0.0
  0
VERTEX
  5
16A
330
79
100
AcDbEntity
  8
outside2_T
100
AcDbVertex
100
AcDb2dVertex
 10
-336.6619805854689
 20
3.682653089175687
 30
0.0
  0
VERTEX
  5
16B
330
79
100
AcDbEntity
  8
outside2_T
100
AcDbVertex
100
AcDb2dVertex
 10
-337.1026917096391
 20
3.690744359339121
 30
0.0
  0
VERTEX
  5
16C
330
79
100
AcDbEntity
  8
outside2_T
100
AcDbVertex
100
AcDb2dVertex
 10
-337.5433399412823
 20
3.698742974929942
 30
0.0
  0
VERTEX
  5
16D
330
79
100
AcDbEntity
  8
outside2_T
100
AcDbVertex
100
AcDb2dVertex
 10
-337.9838350926057
 20
3.706733125183362
 30
0.0
  0
VERTEX
  5
16E
330
79
100
AcDbEntity
  8
outside2_T
100
AcDbVertex
100
AcDb2dVertex
 10
-338.8650786277076
 20
3.722729395658817
 30
0.0
  0
VERTEX
  5
16F
330
79
100
AcDbEntity
  8
outside2_T
100
AcDbVertex
100
AcDb2dVertex
 10
-339.7463806608551
 20
3.738520988514338
 30
0.0
  0
VERTEX
  5
170
330
79
100
AcDbEntity
  8
outside2_T
100
AcDbVertex
100
AcDb2dVertex
 10
-340.6276496565964
 20
3.754106119267291
 30
0.0
  0
VERTEX
  5
171
330
79
100
AcDbEntity
  8
outside2_T
100
AcDbVertex
100
AcDb2dVertex
 10
-341.5088905237002
 20
3.769599257657092
 30
0.0
  0
VERTEX
  5
172
330
79
100
AcDbEntity
  8
outside2_T
100
AcDbVertex
100
AcDb2dVertex
 10
-342.3902954177723
 20
3.784986652016926
 30
0.0
  0
VERTEX
  5
173
330
79
100
AcDbEntity
  8
outside2_T
100
AcDbVertex
100
AcDb2dVertex
 10
-343.271692184
 20
3.800084285046296
 30
0.0
  0
VERTEX
  5
174
330
79
100
AcDbEntity
  8
outside2_T
100
AcDbVertex
100
AcDb2dVertex
 10
-344.1530419336924
 20
3.815074237793397
 30
0.0
  0
VERTEX
  5
175
330
79
100
AcDbEntity
  8
outside2_T
100
AcDbVertex
100
AcDb2dVertex
 10
-345.0345113539556
 20
3.82996554680058
 30
0.0
  0
VERTEX
  5
176
330
79
100
AcDbEntity
  8
outside2_T
100
AcDbVertex
100
AcDb2dVertex
 10
-345.9159157354023
 20
3.844651426037785
 30
0.0
  0
VERTEX
  5
177
330
79
100
AcDbEntity
  8
outside2_T
100
AcDbVertex
100
AcDb2dVertex
 10
-346.7974125483085
 20
3.859146693901067
 30
0.0
  0
VERTEX
  5
178
330
79
100
AcDbEntity
  8
outside2_T
100
AcDbVertex
100
AcDb2dVertex
 10
-347.6789891604923
 20
3.873435647889877
 30
0.0
  0
VERTEX
  5
179
330
79
100
AcDbEntity
  8
outside2_T
100
AcDbVertex
100
AcDb2dVertex
 10
-348.5605554726976
 20
3.887625435872835
 30
0.0
  0
VERTEX
  5
17A
330
79
100
AcDbEntity
  8
outside2_T
100
AcDbVertex
100
AcDb2dVertex
 10
-349.4421766046111
 20
3.901617727598776
 30
0.0
  0
VERTEX
  5
17B
330
79
100
AcDbEntity
  8
outside2_T
100
AcDbVertex
100
AcDb2dVertex
 10
-350.7646059710488
 20
3.922212776543901
 30
0.0
  0
VERTEX
  5
17C
330
79
100
AcDbEntity
  8
outside2_T
100
AcDbVertex
100
AcDb2dVertex
 10
-352.0871423692707
 20
3.942396081315891
 30
0.0
  0
VERTEX
  5
17D
330
79
100
AcDbEntity
  8
outside2_T
100
AcDbVertex
100
AcDb2dVertex
 10
-353.4095688004485
 20
3.962182839327042
 30
0.0
  0
VERTEX
  5
17E
330
79
100
AcDbEntity
  8
outside2_T
100
AcDbVertex
100
AcDb2dVertex
 10
-354.7320234550841
 20
3.981573401709142
 30
0.0
  0
VERTEX
  5
17F
330
79
100
AcDbEntity
  8
outside2_T
100
AcDbVertex
100
AcDb2dVertex
 10
-356.054371092097
 20
4.000460705420238
 30
0.0
  0
VERTEX
  5
180
330
79
100
AcDbEntity
  8
outside2_T
100
AcDbVertex
100
AcDb2dVertex
 10
-357.3765988231615
 20
4.018951214784451
 30
0.0
  0
VERTEX
  5
181
330
79
100
AcDbEntity
  8
outside2_T
100
AcDbVertex
100
AcDb2dVertex
 10
-358.6986489645269
 20
4.037045509379396
 30
0.0
  0
VERTEX
  5
182
330
79
100
AcDbEntity
  8
outside2_T
100
AcDbVertex
100
AcDb2dVertex
 10
-360.0206090943204
 20
4.054636569075029
 30
0.0
  0
VERTEX
  5
183
330
79
100
AcDbEntity
  8
outside2_T
100
AcDbVertex
100
AcDb2dVertex
 10
-361.3423535727927
 20
4.071823471582661
 30
0.0
  0
VERTEX
  5
184
330
79
100
AcDbEntity
  8
outside2_T
100
AcDbVertex
100
AcDb2dVertex
 10
-362.6636907932239
 20
4.088514608841152
 30
0.0
  0
VERTEX
  5
185
330
79
100
AcDbEntity
  8
outside2_T
100
AcDbVertex
100
AcDb2dVertex
 10
-363.5445044021838
 20
4.099410973326869
 30
0.0
  0
VERTEX
  5
186
330
79
100
AcDbEntity
  8
outside2_T
100
AcDbVertex
100
AcDb2dVertex
 10
-364.4253094848787
 20
4.110101354803916
 30
0.0
  0
VERTEX
  5
187
330
79
100
AcDbEntity
  8
outside2_T
100
AcDbVertex
100
AcDb2dVertex
 10
-365.3063402809843
 20
4.120593810883548
 30
0.0
  0
VERTEX
  5
188
330
79
100
AcDbEntity
  8
outside2_T
100
AcDbVertex
100
AcDb2dVertex
 10
-366.1876476094528
 20
4.130788549576749
 30
0.0
  0
VERTEX
  5
189
330
79
100
AcDbEntity
  8
outside2_T
100
AcDbVertex
100
AcDb2dVertex
 10
-367.0692458276481
 20
4.140884175179096
 30
0.0
  0
VERTEX
  5
18A
330
79
100
AcDbEntity
  8
outside2_T
100
AcDbVertex
100
AcDb2dVertex
 10
-367.9515778538362
 20
4.150682780776293
 30
0.0
  0
VERTEX
  5
18B
330
79
100
AcDbEntity
  8
outside2_T
100
AcDbVertex
100
AcDb2dVertex
 10
-368.8347194048675
 20
4.160275514692145
 30
0.0
  0
VERTEX
  5
18C
330
79
100
AcDbEntity
  8
outside2_T
100
AcDbVertex
100
AcDb2dVertex
 10
-370.6033628006439
 20
4.178864882590219
 30
0.0
  0
VERTEX
  5
18D
330
79
100
AcDbEntity
  8
outside2_T
100
AcDbVertex
100
AcDb2dVertex
 10
-371.0460748430314
 20
4.183364298717279
 30
0.0
  0
VERTEX
  5
18E
330
79
100
AcDbEntity
  8
outside2_T
100
AcDbVertex
100
AcDb2dVertex
 10
-371.9313605035787
 20
4.192255128162074
 30
0.0
  0
VERTEX
  5
18F
330
79
100
AcDbEntity
  8
outside2_T
100
AcDbVertex
100
AcDb2dVertex
 10
-372.8162889207254
 20
4.200848813114703
 30
0.0
  0
VERTEX
  5
190
330
79
100
AcDbEntity
  8
outside2_T
100
AcDbVertex
100
AcDb2dVertex
 10
-373.7002862539746
 20
4.209243943653689
 30
0.0
  0
VERTEX
  5
191
330
79
100
AcDbEntity
  8
outside2_T
100
AcDbVertex
100
AcDb2dVertex
 10
-374.5827897154964
 20
4.217440971554581
 30
0.0
  0
VERTEX
  5
192
330
79
100
AcDbEntity
  8
outside2_T
100
AcDbVertex
100
AcDb2dVertex
 10
-375.9026304290585
 20
4.229335962213753
 30
0.0
  0
VERTEX
  5
193
330
79
100
AcDbEntity
  8
outside2_T
100
AcDbVertex
100
AcDb2dVertex
 10
-376.7791593133265
 20
4.236930766639432
 30
0.0
  0
VERTEX
  5
194
330
79
100
AcDbEntity
  8
outside2_T
100
AcDbVertex
100
AcDb2dVertex
 10
-377.2164070392358
 20
4.240628889321229
 30
0.0
  0
VERTEX
  5
195
330
79
100
AcDbEntity
  8
outside2_T
100
AcDbVertex
100
AcDb2dVertex
 10
-377.6533523919613
 20
4.24432703424273
 30
0.0
  0
VERTEX
  5
196
330
79
100
AcDbEntity
  8
outside2_T
100
AcDbVertex
100
AcDb2dVertex
 10
-378.0904676703433
 20
4.247926573853249
 30
0.0
  0
VERTEX
  5
197
330
79
100
AcDbEntity
  8
outside2_T
100
AcDbVertex
100
AcDb2dVertex
 10
-378.5280277814471
 20
4.251426505733164
 30
0.0
  0
VERTEX
  5
198
330
79
100
AcDbEntity
  8
outside2_T
100
AcDbVertex
100
AcDb2dVertex
 10
-378.9663368680496
 20
4.254918461907465
 30
0.0
  0
VERTEX
  5
199
330
79
100
AcDbEntity
  8
outside2_T
100
AcDbVertex
100
AcDb2dVertex
 10
-379.4058508594634
 20
4.258418894343521
 30
0.0
  0
VERTEX
  5
19A
330
79
100
AcDbEntity
  8
outside2_T
100
AcDbVertex
100
AcDb2dVertex
 10
-379.8469196771953
 20
4.261720695769441
 30
0.0
  0
VERTEX
  5
19B
330
79
100
AcDbEntity
  8
outside2_T
100
AcDbVertex
100
AcDb2dVertex
 10
-380.2897825698486
 20
4.265113959780436
 30
0.0
  0
VERTEX
  5
19C
330
79
100
AcDbEntity
  8
outside2_T
100
AcDbVertex
100
AcDb2dVertex
 10
-380.7343829346144
 20
4.26831691266554
 30
0.0
  0
VERTEX
  5
19D
330
79
100
AcDbEntity
  8
outside2_T
100
AcDbVertex
100
AcDb2dVertex
 10
-381.1799975381867
 20
4.27151152884565
 30
0.0
  0
VERTEX
  5
19E
330
79
100
AcDbEntity
  8
outside2_T
100
AcDbVertex
100
AcDb2dVertex
 10
-381.6263027113692
 20
4.274714457107279
 30
0.0
  0
VERTEX
  5
19F
330
79
100
AcDbEntity
  8
outside2_T
100
AcDbVertex
100
AcDb2dVertex
 10
-382.0725534528238
 20
4.277711117304662
 30
0.0
  0
VERTEX
  5
1A0
330
79
100
AcDbEntity
  8
outside2_T
100
AcDbVertex
100
AcDb2dVertex
 10
-382.5183842078298
 20
4.280806846508227
 30
0.0
  0
VERTEX
  5
1A1
330
79
100
AcDbEntity
  8
outside2_T
100
AcDbVertex
100
AcDb2dVertex
 10
-382.9631906175698
 20
4.283704707496099
 30
0.0
  0
VERTEX
  5
1A2
330
79
100
AcDbEntity
  8
outside2_T
100
AcDbVertex
100
AcDb2dVertex
 10
-383.4063552473261
 20
4.286601706749607
 30
0.0
  0
VERTEX
  5
1A3
330
79
100
AcDbEntity
  8
outside2_T
100
AcDbVertex
100
AcDb2dVertex
 10
-383.8476954211528
 20
4.289506765424633
 30
0.0
  0
VERTEX
  5
1A4
330
79
100
AcDbEntity
  8
outside2_T
100
AcDbVertex
100
AcDb2dVertex
 10
-384.2872888855363
 20
4.292305509464413
 30
0.0
  0
VERTEX
  5
1A5
330
79
100
AcDbEntity
  8
outside2_T
100
AcDbVertex
100
AcDb2dVertex
 10
-384.7252415440331
 20
4.294997153876437
 30
0.0
  0
VERTEX
  5
1A6
330
79
100
AcDbEntity
  8
outside2_T
100
AcDbVertex
100
AcDb2dVertex
 10
-385.162185450203
 20
4.297696315520682
 30
0.0
  0
VERTEX
  5
1A7
330
79
100
AcDbEntity
  8
outside2_T
100
AcDbVertex
100
AcDb2dVertex
 10
-385.5982874699726
 20
4.300296790964694
 30
0.0
  0
VERTEX
  5
1A8
330
79
100
AcDbEntity
  8
outside2_T
100
AcDbVertex
100
AcDb2dVertex
 10
-386.034045114653
 20
4.302797814753021
 30
0.0
  0
VERTEX
  5
1A9
330
79
100
AcDbEntity
  8
outside2_T
100
AcDbVertex
100
AcDb2dVertex
 10
-386.4697014328861
 20
4.305291244581781
 30
0.0
  0
VERTEX
  5
1AA
330
79
100
AcDbEntity
  8
outside2_T
100
AcDbVertex
100
AcDb2dVertex
 10
-386.9055477684331
 20
4.307693126941771
 30
0.0
  0
VERTEX
  5
1AB
330
79
100
AcDbEntity
  8
outside2_T
100
AcDbVertex
100
AcDb2dVertex
 10
-387.3421109502499
 20
4.310095093744991
 30
0.0
  0
VERTEX
  5
1AC
330
79
100
AcDbEntity
  8
outside2_T
100
AcDbVertex
100
AcDb2dVertex
 10
-387.7796311298292
 20
4.312390606627204
 30
0.0
  0
VERTEX
  5
1AD
330
79
100
AcDbEntity
  8
outside2_T
100
AcDbVertex
100
AcDb2dVertex
 10
-388.2184890286547
 20
4.314586649905891
 30
0.0
  0
VERTEX
  5
1AE
330
79
100
AcDbEntity
  8
outside2_T
100
AcDbVertex
100
AcDb2dVertex
 10
-388.6589540912672
 20
4.316790347764552
 30
0.0
  0
VERTEX
  5
1AF
330
79
100
AcDbEntity
  8
outside2_T
100
AcDbVertex
100
AcDb2dVertex
 10
-389.1015578431791
 20
4.318887526023204
 30
0.0
  0
VERTEX
  5
1B0
330
79
100
AcDbEntity
  8
outside2_T
100
AcDbVertex
100
AcDb2dVertex
 10
-390.4447194904313
 20
4.324987676565925
 30
0.0
  0
VERTEX
  5
1B1
330
79
100
AcDbEntity
  8
outside2_T
100
AcDbVertex
100
AcDb2dVertex
 10
-390.8980944503386
 20
4.326787328238453
 30
0.0
  0
VERTEX
  5
1B2
330
79
100
AcDbEntity
  8
outside2_T
100
AcDbVertex
100
AcDb2dVertex
 10
-391.3527338280477
 20
4.328685979872859
 30
0.0
  0
VERTEX
  5
1B3
330
79
100
AcDbEntity
  8
outside2_T
100
AcDbVertex
100
AcDb2dVertex
 10
-391.8068312391942
 20
4.330378950438032
 30
0.0
  0
VERTEX
  5
1B4
330
79
100
AcDbEntity
  8
outside2_T
100
AcDbVertex
100
AcDb2dVertex
 10
-392.2586008422255
 20
4.33207905236489
 30
0.0
  0
VERTEX
  5
1B5
330
79
100
AcDbEntity
  8
outside2_T
100
AcDbVertex
100
AcDb2dVertex
 10
-392.7065849692167
 20
4.333779543893243
 30
0.0
  0
VERTEX
  5
1B6
330
79
100
AcDbEntity
  8
outside2_T
100
AcDbVertex
100
AcDb2dVertex
 10
-393.1487708151533
 20
4.33528181360748
 30
0.0
  0
VERTEX
  5
1B7
330
79
100
AcDbEntity
  8
outside2_T
100
AcDbVertex
100
AcDb2dVertex
 10
-393.5835187602302
 20
4.336776002563766
 30
0.0
  0
VERTEX
  5
1B8
330
79
100
AcDbEntity
  8
outside2_T
100
AcDbVertex
100
AcDb2dVertex
 10
-394.0093474442581
 20
4.338278030330159
 30
0.0
  0
VERTEX
  5
1B9
330
79
100
AcDbEntity
  8
outside2_T
100
AcDbVertex
100
AcDb2dVertex
 10
-394.4268585101993
 20
4.339673546769731
 30
0.0
  0
VERTEX
  5
1BA
330
79
100
AcDbEntity
  8
outside2_T
100
AcDbVertex
100
AcDb2dVertex
 10
-394.8391075755131
 20
4.340977408534414
 30
0.0
  0
VERTEX
  5
1BB
330
79
100
AcDbEntity
  8
outside2_T
100
AcDbVertex
100
AcDb2dVertex
 10
-395.2496855579975
 20
4.342273713739132
 30
0.0
  0
VERTEX
  5
1BC
330
79
100
AcDbEntity
  8
outside2_T
100
AcDbVertex
100
AcDb2dVertex
 10
-395.6619269074245
 20
4.343471069935887
 30
0.0
  0
VERTEX
  5
1BD
330
79
100
AcDbEntity
  8
outside2_T
100
AcDbVertex
100
AcDb2dVertex
 10
-396.079321626103
 20
4.344576781610272
 30
0.0
  0
VERTEX
  5
1BE
330
79
100
AcDbEntity
  8
outside2_T
100
AcDbVertex
100
AcDb2dVertex
 10
-396.5053365245811
 20
4.345674915388372
 30
0.0
  0
VERTEX
  5
1BF
330
79
100
AcDbEntity
  8
outside2_T
100
AcDbVertex
100
AcDb2dVertex
 10
-397.3960718529447
 20
4.347672797898696
 30
0.0
  0
VERTEX
  5
1C0
330
79
100
AcDbEntity
  8
outside2_T
100
AcDbVertex
100
AcDb2dVertex
 10
-397.8641476130254
 20
4.34857262096881
 30
0.0
  0
VERTEX
  5
1C1
330
79
100
AcDbEntity
  8
outside2_T
100
AcDbVertex
100
AcDb2dVertex
 10
-398.3450326750742
 20
4.349472497865037
 30
0.0
  0
VERTEX
  5
1C2
330
79
100
AcDbEntity
  8
outside2_T
100
AcDbVertex
100
AcDb2dVertex
 10
-398.8364158468553
 20
4.350174081635032
 30
0.0
  0
VERTEX
  5
1C3
330
79
100
AcDbEntity
  8
outside2_T
100
AcDbVertex
100
AcDb2dVertex
 10
-399.3355781793699
 20
4.350867892286601
 30
0.0
  0
VERTEX
  5
1C4
330
79
100
AcDbEntity
  8
outside2_T
100
AcDbVertex
100
AcDb2dVertex
 10
-399.8375767032322
 20
4.351569369626731
 30
0.0
  0
VERTEX
  5
1C5
330
79
100
AcDbEntity
  8
outside2_T
100
AcDbVertex
100
AcDb2dVertex
 10
-400.3365179924481
 20
4.352171789951484
 30
0.0
  0
VERTEX
  5
1C6
330
79
100
AcDbEntity
  8
outside2_T
100
AcDbVertex
100
AcDb2dVertex
 10
-400.8258225558491
 20
4.352667392479304
 30
0.0
  0
VERTEX
  5
1C7
330
79
100
AcDbEntity
  8
outside2_T
100
AcDbVertex
100
AcDb2dVertex
 10
-401.2998172929987
 20
4.353170620170516
 30
0.0
  0
VERTEX
  5
1C8
330
79
100
AcDbEntity
  8
outside2_T
100
AcDbVertex
100
AcDb2dVertex
 10
-401.7556920012137
 20
4.35356715231778
 30
0.0
  0
VERTEX
  5
1C9
330
79
100
AcDbEntity
  8
outside2_T
100
AcDbVertex
100
AcDb2dVertex
 10
-402.1914359745395
 20
4.353872145649703
 30
0.0
  0
VERTEX
  5
1CA
330
79
100
AcDbEntity
  8
outside2_T
100
AcDbVertex
100
AcDb2dVertex
 10
-402.6055901140987
 20
4.354169516884198
 30
0.0
  0
VERTEX
  5
1CB
330
79
100
AcDbEntity
  8
outside2_T
100
AcDbVertex
100
AcDb2dVertex
 10
-402.9974759283905
 20
4.354367770205045
 30
0.0
  0
VERTEX
  5
1CC
330
79
100
AcDbEntity
  8
outside2_T
100
AcDbVertex
100
AcDb2dVertex
 10
-403.3740032764295
 20
4.354565990751865
 30
0.0
  0
SEQEND
  5
1CD
330
79
100
AcDbEntity
  8
outside2_T
  0
POLYLINE
  5
1CE
330
1F
100
AcDbEntity
  8
outside2_T
100
AcDb2dPolyline
 66
     1
 10
0.0
 20
0.0
 30
0.0
  0
VERTEX
  5
1CF
330
1CE
100
AcDbEntity
  8
outside2_T
100
AcDbVertex
100
AcDb2dVertex
 10
35.34284051723256
 20
-0.039780862126392
 30
0.0
  0
VERTEX
  5
1D0
330
1CE
100
AcDbEntity
  8
outside2_T
100
AcDbVertex
100
AcDb2dVertex
 10
34.95497345535813
 20
-0.0394759591613223
 30
0.0
  0
VERTEX
  5
1D1
330
1CE
100
AcDbEntity
  8
outside2_T
100
AcDbVertex
100
AcDb2dVertex
 10
34.54753712602582
 20
-0.039277715569682
 30
0.0
  0
VERTEX
  5
1D2
330
1CE
100
AcDbEntity
  8
outside2_T
100
AcDbVertex
100
AcDb2dVertex
 10
34.12032380409113
 20
-0.0388811591123215
 30
0.0
  0
VERTEX
  5
1D3
330
1CE
100
AcDbEntity
  8
outside2_T
100
AcDbVertex
100
AcDb2dVertex
 10
33.6744070508077
 20
-0.0384770557558767
 30
0.0
  0
VERTEX
  5
1D4
330
1CE
100
AcDbEntity
  8
outside2_T
100
AcDbVertex
100
AcDb2dVertex
 10
33.2108827071367
 20
-0.0379814464266985
 30
0.0
  0
VERTEX
  5
1D5
330
1CE
100
AcDbEntity
  8
outside2_T
100
AcDbVertex
100
AcDb2dVertex
 10
32.7315672039062
 20
-0.037478220141054
 30
0.0
  0
VERTEX
  5
1D6
330
1CE
100
AcDbEntity
  8
outside2_T
100
AcDbVertex
100
AcDb2dVertex
 10
32.24117168305901
 20
-0.0368758623117884
 30
0.0
  0
VERTEX
  5
1D7
330
1CE
100
AcDbEntity
  8
outside2_T
100
AcDbVertex
100
AcDb2dVertex
 10
31.74459268610525
 20
-0.0362811389033908
 30
0.0
  0
VERTEX
  5
1D8
330
1CE
100
AcDbEntity
  8
outside2_T
100
AcDbVertex
100
AcDb2dVertex
 10
31.24663346546043
 20
-0.0355795730795165
 30
0.0
  0
VERTEX
  5
1D9
330
1CE
100
AcDbEntity
  8
outside2_T
100
AcDbVertex
100
AcDb2dVertex
 10
30.75171674843949
 20
-0.0347789590521757
 30
0.0
  0
VERTEX
  5
1DA
330
1CE
100
AcDbEntity
  8
outside2_T
100
AcDbVertex
100
AcDb2dVertex
 10
30.26227359518333
 20
-0.0339783183451488
 30
0.0
  0
VERTEX
  5
1DB
330
1CE
100
AcDbEntity
  8
outside2_T
100
AcDbVertex
100
AcDb2dVertex
 10
29.78110063392495
 20
-0.0330784449866286
 30
0.0
  0
VERTEX
  5
1DC
330
1CE
100
AcDbEntity
  8
outside2_T
100
AcDbVertex
100
AcDb2dVertex
 10
29.31064745956354
 20
-0.0320795250268162
 30
0.0
  0
VERTEX
  5
1DD
330
1CE
100
AcDbEntity
  8
outside2_T
100
AcDbVertex
100
AcDb2dVertex
 10
28.8517784464986
 20
-0.0310805912207854
 30
0.0
  0
VERTEX
  5
1DE
330
1CE
100
AcDbEntity
  8
outside2_T
100
AcDbVertex
100
AcDb2dVertex
 10
28.40305738974047
 20
-0.0299823548999427
 30
0.0
  0
VERTEX
  5
1DF
330
1CE
100
AcDbEntity
  8
outside2_T
100
AcDbVertex
100
AcDb2dVertex
 10
27.10324076453179
 20
-0.026383191183541
 30
0.0
  0
VERTEX
  5
1E0
330
1CE
100
AcDbEntity
  8
outside2_T
100
AcDbVertex
100
AcDb2dVertex
 10
26.68005097268036
 20
-0.0249877080512562
 30
0.0
  0
VERTEX
  5
1E1
330
1CE
100
AcDbEntity
  8
outside2_T
100
AcDbVertex
100
AcDb2dVertex
 10
26.25927222384934
 20
-0.0236837834735013
 30
0.0
  0
VERTEX
  5
1E2
330
1CE
100
AcDbEntity
  8
outside2_T
100
AcDbVertex
100
AcDb2dVertex
 10
25.83944918579203
 20
-0.0221890456813298
 30
0.0
  0
VERTEX
  5
1E3
330
1CE
100
AcDbEntity
  8
outside2_T
100
AcDbVertex
100
AcDb2dVertex
 10
25.41947910602556
 20
-0.0206868650236771
 30
0.0
  0
VERTEX
  5
1E4
330
1CE
100
AcDbEntity
  8
outside2_T
100
AcDbVertex
100
AcDb2dVertex
 10
24.99861778797225
 20
-0.0190855881314178
 30
0.0
  0
VERTEX
  5
1E5
330
1CE
100
AcDbEntity
  8
outside2_T
100
AcDbVertex
100
AcDb2dVertex
 10
24.57597417096821
 20
-0.0174920016370379
 30
0.0
  0
VERTEX
  5
1E6
330
1CE
100
AcDbEntity
  8
outside2_T
100
AcDbVertex
100
AcDb2dVertex
 10
24.15085272073605
 20
-0.0157913938194127
 30
0.0
  0
VERTEX
  5
1E7
330
1CE
100
AcDbEntity
  8
outside2_T
100
AcDbVertex
100
AcDb2dVertex
 10
23.72250127743285
 20
-0.0139919182129518
 30
0.0
  0
VERTEX
  5
1E8
330
1CE
100
AcDbEntity
  8
outside2_T
100
AcDbVertex
100
AcDb2dVertex
 10
23.29038226595293
 20
-0.0121925026496967
 30
0.0
  0
VERTEX
  5
1E9
330
1CE
100
AcDbEntity
  8
outside2_T
100
AcDbVertex
100
AcDb2dVertex
 10
22.85335264367922
 20
-0.0102939650882661
 30
0.0
  0
VERTEX
  5
1EA
330
1CE
100
AcDbEntity
  8
outside2_T
100
AcDbVertex
100
AcDb2dVertex
 10
22.41112476268694
 20
-0.0083954350474613
 30
0.0
  0
VERTEX
  5
1EB
330
1CE
100
AcDbEntity
  8
outside2_T
100
AcDbVertex
100
AcDb2dVertex
 10
21.9639381478425
 20
-0.0063975002381227
 30
0.0
  0
VERTEX
  5
1EC
330
1CE
100
AcDbEntity
  8
outside2_T
100
AcDbVertex
100
AcDb2dVertex
 10
21.51311739493411
 20
-0.0042930702445005
 30
0.0
  0
VERTEX
  5
1ED
330
1CE
100
AcDbEntity
  8
outside2_T
100
AcDbVertex
100
AcDb2dVertex
 10
21.05959738403084
 20
-0.0021962645451339
 30
0.0
  0
VERTEX
  5
1EE
330
1CE
100
AcDbEntity
  8
outside2_T
100
AcDbVertex
100
AcDb2dVertex
 10
20.60440630521629
 20
0.0
 30
0.0
  0
VERTEX
  5
1EF
330
1CE
100
AcDbEntity
  8
outside2_T
100
AcDbVertex
100
AcDb2dVertex
 10
20.1488549138723
 20
0.0023027671429077
 30
0.0
  0
VERTEX
  5
1F0
330
1CE
100
AcDbEntity
  8
outside2_T
100
AcDbVertex
100
AcDb2dVertex
 10
19.69397718020394
 20
0.0045975880787807
 30
0.0
  0
VERTEX
  5
1F1
330
1CE
100
AcDbEntity
  8
outside2_T
100
AcDbVertex
100
AcDb2dVertex
 10
19.24066826974348
 20
0.0069007386759239
 30
0.0
  0
VERTEX
  5
1F2
330
1CE
100
AcDbEntity
  8
outside2_T
100
AcDbVertex
100
AcDb2dVertex
 10
18.79002277110675
 20
0.009394664313163
 30
0.0
  0
VERTEX
  5
1F3
330
1CE
100
AcDbEntity
  8
outside2_T
100
AcDbVertex
100
AcDb2dVertex
 10
17.45416979552141
 20
0.0169893304681068
 30
0.0
  0
VERTEX
  5
1F4
330
1CE
100
AcDbEntity
  8
outside2_T
100
AcDbVertex
100
AcDb2dVertex
 10
15.70443130780285
 20
0.0279848631754476
 30
0.0
  0
VERTEX
  5
1F5
330
1CE
100
AcDbEntity
  8
outside2_T
100
AcDbVertex
100
AcDb2dVertex
 10
15.27146124132167
 20
0.0308831267264509
 30
0.0
  0
VERTEX
  5
1F6
330
1CE
100
AcDbEntity
  8
outside2_T
100
AcDbVertex
100
AcDb2dVertex
 10
14.83949531110778
 20
0.0338798188813314
 30
0.0
  0
VERTEX
  5
1F7
330
1CE
100
AcDbEntity
  8
outside2_T
100
AcDbVertex
100
AcDb2dVertex
 10
14.40774141951096
 20
0.0368841462958898
 30
0.0
  0
VERTEX
  5
1F8
330
1CE
100
AcDbEntity
  8
outside2_T
100
AcDbVertex
100
AcDb2dVertex
 10
13.97569332082338
 20
0.0399798987943285
 30
0.0
  0
VERTEX
  5
1F9
330
1CE
100
AcDbEntity
  8
outside2_T
100
AcDbVertex
100
AcDb2dVertex
 10
13.54253914110217
 20
0.0430755999641406
 30
0.0
  0
VERTEX
  5
1FA
330
1CE
100
AcDbEntity
  8
outside2_T
100
AcDbVertex
100
AcDb2dVertex
 10
13.10754846812546
 20
0.046278434413324
 30
0.0
  0
VERTEX
  5
1FB
330
1CE
100
AcDbEntity
  8
outside2_T
100
AcDbVertex
100
AcDb2dVertex
 10
12.67021894064095
 20
0.0495723593012656
 30
0.0
  0
VERTEX
  5
1FC
330
1CE
100
AcDbEntity
  8
outside2_T
100
AcDbVertex
100
AcDb2dVertex
 10
12.22980177179937
 20
0.0528737341219028
 30
0.0
  0
VERTEX
  5
1FD
330
1CE
100
AcDbEntity
  8
outside2_T
100
AcDbVertex
100
AcDb2dVertex
 10
11.7860727012532
 20
0.0562667411394386
 30
0.0
  0
VERTEX
  5
1FE
330
1CE
100
AcDbEntity
  8
outside2_T
100
AcDbVertex
100
AcDb2dVertex
 10
11.33984538184853
 20
0.0596673524193676
 30
0.0
  0
VERTEX
  5
1FF
330
1CE
100
AcDbEntity
  8
outside2_T
100
AcDbVertex
100
AcDb2dVertex
 10
10.89185964270604
 20
0.0631675984661797
 30
0.0
  0
VERTEX
  5
200
330
1CE
100
AcDbEntity
  8
outside2_T
100
AcDbVertex
100
AcDb2dVertex
 10
10.44311483297719
 20
0.066766584909999
 30
0.0
  0
VERTEX
  5
201
330
1CE
100
AcDbEntity
  8
outside2_T
100
AcDbVertex
100
AcDb2dVertex
 10
9.994437866564965
 20
0.0703651495343962
 30
0.0
  0
VERTEX
  5
202
330
1CE
100
AcDbEntity
  8
outside2_T
100
AcDbVertex
100
AcDb2dVertex
 10
9.546319389369671
 20
0.0739571134966894
 30
0.0
  0
VERTEX
  5
203
330
1CE
100
AcDbEntity
  8
outside2_T
100
AcDbVertex
100
AcDb2dVertex
 10
9.100047814257948
 20
0.0777622108239342
 30
0.0
  0
VERTEX
  5
204
330
1CE
100
AcDbEntity
  8
outside2_T
100
AcDbVertex
100
AcDb2dVertex
 10
8.656081388155997
 20
0.0814605330502332
 30
0.0
  0
VERTEX
  5
205
330
1CE
100
AcDbEntity
  8
outside2_T
100
AcDbVertex
100
AcDb2dVertex
 10
8.214758369889466
 20
0.0853576102316538
 30
0.0
  0
VERTEX
  5
206
330
1CE
100
AcDbEntity
  8
outside2_T
100
AcDbVertex
100
AcDb2dVertex
 10
7.775550893308207
 20
0.0892536455322102
 30
0.0
  0
VERTEX
  5
207
330
1CE
100
AcDbEntity
  8
outside2_T
100
AcDbVertex
100
AcDb2dVertex
 10
7.337774192234008
 20
0.0931502468355347
 30
0.0
  0
VERTEX
  5
208
330
1CE
100
AcDbEntity
  8
outside2_T
100
AcDbVertex
100
AcDb2dVertex
 10
6.900954816761157
 20
0.0971464295365223
 30
0.0
  0
VERTEX
  5
209
330
1CE
100
AcDbEntity
  8
outside2_T
100
AcDbVertex
100
AcDb2dVertex
 10
6.464594991885804
 20
0.1012487883556474
 30
0.0
  0
VERTEX
  5
20A
330
1CE
100
AcDbEntity
  8
outside2_T
100
AcDbVertex
100
AcDb2dVertex
 10
6.028038347049858
 20
0.1053433653488725
 30
0.0
  0
VERTEX
  5
20B
330
1CE
100
AcDbEntity
  8
outside2_T
100
AcDbVertex
100
AcDb2dVertex
 10
5.590902785458354
 20
0.1095446856774345
 30
0.0
  0
VERTEX
  5
20C
330
1CE
100
AcDbEntity
  8
outside2_T
100
AcDbVertex
100
AcDb2dVertex
 10
5.152459665278855
 20
0.1137383435693238
 30
0.0
  0
VERTEX
  5
20D
330
1CE
100
AcDbEntity
  8
outside2_T
100
AcDbVertex
100
AcDb2dVertex
 10
4.712768707169687
 20
0.1180393200231293
 30
0.0
  0
VERTEX
  5
20E
330
1CE
100
AcDbEntity
  8
outside2_T
100
AcDbVertex
100
AcDb2dVertex
 10
4.272035192250939
 20
0.1224312529076883
 30
0.0
  0
VERTEX
  5
20F
330
1CE
100
AcDbEntity
  8
outside2_T
100
AcDbVertex
100
AcDb2dVertex
 10
3.830631175215046
 20
0.1268303498714118
 30
0.0
  0
VERTEX
  5
210
330
1CE
100
AcDbEntity
  8
outside2_T
100
AcDbVertex
100
AcDb2dVertex
 10
3.388493975105973
 20
0.1312299146099036
 30
0.0
  0
VERTEX
  5
211
330
1CE
100
AcDbEntity
  8
outside2_T
100
AcDbVertex
100
AcDb2dVertex
 10
2.946002780438391
 20
0.1357292563452717
 30
0.0
  0
VERTEX
  5
212
330
1CE
100
AcDbEntity
  8
outside2_T
100
AcDbVertex
100
AcDb2dVertex
 10
2.503445061954324
 20
0.140327159588665
 30
0.0
  0
VERTEX
  5
213
330
1CE
100
AcDbEntity
  8
outside2_T
100
AcDbVertex
100
AcDb2dVertex
 10
2.060878581247323
 20
0.144925312313859
 30
0.0
  0
VERTEX
  5
214
330
1CE
100
AcDbEntity
  8
outside2_T
100
AcDbVertex
100
AcDb2dVertex
 10
0.7352516346697371
 20
0.159115332374256
 30
0.0
  0
VERTEX
  5
215
330
1CE
100
AcDbEntity
  8
outside2_T
100
AcDbVertex
100
AcDb2dVertex
 10
-0.1472904506493364
 20
0.1688073123151668
 30
0.0
  0
VERTEX
  5
216
330
1CE
100
AcDbEntity
  8
outside2_T
100
AcDbVertex
100
AcDb2dVertex
 10
-1.028801295186724
 20
0.1788038584908804
 30
0.0
  0
VERTEX
  5
217
330
1CE
100
AcDbEntity
  8
outside2_T
100
AcDbVertex
100
AcDb2dVertex
 10
-1.909713571774375
 20
0.1888994877253509
 30
0.0
  0
VERTEX
  5
218
330
1CE
100
AcDbEntity
  8
outside2_T
100
AcDbVertex
100
AcDb2dVertex
 10
-2.790241601149603
 20
0.1992928204586093
 30
0.0
  0
VERTEX
  5
219
330
1CE
100
AcDbEntity
  8
outside2_T
100
AcDbVertex
100
AcDb2dVertex
 10
-3.670543556484347
 20
0.2098840772665085
 30
0.0
  0
VERTEX
  5
21A
330
1CE
100
AcDbEntity
  8
outside2_T
100
AcDbVertex
100
AcDb2dVertex
 10
-4.110695299187739
 20
0.2152826538349046
 30
0.0
  0
VERTEX
  5
21B
330
1CE
100
AcDbEntity
  8
outside2_T
100
AcDbVertex
100
AcDb2dVertex
 10
-4.550844447147995
 20
0.2206811985780917
 30
0.0
  0
VERTEX
  5
21C
330
1CE
100
AcDbEntity
  8
outside2_T
100
AcDbVertex
100
AcDb2dVertex
 10
-5.431267432675952
 20
0.231676763743522
 30
0.0
  0
VERTEX
  5
21D
330
1CE
100
AcDbEntity
  8
outside2_T
100
AcDbVertex
100
AcDb2dVertex
 10
-6.752486872240127
 20
0.2485660101402232
 30
0.0
  0
VERTEX
  5
21E
330
1CE
100
AcDbEntity
  8
outside2_T
100
AcDbVertex
100
AcDb2dVertex
 10
-8.07424556528332
 20
0.2658520249842979
 30
0.0
  0
VERTEX
  5
21F
330
1CE
100
AcDbEntity
  8
outside2_T
100
AcDbVertex
100
AcDb2dVertex
 10
-9.39649410839894
 20
0.2836413187371107
 30
0.0
  0
VERTEX
  5
220
330
1CE
100
AcDbEntity
  8
outside2_T
100
AcDbVertex
100
AcDb2dVertex
 10
-10.7190462705974
 20
0.3018347222874809
 30
0.0
  0
VERTEX
  5
221
330
1CE
100
AcDbEntity
  8
outside2_T
100
AcDbVertex
100
AcDb2dVertex
 10
-12.04197482699448
 20
0.3205234709429874
 30
0.0
  0
VERTEX
  5
222
330
1CE
100
AcDbEntity
  8
outside2_T
100
AcDbVertex
100
AcDb2dVertex
 10
-13.36501587387698
 20
0.3395098938228784
 30
0.0
  0
VERTEX
  5
223
330
1CE
100
AcDbEntity
  8
outside2_T
100
AcDbVertex
100
AcDb2dVertex
 10
-14.68827214558274
 20
0.3590987226923801
 30
0.0
  0
VERTEX
  5
224
330
1CE
100
AcDbEntity
  8
outside2_T
100
AcDbVertex
100
AcDb2dVertex
 10
-16.01147258332577
 20
0.3789919445923147
 30
0.0
  0
VERTEX
  5
225
330
1CE
100
AcDbEntity
  8
outside2_T
100
AcDbVertex
100
AcDb2dVertex
 10
-17.33472820623734
 20
0.3992746457387142
 30
0.0
  0
VERTEX
  5
226
330
1CE
100
AcDbEntity
  8
outside2_T
100
AcDbVertex
100
AcDb2dVertex
 10
-18.65784010048611
 20
0.4200676458402341
 30
0.0
  0
VERTEX
  5
227
330
1CE
100
AcDbEntity
  8
outside2_T
100
AcDbVertex
100
AcDb2dVertex
 10
-19.5398278007786
 20
0.4340593415836764
 30
0.0
  0
VERTEX
  5
228
330
1CE
100
AcDbEntity
  8
outside2_T
100
AcDbVertex
100
AcDb2dVertex
 10
-20.42172869075631
 20
0.4482496056056107
 30
0.0
  0
VERTEX
  5
229
330
1CE
100
AcDbEntity
  8
outside2_T
100
AcDbVertex
100
AcDb2dVertex
 10
-21.30352449110256
 20
0.4626381486796305
 30
0.0
  0
VERTEX
  5
22A
330
1CE
100
AcDbEntity
  8
outside2_T
100
AcDbVertex
100
AcDb2dVertex
 10
-22.18530697526859
 20
0.4772320963708125
 30
0.0
  0
VERTEX
  5
22B
330
1CE
100
AcDbEntity
  8
outside2_T
100
AcDbVertex
100
AcDb2dVertex
 10
-23.06696572168113
 20
0.4919251380065219
 30
0.0
  0
VERTEX
  5
22C
330
1CE
100
AcDbEntity
  8
outside2_T
100
AcDbVertex
100
AcDb2dVertex
 10
-23.94857690820578
 20
0.5068169097353064
 30
0.0
  0
VERTEX
  5
22D
330
1CE
100
AcDbEntity
  8
outside2_T
100
AcDbVertex
100
AcDb2dVertex
 10
-24.83003701007902
 20
0.5219064355441674
 30
0.0
  0
VERTEX
  5
22E
330
1CE
100
AcDbEntity
  8
outside2_T
100
AcDbVertex
100
AcDb2dVertex
 10
-25.71148584073745
 20
0.5370946270798242
 30
0.0
  0
VERTEX
  5
22F
330
1CE
100
AcDbEntity
  8
outside2_T
100
AcDbVertex
100
AcDb2dVertex
 10
-26.59288360647594
 20
0.5523905292017162
 30
0.0
  0
VERTEX
  5
230
330
1CE
100
AcDbEntity
  8
outside2_T
100
AcDbVertex
100
AcDb2dVertex
 10
-27.47415848027396
 20
0.5679756290636533
 30
0.0
  0
VERTEX
  5
231
330
1CE
100
AcDbEntity
  8
outside2_T
100
AcDbVertex
100
AcDb2dVertex
 10
-28.35543958899694
 20
0.5835684640275929
 30
0.0
  0
VERTEX
  5
232
330
1CE
100
AcDbEntity
  8
outside2_T
100
AcDbVertex
100
AcDb2dVertex
 10
-29.23670103859109
 20
0.5994585889731354
 30
0.0
  0
VERTEX
  5
233
330
1CE
100
AcDbEntity
  8
outside2_T
100
AcDbVertex
100
AcDb2dVertex
 10
-30.11775220128817
 20
0.6153482217218738
 30
0.0
  0
VERTEX
  5
234
330
1CE
100
AcDbEntity
  8
outside2_T
100
AcDbVertex
100
AcDb2dVertex
 10
-30.99895306099694
 20
0.6314371563045711
 30
0.0
  0
VERTEX
  5
235
330
1CE
100
AcDbEntity
  8
outside2_T
100
AcDbVertex
100
AcDb2dVertex
 10
-31.88001727953048
 20
0.6477314154693374
 30
0.0
  0
VERTEX
  5
236
330
1CE
100
AcDbEntity
  8
outside2_T
100
AcDbVertex
100
AcDb2dVertex
 10
-32.76096077436142
 20
0.6641166289918488
 30
0.0
  0
VERTEX
  5
237
330
1CE
100
AcDbEntity
  8
outside2_T
100
AcDbVertex
100
AcDb2dVertex
 10
-33.6419059851242
 20
0.6806086187000062
 30
0.0
  0
VERTEX
  5
238
330
1CE
100
AcDbEntity
  8
outside2_T
100
AcDbVertex
100
AcDb2dVertex
 10
-34.52287817012899
 20
0.6972002361015086
 30
0.0
  0
VERTEX
  5
239
330
1CE
100
AcDbEntity
  8
outside2_T
100
AcDbVertex
100
AcDb2dVertex
 10
-35.40378754704676
 20
0.7139906457681917
 30
0.0
  0
VERTEX
  5
23A
330
1CE
100
AcDbEntity
  8
outside2_T
100
AcDbVertex
100
AcDb2dVertex
 10
-35.84418479694324
 20
0.7224838688203477
 30
0.0
  0
VERTEX
  5
23B
330
1CE
100
AcDbEntity
  8
outside2_T
100
AcDbVertex
100
AcDb2dVertex
 10
-36.28456663051003
 20
0.730877975651083
 30
0.0
  0
VERTEX
  5
23C
330
1CE
100
AcDbEntity
  8
outside2_T
100
AcDbVertex
100
AcDb2dVertex
 10
-36.72507946274123
 20
0.7393734277511186
 30
0.0
  0
VERTEX
  5
23D
330
1CE
100
AcDbEntity
  8
outside2_T
100
AcDbVertex
100
AcDb2dVertex
 10
-37.16537421945969
 20
0.7479658466397865
 30
0.0
  0
VERTEX
  5
23E
330
1CE
100
AcDbEntity
  8
outside2_T
100
AcDbVertex
100
AcDb2dVertex
 10
-37.60577009576338
 20
0.7564666672560776
 30
0.0
  0
VERTEX
  5
23F
330
1CE
100
AcDbEntity
  8
outside2_T
100
AcDbVertex
100
AcDb2dVertex
 10
-38.04627869663051
 20
0.7650611758285066
 30
0.0
  0
VERTEX
  5
240
330
1CE
100
AcDbEntity
  8
outside2_T
100
AcDbVertex
100
AcDb2dVertex
 10
-38.48656921348157
 20
0.7737526249923121
 30
0.0
  0
VERTEX
  5
241
330
1CE
100
AcDbEntity
  8
outside2_T
100
AcDbVertex
100
AcDb2dVertex
 10
-38.92695423970991
 20
0.7823450200714177
 30
0.0
  0
VERTEX
  5
242
330
1CE
100
AcDbEntity
  8
outside2_T
100
AcDbVertex
100
AcDb2dVertex
 10
-39.3674129165675
 20
0.7910453065871366
 30
0.0
  0
VERTEX
  5
243
330
1CE
100
AcDbEntity
  8
outside2_T
100
AcDbVertex
100
AcDb2dVertex
 10
-39.80775406853996
 20
0.799737755261404
 30
0.0
  0
VERTEX
  5
244
330
1CE
100
AcDbEntity
  8
outside2_T
100
AcDbVertex
100
AcDb2dVertex
 10
-40.24806302830012
 20
0.8085283812242068
 30
0.0
  0
VERTEX
  5
245
330
1CE
100
AcDbEntity
  8
outside2_T
100
AcDbVertex
100
AcDb2dVertex
 10
-40.68844503806332
 20
0.8172274545447209
 30
0.0
  0
VERTEX
  5
246
330
1CE
100
AcDbEntity
  8
outside2_T
100
AcDbVertex
100
AcDb2dVertex
 10
-41.12885098698035
 20
0.8260203213690005
 30
0.0
  0
VERTEX
  5
247
330
1CE
100
AcDbEntity
  8
outside2_T
100
AcDbVertex
100
AcDb2dVertex
 10
-41.56915657979476
 20
0.8349176171650612
 30
0.0
  0
VERTEX
  5
248
330
1CE
100
AcDbEntity
  8
outside2_T
100
AcDbVertex
100
AcDb2dVertex
 10
-42.00944603288582
 20
0.8437081581072903
 30
0.0
  0
VERTEX
  5
249
330
1CE
100
AcDbEntity
  8
outside2_T
100
AcDbVertex
100
AcDb2dVertex
 10
-42.44988857723439
 20
0.8526066804793402
 30
0.0
  0
VERTEX
  5
24A
330
1CE
100
AcDbEntity
  8
outside2_T
100
AcDbVertex
100
AcDb2dVertex
 10
-42.89018712763306
 20
0.8614962099667167
 30
0.0
  0
VERTEX
  5
24B
330
1CE
100
AcDbEntity
  8
outside2_T
100
AcDbVertex
100
AcDb2dVertex
 10
-43.33053960879971
 20
0.8703947613215917
 30
0.0
  0
VERTEX
  5
24C
330
1CE
100
AcDbEntity
  8
outside2_T
100
AcDbVertex
100
AcDb2dVertex
 10
-43.77088290760008
 20
0.8793846271100989
 30
0.0
  0
VERTEX
  5
24D
330
1CE
100
AcDbEntity
  8
outside2_T
100
AcDbVertex
100
AcDb2dVertex
 10
-44.21118207788783
 20
0.8883812161408571
 30
0.0
  0
VERTEX
  5
24E
330
1CE
100
AcDbEntity
  8
outside2_T
100
AcDbVertex
100
AcDb2dVertex
 10
-44.65157663556835
 20
0.8973775733478107
 30
0.0
  0
VERTEX
  5
24F
330
1CE
100
AcDbEntity
  8
outside2_T
100
AcDbVertex
100
AcDb2dVertex
 10
-45.09192245783703
 20
0.9063674906154233
 30
0.0
  0
VERTEX
  5
250
330
1CE
100
AcDbEntity
  8
outside2_T
100
AcDbVertex
100
AcDb2dVertex
 10
-45.53227458149564
 20
0.9154642885985425
 30
0.0
  0
VERTEX
  5
251
330
1CE
100
AcDbEntity
  8
outside2_T
100
AcDbVertex
100
AcDb2dVertex
 10
-45.97256492615958
 20
0.9245598103506438
 30
0.0
  0
VERTEX
  5
252
330
1CE
100
AcDbEntity
  8
outside2_T
100
AcDbVertex
100
AcDb2dVertex
 10
-46.41285527082374
 20
0.9336553321027452
 30
0.0
  0
VERTEX
  5
253
330
1CE
100
AcDbEntity
  8
outside2_T
100
AcDbVertex
100
AcDb2dVertex
 10
-46.85321363432359
 20
0.9427443188825464
 30
0.0
  0
VERTEX
  5
254
330
1CE
100
AcDbEntity
  8
outside2_T
100
AcDbVertex
100
AcDb2dVertex
 10
-47.29350857391779
 20
0.9519390495691482
 30
0.0
  0
VERTEX
  5
255
330
1CE
100
AcDbEntity
  8
outside2_T
100
AcDbVertex
100
AcDb2dVertex
 10
-47.73385497995861
 20
0.9610357294376541
 30
0.0
  0
VERTEX
  5
256
330
1CE
100
AcDbEntity
  8
outside2_T
100
AcDbVertex
100
AcDb2dVertex
 10
-48.17430942675566
 20
0.9703306877273405
 30
0.0
  0
VERTEX
  5
257
330
1CE
100
AcDbEntity
  8
outside2_T
100
AcDbVertex
100
AcDb2dVertex
 10
-48.61454371028805
 20
0.9795241517263094
 30
0.0
  0
VERTEX
  5
258
330
1CE
100
AcDbEntity
  8
outside2_T
100
AcDbVertex
100
AcDb2dVertex
 10
-49.05489141979302
 20
0.9887199844131089
 30
0.0
  0
VERTEX
  5
259
330
1CE
100
AcDbEntity
  8
outside2_T
100
AcDbVertex
100
AcDb2dVertex
 10
-49.49523912893943
 20
0.9980149429836729
 30
0.0
  0
VERTEX
  5
25A
330
1CE
100
AcDbEntity
  8
outside2_T
100
AcDbVertex
100
AcDb2dVertex
 10
-49.93552947360337
 20
1.007308690691815
 30
0.0
  0
VERTEX
  5
25B
330
1CE
100
AcDbEntity
  8
outside2_T
100
AcDbVertex
100
AcDb2dVertex
 10
-50.3758198182673
 20
1.016602438399957
 30
0.0
  0
VERTEX
  5
25C
330
1CE
100
AcDbEntity
  8
outside2_T
100
AcDbVertex
100
AcDb2dVertex
 10
-50.81618145945191
 20
1.025897369148623
 30
0.0
  0
VERTEX
  5
25D
330
1CE
100
AcDbEntity
  8
outside2_T
100
AcDbVertex
100
AcDb2dVertex
 10
-51.25656347924161
 20
1.035290233806705
 30
0.0
  0
VERTEX
  5
25E
330
1CE
100
AcDbEntity
  8
outside2_T
100
AcDbVertex
100
AcDb2dVertex
 10
-51.69685476497563
 20
1.044584001379178
 30
0.0
  0
VERTEX
  5
25F
330
1CE
100
AcDbEntity
  8
outside2_T
100
AcDbVertex
100
AcDb2dVertex
 10
-52.13721753328929
 20
1.053978081767085
 30
0.0
  0
VERTEX
  5
260
330
1CE
100
AcDbEntity
  8
outside2_T
100
AcDbVertex
100
AcDb2dVertex
 10
-52.5775656176682
 20
1.063372174233692
 30
0.0
  0
VERTEX
  5
261
330
1CE
100
AcDbEntity
  8
outside2_T
100
AcDbVertex
100
AcDb2dVertex
 10
-53.01785596232531
 20
1.072864147897732
 30
0.0
  0
VERTEX
  5
262
330
1CE
100
AcDbEntity
  8
outside2_T
100
AcDbVertex
100
AcDb2dVertex
 10
-53.45814497547627
 20
1.082256980178286
 30
0.0
  0
VERTEX
  5
263
330
1CE
100
AcDbEntity
  8
outside2_T
100
AcDbVertex
100
AcDb2dVertex
 10
-53.89859808865646
 20
1.091750161500713
 30
0.0
  0
VERTEX
  5
264
330
1CE
100
AcDbEntity
  8
outside2_T
100
AcDbVertex
100
AcDb2dVertex
 10
-54.33889109622356
 20
1.101242192565977
 30
0.0
  0
VERTEX
  5
265
330
1CE
100
AcDbEntity
  8
outside2_T
100
AcDbVertex
100
AcDb2dVertex
 10
-54.7791902658783
 20
1.110741980634856
 30
0.0
  0
VERTEX
  5
266
330
1CE
100
AcDbEntity
  8
outside2_T
100
AcDbVertex
100
AcDb2dVertex
 10
-55.21947178553143
 20
1.120233763969154
 30
0.0
  0
VERTEX
  5
267
330
1CE
100
AcDbEntity
  8
outside2_T
100
AcDbVertex
100
AcDb2dVertex
 10
-55.65977699787373
 20
1.129725729431101
 30
0.0
  0
VERTEX
  5
268
330
1CE
100
AcDbEntity
  8
outside2_T
100
AcDbVertex
100
AcDb2dVertex
 10
-56.10012393211088
 20
1.139218923078133
 30
0.0
  0
VERTEX
  5
269
330
1CE
100
AcDbEntity
  8
outside2_T
100
AcDbVertex
100
AcDb2dVertex
 10
-56.54056197459641
 20
1.148811233895742
 30
0.0
  0
VERTEX
  5
26A
330
1CE
100
AcDbEntity
  8
outside2_T
100
AcDbVertex
100
AcDb2dVertex
 10
-56.98087831386266
 20
1.158410178773721
 30
0.0
  0
VERTEX
  5
26B
330
1CE
100
AcDbEntity
  8
outside2_T
100
AcDbVertex
100
AcDb2dVertex
 10
-57.42116021842395
 20
1.16800108149063
 30
0.0
  0
VERTEX
  5
26C
330
1CE
100
AcDbEntity
  8
outside2_T
100
AcDbVertex
100
AcDb2dVertex
 10
-57.86145056310812
 20
1.177592168133259
 30
0.0
  0
VERTEX
  5
26D
330
1CE
100
AcDbEntity
  8
outside2_T
100
AcDbVertex
100
AcDb2dVertex
 10
-58.30174973263166
 20
1.18719107116388
 30
0.0
  0
VERTEX
  5
26E
330
1CE
100
AcDbEntity
  8
outside2_T
100
AcDbVertex
100
AcDb2dVertex
 10
-58.74208725462887
 20
1.196783185419463
 30
0.0
  0
VERTEX
  5
26F
330
1CE
100
AcDbEntity
  8
outside2_T
100
AcDbVertex
100
AcDb2dVertex
 10
-59.18248874878901
 20
1.206473482128104
 30
0.0
  0
VERTEX
  5
270
330
1CE
100
AcDbEntity
  8
outside2_T
100
AcDbVertex
100
AcDb2dVertex
 10
-59.62278045271893
 20
1.216072222478701
 30
0.0
  0
VERTEX
  5
271
330
1CE
100
AcDbEntity
  8
outside2_T
100
AcDbVertex
100
AcDb2dVertex
 10
-60.06312374616147
 20
1.225763587430492
 30
0.0
  0
VERTEX
  5
272
330
1CE
100
AcDbEntity
  8
outside2_T
100
AcDbVertex
100
AcDb2dVertex
 10
-60.50336094970277
 20
1.235452617485919
 30
0.0
  0
VERTEX
  5
273
330
1CE
100
AcDbEntity
  8
outside2_T
100
AcDbVertex
100
AcDb2dVertex
 10
-60.94372390338123
 20
1.24505257867655
 30
0.0
  0
VERTEX
  5
274
330
1CE
100
AcDbEntity
  8
outside2_T
100
AcDbVertex
100
AcDb2dVertex
 10
-61.38407180129644
 20
1.254843170900315
 30
0.0
  0
VERTEX
  5
275
330
1CE
100
AcDbEntity
  8
outside2_T
100
AcDbVertex
100
AcDb2dVertex
 10
-61.82430919771906
 20
1.26453982835919
 30
0.0
  0
VERTEX
  5
276
330
1CE
100
AcDbEntity
  8
outside2_T
100
AcDbVertex
100
AcDb2dVertex
 10
-62.2646947362112
 20
1.274229773859361
 30
0.0
  0
VERTEX
  5
277
330
1CE
100
AcDbEntity
  8
outside2_T
100
AcDbVertex
100
AcDb2dVertex
 10
-62.70504957229065
 20
1.283921392841847
 30
0.0
  0
VERTEX
  5
278
330
1CE
100
AcDbEntity
  8
outside2_T
100
AcDbVertex
100
AcDb2dVertex
 10
-63.14533991694844
 20
1.293718329515173
 30
0.0
  0
VERTEX
  5
279
330
1CE
100
AcDbEntity
  8
outside2_T
100
AcDbVertex
100
AcDb2dVertex
 10
-63.58563026161261
 20
1.30340852913541
 30
0.0
  0
VERTEX
  5
27A
330
1CE
100
AcDbEntity
  8
outside2_T
100
AcDbVertex
100
AcDb2dVertex
 10
-64.02592060628291
 20
1.31320546580902
 30
0.0
  0
VERTEX
  5
27B
330
1CE
100
AcDbEntity
  8
outside2_T
100
AcDbVertex
100
AcDb2dVertex
 10
-64.46621075461695
 20
1.322895661108291
 30
0.0
  0
VERTEX
  5
27C
330
1CE
100
AcDbEntity
  8
outside2_T
100
AcDbVertex
100
AcDb2dVertex
 10
-64.90657792371377
 20
1.33269396787324
 30
0.0
  0
VERTEX
  5
27D
330
1CE
100
AcDbEntity
  8
outside2_T
100
AcDbVertex
100
AcDb2dVertex
 10
-65.34685983643914
 20
1.342483092927978
 30
0.0
  0
VERTEX
  5
27E
330
1CE
100
AcDbEntity
  8
outside2_T
100
AcDbVertex
100
AcDb2dVertex
 10
-65.78715900572053
 20
1.352280225882339
 30
0.0
  0
VERTEX
  5
27F
330
1CE
100
AcDbEntity
  8
outside2_T
100
AcDbVertex
100
AcDb2dVertex
 10
-66.22744052576496
 20
1.362069342199661
 30
0.0
  0
VERTEX
  5
280
330
1CE
100
AcDbEntity
  8
outside2_T
100
AcDbVertex
100
AcDb2dVertex
 10
-66.6677396950484
 20
1.371866475154064
 30
0.0
  0
VERTEX
  5
281
330
1CE
100
AcDbEntity
  8
outside2_T
100
AcDbVertex
100
AcDb2dVertex
 10
-67.10812520593078
 20
1.381655530420062
 30
0.0
  0
VERTEX
  5
282
330
1CE
100
AcDbEntity
  8
outside2_T
100
AcDbVertex
100
AcDb2dVertex
 10
-67.54842712141368
 20
1.39145272442542
 30
0.0
  0
VERTEX
  5
283
330
1CE
100
AcDbEntity
  8
outside2_T
100
AcDbVertex
100
AcDb2dVertex
 10
-67.98877041354655
 20
1.4012432141689
 30
0.0
  0
VERTEX
  5
284
330
1CE
100
AcDbEntity
  8
outside2_T
100
AcDbVertex
100
AcDb2dVertex
 10
-68.42906056202133
 20
1.411139259410803
 30
0.0
  0
VERTEX
  5
285
330
1CE
100
AcDbEntity
  8
outside2_T
100
AcDbVertex
100
AcDb2dVertex
 10
-68.86930418657886
 20
1.420927194269026
 30
0.0
  0
VERTEX
  5
286
330
1CE
100
AcDbEntity
  8
outside2_T
100
AcDbVertex
100
AcDb2dVertex
 10
-69.309603748234
 20
1.43072433594719
 30
0.0
  0
VERTEX
  5
287
330
1CE
100
AcDbEntity
  8
outside2_T
100
AcDbVertex
100
AcDb2dVertex
 10
-69.74994704035277
 20
1.440514825690357
 30
0.0
  0
VERTEX
  5
288
330
1CE
100
AcDbEntity
  8
outside2_T
100
AcDbVertex
100
AcDb2dVertex
 10
-70.19023738502602
 20
1.450410875342058
 30
0.0
  0
VERTEX
  5
289
330
1CE
100
AcDbEntity
  8
outside2_T
100
AcDbVertex
100
AcDb2dVertex
 10
-70.63052772969155
 20
1.46020018794033
 30
0.0
  0
VERTEX
  5
28A
330
1CE
100
AcDbEntity
  8
outside2_T
100
AcDbVertex
100
AcDb2dVertex
 10
-71.0708222902768
 20
1.470096332349684
 30
0.0
  0
VERTEX
  5
28B
330
1CE
100
AcDbEntity
  8
outside2_T
100
AcDbVertex
100
AcDb2dVertex
 10
-71.51112347080772
 20
1.47989317084847
 30
0.0
  0
VERTEX
  5
28C
330
1CE
100
AcDbEntity
  8
outside2_T
100
AcDbVertex
100
AcDb2dVertex
 10
-71.95141401184429
 20
1.489781600835045
 30
0.0
  0
VERTEX
  5
28D
330
1CE
100
AcDbEntity
  8
outside2_T
100
AcDbVertex
100
AcDb2dVertex
 10
-72.39170435651027
 20
1.499578537508555
 30
0.0
  0
VERTEX
  5
28E
330
1CE
100
AcDbEntity
  8
outside2_T
100
AcDbVertex
100
AcDb2dVertex
 10
-72.83199470117603
 20
1.509466963084876
 30
0.0
  0
VERTEX
  5
28F
330
1CE
100
AcDbEntity
  8
outside2_T
100
AcDbVertex
100
AcDb2dVertex
 10
-73.27228504583996
 20
1.519263899758343
 30
0.0
  0
VERTEX
  5
290
330
1CE
100
AcDbEntity
  8
outside2_T
100
AcDbVertex
100
AcDb2dVertex
 10
-73.71257519412922
 20
1.529152320924254
 30
0.0
  0
VERTEX
  5
291
330
1CE
100
AcDbEntity
  8
outside2_T
100
AcDbVertex
100
AcDb2dVertex
 10
-74.1528851992253
 20
1.538949355772374
 30
0.0
  0
VERTEX
  5
292
330
1CE
100
AcDbEntity
  8
outside2_T
100
AcDbVertex
100
AcDb2dVertex
 10
-74.59317132796815
 20
1.548845310666024
 30
0.0
  0
VERTEX
  5
293
330
1CE
100
AcDbEntity
  8
outside2_T
100
AcDbVertex
100
AcDb2dVertex
 10
-75.03339990057094
 20
1.558633249838692
 30
0.0
  0
VERTEX
  5
294
330
1CE
100
AcDbEntity
  8
outside2_T
100
AcDbVertex
100
AcDb2dVertex
 10
-75.47375320669136
 20
1.568431587396304
 30
0.0
  0
VERTEX
  5
295
330
1CE
100
AcDbEntity
  8
outside2_T
100
AcDbVertex
100
AcDb2dVertex
 10
-75.91395206245767
 20
1.578320012972682
 30
0.0
  0
VERTEX
  5
296
330
1CE
100
AcDbEntity
  8
outside2_T
100
AcDbVertex
100
AcDb2dVertex
 10
-76.35424121773354
 20
1.588116923180991
 30
0.0
  0
VERTEX
  5
297
330
1CE
100
AcDbEntity
  8
outside2_T
100
AcDbVertex
100
AcDb2dVertex
 10
-76.79453156239748
 20
1.598005348757241
 30
0.0
  0
VERTEX
  5
298
330
1CE
100
AcDbEntity
  8
outside2_T
100
AcDbVertex
100
AcDb2dVertex
 10
-77.23476895960727
 20
1.607801107292573
 30
0.0
  0
VERTEX
  5
299
330
1CE
100
AcDbEntity
  8
outside2_T
100
AcDbVertex
100
AcDb2dVertex
 10
-77.67511225170375
 20
1.617591597035243
 30
0.0
  0
VERTEX
  5
29A
330
1CE
100
AcDbEntity
  8
outside2_T
100
AcDbVertex
100
AcDb2dVertex
 10
-78.11540240017854
 20
1.62748764227716
 30
0.0
  0
VERTEX
  5
29B
330
1CE
100
AcDbEntity
  8
outside2_T
100
AcDbVertex
100
AcDb2dVertex
 10
-78.55564602473447
 20
1.637275577135341
 30
0.0
  0
VERTEX
  5
29C
330
1CE
100
AcDbEntity
  8
outside2_T
100
AcDbVertex
100
AcDb2dVertex
 10
-78.99594558638938
 20
1.64707271881349
 30
0.0
  0
VERTEX
  5
29D
330
1CE
100
AcDbEntity
  8
outside2_T
100
AcDbVertex
100
AcDb2dVertex
 10
-79.43612311692488
 20
1.656861896226445
 30
0.0
  0
VERTEX
  5
29E
330
1CE
100
AcDbEntity
  8
outside2_T
100
AcDbVertex
100
AcDb2dVertex
 10
-79.8764195386778
 20
1.666658968085514
 30
0.0
  0
VERTEX
  5
29F
330
1CE
100
AcDbEntity
  8
outside2_T
100
AcDbVertex
100
AcDb2dVertex
 10
-80.31671591446349
 20
1.676448075678238
 30
0.0
  0
VERTEX
  5
2A0
330
1CE
100
AcDbEntity
  8
outside2_T
100
AcDbVertex
100
AcDb2dVertex
 10
-80.7570154761425
 20
1.686245217356927
 30
0.0
  0
VERTEX
  5
2A1
330
1CE
100
AcDbEntity
  8
outside2_T
100
AcDbVertex
100
AcDb2dVertex
 10
-81.19729699618921
 20
1.696034333674277
 30
0.0
  0
VERTEX
  5
2A2
330
1CE
100
AcDbEntity
  8
outside2_T
100
AcDbVertex
100
AcDb2dVertex
 10
-81.63759616547242
 20
1.705831466628695
 30
0.0
  0
VERTEX
  5
2A3
330
1CE
100
AcDbEntity
  8
outside2_T
100
AcDbVertex
100
AcDb2dVertex
 10
-82.07778855156909
 20
1.715620635310955
 30
0.0
  0
VERTEX
  5
2A4
330
1CE
100
AcDbEntity
  8
outside2_T
100
AcDbVertex
100
AcDb2dVertex
 10
-82.51802359327036
 20
1.725416341392602
 30
0.0
  0
VERTEX
  5
2A5
330
1CE
100
AcDbEntity
  8
outside2_T
100
AcDbVertex
100
AcDb2dVertex
 10
-82.95831393792702
 20
1.735106541012655
 30
0.0
  0
VERTEX
  5
2A6
330
1CE
100
AcDbEntity
  8
outside2_T
100
AcDbVertex
100
AcDb2dVertex
 10
-83.39860428259095
 20
1.744903477686137
 30
0.0
  0
VERTEX
  5
2A7
330
1CE
100
AcDbEntity
  8
outside2_T
100
AcDbVertex
100
AcDb2dVertex
 10
-83.83889443092181
 20
1.754593672985337
 30
0.0
  0
VERTEX
  5
2A8
330
1CE
100
AcDbEntity
  8
outside2_T
100
AcDbVertex
100
AcDb2dVertex
 10
-84.27920138357996
 20
1.764390639915746
 30
0.0
  0
VERTEX
  5
2A9
330
1CE
100
AcDbEntity
  8
outside2_T
100
AcDbVertex
100
AcDb2dVertex
 10
-84.71932477449451
 20
1.77407951392594
 30
0.0
  0
VERTEX
  5
2AA
330
1CE
100
AcDbEntity
  8
outside2_T
100
AcDbVertex
100
AcDb2dVertex
 10
-85.15967417239773
 20
1.783778638289959
 30
0.0
  0
VERTEX
  5
2AB
330
1CE
100
AcDbEntity
  8
outside2_T
100
AcDbVertex
100
AcDb2dVertex
 10
-85.59995991045804
 20
1.79356784846604
 30
0.0
  0
VERTEX
  5
2AC
330
1CE
100
AcDbEntity
  8
outside2_T
100
AcDbVertex
100
AcDb2dVertex
 10
-86.04015519389242
 20
1.803255620408919
 30
0.0
  0
VERTEX
  5
2AD
330
1CE
100
AcDbEntity
  8
outside2_T
100
AcDbVertex
100
AcDb2dVertex
 10
-86.48044573276508
 20
1.812854335360285
 30
0.0
  0
VERTEX
  5
2AE
330
1CE
100
AcDbEntity
  8
outside2_T
100
AcDbVertex
100
AcDb2dVertex
 10
-86.92078902621125
 20
1.822545700312148
 30
0.0
  0
VERTEX
  5
2AF
330
1CE
100
AcDbEntity
  8
outside2_T
100
AcDbVertex
100
AcDb2dVertex
 10
-87.36099903965652
 20
1.832243769695395
 30
0.0
  0
VERTEX
  5
2B0
330
1CE
100
AcDbEntity
  8
outside2_T
100
AcDbVertex
100
AcDb2dVertex
 10
-87.80122086539888
 20
1.841932461183973
 30
0.0
  0
VERTEX
  5
2B1
330
1CE
100
AcDbEntity
  8
outside2_T
100
AcDbVertex
100
AcDb2dVertex
 10
-88.2414538486201
 20
1.851522298290334
 30
0.0
  0
VERTEX
  5
2B2
330
1CE
100
AcDbEntity
  8
outside2_T
100
AcDbVertex
100
AcDb2dVertex
 10
-88.68175301814364
 20
1.861121201320941
 30
0.0
  0
VERTEX
  5
2B3
330
1CE
100
AcDbEntity
  8
outside2_T
100
AcDbVertex
100
AcDb2dVertex
 10
-89.12209189940091
 20
1.870713345186019
 30
0.0
  0
VERTEX
  5
2B4
330
1CE
100
AcDbEntity
  8
outside2_T
100
AcDbVertex
100
AcDb2dVertex
 10
-89.56232602409187
 20
1.880402307480082
 30
0.0
  0
VERTEX
  5
2B5
330
1CE
100
AcDbEntity
  8
outside2_T
100
AcDbVertex
100
AcDb2dVertex
 10
-90.00247193057368
 20
1.889893139403085
 30
0.0
  0
VERTEX
  5
2B6
330
1CE
100
AcDbEntity
  8
outside2_T
100
AcDbVertex
100
AcDb2dVertex
 10
-90.44282290791881
 20
1.899493171965474
 30
0.0
  0
VERTEX
  5
2B7
330
1CE
100
AcDbEntity
  8
outside2_T
100
AcDbVertex
100
AcDb2dVertex
 10
-90.88304706564287
 20
1.909082816744771
 30
0.0
  0
VERTEX
  5
2B8
330
1CE
100
AcDbEntity
  8
outside2_T
100
AcDbVertex
100
AcDb2dVertex
 10
-91.32333721806827
 20
1.918574786264585
 30
0.0
  0
VERTEX
  5
2B9
330
1CE
100
AcDbEntity
  8
outside2_T
100
AcDbVertex
100
AcDb2dVertex
 10
-91.76364722340173
 20
1.928165969023794
 30
0.0
  0
VERTEX
  5
2BA
330
1CE
100
AcDbEntity
  8
outside2_T
100
AcDbVertex
100
AcDb2dVertex
 10
-92.20388481048695
 20
1.937664428478485
 30
0.0
  0
VERTEX
  5
2BB
330
1CE
100
AcDbEntity
  8
outside2_T
100
AcDbVertex
100
AcDb2dVertex
 10
-92.64416633011803
 20
1.947156211812299
 30
0.0
  0
VERTEX
  5
2BC
330
1CE
100
AcDbEntity
  8
outside2_T
100
AcDbVertex
100
AcDb2dVertex
 10
-93.08445667480402
 20
1.956648185476951
 30
0.0
  0
VERTEX
  5
2BD
330
1CE
100
AcDbEntity
  8
outside2_T
100
AcDbVertex
100
AcDb2dVertex
 10
-93.52459930944434
 20
1.966138946844367
 30
0.0
  0
VERTEX
  5
2BE
330
1CE
100
AcDbEntity
  8
outside2_T
100
AcDbVertex
100
AcDb2dVertex
 10
-93.96488851237751
 20
1.975531783173608
 30
0.0
  0
VERTEX
  5
2BF
330
1CE
100
AcDbEntity
  8
outside2_T
100
AcDbVertex
100
AcDb2dVertex
 10
-94.40518326959233
 20
1.985023851965536
 30
0.0
  0
VERTEX
  5
2C0
330
1CE
100
AcDbEntity
  8
outside2_T
100
AcDbVertex
100
AcDb2dVertex
 10
-94.8454206636589
 20
1.994423206197283
 30
0.0
  0
VERTEX
  5
2C1
330
1CE
100
AcDbEntity
  8
outside2_T
100
AcDbVertex
100
AcDb2dVertex
 10
-95.2857021831623
 20
2.00381587853694
 30
0.0
  0
VERTEX
  5
2C2
330
1CE
100
AcDbEntity
  8
outside2_T
100
AcDbVertex
100
AcDb2dVertex
 10
-95.72595022397303
 20
2.013207511489412
 30
0.0
  0
VERTEX
  5
2C3
330
1CE
100
AcDbEntity
  8
outside2_T
100
AcDbVertex
100
AcDb2dVertex
 10
-96.1662407569284
 20
2.02250126317206
 30
0.0
  0
VERTEX
  5
2C4
330
1CE
100
AcDbEntity
  8
outside2_T
100
AcDbVertex
100
AcDb2dVertex
 10
-96.60653110159234
 20
2.031894123858223
 30
0.0
  0
VERTEX
  5
2C5
330
1CE
100
AcDbEntity
  8
outside2_T
100
AcDbVertex
100
AcDb2dVertex
 10
-97.04676408230176
 20
2.041186660715098
 30
0.0
  0
VERTEX
  5
2C6
330
1CE
100
AcDbEntity
  8
outside2_T
100
AcDbVertex
100
AcDb2dVertex
 10
-97.4870544269657
 20
2.05048040842324
 30
0.0
  0
VERTEX
  5
2C7
330
1CE
100
AcDbEntity
  8
outside2_T
100
AcDbVertex
100
AcDb2dVertex
 10
-97.92734477162963
 20
2.059774156131397
 30
0.0
  0
VERTEX
  5
2C8
330
1CE
100
AcDbEntity
  8
outside2_T
100
AcDbVertex
100
AcDb2dVertex
 10
-98.367588400957
 20
2.069066595945472
 30
0.0
  0
VERTEX
  5
2C9
330
1CE
100
AcDbEntity
  8
outside2_T
100
AcDbVertex
100
AcDb2dVertex
 10
-98.80781715438462
 20
2.078252321449895
 30
0.0
  0
VERTEX
  5
2CA
330
1CE
100
AcDbEntity
  8
outside2_T
100
AcDbVertex
100
AcDb2dVertex
 10
-99.24820560217694
 20
2.087447094234051
 30
0.0
  0
VERTEX
  5
2CB
330
1CE
100
AcDbEntity
  8
outside2_T
100
AcDbVertex
100
AcDb2dVertex
 10
-99.68851303757384
 20
2.096641767438385
 30
0.0
  0
VERTEX
  5
2CC
330
1CE
100
AcDbEntity
  8
outside2_T
100
AcDbVertex
100
AcDb2dVertex
 10
-100.1288037508296
 20
2.105836409865702
 30
0.0
  0
VERTEX
  5
2CD
330
1CE
100
AcDbEntity
  8
outside2_T
100
AcDbVertex
100
AcDb2dVertex
 10
-100.5690367301701
 20
2.115029846629085
 30
0.0
  0
VERTEX
  5
2CE
330
1CE
100
AcDbEntity
  8
outside2_T
100
AcDbVertex
100
AcDb2dVertex
 10
-101.0092697092167
 20
2.124124183321754
 30
0.0
  0
VERTEX
  5
2CF
330
1CE
100
AcDbEntity
  8
outside2_T
100
AcDbVertex
100
AcDb2dVertex
 10
-101.4495512283351
 20
2.133211898756855
 30
0.0
  0
VERTEX
  5
2D0
330
1CE
100
AcDbEntity
  8
outside2_T
100
AcDbVertex
100
AcDb2dVertex
 10
-101.8898578402842
 20
2.142307598984075
 30
0.0
  0
VERTEX
  5
2D1
330
1CE
100
AcDbEntity
  8
outside2_T
100
AcDbVertex
100
AcDb2dVertex
 10
-102.3301889293148
 20
2.151401915223587
 30
0.0
  0
VERTEX
  5
2D2
330
1CE
100
AcDbEntity
  8
outside2_T
100
AcDbVertex
100
AcDb2dVertex
 10
-102.770475954927
 20
2.160398256179818
 30
0.0
  0
VERTEX
  5
2D3
330
1CE
100
AcDbEntity
  8
outside2_T
100
AcDbVertex
100
AcDb2dVertex
 10
-103.2107165569648
 20
2.169484969788741
 30
0.0
  0
VERTEX
  5
2D4
330
1CE
100
AcDbEntity
  8
outside2_T
100
AcDbVertex
100
AcDb2dVertex
 10
-103.6509527767973
 20
2.178381171841465
 30
0.0
  0
VERTEX
  5
2D5
330
1CE
100
AcDbEntity
  8
outside2_T
100
AcDbVertex
100
AcDb2dVertex
 10
-104.0914059634485
 20
2.187378726724234
 30
0.0
  0
VERTEX
  5
2D6
330
1CE
100
AcDbEntity
  8
outside2_T
100
AcDbVertex
100
AcDb2dVertex
 10
-104.5316370523915
 20
2.196366301643963
 30
0.0
  0
VERTEX
  5
2D7
330
1CE
100
AcDbEntity
  8
outside2_T
100
AcDbVertex
100
AcDb2dVertex
 10
-104.9718744427099
 20
2.205262527349603
 30
0.0
  0
VERTEX
  5
2D8
330
1CE
100
AcDbEntity
  8
outside2_T
100
AcDbVertex
100
AcDb2dVertex
 10
-105.4122084967372
 20
2.214150926694103
 30
0.0
  0
VERTEX
  5
2D9
330
1CE
100
AcDbEntity
  8
outside2_T
100
AcDbVertex
100
AcDb2dVertex
 10
-105.8525000884954
 20
2.222949134432426
 30
0.0
  0
VERTEX
  5
2DA
330
1CE
100
AcDbEntity
  8
outside2_T
100
AcDbVertex
100
AcDb2dVertex
 10
-106.2927891989123
 20
2.231838781233236
 30
0.0
  0
VERTEX
  5
2DB
330
1CE
100
AcDbEntity
  8
outside2_T
100
AcDbVertex
100
AcDb2dVertex
 10
-106.7331320912744
 20
2.240635881464968
 30
0.0
  0
VERTEX
  5
2DC
330
1CE
100
AcDbEntity
  8
outside2_T
100
AcDbVertex
100
AcDb2dVertex
 10
-107.173357577742
 20
2.249425145250385
 30
0.0
  0
VERTEX
  5
2DD
330
1CE
100
AcDbEntity
  8
outside2_T
100
AcDbVertex
100
AcDb2dVertex
 10
-107.6136885343977
 20
2.258115436450424
 30
0.0
  0
VERTEX
  5
2DE
330
1CE
100
AcDbEntity
  8
outside2_T
100
AcDbVertex
100
AcDb2dVertex
 10
-108.0539974191816
 20
2.266814721844398
 30
0.0
  0
VERTEX
  5
2DF
330
1CE
100
AcDbEntity
  8
outside2_T
100
AcDbVertex
100
AcDb2dVertex
 10
-108.4943759607452
 20
2.275505952054573
 30
0.0
  0
VERTEX
  5
2E0
330
1CE
100
AcDbEntity
  8
outside2_T
100
AcDbVertex
100
AcDb2dVertex
 10
-108.9346220302569
 20
2.284196373328598
 30
0.0
  0
VERTEX
  5
2E1
330
1CE
100
AcDbEntity
  8
outside2_T
100
AcDbVertex
100
AcDb2dVertex
 10
-109.3749574982073
 20
2.292795275876045
 30
0.0
  0
VERTEX
  5
2E2
330
1CE
100
AcDbEntity
  8
outside2_T
100
AcDbVertex
100
AcDb2dVertex
 10
-109.8152412573791
 20
2.301387480103401
 30
0.0
  0
VERTEX
  5
2E3
330
1CE
100
AcDbEntity
  8
outside2_T
100
AcDbVertex
100
AcDb2dVertex
 10
-110.2556359282863
 20
2.309979765848553
 30
0.0
  0
VERTEX
  5
2E4
330
1CE
100
AcDbEntity
  8
outside2_T
100
AcDbVertex
100
AcDb2dVertex
 10
-110.6959693073214
 20
2.318571004499091
 30
0.0
  0
VERTEX
  5
2E5
330
1CE
100
AcDbEntity
  8
outside2_T
100
AcDbVertex
100
AcDb2dVertex
 10
-111.1362034010194
 20
2.327063139224279
 30
0.0
  0
VERTEX
  5
2E6
330
1CE
100
AcDbEntity
  8
outside2_T
100
AcDbVertex
100
AcDb2dVertex
 10
-111.5765452389147
 20
2.335562916713769
 30
0.0
  0
VERTEX
  5
2E7
330
1CE
100
AcDbEntity
  8
outside2_T
100
AcDbVertex
100
AcDb2dVertex
 10
-112.0169313908905
 20
2.343956960536374
 30
0.0
  0
VERTEX
  5
2E8
330
1CE
100
AcDbEntity
  8
outside2_T
100
AcDbVertex
100
AcDb2dVertex
 10
-112.4571720012169
 20
2.352449073918024
 30
0.0
  0
VERTEX
  5
2E9
330
1CE
100
AcDbEntity
  8
outside2_T
100
AcDbVertex
100
AcDb2dVertex
 10
-112.8975029950149
 20
2.36074296656993
 30
0.0
  0
VERTEX
  5
2EA
330
1CE
100
AcDbEntity
  8
outside2_T
100
AcDbVertex
100
AcDb2dVertex
 10
-113.3378956645058
 20
2.369136989302248
 30
0.0
  0
VERTEX
  5
2EB
330
1CE
100
AcDbEntity
  8
outside2_T
100
AcDbVertex
100
AcDb2dVertex
 10
-113.7782234351018
 20
2.377423198235959
 30
0.0
  0
VERTEX
  5
2EC
330
1CE
100
AcDbEntity
  8
outside2_T
100
AcDbVertex
100
AcDb2dVertex
 10
-114.2185247654934
 20
2.385718398939503
 30
0.0
  0
VERTEX
  5
2ED
330
1CE
100
AcDbEntity
  8
outside2_T
100
AcDbVertex
100
AcDb2dVertex
 10
-114.6588622434974
 20
2.39401227013542
 30
0.0
  0
VERTEX
  5
2EE
330
1CE
100
AcDbEntity
  8
outside2_T
100
AcDbVertex
100
AcDb2dVertex
 10
-115.0991944245856
 20
2.402207085063139
 30
0.0
  0
VERTEX
  5
2EF
330
1CE
100
AcDbEntity
  8
outside2_T
100
AcDbVertex
100
AcDb2dVertex
 10
-115.5395296517675
 20
2.410401814812104
 30
0.0
  0
VERTEX
  5
2F0
330
1CE
100
AcDbEntity
  8
outside2_T
100
AcDbVertex
100
AcDb2dVertex
 10
-115.9798574187648
 20
2.418489825489942
 30
0.0
  0
VERTEX
  5
2F1
330
1CE
100
AcDbEntity
  8
outside2_T
100
AcDbVertex
100
AcDb2dVertex
 10
-116.4202557010954
 20
2.426586755556286
 30
0.0
  0
VERTEX
  5
2F2
330
1CE
100
AcDbEntity
  8
outside2_T
100
AcDbVertex
100
AcDb2dVertex
 10
-116.8606526205911
 20
2.434683520470486
 30
0.0
  0
VERTEX
  5
2F3
330
1CE
100
AcDbEntity
  8
outside2_T
100
AcDbVertex
100
AcDb2dVertex
 10
-117.3009793467705
 20
2.442779135019592
 30
0.0
  0
VERTEX
  5
2F4
330
1CE
100
AcDbEntity
  8
outside2_T
100
AcDbVertex
100
AcDb2dVertex
 10
-117.741387253592
 20
2.450767564435267
 30
0.0
  0
VERTEX
  5
2F5
330
1CE
100
AcDbEntity
  8
outside2_T
100
AcDbVertex
100
AcDb2dVertex
 10
-118.6220910377523
 20
2.466654644392236
 30
0.0
  0
VERTEX
  5
2F6
330
1CE
100
AcDbEntity
  8
outside2_T
100
AcDbVertex
100
AcDb2dVertex
 10
-119.5027910267307
 20
2.482343449410266
 30
0.0
  0
VERTEX
  5
2F7
330
1CE
100
AcDbEntity
  8
outside2_T
100
AcDbVertex
100
AcDb2dVertex
 10
-120.3836166452868
 20
2.497933620692478
 30
0.0
  0
VERTEX
  5
2F8
330
1CE
100
AcDbEntity
  8
outside2_T
100
AcDbVertex
100
AcDb2dVertex
 10
-121.2644086391875
 20
2.51341660513593
 30
0.0
  0
VERTEX
  5
2F9
330
1CE
100
AcDbEntity
  8
outside2_T
100
AcDbVertex
100
AcDb2dVertex
 10
-122.1451795391338
 20
2.528708507726307
 30
0.0
  0
VERTEX
  5
2FA
330
1CE
100
AcDbEntity
  8
outside2_T
100
AcDbVertex
100
AcDb2dVertex
 10
-123.025976949454
 20
2.543795041178143
 30
0.0
  0
VERTEX
  5
2FB
330
1CE
100
AcDbEntity
  8
outside2_T
100
AcDbVertex
100
AcDb2dVertex
 10
-123.9067765648487
 20
2.558782509101505
 30
0.0
  0
VERTEX
  5
2FC
330
1CE
100
AcDbEntity
  8
outside2_T
100
AcDbVertex
100
AcDb2dVertex
 10
-124.7875470251905
 20
2.573571280895365
 30
0.0
  0
VERTEX
  5
2FD
330
1CE
100
AcDbEntity
  8
outside2_T
100
AcDbVertex
100
AcDb2dVertex
 10
-125.6684148661217
 20
2.588161824174591
 30
0.0
  0
VERTEX
  5
2FE
330
1CE
100
AcDbEntity
  8
outside2_T
100
AcDbVertex
100
AcDb2dVertex
 10
-126.5492122828132
 20
2.602547013072765
 30
0.0
  0
VERTEX
  5
2FF
330
1CE
100
AcDbEntity
  8
outside2_T
100
AcDbVertex
100
AcDb2dVertex
 10
-127.4301105138468
 20
2.616833126673953
 30
0.0
  0
VERTEX
  5
300
330
1CE
100
AcDbEntity
  8
outside2_T
100
AcDbVertex
100
AcDb2dVertex
 10
-128.3109877425894
 20
2.630920575993898
 30
0.0
  0
VERTEX
  5
301
330
1CE
100
AcDbEntity
  8
outside2_T
100
AcDbVertex
100
AcDb2dVertex
 10
-129.1919466632872
 20
2.644809671000303
 30
0.0
  0
VERTEX
  5
302
330
1CE
100
AcDbEntity
  8
outside2_T
100
AcDbVertex
100
AcDb2dVertex
 10
-130.5132611692426
 20
2.665293098917743
 30
0.0
  0
VERTEX
  5
303
330
1CE
100
AcDbEntity
  8
outside2_T
100
AcDbVertex
100
AcDb2dVertex
 10
-132.2752434564118
 20
2.691974438255244
 30
0.0
  0
VERTEX
  5
304
330
1CE
100
AcDbEntity
  8
outside2_T
100
AcDbVertex
100
AcDb2dVertex
 10
-134.0371937364163
 20
2.717954079993532
 30
0.0
  0
VERTEX
  5
305
330
1CE
100
AcDbEntity
  8
outside2_T
100
AcDbVertex
100
AcDb2dVertex
 10
-135.7992364168518
 20
2.743133087951605
 30
0.0
  0
VERTEX
  5
306
330
1CE
100
AcDbEntity
  8
outside2_T
100
AcDbVertex
100
AcDb2dVertex
 10
-137.561271489335
 20
2.767511673522563
 30
0.0
  0
VERTEX
  5
307
330
1CE
100
AcDbEntity
  8
outside2_T
100
AcDbVertex
100
AcDb2dVertex
 10
-139.3234285538932
 20
2.791090040796519
 30
0.0
  0
VERTEX
  5
308
330
1CE
100
AcDbEntity
  8
outside2_T
100
AcDbVertex
100
AcDb2dVertex
 10
-141.0856618701274
 20
2.813974504744579
 30
0.0
  0
VERTEX
  5
309
330
1CE
100
AcDbEntity
  8
outside2_T
100
AcDbVertex
100
AcDb2dVertex
 10
-142.8478884749769
 20
2.835951644284748
 30
0.0
  0
VERTEX
  5
30A
330
1CE
100
AcDbEntity
  8
outside2_T
100
AcDbVertex
100
AcDb2dVertex
 10
-144.6102296490452
 20
2.857136176684065
 30
0.0
  0
VERTEX
  5
30B
330
1CE
100
AcDbEntity
  8
outside2_T
100
AcDbVertex
100
AcDb2dVertex
 10
-146.3725697484032
 20
2.877520273514236
 30
0.0
  0
VERTEX
  5
30C
330
1CE
100
AcDbEntity
  8
outside2_T
100
AcDbVertex
100
AcDb2dVertex
 10
-148.1349869914454
 20
2.897103788427387
 30
0.0
  0
VERTEX
  5
30D
330
1CE
100
AcDbEntity
  8
outside2_T
100
AcDbVertex
100
AcDb2dVertex
 10
-149.8973975276322
 20
2.915787636143165
 30
0.0
  0
VERTEX
  5
30E
330
1CE
100
AcDbEntity
  8
outside2_T
100
AcDbVertex
100
AcDb2dVertex
 10
-151.6599215277168
 20
2.933572120844147
 30
0.0
  0
VERTEX
  5
30F
330
1CE
100
AcDbEntity
  8
outside2_T
100
AcDbVertex
100
AcDb2dVertex
 10
-153.4224609829091
 20
2.950556338317227
 30
0.0
  0
VERTEX
  5
310
330
1CE
100
AcDbEntity
  8
outside2_T
100
AcDbVertex
100
AcDb2dVertex
 10
-155.1850699053908
 20
2.966747483489655
 30
0.0
  0
VERTEX
  5
311
330
1CE
100
AcDbEntity
  8
outside2_T
100
AcDbVertex
100
AcDb2dVertex
 10
-156.9475784973994
 20
2.981932388685692
 30
0.0
  0
VERTEX
  5
312
330
1CE
100
AcDbEntity
  8
outside2_T
100
AcDbVertex
100
AcDb2dVertex
 10
-158.7102951438367
 20
2.996316902960288
 30
0.0
  0
VERTEX
  5
313
330
1CE
100
AcDbEntity
  8
outside2_T
100
AcDbVertex
100
AcDb2dVertex
 10
-160.4728897598363
 20
3.0097103168806
 30
0.0
  0
VERTEX
  5
314
330
1CE
100
AcDbEntity
  8
outside2_T
100
AcDbVertex
100
AcDb2dVertex
 10
-162.2355977025452
 20
3.022196707943266
 30
0.0
  0
VERTEX
  5
315
330
1CE
100
AcDbEntity
  8
outside2_T
100
AcDbVertex
100
AcDb2dVertex
 10
-163.9983057480975
 20
3.033791214606495
 30
0.0
  0
VERTEX
  5
316
330
1CE
100
AcDbEntity
  8
outside2_T
100
AcDbVertex
100
AcDb2dVertex
 10
-165.7610020867834
 20
3.044478496153999
 30
0.0
  0
VERTEX
  5
317
330
1CE
100
AcDbEntity
  8
outside2_T
100
AcDbVertex
100
AcDb2dVertex
 10
-167.5237997549515
 20
3.054167192335157
 30
0.0
  0
VERTEX
  5
318
330
1CE
100
AcDbEntity
  8
outside2_T
100
AcDbVertex
100
AcDb2dVertex
 10
-169.2865925902069
 20
3.062964005013555
 30
0.0
  0
VERTEX
  5
319
330
1CE
100
AcDbEntity
  8
outside2_T
100
AcDbVertex
100
AcDb2dVertex
 10
-171.049389232736
 20
3.070754596465974
 30
0.0
  0
VERTEX
  5
31A
330
1CE
100
AcDbEntity
  8
outside2_T
100
AcDbVertex
100
AcDb2dVertex
 10
-172.8121715430747
 20
3.077653253942842
 30
0.0
  0
VERTEX
  5
31B
330
1CE
100
AcDbEntity
  8
outside2_T
100
AcDbVertex
100
AcDb2dVertex
 10
-174.5749489352023
 20
3.083446598020771
 30
0.0
  0
VERTEX
  5
31C
330
1CE
100
AcDbEntity
  8
outside2_T
100
AcDbVertex
100
AcDb2dVertex
 10
-176.3377140065716
 20
3.088340404416073
 30
0.0
  0
VERTEX
  5
31D
330
1CE
100
AcDbEntity
  8
outside2_T
100
AcDbVertex
100
AcDb2dVertex
 10
-178.541328084877
 20
3.092936992168632
 30
0.0
  0
VERTEX
  5
31E
330
1CE
100
AcDbEntity
  8
outside2_T
100
AcDbVertex
100
AcDb2dVertex
 10
-180.7448308884198
 20
3.096031863714387
 30
0.0
  0
VERTEX
  5
31F
330
1CE
100
AcDbEntity
  8
outside2_T
100
AcDbVertex
100
AcDb2dVertex
 10
-182.948161303335
 20
3.097533444985558
 30
0.0
  0
VERTEX
  5
320
330
1CE
100
AcDbEntity
  8
outside2_T
100
AcDbVertex
100
AcDb2dVertex
 10
-183.3878814122616
 20
3.097236223517783
 30
0.0
  0
VERTEX
  5
321
330
1CE
100
AcDbEntity
  8
outside2_T
100
AcDbVertex
100
AcDb2dVertex
 10
-183.3998444075873
 20
3.097236223517783
 30
0.0
  0
SEQEND
  5
322
330
1CE
100
AcDbEntity
  8
outside2_T
  0
POLYLINE
  5
323
330
1F
100
AcDbEntity
  8
outside2_T
100
AcDb2dPolyline
 66
     1
 10
0.0
 20
0.0
 30
0.0
  0
VERTEX
  5
324
330
323
100
AcDbEntity
  8
outside2_T
100
AcDbVertex
100
AcDb2dVertex
 10
-73.68619815288326
 20
-0.0399792031999766
 30
0.0
  0
VERTEX
  5
325
330
323
100
AcDbEntity
  8
outside2_T
100
AcDbVertex
100
AcDb2dVertex
 10
-75.89106387100884
 20
-0.0390794820833378
 30
0.0
  0
VERTEX
  5
326
330
323
100
AcDbEntity
  8
outside2_T
100
AcDbVertex
100
AcDb2dVertex
 10
-78.09619393143504
 20
-0.0364792367357296
 30
0.0
  0
VERTEX
  5
327
330
323
100
AcDbEntity
  8
outside2_T
100
AcDbVertex
100
AcDb2dVertex
 10
-80.30120668095702
 20
-0.032384441817527
 30
0.0
  0
VERTEX
  5
328
330
323
100
AcDbEntity
  8
outside2_T
100
AcDbVertex
100
AcDb2dVertex
 10
-82.50623374486855
 20
-0.0266807075562383
 30
0.0
  0
VERTEX
  5
329
330
323
100
AcDbEntity
  8
outside2_T
100
AcDbVertex
100
AcDb2dVertex
 10
-84.71135234028253
 20
-0.0194900371336786
 30
0.0
  0
VERTEX
  5
32A
330
323
100
AcDbEntity
  8
outside2_T
100
AcDbVertex
100
AcDb2dVertex
 10
-86.9163535846904
 20
-0.0106904678974473
 30
0.0
  0
VERTEX
  5
32B
330
323
100
AcDbEntity
  8
outside2_T
100
AcDbVertex
100
AcDb2dVertex
 10
-89.1214750725465
 20
-0.000495481178632
 30
0.0
  0
VERTEX
  5
32C
330
323
100
AcDbEntity
  8
outside2_T
100
AcDbVertex
100
AcDb2dVertex
 10
-91.32647550826124
 20
0.0112931921748043
 30
0.0
  0
VERTEX
  5
32D
330
323
100
AcDbEntity
  8
outside2_T
100
AcDbVertex
100
AcDb2dVertex
 10
-93.53145790415869
 20
0.0244847167515303
 30
0.0
  0
VERTEX
  5
32E
330
323
100
AcDbEntity
  8
outside2_T
100
AcDbVertex
100
AcDb2dVertex
 10
-95.29540000119101
 20
0.0360827763447844
 30
0.0
  0
VERTEX
  5
32F
330
323
100
AcDbEntity
  8
outside2_T
100
AcDbVertex
100
AcDb2dVertex
 10
-97.05933745518706
 20
0.0485728535057461
 30
0.0
  0
VERTEX
  5
330
330
323
100
AcDbEntity
  8
outside2_T
100
AcDbVertex
100
AcDb2dVertex
 10
-98.8232741105474
 20
0.0619704391999392
 30
0.0
  0
VERTEX
  5
331
330
323
100
AcDbEntity
  8
outside2_T
100
AcDbVertex
100
AcDb2dVertex
 10
-100.5871037095723
 20
0.0763591821029905
 30
0.0
  0
VERTEX
  5
332
330
323
100
AcDbEntity
  8
outside2_T
100
AcDbVertex
100
AcDb2dVertex
 10
-102.3510204471195
 20
0.0915484672388516
 30
0.0
  0
VERTEX
  5
333
330
323
100
AcDbEntity
  8
outside2_T
100
AcDbVertex
100
AcDb2dVertex
 10
-104.114752175025
 20
0.1076452652812776
 30
0.0
  0
VERTEX
  5
334
330
323
100
AcDbEntity
  8
outside2_T
100
AcDbVertex
100
AcDb2dVertex
 10
-105.8785674825256
 20
0.1246340620143798
 30
0.0
  0
VERTEX
  5
335
330
323
100
AcDbEntity
  8
outside2_T
100
AcDbVertex
100
AcDb2dVertex
 10
-107.6422774304861
 20
0.1424235117752488
 30
0.0
  0
VERTEX
  5
336
330
323
100
AcDbEntity
  8
outside2_T
100
AcDbVertex
100
AcDb2dVertex
 10
-109.4058957432805
 20
0.1611127265474437
 30
0.0
  0
VERTEX
  5
337
330
323
100
AcDbEntity
  8
outside2_T
100
AcDbVertex
100
AcDb2dVertex
 10
-111.1695139314695
 20
0.180602579498327
 30
0.0
  0
VERTEX
  5
338
330
323
100
AcDbEntity
  8
outside2_T
100
AcDbVertex
100
AcDb2dVertex
 10
-112.9331235487501
 20
0.2009921878091774
 30
0.0
  0
VERTEX
  5
339
330
323
100
AcDbEntity
  8
outside2_T
100
AcDbVertex
100
AcDb2dVertex
 10
-114.6966143009456
 20
0.2221744813774933
 30
0.0
  0
VERTEX
  5
33A
330
323
100
AcDbEntity
  8
outside2_T
100
AcDbVertex
100
AcDb2dVertex
 10
-116.4600269999913
 20
0.2440662576623254
 30
0.0
  0
VERTEX
  5
33B
330
323
100
AcDbEntity
  8
outside2_T
100
AcDbVertex
100
AcDb2dVertex
 10
-118.2233480405311
 20
0.2669493000823024
 30
0.0
  0
VERTEX
  5
33C
330
323
100
AcDbEntity
  8
outside2_T
100
AcDbVertex
100
AcDb2dVertex
 10
-119.9866182951239
 20
0.2905409029697097
 30
0.0
  0
VERTEX
  5
33D
330
323
100
AcDbEntity
  8
outside2_T
100
AcDbVertex
100
AcDb2dVertex
 10
-121.7499165009725
 20
0.3148267615021467
 30
0.0
  0
VERTEX
  5
33E
330
323
100
AcDbEntity
  8
outside2_T
100
AcDbVertex
100
AcDb2dVertex
 10
-123.5130175903857
 20
0.3400123949066938
 30
0.0
  0
VERTEX
  5
33F
330
323
100
AcDbEntity
  8
outside2_T
100
AcDbVertex
100
AcDb2dVertex
 10
-125.2761030627432
 20
0.3658993062076377
 30
0.0
  0
VERTEX
  5
340
330
323
100
AcDbEntity
  8
outside2_T
100
AcDbVertex
100
AcDb2dVertex
 10
-127.0391053057487
 20
0.3925794591773411
 30
0.0
  0
VERTEX
  5
341
330
323
100
AcDbEntity
  8
outside2_T
100
AcDbVertex
100
AcDb2dVertex
 10
-128.801865646553
 20
0.4200671899064048
 30
0.0
  0
VERTEX
  5
342
330
323
100
AcDbEntity
  8
outside2_T
100
AcDbVertex
100
AcDb2dVertex
 10
-129.6833548419651
 20
0.4340589608662242
 30
0.0
  0
VERTEX
  5
343
330
323
100
AcDbEntity
  8
outside2_T
100
AcDbVertex
100
AcDb2dVertex
 10
-130.5647525737509
 20
0.4481501004636073
 30
0.0
  0
VERTEX
  5
344
330
323
100
AcDbEntity
  8
outside2_T
100
AcDbVertex
100
AcDb2dVertex
 10
-131.4460524023421
 20
0.4625386379708658
 30
0.0
  0
VERTEX
  5
345
330
323
100
AcDbEntity
  8
outside2_T
100
AcDbVertex
100
AcDb2dVertex
 10
-132.3274303459727
 20
0.4770334557439355
 30
0.0
  0
VERTEX
  5
346
330
323
100
AcDbEntity
  8
outside2_T
100
AcDbVertex
100
AcDb2dVertex
 10
-133.2087285239016
 20
0.4917269691751756
 30
0.0
  0
VERTEX
  5
347
330
323
100
AcDbEntity
  8
outside2_T
100
AcDbVertex
100
AcDb2dVertex
 10
-134.0900261550719
 20
0.5066187252353131
 30
0.0
  0
VERTEX
  5
348
330
323
100
AcDbEntity
  8
outside2_T
100
AcDbVertex
100
AcDb2dVertex
 10
-134.971302777795
 20
0.5217082427674882
 30
0.0
  0
VERTEX
  5
349
330
323
100
AcDbEntity
  8
outside2_T
100
AcDbVertex
100
AcDb2dVertex
 10
-135.8525436419887
 20
0.5368963980679666
 30
0.0
  0
VERTEX
  5
34A
330
323
100
AcDbEntity
  8
outside2_T
100
AcDbVertex
100
AcDb2dVertex
 10
-136.7337449073671
 20
0.5521847055034073
 30
0.0
  0
VERTEX
  5
34B
330
323
100
AcDbEntity
  8
outside2_T
100
AcDbVertex
100
AcDb2dVertex
 10
-137.6149170060067
 20
0.5677775004579644
 30
0.0
  0
VERTEX
  5
34C
330
323
100
AcDbEntity
  8
outside2_T
100
AcDbVertex
100
AcDb2dVertex
 10
-138.4960944831336
 20
0.5833702556625155
 30
0.0
  0
VERTEX
  5
34D
330
323
100
AcDbEntity
  8
outside2_T
100
AcDbVertex
100
AcDb2dVertex
 10
-139.3772930846831
 20
0.599260897249394
 30
0.0
  0
VERTEX
  5
34E
330
323
100
AcDbEntity
  8
outside2_T
100
AcDbVertex
100
AcDb2dVertex
 10
-140.258405633715
 20
0.6152491032556497
 30
0.0
  0
VERTEX
  5
34F
330
323
100
AcDbEntity
  8
outside2_T
100
AcDbVertex
100
AcDb2dVertex
 10
-140.6989525921708
 20
0.6232478182529917
 30
0.0
  0
VERTEX
  5
350
330
323
100
AcDbEntity
  8
outside2_T
100
AcDbVertex
100
AcDb2dVertex
 10
-141.1395016424694
 20
0.6313379326993243
 30
0.0
  0
VERTEX
  5
351
330
323
100
AcDbEntity
  8
outside2_T
100
AcDbVertex
100
AcDb2dVertex
 10
-141.5801621474032
 20
0.6394358986741224
 30
0.0
  0
VERTEX
  5
352
330
323
100
AcDbEntity
  8
outside2_T
100
AcDbVertex
100
AcDb2dVertex
 10
-142.0207092001907
 20
0.6476328676880172
 30
0.0
  0
VERTEX
  5
353
330
323
100
AcDbEntity
  8
outside2_T
100
AcDbVertex
100
AcDb2dVertex
 10
-142.4612052307322
 20
0.6558287455084439
 30
0.0
  0
VERTEX
  5
354
330
323
100
AcDbEntity
  8
outside2_T
100
AcDbVertex
100
AcDb2dVertex
 10
-142.9017468178693
 20
0.6640179877601895
 30
0.0
  0
VERTEX
  5
355
330
323
100
AcDbEntity
  8
outside2_T
100
AcDbVertex
100
AcDb2dVertex
 10
-143.3423046873074
 20
0.672314143011377
 30
0.0
  0
VERTEX
  5
356
330
323
100
AcDbEntity
  8
outside2_T
100
AcDbVertex
100
AcDb2dVertex
 10
-143.7827934240641
 20
0.6806091399926544
 30
0.0
  0
VERTEX
  5
357
330
323
100
AcDbEntity
  8
outside2_T
100
AcDbVertex
100
AcDb2dVertex
 10
-144.2232894526226
 20
0.6889041307168071
 30
0.0
  0
VERTEX
  5
358
330
323
100
AcDbEntity
  8
outside2_T
100
AcDbVertex
100
AcDb2dVertex
 10
-144.6638354513928
 20
0.6972002060190192
 30
0.0
  0
VERTEX
  5
359
330
323
100
AcDbEntity
  8
outside2_T
100
AcDbVertex
100
AcDb2dVertex
 10
-145.1044474430096
 20
0.7055965194788882
 30
0.0
  0
VERTEX
  5
35A
330
323
100
AcDbEntity
  8
outside2_T
100
AcDbVertex
100
AcDb2dVertex
 10
-145.5448369006517
 20
0.714089739287644
 30
0.0
  0
VERTEX
  5
35B
330
323
100
AcDbEntity
  8
outside2_T
100
AcDbVertex
100
AcDb2dVertex
 10
-145.9853319893628
 20
0.7224838250427155
 30
0.0
  0
VERTEX
  5
35C
330
323
100
AcDbEntity
  8
outside2_T
100
AcDbVertex
100
AcDb2dVertex
 10
-146.425877989128
 20
0.7309781521636296
 30
0.0
  0
VERTEX
  5
35D
330
323
100
AcDbEntity
  8
outside2_T
100
AcDbVertex
100
AcDb2dVertex
 10
-146.8664369742191
 20
0.7394725826357984
 30
0.0
  0
VERTEX
  5
35E
330
323
100
AcDbEntity
  8
outside2_T
100
AcDbVertex
100
AcDb2dVertex
 10
-147.3068893920725
 20
0.7480737689893147
 30
0.0
  0
VERTEX
  5
35F
330
323
100
AcDbEntity
  8
outside2_T
100
AcDbVertex
100
AcDb2dVertex
 10
-147.7473743528581
 20
0.7566658825232935
 30
0.0
  0
VERTEX
  5
360
330
323
100
AcDbEntity
  8
outside2_T
100
AcDbVertex
100
AcDb2dVertex
 10
-148.1877662202704
 20
0.7652582623208275
 30
0.0
  0
VERTEX
  5
361
330
323
100
AcDbEntity
  8
outside2_T
100
AcDbVertex
100
AcDb2dVertex
 10
-148.6283218460723
 20
0.7738517543669587
 30
0.0
  0
VERTEX
  5
362
330
323
100
AcDbEntity
  8
outside2_T
100
AcDbVertex
100
AcDb2dVertex
 10
-149.0688722572829
 20
0.7825520454773027
 30
0.0
  0
VERTEX
  5
363
330
323
100
AcDbEntity
  8
outside2_T
100
AcDbVertex
100
AcDb2dVertex
 10
-149.5092626062357
 20
0.7912433583233138
 30
0.0
  0
VERTEX
  5
364
330
323
100
AcDbEntity
  8
outside2_T
100
AcDbVertex
100
AcDb2dVertex
 10
-149.9497127721893
 20
0.7999360022162136
 30
0.0
  0
VERTEX
  5
365
330
323
100
AcDbEntity
  8
outside2_T
100
AcDbVertex
100
AcDb2dVertex
 10
-150.3902695007981
 20
0.8087353940990454
 30
0.0
  0
VERTEX
  5
366
330
323
100
AcDbEntity
  8
outside2_T
100
AcDbVertex
100
AcDb2dVertex
 10
-150.8306526019251
 20
0.817525825920626
 30
0.0
  0
VERTEX
  5
367
330
323
100
AcDbEntity
  8
outside2_T
100
AcDbVertex
100
AcDb2dVertex
 10
-151.2711463313665
 20
0.8263163354607883
 30
0.0
  0
VERTEX
  5
368
330
323
100
AcDbEntity
  8
outside2_T
100
AcDbVertex
100
AcDb2dVertex
 10
-151.7115999322896
 20
0.8351157996202403
 30
0.0
  0
VERTEX
  5
369
330
323
100
AcDbEntity
  8
outside2_T
100
AcDbVertex
100
AcDb2dVertex
 10
-152.1520498678948
 20
0.8440065382276174
 30
0.0
  0
VERTEX
  5
36A
330
323
100
AcDbEntity
  8
outside2_T
100
AcDbVertex
100
AcDb2dVertex
 10
-152.5924483274102
 20
0.8529040158112338
 30
0.0
  0
VERTEX
  5
36B
330
323
100
AcDbEntity
  8
outside2_T
100
AcDbVertex
100
AcDb2dVertex
 10
-153.0328982625014
 20
0.8618023793984122
 30
0.0
  0
VERTEX
  5
36C
330
323
100
AcDbEntity
  8
outside2_T
100
AcDbVertex
100
AcDb2dVertex
 10
-153.4732866507725
 20
0.8707911422703489
 30
0.0
  0
VERTEX
  5
36D
330
323
100
AcDbEntity
  8
outside2_T
100
AcDbVertex
100
AcDb2dVertex
 10
-153.9137751313149
 20
0.8796884362469655
 30
0.0
  0
VERTEX
  5
36E
330
323
100
AcDbEntity
  8
outside2_T
100
AcDbVertex
100
AcDb2dVertex
 10
-154.3542880791236
 20
0.8886795858464893
 30
0.0
  0
VERTEX
  5
36F
330
323
100
AcDbEntity
  8
outside2_T
100
AcDbVertex
100
AcDb2dVertex
 10
-154.7946819484917
 20
0.89777519871555
 30
0.0
  0
VERTEX
  5
370
330
323
100
AcDbEntity
  8
outside2_T
100
AcDbVertex
100
AcDb2dVertex
 10
-155.2350790302096
 20
0.9067716074896452
 30
0.0
  0
VERTEX
  5
371
330
323
100
AcDbEntity
  8
outside2_T
100
AcDbVertex
100
AcDb2dVertex
 10
-155.6755259312162
 20
0.9158683156402105
 30
0.0
  0
VERTEX
  5
372
330
323
100
AcDbEntity
  8
outside2_T
100
AcDbVertex
100
AcDb2dVertex
 10
-156.1158172618539
 20
0.9249560762612248
 30
0.0
  0
VERTEX
  5
373
330
323
100
AcDbEntity
  8
outside2_T
100
AcDbVertex
100
AcDb2dVertex
 10
-156.5562133575849
 20
0.9340517350689339
 30
0.0
  0
VERTEX
  5
374
330
323
100
AcDbEntity
  8
outside2_T
100
AcDbVertex
100
AcDb2dVertex
 10
-156.9966600758298
 20
0.9431484394448546
 30
0.0
  0
VERTEX
  5
375
330
323
100
AcDbEntity
  8
outside2_T
100
AcDbVertex
100
AcDb2dVertex
 10
-157.4371144178941
 20
0.9523442696596902
 30
0.0
  0
VERTEX
  5
376
330
323
100
AcDbEntity
  8
outside2_T
100
AcDbVertex
100
AcDb2dVertex
 10
-157.8775040597517
 20
0.9615389082359087
 30
0.0
  0
VERTEX
  5
377
330
323
100
AcDbEntity
  8
outside2_T
100
AcDbVertex
100
AcDb2dVertex
 10
-158.3178921339667
 20
0.9707257309080148
 30
0.0
  0
VERTEX
  5
378
330
323
100
AcDbEntity
  8
outside2_T
100
AcDbVertex
100
AcDb2dVertex
 10
-158.7583491616185
 20
0.9799217763133754
 30
0.0
  0
VERTEX
  5
379
330
323
100
AcDbEntity
  8
outside2_T
100
AcDbVertex
100
AcDb2dVertex
 10
-159.1986980684824
 20
0.9892167601656183
 30
0.0
  0
VERTEX
  5
37A
330
323
100
AcDbEntity
  8
outside2_T
100
AcDbVertex
100
AcDb2dVertex
 10
-159.6390352843248
 20
0.9985092445109984
 30
0.0
  0
VERTEX
  5
37B
330
323
100
AcDbEntity
  8
outside2_T
100
AcDbVertex
100
AcDb2dVertex
 10
-160.0794833157555
 20
1.007705102169112
 30
0.0
  0
VERTEX
  5
37C
330
323
100
AcDbEntity
  8
outside2_T
100
AcDbVertex
100
AcDb2dVertex
 10
-160.5198386358446
 20
1.01709918632956
 30
0.0
  0
VERTEX
  5
37D
330
323
100
AcDbEntity
  8
outside2_T
100
AcDbVertex
100
AcDb2dVertex
 10
-160.9601696130522
 20
1.026391699897346
 30
0.0
  0
VERTEX
  5
37E
330
323
100
AcDbEntity
  8
outside2_T
100
AcDbVertex
100
AcDb2dVertex
 10
-161.4005184252762
 20
1.035686681746142
 30
0.0
  0
VERTEX
  5
37F
330
323
100
AcDbEntity
  8
outside2_T
100
AcDbVertex
100
AcDb2dVertex
 10
-161.8409715531549
 20
1.045080737793981
 30
0.0
  0
VERTEX
  5
380
330
323
100
AcDbEntity
  8
outside2_T
100
AcDbVertex
100
AcDb2dVertex
 10
-162.2812645329547
 20
1.054473654689559
 30
0.0
  0
VERTEX
  5
381
330
323
100
AcDbEntity
  8
outside2_T
100
AcDbVertex
100
AcDb2dVertex
 10
-162.7216589795342
 20
1.063866459166263
 30
0.0
  0
VERTEX
  5
382
330
323
100
AcDbEntity
  8
outside2_T
100
AcDbVertex
100
AcDb2dVertex
 10
-163.1621116245522
 20
1.073260667546378
 30
0.0
  0
VERTEX
  5
383
330
323
100
AcDbEntity
  8
outside2_T
100
AcDbVertex
100
AcDb2dVertex
 10
-163.6024030985288
 20
1.082760289651574
 30
0.0
  0
VERTEX
  5
384
330
323
100
AcDbEntity
  8
outside2_T
100
AcDbVertex
100
AcDb2dVertex
 10
-164.0426954183509
 20
1.092153029829603
 30
0.0
  0
VERTEX
  5
385
330
323
100
AcDbEntity
  8
outside2_T
100
AcDbVertex
100
AcDb2dVertex
 10
-164.4831410966573
 20
1.101646215250909
 30
0.0
  0
VERTEX
  5
386
330
323
100
AcDbEntity
  8
outside2_T
100
AcDbVertex
100
AcDb2dVertex
 10
-164.9234376309717
 20
1.111138240166724
 30
0.0
  0
VERTEX
  5
387
330
323
100
AcDbEntity
  8
outside2_T
100
AcDbVertex
100
AcDb2dVertex
 10
-165.3638284279536
 20
1.120630160529871
 30
0.0
  0
VERTEX
  5
388
330
323
100
AcDbEntity
  8
outside2_T
100
AcDbVertex
100
AcDb2dVertex
 10
-165.8041830671272
 20
1.130123520276996
 30
0.0
  0
VERTEX
  5
389
330
323
100
AcDbEntity
  8
outside2_T
100
AcDbVertex
100
AcDb2dVertex
 10
-166.2444759399496
 20
1.139722203004993
 30
0.0
  0
VERTEX
  5
38A
330
323
100
AcDbEntity
  8
outside2_T
100
AcDbVertex
100
AcDb2dVertex
 10
-166.6848648452867
 20
1.149214082602754
 30
0.0
  0
VERTEX
  5
38B
330
323
100
AcDbEntity
  8
outside2_T
100
AcDbVertex
100
AcDb2dVertex
 10
-167.1252138358552
 20
1.158806446760934
 30
0.0
  0
VERTEX
  5
38C
330
323
100
AcDbEntity
  8
outside2_T
100
AcDbVertex
100
AcDb2dVertex
 10
-167.5655078964389
 20
1.168397531309381
 30
0.0
  0
VERTEX
  5
38D
330
323
100
AcDbEntity
  8
outside2_T
100
AcDbVertex
100
AcDb2dVertex
 10
-168.0058108779238
 20
1.177996434336649
 30
0.0
  0
VERTEX
  5
38E
330
323
100
AcDbEntity
  8
outside2_T
100
AcDbVertex
100
AcDb2dVertex
 10
-168.4461928243035
 20
1.18758727424904
 30
0.0
  0
VERTEX
  5
38F
330
323
100
AcDbEntity
  8
outside2_T
100
AcDbVertex
100
AcDb2dVertex
 10
-168.8864857636
 20
1.197178417404956
 30
0.0
  0
VERTEX
  5
390
330
323
100
AcDbEntity
  8
outside2_T
100
AcDbVertex
100
AcDb2dVertex
 10
-169.3268415975267
 20
1.2067784726529
 30
0.0
  0
VERTEX
  5
391
330
323
100
AcDbEntity
  8
outside2_T
100
AcDbVertex
100
AcDb2dVertex
 10
-169.7671313899012
 20
1.216468576220976
 30
0.0
  0
VERTEX
  5
392
330
323
100
AcDbEntity
  8
outside2_T
100
AcDbVertex
100
AcDb2dVertex
 10
-170.2074261469166
 20
1.226059758979858
 30
0.0
  0
VERTEX
  5
393
330
323
100
AcDbEntity
  8
outside2_T
100
AcDbVertex
100
AcDb2dVertex
 10
-170.6477820286161
 20
1.235758942216734
 30
0.0
  0
VERTEX
  5
394
330
323
100
AcDbEntity
  8
outside2_T
100
AcDbVertex
100
AcDb2dVertex
 10
-171.0880636456934
 20
1.245448949679755
 30
0.0
  0
VERTEX
  5
395
330
323
100
AcDbEntity
  8
outside2_T
100
AcDbVertex
100
AcDb2dVertex
 10
-171.5283577053067
 20
1.25513914716322
 30
0.0
  0
VERTEX
  5
396
330
323
100
AcDbEntity
  8
outside2_T
100
AcDbVertex
100
AcDb2dVertex
 10
-171.9686606866612
 20
1.264837165152159
 30
0.0
  0
VERTEX
  5
397
330
323
100
AcDbEntity
  8
outside2_T
100
AcDbVertex
100
AcDb2dVertex
 10
-172.4090426073895
 20
1.274527114929214
 30
0.0
  0
VERTEX
  5
398
330
323
100
AcDbEntity
  8
outside2_T
100
AcDbVertex
100
AcDb2dVertex
 10
-172.8492478126053
 20
1.284225246282986
 30
0.0
  0
VERTEX
  5
399
330
323
100
AcDbEntity
  8
outside2_T
100
AcDbVertex
100
AcDb2dVertex
 10
-173.2895910164473
 20
1.29391652522699
 30
0.0
  0
VERTEX
  5
39A
330
323
100
AcDbEntity
  8
outside2_T
100
AcDbVertex
100
AcDb2dVertex
 10
-173.7299855974017
 20
1.303713491070937
 30
0.0
  0
VERTEX
  5
39B
330
323
100
AcDbEntity
  8
outside2_T
100
AcDbVertex
100
AcDb2dVertex
 10
-174.1701736928415
 20
1.313403621651048
 30
0.0
  0
VERTEX
  5
39C
330
323
100
AcDbEntity
  8
outside2_T
100
AcDbVertex
100
AcDb2dVertex
 10
-174.6104709992263
 20
1.323193004278011
 30
0.0
  0
VERTEX
  5
39D
330
323
100
AcDbEntity
  8
outside2_T
100
AcDbVertex
100
AcDb2dVertex
 10
-175.0507613438893
 20
1.332890827973443
 30
0.0
  0
VERTEX
  5
39E
330
323
100
AcDbEntity
  8
outside2_T
100
AcDbVertex
100
AcDb2dVertex
 10
-175.4911083994922
 20
1.342681316703306
 30
0.0
  0
VERTEX
  5
39F
330
323
100
AcDbEntity
  8
outside2_T
100
AcDbVertex
100
AcDb2dVertex
 10
-175.931411380715
 20
1.352478449653816
 30
0.0
  0
VERTEX
  5
3A0
330
323
100
AcDbEntity
  8
outside2_T
100
AcDbVertex
100
AcDb2dVertex
 10
-176.3716929989378
 20
1.362267568155701
 30
0.0
  0
VERTEX
  5
3A1
330
323
100
AcDbEntity
  8
outside2_T
100
AcDbVertex
100
AcDb2dVertex
 10
-176.811995882081
 20
1.372064698925556
 30
0.0
  0
VERTEX
  5
3A2
330
323
100
AcDbEntity
  8
outside2_T
100
AcDbVertex
100
AcDb2dVertex
 10
-177.2522775003033
 20
1.381853817427412
 30
0.0
  0
VERTEX
  5
3A3
330
323
100
AcDbEntity
  8
outside2_T
100
AcDbVertex
100
AcDb2dVertex
 10
-177.6925803834465
 20
1.391650948197267
 30
0.0
  0
VERTEX
  5
3A4
330
323
100
AcDbEntity
  8
outside2_T
100
AcDbVertex
100
AcDb2dVertex
 10
-178.1328657156045
 20
1.401440064517971
 30
0.0
  0
VERTEX
  5
3A5
330
323
100
AcDbEntity
  8
outside2_T
100
AcDbVertex
100
AcDb2dVertex
 10
-178.5730684232142
 20
1.411237256471452
 30
0.0
  0
VERTEX
  5
3A6
330
323
100
AcDbEntity
  8
outside2_T
100
AcDbVertex
100
AcDb2dVertex
 10
-179.0133511039767
 20
1.421026313789341
 30
0.0
  0
VERTEX
  5
3A7
330
323
100
AcDbEntity
  8
outside2_T
100
AcDbVertex
100
AcDb2dVertex
 10
-179.4536540852367
 20
1.430823446740689
 30
0.0
  0
VERTEX
  5
3A8
330
323
100
AcDbEntity
  8
outside2_T
100
AcDbVertex
100
AcDb2dVertex
 10
-179.8939974259151
 20
1.440613937565217
 30
0.0
  0
VERTEX
  5
3A9
330
323
100
AcDbEntity
  8
outside2_T
100
AcDbVertex
100
AcDb2dVertex
 10
-180.3342972714996
 20
1.450510115080021
 30
0.0
  0
VERTEX
  5
3AA
330
323
100
AcDbEntity
  8
outside2_T
100
AcDbVertex
100
AcDb2dVertex
 10
-180.774432469706
 20
1.460305804667215
 30
0.0
  0
VERTEX
  5
3AB
330
323
100
AcDbEntity
  8
outside2_T
100
AcDbVertex
100
AcDb2dVertex
 10
-181.2147769219302
 20
1.470096235385441
 30
0.0
  0
VERTEX
  5
3AC
330
323
100
AcDbEntity
  8
outside2_T
100
AcDbVertex
100
AcDb2dVertex
 10
-181.6550711277211
 20
1.479992286140273
 30
0.0
  0
VERTEX
  5
3AD
330
323
100
AcDbEntity
  8
outside2_T
100
AcDbVertex
100
AcDb2dVertex
 10
-182.0952997499356
 20
1.489780226416002
 30
0.0
  0
VERTEX
  5
3AE
330
323
100
AcDbEntity
  8
outside2_T
100
AcDbVertex
100
AcDb2dVertex
 10
-182.5355577932135
 20
1.499578565076391
 30
0.0
  0
VERTEX
  5
3AF
330
323
100
AcDbEntity
  8
outside2_T
100
AcDbVertex
100
AcDb2dVertex
 10
-182.9758468612518
 20
1.50946696198109
 30
0.0
  0
VERTEX
  5
3B0
330
323
100
AcDbEntity
  8
outside2_T
100
AcDbVertex
100
AcDb2dVertex
 10
-183.4161409684312
 20
1.519263897552662
 30
0.0
  0
VERTEX
  5
3B1
330
323
100
AcDbEntity
  8
outside2_T
100
AcDbVertex
100
AcDb2dVertex
 10
-183.8564364508514
 20
1.529152352902798
 30
0.0
  0
VERTEX
  5
3B2
330
323
100
AcDbEntity
  8
outside2_T
100
AcDbVertex
100
AcDb2dVertex
 10
-184.2965760612497
 20
1.538948140688134
 30
0.0
  0
VERTEX
  5
3B3
330
323
100
AcDbEntity
  8
outside2_T
100
AcDbVertex
100
AcDb2dVertex
 10
-184.736920563084
 20
1.548738572509379
 30
0.0
  0
VERTEX
  5
3B4
330
323
100
AcDbEntity
  8
outside2_T
100
AcDbVertex
100
AcDb2dVertex
 10
-185.1772153199905
 20
1.558634721331288
 30
0.0
  0
VERTEX
  5
3B5
330
323
100
AcDbEntity
  8
outside2_T
100
AcDbVertex
100
AcDb2dVertex
 10
-185.6175063529265
 20
1.5684315884982
 30
0.0
  0
VERTEX
  5
3B6
330
323
100
AcDbEntity
  8
outside2_T
100
AcDbVertex
100
AcDb2dVertex
 10
-186.0576975846124
 20
1.57832001407445
 30
0.0
  0
VERTEX
  5
3B7
330
323
100
AcDbEntity
  8
outside2_T
100
AcDbVertex
100
AcDb2dVertex
 10
-186.4979374563084
 20
1.588115742858264
 30
0.0
  0
VERTEX
  5
3B8
330
323
100
AcDbEntity
  8
outside2_T
100
AcDbVertex
100
AcDb2dVertex
 10
-186.9382227884449
 20
1.597904859178485
 30
0.0
  0
VERTEX
  5
3B9
330
323
100
AcDbEntity
  8
outside2_T
100
AcDbVertex
100
AcDb2dVertex
 10
-187.378477117369
 20
1.607703200020723
 30
0.0
  0
VERTEX
  5
3BA
330
323
100
AcDbEntity
  8
outside2_T
100
AcDbVertex
100
AcDb2dVertex
 10
-187.8187699975084
 20
1.61759159692707
 30
0.0
  0
VERTEX
  5
3BB
330
323
100
AcDbEntity
  8
outside2_T
100
AcDbVertex
100
AcDb2dVertex
 10
-188.2590074442392
 20
1.627387356564284
 30
0.0
  0
VERTEX
  5
3BC
330
323
100
AcDbEntity
  8
outside2_T
100
AcDbVertex
100
AcDb2dVertex
 10
-188.6992926781974
 20
1.637176470699941
 30
0.0
  0
VERTEX
  5
3BD
330
323
100
AcDbEntity
  8
outside2_T
100
AcDbVertex
100
AcDb2dVertex
 10
-189.1394953858076
 20
1.646973662653437
 30
0.0
  0
VERTEX
  5
3BE
330
323
100
AcDbEntity
  8
outside2_T
100
AcDbVertex
100
AcDb2dVertex
 10
-189.5797780665702
 20
1.656762719971326
 30
0.0
  0
VERTEX
  5
3BF
330
323
100
AcDbEntity
  8
outside2_T
100
AcDbVertex
100
AcDb2dVertex
 10
-190.0201353328511
 20
1.666561060812683
 30
0.0
  0
VERTEX
  5
3C0
330
323
100
AcDbEntity
  8
outside2_T
100
AcDbVertex
100
AcDb2dVertex
 10
-190.4602692050798
 20
1.67644819787003
 30
0.0
  0
VERTEX
  5
3C1
330
323
100
AcDbEntity
  8
outside2_T
100
AcDbVertex
100
AcDb2dVertex
 10
-190.9005047132179
 20
1.686144729784942
 30
0.0
  0
VERTEX
  5
3C2
330
323
100
AcDbEntity
  8
outside2_T
100
AcDbVertex
100
AcDb2dVertex
 10
-191.3408480544619
 20
1.695935220696754
 30
0.0
  0
VERTEX
  5
3C3
330
323
100
AcDbEntity
  8
outside2_T
100
AcDbVertex
100
AcDb2dVertex
 10
-191.7810543777651
 20
1.705732408282586
 30
0.0
  0
VERTEX
  5
3C4
330
323
100
AcDbEntity
  8
outside2_T
100
AcDbVertex
100
AcDb2dVertex
 10
-192.221337156749
 20
1.715521467786502
 30
0.0
  0
VERTEX
  5
3C5
330
323
100
AcDbEntity
  8
outside2_T
100
AcDbVertex
100
AcDb2dVertex
 10
-192.6615758656113
 20
1.725317255429403
 30
0.0
  0
VERTEX
  5
3C6
330
323
100
AcDbEntity
  8
outside2_T
100
AcDbVertex
100
AcDb2dVertex
 10
-193.1017709093579
 20
1.735007455050138
 30
0.0
  0
VERTEX
  5
3C7
330
323
100
AcDbEntity
  8
outside2_T
100
AcDbVertex
100
AcDb2dVertex
 10
-193.5420599913568
 20
1.744804363627949
 30
0.0
  0
VERTEX
  5
3C8
330
323
100
AcDbEntity
  8
outside2_T
100
AcDbVertex
100
AcDb2dVertex
 10
-193.9823554247009
 20
1.754494591345107
 30
0.0
  0
VERTEX
  5
3C9
330
323
100
AcDbEntity
  8
outside2_T
100
AcDbVertex
100
AcDb2dVertex
 10
-194.422546656388
 20
1.764291528018617
 30
0.0
  0
VERTEX
  5
3CA
330
323
100
AcDbEntity
  8
outside2_T
100
AcDbVertex
100
AcDb2dVertex
 10
-194.8627777149418
 20
1.773980338945307
 30
0.0
  0
VERTEX
  5
3CB
330
323
100
AcDbEntity
  8
outside2_T
100
AcDbVertex
100
AcDb2dVertex
 10
-195.3030718716435
 20
1.783670538565531
 30
0.0
  0
VERTEX
  5
3CC
330
323
100
AcDbEntity
  8
outside2_T
100
AcDbVertex
100
AcDb2dVertex
 10
-195.7433711381457
 20
1.793368558695079
 30
0.0
  0
VERTEX
  5
3CD
330
323
100
AcDbEntity
  8
outside2_T
100
AcDbVertex
100
AcDb2dVertex
 10
-196.1835597854173
 20
1.803058617467343
 30
0.0
  0
VERTEX
  5
3CE
330
323
100
AcDbEntity
  8
outside2_T
100
AcDbVertex
100
AcDb2dVertex
 10
-196.6238565265442
 20
1.812756582010991
 30
0.0
  0
VERTEX
  5
3CF
330
323
100
AcDbEntity
  8
outside2_T
100
AcDbVertex
100
AcDb2dVertex
 10
-197.0641417613739
 20
1.822446585196388
 30
0.0
  0
VERTEX
  5
3D0
330
323
100
AcDbEntity
  8
outside2_T
100
AcDbVertex
100
AcDb2dVertex
 10
-197.5043823629059
 20
1.832135648093029
 30
0.0
  0
VERTEX
  5
3D1
330
323
100
AcDbEntity
  8
outside2_T
100
AcDbVertex
100
AcDb2dVertex
 10
-197.9445755006111
 20
1.84173435881047
 30
0.0
  0
VERTEX
  5
3D2
330
323
100
AcDbEntity
  8
outside2_T
100
AcDbVertex
100
AcDb2dVertex
 10
-198.3848620640495
 20
1.851424433262636
 30
0.0
  0
VERTEX
  5
3D3
330
323
100
AcDbEntity
  8
outside2_T
100
AcDbVertex
100
AcDb2dVertex
 10
-198.8250988354798
 20
1.861014269860732
 30
0.0
  0
VERTEX
  5
3D4
330
323
100
AcDbEntity
  8
outside2_T
100
AcDbVertex
100
AcDb2dVertex
 10
-199.2653999590426
 20
1.870613173936576
 30
0.0
  0
VERTEX
  5
3D5
330
323
100
AcDbEntity
  8
outside2_T
100
AcDbVertex
100
AcDb2dVertex
 10
-199.705586771541
 20
1.88020412272364
 30
0.0
  0
VERTEX
  5
3D6
330
323
100
AcDbEntity
  8
outside2_T
100
AcDbVertex
100
AcDb2dVertex
 10
-200.145876522607
 20
1.889795154909422
 30
0.0
  0
VERTEX
  5
3D7
330
323
100
AcDbEntity
  8
outside2_T
100
AcDbVertex
100
AcDb2dVertex
 10
-200.5861775981131
 20
1.899394057938423
 30
0.0
  0
VERTEX
  5
3D8
330
323
100
AcDbEntity
  8
outside2_T
100
AcDbVertex
100
AcDb2dVertex
 10
-201.0264055441576
 20
1.908983702212723
 30
0.0
  0
VERTEX
  5
3D9
330
323
100
AcDbEntity
  8
outside2_T
100
AcDbVertex
100
AcDb2dVertex
 10
-201.4666990687144
 20
1.918475703339539
 30
0.0
  0
VERTEX
  5
3DA
330
323
100
AcDbEntity
  8
outside2_T
100
AcDbVertex
100
AcDb2dVertex
 10
-201.9068966188931
 20
1.928066886122295
 30
0.0
  0
VERTEX
  5
3DB
330
323
100
AcDbEntity
  8
outside2_T
100
AcDbVertex
100
AcDb2dVertex
 10
-202.3471346701647
 20
1.937565314473431
 30
0.0
  0
VERTEX
  5
3DC
330
323
100
AcDbEntity
  8
outside2_T
100
AcDbVertex
100
AcDb2dVertex
 10
-202.7874199543086
 20
1.947057096783524
 30
0.0
  0
VERTEX
  5
3DD
330
323
100
AcDbEntity
  8
outside2_T
100
AcDbVertex
100
AcDb2dVertex
 10
-203.2277122525764
 20
1.95654907147356
 30
0.0
  0
VERTEX
  5
3DE
330
323
100
AcDbEntity
  8
outside2_T
100
AcDbVertex
100
AcDb2dVertex
 10
-203.667947140585
 20
1.966039808493235
 30
0.0
  0
VERTEX
  5
3DF
330
323
100
AcDbEntity
  8
outside2_T
100
AcDbVertex
100
AcDb2dVertex
 10
-204.1081820284012
 20
1.975431445443547
 30
0.0
  0
VERTEX
  5
3E0
330
323
100
AcDbEntity
  8
outside2_T
100
AcDbVertex
100
AcDb2dVertex
 10
-204.5485335244377
 20
1.984825529358261
 30
0.0
  0
VERTEX
  5
3E1
330
323
100
AcDbEntity
  8
outside2_T
100
AcDbVertex
100
AcDb2dVertex
 10
-204.9888314361863
 20
1.99431762506569
 30
0.0
  0
VERTEX
  5
3E2
330
323
100
AcDbEntity
  8
outside2_T
100
AcDbVertex
100
AcDb2dVertex
 10
-205.4289728486111
 20
2.003717005214881
 30
0.0
  0
VERTEX
  5
3E3
330
323
100
AcDbEntity
  8
outside2_T
100
AcDbVertex
100
AcDb2dVertex
 10
-205.8692974670783
 20
2.013108401498144
 30
0.0
  0
VERTEX
  5
3E4
330
323
100
AcDbEntity
  8
outside2_T
100
AcDbVertex
100
AcDb2dVertex
 10
-206.3094899222846
 20
2.022402175038451
 30
0.0
  0
VERTEX
  5
3E5
330
323
100
AcDbEntity
  8
outside2_T
100
AcDbVertex
100
AcDb2dVertex
 10
-206.7497828445924
 20
2.031795009391118
 30
0.0
  0
VERTEX
  5
3E6
330
323
100
AcDbEntity
  8
outside2_T
100
AcDbVertex
100
AcDb2dVertex
 10
-207.1900177550472
 20
2.041087546754056
 30
0.0
  0
VERTEX
  5
3E7
330
323
100
AcDbEntity
  8
outside2_T
100
AcDbVertex
100
AcDb2dVertex
 10
-207.63031000573
 20
2.050381294462198
 30
0.0
  0
VERTEX
  5
3E8
330
323
100
AcDbEntity
  8
outside2_T
100
AcDbVertex
100
AcDb2dVertex
 10
-208.0706041158608
 20
2.059675041187319
 30
0.0
  0
VERTEX
  5
3E9
330
323
100
AcDbEntity
  8
outside2_T
100
AcDbVertex
100
AcDb2dVertex
 10
-208.5108346361836
 20
2.068967485882766
 30
0.0
  0
VERTEX
  5
3EA
330
323
100
AcDbEntity
  8
outside2_T
100
AcDbVertex
100
AcDb2dVertex
 10
-208.9511256530271
 20
2.07815447079274
 30
0.0
  0
VERTEX
  5
3EB
330
323
100
AcDbEntity
  8
outside2_T
100
AcDbVertex
100
AcDb2dVertex
 10
-209.3915233353818
 20
2.08744831162285
 30
0.0
  0
VERTEX
  5
3EC
330
323
100
AcDbEntity
  8
outside2_T
100
AcDbVertex
100
AcDb2dVertex
 10
-209.8317594553319
 20
2.096641774173406
 30
0.0
  0
VERTEX
  5
3ED
330
323
100
AcDbEntity
  8
outside2_T
100
AcDbVertex
100
AcDb2dVertex
 10
-210.2719962239467
 20
2.105835210471767
 30
0.0
  0
VERTEX
  5
3EE
330
323
100
AcDbEntity
  8
outside2_T
100
AcDbVertex
100
AcDb2dVertex
 10
-210.7122884976212
 20
2.114930732698838
 30
0.0
  0
VERTEX
  5
3EF
330
323
100
AcDbEntity
  8
outside2_T
100
AcDbVertex
100
AcDb2dVertex
 10
-211.152576335546
 20
2.124125275277208
 30
0.0
  0
VERTEX
  5
3F0
330
323
100
AcDbEntity
  8
outside2_T
100
AcDbVertex
100
AcDb2dVertex
 10
-211.5928068081516
 20
2.133211897817304
 30
0.0
  0
VERTEX
  5
3F1
330
323
100
AcDbEntity
  8
outside2_T
100
AcDbVertex
100
AcDb2dVertex
 10
-212.0331503298608
 20
2.142306392075284
 30
0.0
  0
VERTEX
  5
3F2
330
323
100
AcDbEntity
  8
outside2_T
100
AcDbVertex
100
AcDb2dVertex
 10
-212.4734437766982
 20
2.151302825290173
 30
0.0
  0
VERTEX
  5
3F3
330
323
100
AcDbEntity
  8
outside2_T
100
AcDbVertex
100
AcDb2dVertex
 10
-212.9137325563248
 20
2.160398255650492
 30
0.0
  0
VERTEX
  5
3F4
330
323
100
AcDbEntity
  8
outside2_T
100
AcDbVertex
100
AcDb2dVertex
 10
-213.3539639812089
 20
2.16938577910706
 30
0.0
  0
VERTEX
  5
3F5
330
323
100
AcDbEntity
  8
outside2_T
100
AcDbVertex
100
AcDb2dVertex
 10
-213.7942660104677
 20
2.178382368135487
 30
0.0
  0
VERTEX
  5
3F6
330
323
100
AcDbEntity
  8
outside2_T
100
AcDbVertex
100
AcDb2dVertex
 10
-214.23459537585
 20
2.187377490924632
 30
0.0
  0
VERTEX
  5
3F7
330
323
100
AcDbEntity
  8
outside2_T
100
AcDbVertex
100
AcDb2dVertex
 10
-214.6748897627143
 20
2.196267186534115
 30
0.0
  0
VERTEX
  5
3F8
330
323
100
AcDbEntity
  8
outside2_T
100
AcDbVertex
100
AcDb2dVertex
 10
-215.1151234901769
 20
2.205262399514254
 30
0.0
  0
VERTEX
  5
3F9
330
323
100
AcDbEntity
  8
outside2_T
100
AcDbVertex
100
AcDb2dVertex
 10
-215.5554593926119
 20
2.214051813166606
 30
0.0
  0
VERTEX
  5
3FA
330
323
100
AcDbEntity
  8
outside2_T
100
AcDbVertex
100
AcDb2dVertex
 10
-215.9957516432948
 20
2.222949108962666
 30
0.0
  0
VERTEX
  5
3FB
330
323
100
AcDbEntity
  8
outside2_T
100
AcDbVertex
100
AcDb2dVertex
 10
-216.4361449129744
 20
2.231739667705483
 30
0.0
  0
VERTEX
  5
3FC
330
323
100
AcDbEntity
  8
outside2_T
100
AcDbVertex
100
AcDb2dVertex
 10
-216.8764371636572
 20
2.240636963501544
 30
0.0
  0
VERTEX
  5
3FD
330
323
100
AcDbEntity
  8
outside2_T
100
AcDbVertex
100
AcDb2dVertex
 10
-217.3167112843917
 20
2.249425143947803
 30
0.0
  0
VERTEX
  5
3FE
330
323
100
AcDbEntity
  8
outside2_T
100
AcDbVertex
100
AcDb2dVertex
 10
-217.7569473336368
 20
2.258115480286421
 30
0.0
  0
VERTEX
  5
3FF
330
323
100
AcDbEntity
  8
outside2_T
100
AcDbVertex
100
AcDb2dVertex
 10
-218.1973471192809
 20
2.266814678794375
 30
0.0
  0
VERTEX
  5
400
330
323
100
AcDbEntity
  8
outside2_T
100
AcDbVertex
100
AcDb2dVertex
 10
-218.6376328539872
 20
2.27550599589101
 30
0.0
  0
VERTEX
  5
401
330
323
100
AcDbEntity
  8
outside2_T
100
AcDbVertex
100
AcDb2dVertex
 10
-219.0780238157092
 20
2.284197396101547
 30
0.0
  0
VERTEX
  5
402
330
323
100
AcDbEntity
  8
outside2_T
100
AcDbVertex
100
AcDb2dVertex
 10
-219.5182642774714
 20
2.292895442600866
 30
0.0
  0
VERTEX
  5
403
330
323
100
AcDbEntity
  8
outside2_T
100
AcDbVertex
100
AcDb2dVertex
 10
-219.9585372779227
 20
2.30148542886397
 30
0.0
  0
VERTEX
  5
404
330
323
100
AcDbEntity
  8
outside2_T
100
AcDbVertex
100
AcDb2dVertex
 10
-220.3989307246573
 20
2.309978670466663
 30
0.0
  0
VERTEX
  5
405
330
323
100
AcDbEntity
  8
outside2_T
100
AcDbVertex
100
AcDb2dVertex
 10
-220.8392239283486
 20
2.318571003253425
 30
0.0
  0
VERTEX
  5
406
330
323
100
AcDbEntity
  8
outside2_T
100
AcDbVertex
100
AcDb2dVertex
 10
-221.2795577686701
 20
2.32706309531207
 30
0.0
  0
VERTEX
  5
407
330
323
100
AcDbEntity
  8
outside2_T
100
AcDbVertex
100
AcDb2dVertex
 10
-221.7199593753734
 20
2.335564109246249
 30
0.0
  0
VERTEX
  5
408
330
323
100
AcDbEntity
  8
outside2_T
100
AcDbVertex
100
AcDb2dVertex
 10
-222.1602870908887
 20
2.344056073919774
 30
0.0
  0
VERTEX
  5
409
330
323
100
AcDbEntity
  8
outside2_T
100
AcDbVertex
100
AcDb2dVertex
 10
-222.6005235644145
 20
2.352449108283906
 30
0.0
  0
VERTEX
  5
40A
330
323
100
AcDbEntity
  8
outside2_T
100
AcDbVertex
100
AcDb2dVertex
 10
-223.0408567912716
 20
2.360842079746064
 30
0.0
  0
VERTEX
  5
40B
330
323
100
AcDbEntity
  8
outside2_T
100
AcDbVertex
100
AcDb2dVertex
 10
-223.4812495844445
 20
2.36913707359875
 30
0.0
  0
VERTEX
  5
40C
330
323
100
AcDbEntity
  8
outside2_T
100
AcDbVertex
100
AcDb2dVertex
 10
-223.9216379654546
 20
2.377531096331424
 30
0.0
  0
VERTEX
  5
40D
330
323
100
AcDbEntity
  8
outside2_T
100
AcDbVertex
100
AcDb2dVertex
 10
-224.3619160411658
 20
2.385816307340519
 30
0.0
  0
VERTEX
  5
40E
330
323
100
AcDbEntity
  8
outside2_T
100
AcDbVertex
100
AcDb2dVertex
 10
-224.8022558873568
 20
2.394011202851289
 30
0.0
  0
VERTEX
  5
40F
330
323
100
AcDbEntity
  8
outside2_T
100
AcDbVertex
100
AcDb2dVertex
 10
-225.2426484474116
 20
2.402207083821494
 30
0.0
  0
VERTEX
  5
410
330
323
100
AcDbEntity
  8
outside2_T
100
AcDbVertex
100
AcDb2dVertex
 10
-225.6830412354543
 20
2.410402964600678
 30
0.0
  0
VERTEX
  5
411
330
323
100
AcDbEntity
  8
outside2_T
100
AcDbVertex
100
AcDb2dVertex
 10
-226.1233722566382
 20
2.418597695874638
 30
0.0
  0
VERTEX
  5
412
330
323
100
AcDbEntity
  8
outside2_T
100
AcDbVertex
100
AcDb2dVertex
 10
-226.5637032775588
 20
2.426685705062056
 30
0.0
  0
VERTEX
  5
413
330
323
100
AcDbEntity
  8
outside2_T
100
AcDbVertex
100
AcDb2dVertex
 10
-227.0040474171098
 20
2.434781580559175
 30
0.0
  0
VERTEX
  5
414
330
323
100
AcDbEntity
  8
outside2_T
100
AcDbVertex
100
AcDb2dVertex
 10
-227.4443828484013
 20
2.442778193770181
 30
0.0
  0
VERTEX
  5
415
330
323
100
AcDbEntity
  8
outside2_T
100
AcDbVertex
100
AcDb2dVertex
 10
-227.8848645485955
 20
2.45076802640736
 30
0.0
  0
VERTEX
  5
416
330
323
100
AcDbEntity
  8
outside2_T
100
AcDbVertex
100
AcDb2dVertex
 10
-228.3252086366979
 20
2.458764797793009
 30
0.0
  0
VERTEX
  5
417
330
323
100
AcDbEntity
  8
outside2_T
100
AcDbVertex
100
AcDb2dVertex
 10
-229.2059031640121
 20
2.474552626824817
 30
0.0
  0
VERTEX
  5
418
330
323
100
AcDbEntity
  8
outside2_T
100
AcDbVertex
100
AcDb2dVertex
 10
-230.0867020562578
 20
2.490233808667753
 30
0.0
  0
VERTEX
  5
419
330
323
100
AcDbEntity
  8
outside2_T
100
AcDbVertex
100
AcDb2dVertex
 10
-230.9675036425058
 20
2.505724455260605
 30
0.0
  0
VERTEX
  5
41A
330
323
100
AcDbEntity
  8
outside2_T
100
AcDbVertex
100
AcDb2dVertex
 10
-231.8483003176942
 20
2.521115912489165
 30
0.0
  0
VERTEX
  5
41B
330
323
100
AcDbEntity
  8
outside2_T
100
AcDbVertex
100
AcDb2dVertex
 10
-232.7291686379739
 20
2.536301054760898
 30
0.0
  0
VERTEX
  5
41C
330
323
100
AcDbEntity
  8
outside2_T
100
AcDbVertex
100
AcDb2dVertex
 10
-233.6099682634662
 20
2.551288522856083
 30
0.0
  0
VERTEX
  5
41D
330
323
100
AcDbEntity
  8
outside2_T
100
AcDbVertex
100
AcDb2dVertex
 10
-234.490867470222
 20
2.56617688767804
 30
0.0
  0
VERTEX
  5
41E
330
323
100
AcDbEntity
  8
outside2_T
100
AcDbVertex
100
AcDb2dVertex
 10
-235.3716644119423
 20
2.580867009063098
 30
0.0
  0
VERTEX
  5
41F
330
323
100
AcDbEntity
  8
outside2_T
100
AcDbVertex
100
AcDb2dVertex
 10
-236.2525344651347
 20
2.59544995801572
 30
0.0
  0
VERTEX
  5
420
330
323
100
AcDbEntity
  8
outside2_T
100
AcDbVertex
100
AcDb2dVertex
 10
-237.1334049979558
 20
2.609743237772264
 30
0.0
  0
VERTEX
  5
421
330
323
100
AcDbEntity
  8
outside2_T
100
AcDbVertex
100
AcDb2dVertex
 10
-238.0143020217877
 20
2.623930213341737
 30
0.0
  0
VERTEX
  5
422
330
323
100
AcDbEntity
  8
outside2_T
100
AcDbVertex
100
AcDb2dVertex
 10
-238.8952419159075
 20
2.63791809002889
 30
0.0
  0
VERTEX
  5
423
330
323
100
AcDbEntity
  8
outside2_T
100
AcDbVertex
100
AcDb2dVertex
 10
-240.6572250421867
 20
2.665293231250303
 30
0.0
  0
VERTEX
  5
424
330
323
100
AcDbEntity
  8
outside2_T
100
AcDbVertex
100
AcDb2dVertex
 10
-242.4191792796582
 20
2.69197421798421
 30
0.0
  0
VERTEX
  5
425
330
323
100
AcDbEntity
  8
outside2_T
100
AcDbVertex
100
AcDb2dVertex
 10
-244.1812324838879
 20
2.717854759151393
 30
0.0
  0
VERTEX
  5
426
330
323
100
AcDbEntity
  8
outside2_T
100
AcDbVertex
100
AcDb2dVertex
 10
-245.9432704094615
 20
2.743033767246047
 30
0.0
  0
VERTEX
  5
427
330
323
100
AcDbEntity
  8
outside2_T
100
AcDbVertex
100
AcDb2dVertex
 10
-247.7054101184995
 20
2.767313250386039
 30
0.0
  0
VERTEX
  5
428
330
323
100
AcDbEntity
  8
outside2_T
100
AcDbVertex
100
AcDb2dVertex
 10
-249.4676615807514
 20
2.790891605731517
 30
0.0
  0
VERTEX
  5
429
330
323
100
AcDbEntity
  8
outside2_T
100
AcDbVertex
100
AcDb2dVertex
 10
-251.2299017266958
 20
2.813669361041505
 30
0.0
  0
VERTEX
  5
42A
330
323
100
AcDbEntity
  8
outside2_T
100
AcDbVertex
100
AcDb2dVertex
 10
-252.9922408162443
 20
2.835654314349441
 30
0.0
  0
VERTEX
  5
42B
330
323
100
AcDbEntity
  8
outside2_T
100
AcDbVertex
100
AcDb2dVertex
 10
-254.7546800100554
 20
2.856838833763987
 30
0.0
  0
VERTEX
  5
42C
330
323
100
AcDbEntity
  8
outside2_T
100
AcDbVertex
100
AcDb2dVertex
 10
-256.5171050498378
 20
2.877222766827316
 30
0.0
  0
VERTEX
  5
42D
330
323
100
AcDbEntity
  8
outside2_T
100
AcDbVertex
100
AcDb2dVertex
 10
-258.2795280246515
 20
2.89670718275967
 30
0.0
  0
VERTEX
  5
42E
330
323
100
AcDbEntity
  8
outside2_T
100
AcDbVertex
100
AcDb2dVertex
 10
-260.0420520160018
 20
2.915391182667975
 30
0.0
  0
VERTEX
  5
42F
330
323
100
AcDbEntity
  8
outside2_T
100
AcDbVertex
100
AcDb2dVertex
 10
-261.8045637385996
 20
2.933175524255248
 30
0.0
  0
VERTEX
  5
430
330
323
100
AcDbEntity
  8
outside2_T
100
AcDbVertex
100
AcDb2dVertex
 10
-263.5670877588864
 20
2.950060493849847
 30
0.0
  0
VERTEX
  5
431
330
323
100
AcDbEntity
  8
outside2_T
100
AcDbVertex
100
AcDb2dVertex
 10
-265.3297252284021
 20
2.966145178228089
 30
0.0
  0
VERTEX
  5
432
330
323
100
AcDbEntity
  8
outside2_T
100
AcDbVertex
100
AcDb2dVertex
 10
-267.0923351439497
 20
2.9814292009968
 30
0.0
  0
VERTEX
  5
433
330
323
100
AcDbEntity
  8
outside2_T
100
AcDbVertex
100
AcDb2dVertex
 10
-268.8550326638101
 20
2.995722115639722
 30
0.0
  0
VERTEX
  5
434
330
323
100
AcDbEntity
  8
outside2_T
100
AcDbVertex
100
AcDb2dVertex
 10
-270.6176416098932
 20
3.009108015500118
 30
0.0
  0
VERTEX
  5
435
330
323
100
AcDbEntity
  8
outside2_T
100
AcDbVertex
100
AcDb2dVertex
 10
-272.3803495490081
 20
3.021602029486672
 30
0.0
  0
VERTEX
  5
436
330
323
100
AcDbEntity
  8
outside2_T
100
AcDbVertex
100
AcDb2dVertex
 10
-274.1430603072681
 20
3.033188905977539
 30
0.0
  0
VERTEX
  5
437
330
323
100
AcDbEntity
  8
outside2_T
100
AcDbVertex
100
AcDb2dVertex
 10
-275.9057551217135
 20
3.043876201392436
 30
0.0
  0
VERTEX
  5
438
330
323
100
AcDbEntity
  8
outside2_T
100
AcDbVertex
100
AcDb2dVertex
 10
-277.6684418062899
 20
3.053572455083014
 30
0.0
  0
VERTEX
  5
439
330
323
100
AcDbEntity
  8
outside2_T
100
AcDbVertex
100
AcDb2dVertex
 10
-279.8718763135185
 20
3.064465640453278
 30
0.0
  0
VERTEX
  5
43A
330
323
100
AcDbEntity
  8
outside2_T
100
AcDbVertex
100
AcDb2dVertex
 10
-282.0752905577526
 20
3.073757922366013
 30
0.0
  0
VERTEX
  5
43B
330
323
100
AcDbEntity
  8
outside2_T
100
AcDbVertex
100
AcDb2dVertex
 10
-284.2787056813656
 20
3.081647598836909
 30
0.0
  0
VERTEX
  5
43C
330
323
100
AcDbEntity
  8
outside2_T
100
AcDbVertex
100
AcDb2dVertex
 10
-286.4820978659522
 20
3.087944028711249
 30
0.0
  0
VERTEX
  5
43D
330
323
100
AcDbEntity
  8
outside2_T
100
AcDbVertex
100
AcDb2dVertex
 10
-288.6855006514091
 20
3.092639693920887
 30
0.0
  0
VERTEX
  5
43E
330
323
100
AcDbEntity
  8
outside2_T
100
AcDbVertex
100
AcDb2dVertex
 10
-290.8888048557934
 20
3.095833661751072
 30
0.0
  0
VERTEX
  5
43F
330
323
100
AcDbEntity
  8
outside2_T
100
AcDbVertex
100
AcDb2dVertex
 10
-292.9596734817597
 20
3.097335470606765
 30
0.0
  0
VERTEX
  5
440
330
323
100
AcDbEntity
  8
outside2_T
100
AcDbVertex
100
AcDb2dVertex
 10
-293.0923967847834
 20
3.097434591699695
 30
0.0
  0
SEQEND
  5
441
330
323
100
AcDbEntity
  8
outside2_T
  0
POLYLINE
  5
442
330
1F
100
AcDbEntity
  8
outside2_T
100
AcDb2dPolyline
 66
     1
 10
0.0
 20
0.0
 30
0.0
  0
VERTEX
  5
443
330
442
100
AcDbEntity
  8
outside2_T
100
AcDbVertex
100
AcDb2dVertex
 10
38.64377628284632
 20
2.792156699997705
 30
0.0
  0
VERTEX
  5
444
330
442
100
AcDbEntity
  8
outside2_T
100
AcDbVertex
100
AcDb2dVertex
 10
37.02720119204622
 20
2.792156699997705
 30
0.0
  0
VERTEX
  5
445
330
442
100
AcDbEntity
  8
outside2_T
100
AcDbVertex
100
AcDb2dVertex
 10
36.47590656782376
 20
2.78572769616747
 30
0.0
  0
VERTEX
  5
446
330
442
100
AcDbEntity
  8
outside2_T
100
AcDbVertex
100
AcDb2dVertex
 10
35.74062671504652
 20
2.802223490019472
 30
0.0
  0
VERTEX
  5
447
330
442
100
AcDbEntity
  8
outside2_T
100
AcDbVertex
100
AcDb2dVertex
 10
35.37038754321992
 20
2.810419682558887
 30
0.0
  0
VERTEX
  5
448
330
442
100
AcDbEntity
  8
outside2_T
100
AcDbVertex
100
AcDb2dVertex
 10
34.99983739940643
 20
2.818712395996215
 30
0.0
  0
VERTEX
  5
449
330
442
100
AcDbEntity
  8
outside2_T
100
AcDbVertex
100
AcDb2dVertex
 10
34.62738062080456
 20
2.827106625776779
 30
0.0
  0
VERTEX
  5
44A
330
442
100
AcDbEntity
  8
outside2_T
100
AcDbVertex
100
AcDb2dVertex
 10
34.25189494590012
 20
2.835501754687314
 30
0.0
  0
VERTEX
  5
44B
330
442
100
AcDbEntity
  8
outside2_T
100
AcDbVertex
100
AcDb2dVertex
 10
33.87217565138093
 20
2.843995194878275
 30
0.0
  0
VERTEX
  5
44C
330
442
100
AcDbEntity
  8
outside2_T
100
AcDbVertex
100
AcDb2dVertex
 10
33.48699958961487
 20
2.852588381623278
 30
0.0
  0
VERTEX
  5
44D
330
442
100
AcDbEntity
  8
outside2_T
100
AcDbVertex
100
AcDb2dVertex
 10
33.09546238425304
 20
2.861287344769124
 30
0.0
  0
VERTEX
  5
44E
330
442
100
AcDbEntity
  8
outside2_T
100
AcDbVertex
100
AcDb2dVertex
 10
32.69739590878743
 20
2.870175615745609
 30
0.0
  0
VERTEX
  5
44F
330
442
100
AcDbEntity
  8
outside2_T
100
AcDbVertex
100
AcDb2dVertex
 10
32.29249730343525
 20
2.879271119929257
 30
0.0
  0
VERTEX
  5
450
330
442
100
AcDbEntity
  8
outside2_T
100
AcDbVertex
100
AcDb2dVertex
 10
31.88070017077615
 20
2.888467241364481
 30
0.0
  0
VERTEX
  5
451
330
442
100
AcDbEntity
  8
outside2_T
100
AcDbVertex
100
AcDb2dVertex
 10
31.46210166349687
 20
2.897761128519747
 30
0.0
  0
VERTEX
  5
452
330
442
100
AcDbEntity
  8
outside2_T
100
AcDbVertex
100
AcDb2dVertex
 10
31.03657766207238
 20
2.907253305502721
 30
0.0
  0
VERTEX
  5
453
330
442
100
AcDbEntity
  8
outside2_T
100
AcDbVertex
100
AcDb2dVertex
 10
30.60388837545105
 20
2.916844564358271
 30
0.0
  0
VERTEX
  5
454
330
442
100
AcDbEntity
  8
outside2_T
100
AcDbVertex
100
AcDb2dVertex
 10
30.1641460991122
 20
2.926640501274832
 30
0.0
  0
VERTEX
  5
455
330
442
100
AcDbEntity
  8
outside2_T
100
AcDbVertex
100
AcDb2dVertex
 10
29.71712356814709
 20
2.936628213028897
 30
0.0
  0
VERTEX
  5
456
330
442
100
AcDbEntity
  8
outside2_T
100
AcDbVertex
100
AcDb2dVertex
 10
29.26331636424237
 20
2.94672366194969
 30
0.0
  0
VERTEX
  5
457
330
442
100
AcDbEntity
  8
outside2_T
100
AcDbVertex
100
AcDb2dVertex
 10
28.80282417439929
 20
2.956917007277838
 30
0.0
  0
VERTEX
  5
458
330
442
100
AcDbEntity
  8
outside2_T
100
AcDbVertex
100
AcDb2dVertex
 10
28.33587890674193
 20
2.96730830821528
 30
0.0
  0
VERTEX
  5
459
330
442
100
AcDbEntity
  8
outside2_T
100
AcDbVertex
100
AcDb2dVertex
 10
27.86280572229992
 20
2.977806306264938
 30
0.0
  0
VERTEX
  5
45A
330
442
100
AcDbEntity
  8
outside2_T
100
AcDbVertex
100
AcDb2dVertex
 10
27.38379617985237
 20
2.988496032778869
 30
0.0
  0
VERTEX
  5
45B
330
442
100
AcDbEntity
  8
outside2_T
100
AcDbVertex
100
AcDb2dVertex
 10
26.8991273687422
 20
2.999185462573365
 30
0.0
  0
VERTEX
  5
45C
330
442
100
AcDbEntity
  8
outside2_T
100
AcDbVertex
100
AcDb2dVertex
 10
26.40905599817455
 20
3.010080512023265
 30
0.0
  0
VERTEX
  5
45D
330
442
100
AcDbEntity
  8
outside2_T
100
AcDbVertex
100
AcDb2dVertex
 10
25.91410254999181
 20
3.020975282162723
 30
0.0
  0
VERTEX
  5
45E
330
442
100
AcDbEntity
  8
outside2_T
100
AcDbVertex
100
AcDb2dVertex
 10
25.41528053194764
 20
3.03206783964788
 30
0.0
  0
VERTEX
  5
45F
330
442
100
AcDbEntity
  8
outside2_T
100
AcDbVertex
100
AcDb2dVertex
 10
24.91315927151999
 20
3.043162209354534
 30
0.0
  0
VERTEX
  5
460
330
442
100
AcDbEntity
  8
outside2_T
100
AcDbVertex
100
AcDb2dVertex
 10
24.40892823211669
 20
3.05425501776017
 30
0.0
  0
VERTEX
  5
461
330
442
100
AcDbEntity
  8
outside2_T
100
AcDbVertex
100
AcDb2dVertex
 10
23.9033187091722
 20
3.065446398895872
 30
0.0
  0
VERTEX
  5
462
330
442
100
AcDbEntity
  8
outside2_T
100
AcDbVertex
100
AcDb2dVertex
 10
23.39710883919059
 20
3.07663992931289
 30
0.0
  0
VERTEX
  5
463
330
442
100
AcDbEntity
  8
outside2_T
100
AcDbVertex
100
AcDb2dVertex
 10
22.89112659788287
 20
3.087726065638833
 30
0.0
  0
VERTEX
  5
464
330
442
100
AcDbEntity
  8
outside2_T
100
AcDbVertex
100
AcDb2dVertex
 10
22.38651664655725
 20
3.098818153492019
 30
0.0
  0
VERTEX
  5
465
330
442
100
AcDbEntity
  8
outside2_T
100
AcDbVertex
100
AcDb2dVertex
 10
21.88403643583155
 20
3.109912030864564
 30
0.0
  0
VERTEX
  5
466
330
442
100
AcDbEntity
  8
outside2_T
100
AcDbVertex
100
AcDb2dVertex
 10
21.38496847430787
 20
3.120807079858082
 30
0.0
  0
VERTEX
  5
467
330
442
100
AcDbEntity
  8
outside2_T
100
AcDbVertex
100
AcDb2dVertex
 10
20.89052530647035
 20
3.131701693711335
 30
0.0
  0
VERTEX
  5
468
330
442
100
AcDbEntity
  8
outside2_T
100
AcDbVertex
100
AcDb2dVertex
 10
20.40158514688204
 20
3.14239216038024
 30
0.0
  0
VERTEX
  5
469
330
442
100
AcDbEntity
  8
outside2_T
100
AcDbVertex
100
AcDb2dVertex
 10
19.91949102638085
 20
3.152883738633705
 30
0.0
  0
VERTEX
  5
46A
330
442
100
AcDbEntity
  8
outside2_T
100
AcDbVertex
100
AcDb2dVertex
 10
19.44546547537101
 20
3.163175383758542
 30
0.0
  0
VERTEX
  5
46B
330
442
100
AcDbEntity
  8
outside2_T
100
AcDbVertex
100
AcDb2dVertex
 10
18.98039173557862
 20
3.173368551033434
 30
0.0
  0
VERTEX
  5
46C
330
442
100
AcDbEntity
  8
outside2_T
100
AcDbVertex
100
AcDb2dVertex
 10
18.52532211839451
 20
3.183266673613787
 30
0.0
  0
VERTEX
  5
46D
330
442
100
AcDbEntity
  8
outside2_T
100
AcDbVertex
100
AcDb2dVertex
 10
18.08006899932951
 20
3.1928588992497
 30
0.0
  0
VERTEX
  5
46E
330
442
100
AcDbEntity
  8
outside2_T
100
AcDbVertex
100
AcDb2dVertex
 10
17.64428207002533
 20
3.202251647647628
 30
0.0
  0
VERTEX
  5
46F
330
442
100
AcDbEntity
  8
outside2_T
100
AcDbVertex
100
AcDb2dVertex
 10
17.21737169586066
 20
3.211446452710248
 30
0.0
  0
VERTEX
  5
470
330
442
100
AcDbEntity
  8
outside2_T
100
AcDbVertex
100
AcDb2dVertex
 10
16.79892287233696
 20
3.220443712740405
 30
0.0
  0
VERTEX
  5
471
330
442
100
AcDbEntity
  8
outside2_T
100
AcDbVertex
100
AcDb2dVertex
 10
16.38854131320812
 20
3.229233791463713
 30
0.0
  0
VERTEX
  5
472
330
442
100
AcDbEntity
  8
outside2_T
100
AcDbVertex
100
AcDb2dVertex
 10
15.98555492754798
 20
3.237934027339548
 30
0.0
  0
VERTEX
  5
473
330
442
100
AcDbEntity
  8
outside2_T
100
AcDbVertex
100
AcDb2dVertex
 10
15.58966192270299
 20
3.246329862888018
 30
0.0
  0
VERTEX
  5
474
330
442
100
AcDbEntity
  8
outside2_T
100
AcDbVertex
100
AcDb2dVertex
 10
15.20004177991012
 20
3.254616895628118
 30
0.0
  0
VERTEX
  5
475
330
442
100
AcDbEntity
  8
outside2_T
100
AcDbVertex
100
AcDb2dVertex
 10
14.81415941000745
 20
3.262814017649845
 30
0.0
  0
VERTEX
  5
476
330
442
100
AcDbEntity
  8
outside2_T
100
AcDbVertex
100
AcDb2dVertex
 10
14.42983663215563
 20
3.270910641138812
 30
0.0
  0
VERTEX
  5
477
330
442
100
AcDbEntity
  8
outside2_T
100
AcDbVertex
100
AcDb2dVertex
 10
14.04443351795106
 20
3.279107949274021
 30
0.0
  0
VERTEX
  5
478
330
442
100
AcDbEntity
  8
outside2_T
100
AcDbVertex
100
AcDb2dVertex
 10
13.65560467724134
 20
3.287197113979758
 30
0.0
  0
VERTEX
  5
479
330
442
100
AcDbEntity
  8
outside2_T
100
AcDbVertex
100
AcDb2dVertex
 10
13.26088069060137
 20
3.295591116940528
 30
0.0
  0
VERTEX
  5
47A
330
442
100
AcDbEntity
  8
outside2_T
100
AcDbVertex
100
AcDb2dVertex
 10
12.85770195060053
 20
3.303986543667108
 30
0.0
  0
VERTEX
  5
47B
330
442
100
AcDbEntity
  8
outside2_T
100
AcDbVertex
100
AcDb2dVertex
 10
12.44386539882584
 20
3.312684047914203
 30
0.0
  0
VERTEX
  5
47C
330
442
100
AcDbEntity
  8
outside2_T
100
AcDbVertex
100
AcDb2dVertex
 10
12.0181217180122
 20
3.32167380003969
 30
0.0
  0
VERTEX
  5
47D
330
442
100
AcDbEntity
  8
outside2_T
100
AcDbVertex
100
AcDb2dVertex
 10
11.58160150460157
 20
3.330769559542944
 30
0.0
  0
VERTEX
  5
47E
330
442
100
AcDbEntity
  8
outside2_T
100
AcDbVertex
100
AcDb2dVertex
 10
11.13584338065101
 20
3.340161966054097
 30
0.0
  0
VERTEX
  5
47F
330
442
100
AcDbEntity
  8
outside2_T
100
AcDbVertex
100
AcDb2dVertex
 10
10.68209366008904
 20
3.349655116590142
 30
0.0
  0
VERTEX
  5
480
330
442
100
AcDbEntity
  8
outside2_T
100
AcDbVertex
100
AcDb2dVertex
 10
10.22170323907966
 20
3.359254208072173
 30
0.0
  0
VERTEX
  5
481
330
442
100
AcDbEntity
  8
outside2_T
100
AcDbVertex
100
AcDb2dVertex
 10
9.756127981579937
 20
3.368944480447013
 30
0.0
  0
VERTEX
  5
482
330
442
100
AcDbEntity
  8
outside2_T
100
AcDbVertex
100
AcDb2dVertex
 10
9.28674095813011
 20
3.37874180234185
 30
0.0
  0
VERTEX
  5
483
330
442
100
AcDbEntity
  8
outside2_T
100
AcDbVertex
100
AcDb2dVertex
 10
8.814731455091021
 20
3.388531809803183
 30
0.0
  0
VERTEX
  5
484
330
442
100
AcDbEntity
  8
outside2_T
100
AcDbVertex
100
AcDb2dVertex
 10
8.342171760523058
 20
3.398328518777916
 30
0.0
  0
VERTEX
  5
485
330
442
100
AcDbEntity
  8
outside2_T
100
AcDbVertex
100
AcDb2dVertex
 10
7.871352363085578
 20
3.408118829497454
 30
0.0
  0
VERTEX
  5
486
330
442
100
AcDbEntity
  8
outside2_T
100
AcDbVertex
100
AcDb2dVertex
 10
7.404427355481118
 20
3.417710776647368
 30
0.0
  0
VERTEX
  5
487
330
442
100
AcDbEntity
  8
outside2_T
100
AcDbVertex
100
AcDb2dVertex
 10
6.943900499978042
 20
3.42721136378529
 30
0.0
  0
VERTEX
  5
488
330
442
100
AcDbEntity
  8
outside2_T
100
AcDbVertex
100
AcDb2dVertex
 10
5.598749967681385
 20
3.454591370595551
 30
0.0
  0
VERTEX
  5
489
330
442
100
AcDbEntity
  8
outside2_T
100
AcDbVertex
100
AcDb2dVertex
 10
5.159342562605332
 20
3.463490857609145
 30
0.0
  0
VERTEX
  5
48A
330
442
100
AcDbEntity
  8
outside2_T
100
AcDbVertex
100
AcDb2dVertex
 10
4.723249520480692
 20
3.472182222434697
 30
0.0
  0
VERTEX
  5
48B
330
442
100
AcDbEntity
  8
outside2_T
100
AcDbVertex
100
AcDb2dVertex
 10
4.289551380957107
 20
3.480972988816646
 30
0.0
  0
VERTEX
  5
48C
330
442
100
AcDbEntity
  8
outside2_T
100
AcDbVertex
100
AcDb2dVertex
 10
3.857475493633672
 20
3.489566923464452
 30
0.0
  0
VERTEX
  5
48D
330
442
100
AcDbEntity
  8
outside2_T
100
AcDbVertex
100
AcDb2dVertex
 10
3.426427880298149
 20
3.498167746146166
 30
0.0
  0
VERTEX
  5
48E
330
442
100
AcDbEntity
  8
outside2_T
100
AcDbVertex
100
AcDb2dVertex
 10
2.995723036008656
 20
3.506661076113915
 30
0.0
  0
VERTEX
  5
48F
330
442
100
AcDbEntity
  8
outside2_T
100
AcDbVertex
100
AcDb2dVertex
 10
2.564609773416294
 20
3.515253758749424
 30
0.0
  0
VERTEX
  5
490
330
442
100
AcDbEntity
  8
outside2_T
100
AcDbVertex
100
AcDb2dVertex
 10
2.132368281070001
 20
3.523747620497062
 30
0.0
  0
VERTEX
  5
491
330
442
100
AcDbEntity
  8
outside2_T
100
AcDbVertex
100
AcDb2dVertex
 10
1.698442023848372
 20
3.532340748100097
 30
0.0
  0
VERTEX
  5
492
330
442
100
AcDbEntity
  8
outside2_T
100
AcDbVertex
100
AcDb2dVertex
 10
1.262707620043727
 20
3.540834625853279
 30
0.0
  0
VERTEX
  5
493
330
442
100
AcDbEntity
  8
outside2_T
100
AcDbVertex
100
AcDb2dVertex
 10
0.8254820657568303
 20
3.549435184329042
 30
0.0
  0
VERTEX
  5
494
330
442
100
AcDbEntity
  8
outside2_T
100
AcDbVertex
100
AcDb2dVertex
 10
0.3870507703697399
 20
3.557929018683708
 30
0.0
  0
VERTEX
  5
495
330
442
100
AcDbEntity
  8
outside2_T
100
AcDbVertex
100
AcDb2dVertex
 10
-0.0525605539028788
 20
3.566521789200465
 30
0.0
  0
VERTEX
  5
496
330
442
100
AcDbEntity
  8
outside2_T
100
AcDbVertex
100
AcDb2dVertex
 10
-0.4930241332843366
 20
3.575016291441159
 30
0.0
  0
VERTEX
  5
497
330
442
100
AcDbEntity
  8
outside2_T
100
AcDbVertex
100
AcDb2dVertex
 10
-0.9341226737440707
 20
3.583509805931826
 30
0.0
  0
VERTEX
  5
498
330
442
100
AcDbEntity
  8
outside2_T
100
AcDbVertex
100
AcDb2dVertex
 10
-1.375626774756313
 20
3.59200320189241
 30
0.0
  0
VERTEX
  5
499
330
442
100
AcDbEntity
  8
outside2_T
100
AcDbVertex
100
AcDb2dVertex
 10
-1.817384880589145
 20
3.600497670270187
 30
0.0
  0
VERTEX
  5
49A
330
442
100
AcDbEntity
  8
outside2_T
100
AcDbVertex
100
AcDb2dVertex
 10
-2.259443548986894
 20
3.608892926659365
 30
0.0
  0
VERTEX
  5
49B
330
442
100
AcDbEntity
  8
outside2_T
100
AcDbVertex
100
AcDb2dVertex
 10
-2.701535178711367
 20
3.617287071531464
 30
0.0
  0
VERTEX
  5
49C
330
442
100
AcDbEntity
  8
outside2_T
100
AcDbVertex
100
AcDb2dVertex
 10
-3.143624805131196
 20
3.625681178362228
 30
0.0
  0
VERTEX
  5
49D
330
442
100
AcDbEntity
  8
outside2_T
100
AcDbVertex
100
AcDb2dVertex
 10
-3.585865214298394
 20
3.634076410796467
 30
0.0
  0
VERTEX
  5
49E
330
442
100
AcDbEntity
  8
outside2_T
100
AcDbVertex
100
AcDb2dVertex
 10
-4.028118869380762
 20
3.642372479360773
 30
0.0
  0
VERTEX
  5
49F
330
442
100
AcDbEntity
  8
outside2_T
100
AcDbVertex
100
AcDb2dVertex
 10
-4.470262348222207
 20
3.6506684836598
 30
0.0
  0
VERTEX
  5
4A0
330
442
100
AcDbEntity
  8
outside2_T
100
AcDbVertex
100
AcDb2dVertex
 10
-4.912316646985857
 20
3.658865405920992
 30
0.0
  0
VERTEX
  5
4A1
330
442
100
AcDbEntity
  8
outside2_T
100
AcDbVertex
100
AcDb2dVertex
 10
-5.795952970157998
 20
3.675258127692842
 30
0.0
  0
VERTEX
  5
4A2
330
442
100
AcDbEntity
  8
outside2_T
100
AcDbVertex
100
AcDb2dVertex
 10
-6.679009813290406
 20
3.691445546122125
 30
0.0
  0
VERTEX
  5
4A3
330
442
100
AcDbEntity
  8
outside2_T
100
AcDbVertex
100
AcDb2dVertex
 10
-7.561577195406983
 20
3.707533815463535
 30
0.0
  0
VERTEX
  5
4A4
330
442
100
AcDbEntity
  8
outside2_T
100
AcDbVertex
100
AcDb2dVertex
 10
-8.443670591622606
 20
3.723424367637662
 30
0.0
  0
VERTEX
  5
4A5
330
442
100
AcDbEntity
  8
outside2_T
100
AcDbVertex
100
AcDb2dVertex
 10
-9.325339530671783
 20
3.739116171606824
 30
0.0
  0
VERTEX
  5
4A6
330
442
100
AcDbEntity
  8
outside2_T
100
AcDbVertex
100
AcDb2dVertex
 10
-10.20658388980706
 20
3.754708356365711
 30
0.0
  0
VERTEX
  5
4A7
330
442
100
AcDbEntity
  8
outside2_T
100
AcDbVertex
100
AcDb2dVertex
 10
-11.08758391037628
 20
3.770202488629835
 30
0.0
  0
VERTEX
  5
4A8
330
442
100
AcDbEntity
  8
outside2_T
100
AcDbVertex
100
AcDb2dVertex
 10
-11.96835858890864
 20
3.785391151126476
 30
0.0
  0
VERTEX
  5
4A9
330
442
100
AcDbEntity
  8
outside2_T
100
AcDbVertex
100
AcDb2dVertex
 10
-12.84882312166366
 20
3.800579724747351
 30
0.0
  0
VERTEX
  5
4AA
330
442
100
AcDbEntity
  8
outside2_T
100
AcDbVertex
100
AcDb2dVertex
 10
-13.72912073069512
 20
3.815471461550402
 30
0.0
  0
VERTEX
  5
4AB
330
442
100
AcDbEntity
  8
outside2_T
100
AcDbVertex
100
AcDb2dVertex
 10
-14.60929907311271
 20
3.830263605979269
 30
0.0
  0
VERTEX
  5
4AC
330
442
100
AcDbEntity
  8
outside2_T
100
AcDbVertex
100
AcDb2dVertex
 10
-15.48949309764959
 20
3.844858018049919
 30
0.0
  0
VERTEX
  5
4AD
330
442
100
AcDbEntity
  8
outside2_T
100
AcDbVertex
100
AcDb2dVertex
 10
-16.36956700551292
 20
3.85924608500541
 30
0.0
  0
VERTEX
  5
4AE
330
442
100
AcDbEntity
  8
outside2_T
100
AcDbVertex
100
AcDb2dVertex
 10
-17.24963964009186
 20
3.873535008409974
 30
0.0
  0
VERTEX
  5
4AF
330
442
100
AcDbEntity
  8
outside2_T
100
AcDbVertex
100
AcDb2dVertex
 10
-18.12984813344661
 20
3.887626152383433
 30
0.0
  0
VERTEX
  5
4B0
330
442
100
AcDbEntity
  8
outside2_T
100
AcDbVertex
100
AcDb2dVertex
 10
-19.0101396949147
 20
3.901518911244523
 30
0.0
  0
VERTEX
  5
4B1
330
442
100
AcDbEntity
  8
outside2_T
100
AcDbVertex
100
AcDb2dVertex
 10
-20.33086674698444
 20
3.922106186032579
 30
0.0
  0
VERTEX
  5
4B2
330
442
100
AcDbEntity
  8
outside2_T
100
AcDbVertex
100
AcDb2dVertex
 10
-21.6518025363867
 20
3.942198000790739
 30
0.0
  0
VERTEX
  5
4B3
330
442
100
AcDbEntity
  8
outside2_T
100
AcDbVertex
100
AcDb2dVertex
 10
-22.97313471339299
 20
3.961984814798072
 30
0.0
  0
VERTEX
  5
4B4
330
442
100
AcDbEntity
  8
outside2_T
100
AcDbVertex
100
AcDb2dVertex
 10
-24.29468361328423
 20
3.981276275002131
 30
0.0
  0
VERTEX
  5
4B5
330
442
100
AcDbEntity
  8
outside2_T
100
AcDbVertex
100
AcDb2dVertex
 10
-25.61641185925015
 20
4.000163335640963
 30
0.0
  0
VERTEX
  5
4B6
330
442
100
AcDbEntity
  8
outside2_T
100
AcDbVertex
100
AcDb2dVertex
 10
-26.93844477570548
 20
4.018653893036799
 30
0.0
  0
VERTEX
  5
4B7
330
442
100
AcDbEntity
  8
outside2_T
100
AcDbVertex
100
AcDb2dVertex
 10
-28.2606034405506
 20
4.036740586807184
 30
0.0
  0
VERTEX
  5
4B8
330
442
100
AcDbEntity
  8
outside2_T
100
AcDbVertex
100
AcDb2dVertex
 10
-29.58305031530045
 20
4.054331629740233
 30
0.0
  0
VERTEX
  5
4B9
330
442
100
AcDbEntity
  8
outside2_T
100
AcDbVertex
100
AcDb2dVertex
 10
-30.90560510971846
 20
4.071526184081677
 30
0.0
  0
VERTEX
  5
4BA
330
442
100
AcDbEntity
  8
outside2_T
100
AcDbVertex
100
AcDb2dVertex
 10
-32.22835953384225
 20
4.08821750055796
 30
0.0
  0
VERTEX
  5
4BB
330
442
100
AcDbEntity
  8
outside2_T
100
AcDbVertex
100
AcDb2dVertex
 10
-33.55120372182347
 20
4.10450466600949
 30
0.0
  0
VERTEX
  5
4BC
330
442
100
AcDbEntity
  8
outside2_T
100
AcDbVertex
100
AcDb2dVertex
 10
-34.87417396420693
 20
4.12029643184222
 30
0.0
  0
VERTEX
  5
4BD
330
442
100
AcDbEntity
  8
outside2_T
100
AcDbVertex
100
AcDb2dVertex
 10
-36.19732306749103
 20
4.135584711132267
 30
0.0
  0
VERTEX
  5
4BE
330
442
100
AcDbEntity
  8
outside2_T
100
AcDbVertex
100
AcDb2dVertex
 10
-37.52047047140451
 20
4.150476467294709
 30
0.0
  0
VERTEX
  5
4BF
330
442
100
AcDbEntity
  8
outside2_T
100
AcDbVertex
100
AcDb2dVertex
 10
-38.84374536121692
 20
4.164872819674358
 30
0.0
  0
VERTEX
  5
4C0
330
442
100
AcDbEntity
  8
outside2_T
100
AcDbVertex
100
AcDb2dVertex
 10
-40.16711279493103
 20
4.178765920671339
 30
0.0
  0
VERTEX
  5
4C1
330
442
100
AcDbEntity
  8
outside2_T
100
AcDbVertex
100
AcDb2dVertex
 10
-41.49038725949964
 20
4.192155744111361
 30
0.0
  0
VERTEX
  5
4C2
330
442
100
AcDbEntity
  8
outside2_T
100
AcDbVertex
100
AcDb2dVertex
 10
-42.81375339350967
 20
4.205049932208368
 30
0.0
  0
VERTEX
  5
4C3
330
442
100
AcDbEntity
  8
outside2_T
100
AcDbVertex
100
AcDb2dVertex
 10
-44.13711937766931
 20
4.21744085668206
 30
0.0
  0
VERTEX
  5
4C4
330
442
100
AcDbEntity
  8
outside2_T
100
AcDbVertex
100
AcDb2dVertex
 10
-45.46052915250613
 20
4.229336400712995
 30
0.0
  0
VERTEX
  5
4C5
330
442
100
AcDbEntity
  8
outside2_T
100
AcDbVertex
100
AcDb2dVertex
 10
-47.22498359228604
 20
4.244327789550255
 30
0.0
  0
VERTEX
  5
4C6
330
442
100
AcDbEntity
  8
outside2_T
100
AcDbVertex
100
AcDb2dVertex
 10
-49.87139623472859
 20
4.265113809682717
 30
0.0
  0
VERTEX
  5
4C7
330
442
100
AcDbEntity
  8
outside2_T
100
AcDbVertex
100
AcDb2dVertex
 10
-52.51776103020126
 20
4.283910097330804
 30
0.0
  0
VERTEX
  5
4C8
330
442
100
AcDbEntity
  8
outside2_T
100
AcDbVertex
100
AcDb2dVertex
 10
-55.16404387057565
 20
4.300395988008802
 30
0.0
  0
VERTEX
  5
4C9
330
442
100
AcDbEntity
  8
outside2_T
100
AcDbVertex
100
AcDb2dVertex
 10
-57.81009349043785
 20
4.31479244024186
 30
0.0
  0
VERTEX
  5
4CA
330
442
100
AcDbEntity
  8
outside2_T
100
AcDbVertex
100
AcDb2dVertex
 10
-60.45617829162512
 20
4.32708441895025
 30
0.0
  0
VERTEX
  5
4CB
330
442
100
AcDbEntity
  8
outside2_T
100
AcDbVertex
100
AcDb2dVertex
 10
-63.10216591350542
 20
4.337081219446759
 30
0.0
  0
VERTEX
  5
4CC
330
442
100
AcDbEntity
  8
outside2_T
100
AcDbVertex
100
AcDb2dVertex
 10
-65.7481440336847
 20
4.344874273160926
 30
0.0
  0
VERTEX
  5
4CD
330
442
100
AcDbEntity
  8
outside2_T
100
AcDbVertex
100
AcDb2dVertex
 10
-68.39414126310436
 20
4.350471281709616
 30
0.0
  0
VERTEX
  5
4CE
330
442
100
AcDbEntity
  8
outside2_T
100
AcDbVertex
100
AcDb2dVertex
 10
-71.04013849051336
 20
4.353666304298329
 30
0.0
  0
VERTEX
  5
4CF
330
442
100
AcDbEntity
  8
outside2_T
100
AcDbVertex
100
AcDb2dVertex
 10
-73.68599231443142
 20
4.354665211605649
 30
0.0
  0
VERTEX
  5
4D0
330
442
100
AcDbEntity
  8
outside2_T
100
AcDbVertex
100
AcDb2dVertex
 10
-74.71206744628586
 20
4.354268684406549
 30
0.0
  0
SEQEND
  5
4D1
330
442
100
AcDbEntity
  8
outside2_T
  0
POLYLINE
  5
4D2
330
1F
100
AcDbEntity
  8
outside2_T
100
AcDb2dPolyline
 66
     1
 10
0.0
 20
0.0
 30
0.0
  0
VERTEX
  5
4D3
330
4D2
100
AcDbEntity
  8
outside2_T
100
AcDbVertex
100
AcDb2dVertex
 10
-293.9765992325736
 20
1.217457329297659
 30
0.0
  0
VERTEX
  5
4D4
330
4D2
100
AcDbEntity
  8
outside2_T
100
AcDbVertex
100
AcDb2dVertex
 10
-293.9888658324982
 20
1.217457329297659
 30
0.0
  0
VERTEX
  5
4D5
330
4D2
100
AcDbEntity
  8
outside2_T
100
AcDbVertex
100
AcDb2dVertex
 10
-297.9394813765555
 20
1.21935552020534
 30
0.0
  0
VERTEX
  5
4D6
330
4D2
100
AcDbEntity
  8
outside2_T
100
AcDbVertex
100
AcDb2dVertex
 10
-300.5833250999389
 20
1.223753757530005
 30
0.0
  0
VERTEX
  5
4D7
330
4D2
100
AcDbEntity
  8
outside2_T
100
AcDbVertex
100
AcDb2dVertex
 10
-303.2273387508129
 20
1.230347478866832
 30
0.0
  0
VERTEX
  5
4D8
330
4D2
100
AcDbEntity
  8
outside2_T
100
AcDbVertex
100
AcDb2dVertex
 10
-305.8712621706395
 20
1.239334789298269
 30
0.0
  0
VERTEX
  5
4D9
330
4D2
100
AcDbEntity
  8
outside2_T
100
AcDbVertex
100
AcDb2dVertex
 10
-308.5154021918722
 20
1.250426076587985
 30
0.0
  0
VERTEX
  5
4DA
330
4D2
100
AcDbEntity
  8
outside2_T
100
AcDbVertex
100
AcDb2dVertex
 10
-311.1594351134939
 20
1.263720335344658
 30
0.0
  0
VERTEX
  5
4DB
330
4D2
100
AcDbEntity
  8
outside2_T
100
AcDbVertex
100
AcDb2dVertex
 10
-313.8037749993762
 20
1.279202410059568
 30
0.0
  0
VERTEX
  5
4DC
330
4D2
100
AcDbEntity
  8
outside2_T
100
AcDbVertex
100
AcDb2dVertex
 10
-316.4481141553959
 20
1.296788395539139
 30
0.0
  0
VERTEX
  5
4DD
330
4D2
100
AcDbEntity
  8
outside2_T
100
AcDbVertex
100
AcDb2dVertex
 10
-319.09265164479
 20
1.316569771659289
 30
0.0
  0
VERTEX
  5
4DE
330
4D2
100
AcDbEntity
  8
outside2_T
100
AcDbVertex
100
AcDb2dVertex
 10
-321.737364180064
 20
1.338455628343596
 30
0.0
  0
VERTEX
  5
4DF
330
4D2
100
AcDbEntity
  8
outside2_T
100
AcDbVertex
100
AcDb2dVertex
 10
-323.0596953271816
 20
1.350141214276462
 30
0.0
  0
VERTEX
  5
4E0
330
4D2
100
AcDbEntity
  8
outside2_T
100
AcDbVertex
100
AcDb2dVertex
 10
-324.3821794532625
 20
1.362330324224786
 30
0.0
  0
VERTEX
  5
4E1
330
4D2
100
AcDbEntity
  8
outside2_T
100
AcDbVertex
100
AcDb2dVertex
 10
-325.7046457639613
 20
1.375022378426607
 30
0.0
  0
VERTEX
  5
4E2
330
4D2
100
AcDbEntity
  8
outside2_T
100
AcDbVertex
100
AcDb2dVertex
 10
-327.0271309843822
 20
1.388309205331183
 30
0.0
  0
VERTEX
  5
4E3
330
4D2
100
AcDbEntity
  8
outside2_T
100
AcDbVertex
100
AcDb2dVertex
 10
-328.3495361919476
 20
1.402000246944269
 30
0.0
  0
VERTEX
  5
4E4
330
4D2
100
AcDbEntity
  8
outside2_T
100
AcDbVertex
100
AcDb2dVertex
 10
-329.6719224871334
 20
1.416186585504164
 30
0.0
  0
VERTEX
  5
4E5
330
4D2
100
AcDbEntity
  8
outside2_T
100
AcDbVertex
100
AcDb2dVertex
 10
-330.994308329003
 20
1.43087603474315
 30
0.0
  0
VERTEX
  5
4E6
330
4D2
100
AcDbEntity
  8
outside2_T
100
AcDbVertex
100
AcDb2dVertex
 10
-332.3165074340909
 20
1.446061195727964
 30
0.0
  0
VERTEX
  5
4E7
330
4D2
100
AcDbEntity
  8
outside2_T
100
AcDbVertex
100
AcDb2dVertex
 10
-333.6386952466968
 20
1.461650156550689
 30
0.0
  0
VERTEX
  5
4E8
330
4D2
100
AcDbEntity
  8
outside2_T
100
AcDbVertex
100
AcDb2dVertex
 10
-334.9607949342684
 20
1.47783393618279
 30
0.0
  0
VERTEX
  5
4E9
330
4D2
100
AcDbEntity
  8
outside2_T
100
AcDbVertex
100
AcDb2dVertex
 10
-336.2827155092653
 20
1.494322876737542
 30
0.0
  0
VERTEX
  5
4EA
330
4D2
100
AcDbEntity
  8
outside2_T
100
AcDbVertex
100
AcDb2dVertex
 10
-337.6045065620656
 20
1.511306835223536
 30
0.0
  0
VERTEX
  5
4EB
330
4D2
100
AcDbEntity
  8
outside2_T
100
AcDbVertex
100
AcDb2dVertex
 10
-338.9262096701321
 20
1.528794157609411
 30
0.0
  0
VERTEX
  5
4EC
330
4D2
100
AcDbEntity
  8
outside2_T
100
AcDbVertex
100
AcDb2dVertex
 10
-340.2477064024525
 20
1.546677872149075
 30
0.0
  0
VERTEX
  5
4ED
330
4D2
100
AcDbEntity
  8
outside2_T
100
AcDbVertex
100
AcDb2dVertex
 10
-341.568932760698
 20
1.565064977719146
 30
0.0
  0
VERTEX
  5
4EE
330
4D2
100
AcDbEntity
  8
outside2_T
100
AcDbVertex
100
AcDb2dVertex
 10
-342.8900522991674
 20
1.58374938588743
 30
0.0
  0
VERTEX
  5
4EF
330
4D2
100
AcDbEntity
  8
outside2_T
100
AcDbVertex
100
AcDb2dVertex
 10
-344.2108550805919
 20
1.602936641179042
 30
0.0
  0
VERTEX
  5
4F0
330
4D2
100
AcDbEntity
  8
outside2_T
100
AcDbVertex
100
AcDb2dVertex
 10
-345.5314804572723
 20
1.622520604239639
 30
0.0
  0
VERTEX
  5
4F1
330
4D2
100
AcDbEntity
  8
outside2_T
100
AcDbVertex
100
AcDb2dVertex
 10
-346.8518863407439
 20
1.64250065077556
 30
0.0
  0
VERTEX
  5
4F2
330
4D2
100
AcDbEntity
  8
outside2_T
100
AcDbVertex
100
AcDb2dVertex
 10
-348.1719072294181
 20
1.662984114689465
 30
0.0
  0
VERTEX
  5
4F3
330
4D2
100
AcDbEntity
  8
outside2_T
100
AcDbVertex
100
AcDb2dVertex
 10
-349.4917595869426
 20
1.683765349500916
 30
0.0
  0
VERTEX
  5
4F4
330
4D2
100
AcDbEntity
  8
outside2_T
100
AcDbVertex
100
AcDb2dVertex
 10
-350.3714478021957
 20
1.697853045970362
 30
0.0
  0
VERTEX
  5
4F5
330
4D2
100
AcDbEntity
  8
outside2_T
100
AcDbVertex
100
AcDb2dVertex
 10
-351.251120215125
 20
1.712047212430832
 30
0.0
  0
VERTEX
  5
4F6
330
4D2
100
AcDbEntity
  8
outside2_T
100
AcDbVertex
100
AcDb2dVertex
 10
-352.1306864012112
 20
1.726531063929031
 30
0.0
  0
VERTEX
  5
4F7
330
4D2
100
AcDbEntity
  8
outside2_T
100
AcDbVertex
100
AcDb2dVertex
 10
-353.0103868240538
 20
1.741122094894749
 30
0.0
  0
VERTEX
  5
4F8
330
4D2
100
AcDbEntity
  8
outside2_T
100
AcDbVertex
100
AcDb2dVertex
 10
-353.8901885490598
 20
1.755911369097916
 30
0.0
  0
VERTEX
  5
4F9
330
4D2
100
AcDbEntity
  8
outside2_T
100
AcDbVertex
100
AcDb2dVertex
 10
-354.7700894103444
 20
1.770799747241483
 30
0.0
  0
VERTEX
  5
4FA
330
4D2
100
AcDbEntity
  8
outside2_T
100
AcDbVertex
100
AcDb2dVertex
 10
-355.6500617348736
 20
1.785885858301768
 30
0.0
  0
VERTEX
  5
4FB
330
4D2
100
AcDbEntity
  8
outside2_T
100
AcDbVertex
100
AcDb2dVertex
 10
-356.5303665108688
 20
1.801170647874159
 30
0.0
  0
VERTEX
  5
4FC
330
4D2
100
AcDbEntity
  8
outside2_T
100
AcDbVertex
100
AcDb2dVertex
 10
-357.4109633147537
 20
1.816562205075883
 30
0.0
  0
VERTEX
  5
4FD
330
4D2
100
AcDbEntity
  8
outside2_T
100
AcDbVertex
100
AcDb2dVertex
 10
-358.2918732246899
 20
1.832144355896361
 30
0.0
  0
VERTEX
  5
4FE
330
4D2
100
AcDbEntity
  8
outside2_T
100
AcDbVertex
100
AcDb2dVertex
 10
-359.1731627228963
 20
1.847833205653373
 30
0.0
  0
VERTEX
  5
4FF
330
4D2
100
AcDbEntity
  8
outside2_T
100
AcDbVertex
100
AcDb2dVertex
 10
-360.0548355093061
 20
1.863719751217687
 30
0.0
  0
VERTEX
  5
500
330
4D2
100
AcDbEntity
  8
outside2_T
100
AcDbVertex
100
AcDb2dVertex
 10
-360.9369518117255
 20
1.879812701943678
 30
0.0
  0
VERTEX
  5
501
330
4D2
100
AcDbEntity
  8
outside2_T
100
AcDbVertex
100
AcDb2dVertex
 10
-361.8196481364578
 20
1.895997145041477
 30
0.0
  0
VERTEX
  5
502
330
4D2
100
AcDbEntity
  8
outside2_T
100
AcDbVertex
100
AcDb2dVertex
 10
-362.7028710128017
 20
1.912387853900384
 30
0.0
  0
VERTEX
  5
503
330
4D2
100
AcDbEntity
  8
outside2_T
100
AcDbVertex
100
AcDb2dVertex
 10
-363.1447161868966
 20
1.920575254321534
 30
0.0
  0
VERTEX
  5
504
330
4D2
100
AcDbEntity
  8
outside2_T
100
AcDbVertex
100
AcDb2dVertex
 10
-363.5866539178307
 20
1.928869114521902
 30
0.0
  0
VERTEX
  5
505
330
4D2
100
AcDbEntity
  8
outside2_T
100
AcDbVertex
100
AcDb2dVertex
 10
-364.0286883853726
 20
1.937163073424188
 30
0.0
  0
VERTEX
  5
506
330
4D2
100
AcDbEntity
  8
outside2_T
100
AcDbVertex
100
AcDb2dVertex
 10
-364.4707208734797
 20
1.94555609535027
 30
0.0
  0
VERTEX
  5
507
330
4D2
100
AcDbEntity
  8
outside2_T
100
AcDbVertex
100
AcDb2dVertex
 10
-364.9128104998984
 20
1.953950202181005
 30
0.0
  0
VERTEX
  5
508
330
4D2
100
AcDbEntity
  8
outside2_T
100
AcDbVertex
100
AcDb2dVertex
 10
-365.35469755881
 20
1.962344226558741
 30
0.0
  0
VERTEX
  5
509
330
4D2
100
AcDbEntity
  8
outside2_T
100
AcDbVertex
100
AcDb2dVertex
 10
-365.7965295974827
 20
1.970737205761282
 30
0.0
  0
VERTEX
  5
50A
330
4D2
100
AcDbEntity
  8
outside2_T
100
AcDbVertex
100
AcDb2dVertex
 10
-366.2381634104782
 20
1.979229284120734
 30
0.0
  0
VERTEX
  5
50B
330
4D2
100
AcDbEntity
  8
outside2_T
100
AcDbVertex
100
AcDb2dVertex
 10
-366.6795604370795
 20
1.987722380189268
 30
0.0
  0
VERTEX
  5
50C
330
4D2
100
AcDbEntity
  8
outside2_T
100
AcDbVertex
100
AcDb2dVertex
 10
-367.1205308079265
 20
1.99621518814682
 30
0.0
  0
VERTEX
  5
50D
330
4D2
100
AcDbEntity
  8
outside2_T
100
AcDbVertex
100
AcDb2dVertex
 10
-367.5607469899994
 20
2.004714600147025
 30
0.0
  0
VERTEX
  5
50E
330
4D2
100
AcDbEntity
  8
outside2_T
100
AcDbVertex
100
AcDb2dVertex
 10
-368.0002264385847
 20
2.013306581178753
 30
0.0
  0
VERTEX
  5
50F
330
4D2
100
AcDbEntity
  8
outside2_T
100
AcDbVertex
100
AcDb2dVertex
 10
-368.4384918122759
 20
2.021799268805594
 30
0.0
  0
VERTEX
  5
510
330
4D2
100
AcDbEntity
  8
outside2_T
100
AcDbVertex
100
AcDb2dVertex
 10
-368.8755494461877
 20
2.030391000070523
 30
0.0
  0
VERTEX
  5
511
330
4D2
100
AcDbEntity
  8
outside2_T
100
AcDbVertex
100
AcDb2dVertex
 10
-369.3111065643239
 20
2.038883502426458
 30
0.0
  0
VERTEX
  5
512
330
4D2
100
AcDbEntity
  8
outside2_T
100
AcDbVertex
100
AcDb2dVertex
 10
-369.744963281836
 20
2.047474950989795
 30
0.0
  0
VERTEX
  5
513
330
4D2
100
AcDbEntity
  8
outside2_T
100
AcDbVertex
100
AcDb2dVertex
 10
-370.177098314737
 20
2.055976443009058
 30
0.0
  0
VERTEX
  5
514
330
4D2
100
AcDbEntity
  8
outside2_T
100
AcDbVertex
100
AcDb2dVertex
 10
-370.6080073011795
 20
2.064468086856579
 30
0.0
  0
VERTEX
  5
515
330
4D2
100
AcDbEntity
  8
outside2_T
100
AcDbVertex
100
AcDb2dVertex
 10
-371.0385519657936
 20
2.0730591604582
 30
0.0
  0
VERTEX
  5
516
330
4D2
100
AcDbEntity
  8
outside2_T
100
AcDbVertex
100
AcDb2dVertex
 10
-371.4694681289392
 20
2.081651865763732
 30
0.0
  0
VERTEX
  5
517
330
4D2
100
AcDbEntity
  8
outside2_T
100
AcDbVertex
100
AcDb2dVertex
 10
-371.9013408876138
 20
2.090243579780093
 30
0.0
  0
VERTEX
  5
518
330
4D2
100
AcDbEntity
  8
outside2_T
100
AcDbVertex
100
AcDb2dVertex
 10
-372.3348689466631
 20
2.098941278390569
 30
0.0
  0
VERTEX
  5
519
330
4D2
100
AcDbEntity
  8
outside2_T
100
AcDbVertex
100
AcDb2dVertex
 10
-372.7708094373032
 20
2.107730831527846
 30
0.0
  0
VERTEX
  5
51A
330
4D2
100
AcDbEntity
  8
outside2_T
100
AcDbVertex
100
AcDb2dVertex
 10
-373.2099774428122
 20
2.116627631556113
 30
0.0
  0
VERTEX
  5
51B
330
4D2
100
AcDbEntity
  8
outside2_T
100
AcDbVertex
100
AcDb2dVertex
 10
-373.6529047380062
 20
2.125615159042269
 30
0.0
  0
VERTEX
  5
51C
330
4D2
100
AcDbEntity
  8
outside2_T
100
AcDbVertex
100
AcDb2dVertex
 10
-375.0149820111299
 20
2.153494959045716
 30
0.0
  0
SEQEND
  5
51D
330
4D2
100
AcDbEntity
  8
outside2_T
  0
ENDSEC
  0
SECTION
  2
OBJECTS
  0
DICTIONARY
  5
C
330
0
100
AcDbDictionary
281
     1
  3
ACAD_DETAILVIEWSTYLE
350
559
  3
ACAD_GROUP
350
D
  3
ACAD_LAYOUT
350
1A
  3
ACAD_MATERIAL
350
43
  3
ACAD_MLEADERSTYLE
350
5B
  3
ACAD_MLINESTYLE
350
17
  3
ACAD_PLOTSETTINGS
350
19
  3
ACAD_PLOTSTYLENAME
350
E
  3
ACAD_SCALELIST
350
47
  3
ACAD_SECTIONVIEWSTYLE
350
55A
  3
ACAD_TABLESTYLE
350
59
  3
ACAD_VISUALSTYLE
350
2A
  3
AcDbVariableDictionary
350
51E
  3
ACDB_RECOMPOSE_DATA
350
556
  0
SUN
  5
5D
330
29
100
AcDbSun
 90
        1
290
     0
 63
     7
421
 16777215
 40
1.0
291
     1
 91
  2455826
 92
 54000000
292
     0
 70
     2
 71
   256
280
     1
  0
DICTIONARY
  5
559
102
{ACAD_REACTORS
330
C
102
}
330
C
100
AcDbDictionary
281
     1
  0
DICTIONARY
  5
D
102
{ACAD_REACTORS
330
C
102
}
330
C
100
AcDbDictionary
281
     1
  0
DICTIONARY
  5
1A
102
{ACAD_REACTORS
330
C
102
}
330
C
100
AcDbDictionary
281
     1
  3
Layout1
350
1E
  3
Layout2
350
26
  3
Model
350
22
  0
DICTIONARY
  5
43
102
{ACAD_REACTORS
330
C
102
}
330
C
100
AcDbDictionary
281
     1
  3
ByBlock
350
45
  3
ByLayer
350
44
  3
Global
350
46
  0
DICTIONARY
  5
5B
102
{ACAD_REACTORS
330
C
102
}
330
C
100
AcDbDictionary
281
     1
  3
Standard
350
5C
  0
DICTIONARY
  5
17
102
{ACAD_REACTORS
330
C
102
}
330
C
100
AcDbDictionary
281
     1
  3
Standard
350
18
  0
DICTIONARY
  5
19
102
{ACAD_REACTORS
330
C
102
}
330
C
100
AcDbDictionary
281
     1
  0
ACDBDICTIONARYWDFLT
  5
E
102
{ACAD_REACTORS
330
C
102
}
330
C
100
AcDbDictionary
281
     1
  3
Normal
350
F
100
AcDbDictionaryWithDefault
340
F
  0
DICTIONARY
  5
47
102
{ACAD_REACTORS
330
C
102
}
330
C
100
AcDbDictionary
281
     1
  3
A0
350
48
  3
A1
350
49
  3
A2
350
4A
  3
A3
350
4B
  3
A4
350
4C
  3
A5
350
4D
  3
A6
350
4E
  3
A7
350
4F
  3
A8
350
50
  3
A9
350
51
  3
B1
350
52
  3
B2
350
53
  3
B3
350
54
  3
B4
350
55
  3
B5
350
56
  3
B6
350
57
  3
B7
350
58
  0
DICTIONARY
  5
55A
102
{ACAD_REACTORS
330
C
102
}
330
C
100
AcDbDictionary
281
     1
  0
DICTIONARY
  5
59
102
{ACAD_REACTORS
330
C
102
}
330
C
100
AcDbDictionary
281
     1
  3
Standard
350
5A
  0
DICTIONARY
  5
2A
102
{ACAD_REACTORS
330
C
102
}
330
C
100
AcDbDictionary
281
     1
  3
2dWireframe
350
2F
  3
Basic
350
32
  3
Brighten
350
36
  3
ColorChange
350
3A
  3
Conceptual
350
34
  3
Dim
350
35
  3
EdgeColorOff
350
3D
  3
Facepattern
350
39
  3
Flat
350
2B
  3
FlatWithEdges
350
2C
  3
Gouraud
350
2D
  3
GouraudWithEdges
350
2E
  3
Hidden
350
31
  3
JitterOff
350
3B
  3
Linepattern
350
38
  3
OverhangOff
350
3C
  3
Realistic
350
33
  3
Shaded
350
42
  3
Shaded with edges
350
41
  3
Shades of Gray
350
3E
  3
Sketchy
350
3F
  3
Thicken
350
37
  3
Wireframe
350
30
  3
X-Ray
350
40
  0
DICTIONARY
  5
51E
102
{ACAD_REACTORS
330
C
102
}
330
C
100
AcDbDictionary
281
     1
  3
CANNOSCALE
350
51F
  3
CMLEADERSTYLE
350
558
  3
CTABLESTYLE
350
557
  3
XCLIPFRAME
350
520
  0
XRECORD
  5
556
102
{ACAD_REACTORS
330
C
102
}
330
C
100
AcDbXrecord
280
     1
 90
        1
330
5A
  0
LAYOUT
  5
1E
102
{ACAD_REACTORS
330
1A
102
}
330
1A
100
AcDbPlotSettings
  1

  2
none_device
  4

  6

 40
0.0
 41
0.0
 42
0.0
 43
0.0
 44
0.0
 45
0.0
 46
0.0
 47
0.0
 48
0.0
 49
0.0
140
0.0
141
0.0
142
1.0
143
1.0
 70
   688
 72
     0
 73
     0
 74
     5
  7

 75
    16
 76
     0
 77
     2
 78
   300
147
1.0
148
0.0
149
0.0
100
AcDbLayout
  1
Layout1
 70
     1
 71
     1
 10
0.0
 20
0.0
 11
12.0
 21
9.0
 12
0.0
 22
0.0
 32
0.0
 14
1.000000000000000E+20
 24
1.000000000000000E+20
 34
1.000000000000000E+20
 15
-1.000000000000000E+20
 25
-1.000000000000000E+20
 35
-1.000000000000000E+20
146
0.0
 13
0.0
 23
0.0
 33
0.0
 16
1.0
 26
0.0
 36
0.0
 17
0.0
 27
1.0
 37
0.0
 76
     0
330
1B
  0
LAYOUT
  5
26
102
{ACAD_REACTORS
330
1A
102
}
330
1A
100
AcDbPlotSettings
  1

  2
none_device
  4

  6

 40
0.0
 41
0.0
 42
0.0
 43
0.0
 44
0.0
 45
0.0
 46
0.0
 47
0.0
 48
0.0
 49
0.0
140
0.0
141
0.0
142
1.0
143
1.0
 70
   688
 72
     0
 73
     0
 74
     5
  7

 75
    16
 76
     0
 77
     2
 78
   300
147
1.0
148
0.0
149
0.0
100
AcDbLayout
  1
Layout2
 70
     1
 71
     2
 10
0.0
 20
0.0
 11
0.0
 21
0.0
 12
0.0
 22
0.0
 32
0.0
 14
0.0
 24
0.0
 34
0.0
 15
0.0
 25
0.0
 35
0.0
146
0.0
 13
0.0
 23
0.0
 33
0.0
 16
1.0
 26
0.0
 36
0.0
 17
0.0
 27
1.0
 37
0.0
 76
     0
330
23
  0
LAYOUT
  5
22
102
{ACAD_REACTORS
330
1A
102
}
330
1A
100
AcDbPlotSettings
  1

  2
none_device
  4
Letter_(8.50_x_11.00_Inches)
  6

 40
6.35
 41
6.35
 42
6.35000508
 43
6.35000508
 44
215.9
 45
279.4
 46
0.0
 47
0.0
 48
0.0
 49
0.0
140
0.0
141
0.0
142
1.0
143
1.0
 70
  1712
 72
     0
 73
     0
 74
     0
  7

 75
     0
 76
     0
 77
     2
 78
   300
147
1.0
148
0.0
149
0.0
100
AcDbLayout
  1
Model
 70
     1
 71
     0
 10
0.0
 20
0.0
 11
12.0
 21
9.0
 12
0.0
 22
0.0
 32
0.0
 14
-403.3740032764295
 24
-5.155652200788111
 34
0.0
 15
57.68305113999799
 25
6.696078874912651
 35
0.0
146
0.0
 13
0.0
 23
0.0
 33
0.0
 16
1.0
 26
0.0
 36
0.0
 17
0.0
 27
1.0
 37
0.0
 76
     0
330
1F
331
29
  0
MATERIAL
  5
45
102
{ACAD_REACTORS
330
43
102
}
330
43
100
AcDbMaterial
  1
ByBlock
 72
     1
 94
      127
  0
MATERIAL
  5
44
102
{ACAD_REACTORS
330
43
102
}
330
43
100
AcDbMaterial
  1
ByLayer
 72
     1
 94
      127
  0
MATERIAL
  5
46
102
{ACAD_REACTORS
330
43
102
}
330
43
100
AcDbMaterial
  1
Global
 72
     1
 94
      127
  0
MLEADERSTYLE
  5
5C
102
{ACAD_REACTORS
330
5B
102
}
102
{ACAD_XDICTIONARY
360
554
102
}
330
5B
100
AcDbMLeaderStyle
170
     2
171
     1
172
     0
 90
        2
 40
0.0
 41
0.0
173
     1
 91
-1056964608
340
14
 92
       -2
290
     1
 42
0.09
291
     1
 43
0.36
  3
Standard
341
0
 44
0.18
300

342
11
174
     1
178
     6
175
     1
176
     0
 93
-1056964608
 45
0.18
292
     0
297
     0
 46
0.18
343
0
 94
-1056964608
 47
1.0
 49
1.0
140
1.0
293
     1
141
0.0
294
     1
177
     0
142
1.0
295
     0
296
     0
143
0.125
1001
ACAD_MLEADERVER
1070
     2
  0
MLINESTYLE
  5
18
102
{ACAD_REACTORS
330
17
102
}
330
17
100
AcDbMlineStyle
  2
Standard
 70
     0
  3

 62
   256
 51
90.0
 52
90.0
 71
     2
 49
0.5
 62
   256
  6
BYLAYER
 49
-0.5
 62
   256
  6
BYLAYER
  0
ACDBPLACEHOLDER
  5
F
102
{ACAD_REACTORS
330
E
102
}
330
E
  0
SCALE
  5
48
102
{ACAD_REACTORS
330
47
102
}
330
47
100
AcDbScale
 70
     0
300
1:1
140
1.0
141
1.0
290
     1
  0
SCALE
  5
49
102
{ACAD_REACTORS
330
47
102
}
330
47
100
AcDbScale
 70
     0
300
1/128" = 1'-0"
140
0.0078125
141
12.0
290
     0
  0
SCALE
  5
4A
102
{ACAD_REACTORS
330
47
102
}
330
47
100
AcDbScale
 70
     0
300
1/64" = 1'-0"
140
0.015625
141
12.0
290
     0
  0
SCALE
  5
4B
102
{ACAD_REACTORS
330
47
102
}
330
47
100
AcDbScale
 70
     0
300
1/32" = 1'-0"
140
0.03125
141
12.0
290
     0
  0
SCALE
  5
4C
102
{ACAD_REACTORS
330
47
102
}
330
47
100
AcDbScale
 70
     0
300
1/16" = 1'-0"
140
0.0625
141
12.0
290
     0
  0
SCALE
  5
4D
102
{ACAD_REACTORS
330
47
102
}
330
47
100
AcDbScale
 70
     0
300
3/32" = 1'-0"
140
0.09375
141
12.0
290
     0
  0
SCALE
  5
4E
102
{ACAD_REACTORS
330
47
102
}
330
47
100
AcDbScale
 70
     0
300
1/8" = 1'-0"
140
0.125
141
12.0
290
     0
  0
SCALE
  5
4F
102
{ACAD_REACTORS
330
47
102
}
330
47
100
AcDbScale
 70
     0
300
3/16" = 1'-0"
140
0.1875
141
12.0
290
     0
  0
SCALE
  5
50
102
{ACAD_REACTORS
330
47
102
}
330
47
100
AcDbScale
 70
     0
300
1/4" = 1'-0"
140
0.25
141
12.0
290
     0
  0
SCALE
  5
51
102
{ACAD_REACTORS
330
47
102
}
330
47
100
AcDbScale
 70
     0
300
3/8" = 1'-0"
140
0.375
141
12.0
290
     0
  0
SCALE
  5
52
102
{ACAD_REACTORS
330
47
102
}
330
47
100
AcDbScale
 70
     0
300
1/2" = 1'-0"
140
0.5
141
12.0
290
     0
  0
SCALE
  5
53
102
{ACAD_REACTORS
330
47
102
}
330
47
100
AcDbScale
 70
     0
300
3/4" = 1'-0"
140
0.75
141
12.0
290
     0
  0
SCALE
  5
54
102
{ACAD_REACTORS
330
47
102
}
330
47
100
AcDbScale
 70
     0
300
1" = 1'-0"
140
1.0
141
12.0
290
     0
  0
SCALE
  5
55
102
{ACAD_REACTORS
330
47
102
}
330
47
100
AcDbScale
 70
     0
300
1-1/2" = 1'-0"
140
1.5
141
12.0
290
     0
  0
SCALE
  5
56
102
{ACAD_REACTORS
330
47
102
}
330
47
100
AcDbScale
 70
     0
300
3" = 1'-0"
140
3.0
141
12.0
290
     0
  0
SCALE
  5
57
102
{ACAD_REACTORS
330
47
102
}
330
47
100
AcDbScale
 70
     0
300
6" = 1'-0"
140
6.0
141
12.0
290
     0
  0
SCALE
  5
58
102
{ACAD_REACTORS
330
47
102
}
330
47
100
AcDbScale
 70
     0
300
1'-0" = 1'-0"
140
12.0
141
12.0
290
     0
  0
TABLESTYLE
  5
5A
102
{ACAD_REACTORS
330
59
102
}
102
{ACAD_XDICTIONARY
360
551
102
}
330
59
100
AcDbTableStyle
  3
Standard
 70
     0
 71
     0
 40
0.06
 41
0.06
280
     0
281
     0
  7
Standard
140
0.18
170
     2
 62
     0
 63
   257
283
     0
 90
        4
 91
        0
  1

274
    -2
284
     1
 64
     0
275
    -2
285
     1
 65
     0
276
    -2
286
     1
 66
     0
277
    -2
287
     1
 67
     0
278
    -2
288
     1
 68
     0
279
    -2
289
     1
 69
     0
  7
Standard
140
0.25
170
     5
 62
     0
 63
   257
283
     0
 90
        4
 91
        0
  1

274
    -2
284
     1
 64
     0
275
    -2
285
     1
 65
     0
276
    -2
286
     1
 66
     0
277
    -2
287
     1
 67
     0
278
    -2
288
     1
 68
     0
279
    -2
289
     1
 69
     0
  7
Standard
140
0.18
170
     5
 62
     0
 63
   257
283
     0
 90
        4
 91
        0
  1

274
    -2
284
     1
 64
     0
275
    -2
285
     1
 65
     0
276
    -2
286
     1
 66
     0
277
    -2
287
     1
 67
     0
278
    -2
288
     1
 68
     0
279
    -2
289
     1
 69
     0
  0
VISUALSTYLE
  5
2F
102
{ACAD_REACTORS
330
2A
102
}
102
{ACAD_XDICTIONARY
360
529
102
}
330
2A
100
AcDbVisualStyle
  2
2dWireframe
 70
     4
 71
     0
 72
     2
 73
     0
 90
        0
 40
0.6
 41
30.0
 62
     5
 63
     7
421
 16777215
 74
     1
 91
        4
 64
     7
 65
   257
 75
     1
175
     1
 42
1.0
 92
        0
 66
   257
 43
1.0
 76
     1
 77
     6
 78
     2
 67
     7
 79
     5
170
     0
171
     0
290
     0
174
     0
 93
        1
 44
0.0
173
     0
291
     0
 45
0.0
  0
VISUALSTYLE
  5
32
102
{ACAD_REACTORS
330
2A
102
}
102
{ACAD_XDICTIONARY
360
52F
102
}
330
2A
100
AcDbVisualStyle
  2
Basic
 70
     7
 71
     1
 72
     0
 73
     1
 90
        0
 40
0.6
 41
30.0
 62
     5
 63
     7
421
 16777215
 74
     0
 91
        4
 64
     7
 65
   257
 75
     1
175
     1
 42
1.0
 92
        8
 66
     7
 43
1.0
 76
     1
 77
     6
 78
     2
 67
     7
 79
     5
170
     0
171
     0
290
     0
174
     0
 93
        1
 44
0.0
173
     0
291
     1
 45
0.0
  0
VISUALSTYLE
  5
36
102
{ACAD_REACTORS
330
2A
102
}
102
{ACAD_XDICTIONARY
360
537
102
}
330
2A
100
AcDbVisualStyle
  2
Brighten
 70
    12
 71
     2
 72
     2
 73
     0
 90
        0
 40
0.6
 41
30.0
 62
     5
 63
     7
421
 16777215
 74
     1
 91
        4
 64
     7
 65
   257
 75
     1
175
     1
 42
1.0
 92
        8
 66
     7
 43
1.0
 76
     1
 77
     6
 78
     2
 67
     7
 79
     5
170
     0
171
     0
290
     0
174
     0
 93
        1
 44
50.0
173
     0
291
     1
 45
0.0
  0
VISUALSTYLE
  5
3A
102
{ACAD_REACTORS
330
2A
102
}
102
{ACAD_XDICTIONARY
360
53F
102
}
330
2A
100
AcDbVisualStyle
  2
ColorChange
 70
    16
 71
     2
 72
     2
 73
     3
 90
        0
 40
0.6
 41
30.0
 62
     5
 63
     8
421
  8421504
 74
     1
 91
        4
 64
     7
 65
   257
 75
     1
175
     1
 42
1.0
 92
        8
 66
     8
424
  8421504
 43
1.0
 76
     1
 77
     6
 78
     2
 67
     7
 79
     5
170
     0
171
     0
290
     0
174
     0
 93
        1
 44
0.0
173
     0
291
     1
 45
0.0
  0
VISUALSTYLE
  5
34
102
{ACAD_REACTORS
330
2A
102
}
102
{ACAD_XDICTIONARY
360
533
102
}
330
2A
100
AcDbVisualStyle
  2
Conceptual
 70
     9
 71
     3
 72
     2
 73
     0
 90
        0
 40
0.6
 41
30.0
 62
     5
 63
     7
421
 16777215
 74
     2
 91
        2
 64
     7
 65
   257
 75
     1
175
     1
 42
179.0
 92
        8
 66
     7
 43
1.0
 76
     1
 77
     6
 78
     2
 67
     7
 79
     3
170
     0
171
     0
290
     0
174
     0
 93
        1
 44
0.0
173
     0
291
     0
 45
0.0
  0
VISUALSTYLE
  5
35
102
{ACAD_REACTORS
330
2A
102
}
102
{ACAD_XDICTIONARY
360
535
102
}
330
2A
100
AcDbVisualStyle
  2
Dim
 70
    11
 71
     2
 72
     2
 73
     0
 90
        0
 40
0.6
 41
30.0
 62
     5
 63
     7
421
 16777215
 74
     1
 91
        4
 64
     7
 65
   257
 75
     1
175
     1
 42
1.0
 92
        8
 66
     7
 43
1.0
 76
     1
 77
     6
 78
     2
 67
     7
 79
     5
170
     0
171
     0
290
     0
174
     0
 93
        1
 44
-50.0
173
     0
291
     1
 45
0.0
  0
VISUALSTYLE
  5
3D
102
{ACAD_REACTORS
330
2A
102
}
102
{ACAD_XDICTIONARY
360
545
102
}
330
2A
100
AcDbVisualStyle
  2
EdgeColorOff
 70
    22
 71
     2
 72
     2
 73
     0
 90
        0
 40
0.6
 41
30.0
 62
     5
 63
     7
421
 16777215
 74
     1
 91
        4
 64
     7
 65
   257
 75
     1
175
     1
 42
1.0
 92
        8
 66
     7
 43
1.0
 76
     1
 77
     6
 78
     2
 67
     7
 79
     5
170
     0
171
     0
290
     0
174
     0
 93
        1
 44
0.0
173
     0
291
     1
 45
0.0
  0
VISUALSTYLE
  5
39
102
{ACAD_REACTORS
330
2A
102
}
102
{ACAD_XDICTIONARY
360
53D
102
}
330
2A
100
AcDbVisualStyle
  2
Facepattern
 70
    15
 71
     2
 72
     2
 73
     0
 90
        0
 40
0.6
 41
30.0
 62
     5
 63
     7
421
 16777215
 74
     1
 91
        4
 64
     7
 65
   257
 75
     1
175
     1
 42
1.0
 92
        8
 66
     7
 43
1.0
 76
     1
 77
     6
 78
     2
 67
     7
 79
     5
170
     0
171
     0
290
     0
174
     0
 93
        1
 44
0.0
173
     0
291
     1
 45
0.0
  0
VISUALSTYLE
  5
2B
102
{ACAD_REACTORS
330
2A
102
}
102
{ACAD_XDICTIONARY
360
521
102
}
330
2A
100
AcDbVisualStyle
  2
Flat
 70
     0
 71
     2
 72
     1
 73
     1
 90
        2
 40
0.6
 41
30.0
 62
     5
 63
     7
421
 16777215
 74
     0
 91
        0
 64
     7
 65
   257
 75
     1
175
     1
 42
1.0
 92
        8
 66
     7
 43
1.0
 76
     1
 77
     6
 78
     2
 67
     7
 79
     5
170
     0
171
     0
290
     0
174
     0
 93
       13
 44
0.0
173
     0
291
     1
 45
0.0
  0
VISUALSTYLE
  5
2C
102
{ACAD_REACTORS
330
2A
102
}
102
{ACAD_XDICTIONARY
360
523
102
}
330
2A
100
AcDbVisualStyle
  2
FlatWithEdges
 70
     1
 71
     2
 72
     1
 73
     1
 90
        2
 40
0.6
 41
30.0
 62
     5
 63
     7
421
 16777215
 74
     1
 91
        0
 64
     7
 65
   257
 75
     1
175
     1
 42
1.0
 92
        0
 66
   257
 43
1.0
 76
     1
 77
     6
 78
     2
 67
     7
 79
     5
170
     0
171
     0
290
     0
174
     0
 93
       13
 44
0.0
173
     0
291
     1
 45
0.0
  0
VISUALSTYLE
  5
2D
102
{ACAD_REACTORS
330
2A
102
}
102
{ACAD_XDICTIONARY
360
525
102
}
330
2A
100
AcDbVisualStyle
  2
Gouraud
 70
     2
 71
     2
 72
     2
 73
     1
 90
        2
 40
0.6
 41
30.0
 62
     5
 63
     7
421
 16777215
 74
     0
 91
        0
 64
     7
 65
   257
 75
     1
175
     1
 42
1.0
 92
        0
 66
     7
 43
1.0
 76
     1
 77
     6
 78
     2
 67
     7
 79
     5
170
     0
171
     0
290
     0
174
     0
 93
       13
 44
0.0
173
     0
291
     1
 45
0.0
  0
VISUALSTYLE
  5
2E
102
{ACAD_REACTORS
330
2A
102
}
102
{ACAD_XDICTIONARY
360
527
102
}
330
2A
100
AcDbVisualStyle
  2
GouraudWithEdges
 70
     3
 71
     2
 72
     2
 73
     1
 90
        2
 40
0.6
 41
30.0
 62
     5
 63
     7
421
 16777215
 74
     1
 91
        0
 64
     7
 65
   257
 75
     1
175
     1
 42
1.0
 92
        0
 66
   257
 43
1.0
 76
     1
 77
     6
 78
     2
 67
     7
 79
     5
170
     0
171
     0
290
     0
174
     0
 93
       13
 44
0.0
173
     0
291
     1
 45
0.0
  0
VISUALSTYLE
  5
31
102
{ACAD_REACTORS
330
2A
102
}
102
{ACAD_XDICTIONARY
360
52D
102
}
330
2A
100
AcDbVisualStyle
  2
Hidden
 70
     6
 71
     1
 72
     2
 73
     2
 90
        0
 40
0.6
 41
30.0
 62
     5
 63
     7
421
 16777215
 74
     2
 91
        2
 64
     7
 65
   257
 75
     2
175
     1
 42
40.0
 92
        0
 66
   257
 43
1.0
 76
     1
 77
     6
 78
     2
 67
     7
 79
     3
170
     0
171
     0
290
     0
174
     0
 93
        1
 44
0.0
173
     0
291
     0
 45
0.0
  0
VISUALSTYLE
  5
3B
102
{ACAD_REACTORS
330
2A
102
}
102
{ACAD_XDICTIONARY
360
541
102
}
330
2A
100
AcDbVisualStyle
  2
JitterOff
 70
    20
 71
     2
 72
     2
 73
     0
 90
        0
 40
0.6
 41
30.0
 62
     5
 63
     7
421
 16777215
 74
     1
 91
        4
 64
     7
 65
   257
 75
     1
175
     1
 42
1.0
 92
       10
 66
     7
 43
1.0
 76
     1
 77
     6
 78
     2
 67
     7
 79
     5
170
     0
171
     0
290
     0
174
     0
 93
        1
 44
0.0
173
     0
291
     1
 45
0.0
  0
VISUALSTYLE
  5
38
102
{ACAD_REACTORS
330
2A
102
}
102
{ACAD_XDICTIONARY
360
53B
102
}
330
2A
100
AcDbVisualStyle
  2
Linepattern
 70
    14
 71
     2
 72
     2
 73
     0
 90
        0
 40
0.6
 41
30.0
 62
     5
 63
     7
421
 16777215
 74
     1
 91
        4
 64
     7
 65
   257
 75
     7
175
     7
 42
1.0
 92
        8
 66
     7
 43
1.0
 76
     1
 77
     6
 78
     2
 67
     7
 79
     5
170
     0
171
     0
290
     0
174
     0
 93
        1
 44
0.0
173
     0
291
     1
 45
0.0
  0
VISUALSTYLE
  5
3C
102
{ACAD_REACTORS
330
2A
102
}
102
{ACAD_XDICTIONARY
360
543
102
}
330
2A
100
AcDbVisualStyle
  2
OverhangOff
 70
    21
 71
     2
 72
     2
 73
     0
 90
        0
 40
0.6
 41
30.0
 62
     5
 63
     7
421
 16777215
 74
     1
 91
        4
 64
     7
 65
   257
 75
     1
175
     1
 42
1.0
 92
        9
 66
     7
 43
1.0
 76
     1
 77
     6
 78
     2
 67
     7
 79
     5
170
     0
171
     0
290
     0
174
     0
 93
        1
 44
0.0
173
     0
291
     1
 45
0.0
  0
VISUALSTYLE
  5
33
102
{ACAD_REACTORS
330
2A
102
}
102
{ACAD_XDICTIONARY
360
531
102
}
330
2A
100
AcDbVisualStyle
  2
Realistic
 70
     8
 71
     2
 72
     3
 73
     0
 90
        2
 40
0.6
 41
30.0
 62
     5
 63
     7
421
 16777215
 74
     0
 91
        0
 64
     7
 65
   257
 75
     1
175
     1
 42
1.0
 92
        8
 66
   257
 43
1.0
 76
     1
 77
     6
 78
     2
 67
     7
 79
     3
170
     0
171
     0
290
     0
174
     0
 93
       13
 44
0.0
173
     0
291
     0
 45
0.0
  0
VISUALSTYLE
  5
42
102
{ACAD_REACTORS
330
2A
102
}
102
{ACAD_XDICTIONARY
360
54F
102
}
330
2A
100
AcDbVisualStyle
  2
Shaded
 70
    27
 71
     2
 72
     2
 73
     1
 90
        2
 40
0.6
 41
30.0
 62
     5
 63
     7
421
 16777215
 74
     0
 91
        4
 64
     7
 65
   257
 75
     1
175
     1
 42
1.0
 92
        8
 66
   257
 43
1.0
 76
     1
 77
     6
 78
     2
 67
     8
425
  7895160
 79
     3
170
     0
171
     0
290
     0
174
     0
 93
        5
 44
0.0
173
     0
291
     0
 45
0.0
  0
VISUALSTYLE
  5
41
102
{ACAD_REACTORS
330
2A
102
}
102
{ACAD_XDICTIONARY
360
54D
102
}
330
2A
100
AcDbVisualStyle
  2
Shaded with edges
 70
    26
 71
     2
 72
     2
 73
     1
 90
        2
 40
0.6
 41
30.0
 62
     5
 63
     7
421
 16777215
 74
     1
 91
       10
 64
     7
 65
   257
 75
     2
175
     1
 42
1.0
 92
        8
 66
   257
 43
1.0
 76
     1
 77
     6
 78
     2
 67
     7
 79
     3
170
     0
171
     0
290
     0
174
     0
 93
        5
 44
0.0
173
     0
291
     0
 45
0.0
  0
VISUALSTYLE
  5
3E
102
{ACAD_REACTORS
330
2A
102
}
102
{ACAD_XDICTIONARY
360
547
102
}
330
2A
100
AcDbVisualStyle
  2
Shades of Gray
 70
    23
 71
     2
 72
     2
 73
     3
 90
        0
 40
0.6
 41
30.0
 62
     5
 63
     7
421
 16777215
 74
     2
 91
        2
 64
     7
 65
     7
 75
     1
175
     1
 42
40.0
 92
        8
 66
     7
 43
1.0
 76
     1
 77
     6
 78
     2
 67
     7
 79
     3
170
     0
171
     0
290
     0
174
     0
 93
        1
 44
0.0
173
     0
291
     0
 45
0.0
  0
VISUALSTYLE
  5
3F
102
{ACAD_REACTORS
330
2A
102
}
102
{ACAD_XDICTIONARY
360
549
102
}
330
2A
100
AcDbVisualStyle
  2
Sketchy
 70
    24
 71
     1
 72
     2
 73
     2
 90
        0
 40
0.6
 41
30.0
 62
     5
 63
     7
421
 16777215
 74
     2
 91
        2
 64
     7
 65
     7
 75
     1
175
     1
 42
40.0
 92
       11
 66
     7
 43
1.0
 76
     1
 77
     6
 78
     2
 67
     7
 79
     6
170
     0
171
     0
290
     0
174
     0
 93
        1
 44
0.0
173
     0
291
     0
 45
0.0
  0
VISUALSTYLE
  5
37
102
{ACAD_REACTORS
330
2A
102
}
102
{ACAD_XDICTIONARY
360
539
102
}
330
2A
100
AcDbVisualStyle
  2
Thicken
 70
    13
 71
     2
 72
     2
 73
     0
 90
        0
 40
0.6
 41
30.0
 62
     5
 63
     7
421
 16777215
 74
     1
 91
        4
 64
     7
 65
   257
 75
     1
175
     1
 42
1.0
 92
       12
 66
     7
 43
1.0
 76
     1
 77
     6
 78
     2
 67
     7
 79
     5
170
     0
171
     0
290
     0
174
     0
 93
        1
 44
0.0
173
     0
291
     1
 45
0.0
  0
VISUALSTYLE
  5
30
102
{ACAD_REACTORS
330
2A
102
}
102
{ACAD_XDICTIONARY
360
52B
102
}
330
2A
100
AcDbVisualStyle
  2
Wireframe
 70
     5
 71
     0
 72
     2
 73
     0
 90
        0
 40
0.6
 41
30.0
 62
     5
 63
     7
421
 16777215
 74
     1
 91
        4
 64
     7
 65
   257
 75
     1
175
     1
 42
1.0
 92
        0
 66
   257
 43
1.0
 76
     1
 77
     6
 78
     2
 67
     7
 79
     3
170
     0
171
     0
290
     0
174
     0
 93
        1
 44
0.0
173
     0
291
     0
 45
0.0
  0
VISUALSTYLE
  5
40
102
{ACAD_REACTORS
330
2A
102
}
102
{ACAD_XDICTIONARY
360
54B
102
}
330
2A
100
AcDbVisualStyle
  2
X-Ray
 70
    25
 71
     2
 72
     2
 73
     1
 90
        1
 40
0.5
 41
30.0
 62
     5
 63
     7
421
 16777215
 74
     1
 91
        0
 64
     7
 65
   257
 75
     1
175
     1
 42
1.0
 92
        8
 66
     7
 43
1.0
 76
     1
 77
     6
 78
     2
 67
     7
 79
     3
170
     0
171
     0
290
     0
174
     0
 93
       13
 44
0.0
173
     0
291
     0
 45
0.0
  0
DICTIONARYVAR
  5
51F
102
{ACAD_REACTORS
330
51E
102
}
330
51E
100
DictionaryVariables
280
     0
  1
1:1
  0
DICTIONARYVAR
  5
558
102
{ACAD_REACTORS
330
51E
102
}
330
51E
100
DictionaryVariables
280
     0
  1
Standard
  0
DICTIONARYVAR
  5
557
102
{ACAD_REACTORS
330
51E
102
}
330
51E
100
DictionaryVariables
280
     0
  1
Standard
  0
DICTIONARYVAR
  5
520
102
{ACAD_REACTORS
330
51E
102
}
330
51E
100
DictionaryVariables
280
     0
  1
2
  0
DICTIONARY
  5
554
330
5C
100
AcDbDictionary
280
     1
281
     1
  3
ACAD_XREC_ROUNDTRIP
360
555
  0
DICTIONARY
  5
551
330
5A
100
AcDbDictionary
280
     1
281
     1
  3
ACAD_ROUNDTRIP_2008_TABLESTYLE_CELLSTYLEMAP
360
552
  0
DICTIONARY
  5
529
330
2F
100
AcDbDictionary
280
     1
281
     1
  3
ACAD_XREC_ROUNDTRIP
360
52A
  0
DICTIONARY
  5
52F
330
32
100
AcDbDictionary
280
     1
281
     1
  3
ACAD_XREC_ROUNDTRIP
360
530
  0
DICTIONARY
  5
537
330
36
100
AcDbDictionary
280
     1
281
     1
  3
ACAD_XREC_ROUNDTRIP
360
538
  0
DICTIONARY
  5
53F
330
3A
100
AcDbDictionary
280
     1
281
     1
  3
ACAD_XREC_ROUNDTRIP
360
540
  0
DICTIONARY
  5
533
330
34
100
AcDbDictionary
280
     1
281
     1
  3
ACAD_XREC_ROUNDTRIP
360
534
  0
DICTIONARY
  5
535
330
35
100
AcDbDictionary
280
     1
281
     1
  3
ACAD_XREC_ROUNDTRIP
360
536
  0
DICTIONARY
  5
545
330
3D
100
AcDbDictionary
280
     1
281
     1
  3
ACAD_XREC_ROUNDTRIP
360
546
  0
DICTIONARY
  5
53D
330
39
100
AcDbDictionary
280
     1
281
     1
  3
ACAD_XREC_ROUNDTRIP
360
53E
  0
DICTIONARY
  5
521
330
2B
100
AcDbDictionary
280
     1
281
     1
  3
ACAD_XREC_ROUNDTRIP
360
522
  0
DICTIONARY
  5
523
330
2C
100
AcDbDictionary
280
     1
281
     1
  3
ACAD_XREC_ROUNDTRIP
360
524
  0
DICTIONARY
  5
525
330
2D
100
AcDbDictionary
280
     1
281
     1
  3
ACAD_XREC_ROUNDTRIP
360
526
  0
DICTIONARY
  5
527
330
2E
100
AcDbDictionary
280
     1
281
     1
  3
ACAD_XREC_ROUNDTRIP
360
528
  0
DICTIONARY
  5
52D
330
31
100
AcDbDictionary
280
     1
281
     1
  3
ACAD_XREC_ROUNDTRIP
360
52E
  0
DICTIONARY
  5
541
330
3B
100
AcDbDictionary
280
     1
281
     1
  3
ACAD_XREC_ROUNDTRIP
360
542
  0
DICTIONARY
  5
53B
330
38
100
AcDbDictionary
280
     1
281
     1
  3
ACAD_XREC_ROUNDTRIP
360
53C
  0
DICTIONARY
  5
543
330
3C
100
AcDbDictionary
280
     1
281
     1
  3
ACAD_XREC_ROUNDTRIP
360
544
  0
DICTIONARY
  5
531
330
33
100
AcDbDictionary
280
     1
281
     1
  3
ACAD_XREC_ROUNDTRIP
360
532
  0
DICTIONARY
  5
54F
330
42
100
AcDbDictionary
280
     1
281
     1
  3
ACAD_XREC_ROUNDTRIP
360
550
  0
DICTIONARY
  5
54D
330
41
100
AcDbDictionary
280
     1
281
     1
  3
ACAD_XREC_ROUNDTRIP
360
54E
  0
DICTIONARY
  5
547
330
3E
100
AcDbDictionary
280
     1
281
     1
  3
ACAD_XREC_ROUNDTRIP
360
548
  0
DICTIONARY
  5
549
330
3F
100
AcDbDictionary
280
     1
281
     1
  3
ACAD_XREC_ROUNDTRIP
360
54A
  0
DICTIONARY
  5
539
330
37
100
AcDbDictionary
280
     1
281
     1
  3
ACAD_XREC_ROUNDTRIP
360
53A
  0
DICTIONARY
  5
52B
330
30
100
AcDbDictionary
280
     1
281
     1
  3
ACAD_XREC_ROUNDTRIP
360
52C
  0
DICTIONARY
  5
54B
330
40
100
AcDbDictionary
280
     1
281
     1
  3
ACAD_XREC_ROUNDTRIP
360
54C
  0
XRECORD
  5
555
102
{ACAD_REACTORS
330
554
102
}
330
554
100
AcDbXrecord
280
     1
102
ACAD_ROUNDTRIP_2010_MLEADER_STYLE
  0
CELLSTYLEMAP
  5
552
102
{ACAD_REACTORS
330
551
102
}
330
551
100
AcDbCellStyleMap
 90
        3
300
CELLSTYLE
  1
TABLEFORMAT_BEGIN
 90
        5
170
     1
 91
        0
 92
    32768
 62
   257
 93
        1
300
CONTENTFORMAT
  1
CONTENTFORMAT_BEGIN
 90
        0
 91
        0
 92
        4
 93
        0
300

 40
0.0
140
1.0
 94
        5
 62
     0
340
11
144
0.25
309
CONTENTFORMAT_END
171
     1
301
MARGIN
  1
CELLMARGIN_BEGIN
 40
0.06
 40
0.06
 40
0.06
 40
0.06
 40
0.06
 40
0.06
309
CELLMARGIN_END
 94
        6
 95
        1
302
GRIDFORMAT
  1
GRIDFORMAT_BEGIN
 90
        0
 91
        1
 62
     0
 92
       -2
340
14
 93
        0
 40
0.045
309
GRIDFORMAT_END
 95
        2
302
GRIDFORMAT
  1
GRIDFORMAT_BEGIN
 90
        0
 91
        1
 62
     0
 92
       -2
340
14
 93
        0
 40
0.045
309
GRIDFORMAT_END
 95
        4
302
GRIDFORMAT
  1
GRIDFORMAT_BEGIN
 90
        0
 91
        1
 62
     0
 92
       -2
340
14
 93
        0
 40
0.045
309
GRIDFORMAT_END
 95
        8
302
GRIDFORMAT
  1
GRIDFORMAT_BEGIN
 90
        0
 91
        1
 62
     0
 92
       -2
340
14
 93
        0
 40
0.045
309
GRIDFORMAT_END
 95
       16
302
GRIDFORMAT
  1
GRIDFORMAT_BEGIN
 90
        0
 91
        1
 62
     0
 92
       -2
340
14
 93
        0
 40
0.045
309
GRIDFORMAT_END
 95
       32
302
GRIDFORMAT
  1
GRIDFORMAT_BEGIN
 90
        0
 91
        1
 62
     0
 92
       -2
340
14
 93
        0
 40
0.045
309
GRIDFORMAT_END
309
TABLEFORMAT_END
  1
CELLSTYLE_BEGIN
 90
        1
 91
        1
300
_TITLE
309
CELLSTYLE_END
300
CELLSTYLE
  1
TABLEFORMAT_BEGIN
 90
        5
170
     1
 91
        0
 92
        0
 62
   257
 93
        1
300
CONTENTFORMAT
  1
CONTENTFORMAT_BEGIN
 90
        0
 91
        0
 92
        4
 93
        0
300

 40
0.0
140
1.0
 94
        5
 62
     0
340
11
144
0.18
309
CONTENTFORMAT_END
171
     1
301
MARGIN
  1
CELLMARGIN_BEGIN
 40
0.06
 40
0.06
 40
0.06
 40
0.06
 40
0.06
 40
0.06
309
CELLMARGIN_END
 94
        6
 95
        1
302
GRIDFORMAT
  1
GRIDFORMAT_BEGIN
 90
        0
 91
        1
 62
     0
 92
       -2
340
14
 93
        0
 40
0.045
309
GRIDFORMAT_END
 95
        2
302
GRIDFORMAT
  1
GRIDFORMAT_BEGIN
 90
        0
 91
        1
 62
     0
 92
       -2
340
14
 93
        0
 40
0.045
309
GRIDFORMAT_END
 95
        4
302
GRIDFORMAT
  1
GRIDFORMAT_BEGIN
 90
        0
 91
        1
 62
     0
 92
       -2
340
14
 93
        0
 40
0.045
309
GRIDFORMAT_END
 95
        8
302
GRIDFORMAT
  1
GRIDFORMAT_BEGIN
 90
        0
 91
        1
 62
     0
 92
       -2
340
14
 93
        0
 40
0.045
309
GRIDFORMAT_END
 95
       16
302
GRIDFORMAT
  1
GRIDFORMAT_BEGIN
 90
        0
 91
        1
 62
     0
 92
       -2
340
14
 93
        0
 40
0.045
309
GRIDFORMAT_END
 95
       32
302
GRIDFORMAT
  1
GRIDFORMAT_BEGIN
 90
        0
 91
        1
 62
     0
 92
       -2
340
14
 93
        0
 40
0.045
309
GRIDFORMAT_END
309
TABLEFORMAT_END
  1
CELLSTYLE_BEGIN
 90
        2
 91
        1
300
_HEADER
309
CELLSTYLE_END
300
CELLSTYLE
  1
TABLEFORMAT_BEGIN
 90
        5
170
     1
 91
        0
 92
        0
 62
   257
 93
        1
300
CONTENTFORMAT
  1
CONTENTFORMAT_BEGIN
 90
        0
 91
        0
 92
        4
 93
        0
300

 40
0.0
140
1.0
 94
        2
 62
     0
340
11
144
0.18
309
CONTENTFORMAT_END
171
     1
301
MARGIN
  1
CELLMARGIN_BEGIN
 40
0.06
 40
0.06
 40
0.06
 40
0.06
 40
0.06
 40
0.06
309
CELLMARGIN_END
 94
        6
 95
        1
302
GRIDFORMAT
  1
GRIDFORMAT_BEGIN
 90
        0
 91
        1
 62
     0
 92
       -2
340
14
 93
        0
 40
0.045
309
GRIDFORMAT_END
 95
        2
302
GRIDFORMAT
  1
GRIDFORMAT_BEGIN
 90
        0
 91
        1
 62
     0
 92
       -2
340
14
 93
        0
 40
0.045
309
GRIDFORMAT_END
 95
        4
302
GRIDFORMAT
  1
GRIDFORMAT_BEGIN
 90
        0
 91
        1
 62
     0
 92
       -2
340
14
 93
        0
 40
0.045
309
GRIDFORMAT_END
 95
        8
302
GRIDFORMAT
  1
GRIDFORMAT_BEGIN
 90
        0
 91
        1
 62
     0
 92
       -2
340
14
 93
        0
 40
0.045
309
GRIDFORMAT_END
 95
       16
302
GRIDFORMAT
  1
GRIDFORMAT_BEGIN
 90
        0
 91
        1
 62
     0
 92
       -2
340
14
 93
        0
 40
0.045
309
GRIDFORMAT_END
 95
       32
302
GRIDFORMAT
  1
GRIDFORMAT_BEGIN
 90
        0
 91
        1
 62
     0
 92
       -2
340
14
 93
        0
 40
0.045
309
GRIDFORMAT_END
309
TABLEFORMAT_END
  1
CELLSTYLE_BEGIN
 90
        3
 91
        2
300
_DATA
309
CELLSTYLE_END
  0
XRECORD
  5
52A
102
{ACAD_REACTORS
330
529
102
}
330
529
100
AcDbXrecord
280
     1
102
RTVSPropertyOp0
 70
     1
102
RTVSPropertyOp1
 70
     1
102
RTVSPropertyOp2
 70
     1
102
RTVSPropertyOp3
 70
     1
102
RTVSPropertyOp4
 70
     1
102
RTVSPropertyOp5
 70
     1
102
RTVSPropertyOp6
 70
     1
102
RTVSPropertyOp7
 70
     1
102
RTVSPropertyOp8
 70
     1
102
RTVSPropertyOp9
 70
     1
102
RTVSPropertyOp10
 70
     1
102
RTVSPropertyOp11
 70
     1
102
RTVSPropertyOp12
 70
     1
102
RTVSPropertyOp13
 70
     1
102
RTVSPropertyOp14
 70
     1
102
RTVSPropertyOp15
 70
     1
102
RTVSPropertyOp16
 70
     1
102
RTVSPropertyOp17
 70
     1
102
RTVSPropertyOp18
 70
     1
102
RTVSPropertyOp19
 70
     1
102
RTVSPropertyOp20
 70
     1
102
RTVSPropertyOp21
 70
     1
102
RTVSPropertyOp22
 70
     1
102
RTVSPropertyOp23
 70
     1
102
RTVSPropertyOp24
 70
     1
102
RTVSPropertyOp25
 70
     1
102
RTVSPropertyOp26
 70
     1
102
RTVSPropertyOp27
 70
     1
102
RTVSPropertyOp28
 70
     1
102
RTVSPropertyOp29
 70
     1
102
RTVSPropertyOp30
 70
     1
102
RTVSPropertyOp31
 70
     1
102
RTVSPropertyOp32
 70
     1
102
RTVSPropertyOp33
 70
     1
102
RTVSPropertyOp34
 70
     1
102
RTVSPropertyOp35
 70
     1
102
RTVSPropertyOp36
 70
     1
102
RTVSPropertyOp37
 70
     1
102
RTVSPropertyOp38
 70
     1
102
RTVSPropertyOp39
 70
     1
102
RTVSPropertyOp40
 70
     1
102
RTVSPropertyOp41
 70
     1
102
RTVSPropertyOp42
 70
     1
102
RTVSPropertyOp43
 70
     1
102
RTVSPropertyOp44
 70
     1
102
RTVSPropertyOp45
 70
     1
102
RTVSPropertyOp46
 70
     1
102
RTVSPropertyOp47
 70
     1
102
RTVSPropertyOp48
 70
     1
102
RTVSPropertyOp49
 70
     1
102
RTVSPropertyOp50
 70
     1
102
RTVSPropertyOp51
 70
     0
102
RTVSPropertyOp52
 70
     0
102
RTVSPropertyOp53
 70
     1
102
RTVSPropertyOp54
 70
     1
102
RTVSPropertyOp55
 70
     1
102
RTVSPropertyOp56
 70
     1
102
RTVSPropertyOp57
 70
     1
102
RTVSPost2010Prop28
280
     1
102
RTVSPost2010PropOp28
 70
     1
102
RTVSPost2010Prop29
280
     1
102
RTVSPost2010PropOp29
 70
     1
102
RTVSPost2010Prop30
280
     0
102
RTVSPost2010PropOp30
 70
     1
102
RTVSPost2010Prop31
280
     0
102
RTVSPost2010PropOp31
 70
     1
102
RTVSPost2010Prop32
280
     0
102
RTVSPost2010PropOp32
 70
     1
102
RTVSPost2010Prop33
280
     0
102
RTVSPost2010PropOp33
 70
     1
102
RTVSPost2010Prop34
280
     0
102
RTVSPost2010PropOp34
 70
     1
102
RTVSPost2010Prop35
280
     0
102
RTVSPost2010PropOp35
 70
     1
102
RTVSPost2010Prop36
280
     0
102
RTVSPost2010PropOp36
 70
     1
102
RTVSPost2010Prop37
 90
       50
102
RTVSPost2010PropOp37
 70
     1
102
RTVSPost2010Prop38
140
0.0
102
RTVSPost2010PropOp38
 70
     1
102
RTVSPost2010Prop39
140
1.0
102
RTVSPost2010PropOp39
 70
     1
102
RTVSPost2010Prop40
 90
        0
102
RTVSPost2010PropOp40
 70
     1
102
RTVSPost2010Prop41ColorIndex
 90
       18
102
RTVSPost2010Prop41ColorRGB
 90
        0
102
RTVSPost2010PropOp41
 70
     1
102
RTVSPost2010Prop42
 90
       50
102
RTVSPost2010PropOp42
 70
     1
102
RTVSPost2010Prop43
 90
        3
102
RTVSPost2010PropOp43
 70
     1
102
RTVSPost2010Prop44ColorIndex
 90
        5
102
RTVSPost2010Prop44ColorRGB
 90
      255
102
RTVSPost2010PropOp44
 70
     1
102
RTVSPost2010Prop45
280
     0
102
RTVSPost2010PropOp45
 70
     1
102
RTVSPost2010Prop46
 90
       50
102
RTVSPost2010PropOp46
 70
     1
102
RTVSPost2010Prop47
 90
       50
102
RTVSPost2010PropOp47
 70
     1
102
RTVSPost2010Prop48
 90
       50
102
RTVSPost2010PropOp48
 70
     1
102
RTVSPost2010Prop49
280
     0
102
RTVSPost2010PropOp49
 70
     1
102
RTVSPost2010Prop50
 90
       50
102
RTVSPost2010PropOp50
 70
     1
102
RTVSPost2010Prop51ColorIndex
 90
      256
102
RTVSPost2010Prop51ColorRGB
 90
-16777216
102
RTVSPost2010PropOp51
 70
     0
102
RTVSPost2010Prop52
140
1.0
102
RTVSPost2010PropOp52
 70
     0
102
RTVSPost2010Prop53
 90
        2
102
RTVSPost2010PropOp53
 70
     1
102
RTVSPost2010Prop54
  1
strokes_ogs.tif
102
RTVSPost2010PropOp54
 70
     1
102
RTVSPost2010Prop55
280
     0
102
RTVSPost2010PropOp55
 70
     1
102
RTVSPost2010Prop56
140
1.0
102
RTVSPost2010PropOp56
 70
     1
102
RTVSPost2010Prop57
140
1.0
102
RTVSPost2010PropOp57
 70
     1
  0
XRECORD
  5
530
102
{ACAD_REACTORS
330
52F
102
}
330
52F
100
AcDbXrecord
280
     1
102
RTVSPropertyOp0
 70
     1
102
RTVSPropertyOp1
 70
     1
102
RTVSPropertyOp2
 70
     1
102
RTVSPropertyOp3
 70
     1
102
RTVSPropertyOp4
 70
     1
102
RTVSPropertyOp5
 70
     1
102
RTVSPropertyOp6
 70
     1
102
RTVSPropertyOp7
 70
     1
102
RTVSPropertyOp8
 70
     1
102
RTVSPropertyOp9
 70
     1
102
RTVSPropertyOp10
 70
     1
102
RTVSPropertyOp11
 70
     1
102
RTVSPropertyOp12
 70
     1
102
RTVSPropertyOp13
 70
     1
102
RTVSPropertyOp14
 70
     1
102
RTVSPropertyOp15
 70
     1
102
RTVSPropertyOp16
 70
     1
102
RTVSPropertyOp17
 70
     1
102
RTVSPropertyOp18
 70
     1
102
RTVSPropertyOp19
 70
     1
102
RTVSPropertyOp20
 70
     1
102
RTVSPropertyOp21
 70
     1
102
RTVSPropertyOp22
 70
     1
102
RTVSPropertyOp23
 70
     1
102
RTVSPropertyOp24
 70
     1
102
RTVSPropertyOp25
 70
     1
102
RTVSPropertyOp26
 70
     1
102
RTVSPropertyOp27
 70
     1
102
RTVSPropertyOp28
 70
     1
102
RTVSPropertyOp29
 70
     1
102
RTVSPropertyOp30
 70
     1
102
RTVSPropertyOp31
 70
     1
102
RTVSPropertyOp32
 70
     1
102
RTVSPropertyOp33
 70
     1
102
RTVSPropertyOp34
 70
     1
102
RTVSPropertyOp35
 70
     1
102
RTVSPropertyOp36
 70
     1
102
RTVSPropertyOp37
 70
     1
102
RTVSPropertyOp38
 70
     1
102
RTVSPropertyOp39
 70
     1
102
RTVSPropertyOp40
 70
     1
102
RTVSPropertyOp41
 70
     1
102
RTVSPropertyOp42
 70
     1
102
RTVSPropertyOp43
 70
     1
102
RTVSPropertyOp44
 70
     1
102
RTVSPropertyOp45
 70
     1
102
RTVSPropertyOp46
 70
     1
102
RTVSPropertyOp47
 70
     1
102
RTVSPropertyOp48
 70
     1
102
RTVSPropertyOp49
 70
     1
102
RTVSPropertyOp50
 70
     1
102
RTVSPropertyOp51
 70
     0
102
RTVSPropertyOp52
 70
     0
102
RTVSPropertyOp53
 70
     1
102
RTVSPropertyOp54
 70
     1
102
RTVSPropertyOp55
 70
     1
102
RTVSPropertyOp56
 70
     1
102
RTVSPropertyOp57
 70
     1
102
RTVSPost2010Prop28
280
     0
102
RTVSPost2010PropOp28
 70
     1
102
RTVSPost2010Prop29
280
     1
102
RTVSPost2010PropOp29
 70
     1
102
RTVSPost2010Prop30
280
     1
102
RTVSPost2010PropOp30
 70
     1
102
RTVSPost2010Prop31
280
     0
102
RTVSPost2010PropOp31
 70
     1
102
RTVSPost2010Prop32
280
     0
102
RTVSPost2010PropOp32
 70
     1
102
RTVSPost2010Prop33
280
     0
102
RTVSPost2010PropOp33
 70
     1
102
RTVSPost2010Prop34
280
     0
102
RTVSPost2010PropOp34
 70
     1
102
RTVSPost2010Prop35
280
     0
102
RTVSPost2010PropOp35
 70
     1
102
RTVSPost2010Prop36
280
     0
102
RTVSPost2010PropOp36
 70
     1
102
RTVSPost2010Prop37
 90
       50
102
RTVSPost2010PropOp37
 70
     1
102
RTVSPost2010Prop38
140
0.0
102
RTVSPost2010PropOp38
 70
     1
102
RTVSPost2010Prop39
140
1.0
102
RTVSPost2010PropOp39
 70
     1
102
RTVSPost2010Prop40
 90
        0
102
RTVSPost2010PropOp40
 70
     1
102
RTVSPost2010Prop41ColorIndex
 90
       18
102
RTVSPost2010Prop41ColorRGB
 90
        0
102
RTVSPost2010PropOp41
 70
     1
102
RTVSPost2010Prop42
 90
       50
102
RTVSPost2010PropOp42
 70
     1
102
RTVSPost2010Prop43
 90
        3
102
RTVSPost2010PropOp43
 70
     1
102
RTVSPost2010Prop44ColorIndex
 90
        5
102
RTVSPost2010Prop44ColorRGB
 90
      255
102
RTVSPost2010PropOp44
 70
     1
102
RTVSPost2010Prop45
280
     0
102
RTVSPost2010PropOp45
 70
     1
102
RTVSPost2010Prop46
 90
       50
102
RTVSPost2010PropOp46
 70
     1
102
RTVSPost2010Prop47
 90
       50
102
RTVSPost2010PropOp47
 70
     1
102
RTVSPost2010Prop48
 90
       50
102
RTVSPost2010PropOp48
 70
     1
102
RTVSPost2010Prop49
280
     0
102
RTVSPost2010PropOp49
 70
     1
102
RTVSPost2010Prop50
 90
       50
102
RTVSPost2010PropOp50
 70
     1
102
RTVSPost2010Prop51ColorIndex
 90
      256
102
RTVSPost2010Prop51ColorRGB
 90
-16777216
102
RTVSPost2010PropOp51
 70
     0
102
RTVSPost2010Prop52
140
1.0
102
RTVSPost2010PropOp52
 70
     0
102
RTVSPost2010Prop53
 90
        2
102
RTVSPost2010PropOp53
 70
     1
102
RTVSPost2010Prop54
  1
strokes_ogs.tif
102
RTVSPost2010PropOp54
 70
     1
102
RTVSPost2010Prop55
280
     0
102
RTVSPost2010PropOp55
 70
     1
102
RTVSPost2010Prop56
140
1.0
102
RTVSPost2010PropOp56
 70
     1
102
RTVSPost2010Prop57
140
1.0
102
RTVSPost2010PropOp57
 70
     1
  0
XRECORD
  5
538
102
{ACAD_REACTORS
330
537
102
}
330
537
100
AcDbXrecord
280
     1
102
RTVSPropertyOp0
 70
     1
102
RTVSPropertyOp1
 70
     1
102
RTVSPropertyOp2
 70
     1
102
RTVSPropertyOp3
 70
     1
102
RTVSPropertyOp4
 70
     1
102
RTVSPropertyOp5
 70
     1
102
RTVSPropertyOp6
 70
     1
102
RTVSPropertyOp7
 70
     1
102
RTVSPropertyOp8
 70
     1
102
RTVSPropertyOp9
 70
     1
102
RTVSPropertyOp10
 70
     1
102
RTVSPropertyOp11
 70
     1
102
RTVSPropertyOp12
 70
     1
102
RTVSPropertyOp13
 70
     1
102
RTVSPropertyOp14
 70
     1
102
RTVSPropertyOp15
 70
     1
102
RTVSPropertyOp16
 70
     1
102
RTVSPropertyOp17
 70
     1
102
RTVSPropertyOp18
 70
     1
102
RTVSPropertyOp19
 70
     1
102
RTVSPropertyOp20
 70
     1
102
RTVSPropertyOp21
 70
     1
102
RTVSPropertyOp22
 70
     1
102
RTVSPropertyOp23
 70
     1
102
RTVSPropertyOp24
 70
     1
102
RTVSPropertyOp25
 70
     1
102
RTVSPropertyOp26
 70
     1
102
RTVSPropertyOp27
 70
     1
102
RTVSPropertyOp28
 70
     1
102
RTVSPropertyOp29
 70
     1
102
RTVSPropertyOp30
 70
     1
102
RTVSPropertyOp31
 70
     1
102
RTVSPropertyOp32
 70
     1
102
RTVSPropertyOp33
 70
     1
102
RTVSPropertyOp34
 70
     1
102
RTVSPropertyOp35
 70
     1
102
RTVSPropertyOp36
 70
     1
102
RTVSPropertyOp37
 70
     1
102
RTVSPropertyOp38
 70
     1
102
RTVSPropertyOp39
 70
     1
102
RTVSPropertyOp40
 70
     1
102
RTVSPropertyOp41
 70
     1
102
RTVSPropertyOp42
 70
     1
102
RTVSPropertyOp43
 70
     1
102
RTVSPropertyOp44
 70
     1
102
RTVSPropertyOp45
 70
     1
102
RTVSPropertyOp46
 70
     1
102
RTVSPropertyOp47
 70
     1
102
RTVSPropertyOp48
 70
     1
102
RTVSPropertyOp49
 70
     1
102
RTVSPropertyOp50
 70
     1
102
RTVSPropertyOp51
 70
     0
102
RTVSPropertyOp52
 70
     0
102
RTVSPropertyOp53
 70
     1
102
RTVSPropertyOp54
 70
     1
102
RTVSPropertyOp55
 70
     1
102
RTVSPropertyOp56
 70
     1
102
RTVSPropertyOp57
 70
     1
102
RTVSPost2010Prop28
280
     0
102
RTVSPost2010PropOp28
 70
     1
102
RTVSPost2010Prop29
280
     1
102
RTVSPost2010PropOp29
 70
     1
102
RTVSPost2010Prop30
280
     1
102
RTVSPost2010PropOp30
 70
     1
102
RTVSPost2010Prop31
280
     0
102
RTVSPost2010PropOp31
 70
     1
102
RTVSPost2010Prop32
280
     0
102
RTVSPost2010PropOp32
 70
     1
102
RTVSPost2010Prop33
280
     0
102
RTVSPost2010PropOp33
 70
     1
102
RTVSPost2010Prop34
280
     0
102
RTVSPost2010PropOp34
 70
     1
102
RTVSPost2010Prop35
280
     0
102
RTVSPost2010PropOp35
 70
     1
102
RTVSPost2010Prop36
280
     0
102
RTVSPost2010PropOp36
 70
     1
102
RTVSPost2010Prop37
 90
       50
102
RTVSPost2010PropOp37
 70
     1
102
RTVSPost2010Prop38
140
0.0
102
RTVSPost2010PropOp38
 70
     1
102
RTVSPost2010Prop39
140
1.0
102
RTVSPost2010PropOp39
 70
     1
102
RTVSPost2010Prop40
 90
        0
102
RTVSPost2010PropOp40
 70
     1
102
RTVSPost2010Prop41ColorIndex
 90
       18
102
RTVSPost2010Prop41ColorRGB
 90
        0
102
RTVSPost2010PropOp41
 70
     1
102
RTVSPost2010Prop42
 90
       50
102
RTVSPost2010PropOp42
 70
     1
102
RTVSPost2010Prop43
 90
        3
102
RTVSPost2010PropOp43
 70
     1
102
RTVSPost2010Prop44ColorIndex
 90
        5
102
RTVSPost2010Prop44ColorRGB
 90
      255
102
RTVSPost2010PropOp44
 70
     1
102
RTVSPost2010Prop45
280
     0
102
RTVSPost2010PropOp45
 70
     1
102
RTVSPost2010Prop46
 90
       50
102
RTVSPost2010PropOp46
 70
     1
102
RTVSPost2010Prop47
 90
       50
102
RTVSPost2010PropOp47
 70
     1
102
RTVSPost2010Prop48
 90
       50
102
RTVSPost2010PropOp48
 70
     1
102
RTVSPost2010Prop49
280
     0
102
RTVSPost2010PropOp49
 70
     1
102
RTVSPost2010Prop50
 90
       50
102
RTVSPost2010PropOp50
 70
     1
102
RTVSPost2010Prop51ColorIndex
 90
      256
102
RTVSPost2010Prop51ColorRGB
 90
-16777216
102
RTVSPost2010PropOp51
 70
     0
102
RTVSPost2010Prop52
140
1.0
102
RTVSPost2010PropOp52
 70
     0
102
RTVSPost2010Prop53
 90
        2
102
RTVSPost2010PropOp53
 70
     1
102
RTVSPost2010Prop54
  1
strokes_ogs.tif
102
RTVSPost2010PropOp54
 70
     1
102
RTVSPost2010Prop55
280
     0
102
RTVSPost2010PropOp55
 70
     1
102
RTVSPost2010Prop56
140
1.0
102
RTVSPost2010PropOp56
 70
     1
102
RTVSPost2010Prop57
140
1.0
102
RTVSPost2010PropOp57
 70
     1
  0
XRECORD
  5
540
102
{ACAD_REACTORS
330
53F
102
}
330
53F
100
AcDbXrecord
280
     1
102
RTVSPropertyOp0
 70
     1
102
RTVSPropertyOp1
 70
     1
102
RTVSPropertyOp2
 70
     1
102
RTVSPropertyOp3
 70
     1
102
RTVSPropertyOp4
 70
     1
102
RTVSPropertyOp5
 70
     1
102
RTVSPropertyOp6
 70
     1
102
RTVSPropertyOp7
 70
     1
102
RTVSPropertyOp8
 70
     1
102
RTVSPropertyOp9
 70
     1
102
RTVSPropertyOp10
 70
     1
102
RTVSPropertyOp11
 70
     1
102
RTVSPropertyOp12
 70
     1
102
RTVSPropertyOp13
 70
     1
102
RTVSPropertyOp14
 70
     1
102
RTVSPropertyOp15
 70
     1
102
RTVSPropertyOp16
 70
     1
102
RTVSPropertyOp17
 70
     1
102
RTVSPropertyOp18
 70
     1
102
RTVSPropertyOp19
 70
     1
102
RTVSPropertyOp20
 70
     1
102
RTVSPropertyOp21
 70
     1
102
RTVSPropertyOp22
 70
     1
102
RTVSPropertyOp23
 70
     1
102
RTVSPropertyOp24
 70
     1
102
RTVSPropertyOp25
 70
     1
102
RTVSPropertyOp26
 70
     1
102
RTVSPropertyOp27
 70
     1
102
RTVSPropertyOp28
 70
     1
102
RTVSPropertyOp29
 70
     1
102
RTVSPropertyOp30
 70
     1
102
RTVSPropertyOp31
 70
     1
102
RTVSPropertyOp32
 70
     1
102
RTVSPropertyOp33
 70
     1
102
RTVSPropertyOp34
 70
     1
102
RTVSPropertyOp35
 70
     1
102
RTVSPropertyOp36
 70
     1
102
RTVSPropertyOp37
 70
     1
102
RTVSPropertyOp38
 70
     1
102
RTVSPropertyOp39
 70
     1
102
RTVSPropertyOp40
 70
     1
102
RTVSPropertyOp41
 70
     1
102
RTVSPropertyOp42
 70
     1
102
RTVSPropertyOp43
 70
     1
102
RTVSPropertyOp44
 70
     1
102
RTVSPropertyOp45
 70
     1
102
RTVSPropertyOp46
 70
     1
102
RTVSPropertyOp47
 70
     1
102
RTVSPropertyOp48
 70
     1
102
RTVSPropertyOp49
 70
     1
102
RTVSPropertyOp50
 70
     1
102
RTVSPropertyOp51
 70
     0
102
RTVSPropertyOp52
 70
     0
102
RTVSPropertyOp53
 70
     1
102
RTVSPropertyOp54
 70
     1
102
RTVSPropertyOp55
 70
     1
102
RTVSPropertyOp56
 70
     1
102
RTVSPropertyOp57
 70
     1
102
RTVSPost2010Prop28
280
     0
102
RTVSPost2010PropOp28
 70
     1
102
RTVSPost2010Prop29
280
     1
102
RTVSPost2010PropOp29
 70
     1
102
RTVSPost2010Prop30
280
     1
102
RTVSPost2010PropOp30
 70
     1
102
RTVSPost2010Prop31
280
     0
102
RTVSPost2010PropOp31
 70
     1
102
RTVSPost2010Prop32
280
     0
102
RTVSPost2010PropOp32
 70
     1
102
RTVSPost2010Prop33
280
     0
102
RTVSPost2010PropOp33
 70
     1
102
RTVSPost2010Prop34
280
     0
102
RTVSPost2010PropOp34
 70
     1
102
RTVSPost2010Prop35
280
     0
102
RTVSPost2010PropOp35
 70
     1
102
RTVSPost2010Prop36
280
     0
102
RTVSPost2010PropOp36
 70
     1
102
RTVSPost2010Prop37
 90
       50
102
RTVSPost2010PropOp37
 70
     1
102
RTVSPost2010Prop38
140
0.0
102
RTVSPost2010PropOp38
 70
     1
102
RTVSPost2010Prop39
140
1.0
102
RTVSPost2010PropOp39
 70
     1
102
RTVSPost2010Prop40
 90
        0
102
RTVSPost2010PropOp40
 70
     1
102
RTVSPost2010Prop41ColorIndex
 90
       18
102
RTVSPost2010Prop41ColorRGB
 90
        0
102
RTVSPost2010PropOp41
 70
     1
102
RTVSPost2010Prop42
 90
       50
102
RTVSPost2010PropOp42
 70
     1
102
RTVSPost2010Prop43
 90
        3
102
RTVSPost2010PropOp43
 70
     1
102
RTVSPost2010Prop44ColorIndex
 90
        5
102
RTVSPost2010Prop44ColorRGB
 90
      255
102
RTVSPost2010PropOp44
 70
     1
102
RTVSPost2010Prop45
280
     0
102
RTVSPost2010PropOp45
 70
     1
102
RTVSPost2010Prop46
 90
       50
102
RTVSPost2010PropOp46
 70
     1
102
RTVSPost2010Prop47
 90
       50
102
RTVSPost2010PropOp47
 70
     1
102
RTVSPost2010Prop48
 90
       50
102
RTVSPost2010PropOp48
 70
     1
102
RTVSPost2010Prop49
280
     0
102
RTVSPost2010PropOp49
 70
     1
102
RTVSPost2010Prop50
 90
       50
102
RTVSPost2010PropOp50
 70
     1
102
RTVSPost2010Prop51ColorIndex
 90
      256
102
RTVSPost2010Prop51ColorRGB
 90
-16777216
102
RTVSPost2010PropOp51
 70
     0
102
RTVSPost2010Prop52
140
1.0
102
RTVSPost2010PropOp52
 70
     0
102
RTVSPost2010Prop53
 90
        2
102
RTVSPost2010PropOp53
 70
     1
102
RTVSPost2010Prop54
  1
strokes_ogs.tif
102
RTVSPost2010PropOp54
 70
     1
102
RTVSPost2010Prop55
280
     0
102
RTVSPost2010PropOp55
 70
     1
102
RTVSPost2010Prop56
140
1.0
102
RTVSPost2010PropOp56
 70
     1
102
RTVSPost2010Prop57
140
1.0
102
RTVSPost2010PropOp57
 70
     1
  0
XRECORD
  5
534
102
{ACAD_REACTORS
330
533
102
}
330
533
100
AcDbXrecord
280
     1
102
RTVSPropertyOp0
 70
     1
102
RTVSPropertyOp1
 70
     1
102
RTVSPropertyOp2
 70
     1
102
RTVSPropertyOp3
 70
     1
102
RTVSPropertyOp4
 70
     1
102
RTVSPropertyOp5
 70
     1
102
RTVSPropertyOp6
 70
     1
102
RTVSPropertyOp7
 70
     1
102
RTVSPropertyOp8
 70
     1
102
RTVSPropertyOp9
 70
     1
102
RTVSPropertyOp10
 70
     1
102
RTVSPropertyOp11
 70
     1
102
RTVSPropertyOp12
 70
     1
102
RTVSPropertyOp13
 70
     1
102
RTVSPropertyOp14
 70
     1
102
RTVSPropertyOp15
 70
     1
102
RTVSPropertyOp16
 70
     1
102
RTVSPropertyOp17
 70
     1
102
RTVSPropertyOp18
 70
     1
102
RTVSPropertyOp19
 70
     1
102
RTVSPropertyOp20
 70
     1
102
RTVSPropertyOp21
 70
     1
102
RTVSPropertyOp22
 70
     1
102
RTVSPropertyOp23
 70
     1
102
RTVSPropertyOp24
 70
     1
102
RTVSPropertyOp25
 70
     1
102
RTVSPropertyOp26
 70
     1
102
RTVSPropertyOp27
 70
     1
102
RTVSPropertyOp28
 70
     1
102
RTVSPropertyOp29
 70
     1
102
RTVSPropertyOp30
 70
     1
102
RTVSPropertyOp31
 70
     1
102
RTVSPropertyOp32
 70
     1
102
RTVSPropertyOp33
 70
     1
102
RTVSPropertyOp34
 70
     1
102
RTVSPropertyOp35
 70
     1
102
RTVSPropertyOp36
 70
     1
102
RTVSPropertyOp37
 70
     1
102
RTVSPropertyOp38
 70
     1
102
RTVSPropertyOp39
 70
     1
102
RTVSPropertyOp40
 70
     1
102
RTVSPropertyOp41
 70
     1
102
RTVSPropertyOp42
 70
     1
102
RTVSPropertyOp43
 70
     1
102
RTVSPropertyOp44
 70
     1
102
RTVSPropertyOp45
 70
     1
102
RTVSPropertyOp46
 70
     1
102
RTVSPropertyOp47
 70
     1
102
RTVSPropertyOp48
 70
     1
102
RTVSPropertyOp49
 70
     1
102
RTVSPropertyOp50
 70
     1
102
RTVSPropertyOp51
 70
     0
102
RTVSPropertyOp52
 70
     0
102
RTVSPropertyOp53
 70
     1
102
RTVSPropertyOp54
 70
     1
102
RTVSPropertyOp55
 70
     1
102
RTVSPropertyOp56
 70
     1
102
RTVSPropertyOp57
 70
     1
102
RTVSPost2010Prop28
280
     0
102
RTVSPost2010PropOp28
 70
     1
102
RTVSPost2010Prop29
280
     1
102
RTVSPost2010PropOp29
 70
     1
102
RTVSPost2010Prop30
280
     1
102
RTVSPost2010PropOp30
 70
     1
102
RTVSPost2010Prop31
280
     0
102
RTVSPost2010PropOp31
 70
     1
102
RTVSPost2010Prop32
280
     0
102
RTVSPost2010PropOp32
 70
     1
102
RTVSPost2010Prop33
280
     0
102
RTVSPost2010PropOp33
 70
     1
102
RTVSPost2010Prop34
280
     0
102
RTVSPost2010PropOp34
 70
     1
102
RTVSPost2010Prop35
280
     0
102
RTVSPost2010PropOp35
 70
     1
102
RTVSPost2010Prop36
280
     0
102
RTVSPost2010PropOp36
 70
     1
102
RTVSPost2010Prop37
 90
       50
102
RTVSPost2010PropOp37
 70
     1
102
RTVSPost2010Prop38
140
0.0
102
RTVSPost2010PropOp38
 70
     1
102
RTVSPost2010Prop39
140
1.0
102
RTVSPost2010PropOp39
 70
     1
102
RTVSPost2010Prop40
 90
        0
102
RTVSPost2010PropOp40
 70
     1
102
RTVSPost2010Prop41ColorIndex
 90
       18
102
RTVSPost2010Prop41ColorRGB
 90
        0
102
RTVSPost2010PropOp41
 70
     1
102
RTVSPost2010Prop42
 90
       50
102
RTVSPost2010PropOp42
 70
     1
102
RTVSPost2010Prop43
 90
        3
102
RTVSPost2010PropOp43
 70
     1
102
RTVSPost2010Prop44ColorIndex
 90
        5
102
RTVSPost2010Prop44ColorRGB
 90
      255
102
RTVSPost2010PropOp44
 70
     1
102
RTVSPost2010Prop45
280
     0
102
RTVSPost2010PropOp45
 70
     1
102
RTVSPost2010Prop46
 90
       50
102
RTVSPost2010PropOp46
 70
     1
102
RTVSPost2010Prop47
 90
       50
102
RTVSPost2010PropOp47
 70
     1
102
RTVSPost2010Prop48
 90
       50
102
RTVSPost2010PropOp48
 70
     1
102
RTVSPost2010Prop49
280
     0
102
RTVSPost2010PropOp49
 70
     1
102
RTVSPost2010Prop50
 90
       50
102
RTVSPost2010PropOp50
 70
     1
102
RTVSPost2010Prop51ColorIndex
 90
      256
102
RTVSPost2010Prop51ColorRGB
 90
-16777216
102
RTVSPost2010PropOp51
 70
     0
102
RTVSPost2010Prop52
140
1.0
102
RTVSPost2010PropOp52
 70
     0
102
RTVSPost2010Prop53
 90
        2
102
RTVSPost2010PropOp53
 70
     1
102
RTVSPost2010Prop54
  1
strokes_ogs.tif
102
RTVSPost2010PropOp54
 70
     1
102
RTVSPost2010Prop55
280
     0
102
RTVSPost2010PropOp55
 70
     1
102
RTVSPost2010Prop56
140
1.0
102
RTVSPost2010PropOp56
 70
     1
102
RTVSPost2010Prop57
140
1.0
102
RTVSPost2010PropOp57
 70
     1
  0
XRECORD
  5
536
102
{ACAD_REACTORS
330
535
102
}
330
535
100
AcDbXrecord
280
     1
102
RTVSPropertyOp0
 70
     1
102
RTVSPropertyOp1
 70
     1
102
RTVSPropertyOp2
 70
     1
102
RTVSPropertyOp3
 70
     1
102
RTVSPropertyOp4
 70
     1
102
RTVSPropertyOp5
 70
     1
102
RTVSPropertyOp6
 70
     1
102
RTVSPropertyOp7
 70
     1
102
RTVSPropertyOp8
 70
     1
102
RTVSPropertyOp9
 70
     1
102
RTVSPropertyOp10
 70
     1
102
RTVSPropertyOp11
 70
     1
102
RTVSPropertyOp12
 70
     1
102
RTVSPropertyOp13
 70
     1
102
RTVSPropertyOp14
 70
     1
102
RTVSPropertyOp15
 70
     1
102
RTVSPropertyOp16
 70
     1
102
RTVSPropertyOp17
 70
     1
102
RTVSPropertyOp18
 70
     1
102
RTVSPropertyOp19
 70
     1
102
RTVSPropertyOp20
 70
     1
102
RTVSPropertyOp21
 70
     1
102
RTVSPropertyOp22
 70
     1
102
RTVSPropertyOp23
 70
     1
102
RTVSPropertyOp24
 70
     1
102
RTVSPropertyOp25
 70
     1
102
RTVSPropertyOp26
 70
     1
102
RTVSPropertyOp27
 70
     1
102
RTVSPropertyOp28
 70
     1
102
RTVSPropertyOp29
 70
     1
102
RTVSPropertyOp30
 70
     1
102
RTVSPropertyOp31
 70
     1
102
RTVSPropertyOp32
 70
     1
102
RTVSPropertyOp33
 70
     1
102
RTVSPropertyOp34
 70
     1
102
RTVSPropertyOp35
 70
     1
102
RTVSPropertyOp36
 70
     1
102
RTVSPropertyOp37
 70
     1
102
RTVSPropertyOp38
 70
     1
102
RTVSPropertyOp39
 70
     1
102
RTVSPropertyOp40
 70
     1
102
RTVSPropertyOp41
 70
     1
102
RTVSPropertyOp42
 70
     1
102
RTVSPropertyOp43
 70
     1
102
RTVSPropertyOp44
 70
     1
102
RTVSPropertyOp45
 70
     1
102
RTVSPropertyOp46
 70
     1
102
RTVSPropertyOp47
 70
     1
102
RTVSPropertyOp48
 70
     1
102
RTVSPropertyOp49
 70
     1
102
RTVSPropertyOp50
 70
     1
102
RTVSPropertyOp51
 70
     0
102
RTVSPropertyOp52
 70
     0
102
RTVSPropertyOp53
 70
     1
102
RTVSPropertyOp54
 70
     1
102
RTVSPropertyOp55
 70
     1
102
RTVSPropertyOp56
 70
     1
102
RTVSPropertyOp57
 70
     1
102
RTVSPost2010Prop28
280
     0
102
RTVSPost2010PropOp28
 70
     1
102
RTVSPost2010Prop29
280
     1
102
RTVSPost2010PropOp29
 70
     1
102
RTVSPost2010Prop30
280
     1
102
RTVSPost2010PropOp30
 70
     1
102
RTVSPost2010Prop31
280
     0
102
RTVSPost2010PropOp31
 70
     1
102
RTVSPost2010Prop32
280
     0
102
RTVSPost2010PropOp32
 70
     1
102
RTVSPost2010Prop33
280
     0
102
RTVSPost2010PropOp33
 70
     1
102
RTVSPost2010Prop34
280
     0
102
RTVSPost2010PropOp34
 70
     1
102
RTVSPost2010Prop35
280
     0
102
RTVSPost2010PropOp35
 70
     1
102
RTVSPost2010Prop36
280
     0
102
RTVSPost2010PropOp36
 70
     1
102
RTVSPost2010Prop37
 90
       50
102
RTVSPost2010PropOp37
 70
     1
102
RTVSPost2010Prop38
140
0.0
102
RTVSPost2010PropOp38
 70
     1
102
RTVSPost2010Prop39
140
1.0
102
RTVSPost2010PropOp39
 70
     1
102
RTVSPost2010Prop40
 90
        0
102
RTVSPost2010PropOp40
 70
     1
102
RTVSPost2010Prop41ColorIndex
 90
       18
102
RTVSPost2010Prop41ColorRGB
 90
        0
102
RTVSPost2010PropOp41
 70
     1
102
RTVSPost2010Prop42
 90
       50
102
RTVSPost2010PropOp42
 70
     1
102
RTVSPost2010Prop43
 90
        3
102
RTVSPost2010PropOp43
 70
     1
102
RTVSPost2010Prop44ColorIndex
 90
        5
102
RTVSPost2010Prop44ColorRGB
 90
      255
102
RTVSPost2010PropOp44
 70
     1
102
RTVSPost2010Prop45
280
     0
102
RTVSPost2010PropOp45
 70
     1
102
RTVSPost2010Prop46
 90
       50
102
RTVSPost2010PropOp46
 70
     1
102
RTVSPost2010Prop47
 90
       50
102
RTVSPost2010PropOp47
 70
     1
102
RTVSPost2010Prop48
 90
       50
102
RTVSPost2010PropOp48
 70
     1
102
RTVSPost2010Prop49
280
     0
102
RTVSPost2010PropOp49
 70
     1
102
RTVSPost2010Prop50
 90
       50
102
RTVSPost2010PropOp50
 70
     1
102
RTVSPost2010Prop51ColorIndex
 90
      256
102
RTVSPost2010Prop51ColorRGB
 90
-16777216
102
RTVSPost2010PropOp51
 70
     0
102
RTVSPost2010Prop52
140
1.0
102
RTVSPost2010PropOp52
 70
     0
102
RTVSPost2010Prop53
 90
        2
102
RTVSPost2010PropOp53
 70
     1
102
RTVSPost2010Prop54
  1
strokes_ogs.tif
102
RTVSPost2010PropOp54
 70
     1
102
RTVSPost2010Prop55
280
     0
102
RTVSPost2010PropOp55
 70
     1
102
RTVSPost2010Prop56
140
1.0
102
RTVSPost2010PropOp56
 70
     1
102
RTVSPost2010Prop57
140
1.0
102
RTVSPost2010PropOp57
 70
     1
  0
XRECORD
  5
546
102
{ACAD_REACTORS
330
545
102
}
330
545
100
AcDbXrecord
280
     1
102
RTVSPropertyOp0
 70
     0
102
RTVSPropertyOp1
 70
     0
102
RTVSPropertyOp2
 70
     0
102
RTVSPropertyOp3
 70
     0
102
RTVSPropertyOp4
 70
     0
102
RTVSPropertyOp5
 70
     0
102
RTVSPropertyOp6
 70
     0
102
RTVSPropertyOp7
 70
     0
102
RTVSPropertyOp8
 70
     0
102
RTVSPropertyOp9
 70
     0
102
RTVSPropertyOp10
 70
     0
102
RTVSPropertyOp11
 70
     0
102
RTVSPropertyOp12
 70
     0
102
RTVSPropertyOp13
 70
     0
102
RTVSPropertyOp14
 70
     2
102
RTVSPropertyOp15
 70
     0
102
RTVSPropertyOp16
 70
     0
102
RTVSPropertyOp17
 70
     0
102
RTVSPropertyOp18
 70
     0
102
RTVSPropertyOp19
 70
     0
102
RTVSPropertyOp20
 70
     0
102
RTVSPropertyOp21
 70
     0
102
RTVSPropertyOp22
 70
     0
102
RTVSPropertyOp23
 70
     0
102
RTVSPropertyOp24
 70
     0
102
RTVSPropertyOp25
 70
     0
102
RTVSPropertyOp26
 70
     0
102
RTVSPropertyOp27
 70
     0
102
RTVSPropertyOp28
 70
     0
102
RTVSPropertyOp29
 70
     0
102
RTVSPropertyOp30
 70
     0
102
RTVSPropertyOp31
 70
     0
102
RTVSPropertyOp32
 70
     0
102
RTVSPropertyOp33
 70
     0
102
RTVSPropertyOp34
 70
     0
102
RTVSPropertyOp35
 70
     0
102
RTVSPropertyOp36
 70
     0
102
RTVSPropertyOp37
 70
     0
102
RTVSPropertyOp38
 70
     0
102
RTVSPropertyOp39
 70
     0
102
RTVSPropertyOp40
 70
     0
102
RTVSPropertyOp41
 70
     0
102
RTVSPropertyOp42
 70
     0
102
RTVSPropertyOp43
 70
     0
102
RTVSPropertyOp44
 70
     0
102
RTVSPropertyOp45
 70
     0
102
RTVSPropertyOp46
 70
     0
102
RTVSPropertyOp47
 70
     0
102
RTVSPropertyOp48
 70
     0
102
RTVSPropertyOp49
 70
     0
102
RTVSPropertyOp50
 70
     0
102
RTVSPropertyOp51
 70
     0
102
RTVSPropertyOp52
 70
     0
102
RTVSPropertyOp53
 70
     0
102
RTVSPropertyOp54
 70
     0
102
RTVSPropertyOp55
 70
     0
102
RTVSPropertyOp56
 70
     0
102
RTVSPropertyOp57
 70
     0
102
RTVSPost2010Prop28
280
     0
102
RTVSPost2010PropOp28
 70
     0
102
RTVSPost2010Prop29
280
     1
102
RTVSPost2010PropOp29
 70
     0
102
RTVSPost2010Prop30
280
     1
102
RTVSPost2010PropOp30
 70
     0
102
RTVSPost2010Prop31
280
     0
102
RTVSPost2010PropOp31
 70
     0
102
RTVSPost2010Prop32
280
     0
102
RTVSPost2010PropOp32
 70
     0
102
RTVSPost2010Prop33
280
     0
102
RTVSPost2010PropOp33
 70
     0
102
RTVSPost2010Prop34
280
     0
102
RTVSPost2010PropOp34
 70
     0
102
RTVSPost2010Prop35
280
     0
102
RTVSPost2010PropOp35
 70
     0
102
RTVSPost2010Prop36
280
     0
102
RTVSPost2010PropOp36
 70
     0
102
RTVSPost2010Prop37
 90
       50
102
RTVSPost2010PropOp37
 70
     0
102
RTVSPost2010Prop38
140
0.0
102
RTVSPost2010PropOp38
 70
     0
102
RTVSPost2010Prop39
140
1.0
102
RTVSPost2010PropOp39
 70
     0
102
RTVSPost2010Prop40
 90
        0
102
RTVSPost2010PropOp40
 70
     0
102
RTVSPost2010Prop41ColorIndex
 90
       18
102
RTVSPost2010Prop41ColorRGB
 90
        0
102
RTVSPost2010PropOp41
 70
     0
102
RTVSPost2010Prop42
 90
       50
102
RTVSPost2010PropOp42
 70
     0
102
RTVSPost2010Prop43
 90
        3
102
RTVSPost2010PropOp43
 70
     0
102
RTVSPost2010Prop44ColorIndex
 90
        5
102
RTVSPost2010Prop44ColorRGB
 90
      255
102
RTVSPost2010PropOp44
 70
     0
102
RTVSPost2010Prop45
280
     0
102
RTVSPost2010PropOp45
 70
     0
102
RTVSPost2010Prop46
 90
       50
102
RTVSPost2010PropOp46
 70
     0
102
RTVSPost2010Prop47
 90
       50
102
RTVSPost2010PropOp47
 70
     0
102
RTVSPost2010Prop48
 90
       50
102
RTVSPost2010PropOp48
 70
     0
102
RTVSPost2010Prop49
280
     0
102
RTVSPost2010PropOp49
 70
     0
102
RTVSPost2010Prop50
 90
       50
102
RTVSPost2010PropOp50
 70
     0
102
RTVSPost2010Prop51ColorIndex
 90
      256
102
RTVSPost2010Prop51ColorRGB
 90
-16777216
102
RTVSPost2010PropOp51
 70
     0
102
RTVSPost2010Prop52
140
1.0
102
RTVSPost2010PropOp52
 70
     0
102
RTVSPost2010Prop53
 90
        2
102
RTVSPost2010PropOp53
 70
     0
102
RTVSPost2010Prop54
  1
strokes_ogs.tif
102
RTVSPost2010PropOp54
 70
     0
102
RTVSPost2010Prop55
280
     0
102
RTVSPost2010PropOp55
 70
     0
102
RTVSPost2010Prop56
140
1.0
102
RTVSPost2010PropOp56
 70
     0
102
RTVSPost2010Prop57
140
1.0
102
RTVSPost2010PropOp57
 70
     0
  0
XRECORD
  5
53E
102
{ACAD_REACTORS
330
53D
102
}
330
53D
100
AcDbXrecord
280
     1
102
RTVSPropertyOp0
 70
     1
102
RTVSPropertyOp1
 70
     1
102
RTVSPropertyOp2
 70
     1
102
RTVSPropertyOp3
 70
     1
102
RTVSPropertyOp4
 70
     1
102
RTVSPropertyOp5
 70
     1
102
RTVSPropertyOp6
 70
     1
102
RTVSPropertyOp7
 70
     1
102
RTVSPropertyOp8
 70
     1
102
RTVSPropertyOp9
 70
     1
102
RTVSPropertyOp10
 70
     1
102
RTVSPropertyOp11
 70
     1
102
RTVSPropertyOp12
 70
     1
102
RTVSPropertyOp13
 70
     1
102
RTVSPropertyOp14
 70
     1
102
RTVSPropertyOp15
 70
     1
102
RTVSPropertyOp16
 70
     1
102
RTVSPropertyOp17
 70
     1
102
RTVSPropertyOp18
 70
     1
102
RTVSPropertyOp19
 70
     1
102
RTVSPropertyOp20
 70
     1
102
RTVSPropertyOp21
 70
     1
102
RTVSPropertyOp22
 70
     1
102
RTVSPropertyOp23
 70
     1
102
RTVSPropertyOp24
 70
     1
102
RTVSPropertyOp25
 70
     1
102
RTVSPropertyOp26
 70
     1
102
RTVSPropertyOp27
 70
     1
102
RTVSPropertyOp28
 70
     1
102
RTVSPropertyOp29
 70
     1
102
RTVSPropertyOp30
 70
     1
102
RTVSPropertyOp31
 70
     1
102
RTVSPropertyOp32
 70
     1
102
RTVSPropertyOp33
 70
     1
102
RTVSPropertyOp34
 70
     1
102
RTVSPropertyOp35
 70
     1
102
RTVSPropertyOp36
 70
     1
102
RTVSPropertyOp37
 70
     1
102
RTVSPropertyOp38
 70
     1
102
RTVSPropertyOp39
 70
     1
102
RTVSPropertyOp40
 70
     1
102
RTVSPropertyOp41
 70
     1
102
RTVSPropertyOp42
 70
     1
102
RTVSPropertyOp43
 70
     1
102
RTVSPropertyOp44
 70
     1
102
RTVSPropertyOp45
 70
     1
102
RTVSPropertyOp46
 70
     1
102
RTVSPropertyOp47
 70
     1
102
RTVSPropertyOp48
 70
     1
102
RTVSPropertyOp49
 70
     1
102
RTVSPropertyOp50
 70
     1
102
RTVSPropertyOp51
 70
     0
102
RTVSPropertyOp52
 70
     0
102
RTVSPropertyOp53
 70
     1
102
RTVSPropertyOp54
 70
     1
102
RTVSPropertyOp55
 70
     1
102
RTVSPropertyOp56
 70
     1
102
RTVSPropertyOp57
 70
     1
102
RTVSPost2010Prop28
280
     0
102
RTVSPost2010PropOp28
 70
     1
102
RTVSPost2010Prop29
280
     1
102
RTVSPost2010PropOp29
 70
     1
102
RTVSPost2010Prop30
280
     1
102
RTVSPost2010PropOp30
 70
     1
102
RTVSPost2010Prop31
280
     0
102
RTVSPost2010PropOp31
 70
     1
102
RTVSPost2010Prop32
280
     0
102
RTVSPost2010PropOp32
 70
     1
102
RTVSPost2010Prop33
280
     0
102
RTVSPost2010PropOp33
 70
     1
102
RTVSPost2010Prop34
280
     0
102
RTVSPost2010PropOp34
 70
     1
102
RTVSPost2010Prop35
280
     0
102
RTVSPost2010PropOp35
 70
     1
102
RTVSPost2010Prop36
280
     0
102
RTVSPost2010PropOp36
 70
     1
102
RTVSPost2010Prop37
 90
       50
102
RTVSPost2010PropOp37
 70
     1
102
RTVSPost2010Prop38
140
0.0
102
RTVSPost2010PropOp38
 70
     1
102
RTVSPost2010Prop39
140
1.0
102
RTVSPost2010PropOp39
 70
     1
102
RTVSPost2010Prop40
 90
        0
102
RTVSPost2010PropOp40
 70
     1
102
RTVSPost2010Prop41ColorIndex
 90
       18
102
RTVSPost2010Prop41ColorRGB
 90
        0
102
RTVSPost2010PropOp41
 70
     1
102
RTVSPost2010Prop42
 90
       50
102
RTVSPost2010PropOp42
 70
     1
102
RTVSPost2010Prop43
 90
        3
102
RTVSPost2010PropOp43
 70
     1
102
RTVSPost2010Prop44ColorIndex
 90
        5
102
RTVSPost2010Prop44ColorRGB
 90
      255
102
RTVSPost2010PropOp44
 70
     1
102
RTVSPost2010Prop45
280
     0
102
RTVSPost2010PropOp45
 70
     1
102
RTVSPost2010Prop46
 90
       50
102
RTVSPost2010PropOp46
 70
     1
102
RTVSPost2010Prop47
 90
       50
102
RTVSPost2010PropOp47
 70
     1
102
RTVSPost2010Prop48
 90
       50
102
RTVSPost2010PropOp48
 70
     1
102
RTVSPost2010Prop49
280
     0
102
RTVSPost2010PropOp49
 70
     1
102
RTVSPost2010Prop50
 90
       50
102
RTVSPost2010PropOp50
 70
     1
102
RTVSPost2010Prop51ColorIndex
 90
      256
102
RTVSPost2010Prop51ColorRGB
 90
-16777216
102
RTVSPost2010PropOp51
 70
     0
102
RTVSPost2010Prop52
140
1.0
102
RTVSPost2010PropOp52
 70
     0
102
RTVSPost2010Prop53
 90
        2
102
RTVSPost2010PropOp53
 70
     1
102
RTVSPost2010Prop54
  1
strokes_ogs.tif
102
RTVSPost2010PropOp54
 70
     1
102
RTVSPost2010Prop55
280
     0
102
RTVSPost2010PropOp55
 70
     1
102
RTVSPost2010Prop56
140
1.0
102
RTVSPost2010PropOp56
 70
     1
102
RTVSPost2010Prop57
140
1.0
102
RTVSPost2010PropOp57
 70
     1
  0
XRECORD
  5
522
102
{ACAD_REACTORS
330
521
102
}
330
521
100
AcDbXrecord
280
     1
102
RTVSPropertyOp0
 70
     1
102
RTVSPropertyOp1
 70
     1
102
RTVSPropertyOp2
 70
     1
102
RTVSPropertyOp3
 70
     1
102
RTVSPropertyOp4
 70
     1
102
RTVSPropertyOp5
 70
     1
102
RTVSPropertyOp6
 70
     1
102
RTVSPropertyOp7
 70
     1
102
RTVSPropertyOp8
 70
     1
102
RTVSPropertyOp9
 70
     1
102
RTVSPropertyOp10
 70
     1
102
RTVSPropertyOp11
 70
     1
102
RTVSPropertyOp12
 70
     1
102
RTVSPropertyOp13
 70
     1
102
RTVSPropertyOp14
 70
     1
102
RTVSPropertyOp15
 70
     1
102
RTVSPropertyOp16
 70
     1
102
RTVSPropertyOp17
 70
     1
102
RTVSPropertyOp18
 70
     1
102
RTVSPropertyOp19
 70
     1
102
RTVSPropertyOp20
 70
     1
102
RTVSPropertyOp21
 70
     1
102
RTVSPropertyOp22
 70
     1
102
RTVSPropertyOp23
 70
     1
102
RTVSPropertyOp24
 70
     1
102
RTVSPropertyOp25
 70
     1
102
RTVSPropertyOp26
 70
     1
102
RTVSPropertyOp27
 70
     1
102
RTVSPropertyOp28
 70
     1
102
RTVSPropertyOp29
 70
     1
102
RTVSPropertyOp30
 70
     1
102
RTVSPropertyOp31
 70
     1
102
RTVSPropertyOp32
 70
     1
102
RTVSPropertyOp33
 70
     1
102
RTVSPropertyOp34
 70
     1
102
RTVSPropertyOp35
 70
     1
102
RTVSPropertyOp36
 70
     1
102
RTVSPropertyOp37
 70
     1
102
RTVSPropertyOp38
 70
     1
102
RTVSPropertyOp39
 70
     1
102
RTVSPropertyOp40
 70
     1
102
RTVSPropertyOp41
 70
     1
102
RTVSPropertyOp42
 70
     1
102
RTVSPropertyOp43
 70
     1
102
RTVSPropertyOp44
 70
     1
102
RTVSPropertyOp45
 70
     1
102
RTVSPropertyOp46
 70
     1
102
RTVSPropertyOp47
 70
     1
102
RTVSPropertyOp48
 70
     1
102
RTVSPropertyOp49
 70
     1
102
RTVSPropertyOp50
 70
     1
102
RTVSPropertyOp51
 70
     0
102
RTVSPropertyOp52
 70
     0
102
RTVSPropertyOp53
 70
     1
102
RTVSPropertyOp54
 70
     1
102
RTVSPropertyOp55
 70
     1
102
RTVSPropertyOp56
 70
     1
102
RTVSPropertyOp57
 70
     1
102
RTVSPost2010Prop28
280
     0
102
RTVSPost2010PropOp28
 70
     1
102
RTVSPost2010Prop29
280
     1
102
RTVSPost2010PropOp29
 70
     1
102
RTVSPost2010Prop30
280
     1
102
RTVSPost2010PropOp30
 70
     1
102
RTVSPost2010Prop31
280
     0
102
RTVSPost2010PropOp31
 70
     1
102
RTVSPost2010Prop32
280
     0
102
RTVSPost2010PropOp32
 70
     1
102
RTVSPost2010Prop33
280
     0
102
RTVSPost2010PropOp33
 70
     1
102
RTVSPost2010Prop34
280
     0
102
RTVSPost2010PropOp34
 70
     1
102
RTVSPost2010Prop35
280
     0
102
RTVSPost2010PropOp35
 70
     1
102
RTVSPost2010Prop36
280
     0
102
RTVSPost2010PropOp36
 70
     1
102
RTVSPost2010Prop37
 90
       50
102
RTVSPost2010PropOp37
 70
     1
102
RTVSPost2010Prop38
140
0.0
102
RTVSPost2010PropOp38
 70
     1
102
RTVSPost2010Prop39
140
1.0
102
RTVSPost2010PropOp39
 70
     1
102
RTVSPost2010Prop40
 90
        0
102
RTVSPost2010PropOp40
 70
     1
102
RTVSPost2010Prop41ColorIndex
 90
       18
102
RTVSPost2010Prop41ColorRGB
 90
        0
102
RTVSPost2010PropOp41
 70
     1
102
RTVSPost2010Prop42
 90
       50
102
RTVSPost2010PropOp42
 70
     1
102
RTVSPost2010Prop43
 90
        3
102
RTVSPost2010PropOp43
 70
     1
102
RTVSPost2010Prop44ColorIndex
 90
        5
102
RTVSPost2010Prop44ColorRGB
 90
      255
102
RTVSPost2010PropOp44
 70
     1
102
RTVSPost2010Prop45
280
     0
102
RTVSPost2010PropOp45
 70
     1
102
RTVSPost2010Prop46
 90
       50
102
RTVSPost2010PropOp46
 70
     1
102
RTVSPost2010Prop47
 90
       50
102
RTVSPost2010PropOp47
 70
     1
102
RTVSPost2010Prop48
 90
       50
102
RTVSPost2010PropOp48
 70
     1
102
RTVSPost2010Prop49
280
     0
102
RTVSPost2010PropOp49
 70
     1
102
RTVSPost2010Prop50
 90
       50
102
RTVSPost2010PropOp50
 70
     1
102
RTVSPost2010Prop51ColorIndex
 90
      256
102
RTVSPost2010Prop51ColorRGB
 90
-16777216
102
RTVSPost2010PropOp51
 70
     0
102
RTVSPost2010Prop52
140
1.0
102
RTVSPost2010PropOp52
 70
     0
102
RTVSPost2010Prop53
 90
        2
102
RTVSPost2010PropOp53
 70
     1
102
RTVSPost2010Prop54
  1
strokes_ogs.tif
102
RTVSPost2010PropOp54
 70
     1
102
RTVSPost2010Prop55
280
     0
102
RTVSPost2010PropOp55
 70
     1
102
RTVSPost2010Prop56
140
1.0
102
RTVSPost2010PropOp56
 70
     1
102
RTVSPost2010Prop57
140
1.0
102
RTVSPost2010PropOp57
 70
     1
  0
XRECORD
  5
524
102
{ACAD_REACTORS
330
523
102
}
330
523
100
AcDbXrecord
280
     1
102
RTVSPropertyOp0
 70
     1
102
RTVSPropertyOp1
 70
     1
102
RTVSPropertyOp2
 70
     1
102
RTVSPropertyOp3
 70
     1
102
RTVSPropertyOp4
 70
     1
102
RTVSPropertyOp5
 70
     1
102
RTVSPropertyOp6
 70
     1
102
RTVSPropertyOp7
 70
     1
102
RTVSPropertyOp8
 70
     1
102
RTVSPropertyOp9
 70
     1
102
RTVSPropertyOp10
 70
     1
102
RTVSPropertyOp11
 70
     1
102
RTVSPropertyOp12
 70
     1
102
RTVSPropertyOp13
 70
     1
102
RTVSPropertyOp14
 70
     1
102
RTVSPropertyOp15
 70
     1
102
RTVSPropertyOp16
 70
     1
102
RTVSPropertyOp17
 70
     1
102
RTVSPropertyOp18
 70
     1
102
RTVSPropertyOp19
 70
     1
102
RTVSPropertyOp20
 70
     1
102
RTVSPropertyOp21
 70
     1
102
RTVSPropertyOp22
 70
     1
102
RTVSPropertyOp23
 70
     1
102
RTVSPropertyOp24
 70
     1
102
RTVSPropertyOp25
 70
     1
102
RTVSPropertyOp26
 70
     1
102
RTVSPropertyOp27
 70
     1
102
RTVSPropertyOp28
 70
     1
102
RTVSPropertyOp29
 70
     1
102
RTVSPropertyOp30
 70
     1
102
RTVSPropertyOp31
 70
     1
102
RTVSPropertyOp32
 70
     1
102
RTVSPropertyOp33
 70
     1
102
RTVSPropertyOp34
 70
     1
102
RTVSPropertyOp35
 70
     1
102
RTVSPropertyOp36
 70
     1
102
RTVSPropertyOp37
 70
     1
102
RTVSPropertyOp38
 70
     1
102
RTVSPropertyOp39
 70
     1
102
RTVSPropertyOp40
 70
     1
102
RTVSPropertyOp41
 70
     1
102
RTVSPropertyOp42
 70
     1
102
RTVSPropertyOp43
 70
     1
102
RTVSPropertyOp44
 70
     1
102
RTVSPropertyOp45
 70
     1
102
RTVSPropertyOp46
 70
     1
102
RTVSPropertyOp47
 70
     1
102
RTVSPropertyOp48
 70
     1
102
RTVSPropertyOp49
 70
     1
102
RTVSPropertyOp50
 70
     1
102
RTVSPropertyOp51
 70
     0
102
RTVSPropertyOp52
 70
     0
102
RTVSPropertyOp53
 70
     1
102
RTVSPropertyOp54
 70
     1
102
RTVSPropertyOp55
 70
     1
102
RTVSPropertyOp56
 70
     1
102
RTVSPropertyOp57
 70
     1
102
RTVSPost2010Prop28
280
     0
102
RTVSPost2010PropOp28
 70
     1
102
RTVSPost2010Prop29
280
     1
102
RTVSPost2010PropOp29
 70
     1
102
RTVSPost2010Prop30
280
     1
102
RTVSPost2010PropOp30
 70
     1
102
RTVSPost2010Prop31
280
     0
102
RTVSPost2010PropOp31
 70
     1
102
RTVSPost2010Prop32
280
     0
102
RTVSPost2010PropOp32
 70
     1
102
RTVSPost2010Prop33
280
     0
102
RTVSPost2010PropOp33
 70
     1
102
RTVSPost2010Prop34
280
     0
102
RTVSPost2010PropOp34
 70
     1
102
RTVSPost2010Prop35
280
     0
102
RTVSPost2010PropOp35
 70
     1
102
RTVSPost2010Prop36
280
     0
102
RTVSPost2010PropOp36
 70
     1
102
RTVSPost2010Prop37
 90
       50
102
RTVSPost2010PropOp37
 70
     1
102
RTVSPost2010Prop38
140
0.0
102
RTVSPost2010PropOp38
 70
     1
102
RTVSPost2010Prop39
140
1.0
102
RTVSPost2010PropOp39
 70
     1
102
RTVSPost2010Prop40
 90
        0
102
RTVSPost2010PropOp40
 70
     1
102
RTVSPost2010Prop41ColorIndex
 90
       18
102
RTVSPost2010Prop41ColorRGB
 90
        0
102
RTVSPost2010PropOp41
 70
     1
102
RTVSPost2010Prop42
 90
       50
102
RTVSPost2010PropOp42
 70
     1
102
RTVSPost2010Prop43
 90
        3
102
RTVSPost2010PropOp43
 70
     1
102
RTVSPost2010Prop44ColorIndex
 90
        5
102
RTVSPost2010Prop44ColorRGB
 90
      255
102
RTVSPost2010PropOp44
 70
     1
102
RTVSPost2010Prop45
280
     0
102
RTVSPost2010PropOp45
 70
     1
102
RTVSPost2010Prop46
 90
       50
102
RTVSPost2010PropOp46
 70
     1
102
RTVSPost2010Prop47
 90
       50
102
RTVSPost2010PropOp47
 70
     1
102
RTVSPost2010Prop48
 90
       50
102
RTVSPost2010PropOp48
 70
     1
102
RTVSPost2010Prop49
280
     0
102
RTVSPost2010PropOp49
 70
     1
102
RTVSPost2010Prop50
 90
       50
102
RTVSPost2010PropOp50
 70
     1
102
RTVSPost2010Prop51ColorIndex
 90
      256
102
RTVSPost2010Prop51ColorRGB
 90
-16777216
102
RTVSPost2010PropOp51
 70
     0
102
RTVSPost2010Prop52
140
1.0
102
RTVSPost2010PropOp52
 70
     0
102
RTVSPost2010Prop53
 90
        2
102
RTVSPost2010PropOp53
 70
     1
102
RTVSPost2010Prop54
  1
strokes_ogs.tif
102
RTVSPost2010PropOp54
 70
     1
102
RTVSPost2010Prop55
280
     0
102
RTVSPost2010PropOp55
 70
     1
102
RTVSPost2010Prop56
140
1.0
102
RTVSPost2010PropOp56
 70
     1
102
RTVSPost2010Prop57
140
1.0
102
RTVSPost2010PropOp57
 70
     1
  0
XRECORD
  5
526
102
{ACAD_REACTORS
330
525
102
}
330
525
100
AcDbXrecord
280
     1
102
RTVSPropertyOp0
 70
     1
102
RTVSPropertyOp1
 70
     1
102
RTVSPropertyOp2
 70
     1
102
RTVSPropertyOp3
 70
     1
102
RTVSPropertyOp4
 70
     1
102
RTVSPropertyOp5
 70
     1
102
RTVSPropertyOp6
 70
     1
102
RTVSPropertyOp7
 70
     1
102
RTVSPropertyOp8
 70
     1
102
RTVSPropertyOp9
 70
     1
102
RTVSPropertyOp10
 70
     1
102
RTVSPropertyOp11
 70
     1
102
RTVSPropertyOp12
 70
     1
102
RTVSPropertyOp13
 70
     1
102
RTVSPropertyOp14
 70
     1
102
RTVSPropertyOp15
 70
     1
102
RTVSPropertyOp16
 70
     1
102
RTVSPropertyOp17
 70
     1
102
RTVSPropertyOp18
 70
     1
102
RTVSPropertyOp19
 70
     1
102
RTVSPropertyOp20
 70
     1
102
RTVSPropertyOp21
 70
     1
102
RTVSPropertyOp22
 70
     1
102
RTVSPropertyOp23
 70
     1
102
RTVSPropertyOp24
 70
     1
102
RTVSPropertyOp25
 70
     1
102
RTVSPropertyOp26
 70
     1
102
RTVSPropertyOp27
 70
     1
102
RTVSPropertyOp28
 70
     1
102
RTVSPropertyOp29
 70
     1
102
RTVSPropertyOp30
 70
     1
102
RTVSPropertyOp31
 70
     1
102
RTVSPropertyOp32
 70
     1
102
RTVSPropertyOp33
 70
     1
102
RTVSPropertyOp34
 70
     1
102
RTVSPropertyOp35
 70
     1
102
RTVSPropertyOp36
 70
     1
102
RTVSPropertyOp37
 70
     1
102
RTVSPropertyOp38
 70
     1
102
RTVSPropertyOp39
 70
     1
102
RTVSPropertyOp40
 70
     1
102
RTVSPropertyOp41
 70
     1
102
RTVSPropertyOp42
 70
     1
102
RTVSPropertyOp43
 70
     1
102
RTVSPropertyOp44
 70
     1
102
RTVSPropertyOp45
 70
     1
102
RTVSPropertyOp46
 70
     1
102
RTVSPropertyOp47
 70
     1
102
RTVSPropertyOp48
 70
     1
102
RTVSPropertyOp49
 70
     1
102
RTVSPropertyOp50
 70
     1
102
RTVSPropertyOp51
 70
     0
102
RTVSPropertyOp52
 70
     0
102
RTVSPropertyOp53
 70
     1
102
RTVSPropertyOp54
 70
     1
102
RTVSPropertyOp55
 70
     1
102
RTVSPropertyOp56
 70
     1
102
RTVSPropertyOp57
 70
     1
102
RTVSPost2010Prop28
280
     0
102
RTVSPost2010PropOp28
 70
     1
102
RTVSPost2010Prop29
280
     1
102
RTVSPost2010PropOp29
 70
     1
102
RTVSPost2010Prop30
280
     1
102
RTVSPost2010PropOp30
 70
     1
102
RTVSPost2010Prop31
280
     0
102
RTVSPost2010PropOp31
 70
     1
102
RTVSPost2010Prop32
280
     0
102
RTVSPost2010PropOp32
 70
     1
102
RTVSPost2010Prop33
280
     0
102
RTVSPost2010PropOp33
 70
     1
102
RTVSPost2010Prop34
280
     0
102
RTVSPost2010PropOp34
 70
     1
102
RTVSPost2010Prop35
280
     0
102
RTVSPost2010PropOp35
 70
     1
102
RTVSPost2010Prop36
280
     0
102
RTVSPost2010PropOp36
 70
     1
102
RTVSPost2010Prop37
 90
       50
102
RTVSPost2010PropOp37
 70
     1
102
RTVSPost2010Prop38
140
0.0
102
RTVSPost2010PropOp38
 70
     1
102
RTVSPost2010Prop39
140
1.0
102
RTVSPost2010PropOp39
 70
     1
102
RTVSPost2010Prop40
 90
        0
102
RTVSPost2010PropOp40
 70
     1
102
RTVSPost2010Prop41ColorIndex
 90
       18
102
RTVSPost2010Prop41ColorRGB
 90
        0
102
RTVSPost2010PropOp41
 70
     1
102
RTVSPost2010Prop42
 90
       50
102
RTVSPost2010PropOp42
 70
     1
102
RTVSPost2010Prop43
 90
        3
102
RTVSPost2010PropOp43
 70
     1
102
RTVSPost2010Prop44ColorIndex
 90
        5
102
RTVSPost2010Prop44ColorRGB
 90
      255
102
RTVSPost2010PropOp44
 70
     1
102
RTVSPost2010Prop45
280
     0
102
RTVSPost2010PropOp45
 70
     1
102
RTVSPost2010Prop46
 90
       50
102
RTVSPost2010PropOp46
 70
     1
102
RTVSPost2010Prop47
 90
       50
102
RTVSPost2010PropOp47
 70
     1
102
RTVSPost2010Prop48
 90
       50
102
RTVSPost2010PropOp48
 70
     1
102
RTVSPost2010Prop49
280
     0
102
RTVSPost2010PropOp49
 70
     1
102
RTVSPost2010Prop50
 90
       50
102
RTVSPost2010PropOp50
 70
     1
102
RTVSPost2010Prop51ColorIndex
 90
      256
102
RTVSPost2010Prop51ColorRGB
 90
-16777216
102
RTVSPost2010PropOp51
 70
     0
102
RTVSPost2010Prop52
140
1.0
102
RTVSPost2010PropOp52
 70
     0
102
RTVSPost2010Prop53
 90
        2
102
RTVSPost2010PropOp53
 70
     1
102
RTVSPost2010Prop54
  1
strokes_ogs.tif
102
RTVSPost2010PropOp54
 70
     1
102
RTVSPost2010Prop55
280
     0
102
RTVSPost2010PropOp55
 70
     1
102
RTVSPost2010Prop56
140
1.0
102
RTVSPost2010PropOp56
 70
     1
102
RTVSPost2010Prop57
140
1.0
102
RTVSPost2010PropOp57
 70
     1
  0
XRECORD
  5
528
102
{ACAD_REACTORS
330
527
102
}
330
527
100
AcDbXrecord
280
     1
102
RTVSPropertyOp0
 70
     1
102
RTVSPropertyOp1
 70
     1
102
RTVSPropertyOp2
 70
     1
102
RTVSPropertyOp3
 70
     1
102
RTVSPropertyOp4
 70
     1
102
RTVSPropertyOp5
 70
     1
102
RTVSPropertyOp6
 70
     1
102
RTVSPropertyOp7
 70
     1
102
RTVSPropertyOp8
 70
     1
102
RTVSPropertyOp9
 70
     1
102
RTVSPropertyOp10
 70
     1
102
RTVSPropertyOp11
 70
     1
102
RTVSPropertyOp12
 70
     1
102
RTVSPropertyOp13
 70
     1
102
RTVSPropertyOp14
 70
     1
102
RTVSPropertyOp15
 70
     1
102
RTVSPropertyOp16
 70
     1
102
RTVSPropertyOp17
 70
     1
102
RTVSPropertyOp18
 70
     1
102
RTVSPropertyOp19
 70
     1
102
RTVSPropertyOp20
 70
     1
102
RTVSPropertyOp21
 70
     1
102
RTVSPropertyOp22
 70
     1
102
RTVSPropertyOp23
 70
     1
102
RTVSPropertyOp24
 70
     1
102
RTVSPropertyOp25
 70
     1
102
RTVSPropertyOp26
 70
     1
102
RTVSPropertyOp27
 70
     1
102
RTVSPropertyOp28
 70
     1
102
RTVSPropertyOp29
 70
     1
102
RTVSPropertyOp30
 70
     1
102
RTVSPropertyOp31
 70
     1
102
RTVSPropertyOp32
 70
     1
102
RTVSPropertyOp33
 70
     1
102
RTVSPropertyOp34
 70
     1
102
RTVSPropertyOp35
 70
     1
102
RTVSPropertyOp36
 70
     1
102
RTVSPropertyOp37
 70
     1
102
RTVSPropertyOp38
 70
     1
102
RTVSPropertyOp39
 70
     1
102
RTVSPropertyOp40
 70
     1
102
RTVSPropertyOp41
 70
     1
102
RTVSPropertyOp42
 70
     1
102
RTVSPropertyOp43
 70
     1
102
RTVSPropertyOp44
 70
     1
102
RTVSPropertyOp45
 70
     1
102
RTVSPropertyOp46
 70
     1
102
RTVSPropertyOp47
 70
     1
102
RTVSPropertyOp48
 70
     1
102
RTVSPropertyOp49
 70
     1
102
RTVSPropertyOp50
 70
     1
102
RTVSPropertyOp51
 70
     0
102
RTVSPropertyOp52
 70
     0
102
RTVSPropertyOp53
 70
     1
102
RTVSPropertyOp54
 70
     1
102
RTVSPropertyOp55
 70
     1
102
RTVSPropertyOp56
 70
     1
102
RTVSPropertyOp57
 70
     1
102
RTVSPost2010Prop28
280
     0
102
RTVSPost2010PropOp28
 70
     1
102
RTVSPost2010Prop29
280
     1
102
RTVSPost2010PropOp29
 70
     1
102
RTVSPost2010Prop30
280
     1
102
RTVSPost2010PropOp30
 70
     1
102
RTVSPost2010Prop31
280
     0
102
RTVSPost2010PropOp31
 70
     1
102
RTVSPost2010Prop32
280
     0
102
RTVSPost2010PropOp32
 70
     1
102
RTVSPost2010Prop33
280
     0
102
RTVSPost2010PropOp33
 70
     1
102
RTVSPost2010Prop34
280
     0
102
RTVSPost2010PropOp34
 70
     1
102
RTVSPost2010Prop35
280
     0
102
RTVSPost2010PropOp35
 70
     1
102
RTVSPost2010Prop36
280
     0
102
RTVSPost2010PropOp36
 70
     1
102
RTVSPost2010Prop37
 90
       50
102
RTVSPost2010PropOp37
 70
     1
102
RTVSPost2010Prop38
140
0.0
102
RTVSPost2010PropOp38
 70
     1
102
RTVSPost2010Prop39
140
1.0
102
RTVSPost2010PropOp39
 70
     1
102
RTVSPost2010Prop40
 90
        0
102
RTVSPost2010PropOp40
 70
     1
102
RTVSPost2010Prop41ColorIndex
 90
       18
102
RTVSPost2010Prop41ColorRGB
 90
        0
102
RTVSPost2010PropOp41
 70
     1
102
RTVSPost2010Prop42
 90
       50
102
RTVSPost2010PropOp42
 70
     1
102
RTVSPost2010Prop43
 90
        3
102
RTVSPost2010PropOp43
 70
     1
102
RTVSPost2010Prop44ColorIndex
 90
        5
102
RTVSPost2010Prop44ColorRGB
 90
      255
102
RTVSPost2010PropOp44
 70
     1
102
RTVSPost2010Prop45
280
     0
102
RTVSPost2010PropOp45
 70
     1
102
RTVSPost2010Prop46
 90
       50
102
RTVSPost2010PropOp46
 70
     1
102
RTVSPost2010Prop47
 90
       50
102
RTVSPost2010PropOp47
 70
     1
102
RTVSPost2010Prop48
 90
       50
102
RTVSPost2010PropOp48
 70
     1
102
RTVSPost2010Prop49
280
     0
102
RTVSPost2010PropOp49
 70
     1
102
RTVSPost2010Prop50
 90
       50
102
RTVSPost2010PropOp50
 70
     1
102
RTVSPost2010Prop51ColorIndex
 90
      256
102
RTVSPost2010Prop51ColorRGB
 90
-16777216
102
RTVSPost2010PropOp51
 70
     0
102
RTVSPost2010Prop52
140
1.0
102
RTVSPost2010PropOp52
 70
     0
102
RTVSPost2010Prop53
 90
        2
102
RTVSPost2010PropOp53
 70
     1
102
RTVSPost2010Prop54
  1
strokes_ogs.tif
102
RTVSPost2010PropOp54
 70
     1
102
RTVSPost2010Prop55
280
     0
102
RTVSPost2010PropOp55
 70
     1
102
RTVSPost2010Prop56
140
1.0
102
RTVSPost2010PropOp56
 70
     1
102
RTVSPost2010Prop57
140
1.0
102
RTVSPost2010PropOp57
 70
     1
  0
XRECORD
  5
52E
102
{ACAD_REACTORS
330
52D
102
}
330
52D
100
AcDbXrecord
280
     1
102
RTVSPropertyOp0
 70
     1
102
RTVSPropertyOp1
 70
     1
102
RTVSPropertyOp2
 70
     1
102
RTVSPropertyOp3
 70
     1
102
RTVSPropertyOp4
 70
     1
102
RTVSPropertyOp5
 70
     1
102
RTVSPropertyOp6
 70
     1
102
RTVSPropertyOp7
 70
     1
102
RTVSPropertyOp8
 70
     1
102
RTVSPropertyOp9
 70
     1
102
RTVSPropertyOp10
 70
     1
102
RTVSPropertyOp11
 70
     1
102
RTVSPropertyOp12
 70
     1
102
RTVSPropertyOp13
 70
     1
102
RTVSPropertyOp14
 70
     1
102
RTVSPropertyOp15
 70
     1
102
RTVSPropertyOp16
 70
     1
102
RTVSPropertyOp17
 70
     1
102
RTVSPropertyOp18
 70
     1
102
RTVSPropertyOp19
 70
     1
102
RTVSPropertyOp20
 70
     1
102
RTVSPropertyOp21
 70
     1
102
RTVSPropertyOp22
 70
     1
102
RTVSPropertyOp23
 70
     1
102
RTVSPropertyOp24
 70
     1
102
RTVSPropertyOp25
 70
     1
102
RTVSPropertyOp26
 70
     1
102
RTVSPropertyOp27
 70
     1
102
RTVSPropertyOp28
 70
     1
102
RTVSPropertyOp29
 70
     1
102
RTVSPropertyOp30
 70
     1
102
RTVSPropertyOp31
 70
     1
102
RTVSPropertyOp32
 70
     1
102
RTVSPropertyOp33
 70
     1
102
RTVSPropertyOp34
 70
     1
102
RTVSPropertyOp35
 70
     1
102
RTVSPropertyOp36
 70
     1
102
RTVSPropertyOp37
 70
     1
102
RTVSPropertyOp38
 70
     1
102
RTVSPropertyOp39
 70
     1
102
RTVSPropertyOp40
 70
     1
102
RTVSPropertyOp41
 70
     1
102
RTVSPropertyOp42
 70
     1
102
RTVSPropertyOp43
 70
     1
102
RTVSPropertyOp44
 70
     1
102
RTVSPropertyOp45
 70
     1
102
RTVSPropertyOp46
 70
     1
102
RTVSPropertyOp47
 70
     1
102
RTVSPropertyOp48
 70
     1
102
RTVSPropertyOp49
 70
     1
102
RTVSPropertyOp50
 70
     1
102
RTVSPropertyOp51
 70
     0
102
RTVSPropertyOp52
 70
     0
102
RTVSPropertyOp53
 70
     1
102
RTVSPropertyOp54
 70
     1
102
RTVSPropertyOp55
 70
     1
102
RTVSPropertyOp56
 70
     1
102
RTVSPropertyOp57
 70
     1
102
RTVSPost2010Prop28
280
     0
102
RTVSPost2010PropOp28
 70
     1
102
RTVSPost2010Prop29
280
     1
102
RTVSPost2010PropOp29
 70
     1
102
RTVSPost2010Prop30
280
     1
102
RTVSPost2010PropOp30
 70
     1
102
RTVSPost2010Prop31
280
     0
102
RTVSPost2010PropOp31
 70
     1
102
RTVSPost2010Prop32
280
     0
102
RTVSPost2010PropOp32
 70
     1
102
RTVSPost2010Prop33
280
     0
102
RTVSPost2010PropOp33
 70
     1
102
RTVSPost2010Prop34
280
     0
102
RTVSPost2010PropOp34
 70
     1
102
RTVSPost2010Prop35
280
     0
102
RTVSPost2010PropOp35
 70
     1
102
RTVSPost2010Prop36
280
     0
102
RTVSPost2010PropOp36
 70
     1
102
RTVSPost2010Prop37
 90
       50
102
RTVSPost2010PropOp37
 70
     1
102
RTVSPost2010Prop38
140
0.0
102
RTVSPost2010PropOp38
 70
     1
102
RTVSPost2010Prop39
140
1.0
102
RTVSPost2010PropOp39
 70
     1
102
RTVSPost2010Prop40
 90
        0
102
RTVSPost2010PropOp40
 70
     1
102
RTVSPost2010Prop41ColorIndex
 90
       18
102
RTVSPost2010Prop41ColorRGB
 90
        0
102
RTVSPost2010PropOp41
 70
     1
102
RTVSPost2010Prop42
 90
       50
102
RTVSPost2010PropOp42
 70
     1
102
RTVSPost2010Prop43
 90
        3
102
RTVSPost2010PropOp43
 70
     1
102
RTVSPost2010Prop44ColorIndex
 90
        5
102
RTVSPost2010Prop44ColorRGB
 90
      255
102
RTVSPost2010PropOp44
 70
     1
102
RTVSPost2010Prop45
280
     0
102
RTVSPost2010PropOp45
 70
     1
102
RTVSPost2010Prop46
 90
       50
102
RTVSPost2010PropOp46
 70
     1
102
RTVSPost2010Prop47
 90
       50
102
RTVSPost2010PropOp47
 70
     1
102
RTVSPost2010Prop48
 90
       50
102
RTVSPost2010PropOp48
 70
     1
102
RTVSPost2010Prop49
280
     0
102
RTVSPost2010PropOp49
 70
     1
102
RTVSPost2010Prop50
 90
       50
102
RTVSPost2010PropOp50
 70
     1
102
RTVSPost2010Prop51ColorIndex
 90
      256
102
RTVSPost2010Prop51ColorRGB
 90
-16777216
102
RTVSPost2010PropOp51
 70
     0
102
RTVSPost2010Prop52
140
1.0
102
RTVSPost2010PropOp52
 70
     0
102
RTVSPost2010Prop53
 90
        2
102
RTVSPost2010PropOp53
 70
     1
102
RTVSPost2010Prop54
  1
strokes_ogs.tif
102
RTVSPost2010PropOp54
 70
     1
102
RTVSPost2010Prop55
280
     0
102
RTVSPost2010PropOp55
 70
     1
102
RTVSPost2010Prop56
140
1.0
102
RTVSPost2010PropOp56
 70
     1
102
RTVSPost2010Prop57
140
1.0
102
RTVSPost2010PropOp57
 70
     1
  0
XRECORD
  5
542
102
{ACAD_REACTORS
330
541
102
}
330
541
100
AcDbXrecord
280
     1
102
RTVSPropertyOp0
 70
     0
102
RTVSPropertyOp1
 70
     0
102
RTVSPropertyOp2
 70
     0
102
RTVSPropertyOp3
 70
     0
102
RTVSPropertyOp4
 70
     0
102
RTVSPropertyOp5
 70
     0
102
RTVSPropertyOp6
 70
     0
102
RTVSPropertyOp7
 70
     0
102
RTVSPropertyOp8
 70
     0
102
RTVSPropertyOp9
 70
     0
102
RTVSPropertyOp10
 70
     0
102
RTVSPropertyOp11
 70
     0
102
RTVSPropertyOp12
 70
     0
102
RTVSPropertyOp13
 70
     0
102
RTVSPropertyOp14
 70
     2
102
RTVSPropertyOp15
 70
     0
102
RTVSPropertyOp16
 70
     0
102
RTVSPropertyOp17
 70
     0
102
RTVSPropertyOp18
 70
     0
102
RTVSPropertyOp19
 70
     0
102
RTVSPropertyOp20
 70
     0
102
RTVSPropertyOp21
 70
     0
102
RTVSPropertyOp22
 70
     0
102
RTVSPropertyOp23
 70
     0
102
RTVSPropertyOp24
 70
     0
102
RTVSPropertyOp25
 70
     0
102
RTVSPropertyOp26
 70
     0
102
RTVSPropertyOp27
 70
     0
102
RTVSPropertyOp28
 70
     0
102
RTVSPropertyOp29
 70
     0
102
RTVSPropertyOp30
 70
     0
102
RTVSPropertyOp31
 70
     0
102
RTVSPropertyOp32
 70
     0
102
RTVSPropertyOp33
 70
     0
102
RTVSPropertyOp34
 70
     0
102
RTVSPropertyOp35
 70
     0
102
RTVSPropertyOp36
 70
     0
102
RTVSPropertyOp37
 70
     0
102
RTVSPropertyOp38
 70
     0
102
RTVSPropertyOp39
 70
     0
102
RTVSPropertyOp40
 70
     0
102
RTVSPropertyOp41
 70
     0
102
RTVSPropertyOp42
 70
     0
102
RTVSPropertyOp43
 70
     0
102
RTVSPropertyOp44
 70
     0
102
RTVSPropertyOp45
 70
     0
102
RTVSPropertyOp46
 70
     0
102
RTVSPropertyOp47
 70
     0
102
RTVSPropertyOp48
 70
     0
102
RTVSPropertyOp49
 70
     0
102
RTVSPropertyOp50
 70
     0
102
RTVSPropertyOp51
 70
     0
102
RTVSPropertyOp52
 70
     0
102
RTVSPropertyOp53
 70
     0
102
RTVSPropertyOp54
 70
     0
102
RTVSPropertyOp55
 70
     0
102
RTVSPropertyOp56
 70
     0
102
RTVSPropertyOp57
 70
     0
102
RTVSPost2010Prop28
280
     0
102
RTVSPost2010PropOp28
 70
     0
102
RTVSPost2010Prop29
280
     1
102
RTVSPost2010PropOp29
 70
     0
102
RTVSPost2010Prop30
280
     1
102
RTVSPost2010PropOp30
 70
     0
102
RTVSPost2010Prop31
280
     0
102
RTVSPost2010PropOp31
 70
     0
102
RTVSPost2010Prop32
280
     0
102
RTVSPost2010PropOp32
 70
     0
102
RTVSPost2010Prop33
280
     0
102
RTVSPost2010PropOp33
 70
     0
102
RTVSPost2010Prop34
280
     0
102
RTVSPost2010PropOp34
 70
     0
102
RTVSPost2010Prop35
280
     0
102
RTVSPost2010PropOp35
 70
     0
102
RTVSPost2010Prop36
280
     0
102
RTVSPost2010PropOp36
 70
     0
102
RTVSPost2010Prop37
 90
       50
102
RTVSPost2010PropOp37
 70
     0
102
RTVSPost2010Prop38
140
0.0
102
RTVSPost2010PropOp38
 70
     0
102
RTVSPost2010Prop39
140
1.0
102
RTVSPost2010PropOp39
 70
     0
102
RTVSPost2010Prop40
 90
        0
102
RTVSPost2010PropOp40
 70
     0
102
RTVSPost2010Prop41ColorIndex
 90
       18
102
RTVSPost2010Prop41ColorRGB
 90
        0
102
RTVSPost2010PropOp41
 70
     0
102
RTVSPost2010Prop42
 90
       50
102
RTVSPost2010PropOp42
 70
     0
102
RTVSPost2010Prop43
 90
        3
102
RTVSPost2010PropOp43
 70
     0
102
RTVSPost2010Prop44ColorIndex
 90
        5
102
RTVSPost2010Prop44ColorRGB
 90
      255
102
RTVSPost2010PropOp44
 70
     0
102
RTVSPost2010Prop45
280
     0
102
RTVSPost2010PropOp45
 70
     0
102
RTVSPost2010Prop46
 90
       50
102
RTVSPost2010PropOp46
 70
     0
102
RTVSPost2010Prop47
 90
       50
102
RTVSPost2010PropOp47
 70
     0
102
RTVSPost2010Prop48
 90
       50
102
RTVSPost2010PropOp48
 70
     0
102
RTVSPost2010Prop49
280
     0
102
RTVSPost2010PropOp49
 70
     0
102
RTVSPost2010Prop50
 90
       50
102
RTVSPost2010PropOp50
 70
     0
102
RTVSPost2010Prop51ColorIndex
 90
      256
102
RTVSPost2010Prop51ColorRGB
 90
-16777216
102
RTVSPost2010PropOp51
 70
     0
102
RTVSPost2010Prop52
140
1.0
102
RTVSPost2010PropOp52
 70
     0
102
RTVSPost2010Prop53
 90
        2
102
RTVSPost2010PropOp53
 70
     0
102
RTVSPost2010Prop54
  1
strokes_ogs.tif
102
RTVSPost2010PropOp54
 70
     0
102
RTVSPost2010Prop55
280
     0
102
RTVSPost2010PropOp55
 70
     0
102
RTVSPost2010Prop56
140
1.0
102
RTVSPost2010PropOp56
 70
     0
102
RTVSPost2010Prop57
140
1.0
102
RTVSPost2010PropOp57
 70
     0
  0
XRECORD
  5
53C
102
{ACAD_REACTORS
330
53B
102
}
330
53B
100
AcDbXrecord
280
     1
102
RTVSPropertyOp0
 70
     1
102
RTVSPropertyOp1
 70
     1
102
RTVSPropertyOp2
 70
     1
102
RTVSPropertyOp3
 70
     1
102
RTVSPropertyOp4
 70
     1
102
RTVSPropertyOp5
 70
     1
102
RTVSPropertyOp6
 70
     1
102
RTVSPropertyOp7
 70
     1
102
RTVSPropertyOp8
 70
     1
102
RTVSPropertyOp9
 70
     1
102
RTVSPropertyOp10
 70
     1
102
RTVSPropertyOp11
 70
     1
102
RTVSPropertyOp12
 70
     1
102
RTVSPropertyOp13
 70
     1
102
RTVSPropertyOp14
 70
     1
102
RTVSPropertyOp15
 70
     1
102
RTVSPropertyOp16
 70
     1
102
RTVSPropertyOp17
 70
     1
102
RTVSPropertyOp18
 70
     1
102
RTVSPropertyOp19
 70
     1
102
RTVSPropertyOp20
 70
     1
102
RTVSPropertyOp21
 70
     1
102
RTVSPropertyOp22
 70
     1
102
RTVSPropertyOp23
 70
     1
102
RTVSPropertyOp24
 70
     1
102
RTVSPropertyOp25
 70
     1
102
RTVSPropertyOp26
 70
     1
102
RTVSPropertyOp27
 70
     1
102
RTVSPropertyOp28
 70
     1
102
RTVSPropertyOp29
 70
     1
102
RTVSPropertyOp30
 70
     1
102
RTVSPropertyOp31
 70
     1
102
RTVSPropertyOp32
 70
     1
102
RTVSPropertyOp33
 70
     1
102
RTVSPropertyOp34
 70
     1
102
RTVSPropertyOp35
 70
     1
102
RTVSPropertyOp36
 70
     1
102
RTVSPropertyOp37
 70
     1
102
RTVSPropertyOp38
 70
     1
102
RTVSPropertyOp39
 70
     1
102
RTVSPropertyOp40
 70
     1
102
RTVSPropertyOp41
 70
     1
102
RTVSPropertyOp42
 70
     1
102
RTVSPropertyOp43
 70
     1
102
RTVSPropertyOp44
 70
     1
102
RTVSPropertyOp45
 70
     1
102
RTVSPropertyOp46
 70
     1
102
RTVSPropertyOp47
 70
     1
102
RTVSPropertyOp48
 70
     1
102
RTVSPropertyOp49
 70
     1
102
RTVSPropertyOp50
 70
     1
102
RTVSPropertyOp51
 70
     0
102
RTVSPropertyOp52
 70
     0
102
RTVSPropertyOp53
 70
     1
102
RTVSPropertyOp54
 70
     1
102
RTVSPropertyOp55
 70
     1
102
RTVSPropertyOp56
 70
     1
102
RTVSPropertyOp57
 70
     1
102
RTVSPost2010Prop28
280
     0
102
RTVSPost2010PropOp28
 70
     1
102
RTVSPost2010Prop29
280
     1
102
RTVSPost2010PropOp29
 70
     1
102
RTVSPost2010Prop30
280
     1
102
RTVSPost2010PropOp30
 70
     1
102
RTVSPost2010Prop31
280
     0
102
RTVSPost2010PropOp31
 70
     1
102
RTVSPost2010Prop32
280
     0
102
RTVSPost2010PropOp32
 70
     1
102
RTVSPost2010Prop33
280
     0
102
RTVSPost2010PropOp33
 70
     1
102
RTVSPost2010Prop34
280
     0
102
RTVSPost2010PropOp34
 70
     1
102
RTVSPost2010Prop35
280
     0
102
RTVSPost2010PropOp35
 70
     1
102
RTVSPost2010Prop36
280
     0
102
RTVSPost2010PropOp36
 70
     1
102
RTVSPost2010Prop37
 90
       50
102
RTVSPost2010PropOp37
 70
     1
102
RTVSPost2010Prop38
140
0.0
102
RTVSPost2010PropOp38
 70
     1
102
RTVSPost2010Prop39
140
1.0
102
RTVSPost2010PropOp39
 70
     1
102
RTVSPost2010Prop40
 90
        0
102
RTVSPost2010PropOp40
 70
     1
102
RTVSPost2010Prop41ColorIndex
 90
       18
102
RTVSPost2010Prop41ColorRGB
 90
        0
102
RTVSPost2010PropOp41
 70
     1
102
RTVSPost2010Prop42
 90
       50
102
RTVSPost2010PropOp42
 70
     1
102
RTVSPost2010Prop43
 90
        3
102
RTVSPost2010PropOp43
 70
     1
102
RTVSPost2010Prop44ColorIndex
 90
        5
102
RTVSPost2010Prop44ColorRGB
 90
      255
102
RTVSPost2010PropOp44
 70
     1
102
RTVSPost2010Prop45
280
     0
102
RTVSPost2010PropOp45
 70
     1
102
RTVSPost2010Prop46
 90
       50
102
RTVSPost2010PropOp46
 70
     1
102
RTVSPost2010Prop47
 90
       50
102
RTVSPost2010PropOp47
 70
     1
102
RTVSPost2010Prop48
 90
       50
102
RTVSPost2010PropOp48
 70
     1
102
RTVSPost2010Prop49
280
     0
102
RTVSPost2010PropOp49
 70
     1
102
RTVSPost2010Prop50
 90
       50
102
RTVSPost2010PropOp50
 70
     1
102
RTVSPost2010Prop51ColorIndex
 90
      256
102
RTVSPost2010Prop51ColorRGB
 90
-16777216
102
RTVSPost2010PropOp51
 70
     0
102
RTVSPost2010Prop52
140
1.0
102
RTVSPost2010PropOp52
 70
     0
102
RTVSPost2010Prop53
 90
        2
102
RTVSPost2010PropOp53
 70
     1
102
RTVSPost2010Prop54
  1
strokes_ogs.tif
102
RTVSPost2010PropOp54
 70
     1
102
RTVSPost2010Prop55
280
     0
102
RTVSPost2010PropOp55
 70
     1
102
RTVSPost2010Prop56
140
1.0
102
RTVSPost2010PropOp56
 70
     1
102
RTVSPost2010Prop57
140
1.0
102
RTVSPost2010PropOp57
 70
     1
  0
XRECORD
  5
544
102
{ACAD_REACTORS
330
543
102
}
330
543
100
AcDbXrecord
280
     1
102
RTVSPropertyOp0
 70
     0
102
RTVSPropertyOp1
 70
     0
102
RTVSPropertyOp2
 70
     0
102
RTVSPropertyOp3
 70
     0
102
RTVSPropertyOp4
 70
     0
102
RTVSPropertyOp5
 70
     0
102
RTVSPropertyOp6
 70
     0
102
RTVSPropertyOp7
 70
     0
102
RTVSPropertyOp8
 70
     0
102
RTVSPropertyOp9
 70
     0
102
RTVSPropertyOp10
 70
     0
102
RTVSPropertyOp11
 70
     0
102
RTVSPropertyOp12
 70
     0
102
RTVSPropertyOp13
 70
     0
102
RTVSPropertyOp14
 70
     2
102
RTVSPropertyOp15
 70
     0
102
RTVSPropertyOp16
 70
     0
102
RTVSPropertyOp17
 70
     0
102
RTVSPropertyOp18
 70
     0
102
RTVSPropertyOp19
 70
     0
102
RTVSPropertyOp20
 70
     0
102
RTVSPropertyOp21
 70
     0
102
RTVSPropertyOp22
 70
     0
102
RTVSPropertyOp23
 70
     0
102
RTVSPropertyOp24
 70
     0
102
RTVSPropertyOp25
 70
     0
102
RTVSPropertyOp26
 70
     0
102
RTVSPropertyOp27
 70
     0
102
RTVSPropertyOp28
 70
     0
102
RTVSPropertyOp29
 70
     0
102
RTVSPropertyOp30
 70
     0
102
RTVSPropertyOp31
 70
     0
102
RTVSPropertyOp32
 70
     0
102
RTVSPropertyOp33
 70
     0
102
RTVSPropertyOp34
 70
     0
102
RTVSPropertyOp35
 70
     0
102
RTVSPropertyOp36
 70
     0
102
RTVSPropertyOp37
 70
     0
102
RTVSPropertyOp38
 70
     0
102
RTVSPropertyOp39
 70
     0
102
RTVSPropertyOp40
 70
     0
102
RTVSPropertyOp41
 70
     0
102
RTVSPropertyOp42
 70
     0
102
RTVSPropertyOp43
 70
     0
102
RTVSPropertyOp44
 70
     0
102
RTVSPropertyOp45
 70
     0
102
RTVSPropertyOp46
 70
     0
102
RTVSPropertyOp47
 70
     0
102
RTVSPropertyOp48
 70
     0
102
RTVSPropertyOp49
 70
     0
102
RTVSPropertyOp50
 70
     0
102
RTVSPropertyOp51
 70
     0
102
RTVSPropertyOp52
 70
     0
102
RTVSPropertyOp53
 70
     0
102
RTVSPropertyOp54
 70
     0
102
RTVSPropertyOp55
 70
     0
102
RTVSPropertyOp56
 70
     0
102
RTVSPropertyOp57
 70
     0
102
RTVSPost2010Prop28
280
     0
102
RTVSPost2010PropOp28
 70
     0
102
RTVSPost2010Prop29
280
     1
102
RTVSPost2010PropOp29
 70
     0
102
RTVSPost2010Prop30
280
     1
102
RTVSPost2010PropOp30
 70
     0
102
RTVSPost2010Prop31
280
     0
102
RTVSPost2010PropOp31
 70
     0
102
RTVSPost2010Prop32
280
     0
102
RTVSPost2010PropOp32
 70
     0
102
RTVSPost2010Prop33
280
     0
102
RTVSPost2010PropOp33
 70
     0
102
RTVSPost2010Prop34
280
     0
102
RTVSPost2010PropOp34
 70
     0
102
RTVSPost2010Prop35
280
     0
102
RTVSPost2010PropOp35
 70
     0
102
RTVSPost2010Prop36
280
     0
102
RTVSPost2010PropOp36
 70
     0
102
RTVSPost2010Prop37
 90
       50
102
RTVSPost2010PropOp37
 70
     0
102
RTVSPost2010Prop38
140
0.0
102
RTVSPost2010PropOp38
 70
     0
102
RTVSPost2010Prop39
140
1.0
102
RTVSPost2010PropOp39
 70
     0
102
RTVSPost2010Prop40
 90
        0
102
RTVSPost2010PropOp40
 70
     0
102
RTVSPost2010Prop41ColorIndex
 90
       18
102
RTVSPost2010Prop41ColorRGB
 90
        0
102
RTVSPost2010PropOp41
 70
     0
102
RTVSPost2010Prop42
 90
       50
102
RTVSPost2010PropOp42
 70
     0
102
RTVSPost2010Prop43
 90
        3
102
RTVSPost2010PropOp43
 70
     0
102
RTVSPost2010Prop44ColorIndex
 90
        5
102
RTVSPost2010Prop44ColorRGB
 90
      255
102
RTVSPost2010PropOp44
 70
     0
102
RTVSPost2010Prop45
280
     0
102
RTVSPost2010PropOp45
 70
     0
102
RTVSPost2010Prop46
 90
       50
102
RTVSPost2010PropOp46
 70
     0
102
RTVSPost2010Prop47
 90
       50
102
RTVSPost2010PropOp47
 70
     0
102
RTVSPost2010Prop48
 90
       50
102
RTVSPost2010PropOp48
 70
     0
102
RTVSPost2010Prop49
280
     0
102
RTVSPost2010PropOp49
 70
     0
102
RTVSPost2010Prop50
 90
       50
102
RTVSPost2010PropOp50
 70
     0
102
RTVSPost2010Prop51ColorIndex
 90
      256
102
RTVSPost2010Prop51ColorRGB
 90
-16777216
102
RTVSPost2010PropOp51
 70
     0
102
RTVSPost2010Prop52
140
1.0
102
RTVSPost2010PropOp52
 70
     0
102
RTVSPost2010Prop53
 90
        2
102
RTVSPost2010PropOp53
 70
     0
102
RTVSPost2010Prop54
  1
strokes_ogs.tif
102
RTVSPost2010PropOp54
 70
     0
102
RTVSPost2010Prop55
280
     0
102
RTVSPost2010PropOp55
 70
     0
102
RTVSPost2010Prop56
140
1.0
102
RTVSPost2010PropOp56
 70
     0
102
RTVSPost2010Prop57
140
1.0
102
RTVSPost2010PropOp57
 70
     0
  0
XRECORD
  5
532
102
{ACAD_REACTORS
330
531
102
}
330
531
100
AcDbXrecord
280
     1
102
RTVSPropertyOp0
 70
     1
102
RTVSPropertyOp1
 70
     1
102
RTVSPropertyOp2
 70
     1
102
RTVSPropertyOp3
 70
     1
102
RTVSPropertyOp4
 70
     1
102
RTVSPropertyOp5
 70
     1
102
RTVSPropertyOp6
 70
     1
102
RTVSPropertyOp7
 70
     1
102
RTVSPropertyOp8
 70
     1
102
RTVSPropertyOp9
 70
     1
102
RTVSPropertyOp10
 70
     1
102
RTVSPropertyOp11
 70
     1
102
RTVSPropertyOp12
 70
     1
102
RTVSPropertyOp13
 70
     1
102
RTVSPropertyOp14
 70
     1
102
RTVSPropertyOp15
 70
     1
102
RTVSPropertyOp16
 70
     1
102
RTVSPropertyOp17
 70
     1
102
RTVSPropertyOp18
 70
     1
102
RTVSPropertyOp19
 70
     1
102
RTVSPropertyOp20
 70
     1
102
RTVSPropertyOp21
 70
     1
102
RTVSPropertyOp22
 70
     1
102
RTVSPropertyOp23
 70
     1
102
RTVSPropertyOp24
 70
     1
102
RTVSPropertyOp25
 70
     1
102
RTVSPropertyOp26
 70
     1
102
RTVSPropertyOp27
 70
     1
102
RTVSPropertyOp28
 70
     1
102
RTVSPropertyOp29
 70
     1
102
RTVSPropertyOp30
 70
     1
102
RTVSPropertyOp31
 70
     1
102
RTVSPropertyOp32
 70
     1
102
RTVSPropertyOp33
 70
     1
102
RTVSPropertyOp34
 70
     1
102
RTVSPropertyOp35
 70
     1
102
RTVSPropertyOp36
 70
     1
102
RTVSPropertyOp37
 70
     1
102
RTVSPropertyOp38
 70
     1
102
RTVSPropertyOp39
 70
     1
102
RTVSPropertyOp40
 70
     1
102
RTVSPropertyOp41
 70
     1
102
RTVSPropertyOp42
 70
     1
102
RTVSPropertyOp43
 70
     1
102
RTVSPropertyOp44
 70
     1
102
RTVSPropertyOp45
 70
     1
102
RTVSPropertyOp46
 70
     1
102
RTVSPropertyOp47
 70
     1
102
RTVSPropertyOp48
 70
     1
102
RTVSPropertyOp49
 70
     1
102
RTVSPropertyOp50
 70
     1
102
RTVSPropertyOp51
 70
     0
102
RTVSPropertyOp52
 70
     0
102
RTVSPropertyOp53
 70
     1
102
RTVSPropertyOp54
 70
     1
102
RTVSPropertyOp55
 70
     1
102
RTVSPropertyOp56
 70
     1
102
RTVSPropertyOp57
 70
     1
102
RTVSPost2010Prop28
280
     0
102
RTVSPost2010PropOp28
 70
     1
102
RTVSPost2010Prop29
280
     1
102
RTVSPost2010PropOp29
 70
     1
102
RTVSPost2010Prop30
280
     1
102
RTVSPost2010PropOp30
 70
     1
102
RTVSPost2010Prop31
280
     0
102
RTVSPost2010PropOp31
 70
     1
102
RTVSPost2010Prop32
280
     0
102
RTVSPost2010PropOp32
 70
     1
102
RTVSPost2010Prop33
280
     0
102
RTVSPost2010PropOp33
 70
     1
102
RTVSPost2010Prop34
280
     0
102
RTVSPost2010PropOp34
 70
     1
102
RTVSPost2010Prop35
280
     0
102
RTVSPost2010PropOp35
 70
     1
102
RTVSPost2010Prop36
280
     0
102
RTVSPost2010PropOp36
 70
     1
102
RTVSPost2010Prop37
 90
       50
102
RTVSPost2010PropOp37
 70
     1
102
RTVSPost2010Prop38
140
0.0
102
RTVSPost2010PropOp38
 70
     1
102
RTVSPost2010Prop39
140
1.0
102
RTVSPost2010PropOp39
 70
     1
102
RTVSPost2010Prop40
 90
        0
102
RTVSPost2010PropOp40
 70
     1
102
RTVSPost2010Prop41ColorIndex
 90
       18
102
RTVSPost2010Prop41ColorRGB
 90
        0
102
RTVSPost2010PropOp41
 70
     1
102
RTVSPost2010Prop42
 90
       50
102
RTVSPost2010PropOp42
 70
     1
102
RTVSPost2010Prop43
 90
        3
102
RTVSPost2010PropOp43
 70
     1
102
RTVSPost2010Prop44ColorIndex
 90
        5
102
RTVSPost2010Prop44ColorRGB
 90
      255
102
RTVSPost2010PropOp44
 70
     1
102
RTVSPost2010Prop45
280
     0
102
RTVSPost2010PropOp45
 70
     1
102
RTVSPost2010Prop46
 90
       50
102
RTVSPost2010PropOp46
 70
     1
102
RTVSPost2010Prop47
 90
       50
102
RTVSPost2010PropOp47
 70
     1
102
RTVSPost2010Prop48
 90
       50
102
RTVSPost2010PropOp48
 70
     1
102
RTVSPost2010Prop49
280
     0
102
RTVSPost2010PropOp49
 70
     1
102
RTVSPost2010Prop50
 90
       50
102
RTVSPost2010PropOp50
 70
     1
102
RTVSPost2010Prop51ColorIndex
 90
      256
102
RTVSPost2010Prop51ColorRGB
 90
-16777216
102
RTVSPost2010PropOp51
 70
     0
102
RTVSPost2010Prop52
140
1.0
102
RTVSPost2010PropOp52
 70
     0
102
RTVSPost2010Prop53
 90
        2
102
RTVSPost2010PropOp53
 70
     1
102
RTVSPost2010Prop54
  1
strokes_ogs.tif
102
RTVSPost2010PropOp54
 70
     1
102
RTVSPost2010Prop55
280
     0
102
RTVSPost2010PropOp55
 70
     1
102
RTVSPost2010Prop56
140
1.0
102
RTVSPost2010PropOp56
 70
     1
102
RTVSPost2010Prop57
140
1.0
102
RTVSPost2010PropOp57
 70
     1
  0
XRECORD
  5
550
102
{ACAD_REACTORS
330
54F
102
}
330
54F
100
AcDbXrecord
280
     1
102
RTVSPropertyOp0
 70
     1
102
RTVSPropertyOp1
 70
     1
102
RTVSPropertyOp2
 70
     1
102
RTVSPropertyOp3
 70
     1
102
RTVSPropertyOp4
 70
     1
102
RTVSPropertyOp5
 70
     1
102
RTVSPropertyOp6
 70
     1
102
RTVSPropertyOp7
 70
     1
102
RTVSPropertyOp8
 70
     1
102
RTVSPropertyOp9
 70
     1
102
RTVSPropertyOp10
 70
     1
102
RTVSPropertyOp11
 70
     1
102
RTVSPropertyOp12
 70
     1
102
RTVSPropertyOp13
 70
     1
102
RTVSPropertyOp14
 70
     1
102
RTVSPropertyOp15
 70
     1
102
RTVSPropertyOp16
 70
     1
102
RTVSPropertyOp17
 70
     1
102
RTVSPropertyOp18
 70
     1
102
RTVSPropertyOp19
 70
     1
102
RTVSPropertyOp20
 70
     1
102
RTVSPropertyOp21
 70
     1
102
RTVSPropertyOp22
 70
     1
102
RTVSPropertyOp23
 70
     1
102
RTVSPropertyOp24
 70
     1
102
RTVSPropertyOp25
 70
     1
102
RTVSPropertyOp26
 70
     1
102
RTVSPropertyOp27
 70
     1
102
RTVSPropertyOp28
 70
     1
102
RTVSPropertyOp29
 70
     1
102
RTVSPropertyOp30
 70
     1
102
RTVSPropertyOp31
 70
     1
102
RTVSPropertyOp32
 70
     1
102
RTVSPropertyOp33
 70
     1
102
RTVSPropertyOp34
 70
     1
102
RTVSPropertyOp35
 70
     1
102
RTVSPropertyOp36
 70
     1
102
RTVSPropertyOp37
 70
     1
102
RTVSPropertyOp38
 70
     1
102
RTVSPropertyOp39
 70
     1
102
RTVSPropertyOp40
 70
     1
102
RTVSPropertyOp41
 70
     1
102
RTVSPropertyOp42
 70
     1
102
RTVSPropertyOp43
 70
     1
102
RTVSPropertyOp44
 70
     1
102
RTVSPropertyOp45
 70
     1
102
RTVSPropertyOp46
 70
     1
102
RTVSPropertyOp47
 70
     1
102
RTVSPropertyOp48
 70
     1
102
RTVSPropertyOp49
 70
     1
102
RTVSPropertyOp50
 70
     1
102
RTVSPropertyOp51
 70
     0
102
RTVSPropertyOp52
 70
     0
102
RTVSPropertyOp53
 70
     1
102
RTVSPropertyOp54
 70
     1
102
RTVSPropertyOp55
 70
     1
102
RTVSPropertyOp56
 70
     1
102
RTVSPropertyOp57
 70
     1
102
RTVSPost2010Prop28
280
     0
102
RTVSPost2010PropOp28
 70
     1
102
RTVSPost2010Prop29
280
     1
102
RTVSPost2010PropOp29
 70
     1
102
RTVSPost2010Prop30
280
     1
102
RTVSPost2010PropOp30
 70
     1
102
RTVSPost2010Prop31
280
     0
102
RTVSPost2010PropOp31
 70
     1
102
RTVSPost2010Prop32
280
     0
102
RTVSPost2010PropOp32
 70
     1
102
RTVSPost2010Prop33
280
     0
102
RTVSPost2010PropOp33
 70
     1
102
RTVSPost2010Prop34
280
     0
102
RTVSPost2010PropOp34
 70
     1
102
RTVSPost2010Prop35
280
     0
102
RTVSPost2010PropOp35
 70
     1
102
RTVSPost2010Prop36
280
     0
102
RTVSPost2010PropOp36
 70
     1
102
RTVSPost2010Prop37
 90
       50
102
RTVSPost2010PropOp37
 70
     1
102
RTVSPost2010Prop38
140
0.0
102
RTVSPost2010PropOp38
 70
     1
102
RTVSPost2010Prop39
140
1.0
102
RTVSPost2010PropOp39
 70
     1
102
RTVSPost2010Prop40
 90
        0
102
RTVSPost2010PropOp40
 70
     1
102
RTVSPost2010Prop41ColorIndex
 90
       18
102
RTVSPost2010Prop41ColorRGB
 90
        0
102
RTVSPost2010PropOp41
 70
     1
102
RTVSPost2010Prop42
 90
       50
102
RTVSPost2010PropOp42
 70
     1
102
RTVSPost2010Prop43
 90
        3
102
RTVSPost2010PropOp43
 70
     1
102
RTVSPost2010Prop44ColorIndex
 90
        5
102
RTVSPost2010Prop44ColorRGB
 90
      255
102
RTVSPost2010PropOp44
 70
     1
102
RTVSPost2010Prop45
280
     0
102
RTVSPost2010PropOp45
 70
     1
102
RTVSPost2010Prop46
 90
       50
102
RTVSPost2010PropOp46
 70
     1
102
RTVSPost2010Prop47
 90
       50
102
RTVSPost2010PropOp47
 70
     1
102
RTVSPost2010Prop48
 90
       50
102
RTVSPost2010PropOp48
 70
     1
102
RTVSPost2010Prop49
280
     0
102
RTVSPost2010PropOp49
 70
     1
102
RTVSPost2010Prop50
 90
       50
102
RTVSPost2010PropOp50
 70
     1
102
RTVSPost2010Prop51ColorIndex
 90
      256
102
RTVSPost2010Prop51ColorRGB
 90
-16777216
102
RTVSPost2010PropOp51
 70
     0
102
RTVSPost2010Prop52
140
1.0
102
RTVSPost2010PropOp52
 70
     0
102
RTVSPost2010Prop53
 90
        2
102
RTVSPost2010PropOp53
 70
     1
102
RTVSPost2010Prop54
  1
strokes_ogs.tif
102
RTVSPost2010PropOp54
 70
     1
102
RTVSPost2010Prop55
280
     0
102
RTVSPost2010PropOp55
 70
     1
102
RTVSPost2010Prop56
140
1.0
102
RTVSPost2010PropOp56
 70
     1
102
RTVSPost2010Prop57
140
1.0
102
RTVSPost2010PropOp57
 70
     1
  0
XRECORD
  5
54E
102
{ACAD_REACTORS
330
54D
102
}
330
54D
100
AcDbXrecord
280
     1
102
RTVSPropertyOp0
 70
     1
102
RTVSPropertyOp1
 70
     1
102
RTVSPropertyOp2
 70
     1
102
RTVSPropertyOp3
 70
     1
102
RTVSPropertyOp4
 70
     1
102
RTVSPropertyOp5
 70
     1
102
RTVSPropertyOp6
 70
     1
102
RTVSPropertyOp7
 70
     1
102
RTVSPropertyOp8
 70
     1
102
RTVSPropertyOp9
 70
     1
102
RTVSPropertyOp10
 70
     1
102
RTVSPropertyOp11
 70
     1
102
RTVSPropertyOp12
 70
     1
102
RTVSPropertyOp13
 70
     1
102
RTVSPropertyOp14
 70
     1
102
RTVSPropertyOp15
 70
     1
102
RTVSPropertyOp16
 70
     1
102
RTVSPropertyOp17
 70
     1
102
RTVSPropertyOp18
 70
     1
102
RTVSPropertyOp19
 70
     1
102
RTVSPropertyOp20
 70
     1
102
RTVSPropertyOp21
 70
     1
102
RTVSPropertyOp22
 70
     1
102
RTVSPropertyOp23
 70
     1
102
RTVSPropertyOp24
 70
     1
102
RTVSPropertyOp25
 70
     1
102
RTVSPropertyOp26
 70
     1
102
RTVSPropertyOp27
 70
     1
102
RTVSPropertyOp28
 70
     1
102
RTVSPropertyOp29
 70
     1
102
RTVSPropertyOp30
 70
     1
102
RTVSPropertyOp31
 70
     1
102
RTVSPropertyOp32
 70
     1
102
RTVSPropertyOp33
 70
     1
102
RTVSPropertyOp34
 70
     1
102
RTVSPropertyOp35
 70
     1
102
RTVSPropertyOp36
 70
     1
102
RTVSPropertyOp37
 70
     1
102
RTVSPropertyOp38
 70
     1
102
RTVSPropertyOp39
 70
     1
102
RTVSPropertyOp40
 70
     1
102
RTVSPropertyOp41
 70
     1
102
RTVSPropertyOp42
 70
     1
102
RTVSPropertyOp43
 70
     1
102
RTVSPropertyOp44
 70
     1
102
RTVSPropertyOp45
 70
     1
102
RTVSPropertyOp46
 70
     1
102
RTVSPropertyOp47
 70
     1
102
RTVSPropertyOp48
 70
     1
102
RTVSPropertyOp49
 70
     1
102
RTVSPropertyOp50
 70
     1
102
RTVSPropertyOp51
 70
     0
102
RTVSPropertyOp52
 70
     0
102
RTVSPropertyOp53
 70
     1
102
RTVSPropertyOp54
 70
     1
102
RTVSPropertyOp55
 70
     1
102
RTVSPropertyOp56
 70
     1
102
RTVSPropertyOp57
 70
     1
102
RTVSPost2010Prop28
280
     0
102
RTVSPost2010PropOp28
 70
     1
102
RTVSPost2010Prop29
280
     1
102
RTVSPost2010PropOp29
 70
     1
102
RTVSPost2010Prop30
280
     1
102
RTVSPost2010PropOp30
 70
     1
102
RTVSPost2010Prop31
280
     0
102
RTVSPost2010PropOp31
 70
     1
102
RTVSPost2010Prop32
280
     0
102
RTVSPost2010PropOp32
 70
     1
102
RTVSPost2010Prop33
280
     0
102
RTVSPost2010PropOp33
 70
     1
102
RTVSPost2010Prop34
280
     0
102
RTVSPost2010PropOp34
 70
     1
102
RTVSPost2010Prop35
280
     0
102
RTVSPost2010PropOp35
 70
     1
102
RTVSPost2010Prop36
280
     0
102
RTVSPost2010PropOp36
 70
     1
102
RTVSPost2010Prop37
 90
       50
102
RTVSPost2010PropOp37
 70
     1
102
RTVSPost2010Prop38
140
0.0
102
RTVSPost2010PropOp38
 70
     1
102
RTVSPost2010Prop39
140
1.0
102
RTVSPost2010PropOp39
 70
     1
102
RTVSPost2010Prop40
 90
        0
102
RTVSPost2010PropOp40
 70
     1
102
RTVSPost2010Prop41ColorIndex
 90
       18
102
RTVSPost2010Prop41ColorRGB
 90
        0
102
RTVSPost2010PropOp41
 70
     1
102
RTVSPost2010Prop42
 90
       50
102
RTVSPost2010PropOp42
 70
     1
102
RTVSPost2010Prop43
 90
        3
102
RTVSPost2010PropOp43
 70
     1
102
RTVSPost2010Prop44ColorIndex
 90
        5
102
RTVSPost2010Prop44ColorRGB
 90
      255
102
RTVSPost2010PropOp44
 70
     1
102
RTVSPost2010Prop45
280
     0
102
RTVSPost2010PropOp45
 70
     1
102
RTVSPost2010Prop46
 90
       50
102
RTVSPost2010PropOp46
 70
     1
102
RTVSPost2010Prop47
 90
       50
102
RTVSPost2010PropOp47
 70
     1
102
RTVSPost2010Prop48
 90
       50
102
RTVSPost2010PropOp48
 70
     1
102
RTVSPost2010Prop49
280
     0
102
RTVSPost2010PropOp49
 70
     1
102
RTVSPost2010Prop50
 90
       50
102
RTVSPost2010PropOp50
 70
     1
102
RTVSPost2010Prop51ColorIndex
 90
      256
102
RTVSPost2010Prop51ColorRGB
 90
-16777216
102
RTVSPost2010PropOp51
 70
     0
102
RTVSPost2010Prop52
140
1.0
102
RTVSPost2010PropOp52
 70
     0
102
RTVSPost2010Prop53
 90
        2
102
RTVSPost2010PropOp53
 70
     1
102
RTVSPost2010Prop54
  1
strokes_ogs.tif
102
RTVSPost2010PropOp54
 70
     1
102
RTVSPost2010Prop55
280
     0
102
RTVSPost2010PropOp55
 70
     1
102
RTVSPost2010Prop56
140
1.0
102
RTVSPost2010PropOp56
 70
     1
102
RTVSPost2010Prop57
140
1.0
102
RTVSPost2010PropOp57
 70
     1
  0
XRECORD
  5
548
102
{ACAD_REACTORS
330
547
102
}
330
547
100
AcDbXrecord
280
     1
102
RTVSPropertyOp0
 70
     1
102
RTVSPropertyOp1
 70
     1
102
RTVSPropertyOp2
 70
     1
102
RTVSPropertyOp3
 70
     1
102
RTVSPropertyOp4
 70
     1
102
RTVSPropertyOp5
 70
     1
102
RTVSPropertyOp6
 70
     1
102
RTVSPropertyOp7
 70
     1
102
RTVSPropertyOp8
 70
     1
102
RTVSPropertyOp9
 70
     1
102
RTVSPropertyOp10
 70
     1
102
RTVSPropertyOp11
 70
     1
102
RTVSPropertyOp12
 70
     1
102
RTVSPropertyOp13
 70
     1
102
RTVSPropertyOp14
 70
     1
102
RTVSPropertyOp15
 70
     1
102
RTVSPropertyOp16
 70
     1
102
RTVSPropertyOp17
 70
     1
102
RTVSPropertyOp18
 70
     1
102
RTVSPropertyOp19
 70
     1
102
RTVSPropertyOp20
 70
     1
102
RTVSPropertyOp21
 70
     1
102
RTVSPropertyOp22
 70
     1
102
RTVSPropertyOp23
 70
     1
102
RTVSPropertyOp24
 70
     1
102
RTVSPropertyOp25
 70
     1
102
RTVSPropertyOp26
 70
     1
102
RTVSPropertyOp27
 70
     1
102
RTVSPropertyOp28
 70
     1
102
RTVSPropertyOp29
 70
     1
102
RTVSPropertyOp30
 70
     1
102
RTVSPropertyOp31
 70
     1
102
RTVSPropertyOp32
 70
     1
102
RTVSPropertyOp33
 70
     1
102
RTVSPropertyOp34
 70
     1
102
RTVSPropertyOp35
 70
     1
102
RTVSPropertyOp36
 70
     1
102
RTVSPropertyOp37
 70
     1
102
RTVSPropertyOp38
 70
     1
102
RTVSPropertyOp39
 70
     1
102
RTVSPropertyOp40
 70
     1
102
RTVSPropertyOp41
 70
     1
102
RTVSPropertyOp42
 70
     1
102
RTVSPropertyOp43
 70
     1
102
RTVSPropertyOp44
 70
     1
102
RTVSPropertyOp45
 70
     1
102
RTVSPropertyOp46
 70
     1
102
RTVSPropertyOp47
 70
     1
102
RTVSPropertyOp48
 70
     1
102
RTVSPropertyOp49
 70
     1
102
RTVSPropertyOp50
 70
     1
102
RTVSPropertyOp51
 70
     0
102
RTVSPropertyOp52
 70
     0
102
RTVSPropertyOp53
 70
     1
102
RTVSPropertyOp54
 70
     1
102
RTVSPropertyOp55
 70
     1
102
RTVSPropertyOp56
 70
     1
102
RTVSPropertyOp57
 70
     1
102
RTVSPost2010Prop28
280
     0
102
RTVSPost2010PropOp28
 70
     1
102
RTVSPost2010Prop29
280
     1
102
RTVSPost2010PropOp29
 70
     1
102
RTVSPost2010Prop30
280
     1
102
RTVSPost2010PropOp30
 70
     1
102
RTVSPost2010Prop31
280
     0
102
RTVSPost2010PropOp31
 70
     1
102
RTVSPost2010Prop32
280
     0
102
RTVSPost2010PropOp32
 70
     1
102
RTVSPost2010Prop33
280
     0
102
RTVSPost2010PropOp33
 70
     1
102
RTVSPost2010Prop34
280
     0
102
RTVSPost2010PropOp34
 70
     1
102
RTVSPost2010Prop35
280
     0
102
RTVSPost2010PropOp35
 70
     1
102
RTVSPost2010Prop36
280
     0
102
RTVSPost2010PropOp36
 70
     1
102
RTVSPost2010Prop37
 90
       50
102
RTVSPost2010PropOp37
 70
     1
102
RTVSPost2010Prop38
140
0.0
102
RTVSPost2010PropOp38
 70
     1
102
RTVSPost2010Prop39
140
1.0
102
RTVSPost2010PropOp39
 70
     1
102
RTVSPost2010Prop40
 90
        0
102
RTVSPost2010PropOp40
 70
     1
102
RTVSPost2010Prop41ColorIndex
 90
       18
102
RTVSPost2010Prop41ColorRGB
 90
        0
102
RTVSPost2010PropOp41
 70
     1
102
RTVSPost2010Prop42
 90
       50
102
RTVSPost2010PropOp42
 70
     1
102
RTVSPost2010Prop43
 90
        3
102
RTVSPost2010PropOp43
 70
     1
102
RTVSPost2010Prop44ColorIndex
 90
        5
102
RTVSPost2010Prop44ColorRGB
 90
      255
102
RTVSPost2010PropOp44
 70
     1
102
RTVSPost2010Prop45
280
     0
102
RTVSPost2010PropOp45
 70
     1
102
RTVSPost2010Prop46
 90
       50
102
RTVSPost2010PropOp46
 70
     1
102
RTVSPost2010Prop47
 90
       50
102
RTVSPost2010PropOp47
 70
     1
102
RTVSPost2010Prop48
 90
       50
102
RTVSPost2010PropOp48
 70
     1
102
RTVSPost2010Prop49
280
     0
102
RTVSPost2010PropOp49
 70
     1
102
RTVSPost2010Prop50
 90
       50
102
RTVSPost2010PropOp50
 70
     1
102
RTVSPost2010Prop51ColorIndex
 90
      256
102
RTVSPost2010Prop51ColorRGB
 90
-16777216
102
RTVSPost2010PropOp51
 70
     0
102
RTVSPost2010Prop52
140
1.0
102
RTVSPost2010PropOp52
 70
     0
102
RTVSPost2010Prop53
 90
        2
102
RTVSPost2010PropOp53
 70
     1
102
RTVSPost2010Prop54
  1
strokes_ogs.tif
102
RTVSPost2010PropOp54
 70
     1
102
RTVSPost2010Prop55
280
     0
102
RTVSPost2010PropOp55
 70
     1
102
RTVSPost2010Prop56
140
1.0
102
RTVSPost2010PropOp56
 70
     1
102
RTVSPost2010Prop57
140
1.0
102
RTVSPost2010PropOp57
 70
     1
  0
XRECORD
  5
54A
102
{ACAD_REACTORS
330
549
102
}
330
549
100
AcDbXrecord
280
     1
102
RTVSPropertyOp0
 70
     1
102
RTVSPropertyOp1
 70
     1
102
RTVSPropertyOp2
 70
     1
102
RTVSPropertyOp3
 70
     1
102
RTVSPropertyOp4
 70
     1
102
RTVSPropertyOp5
 70
     1
102
RTVSPropertyOp6
 70
     1
102
RTVSPropertyOp7
 70
     1
102
RTVSPropertyOp8
 70
     1
102
RTVSPropertyOp9
 70
     1
102
RTVSPropertyOp10
 70
     1
102
RTVSPropertyOp11
 70
     1
102
RTVSPropertyOp12
 70
     1
102
RTVSPropertyOp13
 70
     1
102
RTVSPropertyOp14
 70
     1
102
RTVSPropertyOp15
 70
     1
102
RTVSPropertyOp16
 70
     1
102
RTVSPropertyOp17
 70
     1
102
RTVSPropertyOp18
 70
     1
102
RTVSPropertyOp19
 70
     1
102
RTVSPropertyOp20
 70
     1
102
RTVSPropertyOp21
 70
     1
102
RTVSPropertyOp22
 70
     1
102
RTVSPropertyOp23
 70
     1
102
RTVSPropertyOp24
 70
     1
102
RTVSPropertyOp25
 70
     1
102
RTVSPropertyOp26
 70
     1
102
RTVSPropertyOp27
 70
     1
102
RTVSPropertyOp28
 70
     1
102
RTVSPropertyOp29
 70
     1
102
RTVSPropertyOp30
 70
     1
102
RTVSPropertyOp31
 70
     1
102
RTVSPropertyOp32
 70
     1
102
RTVSPropertyOp33
 70
     1
102
RTVSPropertyOp34
 70
     1
102
RTVSPropertyOp35
 70
     1
102
RTVSPropertyOp36
 70
     1
102
RTVSPropertyOp37
 70
     1
102
RTVSPropertyOp38
 70
     1
102
RTVSPropertyOp39
 70
     1
102
RTVSPropertyOp40
 70
     1
102
RTVSPropertyOp41
 70
     1
102
RTVSPropertyOp42
 70
     1
102
RTVSPropertyOp43
 70
     1
102
RTVSPropertyOp44
 70
     1
102
RTVSPropertyOp45
 70
     1
102
RTVSPropertyOp46
 70
     1
102
RTVSPropertyOp47
 70
     1
102
RTVSPropertyOp48
 70
     1
102
RTVSPropertyOp49
 70
     1
102
RTVSPropertyOp50
 70
     1
102
RTVSPropertyOp51
 70
     0
102
RTVSPropertyOp52
 70
     0
102
RTVSPropertyOp53
 70
     1
102
RTVSPropertyOp54
 70
     1
102
RTVSPropertyOp55
 70
     1
102
RTVSPropertyOp56
 70
     1
102
RTVSPropertyOp57
 70
     1
102
RTVSPost2010Prop28
280
     0
102
RTVSPost2010PropOp28
 70
     1
102
RTVSPost2010Prop29
280
     1
102
RTVSPost2010PropOp29
 70
     1
102
RTVSPost2010Prop30
280
     1
102
RTVSPost2010PropOp30
 70
     1
102
RTVSPost2010Prop31
280
     0
102
RTVSPost2010PropOp31
 70
     1
102
RTVSPost2010Prop32
280
     0
102
RTVSPost2010PropOp32
 70
     1
102
RTVSPost2010Prop33
280
     0
102
RTVSPost2010PropOp33
 70
     1
102
RTVSPost2010Prop34
280
     0
102
RTVSPost2010PropOp34
 70
     1
102
RTVSPost2010Prop35
280
     0
102
RTVSPost2010PropOp35
 70
     1
102
RTVSPost2010Prop36
280
     0
102
RTVSPost2010PropOp36
 70
     1
102
RTVSPost2010Prop37
 90
       50
102
RTVSPost2010PropOp37
 70
     1
102
RTVSPost2010Prop38
140
0.0
102
RTVSPost2010PropOp38
 70
     1
102
RTVSPost2010Prop39
140
1.0
102
RTVSPost2010PropOp39
 70
     1
102
RTVSPost2010Prop40
 90
        0
102
RTVSPost2010PropOp40
 70
     1
102
RTVSPost2010Prop41ColorIndex
 90
       18
102
RTVSPost2010Prop41ColorRGB
 90
        0
102
RTVSPost2010PropOp41
 70
     1
102
RTVSPost2010Prop42
 90
       50
102
RTVSPost2010PropOp42
 70
     1
102
RTVSPost2010Prop43
 90
        3
102
RTVSPost2010PropOp43
 70
     1
102
RTVSPost2010Prop44ColorIndex
 90
        5
102
RTVSPost2010Prop44ColorRGB
 90
      255
102
RTVSPost2010PropOp44
 70
     1
102
RTVSPost2010Prop45
280
     0
102
RTVSPost2010PropOp45
 70
     1
102
RTVSPost2010Prop46
 90
       50
102
RTVSPost2010PropOp46
 70
     1
102
RTVSPost2010Prop47
 90
       50
102
RTVSPost2010PropOp47
 70
     1
102
RTVSPost2010Prop48
 90
       50
102
RTVSPost2010PropOp48
 70
     1
102
RTVSPost2010Prop49
280
     0
102
RTVSPost2010PropOp49
 70
     1
102
RTVSPost2010Prop50
 90
       50
102
RTVSPost2010PropOp50
 70
     1
102
RTVSPost2010Prop51ColorIndex
 90
      256
102
RTVSPost2010Prop51ColorRGB
 90
-16777216
102
RTVSPost2010PropOp51
 70
     0
102
RTVSPost2010Prop52
140
1.0
102
RTVSPost2010PropOp52
 70
     0
102
RTVSPost2010Prop53
 90
        2
102
RTVSPost2010PropOp53
 70
     1
102
RTVSPost2010Prop54
  1
strokes_ogs.tif
102
RTVSPost2010PropOp54
 70
     1
102
RTVSPost2010Prop55
280
     0
102
RTVSPost2010PropOp55
 70
     1
102
RTVSPost2010Prop56
140
1.0
102
RTVSPost2010PropOp56
 70
     1
102
RTVSPost2010Prop57
140
1.0
102
RTVSPost2010PropOp57
 70
     1
  0
XRECORD
  5
53A
102
{ACAD_REACTORS
330
539
102
}
330
539
100
AcDbXrecord
280
     1
102
RTVSPropertyOp0
 70
     1
102
RTVSPropertyOp1
 70
     1
102
RTVSPropertyOp2
 70
     1
102
RTVSPropertyOp3
 70
     1
102
RTVSPropertyOp4
 70
     1
102
RTVSPropertyOp5
 70
     1
102
RTVSPropertyOp6
 70
     1
102
RTVSPropertyOp7
 70
     1
102
RTVSPropertyOp8
 70
     1
102
RTVSPropertyOp9
 70
     1
102
RTVSPropertyOp10
 70
     1
102
RTVSPropertyOp11
 70
     1
102
RTVSPropertyOp12
 70
     1
102
RTVSPropertyOp13
 70
     1
102
RTVSPropertyOp14
 70
     1
102
RTVSPropertyOp15
 70
     1
102
RTVSPropertyOp16
 70
     1
102
RTVSPropertyOp17
 70
     1
102
RTVSPropertyOp18
 70
     1
102
RTVSPropertyOp19
 70
     1
102
RTVSPropertyOp20
 70
     1
102
RTVSPropertyOp21
 70
     1
102
RTVSPropertyOp22
 70
     1
102
RTVSPropertyOp23
 70
     1
102
RTVSPropertyOp24
 70
     1
102
RTVSPropertyOp25
 70
     1
102
RTVSPropertyOp26
 70
     1
102
RTVSPropertyOp27
 70
     1
102
RTVSPropertyOp28
 70
     1
102
RTVSPropertyOp29
 70
     1
102
RTVSPropertyOp30
 70
     1
102
RTVSPropertyOp31
 70
     1
102
RTVSPropertyOp32
 70
     1
102
RTVSPropertyOp33
 70
     1
102
RTVSPropertyOp34
 70
     1
102
RTVSPropertyOp35
 70
     1
102
RTVSPropertyOp36
 70
     1
102
RTVSPropertyOp37
 70
     1
102
RTVSPropertyOp38
 70
     1
102
RTVSPropertyOp39
 70
     1
102
RTVSPropertyOp40
 70
     1
102
RTVSPropertyOp41
 70
     1
102
RTVSPropertyOp42
 70
     1
102
RTVSPropertyOp43
 70
     1
102
RTVSPropertyOp44
 70
     1
102
RTVSPropertyOp45
 70
     1
102
RTVSPropertyOp46
 70
     1
102
RTVSPropertyOp47
 70
     1
102
RTVSPropertyOp48
 70
     1
102
RTVSPropertyOp49
 70
     1
102
RTVSPropertyOp50
 70
     1
102
RTVSPropertyOp51
 70
     0
102
RTVSPropertyOp52
 70
     0
102
RTVSPropertyOp53
 70
     1
102
RTVSPropertyOp54
 70
     1
102
RTVSPropertyOp55
 70
     1
102
RTVSPropertyOp56
 70
     1
102
RTVSPropertyOp57
 70
     1
102
RTVSPost2010Prop28
280
     0
102
RTVSPost2010PropOp28
 70
     1
102
RTVSPost2010Prop29
280
     1
102
RTVSPost2010PropOp29
 70
     1
102
RTVSPost2010Prop30
280
     1
102
RTVSPost2010PropOp30
 70
     1
102
RTVSPost2010Prop31
280
     0
102
RTVSPost2010PropOp31
 70
     1
102
RTVSPost2010Prop32
280
     0
102
RTVSPost2010PropOp32
 70
     1
102
RTVSPost2010Prop33
280
     0
102
RTVSPost2010PropOp33
 70
     1
102
RTVSPost2010Prop34
280
     0
102
RTVSPost2010PropOp34
 70
     1
102
RTVSPost2010Prop35
280
     0
102
RTVSPost2010PropOp35
 70
     1
102
RTVSPost2010Prop36
280
     0
102
RTVSPost2010PropOp36
 70
     1
102
RTVSPost2010Prop37
 90
       50
102
RTVSPost2010PropOp37
 70
     1
102
RTVSPost2010Prop38
140
0.0
102
RTVSPost2010PropOp38
 70
     1
102
RTVSPost2010Prop39
140
1.0
102
RTVSPost2010PropOp39
 70
     1
102
RTVSPost2010Prop40
 90
        0
102
RTVSPost2010PropOp40
 70
     1
102
RTVSPost2010Prop41ColorIndex
 90
       18
102
RTVSPost2010Prop41ColorRGB
 90
        0
102
RTVSPost2010PropOp41
 70
     1
102
RTVSPost2010Prop42
 90
       50
102
RTVSPost2010PropOp42
 70
     1
102
RTVSPost2010Prop43
 90
        3
102
RTVSPost2010PropOp43
 70
     1
102
RTVSPost2010Prop44ColorIndex
 90
        5
102
RTVSPost2010Prop44ColorRGB
 90
      255
102
RTVSPost2010PropOp44
 70
     1
102
RTVSPost2010Prop45
280
     0
102
RTVSPost2010PropOp45
 70
     1
102
RTVSPost2010Prop46
 90
       50
102
RTVSPost2010PropOp46
 70
     1
102
RTVSPost2010Prop47
 90
       50
102
RTVSPost2010PropOp47
 70
     1
102
RTVSPost2010Prop48
 90
       50
102
RTVSPost2010PropOp48
 70
     1
102
RTVSPost2010Prop49
280
     0
102
RTVSPost2010PropOp49
 70
     1
102
RTVSPost2010Prop50
 90
       50
102
RTVSPost2010PropOp50
 70
     1
102
RTVSPost2010Prop51ColorIndex
 90
      256
102
RTVSPost2010Prop51ColorRGB
 90
-16777216
102
RTVSPost2010PropOp51
 70
     0
102
RTVSPost2010Prop52
140
1.0
102
RTVSPost2010PropOp52
 70
     0
102
RTVSPost2010Prop53
 90
        2
102
RTVSPost2010PropOp53
 70
     1
102
RTVSPost2010Prop54
  1
strokes_ogs.tif
102
RTVSPost2010PropOp54
 70
     1
102
RTVSPost2010Prop55
280
     0
102
RTVSPost2010PropOp55
 70
     1
102
RTVSPost2010Prop56
140
1.0
102
RTVSPost2010PropOp56
 70
     1
102
RTVSPost2010Prop57
140
1.0
102
RTVSPost2010PropOp57
 70
     1
  0
XRECORD
  5
52C
102
{ACAD_REACTORS
330
52B
102
}
330
52B
100
AcDbXrecord
280
     1
102
RTVSPropertyOp0
 70
     1
102
RTVSPropertyOp1
 70
     1
102
RTVSPropertyOp2
 70
     1
102
RTVSPropertyOp3
 70
     1
102
RTVSPropertyOp4
 70
     1
102
RTVSPropertyOp5
 70
     1
102
RTVSPropertyOp6
 70
     1
102
RTVSPropertyOp7
 70
     1
102
RTVSPropertyOp8
 70
     1
102
RTVSPropertyOp9
 70
     1
102
RTVSPropertyOp10
 70
     1
102
RTVSPropertyOp11
 70
     1
102
RTVSPropertyOp12
 70
     1
102
RTVSPropertyOp13
 70
     1
102
RTVSPropertyOp14
 70
     1
102
RTVSPropertyOp15
 70
     1
102
RTVSPropertyOp16
 70
     1
102
RTVSPropertyOp17
 70
     1
102
RTVSPropertyOp18
 70
     1
102
RTVSPropertyOp19
 70
     1
102
RTVSPropertyOp20
 70
     1
102
RTVSPropertyOp21
 70
     1
102
RTVSPropertyOp22
 70
     1
102
RTVSPropertyOp23
 70
     1
102
RTVSPropertyOp24
 70
     1
102
RTVSPropertyOp25
 70
     1
102
RTVSPropertyOp26
 70
     1
102
RTVSPropertyOp27
 70
     1
102
RTVSPropertyOp28
 70
     1
102
RTVSPropertyOp29
 70
     1
102
RTVSPropertyOp30
 70
     1
102
RTVSPropertyOp31
 70
     1
102
RTVSPropertyOp32
 70
     1
102
RTVSPropertyOp33
 70
     1
102
RTVSPropertyOp34
 70
     1
102
RTVSPropertyOp35
 70
     1
102
RTVSPropertyOp36
 70
     1
102
RTVSPropertyOp37
 70
     1
102
RTVSPropertyOp38
 70
     1
102
RTVSPropertyOp39
 70
     1
102
RTVSPropertyOp40
 70
     1
102
RTVSPropertyOp41
 70
     1
102
RTVSPropertyOp42
 70
     1
102
RTVSPropertyOp43
 70
     1
102
RTVSPropertyOp44
 70
     1
102
RTVSPropertyOp45
 70
     1
102
RTVSPropertyOp46
 70
     1
102
RTVSPropertyOp47
 70
     1
102
RTVSPropertyOp48
 70
     1
102
RTVSPropertyOp49
 70
     1
102
RTVSPropertyOp50
 70
     1
102
RTVSPropertyOp51
 70
     0
102
RTVSPropertyOp52
 70
     0
102
RTVSPropertyOp53
 70
     1
102
RTVSPropertyOp54
 70
     1
102
RTVSPropertyOp55
 70
     1
102
RTVSPropertyOp56
 70
     1
102
RTVSPropertyOp57
 70
     1
102
RTVSPost2010Prop28
280
     0
102
RTVSPost2010PropOp28
 70
     1
102
RTVSPost2010Prop29
280
     1
102
RTVSPost2010PropOp29
 70
     1
102
RTVSPost2010Prop30
280
     1
102
RTVSPost2010PropOp30
 70
     1
102
RTVSPost2010Prop31
280
     0
102
RTVSPost2010PropOp31
 70
     1
102
RTVSPost2010Prop32
280
     0
102
RTVSPost2010PropOp32
 70
     1
102
RTVSPost2010Prop33
280
     0
102
RTVSPost2010PropOp33
 70
     1
102
RTVSPost2010Prop34
280
     0
102
RTVSPost2010PropOp34
 70
     1
102
RTVSPost2010Prop35
280
     0
102
RTVSPost2010PropOp35
 70
     1
102
RTVSPost2010Prop36
280
     0
102
RTVSPost2010PropOp36
 70
     1
102
RTVSPost2010Prop37
 90
       50
102
RTVSPost2010PropOp37
 70
     1
102
RTVSPost2010Prop38
140
0.0
102
RTVSPost2010PropOp38
 70
     1
102
RTVSPost2010Prop39
140
1.0
102
RTVSPost2010PropOp39
 70
     1
102
RTVSPost2010Prop40
 90
        0
102
RTVSPost2010PropOp40
 70
     1
102
RTVSPost2010Prop41ColorIndex
 90
       18
102
RTVSPost2010Prop41ColorRGB
 90
        0
102
RTVSPost2010PropOp41
 70
     1
102
RTVSPost2010Prop42
 90
       50
102
RTVSPost2010PropOp42
 70
     1
102
RTVSPost2010Prop43
 90
        3
102
RTVSPost2010PropOp43
 70
     1
102
RTVSPost2010Prop44ColorIndex
 90
        5
102
RTVSPost2010Prop44ColorRGB
 90
      255
102
RTVSPost2010PropOp44
 70
     1
102
RTVSPost2010Prop45
280
     0
102
RTVSPost2010PropOp45
 70
     1
102
RTVSPost2010Prop46
 90
       50
102
RTVSPost2010PropOp46
 70
     1
102
RTVSPost2010Prop47
 90
       50
102
RTVSPost2010PropOp47
 70
     1
102
RTVSPost2010Prop48
 90
       50
102
RTVSPost2010PropOp48
 70
     1
102
RTVSPost2010Prop49
280
     0
102
RTVSPost2010PropOp49
 70
     1
102
RTVSPost2010Prop50
 90
       50
102
RTVSPost2010PropOp50
 70
     1
102
RTVSPost2010Prop51ColorIndex
 90
      256
102
RTVSPost2010Prop51ColorRGB
 90
-16777216
102
RTVSPost2010PropOp51
 70
     0
102
RTVSPost2010Prop52
140
1.0
102
RTVSPost2010PropOp52
 70
     0
102
RTVSPost2010Prop53
 90
        2
102
RTVSPost2010PropOp53
 70
     1
102
RTVSPost2010Prop54
  1
strokes_ogs.tif
102
RTVSPost2010PropOp54
 70
     1
102
RTVSPost2010Prop55
280
     0
102
RTVSPost2010PropOp55
 70
     1
102
RTVSPost2010Prop56
140
1.0
102
RTVSPost2010PropOp56
 70
     1
102
RTVSPost2010Prop57
140
1.0
102
RTVSPost2010PropOp57
 70
     1
  0
XRECORD
  5
54C
102
{ACAD_REACTORS
330
54B
102
}
330
54B
100
AcDbXrecord
280
     1
102
RTVSPropertyOp0
 70
     1
102
RTVSPropertyOp1
 70
     1
102
RTVSPropertyOp2
 70
     1
102
RTVSPropertyOp3
 70
     1
102
RTVSPropertyOp4
 70
     1
102
RTVSPropertyOp5
 70
     1
102
RTVSPropertyOp6
 70
     1
102
RTVSPropertyOp7
 70
     1
102
RTVSPropertyOp8
 70
     1
102
RTVSPropertyOp9
 70
     1
102
RTVSPropertyOp10
 70
     1
102
RTVSPropertyOp11
 70
     1
102
RTVSPropertyOp12
 70
     1
102
RTVSPropertyOp13
 70
     1
102
RTVSPropertyOp14
 70
     1
102
RTVSPropertyOp15
 70
     1
102
RTVSPropertyOp16
 70
     1
102
RTVSPropertyOp17
 70
     1
102
RTVSPropertyOp18
 70
     1
102
RTVSPropertyOp19
 70
     1
102
RTVSPropertyOp20
 70
     1
102
RTVSPropertyOp21
 70
     1
102
RTVSPropertyOp22
 70
     1
102
RTVSPropertyOp23
 70
     1
102
RTVSPropertyOp24
 70
     1
102
RTVSPropertyOp25
 70
     1
102
RTVSPropertyOp26
 70
     1
102
RTVSPropertyOp27
 70
     1
102
RTVSPropertyOp28
 70
     1
102
RTVSPropertyOp29
 70
     1
102
RTVSPropertyOp30
 70
     1
102
RTVSPropertyOp31
 70
     1
102
RTVSPropertyOp32
 70
     1
102
RTVSPropertyOp33
 70
     1
102
RTVSPropertyOp34
 70
     1
102
RTVSPropertyOp35
 70
     1
102
RTVSPropertyOp36
 70
     1
102
RTVSPropertyOp37
 70
     1
102
RTVSPropertyOp38
 70
     1
102
RTVSPropertyOp39
 70
     1
102
RTVSPropertyOp40
 70
     1
102
RTVSPropertyOp41
 70
     1
102
RTVSPropertyOp42
 70
     1
102
RTVSPropertyOp43
 70
     1
102
RTVSPropertyOp44
 70
     1
102
RTVSPropertyOp45
 70
     1
102
RTVSPropertyOp46
 70
     1
102
RTVSPropertyOp47
 70
     1
102
RTVSPropertyOp48
 70
     1
102
RTVSPropertyOp49
 70
     1
102
RTVSPropertyOp50
 70
     1
102
RTVSPropertyOp51
 70
     0
102
RTVSPropertyOp52
 70
     0
102
RTVSPropertyOp53
 70
     1
102
RTVSPropertyOp54
 70
     1
102
RTVSPropertyOp55
 70
     1
102
RTVSPropertyOp56
 70
     1
102
RTVSPropertyOp57
 70
     1
102
RTVSPost2010Prop28
280
     0
102
RTVSPost2010PropOp28
 70
     1
102
RTVSPost2010Prop29
280
     1
102
RTVSPost2010PropOp29
 70
     1
102
RTVSPost2010Prop30
280
     1
102
RTVSPost2010PropOp30
 70
     1
102
RTVSPost2010Prop31
280
     0
102
RTVSPost2010PropOp31
 70
     1
102
RTVSPost2010Prop32
280
     0
102
RTVSPost2010PropOp32
 70
     1
102
RTVSPost2010Prop33
280
     0
102
RTVSPost2010PropOp33
 70
     1
102
RTVSPost2010Prop34
280
     0
102
RTVSPost2010PropOp34
 70
     1
102
RTVSPost2010Prop35
280
     0
102
RTVSPost2010PropOp35
 70
     1
102
RTVSPost2010Prop36
280
     0
102
RTVSPost2010PropOp36
 70
     1
102
RTVSPost2010Prop37
 90
       50
102
RTVSPost2010PropOp37
 70
     1
102
RTVSPost2010Prop38
140
0.0
102
RTVSPost2010PropOp38
 70
     1
102
RTVSPost2010Prop39
140
1.0
102
RTVSPost2010PropOp39
 70
     1
102
RTVSPost2010Prop40
 90
        0
102
RTVSPost2010PropOp40
 70
     1
102
RTVSPost2010Prop41ColorIndex
 90
       18
102
RTVSPost2010Prop41ColorRGB
 90
        0
102
RTVSPost2010PropOp41
 70
     1
102
RTVSPost2010Prop42
 90
       50
102
RTVSPost2010PropOp42
 70
     1
102
RTVSPost2010Prop43
 90
        3
102
RTVSPost2010PropOp43
 70
     1
102
RTVSPost2010Prop44ColorIndex
 90
        5
102
RTVSPost2010Prop44ColorRGB
 90
      255
102
RTVSPost2010PropOp44
 70
     1
102
RTVSPost2010Prop45
280
     0
102
RTVSPost2010PropOp45
 70
     1
102
RTVSPost2010Prop46
 90
       50
102
RTVSPost2010PropOp46
 70
     1
102
RTVSPost2010Prop47
 90
       50
102
RTVSPost2010PropOp47
 70
     1
102
RTVSPost2010Prop48
 90
       50
102
RTVSPost2010PropOp48
 70
     1
102
RTVSPost2010Prop49
280
     0
102
RTVSPost2010PropOp49
 70
     1
102
RTVSPost2010Prop50
 90
       50
102
RTVSPost2010PropOp50
 70
     1
102
RTVSPost2010Prop51ColorIndex
 90
      256
102
RTVSPost2010Prop51ColorRGB
 90
-16777216
102
RTVSPost2010PropOp51
 70
     0
102
RTVSPost2010Prop52
140
1.0
102
RTVSPost2010PropOp52
 70
     0
102
RTVSPost2010Prop53
 90
        2
102
RTVSPost2010PropOp53
 70
     1
102
RTVSPost2010Prop54
  1
strokes_ogs.tif
102
RTVSPost2010PropOp54
 70
     1
102
RTVSPost2010Prop55
280
     0
102
RTVSPost2010PropOp55
 70
     1
102
RTVSPost2010Prop56
140
1.0
102
RTVSPost2010PropOp56
 70
     1
102
RTVSPost2010Prop57
140
1.0
102
RTVSPost2010PropOp57
 70
     1
  0
ENDSEC
  0
EOF
