Loading plugins phase: Elapsed time ==> 0s.140ms
<CYPRESSTAG name="CyDsfit arguments...">
cydsfit arguments: -.fdsnotice -.fdswarpdepfile=warp_dependencies.txt -.fdselabdepfile=elab_dependencies.txt -.fdsbldfile=generated_files.txt -.fdsreffile=referenced_files.txt -p C:\Users\ggg88\dev\Electrosteel_embedded\PSOC5_electrosteel_stringsensors_newpcb\CE210514_PSOC3_5_Thermistor.cydsn\CE210514_PSOC3_5_Thermistor.cyprj -d CY8C5888AXI-LP096 -s C:\Users\ggg88\dev\Electrosteel_embedded\PSOC5_electrosteel_stringsensors_newpcb\CE210514_PSOC3_5_Thermistor.cydsn\Generated_Source\PSoC5 -- -yv2 -q10 -ygs -o2 -v3 -.fftcfgtype=LE
</CYPRESSTAG>
<CYPRESSTAG name="Design elaboration results...">
ADD: fit.M0032: warning: Clock Warning: (SPIM_2_IntClock's accuracy range '9.429 MHz +/- 0.25%, (9.405 MHz - 9.452 MHz)' is not within the specified tolerance range '10 MHz +/- 5%, (9.5 MHz - 10.5 MHz)'.).
 * C:\Program Files (x86)\Cypress\PSoC Creator\4.4\PSoC Creator\psoc\content\CyComponentLibrary\CyComponentLibrary.cylib\SPI_Master_v2_50\SPI_Master_v2_50.cysch (Instance:IntClock)
 * C:\Users\ggg88\dev\Electrosteel_embedded\PSOC5_electrosteel_stringsensors_newpcb\CE210514_PSOC3_5_Thermistor.cydsn\CE210514_PSOC3_5_Thermistor.cydwr (SPIM_2_IntClock)

ADD: fit.M0032: warning: Clock Warning: (SPIM_1_IntClock's accuracy range '9.429 MHz +/- 0.25%, (9.405 MHz - 9.452 MHz)' is not within the specified tolerance range '10 MHz +/- 5%, (9.5 MHz - 10.5 MHz)'.).
 * C:\Program Files (x86)\Cypress\PSoC Creator\4.4\PSoC Creator\psoc\content\CyComponentLibrary\CyComponentLibrary.cylib\SPI_Master_v2_50\SPI_Master_v2_50.cysch (Instance:IntClock)
 * C:\Users\ggg88\dev\Electrosteel_embedded\PSOC5_electrosteel_stringsensors_newpcb\CE210514_PSOC3_5_Thermistor.cydsn\CE210514_PSOC3_5_Thermistor.cydwr (SPIM_1_IntClock)

</CYPRESSTAG>
Elaboration phase: Elapsed time ==> 1s.291ms
<CYPRESSTAG name="HDL generation results...">
</CYPRESSTAG>
HDL generation phase: Elapsed time ==> 0s.042ms
<CYPRESSTAG name="Synthesis results...">

     | | | | | | |
   _________________
  -|               |-
  -|               |-
  -|               |-
  -|    CYPRESS    |-
  -|               |-
  -|               |-   Warp Verilog Synthesis Compiler: Version 6.3 IR 41
  -|               |-   Copyright (C) 1991-2001 Cypress Semiconductor
   |_______________|
     | | | | | | |

======================================================================
Compiling:  CE210514_PSOC3_5_Thermistor.v
Program  :   C:\Program Files (x86)\Cypress\PSoC Creator\4.4\PSoC Creator\warp\bin\warp.exe
Options  :    -yv2 -q10 -ygs -o2 -v3 -.fftcfgtype=LE -ya -.fftprj=C:\Users\ggg88\dev\Electrosteel_embedded\PSOC5_electrosteel_stringsensors_newpcb\CE210514_PSOC3_5_Thermistor.cydsn\CE210514_PSOC3_5_Thermistor.cyprj -dcpsoc3 CE210514_PSOC3_5_Thermistor.v -verilog
======================================================================

======================================================================
Compiling:  CE210514_PSOC3_5_Thermistor.v
Program  :   C:\Program Files (x86)\Cypress\PSoC Creator\4.4\PSoC Creator\warp\bin\warp.exe
Options  :    -yv2 -q10 -ygs -o2 -v3 -.fftcfgtype=LE -ya -.fftprj=C:\Users\ggg88\dev\Electrosteel_embedded\PSOC5_electrosteel_stringsensors_newpcb\CE210514_PSOC3_5_Thermistor.cydsn\CE210514_PSOC3_5_Thermistor.cyprj -dcpsoc3 CE210514_PSOC3_5_Thermistor.v -verilog
======================================================================

======================================================================
Compiling:  CE210514_PSOC3_5_Thermistor.v
Program  :   vlogfe
Options  :    -yv2 -q10 -ygs -o2 -v3 -.fftcfgtype=LE -ya -.fftprj=C:\Users\ggg88\dev\Electrosteel_embedded\PSOC5_electrosteel_stringsensors_newpcb\CE210514_PSOC3_5_Thermistor.cydsn\CE210514_PSOC3_5_Thermistor.cyprj -dcpsoc3 -verilog CE210514_PSOC3_5_Thermistor.v
======================================================================

vlogfe V6.3 IR 41:  Verilog parser
Sat Mar 14 18:21:29 2026


======================================================================
Compiling:  CE210514_PSOC3_5_Thermistor.v
Program  :   vpp
Options  :    -yv2 -q10 CE210514_PSOC3_5_Thermistor.v
======================================================================

vpp V6.3 IR 41:  Verilog Pre-Processor
Sat Mar 14 18:21:29 2026

Flattening file 'C:\Program Files (x86)\Cypress\PSoC Creator\4.4\PSoC Creator\psoc\content\CyPrimitives\cyprimitives.cylib\cy_virtualmux_v1_0\cy_virtualmux_v1_0.v'
Flattening file 'C:\Program Files (x86)\Cypress\PSoC Creator\4.4\PSoC Creator\psoc\content\CyPrimitives\cyprimitives.cylib\not_v1_0\not_v1_0.v'
Flattening file 'C:\Program Files (x86)\Cypress\PSoC Creator\4.4\PSoC Creator\psoc\content\CyPrimitives\cyprimitives.cylib\ZeroTerminal\ZeroTerminal.v'
Flattening file 'C:\Program Files (x86)\Cypress\PSoC Creator\4.4\PSoC Creator\psoc\content\CyPrimitives\cyprimitives.cylib\cy_vref_v1_60\cy_vref_v1_60.v'
Flattening file 'C:\Program Files (x86)\Cypress\PSoC Creator\4.4\PSoC Creator\psoc\content\CyComponentLibrary\CyComponentLibrary.cylib\CapSense_CSD_AMux_v3_50\CapSense_CSD_AMux_v3_50.v'
Flattening file 'C:\Program Files (x86)\Cypress\PSoC Creator\4.4\PSoC Creator\warp\lib\common\cypress.v'
Flattening file 'C:\Program Files (x86)\Cypress\PSoC Creator\4.4\PSoC Creator\warp\lib\common\cy_psoc3_inc.v'
Flattening file 'C:\Program Files (x86)\Cypress\PSoC Creator\4.4\PSoC Creator\psoc\content\CyPrimitives\cyprimitives.cylib\cy_analog_virtualmux_v1_0\cy_analog_virtualmux_v1_0.v'
Flattening file 'C:\Program Files (x86)\Cypress\PSoC Creator\4.4\PSoC Creator\psoc\content\CyComponentLibrary\CyComponentLibrary.cylib\CapSense_CSD_MeasureCh_v3_50\CapSense_CSD_MeasureCh_v3_50.v'
Flattening file 'C:\Program Files (x86)\Cypress\PSoC Creator\4.4\PSoC Creator\warp\lib\common\cypress.v'
Flattening file 'C:\Program Files (x86)\Cypress\PSoC Creator\4.4\PSoC Creator\psoc\content\CyComponentLibrary\CyComponentLibrary.cylib\CapSense_CSD_ClockGen_v3_50\CapSense_CSD_ClockGen_v3_50.v'
Flattening file 'C:\Program Files (x86)\Cypress\PSoC Creator\4.4\PSoC Creator\warp\lib\common\cypress.v'
Flattening file 'C:\Program Files (x86)\Cypress\PSoC Creator\4.4\PSoC Creator\psoc\content\CyPrimitives\cyprimitives.cylib\OneTerminal\OneTerminal.v'
Flattening file 'C:\Program Files (x86)\Cypress\PSoC Creator\4.4\PSoC Creator\psoc\content\CyPrimitives\cyprimitives.cylib\or_v1_0\or_v1_0.v'
Flattening file 'C:\Program Files (x86)\Cypress\PSoC Creator\4.4\PSoC Creator\psoc\content\CyComponentLibrary\CyComponentLibrary.cylib\B_SPI_Master_v2_50\B_SPI_Master_v2_50.v'
Flattening file 'C:\Program Files (x86)\Cypress\PSoC Creator\4.4\PSoC Creator\warp\lib\common\cypress.v'

vpp:  No errors.

Library 'work' => directory 'lcpsoc3'
General_symbol_table
General_symbol_table
Linking 'C:\Program Files (x86)\Cypress\PSoC Creator\4.4\PSoC Creator\warp\lib\common\std.vhd'.
Linking 'C:\Program Files (x86)\Cypress\PSoC Creator\4.4\PSoC Creator\warp\lib\common\cypress.vhd'.
Linking 'C:\Program Files (x86)\Cypress\PSoC Creator\4.4\PSoC Creator\warp\lib\common\work\cypress.vif'.
Linking 'C:\Program Files (x86)\Cypress\PSoC Creator\4.4\PSoC Creator\warp\lib\ieee\work\stdlogic.vif'.
Linking 'C:\Program Files (x86)\Cypress\PSoC Creator\4.4\PSoC Creator\warp\lib\common\stdlogic\lpmpkg.vif'.
Linking 'C:\Program Files (x86)\Cypress\PSoC Creator\4.4\PSoC Creator\warp\lib\common\stdlogic\rtlpkg.vif'.
Linking 'C:\Program Files (x86)\Cypress\PSoC Creator\4.4\PSoC Creator\warp\lib\common\stdlogic\mod_cnst.vif'.
Linking 'C:\Program Files (x86)\Cypress\PSoC Creator\4.4\PSoC Creator\warp\lib\common\stdlogic\mod_mthv.vif'.
Linking 'C:\Program Files (x86)\Cypress\PSoC Creator\4.4\PSoC Creator\warp\lib\common\stdlogic\mod_genv.vif'.
Using control file 'CE210514_PSOC3_5_Thermistor.ctl'.
Linking 'C:\Program Files (x86)\Cypress\PSoC Creator\4.4\PSoC Creator\warp\lib\common\stdlogic\cy_psoc3pkg.vif'.
Linking 'C:\Program Files (x86)\Cypress\PSoC Creator\4.4\PSoC Creator\warp\lib\common\stdlogic\cy_psoc3.vif'.

vlogfe:  No errors.


======================================================================
Compiling:  CE210514_PSOC3_5_Thermistor.v
Program  :   tovif
Options  :    -yv2 -q10 -ygs -o2 -v3 -.fftcfgtype=LE -ya -.fftprj=C:\Users\ggg88\dev\Electrosteel_embedded\PSOC5_electrosteel_stringsensors_newpcb\CE210514_PSOC3_5_Thermistor.cydsn\CE210514_PSOC3_5_Thermistor.cyprj -dcpsoc3 -verilog CE210514_PSOC3_5_Thermistor.v
======================================================================

tovif V6.3 IR 41:  High-level synthesis
Sat Mar 14 18:21:29 2026

Linking 'C:\Program Files (x86)\Cypress\PSoC Creator\4.4\PSoC Creator\warp\lib\common\std.vhd'.
Linking 'C:\Program Files (x86)\Cypress\PSoC Creator\4.4\PSoC Creator\warp\lib\common\cypress.vhd'.
Linking 'C:\Program Files (x86)\Cypress\PSoC Creator\4.4\PSoC Creator\warp\lib\common\work\cypress.vif'.
Linking 'C:\Program Files (x86)\Cypress\PSoC Creator\4.4\PSoC Creator\warp\lib\ieee\work\stdlogic.vif'.
Linking 'C:\Program Files (x86)\Cypress\PSoC Creator\4.4\PSoC Creator\warp\lib\common\stdlogic\lpmpkg.vif'.
Linking 'C:\Program Files (x86)\Cypress\PSoC Creator\4.4\PSoC Creator\warp\lib\common\stdlogic\rtlpkg.vif'.
Linking 'C:\Program Files (x86)\Cypress\PSoC Creator\4.4\PSoC Creator\warp\lib\common\stdlogic\mod_cnst.vif'.
Linking 'C:\Program Files (x86)\Cypress\PSoC Creator\4.4\PSoC Creator\warp\lib\common\stdlogic\mod_mthv.vif'.
Linking 'C:\Program Files (x86)\Cypress\PSoC Creator\4.4\PSoC Creator\warp\lib\common\stdlogic\mod_genv.vif'.
Linking 'C:\Users\ggg88\dev\Electrosteel_embedded\PSOC5_electrosteel_stringsensors_newpcb\CE210514_PSOC3_5_Thermistor.cydsn\codegentemp\CE210514_PSOC3_5_Thermistor.ctl'.
Linking 'C:\Program Files (x86)\Cypress\PSoC Creator\4.4\PSoC Creator\psoc\content\CyPrimitives\cyprimitives.cylib\cy_virtualmux_v1_0\cy_virtualmux_v1_0.v'.
Linking 'C:\Users\ggg88\dev\Electrosteel_embedded\PSOC5_electrosteel_stringsensors_newpcb\CE210514_PSOC3_5_Thermistor.cydsn\codegentemp\CE210514_PSOC3_5_Thermistor.v'.
Linking 'C:\Program Files (x86)\Cypress\PSoC Creator\4.4\PSoC Creator\psoc\content\CyPrimitives\cyprimitives.cylib\not_v1_0\not_v1_0.v'.
Linking 'C:\Program Files (x86)\Cypress\PSoC Creator\4.4\PSoC Creator\psoc\content\CyPrimitives\cyprimitives.cylib\ZeroTerminal\ZeroTerminal.v'.
Linking 'C:\Program Files (x86)\Cypress\PSoC Creator\4.4\PSoC Creator\psoc\content\CyPrimitives\cyprimitives.cylib\cy_vref_v1_60\cy_vref_v1_60.v'.
Linking 'C:\Program Files (x86)\Cypress\PSoC Creator\4.4\PSoC Creator\psoc\content\CyComponentLibrary\CyComponentLibrary.cylib\CapSense_CSD_AMux_v3_50\CapSense_CSD_AMux_v3_50.v'.
Linking 'C:\Program Files (x86)\Cypress\PSoC Creator\4.4\PSoC Creator\warp\lib\common\cypress.v'.
Linking 'C:\Program Files (x86)\Cypress\PSoC Creator\4.4\PSoC Creator\warp\lib\common\cy_psoc3_inc.v'.
Linking 'C:\Program Files (x86)\Cypress\PSoC Creator\4.4\PSoC Creator\psoc\content\CyPrimitives\cyprimitives.cylib\cy_analog_virtualmux_v1_0\cy_analog_virtualmux_v1_0.v'.
Linking 'C:\Program Files (x86)\Cypress\PSoC Creator\4.4\PSoC Creator\psoc\content\CyComponentLibrary\CyComponentLibrary.cylib\CapSense_CSD_MeasureCh_v3_50\CapSense_CSD_MeasureCh_v3_50.v'.
Linking 'C:\Program Files (x86)\Cypress\PSoC Creator\4.4\PSoC Creator\psoc\content\CyComponentLibrary\CyComponentLibrary.cylib\CapSense_CSD_ClockGen_v3_50\CapSense_CSD_ClockGen_v3_50.v'.
Linking 'C:\Program Files (x86)\Cypress\PSoC Creator\4.4\PSoC Creator\psoc\content\CyPrimitives\cyprimitives.cylib\OneTerminal\OneTerminal.v'.
Linking 'C:\Program Files (x86)\Cypress\PSoC Creator\4.4\PSoC Creator\psoc\content\CyPrimitives\cyprimitives.cylib\or_v1_0\or_v1_0.v'.
Linking 'C:\Program Files (x86)\Cypress\PSoC Creator\4.4\PSoC Creator\psoc\content\CyComponentLibrary\CyComponentLibrary.cylib\B_SPI_Master_v2_50\B_SPI_Master_v2_50.v'.
Linking 'C:\Program Files (x86)\Cypress\PSoC Creator\4.4\PSoC Creator\warp\lib\common\stdlogic\cy_psoc3pkg.vif'.
Linking 'C:\Program Files (x86)\Cypress\PSoC Creator\4.4\PSoC Creator\warp\lib\common\stdlogic\cy_psoc3.vif'.

tovif:  No errors.


======================================================================
Compiling:  CE210514_PSOC3_5_Thermistor.v
Program  :   topld
Options  :    -yv2 -q10 -ygs -o2 -v3 -.fftcfgtype=LE -ya -.fftprj=C:\Users\ggg88\dev\Electrosteel_embedded\PSOC5_electrosteel_stringsensors_newpcb\CE210514_PSOC3_5_Thermistor.cydsn\CE210514_PSOC3_5_Thermistor.cyprj -dcpsoc3 -verilog CE210514_PSOC3_5_Thermistor.v
======================================================================

topld V6.3 IR 41:  Synthesis and optimization
Sat Mar 14 18:21:29 2026

Linking 'C:\Program Files (x86)\Cypress\PSoC Creator\4.4\PSoC Creator\warp\lib\common\std.vhd'.
Linking 'C:\Program Files (x86)\Cypress\PSoC Creator\4.4\PSoC Creator\warp\lib\common\cypress.vhd'.
Linking 'C:\Program Files (x86)\Cypress\PSoC Creator\4.4\PSoC Creator\warp\lib\common\work\cypress.vif'.
Linking 'C:\Program Files (x86)\Cypress\PSoC Creator\4.4\PSoC Creator\warp\lib\ieee\work\stdlogic.vif'.
Linking 'C:\Program Files (x86)\Cypress\PSoC Creator\4.4\PSoC Creator\warp\lib\common\stdlogic\lpmpkg.vif'.
Linking 'C:\Program Files (x86)\Cypress\PSoC Creator\4.4\PSoC Creator\warp\lib\common\stdlogic\rtlpkg.vif'.
Linking 'C:\Program Files (x86)\Cypress\PSoC Creator\4.4\PSoC Creator\warp\lib\common\stdlogic\mod_cnst.vif'.
Linking 'C:\Program Files (x86)\Cypress\PSoC Creator\4.4\PSoC Creator\warp\lib\common\stdlogic\mod_mthv.vif'.
Linking 'C:\Program Files (x86)\Cypress\PSoC Creator\4.4\PSoC Creator\warp\lib\common\stdlogic\mod_genv.vif'.
Linking 'C:\Users\ggg88\dev\Electrosteel_embedded\PSOC5_electrosteel_stringsensors_newpcb\CE210514_PSOC3_5_Thermistor.cydsn\codegentemp\CE210514_PSOC3_5_Thermistor.ctl'.
Linking 'C:\Program Files (x86)\Cypress\PSoC Creator\4.4\PSoC Creator\psoc\content\CyPrimitives\cyprimitives.cylib\cy_virtualmux_v1_0\cy_virtualmux_v1_0.v'.
Linking 'C:\Users\ggg88\dev\Electrosteel_embedded\PSOC5_electrosteel_stringsensors_newpcb\CE210514_PSOC3_5_Thermistor.cydsn\codegentemp\CE210514_PSOC3_5_Thermistor.v'.
Linking 'C:\Program Files (x86)\Cypress\PSoC Creator\4.4\PSoC Creator\psoc\content\CyPrimitives\cyprimitives.cylib\not_v1_0\not_v1_0.v'.
Linking 'C:\Program Files (x86)\Cypress\PSoC Creator\4.4\PSoC Creator\psoc\content\CyPrimitives\cyprimitives.cylib\ZeroTerminal\ZeroTerminal.v'.
Linking 'C:\Program Files (x86)\Cypress\PSoC Creator\4.4\PSoC Creator\psoc\content\CyPrimitives\cyprimitives.cylib\cy_vref_v1_60\cy_vref_v1_60.v'.
Linking 'C:\Program Files (x86)\Cypress\PSoC Creator\4.4\PSoC Creator\psoc\content\CyComponentLibrary\CyComponentLibrary.cylib\CapSense_CSD_AMux_v3_50\CapSense_CSD_AMux_v3_50.v'.
Linking 'C:\Program Files (x86)\Cypress\PSoC Creator\4.4\PSoC Creator\warp\lib\common\cypress.v'.
Linking 'C:\Program Files (x86)\Cypress\PSoC Creator\4.4\PSoC Creator\warp\lib\common\cy_psoc3_inc.v'.
Linking 'C:\Program Files (x86)\Cypress\PSoC Creator\4.4\PSoC Creator\psoc\content\CyPrimitives\cyprimitives.cylib\cy_analog_virtualmux_v1_0\cy_analog_virtualmux_v1_0.v'.
Linking 'C:\Program Files (x86)\Cypress\PSoC Creator\4.4\PSoC Creator\psoc\content\CyComponentLibrary\CyComponentLibrary.cylib\CapSense_CSD_MeasureCh_v3_50\CapSense_CSD_MeasureCh_v3_50.v'.
Linking 'C:\Program Files (x86)\Cypress\PSoC Creator\4.4\PSoC Creator\psoc\content\CyComponentLibrary\CyComponentLibrary.cylib\CapSense_CSD_ClockGen_v3_50\CapSense_CSD_ClockGen_v3_50.v'.
Linking 'C:\Program Files (x86)\Cypress\PSoC Creator\4.4\PSoC Creator\psoc\content\CyPrimitives\cyprimitives.cylib\OneTerminal\OneTerminal.v'.
Linking 'C:\Program Files (x86)\Cypress\PSoC Creator\4.4\PSoC Creator\psoc\content\CyPrimitives\cyprimitives.cylib\or_v1_0\or_v1_0.v'.
Linking 'C:\Program Files (x86)\Cypress\PSoC Creator\4.4\PSoC Creator\psoc\content\CyComponentLibrary\CyComponentLibrary.cylib\B_SPI_Master_v2_50\B_SPI_Master_v2_50.v'.
Linking 'C:\Program Files (x86)\Cypress\PSoC Creator\4.4\PSoC Creator\warp\lib\common\stdlogic\cy_psoc3pkg.vif'.
Linking 'C:\Program Files (x86)\Cypress\PSoC Creator\4.4\PSoC Creator\warp\lib\common\stdlogic\cy_psoc3.vif'.
Linking 'C:\Program Files (x86)\Cypress\PSoC Creator\4.4\PSoC Creator\warp\lib\lcpsoc3\stdlogic\cpsoc3.vif'.

----------------------------------------------------------
Detecting unused logic.
----------------------------------------------------------
    User names
	\CapSense:CompCH0:Net_9\
	\CapSense:IdacCH0:Net_194\
	\CapSense:MeasureCH0:cmp_in_inv\
	\CapSense:ShieldSignal\
	\CapSense:Net_1358\
	\CapSense:ClockGen:ch1en\
	\CapSense:Net_374\
	\CapSense:Net_458\
	Net_297
	Net_295
	\SPIM_2:BSPIM:mosi_after_ld\
	\SPIM_2:BSPIM:so_send\
	\SPIM_2:BSPIM:mosi_fin\
	\SPIM_2:BSPIM:mosi_cpha_0\
	\SPIM_2:BSPIM:mosi_cpha_1\
	\SPIM_2:BSPIM:pre_mosi\
	\SPIM_2:BSPIM:dpcounter_zero\
	\SPIM_2:BSPIM:control_7\
	\SPIM_2:BSPIM:control_6\
	\SPIM_2:BSPIM:control_5\
	\SPIM_2:BSPIM:control_4\
	\SPIM_2:BSPIM:control_3\
	\SPIM_2:BSPIM:control_2\
	\SPIM_2:BSPIM:control_1\
	\SPIM_2:BSPIM:control_0\
	\SPIM_2:Net_294\
	\SPIM_1:BSPIM:mosi_after_ld\
	\SPIM_1:BSPIM:so_send\
	\SPIM_1:BSPIM:mosi_fin\
	\SPIM_1:BSPIM:mosi_cpha_0\
	\SPIM_1:BSPIM:mosi_cpha_1\
	\SPIM_1:BSPIM:pre_mosi\
	\SPIM_1:BSPIM:dpcounter_zero\
	\SPIM_1:BSPIM:control_7\
	\SPIM_1:BSPIM:control_6\
	\SPIM_1:BSPIM:control_5\
	\SPIM_1:BSPIM:control_4\
	\SPIM_1:BSPIM:control_3\
	\SPIM_1:BSPIM:control_2\
	\SPIM_1:BSPIM:control_1\
	\SPIM_1:BSPIM:control_0\
	\SPIM_1:Net_294\
	\SPIM_3:BSPIM:mosi_after_ld\
	\SPIM_3:BSPIM:so_send\
	\SPIM_3:BSPIM:mosi_fin\
	\SPIM_3:BSPIM:mosi_cpha_0\
	\SPIM_3:BSPIM:mosi_cpha_1\
	\SPIM_3:BSPIM:pre_mosi\
	\SPIM_3:BSPIM:dpcounter_zero\
	\SPIM_3:BSPIM:control_7\
	\SPIM_3:BSPIM:control_6\
	\SPIM_3:BSPIM:control_5\
	\SPIM_3:BSPIM:control_4\
	\SPIM_3:BSPIM:control_3\
	\SPIM_3:BSPIM:control_2\
	\SPIM_3:BSPIM:control_1\
	\SPIM_3:BSPIM:control_0\
	\SPIM_3:Net_294\


Deleted 58 User equations/components.
Deleted 0 Synthesized equations/components.

------------------------------------------------------
Alias Detection
------------------------------------------------------
Aliasing one to tmpOE__MISO_1_net_0
Aliasing tmpOE__MOSI_1_net_0 to tmpOE__MISO_1_net_0
Aliasing tmpOE__SCLK_1_net_0 to tmpOE__MISO_1_net_0
Aliasing tmpOE__SCLK_3_net_0 to tmpOE__MISO_1_net_0
Aliasing \CapSense:CompCH0:clock\ to zero
Aliasing \CapSense:IdacCH0:Net_125\ to zero
Aliasing \CapSense:IdacCH0:Net_195\ to zero
Aliasing \CapSense:tmpOE__CmodCH0_net_0\ to tmpOE__MISO_1_net_0
Aliasing \CapSense:tmpOE__PortCH0_net_0\ to zero
Aliasing \CapSense:Net_375\ to zero
Aliasing \CapSense:Net_373\ to tmpOE__MISO_1_net_0
Aliasing \CapSense:Net_371\ to tmpOE__MISO_1_net_0
Aliasing \CapSense:ClockGen:cs_addr_2\ to zero
Aliasing \CapSense:ClockGen:prs_cs_addr_2\ to \CapSense:ClockGen:cs_addr_0\
Aliasing \CapSense:ClockGen:prs_cs_addr_1\ to zero
Aliasing \SPIM_2:BSPIM:pol_supprt\ to zero
Aliasing \SPIM_2:BSPIM:tx_status_3\ to \SPIM_2:BSPIM:load_rx_data\
Aliasing \SPIM_2:BSPIM:tx_status_6\ to zero
Aliasing \SPIM_2:BSPIM:tx_status_5\ to zero
Aliasing \SPIM_2:BSPIM:rx_status_3\ to zero
Aliasing \SPIM_2:BSPIM:rx_status_2\ to zero
Aliasing \SPIM_2:BSPIM:rx_status_1\ to zero
Aliasing \SPIM_2:BSPIM:rx_status_0\ to zero
Aliasing \SPIM_2:Net_289\ to zero
Aliasing tmpOE__MOSI_3_net_0 to tmpOE__MISO_1_net_0
Aliasing tmpOE__SS_1_net_0 to tmpOE__MISO_1_net_0
Aliasing tmpOE__SS_2_net_0 to tmpOE__MISO_1_net_0
Aliasing \SPIM_1:BSPIM:pol_supprt\ to zero
Aliasing \SPIM_1:BSPIM:tx_status_3\ to \SPIM_1:BSPIM:load_rx_data\
Aliasing \SPIM_1:BSPIM:tx_status_6\ to zero
Aliasing \SPIM_1:BSPIM:tx_status_5\ to zero
Aliasing \SPIM_1:BSPIM:rx_status_3\ to zero
Aliasing \SPIM_1:BSPIM:rx_status_2\ to zero
Aliasing \SPIM_1:BSPIM:rx_status_1\ to zero
Aliasing \SPIM_1:BSPIM:rx_status_0\ to zero
Aliasing \SPIM_1:Net_289\ to zero
Aliasing tmpOE__SCLK_2_net_0 to tmpOE__MISO_1_net_0
Aliasing tmpOE__SS_3_net_0 to tmpOE__MISO_1_net_0
Aliasing tmpOE__LED_net_0 to tmpOE__MISO_1_net_0
Aliasing tmpOE__MISO_2_net_0 to tmpOE__MISO_1_net_0
Aliasing tmpOE__MOSI_2_net_0 to tmpOE__MISO_1_net_0
Aliasing \SPIM_3:BSPIM:pol_supprt\ to zero
Aliasing \SPIM_3:BSPIM:tx_status_3\ to \SPIM_3:BSPIM:load_rx_data\
Aliasing \SPIM_3:BSPIM:tx_status_6\ to zero
Aliasing \SPIM_3:BSPIM:tx_status_5\ to zero
Aliasing \SPIM_3:BSPIM:rx_status_3\ to zero
Aliasing \SPIM_3:BSPIM:rx_status_2\ to zero
Aliasing \SPIM_3:BSPIM:rx_status_1\ to zero
Aliasing \SPIM_3:BSPIM:rx_status_0\ to zero
Aliasing \SPIM_3:Net_289\ to zero
Aliasing tmpOE__MISO_3_net_0 to tmpOE__MISO_1_net_0
Aliasing \CapSense:ClockGen:tmp_ppulse_dly\\D\ to \CapSense:ClockGen:prescaler\
Aliasing \SPIM_2:BSPIM:so_send_reg\\D\ to zero
Aliasing \SPIM_2:BSPIM:mosi_pre_reg\\D\ to zero
Aliasing \SPIM_2:BSPIM:dpcounter_one_reg\\D\ to \SPIM_2:BSPIM:load_rx_data\
Aliasing \SPIM_1:BSPIM:so_send_reg\\D\ to zero
Aliasing \SPIM_1:BSPIM:mosi_pre_reg\\D\ to zero
Aliasing \SPIM_1:BSPIM:dpcounter_one_reg\\D\ to \SPIM_1:BSPIM:load_rx_data\
Aliasing \SPIM_3:BSPIM:so_send_reg\\D\ to zero
Aliasing \SPIM_3:BSPIM:mosi_pre_reg\\D\ to zero
Aliasing \SPIM_3:BSPIM:dpcounter_one_reg\\D\ to \SPIM_3:BSPIM:load_rx_data\
Removing Lhs of wire one[6] = tmpOE__MISO_1_net_0[1]
Removing Lhs of wire tmpOE__MOSI_1_net_0[9] = tmpOE__MISO_1_net_0[1]
Removing Rhs of wire Net_1042[10] = \SPIM_2:BSPIM:mosi_reg\[376]
Removing Lhs of wire tmpOE__SCLK_1_net_0[16] = tmpOE__MISO_1_net_0[1]
Removing Lhs of wire tmpOE__SCLK_3_net_0[23] = tmpOE__MISO_1_net_0[1]
Removing Lhs of wire \CapSense:CompCH0:clock\[36] = zero[2]
Removing Rhs of wire \CapSense:Cmp_CH0\[38] = \CapSense:CompCH0:Net_1\[37]
Removing Lhs of wire \CapSense:IdacCH0:Net_125\[41] = zero[2]
Removing Lhs of wire \CapSense:IdacCH0:Net_158\[42] = zero[2]
Removing Rhs of wire \CapSense:IdacCH0:Net_123\[43] = \CapSense:IdacCH0:Net_157\[46]
Removing Lhs of wire \CapSense:IdacCH0:Net_195\[49] = zero[2]
Removing Lhs of wire \CapSense:tmpOE__CmodCH0_net_0\[52] = tmpOE__MISO_1_net_0[1]
Removing Lhs of wire \CapSense:tmpOE__PortCH0_net_0\[59] = zero[2]
Removing Rhs of wire \CapSense:PreChargeClk\[70] = \CapSense:ClockGen:tmp_pclk\[321]
Removing Lhs of wire \CapSense:Net_375\[75] = zero[2]
Removing Rhs of wire \CapSense:clk\[77] = \CapSense:Net_1644\[330]
Removing Lhs of wire \CapSense:Net_373\[78] = tmpOE__MISO_1_net_0[1]
Removing Rhs of wire \CapSense:DigitalClk\[81] = \CapSense:ClockGen:tmp_dpulse\[188]
Removing Rhs of wire \CapSense:mrst\[158] = \CapSense:ClockGen:cstate_1\[315]
Removing Lhs of wire \CapSense:MeasureCH0:load_enable\[164] = \CapSense:MeasureCH0:wndState_0\[161]
Removing Rhs of wire \CapSense:Net_1603\[168] = \CapSense:MeasureCH0:wndState_3\[157]
Removing Lhs of wire \CapSense:Net_371\[170] = tmpOE__MISO_1_net_0[1]
Removing Rhs of wire \CapSense:ClockGen:inter_reset\[187] = \CapSense:ClockGen:cstate_0\[316]
Removing Lhs of wire \CapSense:ClockGen:cs_addr_2\[190] = zero[2]
Removing Rhs of wire \CapSense:ClockGen:cs_addr_1\[191] = \CapSense:ClockGen:z0\[195]
Removing Lhs of wire \CapSense:ClockGen:cs_addr_0\[192] = \CapSense:ClockGen:inter_reset\[187]
Removing Lhs of wire \CapSense:ClockGen:prs_cs_addr_2\[226] = \CapSense:ClockGen:inter_reset\[187]
Removing Lhs of wire \CapSense:ClockGen:prs_cs_addr_1\[227] = zero[2]
Removing Lhs of wire \CapSense:ClockGen:prs_cs_addr_0\[228] = \CapSense:ClockGen:clock_detect_reg\[175]
Removing Lhs of wire \CapSense:ClockGen:tmp_ppulse\[312] = \CapSense:ClockGen:tmp_ppulse_reg\[309]
Removing Lhs of wire \CapSense:ClockGen:mesen\[317] = \CapSense:ClockGen:control_1\[184]
Removing Lhs of wire \CapSense:ClockGen:syncen\[318] = \CapSense:ClockGen:control_0\[185]
Removing Lhs of wire \CapSense:ClockGen:prescaler\[319] = \CapSense:ClockGen:tmp_ppulse_reg\[309]
Removing Lhs of wire \CapSense:ClockGen:bitstream\[320] = \CapSense:ClockGen:cmsb_reg\[303]
Removing Lhs of wire \CapSense:ClockGen:work_en\[323] = \CapSense:ClockGen:cstate_2\[314]
Removing Lhs of wire \CapSense:ClockGen:ch0en\[324] = \CapSense:ClockGen:control_2\[183]
Removing Rhs of wire \SPIM_2:Net_276\[363] = \SPIM_2:Net_288\[364]
Removing Rhs of wire \SPIM_2:BSPIM:load_rx_data\[368] = \SPIM_2:BSPIM:dpcounter_one\[369]
Removing Lhs of wire \SPIM_2:BSPIM:pol_supprt\[370] = zero[2]
Removing Lhs of wire \SPIM_2:BSPIM:miso_to_dp\[371] = \SPIM_2:Net_244\[372]
Removing Lhs of wire \SPIM_2:Net_244\[372] = Net_19[3]
Removing Rhs of wire \SPIM_2:BSPIM:tx_status_1\[398] = \SPIM_2:BSPIM:dpMOSI_fifo_empty\[399]
Removing Rhs of wire \SPIM_2:BSPIM:tx_status_2\[400] = \SPIM_2:BSPIM:dpMOSI_fifo_not_full\[401]
Removing Lhs of wire \SPIM_2:BSPIM:tx_status_3\[402] = \SPIM_2:BSPIM:load_rx_data\[368]
Removing Rhs of wire \SPIM_2:BSPIM:rx_status_4\[404] = \SPIM_2:BSPIM:dpMISO_fifo_full\[405]
Removing Rhs of wire \SPIM_2:BSPIM:rx_status_5\[406] = \SPIM_2:BSPIM:dpMISO_fifo_not_empty\[407]
Removing Lhs of wire \SPIM_2:BSPIM:tx_status_6\[409] = zero[2]
Removing Lhs of wire \SPIM_2:BSPIM:tx_status_5\[410] = zero[2]
Removing Lhs of wire \SPIM_2:BSPIM:rx_status_3\[411] = zero[2]
Removing Lhs of wire \SPIM_2:BSPIM:rx_status_2\[412] = zero[2]
Removing Lhs of wire \SPIM_2:BSPIM:rx_status_1\[413] = zero[2]
Removing Lhs of wire \SPIM_2:BSPIM:rx_status_0\[414] = zero[2]
Removing Lhs of wire \SPIM_2:Net_273\[424] = zero[2]
Removing Lhs of wire \SPIM_2:Net_289\[463] = zero[2]
Removing Lhs of wire tmpOE__MOSI_3_net_0[465] = tmpOE__MISO_1_net_0[1]
Removing Rhs of wire Net_1456[466] = \SPIM_3:BSPIM:mosi_reg\[632]
Removing Lhs of wire tmpOE__SS_1_net_0[472] = tmpOE__MISO_1_net_0[1]
Removing Lhs of wire tmpOE__SS_2_net_0[478] = tmpOE__MISO_1_net_0[1]
Removing Rhs of wire \SPIM_1:Net_276\[484] = \SPIM_1:Net_288\[485]
Removing Rhs of wire \SPIM_1:BSPIM:load_rx_data\[489] = \SPIM_1:BSPIM:dpcounter_one\[490]
Removing Lhs of wire \SPIM_1:BSPIM:pol_supprt\[491] = zero[2]
Removing Lhs of wire \SPIM_1:BSPIM:miso_to_dp\[492] = \SPIM_1:Net_244\[493]
Removing Lhs of wire \SPIM_1:Net_244\[493] = Net_1415[585]
Removing Rhs of wire Net_23[497] = \SPIM_1:BSPIM:mosi_reg\[498]
Removing Rhs of wire \SPIM_1:BSPIM:tx_status_1\[519] = \SPIM_1:BSPIM:dpMOSI_fifo_empty\[520]
Removing Rhs of wire \SPIM_1:BSPIM:tx_status_2\[521] = \SPIM_1:BSPIM:dpMOSI_fifo_not_full\[522]
Removing Lhs of wire \SPIM_1:BSPIM:tx_status_3\[523] = \SPIM_1:BSPIM:load_rx_data\[489]
Removing Rhs of wire \SPIM_1:BSPIM:rx_status_4\[525] = \SPIM_1:BSPIM:dpMISO_fifo_full\[526]
Removing Rhs of wire \SPIM_1:BSPIM:rx_status_5\[527] = \SPIM_1:BSPIM:dpMISO_fifo_not_empty\[528]
Removing Lhs of wire \SPIM_1:BSPIM:tx_status_6\[530] = zero[2]
Removing Lhs of wire \SPIM_1:BSPIM:tx_status_5\[531] = zero[2]
Removing Lhs of wire \SPIM_1:BSPIM:rx_status_3\[532] = zero[2]
Removing Lhs of wire \SPIM_1:BSPIM:rx_status_2\[533] = zero[2]
Removing Lhs of wire \SPIM_1:BSPIM:rx_status_1\[534] = zero[2]
Removing Lhs of wire \SPIM_1:BSPIM:rx_status_0\[535] = zero[2]
Removing Lhs of wire \SPIM_1:Net_273\[545] = zero[2]
Removing Lhs of wire \SPIM_1:Net_289\[586] = zero[2]
Removing Lhs of wire tmpOE__SCLK_2_net_0[588] = tmpOE__MISO_1_net_0[1]
Removing Lhs of wire tmpOE__SS_3_net_0[594] = tmpOE__MISO_1_net_0[1]
Removing Lhs of wire tmpOE__LED_net_0[601] = tmpOE__MISO_1_net_0[1]
Removing Lhs of wire tmpOE__MISO_2_net_0[607] = tmpOE__MISO_1_net_0[1]
Removing Lhs of wire tmpOE__MOSI_2_net_0[612] = tmpOE__MISO_1_net_0[1]
Removing Rhs of wire \SPIM_3:Net_276\[617] = \SPIM_3:Net_288\[618]
Removing Rhs of wire \SPIM_3:BSPIM:load_rx_data\[624] = \SPIM_3:BSPIM:dpcounter_one\[625]
Removing Lhs of wire \SPIM_3:BSPIM:pol_supprt\[626] = zero[2]
Removing Lhs of wire \SPIM_3:BSPIM:miso_to_dp\[627] = \SPIM_3:Net_244\[628]
Removing Lhs of wire \SPIM_3:Net_244\[628] = Net_1455[717]
Removing Rhs of wire \SPIM_3:BSPIM:tx_status_1\[653] = \SPIM_3:BSPIM:dpMOSI_fifo_empty\[654]
Removing Rhs of wire \SPIM_3:BSPIM:tx_status_2\[655] = \SPIM_3:BSPIM:dpMOSI_fifo_not_full\[656]
Removing Lhs of wire \SPIM_3:BSPIM:tx_status_3\[657] = \SPIM_3:BSPIM:load_rx_data\[624]
Removing Rhs of wire \SPIM_3:BSPIM:rx_status_4\[659] = \SPIM_3:BSPIM:dpMISO_fifo_full\[660]
Removing Rhs of wire \SPIM_3:BSPIM:rx_status_5\[661] = \SPIM_3:BSPIM:dpMISO_fifo_not_empty\[662]
Removing Lhs of wire \SPIM_3:BSPIM:tx_status_6\[664] = zero[2]
Removing Lhs of wire \SPIM_3:BSPIM:tx_status_5\[665] = zero[2]
Removing Lhs of wire \SPIM_3:BSPIM:rx_status_3\[666] = zero[2]
Removing Lhs of wire \SPIM_3:BSPIM:rx_status_2\[667] = zero[2]
Removing Lhs of wire \SPIM_3:BSPIM:rx_status_1\[668] = zero[2]
Removing Lhs of wire \SPIM_3:BSPIM:rx_status_0\[669] = zero[2]
Removing Lhs of wire \SPIM_3:Net_273\[679] = zero[2]
Removing Lhs of wire \SPIM_3:Net_289\[719] = zero[2]
Removing Lhs of wire tmpOE__MISO_3_net_0[721] = tmpOE__MISO_1_net_0[1]
Removing Lhs of wire \CapSense:ClockGen:clock_detect_reg\\D\[731] = \CapSense:ClockGen:clock_detect\[313]
Removing Lhs of wire \CapSense:ClockGen:tmp_ppulse_reg\\D\[732] = \CapSense:ClockGen:tmp_ppulse_udb\[310]
Removing Lhs of wire \CapSense:ClockGen:tmp_ppulse_dly\\D\[733] = \CapSense:ClockGen:tmp_ppulse_reg\[309]
Removing Lhs of wire \SPIM_2:BSPIM:so_send_reg\\D\[737] = zero[2]
Removing Lhs of wire \SPIM_2:BSPIM:mosi_pre_reg\\D\[743] = zero[2]
Removing Lhs of wire \SPIM_2:BSPIM:dpcounter_one_reg\\D\[745] = \SPIM_2:BSPIM:load_rx_data\[368]
Removing Lhs of wire \SPIM_2:BSPIM:mosi_from_dp_reg\\D\[746] = \SPIM_2:BSPIM:mosi_from_dp\[382]
Removing Lhs of wire \SPIM_1:BSPIM:so_send_reg\\D\[750] = zero[2]
Removing Lhs of wire \SPIM_1:BSPIM:mosi_pre_reg\\D\[755] = zero[2]
Removing Lhs of wire \SPIM_1:BSPIM:dpcounter_one_reg\\D\[757] = \SPIM_1:BSPIM:load_rx_data\[489]
Removing Lhs of wire \SPIM_1:BSPIM:mosi_from_dp_reg\\D\[758] = \SPIM_1:BSPIM:mosi_from_dp\[504]
Removing Lhs of wire \SPIM_3:BSPIM:so_send_reg\\D\[763] = zero[2]
Removing Lhs of wire \SPIM_3:BSPIM:mosi_pre_reg\\D\[768] = zero[2]
Removing Lhs of wire \SPIM_3:BSPIM:dpcounter_one_reg\\D\[770] = \SPIM_3:BSPIM:load_rx_data\[624]
Removing Lhs of wire \SPIM_3:BSPIM:mosi_from_dp_reg\\D\[771] = \SPIM_3:BSPIM:mosi_from_dp\[638]

------------------------------------------------------
Aliased 0 equations, 116 wires.
------------------------------------------------------

----------------------------------------------------------
Circuit simplification
----------------------------------------------------------

Substituting virtuals - pass 1:

Note:  Expanding virtual equation for 'zero' (cost = 0):
zero <=  ('0') ;

Note:  Expanding virtual equation for '\CapSense:Ioff_CH0\' (cost = 0):
\CapSense:Ioff_CH0\ <= (not \CapSense:MeasureCH0:cmp_in_reg\);

Note:  Expanding virtual equation for '\CapSense:MeasureCH0:int\' (cost = 5):
\CapSense:MeasureCH0:int\ <= ((\CapSense:MeasureCH0:zw0\ and \CapSense:MeasureCH0:zw1\));

Note:  Expanding virtual equation for '\CapSense:Net_1350\' (cost = 2):
\CapSense:Net_1350\ <= ((\CapSense:ClockGen:control_2\ and \CapSense:ClockGen:cstate_2\));

Note:  Expanding virtual equation for '\SPIM_2:BSPIM:load_rx_data\' (cost = 1):
\SPIM_2:BSPIM:load_rx_data\ <= ((not \SPIM_2:BSPIM:count_4\ and not \SPIM_2:BSPIM:count_3\ and not \SPIM_2:BSPIM:count_2\ and not \SPIM_2:BSPIM:count_1\ and \SPIM_2:BSPIM:count_0\));

Note:  Expanding virtual equation for '\SPIM_1:BSPIM:load_rx_data\' (cost = 1):
\SPIM_1:BSPIM:load_rx_data\ <= ((not \SPIM_1:BSPIM:count_4\ and not \SPIM_1:BSPIM:count_3\ and not \SPIM_1:BSPIM:count_2\ and not \SPIM_1:BSPIM:count_1\ and \SPIM_1:BSPIM:count_0\));

Note:  Expanding virtual equation for '\SPIM_3:BSPIM:load_rx_data\' (cost = 1):
\SPIM_3:BSPIM:load_rx_data\ <= ((not \SPIM_3:BSPIM:count_4\ and not \SPIM_3:BSPIM:count_3\ and not \SPIM_3:BSPIM:count_2\ and not \SPIM_3:BSPIM:count_1\ and \SPIM_3:BSPIM:count_0\));


Substituting virtuals - pass 2:

Note:  Expanding virtual equation for '\CapSense:MeasureCH0:win_enable\' (cost = 8):
\CapSense:MeasureCH0:win_enable\ <= ((not \CapSense:MeasureCH0:zw0\ and \CapSense:MeasureCH0:wndState_2\)
	OR (not \CapSense:MeasureCH0:zw1\ and \CapSense:MeasureCH0:wndState_2\));

Note:  Expanding virtual equation for '\CapSense:MeasureCH0:cnt_enable\' (cost = 6):
\CapSense:MeasureCH0:cnt_enable\ <= ((not \CapSense:MeasureCH0:cmp_in_reg\ and not \CapSense:MeasureCH0:zw0\ and \CapSense:MeasureCH0:wndState_2\)
	OR (not \CapSense:MeasureCH0:cmp_in_reg\ and not \CapSense:MeasureCH0:zw1\ and \CapSense:MeasureCH0:wndState_2\));


Substituting virtuals - pass 3:


----------------------------------------------------------
Circuit simplification results:

	Expanded 9 signals.
	Turned 0 signals into soft nodes.
	Maximum default expansion cost was set at 3.
----------------------------------------------------------

------------------------------------------------------
Alias Detection
------------------------------------------------------
Removing Rhs of wire \CapSense:IdacCH0:Net_123\[43] = \CapSense:MeasureCH0:cmp_in_reg\[84]

------------------------------------------------------
Aliased 0 equations, 1 wires.
------------------------------------------------------

----------------------------------------------------------
Circuit simplification
----------------------------------------------------------

Eliminating unused logic - pass 1:


Eliminating unused logic - pass 2:


Substituting virtuals - pass 1:


----------------------------------------------------------
Circuit simplification results:

	Expanded 0 signals.
	Turned 0 signals into soft nodes.
	Maximum default expansion cost was set at 3.
----------------------------------------------------------

topld:  No errors.

CYPRESS_DIR    : C:\Program Files (x86)\Cypress\PSoC Creator\4.4\PSoC Creator\warp
Warp Program   : C:\Program Files (x86)\Cypress\PSoC Creator\4.4\PSoC Creator\warp\bin\warp.exe
Warp Arguments : -yv2 -q10 -ygs -o2 -v3 -.fftcfgtype=LE -ya -.fftprj=C:\Users\ggg88\dev\Electrosteel_embedded\PSOC5_electrosteel_stringsensors_newpcb\CE210514_PSOC3_5_Thermistor.cydsn\CE210514_PSOC3_5_Thermistor.cyprj -dcpsoc3 CE210514_PSOC3_5_Thermistor.v -verilog
</CYPRESSTAG>
Warp synthesis phase: Elapsed time ==> 0s.840ms
<CYPRESSTAG name="Fitter results...">
<CYPRESSTAG name="Fitter startup details...">
cyp3fit: V4.4.0.80, Family: PSoC3, Started at: Saturday, 14 March 2026 18:21:29
Options: -yv2 -q10 -ygs -o2 -v3 -.fftcfgtype=LE -ya -.fftprj=C:\Users\ggg88\dev\Electrosteel_embedded\PSOC5_electrosteel_stringsensors_newpcb\CE210514_PSOC3_5_Thermistor.cydsn\CE210514_PSOC3_5_Thermistor.cyprj -d CY8C5888AXI-LP096 CE210514_PSOC3_5_Thermistor.v -verilog
</CYPRESSTAG>
<CYPRESSTAG name="Design parsing">
Design parsing phase: Elapsed time ==> 0s.005ms
</CYPRESSTAG>
<CYPRESSTAG name="Tech Mapping">
<CYPRESSTAG name="Initial Mapping" icon="FILE_RPT_TECHM">
    Converted constant MacroCell: \SPIM_2:BSPIM:so_send_reg\ from registered to combinatorial
    Converted constant MacroCell: \SPIM_2:BSPIM:mosi_pre_reg\ from registered to combinatorial
    Converted constant MacroCell: \SPIM_1:BSPIM:so_send_reg\ from registered to combinatorial
    Converted constant MacroCell: \SPIM_1:BSPIM:mosi_pre_reg\ from registered to combinatorial
    Converted constant MacroCell: \SPIM_3:BSPIM:so_send_reg\ from registered to combinatorial
    Converted constant MacroCell: \SPIM_3:BSPIM:mosi_pre_reg\ from registered to combinatorial
Assigning clock CapSense_Clock_tmp to clock BUS_CLK because it is a pass-through
<CYPRESSTAG name="Global Clock Selection" icon="FILE_RPT_TECHM">
    Digital Clock 0: Automatic-assigning  clock 'CapSense_IntClock'. Fanout=5, Signal=\CapSense:clk\
    Digital Clock 1: Automatic-assigning  clock 'SPIM_2_IntClock'. Fanout=1, Signal=\SPIM_2:Net_276\
    Digital Clock 2: Automatic-assigning  clock 'SPIM_1_IntClock'. Fanout=1, Signal=\SPIM_1:Net_276\
    Digital Clock 3: Automatic-assigning  clock 'SPIM_3_IntClock'. Fanout=1, Signal=\SPIM_3:Net_276\
</CYPRESSTAG>

Removing unused cells resulting from optimization
Done removing unused cells.
<CYPRESSTAG name="UDB Clock/Enable Remapping Results">
    UDB Clk/Enable \CapSense:MeasureCH0:ClkSync\: with output requested to be synchronous
        ClockIn: CapSense_IntClock was determined to be a global clock that is synchronous to BUS_CLK
        EnableIn: Constant 1 was determined to be synchronous to ClockIn
        ClockOut: CapSense_IntClock, EnableOut: Constant 1
    UDB Clk/Enable \CapSense:MeasureCH0:ClkSync2\: with output requested to be synchronous
        ClockIn: CapSense_IntClock was determined to be a global clock that is synchronous to BUS_CLK
        EnableIn: \CapSense:ClockGen:ScanSpeed\:count7cell.tc was determined to be synchronous to ClockIn
        ClockOut: CapSense_IntClock, EnableOut: \CapSense:ClockGen:ScanSpeed\:count7cell.tc
    UDB Clk/Enable \CapSense:ClockGen:ClkSync1\: with output requested to be synchronous
        ClockIn: CapSense_IntClock was determined to be a global clock that is synchronous to BUS_CLK
        EnableIn: Constant 1 was determined to be synchronous to ClockIn
        ClockOut: CapSense_IntClock, EnableOut: Constant 1
    UDB Clk/Enable \CapSense:ClockGen:ClkSync2\: with output requested to be synchronous
        ClockIn: CapSense_IntClock was determined to be a global clock that is synchronous to BUS_CLK
        EnableIn: Constant 1 was determined to be synchronous to ClockIn
        ClockOut: CapSense_IntClock, EnableOut: Constant 1
    UDB Clk/Enable \CapSense:ClockGen:ClkPrs_TDM\: with output requested to be synchronous
        ClockIn: CapSense_IntClock was determined to be a global clock that is synchronous to BUS_CLK
        EnableIn: \CapSense:ClockGen:clock_detect_reg\:macrocell.q was determined to be synchronous to ClockIn
        ClockOut: CapSense_IntClock, EnableOut: \CapSense:ClockGen:clock_detect_reg\:macrocell.q
    UDB Clk/Enable \SPIM_2:BSPIM:ClkEn\: with output requested to be synchronous
        ClockIn: SPIM_2_IntClock was determined to be a global clock that is synchronous to BUS_CLK
        EnableIn: Constant 1 was determined to be synchronous to ClockIn
        ClockOut: SPIM_2_IntClock, EnableOut: Constant 1
    UDB Clk/Enable \SPIM_1:BSPIM:ClkEn\: with output requested to be synchronous
        ClockIn: SPIM_1_IntClock was determined to be a global clock that is synchronous to BUS_CLK
        EnableIn: Constant 1 was determined to be synchronous to ClockIn
        ClockOut: SPIM_1_IntClock, EnableOut: Constant 1
    UDB Clk/Enable \SPIM_3:BSPIM:ClkEn\: with output requested to be synchronous
        ClockIn: SPIM_3_IntClock was determined to be a global clock that is synchronous to BUS_CLK
        EnableIn: Constant 1 was determined to be synchronous to ClockIn
        ClockOut: SPIM_3_IntClock, EnableOut: Constant 1
</CYPRESSTAG>

Removing unused cells resulting from optimization
Done removing unused cells.
<CYPRESSTAG name="Duplicate Macrocell detection">
</CYPRESSTAG>
</CYPRESSTAG>
<CYPRESSTAG name="Duplicate Macrocell detection">
</CYPRESSTAG>
<CYPRESSTAG name="Design Equations" icon="FILE_RPT_EQUATION">

------------------------------------------------------------
Design Equations
------------------------------------------------------------
    <CYPRESSTAG name="Pin listing">

    ------------------------------------------------------------
    Pin listing
    ------------------------------------------------------------

    Pin : Name = MISO_1(0)
        Attributes:
            In Group/Port: True
            In Sync Option: NOSYNC
            Out Sync Option: AUTO
            Interrupt generated: False
            Interrupt mode: NONE
            Drive mode: HI_Z_DIGITAL
            VTrip: CMOS
            Slew: FAST
            Input Sync needed: False
            Output Sync needed: False
            SC shield enabled: False
            POR State: ANY
            LCD Mode: COMMON
            Register Mode: RegComb
            CaSense Mode: NEITHER
            Treat as pin: True
            Is OE Registered: False
            Uses Analog: False
            Can contain Digital: True
            Is SIO: False
            SIO Output Buf: NONREGULATED
            SIO Input Buf: SINGLE_ENDED
            SIO HiFreq: LOW
            SIO Hyst: DISABLED
            SIO Vtrip: MULTIPLIER_0_5
            SIO Multiplier Index: 0
            SIO RefSel: VCC_IO
            Required Capabilities: DIGITAL, ROUTABLE
            Initial Value: 0
            IO Voltage: 0
        PORT MAP (
            pa_out => MISO_1(0)__PA ,
            fb => Net_19 ,
            pad => MISO_1(0)_PAD );
        Properties:
        {
        }

    Pin : Name = MOSI_1(0)
        Attributes:
            In Group/Port: True
            In Sync Option: AUTO
            Out Sync Option: NOSYNC
            Interrupt generated: False
            Interrupt mode: NONE
            Drive mode: CMOS_OUT
            VTrip: EITHER
            Slew: FAST
            Input Sync needed: False
            Output Sync needed: False
            SC shield enabled: False
            POR State: ANY
            LCD Mode: COMMON
            Register Mode: RegComb
            CaSense Mode: NEITHER
            Treat as pin: True
            Is OE Registered: False
            Uses Analog: False
            Can contain Digital: True
            Is SIO: False
            SIO Output Buf: NONREGULATED
            SIO Input Buf: SINGLE_ENDED
            SIO HiFreq: LOW
            SIO Hyst: DISABLED
            SIO Vtrip: MULTIPLIER_0_5
            SIO Multiplier Index: 0
            SIO RefSel: VCC_IO
            Required Capabilities: DIGITAL, ROUTABLE
            Initial Value: 0
            IO Voltage: 0
        PORT MAP (
            pa_out => MOSI_1(0)__PA ,
            pin_input => Net_1042 ,
            pad => MOSI_1(0)_PAD );
        Properties:
        {
        }

    Pin : Name = SCLK_1(0)
        Attributes:
            In Group/Port: True
            In Sync Option: AUTO
            Out Sync Option: NOSYNC
            Interrupt generated: False
            Interrupt mode: NONE
            Drive mode: CMOS_OUT
            VTrip: EITHER
            Slew: FAST
            Input Sync needed: False
            Output Sync needed: False
            SC shield enabled: False
            POR State: ANY
            LCD Mode: COMMON
            Register Mode: RegComb
            CaSense Mode: NEITHER
            Treat as pin: True
            Is OE Registered: False
            Uses Analog: False
            Can contain Digital: True
            Is SIO: False
            SIO Output Buf: NONREGULATED
            SIO Input Buf: SINGLE_ENDED
            SIO HiFreq: LOW
            SIO Hyst: DISABLED
            SIO Vtrip: MULTIPLIER_0_5
            SIO Multiplier Index: 0
            SIO RefSel: VCC_IO
            Required Capabilities: DIGITAL, ROUTABLE
            Initial Value: 0
            IO Voltage: 0
        PORT MAP (
            pa_out => SCLK_1(0)__PA ,
            pin_input => Net_415 ,
            pad => SCLK_1(0)_PAD );
        Properties:
        {
        }

    Pin : Name = SCLK_3(0)
        Attributes:
            In Group/Port: True
            In Sync Option: AUTO
            Out Sync Option: NOSYNC
            Interrupt generated: False
            Interrupt mode: NONE
            Drive mode: CMOS_OUT
            VTrip: EITHER
            Slew: FAST
            Input Sync needed: False
            Output Sync needed: False
            SC shield enabled: False
            POR State: ANY
            LCD Mode: COMMON
            Register Mode: RegComb
            CaSense Mode: NEITHER
            Treat as pin: True
            Is OE Registered: False
            Uses Analog: False
            Can contain Digital: True
            Is SIO: False
            SIO Output Buf: NONREGULATED
            SIO Input Buf: SINGLE_ENDED
            SIO HiFreq: LOW
            SIO Hyst: DISABLED
            SIO Vtrip: MULTIPLIER_0_5
            SIO Multiplier Index: 0
            SIO RefSel: VCC_IO
            Required Capabilities: DIGITAL, ROUTABLE
            Initial Value: 0
            IO Voltage: 0
        PORT MAP (
            pa_out => SCLK_3(0)__PA ,
            pin_input => Net_25 ,
            pad => SCLK_3(0)_PAD );
        Properties:
        {
        }

    Pin : Name = \CapSense:CmodCH0(0)\
        Attributes:
            Alias: Cmod_CH0
            In Group/Port: True
            In Sync Option: AUTO
            Out Sync Option: AUTO
            Interrupt generated: False
            Interrupt mode: NONE
            Drive mode: HI_Z_ANALOG
            VTrip: EITHER
            Slew: FAST
            Input Sync needed: False
            Output Sync needed: False
            SC shield enabled: False
            POR State: ANY
            LCD Mode: COMMON
            Register Mode: RegComb
            CaSense Mode: NEITHER
            Treat as pin: True
            Is OE Registered: False
            Uses Analog: True
            Can contain Digital: False
            Is SIO: False
            SIO Output Buf: NONREGULATED
            SIO Input Buf: SINGLE_ENDED
            SIO HiFreq: LOW
            SIO Hyst: DISABLED
            SIO Vtrip: MULTIPLIER_0_5
            SIO Multiplier Index: 0
            SIO RefSel: VCC_IO
            Required Capabilities: ANALOG
            Initial Value: 0
            IO Voltage: 0
        PORT MAP (
            pa_out => \CapSense:CmodCH0(0)\__PA ,
            analog_term => \CapSense:Net_1917\ ,
            pad => \CapSense:CmodCH0(0)_PAD\ );
        Properties:
        {
        }

    Pin : Name = \CapSense:PortCH0(0)\
        Attributes:
            Alias: Button0__BTN
            In Group/Port: True
            In Sync Option: AUTO
            Out Sync Option: AUTO
            Interrupt generated: False
            Interrupt mode: NONE
            Drive mode: OPEN_DRAIN_LO
            VTrip: CMOS
            Slew: FAST
            Input Sync needed: False
            Output Sync needed: False
            SC shield enabled: False
            POR State: INP_DIS_HI_Z
            LCD Mode: COMMON
            Register Mode: RegComb
            CaSense Mode: PULLDOWN
            Treat as pin: True
            Is OE Registered: False
            Uses Analog: True
            Can contain Digital: False
            Is SIO: False
            SIO Output Buf: NONREGULATED
            SIO Input Buf: SINGLE_ENDED
            SIO HiFreq: LOW
            SIO Hyst: DISABLED
            SIO Vtrip: MULTIPLIER_0_5
            SIO Multiplier Index: 0
            SIO RefSel: VCC_IO
            Required Capabilities: ANALOG
            Initial Value: 0
            IO Voltage: 0
        PORT MAP (
            pa_out => \CapSense:PortCH0(0)\__PA ,
            pad => \CapSense:PortCH0(0)_PAD\ ,
            analog_term => \CapSense:Net_1410_0\ );
        Properties:
        {
        }

    Pin : Name = \CapSense:PortCH0(1)\
        Attributes:
            Alias: Button1__BTN
            In Group/Port: True
            In Sync Option: AUTO
            Out Sync Option: AUTO
            Interrupt generated: False
            Interrupt mode: NONE
            Drive mode: OPEN_DRAIN_LO
            VTrip: CMOS
            Slew: FAST
            Input Sync needed: False
            Output Sync needed: False
            SC shield enabled: False
            POR State: INP_DIS_HI_Z
            LCD Mode: COMMON
            Register Mode: RegComb
            CaSense Mode: PULLDOWN
            Treat as pin: True
            Is OE Registered: False
            Uses Analog: True
            Can contain Digital: False
            Is SIO: False
            SIO Output Buf: NONREGULATED
            SIO Input Buf: SINGLE_ENDED
            SIO HiFreq: LOW
            SIO Hyst: DISABLED
            SIO Vtrip: MULTIPLIER_0_5
            SIO Multiplier Index: 0
            SIO RefSel: VCC_IO
            Required Capabilities: ANALOG
            Initial Value: 0
            IO Voltage: 0
        PORT MAP (
            pa_out => \CapSense:PortCH0(1)\__PA ,
            pad => \CapSense:PortCH0(1)_PAD\ ,
            analog_term => \CapSense:Net_1410_1\ );
        Properties:
        {
        }

    Pin : Name = \CapSense:PortCH0(2)\
        Attributes:
            Alias: Button2__BTN
            In Group/Port: True
            In Sync Option: AUTO
            Out Sync Option: AUTO
            Interrupt generated: False
            Interrupt mode: NONE
            Drive mode: OPEN_DRAIN_LO
            VTrip: CMOS
            Slew: FAST
            Input Sync needed: False
            Output Sync needed: False
            SC shield enabled: False
            POR State: INP_DIS_HI_Z
            LCD Mode: COMMON
            Register Mode: RegComb
            CaSense Mode: PULLDOWN
            Treat as pin: True
            Is OE Registered: False
            Uses Analog: True
            Can contain Digital: False
            Is SIO: False
            SIO Output Buf: NONREGULATED
            SIO Input Buf: SINGLE_ENDED
            SIO HiFreq: LOW
            SIO Hyst: DISABLED
            SIO Vtrip: MULTIPLIER_0_5
            SIO Multiplier Index: 0
            SIO RefSel: VCC_IO
            Required Capabilities: ANALOG
            Initial Value: 0
            IO Voltage: 0
        PORT MAP (
            pa_out => \CapSense:PortCH0(2)\__PA ,
            pad => \CapSense:PortCH0(2)_PAD\ ,
            analog_term => \CapSense:Net_1410_2\ );
        Properties:
        {
        }

    Pin : Name = \CapSense:PortCH0(3)\
        Attributes:
            Alias: Button3__BTN
            In Group/Port: True
            In Sync Option: AUTO
            Out Sync Option: AUTO
            Interrupt generated: False
            Interrupt mode: NONE
            Drive mode: OPEN_DRAIN_LO
            VTrip: CMOS
            Slew: FAST
            Input Sync needed: False
            Output Sync needed: False
            SC shield enabled: False
            POR State: INP_DIS_HI_Z
            LCD Mode: COMMON
            Register Mode: RegComb
            CaSense Mode: PULLDOWN
            Treat as pin: True
            Is OE Registered: False
            Uses Analog: True
            Can contain Digital: False
            Is SIO: False
            SIO Output Buf: NONREGULATED
            SIO Input Buf: SINGLE_ENDED
            SIO HiFreq: LOW
            SIO Hyst: DISABLED
            SIO Vtrip: MULTIPLIER_0_5
            SIO Multiplier Index: 0
            SIO RefSel: VCC_IO
            Required Capabilities: ANALOG
            Initial Value: 0
            IO Voltage: 0
        PORT MAP (
            pa_out => \CapSense:PortCH0(3)\__PA ,
            pad => \CapSense:PortCH0(3)_PAD\ ,
            analog_term => \CapSense:Net_1410_3\ );
        Properties:
        {
        }

    Pin : Name = \CapSense:PortCH0(4)\
        Attributes:
            Alias: Button4__BTN
            In Group/Port: True
            In Sync Option: AUTO
            Out Sync Option: AUTO
            Interrupt generated: False
            Interrupt mode: NONE
            Drive mode: OPEN_DRAIN_LO
            VTrip: CMOS
            Slew: FAST
            Input Sync needed: False
            Output Sync needed: False
            SC shield enabled: False
            POR State: INP_DIS_HI_Z
            LCD Mode: COMMON
            Register Mode: RegComb
            CaSense Mode: PULLDOWN
            Treat as pin: True
            Is OE Registered: False
            Uses Analog: True
            Can contain Digital: False
            Is SIO: False
            SIO Output Buf: NONREGULATED
            SIO Input Buf: SINGLE_ENDED
            SIO HiFreq: LOW
            SIO Hyst: DISABLED
            SIO Vtrip: MULTIPLIER_0_5
            SIO Multiplier Index: 0
            SIO RefSel: VCC_IO
            Required Capabilities: ANALOG
            Initial Value: 0
            IO Voltage: 0
        PORT MAP (
            pa_out => \CapSense:PortCH0(4)\__PA ,
            pad => \CapSense:PortCH0(4)_PAD\ ,
            analog_term => \CapSense:Net_1410_4\ );
        Properties:
        {
        }

    Pin : Name = \CapSense:PortCH0(5)\
        Attributes:
            Alias: Button5__BTN
            In Group/Port: True
            In Sync Option: AUTO
            Out Sync Option: AUTO
            Interrupt generated: False
            Interrupt mode: NONE
            Drive mode: OPEN_DRAIN_LO
            VTrip: CMOS
            Slew: FAST
            Input Sync needed: False
            Output Sync needed: False
            SC shield enabled: False
            POR State: INP_DIS_HI_Z
            LCD Mode: COMMON
            Register Mode: RegComb
            CaSense Mode: PULLDOWN
            Treat as pin: True
            Is OE Registered: False
            Uses Analog: True
            Can contain Digital: False
            Is SIO: False
            SIO Output Buf: NONREGULATED
            SIO Input Buf: SINGLE_ENDED
            SIO HiFreq: LOW
            SIO Hyst: DISABLED
            SIO Vtrip: MULTIPLIER_0_5
            SIO Multiplier Index: 0
            SIO RefSel: VCC_IO
            Required Capabilities: ANALOG
            Initial Value: 0
            IO Voltage: 0
        PORT MAP (
            pa_out => \CapSense:PortCH0(5)\__PA ,
            pad => \CapSense:PortCH0(5)_PAD\ ,
            analog_term => \CapSense:Net_1410_5\ );
        Properties:
        {
        }

    Pin : Name = \CapSense:PortCH0(6)\
        Attributes:
            Alias: Button6__BTN
            In Group/Port: True
            In Sync Option: AUTO
            Out Sync Option: AUTO
            Interrupt generated: False
            Interrupt mode: NONE
            Drive mode: OPEN_DRAIN_LO
            VTrip: CMOS
            Slew: FAST
            Input Sync needed: False
            Output Sync needed: False
            SC shield enabled: False
            POR State: INP_DIS_HI_Z
            LCD Mode: COMMON
            Register Mode: RegComb
            CaSense Mode: PULLDOWN
            Treat as pin: True
            Is OE Registered: False
            Uses Analog: True
            Can contain Digital: False
            Is SIO: False
            SIO Output Buf: NONREGULATED
            SIO Input Buf: SINGLE_ENDED
            SIO HiFreq: LOW
            SIO Hyst: DISABLED
            SIO Vtrip: MULTIPLIER_0_5
            SIO Multiplier Index: 0
            SIO RefSel: VCC_IO
            Required Capabilities: ANALOG
            Initial Value: 0
            IO Voltage: 0
        PORT MAP (
            pa_out => \CapSense:PortCH0(6)\__PA ,
            pad => \CapSense:PortCH0(6)_PAD\ ,
            analog_term => \CapSense:Net_1410_6\ );
        Properties:
        {
        }

    Pin : Name = \CapSense:PortCH0(7)\
        Attributes:
            Alias: Button7__BTN
            In Group/Port: True
            In Sync Option: AUTO
            Out Sync Option: AUTO
            Interrupt generated: False
            Interrupt mode: NONE
            Drive mode: OPEN_DRAIN_LO
            VTrip: CMOS
            Slew: FAST
            Input Sync needed: False
            Output Sync needed: False
            SC shield enabled: False
            POR State: INP_DIS_HI_Z
            LCD Mode: COMMON
            Register Mode: RegComb
            CaSense Mode: PULLDOWN
            Treat as pin: True
            Is OE Registered: False
            Uses Analog: True
            Can contain Digital: False
            Is SIO: False
            SIO Output Buf: NONREGULATED
            SIO Input Buf: SINGLE_ENDED
            SIO HiFreq: LOW
            SIO Hyst: DISABLED
            SIO Vtrip: MULTIPLIER_0_5
            SIO Multiplier Index: 0
            SIO RefSel: VCC_IO
            Required Capabilities: ANALOG
            Initial Value: 0
            IO Voltage: 0
        PORT MAP (
            pa_out => \CapSense:PortCH0(7)\__PA ,
            pad => \CapSense:PortCH0(7)_PAD\ ,
            analog_term => \CapSense:Net_1410_7\ );
        Properties:
        {
        }

    Pin : Name = \CapSense:PortCH0(8)\
        Attributes:
            Alias: Button8__BTN
            In Group/Port: True
            In Sync Option: AUTO
            Out Sync Option: AUTO
            Interrupt generated: False
            Interrupt mode: NONE
            Drive mode: OPEN_DRAIN_LO
            VTrip: CMOS
            Slew: FAST
            Input Sync needed: False
            Output Sync needed: False
            SC shield enabled: False
            POR State: INP_DIS_HI_Z
            LCD Mode: COMMON
            Register Mode: RegComb
            CaSense Mode: PULLDOWN
            Treat as pin: True
            Is OE Registered: False
            Uses Analog: True
            Can contain Digital: False
            Is SIO: False
            SIO Output Buf: NONREGULATED
            SIO Input Buf: SINGLE_ENDED
            SIO HiFreq: LOW
            SIO Hyst: DISABLED
            SIO Vtrip: MULTIPLIER_0_5
            SIO Multiplier Index: 0
            SIO RefSel: VCC_IO
            Required Capabilities: ANALOG
            Initial Value: 0
            IO Voltage: 0
        PORT MAP (
            pa_out => \CapSense:PortCH0(8)\__PA ,
            pad => \CapSense:PortCH0(8)_PAD\ ,
            analog_term => \CapSense:Net_1410_8\ );
        Properties:
        {
        }

    Pin : Name = \CapSense:PortCH0(9)\
        Attributes:
            Alias: Button9__BTN
            In Group/Port: True
            In Sync Option: AUTO
            Out Sync Option: AUTO
            Interrupt generated: False
            Interrupt mode: NONE
            Drive mode: OPEN_DRAIN_LO
            VTrip: CMOS
            Slew: FAST
            Input Sync needed: False
            Output Sync needed: False
            SC shield enabled: False
            POR State: INP_DIS_HI_Z
            LCD Mode: COMMON
            Register Mode: RegComb
            CaSense Mode: PULLDOWN
            Treat as pin: True
            Is OE Registered: False
            Uses Analog: True
            Can contain Digital: False
            Is SIO: False
            SIO Output Buf: NONREGULATED
            SIO Input Buf: SINGLE_ENDED
            SIO HiFreq: LOW
            SIO Hyst: DISABLED
            SIO Vtrip: MULTIPLIER_0_5
            SIO Multiplier Index: 0
            SIO RefSel: VCC_IO
            Required Capabilities: ANALOG
            Initial Value: 0
            IO Voltage: 0
        PORT MAP (
            pa_out => \CapSense:PortCH0(9)\__PA ,
            pad => \CapSense:PortCH0(9)_PAD\ ,
            analog_term => \CapSense:Net_1410_9\ );
        Properties:
        {
        }

    Pin : Name = MOSI_3(0)
        Attributes:
            In Group/Port: True
            In Sync Option: AUTO
            Out Sync Option: NOSYNC
            Interrupt generated: False
            Interrupt mode: NONE
            Drive mode: CMOS_OUT
            VTrip: EITHER
            Slew: FAST
            Input Sync needed: False
            Output Sync needed: False
            SC shield enabled: False
            POR State: ANY
            LCD Mode: COMMON
            Register Mode: RegComb
            CaSense Mode: NEITHER
            Treat as pin: True
            Is OE Registered: False
            Uses Analog: False
            Can contain Digital: True
            Is SIO: False
            SIO Output Buf: NONREGULATED
            SIO Input Buf: SINGLE_ENDED
            SIO HiFreq: LOW
            SIO Hyst: DISABLED
            SIO Vtrip: MULTIPLIER_0_5
            SIO Multiplier Index: 0
            SIO RefSel: VCC_IO
            Required Capabilities: DIGITAL, ROUTABLE
            Initial Value: 0
            IO Voltage: 0
        PORT MAP (
            pa_out => MOSI_3(0)__PA ,
            pin_input => Net_1456 ,
            pad => MOSI_3(0)_PAD );
        Properties:
        {
        }

    Pin : Name = SS_1(0)
        Attributes:
            In Group/Port: True
            In Sync Option: AUTO
            Out Sync Option: NOSYNC
            Interrupt generated: False
            Interrupt mode: NONE
            Drive mode: CMOS_OUT
            VTrip: EITHER
            Slew: FAST
            Input Sync needed: False
            Output Sync needed: False
            SC shield enabled: False
            POR State: ANY
            LCD Mode: COMMON
            Register Mode: RegComb
            CaSense Mode: NEITHER
            Treat as pin: True
            Is OE Registered: False
            Uses Analog: False
            Can contain Digital: True
            Is SIO: False
            SIO Output Buf: NONREGULATED
            SIO Input Buf: SINGLE_ENDED
            SIO HiFreq: LOW
            SIO Hyst: DISABLED
            SIO Vtrip: MULTIPLIER_0_5
            SIO Multiplier Index: 0
            SIO RefSel: VCC_IO
            Required Capabilities: DIGITAL, ROUTABLE
            Initial Value: 0
            IO Voltage: 0
        PORT MAP (
            pa_out => SS_1(0)__PA ,
            pin_input => Net_437 ,
            pad => SS_1(0)_PAD );
        Properties:
        {
        }

    Pin : Name = SS_2(0)
        Attributes:
            In Group/Port: True
            In Sync Option: AUTO
            Out Sync Option: NOSYNC
            Interrupt generated: False
            Interrupt mode: NONE
            Drive mode: CMOS_OUT
            VTrip: EITHER
            Slew: FAST
            Input Sync needed: False
            Output Sync needed: False
            SC shield enabled: False
            POR State: ANY
            LCD Mode: COMMON
            Register Mode: RegComb
            CaSense Mode: NEITHER
            Treat as pin: True
            Is OE Registered: False
            Uses Analog: False
            Can contain Digital: True
            Is SIO: False
            SIO Output Buf: NONREGULATED
            SIO Input Buf: SINGLE_ENDED
            SIO HiFreq: LOW
            SIO Hyst: DISABLED
            SIO Vtrip: MULTIPLIER_0_5
            SIO Multiplier Index: 0
            SIO RefSel: VCC_IO
            Required Capabilities: DIGITAL, ROUTABLE
            Initial Value: 0
            IO Voltage: 0
        PORT MAP (
            pa_out => SS_2(0)__PA ,
            pin_input => Net_1421 ,
            pad => SS_2(0)_PAD );
        Properties:
        {
        }

    Pin : Name = SCLK_2(0)
        Attributes:
            In Group/Port: True
            In Sync Option: AUTO
            Out Sync Option: NOSYNC
            Interrupt generated: False
            Interrupt mode: NONE
            Drive mode: CMOS_OUT
            VTrip: EITHER
            Slew: FAST
            Input Sync needed: False
            Output Sync needed: False
            SC shield enabled: False
            POR State: ANY
            LCD Mode: COMMON
            Register Mode: RegComb
            CaSense Mode: NEITHER
            Treat as pin: True
            Is OE Registered: False
            Uses Analog: False
            Can contain Digital: True
            Is SIO: False
            SIO Output Buf: NONREGULATED
            SIO Input Buf: SINGLE_ENDED
            SIO HiFreq: LOW
            SIO Hyst: DISABLED
            SIO Vtrip: MULTIPLIER_0_5
            SIO Multiplier Index: 0
            SIO RefSel: VCC_IO
            Required Capabilities: DIGITAL, ROUTABLE
            Initial Value: 0
            IO Voltage: 0
        PORT MAP (
            pa_out => SCLK_2(0)__PA ,
            pin_input => Net_1416 ,
            pad => SCLK_2(0)_PAD );
        Properties:
        {
        }

    Pin : Name = SS_3(0)
        Attributes:
            In Group/Port: True
            In Sync Option: AUTO
            Out Sync Option: NOSYNC
            Interrupt generated: False
            Interrupt mode: NONE
            Drive mode: CMOS_OUT
            VTrip: EITHER
            Slew: FAST
            Input Sync needed: False
            Output Sync needed: False
            SC shield enabled: False
            POR State: ANY
            LCD Mode: COMMON
            Register Mode: RegComb
            CaSense Mode: NEITHER
            Treat as pin: True
            Is OE Registered: False
            Uses Analog: False
            Can contain Digital: True
            Is SIO: False
            SIO Output Buf: NONREGULATED
            SIO Input Buf: SINGLE_ENDED
            SIO HiFreq: LOW
            SIO Hyst: DISABLED
            SIO Vtrip: MULTIPLIER_0_5
            SIO Multiplier Index: 0
            SIO RefSel: VCC_IO
            Required Capabilities: DIGITAL, ROUTABLE
            Initial Value: 0
            IO Voltage: 0
        PORT MAP (
            pa_out => SS_3(0)__PA ,
            pin_input => Net_1461 ,
            pad => SS_3(0)_PAD );
        Properties:
        {
        }

    Pin : Name = LED(0)
        Attributes:
            In Group/Port: True
            In Sync Option: AUTO
            Out Sync Option: NOSYNC
            Interrupt generated: False
            Interrupt mode: NONE
            Drive mode: CMOS_OUT
            VTrip: EITHER
            Slew: FAST
            Input Sync needed: False
            Output Sync needed: False
            SC shield enabled: False
            POR State: ANY
            LCD Mode: COMMON
            Register Mode: RegComb
            CaSense Mode: NEITHER
            Treat as pin: True
            Is OE Registered: False
            Uses Analog: False
            Can contain Digital: True
            Is SIO: False
            SIO Output Buf: NONREGULATED
            SIO Input Buf: SINGLE_ENDED
            SIO HiFreq: LOW
            SIO Hyst: DISABLED
            SIO Vtrip: MULTIPLIER_0_5
            SIO Multiplier Index: 0
            SIO RefSel: VCC_IO
            Required Capabilities: DIGITAL
            Initial Value: 0
            IO Voltage: 0
        PORT MAP (
            pa_out => LED(0)__PA ,
            pad => LED(0)_PAD );
        Properties:
        {
        }

    Pin : Name = MISO_2(0)
        Attributes:
            In Group/Port: True
            In Sync Option: NOSYNC
            Out Sync Option: AUTO
            Interrupt generated: False
            Interrupt mode: NONE
            Drive mode: HI_Z_DIGITAL
            VTrip: CMOS
            Slew: FAST
            Input Sync needed: False
            Output Sync needed: False
            SC shield enabled: False
            POR State: ANY
            LCD Mode: COMMON
            Register Mode: RegComb
            CaSense Mode: NEITHER
            Treat as pin: True
            Is OE Registered: False
            Uses Analog: False
            Can contain Digital: True
            Is SIO: False
            SIO Output Buf: NONREGULATED
            SIO Input Buf: SINGLE_ENDED
            SIO HiFreq: LOW
            SIO Hyst: DISABLED
            SIO Vtrip: MULTIPLIER_0_5
            SIO Multiplier Index: 0
            SIO RefSel: VCC_IO
            Required Capabilities: DIGITAL, ROUTABLE
            Initial Value: 0
            IO Voltage: 0
        PORT MAP (
            pa_out => MISO_2(0)__PA ,
            fb => Net_1415 ,
            pad => MISO_2(0)_PAD );
        Properties:
        {
        }

    Pin : Name = MOSI_2(0)
        Attributes:
            In Group/Port: True
            In Sync Option: AUTO
            Out Sync Option: NOSYNC
            Interrupt generated: False
            Interrupt mode: NONE
            Drive mode: CMOS_OUT
            VTrip: EITHER
            Slew: FAST
            Input Sync needed: False
            Output Sync needed: False
            SC shield enabled: False
            POR State: ANY
            LCD Mode: COMMON
            Register Mode: RegComb
            CaSense Mode: NEITHER
            Treat as pin: True
            Is OE Registered: False
            Uses Analog: False
            Can contain Digital: True
            Is SIO: False
            SIO Output Buf: NONREGULATED
            SIO Input Buf: SINGLE_ENDED
            SIO HiFreq: LOW
            SIO Hyst: DISABLED
            SIO Vtrip: MULTIPLIER_0_5
            SIO Multiplier Index: 0
            SIO RefSel: VCC_IO
            Required Capabilities: DIGITAL, ROUTABLE
            Initial Value: 0
            IO Voltage: 0
        PORT MAP (
            pa_out => MOSI_2(0)__PA ,
            pin_input => Net_23 ,
            pad => MOSI_2(0)_PAD );
        Properties:
        {
        }

    Pin : Name = MISO_3(0)
        Attributes:
            In Group/Port: True
            In Sync Option: NOSYNC
            Out Sync Option: AUTO
            Interrupt generated: False
            Interrupt mode: NONE
            Drive mode: HI_Z_DIGITAL
            VTrip: CMOS
            Slew: FAST
            Input Sync needed: False
            Output Sync needed: False
            SC shield enabled: False
            POR State: ANY
            LCD Mode: COMMON
            Register Mode: RegComb
            CaSense Mode: NEITHER
            Treat as pin: True
            Is OE Registered: False
            Uses Analog: False
            Can contain Digital: True
            Is SIO: False
            SIO Output Buf: NONREGULATED
            SIO Input Buf: SINGLE_ENDED
            SIO HiFreq: LOW
            SIO Hyst: DISABLED
            SIO Vtrip: MULTIPLIER_0_5
            SIO Multiplier Index: 0
            SIO RefSel: VCC_IO
            Required Capabilities: DIGITAL, ROUTABLE
            Initial Value: 0
            IO Voltage: 0
        PORT MAP (
            pa_out => MISO_3(0)__PA ,
            fb => Net_1455 ,
            pad => MISO_3(0)_PAD );
        Properties:
        {
        }
    </CYPRESSTAG>
    <CYPRESSTAG name="Macrocell listing" icon="FILE_RPT_EQUATION">

    ------------------------------------------------------------
    Macrocell listing
    ------------------------------------------------------------

    MacroCell: Name=\CapSense:MeasureCH0:cs_addr_win_2\, Mode=(Combinatorial)
        Total # of inputs        : 4
        Total # of product terms : 2
            Clock Enable: True
        Main Equation            : 2 pterms
        (
              !\CapSense:MeasureCH0:zw0\ * \CapSense:MeasureCH0:wndState_2\ * 
              !\CapSense:MeasureCH0:wndState_0\
            + !\CapSense:MeasureCH0:zw1\ * \CapSense:MeasureCH0:wndState_2\ * 
              !\CapSense:MeasureCH0:wndState_0\
        );
        Output = \CapSense:MeasureCH0:cs_addr_win_2\ (fanout=1)

    MacroCell: Name=\CapSense:MeasureCH0:cs_addr_win_1\, Mode=(Combinatorial)
        Total # of inputs        : 4
        Total # of product terms : 1
            Clock Enable: True
        Main Equation            : 1 pterm
        (
              \CapSense:MeasureCH0:zw0\ * !\CapSense:MeasureCH0:zw1\ * 
              \CapSense:MeasureCH0:wndState_2\ * 
              !\CapSense:MeasureCH0:wndState_0\
        );
        Output = \CapSense:MeasureCH0:cs_addr_win_1\ (fanout=1)

    MacroCell: Name=\CapSense:MeasureCH0:cs_addr_win_0\, Mode=(Combinatorial)
        Total # of inputs        : 4
        Total # of product terms : 2
            Clock Enable: True
        Main Equation            : 2 pterms
        (
              !\CapSense:MeasureCH0:zw0\ * \CapSense:MeasureCH0:zw1\ * 
              \CapSense:MeasureCH0:wndState_2\
            + \CapSense:MeasureCH0:wndState_0\
        );
        Output = \CapSense:MeasureCH0:cs_addr_win_0\ (fanout=1)

    MacroCell: Name=\CapSense:MeasureCH0:cs_addr_cnt_2\, Mode=(Combinatorial)
        Total # of inputs        : 5
        Total # of product terms : 2
            Clock Enable: True
        Main Equation            : 2 pterms
        (
              !\CapSense:IdacCH0:Net_123\ * !\CapSense:MeasureCH0:zw0\ * 
              \CapSense:MeasureCH0:wndState_2\ * 
              !\CapSense:MeasureCH0:wndState_0\
            + !\CapSense:IdacCH0:Net_123\ * !\CapSense:MeasureCH0:zw1\ * 
              \CapSense:MeasureCH0:wndState_2\ * 
              !\CapSense:MeasureCH0:wndState_0\
        );
        Output = \CapSense:MeasureCH0:cs_addr_cnt_2\ (fanout=1)

    MacroCell: Name=\CapSense:MeasureCH0:cs_addr_cnt_1\, Mode=(Combinatorial)
        Total # of inputs        : 6
        Total # of product terms : 2
            Clock Enable: True
        Main Equation            : 2 pterms
        (
              !\CapSense:IdacCH0:Net_123\ * !\CapSense:MeasureCH0:zw0\ * 
              \CapSense:MeasureCH0:zc0\ * \CapSense:MeasureCH0:wndState_2\ * 
              !\CapSense:MeasureCH0:wndState_0\
            + !\CapSense:IdacCH0:Net_123\ * !\CapSense:MeasureCH0:zw1\ * 
              \CapSense:MeasureCH0:zc0\ * \CapSense:MeasureCH0:wndState_2\ * 
              !\CapSense:MeasureCH0:wndState_0\
        );
        Output = \CapSense:MeasureCH0:cs_addr_cnt_1\ (fanout=1)

    MacroCell: Name=\CapSense:MeasureCH0:cs_addr_cnt_0\, Mode=(Combinatorial)
        Total # of inputs        : 6
        Total # of product terms : 3
            Clock Enable: True
        Main Equation            : 3 pterms
        (
              !\CapSense:IdacCH0:Net_123\ * !\CapSense:MeasureCH0:zw0\ * 
              \CapSense:MeasureCH0:zc1\ * \CapSense:MeasureCH0:wndState_2\
            + !\CapSense:IdacCH0:Net_123\ * !\CapSense:MeasureCH0:zw1\ * 
              \CapSense:MeasureCH0:zc1\ * \CapSense:MeasureCH0:wndState_2\
            + \CapSense:MeasureCH0:wndState_0\
        );
        Output = \CapSense:MeasureCH0:cs_addr_cnt_0\ (fanout=1)

    MacroCell: Name=\CapSense:PreChargeClk\, Mode=(Combinatorial)
        Total # of inputs        : 3
        Total # of product terms : 2
            Clock Enable: True
        Main Equation            : 2 pterms
        (
              !\CapSense:ClockGen:control_4\ * 
              \CapSense:ClockGen:tmp_ppulse_reg\
            + \CapSense:ClockGen:control_4\ * \CapSense:ClockGen:cmsb_reg\
        );
        Output = \CapSense:PreChargeClk\ (fanout=1)

    MacroCell: Name=\SPIM_2:BSPIM:load_rx_data\, Mode=(Combinatorial)
        Total # of inputs        : 5
        Total # of product terms : 1
            Clock Enable: True
        Main Equation            : 1 pterm
        (
              !\SPIM_2:BSPIM:count_4\ * !\SPIM_2:BSPIM:count_3\ * 
              !\SPIM_2:BSPIM:count_2\ * !\SPIM_2:BSPIM:count_1\ * 
              \SPIM_2:BSPIM:count_0\
        );
        Output = \SPIM_2:BSPIM:load_rx_data\ (fanout=2)

    MacroCell: Name=\SPIM_2:BSPIM:tx_status_0\, Mode=(Combinatorial)
        Total # of inputs        : 3
        Total # of product terms : 1
            Clock Enable: True
        Main Equation            : 1 pterm
        (
              \SPIM_2:BSPIM:state_2\ * !\SPIM_2:BSPIM:state_1\ * 
              \SPIM_2:BSPIM:state_0\
        );
        Output = \SPIM_2:BSPIM:tx_status_0\ (fanout=1)

    MacroCell: Name=\SPIM_2:BSPIM:tx_status_4\, Mode=(Combinatorial)
        Total # of inputs        : 3
        Total # of product terms : 1
            Clock Enable: True
        Main Equation            : 1 pterm
        (
              !\SPIM_2:BSPIM:state_2\ * !\SPIM_2:BSPIM:state_1\ * 
              !\SPIM_2:BSPIM:state_0\
        );
        Output = \SPIM_2:BSPIM:tx_status_4\ (fanout=1)

    MacroCell: Name=\SPIM_2:BSPIM:rx_status_6\, Mode=(Combinatorial)
        Total # of inputs        : 6
        Total # of product terms : 1
            Clock Enable: True
        Main Equation            : 1 pterm
        (
              !\SPIM_2:BSPIM:count_4\ * !\SPIM_2:BSPIM:count_3\ * 
              !\SPIM_2:BSPIM:count_2\ * !\SPIM_2:BSPIM:count_1\ * 
              \SPIM_2:BSPIM:count_0\ * \SPIM_2:BSPIM:rx_status_4\
        );
        Output = \SPIM_2:BSPIM:rx_status_6\ (fanout=1)

    MacroCell: Name=\SPIM_1:BSPIM:load_rx_data\, Mode=(Combinatorial)
        Total # of inputs        : 5
        Total # of product terms : 1
            Clock Enable: True
        Main Equation            : 1 pterm
        (
              !\SPIM_1:BSPIM:count_4\ * !\SPIM_1:BSPIM:count_3\ * 
              !\SPIM_1:BSPIM:count_2\ * !\SPIM_1:BSPIM:count_1\ * 
              \SPIM_1:BSPIM:count_0\
        );
        Output = \SPIM_1:BSPIM:load_rx_data\ (fanout=2)

    MacroCell: Name=\SPIM_1:BSPIM:tx_status_0\, Mode=(Combinatorial)
        Total # of inputs        : 3
        Total # of product terms : 1
            Clock Enable: True
        Main Equation            : 1 pterm
        (
              \SPIM_1:BSPIM:state_2\ * !\SPIM_1:BSPIM:state_1\ * 
              \SPIM_1:BSPIM:state_0\
        );
        Output = \SPIM_1:BSPIM:tx_status_0\ (fanout=1)

    MacroCell: Name=\SPIM_1:BSPIM:tx_status_4\, Mode=(Combinatorial)
        Total # of inputs        : 3
        Total # of product terms : 1
            Clock Enable: True
        Main Equation            : 1 pterm
        (
              !\SPIM_1:BSPIM:state_2\ * !\SPIM_1:BSPIM:state_1\ * 
              !\SPIM_1:BSPIM:state_0\
        );
        Output = \SPIM_1:BSPIM:tx_status_4\ (fanout=1)

    MacroCell: Name=\SPIM_1:BSPIM:rx_status_6\, Mode=(Combinatorial)
        Total # of inputs        : 6
        Total # of product terms : 1
            Clock Enable: True
        Main Equation            : 1 pterm
        (
              !\SPIM_1:BSPIM:count_4\ * !\SPIM_1:BSPIM:count_3\ * 
              !\SPIM_1:BSPIM:count_2\ * !\SPIM_1:BSPIM:count_1\ * 
              \SPIM_1:BSPIM:count_0\ * \SPIM_1:BSPIM:rx_status_4\
        );
        Output = \SPIM_1:BSPIM:rx_status_6\ (fanout=1)

    MacroCell: Name=\SPIM_3:BSPIM:load_rx_data\, Mode=(Combinatorial)
        Total # of inputs        : 5
        Total # of product terms : 1
            Clock Enable: True
        Main Equation            : 1 pterm
        (
              !\SPIM_3:BSPIM:count_4\ * !\SPIM_3:BSPIM:count_3\ * 
              !\SPIM_3:BSPIM:count_2\ * !\SPIM_3:BSPIM:count_1\ * 
              \SPIM_3:BSPIM:count_0\
        );
        Output = \SPIM_3:BSPIM:load_rx_data\ (fanout=2)

    MacroCell: Name=\SPIM_3:BSPIM:tx_status_0\, Mode=(Combinatorial)
        Total # of inputs        : 3
        Total # of product terms : 1
            Clock Enable: True
        Main Equation            : 1 pterm
        (
              \SPIM_3:BSPIM:state_2\ * !\SPIM_3:BSPIM:state_1\ * 
              \SPIM_3:BSPIM:state_0\
        );
        Output = \SPIM_3:BSPIM:tx_status_0\ (fanout=1)

    MacroCell: Name=\SPIM_3:BSPIM:tx_status_4\, Mode=(Combinatorial)
        Total # of inputs        : 3
        Total # of product terms : 1
            Clock Enable: True
        Main Equation            : 1 pterm
        (
              !\SPIM_3:BSPIM:state_2\ * !\SPIM_3:BSPIM:state_1\ * 
              !\SPIM_3:BSPIM:state_0\
        );
        Output = \SPIM_3:BSPIM:tx_status_4\ (fanout=1)

    MacroCell: Name=\SPIM_3:BSPIM:rx_status_6\, Mode=(Combinatorial)
        Total # of inputs        : 6
        Total # of product terms : 1
            Clock Enable: True
        Main Equation            : 1 pterm
        (
              !\SPIM_3:BSPIM:count_4\ * !\SPIM_3:BSPIM:count_3\ * 
              !\SPIM_3:BSPIM:count_2\ * !\SPIM_3:BSPIM:count_1\ * 
              \SPIM_3:BSPIM:count_0\ * \SPIM_3:BSPIM:rx_status_4\
        );
        Output = \SPIM_3:BSPIM:rx_status_6\ (fanout=1)

    MacroCell: Name=Net_415, Mode=(D-Register)
        Total # of inputs        : 4
        Total # of product terms : 2
        List of special equations: 
            Clock  = (\SPIM_2:Net_276\) => Global
            Clock Enable: True
        Main Equation            : 2 pterms
        (
              Net_415 * \SPIM_2:BSPIM:state_1\ * \SPIM_2:BSPIM:state_0\
            + !\SPIM_2:BSPIM:state_2\ * \SPIM_2:BSPIM:state_1\ * 
              \SPIM_2:BSPIM:state_0\
        );
        Output = Net_415 (fanout=2)

    MacroCell: Name=Net_25, Mode=(D-Register)
        Total # of inputs        : 4
        Total # of product terms : 2
        List of special equations: 
            Clock  = (\SPIM_3:Net_276\) => Global
            Clock Enable: True
        Main Equation            : 2 pterms
        (
              Net_25 * \SPIM_3:BSPIM:state_1\ * \SPIM_3:BSPIM:state_0\
            + !\SPIM_3:BSPIM:state_2\ * \SPIM_3:BSPIM:state_1\ * 
              \SPIM_3:BSPIM:state_0\
        );
        Output = Net_25 (fanout=2)

    MacroCell: Name=\CapSense:Net_1603\, Mode=(D-Register)
        Total # of inputs        : 9
        Total # of product terms : 2
        List of special equations: 
            Clock  = (\CapSense:clk\) => Global
            Clock Enable: True
        Main Equation            : 2 pterms
        (
              \CapSense:MeasureCH0:zw0\ * \CapSense:MeasureCH0:zw1\ * 
              !\CapSense:mrst\ * \CapSense:MeasureCH0:wndState_2\ * 
              !\CapSense:MeasureCH0:wndState_1\ * 
              !\CapSense:MeasureCH0:wndState_0\ * !\CapSense:Net_1603\
            + !\CapSense:mrst\ * !\CapSense:MeasureCH0:wndState_2\ * 
              !\CapSense:MeasureCH0:wndState_1\ * 
              !\CapSense:MeasureCH0:wndState_0\ * \CapSense:Net_1603\ * 
              \CapSense:ClockGen:control_2\ * \CapSense:ClockGen:cstate_2\
        );
        Output = \CapSense:Net_1603\ (fanout=5)

    MacroCell: Name=\CapSense:MeasureCH0:wndState_2\, Mode=(D-Register)
        Total # of inputs        : 6
        Total # of product terms : 1
        List of special equations: 
            Clock  = (\CapSense:clk\) => Global
            Clock Enable: True
        Main Equation            : 1 pterm
        (
              \CapSense:DigitalClk\ * !\CapSense:mrst\ * 
              !\CapSense:MeasureCH0:wndState_2\ * 
              \CapSense:MeasureCH0:wndState_1\ * 
              !\CapSense:MeasureCH0:wndState_0\ * !\CapSense:Net_1603\
        );
        Output = \CapSense:MeasureCH0:wndState_2\ (fanout=10)

    MacroCell: Name=\CapSense:MeasureCH0:wndState_1\, Mode=(D-Register)
        Total # of inputs        : 8
        Total # of product terms : 4
        List of special equations: 
            Clock  = (\CapSense:clk\) => Global
            Clock Enable: True
        Main Equation            : 4 pterms
        (
              !\CapSense:DigitalClk\ * !\CapSense:mrst\ * 
              !\CapSense:MeasureCH0:wndState_2\ * 
              \CapSense:MeasureCH0:wndState_1\ * 
              !\CapSense:MeasureCH0:wndState_0\ * !\CapSense:Net_1603\
            + !\CapSense:MeasureCH0:zw0\ * !\CapSense:mrst\ * 
              \CapSense:MeasureCH0:wndState_2\ * 
              !\CapSense:MeasureCH0:wndState_1\ * 
              !\CapSense:MeasureCH0:wndState_0\ * !\CapSense:Net_1603\
            + !\CapSense:MeasureCH0:zw1\ * !\CapSense:mrst\ * 
              \CapSense:MeasureCH0:wndState_2\ * 
              !\CapSense:MeasureCH0:wndState_1\ * 
              !\CapSense:MeasureCH0:wndState_0\ * !\CapSense:Net_1603\
            + !\CapSense:mrst\ * !\CapSense:MeasureCH0:wndState_2\ * 
              !\CapSense:MeasureCH0:wndState_1\ * 
              \CapSense:MeasureCH0:wndState_0\ * !\CapSense:Net_1603\
        );
        Output = \CapSense:MeasureCH0:wndState_1\ (fanout=4)

    MacroCell: Name=\CapSense:MeasureCH0:wndState_0\, Mode=(D-Register)
        Total # of inputs        : 7
        Total # of product terms : 1
        List of special equations: 
            Clock  = (\CapSense:clk\) => Global
            Clock Enable: True
        Main Equation            : 1 pterm
        (
              !\CapSense:mrst\ * !\CapSense:MeasureCH0:wndState_2\ * 
              !\CapSense:MeasureCH0:wndState_1\ * 
              !\CapSense:MeasureCH0:wndState_0\ * !\CapSense:Net_1603\ * 
              \CapSense:ClockGen:control_2\ * \CapSense:ClockGen:cstate_2\
        );
        Output = \CapSense:MeasureCH0:wndState_0\ (fanout=10)

    MacroCell: Name=\CapSense:ClockGen:clock_detect_reg\, Mode=(D-Register)
        Total # of inputs        : 2
        Total # of product terms : 1
        List of special equations: 
            Clock  = (\CapSense:clk\) => Global
            Clock Enable: True
        Main Equation            : 1 pterm
        (
              \CapSense:ClockGen:tmp_ppulse_reg\ * 
              !\CapSense:ClockGen:tmp_ppulse_dly\
        );
        Output = \CapSense:ClockGen:clock_detect_reg\ (fanout=2)

    MacroCell: Name=\CapSense:ClockGen:tmp_ppulse_reg\, Mode=(D-Register)
        Total # of inputs        : 2
        Total # of product terms : 1
        List of special equations: 
            Clock  = (\CapSense:clk\) => Global
            Clock Enable: True
        Main Equation            : 1 pterm
        !(
              !\CapSense:ClockGen:ppulse_equal\ * 
              !\CapSense:ClockGen:ppulse_less\
        );
        Output = \CapSense:ClockGen:tmp_ppulse_reg\ (fanout=3)

    MacroCell: Name=\CapSense:ClockGen:tmp_ppulse_dly\, Mode=(D-Register)
        Total # of inputs        : 1
        Total # of product terms : 1
        List of special equations: 
            Clock  = (\CapSense:clk\) => Global
            Clock Enable: True
        Main Equation            : 1 pterm
        (
              \CapSense:ClockGen:tmp_ppulse_reg\
        );
        Output = \CapSense:ClockGen:tmp_ppulse_dly\ (fanout=1)

    MacroCell: Name=\CapSense:ClockGen:cstate_2\, Mode=(D-Register)
        Total # of inputs        : 5
        Total # of product terms : 2
        List of special equations: 
            Clock  = (\CapSense:clk\) => Global
            Clock Enable: True
        Main Equation            : 2 pterms
        (
              !\CapSense:mrst\ * \CapSense:ClockGen:control_0\ * 
              !\CapSense:ClockGen:inter_reset\ * \CapSense:ClockGen:cstate_2\
            + \CapSense:mrst\ * \CapSense:ClockGen:control_1\ * 
              !\CapSense:ClockGen:inter_reset\ * 
              !\CapSense:ClockGen:cstate_2\
        );
        Output = \CapSense:ClockGen:cstate_2\ (fanout=5)

    MacroCell: Name=\CapSense:mrst\, Mode=(D-Register)
        Total # of inputs        : 4
        Total # of product terms : 2
        List of special equations: 
            Clock  = (\CapSense:clk\) => Global
            Clock Enable: True
        Main Equation            : 2 pterms
        (
              !\CapSense:mrst\ * \CapSense:ClockGen:inter_reset\ * 
              !\CapSense:ClockGen:cstate_2\
            + \CapSense:mrst\ * !\CapSense:ClockGen:control_1\ * 
              !\CapSense:ClockGen:inter_reset\ * 
              !\CapSense:ClockGen:cstate_2\
        );
        Output = \CapSense:mrst\ (fanout=7)

    MacroCell: Name=\CapSense:ClockGen:inter_reset\, Mode=(D-Register)
        Total # of inputs        : 4
        Total # of product terms : 1
        List of special equations: 
            Clock  = (\CapSense:clk\) => Global
            Clock Enable: True
        Main Equation            : 1 pterm
        (
              !\CapSense:mrst\ * \CapSense:ClockGen:control_0\ * 
              !\CapSense:ClockGen:inter_reset\ * 
              !\CapSense:ClockGen:cstate_2\
        );
        Output = \CapSense:ClockGen:inter_reset\ (fanout=7)

    MacroCell: Name=Net_1042, Mode=(D-Register)
        Total # of inputs        : 11
        Total # of product terms : 7
        List of special equations: 
            Clock  = (\SPIM_2:Net_276\) => Global
            Clock Enable: True
        Main Equation            : 7 pterms
        !(
              !Net_1042 * !\SPIM_2:BSPIM:state_2\ * \SPIM_2:BSPIM:state_0\
            + !\SPIM_2:BSPIM:state_2\ * !\SPIM_2:BSPIM:state_1\ * 
              !\SPIM_2:BSPIM:state_0\
            + !\SPIM_2:BSPIM:state_2\ * !\SPIM_2:BSPIM:state_0\ * 
              !\SPIM_2:BSPIM:count_4\ * !\SPIM_2:BSPIM:count_3\ * 
              !\SPIM_2:BSPIM:count_2\ * \SPIM_2:BSPIM:count_1\ * 
              !\SPIM_2:BSPIM:count_0\ * !\SPIM_2:BSPIM:ld_ident\
            + \SPIM_2:BSPIM:state_2\ * !\SPIM_2:BSPIM:state_1\ * 
              \SPIM_2:BSPIM:state_0\
            + \SPIM_2:BSPIM:state_2\ * \SPIM_2:BSPIM:state_1\ * 
              !\SPIM_2:BSPIM:state_0\
            + \SPIM_2:BSPIM:state_2\ * !\SPIM_2:BSPIM:mosi_from_dp\
            + !\SPIM_2:BSPIM:state_0\ * !\SPIM_2:BSPIM:mosi_from_dp\
        );
        Output = Net_1042 (fanout=2)

    MacroCell: Name=\SPIM_2:BSPIM:state_2\, Mode=(D-Register)
        Total # of inputs        : 10
        Total # of product terms : 3
        List of special equations: 
            Clock  = (\SPIM_2:Net_276\) => Global
            Clock Enable: True
        Main Equation            : 3 pterms
        (
              !\SPIM_2:BSPIM:state_2\ * !\SPIM_2:BSPIM:state_1\ * 
              \SPIM_2:BSPIM:state_0\
            + !\SPIM_2:BSPIM:state_2\ * \SPIM_2:BSPIM:state_1\ * 
              !\SPIM_2:BSPIM:state_0\ * !\SPIM_2:BSPIM:count_4\ * 
              !\SPIM_2:BSPIM:count_3\ * !\SPIM_2:BSPIM:count_2\ * 
              \SPIM_2:BSPIM:count_1\ * !\SPIM_2:BSPIM:count_0\ * 
              !\SPIM_2:BSPIM:ld_ident\
            + !\SPIM_2:BSPIM:state_2\ * \SPIM_2:BSPIM:state_0\ * 
              !\SPIM_2:BSPIM:count_4\ * !\SPIM_2:BSPIM:count_3\ * 
              \SPIM_2:BSPIM:count_2\ * !\SPIM_2:BSPIM:count_1\ * 
              \SPIM_2:BSPIM:count_0\ * !\SPIM_2:BSPIM:tx_status_1\
        );
        Output = \SPIM_2:BSPIM:state_2\ (fanout=12)

    MacroCell: Name=\SPIM_2:BSPIM:state_1\, Mode=(T-Register)
        Total # of inputs        : 10
        Total # of product terms : 4
        List of special equations: 
            Clock  = (\SPIM_2:Net_276\) => Global
            Clock Enable: True
        Main Equation            : 4 pterms
        (
              !\SPIM_2:BSPIM:state_2\ * !\SPIM_2:BSPIM:state_1\ * 
              \SPIM_2:BSPIM:state_0\
            + !\SPIM_2:BSPIM:state_2\ * \SPIM_2:BSPIM:state_0\ * 
              !\SPIM_2:BSPIM:count_4\ * !\SPIM_2:BSPIM:count_3\ * 
              \SPIM_2:BSPIM:count_2\ * !\SPIM_2:BSPIM:count_1\ * 
              \SPIM_2:BSPIM:count_0\ * !\SPIM_2:BSPIM:tx_status_1\
            + \SPIM_2:BSPIM:state_2\ * !\SPIM_2:BSPIM:state_0\
            + \SPIM_2:BSPIM:state_1\ * !\SPIM_2:BSPIM:state_0\ * 
              !\SPIM_2:BSPIM:count_4\ * !\SPIM_2:BSPIM:count_3\ * 
              !\SPIM_2:BSPIM:count_2\ * \SPIM_2:BSPIM:count_1\ * 
              !\SPIM_2:BSPIM:count_0\ * !\SPIM_2:BSPIM:ld_ident\
        );
        Output = \SPIM_2:BSPIM:state_1\ (fanout=12)

    MacroCell: Name=\SPIM_2:BSPIM:state_0\, Mode=(T-Register)
        Total # of inputs        : 4
        Total # of product terms : 3
        List of special equations: 
            Clock  = (\SPIM_2:Net_276\) => Global
            Clock Enable: True
        Main Equation            : 3 pterms
        (
              !\SPIM_2:BSPIM:state_2\ * \SPIM_2:BSPIM:state_1\
            + \SPIM_2:BSPIM:state_2\ * !\SPIM_2:BSPIM:state_1\
            + !\SPIM_2:BSPIM:state_1\ * !\SPIM_2:BSPIM:state_0\ * 
              !\SPIM_2:BSPIM:tx_status_1\
        );
        Output = \SPIM_2:BSPIM:state_0\ (fanout=12)

    MacroCell: Name=Net_437, Mode=(D-Register)
        Total # of inputs        : 4
        Total # of product terms : 4
        List of special equations: 
            Clock  = (\SPIM_2:Net_276\) => Global
            Clock Enable: True
        Main Equation            : 4 pterms
        !(
              !\SPIM_2:BSPIM:state_2\ * !\SPIM_2:BSPIM:state_1\ * 
              \SPIM_2:BSPIM:state_0\
            + !\SPIM_2:BSPIM:state_2\ * \SPIM_2:BSPIM:state_1\ * !Net_437
            + \SPIM_2:BSPIM:state_2\ * !\SPIM_2:BSPIM:state_1\ * 
              !\SPIM_2:BSPIM:state_0\ * !Net_437
            + \SPIM_2:BSPIM:state_1\ * \SPIM_2:BSPIM:state_0\ * !Net_437
        );
        Output = Net_437 (fanout=2)

    MacroCell: Name=\SPIM_2:BSPIM:load_cond\, Mode=(T-Register)
        Total # of inputs        : 9
        Total # of product terms : 4
        List of special equations: 
            Clock  = (\SPIM_2:Net_276\) => Global
            Clock Enable: True
        Main Equation            : 4 pterms
        (
              !\SPIM_2:BSPIM:state_2\ * !\SPIM_2:BSPIM:count_4\ * 
              !\SPIM_2:BSPIM:count_3\ * !\SPIM_2:BSPIM:count_2\ * 
              !\SPIM_2:BSPIM:count_1\ * !\SPIM_2:BSPIM:count_0\ * 
              \SPIM_2:BSPIM:load_cond\
            + \SPIM_2:BSPIM:state_2\ * !\SPIM_2:BSPIM:state_1\ * 
              !\SPIM_2:BSPIM:state_0\ * !\SPIM_2:BSPIM:load_cond\
            + \SPIM_2:BSPIM:state_1\ * !\SPIM_2:BSPIM:count_4\ * 
              !\SPIM_2:BSPIM:count_3\ * !\SPIM_2:BSPIM:count_2\ * 
              !\SPIM_2:BSPIM:count_1\ * !\SPIM_2:BSPIM:count_0\ * 
              \SPIM_2:BSPIM:load_cond\
            + \SPIM_2:BSPIM:state_0\ * !\SPIM_2:BSPIM:count_4\ * 
              !\SPIM_2:BSPIM:count_3\ * !\SPIM_2:BSPIM:count_2\ * 
              !\SPIM_2:BSPIM:count_1\ * !\SPIM_2:BSPIM:count_0\ * 
              \SPIM_2:BSPIM:load_cond\
        );
        Output = \SPIM_2:BSPIM:load_cond\ (fanout=1)

    MacroCell: Name=\SPIM_2:BSPIM:ld_ident\, Mode=(T-Register)
        Total # of inputs        : 9
        Total # of product terms : 3
        List of special equations: 
            Clock  = (\SPIM_2:Net_276\) => Global
            Clock Enable: True
        Main Equation            : 3 pterms
        (
              \SPIM_2:BSPIM:state_2\ * !\SPIM_2:BSPIM:state_1\ * 
              !\SPIM_2:BSPIM:state_0\ * !\SPIM_2:BSPIM:ld_ident\
            + \SPIM_2:BSPIM:state_2\ * \SPIM_2:BSPIM:state_1\ * 
              !\SPIM_2:BSPIM:state_0\ * \SPIM_2:BSPIM:ld_ident\
            + \SPIM_2:BSPIM:state_1\ * !\SPIM_2:BSPIM:state_0\ * 
              !\SPIM_2:BSPIM:count_4\ * !\SPIM_2:BSPIM:count_3\ * 
              !\SPIM_2:BSPIM:count_2\ * \SPIM_2:BSPIM:count_1\ * 
              !\SPIM_2:BSPIM:count_0\ * \SPIM_2:BSPIM:ld_ident\
        );
        Output = \SPIM_2:BSPIM:ld_ident\ (fanout=4)

    MacroCell: Name=\SPIM_2:BSPIM:cnt_enable\, Mode=(T-Register)
        Total # of inputs        : 4
        Total # of product terms : 4
        List of special equations: 
            Clock  = (\SPIM_2:Net_276\) => Global
            Clock Enable: True
        Main Equation            : 4 pterms
        (
              !\SPIM_2:BSPIM:state_2\ * !\SPIM_2:BSPIM:state_1\ * 
              !\SPIM_2:BSPIM:state_0\ * \SPIM_2:BSPIM:cnt_enable\
            + !\SPIM_2:BSPIM:state_2\ * \SPIM_2:BSPIM:state_1\ * 
              \SPIM_2:BSPIM:state_0\ * !\SPIM_2:BSPIM:cnt_enable\
            + \SPIM_2:BSPIM:state_2\ * !\SPIM_2:BSPIM:state_1\ * 
              \SPIM_2:BSPIM:state_0\ * \SPIM_2:BSPIM:cnt_enable\
            + \SPIM_2:BSPIM:state_2\ * \SPIM_2:BSPIM:state_1\ * 
              !\SPIM_2:BSPIM:state_0\ * \SPIM_2:BSPIM:cnt_enable\
        );
        Output = \SPIM_2:BSPIM:cnt_enable\ (fanout=2)

    MacroCell: Name=Net_1421, Mode=(D-Register)
        Total # of inputs        : 4
        Total # of product terms : 4
        List of special equations: 
            Clock  = (\SPIM_1:Net_276\) => Global
            Clock Enable: True
        Main Equation            : 4 pterms
        !(
              !Net_1421 * !\SPIM_1:BSPIM:state_2\ * \SPIM_1:BSPIM:state_1\
            + !Net_1421 * \SPIM_1:BSPIM:state_2\ * !\SPIM_1:BSPIM:state_1\ * 
              !\SPIM_1:BSPIM:state_0\
            + !Net_1421 * \SPIM_1:BSPIM:state_1\ * \SPIM_1:BSPIM:state_0\
            + !\SPIM_1:BSPIM:state_2\ * !\SPIM_1:BSPIM:state_1\ * 
              \SPIM_1:BSPIM:state_0\
        );
        Output = Net_1421 (fanout=2)

    MacroCell: Name=Net_23, Mode=(D-Register)
        Total # of inputs        : 11
        Total # of product terms : 7
        List of special equations: 
            Clock  = (\SPIM_1:Net_276\) => Global
            Clock Enable: True
        Main Equation            : 7 pterms
        !(
              !Net_23 * !\SPIM_1:BSPIM:state_2\ * \SPIM_1:BSPIM:state_0\
            + !\SPIM_1:BSPIM:state_2\ * !\SPIM_1:BSPIM:state_1\ * 
              !\SPIM_1:BSPIM:state_0\
            + !\SPIM_1:BSPIM:state_2\ * !\SPIM_1:BSPIM:state_0\ * 
              !\SPIM_1:BSPIM:count_4\ * !\SPIM_1:BSPIM:count_3\ * 
              !\SPIM_1:BSPIM:count_2\ * \SPIM_1:BSPIM:count_1\ * 
              !\SPIM_1:BSPIM:count_0\ * !\SPIM_1:BSPIM:ld_ident\
            + \SPIM_1:BSPIM:state_2\ * !\SPIM_1:BSPIM:state_1\ * 
              \SPIM_1:BSPIM:state_0\
            + \SPIM_1:BSPIM:state_2\ * \SPIM_1:BSPIM:state_1\ * 
              !\SPIM_1:BSPIM:state_0\
            + \SPIM_1:BSPIM:state_2\ * !\SPIM_1:BSPIM:mosi_from_dp\
            + !\SPIM_1:BSPIM:state_0\ * !\SPIM_1:BSPIM:mosi_from_dp\
        );
        Output = Net_23 (fanout=2)

    MacroCell: Name=\SPIM_1:BSPIM:state_2\, Mode=(D-Register)
        Total # of inputs        : 10
        Total # of product terms : 3
        List of special equations: 
            Clock  = (\SPIM_1:Net_276\) => Global
            Clock Enable: True
        Main Equation            : 3 pterms
        (
              !\SPIM_1:BSPIM:state_2\ * !\SPIM_1:BSPIM:state_1\ * 
              \SPIM_1:BSPIM:state_0\
            + !\SPIM_1:BSPIM:state_2\ * \SPIM_1:BSPIM:state_1\ * 
              !\SPIM_1:BSPIM:state_0\ * !\SPIM_1:BSPIM:count_4\ * 
              !\SPIM_1:BSPIM:count_3\ * !\SPIM_1:BSPIM:count_2\ * 
              \SPIM_1:BSPIM:count_1\ * !\SPIM_1:BSPIM:count_0\ * 
              !\SPIM_1:BSPIM:ld_ident\
            + !\SPIM_1:BSPIM:state_2\ * \SPIM_1:BSPIM:state_0\ * 
              !\SPIM_1:BSPIM:count_4\ * !\SPIM_1:BSPIM:count_3\ * 
              \SPIM_1:BSPIM:count_2\ * !\SPIM_1:BSPIM:count_1\ * 
              \SPIM_1:BSPIM:count_0\ * !\SPIM_1:BSPIM:tx_status_1\
        );
        Output = \SPIM_1:BSPIM:state_2\ (fanout=12)

    MacroCell: Name=\SPIM_1:BSPIM:state_1\, Mode=(T-Register)
        Total # of inputs        : 10
        Total # of product terms : 4
        List of special equations: 
            Clock  = (\SPIM_1:Net_276\) => Global
            Clock Enable: True
        Main Equation            : 4 pterms
        (
              !\SPIM_1:BSPIM:state_2\ * !\SPIM_1:BSPIM:state_1\ * 
              \SPIM_1:BSPIM:state_0\
            + !\SPIM_1:BSPIM:state_2\ * \SPIM_1:BSPIM:state_0\ * 
              !\SPIM_1:BSPIM:count_4\ * !\SPIM_1:BSPIM:count_3\ * 
              \SPIM_1:BSPIM:count_2\ * !\SPIM_1:BSPIM:count_1\ * 
              \SPIM_1:BSPIM:count_0\ * !\SPIM_1:BSPIM:tx_status_1\
            + \SPIM_1:BSPIM:state_2\ * !\SPIM_1:BSPIM:state_0\
            + \SPIM_1:BSPIM:state_1\ * !\SPIM_1:BSPIM:state_0\ * 
              !\SPIM_1:BSPIM:count_4\ * !\SPIM_1:BSPIM:count_3\ * 
              !\SPIM_1:BSPIM:count_2\ * \SPIM_1:BSPIM:count_1\ * 
              !\SPIM_1:BSPIM:count_0\ * !\SPIM_1:BSPIM:ld_ident\
        );
        Output = \SPIM_1:BSPIM:state_1\ (fanout=12)

    MacroCell: Name=\SPIM_1:BSPIM:state_0\, Mode=(T-Register)
        Total # of inputs        : 4
        Total # of product terms : 3
        List of special equations: 
            Clock  = (\SPIM_1:Net_276\) => Global
            Clock Enable: True
        Main Equation            : 3 pterms
        (
              !\SPIM_1:BSPIM:state_2\ * \SPIM_1:BSPIM:state_1\
            + \SPIM_1:BSPIM:state_2\ * !\SPIM_1:BSPIM:state_1\
            + !\SPIM_1:BSPIM:state_1\ * !\SPIM_1:BSPIM:state_0\ * 
              !\SPIM_1:BSPIM:tx_status_1\
        );
        Output = \SPIM_1:BSPIM:state_0\ (fanout=12)

    MacroCell: Name=\SPIM_1:BSPIM:load_cond\, Mode=(T-Register)
        Total # of inputs        : 9
        Total # of product terms : 4
        List of special equations: 
            Clock  = (\SPIM_1:Net_276\) => Global
            Clock Enable: True
        Main Equation            : 4 pterms
        (
              !\SPIM_1:BSPIM:state_2\ * !\SPIM_1:BSPIM:count_4\ * 
              !\SPIM_1:BSPIM:count_3\ * !\SPIM_1:BSPIM:count_2\ * 
              !\SPIM_1:BSPIM:count_1\ * !\SPIM_1:BSPIM:count_0\ * 
              \SPIM_1:BSPIM:load_cond\
            + \SPIM_1:BSPIM:state_2\ * !\SPIM_1:BSPIM:state_1\ * 
              !\SPIM_1:BSPIM:state_0\ * !\SPIM_1:BSPIM:load_cond\
            + \SPIM_1:BSPIM:state_1\ * !\SPIM_1:BSPIM:count_4\ * 
              !\SPIM_1:BSPIM:count_3\ * !\SPIM_1:BSPIM:count_2\ * 
              !\SPIM_1:BSPIM:count_1\ * !\SPIM_1:BSPIM:count_0\ * 
              \SPIM_1:BSPIM:load_cond\
            + \SPIM_1:BSPIM:state_0\ * !\SPIM_1:BSPIM:count_4\ * 
              !\SPIM_1:BSPIM:count_3\ * !\SPIM_1:BSPIM:count_2\ * 
              !\SPIM_1:BSPIM:count_1\ * !\SPIM_1:BSPIM:count_0\ * 
              \SPIM_1:BSPIM:load_cond\
        );
        Output = \SPIM_1:BSPIM:load_cond\ (fanout=1)

    MacroCell: Name=\SPIM_1:BSPIM:ld_ident\, Mode=(T-Register)
        Total # of inputs        : 9
        Total # of product terms : 3
        List of special equations: 
            Clock  = (\SPIM_1:Net_276\) => Global
            Clock Enable: True
        Main Equation            : 3 pterms
        (
              \SPIM_1:BSPIM:state_2\ * !\SPIM_1:BSPIM:state_1\ * 
              !\SPIM_1:BSPIM:state_0\ * !\SPIM_1:BSPIM:ld_ident\
            + \SPIM_1:BSPIM:state_2\ * \SPIM_1:BSPIM:state_1\ * 
              !\SPIM_1:BSPIM:state_0\ * \SPIM_1:BSPIM:ld_ident\
            + \SPIM_1:BSPIM:state_1\ * !\SPIM_1:BSPIM:state_0\ * 
              !\SPIM_1:BSPIM:count_4\ * !\SPIM_1:BSPIM:count_3\ * 
              !\SPIM_1:BSPIM:count_2\ * \SPIM_1:BSPIM:count_1\ * 
              !\SPIM_1:BSPIM:count_0\ * \SPIM_1:BSPIM:ld_ident\
        );
        Output = \SPIM_1:BSPIM:ld_ident\ (fanout=4)

    MacroCell: Name=\SPIM_1:BSPIM:cnt_enable\, Mode=(T-Register)
        Total # of inputs        : 4
        Total # of product terms : 4
        List of special equations: 
            Clock  = (\SPIM_1:Net_276\) => Global
            Clock Enable: True
        Main Equation            : 4 pterms
        (
              !\SPIM_1:BSPIM:state_2\ * !\SPIM_1:BSPIM:state_1\ * 
              !\SPIM_1:BSPIM:state_0\ * \SPIM_1:BSPIM:cnt_enable\
            + !\SPIM_1:BSPIM:state_2\ * \SPIM_1:BSPIM:state_1\ * 
              \SPIM_1:BSPIM:state_0\ * !\SPIM_1:BSPIM:cnt_enable\
            + \SPIM_1:BSPIM:state_2\ * !\SPIM_1:BSPIM:state_1\ * 
              \SPIM_1:BSPIM:state_0\ * \SPIM_1:BSPIM:cnt_enable\
            + \SPIM_1:BSPIM:state_2\ * \SPIM_1:BSPIM:state_1\ * 
              !\SPIM_1:BSPIM:state_0\ * \SPIM_1:BSPIM:cnt_enable\
        );
        Output = \SPIM_1:BSPIM:cnt_enable\ (fanout=2)

    MacroCell: Name=Net_1416, Mode=(D-Register)
        Total # of inputs        : 4
        Total # of product terms : 2
        List of special equations: 
            Clock  = (\SPIM_1:Net_276\) => Global
            Clock Enable: True
        Main Equation            : 2 pterms
        (
              !\SPIM_1:BSPIM:state_2\ * \SPIM_1:BSPIM:state_1\ * 
              \SPIM_1:BSPIM:state_0\
            + \SPIM_1:BSPIM:state_1\ * \SPIM_1:BSPIM:state_0\ * Net_1416
        );
        Output = Net_1416 (fanout=2)

    MacroCell: Name=Net_1461, Mode=(D-Register)
        Total # of inputs        : 4
        Total # of product terms : 4
        List of special equations: 
            Clock  = (\SPIM_3:Net_276\) => Global
            Clock Enable: True
        Main Equation            : 4 pterms
        !(
              !Net_1461 * !\SPIM_3:BSPIM:state_2\ * \SPIM_3:BSPIM:state_1\
            + !Net_1461 * \SPIM_3:BSPIM:state_2\ * !\SPIM_3:BSPIM:state_1\ * 
              !\SPIM_3:BSPIM:state_0\
            + !Net_1461 * \SPIM_3:BSPIM:state_1\ * \SPIM_3:BSPIM:state_0\
            + !\SPIM_3:BSPIM:state_2\ * !\SPIM_3:BSPIM:state_1\ * 
              \SPIM_3:BSPIM:state_0\
        );
        Output = Net_1461 (fanout=2)

    MacroCell: Name=Net_1456, Mode=(D-Register)
        Total # of inputs        : 11
        Total # of product terms : 7
        List of special equations: 
            Clock  = (\SPIM_3:Net_276\) => Global
            Clock Enable: True
        Main Equation            : 7 pterms
        !(
              !Net_1456 * !\SPIM_3:BSPIM:state_2\ * \SPIM_3:BSPIM:state_0\
            + !\SPIM_3:BSPIM:state_2\ * !\SPIM_3:BSPIM:state_1\ * 
              !\SPIM_3:BSPIM:state_0\
            + !\SPIM_3:BSPIM:state_2\ * !\SPIM_3:BSPIM:state_0\ * 
              !\SPIM_3:BSPIM:count_4\ * !\SPIM_3:BSPIM:count_3\ * 
              !\SPIM_3:BSPIM:count_2\ * \SPIM_3:BSPIM:count_1\ * 
              !\SPIM_3:BSPIM:count_0\ * !\SPIM_3:BSPIM:ld_ident\
            + \SPIM_3:BSPIM:state_2\ * !\SPIM_3:BSPIM:state_1\ * 
              \SPIM_3:BSPIM:state_0\
            + \SPIM_3:BSPIM:state_2\ * \SPIM_3:BSPIM:state_1\ * 
              !\SPIM_3:BSPIM:state_0\
            + \SPIM_3:BSPIM:state_2\ * !\SPIM_3:BSPIM:mosi_from_dp\
            + !\SPIM_3:BSPIM:state_0\ * !\SPIM_3:BSPIM:mosi_from_dp\
        );
        Output = Net_1456 (fanout=2)

    MacroCell: Name=\SPIM_3:BSPIM:state_2\, Mode=(D-Register)
        Total # of inputs        : 10
        Total # of product terms : 3
        List of special equations: 
            Clock  = (\SPIM_3:Net_276\) => Global
            Clock Enable: True
        Main Equation            : 3 pterms
        (
              !\SPIM_3:BSPIM:state_2\ * !\SPIM_3:BSPIM:state_1\ * 
              \SPIM_3:BSPIM:state_0\
            + !\SPIM_3:BSPIM:state_2\ * \SPIM_3:BSPIM:state_1\ * 
              !\SPIM_3:BSPIM:state_0\ * !\SPIM_3:BSPIM:count_4\ * 
              !\SPIM_3:BSPIM:count_3\ * !\SPIM_3:BSPIM:count_2\ * 
              \SPIM_3:BSPIM:count_1\ * !\SPIM_3:BSPIM:count_0\ * 
              !\SPIM_3:BSPIM:ld_ident\
            + !\SPIM_3:BSPIM:state_2\ * \SPIM_3:BSPIM:state_0\ * 
              !\SPIM_3:BSPIM:count_4\ * !\SPIM_3:BSPIM:count_3\ * 
              \SPIM_3:BSPIM:count_2\ * !\SPIM_3:BSPIM:count_1\ * 
              \SPIM_3:BSPIM:count_0\ * !\SPIM_3:BSPIM:tx_status_1\
        );
        Output = \SPIM_3:BSPIM:state_2\ (fanout=12)

    MacroCell: Name=\SPIM_3:BSPIM:state_1\, Mode=(T-Register)
        Total # of inputs        : 10
        Total # of product terms : 4
        List of special equations: 
            Clock  = (\SPIM_3:Net_276\) => Global
            Clock Enable: True
        Main Equation            : 4 pterms
        (
              !\SPIM_3:BSPIM:state_2\ * !\SPIM_3:BSPIM:state_1\ * 
              \SPIM_3:BSPIM:state_0\
            + !\SPIM_3:BSPIM:state_2\ * \SPIM_3:BSPIM:state_0\ * 
              !\SPIM_3:BSPIM:count_4\ * !\SPIM_3:BSPIM:count_3\ * 
              \SPIM_3:BSPIM:count_2\ * !\SPIM_3:BSPIM:count_1\ * 
              \SPIM_3:BSPIM:count_0\ * !\SPIM_3:BSPIM:tx_status_1\
            + \SPIM_3:BSPIM:state_2\ * !\SPIM_3:BSPIM:state_0\
            + \SPIM_3:BSPIM:state_1\ * !\SPIM_3:BSPIM:state_0\ * 
              !\SPIM_3:BSPIM:count_4\ * !\SPIM_3:BSPIM:count_3\ * 
              !\SPIM_3:BSPIM:count_2\ * \SPIM_3:BSPIM:count_1\ * 
              !\SPIM_3:BSPIM:count_0\ * !\SPIM_3:BSPIM:ld_ident\
        );
        Output = \SPIM_3:BSPIM:state_1\ (fanout=12)

    MacroCell: Name=\SPIM_3:BSPIM:state_0\, Mode=(T-Register)
        Total # of inputs        : 4
        Total # of product terms : 3
        List of special equations: 
            Clock  = (\SPIM_3:Net_276\) => Global
            Clock Enable: True
        Main Equation            : 3 pterms
        (
              !\SPIM_3:BSPIM:state_2\ * \SPIM_3:BSPIM:state_1\
            + \SPIM_3:BSPIM:state_2\ * !\SPIM_3:BSPIM:state_1\
            + !\SPIM_3:BSPIM:state_1\ * !\SPIM_3:BSPIM:state_0\ * 
              !\SPIM_3:BSPIM:tx_status_1\
        );
        Output = \SPIM_3:BSPIM:state_0\ (fanout=12)

    MacroCell: Name=\SPIM_3:BSPIM:load_cond\, Mode=(T-Register)
        Total # of inputs        : 9
        Total # of product terms : 4
        List of special equations: 
            Clock  = (\SPIM_3:Net_276\) => Global
            Clock Enable: True
        Main Equation            : 4 pterms
        (
              !\SPIM_3:BSPIM:state_2\ * !\SPIM_3:BSPIM:count_4\ * 
              !\SPIM_3:BSPIM:count_3\ * !\SPIM_3:BSPIM:count_2\ * 
              !\SPIM_3:BSPIM:count_1\ * !\SPIM_3:BSPIM:count_0\ * 
              \SPIM_3:BSPIM:load_cond\
            + \SPIM_3:BSPIM:state_2\ * !\SPIM_3:BSPIM:state_1\ * 
              !\SPIM_3:BSPIM:state_0\ * !\SPIM_3:BSPIM:load_cond\
            + \SPIM_3:BSPIM:state_1\ * !\SPIM_3:BSPIM:count_4\ * 
              !\SPIM_3:BSPIM:count_3\ * !\SPIM_3:BSPIM:count_2\ * 
              !\SPIM_3:BSPIM:count_1\ * !\SPIM_3:BSPIM:count_0\ * 
              \SPIM_3:BSPIM:load_cond\
            + \SPIM_3:BSPIM:state_0\ * !\SPIM_3:BSPIM:count_4\ * 
              !\SPIM_3:BSPIM:count_3\ * !\SPIM_3:BSPIM:count_2\ * 
              !\SPIM_3:BSPIM:count_1\ * !\SPIM_3:BSPIM:count_0\ * 
              \SPIM_3:BSPIM:load_cond\
        );
        Output = \SPIM_3:BSPIM:load_cond\ (fanout=1)

    MacroCell: Name=\SPIM_3:BSPIM:ld_ident\, Mode=(T-Register)
        Total # of inputs        : 9
        Total # of product terms : 3
        List of special equations: 
            Clock  = (\SPIM_3:Net_276\) => Global
            Clock Enable: True
        Main Equation            : 3 pterms
        (
              \SPIM_3:BSPIM:state_2\ * !\SPIM_3:BSPIM:state_1\ * 
              !\SPIM_3:BSPIM:state_0\ * !\SPIM_3:BSPIM:ld_ident\
            + \SPIM_3:BSPIM:state_2\ * \SPIM_3:BSPIM:state_1\ * 
              !\SPIM_3:BSPIM:state_0\ * \SPIM_3:BSPIM:ld_ident\
            + \SPIM_3:BSPIM:state_1\ * !\SPIM_3:BSPIM:state_0\ * 
              !\SPIM_3:BSPIM:count_4\ * !\SPIM_3:BSPIM:count_3\ * 
              !\SPIM_3:BSPIM:count_2\ * \SPIM_3:BSPIM:count_1\ * 
              !\SPIM_3:BSPIM:count_0\ * \SPIM_3:BSPIM:ld_ident\
        );
        Output = \SPIM_3:BSPIM:ld_ident\ (fanout=4)

    MacroCell: Name=\SPIM_3:BSPIM:cnt_enable\, Mode=(T-Register)
        Total # of inputs        : 4
        Total # of product terms : 4
        List of special equations: 
            Clock  = (\SPIM_3:Net_276\) => Global
            Clock Enable: True
        Main Equation            : 4 pterms
        (
              !\SPIM_3:BSPIM:state_2\ * !\SPIM_3:BSPIM:state_1\ * 
              !\SPIM_3:BSPIM:state_0\ * \SPIM_3:BSPIM:cnt_enable\
            + !\SPIM_3:BSPIM:state_2\ * \SPIM_3:BSPIM:state_1\ * 
              \SPIM_3:BSPIM:state_0\ * !\SPIM_3:BSPIM:cnt_enable\
            + \SPIM_3:BSPIM:state_2\ * !\SPIM_3:BSPIM:state_1\ * 
              \SPIM_3:BSPIM:state_0\ * \SPIM_3:BSPIM:cnt_enable\
            + \SPIM_3:BSPIM:state_2\ * \SPIM_3:BSPIM:state_1\ * 
              !\SPIM_3:BSPIM:state_0\ * \SPIM_3:BSPIM:cnt_enable\
        );
        Output = \SPIM_3:BSPIM:cnt_enable\ (fanout=2)
    </CYPRESSTAG>
    <CYPRESSTAG name="Datapath listing">

    ------------------------------------------------------------
    Datapath listing
    ------------------------------------------------------------

    datapathcell: Name =\CapSense:MeasureCH0:UDB:Window:u0\
        PORT MAP (
            clock => \CapSense:clk\ ,
            cs_addr_2 => \CapSense:MeasureCH0:cs_addr_win_2\ ,
            cs_addr_1 => \CapSense:MeasureCH0:cs_addr_win_1\ ,
            cs_addr_0 => \CapSense:MeasureCH0:cs_addr_win_0\ ,
            z0_comb => \CapSense:MeasureCH0:zw0\ ,
            z1_comb => \CapSense:MeasureCH0:zw1\ );
        Properties:
        {
            a0_init = "11111111"
            a1_init = "11111111"
            ce0_sync = 1
            ce1_sync = 1
            cl0_sync = 1
            cl1_sync = 1
            cmsb_sync = 1
            co_msb_sync = 1
            cy_dpconfig = "0000110000000000000011001111000000001100000000000000110000000000010011000100000001001100010000000101100010010000000011000000000000000000000000000000000000000000000000000000000000000000000000000000000000000000"
            d0_init = "11111111"
            d1_init = "00000000"
            f0_blk_sync = 1
            f0_bus_sync = 1
            f1_blk_sync = 1
            f1_bus_sync = 1
            ff0_sync = 1
            ff1_sync = 1
            ov_msb_sync = 1
            so_sync = 1
            z0_sync = 1
            z1_sync = 1
        }
        Clock Polarity: Active High
        Clock Enable: True

    datapathcell: Name =\CapSense:MeasureCH0:UDB:Counter:u0\
        PORT MAP (
            clock => \CapSense:clk\ ,
            cs_addr_2 => \CapSense:MeasureCH0:cs_addr_cnt_2\ ,
            cs_addr_1 => \CapSense:MeasureCH0:cs_addr_cnt_1\ ,
            cs_addr_0 => \CapSense:MeasureCH0:cs_addr_cnt_0\ ,
            z0_comb => \CapSense:MeasureCH0:zc0\ ,
            z1_comb => \CapSense:MeasureCH0:zc1\ );
        Properties:
        {
            a0_init = "11111111"
            a1_init = "11111111"
            ce0_sync = 1
            ce1_sync = 1
            cl0_sync = 1
            cl1_sync = 1
            cmsb_sync = 1
            co_msb_sync = 1
            cy_dpconfig = "0000110000000000000011001111000000001100000000000000110000000000010011000100000001001100010000000101100010010000000011000000000000000000000000000000000000000000000000000000000000000000000000000000000000000000"
            d0_init = "11111111"
            d1_init = "00000000"
            f0_blk_sync = 1
            f0_bus_sync = 1
            f1_blk_sync = 1
            f1_bus_sync = 1
            ff0_sync = 1
            ff1_sync = 1
            ov_msb_sync = 1
            so_sync = 1
            z0_sync = 1
            z1_sync = 1
        }
        Clock Polarity: Active High
        Clock Enable: True

    datapathcell: Name =\CapSense:ClockGen:UDB:PrescalerDp:u0\
        PORT MAP (
            clock => \CapSense:clk\ ,
            cs_addr_1 => \CapSense:ClockGen:cs_addr_1\ ,
            cs_addr_0 => \CapSense:ClockGen:inter_reset\ ,
            z0_comb => \CapSense:ClockGen:cs_addr_1\ ,
            ce1_comb => \CapSense:ClockGen:ppulse_equal\ ,
            cl1_comb => \CapSense:ClockGen:ppulse_less\ );
        Properties:
        {
            a0_init = "11111111"
            a1_init = "00000000"
            ce0_sync = 1
            ce1_sync = 1
            cl0_sync = 1
            cl1_sync = 1
            cmsb_sync = 1
            co_msb_sync = 1
            cy_dpconfig = "0100000001000000000000001000000000000000100000000000000010000000000000000000000000000000000000000000000000000000000000000000000011111111000000001111111111111111001000000000001000000101000000000001000000000000"
            d0_init = "00000000"
            d1_init = "00000000"
            f0_blk_sync = 1
            f0_bus_sync = 1
            f1_blk_sync = 1
            f1_bus_sync = 1
            ff0_sync = 1
            ff1_sync = 1
            ov_msb_sync = 1
            so_sync = 1
            z0_sync = 1
            z1_sync = 1
        }
        Clock Polarity: Active High
        Clock Enable: True

    datapathcell: Name =\CapSense:ClockGen:sC16:PRSdp:u0\
        PORT MAP (
            clock => \CapSense:clk\ ,
            cs_addr_2 => \CapSense:ClockGen:inter_reset\ ,
            cs_addr_0 => \CapSense:ClockGen:clock_detect_reg\ ,
            chain_out => \CapSense:ClockGen:sC16:PRSdp:carry\ );
        Properties:
        {
            a0_init = "00000000"
            a1_init = "00000000"
            ce0_sync = 1
            ce1_sync = 1
            cl0_sync = 1
            cl1_sync = 1
            cmsb_sync = 1
            co_msb_sync = 1
            cy_dpconfig = "0000000000000000101000010100100000000000000000000000000000000000000000001111000000000000111100000000000011110000000000001111000011111111000000001111111111111111000011000000001000000000111110000000000000000000"
            d0_init = "00000000"
            d1_init = "00000000"
            f0_blk_sync = 1
            f0_bus_sync = 1
            f1_blk_sync = 1
            f1_bus_sync = 1
            ff0_sync = 1
            ff1_sync = 1
            ov_msb_sync = 1
            so_sync = 1
            z0_sync = 1
            z1_sync = 1
        }
        Clock Polarity: Active High
        Clock Enable: True
        Next in chain : \CapSense:ClockGen:sC16:PRSdp:u1\

    datapathcell: Name =\CapSense:ClockGen:sC16:PRSdp:u1\
        PORT MAP (
            clock => \CapSense:clk\ ,
            cs_addr_2 => \CapSense:ClockGen:inter_reset\ ,
            cs_addr_0 => \CapSense:ClockGen:clock_detect_reg\ ,
            cmsb_reg => \CapSense:ClockGen:cmsb_reg\ ,
            chain_in => \CapSense:ClockGen:sC16:PRSdp:carry\ );
        Properties:
        {
            a0_init = "00000000"
            a1_init = "00000000"
            ce0_sync = 1
            ce1_sync = 1
            cl0_sync = 1
            cl1_sync = 1
            cmsb_sync = 1
            co_msb_sync = 1
            cy_dpconfig = "0000000000000000101000010100100000000000000000000000000000000000000000001111000000000000111100000000000011110000000000001111000011111111000000001111111111111111000011000000001100000000111101000000000000000000"
            d0_init = "00000000"
            d1_init = "00000000"
            f0_blk_sync = 1
            f0_bus_sync = 1
            f1_blk_sync = 1
            f1_bus_sync = 1
            ff0_sync = 1
            ff1_sync = 1
            ov_msb_sync = 1
            so_sync = 1
            z0_sync = 1
            z1_sync = 1
        }
        Clock Polarity: Active High
        Clock Enable: True
        Previous in chain : \CapSense:ClockGen:sC16:PRSdp:u0\

    datapathcell: Name =\SPIM_2:BSPIM:sR8:Dp:u0\
        PORT MAP (
            clock => \SPIM_2:Net_276\ ,
            cs_addr_2 => \SPIM_2:BSPIM:state_2\ ,
            cs_addr_1 => \SPIM_2:BSPIM:state_1\ ,
            cs_addr_0 => \SPIM_2:BSPIM:state_0\ ,
            route_si => Net_19 ,
            f1_load => \SPIM_2:BSPIM:load_rx_data\ ,
            so_comb => \SPIM_2:BSPIM:mosi_from_dp\ ,
            f0_bus_stat_comb => \SPIM_2:BSPIM:tx_status_2\ ,
            f0_blk_stat_comb => \SPIM_2:BSPIM:tx_status_1\ ,
            f1_bus_stat_comb => \SPIM_2:BSPIM:rx_status_5\ ,
            f1_blk_stat_comb => \SPIM_2:BSPIM:rx_status_4\ );
        Properties:
        {
            a0_init = "00000000"
            a1_init = "00000000"
            ce0_sync = 1
            ce1_sync = 1
            cl0_sync = 1
            cl1_sync = 1
            cmsb_sync = 1
            co_msb_sync = 1
            cy_dpconfig = "0000000000000000000000001100000000000001010000000001000100010000000000011100000000010001000000000000000101000000000000010100000011111111000000001111111111111111000000000010001000001000111100000000000000000100"
            d0_init = "00000000"
            d1_init = "00000000"
            f0_blk_sync = 1
            f0_bus_sync = 1
            f1_blk_sync = 1
            f1_bus_sync = 1
            ff0_sync = 1
            ff1_sync = 1
            ov_msb_sync = 1
            so_sync = 1
            z0_sync = 1
            z1_sync = 1
        }
        Clock Polarity: Active High
        Clock Enable: True

    datapathcell: Name =\SPIM_1:BSPIM:sR8:Dp:u0\
        PORT MAP (
            clock => \SPIM_1:Net_276\ ,
            cs_addr_2 => \SPIM_1:BSPIM:state_2\ ,
            cs_addr_1 => \SPIM_1:BSPIM:state_1\ ,
            cs_addr_0 => \SPIM_1:BSPIM:state_0\ ,
            route_si => Net_1415 ,
            f1_load => \SPIM_1:BSPIM:load_rx_data\ ,
            so_comb => \SPIM_1:BSPIM:mosi_from_dp\ ,
            f0_bus_stat_comb => \SPIM_1:BSPIM:tx_status_2\ ,
            f0_blk_stat_comb => \SPIM_1:BSPIM:tx_status_1\ ,
            f1_bus_stat_comb => \SPIM_1:BSPIM:rx_status_5\ ,
            f1_blk_stat_comb => \SPIM_1:BSPIM:rx_status_4\ );
        Properties:
        {
            a0_init = "00000000"
            a1_init = "00000000"
            ce0_sync = 1
            ce1_sync = 1
            cl0_sync = 1
            cl1_sync = 1
            cmsb_sync = 1
            co_msb_sync = 1
            cy_dpconfig = "0000000000000000000000001100000000000001010000000001000100010000000000011100000000010001000000000000000101000000000000010100000011111111000000001111111111111111000000000010001000001000111100000000000000000100"
            d0_init = "00000000"
            d1_init = "00000000"
            f0_blk_sync = 1
            f0_bus_sync = 1
            f1_blk_sync = 1
            f1_bus_sync = 1
            ff0_sync = 1
            ff1_sync = 1
            ov_msb_sync = 1
            so_sync = 1
            z0_sync = 1
            z1_sync = 1
        }
        Clock Polarity: Active High
        Clock Enable: True

    datapathcell: Name =\SPIM_3:BSPIM:sR8:Dp:u0\
        PORT MAP (
            clock => \SPIM_3:Net_276\ ,
            cs_addr_2 => \SPIM_3:BSPIM:state_2\ ,
            cs_addr_1 => \SPIM_3:BSPIM:state_1\ ,
            cs_addr_0 => \SPIM_3:BSPIM:state_0\ ,
            route_si => Net_1455 ,
            f1_load => \SPIM_3:BSPIM:load_rx_data\ ,
            so_comb => \SPIM_3:BSPIM:mosi_from_dp\ ,
            f0_bus_stat_comb => \SPIM_3:BSPIM:tx_status_2\ ,
            f0_blk_stat_comb => \SPIM_3:BSPIM:tx_status_1\ ,
            f1_bus_stat_comb => \SPIM_3:BSPIM:rx_status_5\ ,
            f1_blk_stat_comb => \SPIM_3:BSPIM:rx_status_4\ );
        Properties:
        {
            a0_init = "00000000"
            a1_init = "00000000"
            ce0_sync = 1
            ce1_sync = 1
            cl0_sync = 1
            cl1_sync = 1
            cmsb_sync = 1
            co_msb_sync = 1
            cy_dpconfig = "0000000000000000000000001100000000000001010000000001000100010000000000011100000000010001000000000000000101000000000000010100000011111111000000001111111111111111000000000010001000001000111100000000000000000100"
            d0_init = "00000000"
            d1_init = "00000000"
            f0_blk_sync = 1
            f0_bus_sync = 1
            f1_blk_sync = 1
            f1_bus_sync = 1
            ff0_sync = 1
            ff1_sync = 1
            ov_msb_sync = 1
            so_sync = 1
            z0_sync = 1
            z1_sync = 1
        }
        Clock Polarity: Active High
        Clock Enable: True
    </CYPRESSTAG>
    <CYPRESSTAG name="Status register listing">
    </CYPRESSTAG>
    <CYPRESSTAG name="StatusI register listing">

    ------------------------------------------------------------
    StatusI register listing
    ------------------------------------------------------------

    statusicell: Name =\SPIM_2:BSPIM:TxStsReg\
        PORT MAP (
            clock => \SPIM_2:Net_276\ ,
            status_4 => \SPIM_2:BSPIM:tx_status_4\ ,
            status_3 => \SPIM_2:BSPIM:load_rx_data\ ,
            status_2 => \SPIM_2:BSPIM:tx_status_2\ ,
            status_1 => \SPIM_2:BSPIM:tx_status_1\ ,
            status_0 => \SPIM_2:BSPIM:tx_status_0\ );
        Properties:
        {
            cy_force_order = 1
            cy_int_mask = "0000000"
            cy_md_select = "0001001"
        }
        Clock Polarity: Active High
        Clock Enable: True

    statusicell: Name =\SPIM_2:BSPIM:RxStsReg\
        PORT MAP (
            clock => \SPIM_2:Net_276\ ,
            status_6 => \SPIM_2:BSPIM:rx_status_6\ ,
            status_5 => \SPIM_2:BSPIM:rx_status_5\ ,
            status_4 => \SPIM_2:BSPIM:rx_status_4\ );
        Properties:
        {
            cy_force_order = 1
            cy_int_mask = "0000000"
            cy_md_select = "1000000"
        }
        Clock Polarity: Active High
        Clock Enable: True

    statusicell: Name =\SPIM_1:BSPIM:TxStsReg\
        PORT MAP (
            clock => \SPIM_1:Net_276\ ,
            status_4 => \SPIM_1:BSPIM:tx_status_4\ ,
            status_3 => \SPIM_1:BSPIM:load_rx_data\ ,
            status_2 => \SPIM_1:BSPIM:tx_status_2\ ,
            status_1 => \SPIM_1:BSPIM:tx_status_1\ ,
            status_0 => \SPIM_1:BSPIM:tx_status_0\ );
        Properties:
        {
            cy_force_order = 1
            cy_int_mask = "0000000"
            cy_md_select = "0001001"
        }
        Clock Polarity: Active High
        Clock Enable: True

    statusicell: Name =\SPIM_1:BSPIM:RxStsReg\
        PORT MAP (
            clock => \SPIM_1:Net_276\ ,
            status_6 => \SPIM_1:BSPIM:rx_status_6\ ,
            status_5 => \SPIM_1:BSPIM:rx_status_5\ ,
            status_4 => \SPIM_1:BSPIM:rx_status_4\ );
        Properties:
        {
            cy_force_order = 1
            cy_int_mask = "0000000"
            cy_md_select = "1000000"
        }
        Clock Polarity: Active High
        Clock Enable: True

    statusicell: Name =\SPIM_3:BSPIM:TxStsReg\
        PORT MAP (
            clock => \SPIM_3:Net_276\ ,
            status_4 => \SPIM_3:BSPIM:tx_status_4\ ,
            status_3 => \SPIM_3:BSPIM:load_rx_data\ ,
            status_2 => \SPIM_3:BSPIM:tx_status_2\ ,
            status_1 => \SPIM_3:BSPIM:tx_status_1\ ,
            status_0 => \SPIM_3:BSPIM:tx_status_0\ ,
            interrupt => Net_1462 );
        Properties:
        {
            cy_force_order = 1
            cy_int_mask = "0000000"
            cy_md_select = "0001001"
        }
        Clock Polarity: Active High
        Clock Enable: True

    statusicell: Name =\SPIM_3:BSPIM:RxStsReg\
        PORT MAP (
            clock => \SPIM_3:Net_276\ ,
            status_6 => \SPIM_3:BSPIM:rx_status_6\ ,
            status_5 => \SPIM_3:BSPIM:rx_status_5\ ,
            status_4 => \SPIM_3:BSPIM:rx_status_4\ ,
            interrupt => Net_1459 );
        Properties:
        {
            cy_force_order = 1
            cy_int_mask = "0000000"
            cy_md_select = "1000000"
        }
        Clock Polarity: Active High
        Clock Enable: True
    </CYPRESSTAG>
    <CYPRESSTAG name="Sync listing">

    ------------------------------------------------------------
    Sync listing
    ------------------------------------------------------------

    synccell: Name =\CapSense:MeasureCH0:genblk1:SyncCMPR\
        PORT MAP (
            clock => \CapSense:clk\ ,
            in => \CapSense:Cmp_CH0\ ,
            out => \CapSense:IdacCH0:Net_123\ ,
            clk_en => \CapSense:DigitalClk\ );
        Clock Polarity: Active High
        Clock Enable: PosEdge(\CapSense:DigitalClk\)
    </CYPRESSTAG>
    <CYPRESSTAG name="Control register listing">

    ------------------------------------------------------------
    Control register listing
    ------------------------------------------------------------

    controlcell: Name =\CapSense:ClockGen:SyncCtrl:CtrlReg\
        PORT MAP (
            clock => \CapSense:clk\ ,
            control_7 => \CapSense:ClockGen:control_7\ ,
            control_6 => \CapSense:ClockGen:control_6\ ,
            control_5 => \CapSense:ClockGen:control_5\ ,
            control_4 => \CapSense:ClockGen:control_4\ ,
            control_3 => \CapSense:ClockGen:control_3\ ,
            control_2 => \CapSense:ClockGen:control_2\ ,
            control_1 => \CapSense:ClockGen:control_1\ ,
            control_0 => \CapSense:ClockGen:control_0\ );
        Properties:
        {
            cy_ctrl_mode_0 = "11111111"
            cy_ctrl_mode_1 = "00000000"
            cy_ext_reset = 0
            cy_force_order = 1
            cy_init_value = "00000000"
        }
        Clock Polarity: Active High
        Clock Enable: True
    </CYPRESSTAG>
    <CYPRESSTAG name="Count7 listing">

    ------------------------------------------------------------
    Count7 listing
    ------------------------------------------------------------

    count7cell: Name =\CapSense:ClockGen:ScanSpeed\
        PORT MAP (
            clock => \CapSense:clk\ ,
            reset => \CapSense:ClockGen:inter_reset\ ,
            tc => \CapSense:DigitalClk\ );
        Properties:
        {
            cy_alt_mode = 0
            cy_init_value = "0000000"
            cy_period = "0011111"
            cy_route_en = 0
            cy_route_ld = 0
        }
        Clock Polarity: Active High
        Clock Enable: True

    count7cell: Name =\SPIM_2:BSPIM:BitCounter\
        PORT MAP (
            clock => \SPIM_2:Net_276\ ,
            enable => \SPIM_2:BSPIM:cnt_enable\ ,
            count_6 => \SPIM_2:BSPIM:count_6\ ,
            count_5 => \SPIM_2:BSPIM:count_5\ ,
            count_4 => \SPIM_2:BSPIM:count_4\ ,
            count_3 => \SPIM_2:BSPIM:count_3\ ,
            count_2 => \SPIM_2:BSPIM:count_2\ ,
            count_1 => \SPIM_2:BSPIM:count_1\ ,
            count_0 => \SPIM_2:BSPIM:count_0\ ,
            tc => \SPIM_2:BSPIM:cnt_tc\ );
        Properties:
        {
            cy_alt_mode = 0
            cy_init_value = "0000000"
            cy_period = "0001111"
            cy_route_en = 1
            cy_route_ld = 0
        }
        Clock Polarity: Active High
        Clock Enable: True

    count7cell: Name =\SPIM_1:BSPIM:BitCounter\
        PORT MAP (
            clock => \SPIM_1:Net_276\ ,
            enable => \SPIM_1:BSPIM:cnt_enable\ ,
            count_6 => \SPIM_1:BSPIM:count_6\ ,
            count_5 => \SPIM_1:BSPIM:count_5\ ,
            count_4 => \SPIM_1:BSPIM:count_4\ ,
            count_3 => \SPIM_1:BSPIM:count_3\ ,
            count_2 => \SPIM_1:BSPIM:count_2\ ,
            count_1 => \SPIM_1:BSPIM:count_1\ ,
            count_0 => \SPIM_1:BSPIM:count_0\ ,
            tc => \SPIM_1:BSPIM:cnt_tc\ );
        Properties:
        {
            cy_alt_mode = 0
            cy_init_value = "0000000"
            cy_period = "0001111"
            cy_route_en = 1
            cy_route_ld = 0
        }
        Clock Polarity: Active High
        Clock Enable: True

    count7cell: Name =\SPIM_3:BSPIM:BitCounter\
        PORT MAP (
            clock => \SPIM_3:Net_276\ ,
            enable => \SPIM_3:BSPIM:cnt_enable\ ,
            count_6 => \SPIM_3:BSPIM:count_6\ ,
            count_5 => \SPIM_3:BSPIM:count_5\ ,
            count_4 => \SPIM_3:BSPIM:count_4\ ,
            count_3 => \SPIM_3:BSPIM:count_3\ ,
            count_2 => \SPIM_3:BSPIM:count_2\ ,
            count_1 => \SPIM_3:BSPIM:count_1\ ,
            count_0 => \SPIM_3:BSPIM:count_0\ ,
            tc => \SPIM_3:BSPIM:cnt_tc\ );
        Properties:
        {
            cy_alt_mode = 0
            cy_init_value = "0000000"
            cy_period = "0001111"
            cy_route_en = 1
            cy_route_ld = 0
        }
        Clock Polarity: Active High
        Clock Enable: True
    </CYPRESSTAG>
    <CYPRESSTAG name="DRQ listing">
    </CYPRESSTAG>
    <CYPRESSTAG name="Interrupt listing">

    ------------------------------------------------------------
    Interrupt listing
    ------------------------------------------------------------

    interrupt: Name =\CapSense:IsrCH0\
        PORT MAP (
            interrupt => \CapSense:Net_1603\ );
        Properties:
        {
            int_type = "00"
            is_nmi = 0
        }

    interrupt: Name =\SPIM_3:RxInternalInterrupt\
        PORT MAP (
            interrupt => Net_1459 );
        Properties:
        {
            int_type = "10"
            is_nmi = 0
        }

    interrupt: Name =\SPIM_3:TxInternalInterrupt\
        PORT MAP (
            interrupt => Net_1462 );
        Properties:
        {
            int_type = "10"
            is_nmi = 0
        }
    </CYPRESSTAG>
</CYPRESSTAG>
<CYPRESSTAG name="Technology mapping summary" expanded>

------------------------------------------------------------
Technology mapping summary
------------------------------------------------------------

Resource Type                 : Used : Free :  Max :  % Used
============================================================
Digital Clocks                :    4 :    4 :    8 : 50.00 %
Analog Clocks                 :    0 :    4 :    4 :  0.00 %
CapSense Buffers              :    1 :    1 :    2 : 50.00 %
Digital Filter Block          :    0 :    1 :    1 :  0.00 %
Interrupts                    :    3 :   29 :   32 :  9.38 %
IO                            :   26 :   46 :   72 : 36.11 %
Segment LCD                   :    0 :    1 :    1 :  0.00 %
CAN 2.0b                      :    0 :    1 :    1 :  0.00 %
I2C                           :    0 :    1 :    1 :  0.00 %
USB                           :    0 :    1 :    1 :  0.00 %
DMA Channels                  :    0 :   24 :   24 :  0.00 %
Timer                         :    0 :    4 :    4 :  0.00 %
UDB                           :      :      :      :        
  Macrocells                  :   56 :  136 :  192 : 29.17 %
  Unique P-terms              :  128 :  256 :  384 : 33.33 %
  Total P-terms               :  144 :      :      :        
  Datapath Cells              :    8 :   16 :   24 : 33.33 %
  Status Cells                :   10 :   14 :   24 : 41.67 %
    StatusI Registers         :    6 :      :      :        
    Sync Cells (x1)           :    1 :      :      :        
    Routed Count7 Load/Enable :    3 :      :      :        
  Control Cells               :    5 :   19 :   24 : 20.83 %
    Control Registers         :    1 :      :      :        
    Count7 Cells              :    4 :      :      :        
Opamp                         :    0 :    4 :    4 :  0.00 %
Comparator                    :    1 :    3 :    4 : 25.00 %
Delta-Sigma ADC               :    0 :    1 :    1 :  0.00 %
LPF                           :    0 :    2 :    2 :  0.00 %
SAR ADC                       :    0 :    2 :    2 :  0.00 %
Analog (SC/CT) Blocks         :    0 :    4 :    4 :  0.00 %
DAC                           :      :      :      :        
  VIDAC                       :    1 :    3 :    4 : 25.00 %
</CYPRESSTAG>
Technology Mapping: Elapsed time ==> 0s.189ms
Tech Mapping phase: Elapsed time ==> 0s.234ms
</CYPRESSTAG>
<CYPRESSTAG name="Analog Placement">
Initial Analog Placement Results:
IO_1@[IOP=(5)][IoId=(1)] : LED(0) (fixed)
IO_6@[IOP=(5)][IoId=(6)] : MISO_1(0) (fixed)
IO_6@[IOP=(1)][IoId=(6)] : MISO_2(0) (fixed)
IO_2@[IOP=(0)][IoId=(2)] : MISO_3(0) (fixed)
IO_7@[IOP=(5)][IoId=(7)] : MOSI_1(0) (fixed)
IO_7@[IOP=(1)][IoId=(7)] : MOSI_2(0) (fixed)
IO_2@[IOP=(4)][IoId=(2)] : MOSI_3(0) (fixed)
IO_4@[IOP=(5)][IoId=(4)] : SCLK_1(0) (fixed)
IO_4@[IOP=(1)][IoId=(4)] : SCLK_2(0) (fixed)
IO_7@[IOP=(0)][IoId=(7)] : SCLK_3(0) (fixed)
IO_5@[IOP=(5)][IoId=(5)] : SS_1(0) (fixed)
IO_5@[IOP=(1)][IoId=(5)] : SS_2(0) (fixed)
IO_6@[IOP=(0)][IoId=(6)] : SS_3(0) (fixed)
IO_4@[IOP=(15)][IoId=(4)] : \CapSense:CmodCH0(0)\ (fixed)
IO_7@[IOP=(2)][IoId=(7)] : \CapSense:PortCH0(0)\ (fixed)
IO_6@[IOP=(2)][IoId=(6)] : \CapSense:PortCH0(1)\ (fixed)
IO_5@[IOP=(2)][IoId=(5)] : \CapSense:PortCH0(2)\ (fixed)
IO_4@[IOP=(2)][IoId=(4)] : \CapSense:PortCH0(3)\ (fixed)
IO_3@[IOP=(2)][IoId=(3)] : \CapSense:PortCH0(4)\ (fixed)
IO_4@[IOP=(6)][IoId=(4)] : \CapSense:PortCH0(5)\ (fixed)
IO_5@[IOP=(6)][IoId=(5)] : \CapSense:PortCH0(6)\ (fixed)
IO_6@[IOP=(6)][IoId=(6)] : \CapSense:PortCH0(7)\ (fixed)
IO_7@[IOP=(6)][IoId=(7)] : \CapSense:PortCH0(8)\ (fixed)
IO_0@[IOP=(2)][IoId=(0)] : \CapSense:PortCH0(9)\ (fixed)
CsAbuf[0]@[FFB(CsAbuf,0)] : \CapSense:BufCH0\
Comparator[3]@[FFB(Comparator,3)] : \CapSense:CompCH0:ctComp\
VIDAC[0]@[FFB(VIDAC,0)] : \CapSense:IdacCH0:viDAC8\
Vref[3]@[FFB(Vref,3)] : \CapSense:VrefRefCH0\
Log: apr.M0058: The analog placement iterative improvement is 57% done. (App=cydsfit)
Log: apr.M0058: The analog placement iterative improvement is 94% done. (App=cydsfit)
Analog Placement Results:
IO_1@[IOP=(5)][IoId=(1)] : LED(0) (fixed)
IO_6@[IOP=(5)][IoId=(6)] : MISO_1(0) (fixed)
IO_6@[IOP=(1)][IoId=(6)] : MISO_2(0) (fixed)
IO_2@[IOP=(0)][IoId=(2)] : MISO_3(0) (fixed)
IO_7@[IOP=(5)][IoId=(7)] : MOSI_1(0) (fixed)
IO_7@[IOP=(1)][IoId=(7)] : MOSI_2(0) (fixed)
IO_2@[IOP=(4)][IoId=(2)] : MOSI_3(0) (fixed)
IO_4@[IOP=(5)][IoId=(4)] : SCLK_1(0) (fixed)
IO_4@[IOP=(1)][IoId=(4)] : SCLK_2(0) (fixed)
IO_7@[IOP=(0)][IoId=(7)] : SCLK_3(0) (fixed)
IO_5@[IOP=(5)][IoId=(5)] : SS_1(0) (fixed)
IO_5@[IOP=(1)][IoId=(5)] : SS_2(0) (fixed)
IO_6@[IOP=(0)][IoId=(6)] : SS_3(0) (fixed)
IO_4@[IOP=(15)][IoId=(4)] : \CapSense:CmodCH0(0)\ (fixed)
IO_7@[IOP=(2)][IoId=(7)] : \CapSense:PortCH0(0)\ (fixed)
IO_6@[IOP=(2)][IoId=(6)] : \CapSense:PortCH0(1)\ (fixed)
IO_5@[IOP=(2)][IoId=(5)] : \CapSense:PortCH0(2)\ (fixed)
IO_4@[IOP=(2)][IoId=(4)] : \CapSense:PortCH0(3)\ (fixed)
IO_3@[IOP=(2)][IoId=(3)] : \CapSense:PortCH0(4)\ (fixed)
IO_4@[IOP=(6)][IoId=(4)] : \CapSense:PortCH0(5)\ (fixed)
IO_5@[IOP=(6)][IoId=(5)] : \CapSense:PortCH0(6)\ (fixed)
IO_6@[IOP=(6)][IoId=(6)] : \CapSense:PortCH0(7)\ (fixed)
IO_7@[IOP=(6)][IoId=(7)] : \CapSense:PortCH0(8)\ (fixed)
IO_0@[IOP=(2)][IoId=(0)] : \CapSense:PortCH0(9)\ (fixed)
CsAbuf[0]@[FFB(CsAbuf,0)] : \CapSense:BufCH0\
Comparator[2]@[FFB(Comparator,2)] : \CapSense:CompCH0:ctComp\
VIDAC[2]@[FFB(VIDAC,2)] : \CapSense:IdacCH0:viDAC8\
Vref[3]@[FFB(Vref,3)] : \CapSense:VrefRefCH0\

Analog Placement phase: Elapsed time ==> 2s.300ms
</CYPRESSTAG>
<CYPRESSTAG name="Analog Routing">
Analog Routing phase: Elapsed time ==> 0s.006ms
</CYPRESSTAG>
<CYPRESSTAG name="Analog Code Generation">
============ Analog Final Answer Routes ============
Dump of CyAnalogRoutingResultsDB
Map of net to items {
  Net: \CapSense:Net_2072\ {
    amuxbusl
  }
  Net: \CapSense:Net_1410_0\ {
    p2_7
  }
  Net: \CapSense:Net_1410_1\ {
    p2_6
  }
  Net: \CapSense:Net_1410_2\ {
    p2_5
  }
  Net: \CapSense:Net_1410_3\ {
    p2_4
  }
  Net: \CapSense:Net_1410_4\ {
    p2_3
  }
  Net: \CapSense:Net_1410_5\ {
    p6_4
  }
  Net: \CapSense:Net_1410_6\ {
    p6_5
  }
  Net: \CapSense:Net_1410_7\ {
    p6_6
  }
  Net: \CapSense:Net_1410_8\ {
    p6_7
  }
  Net: \CapSense:Net_1410_9\ {
    p2_0
  }
  Net: \CapSense:Net_1917\ {
    p15_4
    agl0_x_p15_4
    agl0
    agl0_x_capsense_0_vin
    capsense_0_vin
  }
  Net: \CapSense:Net_282\ {
    comp_2_vplus
  }
  Net: \CapSense:Net_1425\ {
    vidac_2_iout
  }
  Net: Net_296 {
    common_vref_1024
    capsense_0_vref_1024
    capsense_0_vref_x_capsense_0_vref_1024
    capsense_0_vref
    comp_02_vref_1024
    comp_02_vref_1024_x_comp_2_vminus
    comp_2_vminus
  }
  Net: \CapSense:IdacCH0:Net_124\ {
  }
  Net: AmuxNet::\CapSense:AMuxCH0\ {
    amuxbusl
    amuxbusl_x_comp_2_vplus
    amuxbusl_x_p2_3
    amuxbusl_x_p6_4
    amuxbusl_x_p2_4
    amuxbusl_x_p2_5
    amuxbusl_x_p2_6
    amuxbusl_x_p2_7
    amuxbusl_x_p6_5
    amuxbusl_x_p6_7
    amuxbusl_x_p6_6
    amuxbusl_x_vidac_2_iout
    amuxbusl_x_p2_0
    amuxbusl_x_p15_4
    comp_2_vplus
    p2_3
    p6_4
    p2_4
    p2_5
    p2_6
    p2_7
    p6_5
    p6_7
    p6_6
    vidac_2_iout
    p2_0
    p15_4
  }
}
Map of item to net {
  p15_4                                            -> \CapSense:Net_1917\
  agl0_x_p15_4                                     -> \CapSense:Net_1917\
  agl0                                             -> \CapSense:Net_1917\
  agl0_x_capsense_0_vin                            -> \CapSense:Net_1917\
  capsense_0_vin                                   -> \CapSense:Net_1917\
  common_vref_1024                                 -> Net_296
  capsense_0_vref_1024                             -> Net_296
  capsense_0_vref_x_capsense_0_vref_1024           -> Net_296
  capsense_0_vref                                  -> Net_296
  comp_02_vref_1024                                -> Net_296
  comp_02_vref_1024_x_comp_2_vminus                -> Net_296
  comp_2_vminus                                    -> Net_296
  amuxbusl                                         -> \CapSense:Net_2072\
  p2_7                                             -> \CapSense:Net_1410_0\
  p2_6                                             -> \CapSense:Net_1410_1\
  p2_5                                             -> \CapSense:Net_1410_2\
  p2_4                                             -> \CapSense:Net_1410_3\
  p2_3                                             -> \CapSense:Net_1410_4\
  p6_4                                             -> \CapSense:Net_1410_5\
  p6_5                                             -> \CapSense:Net_1410_6\
  p6_6                                             -> \CapSense:Net_1410_7\
  p6_7                                             -> \CapSense:Net_1410_8\
  p2_0                                             -> \CapSense:Net_1410_9\
  comp_2_vplus                                     -> \CapSense:Net_282\
  vidac_2_iout                                     -> \CapSense:Net_1425\
  amuxbusl_x_comp_2_vplus                          -> AmuxNet::\CapSense:AMuxCH0\
  amuxbusl_x_p2_3                                  -> AmuxNet::\CapSense:AMuxCH0\
  amuxbusl_x_p6_4                                  -> AmuxNet::\CapSense:AMuxCH0\
  amuxbusl_x_p2_4                                  -> AmuxNet::\CapSense:AMuxCH0\
  amuxbusl_x_p2_5                                  -> AmuxNet::\CapSense:AMuxCH0\
  amuxbusl_x_p2_6                                  -> AmuxNet::\CapSense:AMuxCH0\
  amuxbusl_x_p2_7                                  -> AmuxNet::\CapSense:AMuxCH0\
  amuxbusl_x_p6_5                                  -> AmuxNet::\CapSense:AMuxCH0\
  amuxbusl_x_p6_7                                  -> AmuxNet::\CapSense:AMuxCH0\
  amuxbusl_x_p6_6                                  -> AmuxNet::\CapSense:AMuxCH0\
  amuxbusl_x_vidac_2_iout                          -> AmuxNet::\CapSense:AMuxCH0\
  amuxbusl_x_p2_0                                  -> AmuxNet::\CapSense:AMuxCH0\
  amuxbusl_x_p15_4                                 -> AmuxNet::\CapSense:AMuxCH0\
}
Mux Info {
  Mux: \CapSense:AMuxCH0\ {
     Mouth: \CapSense:Net_2072\
     Guts:  AmuxNet::\CapSense:AMuxCH0\
     IsSingleSwitching: True
     IsStaticSwitching: True
     IsAtMostOneSwitch: False
    Arm: 0 {
      Net:   \CapSense:Net_1410_0\
      Outer: amuxbusl_x_p2_7
      Inner: __open__
      Path {
        p2_7
        amuxbusl_x_p2_7
        amuxbusl
      }
    }
    Arm: 1 {
      Net:   \CapSense:Net_1410_1\
      Outer: amuxbusl_x_p2_6
      Inner: __open__
      Path {
        p2_6
        amuxbusl_x_p2_6
        amuxbusl
      }
    }
    Arm: 2 {
      Net:   \CapSense:Net_1410_2\
      Outer: amuxbusl_x_p2_5
      Inner: __open__
      Path {
        p2_5
        amuxbusl_x_p2_5
        amuxbusl
      }
    }
    Arm: 3 {
      Net:   \CapSense:Net_1410_3\
      Outer: amuxbusl_x_p2_4
      Inner: __open__
      Path {
        p2_4
        amuxbusl_x_p2_4
        amuxbusl
      }
    }
    Arm: 4 {
      Net:   \CapSense:Net_1410_4\
      Outer: amuxbusl_x_p2_3
      Inner: __open__
      Path {
        p2_3
        amuxbusl_x_p2_3
        amuxbusl
      }
    }
    Arm: 5 {
      Net:   \CapSense:Net_1410_5\
      Outer: amuxbusl_x_p6_4
      Inner: __open__
      Path {
        p6_4
        amuxbusl_x_p6_4
        amuxbusl
      }
    }
    Arm: 6 {
      Net:   \CapSense:Net_1410_6\
      Outer: amuxbusl_x_p6_5
      Inner: __open__
      Path {
        p6_5
        amuxbusl_x_p6_5
        amuxbusl
      }
    }
    Arm: 7 {
      Net:   \CapSense:Net_1410_7\
      Outer: amuxbusl_x_p6_6
      Inner: __open__
      Path {
        p6_6
        amuxbusl_x_p6_6
        amuxbusl
      }
    }
    Arm: 8 {
      Net:   \CapSense:Net_1410_8\
      Outer: amuxbusl_x_p6_7
      Inner: __open__
      Path {
        p6_7
        amuxbusl_x_p6_7
        amuxbusl
      }
    }
    Arm: 9 {
      Net:   \CapSense:Net_1410_9\
      Outer: amuxbusl_x_p2_0
      Inner: __open__
      Path {
        p2_0
        amuxbusl_x_p2_0
        amuxbusl
      }
    }
    Arm: 10 {
      Net:   \CapSense:Net_1917\
      Outer: amuxbusl_x_p15_4
      Inner: __open__
      Path {
        p15_4
        amuxbusl_x_p15_4
        amuxbusl
      }
    }
    Arm: 11 {
      Net:   \CapSense:Net_282\
      Outer: amuxbusl_x_comp_2_vplus
      Inner: __open__
      Path {
        comp_2_vplus
        amuxbusl_x_comp_2_vplus
        amuxbusl
      }
    }
    Arm: 12 {
      Net:   \CapSense:Net_1425\
      Outer: amuxbusl_x_vidac_2_iout
      Inner: __open__
      Path {
        vidac_2_iout
        amuxbusl_x_vidac_2_iout
        amuxbusl
      }
    }
  }
}
Dump of CyP35AnalogRoutingResultsDB
IsVddaHalfUsedForComp = False
IsVddaHalfUsedForSar0 = False
IsVddaHalfUsedForSar1 = False
Analog Code Generation phase: Elapsed time ==> 0s.200ms
</CYPRESSTAG>
<CYPRESSTAG name="Digital Placement">
<CYPRESSTAG name="Detailed placement messages">
I2076: Total run-time: 1.0 sec.

</CYPRESSTAG>
<CYPRESSTAG name="PLD Packing">
<CYPRESSTAG name="PLD Packing Summary" expanded>

------------------------------------------------------------
PLD Packing Summary
------------------------------------------------------------
            Resource Type : Used : Free :  Max :  % Used
    ====================================================
                     PLDs :   21 :   27 :   48 :  43.75%

<CYPRESSTAG name="PLD Statistics">

        PLD Resource Type :     Average/LAB
    =======================================
                   Inputs :            7.62
                   Pterms :            6.43
               Macrocells :            2.67
</CYPRESSTAG>
<CYPRESSTAG name="Packed PLD Contents">
Packed PLD Contents not displayed at this verbose level.</CYPRESSTAG>
</CYPRESSTAG>
PLD Packing: Elapsed time ==> 0s.002ms
</CYPRESSTAG>
<CYPRESSTAG name="Partitioning">
<CYPRESSTAG name="Initial Partitioning Summary">
Initial Partitioning Summary not displayed at this verbose level.</CYPRESSTAG>
<CYPRESSTAG name="Final Partitioning Summary">
Final Partitioning Summary not displayed at this verbose level.</CYPRESSTAG>
Partitioning: Elapsed time ==> 0s.049ms
</CYPRESSTAG>
<CYPRESSTAG name="Final Placement Summary">

------------------------------------------------------------
Final Placement Summary
------------------------------------------------------------

       Resource Type :      Count : Avg Inputs : Avg Outputs
    ========================================================
                 UDB :         12 :      11.17 :       4.67
<CYPRESSTAG name="Final Placement Details">
<CYPRESSTAG name="Component Details">

------------------------------------------------------------
Component Placement Details
------------------------------------------------------------
UDB [UDB=(0,0)] is empty.
UDB [UDB=(0,1)] is empty.
UDB [UDB=(0,2)] is empty.
UDB [UDB=(0,3)] is empty.
UDB [UDB=(0,4)] is empty.
UDB [UDB=(0,5)] is empty.
UDB [UDB=(1,0)] is empty.
UDB [UDB=(1,1)] is empty.
UDB [UDB=(1,2)] is empty.
UDB [UDB=(1,3)] is empty.
UDB [UDB=(1,4)] is empty.
UDB [UDB=(1,5)] is empty.
UDB [UDB=(2,0)] contents:
LAB@[UDB=(2,0)][LB=0] #macrocells=3, #inputs=10, #pterms=7
{
    [McSlotId=0]: (empty)
    [McSlotId=1]:     MacroCell: Name=\CapSense:MeasureCH0:wndState_0\, Mode=(D-Register) @ [UDB=(2,0)][LB=0][MC=1]
        Total # of inputs        : 7
        Total # of product terms : 1
        List of special equations: 
            Clock  = (\CapSense:clk\) => Global
            Clock Enable: True
        Main Equation            : 1 pterm
        (
              !\CapSense:mrst\ * !\CapSense:MeasureCH0:wndState_2\ * 
              !\CapSense:MeasureCH0:wndState_1\ * 
              !\CapSense:MeasureCH0:wndState_0\ * !\CapSense:Net_1603\ * 
              \CapSense:ClockGen:control_2\ * \CapSense:ClockGen:cstate_2\
        );
        Output = \CapSense:MeasureCH0:wndState_0\ (fanout=10)
        Properties               : 
        {
        }

    [McSlotId=2]:     MacroCell: Name=\CapSense:Net_1603\, Mode=(D-Register) @ [UDB=(2,0)][LB=0][MC=2]
        Total # of inputs        : 9
        Total # of product terms : 2
        List of special equations: 
            Clock  = (\CapSense:clk\) => Global
            Clock Enable: True
        Main Equation            : 2 pterms
        (
              \CapSense:MeasureCH0:zw0\ * \CapSense:MeasureCH0:zw1\ * 
              !\CapSense:mrst\ * \CapSense:MeasureCH0:wndState_2\ * 
              !\CapSense:MeasureCH0:wndState_1\ * 
              !\CapSense:MeasureCH0:wndState_0\ * !\CapSense:Net_1603\
            + !\CapSense:mrst\ * !\CapSense:MeasureCH0:wndState_2\ * 
              !\CapSense:MeasureCH0:wndState_1\ * 
              !\CapSense:MeasureCH0:wndState_0\ * \CapSense:Net_1603\ * 
              \CapSense:ClockGen:control_2\ * \CapSense:ClockGen:cstate_2\
        );
        Output = \CapSense:Net_1603\ (fanout=5)
        Properties               : 
        {
        }

    [McSlotId=3]:     MacroCell: Name=\CapSense:MeasureCH0:wndState_1\, Mode=(D-Register) @ [UDB=(2,0)][LB=0][MC=3]
        Total # of inputs        : 8
        Total # of product terms : 4
        List of special equations: 
            Clock  = (\CapSense:clk\) => Global
            Clock Enable: True
        Main Equation            : 4 pterms
        (
              !\CapSense:DigitalClk\ * !\CapSense:mrst\ * 
              !\CapSense:MeasureCH0:wndState_2\ * 
              \CapSense:MeasureCH0:wndState_1\ * 
              !\CapSense:MeasureCH0:wndState_0\ * !\CapSense:Net_1603\
            + !\CapSense:MeasureCH0:zw0\ * !\CapSense:mrst\ * 
              \CapSense:MeasureCH0:wndState_2\ * 
              !\CapSense:MeasureCH0:wndState_1\ * 
              !\CapSense:MeasureCH0:wndState_0\ * !\CapSense:Net_1603\
            + !\CapSense:MeasureCH0:zw1\ * !\CapSense:mrst\ * 
              \CapSense:MeasureCH0:wndState_2\ * 
              !\CapSense:MeasureCH0:wndState_1\ * 
              !\CapSense:MeasureCH0:wndState_0\ * !\CapSense:Net_1603\
            + !\CapSense:mrst\ * !\CapSense:MeasureCH0:wndState_2\ * 
              !\CapSense:MeasureCH0:wndState_1\ * 
              \CapSense:MeasureCH0:wndState_0\ * !\CapSense:Net_1603\
        );
        Output = \CapSense:MeasureCH0:wndState_1\ (fanout=4)
        Properties               : 
        {
        }
}

statusicell: Name =\SPIM_2:BSPIM:TxStsReg\
    PORT MAP (
        clock => \SPIM_2:Net_276\ ,
        status_4 => \SPIM_2:BSPIM:tx_status_4\ ,
        status_3 => \SPIM_2:BSPIM:load_rx_data\ ,
        status_2 => \SPIM_2:BSPIM:tx_status_2\ ,
        status_1 => \SPIM_2:BSPIM:tx_status_1\ ,
        status_0 => \SPIM_2:BSPIM:tx_status_0\ );
    Properties:
    {
        cy_force_order = 1
        cy_int_mask = "0000000"
        cy_md_select = "0001001"
    }
    Clock Polarity: Active High
    Clock Enable: True

UDB [UDB=(2,1)] contents:
LAB@[UDB=(2,1)][LB=0] #macrocells=2, #inputs=5, #pterms=6
{
    [McSlotId=0]:     MacroCell: Name=Net_415, Mode=(D-Register) @ [UDB=(2,1)][LB=0][MC=0]
        Total # of inputs        : 4
        Total # of product terms : 2
        List of special equations: 
            Clock  = (\SPIM_2:Net_276\) => Global
            Clock Enable: True
        Main Equation            : 2 pterms
        (
              Net_415 * \SPIM_2:BSPIM:state_1\ * \SPIM_2:BSPIM:state_0\
            + !\SPIM_2:BSPIM:state_2\ * \SPIM_2:BSPIM:state_1\ * 
              \SPIM_2:BSPIM:state_0\
        );
        Output = Net_415 (fanout=2)
        Properties               : 
        {
        }

    [McSlotId=1]:     MacroCell: Name=Net_437, Mode=(D-Register) @ [UDB=(2,1)][LB=0][MC=1]
        Total # of inputs        : 4
        Total # of product terms : 4
        List of special equations: 
            Clock  = (\SPIM_2:Net_276\) => Global
            Clock Enable: True
        Main Equation            : 4 pterms
        !(
              !\SPIM_2:BSPIM:state_2\ * !\SPIM_2:BSPIM:state_1\ * 
              \SPIM_2:BSPIM:state_0\
            + !\SPIM_2:BSPIM:state_2\ * \SPIM_2:BSPIM:state_1\ * !Net_437
            + \SPIM_2:BSPIM:state_2\ * !\SPIM_2:BSPIM:state_1\ * 
              !\SPIM_2:BSPIM:state_0\ * !Net_437
            + \SPIM_2:BSPIM:state_1\ * \SPIM_2:BSPIM:state_0\ * !Net_437
        );
        Output = Net_437 (fanout=2)
        Properties               : 
        {
        }

    [McSlotId=2]: (empty)
    [McSlotId=3]: (empty)
}

LAB@[UDB=(2,1)][LB=1] #macrocells=4, #inputs=8, #pterms=6
{
    [McSlotId=0]:     MacroCell: Name=\CapSense:MeasureCH0:cs_addr_win_0\, Mode=(Combinatorial) @ [UDB=(2,1)][LB=1][MC=0]
        Total # of inputs        : 4
        Total # of product terms : 2
            Clock Enable: True
        Main Equation            : 2 pterms
        (
              !\CapSense:MeasureCH0:zw0\ * \CapSense:MeasureCH0:zw1\ * 
              \CapSense:MeasureCH0:wndState_2\
            + \CapSense:MeasureCH0:wndState_0\
        );
        Output = \CapSense:MeasureCH0:cs_addr_win_0\ (fanout=1)
        Properties               : 
        {
        }

    [McSlotId=1]:     MacroCell: Name=\CapSense:MeasureCH0:wndState_2\, Mode=(D-Register) @ [UDB=(2,1)][LB=1][MC=1]
        Total # of inputs        : 6
        Total # of product terms : 1
        List of special equations: 
            Clock  = (\CapSense:clk\) => Global
            Clock Enable: True
        Main Equation            : 1 pterm
        (
              \CapSense:DigitalClk\ * !\CapSense:mrst\ * 
              !\CapSense:MeasureCH0:wndState_2\ * 
              \CapSense:MeasureCH0:wndState_1\ * 
              !\CapSense:MeasureCH0:wndState_0\ * !\CapSense:Net_1603\
        );
        Output = \CapSense:MeasureCH0:wndState_2\ (fanout=10)
        Properties               : 
        {
        }

    [McSlotId=2]:     MacroCell: Name=\CapSense:MeasureCH0:cs_addr_win_1\, Mode=(Combinatorial) @ [UDB=(2,1)][LB=1][MC=2]
        Total # of inputs        : 4
        Total # of product terms : 1
            Clock Enable: True
        Main Equation            : 1 pterm
        (
              \CapSense:MeasureCH0:zw0\ * !\CapSense:MeasureCH0:zw1\ * 
              \CapSense:MeasureCH0:wndState_2\ * 
              !\CapSense:MeasureCH0:wndState_0\
        );
        Output = \CapSense:MeasureCH0:cs_addr_win_1\ (fanout=1)
        Properties               : 
        {
        }

    [McSlotId=3]:     MacroCell: Name=\CapSense:MeasureCH0:cs_addr_win_2\, Mode=(Combinatorial) @ [UDB=(2,1)][LB=1][MC=3]
        Total # of inputs        : 4
        Total # of product terms : 2
            Clock Enable: True
        Main Equation            : 2 pterms
        (
              !\CapSense:MeasureCH0:zw0\ * \CapSense:MeasureCH0:wndState_2\ * 
              !\CapSense:MeasureCH0:wndState_0\
            + !\CapSense:MeasureCH0:zw1\ * \CapSense:MeasureCH0:wndState_2\ * 
              !\CapSense:MeasureCH0:wndState_0\
        );
        Output = \CapSense:MeasureCH0:cs_addr_win_2\ (fanout=1)
        Properties               : 
        {
        }
}

datapathcell: Name =\SPIM_2:BSPIM:sR8:Dp:u0\
    PORT MAP (
        clock => \SPIM_2:Net_276\ ,
        cs_addr_2 => \SPIM_2:BSPIM:state_2\ ,
        cs_addr_1 => \SPIM_2:BSPIM:state_1\ ,
        cs_addr_0 => \SPIM_2:BSPIM:state_0\ ,
        route_si => Net_19 ,
        f1_load => \SPIM_2:BSPIM:load_rx_data\ ,
        so_comb => \SPIM_2:BSPIM:mosi_from_dp\ ,
        f0_bus_stat_comb => \SPIM_2:BSPIM:tx_status_2\ ,
        f0_blk_stat_comb => \SPIM_2:BSPIM:tx_status_1\ ,
        f1_bus_stat_comb => \SPIM_2:BSPIM:rx_status_5\ ,
        f1_blk_stat_comb => \SPIM_2:BSPIM:rx_status_4\ );
    Properties:
    {
        a0_init = "00000000"
        a1_init = "00000000"
        ce0_sync = 1
        ce1_sync = 1
        cl0_sync = 1
        cl1_sync = 1
        cmsb_sync = 1
        co_msb_sync = 1
        cy_dpconfig = "0000000000000000000000001100000000000001010000000001000100010000000000011100000000010001000000000000000101000000000000010100000011111111000000001111111111111111000000000010001000001000111100000000000000000100"
        d0_init = "00000000"
        d1_init = "00000000"
        f0_blk_sync = 1
        f0_bus_sync = 1
        f1_blk_sync = 1
        f1_bus_sync = 1
        ff0_sync = 1
        ff1_sync = 1
        ov_msb_sync = 1
        so_sync = 1
        z0_sync = 1
        z1_sync = 1
    }
    Clock Polarity: Active High
    Clock Enable: True

count7cell: Name =\CapSense:ClockGen:ScanSpeed\
    PORT MAP (
        clock => \CapSense:clk\ ,
        reset => \CapSense:ClockGen:inter_reset\ ,
        tc => \CapSense:DigitalClk\ );
    Properties:
    {
        cy_alt_mode = 0
        cy_init_value = "0000000"
        cy_period = "0011111"
        cy_route_en = 0
        cy_route_ld = 0
    }
    Clock Polarity: Active High
    Clock Enable: True

UDB [UDB=(2,2)] contents:
LAB@[UDB=(2,2)][LB=0] #macrocells=3, #inputs=5, #pterms=5
{
    [McSlotId=0]:     MacroCell: Name=\CapSense:mrst\, Mode=(D-Register) @ [UDB=(2,2)][LB=0][MC=0]
        Total # of inputs        : 4
        Total # of product terms : 2
        List of special equations: 
            Clock  = (\CapSense:clk\) => Global
            Clock Enable: True
        Main Equation            : 2 pterms
        (
              !\CapSense:mrst\ * \CapSense:ClockGen:inter_reset\ * 
              !\CapSense:ClockGen:cstate_2\
            + \CapSense:mrst\ * !\CapSense:ClockGen:control_1\ * 
              !\CapSense:ClockGen:inter_reset\ * 
              !\CapSense:ClockGen:cstate_2\
        );
        Output = \CapSense:mrst\ (fanout=7)
        Properties               : 
        {
        }

    [McSlotId=1]: (empty)
    [McSlotId=2]:     MacroCell: Name=\CapSense:ClockGen:inter_reset\, Mode=(D-Register) @ [UDB=(2,2)][LB=0][MC=2]
        Total # of inputs        : 4
        Total # of product terms : 1
        List of special equations: 
            Clock  = (\CapSense:clk\) => Global
            Clock Enable: True
        Main Equation            : 1 pterm
        (
              !\CapSense:mrst\ * \CapSense:ClockGen:control_0\ * 
              !\CapSense:ClockGen:inter_reset\ * 
              !\CapSense:ClockGen:cstate_2\
        );
        Output = \CapSense:ClockGen:inter_reset\ (fanout=7)
        Properties               : 
        {
        }

    [McSlotId=3]:     MacroCell: Name=\CapSense:ClockGen:cstate_2\, Mode=(D-Register) @ [UDB=(2,2)][LB=0][MC=3]
        Total # of inputs        : 5
        Total # of product terms : 2
        List of special equations: 
            Clock  = (\CapSense:clk\) => Global
            Clock Enable: True
        Main Equation            : 2 pterms
        (
              !\CapSense:mrst\ * \CapSense:ClockGen:control_0\ * 
              !\CapSense:ClockGen:inter_reset\ * \CapSense:ClockGen:cstate_2\
            + \CapSense:mrst\ * \CapSense:ClockGen:control_1\ * 
              !\CapSense:ClockGen:inter_reset\ * 
              !\CapSense:ClockGen:cstate_2\
        );
        Output = \CapSense:ClockGen:cstate_2\ (fanout=5)
        Properties               : 
        {
        }
}

LAB@[UDB=(2,2)][LB=1] #macrocells=3, #inputs=7, #pterms=7
{
    [McSlotId=0]:     MacroCell: Name=\CapSense:MeasureCH0:cs_addr_cnt_1\, Mode=(Combinatorial) @ [UDB=(2,2)][LB=1][MC=0]
        Total # of inputs        : 6
        Total # of product terms : 2
            Clock Enable: True
        Main Equation            : 2 pterms
        (
              !\CapSense:IdacCH0:Net_123\ * !\CapSense:MeasureCH0:zw0\ * 
              \CapSense:MeasureCH0:zc0\ * \CapSense:MeasureCH0:wndState_2\ * 
              !\CapSense:MeasureCH0:wndState_0\
            + !\CapSense:IdacCH0:Net_123\ * !\CapSense:MeasureCH0:zw1\ * 
              \CapSense:MeasureCH0:zc0\ * \CapSense:MeasureCH0:wndState_2\ * 
              !\CapSense:MeasureCH0:wndState_0\
        );
        Output = \CapSense:MeasureCH0:cs_addr_cnt_1\ (fanout=1)
        Properties               : 
        {
        }

    [McSlotId=1]:     MacroCell: Name=\CapSense:MeasureCH0:cs_addr_cnt_2\, Mode=(Combinatorial) @ [UDB=(2,2)][LB=1][MC=1]
        Total # of inputs        : 5
        Total # of product terms : 2
            Clock Enable: True
        Main Equation            : 2 pterms
        (
              !\CapSense:IdacCH0:Net_123\ * !\CapSense:MeasureCH0:zw0\ * 
              \CapSense:MeasureCH0:wndState_2\ * 
              !\CapSense:MeasureCH0:wndState_0\
            + !\CapSense:IdacCH0:Net_123\ * !\CapSense:MeasureCH0:zw1\ * 
              \CapSense:MeasureCH0:wndState_2\ * 
              !\CapSense:MeasureCH0:wndState_0\
        );
        Output = \CapSense:MeasureCH0:cs_addr_cnt_2\ (fanout=1)
        Properties               : 
        {
        }

    [McSlotId=2]:     MacroCell: Name=\CapSense:MeasureCH0:cs_addr_cnt_0\, Mode=(Combinatorial) @ [UDB=(2,2)][LB=1][MC=2]
        Total # of inputs        : 6
        Total # of product terms : 3
            Clock Enable: True
        Main Equation            : 3 pterms
        (
              !\CapSense:IdacCH0:Net_123\ * !\CapSense:MeasureCH0:zw0\ * 
              \CapSense:MeasureCH0:zc1\ * \CapSense:MeasureCH0:wndState_2\
            + !\CapSense:IdacCH0:Net_123\ * !\CapSense:MeasureCH0:zw1\ * 
              \CapSense:MeasureCH0:zc1\ * \CapSense:MeasureCH0:wndState_2\
            + \CapSense:MeasureCH0:wndState_0\
        );
        Output = \CapSense:MeasureCH0:cs_addr_cnt_0\ (fanout=1)
        Properties               : 
        {
        }

    [McSlotId=3]: (empty)
}

datapathcell: Name =\CapSense:MeasureCH0:UDB:Counter:u0\
    PORT MAP (
        clock => \CapSense:clk\ ,
        cs_addr_2 => \CapSense:MeasureCH0:cs_addr_cnt_2\ ,
        cs_addr_1 => \CapSense:MeasureCH0:cs_addr_cnt_1\ ,
        cs_addr_0 => \CapSense:MeasureCH0:cs_addr_cnt_0\ ,
        z0_comb => \CapSense:MeasureCH0:zc0\ ,
        z1_comb => \CapSense:MeasureCH0:zc1\ );
    Properties:
    {
        a0_init = "11111111"
        a1_init = "11111111"
        ce0_sync = 1
        ce1_sync = 1
        cl0_sync = 1
        cl1_sync = 1
        cmsb_sync = 1
        co_msb_sync = 1
        cy_dpconfig = "0000110000000000000011001111000000001100000000000000110000000000010011000100000001001100010000000101100010010000000011000000000000000000000000000000000000000000000000000000000000000000000000000000000000000000"
        d0_init = "11111111"
        d1_init = "00000000"
        f0_blk_sync = 1
        f0_bus_sync = 1
        f1_blk_sync = 1
        f1_bus_sync = 1
        ff0_sync = 1
        ff1_sync = 1
        ov_msb_sync = 1
        so_sync = 1
        z0_sync = 1
        z1_sync = 1
    }
    Clock Polarity: Active High
    Clock Enable: True

controlcell: Name =\CapSense:ClockGen:SyncCtrl:CtrlReg\
    PORT MAP (
        clock => \CapSense:clk\ ,
        control_7 => \CapSense:ClockGen:control_7\ ,
        control_6 => \CapSense:ClockGen:control_6\ ,
        control_5 => \CapSense:ClockGen:control_5\ ,
        control_4 => \CapSense:ClockGen:control_4\ ,
        control_3 => \CapSense:ClockGen:control_3\ ,
        control_2 => \CapSense:ClockGen:control_2\ ,
        control_1 => \CapSense:ClockGen:control_1\ ,
        control_0 => \CapSense:ClockGen:control_0\ );
    Properties:
    {
        cy_ctrl_mode_0 = "11111111"
        cy_ctrl_mode_1 = "00000000"
        cy_ext_reset = 0
        cy_force_order = 1
        cy_init_value = "00000000"
    }
    Clock Polarity: Active High
    Clock Enable: True

UDB [UDB=(2,3)] contents:
LAB@[UDB=(2,3)][LB=0] #macrocells=3, #inputs=5, #pterms=4
{
    [McSlotId=0]:     MacroCell: Name=\CapSense:ClockGen:tmp_ppulse_dly\, Mode=(D-Register) @ [UDB=(2,3)][LB=0][MC=0]
        Total # of inputs        : 1
        Total # of product terms : 1
        List of special equations: 
            Clock  = (\CapSense:clk\) => Global
            Clock Enable: True
        Main Equation            : 1 pterm
        (
              \CapSense:ClockGen:tmp_ppulse_reg\
        );
        Output = \CapSense:ClockGen:tmp_ppulse_dly\ (fanout=1)
        Properties               : 
        {
        }

    [McSlotId=1]:     MacroCell: Name=\CapSense:ClockGen:tmp_ppulse_reg\, Mode=(D-Register) @ [UDB=(2,3)][LB=0][MC=1]
        Total # of inputs        : 2
        Total # of product terms : 1
        List of special equations: 
            Clock  = (\CapSense:clk\) => Global
            Clock Enable: True
        Main Equation            : 1 pterm
        !(
              !\CapSense:ClockGen:ppulse_equal\ * 
              !\CapSense:ClockGen:ppulse_less\
        );
        Output = \CapSense:ClockGen:tmp_ppulse_reg\ (fanout=3)
        Properties               : 
        {
        }

    [McSlotId=2]:     MacroCell: Name=\CapSense:PreChargeClk\, Mode=(Combinatorial) @ [UDB=(2,3)][LB=0][MC=2]
        Total # of inputs        : 3
        Total # of product terms : 2
            Clock Enable: True
        Main Equation            : 2 pterms
        (
              !\CapSense:ClockGen:control_4\ * 
              \CapSense:ClockGen:tmp_ppulse_reg\
            + \CapSense:ClockGen:control_4\ * \CapSense:ClockGen:cmsb_reg\
        );
        Output = \CapSense:PreChargeClk\ (fanout=2)
        Properties               : 
        {
        }

    [McSlotId=3]: (empty)
}

LAB@[UDB=(2,3)][LB=1] #macrocells=3, #inputs=12, #pterms=8
{
    [McSlotId=0]:     MacroCell: Name=Net_1042, Mode=(D-Register) @ [UDB=(2,3)][LB=1][MC=0]
        Total # of inputs        : 11
        Total # of product terms : 7
        List of special equations: 
            Clock  = (\SPIM_2:Net_276\) => Global
            Clock Enable: True
        Main Equation            : 7 pterms
        !(
              !Net_1042 * !\SPIM_2:BSPIM:state_2\ * \SPIM_2:BSPIM:state_0\
            + !\SPIM_2:BSPIM:state_2\ * !\SPIM_2:BSPIM:state_1\ * 
              !\SPIM_2:BSPIM:state_0\
            + !\SPIM_2:BSPIM:state_2\ * !\SPIM_2:BSPIM:state_0\ * 
              !\SPIM_2:BSPIM:count_4\ * !\SPIM_2:BSPIM:count_3\ * 
              !\SPIM_2:BSPIM:count_2\ * \SPIM_2:BSPIM:count_1\ * 
              !\SPIM_2:BSPIM:count_0\ * !\SPIM_2:BSPIM:ld_ident\
            + \SPIM_2:BSPIM:state_2\ * !\SPIM_2:BSPIM:state_1\ * 
              \SPIM_2:BSPIM:state_0\
            + \SPIM_2:BSPIM:state_2\ * \SPIM_2:BSPIM:state_1\ * 
              !\SPIM_2:BSPIM:state_0\
            + \SPIM_2:BSPIM:state_2\ * !\SPIM_2:BSPIM:mosi_from_dp\
            + !\SPIM_2:BSPIM:state_0\ * !\SPIM_2:BSPIM:mosi_from_dp\
        );
        Output = Net_1042 (fanout=2)
        Properties               : 
        {
        }

    [McSlotId=1]:     MacroCell: Name=\SPIM_2:BSPIM:tx_status_4\, Mode=(Combinatorial) @ [UDB=(2,3)][LB=1][MC=1]
        Total # of inputs        : 3
        Total # of product terms : 1
            Clock Enable: True
        Main Equation            : 1 pterm
        (
              !\SPIM_2:BSPIM:state_2\ * !\SPIM_2:BSPIM:state_1\ * 
              !\SPIM_2:BSPIM:state_0\
        );
        Output = \SPIM_2:BSPIM:tx_status_4\ (fanout=1)
        Properties               : 
        {
        }

    [McSlotId=2]:     MacroCell: Name=\SPIM_2:BSPIM:rx_status_6\, Mode=(Combinatorial) @ [UDB=(2,3)][LB=1][MC=2]
        Total # of inputs        : 6
        Total # of product terms : 1
            Clock Enable: True
        Main Equation            : 1 pterm
        (
              !\SPIM_2:BSPIM:count_4\ * !\SPIM_2:BSPIM:count_3\ * 
              !\SPIM_2:BSPIM:count_2\ * !\SPIM_2:BSPIM:count_1\ * 
              \SPIM_2:BSPIM:count_0\ * \SPIM_2:BSPIM:rx_status_4\
        );
        Output = \SPIM_2:BSPIM:rx_status_6\ (fanout=1)
        Properties               : 
        {
        }

    [McSlotId=3]: (empty)
}

statusicell: Name =\SPIM_2:BSPIM:RxStsReg\
    PORT MAP (
        clock => \SPIM_2:Net_276\ ,
        status_6 => \SPIM_2:BSPIM:rx_status_6\ ,
        status_5 => \SPIM_2:BSPIM:rx_status_5\ ,
        status_4 => \SPIM_2:BSPIM:rx_status_4\ );
    Properties:
    {
        cy_force_order = 1
        cy_int_mask = "0000000"
        cy_md_select = "1000000"
    }
    Clock Polarity: Active High
    Clock Enable: True

UDB [UDB=(2,4)] contents:
LAB@[UDB=(2,4)][LB=0] #macrocells=3, #inputs=10, #pterms=8
{
    [McSlotId=0]:     MacroCell: Name=\SPIM_2:BSPIM:load_cond\, Mode=(T-Register) @ [UDB=(2,4)][LB=0][MC=0]
        Total # of inputs        : 9
        Total # of product terms : 4
        List of special equations: 
            Clock  = (\SPIM_2:Net_276\) => Global
            Clock Enable: True
        Main Equation            : 4 pterms
        (
              !\SPIM_2:BSPIM:state_2\ * !\SPIM_2:BSPIM:count_4\ * 
              !\SPIM_2:BSPIM:count_3\ * !\SPIM_2:BSPIM:count_2\ * 
              !\SPIM_2:BSPIM:count_1\ * !\SPIM_2:BSPIM:count_0\ * 
              \SPIM_2:BSPIM:load_cond\
            + \SPIM_2:BSPIM:state_2\ * !\SPIM_2:BSPIM:state_1\ * 
              !\SPIM_2:BSPIM:state_0\ * !\SPIM_2:BSPIM:load_cond\
            + \SPIM_2:BSPIM:state_1\ * !\SPIM_2:BSPIM:count_4\ * 
              !\SPIM_2:BSPIM:count_3\ * !\SPIM_2:BSPIM:count_2\ * 
              !\SPIM_2:BSPIM:count_1\ * !\SPIM_2:BSPIM:count_0\ * 
              \SPIM_2:BSPIM:load_cond\
            + \SPIM_2:BSPIM:state_0\ * !\SPIM_2:BSPIM:count_4\ * 
              !\SPIM_2:BSPIM:count_3\ * !\SPIM_2:BSPIM:count_2\ * 
              !\SPIM_2:BSPIM:count_1\ * !\SPIM_2:BSPIM:count_0\ * 
              \SPIM_2:BSPIM:load_cond\
        );
        Output = \SPIM_2:BSPIM:load_cond\ (fanout=1)
        Properties               : 
        {
        }

    [McSlotId=1]:     MacroCell: Name=\SPIM_2:BSPIM:load_rx_data\, Mode=(Combinatorial) @ [UDB=(2,4)][LB=0][MC=1]
        Total # of inputs        : 5
        Total # of product terms : 1
            Clock Enable: True
        Main Equation            : 1 pterm
        (
              !\SPIM_2:BSPIM:count_4\ * !\SPIM_2:BSPIM:count_3\ * 
              !\SPIM_2:BSPIM:count_2\ * !\SPIM_2:BSPIM:count_1\ * 
              \SPIM_2:BSPIM:count_0\
        );
        Output = \SPIM_2:BSPIM:load_rx_data\ (fanout=2)
        Properties               : 
        {
        }

    [McSlotId=2]:     MacroCell: Name=\SPIM_2:BSPIM:ld_ident\, Mode=(T-Register) @ [UDB=(2,4)][LB=0][MC=2]
        Total # of inputs        : 9
        Total # of product terms : 3
        List of special equations: 
            Clock  = (\SPIM_2:Net_276\) => Global
            Clock Enable: True
        Main Equation            : 3 pterms
        (
              \SPIM_2:BSPIM:state_2\ * !\SPIM_2:BSPIM:state_1\ * 
              !\SPIM_2:BSPIM:state_0\ * !\SPIM_2:BSPIM:ld_ident\
            + \SPIM_2:BSPIM:state_2\ * \SPIM_2:BSPIM:state_1\ * 
              !\SPIM_2:BSPIM:state_0\ * \SPIM_2:BSPIM:ld_ident\
            + \SPIM_2:BSPIM:state_1\ * !\SPIM_2:BSPIM:state_0\ * 
              !\SPIM_2:BSPIM:count_4\ * !\SPIM_2:BSPIM:count_3\ * 
              !\SPIM_2:BSPIM:count_2\ * \SPIM_2:BSPIM:count_1\ * 
              !\SPIM_2:BSPIM:count_0\ * \SPIM_2:BSPIM:ld_ident\
        );
        Output = \SPIM_2:BSPIM:ld_ident\ (fanout=4)
        Properties               : 
        {
        }

    [McSlotId=3]: (empty)
}

LAB@[UDB=(2,4)][LB=1] #macrocells=3, #inputs=10, #pterms=8
{
    [McSlotId=0]:     MacroCell: Name=\SPIM_2:BSPIM:state_1\, Mode=(T-Register) @ [UDB=(2,4)][LB=1][MC=0]
        Total # of inputs        : 10
        Total # of product terms : 4
        List of special equations: 
            Clock  = (\SPIM_2:Net_276\) => Global
            Clock Enable: True
        Main Equation            : 4 pterms
        (
              !\SPIM_2:BSPIM:state_2\ * !\SPIM_2:BSPIM:state_1\ * 
              \SPIM_2:BSPIM:state_0\
            + !\SPIM_2:BSPIM:state_2\ * \SPIM_2:BSPIM:state_0\ * 
              !\SPIM_2:BSPIM:count_4\ * !\SPIM_2:BSPIM:count_3\ * 
              \SPIM_2:BSPIM:count_2\ * !\SPIM_2:BSPIM:count_1\ * 
              \SPIM_2:BSPIM:count_0\ * !\SPIM_2:BSPIM:tx_status_1\
            + \SPIM_2:BSPIM:state_2\ * !\SPIM_2:BSPIM:state_0\
            + \SPIM_2:BSPIM:state_1\ * !\SPIM_2:BSPIM:state_0\ * 
              !\SPIM_2:BSPIM:count_4\ * !\SPIM_2:BSPIM:count_3\ * 
              !\SPIM_2:BSPIM:count_2\ * \SPIM_2:BSPIM:count_1\ * 
              !\SPIM_2:BSPIM:count_0\ * !\SPIM_2:BSPIM:ld_ident\
        );
        Output = \SPIM_2:BSPIM:state_1\ (fanout=12)
        Properties               : 
        {
        }

    [McSlotId=1]:     MacroCell: Name=\SPIM_2:BSPIM:state_2\, Mode=(D-Register) @ [UDB=(2,4)][LB=1][MC=1]
        Total # of inputs        : 10
        Total # of product terms : 3
        List of special equations: 
            Clock  = (\SPIM_2:Net_276\) => Global
            Clock Enable: True
        Main Equation            : 3 pterms
        (
              !\SPIM_2:BSPIM:state_2\ * !\SPIM_2:BSPIM:state_1\ * 
              \SPIM_2:BSPIM:state_0\
            + !\SPIM_2:BSPIM:state_2\ * \SPIM_2:BSPIM:state_1\ * 
              !\SPIM_2:BSPIM:state_0\ * !\SPIM_2:BSPIM:count_4\ * 
              !\SPIM_2:BSPIM:count_3\ * !\SPIM_2:BSPIM:count_2\ * 
              \SPIM_2:BSPIM:count_1\ * !\SPIM_2:BSPIM:count_0\ * 
              !\SPIM_2:BSPIM:ld_ident\
            + !\SPIM_2:BSPIM:state_2\ * \SPIM_2:BSPIM:state_0\ * 
              !\SPIM_2:BSPIM:count_4\ * !\SPIM_2:BSPIM:count_3\ * 
              \SPIM_2:BSPIM:count_2\ * !\SPIM_2:BSPIM:count_1\ * 
              \SPIM_2:BSPIM:count_0\ * !\SPIM_2:BSPIM:tx_status_1\
        );
        Output = \SPIM_2:BSPIM:state_2\ (fanout=12)
        Properties               : 
        {
        }

    [McSlotId=2]:     MacroCell: Name=\SPIM_2:BSPIM:state_0\, Mode=(T-Register) @ [UDB=(2,4)][LB=1][MC=2]
        Total # of inputs        : 4
        Total # of product terms : 3
        List of special equations: 
            Clock  = (\SPIM_2:Net_276\) => Global
            Clock Enable: True
        Main Equation            : 3 pterms
        (
              !\SPIM_2:BSPIM:state_2\ * \SPIM_2:BSPIM:state_1\
            + \SPIM_2:BSPIM:state_2\ * !\SPIM_2:BSPIM:state_1\
            + !\SPIM_2:BSPIM:state_1\ * !\SPIM_2:BSPIM:state_0\ * 
              !\SPIM_2:BSPIM:tx_status_1\
        );
        Output = \SPIM_2:BSPIM:state_0\ (fanout=12)
        Properties               : 
        {
        }

    [McSlotId=3]: (empty)
}

datapathcell: Name =\CapSense:ClockGen:UDB:PrescalerDp:u0\
    PORT MAP (
        clock => \CapSense:clk\ ,
        cs_addr_1 => \CapSense:ClockGen:cs_addr_1\ ,
        cs_addr_0 => \CapSense:ClockGen:inter_reset\ ,
        z0_comb => \CapSense:ClockGen:cs_addr_1\ ,
        ce1_comb => \CapSense:ClockGen:ppulse_equal\ ,
        cl1_comb => \CapSense:ClockGen:ppulse_less\ );
    Properties:
    {
        a0_init = "11111111"
        a1_init = "00000000"
        ce0_sync = 1
        ce1_sync = 1
        cl0_sync = 1
        cl1_sync = 1
        cmsb_sync = 1
        co_msb_sync = 1
        cy_dpconfig = "0100000001000000000000001000000000000000100000000000000010000000000000000000000000000000000000000000000000000000000000000000000011111111000000001111111111111111001000000000001000000101000000000001000000000000"
        d0_init = "00000000"
        d1_init = "00000000"
        f0_blk_sync = 1
        f0_bus_sync = 1
        f1_blk_sync = 1
        f1_bus_sync = 1
        ff0_sync = 1
        ff1_sync = 1
        ov_msb_sync = 1
        so_sync = 1
        z0_sync = 1
        z1_sync = 1
    }
    Clock Polarity: Active High
    Clock Enable: True

count7cell: Name =\SPIM_2:BSPIM:BitCounter\
    PORT MAP (
        clock => \SPIM_2:Net_276\ ,
        enable => \SPIM_2:BSPIM:cnt_enable\ ,
        count_6 => \SPIM_2:BSPIM:count_6\ ,
        count_5 => \SPIM_2:BSPIM:count_5\ ,
        count_4 => \SPIM_2:BSPIM:count_4\ ,
        count_3 => \SPIM_2:BSPIM:count_3\ ,
        count_2 => \SPIM_2:BSPIM:count_2\ ,
        count_1 => \SPIM_2:BSPIM:count_1\ ,
        count_0 => \SPIM_2:BSPIM:count_0\ ,
        tc => \SPIM_2:BSPIM:cnt_tc\ );
    Properties:
    {
        cy_alt_mode = 0
        cy_init_value = "0000000"
        cy_period = "0001111"
        cy_route_en = 1
        cy_route_ld = 0
    }
    Clock Polarity: Active High
    Clock Enable: True

UDB [UDB=(2,5)] contents:
LAB@[UDB=(2,5)][LB=0] #macrocells=2, #inputs=4, #pterms=5
{
    [McSlotId=0]:     MacroCell: Name=\SPIM_2:BSPIM:cnt_enable\, Mode=(T-Register) @ [UDB=(2,5)][LB=0][MC=0]
        Total # of inputs        : 4
        Total # of product terms : 4
        List of special equations: 
            Clock  = (\SPIM_2:Net_276\) => Global
            Clock Enable: True
        Main Equation            : 4 pterms
        (
              !\SPIM_2:BSPIM:state_2\ * !\SPIM_2:BSPIM:state_1\ * 
              !\SPIM_2:BSPIM:state_0\ * \SPIM_2:BSPIM:cnt_enable\
            + !\SPIM_2:BSPIM:state_2\ * \SPIM_2:BSPIM:state_1\ * 
              \SPIM_2:BSPIM:state_0\ * !\SPIM_2:BSPIM:cnt_enable\
            + \SPIM_2:BSPIM:state_2\ * !\SPIM_2:BSPIM:state_1\ * 
              \SPIM_2:BSPIM:state_0\ * \SPIM_2:BSPIM:cnt_enable\
            + \SPIM_2:BSPIM:state_2\ * \SPIM_2:BSPIM:state_1\ * 
              !\SPIM_2:BSPIM:state_0\ * \SPIM_2:BSPIM:cnt_enable\
        );
        Output = \SPIM_2:BSPIM:cnt_enable\ (fanout=3)
        Properties               : 
        {
        }

    [McSlotId=1]:     MacroCell: Name=\SPIM_2:BSPIM:tx_status_0\, Mode=(Combinatorial) @ [UDB=(2,5)][LB=0][MC=1]
        Total # of inputs        : 3
        Total # of product terms : 1
            Clock Enable: True
        Main Equation            : 1 pterm
        (
              \SPIM_2:BSPIM:state_2\ * !\SPIM_2:BSPIM:state_1\ * 
              \SPIM_2:BSPIM:state_0\
        );
        Output = \SPIM_2:BSPIM:tx_status_0\ (fanout=1)
        Properties               : 
        {
        }

    [McSlotId=2]: (empty)
    [McSlotId=3]: (empty)
}

LAB@[UDB=(2,5)][LB=1] #macrocells=1, #inputs=4, #pterms=4
{
    [McSlotId=0]:     MacroCell: Name=\SPIM_3:BSPIM:cnt_enable\, Mode=(T-Register) @ [UDB=(2,5)][LB=1][MC=0]
        Total # of inputs        : 4
        Total # of product terms : 4
        List of special equations: 
            Clock  = (\SPIM_3:Net_276\) => Global
            Clock Enable: True
        Main Equation            : 4 pterms
        (
              !\SPIM_3:BSPIM:state_2\ * !\SPIM_3:BSPIM:state_1\ * 
              !\SPIM_3:BSPIM:state_0\ * \SPIM_3:BSPIM:cnt_enable\
            + !\SPIM_3:BSPIM:state_2\ * \SPIM_3:BSPIM:state_1\ * 
              \SPIM_3:BSPIM:state_0\ * !\SPIM_3:BSPIM:cnt_enable\
            + \SPIM_3:BSPIM:state_2\ * !\SPIM_3:BSPIM:state_1\ * 
              \SPIM_3:BSPIM:state_0\ * \SPIM_3:BSPIM:cnt_enable\
            + \SPIM_3:BSPIM:state_2\ * \SPIM_3:BSPIM:state_1\ * 
              !\SPIM_3:BSPIM:state_0\ * \SPIM_3:BSPIM:cnt_enable\
        );
        Output = \SPIM_3:BSPIM:cnt_enable\ (fanout=3)
        Properties               : 
        {
        }

    [McSlotId=1]: (empty)
    [McSlotId=2]: (empty)
    [McSlotId=3]: (empty)
}

count7cell: Name =\SPIM_3:BSPIM:BitCounter\
    PORT MAP (
        clock => \SPIM_3:Net_276\ ,
        enable => \SPIM_3:BSPIM:cnt_enable\ ,
        count_6 => \SPIM_3:BSPIM:count_6\ ,
        count_5 => \SPIM_3:BSPIM:count_5\ ,
        count_4 => \SPIM_3:BSPIM:count_4\ ,
        count_3 => \SPIM_3:BSPIM:count_3\ ,
        count_2 => \SPIM_3:BSPIM:count_2\ ,
        count_1 => \SPIM_3:BSPIM:count_1\ ,
        count_0 => \SPIM_3:BSPIM:count_0\ ,
        tc => \SPIM_3:BSPIM:cnt_tc\ );
    Properties:
    {
        cy_alt_mode = 0
        cy_init_value = "0000000"
        cy_period = "0001111"
        cy_route_en = 1
        cy_route_ld = 0
    }
    Clock Polarity: Active High
    Clock Enable: True

UDB [UDB=(3,0)] contents:
LAB@[UDB=(3,0)][LB=0] #macrocells=3, #inputs=10, #pterms=8
{
    [McSlotId=0]:     MacroCell: Name=\SPIM_1:BSPIM:state_1\, Mode=(T-Register) @ [UDB=(3,0)][LB=0][MC=0]
        Total # of inputs        : 10
        Total # of product terms : 4
        List of special equations: 
            Clock  = (\SPIM_1:Net_276\) => Global
            Clock Enable: True
        Main Equation            : 4 pterms
        (
              !\SPIM_1:BSPIM:state_2\ * !\SPIM_1:BSPIM:state_1\ * 
              \SPIM_1:BSPIM:state_0\
            + !\SPIM_1:BSPIM:state_2\ * \SPIM_1:BSPIM:state_0\ * 
              !\SPIM_1:BSPIM:count_4\ * !\SPIM_1:BSPIM:count_3\ * 
              \SPIM_1:BSPIM:count_2\ * !\SPIM_1:BSPIM:count_1\ * 
              \SPIM_1:BSPIM:count_0\ * !\SPIM_1:BSPIM:tx_status_1\
            + \SPIM_1:BSPIM:state_2\ * !\SPIM_1:BSPIM:state_0\
            + \SPIM_1:BSPIM:state_1\ * !\SPIM_1:BSPIM:state_0\ * 
              !\SPIM_1:BSPIM:count_4\ * !\SPIM_1:BSPIM:count_3\ * 
              !\SPIM_1:BSPIM:count_2\ * \SPIM_1:BSPIM:count_1\ * 
              !\SPIM_1:BSPIM:count_0\ * !\SPIM_1:BSPIM:ld_ident\
        );
        Output = \SPIM_1:BSPIM:state_1\ (fanout=12)
        Properties               : 
        {
        }

    [McSlotId=1]:     MacroCell: Name=\SPIM_1:BSPIM:state_2\, Mode=(D-Register) @ [UDB=(3,0)][LB=0][MC=1]
        Total # of inputs        : 10
        Total # of product terms : 3
        List of special equations: 
            Clock  = (\SPIM_1:Net_276\) => Global
            Clock Enable: True
        Main Equation            : 3 pterms
        (
              !\SPIM_1:BSPIM:state_2\ * !\SPIM_1:BSPIM:state_1\ * 
              \SPIM_1:BSPIM:state_0\
            + !\SPIM_1:BSPIM:state_2\ * \SPIM_1:BSPIM:state_1\ * 
              !\SPIM_1:BSPIM:state_0\ * !\SPIM_1:BSPIM:count_4\ * 
              !\SPIM_1:BSPIM:count_3\ * !\SPIM_1:BSPIM:count_2\ * 
              \SPIM_1:BSPIM:count_1\ * !\SPIM_1:BSPIM:count_0\ * 
              !\SPIM_1:BSPIM:ld_ident\
            + !\SPIM_1:BSPIM:state_2\ * \SPIM_1:BSPIM:state_0\ * 
              !\SPIM_1:BSPIM:count_4\ * !\SPIM_1:BSPIM:count_3\ * 
              \SPIM_1:BSPIM:count_2\ * !\SPIM_1:BSPIM:count_1\ * 
              \SPIM_1:BSPIM:count_0\ * !\SPIM_1:BSPIM:tx_status_1\
        );
        Output = \SPIM_1:BSPIM:state_2\ (fanout=12)
        Properties               : 
        {
        }

    [McSlotId=2]:     MacroCell: Name=\SPIM_1:BSPIM:ld_ident\, Mode=(T-Register) @ [UDB=(3,0)][LB=0][MC=2]
        Total # of inputs        : 9
        Total # of product terms : 3
        List of special equations: 
            Clock  = (\SPIM_1:Net_276\) => Global
            Clock Enable: True
        Main Equation            : 3 pterms
        (
              \SPIM_1:BSPIM:state_2\ * !\SPIM_1:BSPIM:state_1\ * 
              !\SPIM_1:BSPIM:state_0\ * !\SPIM_1:BSPIM:ld_ident\
            + \SPIM_1:BSPIM:state_2\ * \SPIM_1:BSPIM:state_1\ * 
              !\SPIM_1:BSPIM:state_0\ * \SPIM_1:BSPIM:ld_ident\
            + \SPIM_1:BSPIM:state_1\ * !\SPIM_1:BSPIM:state_0\ * 
              !\SPIM_1:BSPIM:count_4\ * !\SPIM_1:BSPIM:count_3\ * 
              !\SPIM_1:BSPIM:count_2\ * \SPIM_1:BSPIM:count_1\ * 
              !\SPIM_1:BSPIM:count_0\ * \SPIM_1:BSPIM:ld_ident\
        );
        Output = \SPIM_1:BSPIM:ld_ident\ (fanout=4)
        Properties               : 
        {
        }

    [McSlotId=3]: (empty)
}

LAB@[UDB=(3,0)][LB=1] #macrocells=2, #inputs=10, #pterms=5
{
    [McSlotId=0]:     MacroCell: Name=\SPIM_1:BSPIM:load_cond\, Mode=(T-Register) @ [UDB=(3,0)][LB=1][MC=0]
        Total # of inputs        : 9
        Total # of product terms : 4
        List of special equations: 
            Clock  = (\SPIM_1:Net_276\) => Global
            Clock Enable: True
        Main Equation            : 4 pterms
        (
              !\SPIM_1:BSPIM:state_2\ * !\SPIM_1:BSPIM:count_4\ * 
              !\SPIM_1:BSPIM:count_3\ * !\SPIM_1:BSPIM:count_2\ * 
              !\SPIM_1:BSPIM:count_1\ * !\SPIM_1:BSPIM:count_0\ * 
              \SPIM_1:BSPIM:load_cond\
            + \SPIM_1:BSPIM:state_2\ * !\SPIM_1:BSPIM:state_1\ * 
              !\SPIM_1:BSPIM:state_0\ * !\SPIM_1:BSPIM:load_cond\
            + \SPIM_1:BSPIM:state_1\ * !\SPIM_1:BSPIM:count_4\ * 
              !\SPIM_1:BSPIM:count_3\ * !\SPIM_1:BSPIM:count_2\ * 
              !\SPIM_1:BSPIM:count_1\ * !\SPIM_1:BSPIM:count_0\ * 
              \SPIM_1:BSPIM:load_cond\
            + \SPIM_1:BSPIM:state_0\ * !\SPIM_1:BSPIM:count_4\ * 
              !\SPIM_1:BSPIM:count_3\ * !\SPIM_1:BSPIM:count_2\ * 
              !\SPIM_1:BSPIM:count_1\ * !\SPIM_1:BSPIM:count_0\ * 
              \SPIM_1:BSPIM:load_cond\
        );
        Output = \SPIM_1:BSPIM:load_cond\ (fanout=1)
        Properties               : 
        {
        }

    [McSlotId=1]: (empty)
    [McSlotId=2]:     MacroCell: Name=\SPIM_1:BSPIM:rx_status_6\, Mode=(Combinatorial) @ [UDB=(3,0)][LB=1][MC=2]
        Total # of inputs        : 6
        Total # of product terms : 1
            Clock Enable: True
        Main Equation            : 1 pterm
        (
              !\SPIM_1:BSPIM:count_4\ * !\SPIM_1:BSPIM:count_3\ * 
              !\SPIM_1:BSPIM:count_2\ * !\SPIM_1:BSPIM:count_1\ * 
              \SPIM_1:BSPIM:count_0\ * \SPIM_1:BSPIM:rx_status_4\
        );
        Output = \SPIM_1:BSPIM:rx_status_6\ (fanout=1)
        Properties               : 
        {
        }

    [McSlotId=3]: (empty)
}

datapathcell: Name =\SPIM_1:BSPIM:sR8:Dp:u0\
    PORT MAP (
        clock => \SPIM_1:Net_276\ ,
        cs_addr_2 => \SPIM_1:BSPIM:state_2\ ,
        cs_addr_1 => \SPIM_1:BSPIM:state_1\ ,
        cs_addr_0 => \SPIM_1:BSPIM:state_0\ ,
        route_si => Net_1415 ,
        f1_load => \SPIM_1:BSPIM:load_rx_data\ ,
        so_comb => \SPIM_1:BSPIM:mosi_from_dp\ ,
        f0_bus_stat_comb => \SPIM_1:BSPIM:tx_status_2\ ,
        f0_blk_stat_comb => \SPIM_1:BSPIM:tx_status_1\ ,
        f1_bus_stat_comb => \SPIM_1:BSPIM:rx_status_5\ ,
        f1_blk_stat_comb => \SPIM_1:BSPIM:rx_status_4\ );
    Properties:
    {
        a0_init = "00000000"
        a1_init = "00000000"
        ce0_sync = 1
        ce1_sync = 1
        cl0_sync = 1
        cl1_sync = 1
        cmsb_sync = 1
        co_msb_sync = 1
        cy_dpconfig = "0000000000000000000000001100000000000001010000000001000100010000000000011100000000010001000000000000000101000000000000010100000011111111000000001111111111111111000000000010001000001000111100000000000000000100"
        d0_init = "00000000"
        d1_init = "00000000"
        f0_blk_sync = 1
        f0_bus_sync = 1
        f1_blk_sync = 1
        f1_bus_sync = 1
        ff0_sync = 1
        ff1_sync = 1
        ov_msb_sync = 1
        so_sync = 1
        z0_sync = 1
        z1_sync = 1
    }
    Clock Polarity: Active High
    Clock Enable: True

statusicell: Name =\SPIM_1:BSPIM:RxStsReg\
    PORT MAP (
        clock => \SPIM_1:Net_276\ ,
        status_6 => \SPIM_1:BSPIM:rx_status_6\ ,
        status_5 => \SPIM_1:BSPIM:rx_status_5\ ,
        status_4 => \SPIM_1:BSPIM:rx_status_4\ );
    Properties:
    {
        cy_force_order = 1
        cy_int_mask = "0000000"
        cy_md_select = "1000000"
    }
    Clock Polarity: Active High
    Clock Enable: True

UDB [UDB=(3,1)] contents:
LAB@[UDB=(3,1)][LB=0] #macrocells=2, #inputs=11, #pterms=8
{
    [McSlotId=0]:     MacroCell: Name=Net_23, Mode=(D-Register) @ [UDB=(3,1)][LB=0][MC=0]
        Total # of inputs        : 11
        Total # of product terms : 7
        List of special equations: 
            Clock  = (\SPIM_1:Net_276\) => Global
            Clock Enable: True
        Main Equation            : 7 pterms
        !(
              !Net_23 * !\SPIM_1:BSPIM:state_2\ * \SPIM_1:BSPIM:state_0\
            + !\SPIM_1:BSPIM:state_2\ * !\SPIM_1:BSPIM:state_1\ * 
              !\SPIM_1:BSPIM:state_0\
            + !\SPIM_1:BSPIM:state_2\ * !\SPIM_1:BSPIM:state_0\ * 
              !\SPIM_1:BSPIM:count_4\ * !\SPIM_1:BSPIM:count_3\ * 
              !\SPIM_1:BSPIM:count_2\ * \SPIM_1:BSPIM:count_1\ * 
              !\SPIM_1:BSPIM:count_0\ * !\SPIM_1:BSPIM:ld_ident\
            + \SPIM_1:BSPIM:state_2\ * !\SPIM_1:BSPIM:state_1\ * 
              \SPIM_1:BSPIM:state_0\
            + \SPIM_1:BSPIM:state_2\ * \SPIM_1:BSPIM:state_1\ * 
              !\SPIM_1:BSPIM:state_0\
            + \SPIM_1:BSPIM:state_2\ * !\SPIM_1:BSPIM:mosi_from_dp\
            + !\SPIM_1:BSPIM:state_0\ * !\SPIM_1:BSPIM:mosi_from_dp\
        );
        Output = Net_23 (fanout=2)
        Properties               : 
        {
        }

    [McSlotId=1]:     MacroCell: Name=\SPIM_1:BSPIM:load_rx_data\, Mode=(Combinatorial) @ [UDB=(3,1)][LB=0][MC=1]
        Total # of inputs        : 5
        Total # of product terms : 1
            Clock Enable: True
        Main Equation            : 1 pterm
        (
              !\SPIM_1:BSPIM:count_4\ * !\SPIM_1:BSPIM:count_3\ * 
              !\SPIM_1:BSPIM:count_2\ * !\SPIM_1:BSPIM:count_1\ * 
              \SPIM_1:BSPIM:count_0\
        );
        Output = \SPIM_1:BSPIM:load_rx_data\ (fanout=2)
        Properties               : 
        {
        }

    [McSlotId=2]: (empty)
    [McSlotId=3]: (empty)
}

LAB@[UDB=(3,1)][LB=1] #macrocells=1, #inputs=2, #pterms=1
{
    [McSlotId=0]: (empty)
    [McSlotId=1]: (empty)
    [McSlotId=2]: (empty)
    [McSlotId=3]:     MacroCell: Name=\CapSense:ClockGen:clock_detect_reg\, Mode=(D-Register) @ [UDB=(3,1)][LB=1][MC=3]
        Total # of inputs        : 2
        Total # of product terms : 1
        List of special equations: 
            Clock  = (\CapSense:clk\) => Global
            Clock Enable: True
        Main Equation            : 1 pterm
        (
              \CapSense:ClockGen:tmp_ppulse_reg\ * 
              !\CapSense:ClockGen:tmp_ppulse_dly\
        );
        Output = \CapSense:ClockGen:clock_detect_reg\ (fanout=2)
        Properties               : 
        {
        }
}

datapathcell: Name =\CapSense:MeasureCH0:UDB:Window:u0\
    PORT MAP (
        clock => \CapSense:clk\ ,
        cs_addr_2 => \CapSense:MeasureCH0:cs_addr_win_2\ ,
        cs_addr_1 => \CapSense:MeasureCH0:cs_addr_win_1\ ,
        cs_addr_0 => \CapSense:MeasureCH0:cs_addr_win_0\ ,
        z0_comb => \CapSense:MeasureCH0:zw0\ ,
        z1_comb => \CapSense:MeasureCH0:zw1\ );
    Properties:
    {
        a0_init = "11111111"
        a1_init = "11111111"
        ce0_sync = 1
        ce1_sync = 1
        cl0_sync = 1
        cl1_sync = 1
        cmsb_sync = 1
        co_msb_sync = 1
        cy_dpconfig = "0000110000000000000011001111000000001100000000000000110000000000010011000100000001001100010000000101100010010000000011000000000000000000000000000000000000000000000000000000000000000000000000000000000000000000"
        d0_init = "11111111"
        d1_init = "00000000"
        f0_blk_sync = 1
        f0_bus_sync = 1
        f1_blk_sync = 1
        f1_bus_sync = 1
        ff0_sync = 1
        ff1_sync = 1
        ov_msb_sync = 1
        so_sync = 1
        z0_sync = 1
        z1_sync = 1
    }
    Clock Polarity: Active High
    Clock Enable: True

synccell: Name =\CapSense:MeasureCH0:genblk1:SyncCMPR\
    PORT MAP (
        clock => \CapSense:clk\ ,
        in => \CapSense:Cmp_CH0\ ,
        out => \CapSense:IdacCH0:Net_123\ ,
        clk_en => \CapSense:DigitalClk\ );
    Properties:
    {
    }
    Clock Polarity: Active High
    Clock Enable: PosEdge(\CapSense:DigitalClk\)

UDB [UDB=(3,2)] contents:
LAB@[UDB=(3,2)][LB=0] #macrocells=4, #inputs=5, #pterms=8
{
    [McSlotId=0]:     MacroCell: Name=\SPIM_1:BSPIM:cnt_enable\, Mode=(T-Register) @ [UDB=(3,2)][LB=0][MC=0]
        Total # of inputs        : 4
        Total # of product terms : 4
        List of special equations: 
            Clock  = (\SPIM_1:Net_276\) => Global
            Clock Enable: True
        Main Equation            : 4 pterms
        (
              !\SPIM_1:BSPIM:state_2\ * !\SPIM_1:BSPIM:state_1\ * 
              !\SPIM_1:BSPIM:state_0\ * \SPIM_1:BSPIM:cnt_enable\
            + !\SPIM_1:BSPIM:state_2\ * \SPIM_1:BSPIM:state_1\ * 
              \SPIM_1:BSPIM:state_0\ * !\SPIM_1:BSPIM:cnt_enable\
            + \SPIM_1:BSPIM:state_2\ * !\SPIM_1:BSPIM:state_1\ * 
              \SPIM_1:BSPIM:state_0\ * \SPIM_1:BSPIM:cnt_enable\
            + \SPIM_1:BSPIM:state_2\ * \SPIM_1:BSPIM:state_1\ * 
              !\SPIM_1:BSPIM:state_0\ * \SPIM_1:BSPIM:cnt_enable\
        );
        Output = \SPIM_1:BSPIM:cnt_enable\ (fanout=3)
        Properties               : 
        {
        }

    [McSlotId=1]:     MacroCell: Name=\SPIM_1:BSPIM:tx_status_0\, Mode=(Combinatorial) @ [UDB=(3,2)][LB=0][MC=1]
        Total # of inputs        : 3
        Total # of product terms : 1
            Clock Enable: True
        Main Equation            : 1 pterm
        (
              \SPIM_1:BSPIM:state_2\ * !\SPIM_1:BSPIM:state_1\ * 
              \SPIM_1:BSPIM:state_0\
        );
        Output = \SPIM_1:BSPIM:tx_status_0\ (fanout=1)
        Properties               : 
        {
        }

    [McSlotId=2]:     MacroCell: Name=\SPIM_1:BSPIM:tx_status_4\, Mode=(Combinatorial) @ [UDB=(3,2)][LB=0][MC=2]
        Total # of inputs        : 3
        Total # of product terms : 1
            Clock Enable: True
        Main Equation            : 1 pterm
        (
              !\SPIM_1:BSPIM:state_2\ * !\SPIM_1:BSPIM:state_1\ * 
              !\SPIM_1:BSPIM:state_0\
        );
        Output = \SPIM_1:BSPIM:tx_status_4\ (fanout=1)
        Properties               : 
        {
        }

    [McSlotId=3]:     MacroCell: Name=Net_1416, Mode=(D-Register) @ [UDB=(3,2)][LB=0][MC=3]
        Total # of inputs        : 4
        Total # of product terms : 2
        List of special equations: 
            Clock  = (\SPIM_1:Net_276\) => Global
            Clock Enable: True
        Main Equation            : 2 pterms
        (
              !\SPIM_1:BSPIM:state_2\ * \SPIM_1:BSPIM:state_1\ * 
              \SPIM_1:BSPIM:state_0\
            + \SPIM_1:BSPIM:state_1\ * \SPIM_1:BSPIM:state_0\ * Net_1416
        );
        Output = Net_1416 (fanout=2)
        Properties               : 
        {
        }
}

LAB@[UDB=(3,2)][LB=1] #macrocells=2, #inputs=5, #pterms=7
{
    [McSlotId=0]:     MacroCell: Name=\SPIM_3:BSPIM:state_0\, Mode=(T-Register) @ [UDB=(3,2)][LB=1][MC=0]
        Total # of inputs        : 4
        Total # of product terms : 3
        List of special equations: 
            Clock  = (\SPIM_3:Net_276\) => Global
            Clock Enable: True
        Main Equation            : 3 pterms
        (
              !\SPIM_3:BSPIM:state_2\ * \SPIM_3:BSPIM:state_1\
            + \SPIM_3:BSPIM:state_2\ * !\SPIM_3:BSPIM:state_1\
            + !\SPIM_3:BSPIM:state_1\ * !\SPIM_3:BSPIM:state_0\ * 
              !\SPIM_3:BSPIM:tx_status_1\
        );
        Output = \SPIM_3:BSPIM:state_0\ (fanout=12)
        Properties               : 
        {
        }

    [McSlotId=1]:     MacroCell: Name=Net_1461, Mode=(D-Register) @ [UDB=(3,2)][LB=1][MC=1]
        Total # of inputs        : 4
        Total # of product terms : 4
        List of special equations: 
            Clock  = (\SPIM_3:Net_276\) => Global
            Clock Enable: True
        Main Equation            : 4 pterms
        !(
              !Net_1461 * !\SPIM_3:BSPIM:state_2\ * \SPIM_3:BSPIM:state_1\
            + !Net_1461 * \SPIM_3:BSPIM:state_2\ * !\SPIM_3:BSPIM:state_1\ * 
              !\SPIM_3:BSPIM:state_0\
            + !Net_1461 * \SPIM_3:BSPIM:state_1\ * \SPIM_3:BSPIM:state_0\
            + !\SPIM_3:BSPIM:state_2\ * !\SPIM_3:BSPIM:state_1\ * 
              \SPIM_3:BSPIM:state_0\
        );
        Output = Net_1461 (fanout=2)
        Properties               : 
        {
        }

    [McSlotId=2]: (empty)
    [McSlotId=3]: (empty)
}

datapathcell: Name =\CapSense:ClockGen:sC16:PRSdp:u1\
    PORT MAP (
        clock => \CapSense:clk\ ,
        cs_addr_2 => \CapSense:ClockGen:inter_reset\ ,
        cs_addr_0 => \CapSense:ClockGen:clock_detect_reg\ ,
        cmsb_reg => \CapSense:ClockGen:cmsb_reg\ ,
        chain_in => \CapSense:ClockGen:sC16:PRSdp:carry\ );
    Properties:
    {
        a0_init = "00000000"
        a1_init = "00000000"
        ce0_sync = 1
        ce1_sync = 1
        cl0_sync = 1
        cl1_sync = 1
        cmsb_sync = 1
        co_msb_sync = 1
        cy_dpconfig = "0000000000000000101000010100100000000000000000000000000000000000000000001111000000000000111100000000000011110000000000001111000011111111000000001111111111111111000011000000001100000000111101000000000000000000"
        d0_init = "00000000"
        d1_init = "00000000"
        f0_blk_sync = 1
        f0_bus_sync = 1
        f1_blk_sync = 1
        f1_bus_sync = 1
        ff0_sync = 1
        ff1_sync = 1
        ov_msb_sync = 1
        so_sync = 1
        z0_sync = 1
        z1_sync = 1
    }
    Clock Polarity: Active High
    Clock Enable: True
    Previous in chain : \CapSense:ClockGen:sC16:PRSdp:u0\

count7cell: Name =\SPIM_1:BSPIM:BitCounter\
    PORT MAP (
        clock => \SPIM_1:Net_276\ ,
        enable => \SPIM_1:BSPIM:cnt_enable\ ,
        count_6 => \SPIM_1:BSPIM:count_6\ ,
        count_5 => \SPIM_1:BSPIM:count_5\ ,
        count_4 => \SPIM_1:BSPIM:count_4\ ,
        count_3 => \SPIM_1:BSPIM:count_3\ ,
        count_2 => \SPIM_1:BSPIM:count_2\ ,
        count_1 => \SPIM_1:BSPIM:count_1\ ,
        count_0 => \SPIM_1:BSPIM:count_0\ ,
        tc => \SPIM_1:BSPIM:cnt_tc\ );
    Properties:
    {
        cy_alt_mode = 0
        cy_init_value = "0000000"
        cy_period = "0001111"
        cy_route_en = 1
        cy_route_ld = 0
    }
    Clock Polarity: Active High
    Clock Enable: True

UDB [UDB=(3,3)] contents:
LAB@[UDB=(3,3)][LB=0] #macrocells=3, #inputs=11, #pterms=7
{
    [McSlotId=0]:     MacroCell: Name=\SPIM_3:BSPIM:load_cond\, Mode=(T-Register) @ [UDB=(3,3)][LB=0][MC=0]
        Total # of inputs        : 9
        Total # of product terms : 4
        List of special equations: 
            Clock  = (\SPIM_3:Net_276\) => Global
            Clock Enable: True
        Main Equation            : 4 pterms
        (
              !\SPIM_3:BSPIM:state_2\ * !\SPIM_3:BSPIM:count_4\ * 
              !\SPIM_3:BSPIM:count_3\ * !\SPIM_3:BSPIM:count_2\ * 
              !\SPIM_3:BSPIM:count_1\ * !\SPIM_3:BSPIM:count_0\ * 
              \SPIM_3:BSPIM:load_cond\
            + \SPIM_3:BSPIM:state_2\ * !\SPIM_3:BSPIM:state_1\ * 
              !\SPIM_3:BSPIM:state_0\ * !\SPIM_3:BSPIM:load_cond\
            + \SPIM_3:BSPIM:state_1\ * !\SPIM_3:BSPIM:count_4\ * 
              !\SPIM_3:BSPIM:count_3\ * !\SPIM_3:BSPIM:count_2\ * 
              !\SPIM_3:BSPIM:count_1\ * !\SPIM_3:BSPIM:count_0\ * 
              \SPIM_3:BSPIM:load_cond\
            + \SPIM_3:BSPIM:state_0\ * !\SPIM_3:BSPIM:count_4\ * 
              !\SPIM_3:BSPIM:count_3\ * !\SPIM_3:BSPIM:count_2\ * 
              !\SPIM_3:BSPIM:count_1\ * !\SPIM_3:BSPIM:count_0\ * 
              \SPIM_3:BSPIM:load_cond\
        );
        Output = \SPIM_3:BSPIM:load_cond\ (fanout=1)
        Properties               : 
        {
        }

    [McSlotId=1]:     MacroCell: Name=Net_25, Mode=(D-Register) @ [UDB=(3,3)][LB=0][MC=1]
        Total # of inputs        : 4
        Total # of product terms : 2
        List of special equations: 
            Clock  = (\SPIM_3:Net_276\) => Global
            Clock Enable: True
        Main Equation            : 2 pterms
        (
              Net_25 * \SPIM_3:BSPIM:state_1\ * \SPIM_3:BSPIM:state_0\
            + !\SPIM_3:BSPIM:state_2\ * \SPIM_3:BSPIM:state_1\ * 
              \SPIM_3:BSPIM:state_0\
        );
        Output = Net_25 (fanout=2)
        Properties               : 
        {
        }

    [McSlotId=2]: (empty)
    [McSlotId=3]:     MacroCell: Name=\SPIM_3:BSPIM:rx_status_6\, Mode=(Combinatorial) @ [UDB=(3,3)][LB=0][MC=3]
        Total # of inputs        : 6
        Total # of product terms : 1
            Clock Enable: True
        Main Equation            : 1 pterm
        (
              !\SPIM_3:BSPIM:count_4\ * !\SPIM_3:BSPIM:count_3\ * 
              !\SPIM_3:BSPIM:count_2\ * !\SPIM_3:BSPIM:count_1\ * 
              \SPIM_3:BSPIM:count_0\ * \SPIM_3:BSPIM:rx_status_4\
        );
        Output = \SPIM_3:BSPIM:rx_status_6\ (fanout=1)
        Properties               : 
        {
        }
}

LAB@[UDB=(3,3)][LB=1] #macrocells=2, #inputs=5, #pterms=7
{
    [McSlotId=0]: (empty)
    [McSlotId=1]:     MacroCell: Name=\SPIM_1:BSPIM:state_0\, Mode=(T-Register) @ [UDB=(3,3)][LB=1][MC=1]
        Total # of inputs        : 4
        Total # of product terms : 3
        List of special equations: 
            Clock  = (\SPIM_1:Net_276\) => Global
            Clock Enable: True
        Main Equation            : 3 pterms
        (
              !\SPIM_1:BSPIM:state_2\ * \SPIM_1:BSPIM:state_1\
            + \SPIM_1:BSPIM:state_2\ * !\SPIM_1:BSPIM:state_1\
            + !\SPIM_1:BSPIM:state_1\ * !\SPIM_1:BSPIM:state_0\ * 
              !\SPIM_1:BSPIM:tx_status_1\
        );
        Output = \SPIM_1:BSPIM:state_0\ (fanout=12)
        Properties               : 
        {
        }

    [McSlotId=2]:     MacroCell: Name=Net_1421, Mode=(D-Register) @ [UDB=(3,3)][LB=1][MC=2]
        Total # of inputs        : 4
        Total # of product terms : 4
        List of special equations: 
            Clock  = (\SPIM_1:Net_276\) => Global
            Clock Enable: True
        Main Equation            : 4 pterms
        !(
              !Net_1421 * !\SPIM_1:BSPIM:state_2\ * \SPIM_1:BSPIM:state_1\
            + !Net_1421 * \SPIM_1:BSPIM:state_2\ * !\SPIM_1:BSPIM:state_1\ * 
              !\SPIM_1:BSPIM:state_0\
            + !Net_1421 * \SPIM_1:BSPIM:state_1\ * \SPIM_1:BSPIM:state_0\
            + !\SPIM_1:BSPIM:state_2\ * !\SPIM_1:BSPIM:state_1\ * 
              \SPIM_1:BSPIM:state_0\
        );
        Output = Net_1421 (fanout=2)
        Properties               : 
        {
        }

    [McSlotId=3]: (empty)
}

datapathcell: Name =\CapSense:ClockGen:sC16:PRSdp:u0\
    PORT MAP (
        clock => \CapSense:clk\ ,
        cs_addr_2 => \CapSense:ClockGen:inter_reset\ ,
        cs_addr_0 => \CapSense:ClockGen:clock_detect_reg\ ,
        chain_out => \CapSense:ClockGen:sC16:PRSdp:carry\ );
    Properties:
    {
        a0_init = "00000000"
        a1_init = "00000000"
        ce0_sync = 1
        ce1_sync = 1
        cl0_sync = 1
        cl1_sync = 1
        cmsb_sync = 1
        co_msb_sync = 1
        cy_dpconfig = "0000000000000000101000010100100000000000000000000000000000000000000000001111000000000000111100000000000011110000000000001111000011111111000000001111111111111111000011000000001000000000111110000000000000000000"
        d0_init = "00000000"
        d1_init = "00000000"
        f0_blk_sync = 1
        f0_bus_sync = 1
        f1_blk_sync = 1
        f1_bus_sync = 1
        ff0_sync = 1
        ff1_sync = 1
        ov_msb_sync = 1
        so_sync = 1
        z0_sync = 1
        z1_sync = 1
    }
    Clock Polarity: Active High
    Clock Enable: True
    Next in chain : \CapSense:ClockGen:sC16:PRSdp:u1\

statusicell: Name =\SPIM_1:BSPIM:TxStsReg\
    PORT MAP (
        clock => \SPIM_1:Net_276\ ,
        status_4 => \SPIM_1:BSPIM:tx_status_4\ ,
        status_3 => \SPIM_1:BSPIM:load_rx_data\ ,
        status_2 => \SPIM_1:BSPIM:tx_status_2\ ,
        status_1 => \SPIM_1:BSPIM:tx_status_1\ ,
        status_0 => \SPIM_1:BSPIM:tx_status_0\ );
    Properties:
    {
        cy_force_order = 1
        cy_int_mask = "0000000"
        cy_md_select = "0001001"
    }
    Clock Polarity: Active High
    Clock Enable: True

UDB [UDB=(3,4)] contents:
datapathcell: Name =\SPIM_3:BSPIM:sR8:Dp:u0\
    PORT MAP (
        clock => \SPIM_3:Net_276\ ,
        cs_addr_2 => \SPIM_3:BSPIM:state_2\ ,
        cs_addr_1 => \SPIM_3:BSPIM:state_1\ ,
        cs_addr_0 => \SPIM_3:BSPIM:state_0\ ,
        route_si => Net_1455 ,
        f1_load => \SPIM_3:BSPIM:load_rx_data\ ,
        so_comb => \SPIM_3:BSPIM:mosi_from_dp\ ,
        f0_bus_stat_comb => \SPIM_3:BSPIM:tx_status_2\ ,
        f0_blk_stat_comb => \SPIM_3:BSPIM:tx_status_1\ ,
        f1_bus_stat_comb => \SPIM_3:BSPIM:rx_status_5\ ,
        f1_blk_stat_comb => \SPIM_3:BSPIM:rx_status_4\ );
    Properties:
    {
        a0_init = "00000000"
        a1_init = "00000000"
        ce0_sync = 1
        ce1_sync = 1
        cl0_sync = 1
        cl1_sync = 1
        cmsb_sync = 1
        co_msb_sync = 1
        cy_dpconfig = "0000000000000000000000001100000000000001010000000001000100010000000000011100000000010001000000000000000101000000000000010100000011111111000000001111111111111111000000000010001000001000111100000000000000000100"
        d0_init = "00000000"
        d1_init = "00000000"
        f0_blk_sync = 1
        f0_bus_sync = 1
        f1_blk_sync = 1
        f1_bus_sync = 1
        ff0_sync = 1
        ff1_sync = 1
        ov_msb_sync = 1
        so_sync = 1
        z0_sync = 1
        z1_sync = 1
    }
    Clock Polarity: Active High
    Clock Enable: True

statusicell: Name =\SPIM_3:BSPIM:RxStsReg\
    PORT MAP (
        clock => \SPIM_3:Net_276\ ,
        status_6 => \SPIM_3:BSPIM:rx_status_6\ ,
        status_5 => \SPIM_3:BSPIM:rx_status_5\ ,
        status_4 => \SPIM_3:BSPIM:rx_status_4\ ,
        interrupt => Net_1459 );
    Properties:
    {
        cy_force_order = 1
        cy_int_mask = "0000000"
        cy_md_select = "1000000"
    }
    Clock Polarity: Active High
    Clock Enable: True

UDB [UDB=(3,5)] contents:
LAB@[UDB=(3,5)][LB=0] #macrocells=4, #inputs=11, #pterms=8
{
    [McSlotId=0]:     MacroCell: Name=Net_1456, Mode=(D-Register) @ [UDB=(3,5)][LB=0][MC=0]
        Total # of inputs        : 11
        Total # of product terms : 7
        List of special equations: 
            Clock  = (\SPIM_3:Net_276\) => Global
            Clock Enable: True
        Main Equation            : 7 pterms
        !(
              !Net_1456 * !\SPIM_3:BSPIM:state_2\ * \SPIM_3:BSPIM:state_0\
            + !\SPIM_3:BSPIM:state_2\ * !\SPIM_3:BSPIM:state_1\ * 
              !\SPIM_3:BSPIM:state_0\
            + !\SPIM_3:BSPIM:state_2\ * !\SPIM_3:BSPIM:state_0\ * 
              !\SPIM_3:BSPIM:count_4\ * !\SPIM_3:BSPIM:count_3\ * 
              !\SPIM_3:BSPIM:count_2\ * \SPIM_3:BSPIM:count_1\ * 
              !\SPIM_3:BSPIM:count_0\ * !\SPIM_3:BSPIM:ld_ident\
            + \SPIM_3:BSPIM:state_2\ * !\SPIM_3:BSPIM:state_1\ * 
              \SPIM_3:BSPIM:state_0\
            + \SPIM_3:BSPIM:state_2\ * \SPIM_3:BSPIM:state_1\ * 
              !\SPIM_3:BSPIM:state_0\
            + \SPIM_3:BSPIM:state_2\ * !\SPIM_3:BSPIM:mosi_from_dp\
            + !\SPIM_3:BSPIM:state_0\ * !\SPIM_3:BSPIM:mosi_from_dp\
        );
        Output = Net_1456 (fanout=2)
        Properties               : 
        {
        }

    [McSlotId=1]:     MacroCell: Name=\SPIM_3:BSPIM:load_rx_data\, Mode=(Combinatorial) @ [UDB=(3,5)][LB=0][MC=1]
        Total # of inputs        : 5
        Total # of product terms : 1
            Clock Enable: True
        Main Equation            : 1 pterm
        (
              !\SPIM_3:BSPIM:count_4\ * !\SPIM_3:BSPIM:count_3\ * 
              !\SPIM_3:BSPIM:count_2\ * !\SPIM_3:BSPIM:count_1\ * 
              \SPIM_3:BSPIM:count_0\
        );
        Output = \SPIM_3:BSPIM:load_rx_data\ (fanout=2)
        Properties               : 
        {
        }

    [McSlotId=2]:     MacroCell: Name=\SPIM_3:BSPIM:tx_status_0\, Mode=(Combinatorial) @ [UDB=(3,5)][LB=0][MC=2]
        Total # of inputs        : 3
        Total # of product terms : 1
            Clock Enable: True
        Main Equation            : 1 pterm
        (
              \SPIM_3:BSPIM:state_2\ * !\SPIM_3:BSPIM:state_1\ * 
              \SPIM_3:BSPIM:state_0\
        );
        Output = \SPIM_3:BSPIM:tx_status_0\ (fanout=1)
        Properties               : 
        {
        }

    [McSlotId=3]:     MacroCell: Name=\SPIM_3:BSPIM:tx_status_4\, Mode=(Combinatorial) @ [UDB=(3,5)][LB=0][MC=3]
        Total # of inputs        : 3
        Total # of product terms : 1
            Clock Enable: True
        Main Equation            : 1 pterm
        (
              !\SPIM_3:BSPIM:state_2\ * !\SPIM_3:BSPIM:state_1\ * 
              !\SPIM_3:BSPIM:state_0\
        );
        Output = \SPIM_3:BSPIM:tx_status_4\ (fanout=1)
        Properties               : 
        {
        }
}

LAB@[UDB=(3,5)][LB=1] #macrocells=3, #inputs=10, #pterms=8
{
    [McSlotId=0]:     MacroCell: Name=\SPIM_3:BSPIM:state_1\, Mode=(T-Register) @ [UDB=(3,5)][LB=1][MC=0]
        Total # of inputs        : 10
        Total # of product terms : 4
        List of special equations: 
            Clock  = (\SPIM_3:Net_276\) => Global
            Clock Enable: True
        Main Equation            : 4 pterms
        (
              !\SPIM_3:BSPIM:state_2\ * !\SPIM_3:BSPIM:state_1\ * 
              \SPIM_3:BSPIM:state_0\
            + !\SPIM_3:BSPIM:state_2\ * \SPIM_3:BSPIM:state_0\ * 
              !\SPIM_3:BSPIM:count_4\ * !\SPIM_3:BSPIM:count_3\ * 
              \SPIM_3:BSPIM:count_2\ * !\SPIM_3:BSPIM:count_1\ * 
              \SPIM_3:BSPIM:count_0\ * !\SPIM_3:BSPIM:tx_status_1\
            + \SPIM_3:BSPIM:state_2\ * !\SPIM_3:BSPIM:state_0\
            + \SPIM_3:BSPIM:state_1\ * !\SPIM_3:BSPIM:state_0\ * 
              !\SPIM_3:BSPIM:count_4\ * !\SPIM_3:BSPIM:count_3\ * 
              !\SPIM_3:BSPIM:count_2\ * \SPIM_3:BSPIM:count_1\ * 
              !\SPIM_3:BSPIM:count_0\ * !\SPIM_3:BSPIM:ld_ident\
        );
        Output = \SPIM_3:BSPIM:state_1\ (fanout=12)
        Properties               : 
        {
        }

    [McSlotId=1]:     MacroCell: Name=\SPIM_3:BSPIM:state_2\, Mode=(D-Register) @ [UDB=(3,5)][LB=1][MC=1]
        Total # of inputs        : 10
        Total # of product terms : 3
        List of special equations: 
            Clock  = (\SPIM_3:Net_276\) => Global
            Clock Enable: True
        Main Equation            : 3 pterms
        (
              !\SPIM_3:BSPIM:state_2\ * !\SPIM_3:BSPIM:state_1\ * 
              \SPIM_3:BSPIM:state_0\
            + !\SPIM_3:BSPIM:state_2\ * \SPIM_3:BSPIM:state_1\ * 
              !\SPIM_3:BSPIM:state_0\ * !\SPIM_3:BSPIM:count_4\ * 
              !\SPIM_3:BSPIM:count_3\ * !\SPIM_3:BSPIM:count_2\ * 
              \SPIM_3:BSPIM:count_1\ * !\SPIM_3:BSPIM:count_0\ * 
              !\SPIM_3:BSPIM:ld_ident\
            + !\SPIM_3:BSPIM:state_2\ * \SPIM_3:BSPIM:state_0\ * 
              !\SPIM_3:BSPIM:count_4\ * !\SPIM_3:BSPIM:count_3\ * 
              \SPIM_3:BSPIM:count_2\ * !\SPIM_3:BSPIM:count_1\ * 
              \SPIM_3:BSPIM:count_0\ * !\SPIM_3:BSPIM:tx_status_1\
        );
        Output = \SPIM_3:BSPIM:state_2\ (fanout=12)
        Properties               : 
        {
        }

    [McSlotId=2]:     MacroCell: Name=\SPIM_3:BSPIM:ld_ident\, Mode=(T-Register) @ [UDB=(3,5)][LB=1][MC=2]
        Total # of inputs        : 9
        Total # of product terms : 3
        List of special equations: 
            Clock  = (\SPIM_3:Net_276\) => Global
            Clock Enable: True
        Main Equation            : 3 pterms
        (
              \SPIM_3:BSPIM:state_2\ * !\SPIM_3:BSPIM:state_1\ * 
              !\SPIM_3:BSPIM:state_0\ * !\SPIM_3:BSPIM:ld_ident\
            + \SPIM_3:BSPIM:state_2\ * \SPIM_3:BSPIM:state_1\ * 
              !\SPIM_3:BSPIM:state_0\ * \SPIM_3:BSPIM:ld_ident\
            + \SPIM_3:BSPIM:state_1\ * !\SPIM_3:BSPIM:state_0\ * 
              !\SPIM_3:BSPIM:count_4\ * !\SPIM_3:BSPIM:count_3\ * 
              !\SPIM_3:BSPIM:count_2\ * \SPIM_3:BSPIM:count_1\ * 
              !\SPIM_3:BSPIM:count_0\ * \SPIM_3:BSPIM:ld_ident\
        );
        Output = \SPIM_3:BSPIM:ld_ident\ (fanout=4)
        Properties               : 
        {
        }

    [McSlotId=3]: (empty)
}

statusicell: Name =\SPIM_3:BSPIM:TxStsReg\
    PORT MAP (
        clock => \SPIM_3:Net_276\ ,
        status_4 => \SPIM_3:BSPIM:tx_status_4\ ,
        status_3 => \SPIM_3:BSPIM:load_rx_data\ ,
        status_2 => \SPIM_3:BSPIM:tx_status_2\ ,
        status_1 => \SPIM_3:BSPIM:tx_status_1\ ,
        status_0 => \SPIM_3:BSPIM:tx_status_0\ ,
        interrupt => Net_1462 );
    Properties:
    {
        cy_force_order = 1
        cy_int_mask = "0000000"
        cy_md_select = "0001001"
    }
    Clock Polarity: Active High
    Clock Enable: True

Intr container @ [IntrContainer=(0)]: 
  Intr@ [IntrContainer=(0)][IntrId=(0)] 
    interrupt: Name =\CapSense:IsrCH0\
        PORT MAP (
            interrupt => \CapSense:Net_1603\ );
        Properties:
        {
            int_type = "00"
            is_nmi = 0
        }
  Intr@ [IntrContainer=(0)][IntrId=(1)] 
    interrupt: Name =\SPIM_3:RxInternalInterrupt\
        PORT MAP (
            interrupt => Net_1459 );
        Properties:
        {
            int_type = "10"
            is_nmi = 0
        }
  Intr@ [IntrContainer=(0)][IntrId=(2)] 
    interrupt: Name =\SPIM_3:TxInternalInterrupt\
        PORT MAP (
            interrupt => Net_1462 );
        Properties:
        {
            int_type = "10"
            is_nmi = 0
        }
Drq container @ [DrqContainer=(0)]: empty
Port 0 contains the following IO cells:
[IoId=2]: 
Pin : Name = MISO_3(0)
    Attributes:
        In Group/Port: True
        In Sync Option: NOSYNC
        Out Sync Option: AUTO
        Interrupt generated: False
        Interrupt mode: NONE
        Drive mode: HI_Z_DIGITAL
        VTrip: CMOS
        Slew: FAST
        Input Sync needed: False
        Output Sync needed: False
        SC shield enabled: False
        POR State: ANY
        LCD Mode: COMMON
        Register Mode: RegComb
        CaSense Mode: NEITHER
        Treat as pin: True
        Is OE Registered: False
        Uses Analog: False
        Can contain Digital: True
        Is SIO: False
        SIO Output Buf: NONREGULATED
        SIO Input Buf: SINGLE_ENDED
        SIO HiFreq: LOW
        SIO Hyst: DISABLED
        SIO Vtrip: MULTIPLIER_0_5
        SIO Multiplier Index: 0
        SIO RefSel: VCC_IO
        Required Capabilities: DIGITAL, ROUTABLE
        Initial Value: 0
        IO Voltage: 0
    PORT MAP (
        pa_out => MISO_3(0)__PA ,
        fb => Net_1455 ,
        pad => MISO_3(0)_PAD );
    Properties:
    {
    }

[IoId=6]: 
Pin : Name = SS_3(0)
    Attributes:
        In Group/Port: True
        In Sync Option: AUTO
        Out Sync Option: NOSYNC
        Interrupt generated: False
        Interrupt mode: NONE
        Drive mode: CMOS_OUT
        VTrip: EITHER
        Slew: FAST
        Input Sync needed: False
        Output Sync needed: False
        SC shield enabled: False
        POR State: ANY
        LCD Mode: COMMON
        Register Mode: RegComb
        CaSense Mode: NEITHER
        Treat as pin: True
        Is OE Registered: False
        Uses Analog: False
        Can contain Digital: True
        Is SIO: False
        SIO Output Buf: NONREGULATED
        SIO Input Buf: SINGLE_ENDED
        SIO HiFreq: LOW
        SIO Hyst: DISABLED
        SIO Vtrip: MULTIPLIER_0_5
        SIO Multiplier Index: 0
        SIO RefSel: VCC_IO
        Required Capabilities: DIGITAL, ROUTABLE
        Initial Value: 0
        IO Voltage: 0
    PORT MAP (
        pa_out => SS_3(0)__PA ,
        pin_input => Net_1461 ,
        pad => SS_3(0)_PAD );
    Properties:
    {
    }

[IoId=7]: 
Pin : Name = SCLK_3(0)
    Attributes:
        In Group/Port: True
        In Sync Option: AUTO
        Out Sync Option: NOSYNC
        Interrupt generated: False
        Interrupt mode: NONE
        Drive mode: CMOS_OUT
        VTrip: EITHER
        Slew: FAST
        Input Sync needed: False
        Output Sync needed: False
        SC shield enabled: False
        POR State: ANY
        LCD Mode: COMMON
        Register Mode: RegComb
        CaSense Mode: NEITHER
        Treat as pin: True
        Is OE Registered: False
        Uses Analog: False
        Can contain Digital: True
        Is SIO: False
        SIO Output Buf: NONREGULATED
        SIO Input Buf: SINGLE_ENDED
        SIO HiFreq: LOW
        SIO Hyst: DISABLED
        SIO Vtrip: MULTIPLIER_0_5
        SIO Multiplier Index: 0
        SIO RefSel: VCC_IO
        Required Capabilities: DIGITAL, ROUTABLE
        Initial Value: 0
        IO Voltage: 0
    PORT MAP (
        pa_out => SCLK_3(0)__PA ,
        pin_input => Net_25 ,
        pad => SCLK_3(0)_PAD );
    Properties:
    {
    }

Port 1 contains the following IO cells:
[IoId=4]: 
Pin : Name = SCLK_2(0)
    Attributes:
        In Group/Port: True
        In Sync Option: AUTO
        Out Sync Option: NOSYNC
        Interrupt generated: False
        Interrupt mode: NONE
        Drive mode: CMOS_OUT
        VTrip: EITHER
        Slew: FAST
        Input Sync needed: False
        Output Sync needed: False
        SC shield enabled: False
        POR State: ANY
        LCD Mode: COMMON
        Register Mode: RegComb
        CaSense Mode: NEITHER
        Treat as pin: True
        Is OE Registered: False
        Uses Analog: False
        Can contain Digital: True
        Is SIO: False
        SIO Output Buf: NONREGULATED
        SIO Input Buf: SINGLE_ENDED
        SIO HiFreq: LOW
        SIO Hyst: DISABLED
        SIO Vtrip: MULTIPLIER_0_5
        SIO Multiplier Index: 0
        SIO RefSel: VCC_IO
        Required Capabilities: DIGITAL, ROUTABLE
        Initial Value: 0
        IO Voltage: 0
    PORT MAP (
        pa_out => SCLK_2(0)__PA ,
        pin_input => Net_1416 ,
        pad => SCLK_2(0)_PAD );
    Properties:
    {
    }

[IoId=5]: 
Pin : Name = SS_2(0)
    Attributes:
        In Group/Port: True
        In Sync Option: AUTO
        Out Sync Option: NOSYNC
        Interrupt generated: False
        Interrupt mode: NONE
        Drive mode: CMOS_OUT
        VTrip: EITHER
        Slew: FAST
        Input Sync needed: False
        Output Sync needed: False
        SC shield enabled: False
        POR State: ANY
        LCD Mode: COMMON
        Register Mode: RegComb
        CaSense Mode: NEITHER
        Treat as pin: True
        Is OE Registered: False
        Uses Analog: False
        Can contain Digital: True
        Is SIO: False
        SIO Output Buf: NONREGULATED
        SIO Input Buf: SINGLE_ENDED
        SIO HiFreq: LOW
        SIO Hyst: DISABLED
        SIO Vtrip: MULTIPLIER_0_5
        SIO Multiplier Index: 0
        SIO RefSel: VCC_IO
        Required Capabilities: DIGITAL, ROUTABLE
        Initial Value: 0
        IO Voltage: 0
    PORT MAP (
        pa_out => SS_2(0)__PA ,
        pin_input => Net_1421 ,
        pad => SS_2(0)_PAD );
    Properties:
    {
    }

[IoId=6]: 
Pin : Name = MISO_2(0)
    Attributes:
        In Group/Port: True
        In Sync Option: NOSYNC
        Out Sync Option: AUTO
        Interrupt generated: False
        Interrupt mode: NONE
        Drive mode: HI_Z_DIGITAL
        VTrip: CMOS
        Slew: FAST
        Input Sync needed: False
        Output Sync needed: False
        SC shield enabled: False
        POR State: ANY
        LCD Mode: COMMON
        Register Mode: RegComb
        CaSense Mode: NEITHER
        Treat as pin: True
        Is OE Registered: False
        Uses Analog: False
        Can contain Digital: True
        Is SIO: False
        SIO Output Buf: NONREGULATED
        SIO Input Buf: SINGLE_ENDED
        SIO HiFreq: LOW
        SIO Hyst: DISABLED
        SIO Vtrip: MULTIPLIER_0_5
        SIO Multiplier Index: 0
        SIO RefSel: VCC_IO
        Required Capabilities: DIGITAL, ROUTABLE
        Initial Value: 0
        IO Voltage: 0
    PORT MAP (
        pa_out => MISO_2(0)__PA ,
        fb => Net_1415 ,
        pad => MISO_2(0)_PAD );
    Properties:
    {
    }

[IoId=7]: 
Pin : Name = MOSI_2(0)
    Attributes:
        In Group/Port: True
        In Sync Option: AUTO
        Out Sync Option: NOSYNC
        Interrupt generated: False
        Interrupt mode: NONE
        Drive mode: CMOS_OUT
        VTrip: EITHER
        Slew: FAST
        Input Sync needed: False
        Output Sync needed: False
        SC shield enabled: False
        POR State: ANY
        LCD Mode: COMMON
        Register Mode: RegComb
        CaSense Mode: NEITHER
        Treat as pin: True
        Is OE Registered: False
        Uses Analog: False
        Can contain Digital: True
        Is SIO: False
        SIO Output Buf: NONREGULATED
        SIO Input Buf: SINGLE_ENDED
        SIO HiFreq: LOW
        SIO Hyst: DISABLED
        SIO Vtrip: MULTIPLIER_0_5
        SIO Multiplier Index: 0
        SIO RefSel: VCC_IO
        Required Capabilities: DIGITAL, ROUTABLE
        Initial Value: 0
        IO Voltage: 0
    PORT MAP (
        pa_out => MOSI_2(0)__PA ,
        pin_input => Net_23 ,
        pad => MOSI_2(0)_PAD );
    Properties:
    {
    }

Port 2 contains the following IO cells:
[IoId=0]: 
Pin : Name = \CapSense:PortCH0(9)\
    Attributes:
        Alias: Button9__BTN
        In Group/Port: True
        In Sync Option: AUTO
        Out Sync Option: AUTO
        Interrupt generated: False
        Interrupt mode: NONE
        Drive mode: OPEN_DRAIN_LO
        VTrip: CMOS
        Slew: FAST
        Input Sync needed: False
        Output Sync needed: False
        SC shield enabled: False
        POR State: INP_DIS_HI_Z
        LCD Mode: COMMON
        Register Mode: RegComb
        CaSense Mode: PULLDOWN
        Treat as pin: True
        Is OE Registered: False
        Uses Analog: True
        Can contain Digital: False
        Is SIO: False
        SIO Output Buf: NONREGULATED
        SIO Input Buf: SINGLE_ENDED
        SIO HiFreq: LOW
        SIO Hyst: DISABLED
        SIO Vtrip: MULTIPLIER_0_5
        SIO Multiplier Index: 0
        SIO RefSel: VCC_IO
        Required Capabilities: ANALOG
        Initial Value: 0
        IO Voltage: 0
    PORT MAP (
        pa_out => \CapSense:PortCH0(9)\__PA ,
        pad => \CapSense:PortCH0(9)_PAD\ ,
        analog_term => \CapSense:Net_1410_9\ );
    Properties:
    {
    }

[IoId=3]: 
Pin : Name = \CapSense:PortCH0(4)\
    Attributes:
        Alias: Button4__BTN
        In Group/Port: True
        In Sync Option: AUTO
        Out Sync Option: AUTO
        Interrupt generated: False
        Interrupt mode: NONE
        Drive mode: OPEN_DRAIN_LO
        VTrip: CMOS
        Slew: FAST
        Input Sync needed: False
        Output Sync needed: False
        SC shield enabled: False
        POR State: INP_DIS_HI_Z
        LCD Mode: COMMON
        Register Mode: RegComb
        CaSense Mode: PULLDOWN
        Treat as pin: True
        Is OE Registered: False
        Uses Analog: True
        Can contain Digital: False
        Is SIO: False
        SIO Output Buf: NONREGULATED
        SIO Input Buf: SINGLE_ENDED
        SIO HiFreq: LOW
        SIO Hyst: DISABLED
        SIO Vtrip: MULTIPLIER_0_5
        SIO Multiplier Index: 0
        SIO RefSel: VCC_IO
        Required Capabilities: ANALOG
        Initial Value: 0
        IO Voltage: 0
    PORT MAP (
        pa_out => \CapSense:PortCH0(4)\__PA ,
        pad => \CapSense:PortCH0(4)_PAD\ ,
        analog_term => \CapSense:Net_1410_4\ );
    Properties:
    {
    }

[IoId=4]: 
Pin : Name = \CapSense:PortCH0(3)\
    Attributes:
        Alias: Button3__BTN
        In Group/Port: True
        In Sync Option: AUTO
        Out Sync Option: AUTO
        Interrupt generated: False
        Interrupt mode: NONE
        Drive mode: OPEN_DRAIN_LO
        VTrip: CMOS
        Slew: FAST
        Input Sync needed: False
        Output Sync needed: False
        SC shield enabled: False
        POR State: INP_DIS_HI_Z
        LCD Mode: COMMON
        Register Mode: RegComb
        CaSense Mode: PULLDOWN
        Treat as pin: True
        Is OE Registered: False
        Uses Analog: True
        Can contain Digital: False
        Is SIO: False
        SIO Output Buf: NONREGULATED
        SIO Input Buf: SINGLE_ENDED
        SIO HiFreq: LOW
        SIO Hyst: DISABLED
        SIO Vtrip: MULTIPLIER_0_5
        SIO Multiplier Index: 0
        SIO RefSel: VCC_IO
        Required Capabilities: ANALOG
        Initial Value: 0
        IO Voltage: 0
    PORT MAP (
        pa_out => \CapSense:PortCH0(3)\__PA ,
        pad => \CapSense:PortCH0(3)_PAD\ ,
        analog_term => \CapSense:Net_1410_3\ );
    Properties:
    {
    }

[IoId=5]: 
Pin : Name = \CapSense:PortCH0(2)\
    Attributes:
        Alias: Button2__BTN
        In Group/Port: True
        In Sync Option: AUTO
        Out Sync Option: AUTO
        Interrupt generated: False
        Interrupt mode: NONE
        Drive mode: OPEN_DRAIN_LO
        VTrip: CMOS
        Slew: FAST
        Input Sync needed: False
        Output Sync needed: False
        SC shield enabled: False
        POR State: INP_DIS_HI_Z
        LCD Mode: COMMON
        Register Mode: RegComb
        CaSense Mode: PULLDOWN
        Treat as pin: True
        Is OE Registered: False
        Uses Analog: True
        Can contain Digital: False
        Is SIO: False
        SIO Output Buf: NONREGULATED
        SIO Input Buf: SINGLE_ENDED
        SIO HiFreq: LOW
        SIO Hyst: DISABLED
        SIO Vtrip: MULTIPLIER_0_5
        SIO Multiplier Index: 0
        SIO RefSel: VCC_IO
        Required Capabilities: ANALOG
        Initial Value: 0
        IO Voltage: 0
    PORT MAP (
        pa_out => \CapSense:PortCH0(2)\__PA ,
        pad => \CapSense:PortCH0(2)_PAD\ ,
        analog_term => \CapSense:Net_1410_2\ );
    Properties:
    {
    }

[IoId=6]: 
Pin : Name = \CapSense:PortCH0(1)\
    Attributes:
        Alias: Button1__BTN
        In Group/Port: True
        In Sync Option: AUTO
        Out Sync Option: AUTO
        Interrupt generated: False
        Interrupt mode: NONE
        Drive mode: OPEN_DRAIN_LO
        VTrip: CMOS
        Slew: FAST
        Input Sync needed: False
        Output Sync needed: False
        SC shield enabled: False
        POR State: INP_DIS_HI_Z
        LCD Mode: COMMON
        Register Mode: RegComb
        CaSense Mode: PULLDOWN
        Treat as pin: True
        Is OE Registered: False
        Uses Analog: True
        Can contain Digital: False
        Is SIO: False
        SIO Output Buf: NONREGULATED
        SIO Input Buf: SINGLE_ENDED
        SIO HiFreq: LOW
        SIO Hyst: DISABLED
        SIO Vtrip: MULTIPLIER_0_5
        SIO Multiplier Index: 0
        SIO RefSel: VCC_IO
        Required Capabilities: ANALOG
        Initial Value: 0
        IO Voltage: 0
    PORT MAP (
        pa_out => \CapSense:PortCH0(1)\__PA ,
        pad => \CapSense:PortCH0(1)_PAD\ ,
        analog_term => \CapSense:Net_1410_1\ );
    Properties:
    {
    }

[IoId=7]: 
Pin : Name = \CapSense:PortCH0(0)\
    Attributes:
        Alias: Button0__BTN
        In Group/Port: True
        In Sync Option: AUTO
        Out Sync Option: AUTO
        Interrupt generated: False
        Interrupt mode: NONE
        Drive mode: OPEN_DRAIN_LO
        VTrip: CMOS
        Slew: FAST
        Input Sync needed: False
        Output Sync needed: False
        SC shield enabled: False
        POR State: INP_DIS_HI_Z
        LCD Mode: COMMON
        Register Mode: RegComb
        CaSense Mode: PULLDOWN
        Treat as pin: True
        Is OE Registered: False
        Uses Analog: True
        Can contain Digital: False
        Is SIO: False
        SIO Output Buf: NONREGULATED
        SIO Input Buf: SINGLE_ENDED
        SIO HiFreq: LOW
        SIO Hyst: DISABLED
        SIO Vtrip: MULTIPLIER_0_5
        SIO Multiplier Index: 0
        SIO RefSel: VCC_IO
        Required Capabilities: ANALOG
        Initial Value: 0
        IO Voltage: 0
    PORT MAP (
        pa_out => \CapSense:PortCH0(0)\__PA ,
        pad => \CapSense:PortCH0(0)_PAD\ ,
        analog_term => \CapSense:Net_1410_0\ );
    Properties:
    {
    }

Port 3 contains the following IO cells:
Port 4 contains the following IO cells:
[IoId=2]: 
Pin : Name = MOSI_3(0)
    Attributes:
        In Group/Port: True
        In Sync Option: AUTO
        Out Sync Option: NOSYNC
        Interrupt generated: False
        Interrupt mode: NONE
        Drive mode: CMOS_OUT
        VTrip: EITHER
        Slew: FAST
        Input Sync needed: False
        Output Sync needed: False
        SC shield enabled: False
        POR State: ANY
        LCD Mode: COMMON
        Register Mode: RegComb
        CaSense Mode: NEITHER
        Treat as pin: True
        Is OE Registered: False
        Uses Analog: False
        Can contain Digital: True
        Is SIO: False
        SIO Output Buf: NONREGULATED
        SIO Input Buf: SINGLE_ENDED
        SIO HiFreq: LOW
        SIO Hyst: DISABLED
        SIO Vtrip: MULTIPLIER_0_5
        SIO Multiplier Index: 0
        SIO RefSel: VCC_IO
        Required Capabilities: DIGITAL, ROUTABLE
        Initial Value: 0
        IO Voltage: 0
    PORT MAP (
        pa_out => MOSI_3(0)__PA ,
        pin_input => Net_1456 ,
        pad => MOSI_3(0)_PAD );
    Properties:
    {
    }

Port 5 contains the following IO cells:
[IoId=1]: 
Pin : Name = LED(0)
    Attributes:
        In Group/Port: True
        In Sync Option: AUTO
        Out Sync Option: NOSYNC
        Interrupt generated: False
        Interrupt mode: NONE
        Drive mode: CMOS_OUT
        VTrip: EITHER
        Slew: FAST
        Input Sync needed: False
        Output Sync needed: False
        SC shield enabled: False
        POR State: ANY
        LCD Mode: COMMON
        Register Mode: RegComb
        CaSense Mode: NEITHER
        Treat as pin: True
        Is OE Registered: False
        Uses Analog: False
        Can contain Digital: True
        Is SIO: False
        SIO Output Buf: NONREGULATED
        SIO Input Buf: SINGLE_ENDED
        SIO HiFreq: LOW
        SIO Hyst: DISABLED
        SIO Vtrip: MULTIPLIER_0_5
        SIO Multiplier Index: 0
        SIO RefSel: VCC_IO
        Required Capabilities: DIGITAL
        Initial Value: 0
        IO Voltage: 0
    PORT MAP (
        pa_out => LED(0)__PA ,
        pad => LED(0)_PAD );
    Properties:
    {
    }

[IoId=4]: 
Pin : Name = SCLK_1(0)
    Attributes:
        In Group/Port: True
        In Sync Option: AUTO
        Out Sync Option: NOSYNC
        Interrupt generated: False
        Interrupt mode: NONE
        Drive mode: CMOS_OUT
        VTrip: EITHER
        Slew: FAST
        Input Sync needed: False
        Output Sync needed: False
        SC shield enabled: False
        POR State: ANY
        LCD Mode: COMMON
        Register Mode: RegComb
        CaSense Mode: NEITHER
        Treat as pin: True
        Is OE Registered: False
        Uses Analog: False
        Can contain Digital: True
        Is SIO: False
        SIO Output Buf: NONREGULATED
        SIO Input Buf: SINGLE_ENDED
        SIO HiFreq: LOW
        SIO Hyst: DISABLED
        SIO Vtrip: MULTIPLIER_0_5
        SIO Multiplier Index: 0
        SIO RefSel: VCC_IO
        Required Capabilities: DIGITAL, ROUTABLE
        Initial Value: 0
        IO Voltage: 0
    PORT MAP (
        pa_out => SCLK_1(0)__PA ,
        pin_input => Net_415 ,
        pad => SCLK_1(0)_PAD );
    Properties:
    {
    }

[IoId=5]: 
Pin : Name = SS_1(0)
    Attributes:
        In Group/Port: True
        In Sync Option: AUTO
        Out Sync Option: NOSYNC
        Interrupt generated: False
        Interrupt mode: NONE
        Drive mode: CMOS_OUT
        VTrip: EITHER
        Slew: FAST
        Input Sync needed: False
        Output Sync needed: False
        SC shield enabled: False
        POR State: ANY
        LCD Mode: COMMON
        Register Mode: RegComb
        CaSense Mode: NEITHER
        Treat as pin: True
        Is OE Registered: False
        Uses Analog: False
        Can contain Digital: True
        Is SIO: False
        SIO Output Buf: NONREGULATED
        SIO Input Buf: SINGLE_ENDED
        SIO HiFreq: LOW
        SIO Hyst: DISABLED
        SIO Vtrip: MULTIPLIER_0_5
        SIO Multiplier Index: 0
        SIO RefSel: VCC_IO
        Required Capabilities: DIGITAL, ROUTABLE
        Initial Value: 0
        IO Voltage: 0
    PORT MAP (
        pa_out => SS_1(0)__PA ,
        pin_input => Net_437 ,
        pad => SS_1(0)_PAD );
    Properties:
    {
    }

[IoId=6]: 
Pin : Name = MISO_1(0)
    Attributes:
        In Group/Port: True
        In Sync Option: NOSYNC
        Out Sync Option: AUTO
        Interrupt generated: False
        Interrupt mode: NONE
        Drive mode: HI_Z_DIGITAL
        VTrip: CMOS
        Slew: FAST
        Input Sync needed: False
        Output Sync needed: False
        SC shield enabled: False
        POR State: ANY
        LCD Mode: COMMON
        Register Mode: RegComb
        CaSense Mode: NEITHER
        Treat as pin: True
        Is OE Registered: False
        Uses Analog: False
        Can contain Digital: True
        Is SIO: False
        SIO Output Buf: NONREGULATED
        SIO Input Buf: SINGLE_ENDED
        SIO HiFreq: LOW
        SIO Hyst: DISABLED
        SIO Vtrip: MULTIPLIER_0_5
        SIO Multiplier Index: 0
        SIO RefSel: VCC_IO
        Required Capabilities: DIGITAL, ROUTABLE
        Initial Value: 0
        IO Voltage: 0
    PORT MAP (
        pa_out => MISO_1(0)__PA ,
        fb => Net_19 ,
        pad => MISO_1(0)_PAD );
    Properties:
    {
    }

[IoId=7]: 
Pin : Name = MOSI_1(0)
    Attributes:
        In Group/Port: True
        In Sync Option: AUTO
        Out Sync Option: NOSYNC
        Interrupt generated: False
        Interrupt mode: NONE
        Drive mode: CMOS_OUT
        VTrip: EITHER
        Slew: FAST
        Input Sync needed: False
        Output Sync needed: False
        SC shield enabled: False
        POR State: ANY
        LCD Mode: COMMON
        Register Mode: RegComb
        CaSense Mode: NEITHER
        Treat as pin: True
        Is OE Registered: False
        Uses Analog: False
        Can contain Digital: True
        Is SIO: False
        SIO Output Buf: NONREGULATED
        SIO Input Buf: SINGLE_ENDED
        SIO HiFreq: LOW
        SIO Hyst: DISABLED
        SIO Vtrip: MULTIPLIER_0_5
        SIO Multiplier Index: 0
        SIO RefSel: VCC_IO
        Required Capabilities: DIGITAL, ROUTABLE
        Initial Value: 0
        IO Voltage: 0
    PORT MAP (
        pa_out => MOSI_1(0)__PA ,
        pin_input => Net_1042 ,
        pad => MOSI_1(0)_PAD );
    Properties:
    {
    }

Port 6 contains the following IO cells:
[IoId=4]: 
Pin : Name = \CapSense:PortCH0(5)\
    Attributes:
        Alias: Button5__BTN
        In Group/Port: True
        In Sync Option: AUTO
        Out Sync Option: AUTO
        Interrupt generated: False
        Interrupt mode: NONE
        Drive mode: OPEN_DRAIN_LO
        VTrip: CMOS
        Slew: FAST
        Input Sync needed: False
        Output Sync needed: False
        SC shield enabled: False
        POR State: INP_DIS_HI_Z
        LCD Mode: COMMON
        Register Mode: RegComb
        CaSense Mode: PULLDOWN
        Treat as pin: True
        Is OE Registered: False
        Uses Analog: True
        Can contain Digital: False
        Is SIO: False
        SIO Output Buf: NONREGULATED
        SIO Input Buf: SINGLE_ENDED
        SIO HiFreq: LOW
        SIO Hyst: DISABLED
        SIO Vtrip: MULTIPLIER_0_5
        SIO Multiplier Index: 0
        SIO RefSel: VCC_IO
        Required Capabilities: ANALOG
        Initial Value: 0
        IO Voltage: 0
    PORT MAP (
        pa_out => \CapSense:PortCH0(5)\__PA ,
        pad => \CapSense:PortCH0(5)_PAD\ ,
        analog_term => \CapSense:Net_1410_5\ );
    Properties:
    {
    }

[IoId=5]: 
Pin : Name = \CapSense:PortCH0(6)\
    Attributes:
        Alias: Button6__BTN
        In Group/Port: True
        In Sync Option: AUTO
        Out Sync Option: AUTO
        Interrupt generated: False
        Interrupt mode: NONE
        Drive mode: OPEN_DRAIN_LO
        VTrip: CMOS
        Slew: FAST
        Input Sync needed: False
        Output Sync needed: False
        SC shield enabled: False
        POR State: INP_DIS_HI_Z
        LCD Mode: COMMON
        Register Mode: RegComb
        CaSense Mode: PULLDOWN
        Treat as pin: True
        Is OE Registered: False
        Uses Analog: True
        Can contain Digital: False
        Is SIO: False
        SIO Output Buf: NONREGULATED
        SIO Input Buf: SINGLE_ENDED
        SIO HiFreq: LOW
        SIO Hyst: DISABLED
        SIO Vtrip: MULTIPLIER_0_5
        SIO Multiplier Index: 0
        SIO RefSel: VCC_IO
        Required Capabilities: ANALOG
        Initial Value: 0
        IO Voltage: 0
    PORT MAP (
        pa_out => \CapSense:PortCH0(6)\__PA ,
        pad => \CapSense:PortCH0(6)_PAD\ ,
        analog_term => \CapSense:Net_1410_6\ );
    Properties:
    {
    }

[IoId=6]: 
Pin : Name = \CapSense:PortCH0(7)\
    Attributes:
        Alias: Button7__BTN
        In Group/Port: True
        In Sync Option: AUTO
        Out Sync Option: AUTO
        Interrupt generated: False
        Interrupt mode: NONE
        Drive mode: OPEN_DRAIN_LO
        VTrip: CMOS
        Slew: FAST
        Input Sync needed: False
        Output Sync needed: False
        SC shield enabled: False
        POR State: INP_DIS_HI_Z
        LCD Mode: COMMON
        Register Mode: RegComb
        CaSense Mode: PULLDOWN
        Treat as pin: True
        Is OE Registered: False
        Uses Analog: True
        Can contain Digital: False
        Is SIO: False
        SIO Output Buf: NONREGULATED
        SIO Input Buf: SINGLE_ENDED
        SIO HiFreq: LOW
        SIO Hyst: DISABLED
        SIO Vtrip: MULTIPLIER_0_5
        SIO Multiplier Index: 0
        SIO RefSel: VCC_IO
        Required Capabilities: ANALOG
        Initial Value: 0
        IO Voltage: 0
    PORT MAP (
        pa_out => \CapSense:PortCH0(7)\__PA ,
        pad => \CapSense:PortCH0(7)_PAD\ ,
        analog_term => \CapSense:Net_1410_7\ );
    Properties:
    {
    }

[IoId=7]: 
Pin : Name = \CapSense:PortCH0(8)\
    Attributes:
        Alias: Button8__BTN
        In Group/Port: True
        In Sync Option: AUTO
        Out Sync Option: AUTO
        Interrupt generated: False
        Interrupt mode: NONE
        Drive mode: OPEN_DRAIN_LO
        VTrip: CMOS
        Slew: FAST
        Input Sync needed: False
        Output Sync needed: False
        SC shield enabled: False
        POR State: INP_DIS_HI_Z
        LCD Mode: COMMON
        Register Mode: RegComb
        CaSense Mode: PULLDOWN
        Treat as pin: True
        Is OE Registered: False
        Uses Analog: True
        Can contain Digital: False
        Is SIO: False
        SIO Output Buf: NONREGULATED
        SIO Input Buf: SINGLE_ENDED
        SIO HiFreq: LOW
        SIO Hyst: DISABLED
        SIO Vtrip: MULTIPLIER_0_5
        SIO Multiplier Index: 0
        SIO RefSel: VCC_IO
        Required Capabilities: ANALOG
        Initial Value: 0
        IO Voltage: 0
    PORT MAP (
        pa_out => \CapSense:PortCH0(8)\__PA ,
        pad => \CapSense:PortCH0(8)_PAD\ ,
        analog_term => \CapSense:Net_1410_8\ );
    Properties:
    {
    }

Port 12 contains the following IO cells:
Port 15 contains the following IO cells:
[IoId=4]: 
Pin : Name = \CapSense:CmodCH0(0)\
    Attributes:
        Alias: Cmod_CH0
        In Group/Port: True
        In Sync Option: AUTO
        Out Sync Option: AUTO
        Interrupt generated: False
        Interrupt mode: NONE
        Drive mode: HI_Z_ANALOG
        VTrip: EITHER
        Slew: FAST
        Input Sync needed: False
        Output Sync needed: False
        SC shield enabled: False
        POR State: ANY
        LCD Mode: COMMON
        Register Mode: RegComb
        CaSense Mode: NEITHER
        Treat as pin: True
        Is OE Registered: False
        Uses Analog: True
        Can contain Digital: False
        Is SIO: False
        SIO Output Buf: NONREGULATED
        SIO Input Buf: SINGLE_ENDED
        SIO HiFreq: LOW
        SIO Hyst: DISABLED
        SIO Vtrip: MULTIPLIER_0_5
        SIO Multiplier Index: 0
        SIO RefSel: VCC_IO
        Required Capabilities: ANALOG
        Initial Value: 0
        IO Voltage: 0
    PORT MAP (
        pa_out => \CapSense:CmodCH0(0)\__PA ,
        analog_term => \CapSense:Net_1917\ ,
        pad => \CapSense:CmodCH0(0)_PAD\ );
    Properties:
    {
    }

ARM group 0: empty
CAN group 0: empty
Cache group 0: empty
CapSense group 0: 
    CapSense Block @ F(CapSense,0): 
    capsensecell: Name =CapSense
        PORT MAP (
            lft => \CapSense:PreChargeClk\ );
        Properties:
        {
        }
Clock group 0: 
    Clock Block @ F(Clock,0): 
    clockblockcell: Name =ClockBlock
        PORT MAP (
            imo => ClockBlock_IMO ,
            pllout => ClockBlock_PLL_OUT ,
            ilo => ClockBlock_ILO ,
            clk_100k => ClockBlock_100k ,
            clk_1k => ClockBlock_1k ,
            clk_32k => ClockBlock_32k ,
            xtal => ClockBlock_XTAL ,
            clk_32k_xtal => ClockBlock_XTAL 32kHz ,
            clk_sync => ClockBlock_MASTER_CLK ,
            clk_bus_glb => ClockBlock_BUS_CLK ,
            clk_bus => ClockBlock_BUS_CLK_local ,
            dclk_glb_0 => \CapSense:clk\ ,
            dclk_0 => \CapSense:clk_local\ ,
            dclk_glb_1 => \SPIM_2:Net_276\ ,
            dclk_1 => \SPIM_2:Net_276_local\ ,
            dclk_glb_2 => \SPIM_1:Net_276\ ,
            dclk_2 => \SPIM_1:Net_276_local\ ,
            dclk_glb_3 => \SPIM_3:Net_276\ ,
            dclk_3 => \SPIM_3:Net_276_local\ );
        Properties:
        {
        }
Comparator group 0: 
    Comparator Block @ F(Comparator,2): 
    comparatorcell: Name =\CapSense:CompCH0:ctComp\
        PORT MAP (
            vplus => \CapSense:Net_282\ ,
            vminus => Net_296 ,
            out => \CapSense:Cmp_CH0\ );
        Properties:
        {
            cy_registers = ""
        }
DFB group 0: empty
DSM group 0: empty
Decimator group 0: empty
EMIF group 0: empty
I2C group 0: empty
LCD group 0: empty
LVD group 0: empty
PICU group 0: empty
PM group 0: empty
SC group 0: empty
SPC group 0: empty
Timer group 0: empty
USB group 0: empty
VIDAC group 0: 
    VIDAC Block @ F(VIDAC,2): 
    vidaccell: Name =\CapSense:IdacCH0:viDAC8\
        PORT MAP (
            ioff => \CapSense:IdacCH0:Net_123\ ,
            vout => \CapSense:IdacCH0:Net_124\ ,
            iout => \CapSense:Net_1425\ );
        Properties:
        {
            cy_registers = ""
            is_all_if_any = 0
            reg_data = 0
        }
OpAmp group 0: empty
CsAbuf group 0: 
    CapSense Buffer @ F(CsAbuf,0): 
    csabufcell: Name =\CapSense:BufCH0\
        PORT MAP (
            vchan => \CapSense:Net_1917\ ,
            vref => Net_296 ,
            vout => \CapSense:Net_2072\ );
        Properties:
        {
            cy_registers = ""
        }
Vref group 0: 
    Vref Block @ F(Vref,3): 
    vrefcell: Name =\CapSense:VrefRefCH0\
        PORT MAP (
            vout => Net_296 );
        Properties:
        {
            autoenable = 1
            guid = "89B398AD-36A8-4627-9212-707F2986319E"
            ignoresleep = 0
            name = "1.024V"
        }
LPF group 0: empty
SAR group 0: empty
ANAIF group 0: empty
PHUB group 0: empty

Blocks not positioned by the digital component placer:
    Amux Block @ <No Location>: 
    amuxcell: Name =\CapSense:AMuxCH0\
        PORT MAP (
            muxin_12 => \CapSense:Net_1425\ ,
            muxin_11 => \CapSense:Net_282\ ,
            muxin_10 => \CapSense:Net_1917\ ,
            muxin_9 => \CapSense:Net_1410_9\ ,
            muxin_8 => \CapSense:Net_1410_8\ ,
            muxin_7 => \CapSense:Net_1410_7\ ,
            muxin_6 => \CapSense:Net_1410_6\ ,
            muxin_5 => \CapSense:Net_1410_5\ ,
            muxin_4 => \CapSense:Net_1410_4\ ,
            muxin_3 => \CapSense:Net_1410_3\ ,
            muxin_2 => \CapSense:Net_1410_2\ ,
            muxin_1 => \CapSense:Net_1410_1\ ,
            muxin_0 => \CapSense:Net_1410_0\ ,
            vout => \CapSense:Net_2072\ );
        Properties:
        {
            api_type = 0
            connect_mode = 1
            cy_registers = ""
            hw_control = 0
            init_mux_sel = "0000000000000"
            muxin_width = 13
            one_active = 0
        }
</CYPRESSTAG>
<CYPRESSTAG name="Port Configuration Details">

------------------------------------------------------------
Port Configuration report
------------------------------------------------------------
     |     |       | Interrupt |                  |                       | 
Port | Pin | Fixed |      Type |       Drive Mode |                  Name | Connections
-----+-----+-------+-----------+------------------+-----------------------+------------------------------
   0 |   2 |     * |      NONE |     HI_Z_DIGITAL |             MISO_3(0) | FB(Net_1455)
     |   6 |     * |      NONE |         CMOS_OUT |               SS_3(0) | In(Net_1461)
     |   7 |     * |      NONE |         CMOS_OUT |             SCLK_3(0) | In(Net_25)
-----+-----+-------+-----------+------------------+-----------------------+------------------------------
   1 |   4 |     * |      NONE |         CMOS_OUT |             SCLK_2(0) | In(Net_1416)
     |   5 |     * |      NONE |         CMOS_OUT |               SS_2(0) | In(Net_1421)
     |   6 |     * |      NONE |     HI_Z_DIGITAL |             MISO_2(0) | FB(Net_1415)
     |   7 |     * |      NONE |         CMOS_OUT |             MOSI_2(0) | In(Net_23)
-----+-----+-------+-----------+------------------+-----------------------+------------------------------
   2 |   0 |     * |      NONE |    OPEN_DRAIN_LO | \CapSense:PortCH0(9)\ | Analog(\CapSense:Net_1410_9\)
     |   3 |     * |      NONE |    OPEN_DRAIN_LO | \CapSense:PortCH0(4)\ | Analog(\CapSense:Net_1410_4\)
     |   4 |     * |      NONE |    OPEN_DRAIN_LO | \CapSense:PortCH0(3)\ | Analog(\CapSense:Net_1410_3\)
     |   5 |     * |      NONE |    OPEN_DRAIN_LO | \CapSense:PortCH0(2)\ | Analog(\CapSense:Net_1410_2\)
     |   6 |     * |      NONE |    OPEN_DRAIN_LO | \CapSense:PortCH0(1)\ | Analog(\CapSense:Net_1410_1\)
     |   7 |     * |      NONE |    OPEN_DRAIN_LO | \CapSense:PortCH0(0)\ | Analog(\CapSense:Net_1410_0\)
-----+-----+-------+-----------+------------------+-----------------------+------------------------------
   4 |   2 |     * |      NONE |         CMOS_OUT |             MOSI_3(0) | In(Net_1456)
-----+-----+-------+-----------+------------------+-----------------------+------------------------------
   5 |   1 |     * |      NONE |         CMOS_OUT |                LED(0) | 
     |   4 |     * |      NONE |         CMOS_OUT |             SCLK_1(0) | In(Net_415)
     |   5 |     * |      NONE |         CMOS_OUT |               SS_1(0) | In(Net_437)
     |   6 |     * |      NONE |     HI_Z_DIGITAL |             MISO_1(0) | FB(Net_19)
     |   7 |     * |      NONE |         CMOS_OUT |             MOSI_1(0) | In(Net_1042)
-----+-----+-------+-----------+------------------+-----------------------+------------------------------
   6 |   4 |     * |      NONE |    OPEN_DRAIN_LO | \CapSense:PortCH0(5)\ | Analog(\CapSense:Net_1410_5\)
     |   5 |     * |      NONE |    OPEN_DRAIN_LO | \CapSense:PortCH0(6)\ | Analog(\CapSense:Net_1410_6\)
     |   6 |     * |      NONE |    OPEN_DRAIN_LO | \CapSense:PortCH0(7)\ | Analog(\CapSense:Net_1410_7\)
     |   7 |     * |      NONE |    OPEN_DRAIN_LO | \CapSense:PortCH0(8)\ | Analog(\CapSense:Net_1410_8\)
-----+-----+-------+-----------+------------------+-----------------------+------------------------------
  15 |   4 |     * |      NONE |      HI_Z_ANALOG | \CapSense:CmodCH0(0)\ | Analog(\CapSense:Net_1917\)
---------------------------------------------------------------------------------------------------------
</CYPRESSTAG>
</CYPRESSTAG>
</CYPRESSTAG>
Digital component placer commit/Report: Elapsed time ==> 0s.073ms
Digital Placement phase: Elapsed time ==> 1s.303ms
</CYPRESSTAG>
<CYPRESSTAG name="Digital Routing">
"C:\Program Files (x86)\Cypress\PSoC Creator\4.4\PSoC Creator\bin/sjrouter.exe" --xml-path "C:\Program Files (x86)\Cypress\PSoC Creator\4.4\PSoC Creator\dev\psoc5/psoc5lp/route_arch-rrg.cydata" --vh2-path "CE210514_PSOC3_5_Thermistor_r.vh2" --pcf-path "CE210514_PSOC3_5_Thermistor.pco" --des-name "CE210514_PSOC3_5_Thermistor" --dsf-path "CE210514_PSOC3_5_Thermistor.dsf" --sdc-path "CE210514_PSOC3_5_Thermistor.sdc" --lib-path "CE210514_PSOC3_5_Thermistor_r.lib"
Routing successful.
Digital Routing phase: Elapsed time ==> 1s.635ms
</CYPRESSTAG>
<CYPRESSTAG name="Bitstream Generation">
Bitstream Generation phase: Elapsed time ==> 0s.135ms
</CYPRESSTAG>
<CYPRESSTAG name="Bitstream Verification">
Bitstream Verification phase: Elapsed time ==> 0s.029ms
</CYPRESSTAG>
<CYPRESSTAG name="Static timing analysis">
Timing report is in CE210514_PSOC3_5_Thermistor_timing.html.
Static timing analysis phase: Elapsed time ==> 0s.362ms
</CYPRESSTAG>
<CYPRESSTAG name="Data reporting">
Data reporting phase: Elapsed time ==> 0s.000ms
</CYPRESSTAG>
<CYPRESSTAG name="Database update...">
Design database save phase: Elapsed time ==> 0s.224ms
</CYPRESSTAG>
cydsfit: Elapsed time ==> 6s.613ms
</CYPRESSTAG>
Fitter phase: Elapsed time ==> 6s.613ms
API generation phase: Elapsed time ==> 1s.242ms
Dependency generation phase: Elapsed time ==> 0s.022ms
Cleanup phase: Elapsed time ==> 0s.000ms
