ARM GAS  C:\Users\ggg88\AppData\Local\Temp\ccmzX8ZX.s 			page 1


   1              		.syntax unified
   2              		.cpu cortex-m3
   3              		.fpu softvfp
   4              		.eabi_attribute 20, 1
   5              		.eabi_attribute 21, 1
   6              		.eabi_attribute 23, 3
   7              		.eabi_attribute 24, 1
   8              		.eabi_attribute 25, 1
   9              		.eabi_attribute 26, 1
  10              		.eabi_attribute 30, 6
  11              		.eabi_attribute 34, 1
  12              		.eabi_attribute 18, 4
  13              		.thumb
  14              		.syntax unified
  15              		.file	"cyfitter_cfg.c"
  16              		.text
  17              	.Ltext0:
  18              		.cfi_sections	.debug_frame
  19              		.section	.text.CYMEMZERO,"ax",%progbits
  20              		.align	2
  21              		.thumb
  22              		.thumb_func
  23              		.type	CYMEMZERO, %function
  24              	CYMEMZERO:
  25              	.LFB0:
  26              		.file 1 "Generated_Source\\PSoC5\\cyfitter_cfg.c"
   1:Generated_Source\PSoC5/cyfitter_cfg.c **** 
   2:Generated_Source\PSoC5/cyfitter_cfg.c **** /*******************************************************************************
   3:Generated_Source\PSoC5/cyfitter_cfg.c **** * File Name: cyfitter_cfg.c
   4:Generated_Source\PSoC5/cyfitter_cfg.c **** * 
   5:Generated_Source\PSoC5/cyfitter_cfg.c **** * PSoC Creator  4.4
   6:Generated_Source\PSoC5/cyfitter_cfg.c **** *
   7:Generated_Source\PSoC5/cyfitter_cfg.c **** * Description:
   8:Generated_Source\PSoC5/cyfitter_cfg.c **** * This file contains device initialization code.
   9:Generated_Source\PSoC5/cyfitter_cfg.c **** * Except for the user defined sections in CyClockStartupError(), this file should not be modified.
  10:Generated_Source\PSoC5/cyfitter_cfg.c **** * This file is automatically generated by PSoC Creator.
  11:Generated_Source\PSoC5/cyfitter_cfg.c **** *
  12:Generated_Source\PSoC5/cyfitter_cfg.c **** ********************************************************************************
  13:Generated_Source\PSoC5/cyfitter_cfg.c **** * Copyright (c) 2007-2020 Cypress Semiconductor.  All rights reserved.
  14:Generated_Source\PSoC5/cyfitter_cfg.c **** * You may use this file only in accordance with the license, terms, conditions, 
  15:Generated_Source\PSoC5/cyfitter_cfg.c **** * disclaimers, and limitations in the end user license agreement accompanying 
  16:Generated_Source\PSoC5/cyfitter_cfg.c **** * the software package with which this file was provided.
  17:Generated_Source\PSoC5/cyfitter_cfg.c **** ********************************************************************************/
  18:Generated_Source\PSoC5/cyfitter_cfg.c **** 
  19:Generated_Source\PSoC5/cyfitter_cfg.c **** #include <string.h>
  20:Generated_Source\PSoC5/cyfitter_cfg.c **** #include "cytypes.h"
  21:Generated_Source\PSoC5/cyfitter_cfg.c **** #include "cydevice_trm.h"
  22:Generated_Source\PSoC5/cyfitter_cfg.c **** #include "cyfitter.h"
  23:Generated_Source\PSoC5/cyfitter_cfg.c **** #include "CyLib.h"
  24:Generated_Source\PSoC5/cyfitter_cfg.c **** #include "cyfitter_cfg.h"
  25:Generated_Source\PSoC5/cyfitter_cfg.c **** 
  26:Generated_Source\PSoC5/cyfitter_cfg.c **** #define CY_NEED_CYCLOCKSTARTUPERROR 1
  27:Generated_Source\PSoC5/cyfitter_cfg.c **** 
  28:Generated_Source\PSoC5/cyfitter_cfg.c **** 
  29:Generated_Source\PSoC5/cyfitter_cfg.c **** #if defined(__GNUC__) || defined(__ARMCC_VERSION)
  30:Generated_Source\PSoC5/cyfitter_cfg.c ****     #define CYPACKED 
  31:Generated_Source\PSoC5/cyfitter_cfg.c ****     #define CYPACKED_ATTR __attribute__ ((packed))
ARM GAS  C:\Users\ggg88\AppData\Local\Temp\ccmzX8ZX.s 			page 2


  32:Generated_Source\PSoC5/cyfitter_cfg.c ****     #define CYALIGNED __attribute__ ((aligned))
  33:Generated_Source\PSoC5/cyfitter_cfg.c ****     #define CY_CFG_UNUSED __attribute__ ((unused))
  34:Generated_Source\PSoC5/cyfitter_cfg.c ****     #ifndef CY_CFG_SECTION
  35:Generated_Source\PSoC5/cyfitter_cfg.c ****         #define CY_CFG_SECTION __attribute__ ((section(".psocinit")))
  36:Generated_Source\PSoC5/cyfitter_cfg.c ****     #endif
  37:Generated_Source\PSoC5/cyfitter_cfg.c ****     
  38:Generated_Source\PSoC5/cyfitter_cfg.c ****     #if CYDEV_CONFIGURATION_DMA
  39:Generated_Source\PSoC5/cyfitter_cfg.c ****         #if (defined(__ARMCC_VERSION) || defined(__GNUC__))
  40:Generated_Source\PSoC5/cyfitter_cfg.c ****             #ifndef DMAINITSEC
  41:Generated_Source\PSoC5/cyfitter_cfg.c ****                 #define DMAINITSEC __attribute__ ((section(".dma_init")))
  42:Generated_Source\PSoC5/cyfitter_cfg.c ****             #endif
  43:Generated_Source\PSoC5/cyfitter_cfg.c ****         #elif defined(__ICCARM__)
  44:Generated_Source\PSoC5/cyfitter_cfg.c ****             #define DMAINITSEC _Pragma("location=\".dma_init\"")
  45:Generated_Source\PSoC5/cyfitter_cfg.c ****         #endif
  46:Generated_Source\PSoC5/cyfitter_cfg.c ****     #else
  47:Generated_Source\PSoC5/cyfitter_cfg.c ****         #define DMAINITSEC
  48:Generated_Source\PSoC5/cyfitter_cfg.c ****     #endif
  49:Generated_Source\PSoC5/cyfitter_cfg.c **** 
  50:Generated_Source\PSoC5/cyfitter_cfg.c ****     #if defined(__ARMCC_VERSION)
  51:Generated_Source\PSoC5/cyfitter_cfg.c ****         #define CY_CFG_MEMORY_BARRIER() __memory_changed()
  52:Generated_Source\PSoC5/cyfitter_cfg.c ****     #else
  53:Generated_Source\PSoC5/cyfitter_cfg.c ****         #define CY_CFG_MEMORY_BARRIER() __sync_synchronize()
  54:Generated_Source\PSoC5/cyfitter_cfg.c ****     #endif
  55:Generated_Source\PSoC5/cyfitter_cfg.c ****     
  56:Generated_Source\PSoC5/cyfitter_cfg.c **** #elif defined(__ICCARM__)
  57:Generated_Source\PSoC5/cyfitter_cfg.c ****     #include <intrinsics.h>
  58:Generated_Source\PSoC5/cyfitter_cfg.c **** 
  59:Generated_Source\PSoC5/cyfitter_cfg.c ****     #define CYPACKED __packed
  60:Generated_Source\PSoC5/cyfitter_cfg.c ****     #define CYPACKED_ATTR 
  61:Generated_Source\PSoC5/cyfitter_cfg.c ****     #define CYALIGNED _Pragma("data_alignment=4")
  62:Generated_Source\PSoC5/cyfitter_cfg.c ****     #define CY_CFG_UNUSED _Pragma("diag_suppress=Pe177")
  63:Generated_Source\PSoC5/cyfitter_cfg.c ****     #define CY_CFG_SECTION _Pragma("location=\".psocinit\"")
  64:Generated_Source\PSoC5/cyfitter_cfg.c ****     
  65:Generated_Source\PSoC5/cyfitter_cfg.c ****     #if CYDEV_CONFIGURATION_DMA
  66:Generated_Source\PSoC5/cyfitter_cfg.c ****         #if (defined(__ARMCC_VERSION) || defined(__GNUC__))
  67:Generated_Source\PSoC5/cyfitter_cfg.c ****             #ifndef DMAINITSEC
  68:Generated_Source\PSoC5/cyfitter_cfg.c ****                 #define DMAINITSEC __attribute__ ((section(".dma_init")))
  69:Generated_Source\PSoC5/cyfitter_cfg.c ****             #endif
  70:Generated_Source\PSoC5/cyfitter_cfg.c ****         #elif defined(__ICCARM__)
  71:Generated_Source\PSoC5/cyfitter_cfg.c ****             #define DMAINITSEC _Pragma("location=\".dma_init\"")
  72:Generated_Source\PSoC5/cyfitter_cfg.c ****         #endif
  73:Generated_Source\PSoC5/cyfitter_cfg.c ****     #else
  74:Generated_Source\PSoC5/cyfitter_cfg.c ****         #define DMAINITSEC
  75:Generated_Source\PSoC5/cyfitter_cfg.c ****     #endif
  76:Generated_Source\PSoC5/cyfitter_cfg.c **** 
  77:Generated_Source\PSoC5/cyfitter_cfg.c ****     #define CY_CFG_MEMORY_BARRIER() __DMB()
  78:Generated_Source\PSoC5/cyfitter_cfg.c ****     
  79:Generated_Source\PSoC5/cyfitter_cfg.c **** #else
  80:Generated_Source\PSoC5/cyfitter_cfg.c ****     #error Unsupported toolchain
  81:Generated_Source\PSoC5/cyfitter_cfg.c **** #endif
  82:Generated_Source\PSoC5/cyfitter_cfg.c **** 
  83:Generated_Source\PSoC5/cyfitter_cfg.c **** #ifndef CYCODE
  84:Generated_Source\PSoC5/cyfitter_cfg.c ****     #define CYCODE
  85:Generated_Source\PSoC5/cyfitter_cfg.c **** #endif
  86:Generated_Source\PSoC5/cyfitter_cfg.c **** #ifndef CYDATA
  87:Generated_Source\PSoC5/cyfitter_cfg.c ****     #define CYDATA
  88:Generated_Source\PSoC5/cyfitter_cfg.c **** #endif
ARM GAS  C:\Users\ggg88\AppData\Local\Temp\ccmzX8ZX.s 			page 3


  89:Generated_Source\PSoC5/cyfitter_cfg.c **** #ifndef CYFAR
  90:Generated_Source\PSoC5/cyfitter_cfg.c ****     #define CYFAR
  91:Generated_Source\PSoC5/cyfitter_cfg.c **** #endif
  92:Generated_Source\PSoC5/cyfitter_cfg.c **** #ifndef CYXDATA
  93:Generated_Source\PSoC5/cyfitter_cfg.c ****     #define CYXDATA
  94:Generated_Source\PSoC5/cyfitter_cfg.c **** #endif
  95:Generated_Source\PSoC5/cyfitter_cfg.c **** 
  96:Generated_Source\PSoC5/cyfitter_cfg.c **** 
  97:Generated_Source\PSoC5/cyfitter_cfg.c **** CY_CFG_UNUSED
  98:Generated_Source\PSoC5/cyfitter_cfg.c **** static void CYMEMZERO(void *s, size_t n);
  99:Generated_Source\PSoC5/cyfitter_cfg.c **** CY_CFG_UNUSED
 100:Generated_Source\PSoC5/cyfitter_cfg.c **** static void CYMEMZERO(void *s, size_t n)
 101:Generated_Source\PSoC5/cyfitter_cfg.c **** {
  27              		.loc 1 101 0
  28              		.cfi_startproc
  29              		@ args = 0, pretend = 0, frame = 8
  30              		@ frame_needed = 1, uses_anonymous_args = 0
  31 0000 80B5     		push	{r7, lr}
  32              		.cfi_def_cfa_offset 8
  33              		.cfi_offset 7, -8
  34              		.cfi_offset 14, -4
  35 0002 82B0     		sub	sp, sp, #8
  36              		.cfi_def_cfa_offset 16
  37 0004 00AF     		add	r7, sp, #0
  38              		.cfi_def_cfa_register 7
  39 0006 7860     		str	r0, [r7, #4]
  40 0008 3960     		str	r1, [r7]
 102:Generated_Source\PSoC5/cyfitter_cfg.c **** 	(void)memset(s, 0, n);
  41              		.loc 1 102 0
  42 000a 3A68     		ldr	r2, [r7]
  43 000c 0021     		movs	r1, #0
  44 000e 7868     		ldr	r0, [r7, #4]
  45 0010 FFF7FEFF 		bl	memset
 103:Generated_Source\PSoC5/cyfitter_cfg.c **** }
  46              		.loc 1 103 0
  47 0014 00BF     		nop
  48 0016 0837     		adds	r7, r7, #8
  49              		.cfi_def_cfa_offset 8
  50 0018 BD46     		mov	sp, r7
  51              		.cfi_def_cfa_register 13
  52              		@ sp needed
  53 001a 80BD     		pop	{r7, pc}
  54              		.cfi_endproc
  55              	.LFE0:
  56              		.size	CYMEMZERO, .-CYMEMZERO
  57              		.section	.text.CYCONFIGCPY,"ax",%progbits
  58              		.align	2
  59              		.thumb
  60              		.thumb_func
  61              		.type	CYCONFIGCPY, %function
  62              	CYCONFIGCPY:
  63              	.LFB1:
 104:Generated_Source\PSoC5/cyfitter_cfg.c **** CY_CFG_UNUSED
 105:Generated_Source\PSoC5/cyfitter_cfg.c **** static void CYCONFIGCPY(void *dest, const void *src, size_t n);
 106:Generated_Source\PSoC5/cyfitter_cfg.c **** CY_CFG_UNUSED
 107:Generated_Source\PSoC5/cyfitter_cfg.c **** static void CYCONFIGCPY(void *dest, const void *src, size_t n)
 108:Generated_Source\PSoC5/cyfitter_cfg.c **** {
ARM GAS  C:\Users\ggg88\AppData\Local\Temp\ccmzX8ZX.s 			page 4


  64              		.loc 1 108 0
  65              		.cfi_startproc
  66              		@ args = 0, pretend = 0, frame = 16
  67              		@ frame_needed = 1, uses_anonymous_args = 0
  68 0000 80B5     		push	{r7, lr}
  69              		.cfi_def_cfa_offset 8
  70              		.cfi_offset 7, -8
  71              		.cfi_offset 14, -4
  72 0002 84B0     		sub	sp, sp, #16
  73              		.cfi_def_cfa_offset 24
  74 0004 00AF     		add	r7, sp, #0
  75              		.cfi_def_cfa_register 7
  76 0006 F860     		str	r0, [r7, #12]
  77 0008 B960     		str	r1, [r7, #8]
  78 000a 7A60     		str	r2, [r7, #4]
 109:Generated_Source\PSoC5/cyfitter_cfg.c **** 	(void)memcpy(dest, src, n);
  79              		.loc 1 109 0
  80 000c 7A68     		ldr	r2, [r7, #4]
  81 000e B968     		ldr	r1, [r7, #8]
  82 0010 F868     		ldr	r0, [r7, #12]
  83 0012 FFF7FEFF 		bl	memcpy
 110:Generated_Source\PSoC5/cyfitter_cfg.c **** }
  84              		.loc 1 110 0
  85 0016 00BF     		nop
  86 0018 1037     		adds	r7, r7, #16
  87              		.cfi_def_cfa_offset 8
  88 001a BD46     		mov	sp, r7
  89              		.cfi_def_cfa_register 13
  90              		@ sp needed
  91 001c 80BD     		pop	{r7, pc}
  92              		.cfi_endproc
  93              	.LFE1:
  94              		.size	CYCONFIGCPY, .-CYCONFIGCPY
  95 001e 00BF     		.section	.text.CYCONFIGCPYCODE,"ax",%progbits
  96              		.align	2
  97              		.thumb
  98              		.thumb_func
  99              		.type	CYCONFIGCPYCODE, %function
 100              	CYCONFIGCPYCODE:
 101              	.LFB2:
 111:Generated_Source\PSoC5/cyfitter_cfg.c **** CY_CFG_UNUSED
 112:Generated_Source\PSoC5/cyfitter_cfg.c **** static void CYCONFIGCPYCODE(void *dest, const void *src, size_t n);
 113:Generated_Source\PSoC5/cyfitter_cfg.c **** CY_CFG_UNUSED
 114:Generated_Source\PSoC5/cyfitter_cfg.c **** static void CYCONFIGCPYCODE(void *dest, const void *src, size_t n)
 115:Generated_Source\PSoC5/cyfitter_cfg.c **** {
 102              		.loc 1 115 0
 103              		.cfi_startproc
 104              		@ args = 0, pretend = 0, frame = 16
 105              		@ frame_needed = 1, uses_anonymous_args = 0
 106 0000 80B5     		push	{r7, lr}
 107              		.cfi_def_cfa_offset 8
 108              		.cfi_offset 7, -8
 109              		.cfi_offset 14, -4
 110 0002 84B0     		sub	sp, sp, #16
 111              		.cfi_def_cfa_offset 24
 112 0004 00AF     		add	r7, sp, #0
 113              		.cfi_def_cfa_register 7
ARM GAS  C:\Users\ggg88\AppData\Local\Temp\ccmzX8ZX.s 			page 5


 114 0006 F860     		str	r0, [r7, #12]
 115 0008 B960     		str	r1, [r7, #8]
 116 000a 7A60     		str	r2, [r7, #4]
 116:Generated_Source\PSoC5/cyfitter_cfg.c **** 	(void)memcpy(dest, src, n);
 117              		.loc 1 116 0
 118 000c 7A68     		ldr	r2, [r7, #4]
 119 000e B968     		ldr	r1, [r7, #8]
 120 0010 F868     		ldr	r0, [r7, #12]
 121 0012 FFF7FEFF 		bl	memcpy
 117:Generated_Source\PSoC5/cyfitter_cfg.c **** }
 122              		.loc 1 117 0
 123 0016 00BF     		nop
 124 0018 1037     		adds	r7, r7, #16
 125              		.cfi_def_cfa_offset 8
 126 001a BD46     		mov	sp, r7
 127              		.cfi_def_cfa_register 13
 128              		@ sp needed
 129 001c 80BD     		pop	{r7, pc}
 130              		.cfi_endproc
 131              	.LFE2:
 132              		.size	CYCONFIGCPYCODE, .-CYCONFIGCPYCODE
 133 001e 00BF     		.section	.text.CyClockStartupError,"ax",%progbits
 134              		.align	2
 135              		.thumb
 136              		.thumb_func
 137              		.type	CyClockStartupError, %function
 138              	CyClockStartupError:
 139              	.LFB3:
 118:Generated_Source\PSoC5/cyfitter_cfg.c **** 
 119:Generated_Source\PSoC5/cyfitter_cfg.c **** 
 120:Generated_Source\PSoC5/cyfitter_cfg.c **** 
 121:Generated_Source\PSoC5/cyfitter_cfg.c **** 
 122:Generated_Source\PSoC5/cyfitter_cfg.c **** /* Clock startup error codes                                                   */
 123:Generated_Source\PSoC5/cyfitter_cfg.c **** #define CYCLOCKSTART_NO_ERROR    0u
 124:Generated_Source\PSoC5/cyfitter_cfg.c **** #define CYCLOCKSTART_XTAL_ERROR  1u
 125:Generated_Source\PSoC5/cyfitter_cfg.c **** #define CYCLOCKSTART_32KHZ_ERROR 2u
 126:Generated_Source\PSoC5/cyfitter_cfg.c **** #define CYCLOCKSTART_PLL_ERROR   3u
 127:Generated_Source\PSoC5/cyfitter_cfg.c **** #define CYCLOCKSTART_FLL_ERROR   4u
 128:Generated_Source\PSoC5/cyfitter_cfg.c **** #define CYCLOCKSTART_WCO_ERROR   5u
 129:Generated_Source\PSoC5/cyfitter_cfg.c **** 
 130:Generated_Source\PSoC5/cyfitter_cfg.c **** 
 131:Generated_Source\PSoC5/cyfitter_cfg.c **** #ifdef CY_NEED_CYCLOCKSTARTUPERROR
 132:Generated_Source\PSoC5/cyfitter_cfg.c **** /*******************************************************************************
 133:Generated_Source\PSoC5/cyfitter_cfg.c **** * Function Name: CyClockStartupError
 134:Generated_Source\PSoC5/cyfitter_cfg.c **** ********************************************************************************
 135:Generated_Source\PSoC5/cyfitter_cfg.c **** * Summary:
 136:Generated_Source\PSoC5/cyfitter_cfg.c **** *  If an error is encountered during clock configuration (crystal startup error,
 137:Generated_Source\PSoC5/cyfitter_cfg.c **** *  PLL lock error, etc.), the system will end up here.  Unless reimplemented by
 138:Generated_Source\PSoC5/cyfitter_cfg.c **** *  the customer, this function will stop in an infinite loop.
 139:Generated_Source\PSoC5/cyfitter_cfg.c **** *
 140:Generated_Source\PSoC5/cyfitter_cfg.c **** * Parameters:
 141:Generated_Source\PSoC5/cyfitter_cfg.c **** *   void
 142:Generated_Source\PSoC5/cyfitter_cfg.c **** *
 143:Generated_Source\PSoC5/cyfitter_cfg.c **** * Return:
 144:Generated_Source\PSoC5/cyfitter_cfg.c **** *   void
 145:Generated_Source\PSoC5/cyfitter_cfg.c **** *
 146:Generated_Source\PSoC5/cyfitter_cfg.c **** *******************************************************************************/
ARM GAS  C:\Users\ggg88\AppData\Local\Temp\ccmzX8ZX.s 			page 6


 147:Generated_Source\PSoC5/cyfitter_cfg.c **** CY_CFG_UNUSED
 148:Generated_Source\PSoC5/cyfitter_cfg.c **** static void CyClockStartupError(uint8 errorCode);
 149:Generated_Source\PSoC5/cyfitter_cfg.c **** CY_CFG_UNUSED
 150:Generated_Source\PSoC5/cyfitter_cfg.c **** static void CyClockStartupError(uint8 errorCode)
 151:Generated_Source\PSoC5/cyfitter_cfg.c **** {
 140              		.loc 1 151 0
 141              		.cfi_startproc
 142              		@ args = 0, pretend = 0, frame = 8
 143              		@ frame_needed = 1, uses_anonymous_args = 0
 144              		@ link register save eliminated.
 145 0000 80B4     		push	{r7}
 146              		.cfi_def_cfa_offset 4
 147              		.cfi_offset 7, -4
 148 0002 83B0     		sub	sp, sp, #12
 149              		.cfi_def_cfa_offset 16
 150 0004 00AF     		add	r7, sp, #0
 151              		.cfi_def_cfa_register 7
 152 0006 0346     		mov	r3, r0
 153 0008 FB71     		strb	r3, [r7, #7]
 154              	.L5:
 152:Generated_Source\PSoC5/cyfitter_cfg.c ****     /* To remove the compiler warning if errorCode not used.                */
 153:Generated_Source\PSoC5/cyfitter_cfg.c ****     errorCode = errorCode;
 154:Generated_Source\PSoC5/cyfitter_cfg.c **** 
 155:Generated_Source\PSoC5/cyfitter_cfg.c ****     /* If we have a clock startup error (bad MHz crystal, PLL lock, etc.),  */
 156:Generated_Source\PSoC5/cyfitter_cfg.c ****     /* we will end up here to allow the customer to implement something to  */
 157:Generated_Source\PSoC5/cyfitter_cfg.c ****     /* deal with the clock condition.                                       */
 158:Generated_Source\PSoC5/cyfitter_cfg.c **** 
 159:Generated_Source\PSoC5/cyfitter_cfg.c **** #ifdef CY_CFG_CLOCK_STARTUP_ERROR_CALLBACK
 160:Generated_Source\PSoC5/cyfitter_cfg.c ****     CY_CFG_Clock_Startup_ErrorCallback();
 161:Generated_Source\PSoC5/cyfitter_cfg.c **** #else
 162:Generated_Source\PSoC5/cyfitter_cfg.c ****     /*  If not using CY_CFG_CLOCK_STARTUP_ERROR_CALLBACK, place your clock startup code here. */
 163:Generated_Source\PSoC5/cyfitter_cfg.c ****     /* `#START CyClockStartupError` */
 164:Generated_Source\PSoC5/cyfitter_cfg.c **** 
 165:Generated_Source\PSoC5/cyfitter_cfg.c **** 
 166:Generated_Source\PSoC5/cyfitter_cfg.c **** 
 167:Generated_Source\PSoC5/cyfitter_cfg.c ****     /* `#END` */
 168:Generated_Source\PSoC5/cyfitter_cfg.c **** 
 169:Generated_Source\PSoC5/cyfitter_cfg.c ****     while(1) {}
 155              		.loc 1 169 0 discriminator 1
 156 000a FEE7     		b	.L5
 157              		.cfi_endproc
 158              	.LFE3:
 159              		.size	CyClockStartupError, .-CyClockStartupError
 160              		.section	.dma_init,"a",%progbits
 161              		.align	2
 162              		.type	CH1_ADDR_DATA0.4982, %object
 163              		.size	CH1_ADDR_DATA0.4982, 8
 164              	CH1_ADDR_DATA0.4982:
 165 0000 01       		.byte	1
 166 0001 00       		.byte	0
 167 0002 00       		.byte	0
 168 0003 00       		.byte	0
 169 0004 00       		.byte	0
 170 0005 20       		.byte	32
 171 0006 00       		.byte	0
 172 0007 40       		.byte	64
 173              		.align	2
ARM GAS  C:\Users\ggg88\AppData\Local\Temp\ccmzX8ZX.s 			page 7


 174              		.type	CH2_ADDR_DATA0.4983, %object
 175              		.size	CH2_ADDR_DATA0.4983, 8
 176              	CH2_ADDR_DATA0.4983:
 177 0008 01       		.byte	1
 178 0009 00       		.byte	0
 179 000a 00       		.byte	0
 180 000b 00       		.byte	0
 181 000c 00       		.byte	0
 182 000d 20       		.byte	32
 183 000e 01       		.byte	1
 184 000f 40       		.byte	64
 185              		.align	2
 186              		.type	CH5_ADDR_DATA0.4984, %object
 187              		.size	CH5_ADDR_DATA0.4984, 8
 188              	CH5_ADDR_DATA0.4984:
 189 0010 01       		.byte	1
 190 0011 00       		.byte	0
 191 0012 00       		.byte	0
 192 0013 00       		.byte	0
 193 0014 00       		.byte	0
 194 0015 48       		.byte	72
 195 0016 00       		.byte	0
 196 0017 40       		.byte	64
 197              		.align	2
 198              		.type	CH6_ADDR_DATA0.4985, %object
 199              		.size	CH6_ADDR_DATA0.4985, 8
 200              	CH6_ADDR_DATA0.4985:
 201 0018 01       		.byte	1
 202 0019 00       		.byte	0
 203 001a 00       		.byte	0
 204 001b 00       		.byte	0
 205 001c 00       		.byte	0
 206 001d 48       		.byte	72
 207 001e 01       		.byte	1
 208 001f 40       		.byte	64
 209              		.align	2
 210              		.type	DMA_TD_START_CMD.4986, %object
 211              		.size	DMA_TD_START_CMD.4986, 5
 212              	DMA_TD_START_CMD.4986:
 213 0020 01       		.byte	1
 214 0021 00       		.byte	0
 215 0022 00       		.byte	0
 216 0023 00       		.byte	0
 217 0024 01       		.byte	1
 218 0025 000000   		.align	2
 219              		.type	CFG_TD_LIST0.4988, %object
 220              		.size	CFG_TD_LIST0.4988, 584
 221              	CFG_TD_LIST0.4988:
 222 0028 0800     		.short	8
 223 002a 02       		.byte	2
 224 002b 23       		.byte	35
 225 002c 0000     		.short	0
 226 002e 0876     		.short	30216
 227 0030 0800     		.short	8
 228 0032 03       		.byte	3
 229 0033 23       		.byte	35
 230 0034 0000     		.short	0
ARM GAS  C:\Users\ggg88\AppData\Local\Temp\ccmzX8ZX.s 			page 8


 231 0036 1076     		.short	30224
 232 0038 0800     		.short	8
 233 003a 04       		.byte	4
 234 003b 23       		.byte	35
 235 003c 0000     		.short	0
 236 003e 2876     		.short	30248
 237 0040 0800     		.short	8
 238 0042 05       		.byte	5
 239 0043 23       		.byte	35
 240 0044 0000     		.short	0
 241 0046 3076     		.short	30256
 242 0048 0500     		.short	5
 243 004a 06       		.byte	6
 244 004b 23       		.byte	35
 245 004c 0000     		.short	0
 246 004e 2070     		.short	28704
 247 0050 0500     		.short	5
 248 0052 07       		.byte	7
 249 0053 23       		.byte	35
 250 0054 0000     		.short	0
 251 0056 3070     		.short	28720
 252 0058 0500     		.short	5
 253 005a 08       		.byte	8
 254 005b 23       		.byte	35
 255 005c 0000     		.short	0
 256 005e 6070     		.short	28768
 257 0060 0500     		.short	5
 258 0062 FE       		.byte	-2
 259 0063 23       		.byte	35
 260 0064 0000     		.short	0
 261 0066 7070     		.short	28784
 262 0068 1000     		.short	16
 263 006a 0A       		.byte	10
 264 006b 22       		.byte	34
 265 006c 0000     		.short	0
 266 006e 3051     		.short	20784
 267 0070 1000     		.short	16
 268 0072 FE       		.byte	-2
 269 0073 22       		.byte	34
 270 0074 0000     		.short	0
 271 0076 C051     		.short	20928
 272 0078 8001     		.short	384
 273 007a 0C       		.byte	12
 274 007b 22       		.byte	34
 275 007c 0000     		.short	0
 276 007e 0008     		.short	2048
 277 0080 0006     		.short	1536
 278 0082 0D       		.byte	13
 279 0083 22       		.byte	34
 280 0084 0000     		.short	0
 281 0086 000A     		.short	2560
 282 0088 8001     		.short	384
 283 008a 0E       		.byte	14
 284 008b 22       		.byte	34
 285 008c 0000     		.short	0
 286 008e 0018     		.short	6144
 287 0090 8001     		.short	384
ARM GAS  C:\Users\ggg88\AppData\Local\Temp\ccmzX8ZX.s 			page 9


 288 0092 0F       		.byte	15
 289 0093 22       		.byte	34
 290 0094 0000     		.short	0
 291 0096 001A     		.short	6656
 292 0098 8000     		.short	128
 293 009a 10       		.byte	16
 294 009b 22       		.byte	34
 295 009c 0000     		.short	0
 296 009e 0042     		.short	16896
 297 00a0 8000     		.short	128
 298 00a2 11       		.byte	17
 299 00a3 22       		.byte	34
 300 00a4 0000     		.short	0
 301 00a6 0043     		.short	17152
 302 00a8 0002     		.short	512
 303 00aa 12       		.byte	18
 304 00ab 22       		.byte	34
 305 00ac 0000     		.short	0
 306 00ae 0044     		.short	17408
 307 00b0 8000     		.short	128
 308 00b2 13       		.byte	19
 309 00b3 22       		.byte	34
 310 00b4 0000     		.short	0
 311 00b6 0047     		.short	18176
 312 00b8 8000     		.short	128
 313 00ba 14       		.byte	20
 314 00bb 22       		.byte	34
 315 00bc 0000     		.short	0
 316 00be 0048     		.short	18432
 317 00c0 0001     		.short	256
 318 00c2 FE       		.byte	-2
 319 00c3 22       		.byte	34
 320 00c4 0000     		.short	0
 321 00c6 0049     		.short	18688
 322 00c8 0700     		.short	7
 323 00ca 16       		.byte	22
 324 00cb 23       		.byte	35
 325 00cc 0000     		.short	0
 326 00ce 0052     		.short	20992
 327 00d0 0700     		.short	7
 328 00d2 17       		.byte	23
 329 00d3 23       		.byte	35
 330 00d4 0000     		.short	0
 331 00d6 0852     		.short	21000
 332 00d8 0700     		.short	7
 333 00da 18       		.byte	24
 334 00db 23       		.byte	35
 335 00dc 0000     		.short	0
 336 00de 1052     		.short	21008
 337 00e0 0700     		.short	7
 338 00e2 19       		.byte	25
 339 00e3 23       		.byte	35
 340 00e4 0000     		.short	0
 341 00e6 2852     		.short	21032
 342 00e8 0700     		.short	7
 343 00ea 1A       		.byte	26
 344 00eb 23       		.byte	35
ARM GAS  C:\Users\ggg88\AppData\Local\Temp\ccmzX8ZX.s 			page 10


 345 00ec 0000     		.short	0
 346 00ee 3052     		.short	21040
 347 00f0 4000     		.short	64
 348 00f2 1B       		.byte	27
 349 00f3 23       		.byte	35
 350 00f4 0000     		.short	0
 351 00f6 0064     		.short	25600
 352 00f8 2000     		.short	32
 353 00fa 1C       		.byte	28
 354 00fb 23       		.byte	35
 355 00fc 0000     		.short	0
 356 00fe 7064     		.short	25712
 357 0100 4000     		.short	64
 358 0102 1D       		.byte	29
 359 0103 23       		.byte	35
 360 0104 0000     		.short	0
 361 0106 0065     		.short	25856
 362 0108 2000     		.short	32
 363 010a FE       		.byte	-2
 364 010b 23       		.byte	35
 365 010c 0000     		.short	0
 366 010e 7065     		.short	25968
 367 0110 0800     		.short	8
 368 0112 1F       		.byte	31
 369 0113 23       		.byte	35
 370 0114 0000     		.short	0
 371 0116 0051     		.short	20736
 372 0118 8000     		.short	128
 373 011a 20       		.byte	32
 374 011b 23       		.byte	35
 375 011c 0000     		.short	0
 376 011e 0000     		.short	0
 377 0120 8000     		.short	128
 378 0122 21       		.byte	33
 379 0123 23       		.byte	35
 380 0124 0000     		.short	0
 381 0126 8000     		.short	128
 382 0128 8000     		.short	128
 383 012a 22       		.byte	34
 384 012b 23       		.byte	35
 385 012c 0000     		.short	0
 386 012e 0002     		.short	512
 387 0130 8000     		.short	128
 388 0132 23       		.byte	35
 389 0133 23       		.byte	35
 390 0134 0000     		.short	0
 391 0136 8002     		.short	640
 392 0138 8000     		.short	128
 393 013a 24       		.byte	36
 394 013b 23       		.byte	35
 395 013c 0000     		.short	0
 396 013e 0004     		.short	1024
 397 0140 8000     		.short	128
 398 0142 25       		.byte	37
 399 0143 23       		.byte	35
 400 0144 0000     		.short	0
 401 0146 8004     		.short	1152
ARM GAS  C:\Users\ggg88\AppData\Local\Temp\ccmzX8ZX.s 			page 11


 402 0148 8000     		.short	128
 403 014a 26       		.byte	38
 404 014b 23       		.byte	35
 405 014c 0000     		.short	0
 406 014e 0006     		.short	1536
 407 0150 8000     		.short	128
 408 0152 27       		.byte	39
 409 0153 23       		.byte	35
 410 0154 0000     		.short	0
 411 0156 8006     		.short	1664
 412 0158 8000     		.short	128
 413 015a 28       		.byte	40
 414 015b 23       		.byte	35
 415 015c 0000     		.short	0
 416 015e 0014     		.short	5120
 417 0160 8000     		.short	128
 418 0162 29       		.byte	41
 419 0163 23       		.byte	35
 420 0164 0000     		.short	0
 421 0166 8014     		.short	5248
 422 0168 8000     		.short	128
 423 016a 2A       		.byte	42
 424 016b 23       		.byte	35
 425 016c 0000     		.short	0
 426 016e 0016     		.short	5632
 427 0170 8000     		.short	128
 428 0172 2B       		.byte	43
 429 0173 23       		.byte	35
 430 0174 0000     		.short	0
 431 0176 8016     		.short	5760
 432 0178 1000     		.short	16
 433 017a 2C       		.byte	44
 434 017b 23       		.byte	35
 435 017c 0000     		.short	0
 436 017e 1050     		.short	20496
 437 0180 1000     		.short	16
 438 0182 2D       		.byte	45
 439 0183 23       		.byte	35
 440 0184 0000     		.short	0
 441 0186 0050     		.short	20480
 442 0188 8000     		.short	128
 443 018a 2E       		.byte	46
 444 018b 23       		.byte	35
 445 018c 0000     		.short	0
 446 018e 004D     		.short	19712
 447 0190 8000     		.short	128
 448 0192 2F       		.byte	47
 449 0193 23       		.byte	35
 450 0194 0000     		.short	0
 451 0196 804D     		.short	19840
 452 0198 8000     		.short	128
 453 019a 30       		.byte	48
 454 019b 23       		.byte	35
 455 019c 0000     		.short	0
 456 019e 004C     		.short	19456
 457 01a0 8000     		.short	128
 458 01a2 31       		.byte	49
ARM GAS  C:\Users\ggg88\AppData\Local\Temp\ccmzX8ZX.s 			page 12


 459 01a3 23       		.byte	35
 460 01a4 0000     		.short	0
 461 01a6 804C     		.short	19584
 462 01a8 8000     		.short	128
 463 01aa 32       		.byte	50
 464 01ab 23       		.byte	35
 465 01ac 0000     		.short	0
 466 01ae 8047     		.short	18304
 467 01b0 8000     		.short	128
 468 01b2 33       		.byte	51
 469 01b3 23       		.byte	35
 470 01b4 0000     		.short	0
 471 01b6 0046     		.short	17920
 472 01b8 8000     		.short	128
 473 01ba 34       		.byte	52
 474 01bb 23       		.byte	35
 475 01bc 0000     		.short	0
 476 01be 8046     		.short	18048
 477 01c0 8000     		.short	128
 478 01c2 35       		.byte	53
 479 01c3 23       		.byte	35
 480 01c4 0000     		.short	0
 481 01c6 801B     		.short	7040
 482 01c8 8000     		.short	128
 483 01ca 36       		.byte	54
 484 01cb 23       		.byte	35
 485 01cc 0000     		.short	0
 486 01ce 0015     		.short	5376
 487 01d0 8000     		.short	128
 488 01d2 37       		.byte	55
 489 01d3 23       		.byte	35
 490 01d4 0000     		.short	0
 491 01d6 8015     		.short	5504
 492 01d8 8000     		.short	128
 493 01da 38       		.byte	56
 494 01db 23       		.byte	35
 495 01dc 0000     		.short	0
 496 01de 8019     		.short	6528
 497 01e0 8000     		.short	128
 498 01e2 39       		.byte	57
 499 01e3 23       		.byte	35
 500 01e4 0000     		.short	0
 501 01e6 0017     		.short	5888
 502 01e8 8000     		.short	128
 503 01ea 3A       		.byte	58
 504 01eb 23       		.byte	35
 505 01ec 0000     		.short	0
 506 01ee 8017     		.short	6016
 507 01f0 8000     		.short	128
 508 01f2 3B       		.byte	59
 509 01f3 23       		.byte	35
 510 01f4 0000     		.short	0
 511 01f6 8009     		.short	2432
 512 01f8 8000     		.short	128
 513 01fa 3C       		.byte	60
 514 01fb 23       		.byte	35
 515 01fc 0000     		.short	0
ARM GAS  C:\Users\ggg88\AppData\Local\Temp\ccmzX8ZX.s 			page 13


 516 01fe 0007     		.short	1792
 517 0200 8000     		.short	128
 518 0202 3D       		.byte	61
 519 0203 23       		.byte	35
 520 0204 0000     		.short	0
 521 0206 8007     		.short	1920
 522 0208 8000     		.short	128
 523 020a 3E       		.byte	62
 524 020b 23       		.byte	35
 525 020c 0000     		.short	0
 526 020e 0005     		.short	1280
 527 0210 8000     		.short	128
 528 0212 3F       		.byte	63
 529 0213 23       		.byte	35
 530 0214 0000     		.short	0
 531 0216 8005     		.short	1408
 532 0218 8000     		.short	128
 533 021a 40       		.byte	64
 534 021b 23       		.byte	35
 535 021c 0000     		.short	0
 536 021e 0003     		.short	768
 537 0220 8000     		.short	128
 538 0222 41       		.byte	65
 539 0223 23       		.byte	35
 540 0224 0000     		.short	0
 541 0226 8003     		.short	896
 542 0228 8000     		.short	128
 543 022a 42       		.byte	66
 544 022b 23       		.byte	35
 545 022c 0000     		.short	0
 546 022e 0001     		.short	256
 547 0230 8000     		.short	128
 548 0232 43       		.byte	67
 549 0233 23       		.byte	35
 550 0234 0000     		.short	0
 551 0236 8001     		.short	384
 552 0238 8000     		.short	128
 553 023a 44       		.byte	68
 554 023b 23       		.byte	35
 555 023c 0000     		.short	0
 556 023e 8048     		.short	18560
 557 0240 8000     		.short	128
 558 0242 45       		.byte	69
 559 0243 23       		.byte	35
 560 0244 0000     		.short	0
 561 0246 8043     		.short	17280
 562 0248 8000     		.short	128
 563 024a 46       		.byte	70
 564 024b 23       		.byte	35
 565 024c 0000     		.short	0
 566 024e 8042     		.short	17024
 567 0250 8000     		.short	128
 568 0252 47       		.byte	71
 569 0253 23       		.byte	35
 570 0254 0000     		.short	0
 571 0256 0041     		.short	16640
 572 0258 8000     		.short	128
ARM GAS  C:\Users\ggg88\AppData\Local\Temp\ccmzX8ZX.s 			page 14


 573 025a 48       		.byte	72
 574 025b 23       		.byte	35
 575 025c 0000     		.short	0
 576 025e 8041     		.short	16768
 577 0260 8000     		.short	128
 578 0262 49       		.byte	73
 579 0263 23       		.byte	35
 580 0264 0000     		.short	0
 581 0266 0040     		.short	16384
 582 0268 8000     		.short	128
 583 026a FE       		.byte	-2
 584 026b 23       		.byte	35
 585 026c 0000     		.short	0
 586 026e 8040     		.short	16512
 587              		.section	.text.cfg_dma_init,"ax",%progbits
 588              		.align	2
 589              		.thumb
 590              		.thumb_func
 591              		.type	cfg_dma_init, %function
 592              	cfg_dma_init:
 593              	.LFB4:
 170:Generated_Source\PSoC5/cyfitter_cfg.c **** #endif /* CY_CFG_CLOCK_STARTUP_ERROR_CALLBACK */
 171:Generated_Source\PSoC5/cyfitter_cfg.c **** }
 172:Generated_Source\PSoC5/cyfitter_cfg.c **** #endif
 173:Generated_Source\PSoC5/cyfitter_cfg.c **** 
 174:Generated_Source\PSoC5/cyfitter_cfg.c **** /* IOPORT_0 Address: CYDEV_PRTDSI_PRT0_BASE Size (bytes): 7 */
 175:Generated_Source\PSoC5/cyfitter_cfg.c **** #define BS_IOPORT_0_VAL ((const uint8 CYFAR *)0x48000000u)
 176:Generated_Source\PSoC5/cyfitter_cfg.c **** 
 177:Generated_Source\PSoC5/cyfitter_cfg.c **** /* IOPORT_1 Address: CYDEV_PRTDSI_PRT1_BASE Size (bytes): 7 */
 178:Generated_Source\PSoC5/cyfitter_cfg.c **** #define BS_IOPORT_1_VAL ((const uint8 CYFAR *)0x48000008u)
 179:Generated_Source\PSoC5/cyfitter_cfg.c **** 
 180:Generated_Source\PSoC5/cyfitter_cfg.c **** /* IOPORT_2 Address: CYDEV_PRTDSI_PRT2_BASE Size (bytes): 7 */
 181:Generated_Source\PSoC5/cyfitter_cfg.c **** #define BS_IOPORT_2_VAL ((const uint8 CYFAR *)0x48000010u)
 182:Generated_Source\PSoC5/cyfitter_cfg.c **** 
 183:Generated_Source\PSoC5/cyfitter_cfg.c **** /* IOPORT_5 Address: CYDEV_PRTDSI_PRT5_BASE Size (bytes): 7 */
 184:Generated_Source\PSoC5/cyfitter_cfg.c **** #define BS_IOPORT_5_VAL ((const uint8 CYFAR *)0x48000018u)
 185:Generated_Source\PSoC5/cyfitter_cfg.c **** 
 186:Generated_Source\PSoC5/cyfitter_cfg.c **** /* IOPORT_6 Address: CYDEV_PRTDSI_PRT6_BASE Size (bytes): 7 */
 187:Generated_Source\PSoC5/cyfitter_cfg.c **** #define BS_IOPORT_6_VAL ((const uint8 CYFAR *)0x48000020u)
 188:Generated_Source\PSoC5/cyfitter_cfg.c **** 
 189:Generated_Source\PSoC5/cyfitter_cfg.c **** /* IDMUX_IRQ Address: CYREG_IDMUX_IRQ_CTL0 Size (bytes): 8 */
 190:Generated_Source\PSoC5/cyfitter_cfg.c **** #define BS_IDMUX_IRQ_VAL ((const uint8 CYFAR *)0x48000028u)
 191:Generated_Source\PSoC5/cyfitter_cfg.c **** 
 192:Generated_Source\PSoC5/cyfitter_cfg.c **** /* UDB_1_5_0_CONFIG Address: CYDEV_UCFG_B0_P0_U0_BASE Size (bytes): 128 */
 193:Generated_Source\PSoC5/cyfitter_cfg.c **** #define BS_UDB_1_5_0_CONFIG_VAL ((const uint8 CYFAR *)0x48000030u)
 194:Generated_Source\PSoC5/cyfitter_cfg.c **** 
 195:Generated_Source\PSoC5/cyfitter_cfg.c **** /* UDB_1_5_1_CONFIG Address: CYDEV_UCFG_B0_P0_U1_BASE Size (bytes): 128 */
 196:Generated_Source\PSoC5/cyfitter_cfg.c **** #define BS_UDB_1_5_1_CONFIG_VAL ((const uint8 CYFAR *)0x480000B0u)
 197:Generated_Source\PSoC5/cyfitter_cfg.c **** 
 198:Generated_Source\PSoC5/cyfitter_cfg.c **** /* UDB_1_4_1_CONFIG Address: CYDEV_UCFG_B0_P1_U0_BASE Size (bytes): 128 */
 199:Generated_Source\PSoC5/cyfitter_cfg.c **** #define BS_UDB_1_4_1_CONFIG_VAL ((const uint8 CYFAR *)0x48000130u)
 200:Generated_Source\PSoC5/cyfitter_cfg.c **** 
 201:Generated_Source\PSoC5/cyfitter_cfg.c **** /* UDB_1_4_0_CONFIG Address: CYDEV_UCFG_B0_P1_U1_BASE Size (bytes): 128 */
 202:Generated_Source\PSoC5/cyfitter_cfg.c **** #define BS_UDB_1_4_0_CONFIG_VAL ((const uint8 CYFAR *)0x480001B0u)
 203:Generated_Source\PSoC5/cyfitter_cfg.c **** 
 204:Generated_Source\PSoC5/cyfitter_cfg.c **** /* UDB_1_3_0_CONFIG Address: CYDEV_UCFG_B0_P2_U0_BASE Size (bytes): 128 */
 205:Generated_Source\PSoC5/cyfitter_cfg.c **** #define BS_UDB_1_3_0_CONFIG_VAL ((const uint8 CYFAR *)0x48000230u)
ARM GAS  C:\Users\ggg88\AppData\Local\Temp\ccmzX8ZX.s 			page 15


 206:Generated_Source\PSoC5/cyfitter_cfg.c **** 
 207:Generated_Source\PSoC5/cyfitter_cfg.c **** /* UDB_1_3_1_CONFIG Address: CYDEV_UCFG_B0_P2_U1_BASE Size (bytes): 128 */
 208:Generated_Source\PSoC5/cyfitter_cfg.c **** #define BS_UDB_1_3_1_CONFIG_VAL ((const uint8 CYFAR *)0x480002B0u)
 209:Generated_Source\PSoC5/cyfitter_cfg.c **** 
 210:Generated_Source\PSoC5/cyfitter_cfg.c **** /* UDB_1_2_1_CONFIG Address: CYDEV_UCFG_B0_P3_U0_BASE Size (bytes): 128 */
 211:Generated_Source\PSoC5/cyfitter_cfg.c **** #define BS_UDB_1_2_1_CONFIG_VAL ((const uint8 CYFAR *)0x48000330u)
 212:Generated_Source\PSoC5/cyfitter_cfg.c **** 
 213:Generated_Source\PSoC5/cyfitter_cfg.c **** /* UDB_1_2_0_CONFIG Address: CYDEV_UCFG_B0_P3_U1_BASE Size (bytes): 128 */
 214:Generated_Source\PSoC5/cyfitter_cfg.c **** #define BS_UDB_1_2_0_CONFIG_VAL ((const uint8 CYFAR *)0x480003B0u)
 215:Generated_Source\PSoC5/cyfitter_cfg.c **** 
 216:Generated_Source\PSoC5/cyfitter_cfg.c **** /* UDB_1_0_0_CONFIG Address: CYDEV_UCFG_B1_P2_U0_BASE Size (bytes): 128 */
 217:Generated_Source\PSoC5/cyfitter_cfg.c **** #define BS_UDB_1_0_0_CONFIG_VAL ((const uint8 CYFAR *)0x48000430u)
 218:Generated_Source\PSoC5/cyfitter_cfg.c **** 
 219:Generated_Source\PSoC5/cyfitter_cfg.c **** /* UDB_1_0_1_CONFIG Address: CYDEV_UCFG_B1_P2_U1_BASE Size (bytes): 128 */
 220:Generated_Source\PSoC5/cyfitter_cfg.c **** #define BS_UDB_1_0_1_CONFIG_VAL ((const uint8 CYFAR *)0x480004B0u)
 221:Generated_Source\PSoC5/cyfitter_cfg.c **** 
 222:Generated_Source\PSoC5/cyfitter_cfg.c **** /* UDB_1_1_1_CONFIG Address: CYDEV_UCFG_B1_P3_U0_BASE Size (bytes): 128 */
 223:Generated_Source\PSoC5/cyfitter_cfg.c **** #define BS_UDB_1_1_1_CONFIG_VAL ((const uint8 CYFAR *)0x48000530u)
 224:Generated_Source\PSoC5/cyfitter_cfg.c **** 
 225:Generated_Source\PSoC5/cyfitter_cfg.c **** /* UDB_1_1_0_CONFIG Address: CYDEV_UCFG_B1_P3_U1_BASE Size (bytes): 128 */
 226:Generated_Source\PSoC5/cyfitter_cfg.c **** #define BS_UDB_1_1_0_CONFIG_VAL ((const uint8 CYFAR *)0x480005B0u)
 227:Generated_Source\PSoC5/cyfitter_cfg.c **** 
 228:Generated_Source\PSoC5/cyfitter_cfg.c **** /* UWRK_B0_WRK_DP_BITS Address: CYDEV_UWRK_UWRK8_B0_BASE Size (bytes): 64 */
 229:Generated_Source\PSoC5/cyfitter_cfg.c **** #define BS_UWRK_B0_WRK_DP_BITS_VAL ((const uint8 CYFAR *)0x48000630u)
 230:Generated_Source\PSoC5/cyfitter_cfg.c **** 
 231:Generated_Source\PSoC5/cyfitter_cfg.c **** /* UWRK_B0_WRK_STATCTL_BITS Address: CYDEV_UWRK_UWRK8_B0_BASE + 0x00000070u Size (bytes): 32 */
 232:Generated_Source\PSoC5/cyfitter_cfg.c **** #define BS_UWRK_B0_WRK_STATCTL_BITS_VAL ((const uint8 CYFAR *)0x48000670u)
 233:Generated_Source\PSoC5/cyfitter_cfg.c **** 
 234:Generated_Source\PSoC5/cyfitter_cfg.c **** /* UWRK_B1_WRK_DP_BITS Address: CYDEV_UWRK_UWRK8_B1_BASE Size (bytes): 64 */
 235:Generated_Source\PSoC5/cyfitter_cfg.c **** #define BS_UWRK_B1_WRK_DP_BITS_VAL ((const uint8 CYFAR *)0x48000690u)
 236:Generated_Source\PSoC5/cyfitter_cfg.c **** 
 237:Generated_Source\PSoC5/cyfitter_cfg.c **** /* UWRK_B1_WRK_STATCTL_BITS Address: CYDEV_UWRK_UWRK8_B1_BASE + 0x00000070u Size (bytes): 32 */
 238:Generated_Source\PSoC5/cyfitter_cfg.c **** #define BS_UWRK_B1_WRK_STATCTL_BITS_VAL ((const uint8 CYFAR *)0x480006D0u)
 239:Generated_Source\PSoC5/cyfitter_cfg.c **** 
 240:Generated_Source\PSoC5/cyfitter_cfg.c **** /* UCFG_BCTL1 Address: CYREG_BCTL1_MDCLK_EN Size (bytes): 16 */
 241:Generated_Source\PSoC5/cyfitter_cfg.c **** #define BS_UCFG_BCTL1_VAL ((const uint8 CYFAR *)0x480006F0u)
 242:Generated_Source\PSoC5/cyfitter_cfg.c **** 
 243:Generated_Source\PSoC5/cyfitter_cfg.c **** /* UCFG_BCTL0 Address: CYREG_BCTL0_MDCLK_EN Size (bytes): 16 */
 244:Generated_Source\PSoC5/cyfitter_cfg.c **** #define BS_UCFG_BCTL0_VAL ((const uint8 CYFAR *)0x48000700u)
 245:Generated_Source\PSoC5/cyfitter_cfg.c **** 
 246:Generated_Source\PSoC5/cyfitter_cfg.c **** /* DSISWITCH_0_0 Address: CYDEV_UCFG_DSI13_BASE Size (bytes): 128 */
 247:Generated_Source\PSoC5/cyfitter_cfg.c **** #define BS_DSISWITCH_0_0_VAL ((const uint8 CYFAR *)0x48000710u)
 248:Generated_Source\PSoC5/cyfitter_cfg.c **** 
 249:Generated_Source\PSoC5/cyfitter_cfg.c **** /* DSI0_0_HV_ROUTING Address: CYDEV_UCFG_DSI13_BASE + 0x00000080u Size (bytes): 128 */
 250:Generated_Source\PSoC5/cyfitter_cfg.c **** #define BS_DSI0_0_HV_ROUTING_VAL ((const uint8 CYFAR *)0x48000790u)
 251:Generated_Source\PSoC5/cyfitter_cfg.c **** 
 252:Generated_Source\PSoC5/cyfitter_cfg.c **** /* DSISWITCH_0_1 Address: CYDEV_UCFG_DSI12_BASE Size (bytes): 128 */
 253:Generated_Source\PSoC5/cyfitter_cfg.c **** #define BS_DSISWITCH_0_1_VAL ((const uint8 CYFAR *)0x48000810u)
 254:Generated_Source\PSoC5/cyfitter_cfg.c **** 
 255:Generated_Source\PSoC5/cyfitter_cfg.c **** /* DSI0_1_HV_ROUTING Address: CYDEV_UCFG_DSI12_BASE + 0x00000080u Size (bytes): 128 */
 256:Generated_Source\PSoC5/cyfitter_cfg.c **** #define BS_DSI0_1_HV_ROUTING_VAL ((const uint8 CYFAR *)0x48000890u)
 257:Generated_Source\PSoC5/cyfitter_cfg.c **** 
 258:Generated_Source\PSoC5/cyfitter_cfg.c **** /* DSI0_2_HV_ROUTING Address: CYDEV_UCFG_DSI7_BASE + 0x00000080u Size (bytes): 128 */
 259:Generated_Source\PSoC5/cyfitter_cfg.c **** #define BS_DSI0_2_HV_ROUTING_VAL ((const uint8 CYFAR *)0x48000910u)
 260:Generated_Source\PSoC5/cyfitter_cfg.c **** 
 261:Generated_Source\PSoC5/cyfitter_cfg.c **** /* DSISWITCH_0_3 Address: CYDEV_UCFG_DSI6_BASE Size (bytes): 128 */
 262:Generated_Source\PSoC5/cyfitter_cfg.c **** #define BS_DSISWITCH_0_3_VAL ((const uint8 CYFAR *)0x48000990u)
ARM GAS  C:\Users\ggg88\AppData\Local\Temp\ccmzX8ZX.s 			page 16


 263:Generated_Source\PSoC5/cyfitter_cfg.c **** 
 264:Generated_Source\PSoC5/cyfitter_cfg.c **** /* DSI0_3_HV_ROUTING Address: CYDEV_UCFG_DSI6_BASE + 0x00000080u Size (bytes): 128 */
 265:Generated_Source\PSoC5/cyfitter_cfg.c **** #define BS_DSI0_3_HV_ROUTING_VAL ((const uint8 CYFAR *)0x48000A10u)
 266:Generated_Source\PSoC5/cyfitter_cfg.c **** 
 267:Generated_Source\PSoC5/cyfitter_cfg.c **** /* UDB_1_0_HV_ROUTING Address: CYDEV_UCFG_B1_P5_ROUTE_BASE + 0x00000080u Size (bytes): 128 */
 268:Generated_Source\PSoC5/cyfitter_cfg.c **** #define BS_UDB_1_0_HV_ROUTING_VAL ((const uint8 CYFAR *)0x48000A90u)
 269:Generated_Source\PSoC5/cyfitter_cfg.c **** 
 270:Generated_Source\PSoC5/cyfitter_cfg.c **** /* UDBSWITCH_1_0 Address: CYDEV_UCFG_B1_P2_ROUTE_BASE Size (bytes): 128 */
 271:Generated_Source\PSoC5/cyfitter_cfg.c **** #define BS_UDBSWITCH_1_0_VAL ((const uint8 CYFAR *)0x48000B10u)
 272:Generated_Source\PSoC5/cyfitter_cfg.c **** 
 273:Generated_Source\PSoC5/cyfitter_cfg.c **** /* UDB_2_0_HV_ROUTING Address: CYDEV_UCFG_B1_P2_ROUTE_BASE + 0x00000080u Size (bytes): 128 */
 274:Generated_Source\PSoC5/cyfitter_cfg.c **** #define BS_UDB_2_0_HV_ROUTING_VAL ((const uint8 CYFAR *)0x48000B90u)
 275:Generated_Source\PSoC5/cyfitter_cfg.c **** 
 276:Generated_Source\PSoC5/cyfitter_cfg.c **** /* UDB_1_1_HV_ROUTING Address: CYDEV_UCFG_B1_P4_ROUTE_BASE + 0x00000080u Size (bytes): 128 */
 277:Generated_Source\PSoC5/cyfitter_cfg.c **** #define BS_UDB_1_1_HV_ROUTING_VAL ((const uint8 CYFAR *)0x48000C10u)
 278:Generated_Source\PSoC5/cyfitter_cfg.c **** 
 279:Generated_Source\PSoC5/cyfitter_cfg.c **** /* UDBSWITCH_1_1 Address: CYDEV_UCFG_B1_P3_ROUTE_BASE Size (bytes): 128 */
 280:Generated_Source\PSoC5/cyfitter_cfg.c **** #define BS_UDBSWITCH_1_1_VAL ((const uint8 CYFAR *)0x48000C90u)
 281:Generated_Source\PSoC5/cyfitter_cfg.c **** 
 282:Generated_Source\PSoC5/cyfitter_cfg.c **** /* UDB_2_1_HV_ROUTING Address: CYDEV_UCFG_B1_P3_ROUTE_BASE + 0x00000080u Size (bytes): 128 */
 283:Generated_Source\PSoC5/cyfitter_cfg.c **** #define BS_UDB_2_1_HV_ROUTING_VAL ((const uint8 CYFAR *)0x48000D10u)
 284:Generated_Source\PSoC5/cyfitter_cfg.c **** 
 285:Generated_Source\PSoC5/cyfitter_cfg.c **** /* UDB_1_2_HV_ROUTING Address: CYDEV_UCFG_B0_P4_ROUTE_BASE + 0x00000080u Size (bytes): 128 */
 286:Generated_Source\PSoC5/cyfitter_cfg.c **** #define BS_UDB_1_2_HV_ROUTING_VAL ((const uint8 CYFAR *)0x48000D90u)
 287:Generated_Source\PSoC5/cyfitter_cfg.c **** 
 288:Generated_Source\PSoC5/cyfitter_cfg.c **** /* UDBSWITCH_1_2 Address: CYDEV_UCFG_B0_P3_ROUTE_BASE Size (bytes): 128 */
 289:Generated_Source\PSoC5/cyfitter_cfg.c **** #define BS_UDBSWITCH_1_2_VAL ((const uint8 CYFAR *)0x48000E10u)
 290:Generated_Source\PSoC5/cyfitter_cfg.c **** 
 291:Generated_Source\PSoC5/cyfitter_cfg.c **** /* UDB_2_2_HV_ROUTING Address: CYDEV_UCFG_B0_P3_ROUTE_BASE + 0x00000080u Size (bytes): 128 */
 292:Generated_Source\PSoC5/cyfitter_cfg.c **** #define BS_UDB_2_2_HV_ROUTING_VAL ((const uint8 CYFAR *)0x48000E90u)
 293:Generated_Source\PSoC5/cyfitter_cfg.c **** 
 294:Generated_Source\PSoC5/cyfitter_cfg.c **** /* UDBSWITCH_1_3 Address: CYDEV_UCFG_B0_P2_ROUTE_BASE Size (bytes): 128 */
 295:Generated_Source\PSoC5/cyfitter_cfg.c **** #define BS_UDBSWITCH_1_3_VAL ((const uint8 CYFAR *)0x48000F10u)
 296:Generated_Source\PSoC5/cyfitter_cfg.c **** 
 297:Generated_Source\PSoC5/cyfitter_cfg.c **** /* UDB_2_3_HV_ROUTING Address: CYDEV_UCFG_B0_P2_ROUTE_BASE + 0x00000080u Size (bytes): 128 */
 298:Generated_Source\PSoC5/cyfitter_cfg.c **** #define BS_UDB_2_3_HV_ROUTING_VAL ((const uint8 CYFAR *)0x48000F90u)
 299:Generated_Source\PSoC5/cyfitter_cfg.c **** 
 300:Generated_Source\PSoC5/cyfitter_cfg.c **** /* UDBSWITCH_1_4 Address: CYDEV_UCFG_B0_P1_ROUTE_BASE Size (bytes): 128 */
 301:Generated_Source\PSoC5/cyfitter_cfg.c **** #define BS_UDBSWITCH_1_4_VAL ((const uint8 CYFAR *)0x48001010u)
 302:Generated_Source\PSoC5/cyfitter_cfg.c **** 
 303:Generated_Source\PSoC5/cyfitter_cfg.c **** /* UDB_2_4_HV_ROUTING Address: CYDEV_UCFG_B0_P1_ROUTE_BASE + 0x00000080u Size (bytes): 128 */
 304:Generated_Source\PSoC5/cyfitter_cfg.c **** #define BS_UDB_2_4_HV_ROUTING_VAL ((const uint8 CYFAR *)0x48001090u)
 305:Generated_Source\PSoC5/cyfitter_cfg.c **** 
 306:Generated_Source\PSoC5/cyfitter_cfg.c **** /* UDBSWITCH_1_5 Address: CYDEV_UCFG_B0_P0_ROUTE_BASE Size (bytes): 128 */
 307:Generated_Source\PSoC5/cyfitter_cfg.c **** #define BS_UDBSWITCH_1_5_VAL ((const uint8 CYFAR *)0x48001110u)
 308:Generated_Source\PSoC5/cyfitter_cfg.c **** 
 309:Generated_Source\PSoC5/cyfitter_cfg.c **** /* UDB_2_5_HV_ROUTING Address: CYDEV_UCFG_B0_P0_ROUTE_BASE + 0x00000080u Size (bytes): 128 */
 310:Generated_Source\PSoC5/cyfitter_cfg.c **** #define BS_UDB_2_5_HV_ROUTING_VAL ((const uint8 CYFAR *)0x48001190u)
 311:Generated_Source\PSoC5/cyfitter_cfg.c **** 
 312:Generated_Source\PSoC5/cyfitter_cfg.c **** /* DSI3_1_HV_ROUTING Address: CYDEV_UCFG_DSI8_BASE + 0x00000080u Size (bytes): 128 */
 313:Generated_Source\PSoC5/cyfitter_cfg.c **** #define BS_DSI3_1_HV_ROUTING_VAL ((const uint8 CYFAR *)0x48001210u)
 314:Generated_Source\PSoC5/cyfitter_cfg.c **** 
 315:Generated_Source\PSoC5/cyfitter_cfg.c **** /* DSI3_2_HV_ROUTING Address: CYDEV_UCFG_DSI3_BASE + 0x00000080u Size (bytes): 128 */
 316:Generated_Source\PSoC5/cyfitter_cfg.c **** #define BS_DSI3_2_HV_ROUTING_VAL ((const uint8 CYFAR *)0x48001290u)
 317:Generated_Source\PSoC5/cyfitter_cfg.c **** 
 318:Generated_Source\PSoC5/cyfitter_cfg.c **** /* DSI3_3_HV_ROUTING Address: CYDEV_UCFG_DSI2_BASE + 0x00000080u Size (bytes): 128 */
 319:Generated_Source\PSoC5/cyfitter_cfg.c **** #define BS_DSI3_3_HV_ROUTING_VAL ((const uint8 CYFAR *)0x48001310u)
ARM GAS  C:\Users\ggg88\AppData\Local\Temp\ccmzX8ZX.s 			page 17


 320:Generated_Source\PSoC5/cyfitter_cfg.c **** 
 321:Generated_Source\PSoC5/cyfitter_cfg.c **** /* DSISWITCH_1_4 Address: CYDEV_UCFG_DSI1_BASE Size (bytes): 128 */
 322:Generated_Source\PSoC5/cyfitter_cfg.c **** #define BS_DSISWITCH_1_4_VAL ((const uint8 CYFAR *)0x48001390u)
 323:Generated_Source\PSoC5/cyfitter_cfg.c **** 
 324:Generated_Source\PSoC5/cyfitter_cfg.c **** /* DSI3_4_HV_ROUTING Address: CYDEV_UCFG_DSI1_BASE + 0x00000080u Size (bytes): 128 */
 325:Generated_Source\PSoC5/cyfitter_cfg.c **** #define BS_DSI3_4_HV_ROUTING_VAL ((const uint8 CYFAR *)0x48001410u)
 326:Generated_Source\PSoC5/cyfitter_cfg.c **** 
 327:Generated_Source\PSoC5/cyfitter_cfg.c **** /* DSISWITCH_1_5 Address: CYDEV_UCFG_DSI0_BASE Size (bytes): 128 */
 328:Generated_Source\PSoC5/cyfitter_cfg.c **** #define BS_DSISWITCH_1_5_VAL ((const uint8 CYFAR *)0x48001490u)
 329:Generated_Source\PSoC5/cyfitter_cfg.c **** 
 330:Generated_Source\PSoC5/cyfitter_cfg.c **** /* DSI3_5_HV_ROUTING Address: CYDEV_UCFG_DSI0_BASE + 0x00000080u Size (bytes): 128 */
 331:Generated_Source\PSoC5/cyfitter_cfg.c **** #define BS_DSI3_5_HV_ROUTING_VAL ((const uint8 CYFAR *)0x48001510u)
 332:Generated_Source\PSoC5/cyfitter_cfg.c **** 
 333:Generated_Source\PSoC5/cyfitter_cfg.c **** /* IOPINS0_0 Address: CYREG_PRT0_DM0 Size (bytes): 8 */
 334:Generated_Source\PSoC5/cyfitter_cfg.c **** #define BS_IOPINS0_0_VAL ((const uint8 CYFAR *)0x48001590u)
 335:Generated_Source\PSoC5/cyfitter_cfg.c **** 
 336:Generated_Source\PSoC5/cyfitter_cfg.c **** /* IOPINS0_8 Address: CYREG_PRT15_DM0 Size (bytes): 8 */
 337:Generated_Source\PSoC5/cyfitter_cfg.c **** #define BS_IOPINS0_8_VAL ((const uint8 CYFAR *)0x48001598u)
 338:Generated_Source\PSoC5/cyfitter_cfg.c **** 
 339:Generated_Source\PSoC5/cyfitter_cfg.c **** /* IOPINS0_1 Address: CYREG_PRT1_DM0 Size (bytes): 8 */
 340:Generated_Source\PSoC5/cyfitter_cfg.c **** #define BS_IOPINS0_1_VAL ((const uint8 CYFAR *)0x480015A0u)
 341:Generated_Source\PSoC5/cyfitter_cfg.c **** 
 342:Generated_Source\PSoC5/cyfitter_cfg.c **** /* IOPINS0_2 Address: CYREG_PRT2_DM0 Size (bytes): 8 */
 343:Generated_Source\PSoC5/cyfitter_cfg.c **** #define BS_IOPINS0_2_VAL ((const uint8 CYFAR *)0x480015A8u)
 344:Generated_Source\PSoC5/cyfitter_cfg.c **** 
 345:Generated_Source\PSoC5/cyfitter_cfg.c **** /* IOPINS0_4 Address: CYREG_PRT4_DM0 Size (bytes): 8 */
 346:Generated_Source\PSoC5/cyfitter_cfg.c **** #define BS_IOPINS0_4_VAL ((const uint8 CYFAR *)0x480015B0u)
 347:Generated_Source\PSoC5/cyfitter_cfg.c **** 
 348:Generated_Source\PSoC5/cyfitter_cfg.c **** /* IOPINS0_5 Address: CYREG_PRT5_DM0 Size (bytes): 8 */
 349:Generated_Source\PSoC5/cyfitter_cfg.c **** #define BS_IOPINS0_5_VAL ((const uint8 CYFAR *)0x480015B8u)
 350:Generated_Source\PSoC5/cyfitter_cfg.c **** 
 351:Generated_Source\PSoC5/cyfitter_cfg.c **** /* IOPINS0_6 Address: CYREG_PRT6_DM0 Size (bytes): 8 */
 352:Generated_Source\PSoC5/cyfitter_cfg.c **** #define BS_IOPINS0_6_VAL ((const uint8 CYFAR *)0x480015C0u)
 353:Generated_Source\PSoC5/cyfitter_cfg.c **** 
 354:Generated_Source\PSoC5/cyfitter_cfg.c **** 
 355:Generated_Source\PSoC5/cyfitter_cfg.c **** /*******************************************************************************
 356:Generated_Source\PSoC5/cyfitter_cfg.c **** * Function Name: cfg_dma_init
 357:Generated_Source\PSoC5/cyfitter_cfg.c **** ********************************************************************************
 358:Generated_Source\PSoC5/cyfitter_cfg.c **** * Summary:
 359:Generated_Source\PSoC5/cyfitter_cfg.c **** *  This function is used to copy device configuration data from constant values
 360:Generated_Source\PSoC5/cyfitter_cfg.c **** *  stored in memory into the proper chip configuration registers using DMA.  It
 361:Generated_Source\PSoC5/cyfitter_cfg.c **** *  pulls data out of the CFG_TD_LISTs to know exactly how/what to configure.
 362:Generated_Source\PSoC5/cyfitter_cfg.c **** *
 363:Generated_Source\PSoC5/cyfitter_cfg.c **** * Parameters:  
 364:Generated_Source\PSoC5/cyfitter_cfg.c **** *   void
 365:Generated_Source\PSoC5/cyfitter_cfg.c **** *
 366:Generated_Source\PSoC5/cyfitter_cfg.c **** * Return:
 367:Generated_Source\PSoC5/cyfitter_cfg.c **** *   void
 368:Generated_Source\PSoC5/cyfitter_cfg.c **** *
 369:Generated_Source\PSoC5/cyfitter_cfg.c **** *******************************************************************************/
 370:Generated_Source\PSoC5/cyfitter_cfg.c **** static void cfg_dma_init(void);
 371:Generated_Source\PSoC5/cyfitter_cfg.c **** static void cfg_dma_init(void)
 372:Generated_Source\PSoC5/cyfitter_cfg.c **** {
 594              		.loc 1 372 0
 595              		.cfi_startproc
 596              		@ args = 0, pretend = 0, frame = 8
 597              		@ frame_needed = 1, uses_anonymous_args = 0
ARM GAS  C:\Users\ggg88\AppData\Local\Temp\ccmzX8ZX.s 			page 18


 598              		@ link register save eliminated.
 599 0000 80B4     		push	{r7}
 600              		.cfi_def_cfa_offset 4
 601              		.cfi_offset 7, -4
 602 0002 83B0     		sub	sp, sp, #12
 603              		.cfi_def_cfa_offset 16
 604 0004 00AF     		add	r7, sp, #0
 605              		.cfi_def_cfa_register 7
 373:Generated_Source\PSoC5/cyfitter_cfg.c **** 	/* TD structure for little-endian systems. Does not require endian swap */
 374:Generated_Source\PSoC5/cyfitter_cfg.c **** 	CYPACKED struct td_t {
 375:Generated_Source\PSoC5/cyfitter_cfg.c **** 		uint16 size;
 376:Generated_Source\PSoC5/cyfitter_cfg.c **** 		uint8 next_td_ptr;
 377:Generated_Source\PSoC5/cyfitter_cfg.c **** 		uint8 flags;
 378:Generated_Source\PSoC5/cyfitter_cfg.c **** 		uint16 src;
 379:Generated_Source\PSoC5/cyfitter_cfg.c **** 		uint16 dest;
 380:Generated_Source\PSoC5/cyfitter_cfg.c **** 	} CYPACKED_ATTR;
 381:Generated_Source\PSoC5/cyfitter_cfg.c **** 
 382:Generated_Source\PSoC5/cyfitter_cfg.c **** 	/* PHUB_CH1_CFGMEM_CFG0/1 initialization data */
 383:Generated_Source\PSoC5/cyfitter_cfg.c **** 	DMAINITSEC static const uint8 CYCODE CH1_ADDR_DATA0[] = { 0x01u, 0x00u, 0x00u, 0x00u, 0x00u, 0x20u
 384:Generated_Source\PSoC5/cyfitter_cfg.c **** 
 385:Generated_Source\PSoC5/cyfitter_cfg.c **** 	/* PHUB_CH2_CFGMEM_CFG0/1 initialization data */
 386:Generated_Source\PSoC5/cyfitter_cfg.c **** 	DMAINITSEC static const uint8 CYCODE CH2_ADDR_DATA0[] = { 0x01u, 0x00u, 0x00u, 0x00u, 0x00u, 0x20u
 387:Generated_Source\PSoC5/cyfitter_cfg.c **** 
 388:Generated_Source\PSoC5/cyfitter_cfg.c **** 	/* PHUB_CH5_CFGMEM_CFG0/1 initialization data */
 389:Generated_Source\PSoC5/cyfitter_cfg.c **** 	DMAINITSEC static const uint8 CYCODE CH5_ADDR_DATA0[] = { 0x01u, 0x00u, 0x00u, 0x00u, 0x00u, 0x48u
 390:Generated_Source\PSoC5/cyfitter_cfg.c **** 
 391:Generated_Source\PSoC5/cyfitter_cfg.c **** 	/* PHUB_CH6_CFGMEM_CFG0/1 initialization data */
 392:Generated_Source\PSoC5/cyfitter_cfg.c **** 	DMAINITSEC static const uint8 CYCODE CH6_ADDR_DATA0[] = { 0x01u, 0x00u, 0x00u, 0x00u, 0x00u, 0x48u
 393:Generated_Source\PSoC5/cyfitter_cfg.c **** 
 394:Generated_Source\PSoC5/cyfitter_cfg.c **** 	/* Initialization data for each DMA channel's TD registers */
 395:Generated_Source\PSoC5/cyfitter_cfg.c **** 	DMAINITSEC static const uint8 CYCODE DMA_TD_START_CMD[] = { 0x01u, 0x00u, 0x00u, 0x00u, 0x01u };
 396:Generated_Source\PSoC5/cyfitter_cfg.c **** 
 397:Generated_Source\PSoC5/cyfitter_cfg.c **** 	CYALIGNED static uint32 CYXDATA DMA_ZERO_VAL;
 398:Generated_Source\PSoC5/cyfitter_cfg.c **** 
 399:Generated_Source\PSoC5/cyfitter_cfg.c **** 	/* This table holds all of the initialization data necessary for the DMA
 400:Generated_Source\PSoC5/cyfitter_cfg.c **** 	   process to transfer data from the source location to the destination. */
 401:Generated_Source\PSoC5/cyfitter_cfg.c **** 	/* Source addresses can be relocated, but only when in 32bit addresses.
 402:Generated_Source\PSoC5/cyfitter_cfg.c **** 	   Because the standard TD table only has 16bit addresses, we generate a
 403:Generated_Source\PSoC5/cyfitter_cfg.c **** 	   separate CFG_TD_ADDR table for the source addresses that supports 32bit
 404:Generated_Source\PSoC5/cyfitter_cfg.c **** 	   addresses. */
 405:Generated_Source\PSoC5/cyfitter_cfg.c **** 	DMAINITSEC static const struct td_t CYCODE CFG_TD_LIST0[] = {
 406:Generated_Source\PSoC5/cyfitter_cfg.c **** 		/* Size, Next, Flags, Source, Destination */
 407:Generated_Source\PSoC5/cyfitter_cfg.c **** 		{ 8u, 0x02u, 0x23u, (uint16)(uint32)(0u), (uint16)(CYREG_PHUB_CFGMEM1_CFG0) },	/* TD 1 */
 408:Generated_Source\PSoC5/cyfitter_cfg.c **** 		{ 8u, 0x03u, 0x23u, (uint16)(uint32)(0u), (uint16)(CYREG_PHUB_CFGMEM2_CFG0) },	/* TD 2 */
 409:Generated_Source\PSoC5/cyfitter_cfg.c **** 		{ 8u, 0x04u, 0x23u, (uint16)(uint32)(0u), (uint16)(CYREG_PHUB_CFGMEM5_CFG0) },	/* TD 3 */
 410:Generated_Source\PSoC5/cyfitter_cfg.c **** 		{ 8u, 0x05u, 0x23u, (uint16)(uint32)(0u), (uint16)(CYREG_PHUB_CFGMEM6_CFG0) },	/* TD 4 */
 411:Generated_Source\PSoC5/cyfitter_cfg.c **** 		{ 5u, 0x06u, 0x23u, (uint16)(uint32)(0u), (uint16)(CYREG_PHUB_CH1_BASIC_CFG) },	/* TD 5 */
 412:Generated_Source\PSoC5/cyfitter_cfg.c **** 		{ 5u, 0x07u, 0x23u, (uint16)(uint32)(0u), (uint16)(CYREG_PHUB_CH2_BASIC_CFG) },	/* TD 6 */
 413:Generated_Source\PSoC5/cyfitter_cfg.c **** 		{ 5u, 0x08u, 0x23u, (uint16)(uint32)(0u), (uint16)(CYREG_PHUB_CH5_BASIC_CFG) },	/* TD 7 */
 414:Generated_Source\PSoC5/cyfitter_cfg.c **** 		{ 5u, 0xFEu, 0x23u, (uint16)(uint32)(0u), (uint16)(CYREG_PHUB_CH6_BASIC_CFG) },	/* TD 8 */
 415:Generated_Source\PSoC5/cyfitter_cfg.c **** 		{ 16u, 0x0Au, 0x22u, (uint16)(uint32)(0u), (uint16)(CYREG_PRT3_DR) },	/* TD 9 */
 416:Generated_Source\PSoC5/cyfitter_cfg.c **** 		{ 16u, 0xFEu, 0x22u, (uint16)(uint32)(0u), (uint16)(CYREG_PRT12_DR) },	/* TD 10 */
 417:Generated_Source\PSoC5/cyfitter_cfg.c **** 		{ 384u, 0x0Cu, 0x22u, (uint16)(uint32)(0u), (uint16)(CYDEV_UCFG_B0_P4_U0_BASE) },	/* TD 11 */
 418:Generated_Source\PSoC5/cyfitter_cfg.c **** 		{ 1536u, 0x0Du, 0x22u, (uint16)(uint32)(0u), (uint16)(CYDEV_UCFG_B0_P5_U0_BASE) },	/* TD 12 */
 419:Generated_Source\PSoC5/cyfitter_cfg.c **** 		{ 384u, 0x0Eu, 0x22u, (uint16)(uint32)(0u), (uint16)(CYDEV_UCFG_B1_P4_U0_BASE) },	/* TD 13 */
 420:Generated_Source\PSoC5/cyfitter_cfg.c **** 		{ 384u, 0x0Fu, 0x22u, (uint16)(uint32)(0u), (uint16)(CYDEV_UCFG_B1_P5_U0_BASE) },	/* TD 14 */
 421:Generated_Source\PSoC5/cyfitter_cfg.c **** 		{ 128u, 0x10u, 0x22u, (uint16)(uint32)(0u), (uint16)(CYDEV_UCFG_DSI2_BASE) },	/* TD 15 */
ARM GAS  C:\Users\ggg88\AppData\Local\Temp\ccmzX8ZX.s 			page 19


 422:Generated_Source\PSoC5/cyfitter_cfg.c **** 		{ 128u, 0x11u, 0x22u, (uint16)(uint32)(0u), (uint16)(CYDEV_UCFG_DSI3_BASE) },	/* TD 16 */
 423:Generated_Source\PSoC5/cyfitter_cfg.c **** 		{ 512u, 0x12u, 0x22u, (uint16)(uint32)(0u), (uint16)(CYDEV_UCFG_DSI4_BASE) },	/* TD 17 */
 424:Generated_Source\PSoC5/cyfitter_cfg.c **** 		{ 128u, 0x13u, 0x22u, (uint16)(uint32)(0u), (uint16)(CYDEV_UCFG_DSI7_BASE) },	/* TD 18 */
 425:Generated_Source\PSoC5/cyfitter_cfg.c **** 		{ 128u, 0x14u, 0x22u, (uint16)(uint32)(0u), (uint16)(CYDEV_UCFG_DSI8_BASE) },	/* TD 19 */
 426:Generated_Source\PSoC5/cyfitter_cfg.c **** 		{ 256u, 0xFEu, 0x22u, (uint16)(uint32)(0u), (uint16)(CYDEV_UCFG_DSI9_BASE) },	/* TD 20 */
 427:Generated_Source\PSoC5/cyfitter_cfg.c **** 		{ 7u, 0x16u, 0x23u, (uint16)(uint32)(0u), (uint16)(CYDEV_PRTDSI_PRT0_BASE) },	/* TD 21 */
 428:Generated_Source\PSoC5/cyfitter_cfg.c **** 		{ 7u, 0x17u, 0x23u, (uint16)(uint32)(0u), (uint16)(CYDEV_PRTDSI_PRT1_BASE) },	/* TD 22 */
 429:Generated_Source\PSoC5/cyfitter_cfg.c **** 		{ 7u, 0x18u, 0x23u, (uint16)(uint32)(0u), (uint16)(CYDEV_PRTDSI_PRT2_BASE) },	/* TD 23 */
 430:Generated_Source\PSoC5/cyfitter_cfg.c **** 		{ 7u, 0x19u, 0x23u, (uint16)(uint32)(0u), (uint16)(CYDEV_PRTDSI_PRT5_BASE) },	/* TD 24 */
 431:Generated_Source\PSoC5/cyfitter_cfg.c **** 		{ 7u, 0x1Au, 0x23u, (uint16)(uint32)(0u), (uint16)(CYDEV_PRTDSI_PRT6_BASE) },	/* TD 25 */
 432:Generated_Source\PSoC5/cyfitter_cfg.c **** 		{ 64u, 0x1Bu, 0x23u, (uint16)(uint32)(0u), (uint16)(CYDEV_UWRK_UWRK8_B0_BASE) },	/* TD 26 */
 433:Generated_Source\PSoC5/cyfitter_cfg.c **** 		{ 32u, 0x1Cu, 0x23u, (uint16)(uint32)(0u), (uint16)(CYDEV_UWRK_UWRK8_B0_BASE + 0x00000070u) },	/*
 434:Generated_Source\PSoC5/cyfitter_cfg.c **** 		{ 64u, 0x1Du, 0x23u, (uint16)(uint32)(0u), (uint16)(CYDEV_UWRK_UWRK8_B1_BASE) },	/* TD 28 */
 435:Generated_Source\PSoC5/cyfitter_cfg.c **** 		{ 32u, 0xFEu, 0x23u, (uint16)(uint32)(0u), (uint16)(CYDEV_UWRK_UWRK8_B1_BASE + 0x00000070u) },	/*
 436:Generated_Source\PSoC5/cyfitter_cfg.c **** 		{ 8u, 0x1Fu, 0x23u, (uint16)(uint32)(0u), (uint16)(CYREG_IDMUX_IRQ_CTL0) },	/* TD 30 */
 437:Generated_Source\PSoC5/cyfitter_cfg.c **** 		{ 128u, 0x20u, 0x23u, (uint16)(uint32)(0u), (uint16)(CYDEV_UCFG_B0_P0_U0_BASE) },	/* TD 31 */
 438:Generated_Source\PSoC5/cyfitter_cfg.c **** 		{ 128u, 0x21u, 0x23u, (uint16)(uint32)(0u), (uint16)(CYDEV_UCFG_B0_P0_U1_BASE) },	/* TD 32 */
 439:Generated_Source\PSoC5/cyfitter_cfg.c **** 		{ 128u, 0x22u, 0x23u, (uint16)(uint32)(0u), (uint16)(CYDEV_UCFG_B0_P1_U0_BASE) },	/* TD 33 */
 440:Generated_Source\PSoC5/cyfitter_cfg.c **** 		{ 128u, 0x23u, 0x23u, (uint16)(uint32)(0u), (uint16)(CYDEV_UCFG_B0_P1_U1_BASE) },	/* TD 34 */
 441:Generated_Source\PSoC5/cyfitter_cfg.c **** 		{ 128u, 0x24u, 0x23u, (uint16)(uint32)(0u), (uint16)(CYDEV_UCFG_B0_P2_U0_BASE) },	/* TD 35 */
 442:Generated_Source\PSoC5/cyfitter_cfg.c **** 		{ 128u, 0x25u, 0x23u, (uint16)(uint32)(0u), (uint16)(CYDEV_UCFG_B0_P2_U1_BASE) },	/* TD 36 */
 443:Generated_Source\PSoC5/cyfitter_cfg.c **** 		{ 128u, 0x26u, 0x23u, (uint16)(uint32)(0u), (uint16)(CYDEV_UCFG_B0_P3_U0_BASE) },	/* TD 37 */
 444:Generated_Source\PSoC5/cyfitter_cfg.c **** 		{ 128u, 0x27u, 0x23u, (uint16)(uint32)(0u), (uint16)(CYDEV_UCFG_B0_P3_U1_BASE) },	/* TD 38 */
 445:Generated_Source\PSoC5/cyfitter_cfg.c **** 		{ 128u, 0x28u, 0x23u, (uint16)(uint32)(0u), (uint16)(CYDEV_UCFG_B1_P2_U0_BASE) },	/* TD 39 */
 446:Generated_Source\PSoC5/cyfitter_cfg.c **** 		{ 128u, 0x29u, 0x23u, (uint16)(uint32)(0u), (uint16)(CYDEV_UCFG_B1_P2_U1_BASE) },	/* TD 40 */
 447:Generated_Source\PSoC5/cyfitter_cfg.c **** 		{ 128u, 0x2Au, 0x23u, (uint16)(uint32)(0u), (uint16)(CYDEV_UCFG_B1_P3_U0_BASE) },	/* TD 41 */
 448:Generated_Source\PSoC5/cyfitter_cfg.c **** 		{ 128u, 0x2Bu, 0x23u, (uint16)(uint32)(0u), (uint16)(CYDEV_UCFG_B1_P3_U1_BASE) },	/* TD 42 */
 449:Generated_Source\PSoC5/cyfitter_cfg.c **** 		{ 16u, 0x2Cu, 0x23u, (uint16)(uint32)(0u), (uint16)(CYREG_BCTL1_MDCLK_EN) },	/* TD 43 */
 450:Generated_Source\PSoC5/cyfitter_cfg.c **** 		{ 16u, 0x2Du, 0x23u, (uint16)(uint32)(0u), (uint16)(CYREG_BCTL0_MDCLK_EN) },	/* TD 44 */
 451:Generated_Source\PSoC5/cyfitter_cfg.c **** 		{ 128u, 0x2Eu, 0x23u, (uint16)(uint32)(0u), (uint16)(CYDEV_UCFG_DSI13_BASE) },	/* TD 45 */
 452:Generated_Source\PSoC5/cyfitter_cfg.c **** 		{ 128u, 0x2Fu, 0x23u, (uint16)(uint32)(0u), (uint16)(CYDEV_UCFG_DSI13_BASE + 0x00000080u) },	/* T
 453:Generated_Source\PSoC5/cyfitter_cfg.c **** 		{ 128u, 0x30u, 0x23u, (uint16)(uint32)(0u), (uint16)(CYDEV_UCFG_DSI12_BASE) },	/* TD 47 */
 454:Generated_Source\PSoC5/cyfitter_cfg.c **** 		{ 128u, 0x31u, 0x23u, (uint16)(uint32)(0u), (uint16)(CYDEV_UCFG_DSI12_BASE + 0x00000080u) },	/* T
 455:Generated_Source\PSoC5/cyfitter_cfg.c **** 		{ 128u, 0x32u, 0x23u, (uint16)(uint32)(0u), (uint16)(CYDEV_UCFG_DSI7_BASE + 0x00000080u) },	/* TD
 456:Generated_Source\PSoC5/cyfitter_cfg.c **** 		{ 128u, 0x33u, 0x23u, (uint16)(uint32)(0u), (uint16)(CYDEV_UCFG_DSI6_BASE) },	/* TD 50 */
 457:Generated_Source\PSoC5/cyfitter_cfg.c **** 		{ 128u, 0x34u, 0x23u, (uint16)(uint32)(0u), (uint16)(CYDEV_UCFG_DSI6_BASE + 0x00000080u) },	/* TD
 458:Generated_Source\PSoC5/cyfitter_cfg.c **** 		{ 128u, 0x35u, 0x23u, (uint16)(uint32)(0u), (uint16)(CYDEV_UCFG_B1_P5_ROUTE_BASE + 0x00000080u) }
 459:Generated_Source\PSoC5/cyfitter_cfg.c **** 		{ 128u, 0x36u, 0x23u, (uint16)(uint32)(0u), (uint16)(CYDEV_UCFG_B1_P2_ROUTE_BASE) },	/* TD 53 */
 460:Generated_Source\PSoC5/cyfitter_cfg.c **** 		{ 128u, 0x37u, 0x23u, (uint16)(uint32)(0u), (uint16)(CYDEV_UCFG_B1_P2_ROUTE_BASE + 0x00000080u) }
 461:Generated_Source\PSoC5/cyfitter_cfg.c **** 		{ 128u, 0x38u, 0x23u, (uint16)(uint32)(0u), (uint16)(CYDEV_UCFG_B1_P4_ROUTE_BASE + 0x00000080u) }
 462:Generated_Source\PSoC5/cyfitter_cfg.c **** 		{ 128u, 0x39u, 0x23u, (uint16)(uint32)(0u), (uint16)(CYDEV_UCFG_B1_P3_ROUTE_BASE) },	/* TD 56 */
 463:Generated_Source\PSoC5/cyfitter_cfg.c **** 		{ 128u, 0x3Au, 0x23u, (uint16)(uint32)(0u), (uint16)(CYDEV_UCFG_B1_P3_ROUTE_BASE + 0x00000080u) }
 464:Generated_Source\PSoC5/cyfitter_cfg.c **** 		{ 128u, 0x3Bu, 0x23u, (uint16)(uint32)(0u), (uint16)(CYDEV_UCFG_B0_P4_ROUTE_BASE + 0x00000080u) }
 465:Generated_Source\PSoC5/cyfitter_cfg.c **** 		{ 128u, 0x3Cu, 0x23u, (uint16)(uint32)(0u), (uint16)(CYDEV_UCFG_B0_P3_ROUTE_BASE) },	/* TD 59 */
 466:Generated_Source\PSoC5/cyfitter_cfg.c **** 		{ 128u, 0x3Du, 0x23u, (uint16)(uint32)(0u), (uint16)(CYDEV_UCFG_B0_P3_ROUTE_BASE + 0x00000080u) }
 467:Generated_Source\PSoC5/cyfitter_cfg.c **** 		{ 128u, 0x3Eu, 0x23u, (uint16)(uint32)(0u), (uint16)(CYDEV_UCFG_B0_P2_ROUTE_BASE) },	/* TD 61 */
 468:Generated_Source\PSoC5/cyfitter_cfg.c **** 		{ 128u, 0x3Fu, 0x23u, (uint16)(uint32)(0u), (uint16)(CYDEV_UCFG_B0_P2_ROUTE_BASE + 0x00000080u) }
 469:Generated_Source\PSoC5/cyfitter_cfg.c **** 		{ 128u, 0x40u, 0x23u, (uint16)(uint32)(0u), (uint16)(CYDEV_UCFG_B0_P1_ROUTE_BASE) },	/* TD 63 */
 470:Generated_Source\PSoC5/cyfitter_cfg.c **** 		{ 128u, 0x41u, 0x23u, (uint16)(uint32)(0u), (uint16)(CYDEV_UCFG_B0_P1_ROUTE_BASE + 0x00000080u) }
 471:Generated_Source\PSoC5/cyfitter_cfg.c **** 		{ 128u, 0x42u, 0x23u, (uint16)(uint32)(0u), (uint16)(CYDEV_UCFG_B0_P0_ROUTE_BASE) },	/* TD 65 */
 472:Generated_Source\PSoC5/cyfitter_cfg.c **** 		{ 128u, 0x43u, 0x23u, (uint16)(uint32)(0u), (uint16)(CYDEV_UCFG_B0_P0_ROUTE_BASE + 0x00000080u) }
 473:Generated_Source\PSoC5/cyfitter_cfg.c **** 		{ 128u, 0x44u, 0x23u, (uint16)(uint32)(0u), (uint16)(CYDEV_UCFG_DSI8_BASE + 0x00000080u) },	/* TD
 474:Generated_Source\PSoC5/cyfitter_cfg.c **** 		{ 128u, 0x45u, 0x23u, (uint16)(uint32)(0u), (uint16)(CYDEV_UCFG_DSI3_BASE + 0x00000080u) },	/* TD
 475:Generated_Source\PSoC5/cyfitter_cfg.c **** 		{ 128u, 0x46u, 0x23u, (uint16)(uint32)(0u), (uint16)(CYDEV_UCFG_DSI2_BASE + 0x00000080u) },	/* TD
 476:Generated_Source\PSoC5/cyfitter_cfg.c **** 		{ 128u, 0x47u, 0x23u, (uint16)(uint32)(0u), (uint16)(CYDEV_UCFG_DSI1_BASE) },	/* TD 70 */
 477:Generated_Source\PSoC5/cyfitter_cfg.c **** 		{ 128u, 0x48u, 0x23u, (uint16)(uint32)(0u), (uint16)(CYDEV_UCFG_DSI1_BASE + 0x00000080u) },	/* TD
 478:Generated_Source\PSoC5/cyfitter_cfg.c **** 		{ 128u, 0x49u, 0x23u, (uint16)(uint32)(0u), (uint16)(CYDEV_UCFG_DSI0_BASE) },	/* TD 72 */
ARM GAS  C:\Users\ggg88\AppData\Local\Temp\ccmzX8ZX.s 			page 20


 479:Generated_Source\PSoC5/cyfitter_cfg.c **** 		{ 128u, 0xFEu, 0x23u, (uint16)(uint32)(0u), (uint16)(CYDEV_UCFG_DSI0_BASE + 0x00000080u) },	/* TD
 480:Generated_Source\PSoC5/cyfitter_cfg.c **** 	};
 481:Generated_Source\PSoC5/cyfitter_cfg.c **** 
 482:Generated_Source\PSoC5/cyfitter_cfg.c **** 	/* Source addresses can be relocated, but only when in 32bit addresses.
 483:Generated_Source\PSoC5/cyfitter_cfg.c **** 	   Because the standard TD table only has 16bit addresses, we generate a
 484:Generated_Source\PSoC5/cyfitter_cfg.c **** 	   separate table for the source addresses that does use 32bit addresses. This
 485:Generated_Source\PSoC5/cyfitter_cfg.c **** 	   table will be re-merged with the corresponding CFG_TD_LIST table during
 486:Generated_Source\PSoC5/cyfitter_cfg.c **** 	   initialization. */
 487:Generated_Source\PSoC5/cyfitter_cfg.c **** 	static const void * const CFG_TD_ADDR0[] = {
 488:Generated_Source\PSoC5/cyfitter_cfg.c **** 		(const void *)(CH1_ADDR_DATA0),	/* TD 1 */
 489:Generated_Source\PSoC5/cyfitter_cfg.c **** 		(const void *)(CH2_ADDR_DATA0),	/* TD 2 */
 490:Generated_Source\PSoC5/cyfitter_cfg.c **** 		(const void *)(CH5_ADDR_DATA0),	/* TD 3 */
 491:Generated_Source\PSoC5/cyfitter_cfg.c **** 		(const void *)(CH6_ADDR_DATA0),	/* TD 4 */
 492:Generated_Source\PSoC5/cyfitter_cfg.c **** 		(const void *)(DMA_TD_START_CMD),	/* TD 5 */
 493:Generated_Source\PSoC5/cyfitter_cfg.c **** 		(const void *)(DMA_TD_START_CMD),	/* TD 6 */
 494:Generated_Source\PSoC5/cyfitter_cfg.c **** 		(const void *)(DMA_TD_START_CMD),	/* TD 7 */
 495:Generated_Source\PSoC5/cyfitter_cfg.c **** 		(const void *)(DMA_TD_START_CMD),	/* TD 8 */
 496:Generated_Source\PSoC5/cyfitter_cfg.c **** 		(const void *)(&DMA_ZERO_VAL),	/* TD 9 */
 497:Generated_Source\PSoC5/cyfitter_cfg.c **** 		(const void *)(&DMA_ZERO_VAL),	/* TD 10 */
 498:Generated_Source\PSoC5/cyfitter_cfg.c **** 		(const void *)(&DMA_ZERO_VAL),	/* TD 11 */
 499:Generated_Source\PSoC5/cyfitter_cfg.c **** 		(const void *)(&DMA_ZERO_VAL),	/* TD 12 */
 500:Generated_Source\PSoC5/cyfitter_cfg.c **** 		(const void *)(&DMA_ZERO_VAL),	/* TD 13 */
 501:Generated_Source\PSoC5/cyfitter_cfg.c **** 		(const void *)(&DMA_ZERO_VAL),	/* TD 14 */
 502:Generated_Source\PSoC5/cyfitter_cfg.c **** 		(const void *)(&DMA_ZERO_VAL),	/* TD 15 */
 503:Generated_Source\PSoC5/cyfitter_cfg.c **** 		(const void *)(&DMA_ZERO_VAL),	/* TD 16 */
 504:Generated_Source\PSoC5/cyfitter_cfg.c **** 		(const void *)(&DMA_ZERO_VAL),	/* TD 17 */
 505:Generated_Source\PSoC5/cyfitter_cfg.c **** 		(const void *)(&DMA_ZERO_VAL),	/* TD 18 */
 506:Generated_Source\PSoC5/cyfitter_cfg.c **** 		(const void *)(&DMA_ZERO_VAL),	/* TD 19 */
 507:Generated_Source\PSoC5/cyfitter_cfg.c **** 		(const void *)(&DMA_ZERO_VAL),	/* TD 20 */
 508:Generated_Source\PSoC5/cyfitter_cfg.c **** 		(const void *)(BS_IOPORT_0_VAL),	/* TD 21 */
 509:Generated_Source\PSoC5/cyfitter_cfg.c **** 		(const void *)(BS_IOPORT_1_VAL),	/* TD 22 */
 510:Generated_Source\PSoC5/cyfitter_cfg.c **** 		(const void *)(BS_IOPORT_2_VAL),	/* TD 23 */
 511:Generated_Source\PSoC5/cyfitter_cfg.c **** 		(const void *)(BS_IOPORT_5_VAL),	/* TD 24 */
 512:Generated_Source\PSoC5/cyfitter_cfg.c **** 		(const void *)(BS_IOPORT_6_VAL),	/* TD 25 */
 513:Generated_Source\PSoC5/cyfitter_cfg.c **** 		(const void *)(BS_UWRK_B0_WRK_DP_BITS_VAL),	/* TD 26 */
 514:Generated_Source\PSoC5/cyfitter_cfg.c **** 		(const void *)(BS_UWRK_B0_WRK_STATCTL_BITS_VAL),	/* TD 27 */
 515:Generated_Source\PSoC5/cyfitter_cfg.c **** 		(const void *)(BS_UWRK_B1_WRK_DP_BITS_VAL),	/* TD 28 */
 516:Generated_Source\PSoC5/cyfitter_cfg.c **** 		(const void *)(BS_UWRK_B1_WRK_STATCTL_BITS_VAL),	/* TD 29 */
 517:Generated_Source\PSoC5/cyfitter_cfg.c **** 		(const void *)(BS_IDMUX_IRQ_VAL),	/* TD 30 */
 518:Generated_Source\PSoC5/cyfitter_cfg.c **** 		(const void *)(BS_UDB_1_5_0_CONFIG_VAL),	/* TD 31 */
 519:Generated_Source\PSoC5/cyfitter_cfg.c **** 		(const void *)(BS_UDB_1_5_1_CONFIG_VAL),	/* TD 32 */
 520:Generated_Source\PSoC5/cyfitter_cfg.c **** 		(const void *)(BS_UDB_1_4_1_CONFIG_VAL),	/* TD 33 */
 521:Generated_Source\PSoC5/cyfitter_cfg.c **** 		(const void *)(BS_UDB_1_4_0_CONFIG_VAL),	/* TD 34 */
 522:Generated_Source\PSoC5/cyfitter_cfg.c **** 		(const void *)(BS_UDB_1_3_0_CONFIG_VAL),	/* TD 35 */
 523:Generated_Source\PSoC5/cyfitter_cfg.c **** 		(const void *)(BS_UDB_1_3_1_CONFIG_VAL),	/* TD 36 */
 524:Generated_Source\PSoC5/cyfitter_cfg.c **** 		(const void *)(BS_UDB_1_2_1_CONFIG_VAL),	/* TD 37 */
 525:Generated_Source\PSoC5/cyfitter_cfg.c **** 		(const void *)(BS_UDB_1_2_0_CONFIG_VAL),	/* TD 38 */
 526:Generated_Source\PSoC5/cyfitter_cfg.c **** 		(const void *)(BS_UDB_1_0_0_CONFIG_VAL),	/* TD 39 */
 527:Generated_Source\PSoC5/cyfitter_cfg.c **** 		(const void *)(BS_UDB_1_0_1_CONFIG_VAL),	/* TD 40 */
 528:Generated_Source\PSoC5/cyfitter_cfg.c **** 		(const void *)(BS_UDB_1_1_1_CONFIG_VAL),	/* TD 41 */
 529:Generated_Source\PSoC5/cyfitter_cfg.c **** 		(const void *)(BS_UDB_1_1_0_CONFIG_VAL),	/* TD 42 */
 530:Generated_Source\PSoC5/cyfitter_cfg.c **** 		(const void *)(BS_UCFG_BCTL1_VAL),	/* TD 43 */
 531:Generated_Source\PSoC5/cyfitter_cfg.c **** 		(const void *)(BS_UCFG_BCTL0_VAL),	/* TD 44 */
 532:Generated_Source\PSoC5/cyfitter_cfg.c **** 		(const void *)(BS_DSISWITCH_0_0_VAL),	/* TD 45 */
 533:Generated_Source\PSoC5/cyfitter_cfg.c **** 		(const void *)(BS_DSI0_0_HV_ROUTING_VAL),	/* TD 46 */
 534:Generated_Source\PSoC5/cyfitter_cfg.c **** 		(const void *)(BS_DSISWITCH_0_1_VAL),	/* TD 47 */
 535:Generated_Source\PSoC5/cyfitter_cfg.c **** 		(const void *)(BS_DSI0_1_HV_ROUTING_VAL),	/* TD 48 */
ARM GAS  C:\Users\ggg88\AppData\Local\Temp\ccmzX8ZX.s 			page 21


 536:Generated_Source\PSoC5/cyfitter_cfg.c **** 		(const void *)(BS_DSI0_2_HV_ROUTING_VAL),	/* TD 49 */
 537:Generated_Source\PSoC5/cyfitter_cfg.c **** 		(const void *)(BS_DSISWITCH_0_3_VAL),	/* TD 50 */
 538:Generated_Source\PSoC5/cyfitter_cfg.c **** 		(const void *)(BS_DSI0_3_HV_ROUTING_VAL),	/* TD 51 */
 539:Generated_Source\PSoC5/cyfitter_cfg.c **** 		(const void *)(BS_UDB_1_0_HV_ROUTING_VAL),	/* TD 52 */
 540:Generated_Source\PSoC5/cyfitter_cfg.c **** 		(const void *)(BS_UDBSWITCH_1_0_VAL),	/* TD 53 */
 541:Generated_Source\PSoC5/cyfitter_cfg.c **** 		(const void *)(BS_UDB_2_0_HV_ROUTING_VAL),	/* TD 54 */
 542:Generated_Source\PSoC5/cyfitter_cfg.c **** 		(const void *)(BS_UDB_1_1_HV_ROUTING_VAL),	/* TD 55 */
 543:Generated_Source\PSoC5/cyfitter_cfg.c **** 		(const void *)(BS_UDBSWITCH_1_1_VAL),	/* TD 56 */
 544:Generated_Source\PSoC5/cyfitter_cfg.c **** 		(const void *)(BS_UDB_2_1_HV_ROUTING_VAL),	/* TD 57 */
 545:Generated_Source\PSoC5/cyfitter_cfg.c **** 		(const void *)(BS_UDB_1_2_HV_ROUTING_VAL),	/* TD 58 */
 546:Generated_Source\PSoC5/cyfitter_cfg.c **** 		(const void *)(BS_UDBSWITCH_1_2_VAL),	/* TD 59 */
 547:Generated_Source\PSoC5/cyfitter_cfg.c **** 		(const void *)(BS_UDB_2_2_HV_ROUTING_VAL),	/* TD 60 */
 548:Generated_Source\PSoC5/cyfitter_cfg.c **** 		(const void *)(BS_UDBSWITCH_1_3_VAL),	/* TD 61 */
 549:Generated_Source\PSoC5/cyfitter_cfg.c **** 		(const void *)(BS_UDB_2_3_HV_ROUTING_VAL),	/* TD 62 */
 550:Generated_Source\PSoC5/cyfitter_cfg.c **** 		(const void *)(BS_UDBSWITCH_1_4_VAL),	/* TD 63 */
 551:Generated_Source\PSoC5/cyfitter_cfg.c **** 		(const void *)(BS_UDB_2_4_HV_ROUTING_VAL),	/* TD 64 */
 552:Generated_Source\PSoC5/cyfitter_cfg.c **** 		(const void *)(BS_UDBSWITCH_1_5_VAL),	/* TD 65 */
 553:Generated_Source\PSoC5/cyfitter_cfg.c **** 		(const void *)(BS_UDB_2_5_HV_ROUTING_VAL),	/* TD 66 */
 554:Generated_Source\PSoC5/cyfitter_cfg.c **** 		(const void *)(BS_DSI3_1_HV_ROUTING_VAL),	/* TD 67 */
 555:Generated_Source\PSoC5/cyfitter_cfg.c **** 		(const void *)(BS_DSI3_2_HV_ROUTING_VAL),	/* TD 68 */
 556:Generated_Source\PSoC5/cyfitter_cfg.c **** 		(const void *)(BS_DSI3_3_HV_ROUTING_VAL),	/* TD 69 */
 557:Generated_Source\PSoC5/cyfitter_cfg.c **** 		(const void *)(BS_DSISWITCH_1_4_VAL),	/* TD 70 */
 558:Generated_Source\PSoC5/cyfitter_cfg.c **** 		(const void *)(BS_DSI3_4_HV_ROUTING_VAL),	/* TD 71 */
 559:Generated_Source\PSoC5/cyfitter_cfg.c **** 		(const void *)(BS_DSISWITCH_1_5_VAL),	/* TD 72 */
 560:Generated_Source\PSoC5/cyfitter_cfg.c **** 		(const void *)(BS_DSI3_5_HV_ROUTING_VAL),	/* TD 73 */
 561:Generated_Source\PSoC5/cyfitter_cfg.c **** 	};
 562:Generated_Source\PSoC5/cyfitter_cfg.c **** 
 563:Generated_Source\PSoC5/cyfitter_cfg.c **** 
 564:Generated_Source\PSoC5/cyfitter_cfg.c **** 	uint32 i;
 565:Generated_Source\PSoC5/cyfitter_cfg.c **** 
 566:Generated_Source\PSoC5/cyfitter_cfg.c **** 	DMA_ZERO_VAL = 0u;
 606              		.loc 1 566 0
 607 0006 434B     		ldr	r3, .L15
 608 0008 0022     		movs	r2, #0
 609 000a 1A60     		str	r2, [r3]
 567:Generated_Source\PSoC5/cyfitter_cfg.c **** 	CY_SET_REG8((void CYXDATA *)CYREG_PHUB_CFGMEM0_CFG0, 0x10u);	/* set burstcnt */
 610              		.loc 1 567 0
 611 000c 424B     		ldr	r3, .L15+4
 612 000e 1022     		movs	r2, #16
 613 0010 1A70     		strb	r2, [r3]
 568:Generated_Source\PSoC5/cyfitter_cfg.c **** 	CY_SET_REG8((void CYXDATA *)CYREG_PHUB_CH0_BASIC_CFG, 0x01u);	/* enable ch0 */
 614              		.loc 1 568 0
 615 0012 424B     		ldr	r3, .L15+8
 616 0014 0122     		movs	r2, #1
 617 0016 1A70     		strb	r2, [r3]
 569:Generated_Source\PSoC5/cyfitter_cfg.c **** 	CY_SET_REG8((void CYXDATA *)(CYREG_PHUB_CH0_BASIC_STATUS+1u), 0x00u);	/* set first TD to 0 */
 618              		.loc 1 569 0
 619 0018 414B     		ldr	r3, .L15+12
 620 001a 0022     		movs	r2, #0
 621 001c 1A70     		strb	r2, [r3]
 570:Generated_Source\PSoC5/cyfitter_cfg.c **** 	CY_SET_REG16((void CYXDATA *)CYREG_PHUB_TDMEM0_ORIG_TD0, 73u*8u);	/* transfer size */
 622              		.loc 1 570 0
 623 001e 414B     		ldr	r3, .L15+16
 624 0020 4FF41272 		mov	r2, #584
 625 0024 1A80     		strh	r2, [r3]	@ movhi
 571:Generated_Source\PSoC5/cyfitter_cfg.c **** 	CY_SET_REG8((void CYXDATA *)(CYREG_PHUB_TDMEM0_ORIG_TD0+2u), 0x01u);	/* set next TD to 1 */
 626              		.loc 1 571 0
ARM GAS  C:\Users\ggg88\AppData\Local\Temp\ccmzX8ZX.s 			page 22


 627 0026 404B     		ldr	r3, .L15+20
 628 0028 0122     		movs	r2, #1
 629 002a 1A70     		strb	r2, [r3]
 572:Generated_Source\PSoC5/cyfitter_cfg.c **** 	CY_SET_REG8((void CYXDATA *)(CYREG_PHUB_TDMEM0_ORIG_TD0+3u), 0x03u);	/* set TD flags */
 630              		.loc 1 572 0
 631 002c 3F4B     		ldr	r3, .L15+24
 632 002e 0322     		movs	r2, #3
 633 0030 1A70     		strb	r2, [r3]
 573:Generated_Source\PSoC5/cyfitter_cfg.c **** 	CY_SET_REG16((void CYXDATA *)CYREG_PHUB_TDMEM0_ORIG_TD1, (uint16)((uint32)CFG_TD_LIST0 & 0x0000FFF
 634              		.loc 1 573 0
 635 0032 3F4B     		ldr	r3, .L15+28
 636 0034 3F4A     		ldr	r2, .L15+32
 637 0036 92B2     		uxth	r2, r2
 638 0038 1A80     		strh	r2, [r3]	@ movhi
 574:Generated_Source\PSoC5/cyfitter_cfg.c **** 	CY_SET_REG16((void CYXDATA *)(CYREG_PHUB_TDMEM0_ORIG_TD1+2u), CYDEV_PHUB_TDMEM1_BASE);	/* set td0'
 639              		.loc 1 574 0
 640 003a 3F4B     		ldr	r3, .L15+36
 641 003c 47F60802 		movw	r2, #30728
 642 0040 1A80     		strh	r2, [r3]	@ movhi
 575:Generated_Source\PSoC5/cyfitter_cfg.c **** 	CY_SET_REG16((void CYXDATA *)CYREG_PHUB_CFGMEM0_CFG1, (uint16)(CYDEV_FLASH_BASE >> 16));	/* set ch
 643              		.loc 1 575 0
 644 0042 3E4B     		ldr	r3, .L15+40
 645 0044 0022     		movs	r2, #0
 646 0046 1A80     		strh	r2, [r3]	@ movhi
 576:Generated_Source\PSoC5/cyfitter_cfg.c **** 	CY_SET_REG16((void CYXDATA *)(CYREG_PHUB_CFGMEM0_CFG1+2u), (uint16)(CYDEV_PHUB_TDMEM1_BASE >> 16))
 647              		.loc 1 576 0
 648 0048 3D4B     		ldr	r3, .L15+44
 649 004a 4FF48042 		mov	r2, #16384
 650 004e 1A80     		strh	r2, [r3]	@ movhi
 577:Generated_Source\PSoC5/cyfitter_cfg.c **** 	CY_SET_REG8((void CYXDATA *)(CYREG_PHUB_CH1_BASIC_STATUS+1u), 0x09u);	/* ch1 first TD: 9 */
 651              		.loc 1 577 0
 652 0050 3C4B     		ldr	r3, .L15+48
 653 0052 0922     		movs	r2, #9
 654 0054 1A70     		strb	r2, [r3]
 578:Generated_Source\PSoC5/cyfitter_cfg.c **** 	CY_SET_REG8((void CYXDATA *)(CYREG_PHUB_CH2_BASIC_STATUS+1u), 0x0Bu);	/* ch2 first TD: 11 */
 655              		.loc 1 578 0
 656 0056 3C4B     		ldr	r3, .L15+52
 657 0058 0B22     		movs	r2, #11
 658 005a 1A70     		strb	r2, [r3]
 579:Generated_Source\PSoC5/cyfitter_cfg.c **** 	CY_SET_REG8((void CYXDATA *)(CYREG_PHUB_CH5_BASIC_STATUS+1u), 0x15u);	/* ch5 first TD: 21 */
 659              		.loc 1 579 0
 660 005c 3B4B     		ldr	r3, .L15+56
 661 005e 1522     		movs	r2, #21
 662 0060 1A70     		strb	r2, [r3]
 580:Generated_Source\PSoC5/cyfitter_cfg.c **** 	CY_SET_REG8((void CYXDATA *)(CYREG_PHUB_CH6_BASIC_STATUS+1u), 0x1Eu);	/* ch6 first TD: 30 */
 663              		.loc 1 580 0
 664 0062 3B4B     		ldr	r3, .L15+60
 665 0064 1E22     		movs	r2, #30
 666 0066 1A70     		strb	r2, [r3]
 581:Generated_Source\PSoC5/cyfitter_cfg.c **** 
 582:Generated_Source\PSoC5/cyfitter_cfg.c **** 	CY_CFG_MEMORY_BARRIER();
 667              		.loc 1 582 0
 668 0068 BFF35F8F 		dmb	sy
 583:Generated_Source\PSoC5/cyfitter_cfg.c **** 	CY_SET_REG8((void CYXDATA *)CYREG_PHUB_CH0_ACTION, 0x01u); /* cpu_req */
 669              		.loc 1 583 0
 670 006c 394B     		ldr	r3, .L15+64
 671 006e 0122     		movs	r2, #1
ARM GAS  C:\Users\ggg88\AppData\Local\Temp\ccmzX8ZX.s 			page 23


 672 0070 1A70     		strb	r2, [r3]
 584:Generated_Source\PSoC5/cyfitter_cfg.c **** 	CY_CFG_MEMORY_BARRIER();
 673              		.loc 1 584 0
 674 0072 BFF35F8F 		dmb	sy
 585:Generated_Source\PSoC5/cyfitter_cfg.c **** 
 586:Generated_Source\PSoC5/cyfitter_cfg.c **** 	/* Wait for TDs to be copied into TDMEM */
 587:Generated_Source\PSoC5/cyfitter_cfg.c **** 	while (CY_GET_REG16((void CYXDATA *)CYREG_PHUB_TDMEM0_ORIG_TD0) != 0u) { }
 675              		.loc 1 587 0
 676 0076 00BF     		nop
 677              	.L7:
 678              		.loc 1 587 0 is_stmt 0 discriminator 1
 679 0078 2A4B     		ldr	r3, .L15+16
 680 007a 1B88     		ldrh	r3, [r3]	@ movhi
 681 007c 9BB2     		uxth	r3, r3
 682 007e 002B     		cmp	r3, #0
 683 0080 FAD1     		bne	.L7
 588:Generated_Source\PSoC5/cyfitter_cfg.c **** 
 589:Generated_Source\PSoC5/cyfitter_cfg.c **** 	/* Recombine TD source table (CFG_TD_ADDR0) with full TD table (CFG_TD_LIST0) */
 590:Generated_Source\PSoC5/cyfitter_cfg.c **** 	for (i = 0u; i < 73u; i++)
 684              		.loc 1 590 0 is_stmt 1
 685 0082 0023     		movs	r3, #0
 686 0084 7B60     		str	r3, [r7, #4]
 687 0086 0DE0     		b	.L8
 688              	.L9:
 591:Generated_Source\PSoC5/cyfitter_cfg.c **** 	{
 592:Generated_Source\PSoC5/cyfitter_cfg.c **** 		CY_SET_REG16((void CYXDATA *)(CYREG_PHUB_TDMEM1_ORIG_TD1 + (sizeof(struct td_t)*i)), (uint16)(uin
 689              		.loc 1 592 0 discriminator 3
 690 0088 7B68     		ldr	r3, [r7, #4]
 691 008a DA00     		lsls	r2, r3, #3
 692 008c 324B     		ldr	r3, .L15+68
 693 008e 1344     		add	r3, r3, r2
 694 0090 1946     		mov	r1, r3
 695 0092 324A     		ldr	r2, .L15+72
 696 0094 7B68     		ldr	r3, [r7, #4]
 697 0096 52F82330 		ldr	r3, [r2, r3, lsl #2]
 698 009a 9BB2     		uxth	r3, r3
 699 009c 0B80     		strh	r3, [r1]	@ movhi
 590:Generated_Source\PSoC5/cyfitter_cfg.c **** 	{
 700              		.loc 1 590 0 discriminator 3
 701 009e 7B68     		ldr	r3, [r7, #4]
 702 00a0 0133     		adds	r3, r3, #1
 703 00a2 7B60     		str	r3, [r7, #4]
 704              	.L8:
 590:Generated_Source\PSoC5/cyfitter_cfg.c **** 	{
 705              		.loc 1 590 0 is_stmt 0 discriminator 1
 706 00a4 7B68     		ldr	r3, [r7, #4]
 707 00a6 482B     		cmp	r3, #72
 708 00a8 EED9     		bls	.L9
 593:Generated_Source\PSoC5/cyfitter_cfg.c **** 	}
 594:Generated_Source\PSoC5/cyfitter_cfg.c **** 
 595:Generated_Source\PSoC5/cyfitter_cfg.c **** 	CY_CFG_MEMORY_BARRIER();
 709              		.loc 1 595 0 is_stmt 1
 710 00aa BFF35F8F 		dmb	sy
 596:Generated_Source\PSoC5/cyfitter_cfg.c **** 	CY_SET_REG8((void CYXDATA *)CYREG_PHUB_CH0_ACTION, 0x01u); /* cpu_req */
 711              		.loc 1 596 0
 712 00ae 294B     		ldr	r3, .L15+64
 713 00b0 0122     		movs	r2, #1
ARM GAS  C:\Users\ggg88\AppData\Local\Temp\ccmzX8ZX.s 			page 24


 714 00b2 1A70     		strb	r2, [r3]
 597:Generated_Source\PSoC5/cyfitter_cfg.c **** 	CY_CFG_MEMORY_BARRIER();
 715              		.loc 1 597 0
 716 00b4 BFF35F8F 		dmb	sy
 598:Generated_Source\PSoC5/cyfitter_cfg.c **** 
 599:Generated_Source\PSoC5/cyfitter_cfg.c **** 	/* Wait for all DMA transfers to complete */
 600:Generated_Source\PSoC5/cyfitter_cfg.c **** 	while(0u != (CY_GET_REG8((void CYXDATA *)CYREG_PHUB_CH0_BASIC_STATUS) & 0x01u)){}
 717              		.loc 1 600 0
 718 00b8 00BF     		nop
 719              	.L10:
 720              		.loc 1 600 0 is_stmt 0 discriminator 1
 721 00ba 294B     		ldr	r3, .L15+76
 722 00bc 1B78     		ldrb	r3, [r3]
 723 00be DBB2     		uxtb	r3, r3
 724 00c0 03F00103 		and	r3, r3, #1
 725 00c4 002B     		cmp	r3, #0
 726 00c6 F8D1     		bne	.L10
 601:Generated_Source\PSoC5/cyfitter_cfg.c **** 	while(0u != (CY_GET_REG8((void CYXDATA *)CYREG_PHUB_CH1_BASIC_STATUS) & 0x01u)){}
 727              		.loc 1 601 0 is_stmt 1
 728 00c8 00BF     		nop
 729              	.L11:
 730              		.loc 1 601 0 is_stmt 0 discriminator 1
 731 00ca 264B     		ldr	r3, .L15+80
 732 00cc 1B78     		ldrb	r3, [r3]
 733 00ce DBB2     		uxtb	r3, r3
 734 00d0 03F00103 		and	r3, r3, #1
 735 00d4 002B     		cmp	r3, #0
 736 00d6 F8D1     		bne	.L11
 602:Generated_Source\PSoC5/cyfitter_cfg.c **** 	while(0u != (CY_GET_REG8((void CYXDATA *)CYREG_PHUB_CH2_BASIC_STATUS) & 0x01u)){}
 737              		.loc 1 602 0 is_stmt 1
 738 00d8 00BF     		nop
 739              	.L12:
 740              		.loc 1 602 0 is_stmt 0 discriminator 1
 741 00da 234B     		ldr	r3, .L15+84
 742 00dc 1B78     		ldrb	r3, [r3]
 743 00de DBB2     		uxtb	r3, r3
 744 00e0 03F00103 		and	r3, r3, #1
 745 00e4 002B     		cmp	r3, #0
 746 00e6 F8D1     		bne	.L12
 603:Generated_Source\PSoC5/cyfitter_cfg.c **** 	while(0u != (CY_GET_REG8((void CYXDATA *)CYREG_PHUB_CH5_BASIC_STATUS) & 0x01u)){}
 747              		.loc 1 603 0 is_stmt 1
 748 00e8 00BF     		nop
 749              	.L13:
 750              		.loc 1 603 0 is_stmt 0 discriminator 1
 751 00ea 204B     		ldr	r3, .L15+88
 752 00ec 1B78     		ldrb	r3, [r3]
 753 00ee DBB2     		uxtb	r3, r3
 754 00f0 03F00103 		and	r3, r3, #1
 755 00f4 002B     		cmp	r3, #0
 756 00f6 F8D1     		bne	.L13
 604:Generated_Source\PSoC5/cyfitter_cfg.c **** 	while(0u != (CY_GET_REG8((void CYXDATA *)CYREG_PHUB_CH6_BASIC_STATUS) & 0x01u)){}
 757              		.loc 1 604 0 is_stmt 1
 758 00f8 00BF     		nop
 759              	.L14:
 760              		.loc 1 604 0 is_stmt 0 discriminator 1
 761 00fa 1D4B     		ldr	r3, .L15+92
 762 00fc 1B78     		ldrb	r3, [r3]
ARM GAS  C:\Users\ggg88\AppData\Local\Temp\ccmzX8ZX.s 			page 25


 763 00fe DBB2     		uxtb	r3, r3
 764 0100 03F00103 		and	r3, r3, #1
 765 0104 002B     		cmp	r3, #0
 766 0106 F8D1     		bne	.L14
 605:Generated_Source\PSoC5/cyfitter_cfg.c **** 
 606:Generated_Source\PSoC5/cyfitter_cfg.c **** 
 607:Generated_Source\PSoC5/cyfitter_cfg.c **** }
 767              		.loc 1 607 0 is_stmt 1
 768 0108 00BF     		nop
 769 010a 0C37     		adds	r7, r7, #12
 770              		.cfi_def_cfa_offset 4
 771 010c BD46     		mov	sp, r7
 772              		.cfi_def_cfa_register 13
 773              		@ sp needed
 774 010e 80BC     		pop	{r7}
 775              		.cfi_restore 7
 776              		.cfi_def_cfa_offset 0
 777 0110 7047     		bx	lr
 778              	.L16:
 779 0112 00BF     		.align	2
 780              	.L15:
 781 0114 00000000 		.word	DMA_ZERO_VAL.4987
 782 0118 00760040 		.word	1073772032
 783 011c 10700040 		.word	1073770512
 784 0120 19700040 		.word	1073770521
 785 0124 00780040 		.word	1073772544
 786 0128 02780040 		.word	1073772546
 787 012c 03780040 		.word	1073772547
 788 0130 04780040 		.word	1073772548
 789 0134 28000000 		.word	CFG_TD_LIST0.4988
 790 0138 06780040 		.word	1073772550
 791 013c 04760040 		.word	1073772036
 792 0140 06760040 		.word	1073772038
 793 0144 29700040 		.word	1073770537
 794 0148 39700040 		.word	1073770553
 795 014c 69700040 		.word	1073770601
 796 0150 79700040 		.word	1073770617
 797 0154 14700040 		.word	1073770516
 798 0158 0C780040 		.word	1073772556
 799 015c 44000000 		.word	CFG_TD_ADDR0.4989
 800 0160 18700040 		.word	1073770520
 801 0164 28700040 		.word	1073770536
 802 0168 38700040 		.word	1073770552
 803 016c 68700040 		.word	1073770600
 804 0170 78700040 		.word	1073770616
 805              		.cfi_endproc
 806              	.LFE4:
 807              		.size	cfg_dma_init, .-cfg_dma_init
 808              		.section	.text.ClockSetup,"ax",%progbits
 809              		.align	2
 810              		.thumb
 811              		.thumb_func
 812              		.type	ClockSetup, %function
 813              	ClockSetup:
 814              	.LFB5:
 608:Generated_Source\PSoC5/cyfitter_cfg.c **** /*******************************************************************************
 609:Generated_Source\PSoC5/cyfitter_cfg.c **** * Function Name: ClockSetup
ARM GAS  C:\Users\ggg88\AppData\Local\Temp\ccmzX8ZX.s 			page 26


 610:Generated_Source\PSoC5/cyfitter_cfg.c **** ********************************************************************************
 611:Generated_Source\PSoC5/cyfitter_cfg.c **** *
 612:Generated_Source\PSoC5/cyfitter_cfg.c **** * Summary:
 613:Generated_Source\PSoC5/cyfitter_cfg.c **** *  Performs the initialization of all of the clocks in the device based on the
 614:Generated_Source\PSoC5/cyfitter_cfg.c **** *  settings in the Clock tab of the DWR.  This includes enabling the requested
 615:Generated_Source\PSoC5/cyfitter_cfg.c **** *  clocks and setting the necessary dividers to produce the desired frequency. 
 616:Generated_Source\PSoC5/cyfitter_cfg.c **** *
 617:Generated_Source\PSoC5/cyfitter_cfg.c **** * Parameters:
 618:Generated_Source\PSoC5/cyfitter_cfg.c **** *  void
 619:Generated_Source\PSoC5/cyfitter_cfg.c **** *
 620:Generated_Source\PSoC5/cyfitter_cfg.c **** * Return:
 621:Generated_Source\PSoC5/cyfitter_cfg.c **** *  void
 622:Generated_Source\PSoC5/cyfitter_cfg.c **** *
 623:Generated_Source\PSoC5/cyfitter_cfg.c **** *******************************************************************************/
 624:Generated_Source\PSoC5/cyfitter_cfg.c **** static void ClockSetup(void);
 625:Generated_Source\PSoC5/cyfitter_cfg.c **** static void ClockSetup(void)
 626:Generated_Source\PSoC5/cyfitter_cfg.c **** {
 815              		.loc 1 626 0
 816              		.cfi_startproc
 817              		@ args = 0, pretend = 0, frame = 8
 818              		@ frame_needed = 1, uses_anonymous_args = 0
 819 0000 80B5     		push	{r7, lr}
 820              		.cfi_def_cfa_offset 8
 821              		.cfi_offset 7, -8
 822              		.cfi_offset 14, -4
 823 0002 82B0     		sub	sp, sp, #8
 824              		.cfi_def_cfa_offset 16
 825 0004 00AF     		add	r7, sp, #0
 826              		.cfi_def_cfa_register 7
 627:Generated_Source\PSoC5/cyfitter_cfg.c **** 	uint32 timeout;
 628:Generated_Source\PSoC5/cyfitter_cfg.c **** 	uint8 pllLock;
 629:Generated_Source\PSoC5/cyfitter_cfg.c **** 
 630:Generated_Source\PSoC5/cyfitter_cfg.c **** 
 631:Generated_Source\PSoC5/cyfitter_cfg.c **** 	/* Configure Digital Clocks based on settings from Clock DWR */
 632:Generated_Source\PSoC5/cyfitter_cfg.c **** 	CY_SET_XTND_REG16((void CYFAR *)(CYREG_CLKDIST_DCFG0_CFG0), 0x0000u);
 827              		.loc 1 632 0
 828 0006 394B     		ldr	r3, .L22
 829 0008 0022     		movs	r2, #0
 830 000a 1A80     		strh	r2, [r3]	@ movhi
 633:Generated_Source\PSoC5/cyfitter_cfg.c **** 	CY_SET_XTND_REG8((void CYFAR *)(CYREG_CLKDIST_DCFG0_CFG0 + 0x2u), 0x19u);
 831              		.loc 1 633 0
 832 000c 384B     		ldr	r3, .L22+4
 833 000e 1922     		movs	r2, #25
 834 0010 1A70     		strb	r2, [r3]
 634:Generated_Source\PSoC5/cyfitter_cfg.c **** 	CY_SET_XTND_REG16((void CYFAR *)(CYREG_CLKDIST_DCFG1_CFG0), 0x0006u);
 835              		.loc 1 634 0
 836 0012 384B     		ldr	r3, .L22+8
 837 0014 0622     		movs	r2, #6
 838 0016 1A80     		strh	r2, [r3]	@ movhi
 635:Generated_Source\PSoC5/cyfitter_cfg.c **** 	CY_SET_XTND_REG8((void CYFAR *)(CYREG_CLKDIST_DCFG1_CFG0 + 0x2u), 0x1Cu);
 839              		.loc 1 635 0
 840 0018 374B     		ldr	r3, .L22+12
 841 001a 1C22     		movs	r2, #28
 842 001c 1A70     		strb	r2, [r3]
 636:Generated_Source\PSoC5/cyfitter_cfg.c **** 	CY_SET_XTND_REG16((void CYFAR *)(CYREG_CLKDIST_DCFG2_CFG0), 0x0006u);
 843              		.loc 1 636 0
 844 001e 374B     		ldr	r3, .L22+16
ARM GAS  C:\Users\ggg88\AppData\Local\Temp\ccmzX8ZX.s 			page 27


 845 0020 0622     		movs	r2, #6
 846 0022 1A80     		strh	r2, [r3]	@ movhi
 637:Generated_Source\PSoC5/cyfitter_cfg.c **** 	CY_SET_XTND_REG8((void CYFAR *)(CYREG_CLKDIST_DCFG2_CFG0 + 0x2u), 0x1Cu);
 847              		.loc 1 637 0
 848 0024 364B     		ldr	r3, .L22+20
 849 0026 1C22     		movs	r2, #28
 850 0028 1A70     		strb	r2, [r3]
 638:Generated_Source\PSoC5/cyfitter_cfg.c **** 	CY_SET_XTND_REG16((void CYFAR *)(CYREG_CLKDIST_DCFG3_CFG0), 0x80E7u);
 851              		.loc 1 638 0
 852 002a 364B     		ldr	r3, .L22+24
 853 002c 48F2E702 		movw	r2, #32999
 854 0030 1A80     		strh	r2, [r3]	@ movhi
 639:Generated_Source\PSoC5/cyfitter_cfg.c **** 	CY_SET_XTND_REG8((void CYFAR *)(CYREG_CLKDIST_DCFG3_CFG0 + 0x2u), 0x18u);
 855              		.loc 1 639 0
 856 0032 354B     		ldr	r3, .L22+28
 857 0034 1822     		movs	r2, #24
 858 0036 1A70     		strb	r2, [r3]
 640:Generated_Source\PSoC5/cyfitter_cfg.c **** 
 641:Generated_Source\PSoC5/cyfitter_cfg.c **** 	/* Configure ILO based on settings from Clock DWR */
 642:Generated_Source\PSoC5/cyfitter_cfg.c **** 	CY_SET_XTND_REG8((void CYFAR *)(CYREG_SLOWCLK_ILO_CR0), 0x06u);
 859              		.loc 1 642 0
 860 0038 344B     		ldr	r3, .L22+32
 861 003a 0622     		movs	r2, #6
 862 003c 1A70     		strb	r2, [r3]
 643:Generated_Source\PSoC5/cyfitter_cfg.c **** 
 644:Generated_Source\PSoC5/cyfitter_cfg.c **** 	/* Configure IMO based on settings from Clock DWR */
 645:Generated_Source\PSoC5/cyfitter_cfg.c **** 	CY_SET_XTND_REG8((void CYFAR *)(CYREG_IMO_TR1), (CY_GET_XTND_REG8((void CYFAR *)CYREG_FLSHID_CUST_
 863              		.loc 1 645 0
 864 003e 344B     		ldr	r3, .L22+36
 865 0040 344A     		ldr	r2, .L22+40
 866 0042 1278     		ldrb	r2, [r2]
 867 0044 D2B2     		uxtb	r2, r2
 868 0046 1A70     		strb	r2, [r3]
 646:Generated_Source\PSoC5/cyfitter_cfg.c **** 	CY_SET_XTND_REG8((void CYFAR *)(CYREG_FASTCLK_IMO_CR), 0x52u);
 869              		.loc 1 646 0
 870 0048 334B     		ldr	r3, .L22+44
 871 004a 5222     		movs	r2, #82
 872 004c 1A70     		strb	r2, [r3]
 647:Generated_Source\PSoC5/cyfitter_cfg.c **** 
 648:Generated_Source\PSoC5/cyfitter_cfg.c **** 	/* Configure PLL based on settings from Clock DWR */
 649:Generated_Source\PSoC5/cyfitter_cfg.c **** 	CY_SET_XTND_REG16((void CYFAR *)(CYREG_FASTCLK_PLL_P), 0x0B21u);
 873              		.loc 1 649 0
 874 004e 334B     		ldr	r3, .L22+48
 875 0050 40F62132 		movw	r2, #2849
 876 0054 1A80     		strh	r2, [r3]	@ movhi
 650:Generated_Source\PSoC5/cyfitter_cfg.c **** 	CY_SET_XTND_REG16((void CYFAR *)(CYREG_FASTCLK_PLL_CFG0), 0x1251u);
 877              		.loc 1 650 0
 878 0056 324B     		ldr	r3, .L22+52
 879 0058 41F25122 		movw	r2, #4689
 880 005c 1A80     		strh	r2, [r3]	@ movhi
 651:Generated_Source\PSoC5/cyfitter_cfg.c **** 	/* Wait up to 250us for the PLL to lock */
 652:Generated_Source\PSoC5/cyfitter_cfg.c **** 	pllLock = 0u;
 881              		.loc 1 652 0
 882 005e 0023     		movs	r3, #0
 883 0060 FB70     		strb	r3, [r7, #3]
 653:Generated_Source\PSoC5/cyfitter_cfg.c **** 	for (timeout = 250u / 10u; (timeout > 0u) && (pllLock != 0x03u); timeout--)
 884              		.loc 1 653 0
ARM GAS  C:\Users\ggg88\AppData\Local\Temp\ccmzX8ZX.s 			page 28


 885 0062 1923     		movs	r3, #25
 886 0064 7B60     		str	r3, [r7, #4]
 887 0066 13E0     		b	.L18
 888              	.L20:
 654:Generated_Source\PSoC5/cyfitter_cfg.c **** 	{ 
 655:Generated_Source\PSoC5/cyfitter_cfg.c **** 		pllLock = 0x03u & ((uint8)((uint8)pllLock << 1) | ((CY_GET_XTND_REG8((void CYFAR *)CYREG_FASTCLK_
 889              		.loc 1 655 0 discriminator 4
 890 0068 FB78     		ldrb	r3, [r7, #3]
 891 006a 5B00     		lsls	r3, r3, #1
 892 006c DAB2     		uxtb	r2, r3
 893 006e 2D4B     		ldr	r3, .L22+56
 894 0070 1B78     		ldrb	r3, [r3]
 895 0072 DBB2     		uxtb	r3, r3
 896 0074 03F00103 		and	r3, r3, #1
 897 0078 DBB2     		uxtb	r3, r3
 898 007a 1343     		orrs	r3, r3, r2
 899 007c DBB2     		uxtb	r3, r3
 900 007e 03F00303 		and	r3, r3, #3
 901 0082 FB70     		strb	r3, [r7, #3]
 656:Generated_Source\PSoC5/cyfitter_cfg.c **** 		CyDelayCycles(10u * 12u); /* Delay 10us based on 12MHz clock */
 902              		.loc 1 656 0 discriminator 4
 903 0084 7820     		movs	r0, #120
 904 0086 FFF7FEFF 		bl	CyDelayCycles
 653:Generated_Source\PSoC5/cyfitter_cfg.c **** 	for (timeout = 250u / 10u; (timeout > 0u) && (pllLock != 0x03u); timeout--)
 905              		.loc 1 653 0 discriminator 4
 906 008a 7B68     		ldr	r3, [r7, #4]
 907 008c 013B     		subs	r3, r3, #1
 908 008e 7B60     		str	r3, [r7, #4]
 909              	.L18:
 653:Generated_Source\PSoC5/cyfitter_cfg.c **** 	for (timeout = 250u / 10u; (timeout > 0u) && (pllLock != 0x03u); timeout--)
 910              		.loc 1 653 0 is_stmt 0 discriminator 1
 911 0090 7B68     		ldr	r3, [r7, #4]
 912 0092 002B     		cmp	r3, #0
 913 0094 02D0     		beq	.L19
 653:Generated_Source\PSoC5/cyfitter_cfg.c **** 	for (timeout = 250u / 10u; (timeout > 0u) && (pllLock != 0x03u); timeout--)
 914              		.loc 1 653 0 discriminator 3
 915 0096 FB78     		ldrb	r3, [r7, #3]	@ zero_extendqisi2
 916 0098 032B     		cmp	r3, #3
 917 009a E5D1     		bne	.L20
 918              	.L19:
 657:Generated_Source\PSoC5/cyfitter_cfg.c **** 	}
 658:Generated_Source\PSoC5/cyfitter_cfg.c **** 	/* If we ran out of time the PLL didn't lock so go to the error function */
 659:Generated_Source\PSoC5/cyfitter_cfg.c **** 	if (timeout == 0u)
 919              		.loc 1 659 0 is_stmt 1
 920 009c 7B68     		ldr	r3, [r7, #4]
 921 009e 002B     		cmp	r3, #0
 922 00a0 02D1     		bne	.L21
 660:Generated_Source\PSoC5/cyfitter_cfg.c **** 	{
 661:Generated_Source\PSoC5/cyfitter_cfg.c **** 		CyClockStartupError(CYCLOCKSTART_PLL_ERROR);
 923              		.loc 1 661 0
 924 00a2 0320     		movs	r0, #3
 925 00a4 FFF7FEFF 		bl	CyClockStartupError
 926              	.L21:
 662:Generated_Source\PSoC5/cyfitter_cfg.c **** 	}
 663:Generated_Source\PSoC5/cyfitter_cfg.c **** 
 664:Generated_Source\PSoC5/cyfitter_cfg.c **** 	/* Configure Bus/Master Clock based on settings from Clock DWR */
 665:Generated_Source\PSoC5/cyfitter_cfg.c **** 	CY_SET_XTND_REG16((void CYFAR *)(CYREG_CLKDIST_MSTR0), 0x0100u);
ARM GAS  C:\Users\ggg88\AppData\Local\Temp\ccmzX8ZX.s 			page 29


 927              		.loc 1 665 0
 928 00a8 1F4B     		ldr	r3, .L22+60
 929 00aa 4FF48072 		mov	r2, #256
 930 00ae 1A80     		strh	r2, [r3]	@ movhi
 666:Generated_Source\PSoC5/cyfitter_cfg.c **** 	CY_SET_XTND_REG8((void CYFAR *)(CYREG_CLKDIST_MSTR0), 0x07u);
 931              		.loc 1 666 0
 932 00b0 1D4B     		ldr	r3, .L22+60
 933 00b2 0722     		movs	r2, #7
 934 00b4 1A70     		strb	r2, [r3]
 667:Generated_Source\PSoC5/cyfitter_cfg.c **** 	CY_SET_XTND_REG8((void CYFAR *)(CYREG_CLKDIST_BCFG0), 0x00u);
 935              		.loc 1 667 0
 936 00b6 1D4B     		ldr	r3, .L22+64
 937 00b8 0022     		movs	r2, #0
 938 00ba 1A70     		strb	r2, [r3]
 668:Generated_Source\PSoC5/cyfitter_cfg.c **** 	CY_SET_XTND_REG8((void CYFAR *)(CYREG_CLKDIST_BCFG2), 0x48u);
 939              		.loc 1 668 0
 940 00bc 1C4B     		ldr	r3, .L22+68
 941 00be 4822     		movs	r2, #72
 942 00c0 1A70     		strb	r2, [r3]
 669:Generated_Source\PSoC5/cyfitter_cfg.c **** 	CY_SET_XTND_REG8((void CYFAR *)(CYREG_CLKDIST_MSTR0), 0x00u);
 943              		.loc 1 669 0
 944 00c2 194B     		ldr	r3, .L22+60
 945 00c4 0022     		movs	r2, #0
 946 00c6 1A70     		strb	r2, [r3]
 670:Generated_Source\PSoC5/cyfitter_cfg.c **** 
 671:Generated_Source\PSoC5/cyfitter_cfg.c **** 	/* Configure USB Clock based on settings from Clock DWR */
 672:Generated_Source\PSoC5/cyfitter_cfg.c **** 	CY_SET_XTND_REG8((void CYFAR *)(CYREG_CLKDIST_UCFG), 0x00u);
 947              		.loc 1 672 0
 948 00c8 1A4B     		ldr	r3, .L22+72
 949 00ca 0022     		movs	r2, #0
 950 00cc 1A70     		strb	r2, [r3]
 673:Generated_Source\PSoC5/cyfitter_cfg.c **** 	CY_SET_XTND_REG8((void CYFAR *)(CYREG_CLKDIST_LD), 0x02u);
 951              		.loc 1 673 0
 952 00ce 1A4B     		ldr	r3, .L22+76
 953 00d0 0222     		movs	r2, #2
 954 00d2 1A70     		strb	r2, [r3]
 674:Generated_Source\PSoC5/cyfitter_cfg.c **** 
 675:Generated_Source\PSoC5/cyfitter_cfg.c **** 	CY_SET_XTND_REG8((void CYFAR *)(CYREG_PM_ACT_CFG2), ((CY_GET_XTND_REG8((void CYFAR *)CYREG_PM_ACT_
 955              		.loc 1 675 0
 956 00d4 194A     		ldr	r2, .L22+80
 957 00d6 194B     		ldr	r3, .L22+80
 958 00d8 1B78     		ldrb	r3, [r3]
 959 00da DBB2     		uxtb	r3, r3
 960 00dc 43F00F03 		orr	r3, r3, #15
 961 00e0 DBB2     		uxtb	r3, r3
 962 00e2 1370     		strb	r3, [r2]
 676:Generated_Source\PSoC5/cyfitter_cfg.c **** }
 963              		.loc 1 676 0
 964 00e4 00BF     		nop
 965 00e6 0837     		adds	r7, r7, #8
 966              		.cfi_def_cfa_offset 8
 967 00e8 BD46     		mov	sp, r7
 968              		.cfi_def_cfa_register 13
 969              		@ sp needed
 970 00ea 80BD     		pop	{r7, pc}
 971              	.L23:
 972              		.align	2
ARM GAS  C:\Users\ggg88\AppData\Local\Temp\ccmzX8ZX.s 			page 30


 973              	.L22:
 974 00ec 80400040 		.word	1073758336
 975 00f0 82400040 		.word	1073758338
 976 00f4 84400040 		.word	1073758340
 977 00f8 86400040 		.word	1073758342
 978 00fc 88400040 		.word	1073758344
 979 0100 8A400040 		.word	1073758346
 980 0104 8C400040 		.word	1073758348
 981 0108 8E400040 		.word	1073758350
 982 010c 00430040 		.word	1073758976
 983 0110 A1460040 		.word	1073759905
 984 0114 0F010049 		.word	1224737039
 985 0118 00420040 		.word	1073758720
 986 011c 22420040 		.word	1073758754
 987 0120 20420040 		.word	1073758752
 988 0124 25420040 		.word	1073758757
 989 0128 04400040 		.word	1073758212
 990 012c 06400040 		.word	1073758214
 991 0130 08400040 		.word	1073758216
 992 0134 09400040 		.word	1073758217
 993 0138 01400040 		.word	1073758209
 994 013c A2430040 		.word	1073759138
 995              		.cfi_endproc
 996              	.LFE5:
 997              		.size	ClockSetup, .-ClockSetup
 998              		.section	.text.AnalogSetDefault,"ax",%progbits
 999              		.align	2
 1000              		.thumb
 1001              		.thumb_func
 1002              		.type	AnalogSetDefault, %function
 1003              	AnalogSetDefault:
 1004              	.LFB6:
 677:Generated_Source\PSoC5/cyfitter_cfg.c **** 
 678:Generated_Source\PSoC5/cyfitter_cfg.c **** 
 679:Generated_Source\PSoC5/cyfitter_cfg.c **** /* Analog API Functions */
 680:Generated_Source\PSoC5/cyfitter_cfg.c **** 
 681:Generated_Source\PSoC5/cyfitter_cfg.c **** 
 682:Generated_Source\PSoC5/cyfitter_cfg.c **** /*******************************************************************************
 683:Generated_Source\PSoC5/cyfitter_cfg.c **** * Function Name: AnalogSetDefault
 684:Generated_Source\PSoC5/cyfitter_cfg.c **** ********************************************************************************
 685:Generated_Source\PSoC5/cyfitter_cfg.c **** *
 686:Generated_Source\PSoC5/cyfitter_cfg.c **** * Summary:
 687:Generated_Source\PSoC5/cyfitter_cfg.c **** *  Sets up the analog portions of the chip to default values based on chip
 688:Generated_Source\PSoC5/cyfitter_cfg.c **** *  configuration options from the project.
 689:Generated_Source\PSoC5/cyfitter_cfg.c **** *
 690:Generated_Source\PSoC5/cyfitter_cfg.c **** * Parameters:
 691:Generated_Source\PSoC5/cyfitter_cfg.c **** *  void
 692:Generated_Source\PSoC5/cyfitter_cfg.c **** *
 693:Generated_Source\PSoC5/cyfitter_cfg.c **** * Return:
 694:Generated_Source\PSoC5/cyfitter_cfg.c **** *  void
 695:Generated_Source\PSoC5/cyfitter_cfg.c **** *
 696:Generated_Source\PSoC5/cyfitter_cfg.c **** *******************************************************************************/
 697:Generated_Source\PSoC5/cyfitter_cfg.c **** static void AnalogSetDefault(void);
 698:Generated_Source\PSoC5/cyfitter_cfg.c **** static void AnalogSetDefault(void)
 699:Generated_Source\PSoC5/cyfitter_cfg.c **** {
 1005              		.loc 1 699 0
 1006              		.cfi_startproc
ARM GAS  C:\Users\ggg88\AppData\Local\Temp\ccmzX8ZX.s 			page 31


 1007              		@ args = 0, pretend = 0, frame = 8
 1008              		@ frame_needed = 1, uses_anonymous_args = 0
 1009              		@ link register save eliminated.
 1010 0000 80B4     		push	{r7}
 1011              		.cfi_def_cfa_offset 4
 1012              		.cfi_offset 7, -4
 1013 0002 83B0     		sub	sp, sp, #12
 1014              		.cfi_def_cfa_offset 16
 1015 0004 00AF     		add	r7, sp, #0
 1016              		.cfi_def_cfa_register 7
 700:Generated_Source\PSoC5/cyfitter_cfg.c **** 	uint8 bg_xover_inl_trim = CY_GET_XTND_REG8((void CYFAR *)(CYREG_FLSHID_MFG_CFG_BG_XOVER_INL_TRIM +
 1017              		.loc 1 700 0
 1018 0006 0F4B     		ldr	r3, .L25
 1019 0008 1B78     		ldrb	r3, [r3]
 1020 000a FB71     		strb	r3, [r7, #7]
 701:Generated_Source\PSoC5/cyfitter_cfg.c **** 	CY_SET_XTND_REG8((void CYFAR *)(CYREG_BG_DFT0), (bg_xover_inl_trim & 0x07u));
 1021              		.loc 1 701 0
 1022 000c 0E4A     		ldr	r2, .L25+4
 1023 000e FB79     		ldrb	r3, [r7, #7]
 1024 0010 03F00703 		and	r3, r3, #7
 1025 0014 DBB2     		uxtb	r3, r3
 1026 0016 1370     		strb	r3, [r2]
 702:Generated_Source\PSoC5/cyfitter_cfg.c **** 	CY_SET_XTND_REG8((void CYFAR *)(CYREG_BG_DFT1), ((bg_xover_inl_trim >> 4) & 0x0Fu));
 1027              		.loc 1 702 0
 1028 0018 0C4A     		ldr	r2, .L25+8
 1029 001a FB79     		ldrb	r3, [r7, #7]	@ zero_extendqisi2
 1030 001c 1B09     		lsrs	r3, r3, #4
 1031 001e DBB2     		uxtb	r3, r3
 1032 0020 1370     		strb	r3, [r2]
 703:Generated_Source\PSoC5/cyfitter_cfg.c **** 	CY_SET_XTND_REG8((void CYFAR *)CYREG_PRT15_AG, 0x10u);
 1033              		.loc 1 703 0
 1034 0022 0B4B     		ldr	r3, .L25+12
 1035 0024 1022     		movs	r2, #16
 1036 0026 1A70     		strb	r2, [r3]
 704:Generated_Source\PSoC5/cyfitter_cfg.c **** 	CY_SET_XTND_REG8((void CYFAR *)CYREG_CAPSL_CFG0, 0x00u);
 1037              		.loc 1 704 0
 1038 0028 0A4B     		ldr	r3, .L25+16
 1039 002a 0022     		movs	r2, #0
 1040 002c 1A70     		strb	r2, [r3]
 705:Generated_Source\PSoC5/cyfitter_cfg.c **** 	CY_SET_XTND_REG8((void CYFAR *)CYREG_CMP2_SW3, 0x20u);
 1041              		.loc 1 705 0
 1042 002e 0A4B     		ldr	r3, .L25+20
 1043 0030 2022     		movs	r2, #32
 1044 0032 1A70     		strb	r2, [r3]
 706:Generated_Source\PSoC5/cyfitter_cfg.c **** 	CY_SET_XTND_REG8((void CYFAR *)CYREG_PUMP_CR0, 0x66u);
 1045              		.loc 1 706 0
 1046 0034 094B     		ldr	r3, .L25+24
 1047 0036 6622     		movs	r2, #102
 1048 0038 1A70     		strb	r2, [r3]
 707:Generated_Source\PSoC5/cyfitter_cfg.c **** }
 1049              		.loc 1 707 0
 1050 003a 00BF     		nop
 1051 003c 0C37     		adds	r7, r7, #12
 1052              		.cfi_def_cfa_offset 4
 1053 003e BD46     		mov	sp, r7
 1054              		.cfi_def_cfa_register 13
 1055              		@ sp needed
ARM GAS  C:\Users\ggg88\AppData\Local\Temp\ccmzX8ZX.s 			page 32


 1056 0040 80BC     		pop	{r7}
 1057              		.cfi_restore 7
 1058              		.cfi_def_cfa_offset 0
 1059 0042 7047     		bx	lr
 1060              	.L26:
 1061              		.align	2
 1062              	.L25:
 1063 0044 CF010049 		.word	1224737231
 1064 0048 6E580040 		.word	1073764462
 1065 004c 6F580040 		.word	1073764463
 1066 0050 FD510040 		.word	1073762813
 1067 0054 70580040 		.word	1073764464
 1068 0058 D35A0040 		.word	1073765075
 1069 005c 76580040 		.word	1073764470
 1070              		.cfi_endproc
 1071              	.LFE6:
 1072              		.size	AnalogSetDefault, .-AnalogSetDefault
 1073              		.section	.text.SetAnalogRoutingPumps,"ax",%progbits
 1074              		.align	2
 1075              		.global	SetAnalogRoutingPumps
 1076              		.thumb
 1077              		.thumb_func
 1078              		.type	SetAnalogRoutingPumps, %function
 1079              	SetAnalogRoutingPumps:
 1080              	.LFB7:
 708:Generated_Source\PSoC5/cyfitter_cfg.c **** 
 709:Generated_Source\PSoC5/cyfitter_cfg.c **** 
 710:Generated_Source\PSoC5/cyfitter_cfg.c **** /*******************************************************************************
 711:Generated_Source\PSoC5/cyfitter_cfg.c **** * Function Name: SetAnalogRoutingPumps
 712:Generated_Source\PSoC5/cyfitter_cfg.c **** ********************************************************************************
 713:Generated_Source\PSoC5/cyfitter_cfg.c **** *
 714:Generated_Source\PSoC5/cyfitter_cfg.c **** * Summary:
 715:Generated_Source\PSoC5/cyfitter_cfg.c **** * Enables or disables the analog pumps feeding analog routing switches.
 716:Generated_Source\PSoC5/cyfitter_cfg.c **** * Intended to be called at startup, based on the Vdda system configuration;
 717:Generated_Source\PSoC5/cyfitter_cfg.c **** * may be called during operation when the user informs us that the Vdda voltage
 718:Generated_Source\PSoC5/cyfitter_cfg.c **** * crossed the pump threshold.
 719:Generated_Source\PSoC5/cyfitter_cfg.c **** *
 720:Generated_Source\PSoC5/cyfitter_cfg.c **** * Parameters:
 721:Generated_Source\PSoC5/cyfitter_cfg.c **** *  enabled - 1 to enable the pumps, 0 to disable the pumps
 722:Generated_Source\PSoC5/cyfitter_cfg.c **** *
 723:Generated_Source\PSoC5/cyfitter_cfg.c **** * Return:
 724:Generated_Source\PSoC5/cyfitter_cfg.c **** *  void
 725:Generated_Source\PSoC5/cyfitter_cfg.c **** *
 726:Generated_Source\PSoC5/cyfitter_cfg.c **** *******************************************************************************/
 727:Generated_Source\PSoC5/cyfitter_cfg.c **** void SetAnalogRoutingPumps(uint8 enabled)
 728:Generated_Source\PSoC5/cyfitter_cfg.c **** {
 1081              		.loc 1 728 0
 1082              		.cfi_startproc
 1083              		@ args = 0, pretend = 0, frame = 16
 1084              		@ frame_needed = 1, uses_anonymous_args = 0
 1085              		@ link register save eliminated.
 1086 0000 80B4     		push	{r7}
 1087              		.cfi_def_cfa_offset 4
 1088              		.cfi_offset 7, -4
 1089 0002 85B0     		sub	sp, sp, #20
 1090              		.cfi_def_cfa_offset 24
 1091 0004 00AF     		add	r7, sp, #0
ARM GAS  C:\Users\ggg88\AppData\Local\Temp\ccmzX8ZX.s 			page 33


 1092              		.cfi_def_cfa_register 7
 1093 0006 0346     		mov	r3, r0
 1094 0008 FB71     		strb	r3, [r7, #7]
 729:Generated_Source\PSoC5/cyfitter_cfg.c **** 	uint8 regValue = CY_GET_XTND_REG8((void CYFAR *)CYREG_PUMP_CR0);
 1095              		.loc 1 729 0
 1096 000a 0B4B     		ldr	r3, .L30
 1097 000c 1B78     		ldrb	r3, [r3]
 1098 000e FB73     		strb	r3, [r7, #15]
 730:Generated_Source\PSoC5/cyfitter_cfg.c **** 	if (enabled != 0u)
 1099              		.loc 1 730 0
 1100 0010 FB79     		ldrb	r3, [r7, #7]	@ zero_extendqisi2
 1101 0012 002B     		cmp	r3, #0
 1102 0014 04D0     		beq	.L28
 731:Generated_Source\PSoC5/cyfitter_cfg.c **** 	{
 732:Generated_Source\PSoC5/cyfitter_cfg.c **** 		regValue |= 0x22u;
 1103              		.loc 1 732 0
 1104 0016 FB7B     		ldrb	r3, [r7, #15]
 1105 0018 43F02203 		orr	r3, r3, #34
 1106 001c FB73     		strb	r3, [r7, #15]
 1107 001e 03E0     		b	.L29
 1108              	.L28:
 733:Generated_Source\PSoC5/cyfitter_cfg.c **** 	}
 734:Generated_Source\PSoC5/cyfitter_cfg.c **** 	else
 735:Generated_Source\PSoC5/cyfitter_cfg.c **** 	{
 736:Generated_Source\PSoC5/cyfitter_cfg.c **** 		regValue &= (uint8)~0x22u;
 1109              		.loc 1 736 0
 1110 0020 FB7B     		ldrb	r3, [r7, #15]
 1111 0022 23F02203 		bic	r3, r3, #34
 1112 0026 FB73     		strb	r3, [r7, #15]
 1113              	.L29:
 737:Generated_Source\PSoC5/cyfitter_cfg.c **** 	}
 738:Generated_Source\PSoC5/cyfitter_cfg.c **** 	CY_SET_XTND_REG8((void CYFAR *)CYREG_PUMP_CR0, regValue);
 1114              		.loc 1 738 0
 1115 0028 034A     		ldr	r2, .L30
 1116 002a FB7B     		ldrb	r3, [r7, #15]
 1117 002c 1370     		strb	r3, [r2]
 739:Generated_Source\PSoC5/cyfitter_cfg.c **** }
 1118              		.loc 1 739 0
 1119 002e 00BF     		nop
 1120 0030 1437     		adds	r7, r7, #20
 1121              		.cfi_def_cfa_offset 4
 1122 0032 BD46     		mov	sp, r7
 1123              		.cfi_def_cfa_register 13
 1124              		@ sp needed
 1125 0034 80BC     		pop	{r7}
 1126              		.cfi_restore 7
 1127              		.cfi_def_cfa_offset 0
 1128 0036 7047     		bx	lr
 1129              	.L31:
 1130              		.align	2
 1131              	.L30:
 1132 0038 76580040 		.word	1073764470
 1133              		.cfi_endproc
 1134              	.LFE7:
 1135              		.size	SetAnalogRoutingPumps, .-SetAnalogRoutingPumps
 1136              		.global	CapSense_AMuxCH0__addrTable
 1137              		.section	.rodata
ARM GAS  C:\Users\ggg88\AppData\Local\Temp\ccmzX8ZX.s 			page 34


 1138              		.align	2
 1139              		.type	CapSense_AMuxCH0__addrTable, %object
 1140              		.size	CapSense_AMuxCH0__addrTable, 52
 1141              	CapSense_AMuxCH0__addrTable:
 1142 0000 2C510040 		.word	1073762604
 1143 0004 2C510040 		.word	1073762604
 1144 0008 2C510040 		.word	1073762604
 1145 000c 2C510040 		.word	1073762604
 1146 0010 2C510040 		.word	1073762604
 1147 0014 6C510040 		.word	1073762668
 1148 0018 6C510040 		.word	1073762668
 1149 001c 6C510040 		.word	1073762668
 1150 0020 6C510040 		.word	1073762668
 1151 0024 2C510040 		.word	1073762604
 1152 0028 FC510040 		.word	1073762812
 1153 002c D35A0040 		.word	1073765075
 1154 0030 935A0040 		.word	1073765011
 1155              		.global	CapSense_AMuxCH0__maskTable
 1156              		.align	2
 1157              		.type	CapSense_AMuxCH0__maskTable, %object
 1158              		.size	CapSense_AMuxCH0__maskTable, 13
 1159              	CapSense_AMuxCH0__maskTable:
 1160 0034 80       		.byte	-128
 1161 0035 40       		.byte	64
 1162 0036 20       		.byte	32
 1163 0037 10       		.byte	16
 1164 0038 08       		.byte	8
 1165 0039 10       		.byte	16
 1166 003a 20       		.byte	32
 1167 003b 40       		.byte	64
 1168 003c 80       		.byte	-128
 1169 003d 01       		.byte	1
 1170 003e 10       		.byte	16
 1171 003f 01       		.byte	1
 1172 0040 10       		.byte	16
 1173              		.section	.text.CapSense_AMuxCH0_Set,"ax",%progbits
 1174              		.align	2
 1175              		.global	CapSense_AMuxCH0_Set
 1176              		.thumb
 1177              		.thumb_func
 1178              		.type	CapSense_AMuxCH0_Set, %function
 1179              	CapSense_AMuxCH0_Set:
 1180              	.LFB8:
 740:Generated_Source\PSoC5/cyfitter_cfg.c **** 
 741:Generated_Source\PSoC5/cyfitter_cfg.c **** 
 742:Generated_Source\PSoC5/cyfitter_cfg.c **** #define CY_AMUX_UNUSED CYREG_BOOST_SR
 743:Generated_Source\PSoC5/cyfitter_cfg.c **** /* This is an implementation detail of the AMux. Code that depends on it may be
 744:Generated_Source\PSoC5/cyfitter_cfg.c ****    incompatible with other versions of PSoC Creator. */
 745:Generated_Source\PSoC5/cyfitter_cfg.c **** uint8 CYXDATA * const CYCODE CapSense_AMuxCH0__addrTable[13] = {
 746:Generated_Source\PSoC5/cyfitter_cfg.c **** 	(uint8 CYXDATA *)CYREG_PRT2_AMUX, 
 747:Generated_Source\PSoC5/cyfitter_cfg.c **** 	(uint8 CYXDATA *)CYREG_PRT2_AMUX, 
 748:Generated_Source\PSoC5/cyfitter_cfg.c **** 	(uint8 CYXDATA *)CYREG_PRT2_AMUX, 
 749:Generated_Source\PSoC5/cyfitter_cfg.c **** 	(uint8 CYXDATA *)CYREG_PRT2_AMUX, 
 750:Generated_Source\PSoC5/cyfitter_cfg.c **** 	(uint8 CYXDATA *)CYREG_PRT2_AMUX, 
 751:Generated_Source\PSoC5/cyfitter_cfg.c **** 	(uint8 CYXDATA *)CYREG_PRT6_AMUX, 
 752:Generated_Source\PSoC5/cyfitter_cfg.c **** 	(uint8 CYXDATA *)CYREG_PRT6_AMUX, 
 753:Generated_Source\PSoC5/cyfitter_cfg.c **** 	(uint8 CYXDATA *)CYREG_PRT6_AMUX, 
ARM GAS  C:\Users\ggg88\AppData\Local\Temp\ccmzX8ZX.s 			page 35


 754:Generated_Source\PSoC5/cyfitter_cfg.c **** 	(uint8 CYXDATA *)CYREG_PRT6_AMUX, 
 755:Generated_Source\PSoC5/cyfitter_cfg.c **** 	(uint8 CYXDATA *)CYREG_PRT2_AMUX, 
 756:Generated_Source\PSoC5/cyfitter_cfg.c **** 	(uint8 CYXDATA *)CYREG_PRT15_AMUX, 
 757:Generated_Source\PSoC5/cyfitter_cfg.c **** 	(uint8 CYXDATA *)CYREG_CMP2_SW3, 
 758:Generated_Source\PSoC5/cyfitter_cfg.c **** 	(uint8 CYXDATA *)CYREG_DAC2_SW3, 
 759:Generated_Source\PSoC5/cyfitter_cfg.c **** };
 760:Generated_Source\PSoC5/cyfitter_cfg.c **** 
 761:Generated_Source\PSoC5/cyfitter_cfg.c **** /* This is an implementation detail of the AMux. Code that depends on it may be
 762:Generated_Source\PSoC5/cyfitter_cfg.c ****    incompatible with other versions of PSoC Creator. */
 763:Generated_Source\PSoC5/cyfitter_cfg.c **** const uint8 CYCODE CapSense_AMuxCH0__maskTable[13] = {
 764:Generated_Source\PSoC5/cyfitter_cfg.c **** 	0x80u, 
 765:Generated_Source\PSoC5/cyfitter_cfg.c **** 	0x40u, 
 766:Generated_Source\PSoC5/cyfitter_cfg.c **** 	0x20u, 
 767:Generated_Source\PSoC5/cyfitter_cfg.c **** 	0x10u, 
 768:Generated_Source\PSoC5/cyfitter_cfg.c **** 	0x08u, 
 769:Generated_Source\PSoC5/cyfitter_cfg.c **** 	0x10u, 
 770:Generated_Source\PSoC5/cyfitter_cfg.c **** 	0x20u, 
 771:Generated_Source\PSoC5/cyfitter_cfg.c **** 	0x40u, 
 772:Generated_Source\PSoC5/cyfitter_cfg.c **** 	0x80u, 
 773:Generated_Source\PSoC5/cyfitter_cfg.c **** 	0x01u, 
 774:Generated_Source\PSoC5/cyfitter_cfg.c **** 	0x10u, 
 775:Generated_Source\PSoC5/cyfitter_cfg.c **** 	0x01u, 
 776:Generated_Source\PSoC5/cyfitter_cfg.c **** 	0x10u, 
 777:Generated_Source\PSoC5/cyfitter_cfg.c **** };
 778:Generated_Source\PSoC5/cyfitter_cfg.c **** 
 779:Generated_Source\PSoC5/cyfitter_cfg.c **** /*******************************************************************************
 780:Generated_Source\PSoC5/cyfitter_cfg.c **** * Function Name: CapSense_AMuxCH0_Set
 781:Generated_Source\PSoC5/cyfitter_cfg.c **** ********************************************************************************
 782:Generated_Source\PSoC5/cyfitter_cfg.c **** * Summary:
 783:Generated_Source\PSoC5/cyfitter_cfg.c **** *  This function is used to set a particular channel as active on the AMux.
 784:Generated_Source\PSoC5/cyfitter_cfg.c **** *
 785:Generated_Source\PSoC5/cyfitter_cfg.c **** * Parameters:  
 786:Generated_Source\PSoC5/cyfitter_cfg.c **** *   channel - The mux channel input to set as active
 787:Generated_Source\PSoC5/cyfitter_cfg.c **** *
 788:Generated_Source\PSoC5/cyfitter_cfg.c **** * Return:
 789:Generated_Source\PSoC5/cyfitter_cfg.c **** *   void
 790:Generated_Source\PSoC5/cyfitter_cfg.c **** *
 791:Generated_Source\PSoC5/cyfitter_cfg.c **** *******************************************************************************/
 792:Generated_Source\PSoC5/cyfitter_cfg.c **** void CapSense_AMuxCH0_Set(uint8 channel)
 793:Generated_Source\PSoC5/cyfitter_cfg.c **** {
 1181              		.loc 1 793 0
 1182              		.cfi_startproc
 1183              		@ args = 0, pretend = 0, frame = 8
 1184              		@ frame_needed = 1, uses_anonymous_args = 0
 1185              		@ link register save eliminated.
 1186 0000 80B4     		push	{r7}
 1187              		.cfi_def_cfa_offset 4
 1188              		.cfi_offset 7, -4
 1189 0002 83B0     		sub	sp, sp, #12
 1190              		.cfi_def_cfa_offset 16
 1191 0004 00AF     		add	r7, sp, #0
 1192              		.cfi_def_cfa_register 7
 1193 0006 0346     		mov	r3, r0
 1194 0008 FB71     		strb	r3, [r7, #7]
 794:Generated_Source\PSoC5/cyfitter_cfg.c **** 	if (channel < 13)
 1195              		.loc 1 794 0
 1196 000a FB79     		ldrb	r3, [r7, #7]	@ zero_extendqisi2
ARM GAS  C:\Users\ggg88\AppData\Local\Temp\ccmzX8ZX.s 			page 36


 1197 000c 0C2B     		cmp	r3, #12
 1198 000e 0ED8     		bhi	.L34
 795:Generated_Source\PSoC5/cyfitter_cfg.c **** 	{
 796:Generated_Source\PSoC5/cyfitter_cfg.c **** 		*CapSense_AMuxCH0__addrTable[channel] |= CapSense_AMuxCH0__maskTable[channel];
 1199              		.loc 1 796 0
 1200 0010 FB79     		ldrb	r3, [r7, #7]	@ zero_extendqisi2
 1201 0012 094A     		ldr	r2, .L35
 1202 0014 52F82330 		ldr	r3, [r2, r3, lsl #2]
 1203 0018 FA79     		ldrb	r2, [r7, #7]	@ zero_extendqisi2
 1204 001a 0749     		ldr	r1, .L35
 1205 001c 51F82220 		ldr	r2, [r1, r2, lsl #2]
 1206 0020 1178     		ldrb	r1, [r2]	@ zero_extendqisi2
 1207 0022 FA79     		ldrb	r2, [r7, #7]	@ zero_extendqisi2
 1208 0024 0548     		ldr	r0, .L35+4
 1209 0026 825C     		ldrb	r2, [r0, r2]	@ zero_extendqisi2
 1210 0028 0A43     		orrs	r2, r2, r1
 1211 002a D2B2     		uxtb	r2, r2
 1212 002c 1A70     		strb	r2, [r3]
 1213              	.L34:
 797:Generated_Source\PSoC5/cyfitter_cfg.c **** 	}
 798:Generated_Source\PSoC5/cyfitter_cfg.c **** }
 1214              		.loc 1 798 0
 1215 002e 00BF     		nop
 1216 0030 0C37     		adds	r7, r7, #12
 1217              		.cfi_def_cfa_offset 4
 1218 0032 BD46     		mov	sp, r7
 1219              		.cfi_def_cfa_register 13
 1220              		@ sp needed
 1221 0034 80BC     		pop	{r7}
 1222              		.cfi_restore 7
 1223              		.cfi_def_cfa_offset 0
 1224 0036 7047     		bx	lr
 1225              	.L36:
 1226              		.align	2
 1227              	.L35:
 1228 0038 00000000 		.word	CapSense_AMuxCH0__addrTable
 1229 003c 00000000 		.word	CapSense_AMuxCH0__maskTable
 1230              		.cfi_endproc
 1231              	.LFE8:
 1232              		.size	CapSense_AMuxCH0_Set, .-CapSense_AMuxCH0_Set
 1233              		.section	.text.CapSense_AMuxCH0_Unset,"ax",%progbits
 1234              		.align	2
 1235              		.global	CapSense_AMuxCH0_Unset
 1236              		.thumb
 1237              		.thumb_func
 1238              		.type	CapSense_AMuxCH0_Unset, %function
 1239              	CapSense_AMuxCH0_Unset:
 1240              	.LFB9:
 799:Generated_Source\PSoC5/cyfitter_cfg.c **** 
 800:Generated_Source\PSoC5/cyfitter_cfg.c **** /*******************************************************************************
 801:Generated_Source\PSoC5/cyfitter_cfg.c **** * Function Name: CapSense_AMuxCH0_Unset
 802:Generated_Source\PSoC5/cyfitter_cfg.c **** ********************************************************************************
 803:Generated_Source\PSoC5/cyfitter_cfg.c **** * Summary:
 804:Generated_Source\PSoC5/cyfitter_cfg.c **** *  This function is used to clear a particular channel from being active on the
 805:Generated_Source\PSoC5/cyfitter_cfg.c **** *  AMux.
 806:Generated_Source\PSoC5/cyfitter_cfg.c **** *
 807:Generated_Source\PSoC5/cyfitter_cfg.c **** * Parameters:  
ARM GAS  C:\Users\ggg88\AppData\Local\Temp\ccmzX8ZX.s 			page 37


 808:Generated_Source\PSoC5/cyfitter_cfg.c **** *   channel - The mux channel input to mark inactive
 809:Generated_Source\PSoC5/cyfitter_cfg.c **** *
 810:Generated_Source\PSoC5/cyfitter_cfg.c **** * Return:
 811:Generated_Source\PSoC5/cyfitter_cfg.c **** *   void
 812:Generated_Source\PSoC5/cyfitter_cfg.c **** *
 813:Generated_Source\PSoC5/cyfitter_cfg.c **** *******************************************************************************/
 814:Generated_Source\PSoC5/cyfitter_cfg.c **** void CapSense_AMuxCH0_Unset(uint8 channel)
 815:Generated_Source\PSoC5/cyfitter_cfg.c **** {
 1241              		.loc 1 815 0
 1242              		.cfi_startproc
 1243              		@ args = 0, pretend = 0, frame = 8
 1244              		@ frame_needed = 1, uses_anonymous_args = 0
 1245              		@ link register save eliminated.
 1246 0000 80B4     		push	{r7}
 1247              		.cfi_def_cfa_offset 4
 1248              		.cfi_offset 7, -4
 1249 0002 83B0     		sub	sp, sp, #12
 1250              		.cfi_def_cfa_offset 16
 1251 0004 00AF     		add	r7, sp, #0
 1252              		.cfi_def_cfa_register 7
 1253 0006 0346     		mov	r3, r0
 1254 0008 FB71     		strb	r3, [r7, #7]
 816:Generated_Source\PSoC5/cyfitter_cfg.c **** 	if (channel < 13)
 1255              		.loc 1 816 0
 1256 000a FB79     		ldrb	r3, [r7, #7]	@ zero_extendqisi2
 1257 000c 0C2B     		cmp	r3, #12
 1258 000e 10D8     		bhi	.L39
 817:Generated_Source\PSoC5/cyfitter_cfg.c **** 	{
 818:Generated_Source\PSoC5/cyfitter_cfg.c **** 		*CapSense_AMuxCH0__addrTable[channel] &= (uint8)~CapSense_AMuxCH0__maskTable[channel];
 1259              		.loc 1 818 0
 1260 0010 FB79     		ldrb	r3, [r7, #7]	@ zero_extendqisi2
 1261 0012 0A4A     		ldr	r2, .L40
 1262 0014 52F82330 		ldr	r3, [r2, r3, lsl #2]
 1263 0018 FA79     		ldrb	r2, [r7, #7]	@ zero_extendqisi2
 1264 001a 0849     		ldr	r1, .L40
 1265 001c 51F82220 		ldr	r2, [r1, r2, lsl #2]
 1266 0020 1178     		ldrb	r1, [r2]	@ zero_extendqisi2
 1267 0022 FA79     		ldrb	r2, [r7, #7]	@ zero_extendqisi2
 1268 0024 0648     		ldr	r0, .L40+4
 1269 0026 825C     		ldrb	r2, [r0, r2]	@ zero_extendqisi2
 1270 0028 D243     		mvns	r2, r2
 1271 002a D2B2     		uxtb	r2, r2
 1272 002c 0A40     		ands	r2, r2, r1
 1273 002e D2B2     		uxtb	r2, r2
 1274 0030 1A70     		strb	r2, [r3]
 1275              	.L39:
 819:Generated_Source\PSoC5/cyfitter_cfg.c **** 	}
 820:Generated_Source\PSoC5/cyfitter_cfg.c **** }
 1276              		.loc 1 820 0
 1277 0032 00BF     		nop
 1278 0034 0C37     		adds	r7, r7, #12
 1279              		.cfi_def_cfa_offset 4
 1280 0036 BD46     		mov	sp, r7
 1281              		.cfi_def_cfa_register 13
 1282              		@ sp needed
 1283 0038 80BC     		pop	{r7}
 1284              		.cfi_restore 7
ARM GAS  C:\Users\ggg88\AppData\Local\Temp\ccmzX8ZX.s 			page 38


 1285              		.cfi_def_cfa_offset 0
 1286 003a 7047     		bx	lr
 1287              	.L41:
 1288              		.align	2
 1289              	.L40:
 1290 003c 00000000 		.word	CapSense_AMuxCH0__addrTable
 1291 0040 00000000 		.word	CapSense_AMuxCH0__maskTable
 1292              		.cfi_endproc
 1293              	.LFE9:
 1294              		.size	CapSense_AMuxCH0_Unset, .-CapSense_AMuxCH0_Unset
 1295              		.section	.text.cyfitter_cfg,"ax",%progbits
 1296              		.align	2
 1297              		.global	cyfitter_cfg
 1298              		.thumb
 1299              		.thumb_func
 1300              		.type	cyfitter_cfg, %function
 1301              	cyfitter_cfg:
 1302              	.LFB10:
 821:Generated_Source\PSoC5/cyfitter_cfg.c **** 
 822:Generated_Source\PSoC5/cyfitter_cfg.c **** 
 823:Generated_Source\PSoC5/cyfitter_cfg.c **** 
 824:Generated_Source\PSoC5/cyfitter_cfg.c **** /*******************************************************************************
 825:Generated_Source\PSoC5/cyfitter_cfg.c **** * Function Name: cyfitter_cfg
 826:Generated_Source\PSoC5/cyfitter_cfg.c **** ********************************************************************************
 827:Generated_Source\PSoC5/cyfitter_cfg.c **** * Summary:
 828:Generated_Source\PSoC5/cyfitter_cfg.c **** *  This function is called by the start-up code for the selected device. It
 829:Generated_Source\PSoC5/cyfitter_cfg.c **** *  performs all of the necessary device configuration based on the design
 830:Generated_Source\PSoC5/cyfitter_cfg.c **** *  settings.  This includes settings from the Design Wide Resources (DWR) such
 831:Generated_Source\PSoC5/cyfitter_cfg.c **** *  as Clocks and Pins as well as any component configuration that is necessary.
 832:Generated_Source\PSoC5/cyfitter_cfg.c **** *
 833:Generated_Source\PSoC5/cyfitter_cfg.c **** * Parameters:
 834:Generated_Source\PSoC5/cyfitter_cfg.c **** *   void
 835:Generated_Source\PSoC5/cyfitter_cfg.c **** *
 836:Generated_Source\PSoC5/cyfitter_cfg.c **** * Return:
 837:Generated_Source\PSoC5/cyfitter_cfg.c **** *   void
 838:Generated_Source\PSoC5/cyfitter_cfg.c **** *
 839:Generated_Source\PSoC5/cyfitter_cfg.c **** *******************************************************************************/
 840:Generated_Source\PSoC5/cyfitter_cfg.c **** 
 841:Generated_Source\PSoC5/cyfitter_cfg.c **** void cyfitter_cfg(void)
 842:Generated_Source\PSoC5/cyfitter_cfg.c **** {
 1303              		.loc 1 842 0
 1304              		.cfi_startproc
 1305              		@ args = 0, pretend = 0, frame = 0
 1306              		@ frame_needed = 1, uses_anonymous_args = 0
 1307 0000 80B5     		push	{r7, lr}
 1308              		.cfi_def_cfa_offset 8
 1309              		.cfi_offset 7, -8
 1310              		.cfi_offset 14, -4
 1311 0002 00AF     		add	r7, sp, #0
 1312              		.cfi_def_cfa_register 7
 843:Generated_Source\PSoC5/cyfitter_cfg.c **** #ifdef CYGlobalIntDisable
 844:Generated_Source\PSoC5/cyfitter_cfg.c **** 	/* Disable interrupts by default. Let user enable if/when they want. */
 845:Generated_Source\PSoC5/cyfitter_cfg.c **** 	CYGlobalIntDisable
 1313              		.loc 1 845 0
 1314              		.syntax unified
 1315              	@ 845 "Generated_Source\PSoC5\cyfitter_cfg.c" 1
 1316 0004 72B6     		CPSID   i
ARM GAS  C:\Users\ggg88\AppData\Local\Temp\ccmzX8ZX.s 			page 39


 1317              	@ 0 "" 2
 846:Generated_Source\PSoC5/cyfitter_cfg.c **** #endif
 847:Generated_Source\PSoC5/cyfitter_cfg.c **** 
 848:Generated_Source\PSoC5/cyfitter_cfg.c **** 
 849:Generated_Source\PSoC5/cyfitter_cfg.c **** 	/* Set Flash Cycles based on max possible frequency in case a glitch occurs during ClockSetup(). *
 850:Generated_Source\PSoC5/cyfitter_cfg.c **** 	CY_SET_XTND_REG8((void CYFAR *)(CYREG_CACHE_CC_CTL), (((CYDEV_INSTRUCT_CACHE_ENABLED) != 0) ? 0x61
 1318              		.loc 1 850 0
 1319              		.thumb
 1320              		.syntax unified
 1321 0006 344B     		ldr	r3, .L43
 1322 0008 6122     		movs	r2, #97
 1323 000a 1A70     		strb	r2, [r3]
 851:Generated_Source\PSoC5/cyfitter_cfg.c **** 	/* Setup clocks based on selections from Clock DWR */
 852:Generated_Source\PSoC5/cyfitter_cfg.c **** 	ClockSetup();
 1324              		.loc 1 852 0
 1325 000c FFF7FEFF 		bl	ClockSetup
 853:Generated_Source\PSoC5/cyfitter_cfg.c **** 	/* Set Flash Cycles based on newly configured 66.00MHz Bus Clock. */
 854:Generated_Source\PSoC5/cyfitter_cfg.c **** 	CY_SET_XTND_REG8((void CYFAR *)(CYREG_CACHE_CC_CTL), (((CYDEV_INSTRUCT_CACHE_ENABLED) != 0) ? 0x01
 1326              		.loc 1 854 0
 1327 0010 314B     		ldr	r3, .L43
 1328 0012 0122     		movs	r2, #1
 1329 0014 1A70     		strb	r2, [r3]
 855:Generated_Source\PSoC5/cyfitter_cfg.c **** 	{
 856:Generated_Source\PSoC5/cyfitter_cfg.c **** 		cfg_dma_init();
 1330              		.loc 1 856 0
 1331 0016 FFF7FEFF 		bl	cfg_dma_init
 857:Generated_Source\PSoC5/cyfitter_cfg.c **** 
 858:Generated_Source\PSoC5/cyfitter_cfg.c **** 		/* Perform normal device configuration. Order is not critical for these items. */
 859:Generated_Source\PSoC5/cyfitter_cfg.c **** 		CY_SET_XTND_REG16((void CYFAR *)(CYREG_CAPSL_CFG0), 0x0300u);
 1332              		.loc 1 859 0
 1333 001a 304B     		ldr	r3, .L43+4
 1334 001c 4FF44072 		mov	r2, #768
 1335 0020 1A80     		strh	r2, [r3]	@ movhi
 860:Generated_Source\PSoC5/cyfitter_cfg.c **** 		CY_SET_XTND_REG16((void CYFAR *)(CYREG_LUT2_CR), 0x0203u);
 1336              		.loc 1 860 0
 1337 0022 2F4B     		ldr	r3, .L43+8
 1338 0024 40F20322 		movw	r2, #515
 1339 0028 1A80     		strh	r2, [r3]	@ movhi
 861:Generated_Source\PSoC5/cyfitter_cfg.c **** 
 862:Generated_Source\PSoC5/cyfitter_cfg.c **** 		/* B1_P3_U1_CFG24 Starting address: CYDEV_UCFG_B1_P3_U1_CFG24 */
 863:Generated_Source\PSoC5/cyfitter_cfg.c **** 		CY_SET_XTND_REG32((void CYFAR *)(CYREG_B1_P3_U1_CFG24), 0x44040404u);
 1340              		.loc 1 863 0
 1341 002a 2E4B     		ldr	r3, .L43+12
 1342 002c 2E4A     		ldr	r2, .L43+16
 1343 002e 1A60     		str	r2, [r3]
 864:Generated_Source\PSoC5/cyfitter_cfg.c **** 
 865:Generated_Source\PSoC5/cyfitter_cfg.c **** 		/* Enable digital routing */
 866:Generated_Source\PSoC5/cyfitter_cfg.c **** 		CY_SET_XTND_REG8((void CYFAR *)CYREG_BCTL0_BANK_CTL, CY_GET_XTND_REG8((void CYFAR *)CYREG_BCTL0_B
 1344              		.loc 1 866 0
 1345 0030 2E4A     		ldr	r2, .L43+20
 1346 0032 2E4B     		ldr	r3, .L43+20
 1347 0034 1B78     		ldrb	r3, [r3]
 1348 0036 DBB2     		uxtb	r3, r3
 1349 0038 43F00203 		orr	r3, r3, #2
 1350 003c DBB2     		uxtb	r3, r3
 1351 003e 1370     		strb	r3, [r2]
 867:Generated_Source\PSoC5/cyfitter_cfg.c **** 		CY_SET_XTND_REG8((void CYFAR *)CYREG_BCTL1_BANK_CTL, CY_GET_XTND_REG8((void CYFAR *)CYREG_BCTL1_B
ARM GAS  C:\Users\ggg88\AppData\Local\Temp\ccmzX8ZX.s 			page 40


 1352              		.loc 1 867 0
 1353 0040 2B4A     		ldr	r2, .L43+24
 1354 0042 2B4B     		ldr	r3, .L43+24
 1355 0044 1B78     		ldrb	r3, [r3]
 1356 0046 DBB2     		uxtb	r3, r3
 1357 0048 43F00203 		orr	r3, r3, #2
 1358 004c DBB2     		uxtb	r3, r3
 1359 004e 1370     		strb	r3, [r2]
 868:Generated_Source\PSoC5/cyfitter_cfg.c **** 
 869:Generated_Source\PSoC5/cyfitter_cfg.c **** 		/* Enable UDB array */
 870:Generated_Source\PSoC5/cyfitter_cfg.c **** 		CY_SET_XTND_REG8((void CYFAR *)CYREG_PM_ACT_CFG0, CY_GET_XTND_REG8((void CYFAR *)CYREG_PM_ACT_CFG
 1360              		.loc 1 870 0
 1361 0050 284A     		ldr	r2, .L43+28
 1362 0052 284B     		ldr	r3, .L43+28
 1363 0054 1B78     		ldrb	r3, [r3]
 1364 0056 DBB2     		uxtb	r3, r3
 1365 0058 43F04003 		orr	r3, r3, #64
 1366 005c DBB2     		uxtb	r3, r3
 1367 005e 1370     		strb	r3, [r2]
 871:Generated_Source\PSoC5/cyfitter_cfg.c **** 		CY_SET_XTND_REG8((void CYFAR *)CYREG_PM_AVAIL_CR2, CY_GET_XTND_REG8((void CYFAR *)CYREG_PM_AVAIL_
 1368              		.loc 1 871 0
 1369 0060 254A     		ldr	r2, .L43+32
 1370 0062 254B     		ldr	r3, .L43+32
 1371 0064 1B78     		ldrb	r3, [r3]
 1372 0066 DBB2     		uxtb	r3, r3
 1373 0068 43F01003 		orr	r3, r3, #16
 1374 006c DBB2     		uxtb	r3, r3
 1375 006e 1370     		strb	r3, [r2]
 872:Generated_Source\PSoC5/cyfitter_cfg.c **** 	}
 873:Generated_Source\PSoC5/cyfitter_cfg.c **** 
 874:Generated_Source\PSoC5/cyfitter_cfg.c **** 
 875:Generated_Source\PSoC5/cyfitter_cfg.c **** 	/* Perform second pass device configuration. These items must be configured in specific order afte
 876:Generated_Source\PSoC5/cyfitter_cfg.c **** 	CYCONFIGCPY((void CYFAR *)(CYREG_PRT0_DM0), (const void CYFAR *)(BS_IOPINS0_0_VAL), 8u);
 1376              		.loc 1 876 0
 1377 0070 0822     		movs	r2, #8
 1378 0072 2249     		ldr	r1, .L43+36
 1379 0074 2248     		ldr	r0, .L43+40
 1380 0076 FFF7FEFF 		bl	CYCONFIGCPY
 877:Generated_Source\PSoC5/cyfitter_cfg.c **** 	CYCONFIGCPY((void CYFAR *)(CYREG_PRT15_DM0), (const void CYFAR *)(BS_IOPINS0_8_VAL), 8u);
 1381              		.loc 1 877 0
 1382 007a 0822     		movs	r2, #8
 1383 007c 2149     		ldr	r1, .L43+44
 1384 007e 2248     		ldr	r0, .L43+48
 1385 0080 FFF7FEFF 		bl	CYCONFIGCPY
 878:Generated_Source\PSoC5/cyfitter_cfg.c **** 	CYCONFIGCPY((void CYFAR *)(CYREG_PRT1_DM0), (const void CYFAR *)(BS_IOPINS0_1_VAL), 8u);
 1386              		.loc 1 878 0
 1387 0084 0822     		movs	r2, #8
 1388 0086 2149     		ldr	r1, .L43+52
 1389 0088 2148     		ldr	r0, .L43+56
 1390 008a FFF7FEFF 		bl	CYCONFIGCPY
 879:Generated_Source\PSoC5/cyfitter_cfg.c **** 	CYCONFIGCPY((void CYFAR *)(CYREG_PRT2_DM0), (const void CYFAR *)(BS_IOPINS0_2_VAL), 8u);
 1391              		.loc 1 879 0
 1392 008e 0822     		movs	r2, #8
 1393 0090 2049     		ldr	r1, .L43+60
 1394 0092 2148     		ldr	r0, .L43+64
 1395 0094 FFF7FEFF 		bl	CYCONFIGCPY
 880:Generated_Source\PSoC5/cyfitter_cfg.c **** 	CYCONFIGCPY((void CYFAR *)(CYREG_PRT4_DM0), (const void CYFAR *)(BS_IOPINS0_4_VAL), 8u);
ARM GAS  C:\Users\ggg88\AppData\Local\Temp\ccmzX8ZX.s 			page 41


 1396              		.loc 1 880 0
 1397 0098 0822     		movs	r2, #8
 1398 009a 2049     		ldr	r1, .L43+68
 1399 009c 2048     		ldr	r0, .L43+72
 1400 009e FFF7FEFF 		bl	CYCONFIGCPY
 881:Generated_Source\PSoC5/cyfitter_cfg.c **** 	CYCONFIGCPY((void CYFAR *)(CYREG_PRT5_DM0), (const void CYFAR *)(BS_IOPINS0_5_VAL), 8u);
 1401              		.loc 1 881 0
 1402 00a2 0822     		movs	r2, #8
 1403 00a4 1F49     		ldr	r1, .L43+76
 1404 00a6 2048     		ldr	r0, .L43+80
 1405 00a8 FFF7FEFF 		bl	CYCONFIGCPY
 882:Generated_Source\PSoC5/cyfitter_cfg.c **** 	CYCONFIGCPY((void CYFAR *)(CYREG_PRT6_DM0), (const void CYFAR *)(BS_IOPINS0_6_VAL), 8u);
 1406              		.loc 1 882 0
 1407 00ac 0822     		movs	r2, #8
 1408 00ae 1F49     		ldr	r1, .L43+84
 1409 00b0 1F48     		ldr	r0, .L43+88
 1410 00b2 FFF7FEFF 		bl	CYCONFIGCPY
 883:Generated_Source\PSoC5/cyfitter_cfg.c **** 	/* Switch Boost to the precision bandgap reference from its internal reference */
 884:Generated_Source\PSoC5/cyfitter_cfg.c **** 	CY_SET_REG8((void CYXDATA *)CYREG_BOOST_CR2, (CY_GET_REG8((void CYXDATA *)CYREG_BOOST_CR2) | 0x08u
 1411              		.loc 1 884 0
 1412 00b6 1F4A     		ldr	r2, .L43+92
 1413 00b8 1E4B     		ldr	r3, .L43+92
 1414 00ba 1B78     		ldrb	r3, [r3]
 1415 00bc DBB2     		uxtb	r3, r3
 1416 00be 43F00803 		orr	r3, r3, #8
 1417 00c2 DBB2     		uxtb	r3, r3
 1418 00c4 1370     		strb	r3, [r2]
 885:Generated_Source\PSoC5/cyfitter_cfg.c **** 
 886:Generated_Source\PSoC5/cyfitter_cfg.c **** 	/* Perform basic analog initialization to defaults */
 887:Generated_Source\PSoC5/cyfitter_cfg.c **** 	AnalogSetDefault();
 1419              		.loc 1 887 0
 1420 00c6 FFF7FEFF 		bl	AnalogSetDefault
 888:Generated_Source\PSoC5/cyfitter_cfg.c **** 
 889:Generated_Source\PSoC5/cyfitter_cfg.c **** 	/* Configure alternate active mode */
 890:Generated_Source\PSoC5/cyfitter_cfg.c **** 	CYCONFIGCPY((void CYFAR *)CYDEV_PM_STBY_BASE, (const void CYFAR *)CYDEV_PM_ACT_BASE, 14u);
 1421              		.loc 1 890 0
 1422 00ca 0E22     		movs	r2, #14
 1423 00cc 0949     		ldr	r1, .L43+28
 1424 00ce 1A48     		ldr	r0, .L43+96
 1425 00d0 FFF7FEFF 		bl	CYCONFIGCPY
 891:Generated_Source\PSoC5/cyfitter_cfg.c **** }
 1426              		.loc 1 891 0
 1427 00d4 00BF     		nop
 1428 00d6 80BD     		pop	{r7, pc}
 1429              	.L44:
 1430              		.align	2
 1431              	.L43:
 1432 00d8 00480040 		.word	1073760256
 1433 00dc 70580040 		.word	1073764464
 1434 00e0 4C580040 		.word	1073764428
 1435 00e4 D8160140 		.word	1073813208
 1436 00e8 04040444 		.word	1141113860
 1437 00ec 03500140 		.word	1073827843
 1438 00f0 13500140 		.word	1073827859
 1439 00f4 A0430040 		.word	1073759136
 1440 00f8 C2430040 		.word	1073759170
 1441 00fc 90150048 		.word	1207965072
ARM GAS  C:\Users\ggg88\AppData\Local\Temp\ccmzX8ZX.s 			page 42


 1442 0100 02510040 		.word	1073762562
 1443 0104 98150048 		.word	1207965080
 1444 0108 F2510040 		.word	1073762802
 1445 010c A0150048 		.word	1207965088
 1446 0110 12510040 		.word	1073762578
 1447 0114 A8150048 		.word	1207965096
 1448 0118 22510040 		.word	1073762594
 1449 011c B0150048 		.word	1207965104
 1450 0120 42510040 		.word	1073762626
 1451 0124 B8150048 		.word	1207965112
 1452 0128 52510040 		.word	1073762642
 1453 012c C0150048 		.word	1207965120
 1454 0130 62510040 		.word	1073762658
 1455 0134 22430040 		.word	1073759010
 1456 0138 B0430040 		.word	1073759152
 1457              		.cfi_endproc
 1458              	.LFE10:
 1459              		.size	cyfitter_cfg, .-cyfitter_cfg
 1460              		.bss
 1461              		.align	3
 1462              	DMA_ZERO_VAL.4987:
 1463 0000 00000000 		.space	4
 1464              		.section	.rodata
 1465 0041 000000   		.align	2
 1466              		.type	CFG_TD_ADDR0.4989, %object
 1467              		.size	CFG_TD_ADDR0.4989, 292
 1468              	CFG_TD_ADDR0.4989:
 1469 0044 00000000 		.word	CH1_ADDR_DATA0.4982
 1470 0048 08000000 		.word	CH2_ADDR_DATA0.4983
 1471 004c 10000000 		.word	CH5_ADDR_DATA0.4984
 1472 0050 18000000 		.word	CH6_ADDR_DATA0.4985
 1473 0054 20000000 		.word	DMA_TD_START_CMD.4986
 1474 0058 20000000 		.word	DMA_TD_START_CMD.4986
 1475 005c 20000000 		.word	DMA_TD_START_CMD.4986
 1476 0060 20000000 		.word	DMA_TD_START_CMD.4986
 1477 0064 00000000 		.word	DMA_ZERO_VAL.4987
 1478 0068 00000000 		.word	DMA_ZERO_VAL.4987
 1479 006c 00000000 		.word	DMA_ZERO_VAL.4987
 1480 0070 00000000 		.word	DMA_ZERO_VAL.4987
 1481 0074 00000000 		.word	DMA_ZERO_VAL.4987
 1482 0078 00000000 		.word	DMA_ZERO_VAL.4987
 1483 007c 00000000 		.word	DMA_ZERO_VAL.4987
 1484 0080 00000000 		.word	DMA_ZERO_VAL.4987
 1485 0084 00000000 		.word	DMA_ZERO_VAL.4987
 1486 0088 00000000 		.word	DMA_ZERO_VAL.4987
 1487 008c 00000000 		.word	DMA_ZERO_VAL.4987
 1488 0090 00000000 		.word	DMA_ZERO_VAL.4987
 1489 0094 00000048 		.word	1207959552
 1490 0098 08000048 		.word	1207959560
 1491 009c 10000048 		.word	1207959568
 1492 00a0 18000048 		.word	1207959576
 1493 00a4 20000048 		.word	1207959584
 1494 00a8 30060048 		.word	1207961136
 1495 00ac 70060048 		.word	1207961200
 1496 00b0 90060048 		.word	1207961232
 1497 00b4 D0060048 		.word	1207961296
 1498 00b8 28000048 		.word	1207959592
ARM GAS  C:\Users\ggg88\AppData\Local\Temp\ccmzX8ZX.s 			page 43


 1499 00bc 30000048 		.word	1207959600
 1500 00c0 B0000048 		.word	1207959728
 1501 00c4 30010048 		.word	1207959856
 1502 00c8 B0010048 		.word	1207959984
 1503 00cc 30020048 		.word	1207960112
 1504 00d0 B0020048 		.word	1207960240
 1505 00d4 30030048 		.word	1207960368
 1506 00d8 B0030048 		.word	1207960496
 1507 00dc 30040048 		.word	1207960624
 1508 00e0 B0040048 		.word	1207960752
 1509 00e4 30050048 		.word	1207960880
 1510 00e8 B0050048 		.word	1207961008
 1511 00ec F0060048 		.word	1207961328
 1512 00f0 00070048 		.word	1207961344
 1513 00f4 10070048 		.word	1207961360
 1514 00f8 90070048 		.word	1207961488
 1515 00fc 10080048 		.word	1207961616
 1516 0100 90080048 		.word	1207961744
 1517 0104 10090048 		.word	1207961872
 1518 0108 90090048 		.word	1207962000
 1519 010c 100A0048 		.word	1207962128
 1520 0110 900A0048 		.word	1207962256
 1521 0114 100B0048 		.word	1207962384
 1522 0118 900B0048 		.word	1207962512
 1523 011c 100C0048 		.word	1207962640
 1524 0120 900C0048 		.word	1207962768
 1525 0124 100D0048 		.word	1207962896
 1526 0128 900D0048 		.word	1207963024
 1527 012c 100E0048 		.word	1207963152
 1528 0130 900E0048 		.word	1207963280
 1529 0134 100F0048 		.word	1207963408
 1530 0138 900F0048 		.word	1207963536
 1531 013c 10100048 		.word	1207963664
 1532 0140 90100048 		.word	1207963792
 1533 0144 10110048 		.word	1207963920
 1534 0148 90110048 		.word	1207964048
 1535 014c 10120048 		.word	1207964176
 1536 0150 90120048 		.word	1207964304
 1537 0154 10130048 		.word	1207964432
 1538 0158 90130048 		.word	1207964560
 1539 015c 10140048 		.word	1207964688
 1540 0160 90140048 		.word	1207964816
 1541 0164 10150048 		.word	1207964944
 1542              		.text
 1543              	.Letext0:
 1544              		.file 2 "c:\\program files (x86)\\cypress\\psoc creator\\4.4\\psoc creator\\import\\gnu\\arm\\5.4.
 1545              		.file 3 "Generated_Source\\PSoC5\\cytypes.h"
 1546              		.section	.debug_info,"",%progbits
 1547              	.Ldebug_info0:
 1548 0000 80040000 		.4byte	0x480
 1549 0004 0400     		.2byte	0x4
 1550 0006 00000000 		.4byte	.Ldebug_abbrev0
 1551 000a 04       		.byte	0x4
 1552 000b 01       		.uleb128 0x1
 1553 000c 2A000000 		.4byte	.LASF52
 1554 0010 0C       		.byte	0xc
 1555 0011 0A030000 		.4byte	.LASF53
ARM GAS  C:\Users\ggg88\AppData\Local\Temp\ccmzX8ZX.s 			page 44


 1556 0015 1B020000 		.4byte	.LASF54
 1557 0019 00000000 		.4byte	.Ldebug_ranges0+0
 1558 001d 00000000 		.4byte	0
 1559 0021 00000000 		.4byte	.Ldebug_line0
 1560 0025 02       		.uleb128 0x2
 1561 0026 04       		.byte	0x4
 1562 0027 05       		.byte	0x5
 1563 0028 696E7400 		.ascii	"int\000"
 1564 002c 03       		.uleb128 0x3
 1565 002d 23000000 		.4byte	.LASF12
 1566 0031 02       		.byte	0x2
 1567 0032 D8       		.byte	0xd8
 1568 0033 37000000 		.4byte	0x37
 1569 0037 04       		.uleb128 0x4
 1570 0038 04       		.byte	0x4
 1571 0039 07       		.byte	0x7
 1572 003a A6020000 		.4byte	.LASF0
 1573 003e 04       		.uleb128 0x4
 1574 003f 08       		.byte	0x8
 1575 0040 05       		.byte	0x5
 1576 0041 FC020000 		.4byte	.LASF1
 1577 0045 04       		.uleb128 0x4
 1578 0046 08       		.byte	0x8
 1579 0047 04       		.byte	0x4
 1580 0048 70030000 		.4byte	.LASF2
 1581 004c 04       		.uleb128 0x4
 1582 004d 01       		.byte	0x1
 1583 004e 06       		.byte	0x6
 1584 004f 8E030000 		.4byte	.LASF3
 1585 0053 04       		.uleb128 0x4
 1586 0054 01       		.byte	0x1
 1587 0055 08       		.byte	0x8
 1588 0056 EA010000 		.4byte	.LASF4
 1589 005a 04       		.uleb128 0x4
 1590 005b 02       		.byte	0x2
 1591 005c 05       		.byte	0x5
 1592 005d 47030000 		.4byte	.LASF5
 1593 0061 04       		.uleb128 0x4
 1594 0062 02       		.byte	0x2
 1595 0063 07       		.byte	0x7
 1596 0064 F9000000 		.4byte	.LASF6
 1597 0068 04       		.uleb128 0x4
 1598 0069 04       		.byte	0x4
 1599 006a 05       		.byte	0x5
 1600 006b 62030000 		.4byte	.LASF7
 1601 006f 04       		.uleb128 0x4
 1602 0070 04       		.byte	0x4
 1603 0071 07       		.byte	0x7
 1604 0072 8A010000 		.4byte	.LASF8
 1605 0076 04       		.uleb128 0x4
 1606 0077 08       		.byte	0x8
 1607 0078 07       		.byte	0x7
 1608 0079 C6020000 		.4byte	.LASF9
 1609 007d 04       		.uleb128 0x4
 1610 007e 04       		.byte	0x4
 1611 007f 07       		.byte	0x7
 1612 0080 F3020000 		.4byte	.LASF10
ARM GAS  C:\Users\ggg88\AppData\Local\Temp\ccmzX8ZX.s 			page 45


 1613 0084 05       		.uleb128 0x5
 1614 0085 04       		.byte	0x4
 1615 0086 04       		.uleb128 0x4
 1616 0087 01       		.byte	0x1
 1617 0088 08       		.byte	0x8
 1618 0089 6B030000 		.4byte	.LASF11
 1619 008d 06       		.uleb128 0x6
 1620 008e 9C010000 		.4byte	.LASF13
 1621 0092 03       		.byte	0x3
 1622 0093 E901     		.2byte	0x1e9
 1623 0095 53000000 		.4byte	0x53
 1624 0099 06       		.uleb128 0x6
 1625 009a 8E020000 		.4byte	.LASF14
 1626 009e 03       		.byte	0x3
 1627 009f EA01     		.2byte	0x1ea
 1628 00a1 61000000 		.4byte	0x61
 1629 00a5 06       		.uleb128 0x6
 1630 00a6 9F020000 		.4byte	.LASF15
 1631 00aa 03       		.byte	0x3
 1632 00ab EB01     		.2byte	0x1eb
 1633 00ad 6F000000 		.4byte	0x6f
 1634 00b1 04       		.uleb128 0x4
 1635 00b2 04       		.byte	0x4
 1636 00b3 04       		.byte	0x4
 1637 00b4 61010000 		.4byte	.LASF16
 1638 00b8 04       		.uleb128 0x4
 1639 00b9 08       		.byte	0x8
 1640 00ba 04       		.byte	0x4
 1641 00bb 14020000 		.4byte	.LASF17
 1642 00bf 06       		.uleb128 0x6
 1643 00c0 85010000 		.4byte	.LASF18
 1644 00c4 03       		.byte	0x3
 1645 00c5 9302     		.2byte	0x293
 1646 00c7 CB000000 		.4byte	0xcb
 1647 00cb 07       		.uleb128 0x7
 1648 00cc 8D000000 		.4byte	0x8d
 1649 00d0 06       		.uleb128 0x6
 1650 00d1 00000000 		.4byte	.LASF19
 1651 00d5 03       		.byte	0x3
 1652 00d6 9402     		.2byte	0x294
 1653 00d8 DC000000 		.4byte	0xdc
 1654 00dc 07       		.uleb128 0x7
 1655 00dd 99000000 		.4byte	0x99
 1656 00e1 06       		.uleb128 0x6
 1657 00e2 06000000 		.4byte	.LASF20
 1658 00e6 03       		.byte	0x3
 1659 00e7 9502     		.2byte	0x295
 1660 00e9 ED000000 		.4byte	0xed
 1661 00ed 07       		.uleb128 0x7
 1662 00ee A5000000 		.4byte	0xa5
 1663 00f2 08       		.uleb128 0x8
 1664 00f3 AE010000 		.4byte	.LASF21
 1665 00f7 01       		.byte	0x1
 1666 00f8 64       		.byte	0x64
 1667 00f9 00000000 		.4byte	.LFB0
 1668 00fd 1C000000 		.4byte	.LFE0-.LFB0
 1669 0101 01       		.uleb128 0x1
ARM GAS  C:\Users\ggg88\AppData\Local\Temp\ccmzX8ZX.s 			page 46


 1670 0102 9C       		.byte	0x9c
 1671 0103 20010000 		.4byte	0x120
 1672 0107 09       		.uleb128 0x9
 1673 0108 7300     		.ascii	"s\000"
 1674 010a 01       		.byte	0x1
 1675 010b 64       		.byte	0x64
 1676 010c 84000000 		.4byte	0x84
 1677 0110 02       		.uleb128 0x2
 1678 0111 91       		.byte	0x91
 1679 0112 74       		.sleb128 -12
 1680 0113 09       		.uleb128 0x9
 1681 0114 6E00     		.ascii	"n\000"
 1682 0116 01       		.byte	0x1
 1683 0117 64       		.byte	0x64
 1684 0118 2C000000 		.4byte	0x2c
 1685 011c 02       		.uleb128 0x2
 1686 011d 91       		.byte	0x91
 1687 011e 70       		.sleb128 -16
 1688 011f 00       		.byte	0
 1689 0120 08       		.uleb128 0x8
 1690 0121 A7030000 		.4byte	.LASF22
 1691 0125 01       		.byte	0x1
 1692 0126 6B       		.byte	0x6b
 1693 0127 00000000 		.4byte	.LFB1
 1694 012b 1E000000 		.4byte	.LFE1-.LFB1
 1695 012f 01       		.uleb128 0x1
 1696 0130 9C       		.byte	0x9c
 1697 0131 5E010000 		.4byte	0x15e
 1698 0135 0A       		.uleb128 0xa
 1699 0136 7B010000 		.4byte	.LASF23
 1700 013a 01       		.byte	0x1
 1701 013b 6B       		.byte	0x6b
 1702 013c 84000000 		.4byte	0x84
 1703 0140 02       		.uleb128 0x2
 1704 0141 91       		.byte	0x91
 1705 0142 74       		.sleb128 -12
 1706 0143 09       		.uleb128 0x9
 1707 0144 73726300 		.ascii	"src\000"
 1708 0148 01       		.byte	0x1
 1709 0149 6B       		.byte	0x6b
 1710 014a 5E010000 		.4byte	0x15e
 1711 014e 02       		.uleb128 0x2
 1712 014f 91       		.byte	0x91
 1713 0150 70       		.sleb128 -16
 1714 0151 09       		.uleb128 0x9
 1715 0152 6E00     		.ascii	"n\000"
 1716 0154 01       		.byte	0x1
 1717 0155 6B       		.byte	0x6b
 1718 0156 2C000000 		.4byte	0x2c
 1719 015a 02       		.uleb128 0x2
 1720 015b 91       		.byte	0x91
 1721 015c 6C       		.sleb128 -20
 1722 015d 00       		.byte	0
 1723 015e 0B       		.uleb128 0xb
 1724 015f 04       		.byte	0x4
 1725 0160 64010000 		.4byte	0x164
 1726 0164 0C       		.uleb128 0xc
ARM GAS  C:\Users\ggg88\AppData\Local\Temp\ccmzX8ZX.s 			page 47


 1727 0165 08       		.uleb128 0x8
 1728 0166 DE000000 		.4byte	.LASF24
 1729 016a 01       		.byte	0x1
 1730 016b 72       		.byte	0x72
 1731 016c 00000000 		.4byte	.LFB2
 1732 0170 1E000000 		.4byte	.LFE2-.LFB2
 1733 0174 01       		.uleb128 0x1
 1734 0175 9C       		.byte	0x9c
 1735 0176 A3010000 		.4byte	0x1a3
 1736 017a 0A       		.uleb128 0xa
 1737 017b 7B010000 		.4byte	.LASF23
 1738 017f 01       		.byte	0x1
 1739 0180 72       		.byte	0x72
 1740 0181 84000000 		.4byte	0x84
 1741 0185 02       		.uleb128 0x2
 1742 0186 91       		.byte	0x91
 1743 0187 74       		.sleb128 -12
 1744 0188 09       		.uleb128 0x9
 1745 0189 73726300 		.ascii	"src\000"
 1746 018d 01       		.byte	0x1
 1747 018e 72       		.byte	0x72
 1748 018f 5E010000 		.4byte	0x15e
 1749 0193 02       		.uleb128 0x2
 1750 0194 91       		.byte	0x91
 1751 0195 70       		.sleb128 -16
 1752 0196 09       		.uleb128 0x9
 1753 0197 6E00     		.ascii	"n\000"
 1754 0199 01       		.byte	0x1
 1755 019a 72       		.byte	0x72
 1756 019b 2C000000 		.4byte	0x2c
 1757 019f 02       		.uleb128 0x2
 1758 01a0 91       		.byte	0x91
 1759 01a1 6C       		.sleb128 -20
 1760 01a2 00       		.byte	0
 1761 01a3 0D       		.uleb128 0xd
 1762 01a4 67010000 		.4byte	.LASF25
 1763 01a8 01       		.byte	0x1
 1764 01a9 96       		.byte	0x96
 1765 01aa 00000000 		.4byte	.LFB3
 1766 01ae 0C000000 		.4byte	.LFE3-.LFB3
 1767 01b2 01       		.uleb128 0x1
 1768 01b3 9C       		.byte	0x9c
 1769 01b4 C7010000 		.4byte	0x1c7
 1770 01b8 0A       		.uleb128 0xa
 1771 01b9 95020000 		.4byte	.LASF26
 1772 01bd 01       		.byte	0x1
 1773 01be 96       		.byte	0x96
 1774 01bf 8D000000 		.4byte	0x8d
 1775 01c3 02       		.uleb128 0x2
 1776 01c4 91       		.byte	0x91
 1777 01c5 77       		.sleb128 -9
 1778 01c6 00       		.byte	0
 1779 01c7 0E       		.uleb128 0xe
 1780 01c8 B8010000 		.4byte	.LASF27
 1781 01cc 01       		.byte	0x1
 1782 01cd 7301     		.2byte	0x173
 1783 01cf 00000000 		.4byte	.LFB4
ARM GAS  C:\Users\ggg88\AppData\Local\Temp\ccmzX8ZX.s 			page 48


 1784 01d3 74010000 		.4byte	.LFE4-.LFB4
 1785 01d7 01       		.uleb128 0x1
 1786 01d8 9C       		.byte	0x9c
 1787 01d9 CF020000 		.4byte	0x2cf
 1788 01dd 0F       		.uleb128 0xf
 1789 01de EE020000 		.4byte	.LASF55
 1790 01e2 08       		.byte	0x8
 1791 01e3 01       		.byte	0x1
 1792 01e4 7601     		.2byte	0x176
 1793 01e6 2C020000 		.4byte	0x22c
 1794 01ea 10       		.uleb128 0x10
 1795 01eb 80010000 		.4byte	.LASF28
 1796 01ef 01       		.byte	0x1
 1797 01f0 7701     		.2byte	0x177
 1798 01f2 99000000 		.4byte	0x99
 1799 01f6 00       		.byte	0
 1800 01f7 10       		.uleb128 0x10
 1801 01f8 A2010000 		.4byte	.LASF29
 1802 01fc 01       		.byte	0x1
 1803 01fd 7801     		.2byte	0x178
 1804 01ff 8D000000 		.4byte	0x8d
 1805 0203 02       		.byte	0x2
 1806 0204 10       		.uleb128 0x10
 1807 0205 B3020000 		.4byte	.LASF30
 1808 0209 01       		.byte	0x1
 1809 020a 7901     		.2byte	0x179
 1810 020c 8D000000 		.4byte	0x8d
 1811 0210 03       		.byte	0x3
 1812 0211 11       		.uleb128 0x11
 1813 0212 73726300 		.ascii	"src\000"
 1814 0216 01       		.byte	0x1
 1815 0217 7A01     		.2byte	0x17a
 1816 0219 99000000 		.4byte	0x99
 1817 021d 04       		.byte	0x4
 1818 021e 10       		.uleb128 0x10
 1819 021f 7B010000 		.4byte	.LASF23
 1820 0223 01       		.byte	0x1
 1821 0224 7B01     		.2byte	0x17b
 1822 0226 99000000 		.4byte	0x99
 1823 022a 06       		.byte	0x6
 1824 022b 00       		.byte	0
 1825 022c 12       		.uleb128 0x12
 1826 022d B3030000 		.4byte	.LASF31
 1827 0231 01       		.byte	0x1
 1828 0232 7F01     		.2byte	0x17f
 1829 0234 E4020000 		.4byte	0x2e4
 1830 0238 05       		.uleb128 0x5
 1831 0239 03       		.byte	0x3
 1832 023a 00000000 		.4byte	CH1_ADDR_DATA0.4982
 1833 023e 12       		.uleb128 0x12
 1834 023f DB010000 		.4byte	.LASF32
 1835 0243 01       		.byte	0x1
 1836 0244 8201     		.2byte	0x182
 1837 0246 E9020000 		.4byte	0x2e9
 1838 024a 05       		.uleb128 0x5
 1839 024b 03       		.byte	0x3
 1840 024c 08000000 		.4byte	CH2_ADDR_DATA0.4983
ARM GAS  C:\Users\ggg88\AppData\Local\Temp\ccmzX8ZX.s 			page 49


 1841 0250 12       		.uleb128 0x12
 1842 0251 38030000 		.4byte	.LASF33
 1843 0255 01       		.byte	0x1
 1844 0256 8501     		.2byte	0x185
 1845 0258 EE020000 		.4byte	0x2ee
 1846 025c 05       		.uleb128 0x5
 1847 025d 03       		.byte	0x3
 1848 025e 10000000 		.4byte	CH5_ADDR_DATA0.4984
 1849 0262 12       		.uleb128 0x12
 1850 0263 29010000 		.4byte	.LASF34
 1851 0267 01       		.byte	0x1
 1852 0268 8801     		.2byte	0x188
 1853 026a F3020000 		.4byte	0x2f3
 1854 026e 05       		.uleb128 0x5
 1855 026f 03       		.byte	0x3
 1856 0270 18000000 		.4byte	CH6_ADDR_DATA0.4985
 1857 0274 12       		.uleb128 0x12
 1858 0275 DD020000 		.4byte	.LASF35
 1859 0279 01       		.byte	0x1
 1860 027a 8B01     		.2byte	0x18b
 1861 027c 08030000 		.4byte	0x308
 1862 0280 05       		.uleb128 0x5
 1863 0281 03       		.byte	0x3
 1864 0282 20000000 		.4byte	DMA_TD_START_CMD.4986
 1865 0286 12       		.uleb128 0x12
 1866 0287 54010000 		.4byte	.LASF36
 1867 028b 01       		.byte	0x1
 1868 028c 8D01     		.2byte	0x18d
 1869 028e A5000000 		.4byte	0xa5
 1870 0292 05       		.uleb128 0x5
 1871 0293 03       		.byte	0x3
 1872 0294 00000000 		.4byte	DMA_ZERO_VAL.4987
 1873 0298 13       		.uleb128 0x13
 1874 0299 DD010000 		.4byte	0x1dd
 1875 029d 12       		.uleb128 0x12
 1876 029e 9A030000 		.4byte	.LASF37
 1877 02a2 01       		.byte	0x1
 1878 02a3 9501     		.2byte	0x195
 1879 02a5 1D030000 		.4byte	0x31d
 1880 02a9 05       		.uleb128 0x5
 1881 02aa 03       		.byte	0x3
 1882 02ab 28000000 		.4byte	CFG_TD_LIST0.4988
 1883 02af 12       		.uleb128 0x12
 1884 02b0 D1000000 		.4byte	.LASF38
 1885 02b4 01       		.byte	0x1
 1886 02b5 E701     		.2byte	0x1e7
 1887 02b7 37030000 		.4byte	0x337
 1888 02bb 05       		.uleb128 0x5
 1889 02bc 03       		.byte	0x3
 1890 02bd 44000000 		.4byte	CFG_TD_ADDR0.4989
 1891 02c1 14       		.uleb128 0x14
 1892 02c2 6900     		.ascii	"i\000"
 1893 02c4 01       		.byte	0x1
 1894 02c5 3402     		.2byte	0x234
 1895 02c7 A5000000 		.4byte	0xa5
 1896 02cb 02       		.uleb128 0x2
 1897 02cc 91       		.byte	0x91
ARM GAS  C:\Users\ggg88\AppData\Local\Temp\ccmzX8ZX.s 			page 50


 1898 02cd 74       		.sleb128 -12
 1899 02ce 00       		.byte	0
 1900 02cf 15       		.uleb128 0x15
 1901 02d0 DF020000 		.4byte	0x2df
 1902 02d4 DF020000 		.4byte	0x2df
 1903 02d8 16       		.uleb128 0x16
 1904 02d9 7D000000 		.4byte	0x7d
 1905 02dd 07       		.byte	0x7
 1906 02de 00       		.byte	0
 1907 02df 13       		.uleb128 0x13
 1908 02e0 8D000000 		.4byte	0x8d
 1909 02e4 13       		.uleb128 0x13
 1910 02e5 CF020000 		.4byte	0x2cf
 1911 02e9 13       		.uleb128 0x13
 1912 02ea CF020000 		.4byte	0x2cf
 1913 02ee 13       		.uleb128 0x13
 1914 02ef CF020000 		.4byte	0x2cf
 1915 02f3 13       		.uleb128 0x13
 1916 02f4 CF020000 		.4byte	0x2cf
 1917 02f8 15       		.uleb128 0x15
 1918 02f9 DF020000 		.4byte	0x2df
 1919 02fd 08030000 		.4byte	0x308
 1920 0301 16       		.uleb128 0x16
 1921 0302 7D000000 		.4byte	0x7d
 1922 0306 04       		.byte	0x4
 1923 0307 00       		.byte	0
 1924 0308 13       		.uleb128 0x13
 1925 0309 F8020000 		.4byte	0x2f8
 1926 030d 15       		.uleb128 0x15
 1927 030e 98020000 		.4byte	0x298
 1928 0312 1D030000 		.4byte	0x31d
 1929 0316 16       		.uleb128 0x16
 1930 0317 7D000000 		.4byte	0x7d
 1931 031b 48       		.byte	0x48
 1932 031c 00       		.byte	0
 1933 031d 13       		.uleb128 0x13
 1934 031e 0D030000 		.4byte	0x30d
 1935 0322 15       		.uleb128 0x15
 1936 0323 32030000 		.4byte	0x332
 1937 0327 32030000 		.4byte	0x332
 1938 032b 16       		.uleb128 0x16
 1939 032c 7D000000 		.4byte	0x7d
 1940 0330 48       		.byte	0x48
 1941 0331 00       		.byte	0
 1942 0332 13       		.uleb128 0x13
 1943 0333 5E010000 		.4byte	0x15e
 1944 0337 13       		.uleb128 0x13
 1945 0338 22030000 		.4byte	0x322
 1946 033c 17       		.uleb128 0x17
 1947 033d EE000000 		.4byte	.LASF39
 1948 0341 01       		.byte	0x1
 1949 0342 7102     		.2byte	0x271
 1950 0344 00000000 		.4byte	.LFB5
 1951 0348 40010000 		.4byte	.LFE5-.LFB5
 1952 034c 01       		.uleb128 0x1
 1953 034d 9C       		.byte	0x9c
 1954 034e 71030000 		.4byte	0x371
ARM GAS  C:\Users\ggg88\AppData\Local\Temp\ccmzX8ZX.s 			page 51


 1955 0352 12       		.uleb128 0x12
 1956 0353 30030000 		.4byte	.LASF40
 1957 0357 01       		.byte	0x1
 1958 0358 7302     		.2byte	0x273
 1959 035a A5000000 		.4byte	0xa5
 1960 035e 02       		.uleb128 0x2
 1961 035f 91       		.byte	0x91
 1962 0360 74       		.sleb128 -12
 1963 0361 12       		.uleb128 0x12
 1964 0362 21010000 		.4byte	.LASF41
 1965 0366 01       		.byte	0x1
 1966 0367 7402     		.2byte	0x274
 1967 0369 8D000000 		.4byte	0x8d
 1968 036d 02       		.uleb128 0x2
 1969 036e 91       		.byte	0x91
 1970 036f 73       		.sleb128 -13
 1971 0370 00       		.byte	0
 1972 0371 0E       		.uleb128 0xe
 1973 0372 B8000000 		.4byte	.LASF42
 1974 0376 01       		.byte	0x1
 1975 0377 BA02     		.2byte	0x2ba
 1976 0379 00000000 		.4byte	.LFB6
 1977 037d 60000000 		.4byte	.LFE6-.LFB6
 1978 0381 01       		.uleb128 0x1
 1979 0382 9C       		.byte	0x9c
 1980 0383 97030000 		.4byte	0x397
 1981 0387 12       		.uleb128 0x12
 1982 0388 7C030000 		.4byte	.LASF43
 1983 038c 01       		.byte	0x1
 1984 038d BC02     		.2byte	0x2bc
 1985 038f 8D000000 		.4byte	0x8d
 1986 0393 02       		.uleb128 0x2
 1987 0394 91       		.byte	0x91
 1988 0395 77       		.sleb128 -9
 1989 0396 00       		.byte	0
 1990 0397 18       		.uleb128 0x18
 1991 0398 C5010000 		.4byte	.LASF46
 1992 039c 01       		.byte	0x1
 1993 039d D702     		.2byte	0x2d7
 1994 039f 00000000 		.4byte	.LFB7
 1995 03a3 3C000000 		.4byte	.LFE7-.LFB7
 1996 03a7 01       		.uleb128 0x1
 1997 03a8 9C       		.byte	0x9c
 1998 03a9 CC030000 		.4byte	0x3cc
 1999 03ad 19       		.uleb128 0x19
 2000 03ae 5A030000 		.4byte	.LASF44
 2001 03b2 01       		.byte	0x1
 2002 03b3 D702     		.2byte	0x2d7
 2003 03b5 8D000000 		.4byte	0x8d
 2004 03b9 02       		.uleb128 0x2
 2005 03ba 91       		.byte	0x91
 2006 03bb 6F       		.sleb128 -17
 2007 03bc 12       		.uleb128 0x12
 2008 03bd 51030000 		.4byte	.LASF45
 2009 03c1 01       		.byte	0x1
 2010 03c2 D902     		.2byte	0x2d9
 2011 03c4 8D000000 		.4byte	0x8d
ARM GAS  C:\Users\ggg88\AppData\Local\Temp\ccmzX8ZX.s 			page 52


 2012 03c8 02       		.uleb128 0x2
 2013 03c9 91       		.byte	0x91
 2014 03ca 77       		.sleb128 -9
 2015 03cb 00       		.byte	0
 2016 03cc 18       		.uleb128 0x18
 2017 03cd 0C010000 		.4byte	.LASF47
 2018 03d1 01       		.byte	0x1
 2019 03d2 1803     		.2byte	0x318
 2020 03d4 00000000 		.4byte	.LFB8
 2021 03d8 40000000 		.4byte	.LFE8-.LFB8
 2022 03dc 01       		.uleb128 0x1
 2023 03dd 9C       		.byte	0x9c
 2024 03de F2030000 		.4byte	0x3f2
 2025 03e2 19       		.uleb128 0x19
 2026 03e3 C9000000 		.4byte	.LASF48
 2027 03e7 01       		.byte	0x1
 2028 03e8 1803     		.2byte	0x318
 2029 03ea 8D000000 		.4byte	0x8d
 2030 03ee 02       		.uleb128 0x2
 2031 03ef 91       		.byte	0x91
 2032 03f0 77       		.sleb128 -9
 2033 03f1 00       		.byte	0
 2034 03f2 18       		.uleb128 0x18
 2035 03f3 0C000000 		.4byte	.LASF49
 2036 03f7 01       		.byte	0x1
 2037 03f8 2E03     		.2byte	0x32e
 2038 03fa 00000000 		.4byte	.LFB9
 2039 03fe 44000000 		.4byte	.LFE9-.LFB9
 2040 0402 01       		.uleb128 0x1
 2041 0403 9C       		.byte	0x9c
 2042 0404 18040000 		.4byte	0x418
 2043 0408 19       		.uleb128 0x19
 2044 0409 C9000000 		.4byte	.LASF48
 2045 040d 01       		.byte	0x1
 2046 040e 2E03     		.2byte	0x32e
 2047 0410 8D000000 		.4byte	0x8d
 2048 0414 02       		.uleb128 0x2
 2049 0415 91       		.byte	0x91
 2050 0416 77       		.sleb128 -9
 2051 0417 00       		.byte	0
 2052 0418 1A       		.uleb128 0x1a
 2053 0419 B9020000 		.4byte	.LASF56
 2054 041d 01       		.byte	0x1
 2055 041e 4903     		.2byte	0x349
 2056 0420 00000000 		.4byte	.LFB10
 2057 0424 3C010000 		.4byte	.LFE10-.LFB10
 2058 0428 01       		.uleb128 0x1
 2059 0429 9C       		.byte	0x9c
 2060 042a 15       		.uleb128 0x15
 2061 042b 40040000 		.4byte	0x440
 2062 042f 3A040000 		.4byte	0x43a
 2063 0433 16       		.uleb128 0x16
 2064 0434 7D000000 		.4byte	0x7d
 2065 0438 0C       		.byte	0xc
 2066 0439 00       		.byte	0
 2067 043a 0B       		.uleb128 0xb
 2068 043b 04       		.byte	0x4
ARM GAS  C:\Users\ggg88\AppData\Local\Temp\ccmzX8ZX.s 			page 53


 2069 043c 8D000000 		.4byte	0x8d
 2070 0440 13       		.uleb128 0x13
 2071 0441 3A040000 		.4byte	0x43a
 2072 0445 1B       		.uleb128 0x1b
 2073 0446 38010000 		.4byte	.LASF50
 2074 044a 01       		.byte	0x1
 2075 044b E902     		.2byte	0x2e9
 2076 044d 57040000 		.4byte	0x457
 2077 0451 05       		.uleb128 0x5
 2078 0452 03       		.byte	0x3
 2079 0453 00000000 		.4byte	CapSense_AMuxCH0__addrTable
 2080 0457 13       		.uleb128 0x13
 2081 0458 2A040000 		.4byte	0x42a
 2082 045c 15       		.uleb128 0x15
 2083 045d DF020000 		.4byte	0x2df
 2084 0461 6C040000 		.4byte	0x46c
 2085 0465 16       		.uleb128 0x16
 2086 0466 7D000000 		.4byte	0x7d
 2087 046a 0C       		.byte	0xc
 2088 046b 00       		.byte	0
 2089 046c 1B       		.uleb128 0x1b
 2090 046d F8010000 		.4byte	.LASF51
 2091 0471 01       		.byte	0x1
 2092 0472 FB02     		.2byte	0x2fb
 2093 0474 7E040000 		.4byte	0x47e
 2094 0478 05       		.uleb128 0x5
 2095 0479 03       		.byte	0x3
 2096 047a 00000000 		.4byte	CapSense_AMuxCH0__maskTable
 2097 047e 13       		.uleb128 0x13
 2098 047f 5C040000 		.4byte	0x45c
 2099 0483 00       		.byte	0
 2100              		.section	.debug_abbrev,"",%progbits
 2101              	.Ldebug_abbrev0:
 2102 0000 01       		.uleb128 0x1
 2103 0001 11       		.uleb128 0x11
 2104 0002 01       		.byte	0x1
 2105 0003 25       		.uleb128 0x25
 2106 0004 0E       		.uleb128 0xe
 2107 0005 13       		.uleb128 0x13
 2108 0006 0B       		.uleb128 0xb
 2109 0007 03       		.uleb128 0x3
 2110 0008 0E       		.uleb128 0xe
 2111 0009 1B       		.uleb128 0x1b
 2112 000a 0E       		.uleb128 0xe
 2113 000b 55       		.uleb128 0x55
 2114 000c 17       		.uleb128 0x17
 2115 000d 11       		.uleb128 0x11
 2116 000e 01       		.uleb128 0x1
 2117 000f 10       		.uleb128 0x10
 2118 0010 17       		.uleb128 0x17
 2119 0011 00       		.byte	0
 2120 0012 00       		.byte	0
 2121 0013 02       		.uleb128 0x2
 2122 0014 24       		.uleb128 0x24
 2123 0015 00       		.byte	0
 2124 0016 0B       		.uleb128 0xb
 2125 0017 0B       		.uleb128 0xb
ARM GAS  C:\Users\ggg88\AppData\Local\Temp\ccmzX8ZX.s 			page 54


 2126 0018 3E       		.uleb128 0x3e
 2127 0019 0B       		.uleb128 0xb
 2128 001a 03       		.uleb128 0x3
 2129 001b 08       		.uleb128 0x8
 2130 001c 00       		.byte	0
 2131 001d 00       		.byte	0
 2132 001e 03       		.uleb128 0x3
 2133 001f 16       		.uleb128 0x16
 2134 0020 00       		.byte	0
 2135 0021 03       		.uleb128 0x3
 2136 0022 0E       		.uleb128 0xe
 2137 0023 3A       		.uleb128 0x3a
 2138 0024 0B       		.uleb128 0xb
 2139 0025 3B       		.uleb128 0x3b
 2140 0026 0B       		.uleb128 0xb
 2141 0027 49       		.uleb128 0x49
 2142 0028 13       		.uleb128 0x13
 2143 0029 00       		.byte	0
 2144 002a 00       		.byte	0
 2145 002b 04       		.uleb128 0x4
 2146 002c 24       		.uleb128 0x24
 2147 002d 00       		.byte	0
 2148 002e 0B       		.uleb128 0xb
 2149 002f 0B       		.uleb128 0xb
 2150 0030 3E       		.uleb128 0x3e
 2151 0031 0B       		.uleb128 0xb
 2152 0032 03       		.uleb128 0x3
 2153 0033 0E       		.uleb128 0xe
 2154 0034 00       		.byte	0
 2155 0035 00       		.byte	0
 2156 0036 05       		.uleb128 0x5
 2157 0037 0F       		.uleb128 0xf
 2158 0038 00       		.byte	0
 2159 0039 0B       		.uleb128 0xb
 2160 003a 0B       		.uleb128 0xb
 2161 003b 00       		.byte	0
 2162 003c 00       		.byte	0
 2163 003d 06       		.uleb128 0x6
 2164 003e 16       		.uleb128 0x16
 2165 003f 00       		.byte	0
 2166 0040 03       		.uleb128 0x3
 2167 0041 0E       		.uleb128 0xe
 2168 0042 3A       		.uleb128 0x3a
 2169 0043 0B       		.uleb128 0xb
 2170 0044 3B       		.uleb128 0x3b
 2171 0045 05       		.uleb128 0x5
 2172 0046 49       		.uleb128 0x49
 2173 0047 13       		.uleb128 0x13
 2174 0048 00       		.byte	0
 2175 0049 00       		.byte	0
 2176 004a 07       		.uleb128 0x7
 2177 004b 35       		.uleb128 0x35
 2178 004c 00       		.byte	0
 2179 004d 49       		.uleb128 0x49
 2180 004e 13       		.uleb128 0x13
 2181 004f 00       		.byte	0
 2182 0050 00       		.byte	0
ARM GAS  C:\Users\ggg88\AppData\Local\Temp\ccmzX8ZX.s 			page 55


 2183 0051 08       		.uleb128 0x8
 2184 0052 2E       		.uleb128 0x2e
 2185 0053 01       		.byte	0x1
 2186 0054 03       		.uleb128 0x3
 2187 0055 0E       		.uleb128 0xe
 2188 0056 3A       		.uleb128 0x3a
 2189 0057 0B       		.uleb128 0xb
 2190 0058 3B       		.uleb128 0x3b
 2191 0059 0B       		.uleb128 0xb
 2192 005a 27       		.uleb128 0x27
 2193 005b 19       		.uleb128 0x19
 2194 005c 11       		.uleb128 0x11
 2195 005d 01       		.uleb128 0x1
 2196 005e 12       		.uleb128 0x12
 2197 005f 06       		.uleb128 0x6
 2198 0060 40       		.uleb128 0x40
 2199 0061 18       		.uleb128 0x18
 2200 0062 9642     		.uleb128 0x2116
 2201 0064 19       		.uleb128 0x19
 2202 0065 01       		.uleb128 0x1
 2203 0066 13       		.uleb128 0x13
 2204 0067 00       		.byte	0
 2205 0068 00       		.byte	0
 2206 0069 09       		.uleb128 0x9
 2207 006a 05       		.uleb128 0x5
 2208 006b 00       		.byte	0
 2209 006c 03       		.uleb128 0x3
 2210 006d 08       		.uleb128 0x8
 2211 006e 3A       		.uleb128 0x3a
 2212 006f 0B       		.uleb128 0xb
 2213 0070 3B       		.uleb128 0x3b
 2214 0071 0B       		.uleb128 0xb
 2215 0072 49       		.uleb128 0x49
 2216 0073 13       		.uleb128 0x13
 2217 0074 02       		.uleb128 0x2
 2218 0075 18       		.uleb128 0x18
 2219 0076 00       		.byte	0
 2220 0077 00       		.byte	0
 2221 0078 0A       		.uleb128 0xa
 2222 0079 05       		.uleb128 0x5
 2223 007a 00       		.byte	0
 2224 007b 03       		.uleb128 0x3
 2225 007c 0E       		.uleb128 0xe
 2226 007d 3A       		.uleb128 0x3a
 2227 007e 0B       		.uleb128 0xb
 2228 007f 3B       		.uleb128 0x3b
 2229 0080 0B       		.uleb128 0xb
 2230 0081 49       		.uleb128 0x49
 2231 0082 13       		.uleb128 0x13
 2232 0083 02       		.uleb128 0x2
 2233 0084 18       		.uleb128 0x18
 2234 0085 00       		.byte	0
 2235 0086 00       		.byte	0
 2236 0087 0B       		.uleb128 0xb
 2237 0088 0F       		.uleb128 0xf
 2238 0089 00       		.byte	0
 2239 008a 0B       		.uleb128 0xb
ARM GAS  C:\Users\ggg88\AppData\Local\Temp\ccmzX8ZX.s 			page 56


 2240 008b 0B       		.uleb128 0xb
 2241 008c 49       		.uleb128 0x49
 2242 008d 13       		.uleb128 0x13
 2243 008e 00       		.byte	0
 2244 008f 00       		.byte	0
 2245 0090 0C       		.uleb128 0xc
 2246 0091 26       		.uleb128 0x26
 2247 0092 00       		.byte	0
 2248 0093 00       		.byte	0
 2249 0094 00       		.byte	0
 2250 0095 0D       		.uleb128 0xd
 2251 0096 2E       		.uleb128 0x2e
 2252 0097 01       		.byte	0x1
 2253 0098 03       		.uleb128 0x3
 2254 0099 0E       		.uleb128 0xe
 2255 009a 3A       		.uleb128 0x3a
 2256 009b 0B       		.uleb128 0xb
 2257 009c 3B       		.uleb128 0x3b
 2258 009d 0B       		.uleb128 0xb
 2259 009e 27       		.uleb128 0x27
 2260 009f 19       		.uleb128 0x19
 2261 00a0 11       		.uleb128 0x11
 2262 00a1 01       		.uleb128 0x1
 2263 00a2 12       		.uleb128 0x12
 2264 00a3 06       		.uleb128 0x6
 2265 00a4 40       		.uleb128 0x40
 2266 00a5 18       		.uleb128 0x18
 2267 00a6 9742     		.uleb128 0x2117
 2268 00a8 19       		.uleb128 0x19
 2269 00a9 01       		.uleb128 0x1
 2270 00aa 13       		.uleb128 0x13
 2271 00ab 00       		.byte	0
 2272 00ac 00       		.byte	0
 2273 00ad 0E       		.uleb128 0xe
 2274 00ae 2E       		.uleb128 0x2e
 2275 00af 01       		.byte	0x1
 2276 00b0 03       		.uleb128 0x3
 2277 00b1 0E       		.uleb128 0xe
 2278 00b2 3A       		.uleb128 0x3a
 2279 00b3 0B       		.uleb128 0xb
 2280 00b4 3B       		.uleb128 0x3b
 2281 00b5 05       		.uleb128 0x5
 2282 00b6 27       		.uleb128 0x27
 2283 00b7 19       		.uleb128 0x19
 2284 00b8 11       		.uleb128 0x11
 2285 00b9 01       		.uleb128 0x1
 2286 00ba 12       		.uleb128 0x12
 2287 00bb 06       		.uleb128 0x6
 2288 00bc 40       		.uleb128 0x40
 2289 00bd 18       		.uleb128 0x18
 2290 00be 9742     		.uleb128 0x2117
 2291 00c0 19       		.uleb128 0x19
 2292 00c1 01       		.uleb128 0x1
 2293 00c2 13       		.uleb128 0x13
 2294 00c3 00       		.byte	0
 2295 00c4 00       		.byte	0
 2296 00c5 0F       		.uleb128 0xf
ARM GAS  C:\Users\ggg88\AppData\Local\Temp\ccmzX8ZX.s 			page 57


 2297 00c6 13       		.uleb128 0x13
 2298 00c7 01       		.byte	0x1
 2299 00c8 03       		.uleb128 0x3
 2300 00c9 0E       		.uleb128 0xe
 2301 00ca 0B       		.uleb128 0xb
 2302 00cb 0B       		.uleb128 0xb
 2303 00cc 3A       		.uleb128 0x3a
 2304 00cd 0B       		.uleb128 0xb
 2305 00ce 3B       		.uleb128 0x3b
 2306 00cf 05       		.uleb128 0x5
 2307 00d0 01       		.uleb128 0x1
 2308 00d1 13       		.uleb128 0x13
 2309 00d2 00       		.byte	0
 2310 00d3 00       		.byte	0
 2311 00d4 10       		.uleb128 0x10
 2312 00d5 0D       		.uleb128 0xd
 2313 00d6 00       		.byte	0
 2314 00d7 03       		.uleb128 0x3
 2315 00d8 0E       		.uleb128 0xe
 2316 00d9 3A       		.uleb128 0x3a
 2317 00da 0B       		.uleb128 0xb
 2318 00db 3B       		.uleb128 0x3b
 2319 00dc 05       		.uleb128 0x5
 2320 00dd 49       		.uleb128 0x49
 2321 00de 13       		.uleb128 0x13
 2322 00df 38       		.uleb128 0x38
 2323 00e0 0B       		.uleb128 0xb
 2324 00e1 00       		.byte	0
 2325 00e2 00       		.byte	0
 2326 00e3 11       		.uleb128 0x11
 2327 00e4 0D       		.uleb128 0xd
 2328 00e5 00       		.byte	0
 2329 00e6 03       		.uleb128 0x3
 2330 00e7 08       		.uleb128 0x8
 2331 00e8 3A       		.uleb128 0x3a
 2332 00e9 0B       		.uleb128 0xb
 2333 00ea 3B       		.uleb128 0x3b
 2334 00eb 05       		.uleb128 0x5
 2335 00ec 49       		.uleb128 0x49
 2336 00ed 13       		.uleb128 0x13
 2337 00ee 38       		.uleb128 0x38
 2338 00ef 0B       		.uleb128 0xb
 2339 00f0 00       		.byte	0
 2340 00f1 00       		.byte	0
 2341 00f2 12       		.uleb128 0x12
 2342 00f3 34       		.uleb128 0x34
 2343 00f4 00       		.byte	0
 2344 00f5 03       		.uleb128 0x3
 2345 00f6 0E       		.uleb128 0xe
 2346 00f7 3A       		.uleb128 0x3a
 2347 00f8 0B       		.uleb128 0xb
 2348 00f9 3B       		.uleb128 0x3b
 2349 00fa 05       		.uleb128 0x5
 2350 00fb 49       		.uleb128 0x49
 2351 00fc 13       		.uleb128 0x13
 2352 00fd 02       		.uleb128 0x2
 2353 00fe 18       		.uleb128 0x18
ARM GAS  C:\Users\ggg88\AppData\Local\Temp\ccmzX8ZX.s 			page 58


 2354 00ff 00       		.byte	0
 2355 0100 00       		.byte	0
 2356 0101 13       		.uleb128 0x13
 2357 0102 26       		.uleb128 0x26
 2358 0103 00       		.byte	0
 2359 0104 49       		.uleb128 0x49
 2360 0105 13       		.uleb128 0x13
 2361 0106 00       		.byte	0
 2362 0107 00       		.byte	0
 2363 0108 14       		.uleb128 0x14
 2364 0109 34       		.uleb128 0x34
 2365 010a 00       		.byte	0
 2366 010b 03       		.uleb128 0x3
 2367 010c 08       		.uleb128 0x8
 2368 010d 3A       		.uleb128 0x3a
 2369 010e 0B       		.uleb128 0xb
 2370 010f 3B       		.uleb128 0x3b
 2371 0110 05       		.uleb128 0x5
 2372 0111 49       		.uleb128 0x49
 2373 0112 13       		.uleb128 0x13
 2374 0113 02       		.uleb128 0x2
 2375 0114 18       		.uleb128 0x18
 2376 0115 00       		.byte	0
 2377 0116 00       		.byte	0
 2378 0117 15       		.uleb128 0x15
 2379 0118 01       		.uleb128 0x1
 2380 0119 01       		.byte	0x1
 2381 011a 49       		.uleb128 0x49
 2382 011b 13       		.uleb128 0x13
 2383 011c 01       		.uleb128 0x1
 2384 011d 13       		.uleb128 0x13
 2385 011e 00       		.byte	0
 2386 011f 00       		.byte	0
 2387 0120 16       		.uleb128 0x16
 2388 0121 21       		.uleb128 0x21
 2389 0122 00       		.byte	0
 2390 0123 49       		.uleb128 0x49
 2391 0124 13       		.uleb128 0x13
 2392 0125 2F       		.uleb128 0x2f
 2393 0126 0B       		.uleb128 0xb
 2394 0127 00       		.byte	0
 2395 0128 00       		.byte	0
 2396 0129 17       		.uleb128 0x17
 2397 012a 2E       		.uleb128 0x2e
 2398 012b 01       		.byte	0x1
 2399 012c 03       		.uleb128 0x3
 2400 012d 0E       		.uleb128 0xe
 2401 012e 3A       		.uleb128 0x3a
 2402 012f 0B       		.uleb128 0xb
 2403 0130 3B       		.uleb128 0x3b
 2404 0131 05       		.uleb128 0x5
 2405 0132 27       		.uleb128 0x27
 2406 0133 19       		.uleb128 0x19
 2407 0134 11       		.uleb128 0x11
 2408 0135 01       		.uleb128 0x1
 2409 0136 12       		.uleb128 0x12
 2410 0137 06       		.uleb128 0x6
ARM GAS  C:\Users\ggg88\AppData\Local\Temp\ccmzX8ZX.s 			page 59


 2411 0138 40       		.uleb128 0x40
 2412 0139 18       		.uleb128 0x18
 2413 013a 9642     		.uleb128 0x2116
 2414 013c 19       		.uleb128 0x19
 2415 013d 01       		.uleb128 0x1
 2416 013e 13       		.uleb128 0x13
 2417 013f 00       		.byte	0
 2418 0140 00       		.byte	0
 2419 0141 18       		.uleb128 0x18
 2420 0142 2E       		.uleb128 0x2e
 2421 0143 01       		.byte	0x1
 2422 0144 3F       		.uleb128 0x3f
 2423 0145 19       		.uleb128 0x19
 2424 0146 03       		.uleb128 0x3
 2425 0147 0E       		.uleb128 0xe
 2426 0148 3A       		.uleb128 0x3a
 2427 0149 0B       		.uleb128 0xb
 2428 014a 3B       		.uleb128 0x3b
 2429 014b 05       		.uleb128 0x5
 2430 014c 27       		.uleb128 0x27
 2431 014d 19       		.uleb128 0x19
 2432 014e 11       		.uleb128 0x11
 2433 014f 01       		.uleb128 0x1
 2434 0150 12       		.uleb128 0x12
 2435 0151 06       		.uleb128 0x6
 2436 0152 40       		.uleb128 0x40
 2437 0153 18       		.uleb128 0x18
 2438 0154 9742     		.uleb128 0x2117
 2439 0156 19       		.uleb128 0x19
 2440 0157 01       		.uleb128 0x1
 2441 0158 13       		.uleb128 0x13
 2442 0159 00       		.byte	0
 2443 015a 00       		.byte	0
 2444 015b 19       		.uleb128 0x19
 2445 015c 05       		.uleb128 0x5
 2446 015d 00       		.byte	0
 2447 015e 03       		.uleb128 0x3
 2448 015f 0E       		.uleb128 0xe
 2449 0160 3A       		.uleb128 0x3a
 2450 0161 0B       		.uleb128 0xb
 2451 0162 3B       		.uleb128 0x3b
 2452 0163 05       		.uleb128 0x5
 2453 0164 49       		.uleb128 0x49
 2454 0165 13       		.uleb128 0x13
 2455 0166 02       		.uleb128 0x2
 2456 0167 18       		.uleb128 0x18
 2457 0168 00       		.byte	0
 2458 0169 00       		.byte	0
 2459 016a 1A       		.uleb128 0x1a
 2460 016b 2E       		.uleb128 0x2e
 2461 016c 00       		.byte	0
 2462 016d 3F       		.uleb128 0x3f
 2463 016e 19       		.uleb128 0x19
 2464 016f 03       		.uleb128 0x3
 2465 0170 0E       		.uleb128 0xe
 2466 0171 3A       		.uleb128 0x3a
 2467 0172 0B       		.uleb128 0xb
ARM GAS  C:\Users\ggg88\AppData\Local\Temp\ccmzX8ZX.s 			page 60


 2468 0173 3B       		.uleb128 0x3b
 2469 0174 05       		.uleb128 0x5
 2470 0175 27       		.uleb128 0x27
 2471 0176 19       		.uleb128 0x19
 2472 0177 11       		.uleb128 0x11
 2473 0178 01       		.uleb128 0x1
 2474 0179 12       		.uleb128 0x12
 2475 017a 06       		.uleb128 0x6
 2476 017b 40       		.uleb128 0x40
 2477 017c 18       		.uleb128 0x18
 2478 017d 9642     		.uleb128 0x2116
 2479 017f 19       		.uleb128 0x19
 2480 0180 00       		.byte	0
 2481 0181 00       		.byte	0
 2482 0182 1B       		.uleb128 0x1b
 2483 0183 34       		.uleb128 0x34
 2484 0184 00       		.byte	0
 2485 0185 03       		.uleb128 0x3
 2486 0186 0E       		.uleb128 0xe
 2487 0187 3A       		.uleb128 0x3a
 2488 0188 0B       		.uleb128 0xb
 2489 0189 3B       		.uleb128 0x3b
 2490 018a 05       		.uleb128 0x5
 2491 018b 49       		.uleb128 0x49
 2492 018c 13       		.uleb128 0x13
 2493 018d 3F       		.uleb128 0x3f
 2494 018e 19       		.uleb128 0x19
 2495 018f 02       		.uleb128 0x2
 2496 0190 18       		.uleb128 0x18
 2497 0191 00       		.byte	0
 2498 0192 00       		.byte	0
 2499 0193 00       		.byte	0
 2500              		.section	.debug_aranges,"",%progbits
 2501 0000 6C000000 		.4byte	0x6c
 2502 0004 0200     		.2byte	0x2
 2503 0006 00000000 		.4byte	.Ldebug_info0
 2504 000a 04       		.byte	0x4
 2505 000b 00       		.byte	0
 2506 000c 0000     		.2byte	0
 2507 000e 0000     		.2byte	0
 2508 0010 00000000 		.4byte	.LFB0
 2509 0014 1C000000 		.4byte	.LFE0-.LFB0
 2510 0018 00000000 		.4byte	.LFB1
 2511 001c 1E000000 		.4byte	.LFE1-.LFB1
 2512 0020 00000000 		.4byte	.LFB2
 2513 0024 1E000000 		.4byte	.LFE2-.LFB2
 2514 0028 00000000 		.4byte	.LFB3
 2515 002c 0C000000 		.4byte	.LFE3-.LFB3
 2516 0030 00000000 		.4byte	.LFB4
 2517 0034 74010000 		.4byte	.LFE4-.LFB4
 2518 0038 00000000 		.4byte	.LFB5
 2519 003c 40010000 		.4byte	.LFE5-.LFB5
 2520 0040 00000000 		.4byte	.LFB6
 2521 0044 60000000 		.4byte	.LFE6-.LFB6
 2522 0048 00000000 		.4byte	.LFB7
 2523 004c 3C000000 		.4byte	.LFE7-.LFB7
 2524 0050 00000000 		.4byte	.LFB8
ARM GAS  C:\Users\ggg88\AppData\Local\Temp\ccmzX8ZX.s 			page 61


 2525 0054 40000000 		.4byte	.LFE8-.LFB8
 2526 0058 00000000 		.4byte	.LFB9
 2527 005c 44000000 		.4byte	.LFE9-.LFB9
 2528 0060 00000000 		.4byte	.LFB10
 2529 0064 3C010000 		.4byte	.LFE10-.LFB10
 2530 0068 00000000 		.4byte	0
 2531 006c 00000000 		.4byte	0
 2532              		.section	.debug_ranges,"",%progbits
 2533              	.Ldebug_ranges0:
 2534 0000 00000000 		.4byte	.LFB0
 2535 0004 1C000000 		.4byte	.LFE0
 2536 0008 00000000 		.4byte	.LFB1
 2537 000c 1E000000 		.4byte	.LFE1
 2538 0010 00000000 		.4byte	.LFB2
 2539 0014 1E000000 		.4byte	.LFE2
 2540 0018 00000000 		.4byte	.LFB3
 2541 001c 0C000000 		.4byte	.LFE3
 2542 0020 00000000 		.4byte	.LFB4
 2543 0024 74010000 		.4byte	.LFE4
 2544 0028 00000000 		.4byte	.LFB5
 2545 002c 40010000 		.4byte	.LFE5
 2546 0030 00000000 		.4byte	.LFB6
 2547 0034 60000000 		.4byte	.LFE6
 2548 0038 00000000 		.4byte	.LFB7
 2549 003c 3C000000 		.4byte	.LFE7
 2550 0040 00000000 		.4byte	.LFB8
 2551 0044 40000000 		.4byte	.LFE8
 2552 0048 00000000 		.4byte	.LFB9
 2553 004c 44000000 		.4byte	.LFE9
 2554 0050 00000000 		.4byte	.LFB10
 2555 0054 3C010000 		.4byte	.LFE10
 2556 0058 00000000 		.4byte	0
 2557 005c 00000000 		.4byte	0
 2558              		.section	.debug_line,"",%progbits
 2559              	.Ldebug_line0:
 2560 0000 4A020000 		.section	.debug_str,"MS",%progbits,1
 2560      0200CB00 
 2560      00000201 
 2560      FB0E0D00 
 2560      01010101 
 2561              	.LASF19:
 2562 0000 72656731 		.ascii	"reg16\000"
 2562      3600
 2563              	.LASF20:
 2564 0006 72656733 		.ascii	"reg32\000"
 2564      3200
 2565              	.LASF49:
 2566 000c 43617053 		.ascii	"CapSense_AMuxCH0_Unset\000"
 2566      656E7365 
 2566      5F414D75 
 2566      78434830 
 2566      5F556E73 
 2567              	.LASF12:
 2568 0023 73697A65 		.ascii	"size_t\000"
 2568      5F7400
 2569              	.LASF52:
 2570 002a 474E5520 		.ascii	"GNU C11 5.4.1 20160609 (release) [ARM/embedded-5-br"
ARM GAS  C:\Users\ggg88\AppData\Local\Temp\ccmzX8ZX.s 			page 62


 2570      43313120 
 2570      352E342E 
 2570      31203230 
 2570      31363036 
 2571 005d 616E6368 		.ascii	"anch revision 237715] -mcpu=cortex-m3 -mthumb -g -O"
 2571      20726576 
 2571      6973696F 
 2571      6E203233 
 2571      37373135 
 2572 0090 30202D66 		.ascii	"0 -ffunction-sections -ffat-lto-objects\000"
 2572      66756E63 
 2572      74696F6E 
 2572      2D736563 
 2572      74696F6E 
 2573              	.LASF42:
 2574 00b8 416E616C 		.ascii	"AnalogSetDefault\000"
 2574      6F675365 
 2574      74446566 
 2574      61756C74 
 2574      00
 2575              	.LASF48:
 2576 00c9 6368616E 		.ascii	"channel\000"
 2576      6E656C00 
 2577              	.LASF38:
 2578 00d1 4346475F 		.ascii	"CFG_TD_ADDR0\000"
 2578      54445F41 
 2578      44445230 
 2578      00
 2579              	.LASF24:
 2580 00de 4359434F 		.ascii	"CYCONFIGCPYCODE\000"
 2580      4E464947 
 2580      43505943 
 2580      4F444500 
 2581              	.LASF39:
 2582 00ee 436C6F63 		.ascii	"ClockSetup\000"
 2582      6B536574 
 2582      757000
 2583              	.LASF6:
 2584 00f9 73686F72 		.ascii	"short unsigned int\000"
 2584      7420756E 
 2584      7369676E 
 2584      65642069 
 2584      6E7400
 2585              	.LASF47:
 2586 010c 43617053 		.ascii	"CapSense_AMuxCH0_Set\000"
 2586      656E7365 
 2586      5F414D75 
 2586      78434830 
 2586      5F536574 
 2587              	.LASF41:
 2588 0121 706C6C4C 		.ascii	"pllLock\000"
 2588      6F636B00 
 2589              	.LASF34:
 2590 0129 4348365F 		.ascii	"CH6_ADDR_DATA0\000"
 2590      41444452 
 2590      5F444154 
 2590      413000
ARM GAS  C:\Users\ggg88\AppData\Local\Temp\ccmzX8ZX.s 			page 63


 2591              	.LASF50:
 2592 0138 43617053 		.ascii	"CapSense_AMuxCH0__addrTable\000"
 2592      656E7365 
 2592      5F414D75 
 2592      78434830 
 2592      5F5F6164 
 2593              	.LASF36:
 2594 0154 444D415F 		.ascii	"DMA_ZERO_VAL\000"
 2594      5A45524F 
 2594      5F56414C 
 2594      00
 2595              	.LASF16:
 2596 0161 666C6F61 		.ascii	"float\000"
 2596      7400
 2597              	.LASF25:
 2598 0167 4379436C 		.ascii	"CyClockStartupError\000"
 2598      6F636B53 
 2598      74617274 
 2598      75704572 
 2598      726F7200 
 2599              	.LASF23:
 2600 017b 64657374 		.ascii	"dest\000"
 2600      00
 2601              	.LASF28:
 2602 0180 73697A65 		.ascii	"size\000"
 2602      00
 2603              	.LASF18:
 2604 0185 72656738 		.ascii	"reg8\000"
 2604      00
 2605              	.LASF8:
 2606 018a 6C6F6E67 		.ascii	"long unsigned int\000"
 2606      20756E73 
 2606      69676E65 
 2606      6420696E 
 2606      7400
 2607              	.LASF13:
 2608 019c 75696E74 		.ascii	"uint8\000"
 2608      3800
 2609              	.LASF29:
 2610 01a2 6E657874 		.ascii	"next_td_ptr\000"
 2610      5F74645F 
 2610      70747200 
 2611              	.LASF21:
 2612 01ae 43594D45 		.ascii	"CYMEMZERO\000"
 2612      4D5A4552 
 2612      4F00
 2613              	.LASF27:
 2614 01b8 6366675F 		.ascii	"cfg_dma_init\000"
 2614      646D615F 
 2614      696E6974 
 2614      00
 2615              	.LASF46:
 2616 01c5 53657441 		.ascii	"SetAnalogRoutingPumps\000"
 2616      6E616C6F 
 2616      67526F75 
 2616      74696E67 
 2616      50756D70 
ARM GAS  C:\Users\ggg88\AppData\Local\Temp\ccmzX8ZX.s 			page 64


 2617              	.LASF32:
 2618 01db 4348325F 		.ascii	"CH2_ADDR_DATA0\000"
 2618      41444452 
 2618      5F444154 
 2618      413000
 2619              	.LASF4:
 2620 01ea 756E7369 		.ascii	"unsigned char\000"
 2620      676E6564 
 2620      20636861 
 2620      7200
 2621              	.LASF51:
 2622 01f8 43617053 		.ascii	"CapSense_AMuxCH0__maskTable\000"
 2622      656E7365 
 2622      5F414D75 
 2622      78434830 
 2622      5F5F6D61 
 2623              	.LASF17:
 2624 0214 646F7562 		.ascii	"double\000"
 2624      6C6500
 2625              	.LASF54:
 2626 021b 433A5C55 		.ascii	"C:\\Users\\ggg88\\dev\\Electrosteel_embedded\\PSOC5"
 2626      73657273 
 2626      5C676767 
 2626      38385C64 
 2626      65765C45 
 2627 0249 5F656C65 		.ascii	"_electrosteel_stringsensors_newpcb\\CE210514_PSOC3_"
 2627      6374726F 
 2627      73746565 
 2627      6C5F7374 
 2627      72696E67 
 2628 027b 355F5468 		.ascii	"5_Thermistor.cydsn\000"
 2628      65726D69 
 2628      73746F72 
 2628      2E637964 
 2628      736E00
 2629              	.LASF14:
 2630 028e 75696E74 		.ascii	"uint16\000"
 2630      313600
 2631              	.LASF26:
 2632 0295 6572726F 		.ascii	"errorCode\000"
 2632      72436F64 
 2632      6500
 2633              	.LASF15:
 2634 029f 75696E74 		.ascii	"uint32\000"
 2634      333200
 2635              	.LASF0:
 2636 02a6 756E7369 		.ascii	"unsigned int\000"
 2636      676E6564 
 2636      20696E74 
 2636      00
 2637              	.LASF30:
 2638 02b3 666C6167 		.ascii	"flags\000"
 2638      7300
 2639              	.LASF56:
 2640 02b9 63796669 		.ascii	"cyfitter_cfg\000"
 2640      74746572 
 2640      5F636667 
ARM GAS  C:\Users\ggg88\AppData\Local\Temp\ccmzX8ZX.s 			page 65


 2640      00
 2641              	.LASF9:
 2642 02c6 6C6F6E67 		.ascii	"long long unsigned int\000"
 2642      206C6F6E 
 2642      6720756E 
 2642      7369676E 
 2642      65642069 
 2643              	.LASF35:
 2644 02dd 444D415F 		.ascii	"DMA_TD_START_CMD\000"
 2644      54445F53 
 2644      54415254 
 2644      5F434D44 
 2644      00
 2645              	.LASF55:
 2646 02ee 74645F74 		.ascii	"td_t\000"
 2646      00
 2647              	.LASF10:
 2648 02f3 73697A65 		.ascii	"sizetype\000"
 2648      74797065 
 2648      00
 2649              	.LASF1:
 2650 02fc 6C6F6E67 		.ascii	"long long int\000"
 2650      206C6F6E 
 2650      6720696E 
 2650      7400
 2651              	.LASF53:
 2652 030a 47656E65 		.ascii	"Generated_Source\\PSoC5\\cyfitter_cfg.c\000"
 2652      72617465 
 2652      645F536F 
 2652      75726365 
 2652      5C50536F 
 2653              	.LASF40:
 2654 0330 74696D65 		.ascii	"timeout\000"
 2654      6F757400 
 2655              	.LASF33:
 2656 0338 4348355F 		.ascii	"CH5_ADDR_DATA0\000"
 2656      41444452 
 2656      5F444154 
 2656      413000
 2657              	.LASF5:
 2658 0347 73686F72 		.ascii	"short int\000"
 2658      7420696E 
 2658      7400
 2659              	.LASF45:
 2660 0351 72656756 		.ascii	"regValue\000"
 2660      616C7565 
 2660      00
 2661              	.LASF44:
 2662 035a 656E6162 		.ascii	"enabled\000"
 2662      6C656400 
 2663              	.LASF7:
 2664 0362 6C6F6E67 		.ascii	"long int\000"
 2664      20696E74 
 2664      00
 2665              	.LASF11:
 2666 036b 63686172 		.ascii	"char\000"
 2666      00
ARM GAS  C:\Users\ggg88\AppData\Local\Temp\ccmzX8ZX.s 			page 66


 2667              	.LASF2:
 2668 0370 6C6F6E67 		.ascii	"long double\000"
 2668      20646F75 
 2668      626C6500 
 2669              	.LASF43:
 2670 037c 62675F78 		.ascii	"bg_xover_inl_trim\000"
 2670      6F766572 
 2670      5F696E6C 
 2670      5F747269 
 2670      6D00
 2671              	.LASF3:
 2672 038e 7369676E 		.ascii	"signed char\000"
 2672      65642063 
 2672      68617200 
 2673              	.LASF37:
 2674 039a 4346475F 		.ascii	"CFG_TD_LIST0\000"
 2674      54445F4C 
 2674      49535430 
 2674      00
 2675              	.LASF22:
 2676 03a7 4359434F 		.ascii	"CYCONFIGCPY\000"
 2676      4E464947 
 2676      43505900 
 2677              	.LASF31:
 2678 03b3 4348315F 		.ascii	"CH1_ADDR_DATA0\000"
 2678      41444452 
 2678      5F444154 
 2678      413000
 2679              		.ident	"GCC: (GNU Tools for ARM Embedded Processors) 5.4.1 20160609 (release) [ARM/embedded-5-bran
