:4000000000800020110000001D8E00001D8E000080B500AF024A034B1B68136008F032FFBC760040FA46004010B5054C237833B9044B13B10448AFF300800123237010BD88
:40004000E082FF1F00000000642B0100084B10B51BB108490848AFF300800848036803B910BD074B002BFBD0BDE81040184700BF00000000E482FF1F642B0100C880FF1FB0
:4000800000000000B0B584B000AFF860B9607A603B603968386A10F0E5FC03461C46B968F86810F0DFFC03461D46B968786810F0D9FC03461946284610F092FE0346194617
:4000C000204610F0D9FD03463968184610F0CCFC034618461037BD46B0BD00BF90B585B000AFF860B9607A60B968786810F0BAFC03461C46104B1B78184610F069FD0346C6
:400100001946F86810F0AEFC03461A460B4B1B681946104610F0B0FD03461946204610F0ABFD0346B968184610F09EFC034618461437BD4690BD00BFD080FF1FD881FF1F74
:4001400090B585B000AF0023FB606EE03A4AFB6832F81330184610F037FD0446374AFB6832F81330184610F02FFD03461946204610F078FC0346BB60314B1B78184610F02C
:4001800023FD03462F49184610F076FD0346B968184610F071FD03467B60284AFB6832F81330184610F010FD03467968184610F05BFC0346184610F061FF034699B2224AA0
:4001C000FB6822F813101C4AFB6832F81330184610F0FAFC03467968184610F043FC0346184610F04BFF034699B2184AFB6822F81310164AFB6832F813301946124AFB6839
:4002000032F81330CB1A184610F0E2FC0346BB60B9680F4810F0E4FD034619460D4AFB6842F82310FB680133FB60FB68092B8DDD00BF1437BD4690BD1881FF1F0481FF1FFD
:400240005481FF1F6F12033B2C81FF1F4081FF1F00F07F4540A7FF1F80B500AF1C4B5B781A461B4B1B78D31A184610F0B1FC0246184B1A60174B1B684FF00001184610F052
:400280008FFE0346002B11D0114B02221A70104B07225A700E4B5B781A460D4B1B78D31A184610F095FC02460A4B1A600A4B1B78002B0AD1074B1B6819464FF07E5010F06B
:4002C0008FFD03461A46034B1A6000BF80BD00BFD080FF1FD881FF1FA083FF1F80B582B000AF78600849786810F0C6FC034618460EF0B0FE03460549184610F0BDFC0346F5
:4003000018460837BD4680BDD27EFA3DAC7F8A4180B500AF184B02221849002008F0B8FE03461A46164B1A700CF0D6F90346012B20D1124B1B78DBB2012B0CD1114B002200
:400340001A700D4B02220F49002009F027F80E4B01221A700EE00B4B01221A70064B02220849002009F01AF80BF0B4FF0AF03EFD0AF056F800BF80BD2CEAFF1F8483FF1F7F
:4003800000DEFF1F8883FF1F5D83FF1F80B500AF0BF00AFE0DF0F8FFFFF7BAFF00BF80BD80B500AF214B1B78DBB2002B0CBF01230023DBB21A461D4B1A700BF063FD1C4B46
:4003C0001B78184609F0BCFC184B1B78DBB21A46184B985C0223FE22082109F0EBFD134B1B78DBB21A46134B985C104B1B78DBB2DB00114A13449BB21A4646F2555109F016
:4004000019FE0B4B1A78094B1B78DBB21946094B5B5C1946104609F031FD054B1B780121184609F047FC00BF80BD00BF7183FF1F80AFFF1FA0B9FF1F60DFFF1F80B582B00F
:4004400000AF4F4B1B78DBB2002B0CBF01230023DBB21A464A4B1A70494B1B78DBB2002B0CBF01230023DBB2464A5B0113441B78DBB2FE2B49D1424B1B78DBB2002B0CBF03
:4004800001230023DBB23F4A5B0113441F331B78DBB2FD2B39D100237B6030E0384B1B78DBB2002B0CBF01230023DBB21A467B685B000133334952010A4413441B78DBB2A7
:4004C0009BB21B029AB22E4B1B78DBB2002B0CBF01230023DBB219467B6801335B002948490101440B441B78DBB29BB2134499B2254A7B6822F813107B6801337B60234BC5
:400500001B781A467B689A42C8DC0BF001FC204B1B78184609F014FC194B1B78DBB21A461C4B985C0223FE22202109F043FD144B1B78DBB21A46174B985C114B1B78DBB259
:400540005B01104A13449BB21A4646F2574109F071FD0F4B1A780A4B1B78DBB219460D4B5B5C1946104609F089FC094B1B780121184609F09FFB00BF0837BD4680BD00BF91
:400580007083FF1FC0B9FF1F28A7FF1FD280FF1FACB9FF1FA884FF1F80B500AF40F2D67100200EF027F940F2E37100200EF022F94FF4FB6100200EF01DF940F2D9710020A0
:4005C0000EF018F940F2DF7101200EF013F940F2DC7100200EF00EF940F2DE7100200EF009F940F2DB7140200EF004F940F2DA7100200EF0FFF840F2D77127200EF0FAF8DE
:4006000040F2E27100200EF0F5F840F2E47140200EF0F0F800BF80BDB0B5BAB002AF62B60EF0E2F8C74B18460DF080FE03461A46C54B1A70C54B1B781946C54B002243F854
:4006400021200AF0BDFB01200CF026F8C1480BF05DFCC14B40221A7000220121702002F0C7FB03461A46BD4B1A604021802004F08FFE002004F0AEFE4021802004F0D2FE3D
:40068000002300220C21B64804F04EFFB5480123009310230222032104F0F6FF4021802004F0E4FEAC4B04221A7000220121702002F09EFB03461A46A84B1A600A2009F05B
:4006C000BFFE00200EF020F90346002B01D1FFF763FF40F2D6700EF017F903461A46A24B1A7040F2E3700EF00FF903461A469F4B1A709E4B1B785B09DAB29D4B1A709B4B56
:400700001B789B08DBB203F00703DAB2984B5A70964B1B7803F00103DAB2964B1A704FF4FB600EF0F1F803465AB2934B1A7040F2D9700EF0E9F803465AB2904B1A708E4B2F
:4007400093F90030184610F043FA04468B4B93F90030184610F03CFA03468949184610F08BFA03461946204610F07EF903461A46844B1A6040F2DF700EF0C6F8034603F0C4
:400780000103DAB2804B1A7040F2DF700EF0BCF8034603F00203DAB27C4B1A7040F2DF700EF0B2F8034603F00403DAB2784B1A70774B1B781A46774B53F82230764A136077
:4007C00040F2DC700EF0A0F803461A46734B1A7040F2DD700EF098F803461A466F4B5A7040F2DE700EF090F8034603F00103DAB26B4B1A7040F2DB700EF086F803461A4606
:40080000684B1A7040F2DA700EF07EF803461A46654B1A7040F2D7700EF076F803461B09DAB2624B1A7040F2D7700EF06DF8034603F00F03DAB25D4B5A70FFF70DFD40F239
:40084000E2700EF061F8034603F00103DAB2584B1A7040F2E4700EF057F803465AB2554B1A704FF4FC600EF04FF803469BB21B029CB240F2E1700EF047F803469BB22344E2
:40088000A7F84E300023C7F8DC3016E0B7F84E305AB20121D7F8DC3001FA03F35BB213405BB2D9B2444AD7F8DC3013440A461A70D7F8DC300133C7F8DC30D7F8DC30092B95
:4008C000E4DD0023C7F8D830F5E00023C7F8D43025E0D7F8D8309BB21A4612011A44D20013445B009AB2D7F8D4309BB213449BB218460EF009F8034618463049D7F8D820C0
:4009000013469B0013445B00CA18D7F8D430134402461A70D7F8D4300133C7F8D430D7F8D430092BD5DD0023C7F8D030B9E0D7F8D02013465B001344DB00BB640023C7F88F
:40094000CC30A5E0002D010000DEFF1F1883FF1FA498FF1F8D03000050DEFF1F5CE0FF1F00310100E17A943FA683FF1FB683FF1FD880FF1FB583FF1F2683FF1F2783FF1F2A
:400980000AD7233C2883FF1F2E83FF1F2F83FF1F8283FF1FE080FF1FE880FF1FDC80FF1FB283FF1F5481FF1F3383FF1FD080FF1FA483FF1F2C83FF1FA883FF1F08DEFF1F07
:4009C000D7F8CC305B007B647B6C9AB2BB6C9BB213449AB2D7F8D8309BB2194609011944C9000B445B009BB213449BB20A339BB218460DF089FF0346A7F842307B6C9AB260
:400A0000BB6C9BB213449AB2D7F8D8309BB2194609011944C9000B445B009BB213449BB20B339BB218460DF06FFF0346A7F84030B7F842301A02B7F840301344184610F094
:400A4000C7F803464FF06E51184610F015F903464FF08641184610F005F803461C46CA48D7F8D030D7F8D8101A4652001A4493001A460B465B010B449B001A44D7F8CC3054
:400A8000134440F82340D7F8CC300133C7F8CC30D7F8CC300B2B93DDD7F8D0300133C7F8D030D7F8D0300A2B7FF741AFD7F8D8300133C7F8D830D7F8D830062B7FF705AFE9
:400AC0000023C7F8C83049E0D7F8C8309BB29B009BB203F27E739BB218460DF015FF03469BB21B029CB2D7F8C8309BB29B009BB203F27F739BB218460DF006FF03469BB22E
:400B0000234499B2A14AD7F8C83022F81310D7F8C83003F5F0739BB29B009BB218460DF0F3FE03469BB21B029CB2D7F8C8309BB29B009BB203F281739BB218460DF0E4FE01
:400B400003469BB2234499B2914AD7F8C83022F81310D7F8C8300133C7F8C830D7F8C830092BB1DDFFF7ECFA0023C7F8C4304AE0D7F8C4309BB29B009BB203F2A6739BB2E4
:400B800018460DF0C1FE03469BB21B029CB2D7F8C4309BB29B009BB203F2A7739BB218460DF0B2FE03469BB2234499B2794AD7F8C43022F81310D7F8C43003F5F5739BB240
:400BC0009B009BB218460DF09FFE03469BB21B029CB2D7F8C4309BB29B009BB203F2A9739BB218460DF090FE03469BB2234499B2684AD7F8C4300C3322F81310D7F8C430D9
:400C00000133C7F8C430D7F8C4300B2BB0DD0023C7F8C03080E00023C7F8BC3011E05E49D7F8C0201346DB009B1A5B00CA18D7F8BC301344FF221A70D7F8BC300133C7F86F
:400C4000BC30D7F8BC300D2BE9DD0023C7F8B83024E00023C7F8B43017E05048D7F8B830D7F8C0101A46D2001A440B46DB000B441B011344C218D7F8B4301344FF221A7049
:400C8000D7F8B4300133C7F8B430D7F8B430082BE3DDD7F8B8300133C7F8B830D7F8B8300F2BD6DD0023C7F8B03026E00023C7F8AC3019E03A48D7F8B030D7F8C0101A461F
:400CC00092001A4453001A460B469B000B44DB001344C218D7F8AC301344FF221A70D7F8AC300133C7F8AC30D7F8AC30092BE1DDD7F8B0300133C7F8B030D7F8B030032BE7
:400D0000D4DD284AD7F8C030134400221A70D7F8C0300133C7F8C030D7F8C0303F2B7FF77AAF00200DF05EFC01200DF079FC00200DF094FC00200DF0ADFC1B4B1B78184690
:400D40000DF032FC194B1B7818460DF0BDFC174B1B78002B0CBF01230023DBB218460DF0EFFC0AF0B9FC0AF0CFFC104B1B781A460F4B9A5C0F4B1A700A2009F061FB0023A0
:400D8000C7F8A83031E000BF3885FF1F0481FF1F1881FF1F4498FF1F1C94FF1F00BAFF1FB89CFF1FE8A6FF1FA483FF1FB583FF1FD880FF1F6483FF1FD7F8A830DBB2083354
:400DC000DAB29B4B1A7000220121722002F010F803461A46974B1A602021802004F022FBD7F8A8300133C7F8A830D7F8A830072BE2DD8F4B04221A7000220121702001F0D7
:400E0000F7FF03461A468B4B1A608B4B09221A70874B0F221A7000220121352001F0E8FF03461A46834B1A600AF044FF09F080FE0AF0FAFF01F0ECFE01F022FF7F480DF0F1
:400E400065FB7F480DF014FB7E4BFE229A777D4BFD22DA77784B00221A707B4B1B78DBB2002B01D002F054FA734B1B78DBB21A46764B13F81220764B1B789A4226D06E4B61
:400E80001B78DBB21A46714B13F812301A4601239340DAB2664B1A70674B1B78DBB21A466A4B13F81230052B04D101210C200AF0EDFD03E0012104200AF0E8FD00220121D4
:400EC000702001F095FF034687F83F305A4B1B78DBB21A465D4B13F812205D4B1A700A2009F0D0FA544B1B78DBB21A46574B13F81230052B1DD1504B1B78DBB21A46554B96
:400F00009B5C002B15D14C4B1B78DBB24F4A5B0013445B781A4601239340DAB2444B1A7000220121712001F063FF03461A46414B1A600A2009F0A6FA3F4B1B78DBB2092B60
:400F400000F2BE803C4B1B78DBB21A46414B9B5C002B40F0B580364B0E221A7002220121362001F045FF03461A46324B1A60314B1B68002B08D101220221362001F0A8FF44
:400F800003461A462B4B1A602A4B1B68002B40F09780294B1B78DBB21A462F4B1B78DBB29BB21B0299B22D4B23F812102A4B5B78D8B2214B1B78DBB219461A46274B33F87C
:400FC000122083B213449AB2244B23F81120244B1B78002B74D0184B1B78DBB21A461F4B33F81220144B1B78DBB219461D4B33F811309A4246D2104B1B78DBB2002B33D1C1
:401000000D4B1B78DBB21A46144B33F81230002B38D0094B1B78DBB21A46074B1B78DBB219460E4B33F811100E4B23F8121029E050DEFF1F5CE0FF1FA383FF1F3D040000C5
:40104000A1030000E0DFFF1F4E83FF1FEC80FF1FBC81FF1F9483FF1F0498FF1F70B1FF1FB883FF1F0481FF1FAD4B1B78DBB21A46AB4B1B78DBB21946AA4B33F81110AA4BCE
:4010800023F81210A64B1B78DBB21A46A54B33F81220A34B1B78DBB21946A44B33F811309A420DD99E4B1B78DBB21A469C4B1B78DBB219469B4B33F811109C4B23F8121086
:4010C000974B1B78DBB2092B40F0F980944B1B78DBB21A46964B9B5C002B40F06C81954B00221A7000221021352001F0F1FE03461A46914B1A60904B1B68002B40F05B81EA
:401100000023C7F8A4307EE0D7F8A430DAB28B4B1B781344BB71D7F8A4305B00884AD35CDBB29BB21B029AB2D7F8A4305B0001338349CB5CDBB29BB213449BB2C3F30B03D7
:40114000BB80BB881B099BB2C3F1FF039BB27B80BB797C4AD35C012B1BD1B7F90220BB79794931F9133004339A4208DCB7F90220BB79754931F91330043B9A423EDABB797D
:401180007A88D1B2714AD154BB796E4A0021D15434E0BB797A88D1B26C4AD1546C4B1B78002B26D0BB79BA7968498A5C5208D1B2684AD154BB79674AD25CBB796649CB5CB6
:4011C0009A4210D0D7F8A4305A1C5C4B1B7819460B465B000B44D018BB795E4AD35C0022194602F02BF8BB79BA795A49895C5A4AD154BB7954497A8821F81320D7F8A43083
:401200000133C7F8A430D7F8A430072B7FF77CAF524B1B78022B40F0CE80514B1B780833DAB2444B1A7000220121722001F0E0FD03461A46404B1A602021802004F028F93F
:40124000012004F0C7F8474B1A78474B1B789A4205D1464B1A78394B1B789A4202D0404B00221A70404B1B7819463D4B1B781A46324B1B7813441A46D2001A440B46DB0065
:401280000B441B0113443A4A13440921184604F0B1F92021802004F0E9F8314B1B780133DAB22F4B1A702E4B1B78072B40F283802A4B00221A702A4B00221A707BE0184B6F
:4012C0001B78DBB20A2B57D1154B1B78DBB21A46174B9B5C002B6ED1164B00221A70002202214F2001F0F4FD03461A46124B1A60114B1B68002B5ED1114B1B78DBB29BB2A9
:401300001B029AB21B4B1A800D4B5B78DBB29AB2184B1B8813449AB2164B1A804BE000BFA383FF1F70B1FF1F0481FF1F1881FF1F9483FF1F50DEFF1F5CE0FF1F2C84FF1F2C
:401340000498FF1FE093FF1FA893FF1F9C97FF1F2E83FF1F68A7FF1F2885FF1FB483FF1F8083FF1FBA83FF1FA683FF1FBB83FF1F00BAFF1F5681FF1F934B1B78DBB20B2B3C
:4013800019D1924B1B78002B06D04021802004F06DF88E4B00221A708D4B1B78012B0AD18B4B02221A708B4B1A788B4B1A708B4B1A788B4B1A70844B1B78DBB2092B00F258
:4013C000E880814B1B78DBB21A46864B33F812207D4B1B78DBB21946834B33F81130D31A9BB2BB87B7F93C30002B1CDD764B1B78DBB21C46B7F93C3018460FF0E9FB724B71
:401400001B78DBB21A46794B53F8223019460FF033FC034618460FF031FE03469AB2744B23F8142007E0684B1B78DBB21A46704B002123F81210644B1B78DBB21A466C4BAD
:4014400033F81230B3F5805F08D35F4B1B78DBB21A46674B40F6FF7123F812105A4B1B78DBB21A46634B9B5C002B11D0564B1B78DBB21A46544B1B78DBB219465C4B33F8F7
:401480001130C3F57F630F3399B2594B23F812104D4B1B78DBB21C464B4B1B78DBB21A46534B33F8123018460FF08EFB0346524918460FF0E1FB03461A46504B43F82420E2
:4014C000414B1B78DBB21C463F4B1B78DBB21A464B4B9B5C1A46464B33F8123018460FF073FB03464FF0765118460FF0C5FB034618460FF0C3FD0346DAB2424B1A55424BEE
:401500001B78002B36D0304B1B78DBB21A462E4B1B78DBB219463B4B5B5C5B08D9B23B4B9954294B1B78DBB21A46384B9A5C264B1B78DBB21946364B5B5C9A420ED0224B9A
:401540001B78DBB203F10E001F4B1B78DBB21A462E4B9B5C0122194601F070FE1A4B1B78DBB21A46184B1B78DBB21946274B595C274B9954144B1B78DBB21A46124B1B78F2
:40158000DBB219461A4B33F81110224B23F81210A3E0214B1B8818460FF016FB03461F4918460FF069FB034618460FF041FD03461AB21B4B1A801A4BB3F90030002B31DA02
:4015C000174B00221A8037E0A383FF1FB383FF1FB483FF1FA683FF1FBA83FF1F2C84FF1FBB83FF1F70B1FF1F2C81FF1F40A7FF1FC084FF1FA883FF1F01088039BC83FF1F24
:40160000CC81FF1F1C85FF1F2E83FF1F04E0FF1F24E0FF1FAC84FF1F5681FF1FC5F1803FAEB9FF1FA34BB3F90030B3F5805F03DBA04B40F6FF721A809F4B1B78002B4CD031
:401640009E4B1B78002B1DD19A4BB3F900305B111BB2DAB29A4B1A70994B1A78994B1B789A420AD0934BB3F900307B87944B1B78002219460D2001F0E1FD914B1A78914B48
:401680001A702AE08B4BB3F900208F4BB3F900309A421DD0874BB3F900305B111BB2DAB2874B1A70834BB3F90030DBB203F0200387F83930824B1B78002219460D2001F072
:4016C000BDFD97F8393000221946182001F0B6FD784BB3F900207C4B1A807C4B1B78DBB20133DAB2794B1A70784B1B78DBB20B2B02D9764B00221A70754B1B78DBB2002B8A
:401700000CBF01230023DBB2724ADB0013449B79DBB2FE2B40F00B826D4B1B78DBB2002B0CBF01230023DBB26A4ADB001344DB79DBB2FD2B40F0FB810023C7F8A030F1E1D4
:40174000634B1B78DBB2002B0CBF01230023DBB21A46D7F8A0305B005E49D2000A4413441B78DBB29BB21B029AB2594B1B78DBB2002B0CBF01230023DBB21946D7F8A030F7
:401780005B0001335348C90001440B441B78DBB29BB2134499B2504AD7F8A03022F813104D4AD7F8A03032F813309AB24B49D7F8A03031F813309BB29A4200F0A381484BBF
:4017C0001B78002B3CD0D7F8A02013465B00134403F12200404AD7F8A03032F813309BB203F07F030122194601F028FDD7F8A02013465B00134403F12100374AD7F8A030B0
:4018000032F813309BB2DB099BB203F07F030122194601F013FDD7F8A02013465B00134403F120002C4AD7F8A03032F813309BB29B0B9BB203F07F030122194601F0FEFC73
:40184000254AD7F8A03032F813309BB24FF6FF72934210D0204AD7F8A03032F8133099B22048D7F8A02013465B001344DB0003441B88994207D91C4AD7F8A0304FF07E51DF
:4018800042F82310EBE0144AD7F8A03032F8133099B21448D7F8A02013465B001344DB00034416331B88994240F2A0800023C7F89C3096E0AEB9FF1F2E83FF1F3B83FF1FB6
:4018C0007D83FF1F7E83FF1FA084FF1FA383FF1F7183FF1F60DFFF1F34E0FF1F04DEFF1F3083FF1F4498FF1FD4DFFF1FAB4AD7F8A03032F8133099B2A948D7F8A0201346C3
:401900005B0013449B00D7F89C20134430F81330994261D8A14AD7F8A03032F8133099B2D7F89C30581C9E4CD7F8A02013465B0013449B00034434F8133099424CD9974AF2
:40194000D7F8A03032F813309BB218460FF03CF904469349D7F8A02013465B0013449B00D7F89C20134431F8133018460FF02CF90546D7F89C30591C8948D7F8A02013463D
:401980005B0013449B000B4430F8133018460FF01BF9844AD7F89C3052F82310D7F89C300133804A52F8233000930B46024629462046FEF767FB01467B4AD7F8A03042F856
:4019C00023107A4B1B78002B48D00122D7F89C102C2001F033FC41E0D7F89C300133C7F89C30D7F89C300A2B80DD38E06B4AD7F8A03032F813309BB218460FF0E5F80446BD
:401A00006749D7F8A02013465B001344DB000B4414331B8818460FF0D7F805466049D7F8A02013465B001344DB000B4416331B8818460FF0C9F801465A4B9A6A594BDB6A81
:401A4000009313460A4629462046FEF71BFB0146554AD7F8A03042F8231000E000BF524AD7F8A03052F823304FF08D4118460FF003F9034618460FF001FB034699B24C4AAF
:401A8000D7F8A03022F81310484B1B78002B39D0D7F8A02013465B00134403F12800444AD7F8A03032F8133003F07F030122194601F0C4FBD7F8A02013465B00134403F16B
:401AC00027003B4AD7F8A03032F81330DB099BB203F07F030122194601F0B0FBD7F8A02013465B00134403F12600314AD7F8A03032F813309B0B9BB203F07F030122194645
:401B000001F09CFB254AD7F8A03032F8133099B2284AD7F8A03022F81310D7F8A0300133C7F8A030D7F8A030012B7FF709AE224B1B78002B2CD00023C7F8983021E01F4A74
:401B4000D7F8983032F813309AB21D49D7F8983031F813309BB29A4203D0D7F8980001F0CFFA164AD7F8983032F8133099B2144AD7F8983022F81310D7F898300133C7F824
:401B80009830104B1B781A46D7F898309A42D6DC03F00EFF0023C7F8943070E034E0FF1F4498FF1F8C81FF1FD4DFFF1F3083FF1FA484FF1F04DEFF1F2E83FF1F28A7FF1FF9
:401BC000D484FF1FD280FF1FD7F894309BB2184609F0A0FD03461B111BB2D9B2444AD7F8943013440A461A70D7F89430022B0CD03F4AD7F8943013441B78DB43D9B23C4A3B
:401C0000D7F8943013440A461A703A4B1B78002B30D0374AD7F8943013441B785B08D9B2354AD7F8943013440A461A70324AD7F8943013441A783149D7F894300B441B7887
:401C40009A420CD0D7F8943003F109002A4AD7F8943013441B780022194601F0EFFA264AD7F8943013441978244AD7F8943013440A461A70D7F894300133C7F89430D7F89A
:401C80009430032BA0DD0023C7F8903078E31C4B1B78002B3AD01B4B1B889BB24FF6FF72934214D0174B5B889BB24FF6FF7293420DD0D7F890000EF08BFF134B1968124BA7
:401CC0005B681A46FEF70AFAC7F88C0022E00D4B1B889BB24FF6FF72934204D00A4B1B68C7F88C3016E0084B5B68C7F88C3011E084B1FF1F2E83FF1F88B9FF1FA0DFFF1FEB
:401D0000A483FF1F34E0FF1FD4DFFF1FA34B1B68C7F88C304FF00003C7F88830A04B1B78002B40F078819F4B1B781A469E4913465B0113449B00D7F89020134451F82340F7
:401D4000984B1B781A46984913465B0113449B00D7F890201344303351F82320934B1B68194610460EF088FF0346194620460EF07BFE03461C468B4B1B781A468A49134680
:401D80005B0113449B00D7F8902013443C3351F82320864B5B68194610460EF06DFF0346194620460EF060FE03461C467D4B1B781A467D4913465B0113449B00D7F8902095
:401DC0001344483351F82320784B9B68194610460EF052FF0346194620460EF045FE03461C46704B1B781A466F4913465B0113449B00D7F890201344543351F823206B4B15
:401E0000DB68194610460EF037FF0346194620460EF02AFE03461C46624B1B781A46624913465B0113449B00D7F890201344603351F823205D4B1B69194610460EF01CFFB6
:401E40000346194620460EF00FFE03461C46554B1B781A46544913465B0113449B00D7F890201344783351F82320504B5B69194610460EF001FF0346194620460EF0F4FDAB
:401E800003461C46474B1B781A46474913465B0113449B00D7F8902013446C3351F82320424B9B69194610460EF0E6FE0346194620460EF0D9FD03461C463A4B1B781A468D
:401EC000394913465B0113449B00D7F890201344243351F82320354BDB69194610460EF0CBFE0346194620460EF0BEFD03461C462C4B1B781A462C4913465B0113449B00C8
:401F0000D7F8902013440C3351F82320274B1B6A194610460EF0B0FE0346194620460EF0A3FD03461C461F4B1B781A461E4913465B0113449B00D7F890201344183351F87C
:401F400023201A4B5B6A194610460EF095FE0346194620460EF088FD03461A46144B1B68194610460EF080FD0346C7F88830D7F89030002B40F0BB804FF08841D7F888001E
:401F80000EF07AFE034618460FF078F80346FB86084B1B78002B00F0AA800DE0D4DFFF1FB283FF1F6483FF1F3885FF1FBC83FF1F2883FF1F3083FF1FD7F8902013465B0085
:401FC000134403F12F00FB8E03F07F030122194601F034F9D7F8902013465B00134403F12E00FB8EDB099BB203F07F030122194601F024F9D7F8902013465B00134403F1E0
:402000002D00FB8E9B0B9BB203F07F030122194601F014F96BE04FF00003C7F884304FF00003C7F880300023FB6739E05F4B1B7818465F4AFB6F13441B785E491A465200C2
:402040001A4493001A4603465B0103449B001A44D7F89030134451F82300574AFB6F52F8233019460EF008FE03463B63D7F88410386B0EF0BDFF0346002B03D03B6BC7F87A
:4020800084300AE0D7F88010386B0EF093FF0346002B02D03B6BC7F88030FB6F0133FB67FB6F092BC2DD414B1B781A46414913465B0113449B00D7F89020134451F8233036
:4020C000FB62D7F88010D7F884000EF0CDFC0346F96A18460EF0C8FC03461A46374B1B68194610460EF0C0FC0346C7F888302F4B1B781A462F4913465B0113449B00D7F806
:402100009020134451F82330BB62B86A0EF090FF01462B4AD7F8903042F823102949D7F88C000EF0A9FD03461846FEF7D7F80346254918460EF096FC03467B62D7F8903042
:40214000002B0DD14FF08841786A0EF095FD034618460EF093FF03469AB21C4B1A804DE0D7F89030052B35D1194B1B78002B45D04FF08641786A0EF07FFD034618460EF0DF
:402180007DFF03469BB218460EF01EFD03463B620F4B1B78002B31D0386A0EF06FFF03460C21184601F07EF828E000BF6483FF1FC081FF1F3885FF1FBC83FF1F2883FF1F22
:4021C00070DFFF1F00005C4200000442DCDFFF1F2F83FF1FAB4B1B785A1ED7F890309A420CD14FF08841786A0EF046FD034618460EF044FF03469AB2A34B5A80D7F88810C5
:40220000786A0EF031FC03461C46A04AD7F8903052F8233018460EF0DBFC0346194620460EF020FC0346FB61994B1B78002B57D0D7F89030002B53D14FF08841786A0EF041
:402240001BFD034618460EF019FF03467B837B8B03F07F0301221946322000F0EFFF7B8BDB099BB203F07F0301221946312000F0E5FF7B8B9B0B9BB203F07F0301221946D2
:40228000302000F0DBFF814B1B6818460EF0A0FC03464FF0884118460EF0EEFC034618460EF0ECFE03463B833B8B03F07F0301221946352000F0C2FF3B8BDB099BB203F0E3
:4022C0007F0301221946342000F0B8FF3B8B9B0B9BB203F07F0301221946332000F0AEFF6C49F8690EF0C8FC03461A466A4B1B68194610460EF0C0FC03464FF08C41184664
:402300000EF0B2FB03467B61644B1B78002B17D0634AD7F8903052F82330796918460EF03FFE0346002B0BD178690EF0A7FE03461A46D7F8903001331946104600F0B2FF8F
:402340005749D7F890307A6941F823204FF00001D7F888000EF04CFE0346002B0BD0796AD7F888000EF080FB034619464D4AD7F8903042F82310D7F890300133C7F8903071
:40238000404B1B781A46D7F890309A423FF77FAC454B1B78DBB2002B01D000F025FE434B1B78DBB2002B13D00AF096F90346002B0ED03F4B1B88402B05D93E4B1B880133A7
:4023C0009AB23C4B1A803A4B00221A8000F036FE00BF08F001FC034603F00103002B06D108F0FAFB034603F01003002B01D0012300E00023002BECD02F4B1B78DBB2012B09
:402400007FD12E4B1B78002B1CD02D4BFD221A702C4B1A782A4B5A702A4B1A782A4B1A7006F026F9254B00221A70234B00221A70264B00221A80224BFE229A77204BFD221A
:40244000DA7764E21E4B02221A701E4B1A781C4B5A700223BB674AE01C4B1A881C4B1B889A4239D2194B1B885A1C91B2174A11801A46184B9B5CD9B2114ABB6F13440A46F4
:402480001A7031E0D280FF1FDCDFFF1F70DFFF1F3083FF1FABAA2A43E880FF1F2E83FF1FB8A6FF1FA4DFFF1F5D83FF1F5C83FF1F6083FF1F6283FF1F3D83FF1F1E83FF1F2A
:4024C000E0DFFF1F1C83FF1FA183FF1F3683FF1F3883FF1F78A7FF1F984ABB6F1344EE221A70974B01221A70BB6F0133BB67BB6F1D2BB1D9914BFE229A77904BFD22DA77B3
:4025000005E2904B1B78002B1CD08C4B06221A708D4B1A78894B5A708C4B1A78874B9A708B4B1A78854BDA708A4B1A78834B1A71824BFE229A77814BFD22DA77814B0022EF
:402540001A70E4E1844B1B78002B24D07B4B07221A70824B1A78794B5A70804B5A78774B9A707E4B9A78754BDA707C4BDA78734B1A717A4B1A79714B5A71784B5A796F4B46
:402580009A716E4BFE229A776C4BFD22DA77724B00221A70BBE1724B1B78002B12D0674B0A221A706F4B93F90030DAB2634B5A70624BFE229A77614BFD22DA77684B0022EC
:4025C0001A70A4E1684B1B78012B0FD15B4B0B221A705A4B00225A70584BFE229A77574BFD22DA77604B00221A7090E15E4B1B78022B0FD1514B0C221A70504B00225A70BA
:402600004E4BFE229A774D4BFD22DA77564B00221A707CE1554B1B78012B56D1474B0E221A70534B93F90030DAB2444B5A70434B11229A70414B1222DA70404B01221A71FF
:402640003E4B01225A713D4BFE229A773B4BFD22DA7700237B670AE07B6F063345497A6F0A441178354AD1547B6F01337B677B6F0D2BF1DD3D4B00221A703D4B93F90030C8
:40268000DAB23D4B1A703C4B1B7840F2D67118460CF0B0F8394B1B781A46374B1978384B9954354B1A78354B1B789BB203F2DC739BB2194610460CF09DF82D4B93F9003070
:4026C0001A46304B0021995421E12F4B1B78DBB2002B00F0AF802D4B1B78002B03D1174B03221A7002E0154B0D221A7000233B670DE03B6F0133254A127811463A6F0A441E
:402700002349895C0D4AD1543B6F01333B673B6F072BEEDD0023FB660AE0FB6E09331D49FA6E0A441178054AD154FB6E0133FB66FB6E032BF1DD0023BB6638E0E0DFFF1FDD
:402740001E83FF1F1F83FF1F2083FF1F2183FF1F2283FF1F2383FF1F2483FF1FB09CFF1F2D83FF1F2C83FF1F5883FF1FA49CFF1F2583FF1FE881FF1FA683FF1FB583FF1FC5
:40278000DC80FF1FE8A6FF1F3E83FF1F2C84FF1F9C97FF1F84B1FF1FBB6E0D339A49BA6E0A441178994AD154BB6E0133BB66BB6E092BF1DD964B1B781B015AB2954B1B68A7
:4027C0005BB213435AB2944B1B785B015BB213435AB2924B1B789B015BB213435BB2DAB28A4B1A768E4B1A78884B5A768D4BB3F900301B121BB2DAB2844B9A76894BB3F919
:402800000030DAB2814BDA76874B5B881B0A9BB2DAB27E4B1A77844B5B88DAB27B4B5A777A4BFE229A77794BFD22DA777F4B00221A706CE0754B01221A7000237B6624E07D
:402840007B4A7B6E52F823304FF0884118460EF013FA034618460CF0D9FB034618460EF0E7FB03463B617B6E5B0001333A691212D1B2664AD1547B6E01335B003A69D1B284
:40288000624AD1547B6E01337B667B6E0B2BD7DD5F4B1B781B015AB25E4B1B685BB213435AB25D4B1B785B015BB213435AB25B4B1B789B015BB213435BB2DAB2534B1A7671
:4028C000574B1A78514B5A76564BB3F900301B121BB2DAB24D4B9A76524BB3F90030DAB24A4BDA76504B1B881B0A9BB2DAB2474B1A774D4B1B88DAB2444B5A77434BFE226F
:402900009A77424BFD22DA77484B01221A70494B1B78FD2B40F0C980464BDB7FFE2B40F0C480444B5B78FB60424B1B7CBB6002233B660023FB6514E03E4A3B6E13441878A8
:402940003D49FA681346DB009B1A5B00CA18FB6D134402461A703B6E01333B66FB6D0133FB65FB6D0D2BE7DD11233B66BB68072B20DC0023BB6519E02E4A3B6E13441C786C
:402980002E48BB68F9681A46D2001A440B46DB000B441B011344C218BB6D134422461A703B6E01333B66BB6D0133BB65BB6D082BE2DD65E0BB680B2B23DC00237B651CE0A4
:4029C000BB68083B1B493A6E0A4414781C48F9681A4692001A4453001A460B469B000B44DB001344C2187B6D134422461A703B6E01333B667B6D01337B657B6D092BDFDDF9
:402A00003EE000233B6538E01C85FF1FE0DFFF1FA583FF1FD480FF1FA483FF1F3383FF1FA683FF1FAEB9FF1FDCDFFF1F3E83FF1FA4DFFF1F3CE0FF1F1C94FF1F00BAFF1F2B
:402A4000B89CFF1FBB68043B62493A6E0A4414786148F9681A46D2001A440B46DB000B441B011344C2183B6D134422461A703B6E01333B663B6D01333B653B6D082BE1DD6F
:402A8000564B1B781A46FB689A4240F09080BB68072B40F08C80524AFB6813441B78002B40F0858005F0E4FD81E04A4B1B78FC2B7ED1484BDB7FFE2B7AD108F04BF8002098
:402AC00002F088FC002301220B21464802F02CFD012301220B21444802F026FD022301220B21424802F020FD032301220B213F4802F01AFD3E4B0B221A703D4B1B78DBB237
:402B00001A463C4B13F812203B4B1B789A4213D0374B1B78DBB21A46364B13F812301A4601239340DAB2354B1A7000220121702000F05EF90346FB712D4B1B78DBB21A4614
:402B40002C4B13F812202C4B1A700A2007F09AFC274B1B78DBB21A46264B13F81230052B1DD1234B1B78DBB21A46254B9B5C002B15D11F4B1B78DBB21E4A5B0013445B783E
:402B80001A4601239340DAB21C4B1A7000220121712000F02DF903461A461A4B1A600A2007F070FC4021802002F060FC00E000BF08F02EF8144B1B78DBB20121184607F03F
:402BC00079F8124B1B78DBB20121184607F072F8FEF743B93CE0FF1F00BAFF1FA683FF1FE8A6FF1F103101001C31010028310100A383FF1FEC80FF1FBC81FF1F50DEFF1FB1
:402C00009483FF1F5CE0FF1F0094FF1F0098FF1F80B500AF4FF4804341F6FF72012101200BF0C2FE03461A46124B1A7007F094F903461A46104B1A700F4B1B78D8B20123D0
:402C4000FE22202107F0B6F90B4B1B78DBB20B4A91B246F24C42184607F0ECF9054B1B78DAB2054B1B78DBB21946104607F006F900BF80BD0098FF1F20E0FF1FE0DFFF1F08
:402C800080B500AF41F6FF734FF48042012101200BF08AFB03461A464A4B1A7007F05CF903461A46484B1A7007F056F903461A46454B5A70444B18780223FE22202107F000
:402CC00079F9414B58780223FE22202107F072F93D4B1B783D4A92B246F25741184607F0A9F9394B5B783A4A92B246F25741184607F0A0F941F6FF734FF4804201210120A3
:402D00000BF084FB03461A46324B1A7007F024F903461A46304B1A7007F01EF903461A462D4B5A702C4B18780223FE22082107F041F9294B58780223FE22082107F03AF92C
:402D4000254B1B78254A92B246F25551184607F071F9214B5B78224A92B246F25551184607F068F941F6FF734FF48042012101200BF0E8FD03461A461A4B1A7007F0ECF839
:402D800003461A46184B1A70174B1B78D8B20223FE22202107F00EF9134B1B78DBB2134A92B246F25C41184607F044F90D4B1B78DAB20D4B1B78DBB21946104607F05EF803
:402DC00000BF80BDACB9FF1FA884FF1FC0B9FF1FE0B9FF1F80AFFF1FA0B9FF1F60DFFF1F68DFFF1F0094FF1F00E0FF1F3CE0FF1F80B586B000AF0346FB710B46BB80134698
:402E0000BB710023FB754FF47A733B6108F068FB0346FB73FB7BDBB25BB2002B42DBBB88DAB2BB79F879294908F012FA0346FB73FB7BDBB2002B2FD108F02CFB0346FB73F8
:402E40003B69013B3B61FB7BDBB2802B03D100F0B9F80123FB753B69002B05D18023FB7300F0B0F80123FB75FB7BDBB2002B05D18023FB7300F0A6F80123FB75FB7BDBB203
:402E800003F08203002B0DD1FB7BDBB2002B09D03B69002BD0D105E08023FB7300F092F80123FB75FB7BDBB203F02003002B04D1FB7BDBB25BB2002B03DA00F083F8012356
:402EC000FB75FB7D18461837BD4680BD50DEFF1F80B584B000AF0346FB710B46BB7113467B714CF25033FB600023FB7208F0F8FA0346BB72BB7ADBB25BB2002B46DB7B7907
:402F0000BA79F8792B4908F033FA0346BB72BB7ADBB2002B34D108F0BDFA0346BB72FB68013BFB60BB7ADBB2802B12D1224B52221A70224BFF221A70214B00221A7000BF23
:402F40001E4B1B78DBB2002BFAD100F03BF80123FB72FB68002B05D18023BB7200F032F80123FB72BB7ADBB203F08103002B0DD1BB7ADBB2002B09D0FB68002BCBD105E028
:402F80008023BB7200F01EF80123FB72BB7ADBB203F02003002B04D1BB7ADBB25BB2002B03DA00F00FF80123FB72FB7A18461037BD4680BD0498FF1F786400401864004087
:402FC0005864004080B500AF07F010FF044B00221A70044B00221A7007F0F2FE00BF80BD786400403984FF1F80B500AF09F074FB0346002B05D109F06DF90E4B00221A7021
:4030000013E00C4B1B78DBB2002B0ED10021002008F0D6FF00BF09F0DDF90346002BFAD00AF0A4FE034B01221A70034B00221A7000BF80BD5C83FF1F5D83FF1F80B500AFD6
:4030400009F0D4F90346002B10D009F0C3F90346002B0BD0244B1B78DBB2002B06D009F03BFB0346002B01D00AF080FE09F0B2F90346002B35D009F0B9F90346002B18D092
:403080001A4B1B78D8B21A4B1B78DBB29BB21A46184909F009FA184B1B78DBB240221749184609F085FA144B1B78DBB2184609F0C5FA0D4B1B78DBB2002B06D009F00CFBD6
:4030C0000346002B01D00AF0D1FE074B1B78DBB2002B06D009F000FB0346002B01D00AF057FE00BF80BD00BF5C83FF1FE8E9FF1FE9E9FF1FECE9FF1FEAE9FF1FA8E9FF1F9D
:4031000080B586B000AF78602C4A7B6832F81330FB82FB8A002B43D0FB8A18460DF054FD03463B614FF05E5138690DF0A5FD03463B6138690CF080F93861214938690DF0B7
:4031400091FC03463B611F4938690DF095FD03463B6138690DF06CFF0346FB82FB8A7F2B01D97F23FB82184B1B685A1F13465B0013449B001946154A7B6852F823300B44D7
:40318000FB60FB8ADBB219467B6801331A46F86800F020F80E497B68FA6841F8232009E00B4A7B6852F823007B6801331A46002100F010F800BF1837BD4680BD28A7FF1FF3
:4031C0000918C43C551D0243D480FF1F70DFFF1FE483FF1F80B584B000AFF860B9607A607B68DBB2703BDAB2114B1A70FB68DAB20F4B5A70BB68DAB20D4B9A700D4B1B7894
:40320000DBB2002B09D009F067FA0346002B04D00022074903200AF02FFE074B1B8804339AB2054B1A8000BF1037BD4680BD00BF1894FF1F5C83FF1F6083FF1F80B584B007
:4032400000AFF860B9607A607B68DBB2503BDAB2114B1A70FB68DAB20F4B5A70BB68DAB20D4B9A700D4B1B78DBB2002B09D009F033FA0346002B04D00022074903200AF04A
:40328000FBFD074B1B8804339AB2054B1A8000BF1037BD4680BD00BF1894FF1F5C83FF1F6083FF1F80B582B000AF786039603B68DBB2203BDAB2134B1A707B68DBB203F0FE
:4032C0007F03DAB20F4B5A707B68DB11DAB20D4B9A700D4B1B78DBB2002B09D009F0FCF90346002B04D00022064903200AF0C4FD064B1B8804339AB2044B1A8000BF083780
:40330000BD4680BD1894FF1F5C83FF1F6083FF1F90B59BB000AFA54B01221A70A44B1B781A46A44B53F82230FB63A14B1B780133A04A52F82330BB639D4B1B780133DAB24A
:403340009B4B1A709C4AFB6B136000237B6611E0994B1A687B6E1344083B40F2FF721340964AD35C1946964A7B6E42F823107B6E01337B667B6E0F2BEADD8F4B1B6840F22F
:40338000FF7213408D4AD35C002B40F075838D4B01221A708C4B00221A608C4B00221A70854B1B68013340F2FF721340834AD25C874B1A70804B1B68023340F2FF72134028
:4033C0007E4AD25C834B1A707B4B1B68033340F2FF721340794AD25C7E4B5A70764B1B68043340F2FF721340744AD25C794B9A70714B1B68053340F2FF7213406F4AD25C07
:40340000744BDA7006233B666B4B1A683B6E1344694A13603B6EDBB20E3387F837302DE03B6E023B644A126840F2FF710A4063498A5C02F07F02D1B2664AD154644B1B7858
:4034400018463B6E9A1F5C4B1B6840F2FF710B405A49CB5C03F07F03DCB25F490346DB001B1A5B000B44134422461A70524B1B680133514A13603B6E01333B6697F83720EE
:403480003B6E9A42CCD8514B01221A700023FB653DE00023BB6534E03B6E023B464A126840F2FF710A4045498A5C02F07F02D1B2484AD154464B1B7818463F4B1B6840F2E5
:4034C000FF7213403D4AD35C03F07F03DCB24349FB6D1A46D2001A440346DB0003441B011344CA18BB6D134422461A703B6E01333B66314B1B6801332F4A1360BB6D0133A1
:40350000BB65BB6D082BC7DDFB6D0133FB65FB6D072BBEDD00237B653FE000233B6536E03B6E023B244A126840F2FF710A4023498A5C02F07F02D1B2264AD154244B1B78A7
:4035400018461D4B1B6840F2FF7213401B4AD35C03F07F03DCB222497B6D1A4692001A4453001A4603469B000344DB001344CA183B6D134422461A703B6E01333B660E4B18
:403580001B6801330C4A13603B6D01333B653B6D092BC5DD7B6D01337B657B6D032BBCDD8223BB86094B02221A705EE21B83FF1F1983FF1FA498FF1F1483FF1F88B1FF1FE2
:4035C000AC97FF1F3A83FF1F4083FF1F3483FF1F1C83FF1F78A7FF1F1C94FF1F00BAFF1FB89CFF1F00233B613B699A4A126840F2FF710A4098498A5C120713433B613B69A4
:40360000944A1268013240F2FF710A4092498A5C520513433B613B698E4A1268023240F2FF710A408C498A5C920313433B613B69884A1268033240F2FF710A4086498A5CEB
:40364000D20113433B613A69824B1B68043340F2FF710B408049CB5C03F07F0313433B613B697E4A13607E4B1B78022B40F09D807C4B1B68002B22D13B6918460DF0FEFC01
:4036800003469AB2784B1A80BA8E764B1B68591C744801601344744A1288120A92B2D1B2724AD154BA8E6F4B1B68591C6D48016013446D4A1288D1B26C4AD154D0E16A4B0B
:4036C0001B8801335B001A46664B1B689A4223D93B69674918460DF0CFFA034618460DF0CDFC03467B86BA8E5E4B1B68591C5D48016013447A8E120A92B2D1B25B4AD15402
:40370000BA8E584B1B68591C5648016013447A8ED1B2564AD154A3E1534B1B8801335B001A46504B1B689A4240F09A813B69514A1360504B1B68504918460DF03BFC0346C3
:40374000002B23D04B4B1B684C4918460DF050FC0346002B1AD0BA8E424B1B68591C414801601344414AEF21D154BA8E3D4B1B68591C3C48016013443C4AEF21D154384B68
:4037800003221A703E4B00221A6069E13D4B1B6801333C4A13603C4B00221A703B4B00221A703B4B00221A705AE12D4B1B78032B28D13B6918460DF061FC03469AB2354B3E
:4037C0001A80BA8E274B1B68591C264801601344304A1288120A92B2D1B2244AD154BA8E204B1B68591C1F4801601344294A1288D1B21E4AD1541A4B04221A70264B00223E
:403800001A802DE1164B1B78042B40F02981224B1A88204B1B889A4280F0DA80184B19681E4BA3FB01239A0813469B001344CA1A002A35D1BA8E0B4B1B68591C09480160C8
:40384000D4183B6918460DF019FC0346DAB2074B1A55B7E01483FF1F88B1FF1F5483FF1F3483FF1F4083FF1F4883FF1F78A7FF1F00FF7F475083FF1F0000C0BF000020C029
:403880004483FF1F2084FF1F3A83FF1F3D83FF1F4E83FF1F4A83FF1F4C83FF1FCDCCCCCC984B1968984BA3FB01239A0813469B001344CA1A012A0FD1BA8E944B1B68591CAC
:4038C00092480160D4183B6918460DF0D7FB0346DAB28F4B1A5575E08A4B19688A4BA3FB01239A0813469B001344CA1A022A23D13B694FF0000118460DF05CFB0346002B75
:403900000AD0BA8E814B1B68591C8048016013447F4AFF21D15455E0BA8E7C4B1B68591C7A480160D4183B6918460DF0A7FB0346DAB2774B1A5545E0724B1968724BA3FB63
:4039400001239A0813469B001344CA1A032A24D13B69704918460DF08FF9034618460DF067FB03463B86BA8E684B1B68591C674801601344B7F93020121212B2D1B2644A6D
:40398000D154BA8E614B1B68591C6048016013443A8ED1B25E4AD15414E0BA8E5B4B1B68591C5A480160D4183B6918460DF066FB0346DAB2564B1A55574B1B8801339AB2AB
:4039C000554B1A804F4B1B6801334E4A136047E03B69524918460DF0EDFA0346002B31D03B694F4918460DF003FB0346002B29D0BA8E464B1B68591C444801601344444A6F
:403A0000FE21D154BA8E414B1B68591C3F48016013443F4AFE21D154424B05221A70424B00221A70414B01221A70414B1A78414B1A70364B1B689AB2BB8E13449AB23E4BC1
:403A40001A800DE03D4B1B6801333C4A1360364B00221A70354B00221A70394B00221A70384B1B680533374A1360364B1A68BB6B9A42FFF4B7AD77E3324B1B6840F2FF7273
:403A80001340314AD35C022B40F0BC81264B01221A70002387F84F301C4B00221A60FB6B013340F2FF721340274AD25C274B1A70264B1B78062B0BD91B4B00221A701B4B71
:403AC00000221A701E4B00221A70012387F84F3097F84F30002B0AD11C4B1A781C4B1A701C4B1B781A461A4B19781B4B99540223BB64BA6CFB6B1344124A13600C2387F89E
:403B00002F3077E04483FF1FCDCCCCCC4083FF1F78A7FF1F00FEFF464C83FF1F000020C0000060C03483FF1F3A83FF1F3D83FF1F1C83FF1FA683FF1F3883FF1F2084FF1F3E
:403B40004E83FF1F1483FF1F88B1FF1F1D83FF1F6483FF1FB583FF1FD880FF1F9C4B1B6840F2FF7213409B4AD35C03F07F0387F82E3097F84F30002B34D1974B1B781846E4
:403B8000BB6C9A1E954903469B0003445B000B44134497F82E201A708F4B1B789BB21A4612011A44D20013445B009AB28C4B1A80894B1B789BB21A4612011A44D20013443B
:403BC0005B009AB2BB6C9BB213449BB2023B9AB297F82E30114618460AF00CFE0346DAB2804B1A707A4B1B680133794A1360BB6C0133BB6497F82F20BB6C9A42AED8FB6BB4
:403C00000C33BB64C1E000237B64BAE07B6C9BB21A4652001344DB00BB8500233B64A9E00023FB60FB6840F2FF71BA6C0A4069498A5C12071343FB60FB68BA6C013240F203
:403C4000FF710A4063498A5C52051343FB60FB68BA6C023240F2FF710A405E498A5C92031343FB60FB68BA6C033240F2FF710A4058498A5CD2011343FB60FA68BB6C0433FF
:403C800040F2FF710B405349CB5C03F07F031343FB6097F84F30002B61D14F4B1B781C46F96851487B6C1A4652001A4493001A4623465B0123449B001A443B6C134440F8F5
:403CC0002310FB684FF0874118460CF0D5FF03464FF08E4118460CF0C7FE034618460DF0CDF903467B857B8D1B0A9BB287F829307B8D87F828303B6C9BB25B00FB84FA8C4B
:403D0000BB8D13449AB2344B1B789BB2194609011944C9000B445B009BB213449BB20A339AB22F4B1A802E4B1B889AB297F82930114618460AF05EFD0346DAB2294B1A7045
:403D4000274B1B889BB201339AB297F82830114618460AF04FFD0346DAB2224B1A70234B1B680133214A1360BB6C0533BB643B6C01333B643B6C0B2B7FF652AF7B6C01334A
:403D80007B647B6C0A2B7FF641AFBA6CBB6B9A42FFF439AF154B1B689AB2154B1A80144B1B88842B0ED0134B1B680133114A1360114B00221A70114B00221A70104B002278
:403DC0001A70D1E10C4B00221A7004F051FCCBE11483FF1F88B1FF1F1D83FF1F08DEFF1F1684FF1F1484FF1F3885FF1F4083FF1F3883FF1F2084FF1F3A83FF1F3D83FF1F4B
:403E00004E83FF1F584B1B6840F2FF721340574AD35C032B40F0BA80554B01221A70FB6B02333B620023BB60BB6840F2FF713A6A0A404E498A5C12071343BB60BB683A6ACB
:403E4000013240F2FF710A4048498A5C52051343BB60BB683A6A023240F2FF710A4043498A5C92031343BB60BB683A6A033240F2FF710A403D498A5CD2011343BB60BA68CB
:403E80003B6A043340F2FF710B403849CB5C03F07F031343BB60BB6818460BF0B7F8034618460DF0EBF80346FB83324B00221A70FB8BDAB2304B1A703B6A05333B62002355
:403EC000BB60BB6840F2FF713A6A0A4027498A5C12071343BB60BB683A6A013240F2FF710A4022498A5C52051343BB60BB683A6A023240F2FF710A401C498A5C92031343F8
:403F0000BB60BB683A6A033240F2FF710A4017498A5CD2011343BB60BA683B6A043340F2FF710B401149CB5C03F07F031343BB60BB68124918460CF09FFE034618460DF089
:403F40009DF80346BB83BB8B1B0A9BB2DAB20C4B1A70BB8BDAB20B4B1A70054B00221A70094B01221A70FFE01483FF1F88B1FF1F3A83FF1F2083FF1F2183FF1F00FF7F4743
:403F80002283FF1F2383FF1F1F83FF1F814B1B6840F2FF721340804AD35C042B40F0E4807E4B01221A70FB6B0233BB6100237B607B6840F2FF71BA690A4077498A5C1207DD
:403FC00013437B607B68BA69013240F2FF710A4071498A5C520513437B607B68BA69023240F2FF710A406C498A5C920313437B607B68BA69033240F2FF710A4066498A5C00
:40400000D20113437B607A68BB69043340F2FF710B406149CB5C03F07F0313437B607B6818460AF0F3FF034618460DF027F80346FB825B4B00221A70FB8ADAB2584B5A7055
:40404000BB69053340F2FF721340534AD25C544B9A70BB69063340F2FF7213404E4AD25C4F4BDA70BB690733BB6100237B607B6840F2FF71BA690A4047498A5C120713432E
:404080007B607B68BA69013240F2FF710A4042498A5C520513437B607B68BA69023240F2FF710A403C498A5C920313437B607B68BA69033240F2FF710A4037498A5CD20150
:4040C00013437B607A68BB69043340F2FF710B403149CB5C03F07F0313437B60304BDB78002B10D12E4B00221A717B6818460AF08DFF034618460CF09BFF03461BB2DAB278
:40410000274B5A712AE0264BDB78012B16D17B68244918460CF0B0FD034618460CF088FF0346BB82B7F914301B121BB2DAB21C4B1A71BB8ADAB21A4B5A710FE0184B002279
:404140001A717B6818460AF061FF034618460CF06FFF03461BB2DAB2114B5A710F4B00221A70114B01221A70104B00221A70104B1A78104B1B789A4203D10F4B00221A7098
:4041800004E00E4B1B6801330C4A136000BF6C37BD4690BD1483FF1F88B1FF1F3A83FF1FB09CFF1F00FEFF462483FF1F1B83FF1F1983FF1F1883FF1F4E83FF1F1C84FF1F5B
:4041C00080B584B000AF03463960FB713B681A78694B1A703B685A78674B5A703B689A78654B9A703B68DA78634BDA70634B1B78DBB2002B00F0BD8008F06EFA0346002B9F
:4042000000F0B7805E4B1B78002B36D00023FB602AE0FB683A6813441B785BB2002B12DB584B1B685A1C57490A6040F2FF721340FA6839680A441178534AD154534B1B68F5
:40424000534A13600DE0FB683A6813441B78F72B07D14B4B00221A704C4B1B684D4A136087E0FB680133FB60FB68022BD1DD474B1B680133454A13607BE03B681B78F02B64
:4042800077D1454B1B78002B6ED13B6801331B787E2B1CD1414B01221A70414B1B68414A13603A4B1B683E4A13603F4B01221A703E4B1B780133DAB23C4B1A703B4B1B78A3
:4042C0001946304B1B683A4A42F821304CE03B6801331B78002B13D03B6801331B78012B0ED03B6801331B78022B09D03B6801331B78032B04D03B6801331B78042B33D1C1
:404300001F4B01221A70284B1B78012B1AD11D4B1B685A1C1B490A6040F2FF7213403A685178194AD154174B1B685A1C15490A6040F2FF7213403A689178134AD1541A4B86
:4043400000221A701B4B1B681B4A1360194B5B68194A53600D4B1B68164A13603B6801331B781A46134B5A60084B1B680133074A13601037BD4680BD8CB9FF1F5C83FF1F4E
:404380001A83FF1F1083FF1F88B1FF1FFC82FF1F0883FF1F0C83FF1F1B83FF1F4E83FF1F0083FF1F0483FF1FCC80FF1F1883FF1FA498FF1FA89CFF1F68B1FF1F80B483B0DA
:4043C00000AF78600B467B8013463B807B687A881A807B683A885A807A887B689A803A887B68DA807B6800221A817B6800225A817B6800229A817B680122DA817B684FF6B1
:40440000FF721A827B684FF6FF725A827B6801229A827B680022DA827B6800229A617B6800221A817B680022DA837B6808229A8300BF0C37BD4680BC704700BF80B58AB025
:4044400000AFF860084611461A4603467B810B463B811346FB80B7F93020B7F90830D31A83EAE372A2EBE372B7F90610B7F90A30CB1A002BB8BF5B429A42CCBF012300230F
:40448000DBB27B84B7F92230002B0BD07B893B843B897B813B8C3B81FB88FB833B8EFB80FB8B3B86B7F90A20B7F906309A420BDD7B89BB83FB887B81BB8BFB803B897B830E
:4044C0003B8E3B817B8B3B86FA887B89D31A9BB23B83B7F93020B7F90830D31A002BB8BF5B42FB82B7F91830DA0F13445B10FB84B7F90820B7F930309A4202DA0123BB843C
:4045000031E04FF6FF73BB842DE0B7F92230002B08D0BB8EB7F90A20B7F90810F86800F01DF907E0BB8EB7F90820B7F90A10F86800F014F9FA8CFB8AD31A9BB2FB84B7F96E
:404540002630002B09DA3A89BB8C13449BB23B81FA8C3B8B13449BB2FB84B7F90A309BB201339BB27B81B7F90A20B7F906309A42CBDD00BF2837BD4680BD00BF80B586B07E
:4045800000AFF860084611461A4603467B810B463B811346FB80B7F90A30002BC0F2D780B7F90A30FA689288934280F2D080B7F90830002BC0F2CB80B7F90830FA68D288FA
:4045C000934280F2C480F86800F052FD0346022B14D0032B27D0012B36D17B89FB823B897B81FB8A3B81FB68B3F900309AB27B89D31A9BB2013B9BB27B8125E0FB68B3F9FB
:4046000000309AB27B89D31A9BB2013B9BB27B81FB68B3F902309AB23B89D31A9BB2013B9BB23B8110E07B89BB823B897B81BB8A3B81FB68B3F902309AB23B89D31A9BB2EE
:40464000013B9BB23B8100BFFB88012B04D0022B54D0002B28D07BE0B7F90A20B7F90830002B00DA0733DB1018B20146FB68B3F9003003FB01F31344B7F90A10FA68B2F988
:40468000002002FB00F20A4433498A5C51B23A8902F00702012000FA02F252B20A4352B2D1B22D4AD15453E0B7F90A20B7F90830002B00DA0733DB1018B20146FB68B3F9B8
:4046C000003003FB01F31344B7F90A10FA68B2F9002002FB00F20A441F498A5C51B23A8902F00702012000FA02F252B2D24352B20A4052B2D1B2184AD15429E0B7F90A2097
:40470000B7F90830002B00DA0733DB1018B20146FB68B3F9003003FB01F31344B7F90A10FA68B2F9002002FB00F20A440A498A5C51B23A8902F00702012000FA02F252B28D
:404740004A4052B2D1B2044AD15400BF00E000BF1837BD4680BD00BFD8E4FF1F80B584B000AFF860084611461A4603467B810B463B811346FB80FB88B7F90820B7F90A106F
:40478000F868FFF7FBFE00BF1037BD4680BD00BF80B586B002AFF860084611461A4603467B810B463B811346FB80B7F90600B7F90820B7F90A103B8B00930346F86800F0BC
:4047C00043F800BF1037BD4680BD00BF80B586B002AFF860084611461A4603467B810B463B811346FB80B7F90600B7F90820B7F90A103B8B00930346F86800F04BF800BF8E
:404800001037BD4680BD00BF80B586B002AFF860084611461A4603467B810B463B811346FB80B7F90600B7F90820B7F90A10BB8B0193B7F9183000930346F86800F050F8F5
:4048400000BF1037BD4680BD90B587B002AFF860084611461A4603467B810B463B811346FB803A89FB8813449BB2013B9BB21BB2B7F90A40B7F90800B7F90A103A8C01922D
:40488000009323460246F868FFF7D8FD00BF1437BD4690BD80B586B002AFF860084611461A4603467B810B463B811346FB807A89FB8813449BB2013B9BB218B2B7F908203B
:4048C000B7F90A103B8B0193B7F9083000930346F868FFF7B3FD00BF1037BD4680BD00BF80B588B002AFF860084611461A4603467B810B463B811346FB807B89FB8211E0B2
:40490000B7F92000B7F90820B7F91610BB8C00930346F868FFF73CFFB7F916309BB201339BB2FB82B7F91620B7F90A10B7F906300B449A42E4DB00BF1837BD4680BD00BF77
:4049400090B58FB002AFF860084611461A4603467B810B463B811346FB71FB689B69002B40F02E81B7F90A30FA689288934280F2E981B7F90830FA68D288934280F2E281B8
:40498000B7F90A1097F8482013465B0013445B000B44013B002BC0F2D581B7F9082097F84830DB001344013B002BC0F2CB81FB68DB8A002B05D1FB79AF2B02D9FB79013302
:4049C000FB71002387F82F30BCE0FB689969FA7913469B001A4497F92F3013441A4613465B0013449B000B441B7887F82E30002387F82D309AE097F82E3003F00103002BF1
:404A000041D097F84830012B13D197F92F309AB27B8913449BB219B297F92D309AB23B8913449BB21AB2B7F84030F868FFF796FE70E097F92F309BB297F8482092B202FB66
:404A400003F39AB27B8913449BB219B297F92D309BB297F8482092B202FB03F39AB23B8913449BB218B297F848301CB297F848301BB2B7F840200192009323460246F868AC
:404A8000FFF7C2FE46E0B7F84420B7F840309A4240D097F84830012B13D197F92F309AB27B8913449BB219B297F92D309AB23B8913449BB21AB2B7F84430F868FFF74EFE05
:404AC00028E097F92F309BB297F8482092B202FB03F39AB27B8913449BB219B297F92D309BB297F8482092B202FB03F39AB23B8913449BB218B297F848301CB297F84830C3
:404B00001BB2B7F844200192009323460246F868FFF77AFE97F92D30DBB20133DBB287F82D3097F82E305B0887F82E3097F92D30072B7FF760AF97F92F30DBB20133DBB2CB
:404B400087F82F3097F92F30042B7FF73EAFB7F84420B7F840309A4200F0F58097F84830012B0DD17B8905339BB219B2B7F90820B7F8443000930823F868FFF709FEE2E026
:404B800097F848309BB21A46920013449AB27B8913449BB219B297F848301CB297F848309BB2DB009BB21BB2B7F90800B7F844200192009323460246F868FFF725FEC2E0BE
:404BC000FB689B6908331B78FA79D31AFB71FB79DA00FB689B69043318CB1344FB61FB689B6918CBBB61FB691B887B85FB699B78FB75FB69DB78BB75FB6905331B787B75D8
:404C0000FB6906331B783B75002387F82730002387F826300023BB8400237B8497F84830012B05D997F91530BB8497F914307B84002387F828307EE0002387F8293070E084
:404C400097F826305A1C87F8262003F00703002B08D17B8D5A1C7A851A46BB6913441B7887F8273097F92730002B50DA97F84830012B1DD197F915309AB27B8913449AB22D
:404C800097F829309BB213449BB219B297F914309AB23B8913449AB297F828309BB213449BB21AB2B7F84030F868FFF757FD2EE0B7F9242097F8293013449BB297F84820D7
:404CC00092B202FB03F39AB27B8913449BB219B2B7F9222097F8283013449BB297F8482092B202FB03F39AB23B8913449BB218B297F848301CB297F848301BB2B7F84020DD
:404D00000192009323460246F868FFF77DFD97F827305B0087F8273097F82930013387F8293097F82920FB7D9A4289D397F82830013387F8283097F82820BB7D9A42FFF469
:404D40007BAF00E000BF3437BD4690BD80B584B000AF78600B467B807B689B8A002B19D07B689B891A46B7F9023013447A68928893420FDB7B6800229A817B685A897B6833
:404D80009B8B7968C98901FB03F39BB213449AB27B685A817B681B8C002B4FD07B689B69002B0AD17B689B8B7A68D28902FB03F39BB2013B9BB2FB8101E00023FB817B684B
:404DC0005A89FB8913449AB27B68DB8B7968C98901FB03F39BB21344BB817B68DB88BA899A422BD3BB89DAB27B68DB88DBB2D31ADBB20133D9B27B681A8A7B685B8A9A42F1
:404E000002D07B685B8A00E000231A46786800F0B1FA7B6800229A817B68DA88FB89D31A9AB27B68DB8B7968C98901FB03F39BB2D31A9BB2013B9AB27B685A8100BF103797
:404E4000BD4680BDB0B58AB004AF78600B46FB707B689B69002B45D1FB780A2B10D17B685A897B689B8B7968C98901FB03F39BB213449AB27B685A817B6800229A81AAE00F
:404E8000FB780D2B00F0A7807B68DB899B009BB21BB219467868FFF759FF7B689B8918B27B685B891CB27B681B8A7A68528A7968C989C9B2FD780291019200932B46224646
:404EC00001467868FFF73CFD7B689A897B68DB89194649000B445B009BB213449AB27B689A8178E0FB780A2B13D17B6800229A817B685A897B68DB89796889690A3109782F
:404F000089B201FB03F39BB213449AB27B685A8161E0FB780D2B5ED07B689B691B7AFB75FA78FB7D9A4256D37B689B6909331B78FA789A424FD8FA78FB7DD31ADA007B68E2
:404F40009B69043318CB13443B613B699B78FB733B69DB78BB73FB7B002B2DD0BB7B002B2AD03B6905331B785BB2BB817B68DB89B7F90C10FA7B0A4492B202FB03F39BB2CB
:404F80001BB219467868FFF7E1FE7B689B8918B27B685B891CB27B681B8A7A68528A7968C989C9B2FD780291019200932B46224601467868FFF7C4FC7B689A893B690433F1
:404FC0001B789BB27968C98901FB03F39BB213449AB27B689A8100BF1837BD46B0BD00BF80B483B000AF78600B467B8013463B807A887B689A813A887B685A8100BF0C37B1
:40500000BD4680BC704700BF80B483B000AF78607B689B891BB218460C37BD4680BC704780B483B000AF78600B46FB70FB78002B02D0FB789AB200E001227B68DA8100BF89
:405040000C37BD4680BC704780B483B000AF78600B467B8013463B807B687A881A827B683A885A8200BF0C37BD4680BC704700BF80B483B000AF78607B681B89DBB2184690
:405080000C37BD4680BC704790B486B000AF786039603B68002B0AD07B689B69002B59D17B685B8906339AB27B685A8152E07B689B69002B3ED07B680022DA833B6808339D
:4050C0001B78BB753B6809331B787B75BB7DFB7525E0FA7DBB7DD31ADA003B68043318CB13443B613B6903331B78FB733B6906331B78BB73FA7B97F90E3013447A68D28B66
:40510000934209DDFB7B1AB297F90E301BB213441BB29AB27B68DA83FB7D0133FB75FA7D7B7D9A42D5D93B680A331B789AB27B689A830FE07B689B69002B05D07B685B89B6
:40514000063B9AB27B685A817B6808229A837B680022DA837B683A689A6100BF1837BD4690BC704780B588B000AFF860B9601346FB710023FB6129E0FB795A1EFB69D31AAD
:4051800018460BF025FD03461946154809F0D6FF034618460BF072FF0346BB61BB69BA68B2FBF3F37B61FB69FA6813447A69D2B23032D2B21A707B69BA6902FB03F31A4626
:4051C000BB689B1ABB60FB690133FB61FA79FB699A42D1DCFB7918462037BD4680BD00BF0000204180B58EB000AFF860B96011461A460B46FB711346BB71BB7918460BF0C6
:40520000E3FC034619465A4809F098FF3862396AB8680BF031FD03464FF07C5118460BF023FC034618460BF003FF034618460BF0CFFC0346396A18460BF0D2FD0346FB6198
:4052400000237B6300233B63396AF8690BF014FD034618460BF0ECFE0346FB620023BB6200237B62FB6A002B79DAFB6A5B42FB62BB6A5A1CBA621A46FB6813442D221A70FE
:405280007B6A01337B626AE03B6B002B1ED1FA797B6AD21ABB799A4218D17B6B002B0AD1BB6A0133BB62BB6A013BFA68134430221A7001237B63BB6A5A1CBA621A46FB68DD
:4052C00013442E221A7001233B6348E0FB795A1E7B6AD31A18460BF07BFC03461946244809F02CFF034618460BF0C8FE0346BB61FA6ABB6992FBF3F37B617B6B002B19D12E
:405300007B69002B0DDDBB6A5A1CBA621A46FB6813447A69D2B23032D2B21A7001237B6313E0BB6A5A1CBA621A46FB68134420221A700AE0BB6A5A1CBA621A46FB6813447F
:405340007A69D2B23032D2B21A707B69BA6902FB03F3FA6AD31AFB627B6A01337B62FA797B6A9A4290DCBB6A18463837BD4680BD0000204180B483B000AF78600B46FB70DB
:4053800013463B8000BF0C37BD4680BC704700BF80B582B000AF786039607B681BB23A6812B219460948FFF709F809490748FFF76BFE002201210548FFF746FE01210348A6
:4053C000FFF72EFE00BF0837BD4680BDB0E0FF1F1479010080B582B000AF78607B68002B04D10C490C48FFF74FFE0EE07B68012B04D10A490848FFF747FE06E07B68022BAE
:4054000003D107490448FFF73FFE00BF0837BD4680BD00BF14790100B0E0FF1F5C9B0100C0A0010080B584B000AF03460A46FB801346BB80BA88FB881946022000F04CF9FC
:405440000023FB6007E0084AFB68134400221A70FB680133FB60FB68B3F5806FF3DB00BF1037BD4680BD00BFD8E4FF1F80B582B000AF03460A46FB801346BB80FB88BA88F3
:405480001146184600F0E8F900BF0837BD4680BD80B584B002AF786039607B6819B23B681BB2074A528A019200930B46002200210348FFF715FA00BF0837BD4680BD00BF4B
:4054C000B0E0FF1F80B584B002AF0346FB71FB799BB203F003039BB21B019BB21AB2074B5B8A019310230093802300210348FFF7F7F900BF0837BD4680BD00BFB0E0FF1FC2
:4055000080B582B000AF03460A46FB801346BB80BA88FB8819460348FFF796FD00BF0837BD4680BDB0E0FF1F80B58AB002AFF860B9607A60FB707B68BB61FB7803F0030388
:405540001B010C337B61BB691BB27A6912B219461748FFF745FD7B6819B2FB789BB21B019BB21AB27B689BB2C3F180039BB218B20F4B5B8A01931023009303460C48FFF719
:40558000AFF90023FB610AE0FB69FA6813441B7819460748FFF756FCFB690133FB61FA69BB689A42F0DB00BF2037BD4680BD00BFB0E0FF1F80B584B000AF78600B46FB70A4
:4055C0007B68FB60FB7803F003031B010C33BB60FB681BB2BA6812B219460548FFF700FD3E210348FFF72EFC00BF1037BD4680BDB0E0FF1F80B586B002AF78603960134B2D
:405600005B8A0193202300938023002200210F48FFF766F9142204210C48FFF7E1FC0023FB600AE0FB687A6813441B7819460748FFF708FCFB680133FB60FA683B689A42F5
:40564000F0DB00BF1037BD4680BD00BFB0E0FF1F80B586B000AFF860B9607A60FB70BB68DBB21A46F9680748FFF77CFD7861FB787A6879690348FFF757FF00BF1837BD46F5
:4056800080BD00BF90E0FF1F80B586B000AFF860B9607A603B60BB68DAB27B68DBB2F9680748FFF79FFD786197F820303A6879690348FFF739FF00BF1837BD4680BD00BF3D
:4056C00090E0FF1F80B500AF0248FFF79DFC0346184680BDB0E0FF1F80B582B000AF0346FB710B46BB8013467B804F4AFB791370AE2000F09BF8D52000F098F8802000F03C
:4057000095F8A82000F092F87B88DBB2013BDBB2184600F08BF8D32000F088F8002000F085F8402000F082F88D2000F07FF8FB79012B03D1102000F079F802E0142000F097
:4057400075F8202000F072F8002000F06FF8A12000F06CF8C82000F069F8BB88802B0ED17B88202B0BD1DA2000F060F8022000F05DF8812000F05AF88F2000F057F8BB88A9
:40578000802B15D17B88402B12D1DA2000F04EF8122000F04BF8812000F048F8FB79012B03D19F2000F042F802E0CF2000F03EF8BB88602B15D17B88102B12D1DA2000F08E
:4057C00035F8022000F032F8812000F02FF8FB79012B03D1102000F029F802E0AF2000F025F8D92000F022F8FB79012B03D1222000F01CF802E0F12000F018F8DB2000F07A
:4058000015F8402000F012F8A42000F00FF8A62000F00CF82E2000F009F8AF2000F006F800BF0837BD4680BDD8E8FF1F80B582B000AF0346FB71074B00221A70054AFB79E8
:405840005370002202213C20FDF7D2FA00BF0837BD4680BD50DEFF1F80B586B000AF7860396000F071F80020FFF7E0FF1020FFF7DDFF4020FFF7DAFF0023FB730223BB738C
:405880003B68DB103B607B68DB107B600023BB6000237B750023FB7549E0FA7DFB7B1344DBB2503BDBB21846FFF7C0FFBB7B03F00F03DBB21846FFF7B9FFBB7B1B09DBB252
:4058C00043F01003DBB21846FFF7B0FF1C4B40221A700023BB7524E000233B610EE03B6901337A7D796801FB02F13A690A441549895C134AD1543B6901333B613A697B682C
:405900009A42ECDB7B7D01337B757B689BB201339BB2002219463C20FDF76AFABB7D0133BB75BB7D072BD7D9FB7D0133FB75FA7D3B689A42B1DB00BF1837BD4680BD00BF61
:4059400050DEFF1FD8E4FF1F80B500AF0021002000F002F800BF80BD80B582B000AF03460A46FB711346BB7197F90630002B01DA7F23BB71FB79072B01D90723FB71212065
:40598000FFF754FFBB791846FFF750FF7F20FFF74DFF2220FFF74AFFFB791846FFF746FF0320FFF743FF00BF0837BD4680BD00BFB0B58EB002AF09F035FA0346002B29D116
:4059C0009A4B1B78002B25D0012009F04BFA002009F066FA964B00221A70964B01221A700023FB6210E0944AFB6A134401221A70FB6A0833914A32F91310904AFB6A22F843
:405A00001310FB6A0133FB62FB6A072BEBDD8C4B00221A7009F016FA0346002B29D1834B1B78002B25D0002009F01CFA012009F037FA7F4B08221A707E4B01221A700023E2
:405A4000BB6210E0BB6A08337B4A0121D154BB6A08337A49BA6A31F91210784A22F81310BB6A0133BB62BB6A072BEBDD744B00221A7005F0FFFF0346FB77FB7F03F01003ED
:405A8000002B24D16F4B1B68042B03DD6D4B04221A600CE06C4B1B78002B08D0694B1B68002B04DD674B1B68013B664A1360012008F098FD002008F0B3FD002008F0CEFDB9
:405AC000002008F0E7FD604B00221A7007E0FB7F03F01003002B02D05B4B01221A7005F01BFD0346002B0ED1564B05221A60002008F078FD012008F093FD002008F0AEFD01
:405B0000002008F0C7FD05F017FD0346002B0ED14C4B06221A60002008F064FD002008F07FFD012008F09AFD002008F0B3FDFB7F03F02003002B24D1424B1B68062B03DC9F
:405B4000404B07221A600CE0404B1B78002B08D03C4B1B680A2B04DC3A4B1B680133394A1360002008F03EFD002008F059FD002008F074FD012008F08DFD344B00221A7081
:405B800007E0FB7F03F02003002B02D02F4B01221A7008F0F1FD0346002B69D12C4B00221A702B4B1B781A462A4B9A5C2A4B1A70284B1B785B01DAB2264B5B789B00DBB266
:405BC0001344DAB2224B1B781344DAB2234B1A70224B1B7840F2E371184608F00BFE1C4B1B781A461E4B9A5C1E4B1A701D4B1A78174B1B789BB203F2DC739BB219461046D4
:405C000008F0F8FD174B1B7840F2D671184608F0F1FD002008F058FD012008F091FD124B1B78002B22D102F023FD21E08183FF1F2C84FF1FB483FF1FE093FF1FA893FF1F61
:405C40008083FF1FD480FF1FDD81FF1FDE81FF1FB583FF1FD880FF1F6483FF1FB683FF1FDC80FF1FA683FF1FB783FF1F00F0FCFD08F092FD0346002B49D1834B01221A70DE
:405C8000814B1B781A46814B9A5C814B1A707F4B1B785B01DAB27D4B5B789B00DBB21344DAB2794B1B781344DAB27A4B1A70794B1B7840F2E371184608F09CFD724B1B787D
:405CC0001A46754B9A5C754B1A70744B1A786E4B1B789BB203F2DC739BB21946104608F089FD6E4B1B7840F2D671184608F082FD012008F0E9FC002008F022FD684B1B7881
:405D0000002B02D102F0B4FC01E000F0ADFDFB7F03F04003002B1DD1624B1B78002B19D0614B1B78002B0CBF01230023DBB21A465D4B1A705C4B1B78184608F035FC5A4B2A
:405D40001B7840F2E271184608F054FD554B00221A7007E0FB7F03F04003002B02D0514B01221A70FB7F03F00103002B09D14F4B1B78002B05D002F065F94C4B00221A7005
:405D800007E0FB7F03F00103002B02D0474B01221A70FB7F03F00203002B09D1444B1B78002B05D002F09CF9414B00221A7007E0FB7F03F00203002B02D03D4B01221A706C
:405DC000FB7F03F00403002B09D13A4B1B78002B05D002F0D3F9374B00221A7007E0FB7F03F00403002B02D0324B01221A70FB7F03F00803002B09D12F4B1B78002B05D01A
:405E000002F0FAF92C4B00221A7007E0FB7F03F00803002B02D0284B01221A7008F0CCFC0346002B1AD1254B1B78002B16D01C4B1B78002B0CBF01230023DBB21A46184B24
:405E40001A70174B1B78002B02D000F0B3FC01E000F00AFD194B00221A7007E008F0ACFC0346002B02D0154B01221A7097F91F30002B27DB124B1B78002B23D002F0FAF946
:405E80000F4B00221A7024E0B583FF1FD880FF1F6483FF1FB683FF1FDC80FF1FA683FF1FB783FF1FE481FF1FA483FF1FE081FF1FE181FF1FE281FF1FE381FF1FDC81FF1F52
:405EC000DF81FF1F97F91F30002B02DA954B01221A70954B1B68954A1360954B1B78002B00F04984934B1B78002B00F0448408F037FE0346BB77904B93F90030012B40F0B2
:405F0000A0808E4B93F9003097F91E209A4200F098808B4B1B78002B6BD100210120FFF7EFFA884B5B8A0193202300932E23202254218448FEF7D4FC0120FFF74BFA824B25
:405F400093F90030DCB208F00BFE0346DBB2E31ADBB25AB27C4B1A707B4B93F90030002B08DA794B93F90030DBB23B33DBB25AB2754B1A70744B93F900303A2B08DD724BAA
:405F800093F90030DBB23B3BDBB25AB26E4B1A70002008F0F1FD3A2254216A48FFF720F8694B1B787B777B7F684AA2FB0323DB083B773B7F3033DBB219466248FEF742FF89
:405FC0003B7F1A465201D21A9200D31A5B00DAB27B7F1344DBB27B777B7F3B773B7F3033DBB219465748FEF72DFF594B01221A7027E0534B1B78013BFB76FC7EFB7E554AD5
:40600000D55C08F0ADFD0346DBB2EB1ADAB2514B1A55002008F0B0FD00210120FFF770FA0020FFF7D7F9322200214648FEF7D8FF022300220E214748FFF776FA444B0122E2
:406040001A703D4B93F90030062B40F032813B4B93F9003097F91E209A4200F02A8100210120FFF74DFA0220FFF72CFA0320FFF729FA4FF07E537B62374B1B78012B01D1BE
:40608000364B7B620120FFF7A5F9354B1C6808F067FD034618460AF09BFD0346796A18460AF0EAFD0346194620460AF0DBFC03461A462B4B1A60002008F05EFD284B1B68E8
:4060C000284918460AF076FF0346002B03D0244B244A1A600BE0224B1B68234918460AF087FF0346002B02D01D4B1F4A1A601C4B1B683B62352214211248FEF771FF184BD9
:406100001B684FF0000118460AF054FF0346002B2CD02D210B48FEF795FE3B6A83F000433B6227E0DF81FF1FD480FF1F6883FF1FB783FF1F2584FF1FDCE8FF1F2484FF1F99
:406140002B84FF1FB0E0FF1F2583FF1FCDCCCCCCB383FF1FE881FF1F2684FF1F0AD7233C2883FF1F000040C1000040412021C148FEF768FEC04B1B78002B0ED101210020F0
:40618000FFF7BEF9BB4B5B8A0193192300931E2322222021B748FEF7A3FBB849386A0AF06BFD034618460AF069FF0346BB76BB7E18460AF00DFD0346B14918460AF05CFD75
:4061C00003461946386A0AF04DFC03463B62BB7E3033DBB21946A748FEF734FE386A0AF04DFF0346BB76BB7E3033DBB21946A148FEF728FE00210120FFF782F92E219D48B9
:40620000FEF720FE9C4B1B78002B0ED001210020FFF776F9974B5B8A0193192300931E23222246219348FEF75BFBBB7E18460AF0CFFC03461946386A0AF014FC03463B624F
:406240008F49386A0AF018FD034618460AF016FF0346BB76BB7E3033DBB219468548FEF7F1FDBB7E18460AF0B3FC0346834918460AF002FD03461946386A0AF0F3FB034606
:406280003B628049386A0AF0F7FC034618460AF0F5FE0346BB76BB7E3033DBB219467548FEF7D0FD00210120FFF72AF9764B01221A70764B93F900300C2B40F0A180744B47
:4062C00093F9003097F91E209A4200F0998000210120FFF715F90220FFF7F4F80320FFF7F1F84FF07E537B610120FFF773F8694B93F90030DCB208F033FC0346DBB2E31A7D
:40630000DBB25AB2634B1A70002008F035FC614B93F9003018460AF051F84FF000024FF000030AF023FB0346002B03D0594B00221A7010E0574B93F9003018460AF03EF82C
:406340004FF00002544B0AF02FFB0346002B02D0504B64221A7000210120FFF7D1F8352214214448FEF73CFE20214248FEF76AFD484B1B78FB7497F91330484A82FB03122D
:406380005211DB17D31A5BB2BB74BB7C1A4692001A44D200D31A9B00DAB2FB7C1344DBB2FB74BB7C3033DBB219463248FEF74AFDFB7C3B4AA2FB0323DB08BB74BB7C303381
:4063C000DBB219462B48FEF73DFDBB7C1A465201D21A9200D31A5B00DAB2FB7C1344DBB2FB74FB7CBB74BB7C3033DBB219462148FEF728FD2B4B01221A70234B01221A701C
:40640000224B93F90030082B40F0E080204B93F9003097F91E209A4200F0D88000210120FFF76EF80220FFF74DF80320FFF74AF80120FEF7CFFF1C4B1B783B823C8A08F0A8
:406440008FFB03469BB2E31A9BB23B82002008F093FBB7F91030002B03DA134B00221A7028E0B7F91030642B20DD0F4B64221A7020E000BFB0E0FF1F2684FF1FCDCCCC3D88
:40648000000020410000C842B383FF1FDCE8FF1F2484FF1F2C83FF1F000059401F85EB51CDCCCCCC2D83FF1F5481FF1F3B8ADAB2B34B1A70F9F744FE35221E21B148FEF7AE
:4064C0008FFDAF4B1B7818460AF07EFB0346AE4918460AF0D1FB0346FB60AC49F8680AF0CBFB034618460AF0C9FD0346FB72FB7A18460AF06DFB0346A54918460AF0BCFBFD
:4065000003461946F8680AF0ADFA0346FB60FB7A3033DBB219469B48FEF794FCF8680AF0ADFD0346FB72FB7A3033DBB219469548FEF788FC2E219348FEF784FCFB7A18469C
:406540000AF046FB03461946F8680AF08BFA0346FB608F49F8680AF08FFB034618460AF08DFD0346FB72FB7A3033DBB219468548FEF768FCFB7A18460AF02AFB0346834927
:4065800018460AF079FB03461946F8680AF06AFA0346FB607F49F8680AF06EFB034618460AF06CFD0346FB72FB7A3033DBB219467448FEF747FC25217248FEF743FC0021AD
:4065C0000120FEF79DFF744B01221A70734B93F90030092B40F0CC80714B93F9003097F91E209A4200F0C48000210120FEF788FF0220FEF7EFFE6B4B1B781A466A4B9B5CE6
:406600003B813C8908F0ACFA03469BB2E31A9BB23B81002008F0B0FAB7F90830002B06DA604B1B781A46604B0021995411E0B7F90830092B06DD5B4B1B781A465A4B09213B
:40664000995406E0574B1B781A463B89D9B2564B9954554B1B780133DBB23B71524B5B780133DBB27B710323002203214F48FEF75BFF4C4B1B78002B0ED101210020FEF75B
:406680003FFF404B5B8A0193102300931023302218213C48FEF724F93B79454AA2FB0323DB08FB71FB793033DBB219463548FEF7C9FB3A79FB7919464901C91A8900CB1A0F
:4066C0005B00DBB21344FB71FB793033DBB219462C48FEF7B7FB00210120FEF711FF20212848FEF7AFFB53212648FEF7ABFB32212448FEF7A7FB3D212248FEF7A3FB294BD8
:406700001B78002B0ED001210020FEF7F9FE1D4B5B8A0193102300931023302248211948FEF7DEF87B79224AA2FB0323DB08FB71FB793033DBB219461248FEF783FB7A79D9
:40674000FB7919464901C91A8900CB1A5B00DBB21344FB71FB793033DBB219460948FEF771FB00210120FEF7CBFE0B4B01221A700B4ABB7F137000BF3037BD46B0BD00BF21
:406780005481FF1FB0E0FF1FCDCC4C3ECDCCCC3D000020410000C842B383FF1FDCE8FF1F2484FF1F2784FF1FD080FF1F44C50300CDCCCCCC80B500AF40218020FEF768FE58
:4067C0000220FEF707FE01210020FEF799FE002300220F211E48FEF7A7FE00210020FEF7E9FE00210120FEF78BFE012300220F211848FEF799FE00210120FEF781FE022320
:4068000000220F211448FEF78FFE00210120FEF777FE124B01221A70114B01221A70104B1B78184607F06EFF0E4B00221A700D4B00225A700B4B00229A700A4B0022DA702D
:40684000084B00221A71074B00225A7100BF80BD58C603006CC6030080C60300B383FF1FB783FF1FDCE8FF1F90B583B000AF624B1B78012B01D101F079FD604B1B78012B7A
:4068800001D101F087FE5E4B93F90030062B34D15C4B1B6818460AF0CBFB03465AB25A4B1A70584B1C68584B93F9003018460AF08FF90346194620460AF0D4F8034653490A
:4068C00018460AF0D9F9034618460AF0B1FB03465AB24F4B1A704C4B93F90030DBB24FF4FB61184607F086FF494B93F90030DBB240F2D971184607F07DFF414B93F90030DD
:40690000072B06D1434B1B7840F2DA71184607F071FF3B4B93F90030082B06D13E4B1B7840F2DB71184607F065FF354B93F90030092B12D1394B1B781B01DAB2374B5B78E5
:4069400003F00F03DBB21344FB71FB7940F2D771184607F04FFFF9F77FFC294B93F900300A2B06D12E4B1B7840F2DE71184607F041FF234B93F900300B2B1CD1294B1B7814
:406980009B00DBB203F00403DAB2274B1B785B00DBB203F00203DBB21344DAB2234B1B7803F00103DBB21344BB71BB7940F2DF71184607F01FFF124B93F900300C2B08D17A
:4069C0001B4B93F90030DBB240F2E471184607F011FF184B00221A7008F0A4F8164B00221A70154B1B78184607F08CFE01F040FE00BF0C37BD4690BDB883FF1FB983FF1F46
:406A0000DCE8FF1F2883FF1F2683FF1F0000C8422783FF1F3383FF1F5481FF1FD080FF1FB283FF1F8283FF1F2F83FF1F2E83FF1F2C83FF1F2584FF1FB783FF1F80B58CB06B
:406A400002AF0346FB71002387F827309E4B93F90030002B51D1FB79032B15D19A4B93F90130DBB2013BDBB25AB2974B5A70964B93F90130002B02DA934B00225A700123FA
:406A800087F8273001F0E6B8FB79022B1CD18E4B93F90130DBB20133DBB25AB28A4B5A70894B93F901301A46884B1B789A4206DB864B1B78013BDBB25AB2834B5A7001234B
:406AC00087F8273001F0C6B8FB79012B03D0FB79042B41F0BF807C4B93F90130DBB20133DBB25AB2784B1A70774B93F90030DBB2013387F8273001F0ADB8734B93F90030BB
:406B0000022B69D1FB79032B15D16F4B93F90330DBB2013BDBB25AB26B4BDA706A4B93F90330002B02DA684B0022DA70032387F8273001F08FB8FB79022B1CD1624B93F9F6
:406B40000330DBB20133DBB25AB25F4BDA705E4B93F903301A465E4B1B789A4206DB5C4B1B78013BDBB25AB2574BDA70032387F8273001F06FB8FB79012B02D0FB79042BAF
:406B80001ED1514B93F90330002B09D14E4B04221A70002387F8273001F090FB01F057B8494B93F90330012B41F05180464B05221A70002387F8273001F09CFC01F047B893
:406BC000FB79002B41F046803F4B00221A70012387F8273001F03EB83B4B93F90030032B40F0B183FB79032B15D1374B93F90530DBB2013BDBB25AB2334B5A71324B93F995
:406C00000530002B02DA304B00225A71042387F8273001F01FB8FB79022B1CD12A4B93F90530DBB20133DBB25AB2274B5A71264B93F905301A46274B1B789A4206DB254BCC
:406C40001B78013BDBB25AB21F4B5A71042387F8273000F0FFBFFB79012B03D0FB79042B40F06583184B93F90530002B3ED1164B06221A7007F046FF002387F82730164B97
:406C800001221A7040218020FEF702FC0220FEF7A1FB00210120FEF733FC002300220F210E48FEF741FC012300220F210C48FEF73BFC0C4B7F221A70002007F05DFF0A4BDD
:406CC00001221A7000F0C5BFDCE8FF1FF681FF1FF781FF1FF881FF1F2584FF1F94C60300A4C603002484FF1FB383FF1FA74B93F90530012B46D1A54B07221A70402180208A
:406D0000FEF7C6FB0220FEF765FB00210120FEF7F7FB002300220F219D48FEF705FC9D4B1B789AB29B4B1B78002B0CBF01230023DBB29BB219461046FEF7E2FB0123002289
:406D40000F219548FEF7F0FB924B1B78002B0CBF01230023DBB29AB28E4B1B789BB219461046FEF7CDFB022300220F218B48FEF7DBFB00210120FEF7C3FB894B01221A70EA
:406D800000F067BF814B93F90530022B2CD17F4B08221A7007F0B6FE002387F82730814B01221A7040218020FEF772FB0220FEF711FB00210120FEF7A3FB002300220F219B
:406DC0007948FEF7B1FB012300220F217748FEF7ABFB774B7F221A70002007F0CDFE704B01221A7000F035BF684B93F90530032B35D1664B09221A7007F084FE002387F81D
:406E00002730684B01221A7040218020FEF740FB0220FEF7DFFA00210120FEF771FB002300220F216348FEF77FFB012300220F216148FEF779FB022300220F215F48FEF7AD
:406E400073FB5B4B7F221A70002007F095FE544B01221A705A4B00221A7000F0FABE4B4B93F90530042B45D1484B0A221A70002387F8273040218020FEF70AFB0220FEF7F4
:406E8000A9FA00210120FEF73BFB002300220F214C48FEF749FB4C4B1B789AB24A4B1B78002B0CBF01230023DBB29BB219461046FEF726FB012300220F214448FEF734FBDA
:406EC000414B1B78002B0CBF01230023DBB29AB23D4B1B789BB219461046FEF711FB022300220F213A48FEF71FFB2D4B01221A7000F0AFBE254B93F90530052B40F04F8154
:406F0000224B0B221A70002387F8273040218020FEF7BEFA0220FEF75DFA00210120FEF7EFFA002300220B212A48FEF7FDFA2A4B93F90030002B0CBF01230023DBB2FB73C0
:406F4000FB7B9BB20193102300932523002250212248FDF7C5FCFB7B002B0CBF01230023DBB29BB2FA7B92B211461846FEF7C8FA1B4B1B78002B35D04F211848FDF762FFFA
:406F80004E211648FDF75EFF38E000BFDCE8FF1FB4C603003383FF1FC4C60300D4C60300B383FF1F2584FF1F94C60300E4C603002484FF1FF4C6030004C7030014C703002B
:406FC0002784FF1F24C70300B283FF1F34C7030044C7030054C703002884FF1FB0E0FF1F2E83FF1F4F21AA48FDF72CFF4621A848FDF728FF4621A648FDF724FF0021012075
:40700000FEF77EFA012300220B21A248FEF78CFAA14B93F90030012B0CBF01230023DBB2FB73FB7B9BB20193102300932523102250219748FDF754FCFB7B002B0CBF012370
:407040000023DBB29BB2FA7B92B211461846FEF757FA924B1B78002B08D04F218C48FDF7F1FE4E218A48FDF7EDFE0BE04F218848FDF7E8FE46218648FDF7E4FE4621844862
:40708000FDF7E0FE00210120FEF73AFA022300220B218348FEF748FA7F4B93F90030022B0CBF01230023DBB2FB73FB7B9BB20193102300932523202250217548FDF710FC89
:4070C000FB7B002B0CBF01230023DBB29BB2FA7B92B211461846FEF713FA724B1B78002B08D04F216A48FDF7ADFE4E216848FDF7A9FE0BE04F216648FDF7A4FE4621644813
:40710000FDF7A0FE46216248FDF79CFE00210120FEF7F6F9032300220B216348FEF704FA5D4B93F90030032B0CBF01230023DBB2FB73FB7B9BB20193102300932523302290
:4071400050215348FDF7CCFBFB7B002B0CBF01230023DBB29BB2FA7B92B211461846FEF7CFF9524B1B78002B08D032214848FDF769FE34214648FDF765FE0BE03421444819
:40718000FDF760FE38214248FDF75CFE20214048FDF758FE464B01221A7000F05ABD454B93F90530062B40F09180424B0C221A7007F0A8FC002387F8273040218020FEF762
:4071C00067F90220FEF706F900210120FEF798F9002300220A213848FEF7A6F900210120FEF78EF90120FEF7F5F8352214212848FDF7F6FE20212648FDF724FE2F4B1B7856
:40720000BB7397F90E302E4A82FB03125211DB17D31A5BB27B737B7B1A4692001A44D200D31A9B00DAB2BB7B1344DBB2BB737B7B3033DBB219461648FDF704FEBB7B214A5D
:40724000A2FB0323DB087B737B7B3033DBB219460F48FDF7F7FD7B7B1A465201D21A9200D31A5B00DAB2BB7B1344DBB2BB73BB7B7B737B7B3033DBB219460548FDF7E2FD2A
:407280000B4B01221A70104B01221A7000F0E1BCB0E0FF1F60C703002884FF1F2F83FF1F6CC703003083FF1F78C703008283FF1FB383FF1FDCE8FF1F84C703002C83FF1F07
:4072C0001F85EB51CDCCCCCC2584FF1FB24B93F90530072B40F0BD84AF4B0D221A70002387F8273040218020FEF7D2F80220FEF771F8AA4B1B789AB2A84B1B78002B0CBF19
:4073000001230023DBB29BB219461046FEF7F8F8002300220C21A248FEF706F900210120FEF7EEF89F4B01221A7000F092BCFB79002B40F08F84984B00221A70012387F83C
:40734000273000F087BC944B93F90030042B32D1FB79012B03D0FB79042B40F07B8440218020FEF795F80220FEF734F801210020FEF7C6F8002301220B218B48FEF7D4F8B0
:40738000012301220F218948FEF7CEF80223012210218748FEF7C8F8032301220E218548FEF7C2F87F4B01221A7000210120FEF7A7F800F04FBC784B93F90030052B42D1CF
:4073C000FB79012B03D0FB79042B40F043847A4B1B781A46794B1B8899B2794B23F81210764B1B889BB25B0A9BB2012219464020FBF724FF704B1B781846704B5B8899B226
:407400006F4A00F10C0322F813106B4B1B780133DAB2694B1A70684B1B780C2B03D101F0B9F800F017BC644B1B781A46654B9B5C1846022328220221FEF70AF9594B012261
:407440001A7000F007BC544B93F90030062B20D1FB79012B0CD15C4B1B780133DBB203F00103DAB2584B1A70584B7F221A70F1E3FB79002B40F0EE83534B1B78013BDBB24E
:4074800003F00103DAB2504B1A70504B7F221A70E0E3414B93F90030072B68D1002387F82730FB79032B09D1494B1B780133DBB203F00103DAB2464B1A7015E0FB79022B57
:4074C00009D1434B1B78013BDBB203F00103DAB23F4B1A7008E0FB79002B05D12E4B03221A70012387F8273040218020FDF7D0FF0220FDF76FFF00210120FEF701F8002317
:4075000000220F213348FEF70FF8314B1B789AB22F4B1B78002B0CBF01230023DBB29BB219461046FDF7ECFF012300220F212A48FDF7FAFF264B1B78002B0CBF0123002359
:40754000DBB29AB2224B1B789BB219461046FDF7D7FF022300220F212048FDF7E5FF00210120FDF7CDFF0F4B01221A7072E30A4B93F90030092B46D1FB79012B32D1184BEF
:407580001B780133DBB203F00103DAB2144B1A700E4B7F221A705DE3DCE8FF1F2984FF1F90C70300B383FF1FA0C70300ACC70300BCC70300D0C703002D84FF1F34E0FF1FEB
:4075C0004498FF1FFC81FF1F2684FF1F2484FF1F3383FF1FB4C60300C4C60300D4C603002784FF1FFB79002B40F03483A54B1B78013BDBB203F00103DAB2A24B1A70A24B6B
:407600007F221A7026E3A14B93F900300A2B40F09380FB79032B40D19D4B1B780133DBB203F00103DAB29A4B1A700120FDF74AFF0220FDF747FF964B1B789AB2944B1B7829
:40764000002B0CBF01230023DBB29BB219461046FDF756FF012300220F218E48FDF764FF8B4B1B78002B0CBF01230023DBB29AB2874B1B789BB219461046FDF741FF022313
:4076800000220F218448FDF74FFF00210120FDF737FF824B01221A70DCE2FB79022B40D17B4B1B78013BDBB203F00103DAB2784B1A700120FDF706FF0220FDF703FF744B31
:4076C0001B789AB2724B1B78002B0CBF01230023DBB29BB219461046FDF712FF012300220F216C48FDF720FF694B1B78002B0CBF01230023DBB29AB2654B1B789BB2194601
:407700001046FDF7FDFE022300220F216248FDF70BFF00210120FDF7F3FE604B01221A7098E2FB79002B40F09582584B03221A70012387F827308DE2544B93F900300B2BBA
:4077400040F0D481FB79012B3BD1554B93F90030002B09D1534B1B780133DBB203F00103DAB2504B1A7084E04D4B93F90030012B09D14D4B1B780133DBB203F00103DAB2B0
:40778000494B1A7075E0464B93F90030022B09D1464B1B780133DBB203F00103DAB2434B1A7066E03E4B93F90030032B61D1404B1B780133DBB203F00103DAB23C4B1A7024
:4077C00057E0FB79002B3BD1354B93F90030002B09D1344B1B78013BDBB203F00103DAB2304B1A7045E02E4B93F90030012B09D12D4B1B78013BDBB203F00103DAB22A4BD7
:407800001A7036E0264B93F90030022B09D1274B1B78013BDBB203F00103DAB2234B1A7027E01F4B93F90030032B22D1204B1B78013BDBB203F00103DAB21D4B1A7018E0A9
:40784000FB79032B09D1164B93F90030DBB2013BDBB25AB2124B1A700BE0FB79022B08D10F4B93F90030DBB20133DBB25AB20C4B1A700B4B93F90030002B1BDA084B0322C6
:407880001A701FE02784FF1F2484FF1FDCE8FF1FB283FF1F34C7030044C70300B383FF1F2884FF1F2E83FF1F2F83FF1F3083FF1F8283FF1FAD4B93F90030032B02DDAB4B07
:4078C00000221A7000210120FDF71AFE002300220B21A748FDF728FEA44B93F90030002B0CBF01230023DBB23B733B7B9BB20193102300932523002250219E48FCF7F0FFF1
:407900003B7B002B0CBF01230023DBB29BB23A7B92B211461846FDF7F3FD974B1B78002B08D04F219348FDF78DFA4E219148FDF789FA0BE04F218F48FDF784FA46218D480B
:40794000FDF780FA46218B48FDF77CFA00210120FDF7D6FD012300220B218848FDF7E4FD824B93F90030012B0CBF01230023DBB23B733B7B9BB201931023009325231022FC
:4079800050217C48FCF7ACFF3B7B002B0CBF01230023DBB29BB23A7B92B211461846FDF7AFFD774B1B78002B08D04F217148FDF749FA4E216F48FDF745FA0BE04F216D48B8
:4079C000FDF740FA46216B48FDF73CFA46216948FDF738FA00210120FDF792FD022300220B216848FDF7A0FD604B93F90030022B0CBF01230023DBB23B733B7B9BB20193E6
:407A0000102300932523202250215A48FCF768FF3B7B002B0CBF01230023DBB29BB23A7B92B211461846FDF76BFD574B1B78002B08D04F214F48FDF705FA4E214D48FDF788
:407A400001FA0BE04F214B48FDF7FCF946214948FDF7F8F946214748FDF7F4F900210120FDF74EFD032300220B214848FDF75CFD3E4B93F90030032B0CBF01230023DBB29C
:407A80003B733B7B9BB20193102300932523302250213848FCF724FF3B7B002B0CBF01230023DBB29BB23A7B92B211461846FDF727FD374B1B78002B08D032212D48FDF7B3
:407AC000C1F934212B48FDF7BDF90BE034212948FDF7B8F938212748FDF7B4F920212548FDF7B0F92B4B01221A70B3E02A4B93F900300D2B7FD1FB79012B06D1274B1B7865
:407B00000133DAB2264B1A70A4E0FB79002B06D1214B00221A70012387F827309AE0FB79032B41D140218020FDF7B2FC0220FDF751FC1A4B1B789AB2184B1B78002B0CBF1A
:407B400001230023DBB29BB219461046FDF7D8FC002300220C211348FDF7E6FC00210120FDF7CEFC0B4B01221A7073E02884FF1F54C70300B0E0FF1F2E83FF1F60C70300DF
:407B80002F83FF1F6CC703003083FF1F78C703008283FF1FB383FF1FDCE8FF1F2984FF1F5883FF1F90C70300FB79022B52D140218020FDF76DFC0220FDF70CFCC24B1B7855
:407BC0009AB2C14B1B78002B0CBF01230023DBB29BB219461046FDF793FC002300220C21BA48FDF7A1FC00210120FDF789FCB84B01221A702EE0B74B93F90030012B29D1E9
:407C0000FB79012B10D1B44B1B780133DAB2B24B1A70B14B1B780E2B02D900F019FD19E0022387F8273015E0FB79002B09D1A94B00221A70012387F82730A74B00221A70A7
:407C400008E0FB79042B05D100F002FD02E000BF00E000BF97F82730012B44D140218020FDF716FC0220FDF7B5FB00233B622CE0984B93F901301A463B6A9A4214D101212C
:407C80000020FDF73DFC954A3B6A52F823003B6ADBB200220F21FDF747FC3B6ADBB219460020FDF787FC0DE000210120FDF728FC8A4A3B6A52F823003B6ADBB200220F21F2
:407CC000FDF732FC3B6A01333B62854B1B781A463B6A9A42CCDC00210120FDF711FC7C4B01221A709BE197F82730022B40F0C280794B1B78002B59D106F004FF002387F801
:407D0000273040218020FDF7C3FB0220FDF762FB00210120FDF7F4FB002300220B217148FDF702FC012300220D216F48FDF7FCFB0223002208216D48FDF7F6FB0021012023
:407D4000FDF7DEFB0120FDF745FB3A2254216848FDF746F9674B1B78FB72FB7A664AA2FB0323DB08BB72BB7A3033DBB219466048FDF768F8BB7A1A465201D21A9200D31AB0
:407D80005B00DAB2FB7A1344DBB2FB72FB7ABB72BB7A3033DBB219465548FDF753F84C4B01221A70554B01221A7038E14A4B1B78012B40D1002387F8273040218020FDF717
:407DC00067FB4F4B41221A700123FB6107E04C4AFB69134420221A70FB690133FB61FB690D2BF4DD0220FDF7F5FA00210120FDF787FB002300220E214248FDF795FB012352
:407E000000220E214048FDF78FFB00210120FDF777FB0020FDF7DEFA322200213448FDF7DFF8022300220E213548FDF77DFB284B01221A70F3E0002387F82730002101200E
:407E4000FDF75EFB0020FDF7C5FA322200212848FDF7C6F8022300220E212948FDF764FB1D4B1B78013B264A4021D154184B01221A70D4E097F82730032B68D140218020D2
:407E8000FDF706FB0220FDF7A5FA0023BB6150E0104B93F903301A46BB699A4238D101210020FDF72DFB194ABB6952F82300BB69DBB200220F21FDF737FBBB69DBB219469B
:407EC0000020FDF777FB31E02984FF1F90C70300B383FF1FDCE8FF1F2B84FF1FA4C50300F681FF1FE0C70300ECC70300FCC70300B0E0FF1F2583FF1FCDCCCCCC2584FF1F30
:407F0000E881FF1F08C8030018C8030068C5030000210120FDF7F4FA434ABB6952F82300BB69DBB200220F21FDF7FEFABB690133BB613E4B1B781A46BB699A42A8DC00210E
:407F40000120FDF7DDFA3A4B01221A7067E097F82730042B63D140218020FDF799FA0220FDF738FA0023FB7500233B613AE0314B93F905301A463B699A4211D101210020D6
:407F8000FDF7BEFA2C4A3B6952F82300002300220F21FDF7C9FA00210020FDF70BFB1EE0244B93F905301A463B699A4217DA00210120FDF7A5FA3B69DAB21E4B93F90530F9
:407FC000DBB2D31AFB75FB7D032B08D81A4A3B6952F82300FB7D00220F21FDF7A5FA3B6901333B61154B1B781A463B699A42BEDCFB7D0133FB7500210120FDF781FA08E0A9
:40800000FB7D00220F210E48FDF78EFAFB7D0133FB75FB7D032BF3D9054B01221A7000BF2837BD4680BD00BF68C50300F781FF1FB383FF1FDCE8FF1F34C60300F881FF1F6C
:4080400028C8030080B500AF204B1B78002B38D11F4B1B78002B03D11D4B06221A7005E01B4B1B78013BDAB2194B1A70194B1B781A46174B1978184B9954184B00221A70A4
:40808000154B1B785B01DAB2134B5B789B00DBB21344DAB20F4B1B781344DBB25AB20F4B1B785BB213435BB2DAB20C4B1A700B4B1B7840F2E371184606F09CFB00F0D8FAE6
:4080C00002E00020FEF7BAFC00BF80BDB783FF1F6483FF1FB583FF1FD880FF1FB683FF1F80B500AF204B1B78002B37D11F4B1B780133DAB21D4B1A701C4B1B78062B02D98D
:408100001A4B00221A701A4B1B781A46174B1978184B9954184B00221A70164B1B785B01DAB2144B5B789B00DBB21344DAB2104B1B781344DBB25AB20F4B1B785BB213433D
:408140005BB2DAB20C4B1A700B4B1B7840F2E371184606F04FFB00F08BFA02E00120FEF76DFC00BF80BD00BFB783FF1F6483FF1FB583FF1FD880FF1FB683FF1F80B500AF83
:40818000194B1B78002B29D1184B1B78013BDAB2164B1A70154B1B7803F03F03DAB2134B1A70124B1B7840F2D671184606F022FB0F4B1B781A460D4B19780E4B99540B4BB2
:4081C0001A780B4B1B789BB203F2DC739BB21946104606F00FFB00F04BFA02E00220FEF72DFC00BF80BD00BFB783FF1FA683FF1FB583FF1FDC80FF1F80B500AF194B1B7815
:40820000002B29D1184B1B780133DAB2164B1A70154B1B7803F03F03DAB2134B1A70124B1B7840F2D671184606F0E4FA0F4B1B781A460D4B19780E4B99540B4B1A780B4B87
:408240001B789BB203F2DC739BB21946104606F0D1FA00F00DFA02E00320FEF7EFFB00BF80BD00BFB783FF1FA683FF1FB583FF1FDC80FF1F80B500AF0E4B1B78002B13D133
:408280000D4B1B78002B0CBF01230023DBB21A46094B1A70084B1B78002B02D000F0CAFA05E000F0E5F902E00420FEF7C7FB00BF80BD00BFB783FF1F2A84FF1F80B582B07E
:4082C00000AF40218020FDF7E3F80220FDF782F801210020FDF714F9002301220B211B48FDF722F9012301220F211948FDF71CF9022301220A211748FDF716F90323012249
:408300000F211548FDF710F9144B01221A7000210120FDF7F5F800237B600DE0104A7B6840F6FF7122F813100E4A7B68002122F813107B6801337B607B68092BEEDD0A4BB7
:4083400001221A7000BF0837BD4680BD38C8030044C8030054C8030060C80300B383FF1F0481FF1F1881FF1FB883FF1F80B586B000AF5B4B00221A7000237B6133E0594A8E
:408380007B6932F813301946574A7B6932F81330CB1A3B613B69002B02DA3B695B423B61504A7B6932F813301946504A7B6932F81330CB1AFB60FB68002B02DAFB685B4233
:4083C000FB603A69FB689A4205DD494A7B69134401221A7004E0464A7B69134400221A707B6901337B617B69092BC8DD00237B8100237B600EE03E4A7B6813441B781A4617
:408400007B6802FA03F39AB27B8913447B817B6801337B607B68092BEDDD7B891B0A9BB2DBB24FF4FC61184606F0E4F97B89DBB240F2E171184606F0DDF9F7F781FE00234E
:408440003B6045E0284A3B6832F813301B0A9BB2DAB23B689BB29B009BB203F27E739BB21946104606F0C6F91F4A3B6832F81330DAB23B689BB29B009BB203F27F739BB236
:408480001946104606F0B6F9184A3B6832F813301B0A9BB2DAB23B6803F5F0739BB29B009BB21946104606F0A5F9104A3B6832F81330DAB23B689BB29B009BB203F28173BF
:4084C0009BB21946104606F095F93B6801333B603B68092BB6DD00BF1837BD4680BD00BFB883FF1F70B1FF1F0481FF1F1881FF1FA883FF1F80B500AF40218020FCF7C8FF33
:408500000220FCF767FF01210020FCF7F9FF194B00221A70002301220B211748FDF704F8012301220F211548FCF7FEFF0223012205211348FCF7F8FF0E4B1B781A46114BA3
:408540009B5C1846022328220221FDF781F8032301220F210C48FCF7E7FF0C4B01221A7000210120FCF7CCFF094B01221A7000BF80BD00BF2D84FF1F38C8030070C8030034
:4085800080C80300FC81FF1F60C80300B383FF1FB983FF1F80B582B000AF2B4B00221A7000237B6047E0294A7B6832F813301B0A9BB2DAB27B689BB29B009BB203F2A673B8
:4085C0009BB21946104606F015F9204A7B6832F81330DAB27B689BB29B009BB203F2A7739BB21946104606F005F9184A7B680C3332F813301B0A9BB2DAB27B6803F5F573E0
:408600009BB29B009BB21946104606F0F3F80F4A7B680C3332F81330DAB27B689BB29B009BB203F2A9739BB21946104606F0E2F87B6801337B607B680B2BB4DDFEF714F962
:4086400000BF0837BD4680BDB983FF1F4498FF1F80B500AF044B00221A70044B01221A70FEF702F900BF80BD2B84FF1FA49CFF1F90B585B002AF00237B6000233B6015E09A
:408680005D4B1B7818465D493B681A46D2001A440346DB0003441B0113440B441B78FF2B01D101237B603B6801333B603B680F2BE6DD7B68002B40F0978040218020FCF732
:4086C000E7FE00210120FCF71BFF0020FCF782FE494B1B781846002300220221FCF7B8FF454B1B781A461346DB009B1A5B00444A9818012300220C21FCF716FF01230093E5
:408700008023282200213F48FCF760F83E4B1B781846032300220121FCF79AFFFCF7D2FF0246032301213948FCF7FEFE364B1B781A4613469B0013445B00354A9C18FCF7E5
:40874000C1FF024603230A212046FCF7EDFE314B01221A70284B1B781A462F4B012199542E4B00221A702E4B01221A702D4B01221A70214B1B781946204A0B46DB000B4491
:408780001B01134448331B78202B0CD01A4B1B7819461A4A0B46DB000B441B01134448331B78002B0CD1204B00221A70002006F059FB002006F074FB1C4B00221A7013E046
:4087C000194B01221A70194B1B78002B06D1012006F048FB002006F063FB05E0002006F041FB012006F05CFB114B00221A7000BF0C37BD4690BD00BFA683FF1F00BAFF1FC4
:408800001C94FF1FB0E0FF1F6483FF1F88C8030008DEFF1FB383FF1FE8A6FF1F8083FF1FB483FF1F2D83FF1F8183FF1F2C84FF1F2A84FF1F90B583B000AF00237B60002318
:408840003B6017E0494B1B78184649493B681A4692001A4453001A4603469B000344DB0013440B441B78FF2B01D101237B603B6801333B603B68032BE4DD7B68002B70D11C
:4088800040218020FCF704FE00210120FCF738FE0020FCF79FFD0023002203213548FCF743FE324B1B781A4613469B001344DB002F4A9C18FCF706FF03469A1F00230A2183
:4088C0002046FCF731FE0123002203212A48FCF72BFE264B1B781A4613469B001344DB000A33234A9C18FCF7EDFE03469A1F01230A212046FCF718FE0223002203211F48A0
:40890000FCF712FE194B1B781A4613469B001344DB001433164A9C18FCF7D4FE03469A1F02230A212046FCF7FFFD0323002203211348FCF7F9FD0D4B1B781A4613469B0001
:408940001344DB001E330A4A9C18FCF7BBFE03469A1F03230A212046FCF7E6FD094B01221A7000BF0C37BD4690BD00BFA683FF1FB89CFF1F8CC8030090C8030094C8030055
:4089800098C80300B383FF1F80B582B000AF786039603A680021786808F0C7FB00BF0837BD4680BD80B584B000AFF860B9607A607A68B968F86808F0ADFB00BF1037BD466F
:4089C00080BD00BF80B483B000AF0346FB71FEE780B582B000AF3F4B04221A803E4B18221A703E4B07221A803D4B18221A703D4B07221A803C4B18221A703C4B17221A8096
:408A00003B4B18221A703B4B47221A803A4B18221A703A4B4FF6FF721A80394B19221A70384B06221A70384B384A1278D2B21A70374B52221A70374B40F21A721A80364B4F
:408A400042F251221A800023FB7019237B6013E0FB785B00DAB2314B1B78DBB203F00103DBB21343DBB203F00303FB70782006F037FA7B68013B7B607B68002B02D0FB7850
:408A8000032BE5D17B68002B02D10320FFF79AFF234B4FF480721A80214B07221A70214B00221A70204B48221A701D4B00221A701E4B00221A701E4B02221A701D4A1D4B5D
:408AC0001B78DBB243F03F03DBB2137000BF0837BD4680BD80400040824000408440004086400040884000408A4000408C4000408E40004090400040924000409440004025
:408B00009640004000430040A14600400F010049004200402242004020420040254200400440004006400040084000400940004001400040A243004080B582B000AF1F4B6C
:408B40001B78FB711E4B1B78BB711E4B1B787B711D4AFB7903F00703DBB213701B4AFB791B09DBB21370164ABB7943F00303DBB21370144A7B7943F00303DBB21370144B1A
:408B80000F221A70134B40221A70134B40221A70124BF0221A70124B20221A700A2001F071FC084A7B791370054ABB7913700D4B66221A7000BF0837BD4680BDCF0100492C
:408BC000F8460040F94600406E5800406F5800400D5100400159004003590040205B0040235B00407658004080B586B000AF72B6614B61221A70FFF7EBFE0023FB7513E0B0
:408C0000FA7D13465B0013445B005C4A13443B613B691A683B699B889BB219461046FFF7B3FEFB7D0133FB75FB7D002BE8D00023FB751CE0FA7D13469B0013445B00504A6B
:408C40001344FB60FB681B68BB60FB685B687B60FB681A7A5B7A1B0213437B807B881A467968B868FFF79EFEFB7D0133FB75FB7D562BDFD9042243494348FFF793FE042259
:408C800042494348FFF78EFE04214248FFF77CFE04214148FFF778FE042240494048FFF781FE04223F494048FFF77CFE3F4B404A1A60404B404A1A60404A404B1B78DBB23F
:408CC00043F00203DBB213703D4A3D4B1B78DBB243F00203DBB213703A4A3A4B1B78DBB243F04003DBB21370374A374B1B78DBB243F01003DBB21370082234493448FFF774
:408D000051FE082233493448FFF74CFE0A2233493348FFF747FE0A2232493348FFF742FE0A2232493248FFF73DFE082231493248FFF738FE0A2231493148FFF733FE0A22BE
:408D400030493148FFF72EFE0A2230493048FFF729FE304A2F4B1B78DBB243F00803DBB21370FFF7E9FE0E2216492B48FFF71AFE00BF1837BD4680BD004800409CC8030019
:408D8000A4C80300D824004800760040DC240048087600401076004018760040E024004820760040E424004828760040D8060140040424A4581401400404006403500140C4
:408DC00013500140A0430040C2430040782400480251004080240048C251004088240048F05100409424004810510040A024004820510040AC24004832510040B4240048E3
:408E000040510040C024004850510040CC2400486051004022430040B043004080B500AF08F04CF903461B680C2B00D1FEE7FEE780B584B000AF7860104B1A687B6813448D
:408E40001A460F4BD31AB3F5006F09DC0B4B1B68FB600A4B1A687B681344084A136007E008F02CF902460C2313604FF0FF33FB60FB6818461037BD4680BD00BF0882FF1FDC
:408E800070EAFF1F80B586B000AF224B7B61224B3B61204B7B6135E03B691B68FB603B695B68BB603B699B683B6000237B600CE0FB681A68BB681A60BB680433BB60FB68E8
:408EC0000433FB607B6804337B607A683B689A42EED13B69DB683B6000237B6008E0BB6800221A60BB680433BB607B6804337B607A683B689A42F2D13B6910333B617B69AF
:408F0000013B7B617B69002BC6D108F0DDF8F7F783FBFEE7010000007CCF030080B582B000AF194B194A1A60194A194B1B6843F40073136000237B600FE07B68032B04D86E
:408F4000144A7B6852F8233000E0134B13497A6841F822307B6801337B607B682F2BECD90F4B1B78DAB20F4B1A700F4B0B4A1A60FFF73AFE00F070FE0C4B00221A6000BF54
:408F80000837BD4680BD00BF0CED00E00004FA0514ED00E0000000001D8E00000080FF1FBC760040C480FF1F08ED00E0C080FF1F80B584B000AF786039600123FB733B68A8
:408FC000002B5FD07B68002B5CD07B68DB68002B58D07B685B680A2B54D87B681B68002B50D0786800F066FC0346FB73FB7B002B48D17B681A683B68DA607B685A683B687F
:409000001A617B681A7A3B681A757B685A7A3B685A757B68DA683B689A617B681B68DA097B681B6803F07F03002B01D0012300E000231A443B685A603B685B687A6852681C
:4090400002FB03F31A027B68DB681A443B681A603B6808333968184600F046FB3B689B681B68002B0ED13B681B7D002B0AD0386800F072FD0346FB733B680833396818462C
:4090800000F032FBFB7B18461037BD4680BD00BF80B59AB002AFF860B9607A603B60012387F85F300023FB640023BB64BB687B647B68002B00F06B81FA687B681A443B683B
:4090C000DB689A4200F26381BB68002B00F05F81FB683B647B68FB633B689B681B687B630023BB633A6CFB6B1344013BDA093B6CDB09D31A01333B633B689A683B689B69BA
:40910000D21A3B685B681B02B2FBF3F33A68526802FB03F31A023B689B691344FB620023BB6518E0BB6DDA013B6C9A4208D8BB6D0133DB015A1E3B6C9A4201D3012300E0BB
:409140000023002B04D0BB6DBB64BB6CFB6407E0BB6D0133BB653B685A68BB6D9A42E1D83B689A68FB6AD31A1B0ABB623B681B69012B12D93A6BBB6C1344013B7B62BA6CA2
:40918000BB6A9A4207D87A6ABB6A9A4201D9012302E0002300E00123BB630023BB6563E0FB6C1A02FB6A13443B653B6C03F07F0380333B62BB6D5A1C3B6B9A4206D23B6C55
:4091C00003F07F03C3F180037B6501E0FB6B7B65BB6B002B17D0FA6CBB6A9A4213D93B685B681B023A6DD31A3B653B689A693B6D9A4208D93B681A683B685968FB6CCB1A9A
:409200001B02D31A3B653B681B7D002B0FD03B6800937B6D3A6A796C386D00F0A3FB034687F85F3097F85F30002B0BD020E0786C3A6D3B6A13447A6D194607F06BFF002399
:4092400087F85F303A6C7B6D13443B64FA6B7B6DD31AFB637A6C7B6D13447B64FB6C0133FB64BB6D0133BB65BA6D3B6B9A4297D397F85F30002B40F08A807B6B002B00F0B3
:4092800086803B685A687B6B934228BF13463B633B6B013B3B637A6B3B6BD31ABB6572E03968B86D00F056FA38653B6D002B67D03B6D04331B68FB613B6D08331A68FB690C
:4092C0001344BB61FA69FB689A4209D9FA687B681A44FB699A428CBF01230023DBB206E0FA68BB699A4234BF01230023DBB2002B46D0FA69FB689A4203D8FA68FB69D31AF5
:4093000000E000237B61FA69FB689A4203D9FA69FB68D31A00E000233B61FA68FB69934238BF13463B647B690C337B61FA687B681A44BB699A4228BF1A463B6CD31A7B6597
:40934000BA683B6913447B643B681B7D002B0FD03B6800937B6D7A69796C386D00F002FB034687F85F3097F85F30002B08D00EE0786C3A6D7B6913447A6D194607F0CAFE03
:40938000BB6D0133BB65BA6D7B6B9A4288D997F85F3018466037BD4680BD00BF90B5D7B002AF07F10C04206007F108000160391D0A603A461360012387F84F3107F120037E
:4093C00000221A6007F11C0300221A603B461B689A6807F118031A6007F108031B68C7F83C313B1D1B68002B00F0748107F10C023B1D12681B681A443B461B68DB689A4212
:4094000000F2688107F108031B68002B00F062813B1D1B68013B1B09B24AA2FB03230133C7F8343107F1100300221A600023C7F8443146E10023C7F8383107F118031B6875
:409440001B68C7F830313B4607F1140207F118011B68D7F8300100F09DF907F124034FF480720021184607F060FED7F830310133C7F8303107F12403D7F830211A6007F143
:40948000240307F10C0212685A60D7F83C31C7F82C31D7F834315A1ED7F844319A4205D107F124033A1D12689A6014E007F1240370229A603B1D3A1D1268703A1A6007F183
:4094C0000C0307F10C02126870321A60D7F83C317033C7F83C3107F124039A6807F124030C33D7F82C11184607F014FE07F114031B68002B0BD007F114031B688033194688
:4095000007F1240380338022184607F003FE3B461B685A68D7F830319A4207D23B461B685B68D7F83021D31A013300E00123C7F848317EE0D7F84821D7F830319A4204D1FB
:4095400007F12403C7F8403107E03B461968D7F8480100F0FFF8C7F8400107F118031A683B461B689B69D31A1B0A3A4612685268B3FBF2F102FB01F29B1AC7F82831D7F834
:409580004031002B17D0D7F8403104331B68D7F840210832126807F1100407F11C0107F1200001920093D7F82831224600F056FAC7F8380104E0D7F838310133C7F83831AB
:4095C000D7F83831002B1ED107F1240207F120031B681344C7F8243107F110031A68D7F8403113440C33C7F84031D7F82401D7F8401107F11C031A6807F120031B68D31A27
:409600001A4607F087FD3B461B681B7D002B0BD007F1240380338021184600F015F903461A4607F12403DA67D7F848310133C7F84831D7F84821D7F830319A427FF67AAF3F
:4096400007F1180318683B4607F124011A6800F063F9034687F84F3107F118031B68C7F840313B461B681B7D002B1BD097F84F31002B17D107F118031A683B461B689B696C
:40968000D21A3B461B681B681344C7F840313B4607F124011A68D7F8400100F03DF9034687F84F3197F84F31002B12D107F118031A683B461B689A60D7F844310133C7F82B
:4096C0004431D7F84421D7F834319A42FFF4B2AE00E000BF97F84F31184607F5AA77BD4690BD00BF2649922480B487B000AF786039600023BB6000237B613B689B69FB6037
:409700007B68FA681A6000233B6115E0FB681B68BB60BB68002B08D0BA687B699A4204D9BB687B617B68FA681A60FB6803F58073FB603B6901333B613B685B683A68126972
:4097400002FB03F23B699A42E0D800BF1C37BD4680BC704780B485B000AF786039603B689B69FB600BE0FB6803F58073FB603B681A68FB689A4202D80023FB6004E0FB6895
:409780001A687B689A42EED1FB6818461437BD4680BC704780B485B000AFF860B9607A603B60FB68002B05D0BB681B6803F58072BB681A60BB681A683B681B689A4203D39C
:4097C0003B689A69BB681A607B6800221A603B685A68FB689A4231D83B681B69012B29D9BB681A683B685B681B02D21A3B689B699A4216D23B689A693B6859683B681B69F5
:4098000003F1FF1303F57F4303FB01F31B021A44BB6819683B689B69CB1A1A447B681A600CE0BB681A683B685B681B02D21A7B681A6003E0BB681A687B681A6000BF1437C4
:40984000BD4680BC704700BF80B485B000AF78603960FF23FB730023BB8121E0BB897A6813441A78FB7B5340FB730023BB7311E097F90F30002B06DAFB7B5B00DBB283F047
:409880003103DBB202E0FB7B5B00DBB2FB73BB7B0133BB73BB7B072BEAD9BB890133BB81BA893B689A42D9D1FB7B18461437BD4680BC704780B487B000AF78600323FB75B9
:4098C0007B68DB683B617B681B68DA097B681B6803F07F03002B01D0012300E0002313447A68526802FB03F37A68127A013202FB03F31A023B691344FB603B69002B05D0CF
:40990000FB68B3F5802F01D80023FB75FB7D18461C37BD4680BC704780B588B000AFF860B9607A600423FB77FB681B0ADBB2BB6100F024FCFB681B0C7B617B69DBB2BA69A7
:4099400091B2BA68184600F02BFC386100F0AEFD3B69002B01D10023FB77FB7F18462037BD4680BD90B5C7B000AF07F10C04206007F108000160391D0A603A461360D7F85E
:4099800028319B6907F10C021268D21AD7F828311B681344C7F8103107F10C031B687C331C6807F10C031B68803380211846FFF74BFF03469C4211D107F10803186807F11F
:4099C0000C023B1D12681B68134419463B461A6807F0A0FB002387F8173137E0D7F810317C331C68D7F81031803380211846FFF72BFF03469C4226D1D7F8101107F110037A
:409A00004FF48072184607F085FB07F1100107F10C03D7F828211868FFF77EFF034687F8173197F81731002B10D107F1080318683B1D1B689B0007F11002D1183B461A681F
:409A400007F068FB02E0022387F8173197F81731184607F58E77BD4690BD00BF80B487B000AFF860B9607A603B6000237B617B6800221A603B68DA013B6A9A4208D83B6879
:409A80000133DB015A1E3B6A9A4201D3012300E00023002B27D03B6A03F07F0303F18002FB681A603A6A7B6A1A443B68DB019A420AD33A6A7B6A1A443B680133DB01013B1E
:409AC0009A4201D8012300E00023002B06D0FB681A687B6A1A44BB681A6036E0BB684FF480721A6031E03A6A7B6A1A443B68DB019A420AD33A6A7B6A1A443B680133DB0112
:409B0000013B9A4201D8012300E00023002B19D0FB6880221A60FB681A687B6A1A443B6A03F07F01FB681B68CB1A1A44BB681A60FB681A68BB681B68D21A7B6A1A447B68D7
:409B40001A6002E07B6901337B617B6918461C37BD4680BC704700BF80B5C8B000AF3B1D18603B1D1B689A6807F108031A6007F108031B681B68C7F81831012387F81731C9
:409B80000023C7F81C3153E007F108031B68194607F10C034FF48072184607F0BBFAD7F818310133C7F8183107F10C03D7F818211A6007F10C03803380211846FFF744FE4A
:409BC00003461A4607F10C03DA6707F1080318683B1D07F10C011A68FFF79EFE034687F8173107F108031A683B1D1B689B69D21A3B1D1B681B681344C7F810313B1D07F11B
:409C00000C011A68D7F81001FFF786FE034687F817313B1D07F5867207F108011B68D7F81801FFF7B7FDD7F81C310133C7F81C313B1D1B685B683A1D1268126902FB03F291
:409C4000D7F81C319A429FD897F81731184607F59077BD4680BD00BF80B483B000AF134B7F221A70124B80221A707F23FB710CE0FB79DB0003F1804303F5F043FA79013A3D
:409C8000D2B21A70FB79013BFB71FB79002BEFD1FB79DB0003F1804303F5F04300221A7000BF0C37BD4680BC704700BF0D82FF1F0C82FF1F80B485B000AF03460A46FB7111
:409CC0001346BB710123FB60FB79172B2FD8BB79002B0ED0FB791A01184B1344FA791101164A0A441278D2B242F02002D2B21A700DE0FB791A01114B1344FA7911010F4A6D
:409D00000A441278D2B222F02002D2B21A70FB791A010A4B1344FA791101084A0A441278D2B242F00102D2B21A700023FB60FB6818461437BD4680BC704700BF10700040D5
:409D400080B485B000AF0346FB710123FB60FB79172B1DD8FB791A01104B1344FA7911010E4A0A441279D2B242F00402D2B21A71FB791A01094B1344FA791101074A0A44CC
:409D80001278D2B242F00102D2B21A700023FB60FB6818461437BD4680BC70471070004080B485B000AF03460A46FB711346BB710123FB60FB79172B1BD8FB791A01104B5E
:409DC00013441B78DBB223F00E03FB72FB791A010B4B1344BA795200D2B252B202F00E0251B297F90B200A4352B2D2B21A700023FB60FB6818461437BD4680BC704700BFB4
:409E00001070004080B485B000AF0346FB710B46BB8013467B800123FB60BB8841F6FF72934202D14FF40053BB807B8841F6FF72934202D14FF400537B80FB79172B17D849
:409E4000FB79DB0003F1804303F5EC430433BB60BB68BA881A80FB79DB0003F1804303F5EC430633BB60BB687A881A800023FB60FB6818461437BD4680BC704780B485B03B
:409E800000AF03460A46FB711346BB710123FB60FB79172B07D8FB791A01064B1344BA795A720023FB60FB6818461437BD4680BC704700BF1070004090B484B000AF0446AF
:409EC000084611461A462346FB710346BB710B467B7113463B710123FB60FB79172B34D8FB79DB0003F1804303F5EC43BA7902F07F02D1B27A79D201D2B20A43D2B21A7095
:409F0000FB79DB0003F1804303F5EC433A7E1201D1B23A7902F00F02D2B20A43D2B25A70FB79DB0003F1804303F5EC433A7F02F00F02D2B29A70FB79DB0003F1804303F55C
:409F4000EC430022DA700023FB60FB6818461037BD4690BC704700BF80B582B000AFFF23FB7104F0C5FF0346BB71104B1B78182B12D90F4B1B78FB710C4B1B78013BDAB203
:409F80000A4B1A70FB79DB0003F1804303F5F0431B78DAB2064B1A70BB79184604F0ACFFFB7918460837BD4680BD00BF0C82FF1F0D82FF1F90B484B000AF044608461146E7
:409FC0001A462346FB710346BB800B46BB711346FB700123FB6097F90730002B23DBBB8823F47F6323F00F039BB2002B1BD1FB79DB0003F1804303F5F043BB60BB68BA8882
:40A000001A80FB79DB0003F1804303F5F043BA799A70FB79DB0003F1804303F5F043FA78DA700023FB60FB6818461037BD4690BC704700BF80B485B000AF0346FB710B46C2
:40A04000BB8013467B800123FB6097F90730002B17DBFB79DB0003F1804303F5F0430433BB60BB68BA881A80FB79DB0003F1804303F5F0430633BB60BB687A881A80002305
:40A08000FB60FB6818461437BD4680BC704700BF80B582B000AF00F0E5FA4FF0FF337B6000F07AFC0346002B24D1012000F042FC0346072B1BD10221124800F0F7FA034627
:40A0C000022B0DD100237B6002E0012000F0DAF90D4B1B78DBB203F00203002BF5D006E0094B1B78DBB203F00203002BE3D000F087FC01E004237B607B6818460837BD4628
:40A1000080BD00BFE4E8FF1F2247004080B582B000AF00F0A7FA00F03FFC0346002B23D100F096FC78607B68072B1AD102E0012000F0A8F9104B1B78DBB203F00203002BCA
:40A14000F5D00D4B1B78DBB203F00203002B08D0094B1B78DBB29B08DBB2002B01D100237B6000F04DFC01E004237B607B6818460837BD4680BD00BF2247004080B582B05D
:40A1800000AFFFF7C3FF78607B68002B02D1FFF77FFF78607B6818460837BD4680BD00BF80B584B000AF03463A60FB710B46BB80FB793F2B01D9102301E04FF48073FB8143
:40A1C000FB89B988F8793A6800F006F8B860BB6818461037BD4680BD80B586B000AFBA601A460346FB730B46BB811346FB8000237B61FB7B3F2B04D8FB7B042B01D901236F
:40A200007B6197F90F30002B01DA01237B61FB7B3F2B04D9FB7B412B01D901237B61FB7B3F2B06D8BB89B3F5807F0CD901237B6109E0BB89802B01D901237B61FB88102BF6
:40A2400001D001237B61BB68002B01D101237B617B69002B60D100F09FFB0346002B59D1FB88B989F87BBA6800F0B2FA78617B69072B4CD102E0012000F004F9294B1B788C
:40A28000DBB203F00203002BF5D0264B1B78DBB203F00203002B09D0224B1B78DBB29B08DBB2002B02D100237B6102E04FF0FF337B617B69002B2AD11B4B1A781A4B5B7879
:40A2C000B989F87B00F0EAFA78617B69072B1ED102E0012000F0D6F8124B1B78DBB203F00203002BF5D00F4B1B78DBB203F00203002B09D00B4B1B78DBB29B08DBB2002B8A
:40A3000002D100237B6102E04FF0FF337B6100F077FB01E004237B617B6918461837BD4680BD00BF22470040E4E8FF1F80B582B000AF04F0DDFD0346FB71194A184B1B78C1
:40A34000DBB243F00803DBB21370164A154B1B78DBB243F00803DBB21370134BC8221A70124A124B1B78DBB243F01003DBB213700F4A0F4B1B78DBB243F01003DBB21370AA
:40A3800000BF0C4B1B78DBB203F02003002BF8D0FB79184604F0B0FD00BF0837BD4680BDA0430040B043004001470040AC430040BC4300400047004080B400AF094A094B50
:40A3C0001B78DBB243F00103DBB2137000BF054B1B78DBB203F00203002BF8D000BFBD4680BC70470247004080B400AF054A054B1B78DBB223F00103DBB2137000BFBD4613
:40A4000080BC70470247004080B483B000AF0346FB7101BE00BF0C37BD4680BC704700BF80B400AF054A054B1B78DBB243F00103DBB2137000BFBD4680BC7047F646004045
:40A4400080B582B000AF786008E00C4B1B68184604F046FD7B68A3F500437B607B68B3F5004FF2D8064B1B687A6802FB03F3184604F036FD00BF0837BD4680BD2082FF1F2E
:40A480001882FF1F80B582B000AF0346FB80FB88054A127802FB03F3184604F021FD00BF0837BD4680BD00BF1C82FF1F80B582B000AF04F01DFD0346FB7100BF00BF00BF7C
:40A4C00000BF00BF00BF00BF00BF00BF00BF00BF00BF00BF00BF00BF00BF0A4A094B1B889BB243F004039BB21380064B1B88BFF36F8FFB79184604F0FFFC00BF0837BD4691
:40A5000080BD00BF0048004080B584B000AF03463960FB710F4B1B68FB60FB791F2B02D90020FFF771FFFB7903F01F0310339B00FA6813441B68BB60FB7903F01F03103350
:40A540009B00FA6813443A681A60BB6818461037BD4680BD08ED00E080B582B000AF03460A46FB711346BB71BB79072B02D90020FFF74AFFFB791F2B02D90020FFF744FF5C
:40A58000FB7903F01F0303F1604303F56443BA795201D2B21A7000BF0837BD4680BD00BF80B483B000AF7860264B1B78DBB21A467B681A60244B1B78DBB21B027A68126807
:40A5C0001A437B681A60214B1B78DBB21B047A6812681A437B681A601D4B1B78DBB21B067A6812681A437B681A607B680433194A1278D2B21A60184B1B78DBB21A027B689A
:40A6000004337968043109680A431A60134B1B78DBB21A047B6804337968043109680A431A600F4B1B78DBB21A067B6804337968043109680A431A6000BF0C37BD4680BC4E
:40A64000704700BF0301004904010049EC460040020100490101004900010049050100490601004980B582B000AF04F041FC0346FB710C4A0B4B1B78DBB243F00803DBB244
:40A680001370094A084B1B78DBB243F00803DBB21370FB79184604F02FFC00BF0837BD4680BD00BFA0430040B043004080B584B000AF78600B46FB700023FB7313E001206E
:40A6C000FFF7E0FE0C4B1B78DBB203F00103002BF5D0FB7B7A681344084A1278D2B21A70FB7B0133FB73FA7BFB789A42EAD3FB7B18461037BD4680BD22470040204700404B
:40A7000080B485B000AF3A601A460346FB710B46BB801346BB710723FB60FB793E2B02D8BB791F2B05D9FB793F2B45D9BB790F2B42D8254B1B78DBB203F00203002B38D06A
:40A74000224BB6221A70214BD4221A701F4B01221A701D4B1B78DBB203F00203002B25D11A4AFB791370194ABB881B0A9BB2DBB203F00103DBB21370144BBA88D2B21A70B0
:40A78000124ABB79013BDBB213700023FB7208E00E49FB7A3A6813441B780B70FB7A0133FB72FA7ABB799A42F2D307E00923FB6004E00423FB6001E00123FB60FB6818461E
:40A7C0001437BD4680BC7047224700402047004080B489B000AFBA601A460346FB730B46BB811346FB800723FB612A4B1B78DBB203F00203002B45D0274BB6221A70264B82
:40A80000D5221A70244B02221A70224B1B78DBB203F00203002B32D11F4AFB7B137000237B8308E01C497B8BBA6813441B780B707B8B01337B837A8BFB889A42F2D3FB8886
:40A84000B3F5807F20D1FB7B3F2B1DD8FB7B03F510331A02BB8913445B017B6100237B8309E00D497A8B7B6913441B78DBB20B707B8B01337B837B8B1F2BF2D904E009232D
:40A88000FB6101E00423FB61FB6918462437BD4680BC7047224700402047004090B484B000AF0446084611461A462346FB710346BB800B46BB711346FB700723FB601B4B7A
:40A8C0001B78DBB203F00203002B26D0184BB6221A70174BD8221A70154B05221A70134B1B78DBB203F00203002B13D1104AFB7913700F4ABB881B0A9BB2DBB213700C4B18
:40A90000BA88D2B21A700A4ABB791370084AFB78137004E00923FB6001E00423FB60FB6818461037BD4690BC704700BF224700402047004080B485B000AF0346FB71072392
:40A94000FB60134B1B78DBB203F00203002B16D0104BB6221A700F4BE1221A700D4B0E221A700B4B1B78DBB203F00203002B03D1084AFB79137004E00923FB6001E0042316
:40A98000FB60FB6818461437BD4680BC704700BF224700402047004080B582B000AF04237B6004F0A5FA0346FB70124B1B78002B16D1104B01221A7000237B600E4B1B68E8
:40A9C00003F00103002B0BD00B4A0B4B1B6823F00103136000BF00BF00BF084B01221A60FB78184604F088FA7B6818460837BD4680BD00BF3084FF1F040008403484FF1FBB
:40AA000080B582B000AF04F073FA0346FB710D4B00221A700C4B1B68012B0BD10B4A0B4B1B6843F00103136000BF00BF00BF064B00221A60FB79184604F05EFA00BF0837E6
:40AA4000BD4680BD3084FF1F3484FF1F0400084080B483B000AF07237B600C4B1B78DBB203F00203002B09D0094BB6221A70084BE0221A70064B0D221A7001E004237B6092
:40AA80007B6818460C37BD4680BC7047224700402047004080B500AF084B0F221A7000F0CBF800F099F800F0A5F8054B02221A70044B20221A7000BF80BD00BF8765004019
:40AAC0008F6400408C64004080B582B000AF04F00FFA0346FB71134A124B1B78DBB243F02003DBB21370104A0F4B1B78DBB243F01003DBB213700D4A0C4B1B78DBB243F0C0
:40AB00001003DBB21370FB79184604F0F5F900F0C3F800F049F800F04DF800BF0837BD4680BD00BF976500409F6400409C64004080B500AF064B1B78002B04D1FFF7AAFF0A
:40AB4000034B01221A70FFF7BFFF00BF80BD00BF3884FF1F80B582B000AF04F0C9F90346FB710F4A0E4B1B78DBB223F01003DBB213700C4A0B4B1B78DBB223F01003DBB289
:40AB80001370FB79184604F0B7F900F09FF800F017F800F01BF800BF0837BD4680BD00BF9F6400409C64004080B400AF00BFBD4680BC704780B400AF00BFBD4680BC704763
:40ABC00080B400AF00BFBD4680BC704780B400AF00BFBD4680BC704780B483B000AF044B1B78FB71FB7918460C37BD4680BC70476F64004080B483B000AF044B1B78FB713F
:40AC0000FB7918460C37BD4680BC70476C64004080B400AF01E0064B1B78064B1B78DBB203F02003002BF6D100BFBD4680BC70475C6400406C64004080B582B000AF01E01C
:40AC4000124B1B78124B1B78DBB203F02003002BF6D104F04DF90346FB710E4A0D4B1B78DBB243F00103DBB213700A4A094B1B78DBB223F00103DBB21370FB79184604F0A4
:40AC80003BF900BF0837BD4680BD00BF5C6400406C6400409C64004080B400AF094A094B1B78DBB243F00203DBB21370064A064B1B78DBB243F00203DBB2137000BFBD4656
:40ACC00080BC7047A2430040B243004080B400AF094A094B1B78DBB223F00203DBB21370064A064B1B78DBB223F00203DBB2137000BFBD4680BC7047A2430040B24300403D
:40AD000080B582B000AF1B4B00221A701A4B01221A7004F0EDF80346FB71184A174B1B78DBB243F01003DBB21370FB79184604F0E3F8134B0F221A70124B08221A70124BE9
:40AD400002221A6003210120FFF706FC0F490120FFF7DAFB0E4B10221A700E4B00221A700D4B00221A700D4B00221A7000BF0837BD4680BD786400408965004099650040CC
:40AD8000246400403464004080E100E049AE0000E6E8FF1FEAE8FF1FECE8FF1FE8E8FF1F80B400AF054A054B1B78DBB243F00203DBB2137000BFBD4680BC70477864004044
:40ADC00080B500AF074B1B78002B04D1FFF798FF044B01221A70FFF7E3FF034B02221A6000BF80BD3984FF1F00E100E080B400AF0F4B02221A600F4A0E4B1B78DBB223F0E5
:40AE00000203DBB213700C4B1B780C4A0B4B1B78DBB223F02003DBB21370094B02221A60084B10221A7000BFBD4680BC704700BF80E100E0786400406965004089650040F3
:40AE400080E200E0E6E8FF1F80B582B000AFA64B1B78FB71A54B1B78DBB203F04003DBB2002B00F0CD81FB7903F00103002B00F0A4819E4B1B78DBB2453B052B00F29981F2
:40AE800001A252F823F000BFA1AE0000E7AF0000B3B10000B3B10000A1AE00001DB10000FB7923F02003FB71FB7903F00A03DBB2082B54D18D4B1B78DBB2452B42D18C4B48
:40AEC0001B78DBB2002B15D08A4A8B4B1B681B78DBB21370894B06221A70894BFF221A70884B00221A70884B01221A707F4B46221A7062E1854B1B78DBB203F00203002B3C
:40AF00000ED0834B1B78DBB243F00A03DAB2804B1A70764B60221A707E4B02221A604CE17D4A7D4B1B78DBB243F02003DBB21370724B52221A70724BFF221A70714B0022AD
:40AF40001A703AE16D4B02221A706D4BFF221A706C4B00221A70654B4A221A702DE1FB7903F00A03DBB20A2B39D1694B1B78DBB263F05F03DAB2664B1A70644B1B78DBB2ED
:40AF800003F00203002B18D0584B1B78DBB203F00803002B01D0092300E00A23DAB25C4B1B78DBB21343DAB2594B1A704F4B60221A70584B02221A60FFE0574A564B1B7892
:40AFC000DBB243F02003DBB213704C4B52221A704B4BFF221A704B4B00221A70EDE00020FFF712FAE9E0FB7903F00203002B4AD1454B1B78DAB23E4B1B78DBB29A421AD2BC
:40B000003C4A3D4B1B6840490978C9B20B441B78DBB21370394B06221A70394BFF221A70384B00221A70384B1B78DBB20133DAB2354B1A70C1E0354B1B78DBB203F00203CE
:40B04000002B0ED0324B1B78DBB243F00A03DAB22F4B1A70254B60221A702E4B02221A60ABE02D4A2C4B1B78DBB243F02003DBB21370224B52221A70214BFF221A70214BDA
:40B0800000221A7099E0214B1B78DBB203F00203002B0ED01E4B1B78DBB263F06503DAB21B4B1A70114B60221A701A4B02221A6083E0194A184B1B78DBB243F02003DBB287
:40B0C00013700E4B52221A700D4BFF221A700D4B00221A700E4B1B78DBB263F06F03DAB20B4B1A7069E000BF69650040E6E8FF1FEBE8FF1F08640040F0E8FF1F7864004014
:40B100001864004058640040E8E8FF1FE9E8FF1FEAE8FF1F80E100E089650040404B1B68404A1278D2B213443F4A1278D2B21A703C4B1B78DBB20133DAB23A4B1A70394B03
:40B140001B78DAB2394B1B78DBB29A4209D2384B02221A70374BFF221A70374B00221A702BE0364B1B78DBB203F00203002B0ED0334B1B78DBB243F00903DAB2304B1A70AE
:40B18000304B60221A70304B02221A6015E02F4A2E4B1B78DBB243F02003DBB21370244B12221A70234BFF221A70234B00221A7003E00020FFF728F900BFFB7903F02003BF
:40B1C000002B28D01F4B1B78DBB203F00803002B01D0012300E00223DAB2194B1B78DBB21343DAB2164B1A70184A184B1B78DBB223F02003DBB21370124B10221A700AE074
:40B20000104B1B78DBB203F01003DBB2002B02D10C4B10221A7000BF0837BD4680BD00BFF4E8FF1FECE8FF1F08640040F8E8FF1F786400401864004058640040E9E8FF1F99
:40B24000EAE8FF1FE6E8FF1F80E100E08965004080B485B000AF396011461A460346FB710B46BB7113467B710223FB733B68002B5DD0324B1B78DBB2102B0CD1304B1B7853
:40B28000DBB203F01003002B02D10023FB7314E00123FB7311E0294B1B78DBB2602B0CD10023FB73274B02221A60274B1B78DBB223F00803DAB2244B1A70FB7B002B36D17B
:40B2C0001E4B45221A70214B00221A70204ABB791370204A3B6813601F4A7B7913701A4B1B78DBB223F00203DAB2174B1A701B4AFB795B00DBB213707B7903F00103002BEC
:40B3000009D0174B32221A70164BFF221A70164B00221A7008E0124B82221A70114BFF221A70114B00221A70104B02221A60FB7B18461437BD4680BC704700BFE6E8FF1FA0
:40B340006965004080E200E0EAE8FF1FE8E8FF1FEBE8FF1FF0E8FF1FE9E8FF1F0864004078640040186400405864004000E100E080B485B000AF396011461A460346FB716B
:40B380000B46BB7113467B710223FB733B68002B60D0334B1B78DBB2102B0CD1314B1B78DBB203F01003002B02D10023FB7314E00123FB7311E02A4B1B78DBB2602B0CD1DF
:40B3C0000023FB73284B02221A60284B1B78DBB223F00803DAB2254B1A70FB7B002B39D11F4B49221A70224B00221A70214ABB791370214A3B681360204A7B7913701B4B67
:40B400001B78DBB223F00103DAB2184B1A701C4AFB795B00DBB243F00103DBB213707B7903F00103002B09D0164B32221A70164BFF221A70154B00221A7008E0114B822225
:40B440001A70114BFF221A70104B00221A70104B02221A60FB7B18461437BD4680BC7047E6E8FF1F6965004080E200E0EAE8FF1FECE8FF1FF8E8FF1FF4E8FF1FE9E8FF1F21
:40B480000864004078640040186400405864004000E100E080B483B000AF0D4B02221A600C4B1B78FB710C4B1B78DBB203F04003DBB2002B03D0FB7943F00403FB71074B45
:40B4C00002221A60FB7918460C37BD4680BC704780E100E0EAE8FF1FE6E8FF1F00E100E080B483B000AF094B02221A60084B1B78FB71074B00221A70064B02221A60FB790A
:40B5000018460C37BD4680BC704700BF80E100E0EAE8FF1F00E100E080B400AF054B1B78DBB203F010031B09DBB21846BD4680BC704700BF5151004080B400AF054B1B78FE
:40B54000DBB203F08003DB09DBB21846BD4680BC704700BF1151004080B500AF41F6FF734FF480420121022000F0FCF903461A460A4B1A7041F6FF7341F6FF7201210820C4
:40B5800000F022FA03461A46054B1A70054800F04DFA002000F05CFA00BF80BD4084FF1F4184FF1F4DB7000080B582B000AF414B1B781846FEF7C4FB3F4B1B781846FEF796
:40B5C000BFFB3E4B1B78FF2B05D1FEF7C5FC03461A463A4B1A70394B1878384B1A7806230821FEF7E7FC354B1B78354A92B245F6A0311846FEF71EFD2E4B1A782F4B1B784C
:40B6000019461046FEF73AFC2E4B1B78FF2B05D1FEF7A2FC03461A462A4B1A70294B1878284B1A7807230821FEF7C4FC254B1B78234A91B2244A92B21846FEF7FBFC1E4BBA
:40B640001A78204B1B7819461046FEF717FC194B1B7801211846FEF72DFB174B1B7801211846FEF727FB03F043FC0346FB71174A164B1B78DBB243F02003DBB21370FB79BA
:40B68000184603F039FC124A114B1B78DBB243F00103DBB213700E4A0D4B1B78DBB243F00203DBB213700B4B01221A6000BF0837BD4680BD4084FF1F4184FF1F2482FF1F13
:40B6C0004484FF1F2582FF1FFCE8FF1F906400407B64004080E200E080B500AF084B1B68002B04D1FFF738FF054B01221A6000F033F8FFF759FF034B1B7800BF80BD00BF2F
:40B700003C84FF1F6865004080B500AF00F0D8F800BF80BD80B483B000AF0346FB80FB88C3F10303074A32F913309AB2064B1B881BB29BB2D31A9BB21BB218460C37BD46A3
:40B7400080BC7047FCE8FF1F0CE9FF1F80B400AF00BFBD4680BC704780B500AF064B1B78002B04D100F00AF8034B01221A7000F01BF800BF80BD00BF4C84FF1F80B500AFE4
:40B78000074A074B1B78DBB243F00603DBB213700C2000F06BF8034B00221A8000BF80BD0159004006E9FF1F80B582B000AF03F09FFB0346FB71254A244B1B78DBB243F0C5
:40B7C0000103DBB21370224A214B1B78DBB243F00103DBB213701F4B1B78BB71BB7943F00203BB71BB7943F00103BB71194ABB791370194B04221A70184A184B1B78DBB28B
:40B8000043F04003DBB21370144A144B1B78DBB223F00303DBB21370114BC8221A70114B02221A70104A104B1B78DBB243F00803DBB213700A20FEF725FEFB79184603F078
:40B840005BFB00BF0837BD4680BD00BFAB430040BB4300400359004006590040055900400059004014460040275B004080B584B000AF0346FB71FB790A2B07D00C2B02D0E5
:40B88000082B06D008E0C423FB730BE08423FB7308E04423FB7305E0C423FB730020FEF7B3FD00BF054AFB7B1370FB79184600F017F800BF1037BD4680BD00BF025900400E
:40B8C00080B400AF054A054B1B78DBB243F00103DBB2137000BFBD4680BC70470059004080B584B000AF0346FB71FB790A2B08D00C2B02D0082B08D00BE04FF48053FB6053
:40B900000DE04FF48063FB6009E04FF48073FB6005E00023FB600020FEF776FD00BF0D4B00221A80FB6842F2107202FB03F303F27263094A82FB03121A44D212DB17D31A85
:40B94000064A1360064B00221A8000BF1037BD4680BD00BF04E9FF1FEF09E09E08E9FF1F0CE9FF1F90B585B002AF0446084611461A462346FB710346BB710B46BB801346A6
:40B980007B80104B05221A700E4B1878BA79F97900230193002300930523FEF78DFA094B1B787A88B9881846FEF72CFA054B1B7803211846FEF7F4F9024B1B7818460C3776
:40B9C000BD4690BD2682FF1F90B585B002AF0446084611461A462346FB710346BB710B46BB8013467B80104B04221A700E4B1878BA79F97900230193002300930423FEF76B
:40BA00005BFA094B1B787A88B9881846FEF7FAF9054B1B7803211846FEF7C2F9024B1B7818460C37BD4690BD2782FF1F80B485B000AF7860054B1B68FB60FB6840337A68BE
:40BA40001A6000BF1437BD4680BC704708ED00E080B483B000AF0346FB71054AFB795B01DBB2137000BF0C37BD4680BC704700BF00E400E080B400AF034B1B78DBB2184653
:40BA8000BD4680BC704700BF6A64004080B584B000AF03460A46FB8013467B7100F0B4F80346FB7300F0A4F80346BB81FA88BB899A4200F08880464B1B78DBB203F00103AC
:40BAC000FB72FB7B002B20D1BB89002B02D0FB88002B1AD1BB89002B0BD13E4AFB8813803D4A3D4B1B78DBB223F04003DBB2137069E0394A384B1B78DBB243F04003DBB27D
:40BB00001370344AFB8813805DE0FB7A002B33D0324B00221A70324B01221A70314B00221A70314A304B1B78DBB203F07F03DBB21370294B1B78DBB203F00803002B02D069
:40BB4000FB88002B18D1294ABB891380234B07221A7000BF214B1B78DBB203F00103002BF8D11B4A1A4B1B78DBB223F00103DBB213701A4B00221A70154B1B78DBB203F0F8
:40BB80000103002B13D0194AFB881380134A7B79002B01D0032300E00123137000BF0F4B1B78DBB203F00103002BF8D10BE0094AFB8813800649064B1B78DAB2FB7A1343FE
:40BBC000DBB20B70FFE700BF1037BD4680BD00BFA24300408040004082400040014000401040004014400040084000400240004080B400AF034B1B889BB21846BD4680BCBE
:40BC0000704700BF8040004080B400AF044B1B78DBB203F00703DBB21846BD4680BC70478240004080B500AF084B07221A7000F083F800F051F800F05DF8054B00221A708D
:40BC4000044B08221A7000BF80BD00BF87640040836400408565004080B582B000AF03F047F90346FB71104A0F4B1B78DBB243F02003DBB213700D4A0C4B1B78DBB243F051
:40BC80001003DBB213700A4A094B1B78DBB243F01003DBB21370FB79184603F02DF900BF0837BD4680BD00BF97640040936400409565004080B500AF064B1B78002B04D1E7
:40BCC000FFF7B0FF034B01221A70FFF7C5FF00BF80BD00BF4D84FF1F80B483B000AF044B1B78FB71FB7918460C37BD4680BC70476364004080B483B000AF044B1B78FB7166
:40BD0000FB7918460C37BD4680BC70476565004080B400AF01E0064B1B78064B1B78DBB203F00803002BF6D100BFBD4680BC7047576400406565004080B582B000AF01E034
:40BD4000124B1B78124B1B78DBB203F00803002BF6D103F0CDF80346FB710E4A0D4B1B78DBB243F00303DBB213700A4A094B1B78DBB223F00303DBB21370FB79184603F02A
:40BD8000BBF800BF0837BD4680BD00BF57640040656500409764004080B500AF084B07221A7000F083F800F051F800F05DF8054B00221A70044B08221A7000BF80BD00BF06
:40BDC00084650040816400408664004080B582B000AF03F08DF80346FB71104A0F4B1B78DBB243F02003DBB213700D4A0C4B1B78DBB243F01003DBB213700A4A094B1B78EF
:40BE0000DBB243F01003DBB21370FB79184603F073F800BF0837BD4680BD00BF94650040916400409664004080B500AF064B1B78002B04D1FFF7B0FF034B01221A70FFF7EC
:40BE4000C5FF00BF80BD00BF4E84FF1F80B483B000AF044B1B78FB71FB7918460C37BD4680BC70476164004080B483B000AF044B1B78FB71FB7918460C37BD4680BC704770
:40BE80006664004080B400AF01E0064B1B78064B1B78DBB203F00803002BF6D100BFBD4680BC7047556500406664004080B582B000AF01E0124B1B78124B1B78DBB203F05F
:40BEC0000803002BF6D103F013F80346FB710E4A0D4B1B78DBB243F00303DBB213700A4A094B1B78DBB223F00303DBB21370FB79184603F001F800BF0837BD4680BD00BFCD
:40BF000055650040666400409565004080B582B000AF786000F03CF8786800F009F8062000F018F800F028F800BF0837BD4680BD80B485B000AF7860054B1B68FB60FB68EB
:40BF40006C337A681A6000BF1437BD4680BC704708ED00E080B483B000AF0346FB71054AFB795B01DBB2137000BF0C37BD4680BC704700BF0BE400E080B400AF034B4FF4FD
:40BF800000621A6000BFBD4680BC704700E100E080B400AF034B4FF400621A6000BFBD4680BC704780E100E080B400AF034B4FF400621A6000BFBD4680BC704780E200E0A2
:40BFC00080B582B000AF03460A46FB711346BB71094B1B78002B04D100F010F8064B01221A70BA79FB791146184600F0C5F800BF0837BD4680BD00BF4F84FF1F80B582B066
:40C0000000AF02F075FF0346FB714C4A4B4B1B78DBB243F00103DBB21370494A484B1B78DBB243F00103DBB21370464B01221A70454B02221A70454A444B1B78DBB203F069
:40C040007F03DBB213700020FEF71CFA404A404B1B78DBB223F00603DBB213703D4A3D4B1B78DBB223F02003DBB21370384A384B1B78DBB243F00103DBB213700120FEF7AB
:40C0800001FA2820FEF7FEF9334A334B1B78DBB203F07F03DBB213702F4A2F4B1B78DBB223F04003DBB21370294A294B1B78DBB243F00203DBB213700220FEF7E3F9244A88
:40C0C000234B1B78DBB243F00403DBB21370234B00221A70224B00221A70FB79184602F00BFF01211720FEF737FA1E491720FEF70BFA01211820FEF72FFA1B491820FEF747
:40C1000003FA01210220FEF727FA18490220FEF7FBF901210320FEF71FFA15490320FEF7F3F901210C20FEF717FA12490C20FEF7EBF900BF0837BD4680BD00BFA5430040AE
:40C14000B54300409D60004009600040106000409443004012600040F8510040846000408560004051CD0000FDC60000BDCC000005CD00005DCD000080B582B000AF034691
:40C180000A46FB711346BB712B4AFB7913702B4B00221A702A4B00221A702A4B00221A70294B00221A70294B00221A70284B00221A70284B00221A70274B4FF400021A60BF
:40C1C000254B4FF080721A60234B04221A60224B08221A60BB79002B02D0012B09D011E01E4A1E4B1B78DBB223F00103DBB2137011E01A4A194B1B78DBB243F00103DBB229
:40C20000137008E0154A154B1B78DBB223F00103DBB2137000BF124B03221A70114B80221A70012002F05CFE0F4B04221A7000BF0837BD4680BD00BF1BE9FF1F10E9FF1F8D
:40C2400022E9FF1F28E9FF1F11E9FF1F1CE9FF1F39E9FF1F12E9FF1F00E100E00960004028600040086000401260004080B400AF0F4B00221A700F4B00221A700E4B0022DC
:40C280001A700E4B00221A700D4B00221A700D4B00221A700C4B00221A700C4B03221A700B4B80221A7000BFBD4680BC704700BF10E9FF1F22E9FF1F28E9FF1F11E9FF1F61
:40C2C0001CE9FF1F39E9FF1F12E9FF1F286000400860004080B582B000AF02F009FE0346FB712F4A2E4B1B78DBB203F07F03DBB213702C4A2B4B1B78DBB223F00403DBB244
:40C300001370294A284B1B78DBB223F00103DBB21370264A254B1B78DBB223F00103DBB21370234A224B1B78DBB263F07F03DBB213701F4A1E4B1B78DBB243F04003DBB252
:40C340001370FB79184602F0D7FD1A4B4FF400021A60184B4FF080721A60164B04221A60144B08221A6001F0FFFF134B4FF480521A60124B00221A70114B00221A70114B23
:40C3800000221A70104B00221A70104B00221A700F4B00221A7000BF0837BD4680BD00BF0860004012600040A5430040B5430040F851004080E100E080E200E022E9FF1FD1
:40C3C00028E9FF1F11E9FF1F1CE9FF1F39E9FF1F4F84FF1F80B400AF034B1B78DBB21846BD4680BC704700BF28E9FF1F80B483B000AF0023FB71084B1B78DBB2002B05D0F7
:40C40000054B1B78FB71044B00221A70FB7918460C37BD4680BC704722E9FF1F80B483B000AF0346FB71FA79064913465B0013449B000B4401331B78DBB218460C37BD4604
:40C4400080BC70473CE9FF1F80B485B000AF0346FB710023FB81FB79002B1CD0FB79082B19D8104AFB791B0113441B78DBB29BB203F00F03FB81FB891B029AB20949FB7915
:40C480001B010B4401331B78DBB29BB21343FB81FB89023BFB81FB8918461437BD4680BC704700BFFC5F0040B0B485B000AF03463960FB711346BB80FB79002B6DD0FB796A
:40C4C000082B6AD8B988FA79364813465B0013449B00034406331B889BB2C3F5007399420CD9FA792F4913465B0013449B000B4406331B889BB2C3F50073BB802A4CF9793D
:40C50000BB881B0A9BB2D8B2FA79264D13465B0013449B002B4403331B78DBB20343DAB20B0123441A70204AFB79B988C9B21B01134401330A461A703B68002B13D00023AD
:40C54000FB810CE01948FB79FA8939680A4412781B01034408331A70FB890133FB81FA89BB889A42EED3FA790E4913465B0013449B000B44013300221A700B48F979FA79EC
:40C58000084C13465B0013449B00234405331B78DAB20B01034402331A7000BF1437BD46B0BC70473CE9FF1FFC5F00407060004080B584B000AF03463960FB711346BB8099
:40C5C0003B68002B30D0FB79002B2DD0FB79082B2AD8FB791846FFF737FF03461A46BB88934205D9FB791846FFF72EFF034600E0BB88BB800023FB810DE0FB893A681344E6
:40C600000D49FA7912010A4408321278D2B21A70FB890133FB81FA89BB889A42EDD3FB79184600F00BF801E00023BB80BB8818461037BD4680BD00BF7060004090B482B0F7
:40C6400000AF0346FB71FB79002B1CD0FB79082B19D8FA790E4913465B0013449B000B44013300221A700B48F979FA79084C13465B0013449B00234405331B78DAB20B0198
:40C68000034402331A7000BF0837BD4690BC70473CE9FF1FFC5F004080B483B000AF0346FB71FB79002B08D00A4B1B78DBB243F00103DAB2074B1A7007E0064B1B78DBB2E4
:40C6C00023F00103DAB2034B1A7000BF0C37BD4680BC704739E9FF1F80B400AF064B1B78DBB203F00103002B14BF01230023DBB21846BD4680BC70476B64004080B582B0A0
:40C7000000AF374B1B78BB71BB7903F01003002B62D00123FB7197F90630002B12DABB7903F00F03012B02D00023FB711CE000F061F82C4B1B78DBB25BB2002B14DA00231A
:40C74000FB7111E0BB7903F04003002B02D000F095F809E0BB7903F02003002B02D000F0B3F801E00023FB71FB79002B34D01C4B1B78BB7197F90630002B2DDB1A4B1B7883
:40C78000DAB21A4B1B78DBB21343BB71184ABB791370174B1B78DBB2BA799A421CD1114B1B78FB710E4B1B78DBB223F07F03BB71BB79002B0AD10A4B0A4A1278D2B21A703F
:40C7C000074B1B78DBB203F00F03FB71054B1B78DBB2FA799A42E2D100BF0837BD4680BD286000401AE9FF1F1DE9FF1F38E9FF1F2960004080B582B000AF1D4B1B78FB7114
:40C800001B4AFB7913701A4B1B78FB7197F90730002B03DA174AFB79137025E0022000F013FA154B1B78DBB203F06003202B08D0402B0BD0002B0ED100F096FA0346FB716F
:40C840000CE002F05DFB0346FB7107E001F074FA0346FB7102E00023FB7100BFFB79002B02D1044B03221A7000BF0837BD4680BD286000401AE9FF1F0060004080B500AF87
:40C88000104B1B78DBB2062B19D801A252F823F0BFC80000BFC80000ADC80000BFC80000B3C80000BFC80000B9C8000000F0F8F806E000F075F903E000F0A0F900E000BF1F
:40C8C00000BF80BD10E9FF1F80B500AF124B1B78DBB2062B1DD801A252F823F013C9000013C90000F9C8000013C90000FFC8000013C9000005C9000000F0D8F80AE000F03E
:40C90000F5F807E0032000F09FF9044B03221A7000E000BF00BF80BD10E9FF1F1AE9FF1F80B483B000AF0023FB71294B1B78DBB29AB2284B1B889BB213449AB2254B1A8012
:40C9400015E02549FB79254A52681278D2B2CA54224B5B680133214A5360FB790133FB711E4B1B889BB2013B9AB21C4B1A801B4B1B889BB2002B02D0FB79072BE1D9144B01
:40C980001B78DBB2082B02D0FB79002B0FD0144B1B78DBB283F07F03DB43DAB2104B1A70104B0F221A70104B02221A7005E00D4B02221A700C4B02221A700C4AFB79137075
:40C9C000034AFB79137000BF0C37BD4680BC704712E9FF1F26E9FF1F006000402CE9FF1F1DE9FF1F1AE9FF1F10E9FF1F38E9FF1F80B582B000AF164B1B889BB2002B02D1E2
:40CA000000F02EF81EE0134B02221A70124B00221A7000F039F9114BDB79DBB29BB21B029AB20E4B9B79DBB29BB21343FB80084B1B889BB2FA889A4202D2054AFB881380C6
:40CA4000FFF76EFF012318460837BD4680BD00BF2CE9FF1F10E9FF1F1DE9FF1F0060004080B400AF094B02221A70094B80221A70084B0F221A70084B00221A70074B00229F
:40CA80001A7001231846BD4680BC704710E9FF1F1DE9FF1F1AE9FF1F12E9FF1F38E9FF1F80B500AFFFF73CFF00BF80BD80B500AF0A4B1B78DBB29AB2094B1B889BB213446F
:40CAC0009AB2074B1A80074B00221A70012000F0BBF8054B03221A7000BF80BD12E9FF1F26E9FF1F10E9FF1F1AE9FF1F80B483B000AF0023BB71234B1B78DBB203F00F03CB
:40CB0000DBB2023BFB71FB799AB21F4B1B889BB213449AB21C4B1A8018E01C4B5B681C49BA798A5CD2B21A70184B5B680133174A5360BB790133BB71FB79013BFB71134BD7
:40CB40001B889BB2013B9AB2104B1A800F4B1B889BB2002B02D0FB79002BDED10D4AFB7913700D4B1B78DBB283F07F03DB43DAB2094B1A70094B0B221A7000BF0C37BD4660
:40CB800080BC70472960004026E9FF1F2CE9FF1F0060004038E9FF1F1DE9FF1F1AE9FF1F80B500AF054B00221A70012000F04CF8034B03221A7000BF80BD00BF10E9FF1F31
:40CBC0001AE9FF1F80B400AF084B06221A70084B06221A70074B80221A70074B00221A7001231846BD4680BC704700BF10E9FF1F1AE9FF1F1DE9FF1F38E9FF1F80B500AFF5
:40CC00000D4B1B78DBB2002B0AD00C4A0A4B1B78DBB263F07F03DBB21370074B00221A70074B00221A70012000F00EF8054B03221A7000BF80BD00BF1CE9FF1F086000402F
:40CC400010E9FF1F1AE9FF1F80B483B000AF0346FB710B4B9B68002B0CD0094B9B68FA791A70074B9B68074A128892B25A80044B00229A6000BF0C37BD4680BC704700BF7D
:40CC80002CE9FF1F26E9FF1F80B400AF094B00221A80094B9B68002B07D0074B9B6800221A70054B9B6800225A8000BFBD4680BC704700BF26E9FF1F2CE9FF1F80B400AFC1
:40CCC0000D4B01221A700D4B9B7C0D4B1B7BDBB203F00303012B08D0094BDB7BDBB283F07F03DB43DAB2064BDA73054B01225A7300BFBD4680BC70470B600040FC5F004099
:40CD00003CE9FF1F80B400AF0E4B02221A700E4B93F822300D4B1B7EDBB203F00303012B08D00A4BDB7EDBB283F07F03DB43DAB2064BDA76054B01225A7600BFBD4680BC59
:40CD4000704700BF0B600040FC5F00403CE9FF1F80B500AFFFF78AFA00BF80BD80B500AF01F002FB00BF80BD80B586B000AF0023FB75B04B1B78FB7100233B61AE4B00220B
:40CD80001A8097F90730002B80F2FD80A94B5B78DBB20A2B00F2168201A252F823F000BFDDCE0000C5D10000C5D10000C5D10000C5D10000C5D10000CDCD0000C5D100005D
:40CDC00051CF0000C5D1000067CF0000994BDB78DBB2012B0ED100F01FFEB860BB685B68954A5360944B12221A80FFF701FE0346FB75E9E18F4BDB78DBB2022B25D18D4B01
:40CE00009B78DBB2184600F0DFFDB860BB68002B00F0DA81BB685B68874A5360864B5B6803331B78DBB29BB21B029AB2824B5B6802331B78DBB29BB213439AB27E4B1A8036
:40CE4000FFF7D6FD0346FB75BEE17A4BDB78DBB2032B3ED10023FB73784B3B6109E03B691B78BB71BB793A6913443B61FB7B0133FB73704B9B78DBB2FA7B9A4204D23B696B
:40CE80001B78DBB2002BEAD16A4B9B78DBB2002B0BD0684B9B78DAB2694B1B7C9A4204D1684800F0ABF9674B3B613B691B78DBB2002B00F089813B691B78DBB29AB25E4B8F
:40CEC0001A805D4A3B695360FFF792FD0346FB757AE102F015F80346FB7575E1FB7903F00303002B20D0022B00D030E0524B02221A80504B1B79DBB203F07F0252491346DF
:40CF00005B0013449B000B4402331B78DAB24F4B1A704E4B00225A70474B4C4A5A60FFF767FD0346FB7512E0434B02221A80484B1B78DAB2454B1A70444B00225A703E4B55
:40CF4000424A5A60FFF754FD0346FB7500BF42E1394B01221A80384B3E4A5A60FFF748FD0346FB7537E1344B01221A80314B1B79DBB21A46384B13442F4A5360FFF738FD0D
:40CF80000346FB7527E12B4B5B78DBB2013B0A2B00F21C8101A252F823F000BFA9D00000CDD1000037D10000CDD10000C9CF0000CDD10000CDD10000CDD10000DDCF000040
:40CFC000CDD1000065D000001A4B9B78DAB2234B1A70FFF7F7FD0346FB75FCE0154B9B787B717B79002B06D07B79013BDBB2184600F0EAFCB8607B79002B02D0BB68002B47
:40D0000003D17B79002B40F0E380124B1B78DBB27A799A4208D00F4A7B791370104B01221A70012000F0F2F9FFF7CCFD0346FB75CEE000BF006000402CE9FF1FACCC03003F
:40D0400030CC030048EAFF1F3CE9FF1F5084FF1F39E9FF1F28E9FF1F18E9FF1F1CE9FF1F22E9FF1F00F030FE0346002B00F0B2805B4B1B793B715A4B1B79DAB2594B1A70C5
:40D080003B79594AD35CDAB23B795849CB5CDBB29A4204D0564B01221A7000F067FBFFF791FD0346FB7595E0FB7903F00303012B20D0012B0CD3022B00D03BE0484B9B7801
:40D0C000DBB2002B31D100F053FD0346FB752CE0434B9B78DBB2012B29D1464B1B78DBB223F00203DAB2434B1A70FFF76BFD0346FB751CE03A4B1B79DBB2012B19D8384B57
:40D100009B78DBB2DB43DBB2354A1279D2B211461046394A125CD2B21340DAB2364B5A54FFF750FD0346FB7503E000BF53E000BF51E000BF4FE0FB7903F00303012B20D0AE
:40D14000012B0CD3022B00D03BE0254B9B78DBB2002B31D100F098FC0346FB752CE0204B9B78DBB2012B29D1224B1B78DBB243F00203DAB21F4B1A70FFF724FD0346FB75C0
:40D180001CE0174B1B79DBB2012B19D8144B9B78DBB2DB43DBB2124A1279D2B211461046154A125CD2B21340DAB2134B5A54FFF709FD0346FB7503E000BF0CE000BF0AE0E9
:40D1C00000BF08E000BF06E000BF04E000BF02E000BF00E000BFFB7D18461837BD4680BD0060004011E9FF1F20E9FF1F18E9FF1F22E9FF1F39E9FF1F24E9FF1FB0B58AB0AB
:40D2000000AF7860324B07F114041D460FCD0FC42B682370002387F826307B68002B52D07B6822221A707B68013303221A7007F10C031846FDF7B4F9022387F827303EE0E4
:40D2400097F827307A68134497F8262007F128010A4412F81C2C1209D2B207F128010A4412F8142C1A7097F8273001337A68134400221A7097F8273002337A68134497F835
:40D28000262007F128010A4412F81C2C02F00F0207F128010A4412F8142C1A7097F8273003337A68134400221A7097F82630013387F8263097F82730043387F8273097F8B0
:40D2C0002730212BBCD900BF2837BD46B0BD00BF0CCC030090B482B000AF0123FB7180E0464AFB791B0113440C221A70FA79444913465B0013449B000B4405331B78DBB23D
:40D30000002B1CD0FA793E4913465B0013449B000B4404331B78DBB25BB2002B07DA394AFB791B01134402330C221A700EE0354AFB791B011344023308221A7006E0314A82
:40D34000FB791B011344023380221A702B48F979FA792B4C13465B0013449B00234406331B889BB2DAB20B01034406331A702348F979FA79224C13465B0013449B002344F3
:40D3800006331B889BB21B0A9BB2DAB20B01034407331A701948F979FA79194C13465B0013449B00234406331B889BB2DAB20B01034404331A701148F979FA79104C1346BB
:40D3C0005B0013449B00234406331B889BB21B0A9BB2DAB20B01034405331A70FB790133FB71FB79082B7FF67BAF074BFF221A7000BF0837BD4690BC704700BF7060004013
:40D400003CE9FF1FFC5F00400A60004080B588B000AF0346FB7100237B830023FB7747E0FA7FB44913465B0013449B000B4400221A70FA7FAF4913465B0013449B000B4439
:40D44000023300221A70FA7FAA4913465B0013449B000B44033300221A70FA7FA54913465B0013449B000B44083300221A80FA7FA04913465B0013449B000B440A3300227F
:40D480001A70FA7F9B4913465B0013449B000B44013300221A70FA7F964913465B0013449B000B44053300221A70FB7F0133FB77FB7F082BB4D9FB79002B10D000237B7791
:40D4C0000AE07B7F8C4A0021D1547B7F8B4A0021D1547B7F01337B777B7F012BF1D9884B1B78DBB2002B00F03B81854B1B78DBB2013BDBB2184600F067FA38613B695B68D5
:40D50000FB60FB6807331B7803F04003002B08D07C4B1B78DBB243F00103DAB2794B1A7007E0784B1B78DBB223F00103DAB2754B1A703B6908333B613B691B78FB77012330
:40D540007B77A9E03B695B687B610023BB779BE07A7F7B699B7803F07F039A4240F08E807A7F644913465B0013449B000B4408331B889AB27B699B889A420BD27A7F7B693C
:40D5800098885C4913465B0013449B000B44083302461A807B691B781A46574B9B5CDAB27B695B789A4269D17A7F7B699878514913465B0013449B000B44043302461A7046
:40D5C0007A7F7B69D8784B4913465B0013449B000B4402461A707B69DB7803F00303FB727B699B785BB2002B24DA7A7FFB7A012B01D1072000E00D203E4913465B001344A7
:40D600009B000B44053302461A707A7F394913465B0013449B000B44013301221A707B699B79012B2AD1FB7A022B27D1364A7B7F137023E07A7FFB7A012B01D1052000E07B
:40D6400009202C4913465B0013449B000B44053302461A707A7F274913465B0013449B000B44013300221A707B699B79012B05D1FB7A022B02D1254A7B7F13707B69083355
:40D680007B61BB7F0133BB77BA7FFB7F9A42FFF45FAF7B7F01337B777B7F082B7FF652AF3B695B687B6100237B7714E07B699B7803F07F027B6918780E4913465B0013440E
:40D6C0009B000B440A3302461A707B6908337B617B7F01337B777A7FFB7F9A42E6D300F0ADF902460A4B1A6000237B830123FB7731E000BF3CE9FF1F18E9FF1F20E9FF1F51
:40D7000028E9FF1F39E9FF1FE8E9FF1FEAE9FF1F14E9FF1FFA7F144913465B0013449B000B4406337A8B1A80FA7F0F4913465B0013449B000B4408331B889AB27B8B13448F
:40D740007B837B8B03F001039AB27B8B13447B83FB7F0133FB77FB7F082BDBD9FFF7BAFD00BF2037BD4680BD3CE9FF1F90B585B000AF8F4B1B78DBB2002B00F015818C4B95
:40D780001B78DBB2013BDBB2184600F01DF978607B6808337B607B681B78FB707B685B68BB60844B1B78BB700023FB73F7E0BB681B78BA789A4240F0EC80BB787E4AD35C2A
:40D7C000DAB2BB685B789A4240F0E380BB689B7803F07F037B70BB68DB7803F003033B707A78764913465B0013449B000B44033300221A707A78BB689878704913465B006E
:40D8000013449B000B44043302461A707A78BB68D8786A4913465B0013449B000B4402461A707A78BB689888644913465B0013449B000B44083302461A80BB689B785BB288
:40D84000002B1ADA7A783B78012B01D1072000E00D205A4913465B0013449B000B44053302461A707A78554913465B0013449B000B44013301221A7019E07A783B78012BE0
:40D8800001D1052000E009204C4913465B0013449B000B44053302461A707A78474913465B0013449B000B44013300221A70444A7B781B011344023301221A70404879782E
:40D8C0007A783E4C13465B0013449B00234408331B889BB21B0A9BB2DAB20B0103441A70374879787A78354C13465B0013449B00234408331B889BB2DAB20B01034401336B
:40D900001A70304879787A782C4C13465B0013449B00234406331B889BB2DAB20B01034406331A70274879787A78244C13465B0013449B00234406331B889BB21B0A9BB248
:40D94000DAB20B01034407331A701E4879787A781A4C13465B0013449B00234406331B889BB2DAB20B01034404331A70154879787A78124C13465B0013449B00234406339B
:40D980001B889BB21B0A9BB2DAB20B01034405331A70BB680833BB60FB7B0133FB73FA7BFB789A42FFF403AF00BF1437BD4690BD28E9FF1F11E9FF1F18E9FF1F3CE9FF1F67
:40D9C000FC5F00407060004080B485B000AF0346FB710F4B1B78DBB20E4ADB0013445B68FB60FB681033FB60FB681B78FA799A4202D30023FB6005E0FB79DB00FA68134407
:40DA00005B68FB60FB6818461437BD4680BC70471BE9FF1FF4CD030080B400AF054B1B78DBB2054ADB0013445B681846BD4680BC704700BF1BE9FF1FF4CD030080B584B0E7
:40DA400000AF104B1B78DBB2013BDBB21846FFF7BBFFB860BB68002B0DD0BB685B681B79FB71FB790233DB00BA681344BB60BB685B68FB6001E00023FB60FB6818461037BC
:40DA8000BD4680BD28E9FF1F80B582B000AF0023FB71344B1B79DBB203F07F03BB71BB79002B5AD0BB79082B57D8BA79B9792E480B465B000B449B00034402331B78DBB2E5
:40DAC00043F00103D8B2284913465B0013449B000B44023302461A70BA79234913465B0013449B000B44033300221A70BA79B9791D480B465B000B449B00034401331B7814
:40DB0000DBB243F00203D8B2174913465B0013449B000B44013302461A70BA79124913465B0013449B000B4404331B78DBB25BB2002B07DA0D4ABB791B01134402338D2266
:40DB40001A7006E0094ABB791B011344023389221A70FFF737F80346FB71FB7918460837BD4680BD006000403CE9FF1FFC5F004080B582B000AF0023FB71504B1B79DBB2C7
:40DB800003F07F03BB71BB79002B00F09280BB79082B00F28E80BA79B97949480B465B000B449B00034402331B78DBB223F00103D8B2434913465B0013449B000B4402337D
:40DBC00002461A70BA793E4913465B0013449B000B44033300221A703A49BB793948BA79120102441278D2B202F07F02D2B21B010B441A70BA79B97931480B465B000B442B
:40DC00009B00034401331B78DBB223F00203D8B22B4913465B0013449B000B44013302461A70BA79264913465B0013449B000B4404331B78DBB25BB2002B1BDABA792049E6
:40DC400013465B0013449B000B4401331B78DBB2012B07D11B4ABB791B01134402330C221A7022E0174ABB791B01134402330D221A701AE0BA79124913465B0013449B0038
:40DC80000B4401331B78DBB2012B07D10D4ABB791B011344023308221A7006E0094ABB791B011344023309221A70FEF78BFF0346FB71FB7918460837BD4680BD00600040E7
:40DCC0003CE9FF1FFC5F004080B584B000AF0023FB73154B1B79BB73144B1B78DBB2013BDBB21846FFF770FEB860BB685B681B79FB71BA7BFB799A4202D9BB7B022B0ED8CA
:40DD0000BB7BBA7B0A498A5CD1B20A4AD154BB7B054A9278D1B2064AD1540123FB73FB7B18461037BD4680BD0060004028E9FF1F18E9FF1F20E9FF1F80B483B000AF002381
:40DD4000FB71094B1B78DBB25BB2002B06DA064B5B78DBB2012B00D000E000BFFB7918460C37BD4680BC70470060004080B500AF054B00221A70054B1B78DBB21846FEF711
:40DD80005DFC00BF80BD00BFE9E9FF1FEAE9FF1F80B582B000AF204B1B78DBB21846FEF73DFB0346012B33D11B4B1B78DBB21846FEF74AFB0346BB71174B1B78DBB2BA7981
:40DDC00092B216491846FEF7F3FB0346BB71BB79032B1DD90023FB7114E0FB790F4AD35C002B14D0FB790D4AD35C23F00F03D8B2FB790133094A13441946F6F7E1F9FB794F
:40DE00000433FB71FA79BB799A42E6D300E000BF00BF0837BD4680BDEAE9FF1FA8E9FF1F80B500AF0E4B1B78DBB2002B16D00D4B1B78DBB21846FEF7F1FA0346012B0DD10F
:40DE4000084B1B78D8B2064B1B78DBB29BB21A460549FEF729FB024B00221A7000BF80BDE9E9FF1FE8E9FF1FECE9FF1F80B500AFFFF7D6FF00BF80BD80B584B000AF0346DA
:40DE80003960FB711346BB710023FB73444B1B78DBB21846434B1B78DBB21946424A0B465B000B449B00134408331B889BB2043B984201D9FFF7B4FF394B1B78DBB21846EB
:40DEC000384B1B78DBB21946374A0B465B000B449B00134408331B889BB2043B984258D8FB79032B02D9FB79EF2B06D9BB79FA79F879396800F05AF84DE00023BB73BB7BA5
:40DF00003A68D118BB790322F02000F04FF8FB79033BFB71BB7B0333BB73214B1B78DBB21846204B1B78DBB219461F4A0B465B000B449B00134408331B889BB2043B984290
:40DF400018D9FFF76DFF164B1B78DBB21846154B1B78DBB21946144A0B465B000B449B00134408331B889BB2043B984202D90123FB7302E0FB79022BC1D8FB7B002B0AD1FC
:40DF8000BB7B3A68D118BB79FA79F72000F00EF801E00123FB73FB7B18461037BD4680BDE9E9FF1FE8E9FF1F3CE9FF1F80B485B000AF396011461A460346FB710B46BB7162
:40DFC00013467B713B681B78FB733B685B78BB73FB79F72B3BD9924B1B78DBB21A467B7943F00F03D9B28F4B99548D4B1B78DBB20133DAB28A4B1A70894B1B78DBB2194698
:40E00000884AFB795354864B1B78DBB20133DAB2834B1A70824B1B78DBB21A46814B002199547F4B1B78DBB20133DAB27C4B1A707B4B1B78DBB21A467A4B00219954784BEC
:40E040001B78DBB20133DAB2754B1A7064E1FB79032B03D9FB79F02B40F09980FB79F02B11D16F4B1B78DBB21A467B7943F00403D9B26C4B99546A4B1B78DBB20133DAB23E
:40E08000674B1A7057E0FB7BEF2B13D8644B1B78DBB21946FB7B1B09DAB27B791343DAB2604B5A545E4B1B78DBB20133DAB25C4B1A7040E0FB7BF62B11D1594B1B78DBB2D8
:40E0C0001A467B7943F00503D9B2564B9954544B1B78DBB20133DAB2514B1A702BE0FB7BF12B02D0FB7BF32B11D14D4B1B78DBB21A467B7943F00203D9B24A4B9954484B0A
:40E100001B78DBB20133DAB2454B1A7013E0FB7BF22B10D1424B1B78DBB21A467B7943F00303D9B23F4B99543D4B1B78DBB20133DAB23B4B1A703A4B1B78DBB21946394A43
:40E14000FB7B5354364B1B78DBB20133DAB2344B1A70334B1B78DBB21946324ABB7B53542F4B1B78DBB20133DAB22D4B1A702C4B1B78DBB21A463B6899782A4B9954284BE6
:40E180001B78DBB20133DAB2254B1A70C4E0FB79F72B40F0C180BB79012B45D0022B7FD0002B00D0B8E01E4B1B78DBB21A467B7943F00503D9B21B4B9954194B1B78DBB2DC
:40E1C0000133DAB2164B1A70154B1B78DBB21A46144BF7219954124B1B78DBB20133DAB20F4B1A700E4B1B78DBB21A460D4B002199540B4B1B78DBB20133DAB2084B1A70BD
:40E20000074B1B78DBB21A46064B00219954044B1B78DBB20133DAB2014B1A707CE000BFE9E9FF1FECE9FF1F3E4B1B78DBB21A467B7943F00603D9B23B4B9954394B1B785C
:40E24000DBB20133DAB2374B1A70364B1B78DBB21946354AFB7B5354324B1B78DBB20133DAB2304B1A702F4B1B78DBB21A462E4BF72199542B4B1B78DBB20133DAB2294B05
:40E280001A70284B1B78DBB21A46274B00219954244B1B78DBB20133DAB2224B1A703BE0204B1B78DBB21A467B7943F00703D9B21D4B99541B4B1B78DBB20133DAB2194B5A
:40E2C0001A70184B1B78DBB21946174AFB7B5354144B1B78DBB20133DAB2124B1A70114B1B78DBB21946104ABB7B53540D4B1B78DBB20133DAB20B4B1A700A4B1B78DBB26F
:40E300001A46094BF7219954064B1B78DBB20133DAB2044B1A7000BF00BF1437BD4680BC704700BFE9E9FF1FECE9FF1F80B588B000AF786000237B758023FB6000233B75E1
:40E3400004233B617B68BB6107F10C0305491846FAF72EFE0346FB77FB7F18462037BD4680BD00BF2CEAFF1F80B400AF054B1B78DBB203F040039B09DBB21846BD4680BC97
:40E38000704700BF8F45004080B400AF054B1B78DBB203F010031B09DBB21846BD4680BC704700BF8C45004090B585B002AF0446084611461A462346FB710346BB710B4690
:40E3C000BB8013467B80104B00221A700E4B1878BA79F9790A230193002300930023FBF76BFD094B1B787A88B9881846FBF70AFD054B1B7802211846FBF7D2FC024B1B7880
:40E4000018460C37BD4690BD2882FF1F90B585B002AF0446084611461A462346FB710346BB710B46BB8013467B80104B01221A700E4B1878BA79F979092301930023009373
:40E440000023FBF739FD094B1B787A88B9881846FBF7D8FC054B1B7802211846FBF7A0FC024B1B7818460C37BD4690BD2982FF1F80B582B000AF786000F03CF8786800F095
:40E4800009F8042000F018F800F028F800BF0837BD4680BD80B485B000AF7860054B1B68FB60FB6854337A681A6000BF1437BD4680BC704708ED00E080B483B000AF034651
:40E4C000FB71054AFB795B01DBB2137000BF0C37BD4680BC704700BF05E400E080B400AF034B20221A6000BFBD4680BC704700BF00E100E080B400AF034B20221A6000BF33
:40E50000BD4680BC704700BF80E100E080B582B000AF786000F03CF8786800F009F8052000F018F800F028F800BF0837BD4680BD80B485B000AF7860054B1B68FB60FB680E
:40E5400050337A681A6000BF1437BD4680BC704708ED00E080B483B000AF0346FB71054AFB795B01DBB2137000BF0C37BD4680BC704700BF04E400E080B400AF034B10220B
:40E580001A6000BFBD4680BC704700BF00E100E080B400AF034B10221A6000BFBD4680BC704700BF80E100E080B485B000AF0346FB710B4B1B78DBB223F00403FB730849FE
:40E5C000FB799B00DBB203F00403DAB2FB7B1343DBB20B7000BF1437BD4680BC704700BFC051004080B485B000AF0346FB710B4B1B78DBB223F00203FB730849FB795B002C
:40E60000DBB203F00203DAB2FB7B1343DBB20B7000BF1437BD4680BC704700BF4051004080B485B000AF0346FB710B4B1B78DBB223F00203FB730849FB795B00DBB203F0FC
:40E640000203DAB2FB7B1343DBB20B7000BF1437BD4680BC704700BFC051004080B485B000AF0346FB710A4B1B78DBB223F00103FB730749FB7903F00103DAB2FB7B13434B
:40E68000DBB20B7000BF1437BD4680BC704700BFC051004080B485B000AF0346FB71094B1B78DBB203F07F03FB730649FB79DB01DAB2FB7B1343DBB20B7000BF1437BD4612
:40E6C00080BC70473051004080B485B000AF0346FB710B4B1B78DBB223F00803FB730849FB79DB00DBB203F00803DAB2FB7B1343DBB20B7000BF1437BD4680BC704700BF4D
:40E70000C051004080B485B000AF0346FB710B4B1B78DBB223F04003FB730849FB799B01DBB203F04003DAB2FB7B1343DBB20B7000BF1437BD4680BC704700BF305100407D
:40E7400080B485B000AF0346FB710A4B1B78DBB223F00103FB730749FB7903F00103DAB2FB7B1343DBB20B7000BF1437BD4680BC704700BF4051004080B400AF054B1B7861
:40E78000DBB203F002035B08DBB21846BD4680BC704700BF2151004080B400AF054B1B78DBB203F004039B08DBB21846BD4680BC704700BF2151004080B400AF054B1B7817
:40E7C000DBB203F00803DB08DBB21846BD4680BC704700BF2151004080B500AFFBF7CEFCFBF7A4FD00BF80BD80B500AFFFF7F4FF00BF80BD80B584B000AF03460A46FB7144
:40E800001346BB80FBF72EFFBB88B3F5006F70D2BB881B097B817B891B019BB2BA88D31A3B81FCF7B9F80346002B5FD1FA1D398901234020FBF764FFF860FB68072B4CD1CA
:40E840004FF0FF33FB6000BF2D4B1B78DBB203F00203002BF8D02A4B1B78DBB203F00203002B08D0264B1B78DBB29B08DBB2002B01D10023FB60FB68002B2AD1214B1A7837
:40E88000204B5B7879894020FCF708F80346072B1BD14FF0FF33FB6000BF194B1B78DBB203F00203002BF8D0154B1B78DBB203F00203002B17D0124B1B78DBB29B08DBB22D
:40E8C000002B10D10023FB600DE04FF0FF33FB6009E04FF0FF33FB6005E0FB68012B02D04FF0FF33FB60FCF78BF804E00423FB6001E00123FB60FB6818461037BD4680BD8A
:40E9000022470040E4E8FF1F80B584B000AF0346FB8000F0EDFA0346FB73FBF74DFDFB8803F1804303F500431B78BB73FBF75CFDFB7B184600F0E0FABB7B18461037BD46A1
:40E9400080BD00BF90B585B002AF0446084611461A462346FB710346BB710B46BB8013467B80104B02221A700E4B1878BA79F97900230193002300930023FBF79DFA094BF3
:40E980001B787A88B9881846FBF73CFA054B1B7802211846FBF704FA024B1B7818460C37BD4690BD2A82FF1F90B585B002AF0446084611461A462346FB710346BB710B46F7
:40E9C000BB8013467B80104B03221A700E4B1878BA79F97900230193002300930023FBF76BFA094B1B787A88B9881846FBF70AFA054B1B7802211846FBF7D2F9024B1B788A
:40EA000018460C37BD4690BD2B82FF1F80B582B000AF00F019F80346FB7197F90730002B01D1002307E0064AFB791370054B01221A7097F9073018460837BD4680BD00BFD9
:40EA40005484FF1F5584FF1F80B483B000AF1E4B1B78DBB203F00C039B08FB711B4B1B78002B01D1002329E0194B1B789B00DAB2174B1A70164B1A78FB791343DAB2144B25
:40EA80001A70144B93F9003003F003035AB2114B1A700F4B1B7803F00F030F4AD356DAB20C4B93F90030DBB21344DBB25AB2094B1A70084B93F900309B105BB218460C37F0
:40EAC000BD4680BC704700BF415100402C82FF1F5884FF1F5984FF1F20CC030080B400AF024B1B7800BFBD4680BC70478445004080B500AFFFF7F2FFFFF788FF00F07EF8B0
:40EB000000BF80BD80B500AF044800F031F900F017F8034B01221A7000BF80BDF1EA00005684FF1F80B500AF00F034F900F010F8024B00221A7000BF80BD00BF5684FF1F21
:40EB400080B500AF042000F0E3F800BF80BD00BF80B500AF022000F0DBF800BF80BD00BF80B400AF034B93F900301846BD4680BC704700BF5384FF1F80B485B000AF03462D
:40EB8000FB710023FB73174B1B78002B19D0164B93F9003097F907209A421DDB134B93F9003097F907209A4216DC114AFB791370104B00221A70104B01221A700123FB7315
:40EBC0000AE00B4AFB7913700A4B00221A700A4B01221A700123FB73FB7B18461437BD4680BC70475784FF1F2E82FF1F2F82FF1F5384FF1F5484FF1F5584FF1F80B400AFDA
:40EC00003C4B1B78DBB2002B01D100236DE0394B00221A70384B93F90030002B01D1012363E0364B1B78002B40D0334B93F90030002B1DDD324B93F900301A46314B93F99E
:40EC400000301946304B93F90030CB1A9A4201DD00234AE02A4B93F90030DAB22A4B93F90030DBB21344DBB25AB2254B1A703BE0234B93F900301A46244B93F9003019464E
:40EC8000214B93F900300B449A4201DA00232CE01B4B93F90030DAB21B4B93F90030DBB2D31ADBB25AB2164B1A701DE0124B93F90030012B0BD1124B93F90030DAB2124B09
:40ECC00093F90030DBB21344DBB25BB20AE00C4B93F90030DAB20C4B93F90030DBB2D31ADBB25BB2064A137001231846BD4680BC704700BF5584FF1F5484FF1F5784FF1F3A
:40ED00005384FF1F2F82FF1F2D82FF1F2E82FF1F80B483B000AF0346FB711349124B1B78DBB25BB223F00E035AB297F9073003F00E035BB213435BB2DBB20B700B490B4BA6
:40ED40001B78DBB25BB223F00E035AB297F9073003F00E035BB213435BB2DBB20B7000BF0C37BD4680BC7047225000402350004080B582B000AF786000F048F8786800F0A8
:40ED800015F8022000F024F800F034F800BF0837BD4680BD80B500AF00F038F8024800F005F800BF80BD00BF1D8E000080B485B000AF7860054B1B68FB60FB6860337A6827
:40EDC0001A6000BF1437BD4680BC704708ED00E080B483B000AF0346FB71054AFB795B01DBB2137000BF0C37BD4680BC704700BF08E400E080B400AF034B4FF480721A6067
:40EE000000BFBD4680BC704700E100E080B400AF034B4FF480721A6000BFBD4680BC704780E100E080B400AF054B1B78DBB203F08003DB09DBB21846BD4680BC704700BF39
:40EE40006151004080B400AF054B1B78DBB203F040039B09DBB21846BD4680BC704700BF6151004080B485B000AF0346FB710B4B1B78DBB223F02003FB730849FB795B01D9
:40EE8000DBB203F02003DAB2FB7B1343DBB20B7000BF1437BD4680BC704700BF6051004080B485B000AF0346FB710B4B1B78DBB223F01003FB730849FB791B01DBB203F067
:40EEC0001003DAB2FB7B1343DBB20B7000BF1437BD4680BC704700BF60510040000000000230800803D000BF01380046FCD17047EFF3108072B6704780F31088704700BFCE
:40EF000080B582B000AF0023BB711B4B1B78DBB203F00303012B02D0022B04D012E0164B1B79FB7111E0144B1B79DBB203F07F02124913465B0013449B000B440A331B7896
:40EF4000FB7102E00023FB7100BFFB79022B0ED80B4B1A68FB7913441B78012B04D100F011F80346BB7102E00023BB7100BFBB7918460837BD4680BD006000403CE9FF1FE5
:40EF800014E9FF1F80B483B000AF0023FB711E4B1B78DBB203F00303BB711B4B1B78DBB25BB2002B11DABB79022B05D1164B5B78DBB2812B1BD021E0BB79012B1ED1124BFE
:40EFC0005B78DBB2812B14D018E0BB79022B05D10D4B5B78DBB2012B0DD00FE0BB79012B0CD1094B5B78DBB2012B06D006E000BF04E000BF02E000BF00E000BFFB791846F5
:40F000000C37BD4680BC70470060004008B5C0F3C7537F3B162B01460EDC002B024610DB0B481841014205D04FF480011941114421EA0001084608BD802BFBD101F014FD14
:40F0400008BD013300F00041F4D141F07E51F1E7FFFF7F0070B58AB0044600F03BFA324B054693F90060731C0AD02146204601F0C9FF28B90021204601F0BAFF034610B1BF
:40F0800028460AB070BD294A20460893019201F0A7F9CDE90401CDE90201C6B9244B4FF0604220460021CDE9062301F079FF002832D002230093684600F028FFA0B1089BB6
:40F0C000BBB9DDE9060101F079FC0AB070BD194B002220460021CDE9062301F061FF68B102239E420093E6D101F0E8FF22230360E5E701F0E3FF089B0360E2E70123022E9B
:40F1000000930BD101F0DAFF212303600A4800F0FFFECDE90601D2E701230093684600F0F5FE0028F2D1EDE73082FF1FFCCD0300FFFFEFC70000F0FF00CE03002DE9F047D6
:40F140008AB006460D4600F007FBDFF8E882044698F900707B1C3FD02946284601F052FF8246002838D13146304601F04BFF00218146002840F09780304601F011FF00285C
:40F180002ED00021284601F00BFF8246D0B1A34A0123304601920093CDF8209001F020F9CDE90201284601F01BF900220023CDE90401CDE90623002F62D04FF07E500AB01F
:40F1C000BDE8F087284600F03DFF28B10021284601F0F0FE00283AD120460AB0BDE8F087204600F02FFF0746002878D00021204601F0D6FE0028EFD0304600F023FF00287F
:40F20000EAD0284600F01EFF0028E5D0834900230422304608930092019101F0E1F8CDE90201284601F0DCF898F9003000240025022BCDE90401CDE9064503D0684600F058
:40F2400065FE18BB01F03AFF222303601EE0734A0123304600930192CDF820A001F0C0F8CDE90201284601F0BBF898F90030CDE90401002B40F0908000220023CDE9062307
:40F28000684600F043FE002800F08180089B1BB101F014FF089B0360DDE9060101F08EFB0AB0BDE8F087284601F07AFE002893D05A4A0123304601920093CDF820A001F084
:40F2C0008FF8CDE90201284601F08AF8544B0022022FCDE90401CDE90623D1D16DE7304600F0B0FE002881D0284600F0ABFE00283FF47CAF2146204601F084FE03460028A0
:40F3000074D146490322304608930092019101F067F8CDE90201284601F062F898F90040CDE90401002C3ED13E4B4FF0604230460021CDE9062301F03DFE00283FF47EAF82
:40F3400028464FF07C5101F097FC01F049F804460D4600F0E3FD02460B462046294601F0FBFA00283FD1304B4FF06042CDE9062398F90040022C7FF461AF63E710461946A8
:40F3800001F0ACF9022CCDE906017FF479AF01F095FE2123036079E724490020022BCDE90601F4D06CE7224B002230460021CDE9062301F0FFFD0028DCD028464FF07C51D8
:40F3C00001F05AFC01F00CF804460D4600F0A6FD02460B462046294601F0BEFA18B9134B0022CDE9062398F90040C3E70B4A0123304601920093089700F0F2FFCDE9020191
:40F40000284600F0EDFF98F90040CDE9040100220023002CB2D1CDE9062331E704CE03000000F03FFFFFEF47FFFFEFC70000F0FF0000F07F3082FF1FF0B58BB0054600F0D6
:40F4400011FD224B044693F90060731C0AD02946284601F0D7FD074620B90021284601F0A9FD10B920460BB0F0BD194A0123284601920093089700F0B3FF0022CDE90401B4
:40F48000CDE9020100239EB11046194601F026F9022ECDE906010DD101F010FE21230360089B6BB9DDE9060101F088FA0BB0F0BDCDE90623684600F029FD0028F0D1EBE71E
:40F4C00001F0FCFD089B0360ECE700BF3082FF1F0CCE030020F000422DE9F0476AB30028014603464ADBB0F1FF4F3BDAB0F5000F3CDB00248C4AC3F316052A4402F4000244
:40F50000DB1582F07E507F3B234428434FF07E5103EBD25401F0A6FA05F10F03C3F316030F2B064631DC002101F03AFD002800F092804CB90020BDE8F08700214FF04C4052
:40F5400001F04EFCBDE8F087204601F041FB7749054601F091FB76490446284601F08CFB0146204601F080FABDE8F0874FF0984101F082FB6FF018040346BBE701F072FAAD
:40F58000002101F02DFCBDE8F0874FF0804101F06BFA0146304601F023FC8046204601F017FB41468146404601F066FB0146824601F062FB07465F4901F05EFB5E4901F048
:40F5C00053FA394601F058FB5C4901F04DFA394601F052FB5A4901F047FA514601F04CFB58498246384601F047FB574901F03CFA394601F041FB554901F036FA394601F001
:40F600003BFB0146504601F02FFA514FC5F557132F4403F522731F43002F824665DD4FF07C51304601F028FB314601F025FB0546002C32D12946504601F016FA414601F028
:40F640001BFB0146284601F00DFA0146304601F009FABDE8F0873F49304601F00DFB01464FF07C5001F0FEF931460546304601F003FB0146284601F0FFFA0546002C2ED08E
:40F68000204601F0A5FA2949074601F0F5FA04463846274901F0F0FA14E02449484601F0EBFA29460446504601F0DEF9414601F0E3FA1F490746484601F0DEFA01463846A0
:40F6C00001F0D2F90146284601F0CCF9314601F0C9F90146204601F0C5F9BDE8F0870146304601F0BFF9BDE8F0877CB10F49484601F0C2FA51460446304601F0B3F9414684
:40F7000001F0BAFA0A4905464846C3E70146304601F0A8F9414601F0AFFA0146304601F0A1F9BDE8F08700BF20FB4A008071313FD1F717379788173E25333A3E2549923E5D
:40F74000ABAA2A3F4FD01C3E298E633ECDCCCC3E305CCFFFABAAAA3E2DE9F04F31F0004887B011D020F00049B9F1FF4F824605DD514807B0BDE8F04F00F06CBCB8F1FF4FAC
:40F7800007DDB9F17E5FF3D14FF07E5007B0BDE8F08F00280C464ADB0025B8F1FF4F3ED0B8F17E5F07460E4654D0B4F1804F6BD0B4F17C5F1DD000F041FCB9F1FF4F51D0BC
:40F7C000B9F1000F4ED0B9F17E5F4BD04FEADA7A0AF1FF3255EA020366D0B8F19A4F6FDD364B994500F36182002CC0F264820020CCE7BAF1000F4BDA00F020FCB9F1FF4FD0
:40F8000002D0B9F1000FDED1A9F17E5959EA050343D0012DBAD100F100410846B6E7B9F17E5FB1D02BDD002CE1DB0846AEE7B8F1974F22DAB8F17E5F0ADB4FEAE853C3F1F0
:40F84000960348FA03F202FA03F3984500F028820025A5E7002C99DA01464FF07E5001F0BFFA93E7002C04DA01464FF07E5001F0B7FABAF1000F89DAC6E702258DE7002CF6
:40F88000B5DA01F1004081E7014601F0F5F97DE707B0BDE8F04F00F0E5BA014601F0E2F8014601F09DFA71E73946384601F0DAF8014601F095FA69E700CE0300F7FF7F3FD6
:40F8C000B9F5000F80F205824FF09741009201F0D3F98146009A6FF017014FEAE953B448C9F316097F3B0B4481451946009349F07E5740F3E581AF4B994540F33E82002372
:40F90000184603930B46013300930023A7F50007029001934FF07E5A51463846059201F0A1F851468346384601F09EF801464FF07E5001F055FA01460490584601F09CF98A
:40F940007910019B41F00051B94601F5802120F47F670B4427F00F07194680463846019301F08AF90146584601F07CF851468346019801F077F80146484601F073F83946D6
:40F9800001F07AF90146584601F06CF8049B194601F072F941468346404601F06DF98146854901F069F9854901F05EF8494601F063F9834901F058F8494601F05DF981499C
:40F9C00001F052F8494601F057F97F4901F04CF8494601F051F97D4901F046F849468246484601F049F90146504601F045F981463946404601F038F8594601F03DF94946DA
:40FA000001F032F839468246384601F035F97049019001F029F8514601F026F820F47F6929F00F094946384601F026F968490746484601F017F8019B194601F013F80146B1
:40FA4000504601F00FF8414601F016F949468046584601F011F90146404601F005F882460146384601F000F820F47F6929F00F094846584901F000F939468046484600F049
:40FA8000F1FF0146504600F0EDFF534901F0F4F852490746484601F0EFF80146384600F0E3FF029900F0E0FF0746009801F090F881463946404600F0D7FFDDF80CB05946B5
:40FAC00000F0D2FF494600F0CFFF20F47F6A2AF00F0A4946504600F0C5FF594600F0C2FF414600F0BFFF0146384600F0BBFF8046059A24F47F6424F00F04013D55EA0203F2
:40FB00002146304614BF4FF07E57354F00F0AAFF514601F0B1F831460546404601F0ACF80146284600F0A0FF21460646504601F0A3F880463046414600F096FF0028814686
:40FB40000446C24620F0004540F30181B5F1864F00F3CF8000F0BF80B5F17C5F00F3D1800025A94624F47F6424F00F0420461D4901F082F851468046204600F073FF01469F
:40FB8000304600F06FFF184901F076F817490646204601F071F80146304600F065FF06460146404600F060FF4146044620E000BF71C41C00D6B35D0042F1533E55326C3E10
:40FBC00005A38B3EABAAAA3EB76DDB3E9A99193F000040400038763F4F38763FA0C39D36000080BF0072313F1872313F8CBEBF3500F038FF0146304600F034FF2146804623
:40FC0000204601F039F80646854901F035F8854900F028FF314601F02FF8834900F024FF314601F029F8814900F01CFF314601F023F87F4900F018FF314601F01DF801463D
:40FC4000204600F00FFF06460146204601F014F84FF080418246304600F004FF0146504601F0BEF841460646204601F005F8414600F0FAFE0146304600F0F4FE214600F0E9
:40FC8000F1FE01464FF07E5000F0ECFE4319B3F5000FC0F2C0801846394600F0EDFF75E502F00102C2F102057AE5624B99456EDD002C7FF79CAD6049084600F0DDFF65E533
:40FCC0000023194603930023019302914FF07E5A22E6002101E65949304600F0C5FE41468246484600F0BEFE0146504601F080F938B13846504900F0BFFF4F4900F0BCFFEF
:40FD000044E5ED154FF400037E3D43FA05F52B19C3F3C7524A49C3F316097F3A114149F40009C2F1170249FA02F9002C23EA01014046B8BFC9F1000900F094FE01468246FE
:40FD4000304600F091FE4FEAC95504460AE73D4B9D420ADC7FF400AF414600F083FE0146304601F031F90028CBD03846364900F083FF354900F080FF08E5344B4FF07F5A1A
:40FD80000393334B02934FF400130193C4E54FF07E51009200F066FE2E49074600F06CFF2D498046384600F067FF4FF07A518146384600F061FF0146284800F053FE3946CE
:40FDC00000F05AFF01464FF07C5000F04BFE39468246384600F050FF0146504600F04CFF1F4900F049FF0146484600F03BFE01460746404600F038FE20F47F6A2AF00F0A05
:40FE00004146504600F02EFE0146384600F02AFE009A80466DE6494600F020F93CE700BF4CBB31330EEADD3555B38A38610B363BABAA2A3E0700803FCAF249713CAA383319
:40FE4000FFFF7F00000016436042A20D00C0153FDCCFD13500AAB83F70A5EC36ABAAAA3E3BAAB83F20F00042B2F1FF4F70B504462ED262B3002803463DDBB2F5000F4FEA66
:40FE8000E0502CD3002631467F38C3F31603C20743F4000348BF5B0040105B0019244FF080728D189D4202DC5B1BA9181644013C4FEA43034FEA5202F3D113B106F00103B4
:40FEC0001E44761006F17C5606EBC05070BD70BD014600F0D1FE214600F0C6FD70BD14F4000201D00EE00A465B001C0202F10101F9D5801AC6E7014600F0B4FD014600F0EE
:40FF00006FFF70BD4FF0FF32F3E700BF0020704700200149704700BF0000F87FF0B5C1F30A5EAEF2FF36132E83B002460B460C464FEAD17507462EDC002E49DB3D493141DA
:40FF400003EA010010432BD049080B4053EA02070CD04FF48023132E24EA010143FA06F444EA01040CBF4FF000470027324B214603EBC505D5E90045384622462B4600F088
:40FF8000D1F8CDE90001DDE9000122462B4600F0C7F803B0F0BD332E06DDB6F5806F45D01046194603B0F0BDAEF2134E4FF0FF3121FA0EF10842F3D049080842D6D04FF0F3
:40FFC000804320EA010143FA0EFE4EEA0107CDE721F0004101431946E4D0C3F3130343EA000CCCF1000343EA0C0C134B640C4FEA1C3C0CF4002C03EBC5036404D3E9006776
:020000040001F9
:400000004CEA040132463B4600F08CF8CDE90001DDE9000132463B4600F082F8024621F0004141EAC57310461946BBE700F07AF8B8E700BFFFFF0F0018CE030020F00040DD
:40004000704700BF20F00040B0F1FF4FACBF002001207047004870470000C07F30F0004238B5034616D0B2F1FF4F0FD2B2F5000F0D4610D30446D20D2A44FE2A2EDC002AFB
:400080001DDD24F0FF4444EAC25038BD014600F0EBFC38BD38BD4FF0984100F0EDFD184A0346954207DBC0F3C7520446193AE3E7144800F02BF8134900F0DEFD38BD12F19B
:4000C000160F13DA4CF2503295421946F0DD0E4800F01CF80C4900F0CFFD38BD19460A4800F014F8084900F0C7FD38BD193224F0FF4040EAC2504FF04C5100F0BDFD38BDCF
:40010000B03CFFFF6042A20DCAF2497101F0004120F000400843704781F0004102E000BF83F0004330B54FEA41044FEA430594EA050F08BF90EA020F1FBF54EA000C55EA52
:40014000020C7FEA645C7FEA655C00F0E2804FEA5454D4EB5555B8BF6D420CDD2C4480EA020281EA030382EA000083EA010180EA020281EA0303362D88BF30BD11F0004F83
:400180004FEA01314FF4801C4CEA113102D0404261EB410113F0004F4FEA03334CEA133302D0524263EB430394EA050F00F0A780A4F10104D5F1200E0DDB02FA0EFC22FA23
:4001C00005F2801841F1000103FA0EF2801843FA05F359410EE0A5F120050EF1200E012A03FA0EFC28BF4CF0020C43FA05F3C01851EBE37101F0004507D54FF0000EDCF1D7
:40020000000C7EEB00006EEB0101B1F5801F1BD3B1F5001F0CD349085FEA30004FEA3C0C04F101044FEA445212F5800F80F09A80BCF1004F08BF5FEA500C50F1000041EB0E
:40024000045141EA050130BD5FEA4C0C404141EB010111F4801FA4F10104E9D191F0000F04BF01460020B1FA81F308BF2033A3F10B03B3F120020CDA0C3208DD02F1140C4C
:40028000C2F10C0201FA0CF021FA02F10CE002F11402D8BFC2F1200C01FA02F120FA0CFCDCBF41EA0C019040E41AA2BF01EB0451294330BD6FEA04041F3C1CDA0C340EDC85
:4002C00004F11404C4F1200220FA04F001FA02F340EA030021FA04F345EA030130BDC4F10C04C4F1200220FA02F001FA04F340EA0300294630BD21FA04F0294630BD94F0AB
:40030000000F83F4801306BF81F480110134013D4EE77FEA645C18BF7FEA655C29D094EA050F08BF90EA020F05D054EA000C04BF1946104630BD91EA030F1EBF00210020FB
:4003400030BD5FEA545C05D14000494128BF41F0004130BD14F580043CBF01F5801130BD01F0004545F0FE4141F470014FF0000030BD7FEA645C1ABF194610467FEA655C58
:400380001CBF0B46024650EA013406BF52EA033591EA030F41F4002130BD00BF90F0000F04BF0021704730B54FF4806404F132044FF000054FF0000150E700BF90F0000F28
:4003C00004BF0021704730B54FF4806404F1320410F0004548BF40424FF000013EE700BF42004FEAE2014FEA31014FEA02701FBF12F07F4393F07F4F81F06051704792F077
:40040000000F14BF93F07F4F704730B54FF4607401F0004521F0004120E700BF50EA010208BF704730B54FF000050AE050EA010208BF704730B511F0004502D5404261EB2F
:4004400041014FF4806404F132045FEA915C3FF4DCAE4FF003025FEADC0C18BF03325FEADC0C18BF033202EBDC02C2F1200300FA03FC20FA02F001FA03FE40EA0E0021FA42
:4004800002F11444C1E600BF70B54FF0FF0C4CF4E06C1CEA11541DBF1CEA135594EA0C0F95EA0C0F00F0DEF82C4481EA030621EA4C5123EA4C5350EA013518BF52EA0335EF
:4004C00041F4801143F4801338D0A0FB02CE4FF00005E1FB02E506F00042E0FB03E54FF00006E1FB03569CF0000F18BF4EF0010EA4F1FF04B6F5007F64F5407404D25FEAD0
:400500004E0E6D4146EB060642EAC62141EA55514FEAC52040EA5E504FEACE2EB4F1FD0C88BFBCF5E06F1ED8BEF1004F08BF5FEA500E50F1000041EB045170BD06F00046E3
:4005400046EA010140EA020081EA0301B4EB5C04C2BFD4EB0C0541EA045170BD41F480114FF0000E013C00F3AB8014F1360FDEBF002001F0004170BDC4F10004203C35DAB9
:400580000C341BDC04F11404C4F1200500FA05F320FA04F001FA05F240EA020001F0004221F0004110EBD37021FA04F642EB06015EEA430E08BF20EAD37070BDC4F10C0454
:4005C000C4F1200500FA04F320FA05F001FA04F240EA020001F0004110EBD37041F100015EEA430E08BF20EAD37070BDC4F1200500FA05F24EEA020E20FA04F301FA05F271
:4006000043EA020321FA04F001F0004121FA04F220EA020000EBD3705EEA430E08BF20EAD37070BD94F0000F0FD101F00046400041EB010111F4801F08BF013CF7D041EA70
:40064000060195F0000F18BF704703F00046520043EB030313F4801F08BF013DF7D043EA0603704794EA0C0F0CEA135518BF95EA0C0F0CD050EA410618BF52EA4306D1D170
:4006800081EA030101F000414FF0000070BD50EA410606BF1046194652EA430619D094EA0C0F02D150EA013613D195EA0C0F05D152EA03361CBF104619460AD181EA030144
:4006C00001F0004141F0FE4141F470014FF0000070BD41F0FE4141F4780170BD70B54FF0FF0C4CF4E06C1CEA11541DBF1CEA135594EA0C0F95EA0C0F00F0A7F8A4EB0504F1
:4007000081EA030E52EA03354FEA013100F088804FEA03334FF0805545EA131343EA12634FEA022245EA111545EA10654FEA00260EF000419D4208BF964244F1FD0404F54B
:40074000407402D25B084FEA3202B61A65EB03055B084FEA32024FF480104FF4002CB6EB020E75EB030E22BFB61A754640EA0C005B084FEA3202B6EB020E75EB030E22BF50
:40078000B61A754640EA5C005B084FEA3202B6EB020E75EB030E22BFB61A754640EA9C005B084FEA3202B6EB020E75EB030E22BFB61A754640EADC0055EA060E18D04FEA2C
:4007C000051545EA16754FEA06164FEAC30343EA52734FEAC2025FEA1C1CC0D111F4801F0BD141EA00014FF000004FF0004CB6E711F4801F04BF01430020B4F1FD0C88BFFD
:40080000BCF5E06F3FF6AFAEB5EB030C04BFB6EB020C5FEA500C50F1000041EB045170BD0EF0004E4EEA113114EB5C04C2BFD4EB0C0541EA045170BD41F480114FF0000E3B
:40084000013C90E645EA060E8DE60CEA135594EA0C0F08BF95EA0C0F3FF43BAF94EA0C0F0AD150EA01347FF434AF95EA0C0F7FF425AF104619462CE795EA0C0F06D152EA0B
:4008800003353FF4FDAE1046194622E750EA410618BF52EA43067FF4C5AE50EA41047FF40DAF52EA43057FF4EBAE12E74FF0FF3C06E000BF4FF0010C02E000BF4FF0010C12
:4008C0004DF804CD4FEA410C7FEA6C5C4FEA430C18BF7FEA6C5C1BD001B050EA410C0CBF52EA430C91EA030F02BF90EA020F0020704710F1000F91EA030F58BF994208BF1C
:4009000090422CBFD8176FEAE37040F0010070474FEA410C7FEA6C5C02D150EA013C07D14FEA430C7FEA6C5CD6D152EA033CD3D05DF8040B704700BF8446104662468C46AC
:400940001946634600E000BF01B5FFF7B7FF002848BF10F1000F01BD4DF808EDFFF7F4FF0CBF012000205DF808FB00BF4DF808EDFFF7EAFF34BF012000205DF808FB00BFC7
:400980004DF808EDFFF7E0FF94BF012000205DF808FB00BF4DF808EDFFF7CEFF94BF012000205DF808FB00BF4DF808EDFFF7C4FF34BF012000205DF808FB00BF4FEA41021B
:4009C000B2F1E04324BFB3F5001CDCF1FE5C0DD901F0004C4FEAC0024CEA5070B2F1004F40EB830008BF20F00100704711F0804F21D113F13872BCBF01F00040704741F418
:400A000080114FEA5252C2F11802C2F1200C10FA0CF320FA02F018BF40F001004FEAC1234FEAD32303FA0CFC40EA0C0023FA02F34FEA4303CCE77FEA625307D150EA013350
:400A40001EBF4FF0FE4040F44000704701F0004040F0FE4040F40000704700BF80F0004002E000BF81F0004142001FBF5FEA410392EA030F7FEA226C7FEA236C6AD04FEA08
:400A80001262D2EB1363C1BFD218414048404140B8BF5B42192B88BF704710F0004F40F4000020F07F4018BF404211F0004F41F4000121F07F4118BF494292EA030F3FD044
:400AC000A2F1010241FA03FC10EB0C00C3F1200301FA03F100F0004302D5494260EB4000B0F5000F13D3B0F1807F06D340084FEA310102F10102FE2A51D2B1F1004F40EB16
:400B0000C25008BF20F0010040EA03007047490040EB000010F4000FA2F10102EDD1B0FA80FCACF1080CB2EB0C0200FA0CF0AABF00EBC25052421843BCBFD04018437047A2
:400B400092F0000F81F4000106BF80F400000132013BB5E74FEA41037FEA226C18BF7FEA236C21D092EA030F04D092F0000F08BF0846704790EA010F1CBF0020704712F0F9
:400B80007F4F04D1400028BF40F00040704712F100723CBF00F50000704700F0004343F0FE4040F4000070477FEA226216BF08467FEA23630146420206BF5FEA412390EA23
:400BC000010F40F4800070474FF0000304E000BF10F0004348BF40425FEA000C08BF704743F0964301464FF000001CE050EA010208BF70474FF000030AE000BF50EA010285
:400C000008BF704711F0004302D5404261EB41015FEA010C02BF84460146002043F0B64308BFA3F18053A3F50003BCFA8CF2083AA3EBC25310DB01FA02FC634400FA02FC32
:400C4000C2F12002BCF1004F20FA02F243EB020008BF20F00100704702F1200201FA02FCC2F1200250EA4C0021FA02F243EB020008BF20EADC7070474FF0FF0C1CEAD052E8
:400C80001EBF1CEAD15392EA0C0F93EA0C0F6FD01A4480EA010C400218BF5FEA41211ED04FF0006343EA501043EA5111A0FB01310CF00040B1F5000F3EBF490041EAD37107
:400CC0005B0040EA010062F17F02FD2A1DD8B3F1004F40EBC25008BF20F00100704790F0000F0CF0004C08BF49024CEA502040EA51207F3AC2BFD2F1FF0340EAC2507047A3
:400D000040F400004FF00003013A5DDC12F1190FDCBF00F000407047C2F10002410021FA02F1C2F1200200FA02FC5FEA310040F1000053EA4C0308BF20EADC70704792F0BE
:400D4000000F00F0004C02BF400010F4000F013AF9D040EA0C0093F0000F01F0004C02BF490011F4000F013BF9D041EA0C018FE70CEAD15392EA0C0F18BF93EA0C0F0AD040
:400D800030F0004C18BF31F0004CD8D180EA010000F00040704790F0000F17BF90F0004F084691F0000F91F0004F14D092EA0C0F01D142020FD193EA0C0F03D14B0218BFA5
:400DC000084608D180EA010000F0004040F0FE4040F40000704740F0FE4040F4400070474FF0FF0C1CEAD0521EBF1CEAD15392EA0C0F93EA0C0F69D0A2EB030280EA010C55
:400E000049024FEA402037D04FF0805343EA111143EA10130CF000408B4238BF5B0042F17D024FF4000C8B4224BF5B1A40EA0C00B3EB510F24BFA3EB510340EA5C00B3EB78
:400E4000910F24BFA3EB910340EA9C00B3EBD10F24BFA3EBD10340EADC001B0118BF5FEA1C1CE0D1FD2A3FF650AF8B4240EBC25008BF20F0010070470CF0004C4CEA502037
:400E80007F32C2BFD2F1FF0340EAC250704740F400004FF00003013A37E792F0000F00F0004C02BF400010F4000F013AF9D040EA0C0093F0000F01F0004C02BF490011F480
:400EC000000F013BF9D041EA0C0195E70CEAD15392EA0C0F08D142027FF47DAF93EA0C0F7FF470AF084676E793EA0C0F04D14B023FF44CAF08466EE730F0004C18BF31F0F9
:400F0000004CCAD130F000427FF45CAF31F000437FF43CAF5FE700BF4FF0FF3C06E000BF4FF0010C02E000BF4FF0010C4DF804CD4FEA40024FEA41037FEA226C18BF7FEA86
:400F4000236C11D001B052EA530C18BF90EA010F58BFB2EB030088BFC81738BF6FEAE17018BF40F0010070477FEA226C02D15FEA402C05D17FEA236CE4D15FEA412CE1D0AE
:400F80005DF8040B704700BF844608466146FFE70FB5FFF7C9FF002848BF10F1000F0FBD4DF808EDFFF7F4FF0CBF012000205DF808FB00BF4DF808EDFFF7EAFF34BF0120B2
:400FC00000205DF808FB00BF4DF808EDFFF7E0FF94BF012000205DF808FB00BF4DF808EDFFF7D2FF94BF012000205DF808FB00BF4DF808EDFFF7C8FF34BF012000205DF8D4
:4010000008FB00BF4FEA40024FEA41037FEA226C02D15FEA402C08D17FEA236C02D15FEA412C02D14FF0000070474FF0010070474FEA4002B2F1FE4F0FD34FF09E03B3EB92
:4010400012620DD94FEA002343F0004310F0004F23FA02F018BF404270474FF00000704712F1610F01D1420205D110F0004008BF6FF0004070474FF00000704742000ED20C
:40108000B2F1FE4F0BD34FF09E03B3EB126209D44FEA002343F0004323FA02F070474FF00000704712F1610F01D1420202D14FF0FF3070474FF00000704700BF014B186803
:4010C000704700BF9482FF1F0E4B70B51E460E4C0025E41AA410A54204D056F8253098470135F8E72BF038FF084B094C1E46E41AA4100025A54204D056F825309847013539
:40110000F8E770BD64CF030064CF030064CF03006CCF030010B5431E0A44914204D011F8014B03F8014FF8E710BD03460244934202D003F8011BFAE770472DE9F04788B0F2
:40114000149F002B1E461299B8BF03F1004327F02007B6BF1E4600232D23462F1446109DDDF84CA00B7003D0452F03D1013501E0032300E0022307AA049206AA03928DE834
:4011800028042246334600F0B7FB472F804602D1119BDB0728D5462F08EB050911D198F80030302B0AD10022002320463146FFF7D3FB18B9C5F10105CAF80050DAF8003011
:4011C00099440022002320463146FFF7C5FB08B9302202E0CDF81C9006E0079B994503D9591C07911A70F8E74046079B159AC8EB0303136008B0BDE8F087034673B50029AB
:40120000B8BF494203F8022BB4BF2D222B22092942701ADD0DF1070216460A2591FBF5F405FB1411092C01F1300102F8011D2146F4DC3031541E02F8011CB4421A460AD2AB
:4012400014F8012B03F8012BF7E71A463024214402F8024B5970101A02B070BD2DE9F04F91B00C46DDF8688016461F46054601F0DBF803681846099300F0AAFA00230E93CD
:40128000D8F800300A90073323F0070303F1080294F81890D4F800B0C8F80020D3E90023C4E91223D4F84CA0D4F848802AF000430B934FF0FF32A74B40460B9901F014FC1A
:4012C000A0B94FF0FF32A34B40460B99FFF758FB60B90022002340465146FFF747FB10B12D2384F843309C4B9C4A0AE0424653464046514601F0F8FB002800F09281984B2A
:40130000984AB9F1470F8CBF90469846032323612BF0040323604FF0000A3DE0B9F1670F00F08A81B9F1470F00F0868123600193636800210DF1330205900292009342468B
:4013400053460691CDF81090CDF80CE02846FFF7F4FE09F0DF03472B804600F08481B9F1650F0D9900F28D8101394A4604F150000D91FFF742FF0E9A82468318012A236167
:4013800000F37C812268D10700F178819DF8333013B12D2384F84330009733460FAA2146284600F09FF9013002D14FF0FF3096E123685A0501D4236965E0B9F1650F40F207
:4013C000D580D4E9120100220023FFF7C5FA78B30123654A31462846B8470130E5D00E9B0D9A9A420BDB2368D80708D423689B0740F111814FF0000804F1190906E10A9BD4
:40140000099A31462846B8470130CED04FF0000804F11A090E9B013B9845E7DA01234A4631462846B8470130BFD008F10108F1E70D9B002B29DC01234B4A31462846B847CD
:401440000130B2D00D9B23B90E9B13B92368D907CCD50A9B099A31462846B8470130A4D04FF0000904F11A0A0D9B5B42994509DA0123524631462846B847013095D009F14C
:401480000109F1E70E9B4246A7E00E9AA36D9A42A8BF1A46002A914606DC4FF0000A29EAE97904F11A0B11E01346314642462846B8470130F1D178E701235A4631462846CB
:4014C000B84701303FF471AF0AF1010AA36DC9EB03029245F0DB08EB03090D9A0E9B9A420FDB2368DA070CD40E9B0D9A9844C9EB08089B1A9845A8BF9846B8F1000F08DC34
:401500000FE00A9B099A31462846B8470130EBD14BE743464A4631462846B84701303FF444AF4FF0000928EAE87804F11A0A09E00123524631462846B84701303FF435AF79
:4015400009F101090D9A0E9B9B1AC8EB03039945EEDB4BE7FFFFEF7F2ACE03002ECE030032CE030036CE03003ACE03000E9A012A01DCDB0738D50123424631462846B84726
:4015800001303FF412AF0A9B099A31462846B84701303FF40AAFD4E9120100220023FFF7DBF920B14FF0000804F11A090EE00E9B08F10102013B19E001234A46314628464D
:4015C000B84701303FF4F1AE08F101080E9B013B9845F1DB534604F1500231462846B84701307FF403AFE0E64246012331462846B8470130EED1D8E601234A4631462846A2
:40160000B84701303FF4D1AE08F10108E3680F9A9B1A9845F0DBE0680F9B9842B8BF18465DE062680EA8531C0DF1340E4BF480637FF474AE062201E012B90122626075E69D
:40164000002106910DF133018DE80C00236005904246CDF81090CDF80CE0029153462846FFF76BFD80460D9BD81C02DB626893421DDDA9F102095FFA89F970E601332361EB
:4016800084E6B9F1660F14D10029636807DD216113B92268D2071DD501330B4419E013B92268D00701D5023313E0012311E04FF067090D9B0E9A934205DB22682361D107EB
:4016C00008D5013305E0002BD4BFC3F102030123134423610D9B4FF0000AA36556E611B0BDE8F08F2DE9F04791461F460A698B6806469342B8BF1346C9F8003091F84320A7
:401700000C46DDF8208012B10133C9F800302368990642BFD9F800300233C9F80030256815F0060510D104F1190A07E00123524639463046C04701301AD00135E368D9F806
:4017400000209B1A9D42F1DB94F843302268003318BF012392060FD5E118302081F843005A1C94F845102244023382F8431003E04FF0FF30BDE8F08704F143023946304656
:40178000C0470130F4D02268D9F80050E36802F00602042A08BF5D1B2269A3680CBF25EAE57500259342C4BF9B1AED184FF000091A344D4509D00123224639463046C04746
:4017C0000130D5D009F10109F3E70020BDE8F087034613F8012B002AFBD1181A013870472DE9F74F03690C6980469C427FDC013C01F114074FEA840E00F1140606EB0E0303
:4018000057F82450019356F824300135B3FBF5F507EB0E09C5B34FF0000A3846B446D34650F8043B9AB205FB02A21B0C4FEA124A05FB03A392B2C2EB0B0BBCF800204FEA99
:40184000134A5A441FFA83FBDCF800308145CBEB134303EB224392B242EA03424FEA234B4CF8042BDCD256F80E306BB9019B043B9E421A4602D3C8F8104005E01268043BE2
:40188000002AF8D1013CF3E7404600F0E6FF00282BDB304601354FF0000E57F8042B036891B2C1EB0E0E120C99B27144C2EB134303EB214389B24FEA234EB94541EA0343E1
:4018C00040F8043BE9D256F8242006EB840362B9043B9E421A4602D3C8F8104005E01268043B002AF8D1013CF3E7284600E0002003B0BDE8F08F00002DE9F04F456A95B0F7
:401900008246219CCDE9022345B9102000F090FDCAF82400456085600560C560DAF82430196859B15A68012393404A608B60504600F0BBFDDAF8243000221A60039BA04A1B
:40194000002BBDBF01232360039B0023BCBF23F000430393DDF80C80A8BF236028F000431B0D1B0593421DD142F20F73209A1360029B43B9934A944BC8F31300002814BF3F
:401980001846104600E09048229B002B00F04685C37813B100F1080300E0C31C229A136000F03CBDDDE902450022002320462946FEF7D2FF074658B1209A01231360229BF5
:4019C000002B00F01E8581481860013800F026BD12AB019313AB009322462B46504600F0B7FFC8F30A56049056B1C5F3130343F07F51204641F44011A6F2FF3611971DE040
:401A0000139B129E1E4406F23243202B0ADD029A06F21240C3F1400322FA00F008FA03F3184304E0C3F12000029B03FA00F0FEF7B5FC0123A1F1F871013E11930022644B50
:401A4000FEF76EFB58A3D3E90023FEF71DFD58A3D3E90023FEF766FB044630460D46FEF7ADFC55A3D3E90023FEF70EFD02460B4620462946FEF756FB04460D4601F04AF8E3
:401A800000228346002320462946FEF76FFF58B15846FEF793FC02460B4620462946FEF75BFF08B90BF1FF3BBBF1160F0DD8DDE90223484901EBCB01D1E90001FEF774FFF4
:401AC00030B10BF1FF3B002300E00123109300E01090129B9E1B731E079343BFC3F10008002307934FF00008BBF1000F06DB079BCDF82CB05B440793002705E00023CBEB35
:401B00000808CBF100070B931E9B092B28D8052BC4BF043B1E931E9BC8BF0025A3F10203D8BF0125032B20D8DFE803F0060E0204012302E0012308E000230A931F9B002B38
:401B40001DDD9946059321E000230A931F9B0BEB030909F10103012B0593B8BF012315E0012500231E930A9501E001230A934FF0FF390022CDF8149012231F9206E04FF0DD
:401B800001094B46CDF81490CDF87C90DAF8244000226260042101F114029A421CD86268490001326260F6E761436F63A787D23FB3C8608B288AC63FFB799F501344D33FB6
:401BC0000000F07F3CCE030045CE03003BCE03000000F83F58CE03006168504600F030FCDAF8243020601B680693059B0E2B00F25B81002D00F05881DDE90234BBF1000F56
:401C0000CDE90E3430DD9F4A0BF00F034FEA2B1502EBC303E80618CBCDE908340CD5DDE90E01994B05F00F05D3E90823FEF756FD0324CDE9020100E00224934E6DB1E90713
:401C400008D5DDE90801D6E90023FEF71DFCCDE9080101346D100836F0E7DDE90823DDE90201FEF73BFD20E0CBF1000505B3DDE90E01844B05F00F0203EBC203D3E90023A6
:401C8000FEF702FCCDE902017F4E2D110023022455B1EA0705D5D6E90023FEF7F5FB013401236D100836F3E71BB1CDE9020100E00224109BE3B1DDE902560022734B284668
:401CC0003146FEF753FE98B1059B8BB1B9F1000F40F3E6800BF1FF330893314600226C4B2846FEF7D1FB0134CDE902014E4602E0059ECDF820B02046FEF760FBDDE902232B
:401D0000FEF7C2FB634B0022FEF70CFAA1F1507304460C931D46D6B9DDE9020100225E4BFEF7FEF922460C9BCDE90201FEF73CFE002840F03F820C99224601F10043DDE95E
:401D40000201FEF713FE002840F02B82A8E00A9A4C4B711E002A49D003EBC103D3E9002300204E49FEF7BAFC22462B46FEF7D8F9CDE90C01069CDDE9020100F0CBFE0546FC
:401D8000FEF71CFB02460B46DDE90201FEF7C8F9DDE90C23303504F8015BCDE90201FEF7E5FD002840F01D83DDE9022300203749FEF7B6F9DDE90C23FEF7D8FD002840F07F
:401DC000D180069BE31AB3426ADADDE90C0100222F4BFEF759FB0022CDE90C01DDE902012B4BFEF751FBCDE90201C4E703EBC1012246D1E900012B46FEF746FB069BCDE969
:401E00000C011D469C19DDE9020100F083FE0646FEF7D4FA02460B46DDE90201FEF780F9303605F8016BAC42CDE902014FF0000222D11A4BDDE90C01FEF774F902460B4687
:401E4000DDE90201FEF7B0FD002840F08B80DDE90C2300201149FEF763F902460B46DDE90201FEF783FDD8B114F8013C621E302B40F0B7821446F7E7054BFEF705FBCDE9B4
:401E80000201C0E758CE030030CF03000000F03F0000244000001C40000014400000E03FDDE90E34CDE90234139B002B7CDBBBF10E0F79DCAB4B03EBCB03D3E900671F9B1A
:401EC000002B14DA059B002B11DC40F06C810022A54B30463946FEF7D7FADDE90223FEF759FD059D2E46002840F05F8165E1069CDDE9028932463B4640464946FEF7EEFB7E
:401F000000F008FE0546FEF759FA32463B46FEF7BBFA0B46024649464046FEF701F905F1300E069B04F801EBC3EB040E059B73452DD102460B46FEF7F5F8804689460246AD
:401F40000B4630463946FEF711FD78B942464B4630463946FEF700FD002800F04482EB0704D440E2DDF820B000E01C4614F8012C631E392A07D1069A9A42F6D1069930220D
:401F80000BF1010B0A701A7801321A702BE20022764BFEF779FA0022002380468946FEF7DBFC0028A6D01EE20A9A002A2BD01E9A012A0ADC119A12B103F2334302E0129BBA
:401FC000C3F136033D46444613E0059B5D1EAF42BFBF0B9BEA1B9B180B93059BB6BF2F467D1B0025002BA7BF4446059BC3EB08040023079A01211A4450469844079200F073
:40200000F3FA064602E03D4644460A9E5CB1079B002B08DDA342A8BF2346079AC3EB0808E41AD31A0793002F1DDD0A9BABB18DB131462A46504600F071FB049A0146064606
:40204000504600F0DAFA04990890504600F02DFA089B04937A1B06D000E03A460499504600F05CFB04900121504600F0BDFA0B9B05465BB31A460146504600F04FFB1E9B83
:402080000546012B18DC029B83B9039BC3F3130373B9039B23F000473F0D3F054FB1079B08F1010801330793012702E0002700E0029F0B9B73B100E000272B6905EB8303BF
:4020C000186900F044FAC0F1200004E01E9B012BD9DD0B9F0120079B184410F01F0008D0C0F12003042B02DDC0F11C0002E006D018461C30079B8044034404440793B8F1D8
:40210000000F05DD42460499504600F055FB0490079B002B05DD29461A46504600F04CFB0546109B23B32946049800F096FB00281EDA00230A220499504600F0CDF90A9B7F
:402140000BF1FF3B0490002B00F05F81314600230A22504600F0C0F9B9F1000F06463FDC3BE000BF58CE03000000144000002440059B002B2BDC1E9B022B28DDDDF8149084
:40218000B9F1000F11D129464B460522504600F0A3F901460546049800F05FFB00280CDC03E0354600E000252E461F9B069C6FEA030B09E03546DDF820B0069B069A5C1C57
:4021C000312313700BF1010B05960026F7E00A9BDDF8149023B9069CB2E01E9B022BCFDC002C05DD31462246504600F0E5FA06469FB17168504600F023F90446326906F164
:402200000C01023292000C30FEF784FF01222146504600F0D1FA059000E00596029B069F03F00103079329460498FFF7D9FA3146044600F13008049800F00FFB059A0290D4
:402240002946504600F025FBC36802463BB901460A90049800F001FB0A9A034600E00123114650460A9300F020F90A9B53B91E9A42B9079A32B9B8F1390F2AD0029B002B52
:402280001CDC1DE0029A002A04DB1BD11E9ACAB9079ABAB9002B13DD01220499504600F08BFA2946049000F0D8FA002803DC07D118F0010F04D0B8F1390F0AD004F13108DA
:4022C0007C1C0CE0002B07F101040BDDB8F1390F03D139233B70013756E008F1010887F800806CE0069B2746E31A4B4504F8018C3BD000230A220499504600F0EDF8059B9D
:4023000004909E424FF00A024FF000033146504604D100F0E1F80646059084E700F0DCF8002306460A220599504600F0D5F8059079E700230A220499504600F0CDF8049095
:4023400029460498FFF74CFA069B00F1300804F8018BE31A4B45ECDB069B0596B9F1010FACBF4B4401331F46002601220499504600F022FA2946049000F06FFA002803DCFC
:4023800015D118F0010F12D03C4614F8013C621E392B09D1069B934204D10BF1010B3123069A02E01446F0E70133137007E03C4614F8013C621E302B01D11446F8E729469C
:4023C000504600F072F8059B6BB12EB19E4203D03146504600F069F80599504600F065F801E0DDF820B00499504600F05EF80023209A23700BF101031360229B1BB11C60D9
:4024000001E008480AE0069808E0B9F1000F3FF7E2AE1E9B022B7FF7DEAEB1E615B0BDE8F08F00BF3ACE0300004870479882FF1F024B0146186800F0E7BA00BF9482FF1F7B
:4024400070B5456A04460E463DB91020FFF7F0FF6062456085600560C560656AEB6843B1636ADB6853F8260078B1026843F8262017E021220421204600F0B8FA636AE860E2
:40248000DB68002BECD1002070BD012101FA06F56A1D9200204600F0A9FA0028F3D04660856000230361C36070BD70B5446A06460D463CB91020FFF7BBFF7062446084608C
:4024C0000460C4603DB1736A6A68DB6853F82210296043F8225070BD2DE9F04106460C460D691F4601F1140E0023DEF80000013381B202FB0171000C0F0C02FB007089B222
:4025000001EB00419D424FEA10474EF8041BECDCD7B1A3689D4212DB616830460131FFF78FFF8046226904F10C01023292000C30FEF7F0FD21463046FFF7B7FF444604EB45
:40254000850301355F6125612046BDE8F081030C1B0413B90004102300E0002310F07F4F04BF0002083310F0704F04BF0001043310F0404F04BF80000233002803DB4200D0
:4025800003D5581C70471846704720207047036813F007020BD0D90722D49A074BBF5B089B08036003604CBF01200220704799B209B91B0C102213F0FF0F04BF1B0A0832CF
:4025C000190704BF1B090432990704BF9B080232D90702D45B0805D00132036010467047002070472020704710B50C460121FFF727FF01224461026110BD2DE9F74F144602
:402600000A69236988469A42BEBF0B46A0461C46D8F81070D4F81090D8F80830D8F8041007EB09069E42C8BF0131FFF709FF00F114052B4605EB860C0022634502D243F8C5
:40264000042BFAE704F1140208F1140102EB890301EB87070093009B0192934257D9B2F800B0BBF1000F23D08946AE464FF0000859F8044BBEF800A0A3B20BFB03A34FEA36
:40268000144ADEF8004043444FEA14480BFB0A84F24604EB13449BB243EA04434F454FEA14484AF8043B01D9D646E1E7CEF80480019B0432B3F802A0BAF1000F21D02C46C9
:4026C00089462B684FF00008B9F800E0B4F802B09BB20AFB0EBEA346F04443EA08434BF8043B59F8043BB4F804E01B0C0AFB03E34F4503EB18434FEA134801D95C46E3E724
:4027000063600435A7E75CF8043D13B9013E002EF9DC066103B0BDE8F08F00002DE9F843154612F0030206460F4607D0214C013A002354F82220FFF7CFFE0746AD1036D0D7
:40274000746A3CB91020FFF773FE7062446084600460C460D6F82480D8F808404CB940F271213046FFF740FF04460023C8F8080003604FF00008EB070AD539462246304602
:40278000FFF73BFF814639463046FFF78EFE4F466D100CD0206808B10446ECE7224621463046FFF72AFF2060C0F80080F4E73846BDE8F88320CF03002DE9F0470C460746EC
:4027C000914626694FEA621A56444968A368751CAB4202DA01315B00FAE73846FFF730FE002380461A4600F11401534503DA41F823200133F9E72AEAEA73206901EB83033E
:4028000019F01F0904F1140101EB800E14D0C9F1200C002208689A4600FA09F0024343F8042B51F8042B8E4522FA0CF2F2D8CAF8042042B1B51C06E0043B51F8042B8E45BC
:4028400043F8042FF9D8013D3846C8F810502146FFF72BFE4046BDE8F08703690A6910B59B1A11D192001430143183180A4453F8044D52F8041D8C4202D007D3012010BD67
:402880009842F4D3002010BD184610BD4FF0FF3010BD2DE9F8430C460746114620461546FFF7DBFF061E08D131463846FFF7C8FD012303614661BDE8F883BCBF23462C46FA
:4028C00038466168BABF1D4601260026FFF7B8FD2B69C660266905F1140904F1140101EB860709EB830800F114054FF0000C51F8042B59F8044B93B29C44A3B2240CC3EB9A
:402900000C03C4EB124202EB23429BB24FEA224CC84543EA02428E4645F8042BE7D8BE450ED25EF8041B8AB26244131403EB114392B242EA03424FEA234C45F8042BEEE781
:4029400055F8043D0BB9013EFAE70661BDE8F8832DE9F3411C4601219046089E099DFFF76FFDC4F31302C4F30A5407460CB142F480120192B8F1000F19D002A840F8088DAE
:40298000FFF705FE009B48B1019AC0F1200102FA01F10B43C2407B61019200E07B61019B002B14BF02210121BB61396107E001A8FFF7EDFD019B01217B613961203034B146
:4029C000A4F2334404443460C0F1350009E0A0F2324007EB810330601869FFF7B8FDC0EB41102860384602B0BDE8F08138B502FB01F4214600F008F8054618B1224600214C
:402A0000FEF793FB284638BD70B5CD1C25F0030508350C2D38BF0C25002D064601DBA94202D90C23336046E000F05CF8234B1C681A462146A1B10B685B1B0ED40B2B03D9B8
:402A40000B60CC18CD501EE08C420BBF63684B681360636018BF0C4615E00C464968E9E7174C23681BB9304600F02CF820602946304600F027F8431C18D0C41C24F00304AD
:402A8000A0420DD12560304600F02DF804F10B00231D20F00700C31A0ED05A42E25070BD211A304600F00EF80130EBD10C233360304600F018F8002070BD00BF6084FF1F5F
:402AC0005C84FF1F38B5064C0023054608462360F6F7AEF9431C02D1236803B12B6038BD6CEAFF1F704770474FEA410C7FEA6C5C02D150EA013C0AD14FEA430C7FEA6C5C5E
:402B000002D152EA033C02D14FF0000070474FF0010070474FEA410212F5001215D211D56FF47873B3EB625212D94FEAC12343F0004343EA505311F0004F23FA02F018BF01
:402B4000404270474FF00000704750EA013005D111F0004008BF6FF0004070474FF00000704700BF00000000000000000000000000000000000000000000000000000000D2
:402B80000000000000000000000000000000000000000000000000000000000000000000000000000000000000000000000000000000000000000000000000000000000015
:402BC00000000000000000000000000000000000000000000000000000000000000000000000000000000000000000000000000000000000000000000000000000000000D5
:402C0000E17A943F00000000000000000000000000000000000000000000000000000000000000000000000000000000000000000000000000000000000000000000000066
:402C40000000000000000000000000000000000000000000000000000000000000000000000000000000000000000000000000000000000000000000000000000000000054
:402C80000000000000000000000000000000000000000000000000000000000000000000000000000000000000000000000000000000000000000000000000000000000014
:402CC00000000000000000000000000000000000000000000000000000000000000000000000000000000000000000000000000000000000000000000000000000000000D4
:402D00000000000000000000000000000000000000000000000000000000000000000000000000000000000000000000000000000000000000000000000000000000000093
:402D40000000000000000000000000000000000000000000000000000000000000000000000000000000000000000000000000000000000000000000000000000000000053
:402D80000000000000000000000000000000000000000000000000000000000000000000000000000000000000000000000000000000000000000000000000000000000013
:402DC00000000000000000000000000000000000000000000000000000000000000000000000000000000000000000000000000000000000000000000000000000000000D3
:402E00000000000000000000000000000000000000000000000000000000000000000000000000000000000000000000000000000000000000000000000000000000000092
:402E40000000000000000000000000000000000000000000000000000000000000000000000000000000000000000000000000000000000000000000000000000000000052
:402E80000000000000000000000000000000000000000000000000000000000000000000000000000000000000000000000000000000000000000000000000000000000012
:402EC00000000000000000000000000000000000000000000000000000000000000000000000000000000000000000000000000000000000000000000000000000000000D2
:402F00000000000000000000000000000000000000000000000000000000000000000000000000000000000000000000000000000000000000000000000000000000000091
:402F40000000000000000000000000000000000000000000000000000000000000000000000000000000000000000000000000000000000000000000000000000000000051
:402F80000000000000000000000000000000000000000000000000000000000000000000000000000000000000000000000000000000000000000000000000000000000011
:402FC00000000000000000000000000000000000000000000000000000000000000000000000000000000000000000000000000000000000000000000000000000000000D1
:403000000000000000000000000000000000000000000000000000000000000000000000000000000000000000000000000000000000000000000000000000000000000090
:403040000000000000000000000000000000000000000000000000000000000000000000000000000000000000000000000000000000000000000000000000000000000050
:403080000000000000000000000000000000000000000000000000000000000000000000000000000000000000000000000000000000000000000000000000000000000010
:4030C00000000000000000000000000000000000000000000000000000000000000000000000000000000000000000000000000000000000000000000000000000000000D0
:40310000454C454354524F535445454C000000004649524D5741524520202000555044415445202020202000202020202020202020202000FF07000000FFFFC3C0CF3CF3FF
:40314000CC04C1903204C7FEFFC64098FFDFF8C8110260CC0008040F8FEC964320F00F04C2713FF3F02010080078198330660CC0F383839E0660CC1983303C1F0FC300C0A2
:40318000180F06CF3BC7F0EE31F63DC0FFC032664CCCCCC46623C46623333332664C112551C38AA4880C0300C030FFFFF0C0300C03006DE8FFC0FC018180C0C0606030384A
:4031C000180C0C06060303003E3F98D83C1E6F3783C1E0D8CFE3E038F8D81818181818181818FFFF7E7FA0E030181C0C1C1C1C181FFFF87E7FA0E03039F8FC070180E0FF9C
:40320000E7E006070382C36131998CFFFFC180C0607F3F980C07E3F90E030180E0FFE7E01E3F9C5C0C06F3FDC7C1E0D8EFE3E0FFFFC0C060703018180C0E060303003E3F45
:40324000B0783C1BF9FDC7C1E0F8EFE3E03E3FB8D83C1F1DFE7B0181D1CFE3C0FC0FC06D801B7A0000000000000000000400C01C03C07C0FC1FC0FC07C03C01C00C004FFDF
:40328000FFC0000FFFFC0000000000000004006007007807C07E07F07E07C07807006004007DFE1830E38E1830600183001E19986CFCDE6F379BCDE6F1EC060180781C0E8F
:4032C00007038361B0D86C7F3F98D83C18FE7FB0783C1FFBFD87C1E0F0FFEFE01F1FDC3C0C06030180C0701C27F1F0FC7F31D87C1E0F0783C1E1F1DFCFC0FFFFF0180C077B
:40330000FFFF80C060301FFFF8FFFFF0180C07FBFD80C06030180C001F1FDC3C0C063F1F83C1F0D867F1E0C1E0F0783C1FFFFF83C1E0F0783C18FFFF18181818181818189A
:4033400018FFFF3E7C183060C183060E1FE780C1B0CC6330D83E0F8330CE318C330EC180C06030180C06030180C060301FFFF8E3F1F8FEFD5EAF7793C1E0F0783C18E1F0D2
:40338000FC7A3D1ECF279BC5E2F1F87C383E3F98D83C1E0F0783C1E0D8CFE3E0FE7FB0F83C1E1FFDFCC06030180C003E3F98D83C1E0F0783C1E0D8CFE3E0380CFE3FCC3BFE
:4033C00006C1B0EFF3F8C330EC1B06C0C03E3FB8580C03E0FC070180E0FFE7E0FFFFF0C0300C0300C0300C0300C0300C00C1E0F0783C1E0F0783C1E0F8EFE3E0C1E0D8CCE2
:403400006633B8D86C360E070381C0C0780F01B066ECDD9AB3566ACF78C618C318E3B19D86C1C0E070383E1B1DCC6E38E1D86738CC1E0780C0300C0300C0300C00FFFFC00A
:40344000C0E0606070303838181FFFF8FFCCCCCCCCCCCCFFC03018060300C060380C060180C0301806FF333333333333FF0C07833186C0C0FFFFFCC6303E3F90E033FFFFD3
:403480000787FFBEC0C06030180DE7FB8F83C1E0F07C7FF6F01E7F61C0C0C0C0617F1E0180C06033DBFF8F83C1E0F07C77F9EC3E3F98F83FFFFF00C17F8F800F1F1818FF0B
:4034C000FF18181818181818183DBFF8F83C1E0F07C77F9EC06877F1F0C06030180CE7FB8F83C1E0F0783C1E0C18180000F8F8181818181818FFFF0C30007DF0C30C30C35D
:403500000C30C3FBC0C06030180C3E3B39B8F87E3318CC761CF8F8181818181818181818180F0FDBBFFCCF33CCF33CCF33CCF330CE7FB8F83C1E0F0783C1E0C03E3FB8F8D4
:403540003C1E0F07C77F1F00DE7FB8F83C1E0F07C7FF6F30180C06003DBFF8F83C1E0F07C77F9EC06030180CDDBF8E0C183060C1803F7FF03F07F03C0703FFBF00180C0685
:403580001FFFF8C06030180C0603F0F8C1E0F0783C1E0F07C77F9CC0C1B198CC6361B0D8381C0E00C0780D833266ECD58EE1DC318630E3BB8D8381C0E0F86C6371C0C1B165
:4035C00098CE6361B078380C0E0603078380FFFFC1C1C1C0C0C0E0FFFFC00F1F1818181818F0F03818181818181F0FFFFFFFFFF00000000000000000F01F81981981987FCC
:40360000E7FE7FE7FE7FE7FE7FE00000000001010C0000000100020D0C05F300050006050C03F30009000B0E0C00F2001D0009110C01F20031000B0D0C00F30043000A0D52
:403640000C01F300540002050C05F300560004100C04F2005E0004100C03F200660007080C02F3006D000A0A0C01F5007A0003050C03FD007C0005020C03FA007E00020376
:403680000C04FD007F00090F0C01F3009000090D0C01F3009F00080D0C02F300AC00090D0C01F300BB00090D0C01F300CA00090D0C01F300D900090D0C01F300E800090DAB
:4036C0000C01F300F700090D0C01F3000601090D0C01F3001501090D0C01F300240102090C04F7002701030B0C03F7002C010C120C00EE00470109060C01F7004E010C12F4
:403700000C00EE006901070D0C02F3007501090F0C01F4008601090D0C01F3009501090D0C01F300A401090D0C01F300B301090D0C01F300C201090D0C01F300D101090DF2
:403740000C01F300E001090D0C01F300EF01090D0C01F300FE01080D0C02F3000C02070D0C01F30017020A0D0C01F3002802090D0C01F3003702090D0C01F3004602090DF8
:403780000C01F3005502090D0C01F3006402090D0C01F3007302090F0C01F30084020A0D0C01F3009502090D0C01F300A4020A0D0C01F300B502090D0C01F300C402090DE3
:4037C0000C01F300D3020B0D0C00F300E502090D0C01F300F4020A0D0C01F3000503090D0C01F300140304100C04F2001C03090F0C01F3002D0304100C03F20035030A05C5
:403800000C01F3003C030B020C0002003F0304030C02F2004103090A0C01F6004D03090E0C01F2005D03080A0C01F6006703090E0C01F2007703090A0C01F6008303080E04
:403840000C01F2009103090E0C01F600A103090E0C01F200B103080E0C02F200BF0306120C01F200CD03090E0C01F200DD03080E0C01F200EB030A0A0C01F600F903090A4F
:403880000C01F6000404090A0C01F6001004090E0C01F6002004090E0C01F6003004070A0C03F6003904090A0C01F6004504090D0C01F3005404090A0C01F6006004090A9A
:4038C0000C01F6006C040B0A0C00F6007A04090A0C01F6008604090E0C01F6009604090A0C01F600A20408110C02F200B30402120C05F200B8040C120C00EE00383101008B
:403900000C360100207E1000AAA80CED2492482448912FE4897F28512240083E6240300E0181C3BE08087112238023B80E224470388102061A6546C8ECE9245AAAA940A95F
:40394000555A8010224BE3051100102047F10204006B48FF00F0020810608104082041020800388A0C183060C18288E02728421084213E388A08102082086103F87C060217
:40398000021C06010101423C18A2928A28BF0821C07C8103E44040810388E01E41040B98B0C1C288E0FE040820408204082040388A0C14471141838CE0388A1C1868CE815C
:4039C0000413C0F00F6C00D2D2000304186060180403FF80001FF040180300602060C0803D840830C2000000303C46828EB2A2A29F8080403C3C014028090110420FC10477
:403A0000409E3CFE21904867E209028141FF803EB0F0300804020080608F80FE219068140A050283437F00FF20900887C221008140FFC0FFA0500887C22100804078001EFC
:403A4000986C0A008020F80B026087C0E3A0904827F20904824171C0F90842108427C01F02020202028282C678E3A1110905832108844170C0E04040404040414141FFE048
:403A8000EC194528A4A494911202405C1CC3B0944A249249148A4370801E319050180C060282630F00FE434141427C404040F01C319050180C060282631F04079230FE2171
:403AC00090482423E110844170C03ACD0A030180C1C778FFC462210080402010081F00E3A090482412090482220E00F1E81082104210220480500C0080F1E809112544A82C
:403B0000550CA18C318430E3A088828080C090444171C0E3A088828140402010081F00FD0A208104102183FCEAAAAAC0808103020404080810102020D55555C010512228D8
:403B400020FFE088807E008047EC140A0CFBC020100BC61205028140B0B7803A8E0C0810109E03008047A4340A050281218F603C4381FF8080613E3D043E410410410F8046
:403B80003DA1A0502814090C7A01018780C020100BC6320904824120B8E01001C08102040811FC103E10842108423F00C040404F445870484442C77020408102040810232D
:403BC000F8B7646231188C4623915E31904824120905C73E31A030180C058C7CDE309028140A0584BC402038003DA1A0502814090C7A010080E0CEA1820408107C3A8D0B89
:403C000080F070DE4040FC4040404040413EC34141414141433DE3A090844220A05010E3C0924B2592A99844E331050101411105C7E3A090844240A0601010083E00FD0891
:403C400020820810BF2924A24926FFF889248A492C612430000000000B0001000000020B0B04F600030006050B02F6000700070C0B02F6001200080C0B01F6001E00070B71
:403C80000B02F6002800070A0B02F700310003050B04F6003300020D0B05F6003700020D0B04F6003B0007070B02F600420007070B02F800490003050B02FF004B000901A0
:403CC0000B01FB004D0002020B04FF004E00070D0B02F5005A00070B0B02F6006400050B0B03F6006B00070B0B02F6007500080B0B01F6008000060B0B03F6008900070BD9
:403D00000B02F6009300070B0B02F6009D00070B0B02F600A700070B0B02F600B100070B0B02F600BB0002080B04F900BD00030B0B03F900C20008080B01F800CA00090458
:403D40000B01FA00CF0009080B01F800D800070A0B02F700E100080C0B02F600ED000B0A0B00F700FB00090A0B01F7000701090A0B01F7001301090A0B01F7001F01090AE4
:403D80000B01F7002B01090A0B01F70037010A0A0B01F7004401090A0B01F7005001050A0B03F7005701080A0B02F7006101090A0B01F7006D01080A0B02F70077010B0AB8
:403DC0000B00F7008501090A0B01F7009101090A0B01F7009D01080A0B01F700A701090D0B01F700B601090A0B01F700C201070A0B02F700CB01090A0B01F700D701090A97
:403E00000B01F700E3010B0A0B00F700F1010B0A0B00F700FF01090A0B01F7000B02090A0B01F7001702070A0B02F7002002020D0B05F6002402070D0B02F5003002020D60
:403E40000B04F600340207050B02F60039020B010B0002003B0203030B03F5003D0209080B01F9004602090B0B01F600530207080B02F9005A02090B0B01F6006702080856
:403E80000B01F9006F02060B0B03F6007802090B0B01F9008502090B0B01F6009202070A0B02F7009B02050D0B03F700A402080B0B02F600AF02070B0B02F600B90209089C
:403EC0000B01F900C20209080B01F900CB0209080B01F900D402090B0B01F900E102090B0B01F900EE0207080B03F900F50207080B02F900FC02080A0B02F70006030808D6
:403F00000B01F9000E0309080B01F900170309080B01F900200309080B01F9002903090B0B01F900360307080B02F9003D03030D0B04F6004203010D0B05F6004403030D54
:403F40000B04F600490307030B02FA0008390100543C0100207E1200FFFFFFF0F0CF3CF38A20063031031818C7FFBFFC31031818C7FFBFFC31011818C0C606300403E1FFD2
:403F8000726C4788F107207E03F017023C4788F11B267FC3E0100200000603C0407E0C0E7080C3180C3100E73007E6003C40000C7C008FE019C70118303183021C7040FE78
:403FC0000407C00F007E039C0C3030C0E701F803803E01CC6E19B07CC0F303CE1F9FE61E1CFFA0088C663198C6318C63086308610C208218C318C318C6318C623188C462BF
:404000000010235BE38D91000C0300C030FFFFF0C0300C0300C0F560FFF0F0020C1020C1020C1020C1020C1020C1001F07F1C7306E0F80F01E03C0780F01E03C0EC19C71B8
:40404000FC1F0008CFFF8C6318C6318C63181F0FF987607C0600C0180701C0F0781C0600803007FFFFE03F0FF387606C0C0180707C0F801801803C0780D873FC1F0001801C
:40408000700E03C0D81B06618C218C33067FFFFE0300600C01803FCFF980300600DE1FE70E00E00C0180300781F873FC1F000F07F9C33074018033C7FEF0DC1F01E03C0630
:4040C000C1DC71FC1F00FFFFFC010060180200C030060180300401803006018030001F07F1C730660CC18C61FC3F8E3B01E03C0780D831FC1F001F07F1C7706C0780F01EC6
:404100000761EFFC79803005819873FC1E00F00003C0F0000F5600000701E0F83C0F00E007C00F003C00F001FFFFFF000000FFFFFF000E007801F007C00F00701E0F03C09B
:40414000F008001F1FEE1B03C0C0300C060381C0E0300C030000000C030000FE000FFE00F03E07003C380030C1E0660FD9D861C3C3070F1C1C3C6060F18183C6061B1838C1
:40418000EE71E718FDF871E7C0E00001E00001FFC001FC0003C003C003C007E0066006600E700C300C301C3818181FF83FFC301C300C700E60066006FFC7FF3019806C037F
:4041C000601B00D80CFFC7FF300D803C01E00F007806FFF7FE0007E03FF0E0738066006C0030006000C001800300060006006C00DC031E0E1FF80FC0FF83FF8C07300EC036
:404200001B007C00F003C00F003C00F003C01F006C03B01CFFE3FF00FFFFFFC00C00C00C00C00C00FFEFFEC00C00C00C00C00C00FFFFFFFFFFFF00600C0180300600FFDF4F
:40424000FB00600C0180300600C0180007F01FFC3C1E70066003E000C000C000C07FC07FC003C00360036007300F3C1F1FFB07E1C01E00F007803C01E00F007803FFFFFF40
:40428000F007803C01E00F007803C01E00C0FFFFFFFFF00180C06030180C06030180C0603C1E0F07C77F1F00C03B01CC0E3070C3831C0CE03380DE03DC0E383060C1C30351
:4042C0008C06301CC03B0060C0300C0300C0300C0300C0300C0300C0300C0300FFFFF0E007E007F00FF00FD00FD81BD81BD81BCC33CC33CC33C663C663C663C3C3C3C3C3D0
:40430000C3C183E01F00FC07E03D81EE0F3079C3C61E18F0E7833C1DE06F01F80FC03E01C003E00FFC0F078600C60033001B00078003C001E000F00078003600330018C036
:4043400018783C1FFC03F800FF8FFEC06C03C03C03C03C07FFEFFCC00C00C00C00C00C00C00C0003E00FFC0F078600C60033001B00078003C001E000F000780036003301E9
:4043800098C0FC783C1FFF03F9800040FFC3FFCC03B006C01B006C01B00CFFE3FFCC03B006C01B006C01B006C01B00700FE07FC3839C07600D8006001E003F803FC00F806D
:4043C00007C00F003E00DE0E3FF03F80FFFFFF060060060060060060060060060060060060060060060060C01E00F007803C01E00F007803C01E00F007803C01E00F80EEB7
:404400000E3FE07C006006C01DC031806301C70306060C1C1C30186031C073006600DC01F001E003C00700E0301D80E0760781D81E06707C18C1B0E30CC38C330C38C63010
:404440006718C198670661D81D83603C0D80F03E03C0700F01C0180700700E6038E060E1C0C301CC01F801E0038007801F003300E70386060E1C0E700CC01C6006700E30CE
:404480001C38181C380C300E70066003C003C001800180018001800180018001800180FFFFFFC00E00E00E006007007007003003803803801801C01C00FFFFFFC0FFCCCC40
:4044C000CCCCCCCCCCCCCCCFF081810206040818102060408181020604FF3333333333333333333FF00C0E0586C321198C83C180FFFEE38C303F07F8E1CC0C00C01C3FCFF5
:404500008CC0CC0CE3C7EF3C70C00C00C00C00C00CF8DFCF0EE07C03C03C03C03C03E06F0EDFCCF81F0FE71B83C0300C0300C038371CFE1F0000600C018030063CCFFB8FCB
:40454000E0F80F01E03C0780F83B8F3F63CC1F07F1C7703C07FFFFFE00C01C0DC31FE1F03BD8C67FEC6318C6318C63001E67FDC7F07C0780F01E03C07C1DC79FB1E600C04F
:404580003E0E7FC7E0C0300C0300C033CDFBC7E0F03C0F03C0F03C0F03C0F030F03FFFFFF0330003333333333333333FE0C0180300600C018330C630CC1B83F0770C618E78
:4045C00030E60CC1D818FFFFFFFFF0CF1F6FDFFC78FC183C0C1E060F03078183C0C1E060F03078183C0C18CF37EF1F83C0F03C0F03C0F03C0F03C0C01F07F1C7707C07807A
:40460000F01E03C07C1DC71FC1F0CF8DFCF0EE06C03C03C03C03C03E07F0EFFCCF8C00C00C00C0001E67FDC7F07C0780F01E03C07C1DC79FF1E600C018030060CF7F38C311
:404640000C30C30C30C03E1FEE1B00C03C07F03E01F03E1DFE3E006319FFB18C6318C631E7C0F03C0F03C0F03C0F03C0F07E3DFB3CC0E0660660670C30C30C3981981981A7
:40468000F00F00E00E00C1C1B0E1D870CC2C6636319B18CD98646C16360F1A078F038380C1C060EE18C60CC1F01C0180781B0330C7306606E06C0D8338630C630E60CC1B89
:4046C00003603C0700E0180300E0780E00FFFFF0180C070381C06030180E03FFFFC019CC6318C631998618C6318C631C60FFFFFFFFFFFCC718C6318C630C33318C6318C6F6
:404700007300703E09E41F03800000000000000006000100000002120803EF00050006060801F0000A000D100D00F10024000B140D01EF00400014111501F0006B000E1150
:404740001001F000890002060501F0008B0005170802EF009A0005170801EF00A90007070901EF00B0000A0B0E02F600BE0002060702FF00C00006020801F900C20002028A
:404780000602FF00C30007120700EF00D3000B110D01F000EB0005110D03F000F6000B110D01F0000E010B110D01F00026010B110D01F0003E010B110D01F00056010B11EC
:4047C0000D01F0006E010B110D01F00086010B110D01F0009E010B110D01F000B601020D0602F400BA0102100602F500BE010C0C0E01F500D0010C060E01F800D9010C0C95
:404800000E01F500EB010A120D02EF00020216151801EF003C0210121000EF0060020D121002EF007E020F121101EF00A0020E121102EF00C0020C120F02EF00DB020B1216
:404840000E02EF00F40210121201EF0018030D121102EF00360302120702EF003B0309120D01EF0050030E121002EF0070030A120E02EF00870310121402EF00AB030D12C8
:404880001202EF00C90311121301EF00F0030C121002EF000B0411131301EF0034040E121102EF0054040E121001EF0074040C120F01EF008F040D121102EF00AD040F12CE
:4048C0000F00EF00CF0416121600EF0001050F121000EF00230510121000EF0047050D120F01EF00650504170702EF00710507120700EF00810504170701EF008D050909A3
:404900000B01F00098050F010DFF04009A0505040601EF009D050C0D0D01F400B1050C120D01EF00CC050A0D0C01F400DD050B120D01EF00F6050B0D0D01F4000806051273
:404940000701EF0014060B120D01F4002D060A120D01EF00440602120502EF00490604170600EF0055060B120C01EF006E0602120501EF007306110D1301F4008F060A0DCC
:404980000D01F400A0060B0D0D01F400B2060C110D01F400CC060B110D01F400E406060D0801F400EE060A0D0C01F400FF0605100701F10009070A0D0D01F4001A070C0DF2
:4049C0000C00F4002E07110D1100F4004A070B0D0B00F4005C070B120B00F40075070A0D0C01F400860705170801EF00950702170602EF009B0705170802EF00AA070A0520
:404A00000C01F600583F01000C470100207E1D00FFFFF8C0DEF72009864191FF1304C320C8FF89826190101F14DA3D1E8340781708F47A3533F040203810EC20C620C640CC
:404A4000C6406C803900013C0277026304630477083C0E0660CC1981E0180F0336C2D8730631E3C4FE13266CCCCCC46623108C4663333332664C80257EA50030C33F30C3C1
:404A80000CD6F0C00844211084421108003C6642C3C3C3C3C3C3C342663C113F33333333303E31B07830181C1C1C1818100807F83C66C3C303061C0703C3C3663C0C187111
:404AC00062C9A346FE183060C07F2010080807F38C030180F06C63E01E3198780C06F38D83C1E0D06C63E0FF030206040C081818181030303E31B0783C1B18F8C6C1E0F011
:404B00006C63E03C66C2C3C3C3673B0303C2663CC00030C0000064A00081C78E0C0780700E0180FF80001FF000700E01C0183871C080003E31B0783018183818180C0000B8
:404B4000018003F0060E06018600661DBB31CF18C79863CC31E611B399CCF7860001800070400FE00600F00F009019819810830C3FC204606606C030FF183303606C0D838F
:404B80003FC606C0780F01E06FF81F861981A03C0180300600C0680D831861F0FF183303603C0780F01E03C0780F0360CFF0FFE030180C0603FD80C06030180FF8FFC0C0D7
:404BC000C0C0C0FEC0C0C0C0C0C00F830E606603C00C00C1FC03C0360360730F0F10C0780F01E03C0780FFFE03C0780F01E03C06FFFFFFC0060C183060C183078F1E27809D
:404C0000C0D8330C630CC1B83F0730C3186306606C0CC0C0C0C0C0C0C0C0C0C0C0C0FFE03F01FC1FE0FD05EC6F637913CD9E6CF1478E3C7180E07C0FC1E83D8798F11E3341
:404C4000C3786F07E07C0E0F8183180CC06C01E00F007803C01B01980C60C0F800FF306C0F03C0F06FF300C0300C0300C0000F8183180CC06C01E00F007803C01B01986C87
:404C800060C0FB0008FF8C0EC06C06C06C0CFF8C0EC06C06C06C06C0703F186C0F03C01E01F00E00F03C0D863F00FF86030180C06030180C06030180C0C0780F01E03C07BF
:404CC00080F01E03C0780F01B061F0C06C0D8110630C610460CC1901603C070060C18130E19870CC286626211330C8986C4C14340A1A0707030380818060630C30C1980F34
:404D000000E00600F019019830C60E6060C0360630C30C1981D80F00600600600600600600FFC060300C060301C0603018060300FFC0FB6DB6DB6DB6E084108410841084A8
:404D40001080EDB6DB6DB6DBE03060A244D8A180FFC0C6307E71B0C060F3DB0D86C73DC0C060301BCE360F0783C1E0F07C6DE03C66C3C0C0C0C0C3663C0303033B67C3C3E2
:404D8000C3C3C3C3673B3C66C3C3FFC0C0C3663C366F66666666603B67C3C3C3C3C3C3673B0303C67CC0C0C0DEE3C3C3C3C3C3C3C3C3C3FFFFC03003333333333333E0C0DF
:404DC0006030184C466361F0EC6231986C30FFFFFFC0DEF71CF0C7863C31E18F0C7863C31E18C0DEE3C3C3C3C3C3C3C3C33C66C3C3C3C3C3C3663CDE71B0783C1E0F078391
:404E0000E36F30180C003B67C3C3C3C3C3C3673B030303DF318C6318C6003EE3C0C0E03C07C3E37E66F666666667C3C3C3C3C3C3C3C3C77BC1A098CC4221B0D0281C0C00E1
:404E4000C61E3891C4CA66D316D0A6871C38C0C6004362361C181C3C266243C12198CC4261B0D0381C0C0603010300FE0C30C1861820C1FC3666666ECE66666630FFFFFFB6
:404E8000FFC0C666666737666666C0612438000000000000050001000000020D0602F400040005040601F40007000A0C0A00F500160009100A01F3002800100D1001F400A8
:404EC00042000B0D0C01F400540002040401F400550004110601F4005E0004110601F400670005050701F4006B0006080B03F9007100020405020000720004010601FC004C
:404F000073000201050100007400050D0500F4007D00080D0A01F4008A00040D0A03F4009100090D0A01F400A000080D0A01F400AD00070D0A02F400B900090D0A01F40060
:404F4000C800090D0A01F400D700080D0A00F400E400090D0A01F400F300080D0A01F4000001020A0501F7000301030C0501F800080109090B01F800130109040B01FB0008
:404F8000180109090B01F8002301090D0A01F400320111101201F40054010C0D0C00F40068010B0D0C01F4007A010B0D0D01F4008C010B0D0D01F4009E01090D0B01F4004D
:404FC000AD01080D0B01F400BA010C0D0E01F400CE010B0D0D01F400E001020D0502F400E401070D0A01F400F0010B0D0C01F4000202080D0A01F4000F020D0D0F01F400FA
:4050000025020B0D0D01F40037020D0D0E01F4004D020A0D0C01F4005E020D0E0E01F40075020C0D0D01F40089020A0D0C01F4009A02090D0B01F400A9020B0D0D01F40048
:40504000BB020B0D0C00F400CD02110D1100F400E9020C0D0C00F400FD020C0D0C00F40011030A0D0B01F400220303110501F4002903050D0500F400320303110500F40076
:40508000390307070801F40040030A010A000300420304030500F4004403090A0A01F7005003090D0A01F4005F03080A0901F7006903080D0A01F4007603080A0A01F700C3
:4050C0008003040D0501F4008703080E0A01F7009503080D0A01F400A203020D0401F400A60304110400F400AF03090D0901F400BE03020D0401F400C2030D0A0F01F700FF
:40510000D303080A0A01F700DD03080A0A01F700E703090D0A01F700F603080D0A01F7000304050A0601F7000A04080A0901F7001404040C0501F5001A04080A0A01F700F5
:405140002404090A0900F70030040D0A0D00F7004104080A0900F7004B04090E0900F7005B04070A0901F700640404110601F4006D0402110402F400720404110601F400FB
:405180007B0407030901F900104A0100904E0100207E160000FFB0B6D0110884824FF91089FF242211088021CCA18307060418727080788CD8850870CE07A006005E0F30D5
:4051C000A10B311E3C08C1082103C4F11364388310711B1E30F0136488888C46308C6211111326C852BE45001020408FE204082900F0C0084621188462118840388A0C18E1
:405200003060C1830511C0E492492490798A0C1020830C30C307F03C264202061C0201C141623C06060A0A12322242C2FF02023E2060407C62010181C1623C081810207C17
:405240004281818181423CFE0C10208104083041820038891226471141830511C03C4281818181423E04081810C3500780010638E0C0700C03FF0000FF80E03806031C706C
:40528000C0388A0C10208208100040800F830467A4C98899099119125364DC3060F80600600B00901901083083FC204606402C02FC86828286FC8281818182FC0F86190086
:4052C000A0080100200400400804C307C0FC20C80A03806018060180E02833F0FE0820820FE082083FFE0820820FE08208200F830C4024008008008008FF4014023060F8E0
:4053000080C06030180FFE030180C0603010FFF0041041041041061CDE83868C8890B0F0D88884868382082082082082083FC03C03E07A05B0D9099098918918F18618616A
:40534000C0781A064198631846098360780E010F030C40240280180180180140240230C0F0FC8281818182FC80808080800F830C402403801801801FC143360A30C0FBFC65
:4053800082818181839E98888486827B3860C1C181061CDEFE2040810204081020408081818181818181818181423CC0280901106208610440880B0140380200C102830536
:4053C0000E121426284449899212241468287060C0C18040984230481C0300C0583208441B0280A090444220A050100804020100FE02060408181030204040FF2E492492D9
:405400006640410608204106082041999249249D000C0605824221098481C080FFC33EB1F070180C0706C73E8080402017CE360E030180E0F8D7C03E31B07008040306C6FB
:405440003E0000804027D63E0E030180E0D8E3D03C21A0503FFC0204863C00344F444444443EB1F070180C0706C73EE05847C0808080BCC281818181818181DFF02412497C
:405480002492F081020428D32450F1B23420FFF0B8E628A083041820C1060830418208BCC2818181818181813E31B070180C0706C63E00BE71B070180C0707C6BE4020103D
:4054C000003EB1F070180C0706C73E80402010BA4924807461870631702109F2108421084081818181818181433DC1A090C44221A050380800800A10D0C4CA225212D07265
:40550000831818C0C2462C1818382446C2C141422226341C1818101030FC0820C1041820FE6924B6492440FFF0C9248B4925000000000101050000000100010C0602F400DF
:40554000030003040601F4000500090C0A00F4001300060E0A02F3001E000C0C0D00F40030000B0C0D01F400410001040401F4004200040E0701F4004900040E0701F40082
:40558000500005050801F400540007080B01F7005B0003030501FE005D0004010601FB005E0001020502FE005F00050E0801F4006800070C0A01F4007300030C0A03F40093
:4055C0007800070C0A01F4008300080C0A00F4008F00080C0A00F4009B00080C0A00F400A700080C0A00F400B300070C0A01F400BE00070C0A01F400C900080C0A00F40015
:40560000D50001080502F800D60002090501F800D90008080B01F700E10008040B01F900E50008080B01F700ED00070C0A01F400F8000C0C0F01F4000A010C0C0D00F400A1
:405640001C01080C0A01F40028010B0C0E01F40039010A0C0D01F4004801060C0A01F4005101060C0901F4005A010C0C0F01F4006C01090C0C01F4007A01010C0501F4002D
:405680007C01060C0900F4008501080C0A01F4009101060C0801F4009A010C0C1001F400AC010A0C0D01F400BB010C0C0F01F400CD01080C0A01F400D9010C0C0F01F400F8
:4056C000EB01080C0B01F400F701060C0901F4000002070C0800F4000B02080C0B01F40017020B0C0C00F40028020F0C1000F4003F020A0C0B00F4004E02090C0A00F4003E
:405700005C02080C0900F4006802030E0702F4006E02060C0B01F4007702030E0701F4007D0209090B00F4008802080109000100890204020701F4008A0209090C01F7001E
:405740009502090C0C01F400A30209090B01F700AE02090C0C01F400BC0209090B01F700C702040C0601F400CD02090C0C01F700DB02080C0B01F400E702010C0401F4008D
:40578000E902030F04FFF400EF02070C0901F400FA02010C0401F400FC020D091001F7000B0308090B01F700140309090B01F7001F03090C0C01F7002D03090C0C01F70003
:4057C0003B0303090601F7003F0305090701F7004503050C0600F4004D0308090B01F700560309090A00F70061030D090E00F700700308090900F7007903080C0A00F7005B
:40580000850307090800F7008D03030E0701F4009303010C0C05F4009503030E0701F4009451010030550100207E140000AAAA0AB6D024489127E50A7E48912240227AAAD3
:40584000C3333E22C552A54B16F68D2A54AA30624924610A299A29B9F05AAAAA94A555556822F69010413F104100F0F0C00420841042082104206999999999962E92492412
:4058800090E1111122488FE1111611111E08618A2924928BF082F8888E11111E74888E999996F84210884221088064A52932928C64C0699999F1112CC180C1E004662060AD
:4058C0006040FC003F81818119880070821108844018C03C62419DA5A5A5A5AD9E80403820C30C51249E4A1861F46318FA318C63E039082082082082040EF2286186186168
:405900008618BCF8888F88888FFC210843F08421003918208208E186144F86186187F861861861FFF02492492492708CA54A629494A51084210842108421F0C1E0F0745AFE
:405940002D168B2994CA663110C3868D1A3264C58B0E1C3079286186186186149EF46318C7D084210079286186186186149E082080F228A28A2F249228A178888431111E5E
:40598000FC820820820820820886186186186186149E86185249249430C30C84308628A524A49492928C318630C618C045248A30430C4924A18C54A52884210840F8842198
:4059C00010844211F0F24924924938810408208104102081E4924924927820C49284FE488061117999F084210F66318C639B007888888870084216CE318C6336806999F807
:405A000088703444F4444444403D249248C4103918617884210B66318C631880DFF0515555568421094A94E4A52880FFF8F69989898989898989B66318C63188746318C668
:405A40003170B66318C639B42108007CE318C63368421080F2492480F24449E044F4444444308C6318C633688C62A529442088C4554AA552A9544422008A9442114A888CC0
:405A800054A5294421088C0072224444F0324444484444421055555555408422222122222480000000000101040000000100020C0501F400040003040601F4000600070C50
:405AC0000800F4001100040E0701F3001800070C0A01F4002300060C0801F4002C0001040401F4002D00020F0501F4003100020F0501F400350004050701F3003800060714
:405B00000700F6003E0001040401FE003F0004010500FB00400001020401FE004100060C0700F4004A00040C0701F4005000030C0701F4005500040C0701F4005B00040CCD
:405B40000701F4006100060C0700F4006A00040C0701F4007000040C0701F4007600050C0700F4007E00050C0701F4008600040C0701F4008C0001090401F7008E00010BFE
:405B80000401F700900006070700F600960006040700F800990006070700F6009F00050C0600F400A700080D0B01F400B400060C0700F400BD00050C0801F400C500060C44
:405BC0000801F400CE00060C0901F400D700040C0701F400DD00050C0701F400E500060C0901F400EE00060C0901F400F700010C0401F400F900030F04FFF400FF00050CFB
:405C00000701F4000701050C0701F4000F01090C0C01F4001D01070C0A01F4002801060C0901F4003101050C0801F4003901060F0901F4004501060C0801F4004E01040C83
:405C40000701F4005401060C0700F4005D01060C0901F4006601060C0700F4006F010B0C0C00F4008001060C0700F4008901050C0600F4009101050C0600F4009901030FF1
:405C80000601F4009F01060C0700F400A801030F0601F400AE0106050700F400B201070108000100B30103030A03F300B50104090701F700BA01050D0801F300C3010409F7
:405CC0000601F700C801050D0801F300D10104090701F700D601040D0500F300DD01060D0700F700E701050D0801F300F001010C0401F400F20102100400F400F601050D2F
:405D00000701F300FF01010D0401F300010208090B01F7000A0205090801F700100205090801F7001602050D0801F7001F02050D0801F700280203090501F7002C02030947
:405D40000601F7003002040B0500F500360205090801F7003C0205090600F700420209090A00F7004D0205090600F7005302050D0600F7005C0204090500F7006102040F69
:405D80000701F400690202110702F3006E02040F0701F4002C580100A45A0100207E170000F55550F0999990121214247F24242424FE242848482087F9A28A181892492F1E
:405DC000E208625125128944DA6B596C8A452292291870A142850A0830952A3428CE40AA802529249248922089224924929280213EA500208208FC8208006AE0F0082084F3
:405E0000104208210420820031286186186186186149C013D111111111117A204104108210821083F07A20410427020410410BC0040C0C14142424444444FF040404FA0834
:405E400020820F830410410BC039842082ECE186186148E0FC104208210410820841007B3861852316861861C5E07328618618737410821BC0F000F0F0006A042330C0C0B0
:405E800081FC0000FC8103030CC4207082110884220006301E11904818CCA6532994CA6533680201807818181818242424247E4242428181FA3861862F2386186187E01C82
:405EC000C10408102040810202060380F91A14183060C183060C28DF00FC210843F08421087CFC2108421E842108401E2140C0808080878181C141211F861861861FE186A3
:405F000018618610AAAAAAA0249249249249E08A2924A28C28A249228A1084210842108421087CC0780E82D05A0B42644C8991314628C518A30840C1C1A1A19191918989E1
:405F400085858583833C6642818181818181818142663CF4E318C67E842108403C6642818181818181818142663C040402F91A142850A3789112242850803F182083060643
:405F80000410410FC0FE20408102040810204081020083060C183060C183060A244700830612244891142850A1410200820C1051448A2451228914451428A1450A285141BD
:405FC0000C08204288912283040C28509224504086149248C30C1041041040F8842210884221087CF24924924924E08208104102081041020820E49249249249E01818240A
:4060000024424242FF888070C217C6319B4082082082ECE1861861873B807A2108421043C004104105DCE186186187374074631FC21043C0391084790842108421003E8937
:406040001224488E1040790C18289E0082082082ECA1861861861840A0AAAAA04804924924924B008208208228A4A2CD248A2840AAAAAAA8BBB328461184611846118461C6
:4060800010BB2861861861861079286186186149E0BB3861861861CEE820820800773861861861CDD041041040BCC8888888788843111E44F4444444438618618618614DB9
:4060C000D086149249230C30C08C6314C9324C94A528CC33084049248C30C3124A1086149249230C30C208208C00E22244888F1908421084C10842108418AAAAAAAAAAC188
:40610000084210841908421084C0000000000101050000000100020E0501F200050004050701F2000800080E0900F200160006100901F1002200090E0C01F2003200070EF3
:406140000901F2003F0002050501F200410003110601F200480003110601F2004F0005050801F100530006090901F4005A0002040501FE005B0003010601FA005C0002026B
:406180000501FE005D00060E0801F2006800060E0901F2007300040E0901F2007A00060E0901F2008500060E0901F2009000080E0900F2009E00060E0901F200A900060E4B
:4061C0000901F200B400060E0901F200BF00060E0901F200CA00060E0901F200D500020A0501F600D800020C0501F600DB0006080901F500E10006050901F600E5000608B0
:406200000901F500EB00050E0600F200F40009100C01F2000601080E0900F2001401060E0901F2001F01070E0901F2002C01070E0A01F2003901050E0801F2004201050E12
:406240000802F2004B01080E0B01F2005901060E0B02F2006401020E0501F2006801031105FFF2006F01060E0902F2007A01050E0802F20083010B0E0E01F2009701080E1E
:406280000B01F200A501080E0B01F200B301050E0902F200BC0108110B01F200CD01070E0901F200DA01060E0901F200E501070E0800F200F201070E0A01F200FF01070EB5
:4062C0000800F2000C020D0E0E00F2002302070E0800F2003002060E0700F2003B02050E0701F200440203110702F2004B02060E0801F200560203110701F2005D02080739
:406300000900F2006402080109000200650203030B04F1006702050A0801F6006E02060F0901F1007A02050A0701F6008102060F0901F1008D02050A0801F6009402050F21
:406340000500F1009E02070F0800F600AC02060F0901F100B802020E0501F200BC0203130500F200C402060F0801F100D002020F0501F100D4020A0A0D01F600E102060A98
:406380000901F600E902060A0901F600F102060F0901F600FD02060F0901F6000903040A0601F6000E03040A0701F6001303040C0500F4001903060A0901F6002103060A13
:4063C0000700F60029030A0A0B00F6003603060A0700F6003E03060F0700F6004A03040A0601F6004F0305110801F2005A0302140903F1005F0305110801F200A05D01002A
:406400000C610100207E1B0000FFF3DED6A4A4120904824123FC484422123FC482412090481020F2891224287030509122457C10204061122244490921242534A9952CA414
:406440002484909222444886304848484848302050928A8A86868A71F550122444C888888444221084422231111112224480304DCC7920102040811FC4081020404948F0C6
:40648000C00408104083040820408204082040388914183060C183060C1828911C3591111111111111790810102081020810410208207F790818102083180C0C081020C13C
:4064C0007C0603028140A09048442221109FF0201008047C820408103E020204081020A37C1C410204102E6283060C1828511CFE04082040820408204082040820388A0CAA
:406500001828991C698A0C1830519C388A14383060C346740820408238C030480000012520020863080C060302FE0000001FC08080C060218C608070208308208410820808
:406540000002080F02308320247492624C9993324648C918B49B9003003103C0080405028140A08844221F104824120A0301F90A0C1830E17C85060C1830617C1E410204C0
:40658000102040810202040C080FF88C8682828181818181818282868CF8FC2108421F842108421FFE0820820820FA08208208200F8C260100403008020083E01C0501406C
:4065C0005813043E83060C183060FF83060C183060C1FFFF3333333333333333322E850A2449162870E122444890A14182082082082082082082083F80380F01E03A0B411E
:40660000682D0591322644C518A314628C2181C1C1A1A1A1919189898585878383811C1110482C1C06030180C060383412088838F23861861862F208208208201C1110482D
:406640002C1C06030180C0603834120888380401008020F112142850A144F122444891A1423E8204081010180C08081020417CFF1010101010101010101010101010108337
:40668000060C183060C183060C1830519E80C050482412088844221105028140A020108103820D0A12142428485098A31224244848909120A281830306060C0C18414222CF
:4066C00024241418081818242426424281838D1224450A1410204081020408F82086104308218410C2083FF88888888888888888F08101020404081010206040808102F18C
:406700001111111111111111F0080A05048221110482FF80991078208104FC618E38DD8102040817314383060C18306162B83D042082082081040E020408102751A1830677
:406740000C183070A33A38891C183FE040808189E01908427C842108421084203F2442424242243820203E43418181423C82082082E4A286186186186184F0FFFFFF6C065C
:40678000DB6DB6DB6D2C8208208228A4A28E249248A284FFFF80F3A318C611846118461184611846113928A1861861861861388B1C183060C1838D11C0B98A1C183060C17F
:4067C000830B15C8102040803A8D0C183060C1838519D020408102BC88888888887C210830410843E02109F2108421084210E0850A142850A143868D299083051224488A23
:40680000142850C0808614624624624A249229429429429430C1084488A1428204142889122083051224488A1428504081020810C0F1122244488F0C43082082082302087C
:406840002082081040C0FFFFFCC08304104104103104104104208C000000010105000000010001100602F000030005060801F000070009100A00F000190007130A01EF0023
:406880002A000B100E01F000400008100A01F000500002060501F000520004130701F0005C0004130701F000660006060901EF006B00070B0A01F200750003050601FE00C0
:4068C000770004010701FA00780001020602FE00790007100901F000870007100A01F000950004100A02F0009D0007100A01F000AB0007100A01F000B90009100A00F00099
:40690000CB0007100A01F000D90007100A01F000E70007100A01F000F50007100A01F000030107100A01F0001101010C0602F4001301030F0601F400190107090A01F30015
:40694000210107060A01F500270107090A01F3002F0106100700F0003B010B120E01F000540109100A00F000660107100B02F000740107100A01F000820108100C02F0001A
:40698000920105100902F0009C0106100902F000A8010A100D01F000BC0107100C02F000CA0101100502F000CC01041405FFF000D60107100A02F000E40106100902F00067
:4069C000F0010B101002F000060208100D02F000160209100C01F000280206100A02F000340209140C01F0004B0207100A02F000590207100A01F000670208100900F00069
:406A0000770207100C02F000850209100A00F00097020F101000F000B50208100900F000C50207100800F000D30206100801F000DF0204130802F000E90207100901F00006
:406A4000F70204130801F000010309080A00F0000A0309010A0002000C0303040D05EF000E03060C0901F400170307110B02EF002603060C0801F4002F0307110B01EF00F8
:406A80003E03070C0A01F400490305110600EF00540308110900F400650306110A02EF00720302100501F000760303150500F0007E0306110902EF008B0301110502EF001A
:406AC0008E030A0C0F02F4009D03060C0A02F400A603070C0A01F400B10307110B02F400C00307110B01F400CF03040C0702F400D503050C0801F400DD03050F0600F10025
:406B0000E703070C0A01F400F203070C0800F400FD030C0C0D00F4000F04070C0800F4001A0407110800F4002904040C0701F4002F0406130901F0003E0401160A04EF0013
:406B4000410406130901F0000864010058680100207E1F0000FFCCDD99090D84CFF12090C86CFF1209048243201020F32C78F0207038183838F1BE102070260892249A1D5F
:406B80008040300B869164D92240E03832110886C3C0C0F0D966A1D8CC71CCF01126644CCCCC44662110820843084318C63108C62220181899FF183C266418181818FF18A9
:406BC0001818186DACF0F00410C2086104308218410C003CCB1E1C3870E1C3870A36478009F6318C6318C6318C3C46C6C60606040C1818306040FF798B1830618E02060CAD
:406C00001C3C4F0006030383C161B098CC467FC180C060307E606060407C66020303C342663C1C61820C1FB9E3C3870E364700FF020606040C0C18181030302060388B1E5E
:406C40003C688E22C78F1E344700389B143870F1E77E0C10208E00F000F06C00006DAC047730C1C1C1FE00000FE081C0E070E738407B38410C318C30C00030C00780C30CFF
:406C80000C4024392245323911C88E4472279324EE20008006100F800401C0280501B03604418C3187F08330660D80C0FEC3C3C3C3C2FCC3C3C1C1C3C3FE1E1198683C06AE
:406CC000030180C060106C3230F0F8848682838383838383828684F8FFC0C0C0C0C0FEC0C0C0C0C0C0FFFF83060C183FE0C183060C18003E3190783C0603018FC1E0F0684E
:406D00003630F0818181818181FF81818181818181FFFC060C183060C183060E1C3CCF00C3E1B1998CC6C3E1F0EC6631986C360CC183060C183060C183060C1FC0E03E0748
:406D4000E07F07F0FD0FD8BD9BC9BCD3CF3C73C63C63C1C1E1E1B1B199998D8D878783833E3190583C1E0F0783C1E0F0682631F0FC868383838386FC8080808080803E3137
:406D8000B0583C1E0F0783C1E0F0782631F80E03FC61B0D86C361B09F8C46331986C360C3C63C3C3C060381E0703C3C3C33CFF18181818181818181818181818C1E0F078C4
:406DC0003C1E0F0783C1E0F0682631F0C1E0F0682633188C44361B050381C040821E30F1C58E2451269934CD3668A3450E2861C30E1820C1E198CCC360E060383C1B198C40
:406E00006C360CC0D86618CC330481E0300C0300C0300C0300FF0306060C0C181830306040C0FFFB6DB6DB6DB6DCC081810206040818302060C08180E492492492493C2363
:406E400094ADEE20FECC803C8B1833F8F1E3CEECC183060FD8F1E1C3870E3C7F803C8F0E1C1830614678060C1837F8F1C3870E1E3C6FC03C8F1E1FF8306066783B18CF3103
:406E80008C6318C6307F8F1C3870E1E3C6FC1C3C4F00C183060FD8F1E3C78F1E3C78C0F0FFFFF06C06DB6DB6DB78C0C0C0C0C6CCD8D8F0F8C8CCC6C7FFFFFFF0FDEC63C6FE
:406EC0003C63C63C63C63C63C63C63DDCF1E3C78F1E3C78C3C66C3C3C3C3C3C3663CFD8F1E1C3870E3C7FB060C18003ACF0E1C3870E1667408102040FECCCCCCCC3C8B1AEF
:406F0000070381E3467831BE6318C6318C30C78F1E3C78F1E3C6FCC342666624243C181818C634624626F66F629429439C30C1086366343C18183C3466E3C3666666243C12
:406F40003C18181818103060FC1820C3061830C1FC11C8C6318CC318C6318430C0FFFF8047086318C6198C6318C4660000000101050000000100010E0602F20003000404BD
:406F80000701F2000500090E0B01F200150007120A01F00025000A0E0D01F2003700090E0B01F200470001040401F200480004130701F100520005130700F1005E000808A0
:406FC0000900F200660008090A01F5006F0003050500FE00710004010600FA00720002020601FE007300060F0800F2007F00070E0A01F2008C00050E0A01F2009500080E5A
:407000000A01F200A300070E0A01F200B000090E0A00F200C000080E0A01F200CE00070E0A01F200DB00080E0A01F200E900070E0A01F200F600070E0A01F2000301020A27
:407040000501F6000601030D0500F6000B0106080901F600110107050A01F700160107080A01F6001D01060E0901F20028010D111001F30044010B0E0C00F2005801080E5D
:407080000B01F2006601090E0C01F2007601080E0C02F2008401080E0A01F2009201070E0A01F2009F01090E0C01F200AF01080E0D02F200BD01010E0602F200BF01070E72
:4070C0000A01F200CC01090E0B01F200DC01070E0A01F200E9010C0E0F01F200FE01080E0D02F2000C02090E0C01F2001C02080E0C02F2002A0209100C01F2003C02090EB5
:407100000B01F2004C02080E0B01F2005A02080E0B01F2006802090E0C01F2007802090E0C01F20088020D0E0F01F2009F02090E0B01F200AF020A0E0B00F200C102080E73
:407140000B01F200CF0203120601F100D602070F0800F200E40203120600F100EB0205070801F200F002070109000000F10203030701F100F302070A0A01F600FC02070E56
:407180000A01F2000903070A0A01F6001203070E0A01F2001F03070A0A01F6002803050E0701F2003103070E0A01F6003E03070E0A01F2004B03020E0501F2004F030312C7
:4071C0000500F2005603080E0A01F2006403020E0501F20068030C0A0F01F6007703070A0A01F6008003080A0B01F6008A03070E0A01F6009703070E0B01F600A403040A0A
:407200000701F600A903070A0A01F600B203050C0700F400BA03070A0A01F600C303080A0900F600CD030C0A0D00F600DC03080A0900F600E603080E0900F600F403070A4C
:407240000901F600FD0305120701F100090401110602F2000C0405120700F100546B01006C6F0100207E170000F55543C045145188190884CFF1209048247F910984C01008
:4072800071F4891A1C0E16244EA782006149A492C640402026349251286038444444283078C98F86CF79558008C884421084208410C38618610C2108422111901818D37EB7
:4072C000182C6642080808FF08080808F680FEF0020206040C0818103020206040403C6642878D9991B1E142663C3F11111111113C8C081020830C30C107F07830410CE0F5
:40730000C104189C040C0C14342444C4FF0404047F4040407C4201010141423C3CC1040B98A0C1838511C0FE0C1060830608306083003CCD0A16479B4383071BC0389A1CDD
:407340003868CE81020A33C0F00FF00F68008183060C0700E0180300C0FF000000FF80700E01C038183070E040003C880810208304080000C1801C62418F9991918F8040F0
:40738000201E000403018140B0C8443F3090681C08FC86828286FC8281818182FC1C634180808080808040633CFC86828181818181818286F8FF0204081FA040810207F0C5
:4073C000FF0204081FA040810204001E634080808087818141631E83060C183FE0C183060C10FC410410410410413F3F04040404040404040488F082848890B0E0B09888BD
:407400008C868381020408102040810207F081C3C3E7A5BD99918181818181C1E1A1B199898D878383813C664281818181818142623CFC8281818182FC80808080801C3178
:407440009050180C06030180A0D847C080401EFD0A0C1830FF448D0A1C103D8E040C0E0703020613C0FF080808080808080808080881818181818181818181423C40A058DB
:407480006422119048241C06030100C09224C9324C9BA738CC330CC21084C342642C3818183C246642C3C16322221414080808080808FF0306040C0818302060C0FFFC212F
:4074C0000842108421087C4040402020301018080C04060202F842108421084210FC30C7928CFF93327C8C0813F860C37A80808080BCC68381818181C2BC3C860C0810301C
:40750000213C010101013D4381818181C1433D3C8E0C1FF020213C0E11202020FC202020202020203D664242663C40407E81837E8102040BD8E0C183060C182030C000F067
:407540004104104104FC060C0003E040810204081020513C80808080868890A0F0988C8486F02040810204081020408FE0B3666231188C4623118880BD8E0C183060C182C6
:407580003C4281818181C1423CBCC68381818181C2BC8080803D4381818181C1433D010101BDCB0408102040803E4340701E0301433E104087E2040810204088E083060CB1
:4075C000183060A37A81C3426224243C1818C0E45329954BB9CC662300C2662C3818382466C36190C8466120D038180C04020E007F02060C18103060FF1E6081020408607C
:4076000020408102060780FFFFF018080808080C07080808080818F071D98E00000001010A0000000100020D0A04F400050006050A02F4000900090C0A00F5001700070E22
:407640000A02F4002400090C0B01F5003200080C0A01F5003E0002050A04F400400005100A03F4004A0005100A02F400540008080A01F7005C0008080A01F700640002054F
:407680000903FF00660007010901FA00670002020903FF006800080E0A01F4007600080C0A01F5008200040C0A01F5008800070C0A01F5009300060C0A02F5009C00080C4D
:4076C0000A01F500A800080C0A01F500B400070C0A01F500BF00070C0A02F500CA00070C0A01F500D500070C0A01F500E00002080903F900E200020B0903F900E500090A94
:407700000A01F600F10008050A01F800F600090A0A01F6000201070D0901F4000E01080C0A01F5001A01090D0A00F4002901080C0A01F5003501080C0A01F5004101080CF8
:407740000A01F5004D01070C0901F5005801070C0A02F5006301080C0A01F5006F01070C0901F5007A01060C0A02F5008301080C0A01F5008F01080C0A01F5009B01070CC9
:407780000901F500A601080C0A01F500B201080C0A01F500BE01080C0A01F500CA01080C0A01F500D601090F0B01F500E701070C0901F500F201070C0901F500FD01080C95
:4077C0000A01F5000902080C0A01F5001502090C0A00F50023020A0C0A00F5003202080C0A01F5003E02080C0900F5004A02080C0A01F5005602050E0A03F4005F02080E28
:407800000A01F4006D02050E0A02F400760206050A02F5007A0208010A0101007B0203050A03F4007D0207090901F8008502080D0A01F400920207090901F8009A02080DA9
:407840000A01F400A70207090901F800AF02080D0901F400BC02080C0A01F800C802070D0901F400D402060D0A02F400DE0207100900F400EC02080D0901F400F902070DEC
:407880000B02F400050309090B01F800100307090901F800180308090A01F8002103080C0A01F8002D03080C0A01F800390307090902F800410308090A01F8004A03070CCC
:4078C0000901F500550307090901F8005D0308090A01F800660309090A00F800710308090A01F8007A03090C0A00F800880308090900F8009103070F0A01F5009F03011018
:407900000904F400A103080F0A01F500B00308030A01F800687201001C760100207E160000677776666666666006FF6061B0D86C361A0B0D860C603180C603180C63FFFF49
:40794000FFC61818C063018C0630FFFBFFE10C0C3030C0C603180C6003001803F07FE33331898C0C607301F807E007C037019C0C6063431B199EFC7FC03001800C0038195D
:40798000F0CC633198C6631B07CC0E6001800C00300180067033E1D8C663318CC6360F981C0F007E039C0C3030C0C3019806600F0078037018C2639F076C0F301CC0F1871F
:4079C000E7F987846DB6B60303C38383818180C0606030180C06030180E030180E0301C0701C0701800040780E0380C0301C060300C06030180C0603018180C0E060607059
:407A000070F070000003001800C0861733BFFC3F00E00D8066063860E3020003001800C00600307FFFFFE06003001800C0060030006F73326C00FFFFFCEFE000600600608D
:407A40000C00C01C0180380300700600E00C00C0180180380300700600E00C000780FE0E3860E607303B03783BC39E38F187983DC1FC0DC0CC067071C707F01F000CFFF3D3
:407A80000C30C30C30C30C30C30C30C31F0FF18760700600C0180300C0380E0380E038060180600C03FFFFF03E1FE6180300C0301C0E1F07C0380700C0300C0341F8EFF03A
:407AC000F800C00E007007806C036033031818C1861830C18FFFFFFC03001800C006003001807FE7FE6006006006006006F87FC70E406003003003003003406F0E7FC1F051
:407B000007C1FE386700600600C00CF8DFCF0EE06C03C03C03C0360360638E3FC0F8FFFFFC0300601C0300E0180300E0180300E0180300E0180300E018000F03FC30C60601
:407B400060660670638C1D80F039C60E606C03C03C03E0770E3FC1F81E07F1C7706C0580F01E03E06E3CFD8F300600C0380600CC71FC1F006F600000000EFE6F600000007A
:407B8000FF7326C8000C00F00F807807807807803800F000E001E001E001E003E003C0030004FFFFFFC0000000000000001FFFFFF880038007800780078007800780070005
:407BC0003C03C03C03C01E01E00E00300000001F0FF3C760700600C0180700C0380E0380600C0180000000003807806007C07FC3C38C06600D87FC3FF1C3CC0F303CC0F3DD
:407C000087C7FF8FB6001C0038007040FF80F80100020004001C0038007801B00360046018C0318041818303FE07FE180C301C6019803300760060FF87FF303980EC0360E9
:407C40001B01D81CFFC7FE3019806C01E00F007803C03E03BFF9FF0007C0FF0E1CE076013003001800C006003001800C006001800C007019C387F80F80FF07FE307980EC63
:407C800003601B007803C01E00F007803C01E00F00D806C0660F3FF1FE00FFFFFFC00C00C00C00C00C00C00FFEFFEC00C00C00C00C00C00C00FFFFFFFFFFFFC00C00C00CFA
:407CC00000C00C00FFCFFCC00C00C00C00C00C00C00C00C00C0007C0FF0E1CE036013003001800C00600307F83FC01E00D806C037019C1C7FC0F80C03C03C03C03C03C0336
:407D0000C03C03C03FFFFFFC03C03C03C03C03C03C03C03C03FFFFF0C0300C0300C0300C0300C0300C0300C0300C030FFFFF0FF87FC03001800C006003001800C0060030E1
:407D400001800C006003001841C70C1FC07C00C036033031838C386383381B80D807E03B818C0C7061C3061838C0E603301D8070C00C00C00C00C00C00C00C00C00C00C093
:407D80000C00C00C00C00C00C00C00FFFFFFC01E00F80FC07F07F83F637B1BCD9E6CF1C78E3C21E00F007803C01E00F0078030C03E03E03F03F03D83DC3CC3CE3C63C73C74
:407DC00033C3BC1BC1FC0FC0FC07C03C0307C07F83871C0E6019806C00F003C00F003C00F003C00F00360198067038E1C1FE01F0FF8FFCC0EC07C03C03C03C07C0EFFCFF92
:407E00008C00C00C00C00C00C00C00C00C0007807F83871C0E6019806C00F003C00F003C00F003C00F003E00D8067018E0C3EF07F803000C0038007E00F8FF87FE303980C8
:407E4000EC03601B00D80EC0E7FE3FE1870C1860C3031818C06603300D80600FC0FF0E1EC026003001C007001E007C00F800E003800C006803403F838FF83F00FFFFFFF0AD
:407E80003000C003000C003000C003000C003000C003000C003000C003000C003000C0C01E00F007803C01E00F007803C01E00F007803C01E00F0078036033838FF81F0022
:407EC000C00F80760198067038C0C3030E1C18606181C603300CC03B007801E007800C003000C0C00F043C10F0C3C30F0E267899E667999366CD9B367CD0E1C3870E1C3851
:407F000070C0C30204086019C0C3030E1818E07300DC03E007801C007801E00FC03301CE06183870C0C6039806E0198067030C0C38606181CE03300EC01E007800C003009A
:407F40000C003000C003000C003000C07FF9FFE003000C006003800C007003800C007001800E007001800E003001C00FFFFFFFFFFFF0180C06030180C06030180C0603019D
:407F800080C06030180C060301FFFF80C00E006007003003001801800C00C00E006007003003801801800C00C006006007FFFFC06030180C06030180C06030180C06030104
:407FC00080C06030180C07FFFF800C0301E078331CC61B064080FFFFFFF00630C638E31F83FE7060030030030FF3FF703C03C03C07E1F7FB3E30C00C00C00C00C00C00CFD9
:408000008DFCF0EE06C07C03C03C03C03C03C07E06F0EDFC8F000FC1FE387603E00C00C00C00C00C006007023871FE0FC00030030030030030030F33FB70F607C03C03C006
:408040003C03C03C03E0360770F3FB0F300F83FC70E607E03C03FFFFFFC00C00E006007873FE0F8003E07FC3863001800C00601FF8FFC0C006003001800C0060030018003B
:40808000C00600300180000F187FF30E181860618186060C303FC0FC060018007FE0FFC603B006C01B81C7FF07F0C0180300600C018031E6FEF8DC0F01E03C0780F01E03E4
:4080C000C0780F01E03C061C0E0700000003F1F80C06030180C06030180C06031FFFF801C0701C00000003FCFF00C0300C0300C0300C0300C0300C0300C0381F0EFF0F80D5
:40810000C006003001800C006003039838C386383381B80FC07F039C18E0C3860E303980CC0700FC1F80300600C0180300600C0180300600C0180300600C0180307FFFFE5E
:40814000DE7BFBFE38F0E3C30F0C3C30F0C3C30F0C3C30F0C3C30F0C3C30C0C79BFBC3703C0780F01E03C0780F01E03C0780F0180F80FF0E3CC06603E00F007803C01E00FE
:40818000F80EC063870FF03E00CF8DFCF0EE06C07C03C03C03C03C03C03E06F0EDFCCF0C00C00C00C00C000F33FF70F607C03C03C03C03C03C03E0360770F3FB0F300300A1
:4081C0003003003003C79BFFE1780E0180300600C0180300600C018030000F83FE70F6026007003E00FC01E007003403F067FE1F801C0380600C0FFDFF8600C0180300601F
:408200000C0180300600C01C61FC1F00C03C03C03C03C03C03C03C03C03C03C03E0770F3FB1F30E01B00DC066063031C1861830C1CC06603F00F007803800C006006C30D2E
:40824000861B0C361C46798CF31926326C6CD859B0E1C1C38387070E006031838E183180DC07C01E00E007807E073031C387381980E060198067018C0C383061C186071877
:408280000CC03B006C01E007800E003000C00602380FC01E007FF3FF801801C01C01C00C00E00E00E006007007007FFFFFE001F07F0600C00C00C00C00C00C00C0180F009C
:4082C000F001800C00C00C00C00C00C00C00C00E007F03F0FFFFFFFFFFFFF0F80FE006003003003003003003003001800F00F018030030030030030030030030070FE0FC67
:40830000001C08FC3639B07C00E000000000010110000000010004151006EC000C0009080F03EC0015000E141001ED0038000D170F01EC005E000E141001ED0081000E14AB
:408340000F01ED00A40003080F06EC00A700091B0F04EC00C600091B0F02EC00E5000D0D1001F000FB000D0D0F01F100110104090F05FE0016010B020F02F600190104030C
:408380001006FE001B010C161002EC003C010D141002ED005D0106141003ED006C010B141002ED0088010A141003ED00A1010D141001ED00C2010C141002ED00E0010C14C2
:4083C0001002ED00FE010B141002ED001A020C141002ED0038020B141002ED005402040E1006F3005B0204121006F40064020E111001EF0082020D090F01F30091020E110C
:408400001001EF00AF020B150F02EC00CC020E141001ED00EF020F151000EC0017030D140F01ED0038030D140F01ED0059030D141002ED007A030C141002ED0098030C140B
:408440000F02ED00B6030D140F01ED00D7030C141002ED00F5030A141003ED000E040D140F01ED002F040D140F01ED0050040C140F02ED006E040D140F01ED008F040C14E2
:408480001002ED00AD040E141001ED00D0040C140F02ED00EE040E191001ED001A050D141002ED003B050D140F01ED005C050E141001ED007F050D141002ED00A0050E145A
:4084C0001001ED00C3050E141001ED00E6050E141001ED0009060E140F01ED002C060E141001ED004F0609191004EC006C060C161002EC008D0609191003EC00AA060A098B
:408500001003ED00B6060E0210010200BA0605081005EB00BF060C0F1002F200D6060C150F02EC00F6060C0F1002F2000D070C150F01EC002D070C0F1002F20044070D15A5
:408540001002EC0067070E140F01F2008A070B150F02EC00A70709150F03EC00BF070A1A1002EC00E0070D150F02EC0003080B150F02EC0020080E0F1001F2003B080B0F38
:408580000F02F20050080D0F0F01F20069080C140F02F20087080C140F01F200A5080B0F0F03F200BA080C0F1002F200D1080B130F02EE00EC080C0F1002F20003090D0F20
:4085C0001001F2001C090F0F1000F20039090D0F1001F20052090E141001F20075090D0F0F01F2008E090C190F01ED00B409021A1007EC00BB090C190F02ED00E1090E053D
:408600001001F200207901000C830100207E220000DFF6DB6DB6C01FF0636363636242C6420C6063021031818C7FFFFFE31818C0C60630210FFF7FF8C6063031818C0C60BC
:408640000600601FC3FE6666606607603E01E00FC07E0670630634636667FE3F806006003833E131998C8C6C7341F60720030030018018E0CF0CCC666633319B07981C0F96
:4086800000FC0E7061830C18606603F00F00F00DC4C73C19E07B03D81EE1F3FCC7846DB6B201070E1C38306060E0C0C0C0C0C0C0C060607030381C0E070340380E0380C040
:4086C000301C060300C06030180C0603030181C0C0C0E0E0E04000070060060421F273FE0700F00D818C30E306060060060060060FFFFFF0600600600600606F73364CFF86
:40870000FFFCFF8000401C030060180300C0180600C0380601C030060180300C0180600C000F01F839C70E60660EC1BC3BC33C63CC3D83D83F0360670638C1F80F000CFFE6
:40874000E30C30C30C30C30C30C30C30C01F07F1C730700600C0180700C0300C0300C0300E0180600FFFFF801E1FE6180300C0301C0E1F07C0380700C0300D07E3BFC3E089
:408780000180380380780580D8198198318218618C18FFFFFF01801801801801807FCFF980300600C01BC3FC71C81C0180300600C01A06F1CFF07C000F83F8E3380600C0DC
:4087C000300678DF9E3B83E03C0780F81B0771C7F03C00FFFFF018060180C0301C060180C0300C06018060380C03000F07F8C3B03606C0DC31CE1F83F0C7306C0780F01F42
:408800000771CFF87C001E07F1C7706C0F80F01E03E0EE3CFD8F300600C03006638FE0F800FF800003FE6F60000006FF326C80000801C03C0780F01E03C018007001E0035D
:40884000C007001E003C006001FFFFFF000000000000FFFFFF8007001E003C00F001E003C00700F00E01E03C078078030000001F0FF3C760340600C0180701C0700C030042
:40888000600C0180000001C038070007C0FF0E1CE06601B0FF1FF8E3CC1E60F3079C7C7FB1ED800E003C00FF81F000000C003000C007801E004C03300CC021818606181FE7
:4088C000F0FFC3038C066019807600C0FF0FFCC1CC06C06C06C06C1CFF8FF8C0EC06C03C03C03C07C0EFFCFF800780FF0E1CE066027003001800C006003001800C00700110
:40890000800E063870FF03E0FF0FF8C1CC0EC06C06C03C03C03C03C03C03C03C06C06C0EC1CFF8FE00FFFFFF00600C0180300600FFDFFB00600C0180300600C01FFFFF800E
:40894000FFFFFF00600C0180300600FF9FF300600C0180300600C0180300000F81FE386703602E00C00C00C00C00C1FC1FC03E036037033871FE0F80C0780F01E03C07805A
:40898000F01E03FFFFFF01E03C0780F01E03C0780F0180FFFFC30180C06030180C06030180C06030180C7FFFE00FF0FF00C00C00C00C00C00C00C00C00C00C00C00C00C490
:4089C0000C6187F81E00C07C0EC1CC38C30C60CC0DC0F80FC0EE0C60C70C38C18C1CC0EC06C070C0180300600C0180300600C0180300600C0180300600C01FFFFF80C03CCA
:408A000003E07E07F0FF0FD9BD9BCF3CF3C63C63C03C03C03C03C03C03C030C03E03E03F03F83D83DC3CC3CE3C63C33C3BC1BC1FC0FC0FC07C03C0300F80FE0E38E0E603C0
:408A4000701F007803C01E00F007803C01F00D80CE0638E0FE03E0FF8FFCC0EC07C03C03C03C07C0EFFCFF8C00C00C00C00C00C00C00C0000F80FE0E38E0E603701F0078D4
:408A800003C01E00F007803C01B01D80CE0E38E0FF01E006003800F803C0FF0FFCC1CC0EC06C06C06C06C0CFFCFF0C30C30C18C18C0CC0CC06C0600F83FE30E60260060038
:408AC0007003801E007801E006003003003407F0E7FC1F80FFFFFFC1800C006003001800C006003001800C006003001800C00600300180C03C03C03C03C03C03C03C03C030
:408B00003C03C03C03C03C03C03E0770E3FC1F80C01E00D80CC066031830C1860C18C0C606303B00D806C03C00E007003000804005843610D863638D8E32388CB236D8DBA6
:408B4000634D8D1E3C7071C187060C183060C101006033030C1861818C0CC03601E007003801C01F00D80CE063060C706301B80C601B01CC0C6061860C3033019807803C58
:408B800001C006003001800C006003001800C07FF3FF801800C00C006006007003003001801801C00C00E006006007FFFFFEFFFFF0180C06030180C06030180C06030180CF
:408BC000C06030180C07FFFE40180180300700600E00C0180180300300600600C01C01803803006006FFFFC06030180C06030180C06030180C06030180C060301FFFFE0821
:408C00000E0706C3631B0D83FFFFFFC0C618C71C601F0FF8830030063FCFFB03C0780F03F0F7F67CC0C00C00C00C00C00C00CF8DFCF0EE06C07C03C03C03C03C03E06F0EE2
:408C4000DFC8F00F83FE707602C00C00C00C00C00E006007863FE0F80030030030030030030F33FB70F607C03C03C03C03C03E0360770F3FB1F30F03FC70E606C06FFFFFD9
:408C8000FC00C00C006007063FC0F803C0FE0C3180180180180FF8FF81801801801801801801801801801801801E31FFDC70C1860C3060C707F03F03001800FF83FE303BD5
:408CC00000D806E063FF0FE0C0180300600C018031E6FEF0FC0F01E03C0780F01E03C0780F01E0301C0E0700000003E1F0180C06030180C06030180C3FFFF001C0701C00DE
:408D0000000003FCFF00C0300C0300C0300C0300C0300C0300D03619FC3E00C00C00C00C00C00C00C0EC1CC38C60CC0D80FC0EE0C70C30C18C1CC0EC07FC3F00C0300C0368
:408D400000C0300C0300C0300C0300C0300C030FFFFFDCEFDFE73C63C63C63C63C63C63C63C63C63C63C63C79BFBC3703C0780F01E03C0780F01E03C0780C00F03FC70E64D
:408D800006C07C03C03C03C03E0360670E3FC0F0CF8DFCF0EE06C07C03C03C03C03C03E06F0EDFCCF0C00C00C00C00C0000F33FF70F607C03C03C03C03C03E0360770F3F0F
:408DC000B1F30030030030030030C7B7FF8FC1E0300C0300C0300C0300C030001F87F9C3B026007007C01E00E00D01F077FC3E001C0380600C0FFDFF8600C0180300600C5F
:408E00000180300600E30FE0F8C0780F01E03C0780F01E03C0780F83B8F7F63CC0E0360360330230630618C18C1C80D80D8070070060C00D043630D8E263898E62698DB64D
:408E400034D8D363C7071C187060C060670630C19C1D80F00700700F81D818C30E7066036033019C0C60C3060C306303980CC06C01E00F007001801800C08E07E01E007FF4
:408E8000E7FE00C01C0380300600E01C0180300700FFFFFF07C3F0C06018060180601806030380F00C0180601806018060180700FC1FFFFFFFFFFFFFC0F81F803003006010
:408EC0000C0180300600C00C00F03E060180300600C0180300601C3F07C03C13F9F8FC03C0000000000001010F000000010003140E05ED00090008080E03ED0011000D132B
:408F00000F01EE0030000C150E01ED0050000D130F01EE006F000D130F01EE008E0003080E06ED00910008190F04ED00AA0009190F02ED00C7000C0C0F01F100D9000C0C04
:408F40000E01F200EB0004080F05FE00EF000B020F02F700F20003030E05FE00F4000B150F02ED0011010C130F01EE002E0106130F03EE003D010B130F02EE0058010A1380
:408F80000F02EE0070010C130F01EE008D010B130F02EE00A8010B130F02EE00C3010A130F02EE00DB010B130F02EE00F6010B130F02EE001102030D0E05F400160204116F
:408FC0000F05F5001F020D100F01F00039020C080E01F40045020D100F01F0005F020B140F02ED007B020D130F01EE009A020E130F00EE00BC020C130E01EE00D9020D13CC
:409000000E01EE00F8020C130F02EE0015030B130F02EE0030030B130E02EE004B030C130E01EE0068030B130F02EE00830309130E02EE0099030C130E01EE00B6030C1375
:409040000E01EE00D3030B130F02EE00EE030C130E01EE000B040C130F01EE0028040D130F01EE0047040C130F02EE0064040D170F01EE008A040C130F02EE00A7040C1314
:409080000E01EE00C4040D130F01EE00E3040C130E01EE0000050D130F01EE001F050E130F00EE0041050D130F01EE0060050D130E00EE007F050D130F01EE009E0509171B
:4090C0000F04ED00B8050B150F02ED00D50509170F02ED00EF0509080F03EE00F8050D020F010100FC0505070F04ED0001060B0E0E01F30015060C140F02ED0033060C0EC0
:409100000F02F30048060C140F01ED0066060C0E0E01F3007B060C140F02ED0099060D130E01F300B8060B140F02ED00D40609140F03ED00EB060A190E01ED000B070C14C5
:409140000F02ED0029070A140E02ED0042070C0E0E01F30057070B0E0F02F3006B070C0E0E01F30080070C130F02F3009D070C130F01F300BA070A0E0F03F300CC070B0EFE
:409180000F02F300E0070B120F02EF00F9070B0E0F02F3000D080C0E0F01F30022080E0E0F00F3003B080C0E0F01F30050080D130F01F3006F080C0E0E01F30084080A18F4
:4091C0000F02EE00A20802190E06ED00A9080B180F03EE00CA080D040F01F30010860100E48E0100207E200000FFB6DB6DB03FE066CD9B345991001883106608CFFE230463
:409200004188310623FF9982304608C1100C0303F1B6CCB30CC1B03C03C0D8330CC33CDFFE3F0300C0786CC4CCCCD8CD87B00300600600C009E1B313333363361E1C06C104
:409240008C3186306C0F80C07C0DCB19E1EC3D8319F1E36DB590060E1830706060C0C0C0C0C0C0C060603038180E064070381C0C06060703030303030306060C1C38706096
:409280000C0080107267FC1C0380D8318C3080000C0300C0300C3FF0C0300C0300C067732440FF80FF800180C0C060603010180C0C06060303018180C040001E0C460982E4
:4092C000C1F0FC2F13CCF63D0FC361986330780CF6C30C30C30C30C30C30C33E1864080300C0301C06030180C060301C0603FF3E31806030181C1C3C0300C060301A1F8CF6
:40930000F80301C0703C0B04C3308C6330CFFC0C0300C0300C7F98060180601807F18E0180300C0300D06638F80F8C660180C0300DF3C6E1B03C0F0360D8631878FF80C08B
:40934000C060603018180C060603018180C0601E0CC61986619CE3B0383F18EC1F03C0F03618F83C3118583C0E0703C3639EC06030101918F8FF8000FF80FF80001FB7A0AD
:4093800000000C0783C1E0F03807003801C01E00E0060040FFC0000000003FF0001803C01E00F0078038070381C0F0380C0100001F1C640C0300C070381C0E0300C03000C1
:4093C0000000E0380E000F061981303C7F98F61EC3D8799F1FB00600600E307C0400600600700F00D009819818810C3FC306206602603403FF306C0F03C0F03C1BFCC1B097
:409400007C0F03C0F03C1BFC0F871981B02E0180300600C0180300700600E08E307CFE30CC1B06C0F03C0F03C0F03C0F03C1B06C33F0FFF00C0300C0300C03FEC0300C035A
:4094400000C0300C03FFFFE030180C060301FEC06030180C060301800F871981B00C0180300600C3F80F01E03606C0CE387CC0F03C0F03C0F03C0FFFC0F03C0F03C0F03C07
:409480000F03FF1818181818181818181818181818FF1FC0C0300C0300C0300C0300C0300C0300CC61F0C0D8330C638C61983607C0EC198318618C3983303607C0300C03E2
:4094C00000C0300C0300C0300C0300C0300C03FFC0780F83F07F1FA2F6DE53CE788F01E03C0780F01E03C0F83E0FC3D0F63C8F33C4F1BC2F0FC1F07C0F031F063183306CD6
:409500000780F01E03C0780F01E0360CC18C6078FF306C0F03C0F03C0F06FF300C0300C0300C03001F063183306C0780F01E03C0780F01F0360CE38FE0F80600C00F00FF74
:40954000306C0F03C0F03C0F06FF318C330CC1B06C0F031F061981300600E00F00F807C03C03803006809831F8FFE180300600C0180300600C0180300600C018030060C0EA
:40958000F03C0F03C0F03C0F03C0F03C0F03C0D8661878C0780F0130660CC10C618C3103606C0500E01C01002040142142163367367365225A2DA38A38A38E38C10410411B
:4095C00004C0CC198618C1B0360380700E03C06C198318C1983603C0660660C30C3081981980F00F00600600600600600600607FE00C0300C0180600C0300E0180700C03EF
:4096000000E01807FFFFC0C0C0C0C0C0C0C0C0C0C0C0C0C0C0C0C0FF8060300C060180C030180603008060100C060180C0FF0303030303030303030303030303030303FF46
:40964000081C1C362663C1FFE08CC6731F18600C0300C7F60F03C0F0763CFBC0300C0300C0378E3B06C0F03C0F03C0F03C1B8EDE001F0C360700C0300C0300E018030C7E92
:4096800000C0300C0300C7B71D87C0F03C0F03C0F0361DCF1EC01F0C660F03C0FFFC0300C018030C7C0FC318C0180300603FC180300600C0180300600C018030003EE638E8
:4096C000C18C18C186303E02006006006003FC606C06E0C3F8C06030180C0673CDC3C1E0F0783C1E0F0783C1801800000000F818181818181818181818FF03000000003F21
:4097000003030303030303030303030303C67CC0180300600C018330C630CC1B03F0760C618630E60CC0C0F80C06030180C06030180C06030180C06030FF80DBBBBCCF333B
:40974000CCF33CCF33CCF33CCF33CE79B8783C1E0F0783C1E0F078301F063183603C0780F01E03C06C18C60F80DE38EC1B03C0F03C0F03C0F06E3B78C0300C03001EDC7648
:409780001F03C0F03C0F03C0D8771C7B00C0300C03CFF8781C0C06030180C0603018001F0C760980780FC0F80700D03E18FC30180C1FE30180C06030180C060300C43CC0E5
:4097C000F03C0F03C0F03C0F03C0F0763CFBC0680983306308630440D81B01C0380600C03C62C624624626F66B669629C39C30C30C60CC30C40D81E01C0380F01B063187F8
:409800003060C06C0983106308630640C80B01C038030040182607807FC038060180601C0300C0380601807FF0078606030180C0603030700C030180C06030180C0300F07F
:40984000FFFFFFFFFFC0F803006018060180601803007030180601806018060180C3E03828CF0E00000001010D000000010003110D05F000080007070D03F0000F000B1034
:409880000D01F10025000A130D02F0003D000C100E01F10055000B100C01F1006B0003070D05F0006E0008150D04F000830008150C01F00098000B0B0D01F400A8000A0B94
:4098C0000C01F300B60004070D04FE00BA0009010D02F800BC0003030D05FE00BE0009120D02F000D3000A100D01F100E70006100D02F100F3000A100D01F100070109100D
:409900000D02F10019010A100D01F1002D010A100D01F10041010A100D02F100550109100D02F10067010A100D02F1007B0109100D02F1008D01030B0D05F6009201030F82
:409940000D05F60098010B0E0D01F200AC010A060C01F500B4010B0E0D01F200C8010A110D01F000DE010B100D01F100F4010C100D00F1000C020A100C01F10020020B1053
:409980000D01F10036020A100C01F1004A020A100C01F1005E0209100D02F10070020B100D01F10086020A100D01F1009A0208100D02F100AA020A100C01F100BE020B10FB
:4099C0000D01F100D4020A100D02F100E8020B100D01F100FE020A100C01F10012030B100D01F10028030A100C01F1003C030B130D01F10057030A100C01F1006B030B1093
:409A00000D01F10081030B100D01F10097030A100C01F100AB030B100D01F100C1030C100D00F100D9030B100D01F100EF030C100D01F10007040B100D01F1001D040813CD
:409A40000D03F000300409120D02F000450408130D02F000580408070D02F1005F040B010D010200610404060D04F00064040A0C0D01F50073040A110D02F00089040A0C26
:409A80000C01F50098040A110D01F000AE040A0C0D01F500BD040B110D02F000D5040C100D01F500ED0409110D02F000010508110E03F000120508150C01F00027050B11AD
:409AC0000D02F0003F0509110D02F00053050A0C0C01F5006205090C0D02F50070050B0C0D01F50081050A100D02F50095050A100C01F500A905090C0D03F500B7050A0C97
:409B00000D01F500C605090F0D02F200D7050A0C0E02F500E6050B0C0D01F500F7050C0C0D01F50009060B0C0D01F5001A060B100D01F50030060B0C0D01F5004106091410
:409B40000C01F100580602150D06F0005E060A140D02F10077060B030D01F500E891010064980100207E1C0000FAA8F04A52201449F9225FCA142823AD4E18A5AF88652A62
:409B80006341048AA54E309121871263467654124C88888463008C221111126C00308ECC5B201023F8810200F6FCC00420841082104200003128E5A69C5230749249203954
:409BC0003041084210FC7042E18433F00862924BF08208FC21E984337039082ECE185378FC3082104308207A18527A1873787A286374104270C030C0F606318603030180A7
:409C0000FC003FC06030318C20007B304108C20800C03C867D1A33F0303C0010182828247C424282FA187E8E1863F8388A040810202238F22861861862F0FE0820FA08209C
:409C4000FCFE083E820820803C860408F060A13C861861FE186184F908421084F83E102040810204708512450E12264484820820820820FC838F1D5BB260C182871E699654
:409C800058E384388A0C183060A238FA1861FA082080388A0C183060A2382038FA1861FA48A2847A181030306378FE20408102040810861861861873784285092247060C50
:409CC00010814A5A5A5A6666244485258C30C49284C689B14382040810FC3084308430FCF8888888888F83041820C10608300078421084210843F0219690FC898078105F54
:409D000086374082082ECE1861CEE039182081138004105DCE1861CDD07B387F8307801C4487C204081020407B0A13C8101F417C82082EC6186186103001C2108427C008EF
:409D4000007084210842E0820822928E248A30E10842108427C0FF264C99326480BB1861861840388A0C18288E00BB3861863FA0807F386187374104BE210842007460E055
:409D8000C7C0208F882082081C86186187374086149270C30083264D56CD910089230C3128C042C4912183020860FC218C610FC01C8208C082082081C0FFF0E041040C4118
:409DC00004104E00E670000000000101080000000100020A0803F700040005040801F700070007090800F8000F00050B0701F700160007090901F8001E0007090801F800F9
:409E0000260002040803F7002700040D0802F7002E00040D0802F700350006060801F9003A0007060700F900400002040803FF00410006010801FC00420002010803000004
:409E40004300060B0801F7004C0006090801F800530003090802F800570006090801F8005E0005090801F800640006090801F8006B0005090801F800710006090801F8008E
:409E8000780006090801F8007F0006090801F800860006090801F8008D0002060803FB008F0002080803FB00910007070801F900980006040801FA009B0007070801F900CA
:409EC000A200060A0801F700AA0007090901F800B200080A0800F700BC0006090801F800C30007090801F800CB0006090801F800D20006090801F800D90006090801F800EB
:409F0000E00007090901F800E80006090801F800EF0005090801F800F50007090801F800FD0007090801F800050106090801F8000C0107090901F800140106090801F800CB
:409F40001B0107090901F800230106090801F8002A01070B0901F800340106090801F8003B0106090801F800420107090700F8004A0106090801F800510107090800F800A0
:409F8000590108090800F800620106090801F800690107090700F800710106090801F8007801040C0802F7007E01060B0801F7008701050C0801F7008F0105040801F8007B
:409FC0009201060108010100930103040802F700950106070801FA009B01060A0801F700A30106070801FA00A901060A0801F700B10106070801FA00B701070A0801F700D6
:40A00000C00107090901FA00C801060A0801F700D001050A0801F700D701050C0700F700DF01060A0801F700E701050A0701F700EE0107070901FA00F50106070801FA00BE
:40A04000FB0107070901FA00020206090801FA00090206090801FA00100205070802FA00150205070701FA001A0206090801F800210206070801FA00270206070801FA00C0
:40A080002D0207070801FA00340206070801FA003A0207090800FA00420206070801FA004802060B0801F8005102010C0703F7005302060B0801F8005C0206020801FA00EB
:40A0C000689B0100C89D0100207E110000FFB6DB6DB607FC6363636342C6C608C18C18C18CFFF188118118118118318FFE31831031023023000600601FC36E66666066075A
:40A10000603E01F807E0670630634636667FE1F80600607836633319998CCC3CC00C006006003003381B61B1898CCC6C3660E01E03306186186183303F01E03C0762E73C9E
:40A1400033C1EC1CC1E63E3E306DB5B000070E1838306060C0C0C0C0C0C0C0E0606030381C0E0702C070381C0C0E06060303030303030706060C1C3870E08006006006047F
:40A1800062F7F1F80E00B019830C20C00600C018030FFE0C0180300600C018006F7326C0FFC0FF8000C06018060300C060180C03018060300C07018060300C000E063082F9
:40A1C00030640D83F0DE33C6798F61F83704C188318C0F000CFFC30C30C30C30C30C30C30C3E18E4180300C0301C060381C0E070380C060380FFC03F18600C0300C0703837
:40A200007C0380600C0300C034198E3E000180700E03C0D81306618C318C33067FF0180300600C01807FCC0180300600C01FC38E40C00C0180300600D0338C3F000F8C6606
:40A24000018040300DE3CEE1B03C0F03C0D83618C61E00FFC07018060300C07018060300C07018060380C030001F0C660D8360DC73987C1F1CE61F03C0F03C0D861E001E42
:40A280001CC61B02C0F03C0D8361C7B00C0300C060198C7C00FF80001FF0FF80001FB6B400100701E0780E0380E00E007001C007003C00E0030010FFE00000000000003FF1
:40A2C000F8000C00F003C00F003C00F00701C0780E0380F00C0000001F186C0C0300C0301C0E030180601806000000380E03800F818C30260363FC63CC3CC3CC3CC3C67CF9
:40A300003F6006003001860FC002001000C00E007006C036019818C0C606187FC303101980CC034018FF983B01E03C0780F077F8C1D81B01E03C0780F0360EFF000F818EBE
:40A34000307602600C00C00C00C00C00C00C0060060030218E0F80FE187306606C0D80F01E03C0780F01E03C0D81B06618FE00FFF80300600C01803007FCC0180300600C19
:40A380000180300600FFE0FFF00C0300C0300C03FEC0300C0300C0300C0300C0000FC186303602400C00C00C00C00C1FC03C036036033031870FC0C0780F01E03C0780F063
:40A3C0001FFFC0780F01E03C0780F01E03C060FF8C06030180C06030180C06030180C06030FF801FE0600C0180300600C0180300600C018030060086307C00C06C0CC18C6A
:40A4000030C60CC0DC0F80FC0CC0C60C70C38C18C0CC0EC060C0300C0300C0300C0300C0300C0300C0300C0300FFC0C03C03E07F07F0FD9BD9BCF3CF3C63C63C03C03C0322
:40A44000C03C03C030C07C0F81F83F87B0F31E63C678CF0DE1BC1F83F03E03C0600F030C206606402C03C03C03C03C03C03C0360260630638C0F00FF183B03E03C0780F0DD
:40A480003E06FF980300600C0180300600C0000F030C206606403C03C03C03C03C03C03C0360760670E3FC0F006007003EFF183B03E03C0780F01E06FF98630C60CC1981FE
:40A4C000B03603C0600F830E2026006007003C03F00FC03E007003003003406F0C1F80FFF0600600600600600600600600600600600600600600600600C0780F01E03C0740
:40A5000080F01E03C0780F01E03C0780D8338C1F00C03C0360660660630C30C30C1981981980D00F00F00600600600400A0858C6C63631B1CC9E44F23491A78F3C71E3864B
:40A540000C306182041020E0660630C31C1981B00F00E00600F00F019819830C70C606C070C03E0660630C30C1981980F00F006006006006006006006006007FF0070060E0
:40A580000C00C0180380300700600C01C0180380300600FFF0FFC0C0C0C0C0C0C0C0C0C0C0C0C0C0C0C0C0C0FFC030060180300C018060180300C0180600C030060180305E
:40A5C0000CFF030303030303030303030303030303030303FF18183C3C66C6C382FFF00218C31C601F0E18018030063FDC1F03C0781F03B0F3E6C0180300600C019E3C6715
:40A6000006C0F80F01E03C0780F01706F19BE00F861981B00C0180300600C00C01811870F800600C018030063ECC7B07C0780F01E03C0780F81B0731E3EC1F063983603C8F
:40A6400007FFF00600C01C01811871F803E0C3180180180180FF81801801801801801801801801801801801F730E1871818C0C6063860C303F030018007F8606601B00D8AB
:40A680000660E1FC00C0300C0300C033CF1B83C0F03C0F03C0F03C0F03C0F0301C1C1C0000F81818181818181818181818FF0381C0E00001F80C06030180C06030180C069C
:40A6C000030180C0682631E0C0180300600C0181B06618CE1B83E07E0EE18E30E60CC0D81CFC06030180C06030180C06030180C06030180C7FC0DCEE73C63C63C63C63C65F
:40A700003C63C63C63C63C63C630CF3C6E0F03C0F03C0F03C0F03C0F03C0C00F830C606606C03C03C03C03C0360660630C0F80CF1E3383607C0780F01E03C0780B8378CDCF
:40A74000F180300600C018001F663D83E03C0780F01E03C06C0D8398F1F600C0180300600CCFBE2E0380C0300C0300C0300C0300C0001F8619813007807E07F03F00E00D4C
:40A7800001F063F00C06018060FF860180601806018060180601803107C0C0F03C0F03C0F03C0F03C0F0361D8F3EC0C0260660660430C30C1881981900F00F00E00600C036
:40A7C0001E10D0C48E2671329996C5B62CB1C70E3871C3860060670C3181981F00E00600F01B019830C70C6060E0360660630630C30C1881981980D00F0070060060060000
:40A80000C08C0F007FE00E01C0180300700E00C01C0380300700FFF007C30180601806018060180C0E00C0180601806018060180600C01F0FFFFFFFFFFFCF803006018066A
:40A84000018060180600C01C0C060180601806018060180C3E00380643C2641C000001010E000000010003120E05EF00080008070E03EF000F000C110E01F00029000C1433
:40A880000E01EF0047000D110F01F00063000C110E01F0007D0003070E06EF00800008180E04EE00980008170E02EF00AF000C0B0E01F300C0000B0B0D01F300D00004085B
:40A8C0000D04FE00D4000A010E02F800D60003030E05FE00D8000A130E02EF00F0000B110E01F000080106110E02F00015010A110E02F0002B010A110E01F00041010B1181
:40A900000E01F00059010B110E02F00071010A110E02F00087010A110E02F0009D010A110E02F000B3010A110E02F000C901030C0E05F500CE0103100D05F500D4010C0F30
:40A940000E01F100EB010B070D01F500F5010C0F0D01F1000C020A120E02EF0023020C110E01F0003D020D110E00F00059020B110D01F00071020C110E01F0008B020B1154
:40A980000D01F000A3020B110E02F000BB020A110E02F000D1020C110E01F000EB020B110E01F000030309110E02F00017030B110E02F0002F030C110E01F00049030A11FE
:40A9C0000E02F0005F030C110E01F00079030B110D01F00091030C110E01F000AB030B110E02F000C3030C140E01F000E1030B110E02F000F9030C110E01F00013040C1198
:40AA00000E01F0002D040B110D01F00045040C110E01F0005F040D110E00F0007B040C110E01F00095040C110E01F000AF040C110E01F000C90408140E04EF00DD040A13E1
:40AA40000E02EF00F50408140E02EF00090508080E03F00011050C010E010200130505070E03EE0018050B0D0E01F4002A050B120E02EF0043050B0D0E02F40055050B12EF
:40AA80000E01EF006E050B0D0D01F40080050C120E02EF009B050D120E01F400B9050A120E02EF00D00508120E03EF00E20509170D01EF00FC050B120E02EF001506091288
:40AAC0000D02EF002A060C0D0E01F4003E060A0D0E02F4004F060C0D0E01F40063060B120E02F4007C060B120E01F40095060A0D0E03F400A6060B0D0E01F400B8060A11B9
:40AB00000E02F000CE060A0D0E02F400DF060C0D0E01F400F3060D0D0E00F40009070C0D0E01F4001D070C120E01F40038070C0D0E01F4004C070A160D01F000680702174B
:40AB40000E06EF006E070A160E03F0008A070C040E01F400CCA001005CA80100207E1E00007F550F9CA5201309048247F91089FE241209088010FA54891A1F0F12264CA78C
:40AB80008204007044442221120890390009C0990488444222213107001C024024028028033F5089888C8870C307CEEA12448888888844421084222111111122448004B885
:40ABC0007ED040080402010FF8402010080032648078F00208102081040820408204102000388A1C183060C1830712238013C10410410410411F3C46820202040408102073
:40AC000043FF3C8D0810438181030513C0040C1C1424244444FF04041F7E81020BC8C081030A13C00430820417B1C1830511C0FF82860408081010206040C03C8E0C1C4F0E
:40AC40000F2383060E27803C4281818181433D0202040870F00F5005A80183060C0C018030060080FF8000000FF8C018030060183060C080007A30410843080002080FC14C
:40AC80008318048598DCCC4646323253B366CC0C1F8002001801400B008804604303FC106101880DE0F0FE1188442221F086412090484FC00F86090120080100200400C06A
:40ACC0000800C107C0FF820620220120120120120120220220C7F0FF9048240211F884422010483FF0FF9088040211F884422010081F000FE1809000800800400200101FCA
:40AD0000C013008E041FC0703880420108042010FFC201080420108042013E1FF9084210842109F0F9084210842108421110F8E2082102202403802C026023021820EF8789
:40AD4000F808020080200802008020082209FEF007380C380C2C142C14262426242344234421842184F90FF03E7010F021704260846108621064206840F080E7C0C00FC1A0
:40AD8000831005003800C006003001C013008C181F00FF88320481208BC2008020080203E00FC1831005003800C006003001C012008C083F807004FC00C0FF04308210420B
:40ADC000104C0B8130230430877C703E428280807806010181827CFFC44201008040201008040207C0F87C804201080420108042010804201080410603F0F87602302304B2
:40AE00001841840880C8050070060020F843B0608830462C231621891048C834681C140E0E0202010100706608620C80D00C018058118230832030E04418C20880A0140192
:40AE40000020040080100F807FE8190300C0300C03006018060580FFF0F2492492492740402020101008080404020201E4924924924F180A090444320A06FF808420399850
:40AE800010E650A33B00C04040405E6341414142423C1D982082040F00060202021E668282828282463B1C624343FF4040613E1B1084790842108E001C33D0884641C10084
:40AEC000807F2060301C31E000C04040405C664242424242E3482C9249702203511111111112C0C04040404344485070584C46E3C92492492EDCE3389084842421210908E4
:40AF00005DF3DC664242424242E3388A1C183070A238DC6241414142627C40404040E01C628282828282463A020202020F5ED8842108F07A2830781063F04447C44444707B
:40AF400042C64242424242463B71884320C8120700C020F11D84223888E4349053818E06181840E1190D030080E098C6C380F3D84210C8120701C030080201004060007FC9
:40AF800042040C183061FF492492892492FFF889249229249200000000FFFFF0F066CD9A2440130984DFF321108844FF93098C864010387ED2D0D0703C1E131393D67C10BC
:40AFC0001071B64DB368760100C0201B8DB36D9B43803C198661983C060381B2C4B1EC339E7C806DA40C30C3861C3060C18307060C0C0C0E0040E0E0C0C18183060C183017
:40B00000C18618E0000804221DF1C0A0D8C60000180C06030FF8C060301800DDAD00FFF001030206060C0C08181030206040401C1918587C3E2F27B3D1F0D8C661C01FE60B
:40B04000318C6318C631803E31806030181C1C1C1C18080C0FF83C470303063C0603030303C67C06070382C36131198CFF830180C0607F30180C07E31806030180D06C631B
:40B08000E01E2260C0DCE6C3C3C3C363663CFF030606040C081818103030603C66C3C3E67C3C66C3C3C3663C3C62C2C1C1C1633F0303064678F003C0FC0007ED400081C30A
:40B0C000870E0601C0380601C020FF8000000FF880700E01C0380C1C38307020003CC6030303070E1C1818000018181F08640F1F8CE6398E678FD00400C01F00000100C040
:40B10000300E0681304C310FE2098240F010FE61F0783C37F30D83C1E0F0786FE01F0C660F00C0300C0300C0380608C61F00FC6330D83C1E0F0783C1E0F0D8CFC0FFE030E1
:40B14000180C0603FD80C06030180FF8FFC0C0C0C0FEC0C0C0C0C0C0C01E19D8580C0603018FC1E0D86631F0C1E0F0783C1E0FFF83C1E0F0783C18FE60C183060C183060C0
:40B18000C18FE01F830180C06030180C060301898780C1B0CC6330D83C0F8330C4318C3306C180C0C0C0C0C0C0C0C0C0C0C0C0FFC1E0F8FC7D5EAF7793C1E0F0783C18C147
:40B1C000F0F87E3D1ECF279BC5E1F0F83C181E0CC61B03C0F03C0F03C0F03618CC1E00FE61B0783C1E1BF980C06030180C001E0CC61902C0F03C0F03C0F03E0D86738FC0F2
:40B20000C0300780FE61B0783C1E1BF988C66130D83C183C66C0C0E0783E0F030383C67CFF86030180C06030180C06030180C0C1E0F0783C1E0F0783C1E0F06C63E080E0A2
:40B24000F048263310886C140A07010080C04889112326A4D59AA15C318630C618C210C1219886C340E06038361B18C82C18C0D06618CC330781E0300C0300C0300C00FF62
:40B280000306040C081810306040C0FFFF83060C183060C183060C18307FC0406020301018080C040602030301FE0C183060C183060C183060C1FF1070A36450C0FF804494
:40B2C00063103E11806033FB0F0783E3BEC0C06030180DE71B0F83C1E0F0783E36F01F38D8180C060300C0718F800180C06033DB1F0783C1E0F0783639EC1E3198783FFE1A
:40B300000301C0718F800F0C4C260307F0C06030180C060301803DB330D86C3330F080401F90783E3BF0C0C0C0C0DEE7C3C3C3C3C3C3C3C330C000F0C30C30C30C33F00689
:40B340000C0003E0C183060C183060C183CCF0C06030180C363331B0F8763198CC360CF83060C183060C183060C19FC0DBB3BCCF33CCF33CCF33CCF330DEE7C3C3C3C3C36B
:40B38000C3C3C31E3190D83C1E0F06C3631F00DE71B0F83C1E0F0783E36F30180C06003DB1F0783C1E0F07C3639EC06030180CDFF1E0C0C0C0C0C0C0C01E30D80E03E078C6
:40B3C0000E03631F00303030FE30303030303030311EC3C3C3C3C3C3C3C3673BC1E0904C6221B0D0281C040040511445396A4AB2B8C6318C60C3310D878180E0D04C63609F
:40B400008060C83308C6110641B0280E01804030481C007F80C030180C060180C0603FF0078606030180C06060E01806030180C060380F80FFFFFFFFF0F0180C0C0C0C0CB7
:40B440000403040C0C0C0C0C1CF070E4E1C00000000001010B0000000100020E0A04F300050007050B02F3000A00090D0B01F400190008100B02F30029000A0D0C01F400C2
:40B480003A000A0D0B01F4004B0003050B04F3004D0007120B03F3005D0007120B01F3006D0009090B01F600780009090B01F600830003060B04FF00860008010B02FA00CD
:40B4C000870002020A04FF008800080F0B01F3009700090D0B01F400A600050D0B02F400AF00090D0B01F400BE00080D0B01F400CB00090D0B01F400DA00090D0B01F40047
:40B50000E900080D0B01F400F600080D0B02F4000301080D0B01F4001001080D0B01F4001D0102090A04F8002001030C0B04F8002501090B0B01F500320109050B01F700DD
:40B540003801090B0B01F5004501080E0A01F30053010A0D0C01F40064010A0E0B00F3007601090D0B01F40085010A0D0B01F4009601090D0B01F400A501090D0B01F400A9
:40B58000B401080D0C02F400C101090D0B01F400D001090D0B01F400DF01070D0B02F400EB01090D0B01F400FA010A0D0B01F4000B02080D0B01F4001802090D0B01F400A5
:40B5C0002702090D0B01F40036020A0D0C01F4004702090D0B01F40056020A110C01F4006C02090D0B01F4007B02080D0B02F4008802090D0B01F4009702090D0B01F40083
:40B60000A602090D0B01F400B5020B0D0B00F400C702090D0B01F400D6020A0D0B01F400E702080D0A01F400F40207100C03F3000203080F0B01F300110307100C02F3005D
:40B640001F0307060B02F400250309010B010200270304050B03F3002A03090A0B01F7003603090E0B01F3004603090A0B01F7005203090E0B01F3006203090A0B01F7004F
:40B680006E03090E0B01F3007E03090E0B01F7008E03080E0B02F3009C03060E0A02F300A70307120A01F300B703090E0B01F300C703070E0B02F300D4030A0A0C01F700B0
:40B6C000E103080A0A01F700EB03090A0B01F700F703090E0B01F7000704090E0B01F7001704080A0B02F7002104090A0B01F7002D04080D0B02F4003A04080A0A01F70010
:40B700004404090A0B01F70050040A0A0B00F7005D04090A0B01F70069040A0E0B00F7007B040A0A0C01F700880409110B01F4009C0402120C05F300A10408110B02F4008F
:40B74000B20409030B01F70098AF010050B40100207E180000FFEDB6DB01FF66CD9B3459801984411044FFCCC330CC330CCFFC882208866018187EDAD8D8D8783C1E1B1B33
:40B780001B9BFE7C181878D99336668CF0F40180600C033869993326C4D8701C0CE18C3186306C0701C07C5CCF0F61CC18C78F106DB580001C61870C1860C183060C0C18F5
:40B7C00038303038308181C1C1818303060C183061830C186384000C0300C3B73F030160CC6180400C0300C030FFC300C0300C0300673364FFFC0000C06060303018080C97
:40B8000004060203018180C040001E0CC61986C3F0FC6F33C8F63F0D86618CC1E01BF6318C6318C6318C603C31906030180C0C0E0E0E0E06060603FE3E31806030181C1CF6
:40B840003C0300C060341B18F80301C0703C0B04C3308C6330CFFC0C0300C0307F30180C0603F18C070180C060343B18F81F19980C0C060379C6C1E0F078361B9878FF0393
:40B880000606040C0C08181810303020603E31B0783C1B18F87C7771F0783C1B18F83C31B0583C1E0F06C73D80C060203231F0FC0000FCFC0006EDE800C0F0707070300706
:40B8C00000E00E00E00C01FFC0000000003FF0C03C038038038030381C1C1C0C02003E71A06030181C1C1C1C0C060300000070381F0C660983C7F33D8F63D8F77CFD806029
:40B900000C01F0040080380700B03606408C3187F88330260680C0FE30CC1B06C1B06C33F8C1B02C0F03C0F06FF00F0C360580C0300C0300C0300C0180604C30F0FE30CCC7
:40B940001B06C0F03C0F03C0F03C0F06C1B0CFC0FFE030180C060301FEC06030180C0603FEFFE030180C060301FCC06030180C0603001F0C660D80C0300C0300C3F03C0D22
:40B980008360CC71F8C1E0F0783C1E0F07FFC1E0F0783C1E0F06FE3060C183060C183060C1833F801FC0C0300C0300C0300C0300C0300C033187C0C0F06C3318CC360F0321
:40B9C000E0CC318C630CC1B06C0CC06030180C06030180C06030180C0603FEC0F03E1F87F3F4BDEF33CCF03C0F03C0F03C0CC0F83E0FC3D0F63CCF33C6F1BC3F0FC1F03C37
:40BA00000C1F063183306C0780F01E03C0780F01B0660C6307C0FE61B0783C1E0F0DFCC06030180C0603001F063183206C0780F01E03C0780F83B067187E03006007C0FE47
:40BA400061B0783C1E0F0DFCC46331986C360F063E31B0580C0781F07C0F01C060381E19F8FFC300C0300C0300C0300C0300C0300C0300C0C0F03C0F03C0F03C0F03C0F0EB
:40BA80003C0F03C19861E080F03C090261984210CC320481E0700C0300C0C0280518A31666CEDBD14A294538E718630C210420C0986610CC320781C0301C078330CC6198DA
:40BAC0006C0C606C08C31861983303C0780600C0180300600C01807FC030180603018060300C060180C070180FFCFF83060C183060C183060C183060FE002018040300806C
:40BB000060300C060180C0301804030080FE0C183060C183060C183060C183FE1830F126784000FFC00C46731E3180603019FD8783C1F1DF60C06030180C06F38D86C1E035
:40BB4000F0783C1E1B8DBC1F0C660B00C0300C0300600C61F00180C0603019ED8E83C1E0F0783C1B0D8E7B1E1C660B03FFF00C0300601C61F00F0C4C26030183F8603018BC
:40BB80000C06030180C0603ED8CC1B06C198C3E180601803F903C0F863F0C06030180C0673CDC3C1E0F0783C1E0F0783183000001F060C183060C183067F060C00000FC188
:40BBC00083060C183060C183060E37C0C0300C0300C0306C3318CC360FC330C630CC1B07F81818181818181818181818181818FFDBBBBCCF33CCF33CCF33CCF33CCCCE7985
:40BC0000B8783C1E0F0783C1E0F0601E0CE61B03C0F03C0F03618CE1E0DE38EC1B03C0F03C0F03C1B8EDE300C0300C001EDC761F03C0F03C0F0361DC71EC0300C0300CCFBB
:40BC400078B8180C06030180C06030001E31D84E07C0F81E0341F18F8038180C1FE30180C06030180C060388F8C1E0F0783C1E0F0783C1B1CF60C0D0260986210CC32078BA
:40BC80001E0300C080508B316624E49596B39C738E308600C1984330581C0301E0D833186C18C0D0261986310CC130681E0300C03008260F007F806030180C030180C0304D
:40BCC000180FFC078606030180C0603030700C030180C06030180603E0FFFFFFFFFFF0180C0C0C0C0C0C0603040C0C0C0C0C0C18F038733870000000000001010C00000030
:40BD0000010003100C04F100070007060B02F1000D000A0F0C01F200200008120B02F10032000B0F0D01F20047000B0F0C01F2005C0003060C05F1005F0007140C03F100F2
:40BD4000710007140C02F10083000A0A0C01F50090000A0A0C01F5009D0004060C03FF00A00008010C02F900A10003020C04FF00A20009110C01F100B6000A0F0C01F20057
:40BD8000C900050F0C02F200D300090F0C02F200E400090F0C01F200F5000A0F0C01F2000801090F0C01F2001901090F0C02F2002A01080F0C02F2003901090F0C01F200CE
:40BDC0004A01090F0C02F2005B01030A0C04F7005F01030D0C04F80064010A0C0C01F40073010A060C01F6007B010A0C0C01F4008A0109100D02F1009C010A0F0C01F20009
:40BE0000AF010B0E0C00F300C3010A0F0C01F200D6010A0F0C01F200E9010A0F0C01F200FC01090F0C01F2000D02090F0C02F2001E020A0F0C01F2003102090F0B01F200B1
:40BE40004202070F0B02F20050020A0F0C01F20063020A0F0C01F2007602090F0C02F20087020A0F0C01F2009A020A0F0C01F200AD020B0F0D01F200C202090F0B01F200FA
:40BE8000D3020B110D01F200EB02090F0B01F200FC02090F0C02F2000D030A0F0C01F20020030A0F0C01F20033030A0F0C01F20046030B0F0C00F2005B030A0F0C01F200F0
:40BEC0006E030B0F0C00F20083030A0F0C01F200960307110C03F100A50309110C01F100B90307110C02F100C80307070C02F200CF030A010C010200D10304060C03F10034
:40BF0000D403090B0C01F600E10309100B01F100F3030A0B0C01F600010409100B01F10013040A0B0C01F600210409100B01F10033040A0F0C01F600460409100D02F100D0
:40BF4000580407100B02F100660407140C02F10078040A100C02F1008C0408100C02F1009C040A0B0C01F600AA04090B0D02F600B7040A0B0C01F600C5040A0F0C01F60059
:40BF8000D8040A0F0C01F600EB04090B0C02F600F804090B0B01F6000505090E0C02F3001505090B0C01F60022050A0B0C01F60030050B0B0C01F60040050A0B0C01F60033
:40BFC0004E050A0F0C01F60061050A0B0C01F6006F0509130C01F200850502140C05F1008A0508130B02F2009D050A030C01F60054B70100F8BC0100207E1A00000001014D
:40C00000060000000100020C0602F400040005040801F4000700090C0A00F4001500070F0A01F30023000D0D1001F30039000C0C0F01F4004B0002040501F4004C00041160
:40C040000701F300550004110700F3005E0005070801F300630009090C01F7006E0004050600FE00710006010700FB00720002020601FE007300070F0C02F3008100070DF3
:40C080000A01F3008D00060C0A01F4009600080C0A00F400A200070C0A00F400AD00080C0A00F400B900070C0A01F400C400070C0A01F400CF00080C0A01F400DB00070D58
:40C0C0000A01F300E700080D0A00F300F40002080601F800F600020B0601F800F90009090C01F700040109050C01F9000A0109090C01F7001501060C0900F4001E010D0CA4
:40C100000E00F40032010D0C0F00F4004601090C0C00F40054010B0C0E00F40065010C0C0F00F4007701090C0C00F4008501090C0B00F40093010D0C0F00F400A7010E0CCA
:40C140001000F400BC01050C0700F400C40105100700F400CE010C0C0E00F400E0010A0C0C00F400EF01100C1200F40007020F0C1000F4001E020D0C0F00F40032020A0C7D
:40C180000C00F40041020D0F0F00F4005A020B0C0D00F4006B02080C0A00F4007702090C0C01F40085020E0C0F00F4009A020C0C0E00F400AC02110C1300F400C6020B0C90
:40C1C0000D00F400D7020B0C0D00F400E8020B0C0D00F400F90203100702F200FF02080D0C01F3000C0303100701F200120309070C01F4001A0309010A0001001C03040392
:40C200000701F4001E0307080A01F8002503080D0B00F300320306080901F8003803080E0C01F200460308090A00F7004F03050D0701F3005803090E0B00F7006803080D51
:40C240000B01F3007503030C0601F4007A03041105FEF4008303080D0B01F3009003030D0601F30095030D081101F800A20308080B01F800AA0307090B01F700B203080D83
:40C280000C01F800BF03080E0B01F700CD0305090801F700D30306090901F700DA03040B0701F500E00308090C01F700E9030A080B00F800F3030E091000F70003040909CB
:40C2C0000A00F7000E040A0D0B00F8001F0408080A00F800270403100701F3002D04010D0C05F3002F0403100701F30060AB0100FCBF0100207E1800007FB4920FF067DD99
:40C300009A2448801309848247F990D9FE2412090C80107ED2D2D0F0FE3F17939396FC10107843310CC83320CD01E40027813304CC23308CC41E0E00980CC06403C01C7D62
:40C34000F119C8C7471C1C7E7CE0FFC01264CCCCCCC4621084623333333264801B43F4180C0300C030FFFFF0C0300C03000766C87FE0DF0008C623188463118C0038DB1EE0
:40C380003C78F1E3C78DB1C019F260C183060C183063F0787ECE8606040C1810207FFF3C7E4686043C3F030383C6F802070382C36131188C7F830183F07F7F40405E7F47C3
:40C3C00003038246780431820DDFF3E3C78D91C0FFFE828404080810303060603CCF9F3F478BA3C78F93C0389B1E3C7CFFBB0C186380DF01BE6D801B5A000081C3C78E0781
:40C4000001E01C038040FFFFC0000FFFFC00701E03C0381C3C70E040007BF8C30842080086180F8304402469999B99B19B327565DF3060F803000C007801E009C027018E07
:40C4400007F8106081C2073E3FFF0C6318C6330FE31CC330CC3319FC0FC60D80E01C0180300600600C00E087E0FFE0C1E3018C03300CC03300CC033018C063061FE0FF8C1E
:40C480002300C0310FC310C0300C1305FEFF984C260311F8C46230180C1F800FE1819805802C00600300181F6033018E0C1F80FCFCC0C3030C0C3030FFC3030C0C3030C032
:40C4C000C3033F3FFCC30C30C30C30C33FFCC30C30C30C30C30C308230FC79830C206203201F00DC06F033C18F0C3DF8F0FC0C0300C0300C0300C0300C1305FEF8079C0745
:40C500000F038582C2E16131309C98468C23C610C308619F33F0F83CE023C08B8227089E223C887A20F881E203BE060FC183180D807C01E00F007803E01B018C183F00FF60
:40C540008C730CC3318DC300C0300C0303F00FC183180D807C01E00F007803E01B018C183F00F01FF401C0FF831C30C30C30833037033833C31C30EFCF3F31B0580F03F08C
:40C580007E0781C0F0CFC0FFE318C4300C0300C0300C0300C0FCFC7CC043010C043010C043010C043010C0418203F0FC3CE04381070C1C203080E4019007801E003000C003
:40C5C000FC43DC18630E10E3C439F10E4C8193A078E81E1E070700C0C03030F073841C81D80F00600700B81B811C21CE0FF06E08E30C40D01A0180300600C0180FC07FE89A
:40C60000390701C0700E0380E01C0705C0FFF0FCCCCCCCCCCCCCF0403008060100C02018040300806010F3333333333333F01C0E0D86C6321B06FF80C30C781831ECD9BFA1
:40C6400037E030180DE7F31D86C361B0988F801CCB160C18181E070180C061F33B0D86C3719FC7703C8F1FFC18381F0CF61863E618618618F83C23F198CC63C101FEFFA04E
:40C68000F0783E33E0E030180DC7F3198CC6633198DE7066602E666666F033301733333333332CE018060180639986C1F06E1BC67BCFE6666666666F6E73FFE63198C66342
:40C6C000198C663198C6F79C2E7F98CC6633198CC6F3803C66C3C3C3C3C3663C2F7F98EC361B0D84C47C30180C0607801F33B0D86C3719FCF6030180C060782FF658618635
:40C7000018F87B2C3C7C78E3F82318CFB18C631E60217398CC6633198CFE3B80718C4310EC1A0781C030F99E6318C7219643AD839E071C0C381820E1990F0381C0F0D84E2F
:40C74000C380F3B09C464321E07030080404120E007F460E1C183071FF18C30C30C31030C30C30C180FFFFFFC060C30C30C30230C30C30C6000000000000010106000000FE
:40C780000100030C0601F400060007060800F4000C00090C0A00F4001A00080F0A01F30029000E0C1101F4003E000D0C1001F400520002060501F4005400040F0701F300B6
:40C7C0005C00040F0701F300640006050901F40068000A0A0C01F600750004060600FD00780006020700FA007A0003030601FD007C00050D0600F3008500070C0A01F4003E
:40C800009000070C0A01F4009B00080C0A01F400A700080C0A00F400B300090C0A00F400C100080C0A00F400CD00070C0A01F400D800080C0A01F400E400070C0A01F40096
:40C84000EF00070C0A01F400FA0003080601F800FD00030B0600F8000201090A0C01F6000E0109060C01F8001501090A0C01F6002101060C0901F4002A010C0C0E01F400CA
:40C880003C010E0C0F00F40051010A0C0D00F40060010B0C0E01F40071010E0C1000F40086010A0C0C00F4009501090C0B00F400A3010D0C1001F400B7010E0C1000F400CB
:40C8C000CC01060C0800F400D50106100800F400E1010D0C0F00F400F5010A0C0C00F4000402110C1300F4001E020E0C1000F40033020D0C1001F40047020A0C0C00F40051
:40C9000056020D0F1001F4006F020C0C0E00F4008102090C0C01F4008F020A0C0D01F4009E020E0C0F00F400B3020E0C0F00F400C802120C1300F400E3020C0C0D00F40035
:40C94000F5020B0C0D00F40006030B0C0D00F4001703040F0701F3001F03090D0C01F3002E03040F0701F300360309070C01F4003E0309010A000100400305030700F40002
:40C98000420307080A01F8004903090C0C01F400570307080901F8005E03090C0C01F4006C0307080A01F8007303060D0801F3007D03090E0B01F7008D03090C0C01F40096
:40C9C0009B03040D0701F300A20304120700F300AB030A0C0C01F400BA03040C0701F400C0030E091101F700D00309090C01F700DB0308090B01F700E403090E0C01F7008A
:40CA0000F403090D0C01F800030406090801F7000A0406090901F7001104050C0701F400190409090C01F70024040A080B00F8002E040F091000F7003F0409090A00F70077
:40CA40004A04090D0B00F800590408080A00F8006104060F0700F2006D04020D0C05F3007104060F0700F200F8C2010078C70100207E180000555507B6DA121212FF2424F7
:40CA80002424FF48484808081C6A484848300E121112D23C1010605312224488A1A809705112244488A0E01C044088100200601224248290230A1E30F82529249224889186
:40CAC0002449252520274DD20010101010FF10101076F0700420821042084104208018668281818181818181423C10C52410410410413F1866428102020408102040FF1834
:40CB000066428202061E020181423C020101814121108884FF810080403E4102040F808102060BE004080810207E42818181423CFF010202040408081010206018664282D5
:40CB400042667E828181423C1866828183661E04081810207001C07001D806308603018080FF00FFC0C08119880074421088840008C01F8206402479889911911912932414
:40CB8000CC20018E070004008028050120220441043F8809014030F90A0C1830BF4183060FE00E0C74010080200802008010020C7CFC20C80A02806018060180A02813F811
:40CBC000FF020408103F40810207F0FF020408103F40810204000F0C3401008020080207805012047E80C06030180C07FF0180C0603010FFF008421084210843E0814121C0
:40CC0000110905038120884220903082082082082082083F80300701D05A0B22644C518A308600C01080C07034190C86230984C16070100E06310120180300600C018028D4
:40CC400008820F80F11A0C1830A378810204000E031840440280280280280280240420C1F80040020030F8848282828CF09088848281388E040406030102061BC0FFC2000B
:40CC800080200802008020080200802081818181818181818181423C80280901204208410440880A01403002008081408141814142224222222224142414141418081808A9
:40CCC000088050221044120300C0281108440B018050241084120500C0200802008020FF01020604081010204080FFF2492492493882081040820410408204E49249249227
:40CD000078103061245840FE89803320417E186374810204CE7860C183070DE0388A04081020233C020409D47060C1830519D0388A0C1FF020213C1C823F208208208208E4
:40CD40003E8A1424CE2020FF060BE0810204CE5860C183060C10B2AAAA23022222222222E081020438922870B1323430AAAAAA919DCA10C2184308610C21842099CB0C1878
:40CD80003060C182388A0C183060A13C99CF0C183060E1FD0204003A8E0C183060A33A0408109F31084210803661070431704211E421084212E083060C183060A33A81417B
:40CDC0004222242414180882142146145225229228C10C10808242242810182442C3814142222224141808101030FC1084208420FC7444444C44444430FFFFC22244434400
:40CE00002224800000000101070000000100020C0601F400040003050701F4000600080C0B01F400120008100B01F20022000B0C0E01F40033000B0C0D01F40044000105FD
:40CE40000501F4004500030F0601F3004B00030F0601F300510005050901F400550008080B01F6005D0002040501FE005E0004010801FB005F0002020601FE006000060DA7
:40CE80000901F4006A00080C0B01F4007600060C0B02F4007F00080C0B01F4008B00080C0B01F4009700090C0B00F400A500070C0B01F400B000080C0B01F400BC00080C44
:40CEC0000B01F400C800080C0B01F400D400080C0B01F400E00002090601F700E300020B0601F700E60007070B01F700ED0008030B01F900F00006070B02F700F600050C9B
:40CF00000901F400FE000C0D0F01F50012010B0C0C00F4002301070C0C02F4002E010A0C0D01F4003D010A0C0E02F4004C01070C0B02F4005701070C0B02F40062010A0C8F
:40CF40000E01F4007101090C0E02F4007F01010C0602F4008101050C0900F4008901090C0C02F4009701060C0A02F400A0010B0C1002F400B101090C0E02F400BF010B0C5F
:40CF80000F01F400D001070C0B02F400DB010C0F0F01F400F201080C0B02F400FE01070C0A01F40009020A0C0B00F4001802080C0E02F40024020B0C0C00F4003502100C92
:40CFC0001200F4004D020A0C0C00F4005C020A0C0B00F4006B02080C0C01F4007702030F0702F3007D02060D0901F4008702030F0701F3008D0207060B01F40093020701EB
:40D0000009000100940203030802F400960206090A01F7009D02070C0B01F400A80207090901F700B002070C0B01F400BB0207090A01F700C302060C0700F400CC02070CEF
:40D040000A01F700D702070C0B01F400E202020C0501F400E502040F05FFF400ED02070C0901F400F802020C0501F400FB020B090F01F700080307090B01F7001003070989
:40D080000B01F7001803070C0B01F7002303070C0B01F7002E0305090801F700340305090901F7003A03050C0701F400420307090B01F7004A0308090A00F70053030C090F
:40D0C0000E00F700610308090900F7006A03080C0A00F700760306090901F7007D03040F0701F300850301100602F3008703040F0701F30074CA010004CE0100207E14002D
:40D1000000FF60999912123F242424FC2448481047B183070604185E1060891091092092E95B69109111111120E0304848587061F39A8ECE79F00929249224880922492490
:40D14000A4A0255CE5002109F21080D8E0C00044210884221084420079286186186149E0E10842108427C079981020C1041041FC7910433030418DE018628A4A2FC2082094
:40D180007E0820F830418DE0390C20BB18614CE0FC20841042082080391451392861C5E07328618DD04309C0C3C1C0003720E07040FC0000FC0303811F880074421110847E
:40D1C00001080F83066024718919119119328DC4006001F018181C242424667E42C381F91A1428DF21C1830FF03CC70408102040C0C4F0F8868281818181818286F8FE0836
:40D200002083E820820FC0FE082083E8208208001E6140808087818141611E8181818181FF8181818181FFE008421084210C5C871A648B1E3644850E088421084210843EDC
:40D24000C1E0F0745A2D16532988C4602081C1E1A1919989858783813C4242818181818142423CFD0E0C187F20408102003C42428181818181C3423C180C07FC86828286EA
:40D28000FC888C8486823E634040301E070101C33CFE204081020408102040818181818181818181423C81814242422424243818188618618614D24D249249258A38C30CEE
:40D2C00030C04362243418181C2426424382891362850408102040FE0830418208304183F8F249249249C08104102082041020820400E492492493C030C3124A30FFCC78D5
:40D30000104FC618DD810205EC5060C1838AE079082082041E04105F46186187374039387F82040E3444E44444447F9A142CCF203E830713C082082EC61861861840BFC0A9
:40D34000209249249E8208229ACA349A28C0AAAAACB9D8C610C2184308610C21BB1861861861388A0C1830511CBD8A0C1830715C8102007D1861861CDD041040BC88888852
:40D380007420C3863E44F44444438618618618DDC28D1322450E0C8630C529252494528A618C44C8A0C3851123C28911228706081061807C308430843F6924944924C0FF0C
:40D3C000FFC92491492580E07000000000000101030000000100010B0501F600030004040701F6000500080A0800F7000F00060D0801F50019000C0B0D01F6002A00080BB4
:40D400000A01F600350001040401F6003600030F0501F5003C00030F0500F500420005050701F500460005070801F8004B000204040100004C0003010501FC004D00010297
:40D440000401FF004E00050F0600F5005800060A0801F7006000050A0802F7006700070A0800F7007000060A0801F7007800060A0801F7008000060A0801F7008800060ACC
:40D480000801F7009000060A0801F7009800060A0801F700A000060A0801F700A80001080401F900A900010B0401F900AB0006070801F800B10006050801F900B5000607D9
:40D4C0000801F800BB00050B0701F600C2000C0C0E01F700D400080B0900F600DF00070B0901F600E900070B0901F600F300080B0A01F600FE00060B0801F6000701060B82
:40D500000801F6001001080B0A01F6001B01080B0A01F6002601010B0401F6002801050B0801F6002F01070B0901F6003901050B0801F6004001090B0C01F6004D01080BED
:40D540000A01F6005801080B0B01F6006301070B0901F6006D01080E0B01F6007B01080B0901F6008601080B0900F6009101070B0901F6009B01080B0A01F600A601080B0A
:40D580000800F600B1010C0B0D00F600C201080B0800F600CD01070B0800F600D701070B0901F600E101030E0502F500E701060E0600F600F201030E0501F500F80106061A
:40D5C0000801F600FD01080108000200FE0103020903F600FF0106080801F9000502070B0901F6000F0206080701F9001502060B0901F6001E0206080801F9002402040C3E
:40D600000501F5002A02070C0801F9003502060B0901F6003E02010A0401F7004002030D04FFF7004502060B0801F6004E02020B0401F60051020B080D01F9005C0206084B
:40D640000901F900620207080901F9006902070B0901F9007302060B0901F9007C0204080601F900800205080701F9008502040A0501F7008A0206080901F900900207083E
:40D680000700F90097020B080B00F900A20207080700F900A902070B0700F900B30206080700F900B902030E0501F500BF0201100401F500C102030E0501F500C702060254
:40D6C0000801FB0000D10100CCD30100207E150000FFFFCFC0DEF7BD802222FFFF2222FFFF444444443061F62C1838381C1C1838FF9E187810FC20CC20CC40CC9CCCBECDFB
:40D70000777A63326304630863087F103E1E03E0CC198360380E1B62C6D8738F3FB3C2FFC0112264CCCCCCC4622100884462333333326448001021F1C2888030C33FFCC3F6
:40D740000C3336C0FFFC00030606060C0C0C181818303030606060C0003C7E66C3C3C3C3C3C3C3C3667E3C71C30C30C30C30C33FFC3C3F31C06030180C0C06060606030379
:40D78000FC1E1F98E030181C381E0380C0603C31F0060E1616264686FFFF060606063F180C07C3F11C06030180F0C7801F1898180CE6FB8F83C1F0D8EFE1E0FE0C1060839F
:40D7C00006083060C1801C3E636363321C2EC3C3C3E37E3C3C7EE6C3C3C3E77F3B0302064478FC03F0FC00FF8000071CF0C0701E03FFFF0000FFFF00E0380F030E70C07D65
:40D800000C1830C304180000C1830003F00FF81C1C380670066383E7A3C663CC63CC63CC66CFFEE738700038001FE007C00E0140280D81B0220C618C3F8FF983306C06FC50
:40D840007FB0D86C37E3FD87C1E0F0FFEFE00F0FE70980C0300C0300C018070CFE0F00FE3FCC3B07C0F03C0F03C0F06C3BFCFC00FF83060C183F60C183060FE0FF83060C03
:40D88000183F60C183060C001F0FE70B80C0300C3F03C0D8370CFF1F00C0F03C0F03C0FFFFFF03C0F03C0F03C0C0FFFFFFC003030303030303030303C77E3CC1B0CC631834
:40D8C000CC370FC398C230CC1B06C0C0C183060C183060C183060FE0E0FC1F83F87D17A2F45E53CA794F11E23C06C0F83F0F43D8F23CCF13C6F0BC3F07C0C01F83FC70E6B0
:40D9000006C03C03C03C03C0360670E3FC1F80FE7FB0F83C1E1FF980C06030180C000F03FC70E606C03C03C03C03C03C0360670E1F806003001FFE7FB0F83C1E1BF998C620
:40D940006330D86C181F0FE70980600E00F00E00C0361DFE1F00FF181818181818181818181818C0F03C0F03C0F03C0F03C0F03619FE3F00C0680D8330620C630C608C195D
:40D9800003602C0700E0C103C1834386628662866246664C244C344C342C3C3838381838609863104C1A0380C078120CC2198640C0C0D8261884330481E0300C0300C03046
:40D9C0000C007F8180C0C060606030301018180FF8FB6DB6DB6DB6E08080404020201010100808040404020201EDB6DB6DB6DBE018382424664242FFFFF0C8803C7E031F57
:40DA00007FE3C3C7FF7BC0C0C0C0DCE6C3C3C3C3C3C3E6FC1E3F60C0C0C0C0C0611E0180C06033FB1D8783C1E0F0783639EC3E3FB07FFFFE0300C27F0F003DF61863CF1863
:40DA40006186186186003F9FEE630CC339C7E370FF9FFC0F07FF9F80C0C0C0C0DEE3C3C3C3C3C3C3C3C3F0FFFFF03300333333333333FEC0C0C0C0C3C6CCD8D8FCE4C6C319
:40DA8000C3DB6DB6DB6CC0DE773CF0C7863C31E18F0C7863C31E18C0DEE3C3C3C3C3C3C3C3C31C3F98D83C1E0F0783631F00DCE6C3C3C3C3C3C3E6FCC0C0C0C03DB1D878C6
:40DAC0003C1E0F0783639EC06030180CDFEE30C30C30C30079FB16070381C3FCF0618FBE6186186187CFC3C3C3C3C3C3C3C3C77BC1A0D84C623190582C1C0600C70F1C3607
:40DB00007899A666989A436D0F143C60718063318D8281C0E0D04C632080C1E090CC622130D8281C0E06070F0700FFFC3041061820FFFC198C6318DCE18C6318C618FFFFF1
:40DB4000FFFFFFC318C631873B18C6318CC060F18F06000000000101040000000100020D0602F400050005050902F3000900080C0A01F500150007100A02F2002300100D2D
:40DB80001001F4003D000B0D0C01F4004F0002050502F300510004130602F2005B0004130601F200650007060801F3006B0006080A02F600710004050501FF00740004020B
:40DBC0000601FB00750002030501FE00760008130700F2008900080E0A01F3009700060D0A03F400A100090E0A01F300B100090E0A00F300C100080D0A01F400CE00090CA0
:40DC00000A00F500DC00090D0A01F400EB00070C0A02F500F600080E0A01F3000401080E0A01F3001201020A0501F7001501020D0401F700190108080A01F600210108063A
:40DC40000A01F700270108080A01F6002F01070D0801F4003B0110111101F3005D010B0D0B00F4006F01090D0C02F4007E010A0D0B01F4008F010A0D0C02F400A001070DD5
:40DC80000B02F400AC01070D0A02F400B8010A0D0C01F400C9010A0D0D02F400DA01020D0502F400DE01080D0A00F400EB010A0D0C02F400FC01070D0A02F40008020B0DDE
:40DCC0000F02F4001A020A0D0D02F4002B020C0D0D01F4003F02090D0C02F4004E020C100D01F4006602090D0C02F40075020A0D0B00F4008602080D0B02F40093020A0D83
:40DD00000D02F400A4020B0D0A00F400B602100D1000F400D0020A0D0A00F400E1020A0D0A00F400F202090D0B01F400010303110602F300080308110700F3001903031101
:40DD40000601F300200308070A01F40027030A020A0002002A0303030B03F3002C03080A0A01F7003603080E0B02F3004403080A0901F7004E03090E0B01F3005E03090A3B
:40DD80000A01F7006A03060F0601F20076030A0E0A01F7008803080E0B02F3009603020E0501F3009A0304120500F300A303080E0A02F300B103030E0502F300B7030D0A1A
:40DDC0001102F700C803080A0B02F700D203090A0B01F700DE03080E0B02F700EC03090E0B01F700FC03060A0702F7000404070A0801F7000D04060C0701F5001604080AD5
:40DE00000B02F7002004090A0900F7002C040E0A0E00F7003E04090A0900F7004A04090E0901F7005A04070A0801F700630405110600F3006E0402140502F20073040511AC
:40DE40000602F3007E0408040A01F800D0D6010054DB0100207E1A0000FFFF0FDEF7BD80244897F24DBFA44891201831F72C18180C0E0C1C37C3007843210CC83320CD031F
:40DE800035E7ACC13304CC233084841E1E0660CC198160301E1F22C2D8718F1F30FFC012264CCCCCC462218446233333326448213EED8030C33F30C3003364F0F0000810C8
:40DEC00020810208104081040820003C6642C3C3C3C3C3C342663C718C6318C631BE788C060606060C0C1830207F3C66030303060C030303C67C0C18F164D1A37F0C183010
:40DF00007E606040FC46030303C67C3E6260C0DCE7C3C343663CFC218430C2186186003E636363321C2EC3C3C3633C3C66C6C3C3C3673B0306467CF00FF003F8000CE60C85
:40DF4000070380FE00000FE00180E0306738007B30C308410C00030C07C060C3019807670F323D88F623D88B666CEF18006000E000F8000C0301E048120CC330FC61986402
:40DF80000B03FCC6C6C6C4F8C6C3C3C3C6FC1F18D8080C06030180C0300C63E0FC6330D83C1E0F0783C1E1B19F80FF0C30C3EC30C30C3FFF0C30C30FF0C30C301F8C2603C8
:40DFC00000C0300C1F03C0D8330C7EC1E0F0783C1FFF0783C1E0F07830FFFFFF060C183060C183060F33C0C16131998D87E3B1CCC261B05830C30C30C30C30C30C3FC0F806
:40E000007E1F87D2F4BD2F33CCF33C0F03C1F0F87A3D1E4F278BC5E1F0F8301E1CE61B03C0F03C0F03C0D8633078FCC7C3C3C3C6FCC0C0C0C0C01E1CE61B03C0F03C0F03E4
:40E04000C0D86618FC0C01803CFCC7C3C3C3C6FCC8CCC6C6C33CE2C0C060380E070303C67CFF1818181818181818181818C1E0F0783C1E0F0783C1E0D8C7C0C0D036198619
:40E08000218CC3304C160780E030C30F0C343099C6649992664909243870E1C3860E1841318886C1C0607028361198C83040986210CC120780C0300C0300C030FF0206044A
:40E0C0000C1810306060C0FFFB6DB6DB6DB70102020404080810202040408101EDB6DB6DB6DF1050A36448B180FF80C8807C8C18F678F1E776C06030180DE71B0783C1E00C
:40E10000F07C6DE01EC5060C1830311E030303033F63C3C3C3C3C3673B3C66C3C3FFC0C0623E398618F18618618618607F623198CEC3C301807F60F07867C0C0C0C0C0DEA4
:40E14000E3C3C3C3C3C3C3C3C3FFFF300333333333333EC0C0C0C0C6C4C8D8F8ECC4C6C3DB6DB6DB6EDE771CF0C7863C31E18F0C7863C318DEE3C3C3C3C3C3C3C33C66C3CC
:40E18000C3C3C3C3663CDE71B0783C1E0F07C6DE6030180C003F63C3C3C3C3C3673B030303DF318C6318C07D8B0703C1C1C37C618F186186186183C0C3C3C3C3C3C3C3C7E5
:40E1C0007BC14362622634341C18C21E38D94CCA665314D0E2871C38C04266341C183C24664241A098C46221B058280C0606020600FC3184318430FC198C6318D8318C6327
:40E2000018C3FFFFFFFFFCC318C631836318C63198E33C0000000101040000000100020C0502F500040005050802F4000800070B0901F6001200070E0901F4001F000E0CF8
:40E240000F01F50034000B0C0B01F500450002050402F400470004100501F4004F0004100501F400570005050801F4005B0006070902F800610004040400000063000401B7
:40E280000601FC00640002020401FF00650007100600F4007300080C0901F5007F00050B0902F6008600080C0901F5009200080C0901F5009E00070B0901F600A800080BBA
:40E2C0000901F600B300080B0901F600BE00060B0902F600C700080C0901F500D300080C0901F500DF0002080401F900E100020B0401F900E40007080901F700EB0007050A
:40E300000901F900F00007080901F700F700060C0801F50000010E0F0F01F5001B010A0C0A00F5002A01080C0B02F5003601090C0A01F5004401090C0B02F5005201060C31
:40E340000902F5005B01060C0902F50064010A0C0B01F5007301090C0C02F5008101020C0502F5008401070C0901F5008F01090C0A02F5009D01060C0902F500A6010A0CF1
:40E380000D02F500B501090C0C02F500C3010A0C0C01F500D201080C0A02F500DE010A0F0C01F500F101080C0A02F500FD01080C0A01F5000902080C0A01F5001502090C69
:40E3C0000C02F50023020A0C0900F50032020E0C0E00F5004702090C0900F50055020A0C0900F5006402080C0A01F500700203100502F400760207100600F40084020310AD
:40E400000501F4008A0207070901F5009102090109000200930203030A03F400950207090901F8009D02090D0A01F400AC0207090801F800B402080D0A01F400C10208094B
:40E440000901F800CA02060D0501F400D402090D0901F800E302080D0A01F400F002020C0401F500F30204100400F500FB02080D0901F4000803030D0501F4000D030D0993
:40E480000F01F8001C0308090A01F800250308090A01F8002E03090D0A01F8003D03080C0A01F800490305090601F8004F0307090801F8005703060B0601F60060030809AC
:40E4C0000A01F800690308090800F80072030D090D00F800810308090800F8008A03090D0800F800990306090801F800A00305100500F400AA0302130402F300AF030510F5
:40E500000501F400B90307020901FA0058DE010014E20100207E180000FFD53FCF3CF3CC244BFFF25FFFA44891201831FE2C1C1E0E0E0E1FF7C3007843F10CC83320CD7B31
:40E5400035E7ACDEB304CC13308FC21E3C1F8661986C0E078F76CF31E7FCF3FFC03266CCCCCCCC6623C46633333333664C1021F1C2850030CFFF30C03336C0FFFC001082C5
:40E5800018410C3082184108003C7E66C3C3C3C3C3C3667E3CF3C30C30C30C33FFC078FCCE0606060C183070FFFF3E7F2303071E1E030343FE3C0E1E1E366646FFFF060669
:40E5C000063E3E30606C7E070303477E3C1E7F62C0DCFEE3C3C3677E3CFFFC10608306083060C18038FB1E3E6F9F63C78DF1C038FB363C79DFBB061BF3C0FC0FC0FC03FEC8
:40E60000010F3CE0E07C0F01FFFF0000FFFF00E07C0F0F7CE08079FD1830E386183000C1830007C0FF8E0CE6B67CE767333991CC9E7FB998C007841FE03E000C0781E048FC
:40E64000330CC331FE7F986C0F03FCFEC6C6FCFEC7C3C3C7FEFC1E1FDC5C0C06030180E0309FE3C0F8FEC6C3C3C3C3C3C3C6FEF8FFFF060C1FBF60C183FFF0FFFF060C1F2F
:40E68000BF60C18306001E1FDC4C0C06031F8FC1B0DFE3E0C3C3C3C3C3FFFFC3C3C3C3C3FFFFFF060C183060C183068DF1E0C36333998D87C3F1DCC663B0D830C30C30C382
:40E6C0000C30C30FFFE0F87E1FC7F3F4BD2F7BCCF33CCF03C3E3E3F3D3DBDBCBCFC7C7C31E1FE61B87C0F03C0F03E1D867F078FCFEC3C3C3C7FEFCC0C0C0C01E0FF1867063
:40E70000EC0D81B03606C0CC30FC0F00E00F80F8FC7F31D86C363BF9F8CC6331D8601E1FD84C0701F03C0701B0DFC7C0FFFF18181818181818181818C1E0F0783C1E0F0741
:40E7400083C1F1DFC7C0C0F0361986618CC330CC1E0781E070C38F0E3E38D8E266D99B664D9D363CD0F1C3C70E1C6198C330D81E0701C078370CC6398661986330CC1A07D3
:40E7800080C0300C0300C030FFFF060E0C18383060E0FFFFFB6DB6DB6DB701010202040C0810302040408101EDB6DB6DB6DF1870A36648F180FFFFC0C9803DFC18F7FCF16B
:40E7C000FF76C0C0C0DCFEC7C3C3C3C7FEDC3CFF860C18383F3C0303033B7FE3C3C3C3E37F3B3CFE1FFFF0303E3C3BD8CF798C6318C6007FFFC6C67E7CC0FE7FC3C3FE7C5A
:40E80000C0C0C0DEFFE3C3C3C3C3C3C3F3FFFF33033333333333FEC0C0C0C0C6CCDCD8F8ECCCC6C7DB6DB6DBB0DE77FFF8E7863C31E18F0C7863C318DEFFE3C3C3C3C3C32F
:40E84000C33C7EE7C3C3C3E77E3CDCFEC7C3C3C3C7FEDCC0C0C03B7FE3C3C3C3E37F3B0303DFF98C6318C07BFC387838FF78618FBE61861861E3C0C3C3C3C3C3C3C7FF7BFD
:40E88000C1B198CC6361B0D8381C00C31E1CD9E4CB665B3AD8F3871C38E06376361C1C3C366663C3C3C666662C3C3C181830F0E0FDF870C30C387FFE198C6318DCE18C63B9
:40E8C00018C3FFFFE0C318C631873B18C6319860F29E0C0000000101040000000100020C0602F500040006050901F5000800070B0901F6001200070E0901F4001F000E0C90
:40E900000F01F50034000A0C0C01F500430002050501F500450004100601F4004D0004100601F400550007060800F4005B0006060902F800600004050501FF0063000402F2
:40E940000601FB00640002030501FE00650006100600F4007100080C0901F5007D00060B0902F6008600080C0901F5009200080C0900F5009E00080B0900F600A900080CF6
:40E980000900F500B500080C0901F500C100070C0901F500CC00070C0901F500D700070C0901F500E20002090501F800E500020C0401F800E80008080901F700F000080625
:40E9C0000901F800F60008080901F700FE00070D0800F4000A010D0F1001F50023010A0C0A00F5003201080C0B02F5003E01090C0A01F5004C01080C0B02F5005801070C2E
:40EA00000A02F5006301070C0902F5006E01090C0B01F5007C01080C0C02F5008801020C0502F5008B01070C0900F5009601090C0B02F500A401060C0902F500AD010A0CEC
:40EA40000D02F500BC01080C0C02F500C8010A0C0C01F500D701080C0B02F500E3010B0F0C01F500F801090C0B02F5000602090C0A00F5001402080C0A01F5002002090C62
:40EA80000C01F5002E020A0C0A00F5003D020E0C0E00F50052020A0C0A00F50061020A0C09FFF5007002080C0A01F5007C0203100602F400820207100600F4009002031087
:40EAC0000601F400960207070901F5009D02090209000100A00203030A03F400A20207090901F800AA02080C0A01F500B60207090801F800BE02080C0A01F500CA0207092A
:40EB00000902F800D202050D0601F400DB02080D0901F800E802080C0A01F500F402020C0501F500F702041005FFF500FF02080D0901F4000C03030C0501F50011030D09A3
:40EB40000F01F800200308090A01F800290308090A01F8003203080C0A01F8003E03080B0A01F800490305090701F8004F0306090801F8005603060B0601F6005F030809DD
:40EB80000A01F800680309090900F80073030D090D00F800820308090900F8008B03080D0901F800980307090801F800A00305100600F400AA0301130502F300AD03051029
:40EBC0000601F400B70308040901F90018E50100D4E80100207E180000FFFFFF1FF0E7E7E7E7E742244BFFF24DBFFF48912018187EFFE2E0F07C1E0F07C7FE7C1818782192
:40EC0000F8C33106660CC999B79ED99933066608CC31F841E00E01F03B03B03E01C77C7F6EE7CE3E7FF3E3FFFE80199CE6739CE738C738C3C31CE31CE739CE6739981023A7
:40EC4000FBE38D8000181818FFFF181818DF97A0FFFF800086318C463188463188463188003C7E66E7E7E7E7E7E7667E3C79E38E38E38E3BFFC03C7F11C0E07038383C1C6C
:40EC80001C1FEFF01E3F88E07078F07C0703A1FFC7C00E1E3E2E6ECEFFFF0E0E0E3F1F9C0E07E3F80E0743FF8F801E7F72E0E0EEFFE7E7E77E3CFFF08618C31C71C7003C99
:40ECC0007EE7E7F77C7EE7E7E77E3C3C7EE6E7E7E77F37070EFE7CFF803FE0FF803FE5E8030F7EF0F07E0F03FFFF0000FFFF80F07C0F0F7CF0803CFF47070E1C3838003858
:40ED0000383807E07FC3C19C0263E79F9CEC7331CCCF3DEE7718007800FF00FC000E03E06C0D83B8770C63FE7FCE3B83F070FE3FEE3B8EE3BFCFFB87E1F87FFBFC1F0FE7BF
:40ED400011C0E0380E0380F01C63FC7CFE3FCE3B87E1F87E1F87E3F8EFF3F8FFFF870E1FBF70E1C3FFF0FFFF870E1FBF70E1C387001F0FF71380E038FE3F87F1DC73FC7EE5
:40ED8000E1F87E1F87E1FFFFFF87E1F87E1F87FFFFFFFFF007070707070707070747FE3CE3B8CE73B8FC3F0FE3DCE738EE3B87E1C3870E1C3870E1C3FFF0F0FF0FF0FF9FC0
:40EDC000F9FF9FEF7EF7E67E67E67E07E1FC7F1FE7F9FB7EDF9FE7F8FE3F871F07F1C7707E0FC1F83F07E0EE38FE0F80FF3FEE3F87E1F8FFFBFCE0380E03801F07F1C770C8
:40EE00007E0FC1F83F07E0EE38FE0F80700FC078FF3FEE3F87E1F8FFFBFCE738EE3B873E3FB8DC0F83F0FC0F03A1FFCFC0FFFCE1C3870E1C3870E1C0E1F87E1F87E1F87EAF
:40EE40001F87E1DCE7F8FCE1F87739CE738CC330FC1E0781E070E38FC71F8E331CE77DCEDB9DB73B6C34D879F0F1E1E3C071DCE338EC1F0781E07C3F0CE73B8760CE38C67B
:40EE80001DC1B03E07C0700E01C0380700FFFF060E1C1C383070E0FFFFFFCCCCCCCCCCCCFF088CCC4446666222333120FF333333333333FF38383C6C6666C6FFFFC0633CEC
:40EEC0007E471F7FE7E7FF7FE070381C0EE7FB8FC7E3F1F9FFEDE01E7EF0E0E0E0F27E3E070707073F7FE7E7E7E7E77F3F3C7EC7FFFFC0E07E3E1DF71CFBE71C71C71C701E
:40EF00003FFFF9DCE7F3E180FE7FF1F8FFE7E0E070381C0EF7FF8FC7E3F1F8FC7E38FC7FFFFFF039C0739CE739CE739FFEE070381C0E773BB9F8FC7F399CEE38EEEEEEEE29
:40EF4000EEEF70FE7BFFFE71F9C7E71F9C7E71F9C7E71CEF7FF8FC7E3F1F8FC7E3803E3FB8FC7E3F1F8EFE3E00FE7FB8FC7E3F1F9FFEFE70381C003B7FE7E7E7E7E77F3F14
:40EF8000070707EFFF38E38E38E07DFF9787C3D3FF7C71CFBE71C71C71F3C0E7E7E7E7E7E7E7FF7FC3F1B9CCE663B0F8783C00E31F8E77799DEE77B8D3C3CF0F3C3CF07336
:40EFC000BB8F87C1C1F0D8EE6380E3B1DCC66371F078380C0E1E0E00FFFC71C38E387FFE3BDCE318DEF18CE739E7FFFFE0E79CE6318F7B18C73BDC72FF8E000000000101D6
:40F00000040000000100030C0601F500060008060A01F5000C00070B0A01F600160008100901F30026000F0C0F00F5003D000C0C0C00F5004F0003060501F500520005100D
:40F040000601F4005C0005100601F400660007070800F4006D0008080901F700750003070501FE00780004020601FB00790003030501FE007B0005160600F1008900080C8B
:40F080000A01F5009500060B0902F6009E00090C0901F500AC00090C0900F500BA00080B0901F600C500090B0900F600D200080C0A01F500DE00060B0902F600E700080CC2
:40F0C0000A01F500F300080C0A01F500FF0003090501F8000301030D0501F800080108080A01F700100108060901F800160108080A01F7001E01080C0800F5002A010E0F11
:40F100001001F50045010B0C0A00F50056010A0C0B01F50065010A0C0A01F50074010A0C0B01F5008301070C0A01F5008E01070C0901F50099010A0C0B01F500A8010A0C4F
:40F140000C01F500B701030C0501F500BC01080C0900F500C8010A0C0B01F500D701070C0901F500E2010C0C0E01F500F4010A0C0C01F50003020B0C0C01F50014020A0CDC
:40F180000B01F50023020B0F0C01F50038020A0C0B01F5004702090C0A01F5005502070C0A02F50060020A0C0C01F5006F020A0C0A00F5007E020F0C0F00F50095020A0CA7
:40F1C0000A00F500A4020B0C09FFF500B502080C0A01F500C10204100602F400C90204160601F100D40204100601F400DC0208070A01F500E302090209000200E602040220
:40F200000A02F500E70208090A01F800F002090D0A01F400FF0208090801F8000803080D0A01F400150308090901F8001E03060D0601F4002803090D0A01F8003703090DA9
:40F240000A01F4004603030C0501F5004B03051005FFF5005503090D0A01F4006403040D0501F4006B030E090F01F8007B0309090A01F800860309090A01F8009103090C9A
:40F280000A01F8009F03080C0A01F800AB0306090701F800B20307090801F800BA03060B0701F600C30308090A01F800CC0309090901F800D7030E090E00F800E703090993
:40F2C0000900F800F203090C0900F800000407090801F800080405100601F400120401130502F300150405100601F4001F0408030901FA00D8EB0100FCEF0100207E1800EC
:40F3000000FFFFCFFFF0323236FF262464FF644C4C4C08083E7E6868683C1E0B0B4BFE3C0808E34A97408204172A952C703C0FC1983303C070130636C39C71FF1E60FC22BA
:40F3400064CCCCCC46228462333333264827C9F200180C06030FFFFC60301800F8FFC0F00C218610C20861043039FF1E3C78F1E3C78FF9C07FB33333333338FB1E30618693
:40F380001870C3FFF079FF1833C78383079FF3C00C181830306666C6FFFF0606FFFF07EFD8C183078FF1C01830C1860F3F63C78F3FE300FFFF1E60C1860C3060C3007DFF45
:40F3C0001E37CFBBE3C7DDF1C07DCF1E3C7FDF061830C180F0F0F0F80081C78E0C0380700F0080FFFFC01FFFF880700F00E0183871E080007BFCF30C638C30030C0FC1FFF0
:40F400001FDDF1FF89F84FC67E267FC3838FF81F000C01C0380D81B0620C61FC7F8C19836030FE7FF0783C3FFBFD83C1E0FFDFC03E3FB8F83C06030180C1F1DFC7C0FE7F54
:40F44000B0F83C1E0F0783C1E1FFDFC0FFFFC0C0C0FEFEC0C0C0FFFFFFFFC0C0C0FEFEC0C0C0C0C03E3FB8F80C063F1F83C1F1DFC7C0C1E0F0783C1FFFFF83C1E0F07830E9
:40F48000FFFFFF060C183060C183061FF3C0C1B0CC6330DC370FE398C330CC1B07C0C0C0C0C0C0C0C0C0C0FFFFC07C1F83F0FF1FE3F6DEDBCE79CF01E030C1F0F87E3D9E06
:40F4C000CF379BC7E1F0F8303E3FB8F83C1E0F0783C1F1DFC7C0FE7FB0F83C3FFBF980C0603018003E1FCE3B06C1B06C1B16CFB8E7FCFBFE3FCC1B06C3BFCFE318C630CCE0
:40F500003B061F0FF70980600F80F80300D877F87CFFFFC6030180C06030180C060300C1E0F0783C1E0F0783C1F1DFC7C0C0D0661986230CC330581E0780C030C30D8C3620
:40F5400038D8E366989B634D8F363C7071C1870608E198C330D81E0701C078361CC61B06E1D86330CC1E0780C0300C0300C030FFFF06060C18183060E0FFFFFCCCCCCCCCB0
:40F58000CCCFC10418208304186083F333333333333F080C05068263110D82FF80E6303CFC1BFFF8F1FF7EC18306EFF8F1C3C78FFEE03CFF8E0C18383F3C060C1BBFF8F181
:40F5C000E3C78FFBB038FB1FFFF8393F3C3BD9FFB18C6318C077FF1E3C78F1FF760D3FE780C18306EFF8F1E3C78F1E30F3FFFF33033333333333FEC0C0C0C6CCD8D8F8EC0B
:40F60000CCC6C3DB6DB6DBB0DDEFFFC63C63C63C63C63C63C630DDFF1E3C78F1E3C638FB1E3C78F1BE38DDFF1E3878F1FFDD83060C0077FF1E3C78F1FF760C183060DFFC7F
:40F6400030C30C30C03E7F62603E03437F3E666FF6666673C78F1E3C78F1FF76C3C26666243C3C1818C21A3199CCCA66D216F0E7871818C063663E1C183C3666E3C3C2666D
:40F6800066243C3C181818307060FFF08631843FFC1CC30C30CC1C30C30C3070FFFFFFE18C631863318C637071FF8E0000000101040000000100020C0401F5000400040309
:40F6C0000601F5000600080C0A01F500120008100900F3002200070C0901F5002D000B0C0C01F5003E0002030401F5003F00040E0501F5004600040E0500F5004D00050522
:40F700000701F500510009090B01F8005C0002030401FF005D0005020701FB005F0002020401FF006000060C0600F5006900070C0801F5007400040C0802F5007A00070C3B
:40F740000801F5008500070C0801F5009000080C0801F5009C00070C0801F500A700070D0801F500B300070C0801F500BE00070C0801F500C900070C0801F500D4000206A4
:40F780000401FB00D60002070401FB00D80009090B01F800E30009050B01FA00E90009090B01F800F400060C0801F500FD000D0C0F01F50011010B0C0B00F5002201090C06
:40F7C0000B01F5003001090C0A01F5003E01090C0B01F5004C01080C0A01F5005801080C0A01F5006401090C0B01F5007201090C0B01F5008001020C0401F5008301070C7B
:40F800000800F5008E010A0C0B01F5009D01080C0A01F500A9010B0C0D01F500BA01090C0B01F500C801090C0B01F500D601090C0B01F500E4010A0C0B01F500F3010A0C0C
:40F840000B01F50002020A0C0B00F5001102090C0B01F5001F02090C0B01F5002D020A0C0A00F5003C020E0C0F00F50051020A0C0900F50060020A0C0A00F5006F02080C0A
:40F880000A01F5007B02040E0501F5008202060C0600F5008B02040E0500F500920209080B01F4009B020901090002009D02040304FFF4009F0207090901F800A702070C31
:40F8C0000901F500B20207090901F800BA02070C0901F500C50207090901F800CD02050C0601F500D502070D0901F800E102070C0901F500EC02020C0401F500EF020410E3
:40F9000004FFF500F702080C0901F5000303030C0501F50008030C090E01F800160307090901F8001E0307090901F8002603070D0901F8003203070D0901F8003E03060954
:40F940000701F800450308090900F8004E03040C0601F500540307090901F8005C0308090800F80065030D090D00F800740308090800F8007D03080D0800F8008A030609BB
:40F980000801F8009103060E0600F5009C03020C0401F5009F03050E0600F500A80308030B01FB0000F30100ACF60100207E150000FFFFCFFFF02596FF4924BFDB6924102B
:40F9C000E7F7DF4F0F1C7DF77C4100EEAE861042087D557778FCCCCC783070DBCECEFE73FC2D2DB6D926409926DB6D2D00255CEA90180C06030FFFFC60301800F8FFC0F0CE
:40FA00003322266444CC77F7BDEF7BDEFEE07FB33333333377F7B198CC663FF077F6339863DEFEE030C618616DB6FFF186FFF18F7E631EFEE03188C67F7BDEFEE0FFFC86FF
:40FA400018630C31861877F7BFFF7BDEFEE077F7BDEFE63118C0F0F0F0F80081C78E0C0380700E0080FFFFC01FFFF880700F00E0183870E0800077F3908CC6300C600F814E
:40FA8000C31BDCFEBD89F84FC6FE267FF3E78E181F001070E142859B3E7C8F1E30FBFCF3FBECF3CF3FFE7BFCF3C30C30CF3FDEFBFCF3CF3CF3CF3FFEFFFC30C3EFB0C30F27
:40FAC000FFFFFC30C3EFB0C30C307BFCF0C37DF3CF3FDECF3CF3CFFFF3CF3CF3FFFFFF0C30C30C30C30C37DECD9B66CF1E3E7CCD9B3630C30C30C30C30C30FFFC3C3E7E7B6
:40FB0000E7FFDBDBDBDBC3C3CF3EFBEFBDF7DF7CF37BFCF3CF3CF3CF3FDEFBFCF3CFFFB0C30C3079FB366CD9B366DDBBF3A0FBFCF3CFFF36DB2CF37BFCF3C1C1C3CF3FDE83
:40FB4000FFF30C30C30C30C30CCF3CF3CF3CF3CF3FDEC68D9366CD8B143870E080CCD334CDBB6E9FA7A9EE338CE338C4C6D9B1C3860E1C68D93630CF3CDE79E30C30C30CE3
:40FB8000FFC623198C463FF0FB6DB6DB6DC0CC4446622233EDB6DB6DB7C0080C07068223110582FF80C6207BF0DFFF3CFF6CC631FFEF7BDEFFF073ECB0C30CBE7018C7FFE4
:40FBC000EF7BDEFFF077F7FFE37F70376FF6666666FFF7BDEF7FF8F7F700C631FFEF7BDEF7B0F3FFFF6C36DB6DB6FEC30C33DB6F3CFB6CF3DB6DB6DBB0F6FFDBDBDBDBDB9F
:40FC0000DBDBFFF7BDEF7BD877F7BDEF7F70FFF7BDEF7FFE318C00FFF7BDEF7FF8C63180DFCCCCCCC077F7870F7F70666FF6666673DEF7BDEF7FF8CF34DA79E38C30CDE604
:40FC4000D36FB7D3B8DC6E3200CD678C31C796CCC4D9B362850E1C1820C38600FFC662331FF836666668666663FFFFFFFFC0C666666166666C71FF8E000001010300000094
:40FC80000100020C0401F500040004030601F5000600060C0801F5000F00060F0801F4001B00060C0801F5002400080C0901F500300002030401F5003100030E0401F50030
:40FCC0003700030E0400F5003D0005060701F500410009090B01F8004C0002030401FF004D0005020701FB004F0002020401FF005000040C0400F5005600050C0701F50067
:40FD00005E00040C0701F5006400050C0701F5006C00050C0701F5007400060C0701F5007D00050C0701F5008500050C0701F5008D00060C0701F5009600050C0701F5008B
:40FD40009E00050C0701F500A60002060401FB00A80002070401FB00AA0009090B01F800B50009050B01FA00BB0009090B01F800C600050C0701F500CE000D0C0F01F5005E
:40FD8000E200070C0700F500ED00060C0801F500F600060C0801F500FF00060C0801F5000801060C0701F5001101060C0701F5001A01060C0801F5002301060C0801F500A8
:40FDC0002C01020C0401F5002F01060C06FFF5003801070C0801F5004301060C0701F5004C01080C0A01F5005801060C0801F5006101060C0801F5006A01060C0801F5003E
:40FE00007301070C0801F5007E01060C0801F5008701060C0801F5009001060C0600F5009901060C0801F500A201070C0700F500AD010A0C0A00F500BC01070C0700F5008D
:40FE4000C701060C0801F500D001050C0701F500D801030E0401F500DE01040C0400F500E401030E0400F500EA0109080B01F400F301090109000200F501040303FFF40018
:40FE8000F70106090801F800FE01050C0701F500060206090701F8000D02050C0701F500150205090701F8001B02040C0501F5002102050D0701F8002A02050C0701F5003D
:40FEC0003202020C0401F500350203100400F5003B02060C0701F5004402030C0401F500490208090A01F800520205090701F800580205090701F8005E02050D0701F8004D
:40FF00006702050D0701F800700204090501F800750205090701F8007B02040C0400F500810205090701F800870206090600F8008E0209090900F800990206090600F8004C
:40FF4000A002070D0600F800AC0205090701F800B202040E0501F500B90202110401F400BE02040E0400F500C50208030B01FB00B0F9010078FC0100207E150000FFFFFC19
:40FF8000F0DEF7BD8011846118C6FFFFF330CCFFFFF2318C6218800C060FCE760301C0781F03C0683C1B1DFC7C0C06003830F8431986320C6C0F900E40009C027C058C1357
:40FFC00018663087C307001E03F03303303F01E03C07E0E76C3CC18E3C7EE3C6FFC07666CCCCCCCCCCE66620C666333333333376664018187E7E3C66240C06031FFFF86040
:020000040002F8
:4000000030180C0023266CFFF00180C0C060603018180C0C060203018180C0C06010001C1F18DC6C1E0F0783C1E0F8CC63E0E07F3333333333331E3F98EC30180C0C0E0EAA
:4000400006060607FFFC3C7EE703031E1E070303C3C77E3C0000100600C0380F01E06C1D8330C63FF7FE0300601F8FC60603E1F98C030180D07C67F1E0000303818181C06D
:40008000F8FEE3E0F0783E33F878FFFFE0300C060180C070180C030180E030003C7EE7C3C3E77E7EE7C3C3E77E3C3C3FB8F83C1E0F8EFE3E07030303818000F003C0330048
:4000C000003266440183C78F0E0701E03C0780C0FFFFC01FFFF8C0780E01C0383C78F0E0400038FB1E30E7BC60CDF9E00306000FC061C30199D6CFCF733D84F633D8DBBDF9
:40010000E7770E003FE03F0002001001C00E00F806C073031818E1FF0FF8C06603600CF8FCCEC6C6CEFCFEC7C3C3C7FEFC0F83FCE1B00E0180300600C01C01809C31FE1FE5
:4001400000FC3FCC7B06C1F03C0F03C0F07C1B1EFF3F00FFFF060C1FFFE0C183060FFFC0FFFF060C1FFFE0C183060C18000F80FF0E1CC04E00600307F83FC01F01D80C7117
:40018000E1FE07C0C0F03C0F03C0FFFFFF03C0F03C0F03C0F030FFFFFFF00C30C30C30C30C30C7FBC0C1B0CC7338DC3E0F03E0DC330C631CC3B070C30C30C30C30C30C30E6
:4001C000FFF000002020C06180C38387070F1E16346CECCD999B331C6638D821B0418080000803C03E03F03F83DC3CE3C73C3BC1FC0FC07C03C010000FC07F83871806E08C
:400200001F003C00F003C00F8076018E1C1FE03F00F9FB3E3C79FF7CC183060C18000FC07F83871806E01F003C00F003C38F87760F8E1C1FF83E70F8FCCEC6C6CEFCF8D0A1
:40024000D8CCCCC6C71E1F9CCC0601C0780E0180F86C77F0F0FFFF181818181818181818181818C0F03C0F03C0F03C0F03C0F03C0D867F8780C0760660670C30C30C19818C
:40028000981F00F00F00600600400000000018081981033060E70E1863C30C78C0CD981B370363C03C78070E00E0C00C18010200000060C638C60DC1B01C0380701F03607E
:4002C000C618C60DC180C0F87618CC330781E0300C0300C0300C03007F9FE0300C060380C070180E0301807FFFF0FFCCCCCCCCCCCCCCCFF0C020180C0301804030180603AB
:4003000000C060300C060180C000FF333333333333333FF00C0781E0CC33186618FFFFF0CE623DBFF8F83C1E0F8EFF3D80C06030180C060379FEE3E0F0783E3FFB783EFF75
:400340008E0C1838BF3E0180C06030180CF6FFE3E0F0783E3BFCF63C7EE3FFFFC0E37E3C3BD8C633FF6318C631803DBFF8F83C1E0F8EFF3D80F06C77F0F0C183060C18372A
:400380007FE78F1E3C78F180F03FFFF0F03FFFFFFCC0C0C0C0C0C0CEDCF8F0F0D8DCCCC6FFFFFFFCDDEFFFE73C63C63C63C63C63C630DDFF1E3C78F1E3C63E3FB8F83C1E9D
:4003C0000F8EFE3E00DE7FB8F83C1E0F8FFEDE6030180C06003DBFF8F83C1E0F8EFF3D80C06030180CFBEE30C30C30C073EC38383CFF78666FF6666666C78F1E3C78F1BE48
:4004000038C3B199C6C360E070100800000308663199CC37B0DF81CE073808C02100618CC1E0780C078331CEE180E1B0DCC663E0F07018180C0C060703007FBF818181C136
:40044000C0C0FFFF803BD8C6318CE638C6318C63CEFFFFFFFFC0E78C6318C638CE6318C637B878FFE3C0000000000101050000000100020E0602F300050005050701F30039
:4004800009000A0E0C01F3001B0009120B01F10030000F0E1101F3004B000C0E0D01F300600002050401F300620004130702F2006C0004130701F200760008070C02F2005B
:4004C0007D0009090B01F500880004060500FE008B0004020400FB008C0002020602FF008D0009130900F200A300090E0B01F300B300040E0B03F300BA00090E0B00F300BE
:40050000CA00080E0B01F300D8000B0F0B00F200ED00090E0B01F300FD00090F0B01F2000E010A0E0B01F3002001080E0B01F3002E01090F0B01F3003F0102090602F800EA
:400540004201040C0500F8004801090A0B01F500540109050B01F7005A01090A0B01F5006601070E0901F30073010E0E1001F3008C010D0E0D00F300A301080E0B02F3008A
:40058000B1010B0E0C01F300C5010A0E0D02F300D701070E0A02F300E401070E0902F300F1010D0E0F01F30008020A0E0E02F3001A02020E0602F3001E02060E0800F30021
:4005C00029020A0E0C02F3003B02060E0902F30046020F101101F20064020C101002F2007C020E0E1001F3009502070E0A02F300A2020E0E1001F300BB02080E0B02F30097
:40060000C902090E0B01F300D902080E0A01F300E7020A0E0E02F300F9020C0F0C00F300100313101300F20036030B0E0B00F3004A030A0E0A00F3005C030A0E0B01F3006E
:400640006E0304130602F200780309130900F2008E0304130600F20098030A070A00F300A1030A020A000200A40304040A02F300A60309090B01F800B103090F0B01F2002A
:40068000C20307090901F800CA03090F0B01F200DB0308090A01F800E403050F0601F200EE03090E0B01F800FE03070F0901F2000C04020E0401F300100402130401F30042
:4006C0001504080F0901F2002404020F0401F20028040C090E01F800360407090901F8003E0409090B01F8004904090E0B01F8005904090E0B01F800690406090601F80057
:40070000700406090801F8007704040C0601F5007D0407090901F800850409090900F80090040E0A0E00F700A2040A090A00F800AE04090E0A00F800BE0409090900F80073
:40074000C90405130601F200D50402110A04F300DA0405130600F200E60409030D02F2007CFF010068040200207E170000FFFE0FDEF7BD80088210427FF108420847FF2107
:400780000C21082100183CFEDAD8F87C1E1B9BFF7E1818705F13647C87200801004E13E26C8FA0E01E07E0CC1983E0300F3B3EC398F3F33C70FFC01888C46318C63086109E
:4007C000C3C308610C6318C623111810235BE10FB58810080402010FF84020100800F6FFF0084421108842210038F9B63C78F1E3C6D9F1C0FFFFFF78FCCE8606040C181009
:40080000207FFF7BF8C30CE3C30E3F9C06060E1E362666FFFF0606067CF983078F8383071FF3C01070C3861FBFE3C78DF1C0FFFE060C0C0C18183030606038FB1E3C671FB9
:4008400063C78DF1C038FB1E3C6FCF861C71C100F00FF00F600083CFDF0C07C0FC0F0080FF80001FF080781F81F0187DF9E080006F333766206607F00FF83C1C3006639F2D
:4008800067F3C673CC33CC33CC66CC6ECFFC677870033C0E1FFC07F002003801C01B00D80C606307FC3FE301980D8030FCFEC6C6C6FCFEC3C3C3FEFC0FC7FDC0B00C018031
:4008C000300600600E04FF87E0FF0FFCC0EC06C03C03C03C03C06C0EFFCFF0FFFF060C1FFFE0C183FFF0FFFC30C3FFF0C30C300FC7FDC0B00C0180307E0FE06E0CFF87C0EE
:40090000C0780F01E03C07FFFFFE03C0780F01E030FFFFFF33333333333333FEC1B0CC6330D83C0D8330C630CC1B03C183060C183060C183FFF0C0FC1FC7EDBDF79CF11EF2
:4009400003C0780F01E030C03E03F03D83CC3C63C63C33C1BC0FC07C030F81FF1C1CC06C01E00F0078036033838FF81F00FCFEC3C3C3FEFCC0C0C0C0C00F81FF1C1CC06CF6
:4009800001E00F007803E033838FF83F003F8078F87E3198CC67E3E198C66330D8307BFC70C1C3830E3FDEFFFFF0C0300C0300C0300C0300C030C0780F01E03C0780F01E1C
:4009C00003C07C1DFF0F80C06C19833063186306C0D80E01C0380200C0E06C1C19868338D8E31B18663306C6C0D8D80E0E01C1C03838020200C01B018C183180D803801C91
:400A000001B018C183180D8070C06C18C60CC0F00C0180300600C01803007FEFF8060180700C0300C0180601FFFFF0FFCCCCCCCCCCCCFF8410841082108210FF333333331A
:400A40003333FF3871B366D8F180FFC0CC8079FA30E6D9B33FC183060DDFB3E3C79FF7C03DFE30C387CF060C1833EFF9E3C78DF9F038FB1FFC1C1F9F3BD8CF798C6318C08B
:400A80007F9F3667983C3ECF0F3BE0C183060DDFF9E3C78F1E30F3FFFC6C36DB6DB7F0C0C0C0C0C6CCD8F0D8CCC6C3FFFFFFDCEFFFC63C63C63C63C63C63DDFF1E3C78F11F
:400AC000E33C7EE7C3C3E77E3CF9FB3E3C79FF7CC18306003EFF9E3C7CDF9F060C1830DBFEB0C30C3077F2C34FEE0087FF6186187CF0C78F1E3C78FFBBC78DB366C78E1C92
:400B0000C71E38D9CCDB66DB1C70E3860CC1B18D8381C1B18D83C366663C3C181830306060C0FFF870C30E1FFF1CF30C30C31883870C30C30F1CFFFFE3C30C30C30604736A
:400B40008C30C33CE0F8C7C000000101050000000100020C0501F500040005050601F50008000B0C0B00F5001900080E0A01F50027000B0C0C00F50038000B0C0B01F50063
:400B8000490002050301F5004B0005100601F500550005100600F5005F0007090800F400670009090B01F600720002040401FF00730004020601FC00740002020401FF00D1
:400BC0007500050C0500F5007D00070C0901F5008800020C0903F5008B00080C0901F5009700060C0901F500A000080C0900F500AC00070C0901F500B700070C0901F500D0
:400C0000C200080C0901F500CE00070C0901F500D900070C0901F500E40002080401F900E600020A0401F900E90009090B01F600F40009040B01F800F90009090B01F60029
:400C40000401040C0601F5000A0110111201F4002C010D0C0C00F5004001080C0A01F5004C010B0C0D01F5005D010C0C0E01F5006F01070C0901F5007A01060C0801F500A6
:400C800083010B0C0D01F50094010B0C0D01F500A501020C0501F500A801041005FFF500B0010A0C0C01F500BF01070C0901F500CA010B0C0E01F500DB010C0C0E01F50009
:400CC000ED010D0C0F01F5000102080C0901F5000D020D0E0F01F5002402090C0B01F5003202060C0801F5003B020A0C0B00F5004A020B0C0D01F5005B020B0C0B00F500F6
:400D00006C02130C1300F50089020D0C0D00F5009D020B0C0B00F500AE020B0C0C00F500BF0204100602F500C702050C0500F500CF0204100600F500D70207070800F50090
:400D4000DE020A010A000400E00203030601F400E20207080801F900E902070C0901F500F40206080801F900FA02070C0901F500050307080901F9000C03050C0500F5005D
:400D80001403070C0801F9001F03070C0901F5002A03020B0401F6002D03030F0400F6003303080C0901F5003F03020C0401F50042030C080E01F9004E0307080901F9000B
:400DC000550308080A01F9005D03070C0901F9006803070C0901F900730306080701F900790305080701F9007E03060A0600F700860307080901F9008D0307080800F900B8
:400E000094030D080D00F900A10309080900F900AA03080C0800F900B60307080800F900BD0306110600F400CA0301100502F500CC0306110600F400D90309020B01FA0046
:400E40006C070200480B0200207E140000FFFFCFC0CF3CF3CE201DC66199FF7FCCC333FEFF8CC6619818183E7ECAC8E8787E1F171393FEFC1818705F0F636CCFB0EC01009D
:400E80006E1BE66D8DE1F41C3C1F8661983C0E078F33C6F0EE39FF3C40FFE0063CE3861C3060C18307060E0E0F06C1E0E0E0C1C183060C1870C38E78C0223B851FFFF8A1B9
:400EC000D84618181818FFFF1818181867712CFFC0FF80020306060C0C0C18183030706060C0403E3F98D83C7E7F77F3E1E0D8CFE3E0183878D898181818181818FFFF7CE2
:400F0000FE47030303060C183860FFFFFEFE0C1C183E3F07030387FEFC0301C0F07C3B0CC633FFFFC0C0300C03007F7F6060607C7E07030387FEFC060F0E0E0606F3FDC795
:400F4000C1E0F8EFE3E0FFFF07060E0C0C1818303060E03E3FF8F83E31F0FCCFC1E0F8EFE3E03E3FB8F83C1F0DFE7B030183878380FF8007FC777000067712C00101C3C7E0
:400F8000870701E0780F01C040FFFFC0000FFFFC40701E03C0701C3C3C787010003E3FF06030383838301800060381800F07F1C3306E0D9FB7F6C6D8DBFFBBB007887F83B9
:400FC000F00C0301E0781E0CC330CC7F9FE61B03C0C0FE7FF0783C37F3FD87C1E0F0FFEFE01F9FDC6C3C06030180C070DC67F1F0FC7FB0D87C1E0F0783C1E1F1DFCFC0FF8A
:40100000FFC0C0C0FEFEC0C0C0C0FFFFFFFFC0C0C0FFFFC0C0C0C0C0C01F9FDC6C3C06031F8FC1B0DC67F1F0C1E0F0783C1FFFFF83C1E0F0783C18FFFF1818181818181845
:401040001818FFFFFFFF030303030303030387FE7CC1F0EC731CCE3F0FC338C631CC3B0EC1C0C0C0C0C0C0C0C0C0C3C3C3FFFFC1F1FDFEFFFEEF2783C1E0F0783C18C1F0C3
:40108000F87E3F9FCF77BFCFE3F1F87C181E1FE61B03C0F03C0F03C0F03619FE1E00FE7FB0F83C1E0F0FFEFC6030180C001E1FE61B03C0F03C0F03C0F03619FE1E03007C2A
:4010C0000FFC7F31D86C363BF9F8CE6731D8EC383FBFF0783E03C0F81F01E0F0FFE7E0FFFFFCCF330C0300C0300C0300C0FC3F00C1E0F0783C1E0F0783C1E0F8EFE3E0E1EB
:40110000F87619C6738CC330EC3F0781E0780E00C0780F01F03E66DD9BB35E7BCF79C738E71CE0EE38E61DC1F03E0380F81B0771C738EE0EE1D86738CC3F0781E0300C0322
:4011400000C0300C00FFFFC0E0E0E06070707038381FFFF8FFFF060C183060C183060C18307FFE40C0606030303018180C0C0C06060302FFFC183060C183060C183060C1F5
:40118000FFFE0C0381E0CC33186E1CFFFFE7307E3F80C7EFF61B0DFF7B80E0380601806F1FE71D8360D8361DFE3E001F3FF8783C060384FF3F000380E018061F9FEE1B0663
:4011C000C1B06E39FF3CC03E3FB07FFFFE0384FF3F000F8FCC460FF7F8C06030180C1FEFF03FBFF8783C1E0F8EFF3F80C8EFE3E0E070180C06F3FDC6C361B0D86C36181CFF
:401200001C1C00F8F81818181818FFFF0E1C3807EFC183060C183060E3FE78E0380601806399C6E1B07C1B86719F63C0F0F03030303030303030303F1EFBBFFCCF33CCF3BB
:401240003CCF33CCC0EF7FDCEC361B0D86C361803F1FEE1F03C0F03E1DFE3F00EF3FE71D8360D8361DFE7F1806018060001FBFF8783C1E0F8EFF3D80C0603018F77FCE6661
:40128000030180C1FEFF007EFFC2F07E0743FF3E100C0303FEFF8C0300C0300E21FC3CE3B8E6198661986639FF3CC0E1D86718CE3B0EC1E0780E00C07C0D9B3766ECDF9EA0
:4012C000F1DC3980E3B98D87C1C1F1DCC6E380E1D87619C6338EC1B07C0E0184E1F03800FFFF060C183060FFFF0F1F181818181838F0F038181818181F0FFFFFFFFCF0F8CD
:4013000018181818181C0F0F1C18181818F8F072FF8F0000000001010B0000000100020D0B04F400050006060B02F4000A000A0C0B00F500190008110B01F2002A000B0DD3
:401340000B00F4003C000A0D0B00F4004D0002060B04F4004F0007110B02F4005E0007110B02F4006D0009080B01F4007600080A0B01F600800004060B03FE0083000502BD
:401380000B03FB00850003030B04FE00870008100B01F4009700090D0B01F400A600080D0B02F400B300080D0B01F400C000080D0B02F400CD000A0D0B00F400DE00080D10
:4013C0000B01F400EB00090D0B01F400FA00080D0B01F4000701090D0B01F4001601090D0B01F4002501030A0B04F7002901040D0B03F7003001090B0B01F6003D01090685
:401400000B01F8004401090B0B01F6005101090D0B01F40060010B0F0B00F60075010A0D0B00F4008601090D0B01F4009501090D0B01F400A401090D0B01F400B301080D10
:401440000B01F400C001080D0B02F400CD01090D0B01F400DC01090D0B01F400EB01080D0B01F400F801080D0B01F40005020A0D0B01F4001602080D0B02F4002302090D28
:401480000B01F4003202090D0B01F40041020A0D0B00F4005202090D0B01F40061020A100B00F4007502090D0B01F4008402090D0B01F40093020A0D0B00F400A402090D13
:4014C0000B01F400B3020A0D0B00F400C4020B0D0B00F400D6020B0D0B00F400E8020A0D0B00F400F902090D0B01F400080307110B02F400170308100B01F40027030711AC
:401500000B02F40036030A070B00F4003F0308020B010300410304030B03F400430309090B01F8004E030A0D0B00F4005F0309090B01F8006A030A0D0B00F4007B0309096B
:401540000B01F8008603090D0B01F4009503090D0B01F800A403090D0B00F400B303080D0B01F400C00307110B01F400CF030A0D0B01F400E003080D0B01F400ED030A09D0
:401580000B00F800F90309090B01F80004040A090B00F80010040A0D0B00F8002104090D0B01F800300409090B01F8003B0408090B01F80044040A0C0B00F50053040A0925
:4015C0000B00F8005F040A090B00F8006B040B090B00F800780409090B01F80083040A0D0B00F800940408090B01F8009D0408110B01F400AE04020F0B04F400B2040811BA
:401600000B02F400C30408030B01F9004C0E020014130200207E1400004924901BE0CF34514510244897F448BFA44891201021F638181E0E06061BE10204003813144D16EC
:401640004D0E8038131449164F0E3832110D838185C3B38D4331EF10F55011D88C421084218430C3C308210C21084621119810224BE38D11001020408FE2040810FF97A063
:40168000FCFF8002081060810608106083040830403C3110582D96EF058241310F0038781818181818181818FF3CC20303030604083060FF3CC30303061C030101C37E061E
:4016C00005068242221309FF020100807F6060407E43010101C37C1F1098080DE71B068341318780FF8180808040402030180C06003E31904C2331F19982C1A18F803C4265
:40170000C1C1413F01010346FCFF803FE0FF803FE5E8021863080C060602FE00000FE08080C060618C208079881820820C000060C1801E109038187CC643238EC030080258
:4017400010F0180A050682611188FE4160B07010FC86828286F88683838386FC1F18D8080C0603018040300C63E0F88C82838383838383868CF8FEC0C0C0C0FCC0C0C0C0D4
:40178000C0FFFFC0C0C0C0C0FEC0C0C0C0C01F1090180C06031F83C1A0D863C0C1C1C1C1C1FFC1C1C1C1C1C1FE204081020408102047F07F030303030303030383423C834A
:4017C000868C9890B8E8CC84868383C0C0C0C0C0C0C0C0C0C0C0FFC1E3E3E5D5D5D9C9C1C1C1C1C1E1E1D1D1D9C9CDC5C3C3C13C3190583C1C0E0783C1A098C780FC828312
:40180000838386FC80808080803C3190583C1C0E0783C1A098C78080600EFC8683838286FC888C8486833E3090080601E03C060180F0C7C0FF840201008040201008040255
:401840000100C1C1C1C1C1C1C1C1C141633E81E0D048263310884C340A050300C07809012024449892B3566A8630C618C0C1B18886C140E07028263110D830C1E098CC4355
:4018800060A0701008040201007F818080C0406060203030101FF0FC21084210842108421F81810206040C0810302040C08101F842108421084210843F1070A34448A180D5
:4018C000FF80C6303E43010F7141C1433D80808080BCC68283838382C6BC1F10D8080C020100C21F80010101013D63C1C1C1C1C1633D1E3190583FFE0100C21F000F103031
:4019000030FE30303030303030303FB110C86621E100803F20702833E081020409DCE0C183060C182018C00F8421084210800C30007C1041041041041043F88080808083CF
:40194000848898B8CC848283F80C06030180C06030180C06010078BB66F2391C8E472391C8809DCE0C183060C1823C31B0583C1E0F04C63C00BCC68283838382C6BC808025
:4019800080803D63C1C1C1C1C1633D010101019F430408102040803E6140701E030143BE10083FC20100804020100C03E0C1C1C1C1C1C1C34539C1A090CC4221B0502818AE
:4019C00000C47889292526ACD58CA18C3180C3310D828180E098C6C180C1A0904C6221B050380C0406020E007F018181818080C0C0FF801E204081020C603020408102041C
:401A00000FFFFFC0E020408102040718204081020470314986000000000001010B0000000100030C0B04F500060006060B02F5000B00070B0B02F6001500070F0B02F4001B
:401A400023000A0C0B00F5003200090C0B01F500400002060B04F500420005100B04F4004C0005100B02F400560007070B02F4005D0007090B02F700650003070B04FE008B
:401A8000680006010B02FB00690003030B04FE006B0007100B02F4007900090B0B01F6008600080B0B02F6009100080B0B01F6009C00080B0B01F600A700090B0B01F60071
:401AC000B400080B0B01F600BF00090B0B01F600CC00090B0B01F600D900090B0B01F600E600080B0B01F600F10003090B04F800F500030D0B04F800FA0007090B02F7005E
:401B0000020107050B02F900070107090B02F7000F01070C0B02F5001A01090E0B01F6002A01090C0B01F5003801080C0B02F5004401090C0B01F5005201080C0B02F500C7
:401B40005E01080C0B02F5006A01080C0B02F5007601090C0B01F5008401080C0B01F5009001070C0B02F5009B01080C0B01F500A701080C0B02F500B301080C0B02F50069
:401B8000BF01080C0B01F500CB01080C0B01F500D701090C0B01F500E501080C0B02F500F101090F0B01F5000202080C0B02F5000E02090C0B01F5001C02090C0B01F50006
:401BC0002A02080C0B01F5003602090C0B01F50044020B0C0B00F5005502090C0B01F5006302090C0B01F5007102090C0B01F5007F0205100B04F400890207100B02F4004C
:401C0000970205100B02F400A10207070B02F500A80209010B010200AA0204030B03F400AC0208090B01F800B502080D0B02F400C20209090B01F800CD02080D0B01F4007D
:401C4000DA0209090B01F800E502080D0B02F400F202090D0B01F8000103070D0B02F4000D03050D0B02F400160306110B01F4002303080D0B02F4003003090D0B01F40076
:401C80003F0309090B01F8004A0307090B02F800520309090B01F8005D03080D0B02F8006A03080D0B01F800770307090B03F8007F0308090B01F8008803090B0B01F60037
:401CC000950308090B01F8009E0309090B01F800A9030B090B00F800B60309090B01F800C103090D0B01F800D00309090B01F800DB0307100B02F400E90301120B05F4002E
:401D0000EC0307100B02F400FA0308030B01FA0018160200181A0200207E160000DB64921FF0EFDFBE64488012127F7F2226FFFF24246408083E7F62703C0F0343FF3E0855
:401D40000808381F14CD367F0E00381F14CD367F0E383E1B0D87C1CFC7B3CF63BFEF10FFE480087308618430C1061820C183470C618C6108C633199810235FF3871B22085C
:401D80000808FFFF080808777136C0FFF0FFF0060C1060C30608306083061830603C3F98DB6DDECF0786633F8F00F8F818181818181818FFFF3C3F30C06030303030307F97
:401DC000FFE03E7FC3031E1E0303C3FF3E0E070786C66633FFFF060301807F7F607E7F630303C3FF3C1E1F986C0DE7FB8F8363BF8780FFFFC0C0C040602030180C06003EF3
:401E00003F98CC63E1F19D83C3BF8F803C3F30D82C3BFCE406477F0F00FFF03FFC7777000777136C020C31C718303838181810FFFF0000FFFF818381C1C1C38E39C304000D
:401E400079F93830C30C180060E1801E1F98783C0C3E3F3399CFF3B80611F8780E0381A06C1B0CC318FE7F98760F83FCFEC6C6FCFEC7C3C3C7FEFC1E1FDC5C0C06030180AB
:401E8000E038CFE3E0FC7F31D87C1E0F0783C3E3BF9F80FEFEC0C0C0FEFEC0C0C0FFFFFFFFC0C0C0FEFEC0C0C0C0C01E3F9C7C0C063F1F83E1B0DFE3C0C3E1F0F87C3FFF0C
:401EC000FF87C3E1F0F870FFFCC183060C183063FFF07F7F0303030303030347FE3CE3B8CE63B0FC3F0FE398E738CE3B87C0C0C0C0C0C0C0C0C0C0FFFFE3E3E3E7F5D5D544
:401F0000D9C9C1C1C1E3E3F3D3DBDBCBCDC5C7C3C33C3FB8D87C1E0F0783C3B19FC780FCFEC7C3C3C7FEFCC0C0C0C03C3FB8D87C1E0F0783C3F19FC7C0C07C1EFCFEC7C33A
:401F4000C7FEFCCCCCC6C6C33E3F984C0701E07C0701A1FFC7C0FFFFC6030180C06030180C060300C3E1F0F87C3E1F0F86E3319FC7C0E0D8361CC6318C63306C1B0680E0BF
:401F800038C0780B033266ECD59AB3567BCF70C618C0C3B199C6C340E0707C3633B8D830E0D87318C61B06C0E0380C0300C0307FBFC0C0C0E060606030303FFFF0FFE1088F
:401FC000421084210843FFC1830306040C1810306060C08183FFC6318C6318C6318FFF3070A364D8B180FFFFC0C6303E7F431F7FE3C37F79E070381C0FE7FB8FC3E1F0F895
:40200000DFEDE01E3FDC5C0C0701C4FF1E00030303033F7FE3C3C3C3E37F391E3F987FFFFE0184FE1E000F1F3830FFFF303030303030303FBFD88C67E3E100FE7FE0FFEF0B
:40204000C0E070381C0CE7FBCDC7E3F1F8FC7E3818718003EF8618618618600C1C30000F9F060C183060C1837EF8C0C0C0C0C7CEDCF8F8ECCEC6C3F87C06030180C0603098
:40208000180C0603E0F8FB7FF3793C9E4F2793C980CE7FBCDC7E3F1F8FC7E3803E3FB8D83C1E0F8CFE3E00DE7FB8FC3E1F0F8DFEFE70381C003D7FE3C3C3C3E37F3B0303FC
:4020C00003CFDFF0E0C0C0C0C0C03E3F984E03E03907FE3E0010083FFFF30180C070180FC3E0C3C3C3C3C3C3E77F79C1E098CC6761B0D8381C00C479C9BB3566ACD59EB1D3
:40210000DC3180E3B18D8381C1E0D8C6C380C1E098CC6321B050381C0C3E1C007FBF8181C1C1C1C1FFFF801E3CC181020C78F060408306078FFFFFC0F1E0408102060F1E10
:40214000304081023C7879BFB3800000000001010B0000000100030C0B04F500060007060B02F5000C00080B0B01F6001700080F0B01F40026000A0C0B00F5003500090C42
:402180000B01F500430003060B04F500460006100B03F400520005100B02F4005C0007080B02F400630008080B01F7006B0004070B03FE006F0006020B02FB0071000304AD
:4021C0000B04FD00730007100B02F4008100090B0B01F6008E00080B0B02F6009900090B0B01F600A600080B0B01F600B100090B0B01F600BE00080B0B01F600C900090B2C
:402200000B01F600D600090B0B01F600E300090B0B01F600F000090B0B01F600FD00030A0B04F7000101040E0B03F7000801070C0B02F500130108060B01F8001901070C17
:402240000B02F5002401070C0B02F5002F01090F0B01F50040010A0C0B00F5004F01080C0B02F5005B01090C0B01F5006901090C0B01F5007701080C0B02F5008301080C04
:402280000B02F5008F01090C0B01F5009D01090C0B01F500AB01070C0B02F500B601080C0B01F500C2010A0C0B01F500D101080C0B02F500DD01080C0B01F500E901080C82
:4022C0000B01F500F501090C0B01F5000302080C0B02F5000F02090F0B01F5002002080C0B02F5002C02090C0B01F5003A02090C0B01F5004802090C0B01F50056020A0CF0
:402300000B00F50065020B0C0B00F5007602090C0B01F50084020A0C0B00F5009302090C0B01F500A10205100B04F400AB0207100B02F400B90205100B02F400C302070726
:402340000B02F500CA0209020B010200CD0204030B03F400CF0208090B01F800D802090D0B01F400E70209090B01F800F202080D0B01F400FF0209090B01F8000A03080D87
:402380000B02F4001703090C0B01F8002503090D0B01F4003403060E0B02F3003F0307110B01F3004E03080D0B02F4005B03090D0B01F4006A0309090B01F800750309091F
:4023C0000B01F800800309090B01F8008B03090C0B01F8009903080C0B01F800A50308090B02F800AE0309090B01F800B903090B0B01F600C60308090B01F800CF030909CC
:402400000B01F800DA030B090B00F800E70309090B01F800F203090C0B01F800000409090B01F8000B0407100B02F400190401120B05F4001C0407100B02F4002A040903AF
:402440000B01FA001C1D02004C210200207E160000FFEA80C09999042021011077E0840440421FFE1101080840040782591344510640F00701304511445921F01004000053
:4024800009E0444220908241120390008002F01220904442108881C00003C0841101202806012042502A052044147C40EA124444888884442104222111111222401818F3C8
:4024C0002424531818080402010FF84020100800D47EC001010202040408081010202040403E20905028140603018140904843C011F111111111103E4141010101020C30FC
:40250000404080FF7E20A04020101078020140604823E0060302824121110884827FC08040207E2010080403F104020080604823E03E3090300805F3058280C0504823E0DC
:402540007F0202040808101010102020203E2090482411B0B8828140604823E07E21A05028140D0A790100A04843C0F00030F00035000218C20C04060300FF000000FF00E4
:4025800080C0602043184100186641810101020408080000000807F8060182001100024000A0FA1841861021840861021840860862416C9020C20000600807FC00060060B3
:4025C0000900900901081082043FC2044024028010FFA028060280A06FFA018060180602FF00060731812018010020040080100200A012043F00FF10120140280300600CAB
:402600000180500A01404FF0FFC02010080403FD00804020100FF8FFC02010080403FD00804020100800060331812018010020041F80300600A032063F4080601806018097
:40264000601FFE0180601806018040FFF80204081020408103060A13C080E048221088260A83108220481A028040808080808080808080808080FFC01D00E80B405902C824
:4026800026213111888C24614306182080C0340680C8188310610C1182302602C058060E031840440280280280280180280280240420C1F0FF20280A0180A02FF20080203C
:4026C00008020080000607318120280300600C0180300600A0B20C37C108FFA018060180602FF202806018060180401833A050180401803C010060301C13F0FFC100401071
:402700000401004010040100401004008060180601806018060180601405023F00C04809011042084104408811014028050040818141814141414222422222222424241468
:4027400024141414181818081840C82210440A0300C028120C4209024040406C088208C19014018020040080100200407FC0201804020100C0201008060100FFC0F88888D5
:40278000888888888F01041020810410208204F11111111111111F080A0904441208FF80490038C68202067A8282827F804020138A260B030180C070582BE01C62C1808034
:4027C000808081413E0101013D43818181818181433D3C428181FF808081413E322272222222203D43818181818181433D81817E8080809CA2C1818181818181819FF820C2
:402800001249249249C080808083848890B0C884848281FFF898653CF083041820C106083041820C10409CA2C1818181818181813C21A050180C060302411F009C51B05808
:40284000180C060382A14B22100804003D438181818181814325190101019D318842108400790A0C0603808182F844F4444444438181818181818183437D8141414222249A
:4028800024141808820C1051448A24511290A2851418C08200412108828180C0504442208080414142222224141808081030407E0202040810202040FF084208208208C0F3
:4028C00082082082041810FFFF804082041041040C41041041086200700F000000000101070000000100020D0401F400050004040601F30007000D0B0F01F60019000A11EA
:402900000D01F2002F000E0E1001F30048000B0E0B00F3005C0002040401F3005D0004100601F300650004100601F3006D0008080A01F300750009090B01F8008000020425
:4029400004010000810008010A01FC0082000201040100008300080E0B01F4009100090D0B01F400A000040D0B03F400A700080D0B01F400B400090D0B01F400C300090DE5
:402980000B01F400D200090D0B01F400E100090D0B01F400F000080D0B01F400FD00090D0B01F4000C01090D0B01F4001B01020A0401F7001E01020D0401F700220107097C
:4029C0000A01F8002A0108050A01FA002F01070A0A01F7003801080E0B01F300460112111401F3006D010C0D0C00F40081010A0D0C01F40092010B0E0C01F300A6010B0D08
:402A00000C01F400B801090D0A01F400C701090D0A01F400D6010B0E0D01F300EA010A0D0D01F400FB01010D0401F400FD01070D0900F40009020A0D0C01F4001A02080D8F
:402A40000A01F40027020D0D0F01F4003D020B0D0D01F4004F020C0E0D01F30064020A0D0B01F40075020B0F0D01F3008A020A0D0C01F4009B02090E0B01F300AB020A0D21
:402A80000A00F400BC020A0D0C01F400CD020B0D0B00F400DF02100D1100F400F9020A0D0B00F4000A030B0D0B00F4001C030A0D0B00F4002D0304100601F3003503060D66
:402AC0000801F5003F0304100601F300470309060B01F9004E03090109000300500303030501F3005203080A0A01F7005C03090D0B01F4006B03080A0A01F7007503080D84
:402B00000B01F4008203080A0A01F7008C03040D0400F4009303080D0B01F700A003080D0A01F400AD03010D0401F400AF0303110400F400B603080D0901F400C303010DEA
:402B40000401F400C5030D0A0F01F700D603080A0A01F700E003090A0B01F700EC03090E0B01F700FC03080E0B01F7000A04050A0601F7001104070A0901F7001A04040CFF
:402B80000400F5002004080A0A01F7002A04080A0900F70034040D0A0D00F7004504090A0900F7005104080E0900F7005F04080A0800F700690406120801F3007704011108
:402BC0000401F3007A0406120801F300880408020B01FB0050240200DC280200207E1A0000FFFFFFFFF0000FF0F07F83FC1FE0FF07F83C3C1E0F0783C1E0F078FFFFFFFF70
:402C0000F3C1E0F078FFFFFFFFF3C1E0F0783C1E0F0783C1E007803C0FFE7FFF007800FF87FC007803C019FFCFFE03C01E00F01F01F0FF0F03C03C0780780403C0300F0FA2
:402C4000F0FC0FC0F03FE07FC3C1E783C3FE07FC0FE01FC03081E0FFC1FF83CF0787FFCFFF800783CF078F07800783CF078F0783C1E0F0780F0783C03C1EF0780F078078ED
:402C80003C1E0F0783CF0783C783C03C1E0F0780FF803FE0FFFFFFFFF0FF803FE03C1E0F078007803C01E00F00787FFFFFE0F007803C01E03CF3CFF3C0FFFFFFC0FFFF002E
:402CC0000F8007C01E000F001F000F8006000F003C001E000F001E000F00003FE1FF3C1FE0FF3FF9FFF9FFCFF07F83FC1FE0FF079FF0FF8007803C01E00F03F81FC01E00F5
:402D0000F007803C01E00F00787FFFFFE03FE1FF3C1FE0F007803C07803C3C01E03C01E00F007FFFFFE03FE1FF3C1FE0F007803C3F81FC006003C01FE0FF079FF0FF8000A6
:402D400078007803F803F80FF80FF8F078F078FFFFFFFF00780078007800780078FFFFFFFC01E00FFE7FF001800F007803C01FE0FF079FF0FF803FE1FF3C1FE0FF00780333
:402D8000FF9FFCF06783FC1FE0FF079FF0FF80FFFFFFFC1FE0F01E00F01E00F007803C01E00F007803C01E003FE1FF3C1FE0FF07F83CFF87FC306783FC1FE0FF079FF0FFC1
:402DC000803FE1FF3C1FE0FF07F83CFFE7FF007803C01FE0FF079FF0FF80FF0000FF3CF00000000F3CF3FCF003F81FC1E00F03C01E03C01E003001E001E00F007801FC0F27
:402E0000E0FFFFFFC000000FFFFFFCFE07F001E00F001E00F001E00F00600F01E00F00787F03F8003FE1FF3C1FE0F007803C07803C07803C000000000003C01E003FE1FF25
:402E40003C1FE0FF3FF9FFCFFE7FF007803C01E03F019FF0FF8007803C0FF87FCF07F83FFFFFFFF07F83FC1FE0FF07F83FC1E0FFE7FF3C1FE0FF07F83FFF9FFCF06783FCC8
:402E80001FE0FF07FFF3FF803FE1FF3C1FE0FF007803C01E00F007803C01E0FF079FF0FF80FF87FC3C79E3CF07F83FC1FE0FF07F83FC79E3CF1E7FC3FE00FFFFFFFC01E0FC
:402EC0000F007803FE1FF0F007803C01E00F007FFFFFE0FFFFFFFC01E00F007803FE1FF0F007803C01E00F007803C0003FE1FF3C1FE0FF007803CFFE7FF07F83FC1FE0FFE0
:402F0000079FF0FF80F07F83FC1FE0FF07F83FFFFFFFF07F83FC1FE0FF07F83FC1E0FFFFCF0783C1E0F0783C1E0F0783C7FFFE0FF87FC07803C01E00F007803C01E00F0031
:402F400079E3CF1E1FC0FE00F07F83FC79E3CFF87FC3F81FC0FE07FC3C79E3CF1E783FC1E0F007803C01E00F007803C01E00F007803C01E00F007FFFFFE0F01FE03FF9FF01
:402F8000F3FFFFFFFFFC67F8CFF01FE03FC07F80FF01FE03FC0780F07F83FF9FFCFFFFFFFFFFFFFFF3FF9FFC1FE0FF07F83FC1E03FE1FF3C1FE0FF07F83FC1FE0FF07F8341
:402FC000FC1FE0FF079FF0FF80FFE7FF3C1FE0FF07F83FFF9FFCF007803C01E00F007803C0003FE1FF3C1FE0FF07F83FC1FE0FF07F83FC1E7FC3FE01FC0FE0FFE7FF3C1F10
:40300000E0FF07F83FFF9FFCFF87FC3C79E3CF1E783FC1E03FE1FF3C1FE0FF007800FF87FC006003C01FE0FF079FF0FF80FFFFFFC1E00F007803C01E00F007803C01E00F48
:40304000007803C01E00F07F83FC1FE0FF07F83FC1FE0FF07F83FC1FE0FF079FF0FF80F07F83FC1FE0FF07F83FC1FE0FF07F83FC1E7FC3FE03C01E00F01FE03FC07F80FFED
:4030800001FE03FC67F8CFF19FFFFFF9FFF3FFE7FE03FC0780F07F83FC1FE0F3FE1FF01E00F03FE1FF0C19E0FF07F83FC1E0F07F83FC1FE0FF07F83CFF87FC07803C01E0B7
:4030C0000F007803C01E00FFFFFFC01E00F01E00F01E00F03C01E03C01E00F007FFFFFE0FFFFFC1E0F0783C1E0F0783C1E0F07FFFEF00078000F0007800078003C000600FC
:4031000003E00078003C001E0001F000F8FFFFC1E0F0783C1E0F0783C1E0F07FFFFE018003001F803F0046078F0E067C0FF81F800F0018FFFFFFFFF0C3000C3030C03FE154
:40314000FF001E00F3FF9FFCC1FE0FF079FFCFFEF007803C01E00FFE7FF3C19E0FF07F83FC1FFFCFFE003FE7FFC0780F01E03C07803007FCFF80007803C01E00F3FF9FFCA0
:40318000C1FE0FF07F83FC1E7FF3FF803FE1FF3C1FE0FFFFFFFFC01E003001FF0FF80FE1FCF01E0FFFFFCF01E03C0780F01E03C03FF9FFFC1FE0FF07F83CFFE7FF007803C2
:4031C000C01FFFCFFE00F007803C01E00FFE7FF3C19E0FF07F83FC1FE0FF07803C1E00000FC7E0F0783C1E0F1FFFF801E03C0000001E03C0780F01E03C0780F01FFF3FE0E3
:40320000F007803C01E00F1E78F3FE1FF0F1E78F3C79E0FF0780FC7E0F0783C1E0F0783C1E0F1FFFF8F079E0F3FFFFFFFFFFFFFFFC67F8CFF19FE03FC078FFE7FF3C1FE0D2
:40324000FF07F83FC1FE0FF07F83FC1E3FE1FF3C1FE0FF07F83FC1FE0F3061FF0FF8FFE7FF3C1FE0FF07F83FFF9FFCF007803C01E00F00003FF9FFFC1FE0FF07F83CFFE74F
:40328000FF007803C01E00F00780FFE7FF3C1FE0FF007803C01E00F007803C003FF9FFFC01E003FE1FF001800F007FFF3FF807803C3FFFFFF07803C01E00F007803C01E0CE
:4032C00007F03F80F07F83FC1FE0FF07F83FC1FE0FF079FFCFFEF07F83FC1FE0FF07F83CC187FC3FE03C01E0F01FE03FC67F8CFF19FFFFCFFE1FFC3C7878F0F1E0F07F8368
:40330000CFF87FC07803C0FF87FC306783FC1EF07F83FC1FE0FF07F83CFFE7FF01E00F0079FF0FF800FFFFFFC07803C07803C01E07803C07FFFFFE0783CF0783C1E3C1E0DC
:403340003C1E0F0783C03C1EFFFFFFFFFFFFFFFFF0F0780F0783C1E01E0F3C1E0F0783C783C03F867F0F0FE61FC0000000000101120000000100040F1207F20009000D0616
:403380001202F2001300120F1200F20035000D0F1202F2004E000C0F1202F20065000F0F1202F200820009061207F2008900090F1204F2009A00090F1204F200AB00120ABA
:4033C0001200F400C2000D0B1202F400D40006061204FD00D9000D021202F800DD0004041207FD00DF00110D1202F400FB000D0F1202F20014010D0F1202F2002D010D0F60
:403400001202F20046010D0F1202F2005F01100F1202F2007D010D0F1202F20096010D0F1202F200AF010D0F1202F200C8010D0F1202F200E1010D0F1202F200FA01040877
:403440001207F600FE01060D1204F60008020D0F1202F20021020D061202F6002B020D0F1202F20044020D0F1202F2005D020D0F1202F20076020D0F1202F2008F020D0F34
:403480001202F200A8020D0F1202F200C1020D0F1202F200DA020D0F1202F200F3020D0F1202F2000C030D0F1202F20025030D0F1202F2003E03090F1204F2004F030D0FF6
:4034C0001202F20068030D0F1202F20081030D0F1202F2009A030F0F1202F200B7030D0F1202F200D0030D0F1202F200E9030D0F1202F20002040D0F1202F2001B040D0F90
:403500001202F20034040D0F1202F2004D040D0F1202F20066040D0F1202F2007F040D0F1202F20098040F0F1202F200B5040D0F1202F200CE040D0F1202F200E7040D0FF1
:403540001202F2000005090F1204F2001105110D1202F4002D05090F1204F2003E050F0B1202F2005305120212000100580506071204F1005E050D0B1202F60070050D0D2B
:403580001202F40086050B0B1202F60096050D0D1202F400AC050D0B1202F600BE050B0D1204F400D0050D0D1202F600E6050D0D1202F400FC05090D1204F4000B060B0F91
:4035C0001204F40020060D0D1202F4003606090D1204F40045060F0B1202F6005A060D0B1202F6006C060D0B1202F6007E060D0D1202F60094060D0D1202F600AA060D0B6A
:403600001202F600BC060D0B1202F600CE060D0D1202F400E4060D0B1202F600F6060D0B1202F60008070F0B1202F6001D070D0B1202F6002F070D0D1202F60045070D0B45
:403640001202F6005707090F1204F200680704111207F2007107090F1204F20082070F041202F900E02B02006C330200207E120000FFC3C78F186318CFFD8CFFD8C6318C37
:4036800018FF03E060BF0CC33186210CE37CC67C7848C7C67F1B301B318C2183C306319198630F8FFCF86300183067F183006F00FEF001C180E02030180C007D8F7FBC78BA
:4036C000F1BE1831E0C183067F7D8C186608307F7D8C19E040F1BE061E3EC6FF060606FF83F02060F1BE7D8F07EC58F1BEFF8C30C183060C7D8F1BE458F1BE7D8F1BF06080
:40370000F1BEC36006F00F1860C04020180FFE03F8F03030304106787D8C186180000C7D8F3E7C1830BE18FB1FFC78F1E3FD8F1FEC58F1FE7D8F060C1831BEF99B1E3C78FE
:40374000B37CFF83078C18307FFF83078C1830607D8F06FC78F1BEC78F1FFC78F1E3FB18C6319F3E183060C1B33CC79BE78F193363C183060C18307FC3F7FFCBC3C3C3C31C
:40378000C7EFFFFDF8F1E37D8F1E3C78F1BEFD8F1FEC1830607CC3C3C3C3C37C0FFD8F1FEF9931637D8F03E040F1BEFE3060C183060CC78F1E3C78F1BEC78F1E3C78DF0C76
:4037C000C3C3C3CBCBF7F7C3C78DF0C18CB1E3C78F1BE183060CFE0C30C608307FFCCCCCCFC0180180200601801CF333333F083C2442C381FFC081107C0DFA3C6FC0C183EF
:40380000F62C78FF007F0C3041F0060DFA3C78DF807D8FFE040F803D8FD86186007F8F1BF060FF00C183F62C78F1806038C633E00C00C30C30FEC18337CC99B180E318C6A8
:4038400033E0C6FFFFCBC3C3FD8F1E3C78C07D8F1E344F80FD8F1FEC1830007F8F1BF060C180FD8F060C18007F81F0207F8018FF181818180FC78F1E3C6FC0C78F1A2383FC
:4038800000C3CBCB7E6666C6F860C658C0C78F1BF0C1BE00FE1860C61FC01B19863183FFFFC0C318363198798F000000000001010A000000010002080A04F9000300070335
:4038C0000A01F90006000A080A00F900100007080A01F900170006080A01F9001D0008080A01F900250005030A04F900270005080A02F9002C0005080A02F90031000A0541
:403900000A00FA00380007060A01FA003E0003030A02FF00400007010A01FC00410002020A04FF0042000A070A01FA004B0007080A01F900520007080A01F90059000708C6
:403940000A01F900600007080A01F900670008080A01F9006F0007080A01F900760007080A01F9007D0007080A01F900840007080A01F9008B0007080A01F90092000204ED
:403980000A04FB00930003070A02FB00960008080A01F9009E0007030A01FB00A10007080A01F900A80007080A01F900AF0007080A01F900B60007080A01F900BD0007083C
:4039C0000A01F900C40007080A01F900CB0007080A01F900D20007080A01F900D90007080A01F900E00007080A01F900E70007080A01F900EE0005080A02F900F30007084E
:403A00000A01F900FA0007080A01F900010107080A01F900080108080A01F900100107080A01F900170107080A01F9001E0107080A01F900250108080A01F9002D0107084B
:403A40000A01F900340107080A01F9003B0107080A01F900420107080A01F900490107080A01F900500108080A01F900580107080A01F9005F0107080A01F900660107083E
:403A80000A01F9006D0104080A02F90071010A070A01FA007A0104080A03F9007E0108060A01F90084010A010A000100860103040A02F800880107060A01FB008E01070777
:403AC0000A01FA00950106060A01FB009A0107070A01FA00A10107060A01FB00A70106070A02FA00AD0107070A01FB00B40107070A01FA00BB0105070A02FA00C0010608D4
:403B00000A02FA00C60107070A01FA00CD0105070A02FA00D20108060A01FB00D80107060A01FB00DE0107060A01FB00E40107070A01FB00EB0107070A01FB00F201070607
:403B40000A01FB00F80107060A01FB00FE0108070A01FA00050207060A01FB000B0207060A01FB00110208060A01FB00170207060A01FB001D0207070A01FB00240207062D
:403B80000A01FB002A0205080A02F9002F0202090A04F900320205080A02F900370208020A01FC0070360200AC380200207E0A0000FFD0999990161414147F2828FE285090
:403BC00050183C5A5858781C1F19D9DB7E18187046C22221120890390018009E090848444661E03C10842108240E06833284A0C478F2F829692492248889324924A4A025BC
:403C00005CEE90102047F10204082D20F0800408104082041820410200388914183060C1838911C0711111111111788E0C10208104186187F07C8A081020860303071BE0B6
:403C400004040C1C14242444C4FF04043E4082040F0181030713C00C1041820F11C1830513C0FE041020810408204104007D8E0C14471141830511C0388A0C18288F041822
:403C80002080C020200256C0031CE0E01C03FF0000FFC038070738C07B184319CC2289C0081F06110167591B43684D09F34BB0C00FC004008028050190220421FC2088095E
:403CC000012010F90A0C1830BF4383061FE01F1850080804020100C0200C23F0FE20C80A03806018060180E02813F8FE082083F82082083FFE082083F8208208201F830EEB
:403D0000402C0080080081F801C014023040F880C06030180FFE030180C0603010FFF008421084210842E08343231109070241308C4220902084210842108421F02020C037
:403D4000C3030A142850A14449912643090C2420A00200601C0681906618C6198360780E010F8183180C802800C0060030014013018C181F00F90E0C1830BE40810204009D
:403D80000F81831004802800C006003001419B068C081FE00100FD0A0C1830FF70B13234307D8E0404060301030713C0FE2040810204081020408080C06030180C060301E1
:403DC00080C0D047C080B024190461088220481407008020C1028305061B0C222C44498C920A341C38386020C04080413108828140402028221110583080A098C44140A045
:403E0000201008040201007F00808080404060202010101FF0F249249249384040201010080C04020201E4924924927832967FFEC8803D43818181433D8102040817B14111
:403E4000830715C03D08208103C0020408102751C1830519D03C8E0FF808CF003A10847D084210803D43818181433D01837C82082083ECE18618618FF08FFE81020408117D
:403E8000A658E1222420FFF0F7466231188C4622BB18618618403C42818181423CB98A0C1838AF4081003A8E0C1828CE810204BC8888807A181E041F80492E92490086185A
:403EC00061873780C24264243818104434626662942941081080422418183C244242622424181810102020FC2108610FC07444444844444470FFE0E2222221222222E07199
:403F00005986000000000101100000000100010C1007F500030004051005F5000600080B1004F6001100080E1004F5001F000D0C1001F50033000A0C1003F5004200010536
:403F40001007F5004300030F1006F5004900030F1006F5004F0005061005F500530007081004F9005A0003051006FF005C0004011006FD005D000101100400005E00070CCD
:403F80001003F5006900070C1003F5007400040C1005F5007A00070C1004F5008500070C1004F5009000080C1003F5009C00070C1004F500A700070C1004F500B200070CC4
:403FC0001004F500BD00070C1004F500C800070B1004F500D20002061005FB00D40003091004FB00D80008061003FA00DE0008041004FB00E20008061004FA00E800060C3F
:404000001005F500F1000B0C1002F50002010B0C1002F5001301070C1004F5001E01090C1002F5002C010A0C1003F5003B01060C1004F5004401060C1005F5004D010C0C72
:404040001002F5005F01090C1003F5006D01010C1007F5006F01050C1004F5007701090C1004F5008501050C1004F5008D010E0C1001F500A2010A0C1003F500B1010D0C3B
:404080001001F500C501070C1005F500D0010D0D1002F500E601070C1004F500F101070C1004F500FC01070C1003F5000702090C1003F50015020A0C1002F50024020F0C61
:4040C0001000F5003B02090C1003F5004902090C1003F5005702090C1003F5006502030F1006F5006B02080B1004F6007602030F1006F5007C0205031005F6007E021001BE
:4041000010000100800203031005F600820208071004FA008902070C1004F500940206071004FA009A02070C1003F500A50207071004FA00AC02050C1005F500B402080AD7
:404140001004FA00BE02060C1005F500C702010C1007F500C902010F1007F500CB02070C1005F500D602010C1007F500D80209071003FA00E00206071005FA00E6020807C5
:404180001004FA00ED02070A1004FA00F602070A1004FA00FF0204071006FA00030306071005FA000903030B1006F6000E0306071005FA00140308071004FA001B030C07D6
:4041C0001002FA00260308071004FA002D03080A1004FA00370306071004FA003D03040F1005F5004503010B1007F6004703040F1006F5004F0308031004FC00B03B020048
:40420000043F0200207E140000DB6492480DF08C6318C40012090C864323FC8844267FBFC48243219008083E7F634340601C0301C141637E18080820782611088CCFC848AD
:40424000181113D1308844261E07003C1F188C462130F03079A4B1D8CC63F8E6FC0C630C618430C30C30C30C1061830C1830C1820C1061820C30C30C308618430863001006
:40428000225BE30FA5881008080808FFFF080808DFA500FFF0DF000180804060203018080C040203010180C040602010180038FB162870E1C3870E1E3C4F8E001020478F23
:4042C000020408102040811FFF8079FA1C3060C1820C1061861FFF8079FA1C3060CF1E060E0C3C7F9E000206060E1A1232226242FFFF0202027EFD060C1FBF4306040C3859
:404300007F9E003CFF1E3817BFC383060E3C6F9E00FFFC1820C1820C1820C1830418003C7E634141633E3E6341C141637E3C3E7F6343C1C14143633F1A06040C18DF003792
:40434000C0DF0037E94001030E1870C0E0381C070101FFFF000000FFFF80E0301C0701030E3870C0807DFE1C1020C18618204003070C003E7F41414D4FD9D9D9C94F45405F
:40438000417F3E181C1C141434362622227E7F4343C1FDFE1C3870FF7E87060C187FFF007DFF1E381020408102063C7F9F00F9FA1C3870E1C3870E1C387FBE00FFFE040855
:4043C000103FFF810204081FFF80FFFE040810207FFF0204081020007DFF1E381020478F0E1E3C7FDC80870E1C3870FFFF870E1C3870E180FFFC4081020408102040811F47
:40440000FF80060C183060C183060E1C387F9E008386848C9898B8ACECC4C486868683C183060C183060C183060C1FFF80C1C3E3E3F5D5DDD9C9C9C1C1C1C1C1C3870F1EBA
:40444000346CC99B162C7870E0807DFF1C387060C183061C3C7FDF00FDFE1C183060C3FFFA04081020007DFF1C383060C183060C3C7FDF04081C18FCFE8682828286FEFC41
:4044800098888C8486833E7F43C340607C1E030301C3437E3CFFFF08080808080808080808080808870E1C3870E1C3870E1C3C7FDF00C1436363626226263634141C1C18A9
:4044C00018C1E0F2792D96C974AA552A99CCE633198C63318C86C140E070381C1A0D84C6321B06C1B198C6C360E070100804020100804020FFFC1060C306183041830C1F90
:40450000FF80FFE1084210842108421084210FFCC060100C060100C020100C020180C02018040201804030FFF0C30C30C30C30C30C30C30C30C3FFF0180E05068263118D11
:4045400083FFFFC0E21079FB1833FCE1C3FEECC183060C1BBF63C78F1E3C7FF7007DFF1E38103063FCF8060C18306EFFE3870E1C3C7FDD8078FB1C3FFFE063FCF81E3F21A8
:404580002020FFFF20202020202020200181C087C7F3190CC67F1F180FC7F20F07FE7F00C183060C1BBFE3C78F1E3C78F18031C300E38208208208FFF00C30C03CF041042B
:4045C0001041041861FDE0C0C0C0C0C0C7CCD8D8ECECC4C6C6C3F3C30C30C30C30C30C33FFC0F37FB2793C9E4F2793C9E4C0DDFF1E3C78F1E3C78C79FB1E3870F1E3FCF0B4
:40460000FDFB1E3C78F1E3FDBB060C180077FF1C3870E1E3FEEC183060C0DDFF8E1C183060C18079FA140781C1C3FCF0202020FFFF202020202121371EC78F1E3C78F1E34B
:40464000FEECC14363622636341C1C18C1E0F2492592A95CCE67310063110D838180E0D04C6360C0C1636226363C1C18181030302060FFFC30C1861820FFFC1E3CC0810289
:40468000060C1833E78183060C18204181E3C0FFFFFCF8F808081818181010101F1F1010101818180808F8F871DF870000000101090000000100030F0903F20007000507D5
:4046C0000902F2000C00090F0900F2001D0008120900F1002F0009110900F1004300090F0900F200540001060904F200550006160902EF00660006160901EF00770007090D
:404700000901F2007F0008090900F500880003060903FE008B0006020901FA008D0003030903FE008F0009140900F000A600070F0901F200B400070F0901F200C200070F25
:404740000901F200D000070F0901F200DE00080F0900F200ED00070F0901F200FB00070F0901F2000901070F0901F2001701080F0900F2002601080F0900F200350103099E
:404780000903F8003901030C0903F7003E01080C0900F4004A0108070900F6005101080C0900F4005D01070F0901F2006B0108100900F4007B01080F0900F2008A01070F7D
:4047C0000901F2009801070F0901F200A601070F0901F200B401070F0901F200C201070F0901F200D001070F0901F200DE01070F0901F200EC01070F0901F200FA01070FD9
:404800000901F2000802080F0901F2001702070F0901F2002502080F0900F2003402070F0901F2004202070F0901F2005002070F0901F2005E0207130901F2006F02080FFB
:404840000901F2007E02080F0900F2008D02080F0900F2009C02070F0901F200AA02080F0900F200B902090F0900F200CA02090F0900F200DB02090F0900F200EC02070FFA
:404880000901F200FA0205160903EF00080309140900F0001F0306160900EF00300309080900F20039030902090002003C0304030902F3003E03070A0901F7004703070F0B
:4048C0000901F2005503070A0901F7005E03070F0901F2006C03070A0901F7007503080F0900F200840309110900F4009803070F0901F200A603060E0902F300B103061202
:404900000901F300BF03080F0901F200CE03060F0902F200DA03090A0900F700E603070A0901F700EF03070A0901F700F803070E0901F7000504070E0901F7001204070A7C
:404940000901F7001B04070A0901F7002404080D0900F4003104070A0901F7003A04080A0900F7004404090A0900F7005004090A0900F7005C04080E0900F7006A04070A7D
:404980000901F700730407160901EF00870401160904EF008A0408160900EF00A00408030900F80008420200AC460200207E150000DB6DB6D80DF0C3C3C3C3C3C3000840D7
:4049C0008408C18C18C7FF188108108FFEFFE31831831821000C0180FE7FEC0D81B007003F007803003C0581BFF1F80C01801807E06204204216237EC1B006019867E862B0
:404A000004204204207E03C01F03FC30C20C20C3181F00E0363622C16C1CE0C7FE3E30FFF0070C1830306060C0C0C0C0C0C0C0C060603030180C07E030180C0E06070303D1
:404A400003030303030307060E0C1830E00C0304CBFF1E078F7D320C03000C018030060FFFFFC300600C00DFAD00FFFFDF0000300300600600C00C018010030020060040BF
:404A80000C0180180300300600600C001E0FC61B06C0F03C0F03C0F03C0D06618FC1E0040300C1F07C0300C0300C0300C0300C3FFFFC3F3FEC0F0300C0300C060381C0E0FC
:404AC00060303FFFFC3F3FEC0F0300C031F87E00C03C0F03C0DFE3F00180700E03C0D8330C610C619833FFFFF0180300607FDFF601806017C7FB0300C0300F03C0DFE3F029
:404B00001F8FF60D03C037CFFF03C0F01C070360DFE3F0FFFFF00C060180C03018060180C030180603003F1FEC0F03C0F037F9FEE1F03C0703C0DFE3F03F1FEC0F03C070A1
:404B40001C0F03E1DFF1980C030181C0DF0037C0DF0037EB4000603C1E0E0F01803801C00F0078038010FFFFFC00000001FFFFF8801C01E007003C01C078383C1E0300402C
:404B8000003F3FFC0F0300C0301C0C060300C0000C0380C03F0FFB036028751FA2144288518A3F432C01805FF9FC0600700F00F00D819819818830C30C3FC3FE606606C0AB
:404BC00030FF1FFB03606C0D81BFE7FCC0D81B01E03C0DFFBFE03F9FFE0F03C0300C0300C0300C0303E0DFE3F0FF3FEC1F03C0F03C0F03C0F03C0F03C1FFEFF0FFFFFC038D
:404C000000C0300FFFFFC0300C0300C03FFFFCFFFFFC0300C0300C03FFFFF00C0300C0300C003F9FFE0F03C0300C031FC7F03C0F03E1DFD3E4C0F03C0F03C0F03FFFFFC056
:404C4000F03C0F03C0F03C0CFFFFF0C0300C0300C0300C0300C0300C3FFFFC00C0300C0300C0300C0300C03C0F03C1DFE3F0C0F81B06618C619C33C6D8F39C3306606C0D28
:404C800081B018C0300C0300C0300C0300C0300C0300C03FFFFCC0781F83D0FB3726E79C738C708E01C0380700E018C0F83E0FC3F8F63CCF33C6F1BC3F07C1F03C0C3F9FB6
:404CC000FC0F03C0F03C0F03C0F03C0F03C0DFF3F8FF9FFB03606C0780F03606FFDFF300600C018030003F0FF303606C0D81B03606C0D81B03606C0CFF8FC01002007C071C
:404D000080FF9FFB03603C0780F037FEFF98C30C61CC1981B0383F9FFC0F03C03807E07E01C0300F03C0FFE3F0FFFFFC300600C0180300600C0180300600C0180300C0F063
:404D40003C0F03C0F03C0F03C0F03C0F03C0DFF3F8E0360660630630C30C30C1881981980D00F00F00700600C03C03C63C634634736F269269669E79E70E30E30E30C0707A
:404D8000730638C19C0D80F00700700F01D819830C30E606E070E0360630C18C1980F00700600600600600600600600600FFFFF0180E03018060301C060301C0603FFFFC8C
:404DC000FFFFC0C0C0C0C0C0C0C0C0C0C0C0C0C0C0C0C0C0FFFFC004006002003001001800C00C006006003003001801800C004006002003FFFF0303030303030303030339
:404E00000303030303030303FFFF0600F00D019818C30C606E07FFFFFFE0C0C03F0FF1020061FCF1B0360EFFEF9CC0300C0300C033CFFB83C0F03C0F03E0FFECF03F1FF64E
:404E40000F03C0300C01837F8FC000C0300C0300CF37FF87C0F03C0F03E1DFF3EC3F1FE60F03FFFFFC01837F8FC00FC3FCC1980301FFFFF980300600C0180300600C0000E9
:404E8000700F0081F83FC6066066063FE1F83007FC7FF403C03FFF7FE0C0300C0300C033EFFB83C0F03C0F03C0F03C0C1C0E07000F87C06030180C06030FFFFC0181C060C0
:404EC00001F8FC06030180C06030180F07837F9F80C0180300600C0181F06638CF1B63C660CC0D81B018FC7E030180C06030180C06030180C7FFFEDCEFFFC63C63C63C6354
:404F0000C63C63C63C63CFBFEE0F03C0F03C0F03C0F0303F1FE60F03C0F03C0D837F8FC0CF3FEE0F03C0F03C0F83DFB3EC0300C030003CDFFE1F03C0F03C0F877FCF300C57
:404F40000300C030C7B7FF0781C0300C0300C030003F1FEC0B007F00E00F03738FC0300600C07FFFFE600C018030060CC18FF0FCC0F03C0F03C0F03C0F077FCF30E036064B
:404F800030630C10C1981980F00F0060C03C634634626F669669639E30C30C70738C1980F00700F019838C70EE07E0760630C30C1981B00F00600600C0180180300700FFBD
:404FC000FFF0381C0E070381C0FFFFF007E1FC300600C0180180300600C3F87F00600C018030060180300600FE0FC0FFFFFFFFFFF0F83F00C0300C03018060180601FC3F41
:4050000018060180600C0300C030FC3E00783BFE1E000000000001010C0000000100030F0C05F200070008070C02F2000E000C0F0C00F20025000B120C01F1003E000C116D
:405040000C00F10058000C0F0C00F2006F0002060C05F200710008160C03EF00870008160C01EF009D000A0A0C01F200AA000B090C01F500B70003060C05FE00BA00080217
:405080000C02FA00BC0003030C05FE00BE000C140C00F000DC000A0F0C01F200EF000A0F0C01F20002010A0F0C01F20015010A0F0C01F20028010B0F0C01F2003D010A0F60
:4050C0000C01F20050010A0F0C01F20063010A0F0C01F20076010A0F0C01F20089010A0F0C01F2009C0103090C05F800A001030C0C05F700A5010B0C0C01F400B6010B07AA
:405100000C01F600C0010B0C0C01F400D1010A0F0C01F200E4010B100C01F400FA010C0F0C00F20011020B0F0C01F20026020A0F0C01F20039020A0F0C01F2004C020A0F6E
:405140000C01F2005F020A0F0C01F20072020A0F0C01F20085020A0F0C01F20098020A0F0C01F200AB020A0F0C01F200BE020B0F0C01F200D3020A0F0C01F200E6020B0F4D
:405180000C01F200FB020A0F0C01F2000E030A0F0C01F20021030B0F0C01F20036030B130C01F20051030B0F0C01F20066030A0F0C01F20079030B0F0C01F2008E030A0FF2
:4051C0000C01F200A1030C0F0C00F200B8030C0F0C00F200CF030C0F0C00F200E6030C0F0C00F200FD030A0F0C01F200100408160C04EF0026040C140C00F000440408163D
:405200000C01EF005A040C080C00F20066040C020C000200690406030C03F3006C040B0A0C01F7007A040A0F0C01F2008D040A0A0C01F7009A040A0F0C01F200AD040A0AC1
:405240000C01F700BA040B0F0C00F200CF040C110C00F400E9040A0F0C01F200FC04090E0C02F3000C0509120C01F30021050B0F0C01F2003605090F0C02F20047050C0A27
:405280000C00F70056050A0A0C01F70063050A0A0C01F70070050A0E0C01F70082050A0E0C01F70094050A0A0C01F700A1050A0A0C01F700AE050B0D0C00F400C0050A0AB1
:4052C0000C01F700CD050C0A0C00F700DC050C0A0C00F700EB050C0A0C00F700FA050C0E0C00F7000F060A0A0C01F7001C060B160C01EF003B0602160C05EF0041060A1674
:405300000C01EF005D060B030C01F800B049020014500200207E150000FFEA3FCE28A288001108844267F99089FF2211098CC010107EC38380E03C030383C37E101078647A
:40534000221117881830206746422110C83C3E3198CC6260C0E29BC76199C790EA800E30C106083060C1830206040C0C0EC081060830C10410C3086108C0112759E39AE42E
:40538000880804021FF0804020FEFCFC008040402020301018080C040602030101803866C6828383838382C6663C183067C183060C183067F07CC683030302060C1830C0CE
:4053C000FF7CC68303023C02038383C67C030381C161B1988C86FF8180C0607E4040C0FCC603038383C67C3E63C380BCE6838383C3667CFF030206040C0818103030607C2F
:40540000C68383C27CC6838383C67C7CC683838383C37E060C0830FC0FC0FC03F80183870C0E01C038070080FF8000000FF8E01C0380701838E1C080007EC78303030C18B9
:4054400018001818183F309029D49A4722934FA0100C13F80C060702C16190CC46633F907830FE86838382FC8383838383FE7EC3C3808080808083C3C67CFC86828383833D
:405480008383838286FCFF80808080FF8080808080FFFF80808080FF8080808080807EC3C380808F838383C3C7798383838383FF838383838383FE3060C183060C18306792
:4054C000F003030303030303038382C67C8386848C9CBCA4C6C6828383C0C0C0C0C0C0C0C0C0C0C0FFC1F0F8FE5D6EE73391C0E0703810C3C3E3A3B3939B8B878783837E76
:40550000C68383838383838383C67EFE878383838383FE808080807CC68383838383838383C67E080C07FE8383838383FE888C8682833F31D0680601F01C03C1A0D8C7C0D6
:40554000FF1818181818181818181818838383838383838383C3C67EC1A0D84C223110C82C160E030180C0E4723994CAAD56A7533198CC2061918CC2C1C060702C32119807
:405580007830C1B088C6C1C06030180C06030180FE041860C3041860C307F0FE0820820820820820820820FC8020100403008060100C0201804030080601FE0C183060C10A
:4055C00083060C183060C183FE0C0E058642330B06FF80C37CC6C21EE282CE7BC0C0C0C0DEE6C3C3C3C3E6DE7D8F0C081871BE02040817B8F0C183871BD07D8E0FF81871D7
:40560000BE1F18C8640FF1008040201008040001810F8C241B08FC60403FF03817F8C183060DFCF0E1C3870E1030C000F0C30C30C33F060C0003E0C183060C183878DF0078
:40564000C0C0C0C0C3C4DCF4E6C2C3C1F0C30C30C30C30C33FFBE672391C8E472391DFCF0E1C3870E17CC6C28383C2C67CFEE6C3C3C3C3E6FEC0C0C07B8F0C183871BD026D
:405680000408DEF3C3C0C0C0C0C07D8E03E07071BE20103FC40201008043318F80C3870E1C3871BDC1B098C46320B0701880E4532BB55A998C466199878181C1B18D83C140
:4056C000B088C6C140E0203030101800FE0C30C30C307F1F18101818080808F8080808181810181FFFFF80F80C0C08081818180F18101808080C0CF878C7C00000000101FF
:40570000090000000100020C0904F500040006060902F5000900090C0900F5001700080F0901F3002600090E0900F5003600090C0900F500440002050904F50046000711C9
:405740000902F300550006110901F300620007080901F500690009070900F800710002040904FF00720006010902FB00730002030904FE00740009100900F3008600080C30
:405780000901F5009200070C0901F5009D00080C0901F500A900080C0901F500B500090C0900F500C300080C0901F500CF00080C0901F500DB00080C0901F500E700080C71
:4057C0000901F500F300080C0901F500FF0002090904F8000201020B0904F800050109090900F700100109050900F900160109090900F7002101080C0901F5002D01090DA5
:405800000900F6003C01090C0900F5004A01080C0901F5005601080C0901F5006201080C0901F5006E01080C0901F5007A01080C0901F5008601080C0901F5009201080C8A
:405840000901F5009E01070C0901F500A901080C0901F500B501080C0901F500C101080C0901F500CD01090C0900F500DB01080C0901F500E701080C0901F500F301080C4A
:405880000901F500FF01080F0901F5000E02080C0901F5001A02090C0900F5002802080C0901F5003402080C0901F5004002090C0900F5004E02090C0900F5005C02090CD0
:4058C0000900F5006A02090C0900F5007802070C0901F500830206110903F300900209100900F300A20207110900F300B10209070900F500B902090109000200BB02040251
:405900000903F500BC0208080901F900C402080C0901F500D00207080901F900D702070C0901F500E20207080901F900E902090C0900F500F702090D0900F7000603070CCE
:405940000901F5001103060C0902F5001A03070F0901F5002803080C0901F5003403060C0902F5003D0309080900F900460307080901F9004D0308080901F9005503080BCD
:405980000901F9006003070B0901F9006A0308080901F900720307080901F9007903090A0900F700850307080901F9008C0309080900F900950309080900F9009E0309083D
:4059C0000900F900A703090B0900F900B40307080901F900BB0308110901F300CC0301110904F300CF0308110900F300E00309020900FA0018530200FC560200207E100020
:405A00000055551D4A5294802448912FE5127E489122401047D1C7060F041C5178410070A242974104105D289121438038911247861DEA8D1333B0F83244C8888888C442A5
:405A400030846231111111326480115FC4FD510010413F104100D5F874020810208106081060810408104039A451471C5145168E2109C210842109F0F4E21084622221F078
:405A8000F4E210B8218C66E00C1870E2C59326FE183060FC210F4C218C66E07E630F6E318C76E0F8423108C423108039345144E4F1C716CE393C71C7145F0C210C7407405F
:405AC000740354047330C1818304FC0000FCC1818304633080F4E21088840118407914679659659E04117C1060E142851A264CF91630F46318FA318C63F03D9450C30C3059
:405B00004516CEF4E318C6318C67E0FC21087E108421F0FC21087E108421003D9450C33C714514DD8C6318FE318C6310F9084210842109F0041041041041C514DE8E2924BA
:405B4000B2CD368A28A384210842108421F0C78F3D7AF6E5CB870E1C308C739ED6B39CE310793471C71C71C514DEF4E318C63F8421007899122C58B162448933C0810380FE
:405B8000FA28A28A2FAC9268A33D3C7041E0C1C714DEFC41041041041041048C6318C6318C67E0C6891224CD0A142870C08083065CBD5E9B366CD9322044C8A143820C149D
:405BC00068991630C689B14382040810204080F84623118C4621F0FC210842108421084210F88181020604080810202040C08103F8C6318C6318C6318C63F81070A144C8E7
:405C0000B180FECC74E27CC67D84210B6E318C7760766308476E08421ECE318C67D074E3F8476E3D9450FD04104104100611E224489F3040FA0C3FC084210B6E318C631090
:405C400021000E10842109F018C0078C6318C639CFC08208208E4B3CD228A3E1084210842109F0FDAE4C993264C9B6E318C63176E318C76EB6E318C7768420ECE318C67DA5
:405C80000842BE63084210F4E1E1C67E410FD041041164F08C6318C67DC6891342850C08830E56A6CD9B2644D8A083851363C689314386041020C100F8C446221F3C820838
:405CC00020C30CE0C30C2082083CFFFF80F0410430C2081C8208304104F0767000000101070000000100020C0702F500040005060701F5000800070C0700F5001300060F21
:405D00000700F3001F00070E0700F5002C00070C0700F500370001050703F500380004110702F300410004110701F3004A0006070700F500500006070700F800560002041D
:405D40000702FF00570005010701FB00580002030702FE00590007100700F3006700060C0700F5007000050C0701F5007800050C0701F5008000050C0701F5008800070C4B
:405D80000700F5009300050C0701F5009B00050C0701F500A300050C0701F500AB00060C0700F500B400060C0700F500BD0002090702F800C000020B0702F800C300060908
:405DC0000700F700CA0006050700F900CE0006090700F700D500050C0701F500DD00060D0700F600E700070C0700F500F200050C0701F500FA00060C0700F5000301050C12
:405E00000701F5000B01050C0701F5001301050C0701F5001B01060C0700F5002401050C0701F5002C01050C0701F5003401060C0700F5003D01060C0701F5004601050CA9
:405E40000701F5004E01070C0700F5005901050C0701F5006101060C0700F5006A01050C0701F5007201070F0700F5008001060C0701F5008901060C0700F5009201060C24
:405E80000700F5009B01050C0701F500A301070C0700F500AE01070C0700F500B901070C0700F500C401070C0700F500CF01050C0701F500D70105110702F300E20107106C
:405EC0000700F300F00105110700F300FB0107070700F5000202070107000200030203020702F500040205080701F9000902050C0701F500110205080701F9001602050C0D
:405F00000701F5001E0205080701F9002302060C0700F5002C02070D0700F7003802050C0701F5004002050C0701F5004802050F0701F5005202060C0701F5005B02050CFF
:405F40000701F500630207080700F9006A0205080701F9006F0205080701F9007402050B0701F9007B02050B0701F900820205080701F900870205080701F9008C02060ADB
:405F80000700F700940205080701F900990207080700F900A00207080700F900A70207080700F900AE02070B0700F900B80205080701F900BD0206110701F300CA020111F3
:405FC0000703F300CD0206110700F300DA0206020700FA00005A0200DC5C0200207E100000FDB6D8FF80CF3CF3CC13098CCFF7F993FFFF2633198018187EC3C0E0FC1F07AA
:40600000C3C7FE1818786432191798183060C7C6432190783E3F98C6C3C3CDB78EE33F8F60FFC00E30C3860C3870E1C383060E0C0C0EE1C3061C70C30C30C71C631CE019C2
:40604000275BE3DEE48C0C06031FFFF860307FB6FFF0FF800180C0C06060303018180C0C06060303003C7EC6C6C7C7C7C6C67E3C1833E6C183060C19FFF87CFEC7070606C8
:406080000C1870FFFF7CFEC7073E3E0703C7FE7C030383C36331998DFFFF8180C07E7E60FCFE470303C7FE7C3E7FC3DCFEC7C3C3C7FE7CFFFF06060C0C18183830707CFE0A
:4060C000C3C3FEFEC7C3C3FE7C7CFEC7C3C3C3FE360C1C38FF803FE0FF801FED800083C78F0E03C07C070080FFFFC0000FFFFCC0780F00F0187CF1E080007EFFC303060CAA
:4061000018003838381E3F986834FA4F26934FA0182FF3F00C0E0783C361B8CCFE7F30F860FEFEC7C7FEFEC7C3C3FFFE7EFFC7C0C0C0C0C0C7FE7CFCFEC6C7C7C7C7C7C624
:40614000FEFCFFFFC0C0FFFFC0C0C0FFFFFFFFC0C0FFFFC0C0C0C0C07EFFC7C0CFCFC3C3C3FF7BC7C7C7C7FFFFC7C7C7C7C7FFFC60C183060C19FFF80707070707070707D4
:40618000C6FE7CC7C6CCDCFCFCEEC6C6C7C3C0C0C0C0C0C0C0C0C0FFFFE1F1FCFEFFDF6FA7C3E1F0F860C3E3E3F3F3DBDFCFC7C7C37EFEC7C3C3C3C3C3C7FE7EFEFFC3C3E3
:4061C000C3C7FEFCC0C0C07EFEC7C3C3C3C3C3C7FE7E080F07FEFFC3C3C3FFFCCCCEC6C73F3FD8EC07C1F80F0363BF8F80FFFF181818181818181818C7C7C7C7C7C7C7C7AD
:40620000C7FE7EE1B1D8CE6331B0D83C1E0E0700C1E4F379BDDBEDDEEF73B1D8C073998FC3C1E0E0786C7731F8E0E1B98DC7C1C06030180C060300FFFC3861C70C3861FFCB
:40624000F8FFFC30C30C30C30C30C30C3FFCC03018060300C060180C03018060300C06FFFC3870E1C3870E1C3870E1C3FFFE1C0F0D8666370CFFFFC0E0C07CFEC63EF6C638
:40628000FF7FC0C0C0DEFEC7C7C7C7FEDE7DFF1E0C18FFBE060C1BFFF8F1E3C7FDF87DFF1FFFF83FBE1F1FCC1FEFF180C06030180C000381CF8FE63B1DFC3C7F3FF07FF715
:4062C000F8C18306FFF8F1E3C78F1830C33CF0C30C33FFC00E1C19F3E0C183060C1E3FEF80C0C0C0C7CEDCFCE6C6C7C3F3C30C30C30C33FFC0FBFFF379BCDE6F379BDFFF56
:406300001E3C78F1E37CFEC6C7C7C6FE7CDEFEC7C7C7C7FEDEC0C0C07FFF1E3C78FFBF060C18DEFFC3C0C0C0C0C07DFF1BC0F8FFBE30183FDFE30180C0633F8F80C78F1E42
:406340003C78FFBFE1B1DCC66360F07038C1E4F36FB75BBDCCC67399878381E1B1CDC3E1B18CC6C1E0E0703038181800FFFC30C30C3FFF1F1F1818181C1C1CF8F80C1C184C
:4063800018181F1FFFFFFFFFC0F8FC0C1C181818181F1F1818181C0CFCF878FFE1C0000000000101090000000100030B0903F600060006050902F6000A00090B0900F60032
:4063C0001700080E0901F4002500090D0900F5003400090B0900F600410002050904F600430007110902F300520006110901F3005F0007080901F600660009070900F80003
:406400006E0003050903FE00700006020902FB00720003030903FE007400090F0900F4008500080B0901F6009000070B0901F6009A00080B0901F600A500080B0901F600B4
:40644000B000090B0900F600BD00080B0901F600C800080B0901F600D300080B0901F600DE00080B0901F600E900080B0901F600F40003090903F800F800030B0903F800CD
:40648000FD0009090900F700080109060900F8000F0109090900F7001A01080B0901F6002501090D0900F6003401090B0900F6004101080B0901F6004C01080B0901F6002C
:4064C0005701080B0901F6006201080B0901F6006D01080B0901F6007801080B0901F6008301080B0901F6008E01070B0901F6009801080B0901F600A301080B0901F60013
:40650000AE01080B0901F600B901090B0900F600C601080B0901F600D101080B0901F600DC01080B0901F600E701080E0901F600F501080B0901F6000002090B0900F60001
:406540000D02080B0901F6001802080B0901F6002302090B0900F6003002090B0900F6003D02090B0900F6004A02090B0900F6005702070B0901F600610206110903F300BA
:406580006E02090F0900F4007F0207110900F3008E0209060900F6009502090209000200980205020902F6009A0208080901F900A202080B0901F600AD0207080901F900AD
:4065C000B402070B0901F600BE0207080901F900C502090B0900F600D202090D0900F700E102070B0901F600EB02060B0902F600F402070E0901F6000103080B0901F60027
:406600000C03060B0902F600150309080900F9001E0307080901F900250308080901F9002D03080B0901F9003803070B0901F900420308080901F9004A0307080901F90053
:406640005103090A0900F7005D0307080901F900640309080900F9006D0309080900F900760309080900F9007F03090B0900F9008C0307080901F900930308110901F300D3
:40668000A40302110904F300A90308110900F300BA0309030900FA00E05F0200A0630200207E100000FF40B411844113FF1108421088FFC88221881079528506070B12272E
:4066C0005BE100705112244488A0EB8288511224458720003048485020D0898AC67BC029492489229112492948AB88EA80102047F102040058E080010202040408081010E1
:40670000202040408079286186186149E0650842108427C07A104108421083F07A20423030418FE00418512248BF820408FA083E8C10418BE03D083E8E1861CDE0FC1082D0
:4067400008410821007A1873312861CDE07B3861C5F0430BC08240058008888841041040FE03F88618618CCCC400F4C211910802000F83044024018F990990990999A4FE61
:406780006003000F000818141424227E4341C1FA1863F238618FE03C42C080808080C0633CF91A1C183060C28DF0FA0820FA082083F0FC210FC21084003C8F04081060E193
:4067C000427C83060C1FF060C18304FFC004104104106145E08712450C182848890C82082082082083F080E0F0783A2D16532994C44081C1A1B191898D8583833E31907085
:40680000180C060382631F00FA38618FC82082003E319050180C060383631F01004010F91A1428DE24448D0C3C8D0203018081C6F8FE2040810204081020818181818181EA
:406840008181C37CC1434262262434181818C6346246246269629429429430C1084322241C0818342642C18289114302040810207E08104102083041FCEAAAAAC0804040DF
:406880002020101008080404020201D55555C00818142262C1FE5C8072209E8A2FC082083E8E18618FE039182081178004105F461861C5F07A1FE08317803A11E421084245
:4068C000007E28A27207A28BC082082EC6186186109FC0201249249C84213B72949440AAAAB0F7446231188C4622BB18618618407B3861873780FA3861863FA082007F18B6
:40690000618717C10410BC8888807460E0C5C044F44444708618618617C08289122285040088A4D54AA3519088C52304312C40C689114283040821C07C3184210FC0190876
:4069400042330C21084180FFF8C22222122222C071CE000000000101070000000100010A0301F700030003020501F70004000A0C0C01F6001300070D0800F5001F000B0CCE
:406980000D01F6003000080A0A01F7003A0001020301F7003B00030D0401F5004000030D0401F500450005050701F600490007070801F90050000203030000005100030175
:4069C0000501FC0052000101030100005300080E0800F5006100060A0801F7006900050A0802F7007000060A0801F7007800060A0801F7008000070A0800F7008900060ABC
:406A00000801F7009100060A0801F7009900060A0801F700A100060A0801F700A900060A0801F700B10001070301FA00B20002090300FA00B500050A0701F700BC000703A8
:406A40000901FA00BF00050A0701F700C600050A0701F700CD000C0D0F01F700E100080A0900F700EB00060A0901F700F300080A0901F700FD00070A0901F7000601060A69
:406A80000801F7000E01050A0701F7001501070A0901F7001E01070A0A01F7002701010A0301F7002901060A0700F7003101070A0901F7003A01060A0701F7004201090A15
:406AC0000B01F7004E01080A0A01F7005801090A0B01F7006401060A0801F7006C01090D0B01F7007B01070A0801F7008401070A0800F7008D01070A0801F7009601080A5C
:406B00000A01F700A001080A0800F700AA010C0A0C00F700B901080A0900F700C301070A0800F700CC01070A0800F700D501020D0401F500D901080E0900F500E701020D9C
:406B40000401F500EB0108060900F600F101070107000300F201030300FEF600F40106070801FA00FA01060A0801F700020206070701FA000802060A0801F70010020607D5
:406B80000801FA001602050A0400F7001D02060A0801FA002502060A0801F7002D02010A0301F7002F02030D03FFF7003402050A0701F7003B02020A0301F7003E02090700
:406BC0000B01FA00460206070801FA004C0206070801FA005202060A0801FA005A02060A0801FA00620204070501FA00660205070701FA006B0204090500F8007002060728
:406C00000801FA00760207070700FA007D0209070900FA00850206070600FA008B02070A0700FA00940206070700FA009A02050D0500F600A302010D0703F700A502040D4C
:406C40000500F600AC0208020900FC00A466020054690200207E130000FFFFF040DED20C202080821FFF086021018406101040410FFF84301080C2030800081E3B4A484887
:406C8000683C0E0B090949EA3E0808701441221910888844822C0EDE0508484642621219A07B00003C0C4108210240701E066384505A0621E3E6F41244C888888444218469
:406CC0002231111112224811ACE0839AC400080402010FF84020100800D6F8C000804040602030101008080404020201010080003C42428181818181818142423C33C90494
:406D00001041041041047C3E6301010103060C10604080FE7C820102021C020101010182FC02060A0A12226242FF02020202FD02040F90808102040C2F801F2240C0FCC245
:406D400081818181C1423CFF01030206040C0808181030203CC38181C33C3C42818181423C3C4281818181433F03030284F8C003C00358041C61820820202060606060FF5E
:406D800080001FF0818181818181861861860800FA204104108C2186004007E0181830046002400287E188219021902190219022886247BC60003000180007C00401402841
:406DC000058110220461FC20841903202C06FD0E0C185F214183060C2F801F30D01808040201008060102C31F0FC20C80A0380601806018060281A0CFC00FF0204081FA0CB
:406E0000408102040FE0FF0204081FA04081020408001F88340100802008020180501404C11F80806018060180601FFE0180601806018040FFF80204081020408102070E69
:406E400037C0834323130B070301C0B04C2310C838810204081020408102040FE0801C03C03E07A05A05B0D9099998918F1861861080701E06C1906618C6198660D81E076B
:406E800080C00F830C40240280180180180180140240230C1F00FC8281818186FC8080808080800F830C40240280180180180180140340230C1F801001800C0060FC412080
:406EC00050281433F1188443209068181F10D0080601C038060080503C23E0FF840201008040201008040201008080300600C0180300600C0180300600B063F8C050360DA1
:406F000082218C43104C1A0680E0300C00C106830D0613142628C45989921A24346828F070C0C181830060C410C60D80A0180380501B022082306C06C1A098C44140A02065
:406F4000100804020100807F80C0404060202030101818080FF8F24924924924E080401008020100402008040100C0201804030080E49249249249E00805012088611068E2
:406F80000CFF804C213C31008047E612090C7B8080808080BCC2818181818386FC3E4380808080C0633E010101013F41C1818181C1413F3C8E0FF81030233C3D0410F10475
:406FC00010410410403FE320904C63E201007C432090C7C080808080BEC381818181818181C05555403000222222222226C081020408732C70B132246860924924924EB91B
:40700000D8C610C2184308610C218420BEC3818181818181813E30B070180C0706C63E00BCC2818181818182FC808080803F4181818181C1413F01010101BE21084210807D
:407040007D0E060380C0E17C4211E421084210F083060C183060C37A8183824646242C2C18C434624666A629429429C118108043262418181C2466C3C1A098C44320A050AA
:4070800038080406020E00FE0830C3041060FE1908421084C10842108418FFFF80C1084210841908421084C070C7800000000101090000000100020D0401F40005000503B1
:4070C0000701F40007000E0F1001F300220008110A01F20033000D0F1102F3004C000B0D0D01F4005E0002030401F4005F0004100601F200670004100601F2006F000707C0
:407100000901F200760009090B01F7008100020404010000820005010701FA008300020104010000840009110B01F2009800080D0A01F400A500060D0A02F400AF00080D63
:407140000A01F400BC00080D0A01F400C900080D0A01F400D600070D0A02F400E200080D0A01F400EF00080D0A01F400FC00080D0A01F4000901080D0A01F4001601020831
:407180000401F9001801020B0401F9001B01070D0901F400270109040B01F8002C01070D0901F4003801060D0901F400420110111201F40064010B0D0B00F4007601070D4B
:4071C0000B02F4008201090D0C01F40091010A0D0C01F400A201070D0A02F400AE01070D0902F400BA010A0D0C01F400CB010A0D0C01F400DC01010D0402F400DE01070D42
:407200000901F400EA01090D0B02F400F901070D0902F40005020C0D0E01F40019020A0D0C01F4002A020C0D0E01F4003E02080D0A01F4004B020C110E01F4006502090D65
:407240000B01F4007402090D0B00F4008302090D0B01F40092020B0D0D01F400A4020A0D0B00F400B5020F0D1000F400CE020B0D0B00F400E002090D0A01F400EF02090DC2
:407280000A00F400FE0203110501F200050309110B01F200190303110501F20020030A070B01F30029030901090003002B03040400FEF3002D0309090A01F8003803080D4B
:4072C0000A01F400450308090901F8004E03080D0B01F4005B0307090A01F8006303060D0601F4006D03090D0A01F8007C03080D0A01F4008903020D0401F4008D03041194
:4073000004FFF4009603070D0901F400A203030D0401F400A7030B090D01F800B40308090A01F800BD0309090B01F800C803080D0A01F800D503080D0A01F800E2030509D2
:407340000701F800E80307090901F800F003050C0601F500F80307090A01F8000004080908FFF80009040C090C00F800170408090800F8002004090D0900F8002F0407091E
:407380000901F800370405110600F300420401110904F400450405110601F300500409020B01FB00586C0200AC700200207E180000F55541B99008408408418C7FF10810D2
:4073C0008108108108FFE21021021010FA5C891A1E0E16264EB7C20000270288488889889072E05B05109111131120E4003811044110280C05022385A0CC31F7E8252924F2
:40740000912240912249252900AD5CEAD41020408FE20408D8F0C0010202040408081010202040408080388A0C183060C1830511C067284210842109F03C8C08102082083D
:40744000608207F079080820470181020617C0041870A2449142FE0810207E810207C88081020613C03EC1060BD8A0C1830511C0FE041820410208106083007D8E0C14472F
:40748000134183071BE0388A0C1830519D060837C0C00CC00D80042108430C10204081FF0000FF83060C1830C6318C207A304104318C2080080FC060C2019002C7C6311937
:4074C0000464119046411C8C91DC2000600078000C0301C058120C8230FC6110640B03FD0E0C185F214183061FC03E634080808080808041613EF886828181818181838275
:4075000084F8FE082083E82082083FFE082083E8208208203E634080808081818141613F80C06030180FFE030180C0603010FFF002040810204081038599E0868C8890A0A3
:40754000C0E0A09088848382082082082082083F80703C0F03A1685A1649926798C63180E07834190CC6330986C1E070301F04110140180300600C01C06808820F80F90ACC
:407580000C1830BE40810204001F04110140180300600C01C06808820F8030030030F88682828284F8888C8486833E63404060380E030181E33EFF84020100804020100845
:4075C0000402010080C06030180C06030180C05047C0C0A0D04C223110C824140E030100C30A1850C68E3659124892459638E0C3061830C041884320481C0300C058320851
:40760000441B03C1B18886C140C0201008040201007F0302040C081810206040FFEAAAAAB0808040402020101008080404020201D5555570100C0D0484261A06FF4E30791E
:407640008811E450A33B8102040FD0A0C1830617C03C86040810119E02040813E860C1830509F03C8E0FF81011BC3A108F21084210807F0A142790203E8509E08102040BCC
:40768000D860C183060C109FE02012492493808208208E4A38B248A3AAAAABBBD88610C2184308610C21BD860C183060C13C4281818181423CF90A0C1830617C8102003E1C
:4076C000860C1830509F020408BC8888887A181C0C1C5E44F444444783060C183061BD82891222850A08C45314CD2A328CA31044C6C8A081851163C34266242418181810C9
:4077000030E0FC218C21083F19084210982108421060FFFEC2222221222222C060918E0000000101080000000100020C0400F500040004030601F50006000C0E0E01F4003D
:407740001B00070E0901F40028000C0E0F01F4003D000A0C0C01F5004C0002030401F5004D00030E0501F4005300030E0501F400590005060801F4005D0007080A01F8006F
:407780006400020304010000650004010601FB0066000201030100006700080F0A01F4007600070C0901F5008100050C0902F5008900070C0901F5009400070C0901F500AA
:4077C0009F00070C0901F500AA00070C0901F500B500070C0901F500C000070C0901F500CB00070C0901F500D600070C0901F500E10002070401FA00E30002090401FA00E8
:40780000E600060C0801F500EF0008040A01F900F300060C0801F500FC00060C0800F50005010E0F1101F50020010A0C0A00F5002F01070C0A01F5003A01080C0B01F50052
:407840004601080C0B01F5005201060C0901F5005B01060C0801F5006401080C0B01F5007001090C0B01F5007E01010C0401F5008001070C0800F5008B01080C0A01F50024
:407880009701060C0801F500A0010A0C0C01F500AF01090C0B01F500BD010B0C0D01F500CE01070C0901F500D9010B0F0D01F500EE01080C0901F500FA01080C0900F500E2
:4078C0000602090C0900F5001402090C0C01F5002202090C0A00F50030020D0C0E00F50044020A0C0A00F5005302090C0900F5006102080C0900F5006D02020E0401F4000A
:407900007102080F0A01F4008002020E0401F400840209070A01F4008C020801080003008D02040300FEF5008F0207080901F9009602070C0901F500A10207080801F90072
:40794000A802070C0A01F500B30207080901F900BA02050C0501F500C202070B0901F900CC02070C0901F500D702010B0401F600D902030E04FFF600DF02060C0801F5004C
:40798000E802020C0401F500EB020B080D01F900F60207080901F900FD0208080A01F9000503070B0901F9000F03070B0901F900190304080601F9001D0306080801F90015
:4079C0002303040A0500F700280307080901F9002F0307080700F90036030A080B00F900400307080700F9004703080B0800F900520306080801F9005803050F0500F4000D
:407A00006203010F0803F5006403040F0500F4006C0308030A01FB00B073020020770200207E150000FFFFFFFFFFFFFDF7DF7DF79E38E38E000FFFFFFFFFF87FF0FFE1FF94
:407A4000C3FF87FF0FFE1F3C1E703CE071C06001E1E00787801E1E00F87803C3E00F0F003C3C1FFFFF7FFFFDFFFFF0787801E1E00787803E1E00F0F803C3C0FFFFF3FFFF64
:407A8000CFFFFF3FFFFC1E1E00787801E1E00F87803C3E00F0F003C3C00F0F00006000060001F800FFF01FFF83FFFC7F6FC7C67E7C63E7863E7863E7C6007E6007FE003FA6
:407AC000F801FFE00FFF803FFC007FE006FE0063E0063FF863FF863FFC63EFC67E7F6FE3FFFC1FFF80FFF001F80006000060000600006000000001C00FF001C00FFC01E0BE
:407B00000FFF00E007FFC0E007C1E07003C0F07001E0783800F03C3800781E1C003E1F1C000FFF0E0003FF0E0000FF0700001E0703C000070FF800038FFE00038FFF80018C
:407B4000C7C7C001C3C1F000E3C07800E1E03C0070F01E00703C1F00381FBF003807FF003C01FF801C007F001C00040001FC0003FF8003FFE001FFF001F8F800F83C007C24
:407B80001E003F1F000FCF8007EF8001FFC0007F80003F80007FE0F07FF0787FFC7C7E3F3E3E1FDF3F07FF1F01FF8F807F87E01FC3F00FE0FC1FF87FFFFC1FFFFF07FFCFFA
:407BC000C1FFC7F03F0000FFFFFFFFEF739C03C1E0783C1F0783E0F83C1F07C1E0F83E0F83E0F03C0F03C0F03E0F83E0F83E0781F07C0F03E0781F03C0F81E03C0F03C0731
:407C000081F03C0F81E07C0F03C0F83E0781F07C1F07C1F07C1F07C1F07C1F0783E0F83E0F07C1E0F83C1F0781E0F00007003801C00E0F777FFDFFC1F00F80EE0F7871C1F2
:407C4000040001F0003E0007C000F8001F0003E0007C000F80FFFFFFFFFFFFFFFFFFF01F0003E0007C000F8001F0003E0007C000FFFFFFFFF0C31C77BCC0FFFFFFFFFFFF63
:407C8000FEFFFFFFFFF000E0180700E01C0300E01C0300E01C0380601C0380601C0380700C0380700C0380700E0180700E0003FC01FFC07FFC1FFFC3F1FCFC1F9F01F3E04F
:407CC0003F7C07FF807FF00FFE01FFC03FF807FF00FFE01FFC03FF807FF00FFE03F7C07EF80FDF81F3F87E3FFF83FFF07FFC03FF001F0000F00F01F03F0FFFFFFFFFFFFF46
:407D0000F03F03F03F03F03F03F03F03F03F03F03F03F03F03F03F03F03F03F03F07FC01FFE0FFFE1FFFE7F0FCFC0FDF01FBE01F7C03EF807C001F8003F000FC003F800FD6
:407D4000E003F800FE007F001FC007F001FC007E001FC003FFFF7FFFFFFFFFFFFFFFFFF007FC03FFE0FFFE1FFFC7E1FCF81F9F01F7E03EFC07C000F8003E001FC01FF003B9
:407D8000FC007FE00FFE000FC000FC000F8001FFC03FF80FFF01FBF07F7FFFC7FFF07FFE07FF003F80003F800FF001FE007FC00FF803FF00F7E01EFC079F80F3F03C7E0F53
:407DC0000FC1E1F8783F0F07E3C0FCF01F9FFFFFFFFFFFFFFFFFFFFFFFC007E000FC001F8003F0007E000FC01FFFC3FFF87FFF0FFFE1FFFC7C000F0001E0003C00078F00CB
:407E0000FFF83FFF87FFF8FFFF9F83F3E03F0007E0007C000F8001F0003FF80FFF01FBF07E7FFFC7FFF0FFFC07FF003F0003FE00FFE03FFE0FFFE3F0FC7C0FDF80FBE00098
:407E40007C000F8003F3F87FFF8FFFF9FFFFBFC3FFF03FFC03FF807FF00FBE01F7C03EF807DF81F9F87E3FFFC3FFF03FFC03FF001F80FFFFFFFFFFFFFFFFFFFFFFFFF00028
:407E80003E0007C000F8001F8001F0003E0007E0007C000FC000F8001F8001F0001F0003E0003E0003E0007E0007C0007C0007C0007C000FC000FC0007FC00FFF01FFF83B8
:407EC000FFFC7F0FC7C07C7C03E7C03E7C03E7C07C3E07C3FFF80FFF01FFF03FFF87F0FC7C07EFC03EF803EF803FF803FFC03EFC07E7E0FE7FFFC3FFFC1FFF80FFE003F8B5
:407F00000007F801FFC07FFC1FFFC7F1F8F81FBF01F7E03FF803FF007FE00FFE03FFC07EFC1FDFEFF9FFFF3FFFE1FF7C1F8F8003F0007C000F9F03F3F07C7FFF87FFE07F1C
:407F4000F807FE003F00FFFFFFFC0000000000000FFFFFFFFFFFFFFFFC0000000000000FFFFFFFFF0C31C77BCC00000000001C001F801FF00FFE0FFE0FFF07FF00FF001F5C
:407F80000003F0007F800FFE003FF800FFE007FF001FE0007C000380FFFFFFFFFFFFFFFFFFFFFFFE0000000000000000001FFFFFFFFFFFFFFFFFFFFFFFC00000180003E0E6
:407FC000007F800FFC007FF001FFC007FF003FE000FC001F801FF01FFC1FFC1FFE07FE00FE001F000300000003FC00FFF01FFF83FFFC3FFFE7E07E7E03E7C03F7C03FFC04F
:408000003F0003F0007E000FE001FC003F8007F0007E000FC000F8000F8000F00000000000001F8001F8001F8001F8001F8001F8000003FF800001FFFE00007FFFF8000F5D
:40804000C00FC001F0003F003C0000F00780000780F000003C1E000001E1E00FCF1E3C03FEE0E3807FFE0F780F07E0F781E03E07701C03C07F03C03C07F03803C0FF0780A3
:40808000380FF0780380FF0780781EF0780781EF0780F03C703C1F07C783F7FDF8781FFBFF03C0FF3FE03E03C0F001F00000000F800000007E00000003F800C0001FFFFEA0
:4080C00000007FFFE00001FFF800003F800007F00001FE00003FE00007FC0001FF80003FF80007FF0001FBE0003F7E0007CFC001F8F8003F1F800FC3F001F83F003F07E078
:408100000FC0FC01F80FC03FFFF80FFFFF01FFFFF03FFFFE0FFFFFC1F800FC3F001F8FC003F1F8003F3F0007EFC000FCFFFC01FFFF83FFFFC7FFFFCFFFFF9F807FBF003F0A
:408140007E007EFC007DF801FBF003F7E01FCFFFFF1FFFFC3FFFF87FFFFCFFFFFDF801FBF001FFE003FFC007FF800FFF001FFE007FFFFFFDFFFFFBFFFFE7FFFF0FFFF80088
:40818000007F8001FFF001FFFE01FFFF81FFFFE1FE07F1FE01FCFE007E7E001F7F000FFF00001F80000FC00007E00003F00001F80000FC00007E00003F00001F8003FFC081
:4081C00001FBF000FDFC00FC7F00FE3FC0FE0FFFFF03FFFF00FFFF003FFE0003F800FFF000FFFF80FFFFE0FFFFF0FFFFF8FC07F8FC01FCFC00FCFC007EFC007EFC007EFC5B
:40820000003EFC003FFC003FFC003FFC003FFC003FFC003FFC007EFC007EFC007EFC00FEFC01FCFC03FCFFFFF8FFFFF0FFFFE0FFFFC0FFFE00FFFFFFFFFFFFFFFFFFFFFFD0
:40824000FFFFFE0003F0001F8000FC0007E0003F0001F8000FFFFF7FFFFBFFFFDFFFFEFFFFF7E0003F0001F8000FC0007E0003F0001F8000FFFFFFFFFFFFFFFFFFFFFFFF15
:40828000FF80FFFFFFFFFFFFFFFFFFFFFFFFFFC000FC000FC000FC000FC000FC000FC000FFFFCFFFFCFFFFCFFFFCFFFFCFC000FC000FC000FC000FC000FC000FC000FC00B1
:4082C0000FC000FC000FC000FC0000007FC0007FFC007FFFC03FFFF81FFFFF0FF01FE3F803F9FC007E7E000FFF8003FFC00003F00000FC00003F00000FC03FFFF00FFFFC2B
:4083000003FFFF00FFFFC03FFFF0001FFE000FDF8003F7F001FCFE00FF3FE0FFC7FFFEF0FFFFBC1FFFCF01FFC3C00FC000FC007FF800FFF001FFE003FFC007FF800FFF007E
:408340001FFE003FFC007FF800FFF001FFFFFFFFFFFFFFFFFFFFFFFFFFFFFFFC007FF800FFF001FFE003FFC007FF800FFF001FFE003FFC007FF800FFF001FFE003FFC0074E
:40838000E0FFFFFFFFFFFFFFFFFFFFFFFFFFFFFFFFFFFFFFFFFFFC000FC003F000FC003F000FC003F000FC003F000FC003F000FC003F000FC003F000FC003F000FC003FF31
:4083C000C0FFF03FFC0FFF03FFC0FFF03FFE1FDFFFE7FFF8FFFC1FFE00FC00FC007F7E007F3F007F1F807F0FC07F07E07F03F03F01F83F00FC3F007E3F003F3F801FBF80E2
:408400000FFF8007FFC003FFF001FFFC00FFFE007F9F803F8FE01F83F80FC0FC07E03F03F01FC1F807F0FC01FC7E00FE3F003F9F800FEFC003F8FC000FC000FC000FC00003
:40844000FC000FC000FC000FC000FC000FC000FC000FC000FC000FC000FC000FC000FC000FC000FC000FC000FC000FC000FC000FC000FFFFFFFFFFFFFFFFFFFFFFFFF0FF2B
:40848000001FFFF007FFFE00FFFFC01FFFF803FFFF80FFFFF01FFFDE03DFFBC07BFF780F7FEF83EFFCF079FF9E0F3FF3C1E7FE7C7CFFCF8F9FF8F1E3FF1E3C7FE3C78FFC37
:4084C0007DF1FF87BC3FF0F787FE1EF0FFC3FE1FF83FC3FF07F07FE0FE0FFC1FC1FF83F83EFC007FF800FFF801FFF003FFF007FFF00FFFE01FFFE03FFFC07FFFC0FFFFC11B
:40850000FFEF83FFDF87FF9F0FFF1F1FFE3E3FFC3E7FF87EFFF07DFFE0FFFFC0FFFF80FFFF01FFFE01FFFC03FFF803FFF003FFE007FFC007E0007F80003FFE001FFFE00796
:40854000FFFF01FFFFF07F81FE0FE00FE3F800FC7E000FDFC001FBF0001FFE0003FFC0007FF8000FFE0001FFC0003FF80007FF8000FFF0001FFE0007FFE000FCFC003F9F7B
:40858000C007E1FC01FC3FE0FF03FFFFC03FFFF003FFFC001FFF00007F0000FFF803FFFF0FFFFE3FFFFCFFFFFBF01FEFC01FBF003FFC00FFF003FFC00FFF003FFC01FBF07E
:4085C0000FEFFFFFBFFFFCFFFFE3FFFF0FFFF03F0000FC0003F0000FC0003F0000FC0003F0000FC0003F0000FC0000007FC0003FFE001FFFF007FFFF01FFFFF07FC1FE0FE8
:40860000E00FE3F800FE7E000FDFC001FBF0001FFE0003FFC0007FF8000FFF0001FFE0003FFC0007FF8000FFF0021FFE00E3FFE01EFCFC07FF9FC07FF1FC07FC3FE0FF037A
:40864000FFFFF03FFFFF03FFFFF01FFF7E007F0380000020FFFF00FFFFF0FFFFF8FFFFFCFFFFFCFC03FEFC007EFC007EFC007EFC007EFC007EFC007CFC01FCFFFFF8FFFF86
:40868000F0FFFFE0FFFFF8FFFFF8FC01FCFC00FCFC00FCFC00FCFC00FCFC00FCFC00FCFC00FCFC00FCFC007EFC007F01FF0007FFE01FFFF03FFFF83FFFFC7F01FC7E00FCF8
:4086C0007C007E7C007E7E00007F00007FC0003FFE003FFFE01FFFF807FFFC007FFE0003FE00007F00003FFC003FFC003F7C003F7E007E7F80FE3FFFFE3FFFFC0FFFF807EE
:40870000FFE000FF00FFFFFFFFFFFFFFFFFFFFFFFFFFFC03F0000FC0003F0000FC0003F0000FC0003F0000FC0003F0000FC0003F0000FC0003F0000FC0003F0000FC000375
:40874000F0000FC0003F0000FC0003F0000FC0003F0000FC00FC007FF800FFF001FFE003FFC007FF800FFF001FFE003FFC007FF800FFF001FFE003FFC007FF800FFF001F57
:40878000FE003FFC007FF800FFF001FFE003FFC007FF801FFF803F7F00FE7F87FCFFFFF0FFFFC0FFFF007FFC001FC000FC003FFC003F7C003F7E003E7E007E3E007E3F00AE
:4087C0007C3F00FC1F00FC1F80F81F81F80F81F80F81F00FC1F007C3F007C3E007E3E003E7E003E7C003E7C001F78001FF8001FF8000FF0000FF0000FF00007E00007E00F3
:40880000007E00FC01F007FFC03F807EFC03F807EFC03F807E7E03F80FC7E03F80FC7E07FC0FC3E07BC0FC3E07BC0F83F07BC1F83F0FBE1F81F0F9E1F01F0F1E1F01F0F122
:40884000E1F01F8F1E3F00F9F1F3E00F9F0F3E00F9E0F3E0079E0F3E007DE0FFC007FE0FFC007FC07FC003FC07F8003FC07F8003FC07F8001FC03F8001F803F0001F803FBA
:408880000001F803F000FE007F3F803F9FC03F87F01F81F81FC0FE0FC03F0FC00FCFE007E7E001FFF000FFF0003FF0000FF80007F80001F80001FE0000FF8000FFC000FF15
:4088C000F0007FFC007E7E003F3F803F0FC03F83F01F81FC1FC07E1FC03F8FE00FEFE007F0FE003F7E007F7F007E3F007E3F00FC1F80FC1F81F80FC1F80FC3F007E3F0072B
:40890000E3E003F7E003F7C001FFC001FF8000FF80007F00007F00003E00003E00003E00003E00003E00003E00003E00003E00003E00003E00003E00FFFFFFFFFFFFFFFF81
:40894000FFFFFFFFFFFC0007F0003F8001FC000FE0003F0001FC000FE0007F0003F8000FE0007F0003F8001FC0007E0003F8001FC000FE0007F0001FC000FFFFFFFFFFFF4B
:40898000FFFFFFFFFFFFFFFCFFFFFFFFFF87C3E1F0F87C3E1F0F87C3E1F0F87C3E1F0F87C3E1F0F87C3E1F0F87C3E1F0F87FFFFFFFF8C01C0380300700E00C01C0380300D1
:4089C000700E00C0180380300600E01C0180380700600E01C01803807006FFFFFFFFF0F87C3E1F0F87C3E1F0F87C3E1F0F87C3E1F0F87C3E1F0F87C3E1F0F87C3E1F0FFFB0
:408A0000FFFFFFF801F000FC003F801FE007FC01EF00FBC03CF81F1E0787C1E0F0F83C3C0F8F01E7C07DE00FFFFFFFFFFFFFF8F1F1E1E1C0000000FFE01FFF83FFF87FFFEB
:408A4000C7E0FC7C07C7C07C000FC007FC0FFFC3FFFC7FE7C7E07CFC07CFC07CFC0FCFC1FCFFFFC7FFFC7FF7E3FE7F0F8000FC0007E0003F0001F8000FC0007E0003F00081
:408A80001F8000FCFF07EFFC3FFFF1FFFFCFF8FE7F03FBF80FDF803EFC01F7E00FBF007FF803FFC01F7E00FBF00FDFC07EFF07E7FFFF3FFFF1FFFF0FDFF0003E0000000054
:408AC0007FC03FFE0FFFE3FFFC7E1FDF81FBF01F7C03FF8003F0007E000FC001F8001F0003E01F7E03EFE0FCFFFF1FFFE1FFF80FFC007E000001F0001F0001F0001F0001C5
:408B0000F0001F0001F0001F07F9F0FFDF1FFFF3FFFF3F0FF7E07F7E03FFC03FFC01FFC01FFC01FFC01FFC01FFC03F7C03F7E03F7F07F3FFFF3FFFF1FFDF0FF9F01F000035
:408B400000007FC00FFF01FFF83FFFC7E0FC7C07EFC07EFC03EF803EFFFFEFFFFFFFFFFF8000F8000FC000FC03E7E07E7F9FC3FFF81FFF00FFE003F80001C1FC7F8FF1FE75
:408B80003E07C0F8FFFFFFFFFFF1F03E07C0F81F03E07C0F81F03E07C0F81F03E07C0F81F00000007F1F0FFDF1FFFF3FFFF3F8FF7E07F7E03F7C01FFC01FFC01FFC01FFC58
:408BC00001FFC01FFC01F7C03F7E03F7F07F3FFFF3FFFF1FFDF0FF9F03E1F0001F0001F7E03F7F07E3FFFE1FFFC0FFF0006000F8003E000F8003E000F8003E000F8003E0F6
:408C000000F8FE3EFFCFFFFBFFFFFF1FFF03FF807FE01FF807FE01FF807FE01FF807FE01FF807FE01FF807FE01FF807FE01FF807C0FFFFFF8000FFFFFFFFFFFFFFFFFFFFFA
:408C4000FFFFFF801F1F1F1F1F0000001F1F1F1F1F1F1F1F1F1F1F1F1F1F1F1F1F1F1F1F1F1F1F1F1FFFFFFFFE10FC001F8003F0007E000FC001F8003F0007E000FC0FDFE6
:408C800083F3F0FE7E1F8FC7E1F9F83F7E07FF80FFF01FFF03FFE07FFE0FEFC1F8FC3F0FC7E1F8FC1F9F83F3F03F7E07FFC07EFFFFFFFFFFFFFFFFFFFFFFFFFFFFFFFFFF2B
:408CC000FF8000000003F3F83FCFDFFBFFBFFFFFFEFFFFFFFFFC7FC7FFE0FE0FFF01F01FFC07C07FF01F01FFC07C07FF01F01FFC07C07FF01F01FFC07C07FF01F01FFC07E3
:408D0000C07FF01F01FFC07C07FF01F01FFC07C07FF01F01F000001F9FE3F7FF7FFFEFFFFFFE1FFF81FFE01FFC03FF807FF00FFE01FFC03FF807FF00FFE01FFC03FF807FC2
:408D4000F00FFE01FFC03FF807C00000001FF803FFE03FFFC3FFFE1FC3F9F80FCFC03F7C01FFE007FF003FF801FFC00FFE007DF007EFC03F7E03F9F81F8FFFFC3FFFC0FFB1
:408D8000FC03FF8003F00000000FCFF0FDFF8FFFFCFFFFEFF8FEFE07FFE03FFC01FFC01FFC01FFC01FFC01FFC01FFC01FFC03FFE03FFF07EFFFFEFFFFCFFFF8FDFF0FC7C32
:408DC0000FC000FC000FC000FC000FC000FC000FC000FC00000000007F9F0FFDF1FFFF3FFFF7F0FF7E07F7E03FFC03FFC01FFC01FFC01FFC01FFC01FFC03F7C03F7E03F76F
:408E0000F07F3FFFF3FFFF1FFDF0FF9F03E1F0001F0001F0001F0001F0001F0001F0001F0001F00007E3FF7FFBFFFFFFFFFC1FC0FC07E03F01F80FC07E03F01F80FC07E0BF
:408E40003F01F80FC07E00000000FFC07FFC1FFFC7FFFCFC1F9F01FBF03F7F800FFE00FFF80FFFC07FFC01FFC007F8003FFC03FF807DFEFFBFFFE3FFF83FFE00FE003F0713
:408E8000E0FC1F83F1FFFFFFFFFFE7E0FC1F83F07E0FC1F83F07E0FC1F83F07E0FC1FF1FE3FC1F80FC03FF807FF00FFE01FFC03FF807FF00FFE01FFC03FF807FF00FFE011F
:408EC000FFC03FF807FF01FFE03FFE0FEFFFFDFFFF9FFDF1FF3E0F8000FC03FFC03EFC07E7C07E7E07C3E07C3E0FC3F0F81F0F81F0F81F1F00F9F00F9F00FBE007FE007F7D
:408F0000E007FC003FC003FC003F8001F800FC0FC0FDF03F03F7C0FE0F9F83F83E3E1FE1F8F87F87C3E1FE1F0FC7FC7C1F1EF3F07CF3CF81F3CF3E07EF3CF80FBC7BC03FF1
:408F4000F1FF00FF87FC01FE1FF007F87F801FE0FE007F03F800FC0FC003F03F00FE07E7E0FE3F0FC3F1F81F9F81FBF00FFE007FE007FC003F8001F8003FC007FC007FE089
:408F80000FFF01FBF01F9F83F1FC7F0FC7E07EFC07F07E01FBF00FDF807C7E07E3F03E1F81F07C0F83F0F81F87C07C3E03F3E00F9F007CF803F7800FFC007FE003FE000F67
:408FC000F0007F8003F8000FC0007E0003E0001F0001F800FF8007FC003FC001FC000600007FFFBFFFDFFFEFFFF003F803F803F801F801F801FC01FC01FC01FC01FC00FCF3
:4090000000FE00FE007FFFFFFFFFFFFFFFF800E0FC1F87F0F81E03C0780F01E03C0780F01E03C0F83F1FC3E07F03F03E03C0780F01E03C0780F01E03C0780F81FC3F83F05F
:409040001EFFFFFFFFFFFFFFFFFFFFFFFFFFFEE01F83F87F03E03E07C0F81F03E07C0F81F03E07C0F81F01FC1F87F0FE3E07C0F81F03E07C0F81F03E07C0F83F1FC3F87ECE
:409080000F803F001FF077FE1DC7FFE07F800FC0000001010B0000000100061C0D04E50016000F0B1302E4002B00161C1600E600780014231601E300D000211D2301E50065
:4090C0004801191D1C02E500A301050B0902E400AA010A250D02E400D9010A250D01E40008020D0D0F01E4001E0213131702EE004C02060D0B02FB0056020B050D01F4004B
:409100005D0206060B02FB0062020B1D0B00E5008A02131D1601E500CF020C1C1603E500F902131C1601E5003C03131D1601E5008103131C1601E500C403131D1601E5005E
:409140000904131D1601E5004E04141C1601E5009404141D1601E500DD04131D1601E500220506140D04ED003105061B0D04ED00460513131702EE007405130E1702F100B6
:40918000960513131702EE00C405141D1802E4000D0624222601E400A6061B1D1C01E4000807171D1C03E4005C07191E1C02E400BA07181D1C03E4001108151D1A03E4007F
:4091C0005E08141D1803E400A7081A1E1E02E4000909171D1C03E4005D09061D0B02E4007309121E1601E400B709191D1C03E400120A141D1803E4005B0A1B1D2103E4009A
:40920000BD0A171D1C03E400110B1B1E1E02E400770B161D1A03E400C70B1B1F1E02E400300C181D1C03E400870C181E1A01E400E10C161D1801E400310D171E1C03E40042
:40924000880D181D1A01E400DF0D241D2501E400620E191D1A01E400BD0E181D1A01E400140F161D1801E400640F09250D03E4008E0F0B1D0B00E500B60F09250D01E400C8
:40928000E00F12101702E6000410180216FF06000A1007060D01E300101014171601EB004A10151E1802E400991013171601EB00D010141E1801E4001B1114171601EB0028
:4092C00055110B1D0D01E4007D11141F1801EB00CB11121D1803E4000D12051D0B03E400201208260B00E4004612131D1602E4008B12051D0B03E4009E121E162302EB0074
:40930000F11213161802EB00261315171801EB006313141F1802EB00B113141F1801EB00FF130D160F02EB00231413171601EB005A140B1B0D01E700801413161802EC000A
:40934000B51414151601EC00EA141E151E00EC00391514151601EC006E15151E1600EC00BD1511151401EC00EA150B250F01E4001D1603250B04E4002B160B250F03E400BA
:409380005E1612061702F500247A020090900200207E3F0000FFFFF0F0CF3CF3CF30330CC330CCFFFFF330CCFFFFF330CC330CC03F1FEEDF33CC3B07F0FE0DC33CCFB77F57
:4093C0008FC0603C0F0D870381C0E070381C0E1B0F03C060301E0CC330FC1E0781F3CFF1EE79FF3CC0FFF00C739CE30C30C3870E1C30C3870E1830C30C739CE3000C030C4F
:40940000CFB77F8FC1E0783F1FEEDF330C03000C0300C030FFFFF0C0300C030033337EC0FFFFF0F00080603C1E0F0783C1E0F0380C02003F1FEE1F03C0F03CCF33C0F03CB2
:409440000F877F8FC031CF3C30C30C30C30CFFF03F1FEE1F0300C073F9FCE0300C0300FFFFF0FFFFF00C06030180E07E21C03C0F877F8FC00703C1F0EC7338CC330CFFFFFE
:40948000F0300C0300C0FFFFFC0300FF3FE01C0300C03C0F877F8FC00F0FC70180C0300FE3FEC1F03C0F877F8FC0FFFFF00C060381C0C060380C0300C0300C003F1FEE1F7A
:4094C00003C0F877F9FEE1F03C0F877F8FC03F1FEE1F03C0F837FCFF00C030180E3F0F00F00F3300003337EC02070E1C183060E070381C0E0702FFFFF0000000000FFFFFFD
:4095000080C06030181C0E060C183060C0803F1FEE1F0300C070381C0C030000000C03003F1FEE1F03C7F3FCCF33CFF1EC03807F0FC01C0783318EC1F03C0F03FFFFFC0FFF
:4095400003C0F030FF3FEC1F03C0F07FFBFEC1F03C0F07FFBFC03F1FEE1F03C0300C0300C0300C0F877F8FC0FF3FEC1F03C0F03C0F03C0F03C0F07FFBFC0FFFFFC0300C0BF
:40958000300FF3FCC0300C0300FFFFF0FFFFFC0300C0300FF3FCC0300C0300C030003F1FEE1F03C0300C0300C3F0FC0F837FCFF0C0F03C0F03C0F03FFFFFC0F03C0F03C021
:4095C000F030FFF30C30C30C30C30CFFF000C0300C0300C0300C0300C03C0F877F8FC0C1F0EC7318CC360F03C0F8370CE31CC3B070C0300C0300C0300C0300C0300C0300EC
:40960000FFFFF080F07E3FDFDEF33C0F03C0F03C0F03C0F030C0F03C0F83F0FE3DCF3BC3F07C0F03C0F0303F1FEE1F03C0F03C0F03C0F03C0F877F8FC0FF3FEC1F03C0F0A7
:409640007FFBFCC0300C0300C030003F1FEE1F03C0F03C0F03C0F33CEF9F7F8FF0FF3FEC1F03C0F07FFBFCF8370CE31CC3B0703F1FEE1F03C03807F0FE01C03C0F877F8F13
:40968000C0FFFFF0C0300C0300C0300C0300C0300C0300C0F03C0F03C0F03C0F03C0F03C0F877F8FC0C0F03C0F03C0F03C0D86618CC370781E0300C0F03C0F03C0F03CCFC4
:4096C00033CCF33CCF33FFDFE0C0F03C0F03E1DCE3F0783718EC0F03C0F030C0F03C0F03E1DCE3F0780C0300C0300C0300FFFFF00C070381C0E070381C0E0300FFFFF00C41
:40970000070180C07FFFF700E01C0300C0380700E01C0380700E01C030180300601CFFBFE030180C0600080703E0FC6DB338C4300C0300FFFFF0FFFFF03F0FE01C037FFF01
:40974000FC0F03FFDFF0C0300C0300FF3FEC1F03C0F03C0F07FFBFC03FDFFE0300C0300C03807FCFF000C0300C033FDFFE0F03C0F03C0F837FCFF03F1FEE1F03FFFFFC0312
:40978000807F0FC00C738C30CFFF30C30C30C03FDFFE0F03C0F03C0F837FCFF00C073F8FC0C0300C0300FF3FEC1F03C0F03C0F03C0F03030C000F3C30C30C30CFFF033005C
:4097C000333333333337ECC0C0C0C0C3C7CEDCF8F0F8DCCEC7F3C30C30C30C30C30CFFF0F3BFFCCF33CCF33CCF33CCF330FF3FEC1F03C0F03C0F03C0F0303F1FEE1F03C01F
:40980000F03C0F877F8FC0FF3FEC1F03C0F03C0F07FFBFCC0300C030003FDFFE0F03C0F03C0F837FCFF00C0300C030CFFFF0E0C0C0C0C0C0C07FFFFC0300FF9FF00C03FFAD
:40984000FFE030C30CFFF30C30C30E1C30C0F03C0F03C0F03C0F837FCFF0C0F03C0D86618CC370781E0300C0F03C0F33CCF33CCF33FFDCE0C0F87738FC1E0783F1CEE1F04C
:4098800030C0F03C0F03C0F03C0F837FCFF00C073F8FC0FFFFF0381C0E070381C0FFFFF0FFFC30C30C30C30C30FFF0CF3CF3CF3CF3CF3CF3CF30FFF0C30C30C30C30C3FFD4
:4098C000F0FFFFF0783C1E0F0783C1E0F0783C1E0FFFFF00000001010C0000000100020E0C06F300050006060C04F3000A000A0E0C02F3001C000A0E0C02F3002E000A0ED9
:409900000C02F30040000A0D0C02F400510002060C06F3005300060E0C04F3005E00060E0C04F30069000A0E0C02F3007B000A0A0C02F500880004070C04FC008C000A0245
:409940000C02F9008F0002020C06FF0090000A0C0C02F4009F000A0E0C02F300B100060E0C04F300BC000A0E0C02F300CE000A0E0C02F300E0000A0E0C02F300F2000A0E55
:409980000C02F30004010A0E0C02F30016010A0E0C02F30028010A0E0C02F3003A010A0E0C02F3004C0102080C06F7004E01040C0C04F7005401080E0C02F30062010A081B
:4099C0000C02F7006C01080E0C04F3007A010A0E0C02F3008C010A0E0C02F3009E010A0E0C02F300B0010A0E0C02F300C2010A0E0C02F300D4010A0E0C02F300E6010A0E57
:409A00000C02F300F8010A0E0C02F3000A020A0E0C02F3001C020A0E0C02F3002E02060E0C04F30039020A0E0C02F3004B020A0E0C02F3005D020A0E0C02F3006F020A0EB5
:409A40000C02F30081020A0E0C02F30093020A0E0C02F300A5020A0E0C02F300B7020A0E0C02F300C9020A0E0C02F300DB020A0E0C02F300ED020A0E0C02F300FF020A0E0E
:409A80000C02F30011030A0E0C02F30023030A0E0C02F30035030A0E0C02F30047030A0E0C02F30059030A0E0C02F3006B030A0A0C02F50078030A0A0C02F50085030A0A5D
:409AC0000C02F50092030A0A0C02F5009F030A020C020100A2030A020C02F700A5030A0A0C02F700B2030A0E0C02F300C4030A0A0C02F700D1030A0E0C02F300E3030A0AEE
:409B00000C02F700F003060E0C04F300FB030A0E0C02F7000D040A0E0C02F3001F04060E0C04F3002A0404120C04F3003304080E0C04F3004104060E0C04F3004C040A0A40
:409B40000C02F70059040A0A0C02F70066040A0A0C02F70073040A0E0C02F70085040A0E0C02F7009704080A0C04F700A1040A0A0C02F700AE04060E0C04F300B9040A0AA1
:409B80000C02F700C6040A0A0C02F700D3040A0A0C02F700E0040A0A0C02F700ED040A0E0C02F700FF040A0A0C02F7000C05060E0C04F3001705060E0C04F3002205060E10
:409BC0000C04F3002D0509100C01F10094930200D4980200207E140000FFFFFFFFFFFFFFFFFFF0000FFFF0F0FF0FF0FF0FF0FF0FF0FF0FF0FF0FF0F00F0F00F0F00F0F00F9
:409C0000F0F00F0F00F0F00F0F0FFFFFFFFFFFFFFFFFFFF0F0F00F0F00F0F00F0F0FFFFFFFFFFFFFFFFFFFF0F0F00F0F00F0F00F0F00F0F00F0F00F0F00F0F0007FE00FF44
:409C4000F83FFFC3FFFE7CF3EF8F1FF0F0FF0F00F0F00F8F007CF007FF003FFE01FFF80FFFC00F7E00F3E00F1F00F0FF0F0FF0F1FF8F1F7CF7E3FFFE3FFFC0FFF007FE0093
:409C80003C0007E000FF000FF007FF00FFF01F7E03F3C07E000FC001F8003F0007E000FC001F8003F0007E000FC001F8003F0007E03CFC07EF80FFF00FF000FF000FF0003B
:409CC0007E0003C0060001F8003FC007FE007FE00F9F00F0F00F0F00F0F00F9F007FE007FC003FC001F8003FC007FE077BF0FF9F9FF0FFEF07FCF03F8F83F87C7FC3FFFEA5
:409D00003FFBF0FF1F07C0F0FFFFFFFFFFF000F01F03F07E0FC1F83F07E07C0F80F00F00F00F00F00F00F80F807C03E03F01F80FC07E03F01F00F0E00F80FC07E03F01F8CC
:409D40000FC07E03E01F00F00F00F00F00F00F01F01E03E07C0F81F83E07C0F80F00E00000F0000F0000F00E0F07F0F0FF8F1FFCF3F7EF7E3FFFC1FFF80FFF007FE003FC60
:409D8000001F8003FC007FE00FFF01FFF83FFFC7EF7EFCF3FF8F1FF0F0F00F0000F0000F0000F00000F0000F0000F0000F0000F0000F0000F0000F00FFFFFFFFFFFFFFFFD0
:409DC000FFFF00F0000F0000F0000F0000F0000F0000F0000F000F0F0F0F0F0F0F0F1F3EFCFCF0E0FFFFFFFFFFFFFFFFFFFFFFFF000000000C0001C0003E0007E000FE00E8
:409E00001FE003FC007F800FF001FE003FC007F800FF001FE003FC007F800FF000FE000FC0007800070000600004000007FE00FFF03FFFC3FFFC7C03EF801FF000FF000F83
:409E4000F000FF000FF000FF0F0FF0F0FF0F0FF0F0FF000FF000FF000FF000FF000FF000FF801F7C03E3FFFC3FFFC0FFF007FE000F01F03F0FF0FF0FF0EF00F00F00F00FEA
:409E800000F00F00F00F00F00F00F00F00F00F00F00F0FFFFFFFFFFFF007FE01FFF03FFFC7FFFE7C03EF801FF000F0000F0000F0001F0003E07FFE0FFFC3FFF03FFE07C088
:409EC00000F8000F0000F0000F0000F0000F0000F0000FFFFFFFFFFFFFFFFFFFF0FFFFFFFFFFFFFFFFFFFF0001F0003F0007E000FC001F8003F0007E000FC001FF003FF858
:409F000007FFC0007E0001E0000F0000FF000FF000FF801F7C03E3FFFC3FFFC0FFF007FE00001F0003F0007F000FF001FF003FF007EF00FCF01F8F03F0F07E0F0FC0F0F88C
:409F40000F0F00F0F00F0FFFFFFFFFFFFFFFFFFFF000F0000F0000F0000F0000F0000F0000F0000F00FFFFFFFFFFFFFFFFFFFFF0000F0000F0000FFFE0FFFF0FFFFCFFFF09
:409F8000C0003E0001F0000F0000F0000F0000F0000F0000FF000FF000FF801F7C03E3FFFC3FFFC0FFF007FE00007F003FF007FF00FFF01F8003F0007C00078000F8000F7B
:409FC0000000F0000FFFC0FFFF0FFFF8FFFFCF003EF001EF001FF000FF000FF001FF801F7C03E3FFFC3FFFC0FFF007FE00FFFFFFFFFFFFFFFFFFFF0000F0001F0003E000D1
:40A000007E000FC001F8007E000FC001F8003F0007E0007C000F8000F0000F0000F0000F0000F0000F0000F0000F0000F0000F000007FE00FFF03FFFC3FFFC7C03EF801F6B
:40A04000F000FF000FF000FF801F7C03E7FFFE3FFFC1FFF83FFFC7C03E7801EF000FF000FF000FF000FF801F7C03E3FFFC3FFFC0FFF007FE0007FE00FFF03FFFC7FFFE7C34
:40A0800003EF801FF000FF000FF000FF800F7C00F7FFFF3FFFF1FFFF07FFF0000F0000F0000F0001E0003E0003C000FC001F80FFF00FFE00FF800FE000FFFF00000000FF0D
:40A0C000FF0F0F0F0F00000000000000000F0F0F0F0F0F1F3EFCFCF0E00004000E001E003F007E00FC01F803F007E00FC01F803F007E00FC007E003F001F800FC007E003AE
:40A10000F001F800FC007E003E001E000C0004FFFFFFFFFFFFFFFFFFFF0000000000000000000000000000000000000000FFFFFFFFFFFFFFFFFFFF400070007800FC007EC2
:40A14000003F001F800FC007E003F001F800FC007E003E007C00F801F003E007C00F801F003E007C00F80070006000400007FE01FFF03FFFC7FFFC7C03EF801FF000F00046
:40A180000F0000F0001F0001E0007E000FC001F8007E0007C000F0000F0000F000000000000000000000000F0000F0000F0000F00007FE00FFF03FFFC3FFFE7C03EF801F29
:40A1C000F000FF01FFF03FFF07FFF0FFFF0F8FF0F0FF0F0FF0F9FF07FEF07FEF03FCF00F0F0000F0000F80007C0003FFF03FFF00FFF007FF0001F0003F8007FE00FFF01F78
:40A200009F83F0FC7E07EFC03FF801FF000FF000FF000FF000FF000FF000FFFFFFFFFFFFFFFFFFFFFF000FF000FF000FF000FF000FF000FF000FF000F0FFFE0FFFF0FFFFD3
:40A24000CFFFFCF003EF001FF000FF000FF000FF001FF003EFFFFEFFFFCFFFF8FFFFCF003EF001EF000FF000FF000FF000FF001FF003EFFFFCFFFFCFFFF0FFFE0007FE00C3
:40A28000FFF83FFFC3FFFE7C03EF801FF000FF0000F0000F0000F0000F0000F0000F0000F0000F0000F0000F0000F0000F000FF000FF801F7C03E3FFFC3FFFC0FFF007FEC7
:40A2C00000FFFE0FFFF0FFFFCFFFFCF003EF001FF000FF000FF000FF000FF000FF000FF000FF000FF000FF000FF000FF000FF000FF000FF000FF001FF003EFFFFCFFFFCFF0
:40A30000FFF0FFFE00FFFFFFFFFFFFFFFFFFFFF0000F0000F0000F0000F0000F0000F0000FFFF0FFFF0FFFF0FFFF0F0000F0000F0000F0000F0000F0000F0000F0000FFF4C
:40A34000FFFFFFFFFFFFFFFFF0FFFFFFFFFFFFFFFFFFFFF0000F0000F0000F0000F0000F0000F0000FFFF0FFFF0FFFF0FFFF0F0000F0000F0000F0000F0000F0000F00000E
:40A38000F0000F0000F0000F0000F0000007FE00FFF83FFFC7FFFE7C03EF801FF000FF0000F0000F0000F0000F0000F0000F0000F0000F00FFF00FFF00FFF00FFF000FF0C0
:40A3C00000FF800F7C00F3FFFF3FFFF0FFFF07FFF0F000FF000FF000FF000FF000FF000FF000FF000FF000FF000FF000FFFFFFFFFFFFFFFFFFFFFF000FF000FF000FF00068
:40A40000FF000FF000FF000FF000FF000FF000FF000FF000F0FFFFFFFFFFFF0F00F00F00F00F00F00F00F00F00F00F00F00F00F00F00F00F00F00F0FFFFFFFFFFFF000003A
:40A44000F0000F0000F0000F0000F0000F0000F0000F0000F0000F0000F0000F0000F0000F0000F0000F0000F0000F0000FF000FF000FF801F7C03E3FFFC3FFFC0FFF007F8
:40A48000FE00F001FF003FF007EF00FCF01F8F03F0F07E0F0FC0F1F80F3F00F7E00FFC00FF800FF000FF800FFC00F7E00F3F00F1F80F0FC0F07E0F03F0F01F8F00FCF007A2
:40A4C000EF003FF001F0F0000F0000F0000F0000F0000F0000F0000F0000F0000F0000F0000F0000F0000F0000F0000F0000F0000F0000F0000F0000F0000F0000F0000F59
:40A50000FFFFFFFFFFFFFFFFFFF0E0007F000FF801FFC03FFE07FFF1FFFFBFFFFFEFF7FCFF1F8FF0F0FF060FF000FF000FF000FF000FF000FF000FF000FF000FF000FF00B5
:40A540000FF000FF000FF000FF000FF000F0F000FF000FF000FF000FF800FFC00FFE00FFF00FFF80FFFC0FF7E0FF3F0FF1F8FF07CFF03EFF01FFF00FFF007FF003FF001F0C
:40A58000F000FF000FF000FF000FF000FF000FF000F007FE00FFF03FFFC3FFFC7C03EF801FF000FF000FF000FF000FF000FF000FF000FF000FF000FF000FF000FF000FF0E0
:40A5C00000FF000FF000FF801F7C03E3FFFC3FFFC0FFF007FE00FFFE0FFFF0FFFFCFFFFEF003EF001FF000FF000FF000FF001FF003EFFFFEFFFFCFFFF8FFFE0F0000F000FF
:40A600000F0000F0000F0000F0000F0000F0000F0000F0000F0000F0000007FE00FFF03FFFC3FFFC7C03EF801FF001FF000FF000FF000FF000FF000FF000FF000FF000FF3A
:40A64000000FF060FF070FF0F8FF0FCFF07FFF83FE7C1FE7FFFC3FFFE1FFFF07FDF0FFFE0FFFF0FFFFCFFFFEF003EF001FF001FF000FF001FF001FF003EFFFFEFFFFCFFFA5
:40A68000F8FFFE0FFC00F7E00F3F00F1F80F0FC0F07E0F03F0F01F8F00FCF007EF003FF001F007FE00FFF83FFFC7FFFE7C03EF801FF000FF0000F0000F80007C0007FFC0E3
:40A6C0003FFF01FFF807FFC0003E0001F0000F0000FF000FF000FF801F7C03E3FFFC3FFFC0FFF007FE00FFFFFFFFFFFFFFFFFFFF00F0000F0000F0000F0000F0000F000042
:40A70000F0000F0000F0000F0000F0000F0000F0000F0000F0000F0000F0000F0000F0000F0000F0000F0000F000F000FF000FF000FF000FF000FF000FF000FF000FF00049
:40A74000FF000FF000FF000FF000FF000FF000FF000FF000FF000FF000FF000FF000FF801F7C03E3FFFC3FFFC0FFF007FE00F000FF000FF000FF000FF000FF000FF000FF0F
:40A78000000FF000FF000FF000FF801F7801E7C03E3C03C3E07C1E0781F0F80F0F00F9F0079E007FE003FC003FC001F8001F8000F000F000FF000FF000FF000FF000FF0038
:40A7C0000FF000FF000FF000FF000FF000FF0F0FF0F0FF0F0FF0F0FF0F0FF0F0FF0F0FF0F0FF0F0FF0F0FF0F0FF9F9F7FFFE7FFFE3FFFC0F0F00F000FF000FF000FF000FF4
:40A80000F000FF000FF801FFC03F7E07E3F0FC1F9F80FFF007FE003FC007FE00FBF01F1F83E0FC7C07EF803FF000FF000FF000FF000FF000FF000FF000F0F000FF000FF018
:40A8400000FF000FF000FF000FF801FFC03F7E07E3F0FC1F9F80FFF007FE003FC001F8000F0000F0000F0000F0000F0000F0000F0000F0000F0000F0000F0000F000FFFF5F
:40A88000FFFFFFFFFFFFFFFF0000F0001F0003F0007E000FC001F8003F0007E000FC001F8003F0007E000FC001F8003F0007E000FC000F8000F0000FFFFFFFFFFFFFFFFFB6
:40A8C000FFF00078000F8001F8003F0007E0007C000F8001F0003FFFF7FFFFFFFFF7FFFF3F0001F8000FC0007E0003F0001F8000F8000780E0000F0000F8000FC0007E0057
:40A9000003F0001F8000FC0007E0003F0001F8000FC0007E0003F0001F8000FC0007E0003F0001F0000F01C0001E0001F0000F80007C0003E0003F0001F8FFFFCFFFFEFFAA
:40A94000FFEFFFFC000F8001F0003E0007C000F8001F0001E0001C000040000E0001F0003F8007FC00FFE00FFF01FFF83EF7C7CF3EF8F1FF0F0FE0F0700F0000F0000F0012
:40A9800000F0000F0000F0000F00FFFFFFFFFFFFFFFFFFFFFFFFFFFFFFFFFFFFFFFF0FFE00FFF00FFFC0FFFC0003E0001F0000F0000F0FFFF3FFFF7FFFF7FFFFF800FF007E
:40A9C0000FF000FF800F7FFFF7FFFF3FFFF0FFFFF0000F0000F0000F0000F0000F0000F0000FFFE0FFFF0FFFFCFFFFCF003EF001FF000FF000FF000FF000FF000FF000FF53
:40AA0000000FF000FF001FF003EFFFFCFFFFCFFFF0FFFE0007FFF0FFFF3FFFF3FFFF7C000F8000F0000F0000F0000F0000F0000F0000F0000F0000F80007C0003FFFF3FF4A
:40AA4000FF0FFFF07FFF0000F0000F0000F0000F0000F0000F0000F07FFF0FFFF3FFFF3FFFF7C00FF800FF000FF000FF000FF000FF000FF000FF000FF000FF800F7C00F300
:40AA8000FFFF3FFFF0FFFF07FFF007FE00FFF03FFFC3FFFC7C03EF801EF000FF000FFFFFFFFFFFFFFFFFFFFFF0000F0000F80007C0003FFF03FFF00FFF007FF000701F0389
:40AAC000F07F07C0F80F00F00F00F00F0FFFFFFFFFFFF0F00F00F00F00F00F00F00F00F00F00F00F0007FFF0FFFF3FFFF3FFFF7C00FF800FF000FF000FF000FF000FF0000E
:40AB0000FF000FF000FF000FF800F7C00F3FFFF3FFFF0FFFF07FFF0000F0000F0001F0003E0FFFC0FFFC0FFF00FFE0F0000F0000F0000F0000F0000F0000F0000FFFE0FFE2
:40AB4000FF0FFFFCFFFFCF003EF001FF000FF000FF000FF000FF000FF000FF000FF000FF000FF000FF000FF000FF000FF000F00F00F00F00F0000000000FF0FF0FF0FF00F4
:40AB8000F00F00F00F00F00F00F00F00F00F00F00F0FFFFFFFFFFFF00F0F0F0F0000000F0F0F0F0F0F0F0F0F0F0F0F0F0F0F0F0F0F0F0F0F0F1F3EFEFCF8E0F000F000F01C
:40ABC00000F000F000F000F000F00FF01FF03FF07EF0FCF1F8F3F0F7E0FFC0FF80FF00FF80FFC0F7E0F3F0F1F8F0FCF07EF03FF01FFF0FF0FF0FF00F00F00F00F00F00F0AC
:40AC00000F00F00F00F00F00F00F00F00F00F00F00F00F0FFFFFFFFFFFF0FF0F0FF9FCFFFFEFFFFEF9F9FF0F0FF0F0FF0F0FF0F0FF0F0FF0F0FF0F0FF0F0FF0F0FF0F0FF33
:40AC40000F0FF0F0FF0F0FF0F0FF0F0FFFFE0FFFF0FFFFCFFFFCF003EF001FF000FF000FF000FF000FF000FF000FF000FF000FF000FF000FF000FF000FF000FF000F07FE01
:40AC800000FFF03FFFC3FFFC7C03EF801FF000FF000FF000FF000FF000FF000FF000FF000FF801F7C03E3FFFC3FFFC0FFF007FE0FFFE0FFFF0FFFFCFFFFCF003EF001FF099
:40ACC00000FF000FF000FF000FF000FF000FF000FF000FF001FF003EFFFFCFFFFCFFFF0FFFE0F0000F0000F0000F0000F0000F0000F0000F000007FFF0FFFF3FFFF3FFFF4B
:40AD00007C00FF800FF000FF000FF000FF000FF000FF000FF000FF000FF800F7C00F3FFFF3FFFF0FFFF07FFF0000F0000F0000F0000F0000F0000F0000F0000FF07FF1FF4D
:40AD4000F7FFFFFFFF80FF00FC00FC00F800F000F000F000F000F000F000F000F000F000F000F0000FFFF3FFFF7FFFF7FFFFF8000F0000F0000F80007FFF07FFFC3FFFE08B
:40AD8000FFFE0001F0000F0000F0001FFFFFEFFFFEFFFFCFFFF00F00F00F00F00F00F00F0FFFFFFFFFFFF0F00F00F00F00F00F00F00F00F00F00F807C03F03F00F0070F080
:40ADC00000FF000FF000FF000FF000FF000FF000FF000FF000FF000FF000FF000FF000FF000FF800F7C00F3FFFF3FFFF0FFFF07FFFF000FF000FF000FF000FF801F7801E5E
:40AE00007C03E3C03C3E07C1E0781F0F80F0F00F9F0079E007FE003FC003FC001F8001F8000F00F000FF000FF000FF000FF000FF000FF000FF000FF0F0FF0F0FF0F0FF0F34
:40AE40000FF0F0FF0F0FF0F0FF9F9F7FFFE7FFFE3FFFC0F0F0E0007F000FF801FFC03E7E07C3F0F81F9F00FFE007FC003F8001F8003FC007FE00FBF01F1F83E0FC7C07EF7F
:40AE8000803FF001FE000FF000FF000FF000FF000FF000FF000FF000FF000FF000FF000FF000FF000FF000FF000FF800F7C00F3FFFF3FFFF0FFFF07FFF0000F0000F00017A
:40AEC000F0003E0FFFC0FFFC0FFF00FFE0FFFFFFFFFFFFFFFFFFFE0007C000F8001F0003E0007C000F8001F0003E0007C000F8001F0003E0007FFFFFFFFFFFFFFFFFFFFF48
:40AF0000FFFFFFFFFFF00F00F00F00F00F00F00F00F00F00F00F00F00F00F00F00F00F00F00FFFFFFFFFFFF0F0FF0FF0FF0FF0FF0FF0FF0FF0FF0FF0FF0FF0FF0FF0FF0F45
:40AF4000F0FF0FF0FF0FF0FF0FF0FF0FF0FF0FF0F0FFFFFFFFFFFF00F00F00F00F00F00F00F00F00F00F00F00F00F00F00F00F00F00F00FFFFFFFFFFFFF0FFFFFFFFFFFF26
:40AF8000FFFFFFF003FC00FF003FC00FF003FC00FF003FC00FF003FC00FF003FC00FF003FC00FF003FC00FF003FC00FF003FC00FF003FC00FF003FFFFFFFFFFFFFFFFFFC87
:40AFC00000000101180000000100041B180CE6000F000C0B1808E6002000141B1804E6006400141B1804E600A800141B1804E600EC00141B1804E6003001040B180CE600BB
:40B0000036010C1B1808E6005F010C1B1808E6008801141B1804E600CC0114141804E900FE01080E1808F7000C0214041804F10016020404180CFD00180214181804E70082
:40B040005402141B1804E60098020C1B1808E600C102141B1804E6000503141B1804E6004903141B1804E6008D03141B1804E600D103141B1804E6001504141B1804E600C8
:40B080005904141B1804E6009D04141B1804E600E1040410180CED00E90408181808ED000105101B1804E600370514101804ED005F05101B1808E6009505141B1804E60010
:40B0C000D905141B1804E6001D06141B1804E6006106141B1804E600A506141B1804E600E906141B1804E6002D07141B1804E6007107141B1804E600B507141B1804E6005E
:40B10000F907141B1804E6003D080C1B1808E6006608141B1804E600AA08141B1804E600EE08141B1804E6003209141B1804E6007609141B1804E600BA09141B1804E600B3
:40B14000FE09141B1804E600420A141B1804E600860A141B1804E600CA0A141B1804E6000E0B141B1804E600520B141B1804E600960B141B1804E600DA0B141B1804E60094
:40B180001E0C141B1804E600620C141B1804E600A60C141B1804E600EA0C14141804E9001C0D14141804E9004E0D14141804E900800D14141804E900B20D14041804010003
:40B1C000BC0D14041804ED00C60D14141804ED00F80D141B1804E6003C0E14141804ED006E0E141B1804E600B20E14141804ED00E40E0C1B1808E6000D0F141C1804ED009E
:40B20000530F141B1804E600970F0C1B1808E600C00F08231808E600E30F101B1808E60019100C1B1808E600421014141804ED00741014141804ED00A61014141804ED0010
:40B24000D810141C1804ED001E11141C1804ED00641110141808ED008C1114141804ED00BE110C1B1808E600E71114141804ED00191214141804ED004B1214141804ED00C2
:40B280007D1214141804ED00AF12141C1804ED00F51214141804ED0027130C1B1808E60050130C1B1808E60079130C1B1808E600A213121F1803E200D89B0200C0AF020023
:40B2C000207E270000FFFF0FDEF7BD80361B0D9FFFF9B3FFFF361B0D86C03F1FEC9F20C81F83F827C9F2F7F8FC6078FCECE0E0E0E0E0E363C1E060303C33198F8381E1BB9A
:40B30000CF739FE730FFC019DDCC6318638E30C71C718C6333B98018DBDF7E3C387CFEDF9B18180C0300C030FFFFF0C0300C003337ECFFFFC0F0000080E0E0E0E0E0E0C0F4
:40B3400040003F1FEE1F03C0F33CCF03C0F877F8FC33CF0C30C30C30CFFF3E3FB0603039F9F980C0603FFFF0FFFFC0E0E0E0F0FC03C1E1DFC7C00E0F0F8ECE6633FFFF0600
:40B38000030180C0FFFFF01FCFF01C0603C1E1DFC7C01E1F1C1C0C07F3FD83C1E0DFC7C0FFFEC0E0E0E0E0606030180C06003E3FB0783C1BF9FD83C1E0DFC7C03E3FB0F856
:40B3C0003C1BFCFE0303838F8780F03C330003337EC0040C31C71C1C1C1C1C1820FFFFC0000007FFFE8181C1C1C1C30C30C304003F1FEC1C0300C0E06030000000C0303FA9
:40B400001FEE0F1FCFF23CFF1EC03807F0FC1C1F1DDC7C1E0FFFFFC1E0F07830FE7FB0783C1FFBFD83C1E0FFDFC03E3FB8780C06030180C1F0DFC7C0FE7FB0F83C1E0F070F
:40B4400083C1E1FFDFC0FFFFF0180C07F3F980C0603FFFF0FFFFF0180C07F3F980C0603018003E3FB0780C06031F8FC1F0DFE7F0C1E0F0783C1FFFFF83C1E0F07830FFF36A
:40B480000C30C30C30CFFF0180C06030180C0603C1F1DFC7C0C1E1B39B8F8783E1B8CC6330D830C06030180C06030180C0603FFFF081F1FDFFFDDE4F0783C1E0F07830C17C
:40B4C000E0F87E3F9EEF3F8FC3E0F078303E3FB8F83C1E0F0783C1F1DFC7C0FE7FB0783C1FFBF980C0603018003E3FB8783C1E0F0793CDE3DFC7F0FE7FB0783C1FFBF9F033
:40B50000DC6731D8703E3FB0780C03F0FC07C1F0DFC7C0FFFFF0C0300C0300C0300C0300C030C1E0F0783C1E0F0783C1F1DFC7C0C1E0F0783C1F1D8CEE361F070380C0F017
:40B540003C0F03C0F33CCF33CCF33FFDFEC1E0F07C7771F0F8EEE3E0F07830C0F03C0F877F8780C0300C0300C030FFFFC0E0E0E0E0E0E0E0603FFFF00C0E0E0E0FFBFCE0EE
:40B58000380C00C0701C0701C0701C070180180E0380EFFFF83838180010383C7EFFDB181818FFFFC0FFFFC03E1F806FFFFE0F07FF7F80C060301FCFF61F0783C1E1FFDFAE
:40B5C000C03FBFF8180C060380FF3F800180C067F7FF0F0783C1F0DFE7F03E3FB8F83FFE0380FC3E000C738C33FFCC30C30C3FBFF8783C1E0F86FF3F80C0E7E3E0C0603088
:40B600001FCFF61F0783C1E0F0783030C03CF0C30C30CFFF33033333333337ECC183063CFBBE78F9BB3E30F3C30C30C30C30CFFFF3BFFCCF33CCF33CCF33CCC0FE7FB0F840
:40B640003C1E0F0783C1803E3FB8F83C1E0F8EFE3E00FE7FB0F83C1E0F0FFEFE6030180C003FBFF8783C1E0F86FF3F80C0603018DFFFC70C183060C07FFFF01FE7F80C07CE
:40B68000FFFF0030C33FFCC30C30E1C3C1E0F0783C1E0F86FF3F80C1E0F8EC6771B0F8381C00C0F03C0F33CCF33CCFFF7380C1F1DDC7C1C1F1DDC7C180C1E0F0783C1E0FA2
:40B6C00086FF3F80C0E7E3E0FFFFC1C1C1C1C1C1FFFF80FFF18C6318C63FF0DEF7BDEF7BDEF7B0FFC6318C6318FFF0FFFFC3C3C3C3C3C3C3C3C3C3FFFF00000000000101A5
:40B700000B0000000100020C0B05F500040005050B03F5000800090C0B02F50016000A0C0B02F5002500090C0B02F5003300090C0B02F500410002050B05F5004300050C65
:40B740000B03F5004B00050C0B03F5005300080C0B03F5005F000A090B02F6006B0004060B03FD006E0009020B02FA00710002020B05FF007200090A0B02F6007E000A0CE8
:40B780000B02F5008D00060C0B03F5009600090C0B02F500A400090C0B02F500B200090C0B02F500C000090C0B02F500CE00090C0B02F500DC00090C0B02F500EA00090C06
:40B7C0000B02F500F800090C0B02F500060102070B05F8000801040B0B03F8000E01070C0B02F500190109070B02F8002101070C0B03F5002C010A0C0B02F5003B010A0CE0
:40B800000B02F5004A01090C0B02F5005801090C0B02F5006601090C0B02F5007401090C0B02F5008201090C0B02F5009001090C0B02F5009E01090C0B02F500AC01090C70
:40B840000B02F500BA01060C0B03F500C301090C0B02F500D101090C0B02F500DF01090C0B02F500ED01090C0B02F500FB01090C0B02F5000902090C0B02F5001702090CD3
:40B880000B02F5002502090C0B02F5003302090C0B02F5004102090C0B02F5004F020A0C0B02F5005E02090C0B02F5006C02090C0B02F5007A020A0C0B02F5008902090C09
:40B8C0000B02F50097020A0C0B02F500A602090C0B02F500B40209090B02F600BF0209090B02F600CA0209090B02F600D50208090B03F600DE0209020B020100E102090281
:40B900000B02F800E40209090B02F800EF02090C0B02F500FD0209090B02F8000803090C0B02F500160309090B02F8002103060C0B03F5002A03090D0B02F8003903090CC3
:40B940000B02F5004703060C0B03F500500304100B03F5005803070C0B03F5006303060C0B03F5006C030A090B02F800780309090B02F800830309090B02F8008E03090DB3
:40B980000B02F8009D03090D0B02F800AC0307090B03F800B40309090B02F800BF03060C0B03F500C80309090B02F800D30309090B02F800DE030A090B02F800EA03090996
:40B9C0000B02F800F503090D0B02F800040409090B02F8000F04050C0B03F5001704050C0B03F5001F04050C0B03F5002704080E0B01F300C4B20200FCB60200207E120067
:40BA000000FFFFFFFFFFFFFFFFFFFFFFFFFFFFFFFFFEFEFEFEFE003C7EFEFFFE7E3C3C7DFDFFFBFFFFFFFFFFDFDF9F8F0F3E3CF9F9E3E30700007F0FE000FE1FC001FC3F4B
:40BA40008007F07F000FE0FE001FC3F8003F87F00FFFFFFF1FFFFFFC3FFFFFF8FFFFFFF1FFFFFFE3FFFFFFC07F07F000FE0FE001FC3F8003F87F00FFFFFFF1FFFFFFC3FF28
:40BA8000FFFF8FFFFFFF1FFFFFFE3FFFFFFC7FFFFFF00FE0FE001FC3F8003F87F0007E0FE001FC1FC003F83F8007F0FE0000007F00007F00007F00007F00007F8003FFF0D9
:40BAC0000FFFF81FFFFE3FFFFF3FFFFE7FFFFC7FFF7C7FFF187FFF007FFF003FFF003FFFE01FFFF807FFFC01FFFE007FFF007FFF007FFF187F7F1C7F7F3F7FFF7FFFFF7FD0
:40BB0000FFFF7FFFFE3FFFFC0FFFF003FFC0007F00007F00007F00007F00007F000E007E7F00F8FF03F3FF07C79E1F8E3C7E1E78F83DF3F07FEFC07F9F807E7E0030F800AE
:40BB400003F0000FC0001F00007E0000F80003F3E00FDFE01F3FE07EFFC1F9E3C3F3C78FC78F1F0FFC7E0FF9F81FE3E01F8003FC00001FF80000FFF00007FFE0001FFF805E
:40BB800000FFFE0003F9F8000FE7E0003F9F8000FEFE0001FFF80007FFDFFC0FFF7FF07FF9FFC3FFC7FF1FFFBFFC7FFFFFF3FFFFF80FE7FFE03F0FFF00FC1FFC03F83FF06D
:40BBC0000FFBFFE01FFFFFC07FFFFF80FFFFFF01FFFBFE03FFC7FC03F80FFC3CFEFEFFFFFE7E1E3E7C786007F0FE0FE1FC1FC3FC3F83F87F87F07F07F0FF0FF0FE0FE0FE91
:40BC00000FE0FE0FE0FE0FE0FE0FE0FF07F07F07F07F07F83F83F83FC1FC1FE0FE0FE0FC1FC3FC3F87F87F0FE1FE1FC3F87F0FF1FE1FC3F87F0FE1FC3F87F0FE1FC3F87F14
:40BC40000FE3FC7F8FE1FC7F8FE1FC7F8FE1FC7F0FE007C00F819F73FFEFFFFFFFCFFE07F03FF8FFFBFFFBFFE77DC4F901F000007E00007E00007E00007E00007E00007E5F
:40BC800000007E00007E00007E00FFFFFFFFFFFFFFFFFFFFFFFFFFFFFFFFFFFFFFFFFF007E00007E00007E00007E00007E00007E00007E00007E00187EFEFFFFFF7E3E1EC4
:40BCC0007C7C70FFFFFFFFFFFFFFFFFFFFFFFFFFFF187EFEFFFFFE7E3C000FE001FC007F000FE003F8007F001FC003F8007F001FC003F800FE001FC003F800FE001FC007DD
:40BD0000F000FE001FC007F000FE003F8007F001FC003F8007F001FC003F800FE001FC003F8000007F80007FF8007FFF803FFFF01FFFFE0FFFFFC3FFFFF1FF83FE7F807FF6
:40BD4000BFC00FFFF003FFFC007FFE001FFF8007FFE001FFF8007FFE001FFFC00FFFF003FDFE01FF7FC0FF9FFCFFE3FFFFF07FFFF80FFFFE01FFFF003FFF0003FF0000008E
:40BD8000000001F80FC0FE07F0FFFFFFFFFFFFFFFFFFFFFE07F03F81FC0FE07F03F81FC0FE07F03F81FC0FE07F03F81FC0FE07F000FF8003FFF00FFFF81FFFFC3FFFFE3FDD
:40BDC000FFFE1FFFFF1F80FF0E00FF0400FF0001FF0003FE001FFE007FFC01FFF803FFF00FFFC01FFF803FFE003FF0007FC0007F80007FFFFFFFFFFFFFFFFFFFFFFFFFFF70
:40BE0000FFFFFFFFFFFFFF00FF0007FFE00FFFF83FFFFC7FFFFC7FFFFE3FFFFE1F81FF0E00FF0C00FF0001FE01FFFE01FFFC01FFF801FFF801FFFE01FFFF0001FF0000FF16
:40BE400018007F3E00FF3FC3FF7FFFFFFFFFFE7FFFFE3FFFFC0FFFF003FFC00000000003F80007F8000FF8001FF8001FF8003FF8007FF800FFF800FFF801FFF803FFF8033E
:40BE8000FFF807FFF80FF7F81FE7F81FC7F83FC7F87F87F87FFFFFFFFFFFFFFFFFFFFFFFFFFFFFFFFFFF0007F80007F80007F80007F80FFFFC1FFFFC1FFFFC1FFFFC1FFFD7
:40BEC000FC1FFFFC1FFFFC1FC0001FC0003FC6003FFFE03FFFF83FFFFC3FFFFE3FFFFE1FFFFF0781FF0000FF00007F18007F3E00FF3FE3FF7FFFFF7FFFFE7FFFFE3FFFFC83
:40BF00000FFFF003FFC0000000007F0007FFC01FFFC07FFFC1FFFFC7FFFF8FFFFC3FE0F07F80C1FE1C03FFFF87FFFF8FFFFF9FFFFFBFFFFF7FC0FFFF00FFFE01FFFC03FF04
:40BF4000F807F7F81FEFFCFFDFFFFF1FFFFE1FFFF81FFFE01FFF801FFC00000000FFFFFFFFFFFFFFFFFFFFFFFFFFFFFFFFFFFFFFFF8001FC0007F0001FE0007F8001FE00A7
:40BF800007F8001FE0003FC000FF0003FE0007F8001FF0003FE0007F8001FF0003FE0007FC000FF0003FE0007FC000FF800000FF0001FFF003FFFC03FFFF03FFFFC1FFFFCA
:40BFC000F1FFFFF8FF03FC7F00FE3F807F1FE07F87FFFFC1FFFFC07FFFC0FFFFF0FFFFFC7FFFFF7F807FBF801FDFC00FFFE007FFF807FBFFFFFCFFFFFE3FFFFE0FFFFE03D2
:40C00000FFFC007FF80000000001FE000FFF007FFF81FFFF87FFFF0FFFFF3FFFFF7F83FEFE03FDFC03FBF807FFF00FFFE01FFFE0FFDFFFFFBFFFFF3FFFFE3FFFFC0FE7F8E6
:40C04000201FE0E07FC3F3FF0FFFFE3FFFF87FFFF07FFFC07FFE003FF0000000007CFEFEFFFFFE7C0000000000000000187EFEFFFFFE7E3C7CFEFEFFFFFE7C0000000000C9
:40C08000000000187EFEFFFFFF7E3E1E7C7C7000000100000F00003F0001FF000FFF003FFF01FFFF0FFFFF3FFFFCFFFFE0FFFF80FFFC00FFE000FFF800FFFE00FFFFC0FFE5
:40C0C000FFF01FFFFE03FFFF00FFFF001FFF0003FF0000FF00001F000003FFFFFFFFFFFFFFFFFFFFFFFFFFFFFFFFFFFFFFFFFF000000000000000000FFFFFFFFFFFFFFFF12
:40C10000FFFFFFFFFFFFFFFFFFFF800000E00000FC0000FF8000FFE000FFFC00FFFF80FFFFE03FFFFC07FFFF01FFFF003FFF000FFF001FFF007FFF03FFFF1FFFFE7FFFF83F
:40C14000FFFFC0FFFE00FFF800FFC000FF0000F80000C0000000E000FFE01FFF87FFFCFFFFEFFFFE7FFFF7E0FF3C0FF180FF000FF003FE007FE00FFC01FFC03FF007FE00E1
:40C180007FC007F800FF000FF000FE000180007E000FE000FF000FF000FF0007E0003C0000003FF0000000FFFF000001FFFFE00003FFFFFC0003FE01FF0003F8001FC0074C
:40C1C000F00007E007E00001F807E000007E03E01C001F03E07FDF87C3E0FFFFC3E1E0FFFFE0F1F0FFFFF078F0FFFFF83EF87F87F80F787F01FC07BC3F00FE03FE1F807FB7
:40C2000001FE1FC03F81FF0FC01FC0F787E00FC07BC3F80FE03DE1FC07F01EF0FF0FF81E783FFFFC0F3C1FFFFE0F9F07FFFE0F8781FFFF0FC3E07FFFDFC1F00F87FFC07CAD
:40C240000001FFC03F00007F800FC000060003F800030000FF000F80003FFFFFC0000FFFFFE00001FFFFF000003FFFC000000FF000003FE000007FE00001FFC00003FFC089
:40C280000007FF80001FFF00003FFF0000FFFE0001FFFE0007FBFC000FF3F8001FE7F8007F8FF000FF0FF003FC1FE007F83FC00FFFFFC03FFFFF807FFFFF81FFFFFF03FF2C
:40C2C000FFFF07FFFFFE1FE003FC3FC003FCFF0007F9FE0007FBFC000FF0FFC003FFFC0FFFFC3FFFF8FFFFF3FFFFEFFFFFBFC0FEFF03FBFC0FEFF1FFBFFFFCFFFFF3FFFF61
:40C300008FFFFF3FFFFEFFFFFBFC1FFFF01FFFC07FFF01FFFFFFFFFFFFBFFFFEFFFFF3FFFF8FFFFC3FFF80001FE0000FFFC003FFFF007FFFF80FFFFFC1FFFFFE3FFFFFE7B5
:40C34000FFC7FC7FC00F87F80060FF00000FF00000FE00000FE00000FE00000FE00000FE00000FF00000FF800607FC00F07FE01F83FFFFFE3FFFFFF1FFFFFE0FFFFFC07F0E
:40C38000FFF801FFFE0007FF8000000000FFE0003FFFE00FFFFE03FFFFE0FFFFFC3FFFFF8FFFFFF3FC0FFCFF00FFBFC01FEFF003FFFC00FFFF001FFFC007FFF001FFFC0013
:40C3C0007FFF003FFFC00FFFF007FFFC03FEFF01FFBFFFFFCFFFFFE3FFFFF0FFFFF83FFFFC0FFFFC03FFF800FFFFFFFFFFFFFFFFFFFFFFFFFFFFFFFFFFFFFFFFC000FF0087
:40C4000003FC000FF0003FFFFEFFFFFBFFFFEFFFFFBFFFFEFFFFFBFFFFEFF0003FC000FF0003FFFFFFFFFFFFFFFFFFFFFFFFFFFFFFFFFFFFFFFFFFFFFFFFFFFFFFFFFFFF69
:40C44000FFFFFFFFFFFFFFFFFFC000FF0003FC000FF0003FC000FFFFFBFFFFEFFFFFBFFFFEFFFFFBFFFFEFFFFFBFC000FF0003FC000FF0003FC000FF0003FC000FF0003FCE
:40C48000C000001FE0000FFFC003FFFF007FFFF80FFFFFC1FFFFFE3FFFFFE7FFC7FC7FC00F87F80060FF00000FF00000FE00FFFFE00FFFFE00FFFFE00FFFFF00FFFFF00FCD
:40C4C000FFFF8007F7FC007F7FE00FF3FFFFFF3FFFFFF1FFFFFE0FFFFFC07FFFF801FFFF0007FF8000000000FF000FFFE001FFFC003FFF8007FFF000FFFE001FFFC003FF7B
:40C50000F8007FFF000FFFE001FFFC003FFFFFFFFFFFFFFFFFFFFFFFFFFFFFFFFFFFFFFFFFFFFFFFFFFC003FFF8007FFF000FFFE001FFFC003FFF8007FFF000FFFE001FF83
:40C54000FC003FFF8007F0FFFFFFFFFFFFFFFFFFFFFFFFFFFFFFFFFFFFFFFFFFFFFFFFFFFFFFFF0007F0007F0007F0007F0007F0007F0007F0007F0007F0007F0007F000E1
:40C580007F0007F0007F0007F0007F0007F0007F0007F3007F3C0FF3FFFF7FFFE7FFFE7FFFC7FFFC3FFF80FFE0000000FF001FFFF003FEFF007FCFF00FF8FF01FF0FF03F17
:40C5C000E0FF07FC0FF0FF80FF1FE00FF3FC00FF7F800FFFF000FFFF000FFFF800FFFF800FFFFC00FFFFE00FFDFF00FF8FF00FF07F80FF07FC0FF03FE0FF01FE0FF00FF0D6
:40C60000FF007F8FF007FCFF003FEFF001FEFF000FF000FF000FF000FF000FF000FF000FF000FF000FF000FF000FF000FF000FF000FF000FF000FF000FF000FF000FF000F2
:40C64000FF000FFFFFFFFFFFFFFFFFFFFFFFFFFFFFFFFFFFFF00003FFFE0001FFFFC0007FFFF0003FFFFE000FFFFFC007FFFFF003FFFFFE00FFFFFF807FFFFFF03FFFFFF03
:40C68000E0FFFFFFF87FFFFFFF3FDFFFDFEFF7FFF3FFF9FFFCFFFC7FFF1FFF1FFFC7FF87FFF0FFC1FFFC1FF07FFF07F81FFFC0FC07FFF01F01FFFC07807FFF00C01FFFC09C
:40C6C0001007FFF00001FFFC00007FFF000FFFF800FFFFC00FFFFC00FFFFE00FFFFF00FFFFF80FFFFF80FFFFFC0FFFFFE0FFFFFE0FFFFFF0FFFF7F8FFFF3F8FFFF3FCFFF9D
:40C70000F1FEFFFF0FFFFFF07FFFFF07FFFFF03FFFFF01FFFFF01FFFFF00FFFFF007FFFF003FFFF003FFFF001FFFF000FF001FE00003FFF0003FFFF001FFFFE00FFFFFC05A
:40C740007FFFFF83FFFFFF1FFE1FFE7FC00FF9FE001FEFF0003FFFC000FFFE0001FFF80007FFE0001FFF80007FFE0001FFFC000FFFF8003FDFF003FE7FE01FF8FFFFFFC304
:40C78000FFFFFF07FFFFF80FFFFFC01FFFFE001FFFE0001FFE0000000000FFE001FFFF03FFFF87FFFFCFFFFFDFFFFFBFFFFFFF80FFFF00FFFE01FFFC03FFF80FFFFFFFFF35
:40C7C000FFFFBFFFFF7FFFFCFFFFF1FFFF83FFC007F8000FF0001FE0003FC0007F8000FF0001FE0003FC0007F80000001FE00003FFF0003FFFF001FFFFE00FFFFFC07FFF95
:40C80000FF83FFFFFF1FFE1FFE7FC00FF9FE001FEFF0003FFFC000FFFE0001FFF80007FFE0001FFF80067FFF003DFFFC01FFFFF81FFFDFF07FFE7FE0FFF8FFFFFFC3FFFF54
:40C84000FF87FFFFFF0FFFFFFC1FFFFFE01FFFFF001FFE3800000040FFE0007FFFC03FFFF81FFFFF0FFFFFC7FFFFE3FFFFF9FE03FCFF00FE7F807F3FC03F9FE03FCFFFFF20
:40C88000E7FFFFE3FFFFF1FFFFF0FFFFE07FFFF03FFFFC1FE1FE0FF07F87F83FC3FC0FF1FE07F8FF01FE7F807F3FC03FDFE00FE000FF8001FFF803FFFF03FFFFC3FFFFF3C2
:40C8C000FFFFF1FFFFF8FF00F87F801C3FC0001FFC000FFFE003FFFE00FFFFC01FFFF003FFFC001FFF0001FF80003FC2000FF1C007F9FC07F9FFFFFCFFFFFEFFFFFE3FFFE4
:40C90000FE0FFFFE00FFFC00000000FFFFFFFFFFFFFFFFFFFFFFFFFFFFFFFFFFFFFFFFFF00FF0000FF0000FF0000FF0000FF0000FF0000FF0000FF0000FF0000FF0000FF12
:40C940000000FF0000FF0000FF0000FF0000FF0000FF0000FF0000FF0000FF0000FF00FF000FFFE001FFFC003FFF8007FFF000FFFE001FFFC003FFF8007FFF000FFFE001E2
:40C98000FFFC003FFF8007FFF000FFFE001FFFC007FFF800FF7F001FEFE003FDFE007F3FC01FE7FE07FC7FFFFF0FFFFFE0FFFFF80FFFFE00FFFF800FFFE0007FF0000000B9
:40C9C00000FF0001FEFF0003FDFE000FF1FC001FE3FC003FC7F800FF07F801FE0FF007F80FE00FF01FE01FE03FC07F803FC0FF007F83FC007F07F800FF0FE001FE3FC001F8
:40CA0000FE7F8003FCFE0003FBFC0007FFF00007FFE0000FFFC0001FFF00001FFE00003FF800003FF000007FE00000FF8000FF001FC00FF7F803FC00FF7F803FC01FE7F803
:40CA400003FC01FE3FC03FE01FE3FC07FE03FC3FC07FE03FC1FE07FE03FC1FE07FF07F80FE07FF07F80FF0FFF07F00FF0FFF0FF007F0FFF8FF007F8FFF8FE007F9FFF9FEF0
:40CA8000003F9FDF9FE003FDFDF9FC003FDF9FDFC001FFF9FFFC001FFF8FFF8000FFF8FFF8000FFF0FFF0000FFF0FFF00007FF07FF00007FE07FE00007FE07FE00003FE0F1
:40CAC0007FE00003FE03FC00FF8001FF7FC001FF3FE003FE1FF007FC1FF00FF80FF80FF007FC1FF003FC3FE001FE3FC001FF7F8000FFFF00007FFF00003FFE00001FFC00CA
:40CB0000001FFC00003FFC00007FFE00007FFF0000FFFF8001FF7FC003FE3FC007FC1FE007F81FF00FF80FF81FF007FC3FE007FC7FC003FE7FC001FFFF8000FF7F8001FE9A
:40CB40003FC003FE3FC003FC1FE007F81FF007F80FF00FF007F81FE007F81FE003FC3FC001FE3FC001FE7F8000FFFF00007FFF00007FFE00003FFC00003FFC00001FF80031
:40CB8000000FF000000FF000000FF000000FF000000FF000000FF000000FF000000FF000000FF000000FF0007FFFFFCFFFFFF9FFFFFF3FFFFFE7FFFFFCFFFFFF9FFFFFE0A7
:40CBC000000FF80003FE0000FF80003FF0000FFC0003FF0000FFC0003FF00007FC0001FF00007FC0001FF00007FE0001FF80007FFFFFDFFFFFFBFFFFFFFFFFFFFFFFFFFF63
:40CC0000FFFFFFFFFFFFF0FFFFFFFFFFFFFFE07F03F81FC0FE07F03F81FC0FE07F03F81FC0FE07F03F81FC0FE07F03F81FC0FE07F03F81FC0FE07F03F81FC0FE07F03F8138
:40CC4000FC0FE07FFFFFFFFFFFF8FE001FC001FC003F8003F8007F000FE000FE001FC001FC003F8007F0007F000FE000FE001FC003F8003F8007F0007F000FE000FC001F40
:40CC8000C003F8003F8007F0007F000FE001FC001FC003F8FFFFFFFFFFFFF07F83FC1FE0FF07F83FC1FE0FF07F83FC1FE0FF07F83FC1FE0FF07F83FC1FE0FF07F83FC1FEEB
:40CCC0000FF07F83FC1FE0FF07F83FC1FE0FF07FFFFFFFFFFFFFF807C00FC03F807F81FF03DF0F9E3E3E7C3EFFFFFFFFFFFFFFFFFFFFFFFFFFFFFFFFFFFFFFFFFFFFFFFFCB
:40CD0000FFFFFFFC7E1FC3F0FC1F87E0F83F07C0007F801FFF81FFFF07FFFE0FFFF83FFFF07C7FC1807F01FFFC3FFFF1FFFFCFFFFF7FFFFDFE07FFF03FFF80FFFF07FFFF75
:40CD4000FFF7FFFFDFFFFF3FFFFC3FE7F0000000FF00007F80003FC0001FE0000FF00007F80003FC0001FE7F80FFFFF07FFFFE3FFFFF9FFFFFCFFFFFF7FF0FFBFE01FFFE8E
:40CD8000007FFF003FFF801FFFC00FFFE007FFF003FFFC03FFFF03FFFFFFFEFFFFFF7FFFFF3FFFFF1FFFFF0FF7FE0000000000FF800FFFC03FFFC0FFFFC3FFFFCFFFFFDFEA
:40CDC000F0FF7F8078FE0041FC0003F80007F0000FE0001FC0003FC0383FC0FC7FFFFE7FFFF87FFFF07FFFC07FFE003FF00000000000003F80001FC0000FE00007F00003CF
:40CE0000F80001FC0000FE03FE7F07FFFF87FFFFC7FFFFE7FFFFF7FFFFFBFE1FFFFC03FFFC00FFFE007FFF001FFF800FFFC00FFFE007FFF807FDFE07FEFFFFFF3FFFFF9F92
:40CE4000FFFFC7FFFFE1FFFFF03FF3F800000000FF800FFFC03FFFC0FFFFC3FFFFCFFFFF9FF07FFF807FFFFFFFFFFFFFFFFFFFFFFFFFFFFFFFC0003FC0383FC0FC7FFFFEB4
:40CE80007FFFF87FFFF07FFFC07FFE003FF00000000000FF000FFE00FFFC0FFFF07FFF07FFF83FC781FC0C0FE007FFFC3FFFE1FFFF0FFFF87FFFC3FFFE1FFFF00FE0007FC6
:40CEC0000003F8001FC000FE0007F0003F8001FC000FE0007F0003F8001FC000FE0007F0003F800001FF8783FFFFC3FFFFE3FFFFF1FFFFF9FFBFF0FF07F07F03F83FC3FCFD
:40CF00000FFFFE07FFFE01FFFF00FFFF00FFFE007FF8007FFE001FFFF00FFFFE07FFFF8FFFFFEFFFFFF7FE0FFBF801FFFC007FFE007F7FFFFFBFFFFFCFFFFFC3FFFFC07F64
:40CF4000FFC00FFF00FF0001FE0003FC0007F8000FF0001FE0003FC0007F8FE0FF7FF1FFFFF3FFFFF7FFFFEFFFFFFFF87FFFC07FFF807FFF00FFFE01FFFC03FFF807FFF023
:40CF80000FFFE01FFFC03FFF807FFF00FFFE01FFFC03FFF807FFF00FE0187E7EFF7F7E7E187F7F7F7F7F7F7F7F7F7F7F7F7F7F7F7F7F7F7F7F7F7F0018007E00FF00FF006D
:40CFC000FF00FF007E001800FF00FF00FF00FF00FF00FF00FF00FF00FF00FF00FF00FF00FF00FF00FF00FF00FF00FF00FF00FF00FF00FE00FE80FEF3FEFFFEFFFCFFFCFF55
:40D00000F8FFF03FC0FF0000FF0000FF0000FF0000FF0000FF0000FF0000FF01FFFF03FEFF07FCFF0FF8FF0FF0FF1FE0FF3FC0FF7F80FFFF00FFFE00FFFE00FFFF00FFFF1E
:40D0400000FFFF80FFFFC0FF9FE0FF0FF0FF07F8FF07F8FF03FCFF01FEFF00FFFFFFFFFFFFFFFFFFFFFFFFFFFFFFFFFFFFFFFFFFFFFFFFFFFFE0FE7F01FC1FDFF8FFC3FF0A
:40D08000FFBFFE7FFFFFFFCFFFFFFFFDFFFFFFFFBFF3FF8FFFF83FC0FFFE03F81FFFC07F01FFF80FE03FFF01FC07FFE03F80FFFC07F01FFF80FE03FFF01FC07FFE03F80F3B
:40D0C000FFC07F01FFF80FE03FFF01FC07FFE03F80FFFC07F01FC0FF1FC1FEFFE3FFFFE7FFFFEFFFFFDFFFFFFFF0FFFF80FFFF00FFFE01FFFC03FFF807FFF00FFFE01FFF8E
:40D10000C03FFF807FFF00FFFE01FFFC03FFF807FFF00FFFE01FC000FF8003FFF003FFFC03FFFF83FFFFC3FFFFF1FF0FFDFE01FEFE007F7F003FBF800FDFC007EFE007F796
:40D14000F003FBFC03FCFF03FE7FFFFE1FFFFF0FFFFF01FFFF007FFE000FFE00000000FF3FC07FFFF83FFFFF1FFFFFCFFFFFE7FFFFFBFF87FDFF00FFFF003FFF801FFFC000
:40D180000FFFE007FFF003FFF801FFFE01FFFF81FFFFFFFF7FFFFFBFFFFF9FFFFF8FFFFF87FBFF03FC0001FE0000FF00007F80003FC0001FE0000FF00007F8000001FF3FFB
:40D1C00083FFFFC3FFFFE3FFFFF3FFFFFBFFFFFDFF0FFFFE01FFFE007FFF003FFF800FFFC007FFE007FFF003FFFC03FEFF03FF7FFFFF9FFFFFCFFFFFE3FFFFF0FFFFF81F69
:40D20000F9FC0000FE00007F00003F80001FC0000FE00007F00003F8FF1FFF7FFFFFFFFFFFFFFFFFFFFFFFE0FF80FF80FF00FF00FF00FF00FF00FF00FF00FF00FF00FF0098
:40D24000FF00FF0003FE00FFF83FFFE7FFFE7FFFC7FFFC7F0787F0087FF007FFE03FFF80FFFC03FFE007FF000FF3807F3FFFF7FFFFFFFFEFFFFE7FFFC1FFF00000000FE020
:40D2800001FC003F8007F000FE001FC03FFFE7FFFCFFFF9FFFF3FFFE7FFFCFFFF81FC003F8007F000FE001FC003F8007F000FE001FE103FFF07FFE07FFE0FFFC0FFF807F98
:40D2C000C00000FF00FFFE01FFFC03FFF807FFF00FFFE01FFFC03FFF807FFF00FFFE01FFFC03FFF807FFF00FFFE01FFFC07FBFC1FF7FFFFEFFFFFDFFFFF9FFFFF1FFEFE0A0
:40D30000FF9FC0000000FF00FEFE01FDFC07FBFC0FE3F81FC7F07F07F0FE0FE1FC1FC7F01FCFE03FBFC07FFF007FFE00FFFC01FFF001FFE003FF8003FF0007FE000FF800C4
:40D340000FF0001FE000FE03F01FDFC0FC0FE7F07F83F9FC1FE1FC3F87F87F0FE1FE1FC1FCFFCFE07F3FF3F81FCFFCFE03FBFF7F00FFFFFFC03FFFFFF007FFFFF801FFFF83
:40D38000FE007FFFFF800FFFFFC003FF3FF000FFCFF8001FF3FE0007FCFF8000FE1FC0003F87F000FF007F7F80FE3F81FE1FC3FC1FE3F80FF7F807FFF003FFE003FFC001DF
:40D3C000FFC000FF8000FF8001FF8001FFC003FFE007FFF00FF7F00FE7F81FC3FC3FC1FC7F80FE7F00FFFF00FFFE01FFFC03FFF807FFF00FFFE01FFFC03FFF807FFF00FF30
:40D40000FE01FFFC03FFF807FFF00FFFE01FDFC07FBFE3FF7FFFFE7FFFFCFFFFF87FF7F07F8FE0001FC0003F8000FE1F0FFC3FFFF87FFFE0FFFF83FFFE07FFF800FF8000A1
:40D440007FFFFDFFFFF7FFFFDFFFFF7FFFFDFFFFE7FFFF0007F8003FC001FE000FF0007F8003FC001FE000FF0007F8003FFFFDFFFFFFFFFFFFFFFFFFFFFFFFFFF0007E036D
:40D48000FC0FF81FF07FE0FE01FC03F807F00FE01FC03F80FF01FE03FC07F00FE03FC3FF07FE0FF81FF83FF00FF00FE01FC03FC07F80FF00FE01FC03F807F00FE01FC03F87
:40D4C000807FE07FC0FF80FF007EFFFFFFFFFFFFFFFFFFFFFFFFFFFFFFFFFFFFFFFFFFFFFFFFFFFFFFFFFFFFFFFFFFFFFFFFFCF801FC03FC07FC0FF807F807F00FE01FC078
:40D500003F807F00FE01FC03F807F00FF00FE01FE03FF83FF03FE0FFC3FF87F80FE03FC07F80FE01FC03F807F00FE01FC03F807F01FE0FFC1FF03FE07F80FC0000000043B2
:40D54000F00033FFE07FFFFFFFFFFFFFFFFFFFFFFFFFFFFFFFFFF03FFF3000FF08000000000001010C0000000100081D0A01E5001E000F0C1101E40035001F1F2001E3000B
:40D58000AE0018251B01E1001D01171C1901E5006E011E1D1F01E500DB01080C0901E400E7010C250D01E2001F020B250D01E20052020F0F1101E3006F0218181A01E60053
:40D5C000B702080C0901FA00C30210071101F000D10208080901FA00D902131F1501E30023031A1D1C01E50082030D1C0E00E500B003181D1B01E5000704181D1900E50068
:40D600005E04181C1800E500B204181D1A01E5000905171D1901E5005D05171C1800E500AE05191D1A01E5000906171D1901E5005D0608170901EB007406081B0901EB0065
:40D640008F0618191A01E600DA0618101A01EA000A0718191A01E6005507141E1601E400A00729282B01E1006D081F1C1F00E500DA08161C1801E50027091C1D1D01E500D3
:40D680008D091A1C1C01E500E809161C1801E500350A161C1801E500820A1C1D1E01E500E80A1B1C1D01E500470B081C0A01E500630B141D1600E500AC0B1C1C1C01E50026
:40D6C0000E0C141C1501E500540C221C2401E500CB0C1C1C1E01E5002D0D1E1D2001E5009A0D171C1901E500EB0D1E1D2001E500580E191C1A01E500B00E191D1A01E5000E
:40D700000B0F181C1800E5005F0F1B1D1D01E500C10F1F1C1F00E5002E102C1C2C00E500C810201C2000E5003811201C1F00E500A8111B1C1E01E50007120D290F01E30077
:40D740004A12131F1501E30094120D290F01E300D7120F090F00E500E81225062701000004130A090B00E300101316171800EB005013191E1B01E400AE1317171901EB0018
:40D78000F113191E1B01E4004F1417171901EB009214151F1500E200E414191F1900EB004515171D1A01E4009915081E0A01E300B71510270DFCE3000516181D1901E40007
:40D7C0005C16071D0A01E400761623162501EB00D71617161A01EB00171719171A01EB005F17191E1B01EB00BD17191D1B01EB00181810161101EB00441814171601EB00A9
:40D800007E18131D1300E500C31817171A01EB00061917161700EB00461922162100EB00A41918161800EB00E619171F1A01EB00401A16161901EB007D1A0F291101E300B2
:40D84000CA1A072A0901E300EF1A0F291101E3003C1B1A0B1C01EF0000BA020060D50200207E2B0000FFFFFFFC7FC045DFBB7659800E381C7038E3FFF7FFEFFFC71C0E38CD
:40D880001C71FFFBFFE1C7038E071C0C70000C0180301FC7FDFFBB2760FC0FF07F06F0CE9BFFF7FE3F01803000F1E469324CF60180C070180EE36D9B66F0E03E01FC077010
:40D8C0001DC07701FC07EFBFBEEFE31F8E3C3DF87FF0F9E05FB7803B9CEE739CE739CE79CE71C0E39CE79CE739CE73B9CEE70011AFF1CFDAC4000E00E00E00E00E0FFFFF76
:40D90000FFFF0E00E00E00E0FFBCFFFFF8FF80038381C1C0E0707038381C0E0E070703800FC1FF0FFCF0E707381FC0FE07703B839E1C7FE3FE07E01C77FFFC71C71C71C73F
:40D940001C703F8FF9EF10F01E0783F0FC7E0F03807FFFFFFFC03F8FF9EF90700E0387E0FE01E01D83BFF7FC7F0003C0F81F07E1FC3F8EF39E73DFFFFFFFF03C07807FCF3B
:40D98000F9FF380700FF3FF39E01E01D07FFEFFC7E001F87FCFF384700FF3FF78770EE1DC3BFF3FC3F00FFFFFFFF81E0380E0380701C0380F01E038070001F83FC7FE70EA5
:40D9C00070E39E1FC7FE70FE07F0778F7FE1FC3F8FF9FF38FE0FC1DC7BFF3EE01C071FE7F87E00FF8000FF80FF8000FFBC00603C3FBFEFE1F03F07FC1FE07C038000FFFFDC
:40DA0000FFFFF000000FFFFFFFFFC01F03F83FE0FE03C1F9FFFF1F838000007F7FFDE870383C3C3C3C1C00070381C000FE0038780E01C180063000621FE363FE3471E1CEEA
:40DA40000E18E0C18E0C38E1C38F3C2C7FC6C3DCC600F860020380201FFE007FC007800F801F007F00EE03DC073C0E383C707FF1FFE381E701DE0380FE3FCFFB8EE3BFEF77
:40DA8000F3FEE3B87E1FFEFFBF800FE0FFCFFEF067003803C01E007003801E0C7FF1FF07F0FF0FF8FFCE1EE0EE0FE07E07E0FE0EE1EFFCFF8FE0FFFFFFFF80E0380FFBFE5E
:40DAC000E0380E03FFFFFFF0FFFFFFFF80E0380FFBFEFFB80E0380E038000FE07FE3FF9E0C7001C00F07FC1F701DC07783CFFF1FF83F80E07E07E07E07E07E07FFFFFFE0C1
:40DB00007E07E07E07E07E07FFFFFFFFFFC00381C0E070381C0E070381D0EFFFF3F0E0FE1EE3CE78EF0FE0FE0FF0F70E38E3CE1CE0EE0FE0E0E0E0E0E0E0E0E0E0E0FFFF34
:40DB4000FFF00FF01FF81FF83FFC7FFE77EEF7EFE7E7C7E3C7E387E187E107E007F07F83FE1FF8FFC7F73FBDFCEFE3FF1FF87FC3FE0FF03C0FE03FF0FFE3C1E701CE01FC13
:40DB800003F807700EE039E0F1FFC1FF01FC00FF3FEFFF87E1F87FFFFEFE380E0380E038000FE03FF0FFE3C1E701CE01FC03F807706EE1F9E1F1FFE1FFC1FD00FF1FF3FFAB
:40DBC00070EE1DC3BFF7FCFF1C638E71CE1DC3801FC3FF79E7007007E03FC0FE01F00700F7DF7FE3FCFFFFFFFF8700E01C0380700E01C0380700E01C00E07E07E07E07E0A3
:40DC00007E07E07E07E07E0FF0F7FE3FC1F8F01CE039C0F1C1C387878E071C0E781EE01DC03F003E007C00F000F0703B83C3DC1E1CF1F0E38F8F1C7C70F3F383BBBC1DDD92
:40DC4000C0FE6E03F3F01F1F00F8F803C380701CF078F1E0E380EE01FC01F003E00FE01DC071C1E3C783CE0380701CF078E0E1E3C1C703DC03F803E007C007000E001C00E6
:40DC800038007000FFFFFFFFE01E03C0780F01E01E03C0780FFFFFFFFFFFFE38E38E38E38E38E38E38E38E3FFCE0701C0E0381C060381C070380C070380EFFF1C71C71C7DA
:40DCC0001C71C71C71C71C71FFFC31E5B3FFFFFFFFF0E6633F8FF31C071FDFFF1F87E3FFF7DCE01C0380700FF9FFBC7F07E0FC1F83F07F9FFFBFE01F87F9E7B80E01C01833
:40DD0000038479E7F87E000070070070071FF3FF79F707E07E0760770F79F3FF1FF01F87F9E7B87FFFFFD8038479E7F87E000F0FCFE70387FBFDFE381C0E070381C0E0700A
:40DD40003FF3FF71C71C79C3F83F07007F83FCFFEE0EE0EFFE7FC0F0E0380E0380EFBFFF3F87E1F87E1F87E1F87E1CFF0FFFFFFFF80E1C3000E1C3870E1C3870E1C3871D81
:40DD8000FBF380E0380E0380E3F9EE73B8FC3F0FE3DCE7B8EE1CFFFFFFFFFFF8FF3EFFFFF7CFE387E387E387E387E387E387E387E387EFBFFF3F87E1F87E1F87E1F87E1C7E
:40DDC0001F83FC79E707E07E0760770F79E3FC1F80FF9FFBC7F07E0FC1F83F07FBFFFBFE700E01C038001FF3FF79F707E07E0760770F79F3FF1FF0070070070070EFFFFC71
:40DE0000E38E38E38E003F3FDC4E07E1F81E0363BFDFC0381C0E1FEFF7F8E070381C0E0723F0F8E1F87E1F87E1F87E1F87F7FFF7DCE1CE39C739C3B8770FC0F81F03C038BD
:40DE400000E18773CE73CE73CE3BDC3FFC3FFC1FF81E781E780E7071CE38EE0F81F01C07C1F83B8E3B8700E1F87E1F87E1F87E1FCFFFDF701C0703DFE7F070FFFFFFF81CF0
:40DE80000E070381E0FFFFFFFC0E3CE1C3870E1C39E3C3C3870E1C387078F020FFFFFFFFFFFFFFFEE1E1C3870E1E1C387C79C3871C3870E3C70000000FF3FFFFFF00C000DF
:40DEC00000000101060000000100030E0501F300070007060901F2000D000F0F1101F2002A000B130D01F00045000A0E0C01F30057000E0E1001F300700003060501F20045
:40DF0000730005120701F2007F0005120701F2008B0007070901F20092000C0C0D01F300A40003050501FE00A60007030901F900A90003030501FE00AB00090F0B01F200B6
:40DF4000BC000D0E0D00F300D300060E0700F300DE000B0E0D01F300F2000B0E0C00F30006010B0E0B00F3001A010B0E0C01F3002E010B0E0C00F30042010B0E0B00F300F4
:40DF800056010C0E0C00F3006B010B0E0C00F3007F01030B0501F6008401030D0501F60089010B0C0D01F4009A010C080D01F500A6010B0C0D01F400B701090E0B01F3006F
:40DFC000C70114141601F100F9010F0E0F00F30014020A0E0B01F30026020D0E0E00F3003D020C0E0D01F30052020A0E0B01F30064020A0E0B01F30076020E0E0E00F300C8
:40E000008F020C0E0E01F300A402030E0501F300AA02090E0A00F300BA020C0E0D01F300CF02080E0901F300DD02100E1101F300F9020D0E0E01F30010030F0E0F00F300BC
:40E040002B030A0E0C01F3003D030F0E0F00F30058030B0E0C01F3006C030C0E0C00F30081030B0E0B00F30095030C0E0E01F300AA030F0E0F00F300C503150E1500F300F1
:40E08000EA030F0E0F00F30005040F0E0F00F30020040C0E0E01F300350406150701F2004504090F0B01F200560406150701F200660406040801F3006904120214010100C9
:40E0C0006E0404040501F20070040A0B0B00F6007E040B0F0D01F20093040B0B0C00F600A3040C0F0D00F200BA040B0B0C00F600CA0409100900F100DC040C100B00F60064
:40E10000F4040A0F0C01F2000705030F0501F2000D05071406FEF2001F050A0F0B01F2003205030F0401F2003805100B1201F6004E050A0B0C01F6005C050C0B0C00F600D5
:40E140006D050B0F0D01F60082050C0F0D00F6009905060B0701F600A205090B0A00F600AF05090E0900F300BF050A0B0C01F600CD050B0B0B00F600DD05100B1000F60073
:40E18000F3050B0B0B00F60003060A100C01F60017060A0B0C01F600250607150901F200380603150401F200400607150901F20053060C050E01F80064D80200C0DE0200B8
:40E1C000207E1500000000000000000000000000FDA000FF80000F81FF0FF8F1EF07F01F80FC07E03F83DE3C7FC3FE07C03DFFFF1C71C71C71C71C703F1FEFFD8741C070CD
:40E20000381E0F0783C1FFFFFFF00FC1FE3FF18700703E03C03E00720770FFFE3FE1F801C0781F07E1FC7B9E738EFFFFFFFF80E01C03803FCFF9FF3807F0FF9FF18F00E487
:40E240001FC7BFE7FC3E0007C1FC3FC7C0700F7CFFEFFFF0FE07F0F7FE3FE1F8FFFFFFFC0E0381C0F0381E070381E0703C001F87F9FFB8770EFF8FE3FEF1FC1FC7FFF7FCBD
:40E280003E001F0FF1FF78FE0FE3FFFBFF3EE0381F1FC7F0F800000000000000000F007C03E03F01DC0EE0E7071C38E3FF1FFCFFEE07701CFF8FFCFFEE0EE0EFFEFFCFFE09
:40E2C000E07E07E07FFFFFEFF807C0FF0FFCF0FF027003801C00E007811E1E7FE1FE03E0FF07FE3FF9C1EE07F01F80FC07E03F03F83DFFCFFC7FC0FFFFFFFC0E07F3F9FCE5
:40E30000E070381FFFFFFCFFFFFFFC0E0703FDFEFF70381C0E070007C03FC0FFC3C3CF021C00387FF0FFE1FDE039E0F1FFC1FF00F800E07E07E07E07E07FFFFFFFFFE07E78
:40E3400007E07E07E07E07FFFFFFFFFFC000E01C0380700E01C0380700E41DC7FFE3F83E00E1FC3B8E73CEF1FC3F07E0FE1DE39E71CE3DC3C0E070381C0E070381C0E07052
:40E38000381FFFFFFCE00FE03FE0FFE3FFEFFFDFFBFBF3E7E38FC71F843F007E00FC01C0E07F07F87F87FC7FE7EF7EF7E7FE3FE1FE1FE0FE0707C03FE0FFE3C1EF01FC01A3
:40E3C000F803F007E00FE03DE0F1FFC1FF00F800FF1FFBFF70FE0FC1F87FFEFFDFE380700E01C00007C03FE0FFE3C1EF01DC01F803F007E08FE3FDE7F1FFC1FFE0FB8001C2
:40E4000000FF0FFCFFCE1EE0EE0EE1EFFCFF8FF8E38E3CE1EE0F0F03FC7FE78F7047803F80FE01F207787FFF3FE0F8FFFFFFFF8700E01C0380700E01C0380700E01C00E0D4
:40E440007E07E07E07E07E07E07E07E07E07F0F7FE3FC0F0E03F03DC1CE0E70F1C70E387381DC0EE07E01F00F80780E0E0FC3E1FC7C7B8F8E71F1CE3F39EEEF1DDDC3BBBC6
:40E480008773707C7C0F8F81F1F03E1E00E0770E79E39C1F81F80F00F01F81F839C79E70EE07F07B838E3871C1DC0EE03E01F007003801C00E00700380FFFFFFFC0E07839E
:40E4C000C0E0783C0E0703FFFFFFF00000000000001EEFFDFFF8FE0FC1FC7BFF7FE3DCE00E00E00E00EF8FFCFFEF0FE07E07F0FFFEFFCEF81F0FF7FFC6E0380F19FF3FC7A7
:40E50000C000E01C038071EEFFDFFF8FE0FC1FC7BFF7FE3DC01F0FF3FF7FFFFFFFF867FE7F83E01F3F3F38FEFEFE383838383838381EEFFDFFF8FE0FC1FC7BFF7FE3DC03A6
:40E5400098F7FCFF07C0E01C0380700E79FFBFFF8FE0FC1F83F07E0FC1C0FF81FFFFFFF81C71C00071C71C71C71C71C71FFFBCE01C0380700E3DCE3BC7F0FC1F83F8778EFB
:40E5800079C7C0FFFFFFFFFFC0EF3E7FFFBFFFFE7CFE1C3F0E1F870FC387E1C3F0E1C0EF9FFBFFF8FE0FC1F83F07E0FC1C1F07F1FF78FE0FC1FC7BFE3F83E0EF8FFCFFEFC3
:40E5C0000FE07E07F0FFFEFFCEF8E00E00E00E00E0001EEFFDFFF8FE0FC1FC7BFF7FE3DC0380700E01C038E7FEFEF0E0E0E0E0E0E01F0FE7FDC63E03E71FFF7FC7C0383815
:40E6000038FEFEFE383838383F3F1FE1F87E1F87E1F87F3FFF7FCF70F0770E70E38E39C1DC1F81F80F80F0E1C3B8F19CF9C67CE3BE61DBF0FDF83E7C1E3C0F1E00F0F39EEF
:40E640003FC1F80F00F01F83FC39EF0FF0770E78E39E39C1DC1F81F80F80F00700E07E07C0F800FFFFFFC1C1E0E0E0FFFFFFC0000000000000000101060000000100010168
:40E6800006000000020001010600000003000101060000000400010106000000050001010600000006000101060000000700010106000000080001010600000009000101EE
:40E6C000060000000A000101060000000B000101060000000C0003040601FE000E000101060000000F0003030501FE00110001010600000012000D0E0F01F3002900060E22
:40E700000801F30034000A0E0C01F30046000C0E0D00F3005B000B0E0D01F3006F000B0E0D01F30083000C0E0E01F30098000A0E0B01F300AA000B0E0D01F300BE000B0E4A
:40E740000D01F300D200010106000000D300010106000000D400010106000000D500010106000000D600010106000000D700010106000000D800010106000000D9000D0E99
:40E780000F01F300F0000C0E0E01F30005010D0E0F01F3001C010D0E0F01F3003301090E0B01F3004301090E0B01F30053010F0E1101F3006E010C0E0E01F3008301030EB1
:40E7C0000601F30089010B0E0D00F3009D010B0E0E01F300B101090E0B01F300C1010F0E1101F300DC010C0E0E01F300F1010F0E1101F3000C020B0E0D01F30020020F0FA2
:40E800001101F3003D020C0E0D01F30052020C0E0D00F30067020B0E0D01F3007B020C0E0E01F30090020D0E0F01F300A702130E1501F300C9020C0E0E01F300DE020D0E8A
:40E840000E00F300F5020A0E0C01F3000703010106000000080301010600000009030101060000000A030101060000000B030101060000000C030101060000000D030B0AE8
:40E880000D01F7001B030C0E0E01F30030030A0A0C01F7003D030B0E0D01F30051030B0A0D01F7005F03080E0901F3006D030B0F0D01F70082030B0E0D01F3009603030FB8
:40E8C0000501F2009C03061405FEF200AB030B0E0C01F300BF03030E0501F300C503110A1301F700DB030B0A0D01F700E9030B0A0D01F700F7030C0F0E01F7000E040B0FAC
:40E900000D01F7002304080A0901F7002D040A0A0B00F7003A04080D0900F40047040A0A0C01F70054040C0A0C00F7006304110A1100F70079040C0A0C00F70088040C0F66
:40E940000C00F7009F04090A0B01F700AB04010106000000AC04010106000000AD04010106000000AE04010106000000C4E1020074E60200207E1400000000000000000044
:40E980000000000038FBFFFFEF8F3C200038FBFFFFEF8E0000007F0000FFE001FFFC01FFFF01FFFFC1FE0FF0FE03F8FE00FE7E003F3F001FBF0007FF8003FFC001FFE00091
:40E9C000FFF0007FF8003FFC001FBF001F9F800FCFE00FE3F80FE1FE0FF07FFFF01FFFF007FFF000FFE0001FC00001F83FC7FEFFFFFFBFFCFFE63F01F80FC07E03F01F80E4
:40EA0000FC07E03F01F80FC07E03F01F80FC07E03F01F80FC07E01FC00FFF01FFFC3FFFC7FFFEFF0FF7E03F1C03F0803F0003F0007F0007E000FE001FC003FC007F800FF47
:40EA4000001FE003FC007F800FF001FE003FFFF7FFFFFFFFFFFFFFFFFFF001FE000FFF007FFF81FFFF87FFFF0FF0FF0F807E0600FC0401F8000FE003FFC007FF000FFE0022
:40EA80001FFF003FFF0001FE0000FE0000FC2001F8E003F7E00FFFF03F9FFFFF1FFFFC1FFFF01FFF8007F8000003F0000FE0003FC000FF8003FF0007FE001FFC007FF80195
:40EAC000FFF007F7E01FCFC07F1F80FC3F03F87E0FE0FC3F81F8FE03F1FFFFFFFFFFFFFFFFFFFFFFFFFFFFC000FC0001F80003F00007E0000FC01FFFE1FFFF0FFFF87FFF63
:40EB0000C3FFFE1F8000FC000FC0007FFC03FFFC1FFFF0FFFFC7FFFF1F87F8300FE1007F0001F8000FC2007E3807F7E03FFF87FBFFFFCFFFFC3FFFC07FF800FF00001FF0BB
:40EB400001FFE007FF803FFF00FFFE03FE0007F0001FC0007F0000FC7F01FBFF87FFFFCFFFFF9FFFFFBFE0FF7F007FFC007FF800FFF001FBE003F7E00FCFF07F8FFFFE0F9D
:40EB8000FFFC0FFFF00FFF8003FC00FFFFFFFFFFFFFFFFFFFFFFFE001FC003F000FE003F8007F001FC003F000FE001F8007F001FC003F800FE001FC007F000FC003F800743
:40EBC000E001FC007F000FE003F8000000FF0007FFE01FFFF83FFFFC3FFFFC7F81FE7E007E7E007E7E007E3F81FC3FFFFC1FFFF80FFFF01FFFF83FFFFC7F81FEFE007EFC9E
:40EC0000003FFC003FFC003FFE007FFF81FE7FFFFE3FFFFC1FFFF807FFE000FF0001FC001FFE01FFFC0FFFF87FFFF1FC0FEFE01FBF003EFC00FFF003FFE01FFFC0FF7FFFCA
:40EC4000FDFFFFF3FFFFC7FFFF07F1F80007E0003F8001FC000FF000FF81FFFC07FFE01FFF007FF003FE000000000000000000007F80001FE00007FC0003FF0000FFC000A0
:40EC80003FF8001FFE0007FF8001FBF000FCFC003F3F000FC7E007E1F801F87E007E0FC03F03F00FC0FE03FFFF81FFFFE07FFFFC1FFFFF0FFFFFC3F003F8FC007E7E001FF6
:40ECC0009F8007FFE000FCFFFE07FFF83FFFF1FFFF8FFFFE7E03FBF00FDF807EFC03F7E01FBF01FDFFFFCFFFFE7FFFF3FFFFDFFFFEFC03FFE00FFF007FF803FFC01FFE01FD
:40ED0000FFFFFFDFFFFCFFFFE7FFFE3FFFC0001FC0003FFE003FFFC01FFFFC0FFFFF87FC1FF3FC01F0FE00387F00081F80000FE00003F00000FC00003F00000FC00003F01E
:40ED40000000FE00001F800007F00080FE00383FC01F87FC1FF0FFFFF81FFFFC03FFFC003FFE0001FC00FFFC00FFFF80FFFFC0FFFFF0FFFFF8FC07F8FC01FCFC00FEFC004C
:40ED80007EFC007EFC003FFC003FFC003FFC003FFC003FFC003FFC003FFC007EFC007EFC00FEFC01FCFC07F8FFFFF8FFFFF0FFFFE0FFFF80FFFC00FFFFBFFFEFFFFBFFFEFF
:40EDC000FFFFBF000FC003F000FC003F000FC003FFF0FFFC3FFF0FFFC3FFF0FC003F000FC003F000FC003F000FFFFFFFFFFFFFFFFFFFFFFCFFFFFFFFFFFFFFFFFFFFFFFF72
:40EE0000000FC003F000FC003F000FC003F000FFFE3FFF8FFFE3FFF8FFFE3F000FC003F000FC003F000FC003F000FC003F000FC000001FC00007FFC000FFFF000FFFFE00BC
:40EE4000FFFFF80FF83FE0FF007C07F001C07F000803F000003F800001F800000FC01FFFFE00FFFFF007FFFF803FFEFE01FFF3F0001F9FC001FC7F001FC3FC01FC0FF83F7A
:40EE8000E03FFFFE00FFFFE003FFFE0007FFC0000FF000FC00FFF003FFC00FFF003FFC00FFF003FFC00FFF003FFC00FFF003FFC00FFFFFFFFFFFFFFFFFFFFFFFFFFFFFFCF5
:40EEC00000FFF003FFC00FFF003FFC00FFF003FFC00FFF003FFC00FFF003FFC00FC0FFFFFFFFFFFFFFFFFFFFFFFFFFFFFFFFFFFFFFFFC00001F8000FC0007E0003F0001F9A
:40EF00008000FC0007E0003F0001F8000FC0007E0003F0001F8000FC0007E0003F0001F8000FC0007E1807E3C07F7F87F1FFFF87FFF81FFF807FF000FE00FC01FDF807F344
:40EF4000F01FC7E07F0FC0FE1F83F83F0FE07E3F80FCFE01FBFC03F7F007FFC00FFF001FFE003FFC007FFC00FDFC01FBFC03F3FC07E3F80FC3F81F83F83F07F87E07F8FC27
:40EF800007F9F807F3F007F8FC003F000FC003F000FC003F000FC003F000FC003F000FC003F000FC003F000FC003F000FC003F000FC003F000FC003F000FFFFFFFFFFFFF3B
:40EFC000FFFFFFFFFCFC0007FFC001FFFC007FFF800FFFF803FFFF80FFFFF01FFFFF07FFFFF1FFFFFF7FFFFFEFFFFEFFFBFFCFFE7FF9FFCFFF1FF1FFE1FC3FFC1F07FF8395
:40F00000E0FFF0381FFE0203FFC0407FF8000FFF0001FFE0003FFC0007FF8000FFF0001F80FC007FF800FFF801FFF803FFF807FFF00FFFF01FFFF03FFFF07FFFE0FFFFE12B
:40F04000FFFFE3FFDFC7FF9FCFFF1FDFFE3FFFFC3FFFF83FFFF07FFFE07FFFC07FFF807FFF00FFFE00FFFC00FFF801FFF001F8001FC00007FFC000FFFF800FFFFE00FFFFE7
:40F08000F80FF83FE0FF007F87F001FC7F0007F3F0001FBF8000FFF80003FFC0001FFE0000FFF00007FF80003FFE0003FBF0001F9FC001FCFF001FC3FC01FE0FF83FE03F47
:40F0C000FFFE00FFFFE003FFFE0007FFC00007F000FFFC07FFF83FFFF1FFFFCFFFFF7E03FBF00FDF803FFC01FFE00FFF007FF803FFC03FFE03FBFFFFDFFFFCFFFFC7FFF87A
:40F100003FFF01F8000FC0007E0003F0001F8000FC0007E0003F0000001FC00007FFC000FFFF800FFFFE00FFFFF80FF83FE0FF007F87F001FC7F0007F3F0001FBF8000FF94
:40F14000F80003FFC0001FFE0000FFF00007FF80103FFE01C1FBF00F1FDFC0FCFCFF0FFFE3FC3FFE0FF8FFF03FFFFF00FFFFF803FFFFF007FFFFC00FF0FC000003E000009E
:40F180000E00000020FFFE03FFFE0FFFFC3FFFF8FFFFF3F01FCFC03FBF007EFC01FBF007EFC01FBF00FEFC07F3FFFFCFFFFE3FFFF8FFFFC3FFFC0FC3F83F07E0FC0FC3F0FF
:40F1C0003F8FC07E3F00FCFC03FBF007EFC01FC000FE0007FF003FFF807FFF81FFFF87F87F8FC07C1F80703F00807F0000FFC000FFF801FFFE01FFFE00FFFE007FFE000F39
:40F20000FE0003FC1001F8F003F3F007FFF03FDFFFFF1FFFFE0FFFF80FFFC003FC00FFFFFFFFFFFFFFFFFFFFFFFFFFFC03F0000FC0003F0000FC0003F0000FC0003F000004
:40F24000FC0003F0000FC0003F0000FC0003F0000FC0003F0000FC0003F0000FC0003F0000FC0003F0000FC000FC00FFF003FFC00FFF003FFC00FFF003FFC00FFF003FFCE9
:40F2800000FFF003FFC00FFF003FFC00FFF003FFC00FFF003FFC00FFF003FFC00FFF807F7F03F9FE1FE3FFFF07FFF80FFFC01FFE000FC000FE000FDF8007F7F001FCFC0018
:40F2C0007E3F003F8FE00FC1F803F07E01FC1FC07E03F01F80FC0FE03F83F007E0FC01F87F007F1F800FC7E003F3F800FEFC001FBF0007EFC001FFE0003FF8000FFE00030F
:40F30000FF00007FC0001FF00007F800FE00FE00FEFC01FC01F9F803F803F3F80FF80FE3F01FF01F87E03FE03F0FC07FC07E1FC1FFC1FC1F83FF83F03F07FF07E07E0FFEE4
:40F340000FC07E3F7E3F00FC7EFC7E01F8FDF8FC03F1FBF1F803F7E3F7E007EFC7EFC00FDF8FDF800FBF1FBE001FFC1FFC003FF83FF8007FF07FF0007FE07FC000FF80FF49
:40F380008001FF01FF0001FE03FE0003FC03F800FE003FBF803F8FE01F83F01FC1FC1FC07F0FC01F8FE00FEFE003FFE000FFF0007FF0001FF00007F80003F80001FE000159
:40F3C000FF0001FFC000FFF000FFF800FEFE007E3F807F0FC07F07F03F01FC3F807E3F803FBF800FE0FC003F7E007E7E007E3F00FC3F00FC1F81F81F81F80FC3F00FC3F069
:40F4000007E7E003E7C003FFC001FF8001FF8000FF0000FF00007E00007E00007E00007E00007E00007E00007E00007E00007E00007E00007E00FFFFFFFFFFFFFFFFFFFF34
:40F44000FFFFF000FE001FE003FC003F8007F800FF000FE001FC003FC007F8007F000FF001FE001FC003F8007F800FF000FFFFFFFFFFFFFFFFFFFFFFFFF0000000000000C2
:40F4800000FC7E0FFFFC3FFFF8FFFFF3FFFFEFF07FDFC07FFF007FFC007FF800FFF001FFE003FFE00FEFE03FDFE0FF9FFFFF1FFFFE1FFFFC1FFDF807E3F0FC0001F80003F1
:40F4C000F00007E0000FC0001F80003F00007E3F00FDFFC1FFFFC3FFFFC7FFFFCFF83FDFE03FBF803FFE003FFC007FF800FFF001FFF007FFF01FDFF07FBFFFFE7FFFF8FFE5
:40F50000FFE1FBFF83F1FC0001FE003FFC03FFF83FFFE3FFFF3FC1E1F8061FC000FC0007E0003F0001F8000FE0003F0081FE0F07FFFE1FFFF87FFF01FFE001FC0000007EA6
:40F540000000FC0001F80003F00007E0000FC0001F807E3F07FF7E1FFFFC7FFFF9FFFFF7F83FEFE03FFF803FFE003FFC007FF800FFF001FFF007F7F01FEFF07FCFFFFF8F2E
:40F58000FFFF0FFFFE0FFEFC03F1F800FE000FFE00FFFE07FFFC3FFFF8FE0FE7E00FDFFFFFFFFFFFFFFFFFFFFFFFFFFF7E0001FC0203F83E0FFFFC1FFFF83FFF803FFC0088
:40F5C0003F8000FE01FFC1FFC1FFE0FFF07F103F01FFFCFFFC7FFE3FFF1FFF80FC007E003F001F800FC007E003F001F800FC007E003F001F800FC007E003F00000FC7E0F5D
:40F60000FFFC3FFFF8FFFFF3FFFFEFF07FDFC07FFF007FFC007FF800FFF001FFE003FFE00FEFE03FDFE0FF9FFFFF1FFFFE1FFFFC1FFDF807E3F00007E0000FC0003F8180FA
:40F64000FE0783FC3FFFF0FFFFC07FFF003FF8001FC000FC0007E0003F0001F8000FC0007E0003F0001F87C0FCFF87FFFF3FFFF9FFFFEFF07FFF01FFF007FF803FFC01FF02
:40F68000E00FFF007FF803FFC01FFE00FFF007FF803FFC01FFE00FFF007E38FBFFFFEF8E0000FDFBF7EFDFBF7EFDFBF7EFDFBF7EFDFBF7E000E00F80FE07F03F80F80380DB
:40F6C0000000000FC07E03F01F80FC07E03F01F80FC07E03F01F80FC07E03F01F80FC07E03F01F80FC07E03F01FA1F9FFCFFC7FC3FC3F800FC0007E0003F0001F8000FC0BA
:40F70000007E0003F0001F81FEFC1FE7E1FE3F1FE1F9FE0FCFE07EFE03FFE01FFE00FFE007FF003FFC01FFF00FFFC07EFF03F3FC1F8FF0FC1FC7E07F3F01FEFFFFFFFFFF05
:40F74000FFFFFFFFFFFFFFFFFFFFFFFFFFFFFFC0FC7C07E0FDFF1FF8FFFFBFFCFFFFFFFEFFFFFFFEFF1FF8FFFE0FF07FFC07E03FFC07E03FFC07E03FFC07E03FFC07E03F7C
:40F78000FC07E03FFC07E03FFC07E03FFC07E03FFC07E03FFC07E03FFC07E03FFC07E03FFC7E07EFFC3FFFF9FFFFCFFFFF7F83FFF80FFF803FFC01FFE00FFF007FF803FFA2
:40F7C000C01FFE00FFF007FF803FFC01FFE00FFF007FF803F000FE000FFF803FFF80FFFF83FFFF8FF07F9FC07F7F007FFC007FF800FFF001FFE003FFE00FEFE03F9FE0FFC2
:40F800001FFFFC1FFFF01FFFC01FFF0007F000FC7E01FFFF83FFFF87FFFF8FFFFF9FF07FBFC07F7F007FFC007FF800FFF001FFE003FFE00FFFE03FBFE0FF7FFFFCFFFFF13F
:40F84000FFFFC3F7FF07E3F80FC0001F80003F00007E0000FC0001F80003F00007E0000FC0001F80000000FC7E0FFFFC3FFFF8FFFFF3FFFFEFF07FDFC07FFF007FFC007F69
:40F88000F800FFF001FFE003FFE00FEFE03FDFE0FF9FFFFF1FFFFE1FFFFC1FFDF807E3F00007E0000FC0001F80003F00007E0000FC0001F80003F00007E0000FC0FC3FF91F
:40F8C000FFF7FFFFFFFFDFF0BF807E00FC01F803F007E00FC01F803F007E00FC01F803F007E00003F801FFC07FFE1FFFE7FFFEFC1F9F81C3FE207FFC07FFE07FFE01FFE0AD
:40F9000087FE380FDF81FFFFFF7FFFC7FFF03FFC01FC000FC007E003F001F800FC007E03FFF9FFFCFFFC7FFE3FFF01F800FC007E003F001F800FC007E003F001F800FE2059
:40F940007FF81FFC0FFE03FF007FC0FC03FFC03FFC03FFC03FFC03FFC03FFC03FFC03FFC03FFC03FFC03FFC03FFC03FFE07FFF0FF7FFFF7FFFF3FFFF1FFBF07E3FFC00FF28
:40F98000F003F7E01F9F807E3F01F8FC0FC3F03F07E0F81F87E03E1F80FC7C03F3F007CF801FFE003FF800FFC003FF0007FC001FE0007F80FC07E03FFC0FE03E7C0FF07E3C
:40F9C0007E0FF07E7E0FF07E7E1FF07C3E1FF8FC3F1FF8FC3F3FF8F81F3EF8F81F3EFDF81FBE7DF00FFE7DF00FFC7FF00FFC3FE007FC3FE007FC3FE007F83FE007F81FC0B0
:40FA000003F81FC0FE01FDFC0FE3F87F0FE3F81FCFE03FFF007FF800FFC003FE0007F8001FE000FF8003FF001FFE00FFFC07F3F03F87E0FE1FC7F03FBF807FFC00FFF80370
:40FA4000F7E01F9F807E3F01F8FC0FC3F03F07E1F81F87E07F1F80FCFC03F3F007FF801FFE007FF800FFC003FF0007F8001FE0007F80007C0003F0000F80007E0083F8018C
:40FA8000FFC00FFE003FF000FF8003F800007FFFEFFFFDFFFFBFFFF7FFFC007F001FC007F001FE003F800FE003F800FE003FC007F001FFFF7FFFFFFFFFFFFFFFFFF0000063
:40FAC00000000000000001010B000000010001010B000000020001010B000000030001010B000000040001010B000000050001010B000000060001010B000000070001018D
:40FB00000B000000080001010B000000090001010B0000000A0001010B0000000B0001010B0000000C0007090B02FB00140001010B000000150007070B02FA001C000101D3
:40FB40000B0000001D00191B1D02E60072000D1B1001E6009E00141B1802E600E200171B1B02E6003001171B1901E6007E01151B1902E600C501171B1B02E6001302131B5E
:40FB80001602E6005402181B1B01E600A502161B1A02E600F00201010B000000F10201010B000000F20201010B000000F30201010B000000F40201010B000000F5020101E4
:40FBC0000B000000F60201010B000000F7021A1B1C01E6004F03151B1A03E60096031A1B1D02E600EE03181B1D03E6003F04121B1503E6007C04121B1603E600B9041D1B33
:40FC00002102E6001B05161B1C03E6006605061B0B03E6007B05151B1901E600C205171B1A03E6001006121B1503E6004D061B1B2103E600A906171B1D03E600F7061D1B49
:40FC40002102E6005907151B1A03E600A0071D1E2102E6000D08161B1B03E6005808171B1A01E600A608161B1801E600F108161B1C03E6003C091A1B1D01E6009409271BB6
:40FC80002901E600180A191B1B01E6006D0A181B1A01E600BE0A141B1802E600020B01010B000000030B01010B000000040B01010B000000050B01010B000000060B0101B9
:40FCC0000B000000070B01010B000000080B17141A01ED00420B171B1A02E600900B15141701ED00C50B171B1A01E600130C16141901ED004A0C111B1101E600840C171EB8
:40FD00001A01ED00DB0C151B1902E600220D071D0B02E4003C0D0D270BFCE4007C0D151B1702E600C30D061B0A02E600D80D20142402ED00280E15141902ED005D0E171433
:40FD40001901ED00970E171E1A02ED00EE0E171E1A01ED00450F0F141202ED006B0F13141601ED009B0F111A1200E700D30F14141802ED00051016141801ED003C1020149F
:40FD80002201ED008C1016141801ED00C310161E1801ED00161113141601ED00461101010B000000471101010B000000481101010B000000491101010B00000078E902000F
:40FDC000C4FA0200207E2700003C78E1C3870E1C3870E1C3870E1C3870E1C3870E0000000000071FFFFFFFFBE0E07F03F81FC0FE07F03F81FC0FE07F03F81FC0FE07F03F33
:40FE000081FC0FE0780E0780E0780E0780E0780E0780E0780E0780E0780E0780E078FFFFFFFFFFFFFFF0E0780E0780E0780E0780E0780E0780E0780E0780E0780E078FFFA5
:40FE4000FFFFFFFFFFFF0E0780E0780E0780E0780E0780E0780E0780E0780E0780E078003C0001E0000F0007FFC0FFFE1FFFF0F8F00F0780F03C0781E0380F01C0780E0347
:40FE8000C0701E0380F01E0780703C03C1E00F8F003FF800FFF001FFC0073F00383C01C0F00E0380701C0380F01C0780E03C0701E0380F01C0700E078070790387CFFFFC1C
:40FEC0007FFF83FFF800380001C0000E000007E0000FF8000FFE000787800781C00380F001C0780CE03C0F701C0F3C1E0F0FBF0F03FF0F00FF0F000C0F00000F00000F0096
:40FF0000000F00000F00000F00000F00000F00000F00000F00000F07F00F07FC0F07FF0F0783CF0380EF01C07300E03800701C00380E001E0F0007FF0001FF00007F000081
:40FF40007F00007FF0003FFE001F07C007807003C01E00F003803800E00E003803800E00F003801C01E00780F000F078003C7E0007FF0001FF0001FF0000FF80007CF0003C
:40FF80003C1E071E0781C700F071C01E1C7003C73C00F1CF001E71C003DC70007F1E001F878003E0F000781F007E03FFFFC07FFF7807FF0FFFFFFFFFFFFFE0001801E00FEB
:40FFC000807C03C01E00F003801E00F003C00E007801C007001C00F003C00E003800E003800E003800F003C007001C007001E003800E003C007001E003C007800F003E00F8
:020000040003F7
:400000007E007800E000004007803E007801E007801E007801C00F003801E00F003801C00F007801C00E007003801C00E007003801C01E00F007003803C01C01E00E00F02E
:400040000F00F00F80F81F80F007000000003800003800003800003800003800003800003800C03806F8383EFF39FF3FFFFC07FFE000FE00007E0000FE0001EF0003C78065
:4000800003C3C00783C00F01E00F00F00E00E004004000380000700000E00001C0000380000700000E00001C00003800007003FFFFFFFFFFFFFFFFE00700000E00001C009E
:4000C00000380000700000E00001C0000380000700000E0000FFFFFFFFF1C71C71CF7FEF30FFFFFFFFFFFFFFFFF8FFFFFFFFF000000800001C0000780000E00003C000074F
:4001000000001E0000380000F00001C0000780000E00003C0000700001E00003C0000700001E0000380000F00001C0000780000E00003C0000700001E0000380000F000011
:400140001C0000780000E00003C0000700001E00003C0000700001E0000380000F00001C0000780000E00003C0000100000007F007FC07FF07C3C3C0F3C079C01CE01E7009
:400180000F380FDC07FE077F03BF839FC1CFE1C7F0E3F861FC70FE307F383F981FDC0FEC07FE03BF01DF01EF80F78073C039E03C701E3C1E0FFF03FF00FE00003C01F00FD4
:4001C000C0FF07FC3CF3E3DF0F703C80F003C00F003C00F003C00F003C00F003C00F003C00F003C00F003C00F003C00F003C00F003C00F003C00F003C00F7FF03FFF0FFFA0
:40020000E3007C00070001E00038000E00038000E00078001E00070003C001E00078003C000E00078001C000F00078001E000F00038001E00070003C001E00078003C00076
:40024000E00078001FFFFFFFFFFFFFFFFFBFFFEFFFF8001C000F00078001C000F00078001C000F00038001C000F00038001FF003FE000FC00070001E00038000E0003800F1
:400280000F0003C000F0003C000E00038000E00078001E000F3FFF8FFFC3FFE0000C0000F00007000078000380003C0001C0001E0000E0000F00007000078000380003C0C2
:4002C000001C0001E0000E03C0F01E0700F0780783803C3C01E3C00F1FFFFFFFFFFFFFFFC000F0000780003C0001E0000F0000780003C0001E0000F0000780FFFFBFFFEF88
:40030000FFFBC000F0003C000F0003C000F0003C000F0003C000F0003CFE0F7FC3FFF8FC1F3E01C10078000E00038000E00038000F0003C000F00038000E00038000E000EE
:4003400078001C000F3FFF8FFFC3FFE000C00038001E00070003C001E00078001C000F00038001E00070003C000E7E03FFC0FFF87C0F1E01E78079C00E70039C00E7003F26
:40038000C00FF003FC00F7003DC00E70039C00E70039E01E3C0F07FFC1FFE01FE0FFFFFFFFFFFFFF800070000E0003800070000E0003800070001E0003800070001C000345
:4003C000800070001C0003800070001C00038000F0001C00038000F0001C00038000F0001C00038000E0001C00078000E0001C0007800007F007FF03FFE0F07C780F1C01BD
:40040000C7007BC00EE003B800EE003BC00E70079C01C780F0F0781FFE03FE01FFC0F8F8780F1C01EF003B800EE003B800FE003F800FE003B800EF0079C01E780F0FFF81DF
:40044000FFC03FE007F00FFC0FFF8F83C700F7803B801DC00FE007F003F801FC00FE007F003F801FC00FE0077803BC03CF03E3FFF1FFF83FB8001C001E000E000F0007008C
:400480000780038003C001C001E000E000F00070000800FFFFFFFFF000000000000000000000FFFFFFFFF0FFFFFFFFF00000000000000003FFFFFFFFC71C71C73DFFBCC0EF
:4004C000000200038003C003C003C003C003C003C003C007C007C007C007C007C003C001F0003C000F0003C000F0003C000F0003C000F8003E000F8003E000E00020FFFFD9
:40050000FFFFFFFFE0000000000000000000000000000000000000000007FFFFFFFFFFFF200038001E00078001E0007C001F0007C001F0007C001F0007C000F0003C001E01
:40054000001F001F001F001F001F001E001E001E001E001E001E003E000E000200007FE0FFF8FFFCC03E000E000F00070007000700070007000F000E001E003C007800F868
:4005800001F001E003C003C003800380000000000000000000000000038007E00FE00FE00FE00FE007C0003F0007FFC03FFFC0FE0FC3E003C780039E0007B8000770000F0D
:4005C000E0001FC00FFF80FFFF07FFFE1F01FC3C03F8F007F1C00FE3801FC7007F8E00FF1C01FE3C07FC380FF87EF7F07FCFE07F1FC0380380000700000F00001E00001EB6
:4006000000001F00081FFFF01FFFE007FFC0003800007C00007C0000FE0000EE0001E70001C70003C3800383800383C00781C00701C00701E00F00E00E00E00E00F01E0072
:40064000701C00701C00703C00783C00383800383800383FFFFC7FFFFC7FFFFC70001C70001C70001EF0001EF0000EF0000EE0000EE0000EE0000EE0000FFFF003FFF80F5B
:40068000FFF83C03F0F003E3C0078F000F3C001CF00073C001CF00073C001CF000F3C0038F001E3C00F0F0FF83FFFC0FFFFC3FFFFCF000F3C000EF0003FC0007F0001FC098
:4006C000007F0001FC0007F0001FC000FF0003FC001EF001F3FFFF8FFFFC3FFFC0007FFC07FFF81FFFF07E0021F0000780000E00003C0000700000E00003C0000780000E93
:4007000000001C0000380000700000E00001C0000380000700000E00001C0000380000700000E00001E00001C0000380000780000700000F00000F00000F80000FFFFC0F9F
:40074000FFF807FFF0FFF001FFFE03FFFE0780FF0F001F1E001E3C001E78001EF0001DE0003BC0007F80007F0000FE0001FC0003F80007F0000FE0001FC0003F80007F0060
:4007800000FE0001FC0003F80007F0000FE0003FC000778000EF0003DE000F3C003E7800F8F007E1FFFF83FFFC07FFC000FFFFFFFFFFFFFFFF0000F0000F0000F0000F008E
:4007C00000F0000F0000F0000F0000F0000F0000F0000F0000FFFF8FFFF8FFFF8FFFF8F0000F0000F0000F0000F0000F0000F0000F0000F0000F0000F0000F0000F0000FFC
:40080000FFFFFFFFFFFFFFFFFFFFFFFFFFFFFF0000F0000F0000F0000F0000F0000F0000F0000F0000F0000F0000F0000F0000F0000FFFF8FFFF8FFFF8F0000F0000F00064
:400840000F0000F0000F0000F0000F0000F0000F0000F0000F0000F0000F0000F0000F0000007FFC03FFF81FFFF07E0001F0000780000F00003C0000700000E00003C00098
:400880000780000E00001C0000380000700000E007FFC00FFF801FFF003FFE0000FC0001F80003F00007E0000FE0001DC0003B8000778000E70001CF00038F00070F800E16
:4008C0000FFFFC0FFFF807FFC0F0000FE0001FC0003F80007F0000FE0001FC0003F80007F0000FE0001FC0003F80007F0000FE0001FC0003F80007F0000FFFFFFFFFFFFF37
:40090000FFFFFF0000FE0001FC0003F80007F0000FE0001FC0003F80007F0000FE0001FC0003F80007F0000FE0001FC0003F800070FFFFFFFFFFFFE038001C000E00070094
:40094000038001C000E000700038001C000E000700038001C000E000700038001C000E000700038001C000E000700038001C000E000700038001C07FFFFFFFFFFFF03FFF94
:40098000FCFFFFF3FFFFC0000700001C0000700001C0000700001C0000700001C0000700001C0000700001C0000700001C0000700001C0000700001C0000700001C00007E1
:4009C00000001C0000700001C0000F0000380000E40007BC003CFC03E1FFFF01FFF801FF80F00038F00078F000F0F001E0F001C0F00380F00780F00F00F01E00F03C00F025
:400A00003800F07000F0F000F1E000F3C000F78000F7C000FFE000FCE000FCF000F87800F03C00F03C00F01E00F00F00F00700F00780F003C0F001E0F001E0F000F0F0007D
:400A400078F00038F0003CF0001EF0000FF0000F0000F0000F0000F0000F0000F0000F0000F0000F0000F0000F0000F0000F0000F0000F0000F0000F0000F0000F0000F0B7
:400A8000000F0000F0000F0000F0000F0000F0000F0000F0000F0000F0000F0000F0000FFFFFFFFFFFFFFFF0000FE0003FE0007FC001FFC003FF800FFF801FFF0077F7009B
:400AC000EFEE039FCE073F9C1C7F1C38FE38E1FC39C3F87707F07E0FE0F81FC0F03F81C07F0000FE0001FC0003F80007F0000FE0001FC0003F80007F0000FE0001FC000339
:400B0000F80007F0000FE0001FC0003F800070F0000FE0001FE0003FC0007FC000FF8001FF8003FF0007F7000FEF001FCE003F9E007F1C00FE1C01FC3803F83807F0700F53
:400B4000E0701FC0E03F80E07F01E0FE01C1FC03C3F80387F0078FE0071FC0073F800E7F000EFE001DFC001FF8003FF0003FE0007FC0007F8000F000FF0007FF803FFF80C9
:400B8000F80F81E00F87800F0E000F3C000E70001DE0003FC0003F00007E0000FC0001F80003F00007E0000FC0001F80003F00007E0000FC0001F80003F00007E0000FE060
:400BC000001FC0007B8000F70001CF00078F000E1F003C1F01F01FFFC01FFF000FF800FFE00FFFE0FFFF0F01F8F003CF001EF000EF000FF0007F0007F0007F0007F0007F46
:400C00000007F0007F000FF000EF001EF003CF01F8FFFF0FFFE0FFF00F0000F0000F0000F0000F0000F0000F0000F0000F0000F0000F0000F0000F000000FF0007FF803FCF
:400C4000FF80F80F81E00F87800F0E000F3C000E70001DE0003FC0003F00007E0000FC0001F80003F00007E0000FC0001F80003F00007E0000FC0001F80003F00007E0000F
:400C80000FE0001FC0E07B81C0F70381CF07078F0E0E1F1C3C1F39F01FFFC01FFF000FF80001C00003C00007800007C00007FE0007FC0003F8FFE007FFF03FFFC1E03F0F2E
:400CC000003C7800F3C0039E001EF000778003BC001DE000EF000778003BC001DE001EF000E7800F3C00F1E03F0FFFF07FFF03FFF81E01E0F00F0780383C01E1E0070F00CC
:400D00003C7800E3C0079E001CF000F78007BC001DE000F003FFE07FFF07FFF87C00078000780003C0001C0000E000070000380001C0000F0000780001E00007C0001FF0AE
:400D4000007FF000FFE0003F80003E0000780003C0000E0000780003C0001E0000F000078000380003C0003C8003E7FFFE3FFFE1FFFC00FFFFFFFFFFFFFFFFF801C00003A3
:400D800080000700000E00001C0000380000700000E00001C0000380000700000E00001C0000380000700000E00001C0000380000700000E00001C0000380000700000E000
:400DC0000001C0000380000700000E00001C0000380000700000E00001C000F0000FE0001FC0003F80007F0000FE0001FC0003F80007F0000FE0001FC0003F80007F000040
:400E0000FE0001FC0003F80007F0000FE0001FC0003F80007F0000FE0001FC0003F80007F0000FE0001FC0003F8000F70001EF00039E000F1E003C1F00F01FFFE01FFF0023
:400E40000FF800E0000FE0000EE0000EF0000EF0001E70001E70001C70001C78001C78003C38003C3800383800383C00381C00781C00701C00701E00700E00F00E00E00EAA
:400E800000E00701E00701C00701C00781C003838003838001C38001C70001C70000EF0000EE00007E00007C00007C00003800E0000FC0001F80003F00007E0000FC00011F
:400EC000F80003F00007E0000FC0001F80003F00007F0000FE0701DC0F03B83E07707C1CE0D839C1B8738770E70E61CE18C39C31C738E38E31C31C730630E60EE1DC1DC3A1
:400F0000B81B87603706C07E0F80FC1F00F03C01E07803C0F0078078000F1C00078F000783800381E003C07801C03C01E00F00E00380F001E070007078003C38000E3C00FA
:400F4000079C0001DC0000FE00003E00001F00000F800007E00007F00007BC00038E0003C78001C1C001E0F000E03C00F00E007007807801C07800F03C00383C001E1C009C
:400F8000079E0003CE0000F0E0000FE0000EF0001E70001C78001C38003C3C00381C00781C00701E00F00E00E00F01E00781C00383C003C38001C78001EF0000FE00007E44
:400FC00000007C000038000038000038000038000038000038000038000038000038000038000038000038000038000038000038000038007FFFFEFFFFFDFFFFF80001E0A7
:40100000000380000F00001C0000780001E0000380000F00001C0000780001E0000380000F00001C0000780001E0000380000F00001C0000780001E0000380000F00001CE6
:401040000000780001E0000380000F00001C0000780001FFFFFFFFFFFFFFFFF0FFFFFFFFFFC00E007003801C00E007003801C00E007003801C00E007003801C00E007003D2
:40108000801C00E007003801C00E007003801C00E007003801C00E007003801FFFFFFFFFC0000001E00001C00003C0000380000780000F00000E00001E00001C00003C00D9
:4010C00000380000780000700000F00000E00001E00001C00003C0000380000780000700000F00000E00001E00003C0000380000780000700000F00000E00001E00001C081
:401100000003C0000380000780000700000F00000E00001E00001C00003C000038000040FFFFFFFFFFC00F003C00F003C00F003C00F003C00F003C00F003C00F003C00F0E0
:4011400003C00F003C00F003C00F003C00F003C00F003C00F003C00F003C00F003C00F003C00F003FFFFFFFFFFF001F0007F000FF003CE00F1E03C1E0701C1E03C38038F71
:401180000079C0073800FF001EFFFFFFFFFFFFFFFFF8F0707838383C1C1E0E0F3FFC1FFF0FFFC000E00078003C001E000F00078003C1FFE3FFF3FFFBE03FC01FE00FE007FA
:4011C000F003F801FC00FE00FF807DE07EFFFF3FF78FE3C0F0003C000F0003C000F0003C000F0003C000F0003C000F1F83DFF0FFFE3F03CF8073E01EF003BC00EF003BC009
:401200000EF003FC00FF003FC00FF003FC00FF003BC00EF003BC00EF807BE01CFC0F3FFF8F7FC3C7E007FF0FFF8FFFC7800780038003C001C000E000700038001C000E002E
:401240000700038001C000E000700038001E00070003C001F0007FFF1FFF83FFC000078003C001E000F00078003C001E000F00078003C3F9E3FEF3FFFBE0FDE03FE01FF0E9
:4012800007F003F801FC00FE007F003F801FC00FE007F003F801FC00FE007F803FC03EF01F7C1F9FFFC7FDE1FCF00FF807FF03FFE1E03C7007BC01EE003B800EE003B800A1
:4012C000EFFFFFFFFFFFFFF8000E00038000E00038000E0003C000F0001E0007C000FFFE1FFF81FFE0003FF007FF00FFF01E0001C0001C0001C0001C0001C0001C0001C0A9
:40130000001C0001C00FFFFFFFFFFFFFFF01C0001C0001C0001C0001C0001C0001C0001C0001C0001C0001C0001C0001C0001C0001C0001C0001C0001C0001C0001C000F17
:40134000E78FFBCFFFEF03F700FF803FC01FC00FE007F003F801FC00FE007F003F801FC00FF007F807DE03EF83F3FFF8FFBC1F1E000F000780038001C001E001E001F0FF29
:40138000F07FF03FE000F00078003C001E000F00078003C001E000F00078003CFE1EFF8FFFE7E07BE01DE00EF007F803FC01FE00FF007F803FC01FE00FF007F803FC01FE54
:4013C00000FF007F803FC01FE00FF007F803FC01FE00F003C0F81F83F03C00000000000003FF7FEFFC0380700E01C0380700E01C0380700E01C0380700E01C0380700E0114
:40140000C0380700E0001E003F003F003F001E0000000000000000000003FF03FF03FF000F000F000F000F000F000F000F000F000F000F000F000F000F000F000F000F00DE
:401440000F000F000F000E000E000E000E000E001E003C80FCFFF8FFE0FF80F0001E0003C00078000F0001E0003C00078000F0001E0003C00F7803CF00F1E03C3C0F0783C6
:40148000C0F0F01E3C03CF007BC00FFC01FF803F7807C780F0701E0F03C0E0781E0F01E1E01C3C03C7803CF0079E007BC0077800F0E0380E0380E0380E0380E0380E0380E6
:4014C000E0380E0380E0380E0380E0380E0380E0380E0380E0380E03C0701FF3FC7FF7C3F1FFEFF3FFFFF783E0FF03C1FE0701FC0E03F81C07F0380FE0701FC0E03F81C0C7
:401500007F0380FE0701FC0E03F81C07F0380FE0701FC0E03F81C07F0380FE0701FC0E03F81C07F0380FE0701CF3F87BFE3FFF9F81EF8077803BC01FE00FF007F803FC01C2
:40154000FE00FF007F803FC01FE00FF007F803FC01FE00FF007F803FC01FE00FF007F803C007F807FF03FFE1F03C78073C01EF003B800EE003B800EE003B800FE003F80002
:40158000FE003F800FE003B800EE003BC00EF0079E01C7C0F0FFF81FFC01FC00F1F83DFF0FFFE3F03CF8073E01EF003BC00EF003BC00EF003FC00FF003FC00FF003FC00F91
:4015C000F003BC00EF003BC00EF807BE01CFC0F3FFF8F7FC3C7E0F0003C000F0003C000F0003C000F0003C000F0003C0000FE78FFBCFFFEF83F780FF807FC01FC00FE007C8
:40160000F003F801FC00FE007F003F801FC00FE007F003F801FE00FF00FBC07DF07E7FFF1FF787F3C001E000F00078003C001E000F00078003C001E000F0F0FFF9FFFDFFA4
:40164000FFE00FE007E003E001F000F00078003C001E000F00078003C001E000F00078003C001E000F00078003C001E000F0007800000FFF8FFFE7FFF9E000F00038000EF0
:4016800000038000F0001F0003FE007FF007FE0007C00078000E00038000F0003C000E00038001E000F3FFFCFFFE3FFE0001C0001C0001C0001C0001C0001C0001C00FFF27
:4016C000FFFFFFFFFFFF01C0001C0001C0001C0001C0001C0001C0001C0001C0001C0001C0001C0001C0001C0001C0001C0001C0001C0001E0000F0000FFF007FF001FF037
:40170000F007F803FC01FE00FF007F803FC01FE00FF007F803FC01FE00FF007F803FC01FE00FF007F803DC01EE00F7007BC03DF03E7FFF1FF787F3C0F000FE003DC007B8E7
:4017400000E7001CF0038E00F1C01C3803878070701E0E0381C0703C0E0383C070700F0E00E3C01C7003CE003BC00770007E000F8001F0001C00E0000FC0001F80003F0070
:40178000007E0000FC0001F80003F01C07E03C0FC0F81FC1F03F8360770EE1EE1DC39C398738638E71C71CF38E38E70CF1CC1DC3B83B87703707C07E0F80F81F01F03E0139
:4017C000E07800F1E0078F00783C0780E03C0783C01E1C0071E003DE000EE0003F0001F0000780007C0007F0003BC0038E003C7801C1C01E0F00E03C0F00E0F00787801EEF
:401800007800F7C003C0F000EE003DC0073800E7801C70078E00F1C01C3C038380F0701C0F0380E0701C1E03C3803870079E0073800E7001FE001FC003F0003E0003C00097
:4018400070001E0003800070001E000F801FE003F8007800007FFF3FFF9FFFC001E000E000E000700070007800380038001C001C000E000E000E00070007000380038003CC
:40188000C001C001C000FFFFFFFFFFFFC0000F801FC01FE01F000E000F000700038001C000E000700038001C000E000700038001C001E001E007F00FE007F003FC000F008E
:4018C00003C000E000700038001C000E000700038001C000E000700038001E000F0003C001FE007F800FC000E0FFFFFFFFFFFFFFFFFFFFFFFFFFFFFFFFFFC0FC007F003F9A
:40190000E000F0003C000E000700038001C000E000700038001C000E000700038001E000F0003C000FE003F800FC01FE01E001E000F000700038001C000E00070003800105
:40194000C000E000700038001C001E001E007F00FF007E0038000006000E3F801CFF803BEF80770780EE0783FC0F87780FFEF00FF9E007E0000001011A00000001000724E7
:401980001A0BDD0021000D111A0ADD003D0014241A06DD009700152A1A06DA00060119241A02DD0077011A241A02DD00EC0103111A0DDD00F3010E2B1A09DA003F020D2B0F
:4019C0001A07DA00850218171A03E700CA0217171A03E7000D0306101A0AF800190317031A03F100220306061A0AFB002703172C1A03D900A60311241A06DD00F3030E24F8
:401A00001A06DD00320412241A06DD00830412241A06DD00D40415241A05DD00330512241A06DD00840512241A06DD00D50513241A05DD002B0612241A06DD007C06112529
:401A40001A06DD00CB06061A1A0AE700DF0606211A0AE700F806111D1A06E400360711101A06EA005807111D1A06E400960710241A07DD00DE0717241A03DD0046081824BA
:401A80001A03DD00B20816241A03DD00150917241A03DD007D0917241A03DD00E50914241A06DD003F0A14241A06DD00990A17241A03DD00010B17241A03DD00690B1124CD
:401AC0001A06DD00B60B16241A04DD00190C18241A03DD00850C14241A06DD00DF0C17241A03DD00470D17241A03DD00AF0D17241A03DD00170E14241A06DD00710E172B1D
:401B00001A03DD00ED0E15241A06DD004C0F15241A06DD00AB0F17241A03DD00131017241A03DD007B1018241A03DD00E71017241A03DD004F1119241A02DD00C011182412
:401B40001A03DD002C1217241A03DD0094120D2A1A0ADA00D912172C1A03D90058130E2A1A06DA00A213130D1A05DD00C11317031A030100CA13080A1A09DD00D413111A7E
:401B80001A06E7000C1412241A06DD005D14111A1A06E700951411241A06DD00E214121A1A06E7001D1514241A03DD00771511211A06E700BE1511241A06DD000B160B24A6
:401BC0001A06DD003D16102B1A04DD00931613241A06DD00E9160A241A0DDD001617171A1A03E7006117111A1A06E7009917121A1A06E700D41712241A06E70025181124C8
:401C00001A06E7007218111A1A06E700AA18121A1A06E700E51814211A03E0003819111A1A06E7007019131A1A05E700AE19171A1A03E700F919151A1A04E7003E1A1321B0
:401C40001A05E7008D1A111A1A06E700C51A112B1A06DA00211B032E1A0DDA00331B112B1A06DA008F1B170A1A03ED00C8FD020074190300207E3400006DB6DB6D803FE076
:401C8000C78F1E3C78F1E3633198CC6637FD8CC6633198DFFE33198CC663000C0F9FF988C46231986C1F06C33188C462339B7F0603003807C0C60C62C667CC39803006006C
:401CC000C018033C666C4204206603C00E01F830820C20C3083181F03C0646C66C36C1EC0E40E71E1FB0FFFF04730C610430C30C30C106183060C0C183060830C10410417F
:401D000004308610CE000600C018231FFE3E0380D819861000000600C018030061FFC180300600C01800FFF326E0FFE0FFF0006008030060180300C0180200C01006008039
:401D400030040180200C01002000387C46C2C6868B8B9B93B3A3E2C2C2663C0473DB8C30C30C30C30C30C30C78FE0203030206060C081810306060C0FFFFFF06040C181029
:401D80003C0603030303030386FC020180403008060100C02198641BFFFF806018060180FFFFC0C0C0C0D8FEC203030303030386FC00181030206058FEC2C3C3C3C3C3C32A
:401DC000663CFFFFC06030101808040602010180804060203000387EC2C38383C2463C66C2838383C3C67C387CC6828282828282C67E06040C081830FFF000000FFFFFF06E
:401E00000000FFF326E0020E1C3060C0C06030180C0602FF0000000000FFC06030180C0603060C1870C00078FE02030302060C0C18180000003838380007F981B034068775
:401E4000F3DE43C8790F21A7F436801801C21FC00601C02C048190230C218420C419813FE40680D01E01C020F01FE306604C0D81B0260CFF183B01603C0780F0160EFF0063
:401E800007C3FCC030040080300600C0180300600400C01801C00FE0F81FE306606C0780F00E01C0380700E03C0780B0361CFE00FFFFF0180C06030180FF6030180C06039F
:401EC0000180FF80FFFFF0180C06030180FF6030180C06030180C00007C3F8C030040080300600C3F80F01E03406C0D819C31FE0C0780F01E03C0780F01E03FFF80F01E0A2
:401F00003C0780F01E03C060FFFF1818181818181818181818181818FF7FDFF00C0300C0300C0300C0300C0300C0380B8E3E00C0581B06618C61883206C0F81D8318618C92
:401F40003183303602C060C06030180C06030180C06030180C06030180FF80C07C0F81F87D0FB2F25E73C6788F01E03C0780F01E03C060C07C0F81F83D07B0F21E63C478DC
:401F8000CF09E0BC1F81F03E03C0600E07F0C330240780F00E01C0380700E0140680D8318E1F00E07F30D83C0E070383C16FBF180C06030180C0000E07F08330240780F0FD
:401FC0000E01C0380700E014668CD9B1BE1F00C00C00F0E07F30D83C0E070383C16FBF98CC361B0583C0801F3FF01008040300C03E0180601008040706FE00FFFFFC180398
:4020000000600C0180300600C0180300600C0180300600C0780F01E03C0780F01E03C0780F01A0340680D8118E1F00C0380501A03604C098110620C6104608C1901602C097
:40204000700600C0380700E01C0280511A3346694D29A4A694E28C718630C0C06C0C831841183202C0700601C02C0C811861183303C060C0280D81B0220C610660D80E007F
:40208000C0180300600C01803006007FEFFC010060180200C010060180200C010060180200FFE0FF83060C183060C183060C183060C183FFF0400C00801803003006004096
:4020C0000C0080180100300200600400C008018000FC30C30C30C30C30C30C30C30C3FFF0C0F0C8466120F02FFE0C462307E060203037FC3838387C77BC0C0C0C0C0FCE67E
:40210000C3C3C3C3C3C3C3C3E6FC3E60C0808080808080C0613F03030303037BE7C7838383838383C7E77B7CC6C38383FF808080C0603F07C3F08020180601FFFF180601F5
:402140008060180601806018007BC7C38383838383C77F320202067CC0C0C0C0C0FCE6C2C2C3C3C3C3C3C3C3C311CC007C6318C6318C6318060C180007C183060C18306097
:40218000C183060C37C0C06030180C061B1998D8783E190CC6331986C100C6318C6318C6318C631878FDDDCF19E33C678CF19E33C678CF19E330FCE6C2C2C3C3C3C3C3C345
:4021C000C3C33C66C2838383838383C2663CFCE6C3C3C3C3C3C3C3C3E6FCC0C0C0C0C07BE7C7838383838383C7E77B0303030303DFF0C0C0C0C0C0C0C0C0C0C07EC08080E3
:40220000E07C0603030306FC18060183FF180601806018060180200803007CC3C3C3C3C3C3C3C3C3C3677BC1A0D06C2611188C64160B070180C0380700E314629CD29A5B8B
:40224000694F28C71860C1984330581C0301C0583218C61B0641A0D86C223118C8241E07030180C0C1C0FE02040C081810206040C0FF070C18181818181030E0701010183A
:40228000181818180F03FFFFFFFFFFC0E030101018181818180F0E18181818181010F0C0386D8D19A1EC0800000001010C000000010003110C05F000080007080C04F000C9
:4022C0000F0009110C03F000230009140C03EF003A000C110C01F00054000C110C01F0006E0002080C06F000700006140C04EF007F0006140C03EF008E000B0B0C01F50076
:402300009E000B0B0C01F500AE0004070C04FD00B2000B010C01FA00B40004030C04FE00B6000B140C01EF00D20008110C03F000E30006110C03F000F00008110C03F000D7
:40234000010108110C03F00012010A110C02F000280108110C03F000390108110C03F0004A0109110C02F0005E0108110C03F0006F0108110C03F0008001040C0C04F5008C
:402380008601040F0C04F5008E01080D0C03F4009B0108070C03F700A201080D0C03F400AF0108110C03F000C0010B110C01F000D8010B110C01F000F0010B110C01F000CD
:4023C00008020B110C01F00020020B110C01F000380209110C03F0004C0209110C03F00060020B110C01F00078020B110C01F000900208110C03F000A1020A110C02F00051
:40240000B7020B110C01F000CF0209110C03F000E3020B110C01F000FB020B110C01F00013030B110C01F0002B0309110C03F0003F030B140C01F0005B0309110C03F00081
:402440006F0309110C03F00083030B110C01F0009B030B110C01F000B3030B110C01F000CB030B110C01F000E3030B110C01F000FB030B110C01F00013040B110C01F0007F
:402480002B0407140C04EF003D040B140C01EF00590406140C03EF00680409070C02F00070040B010C010100720404050C04F0007504080C0C03F500810408110C03F0004D
:4024C0009204080C0C03F5009E0408110C03F000AF04080C0C03F500BB040A110C01F000D104080F0C03F500E00408110C03F000F10405110C03F000FC0407140C02F000C3
:402500000E0509110C03F000220505110C06F0002D050B0C0C01F5003E05080C0C03F5004A05080C0C03F500560508110C03F500670508110C03F5007805080C0C03F5008D
:402540008405080C0C03F50090050A0F0C01F200A305080C0C03F500AF05090C0C02F500BD050B0C0C01F500CE050A0C0C02F500DD05090F0C02F500EE05080C0C03F500B2
:40258000FA0508140C03EF000E0602150C06EF00140608140C03EF0028060B050C01F800781C0300A8220300207E180000FFFFFFFFFFFFFFF776666000FFFFE3F1F8FC7ED5
:4025C0003F1F8FC7E3F1C00001003070060E01C1C03830070600E1C01C383FFFCFFFFDFFFF83838070600E0C01C38030700E0E0FFFFBFFFF3FFFE0E1C01C3803070060E017
:402600000C1C03838070600E0C00006000060000F0007FC00FFF01FFF83C6783863C7861C7861C7060078600786003C6003FE001FF000FFE001FF8007FC0067E0061E00672
:402640000E2060FF060F7060E7060E7861E3C63C1FFFC0FFF807FE000F000060000600006000060000E07F800381FF800F0387001C0E0700701C0E01E0381C038060380ED6
:4026800000C0703801C0E0F00381C1C0070387000E0E1C000E3C787E0FF0E1FE0F83878E000F0E0E001C381C0070703801C0E0700781C0600E0381C038070380E00E070316
:4026C000C01C0E07001C381C001FF078001FC0E000000000F00007F8001FFC007C7800E07001C0F00381E00703800F07000F1E001FF8001FE0003F0000FE0003FE001F3C54
:40270000383C3C70F03CE1C03FC7803F8F003E1E007C3C00783C01F87C07F87E7E787FF8787FC0F0FFFFFFFC06070E1C1C38383870707060E0E0E0E0E0E0E0E0E0E0E0E066
:40274000E0707070303838181C0C0E0602C060703038381C1C1C0E0E0E0F0F070707070707070707070F0E0E0E0E1C1C1838307060C0060060060E66FFE3F80F01F8398314
:402780000C00000070000380001C0000E000070000380001C0000E00007003FFFFBFFFFEFFFFE0070000380001C0000E000070000380001C0000E000FFFF3337E8FFFFFFBB
:4027C000FF80FFFF000001C00E006007003803801C00E00E007003003801C01C00E006007003003801C00C00E007007003801801C00E00400001E003FF01FFE0F8FC780F3C
:402800009C01E7003B800FE001F8007E001F8007E001F8007E001F8007E001F8007E001F8007E003FC00F70039E01E7C0F0FCFC1FFE03FE000C0701C0F0FFFFFFFFF01C0F7
:40284000701C0701C0701C0701C0701C0701C0701C0701C0701C0701F001FF81FFF0FC7E3C079E00F7803DC0077001DC0070003C000F00078003E001F001F800F800FC00EE
:402880007C003C001E000F00078001C00070003FFFFFFFFFFFFF00E000FF807FFC0F8F83C07870071E00F3801E7003C00070001E0007800FE001FC003FC0007C0003C00077
:4028C000380007A000FF001FE003DC007BC01E7C07C7F7F07FFC03FE00000E0003C00078001F0007E000FC003B800E7001CE0071C01C38038700E0E0381C070381C0707075
:402900000E0E01C3803C7FFFFFFFFFFFFE0003800070000E0001C000380007001FFF0FFFC3FFF0E00038000E00038001C00070001CFC07FFC1FFF8FC1F3C03E40078000E30
:402940000003C000F0003C000FE003F800EF007BE03C7E3F0FFF81FF800F0001F001FF01FFF0783C3C079E00E70039C000F00038000E1F839FF8EFFF3F87EF807BE00FF0DC
:4029800003FC007F001F8007F001FC00F7003DE01E3C0F8FEFC1FFE01FE0FFFFFFFFFFFFFC000E000700038001E000700038001E00070003C000E00078001C000F00038067
:4029C00000E00078001E00070003C000F0003C000E00038000E00007F007FF03FFE1F07C78079C01E7007BC01E70079E01C380F078F80FFC07FF87FFF1F03EF807FC00FEEA
:402A0000003F8007E001F800FE003FC01E780F8FCFC1FFC01FC001F000FF807FFC1F8F83C078F0079C00F7800EF001DE003FC007B800F7003EF007CF01F9F8FF1FFDE0FFB8
:402A40003C00078000E0001CE0079E00F3C03C3C0F83FFE07FF803FC00FFFF000000000000FFFFFFFF000000000000FFFF3376C000002000070001F0007E001F000FC00318
:402A8000F000FC003F000F8000F0000F80007E0000FC0003F0000FC0003F0000FC0001E00007FFFFEFFFFFFFFFE0000000000000000000000000FFFFEFFFFFFFFFE080006C
:402AC0000C0000F80007E0001F80003E0000FC0003F0000FC0003E0000F0003E000FC003E000F8007E001F8007E000F0000C0000000003FC07FF87EFE7C0F3C03DC01FE069
:402B00000FE003F003C001E000E000F000F000F000F000F0007000780038001C000E0000000000000000F000F8007C001E00000000000FFC0007FFF003E01F00F000F03C94
:402B400000070F000071C0FC4E707FDCEE1F3F1F8381E1F0E03C3E3C0787870060F0E01C1E380387C70060F8E01C1B9C038773C0F1C6383C30E7FFDC0E7F3F01C3838E1C79
:402B8000000381E000E01F007800FEFE0007FF00000E0000003E00001F00001FC0000FE000077800079C00038E0003C78001C1C000E0F000F07800701C00380F003C0780B2
:402BC0001C01C01E00F00FFFF807FFFE07FFFF03C00783C001E1E000F0E0003CF0001E78000F380003FC0001E0FFFF83FFFF0FFFFE3C007CF00073C001EF0007BC001EF02C
:402C00000073C001CF000F3C0078FFFFC3FFFF0FFFFE3C003CF0007BC000EF0003FC0007F0001FC000FF0003BC001EF000FBFFFFCFFFFE3FFFE000000000FFC003FFF00F2D
:402C4000FFF81F807C1E003E3C001E78000F78000F700002F00000F00000F00000E00000E00000E00000E00000F00000F00000F00007F0000778000F78000F3C001E3E0048
:402C80003E1F007C0FF3F807FFF001FFC0001E00FFFC01FFFF03FFFF87801F8F000F9E000F3C001F78001EF0003FE0003FC0007F8000FF0001FE0003FC0007F8000FF00008
:402CC0001FE0003FC0007F8001EF0003DE000FBC003E7800F8F007F1FFFFC3FFFE07FFE000FFFFEFFFFFFFFFEF0000F0000F0000F0000F0000F0000F0000F0000F0000FF2E
:402D0000FFCFFFFCFFFFCF0000F0000F0000F0000F0000F0000F0000F0000F0000F0000FFFFEFFFFFFFFFFFFFFDFFFFFFFFF78000F0001E0003C00078000F0001E0003C035
:402D40000078000FFFF9FFFF3FFFE78000F0001E0003C00078000F0001E0003C00078000F0001E0003C000780000007F8000FFF001FFFE01F81F81F003E1F000F8F0003C7F
:402D8000F0000E780007B800003C00001E00000F000007000003801FFFC00FFFE007FFF80001FC0000FE00007700007BC0003DF0003E78001F1F001F87C03FC1FFFFE07F90
:402DC000FE700FFE1800FC00F0003FC000FF0003FC000FF0003FC000FF0003FC000FF0003FC000FF0003FC000FFFFFFFFFFFFFFFFFFC000FF0003FC000FF0003FC000FF061
:402E0000003FC000FF0003FC000FF0003FC000FF0003FC000FFFFFFFFFFFFFFFFFFFFFFFFFFFFF00078003C001E000F00078003C001E000F00078003C001E000F000780009
:402E40003C001E000F00078003C001FE00FF007F803FC01EF01F780F1F9F8FFF81FF001C00F0003DE000F3C003C7800F0F003C1E00F03C03C0780F00F03C01E0F003C3C08C
:402E8000078F800F3F001FFF003FDF007F1E00FC1E01F03E03C03C07803C0F007C1E007C3C0078780078F000F9E000FBC000F78000F0F0001E0003C00078000F0001E000DD
:402EC0003C00078000F0001E0003C00078000F0001E0003C00078000F0001E0003C00078000F0001E0003C00078000F0001FFFFFFFFFFFFFF0F00003FF00007FE0001FFEB0
:402F00000003FFC000FFFC001FFF8003FF7000F7EF001CFCE0039F9C00F3F3C01C7E38078FC700F1F8701C3F0E0787E1E0E0FC1C1C1F838783F038E07E073C0FC0E781F80A
:402F40000FE03F01FC07E03F00FC03E01F807C03F0070070F0001FE0007F8001FF0007FE001FF8007FF001FBE007E7801F8F007E3E01F87807E0F01F83E07E0781F80F0791
:402F8000E03E1F807C7E00F1F803E7E007DF800F7E003FF8007FE000FF8003FE0007F8000F000000000FFC0007FFE003FFFE00FC03E03E001E078001E1E0003C3C0003CFD1
:402FC000000079E000073C0000F700001EE00003DC00007F80000F700001EE00003DC00007BC0000F780003C7800078F0001E0F0003C1F000F01F007E01FE7F801FFFC0066
:403000000FFE00001E0000FFFF07FFFE3FFFF9E007EF000F78003FC001FE000FF0007F8003FC001FE000FF000F7801FBFFFF9FFFF8FFFF0780003C0001E0000F0000780096
:4030400003C0001E0000F0000780003C0001E00000003FC0003FFE000FFFF003FFFF00F803F03E001F0F8001E1E0003E7C0003CF000079E00007BC0000F700001EE0000367
:40308000FC00007F80000F700001EE00003DE00007BC0000E780003C7801078F0071E0F00FFC0F00FF00F80FC00FEFFC00FFFFC003FC3C00000380FFFF83FFFF8FFFFF3C36
:4030C000003EF0007BC000FF0003FC000FF0003FC000FF0003BC001EF001F3FFFF8FFFFC3FFFF8F001F3C001EF0007BC001EF0003BC000EF0003BC000EF0003FC000FF00E3
:4031000003FC000701FC003FFE01FFFC0F80F87801F1E003CF00073C001EF00031E00007C0001F80001FF0003FFC001FFC0007F80001F00001E00003B8000FE0003FC00009
:40314000FF0003DE001E7E01F8FFFFC0FFFE00FFF0007F00FFFFFFFFFFFFFFFFC01E0000780001E0000780001E0000780001E0000780001E0000780001E0000780001E00E1
:4031800000780001E0000780001E0000780001E0000780001E0000780001E0000780001E00F0001FE0003FC0007F8000FF0001FE0003FC0007F8000FF0001FE0003FC0002F
:4031C0007F8000FF0001FE0003FC0007F8000FF0001FE0003FC0007F8000FF0001FF00079E000F3E003E3F01F83FFFE03FFF800FF80003C00070000EF0000F78001E780040
:403200001E38001C3C003C3C003C1C00381E00781E00780E00700F00F00F00F00700E00781E00781C00381C003C3C003C38001C38001E78000E70000E70000FF00007E0092
:40324000007E00007E00003C00E001E001FC0078007F003F003FC00FC00F7003F0039C00FC00E780778079E01CE01E380738070E01CF01C3C0E1C0F0F038703C1C0E1C0EDD
:403280000707078381E1C0E1E0787038780E1C0E1C038E01C700F38071C03CE01CE00738073801DC00EE007F003F800FC00FC003E003F000F8007C003E001F0007800780B8
:4032C000F0003FE001E780078F003C3E01E0780780F03C03E1E00787800F3C001FE0007F8000FC0003E0000FC0007F0001FE000F7C007CF001E1E00F07C0780F01E01E0FD0
:40330000007C7800F1E001EF0007F8000FF0000FF0000F78001E7C003C3C003C1E00781F00780F00F00781E007C1E003C3C001E78001F78000FF00007E00007E00003C002D
:40334000003C00003C00003C00003C00003C00003C00003C00003C00003C00003C00003C007FFFF9FFFFF7FFFFC0001E0000F00007C0003E0000F0000780003C0001F000D8
:403380000F80003C0001E0000F80007C0001E0000F0000780003E0001F0000780003C0001E0000F80003FFFFFFFFFFFFFFFF79FFFF0E1C3870E1C3870E1C3870E1C3870E21
:4033C0001C3870E1C3870E1C3870E1C3FFF7E0C007003800E007001800E007001C00E003001C00E003801C00E003801C006003800C007003800C007001800E00700180793D
:40340000FFF870E1C3870E1C3870E1C3870E1C3870E1C3870E1C3870E1C3870E1FFFFFC000E0001E0007C000DC003980063801C30030700E060180E0700C1C01C38018E0D3
:40344000039C00330007C00040FFFFEFFFFE03C78E1C3000F000FFC07FFC1F07C38078F0071C00E0001C0007801FF03FFE1FF1C7C038F0071C00E7801CF0078F01F1FBFF21
:403480001FFDF1FE1E000000E0001C0003800070000E0001C0003800070700E7FC1DFFE3F87C7C03CF003DE007B80077000FE001FC003F8007F000FE001FC003BC00F7C0F3
:4034C0001EFC079FF7E3BFF871FE00007000FFC03FFC0FC7C3C03C70079E0073800070000E0003C00078000F0000E0001C0073C00E7803C780F07E7E07FF807FC00000E0AD
:40350000001C0003800070000E0001C00038070707FCE3FFDCFC7F9E03F7803EF003DC007F8007F000FE001FC003F8007F000EE003DE007BC01F3C07E3F3FC3FFB83FE7050
:403540000000007F803FF80F8F83C07870079E0073800E7001FFFFFFFFFFFFFFF70000E0001C0003C00E3801C7C0787FFE07FF803FC007C3F1FC781C0701C070FFFFFFFCC2
:40358000701C0701C0701C0701C0701C0701C0701C0701C070006000FF9C3FFB8F8FF3C07E7007DE007B800F7001EE001FC003F80077001EE003DE007BC01F3C03E7C0FC9D
:4035C0007FFF87FE703F8E0001C00079800E7803C780F8FE7E07FF807FC0E000E000E000E000E000E000E000E060E7FCEFFEFE3EF80FF007E007E007E007E007E007E007F4
:40360000E007E007E007E007E007E007E007E007E007FFF000FFFFFFFFFFFFFFF01C71C70000001C71C71C71C71C71C71C71C71C71C71C71C73FEFB8E000700038001C00BD
:403640000E000700038001C000E01F700F381F1C1F0E1F071E039E01DF00FFC07FE03E781E3E0E0F0703C381F1C078E01E700FB803DC00F05FFFFFFFFFFFFFFFFFFFF00000
:40368000E00C1CFF0FF3BFF3FF7F1FE1FF81F01FE01E01F803803F007007E00E00FC01C01F803803F007007E00E00FC01C01F803803F007007E00E00FC01C01F803803F0A6
:4036C00007007E00E00E00C0E7FCEFFEFE3EF80FF007F007E007E007E007E007E007E007E007E007E007E007E007E007E007E00700F8007FE00FFF81F8FC3E03C7C01E78BC
:4037000001E7000F7000FF000FF000FF000F7000F7000F7000E7801E3C01E3E03C1FDF80FFF003FC00E3F81DFFC3F87C7C03CF803DE007B80077000FE001FC003F8007F012
:4037400000FE001FE003BC00F7C01EFC079FFFF3FFFC73FF0E0F01C0003800070000E0001C0003800070000003F041FF9C7FFF9F87F3C07EF007DE007F8007F000FE001F1F
:40378000C003F8007F000EE001DC007BC00F3803E780FC7EFF87FE703F8E0001C0003800070000E0001C000380007000707E7FBEFC3E0F03C0E0380E0380E0380E0380E085
:4037C000380E0380E00003E00FFE0FFF8F83E700F38039C000F0007F001FF803FF803FE001F8003D000FE007F007BC07CFFFC3FFC07F801C0701C0701C070FFFFFFFC70116
:40380000C0701C0701C0701C0701C0701C0701C07F0FC1F0E007E007E007E007E007E007E007E007E007E007E007E007E007E007E00FE00FF03F7FFF7FE71FC7E003FC0035
:40384000E70039C01E78070E01C380F0F0381C0E070700E1C038700E3801CE0073801FC003F000F8003E000780E00F00FF00F00E701F00E701F81E781F81C381F81C383BED
:4038800081C3839C383C39C381C31C381C71C381E70E700E70E700E60E700EE06E007E07E007E07E007C07C003C03C003C03C078039E01E3C0F078781E1E03CF007F800F7E
:4038C000C003F00078003F001FE007B803CF01E1E0703C3C0F1E01E7003FC00FE003FC00FF0039C01E78070E01C380F0F0381C0E070700E1C038700F3801CE0073000FC04A
:4039000003F000F8001E00078001C000700038000E0007801FC007E000F0007FFF3FFF9FFFC003C001C001E001E001E000E000E000E000F000F000F000F000700078007F3B
:40394000FFFFFFFFFFF007C3F0E0701C0701C0701C0701C0701C0701C0E070380F01E03C0701C0701C0701C0701C0701C0701E03F0FC1EFFFFFFFFFFFFFFFFFFFFFFFFFF14
:40398000FFF8203E0FC0700E0380E0380E0380E0380E0380E03C0F01F03C0F0781C0E0380E0380E0380E0380E0380E0381C3E0F0001E003FC0FDF8F81FE803E0000001015C
:4039C0000B0000000100041C0A03E5000F00090A1104E5001B00131C1601E5005E0014231601E200B6001F1D2704E5002701171C1901E5007801030A0B04E5007C01082539
:403A00000A02E400A10108250A00E400C6010C0B0E01E500D70115141701ED000C02040A0B03FD0011020B030F02F500160204040B03FD0018020D1E0D00E4004902121CD9
:403A40001602E50088020A1C1604E500AB02121C1601E500EA02131C1601E5002D03131C1501E5007003121C1602E600AF03121C1602E500EE03121B1602E6002B04121C5D
:403A80001602E5006A04131C1601E500AD0404140B03ED00B70404190B03ED00C40414141702ED00F604140B1702F200120514141702ED004405111D1602E40082051B1E47
:403AC0001F02E400E805191B1900E6003D06161C1B03E5008A06181E1C02E400E406171C1C03E5003507141C1803E5007B07131C1603E500BE07191E1E02E4001C08161CCF
:403B00001C03E5006908041C0A03E5007708111D1400E500B508171C1A03E5000609131C1603E50049091B1C2103E500A809161C1C03E500F5091B1E1E01E4005B0A151CE1
:403B40001903E500A50A1B1E1E01E4000B0B161C1B03E500580B161D1902E500A80B161C1600E500F50B171D1D03E500490C181C1800E5009D0C221C2401E500140D161C95
:403B80001801E500610D181C1901E500B50D161C1801E500020E07250A03E400230E0D1D0D00E500530E07250A00E400740E13111702E6009D0E140214000400A20E060645
:403BC0000900E400A70E13161501EC00DC0E131C1703E5001F0F13151501EC00510F131C1701E500940F13151501EC00C60F0A1C0C01E500E90F131D1601EC002E10101CAD
:403C00001603E5006610031C0903E500711006240900E5008C10111C1403E500C810031C0903E500D3101B152103EC001A1110151603EC00441114151601EC007911131C08
:403C40001703ED00BC11131C1701EC00FF110A150D03EC001A1211151401EC0047120A1A0C01E700681210141603ED00901212141401ED00BD121C141E01ED000313121499
:403C80001401ED003013121C1401ED006F1311141301ED009A130A240D02E500C71303270903E200D6130A250D01E400051411051703F500AC250300BC390300207E2F0045
:403CC00000FFFFE3C099999012323222FF262424FF64444C48080E1BC92C9641E0780F04E27934BBF87010701360C88622108882260FB380910444311184441130381C0F9B
:403D0000862188260F07833687A0C8331E7CC0F813264CCCCCCC4622118442233333322648255CC900080402010FF84020100800F5F8F0043082104308210430801C3F980C
:403D4000D83C1E0F0783C1E0F0EC63E018FFF18C6318C631803F31986830181818383030100FF0387EC28302061E03038183C77C0203038141A19088C4C27FC080402032DB
:403D80007E4040C0FCC603010183C27E1C7E43C080BEE3C3C1C1C3633CFF0306040C181810303020203C42C3C3C27E7EC38381C3463C3C7EC3838383C37D1103C3C67CF041
:403DC00003C0F003DC0183870C0C0380700E0080FF8000000FF8C038070060183860C080003C66C3C303060C0818180018180F8183180C9EA98D484EC25612B136FF13242B
:403E000060C1FC000600E00F00B019819831830C3FC604606C06C030FF306C0B03C0B06FFB03C0701C0702FF001F863981E03C0180200600C0380D81B861F8FF18330360C3
:403E40003C0780F01E03C0780F0360CFF0FFE030180C0603FF80C06030180FF8FFE030180C0603FD80C06030180C000F03FC606406C00C0080083FC03C03C0360739F1F22B
:403E8000C0580F01E03C0780FFFE03C0780F01E03C06FFFFFFC0030303030303030303C3C3677EC0D8330C630CC1B03F0730C3186306606C0EC06030180C06030180C06021
:403EC000301FF0E01F807F01FC0BD82F61BC84F313CC8F1A3C78F0C3C30CC07C0F81E83D8798F11E33C3782F07E07C061F831C606C02C03803803803C03C0260670C1F804D
:403F0000FF306C0F03C0F03C1BFCC0300C0300C0001F031C606C02C03803803803C03C2263E71C3FE003FF981B03602C0D813FE606C0D81B036028043F186C0B02E01F039C
:403F4000F80F00E03C0D863F00FFC300C0300C0300C0300C0300C030C0780F01E03C0780F01E03C0780F83B8E3F8C0780D81306208610C60881B0360280700E0C18141C3BB
:403F800061C3614363422266226636243624143C1C1C1C181818404C18C60881B01C0380701B0630C6306C06C0360630430C1980D00F006006006006006006007FC01807F6
:403FC00000C0300C0380E0180601C0700FFEF24924924927E083041020830410608304E4924924924FE0080E0D0446220B0501FF80CC107EC2820E7AC282C6FBC060301939
:404000000FF70F0781C0E0707C6DE0107EC3C3808080C3E63C0180C06237FE1F070381C0F06C73D83C66C381FF80C3633C1CE30CFCC30C30C30C30007DC3C3818181C3672C
:404040003D01C3663CC0C0C0C8FEE3C3C3C3C3C3C3C3CFF86C06DB6DB6DF8081020408F32C78D932343860FFF80823FFEE38F0C3C30F0C3C30F0C3C30F0C3000FEE3C3C360
:40408000C3C3C3C3C3183F30D8281C0E0782631F00DE7FB8783C0E070383F36630180C003DBFF0F8381C0E0783638EC06030180EF98C6318C60031FA1E0F07C1C1C6F83098
:4040C000C33F30C30C30C307C3C3C3C3C3C3C3E77BC1B098C44321B050380800C30A18D9C44B224B1A5072831C18606319058381C0B0C8C6C180C1B098C44321B05038083B
:4041000004060E06007F03060C18303060FF344444488C44444720FFFFC0E222222312222222C0798F00000000000101050000000100020D0501F400050004050802F40013
:404140000800080D0A01F400150009100A01F30027000E0D1202F4003E000A0D0B01F4004F0001050502F400500004120501F300590004100500F400610005050601F400DD
:40418000650009090B01F800700002040501FF00710005010701FC00720002020501FF007300060D0600F4007D00090D0B01F4008C00050D0A02F4009500090C0A00F500B9
:4041C000A300080D0A01F400B000090D0900F400BF00080D0A01F400CC00080D0A01F400D900080C0A01F500E500080D0A01F400F200080D0A01F400FF0002090501F8009E
:404200000201020B0501F800050109090B01F800100109050B01FA00160109090B01F8002101080D0A01F4002E010D0D0E01F40044010C0D0C00F40058010A0D0C01F400B1
:4042400069010B0D0D01F4007B010B0D0D01F4008D01090D0B01F4009C01090D0A01F400AB010C0E0E01F300C0010B0D0D01F400D201020D0501F400D601080D0900F40066
:40428000E3010B0D0C01F400F501090C0A01F50003020E0D1001F4001A020B0D0D01F4002C020C0D0E01F40040020A0D0C01F40051020C0E0E01F40066020B0D0C01F40006
:4042C00078020A0D0C01F40089020A0C0A00F40098020B0D0D01F400AA020B0D0B00F400BC02100D1100F400D6020B0D0B00F400E8020C0D0C00F400FC020B0D0B00F4002F
:404300000E0303110502F4001503060D0600F4001F0303110500F400260309080B01F5002F03090109000200310303020400F4003203080A0A01F7003C03090D0B01F400B8
:404340004B03080A0A01F7005503090D0B01F400640308090A01F8006D03060D0500F4007703080E0A01F7008503080D0A01F4009203010D0402F400940303110400F40008
:404380009B03070D0902F400A703010D0402F400A9030E0A1001F700BB03080A0A01F700C503090A0A01F700D103090D0B01F700E003090D0B01F700EF03050A0601F70037
:4043C000F603070A0901F700FF03060C0600F500080408090A01F800110409090900F8001C040D090E00F8002B0409090900F8003604090D0900F800450408090900F80031
:404400004E0404110602F400570401120401F3005A0404110600F400630408020B01FC00C03C030028410300207E150000277777777777777322007FFFCF3CF3CF3CF3CCE3
:40444000030C070C070C061C061C06180E1C7FFF7FFF0E180C180C380C380C30FFFEFFFE1C301870187018601860186010600180018007E01FF83FFC799C718EE18EE1861E
:40448000E180F18079807F803FE00FF801FE019E01870187C187E187E187F18F799E3FFC1FF803C00180018000000607E001C1EE007030E00C0E0C0381C1C0E030383806CA
:4044C000070600E0E1C01C187001830C0038E38783F8E3F83C38E38006183001C3070070E0E01C1C0C03038380E0707038060E0600E181C00EF07000FC0C0000000080006B
:404500007F000FF801E3C01C1C01C1C01C1C01E3800E38007F0007E000FC001FC003CE1870738703B8E03F8E01F0E00F0E00F0701F87C3FC3FF9E1FE0FFFFFC0061870C3D1
:40454000861C3870C3870E1C3870E1C387060E1C18307060E0C0C0C0C1818307060E1C183070E1C3870E1C3870C3870C1870C3861800180300C030FF9FC1E0F83318400184
:40458000800180018001800180018001800180FFFFFFFF0180018001800180018001800180FFF2F4FFFFFFE0EFFF00600C0380601C0300601C0300E0180300E0180700C01A
:4045C000180700C0380600C038060080000FF03FF83C3C701E700EE00FE007E007E007E007E007E007E007E007E007E007E007F00F700E781E3C3C3FF80FF00181C1E1FFA6
:40460000FFFC1E070381C0E070381C0E070381C0E070381C0E07E03FF0FFF3C0E700EE01D803F007000E001C007001E00F803C01F007801E007001C003800E001FFFFFFF3D
:40464000800FF01FF83C3C701C700E600E600E001C001C007803F003FC003E000E000F0007E007E007E00E700E7C3C3FF80FF000380078007800F801B803B8033806380EFF
:40468000381C38183830387038E038E038FFFFFFFF003F003800380038003800381FFC1FFE3800380038003000300033E07FF87FFC781E600E000E0007000700076007E0D8
:4046C0000E700E781E3FFC1FF807C0000007F80FFC1E1E380E380E70007000600063F0EFFCFF7EF80EF80FF007F0077007700770077007380E3C3E1FFC07F0FFFFFFFFFF0E
:40470000F800E00180060018007000C003800E001C007000E001C007000E001C007000E001C0038007000007E01FF83C3C381E700E700E700E780E381C1FFC0FF81FF83CB3
:404740001E700E7007E007E007E0077007700E7C3E3FFC0FF803C000000FF03FF83C3C701E700EE00EE00EE007E00FE00F700F781F3E7F1FE707C70006000E600E700E704B
:404780001C3C781FF80FE0FFF70000000006FFF0FFFE000000000EFFF336E800010003000F003E00F007C01F007C00F000E000F8001F0007C001F0007C001F0003FFFFFF40
:4047C000FF00000000000000000000FFFFFFFF8000C000F0007C000F8003E000F8003E000F000F003E00F803E00F807C00F000C0000FC0FFC7CF9C0EE01F807E01F0070075
:404800001C00E007803C01E007003800E003000C0000000003001E007801E0007F8001FFE00780700E00381C001C381E0E307F6670F3E661C1E76381C36380C3E301C7E732
:40484000018767018667038667030C67071833FFB839FBE018608E0E001C07003803E1F000FFC000080000780007C0003F0003B8001CC000C7000E380070E00707003838DE
:4048800001C0E01C0700E03807FFE07FFF03FFFC3C00E1C0070E001CE000E70007F8001F8000E0FFFC1FFFE3FFFE7007CE0039C0073800E7001CE0039C01E3FFF87FFF0F07
:4048C000FFF9C00F3800F7000EE001DC003B80077001EE007DFFFF3FFFC7FFE000FE001FFC03FFF83E03E1C0071C003CE000EE000270000380001C0001E0000F00007800DC
:4049000001C0000E000770003BC001CE001E7800E1E00F07C1F01FFF007FE0005000FFF01FFFC3FFFC7007CE007DC007B8007F000FE000FC001F8003F0007E000FC001F82E
:40494000003F0007E001FC003B800F7003CE01F9FFFE3FFF07FF80FFFFFFFFFFFFE000E000E000E000E000E000E000FFFEFFFEFFFEE000E000E000E000E000E000E000E03D
:4049800000FFFFFFFFFFFFFFFFFFFFFFFF000E001C0038007000E001C003FFF7FFEFFFDC0038007000E001C0038007000E001C003800700001FF001FFF00FC3E07803C1CF2
:4049C0000078E000E38003DC0004700001C0000700003C03FFF00FFFC03FF70001DC000770001DE000738003C7001F1F00FC3F1F703FF8C03F82003000E001F8007E001F3B
:404A00008007E001F8007E001F8007E001F8007FFFFFFFFFFFFFF8007E001F8007E001F8007E001F8007E001F8007E001F80075FFFFFFFFFFFFFFFFF0008007001C00700F3
:404A40001C007001C007001C007001C007001C007001C007601F807E01FC07703DE1E3FF87F807006001DC007B801E70078E01E1C078381E070780E1E01C78039F007FE014
:404A80000FFE01F1E03C1C0703C0E03C1C03C3803870078E0079C007B800F7000FE000E000E000E000E000E000E000E000E000E000E000E000E000E000E000E000E000E07C
:404AC00000E000E000E000FFFEFFFFFFFE70000DF0007FE000FFC001FFC007FF800FFB001BF70077EE00CFCE019F9C073F180C7E3838FC7071F860C3F0E387E1C60FC1CC06
:404B00001F83B83F07E07E07C0FC0F81F80E03F01C074000BC007F001FE007FC01FF007EE01FB807E701F8E07E381F8707E0E1F8387E071F81C7E039F8077E01FF803FE01A
:404B400007F801FE003F800700FE0007FF003FFF80F80F83C0078700071E000F38000E70001DE0003F80003F00007E0000FC0001FC0007B8000E70001CE00038E000E1E069
:404B800003C1E00F01F07C01FFF000FF80001000FFF87FFF3FFFDC01FE007F001F800FC007E003F001F801FC01FFFFF7FFF3FFE1C000E000700038001C000E000700038047
:404BC00001C00000FE0007FF003F3F80F00781C0070700071E000F38000E70001DE0003F80003F00007E0000FC0001FC0007B8000E70001CF00038E018E1E03FC1E03F01F6
:404C0000F07E01FFFC01FFFC00381C000010FFFC1FFFE3FFFE7003CE003DC003B80077000EE001DC007B801E7FFF8FFFE1FFFE3801E7001CE0039C007B80077000EE001D3B
:404C4000C003B80077000E03F801FFC07FFC1E07C78038E0039C0073800E78000780007F0007FE001FF0003F8000F0000FE000FC001DC003B80073C01C7E1F87FFC03FE0C5
:404C800000F000FFFFFFFFFFFFFF8070000E0001C0003800070000E0001C0003800070000E0001C0003800070000E0001C0003800070000E0001C00038000700E000FC0037
:404CC0001F8003F0007E000FC001F8003F0007E000FC001F8003F0007E000FC001F8003F0007E000FC001FC007B800E7C03C7E3F07FFC03FE000E00040002F00077000E7F0
:404D0000000E7800E3801C3801C3C01C1C0381C0380E0380E0700E07007070070E0070E0038E0039C0039C001D8001F8001F8000F0000F00C0020017007801F803C00FC08A
:404D40001F00EF00F807380FC039C07701CE03381C3039C0E1C1C6070E0C38307061C381870E1C0E3830E07181C6038C0E700CE033807701DC03B00EC01F807E007C01F090
:404D800003C00F801E007800F001C0700067800E3801C1C03C1E0380E070070F0079E0039C001FC001F8000F0000F0001F8003FC0039C0078E00F0F00E0701E0783C03C3AD
:404DC000801C7001E7000F6000378003DE003C7801C1C01C0F01E0380E00E0E00787001C7000F78003F8000F80007C0001C0000E000070000380001C0000E00007000038DC
:404E00000001C0000E007FFFCFFFF9FFFF0001C00078001E00038000E00038000F0003C00070001C00070001E00078000E00038000E0003C000F0001FFFFBFFFF7FFFEFD46
:404E4000FF870E1C3870E1C3870E1C3870E1C3870E1C3870E1C3870FDFC200C0180180300700600C01C0180380300600E00C01C0180300700600E00C0180380300007FFC16
:404E80003870E1C3870E1C3870E1C3870E1C3870E1C3870E1C3877FFC100038003C007C006600E600C301C3018183818300C700C6006E006C003FFFF7FFF80E38C30800FB2
:404EC000F83FFC383C701C700C001C003C07FC3FFC7C0C700CE00CE01CE03C787E7FEF3FCF4000E000E000E000E000E000E000E7F0FFFCFC3EF80EF00FE007E007E007E0CD
:404F000007E007E007E007F007F80EFC3EEFFCE7F00FF01FFC3C1E780E700E7000E000E000E000E000E0007006700E780E3C3C1FF80FF00002000700070007000700070047
:404F4000070FE73FFF783F701FE00FE007E007E007E007E007E007E007E00F701F7C3F3FFF0FE701C00FF01FFC3C3C781E700E6007E007FFFFFFFFE000E0007006700E3866
:404F80000E3E3C1FF807F00383F1FC701C0701C3FEFF8F81C0701C0701C0701C0701C0701C0701C0700FE71FFF3C3F780F700F7007E007E007E007E007E0077007700F785B
:404FC0001F3C3F1FF707E700070007700E701E3E3C1FF807E08003800E003800E003800E0039FCEFFBE0FF01F807E01F807E01F807E01F807E01F807E01F807E01F807FFD3
:40500000803FFFFFFFFFFFF80871C70000071C71C71C71C71C71C71C71C71C71C7FBE4004001C0038007000E001C003800701EE079C1E387871E0E701DE03FE07DC0F1C1C7
:40504000C3C38387038E079C073807700EFFFFFFFFFFFFFFFFF8E7F0FE77FCFFBF0FC1FE07C07E01C03F00E01F80700FC03807E01C03F00E01F80700FC03807E01C03F00A8
:40508000E01F80700FC03807E01C0380E7F9DFFBF0FF80FF00FC01F803F007E00FC01F803F007E00FC01F803F007E00E01C007FC07FF0783C780F38039C01DC007E003F0B7
:4050C00001F800FC007700738038E038783C1FFC03F80043E0EFF8FFFCFC1EF80EF007E007E007E007E003E007E007E007F007F80EFC3CEFF8E3E0E000E000E000E000E08F
:4051000000E0000FC31FF7383F701FE00FE007E007E007C007E007E007E007F00F701F7C3F3FFF1FF707C7000700070007000700070007C3F3FBFF8F878381C0E070381CBE
:405140000E070381C0E0000780FF87FF9C0EE01B8077001F803FE03FE00FC007401F807F01DE1F3FF87F801C0E070381C7FFFE781C0E070381C0E070381C0E0703E1F87C92
:40518000E01F807E01F807E01F807E01F807E01F807E01F807E03F80FF8FDFF71F9CE00FC01B807380E70186070E0E1C18187038C071806700EC00F801F003C00380E0382D
:4051C00007C0701F81F03B83E06707C1CE0D838C3B861C730C38C638318E60771CC0EE1B80D83601F07C03E0F803C0F00701C0F01EE038E0E1E381C701FC01F003E007C029
:405200000F803B80E381C787071C07780FE00EE00FC01F807380E7018E070E0E1C18187038E031807700EC00F801F001C0038006001C003800E00FC01F003800FFFDFFF099
:4052400007801C00F007803C00E007003C01E00F003801C00F003FFFFFFC0787C78381C0E070381C0E070381C1C1C1E0781E070381C0E070381C0E070381F87C1EFFFFFF5E
:40528000FFFFFFFFFFC0F07C0F0381C0E070381C0E070381E0701E0F0F0F070381C0E070381C0E07078F87803E02FF0F87FA03E00000010109000000010004180902E9002D
:4052C0000D0006090E04E900140010171201EA004200101D1201E7007C001B192103E900D10014181501E9000D0102090904E9001001071E0902E9002B01071E0900E900C1
:4053000046010A0A0C01E900530110111402F000750103080903FD00780109030D02F6007C0104040903FD007E010B190B00E900A10110171201EA00CF0109171203EA00B3
:40534000E9010F171201EA00150210171201EA00430210171301EA00710210171201EA009F0210181201E900CF020F171202EA00FB0210181201EA002B0310181201E900B6
:405380005B0304110903F000640304160903F0006F0310111402F000910310091402F400A30310111402F000C5030E181202E900EF0318191A01E9003A0415171500EA0069
:4053C000770413181703E900B00415191801E900F20413181703E9002B0510181403E9005B050F181303E900880516191901E900CD0512181803E900030603180903E90046
:405400000C060E191100E900380613181603E900710610181203E900A10617181D03E900E60612181803E9001C0717191901E900640711181503E9009707171A1901E9007B
:40544000E20713181703E9001B0813191501E900570813181300E900900813191702E900CC0814181400E90008091D181F01E9005F0914181400E9009B0915181500E900CF
:40548000DA0913181401E900130A071F0902E9002F0A0B190B00E900520A071F09FFE9006E0A100E1402EA008A0A1102110003008F0A05050700E900930A10111201F00040
:4054C000B50A10181402E900E50A10111201F000070B10181301E900370B10121201EF005B0B0A180A00E900790B10181301F000A90B0E181202E900D30B03170702EA0029
:40550000DC0B061F07FFE900F40B0F181102E900210C03170702EA002A0C19111D02F000600C0F111302F000800C11121301EF00A70C10181402EF00D70C10181401F00072
:40554000070D09110B02F0001B0D0E121101EF003B0D09160A00EB00540D0E111202F000720D0F111101F000920D17111901F000C30D0F111101F000E30D0F181101F0005A
:40558000100E0E111001F0002E0E091F0B01E900510E02210703E7005A0E091E0B01E9007C0E0F041402F7002C440300B0520300207E280000FFFF3CB6D02448932FEC9308
:4055C0007F489120081E1E89248240F01E0B64D24D63E0400011E0848433304C812407B7809204CC2321848C1E7C22110D8383C32D0C86639E60F029292492448889324995
:4056000024B4A0234CA00804020FE080402010F6F0F008208410C208410C207D8E0C183060C18389F013F1111111103E62434303060C306040FF3E624303061E0301C1632E
:405640003E040C14142444C4FE0504047E83040FD0C081838DF07C8E040BD8E0C1838DF0FE0C1041820C1020C1807D8A1E36CFA1C1838DF07D8A1C1878DE818789E0C00F0F
:40568000C00F70030C30C0C0380E01FF0000FF80700C030718608038FB1C30618608100041800E06310167591362684D1AB64B39810FC00C0381E048130C4219FE60903C3A
:4056C0000CFE41A0D06837FA0F0381C1BF800E0FC61B038020080200C0F02618FCFE41A070180C0603018141BF00FF0204081FE0408103F8FF0204081FA0408102001F1C9E
:40570000E40F038020087E01C050371C7980C06030180FFE030180C06020FFFFFC060C183060C1C3878DF0834323130B07C331088641A060810204081020408103F8C078F7
:405740001F83D0DB1B2264CCD98A31C61080C0F07C36198C66330D83C1E0600E07F18260680500A01C02C05819861F80FE83838383FE80808080801E0FF10360680500E095
:405780001402C048598E0F6000FE41A0502837F20D028140A0403E21B0580E03E03C0381C0F8C7C0FFC300C0300C0300C0300C0300C080C06030180C06030180C058C7C051
:4057C000C0D0261984210CC320481E0700C0C30687090A3314666C848909161E2C3870306060C0E1884330780C0301E0C823186C0CC1B18886C140E02010080402007F8072
:40580000C0C0C06060606060303FE0F249249249388410821082104210E492492492781838246442C281FF89807D0811EC50A3FF810207EC7060C1838EF07D8E0408107117
:40584000BE0101013F634141C141633D38FB1C1FF020E37C2744F44444447F8E0C1830F1BD030DF0810207EC3060C1830608CFF04155557081020469963C48991A18FFE064
:40588000FFF88610C2184308610C21FD860C183060C1107CC682838382C67C19FB1C183060E3BD0204003D634141C141633F19010101BE88888833F87078386178444F4461
:4058C00044447083060C183071BDC3426624243C1818C634626722D629429439C18863243C181C2466C3C3426624243C18181010707E0C30C304107F7444444844444470C7
:40590000FFFFE2222221322222E0731C00000101040000000100020B0401F600040003040702F6000600070B0901F6001000090E0900F40020000E0C1001F5003500090B5F
:405940000A01F600420001040402F6004300030F0401F5004900030F0400F5004F0005040600F600520009080A00F9005B0002040401FF005C0004010601FC005D0002025C
:405980000401FF005E00060C0500F5006700070B0901F6007100040B0902F6007700080B0900F6008200080B0900F6008D00080B0901F6009800070B0901F600A200070B64
:4059C0000901F600AC00070B0901F600B600070B0901F600C000070B0901F600CA0002080401F900CC00020A0401F900CF0008080A01F900D70008040A01FB00DB000808F0
:405A00000A01F900E300070C0901F500EE000B0C0D01F500FF000A0B0A00F5000D01090B0B01F6001A010A0C0C01F5002901090B0B01F6003601070B0A01F6004001070B1E
:405A40000901F6004A010A0C0C01F5005901090B0B01F6006601020B0401F6006901070B0800F6007301090B0B02F6008001070B0902F6008A010B0B0D01F6009A01090BF7
:405A80000B01F600A7010B0C0C01F500B801080B0A01F600C3010B0D0C01F500D501090B0B01F600E201090C0A01F500F0010A0B0900F600FE01090C0C01F5000C020A0B56
:405AC0000A00F6001A020F0B0F00F6002F020A0B0A00F6003D02090B0A01F6004A02090B0A00F6005702030F0401F5005D02050C0500F5006502030F0400F5006B020807B4
:405B00000A01F6007202080108000200730203030400F500750207080901F9007C02070B0901F600860207080901F9008D02080B0900F600980207090901F800A002040CB7
:405B40000501F500A602070B0901F900B002070B0901F600BA02010C0401F500BC02020E0400F600C002070B0801F600CA02010B0401F600CC020B080D01F900D7020708A8
:405B80000901F900DE0208090901F800E702070C0901F800F202080C0900F900FE0204080501F900020306090801F8000903040B0501F6000F0307080901F9001603080863
:405BC0000800F9001E030C080C00F9002A0308080800F9003203080B0800F9003D0307080800F9004403040F0501F5004C0301100401F4004E03040F0500F5005603070225
:405C00000A01FC00B45503000C590300207E130000FFFFFFFFFFFFFF803FFF80707707707707707707707707E0EE0EE0E006060060600606006060060600606006060FFF2F
:405C4000FFFFFFF060600606006060060600606006060060600606006060FFFFFFFFFF06060060600606006060060600606006060000E0000E0000E001FFF03FFFC7FFFE1C
:405C8000F000FE0007E0007E0007E0007E0000E0000E0000F00007FFF83FFFC1FFFE0000F000070000700007E0007E0007E0007E0007F000F7FFFE3FFFC1FFF000E0000E5C
:405CC0000000E0003E001FC00F78030600C18030600C18030601E381DFC0F3E0F800FC00FC007C007C007E003E3F3E1FEF0F3F030300C0C030300C0C030300E1C01FE0031E
:405D0000F01FFE00FFF807FFE03C0000E0000380000E0000380000E0000380000E00003C00007FFFFCFFFFF7FFFFFC001CE000738001CE000738001CE000738001CE0007BC
:405D40003C001C7FFFF0FFFFC1FFFF007777777EEEE01F3F7FF0E0E0E0E0E0E0E0E0E0E0E0E0E0E0E0E0E0E0E0E0E0E0E0E0E0E0E0F07F3F1FF8FCFE0F0707070707070783
:405D800007070707070707070707070707070707070707070FFEFCF801C000E000700038001C138E7BFFFEFFFC0FF001F001FC01EF00E3C0F0F0707010100070000380008A
:405DC0001C0000E000070000380001C0000E00007007FFFFFFFFFFFFFFF0070000380001C0000E000070000380001C0000E00007000039CE739CEE739CFFFFFFFFFFFFFF29
:405E000080FFFE0003C000E00078001C000F00038000E00078001C000F00038001E00070001C000F00038001E00070003C000E00038001E00070003C000E00038001C0001A
:405E400070003C000E00078001C00070003C000E00001FFF83FFFC7FFFEF000FE0007E0007E0007E0007E0007E0007E0007E0E07E0E07E0E07E0E07E0E07E0007E0007E0C1
:405E8000007E0007E0007E0007E0007F000F7FFFE3FFFC1FFF80FFF007FF803FFC0000E000070000380001C0000E000070000380001C0000E000070000380001C0000E00F5
:405EC0000070000380001C0000E000070000380001C0000E00FFFFFFFFFFFFFFFE1FFF83FFFC7FFFEF000FE0007E0007E0007E00070000700007000070000F1FFFE3FFFCDA
:405F00007FFF8F0000E0000E0000E0000E0000E0000E0000E0000E0000FFFFFFFFFFFFFFF01FFF83FFFC7FFFEF000FE0007E0007E0007E00070000700007000070000F07D4
:405F4000FFE07FFC07FFE0000F000070000700007E0007E0007E0007E0007F000F7FFFE3FFFC1FFF80000FE000FF000FF800F1C0078E007870078380781C0780E03C07039B
:405F8000C0383C01C3C00E3C0071E0039E001CFFFFFFFFFFFFFFFE0001C0000E000070000380001C0000E00007000038FFFFFFFFFFFFFFFE0000E0000E0000E0000E00000A
:405FC000E0000E0000E0000E0000FFFF8FFFFCFFFFE0000F000070000700007E0007E0007E0007E0007F000F7FFFE3FFFC1FFF801FFF83FFFC7FFFEF000FE0007E0007E02A
:40600000007E0007E0000E0000E0000E0000FFFF8FFFFCFFFFEE000FE0007E0007E0007E0007E0007E0007E0007F000F7FFFE3FFFC1FFF80FFFFFFFFFFFFFFF000070000F5
:406040007000070000F0000F0001E0003C00078000F0001E0003C00078000F0000E0000E0000E0000E0000E0000E0000E0000E0000E0000E0000E0001FFF83FFFC7FFFEF1F
:40608000000FE0007E0007E0007E0007E0007E0007E0007F000F7FFFE3FFFC7FFFEF000FE0007E0007E0007E0007E0007E0007E0007F000F7FFFE3FFFC1FFF801FFF83FF25
:4060C000FC7FFFEF000FE0007E0007E0007E0007E0007E0007E0007F00077FFFF3FFFF1FFFF00007000070000700007E0007E0007E0007E0007F000F7FFFE3FFFC1FFF8046
:40610000FFFE00000000FFFE39CE738000000000000739CE739DCE7380000010000F0003F000FC003F000FC007F001FC007E000F8000E0000E0000F80007E0001FC0007F44
:406140000000FC0003F0000FC0003F0000F00001FFFFFFFFFFFFFFF00000000000000000000000000000000000FFFFFFFFFFFFFFF080000F0000FC0003F0000FC0003F00D3
:4061800000FE0003F80007E0001F00007000070001F0007E003F800FE003F000FC003F000FC000F0000800001FFF03FFFC7FFFEF001EE0007E0007E0007E00070000700076
:4061C00007000070000F000FE003FC007F800F0000E0000E0000E0000000000000000000E0000E0000E0000E0000E0001FFFC1FFFF1FFFFDE000FE0003F0001F8000FC1F10
:40620000C7E1FE3F1E71F8E38FC71C7E38E3F1C71F8E38FC71C7E38E3F1CF1F8FF8FC3FE7E0FBF7001FB80001E00007FFC03FFE007FF0003FC007FE007FE00F0F00E07011D
:40624000E0781C0381C0383C03C3801C7801E7000E7000EF000FE0007E0007FFFFFFFFFFFFFFFE0007E0007E0007E0007E0007E0007E0007E00070FFFF8FFFFCFFFFEE005E
:406280000FE0007E0007E0007E0007E0007E0007E0007E000FFFFFEFFFFCFFFFEE000FE0007E0007E0007E0007E0007E0007E0007E000FFFFFEFFFFCFFFF801FFF83FFFCB2
:4062C0007FFFEF000FE0007E0007E0007E0007E0000E0000E0000E0000E0000E0000E0000E0000E0000E0000E0000E0007E0007E0007E0007F000F7FFFE3FFFC1FFF80FFF1
:40630000FF8FFFFCFFFFEE000FE0007E0007E0007E0007E0007E0007E0007E0007E0007E0007E0007E0007E0007E0007E0007E0007E0007E0007E0007E000FFFFFEFFFFCF7
:40634000FFFF80FFFFFFFFFFFFFFF0000E0001C0003800070000E0001C0003800070000FFFF9FFFF3FFFE70000E0001C0003800070000E0001C0003800070000FFFFFFFF96
:40638000FFFFFF80FFFFFFFFFFFFFFF0000E0001C0003800070000E0001C0003800070000FFFFDFFFFBFFFF70000E0001C0003800070000E0001C0003800070000E0001CC3
:4063C00000038000001FFF83FFFC7FFFEF000FE0007E0007E0007E0007E0000E0000E0000E0000E03FFE03FFE03FFE0007E0007E0007E0007E0007E0007E0007E0007F008B
:406400000F7FFFE3FFFC1FFF80E0007E0007E0007E0007E0007E0007E0007E0007E0007E0007E0007E0007FFFFFFFFFFFFFFFE0007E0007E0007E0007E0007E0007E0007C8
:40644000E0007E0007E0007E0007E00070FFFFFFFFFFFFFF8070000E0001C0003800070000E0001C0003800070000E0001C0003800070000E0001C0003800070000E000110
:40648000C00038000700FFFFFFFFFFFFFF80FFFFFFFFFFFFFF800070000E0001C0003800070000E0001C0003800070000E0001C0003800070000FC001F8003F0007E000F55
:4064C000C001F8003F800F7FFFC7FFF07FFC00E000FE000EE001CE003CE0038E0078E0070E00F0E00E0E01E0E01C0E0380FFF80FFF00FFF80E0380E01C0E01E0E00E0E00E3
:40650000F0E0070E0078E0038E003CE001CE000EE000F0E0001C0003800070000E0001C0003800070000E0001C0003800070000E0001C0003800070000E0001C000380004B
:4065400070000E0001C0003800070000FFFFFFFFFFFFFF80F000FF001FF801FFC03FFC03FEE077E70E7E70E7E39C7E3FC7E1F87E0F07E0F07E0007E0007E0007E0007E0079
:4065800007E0007E0007E0007E0007E0007E0007E0007E0007E00070F0007F8007FE007FF007EF807E3C07E1E07E0F87E07C7E03E7E01F7E007FE003FE001FE000FE0007DC
:4065C000E0007E0007E0007E0007E0007E0007E0007E0007E0007E0007E000701FFF83FFFC7FFFEF000FE0007E0007E0007E0007E0007E0007E0007E0007E0007E0007E061
:40660000007E0007E0007E0007E0007E0007E0007E0007E0007F000F7FFFE3FFFC1FFF80FFFF8FFFFCFFFFEE000FE0007E0007E0007E0007E0007E0007E0007E000FFFFF21
:40664000EFFFFCFFFF8E0000E0000E0000E0000E0000E0000E0000E0000E0000E0000E0000E000000FFF81FFFF1FFFFCE000FE0003F0001F8000FC0007E0003F0001F800EC
:406680000FC0007E0003F0001F8000FC0007E0003F0001F8000FC0007E0003F0001F8000FE000F7FFFF1FFFF03FFE000E000070000380001C000FFFF8FFFFCFFFFEE000F42
:4066C000E0007E0007E0007E0007E0007E0007E0007E000FFFFFEFFFFCFFFF0E01E0E00E0E00F0E0070E0070E0038E0038E003CE001CE001EE000EE000F01FFF83FFFC7F9A
:40670000FFEF000FE0007E0007E0007E0007E0000E0000E0000F00007FFF83FFFC1FFFE0000F000070000700007E0007E0007E0007E0007F000F7FFFE3FFFC1FFF80FFFFE5
:40674000FFFFFFFFFFFE00E000070000380001C0000E000070000380001C0000E000070000380001C0000E000070000380001C0000E000070000380001C0000E00007000C8
:406780000380001C00E0007E0007E0007E0007E0007E0007E0007E0007E0007E0007E0007E0007E0007E0007E0007E0007E0007E0007E0007E0007E0007E0007E0007F0084
:4067C0000F7FFFE3FFFC1FFF80E0007E0007E0007E0007E0007E0007E0007E0007E0007E0007E0007E0007E0007F000F7000E7000E7801E3801C3C03C1C0381C0380E07878
:406800000E0700F0F007FE007FE003FC00E0001F0001F8000FC0007E0003F0001F8000FC0007E0003F0001D8000EC000770003B80019C1C1CE0F0E70F8738FE39C771CE745
:406840009CE738E73B83B9DC1FC7C07E3E01F1E00F8F0038E0007E0007E0007E0007E0007E0007F000FF801F7C03E1E0780F9F007FE003FC001F8003FC007FE00F9F01E00C
:40688000787C03EF801FF000FE0007E0007E0007E0007E0007E00070E0007E0007E0007E0007E0007E0007E0007F000F7801E3C03C1E0780F0F007DE003FC001F0000E00E7
:4068C00000E0000E0000E0000E0000E0000E0000E0000E0000E0000E0000E000FFFFFFFFFFFFFFF0000700007000070000F0001E0007C000F8001F0003C000F8001F0003E2
:40690000E00078001F0003E0007C000F0000E0000E0000E0000E0000FFFFFFFFFFFFFFF0FFFFFFFC0E070381C0E070381C0E070381C0E070381C0E070381C0E070381C0EAF
:40694000070381C0FFFFFFE0E0003C00070001C00078000E0003C00070001C00038000E0003C00070001E00038000E0001C00070001E00038000F0001C00070001E000386B
:40698000000F0001C00078000E00038000F0001C00078000E0003CFFFFFFE070381C0E070381C0E070381C0E070381C0E070381C0E070381C0E070381C0E07FFFFFFE000C5
:4069C000F8000FE0007780079C0078F00383C03C1E03C0781E01C1E00F1E003CF001EF000780FFFFFFFFFFFFFFF0E1870E387003FC007FE007FE00F0F00E0701E0781C036C
:406A000081C0383C03C3801C7801E7000E7000EF000FE0007E0007FFFFFFFFFFFFFFFE0007E0007E0007E0007E0007E0007E0007E00070FFFF8FFFFCFFFFEE000FE0007EA0
:406A40000007E0007E0007E0007E0007E0007E000FFFFFEFFFFCFFFFEE000FE0007E0007E0007E0007E0007E0007E0007E000FFFFFEFFFFCFFFF801FFF83FFFC7FFFEF00EA
:406A80000FE0007E0007E0007E0007E0000E0000E0000E0000E0000E0000E0000E0000E0000E0000E0000E0007E0007E0007E0007F000F7FFFE3FFFC1FFF80FFFF8FFFFC0D
:406AC000FFFFEE000FE0007E0007E0007E0007E0007E0007E0007E0007E0007E0007E0007E0007E0007E0007E0007E0007E0007E0007E0007E000FFFFFEFFFFCFFFF80FF3C
:406B0000FFFFFFFFFFFFF0000E0001C0003800070000E0001C0003800070000FFFF9FFFF3FFFE70000E0001C0003800070000E0001C0003800070000FFFFFFFFFFFFFF80CE
:406B4000FFFFFFFFFFFFFFF0000E0001C0003800070000E0001C0003800070000FFFFDFFFFBFFFF70000E0001C0003800070000E0001C0003800070000E0001C00038000F5
:406B8000001FFF83FFFC7FFFEF000FE0007E0007E0007E0007E0000E0000E0000E0000E03FFE03FFE03FFE0007E0007E0007E0007E0007E0007E0007E0007F000F7FFFE3D6
:406BC000FFFC1FFF80E0007E0007E0007E0007E0007E0007E0007E0007E0007E0007E0007E0007FFFFFFFFFFFFFFFE0007E0007E0007E0007E0007E0007E0007E0007E0013
:406C000007E0007E0007E00070FFFFFFFFFFFFFF8070000E0001C0003800070000E0001C0003800070000E0001C0003800070000E0001C0003800070000E0001C0003800AE
:406C40000700FFFFFFFFFFFFFF80FFFFFFFFFFFFFF800070000E0001C0003800070000E0001C0003800070000E0001C0003800070000FC001F8003F0007E000FC001F800CC
:406C80003F800F7FFFC7FFF07FFC00E000FE000EE001CE003CE0038E0078E0070E00F0E00E0E01E0E01C0E0380FFF80FFF00FFF80E0380E01C0E01E0E00E0E00F0E0070EEF
:406CC0000078E0038E003CE001CE000EE000F0E0001C0003800070000E0001C0003800070000E0001C0003800070000E0001C0003800070000E0001C0003800070000E00EB
:406D000001C0003800070000FFFFFFFFFFFFFF80F000FF001FF801FFC03FFC03FEE077E70E7E70E7E39C7E3FC7E1F87E0F07E0F07E0007E0007E0007E0007E0007E0007ECA
:406D40000007E0007E0007E0007E0007E0007E0007E00070F0007F8007FE007FF007EF807E3C07E1E07E0F87E07C7E03E7E01F7E007FE003FE001FE000FE0007E0007E001B
:406D800007E0007E0007E0007E0007E0007E0007E0007E0007E000701FFF83FFFC7FFFEF000FE0007E0007E0007E0007E0007E0007E0007E0007E0007E0007E0007E000772
:406DC000E0007E0007E0007E0007E0007E0007E0007F000F7FFFE3FFFC1FFF80FFFF8FFFFCFFFFEE000FE0007E0007E0007E0007E0007E0007E0007E000FFFFFEFFFFCFFF6
:406E0000FF8E0000E0000E0000E0000E0000E0000E0000E0000E0000E0000E0000E000000FFF81FFFF1FFFFCE000FE0003F0001F8000FC0007E0003F0001F8000FC0007EC0
:406E40000003F0001F8000FC0007E0003F0001F8000FC0007E0003F0001F8000FE000F7FFFF1FFFF03FFE000E000070000380001C000FFFF8FFFFCFFFFEE000FE0007E0069
:406E800007E0007E0007E0007E0007E0007E000FFFFFEFFFFCFFFF0E01E0E00E0E00F0E0070E0070E0038E0038E003CE001CE001EE000EE000F01FFF83FFFC7FFFEF000F33
:406EC000E0007E0007E0007E0007E0000E0000E0000F00007FFF83FFFC1FFFE0000F000070000700007E0007E0007E0007E0007F000F7FFFE3FFFC1FFF80FFFFFFFFFFFF1F
:406F0000FFFE00E000070000380001C0000E000070000380001C0000E000070000380001C0000E000070000380001C0000E000070000380001C0000E000070000380001C5D
:406F400000E0007E0007E0007E0007E0007E0007E0007E0007E0007E0007E0007E0007E0007E0007E0007E0007E0007E0007E0007E0007E0007E0007E0007F000F7FFFE3EB
:406F8000FFFC1FFF80E0007E0007E0007E0007E0007E0007E0007E0007E0007E0007E0007E0007E0007F000F7000E7000E7801E3801C3C03C1C0381C0380E0780E0700F01B
:406FC000F007FE007FE003FC00E0001F0001F8000FC0007E0003F0001F8000FC0007E0003F0001D8000EC000770003B80019C1C1CE0F0E70F8738FE39C771CE79CE738E7E1
:407000003B83B9DC1FC7C07E3E01F1E00F8F0038E0007E0007E0007E0007E0007E0007F000FF801F7C03E1E0780F9F007FE003FC001F8003FC007FE00F9F01E0787C03EF00
:40704000801FF000FE0007E0007E0007E0007E0007E00070E0007E0007E0007E0007E0007E0007E0007F000F7801E3C03C1E0780F0F007DE003FC001F0000E0000E0000E17
:407080000000E0000E0000E0000E0000E0000E0000E0000E0000E000FFFFFFFFFFFFFFF0000700007000070000F0001E0007C000F8001F0003C000F8001F0003E0007800B0
:4070C0001F0003E0007C000F0000E0000E0000E0000E0000FFFFFFFFFFFFFFF003C1F0FC781C0701C0701C0701C0701C0701C3E0F0380F03E01C0701C0701C0701C0701CC9
:407100000701C0780FC1F03CFFFFFFFFFFFFFFFFFFFFFFFFFF80F03E0FC0780E0380E0380E0380E0380E0380E01F03C0703C1F0E0380E0380E0380E0380E0380E078FC3E46
:407140000F003C07F87FFF8FF00F0000000001011B0000000100031B1B0CE6000C000C0B1B08E6001D00141B1B03E600610014211C04E300B400121B1B05E600F100161B52
:407180001B03E6003C01040B1B0CE600420108231B0AE200650108231B0AE200880111101B05E600AA0115151B03E900E201050B1B0AFB00E90113031B04F200F1010305BB
:4071C0001B0CFC00F30112231B05E2004202141B1C04E6008602151B1B03E600CD02141B1C04E6001103141B1C04E6005503151B1B03E6009C03141B1C04E600E003141B4D
:407200001C04E6002404141B1C04E6006804141B1C04E600AC04141B1C04E600F00403151B0CEC00F804051A1B0AEC00090514161B03E9004005140D1B04ED0061051416D9
:407240001C04E9009805141B1C04E600DC05151B1B03E6002306141B1C04E6006706141B1C04E600AB06141B1C04E600EF06141B1C04E6003307131B1B04E6007407131BF8
:407280001B04E600B507141B1C04E600F907141B1C04E6003D08131B1B04E6007E08131B1B04E600BF08141B1B04E6000309131B1B05E6004409141B1C04E6008809141BF5
:4072C0001C04E600CC09141B1C04E600100A141B1C04E600540A151F1D04E600A60A141B1C04E600EA0A141B1C04E6002E0B151B1B03E600750B141B1C04E600B90B141B73
:407300001C04E600FD0B151B1B03E600440C141B1C04E600880C141B1C04E600CC0C141B1C04E600100D09231B09E200380D12231B05E200870D09231B09E200AF0D150D41
:407340001B03E600D20D14031B040500DA0D06061B0AE600DF0D141B1C04E600230E141B1C04E600670E141B1C04E600AB0E141B1C04E600EF0E131B1B04E600300F131B35
:407380001B04E600710F141B1C04E600B50F141B1C04E600F90F131B1B04E6003A10131B1B04E6007B10141B1B04E600BF10131B1B05E6000011141B1C04E6004411141BD6
:4073C0001C04E6008811141B1C04E600CC11141B1C04E6001012151F1D04E6006212141B1C04E600A612141B1C04E600EA12151B1B03E6003113141B1C04E6007513141B54
:407400001C04E600B913151B1B03E6000014141B1C04E6004414141B1C04E6008814141B1C04E600CC140A231B09E200F81403231B0CE20006150A231B08E20032150D05AB
:407440001B07F100105C03004C710300207E2C0000FEC09999242424FF242424FF242410FA0C18101F018305F080E28A39188DE514707880808080FF8282827E557249243A
:407480009246C49249249C213EE56C1020408FE2040857FEC0043082104208610420807D060C193260C182F8F020408102040811FC7D0608102FA04081FC7D06081027C0C4
:4074C000C182F80E1A122262C2FF020202FF0204081F80C182F87D060C081FA0C182F8FE04082083040810207D060C183FE0C182F87D060C182FC0C182F8C3500570030C02
:4075000030C0C0300C03FE00000FE0C0300C03030C30C07D06081021840010207D063DFA74E9DF81F038D91228307FC18304FD060C183FE0C183F87D060C0810204182F854
:40754000FD060C183060C183F8FF0204081FA04081FCFF0204081FA04081007D060C0813E0C182F883060C183FE0C18304FE20408102040811FCFE0408102040C182F883F7
:407580000A14489F224685048102040810204081FC878EAD593060C18304C3C6CC587060C183047D060C183060C182F8FD060C183FA04081007D060C183060C182F840FDB9
:4075C000060C183FA24285047D060C080F80C182F8FE204081020408102083060C183060C182F883060C183051226C708181818382929A6E664283060B63871B41830483E5
:40760000060A228204081020FE0418410C3040FEF24924924E82041060820410208304E49249249E182C2446C3FEB038D91228307FC18304FD060C183FE0C183F87D060C20
:407640000810204182F8FD060C183060C183F8FF0204081FA04081FCFF0204081FA04081007D060C0813E0C182F883060C183FE0C18304FE20408102040811FCFE04081021
:407680002040C182F8830A14489F224685048102040810204081FC878EAD593060C18304C3C6CC587060C183047D060C183060C182F8FD060C183FA04081007D060C183072
:4076C00060C182F840FD060C183FA24285047D060C080F80C182F8FE204081020408102083060C183060C182F883060C183051226C708181818382929A6E664283060B63F9
:40770000871B41830483060A228204081020FE0418410C3040FE34444484444430FFF8C22222122222C06CC0000001010A0000000100010A0A04F700030004040A03F70034
:407740000500080A0A01F7000F00070C0901F6001A00060A0A02F7002200080A0A01F7002C0002040A04F7002D00030D0A04F6003200030D0A03F600370005060A02F70069
:407780003B0007080A01F800420002040A03FF00430007010A01FC00440001020A04FF004500060D0A02F6004F00070A0901F7005800070A0A01F7006100070A0901F700E9
:4077C0006A00070A0901F7007300080A0A01F7007D00070A0901F7008600070A0901F7008F00070A0901F7009800070A0901F700A100070A0901F700AA0001080A04F900A7
:40780000AB00020A0A03F900AE0008080A01F800B60007050A01FA00BB0008080A01F800C300070A0901F700CC00070A0901F700D500070A0901F700DE00070A0901F700AB
:40784000E700070A0901F700F000070A0901F700F900070A0A02F7000201070A0A02F7000B01070A0901F7001401070A0901F7001D01070A0A01F7002601070A0901F7003A
:407880002F01070A0A01F7003801070A0A02F7004101070A0901F7004A01070A0901F7005301070A0901F7005C01070A0901F7006501070B0901F7006F01070A0901F700B7
:4078C0007801070A0901F7008101070A0A01F7008A01070A0901F7009301070A0901F7009C01080A0A01F700A601070A0901F700AF01070A0901F700B80107090901F8002E
:40790000C001030D0A03F600C501060D0A02F600CF01030D0A03F600D40108050A01F700D90107010A010200DA0102020A04F700DB01070A0901F700E401070A0901F70019
:40794000ED01070A0901F700F601070A0901F700FF01070A0A02F7000802070A0A02F7001102070A0901F7001A02070A0901F7002302070A0A01F7002C02070A0901F70001
:407980003502070A0A01F7003E02070A0A02F7004702070A0901F7005002070A0901F7005902070A0901F7006202070A0901F7006B02070B0901F7007502070A0901F7007E
:4079C0007E02070A0901F7008702070A0A01F7009002070A0901F7009902070A0901F700A202080A0A01F700AC02070A0901F700B502070A0901F700BE0207090901F800F5
:407A0000C602040D0A03F600CD02010D0A04F600CF02040D0A03F600D60205020A02FB005074030028770300207E0F0000FFFFFFFFFFFF03FFF870EE1DC3B8770EE1D83749
:407A40000EE1C00C18060C0306018300C18060C3FFFFFFFF0C18060C0306018300C18060C03061FFFFFFFF860C0306018300C18060C0306001C000E007FF0FFFE7FFF78061
:407A80003F800FC007E003F00038001E0007FFC3FFF87FFC000F00038001F800FC007E003F001DC01CFFFE1FFC00E000700038003C00FC039C06180C30186030C0F3877E5F
:407AC0001E00F807C01E00F807C01E3F78FFC186030C06180C3018601F801E003FF00FFE03FFC070000C000180003000060000C0001C0001FFFFBFFFF7FFFFC0073000E677
:407B0000001CC003980073000E7001C7FFF8FFFF07FFE0777777EEE01EFDFF0C183060C183060C183060C183060C183060C18183F1E0F1FBF0F0E1C3870E1C3870E1C387B3
:407B40000E1C3870E1C3870E1C77EF0003000C003000C0633BFFF7FF01E007C03F01CE0E1C186001C000E000700038001C000E000701FFFFFFFFFFFFC0700038001C000E87
:407B8000000700038001C000E000777777EEE0FFFFFFFFFFFFE0FFFE000E001C007000E0038007000C0038007001C0038006001C003800E001C007000E0018007000E00319
:407BC0008007000C0038007001C003800E001C00001FFC3FFF9FFFDE00FE003F001F800FC007E003F0E1F870FC387E1C3F0E1F800FC007E003F001F800FE00F7FFF3FFF8FF
:407C00007FF0FFC07FE03FF00038001C000E000700038001C000E000700038001C000E000700038001C000E0007000380FFFFFFFFFFFFE1FFC3FFF9FFFDC00FC003E001F22
:407C4000000E000700038003C7FFCFFFE7FFC7000300018000C0006000300018000FFFFFFFFFFFFE1FFC3FFF9FFFDC00FC003E001F000E000700038003C3FFC1FFC0FFF03C
:407C8000003C000E0007C003E001F000FC00F7FFF3FFF87FF0003F800FF001FE0071C01E38078701E0E0381C0E0383C070F00E1C01C70039FFFFFFFFFFFFFF0003800070E2
:407CC000000E0001C0003800070000E0FFFFFFFFFFFFFC000E000700038001C000E00070003FFF1FFFEFFFF0003C000E0007E003F001F800FE00F7FFF3FFF87FF01FF87FBD
:407D0000FE7FFEE007C003C003C003C000C000C000FFF8FFFEFFFEC007C003C003C003C003C003E0077FFE7FFE1FF8FFFFFFFFFFFFE000700038001C001E001E001E001EC3
:407D4000000E000E000E000F000700038001C000E000700038001C000E0007001FFC3FFF9FFFDE00FE003F001F800FC007E003F803DFFFC7FFE7FFF7803F800FC007E003E8
:407D8000F001F800FE00F7FFF3FFF87FF01FFC3FFF9FFFDC00FC003E001F000F8007C003F001DFFFEFFFF1FFF8001C000E0007C003E001F000FC00F7FFF3FFF87FF0FFFE56
:407DC000000001FFFC7777700000000777777EEE0000C000F000F801F801F801F801F003F000F00030000F0003F0001F0001F8001F8001F8001F8000F0000CFFFFFFFFFFE9
:407E0000FFE00000000000000000000000007FFFFFFFFFFFF0800070003E0007E000FC001F8001F0003E00078000C001E003F007C01F803F007E00F80070002000001FFC39
:407E40003FFF1FFFDC00FC003E001F000E000700038003C00FC01FC00FC00F00070003800000000000700038001C000E0007001FFC3FFF9FFFFE00FE003F001F87EFCFF79A
:407E8000EFBBF71DFB8EFDC77EE3BF71DFB8EFDC77EFFBF3EFF807DE000FFF03FF80FFC00FF00FF00FF01E381C183C1C380C380C780E70067006F007E003E003FFFFFFFFC3
:407EC000E003E003E003E003E003E003E003FFFC7FFFBFFFDC00FE003F001F800FC007E003F003FFFFDFFFEFFFF7003F800FC007E003F001F800FC00FFFFF7FFFBFFF01F97
:407F0000FC3FFF9FFFDC00FC003E001F000F8000C0006000300018000C0006000300018000C003E001F000FC00F7FFF3FFF87FF0FFFC7FFFBFFFDC00FE003F001F800FC00A
:407F400007E003F001F800FC007E003F001F800FC007E003F001F800FC00FFFFF7FFFBFFF0FFFFFFFFFFFFC000C000C000C000C000C000C000FFFCFFFCFFFCC000C000C0EF
:407F800000C000C000C000C000FFFFFFFFFFFFFFFFFFFFFFFFC000C000C000C000C000C000C000FFFEFFFEFFFEC000C000C000C000C000C000C000C000C000C0001FFC3FBC
:407FC000FF9FFFDE00FE003F001F800FC000E0007000383FFC1FFE0FFF001F800FC007E003F001F800FE00F7FFF3FFF87FF0C003E001F000F8007C003E001F000F8007C024
:4080000003E001FFFFFFFFFFFFFE001F000F8007C003E001F000F8007C003E001F000EFFFFFFFFFFFFE038001C000E000700038001C000E000700038001C000E00070003F9
:408040008001C000E0007000380FFFFFFFFFFFFEFFFFFFFFFFFFE000700038001C000E000700038001C000E000700038001C000FC007E003F001F800FE00F7FFF3FFF87F95
:40808000F0E003F001B801DC01CE00E700E38071C070E03870383FF81FFC0FFE07038380E1C070E01C700E38039C01CE0077001B800EE000E000E000E000E000E000E00010
:4080C000E000E000E000E000E000E000E000E000E000E000E000E000E000FFFFFFFFFFFFE007F803FC03FF03FDC1BEE1DF38CF8EC7C7E3E1E1F070F8007C003E001F000FFF
:408100008007C003E001F000F8007C003E001F000EF003FC01FF00FDC07E703F1E1F878FC1E7E07BF01FF807FC01FE003F001F800FC007E003F001F800FC007E003F001FB5
:40814000800E1FFC3FFF9FFFDC00FC003E001F000F8007C003E001F000F8007C003E001F000F8007C003E001F000FC00F7FFF3FFF87FF0FFFC7FFFBFFFDC00FE003F001F66
:40818000800FC007E003F003FFFFDFFFEFFFC700038001C000E000700038001C000E0007000380001FFC3FFF9FFFDE00FE003F001F800FC007E003F001F800FC007E003F76
:4081C000001F800FC007E003F001F800FE00F7FFF3FFF87FF00300018000C000FFFC7FFFBFFFD800FC003E001F000F8007C003E003FFFFDFFFCFFF86038300E18070C01CA6
:40820000600E30039801CC00F6003B001E1FFC3FFF9FFFDE00FE003F001F800FC000E00078001FFF0FFFE1FFF0003C000E0007E003F001F800FE00F7FFF3FFF87FF0FFFFAD
:40824000FFFFFFFFE038001C000E000700038001C000E000700038001C000E000700038001C000E000700038001C000E000700E003F001F800FC007E003F001F800FC007C5
:40828000E003F001F800FC007E003F001F800FC007E003F001F800FE00F7FFF3FFF87FF0E003F001F800FC007E003F001F800FC007E003F001F800FC00F700738039E03CAA
:4082C000701C380E0E0E070703C780FF807FC01FC0E000FC001F8003B00076000CC00198003300066000CC0019C0073800E70E1CE1C39C7C738DCE33B986E3B0DC761F07FD
:40830000C3C078780F0E00E0E003F001F800FC007E003F803FE03EF83E1E3C07BC01FC007C007F007BC078F0F83EF80FF803F800FC007E003F001F800EE003F001F800FC1F
:40834000007E003F001FC01EF01E3C1E0F1E03DE00FE003E000E000700038001C000E000700038001C000E000700FFFFFFFFFFFFE000700038001C003C003C003C003C00F1
:408380007800780078007800F000F000F000700038001C000FFFFFFFFFFFFEFFFFFFE0E0E0E0E0E0E0E0E0E0E0E0E0E0E0E0E0E0E0E0E0E0E0E0FFFFE001C001C00380035E
:4083C00080070006000E001C001C00380030007000E000E001C001C00380030007000E000E001C001800380070007000E000E001C0FFFFFF070707070707070707070707C9
:40840000070707070707070707070707FFFF03E001FC00770038E00E38070703C1E0E03870073C01EE0038FFFFFFFFFFFFE0E38C71800FF00FF00FF01E381C183C1C380C34
:40844000380C780E70067006F007E003E003FFFFFFFFE003E003E003E003E003E003E003FFFC7FFFBFFFDC00FE003F001F800FC007E003F003FFFFDFFFEFFFF7003F800F2E
:40848000C007E003F001F800FC00FFFFF7FFFBFFF01FFC3FFF9FFFDC00FC003E001F000F8000C0006000300018000C0006000300018000C003E001F000FC00F7FFF3FFF826
:4084C0007FF0FFFC7FFFBFFFDC00FE003F001F800FC007E003F001F800FC007E003F001F800FC007E003F001F800FC00FFFFF7FFFBFFF0FFFFFFFFFFFFC000C000C000C0AE
:4085000000C000C000C000FFFCFFFCFFFCC000C000C000C000C000C000C000FFFFFFFFFFFFFFFFFFFFFFFFC000C000C000C000C000C000C000FFFEFFFEFFFEC000C000C05F
:4085400000C000C000C000C000C000C000C0001FFC3FFF9FFFDE00FE003F001F800FC000E0007000383FFC1FFE0FFF001F800FC007E003F001F800FE00F7FFF3FFF87FF0BF
:40858000C003E001F000F8007C003E001F000F8007C003E001FFFFFFFFFFFFFE001F000F8007C003E001F000F8007C003E001F000EFFFFFFFFFFFFE038001C000E000700B9
:4085C000038001C000E000700038001C000E000700038001C000E0007000380FFFFFFFFFFFFEFFFFFFFFFFFFE000700038001C000E000700038001C000E000700038001C0F
:40860000000FC007E003F001F800FE00F7FFF3FFF87FF0E003F001B801DC01CE00E700E38071C070E03870383FF81FFC0FFE07038380E1C070E01C700E38039C01CE007754
:40864000001B800EE000E000E000E000E000E000E000E000E000E000E000E000E000E000E000E000E000E000E000E000FFFFFFFFFFFFE007F803FC03FF03FDC1BEE1DF3880
:40868000CF8EC7C7E3E1E1F070F8007C003E001F000F8007C003E001F000F8007C003E001F000EF003FC01FF00FDC07E703F1E1F878FC1E7E07BF01FF807FC01FE003F0079
:4086C0001F800FC007E003F001F800FC007E003F001F800E1FFC3FFF9FFFDC00FC003E001F000F8007C003E001F000F8007C003E001F000F8007C003E001F000FC00F7FF90
:40870000F3FFF87FF0FFFC7FFFBFFFDC00FE003F001F800FC007E003F003FFFFDFFFEFFFC700038001C000E000700038001C000E0007000380001FFC3FFF9FFFDE00FE0061
:408740003F001F800FC007E003F001F800FC007E003F001F800FC007E003F001F800FE00F7FFF3FFF87FF00300018000C000FFFC7FFFBFFFD800FC003E001F000F8007C030
:4087800003E003FFFFDFFFCFFF86038300E18070C01C600E30039801CC00F6003B001E1FFC3FFF9FFFDE00FE003F001F800FC000E00078001FFF0FFFE1FFF0003C000E00FD
:4087C00007E003F001F800FE00F7FFF3FFF87FF0FFFFFFFFFFFFE038001C000E000700038001C000E000700038001C000E000700038001C000E000700038001C000E00071C
:4088000000E003F001F800FC007E003F001F800FC007E003F001F800FC007E003F001F800FC007E003F001F800FE00F7FFF3FFF87FF0E003F001F800FC007E003F001F8007
:408840000FC007E003F001F800FC00F700738039E03C701C380E0E0E070703C780FF807FC01FC0E000FC001F8003B00076000CC00198003300066000CC0019C0073800E7CB
:408880000E1CE1C39C7C738DCE33B986E3B0DC761F07C3C078780F0E00E0E003F001F800FC007E003F803FE03EF83E1E3C07BC01FC007C007F007BC078F0F83EF80FF8038F
:4088C000F800FC007E003F001F800EE003F001F800FC007E003F001FC01EF01E3C1E0F1E03DE00FE003E000E000700038001C000E000700038001C000E000700FFFFFFFFD8
:40890000FFFFE000700038001C003C003C003C003C007800780078007800F000F000F000700038001C000FFFFFFFFFFFFE0387C3E3C1C0E070381C0E070383C7C3C1E038D6
:408940000E070381C0E070381C0E0381F038FFFFFFFFFFFFFFFFFFFFFFC0E07C3E0380C06030180C06030180E03C0E070606030180C06030180C06061F0E00781FFE0F80DE
:40898000000001011700000001000317170AEA000A000B091706EA00170011171703EA004800111C1703E80084000F171704EA00B00013171803EA00E7000409170AEA000C
:4089C000EC00071D1708E7000601071D1708E70020010E0D1704EA00370111121703ED005E0104091709FC00630111031703F4006A010305170AFC006C010F1E1704E70053
:408A0000A50111171703EA00D60111171703EA00070211171703EA00380211171703EA00690213171702EA00A00211171703EA00D10210171603EA00FF0211171703EA0036
:408A4000300311171703EA00610311171703EA0092030312170AEF00990304161709EF00A40312131703EC00CF03110C1703F000E90311131703EC00120411171703EA0065
:408A8000430411171703EA00740410171603EA00A20411171703EA00D30411171703EA00040511171703EA00350510171704EA00630510171704EA00910511171703EA00DB
:408AC000C20511171703EA00F30511171703EA00240611171703EA00550611171703EA00860610171704EA00B40611171703EA00E50611171703EA00160711171703EA0084
:408B0000470711171703EA007807111A1703EA00B00711171703EA00E10711171703EA00120811171703EA00430811171703EA00740811171703EA00A50813171702EA00D7
:408B4000DC0811171703EA000D0911171703EA003E0911171703EA006F09081D1707E7008C090F1E1704E700C509081D1708E700E209120B1703EA00FB091103170304008F
:408B8000020A05051708EA00060A10171603EA00340A11171703EA00650A11171703EA00960A11171703EA00C70A10171704EA00F50A10171704EA00230B11171703EA0009
:408BC000540B11171703EA00850B11171703EA00B60B11171703EA00E70B11171703EA00180C10171704EA00460C11171703EA00770C11171703EA00A80C11171703EA00C6
:408C0000D90C11171703EA000A0D111A1703EA00420D11171703EA00730D11171703EA00A40D11171703EA00D50D11171703EA00060E11171703EA00370E13171702EA0019
:408C40006E0E11171703EA009F0E11171703EA00D00E11171703EA00010F091D1707E700220F031E170AE7002E0F091D1707E7004F0F0B031706F4002C7A0300808903003A
:408C8000207E260000FFB0451451CC2211089FF221108844FF9108844008041FD0180C0600FE00806030180BF82010708888D9761C30E7850505077E4020100807FE05028E
:408CC0008140A04FE055C07888888888888887E11111111111111E10235FE3851900080402010FF840201008040055C0FF80C00103020606040C0818103030206040C07F91
:408D0000406030180C46230180C0602FE0F804020100804020100804021FF07F406030100BFA01008040201FF07F4060301008FC020180C0602FE00706864626160B05FF8D
:408D40000100804020FFC020100807F8020180C0602FE07F4060301807FA030180C0602FE0FF804020303030301008040201007F406030180FFE030180C0602FE07F40604B
:408D800030180BFC020180C0602FE0C0C05001570081C38E0C0601C01C038040FF8000000007FC80700E00E0180C1C70E040007F406030100838301000000201007F4060D5
:408DC000379A4D269349BFC0A00F803E11088824140603FF80C0603010FF406030180FFE030180C0603FE07F406030180402010080C0602FE0FF406030180C06030180C095
:408E0000603FE0FFC020100807FA01008040201FF0FFC020100807FA010080402010007F40603018043E030180C0602FE080C06030180FFE030180C0603010FF8402010027
:408E4000804020100804021FF0FF010101010101018181817E81C1A090C8C7E23108864120D0308080808080808080808080FFC1E0E8B6D9CC46030180C0603010C0F06E30
:408E800031986C1E030180C06030107F406030180C06030180C0602FE0FF406030180FFA010080402010007F406030180C06030180C0602FE08040FF406030180FFE1D046D
:408EC0008340A050107F4060301803F8020180C0602FE0FF8402010080402010080402010080C06030180C06030180C0602FE080C06030180C06028241110887C0C0701CFE
:408F00000501405014CD3B5AD4F7198680C060383220E07044C1C060301080C060383631B070100804020100FF804020706060E0E0C040201FF0F88888888888888FC040A9
:408F4000602030301018080C040606020301F11111111111111F0E068130C661B030FF80903E11088824140603FF80C0603010FF406030180FFE030180C0603FE07F406099
:408F800030180402010080C0602FE0FF406030180C06030180C0603FE0FFC020100807FA01008040201FF0FFC020100807FA010080402010007F40603018043E030180C039
:408FC000602FE080C06030180FFE030180C0603010FF84020100804020100804021FF0FF010101010101018181817E81C1A090C8C7E23108864120D030808080808080800C
:4090000080808080FFC1E0E8B6D9CC46030180C0603010C0F06E31986C1E030180C06030107F406030180C06030180C0602FE0FF406030180FFA010080402010007F4060A2
:4090400030180C06030180C0602FE08040FF406030180FFE1D048340A050107F4060301803F8020180C0602FE0FF8402010080402010080402010080C06030180C060301B4
:4090800080C0602FE080C06030180C06028241110887C0C0701C0501405014CD3B5AD4F7198680C060383220E07044C1C060301080C060383631B070100804020100FF8044
:4090C0004020706060E0E0C040201FF01908421098C108421083FFFFC1084210831908421098F670000001010D0000000100010C0D06F500030006050D03F5000700090CE7
:409100000D02F500150009100D02F3002700080C0C02F5003300090C0C02F500410002050D05F500430004100D05F3004B0004100D04F300530007070D03F5005A00090A91
:409140000D02F600660002050D05FE00680009010D02FA006A0001020D06FF006B0008100D02F3007B00090C0D02F5008900090C0D02F5009700090C0D02F500A500090C4E
:409180000D02F500B300090C0C02F500C100090C0D02F500CF00090C0D02F500DD00090C0D02F500EB00090C0D02F500F900090C0D02F5000701010A0D06F7000901020CDD
:4091C0000D05F7000C01090A0D02F600180109060D02F8001F01090A0D02F6002B01090C0D02F5003901090C0D02F5004701090C0D02F5005501090C0D02F5006301090CF9
:409200000D02F5007101090C0D02F5007F01090C0D02F5008D01090C0D02F5009B01090C0D02F500A901090C0D02F500B701090C0D02F500C501080C0C02F500D101090C52
:409240000D02F500DF01080C0D02F500EB01090C0D02F500F901090C0D02F5000702090C0D02F5001502090C0D02F5002302090E0D02F5003302090C0D02F5004102090CA2
:409280000D02F5004F02090C0D02F5005D02090C0D02F5006B02090C0D02F50079020A0C0D01F5008802090C0D02F5009602090C0D02F500A402090C0D02F500B2020410D3
:4092C0000D04F300BA0208100D02F300CA0204100D04F300D2020A060D01F500DA0209010D020300DC0202020D05F500DD02090C0D02F500EB02090C0D02F500F902090CDA
:409300000D02F5000703090C0D02F5001503090C0D02F5002303090C0D02F5003103090C0D02F5003F03090C0D02F5004D03090C0D02F5005B03080C0C02F5006703090C91
:409340000D02F5007503080C0D02F5008103090C0D02F5008F03090C0D02F5009D03090C0D02F500AB03090C0D02F500B903090E0D02F500C903090C0D02F500D703090CE6
:409380000D02F500E503090C0D02F500F303090C0D02F5000104090C0D02F5000F040A0C0D01F5001E04090C0D02F5002C04090C0D02F5003A04090C0D02F5004804051013
:4093C0000D04F300520401100D06F300540405100D04F3005E0406020D03FA00848C0300E4900300207E140000492492407FC0C78F1E3C78F18011088CC46FF9108844FF18
:40940000FFD98CC4422008040207E63E0300E03C0780E0381F1DF810080400701B0E214648D1121E000E1266C598E3182207801E064088110260780C0BC3CC78DB0F60C686
:409440003EFCC0FFF49004318C218610430C104186083060C18618630C610842108C623331000804021937F0E0504C632080080402010FFFFC2010080400739E211B90FF60
:40948000FFC0FF80018080C040603010180804060203018080C04060003E3BB078381C06733980C070783631F00C3E030180C06030180C06030180C7FC1E1CEC180200C088
:4094C00020180C06030180C06FDFF01F1CE40C0300C061E07C00C0300D03E18FC00180701E06C198230C630CC19FFC0600C01803003FCFF20080601B87F80300C0300D03FF
:40950000E18FC01F0EE60B00C0200BF386C0A03C0B06638FC0FFFFC0406060303018080C06030180C01F0C660D8360CC21F0DE61D01C050170CFE01E0CE61903C0D0161CEA
:40954000FD1CC0300C06638F80FF8000FF80739C000000739E211B9003070C3860C0C070180C0701FFFFC0000FFFFC80E0301C0603030E1870C0801C7FC3010303060C18C5
:40958000180000181C1C0703F0C13034078070FC6388710F33E39400C00801C20F800E0140280D8130220C618C3F8FF983202C0780C0FE31EC1B06C1B0CFE30EC0F03C0F6D
:4095C00006FFBF801FC71CC030060180300600400C018018238E1F00FE31CC1B06C0F03C0F03C0F03C1B0ECF3F00FFE030180C0603FD80C06030180FFFFCFFE030180C0622
:4096000003FDFEC06030180C06001F8E360180C0300C030FC07016058138C7E0C1E0F0783C1E0FFF83C1E0F0783C1E0CFF8402010080402010080402010FFFFC7F80C06084
:4096400030180C06030180C0706E73F0C1D8330C630CC1B83F07B0E618630660CC0D81C0C06030180C06030180C06030180FFFFCC1E0F8FC5A2DB6D3299CC46030180C041E
:40968000C1F0F8763B1CCE671B8DC361B0783C0C1F063183206C0780F01E03C0780D833063183E00FF30EC0F03C0F03C1BFCC0300C0300C030001F063183206C0780F01EFC
:4096C00003C0780D833063183E01803803E008FF30EC1B02C0B06C7BF8C6318C330CC1B0301F8619813006007007C03C00C00C01A06F1C7F00FFE0801002004008010020EF
:40970000040080100200400800C1E0F0783C1E0F0783C1E0F0783631F0C078098330660C630C618C1103606C0500E01C00C01E00980CC46673339994CCA62DA16D0A28717D
:40974000438E1C70E0CC18C60881B01C0380701B0360C610C60D80C0C06C198318C3183606C0700E00801002004008007FE0180200C0300C018060180300C03007FFFFC01E
:40978000FE082082082082082082082083F0C020180403018040301804030080603008060300C0FC104104104104104104104107F01C0A0506C223190D83FFFFFC8C632017
:4097C0001E7F90603039FF8783C1E3DF20C0300C0300CE3FCE1B06C0F03C0F02C1B8C9E00E0FE60B00C0300C0300C09C73F000C0300C030CCFF60D83C0F03C0F0360DCF354
:40980000EC0E07F1C3302407FFD003006007187E000383F0C06018060FF860180601806018060180601C1FFC3304C130C7E170C03007FF0380E03F78F8C06030180CE6FF58
:409840008783C1E0F0783C1E0F060E1C00001FC183060C183060C18007070000007F030303030303030303030206FE38C0300C0300C0706C3318CC370F638CC1B06C0CF82D
:409880000601806018060180601806018060180320FC18DFBF99E23C4788F11E23C4788F11800E6FF8783C1E0F0783C1E0F0600E07F183306C0780F01A0260C6307C000E59
:4098C0003FCE1B06C0F03C0F02C1B8CDE300C0300C000C0FF60D83C0F03C0F0360DCF3EC0300C0300C07EFBC1C0C06030180C06030001C3FF0580601F01E0380E0DFC008E9
:40990000010020040FFC300600C0180300600400C20FC081C0E070381C0E0787E7BEC0C06C19831043182206C0D80A01C0C21A389944CA665336D0B6871438E1C70060C67C
:40994000306C0500E01C06C18C619C1CC06C19831843182206C0580E00C010060180F03000FF818181C0C0C0C0C0C07FC01F10101010101030E0E0301010101010101FFF80
:40998000FFF8F8080808080808080F0708080808080808F830FC63D000000000000001010D0000000100030E0D05F300070007070D03F2000E00090E0D02F3001E0009123E
:4099C0000D02F10033000B0E0D01F30047000B0E0D01F3005B0003070D05F2005E0006140D04F1006D0005140D03F1007A00090A0D02F5008600090A0D02F5009200050882
:409A00000D04FE00970009020D02F9009A0003030D05FE009C0009120D02F200B100090E0D02F300C100090E0D02F300D1000A0E0D01F300E3000A0E0D01F300F5000B0E6D
:409A40000D01F30009010A0E0D01F3001B010A0E0D02F3002D01090E0D02F3003D010A0E0D01F3004F010A0E0D01F3006101030B0D05F600660105100D04F6007001080C05
:409A80000D03F4007C0109060D02F7008301080C0D02F4008F01080F0D02F2009E010B110D01F300B6010B0E0D01F300CA010A0E0D02F300DC010B0E0D01F300F0010A0E5B
:409AC0000D02F3000202090E0D02F3001202090E0D03F30022020A0E0D01F3003402090E0D02F3004402090E0D02F3005402090E0D02F30064020B0E0D02F3007802090EAD
:409B00000D03F3008802090E0D02F3009802090E0D02F300A8020B0E0D01F300BC020A0E0D02F300CE020B120D01F300E7020A0E0D02F300F9020B0E0D01F3000D030B0E01
:409B40000D01F3002103090E0D02F30031030B0E0D01F30045030D0E0D00F3005C030B0E0D01F30070030B0E0D01F30084030B0E0D01F300980306120D05F200A6030912D4
:409B80000D02F200BB0306120D02F200C90309080D02F300D2030B020D010200D50304050D04F000D803090B0D02F600E5030A0F0D02F200F8030A0B0D02F60006040A0FEC
:409BC0000D01F20019040B0B0D01F60029040A100D02F1003D040A100D02F6005104090F0D02F2006204070F0D02F200700408140D01F20084040A0F0D02F20097040A0FB6
:409C00000D02F200AA040B0B0D01F600BA04090B0D02F600C7040B0B0D01F600D7040A0F0D02F600EA040A0F0D01F600FD04090B0D03F6000A05090B0D02F60017050B0E23
:409C40000D01F3002B05090A0D02F70037050B0A0D01F70045050D0A0D00F70056050B0A0D01F70064050B0F0D01F7007905090A0D02F700850508120D03F20097050115F3
:409C80000D06F1009A0508120D02F200AC0509040D02F800E89303009C990300207E1B00006DB6D201F6CF3CE38E1022222222FF242464FF4444444C1818183C63C0C07019
:409CC0003C060303C37E181818F026188A249A3C00000E345914461103803C098661902C0E030563CCA1EC331E7CC0FFE00888C46318C63184308618C183061820C30C3099
:409D0000C2186308C0101010DF3C382C664218181818FF181818186F7326C0FF7D8003020606040C08081810303020604040C01C1F9868340E67339940A0586461E07818AE
:409D4000181818181818181818FF1C3FB0403010080C0C0C0C0C0C0FF81C3F906030181870060180607C73E00703C0B06C3318C433FFFFC0C0300C7FB0180C07E31806011B
:409D800000C0F0CFC00E1FCC2C0402717FC340A0582631F0FF80C0C0406020301808040203001E1B986C36198878C641E0702C33F01C3F90583C0E0D8E790080C04867E04D
:409DC0007D8003EC6E600006F7326C01070C3860C060380C0701FF000000FF8180C0C060418C3182007D8C0810618608000041C3801F08240B0180E1F88E6398E3DC01000A
:409E0000600C60F00C0301E058320CC231847F906C0B0380C0FC7F30D86C3673F986C1E0F078EFE01F0E760980C0300C0300C0180608C71F80F84F20D0281C0E070381C066
:409E4000A0D1CFC0FFFFC0C0C0C0FEC0C0C0C0C0FFFFFF80808080FE8080808080801F1CD8280C06031F8FC0E0582631F0818181818181FF818181818181FFFF1818181885
:409E8000181818181818FF7F7F030303030303030382C67CC1E1B1998D86C3F1D8C66130D83C18808080808080808080808080FFE1F0F87E7F2E975B99CCE470381C08C170
:409EC000C1E1A1B19199898D858783831E1CC61B02C0F03C0F03C0F02619CC3E00FC67B0583C1E0B1DF8C06030180C001E1CC61B02C0F03C0F03C0F026198C3E0300600F69
:409F0000FC67B0582C161BF9F8CC6330986C181F0CE60980600E01E00E0180340B863F00FFFFF0C0300C0300C0300C0300C0300C0081818181818181818183C3E67CC0F0A8
:409F400024098661884230CC120481E0700C00C03C024024666666666F66B469429439439C30C0C0986230CC1E0700C070160CC23186C0C0C0F0261984330481E0300C03DA
:409F800000C0300C007F9FE0180C060100C060100C060100FFC0FF0C30C30C30C30C30C30C30FCC0C04060202030101818080C0404060203F8421084210842108421F81851
:409FC000182C246446C3FFFFF0C6313CFE83031F638383C7798040201009C5FB0D0281C0E0506C75F01E3FB0580804020180619F800180C06031D9FD8783C1E0F068363987
:40A00000F40E0FC61902FFFFEC01807087C00F8C440203F7F84020100804020100801FCDF611846108C3E100600FE40F0340DFC0808080808CBFC3818181818181810C30A1
:40A0400000FFF0C30C30C30C30060C0007EFC183060C183060C1838DF8C06030180C1E1B1998D87E39984C360CF008040201008040201008040201887C99BEFCCF33CCF3FB
:40A080003CCF33CCF3308CBFC3818181818181811C0FC61B02C0F03C0906638F809C5FB0D0281C0E0506C75F20100804001C9F58783C1E0F0683639EC06030180C8FBEA04A
:40A0C000C08080808080801E3FD84C03C0780601E19F80180601807EFF8601806018060180610FC0C1E0F0783C1E0D0683639E40C0F0241986210CC120581C0300C03C62FB
:40A100004624666F66B669429439431C40B08CC2C1C06058666160C0C0F0241986210CC120680E0300C020183C007FBFC0C0C040606060607FC00F18101010101810E01065
:40A140001810101010180FFFFFFFFFFFE03060C183060C061060C183060CF030A6F1C000000001010C0000000100030D0C04F400060006060C03F4000B00080D0C02F40002
:40A18000180008110C02F20029000A0D0C01F4003A000A0D0C01F4004B0002060C05F4004D0005110C04F300580006110C02F300650008090C02F6006E0008090C02F600B0
:40A1C000770004070C04FE007B0008010C02FA007C0003030C04FE007E0008110C02F3008F00090D0C01F4009E00080C0C02F500AA00090D0C01F400B900090D0C01F4002F
:40A20000C8000A0C0C01F500D700090C0C01F500E500090D0C01F400F400090C0C01F5000201090D0C01F4001101090D0C01F4002001030A0C04F7002401040E0C04F70093
:40A240002B01080B0C02F500360108050C02F8003B01070B0C02F5004501070D0C02F40051010A0F0C01F50064010A0D0C01F4007501090D0C02F40084010A0D0C01F40090
:40A280009501090D0C02F400A401080D0C02F400B101080D0C03F400BE01090D0C01F400CD01080D0C02F400DA01080D0C02F400E701080D0C02F400F401090D0C02F400B1
:40A2C0000302080D0C03F4001002090D0C01F4001F02080D0C02F4002C020A0D0C01F4003D02090D0C02F4004C020A100C01F4006002090D0C02F4006F020A0D0C01F400D7
:40A3000080020A0D0C01F4009102080D0C02F4009E020A0D0C01F400AF020C0D0C00F400C3020A0D0C01F400D4020A0D0C01F400E5020A0D0C01F400F60206110C04F3007B
:40A34000030308110C02F300140305110C02F3001F0308070C02F40026030A020C010200290304040C03F2002B03080A0C02F7003503090E0C02F3004503090A0C02F700EE
:40A380005103090E0C01F30061030A0A0C01F7006E03090E0C02F3007E030A0E0C01F7009003080E0C02F3009E03060E0C02F300A90307120C01F300B903090E0C02F30097
:40A3C000C903090E0C02F300D9030A0A0C01F700E603080A0C02F700F0030A0A0C01F700FD03090E0C02F7000D04090E0C01F7001D04080A0C03F7002704090A0C01F700B7
:40A4000033040A0D0C01F4004404090A0C01F70050040A0A0C01F7005D040C0A0C00F7006C04090A0C01F70078040A0E0C01F7008A04090A0C01F700960408110C02F30010
:40A44000A70402140C05F200AC0407110C02F300BB0409030C01F900A09C030060A10300207E19000066666666666007F6E7E7E3C3C3C3434211846118447FCC4310C423D3
:40A480003FF23088220886200C0300C0303F98760180700F00F00E00C0340FEE3F0300C0300C00781CC3846844848CD878000001F1B1321621C2183301E00C00F80CC06257
:40A4C00003301980F80300383361B18986CC3C60E1CFE7E6FFFF0C610C618C30C30C30C30C1860C1870CC1830C1860C30C30C30C30C618C318C00C0300C3337F8781E04803
:40A500003318600C0300C0300C3FF0C0300C0300C02FF7132E80FFC06FF700C02018060300C02018060100C03018060100C03008060180C0003F1CE61B03C0F03CC639CC07
:40A54000703C0F03619CE3F00E1F80601806018060180601806018063FFFFC3F38E81802008060180C070381C0E0703FFFFC1F8F39038030060183E07801C00C0180340793
:40A58000E38FE00180380680680C8188308308608FFFFFF00800800800803FE7FCC0180300440FF10700600C0180340FE78FE01F873981300C018037E7CEE0D80B01E02644
:40A5C0000CE307C0FFFFF80200C030040180300C0180300601803006003F1C660D0340D82390FC63B0380601C0F873F03E1CEC1B0380F03C0F9F3EC0300C0381B9C7E06F3E
:40A60000F700006FF76FF700002FF7132E800181838307060300C0380601C03008FFC000000000000FFC80C070180E0303061C38E0C0807CFF83030303060C181010000070
:40A640003838380781CE302603603403C1FC73C43CC3CC3C7D4394006003001820FC0600F00F009019819810830C30C3FE606606607C03C030FF987B03606C0D833FC7FCA1
:40A68000C0D80F01E03C0DFFBFC00707F9C3B00C0180300600C0180300600E00C0CF78FCFF187307606C0780F01E03C0780F03E06C1DFF3F80FFE030180C0603FDFEC06005
:40A6C00030180C07FFFEFFF00C0300C0300FF3FCC0300C0300C0300C000381FE386700600600C00C00C1FC1FE036036033033FF0FCC0F03C0F03C0F03FFFFFC0F03C0F0329
:40A70000C0F03C0CFFC300C0300C0300C0300C0300C0300C3FFFFC7FC0300C0300C0300C0300C0300C06C1BDE3F0C0EC18C38C30C60CC0DE0F60F30E38C18C1CC0CC06C045
:40A7400070C0300C0300C0300C0300C0300C0300C03FFFFCC0F87E1E85B36CDD2779DE731CC701C0701C04E0F83F0FC3D8F63CCF33C6F1BC3F0FC1F07C0C0701F830C6068D
:40A78000606C03C03C03C03C03C0360760670E3FC1F8FF983B03E03C0780F037FCFF180300600C018030000701F830C606606C03C03C03C03C03C0360760670E39C1F8069D
:40A7C000003001F00FFF983B03603C0781B077FCC618630C60CC1D81B0380E07F183600C01C01C01F00F80780300300781BEF1F8FFF06006006006006006006006006006F5
:40A8000000600600600600C0F03C0F03C0F03C0F03C0F03C0F03E1DFE3F0C0360260660630630C30C10C1981981980D00F00F00600E00D803601980663198E667999E626EF
:40A8400098D343CD0F3C3C70E1C3870060730C30C1981980F00700600F019819830C30C606E070C0360660630C30C1981980F00700600600600600600600FFE0180600C074
:40A88000300C038060180700C0300C01FFFFF8FF83060C183060C183060C183060C18307FFE0C018060080300C010060180300C010060180200C030060180200C0FE0C180B
:40A8C0003060C183060C183060C183060C1FFFE018183C24266642C3C3FFF0C71C71000E1FEE1C0300C7F78F03C0F03E7DFBC0180300600C018C37E78EC0D81F01E03C0704
:40A9000081B0379CDF000707F9C3700C0180300600C00C09E78FC000600C018030061CCFF987606C0F01E03C06C0D839DF1F600E07F183606C07FFFFFE00C01C01C70FC0A6
:40A9400003F07E0C00C00C00C0FFC0C00C00C00C00C00C00C00C00C00C001C07FD8660CC19831861F8401801C01FFC0700E01F0E7F80C0300C0300C031CDFBC7E0F03C0F53
:40A9800003C0F03C0F03C0C0060706000000FE060606060606060606060301C0C0000001FC06030180C06030180C06030180C066F7E0C0180300600C018070360CC318C3AB
:40A9C000386F0F31C3303606C060FC1F80300600C0180300600C0180300600C01803007207E00C6FFFE73C63C63C63C63C63C63C63C63C630737EF1F83C0F03C0F03C0F00D
:40AA00003C0F030701FC30E606606C03C03E0360660639C1F8061BF3C7606C0F80F01E03C0D81BCE6F8C0180300600C0000E07FCC3B0360780F01E03606C1CEF8FB0060072
:40AA4000C01803006003F3ED83C0E0300C0300C0300C03001C1FF60B00601F01F80700E03F1CFE180300600C0FFC300600C0180300600C01803CC3F8C0F03C0F03C0F03CF2
:40AA80000F03C1FDF7CCE0360660630C30C1881980980F00F00600C30D8C363899E6679992634D0F343CF0F1C1870030630C1980D00F00600F019830C30CE070E03606208C
:40AAC000630430C18C1980D80D00700700600600C07807007FC060381C06030180C0603FFFFC038706030180C06030181838060180C06030180C0601F038FFFFFFFFFFFF11
:40AB0000F01E030180C06030180C0300E0C0C06030180C06031F8E00005E1CFE0E000000000001010E000000010004100E05F100090008080E03F10011000A0F0E02F2004C
:40AB400024000A150E02EF003F000C0F0E01F20056000D100E01F100700002080E06F100720006150E05F000820006150E03F00092000A0A0E02F4009F000A0B0E02F400B6
:40AB8000AD0004090E05FD00B2000A010E02F900B40004040E05FD00B6000A150E02F000D1000A0F0E02F200E4000A0F0E02F200F7000A0F0E02F2000A010B0F0E01F20041
:40ABC0001F010C0F0E01F20036010B0F0E01F2004B010B0F0E02F20060010B0F0E02F20075010A0F0E02F20088010A0F0E02F2009B01040C0E05F500A10104110E05F5003A
:40AC0000AA01090D0E03F300B9010A070E02F600C201080D0E03F300CF0108100E03F100DF010C120E01F200FA010C0F0E01F20011020B0F0E02F20026020B100E02F1002F
:40AC40003C020B0F0E02F2005102090F0E03F20062020A0F0E03F20075020C100E01F1008D020A0F0E02F200A0020A0F0E02F200B3020A0F0E02F200C6020C0F0E02F200DD
:40AC8000DD020A0F0E03F200F0020A0F0E02F20003030A0F0E02F20016030C100E01F1002E030B0F0E02F20043030C140E01F10061030B0F0E02F20076030B100E02F1006E
:40ACC0008C030C0F0E01F200A3030A0F0E02F200B6030C0F0E01F200CD030E0F0E00F200E8030C0F0E01F200FF030C0F0E01F20016040B0F0E02F2002B0407150E05F0007D
:40AD00003E040A150E02F000590407150E02F0006C0408090E03F10075040C010E010300770405050E04EF007B040A0C0E02F5008A040B110E02F000A2040B0C0E02F50092
:40AD4000B3040B110E01F000CB040B0C0E02F500DC040C110E02F000F6040B110E02F5000E050A110E02F000240508110E02F000350509160E01F0004E050B110E02F000C7
:40AD800066050B110E02F0007E050C0C0E01F50090050A0C0E02F5009F050C0C0E01F500B1050B110E02F500C9050B110E01F500E1050A0C0E03F500F0050A0C0E02F50026
:40ADC000FF050B0F0E02F20014060A0B0E02F60022060C0B0E01F60033060E0B0E00F60047060C0B0E01F60058060C100E01F60070060A0B0E02F6007E0609150E03F00048
:40AE0000960602180E06EF009C0609150E02F000B4060A040E02F70064A4030020AB0300207E1E000066666664444004EFE0E3F1F8FC763B0D84C208C118630C4188FFDF85
:40AE4000F884118233FFFFF3104208410823000600C0180383FCE1D803007007807C01E00E00C01B07FFC7F0180300600C00780B307863218886421A0CC01E0000F02661C2
:40AE8000908C43630F042C19803C0F007E03180C603180CC016007003C1DF06661B0CCC3B3078E0F1EEF3F18FFF6DA040C30C30618306183060C18303060C0C18181818047
:40AEC00041C18181818306060C183060C1830C1860C30C300004008010421F5E3F0380D8198630830004008010020041FFC10020040080100073DEF18CCEC0FFE0EFFE0011
:40AF0000C06018040300C06018060300C06018060300C03018060300C030000407F1C7306C0780F01E73CE79CF01E03C06C0D831DE1F000E07C0180300600C0180300600D6
:40AF4000C0180300600C3FFFFF040FF38760600C018030060180701C0701C0701C07FFFFE00603FC78E20600700700603C0F007C006003003003607F9E1FC000C00E00F044
:40AF80000D80EC066063061860C7063FFFFFF00C00600300183FE3FE3003003003003FC38E007003003003003407FBE3FC0201FC38E700600E00C00C78DFCE06C06C03C00D
:40AFC000360660639C1F80FFFFFE00C00C0180300300600600600E00C00C00C00C00C00603F870C60660660660438C1F837C60EC06C06C07C0671E3F800C07F1C7606C07F2
:40B0000080F01E03E1EFEC71803006019077BC7F00EFFE00000EFFE073DEE00000039EF78C667600004030381C1C0E0E0300E00E01C01C03803004FFE00000000000003FAF
:40B04000F88040380E01C0700E03038387070E0602007F7BD06030181C0C0C0C0C060000004070781C0007C0E38C0C403601A00D01F87FC71E30F1078C7C7EA0C1800C0000
:40B080003000C083FC070007003801601B00D806606303181861830FF87FE603301980F803C018FC1FF30F606C0D81B067F8FF983B03E03C0780F037FEFF000F81FE38763E
:40B0C00000E00C00C00C00C00C00C00C00E006007033FF0FC0FC0FF8C1CC0EC06C07C03C03C03C03C03C07C06C0EC1CFF8FF00FFFFFC0300C0300C03FEFFB00C0300C0306E
:40B100000C03FFFFC0FFFFFF80700E01C0380700FF9FF380700E01C0380700E00007C0FF8E0C6006003003801C00E1FF0FF806C03601B80CE063FE0FE0C0780F01E03C0700
:40B1400080F01FFFFFF80F01E03C0780F01E03C060FFFFFC180300600C0180300600C0180300600C0187FFFFE07FEFFC0380700E01C0380700E01C0380700E81B033FC3F7A
:40B1800000E037033831C30E387383981DC0FB079C3C61C38E0C7073819C06E038E01C0380700E01C0380700E01C0380700E01C03807FFFFE0C07C1F83F05F1BE3747EDB12
:40B1C000DB794F39E73C4780F01E03C060E07C0FC1F83D87B0F71E63C678CF0DE1BC1F83F03E07C0600F80FF0E18E06603301F807803C01E00F807C03603B018C1C7FC0F22
:40B20000C0FC1FF307607C0780F03E06C3DFE300600C0180300600C0000F80FF0E18E06603301F807803C01E00F807C03603B018C1C7BC0FC01800E003F00F80FC1FF307B3
:40B24000606C0F81F0360EFF9FE318618C3183307606C0E01F83FC706600E006007003E00F803C00E007007807C06FFE3F80FFFFFFC0C006003001800C006003001800C073
:40B2800006003001800C00600300C0780F01E03C0780F01E03C0780F01E03C07C0D83BFE3F80C01F00D80CC067031838C1860C1860C606301980D806C01E00E00700E0074A
:40B2C000C00D803B007600CC7198E331C632CC6D98DB31B3C367878F0F1E0E1C1C38603B818C1830C18C06603600E007003C03601B818C1C30C18C06E038C01B00D80C6097
:40B3000063060C306301980D803C01C006003001800C00600300FFFFFF00600C01C0180300700600C0180180300600E00FFFFFF0FF02040810204081020408102040810296
:40B3400004081FC0C0300C0180600C0300C018060080300C018060180300C01006018030FF0303030303030303030303030303030303030303FF1C0E0586C321198CC3C1DD
:40B38000E040FFFFFF471C61840707F9C320300607CFFB83C0780F03BBF7E6C00C00C00C00C00C70DFCF0EE06C07C07C03C03C07C06E0EFFCDF80781FE386600E00C00C0DD
:40B3C0000C00C00E007023DF1FC000600C0180300618CFDB8FE0780F01E03C0780F01F077FE7EC0703FC70E606C03C03FFFC00C00C0060239E1FC007F0E21C018018018004
:40B40000FFC1801801801801801801801801801801800C03FF71860C60C60C60C3B83F06004007F03FF403C03C03E077FC0F00C0180300600C018633F6C7E0780F01E03C5C
:40B440000780F01E03C0780C0703C0C0000003FC06030180C06030180C060301800380F01800000007F8060180601806018060180601806018060191CFF060C00C00C00C09
:40B4800000C00C02C0CC18C30C60CC0DE0F70E30C18C1CC0CC07FC0FC00C00C00C00C00C00C00C00C00C00C00C00C00C00E007603F0C66F7FDE7C63E31F18F8C7C63E31F6D
:40B4C00018F8C7C63E31800319FB63F03C0780F01E03C0780F01E03C060E03F871CE06C06C07C03C03C07C06E0E7BC1F80070DFCF0EE06C07C07C03C03C07C06E0EFFCDF12
:40B500008C00C00C00C00C000C07EDC7F03C0780F01E03C0780F83BFF3F600C0180300600C03B3FD8BC0E0300C0300C0300C0300C0000E07FD83300600F00FE01F00600F8F
:40B5400001FC73FC080180180180FFE1801801801801801801801800C00F307FC0780F01E03C0780F01E03C0FC3DFDBF30E01B018C0C60C3060C306301980D806C01C00EDE
:40B5800000C186C70D8E1314662CCCD98DB31B24347868F071E0E1C0E0E70C3181B80F00E00E01B031871C60EC07E01B018C0C6041860C306301980C803C01E00600300328
:40B5C00000180B8078007FE00E01C0380700600C0180300700FFFFFF07C3008020080200802008060F03E0180200802008020080200E01F0FFFFFFFFFFFFC0F00C030180F1
:40B60000C06030180C0601E0F0C06030180C060301838780782DCF0F20000000000001010F000000010004110F06F0000A0009080F03F00013000B110F02F0002B000B164F
:40B640000F02EE004A000E100F01F10066000E110F01F000840003080F06F000870007170F05EE009C0007170F03EE00B1000B0B0F02F300C1000B0B0F02F300D100050963
:40B680000F05FD00D7000B010F02F800D90004040F06FD00DB000A160F03EF00F7000B110F02F0000F010B100F02F10025010B110F02F0003D010C110F01F00057010D104A
:40B6C0000F01F10071010C100F01F10089010C110F02F000A3010C100F02F100BB010C110F02F000D5010B110F02F000ED01040D0F06F400F40105120F05F40000020A0F4C
:40B700000F03F10013020B070F02F5001D02090F0F03F1002E0209110F03F00042020D140F01F10063020D110F01F0007F020B110F03F00097020C110F02F000B1020C1144
:40B740000F02F000CB020A110F03F000E1020B110F03F000F9020D110F01F00015030B110F02F0002D030B110F02F00045030B110F02F0005D030D110F02F00079030B11C6
:40B780000F03F00091030B110F02F000A9030B110F02F000C1030D110F01F000DD030B110F03F000F5030D150F01F00018040B110F03F00030040C110F02F0004A040D111B
:40B7C0000F01F00066040B110F02F0007E040D110F01F0009A040F110F00F000BA040D110F01F000D6040D110F01F000F2040C110F02F0000C0507160F06EF0020050A1606
:40B800000F03EF003C0508160F02EF005205090A0F03F0005E050C020F020300610505060F04ED0065050B0D0F02F40077050C120F02EF0092050C0D0F02F400A6050B12A8
:40B840000F02EF00BF050C0D0F02F400D3050C120F03EF00EE050C130F02F4000B060B120F02EF00240609120F02EF0039060A180F01EF0057060C120F03EF0072060C12F3
:40B880000F02EF008D060D0D0F01F400A3060B0D0F02F400B5060C0D0F02F400C9060C120F02F400E4060B120F02F400FD060A0D0F04F4000E070B0D0F02F40020070C10A4
:40B8C0000F02F10038070B0C0F02F50049070D0C0F01F5005D070F0C0F00F50074070C0C0F02F50086070D110F01F500A2070C0C0F02F500B4070A160F03EF00D00702191B
:40B900000F07EE00D70709160F03EF00F0070B040F02F70024AE03001CB60300207E200000666666666666006FF7E3F1F8FC7C3E1F0D86C1000C60840840840847FF7FF156
:40B940008C18C10C108FFF1083083183183182180200200200200F83FE7076006007003C01F007C00E007003403E077FE1F80200200200201800F80B183E10C823104431DE
:40B980009063007C00006003F06C61986630D861E0C2C0CC00F00F803300630186030C073006C00F001C0E7C19D83718EC39983F383C307C7FDE7F18FFFFB6C0061C71C3EC
:40B9C0000C1870C183060C183060C1C183830307070440E030181C0C0606060703030303030606060E0C181830E040020060060861F6F3FC0F00F01D818C30C20606006077
:40BA0000060060060FFFFFF06006006006006039F7CF0C318CE100FFFFFF7FFF00E0180300C0180700C0180600C0180600C0300600C0300600C03006018030000F00FE0C0B
:40BA400038C0C603601B00D8C6C73639F18D806C03701981CE0C3FC0FC000603E07E0060060060060060060060060060060060060060FFFFFF1F07FCE0E406006006006090
:40BA80000600C01C0180300601C0380700FFFFFF0F07FCE0E40600700700601C0F80FC00E007003003803C07FFE3F8006003801E00F803601980C607181860C186063FFF02
:40BAC000FFFC0180060018006001803FE7FE7006006006006007F87FE207003003003003807C06FFE3F807C0FF8F0C6006003003801870CFE7C3B80D807C03B01D80CE0E5A
:40BB00003DE07E00FFFFFFC00C00C00C006006003003001801C00C006003003801C00E0070000F81FE0C18C0E6033019C1870C1FC1FE183980EC03601F00DC067CE1FE002B
:40BB40000F03FC70EE06C07C03C03C03E077FF3F300300300700640EFFC3F07FFF0000007FFF39E79E00000000039F7CF0C318CE1000201C0701C0E0381C0700E00F0070D3
:40BB800007803803C01801FFFFFF000000000000FFFFFF80300E00E01C01C0380301C0E0F07078380C02001E1FEE3D0300C0301C0E070380C0300C000000301E0781C007D3
:40BBC000F070E3818C03600D803401F03FC38F1C3C60F183C71D0FB60818003000C0018083FE03E003800F001E003600CC019803180C3018603060E0C1FF83FF8E0318060A
:40BC0000300EE00D801CFF0FFCC0EC06C06C06C0CC7CFF0FFEC06C07C03C03C07C0EFFCFF00FE0FFCE0CE006007003001800C006003001800E003001C047031FF07F00FF7B
:40BC400007FE3839C0EE03701F807C03E01F00F807C03E03F01B81DC1CFFC7F800FFEFFEC00C00C00C00C00C00FFCFFCC00C00C00C00C00C00FFFFFFFFFFFF00600C018069
:40BC8000300600FF9FF300600C0180300600C0180007F07FE3C18C0070018006001800E00383F60FD807601DC07301CF071FF81FC0C03C03C03C03C03C03C03C03FFFFFF4D
:40BCC000C03C03C03C03C03C03C03C03FFFFFC300600C0180300600C0180300600C018030060FFFFFC3FF3FF007007007007007007007007007007007006406E0E7FC3F8F5
:40BD0000C076073031830C386383381BC0DE079838E1C30C1C606303980CC07601C0C0180300600C0180300600C0180300600C0180300600FFFFFCE03E07F07F05F0DD8FD8
:40BD4000D8BD9BCDBCD3CF3C73C63C03C03C03C03C03E03F03F03F83D83DC3CC3CE3C63C73C33C3BC1BC1FC0FC0FC07C070FC07FC3831C0E6019807E00F803E00F803E00E9
:40BD8000F803601D8067038E0C1FF03F00FF8FFCC0EC07C03C03C07C07C0EFFCFF0C00C00C00C00C00C00C000FC07FC3831C0E6019807E00F803E00F803E00F803601D80CB
:40BDC00067038E0C1FF03F0038006001F401F0FF8FFCC0EC06C07C07C06C0EC7CFF8C70C30C38C1CC0CC0EC06C071FC1FF9C0CC006003001E007C01F801F003C00600380EF
:40BE00001D00FC0E7FE1FE00FFFFFFF03000C003000C003000C003000C003000C003000C003000C003000C00C03C03C03C03C03C03C03C03C03C03C03C03E03E036077069C
:40BE40003FE1FCE00D807601DC063018C0E383060C18706180C603180CC03B006C01E007800E00E003600360076007600771C671C673C633C633663366366E366C363C36F2
:40BE80003C1C3C1C3C1C1C701CC0E383061C1C6033006C01E003801E007C03300CE06181870C0E701B8070E00D8077018C0E383061C1C603380EC01E003800C003000C0057
:40BEC0003000C003000C007FFBFFC01C00C00E00E006006007003003003801801801C00C00FFFFFFC0FFC0C0C0C0C0C0C0C0C0C0C0C0C0C0C0C0C0C0C0C0C0FFC01801802E
:40BF0000300300600C00C0180300300600600C0180180300700600C00C018038FE0C183060C183060C183060C183060C183060FF800E0781A06C330C66198660F030FFFFBD
:40BF4000FFC063C3060C0303FC70E4070030030FF3C3603E03C03E077FF3F3C00C00C00C00C00C00C70DFCF9EE06C06C07C07C07C07C07C06E0EFFC9F80380FF0F1CE026E1
:40BF8000007003801C00E007001800E023FF87F00030030030030030030433FB79F607E03C03C03C03C03C03E0360F7FF3F30700FE0E1CC06E03600FFFFFFFC00600380048
:40BFC000E023FF0FF001F03FC3821800C00600301FFCFFE06003001800C006003001800C0060030018000600FFE30F981860618186061C383FC1BC060018007FC0FFE60380
:40C00000B007C01B00E7FF0FF0C0180300600C018031C6FEF9FC0F01E03C0780F01E03C0780F01E0300101C0E030000001FFFF80C06030180C06030180C060300101C0E07A
:40C0400030000001FFFF80C06030180C06030180C06030180C0F06FF3E00C006003001800C00600300580CC0C60C30C19C0DE07F83CE1C30C0C607301D8070FE07F001809B
:40C080000C006003001800C006003001800C006003001800C006003001FC07F00C67F7F9EF8E3C61E30F1878C3C61E30F1878C3C61E30C0713FBE7F03C0780F01E03C078B3
:40C0C0000F01E03C0780C00701FE1E38C0EE03601F00F807C03E01F80CE0E3FE0FC0070DFCF9EE06C06C07C07C07C07C07C06E0EFFCDF8C00C00C00C00C00C000403FB791A
:40C10000F607E03C03C03C03C03C03E0360F7FB3F300300300300300300301D9FF79780E01C0300600C0180300600C0180000703FE7076026007003F00FE00F003003C03A5
:40C14000FCF3FC0C006003001800C07FFBFFC1800C006003001800C006003001C007F81FC0C03C03C03C03C03C03C03C03C03E07E0F7FB3F30E00D8063018C0C383060C183
:40C180008603180CC01B006C01E00380E18361C361C363C66346736633663266366C363C1E3C1C3C1C3CE073830E303380D807801C01E01981C60C38C0EE0380E00D8063B9
:40C1C000018C0E183060C0C603180E601B006C00E003800C003001C00E01F00700007FF3FF803803803801801801801C01C01C01FFFFFF8007E1C0300600C0180300600C66
:40C200000180E07801C0180300600C0180300600C01C01F8FFFFFFFFFFFFFFF80300C010040300C0300C03007807060300C0300C030040100C070F803C17E3C3EC1C00000D
:40C240000000010110000000010004121006EF000A0009091004EE0015000C121002EF0030000C181002EC0054000F121001EF0076000F121001EF00980003091007EE0037
:40C280009C0007191006ED00B20008191003ED00CB000C0C1002F200DD000C0C1002F200EF00060A1005FD00F7000C021002F700FA0004041006FD00FC000B171003EE00B9
:40C2C0001C010D121002EF003A010C121003EF0055010C121002EF0070010C121002EF008B010E121001EF00AB010C121002EF00C6010D121002EF00E4010D121002EF003E
:40C3000002020D121002EF0020020C121002EF003B02040E1006F300420206141005F30051020B101003F00067020C081002F40073020A101003F00087020A131003EE00AD
:40C340009F020E151001F000C4020F121001EF00E6020C121003EF0001030D121002EF001F030D121002EF003D030C121003EF0058030B121004EF0071030E121001EF0034
:40C3800091030C121002EF00AC030B121003EF00C5030C121002EF00E0030D121003EF00FE030B121004EF0017040C121002EF0032040C121002EF004D040E121001EF00F0
:40C3C0006D040C121003EF0088040E161001EF00AF040C121003EF00CA040D121002EF00E8040E121001EF0008050C121002EF0023050E121001EF00430510121000EF0052
:40C4000067050E121001EF0087050E121001EF00A7050D121002EF00C50508171006EE00DC050B171003EE00FC0507171003EE0011060A0A1003EF001E060D021002030072
:40C44000220606051004EC0026060C0E1002F3003B060C141003ED0059060D0E1002F30070060C141002ED008E060D0E1002F300A5060D141003ED00C6060E141002F30056
:40C48000E9060B141003ED00050709141002ED001C07091A1002ED003A070D141003ED005B070D141002ED007C070D0E1002F30093070B0E1003F300A7070D0E1002F300F3
:40C4C000BE070C141003F300DC070C141002F300FA070B0E1004F3000E080C0E1002F30023080D121002EF0041080C0D1002F40055080E0D1001F4006C08100D1000F4002E
:40C5000086080D0D1002F4009C080E131001F400BE080D0D1002F400D4080B171003EE00F408021C1007EC00FB080A171003EE0018090C041002F60020B9030040C2030042
:40C54000207E220053313D002020534554204C4556455253200000002020534554204652455453202000000048C5030058C5030000000000202053544F52455F5052455357
:40C5800045542000202043414C4942524154494F4E000000202053455454494E475320202000000074C5030084C5030094C503000000000020205452414E53504F53452046
:40C5C0002000000020204F435441564520414354494F4E002020444541445A4F4E455320202020002020534C4944455220524550522000002020504544414C2053554D2087
:40C600002020000020204D4944492053454E4420200000002020564F4C554D45202020202020000020204649524D57415245205550445400B4C50300C4C50300D4C5030057
:40C64000E4C50300F4C5030004C6030014C6030024C6030000000000202053544F524520505245534554202020000000202043414C4942524154494F4E2020202020000093
:40C68000202053455454494E47532020202020202000000056414C5545204B4E4F422053455453005452414E53504F534954494F4E2020004F435441564520414354494F34
:40C6C0004E2020004F4E204E455854204E4F544520202000494D4D454449415445202020202020004C4556455220444541445A4F4E45530053455420574849434820202091
:40C7000020202000535452494E475320534C494445525300524550524553454E5428312D31302900504544414C2053554D204D4F44453A0053494D504C4520414444202084
:40C7400020202000545241444954494F4E414C202020200053454E44204D49444920200053454E44204241522020200053454E44204445425547200042454E442052414E87
:40C7800047452000564F4C554D4520202020000055504441544520425241494E000000004E4F572050555420414C4C00504544414C532F4C4556455253202000494E20521E
:40C7C000455354494E4720535441544500000000414E442050524553532045444954000053454C4543542044455354004C4F434154494F4E205448454E20000050555348F0
:40C80000202D3E20000000005553452056414C5545204B4E4F420000544F20435245415445204E414D4500002020202020202020202020202020200043414C49425241549F
:40C84000494F4E004D4F564520414C4C20504544414C5300414E44204C455645525300005448454E205052455353202D3E000000504C41434520424152204154200000006F
:40C88000465245542000000020000000413A2000423A2000583A2000593A20000043014080000000105101400000004806000052004008000048070018520040100000488C
:40C8C00007002052004018000048070020450040200000480800285200402800004807006045004030000048080078520040380000480700784500404000004808000051FE
:40C900000140480000480800205B00405000004808000000014058000048800080000140D800004880000002014058010048800080020140D801004880000004014058029A
:40C940000048800080040140D802004880000006014058030048800080060140D803004880000008014058040048800080080140D80400488000000A01405805004880006A
:40C98000800A0140D80500488000000C0140580600488000800C0140D80600488000000E0140580700488000800E0140D807004880000014014058080048800080140140E3
:40C9C000D808004880000016014058090048800080160140D8090048800000180140580A0048800080180140D80A00488000001A0140580B00488000801A0140D80B0048FD
:40CA0000800000640040580C0048400070640040980C0048200070650040B80C0048200010500140D80C0048100000500140E80C00481000004D0140F80C00488000804DA4
:40CA40000140780D00488000004C0140F80D00488000804C0140780E0048800000470140F80E0048800080470140780F0048800000460140F80F00488000804601407810E1
:40CA80000048800000450140F810004880008045014078110048800000440140F8110048800080440140781200488000001B0140F81200488000801B0140781300488000F7
:40CAC00000150140F813004880008015014078140048800000190140F814004880008019014078150048800000170140F815004880008017014078160048800000090140E1
:40CB0000F816004880008009014078170048800000070140F8170048800080070140781800488000000B0140F81800488000800B014078190048800000050140F8190048D7
:40CB4000800080050140781A00488000000D0140F81A00488000800D0140781B0048800000030140F81B0048800080030140781C00488000000F0140F81C00488000800FCA
:40CB80000140781D0048800000010140F81D0048800080010140781E0048800000490140F81E0048800080490140781F0048800000480140F81F00488000804801407820BE
:40CBC0000048800080430140F820004880000042014078210048800080420140F821004880000041014078220048800080410140F822004880000040014078230048800015
:40CC000080400140F823004880000000303132333435363738394142434445460000000000FF0100010000FFFF0000010001FF001201000200000008B40401080300070581
:40CC40008001000009026500020101C03209040000000101000309240100010900010109040100020103000407240100012500062402010100062402020200092403010385
:40CC8000010201000924030204010101000905810240000000000525010103090502024000000000052501010100000004030904360353006E007900640065007200700086
:40CCC00068006F006E00690063007300200045006C0065006300740072006F0073007400650065006C00120355005300420020004D0049004400490024034D004900440062
:40CD00004900200043006F006E00740072006F006C00200049006E007400660028034D004900440049002000530074007200650061006D0069006E006700200049006E0009
:40CD4000740066001A0345006C0065006300740072006F0073007400650065006C001A0345006C0065006300740072006F0073007400650065006C001C0353006E00790070
:40CD8000640065007200700068006F006E0069006300730004033A00000000000203000001008102400001000100020240000100010100000100000044CC030002000000DB
:40CDC000A0CD03000000000000000000000000000000000000000000B0CD03000100000030CC0300000000000000000001000000B4CD030001000000DCCD03006C6F676669
:40CE000000000000706F776600000000737172746600000000000000000000000000304300000000000030C34300494E4600696E66004E414E006E616E003000496E666973
:40CE40006E697479004E614E00504F534958002E0000000000000000000000000000F03F000000000000244000000000000059400000000000408F40000000000088C3406A
:40CE800000000000006AF8400000000080842E4100000000D01263410000000084D797410000000065CDCD41000000205FA00242000000E876483742000000A2941A6D42E3
:40CEC000000040E59C30A2420000901EC4BCD64200003426F56B0C430080E03779C3414300A0D8855734764300C84E676DC1AB43003D9160E458E143408CB5781DAF154431
:40CF000050EFE2D6E41A4B4492D54D06CFF08044F64AE1C7022DB544B49DD9794378EA4405000000190000007D000000000000000080E03779C34143176E05B5B5B893461D
:40CF4000F5F93FE9034F384D321D30F94877825A3CBF737FDD4F1575F8B500BFF8BC08BC9E4670474D0000001D8F0000F8B500BFF8BC08BC9E4670472900000090CF03008C
:40CF8000C880FF1F08020000A067000000000000000000000100000003080A000500000000010000000100000000803F000000400000803F050005010502050305040000FC
:40CFC000010003000400020005050600830A010999090E029A0E0309C60B8E08E90A2605ED0A6509140A87020E0F9D09450C3109760BE005830A010999090E029A0E0309D8
:40D00000C60B8E08E90A2605ED0A6509140A87020E0F9D09450C3109760BE0053300FF0FFF000000000000000000803F000040400000A0400000E04000001041000040415A
:40D040000000704100008841000098410000A8410000C0410000803F809C873FF537983F01DCAA3F85C8BF3FF244D73F00000040F537184001DC2A4085C83F40F2445740CE
:40D08000000080400100000004050607080A0903010200000001020304080907060500000000803F010101010101010101000000412020202020202020202020202003029D
:40D0C000080000000001030507090C0F1113151870EAFF1F807F00003F000000802FA604B03001004E00000000005898FFFFFFFFFFFFFFFF0101807F01000000000000007B
:40D100000000000000000000000000000000000000000000000000000000000028CE03000000000000000000000000000000000000000000000000000000000000000000F6
:40D14000000000000000000000000000000000000000000000000000000000003482FF1F4FCE030050CE030050CE030050CE030050CE030050CE030050CE030050CE0300D4
:40D1800050CE030050CE0300FFFFFFFFFFFFFFFFFFFFFFFFFFFF0000000000000000000000000000000000000000000000000000000000000000000000000000000000003B
:40D1C000000000000000000000000000000000000000000000000000000000000000000000000000000000000000000000000000000000000000000000000000000000002F
:40D2000000000000000000000000000000000000000000000000000000000000000000000000000000000000000000000000000000000000000000000000000000000000EE
:40D2400000000000000000000000000000000000000000000000000000000000000000000000000000000000000000000000000000000000000000000000000000000000AE
:40D28000000000000000000000000000000000000000000000000000000000000000000000000000000000000000000000000000000000000000000000000000000000006E
:40D2C000000000000000000000000000000000000000000000000000000000000000000000000000000000000000000000000000000000000000000000000000000000002E
:40D3000000000000000000000000000000000000000000000000000000000000000000000000000000000000000000000000000000000000000000000000000000000000ED
:40D3400000000000000000000000000000000000000000000000000000000000000000000000000000000000000000000000000000000000000000000000000000000000AD
:40D38000000000000000000000000000000000000000000000000000000000000000000000000000000000000000000000000000000000000000000000000000000000006D
:40D3C000000000000000000000000000000000000000000000000000000000000000000000000000000000000000000000000000000000000000000000000000000000002D
:40D4000000000000000000000000000000000000000000000000000000000000000000000000000000000000000000000000000000000000000000000000000000000000EC
:40D4400000000000000000000000000000000000000000000000000000000000000000000000000000000000000000000000000000000000000000000000000000000000AC
:40D48000000000000000000000000000000000000000000000000000000000000000000000000000000000000000000000000000000000000000000000000000000000006C
:40D4C000000000000000000000000000000000000000000000000000000000000000000000000000000000000000000000000000000000000000000000000000000000002C
:40D5000000000000000000000000000000000000000000000000000000000000000000000000000000000000000000000000000000000000000000000000000000000000EB
:40D5400000000000000000000000000000000000000000000000000000000000000000000000000000000000000000000000000000000000000000000000000000000000AB
:40D58000000000000000000000000000000000000000000000000000000000000000000000000000000000000000000000000000000000000000000000000000000000006B
:40D5C000000000000000000000000000000000000000000000000000000000000000000000000000000000000000000000000000000000000000000000000000000000002B
:40D6000000000000000000000000000000000000000000000000000000000000000000000000000000000000000000000000000000000000000000000000000000000000EA
:40D6400000000000000000000000000000000000000000000000000000000000000000000000000000000000000000000000000000000000000000000000000000000000AA
:40D68000000000000000000000000000000000000000000000000000000000000000000000000000000000000000000000000000000000000000000000000000000000006A
:40D6C000000000000000000000000000000000000000000000000000000000000000000000000000000000000000000000000000000000000000000000000000000000002A
:40D7000000000000000000000000000000000000000000000000000000000000000000000000000000000000000000000000000000000000000000000000000000000000E9
:40D7400000000000000000000000000000000000000000000000000000000000000000000000000000000000000000000000000000000000000000000000000000000000A9
:40D780000000000000000000000000000000000000000000000000000000000000000000000000000000000000000000000000000000000000000000000000000000000069
:40D7C0000000000000000000000000000000000000000000000000000000000000000000000000000000000000000000000000000000000000000000000000000000000029
:40D8000000000000000000000000000000000000000000000000000000000000000000000000000000000000000000000000000000000000000000000000000000000000E8
:40D8400000000000000000000000000000000000000000000000000000000000000000000000000000000000000000000000000000000000000000000000000000000000A8
:40D880000000000000000000000000000000000000000000000000000000000000000000000000000000000000000000000000000000000000000000000000000000000068
:40D8C0000000000000000000000000000000000000000000000000000000000000000000000000000000000000000000000000000000000000000000000000000000000028
:40D9000000000000000000000000000000000000000000000000000000000000000000000000000000000000000000000000000000000000000000000000000000000000E7
:40D9400000000000000000000000000000000000000000000000000000000000000000000000000000000000000000000000000000000000000000000000000000000000A7
:40D980000000000000000000000000000000000000000000000000000000000000000000000000000000000000000000000000000000000000000000000000000000000067
:40D9C0000000000000000000000000000000000000000000000000000000000000000000000000000000000000000000000000000000000000000000000000000000000027
:40DA000000000000000000000000000000000000000000000000000000000000000000000000000000000000000000000000000000000000000000000000000000000000E6
:40DA400000000000000000000000000000000000000000000000000000000000000000000000000000000000000000000000000000000000000000000000000000000000A6
:40DA80000000000000000000000000000000000000000000000000000000000000000000000000000000000000000000000000000000000000000000000000000000000066
:40DAC0000000000000000000000000000000000000000000000000000000000000000000000000000000000000000000000000000000000000000000000000000000000026
:40DB000000000000000000000000000000000000000000000000000000000000000000000000000000000000000000000000000000000000000000000000000000000000E5
:40DB400000000000000000000000000000000000000000000000000000000000000000000000000000000000000000000000000000000000000000000000000000000000A5
:40DB80000000000000000000000000000000000000000000000000000000000000000000000000000000000000000000000000000000000000000000000000000000000065
:40DBC0000000000000000000000000000000000000000000000000000000000000000000000000000000000000000000000000000000000000000000000000000000000025
:40DC000000000000000000000000000000000000000000000000000000000000000000000000000000000000000000000000000000000000000000000000000000000000E4
:40DC400000000000000000000000000000000000000000000000000000000000000000000000000000000000000000000000000000000000000000000000000000000000A4
:40DC80000000000000000000000000000000000000000000000000000000000000000000000000000000000000000000000000000000000000000000000000000000000064
:40DCC0000000000000000000000000000000000000000000000000000000000000000000000000000000000000000000000000000000000000000000000000000000000024
:40DD000000000000000000000000000000000000000000000000000000000000000000000000000000000000000000000000000000000000000000000000000000000000E3
:40DD400000000000000000000000000000000000000000000000000000000000000000000000000000000000000000000000000000000000000000000000000000000000A3
:40DD80000000000000000000000000000000000000000000000000000000000000000000000000000000000000000000000000000000000000000000000000000000000063
:40DDC0000000000000000000000000000000000000000000000000000000000000000000000000000000000000000000000000000000000000000000000000000000000023
:40DE000000000000000000000000000000000000000000000000000000000000000000000000000000000000000000000000000000000000000000000000000000000000E2
:40DE400000000000000000000000000000000000000000000000000000000000000000000000000000000000000000000000000000000000000000000000000000000000A2
:40DE80000000000000000000000000000000000000000000000000000000000000000000000000000000000000000000000000000000000000000000000000000000000062
:40DEC0000000000000000000000000000000000000000000000000000000000000000000000000000000000000000000000000000000000000000000000000000000000022
:40DF000000000000000000000000000000000000000000000000000000000000000000000000000000000000000000000000000000000000000000000000000000000000E1
:40DF400000000000000000000000000000000000000000000000000000000000000000000000000000000000000000000000000000000000000000000000000000000000A1
:40DF80000000000000000000000000000000000000000000000000000000000000000000000000000000000000000000000000000000000000000000000000000000000061
:40DFC0000000000000000000000000000000000000000000000000000000000000000000000000000000000000000000000000000000000000000000000000000000000021
:40E0000000000000000000000000000000000000000000000000000000000000000000000000000000000000000000000000000000000000000000000000000000000000E0
:40E0400000000000000000000000000000000000000000000000000000000000000000000000000000000000000000000000000000000000000000000000000000000000A0
:40E080000000000000000000000000000000000000000000000000000000000000000000000000000000000000000000000000000000000000000000000000000000000060
:40E0C0000000000000000000000000000000000000000000000000000000000000000000000000000000000000000000000000000000000000000000000000000000000020
:40E1000000000000000000000000000000000000000000000000000000000000000000000000000000000000000000000000000000000000000000000000000000000000DF
:40E14000000000000000000000000000000000000000000000000000000000000000000000000000000000000000000000000000000000000000000000000000000000009F
:40E18000000000000000000000000000000000000000000000000000000000000000000000000000000000000000000000000000000000000000000000000000000000005F
:40E1C000000000000000000000000000000000000000000000000000000000000000000000000000000000000000000000000000000000000000000000000000000000001F
:40E2000000000000000000000000000000000000000000000000000000000000000000000000000000000000000000000000000000000000000000000000000000000000DE
:40E24000000000000000000000000000000000000000000000000000000000000000000000000000000000000000000000000000000000000000000000000000000000009E
:40E28000000000000000000000000000000000000000000000000000000000000000000000000000000000000000000000000000000000000000000000000000000000005E
:40E2C000000000000000000000000000000000000000000000000000000000000000000000000000000000000000000000000000000000000000000000000000000000001E
:40E3000000000000000000000000000000000000000000000000000000000000000000000000000000000000000000000000000000000000000000000000000000000000DD
:40E34000000000000000000000000000000000000000000000000000000000000000000000000000000000000000000000000000000000000000000000000000000000009D
:40E38000000000000000000000000000000000000000000000000000000000000000000000000000000000000000000000000000000000000000000000000000000000005D
:40E3C000000000000000000000000000000000000000000000000000000000000000000000000000000000000000000000000000000000000000000000000000000000001D
:40E4000000000000000000000000000000000000000000000000000000000000000000000000000000000000000000000000000000000000000000000000000000000000DC
:40E44000000000000000000000000000000000000000000000000000000000000000000000000000000000000000000000000000000000000000000000000000000000009C
:40E48000000000000000000000000000000000000000000000000000000000000000000000000000000000000000000000000000000000000000000000000000000000005C
:40E4C000000000000000000000000000000000000000000000000000000000000000000000000000000000000000000000000000000000000000000000000000000000001C
:40E5000000000000000000000000000000000000000000000000000000000000000000000000000000000000000000000000000000000000000000000000000000000000DB
:40E54000000000000000000000000000000000000000000000000000000000000000000000000000000000000000000000000000000000000000000000000000000000009B
:40E58000000000000000000000000000000000000000000000000000000000000000000000000000000000000000000000000000000000000000000000000000000000005B
:40E5C000000000000000000000000000000000000000000000000000000000000000000000000000000000000000000000000000000000000000000000000000000000001B
:40E6000000000000000000000000000000000000000000000000000000000000000000000000000000000000000000000000000000000000000000000000000000000000DA
:40E64000000000000000000000000000000000000000000000000000000000000000000000000000000000000000000000000000000000000000000000000000000000009A
:40E68000000000000000000000000000000000000000000000000000000000000000000000000000000000000000000000000000000000000000000000000000000000005A
:40E6C000000000000000000000000000000000000000000000000000000000000000000000000000000000000000000000000000000000000000000000000000000000001A
:40E7000000000000000000000000000000000000000000000000000000000000000000000000000000000000000000000000000000000000000000000000000000000000D9
:40E740000000000000000000000000000000000000000000000000000000000000000000000000000000000000000000000000000000000000000000000000000000000099
:40E780000000000000000000000000000000000000000000000000000000000000000000000000000000000000000000000000000000000000000000000000000000000059
:40E7C0000000000000000000000000000000000000000000000000000000000000000000000000000000000000000000000000000000000000000000000000000000000019
:40E8000000000000000000000000000000000000000000000000000000000000000000000000000000000000000000000000000000000000000000000000000000000000D8
:40E840000000000000000000000000000000000000000000000000000000000000000000000000000000000000000000000000000000000000000000000000000000000098
:40E880000000000000000000000000000000000000000000000000000000000000000000000000000000000000000000000000000000000000000000000000000000000058
:40E8C0000000000000000000000000000000000000000000000000000000000000000000000000000000000000000000000000000000000000000000000000000000000018
:40E9000000000000000000000000000000000000000000000000000000000000000000000000000000000000000000000000000000000000000000000000000000000000D7
:40E940000000000000000000000000000000000000000000000000000000000000000000000000000000000000000000000000000000000000000000000000000000000097
:40E980000000000000000000000000000000000000000000000000000000000000000000000000000000000000000000000000000000000000000000000000000000000057
:40E9C0000000000000000000000000000000000000000000000000000000000000000000000000000000000000000000000000000000000000000000000000000000000017
:40EA000000000000000000000000000000000000000000000000000000000000000000000000000000000000000000000000000000000000000000000000000000000000D6
:40EA40000000000000000000000000000000000000000000000000000000000000000000000000000000000000000000000000000000000000000000000000000000000096
:40EA80000000000000000000000000000000000000000000000000000000000000000000000000000000000000000000000000000000000000000000000000000000000056
:40EAC0000000000000000000000000000000000000000000000000000000000000000000000000000000000000000000000000000000000000000000000000000000000016
:40EB000000000000000000000000000000000000000000000000000000000000000000000000000000000000000000000000000000000000000000000000000000000000D5
:40EB40000000000000000000000000000000000000000000000000000000000000000000000000000000000000000000000000000000000000000000000000000000000095
:40EB80000000000000000000000000000000000000000000000000000000000000000000000000000000000000000000000000000000000000000000000000000000000055
:40EBC0000000000000000000000000000000000000000000000000000000000000000000000000000000000000000000000000000000000000000000000000000000000015
:40EC000000000000000000000000000000000000000000000000000000000000000000000000000000000000000000000000000000000000000000000000000000000000D4
:40EC40000000000000000000000000000000000000000000000000000000000000000000000000000000000000000000000000000000000000000000000000000000000094
:40EC80000000000000000000000000000000000000000000000000000000000000000000000000000000000000000000000000000000000000000000000000000000000054
:40ECC0000000000000000000000000000000000000000000000000000000000000000000000000000000000000000000000000000000000000000000000000000000000014
:40ED000000000000000000000000000000000000000000000000000000000000000000000000000000000000000000000000000000000000000000000000000000000000D3
:40ED40000000000000000000000000000000000000000000000000000000000000000000000000000000000000000000000000000000000000000000000000000000000093
:40ED80000000000000000000000000000000000000000000000000000000000000000000000000000000000000000000000000000000000000000000000000000000000053
:40EDC0000000000000000000000000000000000000000000000000000000000000000000000000000000000000000000000000000000000000000000000000000000000013
:40EE000000000000000000000000000000000000000000000000000000000000000000000000000000000000000000000000000000000000000000000000000000000000D2
:40EE40000000000000000000000000000000000000000000000000000000000000000000000000000000000000000000000000000000000000000000000000000000000092
:40EE80000000000000000000000000000000000000000000000000000000000000000000000000000000000000000000000000000000000000000000000000000000000052
:40EEC0000000000000000000000000000000000000000000000000000000000000000000000000000000000000000000000000000000000000000000000000000000000012
:40EF000000000000000000000000000000000000000000000000000000000000000000000000000000000000000000000000000000000000000000000000000000000000D1
:40EF40000000000000000000000000000000000000000000000000000000000000000000000000000000000000000000000000000000000000000000000000000000000091
:40EF80000000000000000000000000000000000000000000000000000000000000000000000000000000000000000000000000000000000000000000000000000000000051
:40EFC0000000000000000000000000000000000000000000000000000000000000000000000000000000000000000000000000000000000000000000000000000000000011
:40F0000000000000000000000000000000000000000000000000000000000000000000000000000000000000000000000000000000000000000000000000000000000000D0
:40F040000000000000000000000000000000000000000000000000000000000000000000000000000000000000000000000000000000000000000000000000000000000090
:40F080000000000000000000000000000000000000000000000000000000000000000000000000000000000000000000000000000000000000000000000000000000000050
:40F0C0000000000000000000000000000000000000000000000000000000000000000000000000000000000000000000000000000000000000000000000000000000000010
:40F1000000000000000000000000000000000000000000000000000000000000000000000000000000000000000000000000000000000000000000000000000000000000CF
:40F14000000000000000000000000000000000000000000000000000000000000000000000000000000000000000000000000000000000000000000000000000000000008F
:40F18000000000000000000000000000000000000000000000000000000000000000000000000000000000000000000000000000000000000000000000000000000000004F
:40F1C000000000000000000000000000000000000000000000000000000000000000000000000000000000000000000000000000000000000000000000000000000000000F
:40F2000000000000000000000000000000000000000000000000000000000000000000000000000000000000000000000000000000000000000000000000000000000000CE
:40F24000000000000000000000000000000000000000000000000000000000000000000000000000000000000000000000000000000000000000000000000000000000008E
:40F28000000000000000000000000000000000000000000000000000000000000000000000000000000000000000000000000000000000000000000000000000000000004E
:40F2C000000000000000000000000000000000000000000000000000000000000000000000000000000000000000000000000000000000000000000000000000000000000E
:40F3000000000000000000000000000000000000000000000000000000000000000000000000000000000000000000000000000000000000000000000000000000000000CD
:40F34000000000000000000000000000000000000000000000000000000000000000000000000000000000000000000000000000000000000000000000000000000000008D
:40F38000000000000000000000000000000000000000000000000000000000000000000000000000000000000000000000000000000000000000000000000000000000004D
:40F3C000000000000000000000000000000000000000000000000000000000000000000000000000000000000000000000000000000000000000000000000000000000000D
:40F4000000000000000000000000000000000000000000000000000000000000000000000000000000000000000000000000000000000000000000000000000000000000CC
:40F44000000000000000000000000000000000000000000000000000000000000000000000000000000000000000000000000000000000000000000000000000000000008C
:40F48000000000000000000000000000000000000000000000000000000000000000000000000000000000000000000000000000000000000000000000000000000000004C
:40F4C000000000000000000000000000000000000000000000000000000000000000000000000000000000000000000000000000000000000000000000000000000000000C
:40F5000000000000000000000000000000000000000000000000000000000000000000000000000000000000000000000000000000000000000000000000000000000000CB
:40F54000000000000000000000000000000000000000000000000000000000000000000000000000000000000000000000000000000000000000000000000000000000008B
:40F58000000000000000000000000000000000000000000000000000000000000000000000000000000000000000000000000000000000000000000000000000000000004B
:40F5C000000000000000000000000000000000000000000000000000000000000000000000000000000000000000000000000000000000000000000000000000000000000B
:40F6000000000000000000000000000000000000000000000000000000000000000000000000000000000000000000000000000000000000000000000000000000000000CA
:40F64000000000000000000000000000000000000000000000000000000000000000000000000000000000000000000000000000000000000000000000000000000000008A
:40F68000000000000000000000000000000000000000000000000000000000000000000000000000000000000000000000000000000000000000000000000000000000004A
:40F6C000000000000000000000000000000000000000000000000000000000000000000000000000000000000000000000000000000000000000000000000000000000000A
:40F7000000000000000000000000000000000000000000000000000000000000000000000000000000000000000000000000000000000000000000000000000000000000C9
:40F740000000000000000000000000000000000000000000000000000000000000000000000000000000000000000000000000000000000000000000000000000000000089
:40F780000000000000000000000000000000000000000000000000000000000000000000000000000000000000000000000000000000000000000000000000000000000049
:40F7C0000000000000000000000000000000000000000000000000000000000000000000000000000000000000000000000000000000000000000000000000000000000009
:40F8000000000000000000000000000000000000000000000000000000000000000000000000000000000000000000000000000000000000000000000000000000000000C8
:40F840000000000000000000000000000000000000000000000000000000000000000000000000000000000000000000000000000000000000000000000000000000000088
:40F880000000000000000000000000000000000000000000000000000000000000000000000000000000000000000000000000000000000000000000000000000000000048
:40F8C0000000000000000000000000000000000000000000000000000000000000000000000000000000000000000000000000000000000000000000000000000000000008
:40F9000000000000000000000000000000000000000000000000000000000000000000000000000000000000000000000000000000000000000000000000000000000000C7
:40F940000000000000000000000000000000000000000000000000000000000000000000000000000000000000000000000000000000000000000000000000000000000087
:40F980000000000000000000000000000000000000000000000000000000000000000000000000000000000000000000000000000000000000000000000000000000000047
:40F9C0000000000000000000000000000000000000000000000000000000000000000000000000000000000000000000000000000000000000000000000000000000000007
:40FA000000000000000000000000000000000000000000000000000000000000000000000000000000000000000000000000000000000000000000000000000000000000C6
:40FA40000000000000000000000000000000000000000000000000000000000000000000000000000000000000000000000000000000000000000000000000000000000086
:40FA80000000000000000000000000000000000000000000000000000000000000000000000000000000000000000000000000000000000000000000000000000000000046
:40FAC0000000000000000000000000000000000000000000000000000000000000000000000000000000000000000000000000000000000000000000000000000000000006
:40FB000000000000000000000000000000000000000000000000000000000000000000000000000000000000000000000000000000000000000000000000000000000000C5
:40FB40000000000000000000000000000000000000000000000000000000000000000000000000000000000000000000000000000000000000000000000000000000000085
:40FB80000000000000000000000000000000000000000000000000000000000000000000000000000000000000000000000000000000000000000000000000000000000045
:40FBC0000000000000000000000000000000000000000000000000000000000000000000000000000000000000000000000000000000000000000000000000000000000005
:40FC000000000000000000000000000000000000000000000000000000000000000000000000000000000000000000000000000000000000000000000000000000000000C4
:40FC40000000000000000000000000000000000000000000000000000000000000000000000000000000000000000000000000000000000000000000000000000000000084
:40FC80000000000000000000000000000000000000000000000000000000000000000000000000000000000000000000000000000000000000000000000000000000000044
:40FCC0000000000000000000000000000000000000000000000000000000000000000000000000000000000000000000000000000000000000000000000000000000000004
:40FD000000000000000000000000000000000000000000000000000000000000000000000000000000000000000000000000000000000000000000000000000000000000C3
:40FD40000000000000000000000000000000000000000000000000000000000000000000000000000000000000000000000000000000000000000000000000000000000083
:40FD80000000000000000000000000000000000000000000000000000000000000000000000000000000000000000000000000000000000000000000000000000000000043
:40FDC0000000000000000000000000000000000000000000000000000000000000000000000000000000000000000000000000000000000000000000000000000000000003
:40FE000000000000000000000000000000000000000000000000000000000000000000000000000000000000000000000000000000000000000000000000000000000000C2
:40FE40000000000000000000000000000000000000000000000000000000000000000000000000000000000000000000000000000000000000000000000000000000000082
:40FE80000000000000000000000000000000000000000000000000000000000000000000000000000000000000000000000000000000000000000000000000000000000042
:40FEC0000000000000000000000000000000000000000000000000000000000000000000000000000000000000000000000000000000000000000000000000000000000002
:40FF000000000000000000000000000000000000000000000000000000000000000000000000000000000000000000000000000000000000000000000000000000000000C1
:40FF40000000000000000000000000000000000000000000000000000000000000000000000000000000000000000000000000000000000000000000000000000000000081
:40FF80000000000000000000000000000000000000000000000000000000000000000000000000000000000000000000000000000000000000000000000000000000000041
:40FFC0000000000000000000000000000000000000000000000000000000000000000000000000000000000000000000000000000000000000000000000000000000000001
:0200000480007A
:40000000550A0000000000000C060000000000000402000000000000000000000C000000000003030000000001010000000000000000000003000000020A000040000000E6
:400040000000000000000200AF0F00000000000000000000000000840004000000080000000100000080004000000004000000020020001000100020000200000000000106
:4000800000000008004000800000000000FF0000000000000000001000000000000000000000000000000000000000000000023D0404000D044000010000000000000000D0
:4000C00000000000000000000000000000000000000000000000000000000002000008010000000000000000000000000400000402000000000000000009000000000009D9
:4001000002000000000005000201010204080804020000000000111100000000000000000000000000000000000000004100000004040004422000010000000000000000C6
:400140000000000000000000000000000000000000000000000000000500020007000001000400A3000000120300040C07000000000000200700000000C80703070000009D
:400180000000000000010062040002E00010010F0000000000000000000000000000000000000000000000000000000000000800040400041490000100000000000000001D
:4001C000000000000000000000000000000000000000000000000000600000848D0000488D0000218D00000002000D00220218008D000010000400000D008002000100008F
:4002000012084400110022000F1F002080407080800202000000100100000000000000000000000000000000000000004100000004040004413000010000000000000000DB
:4002400000000000000000000000000000000000000000000000000000010C000000000101040000000000000000000800010300000100000C010000000108000000000048
:40028000000200000000000004080204010308000020000000004114420000000002000511FFFFFF42A0700008100000000008000C040404443000010048404880488048F3
:4002C00000000000000000000000000000000000000000000000000000000000010000000100000000000000000001000000000000000100010000000000010000000000F8
:400300000100000000000000010000000000000000000000000000000000000000000000000000000000000000000000000008000404000444200001000000000000000042
:40034000000000000000000000000000000000000000000000000000000000000000000000000000000000000000000000000000000000000000000000000000000000007D
:4003800000000000000000000000000000000000000000000000000000000000000000000000000000000000000000002000040004040004442000010000000000000000A8
:4003C000000000000000000000000000000000000000000000000000000000000000210000001E001000C1000000000000008000C100040000000000C100020000000000E5
:40040000C1000800000000001F0020008000400000000000000051000106100004CFD0BE3BFFFFFF2200F00C8C1000000000022804042424488808110000000000000000D6
:400440004001C0010000000000000000000000000000000000000000A5FF4A001A016000043A000400030400FF220005CC0513780010B5074D08920700030100A90154008A
:400480000001020002C00007FF000080007F000000080000000001103200000005B00D0006FF7FFF42A070000C00F6000000000004040404000000010009400930090000F2
:4004C00000000000000000000000000000000000000000000000000000000000000000000000000000000000000000000000000000000000000000000000000000000000FC
:4005000000000000000000000000000000000000000000000000000000000000000000000000000000000000000000000000080004040004449000010000000000000000D2
:400540000000000000000000000000000000000000000000000000000001000E001000E00075000000000200001100880075010000010402003508400024005100000000FD
:400580000064001100000000080004F00200010F0000008800000000000000000000000000000000000000000000000000000000040400040500000100000000000000001E
:4005C000000000000000000000000000000000000000000000000000041FE0000190000B5D4FA20000480202E24200093D40C2140001FF0040401D0B0D0300209200600177
:4006000001010000000308000000001F00E0FF00002000000000401000000000000000000000000000000000000003020000000004040004004000010000000000000000ED
:400640000000000000000000000000000000000000000000000000006C00006064C0080491004EFFA4C0400800C000022CC04001089010400000000071808200C01F2F207C
:400680006C7F008040002C9F000031000F00C0FF00008C00000000406302500004DEF0BC3BFFFFFF2200F008040000004000040004040404011100010000C00040011011D7
:4006C000C0010011400140010000000000000000000000000000000000000000000000000000000000000000000000000000000000000000000000000000000000000000A6
:40070000000000000000000000000000000000000000000000000000000000000000000000000000000000000000000000000000040400004400000100000000000000006C
:400740000000000000000000000000000000000000000000000000000000000000000000000000000000000000000000000000000000000000000000000000000000000079
:4007800000000000000000000000000000000000000000000000000000000000000000000000000000000000000000000000080004040004442000010000000000000000C0
:4007C00000000000000000000000000000000000000000000000000002040000824004003988462100408000800106000401000086010000400130008601000051872E181C
:4008000017A268080610800008400F3F80807000080A8000000011140000000000000000000000000000000000000000090004000404000411100001000000000000000001
:400840000000000000000000000000000000000000000000000000000000000100000000000100000018000000000000000200000000000200000000000000080000000052
:400880000000000000000004000800010006001000000000000000450000000000000000000000000000000000000000000002200404002494800801000000000000000065
:4008C00000000000000000000000000000000000000000000000000000000000000000000000000000000000000000000000000000000000000000000000000000000000F8
:400900000000000000000000000000000000000000000000000000000304300001FD0BCE37FFFFFF2200F00C8C1000002000040004042404443800010000000000000000EA
:400940004001C0010000000000000000000000000000000000000000000000000000000000040200000000000000F007000000000E1020000E081000000709000000000202
:400980000E00400080010E00011004070208F80000000000000054150000000000000000000000000000000000000000000008000404000408300001000000000000000086
:4009C000000000000000000000000000000000000000000000000000000002000021050004080010080200000000000100240000000000000000000000080010000100006B
:400A00000800000000240000080101200402021C02880000000011400000000000000000000000000000000000000000000002280404000403100001000000000000000017
:400A4000000000000000000000000000000000000000000000000000A20018029C082210980006002200000001080011B200080001001E00AA001000040000000000400033
:400A80003F000004060000001F0160180002800482000000000040000000000000000000000000000000000000000000010000000404000C004000010000000000000000B7
:400AC000000000000000000000000000000000000000000000000000000008000000980000004002000000040F00000000002000C000000190000100FF0000000400080084
:400B000090000208000094000008C0013F020004200000000000000000000000000000000000000000000000000000002000040004040004500000010000000000000000D8
:400B400000000000000000000000000000000000000000000000000001000200068060562000C0006000020005406A134033200C614602A9000010012F2A8054080E653058
:400B80000100640000FF00001F000000E0FF00000000200000000000000000000000000000000000000000000000000000000800040400040090000100000000000000000E
:400BC00000000000000000000000000000000000000000000000000000003340010F1A201200012101000464010F061000000022000000080000130F000013800000000F87
:400C0000000000000000000807100800100F20E000000280000010100000000000000000000000000000000000000000000008000404000400900001000000000000000027
:400C40000000000000000000000000000000000000000000000000000000000000000000000000000000000000000000000000000000000000000000000000000F00000065
:400C80000400000000000000000000000800000000000000000000000000000000000000000000000000000003470047000078070000000000000000000000000000000018
:400CC0000000000000000000000000000778000F00000000000000003B0114000000000000001B01310100003F011400000000001E011D00310116000000000800040001E3
:400D00000000000000101000000000000000000000000000000000000000000000000000000000000000000000000000000000000000000000000000000000000000000093
:400D4000000000000000000000000000000000000000000000000020000000000000000000000000000000000000000000000000000000000000000000000820000000002B
:400D800000000008000010000000000000200000000000000004080100000000000000000000000000000000000000000004000000000000000000000700050000000000DE
:400DC0000000000000000000000000000000040000000000000000000000040000000800000008000000000000000000000000000000000000000000000008000040000093
:400E0000002040000800000000000000000000000000000000000000000000000000000000000000000000000000000000000000000000000000000000000000000000004A
:400E4000000000000000000000000000000000000000000000000000000000000000000000000000000000000000000000000000000000000000000000000000000008006A
:400E8000001000000800000000000000000040000000000000400801000000000020000000200000000800400000000000000000000000000000000003000E0000000000F8
:400EC0000000000000000000000000000000000000000000000000000000000000000C000000000000000000000000000000000000000000000000000000000000000000E6
:400F00000008000000000040000000000000000000000000000000000000000000000000000000000000000000000000000000000000000000000000000000000000080061
:400F40000000000000000000000000000000000000000000000000000000000000000000000000000000000000000000000000000000000000000000000000000000000071
:400F8000000000000000400000000000000000000000000000400001000000000000000000000000000000000800000000000000000000000000000000000C00000000009C
:400FC00000000000000000000400000000000000000000000000000000000000000002000000010000000000000000000000000000000000000000000000000000000000EA
:401000000000000000000000000000000000000000001000000000000000000000000010000000000000000000000000000000000000000000000000000000000000000090
:401040000000000000000000000000000000000000000000000000000000000000000000000000000000000000000000000000000000000000000000000000000000000070
:4010800000400001000000000000000000001000080000000000001000000000000000000000100000000000000000000000000000000000000000000000000000000800AF
:4010C00001000000000000000000000000000000000000000000000000000100000004000000000000000000000000000000000000000000000000000000000000000000EA
:4011000008000000000000000000000000000000000000000000000000000000000000000000000000000000000000000000000000000000000000000000000000000000A7
:40114000000000000000000000000000000000000000000000000000000000000000000000000000000000000000000000000000000000000000000000000000000000006F
:401180000000000000000000000000000000000000000000000000100000000000000000000000000000000000000000000000100000000000000000000008000000000007
:4011C00000000000000000000000000000000000000000000000000000000000000000000000000000000200000000000000000000000000000000000000000000000000ED
:40120000000000000000000000002000000000000000000000000000000000000000000000000000000000000000000000000000000000000000000000000000000000008E
:40124000000000000000000000000000000000000000000000000000000000000000000000000000000000000000000000000000000000000000000000000000000020004E
:401280000000000000000000000000000000000000000000000000000000000000000000000000000000000000000000000000000000000000000000000000000800000026
:4012C00000000000000000000000000000000000000000000000000000000000000000000000000000000000000000000000000000000000000000000024008118000240EF
:4013000004204002000201000002080400000002002240021012010000202000004000490006000100000442002008810000394200000004208202060000000000000000C5
:40134000000000000000000000000000000000008000000000400020000080000600000800000000000000000000000000000000000000000000000000008000000000007F
:401380008000002040440008080404868000000800040000023200001001098000443000004008000104010C00000400800000000000000000000000FF009F001E00000003
:4013C0000000DB00FF00F200000000000000380038000000000000004100000021004000000000000000200000000000000000000000000000000000000800440028044037
:4014000005010000040000001200040000008804000000000000000081001020000000001080088006088000000014000020004400200042000008000000000000884000FF
:401440000000000010008000000000000004008100000000000002000100400021100200805004000000000000000000000000000000020820000204000000244000020077
:4014800000010048000002020020080A2051240004B888440000000000890100800482070002010080000030000008000000210000000000000000007E0024007700000004
:4014C0000000790076004D00D000000000008000F800000000001C0061000000B1000400030004000000A20000000000000000000000000000000000101220002006020023
:40150000002482000080A8000082080400A100081000040020448008040480400B0001200000100000000004200000000200000080002000010004000000000000000000D7
:4015400000000000000000000000000000000000402008020040000000500080000000000000000000000000000000000000000000000000000000020048044000086020DB
:40158000401010002800204020218882068800440000020A8906044000A10C8210409000002001000004010080080000040060000000000000000000FE00FF00FF0000002A
:4015C000000024008400CC000000000000001F000D00000000001000400008000000000010000600A0000200000000000000000000000000000000001402000220082000DB
:4016000010100000800084000800000000510000101042000088802000420024000118000000050211000080080600000000A0018000002400000010000000000008000819
:401640000000000000000000000000000000000000000000000010400001006000004008540080000000000000000200000000000000000000000200004000000000140045
:401680000000008000000200842018122000E20405A7AC4580005108001020105404902500800040000000000040B0001001404000000000000000004F00D000D2000000DF
:4016C0000000DB00B3002E0000000000000030003200000000001000810006000800020000000200010002000000000000000000000000000000000000A4000100060A0071
:4017000002080001408220048000000010C080100000000000000001000000000000040802200000010028808008000140061000800400000052040000000000000304043C
:4017400000000000010100000000000000000080800000000100000200000002000000000000000000001400000000000000AA101010080000000000000010000000020159
:4017800000920000400440012104088000C045440200000408020B5000A008021047A280000000041243000000000004002040480000000000000000F700FD00F80000009D
:4017C0000000FC00FB00FA006000100000000800080000000000000010000000B0000000000000000000000000000000000000000000000000000000104800000020200020
:401800000000142000808000880000000400800410100082000000000000000000000000402080800400800000A000040020004400002800000028000810008200000000EC
:40184000000128000000000000080011000000000000000000010000000008C010400088884004000000000000000000000000000801800400000000400000004008004064
:40188000042000040000000C042008180000624015A6AC05C010514800904818540D0021000004000825008012100001000910000000000000000000670096007A00000063
:4018C00000003C007E0066000900040000008000F200000000000600020001000000080000000B0002004800000000000000000000000000000000000000010020020210AE
:401900004004000800820014000000000481280010108040000000400104040020200804000220000441048000A208000082085001080010208200140000000000C00000A5
:401940000000000000000000000000000000000000204108800000001010804000000000000000000A000002000000000000000000000000000000000880200000000002E8
:401980004004000000000100000000000004000080000000180000020000010002002200020000000000840000000100000000040000000000000000F100F700F0000000BC
:4019C0000000F500FF00F7000000000000001F000F000000000000002000100000002000200001001000000000000000000000000000000000000000100280000000200497
:401A0000000026080082000804004020000200201040880000010000002208000000000080001000002080000A0000900000006400280100000028080020400000028000FC
:401A400000040000000000000000000800000000401000000010004804008000020800240000000000000000000000000000000000000002000000002000001000000400CA
:401A800000104800000000100002041000009024018020250048C00002904002740500200004080205004000002200000000C01000000000000000006A00D50058000000DD
:401AC000000035007F0067000500000000007C007C00000000000800000005000200200000000700000020000000000000000000000000000000000080040004144100009B
:401B00002200000000002008900000000840A0000000000000600444000000000040000020000008000024469000000408013200002400000C421050000000000020200286
:401B40000000000040080111000000000008100600000000000000000000000040001021000000000000000000000000000000000000000000000000080010020000004022
:401B8000000020002000000010201020840406C88200000078080004C401010800482202020000084000000004004000000000000000000000000000F7006A00FC00000004
:401BC0000000F600EE00F600E000300000000000F0000000000000004000000000008000200000000000400000000000000000000000000000000000A8000088000080201B
:401C00002080421000888000090200000002000800204080000602000081862804000011000026008100000000882004000000112005000004200080000000000000200814
:401C40000000000000000000000000000000000004401000800000000000002000800000000000000000000000000000000000000000000000000000A81000400400008074
:401C800080000010000081102005040000000A24000006000008A0080208600020040A280000001000000000000000080000001000000000000000003F00BE003B000000D6
:401CC00000009700AE0077000000000000001E0012000000000000000000150002004400000000000100080000000000000000000000000000000000800400049402000076
:401D00002200000000082A409000000000002842000000001000521000000000001500002000000800022C46900000040800660200240000008A1000000000000000000030
:401D4000000000000000000000000000000000000040030000086100000080000000020100000000000000000000000000000000000000000000000000100201C050000011
:401D8000800000000000A040000000000000000000000000000000000000000000000000000000000000000000000000000000000000000000000000F700FA00FC000000D6
:401DC0000000F600FE00F600000000000000F8009800000000000000000040008000020000000000000000000000000000000000000000000000000000000200000800009D
:401E000000080A003000100001008008004000100000000000011480000020000028C0800100A610000000900008910000000004208500000000020400000000202408007F
:401E40000000000000000420000000000000000010000000200000840001000000000800028520040000000010000200000000000000080000000000000000000008002094
:401E8000000020000040000000000000000000000000000000000000000000000000000000000000000000000000000000000000000000000000000021006700CD0000006D
:401EC0000000CF004F00CF00000000000000740041000000000004000200000008000400000000000000000000000000000000000000000000000000000000000000000826
:401F0000000200000001000000000000000000000000000000000200000000000000000000000000000000000000000000000000000000000000000000000000000000009C
:401F400000000000000000001000000000001000400000000000000000000000000000000002000000000000002000000000000000000000000000000000010000101000BE
:401F800040010008000202002000000000100000400002000000000040000000002000000000000000000000020200000000000000000000000000008000300000008000CE
:401FC000000000000000000000000000E0000000000000000000000000004000800010000000000000000000000000000000000000000000000000008800000000000200A7
:4020000000000000000000000000000000000000000000000000000000000000000000000000000000000000000000000000000000000000000000000000000000000000A0
:4020400000000000000000000002001002000000000000000000000000000000000000000000000000000000000000000000000000000000000000000080000000000010BC
:402080004000000000000000200000000010000040000000008000000000000004200000000000000000000300000000000000000000000000000000D000000000000000F9
:4020C000000000000000000000000000A00020000000000000000000000020000000400000004000000040000000000000000000000000000000000000000000000100003F
:402100000000000000000000200000000011000040000000008000030000000004200000000000000000000000000000000000400000000000000000000000000000000047
:40214000000000000000000000000000000000000000000000000000000010000000000000000000000000000000000000000000000000000000000000000000000000004F
:40218000000000000000000000000000000000000000000000000000000000000000000000000000000000000000000000000000000000000000000000000000000000001F
:4021C000000000000000000000000000000000000000008000000000000000000000000000000000000000000000000000000000000000000000000000000000044000001B
:40220000000010800000000020000000001100004000000000C0100300000000002000400000440000000000000000800000000000000000000000000000000000000000A6
:40224000000000000000000000000000800000000000000000000000000000004000100000008000000080000000000000000000000000000000000000000000000000008E
:40228000000000000000000000000000000000000000000000000000000000000000000000000000000000000020004000000000000004000000400000000000000000007A
:4022C000000000000000000004000000000000400000800000000080000000000000000000000000000000000000000000000040000000000000000010000000400000000A
:40230000000000001400000010004000001100000000000000C010030000000000000000000000000000000100000000000000000000000000000000000000000000000054
:40234000000000001000600000000000E00020000000000000002000000000008000100000000000000010000000000000000000000000000000000000000000000000002D
:402380000000000000000000000000000000000010000000000040000000000000000000000000000000000000400001008000020001100000100002000000800000000067
:4023C000000000000000000000000000000000000000000000000000000000000000000000000000000000000000000000000000000000000000000000000080000000005D
:40240000000000000000000000000000000000000000000000000000000000000000000000000000000000000000000000000000000000000000000000000000000030006C
:4024400000000000F000F00010000000000000000000000000000000000000000000200000000000000000000000000000000000000000000000000000000000000F1F001E
:40248000100F0F00000000004C0001020E000E00C0000000FC0000FF03000000000000001E00001E000000000000000038C7C700070000000C000C0303000000000000009E
:4024C000B80006F94100010000000000C00000F0300000000000000000000A00000009000004000000050000000000000000000000000000000000000000000000000000E7
:40250000000000000000000000000000000000000000000000000000000000000000000000000000000000000000000000000000000000000000000000000000000000009B
:40254000000000000000000000000000000000000000000000000000000000000000000000000000000000000000000000000000000000000000000000000000000000005B
:40258000000000000000000000000000000000000000000000000000000000000000000000000000000000000000000000000000000000000000000000000000000000001B
:4025C00000000000000000000000000000000000000000000000000000000000000000000000000000000000000000000000000000000000000000000000000000000000DB
:40260000000000000000000000000000000000000000000000000000000000000000000000000000000000000000000000000000000000000000000000000000000000009A
:40264000000000000000000000000000000000000000000000000000000000000000000000000000000000000000000000000000000000000000000000000000000000005A
:40268000000000000000000000000000000000000000000000000000000000000000000000000000000000000000000000000000000000000000000000000000000000001A
:4026C00000000000000000000000000000000000000000000000000000000000000000000000000000000000000000000000000000000000000000000000000000000000DA
:402700000000000000000000000000000000000000000000000000000000000000000000000000000000000000000000000000000000000000000000000000000000000099
:402740000000000000000000000000000000000000000000000000000000000000000000000000000000000000000000000000000000000000000000000000000000000059
:402780000000000000000000000000000000000000000000000000000000000000000000000000000000000000000000000000000000000000000000000000000000000019
:4027C00000000000000000000000000000000000000000000000000000000000000000000000000000000000000000000000000000000000000000000000000000000000D9
:402800000000000000000000000000000000000000000000000000000000000000000000000000000000000000000000000000000000000000000000000000000000000098
:402840000000000000000000000000000000000000000000000000000000000000000000000000000000000000000000000000000000000000000000000000000000000058
:402880000000000000000000000000000000000000000000000000000000000000000000000000000000000000000000000000000000000000000000000000000000000018
:4028C00000000000000000000000000000000000000000000000000000000000000000000000000000000000000000000000000000000000000000000000000000000000D8
:402900000000000000000000000000000000000000000000000000000000000000000000000000000000000000000000000000000000000000000000000000000000000097
:402940000000000000000000000000000000000000000000000000000000000000000000000000000000000000000000000000000000000000000000000000000000000057
:402980000000000000000000000000000000000000000000000000000000000000000000000000000000000000000000000000000000000000000000000000000000000017
:4029C00000000000000000000000000000000000000000000000000000000000000000000000000000000000000000000000000000000000000000000000000000000000D7
:402A00000000000000000000000000000000000000000000000000000000000000000000000000000000000000000000000000000000000000000000000000000000000096
:402A40000000000000000000000000000000000000000000000000000000000000000000000000000000000000000000000000000000000000000000000000000000000056
:402A80000000000000000000000000000000000000000000000000000000000000000000000000000000000000000000000000000000000000000000000000000000000016
:402AC00000000000000000000000000000000000000000000000000000000000000000000000000000000000000000000000000000000000000000000000000000000000D6
:402B00000000000000000000000000000000000000000000000000000000000000000000000000000000000000000000000000000000000000000000000000000000000095
:402B40000000000000000000000000000000000000000000000000000000000000000000000000000000000000000000000000000000000000000000000000000000000055
:402B80000000000000000000000000000000000000000000000000000000000000000000000000000000000000000000000000000000000000000000000000000000000015
:402BC00000000000000000000000000000000000000000000000000000000000000000000000000000000000000000000000000000000000000000000000000000000000D5
:402C00000000000000000000000000000000000000000000000000000000000000000000000000000000000000000000000000000000000000000000000000000000000094
:402C40000000000000000000000000000000000000000000000000000000000000000000000000000000000000000000000000000000000000000000000000000000000054
:402C80000000000000000000000000000000000000000000000000000000000000000000000000000000000000000000000000000000000000000000000000000000000014
:402CC00000000000000000000000000000000000000000000000000000000000000000000000000000000000000000000000000000000000000000000000000000000000D4
:402D00000000000000000000000000000000000000000000000000000000000000000000000000000000000000000000000000000000000000000000000000000000000093
:402D40000000000000000000000000000000000000000000000000000000000000000000000000000000000000000000000000000000000000000000000000000000000053
:402D80000000000000000000000000000000000000000000000000000000000000000000000000000000000000000000000000000000000000000000000000000000000013
:402DC00000000000000000000000000000000000000000000000000000000000000000000000000000000000000000000000000000000000000000000000000000000000D3
:402E00000000000000000000000000000000000000000000000000000000000000000000000000000000000000000000000000000000000000000000000000000000000092
:402E40000000000000000000000000000000000000000000000000000000000000000000000000000000000000000000000000000000000000000000000000000000000052
:402E80000000000000000000000000000000000000000000000000000000000000000000000000000000000000000000000000000000000000000000000000000000000012
:402EC00000000000000000000000000000000000000000000000000000000000000000000000000000000000000000000000000000000000000000000000000000000000D2
:402F00000000000000000000000000000000000000000000000000000000000000000000000000000000000000000000000000000000000000000000000000000000000091
:402F40000000000000000000000000000000000000000000000000000000000000000000000000000000000000000000000000000000000000000000000000000000000051
:402F80000000000000000000000000000000000000000000000000000000000000000000000000000000000000000000000000000000000000000000000000000000000011
:402FC00000000000000000000000000000000000000000000000000000000000000000000000000000000000000000000000000000000000000000000000000000000000D1
:403000000000000000000000000000000000000000000000000000000000000000000000000000000000000000000000000000000000000000000000000000000000000090
:403040000000000000000000000000000000000000000000000000000000000000000000000000000000000000000000000000000000000000000000000000000000000050
:403080000000000000000000000000000000000000000000000000000000000000000000000000000000000000000000000000000000000000000000000000000000000010
:4030C00000000000000000000000000000000000000000000000000000000000000000000000000000000000000000000000000000000000000000000000000000000000D0
:40310000000000000000000000000000000000000000000000000000000000000000000000000000000000000000000000000000000000000000000000000000000000008F
:40314000000000000000000000000000000000000000000000000000000000000000000000000000000000000000000000000000000000000000000000000000000000004F
:40318000000000000000000000000000000000000000000000000000000000000000000000000000000000000000000000000000000000000000000000000000000000000F
:4031C00000000000000000000000000000000000000000000000000000000000000000000000000000000000000000000000000000000000000000000000000000000000CF
:40320000000000000000000000000000000000000000000000000000000000000000000000000000000000000000000000000000000000000000000000000000000000008E
:40324000000000000000000000000000000000000000000000000000000000000000000000000000000000000000000000000000000000000000000000000000000000004E
:40328000000000000000000000000000000000000000000000000000000000000000000000000000000000000000000000000000000000000000000000000000000000000E
:4032C00000000000000000000000000000000000000000000000000000000000000000000000000000000000000000000000000000000000000000000000000000000000CE
:40330000000000000000000000000000000000000000000000000000000000000000000000000000000000000000000000000000000000000000000000000000000000008D
:40334000000000000000000000000000000000000000000000000000000000000000000000000000000000000000000000000000000000000000000000000000000000004D
:40338000000000000000000000000000000000000000000000000000000000000000000000000000000000000000000000000000000000000000000000000000000000000D
:4033C00000000000000000000000000000000000000000000000000000000000000000000000000000000000000000000000000000000000000000000000000000000000CD
:40340000000000000000000000000000000000000000000000000000000000000000000000000000000000000000000000000000000000000000000000000000000000008C
:40344000000000000000000000000000000000000000000000000000000000000000000000000000000000000000000000000000000000000000000000000000000000004C
:40348000000000000000000000000000000000000000000000000000000000000000000000000000000000000000000000000000000000000000000000000000000000000C
:4034C00000000000000000000000000000000000000000000000000000000000000000000000000000000000000000000000000000000000000000000000000000000000CC
:40350000000000000000000000000000000000000000000000000000000000000000000000000000000000000000000000000000000000000000000000000000000000008B
:40354000000000000000000000000000000000000000000000000000000000000000000000000000000000000000000000000000000000000000000000000000000000004B
:40358000000000000000000000000000000000000000000000000000000000000000000000000000000000000000000000000000000000000000000000000000000000000B
:4035C00000000000000000000000000000000000000000000000000000000000000000000000000000000000000000000000000000000000000000000000000000000000CB
:40360000000000000000000000000000000000000000000000000000000000000000000000000000000000000000000000000000000000000000000000000000000000008A
:40364000000000000000000000000000000000000000000000000000000000000000000000000000000000000000000000000000000000000000000000000000000000004A
:40368000000000000000000000000000000000000000000000000000000000000000000000000000000000000000000000000000000000000000000000000000000000000A
:4036C00000000000000000000000000000000000000000000000000000000000000000000000000000000000000000000000000000000000000000000000000000000000CA
:403700000000000000000000000000000000000000000000000000000000000000000000000000000000000000000000000000000000000000000000000000000000000089
:403740000000000000000000000000000000000000000000000000000000000000000000000000000000000000000000000000000000000000000000000000000000000049
:403780000000000000000000000000000000000000000000000000000000000000000000000000000000000000000000000000000000000000000000000000000000000009
:4037C00000000000000000000000000000000000000000000000000000000000000000000000000000000000000000000000000000000000000000000000000000000000C9
:403800000000000000000000000000000000000000000000000000000000000000000000000000000000000000000000000000000000000000000000000000000000000088
:403840000000000000000000000000000000000000000000000000000000000000000000000000000000000000000000000000000000000000000000000000000000000048
:403880000000000000000000000000000000000000000000000000000000000000000000000000000000000000000000000000000000000000000000000000000000000008
:4038C00000000000000000000000000000000000000000000000000000000000000000000000000000000000000000000000000000000000000000000000000000000000C8
:403900000000000000000000000000000000000000000000000000000000000000000000000000000000000000000000000000000000000000000000000000000000000087
:403940000000000000000000000000000000000000000000000000000000000000000000000000000000000000000000000000000000000000000000000000000000000047
:403980000000000000000000000000000000000000000000000000000000000000000000000000000000000000000000000000000000000000000000000000000000000007
:4039C00000000000000000000000000000000000000000000000000000000000000000000000000000000000000000000000000000000000000000000000000000000000C7
:403A00000000000000000000000000000000000000000000000000000000000000000000000000000000000000000000000000000000000000000000000000000000000086
:403A40000000000000000000000000000000000000000000000000000000000000000000000000000000000000000000000000000000000000000000000000000000000046
:403A80000000000000000000000000000000000000000000000000000000000000000000000000000000000000000000000000000000000000000000000000000000000006
:403AC00000000000000000000000000000000000000000000000000000000000000000000000000000000000000000000000000000000000000000000000000000000000C6
:403B00000000000000000000000000000000000000000000000000000000000000000000000000000000000000000000000000000000000000000000000000000000000085
:403B40000000000000000000000000000000000000000000000000000000000000000000000000000000000000000000000000000000000000000000000000000000000045
:403B80000000000000000000000000000000000000000000000000000000000000000000000000000000000000000000000000000000000000000000000000000000000005
:403BC00000000000000000000000000000000000000000000000000000000000000000000000000000000000000000000000000000000000000000000000000000000000C5
:403C00000000000000000000000000000000000000000000000000000000000000000000000000000000000000000000000000000000000000000000000000000000000084
:403C40000000000000000000000000000000000000000000000000000000000000000000000000000000000000000000000000000000000000000000000000000000000044
:403C80000000000000000000000000000000000000000000000000000000000000000000000000000000000000000000000000000000000000000000000000000000000004
:403CC00000000000000000000000000000000000000000000000000000000000000000000000000000000000000000000000000000000000000000000000000000000000C4
:403D00000000000000000000000000000000000000000000000000000000000000000000000000000000000000000000000000000000000000000000000000000000000083
:403D40000000000000000000000000000000000000000000000000000000000000000000000000000000000000000000000000000000000000000000000000000000000043
:403D80000000000000000000000000000000000000000000000000000000000000000000000000000000000000000000000000000000000000000000000000000000000003
:403DC00000000000000000000000000000000000000000000000000000000000000000000000000000000000000000000000000000000000000000000000000000000000C3
:403E00000000000000000000000000000000000000000000000000000000000000000000000000000000000000000000000000000000000000000000000000000000000082
:403E40000000000000000000000000000000000000000000000000000000000000000000000000000000000000000000000000000000000000000000000000000000000042
:403E80000000000000000000000000000000000000000000000000000000000000000000000000000000000000000000000000000000000000000000000000000000000002
:403EC00000000000000000000000000000000000000000000000000000000000000000000000000000000000000000000000000000000000000000000000000000000000C2
:403F00000000000000000000000000000000000000000000000000000000000000000000000000000000000000000000000000000000000000000000000000000000000081
:403F40000000000000000000000000000000000000000000000000000000000000000000000000000000000000000000000000000000000000000000000000000000000041
:403F80000000000000000000000000000000000000000000000000000000000000000000000000000000000000000000000000000000000000000000000000000000000001
:403FC00000000000000000000000000000000000000000000000000000000000000000000000000000000000000000000000000000000000000000000000000000000000C1
:404000000000000000000000000000000000000000000000000000000000000000000000000000000000000000000000000000000000000000000000000000000000000080
:404040000000000000000000000000000000000000000000000000000000000000000000000000000000000000000000000000000000000000000000000000000000000040
:404080000000000000000000000000000000000000000000000000000000000000000000000000000000000000000000000000000000000000000000000000000000000000
:4040C00000000000000000000000000000000000000000000000000000000000000000000000000000000000000000000000000000000000000000000000000000000000C0
:40410000000000000000000000000000000000000000000000000000000000000000000000000000000000000000000000000000000000000000000000000000000000007F
:40414000000000000000000000000000000000000000000000000000000000000000000000000000000000000000000000000000000000000000000000000000000000003F
:4041800000000000000000000000000000000000000000000000000000000000000000000000000000000000000000000000000000000000000000000000000000000000FF
:4041C00000000000000000000000000000000000000000000000000000000000000000000000000000000000000000000000000000000000000000000000000000000000BF
:40420000000000000000000000000000000000000000000000000000000000000000000000000000000000000000000000000000000000000000000000000000000000007E
:40424000000000000000000000000000000000000000000000000000000000000000000000000000000000000000000000000000000000000000000000000000000000003E
:4042800000000000000000000000000000000000000000000000000000000000000000000000000000000000000000000000000000000000000000000000000000000000FE
:4042C00000000000000000000000000000000000000000000000000000000000000000000000000000000000000000000000000000000000000000000000000000000000BE
:40430000000000000000000000000000000000000000000000000000000000000000000000000000000000000000000000000000000000000000000000000000000000007D
:40434000000000000000000000000000000000000000000000000000000000000000000000000000000000000000000000000000000000000000000000000000000000003D
:4043800000000000000000000000000000000000000000000000000000000000000000000000000000000000000000000000000000000000000000000000000000000000FD
:4043C00000000000000000000000000000000000000000000000000000000000000000000000000000000000000000000000000000000000000000000000000000000000BD
:40440000000000000000000000000000000000000000000000000000000000000000000000000000000000000000000000000000000000000000000000000000000000007C
:40444000000000000000000000000000000000000000000000000000000000000000000000000000000000000000000000000000000000000000000000000000000000003C
:4044800000000000000000000000000000000000000000000000000000000000000000000000000000000000000000000000000000000000000000000000000000000000FC
:4044C00000000000000000000000000000000000000000000000000000000000000000000000000000000000000000000000000000000000000000000000000000000000BC
:40450000000000000000000000000000000000000000000000000000000000000000000000000000000000000000000000000000000000000000000000000000000000007B
:40454000000000000000000000000000000000000000000000000000000000000000000000000000000000000000000000000000000000000000000000000000000000003B
:4045800000000000000000000000000000000000000000000000000000000000000000000000000000000000000000000000000000000000000000000000000000000000FB
:4045C00000000000000000000000000000000000000000000000000000000000000000000000000000000000000000000000000000000000000000000000000000000000BB
:40460000000000000000000000000000000000000000000000000000000000000000000000000000000000000000000000000000000000000000000000000000000000007A
:40464000000000000000000000000000000000000000000000000000000000000000000000000000000000000000000000000000000000000000000000000000000000003A
:4046800000000000000000000000000000000000000000000000000000000000000000000000000000000000000000000000000000000000000000000000000000000000FA
:4046C00000000000000000000000000000000000000000000000000000000000000000000000000000000000000000000000000000000000000000000000000000000000BA
:404700000000000000000000000000000000000000000000000000000000000000000000000000000000000000000000000000000000000000000000000000000000000079
:404740000000000000000000000000000000000000000000000000000000000000000000000000000000000000000000000000000000000000000000000000000000000039
:4047800000000000000000000000000000000000000000000000000000000000000000000000000000000000000000000000000000000000000000000000000000000000F9
:4047C00000000000000000000000000000000000000000000000000000000000000000000000000000000000000000000000000000000000000000000000000000000000B9
:404800000000000000000000000000000000000000000000000000000000000000000000000000000000000000000000000000000000000000000000000000000000000078
:404840000000000000000000000000000000000000000000000000000000000000000000000000000000000000000000000000000000000000000000000000000000000038
:4048800000000000000000000000000000000000000000000000000000000000000000000000000000000000000000000000000000000000000000000000000000000000F8
:4048C00000000000000000000000000000000000000000000000000000000000000000000000000000000000000000000000000000000000000000000000000000000000B8
:404900000000000000000000000000000000000000000000000000000000000000000000000000000000000000000000000000000000000000000000000000000000000077
:404940000000000000000000000000000000000000000000000000000000000000000000000000000000000000000000000000000000000000000000000000000000000037
:4049800000000000000000000000000000000000000000000000000000000000000000000000000000000000000000000000000000000000000000000000000000000000F7
:4049C00000000000000000000000000000000000000000000000000000000000000000000000000000000000000000000000000000000000000000000000000000000000B7
:404A00000000000000000000000000000000000000000000000000000000000000000000000000000000000000000000000000000000000000000000000000000000000076
:404A40000000000000000000000000000000000000000000000000000000000000000000000000000000000000000000000000000000000000000000000000000000000036
:404A800000000000000000000000000000000000000000000000000000000000000000000000000000000000000000000000000000000000000000000000000000000000F6
:404AC00000000000000000000000000000000000000000000000000000000000000000000000000000000000000000000000000000000000000000000000000000000000B6
:404B00000000000000000000000000000000000000000000000000000000000000000000000000000000000000000000000000000000000000000000000000000000000075
:404B40000000000000000000000000000000000000000000000000000000000000000000000000000000000000000000000000000000000000000000000000000000000035
:404B800000000000000000000000000000000000000000000000000000000000000000000000000000000000000000000000000000000000000000000000000000000000F5
:404BC00000000000000000000000000000000000000000000000000000000000000000000000000000000000000000000000000000000000000000000000000000000000B5
:404C00000000000000000000000000000000000000000000000000000000000000000000000000000000000000000000000000000000000000000000000000000000000074
:404C40000000000000000000000000000000000000000000000000000000000000000000000000000000000000000000000000000000000000000000000000000000000034
:404C800000000000000000000000000000000000000000000000000000000000000000000000000000000000000000000000000000000000000000000000000000000000F4
:404CC00000000000000000000000000000000000000000000000000000000000000000000000000000000000000000000000000000000000000000000000000000000000B4
:404D00000000000000000000000000000000000000000000000000000000000000000000000000000000000000000000000000000000000000000000000000000000000073
:404D40000000000000000000000000000000000000000000000000000000000000000000000000000000000000000000000000000000000000000000000000000000000033
:404D800000000000000000000000000000000000000000000000000000000000000000000000000000000000000000000000000000000000000000000000000000000000F3
:404DC00000000000000000000000000000000000000000000000000000000000000000000000000000000000000000000000000000000000000000000000000000000000B3
:404E00000000000000000000000000000000000000000000000000000000000000000000000000000000000000000000000000000000000000000000000000000000000072
:404E40000000000000000000000000000000000000000000000000000000000000000000000000000000000000000000000000000000000000000000000000000000000032
:404E800000000000000000000000000000000000000000000000000000000000000000000000000000000000000000000000000000000000000000000000000000000000F2
:404EC00000000000000000000000000000000000000000000000000000000000000000000000000000000000000000000000000000000000000000000000000000000000B2
:404F00000000000000000000000000000000000000000000000000000000000000000000000000000000000000000000000000000000000000000000000000000000000071
:404F40000000000000000000000000000000000000000000000000000000000000000000000000000000000000000000000000000000000000000000000000000000000031
:404F800000000000000000000000000000000000000000000000000000000000000000000000000000000000000000000000000000000000000000000000000000000000F1
:404FC00000000000000000000000000000000000000000000000000000000000000000000000000000000000000000000000000000000000000000000000000000000000B1
:405000000000000000000000000000000000000000000000000000000000000000000000000000000000000000000000000000000000000000000000000000000000000070
:405040000000000000000000000000000000000000000000000000000000000000000000000000000000000000000000000000000000000000000000000000000000000030
:4050800000000000000000000000000000000000000000000000000000000000000000000000000000000000000000000000000000000000000000000000000000000000F0
:4050C00000000000000000000000000000000000000000000000000000000000000000000000000000000000000000000000000000000000000000000000000000000000B0
:40510000000000000000000000000000000000000000000000000000000000000000000000000000000000000000000000000000000000000000000000000000000000006F
:40514000000000000000000000000000000000000000000000000000000000000000000000000000000000000000000000000000000000000000000000000000000000002F
:4051800000000000000000000000000000000000000000000000000000000000000000000000000000000000000000000000000000000000000000000000000000000000EF
:4051C00000000000000000000000000000000000000000000000000000000000000000000000000000000000000000000000000000000000000000000000000000000000AF
:40520000000000000000000000000000000000000000000000000000000000000000000000000000000000000000000000000000000000000000000000000000000000006E
:40524000000000000000000000000000000000000000000000000000000000000000000000000000000000000000000000000000000000000000000000000000000000002E
:4052800000000000000000000000000000000000000000000000000000000000000000000000000000000000000000000000000000000000000000000000000000000000EE
:4052C00000000000000000000000000000000000000000000000000000000000000000000000000000000000000000000000000000000000000000000000000000000000AE
:40530000000000000000000000000000000000000000000000000000000000000000000000000000000000000000000000000000000000000000000000000000000000006D
:40534000000000000000000000000000000000000000000000000000000000000000000000000000000000000000000000000000000000000000000000000000000000002D
:4053800000000000000000000000000000000000000000000000000000000000000000000000000000000000000000000000000000000000000000000000000000000000ED
:4053C00000000000000000000000000000000000000000000000000000000000000000000000000000000000000000000000000000000000000000000000000000000000AD
:40540000000000000000000000000000000000000000000000000000000000000000000000000000000000000000000000000000000000000000000000000000000000006C
:40544000000000000000000000000000000000000000000000000000000000000000000000000000000000000000000000000000000000000000000000000000000000002C
:4054800000000000000000000000000000000000000000000000000000000000000000000000000000000000000000000000000000000000000000000000000000000000EC
:4054C00000000000000000000000000000000000000000000000000000000000000000000000000000000000000000000000000000000000000000000000000000000000AC
:40550000000000000000000000000000000000000000000000000000000000000000000000000000000000000000000000000000000000000000000000000000000000006B
:40554000000000000000000000000000000000000000000000000000000000000000000000000000000000000000000000000000000000000000000000000000000000002B
:4055800000000000000000000000000000000000000000000000000000000000000000000000000000000000000000000000000000000000000000000000000000000000EB
:4055C00000000000000000000000000000000000000000000000000000000000000000000000000000000000000000000000000000000000000000000000000000000000AB
:40560000000000000000000000000000000000000000000000000000000000000000000000000000000000000000000000000000000000000000000000000000000000006A
:40564000000000000000000000000000000000000000000000000000000000000000000000000000000000000000000000000000000000000000000000000000000000002A
:4056800000000000000000000000000000000000000000000000000000000000000000000000000000000000000000000000000000000000000000000000000000000000EA
:4056C00000000000000000000000000000000000000000000000000000000000000000000000000000000000000000000000000000000000000000000000000000000000AA
:405700000000000000000000000000000000000000000000000000000000000000000000000000000000000000000000000000000000000000000000000000000000000069
:405740000000000000000000000000000000000000000000000000000000000000000000000000000000000000000000000000000000000000000000000000000000000029
:4057800000000000000000000000000000000000000000000000000000000000000000000000000000000000000000000000000000000000000000000000000000000000E9
:4057C00000000000000000000000000000000000000000000000000000000000000000000000000000000000000000000000000000000000000000000000000000000000A9
:405800000000000000000000000000000000000000000000000000000000000000000000000000000000000000000000000000000000000000000000000000000000000068
:405840000000000000000000000000000000000000000000000000000000000000000000000000000000000000000000000000000000000000000000000000000000000028
:4058800000000000000000000000000000000000000000000000000000000000000000000000000000000000000000000000000000000000000000000000000000000000E8
:4058C00000000000000000000000000000000000000000000000000000000000000000000000000000000000000000000000000000000000000000000000000000000000A8
:405900000000000000000000000000000000000000000000000000000000000000000000000000000000000000000000000000000000000000000000000000000000000067
:405940000000000000000000000000000000000000000000000000000000000000000000000000000000000000000000000000000000000000000000000000000000000027
:4059800000000000000000000000000000000000000000000000000000000000000000000000000000000000000000000000000000000000000000000000000000000000E7
:4059C00000000000000000000000000000000000000000000000000000000000000000000000000000000000000000000000000000000000000000000000000000000000A7
:405A00000000000000000000000000000000000000000000000000000000000000000000000000000000000000000000000000000000000000000000000000000000000066
:405A40000000000000000000000000000000000000000000000000000000000000000000000000000000000000000000000000000000000000000000000000000000000026
:405A800000000000000000000000000000000000000000000000000000000000000000000000000000000000000000000000000000000000000000000000000000000000E6
:405AC00000000000000000000000000000000000000000000000000000000000000000000000000000000000000000000000000000000000000000000000000000000000A6
:405B00000000000000000000000000000000000000000000000000000000000000000000000000000000000000000000000000000000000000000000000000000000000065
:405B40000000000000000000000000000000000000000000000000000000000000000000000000000000000000000000000000000000000000000000000000000000000025
:405B800000000000000000000000000000000000000000000000000000000000000000000000000000000000000000000000000000000000000000000000000000000000E5
:405BC00000000000000000000000000000000000000000000000000000000000000000000000000000000000000000000000000000000000000000000000000000000000A5
:405C00000000000000000000000000000000000000000000000000000000000000000000000000000000000000000000000000000000000000000000000000000000000064
:405C40000000000000000000000000000000000000000000000000000000000000000000000000000000000000000000000000000000000000000000000000000000000024
:405C800000000000000000000000000000000000000000000000000000000000000000000000000000000000000000000000000000000000000000000000000000000000E4
:405CC00000000000000000000000000000000000000000000000000000000000000000000000000000000000000000000000000000000000000000000000000000000000A4
:405D00000000000000000000000000000000000000000000000000000000000000000000000000000000000000000000000000000000000000000000000000000000000063
:405D40000000000000000000000000000000000000000000000000000000000000000000000000000000000000000000000000000000000000000000000000000000000023
:405D800000000000000000000000000000000000000000000000000000000000000000000000000000000000000000000000000000000000000000000000000000000000E3
:405DC00000000000000000000000000000000000000000000000000000000000000000000000000000000000000000000000000000000000000000000000000000000000A3
:405E00000000000000000000000000000000000000000000000000000000000000000000000000000000000000000000000000000000000000000000000000000000000062
:405E40000000000000000000000000000000000000000000000000000000000000000000000000000000000000000000000000000000000000000000000000000000000022
:405E800000000000000000000000000000000000000000000000000000000000000000000000000000000000000000000000000000000000000000000000000000000000E2
:405EC00000000000000000000000000000000000000000000000000000000000000000000000000000000000000000000000000000000000000000000000000000000000A2
:405F00000000000000000000000000000000000000000000000000000000000000000000000000000000000000000000000000000000000000000000000000000000000061
:405F40000000000000000000000000000000000000000000000000000000000000000000000000000000000000000000000000000000000000000000000000000000000021
:405F800000000000000000000000000000000000000000000000000000000000000000000000000000000000000000000000000000000000000000000000000000000000E1
:405FC00000000000000000000000000000000000000000000000000000000000000000000000000000000000000000000000000000000000000000000000000000000000A1
:406000000000000000000000000000000000000000000000000000000000000000000000000000000000000000000000000000000000000000000000000000000000000060
:406040000000000000000000000000000000000000000000000000000000000000000000000000000000000000000000000000000000000000000000000000000000000020
:4060800000000000000000000000000000000000000000000000000000000000000000000000000000000000000000000000000000000000000000000000000000000000E0
:4060C00000000000000000000000000000000000000000000000000000000000000000000000000000000000000000000000000000000000000000000000000000000000A0
:40610000000000000000000000000000000000000000000000000000000000000000000000000000000000000000000000000000000000000000000000000000000000005F
:40614000000000000000000000000000000000000000000000000000000000000000000000000000000000000000000000000000000000000000000000000000000000001F
:4061800000000000000000000000000000000000000000000000000000000000000000000000000000000000000000000000000000000000000000000000000000000000DF
:4061C000000000000000000000000000000000000000000000000000000000000000000000000000000000000000000000000000000000000000000000000000000000009F
:40620000000000000000000000000000000000000000000000000000000000000000000000000000000000000000000000000000000000000000000000000000000000005E
:40624000000000000000000000000000000000000000000000000000000000000000000000000000000000000000000000000000000000000000000000000000000000001E
:4062800000000000000000000000000000000000000000000000000000000000000000000000000000000000000000000000000000000000000000000000000000000000DE
:4062C000000000000000000000000000000000000000000000000000000000000000000000000000000000000000000000000000000000000000000000000000000000009E
:40630000000000000000000000000000000000000000000000000000000000000000000000000000000000000000000000000000000000000000000000000000000000005D
:40634000000000000000000000000000000000000000000000000000000000000000000000000000000000000000000000000000000000000000000000000000000000001D
:4063800000000000000000000000000000000000000000000000000000000000000000000000000000000000000000000000000000000000000000000000000000000000DD
:4063C000000000000000000000000000000000000000000000000000000000000000000000000000000000000000000000000000000000000000000000000000000000009D
:40640000000000000000000000000000000000000000000000000000000000000000000000000000000000000000000000000000000000000000000000000000000000005C
:40644000000000000000000000000000000000000000000000000000000000000000000000000000000000000000000000000000000000000000000000000000000000001C
:4064800000000000000000000000000000000000000000000000000000000000000000000000000000000000000000000000000000000000000000000000000000000000DC
:4064C000000000000000000000000000000000000000000000000000000000000000000000000000000000000000000000000000000000000000000000000000000000009C
:40650000000000000000000000000000000000000000000000000000000000000000000000000000000000000000000000000000000000000000000000000000000000005B
:40654000000000000000000000000000000000000000000000000000000000000000000000000000000000000000000000000000000000000000000000000000000000001B
:4065800000000000000000000000000000000000000000000000000000000000000000000000000000000000000000000000000000000000000000000000000000000000DB
:4065C000000000000000000000000000000000000000000000000000000000000000000000000000000000000000000000000000000000000000000000000000000000009B
:40660000000000000000000000000000000000000000000000000000000000000000000000000000000000000000000000000000000000000000000000000000000000005A
:40664000000000000000000000000000000000000000000000000000000000000000000000000000000000000000000000000000000000000000000000000000000000001A
:4066800000000000000000000000000000000000000000000000000000000000000000000000000000000000000000000000000000000000000000000000000000000000DA
:4066C000000000000000000000000000000000000000000000000000000000000000000000000000000000000000000000000000000000000000000000000000000000009A
:406700000000000000000000000000000000000000000000000000000000000000000000000000000000000000000000000000000000000000000000000000000000000059
:406740000000000000000000000000000000000000000000000000000000000000000000000000000000000000000000000000000000000000000000000000000000000019
:4067800000000000000000000000000000000000000000000000000000000000000000000000000000000000000000000000000000000000000000000000000000000000D9
:4067C0000000000000000000000000000000000000000000000000000000000000000000000000000000000000000000000000000000000000000000000000000000000099
:406800000000000000000000000000000000000000000000000000000000000000000000000000000000000000000000000000000000000000000000000000000000000058
:406840000000000000000000000000000000000000000000000000000000000000000000000000000000000000000000000000000000000000000000000000000000000018
:4068800000000000000000000000000000000000000000000000000000000000000000000000000000000000000000000000000000000000000000000000000000000000D8
:4068C0000000000000000000000000000000000000000000000000000000000000000000000000000000000000000000000000000000000000000000000000000000000098
:406900000000000000000000000000000000000000000000000000000000000000000000000000000000000000000000000000000000000000000000000000000000000057
:406940000000000000000000000000000000000000000000000000000000000000000000000000000000000000000000000000000000000000000000000000000000000017
:4069800000000000000000000000000000000000000000000000000000000000000000000000000000000000000000000000000000000000000000000000000000000000D7
:4069C0000000000000000000000000000000000000000000000000000000000000000000000000000000000000000000000000000000000000000000000000000000000097
:406A00000000000000000000000000000000000000000000000000000000000000000000000000000000000000000000000000000000000000000000000000000000000056
:406A40000000000000000000000000000000000000000000000000000000000000000000000000000000000000000000000000000000000000000000000000000000000016
:406A800000000000000000000000000000000000000000000000000000000000000000000000000000000000000000000000000000000000000000000000000000000000D6
:406AC0000000000000000000000000000000000000000000000000000000000000000000000000000000000000000000000000000000000000000000000000000000000096
:406B00000000000000000000000000000000000000000000000000000000000000000000000000000000000000000000000000000000000000000000000000000000000055
:406B40000000000000000000000000000000000000000000000000000000000000000000000000000000000000000000000000000000000000000000000000000000000015
:406B800000000000000000000000000000000000000000000000000000000000000000000000000000000000000000000000000000000000000000000000000000000000D5
:406BC0000000000000000000000000000000000000000000000000000000000000000000000000000000000000000000000000000000000000000000000000000000000095
:406C00000000000000000000000000000000000000000000000000000000000000000000000000000000000000000000000000000000000000000000000000000000000054
:406C40000000000000000000000000000000000000000000000000000000000000000000000000000000000000000000000000000000000000000000000000000000000014
:406C800000000000000000000000000000000000000000000000000000000000000000000000000000000000000000000000000000000000000000000000000000000000D4
:406CC0000000000000000000000000000000000000000000000000000000000000000000000000000000000000000000000000000000000000000000000000000000000094
:406D00000000000000000000000000000000000000000000000000000000000000000000000000000000000000000000000000000000000000000000000000000000000053
:406D40000000000000000000000000000000000000000000000000000000000000000000000000000000000000000000000000000000000000000000000000000000000013
:406D800000000000000000000000000000000000000000000000000000000000000000000000000000000000000000000000000000000000000000000000000000000000D3
:406DC0000000000000000000000000000000000000000000000000000000000000000000000000000000000000000000000000000000000000000000000000000000000093
:406E00000000000000000000000000000000000000000000000000000000000000000000000000000000000000000000000000000000000000000000000000000000000052
:406E40000000000000000000000000000000000000000000000000000000000000000000000000000000000000000000000000000000000000000000000000000000000012
:406E800000000000000000000000000000000000000000000000000000000000000000000000000000000000000000000000000000000000000000000000000000000000D2
:406EC0000000000000000000000000000000000000000000000000000000000000000000000000000000000000000000000000000000000000000000000000000000000092
:406F00000000000000000000000000000000000000000000000000000000000000000000000000000000000000000000000000000000000000000000000000000000000051
:406F40000000000000000000000000000000000000000000000000000000000000000000000000000000000000000000000000000000000000000000000000000000000011
:406F800000000000000000000000000000000000000000000000000000000000000000000000000000000000000000000000000000000000000000000000000000000000D1
:406FC0000000000000000000000000000000000000000000000000000000000000000000000000000000000000000000000000000000000000000000000000000000000091
:407000000000000000000000000000000000000000000000000000000000000000000000000000000000000000000000000000000000000000000000000000000000000050
:407040000000000000000000000000000000000000000000000000000000000000000000000000000000000000000000000000000000000000000000000000000000000010
:4070800000000000000000000000000000000000000000000000000000000000000000000000000000000000000000000000000000000000000000000000000000000000D0
:4070C0000000000000000000000000000000000000000000000000000000000000000000000000000000000000000000000000000000000000000000000000000000000090
:40710000000000000000000000000000000000000000000000000000000000000000000000000000000000000000000000000000000000000000000000000000000000004F
:40714000000000000000000000000000000000000000000000000000000000000000000000000000000000000000000000000000000000000000000000000000000000000F
:4071800000000000000000000000000000000000000000000000000000000000000000000000000000000000000000000000000000000000000000000000000000000000CF
:4071C000000000000000000000000000000000000000000000000000000000000000000000000000000000000000000000000000000000000000000000000000000000008F
:40720000000000000000000000000000000000000000000000000000000000000000000000000000000000000000000000000000000000000000000000000000000000004E
:40724000000000000000000000000000000000000000000000000000000000000000000000000000000000000000000000000000000000000000000000000000000000000E
:4072800000000000000000000000000000000000000000000000000000000000000000000000000000000000000000000000000000000000000000000000000000000000CE
:4072C000000000000000000000000000000000000000000000000000000000000000000000000000000000000000000000000000000000000000000000000000000000008E
:40730000000000000000000000000000000000000000000000000000000000000000000000000000000000000000000000000000000000000000000000000000000000004D
:40734000000000000000000000000000000000000000000000000000000000000000000000000000000000000000000000000000000000000000000000000000000000000D
:4073800000000000000000000000000000000000000000000000000000000000000000000000000000000000000000000000000000000000000000000000000000000000CD
:4073C000000000000000000000000000000000000000000000000000000000000000000000000000000000000000000000000000000000000000000000000000000000008D
:40740000000000000000000000000000000000000000000000000000000000000000000000000000000000000000000000000000000000000000000000000000000000004C
:40744000000000000000000000000000000000000000000000000000000000000000000000000000000000000000000000000000000000000000000000000000000000000C
:4074800000000000000000000000000000000000000000000000000000000000000000000000000000000000000000000000000000000000000000000000000000000000CC
:4074C000000000000000000000000000000000000000000000000000000000000000000000000000000000000000000000000000000000000000000000000000000000008C
:40750000000000000000000000000000000000000000000000000000000000000000000000000000000000000000000000000000000000000000000000000000000000004B
:40754000000000000000000000000000000000000000000000000000000000000000000000000000000000000000000000000000000000000000000000000000000000000B
:4075800000000000000000000000000000000000000000000000000000000000000000000000000000000000000000000000000000000000000000000000000000000000CB
:4075C000000000000000000000000000000000000000000000000000000000000000000000000000000000000000000000000000000000000000000000000000000000008B
:40760000000000000000000000000000000000000000000000000000000000000000000000000000000000000000000000000000000000000000000000000000000000004A
:40764000000000000000000000000000000000000000000000000000000000000000000000000000000000000000000000000000000000000000000000000000000000000A
:4076800000000000000000000000000000000000000000000000000000000000000000000000000000000000000000000000000000000000000000000000000000000000CA
:4076C000000000000000000000000000000000000000000000000000000000000000000000000000000000000000000000000000000000000000000000000000000000008A
:407700000000000000000000000000000000000000000000000000000000000000000000000000000000000000000000000000000000000000000000000000000000000049
:407740000000000000000000000000000000000000000000000000000000000000000000000000000000000000000000000000000000000000000000000000000000000009
:4077800000000000000000000000000000000000000000000000000000000000000000000000000000000000000000000000000000000000000000000000000000000000C9
:4077C0000000000000000000000000000000000000000000000000000000000000000000000000000000000000000000000000000000000000000000000000000000000089
:407800000000000000000000000000000000000000000000000000000000000000000000000000000000000000000000000000000000000000000000000000000000000048
:407840000000000000000000000000000000000000000000000000000000000000000000000000000000000000000000000000000000000000000000000000000000000008
:4078800000000000000000000000000000000000000000000000000000000000000000000000000000000000000000000000000000000000000000000000000000000000C8
:4078C0000000000000000000000000000000000000000000000000000000000000000000000000000000000000000000000000000000000000000000000000000000000088
:407900000000000000000000000000000000000000000000000000000000000000000000000000000000000000000000000000000000000000000000000000000000000047
:407940000000000000000000000000000000000000000000000000000000000000000000000000000000000000000000000000000000000000000000000000000000000007
:4079800000000000000000000000000000000000000000000000000000000000000000000000000000000000000000000000000000000000000000000000000000000000C7
:4079C0000000000000000000000000000000000000000000000000000000000000000000000000000000000000000000000000000000000000000000000000000000000087
:407A00000000000000000000000000000000000000000000000000000000000000000000000000000000000000000000000000000000000000000000000000000000000046
:407A40000000000000000000000000000000000000000000000000000000000000000000000000000000000000000000000000000000000000000000000000000000000006
:407A800000000000000000000000000000000000000000000000000000000000000000000000000000000000000000000000000000000000000000000000000000000000C6
:407AC0000000000000000000000000000000000000000000000000000000000000000000000000000000000000000000000000000000000000000000000000000000000086
:407B00000000000000000000000000000000000000000000000000000000000000000000000000000000000000000000000000000000000000000000000000000000000045
:407B40000000000000000000000000000000000000000000000000000000000000000000000000000000000000000000000000000000000000000000000000000000000005
:407B800000000000000000000000000000000000000000000000000000000000000000000000000000000000000000000000000000000000000000000000000000000000C5
:407BC0000000000000000000000000000000000000000000000000000000000000000000000000000000000000000000000000000000000000000000000000000000000085
:407C00000000000000000000000000000000000000000000000000000000000000000000000000000000000000000000000000000000000000000000000000000000000044
:407C40000000000000000000000000000000000000000000000000000000000000000000000000000000000000000000000000000000000000000000000000000000000004
:407C800000000000000000000000000000000000000000000000000000000000000000000000000000000000000000000000000000000000000000000000000000000000C4
:407CC0000000000000000000000000000000000000000000000000000000000000000000000000000000000000000000000000000000000000000000000000000000000084
:407D00000000000000000000000000000000000000000000000000000000000000000000000000000000000000000000000000000000000000000000000000000000000043
:407D40000000000000000000000000000000000000000000000000000000000000000000000000000000000000000000000000000000000000000000000000000000000003
:407D800000000000000000000000000000000000000000000000000000000000000000000000000000000000000000000000000000000000000000000000000000000000C3
:407DC0000000000000000000000000000000000000000000000000000000000000000000000000000000000000000000000000000000000000000000000000000000000083
:407E00000000000000000000000000000000000000000000000000000000000000000000000000000000000000000000000000000000000000000000000000000000000042
:407E40000000000000000000000000000000000000000000000000000000000000000000000000000000000000000000000000000000000000000000000000000000000002
:407E800000000000000000000000000000000000000000000000000000000000000000000000000000000000000000000000000000000000000000000000000000000000C2
:407EC0000000000000000000000000000000000000000000000000000000000000000000000000000000000000000000000000000000000000000000000000000000000082
:407F00000000000000000000000000000000000000000000000000000000000000000000000000000000000000000000000000000000000000000000000000000000000041
:407F40000000000000000000000000000000000000000000000000000000000000000000000000000000000000000000000000000000000000000000000000000000000001
:407F800000000000000000000000000000000000000000000000000000000000000000000000000000000000000000000000000000000000000000000000000000000000C1
:407FC0000000000000000000000000000000000000000000000000000000000000000000000000000000000000000000000000000000000000000000000000000000000081
:0200000490006A
:0400000000004004B8
:0200000490105A
:04000000BC90ACAF55
:0200000490303A
:02000000D40426
:0200000490402A
:4000000000000000000000000000000000000000000000000000000000000000000000000000000000000000000000000000000000000000000000000000000000000000C0
:400040000000000000000000000000000000000000000000000000000000000000000000000000000000000000000000000000000000000000000000000000000000000080
:400080000000000000000000000000000000000000000000000000000000000000000000000000000000000000000000000000000000000000000000000000000000000040
:4000C0000000000000000000000000000000000000000000000000000000000000000000000000000000000000000000000000000000000000000000000000000000000000
:0200000490501A
:0C00000000012E16006900012F7DD46D58
:00000001FF