ARM GAS  C:\Users\ggg88\AppData\Local\Temp\ccaY8Fe2.s 			page 1


   1              		.syntax unified
   2              		.cpu cortex-m3
   3              		.fpu softvfp
   4              		.eabi_attribute 20, 1
   5              		.eabi_attribute 21, 1
   6              		.eabi_attribute 23, 3
   7              		.eabi_attribute 24, 1
   8              		.eabi_attribute 25, 1
   9              		.eabi_attribute 26, 1
  10              		.eabi_attribute 30, 6
  11              		.eabi_attribute 34, 1
  12              		.eabi_attribute 18, 4
  13              		.thumb
  14              		.syntax unified
  15              		.file	"cyfitter_cfg.c"
  16              		.text
  17              	.Ltext0:
  18              		.cfi_sections	.debug_frame
  19              		.section	.text.CYMEMZERO,"ax",%progbits
  20              		.align	2
  21              		.thumb
  22              		.thumb_func
  23              		.type	CYMEMZERO, %function
  24              	CYMEMZERO:
  25              	.LFB0:
  26              		.file 1 "Generated_Source\\PSoC5\\cyfitter_cfg.c"
   1:Generated_Source\PSoC5/cyfitter_cfg.c **** 
   2:Generated_Source\PSoC5/cyfitter_cfg.c **** /*******************************************************************************
   3:Generated_Source\PSoC5/cyfitter_cfg.c **** * File Name: cyfitter_cfg.c
   4:Generated_Source\PSoC5/cyfitter_cfg.c **** * 
   5:Generated_Source\PSoC5/cyfitter_cfg.c **** * PSoC Creator  4.4
   6:Generated_Source\PSoC5/cyfitter_cfg.c **** *
   7:Generated_Source\PSoC5/cyfitter_cfg.c **** * Description:
   8:Generated_Source\PSoC5/cyfitter_cfg.c **** * This file contains device initialization code.
   9:Generated_Source\PSoC5/cyfitter_cfg.c **** * Except for the user defined sections in CyClockStartupError(), this file should not be modified.
  10:Generated_Source\PSoC5/cyfitter_cfg.c **** * This file is automatically generated by PSoC Creator.
  11:Generated_Source\PSoC5/cyfitter_cfg.c **** *
  12:Generated_Source\PSoC5/cyfitter_cfg.c **** ********************************************************************************
  13:Generated_Source\PSoC5/cyfitter_cfg.c **** * Copyright (c) 2007-2020 Cypress Semiconductor.  All rights reserved.
  14:Generated_Source\PSoC5/cyfitter_cfg.c **** * You may use this file only in accordance with the license, terms, conditions, 
  15:Generated_Source\PSoC5/cyfitter_cfg.c **** * disclaimers, and limitations in the end user license agreement accompanying 
  16:Generated_Source\PSoC5/cyfitter_cfg.c **** * the software package with which this file was provided.
  17:Generated_Source\PSoC5/cyfitter_cfg.c **** ********************************************************************************/
  18:Generated_Source\PSoC5/cyfitter_cfg.c **** 
  19:Generated_Source\PSoC5/cyfitter_cfg.c **** #include <string.h>
  20:Generated_Source\PSoC5/cyfitter_cfg.c **** #include "cytypes.h"
  21:Generated_Source\PSoC5/cyfitter_cfg.c **** #include "cydevice_trm.h"
  22:Generated_Source\PSoC5/cyfitter_cfg.c **** #include "cyfitter.h"
  23:Generated_Source\PSoC5/cyfitter_cfg.c **** #include "CyLib.h"
  24:Generated_Source\PSoC5/cyfitter_cfg.c **** #include "cyfitter_cfg.h"
  25:Generated_Source\PSoC5/cyfitter_cfg.c **** 
  26:Generated_Source\PSoC5/cyfitter_cfg.c **** #define CY_NEED_CYCLOCKSTARTUPERROR 1
  27:Generated_Source\PSoC5/cyfitter_cfg.c **** 
  28:Generated_Source\PSoC5/cyfitter_cfg.c **** 
  29:Generated_Source\PSoC5/cyfitter_cfg.c **** #if defined(__GNUC__) || defined(__ARMCC_VERSION)
  30:Generated_Source\PSoC5/cyfitter_cfg.c ****     #define CYPACKED 
  31:Generated_Source\PSoC5/cyfitter_cfg.c ****     #define CYPACKED_ATTR __attribute__ ((packed))
ARM GAS  C:\Users\ggg88\AppData\Local\Temp\ccaY8Fe2.s 			page 2


  32:Generated_Source\PSoC5/cyfitter_cfg.c ****     #define CYALIGNED __attribute__ ((aligned))
  33:Generated_Source\PSoC5/cyfitter_cfg.c ****     #define CY_CFG_UNUSED __attribute__ ((unused))
  34:Generated_Source\PSoC5/cyfitter_cfg.c ****     #ifndef CY_CFG_SECTION
  35:Generated_Source\PSoC5/cyfitter_cfg.c ****         #define CY_CFG_SECTION __attribute__ ((section(".psocinit")))
  36:Generated_Source\PSoC5/cyfitter_cfg.c ****     #endif
  37:Generated_Source\PSoC5/cyfitter_cfg.c ****     
  38:Generated_Source\PSoC5/cyfitter_cfg.c ****     #if defined(__ARMCC_VERSION)
  39:Generated_Source\PSoC5/cyfitter_cfg.c ****         #define CY_CFG_MEMORY_BARRIER() __memory_changed()
  40:Generated_Source\PSoC5/cyfitter_cfg.c ****     #else
  41:Generated_Source\PSoC5/cyfitter_cfg.c ****         #define CY_CFG_MEMORY_BARRIER() __sync_synchronize()
  42:Generated_Source\PSoC5/cyfitter_cfg.c ****     #endif
  43:Generated_Source\PSoC5/cyfitter_cfg.c ****     
  44:Generated_Source\PSoC5/cyfitter_cfg.c **** #elif defined(__ICCARM__)
  45:Generated_Source\PSoC5/cyfitter_cfg.c ****     #include <intrinsics.h>
  46:Generated_Source\PSoC5/cyfitter_cfg.c **** 
  47:Generated_Source\PSoC5/cyfitter_cfg.c ****     #define CYPACKED __packed
  48:Generated_Source\PSoC5/cyfitter_cfg.c ****     #define CYPACKED_ATTR 
  49:Generated_Source\PSoC5/cyfitter_cfg.c ****     #define CYALIGNED _Pragma("data_alignment=4")
  50:Generated_Source\PSoC5/cyfitter_cfg.c ****     #define CY_CFG_UNUSED _Pragma("diag_suppress=Pe177")
  51:Generated_Source\PSoC5/cyfitter_cfg.c ****     #define CY_CFG_SECTION _Pragma("location=\".psocinit\"")
  52:Generated_Source\PSoC5/cyfitter_cfg.c ****     
  53:Generated_Source\PSoC5/cyfitter_cfg.c ****     #define CY_CFG_MEMORY_BARRIER() __DMB()
  54:Generated_Source\PSoC5/cyfitter_cfg.c ****     
  55:Generated_Source\PSoC5/cyfitter_cfg.c **** #else
  56:Generated_Source\PSoC5/cyfitter_cfg.c ****     #error Unsupported toolchain
  57:Generated_Source\PSoC5/cyfitter_cfg.c **** #endif
  58:Generated_Source\PSoC5/cyfitter_cfg.c **** 
  59:Generated_Source\PSoC5/cyfitter_cfg.c **** #ifndef CYCODE
  60:Generated_Source\PSoC5/cyfitter_cfg.c ****     #define CYCODE
  61:Generated_Source\PSoC5/cyfitter_cfg.c **** #endif
  62:Generated_Source\PSoC5/cyfitter_cfg.c **** #ifndef CYDATA
  63:Generated_Source\PSoC5/cyfitter_cfg.c ****     #define CYDATA
  64:Generated_Source\PSoC5/cyfitter_cfg.c **** #endif
  65:Generated_Source\PSoC5/cyfitter_cfg.c **** #ifndef CYFAR
  66:Generated_Source\PSoC5/cyfitter_cfg.c ****     #define CYFAR
  67:Generated_Source\PSoC5/cyfitter_cfg.c **** #endif
  68:Generated_Source\PSoC5/cyfitter_cfg.c **** #ifndef CYXDATA
  69:Generated_Source\PSoC5/cyfitter_cfg.c ****     #define CYXDATA
  70:Generated_Source\PSoC5/cyfitter_cfg.c **** #endif
  71:Generated_Source\PSoC5/cyfitter_cfg.c **** 
  72:Generated_Source\PSoC5/cyfitter_cfg.c **** 
  73:Generated_Source\PSoC5/cyfitter_cfg.c **** CY_CFG_UNUSED
  74:Generated_Source\PSoC5/cyfitter_cfg.c **** static void CYMEMZERO(void *s, size_t n);
  75:Generated_Source\PSoC5/cyfitter_cfg.c **** CY_CFG_UNUSED
  76:Generated_Source\PSoC5/cyfitter_cfg.c **** static void CYMEMZERO(void *s, size_t n)
  77:Generated_Source\PSoC5/cyfitter_cfg.c **** {
  27              		.loc 1 77 0
  28              		.cfi_startproc
  29              		@ args = 0, pretend = 0, frame = 8
  30              		@ frame_needed = 1, uses_anonymous_args = 0
  31 0000 80B5     		push	{r7, lr}
  32              		.cfi_def_cfa_offset 8
  33              		.cfi_offset 7, -8
  34              		.cfi_offset 14, -4
  35 0002 82B0     		sub	sp, sp, #8
  36              		.cfi_def_cfa_offset 16
  37 0004 00AF     		add	r7, sp, #0
ARM GAS  C:\Users\ggg88\AppData\Local\Temp\ccaY8Fe2.s 			page 3


  38              		.cfi_def_cfa_register 7
  39 0006 7860     		str	r0, [r7, #4]
  40 0008 3960     		str	r1, [r7]
  78:Generated_Source\PSoC5/cyfitter_cfg.c **** 	(void)memset(s, 0, n);
  41              		.loc 1 78 0
  42 000a 3A68     		ldr	r2, [r7]
  43 000c 0021     		movs	r1, #0
  44 000e 7868     		ldr	r0, [r7, #4]
  45 0010 FFF7FEFF 		bl	memset
  79:Generated_Source\PSoC5/cyfitter_cfg.c **** }
  46              		.loc 1 79 0
  47 0014 00BF     		nop
  48 0016 0837     		adds	r7, r7, #8
  49              		.cfi_def_cfa_offset 8
  50 0018 BD46     		mov	sp, r7
  51              		.cfi_def_cfa_register 13
  52              		@ sp needed
  53 001a 80BD     		pop	{r7, pc}
  54              		.cfi_endproc
  55              	.LFE0:
  56              		.size	CYMEMZERO, .-CYMEMZERO
  57              		.section	.text.CYCONFIGCPY,"ax",%progbits
  58              		.align	2
  59              		.thumb
  60              		.thumb_func
  61              		.type	CYCONFIGCPY, %function
  62              	CYCONFIGCPY:
  63              	.LFB1:
  80:Generated_Source\PSoC5/cyfitter_cfg.c **** CY_CFG_UNUSED
  81:Generated_Source\PSoC5/cyfitter_cfg.c **** static void CYCONFIGCPY(void *dest, const void *src, size_t n);
  82:Generated_Source\PSoC5/cyfitter_cfg.c **** CY_CFG_UNUSED
  83:Generated_Source\PSoC5/cyfitter_cfg.c **** static void CYCONFIGCPY(void *dest, const void *src, size_t n)
  84:Generated_Source\PSoC5/cyfitter_cfg.c **** {
  64              		.loc 1 84 0
  65              		.cfi_startproc
  66              		@ args = 0, pretend = 0, frame = 16
  67              		@ frame_needed = 1, uses_anonymous_args = 0
  68 0000 80B5     		push	{r7, lr}
  69              		.cfi_def_cfa_offset 8
  70              		.cfi_offset 7, -8
  71              		.cfi_offset 14, -4
  72 0002 84B0     		sub	sp, sp, #16
  73              		.cfi_def_cfa_offset 24
  74 0004 00AF     		add	r7, sp, #0
  75              		.cfi_def_cfa_register 7
  76 0006 F860     		str	r0, [r7, #12]
  77 0008 B960     		str	r1, [r7, #8]
  78 000a 7A60     		str	r2, [r7, #4]
  85:Generated_Source\PSoC5/cyfitter_cfg.c **** 	(void)memcpy(dest, src, n);
  79              		.loc 1 85 0
  80 000c 7A68     		ldr	r2, [r7, #4]
  81 000e B968     		ldr	r1, [r7, #8]
  82 0010 F868     		ldr	r0, [r7, #12]
  83 0012 FFF7FEFF 		bl	memcpy
  86:Generated_Source\PSoC5/cyfitter_cfg.c **** }
  84              		.loc 1 86 0
  85 0016 00BF     		nop
ARM GAS  C:\Users\ggg88\AppData\Local\Temp\ccaY8Fe2.s 			page 4


  86 0018 1037     		adds	r7, r7, #16
  87              		.cfi_def_cfa_offset 8
  88 001a BD46     		mov	sp, r7
  89              		.cfi_def_cfa_register 13
  90              		@ sp needed
  91 001c 80BD     		pop	{r7, pc}
  92              		.cfi_endproc
  93              	.LFE1:
  94              		.size	CYCONFIGCPY, .-CYCONFIGCPY
  95 001e 00BF     		.section	.text.CYCONFIGCPYCODE,"ax",%progbits
  96              		.align	2
  97              		.thumb
  98              		.thumb_func
  99              		.type	CYCONFIGCPYCODE, %function
 100              	CYCONFIGCPYCODE:
 101              	.LFB2:
  87:Generated_Source\PSoC5/cyfitter_cfg.c **** CY_CFG_UNUSED
  88:Generated_Source\PSoC5/cyfitter_cfg.c **** static void CYCONFIGCPYCODE(void *dest, const void *src, size_t n);
  89:Generated_Source\PSoC5/cyfitter_cfg.c **** CY_CFG_UNUSED
  90:Generated_Source\PSoC5/cyfitter_cfg.c **** static void CYCONFIGCPYCODE(void *dest, const void *src, size_t n)
  91:Generated_Source\PSoC5/cyfitter_cfg.c **** {
 102              		.loc 1 91 0
 103              		.cfi_startproc
 104              		@ args = 0, pretend = 0, frame = 16
 105              		@ frame_needed = 1, uses_anonymous_args = 0
 106 0000 80B5     		push	{r7, lr}
 107              		.cfi_def_cfa_offset 8
 108              		.cfi_offset 7, -8
 109              		.cfi_offset 14, -4
 110 0002 84B0     		sub	sp, sp, #16
 111              		.cfi_def_cfa_offset 24
 112 0004 00AF     		add	r7, sp, #0
 113              		.cfi_def_cfa_register 7
 114 0006 F860     		str	r0, [r7, #12]
 115 0008 B960     		str	r1, [r7, #8]
 116 000a 7A60     		str	r2, [r7, #4]
  92:Generated_Source\PSoC5/cyfitter_cfg.c **** 	(void)memcpy(dest, src, n);
 117              		.loc 1 92 0
 118 000c 7A68     		ldr	r2, [r7, #4]
 119 000e B968     		ldr	r1, [r7, #8]
 120 0010 F868     		ldr	r0, [r7, #12]
 121 0012 FFF7FEFF 		bl	memcpy
  93:Generated_Source\PSoC5/cyfitter_cfg.c **** }
 122              		.loc 1 93 0
 123 0016 00BF     		nop
 124 0018 1037     		adds	r7, r7, #16
 125              		.cfi_def_cfa_offset 8
 126 001a BD46     		mov	sp, r7
 127              		.cfi_def_cfa_register 13
 128              		@ sp needed
 129 001c 80BD     		pop	{r7, pc}
 130              		.cfi_endproc
 131              	.LFE2:
 132              		.size	CYCONFIGCPYCODE, .-CYCONFIGCPYCODE
 133 001e 00BF     		.section	.text.CyClockStartupError,"ax",%progbits
 134              		.align	2
 135              		.thumb
ARM GAS  C:\Users\ggg88\AppData\Local\Temp\ccaY8Fe2.s 			page 5


 136              		.thumb_func
 137              		.type	CyClockStartupError, %function
 138              	CyClockStartupError:
 139              	.LFB3:
  94:Generated_Source\PSoC5/cyfitter_cfg.c **** 
  95:Generated_Source\PSoC5/cyfitter_cfg.c **** 
  96:Generated_Source\PSoC5/cyfitter_cfg.c **** 
  97:Generated_Source\PSoC5/cyfitter_cfg.c **** 
  98:Generated_Source\PSoC5/cyfitter_cfg.c **** /* Clock startup error codes                                                   */
  99:Generated_Source\PSoC5/cyfitter_cfg.c **** #define CYCLOCKSTART_NO_ERROR    0u
 100:Generated_Source\PSoC5/cyfitter_cfg.c **** #define CYCLOCKSTART_XTAL_ERROR  1u
 101:Generated_Source\PSoC5/cyfitter_cfg.c **** #define CYCLOCKSTART_32KHZ_ERROR 2u
 102:Generated_Source\PSoC5/cyfitter_cfg.c **** #define CYCLOCKSTART_PLL_ERROR   3u
 103:Generated_Source\PSoC5/cyfitter_cfg.c **** #define CYCLOCKSTART_FLL_ERROR   4u
 104:Generated_Source\PSoC5/cyfitter_cfg.c **** #define CYCLOCKSTART_WCO_ERROR   5u
 105:Generated_Source\PSoC5/cyfitter_cfg.c **** 
 106:Generated_Source\PSoC5/cyfitter_cfg.c **** 
 107:Generated_Source\PSoC5/cyfitter_cfg.c **** #ifdef CY_NEED_CYCLOCKSTARTUPERROR
 108:Generated_Source\PSoC5/cyfitter_cfg.c **** /*******************************************************************************
 109:Generated_Source\PSoC5/cyfitter_cfg.c **** * Function Name: CyClockStartupError
 110:Generated_Source\PSoC5/cyfitter_cfg.c **** ********************************************************************************
 111:Generated_Source\PSoC5/cyfitter_cfg.c **** * Summary:
 112:Generated_Source\PSoC5/cyfitter_cfg.c **** *  If an error is encountered during clock configuration (crystal startup error,
 113:Generated_Source\PSoC5/cyfitter_cfg.c **** *  PLL lock error, etc.), the system will end up here.  Unless reimplemented by
 114:Generated_Source\PSoC5/cyfitter_cfg.c **** *  the customer, this function will stop in an infinite loop.
 115:Generated_Source\PSoC5/cyfitter_cfg.c **** *
 116:Generated_Source\PSoC5/cyfitter_cfg.c **** * Parameters:
 117:Generated_Source\PSoC5/cyfitter_cfg.c **** *   void
 118:Generated_Source\PSoC5/cyfitter_cfg.c **** *
 119:Generated_Source\PSoC5/cyfitter_cfg.c **** * Return:
 120:Generated_Source\PSoC5/cyfitter_cfg.c **** *   void
 121:Generated_Source\PSoC5/cyfitter_cfg.c **** *
 122:Generated_Source\PSoC5/cyfitter_cfg.c **** *******************************************************************************/
 123:Generated_Source\PSoC5/cyfitter_cfg.c **** CY_CFG_UNUSED
 124:Generated_Source\PSoC5/cyfitter_cfg.c **** static void CyClockStartupError(uint8 errorCode);
 125:Generated_Source\PSoC5/cyfitter_cfg.c **** CY_CFG_UNUSED
 126:Generated_Source\PSoC5/cyfitter_cfg.c **** static void CyClockStartupError(uint8 errorCode)
 127:Generated_Source\PSoC5/cyfitter_cfg.c **** {
 140              		.loc 1 127 0
 141              		.cfi_startproc
 142              		@ args = 0, pretend = 0, frame = 8
 143              		@ frame_needed = 1, uses_anonymous_args = 0
 144              		@ link register save eliminated.
 145 0000 80B4     		push	{r7}
 146              		.cfi_def_cfa_offset 4
 147              		.cfi_offset 7, -4
 148 0002 83B0     		sub	sp, sp, #12
 149              		.cfi_def_cfa_offset 16
 150 0004 00AF     		add	r7, sp, #0
 151              		.cfi_def_cfa_register 7
 152 0006 0346     		mov	r3, r0
 153 0008 FB71     		strb	r3, [r7, #7]
 154              	.L5:
 128:Generated_Source\PSoC5/cyfitter_cfg.c ****     /* To remove the compiler warning if errorCode not used.                */
 129:Generated_Source\PSoC5/cyfitter_cfg.c ****     errorCode = errorCode;
 130:Generated_Source\PSoC5/cyfitter_cfg.c **** 
 131:Generated_Source\PSoC5/cyfitter_cfg.c ****     /* If we have a clock startup error (bad MHz crystal, PLL lock, etc.),  */
ARM GAS  C:\Users\ggg88\AppData\Local\Temp\ccaY8Fe2.s 			page 6


 132:Generated_Source\PSoC5/cyfitter_cfg.c ****     /* we will end up here to allow the customer to implement something to  */
 133:Generated_Source\PSoC5/cyfitter_cfg.c ****     /* deal with the clock condition.                                       */
 134:Generated_Source\PSoC5/cyfitter_cfg.c **** 
 135:Generated_Source\PSoC5/cyfitter_cfg.c **** #ifdef CY_CFG_CLOCK_STARTUP_ERROR_CALLBACK
 136:Generated_Source\PSoC5/cyfitter_cfg.c ****     CY_CFG_Clock_Startup_ErrorCallback();
 137:Generated_Source\PSoC5/cyfitter_cfg.c **** #else
 138:Generated_Source\PSoC5/cyfitter_cfg.c ****     /*  If not using CY_CFG_CLOCK_STARTUP_ERROR_CALLBACK, place your clock startup code here. */
 139:Generated_Source\PSoC5/cyfitter_cfg.c ****     /* `#START CyClockStartupError` */
 140:Generated_Source\PSoC5/cyfitter_cfg.c **** 
 141:Generated_Source\PSoC5/cyfitter_cfg.c **** 
 142:Generated_Source\PSoC5/cyfitter_cfg.c **** 
 143:Generated_Source\PSoC5/cyfitter_cfg.c ****     /* `#END` */
 144:Generated_Source\PSoC5/cyfitter_cfg.c **** 
 145:Generated_Source\PSoC5/cyfitter_cfg.c ****     while(1) {}
 155              		.loc 1 145 0 discriminator 1
 156 000a FEE7     		b	.L5
 157              		.cfi_endproc
 158              	.LFE3:
 159              		.size	CyClockStartupError, .-CyClockStartupError
 160              		.section	.text.ClockSetup,"ax",%progbits
 161              		.align	2
 162              		.thumb
 163              		.thumb_func
 164              		.type	ClockSetup, %function
 165              	ClockSetup:
 166              	.LFB4:
 146:Generated_Source\PSoC5/cyfitter_cfg.c **** #endif /* CY_CFG_CLOCK_STARTUP_ERROR_CALLBACK */
 147:Generated_Source\PSoC5/cyfitter_cfg.c **** }
 148:Generated_Source\PSoC5/cyfitter_cfg.c **** #endif
 149:Generated_Source\PSoC5/cyfitter_cfg.c **** 
 150:Generated_Source\PSoC5/cyfitter_cfg.c **** /* IDMUX Address: CYREG_IDMUX_DRQ_CTL0 Size (bytes): 6 */
 151:Generated_Source\PSoC5/cyfitter_cfg.c **** #define BS_IDMUX_VAL ((const uint8 CYFAR *)0x48000000u)
 152:Generated_Source\PSoC5/cyfitter_cfg.c **** 
 153:Generated_Source\PSoC5/cyfitter_cfg.c **** /* IOPORT_0 Address: CYDEV_PRTDSI_PRT0_BASE Size (bytes): 7 */
 154:Generated_Source\PSoC5/cyfitter_cfg.c **** #define BS_IOPORT_0_VAL ((const uint8 CYFAR *)0x48000008u)
 155:Generated_Source\PSoC5/cyfitter_cfg.c **** 
 156:Generated_Source\PSoC5/cyfitter_cfg.c **** /* IOPORT_3 Address: CYDEV_PRTDSI_PRT3_BASE Size (bytes): 7 */
 157:Generated_Source\PSoC5/cyfitter_cfg.c **** #define BS_IOPORT_3_VAL ((const uint8 CYFAR *)0x48000010u)
 158:Generated_Source\PSoC5/cyfitter_cfg.c **** 
 159:Generated_Source\PSoC5/cyfitter_cfg.c **** /* IOPORT_4 Address: CYDEV_PRTDSI_PRT4_BASE Size (bytes): 7 */
 160:Generated_Source\PSoC5/cyfitter_cfg.c **** #define BS_IOPORT_4_VAL ((const uint8 CYFAR *)0x48000018u)
 161:Generated_Source\PSoC5/cyfitter_cfg.c **** 
 162:Generated_Source\PSoC5/cyfitter_cfg.c **** /* PICU_4 Address: CYDEV_PICU_INTTYPE_PICU4_BASE Size (bytes): 8 */
 163:Generated_Source\PSoC5/cyfitter_cfg.c **** #define BS_PICU_4_VAL ((const uint8 CYFAR *)0x48000020u)
 164:Generated_Source\PSoC5/cyfitter_cfg.c **** 
 165:Generated_Source\PSoC5/cyfitter_cfg.c **** /* IOPORT_5 Address: CYDEV_PRTDSI_PRT5_BASE Size (bytes): 7 */
 166:Generated_Source\PSoC5/cyfitter_cfg.c **** #define BS_IOPORT_5_VAL ((const uint8 CYFAR *)0x48000028u)
 167:Generated_Source\PSoC5/cyfitter_cfg.c **** 
 168:Generated_Source\PSoC5/cyfitter_cfg.c **** /* PICU_7 Address: CYDEV_PICU_INTTYPE_PICU12_BASE Size (bytes): 8 */
 169:Generated_Source\PSoC5/cyfitter_cfg.c **** #define BS_PICU_7_VAL ((const uint8 CYFAR *)0x48000030u)
 170:Generated_Source\PSoC5/cyfitter_cfg.c **** 
 171:Generated_Source\PSoC5/cyfitter_cfg.c **** /* IOPORT_8 Address: CYDEV_PRTDSI_PRT15_BASE Size (bytes): 7 */
 172:Generated_Source\PSoC5/cyfitter_cfg.c **** #define BS_IOPORT_8_VAL ((const uint8 CYFAR *)0x48000038u)
 173:Generated_Source\PSoC5/cyfitter_cfg.c **** 
 174:Generated_Source\PSoC5/cyfitter_cfg.c **** /* PICU_8 Address: CYDEV_PICU_INTTYPE_PICU15_BASE Size (bytes): 8 */
 175:Generated_Source\PSoC5/cyfitter_cfg.c **** #define BS_PICU_8_VAL ((const uint8 CYFAR *)0x48000040u)
 176:Generated_Source\PSoC5/cyfitter_cfg.c **** 
ARM GAS  C:\Users\ggg88\AppData\Local\Temp\ccaY8Fe2.s 			page 7


 177:Generated_Source\PSoC5/cyfitter_cfg.c **** /* IDMUX_IRQ Address: CYREG_IDMUX_IRQ_CTL0 Size (bytes): 8 */
 178:Generated_Source\PSoC5/cyfitter_cfg.c **** #define BS_IDMUX_IRQ_VAL ((const uint8 CYFAR *)0x48000048u)
 179:Generated_Source\PSoC5/cyfitter_cfg.c **** 
 180:Generated_Source\PSoC5/cyfitter_cfg.c **** /* SAR0 Address: CYREG_SAR0_SW0 Size (bytes): 8 */
 181:Generated_Source\PSoC5/cyfitter_cfg.c **** #define BS_SAR0_VAL ((const uint8 CYFAR *)0x48000050u)
 182:Generated_Source\PSoC5/cyfitter_cfg.c **** 
 183:Generated_Source\PSoC5/cyfitter_cfg.c **** /* UDB_1_5_0_CONFIG Address: CYDEV_UCFG_B0_P0_U0_BASE Size (bytes): 128 */
 184:Generated_Source\PSoC5/cyfitter_cfg.c **** #define BS_UDB_1_5_0_CONFIG_VAL ((const uint8 CYFAR *)0x48000058u)
 185:Generated_Source\PSoC5/cyfitter_cfg.c **** 
 186:Generated_Source\PSoC5/cyfitter_cfg.c **** /* UDB_1_5_1_CONFIG Address: CYDEV_UCFG_B0_P0_U1_BASE Size (bytes): 128 */
 187:Generated_Source\PSoC5/cyfitter_cfg.c **** #define BS_UDB_1_5_1_CONFIG_VAL ((const uint8 CYFAR *)0x480000D8u)
 188:Generated_Source\PSoC5/cyfitter_cfg.c **** 
 189:Generated_Source\PSoC5/cyfitter_cfg.c **** /* UDB_1_4_1_CONFIG Address: CYDEV_UCFG_B0_P1_U0_BASE Size (bytes): 128 */
 190:Generated_Source\PSoC5/cyfitter_cfg.c **** #define BS_UDB_1_4_1_CONFIG_VAL ((const uint8 CYFAR *)0x48000158u)
 191:Generated_Source\PSoC5/cyfitter_cfg.c **** 
 192:Generated_Source\PSoC5/cyfitter_cfg.c **** /* UDB_1_4_0_CONFIG Address: CYDEV_UCFG_B0_P1_U1_BASE Size (bytes): 128 */
 193:Generated_Source\PSoC5/cyfitter_cfg.c **** #define BS_UDB_1_4_0_CONFIG_VAL ((const uint8 CYFAR *)0x480001D8u)
 194:Generated_Source\PSoC5/cyfitter_cfg.c **** 
 195:Generated_Source\PSoC5/cyfitter_cfg.c **** /* UDB_1_3_0_CONFIG Address: CYDEV_UCFG_B0_P2_U0_BASE Size (bytes): 128 */
 196:Generated_Source\PSoC5/cyfitter_cfg.c **** #define BS_UDB_1_3_0_CONFIG_VAL ((const uint8 CYFAR *)0x48000258u)
 197:Generated_Source\PSoC5/cyfitter_cfg.c **** 
 198:Generated_Source\PSoC5/cyfitter_cfg.c **** /* UDB_1_3_1_CONFIG Address: CYDEV_UCFG_B0_P2_U1_BASE Size (bytes): 128 */
 199:Generated_Source\PSoC5/cyfitter_cfg.c **** #define BS_UDB_1_3_1_CONFIG_VAL ((const uint8 CYFAR *)0x480002D8u)
 200:Generated_Source\PSoC5/cyfitter_cfg.c **** 
 201:Generated_Source\PSoC5/cyfitter_cfg.c **** /* UDB_1_2_1_CONFIG Address: CYDEV_UCFG_B0_P3_U0_BASE Size (bytes): 128 */
 202:Generated_Source\PSoC5/cyfitter_cfg.c **** #define BS_UDB_1_2_1_CONFIG_VAL ((const uint8 CYFAR *)0x48000358u)
 203:Generated_Source\PSoC5/cyfitter_cfg.c **** 
 204:Generated_Source\PSoC5/cyfitter_cfg.c **** /* UDB_1_2_0_CONFIG Address: CYDEV_UCFG_B0_P3_U1_BASE Size (bytes): 128 */
 205:Generated_Source\PSoC5/cyfitter_cfg.c **** #define BS_UDB_1_2_0_CONFIG_VAL ((const uint8 CYFAR *)0x480003D8u)
 206:Generated_Source\PSoC5/cyfitter_cfg.c **** 
 207:Generated_Source\PSoC5/cyfitter_cfg.c **** /* UDB_0_2_1_CONFIG Address: CYDEV_UCFG_B0_P4_U0_BASE Size (bytes): 128 */
 208:Generated_Source\PSoC5/cyfitter_cfg.c **** #define BS_UDB_0_2_1_CONFIG_VAL ((const uint8 CYFAR *)0x48000458u)
 209:Generated_Source\PSoC5/cyfitter_cfg.c **** 
 210:Generated_Source\PSoC5/cyfitter_cfg.c **** /* UDB_0_2_0_CONFIG Address: CYDEV_UCFG_B0_P4_U1_BASE Size (bytes): 128 */
 211:Generated_Source\PSoC5/cyfitter_cfg.c **** #define BS_UDB_0_2_0_CONFIG_VAL ((const uint8 CYFAR *)0x480004D8u)
 212:Generated_Source\PSoC5/cyfitter_cfg.c **** 
 213:Generated_Source\PSoC5/cyfitter_cfg.c **** /* UDB_0_3_0_CONFIG Address: CYDEV_UCFG_B0_P5_U0_BASE Size (bytes): 128 */
 214:Generated_Source\PSoC5/cyfitter_cfg.c **** #define BS_UDB_0_3_0_CONFIG_VAL ((const uint8 CYFAR *)0x48000558u)
 215:Generated_Source\PSoC5/cyfitter_cfg.c **** 
 216:Generated_Source\PSoC5/cyfitter_cfg.c **** /* UDB_0_3_1_CONFIG Address: CYDEV_UCFG_B0_P5_U1_BASE Size (bytes): 128 */
 217:Generated_Source\PSoC5/cyfitter_cfg.c **** #define BS_UDB_0_3_1_CONFIG_VAL ((const uint8 CYFAR *)0x480005D8u)
 218:Generated_Source\PSoC5/cyfitter_cfg.c **** 
 219:Generated_Source\PSoC5/cyfitter_cfg.c **** /* UDB_0_4_1_CONFIG Address: CYDEV_UCFG_B0_P6_U0_BASE Size (bytes): 128 */
 220:Generated_Source\PSoC5/cyfitter_cfg.c **** #define BS_UDB_0_4_1_CONFIG_VAL ((const uint8 CYFAR *)0x48000658u)
 221:Generated_Source\PSoC5/cyfitter_cfg.c **** 
 222:Generated_Source\PSoC5/cyfitter_cfg.c **** /* UDB_0_4_0_CONFIG Address: CYDEV_UCFG_B0_P6_U1_BASE Size (bytes): 128 */
 223:Generated_Source\PSoC5/cyfitter_cfg.c **** #define BS_UDB_0_4_0_CONFIG_VAL ((const uint8 CYFAR *)0x480006D8u)
 224:Generated_Source\PSoC5/cyfitter_cfg.c **** 
 225:Generated_Source\PSoC5/cyfitter_cfg.c **** /* UDB_1_0_0_CONFIG Address: CYDEV_UCFG_B1_P2_U0_BASE Size (bytes): 128 */
 226:Generated_Source\PSoC5/cyfitter_cfg.c **** #define BS_UDB_1_0_0_CONFIG_VAL ((const uint8 CYFAR *)0x48000758u)
 227:Generated_Source\PSoC5/cyfitter_cfg.c **** 
 228:Generated_Source\PSoC5/cyfitter_cfg.c **** /* UDB_1_0_1_CONFIG Address: CYDEV_UCFG_B1_P2_U1_BASE Size (bytes): 128 */
 229:Generated_Source\PSoC5/cyfitter_cfg.c **** #define BS_UDB_1_0_1_CONFIG_VAL ((const uint8 CYFAR *)0x480007D8u)
 230:Generated_Source\PSoC5/cyfitter_cfg.c **** 
 231:Generated_Source\PSoC5/cyfitter_cfg.c **** /* UDB_1_1_1_CONFIG Address: CYDEV_UCFG_B1_P3_U0_BASE Size (bytes): 128 */
 232:Generated_Source\PSoC5/cyfitter_cfg.c **** #define BS_UDB_1_1_1_CONFIG_VAL ((const uint8 CYFAR *)0x48000858u)
 233:Generated_Source\PSoC5/cyfitter_cfg.c **** 
ARM GAS  C:\Users\ggg88\AppData\Local\Temp\ccaY8Fe2.s 			page 8


 234:Generated_Source\PSoC5/cyfitter_cfg.c **** /* UDB_1_1_0_CONFIG Address: CYDEV_UCFG_B1_P3_U1_BASE Size (bytes): 128 */
 235:Generated_Source\PSoC5/cyfitter_cfg.c **** #define BS_UDB_1_1_0_CONFIG_VAL ((const uint8 CYFAR *)0x480008D8u)
 236:Generated_Source\PSoC5/cyfitter_cfg.c **** 
 237:Generated_Source\PSoC5/cyfitter_cfg.c **** /* UDB_0_1_1_CONFIG Address: CYDEV_UCFG_B1_P4_U0_BASE Size (bytes): 128 */
 238:Generated_Source\PSoC5/cyfitter_cfg.c **** #define BS_UDB_0_1_1_CONFIG_VAL ((const uint8 CYFAR *)0x48000958u)
 239:Generated_Source\PSoC5/cyfitter_cfg.c **** 
 240:Generated_Source\PSoC5/cyfitter_cfg.c **** /* UDB_0_1_0_CONFIG Address: CYDEV_UCFG_B1_P4_U1_BASE Size (bytes): 128 */
 241:Generated_Source\PSoC5/cyfitter_cfg.c **** #define BS_UDB_0_1_0_CONFIG_VAL ((const uint8 CYFAR *)0x480009D8u)
 242:Generated_Source\PSoC5/cyfitter_cfg.c **** 
 243:Generated_Source\PSoC5/cyfitter_cfg.c **** /* UDB_0_0_0_CONFIG Address: CYDEV_UCFG_B1_P5_U0_BASE Size (bytes): 128 */
 244:Generated_Source\PSoC5/cyfitter_cfg.c **** #define BS_UDB_0_0_0_CONFIG_VAL ((const uint8 CYFAR *)0x48000A58u)
 245:Generated_Source\PSoC5/cyfitter_cfg.c **** 
 246:Generated_Source\PSoC5/cyfitter_cfg.c **** /* UDB_0_0_1_CONFIG Address: CYDEV_UCFG_B1_P5_U1_BASE Size (bytes): 128 */
 247:Generated_Source\PSoC5/cyfitter_cfg.c **** #define BS_UDB_0_0_1_CONFIG_VAL ((const uint8 CYFAR *)0x48000AD8u)
 248:Generated_Source\PSoC5/cyfitter_cfg.c **** 
 249:Generated_Source\PSoC5/cyfitter_cfg.c **** /* UWRK_B0_WRK_STATCTL_BITS Address: CYDEV_UWRK_UWRK8_B0_BASE + 0x00000070u Size (bytes): 32 */
 250:Generated_Source\PSoC5/cyfitter_cfg.c **** #define BS_UWRK_B0_WRK_STATCTL_BITS_VAL ((const uint8 CYFAR *)0x48000B58u)
 251:Generated_Source\PSoC5/cyfitter_cfg.c **** 
 252:Generated_Source\PSoC5/cyfitter_cfg.c **** /* UWRK_B1_WRK_STATCTL_BITS Address: CYDEV_UWRK_UWRK8_B1_BASE + 0x00000070u Size (bytes): 32 */
 253:Generated_Source\PSoC5/cyfitter_cfg.c **** #define BS_UWRK_B1_WRK_STATCTL_BITS_VAL ((const uint8 CYFAR *)0x48000B78u)
 254:Generated_Source\PSoC5/cyfitter_cfg.c **** 
 255:Generated_Source\PSoC5/cyfitter_cfg.c **** /* UCFG_BCTL1 Address: CYREG_BCTL1_MDCLK_EN Size (bytes): 16 */
 256:Generated_Source\PSoC5/cyfitter_cfg.c **** #define BS_UCFG_BCTL1_VAL ((const uint8 CYFAR *)0x48000B98u)
 257:Generated_Source\PSoC5/cyfitter_cfg.c **** 
 258:Generated_Source\PSoC5/cyfitter_cfg.c **** /* UCFG_BCTL0 Address: CYREG_BCTL0_MDCLK_EN Size (bytes): 16 */
 259:Generated_Source\PSoC5/cyfitter_cfg.c **** #define BS_UCFG_BCTL0_VAL ((const uint8 CYFAR *)0x48000BA8u)
 260:Generated_Source\PSoC5/cyfitter_cfg.c **** 
 261:Generated_Source\PSoC5/cyfitter_cfg.c **** /* DSISWITCH_0_0 Address: CYDEV_UCFG_DSI13_BASE Size (bytes): 128 */
 262:Generated_Source\PSoC5/cyfitter_cfg.c **** #define BS_DSISWITCH_0_0_VAL ((const uint8 CYFAR *)0x48000BB8u)
 263:Generated_Source\PSoC5/cyfitter_cfg.c **** 
 264:Generated_Source\PSoC5/cyfitter_cfg.c **** /* DSI0_0_HV_ROUTING Address: CYDEV_UCFG_DSI13_BASE + 0x00000080u Size (bytes): 128 */
 265:Generated_Source\PSoC5/cyfitter_cfg.c **** #define BS_DSI0_0_HV_ROUTING_VAL ((const uint8 CYFAR *)0x48000C38u)
 266:Generated_Source\PSoC5/cyfitter_cfg.c **** 
 267:Generated_Source\PSoC5/cyfitter_cfg.c **** /* DSISWITCH_0_1 Address: CYDEV_UCFG_DSI12_BASE Size (bytes): 128 */
 268:Generated_Source\PSoC5/cyfitter_cfg.c **** #define BS_DSISWITCH_0_1_VAL ((const uint8 CYFAR *)0x48000CB8u)
 269:Generated_Source\PSoC5/cyfitter_cfg.c **** 
 270:Generated_Source\PSoC5/cyfitter_cfg.c **** /* DSI0_1_HV_ROUTING Address: CYDEV_UCFG_DSI12_BASE + 0x00000080u Size (bytes): 128 */
 271:Generated_Source\PSoC5/cyfitter_cfg.c **** #define BS_DSI0_1_HV_ROUTING_VAL ((const uint8 CYFAR *)0x48000D38u)
 272:Generated_Source\PSoC5/cyfitter_cfg.c **** 
 273:Generated_Source\PSoC5/cyfitter_cfg.c **** /* DSISWITCH_0_2 Address: CYDEV_UCFG_DSI7_BASE Size (bytes): 128 */
 274:Generated_Source\PSoC5/cyfitter_cfg.c **** #define BS_DSISWITCH_0_2_VAL ((const uint8 CYFAR *)0x48000DB8u)
 275:Generated_Source\PSoC5/cyfitter_cfg.c **** 
 276:Generated_Source\PSoC5/cyfitter_cfg.c **** /* DSI0_2_HV_ROUTING Address: CYDEV_UCFG_DSI7_BASE + 0x00000080u Size (bytes): 128 */
 277:Generated_Source\PSoC5/cyfitter_cfg.c **** #define BS_DSI0_2_HV_ROUTING_VAL ((const uint8 CYFAR *)0x48000E38u)
 278:Generated_Source\PSoC5/cyfitter_cfg.c **** 
 279:Generated_Source\PSoC5/cyfitter_cfg.c **** /* DSISWITCH_0_3 Address: CYDEV_UCFG_DSI6_BASE Size (bytes): 128 */
 280:Generated_Source\PSoC5/cyfitter_cfg.c **** #define BS_DSISWITCH_0_3_VAL ((const uint8 CYFAR *)0x48000EB8u)
 281:Generated_Source\PSoC5/cyfitter_cfg.c **** 
 282:Generated_Source\PSoC5/cyfitter_cfg.c **** /* DSI0_3_HV_ROUTING Address: CYDEV_UCFG_DSI6_BASE + 0x00000080u Size (bytes): 128 */
 283:Generated_Source\PSoC5/cyfitter_cfg.c **** #define BS_DSI0_3_HV_ROUTING_VAL ((const uint8 CYFAR *)0x48000F38u)
 284:Generated_Source\PSoC5/cyfitter_cfg.c **** 
 285:Generated_Source\PSoC5/cyfitter_cfg.c **** /* DSISWITCH_0_4 Address: CYDEV_UCFG_DSI5_BASE Size (bytes): 128 */
 286:Generated_Source\PSoC5/cyfitter_cfg.c **** #define BS_DSISWITCH_0_4_VAL ((const uint8 CYFAR *)0x48000FB8u)
 287:Generated_Source\PSoC5/cyfitter_cfg.c **** 
 288:Generated_Source\PSoC5/cyfitter_cfg.c **** /* DSI0_4_HV_ROUTING Address: CYDEV_UCFG_DSI5_BASE + 0x00000080u Size (bytes): 128 */
 289:Generated_Source\PSoC5/cyfitter_cfg.c **** #define BS_DSI0_4_HV_ROUTING_VAL ((const uint8 CYFAR *)0x48001038u)
 290:Generated_Source\PSoC5/cyfitter_cfg.c **** 
ARM GAS  C:\Users\ggg88\AppData\Local\Temp\ccaY8Fe2.s 			page 9


 291:Generated_Source\PSoC5/cyfitter_cfg.c **** /* DSISWITCH_0_5 Address: CYDEV_UCFG_DSI4_BASE Size (bytes): 128 */
 292:Generated_Source\PSoC5/cyfitter_cfg.c **** #define BS_DSISWITCH_0_5_VAL ((const uint8 CYFAR *)0x480010B8u)
 293:Generated_Source\PSoC5/cyfitter_cfg.c **** 
 294:Generated_Source\PSoC5/cyfitter_cfg.c **** /* DSI0_5_HV_ROUTING Address: CYDEV_UCFG_DSI4_BASE + 0x00000080u Size (bytes): 128 */
 295:Generated_Source\PSoC5/cyfitter_cfg.c **** #define BS_DSI0_5_HV_ROUTING_VAL ((const uint8 CYFAR *)0x48001138u)
 296:Generated_Source\PSoC5/cyfitter_cfg.c **** 
 297:Generated_Source\PSoC5/cyfitter_cfg.c **** /* UDBSWITCH_0_0 Address: CYDEV_UCFG_B1_P5_ROUTE_BASE Size (bytes): 128 */
 298:Generated_Source\PSoC5/cyfitter_cfg.c **** #define BS_UDBSWITCH_0_0_VAL ((const uint8 CYFAR *)0x480011B8u)
 299:Generated_Source\PSoC5/cyfitter_cfg.c **** 
 300:Generated_Source\PSoC5/cyfitter_cfg.c **** /* UDB_1_0_HV_ROUTING Address: CYDEV_UCFG_B1_P5_ROUTE_BASE + 0x00000080u Size (bytes): 128 */
 301:Generated_Source\PSoC5/cyfitter_cfg.c **** #define BS_UDB_1_0_HV_ROUTING_VAL ((const uint8 CYFAR *)0x48001238u)
 302:Generated_Source\PSoC5/cyfitter_cfg.c **** 
 303:Generated_Source\PSoC5/cyfitter_cfg.c **** /* UDBSWITCH_1_0 Address: CYDEV_UCFG_B1_P2_ROUTE_BASE Size (bytes): 128 */
 304:Generated_Source\PSoC5/cyfitter_cfg.c **** #define BS_UDBSWITCH_1_0_VAL ((const uint8 CYFAR *)0x480012B8u)
 305:Generated_Source\PSoC5/cyfitter_cfg.c **** 
 306:Generated_Source\PSoC5/cyfitter_cfg.c **** /* UDB_2_0_HV_ROUTING Address: CYDEV_UCFG_B1_P2_ROUTE_BASE + 0x00000080u Size (bytes): 128 */
 307:Generated_Source\PSoC5/cyfitter_cfg.c **** #define BS_UDB_2_0_HV_ROUTING_VAL ((const uint8 CYFAR *)0x48001338u)
 308:Generated_Source\PSoC5/cyfitter_cfg.c **** 
 309:Generated_Source\PSoC5/cyfitter_cfg.c **** /* UDBSWITCH_0_1 Address: CYDEV_UCFG_B1_P4_ROUTE_BASE Size (bytes): 128 */
 310:Generated_Source\PSoC5/cyfitter_cfg.c **** #define BS_UDBSWITCH_0_1_VAL ((const uint8 CYFAR *)0x480013B8u)
 311:Generated_Source\PSoC5/cyfitter_cfg.c **** 
 312:Generated_Source\PSoC5/cyfitter_cfg.c **** /* UDB_1_1_HV_ROUTING Address: CYDEV_UCFG_B1_P4_ROUTE_BASE + 0x00000080u Size (bytes): 128 */
 313:Generated_Source\PSoC5/cyfitter_cfg.c **** #define BS_UDB_1_1_HV_ROUTING_VAL ((const uint8 CYFAR *)0x48001438u)
 314:Generated_Source\PSoC5/cyfitter_cfg.c **** 
 315:Generated_Source\PSoC5/cyfitter_cfg.c **** /* UDBSWITCH_1_1 Address: CYDEV_UCFG_B1_P3_ROUTE_BASE Size (bytes): 128 */
 316:Generated_Source\PSoC5/cyfitter_cfg.c **** #define BS_UDBSWITCH_1_1_VAL ((const uint8 CYFAR *)0x480014B8u)
 317:Generated_Source\PSoC5/cyfitter_cfg.c **** 
 318:Generated_Source\PSoC5/cyfitter_cfg.c **** /* UDB_2_1_HV_ROUTING Address: CYDEV_UCFG_B1_P3_ROUTE_BASE + 0x00000080u Size (bytes): 128 */
 319:Generated_Source\PSoC5/cyfitter_cfg.c **** #define BS_UDB_2_1_HV_ROUTING_VAL ((const uint8 CYFAR *)0x48001538u)
 320:Generated_Source\PSoC5/cyfitter_cfg.c **** 
 321:Generated_Source\PSoC5/cyfitter_cfg.c **** /* UDBSWITCH_0_2 Address: CYDEV_UCFG_B0_P4_ROUTE_BASE Size (bytes): 128 */
 322:Generated_Source\PSoC5/cyfitter_cfg.c **** #define BS_UDBSWITCH_0_2_VAL ((const uint8 CYFAR *)0x480015B8u)
 323:Generated_Source\PSoC5/cyfitter_cfg.c **** 
 324:Generated_Source\PSoC5/cyfitter_cfg.c **** /* UDB_1_2_HV_ROUTING Address: CYDEV_UCFG_B0_P4_ROUTE_BASE + 0x00000080u Size (bytes): 128 */
 325:Generated_Source\PSoC5/cyfitter_cfg.c **** #define BS_UDB_1_2_HV_ROUTING_VAL ((const uint8 CYFAR *)0x48001638u)
 326:Generated_Source\PSoC5/cyfitter_cfg.c **** 
 327:Generated_Source\PSoC5/cyfitter_cfg.c **** /* UDBSWITCH_1_2 Address: CYDEV_UCFG_B0_P3_ROUTE_BASE Size (bytes): 128 */
 328:Generated_Source\PSoC5/cyfitter_cfg.c **** #define BS_UDBSWITCH_1_2_VAL ((const uint8 CYFAR *)0x480016B8u)
 329:Generated_Source\PSoC5/cyfitter_cfg.c **** 
 330:Generated_Source\PSoC5/cyfitter_cfg.c **** /* UDB_2_2_HV_ROUTING Address: CYDEV_UCFG_B0_P3_ROUTE_BASE + 0x00000080u Size (bytes): 128 */
 331:Generated_Source\PSoC5/cyfitter_cfg.c **** #define BS_UDB_2_2_HV_ROUTING_VAL ((const uint8 CYFAR *)0x48001738u)
 332:Generated_Source\PSoC5/cyfitter_cfg.c **** 
 333:Generated_Source\PSoC5/cyfitter_cfg.c **** /* UDBSWITCH_0_3 Address: CYDEV_UCFG_B0_P5_ROUTE_BASE Size (bytes): 128 */
 334:Generated_Source\PSoC5/cyfitter_cfg.c **** #define BS_UDBSWITCH_0_3_VAL ((const uint8 CYFAR *)0x480017B8u)
 335:Generated_Source\PSoC5/cyfitter_cfg.c **** 
 336:Generated_Source\PSoC5/cyfitter_cfg.c **** /* UDB_1_3_HV_ROUTING Address: CYDEV_UCFG_B0_P5_ROUTE_BASE + 0x00000080u Size (bytes): 128 */
 337:Generated_Source\PSoC5/cyfitter_cfg.c **** #define BS_UDB_1_3_HV_ROUTING_VAL ((const uint8 CYFAR *)0x48001838u)
 338:Generated_Source\PSoC5/cyfitter_cfg.c **** 
 339:Generated_Source\PSoC5/cyfitter_cfg.c **** /* UDBSWITCH_1_3 Address: CYDEV_UCFG_B0_P2_ROUTE_BASE Size (bytes): 128 */
 340:Generated_Source\PSoC5/cyfitter_cfg.c **** #define BS_UDBSWITCH_1_3_VAL ((const uint8 CYFAR *)0x480018B8u)
 341:Generated_Source\PSoC5/cyfitter_cfg.c **** 
 342:Generated_Source\PSoC5/cyfitter_cfg.c **** /* UDB_2_3_HV_ROUTING Address: CYDEV_UCFG_B0_P2_ROUTE_BASE + 0x00000080u Size (bytes): 128 */
 343:Generated_Source\PSoC5/cyfitter_cfg.c **** #define BS_UDB_2_3_HV_ROUTING_VAL ((const uint8 CYFAR *)0x48001938u)
 344:Generated_Source\PSoC5/cyfitter_cfg.c **** 
 345:Generated_Source\PSoC5/cyfitter_cfg.c **** /* UDBSWITCH_0_4 Address: CYDEV_UCFG_B0_P6_ROUTE_BASE Size (bytes): 128 */
 346:Generated_Source\PSoC5/cyfitter_cfg.c **** #define BS_UDBSWITCH_0_4_VAL ((const uint8 CYFAR *)0x480019B8u)
 347:Generated_Source\PSoC5/cyfitter_cfg.c **** 
ARM GAS  C:\Users\ggg88\AppData\Local\Temp\ccaY8Fe2.s 			page 10


 348:Generated_Source\PSoC5/cyfitter_cfg.c **** /* UDB_1_4_HV_ROUTING Address: CYDEV_UCFG_B0_P6_ROUTE_BASE + 0x00000080u Size (bytes): 128 */
 349:Generated_Source\PSoC5/cyfitter_cfg.c **** #define BS_UDB_1_4_HV_ROUTING_VAL ((const uint8 CYFAR *)0x48001A38u)
 350:Generated_Source\PSoC5/cyfitter_cfg.c **** 
 351:Generated_Source\PSoC5/cyfitter_cfg.c **** /* UDBSWITCH_1_4 Address: CYDEV_UCFG_B0_P1_ROUTE_BASE Size (bytes): 128 */
 352:Generated_Source\PSoC5/cyfitter_cfg.c **** #define BS_UDBSWITCH_1_4_VAL ((const uint8 CYFAR *)0x48001AB8u)
 353:Generated_Source\PSoC5/cyfitter_cfg.c **** 
 354:Generated_Source\PSoC5/cyfitter_cfg.c **** /* UDB_2_4_HV_ROUTING Address: CYDEV_UCFG_B0_P1_ROUTE_BASE + 0x00000080u Size (bytes): 128 */
 355:Generated_Source\PSoC5/cyfitter_cfg.c **** #define BS_UDB_2_4_HV_ROUTING_VAL ((const uint8 CYFAR *)0x48001B38u)
 356:Generated_Source\PSoC5/cyfitter_cfg.c **** 
 357:Generated_Source\PSoC5/cyfitter_cfg.c **** /* UDB_1_5_HV_ROUTING Address: CYDEV_UCFG_B0_P7_ROUTE_BASE + 0x00000080u Size (bytes): 128 */
 358:Generated_Source\PSoC5/cyfitter_cfg.c **** #define BS_UDB_1_5_HV_ROUTING_VAL ((const uint8 CYFAR *)0x48001BB8u)
 359:Generated_Source\PSoC5/cyfitter_cfg.c **** 
 360:Generated_Source\PSoC5/cyfitter_cfg.c **** /* UDBSWITCH_1_5 Address: CYDEV_UCFG_B0_P0_ROUTE_BASE Size (bytes): 128 */
 361:Generated_Source\PSoC5/cyfitter_cfg.c **** #define BS_UDBSWITCH_1_5_VAL ((const uint8 CYFAR *)0x48001C38u)
 362:Generated_Source\PSoC5/cyfitter_cfg.c **** 
 363:Generated_Source\PSoC5/cyfitter_cfg.c **** /* UDB_2_5_HV_ROUTING Address: CYDEV_UCFG_B0_P0_ROUTE_BASE + 0x00000080u Size (bytes): 128 */
 364:Generated_Source\PSoC5/cyfitter_cfg.c **** #define BS_UDB_2_5_HV_ROUTING_VAL ((const uint8 CYFAR *)0x48001CB8u)
 365:Generated_Source\PSoC5/cyfitter_cfg.c **** 
 366:Generated_Source\PSoC5/cyfitter_cfg.c **** /* DSISWITCH_1_0 Address: CYDEV_UCFG_DSI9_BASE Size (bytes): 128 */
 367:Generated_Source\PSoC5/cyfitter_cfg.c **** #define BS_DSISWITCH_1_0_VAL ((const uint8 CYFAR *)0x48001D38u)
 368:Generated_Source\PSoC5/cyfitter_cfg.c **** 
 369:Generated_Source\PSoC5/cyfitter_cfg.c **** /* DSI3_0_HV_ROUTING Address: CYDEV_UCFG_DSI9_BASE + 0x00000080u Size (bytes): 128 */
 370:Generated_Source\PSoC5/cyfitter_cfg.c **** #define BS_DSI3_0_HV_ROUTING_VAL ((const uint8 CYFAR *)0x48001DB8u)
 371:Generated_Source\PSoC5/cyfitter_cfg.c **** 
 372:Generated_Source\PSoC5/cyfitter_cfg.c **** /* DSISWITCH_1_1 Address: CYDEV_UCFG_DSI8_BASE Size (bytes): 128 */
 373:Generated_Source\PSoC5/cyfitter_cfg.c **** #define BS_DSISWITCH_1_1_VAL ((const uint8 CYFAR *)0x48001E38u)
 374:Generated_Source\PSoC5/cyfitter_cfg.c **** 
 375:Generated_Source\PSoC5/cyfitter_cfg.c **** /* DSI3_1_HV_ROUTING Address: CYDEV_UCFG_DSI8_BASE + 0x00000080u Size (bytes): 128 */
 376:Generated_Source\PSoC5/cyfitter_cfg.c **** #define BS_DSI3_1_HV_ROUTING_VAL ((const uint8 CYFAR *)0x48001EB8u)
 377:Generated_Source\PSoC5/cyfitter_cfg.c **** 
 378:Generated_Source\PSoC5/cyfitter_cfg.c **** /* DSI3_2_HV_ROUTING Address: CYDEV_UCFG_DSI3_BASE + 0x00000080u Size (bytes): 128 */
 379:Generated_Source\PSoC5/cyfitter_cfg.c **** #define BS_DSI3_2_HV_ROUTING_VAL ((const uint8 CYFAR *)0x48001F38u)
 380:Generated_Source\PSoC5/cyfitter_cfg.c **** 
 381:Generated_Source\PSoC5/cyfitter_cfg.c **** /* DSISWITCH_1_3 Address: CYDEV_UCFG_DSI2_BASE Size (bytes): 128 */
 382:Generated_Source\PSoC5/cyfitter_cfg.c **** #define BS_DSISWITCH_1_3_VAL ((const uint8 CYFAR *)0x48001FB8u)
 383:Generated_Source\PSoC5/cyfitter_cfg.c **** 
 384:Generated_Source\PSoC5/cyfitter_cfg.c **** /* DSI3_3_HV_ROUTING Address: CYDEV_UCFG_DSI2_BASE + 0x00000080u Size (bytes): 128 */
 385:Generated_Source\PSoC5/cyfitter_cfg.c **** #define BS_DSI3_3_HV_ROUTING_VAL ((const uint8 CYFAR *)0x48002038u)
 386:Generated_Source\PSoC5/cyfitter_cfg.c **** 
 387:Generated_Source\PSoC5/cyfitter_cfg.c **** /* DSISWITCH_1_4 Address: CYDEV_UCFG_DSI1_BASE Size (bytes): 128 */
 388:Generated_Source\PSoC5/cyfitter_cfg.c **** #define BS_DSISWITCH_1_4_VAL ((const uint8 CYFAR *)0x480020B8u)
 389:Generated_Source\PSoC5/cyfitter_cfg.c **** 
 390:Generated_Source\PSoC5/cyfitter_cfg.c **** /* DSI3_4_HV_ROUTING Address: CYDEV_UCFG_DSI1_BASE + 0x00000080u Size (bytes): 128 */
 391:Generated_Source\PSoC5/cyfitter_cfg.c **** #define BS_DSI3_4_HV_ROUTING_VAL ((const uint8 CYFAR *)0x48002138u)
 392:Generated_Source\PSoC5/cyfitter_cfg.c **** 
 393:Generated_Source\PSoC5/cyfitter_cfg.c **** /* DSISWITCH_1_5 Address: CYDEV_UCFG_DSI0_BASE Size (bytes): 128 */
 394:Generated_Source\PSoC5/cyfitter_cfg.c **** #define BS_DSISWITCH_1_5_VAL ((const uint8 CYFAR *)0x480021B8u)
 395:Generated_Source\PSoC5/cyfitter_cfg.c **** 
 396:Generated_Source\PSoC5/cyfitter_cfg.c **** /* DSI3_5_HV_ROUTING Address: CYDEV_UCFG_DSI0_BASE + 0x00000080u Size (bytes): 128 */
 397:Generated_Source\PSoC5/cyfitter_cfg.c **** #define BS_DSI3_5_HV_ROUTING_VAL ((const uint8 CYFAR *)0x48002238u)
 398:Generated_Source\PSoC5/cyfitter_cfg.c **** 
 399:Generated_Source\PSoC5/cyfitter_cfg.c **** /* IOPINS0_0 Address: CYREG_PRT0_DM0 Size (bytes): 8 */
 400:Generated_Source\PSoC5/cyfitter_cfg.c **** #define BS_IOPINS0_0_VAL ((const uint8 CYFAR *)0x480022B8u)
 401:Generated_Source\PSoC5/cyfitter_cfg.c **** 
 402:Generated_Source\PSoC5/cyfitter_cfg.c **** /* IOPINS0_7 Address: CYREG_PRT12_DM0 Size (bytes): 8 */
 403:Generated_Source\PSoC5/cyfitter_cfg.c **** #define BS_IOPINS0_7_VAL ((const uint8 CYFAR *)0x480022C0u)
 404:Generated_Source\PSoC5/cyfitter_cfg.c **** 
ARM GAS  C:\Users\ggg88\AppData\Local\Temp\ccaY8Fe2.s 			page 11


 405:Generated_Source\PSoC5/cyfitter_cfg.c **** /* IOPINS0_8 Address: CYREG_PRT15_DR Size (bytes): 10 */
 406:Generated_Source\PSoC5/cyfitter_cfg.c **** #define BS_IOPINS0_8_VAL ((const uint8 CYFAR *)0x480022C8u)
 407:Generated_Source\PSoC5/cyfitter_cfg.c **** 
 408:Generated_Source\PSoC5/cyfitter_cfg.c **** /* IOPINS0_1 Address: CYREG_PRT1_DR Size (bytes): 10 */
 409:Generated_Source\PSoC5/cyfitter_cfg.c **** #define BS_IOPINS0_1_VAL ((const uint8 CYFAR *)0x480022D4u)
 410:Generated_Source\PSoC5/cyfitter_cfg.c **** 
 411:Generated_Source\PSoC5/cyfitter_cfg.c **** /* IOPINS0_2 Address: CYREG_PRT2_DR Size (bytes): 10 */
 412:Generated_Source\PSoC5/cyfitter_cfg.c **** #define BS_IOPINS0_2_VAL ((const uint8 CYFAR *)0x480022E0u)
 413:Generated_Source\PSoC5/cyfitter_cfg.c **** 
 414:Generated_Source\PSoC5/cyfitter_cfg.c **** /* IOPINS0_3 Address: CYREG_PRT3_DM0 Size (bytes): 8 */
 415:Generated_Source\PSoC5/cyfitter_cfg.c **** #define BS_IOPINS0_3_VAL ((const uint8 CYFAR *)0x480022ECu)
 416:Generated_Source\PSoC5/cyfitter_cfg.c **** 
 417:Generated_Source\PSoC5/cyfitter_cfg.c **** /* IOPINS0_4 Address: CYREG_PRT4_DR Size (bytes): 10 */
 418:Generated_Source\PSoC5/cyfitter_cfg.c **** #define BS_IOPINS0_4_VAL ((const uint8 CYFAR *)0x480022F4u)
 419:Generated_Source\PSoC5/cyfitter_cfg.c **** 
 420:Generated_Source\PSoC5/cyfitter_cfg.c **** /* IOPINS0_5 Address: CYREG_PRT5_DR Size (bytes): 10 */
 421:Generated_Source\PSoC5/cyfitter_cfg.c **** #define BS_IOPINS0_5_VAL ((const uint8 CYFAR *)0x48002300u)
 422:Generated_Source\PSoC5/cyfitter_cfg.c **** 
 423:Generated_Source\PSoC5/cyfitter_cfg.c **** /* IOPINS0_6 Address: CYREG_PRT6_DR Size (bytes): 10 */
 424:Generated_Source\PSoC5/cyfitter_cfg.c **** #define BS_IOPINS0_6_VAL ((const uint8 CYFAR *)0x4800230Cu)
 425:Generated_Source\PSoC5/cyfitter_cfg.c **** 
 426:Generated_Source\PSoC5/cyfitter_cfg.c **** /* PHUB_CFGMEM1 Address: CYREG_PHUB_CFGMEM1_CFG0 Size (bytes): 4 */
 427:Generated_Source\PSoC5/cyfitter_cfg.c **** #define BS_PHUB_CFGMEM1_VAL ((const uint8 CYFAR *)0x48002318u)
 428:Generated_Source\PSoC5/cyfitter_cfg.c **** 
 429:Generated_Source\PSoC5/cyfitter_cfg.c **** /* PHUB_CFGMEM2 Address: CYREG_PHUB_CFGMEM2_CFG0 Size (bytes): 4 */
 430:Generated_Source\PSoC5/cyfitter_cfg.c **** #define BS_PHUB_CFGMEM2_VAL ((const uint8 CYFAR *)0x4800231Cu)
 431:Generated_Source\PSoC5/cyfitter_cfg.c **** 
 432:Generated_Source\PSoC5/cyfitter_cfg.c **** /* PHUB_CFGMEM5 Address: CYREG_PHUB_CFGMEM5_CFG0 Size (bytes): 4 */
 433:Generated_Source\PSoC5/cyfitter_cfg.c **** #define BS_PHUB_CFGMEM5_VAL ((const uint8 CYFAR *)0x48002320u)
 434:Generated_Source\PSoC5/cyfitter_cfg.c **** 
 435:Generated_Source\PSoC5/cyfitter_cfg.c **** /* PHUB_CFGMEM6 Address: CYREG_PHUB_CFGMEM6_CFG0 Size (bytes): 4 */
 436:Generated_Source\PSoC5/cyfitter_cfg.c **** #define BS_PHUB_CFGMEM6_VAL ((const uint8 CYFAR *)0x48002324u)
 437:Generated_Source\PSoC5/cyfitter_cfg.c **** 
 438:Generated_Source\PSoC5/cyfitter_cfg.c **** 
 439:Generated_Source\PSoC5/cyfitter_cfg.c **** /*******************************************************************************
 440:Generated_Source\PSoC5/cyfitter_cfg.c **** * Function Name: ClockSetup
 441:Generated_Source\PSoC5/cyfitter_cfg.c **** ********************************************************************************
 442:Generated_Source\PSoC5/cyfitter_cfg.c **** *
 443:Generated_Source\PSoC5/cyfitter_cfg.c **** * Summary:
 444:Generated_Source\PSoC5/cyfitter_cfg.c **** *  Performs the initialization of all of the clocks in the device based on the
 445:Generated_Source\PSoC5/cyfitter_cfg.c **** *  settings in the Clock tab of the DWR.  This includes enabling the requested
 446:Generated_Source\PSoC5/cyfitter_cfg.c **** *  clocks and setting the necessary dividers to produce the desired frequency. 
 447:Generated_Source\PSoC5/cyfitter_cfg.c **** *
 448:Generated_Source\PSoC5/cyfitter_cfg.c **** * Parameters:
 449:Generated_Source\PSoC5/cyfitter_cfg.c **** *  void
 450:Generated_Source\PSoC5/cyfitter_cfg.c **** *
 451:Generated_Source\PSoC5/cyfitter_cfg.c **** * Return:
 452:Generated_Source\PSoC5/cyfitter_cfg.c **** *  void
 453:Generated_Source\PSoC5/cyfitter_cfg.c **** *
 454:Generated_Source\PSoC5/cyfitter_cfg.c **** *******************************************************************************/
 455:Generated_Source\PSoC5/cyfitter_cfg.c **** static void ClockSetup(void);
 456:Generated_Source\PSoC5/cyfitter_cfg.c **** static void ClockSetup(void)
 457:Generated_Source\PSoC5/cyfitter_cfg.c **** {
 167              		.loc 1 457 0
 168              		.cfi_startproc
 169              		@ args = 0, pretend = 0, frame = 8
 170              		@ frame_needed = 1, uses_anonymous_args = 0
ARM GAS  C:\Users\ggg88\AppData\Local\Temp\ccaY8Fe2.s 			page 12


 171 0000 80B5     		push	{r7, lr}
 172              		.cfi_def_cfa_offset 8
 173              		.cfi_offset 7, -8
 174              		.cfi_offset 14, -4
 175 0002 82B0     		sub	sp, sp, #8
 176              		.cfi_def_cfa_offset 16
 177 0004 00AF     		add	r7, sp, #0
 178              		.cfi_def_cfa_register 7
 458:Generated_Source\PSoC5/cyfitter_cfg.c **** 	uint32 timeout;
 459:Generated_Source\PSoC5/cyfitter_cfg.c **** 	uint8 pllLock;
 460:Generated_Source\PSoC5/cyfitter_cfg.c **** 
 461:Generated_Source\PSoC5/cyfitter_cfg.c **** 
 462:Generated_Source\PSoC5/cyfitter_cfg.c **** 	/* Configure Digital Clocks based on settings from Clock DWR */
 463:Generated_Source\PSoC5/cyfitter_cfg.c **** 	CY_SET_XTND_REG16((void CYFAR *)(CYREG_CLKDIST_DCFG0_CFG0), 0x0004u);
 179              		.loc 1 463 0
 180 0006 424B     		ldr	r3, .L11
 181 0008 0422     		movs	r2, #4
 182 000a 1A80     		strh	r2, [r3]	@ movhi
 464:Generated_Source\PSoC5/cyfitter_cfg.c **** 	CY_SET_XTND_REG8((void CYFAR *)(CYREG_CLKDIST_DCFG0_CFG0 + 0x2u), 0x18u);
 183              		.loc 1 464 0
 184 000c 414B     		ldr	r3, .L11+4
 185 000e 1822     		movs	r2, #24
 186 0010 1A70     		strb	r2, [r3]
 465:Generated_Source\PSoC5/cyfitter_cfg.c **** 	CY_SET_XTND_REG16((void CYFAR *)(CYREG_CLKDIST_DCFG1_CFG0), 0x0007u);
 187              		.loc 1 465 0
 188 0012 414B     		ldr	r3, .L11+8
 189 0014 0722     		movs	r2, #7
 190 0016 1A80     		strh	r2, [r3]	@ movhi
 466:Generated_Source\PSoC5/cyfitter_cfg.c **** 	CY_SET_XTND_REG8((void CYFAR *)(CYREG_CLKDIST_DCFG1_CFG0 + 0x2u), 0x18u);
 191              		.loc 1 466 0
 192 0018 404B     		ldr	r3, .L11+12
 193 001a 1822     		movs	r2, #24
 194 001c 1A70     		strb	r2, [r3]
 467:Generated_Source\PSoC5/cyfitter_cfg.c **** 	CY_SET_XTND_REG16((void CYFAR *)(CYREG_CLKDIST_DCFG2_CFG0), 0x0007u);
 195              		.loc 1 467 0
 196 001e 404B     		ldr	r3, .L11+16
 197 0020 0722     		movs	r2, #7
 198 0022 1A80     		strh	r2, [r3]	@ movhi
 468:Generated_Source\PSoC5/cyfitter_cfg.c **** 	CY_SET_XTND_REG8((void CYFAR *)(CYREG_CLKDIST_DCFG2_CFG0 + 0x2u), 0x18u);
 199              		.loc 1 468 0
 200 0024 3F4B     		ldr	r3, .L11+20
 201 0026 1822     		movs	r2, #24
 202 0028 1A70     		strb	r2, [r3]
 469:Generated_Source\PSoC5/cyfitter_cfg.c **** 	CY_SET_XTND_REG16((void CYFAR *)(CYREG_CLKDIST_DCFG3_CFG0), 0x0014u);
 203              		.loc 1 469 0
 204 002a 3F4B     		ldr	r3, .L11+24
 205 002c 1422     		movs	r2, #20
 206 002e 1A80     		strh	r2, [r3]	@ movhi
 470:Generated_Source\PSoC5/cyfitter_cfg.c **** 	CY_SET_XTND_REG8((void CYFAR *)(CYREG_CLKDIST_DCFG3_CFG0 + 0x2u), 0x18u);
 207              		.loc 1 470 0
 208 0030 3E4B     		ldr	r3, .L11+28
 209 0032 1822     		movs	r2, #24
 210 0034 1A70     		strb	r2, [r3]
 471:Generated_Source\PSoC5/cyfitter_cfg.c **** 	CY_SET_XTND_REG16((void CYFAR *)(CYREG_CLKDIST_DCFG4_CFG0), 0x0017u);
 211              		.loc 1 471 0
 212 0036 3E4B     		ldr	r3, .L11+32
 213 0038 1722     		movs	r2, #23
ARM GAS  C:\Users\ggg88\AppData\Local\Temp\ccaY8Fe2.s 			page 13


 214 003a 1A80     		strh	r2, [r3]	@ movhi
 472:Generated_Source\PSoC5/cyfitter_cfg.c **** 	CY_SET_XTND_REG8((void CYFAR *)(CYREG_CLKDIST_DCFG4_CFG0 + 0x2u), 0x18u);
 215              		.loc 1 472 0
 216 003c 3D4B     		ldr	r3, .L11+36
 217 003e 1822     		movs	r2, #24
 218 0040 1A70     		strb	r2, [r3]
 473:Generated_Source\PSoC5/cyfitter_cfg.c **** 	CY_SET_XTND_REG16((void CYFAR *)(CYREG_CLKDIST_DCFG5_CFG0), 0x0047u);
 219              		.loc 1 473 0
 220 0042 3D4B     		ldr	r3, .L11+40
 221 0044 4722     		movs	r2, #71
 222 0046 1A80     		strh	r2, [r3]	@ movhi
 474:Generated_Source\PSoC5/cyfitter_cfg.c **** 	CY_SET_XTND_REG8((void CYFAR *)(CYREG_CLKDIST_DCFG5_CFG0 + 0x2u), 0x18u);
 223              		.loc 1 474 0
 224 0048 3C4B     		ldr	r3, .L11+44
 225 004a 1822     		movs	r2, #24
 226 004c 1A70     		strb	r2, [r3]
 475:Generated_Source\PSoC5/cyfitter_cfg.c **** 	CY_SET_XTND_REG16((void CYFAR *)(CYREG_CLKDIST_DCFG6_CFG0), 0xFFFFu);
 227              		.loc 1 475 0
 228 004e 3C4B     		ldr	r3, .L11+48
 229 0050 4FF6FF72 		movw	r2, #65535
 230 0054 1A80     		strh	r2, [r3]	@ movhi
 476:Generated_Source\PSoC5/cyfitter_cfg.c **** 	CY_SET_XTND_REG8((void CYFAR *)(CYREG_CLKDIST_DCFG6_CFG0 + 0x2u), 0x19u);
 231              		.loc 1 476 0
 232 0056 3B4B     		ldr	r3, .L11+52
 233 0058 1922     		movs	r2, #25
 234 005a 1A70     		strb	r2, [r3]
 477:Generated_Source\PSoC5/cyfitter_cfg.c **** 
 478:Generated_Source\PSoC5/cyfitter_cfg.c **** 	/* Configure ILO based on settings from Clock DWR */
 479:Generated_Source\PSoC5/cyfitter_cfg.c **** 	CY_SET_XTND_REG8((void CYFAR *)(CYREG_SLOWCLK_ILO_CR0), 0x06u);
 235              		.loc 1 479 0
 236 005c 3A4B     		ldr	r3, .L11+56
 237 005e 0622     		movs	r2, #6
 238 0060 1A70     		strb	r2, [r3]
 480:Generated_Source\PSoC5/cyfitter_cfg.c **** 
 481:Generated_Source\PSoC5/cyfitter_cfg.c **** 	/* Configure IMO based on settings from Clock DWR */
 482:Generated_Source\PSoC5/cyfitter_cfg.c **** 	CY_SET_XTND_REG8((void CYFAR *)(CYREG_IMO_TR1), (CY_GET_XTND_REG8((void CYFAR *)CYREG_FLSHID_CUST_
 239              		.loc 1 482 0
 240 0062 3A4B     		ldr	r3, .L11+60
 241 0064 3A4A     		ldr	r2, .L11+64
 242 0066 1278     		ldrb	r2, [r2]
 243 0068 D2B2     		uxtb	r2, r2
 244 006a 1A70     		strb	r2, [r3]
 483:Generated_Source\PSoC5/cyfitter_cfg.c **** 	CY_SET_XTND_REG8((void CYFAR *)(CYREG_FASTCLK_IMO_CR), 0x52u);
 245              		.loc 1 483 0
 246 006c 394B     		ldr	r3, .L11+68
 247 006e 5222     		movs	r2, #82
 248 0070 1A70     		strb	r2, [r3]
 484:Generated_Source\PSoC5/cyfitter_cfg.c **** 
 485:Generated_Source\PSoC5/cyfitter_cfg.c **** 	/* Configure PLL based on settings from Clock DWR */
 486:Generated_Source\PSoC5/cyfitter_cfg.c **** 	CY_SET_XTND_REG16((void CYFAR *)(CYREG_FASTCLK_PLL_P), 0x071Au);
 249              		.loc 1 486 0
 250 0072 394B     		ldr	r3, .L11+72
 251 0074 40F21A72 		movw	r2, #1818
 252 0078 1A80     		strh	r2, [r3]	@ movhi
 487:Generated_Source\PSoC5/cyfitter_cfg.c **** 	CY_SET_XTND_REG16((void CYFAR *)(CYREG_FASTCLK_PLL_CFG0), 0x2251u);
 253              		.loc 1 487 0
 254 007a 384B     		ldr	r3, .L11+76
ARM GAS  C:\Users\ggg88\AppData\Local\Temp\ccaY8Fe2.s 			page 14


 255 007c 42F25122 		movw	r2, #8785
 256 0080 1A80     		strh	r2, [r3]	@ movhi
 488:Generated_Source\PSoC5/cyfitter_cfg.c **** 	/* Wait up to 250us for the PLL to lock */
 489:Generated_Source\PSoC5/cyfitter_cfg.c **** 	pllLock = 0u;
 257              		.loc 1 489 0
 258 0082 0023     		movs	r3, #0
 259 0084 FB70     		strb	r3, [r7, #3]
 490:Generated_Source\PSoC5/cyfitter_cfg.c **** 	for (timeout = 250u / 10u; (timeout > 0u) && (pllLock != 0x03u); timeout--)
 260              		.loc 1 490 0
 261 0086 1923     		movs	r3, #25
 262 0088 7B60     		str	r3, [r7, #4]
 263 008a 13E0     		b	.L7
 264              	.L9:
 491:Generated_Source\PSoC5/cyfitter_cfg.c **** 	{ 
 492:Generated_Source\PSoC5/cyfitter_cfg.c **** 		pllLock = 0x03u & ((uint8)((uint8)pllLock << 1) | ((CY_GET_XTND_REG8((void CYFAR *)CYREG_FASTCLK_
 265              		.loc 1 492 0 discriminator 4
 266 008c FB78     		ldrb	r3, [r7, #3]
 267 008e 5B00     		lsls	r3, r3, #1
 268 0090 DAB2     		uxtb	r2, r3
 269 0092 334B     		ldr	r3, .L11+80
 270 0094 1B78     		ldrb	r3, [r3]
 271 0096 DBB2     		uxtb	r3, r3
 272 0098 03F00103 		and	r3, r3, #1
 273 009c DBB2     		uxtb	r3, r3
 274 009e 1343     		orrs	r3, r3, r2
 275 00a0 DBB2     		uxtb	r3, r3
 276 00a2 03F00303 		and	r3, r3, #3
 277 00a6 FB70     		strb	r3, [r7, #3]
 493:Generated_Source\PSoC5/cyfitter_cfg.c **** 		CyDelayCycles(10u * 12u); /* Delay 10us based on 12MHz clock */
 278              		.loc 1 493 0 discriminator 4
 279 00a8 7820     		movs	r0, #120
 280 00aa FFF7FEFF 		bl	CyDelayCycles
 490:Generated_Source\PSoC5/cyfitter_cfg.c **** 	for (timeout = 250u / 10u; (timeout > 0u) && (pllLock != 0x03u); timeout--)
 281              		.loc 1 490 0 discriminator 4
 282 00ae 7B68     		ldr	r3, [r7, #4]
 283 00b0 013B     		subs	r3, r3, #1
 284 00b2 7B60     		str	r3, [r7, #4]
 285              	.L7:
 490:Generated_Source\PSoC5/cyfitter_cfg.c **** 	for (timeout = 250u / 10u; (timeout > 0u) && (pllLock != 0x03u); timeout--)
 286              		.loc 1 490 0 is_stmt 0 discriminator 1
 287 00b4 7B68     		ldr	r3, [r7, #4]
 288 00b6 002B     		cmp	r3, #0
 289 00b8 02D0     		beq	.L8
 490:Generated_Source\PSoC5/cyfitter_cfg.c **** 	for (timeout = 250u / 10u; (timeout > 0u) && (pllLock != 0x03u); timeout--)
 290              		.loc 1 490 0 discriminator 3
 291 00ba FB78     		ldrb	r3, [r7, #3]	@ zero_extendqisi2
 292 00bc 032B     		cmp	r3, #3
 293 00be E5D1     		bne	.L9
 294              	.L8:
 494:Generated_Source\PSoC5/cyfitter_cfg.c **** 	}
 495:Generated_Source\PSoC5/cyfitter_cfg.c **** 	/* If we ran out of time the PLL didn't lock so go to the error function */
 496:Generated_Source\PSoC5/cyfitter_cfg.c **** 	if (timeout == 0u)
 295              		.loc 1 496 0 is_stmt 1
 296 00c0 7B68     		ldr	r3, [r7, #4]
 297 00c2 002B     		cmp	r3, #0
 298 00c4 02D1     		bne	.L10
 497:Generated_Source\PSoC5/cyfitter_cfg.c **** 	{
ARM GAS  C:\Users\ggg88\AppData\Local\Temp\ccaY8Fe2.s 			page 15


 498:Generated_Source\PSoC5/cyfitter_cfg.c **** 		CyClockStartupError(CYCLOCKSTART_PLL_ERROR);
 299              		.loc 1 498 0
 300 00c6 0320     		movs	r0, #3
 301 00c8 FFF7FEFF 		bl	CyClockStartupError
 302              	.L10:
 499:Generated_Source\PSoC5/cyfitter_cfg.c **** 	}
 500:Generated_Source\PSoC5/cyfitter_cfg.c **** 
 501:Generated_Source\PSoC5/cyfitter_cfg.c **** 	/* Configure Bus/Master Clock based on settings from Clock DWR */
 502:Generated_Source\PSoC5/cyfitter_cfg.c **** 	CY_SET_XTND_REG16((void CYFAR *)(CYREG_CLKDIST_MSTR0), 0x0100u);
 303              		.loc 1 502 0
 304 00cc 254B     		ldr	r3, .L11+84
 305 00ce 4FF48072 		mov	r2, #256
 306 00d2 1A80     		strh	r2, [r3]	@ movhi
 503:Generated_Source\PSoC5/cyfitter_cfg.c **** 	CY_SET_XTND_REG8((void CYFAR *)(CYREG_CLKDIST_MSTR0), 0x07u);
 307              		.loc 1 503 0
 308 00d4 234B     		ldr	r3, .L11+84
 309 00d6 0722     		movs	r2, #7
 310 00d8 1A70     		strb	r2, [r3]
 504:Generated_Source\PSoC5/cyfitter_cfg.c **** 	CY_SET_XTND_REG8((void CYFAR *)(CYREG_CLKDIST_BCFG0), 0x00u);
 311              		.loc 1 504 0
 312 00da 234B     		ldr	r3, .L11+88
 313 00dc 0022     		movs	r2, #0
 314 00de 1A70     		strb	r2, [r3]
 505:Generated_Source\PSoC5/cyfitter_cfg.c **** 	CY_SET_XTND_REG8((void CYFAR *)(CYREG_CLKDIST_BCFG2), 0x48u);
 315              		.loc 1 505 0
 316 00e0 224B     		ldr	r3, .L11+92
 317 00e2 4822     		movs	r2, #72
 318 00e4 1A70     		strb	r2, [r3]
 506:Generated_Source\PSoC5/cyfitter_cfg.c **** 	CY_SET_XTND_REG8((void CYFAR *)(CYREG_CLKDIST_MSTR0), 0x00u);
 319              		.loc 1 506 0
 320 00e6 1F4B     		ldr	r3, .L11+84
 321 00e8 0022     		movs	r2, #0
 322 00ea 1A70     		strb	r2, [r3]
 507:Generated_Source\PSoC5/cyfitter_cfg.c **** 
 508:Generated_Source\PSoC5/cyfitter_cfg.c **** 	/* Configure USB Clock based on settings from Clock DWR */
 509:Generated_Source\PSoC5/cyfitter_cfg.c **** 	CY_SET_XTND_REG8((void CYFAR *)(CYREG_CLKDIST_UCFG), 0x00u);
 323              		.loc 1 509 0
 324 00ec 204B     		ldr	r3, .L11+96
 325 00ee 0022     		movs	r2, #0
 326 00f0 1A70     		strb	r2, [r3]
 510:Generated_Source\PSoC5/cyfitter_cfg.c **** 	CY_SET_XTND_REG8((void CYFAR *)(CYREG_CLKDIST_LD), 0x02u);
 327              		.loc 1 510 0
 328 00f2 204B     		ldr	r3, .L11+100
 329 00f4 0222     		movs	r2, #2
 330 00f6 1A70     		strb	r2, [r3]
 511:Generated_Source\PSoC5/cyfitter_cfg.c **** 
 512:Generated_Source\PSoC5/cyfitter_cfg.c **** 	CY_SET_XTND_REG8((void CYFAR *)(CYREG_PM_ACT_CFG2), ((CY_GET_XTND_REG8((void CYFAR *)CYREG_PM_ACT_
 331              		.loc 1 512 0
 332 00f8 1F4A     		ldr	r2, .L11+104
 333 00fa 1F4B     		ldr	r3, .L11+104
 334 00fc 1B78     		ldrb	r3, [r3]
 335 00fe DBB2     		uxtb	r3, r3
 336 0100 43F07F03 		orr	r3, r3, #127
 337 0104 DBB2     		uxtb	r3, r3
 338 0106 1370     		strb	r3, [r2]
 513:Generated_Source\PSoC5/cyfitter_cfg.c **** }
 339              		.loc 1 513 0
ARM GAS  C:\Users\ggg88\AppData\Local\Temp\ccaY8Fe2.s 			page 16


 340 0108 00BF     		nop
 341 010a 0837     		adds	r7, r7, #8
 342              		.cfi_def_cfa_offset 8
 343 010c BD46     		mov	sp, r7
 344              		.cfi_def_cfa_register 13
 345              		@ sp needed
 346 010e 80BD     		pop	{r7, pc}
 347              	.L12:
 348              		.align	2
 349              	.L11:
 350 0110 80400040 		.word	1073758336
 351 0114 82400040 		.word	1073758338
 352 0118 84400040 		.word	1073758340
 353 011c 86400040 		.word	1073758342
 354 0120 88400040 		.word	1073758344
 355 0124 8A400040 		.word	1073758346
 356 0128 8C400040 		.word	1073758348
 357 012c 8E400040 		.word	1073758350
 358 0130 90400040 		.word	1073758352
 359 0134 92400040 		.word	1073758354
 360 0138 94400040 		.word	1073758356
 361 013c 96400040 		.word	1073758358
 362 0140 98400040 		.word	1073758360
 363 0144 9A400040 		.word	1073758362
 364 0148 00430040 		.word	1073758976
 365 014c A1460040 		.word	1073759905
 366 0150 0F010049 		.word	1224737039
 367 0154 00420040 		.word	1073758720
 368 0158 22420040 		.word	1073758754
 369 015c 20420040 		.word	1073758752
 370 0160 25420040 		.word	1073758757
 371 0164 04400040 		.word	1073758212
 372 0168 06400040 		.word	1073758214
 373 016c 08400040 		.word	1073758216
 374 0170 09400040 		.word	1073758217
 375 0174 01400040 		.word	1073758209
 376 0178 A2430040 		.word	1073759138
 377              		.cfi_endproc
 378              	.LFE4:
 379              		.size	ClockSetup, .-ClockSetup
 380              		.section	.text.AnalogSetDefault,"ax",%progbits
 381              		.align	2
 382              		.thumb
 383              		.thumb_func
 384              		.type	AnalogSetDefault, %function
 385              	AnalogSetDefault:
 386              	.LFB5:
 514:Generated_Source\PSoC5/cyfitter_cfg.c **** 
 515:Generated_Source\PSoC5/cyfitter_cfg.c **** 
 516:Generated_Source\PSoC5/cyfitter_cfg.c **** /* Analog API Functions */
 517:Generated_Source\PSoC5/cyfitter_cfg.c **** 
 518:Generated_Source\PSoC5/cyfitter_cfg.c **** 
 519:Generated_Source\PSoC5/cyfitter_cfg.c **** /*******************************************************************************
 520:Generated_Source\PSoC5/cyfitter_cfg.c **** * Function Name: AnalogSetDefault
 521:Generated_Source\PSoC5/cyfitter_cfg.c **** ********************************************************************************
 522:Generated_Source\PSoC5/cyfitter_cfg.c **** *
 523:Generated_Source\PSoC5/cyfitter_cfg.c **** * Summary:
ARM GAS  C:\Users\ggg88\AppData\Local\Temp\ccaY8Fe2.s 			page 17


 524:Generated_Source\PSoC5/cyfitter_cfg.c **** *  Sets up the analog portions of the chip to default values based on chip
 525:Generated_Source\PSoC5/cyfitter_cfg.c **** *  configuration options from the project.
 526:Generated_Source\PSoC5/cyfitter_cfg.c **** *
 527:Generated_Source\PSoC5/cyfitter_cfg.c **** * Parameters:
 528:Generated_Source\PSoC5/cyfitter_cfg.c **** *  void
 529:Generated_Source\PSoC5/cyfitter_cfg.c **** *
 530:Generated_Source\PSoC5/cyfitter_cfg.c **** * Return:
 531:Generated_Source\PSoC5/cyfitter_cfg.c **** *  void
 532:Generated_Source\PSoC5/cyfitter_cfg.c **** *
 533:Generated_Source\PSoC5/cyfitter_cfg.c **** *******************************************************************************/
 534:Generated_Source\PSoC5/cyfitter_cfg.c **** static void AnalogSetDefault(void);
 535:Generated_Source\PSoC5/cyfitter_cfg.c **** static void AnalogSetDefault(void)
 536:Generated_Source\PSoC5/cyfitter_cfg.c **** {
 387              		.loc 1 536 0
 388              		.cfi_startproc
 389              		@ args = 0, pretend = 0, frame = 8
 390              		@ frame_needed = 1, uses_anonymous_args = 0
 391 0000 80B5     		push	{r7, lr}
 392              		.cfi_def_cfa_offset 8
 393              		.cfi_offset 7, -8
 394              		.cfi_offset 14, -4
 395 0002 82B0     		sub	sp, sp, #8
 396              		.cfi_def_cfa_offset 16
 397 0004 00AF     		add	r7, sp, #0
 398              		.cfi_def_cfa_register 7
 537:Generated_Source\PSoC5/cyfitter_cfg.c **** 	uint8 bg_xover_inl_trim = CY_GET_XTND_REG8((void CYFAR *)(CYREG_FLSHID_MFG_CFG_BG_XOVER_INL_TRIM +
 399              		.loc 1 537 0
 400 0006 1F4B     		ldr	r3, .L14
 401 0008 1B78     		ldrb	r3, [r3]
 402 000a FB71     		strb	r3, [r7, #7]
 538:Generated_Source\PSoC5/cyfitter_cfg.c **** 	uint8 cr4 = CY_GET_XTND_REG8((void CYFAR *)(CYREG_RESET_CR4));
 403              		.loc 1 538 0
 404 000c 1E4B     		ldr	r3, .L14+4
 405 000e 1B78     		ldrb	r3, [r3]
 406 0010 BB71     		strb	r3, [r7, #6]
 539:Generated_Source\PSoC5/cyfitter_cfg.c **** 	uint8 cr5 = CY_GET_XTND_REG8((void CYFAR *)(CYREG_RESET_CR5));
 407              		.loc 1 539 0
 408 0012 1E4B     		ldr	r3, .L14+8
 409 0014 1B78     		ldrb	r3, [r3]
 410 0016 7B71     		strb	r3, [r7, #5]
 540:Generated_Source\PSoC5/cyfitter_cfg.c **** 	CY_SET_XTND_REG8((void CYFAR *)(CYREG_BG_DFT0), (bg_xover_inl_trim & 0x07u));
 411              		.loc 1 540 0
 412 0018 1D4A     		ldr	r2, .L14+12
 413 001a FB79     		ldrb	r3, [r7, #7]
 414 001c 03F00703 		and	r3, r3, #7
 415 0020 DBB2     		uxtb	r3, r3
 416 0022 1370     		strb	r3, [r2]
 541:Generated_Source\PSoC5/cyfitter_cfg.c **** 	CY_SET_XTND_REG8((void CYFAR *)(CYREG_BG_DFT1), ((bg_xover_inl_trim >> 4) & 0x0Fu));
 417              		.loc 1 541 0
 418 0024 1B4A     		ldr	r2, .L14+16
 419 0026 FB79     		ldrb	r3, [r7, #7]	@ zero_extendqisi2
 420 0028 1B09     		lsrs	r3, r3, #4
 421 002a DBB2     		uxtb	r3, r3
 422 002c 1370     		strb	r3, [r2]
 542:Generated_Source\PSoC5/cyfitter_cfg.c **** 	/* Disable PRES while setting up SAR voltage reference */
 543:Generated_Source\PSoC5/cyfitter_cfg.c **** 	CY_SET_XTND_REG8((void CYFAR *)(CYREG_RESET_CR4), (cr4 | 0x03u));
 423              		.loc 1 543 0
ARM GAS  C:\Users\ggg88\AppData\Local\Temp\ccaY8Fe2.s 			page 18


 424 002e 164A     		ldr	r2, .L14+4
 425 0030 BB79     		ldrb	r3, [r7, #6]
 426 0032 43F00303 		orr	r3, r3, #3
 427 0036 DBB2     		uxtb	r3, r3
 428 0038 1370     		strb	r3, [r2]
 544:Generated_Source\PSoC5/cyfitter_cfg.c **** 	CY_SET_XTND_REG8((void CYFAR *)(CYREG_RESET_CR5), (cr5 | 0x03u));
 429              		.loc 1 544 0
 430 003a 144A     		ldr	r2, .L14+8
 431 003c 7B79     		ldrb	r3, [r7, #5]
 432 003e 43F00303 		orr	r3, r3, #3
 433 0042 DBB2     		uxtb	r3, r3
 434 0044 1370     		strb	r3, [r2]
 545:Generated_Source\PSoC5/cyfitter_cfg.c **** 	CY_SET_XTND_REG8((void CYFAR *)CYREG_PRT0_AG, 0x0Fu);
 435              		.loc 1 545 0
 436 0046 144B     		ldr	r3, .L14+20
 437 0048 0F22     		movs	r2, #15
 438 004a 1A70     		strb	r2, [r3]
 546:Generated_Source\PSoC5/cyfitter_cfg.c **** 	CY_SET_XTND_REG8((void CYFAR *)CYREG_SAR0_CSR1, 0x40u);
 439              		.loc 1 546 0
 440 004c 134B     		ldr	r3, .L14+24
 441 004e 4022     		movs	r2, #64
 442 0050 1A70     		strb	r2, [r3]
 547:Generated_Source\PSoC5/cyfitter_cfg.c **** 	CY_SET_XTND_REG8((void CYFAR *)CYREG_SAR0_CSR3, 0x40u);
 443              		.loc 1 547 0
 444 0052 134B     		ldr	r3, .L14+28
 445 0054 4022     		movs	r2, #64
 446 0056 1A70     		strb	r2, [r3]
 548:Generated_Source\PSoC5/cyfitter_cfg.c **** 	CY_SET_XTND_REG8((void CYFAR *)CYREG_SAR0_SW0, 0xF0u);
 447              		.loc 1 548 0
 448 0058 124B     		ldr	r3, .L14+32
 449 005a F022     		movs	r2, #240
 450 005c 1A70     		strb	r2, [r3]
 549:Generated_Source\PSoC5/cyfitter_cfg.c **** 	CY_SET_XTND_REG8((void CYFAR *)CYREG_SAR0_SW3, 0x20u);
 451              		.loc 1 549 0
 452 005e 124B     		ldr	r3, .L14+36
 453 0060 2022     		movs	r2, #32
 454 0062 1A70     		strb	r2, [r3]
 550:Generated_Source\PSoC5/cyfitter_cfg.c **** 	CyDelayUs(10u); /* Allow vref to settle before re-enabling PRES */
 455              		.loc 1 550 0
 456 0064 0A20     		movs	r0, #10
 457 0066 FFF7FEFF 		bl	CyDelayUs
 551:Generated_Source\PSoC5/cyfitter_cfg.c **** 	CY_SET_XTND_REG8((void CYFAR *)(CYREG_RESET_CR5), (cr5));
 458              		.loc 1 551 0
 459 006a 084A     		ldr	r2, .L14+8
 460 006c 7B79     		ldrb	r3, [r7, #5]
 461 006e 1370     		strb	r3, [r2]
 552:Generated_Source\PSoC5/cyfitter_cfg.c **** 	CY_SET_XTND_REG8((void CYFAR *)(CYREG_RESET_CR4), (cr4));
 462              		.loc 1 552 0
 463 0070 054A     		ldr	r2, .L14+4
 464 0072 BB79     		ldrb	r3, [r7, #6]
 465 0074 1370     		strb	r3, [r2]
 553:Generated_Source\PSoC5/cyfitter_cfg.c **** 	CY_SET_XTND_REG8((void CYFAR *)CYREG_PUMP_CR0, 0x66u);
 466              		.loc 1 553 0
 467 0076 0D4B     		ldr	r3, .L14+40
 468 0078 6622     		movs	r2, #102
 469 007a 1A70     		strb	r2, [r3]
 554:Generated_Source\PSoC5/cyfitter_cfg.c **** }
ARM GAS  C:\Users\ggg88\AppData\Local\Temp\ccaY8Fe2.s 			page 19


 470              		.loc 1 554 0
 471 007c 00BF     		nop
 472 007e 0837     		adds	r7, r7, #8
 473              		.cfi_def_cfa_offset 8
 474 0080 BD46     		mov	sp, r7
 475              		.cfi_def_cfa_register 13
 476              		@ sp needed
 477 0082 80BD     		pop	{r7, pc}
 478              	.L15:
 479              		.align	2
 480              	.L14:
 481 0084 CF010049 		.word	1224737231
 482 0088 F8460040 		.word	1073759992
 483 008c F9460040 		.word	1073759993
 484 0090 6E580040 		.word	1073764462
 485 0094 6F580040 		.word	1073764463
 486 0098 0D510040 		.word	1073762573
 487 009c 01590040 		.word	1073764609
 488 00a0 03590040 		.word	1073764611
 489 00a4 205B0040 		.word	1073765152
 490 00a8 235B0040 		.word	1073765155
 491 00ac 76580040 		.word	1073764470
 492              		.cfi_endproc
 493              	.LFE5:
 494              		.size	AnalogSetDefault, .-AnalogSetDefault
 495              		.section	.text.SetAnalogRoutingPumps,"ax",%progbits
 496              		.align	2
 497              		.global	SetAnalogRoutingPumps
 498              		.thumb
 499              		.thumb_func
 500              		.type	SetAnalogRoutingPumps, %function
 501              	SetAnalogRoutingPumps:
 502              	.LFB6:
 555:Generated_Source\PSoC5/cyfitter_cfg.c **** 
 556:Generated_Source\PSoC5/cyfitter_cfg.c **** 
 557:Generated_Source\PSoC5/cyfitter_cfg.c **** /*******************************************************************************
 558:Generated_Source\PSoC5/cyfitter_cfg.c **** * Function Name: SetAnalogRoutingPumps
 559:Generated_Source\PSoC5/cyfitter_cfg.c **** ********************************************************************************
 560:Generated_Source\PSoC5/cyfitter_cfg.c **** *
 561:Generated_Source\PSoC5/cyfitter_cfg.c **** * Summary:
 562:Generated_Source\PSoC5/cyfitter_cfg.c **** * Enables or disables the analog pumps feeding analog routing switches.
 563:Generated_Source\PSoC5/cyfitter_cfg.c **** * Intended to be called at startup, based on the Vdda system configuration;
 564:Generated_Source\PSoC5/cyfitter_cfg.c **** * may be called during operation when the user informs us that the Vdda voltage
 565:Generated_Source\PSoC5/cyfitter_cfg.c **** * crossed the pump threshold.
 566:Generated_Source\PSoC5/cyfitter_cfg.c **** *
 567:Generated_Source\PSoC5/cyfitter_cfg.c **** * Parameters:
 568:Generated_Source\PSoC5/cyfitter_cfg.c **** *  enabled - 1 to enable the pumps, 0 to disable the pumps
 569:Generated_Source\PSoC5/cyfitter_cfg.c **** *
 570:Generated_Source\PSoC5/cyfitter_cfg.c **** * Return:
 571:Generated_Source\PSoC5/cyfitter_cfg.c **** *  void
 572:Generated_Source\PSoC5/cyfitter_cfg.c **** *
 573:Generated_Source\PSoC5/cyfitter_cfg.c **** *******************************************************************************/
 574:Generated_Source\PSoC5/cyfitter_cfg.c **** void SetAnalogRoutingPumps(uint8 enabled)
 575:Generated_Source\PSoC5/cyfitter_cfg.c **** {
 503              		.loc 1 575 0
 504              		.cfi_startproc
 505              		@ args = 0, pretend = 0, frame = 16
ARM GAS  C:\Users\ggg88\AppData\Local\Temp\ccaY8Fe2.s 			page 20


 506              		@ frame_needed = 1, uses_anonymous_args = 0
 507              		@ link register save eliminated.
 508 0000 80B4     		push	{r7}
 509              		.cfi_def_cfa_offset 4
 510              		.cfi_offset 7, -4
 511 0002 85B0     		sub	sp, sp, #20
 512              		.cfi_def_cfa_offset 24
 513 0004 00AF     		add	r7, sp, #0
 514              		.cfi_def_cfa_register 7
 515 0006 0346     		mov	r3, r0
 516 0008 FB71     		strb	r3, [r7, #7]
 576:Generated_Source\PSoC5/cyfitter_cfg.c **** 	uint8 regValue = CY_GET_XTND_REG8((void CYFAR *)CYREG_PUMP_CR0);
 517              		.loc 1 576 0
 518 000a 0B4B     		ldr	r3, .L19
 519 000c 1B78     		ldrb	r3, [r3]
 520 000e FB73     		strb	r3, [r7, #15]
 577:Generated_Source\PSoC5/cyfitter_cfg.c **** 	if (enabled != 0u)
 521              		.loc 1 577 0
 522 0010 FB79     		ldrb	r3, [r7, #7]	@ zero_extendqisi2
 523 0012 002B     		cmp	r3, #0
 524 0014 04D0     		beq	.L17
 578:Generated_Source\PSoC5/cyfitter_cfg.c **** 	{
 579:Generated_Source\PSoC5/cyfitter_cfg.c **** 		regValue |= 0x22u;
 525              		.loc 1 579 0
 526 0016 FB7B     		ldrb	r3, [r7, #15]
 527 0018 43F02203 		orr	r3, r3, #34
 528 001c FB73     		strb	r3, [r7, #15]
 529 001e 03E0     		b	.L18
 530              	.L17:
 580:Generated_Source\PSoC5/cyfitter_cfg.c **** 	}
 581:Generated_Source\PSoC5/cyfitter_cfg.c **** 	else
 582:Generated_Source\PSoC5/cyfitter_cfg.c **** 	{
 583:Generated_Source\PSoC5/cyfitter_cfg.c **** 		regValue &= (uint8)~0x22u;
 531              		.loc 1 583 0
 532 0020 FB7B     		ldrb	r3, [r7, #15]
 533 0022 23F02203 		bic	r3, r3, #34
 534 0026 FB73     		strb	r3, [r7, #15]
 535              	.L18:
 584:Generated_Source\PSoC5/cyfitter_cfg.c **** 	}
 585:Generated_Source\PSoC5/cyfitter_cfg.c **** 	CY_SET_XTND_REG8((void CYFAR *)CYREG_PUMP_CR0, regValue);
 536              		.loc 1 585 0
 537 0028 034A     		ldr	r2, .L19
 538 002a FB7B     		ldrb	r3, [r7, #15]
 539 002c 1370     		strb	r3, [r2]
 586:Generated_Source\PSoC5/cyfitter_cfg.c **** }
 540              		.loc 1 586 0
 541 002e 00BF     		nop
 542 0030 1437     		adds	r7, r7, #20
 543              		.cfi_def_cfa_offset 4
 544 0032 BD46     		mov	sp, r7
 545              		.cfi_def_cfa_register 13
 546              		@ sp needed
 547 0034 80BC     		pop	{r7}
 548              		.cfi_restore 7
 549              		.cfi_def_cfa_offset 0
 550 0036 7047     		bx	lr
 551              	.L20:
ARM GAS  C:\Users\ggg88\AppData\Local\Temp\ccaY8Fe2.s 			page 21


 552              		.align	2
 553              	.L19:
 554 0038 76580040 		.word	1073764470
 555              		.cfi_endproc
 556              	.LFE6:
 557              		.size	SetAnalogRoutingPumps, .-SetAnalogRoutingPumps
 558              		.section	.text.cyfitter_cfg,"ax",%progbits
 559              		.align	2
 560              		.global	cyfitter_cfg
 561              		.thumb
 562              		.thumb_func
 563              		.type	cyfitter_cfg, %function
 564              	cyfitter_cfg:
 565              	.LFB7:
 587:Generated_Source\PSoC5/cyfitter_cfg.c **** 
 588:Generated_Source\PSoC5/cyfitter_cfg.c **** 
 589:Generated_Source\PSoC5/cyfitter_cfg.c **** #define CY_AMUX_UNUSED CYREG_BOOST_SR
 590:Generated_Source\PSoC5/cyfitter_cfg.c **** 
 591:Generated_Source\PSoC5/cyfitter_cfg.c **** 
 592:Generated_Source\PSoC5/cyfitter_cfg.c **** /*******************************************************************************
 593:Generated_Source\PSoC5/cyfitter_cfg.c **** * Function Name: cyfitter_cfg
 594:Generated_Source\PSoC5/cyfitter_cfg.c **** ********************************************************************************
 595:Generated_Source\PSoC5/cyfitter_cfg.c **** * Summary:
 596:Generated_Source\PSoC5/cyfitter_cfg.c **** *  This function is called by the start-up code for the selected device. It
 597:Generated_Source\PSoC5/cyfitter_cfg.c **** *  performs all of the necessary device configuration based on the design
 598:Generated_Source\PSoC5/cyfitter_cfg.c **** *  settings.  This includes settings from the Design Wide Resources (DWR) such
 599:Generated_Source\PSoC5/cyfitter_cfg.c **** *  as Clocks and Pins as well as any component configuration that is necessary.
 600:Generated_Source\PSoC5/cyfitter_cfg.c **** *
 601:Generated_Source\PSoC5/cyfitter_cfg.c **** * Parameters:
 602:Generated_Source\PSoC5/cyfitter_cfg.c **** *   void
 603:Generated_Source\PSoC5/cyfitter_cfg.c **** *
 604:Generated_Source\PSoC5/cyfitter_cfg.c **** * Return:
 605:Generated_Source\PSoC5/cyfitter_cfg.c **** *   void
 606:Generated_Source\PSoC5/cyfitter_cfg.c **** *
 607:Generated_Source\PSoC5/cyfitter_cfg.c **** *******************************************************************************/
 608:Generated_Source\PSoC5/cyfitter_cfg.c **** 
 609:Generated_Source\PSoC5/cyfitter_cfg.c **** void cyfitter_cfg(void)
 610:Generated_Source\PSoC5/cyfitter_cfg.c **** {
 566              		.loc 1 610 0
 567              		.cfi_startproc
 568              		@ args = 0, pretend = 0, frame = 24
 569              		@ frame_needed = 1, uses_anonymous_args = 0
 570 0000 80B5     		push	{r7, lr}
 571              		.cfi_def_cfa_offset 8
 572              		.cfi_offset 7, -8
 573              		.cfi_offset 14, -4
 574 0002 86B0     		sub	sp, sp, #24
 575              		.cfi_def_cfa_offset 32
 576 0004 00AF     		add	r7, sp, #0
 577              		.cfi_def_cfa_register 7
 611:Generated_Source\PSoC5/cyfitter_cfg.c **** #ifdef CYGlobalIntDisable
 612:Generated_Source\PSoC5/cyfitter_cfg.c **** 	/* Disable interrupts by default. Let user enable if/when they want. */
 613:Generated_Source\PSoC5/cyfitter_cfg.c **** 	CYGlobalIntDisable
 578              		.loc 1 613 0
 579              		.syntax unified
 580              	@ 613 "Generated_Source\PSoC5\cyfitter_cfg.c" 1
 581 0006 72B6     		CPSID   i
ARM GAS  C:\Users\ggg88\AppData\Local\Temp\ccaY8Fe2.s 			page 22


 582              	@ 0 "" 2
 614:Generated_Source\PSoC5/cyfitter_cfg.c **** #endif
 615:Generated_Source\PSoC5/cyfitter_cfg.c **** 
 616:Generated_Source\PSoC5/cyfitter_cfg.c **** 
 617:Generated_Source\PSoC5/cyfitter_cfg.c **** 	/* Set Flash Cycles based on max possible frequency in case a glitch occurs during ClockSetup(). *
 618:Generated_Source\PSoC5/cyfitter_cfg.c **** 	CY_SET_XTND_REG8((void CYFAR *)(CYREG_CACHE_CC_CTL), (((CYDEV_INSTRUCT_CACHE_ENABLED) != 0) ? 0x61
 583              		.loc 1 618 0
 584              		.thumb
 585              		.syntax unified
 586 0008 634B     		ldr	r3, .L26
 587 000a 6122     		movs	r2, #97
 588 000c 1A70     		strb	r2, [r3]
 619:Generated_Source\PSoC5/cyfitter_cfg.c **** 	/* Setup clocks based on selections from Clock DWR */
 620:Generated_Source\PSoC5/cyfitter_cfg.c **** 	ClockSetup();
 589              		.loc 1 620 0
 590 000e FFF7FEFF 		bl	ClockSetup
 591              	.LBB2:
 621:Generated_Source\PSoC5/cyfitter_cfg.c **** 	{
 622:Generated_Source\PSoC5/cyfitter_cfg.c **** 
 623:Generated_Source\PSoC5/cyfitter_cfg.c **** 		CYPACKED typedef struct {
 624:Generated_Source\PSoC5/cyfitter_cfg.c **** 			void CYFAR *address;
 625:Generated_Source\PSoC5/cyfitter_cfg.c **** 			uint16 size;
 626:Generated_Source\PSoC5/cyfitter_cfg.c **** 		} CYPACKED_ATTR cfg_memset_t;
 627:Generated_Source\PSoC5/cyfitter_cfg.c **** 
 628:Generated_Source\PSoC5/cyfitter_cfg.c **** 
 629:Generated_Source\PSoC5/cyfitter_cfg.c **** 		CYPACKED typedef struct {
 630:Generated_Source\PSoC5/cyfitter_cfg.c **** 			void CYFAR *dest;
 631:Generated_Source\PSoC5/cyfitter_cfg.c **** 			const void CYFAR *src;
 632:Generated_Source\PSoC5/cyfitter_cfg.c **** 			uint16 size;
 633:Generated_Source\PSoC5/cyfitter_cfg.c **** 		} CYPACKED_ATTR cfg_memcpy_t;
 634:Generated_Source\PSoC5/cyfitter_cfg.c **** 
 635:Generated_Source\PSoC5/cyfitter_cfg.c **** 		static const cfg_memset_t CYCODE cfg_memset_list[] = {
 636:Generated_Source\PSoC5/cyfitter_cfg.c **** 			/* address, size */
 637:Generated_Source\PSoC5/cyfitter_cfg.c **** 			{(void CYFAR *)(CYREG_I2C_XCFG), 25u},
 638:Generated_Source\PSoC5/cyfitter_cfg.c **** 			{(void CYFAR *)(CYDEV_UCFG_B0_P7_U0_BASE), 384u},
 639:Generated_Source\PSoC5/cyfitter_cfg.c **** 			{(void CYFAR *)(CYDEV_UCFG_DSI3_BASE), 128u},
 640:Generated_Source\PSoC5/cyfitter_cfg.c **** 		};
 641:Generated_Source\PSoC5/cyfitter_cfg.c **** 
 642:Generated_Source\PSoC5/cyfitter_cfg.c **** 		static const cfg_memcpy_t CYCODE cfg_memcpy_list [] = {
 643:Generated_Source\PSoC5/cyfitter_cfg.c **** 			/* dest, src, size */
 644:Generated_Source\PSoC5/cyfitter_cfg.c **** 			{(void CYFAR *)(CYREG_IDMUX_DRQ_CTL0), BS_IDMUX_VAL, 6u},
 645:Generated_Source\PSoC5/cyfitter_cfg.c **** 			{(void CYFAR *)(CYDEV_PRTDSI_PRT0_BASE), BS_IOPORT_0_VAL, 7u},
 646:Generated_Source\PSoC5/cyfitter_cfg.c **** 			{(void CYFAR *)(CYDEV_PRTDSI_PRT3_BASE), BS_IOPORT_3_VAL, 7u},
 647:Generated_Source\PSoC5/cyfitter_cfg.c **** 			{(void CYFAR *)(CYDEV_PRTDSI_PRT4_BASE), BS_IOPORT_4_VAL, 7u},
 648:Generated_Source\PSoC5/cyfitter_cfg.c **** 			{(void CYFAR *)(CYDEV_PICU_INTTYPE_PICU4_BASE), BS_PICU_4_VAL, 8u},
 649:Generated_Source\PSoC5/cyfitter_cfg.c **** 			{(void CYFAR *)(CYDEV_PRTDSI_PRT5_BASE), BS_IOPORT_5_VAL, 7u},
 650:Generated_Source\PSoC5/cyfitter_cfg.c **** 			{(void CYFAR *)(CYDEV_PICU_INTTYPE_PICU12_BASE), BS_PICU_7_VAL, 8u},
 651:Generated_Source\PSoC5/cyfitter_cfg.c **** 			{(void CYFAR *)(CYDEV_PRTDSI_PRT15_BASE), BS_IOPORT_8_VAL, 7u},
 652:Generated_Source\PSoC5/cyfitter_cfg.c **** 			{(void CYFAR *)(CYDEV_PICU_INTTYPE_PICU15_BASE), BS_PICU_8_VAL, 8u},
 653:Generated_Source\PSoC5/cyfitter_cfg.c **** 			{(void CYFAR *)(CYREG_IDMUX_IRQ_CTL0), BS_IDMUX_IRQ_VAL, 8u},
 654:Generated_Source\PSoC5/cyfitter_cfg.c **** 			{(void CYFAR *)(CYREG_SAR0_SW0), BS_SAR0_VAL, 8u},
 655:Generated_Source\PSoC5/cyfitter_cfg.c **** 			{(void CYFAR *)(CYDEV_UCFG_B0_P0_U0_BASE), BS_UDB_1_5_0_CONFIG_VAL, 128u},
 656:Generated_Source\PSoC5/cyfitter_cfg.c **** 			{(void CYFAR *)(CYDEV_UCFG_B0_P0_U1_BASE), BS_UDB_1_5_1_CONFIG_VAL, 128u},
 657:Generated_Source\PSoC5/cyfitter_cfg.c **** 			{(void CYFAR *)(CYDEV_UCFG_B0_P1_U0_BASE), BS_UDB_1_4_1_CONFIG_VAL, 128u},
 658:Generated_Source\PSoC5/cyfitter_cfg.c **** 			{(void CYFAR *)(CYDEV_UCFG_B0_P1_U1_BASE), BS_UDB_1_4_0_CONFIG_VAL, 128u},
 659:Generated_Source\PSoC5/cyfitter_cfg.c **** 			{(void CYFAR *)(CYDEV_UCFG_B0_P2_U0_BASE), BS_UDB_1_3_0_CONFIG_VAL, 128u},
 660:Generated_Source\PSoC5/cyfitter_cfg.c **** 			{(void CYFAR *)(CYDEV_UCFG_B0_P2_U1_BASE), BS_UDB_1_3_1_CONFIG_VAL, 128u},
ARM GAS  C:\Users\ggg88\AppData\Local\Temp\ccaY8Fe2.s 			page 23


 661:Generated_Source\PSoC5/cyfitter_cfg.c **** 			{(void CYFAR *)(CYDEV_UCFG_B0_P3_U0_BASE), BS_UDB_1_2_1_CONFIG_VAL, 128u},
 662:Generated_Source\PSoC5/cyfitter_cfg.c **** 			{(void CYFAR *)(CYDEV_UCFG_B0_P3_U1_BASE), BS_UDB_1_2_0_CONFIG_VAL, 128u},
 663:Generated_Source\PSoC5/cyfitter_cfg.c **** 			{(void CYFAR *)(CYDEV_UCFG_B0_P4_U0_BASE), BS_UDB_0_2_1_CONFIG_VAL, 128u},
 664:Generated_Source\PSoC5/cyfitter_cfg.c **** 			{(void CYFAR *)(CYDEV_UCFG_B0_P4_U1_BASE), BS_UDB_0_2_0_CONFIG_VAL, 128u},
 665:Generated_Source\PSoC5/cyfitter_cfg.c **** 			{(void CYFAR *)(CYDEV_UCFG_B0_P5_U0_BASE), BS_UDB_0_3_0_CONFIG_VAL, 128u},
 666:Generated_Source\PSoC5/cyfitter_cfg.c **** 			{(void CYFAR *)(CYDEV_UCFG_B0_P5_U1_BASE), BS_UDB_0_3_1_CONFIG_VAL, 128u},
 667:Generated_Source\PSoC5/cyfitter_cfg.c **** 			{(void CYFAR *)(CYDEV_UCFG_B0_P6_U0_BASE), BS_UDB_0_4_1_CONFIG_VAL, 128u},
 668:Generated_Source\PSoC5/cyfitter_cfg.c **** 			{(void CYFAR *)(CYDEV_UCFG_B0_P6_U1_BASE), BS_UDB_0_4_0_CONFIG_VAL, 128u},
 669:Generated_Source\PSoC5/cyfitter_cfg.c **** 			{(void CYFAR *)(CYDEV_UCFG_B1_P2_U0_BASE), BS_UDB_1_0_0_CONFIG_VAL, 128u},
 670:Generated_Source\PSoC5/cyfitter_cfg.c **** 			{(void CYFAR *)(CYDEV_UCFG_B1_P2_U1_BASE), BS_UDB_1_0_1_CONFIG_VAL, 128u},
 671:Generated_Source\PSoC5/cyfitter_cfg.c **** 			{(void CYFAR *)(CYDEV_UCFG_B1_P3_U0_BASE), BS_UDB_1_1_1_CONFIG_VAL, 128u},
 672:Generated_Source\PSoC5/cyfitter_cfg.c **** 			{(void CYFAR *)(CYDEV_UCFG_B1_P3_U1_BASE), BS_UDB_1_1_0_CONFIG_VAL, 128u},
 673:Generated_Source\PSoC5/cyfitter_cfg.c **** 			{(void CYFAR *)(CYDEV_UCFG_B1_P4_U0_BASE), BS_UDB_0_1_1_CONFIG_VAL, 128u},
 674:Generated_Source\PSoC5/cyfitter_cfg.c **** 			{(void CYFAR *)(CYDEV_UCFG_B1_P4_U1_BASE), BS_UDB_0_1_0_CONFIG_VAL, 128u},
 675:Generated_Source\PSoC5/cyfitter_cfg.c **** 			{(void CYFAR *)(CYDEV_UCFG_B1_P5_U0_BASE), BS_UDB_0_0_0_CONFIG_VAL, 128u},
 676:Generated_Source\PSoC5/cyfitter_cfg.c **** 			{(void CYFAR *)(CYDEV_UCFG_B1_P5_U1_BASE), BS_UDB_0_0_1_CONFIG_VAL, 128u},
 677:Generated_Source\PSoC5/cyfitter_cfg.c **** 			{(void CYFAR *)(CYDEV_UWRK_UWRK8_B0_BASE + 0x00000070u), BS_UWRK_B0_WRK_STATCTL_BITS_VAL, 32u},
 678:Generated_Source\PSoC5/cyfitter_cfg.c **** 			{(void CYFAR *)(CYDEV_UWRK_UWRK8_B1_BASE + 0x00000070u), BS_UWRK_B1_WRK_STATCTL_BITS_VAL, 32u},
 679:Generated_Source\PSoC5/cyfitter_cfg.c **** 			{(void CYFAR *)(CYREG_BCTL1_MDCLK_EN), BS_UCFG_BCTL1_VAL, 16u},
 680:Generated_Source\PSoC5/cyfitter_cfg.c **** 			{(void CYFAR *)(CYREG_BCTL0_MDCLK_EN), BS_UCFG_BCTL0_VAL, 16u},
 681:Generated_Source\PSoC5/cyfitter_cfg.c **** 			{(void CYFAR *)(CYDEV_UCFG_DSI13_BASE), BS_DSISWITCH_0_0_VAL, 128u},
 682:Generated_Source\PSoC5/cyfitter_cfg.c **** 			{(void CYFAR *)(CYDEV_UCFG_DSI13_BASE + 0x00000080u), BS_DSI0_0_HV_ROUTING_VAL, 128u},
 683:Generated_Source\PSoC5/cyfitter_cfg.c **** 			{(void CYFAR *)(CYDEV_UCFG_DSI12_BASE), BS_DSISWITCH_0_1_VAL, 128u},
 684:Generated_Source\PSoC5/cyfitter_cfg.c **** 			{(void CYFAR *)(CYDEV_UCFG_DSI12_BASE + 0x00000080u), BS_DSI0_1_HV_ROUTING_VAL, 128u},
 685:Generated_Source\PSoC5/cyfitter_cfg.c **** 			{(void CYFAR *)(CYDEV_UCFG_DSI7_BASE), BS_DSISWITCH_0_2_VAL, 128u},
 686:Generated_Source\PSoC5/cyfitter_cfg.c **** 			{(void CYFAR *)(CYDEV_UCFG_DSI7_BASE + 0x00000080u), BS_DSI0_2_HV_ROUTING_VAL, 128u},
 687:Generated_Source\PSoC5/cyfitter_cfg.c **** 			{(void CYFAR *)(CYDEV_UCFG_DSI6_BASE), BS_DSISWITCH_0_3_VAL, 128u},
 688:Generated_Source\PSoC5/cyfitter_cfg.c **** 			{(void CYFAR *)(CYDEV_UCFG_DSI6_BASE + 0x00000080u), BS_DSI0_3_HV_ROUTING_VAL, 128u},
 689:Generated_Source\PSoC5/cyfitter_cfg.c **** 			{(void CYFAR *)(CYDEV_UCFG_DSI5_BASE), BS_DSISWITCH_0_4_VAL, 128u},
 690:Generated_Source\PSoC5/cyfitter_cfg.c **** 			{(void CYFAR *)(CYDEV_UCFG_DSI5_BASE + 0x00000080u), BS_DSI0_4_HV_ROUTING_VAL, 128u},
 691:Generated_Source\PSoC5/cyfitter_cfg.c **** 			{(void CYFAR *)(CYDEV_UCFG_DSI4_BASE), BS_DSISWITCH_0_5_VAL, 128u},
 692:Generated_Source\PSoC5/cyfitter_cfg.c **** 			{(void CYFAR *)(CYDEV_UCFG_DSI4_BASE + 0x00000080u), BS_DSI0_5_HV_ROUTING_VAL, 128u},
 693:Generated_Source\PSoC5/cyfitter_cfg.c **** 			{(void CYFAR *)(CYDEV_UCFG_B1_P5_ROUTE_BASE), BS_UDBSWITCH_0_0_VAL, 128u},
 694:Generated_Source\PSoC5/cyfitter_cfg.c **** 			{(void CYFAR *)(CYDEV_UCFG_B1_P5_ROUTE_BASE + 0x00000080u), BS_UDB_1_0_HV_ROUTING_VAL, 128u},
 695:Generated_Source\PSoC5/cyfitter_cfg.c **** 			{(void CYFAR *)(CYDEV_UCFG_B1_P2_ROUTE_BASE), BS_UDBSWITCH_1_0_VAL, 128u},
 696:Generated_Source\PSoC5/cyfitter_cfg.c **** 			{(void CYFAR *)(CYDEV_UCFG_B1_P2_ROUTE_BASE + 0x00000080u), BS_UDB_2_0_HV_ROUTING_VAL, 128u},
 697:Generated_Source\PSoC5/cyfitter_cfg.c **** 			{(void CYFAR *)(CYDEV_UCFG_B1_P4_ROUTE_BASE), BS_UDBSWITCH_0_1_VAL, 128u},
 698:Generated_Source\PSoC5/cyfitter_cfg.c **** 			{(void CYFAR *)(CYDEV_UCFG_B1_P4_ROUTE_BASE + 0x00000080u), BS_UDB_1_1_HV_ROUTING_VAL, 128u},
 699:Generated_Source\PSoC5/cyfitter_cfg.c **** 			{(void CYFAR *)(CYDEV_UCFG_B1_P3_ROUTE_BASE), BS_UDBSWITCH_1_1_VAL, 128u},
 700:Generated_Source\PSoC5/cyfitter_cfg.c **** 			{(void CYFAR *)(CYDEV_UCFG_B1_P3_ROUTE_BASE + 0x00000080u), BS_UDB_2_1_HV_ROUTING_VAL, 128u},
 701:Generated_Source\PSoC5/cyfitter_cfg.c **** 			{(void CYFAR *)(CYDEV_UCFG_B0_P4_ROUTE_BASE), BS_UDBSWITCH_0_2_VAL, 128u},
 702:Generated_Source\PSoC5/cyfitter_cfg.c **** 			{(void CYFAR *)(CYDEV_UCFG_B0_P4_ROUTE_BASE + 0x00000080u), BS_UDB_1_2_HV_ROUTING_VAL, 128u},
 703:Generated_Source\PSoC5/cyfitter_cfg.c **** 			{(void CYFAR *)(CYDEV_UCFG_B0_P3_ROUTE_BASE), BS_UDBSWITCH_1_2_VAL, 128u},
 704:Generated_Source\PSoC5/cyfitter_cfg.c **** 			{(void CYFAR *)(CYDEV_UCFG_B0_P3_ROUTE_BASE + 0x00000080u), BS_UDB_2_2_HV_ROUTING_VAL, 128u},
 705:Generated_Source\PSoC5/cyfitter_cfg.c **** 			{(void CYFAR *)(CYDEV_UCFG_B0_P5_ROUTE_BASE), BS_UDBSWITCH_0_3_VAL, 128u},
 706:Generated_Source\PSoC5/cyfitter_cfg.c **** 			{(void CYFAR *)(CYDEV_UCFG_B0_P5_ROUTE_BASE + 0x00000080u), BS_UDB_1_3_HV_ROUTING_VAL, 128u},
 707:Generated_Source\PSoC5/cyfitter_cfg.c **** 			{(void CYFAR *)(CYDEV_UCFG_B0_P2_ROUTE_BASE), BS_UDBSWITCH_1_3_VAL, 128u},
 708:Generated_Source\PSoC5/cyfitter_cfg.c **** 			{(void CYFAR *)(CYDEV_UCFG_B0_P2_ROUTE_BASE + 0x00000080u), BS_UDB_2_3_HV_ROUTING_VAL, 128u},
 709:Generated_Source\PSoC5/cyfitter_cfg.c **** 			{(void CYFAR *)(CYDEV_UCFG_B0_P6_ROUTE_BASE), BS_UDBSWITCH_0_4_VAL, 128u},
 710:Generated_Source\PSoC5/cyfitter_cfg.c **** 			{(void CYFAR *)(CYDEV_UCFG_B0_P6_ROUTE_BASE + 0x00000080u), BS_UDB_1_4_HV_ROUTING_VAL, 128u},
 711:Generated_Source\PSoC5/cyfitter_cfg.c **** 			{(void CYFAR *)(CYDEV_UCFG_B0_P1_ROUTE_BASE), BS_UDBSWITCH_1_4_VAL, 128u},
 712:Generated_Source\PSoC5/cyfitter_cfg.c **** 			{(void CYFAR *)(CYDEV_UCFG_B0_P1_ROUTE_BASE + 0x00000080u), BS_UDB_2_4_HV_ROUTING_VAL, 128u},
 713:Generated_Source\PSoC5/cyfitter_cfg.c **** 			{(void CYFAR *)(CYDEV_UCFG_B0_P7_ROUTE_BASE + 0x00000080u), BS_UDB_1_5_HV_ROUTING_VAL, 128u},
 714:Generated_Source\PSoC5/cyfitter_cfg.c **** 			{(void CYFAR *)(CYDEV_UCFG_B0_P0_ROUTE_BASE), BS_UDBSWITCH_1_5_VAL, 128u},
 715:Generated_Source\PSoC5/cyfitter_cfg.c **** 			{(void CYFAR *)(CYDEV_UCFG_B0_P0_ROUTE_BASE + 0x00000080u), BS_UDB_2_5_HV_ROUTING_VAL, 128u},
 716:Generated_Source\PSoC5/cyfitter_cfg.c **** 			{(void CYFAR *)(CYDEV_UCFG_DSI9_BASE), BS_DSISWITCH_1_0_VAL, 128u},
 717:Generated_Source\PSoC5/cyfitter_cfg.c **** 			{(void CYFAR *)(CYDEV_UCFG_DSI9_BASE + 0x00000080u), BS_DSI3_0_HV_ROUTING_VAL, 128u},
ARM GAS  C:\Users\ggg88\AppData\Local\Temp\ccaY8Fe2.s 			page 24


 718:Generated_Source\PSoC5/cyfitter_cfg.c **** 			{(void CYFAR *)(CYDEV_UCFG_DSI8_BASE), BS_DSISWITCH_1_1_VAL, 128u},
 719:Generated_Source\PSoC5/cyfitter_cfg.c **** 			{(void CYFAR *)(CYDEV_UCFG_DSI8_BASE + 0x00000080u), BS_DSI3_1_HV_ROUTING_VAL, 128u},
 720:Generated_Source\PSoC5/cyfitter_cfg.c **** 			{(void CYFAR *)(CYDEV_UCFG_DSI3_BASE + 0x00000080u), BS_DSI3_2_HV_ROUTING_VAL, 128u},
 721:Generated_Source\PSoC5/cyfitter_cfg.c **** 			{(void CYFAR *)(CYDEV_UCFG_DSI2_BASE), BS_DSISWITCH_1_3_VAL, 128u},
 722:Generated_Source\PSoC5/cyfitter_cfg.c **** 			{(void CYFAR *)(CYDEV_UCFG_DSI2_BASE + 0x00000080u), BS_DSI3_3_HV_ROUTING_VAL, 128u},
 723:Generated_Source\PSoC5/cyfitter_cfg.c **** 			{(void CYFAR *)(CYDEV_UCFG_DSI1_BASE), BS_DSISWITCH_1_4_VAL, 128u},
 724:Generated_Source\PSoC5/cyfitter_cfg.c **** 			{(void CYFAR *)(CYDEV_UCFG_DSI1_BASE + 0x00000080u), BS_DSI3_4_HV_ROUTING_VAL, 128u},
 725:Generated_Source\PSoC5/cyfitter_cfg.c **** 			{(void CYFAR *)(CYDEV_UCFG_DSI0_BASE), BS_DSISWITCH_1_5_VAL, 128u},
 726:Generated_Source\PSoC5/cyfitter_cfg.c **** 			{(void CYFAR *)(CYDEV_UCFG_DSI0_BASE + 0x00000080u), BS_DSI3_5_HV_ROUTING_VAL, 128u},
 727:Generated_Source\PSoC5/cyfitter_cfg.c **** 		};
 728:Generated_Source\PSoC5/cyfitter_cfg.c **** 
 729:Generated_Source\PSoC5/cyfitter_cfg.c **** 		uint8 CYDATA i;
 730:Generated_Source\PSoC5/cyfitter_cfg.c **** 
 731:Generated_Source\PSoC5/cyfitter_cfg.c **** 		/* Zero out critical memory blocks before beginning configuration */
 732:Generated_Source\PSoC5/cyfitter_cfg.c **** 		for (i = 0u; i < (sizeof(cfg_memset_list)/sizeof(cfg_memset_list[0])); i++)
 592              		.loc 1 732 0
 593 0012 0023     		movs	r3, #0
 594 0014 FB75     		strb	r3, [r7, #23]
 595 0016 13E0     		b	.L22
 596              	.L23:
 597              	.LBB3:
 733:Generated_Source\PSoC5/cyfitter_cfg.c **** 		{
 734:Generated_Source\PSoC5/cyfitter_cfg.c **** 			const cfg_memset_t CYCODE * CYDATA ms = &cfg_memset_list[i];
 598              		.loc 1 734 0 discriminator 3
 599 0018 FA7D     		ldrb	r2, [r7, #23]	@ zero_extendqisi2
 600 001a 1346     		mov	r3, r2
 601 001c 5B00     		lsls	r3, r3, #1
 602 001e 1344     		add	r3, r3, r2
 603 0020 5B00     		lsls	r3, r3, #1
 604 0022 5E4A     		ldr	r2, .L26+4
 605 0024 1344     		add	r3, r3, r2
 606 0026 3B61     		str	r3, [r7, #16]
 735:Generated_Source\PSoC5/cyfitter_cfg.c **** 			CYMEMZERO(ms->address, (size_t)(uint32)(ms->size));
 607              		.loc 1 735 0 discriminator 3
 608 0028 3B69     		ldr	r3, [r7, #16]
 609 002a 1A68     		ldr	r2, [r3]	@ unaligned
 610 002c 3B69     		ldr	r3, [r7, #16]
 611 002e 9B88     		ldrh	r3, [r3, #4]	@ unaligned
 612 0030 9BB2     		uxth	r3, r3
 613 0032 1946     		mov	r1, r3
 614 0034 1046     		mov	r0, r2
 615 0036 FFF7FEFF 		bl	CYMEMZERO
 616              	.LBE3:
 732:Generated_Source\PSoC5/cyfitter_cfg.c **** 		{
 617              		.loc 1 732 0 discriminator 3
 618 003a FB7D     		ldrb	r3, [r7, #23]	@ zero_extendqisi2
 619 003c 0133     		adds	r3, r3, #1
 620 003e FB75     		strb	r3, [r7, #23]
 621              	.L22:
 732:Generated_Source\PSoC5/cyfitter_cfg.c **** 		{
 622              		.loc 1 732 0 is_stmt 0 discriminator 1
 623 0040 FB7D     		ldrb	r3, [r7, #23]	@ zero_extendqisi2
 624 0042 022B     		cmp	r3, #2
 625 0044 E8D9     		bls	.L23
 736:Generated_Source\PSoC5/cyfitter_cfg.c **** 		}
 737:Generated_Source\PSoC5/cyfitter_cfg.c **** 
 738:Generated_Source\PSoC5/cyfitter_cfg.c **** 		/* Copy device configuration data into registers */
ARM GAS  C:\Users\ggg88\AppData\Local\Temp\ccaY8Fe2.s 			page 25


 739:Generated_Source\PSoC5/cyfitter_cfg.c **** 		for (i = 0u; i < (sizeof(cfg_memcpy_list)/sizeof(cfg_memcpy_list[0])); i++)
 626              		.loc 1 739 0 is_stmt 1
 627 0046 0023     		movs	r3, #0
 628 0048 FB75     		strb	r3, [r7, #23]
 629 004a 1CE0     		b	.L24
 630              	.L25:
 631              	.LBB4:
 740:Generated_Source\PSoC5/cyfitter_cfg.c **** 		{
 741:Generated_Source\PSoC5/cyfitter_cfg.c **** 			const cfg_memcpy_t CYCODE * CYDATA mc = &cfg_memcpy_list[i];
 632              		.loc 1 741 0 discriminator 3
 633 004c FA7D     		ldrb	r2, [r7, #23]	@ zero_extendqisi2
 634 004e 1346     		mov	r3, r2
 635 0050 9B00     		lsls	r3, r3, #2
 636 0052 1344     		add	r3, r3, r2
 637 0054 5B00     		lsls	r3, r3, #1
 638 0056 524A     		ldr	r2, .L26+8
 639 0058 1344     		add	r3, r3, r2
 640 005a FB60     		str	r3, [r7, #12]
 742:Generated_Source\PSoC5/cyfitter_cfg.c **** 			void * CYDATA destPtr = mc->dest;
 641              		.loc 1 742 0 discriminator 3
 642 005c FB68     		ldr	r3, [r7, #12]
 643 005e 1B68     		ldr	r3, [r3]	@ unaligned
 644 0060 BB60     		str	r3, [r7, #8]
 743:Generated_Source\PSoC5/cyfitter_cfg.c **** 			const void * CYDATA srcPtr = mc->src;
 645              		.loc 1 743 0 discriminator 3
 646 0062 FB68     		ldr	r3, [r7, #12]
 647 0064 5B68     		ldr	r3, [r3, #4]	@ unaligned
 648 0066 7B60     		str	r3, [r7, #4]
 744:Generated_Source\PSoC5/cyfitter_cfg.c **** 			uint16 CYDATA numBytes = mc->size;
 649              		.loc 1 744 0 discriminator 3
 650 0068 FB68     		ldr	r3, [r7, #12]
 651 006a 1A7A     		ldrb	r2, [r3, #8]	@ zero_extendqisi2
 652 006c 5B7A     		ldrb	r3, [r3, #9]	@ zero_extendqisi2
 653 006e 1B02     		lsls	r3, r3, #8
 654 0070 1343     		orrs	r3, r3, r2
 655 0072 7B80     		strh	r3, [r7, #2]	@ movhi
 745:Generated_Source\PSoC5/cyfitter_cfg.c **** 			CYCONFIGCPY(destPtr, srcPtr, numBytes);
 656              		.loc 1 745 0 discriminator 3
 657 0074 7B88     		ldrh	r3, [r7, #2]
 658 0076 1A46     		mov	r2, r3
 659 0078 7968     		ldr	r1, [r7, #4]
 660 007a B868     		ldr	r0, [r7, #8]
 661 007c FFF7FEFF 		bl	CYCONFIGCPY
 662              	.LBE4:
 739:Generated_Source\PSoC5/cyfitter_cfg.c **** 		{
 663              		.loc 1 739 0 discriminator 3
 664 0080 FB7D     		ldrb	r3, [r7, #23]	@ zero_extendqisi2
 665 0082 0133     		adds	r3, r3, #1
 666 0084 FB75     		strb	r3, [r7, #23]
 667              	.L24:
 739:Generated_Source\PSoC5/cyfitter_cfg.c **** 		{
 668              		.loc 1 739 0 is_stmt 0 discriminator 1
 669 0086 FB7D     		ldrb	r3, [r7, #23]	@ zero_extendqisi2
 670 0088 522B     		cmp	r3, #82
 671 008a DFD9     		bls	.L25
 746:Generated_Source\PSoC5/cyfitter_cfg.c **** 		}
 747:Generated_Source\PSoC5/cyfitter_cfg.c **** 
ARM GAS  C:\Users\ggg88\AppData\Local\Temp\ccaY8Fe2.s 			page 26


 748:Generated_Source\PSoC5/cyfitter_cfg.c **** 		/* Perform normal device configuration. Order is not critical for these items. */
 749:Generated_Source\PSoC5/cyfitter_cfg.c **** 		CYMEMZERO((void CYFAR *)(CYREG_PHUB_CFGMEM0_CFG0), 4u);
 672              		.loc 1 749 0 is_stmt 1
 673 008c 0421     		movs	r1, #4
 674 008e 4548     		ldr	r0, .L26+12
 675 0090 FFF7FEFF 		bl	CYMEMZERO
 750:Generated_Source\PSoC5/cyfitter_cfg.c **** 		CYCONFIGCPY((void CYFAR *)(CYREG_PHUB_CFGMEM1_CFG0), (const void CYFAR *)(BS_PHUB_CFGMEM1_VAL), 4
 676              		.loc 1 750 0
 677 0094 0422     		movs	r2, #4
 678 0096 4449     		ldr	r1, .L26+16
 679 0098 4448     		ldr	r0, .L26+20
 680 009a FFF7FEFF 		bl	CYCONFIGCPY
 751:Generated_Source\PSoC5/cyfitter_cfg.c **** 		CYCONFIGCPY((void CYFAR *)(CYREG_PHUB_CFGMEM2_CFG0), (const void CYFAR *)(BS_PHUB_CFGMEM2_VAL), 4
 681              		.loc 1 751 0
 682 009e 0422     		movs	r2, #4
 683 00a0 4349     		ldr	r1, .L26+24
 684 00a2 4448     		ldr	r0, .L26+28
 685 00a4 FFF7FEFF 		bl	CYCONFIGCPY
 752:Generated_Source\PSoC5/cyfitter_cfg.c **** 		CYMEMZERO((void CYFAR *)(CYREG_PHUB_CFGMEM3_CFG0), 4u);
 686              		.loc 1 752 0
 687 00a8 0421     		movs	r1, #4
 688 00aa 4348     		ldr	r0, .L26+32
 689 00ac FFF7FEFF 		bl	CYMEMZERO
 753:Generated_Source\PSoC5/cyfitter_cfg.c **** 		CYMEMZERO((void CYFAR *)(CYREG_PHUB_CFGMEM4_CFG0), 4u);
 690              		.loc 1 753 0
 691 00b0 0421     		movs	r1, #4
 692 00b2 4248     		ldr	r0, .L26+36
 693 00b4 FFF7FEFF 		bl	CYMEMZERO
 754:Generated_Source\PSoC5/cyfitter_cfg.c **** 		CYCONFIGCPY((void CYFAR *)(CYREG_PHUB_CFGMEM5_CFG0), (const void CYFAR *)(BS_PHUB_CFGMEM5_VAL), 4
 694              		.loc 1 754 0
 695 00b8 0422     		movs	r2, #4
 696 00ba 4149     		ldr	r1, .L26+40
 697 00bc 4148     		ldr	r0, .L26+44
 698 00be FFF7FEFF 		bl	CYCONFIGCPY
 755:Generated_Source\PSoC5/cyfitter_cfg.c **** 		CYCONFIGCPY((void CYFAR *)(CYREG_PHUB_CFGMEM6_CFG0), (const void CYFAR *)(BS_PHUB_CFGMEM6_VAL), 4
 699              		.loc 1 755 0
 700 00c2 0422     		movs	r2, #4
 701 00c4 4049     		ldr	r1, .L26+48
 702 00c6 4148     		ldr	r0, .L26+52
 703 00c8 FFF7FEFF 		bl	CYCONFIGCPY
 756:Generated_Source\PSoC5/cyfitter_cfg.c **** 
 757:Generated_Source\PSoC5/cyfitter_cfg.c **** 		/* B0_P2_U0_CFG24 Starting address: CYDEV_UCFG_B0_P2_U0_CFG24 */
 758:Generated_Source\PSoC5/cyfitter_cfg.c **** 		CY_SET_XTND_REG32((void CYFAR *)(CYREG_B0_P2_U0_CFG24), 0xA4000404u);
 704              		.loc 1 758 0
 705 00cc 404B     		ldr	r3, .L26+56
 706 00ce 414A     		ldr	r2, .L26+60
 707 00d0 1A60     		str	r2, [r3]
 759:Generated_Source\PSoC5/cyfitter_cfg.c **** 
 760:Generated_Source\PSoC5/cyfitter_cfg.c **** 		/* B1_P2_U0_CFG24 Starting address: CYDEV_UCFG_B1_P2_U0_CFG24 */
 761:Generated_Source\PSoC5/cyfitter_cfg.c **** 		CY_SET_XTND_REG32((void CYFAR *)(CYREG_B1_P2_U0_CFG24), 0x64240404u);
 708              		.loc 1 761 0
 709 00d2 414B     		ldr	r3, .L26+64
 710 00d4 414A     		ldr	r2, .L26+68
 711 00d6 1A60     		str	r2, [r3]
 762:Generated_Source\PSoC5/cyfitter_cfg.c **** 
 763:Generated_Source\PSoC5/cyfitter_cfg.c **** 		/* Enable digital routing */
 764:Generated_Source\PSoC5/cyfitter_cfg.c **** 		CY_SET_XTND_REG8((void CYFAR *)CYREG_BCTL0_BANK_CTL, CY_GET_XTND_REG8((void CYFAR *)CYREG_BCTL0_B
ARM GAS  C:\Users\ggg88\AppData\Local\Temp\ccaY8Fe2.s 			page 27


 712              		.loc 1 764 0
 713 00d8 414A     		ldr	r2, .L26+72
 714 00da 414B     		ldr	r3, .L26+72
 715 00dc 1B78     		ldrb	r3, [r3]
 716 00de DBB2     		uxtb	r3, r3
 717 00e0 43F00203 		orr	r3, r3, #2
 718 00e4 DBB2     		uxtb	r3, r3
 719 00e6 1370     		strb	r3, [r2]
 765:Generated_Source\PSoC5/cyfitter_cfg.c **** 		CY_SET_XTND_REG8((void CYFAR *)CYREG_BCTL1_BANK_CTL, CY_GET_XTND_REG8((void CYFAR *)CYREG_BCTL1_B
 720              		.loc 1 765 0
 721 00e8 3E4A     		ldr	r2, .L26+76
 722 00ea 3E4B     		ldr	r3, .L26+76
 723 00ec 1B78     		ldrb	r3, [r3]
 724 00ee DBB2     		uxtb	r3, r3
 725 00f0 43F00203 		orr	r3, r3, #2
 726 00f4 DBB2     		uxtb	r3, r3
 727 00f6 1370     		strb	r3, [r2]
 766:Generated_Source\PSoC5/cyfitter_cfg.c **** 
 767:Generated_Source\PSoC5/cyfitter_cfg.c **** 		/* Enable UDB array */
 768:Generated_Source\PSoC5/cyfitter_cfg.c **** 		CY_SET_XTND_REG8((void CYFAR *)CYREG_PM_ACT_CFG0, CY_GET_XTND_REG8((void CYFAR *)CYREG_PM_ACT_CFG
 728              		.loc 1 768 0
 729 00f8 3B4A     		ldr	r2, .L26+80
 730 00fa 3B4B     		ldr	r3, .L26+80
 731 00fc 1B78     		ldrb	r3, [r3]
 732 00fe DBB2     		uxtb	r3, r3
 733 0100 43F04003 		orr	r3, r3, #64
 734 0104 DBB2     		uxtb	r3, r3
 735 0106 1370     		strb	r3, [r2]
 769:Generated_Source\PSoC5/cyfitter_cfg.c **** 		CY_SET_XTND_REG8((void CYFAR *)CYREG_PM_AVAIL_CR2, CY_GET_XTND_REG8((void CYFAR *)CYREG_PM_AVAIL_
 736              		.loc 1 769 0
 737 0108 384A     		ldr	r2, .L26+84
 738 010a 384B     		ldr	r3, .L26+84
 739 010c 1B78     		ldrb	r3, [r3]
 740 010e DBB2     		uxtb	r3, r3
 741 0110 43F01003 		orr	r3, r3, #16
 742 0114 DBB2     		uxtb	r3, r3
 743 0116 1370     		strb	r3, [r2]
 744              	.LBE2:
 770:Generated_Source\PSoC5/cyfitter_cfg.c **** 	}
 771:Generated_Source\PSoC5/cyfitter_cfg.c **** 
 772:Generated_Source\PSoC5/cyfitter_cfg.c **** 
 773:Generated_Source\PSoC5/cyfitter_cfg.c **** 	/* Perform second pass device configuration. These items must be configured in specific order afte
 774:Generated_Source\PSoC5/cyfitter_cfg.c **** 	CYCONFIGCPY((void CYFAR *)(CYREG_PRT0_DM0), (const void CYFAR *)(BS_IOPINS0_0_VAL), 8u);
 745              		.loc 1 774 0
 746 0118 0822     		movs	r2, #8
 747 011a 3549     		ldr	r1, .L26+88
 748 011c 3548     		ldr	r0, .L26+92
 749 011e FFF7FEFF 		bl	CYCONFIGCPY
 775:Generated_Source\PSoC5/cyfitter_cfg.c **** 	CYCONFIGCPY((void CYFAR *)(CYREG_PRT12_DM0), (const void CYFAR *)(BS_IOPINS0_7_VAL), 8u);
 750              		.loc 1 775 0
 751 0122 0822     		movs	r2, #8
 752 0124 3449     		ldr	r1, .L26+96
 753 0126 3548     		ldr	r0, .L26+100
 754 0128 FFF7FEFF 		bl	CYCONFIGCPY
 776:Generated_Source\PSoC5/cyfitter_cfg.c **** 	CYCONFIGCPY((void CYFAR *)(CYREG_PRT15_DR), (const void CYFAR *)(BS_IOPINS0_8_VAL), 10u);
 755              		.loc 1 776 0
 756 012c 0A22     		movs	r2, #10
ARM GAS  C:\Users\ggg88\AppData\Local\Temp\ccaY8Fe2.s 			page 28


 757 012e 3449     		ldr	r1, .L26+104
 758 0130 3448     		ldr	r0, .L26+108
 759 0132 FFF7FEFF 		bl	CYCONFIGCPY
 777:Generated_Source\PSoC5/cyfitter_cfg.c **** 	CYCONFIGCPY((void CYFAR *)(CYREG_PRT1_DR), (const void CYFAR *)(BS_IOPINS0_1_VAL), 10u);
 760              		.loc 1 777 0
 761 0136 0A22     		movs	r2, #10
 762 0138 3349     		ldr	r1, .L26+112
 763 013a 3448     		ldr	r0, .L26+116
 764 013c FFF7FEFF 		bl	CYCONFIGCPY
 778:Generated_Source\PSoC5/cyfitter_cfg.c **** 	CYCONFIGCPY((void CYFAR *)(CYREG_PRT2_DR), (const void CYFAR *)(BS_IOPINS0_2_VAL), 10u);
 765              		.loc 1 778 0
 766 0140 0A22     		movs	r2, #10
 767 0142 3349     		ldr	r1, .L26+120
 768 0144 3348     		ldr	r0, .L26+124
 769 0146 FFF7FEFF 		bl	CYCONFIGCPY
 779:Generated_Source\PSoC5/cyfitter_cfg.c **** 	CYCONFIGCPY((void CYFAR *)(CYREG_PRT3_DM0), (const void CYFAR *)(BS_IOPINS0_3_VAL), 8u);
 770              		.loc 1 779 0
 771 014a 0822     		movs	r2, #8
 772 014c 3249     		ldr	r1, .L26+128
 773 014e 3348     		ldr	r0, .L26+132
 774 0150 FFF7FEFF 		bl	CYCONFIGCPY
 780:Generated_Source\PSoC5/cyfitter_cfg.c **** 	CYCONFIGCPY((void CYFAR *)(CYREG_PRT4_DR), (const void CYFAR *)(BS_IOPINS0_4_VAL), 10u);
 775              		.loc 1 780 0
 776 0154 0A22     		movs	r2, #10
 777 0156 3249     		ldr	r1, .L26+136
 778 0158 3248     		ldr	r0, .L26+140
 779 015a FFF7FEFF 		bl	CYCONFIGCPY
 781:Generated_Source\PSoC5/cyfitter_cfg.c **** 	CYCONFIGCPY((void CYFAR *)(CYREG_PRT5_DR), (const void CYFAR *)(BS_IOPINS0_5_VAL), 10u);
 780              		.loc 1 781 0
 781 015e 0A22     		movs	r2, #10
 782 0160 3149     		ldr	r1, .L26+144
 783 0162 3248     		ldr	r0, .L26+148
 784 0164 FFF7FEFF 		bl	CYCONFIGCPY
 782:Generated_Source\PSoC5/cyfitter_cfg.c **** 	CYCONFIGCPY((void CYFAR *)(CYREG_PRT6_DR), (const void CYFAR *)(BS_IOPINS0_6_VAL), 10u);
 785              		.loc 1 782 0
 786 0168 0A22     		movs	r2, #10
 787 016a 3149     		ldr	r1, .L26+152
 788 016c 3148     		ldr	r0, .L26+156
 789 016e FFF7FEFF 		bl	CYCONFIGCPY
 783:Generated_Source\PSoC5/cyfitter_cfg.c **** 	/* Switch Boost to the precision bandgap reference from its internal reference */
 784:Generated_Source\PSoC5/cyfitter_cfg.c **** 	CY_SET_REG8((void CYXDATA *)CYREG_BOOST_CR2, (CY_GET_REG8((void CYXDATA *)CYREG_BOOST_CR2) | 0x08u
 790              		.loc 1 784 0
 791 0172 314A     		ldr	r2, .L26+160
 792 0174 304B     		ldr	r3, .L26+160
 793 0176 1B78     		ldrb	r3, [r3]
 794 0178 DBB2     		uxtb	r3, r3
 795 017a 43F00803 		orr	r3, r3, #8
 796 017e DBB2     		uxtb	r3, r3
 797 0180 1370     		strb	r3, [r2]
 785:Generated_Source\PSoC5/cyfitter_cfg.c **** 
 786:Generated_Source\PSoC5/cyfitter_cfg.c **** 	/* Perform basic analog initialization to defaults */
 787:Generated_Source\PSoC5/cyfitter_cfg.c **** 	AnalogSetDefault();
 798              		.loc 1 787 0
 799 0182 FFF7FEFF 		bl	AnalogSetDefault
 788:Generated_Source\PSoC5/cyfitter_cfg.c **** 
 789:Generated_Source\PSoC5/cyfitter_cfg.c **** 	/* Configure alternate active mode */
 790:Generated_Source\PSoC5/cyfitter_cfg.c **** 	CYCONFIGCPY((void CYFAR *)CYDEV_PM_STBY_BASE, (const void CYFAR *)CYDEV_PM_ACT_BASE, 14u);
ARM GAS  C:\Users\ggg88\AppData\Local\Temp\ccaY8Fe2.s 			page 29


 800              		.loc 1 790 0
 801 0186 0E22     		movs	r2, #14
 802 0188 1749     		ldr	r1, .L26+80
 803 018a 2C48     		ldr	r0, .L26+164
 804 018c FFF7FEFF 		bl	CYCONFIGCPY
 791:Generated_Source\PSoC5/cyfitter_cfg.c **** }
 805              		.loc 1 791 0
 806 0190 00BF     		nop
 807 0192 1837     		adds	r7, r7, #24
 808              		.cfi_def_cfa_offset 8
 809 0194 BD46     		mov	sp, r7
 810              		.cfi_def_cfa_register 13
 811              		@ sp needed
 812 0196 80BD     		pop	{r7, pc}
 813              	.L27:
 814              		.align	2
 815              	.L26:
 816 0198 00480040 		.word	1073760256
 817 019c 00000000 		.word	cfg_memset_list.4999
 818 01a0 14000000 		.word	cfg_memcpy_list.5000
 819 01a4 00760040 		.word	1073772032
 820 01a8 18230048 		.word	1207968536
 821 01ac 08760040 		.word	1073772040
 822 01b0 1C230048 		.word	1207968540
 823 01b4 10760040 		.word	1073772048
 824 01b8 18760040 		.word	1073772056
 825 01bc 20760040 		.word	1073772064
 826 01c0 20230048 		.word	1207968544
 827 01c4 28760040 		.word	1073772072
 828 01c8 24230048 		.word	1207968548
 829 01cc 30760040 		.word	1073772080
 830 01d0 58040140 		.word	1073808472
 831 01d4 040400A4 		.word	-1543502844
 832 01d8 58140140 		.word	1073812568
 833 01dc 04042464 		.word	1680081924
 834 01e0 03500140 		.word	1073827843
 835 01e4 13500140 		.word	1073827859
 836 01e8 A0430040 		.word	1073759136
 837 01ec C2430040 		.word	1073759170
 838 01f0 B8220048 		.word	1207968440
 839 01f4 02510040 		.word	1073762562
 840 01f8 C0220048 		.word	1207968448
 841 01fc C2510040 		.word	1073762754
 842 0200 C8220048 		.word	1207968456
 843 0204 F0510040 		.word	1073762800
 844 0208 D4220048 		.word	1207968468
 845 020c 10510040 		.word	1073762576
 846 0210 E0220048 		.word	1207968480
 847 0214 20510040 		.word	1073762592
 848 0218 EC220048 		.word	1207968492
 849 021c 32510040 		.word	1073762610
 850 0220 F4220048 		.word	1207968500
 851 0224 40510040 		.word	1073762624
 852 0228 00230048 		.word	1207968512
 853 022c 50510040 		.word	1073762640
 854 0230 0C230048 		.word	1207968524
 855 0234 60510040 		.word	1073762656
ARM GAS  C:\Users\ggg88\AppData\Local\Temp\ccaY8Fe2.s 			page 30


 856 0238 22430040 		.word	1073759010
 857 023c B0430040 		.word	1073759152
 858              		.cfi_endproc
 859              	.LFE7:
 860              		.size	cyfitter_cfg, .-cyfitter_cfg
 861              		.section	.rodata
 862              		.align	2
 863              		.type	cfg_memset_list.4999, %object
 864              		.size	cfg_memset_list.4999, 18
 865              	cfg_memset_list.4999:
 866 0000 C8490040 		.word	1073760712
 867 0004 1900     		.short	25
 868 0006 000E0140 		.4byte	1073810944
 869 000a 8001     		.short	384
 870 000c 00430140 		.word	1073824512
 871 0010 8000     		.short	128
 872 0012 0000     		.align	2
 873              		.type	cfg_memcpy_list.5000, %object
 874              		.size	cfg_memcpy_list.5000, 830
 875              	cfg_memcpy_list.5000:
 876 0014 10510140 		.word	1073828112
 877 0018 00000048 		.word	1207959552
 878 001c 0600     		.short	6
 879 001e 00520040 		.4byte	1073762816
 880 0022 08000048 		.4byte	1207959560
 881 0026 0700     		.short	7
 882 0028 18520040 		.word	1073762840
 883 002c 10000048 		.word	1207959568
 884 0030 0700     		.short	7
 885 0032 20520040 		.4byte	1073762848
 886 0036 18000048 		.4byte	1207959576
 887 003a 0700     		.short	7
 888 003c 20450040 		.word	1073759520
 889 0040 20000048 		.word	1207959584
 890 0044 0800     		.short	8
 891 0046 28520040 		.4byte	1073762856
 892 004a 28000048 		.4byte	1207959592
 893 004e 0700     		.short	7
 894 0050 60450040 		.word	1073759584
 895 0054 30000048 		.word	1207959600
 896 0058 0800     		.short	8
 897 005a 78520040 		.4byte	1073762936
 898 005e 38000048 		.4byte	1207959608
 899 0062 0700     		.short	7
 900 0064 78450040 		.word	1073759608
 901 0068 40000048 		.word	1207959616
 902 006c 0800     		.short	8
 903 006e 00510140 		.4byte	1073828096
 904 0072 48000048 		.4byte	1207959624
 905 0076 0800     		.short	8
 906 0078 205B0040 		.word	1073765152
 907 007c 50000048 		.word	1207959632
 908 0080 0800     		.short	8
 909 0082 00000140 		.4byte	1073807360
 910 0086 58000048 		.4byte	1207959640
 911 008a 8000     		.short	128
 912 008c 80000140 		.word	1073807488
ARM GAS  C:\Users\ggg88\AppData\Local\Temp\ccaY8Fe2.s 			page 31


 913 0090 D8000048 		.word	1207959768
 914 0094 8000     		.short	128
 915 0096 00020140 		.4byte	1073807872
 916 009a 58010048 		.4byte	1207959896
 917 009e 8000     		.short	128
 918 00a0 80020140 		.word	1073808000
 919 00a4 D8010048 		.word	1207960024
 920 00a8 8000     		.short	128
 921 00aa 00040140 		.4byte	1073808384
 922 00ae 58020048 		.4byte	1207960152
 923 00b2 8000     		.short	128
 924 00b4 80040140 		.word	1073808512
 925 00b8 D8020048 		.word	1207960280
 926 00bc 8000     		.short	128
 927 00be 00060140 		.4byte	1073808896
 928 00c2 58030048 		.4byte	1207960408
 929 00c6 8000     		.short	128
 930 00c8 80060140 		.word	1073809024
 931 00cc D8030048 		.word	1207960536
 932 00d0 8000     		.short	128
 933 00d2 00080140 		.4byte	1073809408
 934 00d6 58040048 		.4byte	1207960664
 935 00da 8000     		.short	128
 936 00dc 80080140 		.word	1073809536
 937 00e0 D8040048 		.word	1207960792
 938 00e4 8000     		.short	128
 939 00e6 000A0140 		.4byte	1073809920
 940 00ea 58050048 		.4byte	1207960920
 941 00ee 8000     		.short	128
 942 00f0 800A0140 		.word	1073810048
 943 00f4 D8050048 		.word	1207961048
 944 00f8 8000     		.short	128
 945 00fa 000C0140 		.4byte	1073810432
 946 00fe 58060048 		.4byte	1207961176
 947 0102 8000     		.short	128
 948 0104 800C0140 		.word	1073810560
 949 0108 D8060048 		.word	1207961304
 950 010c 8000     		.short	128
 951 010e 00140140 		.4byte	1073812480
 952 0112 58070048 		.4byte	1207961432
 953 0116 8000     		.short	128
 954 0118 80140140 		.word	1073812608
 955 011c D8070048 		.word	1207961560
 956 0120 8000     		.short	128
 957 0122 00160140 		.4byte	1073812992
 958 0126 58080048 		.4byte	1207961688
 959 012a 8000     		.short	128
 960 012c 80160140 		.word	1073813120
 961 0130 D8080048 		.word	1207961816
 962 0134 8000     		.short	128
 963 0136 00180140 		.4byte	1073813504
 964 013a 58090048 		.4byte	1207961944
 965 013e 8000     		.short	128
 966 0140 80180140 		.word	1073813632
 967 0144 D8090048 		.word	1207962072
 968 0148 8000     		.short	128
 969 014a 001A0140 		.4byte	1073814016
ARM GAS  C:\Users\ggg88\AppData\Local\Temp\ccaY8Fe2.s 			page 32


 970 014e 580A0048 		.4byte	1207962200
 971 0152 8000     		.short	128
 972 0154 801A0140 		.word	1073814144
 973 0158 D80A0048 		.word	1207962328
 974 015c 8000     		.short	128
 975 015e 70640040 		.4byte	1073767536
 976 0162 580B0048 		.4byte	1207962456
 977 0166 2000     		.short	32
 978 0168 70650040 		.word	1073767792
 979 016c 780B0048 		.word	1207962488
 980 0170 2000     		.short	32
 981 0172 10500140 		.4byte	1073827856
 982 0176 980B0048 		.4byte	1207962520
 983 017a 1000     		.short	16
 984 017c 00500140 		.word	1073827840
 985 0180 A80B0048 		.word	1207962536
 986 0184 1000     		.short	16
 987 0186 004D0140 		.4byte	1073827072
 988 018a B80B0048 		.4byte	1207962552
 989 018e 8000     		.short	128
 990 0190 804D0140 		.word	1073827200
 991 0194 380C0048 		.word	1207962680
 992 0198 8000     		.short	128
 993 019a 004C0140 		.4byte	1073826816
 994 019e B80C0048 		.4byte	1207962808
 995 01a2 8000     		.short	128
 996 01a4 804C0140 		.word	1073826944
 997 01a8 380D0048 		.word	1207962936
 998 01ac 8000     		.short	128
 999 01ae 00470140 		.4byte	1073825536
 1000 01b2 B80D0048 		.4byte	1207963064
 1001 01b6 8000     		.short	128
 1002 01b8 80470140 		.word	1073825664
 1003 01bc 380E0048 		.word	1207963192
 1004 01c0 8000     		.short	128
 1005 01c2 00460140 		.4byte	1073825280
 1006 01c6 B80E0048 		.4byte	1207963320
 1007 01ca 8000     		.short	128
 1008 01cc 80460140 		.word	1073825408
 1009 01d0 380F0048 		.word	1207963448
 1010 01d4 8000     		.short	128
 1011 01d6 00450140 		.4byte	1073825024
 1012 01da B80F0048 		.4byte	1207963576
 1013 01de 8000     		.short	128
 1014 01e0 80450140 		.word	1073825152
 1015 01e4 38100048 		.word	1207963704
 1016 01e8 8000     		.short	128
 1017 01ea 00440140 		.4byte	1073824768
 1018 01ee B8100048 		.4byte	1207963832
 1019 01f2 8000     		.short	128
 1020 01f4 80440140 		.word	1073824896
 1021 01f8 38110048 		.word	1207963960
 1022 01fc 8000     		.short	128
 1023 01fe 001B0140 		.4byte	1073814272
 1024 0202 B8110048 		.4byte	1207964088
 1025 0206 8000     		.short	128
 1026 0208 801B0140 		.word	1073814400
ARM GAS  C:\Users\ggg88\AppData\Local\Temp\ccaY8Fe2.s 			page 33


 1027 020c 38120048 		.word	1207964216
 1028 0210 8000     		.short	128
 1029 0212 00150140 		.4byte	1073812736
 1030 0216 B8120048 		.4byte	1207964344
 1031 021a 8000     		.short	128
 1032 021c 80150140 		.word	1073812864
 1033 0220 38130048 		.word	1207964472
 1034 0224 8000     		.short	128
 1035 0226 00190140 		.4byte	1073813760
 1036 022a B8130048 		.4byte	1207964600
 1037 022e 8000     		.short	128
 1038 0230 80190140 		.word	1073813888
 1039 0234 38140048 		.word	1207964728
 1040 0238 8000     		.short	128
 1041 023a 00170140 		.4byte	1073813248
 1042 023e B8140048 		.4byte	1207964856
 1043 0242 8000     		.short	128
 1044 0244 80170140 		.word	1073813376
 1045 0248 38150048 		.word	1207964984
 1046 024c 8000     		.short	128
 1047 024e 00090140 		.4byte	1073809664
 1048 0252 B8150048 		.4byte	1207965112
 1049 0256 8000     		.short	128
 1050 0258 80090140 		.word	1073809792
 1051 025c 38160048 		.word	1207965240
 1052 0260 8000     		.short	128
 1053 0262 00070140 		.4byte	1073809152
 1054 0266 B8160048 		.4byte	1207965368
 1055 026a 8000     		.short	128
 1056 026c 80070140 		.word	1073809280
 1057 0270 38170048 		.word	1207965496
 1058 0274 8000     		.short	128
 1059 0276 000B0140 		.4byte	1073810176
 1060 027a B8170048 		.4byte	1207965624
 1061 027e 8000     		.short	128
 1062 0280 800B0140 		.word	1073810304
 1063 0284 38180048 		.word	1207965752
 1064 0288 8000     		.short	128
 1065 028a 00050140 		.4byte	1073808640
 1066 028e B8180048 		.4byte	1207965880
 1067 0292 8000     		.short	128
 1068 0294 80050140 		.word	1073808768
 1069 0298 38190048 		.word	1207966008
 1070 029c 8000     		.short	128
 1071 029e 000D0140 		.4byte	1073810688
 1072 02a2 B8190048 		.4byte	1207966136
 1073 02a6 8000     		.short	128
 1074 02a8 800D0140 		.word	1073810816
 1075 02ac 381A0048 		.word	1207966264
 1076 02b0 8000     		.short	128
 1077 02b2 00030140 		.4byte	1073808128
 1078 02b6 B81A0048 		.4byte	1207966392
 1079 02ba 8000     		.short	128
 1080 02bc 80030140 		.word	1073808256
 1081 02c0 381B0048 		.word	1207966520
 1082 02c4 8000     		.short	128
 1083 02c6 800F0140 		.4byte	1073811328
ARM GAS  C:\Users\ggg88\AppData\Local\Temp\ccaY8Fe2.s 			page 34


 1084 02ca B81B0048 		.4byte	1207966648
 1085 02ce 8000     		.short	128
 1086 02d0 00010140 		.word	1073807616
 1087 02d4 381C0048 		.word	1207966776
 1088 02d8 8000     		.short	128
 1089 02da 80010140 		.4byte	1073807744
 1090 02de B81C0048 		.4byte	1207966904
 1091 02e2 8000     		.short	128
 1092 02e4 00490140 		.word	1073826048
 1093 02e8 381D0048 		.word	1207967032
 1094 02ec 8000     		.short	128
 1095 02ee 80490140 		.4byte	1073826176
 1096 02f2 B81D0048 		.4byte	1207967160
 1097 02f6 8000     		.short	128
 1098 02f8 00480140 		.word	1073825792
 1099 02fc 381E0048 		.word	1207967288
 1100 0300 8000     		.short	128
 1101 0302 80480140 		.4byte	1073825920
 1102 0306 B81E0048 		.4byte	1207967416
 1103 030a 8000     		.short	128
 1104 030c 80430140 		.word	1073824640
 1105 0310 381F0048 		.word	1207967544
 1106 0314 8000     		.short	128
 1107 0316 00420140 		.4byte	1073824256
 1108 031a B81F0048 		.4byte	1207967672
 1109 031e 8000     		.short	128
 1110 0320 80420140 		.word	1073824384
 1111 0324 38200048 		.word	1207967800
 1112 0328 8000     		.short	128
 1113 032a 00410140 		.4byte	1073824000
 1114 032e B8200048 		.4byte	1207967928
 1115 0332 8000     		.short	128
 1116 0334 80410140 		.word	1073824128
 1117 0338 38210048 		.word	1207968056
 1118 033c 8000     		.short	128
 1119 033e 00400140 		.4byte	1073823744
 1120 0342 B8210048 		.4byte	1207968184
 1121 0346 8000     		.short	128
 1122 0348 80400140 		.word	1073823872
 1123 034c 38220048 		.word	1207968312
 1124 0350 8000     		.short	128
 1125              		.text
 1126              	.Letext0:
 1127              		.file 2 "c:\\program files (x86)\\cypress\\psoc creator\\4.4\\psoc creator\\import\\gnu\\arm\\5.4.
 1128              		.file 3 "Generated_Source\\PSoC5\\cytypes.h"
 1129              		.section	.debug_info,"",%progbits
 1130              	.Ldebug_info0:
 1131 0000 CE030000 		.4byte	0x3ce
 1132 0004 0400     		.2byte	0x4
 1133 0006 00000000 		.4byte	.Ldebug_abbrev0
 1134 000a 04       		.byte	0x4
 1135 000b 01       		.uleb128 0x1
 1136 000c 13000000 		.4byte	.LASF43
 1137 0010 0C       		.byte	0xc
 1138 0011 B7000000 		.4byte	.LASF44
 1139 0015 B4010000 		.4byte	.LASF45
 1140 0019 00000000 		.4byte	.Ldebug_ranges0+0
ARM GAS  C:\Users\ggg88\AppData\Local\Temp\ccaY8Fe2.s 			page 35


 1141 001d 00000000 		.4byte	0
 1142 0021 00000000 		.4byte	.Ldebug_line0
 1143 0025 02       		.uleb128 0x2
 1144 0026 04       		.byte	0x4
 1145 0027 05       		.byte	0x5
 1146 0028 696E7400 		.ascii	"int\000"
 1147 002c 03       		.uleb128 0x3
 1148 002d 0C000000 		.4byte	.LASF12
 1149 0031 02       		.byte	0x2
 1150 0032 D8       		.byte	0xd8
 1151 0033 37000000 		.4byte	0x37
 1152 0037 04       		.uleb128 0x4
 1153 0038 04       		.byte	0x4
 1154 0039 07       		.byte	0x7
 1155 003a 53020000 		.4byte	.LASF0
 1156 003e 04       		.uleb128 0x4
 1157 003f 08       		.byte	0x8
 1158 0040 05       		.byte	0x5
 1159 0041 9E020000 		.4byte	.LASF1
 1160 0045 04       		.uleb128 0x4
 1161 0046 08       		.byte	0x8
 1162 0047 04       		.byte	0x4
 1163 0048 E1020000 		.4byte	.LASF2
 1164 004c 04       		.uleb128 0x4
 1165 004d 01       		.byte	0x1
 1166 004e 06       		.byte	0x6
 1167 004f ED020000 		.4byte	.LASF3
 1168 0053 04       		.uleb128 0x4
 1169 0054 01       		.byte	0x1
 1170 0055 08       		.byte	0x8
 1171 0056 45020000 		.4byte	.LASF4
 1172 005a 04       		.uleb128 0x4
 1173 005b 02       		.byte	0x2
 1174 005c 05       		.byte	0x5
 1175 005d B4020000 		.4byte	.LASF5
 1176 0061 04       		.uleb128 0x4
 1177 0062 02       		.byte	0x2
 1178 0063 07       		.byte	0x7
 1179 0064 0F010000 		.4byte	.LASF6
 1180 0068 04       		.uleb128 0x4
 1181 0069 04       		.byte	0x4
 1182 006a 05       		.byte	0x5
 1183 006b D3020000 		.4byte	.LASF7
 1184 006f 04       		.uleb128 0x4
 1185 0070 04       		.byte	0x4
 1186 0071 07       		.byte	0x7
 1187 0072 60010000 		.4byte	.LASF8
 1188 0076 04       		.uleb128 0x4
 1189 0077 08       		.byte	0x8
 1190 0078 07       		.byte	0x7
 1191 0079 68020000 		.4byte	.LASF9
 1192 007d 04       		.uleb128 0x4
 1193 007e 04       		.byte	0x4
 1194 007f 07       		.byte	0x7
 1195 0080 95020000 		.4byte	.LASF10
 1196 0084 05       		.uleb128 0x5
 1197 0085 04       		.byte	0x4
ARM GAS  C:\Users\ggg88\AppData\Local\Temp\ccaY8Fe2.s 			page 36


 1198 0086 04       		.uleb128 0x4
 1199 0087 01       		.byte	0x1
 1200 0088 08       		.byte	0x8
 1201 0089 DC020000 		.4byte	.LASF11
 1202 008d 06       		.uleb128 0x6
 1203 008e 72010000 		.4byte	.LASF13
 1204 0092 03       		.byte	0x3
 1205 0093 E901     		.2byte	0x1e9
 1206 0095 53000000 		.4byte	0x53
 1207 0099 06       		.uleb128 0x6
 1208 009a 2D020000 		.4byte	.LASF14
 1209 009e 03       		.byte	0x3
 1210 009f EA01     		.2byte	0x1ea
 1211 00a1 61000000 		.4byte	0x61
 1212 00a5 06       		.uleb128 0x6
 1213 00a6 3E020000 		.4byte	.LASF15
 1214 00aa 03       		.byte	0x3
 1215 00ab EB01     		.2byte	0x1eb
 1216 00ad 6F000000 		.4byte	0x6f
 1217 00b1 04       		.uleb128 0x4
 1218 00b2 04       		.byte	0x4
 1219 00b3 04       		.byte	0x4
 1220 00b4 3C010000 		.4byte	.LASF16
 1221 00b8 04       		.uleb128 0x4
 1222 00b9 08       		.byte	0x8
 1223 00ba 04       		.byte	0x4
 1224 00bb A0010000 		.4byte	.LASF17
 1225 00bf 06       		.uleb128 0x6
 1226 00c0 B2000000 		.4byte	.LASF18
 1227 00c4 03       		.byte	0x3
 1228 00c5 9302     		.2byte	0x293
 1229 00c7 CB000000 		.4byte	0xcb
 1230 00cb 07       		.uleb128 0x7
 1231 00cc 8D000000 		.4byte	0x8d
 1232 00d0 06       		.uleb128 0x6
 1233 00d1 00000000 		.4byte	.LASF19
 1234 00d5 03       		.byte	0x3
 1235 00d6 9402     		.2byte	0x294
 1236 00d8 DC000000 		.4byte	0xdc
 1237 00dc 07       		.uleb128 0x7
 1238 00dd 99000000 		.4byte	0x99
 1239 00e1 06       		.uleb128 0x6
 1240 00e2 06000000 		.4byte	.LASF20
 1241 00e6 03       		.byte	0x3
 1242 00e7 9502     		.2byte	0x295
 1243 00e9 ED000000 		.4byte	0xed
 1244 00ed 07       		.uleb128 0x7
 1245 00ee A5000000 		.4byte	0xa5
 1246 00f2 08       		.uleb128 0x8
 1247 00f3 78010000 		.4byte	.LASF21
 1248 00f7 01       		.byte	0x1
 1249 00f8 4C       		.byte	0x4c
 1250 00f9 00000000 		.4byte	.LFB0
 1251 00fd 1C000000 		.4byte	.LFE0-.LFB0
 1252 0101 01       		.uleb128 0x1
 1253 0102 9C       		.byte	0x9c
 1254 0103 20010000 		.4byte	0x120
ARM GAS  C:\Users\ggg88\AppData\Local\Temp\ccaY8Fe2.s 			page 37


 1255 0107 09       		.uleb128 0x9
 1256 0108 7300     		.ascii	"s\000"
 1257 010a 01       		.byte	0x1
 1258 010b 4C       		.byte	0x4c
 1259 010c 84000000 		.4byte	0x84
 1260 0110 02       		.uleb128 0x2
 1261 0111 91       		.byte	0x91
 1262 0112 74       		.sleb128 -12
 1263 0113 09       		.uleb128 0x9
 1264 0114 6E00     		.ascii	"n\000"
 1265 0116 01       		.byte	0x1
 1266 0117 4C       		.byte	0x4c
 1267 0118 2C000000 		.4byte	0x2c
 1268 011c 02       		.uleb128 0x2
 1269 011d 91       		.byte	0x91
 1270 011e 70       		.sleb128 -16
 1271 011f 00       		.byte	0
 1272 0120 08       		.uleb128 0x8
 1273 0121 12030000 		.4byte	.LASF22
 1274 0125 01       		.byte	0x1
 1275 0126 53       		.byte	0x53
 1276 0127 00000000 		.4byte	.LFB1
 1277 012b 1E000000 		.4byte	.LFE1-.LFB1
 1278 012f 01       		.uleb128 0x1
 1279 0130 9C       		.byte	0x9c
 1280 0131 5E010000 		.4byte	0x15e
 1281 0135 0A       		.uleb128 0xa
 1282 0136 56010000 		.4byte	.LASF23
 1283 013a 01       		.byte	0x1
 1284 013b 53       		.byte	0x53
 1285 013c 84000000 		.4byte	0x84
 1286 0140 02       		.uleb128 0x2
 1287 0141 91       		.byte	0x91
 1288 0142 74       		.sleb128 -12
 1289 0143 09       		.uleb128 0x9
 1290 0144 73726300 		.ascii	"src\000"
 1291 0148 01       		.byte	0x1
 1292 0149 53       		.byte	0x53
 1293 014a 5E010000 		.4byte	0x15e
 1294 014e 02       		.uleb128 0x2
 1295 014f 91       		.byte	0x91
 1296 0150 70       		.sleb128 -16
 1297 0151 09       		.uleb128 0x9
 1298 0152 6E00     		.ascii	"n\000"
 1299 0154 01       		.byte	0x1
 1300 0155 53       		.byte	0x53
 1301 0156 2C000000 		.4byte	0x2c
 1302 015a 02       		.uleb128 0x2
 1303 015b 91       		.byte	0x91
 1304 015c 6C       		.sleb128 -20
 1305 015d 00       		.byte	0
 1306 015e 0B       		.uleb128 0xb
 1307 015f 04       		.byte	0x4
 1308 0160 64010000 		.4byte	0x164
 1309 0164 0C       		.uleb128 0xc
 1310 0165 08       		.uleb128 0x8
 1311 0166 ED000000 		.4byte	.LASF24
ARM GAS  C:\Users\ggg88\AppData\Local\Temp\ccaY8Fe2.s 			page 38


 1312 016a 01       		.byte	0x1
 1313 016b 5A       		.byte	0x5a
 1314 016c 00000000 		.4byte	.LFB2
 1315 0170 1E000000 		.4byte	.LFE2-.LFB2
 1316 0174 01       		.uleb128 0x1
 1317 0175 9C       		.byte	0x9c
 1318 0176 A3010000 		.4byte	0x1a3
 1319 017a 0A       		.uleb128 0xa
 1320 017b 56010000 		.4byte	.LASF23
 1321 017f 01       		.byte	0x1
 1322 0180 5A       		.byte	0x5a
 1323 0181 84000000 		.4byte	0x84
 1324 0185 02       		.uleb128 0x2
 1325 0186 91       		.byte	0x91
 1326 0187 74       		.sleb128 -12
 1327 0188 09       		.uleb128 0x9
 1328 0189 73726300 		.ascii	"src\000"
 1329 018d 01       		.byte	0x1
 1330 018e 5A       		.byte	0x5a
 1331 018f 5E010000 		.4byte	0x15e
 1332 0193 02       		.uleb128 0x2
 1333 0194 91       		.byte	0x91
 1334 0195 70       		.sleb128 -16
 1335 0196 09       		.uleb128 0x9
 1336 0197 6E00     		.ascii	"n\000"
 1337 0199 01       		.byte	0x1
 1338 019a 5A       		.byte	0x5a
 1339 019b 2C000000 		.4byte	0x2c
 1340 019f 02       		.uleb128 0x2
 1341 01a0 91       		.byte	0x91
 1342 01a1 6C       		.sleb128 -20
 1343 01a2 00       		.byte	0
 1344 01a3 0D       		.uleb128 0xd
 1345 01a4 42010000 		.4byte	.LASF25
 1346 01a8 01       		.byte	0x1
 1347 01a9 7E       		.byte	0x7e
 1348 01aa 00000000 		.4byte	.LFB3
 1349 01ae 0C000000 		.4byte	.LFE3-.LFB3
 1350 01b2 01       		.uleb128 0x1
 1351 01b3 9C       		.byte	0x9c
 1352 01b4 C7010000 		.4byte	0x1c7
 1353 01b8 0A       		.uleb128 0xa
 1354 01b9 34020000 		.4byte	.LASF26
 1355 01bd 01       		.byte	0x1
 1356 01be 7E       		.byte	0x7e
 1357 01bf 8D000000 		.4byte	0x8d
 1358 01c3 02       		.uleb128 0x2
 1359 01c4 91       		.byte	0x91
 1360 01c5 77       		.sleb128 -9
 1361 01c6 00       		.byte	0
 1362 01c7 0E       		.uleb128 0xe
 1363 01c8 FD000000 		.4byte	.LASF27
 1364 01cc 01       		.byte	0x1
 1365 01cd C801     		.2byte	0x1c8
 1366 01cf 00000000 		.4byte	.LFB4
 1367 01d3 7C010000 		.4byte	.LFE4-.LFB4
 1368 01d7 01       		.uleb128 0x1
ARM GAS  C:\Users\ggg88\AppData\Local\Temp\ccaY8Fe2.s 			page 39


 1369 01d8 9C       		.byte	0x9c
 1370 01d9 FC010000 		.4byte	0x1fc
 1371 01dd 0F       		.uleb128 0xf
 1372 01de AC020000 		.4byte	.LASF28
 1373 01e2 01       		.byte	0x1
 1374 01e3 CA01     		.2byte	0x1ca
 1375 01e5 A5000000 		.4byte	0xa5
 1376 01e9 02       		.uleb128 0x2
 1377 01ea 91       		.byte	0x91
 1378 01eb 74       		.sleb128 -12
 1379 01ec 0F       		.uleb128 0xf
 1380 01ed 22010000 		.4byte	.LASF29
 1381 01f1 01       		.byte	0x1
 1382 01f2 CB01     		.2byte	0x1cb
 1383 01f4 8D000000 		.4byte	0x8d
 1384 01f8 02       		.uleb128 0x2
 1385 01f9 91       		.byte	0x91
 1386 01fa 73       		.sleb128 -13
 1387 01fb 00       		.byte	0
 1388 01fc 0E       		.uleb128 0xe
 1389 01fd A1000000 		.4byte	.LASF30
 1390 0201 01       		.byte	0x1
 1391 0202 1702     		.2byte	0x217
 1392 0204 00000000 		.4byte	.LFB5
 1393 0208 B0000000 		.4byte	.LFE5-.LFB5
 1394 020c 01       		.uleb128 0x1
 1395 020d 9C       		.byte	0x9c
 1396 020e 40020000 		.4byte	0x240
 1397 0212 0F       		.uleb128 0xf
 1398 0213 2A010000 		.4byte	.LASF31
 1399 0217 01       		.byte	0x1
 1400 0218 1902     		.2byte	0x219
 1401 021a 8D000000 		.4byte	0x8d
 1402 021e 02       		.uleb128 0x2
 1403 021f 91       		.byte	0x91
 1404 0220 77       		.sleb128 -9
 1405 0221 10       		.uleb128 0x10
 1406 0222 63723400 		.ascii	"cr4\000"
 1407 0226 01       		.byte	0x1
 1408 0227 1A02     		.2byte	0x21a
 1409 0229 8D000000 		.4byte	0x8d
 1410 022d 02       		.uleb128 0x2
 1411 022e 91       		.byte	0x91
 1412 022f 76       		.sleb128 -10
 1413 0230 10       		.uleb128 0x10
 1414 0231 63723500 		.ascii	"cr5\000"
 1415 0235 01       		.byte	0x1
 1416 0236 1B02     		.2byte	0x21b
 1417 0238 8D000000 		.4byte	0x8d
 1418 023c 02       		.uleb128 0x2
 1419 023d 91       		.byte	0x91
 1420 023e 75       		.sleb128 -11
 1421 023f 00       		.byte	0
 1422 0240 11       		.uleb128 0x11
 1423 0241 82010000 		.4byte	.LASF46
 1424 0245 01       		.byte	0x1
 1425 0246 3E02     		.2byte	0x23e
ARM GAS  C:\Users\ggg88\AppData\Local\Temp\ccaY8Fe2.s 			page 40


 1426 0248 00000000 		.4byte	.LFB6
 1427 024c 3C000000 		.4byte	.LFE6-.LFB6
 1428 0250 01       		.uleb128 0x1
 1429 0251 9C       		.byte	0x9c
 1430 0252 75020000 		.4byte	0x275
 1431 0256 12       		.uleb128 0x12
 1432 0257 CB020000 		.4byte	.LASF32
 1433 025b 01       		.byte	0x1
 1434 025c 3E02     		.2byte	0x23e
 1435 025e 8D000000 		.4byte	0x8d
 1436 0262 02       		.uleb128 0x2
 1437 0263 91       		.byte	0x91
 1438 0264 6F       		.sleb128 -17
 1439 0265 0F       		.uleb128 0xf
 1440 0266 09030000 		.4byte	.LASF33
 1441 026a 01       		.byte	0x1
 1442 026b 4002     		.2byte	0x240
 1443 026d 8D000000 		.4byte	0x8d
 1444 0271 02       		.uleb128 0x2
 1445 0272 91       		.byte	0x91
 1446 0273 77       		.sleb128 -9
 1447 0274 00       		.byte	0
 1448 0275 13       		.uleb128 0x13
 1449 0276 A7010000 		.4byte	.LASF47
 1450 027a 01       		.byte	0x1
 1451 027b 6102     		.2byte	0x261
 1452 027d 00000000 		.4byte	.LFB7
 1453 0281 40020000 		.4byte	.LFE7-.LFB7
 1454 0285 01       		.uleb128 0x1
 1455 0286 9C       		.byte	0x9c
 1456 0287 14       		.uleb128 0x14
 1457 0288 12000000 		.4byte	.LBB2
 1458 028c 06010000 		.4byte	.LBE2-.LBB2
 1459 0290 15       		.uleb128 0x15
 1460 0291 06       		.byte	0x6
 1461 0292 01       		.byte	0x1
 1462 0293 6F02     		.2byte	0x26f
 1463 0295 B4020000 		.4byte	0x2b4
 1464 0299 16       		.uleb128 0x16
 1465 029a 60020000 		.4byte	.LASF34
 1466 029e 01       		.byte	0x1
 1467 029f 7002     		.2byte	0x270
 1468 02a1 84000000 		.4byte	0x84
 1469 02a5 00       		.byte	0
 1470 02a6 16       		.uleb128 0x16
 1471 02a7 5B010000 		.4byte	.LASF35
 1472 02ab 01       		.byte	0x1
 1473 02ac 7102     		.2byte	0x271
 1474 02ae 99000000 		.4byte	0x99
 1475 02b2 04       		.byte	0x4
 1476 02b3 00       		.byte	0
 1477 02b4 06       		.uleb128 0x6
 1478 02b5 7F020000 		.4byte	.LASF36
 1479 02b9 01       		.byte	0x1
 1480 02ba 7202     		.2byte	0x272
 1481 02bc 90020000 		.4byte	0x290
 1482 02c0 15       		.uleb128 0x15
ARM GAS  C:\Users\ggg88\AppData\Local\Temp\ccaY8Fe2.s 			page 41


 1483 02c1 0A       		.byte	0xa
 1484 02c2 01       		.byte	0x1
 1485 02c3 7502     		.2byte	0x275
 1486 02c5 F1020000 		.4byte	0x2f1
 1487 02c9 16       		.uleb128 0x16
 1488 02ca 56010000 		.4byte	.LASF23
 1489 02ce 01       		.byte	0x1
 1490 02cf 7602     		.2byte	0x276
 1491 02d1 84000000 		.4byte	0x84
 1492 02d5 00       		.byte	0
 1493 02d6 17       		.uleb128 0x17
 1494 02d7 73726300 		.ascii	"src\000"
 1495 02db 01       		.byte	0x1
 1496 02dc 7702     		.2byte	0x277
 1497 02de 5E010000 		.4byte	0x15e
 1498 02e2 04       		.byte	0x4
 1499 02e3 16       		.uleb128 0x16
 1500 02e4 5B010000 		.4byte	.LASF35
 1501 02e8 01       		.byte	0x1
 1502 02e9 7802     		.2byte	0x278
 1503 02eb 99000000 		.4byte	0x99
 1504 02ef 08       		.byte	0x8
 1505 02f0 00       		.byte	0
 1506 02f1 06       		.uleb128 0x6
 1507 02f2 BE020000 		.4byte	.LASF37
 1508 02f6 01       		.byte	0x1
 1509 02f7 7902     		.2byte	0x279
 1510 02f9 C0020000 		.4byte	0x2c0
 1511 02fd 18       		.uleb128 0x18
 1512 02fe 0D030000 		.4byte	0x30d
 1513 0302 0D030000 		.4byte	0x30d
 1514 0306 19       		.uleb128 0x19
 1515 0307 7D000000 		.4byte	0x7d
 1516 030b 02       		.byte	0x2
 1517 030c 00       		.byte	0
 1518 030d 1A       		.uleb128 0x1a
 1519 030e B4020000 		.4byte	0x2b4
 1520 0312 0F       		.uleb128 0xf
 1521 0313 DD000000 		.4byte	.LASF38
 1522 0317 01       		.byte	0x1
 1523 0318 7B02     		.2byte	0x27b
 1524 031a 24030000 		.4byte	0x324
 1525 031e 05       		.uleb128 0x5
 1526 031f 03       		.byte	0x3
 1527 0320 00000000 		.4byte	cfg_memset_list.4999
 1528 0324 1A       		.uleb128 0x1a
 1529 0325 FD020000 		.4byte	0x2fd
 1530 0329 18       		.uleb128 0x18
 1531 032a 39030000 		.4byte	0x339
 1532 032e 39030000 		.4byte	0x339
 1533 0332 19       		.uleb128 0x19
 1534 0333 7D000000 		.4byte	0x7d
 1535 0337 52       		.byte	0x52
 1536 0338 00       		.byte	0
 1537 0339 1A       		.uleb128 0x1a
 1538 033a F1020000 		.4byte	0x2f1
 1539 033e 0F       		.uleb128 0xf
ARM GAS  C:\Users\ggg88\AppData\Local\Temp\ccaY8Fe2.s 			page 42


 1540 033f F9020000 		.4byte	.LASF39
 1541 0343 01       		.byte	0x1
 1542 0344 8202     		.2byte	0x282
 1543 0346 50030000 		.4byte	0x350
 1544 034a 05       		.uleb128 0x5
 1545 034b 03       		.byte	0x3
 1546 034c 14000000 		.4byte	cfg_memcpy_list.5000
 1547 0350 1A       		.uleb128 0x1a
 1548 0351 29030000 		.4byte	0x329
 1549 0355 10       		.uleb128 0x10
 1550 0356 6900     		.ascii	"i\000"
 1551 0358 01       		.byte	0x1
 1552 0359 D902     		.2byte	0x2d9
 1553 035b 8D000000 		.4byte	0x8d
 1554 035f 02       		.uleb128 0x2
 1555 0360 91       		.byte	0x91
 1556 0361 77       		.sleb128 -9
 1557 0362 1B       		.uleb128 0x1b
 1558 0363 18000000 		.4byte	.LBB3
 1559 0367 22000000 		.4byte	.LBE3-.LBB3
 1560 036b 84030000 		.4byte	0x384
 1561 036f 10       		.uleb128 0x10
 1562 0370 6D7300   		.ascii	"ms\000"
 1563 0373 01       		.byte	0x1
 1564 0374 DE02     		.2byte	0x2de
 1565 0376 7D030000 		.4byte	0x37d
 1566 037a 02       		.uleb128 0x2
 1567 037b 91       		.byte	0x91
 1568 037c 70       		.sleb128 -16
 1569 037d 0B       		.uleb128 0xb
 1570 037e 04       		.byte	0x4
 1571 037f 0D030000 		.4byte	0x30d
 1572 0383 00       		.byte	0
 1573 0384 14       		.uleb128 0x14
 1574 0385 4C000000 		.4byte	.LBB4
 1575 0389 34000000 		.4byte	.LBE4-.LBB4
 1576 038d 10       		.uleb128 0x10
 1577 038e 6D6300   		.ascii	"mc\000"
 1578 0391 01       		.byte	0x1
 1579 0392 E502     		.2byte	0x2e5
 1580 0394 9B030000 		.4byte	0x39b
 1581 0398 02       		.uleb128 0x2
 1582 0399 91       		.byte	0x91
 1583 039a 6C       		.sleb128 -20
 1584 039b 0B       		.uleb128 0xb
 1585 039c 04       		.byte	0x4
 1586 039d 39030000 		.4byte	0x339
 1587 03a1 0F       		.uleb128 0xf
 1588 03a2 98010000 		.4byte	.LASF40
 1589 03a6 01       		.byte	0x1
 1590 03a7 E602     		.2byte	0x2e6
 1591 03a9 84000000 		.4byte	0x84
 1592 03ad 02       		.uleb128 0x2
 1593 03ae 91       		.byte	0x91
 1594 03af 68       		.sleb128 -24
 1595 03b0 0F       		.uleb128 0xf
 1596 03b1 08010000 		.4byte	.LASF41
ARM GAS  C:\Users\ggg88\AppData\Local\Temp\ccaY8Fe2.s 			page 43


 1597 03b5 01       		.byte	0x1
 1598 03b6 E702     		.2byte	0x2e7
 1599 03b8 5E010000 		.4byte	0x15e
 1600 03bc 02       		.uleb128 0x2
 1601 03bd 91       		.byte	0x91
 1602 03be 64       		.sleb128 -28
 1603 03bf 0F       		.uleb128 0xf
 1604 03c0 8C020000 		.4byte	.LASF42
 1605 03c4 01       		.byte	0x1
 1606 03c5 E802     		.2byte	0x2e8
 1607 03c7 99000000 		.4byte	0x99
 1608 03cb 02       		.uleb128 0x2
 1609 03cc 91       		.byte	0x91
 1610 03cd 62       		.sleb128 -30
 1611 03ce 00       		.byte	0
 1612 03cf 00       		.byte	0
 1613 03d0 00       		.byte	0
 1614 03d1 00       		.byte	0
 1615              		.section	.debug_abbrev,"",%progbits
 1616              	.Ldebug_abbrev0:
 1617 0000 01       		.uleb128 0x1
 1618 0001 11       		.uleb128 0x11
 1619 0002 01       		.byte	0x1
 1620 0003 25       		.uleb128 0x25
 1621 0004 0E       		.uleb128 0xe
 1622 0005 13       		.uleb128 0x13
 1623 0006 0B       		.uleb128 0xb
 1624 0007 03       		.uleb128 0x3
 1625 0008 0E       		.uleb128 0xe
 1626 0009 1B       		.uleb128 0x1b
 1627 000a 0E       		.uleb128 0xe
 1628 000b 55       		.uleb128 0x55
 1629 000c 17       		.uleb128 0x17
 1630 000d 11       		.uleb128 0x11
 1631 000e 01       		.uleb128 0x1
 1632 000f 10       		.uleb128 0x10
 1633 0010 17       		.uleb128 0x17
 1634 0011 00       		.byte	0
 1635 0012 00       		.byte	0
 1636 0013 02       		.uleb128 0x2
 1637 0014 24       		.uleb128 0x24
 1638 0015 00       		.byte	0
 1639 0016 0B       		.uleb128 0xb
 1640 0017 0B       		.uleb128 0xb
 1641 0018 3E       		.uleb128 0x3e
 1642 0019 0B       		.uleb128 0xb
 1643 001a 03       		.uleb128 0x3
 1644 001b 08       		.uleb128 0x8
 1645 001c 00       		.byte	0
 1646 001d 00       		.byte	0
 1647 001e 03       		.uleb128 0x3
 1648 001f 16       		.uleb128 0x16
 1649 0020 00       		.byte	0
 1650 0021 03       		.uleb128 0x3
 1651 0022 0E       		.uleb128 0xe
 1652 0023 3A       		.uleb128 0x3a
 1653 0024 0B       		.uleb128 0xb
ARM GAS  C:\Users\ggg88\AppData\Local\Temp\ccaY8Fe2.s 			page 44


 1654 0025 3B       		.uleb128 0x3b
 1655 0026 0B       		.uleb128 0xb
 1656 0027 49       		.uleb128 0x49
 1657 0028 13       		.uleb128 0x13
 1658 0029 00       		.byte	0
 1659 002a 00       		.byte	0
 1660 002b 04       		.uleb128 0x4
 1661 002c 24       		.uleb128 0x24
 1662 002d 00       		.byte	0
 1663 002e 0B       		.uleb128 0xb
 1664 002f 0B       		.uleb128 0xb
 1665 0030 3E       		.uleb128 0x3e
 1666 0031 0B       		.uleb128 0xb
 1667 0032 03       		.uleb128 0x3
 1668 0033 0E       		.uleb128 0xe
 1669 0034 00       		.byte	0
 1670 0035 00       		.byte	0
 1671 0036 05       		.uleb128 0x5
 1672 0037 0F       		.uleb128 0xf
 1673 0038 00       		.byte	0
 1674 0039 0B       		.uleb128 0xb
 1675 003a 0B       		.uleb128 0xb
 1676 003b 00       		.byte	0
 1677 003c 00       		.byte	0
 1678 003d 06       		.uleb128 0x6
 1679 003e 16       		.uleb128 0x16
 1680 003f 00       		.byte	0
 1681 0040 03       		.uleb128 0x3
 1682 0041 0E       		.uleb128 0xe
 1683 0042 3A       		.uleb128 0x3a
 1684 0043 0B       		.uleb128 0xb
 1685 0044 3B       		.uleb128 0x3b
 1686 0045 05       		.uleb128 0x5
 1687 0046 49       		.uleb128 0x49
 1688 0047 13       		.uleb128 0x13
 1689 0048 00       		.byte	0
 1690 0049 00       		.byte	0
 1691 004a 07       		.uleb128 0x7
 1692 004b 35       		.uleb128 0x35
 1693 004c 00       		.byte	0
 1694 004d 49       		.uleb128 0x49
 1695 004e 13       		.uleb128 0x13
 1696 004f 00       		.byte	0
 1697 0050 00       		.byte	0
 1698 0051 08       		.uleb128 0x8
 1699 0052 2E       		.uleb128 0x2e
 1700 0053 01       		.byte	0x1
 1701 0054 03       		.uleb128 0x3
 1702 0055 0E       		.uleb128 0xe
 1703 0056 3A       		.uleb128 0x3a
 1704 0057 0B       		.uleb128 0xb
 1705 0058 3B       		.uleb128 0x3b
 1706 0059 0B       		.uleb128 0xb
 1707 005a 27       		.uleb128 0x27
 1708 005b 19       		.uleb128 0x19
 1709 005c 11       		.uleb128 0x11
 1710 005d 01       		.uleb128 0x1
ARM GAS  C:\Users\ggg88\AppData\Local\Temp\ccaY8Fe2.s 			page 45


 1711 005e 12       		.uleb128 0x12
 1712 005f 06       		.uleb128 0x6
 1713 0060 40       		.uleb128 0x40
 1714 0061 18       		.uleb128 0x18
 1715 0062 9642     		.uleb128 0x2116
 1716 0064 19       		.uleb128 0x19
 1717 0065 01       		.uleb128 0x1
 1718 0066 13       		.uleb128 0x13
 1719 0067 00       		.byte	0
 1720 0068 00       		.byte	0
 1721 0069 09       		.uleb128 0x9
 1722 006a 05       		.uleb128 0x5
 1723 006b 00       		.byte	0
 1724 006c 03       		.uleb128 0x3
 1725 006d 08       		.uleb128 0x8
 1726 006e 3A       		.uleb128 0x3a
 1727 006f 0B       		.uleb128 0xb
 1728 0070 3B       		.uleb128 0x3b
 1729 0071 0B       		.uleb128 0xb
 1730 0072 49       		.uleb128 0x49
 1731 0073 13       		.uleb128 0x13
 1732 0074 02       		.uleb128 0x2
 1733 0075 18       		.uleb128 0x18
 1734 0076 00       		.byte	0
 1735 0077 00       		.byte	0
 1736 0078 0A       		.uleb128 0xa
 1737 0079 05       		.uleb128 0x5
 1738 007a 00       		.byte	0
 1739 007b 03       		.uleb128 0x3
 1740 007c 0E       		.uleb128 0xe
 1741 007d 3A       		.uleb128 0x3a
 1742 007e 0B       		.uleb128 0xb
 1743 007f 3B       		.uleb128 0x3b
 1744 0080 0B       		.uleb128 0xb
 1745 0081 49       		.uleb128 0x49
 1746 0082 13       		.uleb128 0x13
 1747 0083 02       		.uleb128 0x2
 1748 0084 18       		.uleb128 0x18
 1749 0085 00       		.byte	0
 1750 0086 00       		.byte	0
 1751 0087 0B       		.uleb128 0xb
 1752 0088 0F       		.uleb128 0xf
 1753 0089 00       		.byte	0
 1754 008a 0B       		.uleb128 0xb
 1755 008b 0B       		.uleb128 0xb
 1756 008c 49       		.uleb128 0x49
 1757 008d 13       		.uleb128 0x13
 1758 008e 00       		.byte	0
 1759 008f 00       		.byte	0
 1760 0090 0C       		.uleb128 0xc
 1761 0091 26       		.uleb128 0x26
 1762 0092 00       		.byte	0
 1763 0093 00       		.byte	0
 1764 0094 00       		.byte	0
 1765 0095 0D       		.uleb128 0xd
 1766 0096 2E       		.uleb128 0x2e
 1767 0097 01       		.byte	0x1
ARM GAS  C:\Users\ggg88\AppData\Local\Temp\ccaY8Fe2.s 			page 46


 1768 0098 03       		.uleb128 0x3
 1769 0099 0E       		.uleb128 0xe
 1770 009a 3A       		.uleb128 0x3a
 1771 009b 0B       		.uleb128 0xb
 1772 009c 3B       		.uleb128 0x3b
 1773 009d 0B       		.uleb128 0xb
 1774 009e 27       		.uleb128 0x27
 1775 009f 19       		.uleb128 0x19
 1776 00a0 11       		.uleb128 0x11
 1777 00a1 01       		.uleb128 0x1
 1778 00a2 12       		.uleb128 0x12
 1779 00a3 06       		.uleb128 0x6
 1780 00a4 40       		.uleb128 0x40
 1781 00a5 18       		.uleb128 0x18
 1782 00a6 9742     		.uleb128 0x2117
 1783 00a8 19       		.uleb128 0x19
 1784 00a9 01       		.uleb128 0x1
 1785 00aa 13       		.uleb128 0x13
 1786 00ab 00       		.byte	0
 1787 00ac 00       		.byte	0
 1788 00ad 0E       		.uleb128 0xe
 1789 00ae 2E       		.uleb128 0x2e
 1790 00af 01       		.byte	0x1
 1791 00b0 03       		.uleb128 0x3
 1792 00b1 0E       		.uleb128 0xe
 1793 00b2 3A       		.uleb128 0x3a
 1794 00b3 0B       		.uleb128 0xb
 1795 00b4 3B       		.uleb128 0x3b
 1796 00b5 05       		.uleb128 0x5
 1797 00b6 27       		.uleb128 0x27
 1798 00b7 19       		.uleb128 0x19
 1799 00b8 11       		.uleb128 0x11
 1800 00b9 01       		.uleb128 0x1
 1801 00ba 12       		.uleb128 0x12
 1802 00bb 06       		.uleb128 0x6
 1803 00bc 40       		.uleb128 0x40
 1804 00bd 18       		.uleb128 0x18
 1805 00be 9642     		.uleb128 0x2116
 1806 00c0 19       		.uleb128 0x19
 1807 00c1 01       		.uleb128 0x1
 1808 00c2 13       		.uleb128 0x13
 1809 00c3 00       		.byte	0
 1810 00c4 00       		.byte	0
 1811 00c5 0F       		.uleb128 0xf
 1812 00c6 34       		.uleb128 0x34
 1813 00c7 00       		.byte	0
 1814 00c8 03       		.uleb128 0x3
 1815 00c9 0E       		.uleb128 0xe
 1816 00ca 3A       		.uleb128 0x3a
 1817 00cb 0B       		.uleb128 0xb
 1818 00cc 3B       		.uleb128 0x3b
 1819 00cd 05       		.uleb128 0x5
 1820 00ce 49       		.uleb128 0x49
 1821 00cf 13       		.uleb128 0x13
 1822 00d0 02       		.uleb128 0x2
 1823 00d1 18       		.uleb128 0x18
 1824 00d2 00       		.byte	0
ARM GAS  C:\Users\ggg88\AppData\Local\Temp\ccaY8Fe2.s 			page 47


 1825 00d3 00       		.byte	0
 1826 00d4 10       		.uleb128 0x10
 1827 00d5 34       		.uleb128 0x34
 1828 00d6 00       		.byte	0
 1829 00d7 03       		.uleb128 0x3
 1830 00d8 08       		.uleb128 0x8
 1831 00d9 3A       		.uleb128 0x3a
 1832 00da 0B       		.uleb128 0xb
 1833 00db 3B       		.uleb128 0x3b
 1834 00dc 05       		.uleb128 0x5
 1835 00dd 49       		.uleb128 0x49
 1836 00de 13       		.uleb128 0x13
 1837 00df 02       		.uleb128 0x2
 1838 00e0 18       		.uleb128 0x18
 1839 00e1 00       		.byte	0
 1840 00e2 00       		.byte	0
 1841 00e3 11       		.uleb128 0x11
 1842 00e4 2E       		.uleb128 0x2e
 1843 00e5 01       		.byte	0x1
 1844 00e6 3F       		.uleb128 0x3f
 1845 00e7 19       		.uleb128 0x19
 1846 00e8 03       		.uleb128 0x3
 1847 00e9 0E       		.uleb128 0xe
 1848 00ea 3A       		.uleb128 0x3a
 1849 00eb 0B       		.uleb128 0xb
 1850 00ec 3B       		.uleb128 0x3b
 1851 00ed 05       		.uleb128 0x5
 1852 00ee 27       		.uleb128 0x27
 1853 00ef 19       		.uleb128 0x19
 1854 00f0 11       		.uleb128 0x11
 1855 00f1 01       		.uleb128 0x1
 1856 00f2 12       		.uleb128 0x12
 1857 00f3 06       		.uleb128 0x6
 1858 00f4 40       		.uleb128 0x40
 1859 00f5 18       		.uleb128 0x18
 1860 00f6 9742     		.uleb128 0x2117
 1861 00f8 19       		.uleb128 0x19
 1862 00f9 01       		.uleb128 0x1
 1863 00fa 13       		.uleb128 0x13
 1864 00fb 00       		.byte	0
 1865 00fc 00       		.byte	0
 1866 00fd 12       		.uleb128 0x12
 1867 00fe 05       		.uleb128 0x5
 1868 00ff 00       		.byte	0
 1869 0100 03       		.uleb128 0x3
 1870 0101 0E       		.uleb128 0xe
 1871 0102 3A       		.uleb128 0x3a
 1872 0103 0B       		.uleb128 0xb
 1873 0104 3B       		.uleb128 0x3b
 1874 0105 05       		.uleb128 0x5
 1875 0106 49       		.uleb128 0x49
 1876 0107 13       		.uleb128 0x13
 1877 0108 02       		.uleb128 0x2
 1878 0109 18       		.uleb128 0x18
 1879 010a 00       		.byte	0
 1880 010b 00       		.byte	0
 1881 010c 13       		.uleb128 0x13
ARM GAS  C:\Users\ggg88\AppData\Local\Temp\ccaY8Fe2.s 			page 48


 1882 010d 2E       		.uleb128 0x2e
 1883 010e 01       		.byte	0x1
 1884 010f 3F       		.uleb128 0x3f
 1885 0110 19       		.uleb128 0x19
 1886 0111 03       		.uleb128 0x3
 1887 0112 0E       		.uleb128 0xe
 1888 0113 3A       		.uleb128 0x3a
 1889 0114 0B       		.uleb128 0xb
 1890 0115 3B       		.uleb128 0x3b
 1891 0116 05       		.uleb128 0x5
 1892 0117 27       		.uleb128 0x27
 1893 0118 19       		.uleb128 0x19
 1894 0119 11       		.uleb128 0x11
 1895 011a 01       		.uleb128 0x1
 1896 011b 12       		.uleb128 0x12
 1897 011c 06       		.uleb128 0x6
 1898 011d 40       		.uleb128 0x40
 1899 011e 18       		.uleb128 0x18
 1900 011f 9642     		.uleb128 0x2116
 1901 0121 19       		.uleb128 0x19
 1902 0122 00       		.byte	0
 1903 0123 00       		.byte	0
 1904 0124 14       		.uleb128 0x14
 1905 0125 0B       		.uleb128 0xb
 1906 0126 01       		.byte	0x1
 1907 0127 11       		.uleb128 0x11
 1908 0128 01       		.uleb128 0x1
 1909 0129 12       		.uleb128 0x12
 1910 012a 06       		.uleb128 0x6
 1911 012b 00       		.byte	0
 1912 012c 00       		.byte	0
 1913 012d 15       		.uleb128 0x15
 1914 012e 13       		.uleb128 0x13
 1915 012f 01       		.byte	0x1
 1916 0130 0B       		.uleb128 0xb
 1917 0131 0B       		.uleb128 0xb
 1918 0132 3A       		.uleb128 0x3a
 1919 0133 0B       		.uleb128 0xb
 1920 0134 3B       		.uleb128 0x3b
 1921 0135 05       		.uleb128 0x5
 1922 0136 01       		.uleb128 0x1
 1923 0137 13       		.uleb128 0x13
 1924 0138 00       		.byte	0
 1925 0139 00       		.byte	0
 1926 013a 16       		.uleb128 0x16
 1927 013b 0D       		.uleb128 0xd
 1928 013c 00       		.byte	0
 1929 013d 03       		.uleb128 0x3
 1930 013e 0E       		.uleb128 0xe
 1931 013f 3A       		.uleb128 0x3a
 1932 0140 0B       		.uleb128 0xb
 1933 0141 3B       		.uleb128 0x3b
 1934 0142 05       		.uleb128 0x5
 1935 0143 49       		.uleb128 0x49
 1936 0144 13       		.uleb128 0x13
 1937 0145 38       		.uleb128 0x38
 1938 0146 0B       		.uleb128 0xb
ARM GAS  C:\Users\ggg88\AppData\Local\Temp\ccaY8Fe2.s 			page 49


 1939 0147 00       		.byte	0
 1940 0148 00       		.byte	0
 1941 0149 17       		.uleb128 0x17
 1942 014a 0D       		.uleb128 0xd
 1943 014b 00       		.byte	0
 1944 014c 03       		.uleb128 0x3
 1945 014d 08       		.uleb128 0x8
 1946 014e 3A       		.uleb128 0x3a
 1947 014f 0B       		.uleb128 0xb
 1948 0150 3B       		.uleb128 0x3b
 1949 0151 05       		.uleb128 0x5
 1950 0152 49       		.uleb128 0x49
 1951 0153 13       		.uleb128 0x13
 1952 0154 38       		.uleb128 0x38
 1953 0155 0B       		.uleb128 0xb
 1954 0156 00       		.byte	0
 1955 0157 00       		.byte	0
 1956 0158 18       		.uleb128 0x18
 1957 0159 01       		.uleb128 0x1
 1958 015a 01       		.byte	0x1
 1959 015b 49       		.uleb128 0x49
 1960 015c 13       		.uleb128 0x13
 1961 015d 01       		.uleb128 0x1
 1962 015e 13       		.uleb128 0x13
 1963 015f 00       		.byte	0
 1964 0160 00       		.byte	0
 1965 0161 19       		.uleb128 0x19
 1966 0162 21       		.uleb128 0x21
 1967 0163 00       		.byte	0
 1968 0164 49       		.uleb128 0x49
 1969 0165 13       		.uleb128 0x13
 1970 0166 2F       		.uleb128 0x2f
 1971 0167 0B       		.uleb128 0xb
 1972 0168 00       		.byte	0
 1973 0169 00       		.byte	0
 1974 016a 1A       		.uleb128 0x1a
 1975 016b 26       		.uleb128 0x26
 1976 016c 00       		.byte	0
 1977 016d 49       		.uleb128 0x49
 1978 016e 13       		.uleb128 0x13
 1979 016f 00       		.byte	0
 1980 0170 00       		.byte	0
 1981 0171 1B       		.uleb128 0x1b
 1982 0172 0B       		.uleb128 0xb
 1983 0173 01       		.byte	0x1
 1984 0174 11       		.uleb128 0x11
 1985 0175 01       		.uleb128 0x1
 1986 0176 12       		.uleb128 0x12
 1987 0177 06       		.uleb128 0x6
 1988 0178 01       		.uleb128 0x1
 1989 0179 13       		.uleb128 0x13
 1990 017a 00       		.byte	0
 1991 017b 00       		.byte	0
 1992 017c 00       		.byte	0
 1993              		.section	.debug_aranges,"",%progbits
 1994 0000 54000000 		.4byte	0x54
 1995 0004 0200     		.2byte	0x2
ARM GAS  C:\Users\ggg88\AppData\Local\Temp\ccaY8Fe2.s 			page 50


 1996 0006 00000000 		.4byte	.Ldebug_info0
 1997 000a 04       		.byte	0x4
 1998 000b 00       		.byte	0
 1999 000c 0000     		.2byte	0
 2000 000e 0000     		.2byte	0
 2001 0010 00000000 		.4byte	.LFB0
 2002 0014 1C000000 		.4byte	.LFE0-.LFB0
 2003 0018 00000000 		.4byte	.LFB1
 2004 001c 1E000000 		.4byte	.LFE1-.LFB1
 2005 0020 00000000 		.4byte	.LFB2
 2006 0024 1E000000 		.4byte	.LFE2-.LFB2
 2007 0028 00000000 		.4byte	.LFB3
 2008 002c 0C000000 		.4byte	.LFE3-.LFB3
 2009 0030 00000000 		.4byte	.LFB4
 2010 0034 7C010000 		.4byte	.LFE4-.LFB4
 2011 0038 00000000 		.4byte	.LFB5
 2012 003c B0000000 		.4byte	.LFE5-.LFB5
 2013 0040 00000000 		.4byte	.LFB6
 2014 0044 3C000000 		.4byte	.LFE6-.LFB6
 2015 0048 00000000 		.4byte	.LFB7
 2016 004c 40020000 		.4byte	.LFE7-.LFB7
 2017 0050 00000000 		.4byte	0
 2018 0054 00000000 		.4byte	0
 2019              		.section	.debug_ranges,"",%progbits
 2020              	.Ldebug_ranges0:
 2021 0000 00000000 		.4byte	.LFB0
 2022 0004 1C000000 		.4byte	.LFE0
 2023 0008 00000000 		.4byte	.LFB1
 2024 000c 1E000000 		.4byte	.LFE1
 2025 0010 00000000 		.4byte	.LFB2
 2026 0014 1E000000 		.4byte	.LFE2
 2027 0018 00000000 		.4byte	.LFB3
 2028 001c 0C000000 		.4byte	.LFE3
 2029 0020 00000000 		.4byte	.LFB4
 2030 0024 7C010000 		.4byte	.LFE4
 2031 0028 00000000 		.4byte	.LFB5
 2032 002c B0000000 		.4byte	.LFE5
 2033 0030 00000000 		.4byte	.LFB6
 2034 0034 3C000000 		.4byte	.LFE6
 2035 0038 00000000 		.4byte	.LFB7
 2036 003c 40020000 		.4byte	.LFE7
 2037 0040 00000000 		.4byte	0
 2038 0044 00000000 		.4byte	0
 2039              		.section	.debug_line,"",%progbits
 2040              	.Ldebug_line0:
 2041 0000 11020000 		.section	.debug_str,"MS",%progbits,1
 2041      0200CB00 
 2041      00000201 
 2041      FB0E0D00 
 2041      01010101 
 2042              	.LASF19:
 2043 0000 72656731 		.ascii	"reg16\000"
 2043      3600
 2044              	.LASF20:
 2045 0006 72656733 		.ascii	"reg32\000"
 2045      3200
 2046              	.LASF12:
ARM GAS  C:\Users\ggg88\AppData\Local\Temp\ccaY8Fe2.s 			page 51


 2047 000c 73697A65 		.ascii	"size_t\000"
 2047      5F7400
 2048              	.LASF43:
 2049 0013 474E5520 		.ascii	"GNU C11 5.4.1 20160609 (release) [ARM/embedded-5-br"
 2049      43313120 
 2049      352E342E 
 2049      31203230 
 2049      31363036 
 2050 0046 616E6368 		.ascii	"anch revision 237715] -mcpu=cortex-m3 -mthumb -g -O"
 2050      20726576 
 2050      6973696F 
 2050      6E203233 
 2050      37373135 
 2051 0079 30202D66 		.ascii	"0 -ffunction-sections -ffat-lto-objects\000"
 2051      66756E63 
 2051      74696F6E 
 2051      2D736563 
 2051      74696F6E 
 2052              	.LASF30:
 2053 00a1 416E616C 		.ascii	"AnalogSetDefault\000"
 2053      6F675365 
 2053      74446566 
 2053      61756C74 
 2053      00
 2054              	.LASF18:
 2055 00b2 72656738 		.ascii	"reg8\000"
 2055      00
 2056              	.LASF44:
 2057 00b7 47656E65 		.ascii	"Generated_Source\\PSoC5\\cyfitter_cfg.c\000"
 2057      72617465 
 2057      645F536F 
 2057      75726365 
 2057      5C50536F 
 2058              	.LASF38:
 2059 00dd 6366675F 		.ascii	"cfg_memset_list\000"
 2059      6D656D73 
 2059      65745F6C 
 2059      69737400 
 2060              	.LASF24:
 2061 00ed 4359434F 		.ascii	"CYCONFIGCPYCODE\000"
 2061      4E464947 
 2061      43505943 
 2061      4F444500 
 2062              	.LASF27:
 2063 00fd 436C6F63 		.ascii	"ClockSetup\000"
 2063      6B536574 
 2063      757000
 2064              	.LASF41:
 2065 0108 73726350 		.ascii	"srcPtr\000"
 2065      747200
 2066              	.LASF6:
 2067 010f 73686F72 		.ascii	"short unsigned int\000"
 2067      7420756E 
 2067      7369676E 
 2067      65642069 
 2067      6E7400
 2068              	.LASF29:
ARM GAS  C:\Users\ggg88\AppData\Local\Temp\ccaY8Fe2.s 			page 52


 2069 0122 706C6C4C 		.ascii	"pllLock\000"
 2069      6F636B00 
 2070              	.LASF31:
 2071 012a 62675F78 		.ascii	"bg_xover_inl_trim\000"
 2071      6F766572 
 2071      5F696E6C 
 2071      5F747269 
 2071      6D00
 2072              	.LASF16:
 2073 013c 666C6F61 		.ascii	"float\000"
 2073      7400
 2074              	.LASF25:
 2075 0142 4379436C 		.ascii	"CyClockStartupError\000"
 2075      6F636B53 
 2075      74617274 
 2075      75704572 
 2075      726F7200 
 2076              	.LASF23:
 2077 0156 64657374 		.ascii	"dest\000"
 2077      00
 2078              	.LASF35:
 2079 015b 73697A65 		.ascii	"size\000"
 2079      00
 2080              	.LASF8:
 2081 0160 6C6F6E67 		.ascii	"long unsigned int\000"
 2081      20756E73 
 2081      69676E65 
 2081      6420696E 
 2081      7400
 2082              	.LASF13:
 2083 0172 75696E74 		.ascii	"uint8\000"
 2083      3800
 2084              	.LASF21:
 2085 0178 43594D45 		.ascii	"CYMEMZERO\000"
 2085      4D5A4552 
 2085      4F00
 2086              	.LASF46:
 2087 0182 53657441 		.ascii	"SetAnalogRoutingPumps\000"
 2087      6E616C6F 
 2087      67526F75 
 2087      74696E67 
 2087      50756D70 
 2088              	.LASF40:
 2089 0198 64657374 		.ascii	"destPtr\000"
 2089      50747200 
 2090              	.LASF17:
 2091 01a0 646F7562 		.ascii	"double\000"
 2091      6C6500
 2092              	.LASF47:
 2093 01a7 63796669 		.ascii	"cyfitter_cfg\000"
 2093      74746572 
 2093      5F636667 
 2093      00
 2094              	.LASF45:
 2095 01b4 433A5C55 		.ascii	"C:\\Users\\ggg88\\dev\\Electrosteel_embedded\\PSOC5"
 2095      73657273 
 2095      5C676767 
ARM GAS  C:\Users\ggg88\AppData\Local\Temp\ccaY8Fe2.s 			page 53


 2095      38385C64 
 2095      65765C45 
 2096 01e2 5F656C65 		.ascii	"_electrosteel_stringsensors_newpcb_brain\\CE210514_"
 2096      6374726F 
 2096      73746565 
 2096      6C5F7374 
 2096      72696E67 
 2097 0214 50534F43 		.ascii	"PSOC3_5_Thermistor.cydsn\000"
 2097      335F355F 
 2097      54686572 
 2097      6D697374 
 2097      6F722E63 
 2098              	.LASF14:
 2099 022d 75696E74 		.ascii	"uint16\000"
 2099      313600
 2100              	.LASF26:
 2101 0234 6572726F 		.ascii	"errorCode\000"
 2101      72436F64 
 2101      6500
 2102              	.LASF15:
 2103 023e 75696E74 		.ascii	"uint32\000"
 2103      333200
 2104              	.LASF4:
 2105 0245 756E7369 		.ascii	"unsigned char\000"
 2105      676E6564 
 2105      20636861 
 2105      7200
 2106              	.LASF0:
 2107 0253 756E7369 		.ascii	"unsigned int\000"
 2107      676E6564 
 2107      20696E74 
 2107      00
 2108              	.LASF34:
 2109 0260 61646472 		.ascii	"address\000"
 2109      65737300 
 2110              	.LASF9:
 2111 0268 6C6F6E67 		.ascii	"long long unsigned int\000"
 2111      206C6F6E 
 2111      6720756E 
 2111      7369676E 
 2111      65642069 
 2112              	.LASF36:
 2113 027f 6366675F 		.ascii	"cfg_memset_t\000"
 2113      6D656D73 
 2113      65745F74 
 2113      00
 2114              	.LASF42:
 2115 028c 6E756D42 		.ascii	"numBytes\000"
 2115      79746573 
 2115      00
 2116              	.LASF10:
 2117 0295 73697A65 		.ascii	"sizetype\000"
 2117      74797065 
 2117      00
 2118              	.LASF1:
 2119 029e 6C6F6E67 		.ascii	"long long int\000"
 2119      206C6F6E 
ARM GAS  C:\Users\ggg88\AppData\Local\Temp\ccaY8Fe2.s 			page 54


 2119      6720696E 
 2119      7400
 2120              	.LASF28:
 2121 02ac 74696D65 		.ascii	"timeout\000"
 2121      6F757400 
 2122              	.LASF5:
 2123 02b4 73686F72 		.ascii	"short int\000"
 2123      7420696E 
 2123      7400
 2124              	.LASF37:
 2125 02be 6366675F 		.ascii	"cfg_memcpy_t\000"
 2125      6D656D63 
 2125      70795F74 
 2125      00
 2126              	.LASF32:
 2127 02cb 656E6162 		.ascii	"enabled\000"
 2127      6C656400 
 2128              	.LASF7:
 2129 02d3 6C6F6E67 		.ascii	"long int\000"
 2129      20696E74 
 2129      00
 2130              	.LASF11:
 2131 02dc 63686172 		.ascii	"char\000"
 2131      00
 2132              	.LASF2:
 2133 02e1 6C6F6E67 		.ascii	"long double\000"
 2133      20646F75 
 2133      626C6500 
 2134              	.LASF3:
 2135 02ed 7369676E 		.ascii	"signed char\000"
 2135      65642063 
 2135      68617200 
 2136              	.LASF39:
 2137 02f9 6366675F 		.ascii	"cfg_memcpy_list\000"
 2137      6D656D63 
 2137      70795F6C 
 2137      69737400 
 2138              	.LASF33:
 2139 0309 72656756 		.ascii	"regValue\000"
 2139      616C7565 
 2139      00
 2140              	.LASF22:
 2141 0312 4359434F 		.ascii	"CYCONFIGCPY\000"
 2141      4E464947 
 2141      43505900 
 2142              		.ident	"GCC: (GNU Tools for ARM Embedded Processors) 5.4.1 20160609 (release) [ARM/embedded-5-bran
