ARM GAS  C:\Users\ggg88\AppData\Local\Temp\cc4OMrCc.s 			page 1


   1              		.syntax unified
   2              		.cpu cortex-m3
   3              		.fpu softvfp
   4              		.eabi_attribute 20, 1
   5              		.eabi_attribute 21, 1
   6              		.eabi_attribute 23, 3
   7              		.eabi_attribute 24, 1
   8              		.eabi_attribute 25, 1
   9              		.eabi_attribute 26, 1
  10              		.eabi_attribute 30, 6
  11              		.eabi_attribute 34, 1
  12              		.eabi_attribute 18, 4
  13              		.thumb
  14              		.syntax unified
  15              		.file	"cymetadata.c"
  16              		.text
  17              	.Ltext0:
  18              		.cfi_sections	.debug_frame
  19              		.global	cy_meta_configecc
  20              		.section	.cyconfigecc,"a",%progbits
  21              		.align	2
  22              		.type	cy_meta_configecc, %object
  23              		.size	cy_meta_configecc, 9000
  24              	cy_meta_configecc:
  25 0000 55       		.byte	85
  26 0001 29       		.byte	41
  27 0002 00       		.byte	0
  28 0003 00       		.byte	0
  29 0004 00       		.byte	0
  30 0005 00       		.byte	0
  31 0006 00       		.byte	0
  32 0007 00       		.byte	0
  33 0008 0C       		.byte	12
  34 0009 09       		.byte	9
  35 000a 00       		.byte	0
  36 000b 00       		.byte	0
  37 000c 00       		.byte	0
  38 000d 00       		.byte	0
  39 000e 00       		.byte	0
  40 000f 00       		.byte	0
  41 0010 04       		.byte	4
  42 0011 01       		.byte	1
  43 0012 00       		.byte	0
  44 0013 00       		.byte	0
  45 0014 00       		.byte	0
  46 0015 00       		.byte	0
  47 0016 00       		.byte	0
  48 0017 00       		.byte	0
  49 0018 00       		.byte	0
  50 0019 00       		.byte	0
  51 001a 00       		.byte	0
  52 001b 00       		.byte	0
  53 001c 0C       		.byte	12
  54 001d 00       		.byte	0
  55 001e 00       		.byte	0
  56 001f 00       		.byte	0
  57 0020 00       		.byte	0
ARM GAS  C:\Users\ggg88\AppData\Local\Temp\cc4OMrCc.s 			page 2


  58 0021 00       		.byte	0
  59 0022 03       		.byte	3
  60 0023 03       		.byte	3
  61 0024 00       		.byte	0
  62 0025 00       		.byte	0
  63 0026 00       		.byte	0
  64 0027 00       		.byte	0
  65 0028 01       		.byte	1
  66 0029 00       		.byte	0
  67 002a 00       		.byte	0
  68 002b 00       		.byte	0
  69 002c 00       		.byte	0
  70 002d 00       		.byte	0
  71 002e 00       		.byte	0
  72 002f 00       		.byte	0
  73 0030 00       		.byte	0
  74 0031 00       		.byte	0
  75 0032 00       		.byte	0
  76 0033 00       		.byte	0
  77 0034 03       		.byte	3
  78 0035 00       		.byte	0
  79 0036 00       		.byte	0
  80 0037 00       		.byte	0
  81 0038 08       		.byte	8
  82 0039 0C       		.byte	12
  83 003a 00       		.byte	0
  84 003b 00       		.byte	0
  85 003c 40       		.byte	64
  86 003d 00       		.byte	0
  87 003e 00       		.byte	0
  88 003f 00       		.byte	0
  89 0040 00       		.byte	0
  90 0041 00       		.byte	0
  91 0042 00       		.byte	0
  92 0043 00       		.byte	0
  93 0044 00       		.byte	0
  94 0045 00       		.byte	0
  95 0046 02       		.byte	2
  96 0047 00       		.byte	0
  97 0048 AF       		.byte	-81
  98 0049 3F       		.byte	63
  99 004a 00       		.byte	0
 100 004b C0       		.byte	-64
 101 004c 00       		.byte	0
 102 004d 00       		.byte	0
 103 004e 00       		.byte	0
 104 004f 00       		.byte	0
 105 0050 00       		.byte	0
 106 0051 00       		.byte	0
 107 0052 00       		.byte	0
 108 0053 00       		.byte	0
 109 0054 00       		.byte	0
 110 0055 00       		.byte	0
 111 0056 00       		.byte	0
 112 0057 84       		.byte	-124
 113 0058 00       		.byte	0
 114 0059 00       		.byte	0
ARM GAS  C:\Users\ggg88\AppData\Local\Temp\cc4OMrCc.s 			page 3


 115 005a 00       		.byte	0
 116 005b 00       		.byte	0
 117 005c 00       		.byte	0
 118 005d 00       		.byte	0
 119 005e 00       		.byte	0
 120 005f 00       		.byte	0
 121 0060 00       		.byte	0
 122 0061 00       		.byte	0
 123 0062 00       		.byte	0
 124 0063 00       		.byte	0
 125 0064 00       		.byte	0
 126 0065 00       		.byte	0
 127 0066 00       		.byte	0
 128 0067 00       		.byte	0
 129 0068 00       		.byte	0
 130 0069 00       		.byte	0
 131 006a 00       		.byte	0
 132 006b 00       		.byte	0
 133 006c 00       		.byte	0
 134 006d 00       		.byte	0
 135 006e 00       		.byte	0
 136 006f 00       		.byte	0
 137 0070 00       		.byte	0
 138 0071 00       		.byte	0
 139 0072 00       		.byte	0
 140 0073 00       		.byte	0
 141 0074 00       		.byte	0
 142 0075 00       		.byte	0
 143 0076 00       		.byte	0
 144 0077 00       		.byte	0
 145 0078 00       		.byte	0
 146 0079 00       		.byte	0
 147 007a 00       		.byte	0
 148 007b 00       		.byte	0
 149 007c 00       		.byte	0
 150 007d 00       		.byte	0
 151 007e 00       		.byte	0
 152 007f 00       		.byte	0
 153 0080 00       		.byte	0
 154 0081 00       		.byte	0
 155 0082 00       		.byte	0
 156 0083 00       		.byte	0
 157 0084 00       		.byte	0
 158 0085 00       		.byte	0
 159 0086 00       		.byte	0
 160 0087 00       		.byte	0
 161 0088 00       		.byte	0
 162 0089 00       		.byte	0
 163 008a 00       		.byte	0
 164 008b 00       		.byte	0
 165 008c 00       		.byte	0
 166 008d 00       		.byte	0
 167 008e 00       		.byte	0
 168 008f 00       		.byte	0
 169 0090 00       		.byte	0
 170 0091 00       		.byte	0
 171 0092 00       		.byte	0
ARM GAS  C:\Users\ggg88\AppData\Local\Temp\cc4OMrCc.s 			page 4


 172 0093 00       		.byte	0
 173 0094 00       		.byte	0
 174 0095 00       		.byte	0
 175 0096 00       		.byte	0
 176 0097 00       		.byte	0
 177 0098 00       		.byte	0
 178 0099 00       		.byte	0
 179 009a 00       		.byte	0
 180 009b 00       		.byte	0
 181 009c 00       		.byte	0
 182 009d 00       		.byte	0
 183 009e 00       		.byte	0
 184 009f 00       		.byte	0
 185 00a0 00       		.byte	0
 186 00a1 00       		.byte	0
 187 00a2 00       		.byte	0
 188 00a3 00       		.byte	0
 189 00a4 00       		.byte	0
 190 00a5 00       		.byte	0
 191 00a6 00       		.byte	0
 192 00a7 00       		.byte	0
 193 00a8 00       		.byte	0
 194 00a9 00       		.byte	0
 195 00aa 03       		.byte	3
 196 00ab 02       		.byte	2
 197 00ac 00       		.byte	0
 198 00ad 00       		.byte	0
 199 00ae 00       		.byte	0
 200 00af 00       		.byte	0
 201 00b0 04       		.byte	4
 202 00b1 04       		.byte	4
 203 00b2 00       		.byte	0
 204 00b3 04       		.byte	4
 205 00b4 55       		.byte	85
 206 00b5 50       		.byte	80
 207 00b6 00       		.byte	0
 208 00b7 01       		.byte	1
 209 00b8 00       		.byte	0
 210 00b9 00       		.byte	0
 211 00ba 00       		.byte	0
 212 00bb 00       		.byte	0
 213 00bc 00       		.byte	0
 214 00bd 00       		.byte	0
 215 00be 00       		.byte	0
 216 00bf 00       		.byte	0
 217 00c0 00       		.byte	0
 218 00c1 00       		.byte	0
 219 00c2 00       		.byte	0
 220 00c3 00       		.byte	0
 221 00c4 00       		.byte	0
 222 00c5 00       		.byte	0
 223 00c6 00       		.byte	0
 224 00c7 00       		.byte	0
 225 00c8 00       		.byte	0
 226 00c9 00       		.byte	0
 227 00ca 00       		.byte	0
 228 00cb 00       		.byte	0
ARM GAS  C:\Users\ggg88\AppData\Local\Temp\cc4OMrCc.s 			page 5


 229 00cc 00       		.byte	0
 230 00cd 00       		.byte	0
 231 00ce 00       		.byte	0
 232 00cf 00       		.byte	0
 233 00d0 00       		.byte	0
 234 00d1 00       		.byte	0
 235 00d2 00       		.byte	0
 236 00d3 00       		.byte	0
 237 00d4 00       		.byte	0
 238 00d5 00       		.byte	0
 239 00d6 00       		.byte	0
 240 00d7 00       		.byte	0
 241 00d8 80       		.byte	-128
 242 00d9 00       		.byte	0
 243 00da 00       		.byte	0
 244 00db 00       		.byte	0
 245 00dc 0D       		.byte	13
 246 00dd C0       		.byte	-64
 247 00de 00       		.byte	0
 248 00df 08       		.byte	8
 249 00e0 80       		.byte	-128
 250 00e1 1F       		.byte	31
 251 00e2 00       		.byte	0
 252 00e3 20       		.byte	32
 253 00e4 11       		.byte	17
 254 00e5 7F       		.byte	127
 255 00e6 62       		.byte	98
 256 00e7 80       		.byte	-128
 257 00e8 52       		.byte	82
 258 00e9 C0       		.byte	-64
 259 00ea 28       		.byte	40
 260 00eb 01       		.byte	1
 261 00ec 02       		.byte	2
 262 00ed 80       		.byte	-128
 263 00ee 0D       		.byte	13
 264 00ef 00       		.byte	0
 265 00f0 40       		.byte	64
 266 00f1 C0       		.byte	-64
 267 00f2 30       		.byte	48
 268 00f3 04       		.byte	4
 269 00f4 0D       		.byte	13
 270 00f5 00       		.byte	0
 271 00f6 00       		.byte	0
 272 00f7 60       		.byte	96
 273 00f8 0D       		.byte	13
 274 00f9 C0       		.byte	-64
 275 00fa 00       		.byte	0
 276 00fb 02       		.byte	2
 277 00fc 0D       		.byte	13
 278 00fd 00       		.byte	0
 279 00fe 00       		.byte	0
 280 00ff 9F       		.byte	-97
 281 0100 32       		.byte	50
 282 0101 00       		.byte	0
 283 0102 44       		.byte	68
 284 0103 FF       		.byte	-1
 285 0104 0D       		.byte	13
ARM GAS  C:\Users\ggg88\AppData\Local\Temp\cc4OMrCc.s 			page 6


 286 0105 90       		.byte	-112
 287 0106 00       		.byte	0
 288 0107 40       		.byte	64
 289 0108 00       		.byte	0
 290 0109 FF       		.byte	-1
 291 010a 0F       		.byte	15
 292 010b 00       		.byte	0
 293 010c 70       		.byte	112
 294 010d 00       		.byte	0
 295 010e 80       		.byte	-128
 296 010f 00       		.byte	0
 297 0110 80       		.byte	-128
 298 0111 00       		.byte	0
 299 0112 28       		.byte	40
 300 0113 00       		.byte	0
 301 0114 00       		.byte	0
 302 0115 00       		.byte	0
 303 0116 00       		.byte	0
 304 0117 01       		.byte	1
 305 0118 00       		.byte	0
 306 0119 00       		.byte	0
 307 011a 00       		.byte	0
 308 011b 00       		.byte	0
 309 011c 00       		.byte	0
 310 011d 00       		.byte	0
 311 011e 00       		.byte	0
 312 011f 00       		.byte	0
 313 0120 00       		.byte	0
 314 0121 00       		.byte	0
 315 0122 00       		.byte	0
 316 0123 00       		.byte	0
 317 0124 00       		.byte	0
 318 0125 00       		.byte	0
 319 0126 00       		.byte	0
 320 0127 00       		.byte	0
 321 0128 00       		.byte	0
 322 0129 00       		.byte	0
 323 012a 00       		.byte	0
 324 012b 00       		.byte	0
 325 012c 00       		.byte	0
 326 012d 00       		.byte	0
 327 012e 02       		.byte	2
 328 012f 28       		.byte	40
 329 0130 04       		.byte	4
 330 0131 04       		.byte	4
 331 0132 00       		.byte	0
 332 0133 04       		.byte	4
 333 0134 01       		.byte	1
 334 0135 10       		.byte	16
 335 0136 00       		.byte	0
 336 0137 01       		.byte	1
 337 0138 00       		.byte	0
 338 0139 00       		.byte	0
 339 013a 00       		.byte	0
 340 013b 00       		.byte	0
 341 013c 00       		.byte	0
 342 013d 00       		.byte	0
ARM GAS  C:\Users\ggg88\AppData\Local\Temp\cc4OMrCc.s 			page 7


 343 013e 00       		.byte	0
 344 013f 00       		.byte	0
 345 0140 00       		.byte	0
 346 0141 00       		.byte	0
 347 0142 00       		.byte	0
 348 0143 00       		.byte	0
 349 0144 00       		.byte	0
 350 0145 00       		.byte	0
 351 0146 00       		.byte	0
 352 0147 00       		.byte	0
 353 0148 00       		.byte	0
 354 0149 00       		.byte	0
 355 014a 00       		.byte	0
 356 014b 00       		.byte	0
 357 014c 00       		.byte	0
 358 014d 00       		.byte	0
 359 014e 00       		.byte	0
 360 014f 00       		.byte	0
 361 0150 00       		.byte	0
 362 0151 00       		.byte	0
 363 0152 00       		.byte	0
 364 0153 00       		.byte	0
 365 0154 00       		.byte	0
 366 0155 00       		.byte	0
 367 0156 00       		.byte	0
 368 0157 00       		.byte	0
 369 0158 A2       		.byte	-94
 370 0159 07       		.byte	7
 371 015a 08       		.byte	8
 372 015b 00       		.byte	0
 373 015c 10       		.byte	16
 374 015d 07       		.byte	7
 375 015e 00       		.byte	0
 376 015f 00       		.byte	0
 377 0160 40       		.byte	64
 378 0161 00       		.byte	0
 379 0162 00       		.byte	0
 380 0163 00       		.byte	0
 381 0164 04       		.byte	4
 382 0165 07       		.byte	7
 383 0166 00       		.byte	0
 384 0167 00       		.byte	0
 385 0168 00       		.byte	0
 386 0169 00       		.byte	0
 387 016a 40       		.byte	64
 388 016b 00       		.byte	0
 389 016c 88       		.byte	-120
 390 016d 00       		.byte	0
 391 016e 21       		.byte	33
 392 016f 00       		.byte	0
 393 0170 01       		.byte	1
 394 0171 07       		.byte	7
 395 0172 00       		.byte	0
 396 0173 00       		.byte	0
 397 0174 41       		.byte	65
 398 0175 00       		.byte	0
 399 0176 00       		.byte	0
ARM GAS  C:\Users\ggg88\AppData\Local\Temp\cc4OMrCc.s 			page 8


 400 0177 00       		.byte	0
 401 0178 41       		.byte	65
 402 0179 03       		.byte	3
 403 017a 00       		.byte	0
 404 017b 04       		.byte	4
 405 017c 87       		.byte	-121
 406 017d 00       		.byte	0
 407 017e 18       		.byte	24
 408 017f 07       		.byte	7
 409 0180 41       		.byte	65
 410 0181 02       		.byte	2
 411 0182 00       		.byte	0
 412 0183 05       		.byte	5
 413 0184 01       		.byte	1
 414 0185 00       		.byte	0
 415 0186 40       		.byte	64
 416 0187 00       		.byte	0
 417 0188 80       		.byte	-128
 418 0189 04       		.byte	4
 419 018a 40       		.byte	64
 420 018b 00       		.byte	0
 421 018c 3F       		.byte	63
 422 018d 01       		.byte	1
 423 018e 08       		.byte	8
 424 018f 02       		.byte	2
 425 0190 20       		.byte	32
 426 0191 00       		.byte	0
 427 0192 00       		.byte	0
 428 0193 00       		.byte	0
 429 0194 00       		.byte	0
 430 0195 00       		.byte	0
 431 0196 55       		.byte	85
 432 0197 00       		.byte	0
 433 0198 00       		.byte	0
 434 0199 00       		.byte	0
 435 019a 00       		.byte	0
 436 019b 00       		.byte	0
 437 019c 00       		.byte	0
 438 019d 00       		.byte	0
 439 019e 00       		.byte	0
 440 019f 00       		.byte	0
 441 01a0 00       		.byte	0
 442 01a1 00       		.byte	0
 443 01a2 00       		.byte	0
 444 01a3 00       		.byte	0
 445 01a4 00       		.byte	0
 446 01a5 00       		.byte	0
 447 01a6 00       		.byte	0
 448 01a7 00       		.byte	0
 449 01a8 00       		.byte	0
 450 01a9 00       		.byte	0
 451 01aa 00       		.byte	0
 452 01ab 00       		.byte	0
 453 01ac 09       		.byte	9
 454 01ad 00       		.byte	0
 455 01ae 04       		.byte	4
 456 01af 00       		.byte	0
ARM GAS  C:\Users\ggg88\AppData\Local\Temp\cc4OMrCc.s 			page 9


 457 01b0 04       		.byte	4
 458 01b1 04       		.byte	4
 459 01b2 00       		.byte	0
 460 01b3 04       		.byte	4
 461 01b4 50       		.byte	80
 462 01b5 10       		.byte	16
 463 01b6 00       		.byte	0
 464 01b7 01       		.byte	1
 465 01b8 00       		.byte	0
 466 01b9 00       		.byte	0
 467 01ba 00       		.byte	0
 468 01bb 00       		.byte	0
 469 01bc 00       		.byte	0
 470 01bd 00       		.byte	0
 471 01be 00       		.byte	0
 472 01bf 00       		.byte	0
 473 01c0 00       		.byte	0
 474 01c1 00       		.byte	0
 475 01c2 00       		.byte	0
 476 01c3 00       		.byte	0
 477 01c4 00       		.byte	0
 478 01c5 00       		.byte	0
 479 01c6 00       		.byte	0
 480 01c7 00       		.byte	0
 481 01c8 00       		.byte	0
 482 01c9 00       		.byte	0
 483 01ca 00       		.byte	0
 484 01cb 00       		.byte	0
 485 01cc 00       		.byte	0
 486 01cd 00       		.byte	0
 487 01ce 00       		.byte	0
 488 01cf 00       		.byte	0
 489 01d0 00       		.byte	0
 490 01d1 00       		.byte	0
 491 01d2 00       		.byte	0
 492 01d3 00       		.byte	0
 493 01d4 00       		.byte	0
 494 01d5 00       		.byte	0
 495 01d6 00       		.byte	0
 496 01d7 00       		.byte	0
 497 01d8 00       		.byte	0
 498 01d9 00       		.byte	0
 499 01da 00       		.byte	0
 500 01db 00       		.byte	0
 501 01dc 00       		.byte	0
 502 01dd 00       		.byte	0
 503 01de 00       		.byte	0
 504 01df 00       		.byte	0
 505 01e0 00       		.byte	0
 506 01e1 00       		.byte	0
 507 01e2 00       		.byte	0
 508 01e3 00       		.byte	0
 509 01e4 00       		.byte	0
 510 01e5 00       		.byte	0
 511 01e6 00       		.byte	0
 512 01e7 00       		.byte	0
 513 01e8 00       		.byte	0
ARM GAS  C:\Users\ggg88\AppData\Local\Temp\cc4OMrCc.s 			page 10


 514 01e9 00       		.byte	0
 515 01ea 00       		.byte	0
 516 01eb 00       		.byte	0
 517 01ec 00       		.byte	0
 518 01ed 00       		.byte	0
 519 01ee 00       		.byte	0
 520 01ef 00       		.byte	0
 521 01f0 00       		.byte	0
 522 01f1 00       		.byte	0
 523 01f2 00       		.byte	0
 524 01f3 00       		.byte	0
 525 01f4 00       		.byte	0
 526 01f5 00       		.byte	0
 527 01f6 00       		.byte	0
 528 01f7 00       		.byte	0
 529 01f8 00       		.byte	0
 530 01f9 00       		.byte	0
 531 01fa 00       		.byte	0
 532 01fb 00       		.byte	0
 533 01fc 00       		.byte	0
 534 01fd 00       		.byte	0
 535 01fe 00       		.byte	0
 536 01ff 00       		.byte	0
 537 0200 00       		.byte	0
 538 0201 00       		.byte	0
 539 0202 00       		.byte	0
 540 0203 00       		.byte	0
 541 0204 00       		.byte	0
 542 0205 00       		.byte	0
 543 0206 00       		.byte	0
 544 0207 00       		.byte	0
 545 0208 00       		.byte	0
 546 0209 00       		.byte	0
 547 020a 00       		.byte	0
 548 020b 00       		.byte	0
 549 020c 00       		.byte	0
 550 020d 00       		.byte	0
 551 020e 00       		.byte	0
 552 020f 00       		.byte	0
 553 0210 00       		.byte	0
 554 0211 00       		.byte	0
 555 0212 00       		.byte	0
 556 0213 00       		.byte	0
 557 0214 00       		.byte	0
 558 0215 00       		.byte	0
 559 0216 00       		.byte	0
 560 0217 00       		.byte	0
 561 0218 00       		.byte	0
 562 0219 00       		.byte	0
 563 021a 00       		.byte	0
 564 021b 00       		.byte	0
 565 021c 00       		.byte	0
 566 021d 00       		.byte	0
 567 021e 00       		.byte	0
 568 021f 00       		.byte	0
 569 0220 00       		.byte	0
 570 0221 00       		.byte	0
ARM GAS  C:\Users\ggg88\AppData\Local\Temp\cc4OMrCc.s 			page 11


 571 0222 00       		.byte	0
 572 0223 00       		.byte	0
 573 0224 00       		.byte	0
 574 0225 00       		.byte	0
 575 0226 00       		.byte	0
 576 0227 00       		.byte	0
 577 0228 00       		.byte	0
 578 0229 00       		.byte	0
 579 022a 00       		.byte	0
 580 022b 00       		.byte	0
 581 022c 40       		.byte	64
 582 022d 00       		.byte	0
 583 022e 04       		.byte	4
 584 022f 00       		.byte	0
 585 0230 04       		.byte	4
 586 0231 04       		.byte	4
 587 0232 00       		.byte	0
 588 0233 04       		.byte	4
 589 0234 55       		.byte	85
 590 0235 10       		.byte	16
 591 0236 00       		.byte	0
 592 0237 01       		.byte	1
 593 0238 00       		.byte	0
 594 0239 00       		.byte	0
 595 023a 00       		.byte	0
 596 023b 00       		.byte	0
 597 023c 00       		.byte	0
 598 023d 00       		.byte	0
 599 023e 00       		.byte	0
 600 023f 00       		.byte	0
 601 0240 00       		.byte	0
 602 0241 00       		.byte	0
 603 0242 00       		.byte	0
 604 0243 00       		.byte	0
 605 0244 00       		.byte	0
 606 0245 00       		.byte	0
 607 0246 00       		.byte	0
 608 0247 00       		.byte	0
 609 0248 00       		.byte	0
 610 0249 00       		.byte	0
 611 024a 00       		.byte	0
 612 024b 00       		.byte	0
 613 024c 00       		.byte	0
 614 024d 00       		.byte	0
 615 024e 00       		.byte	0
 616 024f 00       		.byte	0
 617 0250 00       		.byte	0
 618 0251 00       		.byte	0
 619 0252 00       		.byte	0
 620 0253 00       		.byte	0
 621 0254 00       		.byte	0
 622 0255 00       		.byte	0
 623 0256 00       		.byte	0
 624 0257 00       		.byte	0
 625 0258 00       		.byte	0
 626 0259 00       		.byte	0
 627 025a 00       		.byte	0
ARM GAS  C:\Users\ggg88\AppData\Local\Temp\cc4OMrCc.s 			page 12


 628 025b 04       		.byte	4
 629 025c 00       		.byte	0
 630 025d 00       		.byte	0
 631 025e 00       		.byte	0
 632 025f 00       		.byte	0
 633 0260 00       		.byte	0
 634 0261 00       		.byte	0
 635 0262 00       		.byte	0
 636 0263 00       		.byte	0
 637 0264 00       		.byte	0
 638 0265 00       		.byte	0
 639 0266 00       		.byte	0
 640 0267 00       		.byte	0
 641 0268 00       		.byte	0
 642 0269 01       		.byte	1
 643 026a 01       		.byte	1
 644 026b 00       		.byte	0
 645 026c 00       		.byte	0
 646 026d 00       		.byte	0
 647 026e 00       		.byte	0
 648 026f 00       		.byte	0
 649 0270 00       		.byte	0
 650 0271 00       		.byte	0
 651 0272 00       		.byte	0
 652 0273 00       		.byte	0
 653 0274 00       		.byte	0
 654 0275 00       		.byte	0
 655 0276 00       		.byte	0
 656 0277 00       		.byte	0
 657 0278 00       		.byte	0
 658 0279 00       		.byte	0
 659 027a 00       		.byte	0
 660 027b 00       		.byte	0
 661 027c 00       		.byte	0
 662 027d 00       		.byte	0
 663 027e 00       		.byte	0
 664 027f 03       		.byte	3
 665 0280 00       		.byte	0
 666 0281 00       		.byte	0
 667 0282 00       		.byte	0
 668 0283 00       		.byte	0
 669 0284 00       		.byte	0
 670 0285 00       		.byte	0
 671 0286 00       		.byte	0
 672 0287 00       		.byte	0
 673 0288 00       		.byte	0
 674 0289 02       		.byte	2
 675 028a 01       		.byte	1
 676 028b 04       		.byte	4
 677 028c 00       		.byte	0
 678 028d 01       		.byte	1
 679 028e 00       		.byte	0
 680 028f 00       		.byte	0
 681 0290 00       		.byte	0
 682 0291 00       		.byte	0
 683 0292 00       		.byte	0
 684 0293 00       		.byte	0
ARM GAS  C:\Users\ggg88\AppData\Local\Temp\cc4OMrCc.s 			page 13


 685 0294 00       		.byte	0
 686 0295 00       		.byte	0
 687 0296 00       		.byte	0
 688 0297 10       		.byte	16
 689 0298 00       		.byte	0
 690 0299 00       		.byte	0
 691 029a 00       		.byte	0
 692 029b 00       		.byte	0
 693 029c 00       		.byte	0
 694 029d 00       		.byte	0
 695 029e 00       		.byte	0
 696 029f 00       		.byte	0
 697 02a0 00       		.byte	0
 698 02a1 00       		.byte	0
 699 02a2 00       		.byte	0
 700 02a3 00       		.byte	0
 701 02a4 00       		.byte	0
 702 02a5 00       		.byte	0
 703 02a6 00       		.byte	0
 704 02a7 00       		.byte	0
 705 02a8 00       		.byte	0
 706 02a9 00       		.byte	0
 707 02aa 00       		.byte	0
 708 02ab 00       		.byte	0
 709 02ac 00       		.byte	0
 710 02ad 00       		.byte	0
 711 02ae 02       		.byte	2
 712 02af 20       		.byte	32
 713 02b0 04       		.byte	4
 714 02b1 04       		.byte	4
 715 02b2 00       		.byte	0
 716 02b3 24       		.byte	36
 717 02b4 42       		.byte	66
 718 02b5 80       		.byte	-128
 719 02b6 08       		.byte	8
 720 02b7 11       		.byte	17
 721 02b8 00       		.byte	0
 722 02b9 00       		.byte	0
 723 02ba 00       		.byte	0
 724 02bb 00       		.byte	0
 725 02bc 00       		.byte	0
 726 02bd 00       		.byte	0
 727 02be 00       		.byte	0
 728 02bf 00       		.byte	0
 729 02c0 00       		.byte	0
 730 02c1 00       		.byte	0
 731 02c2 00       		.byte	0
 732 02c3 00       		.byte	0
 733 02c4 00       		.byte	0
 734 02c5 00       		.byte	0
 735 02c6 00       		.byte	0
 736 02c7 00       		.byte	0
 737 02c8 00       		.byte	0
 738 02c9 00       		.byte	0
 739 02ca 00       		.byte	0
 740 02cb 00       		.byte	0
 741 02cc 00       		.byte	0
ARM GAS  C:\Users\ggg88\AppData\Local\Temp\cc4OMrCc.s 			page 14


 742 02cd 00       		.byte	0
 743 02ce 00       		.byte	0
 744 02cf 00       		.byte	0
 745 02d0 00       		.byte	0
 746 02d1 00       		.byte	0
 747 02d2 00       		.byte	0
 748 02d3 00       		.byte	0
 749 02d4 00       		.byte	0
 750 02d5 00       		.byte	0
 751 02d6 00       		.byte	0
 752 02d7 00       		.byte	0
 753 02d8 31       		.byte	49
 754 02d9 00       		.byte	0
 755 02da 0E       		.byte	14
 756 02db 00       		.byte	0
 757 02dc 00       		.byte	0
 758 02dd 01       		.byte	1
 759 02de 00       		.byte	0
 760 02df 62       		.byte	98
 761 02e0 52       		.byte	82
 762 02e1 00       		.byte	0
 763 02e2 04       		.byte	4
 764 02e3 12       		.byte	18
 765 02e4 56       		.byte	86
 766 02e5 C8       		.byte	-56
 767 02e6 00       		.byte	0
 768 02e7 03       		.byte	3
 769 02e8 00       		.byte	0
 770 02e9 00       		.byte	0
 771 02ea 00       		.byte	0
 772 02eb 20       		.byte	32
 773 02ec 29       		.byte	41
 774 02ed 00       		.byte	0
 775 02ee 16       		.byte	22
 776 02ef 01       		.byte	1
 777 02f0 22       		.byte	34
 778 02f1 00       		.byte	0
 779 02f2 10       		.byte	16
 780 02f3 0C       		.byte	12
 781 02f4 04       		.byte	4
 782 02f5 00       		.byte	0
 783 02f6 00       		.byte	0
 784 02f7 00       		.byte	0
 785 02f8 56       		.byte	86
 786 02f9 00       		.byte	0
 787 02fa 00       		.byte	0
 788 02fb 00       		.byte	0
 789 02fc 50       		.byte	80
 790 02fd 00       		.byte	0
 791 02fe 06       		.byte	6
 792 02ff 00       		.byte	0
 793 0300 17       		.byte	23
 794 0301 04       		.byte	4
 795 0302 28       		.byte	40
 796 0303 A3       		.byte	-93
 797 0304 06       		.byte	6
 798 0305 00       		.byte	0
ARM GAS  C:\Users\ggg88\AppData\Local\Temp\cc4OMrCc.s 			page 15


 799 0306 50       		.byte	80
 800 0307 00       		.byte	0
 801 0308 00       		.byte	0
 802 0309 00       		.byte	0
 803 030a 0F       		.byte	15
 804 030b 10       		.byte	16
 805 030c 30       		.byte	48
 806 030d 0F       		.byte	15
 807 030e 40       		.byte	64
 808 030f E0       		.byte	-32
 809 0310 08       		.byte	8
 810 0311 00       		.byte	0
 811 0312 20       		.byte	32
 812 0313 00       		.byte	0
 813 0314 00       		.byte	0
 814 0315 00       		.byte	0
 815 0316 40       		.byte	64
 816 0317 00       		.byte	0
 817 0318 34       		.byte	52
 818 0319 02       		.byte	2
 819 031a 10       		.byte	16
 820 031b 00       		.byte	0
 821 031c 05       		.byte	5
 822 031d CE       		.byte	-50
 823 031e B0       		.byte	-80
 824 031f DF       		.byte	-33
 825 0320 3B       		.byte	59
 826 0321 FF       		.byte	-1
 827 0322 FF       		.byte	-1
 828 0323 FF       		.byte	-1
 829 0324 22       		.byte	34
 830 0325 00       		.byte	0
 831 0326 F0       		.byte	-16
 832 0327 08       		.byte	8
 833 0328 04       		.byte	4
 834 0329 00       		.byte	0
 835 032a 00       		.byte	0
 836 032b 00       		.byte	0
 837 032c 00       		.byte	0
 838 032d 00       		.byte	0
 839 032e 00       		.byte	0
 840 032f 00       		.byte	0
 841 0330 04       		.byte	4
 842 0331 04       		.byte	4
 843 0332 04       		.byte	4
 844 0333 04       		.byte	4
 845 0334 11       		.byte	17
 846 0335 01       		.byte	1
 847 0336 00       		.byte	0
 848 0337 01       		.byte	1
 849 0338 00       		.byte	0
 850 0339 00       		.byte	0
 851 033a C0       		.byte	-64
 852 033b 00       		.byte	0
 853 033c 40       		.byte	64
 854 033d 01       		.byte	1
 855 033e 10       		.byte	16
ARM GAS  C:\Users\ggg88\AppData\Local\Temp\cc4OMrCc.s 			page 16


 856 033f 11       		.byte	17
 857 0340 C0       		.byte	-64
 858 0341 01       		.byte	1
 859 0342 00       		.byte	0
 860 0343 11       		.byte	17
 861 0344 40       		.byte	64
 862 0345 01       		.byte	1
 863 0346 40       		.byte	64
 864 0347 01       		.byte	1
 865 0348 00       		.byte	0
 866 0349 00       		.byte	0
 867 034a 00       		.byte	0
 868 034b 00       		.byte	0
 869 034c 00       		.byte	0
 870 034d 00       		.byte	0
 871 034e 00       		.byte	0
 872 034f 00       		.byte	0
 873 0350 00       		.byte	0
 874 0351 00       		.byte	0
 875 0352 00       		.byte	0
 876 0353 00       		.byte	0
 877 0354 00       		.byte	0
 878 0355 00       		.byte	0
 879 0356 00       		.byte	0
 880 0357 00       		.byte	0
 881 0358 00       		.byte	0
 882 0359 08       		.byte	8
 883 035a 00       		.byte	0
 884 035b 10       		.byte	16
 885 035c 00       		.byte	0
 886 035d 11       		.byte	17
 887 035e 00       		.byte	0
 888 035f 8E       		.byte	-114
 889 0360 00       		.byte	0
 890 0361 C0       		.byte	-64
 891 0362 00       		.byte	0
 892 0363 00       		.byte	0
 893 0364 00       		.byte	0
 894 0365 40       		.byte	64
 895 0366 00       		.byte	0
 896 0367 2F       		.byte	47
 897 0368 00       		.byte	0
 898 0369 2C       		.byte	44
 899 036a 00       		.byte	0
 900 036b 00       		.byte	0
 901 036c 00       		.byte	0
 902 036d 00       		.byte	0
 903 036e 00       		.byte	0
 904 036f 2C       		.byte	44
 905 0370 00       		.byte	0
 906 0371 24       		.byte	36
 907 0372 00       		.byte	0
 908 0373 08       		.byte	8
 909 0374 00       		.byte	0
 910 0375 2C       		.byte	44
 911 0376 00       		.byte	0
 912 0377 00       		.byte	0
ARM GAS  C:\Users\ggg88\AppData\Local\Temp\cc4OMrCc.s 			page 17


 913 0378 00       		.byte	0
 914 0379 2C       		.byte	44
 915 037a 00       		.byte	0
 916 037b 00       		.byte	0
 917 037c 00       		.byte	0
 918 037d 24       		.byte	36
 919 037e 00       		.byte	0
 920 037f 00       		.byte	0
 921 0380 00       		.byte	0
 922 0381 31       		.byte	49
 923 0382 00       		.byte	0
 924 0383 42       		.byte	66
 925 0384 00       		.byte	0
 926 0385 00       		.byte	0
 927 0386 00       		.byte	0
 928 0387 00       		.byte	0
 929 0388 00       		.byte	0
 930 0389 00       		.byte	0
 931 038a 00       		.byte	0
 932 038b C1       		.byte	-63
 933 038c 00       		.byte	0
 934 038d 0F       		.byte	15
 935 038e 00       		.byte	0
 936 038f 31       		.byte	49
 937 0390 00       		.byte	0
 938 0391 08       		.byte	8
 939 0392 00       		.byte	0
 940 0393 C0       		.byte	-64
 941 0394 00       		.byte	0
 942 0395 00       		.byte	0
 943 0396 00       		.byte	0
 944 0397 00       		.byte	0
 945 0398 00       		.byte	0
 946 0399 00       		.byte	0
 947 039a 00       		.byte	0
 948 039b 00       		.byte	0
 949 039c 00       		.byte	0
 950 039d 00       		.byte	0
 951 039e 00       		.byte	0
 952 039f 00       		.byte	0
 953 03a0 00       		.byte	0
 954 03a1 00       		.byte	0
 955 03a2 00       		.byte	0
 956 03a3 00       		.byte	0
 957 03a4 00       		.byte	0
 958 03a5 00       		.byte	0
 959 03a6 00       		.byte	0
 960 03a7 00       		.byte	0
 961 03a8 00       		.byte	0
 962 03a9 00       		.byte	0
 963 03aa 00       		.byte	0
 964 03ab 00       		.byte	0
 965 03ac 00       		.byte	0
 966 03ad 00       		.byte	0
 967 03ae 08       		.byte	8
 968 03af 00       		.byte	0
 969 03b0 04       		.byte	4
ARM GAS  C:\Users\ggg88\AppData\Local\Temp\cc4OMrCc.s 			page 18


 970 03b1 04       		.byte	4
 971 03b2 00       		.byte	0
 972 03b3 04       		.byte	4
 973 03b4 15       		.byte	21
 974 03b5 90       		.byte	-112
 975 03b6 00       		.byte	0
 976 03b7 01       		.byte	1
 977 03b8 00       		.byte	0
 978 03b9 00       		.byte	0
 979 03ba 00       		.byte	0
 980 03bb 00       		.byte	0
 981 03bc 00       		.byte	0
 982 03bd 00       		.byte	0
 983 03be 00       		.byte	0
 984 03bf 00       		.byte	0
 985 03c0 00       		.byte	0
 986 03c1 00       		.byte	0
 987 03c2 00       		.byte	0
 988 03c3 00       		.byte	0
 989 03c4 00       		.byte	0
 990 03c5 00       		.byte	0
 991 03c6 00       		.byte	0
 992 03c7 00       		.byte	0
 993 03c8 00       		.byte	0
 994 03c9 00       		.byte	0
 995 03ca 00       		.byte	0
 996 03cb 00       		.byte	0
 997 03cc 00       		.byte	0
 998 03cd 00       		.byte	0
 999 03ce 00       		.byte	0
 1000 03cf 00       		.byte	0
 1001 03d0 00       		.byte	0
 1002 03d1 00       		.byte	0
 1003 03d2 00       		.byte	0
 1004 03d3 00       		.byte	0
 1005 03d4 00       		.byte	0
 1006 03d5 00       		.byte	0
 1007 03d6 00       		.byte	0
 1008 03d7 00       		.byte	0
 1009 03d8 00       		.byte	0
 1010 03d9 C1       		.byte	-63
 1011 03da 08       		.byte	8
 1012 03db 02       		.byte	2
 1013 03dc 08       		.byte	8
 1014 03dd C1       		.byte	-63
 1015 03de 00       		.byte	0
 1016 03df 04       		.byte	4
 1017 03e0 00       		.byte	0
 1018 03e1 C1       		.byte	-63
 1019 03e2 00       		.byte	0
 1020 03e3 08       		.byte	8
 1021 03e4 00       		.byte	0
 1022 03e5 10       		.byte	16
 1023 03e6 00       		.byte	0
 1024 03e7 C1       		.byte	-63
 1025 03e8 00       		.byte	0
 1026 03e9 00       		.byte	0
ARM GAS  C:\Users\ggg88\AppData\Local\Temp\cc4OMrCc.s 			page 19


 1027 03ea 00       		.byte	0
 1028 03eb 00       		.byte	0
 1029 03ec 05       		.byte	5
 1030 03ed 00       		.byte	0
 1031 03ee 00       		.byte	0
 1032 03ef 1E       		.byte	30
 1033 03f0 00       		.byte	0
 1034 03f1 00       		.byte	0
 1035 03f2 07       		.byte	7
 1036 03f3 80       		.byte	-128
 1037 03f4 00       		.byte	0
 1038 03f5 00       		.byte	0
 1039 03f6 00       		.byte	0
 1040 03f7 00       		.byte	0
 1041 03f8 00       		.byte	0
 1042 03f9 00       		.byte	0
 1043 03fa 00       		.byte	0
 1044 03fb 00       		.byte	0
 1045 03fc 00       		.byte	0
 1046 03fd 00       		.byte	0
 1047 03fe 00       		.byte	0
 1048 03ff 00       		.byte	0
 1049 0400 00       		.byte	0
 1050 0401 00       		.byte	0
 1051 0402 00       		.byte	0
 1052 0403 00       		.byte	0
 1053 0404 00       		.byte	0
 1054 0405 00       		.byte	0
 1055 0406 04       		.byte	4
 1056 0407 21       		.byte	33
 1057 0408 04       		.byte	4
 1058 0409 1F       		.byte	31
 1059 040a 02       		.byte	2
 1060 040b 20       		.byte	32
 1061 040c 01       		.byte	1
 1062 040d 80       		.byte	-128
 1063 040e 08       		.byte	8
 1064 040f 40       		.byte	64
 1065 0410 00       		.byte	0
 1066 0411 00       		.byte	0
 1067 0412 00       		.byte	0
 1068 0413 00       		.byte	0
 1069 0414 00       		.byte	0
 1070 0415 00       		.byte	0
 1071 0416 51       		.byte	81
 1072 0417 51       		.byte	81
 1073 0418 00       		.byte	0
 1074 0419 00       		.byte	0
 1075 041a 00       		.byte	0
 1076 041b 00       		.byte	0
 1077 041c 00       		.byte	0
 1078 041d 00       		.byte	0
 1079 041e 00       		.byte	0
 1080 041f 00       		.byte	0
 1081 0420 00       		.byte	0
 1082 0421 00       		.byte	0
 1083 0422 00       		.byte	0
ARM GAS  C:\Users\ggg88\AppData\Local\Temp\cc4OMrCc.s 			page 20


 1084 0423 00       		.byte	0
 1085 0424 00       		.byte	0
 1086 0425 00       		.byte	0
 1087 0426 00       		.byte	0
 1088 0427 00       		.byte	0
 1089 0428 00       		.byte	0
 1090 0429 00       		.byte	0
 1091 042a 00       		.byte	0
 1092 042b 00       		.byte	0
 1093 042c 20       		.byte	32
 1094 042d 00       		.byte	0
 1095 042e 04       		.byte	4
 1096 042f 00       		.byte	0
 1097 0430 04       		.byte	4
 1098 0431 04       		.byte	4
 1099 0432 00       		.byte	0
 1100 0433 04       		.byte	4
 1101 0434 82       		.byte	-126
 1102 0435 40       		.byte	64
 1103 0436 00       		.byte	0
 1104 0437 11       		.byte	17
 1105 0438 00       		.byte	0
 1106 0439 00       		.byte	0
 1107 043a 00       		.byte	0
 1108 043b 00       		.byte	0
 1109 043c 00       		.byte	0
 1110 043d 00       		.byte	0
 1111 043e 00       		.byte	0
 1112 043f 00       		.byte	0
 1113 0440 00       		.byte	0
 1114 0441 00       		.byte	0
 1115 0442 00       		.byte	0
 1116 0443 00       		.byte	0
 1117 0444 00       		.byte	0
 1118 0445 00       		.byte	0
 1119 0446 00       		.byte	0
 1120 0447 00       		.byte	0
 1121 0448 00       		.byte	0
 1122 0449 00       		.byte	0
 1123 044a 00       		.byte	0
 1124 044b 00       		.byte	0
 1125 044c 00       		.byte	0
 1126 044d 00       		.byte	0
 1127 044e 00       		.byte	0
 1128 044f 00       		.byte	0
 1129 0450 00       		.byte	0
 1130 0451 00       		.byte	0
 1131 0452 00       		.byte	0
 1132 0453 00       		.byte	0
 1133 0454 00       		.byte	0
 1134 0455 00       		.byte	0
 1135 0456 00       		.byte	0
 1136 0457 00       		.byte	0
 1137 0458 00       		.byte	0
 1138 0459 10       		.byte	16
 1139 045a 00       		.byte	0
 1140 045b 00       		.byte	0
ARM GAS  C:\Users\ggg88\AppData\Local\Temp\cc4OMrCc.s 			page 21


 1141 045c 00       		.byte	0
 1142 045d 00       		.byte	0
 1143 045e 00       		.byte	0
 1144 045f 01       		.byte	1
 1145 0460 00       		.byte	0
 1146 0461 04       		.byte	4
 1147 0462 00       		.byte	0
 1148 0463 00       		.byte	0
 1149 0464 00       		.byte	0
 1150 0465 08       		.byte	8
 1151 0466 00       		.byte	0
 1152 0467 00       		.byte	0
 1153 0468 00       		.byte	0
 1154 0469 00       		.byte	0
 1155 046a 00       		.byte	0
 1156 046b 04       		.byte	4
 1157 046c 00       		.byte	0
 1158 046d 00       		.byte	0
 1159 046e 00       		.byte	0
 1160 046f 02       		.byte	2
 1161 0470 00       		.byte	0
 1162 0471 00       		.byte	0
 1163 0472 00       		.byte	0
 1164 0473 20       		.byte	32
 1165 0474 00       		.byte	0
 1166 0475 00       		.byte	0
 1167 0476 00       		.byte	0
 1168 0477 08       		.byte	8
 1169 0478 00       		.byte	0
 1170 0479 00       		.byte	0
 1171 047a 00       		.byte	0
 1172 047b 00       		.byte	0
 1173 047c 00       		.byte	0
 1174 047d 00       		.byte	0
 1175 047e 00       		.byte	0
 1176 047f 00       		.byte	0
 1177 0480 00       		.byte	0
 1178 0481 00       		.byte	0
 1179 0482 01       		.byte	1
 1180 0483 10       		.byte	16
 1181 0484 00       		.byte	0
 1182 0485 02       		.byte	2
 1183 0486 00       		.byte	0
 1184 0487 00       		.byte	0
 1185 0488 00       		.byte	0
 1186 0489 00       		.byte	0
 1187 048a 00       		.byte	0
 1188 048b 01       		.byte	1
 1189 048c 00       		.byte	0
 1190 048d 3E       		.byte	62
 1191 048e 01       		.byte	1
 1192 048f 00       		.byte	0
 1193 0490 00       		.byte	0
 1194 0491 20       		.byte	32
 1195 0492 00       		.byte	0
 1196 0493 00       		.byte	0
 1197 0494 00       		.byte	0
ARM GAS  C:\Users\ggg88\AppData\Local\Temp\cc4OMrCc.s 			page 22


 1198 0495 00       		.byte	0
 1199 0496 00       		.byte	0
 1200 0497 10       		.byte	16
 1201 0498 00       		.byte	0
 1202 0499 00       		.byte	0
 1203 049a 00       		.byte	0
 1204 049b 00       		.byte	0
 1205 049c 00       		.byte	0
 1206 049d 00       		.byte	0
 1207 049e 00       		.byte	0
 1208 049f 00       		.byte	0
 1209 04a0 00       		.byte	0
 1210 04a1 00       		.byte	0
 1211 04a2 00       		.byte	0
 1212 04a3 00       		.byte	0
 1213 04a4 00       		.byte	0
 1214 04a5 00       		.byte	0
 1215 04a6 00       		.byte	0
 1216 04a7 00       		.byte	0
 1217 04a8 00       		.byte	0
 1218 04a9 00       		.byte	0
 1219 04aa 00       		.byte	0
 1220 04ab 00       		.byte	0
 1221 04ac 41       		.byte	65
 1222 04ad 00       		.byte	0
 1223 04ae 00       		.byte	0
 1224 04af 00       		.byte	0
 1225 04b0 04       		.byte	4
 1226 04b1 04       		.byte	4
 1227 04b2 00       		.byte	0
 1228 04b3 04       		.byte	4
 1229 04b4 65       		.byte	101
 1230 04b5 20       		.byte	32
 1231 04b6 00       		.byte	0
 1232 04b7 01       		.byte	1
 1233 04b8 00       		.byte	0
 1234 04b9 00       		.byte	0
 1235 04ba 00       		.byte	0
 1236 04bb 00       		.byte	0
 1237 04bc 00       		.byte	0
 1238 04bd 00       		.byte	0
 1239 04be 00       		.byte	0
 1240 04bf 00       		.byte	0
 1241 04c0 00       		.byte	0
 1242 04c1 00       		.byte	0
 1243 04c2 00       		.byte	0
 1244 04c3 00       		.byte	0
 1245 04c4 00       		.byte	0
 1246 04c5 00       		.byte	0
 1247 04c6 00       		.byte	0
 1248 04c7 00       		.byte	0
 1249 04c8 00       		.byte	0
 1250 04c9 00       		.byte	0
 1251 04ca 00       		.byte	0
 1252 04cb 00       		.byte	0
 1253 04cc 00       		.byte	0
 1254 04cd 00       		.byte	0
ARM GAS  C:\Users\ggg88\AppData\Local\Temp\cc4OMrCc.s 			page 23


 1255 04ce 00       		.byte	0
 1256 04cf 00       		.byte	0
 1257 04d0 00       		.byte	0
 1258 04d1 00       		.byte	0
 1259 04d2 00       		.byte	0
 1260 04d3 00       		.byte	0
 1261 04d4 00       		.byte	0
 1262 04d5 00       		.byte	0
 1263 04d6 00       		.byte	0
 1264 04d7 00       		.byte	0
 1265 04d8 00       		.byte	0
 1266 04d9 00       		.byte	0
 1267 04da 00       		.byte	0
 1268 04db 00       		.byte	0
 1269 04dc 22       		.byte	34
 1270 04dd 00       		.byte	0
 1271 04de 00       		.byte	0
 1272 04df 00       		.byte	0
 1273 04e0 04       		.byte	4
 1274 04e1 00       		.byte	0
 1275 04e2 00       		.byte	0
 1276 04e3 00       		.byte	0
 1277 04e4 7F       		.byte	127
 1278 04e5 00       		.byte	0
 1279 04e6 00       		.byte	0
 1280 04e7 00       		.byte	0
 1281 04e8 0F       		.byte	15
 1282 04e9 00       		.byte	0
 1283 04ea 70       		.byte	112
 1284 04eb 00       		.byte	0
 1285 04ec 73       		.byte	115
 1286 04ed 00       		.byte	0
 1287 04ee 0C       		.byte	12
 1288 04ef 00       		.byte	0
 1289 04f0 00       		.byte	0
 1290 04f1 00       		.byte	0
 1291 04f2 73       		.byte	115
 1292 04f3 00       		.byte	0
 1293 04f4 4C       		.byte	76
 1294 04f5 00       		.byte	0
 1295 04f6 33       		.byte	51
 1296 04f7 00       		.byte	0
 1297 04f8 08       		.byte	8
 1298 04f9 00       		.byte	0
 1299 04fa 00       		.byte	0
 1300 04fb 00       		.byte	0
 1301 04fc 33       		.byte	51
 1302 04fd 00       		.byte	0
 1303 04fe 00       		.byte	0
 1304 04ff 00       		.byte	0
 1305 0500 0C       		.byte	12
 1306 0501 00       		.byte	0
 1307 0502 00       		.byte	0
 1308 0503 00       		.byte	0
 1309 0504 11       		.byte	17
 1310 0505 00       		.byte	0
 1311 0506 00       		.byte	0
ARM GAS  C:\Users\ggg88\AppData\Local\Temp\cc4OMrCc.s 			page 24


 1312 0507 00       		.byte	0
 1313 0508 30       		.byte	48
 1314 0509 00       		.byte	0
 1315 050a 00       		.byte	0
 1316 050b 00       		.byte	0
 1317 050c 0F       		.byte	15
 1318 050d 00       		.byte	0
 1319 050e 4C       		.byte	76
 1320 050f 00       		.byte	0
 1321 0510 00       		.byte	0
 1322 0511 00       		.byte	0
 1323 0512 20       		.byte	32
 1324 0513 00       		.byte	0
 1325 0514 00       		.byte	0
 1326 0515 00       		.byte	0
 1327 0516 00       		.byte	0
 1328 0517 00       		.byte	0
 1329 0518 00       		.byte	0
 1330 0519 00       		.byte	0
 1331 051a 00       		.byte	0
 1332 051b 00       		.byte	0
 1333 051c 00       		.byte	0
 1334 051d 00       		.byte	0
 1335 051e 00       		.byte	0
 1336 051f 00       		.byte	0
 1337 0520 00       		.byte	0
 1338 0521 00       		.byte	0
 1339 0522 00       		.byte	0
 1340 0523 00       		.byte	0
 1341 0524 00       		.byte	0
 1342 0525 00       		.byte	0
 1343 0526 00       		.byte	0
 1344 0527 00       		.byte	0
 1345 0528 00       		.byte	0
 1346 0529 00       		.byte	0
 1347 052a 00       		.byte	0
 1348 052b 00       		.byte	0
 1349 052c 00       		.byte	0
 1350 052d 00       		.byte	0
 1351 052e 08       		.byte	8
 1352 052f 00       		.byte	0
 1353 0530 04       		.byte	4
 1354 0531 04       		.byte	4
 1355 0532 00       		.byte	0
 1356 0533 04       		.byte	4
 1357 0534 53       		.byte	83
 1358 0535 20       		.byte	32
 1359 0536 00       		.byte	0
 1360 0537 01       		.byte	1
 1361 0538 00       		.byte	0
 1362 0539 00       		.byte	0
 1363 053a 00       		.byte	0
 1364 053b 00       		.byte	0
 1365 053c 00       		.byte	0
 1366 053d 00       		.byte	0
 1367 053e 00       		.byte	0
 1368 053f 00       		.byte	0
ARM GAS  C:\Users\ggg88\AppData\Local\Temp\cc4OMrCc.s 			page 25


 1369 0540 00       		.byte	0
 1370 0541 00       		.byte	0
 1371 0542 00       		.byte	0
 1372 0543 00       		.byte	0
 1373 0544 00       		.byte	0
 1374 0545 00       		.byte	0
 1375 0546 00       		.byte	0
 1376 0547 00       		.byte	0
 1377 0548 00       		.byte	0
 1378 0549 00       		.byte	0
 1379 054a 00       		.byte	0
 1380 054b 00       		.byte	0
 1381 054c 00       		.byte	0
 1382 054d 00       		.byte	0
 1383 054e 00       		.byte	0
 1384 054f 00       		.byte	0
 1385 0550 00       		.byte	0
 1386 0551 00       		.byte	0
 1387 0552 00       		.byte	0
 1388 0553 00       		.byte	0
 1389 0554 00       		.byte	0
 1390 0555 00       		.byte	0
 1391 0556 00       		.byte	0
 1392 0557 00       		.byte	0
 1393 0558 00       		.byte	0
 1394 0559 00       		.byte	0
 1395 055a 00       		.byte	0
 1396 055b 00       		.byte	0
 1397 055c 00       		.byte	0
 1398 055d 00       		.byte	0
 1399 055e 00       		.byte	0
 1400 055f 00       		.byte	0
 1401 0560 00       		.byte	0
 1402 0561 00       		.byte	0
 1403 0562 00       		.byte	0
 1404 0563 00       		.byte	0
 1405 0564 00       		.byte	0
 1406 0565 00       		.byte	0
 1407 0566 02       		.byte	2
 1408 0567 00       		.byte	0
 1409 0568 00       		.byte	0
 1410 0569 00       		.byte	0
 1411 056a 00       		.byte	0
 1412 056b 00       		.byte	0
 1413 056c 02       		.byte	2
 1414 056d 00       		.byte	0
 1415 056e 00       		.byte	0
 1416 056f 00       		.byte	0
 1417 0570 00       		.byte	0
 1418 0571 00       		.byte	0
 1419 0572 00       		.byte	0
 1420 0573 00       		.byte	0
 1421 0574 00       		.byte	0
 1422 0575 00       		.byte	0
 1423 0576 00       		.byte	0
 1424 0577 00       		.byte	0
 1425 0578 01       		.byte	1
ARM GAS  C:\Users\ggg88\AppData\Local\Temp\cc4OMrCc.s 			page 26


 1426 0579 00       		.byte	0
 1427 057a 00       		.byte	0
 1428 057b 00       		.byte	0
 1429 057c 01       		.byte	1
 1430 057d 00       		.byte	0
 1431 057e 00       		.byte	0
 1432 057f 00       		.byte	0
 1433 0580 01       		.byte	1
 1434 0581 00       		.byte	0
 1435 0582 00       		.byte	0
 1436 0583 00       		.byte	0
 1437 0584 00       		.byte	0
 1438 0585 00       		.byte	0
 1439 0586 00       		.byte	0
 1440 0587 00       		.byte	0
 1441 0588 02       		.byte	2
 1442 0589 00       		.byte	0
 1443 058a 00       		.byte	0
 1444 058b 00       		.byte	0
 1445 058c 01       		.byte	1
 1446 058d 00       		.byte	0
 1447 058e 00       		.byte	0
 1448 058f 00       		.byte	0
 1449 0590 00       		.byte	0
 1450 0591 00       		.byte	0
 1451 0592 00       		.byte	0
 1452 0593 00       		.byte	0
 1453 0594 00       		.byte	0
 1454 0595 00       		.byte	0
 1455 0596 01       		.byte	1
 1456 0597 00       		.byte	0
 1457 0598 00       		.byte	0
 1458 0599 00       		.byte	0
 1459 059a 00       		.byte	0
 1460 059b 00       		.byte	0
 1461 059c 00       		.byte	0
 1462 059d 00       		.byte	0
 1463 059e 00       		.byte	0
 1464 059f 00       		.byte	0
 1465 05a0 00       		.byte	0
 1466 05a1 00       		.byte	0
 1467 05a2 00       		.byte	0
 1468 05a3 00       		.byte	0
 1469 05a4 00       		.byte	0
 1470 05a5 00       		.byte	0
 1471 05a6 00       		.byte	0
 1472 05a7 00       		.byte	0
 1473 05a8 00       		.byte	0
 1474 05a9 00       		.byte	0
 1475 05aa 00       		.byte	0
 1476 05ab 00       		.byte	0
 1477 05ac 00       		.byte	0
 1478 05ad 00       		.byte	0
 1479 05ae 02       		.byte	2
 1480 05af 10       		.byte	16
 1481 05b0 04       		.byte	4
 1482 05b1 04       		.byte	4
ARM GAS  C:\Users\ggg88\AppData\Local\Temp\cc4OMrCc.s 			page 27


 1483 05b2 00       		.byte	0
 1484 05b3 04       		.byte	4
 1485 05b4 53       		.byte	83
 1486 05b5 30       		.byte	48
 1487 05b6 00       		.byte	0
 1488 05b7 01       		.byte	1
 1489 05b8 00       		.byte	0
 1490 05b9 00       		.byte	0
 1491 05ba 00       		.byte	0
 1492 05bb 00       		.byte	0
 1493 05bc 00       		.byte	0
 1494 05bd 00       		.byte	0
 1495 05be 00       		.byte	0
 1496 05bf 00       		.byte	0
 1497 05c0 00       		.byte	0
 1498 05c1 00       		.byte	0
 1499 05c2 00       		.byte	0
 1500 05c3 00       		.byte	0
 1501 05c4 00       		.byte	0
 1502 05c5 00       		.byte	0
 1503 05c6 00       		.byte	0
 1504 05c7 00       		.byte	0
 1505 05c8 00       		.byte	0
 1506 05c9 00       		.byte	0
 1507 05ca 00       		.byte	0
 1508 05cb 00       		.byte	0
 1509 05cc 00       		.byte	0
 1510 05cd 00       		.byte	0
 1511 05ce 00       		.byte	0
 1512 05cf 00       		.byte	0
 1513 05d0 00       		.byte	0
 1514 05d1 00       		.byte	0
 1515 05d2 00       		.byte	0
 1516 05d3 00       		.byte	0
 1517 05d4 00       		.byte	0
 1518 05d5 00       		.byte	0
 1519 05d6 00       		.byte	0
 1520 05d7 00       		.byte	0
 1521 05d8 00       		.byte	0
 1522 05d9 00       		.byte	0
 1523 05da 00       		.byte	0
 1524 05db 00       		.byte	0
 1525 05dc 00       		.byte	0
 1526 05dd 00       		.byte	0
 1527 05de 00       		.byte	0
 1528 05df 00       		.byte	0
 1529 05e0 00       		.byte	0
 1530 05e1 00       		.byte	0
 1531 05e2 00       		.byte	0
 1532 05e3 00       		.byte	0
 1533 05e4 00       		.byte	0
 1534 05e5 00       		.byte	0
 1535 05e6 00       		.byte	0
 1536 05e7 00       		.byte	0
 1537 05e8 01       		.byte	1
 1538 05e9 00       		.byte	0
 1539 05ea 00       		.byte	0
ARM GAS  C:\Users\ggg88\AppData\Local\Temp\cc4OMrCc.s 			page 28


 1540 05eb 00       		.byte	0
 1541 05ec 00       		.byte	0
 1542 05ed 00       		.byte	0
 1543 05ee 00       		.byte	0
 1544 05ef 00       		.byte	0
 1545 05f0 00       		.byte	0
 1546 05f1 00       		.byte	0
 1547 05f2 00       		.byte	0
 1548 05f3 00       		.byte	0
 1549 05f4 00       		.byte	0
 1550 05f5 00       		.byte	0
 1551 05f6 04       		.byte	4
 1552 05f7 01       		.byte	1
 1553 05f8 00       		.byte	0
 1554 05f9 00       		.byte	0
 1555 05fa 00       		.byte	0
 1556 05fb 00       		.byte	0
 1557 05fc 00       		.byte	0
 1558 05fd 00       		.byte	0
 1559 05fe 00       		.byte	0
 1560 05ff 00       		.byte	0
 1561 0600 06       		.byte	6
 1562 0601 00       		.byte	0
 1563 0602 00       		.byte	0
 1564 0603 00       		.byte	0
 1565 0604 00       		.byte	0
 1566 0605 00       		.byte	0
 1567 0606 00       		.byte	0
 1568 0607 00       		.byte	0
 1569 0608 01       		.byte	1
 1570 0609 00       		.byte	0
 1571 060a 04       		.byte	4
 1572 060b 01       		.byte	1
 1573 060c 00       		.byte	0
 1574 060d 00       		.byte	0
 1575 060e 02       		.byte	2
 1576 060f 00       		.byte	0
 1577 0610 00       		.byte	0
 1578 0611 00       		.byte	0
 1579 0612 00       		.byte	0
 1580 0613 00       		.byte	0
 1581 0614 00       		.byte	0
 1582 0615 00       		.byte	0
 1583 0616 45       		.byte	69
 1584 0617 00       		.byte	0
 1585 0618 03       		.byte	3
 1586 0619 05       		.byte	5
 1587 061a 30       		.byte	48
 1588 061b 00       		.byte	0
 1589 061c 01       		.byte	1
 1590 061d E0       		.byte	-32
 1591 061e CB       		.byte	-53
 1592 061f FD       		.byte	-3
 1593 0620 3E       		.byte	62
 1594 0621 FF       		.byte	-1
 1595 0622 FF       		.byte	-1
 1596 0623 FF       		.byte	-1
ARM GAS  C:\Users\ggg88\AppData\Local\Temp\cc4OMrCc.s 			page 29


 1597 0624 22       		.byte	34
 1598 0625 00       		.byte	0
 1599 0626 F0       		.byte	-16
 1600 0627 0C       		.byte	12
 1601 0628 8C       		.byte	-116
 1602 0629 10       		.byte	16
 1603 062a 00       		.byte	0
 1604 062b 00       		.byte	0
 1605 062c 20       		.byte	32
 1606 062d 00       		.byte	0
 1607 062e 04       		.byte	4
 1608 062f 00       		.byte	0
 1609 0630 04       		.byte	4
 1610 0631 04       		.byte	4
 1611 0632 24       		.byte	36
 1612 0633 04       		.byte	4
 1613 0634 50       		.byte	80
 1614 0635 28       		.byte	40
 1615 0636 00       		.byte	0
 1616 0637 01       		.byte	1
 1617 0638 00       		.byte	0
 1618 0639 00       		.byte	0
 1619 063a 00       		.byte	0
 1620 063b 00       		.byte	0
 1621 063c 00       		.byte	0
 1622 063d 00       		.byte	0
 1623 063e 00       		.byte	0
 1624 063f 00       		.byte	0
 1625 0640 40       		.byte	64
 1626 0641 01       		.byte	1
 1627 0642 C0       		.byte	-64
 1628 0643 01       		.byte	1
 1629 0644 00       		.byte	0
 1630 0645 00       		.byte	0
 1631 0646 00       		.byte	0
 1632 0647 00       		.byte	0
 1633 0648 00       		.byte	0
 1634 0649 00       		.byte	0
 1635 064a 00       		.byte	0
 1636 064b 00       		.byte	0
 1637 064c 00       		.byte	0
 1638 064d 00       		.byte	0
 1639 064e 00       		.byte	0
 1640 064f 00       		.byte	0
 1641 0650 00       		.byte	0
 1642 0651 00       		.byte	0
 1643 0652 00       		.byte	0
 1644 0653 00       		.byte	0
 1645 0654 00       		.byte	0
 1646 0655 00       		.byte	0
 1647 0656 00       		.byte	0
 1648 0657 00       		.byte	0
 1649 0658 00       		.byte	0
 1650 0659 04       		.byte	4
 1651 065a 00       		.byte	0
 1652 065b 00       		.byte	0
 1653 065c 00       		.byte	0
ARM GAS  C:\Users\ggg88\AppData\Local\Temp\cc4OMrCc.s 			page 30


 1654 065d 00       		.byte	0
 1655 065e 00       		.byte	0
 1656 065f 02       		.byte	2
 1657 0660 00       		.byte	0
 1658 0661 00       		.byte	0
 1659 0662 00       		.byte	0
 1660 0663 00       		.byte	0
 1661 0664 00       		.byte	0
 1662 0665 04       		.byte	4
 1663 0666 00       		.byte	0
 1664 0667 00       		.byte	0
 1665 0668 00       		.byte	0
 1666 0669 00       		.byte	0
 1667 066a 00       		.byte	0
 1668 066b 00       		.byte	0
 1669 066c 00       		.byte	0
 1670 066d 00       		.byte	0
 1671 066e 00       		.byte	0
 1672 066f 00       		.byte	0
 1673 0670 00       		.byte	0
 1674 0671 03       		.byte	3
 1675 0672 00       		.byte	0
 1676 0673 00       		.byte	0
 1677 0674 00       		.byte	0
 1678 0675 00       		.byte	0
 1679 0676 00       		.byte	0
 1680 0677 00       		.byte	0
 1681 0678 00       		.byte	0
 1682 0679 00       		.byte	0
 1683 067a 00       		.byte	0
 1684 067b 03       		.byte	3
 1685 067c 00       		.byte	0
 1686 067d 00       		.byte	0
 1687 067e 00       		.byte	0
 1688 067f 00       		.byte	0
 1689 0680 00       		.byte	0
 1690 0681 00       		.byte	0
 1691 0682 00       		.byte	0
 1692 0683 00       		.byte	0
 1693 0684 00       		.byte	0
 1694 0685 00       		.byte	0
 1695 0686 01       		.byte	1
 1696 0687 00       		.byte	0
 1697 0688 00       		.byte	0
 1698 0689 00       		.byte	0
 1699 068a 01       		.byte	1
 1700 068b 04       		.byte	4
 1701 068c 00       		.byte	0
 1702 068d 01       		.byte	1
 1703 068e 00       		.byte	0
 1704 068f 02       		.byte	2
 1705 0690 00       		.byte	0
 1706 0691 08       		.byte	8
 1707 0692 00       		.byte	0
 1708 0693 00       		.byte	0
 1709 0694 00       		.byte	0
 1710 0695 00       		.byte	0
ARM GAS  C:\Users\ggg88\AppData\Local\Temp\cc4OMrCc.s 			page 31


 1711 0696 00       		.byte	0
 1712 0697 54       		.byte	84
 1713 0698 00       		.byte	0
 1714 0699 00       		.byte	0
 1715 069a 00       		.byte	0
 1716 069b 00       		.byte	0
 1717 069c 00       		.byte	0
 1718 069d 00       		.byte	0
 1719 069e 00       		.byte	0
 1720 069f 00       		.byte	0
 1721 06a0 00       		.byte	0
 1722 06a1 00       		.byte	0
 1723 06a2 00       		.byte	0
 1724 06a3 00       		.byte	0
 1725 06a4 00       		.byte	0
 1726 06a5 00       		.byte	0
 1727 06a6 00       		.byte	0
 1728 06a7 00       		.byte	0
 1729 06a8 00       		.byte	0
 1730 06a9 00       		.byte	0
 1731 06aa 00       		.byte	0
 1732 06ab 00       		.byte	0
 1733 06ac 41       		.byte	65
 1734 06ad 00       		.byte	0
 1735 06ae 00       		.byte	0
 1736 06af 00       		.byte	0
 1737 06b0 04       		.byte	4
 1738 06b1 04       		.byte	4
 1739 06b2 00       		.byte	0
 1740 06b3 04       		.byte	4
 1741 06b4 55       		.byte	85
 1742 06b5 40       		.byte	64
 1743 06b6 00       		.byte	0
 1744 06b7 01       		.byte	1
 1745 06b8 00       		.byte	0
 1746 06b9 00       		.byte	0
 1747 06ba 00       		.byte	0
 1748 06bb 00       		.byte	0
 1749 06bc 00       		.byte	0
 1750 06bd 00       		.byte	0
 1751 06be 00       		.byte	0
 1752 06bf 00       		.byte	0
 1753 06c0 00       		.byte	0
 1754 06c1 00       		.byte	0
 1755 06c2 00       		.byte	0
 1756 06c3 00       		.byte	0
 1757 06c4 00       		.byte	0
 1758 06c5 00       		.byte	0
 1759 06c6 00       		.byte	0
 1760 06c7 00       		.byte	0
 1761 06c8 00       		.byte	0
 1762 06c9 00       		.byte	0
 1763 06ca 00       		.byte	0
 1764 06cb 00       		.byte	0
 1765 06cc 00       		.byte	0
 1766 06cd 00       		.byte	0
 1767 06ce 00       		.byte	0
ARM GAS  C:\Users\ggg88\AppData\Local\Temp\cc4OMrCc.s 			page 32


 1768 06cf 00       		.byte	0
 1769 06d0 00       		.byte	0
 1770 06d1 00       		.byte	0
 1771 06d2 00       		.byte	0
 1772 06d3 00       		.byte	0
 1773 06d4 00       		.byte	0
 1774 06d5 00       		.byte	0
 1775 06d6 00       		.byte	0
 1776 06d7 00       		.byte	0
 1777 06d8 00       		.byte	0
 1778 06d9 00       		.byte	0
 1779 06da 00       		.byte	0
 1780 06db 01       		.byte	1
 1781 06dc 00       		.byte	0
 1782 06dd 00       		.byte	0
 1783 06de 00       		.byte	0
 1784 06df 00       		.byte	0
 1785 06e0 00       		.byte	0
 1786 06e1 00       		.byte	0
 1787 06e2 00       		.byte	0
 1788 06e3 00       		.byte	0
 1789 06e4 00       		.byte	0
 1790 06e5 00       		.byte	0
 1791 06e6 01       		.byte	1
 1792 06e7 00       		.byte	0
 1793 06e8 00       		.byte	0
 1794 06e9 00       		.byte	0
 1795 06ea 00       		.byte	0
 1796 06eb 04       		.byte	4
 1797 06ec 00       		.byte	0
 1798 06ed 00       		.byte	0
 1799 06ee 00       		.byte	0
 1800 06ef 02       		.byte	2
 1801 06f0 00       		.byte	0
 1802 06f1 00       		.byte	0
 1803 06f2 00       		.byte	0
 1804 06f3 00       		.byte	0
 1805 06f4 00       		.byte	0
 1806 06f5 00       		.byte	0
 1807 06f6 02       		.byte	2
 1808 06f7 00       		.byte	0
 1809 06f8 00       		.byte	0
 1810 06f9 00       		.byte	0
 1811 06fa 00       		.byte	0
 1812 06fb 00       		.byte	0
 1813 06fc 00       		.byte	0
 1814 06fd 00       		.byte	0
 1815 06fe 00       		.byte	0
 1816 06ff 00       		.byte	0
 1817 0700 00       		.byte	0
 1818 0701 00       		.byte	0
 1819 0702 04       		.byte	4
 1820 0703 00       		.byte	0
 1821 0704 00       		.byte	0
 1822 0705 00       		.byte	0
 1823 0706 00       		.byte	0
 1824 0707 08       		.byte	8
ARM GAS  C:\Users\ggg88\AppData\Local\Temp\cc4OMrCc.s 			page 33


 1825 0708 04       		.byte	4
 1826 0709 04       		.byte	4
 1827 070a 02       		.byte	2
 1828 070b 02       		.byte	2
 1829 070c 00       		.byte	0
 1830 070d 01       		.byte	1
 1831 070e 01       		.byte	1
 1832 070f 08       		.byte	8
 1833 0710 00       		.byte	0
 1834 0711 00       		.byte	0
 1835 0712 00       		.byte	0
 1836 0713 00       		.byte	0
 1837 0714 00       		.byte	0
 1838 0715 00       		.byte	0
 1839 0716 00       		.byte	0
 1840 0717 00       		.byte	0
 1841 0718 00       		.byte	0
 1842 0719 00       		.byte	0
 1843 071a 00       		.byte	0
 1844 071b 00       		.byte	0
 1845 071c 00       		.byte	0
 1846 071d 00       		.byte	0
 1847 071e 00       		.byte	0
 1848 071f 00       		.byte	0
 1849 0720 00       		.byte	0
 1850 0721 00       		.byte	0
 1851 0722 00       		.byte	0
 1852 0723 00       		.byte	0
 1853 0724 00       		.byte	0
 1854 0725 00       		.byte	0
 1855 0726 00       		.byte	0
 1856 0727 00       		.byte	0
 1857 0728 00       		.byte	0
 1858 0729 00       		.byte	0
 1859 072a 00       		.byte	0
 1860 072b 00       		.byte	0
 1861 072c 00       		.byte	0
 1862 072d 00       		.byte	0
 1863 072e 00       		.byte	0
 1864 072f 00       		.byte	0
 1865 0730 04       		.byte	4
 1866 0731 04       		.byte	4
 1867 0732 00       		.byte	0
 1868 0733 04       		.byte	4
 1869 0734 66       		.byte	102
 1870 0735 00       		.byte	0
 1871 0736 00       		.byte	0
 1872 0737 01       		.byte	1
 1873 0738 00       		.byte	0
 1874 0739 00       		.byte	0
 1875 073a 00       		.byte	0
 1876 073b 00       		.byte	0
 1877 073c 00       		.byte	0
 1878 073d 00       		.byte	0
 1879 073e 00       		.byte	0
 1880 073f 00       		.byte	0
 1881 0740 00       		.byte	0
ARM GAS  C:\Users\ggg88\AppData\Local\Temp\cc4OMrCc.s 			page 34


 1882 0741 00       		.byte	0
 1883 0742 00       		.byte	0
 1884 0743 00       		.byte	0
 1885 0744 00       		.byte	0
 1886 0745 00       		.byte	0
 1887 0746 00       		.byte	0
 1888 0747 00       		.byte	0
 1889 0748 00       		.byte	0
 1890 0749 00       		.byte	0
 1891 074a 00       		.byte	0
 1892 074b 00       		.byte	0
 1893 074c 00       		.byte	0
 1894 074d 00       		.byte	0
 1895 074e 00       		.byte	0
 1896 074f 00       		.byte	0
 1897 0750 00       		.byte	0
 1898 0751 00       		.byte	0
 1899 0752 00       		.byte	0
 1900 0753 00       		.byte	0
 1901 0754 00       		.byte	0
 1902 0755 00       		.byte	0
 1903 0756 00       		.byte	0
 1904 0757 00       		.byte	0
 1905 0758 00       		.byte	0
 1906 0759 00       		.byte	0
 1907 075a 00       		.byte	0
 1908 075b 00       		.byte	0
 1909 075c 00       		.byte	0
 1910 075d 0B       		.byte	11
 1911 075e 00       		.byte	0
 1912 075f 20       		.byte	32
 1913 0760 00       		.byte	0
 1914 0761 0B       		.byte	11
 1915 0762 00       		.byte	0
 1916 0763 40       		.byte	64
 1917 0764 00       		.byte	0
 1918 0765 80       		.byte	-128
 1919 0766 00       		.byte	0
 1920 0767 0B       		.byte	11
 1921 0768 00       		.byte	0
 1922 0769 00       		.byte	0
 1923 076a 00       		.byte	0
 1924 076b F0       		.byte	-16
 1925 076c 00       		.byte	0
 1926 076d 00       		.byte	0
 1927 076e 00       		.byte	0
 1928 076f 00       		.byte	0
 1929 0770 00       		.byte	0
 1930 0771 00       		.byte	0
 1931 0772 00       		.byte	0
 1932 0773 01       		.byte	1
 1933 0774 00       		.byte	0
 1934 0775 0B       		.byte	11
 1935 0776 00       		.byte	0
 1936 0777 10       		.byte	16
 1937 0778 00       		.byte	0
 1938 0779 00       		.byte	0
ARM GAS  C:\Users\ggg88\AppData\Local\Temp\cc4OMrCc.s 			page 35


 1939 077a 00       		.byte	0
 1940 077b 0C       		.byte	12
 1941 077c 00       		.byte	0
 1942 077d 00       		.byte	0
 1943 077e 00       		.byte	0
 1944 077f 00       		.byte	0
 1945 0780 00       		.byte	0
 1946 0781 00       		.byte	0
 1947 0782 00       		.byte	0
 1948 0783 00       		.byte	0
 1949 0784 00       		.byte	0
 1950 0785 00       		.byte	0
 1951 0786 00       		.byte	0
 1952 0787 00       		.byte	0
 1953 0788 00       		.byte	0
 1954 0789 04       		.byte	4
 1955 078a 00       		.byte	0
 1956 078b 01       		.byte	1
 1957 078c 00       		.byte	0
 1958 078d F8       		.byte	-8
 1959 078e 00       		.byte	0
 1960 078f 02       		.byte	2
 1961 0790 00       		.byte	0
 1962 0791 00       		.byte	0
 1963 0792 00       		.byte	0
 1964 0793 00       		.byte	0
 1965 0794 00       		.byte	0
 1966 0795 00       		.byte	0
 1967 0796 00       		.byte	0
 1968 0797 54       		.byte	84
 1969 0798 05       		.byte	5
 1970 0799 01       		.byte	1
 1971 079a 50       		.byte	80
 1972 079b 00       		.byte	0
 1973 079c 02       		.byte	2
 1974 079d BF       		.byte	-65
 1975 079e DC       		.byte	-36
 1976 079f 0E       		.byte	14
 1977 07a0 1F       		.byte	31
 1978 07a1 FF       		.byte	-1
 1979 07a2 FF       		.byte	-1
 1980 07a3 FF       		.byte	-1
 1981 07a4 22       		.byte	34
 1982 07a5 00       		.byte	0
 1983 07a6 F0       		.byte	-16
 1984 07a7 0C       		.byte	12
 1985 07a8 8C       		.byte	-116
 1986 07a9 10       		.byte	16
 1987 07aa 00       		.byte	0
 1988 07ab 00       		.byte	0
 1989 07ac 00       		.byte	0
 1990 07ad 00       		.byte	0
 1991 07ae 02       		.byte	2
 1992 07af 20       		.byte	32
 1993 07b0 04       		.byte	4
 1994 07b1 04       		.byte	4
 1995 07b2 24       		.byte	36
ARM GAS  C:\Users\ggg88\AppData\Local\Temp\cc4OMrCc.s 			page 36


 1996 07b3 24       		.byte	36
 1997 07b4 85       		.byte	-123
 1998 07b5 88       		.byte	-120
 1999 07b6 08       		.byte	8
 2000 07b7 21       		.byte	33
 2001 07b8 00       		.byte	0
 2002 07b9 00       		.byte	0
 2003 07ba 00       		.byte	0
 2004 07bb 00       		.byte	0
 2005 07bc 00       		.byte	0
 2006 07bd 00       		.byte	0
 2007 07be 00       		.byte	0
 2008 07bf 00       		.byte	0
 2009 07c0 40       		.byte	64
 2010 07c1 01       		.byte	1
 2011 07c2 C0       		.byte	-64
 2012 07c3 01       		.byte	1
 2013 07c4 00       		.byte	0
 2014 07c5 00       		.byte	0
 2015 07c6 00       		.byte	0
 2016 07c7 00       		.byte	0
 2017 07c8 00       		.byte	0
 2018 07c9 00       		.byte	0
 2019 07ca 00       		.byte	0
 2020 07cb 00       		.byte	0
 2021 07cc 00       		.byte	0
 2022 07cd 00       		.byte	0
 2023 07ce 00       		.byte	0
 2024 07cf 00       		.byte	0
 2025 07d0 00       		.byte	0
 2026 07d1 00       		.byte	0
 2027 07d2 00       		.byte	0
 2028 07d3 00       		.byte	0
 2029 07d4 00       		.byte	0
 2030 07d5 00       		.byte	0
 2031 07d6 00       		.byte	0
 2032 07d7 00       		.byte	0
 2033 07d8 00       		.byte	0
 2034 07d9 00       		.byte	0
 2035 07da 00       		.byte	0
 2036 07db 00       		.byte	0
 2037 07dc 00       		.byte	0
 2038 07dd 00       		.byte	0
 2039 07de 00       		.byte	0
 2040 07df 00       		.byte	0
 2041 07e0 07       		.byte	7
 2042 07e1 00       		.byte	0
 2043 07e2 00       		.byte	0
 2044 07e3 00       		.byte	0
 2045 07e4 00       		.byte	0
 2046 07e5 00       		.byte	0
 2047 07e6 00       		.byte	0
 2048 07e7 00       		.byte	0
 2049 07e8 04       		.byte	4
 2050 07e9 00       		.byte	0
 2051 07ea 00       		.byte	0
 2052 07eb 00       		.byte	0
ARM GAS  C:\Users\ggg88\AppData\Local\Temp\cc4OMrCc.s 			page 37


 2053 07ec 00       		.byte	0
 2054 07ed 00       		.byte	0
 2055 07ee 07       		.byte	7
 2056 07ef 00       		.byte	0
 2057 07f0 00       		.byte	0
 2058 07f1 00       		.byte	0
 2059 07f2 02       		.byte	2
 2060 07f3 00       		.byte	0
 2061 07f4 00       		.byte	0
 2062 07f5 00       		.byte	0
 2063 07f6 00       		.byte	0
 2064 07f7 00       		.byte	0
 2065 07f8 00       		.byte	0
 2066 07f9 00       		.byte	0
 2067 07fa 00       		.byte	0
 2068 07fb 00       		.byte	0
 2069 07fc 01       		.byte	1
 2070 07fd 00       		.byte	0
 2071 07fe 00       		.byte	0
 2072 07ff 00       		.byte	0
 2073 0800 00       		.byte	0
 2074 0801 00       		.byte	0
 2075 0802 00       		.byte	0
 2076 0803 00       		.byte	0
 2077 0804 00       		.byte	0
 2078 0805 00       		.byte	0
 2079 0806 00       		.byte	0
 2080 0807 00       		.byte	0
 2081 0808 00       		.byte	0
 2082 0809 00       		.byte	0
 2083 080a 00       		.byte	0
 2084 080b 00       		.byte	0
 2085 080c 07       		.byte	7
 2086 080d 00       		.byte	0
 2087 080e 00       		.byte	0
 2088 080f 00       		.byte	0
 2089 0810 00       		.byte	0
 2090 0811 00       		.byte	0
 2091 0812 00       		.byte	0
 2092 0813 00       		.byte	0
 2093 0814 00       		.byte	0
 2094 0815 00       		.byte	0
 2095 0816 10       		.byte	16
 2096 0817 00       		.byte	0
 2097 0818 00       		.byte	0
 2098 0819 00       		.byte	0
 2099 081a 00       		.byte	0
 2100 081b 00       		.byte	0
 2101 081c 00       		.byte	0
 2102 081d 00       		.byte	0
 2103 081e 00       		.byte	0
 2104 081f 00       		.byte	0
 2105 0820 00       		.byte	0
 2106 0821 00       		.byte	0
 2107 0822 00       		.byte	0
 2108 0823 00       		.byte	0
 2109 0824 00       		.byte	0
ARM GAS  C:\Users\ggg88\AppData\Local\Temp\cc4OMrCc.s 			page 38


 2110 0825 00       		.byte	0
 2111 0826 00       		.byte	0
 2112 0827 00       		.byte	0
 2113 0828 00       		.byte	0
 2114 0829 00       		.byte	0
 2115 082a 00       		.byte	0
 2116 082b 00       		.byte	0
 2117 082c 00       		.byte	0
 2118 082d 00       		.byte	0
 2119 082e 08       		.byte	8
 2120 082f 00       		.byte	0
 2121 0830 04       		.byte	4
 2122 0831 04       		.byte	4
 2123 0832 00       		.byte	0
 2124 0833 04       		.byte	4
 2125 0834 50       		.byte	80
 2126 0835 90       		.byte	-112
 2127 0836 00       		.byte	0
 2128 0837 01       		.byte	1
 2129 0838 00       		.byte	0
 2130 0839 00       		.byte	0
 2131 083a 00       		.byte	0
 2132 083b 00       		.byte	0
 2133 083c 00       		.byte	0
 2134 083d 00       		.byte	0
 2135 083e 00       		.byte	0
 2136 083f 00       		.byte	0
 2137 0840 00       		.byte	0
 2138 0841 00       		.byte	0
 2139 0842 00       		.byte	0
 2140 0843 00       		.byte	0
 2141 0844 00       		.byte	0
 2142 0845 00       		.byte	0
 2143 0846 00       		.byte	0
 2144 0847 00       		.byte	0
 2145 0848 00       		.byte	0
 2146 0849 00       		.byte	0
 2147 084a 00       		.byte	0
 2148 084b 00       		.byte	0
 2149 084c 00       		.byte	0
 2150 084d 00       		.byte	0
 2151 084e 00       		.byte	0
 2152 084f 00       		.byte	0
 2153 0850 00       		.byte	0
 2154 0851 00       		.byte	0
 2155 0852 00       		.byte	0
 2156 0853 00       		.byte	0
 2157 0854 00       		.byte	0
 2158 0855 00       		.byte	0
 2159 0856 00       		.byte	0
 2160 0857 00       		.byte	0
 2161 0858 00       		.byte	0
 2162 0859 00       		.byte	0
 2163 085a 00       		.byte	0
 2164 085b 00       		.byte	0
 2165 085c 00       		.byte	0
 2166 085d 00       		.byte	0
ARM GAS  C:\Users\ggg88\AppData\Local\Temp\cc4OMrCc.s 			page 39


 2167 085e 00       		.byte	0
 2168 085f 00       		.byte	0
 2169 0860 00       		.byte	0
 2170 0861 00       		.byte	0
 2171 0862 00       		.byte	0
 2172 0863 00       		.byte	0
 2173 0864 00       		.byte	0
 2174 0865 01       		.byte	1
 2175 0866 00       		.byte	0
 2176 0867 00       		.byte	0
 2177 0868 00       		.byte	0
 2178 0869 00       		.byte	0
 2179 086a 00       		.byte	0
 2180 086b 01       		.byte	1
 2181 086c 00       		.byte	0
 2182 086d 00       		.byte	0
 2183 086e 00       		.byte	0
 2184 086f 00       		.byte	0
 2185 0870 00       		.byte	0
 2186 0871 01       		.byte	1
 2187 0872 00       		.byte	0
 2188 0873 00       		.byte	0
 2189 0874 00       		.byte	0
 2190 0875 01       		.byte	1
 2191 0876 00       		.byte	0
 2192 0877 00       		.byte	0
 2193 0878 00       		.byte	0
 2194 0879 01       		.byte	1
 2195 087a 00       		.byte	0
 2196 087b 00       		.byte	0
 2197 087c 00       		.byte	0
 2198 087d 01       		.byte	1
 2199 087e 00       		.byte	0
 2200 087f 00       		.byte	0
 2201 0880 00       		.byte	0
 2202 0881 00       		.byte	0
 2203 0882 00       		.byte	0
 2204 0883 00       		.byte	0
 2205 0884 00       		.byte	0
 2206 0885 00       		.byte	0
 2207 0886 00       		.byte	0
 2208 0887 01       		.byte	1
 2209 0888 00       		.byte	0
 2210 0889 00       		.byte	0
 2211 088a 00       		.byte	0
 2212 088b 00       		.byte	0
 2213 088c 00       		.byte	0
 2214 088d 01       		.byte	1
 2215 088e 00       		.byte	0
 2216 088f 00       		.byte	0
 2217 0890 00       		.byte	0
 2218 0891 00       		.byte	0
 2219 0892 00       		.byte	0
 2220 0893 00       		.byte	0
 2221 0894 00       		.byte	0
 2222 0895 00       		.byte	0
 2223 0896 00       		.byte	0
ARM GAS  C:\Users\ggg88\AppData\Local\Temp\cc4OMrCc.s 			page 40


 2224 0897 00       		.byte	0
 2225 0898 00       		.byte	0
 2226 0899 00       		.byte	0
 2227 089a 00       		.byte	0
 2228 089b 00       		.byte	0
 2229 089c 00       		.byte	0
 2230 089d 00       		.byte	0
 2231 089e 00       		.byte	0
 2232 089f 00       		.byte	0
 2233 08a0 00       		.byte	0
 2234 08a1 00       		.byte	0
 2235 08a2 00       		.byte	0
 2236 08a3 00       		.byte	0
 2237 08a4 00       		.byte	0
 2238 08a5 00       		.byte	0
 2239 08a6 00       		.byte	0
 2240 08a7 00       		.byte	0
 2241 08a8 00       		.byte	0
 2242 08a9 00       		.byte	0
 2243 08aa 00       		.byte	0
 2244 08ab 00       		.byte	0
 2245 08ac 00       		.byte	0
 2246 08ad 00       		.byte	0
 2247 08ae 08       		.byte	8
 2248 08af 00       		.byte	0
 2249 08b0 04       		.byte	4
 2250 08b1 04       		.byte	4
 2251 08b2 00       		.byte	0
 2252 08b3 04       		.byte	4
 2253 08b4 55       		.byte	85
 2254 08b5 20       		.byte	32
 2255 08b6 00       		.byte	0
 2256 08b7 01       		.byte	1
 2257 08b8 00       		.byte	0
 2258 08b9 00       		.byte	0
 2259 08ba 00       		.byte	0
 2260 08bb 00       		.byte	0
 2261 08bc 00       		.byte	0
 2262 08bd 00       		.byte	0
 2263 08be 00       		.byte	0
 2264 08bf 00       		.byte	0
 2265 08c0 00       		.byte	0
 2266 08c1 00       		.byte	0
 2267 08c2 00       		.byte	0
 2268 08c3 00       		.byte	0
 2269 08c4 00       		.byte	0
 2270 08c5 00       		.byte	0
 2271 08c6 00       		.byte	0
 2272 08c7 00       		.byte	0
 2273 08c8 00       		.byte	0
 2274 08c9 00       		.byte	0
 2275 08ca 00       		.byte	0
 2276 08cb 00       		.byte	0
 2277 08cc 00       		.byte	0
 2278 08cd 00       		.byte	0
 2279 08ce 00       		.byte	0
 2280 08cf 00       		.byte	0
ARM GAS  C:\Users\ggg88\AppData\Local\Temp\cc4OMrCc.s 			page 41


 2281 08d0 00       		.byte	0
 2282 08d1 00       		.byte	0
 2283 08d2 00       		.byte	0
 2284 08d3 00       		.byte	0
 2285 08d4 00       		.byte	0
 2286 08d5 00       		.byte	0
 2287 08d6 00       		.byte	0
 2288 08d7 00       		.byte	0
 2289 08d8 00       		.byte	0
 2290 08d9 00       		.byte	0
 2291 08da 00       		.byte	0
 2292 08db 01       		.byte	1
 2293 08dc 04       		.byte	4
 2294 08dd 00       		.byte	0
 2295 08de 00       		.byte	0
 2296 08df 00       		.byte	0
 2297 08e0 00       		.byte	0
 2298 08e1 00       		.byte	0
 2299 08e2 00       		.byte	0
 2300 08e3 00       		.byte	0
 2301 08e4 00       		.byte	0
 2302 08e5 00       		.byte	0
 2303 08e6 00       		.byte	0
 2304 08e7 00       		.byte	0
 2305 08e8 00       		.byte	0
 2306 08e9 00       		.byte	0
 2307 08ea 00       		.byte	0
 2308 08eb 00       		.byte	0
 2309 08ec 00       		.byte	0
 2310 08ed 00       		.byte	0
 2311 08ee 00       		.byte	0
 2312 08ef 00       		.byte	0
 2313 08f0 00       		.byte	0
 2314 08f1 00       		.byte	0
 2315 08f2 00       		.byte	0
 2316 08f3 00       		.byte	0
 2317 08f4 00       		.byte	0
 2318 08f5 00       		.byte	0
 2319 08f6 01       		.byte	1
 2320 08f7 00       		.byte	0
 2321 08f8 00       		.byte	0
 2322 08f9 00       		.byte	0
 2323 08fa 02       		.byte	2
 2324 08fb 00       		.byte	0
 2325 08fc 00       		.byte	0
 2326 08fd 00       		.byte	0
 2327 08fe 00       		.byte	0
 2328 08ff 00       		.byte	0
 2329 0900 00       		.byte	0
 2330 0901 00       		.byte	0
 2331 0902 00       		.byte	0
 2332 0903 00       		.byte	0
 2333 0904 00       		.byte	0
 2334 0905 00       		.byte	0
 2335 0906 00       		.byte	0
 2336 0907 00       		.byte	0
 2337 0908 02       		.byte	2
ARM GAS  C:\Users\ggg88\AppData\Local\Temp\cc4OMrCc.s 			page 42


 2338 0909 00       		.byte	0
 2339 090a 00       		.byte	0
 2340 090b 00       		.byte	0
 2341 090c 01       		.byte	1
 2342 090d 01       		.byte	1
 2343 090e 04       		.byte	4
 2344 090f 00       		.byte	0
 2345 0910 00       		.byte	0
 2346 0911 00       		.byte	0
 2347 0912 00       		.byte	0
 2348 0913 00       		.byte	0
 2349 0914 00       		.byte	0
 2350 0915 00       		.byte	0
 2351 0916 40       		.byte	64
 2352 0917 00       		.byte	0
 2353 0918 00       		.byte	0
 2354 0919 00       		.byte	0
 2355 091a 00       		.byte	0
 2356 091b 00       		.byte	0
 2357 091c 00       		.byte	0
 2358 091d 00       		.byte	0
 2359 091e 00       		.byte	0
 2360 091f 00       		.byte	0
 2361 0920 00       		.byte	0
 2362 0921 00       		.byte	0
 2363 0922 00       		.byte	0
 2364 0923 00       		.byte	0
 2365 0924 00       		.byte	0
 2366 0925 00       		.byte	0
 2367 0926 00       		.byte	0
 2368 0927 00       		.byte	0
 2369 0928 00       		.byte	0
 2370 0929 00       		.byte	0
 2371 092a 00       		.byte	0
 2372 092b 00       		.byte	0
 2373 092c 00       		.byte	0
 2374 092d 00       		.byte	0
 2375 092e 08       		.byte	8
 2376 092f 00       		.byte	0
 2377 0930 04       		.byte	4
 2378 0931 04       		.byte	4
 2379 0932 00       		.byte	0
 2380 0933 04       		.byte	4
 2381 0934 55       		.byte	85
 2382 0935 40       		.byte	64
 2383 0936 00       		.byte	0
 2384 0937 01       		.byte	1
 2385 0938 00       		.byte	0
 2386 0939 00       		.byte	0
 2387 093a 00       		.byte	0
 2388 093b 00       		.byte	0
 2389 093c 00       		.byte	0
 2390 093d 00       		.byte	0
 2391 093e 00       		.byte	0
 2392 093f 00       		.byte	0
 2393 0940 00       		.byte	0
 2394 0941 00       		.byte	0
ARM GAS  C:\Users\ggg88\AppData\Local\Temp\cc4OMrCc.s 			page 43


 2395 0942 00       		.byte	0
 2396 0943 00       		.byte	0
 2397 0944 00       		.byte	0
 2398 0945 00       		.byte	0
 2399 0946 00       		.byte	0
 2400 0947 00       		.byte	0
 2401 0948 00       		.byte	0
 2402 0949 00       		.byte	0
 2403 094a 00       		.byte	0
 2404 094b 00       		.byte	0
 2405 094c 00       		.byte	0
 2406 094d 00       		.byte	0
 2407 094e 00       		.byte	0
 2408 094f 00       		.byte	0
 2409 0950 00       		.byte	0
 2410 0951 00       		.byte	0
 2411 0952 00       		.byte	0
 2412 0953 00       		.byte	0
 2413 0954 00       		.byte	0
 2414 0955 00       		.byte	0
 2415 0956 00       		.byte	0
 2416 0957 00       		.byte	0
 2417 0958 40       		.byte	64
 2418 0959 00       		.byte	0
 2419 095a 80       		.byte	-128
 2420 095b 00       		.byte	0
 2421 095c 10       		.byte	16
 2422 095d 00       		.byte	0
 2423 095e 20       		.byte	32
 2424 095f 00       		.byte	0
 2425 0960 01       		.byte	1
 2426 0961 00       		.byte	0
 2427 0962 00       		.byte	0
 2428 0963 00       		.byte	0
 2429 0964 80       		.byte	-128
 2430 0965 00       		.byte	0
 2431 0966 40       		.byte	64
 2432 0967 00       		.byte	0
 2433 0968 00       		.byte	0
 2434 0969 00       		.byte	0
 2435 096a 01       		.byte	1
 2436 096b 00       		.byte	0
 2437 096c 00       		.byte	0
 2438 096d 00       		.byte	0
 2439 096e 02       		.byte	2
 2440 096f 00       		.byte	0
 2441 0970 00       		.byte	0
 2442 0971 00       		.byte	0
 2443 0972 04       		.byte	4
 2444 0973 00       		.byte	0
 2445 0974 00       		.byte	0
 2446 0975 00       		.byte	0
 2447 0976 08       		.byte	8
 2448 0977 00       		.byte	0
 2449 0978 02       		.byte	2
 2450 0979 00       		.byte	0
 2451 097a 00       		.byte	0
ARM GAS  C:\Users\ggg88\AppData\Local\Temp\cc4OMrCc.s 			page 44


 2452 097b 00       		.byte	0
 2453 097c 20       		.byte	32
 2454 097d 00       		.byte	0
 2455 097e 10       		.byte	16
 2456 097f 00       		.byte	0
 2457 0980 08       		.byte	8
 2458 0981 00       		.byte	0
 2459 0982 00       		.byte	0
 2460 0983 00       		.byte	0
 2461 0984 04       		.byte	4
 2462 0985 00       		.byte	0
 2463 0986 00       		.byte	0
 2464 0987 00       		.byte	0
 2465 0988 00       		.byte	0
 2466 0989 00       		.byte	0
 2467 098a FF       		.byte	-1
 2468 098b 00       		.byte	0
 2469 098c 00       		.byte	0
 2470 098d 00       		.byte	0
 2471 098e 00       		.byte	0
 2472 098f 00       		.byte	0
 2473 0990 00       		.byte	0
 2474 0991 00       		.byte	0
 2475 0992 02       		.byte	2
 2476 0993 00       		.byte	0
 2477 0994 00       		.byte	0
 2478 0995 00       		.byte	0
 2479 0996 04       		.byte	4
 2480 0997 00       		.byte	0
 2481 0998 00       		.byte	0
 2482 0999 00       		.byte	0
 2483 099a 00       		.byte	0
 2484 099b 00       		.byte	0
 2485 099c 00       		.byte	0
 2486 099d 00       		.byte	0
 2487 099e 00       		.byte	0
 2488 099f 00       		.byte	0
 2489 09a0 00       		.byte	0
 2490 09a1 00       		.byte	0
 2491 09a2 00       		.byte	0
 2492 09a3 00       		.byte	0
 2493 09a4 00       		.byte	0
 2494 09a5 00       		.byte	0
 2495 09a6 00       		.byte	0
 2496 09a7 00       		.byte	0
 2497 09a8 00       		.byte	0
 2498 09a9 00       		.byte	0
 2499 09aa 00       		.byte	0
 2500 09ab 00       		.byte	0
 2501 09ac 00       		.byte	0
 2502 09ad 00       		.byte	0
 2503 09ae 02       		.byte	2
 2504 09af 38       		.byte	56
 2505 09b0 04       		.byte	4
 2506 09b1 04       		.byte	4
 2507 09b2 00       		.byte	0
 2508 09b3 0F       		.byte	15
ARM GAS  C:\Users\ggg88\AppData\Local\Temp\cc4OMrCc.s 			page 45


 2509 09b4 53       		.byte	83
 2510 09b5 50       		.byte	80
 2511 09b6 00       		.byte	0
 2512 09b7 01       		.byte	1
 2513 09b8 00       		.byte	0
 2514 09b9 00       		.byte	0
 2515 09ba 00       		.byte	0
 2516 09bb 00       		.byte	0
 2517 09bc 00       		.byte	0
 2518 09bd 00       		.byte	0
 2519 09be 00       		.byte	0
 2520 09bf 00       		.byte	0
 2521 09c0 00       		.byte	0
 2522 09c1 00       		.byte	0
 2523 09c2 00       		.byte	0
 2524 09c3 00       		.byte	0
 2525 09c4 00       		.byte	0
 2526 09c5 00       		.byte	0
 2527 09c6 00       		.byte	0
 2528 09c7 00       		.byte	0
 2529 09c8 00       		.byte	0
 2530 09c9 00       		.byte	0
 2531 09ca 00       		.byte	0
 2532 09cb 00       		.byte	0
 2533 09cc 00       		.byte	0
 2534 09cd 00       		.byte	0
 2535 09ce 00       		.byte	0
 2536 09cf 00       		.byte	0
 2537 09d0 00       		.byte	0
 2538 09d1 00       		.byte	0
 2539 09d2 00       		.byte	0
 2540 09d3 00       		.byte	0
 2541 09d4 00       		.byte	0
 2542 09d5 00       		.byte	0
 2543 09d6 00       		.byte	0
 2544 09d7 00       		.byte	0
 2545 09d8 00       		.byte	0
 2546 09d9 00       		.byte	0
 2547 09da 01       		.byte	1
 2548 09db 00       		.byte	0
 2549 09dc 00       		.byte	0
 2550 09dd 01       		.byte	1
 2551 09de 00       		.byte	0
 2552 09df 00       		.byte	0
 2553 09e0 00       		.byte	0
 2554 09e1 00       		.byte	0
 2555 09e2 00       		.byte	0
 2556 09e3 00       		.byte	0
 2557 09e4 00       		.byte	0
 2558 09e5 04       		.byte	4
 2559 09e6 00       		.byte	0
 2560 09e7 00       		.byte	0
 2561 09e8 00       		.byte	0
 2562 09e9 00       		.byte	0
 2563 09ea 02       		.byte	2
 2564 09eb 00       		.byte	0
 2565 09ec 00       		.byte	0
ARM GAS  C:\Users\ggg88\AppData\Local\Temp\cc4OMrCc.s 			page 46


 2566 09ed 04       		.byte	4
 2567 09ee 00       		.byte	0
 2568 09ef 00       		.byte	0
 2569 09f0 01       		.byte	1
 2570 09f1 00       		.byte	0
 2571 09f2 00       		.byte	0
 2572 09f3 00       		.byte	0
 2573 09f4 00       		.byte	0
 2574 09f5 00       		.byte	0
 2575 09f6 00       		.byte	0
 2576 09f7 00       		.byte	0
 2577 09f8 00       		.byte	0
 2578 09f9 00       		.byte	0
 2579 09fa 00       		.byte	0
 2580 09fb 03       		.byte	3
 2581 09fc 00       		.byte	0
 2582 09fd 00       		.byte	0
 2583 09fe 00       		.byte	0
 2584 09ff 00       		.byte	0
 2585 0a00 00       		.byte	0
 2586 0a01 04       		.byte	4
 2587 0a02 00       		.byte	0
 2588 0a03 00       		.byte	0
 2589 0a04 00       		.byte	0
 2590 0a05 04       		.byte	4
 2591 0a06 00       		.byte	0
 2592 0a07 00       		.byte	0
 2593 0a08 03       		.byte	3
 2594 0a09 00       		.byte	0
 2595 0a0a 00       		.byte	0
 2596 0a0b 02       		.byte	2
 2597 0a0c 00       		.byte	0
 2598 0a0d 01       		.byte	1
 2599 0a0e 00       		.byte	0
 2600 0a0f 04       		.byte	4
 2601 0a10 00       		.byte	0
 2602 0a11 00       		.byte	0
 2603 0a12 00       		.byte	0
 2604 0a13 00       		.byte	0
 2605 0a14 00       		.byte	0
 2606 0a15 00       		.byte	0
 2607 0a16 00       		.byte	0
 2608 0a17 40       		.byte	64
 2609 0a18 00       		.byte	0
 2610 0a19 00       		.byte	0
 2611 0a1a 00       		.byte	0
 2612 0a1b 00       		.byte	0
 2613 0a1c 00       		.byte	0
 2614 0a1d 00       		.byte	0
 2615 0a1e 00       		.byte	0
 2616 0a1f 00       		.byte	0
 2617 0a20 00       		.byte	0
 2618 0a21 00       		.byte	0
 2619 0a22 00       		.byte	0
 2620 0a23 00       		.byte	0
 2621 0a24 00       		.byte	0
 2622 0a25 00       		.byte	0
ARM GAS  C:\Users\ggg88\AppData\Local\Temp\cc4OMrCc.s 			page 47


 2623 0a26 00       		.byte	0
 2624 0a27 00       		.byte	0
 2625 0a28 00       		.byte	0
 2626 0a29 00       		.byte	0
 2627 0a2a 00       		.byte	0
 2628 0a2b 00       		.byte	0
 2629 0a2c 00       		.byte	0
 2630 0a2d 00       		.byte	0
 2631 0a2e 08       		.byte	8
 2632 0a2f 00       		.byte	0
 2633 0a30 04       		.byte	4
 2634 0a31 0D       		.byte	13
 2635 0a32 00       		.byte	0
 2636 0a33 04       		.byte	4
 2637 0a34 59       		.byte	89
 2638 0a35 90       		.byte	-112
 2639 0a36 00       		.byte	0
 2640 0a37 01       		.byte	1
 2641 0a38 00       		.byte	0
 2642 0a39 00       		.byte	0
 2643 0a3a 00       		.byte	0
 2644 0a3b 00       		.byte	0
 2645 0a3c 00       		.byte	0
 2646 0a3d 00       		.byte	0
 2647 0a3e 00       		.byte	0
 2648 0a3f 00       		.byte	0
 2649 0a40 00       		.byte	0
 2650 0a41 00       		.byte	0
 2651 0a42 00       		.byte	0
 2652 0a43 00       		.byte	0
 2653 0a44 00       		.byte	0
 2654 0a45 00       		.byte	0
 2655 0a46 00       		.byte	0
 2656 0a47 00       		.byte	0
 2657 0a48 00       		.byte	0
 2658 0a49 00       		.byte	0
 2659 0a4a 00       		.byte	0
 2660 0a4b 00       		.byte	0
 2661 0a4c 00       		.byte	0
 2662 0a4d 00       		.byte	0
 2663 0a4e 00       		.byte	0
 2664 0a4f 00       		.byte	0
 2665 0a50 00       		.byte	0
 2666 0a51 00       		.byte	0
 2667 0a52 00       		.byte	0
 2668 0a53 00       		.byte	0
 2669 0a54 00       		.byte	0
 2670 0a55 00       		.byte	0
 2671 0a56 00       		.byte	0
 2672 0a57 00       		.byte	0
 2673 0a58 00       		.byte	0
 2674 0a59 00       		.byte	0
 2675 0a5a 00       		.byte	0
 2676 0a5b 00       		.byte	0
 2677 0a5c 14       		.byte	20
 2678 0a5d 06       		.byte	6
 2679 0a5e 89       		.byte	-119
ARM GAS  C:\Users\ggg88\AppData\Local\Temp\cc4OMrCc.s 			page 48


 2680 0a5f 00       		.byte	0
 2681 0a60 00       		.byte	0
 2682 0a61 02       		.byte	2
 2683 0a62 00       		.byte	0
 2684 0a63 00       		.byte	0
 2685 0a64 0A       		.byte	10
 2686 0a65 04       		.byte	4
 2687 0a66 91       		.byte	-111
 2688 0a67 00       		.byte	0
 2689 0a68 00       		.byte	0
 2690 0a69 00       		.byte	0
 2691 0a6a 00       		.byte	0
 2692 0a6b 40       		.byte	64
 2693 0a6c 01       		.byte	1
 2694 0a6d 46       		.byte	70
 2695 0a6e 46       		.byte	70
 2696 0a6f 29       		.byte	41
 2697 0a70 00       		.byte	0
 2698 0a71 40       		.byte	64
 2699 0a72 20       		.byte	32
 2700 0a73 80       		.byte	-128
 2701 0a74 00       		.byte	0
 2702 0a75 46       		.byte	70
 2703 0a76 20       		.byte	32
 2704 0a77 19       		.byte	25
 2705 0a78 00       		.byte	0
 2706 0a79 00       		.byte	0
 2707 0a7a 00       		.byte	0
 2708 0a7b 00       		.byte	0
 2709 0a7c 1F       		.byte	31
 2710 0a7d 00       		.byte	0
 2711 0a7e 00       		.byte	0
 2712 0a7f 31       		.byte	49
 2713 0a80 1F       		.byte	31
 2714 0a81 79       		.byte	121
 2715 0a82 00       		.byte	0
 2716 0a83 06       		.byte	6
 2717 0a84 00       		.byte	0
 2718 0a85 7F       		.byte	127
 2719 0a86 00       		.byte	0
 2720 0a87 00       		.byte	0
 2721 0a88 18       		.byte	24
 2722 0a89 80       		.byte	-128
 2723 0a8a 07       		.byte	7
 2724 0a8b 76       		.byte	118
 2725 0a8c 20       		.byte	32
 2726 0a8d 08       		.byte	8
 2727 0a8e C0       		.byte	-64
 2728 0a8f 07       		.byte	7
 2729 0a90 00       		.byte	0
 2730 0a91 20       		.byte	32
 2731 0a92 00       		.byte	0
 2732 0a93 88       		.byte	-120
 2733 0a94 00       		.byte	0
 2734 0a95 00       		.byte	0
 2735 0a96 50       		.byte	80
 2736 0a97 00       		.byte	0
ARM GAS  C:\Users\ggg88\AppData\Local\Temp\cc4OMrCc.s 			page 49


 2737 0a98 62       		.byte	98
 2738 0a99 01       		.byte	1
 2739 0a9a 05       		.byte	5
 2740 0a9b 00       		.byte	0
 2741 0a9c 04       		.byte	4
 2742 0a9d C0       		.byte	-64
 2743 0a9e 00       		.byte	0
 2744 0a9f E0       		.byte	-32
 2745 0aa0 22       		.byte	34
 2746 0aa1 FF       		.byte	-1
 2747 0aa2 FF       		.byte	-1
 2748 0aa3 FF       		.byte	-1
 2749 0aa4 62       		.byte	98
 2750 0aa5 A0       		.byte	-96
 2751 0aa6 F0       		.byte	-16
 2752 0aa7 41       		.byte	65
 2753 0aa8 0C       		.byte	12
 2754 0aa9 00       		.byte	0
 2755 0aaa 00       		.byte	0
 2756 0aab 00       		.byte	0
 2757 0aac 18       		.byte	24
 2758 0aad 00       		.byte	0
 2759 0aae 04       		.byte	4
 2760 0aaf 00       		.byte	0
 2761 0ab0 04       		.byte	4
 2762 0ab1 04       		.byte	4
 2763 0ab2 04       		.byte	4
 2764 0ab3 04       		.byte	4
 2765 0ab4 33       		.byte	51
 2766 0ab5 33       		.byte	51
 2767 0ab6 00       		.byte	0
 2768 0ab7 01       		.byte	1
 2769 0ab8 00       		.byte	0
 2770 0ab9 00       		.byte	0
 2771 0aba 00       		.byte	0
 2772 0abb 00       		.byte	0
 2773 0abc 00       		.byte	0
 2774 0abd 00       		.byte	0
 2775 0abe 40       		.byte	64
 2776 0abf 02       		.byte	2
 2777 0ac0 00       		.byte	0
 2778 0ac1 10       		.byte	16
 2779 0ac2 30       		.byte	48
 2780 0ac3 10       		.byte	16
 2781 0ac4 00       		.byte	0
 2782 0ac5 10       		.byte	16
 2783 0ac6 10       		.byte	16
 2784 0ac7 12       		.byte	18
 2785 0ac8 00       		.byte	0
 2786 0ac9 00       		.byte	0
 2787 0aca 00       		.byte	0
 2788 0acb 00       		.byte	0
 2789 0acc 00       		.byte	0
 2790 0acd 00       		.byte	0
 2791 0ace 00       		.byte	0
 2792 0acf 00       		.byte	0
 2793 0ad0 00       		.byte	0
ARM GAS  C:\Users\ggg88\AppData\Local\Temp\cc4OMrCc.s 			page 50


 2794 0ad1 00       		.byte	0
 2795 0ad2 00       		.byte	0
 2796 0ad3 00       		.byte	0
 2797 0ad4 00       		.byte	0
 2798 0ad5 00       		.byte	0
 2799 0ad6 00       		.byte	0
 2800 0ad7 00       		.byte	0
 2801 0ad8 00       		.byte	0
 2802 0ad9 00       		.byte	0
 2803 0ada 00       		.byte	0
 2804 0adb 00       		.byte	0
 2805 0adc 00       		.byte	0
 2806 0add 00       		.byte	0
 2807 0ade 00       		.byte	0
 2808 0adf 00       		.byte	0
 2809 0ae0 00       		.byte	0
 2810 0ae1 00       		.byte	0
 2811 0ae2 00       		.byte	0
 2812 0ae3 00       		.byte	0
 2813 0ae4 00       		.byte	0
 2814 0ae5 00       		.byte	0
 2815 0ae6 00       		.byte	0
 2816 0ae7 00       		.byte	0
 2817 0ae8 00       		.byte	0
 2818 0ae9 00       		.byte	0
 2819 0aea 00       		.byte	0
 2820 0aeb 01       		.byte	1
 2821 0aec 00       		.byte	0
 2822 0aed 00       		.byte	0
 2823 0aee 00       		.byte	0
 2824 0aef 00       		.byte	0
 2825 0af0 00       		.byte	0
 2826 0af1 00       		.byte	0
 2827 0af2 00       		.byte	0
 2828 0af3 00       		.byte	0
 2829 0af4 00       		.byte	0
 2830 0af5 00       		.byte	0
 2831 0af6 00       		.byte	0
 2832 0af7 00       		.byte	0
 2833 0af8 00       		.byte	0
 2834 0af9 00       		.byte	0
 2835 0afa 00       		.byte	0
 2836 0afb 01       		.byte	1
 2837 0afc 00       		.byte	0
 2838 0afd 02       		.byte	2
 2839 0afe 00       		.byte	0
 2840 0aff 00       		.byte	0
 2841 0b00 00       		.byte	0
 2842 0b01 00       		.byte	0
 2843 0b02 00       		.byte	0
 2844 0b03 00       		.byte	0
 2845 0b04 00       		.byte	0
 2846 0b05 00       		.byte	0
 2847 0b06 00       		.byte	0
 2848 0b07 00       		.byte	0
 2849 0b08 00       		.byte	0
 2850 0b09 00       		.byte	0
ARM GAS  C:\Users\ggg88\AppData\Local\Temp\cc4OMrCc.s 			page 51


 2851 0b0a 00       		.byte	0
 2852 0b0b 00       		.byte	0
 2853 0b0c 00       		.byte	0
 2854 0b0d 02       		.byte	2
 2855 0b0e 00       		.byte	0
 2856 0b0f 01       		.byte	1
 2857 0b10 00       		.byte	0
 2858 0b11 00       		.byte	0
 2859 0b12 00       		.byte	0
 2860 0b13 00       		.byte	0
 2861 0b14 00       		.byte	0
 2862 0b15 00       		.byte	0
 2863 0b16 00       		.byte	0
 2864 0b17 50       		.byte	80
 2865 0b18 00       		.byte	0
 2866 0b19 00       		.byte	0
 2867 0b1a 00       		.byte	0
 2868 0b1b 00       		.byte	0
 2869 0b1c 00       		.byte	0
 2870 0b1d 00       		.byte	0
 2871 0b1e 00       		.byte	0
 2872 0b1f 00       		.byte	0
 2873 0b20 00       		.byte	0
 2874 0b21 00       		.byte	0
 2875 0b22 00       		.byte	0
 2876 0b23 00       		.byte	0
 2877 0b24 00       		.byte	0
 2878 0b25 00       		.byte	0
 2879 0b26 00       		.byte	0
 2880 0b27 00       		.byte	0
 2881 0b28 00       		.byte	0
 2882 0b29 00       		.byte	0
 2883 0b2a 00       		.byte	0
 2884 0b2b 00       		.byte	0
 2885 0b2c 01       		.byte	1
 2886 0b2d 00       		.byte	0
 2887 0b2e 00       		.byte	0
 2888 0b2f 00       		.byte	0
 2889 0b30 04       		.byte	4
 2890 0b31 04       		.byte	4
 2891 0b32 00       		.byte	0
 2892 0b33 0F       		.byte	15
 2893 0b34 05       		.byte	5
 2894 0b35 50       		.byte	80
 2895 0b36 00       		.byte	0
 2896 0b37 01       		.byte	1
 2897 0b38 00       		.byte	0
 2898 0b39 00       		.byte	0
 2899 0b3a 00       		.byte	0
 2900 0b3b 00       		.byte	0
 2901 0b3c 00       		.byte	0
 2902 0b3d 00       		.byte	0
 2903 0b3e 00       		.byte	0
 2904 0b3f 00       		.byte	0
 2905 0b40 00       		.byte	0
 2906 0b41 00       		.byte	0
 2907 0b42 00       		.byte	0
ARM GAS  C:\Users\ggg88\AppData\Local\Temp\cc4OMrCc.s 			page 52


 2908 0b43 00       		.byte	0
 2909 0b44 00       		.byte	0
 2910 0b45 00       		.byte	0
 2911 0b46 00       		.byte	0
 2912 0b47 00       		.byte	0
 2913 0b48 00       		.byte	0
 2914 0b49 00       		.byte	0
 2915 0b4a 00       		.byte	0
 2916 0b4b 00       		.byte	0
 2917 0b4c 00       		.byte	0
 2918 0b4d 00       		.byte	0
 2919 0b4e 00       		.byte	0
 2920 0b4f 00       		.byte	0
 2921 0b50 00       		.byte	0
 2922 0b51 00       		.byte	0
 2923 0b52 00       		.byte	0
 2924 0b53 00       		.byte	0
 2925 0b54 00       		.byte	0
 2926 0b55 00       		.byte	0
 2927 0b56 00       		.byte	0
 2928 0b57 00       		.byte	0
 2929 0b58 00       		.byte	0
 2930 0b59 00       		.byte	0
 2931 0b5a 00       		.byte	0
 2932 0b5b 00       		.byte	0
 2933 0b5c 00       		.byte	0
 2934 0b5d 00       		.byte	0
 2935 0b5e 00       		.byte	0
 2936 0b5f 00       		.byte	0
 2937 0b60 00       		.byte	0
 2938 0b61 00       		.byte	0
 2939 0b62 00       		.byte	0
 2940 0b63 00       		.byte	0
 2941 0b64 00       		.byte	0
 2942 0b65 00       		.byte	0
 2943 0b66 00       		.byte	0
 2944 0b67 00       		.byte	0
 2945 0b68 00       		.byte	0
 2946 0b69 0F       		.byte	15
 2947 0b6a 00       		.byte	0
 2948 0b6b 00       		.byte	0
 2949 0b6c 07       		.byte	7
 2950 0b6d 00       		.byte	0
 2951 0b6e 00       		.byte	0
 2952 0b6f 78       		.byte	120
 2953 0b70 47       		.byte	71
 2954 0b71 00       		.byte	0
 2955 0b72 72       		.byte	114
 2956 0b73 78       		.byte	120
 2957 0b74 47       		.byte	71
 2958 0b75 00       		.byte	0
 2959 0b76 00       		.byte	0
 2960 0b77 00       		.byte	0
 2961 0b78 00       		.byte	0
 2962 0b79 00       		.byte	0
 2963 0b7a 00       		.byte	0
 2964 0b7b 00       		.byte	0
ARM GAS  C:\Users\ggg88\AppData\Local\Temp\cc4OMrCc.s 			page 53


 2965 0b7c 00       		.byte	0
 2966 0b7d 00       		.byte	0
 2967 0b7e 00       		.byte	0
 2968 0b7f 00       		.byte	0
 2969 0b80 00       		.byte	0
 2970 0b81 00       		.byte	0
 2971 0b82 00       		.byte	0
 2972 0b83 00       		.byte	0
 2973 0b84 00       		.byte	0
 2974 0b85 00       		.byte	0
 2975 0b86 00       		.byte	0
 2976 0b87 00       		.byte	0
 2977 0b88 00       		.byte	0
 2978 0b89 00       		.byte	0
 2979 0b8a 00       		.byte	0
 2980 0b8b 00       		.byte	0
 2981 0b8c 07       		.byte	7
 2982 0b8d 00       		.byte	0
 2983 0b8e 00       		.byte	0
 2984 0b8f 00       		.byte	0
 2985 0b90 03       		.byte	3
 2986 0b91 00       		.byte	0
 2987 0b92 38       		.byte	56
 2988 0b93 00       		.byte	0
 2989 0b94 00       		.byte	0
 2990 0b95 00       		.byte	0
 2991 0b96 00       		.byte	0
 2992 0b97 00       		.byte	0
 2993 0b98 3C       		.byte	60
 2994 0b99 01       		.byte	1
 2995 0b9a 14       		.byte	20
 2996 0b9b 00       		.byte	0
 2997 0b9c 00       		.byte	0
 2998 0b9d 00       		.byte	0
 2999 0b9e 00       		.byte	0
 3000 0b9f 00       		.byte	0
 3001 0ba0 00       		.byte	0
 3002 0ba1 00       		.byte	0
 3003 0ba2 34       		.byte	52
 3004 0ba3 01       		.byte	1
 3005 0ba4 28       		.byte	40
 3006 0ba5 01       		.byte	1
 3007 0ba6 00       		.byte	0
 3008 0ba7 00       		.byte	0
 3009 0ba8 7E       		.byte	126
 3010 0ba9 01       		.byte	1
 3011 0baa 14       		.byte	20
 3012 0bab 00       		.byte	0
 3013 0bac 00       		.byte	0
 3014 0bad 00       		.byte	0
 3015 0bae 00       		.byte	0
 3016 0baf 00       		.byte	0
 3017 0bb0 22       		.byte	34
 3018 0bb1 00       		.byte	0
 3019 0bb2 36       		.byte	54
 3020 0bb3 01       		.byte	1
 3021 0bb4 6C       		.byte	108
ARM GAS  C:\Users\ggg88\AppData\Local\Temp\cc4OMrCc.s 			page 54


 3022 0bb5 00       		.byte	0
 3023 0bb6 70       		.byte	112
 3024 0bb7 00       		.byte	0
 3025 0bb8 00       		.byte	0
 3026 0bb9 00       		.byte	0
 3027 0bba 00       		.byte	0
 3028 0bbb 02       		.byte	2
 3029 0bbc 00       		.byte	0
 3030 0bbd 00       		.byte	0
 3031 0bbe 22       		.byte	34
 3032 0bbf 00       		.byte	0
 3033 0bc0 00       		.byte	0
 3034 0bc1 00       		.byte	0
 3035 0bc2 00       		.byte	0
 3036 0bc3 00       		.byte	0
 3037 0bc4 02       		.byte	2
 3038 0bc5 00       		.byte	0
 3039 0bc6 00       		.byte	0
 3040 0bc7 01       		.byte	1
 3041 0bc8 00       		.byte	0
 3042 0bc9 00       		.byte	0
 3043 0bca 00       		.byte	0
 3044 0bcb 00       		.byte	0
 3045 0bcc 00       		.byte	0
 3046 0bcd 00       		.byte	0
 3047 0bce 00       		.byte	0
 3048 0bcf 00       		.byte	0
 3049 0bd0 00       		.byte	0
 3050 0bd1 00       		.byte	0
 3051 0bd2 00       		.byte	0
 3052 0bd3 00       		.byte	0
 3053 0bd4 00       		.byte	0
 3054 0bd5 00       		.byte	0
 3055 0bd6 00       		.byte	0
 3056 0bd7 00       		.byte	0
 3057 0bd8 00       		.byte	0
 3058 0bd9 00       		.byte	0
 3059 0bda 00       		.byte	0
 3060 0bdb 00       		.byte	0
 3061 0bdc 00       		.byte	0
 3062 0bdd 00       		.byte	0
 3063 0bde 00       		.byte	0
 3064 0bdf 00       		.byte	0
 3065 0be0 00       		.byte	0
 3066 0be1 00       		.byte	0
 3067 0be2 00       		.byte	0
 3068 0be3 00       		.byte	0
 3069 0be4 00       		.byte	0
 3070 0be5 00       		.byte	0
 3071 0be6 00       		.byte	0
 3072 0be7 00       		.byte	0
 3073 0be8 00       		.byte	0
 3074 0be9 00       		.byte	0
 3075 0bea 00       		.byte	0
 3076 0beb 00       		.byte	0
 3077 0bec 00       		.byte	0
 3078 0bed 00       		.byte	0
ARM GAS  C:\Users\ggg88\AppData\Local\Temp\cc4OMrCc.s 			page 55


 3079 0bee 00       		.byte	0
 3080 0bef 00       		.byte	0
 3081 0bf0 00       		.byte	0
 3082 0bf1 00       		.byte	0
 3083 0bf2 00       		.byte	0
 3084 0bf3 00       		.byte	0
 3085 0bf4 00       		.byte	0
 3086 0bf5 00       		.byte	0
 3087 0bf6 00       		.byte	0
 3088 0bf7 00       		.byte	0
 3089 0bf8 00       		.byte	0
 3090 0bf9 00       		.byte	0
 3091 0bfa 00       		.byte	0
 3092 0bfb 00       		.byte	0
 3093 0bfc 00       		.byte	0
 3094 0bfd 00       		.byte	0
 3095 0bfe 00       		.byte	0
 3096 0bff 00       		.byte	0
 3097 0c00 00       		.byte	0
 3098 0c01 00       		.byte	0
 3099 0c02 00       		.byte	0
 3100 0c03 00       		.byte	0
 3101 0c04 00       		.byte	0
 3102 0c05 00       		.byte	0
 3103 0c06 00       		.byte	0
 3104 0c07 00       		.byte	0
 3105 0c08 00       		.byte	0
 3106 0c09 00       		.byte	0
 3107 0c0a 00       		.byte	0
 3108 0c0b 00       		.byte	0
 3109 0c0c 00       		.byte	0
 3110 0c0d 04       		.byte	4
 3111 0c0e 00       		.byte	0
 3112 0c0f 00       		.byte	0
 3113 0c10 00       		.byte	0
 3114 0c11 00       		.byte	0
 3115 0c12 00       		.byte	0
 3116 0c13 00       		.byte	0
 3117 0c14 00       		.byte	0
 3118 0c15 00       		.byte	0
 3119 0c16 00       		.byte	0
 3120 0c17 00       		.byte	0
 3121 0c18 00       		.byte	0
 3122 0c19 00       		.byte	0
 3123 0c1a 00       		.byte	0
 3124 0c1b 00       		.byte	0
 3125 0c1c 00       		.byte	0
 3126 0c1d 00       		.byte	0
 3127 0c1e 00       		.byte	0
 3128 0c1f 00       		.byte	0
 3129 0c20 00       		.byte	0
 3130 0c21 00       		.byte	0
 3131 0c22 00       		.byte	0
 3132 0c23 00       		.byte	0
 3133 0c24 00       		.byte	0
 3134 0c25 00       		.byte	0
 3135 0c26 00       		.byte	0
ARM GAS  C:\Users\ggg88\AppData\Local\Temp\cc4OMrCc.s 			page 56


 3136 0c27 00       		.byte	0
 3137 0c28 00       		.byte	0
 3138 0c29 00       		.byte	0
 3139 0c2a 00       		.byte	0
 3140 0c2b 00       		.byte	0
 3141 0c2c 00       		.byte	0
 3142 0c2d 00       		.byte	0
 3143 0c2e 00       		.byte	0
 3144 0c2f 00       		.byte	0
 3145 0c30 00       		.byte	0
 3146 0c31 00       		.byte	0
 3147 0c32 00       		.byte	0
 3148 0c33 00       		.byte	0
 3149 0c34 00       		.byte	0
 3150 0c35 00       		.byte	0
 3151 0c36 00       		.byte	0
 3152 0c37 00       		.byte	0
 3153 0c38 00       		.byte	0
 3154 0c39 00       		.byte	0
 3155 0c3a 02       		.byte	2
 3156 0c3b 00       		.byte	0
 3157 0c3c 00       		.byte	0
 3158 0c3d 00       		.byte	0
 3159 0c3e 00       		.byte	0
 3160 0c3f 00       		.byte	0
 3161 0c40 02       		.byte	2
 3162 0c41 00       		.byte	0
 3163 0c42 00       		.byte	0
 3164 0c43 00       		.byte	0
 3165 0c44 00       		.byte	0
 3166 0c45 00       		.byte	0
 3167 0c46 00       		.byte	0
 3168 0c47 02       		.byte	2
 3169 0c48 00       		.byte	0
 3170 0c49 00       		.byte	0
 3171 0c4a 00       		.byte	0
 3172 0c4b 00       		.byte	0
 3173 0c4c 00       		.byte	0
 3174 0c4d 00       		.byte	0
 3175 0c4e 00       		.byte	0
 3176 0c4f 01       		.byte	1
 3177 0c50 00       		.byte	0
 3178 0c51 00       		.byte	0
 3179 0c52 00       		.byte	0
 3180 0c53 00       		.byte	0
 3181 0c54 02       		.byte	2
 3182 0c55 00       		.byte	0
 3183 0c56 20       		.byte	32
 3184 0c57 00       		.byte	0
 3185 0c58 00       		.byte	0
 3186 0c59 04       		.byte	4
 3187 0c5a 00       		.byte	0
 3188 0c5b 00       		.byte	0
 3189 0c5c 02       		.byte	2
 3190 0c5d 00       		.byte	0
 3191 0c5e 00       		.byte	0
 3192 0c5f 00       		.byte	0
ARM GAS  C:\Users\ggg88\AppData\Local\Temp\cc4OMrCc.s 			page 57


 3193 0c60 00       		.byte	0
 3194 0c61 00       		.byte	0
 3195 0c62 00       		.byte	0
 3196 0c63 00       		.byte	0
 3197 0c64 00       		.byte	0
 3198 0c65 00       		.byte	0
 3199 0c66 00       		.byte	0
 3200 0c67 00       		.byte	0
 3201 0c68 40       		.byte	64
 3202 0c69 00       		.byte	0
 3203 0c6a 00       		.byte	0
 3204 0c6b 00       		.byte	0
 3205 0c6c 10       		.byte	16
 3206 0c6d 00       		.byte	0
 3207 0c6e 00       		.byte	0
 3208 0c6f 00       		.byte	0
 3209 0c70 00       		.byte	0
 3210 0c71 00       		.byte	0
 3211 0c72 00       		.byte	0
 3212 0c73 00       		.byte	0
 3213 0c74 00       		.byte	0
 3214 0c75 00       		.byte	0
 3215 0c76 00       		.byte	0
 3216 0c77 00       		.byte	0
 3217 0c78 07       		.byte	7
 3218 0c79 00       		.byte	0
 3219 0c7a 05       		.byte	5
 3220 0c7b 00       		.byte	0
 3221 0c7c 00       		.byte	0
 3222 0c7d 00       		.byte	0
 3223 0c7e 00       		.byte	0
 3224 0c7f 00       		.byte	0
 3225 0c80 00       		.byte	0
 3226 0c81 00       		.byte	0
 3227 0c82 00       		.byte	0
 3228 0c83 00       		.byte	0
 3229 0c84 00       		.byte	0
 3230 0c85 00       		.byte	0
 3231 0c86 00       		.byte	0
 3232 0c87 00       		.byte	0
 3233 0c88 00       		.byte	0
 3234 0c89 00       		.byte	0
 3235 0c8a 00       		.byte	0
 3236 0c8b 00       		.byte	0
 3237 0c8c 02       		.byte	2
 3238 0c8d 00       		.byte	0
 3239 0c8e 00       		.byte	0
 3240 0c8f 00       		.byte	0
 3241 0c90 00       		.byte	0
 3242 0c91 00       		.byte	0
 3243 0c92 00       		.byte	0
 3244 0c93 00       		.byte	0
 3245 0c94 00       		.byte	0
 3246 0c95 00       		.byte	0
 3247 0c96 00       		.byte	0
 3248 0c97 00       		.byte	0
 3249 0c98 04       		.byte	4
ARM GAS  C:\Users\ggg88\AppData\Local\Temp\cc4OMrCc.s 			page 58


 3250 0c99 00       		.byte	0
 3251 0c9a 00       		.byte	0
 3252 0c9b 00       		.byte	0
 3253 0c9c 00       		.byte	0
 3254 0c9d 00       		.byte	0
 3255 0c9e 02       		.byte	2
 3256 0c9f 00       		.byte	0
 3257 0ca0 08       		.byte	8
 3258 0ca1 00       		.byte	0
 3259 0ca2 01       		.byte	1
 3260 0ca3 00       		.byte	0
 3261 0ca4 00       		.byte	0
 3262 0ca5 00       		.byte	0
 3263 0ca6 00       		.byte	0
 3264 0ca7 00       		.byte	0
 3265 0ca8 00       		.byte	0
 3266 0ca9 00       		.byte	0
 3267 0caa 00       		.byte	0
 3268 0cab 00       		.byte	0
 3269 0cac 00       		.byte	0
 3270 0cad 00       		.byte	0
 3271 0cae 00       		.byte	0
 3272 0caf 00       		.byte	0
 3273 0cb0 00       		.byte	0
 3274 0cb1 00       		.byte	0
 3275 0cb2 00       		.byte	0
 3276 0cb3 00       		.byte	0
 3277 0cb4 00       		.byte	0
 3278 0cb5 00       		.byte	0
 3279 0cb6 00       		.byte	0
 3280 0cb7 00       		.byte	0
 3281 0cb8 00       		.byte	0
 3282 0cb9 20       		.byte	32
 3283 0cba 00       		.byte	0
 3284 0cbb 00       		.byte	0
 3285 0cbc 00       		.byte	0
 3286 0cbd 10       		.byte	16
 3287 0cbe 00       		.byte	0
 3288 0cbf 00       		.byte	0
 3289 0cc0 20       		.byte	32
 3290 0cc1 00       		.byte	0
 3291 0cc2 00       		.byte	0
 3292 0cc3 80       		.byte	-128
 3293 0cc4 01       		.byte	1
 3294 0cc5 00       		.byte	0
 3295 0cc6 00       		.byte	0
 3296 0cc7 00       		.byte	0
 3297 0cc8 00       		.byte	0
 3298 0cc9 00       		.byte	0
 3299 0cca 20       		.byte	32
 3300 0ccb 10       		.byte	16
 3301 0ccc 40       		.byte	64
 3302 0ccd 00       		.byte	0
 3303 0cce 00       		.byte	0
 3304 0ccf 00       		.byte	0
 3305 0cd0 00       		.byte	0
 3306 0cd1 00       		.byte	0
ARM GAS  C:\Users\ggg88\AppData\Local\Temp\cc4OMrCc.s 			page 59


 3307 0cd2 00       		.byte	0
 3308 0cd3 00       		.byte	0
 3309 0cd4 00       		.byte	0
 3310 0cd5 00       		.byte	0
 3311 0cd6 00       		.byte	0
 3312 0cd7 00       		.byte	0
 3313 0cd8 00       		.byte	0
 3314 0cd9 00       		.byte	0
 3315 0cda 00       		.byte	0
 3316 0cdb 00       		.byte	0
 3317 0cdc 00       		.byte	0
 3318 0cdd 00       		.byte	0
 3319 0cde 00       		.byte	0
 3320 0cdf 00       		.byte	0
 3321 0ce0 00       		.byte	0
 3322 0ce1 00       		.byte	0
 3323 0ce2 00       		.byte	0
 3324 0ce3 00       		.byte	0
 3325 0ce4 00       		.byte	0
 3326 0ce5 00       		.byte	0
 3327 0ce6 00       		.byte	0
 3328 0ce7 00       		.byte	0
 3329 0ce8 00       		.byte	0
 3330 0ce9 00       		.byte	0
 3331 0cea 00       		.byte	0
 3332 0ceb 00       		.byte	0
 3333 0cec 00       		.byte	0
 3334 0ced 00       		.byte	0
 3335 0cee 00       		.byte	0
 3336 0cef 00       		.byte	0
 3337 0cf0 00       		.byte	0
 3338 0cf1 00       		.byte	0
 3339 0cf2 00       		.byte	0
 3340 0cf3 00       		.byte	0
 3341 0cf4 00       		.byte	0
 3342 0cf5 00       		.byte	0
 3343 0cf6 00       		.byte	0
 3344 0cf7 00       		.byte	0
 3345 0cf8 00       		.byte	0
 3346 0cf9 00       		.byte	0
 3347 0cfa 00       		.byte	0
 3348 0cfb 00       		.byte	0
 3349 0cfc 00       		.byte	0
 3350 0cfd 00       		.byte	0
 3351 0cfe 00       		.byte	0
 3352 0cff 00       		.byte	0
 3353 0d00 00       		.byte	0
 3354 0d01 00       		.byte	0
 3355 0d02 00       		.byte	0
 3356 0d03 00       		.byte	0
 3357 0d04 00       		.byte	0
 3358 0d05 00       		.byte	0
 3359 0d06 00       		.byte	0
 3360 0d07 00       		.byte	0
 3361 0d08 00       		.byte	0
 3362 0d09 00       		.byte	0
 3363 0d0a 00       		.byte	0
ARM GAS  C:\Users\ggg88\AppData\Local\Temp\cc4OMrCc.s 			page 60


 3364 0d0b 00       		.byte	0
 3365 0d0c 00       		.byte	0
 3366 0d0d 00       		.byte	0
 3367 0d0e 00       		.byte	0
 3368 0d0f 00       		.byte	0
 3369 0d10 00       		.byte	0
 3370 0d11 00       		.byte	0
 3371 0d12 00       		.byte	0
 3372 0d13 00       		.byte	0
 3373 0d14 00       		.byte	0
 3374 0d15 00       		.byte	0
 3375 0d16 00       		.byte	0
 3376 0d17 00       		.byte	0
 3377 0d18 00       		.byte	0
 3378 0d19 00       		.byte	0
 3379 0d1a 00       		.byte	0
 3380 0d1b 00       		.byte	0
 3381 0d1c 00       		.byte	0
 3382 0d1d 00       		.byte	0
 3383 0d1e 00       		.byte	0
 3384 0d1f 00       		.byte	0
 3385 0d20 00       		.byte	0
 3386 0d21 00       		.byte	0
 3387 0d22 00       		.byte	0
 3388 0d23 00       		.byte	0
 3389 0d24 00       		.byte	0
 3390 0d25 00       		.byte	0
 3391 0d26 00       		.byte	0
 3392 0d27 00       		.byte	0
 3393 0d28 00       		.byte	0
 3394 0d29 00       		.byte	0
 3395 0d2a 00       		.byte	0
 3396 0d2b 00       		.byte	0
 3397 0d2c 00       		.byte	0
 3398 0d2d 00       		.byte	0
 3399 0d2e 00       		.byte	0
 3400 0d2f 00       		.byte	0
 3401 0d30 00       		.byte	0
 3402 0d31 00       		.byte	0
 3403 0d32 00       		.byte	0
 3404 0d33 20       		.byte	32
 3405 0d34 10       		.byte	16
 3406 0d35 00       		.byte	0
 3407 0d36 00       		.byte	0
 3408 0d37 00       		.byte	0
 3409 0d38 00       		.byte	0
 3410 0d39 00       		.byte	0
 3411 0d3a 00       		.byte	0
 3412 0d3b 00       		.byte	0
 3413 0d3c 00       		.byte	0
 3414 0d3d 00       		.byte	0
 3415 0d3e 20       		.byte	32
 3416 0d3f 20       		.byte	32
 3417 0d40 00       		.byte	0
 3418 0d41 00       		.byte	0
 3419 0d42 20       		.byte	32
 3420 0d43 00       		.byte	0
ARM GAS  C:\Users\ggg88\AppData\Local\Temp\cc4OMrCc.s 			page 61


 3421 0d44 00       		.byte	0
 3422 0d45 00       		.byte	0
 3423 0d46 00       		.byte	0
 3424 0d47 00       		.byte	0
 3425 0d48 00       		.byte	0
 3426 0d49 00       		.byte	0
 3427 0d4a 00       		.byte	0
 3428 0d4b 00       		.byte	0
 3429 0d4c 00       		.byte	0
 3430 0d4d 00       		.byte	0
 3431 0d4e 00       		.byte	0
 3432 0d4f 91       		.byte	-111
 3433 0d50 00       		.byte	0
 3434 0d51 00       		.byte	0
 3435 0d52 00       		.byte	0
 3436 0d53 00       		.byte	0
 3437 0d54 23       		.byte	35
 3438 0d55 30       		.byte	48
 3439 0d56 00       		.byte	0
 3440 0d57 00       		.byte	0
 3441 0d58 00       		.byte	0
 3442 0d59 04       		.byte	4
 3443 0d5a 00       		.byte	0
 3444 0d5b 00       		.byte	0
 3445 0d5c 02       		.byte	2
 3446 0d5d 00       		.byte	0
 3447 0d5e 00       		.byte	0
 3448 0d5f 00       		.byte	0
 3449 0d60 00       		.byte	0
 3450 0d61 10       		.byte	16
 3451 0d62 00       		.byte	0
 3452 0d63 00       		.byte	0
 3453 0d64 00       		.byte	0
 3454 0d65 00       		.byte	0
 3455 0d66 00       		.byte	0
 3456 0d67 00       		.byte	0
 3457 0d68 00       		.byte	0
 3458 0d69 04       		.byte	4
 3459 0d6a 00       		.byte	0
 3460 0d6b 00       		.byte	0
 3461 0d6c 00       		.byte	0
 3462 0d6d 00       		.byte	0
 3463 0d6e 00       		.byte	0
 3464 0d6f 00       		.byte	0
 3465 0d70 00       		.byte	0
 3466 0d71 00       		.byte	0
 3467 0d72 00       		.byte	0
 3468 0d73 00       		.byte	0
 3469 0d74 00       		.byte	0
 3470 0d75 00       		.byte	0
 3471 0d76 00       		.byte	0
 3472 0d77 00       		.byte	0
 3473 0d78 03       		.byte	3
 3474 0d79 00       		.byte	0
 3475 0d7a 0E       		.byte	14
 3476 0d7b 00       		.byte	0
 3477 0d7c 0E       		.byte	14
ARM GAS  C:\Users\ggg88\AppData\Local\Temp\cc4OMrCc.s 			page 62


 3478 0d7d 00       		.byte	0
 3479 0d7e 00       		.byte	0
 3480 0d7f 00       		.byte	0
 3481 0d80 00       		.byte	0
 3482 0d81 00       		.byte	0
 3483 0d82 00       		.byte	0
 3484 0d83 00       		.byte	0
 3485 0d84 00       		.byte	0
 3486 0d85 00       		.byte	0
 3487 0d86 00       		.byte	0
 3488 0d87 00       		.byte	0
 3489 0d88 00       		.byte	0
 3490 0d89 00       		.byte	0
 3491 0d8a 00       		.byte	0
 3492 0d8b 00       		.byte	0
 3493 0d8c 00       		.byte	0
 3494 0d8d 00       		.byte	0
 3495 0d8e 00       		.byte	0
 3496 0d8f 00       		.byte	0
 3497 0d90 00       		.byte	0
 3498 0d91 00       		.byte	0
 3499 0d92 00       		.byte	0
 3500 0d93 00       		.byte	0
 3501 0d94 00       		.byte	0
 3502 0d95 00       		.byte	0
 3503 0d96 03       		.byte	3
 3504 0d97 00       		.byte	0
 3505 0d98 00       		.byte	0
 3506 0d99 00       		.byte	0
 3507 0d9a 00       		.byte	0
 3508 0d9b 00       		.byte	0
 3509 0d9c 00       		.byte	0
 3510 0d9d 00       		.byte	0
 3511 0d9e 01       		.byte	1
 3512 0d9f 00       		.byte	0
 3513 0da0 00       		.byte	0
 3514 0da1 00       		.byte	0
 3515 0da2 00       		.byte	0
 3516 0da3 00       		.byte	0
 3517 0da4 00       		.byte	0
 3518 0da5 00       		.byte	0
 3519 0da6 01       		.byte	1
 3520 0da7 00       		.byte	0
 3521 0da8 00       		.byte	0
 3522 0da9 00       		.byte	0
 3523 0daa 00       		.byte	0
 3524 0dab 00       		.byte	0
 3525 0dac 00       		.byte	0
 3526 0dad 00       		.byte	0
 3527 0dae 00       		.byte	0
 3528 0daf 00       		.byte	0
 3529 0db0 00       		.byte	0
 3530 0db1 00       		.byte	0
 3531 0db2 00       		.byte	0
 3532 0db3 00       		.byte	0
 3533 0db4 00       		.byte	0
 3534 0db5 00       		.byte	0
ARM GAS  C:\Users\ggg88\AppData\Local\Temp\cc4OMrCc.s 			page 63


 3535 0db6 00       		.byte	0
 3536 0db7 00       		.byte	0
 3537 0db8 00       		.byte	0
 3538 0db9 00       		.byte	0
 3539 0dba 00       		.byte	0
 3540 0dbb 00       		.byte	0
 3541 0dbc 00       		.byte	0
 3542 0dbd 00       		.byte	0
 3543 0dbe 00       		.byte	0
 3544 0dbf 00       		.byte	0
 3545 0dc0 00       		.byte	0
 3546 0dc1 00       		.byte	0
 3547 0dc2 10       		.byte	16
 3548 0dc3 00       		.byte	0
 3549 0dc4 00       		.byte	0
 3550 0dc5 04       		.byte	4
 3551 0dc6 00       		.byte	0
 3552 0dc7 00       		.byte	0
 3553 0dc8 00       		.byte	0
 3554 0dc9 00       		.byte	0
 3555 0dca 00       		.byte	0
 3556 0dcb 00       		.byte	0
 3557 0dcc 00       		.byte	0
 3558 0dcd 00       		.byte	0
 3559 0dce 00       		.byte	0
 3560 0dcf 00       		.byte	0
 3561 0dd0 00       		.byte	0
 3562 0dd1 00       		.byte	0
 3563 0dd2 00       		.byte	0
 3564 0dd3 00       		.byte	0
 3565 0dd4 00       		.byte	0
 3566 0dd5 00       		.byte	0
 3567 0dd6 00       		.byte	0
 3568 0dd7 00       		.byte	0
 3569 0dd8 00       		.byte	0
 3570 0dd9 00       		.byte	0
 3571 0dda 00       		.byte	0
 3572 0ddb 00       		.byte	0
 3573 0ddc 00       		.byte	0
 3574 0ddd 00       		.byte	0
 3575 0dde 00       		.byte	0
 3576 0ddf 00       		.byte	0
 3577 0de0 00       		.byte	0
 3578 0de1 00       		.byte	0
 3579 0de2 00       		.byte	0
 3580 0de3 00       		.byte	0
 3581 0de4 00       		.byte	0
 3582 0de5 00       		.byte	0
 3583 0de6 00       		.byte	0
 3584 0de7 00       		.byte	0
 3585 0de8 00       		.byte	0
 3586 0de9 00       		.byte	0
 3587 0dea 00       		.byte	0
 3588 0deb 00       		.byte	0
 3589 0dec 00       		.byte	0
 3590 0ded 00       		.byte	0
 3591 0dee 00       		.byte	0
ARM GAS  C:\Users\ggg88\AppData\Local\Temp\cc4OMrCc.s 			page 64


 3592 0def 00       		.byte	0
 3593 0df0 00       		.byte	0
 3594 0df1 00       		.byte	0
 3595 0df2 00       		.byte	0
 3596 0df3 00       		.byte	0
 3597 0df4 00       		.byte	0
 3598 0df5 00       		.byte	0
 3599 0df6 00       		.byte	0
 3600 0df7 00       		.byte	0
 3601 0df8 00       		.byte	0
 3602 0df9 00       		.byte	0
 3603 0dfa 00       		.byte	0
 3604 0dfb 00       		.byte	0
 3605 0dfc 02       		.byte	2
 3606 0dfd 00       		.byte	0
 3607 0dfe 00       		.byte	0
 3608 0dff 00       		.byte	0
 3609 0e00 00       		.byte	0
 3610 0e01 00       		.byte	0
 3611 0e02 00       		.byte	0
 3612 0e03 00       		.byte	0
 3613 0e04 00       		.byte	0
 3614 0e05 00       		.byte	0
 3615 0e06 00       		.byte	0
 3616 0e07 00       		.byte	0
 3617 0e08 00       		.byte	0
 3618 0e09 00       		.byte	0
 3619 0e0a 00       		.byte	0
 3620 0e0b 00       		.byte	0
 3621 0e0c 00       		.byte	0
 3622 0e0d 00       		.byte	0
 3623 0e0e 00       		.byte	0
 3624 0e0f 00       		.byte	0
 3625 0e10 00       		.byte	0
 3626 0e11 00       		.byte	0
 3627 0e12 00       		.byte	0
 3628 0e13 00       		.byte	0
 3629 0e14 00       		.byte	0
 3630 0e15 00       		.byte	0
 3631 0e16 00       		.byte	0
 3632 0e17 00       		.byte	0
 3633 0e18 00       		.byte	0
 3634 0e19 00       		.byte	0
 3635 0e1a 00       		.byte	0
 3636 0e1b 00       		.byte	0
 3637 0e1c 00       		.byte	0
 3638 0e1d 00       		.byte	0
 3639 0e1e 00       		.byte	0
 3640 0e1f 00       		.byte	0
 3641 0e20 00       		.byte	0
 3642 0e21 00       		.byte	0
 3643 0e22 00       		.byte	0
 3644 0e23 00       		.byte	0
 3645 0e24 00       		.byte	0
 3646 0e25 00       		.byte	0
 3647 0e26 00       		.byte	0
 3648 0e27 00       		.byte	0
ARM GAS  C:\Users\ggg88\AppData\Local\Temp\cc4OMrCc.s 			page 65


 3649 0e28 00       		.byte	0
 3650 0e29 00       		.byte	0
 3651 0e2a 00       		.byte	0
 3652 0e2b 00       		.byte	0
 3653 0e2c 00       		.byte	0
 3654 0e2d 00       		.byte	0
 3655 0e2e 00       		.byte	0
 3656 0e2f 00       		.byte	0
 3657 0e30 00       		.byte	0
 3658 0e31 00       		.byte	0
 3659 0e32 00       		.byte	0
 3660 0e33 00       		.byte	0
 3661 0e34 00       		.byte	0
 3662 0e35 00       		.byte	0
 3663 0e36 00       		.byte	0
 3664 0e37 00       		.byte	0
 3665 0e38 00       		.byte	0
 3666 0e39 00       		.byte	0
 3667 0e3a 00       		.byte	0
 3668 0e3b 00       		.byte	0
 3669 0e3c 00       		.byte	0
 3670 0e3d 00       		.byte	0
 3671 0e3e 00       		.byte	0
 3672 0e3f 00       		.byte	0
 3673 0e40 00       		.byte	0
 3674 0e41 00       		.byte	0
 3675 0e42 00       		.byte	0
 3676 0e43 10       		.byte	16
 3677 0e44 00       		.byte	0
 3678 0e45 00       		.byte	0
 3679 0e46 00       		.byte	0
 3680 0e47 00       		.byte	0
 3681 0e48 00       		.byte	0
 3682 0e49 00       		.byte	0
 3683 0e4a 00       		.byte	0
 3684 0e4b 00       		.byte	0
 3685 0e4c 00       		.byte	0
 3686 0e4d 00       		.byte	0
 3687 0e4e 10       		.byte	16
 3688 0e4f 81       		.byte	-127
 3689 0e50 00       		.byte	0
 3690 0e51 00       		.byte	0
 3691 0e52 00       		.byte	0
 3692 0e53 00       		.byte	0
 3693 0e54 21       		.byte	33
 3694 0e55 20       		.byte	32
 3695 0e56 00       		.byte	0
 3696 0e57 00       		.byte	0
 3697 0e58 00       		.byte	0
 3698 0e59 04       		.byte	4
 3699 0e5a 00       		.byte	0
 3700 0e5b 00       		.byte	0
 3701 0e5c 02       		.byte	2
 3702 0e5d 00       		.byte	0
 3703 0e5e 00       		.byte	0
 3704 0e5f 00       		.byte	0
 3705 0e60 00       		.byte	0
ARM GAS  C:\Users\ggg88\AppData\Local\Temp\cc4OMrCc.s 			page 66


 3706 0e61 00       		.byte	0
 3707 0e62 00       		.byte	0
 3708 0e63 02       		.byte	2
 3709 0e64 00       		.byte	0
 3710 0e65 00       		.byte	0
 3711 0e66 00       		.byte	0
 3712 0e67 00       		.byte	0
 3713 0e68 00       		.byte	0
 3714 0e69 00       		.byte	0
 3715 0e6a 00       		.byte	0
 3716 0e6b 00       		.byte	0
 3717 0e6c 00       		.byte	0
 3718 0e6d 00       		.byte	0
 3719 0e6e 00       		.byte	0
 3720 0e6f 00       		.byte	0
 3721 0e70 00       		.byte	0
 3722 0e71 00       		.byte	0
 3723 0e72 00       		.byte	0
 3724 0e73 00       		.byte	0
 3725 0e74 00       		.byte	0
 3726 0e75 00       		.byte	0
 3727 0e76 00       		.byte	0
 3728 0e77 00       		.byte	0
 3729 0e78 00       		.byte	0
 3730 0e79 00       		.byte	0
 3731 0e7a 0C       		.byte	12
 3732 0e7b 00       		.byte	0
 3733 0e7c 00       		.byte	0
 3734 0e7d 00       		.byte	0
 3735 0e7e 00       		.byte	0
 3736 0e7f 00       		.byte	0
 3737 0e80 00       		.byte	0
 3738 0e81 00       		.byte	0
 3739 0e82 00       		.byte	0
 3740 0e83 00       		.byte	0
 3741 0e84 00       		.byte	0
 3742 0e85 00       		.byte	0
 3743 0e86 00       		.byte	0
 3744 0e87 00       		.byte	0
 3745 0e88 04       		.byte	4
 3746 0e89 00       		.byte	0
 3747 0e8a 00       		.byte	0
 3748 0e8b 00       		.byte	0
 3749 0e8c 00       		.byte	0
 3750 0e8d 00       		.byte	0
 3751 0e8e 00       		.byte	0
 3752 0e8f 00       		.byte	0
 3753 0e90 00       		.byte	0
 3754 0e91 00       		.byte	0
 3755 0e92 00       		.byte	0
 3756 0e93 00       		.byte	0
 3757 0e94 00       		.byte	0
 3758 0e95 00       		.byte	0
 3759 0e96 00       		.byte	0
 3760 0e97 00       		.byte	0
 3761 0e98 00       		.byte	0
 3762 0e99 00       		.byte	0
ARM GAS  C:\Users\ggg88\AppData\Local\Temp\cc4OMrCc.s 			page 67


 3763 0e9a 00       		.byte	0
 3764 0e9b 00       		.byte	0
 3765 0e9c 00       		.byte	0
 3766 0e9d 00       		.byte	0
 3767 0e9e 01       		.byte	1
 3768 0e9f 00       		.byte	0
 3769 0ea0 00       		.byte	0
 3770 0ea1 00       		.byte	0
 3771 0ea2 00       		.byte	0
 3772 0ea3 00       		.byte	0
 3773 0ea4 00       		.byte	0
 3774 0ea5 00       		.byte	0
 3775 0ea6 00       		.byte	0
 3776 0ea7 00       		.byte	0
 3777 0ea8 00       		.byte	0
 3778 0ea9 00       		.byte	0
 3779 0eaa 00       		.byte	0
 3780 0eab 00       		.byte	0
 3781 0eac 00       		.byte	0
 3782 0ead 00       		.byte	0
 3783 0eae 00       		.byte	0
 3784 0eaf 00       		.byte	0
 3785 0eb0 00       		.byte	0
 3786 0eb1 00       		.byte	0
 3787 0eb2 00       		.byte	0
 3788 0eb3 00       		.byte	0
 3789 0eb4 00       		.byte	0
 3790 0eb5 00       		.byte	0
 3791 0eb6 00       		.byte	0
 3792 0eb7 00       		.byte	0
 3793 0eb8 00       		.byte	0
 3794 0eb9 00       		.byte	0
 3795 0eba 00       		.byte	0
 3796 0ebb 00       		.byte	0
 3797 0ebc 00       		.byte	0
 3798 0ebd 00       		.byte	0
 3799 0ebe 00       		.byte	0
 3800 0ebf 00       		.byte	0
 3801 0ec0 00       		.byte	0
 3802 0ec1 00       		.byte	0
 3803 0ec2 00       		.byte	0
 3804 0ec3 00       		.byte	0
 3805 0ec4 00       		.byte	0
 3806 0ec5 00       		.byte	0
 3807 0ec6 00       		.byte	0
 3808 0ec7 00       		.byte	0
 3809 0ec8 00       		.byte	0
 3810 0ec9 00       		.byte	0
 3811 0eca 00       		.byte	0
 3812 0ecb 00       		.byte	0
 3813 0ecc 00       		.byte	0
 3814 0ecd 00       		.byte	0
 3815 0ece 00       		.byte	0
 3816 0ecf 00       		.byte	0
 3817 0ed0 00       		.byte	0
 3818 0ed1 00       		.byte	0
 3819 0ed2 00       		.byte	0
ARM GAS  C:\Users\ggg88\AppData\Local\Temp\cc4OMrCc.s 			page 68


 3820 0ed3 02       		.byte	2
 3821 0ed4 00       		.byte	0
 3822 0ed5 00       		.byte	0
 3823 0ed6 00       		.byte	0
 3824 0ed7 00       		.byte	0
 3825 0ed8 00       		.byte	0
 3826 0ed9 00       		.byte	0
 3827 0eda 00       		.byte	0
 3828 0edb 00       		.byte	0
 3829 0edc 00       		.byte	0
 3830 0edd 00       		.byte	0
 3831 0ede 01       		.byte	1
 3832 0edf 00       		.byte	0
 3833 0ee0 00       		.byte	0
 3834 0ee1 00       		.byte	0
 3835 0ee2 00       		.byte	0
 3836 0ee3 00       		.byte	0
 3837 0ee4 00       		.byte	0
 3838 0ee5 00       		.byte	0
 3839 0ee6 00       		.byte	0
 3840 0ee7 00       		.byte	0
 3841 0ee8 00       		.byte	0
 3842 0ee9 00       		.byte	0
 3843 0eea 00       		.byte	0
 3844 0eeb 00       		.byte	0
 3845 0eec 00       		.byte	0
 3846 0eed 00       		.byte	0
 3847 0eee 00       		.byte	0
 3848 0eef 00       		.byte	0
 3849 0ef0 00       		.byte	0
 3850 0ef1 00       		.byte	0
 3851 0ef2 00       		.byte	0
 3852 0ef3 00       		.byte	0
 3853 0ef4 00       		.byte	0
 3854 0ef5 00       		.byte	0
 3855 0ef6 00       		.byte	0
 3856 0ef7 00       		.byte	0
 3857 0ef8 00       		.byte	0
 3858 0ef9 00       		.byte	0
 3859 0efa 00       		.byte	0
 3860 0efb 00       		.byte	0
 3861 0efc 00       		.byte	0
 3862 0efd 00       		.byte	0
 3863 0efe 00       		.byte	0
 3864 0eff 00       		.byte	0
 3865 0f00 00       		.byte	0
 3866 0f01 00       		.byte	0
 3867 0f02 00       		.byte	0
 3868 0f03 00       		.byte	0
 3869 0f04 00       		.byte	0
 3870 0f05 00       		.byte	0
 3871 0f06 00       		.byte	0
 3872 0f07 00       		.byte	0
 3873 0f08 00       		.byte	0
 3874 0f09 00       		.byte	0
 3875 0f0a 00       		.byte	0
 3876 0f0b 00       		.byte	0
ARM GAS  C:\Users\ggg88\AppData\Local\Temp\cc4OMrCc.s 			page 69


 3877 0f0c 00       		.byte	0
 3878 0f0d 00       		.byte	0
 3879 0f0e 00       		.byte	0
 3880 0f0f 00       		.byte	0
 3881 0f10 00       		.byte	0
 3882 0f11 00       		.byte	0
 3883 0f12 00       		.byte	0
 3884 0f13 00       		.byte	0
 3885 0f14 00       		.byte	0
 3886 0f15 00       		.byte	0
 3887 0f16 00       		.byte	0
 3888 0f17 00       		.byte	0
 3889 0f18 00       		.byte	0
 3890 0f19 00       		.byte	0
 3891 0f1a 00       		.byte	0
 3892 0f1b 00       		.byte	0
 3893 0f1c 00       		.byte	0
 3894 0f1d 00       		.byte	0
 3895 0f1e 00       		.byte	0
 3896 0f1f 00       		.byte	0
 3897 0f20 00       		.byte	0
 3898 0f21 00       		.byte	0
 3899 0f22 00       		.byte	0
 3900 0f23 00       		.byte	0
 3901 0f24 00       		.byte	0
 3902 0f25 00       		.byte	0
 3903 0f26 00       		.byte	0
 3904 0f27 00       		.byte	0
 3905 0f28 00       		.byte	0
 3906 0f29 00       		.byte	0
 3907 0f2a 00       		.byte	0
 3908 0f2b 00       		.byte	0
 3909 0f2c 00       		.byte	0
 3910 0f2d 00       		.byte	0
 3911 0f2e 00       		.byte	0
 3912 0f2f 00       		.byte	0
 3913 0f30 00       		.byte	0
 3914 0f31 00       		.byte	0
 3915 0f32 00       		.byte	0
 3916 0f33 00       		.byte	0
 3917 0f34 00       		.byte	0
 3918 0f35 00       		.byte	0
 3919 0f36 00       		.byte	0
 3920 0f37 00       		.byte	0
 3921 0f38 00       		.byte	0
 3922 0f39 00       		.byte	0
 3923 0f3a 00       		.byte	0
 3924 0f3b 02       		.byte	2
 3925 0f3c 00       		.byte	0
 3926 0f3d 00       		.byte	0
 3927 0f3e 00       		.byte	0
 3928 0f3f 00       		.byte	0
 3929 0f40 00       		.byte	0
 3930 0f41 00       		.byte	0
 3931 0f42 00       		.byte	0
 3932 0f43 00       		.byte	0
 3933 0f44 00       		.byte	0
ARM GAS  C:\Users\ggg88\AppData\Local\Temp\cc4OMrCc.s 			page 70


 3934 0f45 04       		.byte	4
 3935 0f46 00       		.byte	0
 3936 0f47 00       		.byte	0
 3937 0f48 00       		.byte	0
 3938 0f49 00       		.byte	0
 3939 0f4a 00       		.byte	0
 3940 0f4b 00       		.byte	0
 3941 0f4c 00       		.byte	0
 3942 0f4d 00       		.byte	0
 3943 0f4e 10       		.byte	16
 3944 0f4f 81       		.byte	-127
 3945 0f50 00       		.byte	0
 3946 0f51 00       		.byte	0
 3947 0f52 00       		.byte	0
 3948 0f53 02       		.byte	2
 3949 0f54 21       		.byte	33
 3950 0f55 20       		.byte	32
 3951 0f56 00       		.byte	0
 3952 0f57 00       		.byte	0
 3953 0f58 00       		.byte	0
 3954 0f59 00       		.byte	0
 3955 0f5a 00       		.byte	0
 3956 0f5b 00       		.byte	0
 3957 0f5c 02       		.byte	2
 3958 0f5d 00       		.byte	0
 3959 0f5e 01       		.byte	1
 3960 0f5f 00       		.byte	0
 3961 0f60 00       		.byte	0
 3962 0f61 00       		.byte	0
 3963 0f62 01       		.byte	1
 3964 0f63 00       		.byte	0
 3965 0f64 00       		.byte	0
 3966 0f65 00       		.byte	0
 3967 0f66 00       		.byte	0
 3968 0f67 40       		.byte	64
 3969 0f68 04       		.byte	4
 3970 0f69 00       		.byte	0
 3971 0f6a 00       		.byte	0
 3972 0f6b 40       		.byte	64
 3973 0f6c 22       		.byte	34
 3974 0f6d 00       		.byte	0
 3975 0f6e 00       		.byte	0
 3976 0f6f 01       		.byte	1
 3977 0f70 00       		.byte	0
 3978 0f71 00       		.byte	0
 3979 0f72 00       		.byte	0
 3980 0f73 00       		.byte	0
 3981 0f74 00       		.byte	0
 3982 0f75 00       		.byte	0
 3983 0f76 00       		.byte	0
 3984 0f77 00       		.byte	0
 3985 0f78 00       		.byte	0
 3986 0f79 00       		.byte	0
 3987 0f7a 00       		.byte	0
 3988 0f7b 00       		.byte	0
 3989 0f7c 00       		.byte	0
 3990 0f7d 00       		.byte	0
ARM GAS  C:\Users\ggg88\AppData\Local\Temp\cc4OMrCc.s 			page 71


 3991 0f7e 08       		.byte	8
 3992 0f7f 00       		.byte	0
 3993 0f80 01       		.byte	1
 3994 0f81 00       		.byte	0
 3995 0f82 00       		.byte	0
 3996 0f83 00       		.byte	0
 3997 0f84 00       		.byte	0
 3998 0f85 00       		.byte	0
 3999 0f86 00       		.byte	0
 4000 0f87 00       		.byte	0
 4001 0f88 00       		.byte	0
 4002 0f89 00       		.byte	0
 4003 0f8a 00       		.byte	0
 4004 0f8b 00       		.byte	0
 4005 0f8c 00       		.byte	0
 4006 0f8d 00       		.byte	0
 4007 0f8e 00       		.byte	0
 4008 0f8f 00       		.byte	0
 4009 0f90 00       		.byte	0
 4010 0f91 00       		.byte	0
 4011 0f92 00       		.byte	0
 4012 0f93 00       		.byte	0
 4013 0f94 00       		.byte	0
 4014 0f95 00       		.byte	0
 4015 0f96 00       		.byte	0
 4016 0f97 00       		.byte	0
 4017 0f98 00       		.byte	0
 4018 0f99 00       		.byte	0
 4019 0f9a 00       		.byte	0
 4020 0f9b 00       		.byte	0
 4021 0f9c 02       		.byte	2
 4022 0f9d 00       		.byte	0
 4023 0f9e 00       		.byte	0
 4024 0f9f 00       		.byte	0
 4025 0fa0 00       		.byte	0
 4026 0fa1 00       		.byte	0
 4027 0fa2 06       		.byte	6
 4028 0fa3 00       		.byte	0
 4029 0fa4 00       		.byte	0
 4030 0fa5 00       		.byte	0
 4031 0fa6 0B       		.byte	11
 4032 0fa7 00       		.byte	0
 4033 0fa8 00       		.byte	0
 4034 0fa9 00       		.byte	0
 4035 0faa 00       		.byte	0
 4036 0fab 00       		.byte	0
 4037 0fac 00       		.byte	0
 4038 0fad 00       		.byte	0
 4039 0fae 00       		.byte	0
 4040 0faf 00       		.byte	0
 4041 0fb0 00       		.byte	0
 4042 0fb1 00       		.byte	0
 4043 0fb2 00       		.byte	0
 4044 0fb3 00       		.byte	0
 4045 0fb4 00       		.byte	0
 4046 0fb5 00       		.byte	0
 4047 0fb6 00       		.byte	0
ARM GAS  C:\Users\ggg88\AppData\Local\Temp\cc4OMrCc.s 			page 72


 4048 0fb7 00       		.byte	0
 4049 0fb8 08       		.byte	8
 4050 0fb9 00       		.byte	0
 4051 0fba 00       		.byte	0
 4052 0fbb 00       		.byte	0
 4053 0fbc 00       		.byte	0
 4054 0fbd 00       		.byte	0
 4055 0fbe 00       		.byte	0
 4056 0fbf 00       		.byte	0
 4057 0fc0 00       		.byte	0
 4058 0fc1 00       		.byte	0
 4059 0fc2 00       		.byte	0
 4060 0fc3 40       		.byte	64
 4061 0fc4 00       		.byte	0
 4062 0fc5 00       		.byte	0
 4063 0fc6 00       		.byte	0
 4064 0fc7 00       		.byte	0
 4065 0fc8 00       		.byte	0
 4066 0fc9 00       		.byte	0
 4067 0fca 00       		.byte	0
 4068 0fcb 00       		.byte	0
 4069 0fcc 00       		.byte	0
 4070 0fcd 00       		.byte	0
 4071 0fce 00       		.byte	0
 4072 0fcf 00       		.byte	0
 4073 0fd0 00       		.byte	0
 4074 0fd1 00       		.byte	0
 4075 0fd2 00       		.byte	0
 4076 0fd3 00       		.byte	0
 4077 0fd4 00       		.byte	0
 4078 0fd5 00       		.byte	0
 4079 0fd6 00       		.byte	0
 4080 0fd7 00       		.byte	0
 4081 0fd8 00       		.byte	0
 4082 0fd9 00       		.byte	0
 4083 0fda 00       		.byte	0
 4084 0fdb 00       		.byte	0
 4085 0fdc 00       		.byte	0
 4086 0fdd 00       		.byte	0
 4087 0fde 00       		.byte	0
 4088 0fdf 00       		.byte	0
 4089 0fe0 00       		.byte	0
 4090 0fe1 00       		.byte	0
 4091 0fe2 00       		.byte	0
 4092 0fe3 00       		.byte	0
 4093 0fe4 00       		.byte	0
 4094 0fe5 00       		.byte	0
 4095 0fe6 00       		.byte	0
 4096 0fe7 00       		.byte	0
 4097 0fe8 00       		.byte	0
 4098 0fe9 00       		.byte	0
 4099 0fea 00       		.byte	0
 4100 0feb 00       		.byte	0
 4101 0fec 00       		.byte	0
 4102 0fed 00       		.byte	0
 4103 0fee 00       		.byte	0
 4104 0fef 00       		.byte	0
ARM GAS  C:\Users\ggg88\AppData\Local\Temp\cc4OMrCc.s 			page 73


 4105 0ff0 00       		.byte	0
 4106 0ff1 00       		.byte	0
 4107 0ff2 00       		.byte	0
 4108 0ff3 00       		.byte	0
 4109 0ff4 00       		.byte	0
 4110 0ff5 00       		.byte	0
 4111 0ff6 00       		.byte	0
 4112 0ff7 00       		.byte	0
 4113 0ff8 00       		.byte	0
 4114 0ff9 00       		.byte	0
 4115 0ffa 00       		.byte	0
 4116 0ffb 00       		.byte	0
 4117 0ffc 00       		.byte	0
 4118 0ffd 00       		.byte	0
 4119 0ffe 00       		.byte	0
 4120 0fff 00       		.byte	0
 4121 1000 00       		.byte	0
 4122 1001 00       		.byte	0
 4123 1002 00       		.byte	0
 4124 1003 00       		.byte	0
 4125 1004 00       		.byte	0
 4126 1005 00       		.byte	0
 4127 1006 00       		.byte	0
 4128 1007 00       		.byte	0
 4129 1008 00       		.byte	0
 4130 1009 00       		.byte	0
 4131 100a 00       		.byte	0
 4132 100b 00       		.byte	0
 4133 100c 00       		.byte	0
 4134 100d 00       		.byte	0
 4135 100e 00       		.byte	0
 4136 100f 00       		.byte	0
 4137 1010 00       		.byte	0
 4138 1011 00       		.byte	0
 4139 1012 00       		.byte	0
 4140 1013 00       		.byte	0
 4141 1014 00       		.byte	0
 4142 1015 00       		.byte	0
 4143 1016 00       		.byte	0
 4144 1017 00       		.byte	0
 4145 1018 00       		.byte	0
 4146 1019 00       		.byte	0
 4147 101a 00       		.byte	0
 4148 101b 00       		.byte	0
 4149 101c 00       		.byte	0
 4150 101d 00       		.byte	0
 4151 101e 00       		.byte	0
 4152 101f 00       		.byte	0
 4153 1020 00       		.byte	0
 4154 1021 00       		.byte	0
 4155 1022 00       		.byte	0
 4156 1023 00       		.byte	0
 4157 1024 00       		.byte	0
 4158 1025 00       		.byte	0
 4159 1026 00       		.byte	0
 4160 1027 00       		.byte	0
 4161 1028 00       		.byte	0
ARM GAS  C:\Users\ggg88\AppData\Local\Temp\cc4OMrCc.s 			page 74


 4162 1029 00       		.byte	0
 4163 102a 00       		.byte	0
 4164 102b 00       		.byte	0
 4165 102c 00       		.byte	0
 4166 102d 00       		.byte	0
 4167 102e 00       		.byte	0
 4168 102f 00       		.byte	0
 4169 1030 00       		.byte	0
 4170 1031 00       		.byte	0
 4171 1032 00       		.byte	0
 4172 1033 00       		.byte	0
 4173 1034 00       		.byte	0
 4174 1035 00       		.byte	0
 4175 1036 00       		.byte	0
 4176 1037 00       		.byte	0
 4177 1038 00       		.byte	0
 4178 1039 20       		.byte	32
 4179 103a 00       		.byte	0
 4180 103b 00       		.byte	0
 4181 103c 00       		.byte	0
 4182 103d 00       		.byte	0
 4183 103e 00       		.byte	0
 4184 103f 00       		.byte	0
 4185 1040 01       		.byte	1
 4186 1041 00       		.byte	0
 4187 1042 00       		.byte	0
 4188 1043 00       		.byte	0
 4189 1044 00       		.byte	0
 4190 1045 00       		.byte	0
 4191 1046 10       		.byte	16
 4192 1047 00       		.byte	0
 4193 1048 00       		.byte	0
 4194 1049 00       		.byte	0
 4195 104a 00       		.byte	0
 4196 104b 00       		.byte	0
 4197 104c 00       		.byte	0
 4198 104d 00       		.byte	0
 4199 104e 00       		.byte	0
 4200 104f 00       		.byte	0
 4201 1050 00       		.byte	0
 4202 1051 00       		.byte	0
 4203 1052 00       		.byte	0
 4204 1053 02       		.byte	2
 4205 1054 00       		.byte	0
 4206 1055 00       		.byte	0
 4207 1056 00       		.byte	0
 4208 1057 00       		.byte	0
 4209 1058 00       		.byte	0
 4210 1059 00       		.byte	0
 4211 105a 00       		.byte	0
 4212 105b 00       		.byte	0
 4213 105c 00       		.byte	0
 4214 105d 00       		.byte	0
 4215 105e 00       		.byte	0
 4216 105f 00       		.byte	0
 4217 1060 00       		.byte	0
 4218 1061 00       		.byte	0
ARM GAS  C:\Users\ggg88\AppData\Local\Temp\cc4OMrCc.s 			page 75


 4219 1062 00       		.byte	0
 4220 1063 00       		.byte	0
 4221 1064 00       		.byte	0
 4222 1065 00       		.byte	0
 4223 1066 00       		.byte	0
 4224 1067 00       		.byte	0
 4225 1068 00       		.byte	0
 4226 1069 00       		.byte	0
 4227 106a 00       		.byte	0
 4228 106b 00       		.byte	0
 4229 106c 00       		.byte	0
 4230 106d 00       		.byte	0
 4231 106e 00       		.byte	0
 4232 106f 00       		.byte	0
 4233 1070 00       		.byte	0
 4234 1071 00       		.byte	0
 4235 1072 00       		.byte	0
 4236 1073 00       		.byte	0
 4237 1074 00       		.byte	0
 4238 1075 00       		.byte	0
 4239 1076 00       		.byte	0
 4240 1077 00       		.byte	0
 4241 1078 08       		.byte	8
 4242 1079 00       		.byte	0
 4243 107a 08       		.byte	8
 4244 107b 00       		.byte	0
 4245 107c 00       		.byte	0
 4246 107d 00       		.byte	0
 4247 107e 00       		.byte	0
 4248 107f 00       		.byte	0
 4249 1080 00       		.byte	0
 4250 1081 00       		.byte	0
 4251 1082 00       		.byte	0
 4252 1083 00       		.byte	0
 4253 1084 00       		.byte	0
 4254 1085 00       		.byte	0
 4255 1086 00       		.byte	0
 4256 1087 00       		.byte	0
 4257 1088 00       		.byte	0
 4258 1089 00       		.byte	0
 4259 108a 00       		.byte	0
 4260 108b 00       		.byte	0
 4261 108c 00       		.byte	0
 4262 108d 00       		.byte	0
 4263 108e 00       		.byte	0
 4264 108f 00       		.byte	0
 4265 1090 00       		.byte	0
 4266 1091 00       		.byte	0
 4267 1092 00       		.byte	0
 4268 1093 00       		.byte	0
 4269 1094 00       		.byte	0
 4270 1095 00       		.byte	0
 4271 1096 00       		.byte	0
 4272 1097 00       		.byte	0
 4273 1098 00       		.byte	0
 4274 1099 00       		.byte	0
 4275 109a 00       		.byte	0
ARM GAS  C:\Users\ggg88\AppData\Local\Temp\cc4OMrCc.s 			page 76


 4276 109b 00       		.byte	0
 4277 109c 00       		.byte	0
 4278 109d 00       		.byte	0
 4279 109e 0C       		.byte	12
 4280 109f 00       		.byte	0
 4281 10a0 00       		.byte	0
 4282 10a1 00       		.byte	0
 4283 10a2 00       		.byte	0
 4284 10a3 00       		.byte	0
 4285 10a4 00       		.byte	0
 4286 10a5 00       		.byte	0
 4287 10a6 00       		.byte	0
 4288 10a7 00       		.byte	0
 4289 10a8 00       		.byte	0
 4290 10a9 00       		.byte	0
 4291 10aa 00       		.byte	0
 4292 10ab 00       		.byte	0
 4293 10ac 00       		.byte	0
 4294 10ad 00       		.byte	0
 4295 10ae 00       		.byte	0
 4296 10af 00       		.byte	0
 4297 10b0 00       		.byte	0
 4298 10b1 00       		.byte	0
 4299 10b2 00       		.byte	0
 4300 10b3 00       		.byte	0
 4301 10b4 00       		.byte	0
 4302 10b5 00       		.byte	0
 4303 10b6 00       		.byte	0
 4304 10b7 00       		.byte	0
 4305 10b8 00       		.byte	0
 4306 10b9 00       		.byte	0
 4307 10ba 00       		.byte	0
 4308 10bb 00       		.byte	0
 4309 10bc 00       		.byte	0
 4310 10bd 00       		.byte	0
 4311 10be 00       		.byte	0
 4312 10bf 00       		.byte	0
 4313 10c0 00       		.byte	0
 4314 10c1 00       		.byte	0
 4315 10c2 00       		.byte	0
 4316 10c3 00       		.byte	0
 4317 10c4 00       		.byte	0
 4318 10c5 00       		.byte	0
 4319 10c6 00       		.byte	0
 4320 10c7 00       		.byte	0
 4321 10c8 00       		.byte	0
 4322 10c9 00       		.byte	0
 4323 10ca 00       		.byte	0
 4324 10cb 02       		.byte	2
 4325 10cc 00       		.byte	0
 4326 10cd 00       		.byte	0
 4327 10ce 00       		.byte	0
 4328 10cf 00       		.byte	0
 4329 10d0 00       		.byte	0
 4330 10d1 00       		.byte	0
 4331 10d2 00       		.byte	0
 4332 10d3 00       		.byte	0
ARM GAS  C:\Users\ggg88\AppData\Local\Temp\cc4OMrCc.s 			page 77


 4333 10d4 00       		.byte	0
 4334 10d5 00       		.byte	0
 4335 10d6 00       		.byte	0
 4336 10d7 00       		.byte	0
 4337 10d8 00       		.byte	0
 4338 10d9 00       		.byte	0
 4339 10da 00       		.byte	0
 4340 10db 00       		.byte	0
 4341 10dc 00       		.byte	0
 4342 10dd 00       		.byte	0
 4343 10de 00       		.byte	0
 4344 10df 00       		.byte	0
 4345 10e0 00       		.byte	0
 4346 10e1 00       		.byte	0
 4347 10e2 00       		.byte	0
 4348 10e3 00       		.byte	0
 4349 10e4 00       		.byte	0
 4350 10e5 00       		.byte	0
 4351 10e6 00       		.byte	0
 4352 10e7 00       		.byte	0
 4353 10e8 00       		.byte	0
 4354 10e9 00       		.byte	0
 4355 10ea 00       		.byte	0
 4356 10eb 00       		.byte	0
 4357 10ec 00       		.byte	0
 4358 10ed 00       		.byte	0
 4359 10ee 00       		.byte	0
 4360 10ef 00       		.byte	0
 4361 10f0 00       		.byte	0
 4362 10f1 00       		.byte	0
 4363 10f2 00       		.byte	0
 4364 10f3 00       		.byte	0
 4365 10f4 00       		.byte	0
 4366 10f5 00       		.byte	0
 4367 10f6 00       		.byte	0
 4368 10f7 00       		.byte	0
 4369 10f8 00       		.byte	0
 4370 10f9 00       		.byte	0
 4371 10fa 00       		.byte	0
 4372 10fb 00       		.byte	0
 4373 10fc 00       		.byte	0
 4374 10fd 00       		.byte	0
 4375 10fe 00       		.byte	0
 4376 10ff 00       		.byte	0
 4377 1100 00       		.byte	0
 4378 1101 00       		.byte	0
 4379 1102 00       		.byte	0
 4380 1103 00       		.byte	0
 4381 1104 00       		.byte	0
 4382 1105 00       		.byte	0
 4383 1106 00       		.byte	0
 4384 1107 00       		.byte	0
 4385 1108 00       		.byte	0
 4386 1109 00       		.byte	0
 4387 110a 00       		.byte	0
 4388 110b 00       		.byte	0
 4389 110c 00       		.byte	0
ARM GAS  C:\Users\ggg88\AppData\Local\Temp\cc4OMrCc.s 			page 78


 4390 110d 00       		.byte	0
 4391 110e 00       		.byte	0
 4392 110f 00       		.byte	0
 4393 1110 00       		.byte	0
 4394 1111 00       		.byte	0
 4395 1112 00       		.byte	0
 4396 1113 00       		.byte	0
 4397 1114 00       		.byte	0
 4398 1115 00       		.byte	0
 4399 1116 00       		.byte	0
 4400 1117 00       		.byte	0
 4401 1118 00       		.byte	0
 4402 1119 00       		.byte	0
 4403 111a 00       		.byte	0
 4404 111b 00       		.byte	0
 4405 111c 00       		.byte	0
 4406 111d 00       		.byte	0
 4407 111e 00       		.byte	0
 4408 111f 00       		.byte	0
 4409 1120 00       		.byte	0
 4410 1121 00       		.byte	0
 4411 1122 00       		.byte	0
 4412 1123 00       		.byte	0
 4413 1124 00       		.byte	0
 4414 1125 00       		.byte	0
 4415 1126 00       		.byte	0
 4416 1127 00       		.byte	0
 4417 1128 00       		.byte	0
 4418 1129 00       		.byte	0
 4419 112a 00       		.byte	0
 4420 112b 00       		.byte	0
 4421 112c 00       		.byte	0
 4422 112d 00       		.byte	0
 4423 112e 00       		.byte	0
 4424 112f 00       		.byte	0
 4425 1130 00       		.byte	0
 4426 1131 00       		.byte	0
 4427 1132 00       		.byte	0
 4428 1133 00       		.byte	0
 4429 1134 00       		.byte	0
 4430 1135 00       		.byte	0
 4431 1136 00       		.byte	0
 4432 1137 00       		.byte	0
 4433 1138 00       		.byte	0
 4434 1139 00       		.byte	0
 4435 113a 00       		.byte	0
 4436 113b 00       		.byte	0
 4437 113c 00       		.byte	0
 4438 113d 00       		.byte	0
 4439 113e 00       		.byte	0
 4440 113f 00       		.byte	0
 4441 1140 00       		.byte	0
 4442 1141 00       		.byte	0
 4443 1142 00       		.byte	0
 4444 1143 00       		.byte	0
 4445 1144 00       		.byte	0
 4446 1145 00       		.byte	0
ARM GAS  C:\Users\ggg88\AppData\Local\Temp\cc4OMrCc.s 			page 79


 4447 1146 00       		.byte	0
 4448 1147 00       		.byte	0
 4449 1148 00       		.byte	0
 4450 1149 00       		.byte	0
 4451 114a 00       		.byte	0
 4452 114b 00       		.byte	0
 4453 114c 00       		.byte	0
 4454 114d 00       		.byte	0
 4455 114e 00       		.byte	0
 4456 114f 00       		.byte	0
 4457 1150 00       		.byte	0
 4458 1151 00       		.byte	0
 4459 1152 00       		.byte	0
 4460 1153 00       		.byte	0
 4461 1154 00       		.byte	0
 4462 1155 00       		.byte	0
 4463 1156 00       		.byte	0
 4464 1157 00       		.byte	0
 4465 1158 00       		.byte	0
 4466 1159 00       		.byte	0
 4467 115a 00       		.byte	0
 4468 115b 00       		.byte	0
 4469 115c 00       		.byte	0
 4470 115d 00       		.byte	0
 4471 115e 00       		.byte	0
 4472 115f 00       		.byte	0
 4473 1160 00       		.byte	0
 4474 1161 00       		.byte	0
 4475 1162 00       		.byte	0
 4476 1163 00       		.byte	0
 4477 1164 00       		.byte	0
 4478 1165 00       		.byte	0
 4479 1166 00       		.byte	0
 4480 1167 00       		.byte	0
 4481 1168 00       		.byte	0
 4482 1169 00       		.byte	0
 4483 116a 00       		.byte	0
 4484 116b 00       		.byte	0
 4485 116c 00       		.byte	0
 4486 116d 00       		.byte	0
 4487 116e 00       		.byte	0
 4488 116f 00       		.byte	0
 4489 1170 00       		.byte	0
 4490 1171 00       		.byte	0
 4491 1172 00       		.byte	0
 4492 1173 00       		.byte	0
 4493 1174 00       		.byte	0
 4494 1175 00       		.byte	0
 4495 1176 00       		.byte	0
 4496 1177 00       		.byte	0
 4497 1178 00       		.byte	0
 4498 1179 00       		.byte	0
 4499 117a 00       		.byte	0
 4500 117b 00       		.byte	0
 4501 117c 08       		.byte	8
 4502 117d 00       		.byte	0
 4503 117e 00       		.byte	0
ARM GAS  C:\Users\ggg88\AppData\Local\Temp\cc4OMrCc.s 			page 80


 4504 117f 00       		.byte	0
 4505 1180 00       		.byte	0
 4506 1181 00       		.byte	0
 4507 1182 00       		.byte	0
 4508 1183 00       		.byte	0
 4509 1184 00       		.byte	0
 4510 1185 00       		.byte	0
 4511 1186 00       		.byte	0
 4512 1187 00       		.byte	0
 4513 1188 00       		.byte	0
 4514 1189 00       		.byte	0
 4515 118a 00       		.byte	0
 4516 118b 00       		.byte	0
 4517 118c 00       		.byte	0
 4518 118d 00       		.byte	0
 4519 118e 00       		.byte	0
 4520 118f 00       		.byte	0
 4521 1190 00       		.byte	0
 4522 1191 00       		.byte	0
 4523 1192 00       		.byte	0
 4524 1193 00       		.byte	0
 4525 1194 00       		.byte	0
 4526 1195 00       		.byte	0
 4527 1196 00       		.byte	0
 4528 1197 00       		.byte	0
 4529 1198 00       		.byte	0
 4530 1199 00       		.byte	0
 4531 119a 00       		.byte	0
 4532 119b 00       		.byte	0
 4533 119c 00       		.byte	0
 4534 119d 00       		.byte	0
 4535 119e 00       		.byte	0
 4536 119f 00       		.byte	0
 4537 11a0 00       		.byte	0
 4538 11a1 00       		.byte	0
 4539 11a2 00       		.byte	0
 4540 11a3 00       		.byte	0
 4541 11a4 00       		.byte	0
 4542 11a5 00       		.byte	0
 4543 11a6 00       		.byte	0
 4544 11a7 00       		.byte	0
 4545 11a8 00       		.byte	0
 4546 11a9 00       		.byte	0
 4547 11aa 00       		.byte	0
 4548 11ab 00       		.byte	0
 4549 11ac 00       		.byte	0
 4550 11ad 00       		.byte	0
 4551 11ae 00       		.byte	0
 4552 11af 00       		.byte	0
 4553 11b0 00       		.byte	0
 4554 11b1 00       		.byte	0
 4555 11b2 00       		.byte	0
 4556 11b3 00       		.byte	0
 4557 11b4 00       		.byte	0
 4558 11b5 00       		.byte	0
 4559 11b6 00       		.byte	0
 4560 11b7 00       		.byte	0
ARM GAS  C:\Users\ggg88\AppData\Local\Temp\cc4OMrCc.s 			page 81


 4561 11b8 40       		.byte	64
 4562 11b9 00       		.byte	0
 4563 11ba 22       		.byte	34
 4564 11bb 00       		.byte	0
 4565 11bc 02       		.byte	2
 4566 11bd 00       		.byte	0
 4567 11be 20       		.byte	32
 4568 11bf 00       		.byte	0
 4569 11c0 00       		.byte	0
 4570 11c1 24       		.byte	36
 4571 11c2 10       		.byte	16
 4572 11c3 02       		.byte	2
 4573 11c4 02       		.byte	2
 4574 11c5 08       		.byte	8
 4575 11c6 0A       		.byte	10
 4576 11c7 00       		.byte	0
 4577 11c8 08       		.byte	8
 4578 11c9 04       		.byte	4
 4579 11ca 00       		.byte	0
 4580 11cb 00       		.byte	0
 4581 11cc 00       		.byte	0
 4582 11cd 00       		.byte	0
 4583 11ce 00       		.byte	0
 4584 11cf 20       		.byte	32
 4585 11d0 40       		.byte	64
 4586 11d1 10       		.byte	16
 4587 11d2 10       		.byte	16
 4588 11d3 40       		.byte	64
 4589 11d4 00       		.byte	0
 4590 11d5 00       		.byte	0
 4591 11d6 00       		.byte	0
 4592 11d7 00       		.byte	0
 4593 11d8 00       		.byte	0
 4594 11d9 60       		.byte	96
 4595 11da 45       		.byte	69
 4596 11db 00       		.byte	0
 4597 11dc 00       		.byte	0
 4598 11dd 80       		.byte	-128
 4599 11de 10       		.byte	16
 4600 11df 00       		.byte	0
 4601 11e0 02       		.byte	2
 4602 11e1 20       		.byte	32
 4603 11e2 08       		.byte	8
 4604 11e3 00       		.byte	0
 4605 11e4 00       		.byte	0
 4606 11e5 00       		.byte	0
 4607 11e6 01       		.byte	1
 4608 11e7 60       		.byte	96
 4609 11e8 00       		.byte	0
 4610 11e9 00       		.byte	0
 4611 11ea 65       		.byte	101
 4612 11eb 00       		.byte	0
 4613 11ec 00       		.byte	0
 4614 11ed 02       		.byte	2
 4615 11ee 00       		.byte	0
 4616 11ef 00       		.byte	0
 4617 11f0 A8       		.byte	-88
ARM GAS  C:\Users\ggg88\AppData\Local\Temp\cc4OMrCc.s 			page 82


 4618 11f1 00       		.byte	0
 4619 11f2 00       		.byte	0
 4620 11f3 00       		.byte	0
 4621 11f4 00       		.byte	0
 4622 11f5 00       		.byte	0
 4623 11f6 40       		.byte	64
 4624 11f7 80       		.byte	-128
 4625 11f8 02       		.byte	2
 4626 11f9 00       		.byte	0
 4627 11fa 4C       		.byte	76
 4628 11fb 00       		.byte	0
 4629 11fc 00       		.byte	0
 4630 11fd 00       		.byte	0
 4631 11fe 00       		.byte	0
 4632 11ff 00       		.byte	0
 4633 1200 00       		.byte	0
 4634 1201 22       		.byte	34
 4635 1202 00       		.byte	0
 4636 1203 80       		.byte	-128
 4637 1204 00       		.byte	0
 4638 1205 00       		.byte	0
 4639 1206 00       		.byte	0
 4640 1207 00       		.byte	0
 4641 1208 00       		.byte	0
 4642 1209 00       		.byte	0
 4643 120a 00       		.byte	0
 4644 120b 01       		.byte	1
 4645 120c 00       		.byte	0
 4646 120d 00       		.byte	0
 4647 120e 00       		.byte	0
 4648 120f 00       		.byte	0
 4649 1210 00       		.byte	0
 4650 1211 01       		.byte	1
 4651 1212 00       		.byte	0
 4652 1213 00       		.byte	0
 4653 1214 80       		.byte	-128
 4654 1215 00       		.byte	0
 4655 1216 00       		.byte	0
 4656 1217 00       		.byte	0
 4657 1218 00       		.byte	0
 4658 1219 90       		.byte	-112
 4659 121a 01       		.byte	1
 4660 121b 00       		.byte	0
 4661 121c 00       		.byte	0
 4662 121d 00       		.byte	0
 4663 121e 00       		.byte	0
 4664 121f 00       		.byte	0
 4665 1220 00       		.byte	0
 4666 1221 00       		.byte	0
 4667 1222 00       		.byte	0
 4668 1223 00       		.byte	0
 4669 1224 00       		.byte	0
 4670 1225 00       		.byte	0
 4671 1226 00       		.byte	0
 4672 1227 00       		.byte	0
 4673 1228 00       		.byte	0
 4674 1229 00       		.byte	0
ARM GAS  C:\Users\ggg88\AppData\Local\Temp\cc4OMrCc.s 			page 83


 4675 122a 00       		.byte	0
 4676 122b 00       		.byte	0
 4677 122c 00       		.byte	0
 4678 122d 00       		.byte	0
 4679 122e 00       		.byte	0
 4680 122f 00       		.byte	0
 4681 1230 00       		.byte	0
 4682 1231 00       		.byte	0
 4683 1232 00       		.byte	0
 4684 1233 00       		.byte	0
 4685 1234 00       		.byte	0
 4686 1235 00       		.byte	0
 4687 1236 80       		.byte	-128
 4688 1237 00       		.byte	0
 4689 1238 08       		.byte	8
 4690 1239 04       		.byte	4
 4691 123a 00       		.byte	0
 4692 123b 20       		.byte	32
 4693 123c 00       		.byte	0
 4694 123d 00       		.byte	0
 4695 123e 00       		.byte	0
 4696 123f 00       		.byte	0
 4697 1240 00       		.byte	0
 4698 1241 00       		.byte	0
 4699 1242 10       		.byte	16
 4700 1243 00       		.byte	0
 4701 1244 00       		.byte	0
 4702 1245 90       		.byte	-112
 4703 1246 00       		.byte	0
 4704 1247 20       		.byte	32
 4705 1248 AA       		.byte	-86
 4706 1249 04       		.byte	4
 4707 124a 05       		.byte	5
 4708 124b 00       		.byte	0
 4709 124c 00       		.byte	0
 4710 124d 80       		.byte	-128
 4711 124e 08       		.byte	8
 4712 124f 00       		.byte	0
 4713 1250 82       		.byte	-126
 4714 1251 25       		.byte	37
 4715 1252 20       		.byte	32
 4716 1253 00       		.byte	0
 4717 1254 08       		.byte	8
 4718 1255 80       		.byte	-128
 4719 1256 01       		.byte	1
 4720 1257 20       		.byte	32
 4721 1258 0A       		.byte	10
 4722 1259 18       		.byte	24
 4723 125a A5       		.byte	-91
 4724 125b 00       		.byte	0
 4725 125c 00       		.byte	0
 4726 125d 04       		.byte	4
 4727 125e 02       		.byte	2
 4728 125f 00       		.byte	0
 4729 1260 00       		.byte	0
 4730 1261 00       		.byte	0
 4731 1262 05       		.byte	5
ARM GAS  C:\Users\ggg88\AppData\Local\Temp\cc4OMrCc.s 			page 84


 4732 1263 04       		.byte	4
 4733 1264 01       		.byte	1
 4734 1265 00       		.byte	0
 4735 1266 40       		.byte	64
 4736 1267 00       		.byte	0
 4737 1268 84       		.byte	-124
 4738 1269 00       		.byte	0
 4739 126a 00       		.byte	0
 4740 126b 08       		.byte	8
 4741 126c 00       		.byte	0
 4742 126d 00       		.byte	0
 4743 126e 00       		.byte	0
 4744 126f 00       		.byte	0
 4745 1270 00       		.byte	0
 4746 1271 00       		.byte	0
 4747 1272 00       		.byte	0
 4748 1273 00       		.byte	0
 4749 1274 00       		.byte	0
 4750 1275 00       		.byte	0
 4751 1276 00       		.byte	0
 4752 1277 00       		.byte	0
 4753 1278 35       		.byte	53
 4754 1279 00       		.byte	0
 4755 127a F7       		.byte	-9
 4756 127b 00       		.byte	0
 4757 127c 46       		.byte	70
 4758 127d 00       		.byte	0
 4759 127e 00       		.byte	0
 4760 127f 00       		.byte	0
 4761 1280 00       		.byte	0
 4762 1281 00       		.byte	0
 4763 1282 CE       		.byte	-50
 4764 1283 00       		.byte	0
 4765 1284 8F       		.byte	-113
 4766 1285 00       		.byte	0
 4767 1286 0E       		.byte	14
 4768 1287 00       		.byte	0
 4769 1288 0D       		.byte	13
 4770 1289 00       		.byte	0
 4771 128a 0C       		.byte	12
 4772 128b 00       		.byte	0
 4773 128c 00       		.byte	0
 4774 128d 00       		.byte	0
 4775 128e 11       		.byte	17
 4776 128f 00       		.byte	0
 4777 1290 0D       		.byte	13
 4778 1291 00       		.byte	0
 4779 1292 00       		.byte	0
 4780 1293 00       		.byte	0
 4781 1294 00       		.byte	0
 4782 1295 00       		.byte	0
 4783 1296 80       		.byte	-128
 4784 1297 00       		.byte	0
 4785 1298 20       		.byte	32
 4786 1299 00       		.byte	0
 4787 129a 80       		.byte	-128
 4788 129b 00       		.byte	0
ARM GAS  C:\Users\ggg88\AppData\Local\Temp\cc4OMrCc.s 			page 85


 4789 129c 00       		.byte	0
 4790 129d 00       		.byte	0
 4791 129e 14       		.byte	20
 4792 129f 00       		.byte	0
 4793 12a0 10       		.byte	16
 4794 12a1 00       		.byte	0
 4795 12a2 80       		.byte	-128
 4796 12a3 00       		.byte	0
 4797 12a4 00       		.byte	0
 4798 12a5 00       		.byte	0
 4799 12a6 80       		.byte	-128
 4800 12a7 00       		.byte	0
 4801 12a8 00       		.byte	0
 4802 12a9 00       		.byte	0
 4803 12aa 00       		.byte	0
 4804 12ab 00       		.byte	0
 4805 12ac 00       		.byte	0
 4806 12ad 00       		.byte	0
 4807 12ae 00       		.byte	0
 4808 12af 00       		.byte	0
 4809 12b0 00       		.byte	0
 4810 12b1 00       		.byte	0
 4811 12b2 00       		.byte	0
 4812 12b3 00       		.byte	0
 4813 12b4 00       		.byte	0
 4814 12b5 00       		.byte	0
 4815 12b6 00       		.byte	0
 4816 12b7 00       		.byte	0
 4817 12b8 00       		.byte	0
 4818 12b9 02       		.byte	2
 4819 12ba 08       		.byte	8
 4820 12bb 02       		.byte	2
 4821 12bc 20       		.byte	32
 4822 12bd 00       		.byte	0
 4823 12be 00       		.byte	0
 4824 12bf 00       		.byte	0
 4825 12c0 40       		.byte	64
 4826 12c1 00       		.byte	0
 4827 12c2 04       		.byte	4
 4828 12c3 00       		.byte	0
 4829 12c4 00       		.byte	0
 4830 12c5 00       		.byte	0
 4831 12c6 20       		.byte	32
 4832 12c7 44       		.byte	68
 4833 12c8 10       		.byte	16
 4834 12c9 40       		.byte	64
 4835 12ca 00       		.byte	0
 4836 12cb 00       		.byte	0
 4837 12cc 00       		.byte	0
 4838 12cd 00       		.byte	0
 4839 12ce 00       		.byte	0
 4840 12cf 08       		.byte	8
 4841 12d0 00       		.byte	0
 4842 12d1 00       		.byte	0
 4843 12d2 00       		.byte	0
 4844 12d3 00       		.byte	0
 4845 12d4 00       		.byte	0
ARM GAS  C:\Users\ggg88\AppData\Local\Temp\cc4OMrCc.s 			page 86


 4846 12d5 20       		.byte	32
 4847 12d6 00       		.byte	0
 4848 12d7 00       		.byte	0
 4849 12d8 06       		.byte	6
 4850 12d9 00       		.byte	0
 4851 12da 05       		.byte	5
 4852 12db 02       		.byte	2
 4853 12dc 00       		.byte	0
 4854 12dd 00       		.byte	0
 4855 12de 00       		.byte	0
 4856 12df 00       		.byte	0
 4857 12e0 80       		.byte	-128
 4858 12e1 00       		.byte	0
 4859 12e2 00       		.byte	0
 4860 12e3 00       		.byte	0
 4861 12e4 00       		.byte	0
 4862 12e5 00       		.byte	0
 4863 12e6 00       		.byte	0
 4864 12e7 02       		.byte	2
 4865 12e8 A0       		.byte	-96
 4866 12e9 00       		.byte	0
 4867 12ea 11       		.byte	17
 4868 12eb 00       		.byte	0
 4869 12ec 50       		.byte	80
 4870 12ed 22       		.byte	34
 4871 12ee 0A       		.byte	10
 4872 12ef 00       		.byte	0
 4873 12f0 00       		.byte	0
 4874 12f1 94       		.byte	-108
 4875 12f2 00       		.byte	0
 4876 12f3 00       		.byte	0
 4877 12f4 00       		.byte	0
 4878 12f5 40       		.byte	64
 4879 12f6 04       		.byte	4
 4880 12f7 00       		.byte	0
 4881 12f8 06       		.byte	6
 4882 12f9 00       		.byte	0
 4883 12fa 00       		.byte	0
 4884 12fb 00       		.byte	0
 4885 12fc 00       		.byte	0
 4886 12fd 00       		.byte	0
 4887 12fe 00       		.byte	0
 4888 12ff 00       		.byte	0
 4889 1300 01       		.byte	1
 4890 1301 00       		.byte	0
 4891 1302 20       		.byte	32
 4892 1303 02       		.byte	2
 4893 1304 00       		.byte	0
 4894 1305 00       		.byte	0
 4895 1306 00       		.byte	0
 4896 1307 00       		.byte	0
 4897 1308 28       		.byte	40
 4898 1309 00       		.byte	0
 4899 130a 00       		.byte	0
 4900 130b 40       		.byte	64
 4901 130c 00       		.byte	0
 4902 130d 00       		.byte	0
ARM GAS  C:\Users\ggg88\AppData\Local\Temp\cc4OMrCc.s 			page 87


 4903 130e 00       		.byte	0
 4904 130f 00       		.byte	0
 4905 1310 00       		.byte	0
 4906 1311 00       		.byte	0
 4907 1312 00       		.byte	0
 4908 1313 00       		.byte	0
 4909 1314 00       		.byte	0
 4910 1315 80       		.byte	-128
 4911 1316 00       		.byte	0
 4912 1317 00       		.byte	0
 4913 1318 02       		.byte	2
 4914 1319 00       		.byte	0
 4915 131a 00       		.byte	0
 4916 131b 02       		.byte	2
 4917 131c 00       		.byte	0
 4918 131d 00       		.byte	0
 4919 131e 80       		.byte	-128
 4920 131f 00       		.byte	0
 4921 1320 80       		.byte	-128
 4922 1321 94       		.byte	-108
 4923 1322 00       		.byte	0
 4924 1323 00       		.byte	0
 4925 1324 00       		.byte	0
 4926 1325 00       		.byte	0
 4927 1326 00       		.byte	0
 4928 1327 00       		.byte	0
 4929 1328 00       		.byte	0
 4930 1329 00       		.byte	0
 4931 132a 00       		.byte	0
 4932 132b 00       		.byte	0
 4933 132c 00       		.byte	0
 4934 132d 00       		.byte	0
 4935 132e 00       		.byte	0
 4936 132f 00       		.byte	0
 4937 1330 00       		.byte	0
 4938 1331 08       		.byte	8
 4939 1332 00       		.byte	0
 4940 1333 04       		.byte	4
 4941 1334 00       		.byte	0
 4942 1335 00       		.byte	0
 4943 1336 40       		.byte	64
 4944 1337 40       		.byte	64
 4945 1338 80       		.byte	-128
 4946 1339 00       		.byte	0
 4947 133a 00       		.byte	0
 4948 133b 04       		.byte	4
 4949 133c 00       		.byte	0
 4950 133d 00       		.byte	0
 4951 133e 00       		.byte	0
 4952 133f 00       		.byte	0
 4953 1340 00       		.byte	0
 4954 1341 20       		.byte	32
 4955 1342 00       		.byte	0
 4956 1343 01       		.byte	1
 4957 1344 00       		.byte	0
 4958 1345 00       		.byte	0
 4959 1346 02       		.byte	2
ARM GAS  C:\Users\ggg88\AppData\Local\Temp\cc4OMrCc.s 			page 88


 4960 1347 00       		.byte	0
 4961 1348 20       		.byte	32
 4962 1349 48       		.byte	72
 4963 134a 04       		.byte	4
 4964 134b 44       		.byte	68
 4965 134c 00       		.byte	0
 4966 134d 00       		.byte	0
 4967 134e A8       		.byte	-88
 4968 134f 02       		.byte	2
 4969 1350 40       		.byte	64
 4970 1351 A0       		.byte	-96
 4971 1352 00       		.byte	0
 4972 1353 08       		.byte	8
 4973 1354 00       		.byte	0
 4974 1355 00       		.byte	0
 4975 1356 80       		.byte	-128
 4976 1357 02       		.byte	2
 4977 1358 00       		.byte	0
 4978 1359 00       		.byte	0
 4979 135a 18       		.byte	24
 4980 135b 02       		.byte	2
 4981 135c 08       		.byte	8
 4982 135d 00       		.byte	0
 4983 135e 22       		.byte	34
 4984 135f 00       		.byte	0
 4985 1360 00       		.byte	0
 4986 1361 E0       		.byte	-32
 4987 1362 00       		.byte	0
 4988 1363 01       		.byte	1
 4989 1364 00       		.byte	0
 4990 1365 04       		.byte	4
 4991 1366 80       		.byte	-128
 4992 1367 00       		.byte	0
 4993 1368 00       		.byte	0
 4994 1369 01       		.byte	1
 4995 136a 21       		.byte	33
 4996 136b 00       		.byte	0
 4997 136c 00       		.byte	0
 4998 136d 00       		.byte	0
 4999 136e 01       		.byte	1
 5000 136f 00       		.byte	0
 5001 1370 00       		.byte	0
 5002 1371 00       		.byte	0
 5003 1372 00       		.byte	0
 5004 1373 00       		.byte	0
 5005 1374 00       		.byte	0
 5006 1375 00       		.byte	0
 5007 1376 00       		.byte	0
 5008 1377 00       		.byte	0
 5009 1378 4B       		.byte	75
 5010 1379 00       		.byte	0
 5011 137a 73       		.byte	115
 5012 137b 00       		.byte	0
 5013 137c 25       		.byte	37
 5014 137d 00       		.byte	0
 5015 137e 00       		.byte	0
 5016 137f 00       		.byte	0
ARM GAS  C:\Users\ggg88\AppData\Local\Temp\cc4OMrCc.s 			page 89


 5017 1380 00       		.byte	0
 5018 1381 00       		.byte	0
 5019 1382 11       		.byte	17
 5020 1383 00       		.byte	0
 5021 1384 FD       		.byte	-3
 5022 1385 00       		.byte	0
 5023 1386 5E       		.byte	94
 5024 1387 00       		.byte	0
 5025 1388 0C       		.byte	12
 5026 1389 00       		.byte	0
 5027 138a 08       		.byte	8
 5028 138b 00       		.byte	0
 5029 138c 00       		.byte	0
 5030 138d 00       		.byte	0
 5031 138e 10       		.byte	16
 5032 138f 00       		.byte	0
 5033 1390 18       		.byte	24
 5034 1391 00       		.byte	0
 5035 1392 00       		.byte	0
 5036 1393 00       		.byte	0
 5037 1394 00       		.byte	0
 5038 1395 00       		.byte	0
 5039 1396 06       		.byte	6
 5040 1397 00       		.byte	0
 5041 1398 20       		.byte	32
 5042 1399 00       		.byte	0
 5043 139a 00       		.byte	0
 5044 139b 00       		.byte	0
 5045 139c 00       		.byte	0
 5046 139d 00       		.byte	0
 5047 139e 85       		.byte	-123
 5048 139f 00       		.byte	0
 5049 13a0 12       		.byte	18
 5050 13a1 00       		.byte	0
 5051 13a2 89       		.byte	-119
 5052 13a3 00       		.byte	0
 5053 13a4 00       		.byte	0
 5054 13a5 00       		.byte	0
 5055 13a6 05       		.byte	5
 5056 13a7 00       		.byte	0
 5057 13a8 00       		.byte	0
 5058 13a9 00       		.byte	0
 5059 13aa 00       		.byte	0
 5060 13ab 00       		.byte	0
 5061 13ac 00       		.byte	0
 5062 13ad 00       		.byte	0
 5063 13ae 00       		.byte	0
 5064 13af 00       		.byte	0
 5065 13b0 00       		.byte	0
 5066 13b1 00       		.byte	0
 5067 13b2 00       		.byte	0
 5068 13b3 00       		.byte	0
 5069 13b4 00       		.byte	0
 5070 13b5 00       		.byte	0
 5071 13b6 00       		.byte	0
 5072 13b7 00       		.byte	0
 5073 13b8 00       		.byte	0
ARM GAS  C:\Users\ggg88\AppData\Local\Temp\cc4OMrCc.s 			page 90


 5074 13b9 02       		.byte	2
 5075 13ba 00       		.byte	0
 5076 13bb 00       		.byte	0
 5077 13bc 02       		.byte	2
 5078 13bd 00       		.byte	0
 5079 13be 20       		.byte	32
 5080 13bf 09       		.byte	9
 5081 13c0 01       		.byte	1
 5082 13c1 20       		.byte	32
 5083 13c2 00       		.byte	0
 5084 13c3 00       		.byte	0
 5085 13c4 02       		.byte	2
 5086 13c5 08       		.byte	8
 5087 13c6 0A       		.byte	10
 5088 13c7 00       		.byte	0
 5089 13c8 00       		.byte	0
 5090 13c9 00       		.byte	0
 5091 13ca 00       		.byte	0
 5092 13cb 00       		.byte	0
 5093 13cc 00       		.byte	0
 5094 13cd 10       		.byte	16
 5095 13ce 00       		.byte	0
 5096 13cf 56       		.byte	86
 5097 13d0 00       		.byte	0
 5098 13d1 02       		.byte	2
 5099 13d2 00       		.byte	0
 5100 13d3 00       		.byte	0
 5101 13d4 00       		.byte	0
 5102 13d5 00       		.byte	0
 5103 13d6 20       		.byte	32
 5104 13d7 02       		.byte	2
 5105 13d8 08       		.byte	8
 5106 13d9 24       		.byte	36
 5107 13da 40       		.byte	64
 5108 13db 00       		.byte	0
 5109 13dc 00       		.byte	0
 5110 13dd 00       		.byte	0
 5111 13de 00       		.byte	0
 5112 13df 00       		.byte	0
 5113 13e0 02       		.byte	2
 5114 13e1 22       		.byte	34
 5115 13e2 00       		.byte	0
 5116 13e3 02       		.byte	2
 5117 13e4 02       		.byte	2
 5118 13e5 00       		.byte	0
 5119 13e6 20       		.byte	32
 5120 13e7 00       		.byte	0
 5121 13e8 00       		.byte	0
 5122 13e9 00       		.byte	0
 5123 13ea 04       		.byte	4
 5124 13eb 08       		.byte	8
 5125 13ec 00       		.byte	0
 5126 13ed 00       		.byte	0
 5127 13ee 05       		.byte	5
 5128 13ef 20       		.byte	32
 5129 13f0 00       		.byte	0
 5130 13f1 88       		.byte	-120
ARM GAS  C:\Users\ggg88\AppData\Local\Temp\cc4OMrCc.s 			page 91


 5131 13f2 00       		.byte	0
 5132 13f3 40       		.byte	64
 5133 13f4 00       		.byte	0
 5134 13f5 00       		.byte	0
 5135 13f6 00       		.byte	0
 5136 13f7 28       		.byte	40
 5137 13f8 00       		.byte	0
 5138 13f9 00       		.byte	0
 5139 13fa 00       		.byte	0
 5140 13fb 00       		.byte	0
 5141 13fc 00       		.byte	0
 5142 13fd 00       		.byte	0
 5143 13fe 00       		.byte	0
 5144 13ff 00       		.byte	0
 5145 1400 00       		.byte	0
 5146 1401 00       		.byte	0
 5147 1402 00       		.byte	0
 5148 1403 00       		.byte	0
 5149 1404 00       		.byte	0
 5150 1405 00       		.byte	0
 5151 1406 00       		.byte	0
 5152 1407 00       		.byte	0
 5153 1408 00       		.byte	0
 5154 1409 00       		.byte	0
 5155 140a 00       		.byte	0
 5156 140b 00       		.byte	0
 5157 140c 00       		.byte	0
 5158 140d 00       		.byte	0
 5159 140e 00       		.byte	0
 5160 140f 00       		.byte	0
 5161 1410 14       		.byte	20
 5162 1411 80       		.byte	-128
 5163 1412 00       		.byte	0
 5164 1413 00       		.byte	0
 5165 1414 00       		.byte	0
 5166 1415 00       		.byte	0
 5167 1416 40       		.byte	64
 5168 1417 00       		.byte	0
 5169 1418 00       		.byte	0
 5170 1419 04       		.byte	4
 5171 141a 60       		.byte	96
 5172 141b 00       		.byte	0
 5173 141c 00       		.byte	0
 5174 141d 00       		.byte	0
 5175 141e 00       		.byte	0
 5176 141f 20       		.byte	32
 5177 1420 00       		.byte	0
 5178 1421 00       		.byte	0
 5179 1422 00       		.byte	0
 5180 1423 00       		.byte	0
 5181 1424 00       		.byte	0
 5182 1425 00       		.byte	0
 5183 1426 00       		.byte	0
 5184 1427 55       		.byte	85
 5185 1428 00       		.byte	0
 5186 1429 00       		.byte	0
 5187 142a 00       		.byte	0
ARM GAS  C:\Users\ggg88\AppData\Local\Temp\cc4OMrCc.s 			page 92


 5188 142b 00       		.byte	0
 5189 142c 00       		.byte	0
 5190 142d 00       		.byte	0
 5191 142e 00       		.byte	0
 5192 142f 0A       		.byte	10
 5193 1430 00       		.byte	0
 5194 1431 00       		.byte	0
 5195 1432 08       		.byte	8
 5196 1433 00       		.byte	0
 5197 1434 00       		.byte	0
 5198 1435 00       		.byte	0
 5199 1436 80       		.byte	-128
 5200 1437 00       		.byte	0
 5201 1438 01       		.byte	1
 5202 1439 00       		.byte	0
 5203 143a 20       		.byte	32
 5204 143b 04       		.byte	4
 5205 143c 02       		.byte	2
 5206 143d 00       		.byte	0
 5207 143e 00       		.byte	0
 5208 143f 01       		.byte	1
 5209 1440 04       		.byte	4
 5210 1441 00       		.byte	0
 5211 1442 01       		.byte	1
 5212 1443 08       		.byte	8
 5213 1444 00       		.byte	0
 5214 1445 20       		.byte	32
 5215 1446 00       		.byte	0
 5216 1447 00       		.byte	0
 5217 1448 A8       		.byte	-88
 5218 1449 04       		.byte	4
 5219 144a 45       		.byte	69
 5220 144b 20       		.byte	32
 5221 144c 02       		.byte	2
 5222 144d 10       		.byte	16
 5223 144e 82       		.byte	-126
 5224 144f 40       		.byte	64
 5225 1450 10       		.byte	16
 5226 1451 21       		.byte	33
 5227 1452 00       		.byte	0
 5228 1453 00       		.byte	0
 5229 1454 08       		.byte	8
 5230 1455 00       		.byte	0
 5231 1456 21       		.byte	33
 5232 1457 4A       		.byte	74
 5233 1458 08       		.byte	8
 5234 1459 18       		.byte	24
 5235 145a 8D       		.byte	-115
 5236 145b 10       		.byte	16
 5237 145c 02       		.byte	2
 5238 145d 04       		.byte	4
 5239 145e 32       		.byte	50
 5240 145f 02       		.byte	2
 5241 1460 00       		.byte	0
 5242 1461 00       		.byte	0
 5243 1462 00       		.byte	0
 5244 1463 04       		.byte	4
ARM GAS  C:\Users\ggg88\AppData\Local\Temp\cc4OMrCc.s 			page 93


 5245 1464 00       		.byte	0
 5246 1465 00       		.byte	0
 5247 1466 00       		.byte	0
 5248 1467 00       		.byte	0
 5249 1468 00       		.byte	0
 5250 1469 00       		.byte	0
 5251 146a 00       		.byte	0
 5252 146b 80       		.byte	-128
 5253 146c 00       		.byte	0
 5254 146d 14       		.byte	20
 5255 146e 00       		.byte	0
 5256 146f 04       		.byte	4
 5257 1470 00       		.byte	0
 5258 1471 00       		.byte	0
 5259 1472 00       		.byte	0
 5260 1473 00       		.byte	0
 5261 1474 00       		.byte	0
 5262 1475 00       		.byte	0
 5263 1476 00       		.byte	0
 5264 1477 00       		.byte	0
 5265 1478 F8       		.byte	-8
 5266 1479 00       		.byte	0
 5267 147a FA       		.byte	-6
 5268 147b 00       		.byte	0
 5269 147c F0       		.byte	-16
 5270 147d 00       		.byte	0
 5271 147e 00       		.byte	0
 5272 147f 00       		.byte	0
 5273 1480 00       		.byte	0
 5274 1481 00       		.byte	0
 5275 1482 3D       		.byte	61
 5276 1483 00       		.byte	0
 5277 1484 E2       		.byte	-30
 5278 1485 00       		.byte	0
 5279 1486 6A       		.byte	106
 5280 1487 00       		.byte	0
 5281 1488 00       		.byte	0
 5282 1489 00       		.byte	0
 5283 148a 00       		.byte	0
 5284 148b 00       		.byte	0
 5285 148c 00       		.byte	0
 5286 148d 00       		.byte	0
 5287 148e 1E       		.byte	30
 5288 148f 00       		.byte	0
 5289 1490 4E       		.byte	78
 5290 1491 00       		.byte	0
 5291 1492 00       		.byte	0
 5292 1493 00       		.byte	0
 5293 1494 00       		.byte	0
 5294 1495 00       		.byte	0
 5295 1496 84       		.byte	-124
 5296 1497 00       		.byte	0
 5297 1498 00       		.byte	0
 5298 1499 00       		.byte	0
 5299 149a 00       		.byte	0
 5300 149b 00       		.byte	0
 5301 149c 08       		.byte	8
ARM GAS  C:\Users\ggg88\AppData\Local\Temp\cc4OMrCc.s 			page 94


 5302 149d 00       		.byte	0
 5303 149e 42       		.byte	66
 5304 149f 00       		.byte	0
 5305 14a0 50       		.byte	80
 5306 14a1 00       		.byte	0
 5307 14a2 00       		.byte	0
 5308 14a3 00       		.byte	0
 5309 14a4 30       		.byte	48
 5310 14a5 00       		.byte	0
 5311 14a6 84       		.byte	-124
 5312 14a7 00       		.byte	0
 5313 14a8 00       		.byte	0
 5314 14a9 00       		.byte	0
 5315 14aa 00       		.byte	0
 5316 14ab 00       		.byte	0
 5317 14ac 00       		.byte	0
 5318 14ad 00       		.byte	0
 5319 14ae 00       		.byte	0
 5320 14af 00       		.byte	0
 5321 14b0 00       		.byte	0
 5322 14b1 00       		.byte	0
 5323 14b2 00       		.byte	0
 5324 14b3 00       		.byte	0
 5325 14b4 00       		.byte	0
 5326 14b5 00       		.byte	0
 5327 14b6 00       		.byte	0
 5328 14b7 00       		.byte	0
 5329 14b8 00       		.byte	0
 5330 14b9 02       		.byte	2
 5331 14ba 28       		.byte	40
 5332 14bb 01       		.byte	1
 5333 14bc 80       		.byte	-128
 5334 14bd 11       		.byte	17
 5335 14be 00       		.byte	0
 5336 14bf 00       		.byte	0
 5337 14c0 09       		.byte	9
 5338 14c1 40       		.byte	64
 5339 14c2 04       		.byte	4
 5340 14c3 00       		.byte	0
 5341 14c4 00       		.byte	0
 5342 14c5 20       		.byte	32
 5343 14c6 00       		.byte	0
 5344 14c7 00       		.byte	0
 5345 14c8 00       		.byte	0
 5346 14c9 40       		.byte	64
 5347 14ca 00       		.byte	0
 5348 14cb 01       		.byte	1
 5349 14cc 48       		.byte	72
 5350 14cd 40       		.byte	64
 5351 14ce 00       		.byte	0
 5352 14cf 01       		.byte	1
 5353 14d0 80       		.byte	-128
 5354 14d1 52       		.byte	82
 5355 14d2 04       		.byte	4
 5356 14d3 02       		.byte	2
 5357 14d4 00       		.byte	0
 5358 14d5 00       		.byte	0
ARM GAS  C:\Users\ggg88\AppData\Local\Temp\cc4OMrCc.s 			page 95


 5359 14d6 00       		.byte	0
 5360 14d7 00       		.byte	0
 5361 14d8 00       		.byte	0
 5362 14d9 20       		.byte	32
 5363 14da 00       		.byte	0
 5364 14db 00       		.byte	0
 5365 14dc 08       		.byte	8
 5366 14dd 00       		.byte	0
 5367 14de 00       		.byte	0
 5368 14df 00       		.byte	0
 5369 14e0 08       		.byte	8
 5370 14e1 21       		.byte	33
 5371 14e2 00       		.byte	0
 5372 14e3 02       		.byte	2
 5373 14e4 80       		.byte	-128
 5374 14e5 00       		.byte	0
 5375 14e6 04       		.byte	4
 5376 14e7 02       		.byte	2
 5377 14e8 80       		.byte	-128
 5378 14e9 10       		.byte	16
 5379 14ea 00       		.byte	0
 5380 14eb 01       		.byte	1
 5381 14ec 41       		.byte	65
 5382 14ed 21       		.byte	33
 5383 14ee 02       		.byte	2
 5384 14ef 00       		.byte	0
 5385 14f0 00       		.byte	0
 5386 14f1 41       		.byte	65
 5387 14f2 00       		.byte	0
 5388 14f3 00       		.byte	0
 5389 14f4 00       		.byte	0
 5390 14f5 40       		.byte	64
 5391 14f6 00       		.byte	0
 5392 14f7 00       		.byte	0
 5393 14f8 00       		.byte	0
 5394 14f9 00       		.byte	0
 5395 14fa 00       		.byte	0
 5396 14fb 00       		.byte	0
 5397 14fc 00       		.byte	0
 5398 14fd 00       		.byte	0
 5399 14fe 00       		.byte	0
 5400 14ff 00       		.byte	0
 5401 1500 00       		.byte	0
 5402 1501 00       		.byte	0
 5403 1502 00       		.byte	0
 5404 1503 00       		.byte	0
 5405 1504 00       		.byte	0
 5406 1505 00       		.byte	0
 5407 1506 00       		.byte	0
 5408 1507 00       		.byte	0
 5409 1508 00       		.byte	0
 5410 1509 00       		.byte	0
 5411 150a 00       		.byte	0
 5412 150b 00       		.byte	0
 5413 150c 00       		.byte	0
 5414 150d 00       		.byte	0
 5415 150e 00       		.byte	0
ARM GAS  C:\Users\ggg88\AppData\Local\Temp\cc4OMrCc.s 			page 96


 5416 150f 00       		.byte	0
 5417 1510 00       		.byte	0
 5418 1511 00       		.byte	0
 5419 1512 A8       		.byte	-88
 5420 1513 02       		.byte	2
 5421 1514 00       		.byte	0
 5422 1515 00       		.byte	0
 5423 1516 40       		.byte	64
 5424 1517 20       		.byte	32
 5425 1518 00       		.byte	0
 5426 1519 80       		.byte	-128
 5427 151a 01       		.byte	1
 5428 151b 28       		.byte	40
 5429 151c 02       		.byte	2
 5430 151d 00       		.byte	0
 5431 151e 40       		.byte	64
 5432 151f 08       		.byte	8
 5433 1520 00       		.byte	0
 5434 1521 00       		.byte	0
 5435 1522 00       		.byte	0
 5436 1523 00       		.byte	0
 5437 1524 00       		.byte	0
 5438 1525 00       		.byte	0
 5439 1526 00       		.byte	0
 5440 1527 00       		.byte	0
 5441 1528 00       		.byte	0
 5442 1529 00       		.byte	0
 5443 152a 00       		.byte	0
 5444 152b 00       		.byte	0
 5445 152c 00       		.byte	0
 5446 152d 00       		.byte	0
 5447 152e 00       		.byte	0
 5448 152f 00       		.byte	0
 5449 1530 00       		.byte	0
 5450 1531 00       		.byte	0
 5451 1532 00       		.byte	0
 5452 1533 00       		.byte	0
 5453 1534 00       		.byte	0
 5454 1535 00       		.byte	0
 5455 1536 00       		.byte	0
 5456 1537 00       		.byte	0
 5457 1538 00       		.byte	0
 5458 1539 10       		.byte	16
 5459 153a 00       		.byte	0
 5460 153b 02       		.byte	2
 5461 153c 80       		.byte	-128
 5462 153d 70       		.byte	112
 5463 153e 08       		.byte	8
 5464 153f 00       		.byte	0
 5465 1540 00       		.byte	0
 5466 1541 00       		.byte	0
 5467 1542 00       		.byte	0
 5468 1543 00       		.byte	0
 5469 1544 04       		.byte	4
 5470 1545 00       		.byte	0
 5471 1546 00       		.byte	0
 5472 1547 00       		.byte	0
ARM GAS  C:\Users\ggg88\AppData\Local\Temp\cc4OMrCc.s 			page 97


 5473 1548 20       		.byte	32
 5474 1549 00       		.byte	0
 5475 154a 40       		.byte	64
 5476 154b 44       		.byte	68
 5477 154c 80       		.byte	-128
 5478 154d 50       		.byte	80
 5479 154e 02       		.byte	2
 5480 154f 0A       		.byte	10
 5481 1550 40       		.byte	64
 5482 1551 00       		.byte	0
 5483 1552 00       		.byte	0
 5484 1553 28       		.byte	40
 5485 1554 0B       		.byte	11
 5486 1555 50       		.byte	80
 5487 1556 41       		.byte	65
 5488 1557 00       		.byte	0
 5489 1558 00       		.byte	0
 5490 1559 00       		.byte	0
 5491 155a 10       		.byte	16
 5492 155b 00       		.byte	0
 5493 155c 08       		.byte	8
 5494 155d A0       		.byte	-96
 5495 155e 01       		.byte	1
 5496 155f 14       		.byte	20
 5497 1560 00       		.byte	0
 5498 1561 00       		.byte	0
 5499 1562 00       		.byte	0
 5500 1563 02       		.byte	2
 5501 1564 00       		.byte	0
 5502 1565 00       		.byte	0
 5503 1566 00       		.byte	0
 5504 1567 00       		.byte	0
 5505 1568 40       		.byte	64
 5506 1569 00       		.byte	0
 5507 156a 00       		.byte	0
 5508 156b 00       		.byte	0
 5509 156c 01       		.byte	1
 5510 156d 20       		.byte	32
 5511 156e 00       		.byte	0
 5512 156f 21       		.byte	33
 5513 1570 00       		.byte	0
 5514 1571 00       		.byte	0
 5515 1572 00       		.byte	0
 5516 1573 00       		.byte	0
 5517 1574 00       		.byte	0
 5518 1575 00       		.byte	0
 5519 1576 00       		.byte	0
 5520 1577 00       		.byte	0
 5521 1578 DF       		.byte	-33
 5522 1579 00       		.byte	0
 5523 157a 4F       		.byte	79
 5524 157b 00       		.byte	0
 5525 157c D9       		.byte	-39
 5526 157d 00       		.byte	0
 5527 157e 00       		.byte	0
 5528 157f 00       		.byte	0
 5529 1580 00       		.byte	0
ARM GAS  C:\Users\ggg88\AppData\Local\Temp\cc4OMrCc.s 			page 98


 5530 1581 00       		.byte	0
 5531 1582 DD       		.byte	-35
 5532 1583 00       		.byte	0
 5533 1584 BD       		.byte	-67
 5534 1585 00       		.byte	0
 5535 1586 19       		.byte	25
 5536 1587 00       		.byte	0
 5537 1588 00       		.byte	0
 5538 1589 00       		.byte	0
 5539 158a 00       		.byte	0
 5540 158b 00       		.byte	0
 5541 158c 00       		.byte	0
 5542 158d 00       		.byte	0
 5543 158e 3F       		.byte	63
 5544 158f 00       		.byte	0
 5545 1590 3F       		.byte	63
 5546 1591 00       		.byte	0
 5547 1592 00       		.byte	0
 5548 1593 00       		.byte	0
 5549 1594 00       		.byte	0
 5550 1595 00       		.byte	0
 5551 1596 00       		.byte	0
 5552 1597 00       		.byte	0
 5553 1598 0C       		.byte	12
 5554 1599 00       		.byte	0
 5555 159a 12       		.byte	18
 5556 159b 00       		.byte	0
 5557 159c 0C       		.byte	12
 5558 159d 00       		.byte	0
 5559 159e 42       		.byte	66
 5560 159f 00       		.byte	0
 5561 15a0 00       		.byte	0
 5562 15a1 00       		.byte	0
 5563 15a2 00       		.byte	0
 5564 15a3 00       		.byte	0
 5565 15a4 00       		.byte	0
 5566 15a5 00       		.byte	0
 5567 15a6 80       		.byte	-128
 5568 15a7 00       		.byte	0
 5569 15a8 00       		.byte	0
 5570 15a9 00       		.byte	0
 5571 15aa 00       		.byte	0
 5572 15ab 00       		.byte	0
 5573 15ac 00       		.byte	0
 5574 15ad 00       		.byte	0
 5575 15ae 00       		.byte	0
 5576 15af 00       		.byte	0
 5577 15b0 00       		.byte	0
 5578 15b1 00       		.byte	0
 5579 15b2 00       		.byte	0
 5580 15b3 00       		.byte	0
 5581 15b4 00       		.byte	0
 5582 15b5 00       		.byte	0
 5583 15b6 00       		.byte	0
 5584 15b7 00       		.byte	0
 5585 15b8 10       		.byte	16
 5586 15b9 00       		.byte	0
ARM GAS  C:\Users\ggg88\AppData\Local\Temp\cc4OMrCc.s 			page 99


 5587 15ba 20       		.byte	32
 5588 15bb 02       		.byte	2
 5589 15bc 32       		.byte	50
 5590 15bd 00       		.byte	0
 5591 15be 20       		.byte	32
 5592 15bf 01       		.byte	1
 5593 15c0 04       		.byte	4
 5594 15c1 00       		.byte	0
 5595 15c2 06       		.byte	6
 5596 15c3 40       		.byte	64
 5597 15c4 00       		.byte	0
 5598 15c5 48       		.byte	72
 5599 15c6 0A       		.byte	10
 5600 15c7 20       		.byte	32
 5601 15c8 80       		.byte	-128
 5602 15c9 08       		.byte	8
 5603 15ca 06       		.byte	6
 5604 15cb 00       		.byte	0
 5605 15cc 20       		.byte	32
 5606 15cd 10       		.byte	16
 5607 15ce 00       		.byte	0
 5608 15cf 00       		.byte	0
 5609 15d0 00       		.byte	0
 5610 15d1 21       		.byte	33
 5611 15d2 01       		.byte	1
 5612 15d3 00       		.byte	0
 5613 15d4 02       		.byte	2
 5614 15d5 80       		.byte	-128
 5615 15d6 02       		.byte	2
 5616 15d7 00       		.byte	0
 5617 15d8 00       		.byte	0
 5618 15d9 00       		.byte	0
 5619 15da 00       		.byte	0
 5620 15db 00       		.byte	0
 5621 15dc 00       		.byte	0
 5622 15dd 10       		.byte	16
 5623 15de 00       		.byte	0
 5624 15df 10       		.byte	16
 5625 15e0 24       		.byte	36
 5626 15e1 20       		.byte	32
 5627 15e2 00       		.byte	0
 5628 15e3 00       		.byte	0
 5629 15e4 02       		.byte	2
 5630 15e5 10       		.byte	16
 5631 15e6 00       		.byte	0
 5632 15e7 00       		.byte	0
 5633 15e8 02       		.byte	2
 5634 15e9 88       		.byte	-120
 5635 15ea 00       		.byte	0
 5636 15eb 01       		.byte	1
 5637 15ec 01       		.byte	1
 5638 15ed 00       		.byte	0
 5639 15ee 10       		.byte	16
 5640 15ef 4A       		.byte	74
 5641 15f0 4A       		.byte	74
 5642 15f1 00       		.byte	0
 5643 15f2 24       		.byte	36
ARM GAS  C:\Users\ggg88\AppData\Local\Temp\cc4OMrCc.s 			page 100


 5644 15f3 00       		.byte	0
 5645 15f4 42       		.byte	66
 5646 15f5 00       		.byte	0
 5647 15f6 00       		.byte	0
 5648 15f7 28       		.byte	40
 5649 15f8 00       		.byte	0
 5650 15f9 00       		.byte	0
 5651 15fa 00       		.byte	0
 5652 15fb 00       		.byte	0
 5653 15fc 00       		.byte	0
 5654 15fd 00       		.byte	0
 5655 15fe 00       		.byte	0
 5656 15ff 00       		.byte	0
 5657 1600 00       		.byte	0
 5658 1601 00       		.byte	0
 5659 1602 00       		.byte	0
 5660 1603 00       		.byte	0
 5661 1604 00       		.byte	0
 5662 1605 00       		.byte	0
 5663 1606 00       		.byte	0
 5664 1607 00       		.byte	0
 5665 1608 00       		.byte	0
 5666 1609 00       		.byte	0
 5667 160a 00       		.byte	0
 5668 160b 00       		.byte	0
 5669 160c 00       		.byte	0
 5670 160d 00       		.byte	0
 5671 160e 00       		.byte	0
 5672 160f 00       		.byte	0
 5673 1610 00       		.byte	0
 5674 1611 80       		.byte	-128
 5675 1612 20       		.byte	32
 5676 1613 00       		.byte	0
 5677 1614 04       		.byte	4
 5678 1615 40       		.byte	64
 5679 1616 00       		.byte	0
 5680 1617 10       		.byte	16
 5681 1618 04       		.byte	4
 5682 1619 00       		.byte	0
 5683 161a 40       		.byte	64
 5684 161b 00       		.byte	0
 5685 161c 00       		.byte	0
 5686 161d 04       		.byte	4
 5687 161e 00       		.byte	0
 5688 161f 00       		.byte	0
 5689 1620 00       		.byte	0
 5690 1621 00       		.byte	0
 5691 1622 00       		.byte	0
 5692 1623 00       		.byte	0
 5693 1624 00       		.byte	0
 5694 1625 00       		.byte	0
 5695 1626 00       		.byte	0
 5696 1627 00       		.byte	0
 5697 1628 00       		.byte	0
 5698 1629 00       		.byte	0
 5699 162a 00       		.byte	0
 5700 162b 00       		.byte	0
ARM GAS  C:\Users\ggg88\AppData\Local\Temp\cc4OMrCc.s 			page 101


 5701 162c 00       		.byte	0
 5702 162d 00       		.byte	0
 5703 162e 00       		.byte	0
 5704 162f 00       		.byte	0
 5705 1630 00       		.byte	0
 5706 1631 00       		.byte	0
 5707 1632 00       		.byte	0
 5708 1633 00       		.byte	0
 5709 1634 00       		.byte	0
 5710 1635 00       		.byte	0
 5711 1636 00       		.byte	0
 5712 1637 00       		.byte	0
 5713 1638 44       		.byte	68
 5714 1639 08       		.byte	8
 5715 163a 04       		.byte	4
 5716 163b 00       		.byte	0
 5717 163c 00       		.byte	0
 5718 163d 01       		.byte	1
 5719 163e 00       		.byte	0
 5720 163f 10       		.byte	16
 5721 1640 04       		.byte	4
 5722 1641 00       		.byte	0
 5723 1642 00       		.byte	0
 5724 1643 00       		.byte	0
 5725 1644 00       		.byte	0
 5726 1645 40       		.byte	64
 5727 1646 00       		.byte	0
 5728 1647 00       		.byte	0
 5729 1648 A8       		.byte	-88
 5730 1649 05       		.byte	5
 5731 164a 64       		.byte	100
 5732 164b 20       		.byte	32
 5733 164c 00       		.byte	0
 5734 164d 80       		.byte	-128
 5735 164e 80       		.byte	-128
 5736 164f 00       		.byte	0
 5737 1650 30       		.byte	48
 5738 1651 80       		.byte	-128
 5739 1652 00       		.byte	0
 5740 1653 00       		.byte	0
 5741 1654 09       		.byte	9
 5742 1655 10       		.byte	16
 5743 1656 61       		.byte	97
 5744 1657 D4       		.byte	-44
 5745 1658 88       		.byte	-120
 5746 1659 08       		.byte	8
 5747 165a 8C       		.byte	-116
 5748 165b 00       		.byte	0
 5749 165c 06       		.byte	6
 5750 165d 10       		.byte	16
 5751 165e 01       		.byte	1
 5752 165f 10       		.byte	16
 5753 1660 00       		.byte	0
 5754 1661 00       		.byte	0
 5755 1662 00       		.byte	0
 5756 1663 00       		.byte	0
 5757 1664 00       		.byte	0
ARM GAS  C:\Users\ggg88\AppData\Local\Temp\cc4OMrCc.s 			page 102


 5758 1665 00       		.byte	0
 5759 1666 40       		.byte	64
 5760 1667 10       		.byte	16
 5761 1668 81       		.byte	-127
 5762 1669 00       		.byte	0
 5763 166a 00       		.byte	0
 5764 166b 00       		.byte	0
 5765 166c 00       		.byte	0
 5766 166d A4       		.byte	-92
 5767 166e 04       		.byte	4
 5768 166f 00       		.byte	0
 5769 1670 00       		.byte	0
 5770 1671 00       		.byte	0
 5771 1672 00       		.byte	0
 5772 1673 00       		.byte	0
 5773 1674 00       		.byte	0
 5774 1675 00       		.byte	0
 5775 1676 00       		.byte	0
 5776 1677 00       		.byte	0
 5777 1678 B7       		.byte	-73
 5778 1679 00       		.byte	0
 5779 167a EF       		.byte	-17
 5780 167b 00       		.byte	0
 5781 167c 6F       		.byte	111
 5782 167d 00       		.byte	0
 5783 167e 00       		.byte	0
 5784 167f 00       		.byte	0
 5785 1680 00       		.byte	0
 5786 1681 00       		.byte	0
 5787 1682 32       		.byte	50
 5788 1683 00       		.byte	0
 5789 1684 FB       		.byte	-5
 5790 1685 00       		.byte	0
 5791 1686 FD       		.byte	-3
 5792 1687 00       		.byte	0
 5793 1688 00       		.byte	0
 5794 1689 00       		.byte	0
 5795 168a 00       		.byte	0
 5796 168b 00       		.byte	0
 5797 168c 00       		.byte	0
 5798 168d 00       		.byte	0
 5799 168e 7C       		.byte	124
 5800 168f 00       		.byte	0
 5801 1690 4C       		.byte	76
 5802 1691 00       		.byte	0
 5803 1692 00       		.byte	0
 5804 1693 00       		.byte	0
 5805 1694 00       		.byte	0
 5806 1695 00       		.byte	0
 5807 1696 00       		.byte	0
 5808 1697 00       		.byte	0
 5809 1698 60       		.byte	96
 5810 1699 00       		.byte	0
 5811 169a 00       		.byte	0
 5812 169b 00       		.byte	0
 5813 169c 00       		.byte	0
 5814 169d 00       		.byte	0
ARM GAS  C:\Users\ggg88\AppData\Local\Temp\cc4OMrCc.s 			page 103


 5815 169e 80       		.byte	-128
 5816 169f 00       		.byte	0
 5817 16a0 30       		.byte	48
 5818 16a1 00       		.byte	0
 5819 16a2 80       		.byte	-128
 5820 16a3 00       		.byte	0
 5821 16a4 00       		.byte	0
 5822 16a5 00       		.byte	0
 5823 16a6 11       		.byte	17
 5824 16a7 00       		.byte	0
 5825 16a8 00       		.byte	0
 5826 16a9 00       		.byte	0
 5827 16aa 00       		.byte	0
 5828 16ab 00       		.byte	0
 5829 16ac 00       		.byte	0
 5830 16ad 00       		.byte	0
 5831 16ae 00       		.byte	0
 5832 16af 00       		.byte	0
 5833 16b0 00       		.byte	0
 5834 16b1 00       		.byte	0
 5835 16b2 00       		.byte	0
 5836 16b3 00       		.byte	0
 5837 16b4 00       		.byte	0
 5838 16b5 00       		.byte	0
 5839 16b6 00       		.byte	0
 5840 16b7 00       		.byte	0
 5841 16b8 00       		.byte	0
 5842 16b9 08       		.byte	8
 5843 16ba 40       		.byte	64
 5844 16bb 00       		.byte	0
 5845 16bc 80       		.byte	-128
 5846 16bd 10       		.byte	16
 5847 16be 00       		.byte	0
 5848 16bf 00       		.byte	0
 5849 16c0 00       		.byte	0
 5850 16c1 00       		.byte	0
 5851 16c2 20       		.byte	32
 5852 16c3 08       		.byte	8
 5853 16c4 01       		.byte	1
 5854 16c5 20       		.byte	32
 5855 16c6 00       		.byte	0
 5856 16c7 00       		.byte	0
 5857 16c8 02       		.byte	2
 5858 16c9 00       		.byte	0
 5859 16ca 00       		.byte	0
 5860 16cb 00       		.byte	0
 5861 16cc 48       		.byte	72
 5862 16cd 40       		.byte	64
 5863 16ce 80       		.byte	-128
 5864 16cf 00       		.byte	0
 5865 16d0 42       		.byte	66
 5866 16d1 20       		.byte	32
 5867 16d2 20       		.byte	32
 5868 16d3 00       		.byte	0
 5869 16d4 00       		.byte	0
 5870 16d5 00       		.byte	0
 5871 16d6 00       		.byte	0
ARM GAS  C:\Users\ggg88\AppData\Local\Temp\cc4OMrCc.s 			page 104


 5872 16d7 00       		.byte	0
 5873 16d8 84       		.byte	-124
 5874 16d9 08       		.byte	8
 5875 16da 00       		.byte	0
 5876 16db 01       		.byte	1
 5877 16dc 30       		.byte	48
 5878 16dd 50       		.byte	80
 5879 16de 00       		.byte	0
 5880 16df 08       		.byte	8
 5881 16e0 00       		.byte	0
 5882 16e1 00       		.byte	0
 5883 16e2 00       		.byte	0
 5884 16e3 02       		.byte	2
 5885 16e4 00       		.byte	0
 5886 16e5 00       		.byte	0
 5887 16e6 21       		.byte	33
 5888 16e7 10       		.byte	16
 5889 16e8 20       		.byte	32
 5890 16e9 08       		.byte	8
 5891 16ea 00       		.byte	0
 5892 16eb 00       		.byte	0
 5893 16ec 00       		.byte	0
 5894 16ed 00       		.byte	0
 5895 16ee 00       		.byte	0
 5896 16ef 56       		.byte	86
 5897 16f0 00       		.byte	0
 5898 16f1 A5       		.byte	-91
 5899 16f2 00       		.byte	0
 5900 16f3 00       		.byte	0
 5901 16f4 10       		.byte	16
 5902 16f5 88       		.byte	-120
 5903 16f6 00       		.byte	0
 5904 16f7 46       		.byte	70
 5905 16f8 00       		.byte	0
 5906 16f9 00       		.byte	0
 5907 16fa 00       		.byte	0
 5908 16fb 00       		.byte	0
 5909 16fc 00       		.byte	0
 5910 16fd 00       		.byte	0
 5911 16fe 20       		.byte	32
 5912 16ff 08       		.byte	8
 5913 1700 00       		.byte	0
 5914 1701 00       		.byte	0
 5915 1702 00       		.byte	0
 5916 1703 00       		.byte	0
 5917 1704 00       		.byte	0
 5918 1705 00       		.byte	0
 5919 1706 00       		.byte	0
 5920 1707 00       		.byte	0
 5921 1708 00       		.byte	0
 5922 1709 00       		.byte	0
 5923 170a 00       		.byte	0
 5924 170b 00       		.byte	0
 5925 170c 00       		.byte	0
 5926 170d 00       		.byte	0
 5927 170e 00       		.byte	0
 5928 170f 00       		.byte	0
ARM GAS  C:\Users\ggg88\AppData\Local\Temp\cc4OMrCc.s 			page 105


 5929 1710 00       		.byte	0
 5930 1711 00       		.byte	0
 5931 1712 02       		.byte	2
 5932 1713 00       		.byte	0
 5933 1714 80       		.byte	-128
 5934 1715 10       		.byte	16
 5935 1716 00       		.byte	0
 5936 1717 00       		.byte	0
 5937 1718 20       		.byte	32
 5938 1719 40       		.byte	64
 5939 171a 22       		.byte	34
 5940 171b 00       		.byte	0
 5941 171c 00       		.byte	0
 5942 171d 00       		.byte	0
 5943 171e 00       		.byte	0
 5944 171f 00       		.byte	0
 5945 1720 00       		.byte	0
 5946 1721 00       		.byte	0
 5947 1722 00       		.byte	0
 5948 1723 00       		.byte	0
 5949 1724 00       		.byte	0
 5950 1725 00       		.byte	0
 5951 1726 00       		.byte	0
 5952 1727 00       		.byte	0
 5953 1728 00       		.byte	0
 5954 1729 00       		.byte	0
 5955 172a 00       		.byte	0
 5956 172b 00       		.byte	0
 5957 172c 00       		.byte	0
 5958 172d 00       		.byte	0
 5959 172e 00       		.byte	0
 5960 172f 00       		.byte	0
 5961 1730 90       		.byte	-112
 5962 1731 00       		.byte	0
 5963 1732 01       		.byte	1
 5964 1733 00       		.byte	0
 5965 1734 00       		.byte	0
 5966 1735 00       		.byte	0
 5967 1736 00       		.byte	0
 5968 1737 00       		.byte	0
 5969 1738 22       		.byte	34
 5970 1739 00       		.byte	0
 5971 173a 80       		.byte	-128
 5972 173b 04       		.byte	4
 5973 173c 00       		.byte	0
 5974 173d 00       		.byte	0
 5975 173e 00       		.byte	0
 5976 173f 00       		.byte	0
 5977 1740 00       		.byte	0
 5978 1741 80       		.byte	-128
 5979 1742 00       		.byte	0
 5980 1743 00       		.byte	0
 5981 1744 54       		.byte	84
 5982 1745 00       		.byte	0
 5983 1746 42       		.byte	66
 5984 1747 00       		.byte	0
 5985 1748 00       		.byte	0
ARM GAS  C:\Users\ggg88\AppData\Local\Temp\cc4OMrCc.s 			page 106


 5986 1749 A5       		.byte	-91
 5987 174a 01       		.byte	1
 5988 174b 20       		.byte	32
 5989 174c 00       		.byte	0
 5990 174d 40       		.byte	64
 5991 174e 00       		.byte	0
 5992 174f 02       		.byte	2
 5993 1750 10       		.byte	16
 5994 1751 08       		.byte	8
 5995 1752 00       		.byte	0
 5996 1753 56       		.byte	86
 5997 1754 02       		.byte	2
 5998 1755 10       		.byte	16
 5999 1756 01       		.byte	1
 6000 1757 08       		.byte	8
 6001 1758 20       		.byte	32
 6002 1759 04       		.byte	4
 6003 175a 30       		.byte	48
 6004 175b 01       		.byte	1
 6005 175c 08       		.byte	8
 6006 175d 70       		.byte	112
 6007 175e 00       		.byte	0
 6008 175f 10       		.byte	16
 6009 1760 81       		.byte	-127
 6010 1761 00       		.byte	0
 6011 1762 00       		.byte	0
 6012 1763 00       		.byte	0
 6013 1764 00       		.byte	0
 6014 1765 00       		.byte	0
 6015 1766 00       		.byte	0
 6016 1767 00       		.byte	0
 6017 1768 10       		.byte	16
 6018 1769 00       		.byte	0
 6019 176a 80       		.byte	-128
 6020 176b 00       		.byte	0
 6021 176c 30       		.byte	48
 6022 176d 00       		.byte	0
 6023 176e 00       		.byte	0
 6024 176f 00       		.byte	0
 6025 1770 00       		.byte	0
 6026 1771 00       		.byte	0
 6027 1772 00       		.byte	0
 6028 1773 00       		.byte	0
 6029 1774 00       		.byte	0
 6030 1775 00       		.byte	0
 6031 1776 00       		.byte	0
 6032 1777 00       		.byte	0
 6033 1778 CC       		.byte	-52
 6034 1779 00       		.byte	0
 6035 177a 56       		.byte	86
 6036 177b 00       		.byte	0
 6037 177c D1       		.byte	-47
 6038 177d 00       		.byte	0
 6039 177e 00       		.byte	0
 6040 177f 00       		.byte	0
 6041 1780 00       		.byte	0
 6042 1781 00       		.byte	0
ARM GAS  C:\Users\ggg88\AppData\Local\Temp\cc4OMrCc.s 			page 107


 6043 1782 E8       		.byte	-24
 6044 1783 00       		.byte	0
 6045 1784 F6       		.byte	-10
 6046 1785 00       		.byte	0
 6047 1786 FF       		.byte	-1
 6048 1787 00       		.byte	0
 6049 1788 00       		.byte	0
 6050 1789 00       		.byte	0
 6051 178a 00       		.byte	0
 6052 178b 00       		.byte	0
 6053 178c 00       		.byte	0
 6054 178d 00       		.byte	0
 6055 178e 31       		.byte	49
 6056 178f 00       		.byte	0
 6057 1790 0F       		.byte	15
 6058 1791 00       		.byte	0
 6059 1792 00       		.byte	0
 6060 1793 00       		.byte	0
 6061 1794 00       		.byte	0
 6062 1795 00       		.byte	0
 6063 1796 04       		.byte	4
 6064 1797 00       		.byte	0
 6065 1798 00       		.byte	0
 6066 1799 00       		.byte	0
 6067 179a 15       		.byte	21
 6068 179b 00       		.byte	0
 6069 179c 00       		.byte	0
 6070 179d 00       		.byte	0
 6071 179e 90       		.byte	-112
 6072 179f 00       		.byte	0
 6073 17a0 20       		.byte	32
 6074 17a1 00       		.byte	0
 6075 17a2 00       		.byte	0
 6076 17a3 00       		.byte	0
 6077 17a4 00       		.byte	0
 6078 17a5 00       		.byte	0
 6079 17a6 01       		.byte	1
 6080 17a7 00       		.byte	0
 6081 17a8 00       		.byte	0
 6082 17a9 00       		.byte	0
 6083 17aa 00       		.byte	0
 6084 17ab 00       		.byte	0
 6085 17ac 00       		.byte	0
 6086 17ad 00       		.byte	0
 6087 17ae 00       		.byte	0
 6088 17af 00       		.byte	0
 6089 17b0 00       		.byte	0
 6090 17b1 00       		.byte	0
 6091 17b2 00       		.byte	0
 6092 17b3 00       		.byte	0
 6093 17b4 00       		.byte	0
 6094 17b5 00       		.byte	0
 6095 17b6 00       		.byte	0
 6096 17b7 00       		.byte	0
 6097 17b8 00       		.byte	0
 6098 17b9 40       		.byte	64
 6099 17ba 00       		.byte	0
ARM GAS  C:\Users\ggg88\AppData\Local\Temp\cc4OMrCc.s 			page 108


 6100 17bb 00       		.byte	0
 6101 17bc 00       		.byte	0
 6102 17bd 00       		.byte	0
 6103 17be 00       		.byte	0
 6104 17bf 00       		.byte	0
 6105 17c0 0A       		.byte	10
 6106 17c1 02       		.byte	2
 6107 17c2 00       		.byte	0
 6108 17c3 00       		.byte	0
 6109 17c4 00       		.byte	0
 6110 17c5 82       		.byte	-126
 6111 17c6 00       		.byte	0
 6112 17c7 00       		.byte	0
 6113 17c8 08       		.byte	8
 6114 17c9 04       		.byte	4
 6115 17ca 00       		.byte	0
 6116 17cb 02       		.byte	2
 6117 17cc 04       		.byte	4
 6118 17cd 00       		.byte	0
 6119 17ce 00       		.byte	0
 6120 17cf 00       		.byte	0
 6121 17d0 00       		.byte	0
 6122 17d1 01       		.byte	1
 6123 17d2 04       		.byte	4
 6124 17d3 00       		.byte	0
 6125 17d4 02       		.byte	2
 6126 17d5 00       		.byte	0
 6127 17d6 10       		.byte	16
 6128 17d7 01       		.byte	1
 6129 17d8 00       		.byte	0
 6130 17d9 00       		.byte	0
 6131 17da 00       		.byte	0
 6132 17db 00       		.byte	0
 6133 17dc 10       		.byte	16
 6134 17dd 00       		.byte	0
 6135 17de 04       		.byte	4
 6136 17df 00       		.byte	0
 6137 17e0 20       		.byte	32
 6138 17e1 00       		.byte	0
 6139 17e2 20       		.byte	32
 6140 17e3 00       		.byte	0
 6141 17e4 42       		.byte	66
 6142 17e5 00       		.byte	0
 6143 17e6 20       		.byte	32
 6144 17e7 00       		.byte	0
 6145 17e8 62       		.byte	98
 6146 17e9 08       		.byte	8
 6147 17ea 10       		.byte	16
 6148 17eb 00       		.byte	0
 6149 17ec 20       		.byte	32
 6150 17ed 00       		.byte	0
 6151 17ee 05       		.byte	5
 6152 17ef 40       		.byte	64
 6153 17f0 10       		.byte	16
 6154 17f1 80       		.byte	-128
 6155 17f2 00       		.byte	0
 6156 17f3 00       		.byte	0
ARM GAS  C:\Users\ggg88\AppData\Local\Temp\cc4OMrCc.s 			page 109


 6157 17f4 00       		.byte	0
 6158 17f5 00       		.byte	0
 6159 17f6 00       		.byte	0
 6160 17f7 20       		.byte	32
 6161 17f8 00       		.byte	0
 6162 17f9 00       		.byte	0
 6163 17fa 00       		.byte	0
 6164 17fb 00       		.byte	0
 6165 17fc 00       		.byte	0
 6166 17fd 00       		.byte	0
 6167 17fe 00       		.byte	0
 6168 17ff 84       		.byte	-124
 6169 1800 01       		.byte	1
 6170 1801 00       		.byte	0
 6171 1802 02       		.byte	2
 6172 1803 00       		.byte	0
 6173 1804 00       		.byte	0
 6174 1805 01       		.byte	1
 6175 1806 02       		.byte	2
 6176 1807 00       		.byte	0
 6177 1808 00       		.byte	0
 6178 1809 00       		.byte	0
 6179 180a 00       		.byte	0
 6180 180b 00       		.byte	0
 6181 180c 20       		.byte	32
 6182 180d 86       		.byte	-122
 6183 180e 04       		.byte	4
 6184 180f 00       		.byte	0
 6185 1810 00       		.byte	0
 6186 1811 00       		.byte	0
 6187 1812 80       		.byte	-128
 6188 1813 00       		.byte	0
 6189 1814 02       		.byte	2
 6190 1815 00       		.byte	0
 6191 1816 00       		.byte	0
 6192 1817 00       		.byte	0
 6193 1818 00       		.byte	0
 6194 1819 00       		.byte	0
 6195 181a 00       		.byte	0
 6196 181b 00       		.byte	0
 6197 181c 00       		.byte	0
 6198 181d 10       		.byte	16
 6199 181e 00       		.byte	0
 6200 181f 92       		.byte	-110
 6201 1820 08       		.byte	8
 6202 1821 04       		.byte	4
 6203 1822 00       		.byte	0
 6204 1823 02       		.byte	2
 6205 1824 00       		.byte	0
 6206 1825 00       		.byte	0
 6207 1826 00       		.byte	0
 6208 1827 00       		.byte	0
 6209 1828 D4       		.byte	-44
 6210 1829 00       		.byte	0
 6211 182a 00       		.byte	0
 6212 182b 00       		.byte	0
 6213 182c 00       		.byte	0
ARM GAS  C:\Users\ggg88\AppData\Local\Temp\cc4OMrCc.s 			page 110


 6214 182d 00       		.byte	0
 6215 182e 00       		.byte	0
 6216 182f 00       		.byte	0
 6217 1830 00       		.byte	0
 6218 1831 00       		.byte	0
 6219 1832 00       		.byte	0
 6220 1833 00       		.byte	0
 6221 1834 80       		.byte	-128
 6222 1835 00       		.byte	0
 6223 1836 00       		.byte	0
 6224 1837 00       		.byte	0
 6225 1838 00       		.byte	0
 6226 1839 40       		.byte	64
 6227 183a 00       		.byte	0
 6228 183b 00       		.byte	0
 6229 183c 00       		.byte	0
 6230 183d 00       		.byte	0
 6231 183e 00       		.byte	0
 6232 183f 40       		.byte	64
 6233 1840 04       		.byte	4
 6234 1841 00       		.byte	0
 6235 1842 00       		.byte	0
 6236 1843 00       		.byte	0
 6237 1844 08       		.byte	8
 6238 1845 01       		.byte	1
 6239 1846 10       		.byte	16
 6240 1847 00       		.byte	0
 6241 1848 00       		.byte	0
 6242 1849 00       		.byte	0
 6243 184a 40       		.byte	64
 6244 184b 20       		.byte	32
 6245 184c 00       		.byte	0
 6246 184d 00       		.byte	0
 6247 184e 00       		.byte	0
 6248 184f 00       		.byte	0
 6249 1850 70       		.byte	112
 6250 1851 00       		.byte	0
 6251 1852 00       		.byte	0
 6252 1853 00       		.byte	0
 6253 1854 01       		.byte	1
 6254 1855 20       		.byte	32
 6255 1856 21       		.byte	33
 6256 1857 10       		.byte	16
 6257 1858 00       		.byte	0
 6258 1859 08       		.byte	8
 6259 185a 88       		.byte	-120
 6260 185b 00       		.byte	0
 6261 185c 06       		.byte	6
 6262 185d 10       		.byte	16
 6263 185e 05       		.byte	5
 6264 185f 00       		.byte	0
 6265 1860 00       		.byte	0
 6266 1861 01       		.byte	1
 6267 1862 20       		.byte	32
 6268 1863 00       		.byte	0
 6269 1864 80       		.byte	-128
 6270 1865 00       		.byte	0
ARM GAS  C:\Users\ggg88\AppData\Local\Temp\cc4OMrCc.s 			page 111


 6271 1866 00       		.byte	0
 6272 1867 00       		.byte	0
 6273 1868 14       		.byte	20
 6274 1869 00       		.byte	0
 6275 186a 00       		.byte	0
 6276 186b 00       		.byte	0
 6277 186c 00       		.byte	0
 6278 186d 00       		.byte	0
 6279 186e 02       		.byte	2
 6280 186f 43       		.byte	67
 6281 1870 00       		.byte	0
 6282 1871 00       		.byte	0
 6283 1872 00       		.byte	0
 6284 1873 00       		.byte	0
 6285 1874 00       		.byte	0
 6286 1875 00       		.byte	0
 6287 1876 00       		.byte	0
 6288 1877 00       		.byte	0
 6289 1878 01       		.byte	1
 6290 1879 00       		.byte	0
 6291 187a 94       		.byte	-108
 6292 187b 00       		.byte	0
 6293 187c 4E       		.byte	78
 6294 187d 00       		.byte	0
 6295 187e 00       		.byte	0
 6296 187f 00       		.byte	0
 6297 1880 00       		.byte	0
 6298 1881 00       		.byte	0
 6299 1882 B6       		.byte	-74
 6300 1883 00       		.byte	0
 6301 1884 FB       		.byte	-5
 6302 1885 00       		.byte	0
 6303 1886 2C       		.byte	44
 6304 1887 00       		.byte	0
 6305 1888 50       		.byte	80
 6306 1889 00       		.byte	0
 6307 188a 10       		.byte	16
 6308 188b 00       		.byte	0
 6309 188c 00       		.byte	0
 6310 188d 00       		.byte	0
 6311 188e 88       		.byte	-120
 6312 188f 00       		.byte	0
 6313 1890 F0       		.byte	-16
 6314 1891 00       		.byte	0
 6315 1892 00       		.byte	0
 6316 1893 00       		.byte	0
 6317 1894 00       		.byte	0
 6318 1895 00       		.byte	0
 6319 1896 10       		.byte	16
 6320 1897 00       		.byte	0
 6321 1898 00       		.byte	0
 6322 1899 00       		.byte	0
 6323 189a 44       		.byte	68
 6324 189b 00       		.byte	0
 6325 189c 80       		.byte	-128
 6326 189d 00       		.byte	0
 6327 189e 10       		.byte	16
ARM GAS  C:\Users\ggg88\AppData\Local\Temp\cc4OMrCc.s 			page 112


 6328 189f 00       		.byte	0
 6329 18a0 10       		.byte	16
 6330 18a1 00       		.byte	0
 6331 18a2 00       		.byte	0
 6332 18a3 00       		.byte	0
 6333 18a4 00       		.byte	0
 6334 18a5 00       		.byte	0
 6335 18a6 03       		.byte	3
 6336 18a7 00       		.byte	0
 6337 18a8 00       		.byte	0
 6338 18a9 00       		.byte	0
 6339 18aa 00       		.byte	0
 6340 18ab 00       		.byte	0
 6341 18ac 00       		.byte	0
 6342 18ad 00       		.byte	0
 6343 18ae 00       		.byte	0
 6344 18af 00       		.byte	0
 6345 18b0 00       		.byte	0
 6346 18b1 00       		.byte	0
 6347 18b2 00       		.byte	0
 6348 18b3 00       		.byte	0
 6349 18b4 00       		.byte	0
 6350 18b5 00       		.byte	0
 6351 18b6 00       		.byte	0
 6352 18b7 00       		.byte	0
 6353 18b8 00       		.byte	0
 6354 18b9 00       		.byte	0
 6355 18ba 00       		.byte	0
 6356 18bb 00       		.byte	0
 6357 18bc 80       		.byte	-128
 6358 18bd 00       		.byte	0
 6359 18be 84       		.byte	-124
 6360 18bf 00       		.byte	0
 6361 18c0 02       		.byte	2
 6362 18c1 00       		.byte	0
 6363 18c2 00       		.byte	0
 6364 18c3 00       		.byte	0
 6365 18c4 00       		.byte	0
 6366 18c5 08       		.byte	8
 6367 18c6 08       		.byte	8
 6368 18c7 02       		.byte	2
 6369 18c8 00       		.byte	0
 6370 18c9 00       		.byte	0
 6371 18ca 00       		.byte	0
 6372 18cb 00       		.byte	0
 6373 18cc 00       		.byte	0
 6374 18cd 00       		.byte	0
 6375 18ce 08       		.byte	8
 6376 18cf 46       		.byte	70
 6377 18d0 00       		.byte	0
 6378 18d1 08       		.byte	8
 6379 18d2 00       		.byte	0
 6380 18d3 00       		.byte	0
 6381 18d4 00       		.byte	0
 6382 18d5 88       		.byte	-120
 6383 18d6 0A       		.byte	10
 6384 18d7 18       		.byte	24
ARM GAS  C:\Users\ggg88\AppData\Local\Temp\cc4OMrCc.s 			page 113


 6385 18d8 10       		.byte	16
 6386 18d9 00       		.byte	0
 6387 18da 22       		.byte	34
 6388 18db 00       		.byte	0
 6389 18dc 00       		.byte	0
 6390 18dd 00       		.byte	0
 6391 18de 18       		.byte	24
 6392 18df 01       		.byte	1
 6393 18e0 00       		.byte	0
 6394 18e1 00       		.byte	0
 6395 18e2 00       		.byte	0
 6396 18e3 10       		.byte	16
 6397 18e4 00       		.byte	0
 6398 18e5 00       		.byte	0
 6399 18e6 00       		.byte	0
 6400 18e7 08       		.byte	8
 6401 18e8 00       		.byte	0
 6402 18e9 00       		.byte	0
 6403 18ea 02       		.byte	2
 6404 18eb 00       		.byte	0
 6405 18ec 00       		.byte	0
 6406 18ed 00       		.byte	0
 6407 18ee 18       		.byte	24
 6408 18ef 01       		.byte	1
 6409 18f0 00       		.byte	0
 6410 18f1 00       		.byte	0
 6411 18f2 01       		.byte	1
 6412 18f3 00       		.byte	0
 6413 18f4 00       		.byte	0
 6414 18f5 80       		.byte	-128
 6415 18f6 28       		.byte	40
 6416 18f7 00       		.byte	0
 6417 18f8 00       		.byte	0
 6418 18f9 00       		.byte	0
 6419 18fa 00       		.byte	0
 6420 18fb 00       		.byte	0
 6421 18fc 00       		.byte	0
 6422 18fd 9C       		.byte	-100
 6423 18fe 88       		.byte	-120
 6424 18ff 00       		.byte	0
 6425 1900 00       		.byte	0
 6426 1901 00       		.byte	0
 6427 1902 00       		.byte	0
 6428 1903 00       		.byte	0
 6429 1904 01       		.byte	1
 6430 1905 00       		.byte	0
 6431 1906 00       		.byte	0
 6432 1907 06       		.byte	6
 6433 1908 00       		.byte	0
 6434 1909 00       		.byte	0
 6435 190a 00       		.byte	0
 6436 190b 00       		.byte	0
 6437 190c 02       		.byte	2
 6438 190d 00       		.byte	0
 6439 190e 20       		.byte	32
 6440 190f 24       		.byte	36
 6441 1910 00       		.byte	0
ARM GAS  C:\Users\ggg88\AppData\Local\Temp\cc4OMrCc.s 			page 114


 6442 1911 00       		.byte	0
 6443 1912 00       		.byte	0
 6444 1913 00       		.byte	0
 6445 1914 80       		.byte	-128
 6446 1915 00       		.byte	0
 6447 1916 00       		.byte	0
 6448 1917 00       		.byte	0
 6449 1918 00       		.byte	0
 6450 1919 00       		.byte	0
 6451 191a 80       		.byte	-128
 6452 191b 00       		.byte	0
 6453 191c 00       		.byte	0
 6454 191d 30       		.byte	48
 6455 191e 00       		.byte	0
 6456 191f 00       		.byte	0
 6457 1920 00       		.byte	0
 6458 1921 A5       		.byte	-91
 6459 1922 00       		.byte	0
 6460 1923 00       		.byte	0
 6461 1924 00       		.byte	0
 6462 1925 00       		.byte	0
 6463 1926 00       		.byte	0
 6464 1927 00       		.byte	0
 6465 1928 00       		.byte	0
 6466 1929 00       		.byte	0
 6467 192a 00       		.byte	0
 6468 192b 00       		.byte	0
 6469 192c 00       		.byte	0
 6470 192d 00       		.byte	0
 6471 192e 00       		.byte	0
 6472 192f 00       		.byte	0
 6473 1930 10       		.byte	16
 6474 1931 08       		.byte	8
 6475 1932 00       		.byte	0
 6476 1933 00       		.byte	0
 6477 1934 00       		.byte	0
 6478 1935 00       		.byte	0
 6479 1936 00       		.byte	0
 6480 1937 00       		.byte	0
 6481 1938 00       		.byte	0
 6482 1939 00       		.byte	0
 6483 193a 00       		.byte	0
 6484 193b 01       		.byte	1
 6485 193c 00       		.byte	0
 6486 193d 00       		.byte	0
 6487 193e 00       		.byte	0
 6488 193f 00       		.byte	0
 6489 1940 00       		.byte	0
 6490 1941 04       		.byte	4
 6491 1942 00       		.byte	0
 6492 1943 01       		.byte	1
 6493 1944 00       		.byte	0
 6494 1945 00       		.byte	0
 6495 1946 00       		.byte	0
 6496 1947 00       		.byte	0
 6497 1948 80       		.byte	-128
 6498 1949 00       		.byte	0
ARM GAS  C:\Users\ggg88\AppData\Local\Temp\cc4OMrCc.s 			page 115


 6499 194a 01       		.byte	1
 6500 194b 00       		.byte	0
 6501 194c 00       		.byte	0
 6502 194d 40       		.byte	64
 6503 194e 00       		.byte	0
 6504 194f 04       		.byte	4
 6505 1950 00       		.byte	0
 6506 1951 00       		.byte	0
 6507 1952 84       		.byte	-124
 6508 1953 56       		.byte	86
 6509 1954 00       		.byte	0
 6510 1955 20       		.byte	32
 6511 1956 21       		.byte	33
 6512 1957 08       		.byte	8
 6513 1958 00       		.byte	0
 6514 1959 00       		.byte	0
 6515 195a 00       		.byte	0
 6516 195b 00       		.byte	0
 6517 195c 0A       		.byte	10
 6518 195d 68       		.byte	104
 6519 195e 05       		.byte	5
 6520 195f 2D       		.byte	45
 6521 1960 C0       		.byte	-64
 6522 1961 00       		.byte	0
 6523 1962 00       		.byte	0
 6524 1963 00       		.byte	0
 6525 1964 00       		.byte	0
 6526 1965 10       		.byte	16
 6527 1966 00       		.byte	0
 6528 1967 01       		.byte	1
 6529 1968 10       		.byte	16
 6530 1969 00       		.byte	0
 6531 196a 00       		.byte	0
 6532 196b 09       		.byte	9
 6533 196c 00       		.byte	0
 6534 196d 20       		.byte	32
 6535 196e 00       		.byte	0
 6536 196f 00       		.byte	0
 6537 1970 00       		.byte	0
 6538 1971 00       		.byte	0
 6539 1972 00       		.byte	0
 6540 1973 00       		.byte	0
 6541 1974 00       		.byte	0
 6542 1975 00       		.byte	0
 6543 1976 00       		.byte	0
 6544 1977 00       		.byte	0
 6545 1978 D0       		.byte	-48
 6546 1979 00       		.byte	0
 6547 197a E8       		.byte	-24
 6548 197b 00       		.byte	0
 6549 197c F0       		.byte	-16
 6550 197d 00       		.byte	0
 6551 197e 00       		.byte	0
 6552 197f 00       		.byte	0
 6553 1980 00       		.byte	0
 6554 1981 00       		.byte	0
 6555 1982 22       		.byte	34
ARM GAS  C:\Users\ggg88\AppData\Local\Temp\cc4OMrCc.s 			page 116


 6556 1983 00       		.byte	0
 6557 1984 E1       		.byte	-31
 6558 1985 00       		.byte	0
 6559 1986 71       		.byte	113
 6560 1987 00       		.byte	0
 6561 1988 F0       		.byte	-16
 6562 1989 00       		.byte	0
 6563 198a 10       		.byte	16
 6564 198b 00       		.byte	0
 6565 198c 00       		.byte	0
 6566 198d 00       		.byte	0
 6567 198e 10       		.byte	16
 6568 198f 00       		.byte	0
 6569 1990 08       		.byte	8
 6570 1991 00       		.byte	0
 6571 1992 00       		.byte	0
 6572 1993 00       		.byte	0
 6573 1994 00       		.byte	0
 6574 1995 00       		.byte	0
 6575 1996 06       		.byte	6
 6576 1997 00       		.byte	0
 6577 1998 00       		.byte	0
 6578 1999 00       		.byte	0
 6579 199a 4C       		.byte	76
 6580 199b 00       		.byte	0
 6581 199c 84       		.byte	-124
 6582 199d 00       		.byte	0
 6583 199e 30       		.byte	48
 6584 199f 00       		.byte	0
 6585 19a0 00       		.byte	0
 6586 19a1 00       		.byte	0
 6587 19a2 04       		.byte	4
 6588 19a3 00       		.byte	0
 6589 19a4 00       		.byte	0
 6590 19a5 00       		.byte	0
 6591 19a6 20       		.byte	32
 6592 19a7 00       		.byte	0
 6593 19a8 00       		.byte	0
 6594 19a9 00       		.byte	0
 6595 19aa 00       		.byte	0
 6596 19ab 00       		.byte	0
 6597 19ac 00       		.byte	0
 6598 19ad 00       		.byte	0
 6599 19ae 00       		.byte	0
 6600 19af 00       		.byte	0
 6601 19b0 00       		.byte	0
 6602 19b1 00       		.byte	0
 6603 19b2 00       		.byte	0
 6604 19b3 00       		.byte	0
 6605 19b4 00       		.byte	0
 6606 19b5 00       		.byte	0
 6607 19b6 00       		.byte	0
 6608 19b7 00       		.byte	0
 6609 19b8 00       		.byte	0
 6610 19b9 00       		.byte	0
 6611 19ba 00       		.byte	0
 6612 19bb 02       		.byte	2
ARM GAS  C:\Users\ggg88\AppData\Local\Temp\cc4OMrCc.s 			page 117


 6613 19bc 00       		.byte	0
 6614 19bd 00       		.byte	0
 6615 19be 20       		.byte	32
 6616 19bf 40       		.byte	64
 6617 19c0 A0       		.byte	-96
 6618 19c1 14       		.byte	20
 6619 19c2 04       		.byte	4
 6620 19c3 20       		.byte	32
 6621 19c4 02       		.byte	2
 6622 19c5 08       		.byte	8
 6623 19c6 0A       		.byte	10
 6624 19c7 00       		.byte	0
 6625 19c8 00       		.byte	0
 6626 19c9 00       		.byte	0
 6627 19ca 00       		.byte	0
 6628 19cb 20       		.byte	32
 6629 19cc 21       		.byte	33
 6630 19cd 00       		.byte	0
 6631 19ce 00       		.byte	0
 6632 19cf 00       		.byte	0
 6633 19d0 10       		.byte	16
 6634 19d1 41       		.byte	65
 6635 19d2 00       		.byte	0
 6636 19d3 00       		.byte	0
 6637 19d4 00       		.byte	0
 6638 19d5 08       		.byte	8
 6639 19d6 00       		.byte	0
 6640 19d7 04       		.byte	4
 6641 19d8 04       		.byte	4
 6642 19d9 02       		.byte	2
 6643 19da 44       		.byte	68
 6644 19db 00       		.byte	0
 6645 19dc 00       		.byte	0
 6646 19dd 24       		.byte	36
 6647 19de 40       		.byte	64
 6648 19df 00       		.byte	0
 6649 19e0 02       		.byte	2
 6650 19e1 00       		.byte	0
 6651 19e2 00       		.byte	0
 6652 19e3 00       		.byte	0
 6653 19e4 82       		.byte	-126
 6654 19e5 00       		.byte	0
 6655 19e6 04       		.byte	4
 6656 19e7 04       		.byte	4
 6657 19e8 04       		.byte	4
 6658 19e9 00       		.byte	0
 6659 19ea 02       		.byte	2
 6660 19eb 00       		.byte	0
 6661 19ec 40       		.byte	64
 6662 19ed 20       		.byte	32
 6663 19ee 05       		.byte	5
 6664 19ef 40       		.byte	64
 6665 19f0 00       		.byte	0
 6666 19f1 00       		.byte	0
 6667 19f2 00       		.byte	0
 6668 19f3 02       		.byte	2
 6669 19f4 08       		.byte	8
ARM GAS  C:\Users\ggg88\AppData\Local\Temp\cc4OMrCc.s 			page 118


 6670 19f5 86       		.byte	-122
 6671 19f6 60       		.byte	96
 6672 19f7 00       		.byte	0
 6673 19f8 00       		.byte	0
 6674 19f9 00       		.byte	0
 6675 19fa 00       		.byte	0
 6676 19fb 00       		.byte	0
 6677 19fc 00       		.byte	0
 6678 19fd 20       		.byte	32
 6679 19fe 08       		.byte	8
 6680 19ff 00       		.byte	0
 6681 1a00 00       		.byte	0
 6682 1a01 00       		.byte	0
 6683 1a02 00       		.byte	0
 6684 1a03 00       		.byte	0
 6685 1a04 00       		.byte	0
 6686 1a05 00       		.byte	0
 6687 1a06 00       		.byte	0
 6688 1a07 00       		.byte	0
 6689 1a08 00       		.byte	0
 6690 1a09 00       		.byte	0
 6691 1a0a 00       		.byte	0
 6692 1a0b 00       		.byte	0
 6693 1a0c 00       		.byte	0
 6694 1a0d 00       		.byte	0
 6695 1a0e 00       		.byte	0
 6696 1a0f 00       		.byte	0
 6697 1a10 00       		.byte	0
 6698 1a11 01       		.byte	1
 6699 1a12 88       		.byte	-120
 6700 1a13 10       		.byte	16
 6701 1a14 00       		.byte	0
 6702 1a15 04       		.byte	4
 6703 1a16 90       		.byte	-112
 6704 1a17 00       		.byte	0
 6705 1a18 14       		.byte	20
 6706 1a19 42       		.byte	66
 6707 1a1a 00       		.byte	0
 6708 1a1b 00       		.byte	0
 6709 1a1c 00       		.byte	0
 6710 1a1d 00       		.byte	0
 6711 1a1e 08       		.byte	8
 6712 1a1f 00       		.byte	0
 6713 1a20 00       		.byte	0
 6714 1a21 00       		.byte	0
 6715 1a22 00       		.byte	0
 6716 1a23 00       		.byte	0
 6717 1a24 00       		.byte	0
 6718 1a25 00       		.byte	0
 6719 1a26 00       		.byte	0
 6720 1a27 00       		.byte	0
 6721 1a28 00       		.byte	0
 6722 1a29 00       		.byte	0
 6723 1a2a 00       		.byte	0
 6724 1a2b 00       		.byte	0
 6725 1a2c 00       		.byte	0
 6726 1a2d 00       		.byte	0
ARM GAS  C:\Users\ggg88\AppData\Local\Temp\cc4OMrCc.s 			page 119


 6727 1a2e 00       		.byte	0
 6728 1a2f 00       		.byte	0
 6729 1a30 00       		.byte	0
 6730 1a31 00       		.byte	0
 6731 1a32 00       		.byte	0
 6732 1a33 00       		.byte	0
 6733 1a34 00       		.byte	0
 6734 1a35 00       		.byte	0
 6735 1a36 00       		.byte	0
 6736 1a37 00       		.byte	0
 6737 1a38 82       		.byte	-126
 6738 1a39 00       		.byte	0
 6739 1a3a 10       		.byte	16
 6740 1a3b 00       		.byte	0
 6741 1a3c 00       		.byte	0
 6742 1a3d 08       		.byte	8
 6743 1a3e 00       		.byte	0
 6744 1a3f 00       		.byte	0
 6745 1a40 00       		.byte	0
 6746 1a41 00       		.byte	0
 6747 1a42 00       		.byte	0
 6748 1a43 20       		.byte	32
 6749 1a44 00       		.byte	0
 6750 1a45 00       		.byte	0
 6751 1a46 00       		.byte	0
 6752 1a47 00       		.byte	0
 6753 1a48 00       		.byte	0
 6754 1a49 00       		.byte	0
 6755 1a4a 00       		.byte	0
 6756 1a4b 00       		.byte	0
 6757 1a4c 00       		.byte	0
 6758 1a4d 00       		.byte	0
 6759 1a4e 04       		.byte	4
 6760 1a4f 00       		.byte	0
 6761 1a50 00       		.byte	0
 6762 1a51 00       		.byte	0
 6763 1a52 00       		.byte	0
 6764 1a53 00       		.byte	0
 6765 1a54 00       		.byte	0
 6766 1a55 00       		.byte	0
 6767 1a56 01       		.byte	1
 6768 1a57 00       		.byte	0
 6769 1a58 00       		.byte	0
 6770 1a59 40       		.byte	64
 6771 1a5a 88       		.byte	-120
 6772 1a5b 00       		.byte	0
 6773 1a5c 00       		.byte	0
 6774 1a5d 00       		.byte	0
 6775 1a5e 01       		.byte	1
 6776 1a5f 00       		.byte	0
 6777 1a60 00       		.byte	0
 6778 1a61 00       		.byte	0
 6779 1a62 01       		.byte	1
 6780 1a63 00       		.byte	0
 6781 1a64 00       		.byte	0
 6782 1a65 00       		.byte	0
 6783 1a66 00       		.byte	0
ARM GAS  C:\Users\ggg88\AppData\Local\Temp\cc4OMrCc.s 			page 120


 6784 1a67 00       		.byte	0
 6785 1a68 00       		.byte	0
 6786 1a69 00       		.byte	0
 6787 1a6a 00       		.byte	0
 6788 1a6b 00       		.byte	0
 6789 1a6c 00       		.byte	0
 6790 1a6d 00       		.byte	0
 6791 1a6e 01       		.byte	1
 6792 1a6f 00       		.byte	0
 6793 1a70 00       		.byte	0
 6794 1a71 00       		.byte	0
 6795 1a72 00       		.byte	0
 6796 1a73 00       		.byte	0
 6797 1a74 00       		.byte	0
 6798 1a75 00       		.byte	0
 6799 1a76 00       		.byte	0
 6800 1a77 00       		.byte	0
 6801 1a78 31       		.byte	49
 6802 1a79 00       		.byte	0
 6803 1a7a F1       		.byte	-15
 6804 1a7b 00       		.byte	0
 6805 1a7c A2       		.byte	-94
 6806 1a7d 00       		.byte	0
 6807 1a7e 00       		.byte	0
 6808 1a7f 00       		.byte	0
 6809 1a80 00       		.byte	0
 6810 1a81 00       		.byte	0
 6811 1a82 F8       		.byte	-8
 6812 1a83 00       		.byte	0
 6813 1a84 F3       		.byte	-13
 6814 1a85 00       		.byte	0
 6815 1a86 F1       		.byte	-15
 6816 1a87 00       		.byte	0
 6817 1a88 00       		.byte	0
 6818 1a89 00       		.byte	0
 6819 1a8a 00       		.byte	0
 6820 1a8b 00       		.byte	0
 6821 1a8c 00       		.byte	0
 6822 1a8d 00       		.byte	0
 6823 1a8e 7F       		.byte	127
 6824 1a8f 00       		.byte	0
 6825 1a90 4F       		.byte	79
 6826 1a91 00       		.byte	0
 6827 1a92 00       		.byte	0
 6828 1a93 00       		.byte	0
 6829 1a94 00       		.byte	0
 6830 1a95 00       		.byte	0
 6831 1a96 00       		.byte	0
 6832 1a97 00       		.byte	0
 6833 1a98 00       		.byte	0
 6834 1a99 00       		.byte	0
 6835 1a9a 00       		.byte	0
 6836 1a9b 00       		.byte	0
 6837 1a9c 00       		.byte	0
 6838 1a9d 00       		.byte	0
 6839 1a9e 11       		.byte	17
 6840 1a9f 00       		.byte	0
ARM GAS  C:\Users\ggg88\AppData\Local\Temp\cc4OMrCc.s 			page 121


 6841 1aa0 00       		.byte	0
 6842 1aa1 00       		.byte	0
 6843 1aa2 00       		.byte	0
 6844 1aa3 00       		.byte	0
 6845 1aa4 00       		.byte	0
 6846 1aa5 00       		.byte	0
 6847 1aa6 40       		.byte	64
 6848 1aa7 00       		.byte	0
 6849 1aa8 00       		.byte	0
 6850 1aa9 00       		.byte	0
 6851 1aaa 00       		.byte	0
 6852 1aab 00       		.byte	0
 6853 1aac 00       		.byte	0
 6854 1aad 00       		.byte	0
 6855 1aae 00       		.byte	0
 6856 1aaf 00       		.byte	0
 6857 1ab0 00       		.byte	0
 6858 1ab1 00       		.byte	0
 6859 1ab2 00       		.byte	0
 6860 1ab3 00       		.byte	0
 6861 1ab4 00       		.byte	0
 6862 1ab5 00       		.byte	0
 6863 1ab6 00       		.byte	0
 6864 1ab7 00       		.byte	0
 6865 1ab8 00       		.byte	0
 6866 1ab9 60       		.byte	96
 6867 1aba 00       		.byte	0
 6868 1abb 00       		.byte	0
 6869 1abc 00       		.byte	0
 6870 1abd 40       		.byte	64
 6871 1abe A0       		.byte	-96
 6872 1abf 04       		.byte	4
 6873 1ac0 80       		.byte	-128
 6874 1ac1 A1       		.byte	-95
 6875 1ac2 00       		.byte	0
 6876 1ac3 00       		.byte	0
 6877 1ac4 03       		.byte	3
 6878 1ac5 08       		.byte	8
 6879 1ac6 09       		.byte	9
 6880 1ac7 00       		.byte	0
 6881 1ac8 A0       		.byte	-96
 6882 1ac9 00       		.byte	0
 6883 1aca 02       		.byte	2
 6884 1acb 00       		.byte	0
 6885 1acc 00       		.byte	0
 6886 1acd 80       		.byte	-128
 6887 1ace 04       		.byte	4
 6888 1acf 5A       		.byte	90
 6889 1ad0 00       		.byte	0
 6890 1ad1 00       		.byte	0
 6891 1ad2 00       		.byte	0
 6892 1ad3 00       		.byte	0
 6893 1ad4 10       		.byte	16
 6894 1ad5 90       		.byte	-112
 6895 1ad6 00       		.byte	0
 6896 1ad7 01       		.byte	1
 6897 1ad8 00       		.byte	0
ARM GAS  C:\Users\ggg88\AppData\Local\Temp\cc4OMrCc.s 			page 122


 6898 1ad9 00       		.byte	0
 6899 1ada 00       		.byte	0
 6900 1adb 00       		.byte	0
 6901 1adc 44       		.byte	68
 6902 1add 00       		.byte	0
 6903 1ade 00       		.byte	0
 6904 1adf 01       		.byte	1
 6905 1ae0 10       		.byte	16
 6906 1ae1 00       		.byte	0
 6907 1ae2 00       		.byte	0
 6908 1ae3 00       		.byte	0
 6909 1ae4 B0       		.byte	-80
 6910 1ae5 20       		.byte	32
 6911 1ae6 00       		.byte	0
 6912 1ae7 04       		.byte	4
 6913 1ae8 80       		.byte	-128
 6914 1ae9 22       		.byte	34
 6915 1aea 22       		.byte	34
 6916 1aeb 00       		.byte	0
 6917 1aec 00       		.byte	0
 6918 1aed 00       		.byte	0
 6919 1aee 20       		.byte	32
 6920 1aef 00       		.byte	0
 6921 1af0 00       		.byte	0
 6922 1af1 40       		.byte	64
 6923 1af2 00       		.byte	0
 6924 1af3 09       		.byte	9
 6925 1af4 00       		.byte	0
 6926 1af5 42       		.byte	66
 6927 1af6 04       		.byte	4
 6928 1af7 01       		.byte	1
 6929 1af8 00       		.byte	0
 6930 1af9 00       		.byte	0
 6931 1afa 00       		.byte	0
 6932 1afb 00       		.byte	0
 6933 1afc 03       		.byte	3
 6934 1afd 00       		.byte	0
 6935 1afe 00       		.byte	0
 6936 1aff 00       		.byte	0
 6937 1b00 00       		.byte	0
 6938 1b01 00       		.byte	0
 6939 1b02 00       		.byte	0
 6940 1b03 00       		.byte	0
 6941 1b04 00       		.byte	0
 6942 1b05 00       		.byte	0
 6943 1b06 00       		.byte	0
 6944 1b07 00       		.byte	0
 6945 1b08 00       		.byte	0
 6946 1b09 00       		.byte	0
 6947 1b0a 00       		.byte	0
 6948 1b0b 00       		.byte	0
 6949 1b0c 00       		.byte	0
 6950 1b0d 00       		.byte	0
 6951 1b0e 00       		.byte	0
 6952 1b0f 00       		.byte	0
 6953 1b10 00       		.byte	0
 6954 1b11 00       		.byte	0
ARM GAS  C:\Users\ggg88\AppData\Local\Temp\cc4OMrCc.s 			page 123


 6955 1b12 00       		.byte	0
 6956 1b13 00       		.byte	0
 6957 1b14 80       		.byte	-128
 6958 1b15 10       		.byte	16
 6959 1b16 02       		.byte	2
 6960 1b17 04       		.byte	4
 6961 1b18 12       		.byte	18
 6962 1b19 00       		.byte	0
 6963 1b1a 00       		.byte	0
 6964 1b1b 48       		.byte	72
 6965 1b1c 00       		.byte	0
 6966 1b1d 00       		.byte	0
 6967 1b1e 00       		.byte	0
 6968 1b1f 82       		.byte	-126
 6969 1b20 00       		.byte	0
 6970 1b21 00       		.byte	0
 6971 1b22 00       		.byte	0
 6972 1b23 00       		.byte	0
 6973 1b24 00       		.byte	0
 6974 1b25 00       		.byte	0
 6975 1b26 00       		.byte	0
 6976 1b27 00       		.byte	0
 6977 1b28 00       		.byte	0
 6978 1b29 00       		.byte	0
 6979 1b2a 00       		.byte	0
 6980 1b2b 00       		.byte	0
 6981 1b2c 00       		.byte	0
 6982 1b2d 00       		.byte	0
 6983 1b2e 00       		.byte	0
 6984 1b2f 00       		.byte	0
 6985 1b30 00       		.byte	0
 6986 1b31 00       		.byte	0
 6987 1b32 00       		.byte	0
 6988 1b33 00       		.byte	0
 6989 1b34 00       		.byte	0
 6990 1b35 00       		.byte	0
 6991 1b36 00       		.byte	0
 6992 1b37 00       		.byte	0
 6993 1b38 08       		.byte	8
 6994 1b39 00       		.byte	0
 6995 1b3a 01       		.byte	1
 6996 1b3b 00       		.byte	0
 6997 1b3c 00       		.byte	0
 6998 1b3d 02       		.byte	2
 6999 1b3e 04       		.byte	4
 7000 1b3f 40       		.byte	64
 7001 1b40 00       		.byte	0
 7002 1b41 00       		.byte	0
 7003 1b42 00       		.byte	0
 7004 1b43 40       		.byte	64
 7005 1b44 04       		.byte	4
 7006 1b45 00       		.byte	0
 7007 1b46 00       		.byte	0
 7008 1b47 00       		.byte	0
 7009 1b48 80       		.byte	-128
 7010 1b49 80       		.byte	-128
 7011 1b4a 01       		.byte	1
ARM GAS  C:\Users\ggg88\AppData\Local\Temp\cc4OMrCc.s 			page 124


 7012 1b4b 01       		.byte	1
 7013 1b4c 00       		.byte	0
 7014 1b4d 40       		.byte	64
 7015 1b4e 00       		.byte	0
 7016 1b4f 00       		.byte	0
 7017 1b50 00       		.byte	0
 7018 1b51 40       		.byte	64
 7019 1b52 80       		.byte	-128
 7020 1b53 16       		.byte	22
 7021 1b54 00       		.byte	0
 7022 1b55 30       		.byte	48
 7023 1b56 00       		.byte	0
 7024 1b57 00       		.byte	0
 7025 1b58 20       		.byte	32
 7026 1b59 00       		.byte	0
 7027 1b5a 00       		.byte	0
 7028 1b5b 00       		.byte	0
 7029 1b5c 90       		.byte	-112
 7030 1b5d 62       		.byte	98
 7031 1b5e 04       		.byte	4
 7032 1b5f 28       		.byte	40
 7033 1b60 80       		.byte	-128
 7034 1b61 00       		.byte	0
 7035 1b62 08       		.byte	8
 7036 1b63 00       		.byte	0
 7037 1b64 10       		.byte	16
 7038 1b65 80       		.byte	-128
 7039 1b66 00       		.byte	0
 7040 1b67 00       		.byte	0
 7041 1b68 00       		.byte	0
 7042 1b69 00       		.byte	0
 7043 1b6a 00       		.byte	0
 7044 1b6b 00       		.byte	0
 7045 1b6c 00       		.byte	0
 7046 1b6d 00       		.byte	0
 7047 1b6e 00       		.byte	0
 7048 1b6f 00       		.byte	0
 7049 1b70 00       		.byte	0
 7050 1b71 00       		.byte	0
 7051 1b72 00       		.byte	0
 7052 1b73 00       		.byte	0
 7053 1b74 00       		.byte	0
 7054 1b75 00       		.byte	0
 7055 1b76 00       		.byte	0
 7056 1b77 00       		.byte	0
 7057 1b78 F3       		.byte	-13
 7058 1b79 00       		.byte	0
 7059 1b7a FA       		.byte	-6
 7060 1b7b 00       		.byte	0
 7061 1b7c FD       		.byte	-3
 7062 1b7d 00       		.byte	0
 7063 1b7e 00       		.byte	0
 7064 1b7f 00       		.byte	0
 7065 1b80 00       		.byte	0
 7066 1b81 00       		.byte	0
 7067 1b82 E2       		.byte	-30
 7068 1b83 00       		.byte	0
ARM GAS  C:\Users\ggg88\AppData\Local\Temp\cc4OMrCc.s 			page 125


 7069 1b84 2D       		.byte	45
 7070 1b85 00       		.byte	0
 7071 1b86 DB       		.byte	-37
 7072 1b87 00       		.byte	0
 7073 1b88 00       		.byte	0
 7074 1b89 00       		.byte	0
 7075 1b8a 00       		.byte	0
 7076 1b8b 00       		.byte	0
 7077 1b8c 00       		.byte	0
 7078 1b8d 00       		.byte	0
 7079 1b8e F0       		.byte	-16
 7080 1b8f 00       		.byte	0
 7081 1b90 9F       		.byte	-97
 7082 1b91 00       		.byte	0
 7083 1b92 00       		.byte	0
 7084 1b93 00       		.byte	0
 7085 1b94 00       		.byte	0
 7086 1b95 00       		.byte	0
 7087 1b96 00       		.byte	0
 7088 1b97 00       		.byte	0
 7089 1b98 05       		.byte	5
 7090 1b99 00       		.byte	0
 7091 1b9a 22       		.byte	34
 7092 1b9b 00       		.byte	0
 7093 1b9c 00       		.byte	0
 7094 1b9d 00       		.byte	0
 7095 1b9e 50       		.byte	80
 7096 1b9f 00       		.byte	0
 7097 1ba0 00       		.byte	0
 7098 1ba1 00       		.byte	0
 7099 1ba2 00       		.byte	0
 7100 1ba3 00       		.byte	0
 7101 1ba4 00       		.byte	0
 7102 1ba5 00       		.byte	0
 7103 1ba6 41       		.byte	65
 7104 1ba7 00       		.byte	0
 7105 1ba8 00       		.byte	0
 7106 1ba9 00       		.byte	0
 7107 1baa 00       		.byte	0
 7108 1bab 00       		.byte	0
 7109 1bac 00       		.byte	0
 7110 1bad 00       		.byte	0
 7111 1bae 00       		.byte	0
 7112 1baf 00       		.byte	0
 7113 1bb0 00       		.byte	0
 7114 1bb1 00       		.byte	0
 7115 1bb2 00       		.byte	0
 7116 1bb3 00       		.byte	0
 7117 1bb4 00       		.byte	0
 7118 1bb5 00       		.byte	0
 7119 1bb6 00       		.byte	0
 7120 1bb7 00       		.byte	0
 7121 1bb8 00       		.byte	0
 7122 1bb9 00       		.byte	0
 7123 1bba 00       		.byte	0
 7124 1bbb 00       		.byte	0
 7125 1bbc 00       		.byte	0
ARM GAS  C:\Users\ggg88\AppData\Local\Temp\cc4OMrCc.s 			page 126


 7126 1bbd 00       		.byte	0
 7127 1bbe 04       		.byte	4
 7128 1bbf 00       		.byte	0
 7129 1bc0 00       		.byte	0
 7130 1bc1 40       		.byte	64
 7131 1bc2 80       		.byte	-128
 7132 1bc3 00       		.byte	0
 7133 1bc4 00       		.byte	0
 7134 1bc5 00       		.byte	0
 7135 1bc6 08       		.byte	8
 7136 1bc7 00       		.byte	0
 7137 1bc8 00       		.byte	0
 7138 1bc9 00       		.byte	0
 7139 1bca 00       		.byte	0
 7140 1bcb 00       		.byte	0
 7141 1bcc 00       		.byte	0
 7142 1bcd 00       		.byte	0
 7143 1bce 00       		.byte	0
 7144 1bcf 00       		.byte	0
 7145 1bd0 00       		.byte	0
 7146 1bd1 00       		.byte	0
 7147 1bd2 00       		.byte	0
 7148 1bd3 00       		.byte	0
 7149 1bd4 00       		.byte	0
 7150 1bd5 00       		.byte	0
 7151 1bd6 00       		.byte	0
 7152 1bd7 00       		.byte	0
 7153 1bd8 00       		.byte	0
 7154 1bd9 00       		.byte	0
 7155 1bda 00       		.byte	0
 7156 1bdb 00       		.byte	0
 7157 1bdc 00       		.byte	0
 7158 1bdd 00       		.byte	0
 7159 1bde 00       		.byte	0
 7160 1bdf 00       		.byte	0
 7161 1be0 00       		.byte	0
 7162 1be1 00       		.byte	0
 7163 1be2 00       		.byte	0
 7164 1be3 00       		.byte	0
 7165 1be4 00       		.byte	0
 7166 1be5 00       		.byte	0
 7167 1be6 00       		.byte	0
 7168 1be7 00       		.byte	0
 7169 1be8 00       		.byte	0
 7170 1be9 00       		.byte	0
 7171 1bea 00       		.byte	0
 7172 1beb 00       		.byte	0
 7173 1bec 00       		.byte	0
 7174 1bed 00       		.byte	0
 7175 1bee 00       		.byte	0
 7176 1bef 00       		.byte	0
 7177 1bf0 00       		.byte	0
 7178 1bf1 00       		.byte	0
 7179 1bf2 00       		.byte	0
 7180 1bf3 00       		.byte	0
 7181 1bf4 00       		.byte	0
 7182 1bf5 00       		.byte	0
ARM GAS  C:\Users\ggg88\AppData\Local\Temp\cc4OMrCc.s 			page 127


 7183 1bf6 00       		.byte	0
 7184 1bf7 00       		.byte	0
 7185 1bf8 00       		.byte	0
 7186 1bf9 00       		.byte	0
 7187 1bfa 00       		.byte	0
 7188 1bfb 00       		.byte	0
 7189 1bfc 00       		.byte	0
 7190 1bfd 00       		.byte	0
 7191 1bfe 00       		.byte	0
 7192 1bff 00       		.byte	0
 7193 1c00 00       		.byte	0
 7194 1c01 00       		.byte	0
 7195 1c02 00       		.byte	0
 7196 1c03 00       		.byte	0
 7197 1c04 00       		.byte	0
 7198 1c05 00       		.byte	0
 7199 1c06 00       		.byte	0
 7200 1c07 00       		.byte	0
 7201 1c08 00       		.byte	0
 7202 1c09 00       		.byte	0
 7203 1c0a 00       		.byte	0
 7204 1c0b 00       		.byte	0
 7205 1c0c 00       		.byte	0
 7206 1c0d 00       		.byte	0
 7207 1c0e 00       		.byte	0
 7208 1c0f 00       		.byte	0
 7209 1c10 00       		.byte	0
 7210 1c11 00       		.byte	0
 7211 1c12 00       		.byte	0
 7212 1c13 00       		.byte	0
 7213 1c14 00       		.byte	0
 7214 1c15 00       		.byte	0
 7215 1c16 00       		.byte	0
 7216 1c17 00       		.byte	0
 7217 1c18 80       		.byte	-128
 7218 1c19 00       		.byte	0
 7219 1c1a 00       		.byte	0
 7220 1c1b 00       		.byte	0
 7221 1c1c 60       		.byte	96
 7222 1c1d 00       		.byte	0
 7223 1c1e 00       		.byte	0
 7224 1c1f 00       		.byte	0
 7225 1c20 00       		.byte	0
 7226 1c21 00       		.byte	0
 7227 1c22 00       		.byte	0
 7228 1c23 00       		.byte	0
 7229 1c24 00       		.byte	0
 7230 1c25 00       		.byte	0
 7231 1c26 00       		.byte	0
 7232 1c27 00       		.byte	0
 7233 1c28 00       		.byte	0
 7234 1c29 00       		.byte	0
 7235 1c2a 00       		.byte	0
 7236 1c2b 00       		.byte	0
 7237 1c2c 00       		.byte	0
 7238 1c2d 00       		.byte	0
 7239 1c2e 00       		.byte	0
ARM GAS  C:\Users\ggg88\AppData\Local\Temp\cc4OMrCc.s 			page 128


 7240 1c2f 00       		.byte	0
 7241 1c30 00       		.byte	0
 7242 1c31 00       		.byte	0
 7243 1c32 00       		.byte	0
 7244 1c33 00       		.byte	0
 7245 1c34 00       		.byte	0
 7246 1c35 00       		.byte	0
 7247 1c36 00       		.byte	0
 7248 1c37 00       		.byte	0
 7249 1c38 00       		.byte	0
 7250 1c39 20       		.byte	32
 7251 1c3a 08       		.byte	8
 7252 1c3b 00       		.byte	0
 7253 1c3c 00       		.byte	0
 7254 1c3d 90       		.byte	-112
 7255 1c3e 00       		.byte	0
 7256 1c3f 50       		.byte	80
 7257 1c40 80       		.byte	-128
 7258 1c41 22       		.byte	34
 7259 1c42 00       		.byte	0
 7260 1c43 01       		.byte	1
 7261 1c44 00       		.byte	0
 7262 1c45 00       		.byte	0
 7263 1c46 25       		.byte	37
 7264 1c47 40       		.byte	64
 7265 1c48 80       		.byte	-128
 7266 1c49 40       		.byte	64
 7267 1c4a 00       		.byte	0
 7268 1c4b 04       		.byte	4
 7269 1c4c 00       		.byte	0
 7270 1c4d 90       		.byte	-112
 7271 1c4e 00       		.byte	0
 7272 1c4f 06       		.byte	6
 7273 1c50 00       		.byte	0
 7274 1c51 00       		.byte	0
 7275 1c52 00       		.byte	0
 7276 1c53 00       		.byte	0
 7277 1c54 00       		.byte	0
 7278 1c55 40       		.byte	64
 7279 1c56 24       		.byte	36
 7280 1c57 10       		.byte	16
 7281 1c58 00       		.byte	0
 7282 1c59 00       		.byte	0
 7283 1c5a 00       		.byte	0
 7284 1c5b 00       		.byte	0
 7285 1c5c 00       		.byte	0
 7286 1c5d 00       		.byte	0
 7287 1c5e 00       		.byte	0
 7288 1c5f 40       		.byte	64
 7289 1c60 00       		.byte	0
 7290 1c61 00       		.byte	0
 7291 1c62 08       		.byte	8
 7292 1c63 00       		.byte	0
 7293 1c64 00       		.byte	0
 7294 1c65 10       		.byte	16
 7295 1c66 01       		.byte	1
 7296 1c67 2A       		.byte	42
ARM GAS  C:\Users\ggg88\AppData\Local\Temp\cc4OMrCc.s 			page 129


 7297 1c68 80       		.byte	-128
 7298 1c69 22       		.byte	34
 7299 1c6a 08       		.byte	8
 7300 1c6b 00       		.byte	0
 7301 1c6c 00       		.byte	0
 7302 1c6d 40       		.byte	64
 7303 1c6e 04       		.byte	4
 7304 1c6f 12       		.byte	18
 7305 1c70 00       		.byte	0
 7306 1c71 40       		.byte	64
 7307 1c72 00       		.byte	0
 7308 1c73 04       		.byte	4
 7309 1c74 20       		.byte	32
 7310 1c75 88       		.byte	-120
 7311 1c76 80       		.byte	-128
 7312 1c77 40       		.byte	64
 7313 1c78 00       		.byte	0
 7314 1c79 00       		.byte	0
 7315 1c7a 00       		.byte	0
 7316 1c7b 00       		.byte	0
 7317 1c7c 00       		.byte	0
 7318 1c7d 04       		.byte	4
 7319 1c7e 00       		.byte	0
 7320 1c7f 04       		.byte	4
 7321 1c80 00       		.byte	0
 7322 1c81 00       		.byte	0
 7323 1c82 00       		.byte	0
 7324 1c83 00       		.byte	0
 7325 1c84 00       		.byte	0
 7326 1c85 00       		.byte	0
 7327 1c86 00       		.byte	0
 7328 1c87 00       		.byte	0
 7329 1c88 00       		.byte	0
 7330 1c89 00       		.byte	0
 7331 1c8a 00       		.byte	0
 7332 1c8b 00       		.byte	0
 7333 1c8c 00       		.byte	0
 7334 1c8d 00       		.byte	0
 7335 1c8e 00       		.byte	0
 7336 1c8f 00       		.byte	0
 7337 1c90 00       		.byte	0
 7338 1c91 00       		.byte	0
 7339 1c92 00       		.byte	0
 7340 1c93 00       		.byte	0
 7341 1c94 00       		.byte	0
 7342 1c95 00       		.byte	0
 7343 1c96 00       		.byte	0
 7344 1c97 00       		.byte	0
 7345 1c98 00       		.byte	0
 7346 1c99 00       		.byte	0
 7347 1c9a 00       		.byte	0
 7348 1c9b 00       		.byte	0
 7349 1c9c 00       		.byte	0
 7350 1c9d 00       		.byte	0
 7351 1c9e 00       		.byte	0
 7352 1c9f 20       		.byte	32
 7353 1ca0 0B       		.byte	11
ARM GAS  C:\Users\ggg88\AppData\Local\Temp\cc4OMrCc.s 			page 130


 7354 1ca1 00       		.byte	0
 7355 1ca2 00       		.byte	0
 7356 1ca3 00       		.byte	0
 7357 1ca4 40       		.byte	64
 7358 1ca5 00       		.byte	0
 7359 1ca6 01       		.byte	1
 7360 1ca7 16       		.byte	22
 7361 1ca8 00       		.byte	0
 7362 1ca9 00       		.byte	0
 7363 1caa 00       		.byte	0
 7364 1cab 00       		.byte	0
 7365 1cac 00       		.byte	0
 7366 1cad 00       		.byte	0
 7367 1cae 00       		.byte	0
 7368 1caf 02       		.byte	2
 7369 1cb0 00       		.byte	0
 7370 1cb1 80       		.byte	-128
 7371 1cb2 00       		.byte	0
 7372 1cb3 02       		.byte	2
 7373 1cb4 00       		.byte	0
 7374 1cb5 00       		.byte	0
 7375 1cb6 00       		.byte	0
 7376 1cb7 00       		.byte	0
 7377 1cb8 00       		.byte	0
 7378 1cb9 00       		.byte	0
 7379 1cba 00       		.byte	0
 7380 1cbb 00       		.byte	0
 7381 1cbc 20       		.byte	32
 7382 1cbd 00       		.byte	0
 7383 1cbe 00       		.byte	0
 7384 1cbf 04       		.byte	4
 7385 1cc0 09       		.byte	9
 7386 1cc1 00       		.byte	0
 7387 1cc2 00       		.byte	0
 7388 1cc3 00       		.byte	0
 7389 1cc4 02       		.byte	2
 7390 1cc5 00       		.byte	0
 7391 1cc6 00       		.byte	0
 7392 1cc7 00       		.byte	0
 7393 1cc8 00       		.byte	0
 7394 1cc9 00       		.byte	0
 7395 1cca 00       		.byte	0
 7396 1ccb 00       		.byte	0
 7397 1ccc 00       		.byte	0
 7398 1ccd 00       		.byte	0
 7399 1cce 00       		.byte	0
 7400 1ccf 00       		.byte	0
 7401 1cd0 00       		.byte	0
 7402 1cd1 00       		.byte	0
 7403 1cd2 00       		.byte	0
 7404 1cd3 00       		.byte	0
 7405 1cd4 00       		.byte	0
 7406 1cd5 00       		.byte	0
 7407 1cd6 00       		.byte	0
 7408 1cd7 00       		.byte	0
 7409 1cd8 00       		.byte	0
 7410 1cd9 00       		.byte	0
ARM GAS  C:\Users\ggg88\AppData\Local\Temp\cc4OMrCc.s 			page 131


 7411 1cda 00       		.byte	0
 7412 1cdb 00       		.byte	0
 7413 1cdc 00       		.byte	0
 7414 1cdd 00       		.byte	0
 7415 1cde 00       		.byte	0
 7416 1cdf 00       		.byte	0
 7417 1ce0 00       		.byte	0
 7418 1ce1 00       		.byte	0
 7419 1ce2 00       		.byte	0
 7420 1ce3 00       		.byte	0
 7421 1ce4 00       		.byte	0
 7422 1ce5 00       		.byte	0
 7423 1ce6 00       		.byte	0
 7424 1ce7 00       		.byte	0
 7425 1ce8 00       		.byte	0
 7426 1ce9 00       		.byte	0
 7427 1cea 00       		.byte	0
 7428 1ceb 00       		.byte	0
 7429 1cec 00       		.byte	0
 7430 1ced 00       		.byte	0
 7431 1cee 00       		.byte	0
 7432 1cef 00       		.byte	0
 7433 1cf0 00       		.byte	0
 7434 1cf1 00       		.byte	0
 7435 1cf2 00       		.byte	0
 7436 1cf3 00       		.byte	0
 7437 1cf4 00       		.byte	0
 7438 1cf5 00       		.byte	0
 7439 1cf6 00       		.byte	0
 7440 1cf7 00       		.byte	0
 7441 1cf8 F2       		.byte	-14
 7442 1cf9 00       		.byte	0
 7443 1cfa FB       		.byte	-5
 7444 1cfb 00       		.byte	0
 7445 1cfc FD       		.byte	-3
 7446 1cfd 00       		.byte	0
 7447 1cfe 00       		.byte	0
 7448 1cff 00       		.byte	0
 7449 1d00 00       		.byte	0
 7450 1d01 00       		.byte	0
 7451 1d02 F2       		.byte	-14
 7452 1d03 00       		.byte	0
 7453 1d04 FF       		.byte	-1
 7454 1d05 00       		.byte	0
 7455 1d06 7A       		.byte	122
 7456 1d07 00       		.byte	0
 7457 1d08 00       		.byte	0
 7458 1d09 00       		.byte	0
 7459 1d0a 00       		.byte	0
 7460 1d0b 00       		.byte	0
 7461 1d0c 00       		.byte	0
 7462 1d0d 00       		.byte	0
 7463 1d0e 00       		.byte	0
 7464 1d0f 00       		.byte	0
 7465 1d10 40       		.byte	64
 7466 1d11 00       		.byte	0
 7467 1d12 00       		.byte	0
ARM GAS  C:\Users\ggg88\AppData\Local\Temp\cc4OMrCc.s 			page 132


 7468 1d13 00       		.byte	0
 7469 1d14 00       		.byte	0
 7470 1d15 00       		.byte	0
 7471 1d16 00       		.byte	0
 7472 1d17 00       		.byte	0
 7473 1d18 00       		.byte	0
 7474 1d19 00       		.byte	0
 7475 1d1a 02       		.byte	2
 7476 1d1b 00       		.byte	0
 7477 1d1c 00       		.byte	0
 7478 1d1d 00       		.byte	0
 7479 1d1e 00       		.byte	0
 7480 1d1f 00       		.byte	0
 7481 1d20 00       		.byte	0
 7482 1d21 00       		.byte	0
 7483 1d22 00       		.byte	0
 7484 1d23 00       		.byte	0
 7485 1d24 00       		.byte	0
 7486 1d25 00       		.byte	0
 7487 1d26 00       		.byte	0
 7488 1d27 00       		.byte	0
 7489 1d28 00       		.byte	0
 7490 1d29 00       		.byte	0
 7491 1d2a 00       		.byte	0
 7492 1d2b 00       		.byte	0
 7493 1d2c 00       		.byte	0
 7494 1d2d 00       		.byte	0
 7495 1d2e 00       		.byte	0
 7496 1d2f 00       		.byte	0
 7497 1d30 00       		.byte	0
 7498 1d31 00       		.byte	0
 7499 1d32 00       		.byte	0
 7500 1d33 00       		.byte	0
 7501 1d34 00       		.byte	0
 7502 1d35 00       		.byte	0
 7503 1d36 00       		.byte	0
 7504 1d37 00       		.byte	0
 7505 1d38 00       		.byte	0
 7506 1d39 00       		.byte	0
 7507 1d3a 00       		.byte	0
 7508 1d3b 00       		.byte	0
 7509 1d3c 00       		.byte	0
 7510 1d3d 00       		.byte	0
 7511 1d3e 00       		.byte	0
 7512 1d3f 08       		.byte	8
 7513 1d40 00       		.byte	0
 7514 1d41 00       		.byte	0
 7515 1d42 00       		.byte	0
 7516 1d43 20       		.byte	32
 7517 1d44 00       		.byte	0
 7518 1d45 00       		.byte	0
 7519 1d46 00       		.byte	0
 7520 1d47 10       		.byte	16
 7521 1d48 00       		.byte	0
 7522 1d49 00       		.byte	0
 7523 1d4a 00       		.byte	0
 7524 1d4b 00       		.byte	0
ARM GAS  C:\Users\ggg88\AppData\Local\Temp\cc4OMrCc.s 			page 133


 7525 1d4c 00       		.byte	0
 7526 1d4d 00       		.byte	0
 7527 1d4e 00       		.byte	0
 7528 1d4f 00       		.byte	0
 7529 1d50 00       		.byte	0
 7530 1d51 00       		.byte	0
 7531 1d52 00       		.byte	0
 7532 1d53 00       		.byte	0
 7533 1d54 00       		.byte	0
 7534 1d55 00       		.byte	0
 7535 1d56 00       		.byte	0
 7536 1d57 00       		.byte	0
 7537 1d58 00       		.byte	0
 7538 1d59 00       		.byte	0
 7539 1d5a 00       		.byte	0
 7540 1d5b 02       		.byte	2
 7541 1d5c 00       		.byte	0
 7542 1d5d 00       		.byte	0
 7543 1d5e 00       		.byte	0
 7544 1d5f 00       		.byte	0
 7545 1d60 00       		.byte	0
 7546 1d61 00       		.byte	0
 7547 1d62 00       		.byte	0
 7548 1d63 00       		.byte	0
 7549 1d64 00       		.byte	0
 7550 1d65 00       		.byte	0
 7551 1d66 00       		.byte	0
 7552 1d67 00       		.byte	0
 7553 1d68 00       		.byte	0
 7554 1d69 00       		.byte	0
 7555 1d6a 00       		.byte	0
 7556 1d6b 00       		.byte	0
 7557 1d6c 00       		.byte	0
 7558 1d6d 00       		.byte	0
 7559 1d6e 00       		.byte	0
 7560 1d6f 00       		.byte	0
 7561 1d70 00       		.byte	0
 7562 1d71 00       		.byte	0
 7563 1d72 00       		.byte	0
 7564 1d73 00       		.byte	0
 7565 1d74 00       		.byte	0
 7566 1d75 00       		.byte	0
 7567 1d76 00       		.byte	0
 7568 1d77 00       		.byte	0
 7569 1d78 00       		.byte	0
 7570 1d79 00       		.byte	0
 7571 1d7a 00       		.byte	0
 7572 1d7b 00       		.byte	0
 7573 1d7c 00       		.byte	0
 7574 1d7d 00       		.byte	0
 7575 1d7e 00       		.byte	0
 7576 1d7f 00       		.byte	0
 7577 1d80 00       		.byte	0
 7578 1d81 00       		.byte	0
 7579 1d82 00       		.byte	0
 7580 1d83 00       		.byte	0
 7581 1d84 00       		.byte	0
ARM GAS  C:\Users\ggg88\AppData\Local\Temp\cc4OMrCc.s 			page 134


 7582 1d85 00       		.byte	0
 7583 1d86 00       		.byte	0
 7584 1d87 00       		.byte	0
 7585 1d88 04       		.byte	4
 7586 1d89 00       		.byte	0
 7587 1d8a 00       		.byte	0
 7588 1d8b 00       		.byte	0
 7589 1d8c 00       		.byte	0
 7590 1d8d 08       		.byte	8
 7591 1d8e 00       		.byte	0
 7592 1d8f 00       		.byte	0
 7593 1d90 00       		.byte	0
 7594 1d91 00       		.byte	0
 7595 1d92 00       		.byte	0
 7596 1d93 80       		.byte	-128
 7597 1d94 00       		.byte	0
 7598 1d95 00       		.byte	0
 7599 1d96 00       		.byte	0
 7600 1d97 00       		.byte	0
 7601 1d98 00       		.byte	0
 7602 1d99 00       		.byte	0
 7603 1d9a 00       		.byte	0
 7604 1d9b 00       		.byte	0
 7605 1d9c 00       		.byte	0
 7606 1d9d 00       		.byte	0
 7607 1d9e 00       		.byte	0
 7608 1d9f 00       		.byte	0
 7609 1da0 00       		.byte	0
 7610 1da1 00       		.byte	0
 7611 1da2 00       		.byte	0
 7612 1da3 00       		.byte	0
 7613 1da4 00       		.byte	0
 7614 1da5 00       		.byte	0
 7615 1da6 00       		.byte	0
 7616 1da7 00       		.byte	0
 7617 1da8 00       		.byte	0
 7618 1da9 00       		.byte	0
 7619 1daa 00       		.byte	0
 7620 1dab 00       		.byte	0
 7621 1dac 00       		.byte	0
 7622 1dad 00       		.byte	0
 7623 1dae 00       		.byte	0
 7624 1daf 00       		.byte	0
 7625 1db0 00       		.byte	0
 7626 1db1 00       		.byte	0
 7627 1db2 00       		.byte	0
 7628 1db3 00       		.byte	0
 7629 1db4 00       		.byte	0
 7630 1db5 00       		.byte	0
 7631 1db6 00       		.byte	0
 7632 1db7 00       		.byte	0
 7633 1db8 00       		.byte	0
 7634 1db9 00       		.byte	0
 7635 1dba 00       		.byte	0
 7636 1dbb 00       		.byte	0
 7637 1dbc 00       		.byte	0
 7638 1dbd 00       		.byte	0
ARM GAS  C:\Users\ggg88\AppData\Local\Temp\cc4OMrCc.s 			page 135


 7639 1dbe 00       		.byte	0
 7640 1dbf 00       		.byte	0
 7641 1dc0 00       		.byte	0
 7642 1dc1 04       		.byte	4
 7643 1dc2 00       		.byte	0
 7644 1dc3 02       		.byte	2
 7645 1dc4 00       		.byte	0
 7646 1dc5 00       		.byte	0
 7647 1dc6 00       		.byte	0
 7648 1dc7 00       		.byte	0
 7649 1dc8 08       		.byte	8
 7650 1dc9 00       		.byte	0
 7651 1dca 00       		.byte	0
 7652 1dcb 00       		.byte	0
 7653 1dcc 00       		.byte	0
 7654 1dcd 08       		.byte	8
 7655 1dce 00       		.byte	0
 7656 1dcf 30       		.byte	48
 7657 1dd0 00       		.byte	0
 7658 1dd1 00       		.byte	0
 7659 1dd2 00       		.byte	0
 7660 1dd3 80       		.byte	-128
 7661 1dd4 00       		.byte	0
 7662 1dd5 00       		.byte	0
 7663 1dd6 00       		.byte	0
 7664 1dd7 08       		.byte	8
 7665 1dd8 00       		.byte	0
 7666 1dd9 08       		.byte	8
 7667 1dda 00       		.byte	0
 7668 1ddb 00       		.byte	0
 7669 1ddc 00       		.byte	0
 7670 1ddd 00       		.byte	0
 7671 1dde 00       		.byte	0
 7672 1ddf 00       		.byte	0
 7673 1de0 00       		.byte	0
 7674 1de1 00       		.byte	0
 7675 1de2 40       		.byte	64
 7676 1de3 00       		.byte	0
 7677 1de4 00       		.byte	0
 7678 1de5 00       		.byte	0
 7679 1de6 00       		.byte	0
 7680 1de7 00       		.byte	0
 7681 1de8 20       		.byte	32
 7682 1de9 00       		.byte	0
 7683 1dea 00       		.byte	0
 7684 1deb 00       		.byte	0
 7685 1dec 00       		.byte	0
 7686 1ded 20       		.byte	32
 7687 1dee 00       		.byte	0
 7688 1def 00       		.byte	0
 7689 1df0 00       		.byte	0
 7690 1df1 00       		.byte	0
 7691 1df2 00       		.byte	0
 7692 1df3 00       		.byte	0
 7693 1df4 00       		.byte	0
 7694 1df5 00       		.byte	0
 7695 1df6 00       		.byte	0
ARM GAS  C:\Users\ggg88\AppData\Local\Temp\cc4OMrCc.s 			page 136


 7696 1df7 00       		.byte	0
 7697 1df8 80       		.byte	-128
 7698 1df9 00       		.byte	0
 7699 1dfa 30       		.byte	48
 7700 1dfb 00       		.byte	0
 7701 1dfc 00       		.byte	0
 7702 1dfd 00       		.byte	0
 7703 1dfe 00       		.byte	0
 7704 1dff 00       		.byte	0
 7705 1e00 10       		.byte	16
 7706 1e01 00       		.byte	0
 7707 1e02 00       		.byte	0
 7708 1e03 00       		.byte	0
 7709 1e04 00       		.byte	0
 7710 1e05 00       		.byte	0
 7711 1e06 00       		.byte	0
 7712 1e07 00       		.byte	0
 7713 1e08 00       		.byte	0
 7714 1e09 00       		.byte	0
 7715 1e0a 00       		.byte	0
 7716 1e0b 00       		.byte	0
 7717 1e0c E0       		.byte	-32
 7718 1e0d 00       		.byte	0
 7719 1e0e 00       		.byte	0
 7720 1e0f 00       		.byte	0
 7721 1e10 00       		.byte	0
 7722 1e11 00       		.byte	0
 7723 1e12 00       		.byte	0
 7724 1e13 00       		.byte	0
 7725 1e14 00       		.byte	0
 7726 1e15 00       		.byte	0
 7727 1e16 00       		.byte	0
 7728 1e17 00       		.byte	0
 7729 1e18 00       		.byte	0
 7730 1e19 00       		.byte	0
 7731 1e1a 00       		.byte	0
 7732 1e1b 00       		.byte	0
 7733 1e1c 00       		.byte	0
 7734 1e1d 00       		.byte	0
 7735 1e1e 00       		.byte	0
 7736 1e1f 00       		.byte	0
 7737 1e20 20       		.byte	32
 7738 1e21 00       		.byte	0
 7739 1e22 00       		.byte	0
 7740 1e23 00       		.byte	0
 7741 1e24 00       		.byte	0
 7742 1e25 00       		.byte	0
 7743 1e26 00       		.byte	0
 7744 1e27 00       		.byte	0
 7745 1e28 00       		.byte	0
 7746 1e29 00       		.byte	0
 7747 1e2a 00       		.byte	0
 7748 1e2b 00       		.byte	0
 7749 1e2c 00       		.byte	0
 7750 1e2d 00       		.byte	0
 7751 1e2e 00       		.byte	0
 7752 1e2f 00       		.byte	0
ARM GAS  C:\Users\ggg88\AppData\Local\Temp\cc4OMrCc.s 			page 137


 7753 1e30 00       		.byte	0
 7754 1e31 00       		.byte	0
 7755 1e32 00       		.byte	0
 7756 1e33 00       		.byte	0
 7757 1e34 00       		.byte	0
 7758 1e35 00       		.byte	0
 7759 1e36 00       		.byte	0
 7760 1e37 00       		.byte	0
 7761 1e38 00       		.byte	0
 7762 1e39 22       		.byte	34
 7763 1e3a 00       		.byte	0
 7764 1e3b 00       		.byte	0
 7765 1e3c 00       		.byte	0
 7766 1e3d 40       		.byte	64
 7767 1e3e 00       		.byte	0
 7768 1e3f 00       		.byte	0
 7769 1e40 00       		.byte	0
 7770 1e41 00       		.byte	0
 7771 1e42 00       		.byte	0
 7772 1e43 00       		.byte	0
 7773 1e44 00       		.byte	0
 7774 1e45 00       		.byte	0
 7775 1e46 00       		.byte	0
 7776 1e47 00       		.byte	0
 7777 1e48 00       		.byte	0
 7778 1e49 00       		.byte	0
 7779 1e4a 00       		.byte	0
 7780 1e4b 00       		.byte	0
 7781 1e4c 00       		.byte	0
 7782 1e4d 00       		.byte	0
 7783 1e4e 00       		.byte	0
 7784 1e4f 00       		.byte	0
 7785 1e50 00       		.byte	0
 7786 1e51 00       		.byte	0
 7787 1e52 00       		.byte	0
 7788 1e53 00       		.byte	0
 7789 1e54 00       		.byte	0
 7790 1e55 00       		.byte	0
 7791 1e56 00       		.byte	0
 7792 1e57 00       		.byte	0
 7793 1e58 00       		.byte	0
 7794 1e59 00       		.byte	0
 7795 1e5a 00       		.byte	0
 7796 1e5b 00       		.byte	0
 7797 1e5c 00       		.byte	0
 7798 1e5d 00       		.byte	0
 7799 1e5e 00       		.byte	0
 7800 1e5f 00       		.byte	0
 7801 1e60 00       		.byte	0
 7802 1e61 00       		.byte	0
 7803 1e62 00       		.byte	0
 7804 1e63 00       		.byte	0
 7805 1e64 00       		.byte	0
 7806 1e65 00       		.byte	0
 7807 1e66 00       		.byte	0
 7808 1e67 00       		.byte	0
 7809 1e68 00       		.byte	0
ARM GAS  C:\Users\ggg88\AppData\Local\Temp\cc4OMrCc.s 			page 138


 7810 1e69 00       		.byte	0
 7811 1e6a 00       		.byte	0
 7812 1e6b 00       		.byte	0
 7813 1e6c 00       		.byte	0
 7814 1e6d 00       		.byte	0
 7815 1e6e 00       		.byte	0
 7816 1e6f 00       		.byte	0
 7817 1e70 00       		.byte	0
 7818 1e71 00       		.byte	0
 7819 1e72 00       		.byte	0
 7820 1e73 00       		.byte	0
 7821 1e74 00       		.byte	0
 7822 1e75 00       		.byte	0
 7823 1e76 00       		.byte	0
 7824 1e77 00       		.byte	0
 7825 1e78 00       		.byte	0
 7826 1e79 00       		.byte	0
 7827 1e7a 00       		.byte	0
 7828 1e7b 00       		.byte	0
 7829 1e7c 00       		.byte	0
 7830 1e7d 00       		.byte	0
 7831 1e7e 00       		.byte	0
 7832 1e7f 00       		.byte	0
 7833 1e80 00       		.byte	0
 7834 1e81 00       		.byte	0
 7835 1e82 00       		.byte	0
 7836 1e83 00       		.byte	0
 7837 1e84 00       		.byte	0
 7838 1e85 00       		.byte	0
 7839 1e86 00       		.byte	0
 7840 1e87 00       		.byte	0
 7841 1e88 00       		.byte	0
 7842 1e89 04       		.byte	4
 7843 1e8a 00       		.byte	0
 7844 1e8b 00       		.byte	0
 7845 1e8c 00       		.byte	0
 7846 1e8d 00       		.byte	0
 7847 1e8e 00       		.byte	0
 7848 1e8f 00       		.byte	0
 7849 1e90 20       		.byte	32
 7850 1e91 00       		.byte	0
 7851 1e92 00       		.byte	0
 7852 1e93 00       		.byte	0
 7853 1e94 00       		.byte	0
 7854 1e95 00       		.byte	0
 7855 1e96 80       		.byte	-128
 7856 1e97 00       		.byte	0
 7857 1e98 00       		.byte	0
 7858 1e99 00       		.byte	0
 7859 1e9a 00       		.byte	0
 7860 1e9b 00       		.byte	0
 7861 1e9c 00       		.byte	0
 7862 1e9d 00       		.byte	0
 7863 1e9e 00       		.byte	0
 7864 1e9f 00       		.byte	0
 7865 1ea0 00       		.byte	0
 7866 1ea1 00       		.byte	0
ARM GAS  C:\Users\ggg88\AppData\Local\Temp\cc4OMrCc.s 			page 139


 7867 1ea2 00       		.byte	0
 7868 1ea3 00       		.byte	0
 7869 1ea4 00       		.byte	0
 7870 1ea5 00       		.byte	0
 7871 1ea6 00       		.byte	0
 7872 1ea7 00       		.byte	0
 7873 1ea8 00       		.byte	0
 7874 1ea9 00       		.byte	0
 7875 1eaa 00       		.byte	0
 7876 1eab 00       		.byte	0
 7877 1eac 00       		.byte	0
 7878 1ead 00       		.byte	0
 7879 1eae 00       		.byte	0
 7880 1eaf 00       		.byte	0
 7881 1eb0 00       		.byte	0
 7882 1eb1 00       		.byte	0
 7883 1eb2 00       		.byte	0
 7884 1eb3 00       		.byte	0
 7885 1eb4 00       		.byte	0
 7886 1eb5 00       		.byte	0
 7887 1eb6 00       		.byte	0
 7888 1eb7 00       		.byte	0
 7889 1eb8 00       		.byte	0
 7890 1eb9 00       		.byte	0
 7891 1eba 00       		.byte	0
 7892 1ebb 00       		.byte	0
 7893 1ebc 00       		.byte	0
 7894 1ebd 40       		.byte	64
 7895 1ebe 40       		.byte	64
 7896 1ebf 00       		.byte	0
 7897 1ec0 00       		.byte	0
 7898 1ec1 00       		.byte	0
 7899 1ec2 00       		.byte	0
 7900 1ec3 00       		.byte	0
 7901 1ec4 80       		.byte	-128
 7902 1ec5 80       		.byte	-128
 7903 1ec6 00       		.byte	0
 7904 1ec7 00       		.byte	0
 7905 1ec8 08       		.byte	8
 7906 1ec9 00       		.byte	0
 7907 1eca 40       		.byte	64
 7908 1ecb 00       		.byte	0
 7909 1ecc 00       		.byte	0
 7910 1ecd 00       		.byte	0
 7911 1ece 00       		.byte	0
 7912 1ecf 30       		.byte	48
 7913 1ed0 00       		.byte	0
 7914 1ed1 00       		.byte	0
 7915 1ed2 00       		.byte	0
 7916 1ed3 80       		.byte	-128
 7917 1ed4 00       		.byte	0
 7918 1ed5 02       		.byte	2
 7919 1ed6 00       		.byte	0
 7920 1ed7 08       		.byte	8
 7921 1ed8 00       		.byte	0
 7922 1ed9 08       		.byte	8
 7923 1eda 00       		.byte	0
ARM GAS  C:\Users\ggg88\AppData\Local\Temp\cc4OMrCc.s 			page 140


 7924 1edb 00       		.byte	0
 7925 1edc 80       		.byte	-128
 7926 1edd 80       		.byte	-128
 7927 1ede 00       		.byte	0
 7928 1edf 00       		.byte	0
 7929 1ee0 00       		.byte	0
 7930 1ee1 00       		.byte	0
 7931 1ee2 00       		.byte	0
 7932 1ee3 08       		.byte	8
 7933 1ee4 00       		.byte	0
 7934 1ee5 00       		.byte	0
 7935 1ee6 00       		.byte	0
 7936 1ee7 00       		.byte	0
 7937 1ee8 00       		.byte	0
 7938 1ee9 00       		.byte	0
 7939 1eea 08       		.byte	8
 7940 1eeb 00       		.byte	0
 7941 1eec 00       		.byte	0
 7942 1eed 00       		.byte	0
 7943 1eee 00       		.byte	0
 7944 1eef 00       		.byte	0
 7945 1ef0 00       		.byte	0
 7946 1ef1 00       		.byte	0
 7947 1ef2 00       		.byte	0
 7948 1ef3 00       		.byte	0
 7949 1ef4 00       		.byte	0
 7950 1ef5 00       		.byte	0
 7951 1ef6 00       		.byte	0
 7952 1ef7 00       		.byte	0
 7953 1ef8 D0       		.byte	-48
 7954 1ef9 00       		.byte	0
 7955 1efa 00       		.byte	0
 7956 1efb 00       		.byte	0
 7957 1efc 00       		.byte	0
 7958 1efd 00       		.byte	0
 7959 1efe 00       		.byte	0
 7960 1eff 00       		.byte	0
 7961 1f00 00       		.byte	0
 7962 1f01 00       		.byte	0
 7963 1f02 00       		.byte	0
 7964 1f03 00       		.byte	0
 7965 1f04 00       		.byte	0
 7966 1f05 00       		.byte	0
 7967 1f06 00       		.byte	0
 7968 1f07 00       		.byte	0
 7969 1f08 00       		.byte	0
 7970 1f09 00       		.byte	0
 7971 1f0a 00       		.byte	0
 7972 1f0b 00       		.byte	0
 7973 1f0c A0       		.byte	-96
 7974 1f0d 00       		.byte	0
 7975 1f0e 20       		.byte	32
 7976 1f0f 00       		.byte	0
 7977 1f10 00       		.byte	0
 7978 1f11 00       		.byte	0
 7979 1f12 00       		.byte	0
 7980 1f13 00       		.byte	0
ARM GAS  C:\Users\ggg88\AppData\Local\Temp\cc4OMrCc.s 			page 141


 7981 1f14 00       		.byte	0
 7982 1f15 00       		.byte	0
 7983 1f16 00       		.byte	0
 7984 1f17 00       		.byte	0
 7985 1f18 00       		.byte	0
 7986 1f19 00       		.byte	0
 7987 1f1a 00       		.byte	0
 7988 1f1b 00       		.byte	0
 7989 1f1c 10       		.byte	16
 7990 1f1d 00       		.byte	0
 7991 1f1e 40       		.byte	64
 7992 1f1f 00       		.byte	0
 7993 1f20 20       		.byte	32
 7994 1f21 00       		.byte	0
 7995 1f22 00       		.byte	0
 7996 1f23 00       		.byte	0
 7997 1f24 00       		.byte	0
 7998 1f25 00       		.byte	0
 7999 1f26 00       		.byte	0
 8000 1f27 00       		.byte	0
 8001 1f28 00       		.byte	0
 8002 1f29 00       		.byte	0
 8003 1f2a 00       		.byte	0
 8004 1f2b 00       		.byte	0
 8005 1f2c 00       		.byte	0
 8006 1f2d 00       		.byte	0
 8007 1f2e 00       		.byte	0
 8008 1f2f 00       		.byte	0
 8009 1f30 00       		.byte	0
 8010 1f31 00       		.byte	0
 8011 1f32 00       		.byte	0
 8012 1f33 00       		.byte	0
 8013 1f34 00       		.byte	0
 8014 1f35 00       		.byte	0
 8015 1f36 00       		.byte	0
 8016 1f37 00       		.byte	0
 8017 1f38 00       		.byte	0
 8018 1f39 00       		.byte	0
 8019 1f3a 00       		.byte	0
 8020 1f3b 00       		.byte	0
 8021 1f3c 00       		.byte	0
 8022 1f3d 00       		.byte	0
 8023 1f3e 00       		.byte	0
 8024 1f3f 00       		.byte	0
 8025 1f40 10       		.byte	16
 8026 1f41 00       		.byte	0
 8027 1f42 00       		.byte	0
 8028 1f43 00       		.byte	0
 8029 1f44 04       		.byte	4
 8030 1f45 00       		.byte	0
 8031 1f46 04       		.byte	4
 8032 1f47 00       		.byte	0
 8033 1f48 00       		.byte	0
 8034 1f49 00       		.byte	0
 8035 1f4a 40       		.byte	64
 8036 1f4b 00       		.byte	0
 8037 1f4c 00       		.byte	0
ARM GAS  C:\Users\ggg88\AppData\Local\Temp\cc4OMrCc.s 			page 142


 8038 1f4d 00       		.byte	0
 8039 1f4e 00       		.byte	0
 8040 1f4f 30       		.byte	48
 8041 1f50 00       		.byte	0
 8042 1f51 00       		.byte	0
 8043 1f52 00       		.byte	0
 8044 1f53 80       		.byte	-128
 8045 1f54 00       		.byte	0
 8046 1f55 02       		.byte	2
 8047 1f56 04       		.byte	4
 8048 1f57 00       		.byte	0
 8049 1f58 00       		.byte	0
 8050 1f59 08       		.byte	8
 8051 1f5a 00       		.byte	0
 8052 1f5b 00       		.byte	0
 8053 1f5c 90       		.byte	-112
 8054 1f5d 80       		.byte	-128
 8055 1f5e 08       		.byte	8
 8056 1f5f 00       		.byte	0
 8057 1f60 00       		.byte	0
 8058 1f61 02       		.byte	2
 8059 1f62 00       		.byte	0
 8060 1f63 00       		.byte	0
 8061 1f64 00       		.byte	0
 8062 1f65 00       		.byte	0
 8063 1f66 00       		.byte	0
 8064 1f67 00       		.byte	0
 8065 1f68 00       		.byte	0
 8066 1f69 00       		.byte	0
 8067 1f6a 00       		.byte	0
 8068 1f6b 10       		.byte	16
 8069 1f6c 00       		.byte	0
 8070 1f6d 00       		.byte	0
 8071 1f6e 00       		.byte	0
 8072 1f6f 00       		.byte	0
 8073 1f70 00       		.byte	0
 8074 1f71 00       		.byte	0
 8075 1f72 00       		.byte	0
 8076 1f73 00       		.byte	0
 8077 1f74 00       		.byte	0
 8078 1f75 00       		.byte	0
 8079 1f76 00       		.byte	0
 8080 1f77 00       		.byte	0
 8081 1f78 00       		.byte	0
 8082 1f79 00       		.byte	0
 8083 1f7a 00       		.byte	0
 8084 1f7b 00       		.byte	0
 8085 1f7c 00       		.byte	0
 8086 1f7d 00       		.byte	0
 8087 1f7e 00       		.byte	0
 8088 1f7f 00       		.byte	0
 8089 1f80 00       		.byte	0
 8090 1f81 00       		.byte	0
 8091 1f82 00       		.byte	0
 8092 1f83 00       		.byte	0
 8093 1f84 00       		.byte	0
 8094 1f85 00       		.byte	0
ARM GAS  C:\Users\ggg88\AppData\Local\Temp\cc4OMrCc.s 			page 143


 8095 1f86 00       		.byte	0
 8096 1f87 00       		.byte	0
 8097 1f88 00       		.byte	0
 8098 1f89 00       		.byte	0
 8099 1f8a 00       		.byte	0
 8100 1f8b 00       		.byte	0
 8101 1f8c 00       		.byte	0
 8102 1f8d 00       		.byte	0
 8103 1f8e 00       		.byte	0
 8104 1f8f 00       		.byte	0
 8105 1f90 00       		.byte	0
 8106 1f91 00       		.byte	0
 8107 1f92 00       		.byte	0
 8108 1f93 00       		.byte	0
 8109 1f94 00       		.byte	0
 8110 1f95 00       		.byte	0
 8111 1f96 00       		.byte	0
 8112 1f97 00       		.byte	0
 8113 1f98 00       		.byte	0
 8114 1f99 00       		.byte	0
 8115 1f9a 00       		.byte	0
 8116 1f9b 00       		.byte	0
 8117 1f9c 00       		.byte	0
 8118 1f9d 00       		.byte	0
 8119 1f9e 00       		.byte	0
 8120 1f9f 00       		.byte	0
 8121 1fa0 00       		.byte	0
 8122 1fa1 00       		.byte	0
 8123 1fa2 00       		.byte	0
 8124 1fa3 00       		.byte	0
 8125 1fa4 20       		.byte	32
 8126 1fa5 00       		.byte	0
 8127 1fa6 00       		.byte	0
 8128 1fa7 00       		.byte	0
 8129 1fa8 00       		.byte	0
 8130 1fa9 00       		.byte	0
 8131 1faa 00       		.byte	0
 8132 1fab 00       		.byte	0
 8133 1fac 00       		.byte	0
 8134 1fad 00       		.byte	0
 8135 1fae 00       		.byte	0
 8136 1faf 00       		.byte	0
 8137 1fb0 00       		.byte	0
 8138 1fb1 00       		.byte	0
 8139 1fb2 00       		.byte	0
 8140 1fb3 00       		.byte	0
 8141 1fb4 00       		.byte	0
 8142 1fb5 00       		.byte	0
 8143 1fb6 00       		.byte	0
 8144 1fb7 00       		.byte	0
 8145 1fb8 00       		.byte	0
 8146 1fb9 00       		.byte	0
 8147 1fba 00       		.byte	0
 8148 1fbb 00       		.byte	0
 8149 1fbc 00       		.byte	0
 8150 1fbd 00       		.byte	0
 8151 1fbe 00       		.byte	0
ARM GAS  C:\Users\ggg88\AppData\Local\Temp\cc4OMrCc.s 			page 144


 8152 1fbf 00       		.byte	0
 8153 1fc0 00       		.byte	0
 8154 1fc1 00       		.byte	0
 8155 1fc2 00       		.byte	0
 8156 1fc3 00       		.byte	0
 8157 1fc4 00       		.byte	0
 8158 1fc5 00       		.byte	0
 8159 1fc6 00       		.byte	0
 8160 1fc7 00       		.byte	0
 8161 1fc8 00       		.byte	0
 8162 1fc9 00       		.byte	0
 8163 1fca 00       		.byte	0
 8164 1fcb 00       		.byte	0
 8165 1fcc 00       		.byte	0
 8166 1fcd 00       		.byte	0
 8167 1fce 00       		.byte	0
 8168 1fcf 00       		.byte	0
 8169 1fd0 00       		.byte	0
 8170 1fd1 00       		.byte	0
 8171 1fd2 00       		.byte	0
 8172 1fd3 00       		.byte	0
 8173 1fd4 00       		.byte	0
 8174 1fd5 00       		.byte	0
 8175 1fd6 00       		.byte	0
 8176 1fd7 00       		.byte	0
 8177 1fd8 00       		.byte	0
 8178 1fd9 00       		.byte	0
 8179 1fda 00       		.byte	0
 8180 1fdb 00       		.byte	0
 8181 1fdc 00       		.byte	0
 8182 1fdd 00       		.byte	0
 8183 1fde 00       		.byte	0
 8184 1fdf 00       		.byte	0
 8185 1fe0 00       		.byte	0
 8186 1fe1 00       		.byte	0
 8187 1fe2 00       		.byte	0
 8188 1fe3 00       		.byte	0
 8189 1fe4 00       		.byte	0
 8190 1fe5 00       		.byte	0
 8191 1fe6 00       		.byte	0
 8192 1fe7 00       		.byte	0
 8193 1fe8 00       		.byte	0
 8194 1fe9 00       		.byte	0
 8195 1fea 00       		.byte	0
 8196 1feb 00       		.byte	0
 8197 1fec 00       		.byte	0
 8198 1fed 00       		.byte	0
 8199 1fee 00       		.byte	0
 8200 1fef 00       		.byte	0
 8201 1ff0 00       		.byte	0
 8202 1ff1 00       		.byte	0
 8203 1ff2 00       		.byte	0
 8204 1ff3 00       		.byte	0
 8205 1ff4 20       		.byte	32
 8206 1ff5 00       		.byte	0
 8207 1ff6 00       		.byte	0
 8208 1ff7 00       		.byte	0
ARM GAS  C:\Users\ggg88\AppData\Local\Temp\cc4OMrCc.s 			page 145


 8209 1ff8 00       		.byte	0
 8210 1ff9 00       		.byte	0
 8211 1ffa 00       		.byte	0
 8212 1ffb 00       		.byte	0
 8213 1ffc 00       		.byte	0
 8214 1ffd 00       		.byte	0
 8215 1ffe 00       		.byte	0
 8216 1fff 00       		.byte	0
 8217 2000 00       		.byte	0
 8218 2001 00       		.byte	0
 8219 2002 00       		.byte	0
 8220 2003 00       		.byte	0
 8221 2004 00       		.byte	0
 8222 2005 00       		.byte	0
 8223 2006 00       		.byte	0
 8224 2007 00       		.byte	0
 8225 2008 00       		.byte	0
 8226 2009 00       		.byte	0
 8227 200a 00       		.byte	0
 8228 200b 02       		.byte	2
 8229 200c 00       		.byte	0
 8230 200d 00       		.byte	0
 8231 200e 00       		.byte	0
 8232 200f 00       		.byte	0
 8233 2010 00       		.byte	0
 8234 2011 00       		.byte	0
 8235 2012 00       		.byte	0
 8236 2013 00       		.byte	0
 8237 2014 40       		.byte	64
 8238 2015 00       		.byte	0
 8239 2016 00       		.byte	0
 8240 2017 00       		.byte	0
 8241 2018 00       		.byte	0
 8242 2019 00       		.byte	0
 8243 201a 00       		.byte	0
 8244 201b 00       		.byte	0
 8245 201c 00       		.byte	0
 8246 201d 00       		.byte	0
 8247 201e 00       		.byte	0
 8248 201f 00       		.byte	0
 8249 2020 00       		.byte	0
 8250 2021 00       		.byte	0
 8251 2022 00       		.byte	0
 8252 2023 00       		.byte	0
 8253 2024 00       		.byte	0
 8254 2025 00       		.byte	0
 8255 2026 00       		.byte	0
 8256 2027 00       		.byte	0
 8257 2028 00       		.byte	0
 8258 2029 00       		.byte	0
 8259 202a 00       		.byte	0
 8260 202b 00       		.byte	0
 8261 202c 00       		.byte	0
 8262 202d 00       		.byte	0
 8263 202e 00       		.byte	0
 8264 202f 00       		.byte	0
 8265 2030 00       		.byte	0
ARM GAS  C:\Users\ggg88\AppData\Local\Temp\cc4OMrCc.s 			page 146


 8266 2031 00       		.byte	0
 8267 2032 00       		.byte	0
 8268 2033 00       		.byte	0
 8269 2034 00       		.byte	0
 8270 2035 00       		.byte	0
 8271 2036 00       		.byte	0
 8272 2037 00       		.byte	0
 8273 2038 00       		.byte	0
 8274 2039 04       		.byte	4
 8275 203a 00       		.byte	0
 8276 203b 00       		.byte	0
 8277 203c 00       		.byte	0
 8278 203d 00       		.byte	0
 8279 203e 01       		.byte	1
 8280 203f 00       		.byte	0
 8281 2040 00       		.byte	0
 8282 2041 20       		.byte	32
 8283 2042 00       		.byte	0
 8284 2043 92       		.byte	-110
 8285 2044 40       		.byte	64
 8286 2045 08       		.byte	8
 8287 2046 00       		.byte	0
 8288 2047 00       		.byte	0
 8289 2048 00       		.byte	0
 8290 2049 00       		.byte	0
 8291 204a 40       		.byte	64
 8292 204b 00       		.byte	0
 8293 204c 40       		.byte	64
 8294 204d 00       		.byte	0
 8295 204e 01       		.byte	1
 8296 204f 00       		.byte	0
 8297 2050 00       		.byte	0
 8298 2051 00       		.byte	0
 8299 2052 00       		.byte	0
 8300 2053 00       		.byte	0
 8301 2054 00       		.byte	0
 8302 2055 00       		.byte	0
 8303 2056 04       		.byte	4
 8304 2057 00       		.byte	0
 8305 2058 00       		.byte	0
 8306 2059 00       		.byte	0
 8307 205a 00       		.byte	0
 8308 205b 00       		.byte	0
 8309 205c 80       		.byte	-128
 8310 205d A4       		.byte	-92
 8311 205e 08       		.byte	8
 8312 205f 00       		.byte	0
 8313 2060 00       		.byte	0
 8314 2061 00       		.byte	0
 8315 2062 02       		.byte	2
 8316 2063 00       		.byte	0
 8317 2064 00       		.byte	0
 8318 2065 00       		.byte	0
 8319 2066 00       		.byte	0
 8320 2067 00       		.byte	0
 8321 2068 00       		.byte	0
 8322 2069 00       		.byte	0
ARM GAS  C:\Users\ggg88\AppData\Local\Temp\cc4OMrCc.s 			page 147


 8323 206a 02       		.byte	2
 8324 206b 00       		.byte	0
 8325 206c 00       		.byte	0
 8326 206d 00       		.byte	0
 8327 206e 00       		.byte	0
 8328 206f 00       		.byte	0
 8329 2070 00       		.byte	0
 8330 2071 00       		.byte	0
 8331 2072 00       		.byte	0
 8332 2073 00       		.byte	0
 8333 2074 00       		.byte	0
 8334 2075 00       		.byte	0
 8335 2076 00       		.byte	0
 8336 2077 00       		.byte	0
 8337 2078 00       		.byte	0
 8338 2079 00       		.byte	0
 8339 207a 00       		.byte	0
 8340 207b 00       		.byte	0
 8341 207c 00       		.byte	0
 8342 207d 00       		.byte	0
 8343 207e 00       		.byte	0
 8344 207f 00       		.byte	0
 8345 2080 00       		.byte	0
 8346 2081 00       		.byte	0
 8347 2082 00       		.byte	0
 8348 2083 00       		.byte	0
 8349 2084 00       		.byte	0
 8350 2085 00       		.byte	0
 8351 2086 20       		.byte	32
 8352 2087 00       		.byte	0
 8353 2088 00       		.byte	0
 8354 2089 00       		.byte	0
 8355 208a 00       		.byte	0
 8356 208b 00       		.byte	0
 8357 208c 80       		.byte	-128
 8358 208d 00       		.byte	0
 8359 208e 20       		.byte	32
 8360 208f 00       		.byte	0
 8361 2090 00       		.byte	0
 8362 2091 00       		.byte	0
 8363 2092 00       		.byte	0
 8364 2093 00       		.byte	0
 8365 2094 00       		.byte	0
 8366 2095 00       		.byte	0
 8367 2096 00       		.byte	0
 8368 2097 00       		.byte	0
 8369 2098 00       		.byte	0
 8370 2099 00       		.byte	0
 8371 209a 30       		.byte	48
 8372 209b 00       		.byte	0
 8373 209c 00       		.byte	0
 8374 209d 00       		.byte	0
 8375 209e 00       		.byte	0
 8376 209f 00       		.byte	0
 8377 20a0 00       		.byte	0
 8378 20a1 00       		.byte	0
 8379 20a2 00       		.byte	0
ARM GAS  C:\Users\ggg88\AppData\Local\Temp\cc4OMrCc.s 			page 148


 8380 20a3 00       		.byte	0
 8381 20a4 00       		.byte	0
 8382 20a5 00       		.byte	0
 8383 20a6 20       		.byte	32
 8384 20a7 00       		.byte	0
 8385 20a8 00       		.byte	0
 8386 20a9 00       		.byte	0
 8387 20aa 00       		.byte	0
 8388 20ab 00       		.byte	0
 8389 20ac 00       		.byte	0
 8390 20ad 00       		.byte	0
 8391 20ae 00       		.byte	0
 8392 20af 00       		.byte	0
 8393 20b0 00       		.byte	0
 8394 20b1 00       		.byte	0
 8395 20b2 00       		.byte	0
 8396 20b3 00       		.byte	0
 8397 20b4 00       		.byte	0
 8398 20b5 00       		.byte	0
 8399 20b6 00       		.byte	0
 8400 20b7 00       		.byte	0
 8401 20b8 00       		.byte	0
 8402 20b9 00       		.byte	0
 8403 20ba 00       		.byte	0
 8404 20bb 00       		.byte	0
 8405 20bc 00       		.byte	0
 8406 20bd 00       		.byte	0
 8407 20be 00       		.byte	0
 8408 20bf 00       		.byte	0
 8409 20c0 00       		.byte	0
 8410 20c1 00       		.byte	0
 8411 20c2 00       		.byte	0
 8412 20c3 00       		.byte	0
 8413 20c4 00       		.byte	0
 8414 20c5 00       		.byte	0
 8415 20c6 00       		.byte	0
 8416 20c7 00       		.byte	0
 8417 20c8 00       		.byte	0
 8418 20c9 00       		.byte	0
 8419 20ca 00       		.byte	0
 8420 20cb 00       		.byte	0
 8421 20cc 00       		.byte	0
 8422 20cd 00       		.byte	0
 8423 20ce 00       		.byte	0
 8424 20cf 00       		.byte	0
 8425 20d0 00       		.byte	0
 8426 20d1 00       		.byte	0
 8427 20d2 00       		.byte	0
 8428 20d3 00       		.byte	0
 8429 20d4 00       		.byte	0
 8430 20d5 00       		.byte	0
 8431 20d6 00       		.byte	0
 8432 20d7 00       		.byte	0
 8433 20d8 00       		.byte	0
 8434 20d9 00       		.byte	0
 8435 20da 00       		.byte	0
 8436 20db 00       		.byte	0
ARM GAS  C:\Users\ggg88\AppData\Local\Temp\cc4OMrCc.s 			page 149


 8437 20dc 00       		.byte	0
 8438 20dd 00       		.byte	0
 8439 20de 00       		.byte	0
 8440 20df 00       		.byte	0
 8441 20e0 00       		.byte	0
 8442 20e1 00       		.byte	0
 8443 20e2 00       		.byte	0
 8444 20e3 00       		.byte	0
 8445 20e4 00       		.byte	0
 8446 20e5 00       		.byte	0
 8447 20e6 00       		.byte	0
 8448 20e7 00       		.byte	0
 8449 20e8 00       		.byte	0
 8450 20e9 20       		.byte	32
 8451 20ea 00       		.byte	0
 8452 20eb 00       		.byte	0
 8453 20ec 00       		.byte	0
 8454 20ed 00       		.byte	0
 8455 20ee 80       		.byte	-128
 8456 20ef 00       		.byte	0
 8457 20f0 08       		.byte	8
 8458 20f1 00       		.byte	0
 8459 20f2 00       		.byte	0
 8460 20f3 00       		.byte	0
 8461 20f4 00       		.byte	0
 8462 20f5 08       		.byte	8
 8463 20f6 00       		.byte	0
 8464 20f7 10       		.byte	16
 8465 20f8 00       		.byte	0
 8466 20f9 00       		.byte	0
 8467 20fa 00       		.byte	0
 8468 20fb 00       		.byte	0
 8469 20fc 00       		.byte	0
 8470 20fd 00       		.byte	0
 8471 20fe 00       		.byte	0
 8472 20ff 00       		.byte	0
 8473 2100 00       		.byte	0
 8474 2101 00       		.byte	0
 8475 2102 00       		.byte	0
 8476 2103 00       		.byte	0
 8477 2104 00       		.byte	0
 8478 2105 00       		.byte	0
 8479 2106 00       		.byte	0
 8480 2107 00       		.byte	0
 8481 2108 10       		.byte	16
 8482 2109 00       		.byte	0
 8483 210a 02       		.byte	2
 8484 210b 00       		.byte	0
 8485 210c 00       		.byte	0
 8486 210d 80       		.byte	-128
 8487 210e 02       		.byte	2
 8488 210f 00       		.byte	0
 8489 2110 00       		.byte	0
 8490 2111 00       		.byte	0
 8491 2112 00       		.byte	0
 8492 2113 00       		.byte	0
 8493 2114 00       		.byte	0
ARM GAS  C:\Users\ggg88\AppData\Local\Temp\cc4OMrCc.s 			page 150


 8494 2115 00       		.byte	0
 8495 2116 00       		.byte	0
 8496 2117 00       		.byte	0
 8497 2118 00       		.byte	0
 8498 2119 00       		.byte	0
 8499 211a 00       		.byte	0
 8500 211b 00       		.byte	0
 8501 211c 00       		.byte	0
 8502 211d 00       		.byte	0
 8503 211e 00       		.byte	0
 8504 211f 00       		.byte	0
 8505 2120 00       		.byte	0
 8506 2121 00       		.byte	0
 8507 2122 00       		.byte	0
 8508 2123 00       		.byte	0
 8509 2124 00       		.byte	0
 8510 2125 00       		.byte	0
 8511 2126 00       		.byte	0
 8512 2127 00       		.byte	0
 8513 2128 00       		.byte	0
 8514 2129 00       		.byte	0
 8515 212a 00       		.byte	0
 8516 212b 00       		.byte	0
 8517 212c 00       		.byte	0
 8518 212d 00       		.byte	0
 8519 212e 00       		.byte	0
 8520 212f 00       		.byte	0
 8521 2130 00       		.byte	0
 8522 2131 00       		.byte	0
 8523 2132 00       		.byte	0
 8524 2133 00       		.byte	0
 8525 2134 00       		.byte	0
 8526 2135 00       		.byte	0
 8527 2136 00       		.byte	0
 8528 2137 00       		.byte	0
 8529 2138 00       		.byte	0
 8530 2139 00       		.byte	0
 8531 213a 00       		.byte	0
 8532 213b 00       		.byte	0
 8533 213c 00       		.byte	0
 8534 213d 00       		.byte	0
 8535 213e 00       		.byte	0
 8536 213f 10       		.byte	16
 8537 2140 00       		.byte	0
 8538 2141 00       		.byte	0
 8539 2142 08       		.byte	8
 8540 2143 00       		.byte	0
 8541 2144 18       		.byte	24
 8542 2145 00       		.byte	0
 8543 2146 00       		.byte	0
 8544 2147 00       		.byte	0
 8545 2148 08       		.byte	8
 8546 2149 00       		.byte	0
 8547 214a 40       		.byte	64
 8548 214b 00       		.byte	0
 8549 214c 40       		.byte	64
 8550 214d 00       		.byte	0
ARM GAS  C:\Users\ggg88\AppData\Local\Temp\cc4OMrCc.s 			page 151


 8551 214e 01       		.byte	1
 8552 214f 00       		.byte	0
 8553 2150 00       		.byte	0
 8554 2151 00       		.byte	0
 8555 2152 00       		.byte	0
 8556 2153 00       		.byte	0
 8557 2154 00       		.byte	0
 8558 2155 00       		.byte	0
 8559 2156 0C       		.byte	12
 8560 2157 00       		.byte	0
 8561 2158 00       		.byte	0
 8562 2159 00       		.byte	0
 8563 215a 80       		.byte	-128
 8564 215b 00       		.byte	0
 8565 215c 88       		.byte	-120
 8566 215d 00       		.byte	0
 8567 215e 08       		.byte	8
 8568 215f 00       		.byte	0
 8569 2160 00       		.byte	0
 8570 2161 00       		.byte	0
 8571 2162 00       		.byte	0
 8572 2163 00       		.byte	0
 8573 2164 00       		.byte	0
 8574 2165 00       		.byte	0
 8575 2166 00       		.byte	0
 8576 2167 00       		.byte	0
 8577 2168 00       		.byte	0
 8578 2169 00       		.byte	0
 8579 216a 00       		.byte	0
 8580 216b 00       		.byte	0
 8581 216c 00       		.byte	0
 8582 216d 80       		.byte	-128
 8583 216e 00       		.byte	0
 8584 216f 40       		.byte	64
 8585 2170 00       		.byte	0
 8586 2171 00       		.byte	0
 8587 2172 00       		.byte	0
 8588 2173 00       		.byte	0
 8589 2174 00       		.byte	0
 8590 2175 00       		.byte	0
 8591 2176 00       		.byte	0
 8592 2177 00       		.byte	0
 8593 2178 00       		.byte	0
 8594 2179 00       		.byte	0
 8595 217a 00       		.byte	0
 8596 217b 00       		.byte	0
 8597 217c 00       		.byte	0
 8598 217d 00       		.byte	0
 8599 217e 00       		.byte	0
 8600 217f 00       		.byte	0
 8601 2180 00       		.byte	0
 8602 2181 00       		.byte	0
 8603 2182 00       		.byte	0
 8604 2183 00       		.byte	0
 8605 2184 30       		.byte	48
 8606 2185 00       		.byte	0
 8607 2186 E0       		.byte	-32
ARM GAS  C:\Users\ggg88\AppData\Local\Temp\cc4OMrCc.s 			page 152


 8608 2187 00       		.byte	0
 8609 2188 00       		.byte	0
 8610 2189 00       		.byte	0
 8611 218a 00       		.byte	0
 8612 218b 00       		.byte	0
 8613 218c E0       		.byte	-32
 8614 218d 00       		.byte	0
 8615 218e 20       		.byte	32
 8616 218f 00       		.byte	0
 8617 2190 00       		.byte	0
 8618 2191 00       		.byte	0
 8619 2192 00       		.byte	0
 8620 2193 00       		.byte	0
 8621 2194 00       		.byte	0
 8622 2195 00       		.byte	0
 8623 2196 00       		.byte	0
 8624 2197 00       		.byte	0
 8625 2198 00       		.byte	0
 8626 2199 00       		.byte	0
 8627 219a 10       		.byte	16
 8628 219b 00       		.byte	0
 8629 219c 00       		.byte	0
 8630 219d 00       		.byte	0
 8631 219e 00       		.byte	0
 8632 219f 00       		.byte	0
 8633 21a0 00       		.byte	0
 8634 21a1 00       		.byte	0
 8635 21a2 00       		.byte	0
 8636 21a3 00       		.byte	0
 8637 21a4 00       		.byte	0
 8638 21a5 00       		.byte	0
 8639 21a6 00       		.byte	0
 8640 21a7 00       		.byte	0
 8641 21a8 00       		.byte	0
 8642 21a9 00       		.byte	0
 8643 21aa 00       		.byte	0
 8644 21ab 00       		.byte	0
 8645 21ac 00       		.byte	0
 8646 21ad 00       		.byte	0
 8647 21ae 00       		.byte	0
 8648 21af 00       		.byte	0
 8649 21b0 00       		.byte	0
 8650 21b1 00       		.byte	0
 8651 21b2 00       		.byte	0
 8652 21b3 00       		.byte	0
 8653 21b4 00       		.byte	0
 8654 21b5 00       		.byte	0
 8655 21b6 00       		.byte	0
 8656 21b7 00       		.byte	0
 8657 21b8 00       		.byte	0
 8658 21b9 00       		.byte	0
 8659 21ba 00       		.byte	0
 8660 21bb 00       		.byte	0
 8661 21bc 00       		.byte	0
 8662 21bd 00       		.byte	0
 8663 21be 00       		.byte	0
 8664 21bf 00       		.byte	0
ARM GAS  C:\Users\ggg88\AppData\Local\Temp\cc4OMrCc.s 			page 153


 8665 21c0 00       		.byte	0
 8666 21c1 00       		.byte	0
 8667 21c2 00       		.byte	0
 8668 21c3 00       		.byte	0
 8669 21c4 00       		.byte	0
 8670 21c5 00       		.byte	0
 8671 21c6 00       		.byte	0
 8672 21c7 00       		.byte	0
 8673 21c8 00       		.byte	0
 8674 21c9 00       		.byte	0
 8675 21ca 80       		.byte	-128
 8676 21cb 00       		.byte	0
 8677 21cc 00       		.byte	0
 8678 21cd 00       		.byte	0
 8679 21ce 00       		.byte	0
 8680 21cf 00       		.byte	0
 8681 21d0 08       		.byte	8
 8682 21d1 00       		.byte	0
 8683 21d2 00       		.byte	0
 8684 21d3 00       		.byte	0
 8685 21d4 00       		.byte	0
 8686 21d5 00       		.byte	0
 8687 21d6 40       		.byte	64
 8688 21d7 00       		.byte	0
 8689 21d8 00       		.byte	0
 8690 21d9 00       		.byte	0
 8691 21da 00       		.byte	0
 8692 21db 00       		.byte	0
 8693 21dc 00       		.byte	0
 8694 21dd 00       		.byte	0
 8695 21de 00       		.byte	0
 8696 21df 00       		.byte	0
 8697 21e0 00       		.byte	0
 8698 21e1 00       		.byte	0
 8699 21e2 00       		.byte	0
 8700 21e3 00       		.byte	0
 8701 21e4 00       		.byte	0
 8702 21e5 00       		.byte	0
 8703 21e6 00       		.byte	0
 8704 21e7 00       		.byte	0
 8705 21e8 88       		.byte	-120
 8706 21e9 00       		.byte	0
 8707 21ea 00       		.byte	0
 8708 21eb 00       		.byte	0
 8709 21ec 00       		.byte	0
 8710 21ed 80       		.byte	-128
 8711 21ee 08       		.byte	8
 8712 21ef 00       		.byte	0
 8713 21f0 40       		.byte	64
 8714 21f1 00       		.byte	0
 8715 21f2 04       		.byte	4
 8716 21f3 00       		.byte	0
 8717 21f4 00       		.byte	0
 8718 21f5 00       		.byte	0
 8719 21f6 01       		.byte	1
 8720 21f7 80       		.byte	-128
 8721 21f8 00       		.byte	0
ARM GAS  C:\Users\ggg88\AppData\Local\Temp\cc4OMrCc.s 			page 154


 8722 21f9 00       		.byte	0
 8723 21fa 08       		.byte	8
 8724 21fb 00       		.byte	0
 8725 21fc 00       		.byte	0
 8726 21fd 00       		.byte	0
 8727 21fe 00       		.byte	0
 8728 21ff 00       		.byte	0
 8729 2200 00       		.byte	0
 8730 2201 00       		.byte	0
 8731 2202 00       		.byte	0
 8732 2203 00       		.byte	0
 8733 2204 00       		.byte	0
 8734 2205 00       		.byte	0
 8735 2206 00       		.byte	0
 8736 2207 00       		.byte	0
 8737 2208 00       		.byte	0
 8738 2209 00       		.byte	0
 8739 220a 00       		.byte	0
 8740 220b 00       		.byte	0
 8741 220c 00       		.byte	0
 8742 220d 00       		.byte	0
 8743 220e 00       		.byte	0
 8744 220f 00       		.byte	0
 8745 2210 00       		.byte	0
 8746 2211 00       		.byte	0
 8747 2212 00       		.byte	0
 8748 2213 00       		.byte	0
 8749 2214 00       		.byte	0
 8750 2215 00       		.byte	0
 8751 2216 00       		.byte	0
 8752 2217 00       		.byte	0
 8753 2218 00       		.byte	0
 8754 2219 00       		.byte	0
 8755 221a 00       		.byte	0
 8756 221b 00       		.byte	0
 8757 221c 00       		.byte	0
 8758 221d 00       		.byte	0
 8759 221e 00       		.byte	0
 8760 221f 00       		.byte	0
 8761 2220 00       		.byte	0
 8762 2221 00       		.byte	0
 8763 2222 00       		.byte	0
 8764 2223 00       		.byte	0
 8765 2224 00       		.byte	0
 8766 2225 00       		.byte	0
 8767 2226 00       		.byte	0
 8768 2227 00       		.byte	0
 8769 2228 00       		.byte	0
 8770 2229 00       		.byte	0
 8771 222a 00       		.byte	0
 8772 222b 00       		.byte	0
 8773 222c 00       		.byte	0
 8774 222d 00       		.byte	0
 8775 222e 00       		.byte	0
 8776 222f 00       		.byte	0
 8777 2230 00       		.byte	0
 8778 2231 00       		.byte	0
ARM GAS  C:\Users\ggg88\AppData\Local\Temp\cc4OMrCc.s 			page 155


 8779 2232 00       		.byte	0
 8780 2233 00       		.byte	0
 8781 2234 00       		.byte	0
 8782 2235 00       		.byte	0
 8783 2236 00       		.byte	0
 8784 2237 00       		.byte	0
 8785 2238 00       		.byte	0
 8786 2239 00       		.byte	0
 8787 223a 00       		.byte	0
 8788 223b 00       		.byte	0
 8789 223c 00       		.byte	0
 8790 223d 00       		.byte	0
 8791 223e 00       		.byte	0
 8792 223f 00       		.byte	0
 8793 2240 00       		.byte	0
 8794 2241 00       		.byte	0
 8795 2242 00       		.byte	0
 8796 2243 00       		.byte	0
 8797 2244 00       		.byte	0
 8798 2245 00       		.byte	0
 8799 2246 00       		.byte	0
 8800 2247 00       		.byte	0
 8801 2248 00       		.byte	0
 8802 2249 00       		.byte	0
 8803 224a 00       		.byte	0
 8804 224b 00       		.byte	0
 8805 224c 00       		.byte	0
 8806 224d 00       		.byte	0
 8807 224e 00       		.byte	0
 8808 224f 00       		.byte	0
 8809 2250 00       		.byte	0
 8810 2251 00       		.byte	0
 8811 2252 00       		.byte	0
 8812 2253 00       		.byte	0
 8813 2254 00       		.byte	0
 8814 2255 00       		.byte	0
 8815 2256 00       		.byte	0
 8816 2257 00       		.byte	0
 8817 2258 00       		.byte	0
 8818 2259 00       		.byte	0
 8819 225a 00       		.byte	0
 8820 225b 00       		.byte	0
 8821 225c 00       		.byte	0
 8822 225d 00       		.byte	0
 8823 225e 00       		.byte	0
 8824 225f 00       		.byte	0
 8825 2260 00       		.byte	0
 8826 2261 00       		.byte	0
 8827 2262 00       		.byte	0
 8828 2263 00       		.byte	0
 8829 2264 00       		.byte	0
 8830 2265 00       		.byte	0
 8831 2266 00       		.byte	0
 8832 2267 00       		.byte	0
 8833 2268 00       		.byte	0
 8834 2269 00       		.byte	0
 8835 226a 00       		.byte	0
ARM GAS  C:\Users\ggg88\AppData\Local\Temp\cc4OMrCc.s 			page 156


 8836 226b 00       		.byte	0
 8837 226c 00       		.byte	0
 8838 226d 00       		.byte	0
 8839 226e 00       		.byte	0
 8840 226f 00       		.byte	0
 8841 2270 00       		.byte	0
 8842 2271 00       		.byte	0
 8843 2272 00       		.byte	0
 8844 2273 00       		.byte	0
 8845 2274 00       		.byte	0
 8846 2275 00       		.byte	0
 8847 2276 00       		.byte	0
 8848 2277 00       		.byte	0
 8849 2278 00       		.byte	0
 8850 2279 00       		.byte	0
 8851 227a 00       		.byte	0
 8852 227b 00       		.byte	0
 8853 227c 10       		.byte	16
 8854 227d 00       		.byte	0
 8855 227e 60       		.byte	96
 8856 227f 00       		.byte	0
 8857 2280 00       		.byte	0
 8858 2281 00       		.byte	0
 8859 2282 00       		.byte	0
 8860 2283 00       		.byte	0
 8861 2284 F0       		.byte	-16
 8862 2285 00       		.byte	0
 8863 2286 F0       		.byte	-16
 8864 2287 00       		.byte	0
 8865 2288 10       		.byte	16
 8866 2289 00       		.byte	0
 8867 228a 00       		.byte	0
 8868 228b 00       		.byte	0
 8869 228c 00       		.byte	0
 8870 228d 00       		.byte	0
 8871 228e 00       		.byte	0
 8872 228f 00       		.byte	0
 8873 2290 00       		.byte	0
 8874 2291 00       		.byte	0
 8875 2292 00       		.byte	0
 8876 2293 00       		.byte	0
 8877 2294 00       		.byte	0
 8878 2295 00       		.byte	0
 8879 2296 00       		.byte	0
 8880 2297 00       		.byte	0
 8881 2298 00       		.byte	0
 8882 2299 00       		.byte	0
 8883 229a 00       		.byte	0
 8884 229b 00       		.byte	0
 8885 229c 00       		.byte	0
 8886 229d 00       		.byte	0
 8887 229e 00       		.byte	0
 8888 229f 00       		.byte	0
 8889 22a0 00       		.byte	0
 8890 22a1 00       		.byte	0
 8891 22a2 00       		.byte	0
 8892 22a3 00       		.byte	0
ARM GAS  C:\Users\ggg88\AppData\Local\Temp\cc4OMrCc.s 			page 157


 8893 22a4 00       		.byte	0
 8894 22a5 00       		.byte	0
 8895 22a6 00       		.byte	0
 8896 22a7 00       		.byte	0
 8897 22a8 00       		.byte	0
 8898 22a9 00       		.byte	0
 8899 22aa 00       		.byte	0
 8900 22ab 00       		.byte	0
 8901 22ac 00       		.byte	0
 8902 22ad 00       		.byte	0
 8903 22ae 00       		.byte	0
 8904 22af 00       		.byte	0
 8905 22b0 00       		.byte	0
 8906 22b1 00       		.byte	0
 8907 22b2 00       		.byte	0
 8908 22b3 00       		.byte	0
 8909 22b4 00       		.byte	0
 8910 22b5 00       		.byte	0
 8911 22b6 00       		.byte	0
 8912 22b7 00       		.byte	0
 8913 22b8 00       		.byte	0
 8914 22b9 00       		.byte	0
 8915 22ba 00       		.byte	0
 8916 22bb 00       		.byte	0
 8917 22bc 00       		.byte	0
 8918 22bd 0F       		.byte	15
 8919 22be 1F       		.byte	31
 8920 22bf 00       		.byte	0
 8921 22c0 10       		.byte	16
 8922 22c1 0F       		.byte	15
 8923 22c2 0F       		.byte	15
 8924 22c3 00       		.byte	0
 8925 22c4 00       		.byte	0
 8926 22c5 00       		.byte	0
 8927 22c6 00       		.byte	0
 8928 22c7 00       		.byte	0
 8929 22c8 4C       		.byte	76
 8930 22c9 00       		.byte	0
 8931 22ca 01       		.byte	1
 8932 22cb 02       		.byte	2
 8933 22cc 0E       		.byte	14
 8934 22cd 00       		.byte	0
 8935 22ce 0E       		.byte	14
 8936 22cf 00       		.byte	0
 8937 22d0 C0       		.byte	-64
 8938 22d1 00       		.byte	0
 8939 22d2 00       		.byte	0
 8940 22d3 00       		.byte	0
 8941 22d4 FC       		.byte	-4
 8942 22d5 00       		.byte	0
 8943 22d6 00       		.byte	0
 8944 22d7 FF       		.byte	-1
 8945 22d8 03       		.byte	3
 8946 22d9 00       		.byte	0
 8947 22da 00       		.byte	0
 8948 22db 00       		.byte	0
 8949 22dc 00       		.byte	0
ARM GAS  C:\Users\ggg88\AppData\Local\Temp\cc4OMrCc.s 			page 158


 8950 22dd 00       		.byte	0
 8951 22de 00       		.byte	0
 8952 22df 00       		.byte	0
 8953 22e0 1E       		.byte	30
 8954 22e1 00       		.byte	0
 8955 22e2 01       		.byte	1
 8956 22e3 1E       		.byte	30
 8957 22e4 00       		.byte	0
 8958 22e5 00       		.byte	0
 8959 22e6 00       		.byte	0
 8960 22e7 00       		.byte	0
 8961 22e8 00       		.byte	0
 8962 22e9 00       		.byte	0
 8963 22ea 00       		.byte	0
 8964 22eb 00       		.byte	0
 8965 22ec 38       		.byte	56
 8966 22ed C7       		.byte	-57
 8967 22ee C7       		.byte	-57
 8968 22ef 00       		.byte	0
 8969 22f0 07       		.byte	7
 8970 22f1 00       		.byte	0
 8971 22f2 00       		.byte	0
 8972 22f3 00       		.byte	0
 8973 22f4 0C       		.byte	12
 8974 22f5 00       		.byte	0
 8975 22f6 0C       		.byte	12
 8976 22f7 03       		.byte	3
 8977 22f8 03       		.byte	3
 8978 22f9 00       		.byte	0
 8979 22fa 00       		.byte	0
 8980 22fb 00       		.byte	0
 8981 22fc 00       		.byte	0
 8982 22fd 00       		.byte	0
 8983 22fe 00       		.byte	0
 8984 22ff 00       		.byte	0
 8985 2300 B8       		.byte	-72
 8986 2301 00       		.byte	0
 8987 2302 06       		.byte	6
 8988 2303 F9       		.byte	-7
 8989 2304 41       		.byte	65
 8990 2305 00       		.byte	0
 8991 2306 01       		.byte	1
 8992 2307 00       		.byte	0
 8993 2308 00       		.byte	0
 8994 2309 00       		.byte	0
 8995 230a 00       		.byte	0
 8996 230b 00       		.byte	0
 8997 230c C0       		.byte	-64
 8998 230d 00       		.byte	0
 8999 230e 00       		.byte	0
 9000 230f F0       		.byte	-16
 9001 2310 30       		.byte	48
 9002 2311 00       		.byte	0
 9003 2312 00       		.byte	0
 9004 2313 00       		.byte	0
 9005 2314 00       		.byte	0
 9006 2315 00       		.byte	0
ARM GAS  C:\Users\ggg88\AppData\Local\Temp\cc4OMrCc.s 			page 159


 9007 2316 00       		.byte	0
 9008 2317 00       		.byte	0
 9009 2318 00       		.byte	0
 9010 2319 00       		.byte	0
 9011 231a 0B       		.byte	11
 9012 231b 00       		.byte	0
 9013 231c 00       		.byte	0
 9014 231d 00       		.byte	0
 9015 231e 0A       		.byte	10
 9016 231f 00       		.byte	0
 9017 2320 00       		.byte	0
 9018 2321 05       		.byte	5
 9019 2322 00       		.byte	0
 9020 2323 00       		.byte	0
 9021 2324 00       		.byte	0
 9022 2325 06       		.byte	6
 9023 2326 00       		.byte	0
 9024 2327 00       		.byte	0
 9025              		.global	cy_meta_custnvl
 9026              		.section	.cycustnvl,"a",%progbits
 9027              		.align	2
 9028              		.type	cy_meta_custnvl, %object
 9029              		.size	cy_meta_custnvl, 4
 9030              	cy_meta_custnvl:
 9031 0000 00       		.byte	0
 9032 0001 00       		.byte	0
 9033 0002 40       		.byte	64
 9034 0003 04       		.byte	4
 9035              		.global	cy_meta_wonvl
 9036              		.section	.cywolatch,"a",%progbits
 9037              		.align	2
 9038              		.type	cy_meta_wonvl, %object
 9039              		.size	cy_meta_wonvl, 4
 9040              	cy_meta_wonvl:
 9041 0000 BC       		.byte	-68
 9042 0001 90       		.byte	-112
 9043 0002 AC       		.byte	-84
 9044 0003 AF       		.byte	-81
 9045              		.global	cy_meta_flashprotect
 9046              		.section	.cyflashprotect,"a",%progbits
 9047              		.align	2
 9048              		.type	cy_meta_flashprotect, %object
 9049              		.size	cy_meta_flashprotect, 256
 9050              	cy_meta_flashprotect:
 9051 0000 00000000 		.space	256
 9051      00000000 
 9051      00000000 
 9051      00000000 
 9051      00000000 
 9052              		.global	cy_metadata
 9053              		.section	.cymeta,"a",%progbits
 9054              		.align	2
 9055              		.type	cy_metadata, %object
 9056              		.size	cy_metadata, 12
 9057              	cy_metadata:
 9058 0000 00       		.byte	0
 9059 0001 01       		.byte	1
ARM GAS  C:\Users\ggg88\AppData\Local\Temp\cc4OMrCc.s 			page 160


 9060 0002 2E       		.byte	46
 9061 0003 16       		.byte	22
 9062 0004 00       		.byte	0
 9063 0005 69       		.byte	105
 9064 0006 00       		.byte	0
 9065 0007 01       		.byte	1
 9066 0008 00       		.byte	0
 9067 0009 00       		.byte	0
 9068 000a 00       		.byte	0
 9069 000b 00       		.byte	0
 9070              		.text
 9071              	.Letext0:
 9072              		.file 1 "c:\\program files (x86)\\cypress\\psoc creator\\4.4\\psoc creator\\import\\gnu\\arm\\5.4.
 9073              		.file 2 "c:\\program files (x86)\\cypress\\psoc creator\\4.4\\psoc creator\\import\\gnu\\arm\\5.4.
 9074              		.file 3 "Generated_Source\\PSoC5\\cymetadata.c"
 9075              		.section	.debug_info,"",%progbits
 9076              	.Ldebug_info0:
 9077 0000 35010000 		.4byte	0x135
 9078 0004 0400     		.2byte	0x4
 9079 0006 00000000 		.4byte	.Ldebug_abbrev0
 9080 000a 04       		.byte	0x4
 9081 000b 01       		.uleb128 0x1
 9082 000c 0A000000 		.4byte	.LASF17
 9083 0010 0C       		.byte	0xc
 9084 0011 F7010000 		.4byte	.LASF18
 9085 0015 E7000000 		.4byte	.LASF19
 9086 0019 00000000 		.4byte	.Ldebug_line0
 9087 001d 02       		.uleb128 0x2
 9088 001e 01       		.byte	0x1
 9089 001f 06       		.byte	0x6
 9090 0020 EB010000 		.4byte	.LASF0
 9091 0024 03       		.uleb128 0x3
 9092 0025 00000000 		.4byte	.LASF9
 9093 0029 01       		.byte	0x1
 9094 002a 1D       		.byte	0x1d
 9095 002b 2F000000 		.4byte	0x2f
 9096 002f 02       		.uleb128 0x2
 9097 0030 01       		.byte	0x1
 9098 0031 08       		.byte	0x8
 9099 0032 A4000000 		.4byte	.LASF1
 9100 0036 02       		.uleb128 0x2
 9101 0037 02       		.byte	0x2
 9102 0038 05       		.byte	0x5
 9103 0039 D8010000 		.4byte	.LASF2
 9104 003d 02       		.uleb128 0x2
 9105 003e 02       		.byte	0x2
 9106 003f 07       		.byte	0x7
 9107 0040 C4000000 		.4byte	.LASF3
 9108 0044 02       		.uleb128 0x2
 9109 0045 04       		.byte	0x4
 9110 0046 05       		.byte	0x5
 9111 0047 E2010000 		.4byte	.LASF4
 9112 004b 02       		.uleb128 0x2
 9113 004c 04       		.byte	0x4
 9114 004d 07       		.byte	0x7
 9115 004e B2000000 		.4byte	.LASF5
 9116 0052 02       		.uleb128 0x2
ARM GAS  C:\Users\ggg88\AppData\Local\Temp\cc4OMrCc.s 			page 161


 9117 0053 08       		.byte	0x8
 9118 0054 05       		.byte	0x5
 9119 0055 CA010000 		.4byte	.LASF6
 9120 0059 02       		.uleb128 0x2
 9121 005a 08       		.byte	0x8
 9122 005b 07       		.byte	0x7
 9123 005c 7F010000 		.4byte	.LASF7
 9124 0060 04       		.uleb128 0x4
 9125 0061 04       		.byte	0x4
 9126 0062 05       		.byte	0x5
 9127 0063 696E7400 		.ascii	"int\000"
 9128 0067 02       		.uleb128 0x2
 9129 0068 04       		.byte	0x4
 9130 0069 07       		.byte	0x7
 9131 006a 72010000 		.4byte	.LASF8
 9132 006e 03       		.uleb128 0x3
 9133 006f 96010000 		.4byte	.LASF10
 9134 0073 02       		.byte	0x2
 9135 0074 18       		.byte	0x18
 9136 0075 24000000 		.4byte	0x24
 9137 0079 05       		.uleb128 0x5
 9138 007a 91000000 		.4byte	0x91
 9139 007e 8A000000 		.4byte	0x8a
 9140 0082 06       		.uleb128 0x6
 9141 0083 8A000000 		.4byte	0x8a
 9142 0087 2723     		.2byte	0x2327
 9143 0089 00       		.byte	0
 9144 008a 02       		.uleb128 0x2
 9145 008b 04       		.byte	0x4
 9146 008c 07       		.byte	0x7
 9147 008d C1010000 		.4byte	.LASF11
 9148 0091 07       		.uleb128 0x7
 9149 0092 6E000000 		.4byte	0x6e
 9150 0096 08       		.uleb128 0x8
 9151 0097 60010000 		.4byte	.LASF12
 9152 009b 03       		.byte	0x3
 9153 009c 1F       		.byte	0x1f
 9154 009d A7000000 		.4byte	0xa7
 9155 00a1 05       		.uleb128 0x5
 9156 00a2 03       		.byte	0x3
 9157 00a3 00000000 		.4byte	cy_meta_configecc
 9158 00a7 07       		.uleb128 0x7
 9159 00a8 79000000 		.4byte	0x79
 9160 00ac 05       		.uleb128 0x5
 9161 00ad 91000000 		.4byte	0x91
 9162 00b1 BC000000 		.4byte	0xbc
 9163 00b5 09       		.uleb128 0x9
 9164 00b6 8A000000 		.4byte	0x8a
 9165 00ba 03       		.byte	0x3
 9166 00bb 00       		.byte	0
 9167 00bc 0A       		.uleb128 0xa
 9168 00bd D7000000 		.4byte	.LASF13
 9169 00c1 03       		.byte	0x3
 9170 00c2 9104     		.2byte	0x491
 9171 00c4 CE000000 		.4byte	0xce
 9172 00c8 05       		.uleb128 0x5
 9173 00c9 03       		.byte	0x3
ARM GAS  C:\Users\ggg88\AppData\Local\Temp\cc4OMrCc.s 			page 162


 9174 00ca 00000000 		.4byte	cy_meta_custnvl
 9175 00ce 07       		.uleb128 0x7
 9176 00cf AC000000 		.4byte	0xac
 9177 00d3 0A       		.uleb128 0xa
 9178 00d4 B3010000 		.4byte	.LASF14
 9179 00d8 03       		.byte	0x3
 9180 00d9 9F04     		.2byte	0x49f
 9181 00db E5000000 		.4byte	0xe5
 9182 00df 05       		.uleb128 0x5
 9183 00e0 03       		.byte	0x3
 9184 00e1 00000000 		.4byte	cy_meta_wonvl
 9185 00e5 07       		.uleb128 0x7
 9186 00e6 AC000000 		.4byte	0xac
 9187 00ea 05       		.uleb128 0x5
 9188 00eb 91000000 		.4byte	0x91
 9189 00ef FA000000 		.4byte	0xfa
 9190 00f3 09       		.uleb128 0x9
 9191 00f4 8A000000 		.4byte	0x8a
 9192 00f8 FF       		.byte	0xff
 9193 00f9 00       		.byte	0
 9194 00fa 0A       		.uleb128 0xa
 9195 00fb 9E010000 		.4byte	.LASF15
 9196 00ff 03       		.byte	0x3
 9197 0100 AD04     		.2byte	0x4ad
 9198 0102 0C010000 		.4byte	0x10c
 9199 0106 05       		.uleb128 0x5
 9200 0107 03       		.byte	0x3
 9201 0108 00000000 		.4byte	cy_meta_flashprotect
 9202 010c 07       		.uleb128 0x7
 9203 010d EA000000 		.4byte	0xea
 9204 0111 05       		.uleb128 0x5
 9205 0112 91000000 		.4byte	0x91
 9206 0116 21010000 		.4byte	0x121
 9207 011a 09       		.uleb128 0x9
 9208 011b 8A000000 		.4byte	0x8a
 9209 011f 0B       		.byte	0xb
 9210 0120 00       		.byte	0
 9211 0121 0A       		.uleb128 0xa
 9212 0122 98000000 		.4byte	.LASF16
 9213 0126 03       		.byte	0x3
 9214 0127 DA04     		.2byte	0x4da
 9215 0129 33010000 		.4byte	0x133
 9216 012d 05       		.uleb128 0x5
 9217 012e 03       		.byte	0x3
 9218 012f 00000000 		.4byte	cy_metadata
 9219 0133 07       		.uleb128 0x7
 9220 0134 11010000 		.4byte	0x111
 9221 0138 00       		.byte	0
 9222              		.section	.debug_abbrev,"",%progbits
 9223              	.Ldebug_abbrev0:
 9224 0000 01       		.uleb128 0x1
 9225 0001 11       		.uleb128 0x11
 9226 0002 01       		.byte	0x1
 9227 0003 25       		.uleb128 0x25
 9228 0004 0E       		.uleb128 0xe
 9229 0005 13       		.uleb128 0x13
 9230 0006 0B       		.uleb128 0xb
ARM GAS  C:\Users\ggg88\AppData\Local\Temp\cc4OMrCc.s 			page 163


 9231 0007 03       		.uleb128 0x3
 9232 0008 0E       		.uleb128 0xe
 9233 0009 1B       		.uleb128 0x1b
 9234 000a 0E       		.uleb128 0xe
 9235 000b 10       		.uleb128 0x10
 9236 000c 17       		.uleb128 0x17
 9237 000d 00       		.byte	0
 9238 000e 00       		.byte	0
 9239 000f 02       		.uleb128 0x2
 9240 0010 24       		.uleb128 0x24
 9241 0011 00       		.byte	0
 9242 0012 0B       		.uleb128 0xb
 9243 0013 0B       		.uleb128 0xb
 9244 0014 3E       		.uleb128 0x3e
 9245 0015 0B       		.uleb128 0xb
 9246 0016 03       		.uleb128 0x3
 9247 0017 0E       		.uleb128 0xe
 9248 0018 00       		.byte	0
 9249 0019 00       		.byte	0
 9250 001a 03       		.uleb128 0x3
 9251 001b 16       		.uleb128 0x16
 9252 001c 00       		.byte	0
 9253 001d 03       		.uleb128 0x3
 9254 001e 0E       		.uleb128 0xe
 9255 001f 3A       		.uleb128 0x3a
 9256 0020 0B       		.uleb128 0xb
 9257 0021 3B       		.uleb128 0x3b
 9258 0022 0B       		.uleb128 0xb
 9259 0023 49       		.uleb128 0x49
 9260 0024 13       		.uleb128 0x13
 9261 0025 00       		.byte	0
 9262 0026 00       		.byte	0
 9263 0027 04       		.uleb128 0x4
 9264 0028 24       		.uleb128 0x24
 9265 0029 00       		.byte	0
 9266 002a 0B       		.uleb128 0xb
 9267 002b 0B       		.uleb128 0xb
 9268 002c 3E       		.uleb128 0x3e
 9269 002d 0B       		.uleb128 0xb
 9270 002e 03       		.uleb128 0x3
 9271 002f 08       		.uleb128 0x8
 9272 0030 00       		.byte	0
 9273 0031 00       		.byte	0
 9274 0032 05       		.uleb128 0x5
 9275 0033 01       		.uleb128 0x1
 9276 0034 01       		.byte	0x1
 9277 0035 49       		.uleb128 0x49
 9278 0036 13       		.uleb128 0x13
 9279 0037 01       		.uleb128 0x1
 9280 0038 13       		.uleb128 0x13
 9281 0039 00       		.byte	0
 9282 003a 00       		.byte	0
 9283 003b 06       		.uleb128 0x6
 9284 003c 21       		.uleb128 0x21
 9285 003d 00       		.byte	0
 9286 003e 49       		.uleb128 0x49
 9287 003f 13       		.uleb128 0x13
ARM GAS  C:\Users\ggg88\AppData\Local\Temp\cc4OMrCc.s 			page 164


 9288 0040 2F       		.uleb128 0x2f
 9289 0041 05       		.uleb128 0x5
 9290 0042 00       		.byte	0
 9291 0043 00       		.byte	0
 9292 0044 07       		.uleb128 0x7
 9293 0045 26       		.uleb128 0x26
 9294 0046 00       		.byte	0
 9295 0047 49       		.uleb128 0x49
 9296 0048 13       		.uleb128 0x13
 9297 0049 00       		.byte	0
 9298 004a 00       		.byte	0
 9299 004b 08       		.uleb128 0x8
 9300 004c 34       		.uleb128 0x34
 9301 004d 00       		.byte	0
 9302 004e 03       		.uleb128 0x3
 9303 004f 0E       		.uleb128 0xe
 9304 0050 3A       		.uleb128 0x3a
 9305 0051 0B       		.uleb128 0xb
 9306 0052 3B       		.uleb128 0x3b
 9307 0053 0B       		.uleb128 0xb
 9308 0054 49       		.uleb128 0x49
 9309 0055 13       		.uleb128 0x13
 9310 0056 3F       		.uleb128 0x3f
 9311 0057 19       		.uleb128 0x19
 9312 0058 02       		.uleb128 0x2
 9313 0059 18       		.uleb128 0x18
 9314 005a 00       		.byte	0
 9315 005b 00       		.byte	0
 9316 005c 09       		.uleb128 0x9
 9317 005d 21       		.uleb128 0x21
 9318 005e 00       		.byte	0
 9319 005f 49       		.uleb128 0x49
 9320 0060 13       		.uleb128 0x13
 9321 0061 2F       		.uleb128 0x2f
 9322 0062 0B       		.uleb128 0xb
 9323 0063 00       		.byte	0
 9324 0064 00       		.byte	0
 9325 0065 0A       		.uleb128 0xa
 9326 0066 34       		.uleb128 0x34
 9327 0067 00       		.byte	0
 9328 0068 03       		.uleb128 0x3
 9329 0069 0E       		.uleb128 0xe
 9330 006a 3A       		.uleb128 0x3a
 9331 006b 0B       		.uleb128 0xb
 9332 006c 3B       		.uleb128 0x3b
 9333 006d 05       		.uleb128 0x5
 9334 006e 49       		.uleb128 0x49
 9335 006f 13       		.uleb128 0x13
 9336 0070 3F       		.uleb128 0x3f
 9337 0071 19       		.uleb128 0x19
 9338 0072 02       		.uleb128 0x2
 9339 0073 18       		.uleb128 0x18
 9340 0074 00       		.byte	0
 9341 0075 00       		.byte	0
 9342 0076 00       		.byte	0
 9343              		.section	.debug_aranges,"",%progbits
 9344 0000 14000000 		.4byte	0x14
ARM GAS  C:\Users\ggg88\AppData\Local\Temp\cc4OMrCc.s 			page 165


 9345 0004 0200     		.2byte	0x2
 9346 0006 00000000 		.4byte	.Ldebug_info0
 9347 000a 04       		.byte	0x4
 9348 000b 00       		.byte	0
 9349 000c 0000     		.2byte	0
 9350 000e 0000     		.2byte	0
 9351 0010 00000000 		.4byte	0
 9352 0014 00000000 		.4byte	0
 9353              		.section	.debug_line,"",%progbits
 9354              	.Ldebug_line0:
 9355 0000 3D010000 		.section	.debug_str,"MS",%progbits,1
 9355      02003701 
 9355      00000201 
 9355      FB0E0D00 
 9355      01010101 
 9356              	.LASF9:
 9357 0000 5F5F7569 		.ascii	"__uint8_t\000"
 9357      6E74385F 
 9357      7400
 9358              	.LASF17:
 9359 000a 474E5520 		.ascii	"GNU C11 5.4.1 20160609 (release) [ARM/embedded-5-br"
 9359      43313120 
 9359      352E342E 
 9359      31203230 
 9359      31363036 
 9360 003d 616E6368 		.ascii	"anch revision 237715] -mcpu=cortex-m3 -mthumb -g -O"
 9360      20726576 
 9360      6973696F 
 9360      6E203233 
 9360      37373135 
 9361 0070 30202D66 		.ascii	"0 -ffunction-sections -ffat-lto-objects\000"
 9361      66756E63 
 9361      74696F6E 
 9361      2D736563 
 9361      74696F6E 
 9362              	.LASF16:
 9363 0098 63795F6D 		.ascii	"cy_metadata\000"
 9363      65746164 
 9363      61746100 
 9364              	.LASF1:
 9365 00a4 756E7369 		.ascii	"unsigned char\000"
 9365      676E6564 
 9365      20636861 
 9365      7200
 9366              	.LASF5:
 9367 00b2 6C6F6E67 		.ascii	"long unsigned int\000"
 9367      20756E73 
 9367      69676E65 
 9367      6420696E 
 9367      7400
 9368              	.LASF3:
 9369 00c4 73686F72 		.ascii	"short unsigned int\000"
 9369      7420756E 
 9369      7369676E 
 9369      65642069 
 9369      6E7400
 9370              	.LASF13:
ARM GAS  C:\Users\ggg88\AppData\Local\Temp\cc4OMrCc.s 			page 166


 9371 00d7 63795F6D 		.ascii	"cy_meta_custnvl\000"
 9371      6574615F 
 9371      63757374 
 9371      6E766C00 
 9372              	.LASF19:
 9373 00e7 433A5C55 		.ascii	"C:\\Users\\ggg88\\dev\\Electrosteel_embedded\\PSOC5"
 9373      73657273 
 9373      5C676767 
 9373      38385C64 
 9373      65765C45 
 9374 0115 5F656C65 		.ascii	"_electrosteel_stringsensors_newpcb_brain\\CE210514_"
 9374      6374726F 
 9374      73746565 
 9374      6C5F7374 
 9374      72696E67 
 9375 0147 50534F43 		.ascii	"PSOC3_5_Thermistor.cydsn\000"
 9375      335F355F 
 9375      54686572 
 9375      6D697374 
 9375      6F722E63 
 9376              	.LASF12:
 9377 0160 63795F6D 		.ascii	"cy_meta_configecc\000"
 9377      6574615F 
 9377      636F6E66 
 9377      69676563 
 9377      6300
 9378              	.LASF8:
 9379 0172 756E7369 		.ascii	"unsigned int\000"
 9379      676E6564 
 9379      20696E74 
 9379      00
 9380              	.LASF7:
 9381 017f 6C6F6E67 		.ascii	"long long unsigned int\000"
 9381      206C6F6E 
 9381      6720756E 
 9381      7369676E 
 9381      65642069 
 9382              	.LASF10:
 9383 0196 75696E74 		.ascii	"uint8_t\000"
 9383      385F7400 
 9384              	.LASF15:
 9385 019e 63795F6D 		.ascii	"cy_meta_flashprotect\000"
 9385      6574615F 
 9385      666C6173 
 9385      6870726F 
 9385      74656374 
 9386              	.LASF14:
 9387 01b3 63795F6D 		.ascii	"cy_meta_wonvl\000"
 9387      6574615F 
 9387      776F6E76 
 9387      6C00
 9388              	.LASF11:
 9389 01c1 73697A65 		.ascii	"sizetype\000"
 9389      74797065 
 9389      00
 9390              	.LASF6:
 9391 01ca 6C6F6E67 		.ascii	"long long int\000"
ARM GAS  C:\Users\ggg88\AppData\Local\Temp\cc4OMrCc.s 			page 167


 9391      206C6F6E 
 9391      6720696E 
 9391      7400
 9392              	.LASF2:
 9393 01d8 73686F72 		.ascii	"short int\000"
 9393      7420696E 
 9393      7400
 9394              	.LASF4:
 9395 01e2 6C6F6E67 		.ascii	"long int\000"
 9395      20696E74 
 9395      00
 9396              	.LASF0:
 9397 01eb 7369676E 		.ascii	"signed char\000"
 9397      65642063 
 9397      68617200 
 9398              	.LASF18:
 9399 01f7 47656E65 		.ascii	"Generated_Source\\PSoC5\\cymetadata.c\000"
 9399      72617465 
 9399      645F536F 
 9399      75726365 
 9399      5C50536F 
 9400              		.ident	"GCC: (GNU Tools for ARM Embedded Processors) 5.4.1 20160609 (release) [ARM/embedded-5-bran
