ARM GAS  C:\Users\ggg88\AppData\Local\Temp\ccfc1YkT.s 			page 1


   1              		.syntax unified
   2              		.cpu cortex-m3
   3              		.fpu softvfp
   4              		.eabi_attribute 20, 1
   5              		.eabi_attribute 21, 1
   6              		.eabi_attribute 23, 3
   7              		.eabi_attribute 24, 1
   8              		.eabi_attribute 25, 1
   9              		.eabi_attribute 26, 1
  10              		.eabi_attribute 30, 6
  11              		.eabi_attribute 34, 1
  12              		.eabi_attribute 18, 4
  13              		.thumb
  14              		.syntax unified
  15              		.file	"main.c"
  16              		.text
  17              	.Ltext0:
  18              		.cfi_sections	.debug_frame
  19              		.comm	Decoder_1_Enabled,1,1
  20              		.global	versionNumber
  21              		.section	.rodata
  22              		.align	2
  23              		.type	versionNumber, %object
  24              		.size	versionNumber, 4
  25              	versionNumber:
  26 0000 E17A943F 		.word	1066695393
  27              		.comm	prevLastBufferBegin,8,4
  28              		.comm	lastBufferBegin,8,4
  29              		.global	masterTimer
  30              		.bss
  31              		.align	2
  32              		.type	masterTimer, %object
  33              		.size	masterTimer, 4
  34              	masterTimer:
  35 0000 00000000 		.space	4
  36              		.global	lastParseCall
  37              		.align	2
  38              		.type	lastParseCall, %object
  39              		.size	lastParseCall, 4
  40              	lastParseCall:
  41 0004 00000000 		.space	4
  42              		.global	prevLastParseCall
  43              		.align	2
  44              		.type	prevLastParseCall, %object
  45              		.size	prevLastParseCall, 4
  46              	prevLastParseCall:
  47 0008 00000000 		.space	4
  48              		.global	lastBufferStuff
  49              		.align	2
  50              		.type	lastBufferStuff, %object
  51              		.size	lastBufferStuff, 4
  52              	lastBufferStuff:
  53 000c 00000000 		.space	4
  54              		.global	lastEndReceive
  55              		.align	2
  56              		.type	lastEndReceive, %object
  57              		.size	lastEndReceive, 4
ARM GAS  C:\Users\ggg88\AppData\Local\Temp\ccfc1YkT.s 			page 2


  58              	lastEndReceive:
  59 0010 00000000 		.space	4
  60              		.comm	sysexBuffer,2048,4
  61              		.global	sysexWritePointer
  62              		.align	2
  63              		.type	sysexWritePointer, %object
  64              		.size	sysexWritePointer, 4
  65              	sysexWritePointer:
  66 0014 00000000 		.space	4
  67              		.global	sysexReadPointer
  68              		.align	2
  69              		.type	sysexReadPointer, %object
  70              		.size	sysexReadPointer, 4
  71              	sysexReadPointer:
  72 0018 00000000 		.space	4
  73              		.global	sysexReset
  74              		.data
  75              		.type	sysexReset, %object
  76              		.size	sysexReset, 1
  77              	sysexReset:
  78 0000 01       		.byte	1
  79              		.comm	sysexMessageStartPoints,1024,4
  80              		.global	sysexMessageStartPointsWritePosition
  81              		.bss
  82              		.type	sysexMessageStartPointsWritePosition, %object
  83              		.size	sysexMessageStartPointsWritePosition, 1
  84              	sysexMessageStartPointsWritePosition:
  85 001c 00       		.space	1
  86              		.global	sysexMessageStartPointsReadPosition
  87              		.type	sysexMessageStartPointsReadPosition, %object
  88              		.size	sysexMessageStartPointsReadPosition, 1
  89              	sysexMessageStartPointsReadPosition:
  90 001d 00       		.space	1
  91              		.global	receivingSysex
  92              		.type	receivingSysex, %object
  93              		.size	receivingSysex, 1
  94              	receivingSysex:
  95 001e 00       		.space	1
  96              		.global	parsingSysex
  97              		.type	parsingSysex, %object
  98              		.size	parsingSysex, 1
  99              	parsingSysex:
 100 001f 00       		.space	1
 101              		.comm	presetArray,2048,4
 102              		.global	presetNumberToWrite
 103              		.type	presetNumberToWrite, %object
 104              		.size	presetNumberToWrite, 1
 105              	presetNumberToWrite:
 106 0020 00       		.space	1
 107              		.global	copedentNumberToWrite
 108              		.type	copedentNumberToWrite, %object
 109              		.size	copedentNumberToWrite, 1
 110              	copedentNumberToWrite:
 111 0021 00       		.space	1
 112              		.global	sendMessageEnd
 113              		.type	sendMessageEnd, %object
 114              		.size	sendMessageEnd, 1
ARM GAS  C:\Users\ggg88\AppData\Local\Temp\ccfc1YkT.s 			page 3


 115              	sendMessageEnd:
 116 0022 00       		.space	1
 117              		.global	sendSingleParamUpdate
 118              		.type	sendSingleParamUpdate, %object
 119              		.size	sendSingleParamUpdate, 1
 120              	sendSingleParamUpdate:
 121 0023 00       		.space	1
 122              		.global	singleParamToUpdateHigh
 123              		.type	singleParamToUpdateHigh, %object
 124              		.size	singleParamToUpdateHigh, 1
 125              	singleParamToUpdateHigh:
 126 0024 00       		.space	1
 127              		.global	singleParamToUpdateLow
 128              		.type	singleParamToUpdateLow, %object
 129              		.size	singleParamToUpdateLow, 1
 130              	singleParamToUpdateLow:
 131 0025 00       		.space	1
 132              		.global	singleParamValueHigh
 133              		.type	singleParamValueHigh, %object
 134              		.size	singleParamValueHigh, 1
 135              	singleParamValueHigh:
 136 0026 00       		.space	1
 137              		.global	singleParamValueLow
 138              		.type	singleParamValueLow, %object
 139              		.size	singleParamValueLow, 1
 140              	singleParamValueLow:
 141 0027 00       		.space	1
 142              		.global	sendMappingChangeUpdate
 143              		.type	sendMappingChangeUpdate, %object
 144              		.size	sendMappingChangeUpdate, 1
 145              	sendMappingChangeUpdate:
 146 0028 00       		.space	1
 147              		.global	presetNumberToStore
 148              		.type	presetNumberToStore, %object
 149              		.size	presetNumberToStore, 1
 150              	presetNumberToStore:
 151 0029 00       		.space	1
 152              		.global	transposeSemitones
 153              		.type	transposeSemitones, %object
 154              		.size	transposeSemitones, 1
 155              	transposeSemitones:
 156 002a 00       		.space	1
 157              		.global	transposeCents
 158              		.type	transposeCents, %object
 159              		.size	transposeCents, 1
 160              	transposeCents:
 161 002b 00       		.space	1
 162              		.global	transposeFloat
 163              		.align	2
 164              		.type	transposeFloat, %object
 165              		.size	transposeFloat, 4
 166              	transposeFloat:
 167 002c 00000000 		.space	4
 168              		.global	volumeInt
 169              		.type	volumeInt, %object
 170              		.size	volumeInt, 1
 171              	volumeInt:
ARM GAS  C:\Users\ggg88\AppData\Local\Temp\ccfc1YkT.s 			page 4


 172 0030 00       		.space	1
 173              		.global	volumeWaitingToSend
 174              		.type	volumeWaitingToSend, %object
 175              		.size	volumeWaitingToSend, 1
 176              	volumeWaitingToSend:
 177 0031 00       		.space	1
 178              		.global	midiSendOn
 179              		.type	midiSendOn, %object
 180              		.size	midiSendOn, 1
 181              	midiSendOn:
 182 0032 00       		.space	1
 183              		.global	midiBarSendOn
 184              		.type	midiBarSendOn, %object
 185              		.size	midiBarSendOn, 1
 186              	midiBarSendOn:
 187 0033 00       		.space	1
 188              		.global	midiDebugSendOn
 189              		.type	midiDebugSendOn, %object
 190              		.size	midiDebugSendOn, 1
 191              	midiDebugSendOn:
 192 0034 00       		.space	1
 193              		.global	pitchSmoothing
 194              		.type	pitchSmoothing, %object
 195              		.size	pitchSmoothing, 1
 196              	pitchSmoothing:
 197 0035 00       		.space	1
 198              		.global	controlSmoothing
 199              		.type	controlSmoothing, %object
 200              		.size	controlSmoothing, 1
 201              	controlSmoothing:
 202 0036 00       		.space	1
 203              		.global	octaveAction
 204              		.type	octaveAction, %object
 205              		.size	octaveAction, 1
 206              	octaveAction:
 207 0037 00       		.space	1
 208              		.global	stringRepresentation
 209              		.data
 210 0001 000000   		.align	2
 211              		.type	stringRepresentation, %object
 212              		.size	stringRepresentation, 2
 213              	stringRepresentation:
 214 0004 03       		.byte	3
 215 0005 08       		.byte	8
 216              		.global	presetArraySection
 217              		.bss
 218              		.type	presetArraySection, %object
 219              		.size	presetArraySection, 1
 220              	presetArraySection:
 221 0038 00       		.space	1
 222              		.comm	sendLocalPresetStoreCommand,1,1
 223              		.global	messageArraySendCount
 224 0039 00       		.align	1
 225              		.type	messageArraySendCount, %object
 226              		.size	messageArraySendCount, 2
 227              	messageArraySendCount:
 228 003a 0000     		.space	2
ARM GAS  C:\Users\ggg88\AppData\Local\Temp\ccfc1YkT.s 			page 5


 229              		.global	messageArraySize
 230              		.align	1
 231              		.type	messageArraySize, %object
 232              		.size	messageArraySize, 2
 233              	messageArraySize:
 234 003c 0000     		.space	2
 235              		.global	sysexMessageInProgress
 236              		.type	sysexMessageInProgress, %object
 237              		.size	sysexMessageInProgress, 1
 238              	sysexMessageInProgress:
 239 003e 00       		.space	1
 240              		.global	pedalHiRes
 241              		.type	pedalHiRes, %object
 242              		.size	pedalHiRes, 1
 243              	pedalHiRes:
 244 003f 00       		.space	1
 245              		.global	bufCount
 246              		.type	bufCount, %object
 247              		.size	bufCount, 1
 248              	bufCount:
 249 0040 00       		.space	1
 250              		.global	sendingMessage
 251              		.type	sendingMessage, %object
 252              		.size	sendingMessage, 1
 253              	sendingMessage:
 254 0041 00       		.space	1
 255              		.global	sendKnobs
 256              		.type	sendKnobs, %object
 257              		.size	sendKnobs, 1
 258              	sendKnobs:
 259 0042 00       		.space	1
 260              		.global	currentFloat
 261 0043 00       		.align	2
 262              		.type	currentFloat, %object
 263              		.size	currentFloat, 4
 264              	currentFloat:
 265 0044 00000000 		.space	4
 266              		.global	mapCount
 267              		.align	2
 268              		.type	mapCount, %object
 269              		.size	mapCount, 4
 270              	mapCount:
 271 0048 00000000 		.space	4
 272              		.global	valsCount
 273              		.align	1
 274              		.type	valsCount, %object
 275              		.size	valsCount, 2
 276              	valsCount:
 277 004c 0000     		.space	2
 278              		.global	mapCountExpectation
 279              		.align	1
 280              		.type	mapCountExpectation, %object
 281              		.size	mapCountExpectation, 2
 282              	mapCountExpectation:
 283 004e 0000     		.space	2
 284              		.global	numMappings
 285              		.align	1
ARM GAS  C:\Users\ggg88\AppData\Local\Temp\ccfc1YkT.s 			page 6


 286              		.type	numMappings, %object
 287              		.size	numMappings, 2
 288              	numMappings:
 289 0050 0000     		.space	2
 290              		.global	parseThatMF
 291              		.type	parseThatMF, %object
 292              		.size	parseThatMF, 1
 293              	parseThatMF:
 294 0052 00       		.space	1
 295              		.global	valCheck
 296 0053 00       		.align	2
 297              		.type	valCheck, %object
 298              		.size	valCheck, 4
 299              	valCheck:
 300 0054 00000000 		.space	4
 301              		.global	testVal
 302              		.align	2
 303              		.type	testVal, %object
 304              		.size	testVal, 4
 305              	testVal:
 306 0058 00000000 		.space	4
 307              		.global	sendFirmwareUpdateRequest
 308              		.type	sendFirmwareUpdateRequest, %object
 309              		.size	sendFirmwareUpdateRequest, 1
 310              	sendFirmwareUpdateRequest:
 311 005c 00       		.space	1
 312              		.global	numStrings
 313              		.data
 314              		.type	numStrings, %object
 315              		.size	numStrings, 1
 316              	numStrings:
 317 0006 0A       		.byte	10
 318              		.global	usbActivityCounter
 319              		.bss
 320              		.type	usbActivityCounter, %object
 321              		.size	usbActivityCounter, 1
 322              	usbActivityCounter:
 323 005d 00       		.space	1
 324              		.comm	midiMsg,4,4
 325              		.global	currentVBUS
 326              		.type	currentVBUS, %object
 327              		.size	currentVBUS, 1
 328              	currentVBUS:
 329 005e 00       		.space	1
 330              		.global	prevVBUS
 331              		.type	prevVBUS, %object
 332              		.size	prevVBUS, 1
 333              	prevVBUS:
 334 005f 00       		.space	1
 335              		.global	USB_active
 336              		.type	USB_active, %object
 337              		.size	USB_active, 1
 338              	USB_active:
 339 0060 00       		.space	1
 340              		.global	USB_check_flag
 341              		.type	USB_check_flag, %object
 342              		.size	USB_check_flag, 1
ARM GAS  C:\Users\ggg88\AppData\Local\Temp\ccfc1YkT.s 			page 7


 343              	USB_check_flag:
 344 0061 00       		.space	1
 345              		.comm	mappingArray,6,4
 346              		.comm	inBuffer,32,4
 347              		.comm	myArray,32,4
 348              		.comm	returnedData,32,4
 349              		.global	octave
 350              		.data
 351 0007 00       		.align	2
 352              		.type	octave, %object
 353              		.size	octave, 4
 354              	octave:
 355 0008 05000000 		.word	5
 356              		.comm	angle,20,4
 357              		.comm	prevAngle,20,4
 358              		.comm	ADC_values,8,4
 359              		.global	rawAngle
 360              		.bss
 361              		.align	1
 362              		.type	rawAngle, %object
 363              		.size	rawAngle, 2
 364              	rawAngle:
 365 0062 0000     		.space	2
 366              		.global	midiSent
 367              		.align	1
 368              		.type	midiSent, %object
 369              		.size	midiSent, 2
 370              	midiSent:
 371 0064 0000     		.space	2
 372              		.global	midiOverflow
 373              		.align	1
 374              		.type	midiOverflow, %object
 375              		.size	midiOverflow, 2
 376              	midiOverflow:
 377 0066 0000     		.space	2
 378              		.comm	macroKnobValues,16,4
 379              		.global	currentCopedent
 380              		.type	currentCopedent, %object
 381              		.size	currentCopedent, 1
 382              	currentCopedent:
 383 0068 00       		.space	1
 384              		.global	necks
 385              		.data
 386              		.align	2
 387              		.type	necks, %object
 388              		.size	necks, 2
 389              	necks:
 390 000c 00       		.byte	0
 391 000d 01       		.byte	1
 392              		.global	neckPreset
 393 000e 0000     		.align	2
 394              		.type	neckPreset, %object
 395              		.size	neckPreset, 2
 396              	neckPreset:
 397 0010 00       		.byte	0
 398 0011 01       		.byte	1
 399              		.comm	neckPresetsByte,1,1
ARM GAS  C:\Users\ggg88\AppData\Local\Temp\ccfc1YkT.s 			page 8


 400              		.comm	rx1Channel,1,1
 401              		.comm	rx2Channel,1,32
 402              		.comm	rx1TD,2,4
 403              		.comm	rx2TD,2,32
 404              		.comm	txChannel,1,32
 405              		.comm	txTD,1,32
 406              		.comm	rx3Channel,1,32
 407              		.comm	rx3TD,1,32
 408              		.comm	rxBufferPluck,64,32
 409              		.comm	rxBufferBar,16,32
 410              		.comm	strings,24,4
 411              		.comm	prevStrings,24,4
 412              		.comm	bar,4,4
 413              		.comm	prevBar,4,4
 414              		.comm	maxStrings,24,4
 415              		.global	amHere
 416              		.bss
 417              		.type	amHere, %object
 418              		.size	amHere, 1
 419              	amHere:
 420 0069 00       		.space	1
 421              		.global	spiCounter
 422              		.type	spiCounter, %object
 423              		.size	spiCounter, 1
 424              	spiCounter:
 425 006a 00       		.space	1
 426              		.global	newDataFlag
 427              		.type	newDataFlag, %object
 428              		.size	newDataFlag, 1
 429              	newDataFlag:
 430 006b 00       		.space	1
 431              		.global	prevOctave
 432              		.align	2
 433              		.type	prevOctave, %object
 434              		.size	prevOctave, 4
 435              	prevOctave:
 436 006c 00000000 		.space	4
 437              		.global	pluck_index
 438              		.type	pluck_index, %object
 439              		.size	pluck_index, 1
 440              	pluck_index:
 441 0070 00       		.space	1
 442              		.global	amHere2
 443              		.type	amHere2, %object
 444              		.size	amHere2, 1
 445              	amHere2:
 446 0071 00       		.space	1
 447              		.global	spiCounter2
 448              		.type	spiCounter2, %object
 449              		.size	spiCounter2, 1
 450              	spiCounter2:
 451 0072 00       		.space	1
 452              		.global	newDataFlag2
 453              		.type	newDataFlag2, %object
 454              		.size	newDataFlag2, 1
 455              	newDataFlag2:
 456 0073 00       		.space	1
ARM GAS  C:\Users\ggg88\AppData\Local\Temp\ccfc1YkT.s 			page 9


 457              		.global	currentPluckBuffer
 458              		.type	currentPluckBuffer, %object
 459              		.size	currentPluckBuffer, 1
 460              	currentPluckBuffer:
 461 0074 00       		.space	1
 462              		.global	currentBarBuffer
 463              		.type	currentBarBuffer, %object
 464              		.size	currentBarBuffer, 1
 465              	currentBarBuffer:
 466 0075 00       		.space	1
 467              		.global	pluckErrorCount
 468              		.type	pluckErrorCount, %object
 469              		.size	pluckErrorCount, 1
 470              	pluckErrorCount:
 471 0076 00       		.space	1
 472              		.global	SPI1ErrorCount
 473 0077 00       		.align	1
 474              		.type	SPI1ErrorCount, %object
 475              		.size	SPI1ErrorCount, 2
 476              	SPI1ErrorCount:
 477 0078 0000     		.space	2
 478              		.global	inputData
 479              		.type	inputData, %object
 480              		.size	inputData, 1
 481              	inputData:
 482 007a 00       		.space	1
 483              		.global	spiAdjusted
 484              		.type	spiAdjusted, %object
 485              		.size	spiAdjusted, 1
 486              	spiAdjusted:
 487 007b 00       		.space	1
 488              		.global	mySpiCounter
 489              		.type	mySpiCounter, %object
 490              		.size	mySpiCounter, 1
 491              	mySpiCounter:
 492 007c 00       		.space	1
 493              		.global	offsetErrorCount
 494 007d 00       		.align	1
 495              		.type	offsetErrorCount, %object
 496              		.size	offsetErrorCount, 2
 497              	offsetErrorCount:
 498 007e 0000     		.space	2
 499              		.global	SPI2errorflag
 500              		.type	SPI2errorflag, %object
 501              		.size	SPI2errorflag, 1
 502              	SPI2errorflag:
 503 0080 00       		.space	1
 504              		.comm	knobs,4,4
 505              		.comm	prevKnobs,4,4
 506              		.comm	knobs7bit,4,4
 507              		.comm	prevKnobs7bit,4,4
 508              		.global	u7bit_volumePedal
 509              		.type	u7bit_volumePedal, %object
 510              		.size	u7bit_volumePedal, 1
 511              	u7bit_volumePedal:
 512 0081 00       		.space	1
 513              		.global	prev_7bit_volumePedal
ARM GAS  C:\Users\ggg88\AppData\Local\Temp\ccfc1YkT.s 			page 10


 514              		.type	prev_7bit_volumePedal, %object
 515              		.size	prev_7bit_volumePedal, 1
 516              	prev_7bit_volumePedal:
 517 0082 00       		.space	1
 518              		.global	SPI2started
 519              		.type	SPI2started, %object
 520              		.size	SPI2started, 1
 521              	SPI2started:
 522 0083 00       		.space	1
 523              		.global	whichMacro
 524              		.type	whichMacro, %object
 525              		.size	whichMacro, 1
 526              	whichMacro:
 527 0084 00       		.space	1
 528              		.comm	macroKnobValues7bit,16,4
 529              		.comm	prevMacroKnobValues7bit,16,4
 530              		.comm	prevMacroKnobValues,32,4
 531              		.comm	knobFrozen,16,4
 532              		.global	knobPanelLightActive
 533              		.type	knobPanelLightActive, %object
 534              		.size	knobPanelLightActive, 1
 535              	knobPanelLightActive:
 536 0085 00       		.space	1
 537              		.global	bendRange
 538              		.type	bendRange, %object
 539              		.size	bendRange, 1
 540              	bendRange:
 541 0086 00       		.space	1
 542              		.global	bendScalingArray
 543              		.data
 544 0012 0000     		.align	2
 545              		.type	bendScalingArray, %object
 546              		.size	bendScalingArray, 8
 547              	bendScalingArray:
 548 0014 0000803F 		.word	1065353216
 549 0018 00000040 		.word	1073741824
 550              		.global	bendScaling
 551              		.align	2
 552              		.type	bendScaling, %object
 553              		.size	bendScaling, 4
 554              	bendScaling:
 555 001c 0000803F 		.word	1065353216
 556              		.bss
 557 0087 00       		.align	2
 558              	eepromArray:
 559 0088 0000     		.space	2
 560              		.global	array
 561 008a 0000     		.align	2
 562              		.type	array, %object
 563              		.size	array, 2
 564              	array:
 565 008c 0000     		.space	2
 566              		.comm	eepromReturnValue,1,1
 567              		.global	Em_EEPROM_em_EepromStorage
 568              		.section	.rodata
 569 0004 00000000 		.align	8
 569      00000000 
ARM GAS  C:\Users\ggg88\AppData\Local\Temp\ccfc1YkT.s 			page 11


 569      00000000 
 569      00000000 
 569      00000000 
 570              		.type	Em_EEPROM_em_EepromStorage, %object
 571              		.size	Em_EEPROM_em_EepromStorage, 1024
 572              	Em_EEPROM_em_EepromStorage:
 573 0100 00000000 		.space	1024
 573      00000000 
 573      00000000 
 573      00000000 
 573      00000000 
 574              		.comm	eeprom_cnt,1,1
 575              		.comm	status,4,4
 576              		.comm	ptr,4,4
 577              		.global	barCount
 578              		.bss
 579 008e 0000     		.align	2
 580              		.type	barCount, %object
 581              		.size	barCount, 4
 582              	barCount:
 583 0090 00000000 		.space	4
 584              		.comm	I2Cbuff1,256,4
 585              		.comm	I2Cbuff2,16,4
 586              		.global	send_it
 587              		.type	send_it, %object
 588              		.size	send_it, 1
 589              	send_it:
 590 0094 00       		.space	1
 591              		.global	mux_states
 592              		.data
 593              		.align	2
 594              		.type	mux_states, %object
 595              		.size	mux_states, 24
 596              	mux_states:
 597 0020 05       		.byte	5
 598 0021 00       		.byte	0
 599 0022 05       		.byte	5
 600 0023 01       		.byte	1
 601 0024 05       		.byte	5
 602 0025 02       		.byte	2
 603 0026 05       		.byte	5
 604 0027 03       		.byte	3
 605 0028 05       		.byte	5
 606 0029 04       		.byte	4
 607 002a 00       		.byte	0
 608 002b 00       		.byte	0
 609 002c 01       		.byte	1
 610 002d 00       		.byte	0
 611 002e 03       		.byte	3
 612 002f 00       		.byte	0
 613 0030 04       		.byte	4
 614 0031 00       		.byte	0
 615 0032 02       		.byte	2
 616 0033 00       		.byte	0
 617 0034 05       		.byte	5
 618 0035 05       		.byte	5
 619 0036 06       		.byte	6
ARM GAS  C:\Users\ggg88\AppData\Local\Temp\ccfc1YkT.s 			page 12


 620 0037 00       		.byte	0
 621              		.global	i2c_skipped
 622              		.bss
 623 0095 000000   		.align	2
 624              		.type	i2c_skipped, %object
 625              		.size	i2c_skipped, 12
 626              	i2c_skipped:
 627 0098 00000000 		.space	12
 627      00000000 
 627      00000000 
 628              		.global	pedals_low
 629              		.data
 630              		.align	2
 631              		.type	pedals_low, %object
 632              		.size	pedals_low, 20
 633              	pedals_low:
 634 0038 830A     		.short	2691
 635 003a 0109     		.short	2305
 636 003c 9909     		.short	2457
 637 003e 0E02     		.short	526
 638 0040 9A0E     		.short	3738
 639 0042 0309     		.short	2307
 640 0044 C60B     		.short	3014
 641 0046 8E08     		.short	2190
 642 0048 E90A     		.short	2793
 643 004a 2605     		.short	1318
 644              		.global	pedals_high
 645              		.align	2
 646              		.type	pedals_high, %object
 647              		.size	pedals_high, 20
 648              	pedals_high:
 649 004c ED0A     		.short	2797
 650 004e 6509     		.short	2405
 651 0050 140A     		.short	2580
 652 0052 8702     		.short	647
 653 0054 0E0F     		.short	3854
 654 0056 9D09     		.short	2461
 655 0058 450C     		.short	3141
 656 005a 3109     		.short	2353
 657 005c 760B     		.short	2934
 658 005e E005     		.short	1504
 659              		.global	pedals_lowWithDeadZone
 660              		.align	2
 661              		.type	pedals_lowWithDeadZone, %object
 662              		.size	pedals_lowWithDeadZone, 20
 663              	pedals_lowWithDeadZone:
 664 0060 830A     		.short	2691
 665 0062 0109     		.short	2305
 666 0064 9909     		.short	2457
 667 0066 0E02     		.short	526
 668 0068 9A0E     		.short	3738
 669 006a 0309     		.short	2307
 670 006c C60B     		.short	3014
 671 006e 8E08     		.short	2190
 672 0070 E90A     		.short	2793
 673 0072 2605     		.short	1318
 674              		.global	pedals_highWithDeadZone
ARM GAS  C:\Users\ggg88\AppData\Local\Temp\ccfc1YkT.s 			page 13


 675              		.align	2
 676              		.type	pedals_highWithDeadZone, %object
 677              		.size	pedals_highWithDeadZone, 20
 678              	pedals_highWithDeadZone:
 679 0074 ED0A     		.short	2797
 680 0076 6509     		.short	2405
 681 0078 140A     		.short	2580
 682 007a 8702     		.short	647
 683 007c 0E0F     		.short	3854
 684 007e 9D09     		.short	2461
 685 0080 450C     		.short	3141
 686 0082 3109     		.short	2353
 687 0084 760B     		.short	2934
 688 0086 E005     		.short	1504
 689              		.global	deadZone
 690              		.type	deadZone, %object
 691              		.size	deadZone, 1
 692              	deadZone:
 693 0088 33       		.byte	51
 694              		.global	volumePedal
 695 0089 00       		.align	1
 696              		.type	volumePedal, %object
 697              		.size	volumePedal, 2
 698              	volumePedal:
 699 008a FF0F     		.short	4095
 700              		.comm	processed_pedals,20,4
 701              		.comm	prev_processed_pedals,20,4
 702              		.comm	pedals8bit,10,4
 703              		.comm	pedals7bit,10,4
 704              		.comm	prevPedals7bit,10,4
 705              		.comm	prev_processed_volumePedal,2,2
 706              		.comm	processed_volumePedal,2,2
 707              		.global	sliderBugOn
 708              		.bss
 709              		.type	sliderBugOn, %object
 710              		.size	sliderBugOn, 1
 711              	sliderBugOn:
 712 00a4 00       		.space	1
 713              		.comm	fretMeasurements,48,4
 714              		.global	currentPresetSelection
 715              		.type	currentPresetSelection, %object
 716              		.size	currentPresetSelection, 1
 717              	currentPresetSelection:
 718 00a5 00       		.space	1
 719              		.comm	presetNamesArray,896,4
 720              		.global	presetNumberToLoad
 721              		.type	presetNumberToLoad, %object
 722              		.size	presetNumberToLoad, 1
 723              	presetNumberToLoad:
 724 00a6 00       		.space	1
 725              		.global	presetLoadedResponse
 726              		.data
 727              		.align	2
 728              		.type	presetLoadedResponse, %object
 729              		.size	presetLoadedResponse, 2
 730              	presetLoadedResponse:
 731 008c FF       		.byte	-1
ARM GAS  C:\Users\ggg88\AppData\Local\Temp\ccfc1YkT.s 			page 14


 732 008d 00       		.byte	0
 733              		.comm	macroNamesArray,9216,4
 734              		.comm	controlNamesArray,2560,4
 735              		.global	fretScalingInMIDI
 736 008e 0000     		.align	2
 737              		.type	fretScalingInMIDI, %object
 738              		.size	fretScalingInMIDI, 48
 739              	fretScalingInMIDI:
 740 0090 00000000 		.word	0
 741 0094 0000803F 		.word	1065353216
 742 0098 00004040 		.word	1077936128
 743 009c 0000A040 		.word	1084227584
 744 00a0 0000E040 		.word	1088421888
 745 00a4 00001041 		.word	1091567616
 746 00a8 00004041 		.word	1094713344
 747 00ac 00007041 		.word	1097859072
 748 00b0 00008841 		.word	1099431936
 749 00b4 00009841 		.word	1100480512
 750 00b8 0000A841 		.word	1101529088
 751 00bc 0000C041 		.word	1103101952
 752              		.global	fretScalingInRatios
 753              		.align	2
 754              		.type	fretScalingInRatios, %object
 755              		.size	fretScalingInRatios, 48
 756              	fretScalingInRatios:
 757 00c0 0000803F 		.word	1065353216
 758 00c4 809C873F 		.word	1065852032
 759 00c8 F537983F 		.word	1066940405
 760 00cc 01DCAA3F 		.word	1068162049
 761 00d0 85C8BF3F 		.word	1069533317
 762 00d4 F244D73F 		.word	1071072498
 763 00d8 00000040 		.word	1073741824
 764 00dc F5371840 		.word	1075329013
 765 00e0 01DC2A40 		.word	1076550657
 766 00e4 85C83F40 		.word	1077921925
 767 00e8 F2445740 		.word	1079461106
 768 00ec 00008040 		.word	1082130432
 769              		.comm	pedalRatios,40,4
 770              		.global	last_mux
 771              		.type	last_mux, %object
 772              		.size	last_mux, 1
 773              	last_mux:
 774 00f0 01       		.byte	1
 775              		.global	main_counter
 776              		.bss
 777              		.type	main_counter, %object
 778              		.size	main_counter, 1
 779              	main_counter:
 780 00a7 00       		.space	1
 781              		.global	dualSlider
 782              		.type	dualSlider, %object
 783              		.size	dualSlider, 1
 784              	dualSlider:
 785 00a8 00       		.space	1
 786              		.global	voice
 787              		.type	voice, %object
 788              		.size	voice, 1
ARM GAS  C:\Users\ggg88\AppData\Local\Temp\ccfc1YkT.s 			page 15


 789              	voice:
 790 00a9 00       		.space	1
 791              		.global	patchNum
 792              		.type	patchNum, %object
 793              		.size	patchNum, 1
 794              	patchNum:
 795 00aa 00       		.space	1
 796              		.global	pedal_inverted
 797 00ab 00       		.align	2
 798              		.type	pedal_inverted, %object
 799              		.size	pedal_inverted, 10
 800              	pedal_inverted:
 801 00ac 00000000 		.space	10
 801      00000000 
 801      0000
 802              		.global	traditionalPedalAdd
 803              		.type	traditionalPedalAdd, %object
 804              		.size	traditionalPedalAdd, 1
 805              	traditionalPedalAdd:
 806 00b6 00       		.space	1
 807              		.global	copedentMapping
 808              		.data
 809 00f1 000000   		.align	2
 810              		.type	copedentMapping, %object
 811              		.size	copedentMapping, 10
 812              	copedentMapping:
 813 00f4 04       		.byte	4
 814 00f5 05       		.byte	5
 815 00f6 06       		.byte	6
 816 00f7 07       		.byte	7
 817 00f8 08       		.byte	8
 818 00f9 0A       		.byte	10
 819 00fa 09       		.byte	9
 820 00fb 03       		.byte	3
 821 00fc 01       		.byte	1
 822 00fd 02       		.byte	2
 823              		.comm	copedent,3696,4
 824              		.comm	copedentNamesArray,70,4
 825              		.comm	prevStringPitchBend,48,4
 826              		.comm	pedals,480,4
 827              		.global	pedal_cc_assignments
 828 00fe 0000     		.align	2
 829              		.type	pedal_cc_assignments, %object
 830              		.size	pedal_cc_assignments, 10
 831              	pedal_cc_assignments:
 832 0100 00       		.byte	0
 833 0101 01       		.byte	1
 834 0102 02       		.byte	2
 835 0103 03       		.byte	3
 836 0104 04       		.byte	4
 837 0105 08       		.byte	8
 838 0106 09       		.byte	9
 839 0107 07       		.byte	7
 840 0108 06       		.byte	6
 841 0109 05       		.byte	5
 842              		.comm	openStringFrequencies,48,4
 843              		.comm	stringMappedPositionsInRatios,8,4
ARM GAS  C:\Users\ggg88\AppData\Local\Temp\ccfc1YkT.s 			page 16


 844              		.comm	stringMappedPositionsInRatiosInt,4,4
 845              		.comm	stringMappedPositionsInMIDI,8,4
 846              		.comm	barMidiOuterStrings,4,4
 847              		.comm	stringFrequencies,48,4
 848              		.comm	stringOctave,48,4
 849              		.comm	stringPitch,48,4
 850              		.comm	stringMIDI,48,4
 851              		.comm	openStringMIDI_Int,48,4
 852              		.global	mainOLEDWaitingToSend
 853              		.bss
 854              		.type	mainOLEDWaitingToSend, %object
 855              		.size	mainOLEDWaitingToSend, 1
 856              	mainOLEDWaitingToSend:
 857 00b7 00       		.space	1
 858              		.global	macroOLEDWaitingToSend
 859              		.type	macroOLEDWaitingToSend, %object
 860              		.size	macroOLEDWaitingToSend, 1
 861              	macroOLEDWaitingToSend:
 862 00b8 00       		.space	1
 863              		.comm	presetAlreadyDisplayed,64,4
 864              		.global	currentNeck
 865              		.type	currentNeck, %object
 866              		.size	currentNeck, 1
 867              	currentNeck:
 868 00b9 00       		.space	1
 869              		.global	neckByte
 870              		.type	neckByte, %object
 871              		.size	neckByte, 1
 872              	neckByte:
 873 00ba 00       		.space	1
 874              		.global	editMode
 875              		.type	editMode, %object
 876              		.size	editMode, 1
 877              	editMode:
 878 00bb 00       		.space	1
 879              		.global	leverCalibrationMode
 880              		.type	leverCalibrationMode, %object
 881              		.size	leverCalibrationMode, 1
 882              	leverCalibrationMode:
 883 00bc 00       		.space	1
 884              		.global	fretCalibrationMode
 885              		.type	fretCalibrationMode, %object
 886              		.size	fretCalibrationMode, 1
 887              	fretCalibrationMode:
 888 00bd 00       		.space	1
 889              		.global	presetWhenMacroWriteStarted
 890              		.type	presetWhenMacroWriteStarted, %object
 891              		.size	presetWhenMacroWriteStarted, 1
 892              	presetWhenMacroWriteStarted:
 893 00be 00       		.space	1
 894              		.global	macroPageWhenMacroWriteStarted
 895              		.type	macroPageWhenMacroWriteStarted, %object
 896              		.size	macroPageWhenMacroWriteStarted, 1
 897              	macroPageWhenMacroWriteStarted:
 898 00bf 00       		.space	1
 899              		.global	pedals_float
 900              		.align	2
ARM GAS  C:\Users\ggg88\AppData\Local\Temp\ccfc1YkT.s 			page 17


 901              		.type	pedals_float, %object
 902              		.size	pedals_float, 40
 903              	pedals_float:
 904 00c0 00000000 		.space	40
 904      00000000 
 904      00000000 
 904      00000000 
 904      00000000 
 905              		.global	stringRepDivider
 906              		.data
 907 010a 0000     		.align	2
 908              		.type	stringRepDivider, %object
 909              		.size	stringRepDivider, 4
 910              	stringRepDivider:
 911 010c 0000803F 		.word	1065353216
 912              		.global	__aeabi_fsub
 913              		.global	__aeabi_fdiv
 914              		.global	__aeabi_fmul
 915              		.global	__aeabi_fadd
 916              		.section	.text.map,"ax",%progbits
 917              		.align	2
 918              		.global	map
 919              		.thumb
 920              		.thumb_func
 921              		.type	map, %function
 922              	map:
 923              	.LFB64:
 924              		.file 1 "main.c"
   1:main.c        **** /*main.c
   2:main.c        **** *****************************************************************************/
   3:main.c        **** #include <device.h>
   4:main.c        **** #include <stdio.h>
   5:main.c        **** #include <math.h>
   6:main.c        **** #include "oled.h"
   7:main.c        **** #include "main.h"
   8:main.c        **** #include "ui.h"
   9:main.c        **** 
  10:main.c        **** //#define BOOTLOAD_STYLE
  11:main.c        **** 
  12:main.c        **** const float versionNumber = 1.16f;
  13:main.c        **** 
  14:main.c        **** uint32_t prevLastBufferBegin[2];
  15:main.c        **** uint32_t lastBufferBegin[2];
  16:main.c        **** uint32_t masterTimer = 0;
  17:main.c        **** uint32_t lastParseCall = 0;
  18:main.c        **** uint32_t prevLastParseCall = 0;
  19:main.c        **** uint32_t lastBufferStuff = 0;
  20:main.c        **** uint32_t lastEndReceive = 0;
  21:main.c        **** 
  22:main.c        **** uint8_t sysexBuffer[2048];
  23:main.c        **** uint32_t sysexWritePointer = 0;
  24:main.c        **** uint32_t sysexReadPointer = 0;
  25:main.c        **** uint8_t sysexReset = 1;
  26:main.c        **** uint32_t sysexMessageStartPoints[256];
  27:main.c        **** uint8_t sysexMessageStartPointsWritePosition = 0;
  28:main.c        **** uint8_t sysexMessageStartPointsReadPosition = 0;
  29:main.c        **** uint8_t receivingSysex = 0;
ARM GAS  C:\Users\ggg88\AppData\Local\Temp\ccfc1YkT.s 			page 18


  30:main.c        **** uint8_t parsingSysex = 0;
  31:main.c        **** volatile uint8_t presetArray[2048];
  32:main.c        **** uint8_t presetNumberToWrite = 0;
  33:main.c        **** uint8_t copedentNumberToWrite = 0;
  34:main.c        **** uint8_t sendMessageEnd = 0;
  35:main.c        **** 
  36:main.c        **** uint8_t sendSingleParamUpdate = 0;
  37:main.c        **** uint8_t singleParamToUpdateHigh = 0;
  38:main.c        **** uint8_t singleParamToUpdateLow = 0;
  39:main.c        **** uint8_t singleParamValueHigh = 0;
  40:main.c        **** uint8_t singleParamValueLow = 0;
  41:main.c        ****             
  42:main.c        **** uint8_t sendMappingChangeUpdate = 0;
  43:main.c        **** 
  44:main.c        **** 
  45:main.c        **** int8_t presetNumberToStore = 0;
  46:main.c        ****             
  47:main.c        **** 
  48:main.c        **** int8_t transposeSemitones = 0;
  49:main.c        **** int8_t transposeCents = 0;
  50:main.c        **** float transposeFloat = 0.0f;
  51:main.c        **** int8_t volumeInt = 0;
  52:main.c        **** uint8_t volumeWaitingToSend = 0;
  53:main.c        **** uint8_t midiSendOn = 0;
  54:main.c        **** uint8_t midiBarSendOn = 0;
  55:main.c        **** uint8_t midiDebugSendOn = 0;
  56:main.c        **** uint8_t pitchSmoothing = 0;
  57:main.c        **** uint8_t controlSmoothing = 0;
  58:main.c        **** uint8_t octaveAction = 0;
  59:main.c        **** uint8_t stringRepresentation[2] = {3,8};
  60:main.c        **** 
  61:main.c        **** uint8_t presetArraySection = presetName;
  62:main.c        **** 
  63:main.c        **** uint8_t sendLocalPresetStoreCommand;
  64:main.c        **** 
  65:main.c        **** uint16_t messageArraySendCount = 0;
  66:main.c        **** uint16_t messageArraySize = 0;
  67:main.c        **** 
  68:main.c        **** uint8_t sysexMessageInProgress = 0;
  69:main.c        **** uint8_t pedalHiRes = 0;
  70:main.c        **** 
  71:main.c        **** uint8_t bufCount = 0;
  72:main.c        **** volatile uint8_t sendingMessage = 0;
  73:main.c        **** volatile uint8_t sendKnobs = 0;
  74:main.c        **** uint32_t currentFloat = 0;
  75:main.c        **** uint32_t mapCount = 0;
  76:main.c        **** 
  77:main.c        **** uint16_t valsCount = 0;
  78:main.c        **** uint16_t mapCountExpectation = 0;
  79:main.c        **** uint16_t numMappings = 0;
  80:main.c        **** volatile uint8_t parseThatMF = 0;
  81:main.c        **** volatile float valCheck = 0.0f;
  82:main.c        **** volatile float testVal = 0.0f;
  83:main.c        **** 
  84:main.c        **** uint8_t sendFirmwareUpdateRequest = 0;
  85:main.c        **** 
  86:main.c        **** uint8_t numStrings = 10;
ARM GAS  C:\Users\ggg88\AppData\Local\Temp\ccfc1YkT.s 			page 19


  87:main.c        **** /*
  88:main.c        **** #define TUNING_ARRAY_SIZE 258
  89:main.c        **** uint8_t tuningArray[TUNING_ARRAY_SIZE];
  90:main.c        **** */
  91:main.c        **** 
  92:main.c        **** volatile uint8_t usbActivityCounter = 0u;
  93:main.c        **** uint8_t midiMsg[4];
  94:main.c        **** uint8_t currentVBUS = 0;
  95:main.c        **** uint8_t prevVBUS = 0;
  96:main.c        **** volatile uint8_t USB_active = 0;
  97:main.c        **** volatile uint8_t USB_check_flag = 0;
  98:main.c        **** 
  99:main.c        **** uint8_t mappingArray[6];
 100:main.c        **** 
 101:main.c        **** uint8_t inBuffer[myBufferSize];
 102:main.c        **** 
 103:main.c        **** uint8_t myArray[myBufferSize];
 104:main.c        **** uint8_t returnedData[myBufferSize];
 105:main.c        **** int octave = 5;
 106:main.c        **** uint16_t angle[NUM_PEDALS];
 107:main.c        **** uint16_t prevAngle[NUM_PEDALS];
 108:main.c        **** 
 109:main.c        **** uint16_t ADC_values[4];
 110:main.c        **** uint16_t rawAngle = 0;
 111:main.c        **** uint16_t midiSent = 0;
 112:main.c        **** uint16_t midiOverflow = 0;
 113:main.c        **** 
 114:main.c        **** uint8_t macroKnobValues[NUM_MACROS*NUM_MACRO_PAGES];
 115:main.c        **** 
 116:main.c        **** uint8_t currentCopedent = 0;
 117:main.c        **** uint8_t necks[2] = {0,1};
 118:main.c        **** uint8_t neckPreset[2] = {0,1};
 119:main.c        **** uint8_t neckPresetsByte;
 120:main.c        **** 
 121:main.c        **** uint8 rx1Channel, rx2Channel __attribute__((aligned(32)));
 122:main.c        **** uint8 rx1TD[2], rx2TD[2]  __attribute__((aligned(32)));
 123:main.c        **** 
 124:main.c        **** volatile uint8 txChannel __attribute__((aligned(32)));
 125:main.c        **** volatile uint8 txTD __attribute__((aligned(32)));
 126:main.c        **** 
 127:main.c        **** volatile uint8 rx3Channel __attribute__((aligned(32)));
 128:main.c        **** volatile uint8 rx3TD __attribute__((aligned(32)));
 129:main.c        **** 
 130:main.c        **** 
 131:main.c        **** volatile uint8 rxBufferPluck[2][PLUCK_BUFFER_SIZE] __attribute__((aligned(32)));
 132:main.c        **** volatile uint8 rxBufferBar[2][BAR_BUFFER_SIZE] __attribute__((aligned(32)));
 133:main.c        **** 
 134:main.c        **** volatile uint16_t strings[12];
 135:main.c        **** volatile uint16_t prevStrings[12];
 136:main.c        **** volatile uint16_t bar[2];
 137:main.c        **** volatile uint16_t prevBar[2];
 138:main.c        **** volatile uint16_t maxStrings[12];
 139:main.c        **** volatile uint8_t amHere = 0;
 140:main.c        **** volatile uint8_t spiCounter = 0;
 141:main.c        **** volatile uint8_t newDataFlag = 0;
 142:main.c        **** int prevOctave = 0;
 143:main.c        **** uint8_t pluck_index = 0;
ARM GAS  C:\Users\ggg88\AppData\Local\Temp\ccfc1YkT.s 			page 20


 144:main.c        **** volatile uint8_t amHere2 = 0;
 145:main.c        **** volatile uint8_t spiCounter2 = 0;
 146:main.c        **** volatile uint8_t newDataFlag2 = 0;
 147:main.c        **** volatile uint8_t currentPluckBuffer = 0;
 148:main.c        **** volatile uint8_t currentBarBuffer = 0;
 149:main.c        **** volatile uint8_t pluckErrorCount = 0;
 150:main.c        **** volatile uint16_t SPI1ErrorCount = 0;
 151:main.c        **** 
 152:main.c        **** volatile uint8_t inputData = 0;
 153:main.c        **** 
 154:main.c        **** union breakFloat {
 155:main.c        ****  float f;
 156:main.c        ****  uint8_t b[4];  
 157:main.c        ****  uint32_t u32;
 158:main.c        **** };
 159:main.c        **** 
 160:main.c        **** 
 161:main.c        **** uint8_t spiAdjusted = 0;
 162:main.c        **** uint8_t mySpiCounter = 0;
 163:main.c        **** volatile uint16_t offsetErrorCount = 0;
 164:main.c        **** volatile uint8_t SPI2errorflag = 0;
 165:main.c        **** uint8_t knobs[4];
 166:main.c        **** uint8_t prevKnobs[4];
 167:main.c        **** 
 168:main.c        **** uint8_t knobs7bit[4];
 169:main.c        **** uint8_t prevKnobs7bit[4];
 170:main.c        **** 
 171:main.c        **** uint8_t u7bit_volumePedal = 0;
 172:main.c        **** uint8_t prev_7bit_volumePedal = 0;
 173:main.c        **** volatile uint8_t SPI2started = 0;
 174:main.c        **** 
 175:main.c        **** uint8_t whichMacro = 0;
 176:main.c        **** 
 177:main.c        **** uint8_t macroKnobValues7bit[NUM_MACROS*NUM_MACRO_PAGES];
 178:main.c        **** uint8_t prevMacroKnobValues7bit[NUM_MACROS*NUM_MACRO_PAGES];
 179:main.c        **** int16_t prevMacroKnobValues[NUM_MACROS*NUM_MACRO_PAGES];
 180:main.c        **** uint8_t knobFrozen[NUM_MACROS*NUM_MACRO_PAGES];
 181:main.c        **** 
 182:main.c        **** uint8_t knobPanelLightActive = 0;
 183:main.c        **** 
 184:main.c        **** uint8_t bendRange = 0;
 185:main.c        **** float bendScalingArray[2] = {1.0f, 2.0f};
 186:main.c        **** float bendScaling = 1.0f;
 187:main.c        **** 
 188:main.c        **** static uint8 CYCODE eepromArray[]={ 0, 0 };
 189:main.c        ****                                             
 190:main.c        **** uint8 array[] ={ 0, 0 };
 191:main.c        ****                                 
 192:main.c        ****     /*Return status for EEPROM and UART*/ 
 193:main.c        **** cy_en_em_eeprom_status_t eepromReturnValue;
 194:main.c        **** 
 195:main.c        **** 
 196:main.c        **** /* EEPROM storage in work flash, this is defined in Em_EEPROM.c*/
 197:main.c        **** const uint8_t Em_EEPROM_em_EepromStorage[Em_EEPROM_PHYSICAL_SIZE] __ALIGNED(CY_FLASH_SIZEOF_ROW) = 
 198:main.c        **** 
 199:main.c        **** 
 200:main.c        **** uint8 eeprom_cnt;
ARM GAS  C:\Users\ggg88\AppData\Local\Temp\ccfc1YkT.s 			page 21


 201:main.c        **** cystatus status;
 202:main.c        **** volatile const uint8 * ptr;
 203:main.c        **** volatile int barCount = 0;
 204:main.c        **** 
 205:main.c        **** 
 206:main.c        ****     
 207:main.c        **** volatile uint8_t I2Cbuff1[256];
 208:main.c        **** volatile uint8_t I2Cbuff2[16];
 209:main.c        **** volatile uint8_t send_it = 0;
 210:main.c        **** 
 211:main.c        **** //first mux, 0x70 is first element of array. 
 212:main.c        **** //If sent to output 5 of this first mux, signal goes to 
 213:main.c        **** // the ethernet cable, and a second mux is in the foot pedal at the end of that cable. This channel
 214:main.c        **** //so the order of I2C communication is ( foot pedals 1-5, knee levers 1-5, volume pedal, OLED displ
 215:main.c        **** uint8_t mux_states[12][2] = {{5,0}, {5,1}, {5,2}, {5,3}, {5,4}, {0, 0}, {1, 0}, {3, 0}, {4, 0}, {2,
 216:main.c        **** uint8_t i2c_skipped[12] = {0,0,0,0,0,0,0,0,0,0,0,0}; //so that pedals and levers can be marked as s
 217:main.c        **** uint16_t pedals_low[10] = {2691, 2305, 2457, 526, 3738, 2307, 3014, 2190, 2793, 1318};
 218:main.c        **** uint16_t pedals_high[10] = {2797, 2405, 2580, 647, 3854, 2461, 3141, 2353, 2934, 1504};
 219:main.c        **** uint16_t pedals_lowWithDeadZone[10] = {2691, 2305, 2457, 526, 3738, 2307, 3014, 2190, 2793, 1318};
 220:main.c        **** uint16_t pedals_highWithDeadZone[10] = {2797, 2405, 2580, 647, 3854, 2461, 3141, 2353, 2934, 1504};
 221:main.c        **** uint8_t deadZone = 51;
 222:main.c        **** uint16_t volumePedal = 4095;
 223:main.c        **** uint16_t processed_pedals[NUM_PEDALS];
 224:main.c        **** uint16_t prev_processed_pedals[NUM_PEDALS];
 225:main.c        **** uint8_t pedals8bit[NUM_PEDALS];
 226:main.c        **** uint8_t pedals7bit[NUM_PEDALS];
 227:main.c        **** uint8_t prevPedals7bit[NUM_PEDALS];
 228:main.c        **** int16_t prev_processed_volumePedal;
 229:main.c        **** int16_t processed_volumePedal;
 230:main.c        **** 
 231:main.c        **** uint8_t sliderBugOn = 0;
 232:main.c        **** 
 233:main.c        **** uint16_t fretMeasurements[NUM_SLIDERS][NUM_FRET_MEASUREMENTS];
 234:main.c        **** 
 235:main.c        **** 
 236:main.c        **** 
 237:main.c        **** uint8_t currentPresetSelection = 0;
 238:main.c        **** uint8_t presetNamesArray[MAX_NUM_PRESETS][PRESET_NAME_LENGTH_IN_BYTES];
 239:main.c        **** uint8_t presetNumberToLoad = 0;
 240:main.c        **** uint8_t presetLoadedResponse[2] = {255, 0};
 241:main.c        **** 
 242:main.c        **** uint8_t macroNamesArray[MAX_NUM_PRESETS][NUM_MACROS*NUM_MACRO_PAGES][MACRO_NAME_LENGTH_IN_BYTES];
 243:main.c        **** uint8_t controlNamesArray[MAX_NUM_PRESETS][NUM_CONTROLS][CONTROL_NAME_LENGTH_IN_BYTES];
 244:main.c        **** 
 245:main.c        **** //frets 0, 1, 3, 5, 7, 9, 12, 15, 17, 19, 21, 24
 246:main.c        **** float fretScalingInMIDI[NUM_FRET_MEASUREMENTS] = {0.0f, 1.0f, 3.0f, 5.0f, 7.0f, 9.0f, 12.0f, 15.0f,
 247:main.c        **** float fretScalingInRatios[NUM_FRET_MEASUREMENTS] = {1.0f, 1.0594634453327456842756554370605f, 1.189
 248:main.c        **** 
 249:main.c        **** float pedalRatios[NUM_PEDALS];
 250:main.c        **** uint8_t last_mux = 1;
 251:main.c        **** volatile uint8_t main_counter = 0;
 252:main.c        **** uint8_t dualSlider = 0;
 253:main.c        **** uint8_t voice = 0; //unused for now
 254:main.c        **** 
 255:main.c        **** uint8_t patchNum = 0;
 256:main.c        **** 
 257:main.c        **** uint8_t pedal_inverted[NUM_PEDALS] = {0,0,0,0,0,0,0,0,0,0};
ARM GAS  C:\Users\ggg88\AppData\Local\Temp\ccfc1YkT.s 			page 22


 258:main.c        **** 
 259:main.c        **** uint8_t traditionalPedalAdd = 0;
 260:main.c        **** uint8_t copedentMapping[10] = {4, 5, 6, 7, 8, 10, 9, 3, 1, 2};
 261:main.c        **** float copedent[MAX_NUM_COPEDENTS][NUM_PEDALS+1][NUM_STRINGS];
 262:main.c        **** uint8_t copedentNamesArray[MAX_NUM_COPEDENTS][COPEDENT_NAME_LENGTH_IN_BYTES];
 263:main.c        **** 
 264:main.c        **** float prevStringPitchBend[NUM_STRINGS];
 265:main.c        **** 
 266:main.c        **** float pedals[NUM_PEDALS][NUM_STRINGS];
 267:main.c        **** 
 268:main.c        **** uint8_t pedal_cc_assignments[NUM_PEDALS] = {0, 1, 2, 3, 4, 8, 9, 7, 6, 5};
 269:main.c        **** float openStringFrequencies[NUM_STRINGS];
 270:main.c        **** float stringMappedPositionsInRatios[NUM_SLIDERS];
 271:main.c        **** uint16_t stringMappedPositionsInRatiosInt[NUM_SLIDERS];
 272:main.c        **** float stringMappedPositionsInMIDI[NUM_SLIDERS];
 273:main.c        **** uint16_t barMidiOuterStrings[2];
 274:main.c        **** float stringFrequencies[NUM_STRINGS];
 275:main.c        **** float stringOctave[NUM_STRINGS];
 276:main.c        **** float stringPitch[NUM_STRINGS];
 277:main.c        **** float stringMIDI[NUM_STRINGS];
 278:main.c        **** int openStringMIDI_Int[NUM_STRINGS];
 279:main.c        **** 
 280:main.c        **** uint8_t mainOLEDWaitingToSend = 0;
 281:main.c        **** uint8_t macroOLEDWaitingToSend = 0;
 282:main.c        **** 
 283:main.c        **** uint8_t presetAlreadyDisplayed[MAX_NUM_PRESETS];
 284:main.c        **** 
 285:main.c        **** uint8_t currentNeck = 0;
 286:main.c        **** uint8_t neckByte = 0;
 287:main.c        **** 
 288:main.c        **** uint8_t editMode = 0;
 289:main.c        **** uint8_t leverCalibrationMode = 0;
 290:main.c        **** uint8_t fretCalibrationMode = 0;
 291:main.c        **** 
 292:main.c        **** uint8_t presetWhenMacroWriteStarted = 0;
 293:main.c        **** uint8_t macroPageWhenMacroWriteStarted = 0;
 294:main.c        **** 
 295:main.c        **** float pedals_float[NUM_PEDALS] = {0.0f, 0.0f, 0.0f, 0.0f, 0.0f, 0.0f, 0.0f, 0.0f, 0.0f, 0.0f};
 296:main.c        **** float stringRepDivider = 1.0f;
 297:main.c        **** 
 298:main.c        **** //function prototypes
 299:main.c        **** uint8 I2C_MasterWriteBlocking(uint8 i2CAddr, uint16 nbytes, uint8_t mode);
 300:main.c        **** uint8 I2C_MasterReadBlocking(uint8 i2CAddr, uint8 nbytes, uint8_t mode);
 301:main.c        **** void USB_service(void);
 302:main.c        **** void checkUSB_Vbus(void);
 303:main.c        **** void sendMIDIAllNotesOff(void);
 304:main.c        **** void sendMIDIPitchBend(int val, int channel);
 305:main.c        **** void firstCheckUSB_Vbus(void);
 306:main.c        **** void restartSystemCheck(void);
 307:main.c        **** void sendMIDINoteOn(int MIDInoteNum, int velocity, int channel);
 308:main.c        **** void sendMIDIControlChange(int CCnum, int CCval, int channel);
 309:main.c        **** void noteEvent(int string);
 310:main.c        **** void I2C_reset(void);
 311:main.c        **** void CCEvent(int cc, int val);
 312:main.c        **** void DmaRxConfiguration(void);
 313:main.c        **** void DmaTxConfiguration(void);
 314:main.c        **** void parseSysex(void);
ARM GAS  C:\Users\ggg88\AppData\Local\Temp\ccfc1YkT.s 			page 23


 315:main.c        **** 
 316:main.c        **** //helper functions
 317:main.c        **** float map(float value, float istart, float istop, float ostart, float ostop)
 318:main.c        **** {
 925              		.loc 1 318 0
 926              		.cfi_startproc
 927              		@ args = 4, pretend = 0, frame = 16
 928              		@ frame_needed = 1, uses_anonymous_args = 0
 929 0000 B0B5     		push	{r4, r5, r7, lr}
 930              		.cfi_def_cfa_offset 16
 931              		.cfi_offset 4, -16
 932              		.cfi_offset 5, -12
 933              		.cfi_offset 7, -8
 934              		.cfi_offset 14, -4
 935 0002 84B0     		sub	sp, sp, #16
 936              		.cfi_def_cfa_offset 32
 937 0004 00AF     		add	r7, sp, #0
 938              		.cfi_def_cfa_register 7
 939 0006 F860     		str	r0, [r7, #12]	@ float
 940 0008 B960     		str	r1, [r7, #8]	@ float
 941 000a 7A60     		str	r2, [r7, #4]	@ float
 942 000c 3B60     		str	r3, [r7]	@ float
 319:main.c        ****     return ostart + (ostop - ostart) * ((value - istart) / (istop - istart));
 943              		.loc 1 319 0
 944 000e 3968     		ldr	r1, [r7]	@ float
 945 0010 386A     		ldr	r0, [r7, #32]	@ float
 946 0012 FFF7FEFF 		bl	__aeabi_fsub
 947 0016 0346     		mov	r3, r0
 948 0018 1C46     		mov	r4, r3
 949 001a B968     		ldr	r1, [r7, #8]	@ float
 950 001c F868     		ldr	r0, [r7, #12]	@ float
 951 001e FFF7FEFF 		bl	__aeabi_fsub
 952 0022 0346     		mov	r3, r0
 953 0024 1D46     		mov	r5, r3
 954 0026 B968     		ldr	r1, [r7, #8]	@ float
 955 0028 7868     		ldr	r0, [r7, #4]	@ float
 956 002a FFF7FEFF 		bl	__aeabi_fsub
 957 002e 0346     		mov	r3, r0
 958 0030 1946     		mov	r1, r3
 959 0032 2846     		mov	r0, r5
 960 0034 FFF7FEFF 		bl	__aeabi_fdiv
 961 0038 0346     		mov	r3, r0
 962 003a 1946     		mov	r1, r3
 963 003c 2046     		mov	r0, r4
 964 003e FFF7FEFF 		bl	__aeabi_fmul
 965 0042 0346     		mov	r3, r0
 966 0044 3968     		ldr	r1, [r7]	@ float
 967 0046 1846     		mov	r0, r3
 968 0048 FFF7FEFF 		bl	__aeabi_fadd
 969 004c 0346     		mov	r3, r0
 320:main.c        **** }
 970              		.loc 1 320 0
 971 004e 1846     		mov	r0, r3
 972 0050 1037     		adds	r7, r7, #16
 973              		.cfi_def_cfa_offset 16
 974 0052 BD46     		mov	sp, r7
 975              		.cfi_def_cfa_register 13
ARM GAS  C:\Users\ggg88\AppData\Local\Temp\ccfc1YkT.s 			page 24


 976              		@ sp needed
 977 0054 B0BD     		pop	{r4, r5, r7, pc}
 978              		.cfi_endproc
 979              	.LFE64:
 980              		.size	map, .-map
 981              		.global	__aeabi_i2f
 982 0056 00BF     		.section	.text.mapDualSlider,"ax",%progbits
 983              		.align	2
 984              		.global	mapDualSlider
 985              		.thumb
 986              		.thumb_func
 987              		.type	mapDualSlider, %function
 988              	mapDualSlider:
 989              	.LFB65:
 321:main.c        **** 
 322:main.c        **** float mapDualSlider(float value, float ostart, float ostop)
 323:main.c        **** {
 990              		.loc 1 323 0
 991              		.cfi_startproc
 992              		@ args = 0, pretend = 0, frame = 16
 993              		@ frame_needed = 1, uses_anonymous_args = 0
 994 0000 90B5     		push	{r4, r7, lr}
 995              		.cfi_def_cfa_offset 12
 996              		.cfi_offset 4, -12
 997              		.cfi_offset 7, -8
 998              		.cfi_offset 14, -4
 999 0002 85B0     		sub	sp, sp, #20
 1000              		.cfi_def_cfa_offset 32
 1001 0004 00AF     		add	r7, sp, #0
 1002              		.cfi_def_cfa_register 7
 1003 0006 F860     		str	r0, [r7, #12]	@ float
 1004 0008 B960     		str	r1, [r7, #8]	@ float
 1005 000a 7A60     		str	r2, [r7, #4]	@ float
 324:main.c        ****     return ostart + (ostop - ostart) * ((value - stringRepresentation[0]) * stringRepDivider);
 1006              		.loc 1 324 0
 1007 000c B968     		ldr	r1, [r7, #8]	@ float
 1008 000e 7868     		ldr	r0, [r7, #4]	@ float
 1009 0010 FFF7FEFF 		bl	__aeabi_fsub
 1010 0014 0346     		mov	r3, r0
 1011 0016 1C46     		mov	r4, r3
 1012 0018 104B     		ldr	r3, .L5
 1013 001a 1B78     		ldrb	r3, [r3]	@ zero_extendqisi2
 1014 001c 1846     		mov	r0, r3
 1015 001e FFF7FEFF 		bl	__aeabi_i2f
 1016 0022 0346     		mov	r3, r0
 1017 0024 1946     		mov	r1, r3
 1018 0026 F868     		ldr	r0, [r7, #12]	@ float
 1019 0028 FFF7FEFF 		bl	__aeabi_fsub
 1020 002c 0346     		mov	r3, r0
 1021 002e 1A46     		mov	r2, r3
 1022 0030 0B4B     		ldr	r3, .L5+4
 1023 0032 1B68     		ldr	r3, [r3]	@ float
 1024 0034 1946     		mov	r1, r3
 1025 0036 1046     		mov	r0, r2
 1026 0038 FFF7FEFF 		bl	__aeabi_fmul
 1027 003c 0346     		mov	r3, r0
 1028 003e 1946     		mov	r1, r3
ARM GAS  C:\Users\ggg88\AppData\Local\Temp\ccfc1YkT.s 			page 25


 1029 0040 2046     		mov	r0, r4
 1030 0042 FFF7FEFF 		bl	__aeabi_fmul
 1031 0046 0346     		mov	r3, r0
 1032 0048 B968     		ldr	r1, [r7, #8]	@ float
 1033 004a 1846     		mov	r0, r3
 1034 004c FFF7FEFF 		bl	__aeabi_fadd
 1035 0050 0346     		mov	r3, r0
 325:main.c        **** }
 1036              		.loc 1 325 0
 1037 0052 1846     		mov	r0, r3
 1038 0054 1437     		adds	r7, r7, #20
 1039              		.cfi_def_cfa_offset 12
 1040 0056 BD46     		mov	sp, r7
 1041              		.cfi_def_cfa_register 13
 1042              		@ sp needed
 1043 0058 90BD     		pop	{r4, r7, pc}
 1044              	.L6:
 1045 005a 00BF     		.align	2
 1046              	.L5:
 1047 005c 00000000 		.word	stringRepresentation
 1048 0060 00000000 		.word	stringRepDivider
 1049              		.cfi_endproc
 1050              	.LFE65:
 1051              		.size	mapDualSlider, .-mapDualSlider
 1052              		.section	.text.burnInitialPedalZeroPositions,"ax",%progbits
 1053              		.align	2
 1054              		.global	burnInitialPedalZeroPositions
 1055              		.thumb
 1056              		.thumb_func
 1057              		.type	burnInitialPedalZeroPositions, %function
 1058              	burnInitialPedalZeroPositions:
 1059              	.LFB66:
 326:main.c        **** 
 327:main.c        **** void burnInitialPedalZeroPositions()
 328:main.c        **** {
 1060              		.loc 1 328 0
 1061              		.cfi_startproc
 1062              		@ args = 0, pretend = 0, frame = 8
 1063              		@ frame_needed = 1, uses_anonymous_args = 0
 1064 0000 80B5     		push	{r7, lr}
 1065              		.cfi_def_cfa_offset 8
 1066              		.cfi_offset 7, -8
 1067              		.cfi_offset 14, -4
 1068 0002 82B0     		sub	sp, sp, #8
 1069              		.cfi_def_cfa_offset 16
 1070 0004 00AF     		add	r7, sp, #0
 1071              		.cfi_def_cfa_register 7
 1072              	.LBB2:
 329:main.c        ****     for (int i = 0; i < 5; i++)
 1073              		.loc 1 329 0
 1074 0006 0023     		movs	r3, #0
 1075 0008 7B60     		str	r3, [r7, #4]
 1076 000a 6EE0     		b	.L8
 1077              	.L9:
 330:main.c        ****     {
 331:main.c        ****         I2C_1_MasterSendStart(0x70, 0); 
 1078              		.loc 1 331 0 discriminator 3
ARM GAS  C:\Users\ggg88\AppData\Local\Temp\ccfc1YkT.s 			page 26


 1079 000c 0021     		movs	r1, #0
 1080 000e 7020     		movs	r0, #112
 1081 0010 FFF7FEFF 		bl	I2C_1_MasterSendStart
 332:main.c        ****         I2C_1_MasterWriteByte(1<<i);
 1082              		.loc 1 332 0 discriminator 3
 1083 0014 0122     		movs	r2, #1
 1084 0016 7B68     		ldr	r3, [r7, #4]
 1085 0018 02FA03F3 		lsl	r3, r2, r3
 1086 001c DBB2     		uxtb	r3, r3
 1087 001e 1846     		mov	r0, r3
 1088 0020 FFF7FEFF 		bl	I2C_1_MasterWriteByte
 333:main.c        ****         I2C_1_MasterSendStop(); 
 1089              		.loc 1 333 0 discriminator 3
 1090 0024 FFF7FEFF 		bl	I2C_1_MasterSendStop
 334:main.c        **** 
 335:main.c        **** 
 336:main.c        ****         I2C_1_MasterSendStart(0x36, 0); 
 1091              		.loc 1 336 0 discriminator 3
 1092 0028 0021     		movs	r1, #0
 1093 002a 3620     		movs	r0, #54
 1094 002c FFF7FEFF 		bl	I2C_1_MasterSendStart
 337:main.c        ****         I2C_1_MasterWriteByte(0x0C);
 1095              		.loc 1 337 0 discriminator 3
 1096 0030 0C20     		movs	r0, #12
 1097 0032 FFF7FEFF 		bl	I2C_1_MasterWriteByte
 338:main.c        ****         //I2C_1_MasterSendStop();
 339:main.c        ****         I2C_1_MasterSendRestart(0x36, 1); 
 1098              		.loc 1 339 0 discriminator 3
 1099 0036 0121     		movs	r1, #1
 1100 0038 3620     		movs	r0, #54
 1101 003a FFF7FEFF 		bl	I2C_1_MasterSendRestart
 340:main.c        ****         rawAngle = I2C_1_MasterReadByte(1) << 8;
 1102              		.loc 1 340 0 discriminator 3
 1103 003e 0120     		movs	r0, #1
 1104 0040 FFF7FEFF 		bl	I2C_1_MasterReadByte
 1105 0044 0346     		mov	r3, r0
 1106 0046 9BB2     		uxth	r3, r3
 1107 0048 1B02     		lsls	r3, r3, #8
 1108 004a 9AB2     		uxth	r2, r3
 1109 004c 654B     		ldr	r3, .L12
 1110 004e 1A80     		strh	r2, [r3]	@ movhi
 341:main.c        ****         //I2C_1_MasterSendRestart(0x36, 1);
 342:main.c        ****         rawAngle +=  I2C_1_MasterReadByte(0);
 1111              		.loc 1 342 0 discriminator 3
 1112 0050 0020     		movs	r0, #0
 1113 0052 FFF7FEFF 		bl	I2C_1_MasterReadByte
 1114 0056 0346     		mov	r3, r0
 1115 0058 9AB2     		uxth	r2, r3
 1116 005a 624B     		ldr	r3, .L12
 1117 005c 1B88     		ldrh	r3, [r3]
 1118 005e 1344     		add	r3, r3, r2
 1119 0060 9AB2     		uxth	r2, r3
 1120 0062 604B     		ldr	r3, .L12
 1121 0064 1A80     		strh	r2, [r3]	@ movhi
 343:main.c        ****          I2C_1_MasterSendStop(); 
 1122              		.loc 1 343 0 discriminator 3
 1123 0066 FFF7FEFF 		bl	I2C_1_MasterSendStop
ARM GAS  C:\Users\ggg88\AppData\Local\Temp\ccfc1YkT.s 			page 27


 344:main.c        ****         
 345:main.c        ****         CyDelay(1);
 1124              		.loc 1 345 0 discriminator 3
 1125 006a 0120     		movs	r0, #1
 1126 006c FFF7FEFF 		bl	CyDelay
 346:main.c        **** 
 347:main.c        ****         I2C_1_MasterSendStart(0x36, 0); 
 1127              		.loc 1 347 0 discriminator 3
 1128 0070 0021     		movs	r1, #0
 1129 0072 3620     		movs	r0, #54
 1130 0074 FFF7FEFF 		bl	I2C_1_MasterSendStart
 348:main.c        ****         I2C_1_MasterWriteByte(0x01);
 1131              		.loc 1 348 0 discriminator 3
 1132 0078 0120     		movs	r0, #1
 1133 007a FFF7FEFF 		bl	I2C_1_MasterWriteByte
 349:main.c        ****         I2C_1_MasterWriteByte(rawAngle >> 8);
 1134              		.loc 1 349 0 discriminator 3
 1135 007e 594B     		ldr	r3, .L12
 1136 0080 1B88     		ldrh	r3, [r3]
 1137 0082 1B0A     		lsrs	r3, r3, #8
 1138 0084 9BB2     		uxth	r3, r3
 1139 0086 DBB2     		uxtb	r3, r3
 1140 0088 1846     		mov	r0, r3
 1141 008a FFF7FEFF 		bl	I2C_1_MasterWriteByte
 350:main.c        ****         I2C_1_MasterWriteByte(rawAngle & 0xff);
 1142              		.loc 1 350 0 discriminator 3
 1143 008e 554B     		ldr	r3, .L12
 1144 0090 1B88     		ldrh	r3, [r3]
 1145 0092 DBB2     		uxtb	r3, r3
 1146 0094 1846     		mov	r0, r3
 1147 0096 FFF7FEFF 		bl	I2C_1_MasterWriteByte
 351:main.c        ****         I2C_1_MasterWriteByte((rawAngle+500) >> 8);
 1148              		.loc 1 351 0 discriminator 3
 1149 009a 524B     		ldr	r3, .L12
 1150 009c 1B88     		ldrh	r3, [r3]
 1151 009e 03F5FA73 		add	r3, r3, #500
 1152 00a2 1B12     		asrs	r3, r3, #8
 1153 00a4 DBB2     		uxtb	r3, r3
 1154 00a6 1846     		mov	r0, r3
 1155 00a8 FFF7FEFF 		bl	I2C_1_MasterWriteByte
 352:main.c        ****         I2C_1_MasterWriteByte((rawAngle+500) & 0xff);
 1156              		.loc 1 352 0 discriminator 3
 1157 00ac 4D4B     		ldr	r3, .L12
 1158 00ae 1B88     		ldrh	r3, [r3]
 1159 00b0 DBB2     		uxtb	r3, r3
 1160 00b2 0C3B     		subs	r3, r3, #12
 1161 00b4 DBB2     		uxtb	r3, r3
 1162 00b6 1846     		mov	r0, r3
 1163 00b8 FFF7FEFF 		bl	I2C_1_MasterWriteByte
 353:main.c        ****         I2C_1_MasterSendStop(); 
 1164              		.loc 1 353 0 discriminator 3
 1165 00bc FFF7FEFF 		bl	I2C_1_MasterSendStop
 354:main.c        ****         
 355:main.c        ****         CyDelay(2);
 1166              		.loc 1 355 0 discriminator 3
 1167 00c0 0220     		movs	r0, #2
 1168 00c2 FFF7FEFF 		bl	CyDelay
ARM GAS  C:\Users\ggg88\AppData\Local\Temp\ccfc1YkT.s 			page 28


 356:main.c        **** 
 357:main.c        ****         I2C_1_MasterSendStart(0x36, 0); 
 1169              		.loc 1 357 0 discriminator 3
 1170 00c6 0021     		movs	r1, #0
 1171 00c8 3620     		movs	r0, #54
 1172 00ca FFF7FEFF 		bl	I2C_1_MasterSendStart
 358:main.c        ****         I2C_1_MasterWriteByte(0xff);
 1173              		.loc 1 358 0 discriminator 3
 1174 00ce FF20     		movs	r0, #255
 1175 00d0 FFF7FEFF 		bl	I2C_1_MasterWriteByte
 359:main.c        ****        I2C_1_MasterWriteByte(0x80);
 1176              		.loc 1 359 0 discriminator 3
 1177 00d4 8020     		movs	r0, #128
 1178 00d6 FFF7FEFF 		bl	I2C_1_MasterWriteByte
 360:main.c        ****         I2C_1_MasterSendStop(); 
 1179              		.loc 1 360 0 discriminator 3
 1180 00da FFF7FEFF 		bl	I2C_1_MasterSendStop
 361:main.c        ****        CyDelay(2);
 1181              		.loc 1 361 0 discriminator 3
 1182 00de 0220     		movs	r0, #2
 1183 00e0 FFF7FEFF 		bl	CyDelay
 329:main.c        ****     {
 1184              		.loc 1 329 0 discriminator 3
 1185 00e4 7B68     		ldr	r3, [r7, #4]
 1186 00e6 0133     		adds	r3, r3, #1
 1187 00e8 7B60     		str	r3, [r7, #4]
 1188              	.L8:
 329:main.c        ****     {
 1189              		.loc 1 329 0 is_stmt 0 discriminator 1
 1190 00ea 7B68     		ldr	r3, [r7, #4]
 1191 00ec 042B     		cmp	r3, #4
 1192 00ee 8DDD     		ble	.L9
 1193              	.LBE2:
 1194              	.LBB3:
 362:main.c        ****     }
 363:main.c        ****     
 364:main.c        ****     //set main i2c mux
 365:main.c        ****     for (int i = 0; i < 4; i++)
 1195              		.loc 1 365 0 is_stmt 1
 1196 00f0 0023     		movs	r3, #0
 1197 00f2 3B60     		str	r3, [r7]
 1198 00f4 6FE0     		b	.L10
 1199              	.L11:
 366:main.c        ****     {
 367:main.c        ****         I2C_1_MasterSendStart(0x71, 0); 
 1200              		.loc 1 367 0 discriminator 3
 1201 00f6 0021     		movs	r1, #0
 1202 00f8 7120     		movs	r0, #113
 1203 00fa FFF7FEFF 		bl	I2C_1_MasterSendStart
 368:main.c        ****         I2C_1_MasterWriteByte(1<<(i+2));
 1204              		.loc 1 368 0 discriminator 3
 1205 00fe 3B68     		ldr	r3, [r7]
 1206 0100 0233     		adds	r3, r3, #2
 1207 0102 0122     		movs	r2, #1
 1208 0104 02FA03F3 		lsl	r3, r2, r3
 1209 0108 DBB2     		uxtb	r3, r3
 1210 010a 1846     		mov	r0, r3
ARM GAS  C:\Users\ggg88\AppData\Local\Temp\ccfc1YkT.s 			page 29


 1211 010c FFF7FEFF 		bl	I2C_1_MasterWriteByte
 369:main.c        ****         I2C_1_MasterSendStop(); 
 1212              		.loc 1 369 0 discriminator 3
 1213 0110 FFF7FEFF 		bl	I2C_1_MasterSendStop
 370:main.c        **** 
 371:main.c        **** 
 372:main.c        ****         I2C_1_MasterSendStart(0x36, 0); 
 1214              		.loc 1 372 0 discriminator 3
 1215 0114 0021     		movs	r1, #0
 1216 0116 3620     		movs	r0, #54
 1217 0118 FFF7FEFF 		bl	I2C_1_MasterSendStart
 373:main.c        ****         I2C_1_MasterWriteByte(0x0C);
 1218              		.loc 1 373 0 discriminator 3
 1219 011c 0C20     		movs	r0, #12
 1220 011e FFF7FEFF 		bl	I2C_1_MasterWriteByte
 374:main.c        ****         //I2C_1_MasterSendStop();
 375:main.c        ****         I2C_1_MasterSendRestart(0x36, 1); 
 1221              		.loc 1 375 0 discriminator 3
 1222 0122 0121     		movs	r1, #1
 1223 0124 3620     		movs	r0, #54
 1224 0126 FFF7FEFF 		bl	I2C_1_MasterSendRestart
 376:main.c        ****         rawAngle = I2C_1_MasterReadByte(1) << 8;
 1225              		.loc 1 376 0 discriminator 3
 1226 012a 0120     		movs	r0, #1
 1227 012c FFF7FEFF 		bl	I2C_1_MasterReadByte
 1228 0130 0346     		mov	r3, r0
 1229 0132 9BB2     		uxth	r3, r3
 1230 0134 1B02     		lsls	r3, r3, #8
 1231 0136 9AB2     		uxth	r2, r3
 1232 0138 2A4B     		ldr	r3, .L12
 1233 013a 1A80     		strh	r2, [r3]	@ movhi
 377:main.c        ****         //I2C_1_MasterSendRestart(0x36, 1);
 378:main.c        ****         rawAngle +=  I2C_1_MasterReadByte(0);
 1234              		.loc 1 378 0 discriminator 3
 1235 013c 0020     		movs	r0, #0
 1236 013e FFF7FEFF 		bl	I2C_1_MasterReadByte
 1237 0142 0346     		mov	r3, r0
 1238 0144 9AB2     		uxth	r2, r3
 1239 0146 274B     		ldr	r3, .L12
 1240 0148 1B88     		ldrh	r3, [r3]
 1241 014a 1344     		add	r3, r3, r2
 1242 014c 9AB2     		uxth	r2, r3
 1243 014e 254B     		ldr	r3, .L12
 1244 0150 1A80     		strh	r2, [r3]	@ movhi
 379:main.c        ****         I2C_1_MasterSendStop(); 
 1245              		.loc 1 379 0 discriminator 3
 1246 0152 FFF7FEFF 		bl	I2C_1_MasterSendStop
 380:main.c        ****         
 381:main.c        ****         CyDelay(1);
 1247              		.loc 1 381 0 discriminator 3
 1248 0156 0120     		movs	r0, #1
 1249 0158 FFF7FEFF 		bl	CyDelay
 382:main.c        **** 
 383:main.c        ****         I2C_1_MasterSendStart(0x36, 0); 
 1250              		.loc 1 383 0 discriminator 3
 1251 015c 0021     		movs	r1, #0
 1252 015e 3620     		movs	r0, #54
ARM GAS  C:\Users\ggg88\AppData\Local\Temp\ccfc1YkT.s 			page 30


 1253 0160 FFF7FEFF 		bl	I2C_1_MasterSendStart
 384:main.c        ****         I2C_1_MasterWriteByte(0x01);
 1254              		.loc 1 384 0 discriminator 3
 1255 0164 0120     		movs	r0, #1
 1256 0166 FFF7FEFF 		bl	I2C_1_MasterWriteByte
 385:main.c        ****         I2C_1_MasterWriteByte(rawAngle >> 8);
 1257              		.loc 1 385 0 discriminator 3
 1258 016a 1E4B     		ldr	r3, .L12
 1259 016c 1B88     		ldrh	r3, [r3]
 1260 016e 1B0A     		lsrs	r3, r3, #8
 1261 0170 9BB2     		uxth	r3, r3
 1262 0172 DBB2     		uxtb	r3, r3
 1263 0174 1846     		mov	r0, r3
 1264 0176 FFF7FEFF 		bl	I2C_1_MasterWriteByte
 386:main.c        ****         I2C_1_MasterWriteByte(rawAngle & 0xff);
 1265              		.loc 1 386 0 discriminator 3
 1266 017a 1A4B     		ldr	r3, .L12
 1267 017c 1B88     		ldrh	r3, [r3]
 1268 017e DBB2     		uxtb	r3, r3
 1269 0180 1846     		mov	r0, r3
 1270 0182 FFF7FEFF 		bl	I2C_1_MasterWriteByte
 387:main.c        ****         I2C_1_MasterWriteByte((rawAngle+700) >> 8);
 1271              		.loc 1 387 0 discriminator 3
 1272 0186 174B     		ldr	r3, .L12
 1273 0188 1B88     		ldrh	r3, [r3]
 1274 018a 03F52F73 		add	r3, r3, #700
 1275 018e 1B12     		asrs	r3, r3, #8
 1276 0190 DBB2     		uxtb	r3, r3
 1277 0192 1846     		mov	r0, r3
 1278 0194 FFF7FEFF 		bl	I2C_1_MasterWriteByte
 388:main.c        ****         I2C_1_MasterWriteByte((rawAngle+700) & 0xff);
 1279              		.loc 1 388 0 discriminator 3
 1280 0198 124B     		ldr	r3, .L12
 1281 019a 1B88     		ldrh	r3, [r3]
 1282 019c DBB2     		uxtb	r3, r3
 1283 019e 443B     		subs	r3, r3, #68
 1284 01a0 DBB2     		uxtb	r3, r3
 1285 01a2 1846     		mov	r0, r3
 1286 01a4 FFF7FEFF 		bl	I2C_1_MasterWriteByte
 389:main.c        ****         I2C_1_MasterSendStop(); 
 1287              		.loc 1 389 0 discriminator 3
 1288 01a8 FFF7FEFF 		bl	I2C_1_MasterSendStop
 390:main.c        ****         
 391:main.c        ****         CyDelay(2);
 1289              		.loc 1 391 0 discriminator 3
 1290 01ac 0220     		movs	r0, #2
 1291 01ae FFF7FEFF 		bl	CyDelay
 392:main.c        **** 
 393:main.c        ****         I2C_1_MasterSendStart(0x36, 0); 
 1292              		.loc 1 393 0 discriminator 3
 1293 01b2 0021     		movs	r1, #0
 1294 01b4 3620     		movs	r0, #54
 1295 01b6 FFF7FEFF 		bl	I2C_1_MasterSendStart
 394:main.c        ****         I2C_1_MasterWriteByte(0xff);
 1296              		.loc 1 394 0 discriminator 3
 1297 01ba FF20     		movs	r0, #255
 1298 01bc FFF7FEFF 		bl	I2C_1_MasterWriteByte
ARM GAS  C:\Users\ggg88\AppData\Local\Temp\ccfc1YkT.s 			page 31


 395:main.c        ****         I2C_1_MasterWriteByte(0x80);
 1299              		.loc 1 395 0 discriminator 3
 1300 01c0 8020     		movs	r0, #128
 1301 01c2 FFF7FEFF 		bl	I2C_1_MasterWriteByte
 396:main.c        ****         I2C_1_MasterSendStop(); 
 1302              		.loc 1 396 0 discriminator 3
 1303 01c6 FFF7FEFF 		bl	I2C_1_MasterSendStop
 397:main.c        ****        CyDelay(2);
 1304              		.loc 1 397 0 discriminator 3
 1305 01ca 0220     		movs	r0, #2
 1306 01cc FFF7FEFF 		bl	CyDelay
 365:main.c        ****     {
 1307              		.loc 1 365 0 discriminator 3
 1308 01d0 3B68     		ldr	r3, [r7]
 1309 01d2 0133     		adds	r3, r3, #1
 1310 01d4 3B60     		str	r3, [r7]
 1311              	.L10:
 365:main.c        ****     {
 1312              		.loc 1 365 0 is_stmt 0 discriminator 1
 1313 01d6 3B68     		ldr	r3, [r7]
 1314 01d8 032B     		cmp	r3, #3
 1315 01da 8CDD     		ble	.L11
 1316              	.LBE3:
 398:main.c        ****     }
 399:main.c        **** }
 1317              		.loc 1 399 0 is_stmt 1
 1318 01dc 00BF     		nop
 1319 01de 0837     		adds	r7, r7, #8
 1320              		.cfi_def_cfa_offset 8
 1321 01e0 BD46     		mov	sp, r7
 1322              		.cfi_def_cfa_register 13
 1323              		@ sp needed
 1324 01e2 80BD     		pop	{r7, pc}
 1325              	.L13:
 1326              		.align	2
 1327              	.L12:
 1328 01e4 00000000 		.word	rawAngle
 1329              		.cfi_endproc
 1330              	.LFE66:
 1331              		.size	burnInitialPedalZeroPositions, .-burnInitialPedalZeroPositions
 1332              		.global	__aeabi_ui2f
 1333              		.global	__aeabi_f2uiz
 1334              		.section	.text.calculatePedalRatios,"ax",%progbits
 1335              		.align	2
 1336              		.global	calculatePedalRatios
 1337              		.thumb
 1338              		.thumb_func
 1339              		.type	calculatePedalRatios, %function
 1340              	calculatePedalRatios:
 1341              	.LFB67:
 400:main.c        **** 
 401:main.c        **** void calculatePedalRatios(void)
 402:main.c        **** {
 1342              		.loc 1 402 0
 1343              		.cfi_startproc
 1344              		@ args = 0, pretend = 0, frame = 16
 1345              		@ frame_needed = 1, uses_anonymous_args = 0
ARM GAS  C:\Users\ggg88\AppData\Local\Temp\ccfc1YkT.s 			page 32


 1346 0000 90B5     		push	{r4, r7, lr}
 1347              		.cfi_def_cfa_offset 12
 1348              		.cfi_offset 4, -12
 1349              		.cfi_offset 7, -8
 1350              		.cfi_offset 14, -4
 1351 0002 85B0     		sub	sp, sp, #20
 1352              		.cfi_def_cfa_offset 32
 1353 0004 00AF     		add	r7, sp, #0
 1354              		.cfi_def_cfa_register 7
 1355              	.LBB4:
 403:main.c        ****     //add deadzones on edges of pedal sensing
 404:main.c        ****     for (int i = 0; i < NUM_PEDALS; i++)
 1356              		.loc 1 404 0
 1357 0006 0023     		movs	r3, #0
 1358 0008 FB60     		str	r3, [r7, #12]
 1359 000a 6EE0     		b	.L15
 1360              	.L16:
 1361              	.LBB5:
 405:main.c        ****     {
 406:main.c        **** 
 407:main.c        ****         float pedalDiff =(float)pedals_high[i] - (float)pedals_low[i]; //temporary diff to calculat
 1362              		.loc 1 407 0 discriminator 3
 1363 000c 3A4A     		ldr	r2, .L17
 1364 000e FB68     		ldr	r3, [r7, #12]
 1365 0010 32F81330 		ldrh	r3, [r2, r3, lsl #1]
 1366 0014 1846     		mov	r0, r3
 1367 0016 FFF7FEFF 		bl	__aeabi_ui2f
 1368 001a 0446     		mov	r4, r0
 1369 001c 374A     		ldr	r2, .L17+4
 1370 001e FB68     		ldr	r3, [r7, #12]
 1371 0020 32F81330 		ldrh	r3, [r2, r3, lsl #1]
 1372 0024 1846     		mov	r0, r3
 1373 0026 FFF7FEFF 		bl	__aeabi_ui2f
 1374 002a 0346     		mov	r3, r0
 1375 002c 1946     		mov	r1, r3
 1376 002e 2046     		mov	r0, r4
 1377 0030 FFF7FEFF 		bl	__aeabi_fsub
 1378 0034 0346     		mov	r3, r0
 1379 0036 BB60     		str	r3, [r7, #8]	@ float
 408:main.c        ****         float deadZoneFloat = ((float)deadZone) * 0.002f * pedalDiff;
 1380              		.loc 1 408 0 discriminator 3
 1381 0038 314B     		ldr	r3, .L17+8
 1382 003a 1B78     		ldrb	r3, [r3]	@ zero_extendqisi2
 1383 003c 1846     		mov	r0, r3
 1384 003e FFF7FEFF 		bl	__aeabi_ui2f
 1385 0042 0346     		mov	r3, r0
 1386 0044 2F49     		ldr	r1, .L17+12
 1387 0046 1846     		mov	r0, r3
 1388 0048 FFF7FEFF 		bl	__aeabi_fmul
 1389 004c 0346     		mov	r3, r0
 1390 004e B968     		ldr	r1, [r7, #8]	@ float
 1391 0050 1846     		mov	r0, r3
 1392 0052 FFF7FEFF 		bl	__aeabi_fmul
 1393 0056 0346     		mov	r3, r0
 1394 0058 7B60     		str	r3, [r7, #4]	@ float
 409:main.c        ****         pedals_lowWithDeadZone[i] = (float)pedals_low[i] + deadZoneFloat;
 1395              		.loc 1 409 0 discriminator 3
ARM GAS  C:\Users\ggg88\AppData\Local\Temp\ccfc1YkT.s 			page 33


 1396 005a 284A     		ldr	r2, .L17+4
 1397 005c FB68     		ldr	r3, [r7, #12]
 1398 005e 32F81330 		ldrh	r3, [r2, r3, lsl #1]
 1399 0062 1846     		mov	r0, r3
 1400 0064 FFF7FEFF 		bl	__aeabi_ui2f
 1401 0068 0346     		mov	r3, r0
 1402 006a 7968     		ldr	r1, [r7, #4]	@ float
 1403 006c 1846     		mov	r0, r3
 1404 006e FFF7FEFF 		bl	__aeabi_fadd
 1405 0072 0346     		mov	r3, r0
 1406 0074 1846     		mov	r0, r3
 1407 0076 FFF7FEFF 		bl	__aeabi_f2uiz
 1408 007a 0346     		mov	r3, r0
 1409 007c 99B2     		uxth	r1, r3
 1410 007e 224A     		ldr	r2, .L17+16
 1411 0080 FB68     		ldr	r3, [r7, #12]
 1412 0082 22F81310 		strh	r1, [r2, r3, lsl #1]	@ movhi
 410:main.c        ****         pedals_highWithDeadZone[i] = (float)pedals_high[i] - deadZoneFloat;
 1413              		.loc 1 410 0 discriminator 3
 1414 0086 1C4A     		ldr	r2, .L17
 1415 0088 FB68     		ldr	r3, [r7, #12]
 1416 008a 32F81330 		ldrh	r3, [r2, r3, lsl #1]
 1417 008e 1846     		mov	r0, r3
 1418 0090 FFF7FEFF 		bl	__aeabi_ui2f
 1419 0094 0346     		mov	r3, r0
 1420 0096 7968     		ldr	r1, [r7, #4]	@ float
 1421 0098 1846     		mov	r0, r3
 1422 009a FFF7FEFF 		bl	__aeabi_fsub
 1423 009e 0346     		mov	r3, r0
 1424 00a0 1846     		mov	r0, r3
 1425 00a2 FFF7FEFF 		bl	__aeabi_f2uiz
 1426 00a6 0346     		mov	r3, r0
 1427 00a8 99B2     		uxth	r1, r3
 1428 00aa 184A     		ldr	r2, .L17+20
 1429 00ac FB68     		ldr	r3, [r7, #12]
 1430 00ae 22F81310 		strh	r1, [r2, r3, lsl #1]	@ movhi
 411:main.c        ****         pedalDiff = pedals_highWithDeadZone[i] - pedals_lowWithDeadZone[i]; //final diff to calcula
 1431              		.loc 1 411 0 discriminator 3
 1432 00b2 164A     		ldr	r2, .L17+20
 1433 00b4 FB68     		ldr	r3, [r7, #12]
 1434 00b6 32F81330 		ldrh	r3, [r2, r3, lsl #1]
 1435 00ba 1946     		mov	r1, r3
 1436 00bc 124A     		ldr	r2, .L17+16
 1437 00be FB68     		ldr	r3, [r7, #12]
 1438 00c0 32F81330 		ldrh	r3, [r2, r3, lsl #1]
 1439 00c4 CB1A     		subs	r3, r1, r3
 1440 00c6 1846     		mov	r0, r3
 1441 00c8 FFF7FEFF 		bl	__aeabi_i2f
 1442 00cc 0346     		mov	r3, r0
 1443 00ce BB60     		str	r3, [r7, #8]	@ float
 412:main.c        ****         pedalRatios[i] = 4095.0f / pedalDiff;
 1444              		.loc 1 412 0 discriminator 3
 1445 00d0 B968     		ldr	r1, [r7, #8]	@ float
 1446 00d2 0F48     		ldr	r0, .L17+24
 1447 00d4 FFF7FEFF 		bl	__aeabi_fdiv
 1448 00d8 0346     		mov	r3, r0
 1449 00da 1946     		mov	r1, r3
ARM GAS  C:\Users\ggg88\AppData\Local\Temp\ccfc1YkT.s 			page 34


 1450 00dc 0D4A     		ldr	r2, .L17+28
 1451 00de FB68     		ldr	r3, [r7, #12]
 1452 00e0 42F82310 		str	r1, [r2, r3, lsl #2]	@ float
 1453              	.LBE5:
 404:main.c        ****     {
 1454              		.loc 1 404 0 discriminator 3
 1455 00e4 FB68     		ldr	r3, [r7, #12]
 1456 00e6 0133     		adds	r3, r3, #1
 1457 00e8 FB60     		str	r3, [r7, #12]
 1458              	.L15:
 404:main.c        ****     {
 1459              		.loc 1 404 0 is_stmt 0 discriminator 1
 1460 00ea FB68     		ldr	r3, [r7, #12]
 1461 00ec 092B     		cmp	r3, #9
 1462 00ee 8DDD     		ble	.L16
 1463              	.LBE4:
 413:main.c        ****     }
 414:main.c        **** }
 1464              		.loc 1 414 0 is_stmt 1
 1465 00f0 00BF     		nop
 1466 00f2 1437     		adds	r7, r7, #20
 1467              		.cfi_def_cfa_offset 12
 1468 00f4 BD46     		mov	sp, r7
 1469              		.cfi_def_cfa_register 13
 1470              		@ sp needed
 1471 00f6 90BD     		pop	{r4, r7, pc}
 1472              	.L18:
 1473              		.align	2
 1474              	.L17:
 1475 00f8 00000000 		.word	pedals_high
 1476 00fc 00000000 		.word	pedals_low
 1477 0100 00000000 		.word	deadZone
 1478 0104 6F12033B 		.word	990057071
 1479 0108 00000000 		.word	pedals_lowWithDeadZone
 1480 010c 00000000 		.word	pedals_highWithDeadZone
 1481 0110 00F07F45 		.word	1166012416
 1482 0114 00000000 		.word	pedalRatios
 1483              		.cfi_endproc
 1484              	.LFE67:
 1485              		.size	calculatePedalRatios, .-calculatePedalRatios
 1486              		.global	__aeabi_fcmpeq
 1487              		.section	.text.calculateStringRepDivider,"ax",%progbits
 1488              		.align	2
 1489              		.global	calculateStringRepDivider
 1490              		.thumb
 1491              		.thumb_func
 1492              		.type	calculateStringRepDivider, %function
 1493              	calculateStringRepDivider:
 1494              	.LFB68:
 415:main.c        **** void calculateStringRepDivider(void)
 416:main.c        **** {
 1495              		.loc 1 416 0
 1496              		.cfi_startproc
 1497              		@ args = 0, pretend = 0, frame = 0
 1498              		@ frame_needed = 1, uses_anonymous_args = 0
 1499 0000 80B5     		push	{r7, lr}
 1500              		.cfi_def_cfa_offset 8
ARM GAS  C:\Users\ggg88\AppData\Local\Temp\ccfc1YkT.s 			page 35


 1501              		.cfi_offset 7, -8
 1502              		.cfi_offset 14, -4
 1503 0002 00AF     		add	r7, sp, #0
 1504              		.cfi_def_cfa_register 7
 417:main.c        ****     stringRepDivider = (stringRepresentation[1] - stringRepresentation[0]);
 1505              		.loc 1 417 0
 1506 0004 1C4B     		ldr	r3, .L25
 1507 0006 5B78     		ldrb	r3, [r3, #1]	@ zero_extendqisi2
 1508 0008 1A46     		mov	r2, r3
 1509 000a 1B4B     		ldr	r3, .L25
 1510 000c 1B78     		ldrb	r3, [r3]	@ zero_extendqisi2
 1511 000e D31A     		subs	r3, r2, r3
 1512 0010 1846     		mov	r0, r3
 1513 0012 FFF7FEFF 		bl	__aeabi_i2f
 1514 0016 0246     		mov	r2, r0
 1515 0018 184B     		ldr	r3, .L25+4
 1516 001a 1A60     		str	r2, [r3]	@ float
 418:main.c        ****     if (stringRepDivider == 0.0f)
 1517              		.loc 1 418 0
 1518 001c 174B     		ldr	r3, .L25+4
 1519 001e 1B68     		ldr	r3, [r3]	@ float
 1520 0020 4FF00001 		mov	r1, #0
 1521 0024 1846     		mov	r0, r3
 1522 0026 FFF7FEFF 		bl	__aeabi_fcmpeq
 1523 002a 0346     		mov	r3, r0
 1524 002c 002B     		cmp	r3, #0
 1525 002e 11D0     		beq	.L20
 419:main.c        ****     {
 420:main.c        ****         stringRepresentation[0] = 2;
 1526              		.loc 1 420 0
 1527 0030 114B     		ldr	r3, .L25
 1528 0032 0222     		movs	r2, #2
 1529 0034 1A70     		strb	r2, [r3]
 421:main.c        ****         stringRepresentation[1] = 7;
 1530              		.loc 1 421 0
 1531 0036 104B     		ldr	r3, .L25
 1532 0038 0722     		movs	r2, #7
 1533 003a 5A70     		strb	r2, [r3, #1]
 422:main.c        ****         stringRepDivider = (stringRepresentation[1] - stringRepresentation[0]);
 1534              		.loc 1 422 0
 1535 003c 0E4B     		ldr	r3, .L25
 1536 003e 5B78     		ldrb	r3, [r3, #1]	@ zero_extendqisi2
 1537 0040 1A46     		mov	r2, r3
 1538 0042 0D4B     		ldr	r3, .L25
 1539 0044 1B78     		ldrb	r3, [r3]	@ zero_extendqisi2
 1540 0046 D31A     		subs	r3, r2, r3
 1541 0048 1846     		mov	r0, r3
 1542 004a FFF7FEFF 		bl	__aeabi_i2f
 1543 004e 0246     		mov	r2, r0
 1544 0050 0A4B     		ldr	r3, .L25+4
 1545 0052 1A60     		str	r2, [r3]	@ float
 1546              	.L20:
 423:main.c        ****     }
 424:main.c        ****     if (!sliderBugOn)
 1547              		.loc 1 424 0
 1548 0054 0A4B     		ldr	r3, .L25+8
 1549 0056 1B78     		ldrb	r3, [r3]	@ zero_extendqisi2
ARM GAS  C:\Users\ggg88\AppData\Local\Temp\ccfc1YkT.s 			page 36


 1550 0058 002B     		cmp	r3, #0
 1551 005a 0AD1     		bne	.L24
 425:main.c        ****     {
 426:main.c        ****         stringRepDivider = (1.0f / stringRepDivider);
 1552              		.loc 1 426 0
 1553 005c 074B     		ldr	r3, .L25+4
 1554 005e 1B68     		ldr	r3, [r3]	@ float
 1555 0060 1946     		mov	r1, r3
 1556 0062 4FF07E50 		mov	r0, #1065353216
 1557 0066 FFF7FEFF 		bl	__aeabi_fdiv
 1558 006a 0346     		mov	r3, r0
 1559 006c 1A46     		mov	r2, r3
 1560 006e 034B     		ldr	r3, .L25+4
 1561 0070 1A60     		str	r2, [r3]	@ float
 1562              	.L24:
 427:main.c        ****     }
 428:main.c        **** }
 1563              		.loc 1 428 0
 1564 0072 00BF     		nop
 1565 0074 80BD     		pop	{r7, pc}
 1566              	.L26:
 1567 0076 00BF     		.align	2
 1568              	.L25:
 1569 0078 00000000 		.word	stringRepresentation
 1570 007c 00000000 		.word	stringRepDivider
 1571 0080 00000000 		.word	sliderBugOn
 1572              		.cfi_endproc
 1573              	.LFE68:
 1574              		.size	calculateStringRepDivider, .-calculateStringRepDivider
 1575              		.section	.text.unsafeFtom,"ax",%progbits
 1576              		.align	2
 1577              		.global	unsafeFtom
 1578              		.thumb
 1579              		.thumb_func
 1580              		.type	unsafeFtom, %function
 1581              	unsafeFtom:
 1582              	.LFB69:
 429:main.c        **** 
 430:main.c        **** float unsafeFtom(float f)
 431:main.c        **** {
 1583              		.loc 1 431 0
 1584              		.cfi_startproc
 1585              		@ args = 0, pretend = 0, frame = 8
 1586              		@ frame_needed = 1, uses_anonymous_args = 0
 1587 0000 80B5     		push	{r7, lr}
 1588              		.cfi_def_cfa_offset 8
 1589              		.cfi_offset 7, -8
 1590              		.cfi_offset 14, -4
 1591 0002 82B0     		sub	sp, sp, #8
 1592              		.cfi_def_cfa_offset 16
 1593 0004 00AF     		add	r7, sp, #0
 1594              		.cfi_def_cfa_register 7
 1595 0006 7860     		str	r0, [r7, #4]	@ float
 432:main.c        ****     return (17.3123405046f * logf(.12231220585f * f));
 1596              		.loc 1 432 0
 1597 0008 0849     		ldr	r1, .L29
 1598 000a 7868     		ldr	r0, [r7, #4]	@ float
ARM GAS  C:\Users\ggg88\AppData\Local\Temp\ccfc1YkT.s 			page 37


 1599 000c FFF7FEFF 		bl	__aeabi_fmul
 1600 0010 0346     		mov	r3, r0
 1601 0012 1846     		mov	r0, r3
 1602 0014 FFF7FEFF 		bl	logf
 1603 0018 0346     		mov	r3, r0
 1604 001a 0549     		ldr	r1, .L29+4
 1605 001c 1846     		mov	r0, r3
 1606 001e FFF7FEFF 		bl	__aeabi_fmul
 1607 0022 0346     		mov	r3, r0
 433:main.c        **** }
 1608              		.loc 1 433 0
 1609 0024 1846     		mov	r0, r3
 1610 0026 0837     		adds	r7, r7, #8
 1611              		.cfi_def_cfa_offset 8
 1612 0028 BD46     		mov	sp, r7
 1613              		.cfi_def_cfa_register 13
 1614              		@ sp needed
 1615 002a 80BD     		pop	{r7, pc}
 1616              	.L30:
 1617              		.align	2
 1618              	.L29:
 1619 002c D27EFA3D 		.word	1039826642
 1620 0030 AC7F8A41 		.word	1099595692
 1621              		.cfi_endproc
 1622              	.LFE69:
 1623              		.size	unsafeFtom, .-unsafeFtom
 1624              		.section	.text.restartSystemCheck,"ax",%progbits
 1625              		.align	2
 1626              		.global	restartSystemCheck
 1627              		.thumb
 1628              		.thumb_func
 1629              		.type	restartSystemCheck, %function
 1630              	restartSystemCheck:
 1631              	.LFB70:
 434:main.c        **** 
 435:main.c        **** 
 436:main.c        **** //a check for when a usb cable is plugged in and it needs to restart only once
 437:main.c        **** void restartSystemCheck()
 438:main.c        **** {
 1632              		.loc 1 438 0
 1633              		.cfi_startproc
 1634              		@ args = 0, pretend = 0, frame = 0
 1635              		@ frame_needed = 1, uses_anonymous_args = 0
 1636 0000 80B5     		push	{r7, lr}
 1637              		.cfi_def_cfa_offset 8
 1638              		.cfi_offset 7, -8
 1639              		.cfi_offset 14, -4
 1640 0002 00AF     		add	r7, sp, #0
 1641              		.cfi_def_cfa_register 7
 439:main.c        ****     eepromReturnValue = Em_EEPROM_Read(0u, eepromArray, 2u);
 1642              		.loc 1 439 0
 1643 0004 184B     		ldr	r3, .L35
 1644 0006 0222     		movs	r2, #2
 1645 0008 1849     		ldr	r1, .L35+4
 1646 000a 0020     		movs	r0, #0
 1647 000c FFF7FEFF 		bl	Cy_Em_EEPROM_Read
 1648 0010 0346     		mov	r3, r0
ARM GAS  C:\Users\ggg88\AppData\Local\Temp\ccfc1YkT.s 			page 38


 1649 0012 1A46     		mov	r2, r3
 1650 0014 164B     		ldr	r3, .L35+8
 1651 0016 1A70     		strb	r2, [r3]
 440:main.c        ****     //only do the restart check if there is a USB cable plugged in (to avoid restarting while tryin
 441:main.c        ****     if (USB_VBusPresent() == 1)
 1652              		.loc 1 441 0
 1653 0018 FFF7FEFF 		bl	USB_VBusPresent
 1654 001c 0346     		mov	r3, r0
 1655 001e 012B     		cmp	r3, #1
 1656 0020 20D1     		bne	.L34
 442:main.c        ****     {
 443:main.c        ****         if (*(volatile uint8 *) &eepromArray[0] == 1u)
 1657              		.loc 1 443 0
 1658 0022 124B     		ldr	r3, .L35+4
 1659 0024 1B78     		ldrb	r3, [r3]
 1660 0026 DBB2     		uxtb	r3, r3
 1661 0028 012B     		cmp	r3, #1
 1662 002a 0CD1     		bne	.L33
 444:main.c        ****         {
 445:main.c        ****             //a flag says we just restarted
 446:main.c        ****             //write a zero so it knows next time that it's OK to restart
 447:main.c        ****             array[0] = 0;
 1663              		.loc 1 447 0
 1664 002c 114B     		ldr	r3, .L35+12
 1665 002e 0022     		movs	r2, #0
 1666 0030 1A70     		strb	r2, [r3]
 448:main.c        ****             Em_EEPROM_Write(0u,array,2u);     
 1667              		.loc 1 448 0
 1668 0032 0D4B     		ldr	r3, .L35
 1669 0034 0222     		movs	r2, #2
 1670 0036 0F49     		ldr	r1, .L35+12
 1671 0038 0020     		movs	r0, #0
 1672 003a FFF7FEFF 		bl	Cy_Em_EEPROM_Write
 449:main.c        ****             USB_check_flag = 1;
 1673              		.loc 1 449 0
 1674 003e 0E4B     		ldr	r3, .L35+16
 1675 0040 0122     		movs	r2, #1
 1676 0042 1A70     		strb	r2, [r3]
 450:main.c        ****         }
 451:main.c        ****         else
 452:main.c        ****         {
 453:main.c        ****            //otherwise, we need to restart
 454:main.c        ****            array[0] = 1;
 455:main.c        ****            Em_EEPROM_Write(0u,array,2u);  
 456:main.c        ****             USB_Stop();
 457:main.c        ****             I2C_1_Stop();
 458:main.c        ****             CySoftwareReset();
 459:main.c        ****         }
 460:main.c        ****     }
 461:main.c        **** }
 1677              		.loc 1 461 0
 1678 0044 0EE0     		b	.L34
 1679              	.L33:
 454:main.c        ****            Em_EEPROM_Write(0u,array,2u);  
 1680              		.loc 1 454 0
 1681 0046 0B4B     		ldr	r3, .L35+12
 1682 0048 0122     		movs	r2, #1
ARM GAS  C:\Users\ggg88\AppData\Local\Temp\ccfc1YkT.s 			page 39


 1683 004a 1A70     		strb	r2, [r3]
 455:main.c        ****             USB_Stop();
 1684              		.loc 1 455 0
 1685 004c 064B     		ldr	r3, .L35
 1686 004e 0222     		movs	r2, #2
 1687 0050 0849     		ldr	r1, .L35+12
 1688 0052 0020     		movs	r0, #0
 1689 0054 FFF7FEFF 		bl	Cy_Em_EEPROM_Write
 456:main.c        ****             I2C_1_Stop();
 1690              		.loc 1 456 0
 1691 0058 FFF7FEFF 		bl	USB_Stop
 457:main.c        ****             CySoftwareReset();
 1692              		.loc 1 457 0
 1693 005c FFF7FEFF 		bl	I2C_1_Stop
 458:main.c        ****         }
 1694              		.loc 1 458 0
 1695 0060 FFF7FEFF 		bl	CySoftwareReset
 1696              	.L34:
 1697              		.loc 1 461 0
 1698 0064 00BF     		nop
 1699 0066 80BD     		pop	{r7, pc}
 1700              	.L36:
 1701              		.align	2
 1702              	.L35:
 1703 0068 00000000 		.word	Em_EEPROM_context
 1704 006c 88000000 		.word	eepromArray
 1705 0070 00000000 		.word	eepromReturnValue
 1706 0074 00000000 		.word	array
 1707 0078 00000000 		.word	USB_check_flag
 1708              		.cfi_endproc
 1709              	.LFE70:
 1710              		.size	restartSystemCheck, .-restartSystemCheck
 1711              		.section	.text.Vbus_function,"ax",%progbits
 1712              		.align	2
 1713              		.global	Vbus_function
 1714              		.thumb
 1715              		.thumb_func
 1716              		.type	Vbus_function, %function
 1717              	Vbus_function:
 1718              	.LFB71:
 462:main.c        **** 
 463:main.c        **** //ISRs
 464:main.c        **** 
 465:main.c        **** //this ISR should happen when a USB cable is plugged in or unplugged.
 466:main.c        **** CY_ISR(Vbus_function)
 467:main.c        **** {
 1719              		.loc 1 467 0
 1720              		.cfi_startproc
 1721              		@ args = 0, pretend = 0, frame = 0
 1722              		@ frame_needed = 1, uses_anonymous_args = 0
 1723 0000 80B5     		push	{r7, lr}
 1724              		.cfi_def_cfa_offset 8
 1725              		.cfi_offset 7, -8
 1726              		.cfi_offset 14, -4
 1727 0002 00AF     		add	r7, sp, #0
 1728              		.cfi_def_cfa_register 7
 468:main.c        ****     //plug or unplug event
ARM GAS  C:\Users\ggg88\AppData\Local\Temp\ccfc1YkT.s 			page 40


 469:main.c        ****     //check if eeprom has a flag saying you just restarted. If so, don't restart again
 470:main.c        ****     //otherwise, restart
 471:main.c        ****     my_Vbus_ISR_ClearPending();
 1729              		.loc 1 471 0
 1730 0004 FFF7FEFF 		bl	my_Vbus_ISR_ClearPending
 472:main.c        ****     vBusPin_ClearInterrupt();
 1731              		.loc 1 472 0
 1732 0008 FFF7FEFF 		bl	vBusPin_ClearInterrupt
 473:main.c        ****     restartSystemCheck();
 1733              		.loc 1 473 0
 1734 000c FFF7FEFF 		bl	restartSystemCheck
 474:main.c        **** 
 475:main.c        **** }
 1735              		.loc 1 475 0
 1736 0010 00BF     		nop
 1737 0012 80BD     		pop	{r7, pc}
 1738              		.cfi_endproc
 1739              	.LFE71:
 1740              		.size	Vbus_function, .-Vbus_function
 1741              		.section	.text.spis_2_ss,"ax",%progbits
 1742              		.align	2
 1743              		.global	spis_2_ss
 1744              		.thumb
 1745              		.thumb_func
 1746              		.type	spis_2_ss, %function
 1747              	spis_2_ss:
 1748              	.LFB72:
 476:main.c        **** 
 477:main.c        **** //This one happens when the Bar slider buffer gets filled by SPI
 478:main.c        **** CY_ISR(spis_2_ss)
 479:main.c        **** {
 1749              		.loc 1 479 0
 1750              		.cfi_startproc
 1751              		@ args = 0, pretend = 0, frame = 0
 1752              		@ frame_needed = 1, uses_anonymous_args = 0
 1753 0000 80B5     		push	{r7, lr}
 1754              		.cfi_def_cfa_offset 8
 1755              		.cfi_offset 7, -8
 1756              		.cfi_offset 14, -4
 1757 0002 00AF     		add	r7, sp, #0
 1758              		.cfi_def_cfa_register 7
 480:main.c        **** 
 481:main.c        ****     currentBarBuffer = !currentBarBuffer;
 1759              		.loc 1 481 0
 1760 0004 214B     		ldr	r3, .L39
 1761 0006 1B78     		ldrb	r3, [r3]
 1762 0008 DBB2     		uxtb	r3, r3
 1763 000a 002B     		cmp	r3, #0
 1764 000c 0CBF     		ite	eq
 1765 000e 0123     		moveq	r3, #1
 1766 0010 0023     		movne	r3, #0
 1767 0012 DBB2     		uxtb	r3, r3
 1768 0014 1A46     		mov	r2, r3
 1769 0016 1D4B     		ldr	r3, .L39
 1770 0018 1A70     		strb	r2, [r3]
 482:main.c        ****     SPIS_2_ClearRxBuffer();
 1771              		.loc 1 482 0
ARM GAS  C:\Users\ggg88\AppData\Local\Temp\ccfc1YkT.s 			page 41


 1772 001a FFF7FEFF 		bl	SPIS_2_ClearRxBuffer
 483:main.c        ****     CyDmaClearPendingDrq(rx2Channel);
 1773              		.loc 1 483 0
 1774 001e 1C4B     		ldr	r3, .L39+4
 1775 0020 1B78     		ldrb	r3, [r3]	@ zero_extendqisi2
 1776 0022 1846     		mov	r0, r3
 1777 0024 FFF7FEFF 		bl	CyDmaClearPendingDrq
 484:main.c        **** 
 485:main.c        ****     //set up the next DMA transaction
 486:main.c        ****     CyDmaTdSetConfiguration(rx2TD[currentBarBuffer], BAR_BUFFER_SIZE, DMA_DISABLE_TD, TD_INC_DST_AD
 1778              		.loc 1 486 0
 1779 0028 184B     		ldr	r3, .L39
 1780 002a 1B78     		ldrb	r3, [r3]
 1781 002c DBB2     		uxtb	r3, r3
 1782 002e 1A46     		mov	r2, r3
 1783 0030 184B     		ldr	r3, .L39+8
 1784 0032 985C     		ldrb	r0, [r3, r2]	@ zero_extendqisi2
 1785 0034 0223     		movs	r3, #2
 1786 0036 FE22     		movs	r2, #254
 1787 0038 0821     		movs	r1, #8
 1788 003a FFF7FEFF 		bl	CyDmaTdSetConfiguration
 487:main.c        ****     CyDmaTdSetAddress(rx2TD[currentBarBuffer], LO16((uint32) SPIS_2_RXDATA_PTR), LO16((uint32) rxBu
 1789              		.loc 1 487 0
 1790 003e 134B     		ldr	r3, .L39
 1791 0040 1B78     		ldrb	r3, [r3]
 1792 0042 DBB2     		uxtb	r3, r3
 1793 0044 1A46     		mov	r2, r3
 1794 0046 134B     		ldr	r3, .L39+8
 1795 0048 985C     		ldrb	r0, [r3, r2]	@ zero_extendqisi2
 1796 004a 104B     		ldr	r3, .L39
 1797 004c 1B78     		ldrb	r3, [r3]
 1798 004e DBB2     		uxtb	r3, r3
 1799 0050 DB00     		lsls	r3, r3, #3
 1800 0052 114A     		ldr	r2, .L39+12
 1801 0054 1344     		add	r3, r3, r2
 1802 0056 9BB2     		uxth	r3, r3
 1803 0058 1A46     		mov	r2, r3
 1804 005a 46F25551 		movw	r1, #25941
 1805 005e FFF7FEFF 		bl	CyDmaTdSetAddress
 488:main.c        ****     CyDmaChSetInitialTd(rx2Channel, rx2TD[currentBarBuffer]);
 1806              		.loc 1 488 0
 1807 0062 0B4B     		ldr	r3, .L39+4
 1808 0064 1A78     		ldrb	r2, [r3]	@ zero_extendqisi2
 1809 0066 094B     		ldr	r3, .L39
 1810 0068 1B78     		ldrb	r3, [r3]
 1811 006a DBB2     		uxtb	r3, r3
 1812 006c 1946     		mov	r1, r3
 1813 006e 094B     		ldr	r3, .L39+8
 1814 0070 5B5C     		ldrb	r3, [r3, r1]	@ zero_extendqisi2
 1815 0072 1946     		mov	r1, r3
 1816 0074 1046     		mov	r0, r2
 1817 0076 FFF7FEFF 		bl	CyDmaChSetInitialTd
 489:main.c        ****     CyDmaChEnable(rx2Channel, 1);
 1818              		.loc 1 489 0
 1819 007a 054B     		ldr	r3, .L39+4
 1820 007c 1B78     		ldrb	r3, [r3]	@ zero_extendqisi2
 1821 007e 0121     		movs	r1, #1
ARM GAS  C:\Users\ggg88\AppData\Local\Temp\ccfc1YkT.s 			page 42


 1822 0080 1846     		mov	r0, r3
 1823 0082 FFF7FEFF 		bl	CyDmaChEnable
 490:main.c        **** }
 1824              		.loc 1 490 0
 1825 0086 00BF     		nop
 1826 0088 80BD     		pop	{r7, pc}
 1827              	.L40:
 1828 008a 00BF     		.align	2
 1829              	.L39:
 1830 008c 00000000 		.word	currentBarBuffer
 1831 0090 00000000 		.word	rx2Channel
 1832 0094 00000000 		.word	rx2TD
 1833 0098 00000000 		.word	rxBufferBar
 1834              		.cfi_endproc
 1835              	.LFE72:
 1836              		.size	spis_2_ss, .-spis_2_ss
 1837              		.section	.text.spis_1_ss,"ax",%progbits
 1838              		.align	2
 1839              		.global	spis_1_ss
 1840              		.thumb
 1841              		.thumb_func
 1842              		.type	spis_1_ss, %function
 1843              	spis_1_ss:
 1844              	.LFB73:
 491:main.c        **** 
 492:main.c        **** CY_ISR(spis_1_ss)
 493:main.c        **** {
 1845              		.loc 1 493 0
 1846              		.cfi_startproc
 1847              		@ args = 0, pretend = 0, frame = 8
 1848              		@ frame_needed = 1, uses_anonymous_args = 0
 1849 0000 80B5     		push	{r7, lr}
 1850              		.cfi_def_cfa_offset 8
 1851              		.cfi_offset 7, -8
 1852              		.cfi_offset 14, -4
 1853 0002 82B0     		sub	sp, sp, #8
 1854              		.cfi_def_cfa_offset 16
 1855 0004 00AF     		add	r7, sp, #0
 1856              		.cfi_def_cfa_register 7
 494:main.c        ****     currentPluckBuffer = !currentPluckBuffer;
 1857              		.loc 1 494 0
 1858 0006 4F4B     		ldr	r3, .L45
 1859 0008 1B78     		ldrb	r3, [r3]
 1860 000a DBB2     		uxtb	r3, r3
 1861 000c 002B     		cmp	r3, #0
 1862 000e 0CBF     		ite	eq
 1863 0010 0123     		moveq	r3, #1
 1864 0012 0023     		movne	r3, #0
 1865 0014 DBB2     		uxtb	r3, r3
 1866 0016 1A46     		mov	r2, r3
 1867 0018 4A4B     		ldr	r3, .L45
 1868 001a 1A70     		strb	r2, [r3]
 495:main.c        **** 
 496:main.c        ****     if ((rxBufferPluck[!currentPluckBuffer][0] == 254) && (rxBufferPluck[!currentPluckBuffer][31] =
 1869              		.loc 1 496 0
 1870 001c 494B     		ldr	r3, .L45
 1871 001e 1B78     		ldrb	r3, [r3]
ARM GAS  C:\Users\ggg88\AppData\Local\Temp\ccfc1YkT.s 			page 43


 1872 0020 DBB2     		uxtb	r3, r3
 1873 0022 002B     		cmp	r3, #0
 1874 0024 0CBF     		ite	eq
 1875 0026 0123     		moveq	r3, #1
 1876 0028 0023     		movne	r3, #0
 1877 002a DBB2     		uxtb	r3, r3
 1878 002c 464A     		ldr	r2, .L45+4
 1879 002e 5B01     		lsls	r3, r3, #5
 1880 0030 1344     		add	r3, r3, r2
 1881 0032 1B78     		ldrb	r3, [r3]
 1882 0034 DBB2     		uxtb	r3, r3
 1883 0036 FE2B     		cmp	r3, #254
 1884 0038 49D1     		bne	.L42
 1885              		.loc 1 496 0 is_stmt 0 discriminator 1
 1886 003a 424B     		ldr	r3, .L45
 1887 003c 1B78     		ldrb	r3, [r3]
 1888 003e DBB2     		uxtb	r3, r3
 1889 0040 002B     		cmp	r3, #0
 1890 0042 0CBF     		ite	eq
 1891 0044 0123     		moveq	r3, #1
 1892 0046 0023     		movne	r3, #0
 1893 0048 DBB2     		uxtb	r3, r3
 1894 004a 3F4A     		ldr	r2, .L45+4
 1895 004c 5B01     		lsls	r3, r3, #5
 1896 004e 1344     		add	r3, r3, r2
 1897 0050 1F33     		adds	r3, r3, #31
 1898 0052 1B78     		ldrb	r3, [r3]
 1899 0054 DBB2     		uxtb	r3, r3
 1900 0056 FD2B     		cmp	r3, #253
 1901 0058 39D1     		bne	.L42
 1902              	.LBB6:
 497:main.c        ****     {
 498:main.c        ****         for (int i = 0 ; i < numStrings; i++)
 1903              		.loc 1 498 0 is_stmt 1
 1904 005a 0023     		movs	r3, #0
 1905 005c 7B60     		str	r3, [r7, #4]
 1906 005e 30E0     		b	.L43
 1907              	.L44:
 499:main.c        ****         {
 500:main.c        ****             strings[i] = ((rxBufferPluck[!currentPluckBuffer][(i*2)+1] << 8) + rxBufferPluck[!curre
 1908              		.loc 1 500 0 discriminator 3
 1909 0060 384B     		ldr	r3, .L45
 1910 0062 1B78     		ldrb	r3, [r3]
 1911 0064 DBB2     		uxtb	r3, r3
 1912 0066 002B     		cmp	r3, #0
 1913 0068 0CBF     		ite	eq
 1914 006a 0123     		moveq	r3, #1
 1915 006c 0023     		movne	r3, #0
 1916 006e DBB2     		uxtb	r3, r3
 1917 0070 1A46     		mov	r2, r3
 1918 0072 7B68     		ldr	r3, [r7, #4]
 1919 0074 5B00     		lsls	r3, r3, #1
 1920 0076 0133     		adds	r3, r3, #1
 1921 0078 3349     		ldr	r1, .L45+4
 1922 007a 5201     		lsls	r2, r2, #5
 1923 007c 0A44     		add	r2, r2, r1
 1924 007e 1344     		add	r3, r3, r2
ARM GAS  C:\Users\ggg88\AppData\Local\Temp\ccfc1YkT.s 			page 44


 1925 0080 1B78     		ldrb	r3, [r3]
 1926 0082 DBB2     		uxtb	r3, r3
 1927 0084 9BB2     		uxth	r3, r3
 1928 0086 1B02     		lsls	r3, r3, #8
 1929 0088 9AB2     		uxth	r2, r3
 1930 008a 2E4B     		ldr	r3, .L45
 1931 008c 1B78     		ldrb	r3, [r3]
 1932 008e DBB2     		uxtb	r3, r3
 1933 0090 002B     		cmp	r3, #0
 1934 0092 0CBF     		ite	eq
 1935 0094 0123     		moveq	r3, #1
 1936 0096 0023     		movne	r3, #0
 1937 0098 DBB2     		uxtb	r3, r3
 1938 009a 1946     		mov	r1, r3
 1939 009c 7B68     		ldr	r3, [r7, #4]
 1940 009e 0133     		adds	r3, r3, #1
 1941 00a0 5B00     		lsls	r3, r3, #1
 1942 00a2 2948     		ldr	r0, .L45+4
 1943 00a4 4901     		lsls	r1, r1, #5
 1944 00a6 0144     		add	r1, r1, r0
 1945 00a8 0B44     		add	r3, r3, r1
 1946 00aa 1B78     		ldrb	r3, [r3]
 1947 00ac DBB2     		uxtb	r3, r3
 1948 00ae 9BB2     		uxth	r3, r3
 1949 00b0 1344     		add	r3, r3, r2
 1950 00b2 99B2     		uxth	r1, r3
 1951 00b4 254A     		ldr	r2, .L45+8
 1952 00b6 7B68     		ldr	r3, [r7, #4]
 1953 00b8 22F81310 		strh	r1, [r2, r3, lsl #1]	@ movhi
 498:main.c        ****         {
 1954              		.loc 1 498 0 discriminator 3
 1955 00bc 7B68     		ldr	r3, [r7, #4]
 1956 00be 0133     		adds	r3, r3, #1
 1957 00c0 7B60     		str	r3, [r7, #4]
 1958              	.L43:
 498:main.c        ****         {
 1959              		.loc 1 498 0 is_stmt 0 discriminator 1
 1960 00c2 234B     		ldr	r3, .L45+12
 1961 00c4 1B78     		ldrb	r3, [r3]	@ zero_extendqisi2
 1962 00c6 1A46     		mov	r2, r3
 1963 00c8 7B68     		ldr	r3, [r7, #4]
 1964 00ca 9A42     		cmp	r2, r3
 1965 00cc C8DC     		bgt	.L44
 1966              	.L42:
 1967              	.LBE6:
 501:main.c        ****         }
 502:main.c        ****     }
 503:main.c        ****     SPIS_1_ClearRxBuffer();
 1968              		.loc 1 503 0 is_stmt 1
 1969 00ce FFF7FEFF 		bl	SPIS_1_ClearRxBuffer
 504:main.c        ****     CyDmaClearPendingDrq(rx1Channel);
 1970              		.loc 1 504 0
 1971 00d2 204B     		ldr	r3, .L45+16
 1972 00d4 1B78     		ldrb	r3, [r3]	@ zero_extendqisi2
 1973 00d6 1846     		mov	r0, r3
 1974 00d8 FFF7FEFF 		bl	CyDmaClearPendingDrq
 505:main.c        **** 
ARM GAS  C:\Users\ggg88\AppData\Local\Temp\ccfc1YkT.s 			page 45


 506:main.c        ****     //set up the next DMA transaction
 507:main.c        **** 
 508:main.c        ****     CyDmaTdSetConfiguration(rx1TD[currentPluckBuffer], PLUCK_BUFFER_SIZE, DMA_DISABLE_TD, TD_INC_DS
 1975              		.loc 1 508 0
 1976 00dc 194B     		ldr	r3, .L45
 1977 00de 1B78     		ldrb	r3, [r3]
 1978 00e0 DBB2     		uxtb	r3, r3
 1979 00e2 1A46     		mov	r2, r3
 1980 00e4 1C4B     		ldr	r3, .L45+20
 1981 00e6 985C     		ldrb	r0, [r3, r2]	@ zero_extendqisi2
 1982 00e8 0223     		movs	r3, #2
 1983 00ea FE22     		movs	r2, #254
 1984 00ec 2021     		movs	r1, #32
 1985 00ee FFF7FEFF 		bl	CyDmaTdSetConfiguration
 509:main.c        ****     CyDmaTdSetAddress(rx1TD[currentPluckBuffer], LO16((uint32) SPIS_1_RXDATA_PTR), LO16((uint32) rx
 1986              		.loc 1 509 0
 1987 00f2 144B     		ldr	r3, .L45
 1988 00f4 1B78     		ldrb	r3, [r3]
 1989 00f6 DBB2     		uxtb	r3, r3
 1990 00f8 1A46     		mov	r2, r3
 1991 00fa 174B     		ldr	r3, .L45+20
 1992 00fc 985C     		ldrb	r0, [r3, r2]	@ zero_extendqisi2
 1993 00fe 114B     		ldr	r3, .L45
 1994 0100 1B78     		ldrb	r3, [r3]
 1995 0102 DBB2     		uxtb	r3, r3
 1996 0104 5B01     		lsls	r3, r3, #5
 1997 0106 104A     		ldr	r2, .L45+4
 1998 0108 1344     		add	r3, r3, r2
 1999 010a 9BB2     		uxth	r3, r3
 2000 010c 1A46     		mov	r2, r3
 2001 010e 46F25741 		movw	r1, #25687
 2002 0112 FFF7FEFF 		bl	CyDmaTdSetAddress
 510:main.c        ****     CyDmaChSetInitialTd(rx1Channel, rx1TD[currentPluckBuffer]);
 2003              		.loc 1 510 0
 2004 0116 0F4B     		ldr	r3, .L45+16
 2005 0118 1A78     		ldrb	r2, [r3]	@ zero_extendqisi2
 2006 011a 0A4B     		ldr	r3, .L45
 2007 011c 1B78     		ldrb	r3, [r3]
 2008 011e DBB2     		uxtb	r3, r3
 2009 0120 1946     		mov	r1, r3
 2010 0122 0D4B     		ldr	r3, .L45+20
 2011 0124 5B5C     		ldrb	r3, [r3, r1]	@ zero_extendqisi2
 2012 0126 1946     		mov	r1, r3
 2013 0128 1046     		mov	r0, r2
 2014 012a FFF7FEFF 		bl	CyDmaChSetInitialTd
 511:main.c        ****     CyDmaChEnable(rx1Channel, 1);
 2015              		.loc 1 511 0
 2016 012e 094B     		ldr	r3, .L45+16
 2017 0130 1B78     		ldrb	r3, [r3]	@ zero_extendqisi2
 2018 0132 0121     		movs	r1, #1
 2019 0134 1846     		mov	r0, r3
 2020 0136 FFF7FEFF 		bl	CyDmaChEnable
 512:main.c        **** 
 513:main.c        **** }
 2021              		.loc 1 513 0
 2022 013a 00BF     		nop
 2023 013c 0837     		adds	r7, r7, #8
ARM GAS  C:\Users\ggg88\AppData\Local\Temp\ccfc1YkT.s 			page 46


 2024              		.cfi_def_cfa_offset 8
 2025 013e BD46     		mov	sp, r7
 2026              		.cfi_def_cfa_register 13
 2027              		@ sp needed
 2028 0140 80BD     		pop	{r7, pc}
 2029              	.L46:
 2030 0142 00BF     		.align	2
 2031              	.L45:
 2032 0144 00000000 		.word	currentPluckBuffer
 2033 0148 00000000 		.word	rxBufferPluck
 2034 014c 00000000 		.word	strings
 2035 0150 00000000 		.word	numStrings
 2036 0154 00000000 		.word	rx1Channel
 2037 0158 00000000 		.word	rx1TD
 2038              		.cfi_endproc
 2039              	.LFE73:
 2040              		.size	spis_1_ss, .-spis_1_ss
 2041              		.section	.text.loadEEPROMdefaults,"ax",%progbits
 2042              		.align	2
 2043              		.global	loadEEPROMdefaults
 2044              		.thumb
 2045              		.thumb_func
 2046              		.type	loadEEPROMdefaults, %function
 2047              	loadEEPROMdefaults:
 2048              	.LFB74:
 514:main.c        **** 
 515:main.c        **** void loadEEPROMdefaults(void)
 516:main.c        **** {
 2049              		.loc 1 516 0
 2050              		.cfi_startproc
 2051              		@ args = 0, pretend = 0, frame = 0
 2052              		@ frame_needed = 1, uses_anonymous_args = 0
 2053 0000 80B5     		push	{r7, lr}
 2054              		.cfi_def_cfa_offset 8
 2055              		.cfi_offset 7, -8
 2056              		.cfi_offset 14, -4
 2057 0002 00AF     		add	r7, sp, #0
 2058              		.cfi_def_cfa_register 7
 517:main.c        ****     EEPROM_WriteByte(0, EEPROM_CURRENT_PRESET_OFFSET);
 2059              		.loc 1 517 0
 2060 0004 40F2D671 		movw	r1, #2006
 2061 0008 0020     		movs	r0, #0
 2062 000a FFF7FEFF 		bl	EEPROM_WriteByte
 518:main.c        ****     EEPROM_WriteByte(0, EEPROM_NECKS_OFFSET);
 2063              		.loc 1 518 0
 2064 000e 40F2E371 		movw	r1, #2019
 2065 0012 0020     		movs	r0, #0
 2066 0014 FFF7FEFF 		bl	EEPROM_WriteByte
 519:main.c        ****     EEPROM_WriteByte((int8_t)0, EEPROM_TRANSPOSE_OFFSET);
 2067              		.loc 1 519 0
 2068 0018 4FF4FB61 		mov	r1, #2008
 2069 001c 0020     		movs	r0, #0
 2070 001e FFF7FEFF 		bl	EEPROM_WriteByte
 520:main.c        ****     EEPROM_WriteByte((int8_t)0, EEPROM_TRANSPOSE_OFFSET+1);
 2071              		.loc 1 520 0
 2072 0022 40F2D971 		movw	r1, #2009
 2073 0026 0020     		movs	r0, #0
ARM GAS  C:\Users\ggg88\AppData\Local\Temp\ccfc1YkT.s 			page 47


 2074 0028 FFF7FEFF 		bl	EEPROM_WriteByte
 521:main.c        ****     EEPROM_WriteByte(1, EEPROM_MIDI_SEND_OFFSET);
 2075              		.loc 1 521 0
 2076 002c 40F2DF71 		movw	r1, #2015
 2077 0030 0120     		movs	r0, #1
 2078 0032 FFF7FEFF 		bl	EEPROM_WriteByte
 522:main.c        ****     EEPROM_WriteByte(0,EEPROM_NECK_PRESETS_OFFSET);
 2079              		.loc 1 522 0
 2080 0036 40F2DC71 		movw	r1, #2012
 2081 003a 0020     		movs	r0, #0
 2082 003c FFF7FEFF 		bl	EEPROM_WriteByte
 523:main.c        ****     EEPROM_WriteByte(0,EEPROM_PEDALSUM_OFFSET);
 2083              		.loc 1 523 0
 2084 0040 40F2DE71 		movw	r1, #2014
 2085 0044 0020     		movs	r0, #0
 2086 0046 FFF7FEFF 		bl	EEPROM_WriteByte
 524:main.c        ****     EEPROM_WriteByte(64,EEPROM_DEADZONES_OFFSET);
 2087              		.loc 1 524 0
 2088 004a 40F2DB71 		movw	r1, #2011
 2089 004e 4020     		movs	r0, #64
 2090 0050 FFF7FEFF 		bl	EEPROM_WriteByte
 525:main.c        ****     EEPROM_WriteByte(0,EEPROM_OCTAVE_ACTION_OFFSET);
 2091              		.loc 1 525 0
 2092 0054 40F2DA71 		movw	r1, #2010
 2093 0058 0020     		movs	r0, #0
 2094 005a FFF7FEFF 		bl	EEPROM_WriteByte
 526:main.c        ****     EEPROM_WriteByte(39,EEPROM_STRING_REP_OFFSET);// (strings 3 and 8)
 2095              		.loc 1 526 0
 2096 005e 40F2D771 		movw	r1, #2007
 2097 0062 2720     		movs	r0, #39
 2098 0064 FFF7FEFF 		bl	EEPROM_WriteByte
 527:main.c        ****     EEPROM_WriteByte(0,EEPROM_DUAL_SLIDER_OFFSET);
 2099              		.loc 1 527 0
 2100 0068 40F2E271 		movw	r1, #2018
 2101 006c 0020     		movs	r0, #0
 2102 006e FFF7FEFF 		bl	EEPROM_WriteByte
 528:main.c        ****     EEPROM_WriteByte(64,EEPROM_VOLUME_OFFSET);
 2103              		.loc 1 528 0
 2104 0072 40F2E471 		movw	r1, #2020
 2105 0076 4020     		movs	r0, #64
 2106 0078 FFF7FEFF 		bl	EEPROM_WriteByte
 529:main.c        **** }
 2107              		.loc 1 529 0
 2108 007c 00BF     		nop
 2109 007e 80BD     		pop	{r7, pc}
 2110              		.cfi_endproc
 2111              	.LFE74:
 2112              		.size	loadEEPROMdefaults, .-loadEEPROMdefaults
 2113              		.section	.rodata
 2114              		.align	2
 2115              	.LC0:
 2116 0500 454C4543 		.ascii	"ELECTROSTEEL\000"
 2116      54524F53 
 2116      5445454C 
 2116      00
 2117              		.global	__aeabi_f2iz
 2118              		.global	__aeabi_fcmpgt
ARM GAS  C:\Users\ggg88\AppData\Local\Temp\ccfc1YkT.s 			page 48


 2119              		.global	__aeabi_fcmplt
 2120 050d 000000   		.align	2
 2121              	.LC1:
 2122 0510 4649524D 		.ascii	"FIRMWARE   \000"
 2122      57415245 
 2122      20202000 
 2123              		.align	2
 2124              	.LC2:
 2125 051c 55504441 		.ascii	"UPDATE     \000"
 2125      54452020 
 2125      20202000 
 2126              		.align	2
 2127              	.LC3:
 2128 0528 20202020 		.ascii	"           \000"
 2128      20202020 
 2128      20202000 
 2129              		.section	.text.main,"ax",%progbits
 2130              		.align	2
 2131              		.global	main
 2132              		.thumb
 2133              		.thumb_func
 2134              		.type	main, %function
 2135              	main:
 2136              	.LFB75:
 530:main.c        **** 
 531:main.c        **** 
 532:main.c        **** int main(void)
 533:main.c        **** {
 2137              		.loc 1 533 0
 2138              		.cfi_startproc
 2139              		@ args = 0, pretend = 0, frame = 224
 2140              		@ frame_needed = 1, uses_anonymous_args = 0
 2141 0000 B0B5     		push	{r4, r5, r7, lr}
 2142              		.cfi_def_cfa_offset 16
 2143              		.cfi_offset 4, -16
 2144              		.cfi_offset 5, -12
 2145              		.cfi_offset 7, -8
 2146              		.cfi_offset 14, -4
 2147 0002 BAB0     		sub	sp, sp, #232
 2148              		.cfi_def_cfa_offset 248
 2149 0004 02AF     		add	r7, sp, #8
 2150              		.cfi_def_cfa 7, 240
 534:main.c        ****     
 535:main.c        **** 	CYGlobalIntEnable; 
 2151              		.loc 1 535 0
 2152              		.syntax unified
 2153              	@ 535 "main.c" 1
 2154 0006 62B6     		CPSIE   i
 2155              	@ 0 "" 2
 536:main.c        ****     EEPROM_Start();
 2156              		.loc 1 536 0
 2157              		.thumb
 2158              		.syntax unified
 2159 0008 FFF7FEFF 		bl	EEPROM_Start
 537:main.c        ****      #ifdef BOOTLOAD_STYLE
 538:main.c        ****      //since we sucessfully booted this firmware, set it to be the default until the brain chip get
 539:main.c        ****     Bootloadable_SET_RUN_TYPE(Bootloadable_SCHEDULE_BTLDB);
ARM GAS  C:\Users\ggg88\AppData\Local\Temp\ccfc1YkT.s 			page 49


 540:main.c        ****     #endif
 541:main.c        **** 
 542:main.c        ****     
 543:main.c        ****     eepromReturnValue = Em_EEPROM_Init((uint32_t)Em_EEPROM_em_EepromStorage);
 2160              		.loc 1 543 0
 2161 000c C74B     		ldr	r3, .L225
 2162 000e 1846     		mov	r0, r3
 2163 0010 FFF7FEFF 		bl	Em_EEPROM_Init
 2164 0014 0346     		mov	r3, r0
 2165 0016 1A46     		mov	r2, r3
 2166 0018 C54B     		ldr	r3, .L225+4
 2167 001a 1A70     		strb	r2, [r3]
 544:main.c        ****     if(eepromReturnValue != CY_EM_EEPROM_SUCCESS)
 545:main.c        ****     {
 546:main.c        ****        // HandleError();
 547:main.c        ****     }
 548:main.c        ****     sysexMessageStartPoints[sysexMessageStartPointsWritePosition] = 0;
 2168              		.loc 1 548 0
 2169 001c C54B     		ldr	r3, .L225+8
 2170 001e 1B78     		ldrb	r3, [r3]	@ zero_extendqisi2
 2171 0020 1946     		mov	r1, r3
 2172 0022 C54B     		ldr	r3, .L225+12
 2173 0024 0022     		movs	r2, #0
 2174 0026 43F82120 		str	r2, [r3, r1, lsl #2]
 549:main.c        ****     I2C_1_Start();  
 2175              		.loc 1 549 0
 2176 002a FFF7FEFF 		bl	I2C_1_Start
 550:main.c        ****     USB_SetPowerStatus(USB_DEVICE_STATUS_SELF_POWERED);
 2177              		.loc 1 550 0
 2178 002e 0120     		movs	r0, #1
 2179 0030 FFF7FEFF 		bl	USB_SetPowerStatus
 551:main.c        ****     my_Vbus_ISR_StartEx(Vbus_function);
 2180              		.loc 1 551 0
 2181 0034 C148     		ldr	r0, .L225+16
 2182 0036 FFF7FEFF 		bl	my_Vbus_ISR_StartEx
 552:main.c        ****     
 553:main.c        ****     
 554:main.c        ****         //set up for the OLED screen's first write
 555:main.c        ****     I2Cbuff1[0] = 1<<6;
 2183              		.loc 1 555 0
 2184 003a C14B     		ldr	r3, .L225+20
 2185 003c 4022     		movs	r2, #64
 2186 003e 1A70     		strb	r2, [r3]
 556:main.c        ****     status = I2C_MasterWriteBlocking(0x70, 1, I2C_1_MODE_COMPLETE_XFER);
 2187              		.loc 1 556 0
 2188 0040 0022     		movs	r2, #0
 2189 0042 0121     		movs	r1, #1
 2190 0044 7020     		movs	r0, #112
 2191 0046 FFF7FEFF 		bl	I2C_MasterWriteBlocking
 2192 004a 0346     		mov	r3, r0
 2193 004c 1A46     		mov	r2, r3
 2194 004e BD4B     		ldr	r3, .L225+24
 2195 0050 1A60     		str	r2, [r3]
 557:main.c        ****     myGFX_init(128, 64);
 2196              		.loc 1 557 0
 2197 0052 4021     		movs	r1, #64
 2198 0054 8020     		movs	r0, #128
ARM GAS  C:\Users\ggg88\AppData\Local\Temp\ccfc1YkT.s 			page 50


 2199 0056 FFF7FEFF 		bl	myGFX_init
 558:main.c        ****     myGFX_setFont(0);
 2200              		.loc 1 558 0
 2201 005a 0020     		movs	r0, #0
 2202 005c FFF7FEFF 		bl	myGFX_setFont
 559:main.c        ****     OLED_init(128, 64);
 2203              		.loc 1 559 0
 2204 0060 4021     		movs	r1, #64
 2205 0062 8020     		movs	r0, #128
 2206 0064 FFF7FEFF 		bl	OLED_init
 560:main.c        ****     //OLEDwriteInt(currentCopedent , 2, 0,FourthLine);
 561:main.c        ****     OLEDwriteString("ELECTROSTEEL", 12, 0, FirstLine);
 2207              		.loc 1 561 0
 2208 0068 0023     		movs	r3, #0
 2209 006a 0022     		movs	r2, #0
 2210 006c 0C21     		movs	r1, #12
 2211 006e B648     		ldr	r0, .L225+28
 2212 0070 FFF7FEFF 		bl	OLEDwriteString
 562:main.c        ****     OLEDwriteFixedFloat(versionNumber, 3, 2, 16, SecondLine);
 2213              		.loc 1 562 0
 2214 0074 B548     		ldr	r0, .L225+32
 2215 0076 0123     		movs	r3, #1
 2216 0078 0093     		str	r3, [sp]
 2217 007a 1023     		movs	r3, #16
 2218 007c 0222     		movs	r2, #2
 2219 007e 0321     		movs	r1, #3
 2220 0080 FFF7FEFF 		bl	OLEDwriteFixedFloat
 563:main.c        ****     //OLEDwriteString((char *)&copedentNamesArray[currentCopedent][0], COPEDENT_NAME_CLIPPED_LENGTH
 564:main.c        ****     OLED_draw(128, 64);
 2221              		.loc 1 564 0
 2222 0084 4021     		movs	r1, #64
 2223 0086 8020     		movs	r0, #128
 2224 0088 FFF7FEFF 		bl	OLED_draw
 565:main.c        ****     
 566:main.c        ****     
 567:main.c        ****     I2Cbuff1[0] = 1<<2;
 2225              		.loc 1 567 0
 2226 008c AC4B     		ldr	r3, .L225+20
 2227 008e 0422     		movs	r2, #4
 2228 0090 1A70     		strb	r2, [r3]
 568:main.c        ****     status = I2C_MasterWriteBlocking(0x70, 1, I2C_1_MODE_COMPLETE_XFER);
 2229              		.loc 1 568 0
 2230 0092 0022     		movs	r2, #0
 2231 0094 0121     		movs	r1, #1
 2232 0096 7020     		movs	r0, #112
 2233 0098 FFF7FEFF 		bl	I2C_MasterWriteBlocking
 2234 009c 0346     		mov	r3, r0
 2235 009e 1A46     		mov	r2, r3
 2236 00a0 A84B     		ldr	r3, .L225+24
 2237 00a2 1A60     		str	r2, [r3]
 569:main.c        ****     
 570:main.c        ****     CyDelay(10);
 2238              		.loc 1 570 0
 2239 00a4 0A20     		movs	r0, #10
 2240 00a6 FFF7FEFF 		bl	CyDelay
 571:main.c        ****     //read from eeprom all the stored user settings
 572:main.c        ****     
ARM GAS  C:\Users\ggg88\AppData\Local\Temp\ccfc1YkT.s 			page 51


 573:main.c        ****     //check if this is the first time it's ever booted up, in which case there will be no copedents
 574:main.c        ****     if (EEPROM_ReadByte(EEPROM_COPEDENT_OFFSET) == 0)
 2241              		.loc 1 574 0
 2242 00aa 0020     		movs	r0, #0
 2243 00ac FFF7FEFF 		bl	EEPROM_ReadByte
 2244 00b0 0346     		mov	r3, r0
 2245 00b2 002B     		cmp	r3, #0
 2246 00b4 01D1     		bne	.L49
 575:main.c        ****     {
 576:main.c        ****         loadEEPROMdefaults();
 2247              		.loc 1 576 0
 2248 00b6 FFF7FEFF 		bl	loadEEPROMdefaults
 2249              	.L49:
 577:main.c        ****         
 578:main.c        ****     }
 579:main.c        ****     patchNum = EEPROM_ReadByte(EEPROM_CURRENT_PRESET_OFFSET);
 2250              		.loc 1 579 0
 2251 00ba 40F2D670 		movw	r0, #2006
 2252 00be FFF7FEFF 		bl	EEPROM_ReadByte
 2253 00c2 0346     		mov	r3, r0
 2254 00c4 1A46     		mov	r2, r3
 2255 00c6 A24B     		ldr	r3, .L225+36
 2256 00c8 1A70     		strb	r2, [r3]
 580:main.c        ****     neckByte = EEPROM_ReadByte(EEPROM_NECKS_OFFSET);
 2257              		.loc 1 580 0
 2258 00ca 40F2E370 		movw	r0, #2019
 2259 00ce FFF7FEFF 		bl	EEPROM_ReadByte
 2260 00d2 0346     		mov	r3, r0
 2261 00d4 1A46     		mov	r2, r3
 2262 00d6 9F4B     		ldr	r3, .L225+40
 2263 00d8 1A70     		strb	r2, [r3]
 581:main.c        ****     necks[0] = (neckByte >> 5) & 7;
 2264              		.loc 1 581 0
 2265 00da 9E4B     		ldr	r3, .L225+40
 2266 00dc 1B78     		ldrb	r3, [r3]	@ zero_extendqisi2
 2267 00de 5B09     		lsrs	r3, r3, #5
 2268 00e0 DAB2     		uxtb	r2, r3
 2269 00e2 9D4B     		ldr	r3, .L225+44
 2270 00e4 1A70     		strb	r2, [r3]
 582:main.c        ****     necks[1] = (neckByte >> 2) & 7;
 2271              		.loc 1 582 0
 2272 00e6 9B4B     		ldr	r3, .L225+40
 2273 00e8 1B78     		ldrb	r3, [r3]	@ zero_extendqisi2
 2274 00ea 9B08     		lsrs	r3, r3, #2
 2275 00ec DBB2     		uxtb	r3, r3
 2276 00ee 03F00703 		and	r3, r3, #7
 2277 00f2 DAB2     		uxtb	r2, r3
 2278 00f4 984B     		ldr	r3, .L225+44
 2279 00f6 5A70     		strb	r2, [r3, #1]
 583:main.c        ****     currentNeck = neckByte & 1;
 2280              		.loc 1 583 0
 2281 00f8 964B     		ldr	r3, .L225+40
 2282 00fa 1B78     		ldrb	r3, [r3]	@ zero_extendqisi2
 2283 00fc 03F00103 		and	r3, r3, #1
 2284 0100 DAB2     		uxtb	r2, r3
 2285 0102 964B     		ldr	r3, .L225+48
 2286 0104 1A70     		strb	r2, [r3]
ARM GAS  C:\Users\ggg88\AppData\Local\Temp\ccfc1YkT.s 			page 52


 584:main.c        ****     transposeSemitones = (int8_t)EEPROM_ReadByte(EEPROM_TRANSPOSE_OFFSET);
 2287              		.loc 1 584 0
 2288 0106 4FF4FB60 		mov	r0, #2008
 2289 010a FFF7FEFF 		bl	EEPROM_ReadByte
 2290 010e 0346     		mov	r3, r0
 2291 0110 5AB2     		sxtb	r2, r3
 2292 0112 934B     		ldr	r3, .L225+52
 2293 0114 1A70     		strb	r2, [r3]
 585:main.c        ****     transposeCents = (int8_t)EEPROM_ReadByte(EEPROM_TRANSPOSE_OFFSET + 1);
 2294              		.loc 1 585 0
 2295 0116 40F2D970 		movw	r0, #2009
 2296 011a FFF7FEFF 		bl	EEPROM_ReadByte
 2297 011e 0346     		mov	r3, r0
 2298 0120 5AB2     		sxtb	r2, r3
 2299 0122 904B     		ldr	r3, .L225+56
 2300 0124 1A70     		strb	r2, [r3]
 586:main.c        ****     transposeFloat = ((float)transposeSemitones) + (((float)transposeCents) * 0.01f);
 2301              		.loc 1 586 0
 2302 0126 8E4B     		ldr	r3, .L225+52
 2303 0128 93F90030 		ldrsb	r3, [r3]
 2304 012c 1846     		mov	r0, r3
 2305 012e FFF7FEFF 		bl	__aeabi_i2f
 2306 0132 0446     		mov	r4, r0
 2307 0134 8B4B     		ldr	r3, .L225+56
 2308 0136 93F90030 		ldrsb	r3, [r3]
 2309 013a 1846     		mov	r0, r3
 2310 013c FFF7FEFF 		bl	__aeabi_i2f
 2311 0140 0346     		mov	r3, r0
 2312 0142 8949     		ldr	r1, .L225+60
 2313 0144 1846     		mov	r0, r3
 2314 0146 FFF7FEFF 		bl	__aeabi_fmul
 2315 014a 0346     		mov	r3, r0
 2316 014c 1946     		mov	r1, r3
 2317 014e 2046     		mov	r0, r4
 2318 0150 FFF7FEFF 		bl	__aeabi_fadd
 2319 0154 0346     		mov	r3, r0
 2320 0156 1A46     		mov	r2, r3
 2321 0158 844B     		ldr	r3, .L225+64
 2322 015a 1A60     		str	r2, [r3]	@ float
 587:main.c        ****     midiSendOn = EEPROM_ReadByte(EEPROM_MIDI_SEND_OFFSET)&1;
 2323              		.loc 1 587 0
 2324 015c 40F2DF70 		movw	r0, #2015
 2325 0160 FFF7FEFF 		bl	EEPROM_ReadByte
 2326 0164 0346     		mov	r3, r0
 2327 0166 03F00103 		and	r3, r3, #1
 2328 016a DAB2     		uxtb	r2, r3
 2329 016c 804B     		ldr	r3, .L225+68
 2330 016e 1A70     		strb	r2, [r3]
 588:main.c        ****     midiBarSendOn = EEPROM_ReadByte(EEPROM_MIDI_SEND_OFFSET)&(1<<1);
 2331              		.loc 1 588 0
 2332 0170 40F2DF70 		movw	r0, #2015
 2333 0174 FFF7FEFF 		bl	EEPROM_ReadByte
 2334 0178 0346     		mov	r3, r0
 2335 017a 03F00203 		and	r3, r3, #2
 2336 017e DAB2     		uxtb	r2, r3
 2337 0180 7C4B     		ldr	r3, .L225+72
 2338 0182 1A70     		strb	r2, [r3]
ARM GAS  C:\Users\ggg88\AppData\Local\Temp\ccfc1YkT.s 			page 53


 589:main.c        ****     bendRange = EEPROM_ReadByte(EEPROM_MIDI_SEND_OFFSET)&(1<<2);
 2339              		.loc 1 589 0
 2340 0184 40F2DF70 		movw	r0, #2015
 2341 0188 FFF7FEFF 		bl	EEPROM_ReadByte
 2342 018c 0346     		mov	r3, r0
 2343 018e 03F00403 		and	r3, r3, #4
 2344 0192 DAB2     		uxtb	r2, r3
 2345 0194 784B     		ldr	r3, .L225+76
 2346 0196 1A70     		strb	r2, [r3]
 590:main.c        ****     bendScaling = bendScalingArray[bendRange];
 2347              		.loc 1 590 0
 2348 0198 774B     		ldr	r3, .L225+76
 2349 019a 1B78     		ldrb	r3, [r3]	@ zero_extendqisi2
 2350 019c 1A46     		mov	r2, r3
 2351 019e 774B     		ldr	r3, .L225+80
 2352 01a0 53F82230 		ldr	r3, [r3, r2, lsl #2]	@ float
 2353 01a4 764A     		ldr	r2, .L225+84
 2354 01a6 1360     		str	r3, [r2]	@ float
 591:main.c        ****     neckPreset[0] =  EEPROM_ReadByte(EEPROM_NECK_PRESETS_OFFSET);
 2355              		.loc 1 591 0
 2356 01a8 40F2DC70 		movw	r0, #2012
 2357 01ac FFF7FEFF 		bl	EEPROM_ReadByte
 2358 01b0 0346     		mov	r3, r0
 2359 01b2 1A46     		mov	r2, r3
 2360 01b4 734B     		ldr	r3, .L225+88
 2361 01b6 1A70     		strb	r2, [r3]
 592:main.c        ****     neckPreset[1] =  EEPROM_ReadByte(EEPROM_NECK_PRESETS_OFFSET+1);
 2362              		.loc 1 592 0
 2363 01b8 40F2DD70 		movw	r0, #2013
 2364 01bc FFF7FEFF 		bl	EEPROM_ReadByte
 2365 01c0 0346     		mov	r3, r0
 2366 01c2 1A46     		mov	r2, r3
 2367 01c4 6F4B     		ldr	r3, .L225+88
 2368 01c6 5A70     		strb	r2, [r3, #1]
 593:main.c        ****     traditionalPedalAdd = EEPROM_ReadByte(EEPROM_PEDALSUM_OFFSET) & 1;
 2369              		.loc 1 593 0
 2370 01c8 40F2DE70 		movw	r0, #2014
 2371 01cc FFF7FEFF 		bl	EEPROM_ReadByte
 2372 01d0 0346     		mov	r3, r0
 2373 01d2 03F00103 		and	r3, r3, #1
 2374 01d6 DAB2     		uxtb	r2, r3
 2375 01d8 6B4B     		ldr	r3, .L225+92
 2376 01da 1A70     		strb	r2, [r3]
 594:main.c        ****     deadZone = EEPROM_ReadByte(EEPROM_DEADZONES_OFFSET);
 2377              		.loc 1 594 0
 2378 01dc 40F2DB70 		movw	r0, #2011
 2379 01e0 FFF7FEFF 		bl	EEPROM_ReadByte
 2380 01e4 0346     		mov	r3, r0
 2381 01e6 1A46     		mov	r2, r3
 2382 01e8 684B     		ldr	r3, .L225+96
 2383 01ea 1A70     		strb	r2, [r3]
 595:main.c        ****     octaveAction = EEPROM_ReadByte(EEPROM_OCTAVE_ACTION_OFFSET);
 2384              		.loc 1 595 0
 2385 01ec 40F2DA70 		movw	r0, #2010
 2386 01f0 FFF7FEFF 		bl	EEPROM_ReadByte
 2387 01f4 0346     		mov	r3, r0
 2388 01f6 1A46     		mov	r2, r3
ARM GAS  C:\Users\ggg88\AppData\Local\Temp\ccfc1YkT.s 			page 54


 2389 01f8 654B     		ldr	r3, .L225+100
 2390 01fa 1A70     		strb	r2, [r3]
 596:main.c        ****     stringRepresentation[0] = (EEPROM_ReadByte(EEPROM_STRING_REP_OFFSET)>>4) & 15; //first 4 bits o
 2391              		.loc 1 596 0
 2392 01fc 40F2D770 		movw	r0, #2007
 2393 0200 FFF7FEFF 		bl	EEPROM_ReadByte
 2394 0204 0346     		mov	r3, r0
 2395 0206 1B09     		lsrs	r3, r3, #4
 2396 0208 DAB2     		uxtb	r2, r3
 2397 020a 624B     		ldr	r3, .L225+104
 2398 020c 1A70     		strb	r2, [r3]
 597:main.c        ****     stringRepresentation[1] = EEPROM_ReadByte(EEPROM_STRING_REP_OFFSET) & 15;//last 4 bits of the b
 2399              		.loc 1 597 0
 2400 020e 40F2D770 		movw	r0, #2007
 2401 0212 FFF7FEFF 		bl	EEPROM_ReadByte
 2402 0216 0346     		mov	r3, r0
 2403 0218 03F00F03 		and	r3, r3, #15
 2404 021c DAB2     		uxtb	r2, r3
 2405 021e 5D4B     		ldr	r3, .L225+104
 2406 0220 5A70     		strb	r2, [r3, #1]
 598:main.c        ****     calculateStringRepDivider();
 2407              		.loc 1 598 0
 2408 0222 FFF7FEFF 		bl	calculateStringRepDivider
 599:main.c        ****     dualSlider = EEPROM_ReadByte(EEPROM_DUAL_SLIDER_OFFSET) & 1;
 2409              		.loc 1 599 0
 2410 0226 40F2E270 		movw	r0, #2018
 2411 022a FFF7FEFF 		bl	EEPROM_ReadByte
 2412 022e 0346     		mov	r3, r0
 2413 0230 03F00103 		and	r3, r3, #1
 2414 0234 DAB2     		uxtb	r2, r3
 2415 0236 584B     		ldr	r3, .L225+108
 2416 0238 1A70     		strb	r2, [r3]
 600:main.c        ****     volumeInt = (int8_t) EEPROM_ReadByte(EEPROM_VOLUME_OFFSET);
 2417              		.loc 1 600 0
 2418 023a 40F2E470 		movw	r0, #2020
 2419 023e FFF7FEFF 		bl	EEPROM_ReadByte
 2420 0242 0346     		mov	r3, r0
 2421 0244 5AB2     		sxtb	r2, r3
 2422 0246 554B     		ldr	r3, .L225+112
 2423 0248 1A70     		strb	r2, [r3]
 601:main.c        ****     uint16_t pedal_inverted_byte = (EEPROM_ReadByte(EEPROM_PEDAL_INVERTED_OFFSET) << 8) + EEPROM_Re
 2424              		.loc 1 601 0
 2425 024a 4FF4FC60 		mov	r0, #2016
 2426 024e FFF7FEFF 		bl	EEPROM_ReadByte
 2427 0252 0346     		mov	r3, r0
 2428 0254 9BB2     		uxth	r3, r3
 2429 0256 1B02     		lsls	r3, r3, #8
 2430 0258 9CB2     		uxth	r4, r3
 2431 025a 40F2E170 		movw	r0, #2017
 2432 025e FFF7FEFF 		bl	EEPROM_ReadByte
 2433 0262 0346     		mov	r3, r0
 2434 0264 9BB2     		uxth	r3, r3
 2435 0266 2344     		add	r3, r3, r4
 2436 0268 A7F84E30 		strh	r3, [r7, #78]	@ movhi
 2437              	.LBB7:
 602:main.c        ****     for (int i = 0; i < NUM_PEDALS; i++)
 2438              		.loc 1 602 0
ARM GAS  C:\Users\ggg88\AppData\Local\Temp\ccfc1YkT.s 			page 55


 2439 026c 0023     		movs	r3, #0
 2440 026e C7F8DC30 		str	r3, [r7, #220]
 2441 0272 16E0     		b	.L50
 2442              	.L51:
 603:main.c        ****     {
 604:main.c        ****         pedal_inverted[i] = pedal_inverted_byte & (1<<i);
 2443              		.loc 1 604 0 discriminator 3
 2444 0274 B7F84E30 		ldrh	r3, [r7, #78]	@ movhi
 2445 0278 5AB2     		sxtb	r2, r3
 2446 027a 0121     		movs	r1, #1
 2447 027c D7F8DC30 		ldr	r3, [r7, #220]
 2448 0280 01FA03F3 		lsl	r3, r1, r3
 2449 0284 5BB2     		sxtb	r3, r3
 2450 0286 1340     		ands	r3, r3, r2
 2451 0288 5BB2     		sxtb	r3, r3
 2452 028a D9B2     		uxtb	r1, r3
 2453 028c 444A     		ldr	r2, .L225+116
 2454 028e D7F8DC30 		ldr	r3, [r7, #220]
 2455 0292 1344     		add	r3, r3, r2
 2456 0294 0A46     		mov	r2, r1
 2457 0296 1A70     		strb	r2, [r3]
 602:main.c        ****     for (int i = 0; i < NUM_PEDALS; i++)
 2458              		.loc 1 602 0 discriminator 3
 2459 0298 D7F8DC30 		ldr	r3, [r7, #220]
 2460 029c 0133     		adds	r3, r3, #1
 2461 029e C7F8DC30 		str	r3, [r7, #220]
 2462              	.L50:
 602:main.c        ****     for (int i = 0; i < NUM_PEDALS; i++)
 2463              		.loc 1 602 0 is_stmt 0 discriminator 1
 2464 02a2 D7F8DC30 		ldr	r3, [r7, #220]
 2465 02a6 092B     		cmp	r3, #9
 2466 02a8 E4DD     		ble	.L51
 2467              	.LBE7:
 2468              	.LBB8:
 605:main.c        ****     }
 606:main.c        ****     for (int coped = 0; coped < MAX_NUM_COPEDENTS; coped++)
 2469              		.loc 1 606 0 is_stmt 1
 2470 02aa 0023     		movs	r3, #0
 2471 02ac C7F8D830 		str	r3, [r7, #216]
 2472 02b0 F5E0     		b	.L52
 2473              	.L59:
 2474              	.LBB9:
 607:main.c        ****     {
 608:main.c        ****         for (int letter = 0; letter < COPEDENT_NAME_LENGTH_IN_BYTES; letter++)
 2475              		.loc 1 608 0
 2476 02b2 0023     		movs	r3, #0
 2477 02b4 C7F8D430 		str	r3, [r7, #212]
 2478 02b8 25E0     		b	.L53
 2479              	.L54:
 609:main.c        ****         {
 610:main.c        ****                copedentNamesArray[coped][letter] = EEPROM_ReadByte(EEPROM_COPEDENT_OFFSET + (coped*
 2480              		.loc 1 610 0 discriminator 3
 2481 02ba D7F8D830 		ldr	r3, [r7, #216]
 2482 02be 9BB2     		uxth	r3, r3
 2483 02c0 1A46     		mov	r2, r3	@ movhi
 2484 02c2 1201     		lsls	r2, r2, #4
 2485 02c4 1A44     		add	r2, r2, r3
ARM GAS  C:\Users\ggg88\AppData\Local\Temp\ccfc1YkT.s 			page 56


 2486 02c6 D200     		lsls	r2, r2, #3
 2487 02c8 1344     		add	r3, r3, r2
 2488 02ca 5B00     		lsls	r3, r3, #1
 2489 02cc 9AB2     		uxth	r2, r3
 2490 02ce D7F8D430 		ldr	r3, [r7, #212]
 2491 02d2 9BB2     		uxth	r3, r3
 2492 02d4 1344     		add	r3, r3, r2
 2493 02d6 9BB2     		uxth	r3, r3
 2494 02d8 1846     		mov	r0, r3
 2495 02da FFF7FEFF 		bl	EEPROM_ReadByte
 2496 02de 0346     		mov	r3, r0
 2497 02e0 1846     		mov	r0, r3
 2498 02e2 3049     		ldr	r1, .L225+120
 2499 02e4 D7F8D820 		ldr	r2, [r7, #216]
 2500 02e8 1346     		mov	r3, r2
 2501 02ea 9B00     		lsls	r3, r3, #2
 2502 02ec 1344     		add	r3, r3, r2
 2503 02ee 5B00     		lsls	r3, r3, #1
 2504 02f0 CA18     		adds	r2, r1, r3
 2505 02f2 D7F8D430 		ldr	r3, [r7, #212]
 2506 02f6 1344     		add	r3, r3, r2
 2507 02f8 0246     		mov	r2, r0
 2508 02fa 1A70     		strb	r2, [r3]
 608:main.c        ****         {
 2509              		.loc 1 608 0 discriminator 3
 2510 02fc D7F8D430 		ldr	r3, [r7, #212]
 2511 0300 0133     		adds	r3, r3, #1
 2512 0302 C7F8D430 		str	r3, [r7, #212]
 2513              	.L53:
 608:main.c        ****         {
 2514              		.loc 1 608 0 is_stmt 0 discriminator 1
 2515 0306 D7F8D430 		ldr	r3, [r7, #212]
 2516 030a 092B     		cmp	r3, #9
 2517 030c D5DD     		ble	.L54
 2518              	.LBE9:
 2519              	.LBB10:
 611:main.c        ****         }
 612:main.c        ****         for (int i = 0; i < 11; i++)
 2520              		.loc 1 612 0 is_stmt 1
 2521 030e 0023     		movs	r3, #0
 2522 0310 C7F8D030 		str	r3, [r7, #208]
 2523 0314 B9E0     		b	.L55
 2524              	.L58:
 2525              	.LBB11:
 613:main.c        ****     	{
 614:main.c        ****     		int pedalStartLoc = (i*24);
 2526              		.loc 1 614 0
 2527 0316 D7F8D020 		ldr	r2, [r7, #208]
 2528 031a 1346     		mov	r3, r2
 2529 031c 5B00     		lsls	r3, r3, #1
 2530 031e 1344     		add	r3, r3, r2
 2531 0320 DB00     		lsls	r3, r3, #3
 2532 0322 BB64     		str	r3, [r7, #72]
 2533              	.LBB12:
 615:main.c        ****             for (int j = 0; j < NUM_STRINGS; j++)
 2534              		.loc 1 615 0
 2535 0324 0023     		movs	r3, #0
ARM GAS  C:\Users\ggg88\AppData\Local\Temp\ccfc1YkT.s 			page 57


 2536 0326 C7F8CC30 		str	r3, [r7, #204]
 2537 032a A5E0     		b	.L56
 2538              	.L226:
 2539              		.align	2
 2540              	.L225:
 2541 032c 00000000 		.word	Em_EEPROM_em_EepromStorage
 2542 0330 00000000 		.word	eepromReturnValue
 2543 0334 00000000 		.word	sysexMessageStartPointsWritePosition
 2544 0338 00000000 		.word	sysexMessageStartPoints
 2545 033c 00000000 		.word	Vbus_function
 2546 0340 00000000 		.word	I2Cbuff1
 2547 0344 00000000 		.word	status
 2548 0348 00050000 		.word	.LC0
 2549 034c E17A943F 		.word	1066695393
 2550 0350 00000000 		.word	patchNum
 2551 0354 00000000 		.word	neckByte
 2552 0358 00000000 		.word	necks
 2553 035c 00000000 		.word	currentNeck
 2554 0360 00000000 		.word	transposeSemitones
 2555 0364 00000000 		.word	transposeCents
 2556 0368 0AD7233C 		.word	1008981770
 2557 036c 00000000 		.word	transposeFloat
 2558 0370 00000000 		.word	midiSendOn
 2559 0374 00000000 		.word	midiBarSendOn
 2560 0378 00000000 		.word	bendRange
 2561 037c 00000000 		.word	bendScalingArray
 2562 0380 00000000 		.word	bendScaling
 2563 0384 00000000 		.word	neckPreset
 2564 0388 00000000 		.word	traditionalPedalAdd
 2565 038c 00000000 		.word	deadZone
 2566 0390 00000000 		.word	octaveAction
 2567 0394 00000000 		.word	stringRepresentation
 2568 0398 00000000 		.word	dualSlider
 2569 039c 00000000 		.word	volumeInt
 2570 03a0 00000000 		.word	pedal_inverted
 2571 03a4 00000000 		.word	copedentNamesArray
 2572              	.L57:
 2573              	.LBB13:
 616:main.c        ****     		{
 617:main.c        ****                 
 618:main.c        ****                 int stringStartLoc = (j*2);
 2574              		.loc 1 618 0 discriminator 3
 2575 03a8 D7F8CC30 		ldr	r3, [r7, #204]
 2576 03ac 5B00     		lsls	r3, r3, #1
 2577 03ae 7B64     		str	r3, [r7, #68]
 619:main.c        ****                 uint16_t tempIntHigh = EEPROM_ReadByte(EEPROM_COPEDENT_OFFSET + stringStartLoc + pe
 2578              		.loc 1 619 0 discriminator 3
 2579 03b0 7B6C     		ldr	r3, [r7, #68]
 2580 03b2 9AB2     		uxth	r2, r3
 2581 03b4 BB6C     		ldr	r3, [r7, #72]
 2582 03b6 9BB2     		uxth	r3, r3
 2583 03b8 1344     		add	r3, r3, r2
 2584 03ba 9AB2     		uxth	r2, r3
 2585 03bc D7F8D830 		ldr	r3, [r7, #216]
 2586 03c0 9BB2     		uxth	r3, r3
 2587 03c2 1946     		mov	r1, r3	@ movhi
 2588 03c4 0901     		lsls	r1, r1, #4
ARM GAS  C:\Users\ggg88\AppData\Local\Temp\ccfc1YkT.s 			page 58


 2589 03c6 1944     		add	r1, r1, r3
 2590 03c8 C900     		lsls	r1, r1, #3
 2591 03ca 0B44     		add	r3, r3, r1
 2592 03cc 5B00     		lsls	r3, r3, #1
 2593 03ce 9BB2     		uxth	r3, r3
 2594 03d0 1344     		add	r3, r3, r2
 2595 03d2 9BB2     		uxth	r3, r3
 2596 03d4 0A33     		adds	r3, r3, #10
 2597 03d6 9BB2     		uxth	r3, r3
 2598 03d8 1846     		mov	r0, r3
 2599 03da FFF7FEFF 		bl	EEPROM_ReadByte
 2600 03de 0346     		mov	r3, r0
 2601 03e0 A7F84230 		strh	r3, [r7, #66]	@ movhi
 620:main.c        ****                 uint16_t tempIntLow = EEPROM_ReadByte(EEPROM_COPEDENT_OFFSET + stringStartLoc + ped
 2602              		.loc 1 620 0 discriminator 3
 2603 03e4 7B6C     		ldr	r3, [r7, #68]
 2604 03e6 9AB2     		uxth	r2, r3
 2605 03e8 BB6C     		ldr	r3, [r7, #72]
 2606 03ea 9BB2     		uxth	r3, r3
 2607 03ec 1344     		add	r3, r3, r2
 2608 03ee 9AB2     		uxth	r2, r3
 2609 03f0 D7F8D830 		ldr	r3, [r7, #216]
 2610 03f4 9BB2     		uxth	r3, r3
 2611 03f6 1946     		mov	r1, r3	@ movhi
 2612 03f8 0901     		lsls	r1, r1, #4
 2613 03fa 1944     		add	r1, r1, r3
 2614 03fc C900     		lsls	r1, r1, #3
 2615 03fe 0B44     		add	r3, r3, r1
 2616 0400 5B00     		lsls	r3, r3, #1
 2617 0402 9BB2     		uxth	r3, r3
 2618 0404 1344     		add	r3, r3, r2
 2619 0406 9BB2     		uxth	r3, r3
 2620 0408 0B33     		adds	r3, r3, #11
 2621 040a 9BB2     		uxth	r3, r3
 2622 040c 1846     		mov	r0, r3
 2623 040e FFF7FEFF 		bl	EEPROM_ReadByte
 2624 0412 0346     		mov	r3, r0
 2625 0414 A7F84030 		strh	r3, [r7, #64]	@ movhi
 621:main.c        ****                 copedent[coped][i][j] = (((float)((tempIntHigh << 8) + tempIntLow)) * 0.00390625f) 
 2626              		.loc 1 621 0 discriminator 3
 2627 0418 B7F84230 		ldrh	r3, [r7, #66]
 2628 041c 1A02     		lsls	r2, r3, #8
 2629 041e B7F84030 		ldrh	r3, [r7, #64]
 2630 0422 1344     		add	r3, r3, r2
 2631 0424 1846     		mov	r0, r3
 2632 0426 FFF7FEFF 		bl	__aeabi_i2f
 2633 042a 0346     		mov	r3, r0
 2634 042c 4FF06E51 		mov	r1, #998244352
 2635 0430 1846     		mov	r0, r3
 2636 0432 FFF7FEFF 		bl	__aeabi_fmul
 2637 0436 0346     		mov	r3, r0
 2638 0438 4FF08641 		mov	r1, #1124073472
 2639 043c 1846     		mov	r0, r3
 2640 043e FFF7FEFF 		bl	__aeabi_fsub
 2641 0442 0346     		mov	r3, r0
 2642 0444 1C46     		mov	r4, r3
 2643 0446 CA48     		ldr	r0, .L227
ARM GAS  C:\Users\ggg88\AppData\Local\Temp\ccfc1YkT.s 			page 59


 2644 0448 D7F8D030 		ldr	r3, [r7, #208]
 2645 044c D7F8D810 		ldr	r1, [r7, #216]
 2646 0450 1A46     		mov	r2, r3
 2647 0452 5200     		lsls	r2, r2, #1
 2648 0454 1A44     		add	r2, r2, r3
 2649 0456 9300     		lsls	r3, r2, #2
 2650 0458 1A46     		mov	r2, r3
 2651 045a 0B46     		mov	r3, r1
 2652 045c 5B01     		lsls	r3, r3, #5
 2653 045e 0B44     		add	r3, r3, r1
 2654 0460 9B00     		lsls	r3, r3, #2
 2655 0462 1A44     		add	r2, r2, r3
 2656 0464 D7F8CC30 		ldr	r3, [r7, #204]
 2657 0468 1344     		add	r3, r3, r2
 2658 046a 40F82340 		str	r4, [r0, r3, lsl #2]	@ float
 2659              	.LBE13:
 615:main.c        ****     		{
 2660              		.loc 1 615 0 discriminator 3
 2661 046e D7F8CC30 		ldr	r3, [r7, #204]
 2662 0472 0133     		adds	r3, r3, #1
 2663 0474 C7F8CC30 		str	r3, [r7, #204]
 2664              	.L56:
 615:main.c        ****     		{
 2665              		.loc 1 615 0 is_stmt 0 discriminator 1
 2666 0478 D7F8CC30 		ldr	r3, [r7, #204]
 2667 047c 0B2B     		cmp	r3, #11
 2668 047e 93DD     		ble	.L57
 2669              	.LBE12:
 2670              	.LBE11:
 612:main.c        ****     	{
 2671              		.loc 1 612 0 is_stmt 1 discriminator 2
 2672 0480 D7F8D030 		ldr	r3, [r7, #208]
 2673 0484 0133     		adds	r3, r3, #1
 2674 0486 C7F8D030 		str	r3, [r7, #208]
 2675              	.L55:
 612:main.c        ****     	{
 2676              		.loc 1 612 0 is_stmt 0 discriminator 1
 2677 048a D7F8D030 		ldr	r3, [r7, #208]
 2678 048e 0A2B     		cmp	r3, #10
 2679 0490 7FF741AF 		ble	.L58
 2680              	.LBE10:
 606:main.c        ****     {
 2681              		.loc 1 606 0 is_stmt 1 discriminator 2
 2682 0494 D7F8D830 		ldr	r3, [r7, #216]
 2683 0498 0133     		adds	r3, r3, #1
 2684 049a C7F8D830 		str	r3, [r7, #216]
 2685              	.L52:
 606:main.c        ****     {
 2686              		.loc 1 606 0 is_stmt 0 discriminator 1
 2687 049e D7F8D830 		ldr	r3, [r7, #216]
 2688 04a2 062B     		cmp	r3, #6
 2689 04a4 7FF705AF 		ble	.L59
 2690              	.LBE8:
 2691              	.LBB14:
 622:main.c        ****             }
 623:main.c        ****     	}
 624:main.c        ****     }
ARM GAS  C:\Users\ggg88\AppData\Local\Temp\ccfc1YkT.s 			page 60


 625:main.c        **** 
 626:main.c        ****     
 627:main.c        ****     for (int i = 0; i < NUM_PEDALS; i++)
 2692              		.loc 1 627 0 is_stmt 1
 2693 04a8 0023     		movs	r3, #0
 2694 04aa C7F8C830 		str	r3, [r7, #200]
 2695 04ae 49E0     		b	.L60
 2696              	.L61:
 628:main.c        ****     {
 629:main.c        ****         pedals_low[i] = (EEPROM_ReadByte(EEPROM_LEVER_CALIBRATION_OFFSET + (i*4)) << 8) + (EEPROM_R
 2697              		.loc 1 629 0 discriminator 3
 2698 04b0 D7F8C830 		ldr	r3, [r7, #200]
 2699 04b4 9BB2     		uxth	r3, r3
 2700 04b6 9B00     		lsls	r3, r3, #2
 2701 04b8 9BB2     		uxth	r3, r3
 2702 04ba 03F27E73 		addw	r3, r3, #1918
 2703 04be 9BB2     		uxth	r3, r3
 2704 04c0 1846     		mov	r0, r3
 2705 04c2 FFF7FEFF 		bl	EEPROM_ReadByte
 2706 04c6 0346     		mov	r3, r0
 2707 04c8 9BB2     		uxth	r3, r3
 2708 04ca 1B02     		lsls	r3, r3, #8
 2709 04cc 9CB2     		uxth	r4, r3
 2710 04ce D7F8C830 		ldr	r3, [r7, #200]
 2711 04d2 9BB2     		uxth	r3, r3
 2712 04d4 9B00     		lsls	r3, r3, #2
 2713 04d6 9BB2     		uxth	r3, r3
 2714 04d8 03F27F73 		addw	r3, r3, #1919
 2715 04dc 9BB2     		uxth	r3, r3
 2716 04de 1846     		mov	r0, r3
 2717 04e0 FFF7FEFF 		bl	EEPROM_ReadByte
 2718 04e4 0346     		mov	r3, r0
 2719 04e6 9BB2     		uxth	r3, r3
 2720 04e8 2344     		add	r3, r3, r4
 2721 04ea 99B2     		uxth	r1, r3
 2722 04ec A14A     		ldr	r2, .L227+4
 2723 04ee D7F8C830 		ldr	r3, [r7, #200]
 2724 04f2 22F81310 		strh	r1, [r2, r3, lsl #1]	@ movhi
 630:main.c        ****         pedals_high[i] = (EEPROM_ReadByte(EEPROM_LEVER_CALIBRATION_OFFSET + ((i*4) + 2)) << 8) + (E
 2725              		.loc 1 630 0 discriminator 3
 2726 04f6 D7F8C830 		ldr	r3, [r7, #200]
 2727 04fa 03F5F073 		add	r3, r3, #480
 2728 04fe 9BB2     		uxth	r3, r3
 2729 0500 9B00     		lsls	r3, r3, #2
 2730 0502 9BB2     		uxth	r3, r3
 2731 0504 1846     		mov	r0, r3
 2732 0506 FFF7FEFF 		bl	EEPROM_ReadByte
 2733 050a 0346     		mov	r3, r0
 2734 050c 9BB2     		uxth	r3, r3
 2735 050e 1B02     		lsls	r3, r3, #8
 2736 0510 9CB2     		uxth	r4, r3
 2737 0512 D7F8C830 		ldr	r3, [r7, #200]
 2738 0516 9BB2     		uxth	r3, r3
 2739 0518 9B00     		lsls	r3, r3, #2
 2740 051a 9BB2     		uxth	r3, r3
 2741 051c 03F28173 		addw	r3, r3, #1921
 2742 0520 9BB2     		uxth	r3, r3
ARM GAS  C:\Users\ggg88\AppData\Local\Temp\ccfc1YkT.s 			page 61


 2743 0522 1846     		mov	r0, r3
 2744 0524 FFF7FEFF 		bl	EEPROM_ReadByte
 2745 0528 0346     		mov	r3, r0
 2746 052a 9BB2     		uxth	r3, r3
 2747 052c 2344     		add	r3, r3, r4
 2748 052e 99B2     		uxth	r1, r3
 2749 0530 914A     		ldr	r2, .L227+8
 2750 0532 D7F8C830 		ldr	r3, [r7, #200]
 2751 0536 22F81310 		strh	r1, [r2, r3, lsl #1]	@ movhi
 627:main.c        ****     {
 2752              		.loc 1 627 0 discriminator 3
 2753 053a D7F8C830 		ldr	r3, [r7, #200]
 2754 053e 0133     		adds	r3, r3, #1
 2755 0540 C7F8C830 		str	r3, [r7, #200]
 2756              	.L60:
 627:main.c        ****     {
 2757              		.loc 1 627 0 is_stmt 0 discriminator 1
 2758 0544 D7F8C830 		ldr	r3, [r7, #200]
 2759 0548 092B     		cmp	r3, #9
 2760 054a B1DD     		ble	.L61
 2761              	.LBE14:
 631:main.c        ****     }
 632:main.c        ****     calculatePedalRatios();
 2762              		.loc 1 632 0 is_stmt 1
 2763 054c FFF7FEFF 		bl	calculatePedalRatios
 2764              	.LBB15:
 633:main.c        ****                 
 634:main.c        ****     
 635:main.c        ****     for (int i = 0; i < NUM_FRET_MEASUREMENTS; i++)
 2765              		.loc 1 635 0
 2766 0550 0023     		movs	r3, #0
 2767 0552 C7F8C430 		str	r3, [r7, #196]
 2768 0556 4AE0     		b	.L62
 2769              	.L63:
 636:main.c        ****     {
 637:main.c        ****         fretMeasurements[0][i] = (EEPROM_ReadByte(EEPROM_FRET_CALIBRATION_OFFSET + (i*4)) << 8) + (
 2770              		.loc 1 637 0 discriminator 3
 2771 0558 D7F8C430 		ldr	r3, [r7, #196]
 2772 055c 9BB2     		uxth	r3, r3
 2773 055e 9B00     		lsls	r3, r3, #2
 2774 0560 9BB2     		uxth	r3, r3
 2775 0562 03F2A673 		addw	r3, r3, #1958
 2776 0566 9BB2     		uxth	r3, r3
 2777 0568 1846     		mov	r0, r3
 2778 056a FFF7FEFF 		bl	EEPROM_ReadByte
 2779 056e 0346     		mov	r3, r0
 2780 0570 9BB2     		uxth	r3, r3
 2781 0572 1B02     		lsls	r3, r3, #8
 2782 0574 9CB2     		uxth	r4, r3
 2783 0576 D7F8C430 		ldr	r3, [r7, #196]
 2784 057a 9BB2     		uxth	r3, r3
 2785 057c 9B00     		lsls	r3, r3, #2
 2786 057e 9BB2     		uxth	r3, r3
 2787 0580 03F2A773 		addw	r3, r3, #1959
 2788 0584 9BB2     		uxth	r3, r3
 2789 0586 1846     		mov	r0, r3
 2790 0588 FFF7FEFF 		bl	EEPROM_ReadByte
ARM GAS  C:\Users\ggg88\AppData\Local\Temp\ccfc1YkT.s 			page 62


 2791 058c 0346     		mov	r3, r0
 2792 058e 9BB2     		uxth	r3, r3
 2793 0590 2344     		add	r3, r3, r4
 2794 0592 99B2     		uxth	r1, r3
 2795 0594 794A     		ldr	r2, .L227+12
 2796 0596 D7F8C430 		ldr	r3, [r7, #196]
 2797 059a 22F81310 		strh	r1, [r2, r3, lsl #1]	@ movhi
 638:main.c        ****         fretMeasurements[1][i] = (EEPROM_ReadByte(EEPROM_FRET_CALIBRATION_OFFSET + ((i*4) + 2)) << 
 2798              		.loc 1 638 0 discriminator 3
 2799 059e D7F8C430 		ldr	r3, [r7, #196]
 2800 05a2 03F5F573 		add	r3, r3, #490
 2801 05a6 9BB2     		uxth	r3, r3
 2802 05a8 9B00     		lsls	r3, r3, #2
 2803 05aa 9BB2     		uxth	r3, r3
 2804 05ac 1846     		mov	r0, r3
 2805 05ae FFF7FEFF 		bl	EEPROM_ReadByte
 2806 05b2 0346     		mov	r3, r0
 2807 05b4 9BB2     		uxth	r3, r3
 2808 05b6 1B02     		lsls	r3, r3, #8
 2809 05b8 9CB2     		uxth	r4, r3
 2810 05ba D7F8C430 		ldr	r3, [r7, #196]
 2811 05be 9BB2     		uxth	r3, r3
 2812 05c0 9B00     		lsls	r3, r3, #2
 2813 05c2 9BB2     		uxth	r3, r3
 2814 05c4 03F2A973 		addw	r3, r3, #1961
 2815 05c8 9BB2     		uxth	r3, r3
 2816 05ca 1846     		mov	r0, r3
 2817 05cc FFF7FEFF 		bl	EEPROM_ReadByte
 2818 05d0 0346     		mov	r3, r0
 2819 05d2 9BB2     		uxth	r3, r3
 2820 05d4 2344     		add	r3, r3, r4
 2821 05d6 99B2     		uxth	r1, r3
 2822 05d8 684A     		ldr	r2, .L227+12
 2823 05da D7F8C430 		ldr	r3, [r7, #196]
 2824 05de 0C33     		adds	r3, r3, #12
 2825 05e0 22F81310 		strh	r1, [r2, r3, lsl #1]	@ movhi
 635:main.c        ****     {
 2826              		.loc 1 635 0 discriminator 3
 2827 05e4 D7F8C430 		ldr	r3, [r7, #196]
 2828 05e8 0133     		adds	r3, r3, #1
 2829 05ea C7F8C430 		str	r3, [r7, #196]
 2830              	.L62:
 635:main.c        ****     {
 2831              		.loc 1 635 0 is_stmt 0 discriminator 1
 2832 05ee D7F8C430 		ldr	r3, [r7, #196]
 2833 05f2 0B2B     		cmp	r3, #11
 2834 05f4 B0DD     		ble	.L63
 2835              	.LBE15:
 2836              	.LBB16:
 639:main.c        ****     }
 640:main.c        ****     //blank out the preset names array so that we can tell when we get the real names from the synt
 641:main.c        ****     for (int i = 0; i < MAX_NUM_PRESETS; i++)
 2837              		.loc 1 641 0 is_stmt 1
 2838 05f6 0023     		movs	r3, #0
 2839 05f8 C7F8C030 		str	r3, [r7, #192]
 2840 05fc 80E0     		b	.L64
 2841              	.L75:
ARM GAS  C:\Users\ggg88\AppData\Local\Temp\ccfc1YkT.s 			page 63


 2842              	.LBB17:
 642:main.c        ****     {
 643:main.c        ****         for (int j = 0; j < PRESET_NAME_LENGTH_IN_BYTES; j++)
 2843              		.loc 1 643 0
 2844 05fe 0023     		movs	r3, #0
 2845 0600 C7F8BC30 		str	r3, [r7, #188]
 2846 0604 11E0     		b	.L65
 2847              	.L66:
 644:main.c        ****         {
 645:main.c        ****             presetNamesArray[i][j] = 255;
 2848              		.loc 1 645 0 discriminator 3
 2849 0606 5E49     		ldr	r1, .L227+16
 2850 0608 D7F8C020 		ldr	r2, [r7, #192]
 2851 060c 1346     		mov	r3, r2
 2852 060e DB00     		lsls	r3, r3, #3
 2853 0610 9B1A     		subs	r3, r3, r2
 2854 0612 5B00     		lsls	r3, r3, #1
 2855 0614 CA18     		adds	r2, r1, r3
 2856 0616 D7F8BC30 		ldr	r3, [r7, #188]
 2857 061a 1344     		add	r3, r3, r2
 2858 061c FF22     		movs	r2, #255
 2859 061e 1A70     		strb	r2, [r3]
 643:main.c        ****         {
 2860              		.loc 1 643 0 discriminator 3
 2861 0620 D7F8BC30 		ldr	r3, [r7, #188]
 2862 0624 0133     		adds	r3, r3, #1
 2863 0626 C7F8BC30 		str	r3, [r7, #188]
 2864              	.L65:
 643:main.c        ****         {
 2865              		.loc 1 643 0 is_stmt 0 discriminator 1
 2866 062a D7F8BC30 		ldr	r3, [r7, #188]
 2867 062e 0D2B     		cmp	r3, #13
 2868 0630 E9DD     		ble	.L66
 2869              	.LBE17:
 2870              	.LBB18:
 646:main.c        **** 
 647:main.c        ****         }
 648:main.c        ****         for (int j = 0; j < NUM_MACROS*NUM_MACRO_PAGES; j++)
 2871              		.loc 1 648 0 is_stmt 1
 2872 0632 0023     		movs	r3, #0
 2873 0634 C7F8B830 		str	r3, [r7, #184]
 2874 0638 24E0     		b	.L67
 2875              	.L70:
 2876              	.LBB19:
 649:main.c        ****         {
 650:main.c        ****             for (int k = 0; k < MACRO_NAME_LENGTH_IN_BYTES; k++)
 2877              		.loc 1 650 0
 2878 063a 0023     		movs	r3, #0
 2879 063c C7F8B430 		str	r3, [r7, #180]
 2880 0640 17E0     		b	.L68
 2881              	.L69:
 651:main.c        ****             {
 652:main.c        ****                 macroNamesArray[i][j][k] = 255;
 2882              		.loc 1 652 0 discriminator 3
 2883 0642 5048     		ldr	r0, .L227+20
 2884 0644 D7F8B830 		ldr	r3, [r7, #184]
 2885 0648 D7F8C010 		ldr	r1, [r7, #192]
ARM GAS  C:\Users\ggg88\AppData\Local\Temp\ccfc1YkT.s 			page 64


 2886 064c 1A46     		mov	r2, r3
 2887 064e D200     		lsls	r2, r2, #3
 2888 0650 1A44     		add	r2, r2, r3
 2889 0652 0B46     		mov	r3, r1
 2890 0654 DB00     		lsls	r3, r3, #3
 2891 0656 0B44     		add	r3, r3, r1
 2892 0658 1B01     		lsls	r3, r3, #4
 2893 065a 1344     		add	r3, r3, r2
 2894 065c C218     		adds	r2, r0, r3
 2895 065e D7F8B430 		ldr	r3, [r7, #180]
 2896 0662 1344     		add	r3, r3, r2
 2897 0664 FF22     		movs	r2, #255
 2898 0666 1A70     		strb	r2, [r3]
 650:main.c        ****             {
 2899              		.loc 1 650 0 discriminator 3
 2900 0668 D7F8B430 		ldr	r3, [r7, #180]
 2901 066c 0133     		adds	r3, r3, #1
 2902 066e C7F8B430 		str	r3, [r7, #180]
 2903              	.L68:
 650:main.c        ****             {
 2904              		.loc 1 650 0 is_stmt 0 discriminator 1
 2905 0672 D7F8B430 		ldr	r3, [r7, #180]
 2906 0676 082B     		cmp	r3, #8
 2907 0678 E3DD     		ble	.L69
 2908              	.LBE19:
 648:main.c        ****         {
 2909              		.loc 1 648 0 is_stmt 1 discriminator 2
 2910 067a D7F8B830 		ldr	r3, [r7, #184]
 2911 067e 0133     		adds	r3, r3, #1
 2912 0680 C7F8B830 		str	r3, [r7, #184]
 2913              	.L67:
 648:main.c        ****         {
 2914              		.loc 1 648 0 is_stmt 0 discriminator 1
 2915 0684 D7F8B830 		ldr	r3, [r7, #184]
 2916 0688 0F2B     		cmp	r3, #15
 2917 068a D6DD     		ble	.L70
 2918              	.LBE18:
 2919              	.LBB20:
 653:main.c        ****             }
 654:main.c        ****         }
 655:main.c        ****         for (int j = 0; j < NUM_CONTROLS; j++)
 2920              		.loc 1 655 0 is_stmt 1
 2921 068c 0023     		movs	r3, #0
 2922 068e C7F8B030 		str	r3, [r7, #176]
 2923 0692 26E0     		b	.L71
 2924              	.L74:
 2925              	.LBB21:
 656:main.c        ****         {
 657:main.c        ****             for (int k = 0; k < CONTROL_NAME_LENGTH_IN_BYTES; k++)
 2926              		.loc 1 657 0
 2927 0694 0023     		movs	r3, #0
 2928 0696 C7F8AC30 		str	r3, [r7, #172]
 2929 069a 19E0     		b	.L72
 2930              	.L73:
 658:main.c        ****             {
 659:main.c        ****                 controlNamesArray[i][j][k] = 255;
 2931              		.loc 1 659 0 discriminator 3
ARM GAS  C:\Users\ggg88\AppData\Local\Temp\ccfc1YkT.s 			page 65


 2932 069c 3A48     		ldr	r0, .L227+24
 2933 069e D7F8B030 		ldr	r3, [r7, #176]
 2934 06a2 D7F8C010 		ldr	r1, [r7, #192]
 2935 06a6 1A46     		mov	r2, r3
 2936 06a8 9200     		lsls	r2, r2, #2
 2937 06aa 1A44     		add	r2, r2, r3
 2938 06ac 5300     		lsls	r3, r2, #1
 2939 06ae 1A46     		mov	r2, r3
 2940 06b0 0B46     		mov	r3, r1
 2941 06b2 9B00     		lsls	r3, r3, #2
 2942 06b4 0B44     		add	r3, r3, r1
 2943 06b6 DB00     		lsls	r3, r3, #3
 2944 06b8 1344     		add	r3, r3, r2
 2945 06ba C218     		adds	r2, r0, r3
 2946 06bc D7F8AC30 		ldr	r3, [r7, #172]
 2947 06c0 1344     		add	r3, r3, r2
 2948 06c2 FF22     		movs	r2, #255
 2949 06c4 1A70     		strb	r2, [r3]
 657:main.c        ****             {
 2950              		.loc 1 657 0 discriminator 3
 2951 06c6 D7F8AC30 		ldr	r3, [r7, #172]
 2952 06ca 0133     		adds	r3, r3, #1
 2953 06cc C7F8AC30 		str	r3, [r7, #172]
 2954              	.L72:
 657:main.c        ****             {
 2955              		.loc 1 657 0 is_stmt 0 discriminator 1
 2956 06d0 D7F8AC30 		ldr	r3, [r7, #172]
 2957 06d4 092B     		cmp	r3, #9
 2958 06d6 E1DD     		ble	.L73
 2959              	.LBE21:
 655:main.c        ****         {
 2960              		.loc 1 655 0 is_stmt 1 discriminator 2
 2961 06d8 D7F8B030 		ldr	r3, [r7, #176]
 2962 06dc 0133     		adds	r3, r3, #1
 2963 06de C7F8B030 		str	r3, [r7, #176]
 2964              	.L71:
 655:main.c        ****         {
 2965              		.loc 1 655 0 is_stmt 0 discriminator 1
 2966 06e2 D7F8B030 		ldr	r3, [r7, #176]
 2967 06e6 032B     		cmp	r3, #3
 2968 06e8 D4DD     		ble	.L74
 2969              	.LBE20:
 660:main.c        ****             }
 661:main.c        ****         }
 662:main.c        ****         presetAlreadyDisplayed[i] = 0;
 2970              		.loc 1 662 0 is_stmt 1 discriminator 2
 2971 06ea 284A     		ldr	r2, .L227+28
 2972 06ec D7F8C030 		ldr	r3, [r7, #192]
 2973 06f0 1344     		add	r3, r3, r2
 2974 06f2 0022     		movs	r2, #0
 2975 06f4 1A70     		strb	r2, [r3]
 641:main.c        ****     {
 2976              		.loc 1 641 0 discriminator 2
 2977 06f6 D7F8C030 		ldr	r3, [r7, #192]
 2978 06fa 0133     		adds	r3, r3, #1
 2979 06fc C7F8C030 		str	r3, [r7, #192]
 2980              	.L64:
ARM GAS  C:\Users\ggg88\AppData\Local\Temp\ccfc1YkT.s 			page 66


 641:main.c        ****     {
 2981              		.loc 1 641 0 is_stmt 0 discriminator 1
 2982 0700 D7F8C030 		ldr	r3, [r7, #192]
 2983 0704 3F2B     		cmp	r3, #63
 2984 0706 7FF77AAF 		ble	.L75
 2985              	.LBE16:
 663:main.c        ****     }
 664:main.c        ****     LED_amber1_Write(0);
 2986              		.loc 1 664 0 is_stmt 1
 2987 070a 0020     		movs	r0, #0
 2988 070c FFF7FEFF 		bl	LED_amber1_Write
 665:main.c        ****     LED_amber2_Write(1);
 2989              		.loc 1 665 0
 2990 0710 0120     		movs	r0, #1
 2991 0712 FFF7FEFF 		bl	LED_amber2_Write
 666:main.c        ****     LED_amber3_Write(0);
 2992              		.loc 1 666 0
 2993 0716 0020     		movs	r0, #0
 2994 0718 FFF7FEFF 		bl	LED_amber3_Write
 667:main.c        ****     LED_amber4_Write(0);
 2995              		.loc 1 667 0
 2996 071c 0020     		movs	r0, #0
 2997 071e FFF7FEFF 		bl	LED_amber4_Write
 668:main.c        ****     LED_green1_Write(dualSlider);
 2998              		.loc 1 668 0
 2999 0722 1B4B     		ldr	r3, .L227+32
 3000 0724 1B78     		ldrb	r3, [r3]	@ zero_extendqisi2
 3001 0726 1846     		mov	r0, r3
 3002 0728 FFF7FEFF 		bl	LED_green1_Write
 669:main.c        ****     LED_red1_Write(currentNeck);
 3003              		.loc 1 669 0
 3004 072c 194B     		ldr	r3, .L227+36
 3005 072e 1B78     		ldrb	r3, [r3]	@ zero_extendqisi2
 3006 0730 1846     		mov	r0, r3
 3007 0732 FFF7FEFF 		bl	LED_red1_Write
 670:main.c        ****     LED_green2_Write(!currentNeck);
 3008              		.loc 1 670 0
 3009 0736 174B     		ldr	r3, .L227+36
 3010 0738 1B78     		ldrb	r3, [r3]	@ zero_extendqisi2
 3011 073a 002B     		cmp	r3, #0
 3012 073c 0CBF     		ite	eq
 3013 073e 0123     		moveq	r3, #1
 3014 0740 0023     		movne	r3, #0
 3015 0742 DBB2     		uxtb	r3, r3
 3016 0744 1846     		mov	r0, r3
 3017 0746 FFF7FEFF 		bl	LED_green2_Write
 671:main.c        ****     ADC_SAR_Seq_1_Start();
 3018              		.loc 1 671 0
 3019 074a FFF7FEFF 		bl	ADC_SAR_Seq_1_Start
 672:main.c        ****     ADC_SAR_Seq_1_StartConvert();
 3020              		.loc 1 672 0
 3021 074e FFF7FEFF 		bl	ADC_SAR_Seq_1_StartConvert
 673:main.c        **** 
 674:main.c        ****             
 675:main.c        ****     currentCopedent = necks[currentNeck];
 3022              		.loc 1 675 0
 3023 0752 104B     		ldr	r3, .L227+36
ARM GAS  C:\Users\ggg88\AppData\Local\Temp\ccfc1YkT.s 			page 67


 3024 0754 1B78     		ldrb	r3, [r3]	@ zero_extendqisi2
 3025 0756 1A46     		mov	r2, r3
 3026 0758 0F4B     		ldr	r3, .L227+40
 3027 075a 9A5C     		ldrb	r2, [r3, r2]	@ zero_extendqisi2
 3028 075c 0F4B     		ldr	r3, .L227+44
 3029 075e 1A70     		strb	r2, [r3]
 676:main.c        ****     CyDelay(10);
 3030              		.loc 1 676 0
 3031 0760 0A20     		movs	r0, #10
 3032 0762 FFF7FEFF 		bl	CyDelay
 3033              	.LBB22:
 677:main.c        ****     
 678:main.c        **** 
 679:main.c        **** 
 680:main.c        ****     for (int w = 0; w < 8; w++)
 3034              		.loc 1 680 0
 3035 0766 0023     		movs	r3, #0
 3036 0768 C7F8A830 		str	r3, [r7, #168]
 3037 076c 31E0     		b	.L76
 3038              	.L228:
 3039 076e 00BF     		.align	2
 3040              	.L227:
 3041 0770 00000000 		.word	copedent
 3042 0774 00000000 		.word	pedals_low
 3043 0778 00000000 		.word	pedals_high
 3044 077c 00000000 		.word	fretMeasurements
 3045 0780 00000000 		.word	presetNamesArray
 3046 0784 00000000 		.word	macroNamesArray
 3047 0788 00000000 		.word	controlNamesArray
 3048 078c 00000000 		.word	presetAlreadyDisplayed
 3049 0790 00000000 		.word	dualSlider
 3050 0794 00000000 		.word	currentNeck
 3051 0798 00000000 		.word	necks
 3052 079c 00000000 		.word	currentCopedent
 3053              	.L77:
 681:main.c        ****     {
 682:main.c        ****         I2Cbuff1[0] = (1 << 3) + w;
 3054              		.loc 1 682 0 discriminator 3
 3055 07a0 D7F8A830 		ldr	r3, [r7, #168]
 3056 07a4 DBB2     		uxtb	r3, r3
 3057 07a6 0833     		adds	r3, r3, #8
 3058 07a8 DAB2     		uxtb	r2, r3
 3059 07aa 9B4B     		ldr	r3, .L229
 3060 07ac 1A70     		strb	r2, [r3]
 683:main.c        ****         status = I2C_MasterWriteBlocking(0x72, 1, I2C_1_MODE_COMPLETE_XFER); 
 3061              		.loc 1 683 0 discriminator 3
 3062 07ae 0022     		movs	r2, #0
 3063 07b0 0121     		movs	r1, #1
 3064 07b2 7220     		movs	r0, #114
 3065 07b4 FFF7FEFF 		bl	I2C_MasterWriteBlocking
 3066 07b8 0346     		mov	r3, r0
 3067 07ba 1A46     		mov	r2, r3
 3068 07bc 974B     		ldr	r3, .L229+4
 3069 07be 1A60     		str	r2, [r3]
 684:main.c        ****         OLED_init(128, 32);
 3070              		.loc 1 684 0 discriminator 3
 3071 07c0 2021     		movs	r1, #32
ARM GAS  C:\Users\ggg88\AppData\Local\Temp\ccfc1YkT.s 			page 68


 3072 07c2 8020     		movs	r0, #128
 3073 07c4 FFF7FEFF 		bl	OLED_init
 680:main.c        ****     {
 3074              		.loc 1 680 0 discriminator 3
 3075 07c8 D7F8A830 		ldr	r3, [r7, #168]
 3076 07cc 0133     		adds	r3, r3, #1
 3077 07ce C7F8A830 		str	r3, [r7, #168]
 3078              	.L76:
 680:main.c        ****     {
 3079              		.loc 1 680 0 is_stmt 0 discriminator 1
 3080 07d2 D7F8A830 		ldr	r3, [r7, #168]
 3081 07d6 072B     		cmp	r3, #7
 3082 07d8 E2DD     		ble	.L77
 3083              	.LBE22:
 685:main.c        ****     }
 686:main.c        **** 
 687:main.c        ****     //initialize the macro knob adc to scan all knobs
 688:main.c        ****     I2Cbuff1[0] = 1<<2;
 3084              		.loc 1 688 0 is_stmt 1
 3085 07da 8F4B     		ldr	r3, .L229
 3086 07dc 0422     		movs	r2, #4
 3087 07de 1A70     		strb	r2, [r3]
 689:main.c        ****     status = I2C_MasterWriteBlocking(0x70, 1, I2C_1_MODE_COMPLETE_XFER);
 3088              		.loc 1 689 0
 3089 07e0 0022     		movs	r2, #0
 3090 07e2 0121     		movs	r1, #1
 3091 07e4 7020     		movs	r0, #112
 3092 07e6 FFF7FEFF 		bl	I2C_MasterWriteBlocking
 3093 07ea 0346     		mov	r3, r0
 3094 07ec 1A46     		mov	r2, r3
 3095 07ee 8B4B     		ldr	r3, .L229+4
 3096 07f0 1A60     		str	r2, [r3]
 690:main.c        ****     main_counter = 9;
 3097              		.loc 1 690 0
 3098 07f2 8B4B     		ldr	r3, .L229+8
 3099 07f4 0922     		movs	r2, #9
 3100 07f6 1A70     		strb	r2, [r3]
 691:main.c        **** 
 692:main.c        ****     I2Cbuff1[0] = 0xf; //message says scan single-ended mode from beginning to 8th knob (scan all k
 3101              		.loc 1 692 0
 3102 07f8 874B     		ldr	r3, .L229
 3103 07fa 0F22     		movs	r2, #15
 3104 07fc 1A70     		strb	r2, [r3]
 693:main.c        ****     status = I2C_MasterWriteBlocking(0x35, 1, I2C_1_MODE_COMPLETE_XFER);
 3105              		.loc 1 693 0
 3106 07fe 0022     		movs	r2, #0
 3107 0800 0121     		movs	r1, #1
 3108 0802 3520     		movs	r0, #53
 3109 0804 FFF7FEFF 		bl	I2C_MasterWriteBlocking
 3110 0808 0346     		mov	r3, r0
 3111 080a 1A46     		mov	r2, r3
 3112 080c 834B     		ldr	r3, .L229+4
 3113 080e 1A60     		str	r2, [r3]
 694:main.c        ****     
 695:main.c        **** 
 696:main.c        ****     SPIS_1_Start();  
 3114              		.loc 1 696 0
ARM GAS  C:\Users\ggg88\AppData\Local\Temp\ccfc1YkT.s 			page 69


 3115 0810 FFF7FEFF 		bl	SPIS_1_Start
 697:main.c        ****     SPIM_1_Start();  
 3116              		.loc 1 697 0
 3117 0814 FFF7FEFF 		bl	SPIM_1_Start
 698:main.c        ****     SPIS_2_Start(); 
 3118              		.loc 1 698 0
 3119 0818 FFF7FEFF 		bl	SPIS_2_Start
 699:main.c        ****     DmaTxConfiguration();
 3120              		.loc 1 699 0
 3121 081c FFF7FEFF 		bl	DmaTxConfiguration
 700:main.c        ****     DmaRxConfiguration();
 3122              		.loc 1 700 0
 3123 0820 FFF7FEFF 		bl	DmaRxConfiguration
 701:main.c        ****     isr_SPI1_ss_StartEx(spis_1_ss);
 3124              		.loc 1 701 0
 3125 0824 7F48     		ldr	r0, .L229+12
 3126 0826 FFF7FEFF 		bl	isr_SPI1_ss_StartEx
 702:main.c        ****     isr_SPI2_ss_StartEx(spis_2_ss);
 3127              		.loc 1 702 0
 3128 082a 7F48     		ldr	r0, .L229+16
 3129 082c FFF7FEFF 		bl	isr_SPI2_ss_StartEx
 703:main.c        ****     
 704:main.c        ****     myArray[30] = 254;
 3130              		.loc 1 704 0
 3131 0830 7E4B     		ldr	r3, .L229+20
 3132 0832 FE22     		movs	r2, #254
 3133 0834 9A77     		strb	r2, [r3, #30]
 705:main.c        ****     myArray[31] = 253;
 3134              		.loc 1 705 0
 3135 0836 7D4B     		ldr	r3, .L229+20
 3136 0838 FD22     		movs	r2, #253
 3137 083a DA77     		strb	r2, [r3, #31]
 706:main.c        **** 
 707:main.c        ****     main_counter = 0;
 3138              		.loc 1 707 0
 3139 083c 784B     		ldr	r3, .L229+8
 3140 083e 0022     		movs	r2, #0
 3141 0840 1A70     		strb	r2, [r3]
 3142              	.L216:
 708:main.c        ****     //burnInitialPedalZeroPositions();
 709:main.c        **** 	for(;;)
 710:main.c        ****     {
 711:main.c        ****         
 712:main.c        ****         if (parseThatMF)
 3143              		.loc 1 712 0
 3144 0842 7B4B     		ldr	r3, .L229+24
 3145 0844 1B78     		ldrb	r3, [r3]
 3146 0846 DBB2     		uxtb	r3, r3
 3147 0848 002B     		cmp	r3, #0
 3148 084a 01D0     		beq	.L78
 713:main.c        ****         {
 714:main.c        ****             parseSysex();
 3149              		.loc 1 714 0
 3150 084c FFF7FEFF 		bl	parseSysex
 3151              	.L78:
 715:main.c        ****         }
 716:main.c        ****        
ARM GAS  C:\Users\ggg88\AppData\Local\Temp\ccfc1YkT.s 			page 70


 717:main.c        ****         //testpin3_Write(1);
 718:main.c        ****        //sense levers and pedals
 719:main.c        ****         if (mux_states[main_counter][0] != last_mux)
 3152              		.loc 1 719 0
 3153 0850 734B     		ldr	r3, .L229+8
 3154 0852 1B78     		ldrb	r3, [r3]
 3155 0854 DBB2     		uxtb	r3, r3
 3156 0856 1A46     		mov	r2, r3
 3157 0858 764B     		ldr	r3, .L229+28
 3158 085a 13F81220 		ldrb	r2, [r3, r2, lsl #1]	@ zero_extendqisi2
 3159 085e 764B     		ldr	r3, .L229+32
 3160 0860 1B78     		ldrb	r3, [r3]	@ zero_extendqisi2
 3161 0862 9A42     		cmp	r2, r3
 3162 0864 26D0     		beq	.L79
 3163              	.LBB23:
 720:main.c        ****         {
 721:main.c        ****             I2Cbuff1[0] = 1<<mux_states[main_counter][0];
 3164              		.loc 1 721 0
 3165 0866 6E4B     		ldr	r3, .L229+8
 3166 0868 1B78     		ldrb	r3, [r3]
 3167 086a DBB2     		uxtb	r3, r3
 3168 086c 1A46     		mov	r2, r3
 3169 086e 714B     		ldr	r3, .L229+28
 3170 0870 13F81230 		ldrb	r3, [r3, r2, lsl #1]	@ zero_extendqisi2
 3171 0874 1A46     		mov	r2, r3
 3172 0876 0123     		movs	r3, #1
 3173 0878 9340     		lsls	r3, r3, r2
 3174 087a DAB2     		uxtb	r2, r3
 3175 087c 664B     		ldr	r3, .L229
 3176 087e 1A70     		strb	r2, [r3]
 722:main.c        ****             if (mux_states[main_counter][0] == 5) //slow down I2C communication if it's going throu
 3177              		.loc 1 722 0
 3178 0880 674B     		ldr	r3, .L229+8
 3179 0882 1B78     		ldrb	r3, [r3]
 3180 0884 DBB2     		uxtb	r3, r3
 3181 0886 1A46     		mov	r2, r3
 3182 0888 6A4B     		ldr	r3, .L229+28
 3183 088a 13F81230 		ldrb	r3, [r3, r2, lsl #1]	@ zero_extendqisi2
 3184 088e 052B     		cmp	r3, #5
 3185 0890 04D1     		bne	.L80
 723:main.c        ****             {
 724:main.c        ****                 Clock_2_SetDividerValue(13); //slow speed 400k
 3186              		.loc 1 724 0
 3187 0892 0121     		movs	r1, #1
 3188 0894 0C20     		movs	r0, #12
 3189 0896 FFF7FEFF 		bl	Clock_2_SetDividerRegister
 3190 089a 03E0     		b	.L81
 3191              	.L80:
 725:main.c        ****             }
 726:main.c        ****             else
 727:main.c        ****             {
 728:main.c        ****                 Clock_2_SetDividerValue(5); //otherwise full speed 1000k
 3192              		.loc 1 728 0
 3193 089c 0121     		movs	r1, #1
 3194 089e 0420     		movs	r0, #4
 3195 08a0 FFF7FEFF 		bl	Clock_2_SetDividerRegister
 3196              	.L81:
ARM GAS  C:\Users\ggg88\AppData\Local\Temp\ccfc1YkT.s 			page 71


 729:main.c        ****             }
 730:main.c        ****             uint8_t status = I2C_MasterWriteBlocking(0x70, 1, I2C_1_MODE_COMPLETE_XFER);
 3197              		.loc 1 730 0
 3198 08a4 0022     		movs	r2, #0
 3199 08a6 0121     		movs	r1, #1
 3200 08a8 7020     		movs	r0, #112
 3201 08aa FFF7FEFF 		bl	I2C_MasterWriteBlocking
 3202 08ae 0346     		mov	r3, r0
 3203 08b0 87F83F30 		strb	r3, [r7, #63]
 3204              	.L79:
 3205              	.LBE23:
 731:main.c        ****         }
 732:main.c        ****         last_mux = mux_states[main_counter][0];
 3206              		.loc 1 732 0
 3207 08b4 5A4B     		ldr	r3, .L229+8
 3208 08b6 1B78     		ldrb	r3, [r3]
 3209 08b8 DBB2     		uxtb	r3, r3
 3210 08ba 1A46     		mov	r2, r3
 3211 08bc 5D4B     		ldr	r3, .L229+28
 3212 08be 13F81220 		ldrb	r2, [r3, r2, lsl #1]	@ zero_extendqisi2
 3213 08c2 5D4B     		ldr	r3, .L229+32
 3214 08c4 1A70     		strb	r2, [r3]
 733:main.c        ****         
 734:main.c        ****         
 735:main.c        ****         CyDelayUs(10);
 3215              		.loc 1 735 0
 3216 08c6 0A20     		movs	r0, #10
 3217 08c8 FFF7FEFF 		bl	CyDelayUs
 736:main.c        ****         if (mux_states[main_counter][0] == 5)
 3218              		.loc 1 736 0
 3219 08cc 544B     		ldr	r3, .L229+8
 3220 08ce 1B78     		ldrb	r3, [r3]
 3221 08d0 DBB2     		uxtb	r3, r3
 3222 08d2 1A46     		mov	r2, r3
 3223 08d4 574B     		ldr	r3, .L229+28
 3224 08d6 13F81230 		ldrb	r3, [r3, r2, lsl #1]	@ zero_extendqisi2
 3225 08da 052B     		cmp	r3, #5
 3226 08dc 1DD1     		bne	.L82
 737:main.c        ****         {
 738:main.c        ****             if (!i2c_skipped[main_counter])
 3227              		.loc 1 738 0
 3228 08de 504B     		ldr	r3, .L229+8
 3229 08e0 1B78     		ldrb	r3, [r3]
 3230 08e2 DBB2     		uxtb	r3, r3
 3231 08e4 1A46     		mov	r2, r3
 3232 08e6 554B     		ldr	r3, .L229+36
 3233 08e8 9B5C     		ldrb	r3, [r3, r2]	@ zero_extendqisi2
 3234 08ea 002B     		cmp	r3, #0
 3235 08ec 15D1     		bne	.L82
 739:main.c        ****             {
 740:main.c        ****                 I2Cbuff1[0] = 1<<mux_states[main_counter][1];
 3236              		.loc 1 740 0
 3237 08ee 4C4B     		ldr	r3, .L229+8
 3238 08f0 1B78     		ldrb	r3, [r3]
 3239 08f2 DBB2     		uxtb	r3, r3
 3240 08f4 4F4A     		ldr	r2, .L229+28
 3241 08f6 5B00     		lsls	r3, r3, #1
ARM GAS  C:\Users\ggg88\AppData\Local\Temp\ccfc1YkT.s 			page 72


 3242 08f8 1344     		add	r3, r3, r2
 3243 08fa 5B78     		ldrb	r3, [r3, #1]	@ zero_extendqisi2
 3244 08fc 1A46     		mov	r2, r3
 3245 08fe 0123     		movs	r3, #1
 3246 0900 9340     		lsls	r3, r3, r2
 3247 0902 DAB2     		uxtb	r2, r3
 3248 0904 444B     		ldr	r3, .L229
 3249 0906 1A70     		strb	r2, [r3]
 741:main.c        ****                 status = I2C_MasterWriteBlocking(0x71, 1, I2C_1_MODE_COMPLETE_XFER);
 3250              		.loc 1 741 0
 3251 0908 0022     		movs	r2, #0
 3252 090a 0121     		movs	r1, #1
 3253 090c 7120     		movs	r0, #113
 3254 090e FFF7FEFF 		bl	I2C_MasterWriteBlocking
 3255 0912 0346     		mov	r3, r0
 3256 0914 1A46     		mov	r2, r3
 3257 0916 414B     		ldr	r3, .L229+4
 3258 0918 1A60     		str	r2, [r3]
 3259              	.L82:
 742:main.c        ****             }
 743:main.c        ****         }
 744:main.c        **** 
 745:main.c        ****         CyDelayUs(10);
 3260              		.loc 1 745 0
 3261 091a 0A20     		movs	r0, #10
 3262 091c FFF7FEFF 		bl	CyDelayUs
 746:main.c        ****         //if it's a hall sensor
 747:main.c        **** 
 748:main.c        ****         if (main_counter < 10)
 3263              		.loc 1 748 0
 3264 0920 3F4B     		ldr	r3, .L229+8
 3265 0922 1B78     		ldrb	r3, [r3]
 3266 0924 DBB2     		uxtb	r3, r3
 3267 0926 092B     		cmp	r3, #9
 3268 0928 00F2BE80 		bhi	.L83
 749:main.c        ****         {
 750:main.c        ****             if (!i2c_skipped[main_counter])
 3269              		.loc 1 750 0
 3270 092c 3C4B     		ldr	r3, .L229+8
 3271 092e 1B78     		ldrb	r3, [r3]
 3272 0930 DBB2     		uxtb	r3, r3
 3273 0932 1A46     		mov	r2, r3
 3274 0934 414B     		ldr	r3, .L229+36
 3275 0936 9B5C     		ldrb	r3, [r3, r2]	@ zero_extendqisi2
 3276 0938 002B     		cmp	r3, #0
 3277 093a 40F0B580 		bne	.L83
 751:main.c        ****             {
 752:main.c        ****                 //CyDelayUs(100);
 753:main.c        ****                 I2Cbuff1[0] = 0x0E;
 3278              		.loc 1 753 0
 3279 093e 364B     		ldr	r3, .L229
 3280 0940 0E22     		movs	r2, #14
 3281 0942 1A70     		strb	r2, [r3]
 754:main.c        ****                 status = I2C_MasterWriteBlocking(0x36, 1, I2C_1_MODE_NO_STOP);
 3282              		.loc 1 754 0
 3283 0944 0222     		movs	r2, #2
 3284 0946 0121     		movs	r1, #1
ARM GAS  C:\Users\ggg88\AppData\Local\Temp\ccfc1YkT.s 			page 73


 3285 0948 3620     		movs	r0, #54
 3286 094a FFF7FEFF 		bl	I2C_MasterWriteBlocking
 3287 094e 0346     		mov	r3, r0
 3288 0950 1A46     		mov	r2, r3
 3289 0952 324B     		ldr	r3, .L229+4
 3290 0954 1A60     		str	r2, [r3]
 755:main.c        ****                 if (status == 0)
 3291              		.loc 1 755 0
 3292 0956 314B     		ldr	r3, .L229+4
 3293 0958 1B68     		ldr	r3, [r3]
 3294 095a 002B     		cmp	r3, #0
 3295 095c 08D1     		bne	.L84
 756:main.c        ****                 {
 757:main.c        ****                     status = I2C_MasterReadBlocking(0x36, 2, I2C_1_MODE_REPEAT_START);
 3296              		.loc 1 757 0
 3297 095e 0122     		movs	r2, #1
 3298 0960 0221     		movs	r1, #2
 3299 0962 3620     		movs	r0, #54
 3300 0964 FFF7FEFF 		bl	I2C_MasterReadBlocking
 3301 0968 0346     		mov	r3, r0
 3302 096a 1A46     		mov	r2, r3
 3303 096c 2B4B     		ldr	r3, .L229+4
 3304 096e 1A60     		str	r2, [r3]
 3305              	.L84:
 758:main.c        ****                 }
 759:main.c        ****                 if (status  == 0)
 3306              		.loc 1 759 0
 3307 0970 2A4B     		ldr	r3, .L229+4
 3308 0972 1B68     		ldr	r3, [r3]
 3309 0974 002B     		cmp	r3, #0
 3310 0976 40F09780 		bne	.L83
 760:main.c        ****                 {
 761:main.c        ****                     //CyDelayUs(100);
 762:main.c        ****                     angle[main_counter] = I2Cbuff2[0] << 8;
 3311              		.loc 1 762 0
 3312 097a 294B     		ldr	r3, .L229+8
 3313 097c 1B78     		ldrb	r3, [r3]
 3314 097e DBB2     		uxtb	r3, r3
 3315 0980 1A46     		mov	r2, r3
 3316 0982 2F4B     		ldr	r3, .L229+40
 3317 0984 1B78     		ldrb	r3, [r3]
 3318 0986 DBB2     		uxtb	r3, r3
 3319 0988 9BB2     		uxth	r3, r3
 3320 098a 1B02     		lsls	r3, r3, #8
 3321 098c 99B2     		uxth	r1, r3
 3322 098e 2D4B     		ldr	r3, .L229+44
 3323 0990 23F81210 		strh	r1, [r3, r2, lsl #1]	@ movhi
 763:main.c        ****                     angle[main_counter] +=  I2Cbuff2[1];
 3324              		.loc 1 763 0
 3325 0994 2A4B     		ldr	r3, .L229+40
 3326 0996 5B78     		ldrb	r3, [r3, #1]
 3327 0998 D8B2     		uxtb	r0, r3
 3328 099a 214B     		ldr	r3, .L229+8
 3329 099c 1B78     		ldrb	r3, [r3]
 3330 099e DBB2     		uxtb	r3, r3
 3331 09a0 1946     		mov	r1, r3
 3332 09a2 1A46     		mov	r2, r3
ARM GAS  C:\Users\ggg88\AppData\Local\Temp\ccfc1YkT.s 			page 74


 3333 09a4 274B     		ldr	r3, .L229+44
 3334 09a6 33F81220 		ldrh	r2, [r3, r2, lsl #1]
 3335 09aa 83B2     		uxth	r3, r0
 3336 09ac 1344     		add	r3, r3, r2
 3337 09ae 9AB2     		uxth	r2, r3
 3338 09b0 244B     		ldr	r3, .L229+44
 3339 09b2 23F81120 		strh	r2, [r3, r1, lsl #1]	@ movhi
 764:main.c        ****                     
 765:main.c        ****                     if (leverCalibrationMode)
 3340              		.loc 1 765 0
 3341 09b6 244B     		ldr	r3, .L229+48
 3342 09b8 1B78     		ldrb	r3, [r3]	@ zero_extendqisi2
 3343 09ba 002B     		cmp	r3, #0
 3344 09bc 74D0     		beq	.L83
 766:main.c        ****                     {
 767:main.c        ****                         if (angle[main_counter] < pedals_low[main_counter])
 3345              		.loc 1 767 0
 3346 09be 184B     		ldr	r3, .L229+8
 3347 09c0 1B78     		ldrb	r3, [r3]
 3348 09c2 DBB2     		uxtb	r3, r3
 3349 09c4 1A46     		mov	r2, r3
 3350 09c6 1F4B     		ldr	r3, .L229+44
 3351 09c8 33F81220 		ldrh	r2, [r3, r2, lsl #1]
 3352 09cc 144B     		ldr	r3, .L229+8
 3353 09ce 1B78     		ldrb	r3, [r3]
 3354 09d0 DBB2     		uxtb	r3, r3
 3355 09d2 1946     		mov	r1, r3
 3356 09d4 1D4B     		ldr	r3, .L229+52
 3357 09d6 33F81130 		ldrh	r3, [r3, r1, lsl #1]
 3358 09da 9A42     		cmp	r2, r3
 3359 09dc 46D2     		bcs	.L85
 768:main.c        ****                         {
 769:main.c        ****                             if (main_counter == 0)
 3360              		.loc 1 769 0
 3361 09de 104B     		ldr	r3, .L229+8
 3362 09e0 1B78     		ldrb	r3, [r3]
 3363 09e2 DBB2     		uxtb	r3, r3
 3364 09e4 002B     		cmp	r3, #0
 3365 09e6 33D1     		bne	.L86
 770:main.c        ****                             {
 771:main.c        ****                                 if (angle[main_counter] != 0)
 3366              		.loc 1 771 0
 3367 09e8 0D4B     		ldr	r3, .L229+8
 3368 09ea 1B78     		ldrb	r3, [r3]
 3369 09ec DBB2     		uxtb	r3, r3
 3370 09ee 1A46     		mov	r2, r3
 3371 09f0 144B     		ldr	r3, .L229+44
 3372 09f2 33F81230 		ldrh	r3, [r3, r2, lsl #1]
 3373 09f6 002B     		cmp	r3, #0
 3374 09f8 38D0     		beq	.L85
 772:main.c        ****                                 {
 773:main.c        ****                                      pedals_low[main_counter] = angle[main_counter];
 3375              		.loc 1 773 0
 3376 09fa 094B     		ldr	r3, .L229+8
 3377 09fc 1B78     		ldrb	r3, [r3]
 3378 09fe DBB2     		uxtb	r3, r3
 3379 0a00 1A46     		mov	r2, r3
ARM GAS  C:\Users\ggg88\AppData\Local\Temp\ccfc1YkT.s 			page 75


 3380 0a02 074B     		ldr	r3, .L229+8
 3381 0a04 1B78     		ldrb	r3, [r3]
 3382 0a06 DBB2     		uxtb	r3, r3
 3383 0a08 1946     		mov	r1, r3
 3384 0a0a 0E4B     		ldr	r3, .L229+44
 3385 0a0c 33F81110 		ldrh	r1, [r3, r1, lsl #1]
 3386 0a10 0E4B     		ldr	r3, .L229+52
 3387 0a12 23F81210 		strh	r1, [r3, r2, lsl #1]	@ movhi
 3388 0a16 29E0     		b	.L85
 3389              	.L230:
 3390              		.align	2
 3391              	.L229:
 3392 0a18 00000000 		.word	I2Cbuff1
 3393 0a1c 00000000 		.word	status
 3394 0a20 00000000 		.word	main_counter
 3395 0a24 00000000 		.word	spis_1_ss
 3396 0a28 00000000 		.word	spis_2_ss
 3397 0a2c 00000000 		.word	myArray
 3398 0a30 00000000 		.word	parseThatMF
 3399 0a34 00000000 		.word	mux_states
 3400 0a38 00000000 		.word	last_mux
 3401 0a3c 00000000 		.word	i2c_skipped
 3402 0a40 00000000 		.word	I2Cbuff2
 3403 0a44 00000000 		.word	angle
 3404 0a48 00000000 		.word	leverCalibrationMode
 3405 0a4c 00000000 		.word	pedals_low
 3406              	.L86:
 774:main.c        ****                                      
 775:main.c        ****                                 }
 776:main.c        ****                             }
 777:main.c        ****                             else
 778:main.c        ****                             {
 779:main.c        ****                                 pedals_low[main_counter] = angle[main_counter];
 3407              		.loc 1 779 0
 3408 0a50 AD4B     		ldr	r3, .L231
 3409 0a52 1B78     		ldrb	r3, [r3]
 3410 0a54 DBB2     		uxtb	r3, r3
 3411 0a56 1A46     		mov	r2, r3
 3412 0a58 AB4B     		ldr	r3, .L231
 3413 0a5a 1B78     		ldrb	r3, [r3]
 3414 0a5c DBB2     		uxtb	r3, r3
 3415 0a5e 1946     		mov	r1, r3
 3416 0a60 AA4B     		ldr	r3, .L231+4
 3417 0a62 33F81110 		ldrh	r1, [r3, r1, lsl #1]
 3418 0a66 AA4B     		ldr	r3, .L231+8
 3419 0a68 23F81210 		strh	r1, [r3, r2, lsl #1]	@ movhi
 3420              	.L85:
 780:main.c        ****                                
 781:main.c        ****                             }
 782:main.c        ****                             
 783:main.c        ****                         }
 784:main.c        ****                         if (angle[main_counter] > pedals_high[main_counter])
 3421              		.loc 1 784 0
 3422 0a6c A64B     		ldr	r3, .L231
 3423 0a6e 1B78     		ldrb	r3, [r3]
 3424 0a70 DBB2     		uxtb	r3, r3
 3425 0a72 1A46     		mov	r2, r3
ARM GAS  C:\Users\ggg88\AppData\Local\Temp\ccfc1YkT.s 			page 76


 3426 0a74 A54B     		ldr	r3, .L231+4
 3427 0a76 33F81220 		ldrh	r2, [r3, r2, lsl #1]
 3428 0a7a A34B     		ldr	r3, .L231
 3429 0a7c 1B78     		ldrb	r3, [r3]
 3430 0a7e DBB2     		uxtb	r3, r3
 3431 0a80 1946     		mov	r1, r3
 3432 0a82 A44B     		ldr	r3, .L231+12
 3433 0a84 33F81130 		ldrh	r3, [r3, r1, lsl #1]
 3434 0a88 9A42     		cmp	r2, r3
 3435 0a8a 0DD9     		bls	.L83
 785:main.c        ****                         {
 786:main.c        ****                              pedals_high[main_counter] = angle[main_counter];
 3436              		.loc 1 786 0
 3437 0a8c 9E4B     		ldr	r3, .L231
 3438 0a8e 1B78     		ldrb	r3, [r3]
 3439 0a90 DBB2     		uxtb	r3, r3
 3440 0a92 1A46     		mov	r2, r3
 3441 0a94 9C4B     		ldr	r3, .L231
 3442 0a96 1B78     		ldrb	r3, [r3]
 3443 0a98 DBB2     		uxtb	r3, r3
 3444 0a9a 1946     		mov	r1, r3
 3445 0a9c 9B4B     		ldr	r3, .L231+4
 3446 0a9e 33F81110 		ldrh	r1, [r3, r1, lsl #1]
 3447 0aa2 9C4B     		ldr	r3, .L231+12
 3448 0aa4 23F81210 		strh	r1, [r3, r2, lsl #1]	@ movhi
 3449              	.L83:
 787:main.c        ****                              
 788:main.c        ****                         }
 789:main.c        ****                     }
 790:main.c        ****                 }
 791:main.c        ****             }
 792:main.c        ****         }
 793:main.c        ****         
 794:main.c        ****         //in addition to the hall sensor on {2,0} (the vertical knee lever) of the muxes, there is 
 795:main.c        ****         if (main_counter == 9)
 3450              		.loc 1 795 0
 3451 0aa8 974B     		ldr	r3, .L231
 3452 0aaa 1B78     		ldrb	r3, [r3]
 3453 0aac DBB2     		uxtb	r3, r3
 3454 0aae 092B     		cmp	r3, #9
 3455 0ab0 40F0F980 		bne	.L88
 796:main.c        ****         {
 797:main.c        ****             if (!i2c_skipped[main_counter])
 3456              		.loc 1 797 0
 3457 0ab4 944B     		ldr	r3, .L231
 3458 0ab6 1B78     		ldrb	r3, [r3]
 3459 0ab8 DBB2     		uxtb	r3, r3
 3460 0aba 1A46     		mov	r2, r3
 3461 0abc 964B     		ldr	r3, .L231+16
 3462 0abe 9B5C     		ldrb	r3, [r3, r2]	@ zero_extendqisi2
 3463 0ac0 002B     		cmp	r3, #0
 3464 0ac2 40F06C81 		bne	.L100
 798:main.c        ****             {
 799:main.c        ****                 //scan the knob adc
 800:main.c        ****                 I2Cbuff1[0] = 0x0;      
 3465              		.loc 1 800 0
 3466 0ac6 954B     		ldr	r3, .L231+20
ARM GAS  C:\Users\ggg88\AppData\Local\Temp\ccfc1YkT.s 			page 77


 3467 0ac8 0022     		movs	r2, #0
 3468 0aca 1A70     		strb	r2, [r3]
 801:main.c        ****                 status = I2C_MasterReadBlocking(0x35, 16, I2C_1_MODE_COMPLETE_XFER);
 3469              		.loc 1 801 0
 3470 0acc 0022     		movs	r2, #0
 3471 0ace 1021     		movs	r1, #16
 3472 0ad0 3520     		movs	r0, #53
 3473 0ad2 FFF7FEFF 		bl	I2C_MasterReadBlocking
 3474 0ad6 0346     		mov	r3, r0
 3475 0ad8 1A46     		mov	r2, r3
 3476 0ada 914B     		ldr	r3, .L231+24
 3477 0adc 1A60     		str	r2, [r3]
 802:main.c        ****                 if (status == 0)
 3478              		.loc 1 802 0
 3479 0ade 904B     		ldr	r3, .L231+24
 3480 0ae0 1B68     		ldr	r3, [r3]
 3481 0ae2 002B     		cmp	r3, #0
 3482 0ae4 40F05B81 		bne	.L100
 3483              	.LBB24:
 803:main.c        ****                 {
 804:main.c        ****                     for (int i = 0; i < 8; i++)
 3484              		.loc 1 804 0
 3485 0ae8 0023     		movs	r3, #0
 3486 0aea C7F8A430 		str	r3, [r7, #164]
 3487 0aee 7EE0     		b	.L90
 3488              	.L97:
 3489              	.LBB25:
 805:main.c        ****                     {
 806:main.c        ****                        uint8_t myKnob = i+whichMacroPageIsActive;
 3490              		.loc 1 806 0
 3491 0af0 D7F8A430 		ldr	r3, [r7, #164]
 3492 0af4 DAB2     		uxtb	r2, r3
 3493 0af6 8B4B     		ldr	r3, .L231+28
 3494 0af8 1B78     		ldrb	r3, [r3]	@ zero_extendqisi2
 3495 0afa 1344     		add	r3, r3, r2
 3496 0afc BB71     		strb	r3, [r7, #6]
 807:main.c        ****                         uint16_t tempInt =((I2Cbuff2[i*2] << 8) + (I2Cbuff2[(i*2) + 1] & 255)) & 40
 3497              		.loc 1 807 0
 3498 0afe D7F8A430 		ldr	r3, [r7, #164]
 3499 0b02 5B00     		lsls	r3, r3, #1
 3500 0b04 884A     		ldr	r2, .L231+32
 3501 0b06 D35C     		ldrb	r3, [r2, r3]
 3502 0b08 DBB2     		uxtb	r3, r3
 3503 0b0a 9BB2     		uxth	r3, r3
 3504 0b0c 1B02     		lsls	r3, r3, #8
 3505 0b0e 9AB2     		uxth	r2, r3
 3506 0b10 D7F8A430 		ldr	r3, [r7, #164]
 3507 0b14 5B00     		lsls	r3, r3, #1
 3508 0b16 0133     		adds	r3, r3, #1
 3509 0b18 8349     		ldr	r1, .L231+32
 3510 0b1a CB5C     		ldrb	r3, [r1, r3]
 3511 0b1c DBB2     		uxtb	r3, r3
 3512 0b1e 9BB2     		uxth	r3, r3
 3513 0b20 1344     		add	r3, r3, r2
 3514 0b22 9BB2     		uxth	r3, r3
 3515 0b24 C3F30B03 		ubfx	r3, r3, #0, #12
 3516 0b28 BB80     		strh	r3, [r7, #4]	@ movhi
ARM GAS  C:\Users\ggg88\AppData\Local\Temp\ccfc1YkT.s 			page 78


 808:main.c        ****                         int16_t tempSquished = 255 - (tempInt >> 4);
 3517              		.loc 1 808 0
 3518 0b2a BB88     		ldrh	r3, [r7, #4]
 3519 0b2c 1B09     		lsrs	r3, r3, #4
 3520 0b2e 9BB2     		uxth	r3, r3
 3521 0b30 C3F1FF03 		rsb	r3, r3, #255
 3522 0b34 9BB2     		uxth	r3, r3
 3523 0b36 7B80     		strh	r3, [r7, #2]	@ movhi
 809:main.c        ****                         if (knobFrozen[myKnob] == 1)
 3524              		.loc 1 809 0
 3525 0b38 BB79     		ldrb	r3, [r7, #6]	@ zero_extendqisi2
 3526 0b3a 7C4A     		ldr	r2, .L231+36
 3527 0b3c D35C     		ldrb	r3, [r2, r3]	@ zero_extendqisi2
 3528 0b3e 012B     		cmp	r3, #1
 3529 0b40 1BD1     		bne	.L91
 810:main.c        ****                         {
 811:main.c        ****                             if ((tempSquished > prevMacroKnobValues[myKnob] + 4) || (tempSquished <
 3530              		.loc 1 811 0
 3531 0b42 B7F90220 		ldrsh	r2, [r7, #2]
 3532 0b46 BB79     		ldrb	r3, [r7, #6]	@ zero_extendqisi2
 3533 0b48 7949     		ldr	r1, .L231+40
 3534 0b4a 31F91330 		ldrsh	r3, [r1, r3, lsl #1]
 3535 0b4e 0433     		adds	r3, r3, #4
 3536 0b50 9A42     		cmp	r2, r3
 3537 0b52 08DC     		bgt	.L92
 3538              		.loc 1 811 0 is_stmt 0 discriminator 1
 3539 0b54 B7F90220 		ldrsh	r2, [r7, #2]
 3540 0b58 BB79     		ldrb	r3, [r7, #6]	@ zero_extendqisi2
 3541 0b5a 7549     		ldr	r1, .L231+40
 3542 0b5c 31F91330 		ldrsh	r3, [r1, r3, lsl #1]
 3543 0b60 043B     		subs	r3, r3, #4
 3544 0b62 9A42     		cmp	r2, r3
 3545 0b64 3EDA     		bge	.L94
 3546              	.L92:
 812:main.c        ****                             {
 813:main.c        ****                                 //update
 814:main.c        ****                                 macroKnobValues[myKnob] = tempSquished;
 3547              		.loc 1 814 0 is_stmt 1
 3548 0b66 BB79     		ldrb	r3, [r7, #6]	@ zero_extendqisi2
 3549 0b68 7A88     		ldrh	r2, [r7, #2]	@ movhi
 3550 0b6a D1B2     		uxtb	r1, r2
 3551 0b6c 714A     		ldr	r2, .L231+44
 3552 0b6e D154     		strb	r1, [r2, r3]
 815:main.c        ****                                 knobFrozen[myKnob] = 0;
 3553              		.loc 1 815 0
 3554 0b70 BB79     		ldrb	r3, [r7, #6]	@ zero_extendqisi2
 3555 0b72 6E4A     		ldr	r2, .L231+36
 3556 0b74 0021     		movs	r1, #0
 3557 0b76 D154     		strb	r1, [r2, r3]
 3558 0b78 34E0     		b	.L94
 3559              	.L91:
 816:main.c        ****                             }
 817:main.c        ****                         }
 818:main.c        ****                         else
 819:main.c        ****                         {
 820:main.c        ****                             macroKnobValues[myKnob] = tempSquished; //now squish it down to 8 bit f
 3560              		.loc 1 820 0
ARM GAS  C:\Users\ggg88\AppData\Local\Temp\ccfc1YkT.s 			page 79


 3561 0b7a BB79     		ldrb	r3, [r7, #6]	@ zero_extendqisi2
 3562 0b7c 7A88     		ldrh	r2, [r7, #2]	@ movhi
 3563 0b7e D1B2     		uxtb	r1, r2
 3564 0b80 6C4A     		ldr	r2, .L231+44
 3565 0b82 D154     		strb	r1, [r2, r3]
 821:main.c        ****                             if (midiSendOn)
 3566              		.loc 1 821 0
 3567 0b84 6C4B     		ldr	r3, .L231+48
 3568 0b86 1B78     		ldrb	r3, [r3]	@ zero_extendqisi2
 3569 0b88 002B     		cmp	r3, #0
 3570 0b8a 26D0     		beq	.L95
 822:main.c        ****                             {
 823:main.c        ****                                 macroKnobValues7bit[myKnob] = macroKnobValues[myKnob] >> 1;
 3571              		.loc 1 823 0
 3572 0b8c BB79     		ldrb	r3, [r7, #6]	@ zero_extendqisi2
 3573 0b8e BA79     		ldrb	r2, [r7, #6]	@ zero_extendqisi2
 3574 0b90 6849     		ldr	r1, .L231+44
 3575 0b92 8A5C     		ldrb	r2, [r1, r2]	@ zero_extendqisi2
 3576 0b94 5208     		lsrs	r2, r2, #1
 3577 0b96 D1B2     		uxtb	r1, r2
 3578 0b98 684A     		ldr	r2, .L231+52
 3579 0b9a D154     		strb	r1, [r2, r3]
 824:main.c        ****                                 if (macroKnobValues7bit[myKnob] != prevMacroKnobValues7bit[myKnob])
 3580              		.loc 1 824 0
 3581 0b9c BB79     		ldrb	r3, [r7, #6]	@ zero_extendqisi2
 3582 0b9e 674A     		ldr	r2, .L231+52
 3583 0ba0 D25C     		ldrb	r2, [r2, r3]	@ zero_extendqisi2
 3584 0ba2 BB79     		ldrb	r3, [r7, #6]	@ zero_extendqisi2
 3585 0ba4 6649     		ldr	r1, .L231+56
 3586 0ba6 CB5C     		ldrb	r3, [r1, r3]	@ zero_extendqisi2
 3587 0ba8 9A42     		cmp	r2, r3
 3588 0baa 10D0     		beq	.L96
 825:main.c        ****                                 {
 826:main.c        ****                                     sendMIDIControlChange(i+1 + (3*whichMacroPageIsActive), macroKn
 3589              		.loc 1 826 0
 3590 0bac D7F8A430 		ldr	r3, [r7, #164]
 3591 0bb0 5A1C     		adds	r2, r3, #1
 3592 0bb2 5C4B     		ldr	r3, .L231+28
 3593 0bb4 1B78     		ldrb	r3, [r3]	@ zero_extendqisi2
 3594 0bb6 1946     		mov	r1, r3
 3595 0bb8 0B46     		mov	r3, r1
 3596 0bba 5B00     		lsls	r3, r3, #1
 3597 0bbc 0B44     		add	r3, r3, r1
 3598 0bbe D018     		adds	r0, r2, r3
 3599 0bc0 BB79     		ldrb	r3, [r7, #6]	@ zero_extendqisi2
 3600 0bc2 5E4A     		ldr	r2, .L231+52
 3601 0bc4 D35C     		ldrb	r3, [r2, r3]	@ zero_extendqisi2
 3602 0bc6 0022     		movs	r2, #0
 3603 0bc8 1946     		mov	r1, r3
 3604 0bca FFF7FEFF 		bl	sendMIDIControlChange
 3605              	.L96:
 827:main.c        ****                                 }
 828:main.c        ****                                 prevMacroKnobValues7bit[myKnob] = macroKnobValues7bit[myKnob];
 3606              		.loc 1 828 0
 3607 0bce BB79     		ldrb	r3, [r7, #6]	@ zero_extendqisi2
 3608 0bd0 BA79     		ldrb	r2, [r7, #6]	@ zero_extendqisi2
 3609 0bd2 5A49     		ldr	r1, .L231+52
ARM GAS  C:\Users\ggg88\AppData\Local\Temp\ccfc1YkT.s 			page 80


 3610 0bd4 895C     		ldrb	r1, [r1, r2]	@ zero_extendqisi2
 3611 0bd6 5A4A     		ldr	r2, .L231+56
 3612 0bd8 D154     		strb	r1, [r2, r3]
 3613              	.L95:
 829:main.c        ****                             }
 830:main.c        ****                             prevMacroKnobValues[myKnob] =  tempSquished;
 3614              		.loc 1 830 0
 3615 0bda BB79     		ldrb	r3, [r7, #6]	@ zero_extendqisi2
 3616 0bdc 5449     		ldr	r1, .L231+40
 3617 0bde 7A88     		ldrh	r2, [r7, #2]	@ movhi
 3618 0be0 21F81320 		strh	r2, [r1, r3, lsl #1]	@ movhi
 3619              	.L94:
 3620              	.LBE25:
 804:main.c        ****                     {
 3621              		.loc 1 804 0 discriminator 2
 3622 0be4 D7F8A430 		ldr	r3, [r7, #164]
 3623 0be8 0133     		adds	r3, r3, #1
 3624 0bea C7F8A430 		str	r3, [r7, #164]
 3625              	.L90:
 804:main.c        ****                     {
 3626              		.loc 1 804 0 is_stmt 0 discriminator 1
 3627 0bee D7F8A430 		ldr	r3, [r7, #164]
 3628 0bf2 072B     		cmp	r3, #7
 3629 0bf4 7FF77CAF 		ble	.L97
 3630              	.LBE24:
 831:main.c        ****                         }
 832:main.c        **** 
 833:main.c        ****                     }
 834:main.c        ****                     //
 835:main.c        ****                     if (macroOLEDWaitingToSend == 2)
 3631              		.loc 1 835 0 is_stmt 1
 3632 0bf8 524B     		ldr	r3, .L231+60
 3633 0bfa 1B78     		ldrb	r3, [r3]	@ zero_extendqisi2
 3634 0bfc 022B     		cmp	r3, #2
 3635 0bfe 40F0CE80 		bne	.L100
 836:main.c        ****                     {
 837:main.c        ****                         //send the data to the little macro OLED screens
 838:main.c        ****                         
 839:main.c        ****                         I2Cbuff1[0] = (1 << 3) + whichMacro;
 3636              		.loc 1 839 0
 3637 0c02 514B     		ldr	r3, .L231+64
 3638 0c04 1B78     		ldrb	r3, [r3]	@ zero_extendqisi2
 3639 0c06 0833     		adds	r3, r3, #8
 3640 0c08 DAB2     		uxtb	r2, r3
 3641 0c0a 444B     		ldr	r3, .L231+20
 3642 0c0c 1A70     		strb	r2, [r3]
 840:main.c        ****                         status = I2C_MasterWriteBlocking(0x72, 1, I2C_1_MODE_COMPLETE_XFER); 
 3643              		.loc 1 840 0
 3644 0c0e 0022     		movs	r2, #0
 3645 0c10 0121     		movs	r1, #1
 3646 0c12 7220     		movs	r0, #114
 3647 0c14 FFF7FEFF 		bl	I2C_MasterWriteBlocking
 3648 0c18 0346     		mov	r3, r0
 3649 0c1a 1A46     		mov	r2, r3
 3650 0c1c 404B     		ldr	r3, .L231+24
 3651 0c1e 1A60     		str	r2, [r3]
 841:main.c        ****                         //OLED_init(128, 32);
ARM GAS  C:\Users\ggg88\AppData\Local\Temp\ccfc1YkT.s 			page 81


 842:main.c        ****                         OLEDclear(128, 32);
 3652              		.loc 1 842 0
 3653 0c20 2021     		movs	r1, #32
 3654 0c22 8020     		movs	r0, #128
 3655 0c24 FFF7FEFF 		bl	OLEDclear
 843:main.c        ****                         //OLEDwriteInt(w , 1, 0,FirstLine);
 844:main.c        ****                         //OLEDwriteString(" ", 1, OLEDgetCursor(), FourthLine);
 845:main.c        ****                         myGFX_setFont(1);
 3656              		.loc 1 845 0
 3657 0c28 0120     		movs	r0, #1
 3658 0c2a FFF7FEFF 		bl	myGFX_setFont
 846:main.c        ****                          //make sure we didn't switch stuff while the display was updating
 847:main.c        ****                         if ((presetWhenMacroWriteStarted != patchNum)  || (macroPageWhenMacroWriteS
 3659              		.loc 1 847 0
 3660 0c2e 474B     		ldr	r3, .L231+68
 3661 0c30 1A78     		ldrb	r2, [r3]	@ zero_extendqisi2
 3662 0c32 474B     		ldr	r3, .L231+72
 3663 0c34 1B78     		ldrb	r3, [r3]	@ zero_extendqisi2
 3664 0c36 9A42     		cmp	r2, r3
 3665 0c38 05D1     		bne	.L98
 3666              		.loc 1 847 0 is_stmt 0 discriminator 1
 3667 0c3a 464B     		ldr	r3, .L231+76
 3668 0c3c 1A78     		ldrb	r2, [r3]	@ zero_extendqisi2
 3669 0c3e 394B     		ldr	r3, .L231+28
 3670 0c40 1B78     		ldrb	r3, [r3]	@ zero_extendqisi2
 3671 0c42 9A42     		cmp	r2, r3
 3672 0c44 02D0     		beq	.L99
 3673              	.L98:
 848:main.c        ****                         {
 849:main.c        ****                             whichMacro = 0;
 3674              		.loc 1 849 0 is_stmt 1
 3675 0c46 404B     		ldr	r3, .L231+64
 3676 0c48 0022     		movs	r2, #0
 3677 0c4a 1A70     		strb	r2, [r3]
 3678              	.L99:
 850:main.c        ****                         }
 851:main.c        ****                         //GFXsetFont(&theGFX,  &SourceCodePro_Regular14pt7b);
 852:main.c        ****                         OLEDwriteLineMiddle((char *)&macroNamesArray[patchNum][whichMacro+whichMacr
 3679              		.loc 1 852 0
 3680 0c4c 404B     		ldr	r3, .L231+72
 3681 0c4e 1B78     		ldrb	r3, [r3]	@ zero_extendqisi2
 3682 0c50 1946     		mov	r1, r3
 3683 0c52 3D4B     		ldr	r3, .L231+64
 3684 0c54 1B78     		ldrb	r3, [r3]	@ zero_extendqisi2
 3685 0c56 1A46     		mov	r2, r3
 3686 0c58 324B     		ldr	r3, .L231+28
 3687 0c5a 1B78     		ldrb	r3, [r3]	@ zero_extendqisi2
 3688 0c5c 1344     		add	r3, r3, r2
 3689 0c5e 1A46     		mov	r2, r3
 3690 0c60 D200     		lsls	r2, r2, #3
 3691 0c62 1A44     		add	r2, r2, r3
 3692 0c64 0B46     		mov	r3, r1
 3693 0c66 DB00     		lsls	r3, r3, #3
 3694 0c68 0B44     		add	r3, r3, r1
 3695 0c6a 1B01     		lsls	r3, r3, #4
 3696 0c6c 1344     		add	r3, r3, r2
 3697 0c6e 3A4A     		ldr	r2, .L231+80
ARM GAS  C:\Users\ggg88\AppData\Local\Temp\ccfc1YkT.s 			page 82


 3698 0c70 1344     		add	r3, r3, r2
 3699 0c72 0921     		movs	r1, #9
 3700 0c74 1846     		mov	r0, r3
 3701 0c76 FFF7FEFF 		bl	OLEDwriteLineMiddle
 853:main.c        ****                         OLED_draw(128, 32);
 3702              		.loc 1 853 0
 3703 0c7a 2021     		movs	r1, #32
 3704 0c7c 8020     		movs	r0, #128
 3705 0c7e FFF7FEFF 		bl	OLED_draw
 854:main.c        **** 
 855:main.c        ****                         whichMacro++;
 3706              		.loc 1 855 0
 3707 0c82 314B     		ldr	r3, .L231+64
 3708 0c84 1B78     		ldrb	r3, [r3]	@ zero_extendqisi2
 3709 0c86 0133     		adds	r3, r3, #1
 3710 0c88 DAB2     		uxtb	r2, r3
 3711 0c8a 2F4B     		ldr	r3, .L231+64
 3712 0c8c 1A70     		strb	r2, [r3]
 856:main.c        ****                         if (whichMacro >= NUM_MACROS)
 3713              		.loc 1 856 0
 3714 0c8e 2E4B     		ldr	r3, .L231+64
 3715 0c90 1B78     		ldrb	r3, [r3]	@ zero_extendqisi2
 3716 0c92 072B     		cmp	r3, #7
 3717 0c94 40F28380 		bls	.L100
 857:main.c        ****                         {
 858:main.c        ****                             macroOLEDWaitingToSend = 0;
 3718              		.loc 1 858 0
 3719 0c98 2A4B     		ldr	r3, .L231+60
 3720 0c9a 0022     		movs	r2, #0
 3721 0c9c 1A70     		strb	r2, [r3]
 859:main.c        ****                             whichMacro = 0;
 3722              		.loc 1 859 0
 3723 0c9e 2A4B     		ldr	r3, .L231+64
 3724 0ca0 0022     		movs	r2, #0
 3725 0ca2 1A70     		strb	r2, [r3]
 3726 0ca4 7BE0     		b	.L100
 3727              	.L88:
 860:main.c        ****                            
 861:main.c        **** 
 862:main.c        ****                         }
 863:main.c        ****                     }
 864:main.c        ****                 }
 865:main.c        ****             }
 866:main.c        ****             
 867:main.c        ****         }
 868:main.c        ****         //otherwise it's the ADC for the foot pedal
 869:main.c        ****         else if (main_counter == 10)
 3728              		.loc 1 869 0
 3729 0ca6 184B     		ldr	r3, .L231
 3730 0ca8 1B78     		ldrb	r3, [r3]
 3731 0caa DBB2     		uxtb	r3, r3
 3732 0cac 0A2B     		cmp	r3, #10
 3733 0cae 57D1     		bne	.L101
 870:main.c        ****         {
 871:main.c        ****             //0x4f (0x4D?) is the 7=-bit version of the MCP3221 address, might need to be shifted o
 872:main.c        ****             if (!i2c_skipped[main_counter])
 3734              		.loc 1 872 0
ARM GAS  C:\Users\ggg88\AppData\Local\Temp\ccfc1YkT.s 			page 83


 3735 0cb0 154B     		ldr	r3, .L231
 3736 0cb2 1B78     		ldrb	r3, [r3]
 3737 0cb4 DBB2     		uxtb	r3, r3
 3738 0cb6 1A46     		mov	r2, r3
 3739 0cb8 174B     		ldr	r3, .L231+16
 3740 0cba 9B5C     		ldrb	r3, [r3, r2]	@ zero_extendqisi2
 3741 0cbc 002B     		cmp	r3, #0
 3742 0cbe 6ED1     		bne	.L100
 873:main.c        ****             {
 874:main.c        ****                 I2Cbuff1[0] = 0x0;      
 3743              		.loc 1 874 0
 3744 0cc0 164B     		ldr	r3, .L231+20
 3745 0cc2 0022     		movs	r2, #0
 3746 0cc4 1A70     		strb	r2, [r3]
 875:main.c        ****                 status = I2C_MasterReadBlocking(0x4f, 2, I2C_1_MODE_COMPLETE_XFER);
 3747              		.loc 1 875 0
 3748 0cc6 0022     		movs	r2, #0
 3749 0cc8 0221     		movs	r1, #2
 3750 0cca 4F20     		movs	r0, #79
 3751 0ccc FFF7FEFF 		bl	I2C_MasterReadBlocking
 3752 0cd0 0346     		mov	r3, r0
 3753 0cd2 1A46     		mov	r2, r3
 3754 0cd4 124B     		ldr	r3, .L231+24
 3755 0cd6 1A60     		str	r2, [r3]
 876:main.c        ****                 if (status == 0)
 3756              		.loc 1 876 0
 3757 0cd8 114B     		ldr	r3, .L231+24
 3758 0cda 1B68     		ldr	r3, [r3]
 3759 0cdc 002B     		cmp	r3, #0
 3760 0cde 5ED1     		bne	.L100
 877:main.c        ****                 {
 878:main.c        ****                     volumePedal = I2Cbuff2[0] << 8;
 3761              		.loc 1 878 0
 3762 0ce0 114B     		ldr	r3, .L231+32
 3763 0ce2 1B78     		ldrb	r3, [r3]
 3764 0ce4 DBB2     		uxtb	r3, r3
 3765 0ce6 9BB2     		uxth	r3, r3
 3766 0ce8 1B02     		lsls	r3, r3, #8
 3767 0cea 9AB2     		uxth	r2, r3
 3768 0cec 1B4B     		ldr	r3, .L231+84
 3769 0cee 1A80     		strh	r2, [r3]	@ movhi
 879:main.c        ****                     volumePedal +=  I2Cbuff2[1];
 3770              		.loc 1 879 0
 3771 0cf0 0D4B     		ldr	r3, .L231+32
 3772 0cf2 5B78     		ldrb	r3, [r3, #1]
 3773 0cf4 DBB2     		uxtb	r3, r3
 3774 0cf6 9AB2     		uxth	r2, r3
 3775 0cf8 184B     		ldr	r3, .L231+84
 3776 0cfa 1B88     		ldrh	r3, [r3]
 3777 0cfc 1344     		add	r3, r3, r2
 3778 0cfe 9AB2     		uxth	r2, r3
 3779 0d00 164B     		ldr	r3, .L231+84
 3780 0d02 1A80     		strh	r2, [r3]	@ movhi
 3781 0d04 4BE0     		b	.L100
 3782              	.L232:
 3783 0d06 00BF     		.align	2
 3784              	.L231:
ARM GAS  C:\Users\ggg88\AppData\Local\Temp\ccfc1YkT.s 			page 84


 3785 0d08 00000000 		.word	main_counter
 3786 0d0c 00000000 		.word	angle
 3787 0d10 00000000 		.word	pedals_low
 3788 0d14 00000000 		.word	pedals_high
 3789 0d18 00000000 		.word	i2c_skipped
 3790 0d1c 00000000 		.word	I2Cbuff1
 3791 0d20 00000000 		.word	status
 3792 0d24 00000000 		.word	whichMacroPageIsActive
 3793 0d28 00000000 		.word	I2Cbuff2
 3794 0d2c 00000000 		.word	knobFrozen
 3795 0d30 00000000 		.word	prevMacroKnobValues
 3796 0d34 00000000 		.word	macroKnobValues
 3797 0d38 00000000 		.word	midiSendOn
 3798 0d3c 00000000 		.word	macroKnobValues7bit
 3799 0d40 00000000 		.word	prevMacroKnobValues7bit
 3800 0d44 00000000 		.word	macroOLEDWaitingToSend
 3801 0d48 00000000 		.word	whichMacro
 3802 0d4c 00000000 		.word	presetWhenMacroWriteStarted
 3803 0d50 00000000 		.word	patchNum
 3804 0d54 00000000 		.word	macroPageWhenMacroWriteStarted
 3805 0d58 00000000 		.word	macroNamesArray
 3806 0d5c 00000000 		.word	volumePedal
 3807              	.L101:
 880:main.c        ****                 }
 881:main.c        ****             }
 882:main.c        ****         }
 883:main.c        ****         else
 884:main.c        ****         if (main_counter == 11)
 3808              		.loc 1 884 0
 3809 0d60 934B     		ldr	r3, .L233
 3810 0d62 1B78     		ldrb	r3, [r3]
 3811 0d64 DBB2     		uxtb	r3, r3
 3812 0d66 0B2B     		cmp	r3, #11
 3813 0d68 19D1     		bne	.L100
 885:main.c        ****         { 
 886:main.c        ****             if (mainOLEDWaitingToSend)
 3814              		.loc 1 886 0
 3815 0d6a 924B     		ldr	r3, .L233+4
 3816 0d6c 1B78     		ldrb	r3, [r3]	@ zero_extendqisi2
 3817 0d6e 002B     		cmp	r3, #0
 3818 0d70 06D0     		beq	.L103
 887:main.c        ****             {
 888:main.c        ****                 OLED_draw(128, 64);
 3819              		.loc 1 888 0
 3820 0d72 4021     		movs	r1, #64
 3821 0d74 8020     		movs	r0, #128
 3822 0d76 FFF7FEFF 		bl	OLED_draw
 889:main.c        ****                 mainOLEDWaitingToSend = 0;
 3823              		.loc 1 889 0
 3824 0d7a 8E4B     		ldr	r3, .L233+4
 3825 0d7c 0022     		movs	r2, #0
 3826 0d7e 1A70     		strb	r2, [r3]
 3827              	.L103:
 890:main.c        ****             }
 891:main.c        ****             if (macroOLEDWaitingToSend == 1)
 3828              		.loc 1 891 0
 3829 0d80 8D4B     		ldr	r3, .L233+8
ARM GAS  C:\Users\ggg88\AppData\Local\Temp\ccfc1YkT.s 			page 85


 3830 0d82 1B78     		ldrb	r3, [r3]	@ zero_extendqisi2
 3831 0d84 012B     		cmp	r3, #1
 3832 0d86 0AD1     		bne	.L100
 892:main.c        ****             {
 893:main.c        ****                 macroOLEDWaitingToSend = 2;
 3833              		.loc 1 893 0
 3834 0d88 8B4B     		ldr	r3, .L233+8
 3835 0d8a 0222     		movs	r2, #2
 3836 0d8c 1A70     		strb	r2, [r3]
 894:main.c        ****                 presetWhenMacroWriteStarted = patchNum;
 3837              		.loc 1 894 0
 3838 0d8e 8B4B     		ldr	r3, .L233+12
 3839 0d90 1A78     		ldrb	r2, [r3]	@ zero_extendqisi2
 3840 0d92 8B4B     		ldr	r3, .L233+16
 3841 0d94 1A70     		strb	r2, [r3]
 895:main.c        ****                 macroPageWhenMacroWriteStarted = whichMacroPageIsActive;
 3842              		.loc 1 895 0
 3843 0d96 8B4B     		ldr	r3, .L233+20
 3844 0d98 1A78     		ldrb	r2, [r3]	@ zero_extendqisi2
 3845 0d9a 8B4B     		ldr	r3, .L233+24
 3846 0d9c 1A70     		strb	r2, [r3]
 3847              	.L100:
 896:main.c        ****             }
 897:main.c        ****         }
 898:main.c        **** 
 899:main.c        ****        
 900:main.c        ****         
 901:main.c        ****         if (main_counter < 10)
 3848              		.loc 1 901 0
 3849 0d9e 844B     		ldr	r3, .L233
 3850 0da0 1B78     		ldrb	r3, [r3]
 3851 0da2 DBB2     		uxtb	r3, r3
 3852 0da4 092B     		cmp	r3, #9
 3853 0da6 00F2E880 		bhi	.L104
 3854              	.LBB26:
 902:main.c        ****         {
 903:main.c        ****             
 904:main.c        ****             //do math to make all pedals and levers report between 0 and 4095 scaled
 905:main.c        ****             int16_t tempangle = ((int16_t) angle[main_counter] - (int16_t)pedals_lowWithDeadZone[ma
 3855              		.loc 1 905 0
 3856 0daa 814B     		ldr	r3, .L233
 3857 0dac 1B78     		ldrb	r3, [r3]
 3858 0dae DBB2     		uxtb	r3, r3
 3859 0db0 1A46     		mov	r2, r3
 3860 0db2 864B     		ldr	r3, .L233+28
 3861 0db4 33F81220 		ldrh	r2, [r3, r2, lsl #1]
 3862 0db8 7D4B     		ldr	r3, .L233
 3863 0dba 1B78     		ldrb	r3, [r3]
 3864 0dbc DBB2     		uxtb	r3, r3
 3865 0dbe 1946     		mov	r1, r3
 3866 0dc0 834B     		ldr	r3, .L233+32
 3867 0dc2 33F81130 		ldrh	r3, [r3, r1, lsl #1]
 3868 0dc6 D31A     		subs	r3, r2, r3
 3869 0dc8 9BB2     		uxth	r3, r3
 3870 0dca BB87     		strh	r3, [r7, #60]	@ movhi
 906:main.c        ****             
 907:main.c        ****             if (tempangle > 0)
ARM GAS  C:\Users\ggg88\AppData\Local\Temp\ccfc1YkT.s 			page 86


 3871              		.loc 1 907 0
 3872 0dcc B7F93C30 		ldrsh	r3, [r7, #60]
 3873 0dd0 002B     		cmp	r3, #0
 3874 0dd2 1CDD     		ble	.L105
 908:main.c        ****             {
 909:main.c        ****                 processed_pedals[main_counter] = (float)tempangle * pedalRatios[main_counter];
 3875              		.loc 1 909 0
 3876 0dd4 764B     		ldr	r3, .L233
 3877 0dd6 1B78     		ldrb	r3, [r3]
 3878 0dd8 DBB2     		uxtb	r3, r3
 3879 0dda 1C46     		mov	r4, r3
 3880 0ddc B7F93C30 		ldrsh	r3, [r7, #60]
 3881 0de0 1846     		mov	r0, r3
 3882 0de2 FFF7FEFF 		bl	__aeabi_i2f
 3883 0de6 724B     		ldr	r3, .L233
 3884 0de8 1B78     		ldrb	r3, [r3]
 3885 0dea DBB2     		uxtb	r3, r3
 3886 0dec 1A46     		mov	r2, r3
 3887 0dee 794B     		ldr	r3, .L233+36
 3888 0df0 53F82230 		ldr	r3, [r3, r2, lsl #2]	@ float
 3889 0df4 1946     		mov	r1, r3
 3890 0df6 FFF7FEFF 		bl	__aeabi_fmul
 3891 0dfa 0346     		mov	r3, r0
 3892 0dfc 1846     		mov	r0, r3
 3893 0dfe FFF7FEFF 		bl	__aeabi_f2uiz
 3894 0e02 0346     		mov	r3, r0
 3895 0e04 9AB2     		uxth	r2, r3
 3896 0e06 744B     		ldr	r3, .L233+40
 3897 0e08 23F81420 		strh	r2, [r3, r4, lsl #1]	@ movhi
 3898 0e0c 07E0     		b	.L106
 3899              	.L105:
 910:main.c        ****             }
 911:main.c        ****             else
 912:main.c        ****             {
 913:main.c        ****                 processed_pedals[main_counter] = 0;
 3900              		.loc 1 913 0
 3901 0e0e 684B     		ldr	r3, .L233
 3902 0e10 1B78     		ldrb	r3, [r3]
 3903 0e12 DBB2     		uxtb	r3, r3
 3904 0e14 1A46     		mov	r2, r3
 3905 0e16 704B     		ldr	r3, .L233+40
 3906 0e18 0021     		movs	r1, #0
 3907 0e1a 23F81210 		strh	r1, [r3, r2, lsl #1]	@ movhi
 3908              	.L106:
 914:main.c        ****             }
 915:main.c        ****             if (processed_pedals[main_counter] > 4095)
 3909              		.loc 1 915 0
 3910 0e1e 644B     		ldr	r3, .L233
 3911 0e20 1B78     		ldrb	r3, [r3]
 3912 0e22 DBB2     		uxtb	r3, r3
 3913 0e24 1A46     		mov	r2, r3
 3914 0e26 6C4B     		ldr	r3, .L233+40
 3915 0e28 33F81230 		ldrh	r3, [r3, r2, lsl #1]
 3916 0e2c B3F5805F 		cmp	r3, #4096
 3917 0e30 08D3     		bcc	.L107
 916:main.c        ****             {
 917:main.c        ****                 processed_pedals[main_counter] = 4095;
ARM GAS  C:\Users\ggg88\AppData\Local\Temp\ccfc1YkT.s 			page 87


 3918              		.loc 1 917 0
 3919 0e32 5F4B     		ldr	r3, .L233
 3920 0e34 1B78     		ldrb	r3, [r3]
 3921 0e36 DBB2     		uxtb	r3, r3
 3922 0e38 1A46     		mov	r2, r3
 3923 0e3a 674B     		ldr	r3, .L233+40
 3924 0e3c 40F6FF71 		movw	r1, #4095
 3925 0e40 23F81210 		strh	r1, [r3, r2, lsl #1]	@ movhi
 3926              	.L107:
 918:main.c        ****             }
 919:main.c        ****             //invert the ones that are sensing rotation backwards
 920:main.c        ****             if (pedal_inverted[main_counter])
 3927              		.loc 1 920 0
 3928 0e44 5A4B     		ldr	r3, .L233
 3929 0e46 1B78     		ldrb	r3, [r3]
 3930 0e48 DBB2     		uxtb	r3, r3
 3931 0e4a 1A46     		mov	r2, r3
 3932 0e4c 634B     		ldr	r3, .L233+44
 3933 0e4e 9B5C     		ldrb	r3, [r3, r2]	@ zero_extendqisi2
 3934 0e50 002B     		cmp	r3, #0
 3935 0e52 11D0     		beq	.L108
 921:main.c        ****             {
 922:main.c        ****                 processed_pedals[main_counter] = 4095 - processed_pedals[main_counter];
 3936              		.loc 1 922 0
 3937 0e54 564B     		ldr	r3, .L233
 3938 0e56 1B78     		ldrb	r3, [r3]
 3939 0e58 DBB2     		uxtb	r3, r3
 3940 0e5a 1A46     		mov	r2, r3
 3941 0e5c 544B     		ldr	r3, .L233
 3942 0e5e 1B78     		ldrb	r3, [r3]
 3943 0e60 DBB2     		uxtb	r3, r3
 3944 0e62 1946     		mov	r1, r3
 3945 0e64 5C4B     		ldr	r3, .L233+40
 3946 0e66 33F81130 		ldrh	r3, [r3, r1, lsl #1]
 3947 0e6a C3F57F63 		rsb	r3, r3, #4080
 3948 0e6e 0F33     		adds	r3, r3, #15
 3949 0e70 99B2     		uxth	r1, r3
 3950 0e72 594B     		ldr	r3, .L233+40
 3951 0e74 23F81210 		strh	r1, [r3, r2, lsl #1]	@ movhi
 3952              	.L108:
 923:main.c        ****             }
 924:main.c        ****             
 925:main.c        ****             //if ( processed_pedals[main_counter] != prev_processed_pedals[main_counter])
 926:main.c        ****             {
 927:main.c        ****                 //sendMIDIControlChange(main_counter, (processed_pedals[main_counter] >> 7), 1);
 928:main.c        ****                 //sendMIDIControlChange(main_counter+36, (processed_pedals[main_counter] & 127), 1)
 929:main.c        ****             }
 930:main.c        ****             pedals_float[main_counter] = (float)processed_pedals[main_counter] * 2.442002442002442e
 3953              		.loc 1 930 0
 3954 0e78 4D4B     		ldr	r3, .L233
 3955 0e7a 1B78     		ldrb	r3, [r3]
 3956 0e7c DBB2     		uxtb	r3, r3
 3957 0e7e 1C46     		mov	r4, r3
 3958 0e80 4B4B     		ldr	r3, .L233
 3959 0e82 1B78     		ldrb	r3, [r3]
 3960 0e84 DBB2     		uxtb	r3, r3
 3961 0e86 1A46     		mov	r2, r3
ARM GAS  C:\Users\ggg88\AppData\Local\Temp\ccfc1YkT.s 			page 88


 3962 0e88 534B     		ldr	r3, .L233+40
 3963 0e8a 33F81230 		ldrh	r3, [r3, r2, lsl #1]
 3964 0e8e 1846     		mov	r0, r3
 3965 0e90 FFF7FEFF 		bl	__aeabi_ui2f
 3966 0e94 0346     		mov	r3, r0
 3967 0e96 5249     		ldr	r1, .L233+48
 3968 0e98 1846     		mov	r0, r3
 3969 0e9a FFF7FEFF 		bl	__aeabi_fmul
 3970 0e9e 0346     		mov	r3, r0
 3971 0ea0 1A46     		mov	r2, r3
 3972 0ea2 504B     		ldr	r3, .L233+52
 3973 0ea4 43F82420 		str	r2, [r3, r4, lsl #2]	@ float
 931:main.c        ****             pedals8bit[main_counter] = (float)processed_pedals[pedal_cc_assignments[main_counter]] 
 3974              		.loc 1 931 0
 3975 0ea8 414B     		ldr	r3, .L233
 3976 0eaa 1B78     		ldrb	r3, [r3]
 3977 0eac DBB2     		uxtb	r3, r3
 3978 0eae 1C46     		mov	r4, r3
 3979 0eb0 3F4B     		ldr	r3, .L233
 3980 0eb2 1B78     		ldrb	r3, [r3]
 3981 0eb4 DBB2     		uxtb	r3, r3
 3982 0eb6 1A46     		mov	r2, r3
 3983 0eb8 4B4B     		ldr	r3, .L233+56
 3984 0eba 9B5C     		ldrb	r3, [r3, r2]	@ zero_extendqisi2
 3985 0ebc 1A46     		mov	r2, r3
 3986 0ebe 464B     		ldr	r3, .L233+40
 3987 0ec0 33F81230 		ldrh	r3, [r3, r2, lsl #1]
 3988 0ec4 1846     		mov	r0, r3
 3989 0ec6 FFF7FEFF 		bl	__aeabi_ui2f
 3990 0eca 0346     		mov	r3, r0
 3991 0ecc 4FF07651 		mov	r1, #1031798784
 3992 0ed0 1846     		mov	r0, r3
 3993 0ed2 FFF7FEFF 		bl	__aeabi_fmul
 3994 0ed6 0346     		mov	r3, r0
 3995 0ed8 1846     		mov	r0, r3
 3996 0eda FFF7FEFF 		bl	__aeabi_f2uiz
 3997 0ede 0346     		mov	r3, r0
 3998 0ee0 DAB2     		uxtb	r2, r3
 3999 0ee2 424B     		ldr	r3, .L233+60
 4000 0ee4 1A55     		strb	r2, [r3, r4]
 932:main.c        ****             if (midiSendOn)
 4001              		.loc 1 932 0
 4002 0ee6 424B     		ldr	r3, .L233+64
 4003 0ee8 1B78     		ldrb	r3, [r3]	@ zero_extendqisi2
 4004 0eea 002B     		cmp	r3, #0
 4005 0eec 36D0     		beq	.L109
 933:main.c        ****             {
 934:main.c        ****                 pedals7bit[main_counter] = pedals8bit[main_counter] >> 1;
 4006              		.loc 1 934 0
 4007 0eee 304B     		ldr	r3, .L233
 4008 0ef0 1B78     		ldrb	r3, [r3]
 4009 0ef2 DBB2     		uxtb	r3, r3
 4010 0ef4 1A46     		mov	r2, r3
 4011 0ef6 2E4B     		ldr	r3, .L233
 4012 0ef8 1B78     		ldrb	r3, [r3]
 4013 0efa DBB2     		uxtb	r3, r3
 4014 0efc 1946     		mov	r1, r3
ARM GAS  C:\Users\ggg88\AppData\Local\Temp\ccfc1YkT.s 			page 89


 4015 0efe 3B4B     		ldr	r3, .L233+60
 4016 0f00 5B5C     		ldrb	r3, [r3, r1]	@ zero_extendqisi2
 4017 0f02 5B08     		lsrs	r3, r3, #1
 4018 0f04 D9B2     		uxtb	r1, r3
 4019 0f06 3B4B     		ldr	r3, .L233+68
 4020 0f08 9954     		strb	r1, [r3, r2]
 935:main.c        ****                 if (pedals7bit[main_counter] != prevPedals7bit[main_counter])
 4021              		.loc 1 935 0
 4022 0f0a 294B     		ldr	r3, .L233
 4023 0f0c 1B78     		ldrb	r3, [r3]
 4024 0f0e DBB2     		uxtb	r3, r3
 4025 0f10 1A46     		mov	r2, r3
 4026 0f12 384B     		ldr	r3, .L233+68
 4027 0f14 9A5C     		ldrb	r2, [r3, r2]	@ zero_extendqisi2
 4028 0f16 264B     		ldr	r3, .L233
 4029 0f18 1B78     		ldrb	r3, [r3]
 4030 0f1a DBB2     		uxtb	r3, r3
 4031 0f1c 1946     		mov	r1, r3
 4032 0f1e 364B     		ldr	r3, .L233+72
 4033 0f20 5B5C     		ldrb	r3, [r3, r1]	@ zero_extendqisi2
 4034 0f22 9A42     		cmp	r2, r3
 4035 0f24 0ED0     		beq	.L110
 936:main.c        ****                 {
 937:main.c        ****                     sendMIDIControlChange(main_counter + 14, (pedals7bit[main_counter]), 1);
 4036              		.loc 1 937 0
 4037 0f26 224B     		ldr	r3, .L233
 4038 0f28 1B78     		ldrb	r3, [r3]
 4039 0f2a DBB2     		uxtb	r3, r3
 4040 0f2c 03F10E00 		add	r0, r3, #14
 4041 0f30 1F4B     		ldr	r3, .L233
 4042 0f32 1B78     		ldrb	r3, [r3]
 4043 0f34 DBB2     		uxtb	r3, r3
 4044 0f36 1A46     		mov	r2, r3
 4045 0f38 2E4B     		ldr	r3, .L233+68
 4046 0f3a 9B5C     		ldrb	r3, [r3, r2]	@ zero_extendqisi2
 4047 0f3c 0122     		movs	r2, #1
 4048 0f3e 1946     		mov	r1, r3
 4049 0f40 FFF7FEFF 		bl	sendMIDIControlChange
 4050              	.L110:
 938:main.c        ****                 }
 939:main.c        ****                 prevPedals7bit[main_counter] = pedals7bit[main_counter];
 4051              		.loc 1 939 0
 4052 0f44 1A4B     		ldr	r3, .L233
 4053 0f46 1B78     		ldrb	r3, [r3]
 4054 0f48 DBB2     		uxtb	r3, r3
 4055 0f4a 1A46     		mov	r2, r3
 4056 0f4c 184B     		ldr	r3, .L233
 4057 0f4e 1B78     		ldrb	r3, [r3]
 4058 0f50 DBB2     		uxtb	r3, r3
 4059 0f52 1946     		mov	r1, r3
 4060 0f54 274B     		ldr	r3, .L233+68
 4061 0f56 595C     		ldrb	r1, [r3, r1]	@ zero_extendqisi2
 4062 0f58 274B     		ldr	r3, .L233+72
 4063 0f5a 9954     		strb	r1, [r3, r2]
 4064              	.L109:
 940:main.c        ****             }
 941:main.c        ****             prev_processed_pedals[main_counter] = processed_pedals[main_counter];
ARM GAS  C:\Users\ggg88\AppData\Local\Temp\ccfc1YkT.s 			page 90


 4065              		.loc 1 941 0
 4066 0f5c 144B     		ldr	r3, .L233
 4067 0f5e 1B78     		ldrb	r3, [r3]
 4068 0f60 DBB2     		uxtb	r3, r3
 4069 0f62 1A46     		mov	r2, r3
 4070 0f64 124B     		ldr	r3, .L233
 4071 0f66 1B78     		ldrb	r3, [r3]
 4072 0f68 DBB2     		uxtb	r3, r3
 4073 0f6a 1946     		mov	r1, r3
 4074 0f6c 1A4B     		ldr	r3, .L233+40
 4075 0f6e 33F81110 		ldrh	r1, [r3, r1, lsl #1]
 4076 0f72 224B     		ldr	r3, .L233+76
 4077 0f74 23F81210 		strh	r1, [r3, r2, lsl #1]	@ movhi
 4078              	.LBE26:
 4079 0f78 A3E0     		b	.L111
 4080              	.L104:
 942:main.c        ****         }
 943:main.c        ****         else
 944:main.c        ****         {
 945:main.c        ****             processed_volumePedal = (float)volumePedal * 1.007378258730939f; //compensate for lower
 4081              		.loc 1 945 0
 4082 0f7a 214B     		ldr	r3, .L233+80
 4083 0f7c 1B88     		ldrh	r3, [r3]
 4084 0f7e 1846     		mov	r0, r3
 4085 0f80 FFF7FEFF 		bl	__aeabi_ui2f
 4086 0f84 0346     		mov	r3, r0
 4087 0f86 1F49     		ldr	r1, .L233+84
 4088 0f88 1846     		mov	r0, r3
 4089 0f8a FFF7FEFF 		bl	__aeabi_fmul
 4090 0f8e 0346     		mov	r3, r0
 4091 0f90 1846     		mov	r0, r3
 4092 0f92 FFF7FEFF 		bl	__aeabi_f2iz
 4093 0f96 0346     		mov	r3, r0
 4094 0f98 1AB2     		sxth	r2, r3
 4095 0f9a 1B4B     		ldr	r3, .L233+88
 4096 0f9c 1A80     		strh	r2, [r3]	@ movhi
 946:main.c        **** 
 947:main.c        ****             if (processed_volumePedal < 0)
 4097              		.loc 1 947 0
 4098 0f9e 1A4B     		ldr	r3, .L233+88
 4099 0fa0 B3F90030 		ldrsh	r3, [r3]
 4100 0fa4 002B     		cmp	r3, #0
 4101 0fa6 31DA     		bge	.L112
 948:main.c        ****             {
 949:main.c        ****                 processed_volumePedal = 0;
 4102              		.loc 1 949 0
 4103 0fa8 174B     		ldr	r3, .L233+88
 4104 0faa 0022     		movs	r2, #0
 4105 0fac 1A80     		strh	r2, [r3]	@ movhi
 4106 0fae 37E0     		b	.L113
 4107              	.L234:
 4108              		.align	2
 4109              	.L233:
 4110 0fb0 00000000 		.word	main_counter
 4111 0fb4 00000000 		.word	mainOLEDWaitingToSend
 4112 0fb8 00000000 		.word	macroOLEDWaitingToSend
 4113 0fbc 00000000 		.word	patchNum
ARM GAS  C:\Users\ggg88\AppData\Local\Temp\ccfc1YkT.s 			page 91


 4114 0fc0 00000000 		.word	presetWhenMacroWriteStarted
 4115 0fc4 00000000 		.word	whichMacroPageIsActive
 4116 0fc8 00000000 		.word	macroPageWhenMacroWriteStarted
 4117 0fcc 00000000 		.word	angle
 4118 0fd0 00000000 		.word	pedals_lowWithDeadZone
 4119 0fd4 00000000 		.word	pedalRatios
 4120 0fd8 00000000 		.word	processed_pedals
 4121 0fdc 00000000 		.word	pedal_inverted
 4122 0fe0 01088039 		.word	964691969
 4123 0fe4 00000000 		.word	pedals_float
 4124 0fe8 00000000 		.word	pedal_cc_assignments
 4125 0fec 00000000 		.word	pedals8bit
 4126 0ff0 00000000 		.word	midiSendOn
 4127 0ff4 00000000 		.word	pedals7bit
 4128 0ff8 00000000 		.word	prevPedals7bit
 4129 0ffc 00000000 		.word	prev_processed_pedals
 4130 1000 00000000 		.word	volumePedal
 4131 1004 C5F1803F 		.word	1065415109
 4132 1008 00000000 		.word	processed_volumePedal
 4133              	.L112:
 950:main.c        ****             }
 951:main.c        ****             else if (processed_volumePedal > 4095)
 4134              		.loc 1 951 0
 4135 100c A34B     		ldr	r3, .L235
 4136 100e B3F90030 		ldrsh	r3, [r3]
 4137 1012 B3F5805F 		cmp	r3, #4096
 4138 1016 03DB     		blt	.L113
 952:main.c        ****             {
 953:main.c        ****                  processed_volumePedal = 4095;
 4139              		.loc 1 953 0
 4140 1018 A04B     		ldr	r3, .L235
 4141 101a 40F6FF72 		movw	r2, #4095
 4142 101e 1A80     		strh	r2, [r3]	@ movhi
 4143              	.L113:
 954:main.c        ****             }
 955:main.c        ****             if (midiSendOn)
 4144              		.loc 1 955 0
 4145 1020 9F4B     		ldr	r3, .L235+4
 4146 1022 1B78     		ldrb	r3, [r3]	@ zero_extendqisi2
 4147 1024 002B     		cmp	r3, #0
 4148 1026 4CD0     		beq	.L111
 956:main.c        ****             {
 957:main.c        ****                 if (!pedalHiRes)
 4149              		.loc 1 957 0
 4150 1028 9E4B     		ldr	r3, .L235+8
 4151 102a 1B78     		ldrb	r3, [r3]	@ zero_extendqisi2
 4152 102c 002B     		cmp	r3, #0
 4153 102e 1DD1     		bne	.L114
 958:main.c        ****                 {
 959:main.c        ****                     u7bit_volumePedal = processed_volumePedal >> 5;
 4154              		.loc 1 959 0
 4155 1030 9A4B     		ldr	r3, .L235
 4156 1032 B3F90030 		ldrsh	r3, [r3]
 4157 1036 5B11     		asrs	r3, r3, #5
 4158 1038 1BB2     		sxth	r3, r3
 4159 103a DAB2     		uxtb	r2, r3
 4160 103c 9A4B     		ldr	r3, .L235+12
ARM GAS  C:\Users\ggg88\AppData\Local\Temp\ccfc1YkT.s 			page 92


 4161 103e 1A70     		strb	r2, [r3]
 960:main.c        ****                     if ( u7bit_volumePedal != prev_7bit_volumePedal)
 4162              		.loc 1 960 0
 4163 1040 994B     		ldr	r3, .L235+12
 4164 1042 1A78     		ldrb	r2, [r3]	@ zero_extendqisi2
 4165 1044 994B     		ldr	r3, .L235+16
 4166 1046 1B78     		ldrb	r3, [r3]	@ zero_extendqisi2
 4167 1048 9A42     		cmp	r2, r3
 4168 104a 0AD0     		beq	.L115
 4169              	.LBB27:
 961:main.c        ****                     {
 962:main.c        ****                         uint16_t tempPedal = processed_volumePedal;
 4170              		.loc 1 962 0
 4171 104c 934B     		ldr	r3, .L235
 4172 104e B3F90030 		ldrsh	r3, [r3]
 4173 1052 7B87     		strh	r3, [r7, #58]	@ movhi
 963:main.c        ****                         
 964:main.c        ****                         sendMIDIControlChange(13, u7bit_volumePedal, 0);
 4174              		.loc 1 964 0
 4175 1054 944B     		ldr	r3, .L235+12
 4176 1056 1B78     		ldrb	r3, [r3]	@ zero_extendqisi2
 4177 1058 0022     		movs	r2, #0
 4178 105a 1946     		mov	r1, r3
 4179 105c 0D20     		movs	r0, #13
 4180 105e FFF7FEFF 		bl	sendMIDIControlChange
 4181              	.L115:
 4182              	.LBE27:
 965:main.c        ****                         //sendMIDIControlChange(24, (tempPedal & 32), 0); //remaining 5 bits for 40
 966:main.c        ****                     }
 967:main.c        ****                      //prev_processed_volumePedal = processed_volumePedal;
 968:main.c        ****                     prev_7bit_volumePedal = u7bit_volumePedal;
 4183              		.loc 1 968 0
 4184 1062 914B     		ldr	r3, .L235+12
 4185 1064 1A78     		ldrb	r2, [r3]	@ zero_extendqisi2
 4186 1066 914B     		ldr	r3, .L235+16
 4187 1068 1A70     		strb	r2, [r3]
 4188 106a 2AE0     		b	.L111
 4189              	.L114:
 969:main.c        ****                 }
 970:main.c        ****                 else
 971:main.c        ****                 {
 972:main.c        ****                     
 973:main.c        ****                     if ( processed_volumePedal != prev_processed_volumePedal)
 4190              		.loc 1 973 0
 4191 106c 8B4B     		ldr	r3, .L235
 4192 106e B3F90020 		ldrsh	r2, [r3]
 4193 1072 8F4B     		ldr	r3, .L235+20
 4194 1074 B3F90030 		ldrsh	r3, [r3]
 4195 1078 9A42     		cmp	r2, r3
 4196 107a 1DD0     		beq	.L116
 4197              	.LBB28:
 974:main.c        ****                     {
 975:main.c        ****                         u7bit_volumePedal = processed_volumePedal >> 5;
 4198              		.loc 1 975 0
 4199 107c 874B     		ldr	r3, .L235
 4200 107e B3F90030 		ldrsh	r3, [r3]
 4201 1082 5B11     		asrs	r3, r3, #5
ARM GAS  C:\Users\ggg88\AppData\Local\Temp\ccfc1YkT.s 			page 93


 4202 1084 1BB2     		sxth	r3, r3
 4203 1086 DAB2     		uxtb	r2, r3
 4204 1088 874B     		ldr	r3, .L235+12
 4205 108a 1A70     		strb	r2, [r3]
 976:main.c        ****                         uint8_t tempPedal = ((uint16_t)processed_volumePedal) & 32;
 4206              		.loc 1 976 0
 4207 108c 834B     		ldr	r3, .L235
 4208 108e B3F90030 		ldrsh	r3, [r3]
 4209 1092 DBB2     		uxtb	r3, r3
 4210 1094 03F02003 		and	r3, r3, #32
 4211 1098 87F83930 		strb	r3, [r7, #57]
 977:main.c        ****                         
 978:main.c        ****                         sendMIDIControlChange(13, u7bit_volumePedal, 0);
 4212              		.loc 1 978 0
 4213 109c 824B     		ldr	r3, .L235+12
 4214 109e 1B78     		ldrb	r3, [r3]	@ zero_extendqisi2
 4215 10a0 0022     		movs	r2, #0
 4216 10a2 1946     		mov	r1, r3
 4217 10a4 0D20     		movs	r0, #13
 4218 10a6 FFF7FEFF 		bl	sendMIDIControlChange
 979:main.c        ****                         sendMIDIControlChange(24, tempPedal, 0); //remaining 5 bits for 4096 resolu
 4219              		.loc 1 979 0
 4220 10aa 97F83930 		ldrb	r3, [r7, #57]	@ zero_extendqisi2
 4221 10ae 0022     		movs	r2, #0
 4222 10b0 1946     		mov	r1, r3
 4223 10b2 1820     		movs	r0, #24
 4224 10b4 FFF7FEFF 		bl	sendMIDIControlChange
 4225              	.L116:
 4226              	.LBE28:
 980:main.c        ****                     }
 981:main.c        ****                     prev_processed_volumePedal = processed_volumePedal;
 4227              		.loc 1 981 0
 4228 10b8 784B     		ldr	r3, .L235
 4229 10ba B3F90020 		ldrsh	r2, [r3]
 4230 10be 7C4B     		ldr	r3, .L235+20
 4231 10c0 1A80     		strh	r2, [r3]	@ movhi
 4232              	.L111:
 982:main.c        ****                     //prev_7bit_volumePedal = u7bit_volumePedal;
 983:main.c        ****                 }
 984:main.c        ****             }
 985:main.c        ****         }
 986:main.c        ****         
 987:main.c        ****         main_counter++;
 4233              		.loc 1 987 0
 4234 10c2 7C4B     		ldr	r3, .L235+24
 4235 10c4 1B78     		ldrb	r3, [r3]
 4236 10c6 DBB2     		uxtb	r3, r3
 4237 10c8 0133     		adds	r3, r3, #1
 4238 10ca DAB2     		uxtb	r2, r3
 4239 10cc 794B     		ldr	r3, .L235+24
 4240 10ce 1A70     		strb	r2, [r3]
 988:main.c        **** 
 989:main.c        ****         if (main_counter > 11)
 4241              		.loc 1 989 0
 4242 10d0 784B     		ldr	r3, .L235+24
 4243 10d2 1B78     		ldrb	r3, [r3]
 4244 10d4 DBB2     		uxtb	r3, r3
ARM GAS  C:\Users\ggg88\AppData\Local\Temp\ccfc1YkT.s 			page 94


 4245 10d6 0B2B     		cmp	r3, #11
 4246 10d8 02D9     		bls	.L117
 990:main.c        ****         {
 991:main.c        ****             main_counter = 0;
 4247              		.loc 1 991 0
 4248 10da 764B     		ldr	r3, .L235+24
 4249 10dc 0022     		movs	r2, #0
 4250 10de 1A70     		strb	r2, [r3]
 4251              	.L117:
 992:main.c        ****         }
 993:main.c        ****         //testpin3_Write(0);
 994:main.c        **** 
 995:main.c        ****        // testpin5_Write(1);
 996:main.c        ****         
 997:main.c        ****         if ((rxBufferBar[!currentBarBuffer][6] == 254) && (rxBufferBar[!currentBarBuffer][7] == 253
 4252              		.loc 1 997 0
 4253 10e0 754B     		ldr	r3, .L235+28
 4254 10e2 1B78     		ldrb	r3, [r3]
 4255 10e4 DBB2     		uxtb	r3, r3
 4256 10e6 002B     		cmp	r3, #0
 4257 10e8 0CBF     		ite	eq
 4258 10ea 0123     		moveq	r3, #1
 4259 10ec 0023     		movne	r3, #0
 4260 10ee DBB2     		uxtb	r3, r3
 4261 10f0 724A     		ldr	r2, .L235+32
 4262 10f2 DB00     		lsls	r3, r3, #3
 4263 10f4 1344     		add	r3, r3, r2
 4264 10f6 9B79     		ldrb	r3, [r3, #6]
 4265 10f8 DBB2     		uxtb	r3, r3
 4266 10fa FE2B     		cmp	r3, #254
 4267 10fc 40F00B82 		bne	.L118
 4268              		.loc 1 997 0 is_stmt 0 discriminator 1
 4269 1100 6D4B     		ldr	r3, .L235+28
 4270 1102 1B78     		ldrb	r3, [r3]
 4271 1104 DBB2     		uxtb	r3, r3
 4272 1106 002B     		cmp	r3, #0
 4273 1108 0CBF     		ite	eq
 4274 110a 0123     		moveq	r3, #1
 4275 110c 0023     		movne	r3, #0
 4276 110e DBB2     		uxtb	r3, r3
 4277 1110 6A4A     		ldr	r2, .L235+32
 4278 1112 DB00     		lsls	r3, r3, #3
 4279 1114 1344     		add	r3, r3, r2
 4280 1116 DB79     		ldrb	r3, [r3, #7]
 4281 1118 DBB2     		uxtb	r3, r3
 4282 111a FD2B     		cmp	r3, #253
 4283 111c 40F0FB81 		bne	.L118
 4284              	.LBB29:
 998:main.c        ****         {
 999:main.c        ****             for (int i = 0; i < NUM_SLIDERS; i++)
 4285              		.loc 1 999 0 is_stmt 1
 4286 1120 0023     		movs	r3, #0
 4287 1122 C7F8A030 		str	r3, [r7, #160]
 4288 1126 F1E1     		b	.L119
 4289              	.L131:
1000:main.c        ****             {
1001:main.c        ****                 bar[i] = ((rxBufferBar[!currentBarBuffer][i*2] << 8) + rxBufferBar[!currentBarBuffe
ARM GAS  C:\Users\ggg88\AppData\Local\Temp\ccfc1YkT.s 			page 95


 4290              		.loc 1 1001 0
 4291 1128 634B     		ldr	r3, .L235+28
 4292 112a 1B78     		ldrb	r3, [r3]
 4293 112c DBB2     		uxtb	r3, r3
 4294 112e 002B     		cmp	r3, #0
 4295 1130 0CBF     		ite	eq
 4296 1132 0123     		moveq	r3, #1
 4297 1134 0023     		movne	r3, #0
 4298 1136 DBB2     		uxtb	r3, r3
 4299 1138 1A46     		mov	r2, r3
 4300 113a D7F8A030 		ldr	r3, [r7, #160]
 4301 113e 5B00     		lsls	r3, r3, #1
 4302 1140 5E49     		ldr	r1, .L235+32
 4303 1142 D200     		lsls	r2, r2, #3
 4304 1144 0A44     		add	r2, r2, r1
 4305 1146 1344     		add	r3, r3, r2
 4306 1148 1B78     		ldrb	r3, [r3]
 4307 114a DBB2     		uxtb	r3, r3
 4308 114c 9BB2     		uxth	r3, r3
 4309 114e 1B02     		lsls	r3, r3, #8
 4310 1150 9AB2     		uxth	r2, r3
 4311 1152 594B     		ldr	r3, .L235+28
 4312 1154 1B78     		ldrb	r3, [r3]
 4313 1156 DBB2     		uxtb	r3, r3
 4314 1158 002B     		cmp	r3, #0
 4315 115a 0CBF     		ite	eq
 4316 115c 0123     		moveq	r3, #1
 4317 115e 0023     		movne	r3, #0
 4318 1160 DBB2     		uxtb	r3, r3
 4319 1162 1946     		mov	r1, r3
 4320 1164 D7F8A030 		ldr	r3, [r7, #160]
 4321 1168 5B00     		lsls	r3, r3, #1
 4322 116a 0133     		adds	r3, r3, #1
 4323 116c 5348     		ldr	r0, .L235+32
 4324 116e C900     		lsls	r1, r1, #3
 4325 1170 0144     		add	r1, r1, r0
 4326 1172 0B44     		add	r3, r3, r1
 4327 1174 1B78     		ldrb	r3, [r3]
 4328 1176 DBB2     		uxtb	r3, r3
 4329 1178 9BB2     		uxth	r3, r3
 4330 117a 1344     		add	r3, r3, r2
 4331 117c 99B2     		uxth	r1, r3
 4332 117e 504A     		ldr	r2, .L235+36
 4333 1180 D7F8A030 		ldr	r3, [r7, #160]
 4334 1184 22F81310 		strh	r1, [r2, r3, lsl #1]	@ movhi
1002:main.c        ****                 //
1003:main.c        ****                 if(bar[i] != prevBar[i])
 4335              		.loc 1 1003 0
 4336 1188 4D4A     		ldr	r2, .L235+36
 4337 118a D7F8A030 		ldr	r3, [r7, #160]
 4338 118e 32F81330 		ldrh	r3, [r2, r3, lsl #1]	@ movhi
 4339 1192 9AB2     		uxth	r2, r3
 4340 1194 4B49     		ldr	r1, .L235+40
 4341 1196 D7F8A030 		ldr	r3, [r7, #160]
 4342 119a 31F81330 		ldrh	r3, [r1, r3, lsl #1]	@ movhi
 4343 119e 9BB2     		uxth	r3, r3
 4344 11a0 9A42     		cmp	r2, r3
ARM GAS  C:\Users\ggg88\AppData\Local\Temp\ccfc1YkT.s 			page 96


 4345 11a2 00F0A381 		beq	.L120
1004:main.c        ****                 {
1005:main.c        ****     				if (midiDebugSendOn)
 4346              		.loc 1 1005 0
 4347 11a6 484B     		ldr	r3, .L235+44
 4348 11a8 1B78     		ldrb	r3, [r3]	@ zero_extendqisi2
 4349 11aa 002B     		cmp	r3, #0
 4350 11ac 3CD0     		beq	.L121
1006:main.c        ****                     {
1007:main.c        ****                         sendMIDIControlChange(34+(i*3), bar[i] & 127, 1);
 4351              		.loc 1 1007 0
 4352 11ae D7F8A020 		ldr	r2, [r7, #160]
 4353 11b2 1346     		mov	r3, r2
 4354 11b4 5B00     		lsls	r3, r3, #1
 4355 11b6 1344     		add	r3, r3, r2
 4356 11b8 03F12200 		add	r0, r3, #34
 4357 11bc 404A     		ldr	r2, .L235+36
 4358 11be D7F8A030 		ldr	r3, [r7, #160]
 4359 11c2 32F81330 		ldrh	r3, [r2, r3, lsl #1]	@ movhi
 4360 11c6 9BB2     		uxth	r3, r3
 4361 11c8 03F07F03 		and	r3, r3, #127
 4362 11cc 0122     		movs	r2, #1
 4363 11ce 1946     		mov	r1, r3
 4364 11d0 FFF7FEFF 		bl	sendMIDIControlChange
1008:main.c        ****                         sendMIDIControlChange(33+(i*3), (bar[i] >> 7) & 127, 1);
 4365              		.loc 1 1008 0
 4366 11d4 D7F8A020 		ldr	r2, [r7, #160]
 4367 11d8 1346     		mov	r3, r2
 4368 11da 5B00     		lsls	r3, r3, #1
 4369 11dc 1344     		add	r3, r3, r2
 4370 11de 03F12100 		add	r0, r3, #33
 4371 11e2 374A     		ldr	r2, .L235+36
 4372 11e4 D7F8A030 		ldr	r3, [r7, #160]
 4373 11e8 32F81330 		ldrh	r3, [r2, r3, lsl #1]	@ movhi
 4374 11ec 9BB2     		uxth	r3, r3
 4375 11ee DB09     		lsrs	r3, r3, #7
 4376 11f0 9BB2     		uxth	r3, r3
 4377 11f2 03F07F03 		and	r3, r3, #127
 4378 11f6 0122     		movs	r2, #1
 4379 11f8 1946     		mov	r1, r3
 4380 11fa FFF7FEFF 		bl	sendMIDIControlChange
1009:main.c        ****                         sendMIDIControlChange(32+(i*3), (bar[i] >> 14) & 127, 1);
 4381              		.loc 1 1009 0
 4382 11fe D7F8A020 		ldr	r2, [r7, #160]
 4383 1202 1346     		mov	r3, r2
 4384 1204 5B00     		lsls	r3, r3, #1
 4385 1206 1344     		add	r3, r3, r2
 4386 1208 03F12000 		add	r0, r3, #32
 4387 120c 2C4A     		ldr	r2, .L235+36
 4388 120e D7F8A030 		ldr	r3, [r7, #160]
 4389 1212 32F81330 		ldrh	r3, [r2, r3, lsl #1]	@ movhi
 4390 1216 9BB2     		uxth	r3, r3
 4391 1218 9B0B     		lsrs	r3, r3, #14
 4392 121a 9BB2     		uxth	r3, r3
 4393 121c 03F07F03 		and	r3, r3, #127
 4394 1220 0122     		movs	r2, #1
 4395 1222 1946     		mov	r1, r3
ARM GAS  C:\Users\ggg88\AppData\Local\Temp\ccfc1YkT.s 			page 97


 4396 1224 FFF7FEFF 		bl	sendMIDIControlChange
 4397              	.L121:
1010:main.c        ****                     }
1011:main.c        ****                     if ((bar[i] == 65535) || (bar[i] > fretMeasurements[i][0]))
 4398              		.loc 1 1011 0
 4399 1228 254A     		ldr	r2, .L235+36
 4400 122a D7F8A030 		ldr	r3, [r7, #160]
 4401 122e 32F81330 		ldrh	r3, [r2, r3, lsl #1]	@ movhi
 4402 1232 9BB2     		uxth	r3, r3
 4403 1234 4FF6FF72 		movw	r2, #65535
 4404 1238 9342     		cmp	r3, r2
 4405 123a 10D0     		beq	.L122
 4406              		.loc 1 1011 0 is_stmt 0 discriminator 1
 4407 123c 204A     		ldr	r2, .L235+36
 4408 123e D7F8A030 		ldr	r3, [r7, #160]
 4409 1242 32F81330 		ldrh	r3, [r2, r3, lsl #1]	@ movhi
 4410 1246 99B2     		uxth	r1, r3
 4411 1248 2048     		ldr	r0, .L235+48
 4412 124a D7F8A020 		ldr	r2, [r7, #160]
 4413 124e 1346     		mov	r3, r2
 4414 1250 5B00     		lsls	r3, r3, #1
 4415 1252 1344     		add	r3, r3, r2
 4416 1254 DB00     		lsls	r3, r3, #3
 4417 1256 0344     		add	r3, r3, r0
 4418 1258 1B88     		ldrh	r3, [r3]
 4419 125a 9942     		cmp	r1, r3
 4420 125c 07D9     		bls	.L123
 4421              	.L122:
1012:main.c        ****     				{
1013:main.c        ****     					stringMappedPositionsInRatios[i] = 1.0f;
 4422              		.loc 1 1013 0 is_stmt 1
 4423 125e 1C4A     		ldr	r2, .L235+52
 4424 1260 D7F8A030 		ldr	r3, [r7, #160]
 4425 1264 4FF07E51 		mov	r1, #1065353216
 4426 1268 42F82310 		str	r1, [r2, r3, lsl #2]	@ float
 4427 126c EBE0     		b	.L124
 4428              	.L123:
1014:main.c        ****     				}
1015:main.c        ****                     else if (bar[i] > fretMeasurements[i][NUM_FRET_MEASUREMENTS-1])
 4429              		.loc 1 1015 0
 4430 126e 144A     		ldr	r2, .L235+36
 4431 1270 D7F8A030 		ldr	r3, [r7, #160]
 4432 1274 32F81330 		ldrh	r3, [r2, r3, lsl #1]	@ movhi
 4433 1278 99B2     		uxth	r1, r3
 4434 127a 1448     		ldr	r0, .L235+48
 4435 127c D7F8A020 		ldr	r2, [r7, #160]
 4436 1280 1346     		mov	r3, r2
 4437 1282 5B00     		lsls	r3, r3, #1
 4438 1284 1344     		add	r3, r3, r2
 4439 1286 DB00     		lsls	r3, r3, #3
 4440 1288 0344     		add	r3, r3, r0
 4441 128a 1633     		adds	r3, r3, #22
 4442 128c 1B88     		ldrh	r3, [r3]
 4443 128e 9942     		cmp	r1, r3
 4444 1290 40F2A080 		bls	.L125
 4445              	.LBB30:
1016:main.c        ****                     {
ARM GAS  C:\Users\ggg88\AppData\Local\Temp\ccfc1YkT.s 			page 98


1017:main.c        ****                         for (int j = 0; j < NUM_FRET_MEASUREMENTS-1; j++)
 4446              		.loc 1 1017 0
 4447 1294 0023     		movs	r3, #0
 4448 1296 C7F89C30 		str	r3, [r7, #156]
 4449 129a 96E0     		b	.L126
 4450              	.L236:
 4451              		.align	2
 4452              	.L235:
 4453 129c 00000000 		.word	processed_volumePedal
 4454 12a0 00000000 		.word	midiSendOn
 4455 12a4 00000000 		.word	pedalHiRes
 4456 12a8 00000000 		.word	u7bit_volumePedal
 4457 12ac 00000000 		.word	prev_7bit_volumePedal
 4458 12b0 00000000 		.word	prev_processed_volumePedal
 4459 12b4 00000000 		.word	main_counter
 4460 12b8 00000000 		.word	currentBarBuffer
 4461 12bc 00000000 		.word	rxBufferBar
 4462 12c0 00000000 		.word	bar
 4463 12c4 00000000 		.word	prevBar
 4464 12c8 00000000 		.word	midiDebugSendOn
 4465 12cc 00000000 		.word	fretMeasurements
 4466 12d0 00000000 		.word	stringMappedPositionsInRatios
 4467              	.L130:
1018:main.c        ****                         {
1019:main.c        ****                             if ((bar[i] <=  fretMeasurements[i][j]) && (bar[i] >  fretMeasurements[
 4468              		.loc 1 1019 0
 4469 12d4 AB4A     		ldr	r2, .L237
 4470 12d6 D7F8A030 		ldr	r3, [r7, #160]
 4471 12da 32F81330 		ldrh	r3, [r2, r3, lsl #1]	@ movhi
 4472 12de 99B2     		uxth	r1, r3
 4473 12e0 A948     		ldr	r0, .L237+4
 4474 12e2 D7F8A020 		ldr	r2, [r7, #160]
 4475 12e6 1346     		mov	r3, r2
 4476 12e8 5B00     		lsls	r3, r3, #1
 4477 12ea 1344     		add	r3, r3, r2
 4478 12ec 9B00     		lsls	r3, r3, #2
 4479 12ee D7F89C20 		ldr	r2, [r7, #156]
 4480 12f2 1344     		add	r3, r3, r2
 4481 12f4 30F81330 		ldrh	r3, [r0, r3, lsl #1]
 4482 12f8 9942     		cmp	r1, r3
 4483 12fa 61D8     		bhi	.L127
 4484              		.loc 1 1019 0 is_stmt 0 discriminator 1
 4485 12fc A14A     		ldr	r2, .L237
 4486 12fe D7F8A030 		ldr	r3, [r7, #160]
 4487 1302 32F81330 		ldrh	r3, [r2, r3, lsl #1]	@ movhi
 4488 1306 99B2     		uxth	r1, r3
 4489 1308 D7F89C30 		ldr	r3, [r7, #156]
 4490 130c 581C     		adds	r0, r3, #1
 4491 130e 9E4C     		ldr	r4, .L237+4
 4492 1310 D7F8A020 		ldr	r2, [r7, #160]
 4493 1314 1346     		mov	r3, r2
 4494 1316 5B00     		lsls	r3, r3, #1
 4495 1318 1344     		add	r3, r3, r2
 4496 131a 9B00     		lsls	r3, r3, #2
 4497 131c 0344     		add	r3, r3, r0
 4498 131e 34F81330 		ldrh	r3, [r4, r3, lsl #1]
 4499 1322 9942     		cmp	r1, r3
ARM GAS  C:\Users\ggg88\AppData\Local\Temp\ccfc1YkT.s 			page 99


 4500 1324 4CD9     		bls	.L127
1020:main.c        ****                             {
1021:main.c        ****                                 stringMappedPositionsInRatios[i] = map((float)bar[i], fretMeasureme
 4501              		.loc 1 1021 0 is_stmt 1
 4502 1326 974A     		ldr	r2, .L237
 4503 1328 D7F8A030 		ldr	r3, [r7, #160]
 4504 132c 32F81330 		ldrh	r3, [r2, r3, lsl #1]	@ movhi
 4505 1330 9BB2     		uxth	r3, r3
 4506 1332 1846     		mov	r0, r3
 4507 1334 FFF7FEFF 		bl	__aeabi_ui2f
 4508 1338 0446     		mov	r4, r0
 4509 133a 9349     		ldr	r1, .L237+4
 4510 133c D7F8A020 		ldr	r2, [r7, #160]
 4511 1340 1346     		mov	r3, r2
 4512 1342 5B00     		lsls	r3, r3, #1
 4513 1344 1344     		add	r3, r3, r2
 4514 1346 9B00     		lsls	r3, r3, #2
 4515 1348 D7F89C20 		ldr	r2, [r7, #156]
 4516 134c 1344     		add	r3, r3, r2
 4517 134e 31F81330 		ldrh	r3, [r1, r3, lsl #1]
 4518 1352 1846     		mov	r0, r3
 4519 1354 FFF7FEFF 		bl	__aeabi_ui2f
 4520 1358 0546     		mov	r5, r0
 4521 135a D7F89C30 		ldr	r3, [r7, #156]
 4522 135e 591C     		adds	r1, r3, #1
 4523 1360 8948     		ldr	r0, .L237+4
 4524 1362 D7F8A020 		ldr	r2, [r7, #160]
 4525 1366 1346     		mov	r3, r2
 4526 1368 5B00     		lsls	r3, r3, #1
 4527 136a 1344     		add	r3, r3, r2
 4528 136c 9B00     		lsls	r3, r3, #2
 4529 136e 0B44     		add	r3, r3, r1
 4530 1370 30F81330 		ldrh	r3, [r0, r3, lsl #1]
 4531 1374 1846     		mov	r0, r3
 4532 1376 FFF7FEFF 		bl	__aeabi_ui2f
 4533 137a 844A     		ldr	r2, .L237+8
 4534 137c D7F89C30 		ldr	r3, [r7, #156]
 4535 1380 52F82310 		ldr	r1, [r2, r3, lsl #2]	@ float
 4536 1384 D7F89C30 		ldr	r3, [r7, #156]
 4537 1388 0133     		adds	r3, r3, #1
 4538 138a 804A     		ldr	r2, .L237+8
 4539 138c 52F82330 		ldr	r3, [r2, r3, lsl #2]	@ float
 4540 1390 0093     		str	r3, [sp]	@ float
 4541 1392 0B46     		mov	r3, r1
 4542 1394 0246     		mov	r2, r0
 4543 1396 2946     		mov	r1, r5
 4544 1398 2046     		mov	r0, r4
 4545 139a FFF7FEFF 		bl	map
 4546 139e 0146     		mov	r1, r0
 4547 13a0 7B4A     		ldr	r2, .L237+12
 4548 13a2 D7F8A030 		ldr	r3, [r7, #160]
 4549 13a6 42F82310 		str	r1, [r2, r3, lsl #2]	@ float
1022:main.c        ****                                 if (midiDebugSendOn)
 4550              		.loc 1 1022 0
 4551 13aa 7A4B     		ldr	r3, .L237+16
 4552 13ac 1B78     		ldrb	r3, [r3]	@ zero_extendqisi2
 4553 13ae 002B     		cmp	r3, #0
ARM GAS  C:\Users\ggg88\AppData\Local\Temp\ccfc1YkT.s 			page 100


 4554 13b0 48D0     		beq	.L222
1023:main.c        ****                                 {
1024:main.c        ****                                     sendMIDIControlChange(44, j, 1);
 4555              		.loc 1 1024 0
 4556 13b2 0122     		movs	r2, #1
 4557 13b4 D7F89C10 		ldr	r1, [r7, #156]
 4558 13b8 2C20     		movs	r0, #44
 4559 13ba FFF7FEFF 		bl	sendMIDIControlChange
1025:main.c        ****                                 }
1026:main.c        ****                                 break;
 4560              		.loc 1 1026 0
 4561 13be 41E0     		b	.L222
 4562              	.L127:
1017:main.c        ****                         {
 4563              		.loc 1 1017 0 discriminator 2
 4564 13c0 D7F89C30 		ldr	r3, [r7, #156]
 4565 13c4 0133     		adds	r3, r3, #1
 4566 13c6 C7F89C30 		str	r3, [r7, #156]
 4567              	.L126:
1017:main.c        ****                         {
 4568              		.loc 1 1017 0 is_stmt 0 discriminator 1
 4569 13ca D7F89C30 		ldr	r3, [r7, #156]
 4570 13ce 0A2B     		cmp	r3, #10
 4571 13d0 80DD     		ble	.L130
 4572 13d2 38E0     		b	.L124
 4573              	.L125:
 4574              	.LBE30:
1027:main.c        ****                             }
1028:main.c        ****                         }
1029:main.c        ****                     }
1030:main.c        ****                     else
1031:main.c        ****                     {
1032:main.c        ****                         stringMappedPositionsInRatios[i] = map((float)bar[i], fretMeasurements[i][N
 4575              		.loc 1 1032 0 is_stmt 1
 4576 13d4 6B4A     		ldr	r2, .L237
 4577 13d6 D7F8A030 		ldr	r3, [r7, #160]
 4578 13da 32F81330 		ldrh	r3, [r2, r3, lsl #1]	@ movhi
 4579 13de 9BB2     		uxth	r3, r3
 4580 13e0 1846     		mov	r0, r3
 4581 13e2 FFF7FEFF 		bl	__aeabi_ui2f
 4582 13e6 0446     		mov	r4, r0
 4583 13e8 6749     		ldr	r1, .L237+4
 4584 13ea D7F8A020 		ldr	r2, [r7, #160]
 4585 13ee 1346     		mov	r3, r2
 4586 13f0 5B00     		lsls	r3, r3, #1
 4587 13f2 1344     		add	r3, r3, r2
 4588 13f4 DB00     		lsls	r3, r3, #3
 4589 13f6 0B44     		add	r3, r3, r1
 4590 13f8 1433     		adds	r3, r3, #20
 4591 13fa 1B88     		ldrh	r3, [r3]
 4592 13fc 1846     		mov	r0, r3
 4593 13fe FFF7FEFF 		bl	__aeabi_ui2f
 4594 1402 0546     		mov	r5, r0
 4595 1404 6049     		ldr	r1, .L237+4
 4596 1406 D7F8A020 		ldr	r2, [r7, #160]
 4597 140a 1346     		mov	r3, r2
 4598 140c 5B00     		lsls	r3, r3, #1
ARM GAS  C:\Users\ggg88\AppData\Local\Temp\ccfc1YkT.s 			page 101


 4599 140e 1344     		add	r3, r3, r2
 4600 1410 DB00     		lsls	r3, r3, #3
 4601 1412 0B44     		add	r3, r3, r1
 4602 1414 1633     		adds	r3, r3, #22
 4603 1416 1B88     		ldrh	r3, [r3]
 4604 1418 1846     		mov	r0, r3
 4605 141a FFF7FEFF 		bl	__aeabi_ui2f
 4606 141e 0146     		mov	r1, r0
 4607 1420 5A4B     		ldr	r3, .L237+8
 4608 1422 9A6A     		ldr	r2, [r3, #40]	@ float
 4609 1424 594B     		ldr	r3, .L237+8
 4610 1426 DB6A     		ldr	r3, [r3, #44]	@ float
 4611 1428 0093     		str	r3, [sp]	@ float
 4612 142a 1346     		mov	r3, r2
 4613 142c 0A46     		mov	r2, r1
 4614 142e 2946     		mov	r1, r5
 4615 1430 2046     		mov	r0, r4
 4616 1432 FFF7FEFF 		bl	map
 4617 1436 0146     		mov	r1, r0
 4618 1438 554A     		ldr	r2, .L237+12
 4619 143a D7F8A030 		ldr	r3, [r7, #160]
 4620 143e 42F82310 		str	r1, [r2, r3, lsl #2]	@ float
 4621 1442 00E0     		b	.L124
 4622              	.L222:
 4623              	.LBB31:
1026:main.c        ****                             }
 4624              		.loc 1 1026 0
 4625 1444 00BF     		nop
 4626              	.L124:
 4627              	.LBE31:
1033:main.c        ****                     }
1034:main.c        ****                     stringMappedPositionsInRatiosInt[i] = stringMappedPositionsInRatios[i]*16384.0f
 4628              		.loc 1 1034 0
 4629 1446 524A     		ldr	r2, .L237+12
 4630 1448 D7F8A030 		ldr	r3, [r7, #160]
 4631 144c 52F82330 		ldr	r3, [r2, r3, lsl #2]	@ float
 4632 1450 4FF08D41 		mov	r1, #1182793728
 4633 1454 1846     		mov	r0, r3
 4634 1456 FFF7FEFF 		bl	__aeabi_fmul
 4635 145a 0346     		mov	r3, r0
 4636 145c 1846     		mov	r0, r3
 4637 145e FFF7FEFF 		bl	__aeabi_f2uiz
 4638 1462 0346     		mov	r3, r0
 4639 1464 99B2     		uxth	r1, r3
 4640 1466 4C4A     		ldr	r2, .L237+20
 4641 1468 D7F8A030 		ldr	r3, [r7, #160]
 4642 146c 22F81310 		strh	r1, [r2, r3, lsl #1]	@ movhi
1035:main.c        ****                     if (midiDebugSendOn)
 4643              		.loc 1 1035 0
 4644 1470 484B     		ldr	r3, .L237+16
 4645 1472 1B78     		ldrb	r3, [r3]	@ zero_extendqisi2
 4646 1474 002B     		cmp	r3, #0
 4647 1476 39D0     		beq	.L120
1036:main.c        ****                     {
1037:main.c        ****                         sendMIDIControlChange(40+(i*3), stringMappedPositionsInRatiosInt[i] & 127, 
 4648              		.loc 1 1037 0
 4649 1478 D7F8A020 		ldr	r2, [r7, #160]
ARM GAS  C:\Users\ggg88\AppData\Local\Temp\ccfc1YkT.s 			page 102


 4650 147c 1346     		mov	r3, r2
 4651 147e 5B00     		lsls	r3, r3, #1
 4652 1480 1344     		add	r3, r3, r2
 4653 1482 03F12800 		add	r0, r3, #40
 4654 1486 444A     		ldr	r2, .L237+20
 4655 1488 D7F8A030 		ldr	r3, [r7, #160]
 4656 148c 32F81330 		ldrh	r3, [r2, r3, lsl #1]
 4657 1490 03F07F03 		and	r3, r3, #127
 4658 1494 0122     		movs	r2, #1
 4659 1496 1946     		mov	r1, r3
 4660 1498 FFF7FEFF 		bl	sendMIDIControlChange
1038:main.c        ****                         sendMIDIControlChange(39+(i*3), (stringMappedPositionsInRatiosInt[i] >> 7) 
 4661              		.loc 1 1038 0
 4662 149c D7F8A020 		ldr	r2, [r7, #160]
 4663 14a0 1346     		mov	r3, r2
 4664 14a2 5B00     		lsls	r3, r3, #1
 4665 14a4 1344     		add	r3, r3, r2
 4666 14a6 03F12700 		add	r0, r3, #39
 4667 14aa 3B4A     		ldr	r2, .L237+20
 4668 14ac D7F8A030 		ldr	r3, [r7, #160]
 4669 14b0 32F81330 		ldrh	r3, [r2, r3, lsl #1]
 4670 14b4 DB09     		lsrs	r3, r3, #7
 4671 14b6 9BB2     		uxth	r3, r3
 4672 14b8 03F07F03 		and	r3, r3, #127
 4673 14bc 0122     		movs	r2, #1
 4674 14be 1946     		mov	r1, r3
 4675 14c0 FFF7FEFF 		bl	sendMIDIControlChange
1039:main.c        ****                         sendMIDIControlChange(38+(i*3), (stringMappedPositionsInRatiosInt[i] >> 14)
 4676              		.loc 1 1039 0
 4677 14c4 D7F8A020 		ldr	r2, [r7, #160]
 4678 14c8 1346     		mov	r3, r2
 4679 14ca 5B00     		lsls	r3, r3, #1
 4680 14cc 1344     		add	r3, r3, r2
 4681 14ce 03F12600 		add	r0, r3, #38
 4682 14d2 314A     		ldr	r2, .L237+20
 4683 14d4 D7F8A030 		ldr	r3, [r7, #160]
 4684 14d8 32F81330 		ldrh	r3, [r2, r3, lsl #1]
 4685 14dc 9B0B     		lsrs	r3, r3, #14
 4686 14de 9BB2     		uxth	r3, r3
 4687 14e0 03F07F03 		and	r3, r3, #127
 4688 14e4 0122     		movs	r2, #1
 4689 14e6 1946     		mov	r1, r3
 4690 14e8 FFF7FEFF 		bl	sendMIDIControlChange
 4691              	.L120:
1040:main.c        ****                     }
1041:main.c        ****                 }
1042:main.c        ****                 //
1043:main.c        ****                 prevBar[i] = bar[i];
 4692              		.loc 1 1043 0 discriminator 2
 4693 14ec 254A     		ldr	r2, .L237
 4694 14ee D7F8A030 		ldr	r3, [r7, #160]
 4695 14f2 32F81330 		ldrh	r3, [r2, r3, lsl #1]	@ movhi
 4696 14f6 99B2     		uxth	r1, r3
 4697 14f8 284A     		ldr	r2, .L237+24
 4698 14fa D7F8A030 		ldr	r3, [r7, #160]
 4699 14fe 22F81310 		strh	r1, [r2, r3, lsl #1]	@ movhi
 999:main.c        ****             {
ARM GAS  C:\Users\ggg88\AppData\Local\Temp\ccfc1YkT.s 			page 103


 4700              		.loc 1 999 0 discriminator 2
 4701 1502 D7F8A030 		ldr	r3, [r7, #160]
 4702 1506 0133     		adds	r3, r3, #1
 4703 1508 C7F8A030 		str	r3, [r7, #160]
 4704              	.L119:
 999:main.c        ****             {
 4705              		.loc 1 999 0 is_stmt 0 discriminator 1
 4706 150c D7F8A030 		ldr	r3, [r7, #160]
 4707 1510 012B     		cmp	r3, #1
 4708 1512 7FF709AE 		ble	.L131
 4709              	.L118:
 4710              	.LBE29:
1044:main.c        ****             }
1045:main.c        ****         }
1046:main.c        ****         
1047:main.c        ****         //testpin5_Write(0);
1048:main.c        ****         if (midiSendOn)
 4711              		.loc 1 1048 0 is_stmt 1
 4712 1516 224B     		ldr	r3, .L237+28
 4713 1518 1B78     		ldrb	r3, [r3]	@ zero_extendqisi2
 4714 151a 002B     		cmp	r3, #0
 4715 151c 2CD0     		beq	.L132
 4716              	.LBB32:
1049:main.c        ****         {
1050:main.c        ****             for (int i = 0 ; i < numStrings; i++)
 4717              		.loc 1 1050 0
 4718 151e 0023     		movs	r3, #0
 4719 1520 C7F89830 		str	r3, [r7, #152]
 4720 1524 21E0     		b	.L133
 4721              	.L135:
1051:main.c        ****             {
1052:main.c        ****                 if (strings[i] != prevStrings[i])
 4722              		.loc 1 1052 0
 4723 1526 1F4A     		ldr	r2, .L237+32
 4724 1528 D7F89830 		ldr	r3, [r7, #152]
 4725 152c 32F81330 		ldrh	r3, [r2, r3, lsl #1]	@ movhi
 4726 1530 9AB2     		uxth	r2, r3
 4727 1532 1D49     		ldr	r1, .L237+36
 4728 1534 D7F89830 		ldr	r3, [r7, #152]
 4729 1538 31F81330 		ldrh	r3, [r1, r3, lsl #1]	@ movhi
 4730 153c 9BB2     		uxth	r3, r3
 4731 153e 9A42     		cmp	r2, r3
 4732 1540 03D0     		beq	.L134
1053:main.c        ****                 {
1054:main.c        ****                     noteEvent(i);
 4733              		.loc 1 1054 0
 4734 1542 D7F89800 		ldr	r0, [r7, #152]
 4735 1546 FFF7FEFF 		bl	noteEvent
 4736              	.L134:
1055:main.c        ****                 }
1056:main.c        ****                 prevStrings[i] = strings[i];
 4737              		.loc 1 1056 0 discriminator 2
 4738 154a 164A     		ldr	r2, .L237+32
 4739 154c D7F89830 		ldr	r3, [r7, #152]
 4740 1550 32F81330 		ldrh	r3, [r2, r3, lsl #1]	@ movhi
 4741 1554 99B2     		uxth	r1, r3
 4742 1556 144A     		ldr	r2, .L237+36
ARM GAS  C:\Users\ggg88\AppData\Local\Temp\ccfc1YkT.s 			page 104


 4743 1558 D7F89830 		ldr	r3, [r7, #152]
 4744 155c 22F81310 		strh	r1, [r2, r3, lsl #1]	@ movhi
1050:main.c        ****             {
 4745              		.loc 1 1050 0 discriminator 2
 4746 1560 D7F89830 		ldr	r3, [r7, #152]
 4747 1564 0133     		adds	r3, r3, #1
 4748 1566 C7F89830 		str	r3, [r7, #152]
 4749              	.L133:
1050:main.c        ****             {
 4750              		.loc 1 1050 0 is_stmt 0 discriminator 1
 4751 156a 104B     		ldr	r3, .L237+40
 4752 156c 1B78     		ldrb	r3, [r3]	@ zero_extendqisi2
 4753 156e 1A46     		mov	r2, r3
 4754 1570 D7F89830 		ldr	r3, [r7, #152]
 4755 1574 9A42     		cmp	r2, r3
 4756 1576 D6DC     		bgt	.L135
 4757              	.L132:
 4758              	.LBE32:
1057:main.c        ****             }
1058:main.c        ****         }
1059:main.c        ****        
1060:main.c        ****         scanUI();
 4759              		.loc 1 1060 0 is_stmt 1
 4760 1578 FFF7FEFF 		bl	scanUI
 4761              	.LBB33:
1061:main.c        ****         
1062:main.c        ****         for (int i=  0; i < 4; i++)
 4762              		.loc 1 1062 0
 4763 157c 0023     		movs	r3, #0
 4764 157e C7F89430 		str	r3, [r7, #148]
 4765 1582 70E0     		b	.L136
 4766              	.L238:
 4767              		.align	2
 4768              	.L237:
 4769 1584 00000000 		.word	bar
 4770 1588 00000000 		.word	fretMeasurements
 4771 158c 00000000 		.word	fretScalingInRatios
 4772 1590 00000000 		.word	stringMappedPositionsInRatios
 4773 1594 00000000 		.word	midiDebugSendOn
 4774 1598 00000000 		.word	stringMappedPositionsInRatiosInt
 4775 159c 00000000 		.word	prevBar
 4776 15a0 00000000 		.word	midiSendOn
 4777 15a4 00000000 		.word	strings
 4778 15a8 00000000 		.word	prevStrings
 4779 15ac 00000000 		.word	numStrings
 4780              	.L140:
1063:main.c        ****         {
1064:main.c        ****             knobs[i] = (ADC_SAR_Seq_1_GetResult16(i)>>4); //divide by 16
 4781              		.loc 1 1064 0
 4782 15b0 D7F89430 		ldr	r3, [r7, #148]
 4783 15b4 9BB2     		uxth	r3, r3
 4784 15b6 1846     		mov	r0, r3
 4785 15b8 FFF7FEFF 		bl	ADC_SAR_Seq_1_GetResult16
 4786 15bc 0346     		mov	r3, r0
 4787 15be 1B11     		asrs	r3, r3, #4
 4788 15c0 1BB2     		sxth	r3, r3
 4789 15c2 D9B2     		uxtb	r1, r3
ARM GAS  C:\Users\ggg88\AppData\Local\Temp\ccfc1YkT.s 			page 105


 4790 15c4 444A     		ldr	r2, .L239
 4791 15c6 D7F89430 		ldr	r3, [r7, #148]
 4792 15ca 1344     		add	r3, r3, r2
 4793 15cc 0A46     		mov	r2, r1
 4794 15ce 1A70     		strb	r2, [r3]
1065:main.c        ****             if (i != 2) // all are backwards except X axis
 4795              		.loc 1 1065 0
 4796 15d0 D7F89430 		ldr	r3, [r7, #148]
 4797 15d4 022B     		cmp	r3, #2
 4798 15d6 0CD0     		beq	.L137
1066:main.c        ****             {
1067:main.c        ****                 knobs[i] = 255 - knobs[i];
 4799              		.loc 1 1067 0
 4800 15d8 3F4A     		ldr	r2, .L239
 4801 15da D7F89430 		ldr	r3, [r7, #148]
 4802 15de 1344     		add	r3, r3, r2
 4803 15e0 1B78     		ldrb	r3, [r3]	@ zero_extendqisi2
 4804 15e2 DB43     		mvns	r3, r3
 4805 15e4 D9B2     		uxtb	r1, r3
 4806 15e6 3C4A     		ldr	r2, .L239
 4807 15e8 D7F89430 		ldr	r3, [r7, #148]
 4808 15ec 1344     		add	r3, r3, r2
 4809 15ee 0A46     		mov	r2, r1
 4810 15f0 1A70     		strb	r2, [r3]
 4811              	.L137:
1068:main.c        ****             }
1069:main.c        ****             if (midiSendOn)
 4812              		.loc 1 1069 0
 4813 15f2 3A4B     		ldr	r3, .L239+4
 4814 15f4 1B78     		ldrb	r3, [r3]	@ zero_extendqisi2
 4815 15f6 002B     		cmp	r3, #0
 4816 15f8 30D0     		beq	.L138
1070:main.c        ****             {
1071:main.c        ****                 knobs7bit[i] = knobs[i] >> 1;
 4817              		.loc 1 1071 0
 4818 15fa 374A     		ldr	r2, .L239
 4819 15fc D7F89430 		ldr	r3, [r7, #148]
 4820 1600 1344     		add	r3, r3, r2
 4821 1602 1B78     		ldrb	r3, [r3]	@ zero_extendqisi2
 4822 1604 5B08     		lsrs	r3, r3, #1
 4823 1606 D9B2     		uxtb	r1, r3
 4824 1608 354A     		ldr	r2, .L239+8
 4825 160a D7F89430 		ldr	r3, [r7, #148]
 4826 160e 1344     		add	r3, r3, r2
 4827 1610 0A46     		mov	r2, r1
 4828 1612 1A70     		strb	r2, [r3]
1072:main.c        ****                 
1073:main.c        ****                 if (knobs7bit[i] != prevKnobs7bit[i])
 4829              		.loc 1 1073 0
 4830 1614 324A     		ldr	r2, .L239+8
 4831 1616 D7F89430 		ldr	r3, [r7, #148]
 4832 161a 1344     		add	r3, r3, r2
 4833 161c 1A78     		ldrb	r2, [r3]	@ zero_extendqisi2
 4834 161e 3149     		ldr	r1, .L239+12
 4835 1620 D7F89430 		ldr	r3, [r7, #148]
 4836 1624 0B44     		add	r3, r3, r1
 4837 1626 1B78     		ldrb	r3, [r3]	@ zero_extendqisi2
ARM GAS  C:\Users\ggg88\AppData\Local\Temp\ccfc1YkT.s 			page 106


 4838 1628 9A42     		cmp	r2, r3
 4839 162a 0CD0     		beq	.L139
1074:main.c        ****                 {
1075:main.c        ****                     sendMIDIControlChange(i+9, knobs7bit[i], 0);
 4840              		.loc 1 1075 0
 4841 162c D7F89430 		ldr	r3, [r7, #148]
 4842 1630 03F10900 		add	r0, r3, #9
 4843 1634 2A4A     		ldr	r2, .L239+8
 4844 1636 D7F89430 		ldr	r3, [r7, #148]
 4845 163a 1344     		add	r3, r3, r2
 4846 163c 1B78     		ldrb	r3, [r3]	@ zero_extendqisi2
 4847 163e 0022     		movs	r2, #0
 4848 1640 1946     		mov	r1, r3
 4849 1642 FFF7FEFF 		bl	sendMIDIControlChange
 4850              	.L139:
1076:main.c        ****                 }
1077:main.c        ****                 prevKnobs7bit[i] = knobs7bit[i];
 4851              		.loc 1 1077 0
 4852 1646 264A     		ldr	r2, .L239+8
 4853 1648 D7F89430 		ldr	r3, [r7, #148]
 4854 164c 1344     		add	r3, r3, r2
 4855 164e 1978     		ldrb	r1, [r3]	@ zero_extendqisi2
 4856 1650 244A     		ldr	r2, .L239+12
 4857 1652 D7F89430 		ldr	r3, [r7, #148]
 4858 1656 1344     		add	r3, r3, r2
 4859 1658 0A46     		mov	r2, r1
 4860 165a 1A70     		strb	r2, [r3]
 4861              	.L138:
1062:main.c        ****         {
 4862              		.loc 1 1062 0 discriminator 2
 4863 165c D7F89430 		ldr	r3, [r7, #148]
 4864 1660 0133     		adds	r3, r3, #1
 4865 1662 C7F89430 		str	r3, [r7, #148]
 4866              	.L136:
1062:main.c        ****         {
 4867              		.loc 1 1062 0 is_stmt 0 discriminator 1
 4868 1666 D7F89430 		ldr	r3, [r7, #148]
 4869 166a 032B     		cmp	r3, #3
 4870 166c A0DD     		ble	.L140
 4871              	.LBE33:
 4872              	.LBB34:
1078:main.c        ****             }
1079:main.c        ****             
1080:main.c        ****         }
1081:main.c        ****         
1082:main.c        ****         //testpin4_Write(1);
1083:main.c        ****         //calculate the pitch of each string based on the current Copedent
1084:main.c        ****         for (int i = 0; i < numStrings; i++)
 4873              		.loc 1 1084 0 is_stmt 1
 4874 166e 0023     		movs	r3, #0
 4875 1670 C7F89030 		str	r3, [r7, #144]
 4876 1674 78E3     		b	.L141
 4877              	.L165:
 4878              	.LBB35:
1085:main.c        ****     	{
1086:main.c        ****     		//interpolate ratios for each of the strings
1087:main.c        ****            
ARM GAS  C:\Users\ggg88\AppData\Local\Temp\ccfc1YkT.s 			page 107


1088:main.c        ****             float myMappedPos;
1089:main.c        ****             if (dualSlider)
 4879              		.loc 1 1089 0
 4880 1676 1C4B     		ldr	r3, .L239+16
 4881 1678 1B78     		ldrb	r3, [r3]	@ zero_extendqisi2
 4882 167a 002B     		cmp	r3, #0
 4883 167c 3AD0     		beq	.L142
1090:main.c        ****             {
1091:main.c        ****                if ((bar[0] != 65535) && (bar[1] != 65535))
 4884              		.loc 1 1091 0
 4885 167e 1B4B     		ldr	r3, .L239+20
 4886 1680 1B88     		ldrh	r3, [r3]	@ movhi
 4887 1682 9BB2     		uxth	r3, r3
 4888 1684 4FF6FF72 		movw	r2, #65535
 4889 1688 9342     		cmp	r3, r2
 4890 168a 14D0     		beq	.L143
 4891              		.loc 1 1091 0 is_stmt 0 discriminator 1
 4892 168c 174B     		ldr	r3, .L239+20
 4893 168e 5B88     		ldrh	r3, [r3, #2]	@ movhi
 4894 1690 9BB2     		uxth	r3, r3
 4895 1692 4FF6FF72 		movw	r2, #65535
 4896 1696 9342     		cmp	r3, r2
 4897 1698 0DD0     		beq	.L143
1092:main.c        ****                 {
1093:main.c        ****                     myMappedPos = mapDualSlider(i, stringMappedPositionsInRatios[0], stringMappedPo
 4898              		.loc 1 1093 0 is_stmt 1
 4899 169a D7F89000 		ldr	r0, [r7, #144]
 4900 169e FFF7FEFF 		bl	__aeabi_i2f
 4901 16a2 134B     		ldr	r3, .L239+24
 4902 16a4 1968     		ldr	r1, [r3]	@ float
 4903 16a6 124B     		ldr	r3, .L239+24
 4904 16a8 5B68     		ldr	r3, [r3, #4]	@ float
 4905 16aa 1A46     		mov	r2, r3
 4906 16ac FFF7FEFF 		bl	mapDualSlider
 4907 16b0 C7F88C00 		str	r0, [r7, #140]	@ float
 4908 16b4 22E0     		b	.L146
 4909              	.L143:
1094:main.c        ****                 }
1095:main.c        ****                 else if (bar[0] != 65535)
 4910              		.loc 1 1095 0
 4911 16b6 0D4B     		ldr	r3, .L239+20
 4912 16b8 1B88     		ldrh	r3, [r3]	@ movhi
 4913 16ba 9BB2     		uxth	r3, r3
 4914 16bc 4FF6FF72 		movw	r2, #65535
 4915 16c0 9342     		cmp	r3, r2
 4916 16c2 04D0     		beq	.L145
1096:main.c        ****                 {
1097:main.c        ****                     myMappedPos = stringMappedPositionsInRatios[0];
 4917              		.loc 1 1097 0
 4918 16c4 0A4B     		ldr	r3, .L239+24
 4919 16c6 1B68     		ldr	r3, [r3]	@ float
 4920 16c8 C7F88C30 		str	r3, [r7, #140]	@ float
 4921 16cc 16E0     		b	.L146
 4922              	.L145:
1098:main.c        ****                 }
1099:main.c        ****                 else
1100:main.c        ****                 {
ARM GAS  C:\Users\ggg88\AppData\Local\Temp\ccfc1YkT.s 			page 108


1101:main.c        ****                     myMappedPos = stringMappedPositionsInRatios[1];
 4923              		.loc 1 1101 0
 4924 16ce 084B     		ldr	r3, .L239+24
 4925 16d0 5B68     		ldr	r3, [r3, #4]	@ float
 4926 16d2 C7F88C30 		str	r3, [r7, #140]	@ float
 4927 16d6 11E0     		b	.L146
 4928              	.L240:
 4929              		.align	2
 4930              	.L239:
 4931 16d8 00000000 		.word	knobs
 4932 16dc 00000000 		.word	midiSendOn
 4933 16e0 00000000 		.word	knobs7bit
 4934 16e4 00000000 		.word	prevKnobs7bit
 4935 16e8 00000000 		.word	dualSlider
 4936 16ec 00000000 		.word	bar
 4937 16f0 00000000 		.word	stringMappedPositionsInRatios
 4938              	.L142:
1102:main.c        ****                 }
1103:main.c        ****             }
1104:main.c        ****             else
1105:main.c        ****             {
1106:main.c        ****                 myMappedPos = stringMappedPositionsInRatios[0];
 4939              		.loc 1 1106 0
 4940 16f4 A34B     		ldr	r3, .L241
 4941 16f6 1B68     		ldr	r3, [r3]	@ float
 4942 16f8 C7F88C30 		str	r3, [r7, #140]	@ float
 4943              	.L146:
1107:main.c        ****             }
1108:main.c        **** 
1109:main.c        ****             float pedalsMIDI = 0.0f;
 4944              		.loc 1 1109 0
 4945 16fc 4FF00003 		mov	r3, #0
 4946 1700 C7F88830 		str	r3, [r7, #136]	@ float
1110:main.c        ****     		//then apply those ratios to the fundamental frequencies
1111:main.c        ****             if (!traditionalPedalAdd)
 4947              		.loc 1 1111 0
 4948 1704 A04B     		ldr	r3, .L241+4
 4949 1706 1B78     		ldrb	r3, [r3]	@ zero_extendqisi2
 4950 1708 002B     		cmp	r3, #0
 4951 170a 40F07881 		bne	.L147
1112:main.c        ****             {
1113:main.c        ****     		    pedalsMIDI = (copedent[currentCopedent][0][i] +
 4952              		.loc 1 1113 0
 4953 170e 9F4B     		ldr	r3, .L241+8
 4954 1710 1B78     		ldrb	r3, [r3]	@ zero_extendqisi2
 4955 1712 1A46     		mov	r2, r3
 4956 1714 9E49     		ldr	r1, .L241+12
 4957 1716 1346     		mov	r3, r2
 4958 1718 5B01     		lsls	r3, r3, #5
 4959 171a 1344     		add	r3, r3, r2
 4960 171c 9B00     		lsls	r3, r3, #2
 4961 171e D7F89020 		ldr	r2, [r7, #144]
 4962 1722 1344     		add	r3, r3, r2
 4963 1724 51F82340 		ldr	r4, [r1, r3, lsl #2]	@ float
1114:main.c        ****                         (copedent[currentCopedent][4][i] * pedals_float[0]) +
 4964              		.loc 1 1114 0
 4965 1728 984B     		ldr	r3, .L241+8
ARM GAS  C:\Users\ggg88\AppData\Local\Temp\ccfc1YkT.s 			page 109


 4966 172a 1B78     		ldrb	r3, [r3]	@ zero_extendqisi2
 4967 172c 1A46     		mov	r2, r3
 4968 172e 9849     		ldr	r1, .L241+12
 4969 1730 1346     		mov	r3, r2
 4970 1732 5B01     		lsls	r3, r3, #5
 4971 1734 1344     		add	r3, r3, r2
 4972 1736 9B00     		lsls	r3, r3, #2
 4973 1738 D7F89020 		ldr	r2, [r7, #144]
 4974 173c 1344     		add	r3, r3, r2
 4975 173e 3033     		adds	r3, r3, #48
 4976 1740 51F82320 		ldr	r2, [r1, r3, lsl #2]	@ float
 4977 1744 934B     		ldr	r3, .L241+16
 4978 1746 1B68     		ldr	r3, [r3]	@ float
 4979 1748 1946     		mov	r1, r3
 4980 174a 1046     		mov	r0, r2
 4981 174c FFF7FEFF 		bl	__aeabi_fmul
 4982 1750 0346     		mov	r3, r0
1113:main.c        ****                         (copedent[currentCopedent][4][i] * pedals_float[0]) +
 4983              		.loc 1 1113 0
 4984 1752 1946     		mov	r1, r3
 4985 1754 2046     		mov	r0, r4
 4986 1756 FFF7FEFF 		bl	__aeabi_fadd
 4987 175a 0346     		mov	r3, r0
 4988 175c 1C46     		mov	r4, r3
1115:main.c        ****                         (copedent[currentCopedent][5][i] * pedals_float[1]) +
 4989              		.loc 1 1115 0
 4990 175e 8B4B     		ldr	r3, .L241+8
 4991 1760 1B78     		ldrb	r3, [r3]	@ zero_extendqisi2
 4992 1762 1A46     		mov	r2, r3
 4993 1764 8A49     		ldr	r1, .L241+12
 4994 1766 1346     		mov	r3, r2
 4995 1768 5B01     		lsls	r3, r3, #5
 4996 176a 1344     		add	r3, r3, r2
 4997 176c 9B00     		lsls	r3, r3, #2
 4998 176e D7F89020 		ldr	r2, [r7, #144]
 4999 1772 1344     		add	r3, r3, r2
 5000 1774 3C33     		adds	r3, r3, #60
 5001 1776 51F82320 		ldr	r2, [r1, r3, lsl #2]	@ float
 5002 177a 864B     		ldr	r3, .L241+16
 5003 177c 5B68     		ldr	r3, [r3, #4]	@ float
 5004 177e 1946     		mov	r1, r3
 5005 1780 1046     		mov	r0, r2
 5006 1782 FFF7FEFF 		bl	__aeabi_fmul
 5007 1786 0346     		mov	r3, r0
1114:main.c        ****                         (copedent[currentCopedent][4][i] * pedals_float[0]) +
 5008              		.loc 1 1114 0
 5009 1788 1946     		mov	r1, r3
 5010 178a 2046     		mov	r0, r4
 5011 178c FFF7FEFF 		bl	__aeabi_fadd
 5012 1790 0346     		mov	r3, r0
 5013 1792 1C46     		mov	r4, r3
1116:main.c        ****                         (copedent[currentCopedent][6][i] * pedals_float[2]) +
 5014              		.loc 1 1116 0
 5015 1794 7D4B     		ldr	r3, .L241+8
 5016 1796 1B78     		ldrb	r3, [r3]	@ zero_extendqisi2
 5017 1798 1A46     		mov	r2, r3
 5018 179a 7D49     		ldr	r1, .L241+12
ARM GAS  C:\Users\ggg88\AppData\Local\Temp\ccfc1YkT.s 			page 110


 5019 179c 1346     		mov	r3, r2
 5020 179e 5B01     		lsls	r3, r3, #5
 5021 17a0 1344     		add	r3, r3, r2
 5022 17a2 9B00     		lsls	r3, r3, #2
 5023 17a4 D7F89020 		ldr	r2, [r7, #144]
 5024 17a8 1344     		add	r3, r3, r2
 5025 17aa 4833     		adds	r3, r3, #72
 5026 17ac 51F82320 		ldr	r2, [r1, r3, lsl #2]	@ float
 5027 17b0 784B     		ldr	r3, .L241+16
 5028 17b2 9B68     		ldr	r3, [r3, #8]	@ float
 5029 17b4 1946     		mov	r1, r3
 5030 17b6 1046     		mov	r0, r2
 5031 17b8 FFF7FEFF 		bl	__aeabi_fmul
 5032 17bc 0346     		mov	r3, r0
1115:main.c        ****                         (copedent[currentCopedent][5][i] * pedals_float[1]) +
 5033              		.loc 1 1115 0
 5034 17be 1946     		mov	r1, r3
 5035 17c0 2046     		mov	r0, r4
 5036 17c2 FFF7FEFF 		bl	__aeabi_fadd
 5037 17c6 0346     		mov	r3, r0
 5038 17c8 1C46     		mov	r4, r3
1117:main.c        ****                         (copedent[currentCopedent][7][i] * pedals_float[3]) +
 5039              		.loc 1 1117 0
 5040 17ca 704B     		ldr	r3, .L241+8
 5041 17cc 1B78     		ldrb	r3, [r3]	@ zero_extendqisi2
 5042 17ce 1A46     		mov	r2, r3
 5043 17d0 6F49     		ldr	r1, .L241+12
 5044 17d2 1346     		mov	r3, r2
 5045 17d4 5B01     		lsls	r3, r3, #5
 5046 17d6 1344     		add	r3, r3, r2
 5047 17d8 9B00     		lsls	r3, r3, #2
 5048 17da D7F89020 		ldr	r2, [r7, #144]
 5049 17de 1344     		add	r3, r3, r2
 5050 17e0 5433     		adds	r3, r3, #84
 5051 17e2 51F82320 		ldr	r2, [r1, r3, lsl #2]	@ float
 5052 17e6 6B4B     		ldr	r3, .L241+16
 5053 17e8 DB68     		ldr	r3, [r3, #12]	@ float
 5054 17ea 1946     		mov	r1, r3
 5055 17ec 1046     		mov	r0, r2
 5056 17ee FFF7FEFF 		bl	__aeabi_fmul
 5057 17f2 0346     		mov	r3, r0
1116:main.c        ****                         (copedent[currentCopedent][6][i] * pedals_float[2]) +
 5058              		.loc 1 1116 0
 5059 17f4 1946     		mov	r1, r3
 5060 17f6 2046     		mov	r0, r4
 5061 17f8 FFF7FEFF 		bl	__aeabi_fadd
 5062 17fc 0346     		mov	r3, r0
 5063 17fe 1C46     		mov	r4, r3
1118:main.c        ****                         (copedent[currentCopedent][8][i] * pedals_float[4]) +
 5064              		.loc 1 1118 0
 5065 1800 624B     		ldr	r3, .L241+8
 5066 1802 1B78     		ldrb	r3, [r3]	@ zero_extendqisi2
 5067 1804 1A46     		mov	r2, r3
 5068 1806 6249     		ldr	r1, .L241+12
 5069 1808 1346     		mov	r3, r2
 5070 180a 5B01     		lsls	r3, r3, #5
 5071 180c 1344     		add	r3, r3, r2
ARM GAS  C:\Users\ggg88\AppData\Local\Temp\ccfc1YkT.s 			page 111


 5072 180e 9B00     		lsls	r3, r3, #2
 5073 1810 D7F89020 		ldr	r2, [r7, #144]
 5074 1814 1344     		add	r3, r3, r2
 5075 1816 6033     		adds	r3, r3, #96
 5076 1818 51F82320 		ldr	r2, [r1, r3, lsl #2]	@ float
 5077 181c 5D4B     		ldr	r3, .L241+16
 5078 181e 1B69     		ldr	r3, [r3, #16]	@ float
 5079 1820 1946     		mov	r1, r3
 5080 1822 1046     		mov	r0, r2
 5081 1824 FFF7FEFF 		bl	__aeabi_fmul
 5082 1828 0346     		mov	r3, r0
1117:main.c        ****                         (copedent[currentCopedent][7][i] * pedals_float[3]) +
 5083              		.loc 1 1117 0
 5084 182a 1946     		mov	r1, r3
 5085 182c 2046     		mov	r0, r4
 5086 182e FFF7FEFF 		bl	__aeabi_fadd
 5087 1832 0346     		mov	r3, r0
 5088 1834 1C46     		mov	r4, r3
1119:main.c        ****                         (copedent[currentCopedent][10][i] * pedals_float[5]) +
 5089              		.loc 1 1119 0
 5090 1836 554B     		ldr	r3, .L241+8
 5091 1838 1B78     		ldrb	r3, [r3]	@ zero_extendqisi2
 5092 183a 1A46     		mov	r2, r3
 5093 183c 5449     		ldr	r1, .L241+12
 5094 183e 1346     		mov	r3, r2
 5095 1840 5B01     		lsls	r3, r3, #5
 5096 1842 1344     		add	r3, r3, r2
 5097 1844 9B00     		lsls	r3, r3, #2
 5098 1846 D7F89020 		ldr	r2, [r7, #144]
 5099 184a 1344     		add	r3, r3, r2
 5100 184c 7833     		adds	r3, r3, #120
 5101 184e 51F82320 		ldr	r2, [r1, r3, lsl #2]	@ float
 5102 1852 504B     		ldr	r3, .L241+16
 5103 1854 5B69     		ldr	r3, [r3, #20]	@ float
 5104 1856 1946     		mov	r1, r3
 5105 1858 1046     		mov	r0, r2
 5106 185a FFF7FEFF 		bl	__aeabi_fmul
 5107 185e 0346     		mov	r3, r0
1118:main.c        ****                         (copedent[currentCopedent][8][i] * pedals_float[4]) +
 5108              		.loc 1 1118 0
 5109 1860 1946     		mov	r1, r3
 5110 1862 2046     		mov	r0, r4
 5111 1864 FFF7FEFF 		bl	__aeabi_fadd
 5112 1868 0346     		mov	r3, r0
 5113 186a 1C46     		mov	r4, r3
1120:main.c        ****                         (copedent[currentCopedent][9][i] * pedals_float[6]) +
 5114              		.loc 1 1120 0
 5115 186c 474B     		ldr	r3, .L241+8
 5116 186e 1B78     		ldrb	r3, [r3]	@ zero_extendqisi2
 5117 1870 1A46     		mov	r2, r3
 5118 1872 4749     		ldr	r1, .L241+12
 5119 1874 1346     		mov	r3, r2
 5120 1876 5B01     		lsls	r3, r3, #5
 5121 1878 1344     		add	r3, r3, r2
 5122 187a 9B00     		lsls	r3, r3, #2
 5123 187c D7F89020 		ldr	r2, [r7, #144]
 5124 1880 1344     		add	r3, r3, r2
ARM GAS  C:\Users\ggg88\AppData\Local\Temp\ccfc1YkT.s 			page 112


 5125 1882 6C33     		adds	r3, r3, #108
 5126 1884 51F82320 		ldr	r2, [r1, r3, lsl #2]	@ float
 5127 1888 424B     		ldr	r3, .L241+16
 5128 188a 9B69     		ldr	r3, [r3, #24]	@ float
 5129 188c 1946     		mov	r1, r3
 5130 188e 1046     		mov	r0, r2
 5131 1890 FFF7FEFF 		bl	__aeabi_fmul
 5132 1894 0346     		mov	r3, r0
1119:main.c        ****                         (copedent[currentCopedent][10][i] * pedals_float[5]) +
 5133              		.loc 1 1119 0
 5134 1896 1946     		mov	r1, r3
 5135 1898 2046     		mov	r0, r4
 5136 189a FFF7FEFF 		bl	__aeabi_fadd
 5137 189e 0346     		mov	r3, r0
 5138 18a0 1C46     		mov	r4, r3
1121:main.c        ****                         (copedent[currentCopedent][3][i] * pedals_float[7]) +
 5139              		.loc 1 1121 0
 5140 18a2 3A4B     		ldr	r3, .L241+8
 5141 18a4 1B78     		ldrb	r3, [r3]	@ zero_extendqisi2
 5142 18a6 1A46     		mov	r2, r3
 5143 18a8 3949     		ldr	r1, .L241+12
 5144 18aa 1346     		mov	r3, r2
 5145 18ac 5B01     		lsls	r3, r3, #5
 5146 18ae 1344     		add	r3, r3, r2
 5147 18b0 9B00     		lsls	r3, r3, #2
 5148 18b2 D7F89020 		ldr	r2, [r7, #144]
 5149 18b6 1344     		add	r3, r3, r2
 5150 18b8 2433     		adds	r3, r3, #36
 5151 18ba 51F82320 		ldr	r2, [r1, r3, lsl #2]	@ float
 5152 18be 354B     		ldr	r3, .L241+16
 5153 18c0 DB69     		ldr	r3, [r3, #28]	@ float
 5154 18c2 1946     		mov	r1, r3
 5155 18c4 1046     		mov	r0, r2
 5156 18c6 FFF7FEFF 		bl	__aeabi_fmul
 5157 18ca 0346     		mov	r3, r0
1120:main.c        ****                         (copedent[currentCopedent][9][i] * pedals_float[6]) +
 5158              		.loc 1 1120 0
 5159 18cc 1946     		mov	r1, r3
 5160 18ce 2046     		mov	r0, r4
 5161 18d0 FFF7FEFF 		bl	__aeabi_fadd
 5162 18d4 0346     		mov	r3, r0
 5163 18d6 1C46     		mov	r4, r3
1122:main.c        ****                         (copedent[currentCopedent][1][i] * pedals_float[8]) +
 5164              		.loc 1 1122 0
 5165 18d8 2C4B     		ldr	r3, .L241+8
 5166 18da 1B78     		ldrb	r3, [r3]	@ zero_extendqisi2
 5167 18dc 1A46     		mov	r2, r3
 5168 18de 2C49     		ldr	r1, .L241+12
 5169 18e0 1346     		mov	r3, r2
 5170 18e2 5B01     		lsls	r3, r3, #5
 5171 18e4 1344     		add	r3, r3, r2
 5172 18e6 9B00     		lsls	r3, r3, #2
 5173 18e8 D7F89020 		ldr	r2, [r7, #144]
 5174 18ec 1344     		add	r3, r3, r2
 5175 18ee 0C33     		adds	r3, r3, #12
 5176 18f0 51F82320 		ldr	r2, [r1, r3, lsl #2]	@ float
 5177 18f4 274B     		ldr	r3, .L241+16
ARM GAS  C:\Users\ggg88\AppData\Local\Temp\ccfc1YkT.s 			page 113


 5178 18f6 1B6A     		ldr	r3, [r3, #32]	@ float
 5179 18f8 1946     		mov	r1, r3
 5180 18fa 1046     		mov	r0, r2
 5181 18fc FFF7FEFF 		bl	__aeabi_fmul
 5182 1900 0346     		mov	r3, r0
1121:main.c        ****                         (copedent[currentCopedent][3][i] * pedals_float[7]) +
 5183              		.loc 1 1121 0
 5184 1902 1946     		mov	r1, r3
 5185 1904 2046     		mov	r0, r4
 5186 1906 FFF7FEFF 		bl	__aeabi_fadd
 5187 190a 0346     		mov	r3, r0
 5188 190c 1C46     		mov	r4, r3
1123:main.c        ****                         (copedent[currentCopedent][2][i] * pedals_float[9])) + transposeFloat;
 5189              		.loc 1 1123 0
 5190 190e 1F4B     		ldr	r3, .L241+8
 5191 1910 1B78     		ldrb	r3, [r3]	@ zero_extendqisi2
 5192 1912 1A46     		mov	r2, r3
 5193 1914 1E49     		ldr	r1, .L241+12
 5194 1916 1346     		mov	r3, r2
 5195 1918 5B01     		lsls	r3, r3, #5
 5196 191a 1344     		add	r3, r3, r2
 5197 191c 9B00     		lsls	r3, r3, #2
 5198 191e D7F89020 		ldr	r2, [r7, #144]
 5199 1922 1344     		add	r3, r3, r2
 5200 1924 1833     		adds	r3, r3, #24
 5201 1926 51F82320 		ldr	r2, [r1, r3, lsl #2]	@ float
 5202 192a 1A4B     		ldr	r3, .L241+16
 5203 192c 5B6A     		ldr	r3, [r3, #36]	@ float
 5204 192e 1946     		mov	r1, r3
 5205 1930 1046     		mov	r0, r2
 5206 1932 FFF7FEFF 		bl	__aeabi_fmul
 5207 1936 0346     		mov	r3, r0
1122:main.c        ****                         (copedent[currentCopedent][1][i] * pedals_float[8]) +
 5208              		.loc 1 1122 0
 5209 1938 1946     		mov	r1, r3
 5210 193a 2046     		mov	r0, r4
 5211 193c FFF7FEFF 		bl	__aeabi_fadd
 5212 1940 0346     		mov	r3, r0
 5213 1942 1A46     		mov	r2, r3
 5214              		.loc 1 1123 0
 5215 1944 144B     		ldr	r3, .L241+20
 5216 1946 1B68     		ldr	r3, [r3]	@ float
1113:main.c        ****                         (copedent[currentCopedent][4][i] * pedals_float[0]) +
 5217              		.loc 1 1113 0
 5218 1948 1946     		mov	r1, r3
 5219 194a 1046     		mov	r0, r2
 5220 194c FFF7FEFF 		bl	__aeabi_fadd
 5221 1950 0346     		mov	r3, r0
 5222 1952 C7F88830 		str	r3, [r7, #136]	@ float
1124:main.c        ****                 if (i == 0)
 5223              		.loc 1 1124 0
 5224 1956 D7F89030 		ldr	r3, [r7, #144]
 5225 195a 002B     		cmp	r3, #0
 5226 195c 40F0BB80 		bne	.L149
 5227              	.LBB36:
1125:main.c        ****                 {
1126:main.c        ****                     uint16_t pedalsMIDIInt = pedalsMIDI * 512.0f;
ARM GAS  C:\Users\ggg88\AppData\Local\Temp\ccfc1YkT.s 			page 114


 5228              		.loc 1 1126 0
 5229 1960 4FF08841 		mov	r1, #1140850688
 5230 1964 D7F88800 		ldr	r0, [r7, #136]	@ float
 5231 1968 FFF7FEFF 		bl	__aeabi_fmul
 5232 196c 0346     		mov	r3, r0
 5233 196e 1846     		mov	r0, r3
 5234 1970 FFF7FEFF 		bl	__aeabi_f2uiz
 5235 1974 0346     		mov	r3, r0
 5236 1976 FB86     		strh	r3, [r7, #54]	@ movhi
1127:main.c        ****                     if (midiDebugSendOn)
 5237              		.loc 1 1127 0
 5238 1978 084B     		ldr	r3, .L241+24
 5239 197a 1B78     		ldrb	r3, [r3]	@ zero_extendqisi2
 5240 197c 002B     		cmp	r3, #0
 5241 197e 00F0AA80 		beq	.L149
 5242 1982 0DE0     		b	.L242
 5243              	.L243:
 5244              		.align	2
 5245              	.L241:
 5246 1984 00000000 		.word	stringMappedPositionsInRatios
 5247 1988 00000000 		.word	traditionalPedalAdd
 5248 198c 00000000 		.word	currentCopedent
 5249 1990 00000000 		.word	copedent
 5250 1994 00000000 		.word	pedals_float
 5251 1998 00000000 		.word	transposeFloat
 5252 199c 00000000 		.word	midiDebugSendOn
 5253              	.L242:
1128:main.c        ****                     {
1129:main.c        ****                         sendMIDIControlChange(47+(i*3), pedalsMIDIInt & 127, 1);
 5254              		.loc 1 1129 0
 5255 19a0 D7F89020 		ldr	r2, [r7, #144]
 5256 19a4 1346     		mov	r3, r2
 5257 19a6 5B00     		lsls	r3, r3, #1
 5258 19a8 1344     		add	r3, r3, r2
 5259 19aa 03F12F00 		add	r0, r3, #47
 5260 19ae FB8E     		ldrh	r3, [r7, #54]
 5261 19b0 03F07F03 		and	r3, r3, #127
 5262 19b4 0122     		movs	r2, #1
 5263 19b6 1946     		mov	r1, r3
 5264 19b8 FFF7FEFF 		bl	sendMIDIControlChange
1130:main.c        ****                         sendMIDIControlChange(46+(i*3), (pedalsMIDIInt >> 7) & 127, 1);
 5265              		.loc 1 1130 0
 5266 19bc D7F89020 		ldr	r2, [r7, #144]
 5267 19c0 1346     		mov	r3, r2
 5268 19c2 5B00     		lsls	r3, r3, #1
 5269 19c4 1344     		add	r3, r3, r2
 5270 19c6 03F12E00 		add	r0, r3, #46
 5271 19ca FB8E     		ldrh	r3, [r7, #54]
 5272 19cc DB09     		lsrs	r3, r3, #7
 5273 19ce 9BB2     		uxth	r3, r3
 5274 19d0 03F07F03 		and	r3, r3, #127
 5275 19d4 0122     		movs	r2, #1
 5276 19d6 1946     		mov	r1, r3
 5277 19d8 FFF7FEFF 		bl	sendMIDIControlChange
1131:main.c        ****                         sendMIDIControlChange(45+(i*3), (pedalsMIDIInt >> 14) & 127, 1);
 5278              		.loc 1 1131 0
 5279 19dc D7F89020 		ldr	r2, [r7, #144]
ARM GAS  C:\Users\ggg88\AppData\Local\Temp\ccfc1YkT.s 			page 115


 5280 19e0 1346     		mov	r3, r2
 5281 19e2 5B00     		lsls	r3, r3, #1
 5282 19e4 1344     		add	r3, r3, r2
 5283 19e6 03F12D00 		add	r0, r3, #45
 5284 19ea FB8E     		ldrh	r3, [r7, #54]
 5285 19ec 9B0B     		lsrs	r3, r3, #14
 5286 19ee 9BB2     		uxth	r3, r3
 5287 19f0 03F07F03 		and	r3, r3, #127
 5288 19f4 0122     		movs	r2, #1
 5289 19f6 1946     		mov	r1, r3
 5290 19f8 FFF7FEFF 		bl	sendMIDIControlChange
 5291 19fc 6BE0     		b	.L149
 5292              	.L147:
 5293              	.LBE36:
 5294              	.LBB37:
1132:main.c        ****                     }
1133:main.c        ****                 }
1134:main.c        ****             }
1135:main.c        ****             else
1136:main.c        ****             {
1137:main.c        ****                 float pedalsMIDIUp = 0.0f;
 5295              		.loc 1 1137 0
 5296 19fe 4FF00003 		mov	r3, #0
 5297 1a02 C7F88430 		str	r3, [r7, #132]	@ float
1138:main.c        ****                 float pedalsMIDIDown = 0.0f;
 5298              		.loc 1 1138 0
 5299 1a06 4FF00003 		mov	r3, #0
 5300 1a0a C7F88030 		str	r3, [r7, #128]	@ float
 5301              	.LBB38:
1139:main.c        ****                 
1140:main.c        ****                 
1141:main.c        ****                 for (int j = 0; j < 10; j++)
 5302              		.loc 1 1141 0
 5303 1a0e 0023     		movs	r3, #0
 5304 1a10 FB67     		str	r3, [r7, #124]
 5305 1a12 39E0     		b	.L150
 5306              	.L155:
 5307              	.LBB39:
1142:main.c        ****                 {
1143:main.c        ****                     float tempMIDI = copedent[currentCopedent][copedentMapping[j]][i] * pedals_floa
 5308              		.loc 1 1143 0
 5309 1a14 5F4B     		ldr	r3, .L244
 5310 1a16 1B78     		ldrb	r3, [r3]	@ zero_extendqisi2
 5311 1a18 1846     		mov	r0, r3
 5312 1a1a 5F4A     		ldr	r2, .L244+4
 5313 1a1c FB6F     		ldr	r3, [r7, #124]
 5314 1a1e 1344     		add	r3, r3, r2
 5315 1a20 1B78     		ldrb	r3, [r3]	@ zero_extendqisi2
 5316 1a22 5E49     		ldr	r1, .L244+8
 5317 1a24 1A46     		mov	r2, r3
 5318 1a26 5200     		lsls	r2, r2, #1
 5319 1a28 1A44     		add	r2, r2, r3
 5320 1a2a 9300     		lsls	r3, r2, #2
 5321 1a2c 1A46     		mov	r2, r3
 5322 1a2e 0346     		mov	r3, r0
 5323 1a30 5B01     		lsls	r3, r3, #5
 5324 1a32 0344     		add	r3, r3, r0
ARM GAS  C:\Users\ggg88\AppData\Local\Temp\ccfc1YkT.s 			page 116


 5325 1a34 9B00     		lsls	r3, r3, #2
 5326 1a36 1A44     		add	r2, r2, r3
 5327 1a38 D7F89030 		ldr	r3, [r7, #144]
 5328 1a3c 1344     		add	r3, r3, r2
 5329 1a3e 51F82300 		ldr	r0, [r1, r3, lsl #2]	@ float
 5330 1a42 574A     		ldr	r2, .L244+12
 5331 1a44 FB6F     		ldr	r3, [r7, #124]
 5332 1a46 52F82330 		ldr	r3, [r2, r3, lsl #2]	@ float
 5333 1a4a 1946     		mov	r1, r3
 5334 1a4c FFF7FEFF 		bl	__aeabi_fmul
 5335 1a50 0346     		mov	r3, r0
 5336 1a52 3B63     		str	r3, [r7, #48]	@ float
1144:main.c        ****                     if (tempMIDI > pedalsMIDIUp)
 5337              		.loc 1 1144 0
 5338 1a54 D7F88410 		ldr	r1, [r7, #132]	@ float
 5339 1a58 386B     		ldr	r0, [r7, #48]	@ float
 5340 1a5a FFF7FEFF 		bl	__aeabi_fcmpgt
 5341 1a5e 0346     		mov	r3, r0
 5342 1a60 002B     		cmp	r3, #0
 5343 1a62 03D0     		beq	.L221
1145:main.c        ****                     {
1146:main.c        ****                         pedalsMIDIUp = tempMIDI;
 5344              		.loc 1 1146 0
 5345 1a64 3B6B     		ldr	r3, [r7, #48]	@ float
 5346 1a66 C7F88430 		str	r3, [r7, #132]	@ float
 5347 1a6a 0AE0     		b	.L153
 5348              	.L221:
1147:main.c        ****                     }
1148:main.c        ****                     else if (tempMIDI < pedalsMIDIDown)
 5349              		.loc 1 1148 0
 5350 1a6c D7F88010 		ldr	r1, [r7, #128]	@ float
 5351 1a70 386B     		ldr	r0, [r7, #48]	@ float
 5352 1a72 FFF7FEFF 		bl	__aeabi_fcmplt
 5353 1a76 0346     		mov	r3, r0
 5354 1a78 002B     		cmp	r3, #0
 5355 1a7a 02D0     		beq	.L153
1149:main.c        ****                     {
1150:main.c        ****                         pedalsMIDIDown = tempMIDI;
 5356              		.loc 1 1150 0
 5357 1a7c 3B6B     		ldr	r3, [r7, #48]	@ float
 5358 1a7e C7F88030 		str	r3, [r7, #128]	@ float
 5359              	.L153:
 5360              	.LBE39:
1141:main.c        ****                 {
 5361              		.loc 1 1141 0 discriminator 2
 5362 1a82 FB6F     		ldr	r3, [r7, #124]
 5363 1a84 0133     		adds	r3, r3, #1
 5364 1a86 FB67     		str	r3, [r7, #124]
 5365              	.L150:
1141:main.c        ****                 {
 5366              		.loc 1 1141 0 is_stmt 0 discriminator 1
 5367 1a88 FB6F     		ldr	r3, [r7, #124]
 5368 1a8a 092B     		cmp	r3, #9
 5369 1a8c C2DD     		ble	.L155
 5370              	.LBE38:
1151:main.c        ****                     }
1152:main.c        ****                 }
ARM GAS  C:\Users\ggg88\AppData\Local\Temp\ccfc1YkT.s 			page 117


1153:main.c        ****                 float openStringTemp = copedent[currentCopedent][0][i];
 5371              		.loc 1 1153 0 is_stmt 1
 5372 1a8e 414B     		ldr	r3, .L244
 5373 1a90 1B78     		ldrb	r3, [r3]	@ zero_extendqisi2
 5374 1a92 1A46     		mov	r2, r3
 5375 1a94 4149     		ldr	r1, .L244+8
 5376 1a96 1346     		mov	r3, r2
 5377 1a98 5B01     		lsls	r3, r3, #5
 5378 1a9a 1344     		add	r3, r3, r2
 5379 1a9c 9B00     		lsls	r3, r3, #2
 5380 1a9e D7F89020 		ldr	r2, [r7, #144]
 5381 1aa2 1344     		add	r3, r3, r2
 5382 1aa4 51F82330 		ldr	r3, [r1, r3, lsl #2]	@ float
 5383 1aa8 FB62     		str	r3, [r7, #44]	@ float
1154:main.c        ****                 
1155:main.c        ****                 pedalsMIDI = pedalsMIDIUp + pedalsMIDIDown + openStringTemp + transposeFloat;
 5384              		.loc 1 1155 0
 5385 1aaa D7F88010 		ldr	r1, [r7, #128]	@ float
 5386 1aae D7F88400 		ldr	r0, [r7, #132]	@ float
 5387 1ab2 FFF7FEFF 		bl	__aeabi_fadd
 5388 1ab6 0346     		mov	r3, r0
 5389 1ab8 F96A     		ldr	r1, [r7, #44]	@ float
 5390 1aba 1846     		mov	r0, r3
 5391 1abc FFF7FEFF 		bl	__aeabi_fadd
 5392 1ac0 0346     		mov	r3, r0
 5393 1ac2 1A46     		mov	r2, r3
 5394 1ac4 374B     		ldr	r3, .L244+16
 5395 1ac6 1B68     		ldr	r3, [r3]	@ float
 5396 1ac8 1946     		mov	r1, r3
 5397 1aca 1046     		mov	r0, r2
 5398 1acc FFF7FEFF 		bl	__aeabi_fadd
 5399 1ad0 0346     		mov	r3, r0
 5400 1ad2 C7F88830 		str	r3, [r7, #136]	@ float
 5401              	.L149:
 5402              	.LBE37:
1156:main.c        ****                 
1157:main.c        ****             }
1158:main.c        ****             
1159:main.c        ****             float openStringMIDI  = copedent[currentCopedent][0][i];
 5403              		.loc 1 1159 0
 5404 1ad6 2F4B     		ldr	r3, .L244
 5405 1ad8 1B78     		ldrb	r3, [r3]	@ zero_extendqisi2
 5406 1ada 1A46     		mov	r2, r3
 5407 1adc 2F49     		ldr	r1, .L244+8
 5408 1ade 1346     		mov	r3, r2
 5409 1ae0 5B01     		lsls	r3, r3, #5
 5410 1ae2 1344     		add	r3, r3, r2
 5411 1ae4 9B00     		lsls	r3, r3, #2
 5412 1ae6 D7F89020 		ldr	r2, [r7, #144]
 5413 1aea 1344     		add	r3, r3, r2
 5414 1aec 51F82330 		ldr	r3, [r1, r3, lsl #2]	@ float
 5415 1af0 BB62     		str	r3, [r7, #40]	@ float
1160:main.c        ****             openStringMIDI_Int[i] = (int)openStringMIDI;
 5416              		.loc 1 1160 0
 5417 1af2 B86A     		ldr	r0, [r7, #40]	@ float
 5418 1af4 FFF7FEFF 		bl	__aeabi_f2iz
 5419 1af8 0146     		mov	r1, r0
ARM GAS  C:\Users\ggg88\AppData\Local\Temp\ccfc1YkT.s 			page 118


 5420 1afa 2B4A     		ldr	r2, .L244+20
 5421 1afc D7F89030 		ldr	r3, [r7, #144]
 5422 1b00 42F82310 		str	r1, [r2, r3, lsl #2]
1161:main.c        ****             float barMIDI = (unsafeFtom(myMappedPos*55.0f)) - 33.0f; //give midi note added by the 
 5423              		.loc 1 1161 0
 5424 1b04 2949     		ldr	r1, .L244+24
 5425 1b06 D7F88C00 		ldr	r0, [r7, #140]	@ float
 5426 1b0a FFF7FEFF 		bl	__aeabi_fmul
 5427 1b0e 0346     		mov	r3, r0
 5428 1b10 1846     		mov	r0, r3
 5429 1b12 FFF7FEFF 		bl	unsafeFtom
 5430 1b16 0346     		mov	r3, r0
 5431 1b18 2549     		ldr	r1, .L244+28
 5432 1b1a 1846     		mov	r0, r3
 5433 1b1c FFF7FEFF 		bl	__aeabi_fsub
 5434 1b20 0346     		mov	r3, r0
 5435 1b22 7B62     		str	r3, [r7, #36]	@ float
1162:main.c        ****             if (i == 0)
 5436              		.loc 1 1162 0
 5437 1b24 D7F89030 		ldr	r3, [r7, #144]
 5438 1b28 002B     		cmp	r3, #0
 5439 1b2a 0DD1     		bne	.L156
1163:main.c        ****             {
1164:main.c        ****                 barMidiOuterStrings[0] = (uint16_t)(barMIDI * 512.0f);
 5440              		.loc 1 1164 0
 5441 1b2c 4FF08841 		mov	r1, #1140850688
 5442 1b30 786A     		ldr	r0, [r7, #36]	@ float
 5443 1b32 FFF7FEFF 		bl	__aeabi_fmul
 5444 1b36 0346     		mov	r3, r0
 5445 1b38 1846     		mov	r0, r3
 5446 1b3a FFF7FEFF 		bl	__aeabi_f2uiz
 5447 1b3e 0346     		mov	r3, r0
 5448 1b40 9AB2     		uxth	r2, r3
 5449 1b42 1C4B     		ldr	r3, .L244+32
 5450 1b44 1A80     		strh	r2, [r3]	@ movhi
 5451 1b46 4DE0     		b	.L157
 5452              	.L156:
1165:main.c        ****             }
1166:main.c        **** 
1167:main.c        ****             else if (i == 5) //the average bar position for single midi bar position report via cha
 5453              		.loc 1 1167 0
 5454 1b48 D7F89030 		ldr	r3, [r7, #144]
 5455 1b4c 052B     		cmp	r3, #5
 5456 1b4e 35D1     		bne	.L158
1168:main.c        ****             {
1169:main.c        ****                 if (midiBarSendOn)
 5457              		.loc 1 1169 0
 5458 1b50 194B     		ldr	r3, .L244+36
 5459 1b52 1B78     		ldrb	r3, [r3]	@ zero_extendqisi2
 5460 1b54 002B     		cmp	r3, #0
 5461 1b56 45D0     		beq	.L157
 5462              	.LBB40:
1170:main.c        ****                 {
1171:main.c        ****                     float barBend = (uint16_t)(barMIDI * 128.0f);
 5463              		.loc 1 1171 0
 5464 1b58 4FF08641 		mov	r1, #1124073472
 5465 1b5c 786A     		ldr	r0, [r7, #36]	@ float
ARM GAS  C:\Users\ggg88\AppData\Local\Temp\ccfc1YkT.s 			page 119


 5466 1b5e FFF7FEFF 		bl	__aeabi_fmul
 5467 1b62 0346     		mov	r3, r0
 5468 1b64 1846     		mov	r0, r3
 5469 1b66 FFF7FEFF 		bl	__aeabi_f2uiz
 5470 1b6a 0346     		mov	r3, r0
 5471 1b6c 9BB2     		uxth	r3, r3
 5472 1b6e 1846     		mov	r0, r3
 5473 1b70 FFF7FEFF 		bl	__aeabi_ui2f
 5474 1b74 0346     		mov	r3, r0
 5475 1b76 3B62     		str	r3, [r7, #32]	@ float
1172:main.c        ****                     if (midiBarSendOn)
 5476              		.loc 1 1172 0
 5477 1b78 0F4B     		ldr	r3, .L244+36
 5478 1b7a 1B78     		ldrb	r3, [r3]	@ zero_extendqisi2
 5479 1b7c 002B     		cmp	r3, #0
 5480 1b7e 31D0     		beq	.L157
1173:main.c        ****                     {
1174:main.c        ****                         sendMIDIPitchBend((uint)barBend,12);
 5481              		.loc 1 1174 0
 5482 1b80 386A     		ldr	r0, [r7, #32]	@ float
 5483 1b82 FFF7FEFF 		bl	__aeabi_f2uiz
 5484 1b86 0346     		mov	r3, r0
 5485 1b88 0C21     		movs	r1, #12
 5486 1b8a 1846     		mov	r0, r3
 5487 1b8c FFF7FEFF 		bl	sendMIDIPitchBend
 5488 1b90 28E0     		b	.L157
 5489              	.L245:
 5490 1b92 00BF     		.align	2
 5491              	.L244:
 5492 1b94 00000000 		.word	currentCopedent
 5493 1b98 00000000 		.word	copedentMapping
 5494 1b9c 00000000 		.word	copedent
 5495 1ba0 00000000 		.word	pedals_float
 5496 1ba4 00000000 		.word	transposeFloat
 5497 1ba8 00000000 		.word	openStringMIDI_Int
 5498 1bac 00005C42 		.word	1113325568
 5499 1bb0 00000442 		.word	1107558400
 5500 1bb4 00000000 		.word	barMidiOuterStrings
 5501 1bb8 00000000 		.word	midiBarSendOn
 5502              	.L158:
 5503              	.LBE40:
1175:main.c        ****                     }
1176:main.c        ****                 }
1177:main.c        ****             }
1178:main.c        ****             else if (i == (numStrings - 1))
 5504              		.loc 1 1178 0
 5505 1bbc AB4B     		ldr	r3, .L246
 5506 1bbe 1B78     		ldrb	r3, [r3]	@ zero_extendqisi2
 5507 1bc0 5A1E     		subs	r2, r3, #1
 5508 1bc2 D7F89030 		ldr	r3, [r7, #144]
 5509 1bc6 9A42     		cmp	r2, r3
 5510 1bc8 0CD1     		bne	.L157
1179:main.c        ****             {
1180:main.c        ****                  barMidiOuterStrings[1] = (uint16_t)(barMIDI * 512.0f);
 5511              		.loc 1 1180 0
 5512 1bca 4FF08841 		mov	r1, #1140850688
 5513 1bce 786A     		ldr	r0, [r7, #36]	@ float
ARM GAS  C:\Users\ggg88\AppData\Local\Temp\ccfc1YkT.s 			page 120


 5514 1bd0 FFF7FEFF 		bl	__aeabi_fmul
 5515 1bd4 0346     		mov	r3, r0
 5516 1bd6 1846     		mov	r0, r3
 5517 1bd8 FFF7FEFF 		bl	__aeabi_f2uiz
 5518 1bdc 0346     		mov	r3, r0
 5519 1bde 9AB2     		uxth	r2, r3
 5520 1be0 A34B     		ldr	r3, .L246+4
 5521 1be2 5A80     		strh	r2, [r3, #2]	@ movhi
 5522              	.L157:
1181:main.c        ****             }
1182:main.c        ****             
1183:main.c        ****             float computerMIDIOffset = barMIDI + pedalsMIDI - openStringMIDI_Int[i];// + stringOcta
 5523              		.loc 1 1183 0
 5524 1be4 D7F88810 		ldr	r1, [r7, #136]	@ float
 5525 1be8 786A     		ldr	r0, [r7, #36]	@ float
 5526 1bea FFF7FEFF 		bl	__aeabi_fadd
 5527 1bee 0346     		mov	r3, r0
 5528 1bf0 1C46     		mov	r4, r3
 5529 1bf2 A04A     		ldr	r2, .L246+8
 5530 1bf4 D7F89030 		ldr	r3, [r7, #144]
 5531 1bf8 52F82330 		ldr	r3, [r2, r3, lsl #2]
 5532 1bfc 1846     		mov	r0, r3
 5533 1bfe FFF7FEFF 		bl	__aeabi_i2f
 5534 1c02 0346     		mov	r3, r0
 5535 1c04 1946     		mov	r1, r3
 5536 1c06 2046     		mov	r0, r4
 5537 1c08 FFF7FEFF 		bl	__aeabi_fsub
 5538 1c0c 0346     		mov	r3, r0
 5539 1c0e FB61     		str	r3, [r7, #28]	@ float
1184:main.c        ****             
1185:main.c        ****             if (midiDebugSendOn)
 5540              		.loc 1 1185 0
 5541 1c10 994B     		ldr	r3, .L246+12
 5542 1c12 1B78     		ldrb	r3, [r3]	@ zero_extendqisi2
 5543 1c14 002B     		cmp	r3, #0
 5544 1c16 57D0     		beq	.L160
1186:main.c        ****             {
1187:main.c        ****                 if (i == 0)
 5545              		.loc 1 1187 0
 5546 1c18 D7F89030 		ldr	r3, [r7, #144]
 5547 1c1c 002B     		cmp	r3, #0
 5548 1c1e 53D1     		bne	.L160
 5549              	.LBB41:
1188:main.c        ****                 {
1189:main.c        ****                         uint16_t barMIDIInt = barMIDI * 512.0f;
 5550              		.loc 1 1189 0
 5551 1c20 4FF08841 		mov	r1, #1140850688
 5552 1c24 786A     		ldr	r0, [r7, #36]	@ float
 5553 1c26 FFF7FEFF 		bl	__aeabi_fmul
 5554 1c2a 0346     		mov	r3, r0
 5555 1c2c 1846     		mov	r0, r3
 5556 1c2e FFF7FEFF 		bl	__aeabi_f2uiz
 5557 1c32 0346     		mov	r3, r0
 5558 1c34 7B83     		strh	r3, [r7, #26]	@ movhi
1190:main.c        ****                         sendMIDIControlChange(50, barMIDIInt & 127, 1);
 5559              		.loc 1 1190 0
 5560 1c36 7B8B     		ldrh	r3, [r7, #26]
ARM GAS  C:\Users\ggg88\AppData\Local\Temp\ccfc1YkT.s 			page 121


 5561 1c38 03F07F03 		and	r3, r3, #127
 5562 1c3c 0122     		movs	r2, #1
 5563 1c3e 1946     		mov	r1, r3
 5564 1c40 3220     		movs	r0, #50
 5565 1c42 FFF7FEFF 		bl	sendMIDIControlChange
1191:main.c        ****                         sendMIDIControlChange(49, (barMIDIInt >> 7) & 127, 1);
 5566              		.loc 1 1191 0
 5567 1c46 7B8B     		ldrh	r3, [r7, #26]
 5568 1c48 DB09     		lsrs	r3, r3, #7
 5569 1c4a 9BB2     		uxth	r3, r3
 5570 1c4c 03F07F03 		and	r3, r3, #127
 5571 1c50 0122     		movs	r2, #1
 5572 1c52 1946     		mov	r1, r3
 5573 1c54 3120     		movs	r0, #49
 5574 1c56 FFF7FEFF 		bl	sendMIDIControlChange
1192:main.c        ****                         
1193:main.c        ****                         sendMIDIControlChange(48, (barMIDIInt >> 14) & 127, 1);
 5575              		.loc 1 1193 0
 5576 1c5a 7B8B     		ldrh	r3, [r7, #26]
 5577 1c5c 9B0B     		lsrs	r3, r3, #14
 5578 1c5e 9BB2     		uxth	r3, r3
 5579 1c60 03F07F03 		and	r3, r3, #127
 5580 1c64 0122     		movs	r2, #1
 5581 1c66 1946     		mov	r1, r3
 5582 1c68 3020     		movs	r0, #48
 5583 1c6a FFF7FEFF 		bl	sendMIDIControlChange
1194:main.c        ****                         uint16_t openStringMIDI_Int2 = openStringMIDI_Int[0] * 512.0f;
 5584              		.loc 1 1194 0
 5585 1c6e 814B     		ldr	r3, .L246+8
 5586 1c70 1B68     		ldr	r3, [r3]
 5587 1c72 1846     		mov	r0, r3
 5588 1c74 FFF7FEFF 		bl	__aeabi_i2f
 5589 1c78 0346     		mov	r3, r0
 5590 1c7a 4FF08841 		mov	r1, #1140850688
 5591 1c7e 1846     		mov	r0, r3
 5592 1c80 FFF7FEFF 		bl	__aeabi_fmul
 5593 1c84 0346     		mov	r3, r0
 5594 1c86 1846     		mov	r0, r3
 5595 1c88 FFF7FEFF 		bl	__aeabi_f2uiz
 5596 1c8c 0346     		mov	r3, r0
 5597 1c8e 3B83     		strh	r3, [r7, #24]	@ movhi
1195:main.c        ****                         sendMIDIControlChange(53, openStringMIDI_Int2 & 127, 1);
 5598              		.loc 1 1195 0
 5599 1c90 3B8B     		ldrh	r3, [r7, #24]
 5600 1c92 03F07F03 		and	r3, r3, #127
 5601 1c96 0122     		movs	r2, #1
 5602 1c98 1946     		mov	r1, r3
 5603 1c9a 3520     		movs	r0, #53
 5604 1c9c FFF7FEFF 		bl	sendMIDIControlChange
1196:main.c        ****                         sendMIDIControlChange(52, (openStringMIDI_Int2 >> 7) & 127, 1);
 5605              		.loc 1 1196 0
 5606 1ca0 3B8B     		ldrh	r3, [r7, #24]
 5607 1ca2 DB09     		lsrs	r3, r3, #7
 5608 1ca4 9BB2     		uxth	r3, r3
 5609 1ca6 03F07F03 		and	r3, r3, #127
 5610 1caa 0122     		movs	r2, #1
 5611 1cac 1946     		mov	r1, r3
ARM GAS  C:\Users\ggg88\AppData\Local\Temp\ccfc1YkT.s 			page 122


 5612 1cae 3420     		movs	r0, #52
 5613 1cb0 FFF7FEFF 		bl	sendMIDIControlChange
1197:main.c        ****                         sendMIDIControlChange(51, (openStringMIDI_Int2 >> 14) & 127, 1);
 5614              		.loc 1 1197 0
 5615 1cb4 3B8B     		ldrh	r3, [r7, #24]
 5616 1cb6 9B0B     		lsrs	r3, r3, #14
 5617 1cb8 9BB2     		uxth	r3, r3
 5618 1cba 03F07F03 		and	r3, r3, #127
 5619 1cbe 0122     		movs	r2, #1
 5620 1cc0 1946     		mov	r1, r3
 5621 1cc2 3320     		movs	r0, #51
 5622 1cc4 FFF7FEFF 		bl	sendMIDIControlChange
 5623              	.L160:
 5624              	.LBE41:
1198:main.c        ****                 }
1199:main.c        ****             }
1200:main.c        ****             
1201:main.c        ****             
1202:main.c        ****             
1203:main.c        ****             float pitchBendAmount = (computerMIDIOffset * 170.6666666666667f * bendScaling) + 8192.
 5625              		.loc 1 1203 0
 5626 1cc8 6C49     		ldr	r1, .L246+16
 5627 1cca F869     		ldr	r0, [r7, #28]	@ float
 5628 1ccc FFF7FEFF 		bl	__aeabi_fmul
 5629 1cd0 0346     		mov	r3, r0
 5630 1cd2 1A46     		mov	r2, r3
 5631 1cd4 6A4B     		ldr	r3, .L246+20
 5632 1cd6 1B68     		ldr	r3, [r3]	@ float
 5633 1cd8 1946     		mov	r1, r3
 5634 1cda 1046     		mov	r0, r2
 5635 1cdc FFF7FEFF 		bl	__aeabi_fmul
 5636 1ce0 0346     		mov	r3, r0
 5637 1ce2 4FF08C41 		mov	r1, #1174405120
 5638 1ce6 1846     		mov	r0, r3
 5639 1ce8 FFF7FEFF 		bl	__aeabi_fadd
 5640 1cec 0346     		mov	r3, r0
 5641 1cee 7B61     		str	r3, [r7, #20]	@ float
1204:main.c        ****             if (midiSendOn)
 5642              		.loc 1 1204 0
 5643 1cf0 644B     		ldr	r3, .L246+24
 5644 1cf2 1B78     		ldrb	r3, [r3]	@ zero_extendqisi2
 5645 1cf4 002B     		cmp	r3, #0
 5646 1cf6 17D0     		beq	.L161
1205:main.c        ****             {
1206:main.c        ****                 if (pitchBendAmount != prevStringPitchBend[i])
 5647              		.loc 1 1206 0
 5648 1cf8 634A     		ldr	r2, .L246+28
 5649 1cfa D7F89030 		ldr	r3, [r7, #144]
 5650 1cfe 52F82330 		ldr	r3, [r2, r3, lsl #2]	@ float
 5651 1d02 7969     		ldr	r1, [r7, #20]	@ float
 5652 1d04 1846     		mov	r0, r3
 5653 1d06 FFF7FEFF 		bl	__aeabi_fcmpeq
 5654 1d0a 0346     		mov	r3, r0
 5655 1d0c 002B     		cmp	r3, #0
 5656 1d0e 0BD1     		bne	.L161
1207:main.c        ****                 {
1208:main.c        ****                     sendMIDIPitchBend((uint)pitchBendAmount, i+1);
ARM GAS  C:\Users\ggg88\AppData\Local\Temp\ccfc1YkT.s 			page 123


 5657              		.loc 1 1208 0
 5658 1d10 7869     		ldr	r0, [r7, #20]	@ float
 5659 1d12 FFF7FEFF 		bl	__aeabi_f2uiz
 5660 1d16 0346     		mov	r3, r0
 5661 1d18 1A46     		mov	r2, r3
 5662 1d1a D7F89030 		ldr	r3, [r7, #144]
 5663 1d1e 0133     		adds	r3, r3, #1
 5664 1d20 1946     		mov	r1, r3
 5665 1d22 1046     		mov	r0, r2
 5666 1d24 FFF7FEFF 		bl	sendMIDIPitchBend
 5667              	.L161:
1209:main.c        ****                 }
1210:main.c        ****             }
1211:main.c        ****             prevStringPitchBend[i] = pitchBendAmount;
 5668              		.loc 1 1211 0
 5669 1d28 5749     		ldr	r1, .L246+28
 5670 1d2a D7F89030 		ldr	r3, [r7, #144]
 5671 1d2e 7A69     		ldr	r2, [r7, #20]	@ float
 5672 1d30 41F82320 		str	r2, [r1, r3, lsl #2]	@ float
1212:main.c        ****             
1213:main.c        ****             if (pedalsMIDI > 0.0f)
 5673              		.loc 1 1213 0
 5674 1d34 4FF00001 		mov	r1, #0
 5675 1d38 D7F88800 		ldr	r0, [r7, #136]	@ float
 5676 1d3c FFF7FEFF 		bl	__aeabi_fcmpgt
 5677 1d40 0346     		mov	r3, r0
 5678 1d42 002B     		cmp	r3, #0
 5679 1d44 0BD0     		beq	.L163
1214:main.c        ****             {
1215:main.c        ****                 stringMIDI[i] = pedalsMIDI + barMIDI;
 5680              		.loc 1 1215 0
 5681 1d46 796A     		ldr	r1, [r7, #36]	@ float
 5682 1d48 D7F88800 		ldr	r0, [r7, #136]	@ float
 5683 1d4c FFF7FEFF 		bl	__aeabi_fadd
 5684 1d50 0346     		mov	r3, r0
 5685 1d52 1946     		mov	r1, r3
 5686 1d54 4D4A     		ldr	r2, .L246+32
 5687 1d56 D7F89030 		ldr	r3, [r7, #144]
 5688 1d5a 42F82310 		str	r1, [r2, r3, lsl #2]	@ float
 5689              	.L163:
 5690              	.LBE35:
1084:main.c        ****     	{
 5691              		.loc 1 1084 0 discriminator 2
 5692 1d5e D7F89030 		ldr	r3, [r7, #144]
 5693 1d62 0133     		adds	r3, r3, #1
 5694 1d64 C7F89030 		str	r3, [r7, #144]
 5695              	.L141:
1084:main.c        ****     	{
 5696              		.loc 1 1084 0 is_stmt 0 discriminator 1
 5697 1d68 404B     		ldr	r3, .L246
 5698 1d6a 1B78     		ldrb	r3, [r3]	@ zero_extendqisi2
 5699 1d6c 1A46     		mov	r2, r3
 5700 1d6e D7F89030 		ldr	r3, [r7, #144]
 5701 1d72 9A42     		cmp	r2, r3
 5702 1d74 3FF77FAC 		bgt	.L165
 5703              	.LBE34:
1216:main.c        ****             }
ARM GAS  C:\Users\ggg88\AppData\Local\Temp\ccfc1YkT.s 			page 124


1217:main.c        ****     	}
1218:main.c        ****        // testpin4_Write(0);
1219:main.c        **** 
1220:main.c        ****         
1221:main.c        ****         if (USB_check_flag)
 5704              		.loc 1 1221 0 is_stmt 1
 5705 1d78 454B     		ldr	r3, .L246+36
 5706 1d7a 1B78     		ldrb	r3, [r3]
 5707 1d7c DBB2     		uxtb	r3, r3
 5708 1d7e 002B     		cmp	r3, #0
 5709 1d80 01D0     		beq	.L166
1222:main.c        ****         {
1223:main.c        ****             checkUSB_Vbus();
 5710              		.loc 1 1223 0
 5711 1d82 FFF7FEFF 		bl	checkUSB_Vbus
 5712              	.L166:
1224:main.c        ****         }
1225:main.c        ****         //only service the USB bus if there is a computer plugged in
1226:main.c        ****         if ((USB_active) && (USB_VBusPresent()))
 5713              		.loc 1 1226 0
 5714 1d86 434B     		ldr	r3, .L246+40
 5715 1d88 1B78     		ldrb	r3, [r3]
 5716 1d8a DBB2     		uxtb	r3, r3
 5717 1d8c 002B     		cmp	r3, #0
 5718 1d8e 13D0     		beq	.L224
 5719              		.loc 1 1226 0 is_stmt 0 discriminator 1
 5720 1d90 FFF7FEFF 		bl	USB_VBusPresent
 5721 1d94 0346     		mov	r3, r0
 5722 1d96 002B     		cmp	r3, #0
 5723 1d98 0ED0     		beq	.L224
1227:main.c        ****         {
1228:main.c        ****             if (midiSent > 64)
 5724              		.loc 1 1228 0 is_stmt 1
 5725 1d9a 3F4B     		ldr	r3, .L246+44
 5726 1d9c 1B88     		ldrh	r3, [r3]
 5727 1d9e 402B     		cmp	r3, #64
 5728 1da0 05D9     		bls	.L168
1229:main.c        ****             {
1230:main.c        ****                 midiOverflow++;
 5729              		.loc 1 1230 0
 5730 1da2 3E4B     		ldr	r3, .L246+48
 5731 1da4 1B88     		ldrh	r3, [r3]
 5732 1da6 0133     		adds	r3, r3, #1
 5733 1da8 9AB2     		uxth	r2, r3
 5734 1daa 3C4B     		ldr	r3, .L246+48
 5735 1dac 1A80     		strh	r2, [r3]	@ movhi
 5736              	.L168:
1231:main.c        ****             }
1232:main.c        ****             midiSent = 0;
 5737              		.loc 1 1232 0
 5738 1dae 3A4B     		ldr	r3, .L246+44
 5739 1db0 0022     		movs	r2, #0
 5740 1db2 1A80     		strh	r2, [r3]	@ movhi
1233:main.c        ****             USB_service();
 5741              		.loc 1 1233 0
 5742 1db4 FFF7FEFF 		bl	USB_service
 5743              	.L224:
ARM GAS  C:\Users\ggg88\AppData\Local\Temp\ccfc1YkT.s 			page 125


1234:main.c        ****         }
1235:main.c        **** 
1236:main.c        ****         
1237:main.c        ****         //make sure previous SPI2 transmission has completed before transferring the remaining midi
1238:main.c        ****         while (0u == ((SPIM_1_ReadTxStatus() & SPIM_1_STS_SPI_DONE) || (SPIM_1_ReadTxStatus() & SPI
 5744              		.loc 1 1238 0
 5745 1db8 00BF     		nop
 5746              	.L172:
 5747              		.loc 1 1238 0 is_stmt 0 discriminator 7
 5748 1dba FFF7FEFF 		bl	SPIM_1_ReadTxStatus
 5749 1dbe 0346     		mov	r3, r0
 5750 1dc0 03F00103 		and	r3, r3, #1
 5751 1dc4 002B     		cmp	r3, #0
 5752 1dc6 06D1     		bne	.L169
 5753              		.loc 1 1238 0 discriminator 2
 5754 1dc8 FFF7FEFF 		bl	SPIM_1_ReadTxStatus
 5755 1dcc 0346     		mov	r3, r0
 5756 1dce 03F01003 		and	r3, r3, #16
 5757 1dd2 002B     		cmp	r3, #0
 5758 1dd4 01D0     		beq	.L170
 5759              	.L169:
 5760              		.loc 1 1238 0 discriminator 3
 5761 1dd6 0123     		movs	r3, #1
 5762 1dd8 00E0     		b	.L171
 5763              	.L170:
 5764              		.loc 1 1238 0 discriminator 4
 5765 1dda 0023     		movs	r3, #0
 5766              	.L171:
 5767              		.loc 1 1238 0 discriminator 6
 5768 1ddc 002B     		cmp	r3, #0
 5769 1dde ECD0     		beq	.L172
1239:main.c        ****         {
1240:main.c        ****             ;
1241:main.c        ****         }
1242:main.c        ****         //testpin6_Write(1);
1243:main.c        ****         if (sendingMessage == 1) //sending synthesis preset to synth board
 5770              		.loc 1 1243 0 is_stmt 1
 5771 1de0 2F4B     		ldr	r3, .L246+52
 5772 1de2 1B78     		ldrb	r3, [r3]
 5773 1de4 DBB2     		uxtb	r3, r3
 5774 1de6 012B     		cmp	r3, #1
 5775 1de8 7FD1     		bne	.L173
1244:main.c        ****         {
1245:main.c        ****             if (sendMessageEnd) //send end message
 5776              		.loc 1 1245 0
 5777 1dea 2E4B     		ldr	r3, .L246+56
 5778 1dec 1B78     		ldrb	r3, [r3]	@ zero_extendqisi2
 5779 1dee 002B     		cmp	r3, #0
 5780 1df0 1CD0     		beq	.L174
1246:main.c        ****             {
1247:main.c        ****                 myArray[0] = 253;
 5781              		.loc 1 1247 0
 5782 1df2 2D4B     		ldr	r3, .L246+60
 5783 1df4 FD22     		movs	r2, #253
 5784 1df6 1A70     		strb	r2, [r3]
1248:main.c        ****                 myArray[1] = presetNumberToWrite;
 5785              		.loc 1 1248 0
ARM GAS  C:\Users\ggg88\AppData\Local\Temp\ccfc1YkT.s 			page 126


 5786 1df8 2C4B     		ldr	r3, .L246+64
 5787 1dfa 1A78     		ldrb	r2, [r3]	@ zero_extendqisi2
 5788 1dfc 2A4B     		ldr	r3, .L246+60
 5789 1dfe 5A70     		strb	r2, [r3, #1]
1249:main.c        ****                 currentPresetSelection = presetNumberToWrite;
 5790              		.loc 1 1249 0
 5791 1e00 2A4B     		ldr	r3, .L246+64
 5792 1e02 1A78     		ldrb	r2, [r3]	@ zero_extendqisi2
 5793 1e04 2A4B     		ldr	r3, .L246+68
 5794 1e06 1A70     		strb	r2, [r3]
1250:main.c        ****                 //display previous preset as loaded
1251:main.c        ****                 displayCurrentPresetNameAndCopedent();
 5795              		.loc 1 1251 0
 5796 1e08 FFF7FEFF 		bl	displayCurrentPresetNameAndCopedent
1252:main.c        ****                 //OLED_invert(0);
1253:main.c        ****                 sendMessageEnd = 0;
 5797              		.loc 1 1253 0
 5798 1e0c 254B     		ldr	r3, .L246+56
 5799 1e0e 0022     		movs	r2, #0
 5800 1e10 1A70     		strb	r2, [r3]
1254:main.c        ****                 sendingMessage = 0;
 5801              		.loc 1 1254 0
 5802 1e12 234B     		ldr	r3, .L246+52
 5803 1e14 0022     		movs	r2, #0
 5804 1e16 1A70     		strb	r2, [r3]
1255:main.c        ****                 messageArraySendCount = 0;
 5805              		.loc 1 1255 0
 5806 1e18 264B     		ldr	r3, .L246+72
 5807 1e1a 0022     		movs	r2, #0
 5808 1e1c 1A80     		strh	r2, [r3]	@ movhi
1256:main.c        ****                 myArray[30] = 254;
 5809              		.loc 1 1256 0
 5810 1e1e 224B     		ldr	r3, .L246+60
 5811 1e20 FE22     		movs	r2, #254
 5812 1e22 9A77     		strb	r2, [r3, #30]
1257:main.c        ****                 myArray[31] = 253;
 5813              		.loc 1 1257 0
 5814 1e24 204B     		ldr	r3, .L246+60
 5815 1e26 FD22     		movs	r2, #253
 5816 1e28 DA77     		strb	r2, [r3, #31]
 5817 1e2a 64E2     		b	.L180
 5818              	.L174:
1258:main.c        ****                 
1259:main.c        ****             }
1260:main.c        ****             else //send chunks
1261:main.c        ****             {
1262:main.c        ****                 //send the next preset Chunkkkkk
1263:main.c        ****                 myArray[0] = 2;
 5819              		.loc 1 1263 0
 5820 1e2c 1E4B     		ldr	r3, .L246+60
 5821 1e2e 0222     		movs	r2, #2
 5822 1e30 1A70     		strb	r2, [r3]
1264:main.c        ****                 myArray[1] = presetNumberToWrite;
 5823              		.loc 1 1264 0
 5824 1e32 1E4B     		ldr	r3, .L246+64
 5825 1e34 1A78     		ldrb	r2, [r3]	@ zero_extendqisi2
 5826 1e36 1C4B     		ldr	r3, .L246+60
ARM GAS  C:\Users\ggg88\AppData\Local\Temp\ccfc1YkT.s 			page 127


 5827 1e38 5A70     		strb	r2, [r3, #1]
 5828              	.LBB42:
1265:main.c        ****                 for (uint i = 2 ; i < myBufferSize-2; i++)
 5829              		.loc 1 1265 0
 5830 1e3a 0223     		movs	r3, #2
 5831 1e3c BB67     		str	r3, [r7, #120]
 5832 1e3e 4AE0     		b	.L176
 5833              	.L179:
1266:main.c        ****                 {
1267:main.c        ****                     if (messageArraySendCount < messageArraySize)
 5834              		.loc 1 1267 0
 5835 1e40 1C4B     		ldr	r3, .L246+72
 5836 1e42 1A88     		ldrh	r2, [r3]
 5837 1e44 1C4B     		ldr	r3, .L246+76
 5838 1e46 1B88     		ldrh	r3, [r3]
 5839 1e48 9A42     		cmp	r2, r3
 5840 1e4a 39D2     		bcs	.L177
1268:main.c        ****                     {
1269:main.c        ****                         myArray[i] = presetArray[messageArraySendCount++];
 5841              		.loc 1 1269 0
 5842 1e4c 194B     		ldr	r3, .L246+72
 5843 1e4e 1B88     		ldrh	r3, [r3]
 5844 1e50 5A1C     		adds	r2, r3, #1
 5845 1e52 91B2     		uxth	r1, r2
 5846 1e54 174A     		ldr	r2, .L246+72
 5847 1e56 1180     		strh	r1, [r2]	@ movhi
 5848 1e58 1A46     		mov	r2, r3
 5849 1e5a 184B     		ldr	r3, .L246+80
 5850 1e5c 9B5C     		ldrb	r3, [r3, r2]
 5851 1e5e D9B2     		uxtb	r1, r3
 5852 1e60 114A     		ldr	r2, .L246+60
 5853 1e62 BB6F     		ldr	r3, [r7, #120]
 5854 1e64 1344     		add	r3, r3, r2
 5855 1e66 0A46     		mov	r2, r1
 5856 1e68 1A70     		strb	r2, [r3]
 5857 1e6a 31E0     		b	.L178
 5858              	.L247:
 5859              		.align	2
 5860              	.L246:
 5861 1e6c 00000000 		.word	numStrings
 5862 1e70 00000000 		.word	barMidiOuterStrings
 5863 1e74 00000000 		.word	openStringMIDI_Int
 5864 1e78 00000000 		.word	midiDebugSendOn
 5865 1e7c ABAA2A43 		.word	1126869675
 5866 1e80 00000000 		.word	bendScaling
 5867 1e84 00000000 		.word	midiSendOn
 5868 1e88 00000000 		.word	prevStringPitchBend
 5869 1e8c 00000000 		.word	stringMIDI
 5870 1e90 00000000 		.word	USB_check_flag
 5871 1e94 00000000 		.word	USB_active
 5872 1e98 00000000 		.word	midiSent
 5873 1e9c 00000000 		.word	midiOverflow
 5874 1ea0 00000000 		.word	sendingMessage
 5875 1ea4 00000000 		.word	sendMessageEnd
 5876 1ea8 00000000 		.word	myArray
 5877 1eac 00000000 		.word	presetNumberToWrite
 5878 1eb0 00000000 		.word	currentPresetSelection
ARM GAS  C:\Users\ggg88\AppData\Local\Temp\ccfc1YkT.s 			page 128


 5879 1eb4 00000000 		.word	messageArraySendCount
 5880 1eb8 00000000 		.word	messageArraySize
 5881 1ebc 00000000 		.word	presetArray
 5882              	.L177:
1270:main.c        ****                     }
1271:main.c        ****                     else
1272:main.c        ****                     {
1273:main.c        ****                         myArray[i] = 0xee; // preset end ack   - done, next send a message that s
 5883              		.loc 1 1273 0
 5884 1ec0 984A     		ldr	r2, .L248
 5885 1ec2 BB6F     		ldr	r3, [r7, #120]
 5886 1ec4 1344     		add	r3, r3, r2
 5887 1ec6 EE22     		movs	r2, #238
 5888 1ec8 1A70     		strb	r2, [r3]
1274:main.c        ****                         sendMessageEnd = 1;
 5889              		.loc 1 1274 0
 5890 1eca 974B     		ldr	r3, .L248+4
 5891 1ecc 0122     		movs	r2, #1
 5892 1ece 1A70     		strb	r2, [r3]
 5893              	.L178:
1265:main.c        ****                 {
 5894              		.loc 1 1265 0 discriminator 2
 5895 1ed0 BB6F     		ldr	r3, [r7, #120]
 5896 1ed2 0133     		adds	r3, r3, #1
 5897 1ed4 BB67     		str	r3, [r7, #120]
 5898              	.L176:
1265:main.c        ****                 {
 5899              		.loc 1 1265 0 is_stmt 0 discriminator 1
 5900 1ed6 BB6F     		ldr	r3, [r7, #120]
 5901 1ed8 1D2B     		cmp	r3, #29
 5902 1eda B1D9     		bls	.L179
 5903              	.LBE42:
1275:main.c        ****                     }
1276:main.c        ****                 }
1277:main.c        ****                 myArray[30] = 254;
 5904              		.loc 1 1277 0 is_stmt 1
 5905 1edc 914B     		ldr	r3, .L248
 5906 1ede FE22     		movs	r2, #254
 5907 1ee0 9A77     		strb	r2, [r3, #30]
1278:main.c        ****                 myArray[31] = 253;
 5908              		.loc 1 1278 0
 5909 1ee2 904B     		ldr	r3, .L248
 5910 1ee4 FD22     		movs	r2, #253
 5911 1ee6 DA77     		strb	r2, [r3, #31]
 5912 1ee8 05E2     		b	.L180
 5913              	.L173:
1279:main.c        ****             }    
1280:main.c        ****         }
1281:main.c        ****         
1282:main.c        ****         else if (sendSingleParamUpdate)
 5914              		.loc 1 1282 0
 5915 1eea 904B     		ldr	r3, .L248+8
 5916 1eec 1B78     		ldrb	r3, [r3]	@ zero_extendqisi2
 5917 1eee 002B     		cmp	r3, #0
 5918 1ef0 1CD0     		beq	.L181
1283:main.c        ****         {
1284:main.c        ****             myArray[0] = 6;
ARM GAS  C:\Users\ggg88\AppData\Local\Temp\ccfc1YkT.s 			page 129


 5919              		.loc 1 1284 0
 5920 1ef2 8C4B     		ldr	r3, .L248
 5921 1ef4 0622     		movs	r2, #6
 5922 1ef6 1A70     		strb	r2, [r3]
1285:main.c        ****             myArray[1] = singleParamToUpdateHigh;
 5923              		.loc 1 1285 0
 5924 1ef8 8D4B     		ldr	r3, .L248+12
 5925 1efa 1A78     		ldrb	r2, [r3]	@ zero_extendqisi2
 5926 1efc 894B     		ldr	r3, .L248
 5927 1efe 5A70     		strb	r2, [r3, #1]
1286:main.c        ****             myArray[2] = singleParamToUpdateLow;
 5928              		.loc 1 1286 0
 5929 1f00 8C4B     		ldr	r3, .L248+16
 5930 1f02 1A78     		ldrb	r2, [r3]	@ zero_extendqisi2
 5931 1f04 874B     		ldr	r3, .L248
 5932 1f06 9A70     		strb	r2, [r3, #2]
1287:main.c        ****             myArray[3] = singleParamValueHigh;
 5933              		.loc 1 1287 0
 5934 1f08 8B4B     		ldr	r3, .L248+20
 5935 1f0a 1A78     		ldrb	r2, [r3]	@ zero_extendqisi2
 5936 1f0c 854B     		ldr	r3, .L248
 5937 1f0e DA70     		strb	r2, [r3, #3]
1288:main.c        ****             myArray[4] = singleParamValueLow;
 5938              		.loc 1 1288 0
 5939 1f10 8A4B     		ldr	r3, .L248+24
 5940 1f12 1A78     		ldrb	r2, [r3]	@ zero_extendqisi2
 5941 1f14 834B     		ldr	r3, .L248
 5942 1f16 1A71     		strb	r2, [r3, #4]
1289:main.c        ****             myArray[30] = 254;
 5943              		.loc 1 1289 0
 5944 1f18 824B     		ldr	r3, .L248
 5945 1f1a FE22     		movs	r2, #254
 5946 1f1c 9A77     		strb	r2, [r3, #30]
1290:main.c        ****             myArray[31] = 253;
 5947              		.loc 1 1290 0
 5948 1f1e 814B     		ldr	r3, .L248
 5949 1f20 FD22     		movs	r2, #253
 5950 1f22 DA77     		strb	r2, [r3, #31]
1291:main.c        ****             sendSingleParamUpdate = 0;
 5951              		.loc 1 1291 0
 5952 1f24 814B     		ldr	r3, .L248+8
 5953 1f26 0022     		movs	r2, #0
 5954 1f28 1A70     		strb	r2, [r3]
 5955 1f2a E4E1     		b	.L180
 5956              	.L181:
1292:main.c        ****         }
1293:main.c        ****         
1294:main.c        ****         else if (sendMappingChangeUpdate)
 5957              		.loc 1 1294 0
 5958 1f2c 844B     		ldr	r3, .L248+28
 5959 1f2e 1B78     		ldrb	r3, [r3]	@ zero_extendqisi2
 5960 1f30 002B     		cmp	r3, #0
 5961 1f32 24D0     		beq	.L182
1295:main.c        ****         {
1296:main.c        ****             myArray[0] = 7;
 5962              		.loc 1 1296 0
 5963 1f34 7B4B     		ldr	r3, .L248
ARM GAS  C:\Users\ggg88\AppData\Local\Temp\ccfc1YkT.s 			page 130


 5964 1f36 0722     		movs	r2, #7
 5965 1f38 1A70     		strb	r2, [r3]
1297:main.c        ****             myArray[1] = mappingArray[0];
 5966              		.loc 1 1297 0
 5967 1f3a 824B     		ldr	r3, .L248+32
 5968 1f3c 1A78     		ldrb	r2, [r3]	@ zero_extendqisi2
 5969 1f3e 794B     		ldr	r3, .L248
 5970 1f40 5A70     		strb	r2, [r3, #1]
1298:main.c        ****             myArray[2] =  mappingArray[1];
 5971              		.loc 1 1298 0
 5972 1f42 804B     		ldr	r3, .L248+32
 5973 1f44 5A78     		ldrb	r2, [r3, #1]	@ zero_extendqisi2
 5974 1f46 774B     		ldr	r3, .L248
 5975 1f48 9A70     		strb	r2, [r3, #2]
1299:main.c        ****             myArray[3] =  mappingArray[2];
 5976              		.loc 1 1299 0
 5977 1f4a 7E4B     		ldr	r3, .L248+32
 5978 1f4c 9A78     		ldrb	r2, [r3, #2]	@ zero_extendqisi2
 5979 1f4e 754B     		ldr	r3, .L248
 5980 1f50 DA70     		strb	r2, [r3, #3]
1300:main.c        ****             myArray[4] =  mappingArray[3];
 5981              		.loc 1 1300 0
 5982 1f52 7C4B     		ldr	r3, .L248+32
 5983 1f54 DA78     		ldrb	r2, [r3, #3]	@ zero_extendqisi2
 5984 1f56 734B     		ldr	r3, .L248
 5985 1f58 1A71     		strb	r2, [r3, #4]
1301:main.c        ****             myArray[5] =  mappingArray[4];
 5986              		.loc 1 1301 0
 5987 1f5a 7A4B     		ldr	r3, .L248+32
 5988 1f5c 1A79     		ldrb	r2, [r3, #4]	@ zero_extendqisi2
 5989 1f5e 714B     		ldr	r3, .L248
 5990 1f60 5A71     		strb	r2, [r3, #5]
1302:main.c        ****             myArray[6] =  mappingArray[5];
 5991              		.loc 1 1302 0
 5992 1f62 784B     		ldr	r3, .L248+32
 5993 1f64 5A79     		ldrb	r2, [r3, #5]	@ zero_extendqisi2
 5994 1f66 6F4B     		ldr	r3, .L248
 5995 1f68 9A71     		strb	r2, [r3, #6]
1303:main.c        ****             myArray[30] = 254;
 5996              		.loc 1 1303 0
 5997 1f6a 6E4B     		ldr	r3, .L248
 5998 1f6c FE22     		movs	r2, #254
 5999 1f6e 9A77     		strb	r2, [r3, #30]
1304:main.c        ****             myArray[31] = 253;
 6000              		.loc 1 1304 0
 6001 1f70 6C4B     		ldr	r3, .L248
 6002 1f72 FD22     		movs	r2, #253
 6003 1f74 DA77     		strb	r2, [r3, #31]
1305:main.c        ****             sendMappingChangeUpdate = 0;
 6004              		.loc 1 1305 0
 6005 1f76 724B     		ldr	r3, .L248+28
 6006 1f78 0022     		movs	r2, #0
 6007 1f7a 1A70     		strb	r2, [r3]
 6008 1f7c BBE1     		b	.L180
 6009              	.L182:
1306:main.c        ****         }
1307:main.c        ****         else if (volumeWaitingToSend)
ARM GAS  C:\Users\ggg88\AppData\Local\Temp\ccfc1YkT.s 			page 131


 6010              		.loc 1 1307 0
 6011 1f7e 724B     		ldr	r3, .L248+36
 6012 1f80 1B78     		ldrb	r3, [r3]	@ zero_extendqisi2
 6013 1f82 002B     		cmp	r3, #0
 6014 1f84 12D0     		beq	.L183
1308:main.c        ****         {
1309:main.c        ****             myArray[0] = 10;
 6015              		.loc 1 1309 0
 6016 1f86 674B     		ldr	r3, .L248
 6017 1f88 0A22     		movs	r2, #10
 6018 1f8a 1A70     		strb	r2, [r3]
1310:main.c        ****             myArray[1] = volumeInt;
 6019              		.loc 1 1310 0
 6020 1f8c 6F4B     		ldr	r3, .L248+40
 6021 1f8e 93F90030 		ldrsb	r3, [r3]
 6022 1f92 DAB2     		uxtb	r2, r3
 6023 1f94 634B     		ldr	r3, .L248
 6024 1f96 5A70     		strb	r2, [r3, #1]
1311:main.c        ****             myArray[30] = 254;
 6025              		.loc 1 1311 0
 6026 1f98 624B     		ldr	r3, .L248
 6027 1f9a FE22     		movs	r2, #254
 6028 1f9c 9A77     		strb	r2, [r3, #30]
1312:main.c        ****             myArray[31] = 253;
 6029              		.loc 1 1312 0
 6030 1f9e 614B     		ldr	r3, .L248
 6031 1fa0 FD22     		movs	r2, #253
 6032 1fa2 DA77     		strb	r2, [r3, #31]
1313:main.c        ****             volumeWaitingToSend = 0;
 6033              		.loc 1 1313 0
 6034 1fa4 684B     		ldr	r3, .L248+36
 6035 1fa6 0022     		movs	r2, #0
 6036 1fa8 1A70     		strb	r2, [r3]
 6037 1faa A4E1     		b	.L180
 6038              	.L183:
1314:main.c        ****         }
1315:main.c        ****         
1316:main.c        ****         else if (sendFirmwareUpdateRequest == 1)
 6039              		.loc 1 1316 0
 6040 1fac 684B     		ldr	r3, .L248+44
 6041 1fae 1B78     		ldrb	r3, [r3]	@ zero_extendqisi2
 6042 1fb0 012B     		cmp	r3, #1
 6043 1fb2 0FD1     		bne	.L184
1317:main.c        ****         {
1318:main.c        ****             myArray[0] = 11;
 6044              		.loc 1 1318 0
 6045 1fb4 5B4B     		ldr	r3, .L248
 6046 1fb6 0B22     		movs	r2, #11
 6047 1fb8 1A70     		strb	r2, [r3]
1319:main.c        ****             myArray[1] = 0;
 6048              		.loc 1 1319 0
 6049 1fba 5A4B     		ldr	r3, .L248
 6050 1fbc 0022     		movs	r2, #0
 6051 1fbe 5A70     		strb	r2, [r3, #1]
1320:main.c        ****             myArray[30] = 254;
 6052              		.loc 1 1320 0
 6053 1fc0 584B     		ldr	r3, .L248
ARM GAS  C:\Users\ggg88\AppData\Local\Temp\ccfc1YkT.s 			page 132


 6054 1fc2 FE22     		movs	r2, #254
 6055 1fc4 9A77     		strb	r2, [r3, #30]
1321:main.c        ****             myArray[31] = 253;
 6056              		.loc 1 1321 0
 6057 1fc6 574B     		ldr	r3, .L248
 6058 1fc8 FD22     		movs	r2, #253
 6059 1fca DA77     		strb	r2, [r3, #31]
1322:main.c        ****             sendFirmwareUpdateRequest = 0;
 6060              		.loc 1 1322 0
 6061 1fcc 604B     		ldr	r3, .L248+44
 6062 1fce 0022     		movs	r2, #0
 6063 1fd0 1A70     		strb	r2, [r3]
 6064 1fd2 90E1     		b	.L180
 6065              	.L184:
1323:main.c        ****         }
1324:main.c        ****         else if (sendFirmwareUpdateRequest == 2)
 6066              		.loc 1 1324 0
 6067 1fd4 5E4B     		ldr	r3, .L248+44
 6068 1fd6 1B78     		ldrb	r3, [r3]	@ zero_extendqisi2
 6069 1fd8 022B     		cmp	r3, #2
 6070 1fda 0FD1     		bne	.L185
1325:main.c        ****         {
1326:main.c        ****             myArray[0] = 12;
 6071              		.loc 1 1326 0
 6072 1fdc 514B     		ldr	r3, .L248
 6073 1fde 0C22     		movs	r2, #12
 6074 1fe0 1A70     		strb	r2, [r3]
1327:main.c        ****             myArray[1] = 0;
 6075              		.loc 1 1327 0
 6076 1fe2 504B     		ldr	r3, .L248
 6077 1fe4 0022     		movs	r2, #0
 6078 1fe6 5A70     		strb	r2, [r3, #1]
1328:main.c        ****             myArray[30] = 254;
 6079              		.loc 1 1328 0
 6080 1fe8 4E4B     		ldr	r3, .L248
 6081 1fea FE22     		movs	r2, #254
 6082 1fec 9A77     		strb	r2, [r3, #30]
1329:main.c        ****             myArray[31] = 253;
 6083              		.loc 1 1329 0
 6084 1fee 4D4B     		ldr	r3, .L248
 6085 1ff0 FD22     		movs	r2, #253
 6086 1ff2 DA77     		strb	r2, [r3, #31]
1330:main.c        ****             sendFirmwareUpdateRequest = 0;
 6087              		.loc 1 1330 0
 6088 1ff4 564B     		ldr	r3, .L248+44
 6089 1ff6 0022     		movs	r2, #0
 6090 1ff8 1A70     		strb	r2, [r3]
 6091 1ffa 7CE1     		b	.L180
 6092              	.L185:
1331:main.c        ****         }
1332:main.c        ****         
1333:main.c        ****         else if (sendLocalPresetStoreCommand == 1)
 6093              		.loc 1 1333 0
 6094 1ffc 554B     		ldr	r3, .L248+48
 6095 1ffe 1B78     		ldrb	r3, [r3]	@ zero_extendqisi2
 6096 2000 012B     		cmp	r3, #1
 6097 2002 56D1     		bne	.L186
ARM GAS  C:\Users\ggg88\AppData\Local\Temp\ccfc1YkT.s 			page 133


1334:main.c        ****         {
1335:main.c        ****             myArray[0] = 14;
 6098              		.loc 1 1335 0
 6099 2004 474B     		ldr	r3, .L248
 6100 2006 0E22     		movs	r2, #14
 6101 2008 1A70     		strb	r2, [r3]
1336:main.c        ****             myArray[1] = presetNumberToStore;
 6102              		.loc 1 1336 0
 6103 200a 534B     		ldr	r3, .L248+52
 6104 200c 93F90030 		ldrsb	r3, [r3]
 6105 2010 DAB2     		uxtb	r2, r3
 6106 2012 444B     		ldr	r3, .L248
 6107 2014 5A70     		strb	r2, [r3, #1]
1337:main.c        ****             myArray[2] = 17;
 6108              		.loc 1 1337 0
 6109 2016 434B     		ldr	r3, .L248
 6110 2018 1122     		movs	r2, #17
 6111 201a 9A70     		strb	r2, [r3, #2]
1338:main.c        ****             myArray[3] = 18;
 6112              		.loc 1 1338 0
 6113 201c 414B     		ldr	r3, .L248
 6114 201e 1222     		movs	r2, #18
 6115 2020 DA70     		strb	r2, [r3, #3]
1339:main.c        ****             myArray[4] = 1;
 6116              		.loc 1 1339 0
 6117 2022 404B     		ldr	r3, .L248
 6118 2024 0122     		movs	r2, #1
 6119 2026 1A71     		strb	r2, [r3, #4]
1340:main.c        ****             myArray[5] = 1;
 6120              		.loc 1 1340 0
 6121 2028 3E4B     		ldr	r3, .L248
 6122 202a 0122     		movs	r2, #1
 6123 202c 5A71     		strb	r2, [r3, #5]
1341:main.c        ****             myArray[30] = 254;
 6124              		.loc 1 1341 0
 6125 202e 3D4B     		ldr	r3, .L248
 6126 2030 FE22     		movs	r2, #254
 6127 2032 9A77     		strb	r2, [r3, #30]
1342:main.c        ****             myArray[31] = 253;
 6128              		.loc 1 1342 0
 6129 2034 3B4B     		ldr	r3, .L248
 6130 2036 FD22     		movs	r2, #253
 6131 2038 DA77     		strb	r2, [r3, #31]
 6132              	.LBB43:
1343:main.c        ****             for (int i = 0; i < 14; i++)
 6133              		.loc 1 1343 0
 6134 203a 0023     		movs	r3, #0
 6135 203c 7B67     		str	r3, [r7, #116]
 6136 203e 0AE0     		b	.L187
 6137              	.L188:
1344:main.c        ****             {
1345:main.c        ****                  myArray[i+6] = newPresetName[i];
 6138              		.loc 1 1345 0 discriminator 3
 6139 2040 7B6F     		ldr	r3, [r7, #116]
 6140 2042 0633     		adds	r3, r3, #6
 6141 2044 4549     		ldr	r1, .L248+56
 6142 2046 7A6F     		ldr	r2, [r7, #116]
ARM GAS  C:\Users\ggg88\AppData\Local\Temp\ccfc1YkT.s 			page 134


 6143 2048 0A44     		add	r2, r2, r1
 6144 204a 1178     		ldrb	r1, [r2]	@ zero_extendqisi2
 6145 204c 354A     		ldr	r2, .L248
 6146 204e D154     		strb	r1, [r2, r3]
1343:main.c        ****             for (int i = 0; i < 14; i++)
 6147              		.loc 1 1343 0 discriminator 3
 6148 2050 7B6F     		ldr	r3, [r7, #116]
 6149 2052 0133     		adds	r3, r3, #1
 6150 2054 7B67     		str	r3, [r7, #116]
 6151              	.L187:
1343:main.c        ****             for (int i = 0; i < 14; i++)
 6152              		.loc 1 1343 0 is_stmt 0 discriminator 1
 6153 2056 7B6F     		ldr	r3, [r7, #116]
 6154 2058 0D2B     		cmp	r3, #13
 6155 205a F1DD     		ble	.L188
 6156              	.LBE43:
1346:main.c        ****             }
1347:main.c        ****             sendLocalPresetStoreCommand = 0;
 6157              		.loc 1 1347 0 is_stmt 1
 6158 205c 3D4B     		ldr	r3, .L248+48
 6159 205e 0022     		movs	r2, #0
 6160 2060 1A70     		strb	r2, [r3]
1348:main.c        ****             patchNum = presetNumberToStore;
 6161              		.loc 1 1348 0
 6162 2062 3D4B     		ldr	r3, .L248+52
 6163 2064 93F90030 		ldrsb	r3, [r3]
 6164 2068 DAB2     		uxtb	r2, r3
 6165 206a 3D4B     		ldr	r3, .L248+60
 6166 206c 1A70     		strb	r2, [r3]
1349:main.c        ****             EEPROM_WriteByte(patchNum, EEPROM_CURRENT_PRESET_OFFSET);
 6167              		.loc 1 1349 0
 6168 206e 3C4B     		ldr	r3, .L248+60
 6169 2070 1B78     		ldrb	r3, [r3]	@ zero_extendqisi2
 6170 2072 40F2D671 		movw	r1, #2006
 6171 2076 1846     		mov	r0, r3
 6172 2078 FFF7FEFF 		bl	EEPROM_WriteByte
1350:main.c        ****             neckPreset[currentNeck] = patchNum;
 6173              		.loc 1 1350 0
 6174 207c 394B     		ldr	r3, .L248+64
 6175 207e 1B78     		ldrb	r3, [r3]	@ zero_extendqisi2
 6176 2080 1A46     		mov	r2, r3
 6177 2082 374B     		ldr	r3, .L248+60
 6178 2084 1978     		ldrb	r1, [r3]	@ zero_extendqisi2
 6179 2086 384B     		ldr	r3, .L248+68
 6180 2088 9954     		strb	r1, [r3, r2]
1351:main.c        ****             EEPROM_WriteByte(patchNum, EEPROM_NECK_PRESETS_OFFSET + currentNeck);
 6181              		.loc 1 1351 0
 6182 208a 354B     		ldr	r3, .L248+60
 6183 208c 1A78     		ldrb	r2, [r3]	@ zero_extendqisi2
 6184 208e 354B     		ldr	r3, .L248+64
 6185 2090 1B78     		ldrb	r3, [r3]	@ zero_extendqisi2
 6186 2092 9BB2     		uxth	r3, r3
 6187 2094 03F2DC73 		addw	r3, r3, #2012
 6188 2098 9BB2     		uxth	r3, r3
 6189 209a 1946     		mov	r1, r3
 6190 209c 1046     		mov	r0, r2
 6191 209e FFF7FEFF 		bl	EEPROM_WriteByte
ARM GAS  C:\Users\ggg88\AppData\Local\Temp\ccfc1YkT.s 			page 135


1352:main.c        ****             presetAlreadyDisplayed[presetNumberToStore] = 0;
 6192              		.loc 1 1352 0
 6193 20a2 2D4B     		ldr	r3, .L248+52
 6194 20a4 93F90030 		ldrsb	r3, [r3]
 6195 20a8 1A46     		mov	r2, r3
 6196 20aa 304B     		ldr	r3, .L248+72
 6197 20ac 0021     		movs	r1, #0
 6198 20ae 9954     		strb	r1, [r3, r2]
 6199 20b0 21E1     		b	.L180
 6200              	.L186:
1353:main.c        ****         }
1354:main.c        ****         
1355:main.c        ****         else if (sendKnobs)
 6201              		.loc 1 1355 0
 6202 20b2 2F4B     		ldr	r3, .L248+76
 6203 20b4 1B78     		ldrb	r3, [r3]
 6204 20b6 DBB2     		uxtb	r3, r3
 6205 20b8 002B     		cmp	r3, #0
 6206 20ba 00F0AF80 		beq	.L189
1356:main.c        ****         {
1357:main.c        ****             if (whichMacroPageIsActive == 0)
 6207              		.loc 1 1357 0
 6208 20be 2D4B     		ldr	r3, .L248+80
 6209 20c0 1B78     		ldrb	r3, [r3]	@ zero_extendqisi2
 6210 20c2 002B     		cmp	r3, #0
 6211 20c4 03D1     		bne	.L190
1358:main.c        ****             {
1359:main.c        ****                 myArray[0] = 3; //sending knob stuff, not a preset send
 6212              		.loc 1 1359 0
 6213 20c6 174B     		ldr	r3, .L248
 6214 20c8 0322     		movs	r2, #3
 6215 20ca 1A70     		strb	r2, [r3]
 6216 20cc 02E0     		b	.L191
 6217              	.L190:
1360:main.c        ****             }
1361:main.c        ****             else
1362:main.c        ****             {
1363:main.c        ****                 myArray[0] = 13; //sending additional knob stuff, not a preset send
 6218              		.loc 1 1363 0
 6219 20ce 154B     		ldr	r3, .L248
 6220 20d0 0D22     		movs	r2, #13
 6221 20d2 1A70     		strb	r2, [r3]
 6222              	.L191:
 6223              	.LBB44:
1364:main.c        ****             }
1365:main.c        ****             for (int i = 0; i < 8; i++)
 6224              		.loc 1 1365 0
 6225 20d4 0023     		movs	r3, #0
 6226 20d6 3B67     		str	r3, [r7, #112]
 6227 20d8 0DE0     		b	.L192
 6228              	.L193:
1366:main.c        ****             {
1367:main.c        ****                 myArray[i + 1] = macroKnobValues[i+whichMacroPageIsActive];
 6229              		.loc 1 1367 0 discriminator 3
 6230 20da 3B6F     		ldr	r3, [r7, #112]
 6231 20dc 0133     		adds	r3, r3, #1
 6232 20de 254A     		ldr	r2, .L248+80
ARM GAS  C:\Users\ggg88\AppData\Local\Temp\ccfc1YkT.s 			page 136


 6233 20e0 1278     		ldrb	r2, [r2]	@ zero_extendqisi2
 6234 20e2 1146     		mov	r1, r2
 6235 20e4 3A6F     		ldr	r2, [r7, #112]
 6236 20e6 0A44     		add	r2, r2, r1
 6237 20e8 2349     		ldr	r1, .L248+84
 6238 20ea 895C     		ldrb	r1, [r1, r2]	@ zero_extendqisi2
 6239 20ec 0D4A     		ldr	r2, .L248
 6240 20ee D154     		strb	r1, [r2, r3]
1365:main.c        ****             {
 6241              		.loc 1 1365 0 discriminator 3
 6242 20f0 3B6F     		ldr	r3, [r7, #112]
 6243 20f2 0133     		adds	r3, r3, #1
 6244 20f4 3B67     		str	r3, [r7, #112]
 6245              	.L192:
1365:main.c        ****             {
 6246              		.loc 1 1365 0 is_stmt 0 discriminator 1
 6247 20f6 3B6F     		ldr	r3, [r7, #112]
 6248 20f8 072B     		cmp	r3, #7
 6249 20fa EEDD     		ble	.L193
 6250              	.LBE44:
 6251              	.LBB45:
1368:main.c        ****             }
1369:main.c        ****             for (int i = 0; i < 4; i++)
 6252              		.loc 1 1369 0 is_stmt 1
 6253 20fc 0023     		movs	r3, #0
 6254 20fe FB66     		str	r3, [r7, #108]
 6255 2100 0AE0     		b	.L194
 6256              	.L195:
1370:main.c        ****             {
1371:main.c        ****                 myArray[i + 9] = knobs[i];
 6257              		.loc 1 1371 0 discriminator 3
 6258 2102 FB6E     		ldr	r3, [r7, #108]
 6259 2104 0933     		adds	r3, r3, #9
 6260 2106 1D49     		ldr	r1, .L248+88
 6261 2108 FA6E     		ldr	r2, [r7, #108]
 6262 210a 0A44     		add	r2, r2, r1
 6263 210c 1178     		ldrb	r1, [r2]	@ zero_extendqisi2
 6264 210e 054A     		ldr	r2, .L248
 6265 2110 D154     		strb	r1, [r2, r3]
1369:main.c        ****             {
 6266              		.loc 1 1369 0 discriminator 3
 6267 2112 FB6E     		ldr	r3, [r7, #108]
 6268 2114 0133     		adds	r3, r3, #1
 6269 2116 FB66     		str	r3, [r7, #108]
 6270              	.L194:
1369:main.c        ****             {
 6271              		.loc 1 1369 0 is_stmt 0 discriminator 1
 6272 2118 FB6E     		ldr	r3, [r7, #108]
 6273 211a 032B     		cmp	r3, #3
 6274 211c F1DD     		ble	.L195
 6275              	.LBE45:
 6276              	.LBB46:
1372:main.c        ****             }
1373:main.c        ****             for (int i = 0; i < 10; i++)
 6277              		.loc 1 1373 0 is_stmt 1
 6278 211e 0023     		movs	r3, #0
 6279 2120 BB66     		str	r3, [r7, #104]
ARM GAS  C:\Users\ggg88\AppData\Local\Temp\ccfc1YkT.s 			page 137


 6280 2122 38E0     		b	.L196
 6281              	.L249:
 6282              		.align	2
 6283              	.L248:
 6284 2124 00000000 		.word	myArray
 6285 2128 00000000 		.word	sendMessageEnd
 6286 212c 00000000 		.word	sendSingleParamUpdate
 6287 2130 00000000 		.word	singleParamToUpdateHigh
 6288 2134 00000000 		.word	singleParamToUpdateLow
 6289 2138 00000000 		.word	singleParamValueHigh
 6290 213c 00000000 		.word	singleParamValueLow
 6291 2140 00000000 		.word	sendMappingChangeUpdate
 6292 2144 00000000 		.word	mappingArray
 6293 2148 00000000 		.word	volumeWaitingToSend
 6294 214c 00000000 		.word	volumeInt
 6295 2150 00000000 		.word	sendFirmwareUpdateRequest
 6296 2154 00000000 		.word	sendLocalPresetStoreCommand
 6297 2158 00000000 		.word	presetNumberToStore
 6298 215c 00000000 		.word	newPresetName
 6299 2160 00000000 		.word	patchNum
 6300 2164 00000000 		.word	currentNeck
 6301 2168 00000000 		.word	neckPreset
 6302 216c 00000000 		.word	presetAlreadyDisplayed
 6303 2170 00000000 		.word	sendKnobs
 6304 2174 00000000 		.word	whichMacroPageIsActive
 6305 2178 00000000 		.word	macroKnobValues
 6306 217c 00000000 		.word	knobs
 6307              	.L197:
1374:main.c        ****             {
1375:main.c        ****                 myArray[i + 13] = pedals8bit[i];
 6308              		.loc 1 1375 0 discriminator 3
 6309 2180 BB6E     		ldr	r3, [r7, #104]
 6310 2182 0D33     		adds	r3, r3, #13
 6311 2184 9A49     		ldr	r1, .L250
 6312 2186 BA6E     		ldr	r2, [r7, #104]
 6313 2188 0A44     		add	r2, r2, r1
 6314 218a 1178     		ldrb	r1, [r2]	@ zero_extendqisi2
 6315 218c 994A     		ldr	r2, .L250+4
 6316 218e D154     		strb	r1, [r2, r3]
1373:main.c        ****             {
 6317              		.loc 1 1373 0 discriminator 3
 6318 2190 BB6E     		ldr	r3, [r7, #104]
 6319 2192 0133     		adds	r3, r3, #1
 6320 2194 BB66     		str	r3, [r7, #104]
 6321              	.L196:
1373:main.c        ****             {
 6322              		.loc 1 1373 0 is_stmt 0 discriminator 1
 6323 2196 BB6E     		ldr	r3, [r7, #104]
 6324 2198 092B     		cmp	r3, #9
 6325 219a F1DD     		ble	.L197
 6326              	.LBE46:
1376:main.c        ****             }
1377:main.c        ****             myArray[24] = octave | (voice << 4) | (dualSlider << 5) | (octaveAction << 6);
 6327              		.loc 1 1377 0 is_stmt 1
 6328 219c 964B     		ldr	r3, .L250+8
 6329 219e 1B78     		ldrb	r3, [r3]	@ zero_extendqisi2
 6330 21a0 1B01     		lsls	r3, r3, #4
ARM GAS  C:\Users\ggg88\AppData\Local\Temp\ccfc1YkT.s 			page 138


 6331 21a2 5AB2     		sxtb	r2, r3
 6332 21a4 954B     		ldr	r3, .L250+12
 6333 21a6 1B68     		ldr	r3, [r3]
 6334 21a8 5BB2     		sxtb	r3, r3
 6335 21aa 1343     		orrs	r3, r3, r2
 6336 21ac 5AB2     		sxtb	r2, r3
 6337 21ae 944B     		ldr	r3, .L250+16
 6338 21b0 1B78     		ldrb	r3, [r3]	@ zero_extendqisi2
 6339 21b2 5B01     		lsls	r3, r3, #5
 6340 21b4 5BB2     		sxtb	r3, r3
 6341 21b6 1343     		orrs	r3, r3, r2
 6342 21b8 5AB2     		sxtb	r2, r3
 6343 21ba 924B     		ldr	r3, .L250+20
 6344 21bc 1B78     		ldrb	r3, [r3]	@ zero_extendqisi2
 6345 21be 9B01     		lsls	r3, r3, #6
 6346 21c0 5BB2     		sxtb	r3, r3
 6347 21c2 1343     		orrs	r3, r3, r2
 6348 21c4 5BB2     		sxtb	r3, r3
 6349 21c6 DAB2     		uxtb	r2, r3
 6350 21c8 8A4B     		ldr	r3, .L250+4
 6351 21ca 1A76     		strb	r2, [r3, #24]
1378:main.c        ****             myArray[25] = patchNum;
 6352              		.loc 1 1378 0
 6353 21cc 8E4B     		ldr	r3, .L250+24
 6354 21ce 1A78     		ldrb	r2, [r3]	@ zero_extendqisi2
 6355 21d0 884B     		ldr	r3, .L250+4
 6356 21d2 5A76     		strb	r2, [r3, #25]
1379:main.c        ****             myArray[26] = processed_volumePedal >> 8;
 6357              		.loc 1 1379 0
 6358 21d4 8D4B     		ldr	r3, .L250+28
 6359 21d6 B3F90030 		ldrsh	r3, [r3]
 6360 21da 1B12     		asrs	r3, r3, #8
 6361 21dc 1BB2     		sxth	r3, r3
 6362 21de DAB2     		uxtb	r2, r3
 6363 21e0 844B     		ldr	r3, .L250+4
 6364 21e2 9A76     		strb	r2, [r3, #26]
1380:main.c        ****             myArray[27] = processed_volumePedal & 0xff;
 6365              		.loc 1 1380 0
 6366 21e4 894B     		ldr	r3, .L250+28
 6367 21e6 B3F90030 		ldrsh	r3, [r3]
 6368 21ea DAB2     		uxtb	r2, r3
 6369 21ec 814B     		ldr	r3, .L250+4
 6370 21ee DA76     		strb	r2, [r3, #27]
1381:main.c        ****             myArray[28] = barMidiOuterStrings[1] >> 8;
 6371              		.loc 1 1381 0
 6372 21f0 874B     		ldr	r3, .L250+32
 6373 21f2 5B88     		ldrh	r3, [r3, #2]
 6374 21f4 1B0A     		lsrs	r3, r3, #8
 6375 21f6 9BB2     		uxth	r3, r3
 6376 21f8 DAB2     		uxtb	r2, r3
 6377 21fa 7E4B     		ldr	r3, .L250+4
 6378 21fc 1A77     		strb	r2, [r3, #28]
1382:main.c        ****             myArray[29] = barMidiOuterStrings[1] & 0xff;
 6379              		.loc 1 1382 0
 6380 21fe 844B     		ldr	r3, .L250+32
 6381 2200 5B88     		ldrh	r3, [r3, #2]
 6382 2202 DAB2     		uxtb	r2, r3
ARM GAS  C:\Users\ggg88\AppData\Local\Temp\ccfc1YkT.s 			page 139


 6383 2204 7B4B     		ldr	r3, .L250+4
 6384 2206 5A77     		strb	r2, [r3, #29]
1383:main.c        ****             myArray[30] = 254;
 6385              		.loc 1 1383 0
 6386 2208 7A4B     		ldr	r3, .L250+4
 6387 220a FE22     		movs	r2, #254
 6388 220c 9A77     		strb	r2, [r3, #30]
1384:main.c        ****             myArray[31] = 253;
 6389              		.loc 1 1384 0
 6390 220e 794B     		ldr	r3, .L250+4
 6391 2210 FD22     		movs	r2, #253
 6392 2212 DA77     		strb	r2, [r3, #31]
1385:main.c        ****             
1386:main.c        ****             
1387:main.c        ****             sendKnobs = 0;
 6393              		.loc 1 1387 0
 6394 2214 7F4B     		ldr	r3, .L250+36
 6395 2216 0022     		movs	r2, #0
 6396 2218 1A70     		strb	r2, [r3]
 6397 221a 6CE0     		b	.L180
 6398              	.L189:
1388:main.c        ****         }
1389:main.c        ****         else
1390:main.c        ****         {
1391:main.c        ****             myArray[0] = 1; //sending normal pitch stuff, not a preset send
 6399              		.loc 1 1391 0
 6400 221c 754B     		ldr	r3, .L250+4
 6401 221e 0122     		movs	r2, #1
 6402 2220 1A70     		strb	r2, [r3]
 6403              	.LBB47:
1392:main.c        ****             for (int i = 0; i < 12; i++)
 6404              		.loc 1 1392 0
 6405 2222 0023     		movs	r3, #0
 6406 2224 7B66     		str	r3, [r7, #100]
 6407 2226 24E0     		b	.L198
 6408              	.L199:
 6409              	.LBB48:
1393:main.c        ****             {
1394:main.c        ****                 int scaledMIDI = roundf(stringMIDI[i] * 512.0f); // divide by 128 multiply by 65535
 6410              		.loc 1 1394 0 discriminator 3
 6411 2228 7B4A     		ldr	r2, .L250+40
 6412 222a 7B6E     		ldr	r3, [r7, #100]
 6413 222c 52F82330 		ldr	r3, [r2, r3, lsl #2]	@ float
 6414 2230 4FF08841 		mov	r1, #1140850688
 6415 2234 1846     		mov	r0, r3
 6416 2236 FFF7FEFF 		bl	__aeabi_fmul
 6417 223a 0346     		mov	r3, r0
 6418 223c 1846     		mov	r0, r3
 6419 223e FFF7FEFF 		bl	roundf
 6420 2242 0346     		mov	r3, r0
 6421 2244 1846     		mov	r0, r3
 6422 2246 FFF7FEFF 		bl	__aeabi_f2iz
 6423 224a 0346     		mov	r3, r0
 6424 224c 3B61     		str	r3, [r7, #16]
1395:main.c        ****                 myArray[i * 2 + 1] = scaledMIDI >> 8;
 6425              		.loc 1 1395 0 discriminator 3
 6426 224e 7B6E     		ldr	r3, [r7, #100]
ARM GAS  C:\Users\ggg88\AppData\Local\Temp\ccfc1YkT.s 			page 140


 6427 2250 5B00     		lsls	r3, r3, #1
 6428 2252 0133     		adds	r3, r3, #1
 6429 2254 3A69     		ldr	r2, [r7, #16]
 6430 2256 1212     		asrs	r2, r2, #8
 6431 2258 D1B2     		uxtb	r1, r2
 6432 225a 664A     		ldr	r2, .L250+4
 6433 225c D154     		strb	r1, [r2, r3]
1396:main.c        ****                 myArray[(i * 2) + 2] = scaledMIDI & 255;
 6434              		.loc 1 1396 0 discriminator 3
 6435 225e 7B6E     		ldr	r3, [r7, #100]
 6436 2260 0133     		adds	r3, r3, #1
 6437 2262 5B00     		lsls	r3, r3, #1
 6438 2264 3A69     		ldr	r2, [r7, #16]
 6439 2266 D1B2     		uxtb	r1, r2
 6440 2268 624A     		ldr	r2, .L250+4
 6441 226a D154     		strb	r1, [r2, r3]
 6442              	.LBE48:
1392:main.c        ****             {
 6443              		.loc 1 1392 0 discriminator 3
 6444 226c 7B6E     		ldr	r3, [r7, #100]
 6445 226e 0133     		adds	r3, r3, #1
 6446 2270 7B66     		str	r3, [r7, #100]
 6447              	.L198:
1392:main.c        ****             {
 6448              		.loc 1 1392 0 is_stmt 0 discriminator 1
 6449 2272 7B6E     		ldr	r3, [r7, #100]
 6450 2274 0B2B     		cmp	r3, #11
 6451 2276 D7DD     		ble	.L199
 6452              	.LBE47:
1397:main.c        ****             }
1398:main.c        ****             
1399:main.c        ****             myArray[24] = octave | (voice << 4) | (dualSlider << 5) | (octaveAction << 6);
 6453              		.loc 1 1399 0 is_stmt 1
 6454 2278 5F4B     		ldr	r3, .L250+8
 6455 227a 1B78     		ldrb	r3, [r3]	@ zero_extendqisi2
 6456 227c 1B01     		lsls	r3, r3, #4
 6457 227e 5AB2     		sxtb	r2, r3
 6458 2280 5E4B     		ldr	r3, .L250+12
 6459 2282 1B68     		ldr	r3, [r3]
 6460 2284 5BB2     		sxtb	r3, r3
 6461 2286 1343     		orrs	r3, r3, r2
 6462 2288 5AB2     		sxtb	r2, r3
 6463 228a 5D4B     		ldr	r3, .L250+16
 6464 228c 1B78     		ldrb	r3, [r3]	@ zero_extendqisi2
 6465 228e 5B01     		lsls	r3, r3, #5
 6466 2290 5BB2     		sxtb	r3, r3
 6467 2292 1343     		orrs	r3, r3, r2
 6468 2294 5AB2     		sxtb	r2, r3
 6469 2296 5B4B     		ldr	r3, .L250+20
 6470 2298 1B78     		ldrb	r3, [r3]	@ zero_extendqisi2
 6471 229a 9B01     		lsls	r3, r3, #6
 6472 229c 5BB2     		sxtb	r3, r3
 6473 229e 1343     		orrs	r3, r3, r2
 6474 22a0 5BB2     		sxtb	r3, r3
 6475 22a2 DAB2     		uxtb	r2, r3
 6476 22a4 534B     		ldr	r3, .L250+4
 6477 22a6 1A76     		strb	r2, [r3, #24]
ARM GAS  C:\Users\ggg88\AppData\Local\Temp\ccfc1YkT.s 			page 141


1400:main.c        ****             myArray[25] = patchNum;
 6478              		.loc 1 1400 0
 6479 22a8 574B     		ldr	r3, .L250+24
 6480 22aa 1A78     		ldrb	r2, [r3]	@ zero_extendqisi2
 6481 22ac 514B     		ldr	r3, .L250+4
 6482 22ae 5A76     		strb	r2, [r3, #25]
1401:main.c        ****             myArray[26] = processed_volumePedal >> 8;
 6483              		.loc 1 1401 0
 6484 22b0 564B     		ldr	r3, .L250+28
 6485 22b2 B3F90030 		ldrsh	r3, [r3]
 6486 22b6 1B12     		asrs	r3, r3, #8
 6487 22b8 1BB2     		sxth	r3, r3
 6488 22ba DAB2     		uxtb	r2, r3
 6489 22bc 4D4B     		ldr	r3, .L250+4
 6490 22be 9A76     		strb	r2, [r3, #26]
1402:main.c        ****             myArray[27] = processed_volumePedal & 0xff;
 6491              		.loc 1 1402 0
 6492 22c0 524B     		ldr	r3, .L250+28
 6493 22c2 B3F90030 		ldrsh	r3, [r3]
 6494 22c6 DAB2     		uxtb	r2, r3
 6495 22c8 4A4B     		ldr	r3, .L250+4
 6496 22ca DA76     		strb	r2, [r3, #27]
1403:main.c        ****             myArray[28] = barMidiOuterStrings[0] >> 8;
 6497              		.loc 1 1403 0
 6498 22cc 504B     		ldr	r3, .L250+32
 6499 22ce 1B88     		ldrh	r3, [r3]
 6500 22d0 1B0A     		lsrs	r3, r3, #8
 6501 22d2 9BB2     		uxth	r3, r3
 6502 22d4 DAB2     		uxtb	r2, r3
 6503 22d6 474B     		ldr	r3, .L250+4
 6504 22d8 1A77     		strb	r2, [r3, #28]
1404:main.c        ****             myArray[29] = barMidiOuterStrings[0] & 0xff;
 6505              		.loc 1 1404 0
 6506 22da 4D4B     		ldr	r3, .L250+32
 6507 22dc 1B88     		ldrh	r3, [r3]
 6508 22de DAB2     		uxtb	r2, r3
 6509 22e0 444B     		ldr	r3, .L250+4
 6510 22e2 5A77     		strb	r2, [r3, #29]
1405:main.c        ****             myArray[30] = 254;
 6511              		.loc 1 1405 0
 6512 22e4 434B     		ldr	r3, .L250+4
 6513 22e6 FE22     		movs	r2, #254
 6514 22e8 9A77     		strb	r2, [r3, #30]
1406:main.c        ****             myArray[31] = 253;
 6515              		.loc 1 1406 0
 6516 22ea 424B     		ldr	r3, .L250+4
 6517 22ec FD22     		movs	r2, #253
 6518 22ee DA77     		strb	r2, [r3, #31]
1407:main.c        ****             
1408:main.c        ****             sendKnobs = 1; // for next time around, might make this slower though
 6519              		.loc 1 1408 0
 6520 22f0 484B     		ldr	r3, .L250+36
 6521 22f2 0122     		movs	r2, #1
 6522 22f4 1A70     		strb	r2, [r3]
 6523              	.L180:
1409:main.c        ****         }
1410:main.c        **** 
ARM GAS  C:\Users\ggg88\AppData\Local\Temp\ccfc1YkT.s 			page 142


1411:main.c        ****         //parse input from synth board (names)
1412:main.c        ****         if ((inBuffer[0] == 253) && (inBuffer[31] == 254))
 6524              		.loc 1 1412 0
 6525 22f6 494B     		ldr	r3, .L250+44
 6526 22f8 1B78     		ldrb	r3, [r3]	@ zero_extendqisi2
 6527 22fa FD2B     		cmp	r3, #253
 6528 22fc 40F0C980 		bne	.L200
 6529              		.loc 1 1412 0 is_stmt 0 discriminator 1
 6530 2300 464B     		ldr	r3, .L250+44
 6531 2302 DB7F     		ldrb	r3, [r3, #31]	@ zero_extendqisi2
 6532 2304 FE2B     		cmp	r3, #254
 6533 2306 40F0C480 		bne	.L200
 6534              	.LBB49:
1413:main.c        ****         {
1414:main.c        ****             int whichPresetToStoreName = inBuffer[1];
 6535              		.loc 1 1414 0 is_stmt 1
 6536 230a 444B     		ldr	r3, .L250+44
 6537 230c 5B78     		ldrb	r3, [r3, #1]	@ zero_extendqisi2
 6538 230e FB60     		str	r3, [r7, #12]
1415:main.c        ****             int whichMacroToStoreName = inBuffer[16];
 6539              		.loc 1 1415 0
 6540 2310 424B     		ldr	r3, .L250+44
 6541 2312 1B7C     		ldrb	r3, [r3, #16]	@ zero_extendqisi2
 6542 2314 BB60     		str	r3, [r7, #8]
1416:main.c        ****             int bufferPointer = 2;
 6543              		.loc 1 1416 0
 6544 2316 0223     		movs	r3, #2
 6545 2318 3B66     		str	r3, [r7, #96]
 6546              	.LBB50:
1417:main.c        ****             for (int i = 0; i < PRESET_NAME_LENGTH_IN_BYTES; i++)
 6547              		.loc 1 1417 0
 6548 231a 0023     		movs	r3, #0
 6549 231c FB65     		str	r3, [r7, #92]
 6550 231e 14E0     		b	.L201
 6551              	.L202:
1418:main.c        ****             {
1419:main.c        ****                 presetNamesArray[whichPresetToStoreName][i] = inBuffer[bufferPointer];
 6552              		.loc 1 1419 0 discriminator 3
 6553 2320 3E4A     		ldr	r2, .L250+44
 6554 2322 3B6E     		ldr	r3, [r7, #96]
 6555 2324 1344     		add	r3, r3, r2
 6556 2326 1878     		ldrb	r0, [r3]	@ zero_extendqisi2
 6557 2328 3D49     		ldr	r1, .L250+48
 6558 232a FA68     		ldr	r2, [r7, #12]
 6559 232c 1346     		mov	r3, r2
 6560 232e DB00     		lsls	r3, r3, #3
 6561 2330 9B1A     		subs	r3, r3, r2
 6562 2332 5B00     		lsls	r3, r3, #1
 6563 2334 CA18     		adds	r2, r1, r3
 6564 2336 FB6D     		ldr	r3, [r7, #92]
 6565 2338 1344     		add	r3, r3, r2
 6566 233a 0246     		mov	r2, r0
 6567 233c 1A70     		strb	r2, [r3]
1420:main.c        ****                 bufferPointer++;
 6568              		.loc 1 1420 0 discriminator 3
 6569 233e 3B6E     		ldr	r3, [r7, #96]
 6570 2340 0133     		adds	r3, r3, #1
ARM GAS  C:\Users\ggg88\AppData\Local\Temp\ccfc1YkT.s 			page 143


 6571 2342 3B66     		str	r3, [r7, #96]
1417:main.c        ****             for (int i = 0; i < PRESET_NAME_LENGTH_IN_BYTES; i++)
 6572              		.loc 1 1417 0 discriminator 3
 6573 2344 FB6D     		ldr	r3, [r7, #92]
 6574 2346 0133     		adds	r3, r3, #1
 6575 2348 FB65     		str	r3, [r7, #92]
 6576              	.L201:
1417:main.c        ****             for (int i = 0; i < PRESET_NAME_LENGTH_IN_BYTES; i++)
 6577              		.loc 1 1417 0 is_stmt 0 discriminator 1
 6578 234a FB6D     		ldr	r3, [r7, #92]
 6579 234c 0D2B     		cmp	r3, #13
 6580 234e E7DD     		ble	.L202
 6581              	.LBE50:
1421:main.c        ****             }
1422:main.c        ****             bufferPointer = 17;
 6582              		.loc 1 1422 0 is_stmt 1
 6583 2350 1123     		movs	r3, #17
 6584 2352 3B66     		str	r3, [r7, #96]
1423:main.c        ****             if (whichMacroToStoreName < 8)
 6585              		.loc 1 1423 0
 6586 2354 BB68     		ldr	r3, [r7, #8]
 6587 2356 072B     		cmp	r3, #7
 6588 2358 20DC     		bgt	.L203
 6589              	.LBB51:
1424:main.c        ****             {
1425:main.c        ****                 for (int i = 0; i < MACRO_NAME_LENGTH_IN_BYTES; i++)
 6590              		.loc 1 1425 0
 6591 235a 0023     		movs	r3, #0
 6592 235c BB65     		str	r3, [r7, #88]
 6593 235e 19E0     		b	.L204
 6594              	.L205:
1426:main.c        ****                 {
1427:main.c        ****                     macroNamesArray[whichPresetToStoreName][whichMacroToStoreName][i] = inBuffer[bu
 6595              		.loc 1 1427 0 discriminator 3
 6596 2360 2E4A     		ldr	r2, .L250+44
 6597 2362 3B6E     		ldr	r3, [r7, #96]
 6598 2364 1344     		add	r3, r3, r2
 6599 2366 1C78     		ldrb	r4, [r3]	@ zero_extendqisi2
 6600 2368 2E48     		ldr	r0, .L250+52
 6601 236a BB68     		ldr	r3, [r7, #8]
 6602 236c F968     		ldr	r1, [r7, #12]
 6603 236e 1A46     		mov	r2, r3
 6604 2370 D200     		lsls	r2, r2, #3
 6605 2372 1A44     		add	r2, r2, r3
 6606 2374 0B46     		mov	r3, r1
 6607 2376 DB00     		lsls	r3, r3, #3
 6608 2378 0B44     		add	r3, r3, r1
 6609 237a 1B01     		lsls	r3, r3, #4
 6610 237c 1344     		add	r3, r3, r2
 6611 237e C218     		adds	r2, r0, r3
 6612 2380 BB6D     		ldr	r3, [r7, #88]
 6613 2382 1344     		add	r3, r3, r2
 6614 2384 2246     		mov	r2, r4
 6615 2386 1A70     		strb	r2, [r3]
1428:main.c        ****                     bufferPointer++;
 6616              		.loc 1 1428 0 discriminator 3
 6617 2388 3B6E     		ldr	r3, [r7, #96]
ARM GAS  C:\Users\ggg88\AppData\Local\Temp\ccfc1YkT.s 			page 144


 6618 238a 0133     		adds	r3, r3, #1
 6619 238c 3B66     		str	r3, [r7, #96]
1425:main.c        ****                 {
 6620              		.loc 1 1425 0 discriminator 3
 6621 238e BB6D     		ldr	r3, [r7, #88]
 6622 2390 0133     		adds	r3, r3, #1
 6623 2392 BB65     		str	r3, [r7, #88]
 6624              	.L204:
1425:main.c        ****                 {
 6625              		.loc 1 1425 0 is_stmt 0 discriminator 1
 6626 2394 BB6D     		ldr	r3, [r7, #88]
 6627 2396 082B     		cmp	r3, #8
 6628 2398 E2DD     		ble	.L205
 6629 239a 65E0     		b	.L206
 6630              	.L203:
 6631              	.LBE51:
1429:main.c        ****                 }
1430:main.c        ****             }
1431:main.c        ****             else if (whichMacroToStoreName < 12) //if it's macro #8-12 it's actually a control knob
 6632              		.loc 1 1431 0 is_stmt 1
 6633 239c BB68     		ldr	r3, [r7, #8]
 6634 239e 0B2B     		cmp	r3, #11
 6635 23a0 23DC     		bgt	.L207
 6636              	.LBB52:
1432:main.c        ****             {
1433:main.c        ****                 for (int i = 0; i < CONTROL_NAME_LENGTH_IN_BYTES; i++)
 6637              		.loc 1 1433 0
 6638 23a2 0023     		movs	r3, #0
 6639 23a4 7B65     		str	r3, [r7, #84]
 6640 23a6 1CE0     		b	.L208
 6641              	.L209:
1434:main.c        ****                 {
1435:main.c        ****                     controlNamesArray[whichPresetToStoreName][(whichMacroToStoreName - 8)][i] = inB
 6642              		.loc 1 1435 0 discriminator 3
 6643 23a8 BB68     		ldr	r3, [r7, #8]
 6644 23aa 083B     		subs	r3, r3, #8
 6645 23ac 1B49     		ldr	r1, .L250+44
 6646 23ae 3A6E     		ldr	r2, [r7, #96]
 6647 23b0 0A44     		add	r2, r2, r1
 6648 23b2 1478     		ldrb	r4, [r2]	@ zero_extendqisi2
 6649 23b4 1C48     		ldr	r0, .L250+56
 6650 23b6 F968     		ldr	r1, [r7, #12]
 6651 23b8 1A46     		mov	r2, r3
 6652 23ba 9200     		lsls	r2, r2, #2
 6653 23bc 1A44     		add	r2, r2, r3
 6654 23be 5300     		lsls	r3, r2, #1
 6655 23c0 1A46     		mov	r2, r3
 6656 23c2 0B46     		mov	r3, r1
 6657 23c4 9B00     		lsls	r3, r3, #2
 6658 23c6 0B44     		add	r3, r3, r1
 6659 23c8 DB00     		lsls	r3, r3, #3
 6660 23ca 1344     		add	r3, r3, r2
 6661 23cc C218     		adds	r2, r0, r3
 6662 23ce 7B6D     		ldr	r3, [r7, #84]
 6663 23d0 1344     		add	r3, r3, r2
 6664 23d2 2246     		mov	r2, r4
 6665 23d4 1A70     		strb	r2, [r3]
ARM GAS  C:\Users\ggg88\AppData\Local\Temp\ccfc1YkT.s 			page 145


1436:main.c        ****                     bufferPointer++;
 6666              		.loc 1 1436 0 discriminator 3
 6667 23d6 3B6E     		ldr	r3, [r7, #96]
 6668 23d8 0133     		adds	r3, r3, #1
 6669 23da 3B66     		str	r3, [r7, #96]
1433:main.c        ****                 {
 6670              		.loc 1 1433 0 discriminator 3
 6671 23dc 7B6D     		ldr	r3, [r7, #84]
 6672 23de 0133     		adds	r3, r3, #1
 6673 23e0 7B65     		str	r3, [r7, #84]
 6674              	.L208:
1433:main.c        ****                 {
 6675              		.loc 1 1433 0 is_stmt 0 discriminator 1
 6676 23e2 7B6D     		ldr	r3, [r7, #84]
 6677 23e4 092B     		cmp	r3, #9
 6678 23e6 DFDD     		ble	.L209
 6679 23e8 3EE0     		b	.L206
 6680              	.L207:
 6681              	.LBE52:
 6682              	.LBB53:
1437:main.c        ****                 }
1438:main.c        ****             }
1439:main.c        ****             else
1440:main.c        ****             {
1441:main.c        ****                 for (int i = 0; i < MACRO_NAME_LENGTH_IN_BYTES; i++)
 6683              		.loc 1 1441 0 is_stmt 1
 6684 23ea 0023     		movs	r3, #0
 6685 23ec 3B65     		str	r3, [r7, #80]
 6686 23ee 38E0     		b	.L210
 6687              	.L251:
 6688              		.align	2
 6689              	.L250:
 6690 23f0 00000000 		.word	pedals8bit
 6691 23f4 00000000 		.word	myArray
 6692 23f8 00000000 		.word	voice
 6693 23fc 00000000 		.word	octave
 6694 2400 00000000 		.word	dualSlider
 6695 2404 00000000 		.word	octaveAction
 6696 2408 00000000 		.word	patchNum
 6697 240c 00000000 		.word	processed_volumePedal
 6698 2410 00000000 		.word	barMidiOuterStrings
 6699 2414 00000000 		.word	sendKnobs
 6700 2418 00000000 		.word	stringMIDI
 6701 241c 00000000 		.word	inBuffer
 6702 2420 00000000 		.word	presetNamesArray
 6703 2424 00000000 		.word	macroNamesArray
 6704 2428 00000000 		.word	controlNamesArray
 6705              	.L211:
1442:main.c        ****                 {
1443:main.c        ****                     macroNamesArray[whichPresetToStoreName][whichMacroToStoreName - 4][i] = inBuffe
 6706              		.loc 1 1443 0 discriminator 3
 6707 242c BB68     		ldr	r3, [r7, #8]
 6708 242e 043B     		subs	r3, r3, #4
 6709 2430 6249     		ldr	r1, .L252
 6710 2432 3A6E     		ldr	r2, [r7, #96]
 6711 2434 0A44     		add	r2, r2, r1
 6712 2436 1478     		ldrb	r4, [r2]	@ zero_extendqisi2
ARM GAS  C:\Users\ggg88\AppData\Local\Temp\ccfc1YkT.s 			page 146


 6713 2438 6148     		ldr	r0, .L252+4
 6714 243a F968     		ldr	r1, [r7, #12]
 6715 243c 1A46     		mov	r2, r3
 6716 243e D200     		lsls	r2, r2, #3
 6717 2440 1A44     		add	r2, r2, r3
 6718 2442 0B46     		mov	r3, r1
 6719 2444 DB00     		lsls	r3, r3, #3
 6720 2446 0B44     		add	r3, r3, r1
 6721 2448 1B01     		lsls	r3, r3, #4
 6722 244a 1344     		add	r3, r3, r2
 6723 244c C218     		adds	r2, r0, r3
 6724 244e 3B6D     		ldr	r3, [r7, #80]
 6725 2450 1344     		add	r3, r3, r2
 6726 2452 2246     		mov	r2, r4
 6727 2454 1A70     		strb	r2, [r3]
1444:main.c        ****                     bufferPointer++;
 6728              		.loc 1 1444 0 discriminator 3
 6729 2456 3B6E     		ldr	r3, [r7, #96]
 6730 2458 0133     		adds	r3, r3, #1
 6731 245a 3B66     		str	r3, [r7, #96]
1441:main.c        ****                 {
 6732              		.loc 1 1441 0 discriminator 3
 6733 245c 3B6D     		ldr	r3, [r7, #80]
 6734 245e 0133     		adds	r3, r3, #1
 6735 2460 3B65     		str	r3, [r7, #80]
 6736              	.L210:
1441:main.c        ****                 {
 6737              		.loc 1 1441 0 is_stmt 0 discriminator 1
 6738 2462 3B6D     		ldr	r3, [r7, #80]
 6739 2464 082B     		cmp	r3, #8
 6740 2466 E1DD     		ble	.L211
 6741              	.L206:
 6742              	.LBE53:
1445:main.c        ****                 }
1446:main.c        ****             }
1447:main.c        ****             if ((whichPresetToStoreName == patchNum) && (whichMacroToStoreName == 7) && (!presetAlr
 6743              		.loc 1 1447 0 is_stmt 1
 6744 2468 564B     		ldr	r3, .L252+8
 6745 246a 1B78     		ldrb	r3, [r3]	@ zero_extendqisi2
 6746 246c 1A46     		mov	r2, r3
 6747 246e FB68     		ldr	r3, [r7, #12]
 6748 2470 9A42     		cmp	r2, r3
 6749 2472 40F09080 		bne	.L223
 6750              		.loc 1 1447 0 is_stmt 0 discriminator 1
 6751 2476 BB68     		ldr	r3, [r7, #8]
 6752 2478 072B     		cmp	r3, #7
 6753 247a 40F08C80 		bne	.L223
 6754              		.loc 1 1447 0 discriminator 2
 6755 247e 524A     		ldr	r2, .L252+12
 6756 2480 FB68     		ldr	r3, [r7, #12]
 6757 2482 1344     		add	r3, r3, r2
 6758 2484 1B78     		ldrb	r3, [r3]	@ zero_extendqisi2
 6759 2486 002B     		cmp	r3, #0
 6760 2488 40F08580 		bne	.L223
1448:main.c        ****             {
1449:main.c        ****                 displayCurrentPresetNameAndCopedent();
 6761              		.loc 1 1449 0 is_stmt 1
ARM GAS  C:\Users\ggg88\AppData\Local\Temp\ccfc1YkT.s 			page 147


 6762 248c FFF7FEFF 		bl	displayCurrentPresetNameAndCopedent
 6763              	.LBE49:
1413:main.c        ****             int whichPresetToStoreName = inBuffer[1];
 6764              		.loc 1 1413 0
 6765 2490 81E0     		b	.L223
 6766              	.L200:
1450:main.c        ****             }
1451:main.c        ****         }
1452:main.c        ****         else if ((inBuffer[0] == 252) && (inBuffer[31] == 254))
 6767              		.loc 1 1452 0
 6768 2492 4A4B     		ldr	r3, .L252
 6769 2494 1B78     		ldrb	r3, [r3]	@ zero_extendqisi2
 6770 2496 FC2B     		cmp	r3, #252
 6771 2498 7ED1     		bne	.L213
 6772              		.loc 1 1452 0 is_stmt 0 discriminator 1
 6773 249a 484B     		ldr	r3, .L252
 6774 249c DB7F     		ldrb	r3, [r3, #31]	@ zero_extendqisi2
 6775 249e FE2B     		cmp	r3, #254
 6776 24a0 7AD1     		bne	.L213
1453:main.c        ****         {
1454:main.c        ****             //oop this means we're about to get new firmware. Reset to bootloader
1455:main.c        ****             SPIM_1_Stop();
 6777              		.loc 1 1455 0 is_stmt 1
 6778 24a2 FFF7FEFF 		bl	SPIM_1_Stop
1456:main.c        ****             myGFX_setFont(0);
 6779              		.loc 1 1456 0
 6780 24a6 0020     		movs	r0, #0
 6781 24a8 FFF7FEFF 		bl	myGFX_setFont
1457:main.c        ****             OLEDwriteString("FIRMWARE   ", 11, 1, FirstLine);
 6782              		.loc 1 1457 0
 6783 24ac 0023     		movs	r3, #0
 6784 24ae 0122     		movs	r2, #1
 6785 24b0 0B21     		movs	r1, #11
 6786 24b2 4648     		ldr	r0, .L252+16
 6787 24b4 FFF7FEFF 		bl	OLEDwriteString
1458:main.c        ****             OLEDwriteString("UPDATE     ", 11, 1, SecondLine);
 6788              		.loc 1 1458 0
 6789 24b8 0123     		movs	r3, #1
 6790 24ba 0122     		movs	r2, #1
 6791 24bc 0B21     		movs	r1, #11
 6792 24be 4448     		ldr	r0, .L252+20
 6793 24c0 FFF7FEFF 		bl	OLEDwriteString
1459:main.c        ****             OLEDwriteString("           ", 11, 1, ThirdLine);
 6794              		.loc 1 1459 0
 6795 24c4 0223     		movs	r3, #2
 6796 24c6 0122     		movs	r2, #1
 6797 24c8 0B21     		movs	r1, #11
 6798 24ca 4248     		ldr	r0, .L252+24
 6799 24cc FFF7FEFF 		bl	OLEDwriteString
1460:main.c        ****             OLEDwriteString("           ", 11, 1, FourthLine);
 6800              		.loc 1 1460 0
 6801 24d0 0323     		movs	r3, #3
 6802 24d2 0122     		movs	r2, #1
 6803 24d4 0B21     		movs	r1, #11
 6804 24d6 3F48     		ldr	r0, .L252+24
 6805 24d8 FFF7FEFF 		bl	OLEDwriteString
1461:main.c        ****             main_counter = 11;
ARM GAS  C:\Users\ggg88\AppData\Local\Temp\ccfc1YkT.s 			page 148


 6806              		.loc 1 1461 0
 6807 24dc 3E4B     		ldr	r3, .L252+28
 6808 24de 0B22     		movs	r2, #11
 6809 24e0 1A70     		strb	r2, [r3]
1462:main.c        ****                    //set muxes to write to main OLED
1463:main.c        ****             if (mux_states[main_counter][0] != last_mux)
 6810              		.loc 1 1463 0
 6811 24e2 3D4B     		ldr	r3, .L252+28
 6812 24e4 1B78     		ldrb	r3, [r3]
 6813 24e6 DBB2     		uxtb	r3, r3
 6814 24e8 1A46     		mov	r2, r3
 6815 24ea 3C4B     		ldr	r3, .L252+32
 6816 24ec 13F81220 		ldrb	r2, [r3, r2, lsl #1]	@ zero_extendqisi2
 6817 24f0 3B4B     		ldr	r3, .L252+36
 6818 24f2 1B78     		ldrb	r3, [r3]	@ zero_extendqisi2
 6819 24f4 9A42     		cmp	r2, r3
 6820 24f6 13D0     		beq	.L214
 6821              	.LBB54:
1464:main.c        ****             {
1465:main.c        ****                 I2Cbuff1[0] = 1<<mux_states[main_counter][0];
 6822              		.loc 1 1465 0
 6823 24f8 374B     		ldr	r3, .L252+28
 6824 24fa 1B78     		ldrb	r3, [r3]
 6825 24fc DBB2     		uxtb	r3, r3
 6826 24fe 1A46     		mov	r2, r3
 6827 2500 364B     		ldr	r3, .L252+32
 6828 2502 13F81230 		ldrb	r3, [r3, r2, lsl #1]	@ zero_extendqisi2
 6829 2506 1A46     		mov	r2, r3
 6830 2508 0123     		movs	r3, #1
 6831 250a 9340     		lsls	r3, r3, r2
 6832 250c DAB2     		uxtb	r2, r3
 6833 250e 354B     		ldr	r3, .L252+40
 6834 2510 1A70     		strb	r2, [r3]
1466:main.c        ****                 uint8_t status = I2C_MasterWriteBlocking(0x70, 1, I2C_1_MODE_COMPLETE_XFER);
 6835              		.loc 1 1466 0
 6836 2512 0022     		movs	r2, #0
 6837 2514 0121     		movs	r1, #1
 6838 2516 7020     		movs	r0, #112
 6839 2518 FFF7FEFF 		bl	I2C_MasterWriteBlocking
 6840 251c 0346     		mov	r3, r0
 6841 251e FB71     		strb	r3, [r7, #7]
 6842              	.L214:
 6843              	.LBE54:
1467:main.c        ****             }
1468:main.c        ****             last_mux = mux_states[main_counter][0];
 6844              		.loc 1 1468 0
 6845 2520 2D4B     		ldr	r3, .L252+28
 6846 2522 1B78     		ldrb	r3, [r3]
 6847 2524 DBB2     		uxtb	r3, r3
 6848 2526 1A46     		mov	r2, r3
 6849 2528 2C4B     		ldr	r3, .L252+32
 6850 252a 13F81220 		ldrb	r2, [r3, r2, lsl #1]	@ zero_extendqisi2
 6851 252e 2C4B     		ldr	r3, .L252+36
 6852 2530 1A70     		strb	r2, [r3]
1469:main.c        ****             
1470:main.c        ****             
1471:main.c        ****             CyDelayUs(10);
ARM GAS  C:\Users\ggg88\AppData\Local\Temp\ccfc1YkT.s 			page 149


 6853              		.loc 1 1471 0
 6854 2532 0A20     		movs	r0, #10
 6855 2534 FFF7FEFF 		bl	CyDelayUs
1472:main.c        ****             if (mux_states[main_counter][0] == 5)
 6856              		.loc 1 1472 0
 6857 2538 274B     		ldr	r3, .L252+28
 6858 253a 1B78     		ldrb	r3, [r3]
 6859 253c DBB2     		uxtb	r3, r3
 6860 253e 1A46     		mov	r2, r3
 6861 2540 264B     		ldr	r3, .L252+32
 6862 2542 13F81230 		ldrb	r3, [r3, r2, lsl #1]	@ zero_extendqisi2
 6863 2546 052B     		cmp	r3, #5
 6864 2548 1DD1     		bne	.L215
1473:main.c        ****             {
1474:main.c        ****                 if (!i2c_skipped[main_counter])
 6865              		.loc 1 1474 0
 6866 254a 234B     		ldr	r3, .L252+28
 6867 254c 1B78     		ldrb	r3, [r3]
 6868 254e DBB2     		uxtb	r3, r3
 6869 2550 1A46     		mov	r2, r3
 6870 2552 254B     		ldr	r3, .L252+44
 6871 2554 9B5C     		ldrb	r3, [r3, r2]	@ zero_extendqisi2
 6872 2556 002B     		cmp	r3, #0
 6873 2558 15D1     		bne	.L215
1475:main.c        ****                 {
1476:main.c        ****                     I2Cbuff1[0] = 1<<mux_states[main_counter][1];
 6874              		.loc 1 1476 0
 6875 255a 1F4B     		ldr	r3, .L252+28
 6876 255c 1B78     		ldrb	r3, [r3]
 6877 255e DBB2     		uxtb	r3, r3
 6878 2560 1E4A     		ldr	r2, .L252+32
 6879 2562 5B00     		lsls	r3, r3, #1
 6880 2564 1344     		add	r3, r3, r2
 6881 2566 5B78     		ldrb	r3, [r3, #1]	@ zero_extendqisi2
 6882 2568 1A46     		mov	r2, r3
 6883 256a 0123     		movs	r3, #1
 6884 256c 9340     		lsls	r3, r3, r2
 6885 256e DAB2     		uxtb	r2, r3
 6886 2570 1C4B     		ldr	r3, .L252+40
 6887 2572 1A70     		strb	r2, [r3]
1477:main.c        ****                     status = I2C_MasterWriteBlocking(0x71, 1, I2C_1_MODE_COMPLETE_XFER);
 6888              		.loc 1 1477 0
 6889 2574 0022     		movs	r2, #0
 6890 2576 0121     		movs	r1, #1
 6891 2578 7120     		movs	r0, #113
 6892 257a FFF7FEFF 		bl	I2C_MasterWriteBlocking
 6893 257e 0346     		mov	r3, r0
 6894 2580 1A46     		mov	r2, r3
 6895 2582 1A4B     		ldr	r3, .L252+48
 6896 2584 1A60     		str	r2, [r3]
 6897              	.L215:
1478:main.c        ****                 }
1479:main.c        ****             }
1480:main.c        **** 
1481:main.c        ****             CyDelayUs(10);
 6898              		.loc 1 1481 0
 6899 2586 0A20     		movs	r0, #10
ARM GAS  C:\Users\ggg88\AppData\Local\Temp\ccfc1YkT.s 			page 150


 6900 2588 FFF7FEFF 		bl	CyDelayUs
1482:main.c        **** 
1483:main.c        ****             OLED_draw(128, 64);
 6901              		.loc 1 1483 0
 6902 258c 4021     		movs	r1, #64
 6903 258e 8020     		movs	r0, #128
 6904 2590 FFF7FEFF 		bl	OLED_draw
 6905 2594 00E0     		b	.L213
 6906              	.L223:
1413:main.c        ****             int whichPresetToStoreName = inBuffer[1];
 6907              		.loc 1 1413 0
 6908 2596 00BF     		nop
 6909              	.L213:
1484:main.c        ****             #ifdef BOOTLOAD_STYLE
1485:main.c        ****             Bootloadable_Load();
1486:main.c        ****                 #endif
1487:main.c        ****         }
1488:main.c        ****         
1489:main.c        ****         SPIM_1_ClearRxBuffer();
 6910              		.loc 1 1489 0
 6911 2598 FFF7FEFF 		bl	SPIM_1_ClearRxBuffer
1490:main.c        ****         CyDmaChEnable(rx3Channel, STORE_TD_CFG_ONCMPLT);
 6912              		.loc 1 1490 0
 6913 259c 144B     		ldr	r3, .L252+52
 6914 259e 1B78     		ldrb	r3, [r3]
 6915 25a0 DBB2     		uxtb	r3, r3
 6916 25a2 0121     		movs	r1, #1
 6917 25a4 1846     		mov	r0, r3
 6918 25a6 FFF7FEFF 		bl	CyDmaChEnable
1491:main.c        ****         CyDmaChEnable(txChannel, STORE_TD_CFG_ONCMPLT);
 6919              		.loc 1 1491 0
 6920 25aa 124B     		ldr	r3, .L252+56
 6921 25ac 1B78     		ldrb	r3, [r3]
 6922 25ae DBB2     		uxtb	r3, r3
 6923 25b0 0121     		movs	r1, #1
 6924 25b2 1846     		mov	r0, r3
 6925 25b4 FFF7FEFF 		bl	CyDmaChEnable
1492:main.c        ****         
1493:main.c        ****        // testpin6_Write(0);
1494:main.c        ****        
1495:main.c        **** 
1496:main.c        ****      }
 6926              		.loc 1 1496 0
 6927 25b8 FEF743B9 		b	.L216
 6928              	.L253:
 6929              		.align	2
 6930              	.L252:
 6931 25bc 00000000 		.word	inBuffer
 6932 25c0 00000000 		.word	macroNamesArray
 6933 25c4 00000000 		.word	patchNum
 6934 25c8 00000000 		.word	presetAlreadyDisplayed
 6935 25cc 10050000 		.word	.LC1
 6936 25d0 1C050000 		.word	.LC2
 6937 25d4 28050000 		.word	.LC3
 6938 25d8 00000000 		.word	main_counter
 6939 25dc 00000000 		.word	mux_states
 6940 25e0 00000000 		.word	last_mux
ARM GAS  C:\Users\ggg88\AppData\Local\Temp\ccfc1YkT.s 			page 151


 6941 25e4 00000000 		.word	I2Cbuff1
 6942 25e8 00000000 		.word	i2c_skipped
 6943 25ec 00000000 		.word	status
 6944 25f0 00000000 		.word	rx3Channel
 6945 25f4 00000000 		.word	txChannel
 6946              		.cfi_endproc
 6947              	.LFE75:
 6948              		.size	main, .-main
 6949              		.section	.text.DmaTxConfiguration,"ax",%progbits
 6950              		.align	2
 6951              		.global	DmaTxConfiguration
 6952              		.thumb
 6953              		.thumb_func
 6954              		.type	DmaTxConfiguration, %function
 6955              	DmaTxConfiguration:
 6956              	.LFB76:
1497:main.c        **** }
1498:main.c        **** 
1499:main.c        **** void DmaTxConfiguration()
1500:main.c        **** {
 6957              		.loc 1 1500 0
 6958              		.cfi_startproc
 6959              		@ args = 0, pretend = 0, frame = 0
 6960              		@ frame_needed = 1, uses_anonymous_args = 0
 6961 0000 80B5     		push	{r7, lr}
 6962              		.cfi_def_cfa_offset 8
 6963              		.cfi_offset 7, -8
 6964              		.cfi_offset 14, -4
 6965 0002 00AF     		add	r7, sp, #0
 6966              		.cfi_def_cfa_register 7
1501:main.c        ****     /* Init DMA, 1 byte bursts, each burst requires a request */ 
1502:main.c        ****     txChannel = DMA_4_DmaInitialize(DMA_TX_BYTES_PER_BURST, DMA_TX_REQUEST_PER_BURST, 
 6967              		.loc 1 1502 0
 6968 0004 4FF48043 		mov	r3, #16384
 6969 0008 41F6FF72 		movw	r2, #8191
 6970 000c 0121     		movs	r1, #1
 6971 000e 0120     		movs	r0, #1
 6972 0010 FFF7FEFF 		bl	DMA_4_DmaInitialize
 6973 0014 0346     		mov	r3, r0
 6974 0016 1A46     		mov	r2, r3
 6975 0018 124B     		ldr	r3, .L255
 6976 001a 1A70     		strb	r2, [r3]
1503:main.c        ****                                         HI16(DMA_TX_SRC_BASE), HI16(DMA_TX_DST_BASE));
1504:main.c        **** 
1505:main.c        ****     txTD = CyDmaTdAllocate();
 6977              		.loc 1 1505 0
 6978 001c FFF7FEFF 		bl	CyDmaTdAllocate
 6979 0020 0346     		mov	r3, r0
 6980 0022 1A46     		mov	r2, r3
 6981 0024 104B     		ldr	r3, .L255+4
 6982 0026 1A70     		strb	r2, [r3]
1506:main.c        **** 
1507:main.c        ****     /* Configure this Td as follows:
1508:main.c        ****     *  - Increment the source address, but not the destination address   
1509:main.c        ****     */
1510:main.c        ****     CyDmaTdSetConfiguration(txTD, myBufferSize, CY_DMA_DISABLE_TD, TD_INC_SRC_ADR);
 6983              		.loc 1 1510 0
ARM GAS  C:\Users\ggg88\AppData\Local\Temp\ccfc1YkT.s 			page 152


 6984 0028 0F4B     		ldr	r3, .L255+4
 6985 002a 1B78     		ldrb	r3, [r3]
 6986 002c D8B2     		uxtb	r0, r3
 6987 002e 0123     		movs	r3, #1
 6988 0030 FE22     		movs	r2, #254
 6989 0032 2021     		movs	r1, #32
 6990 0034 FFF7FEFF 		bl	CyDmaTdSetConfiguration
1511:main.c        **** 
1512:main.c        ****     /* From the memory to the SPIM */
1513:main.c        ****     CyDmaTdSetAddress(txTD, LO16((uint32)myArray), LO16((uint32) SPIM_1_TXDATA_PTR));
 6991              		.loc 1 1513 0
 6992 0038 0B4B     		ldr	r3, .L255+4
 6993 003a 1B78     		ldrb	r3, [r3]
 6994 003c DBB2     		uxtb	r3, r3
 6995 003e 0B4A     		ldr	r2, .L255+8
 6996 0040 91B2     		uxth	r1, r2
 6997 0042 46F24C42 		movw	r2, #25676
 6998 0046 1846     		mov	r0, r3
 6999 0048 FFF7FEFF 		bl	CyDmaTdSetAddress
1514:main.c        ****     
1515:main.c        ****     /* Associate the TD with the channel */
1516:main.c        ****     CyDmaChSetInitialTd(txChannel, txTD); 
 7000              		.loc 1 1516 0
 7001 004c 054B     		ldr	r3, .L255
 7002 004e 1B78     		ldrb	r3, [r3]
 7003 0050 DAB2     		uxtb	r2, r3
 7004 0052 054B     		ldr	r3, .L255+4
 7005 0054 1B78     		ldrb	r3, [r3]
 7006 0056 DBB2     		uxtb	r3, r3
 7007 0058 1946     		mov	r1, r3
 7008 005a 1046     		mov	r0, r2
 7009 005c FFF7FEFF 		bl	CyDmaChSetInitialTd
1517:main.c        ****    
1518:main.c        **** } 
 7010              		.loc 1 1518 0
 7011 0060 00BF     		nop
 7012 0062 80BD     		pop	{r7, pc}
 7013              	.L256:
 7014              		.align	2
 7015              	.L255:
 7016 0064 00000000 		.word	txChannel
 7017 0068 00000000 		.word	txTD
 7018 006c 00000000 		.word	myArray
 7019              		.cfi_endproc
 7020              	.LFE76:
 7021              		.size	DmaTxConfiguration, .-DmaTxConfiguration
 7022              		.section	.text.DmaRxConfiguration,"ax",%progbits
 7023              		.align	2
 7024              		.global	DmaRxConfiguration
 7025              		.thumb
 7026              		.thumb_func
 7027              		.type	DmaRxConfiguration, %function
 7028              	DmaRxConfiguration:
 7029              	.LFB77:
1519:main.c        **** 
1520:main.c        **** void DmaRxConfiguration()
1521:main.c        **** { 
ARM GAS  C:\Users\ggg88\AppData\Local\Temp\ccfc1YkT.s 			page 153


 7030              		.loc 1 1521 0
 7031              		.cfi_startproc
 7032              		@ args = 0, pretend = 0, frame = 0
 7033              		@ frame_needed = 1, uses_anonymous_args = 0
 7034 0000 80B5     		push	{r7, lr}
 7035              		.cfi_def_cfa_offset 8
 7036              		.cfi_offset 7, -8
 7037              		.cfi_offset 14, -4
 7038 0002 00AF     		add	r7, sp, #0
 7039              		.cfi_def_cfa_register 7
1522:main.c        ****     //pluck dma
1523:main.c        ****     rx1Channel = DMA_1_DmaInitialize(DMA_RX_BYTES_PER_BURST, DMA_RX_REQUEST_PER_BURST,
 7040              		.loc 1 1523 0
 7041 0004 41F6FF73 		movw	r3, #8191
 7042 0008 4FF48042 		mov	r2, #16384
 7043 000c 0121     		movs	r1, #1
 7044 000e 0120     		movs	r0, #1
 7045 0010 FFF7FEFF 		bl	DMA_1_DmaInitialize
 7046 0014 0346     		mov	r3, r0
 7047 0016 1A46     		mov	r2, r3
 7048 0018 4A4B     		ldr	r3, .L258
 7049 001a 1A70     		strb	r2, [r3]
1524:main.c        ****                                      HI16(DMA_RX_SRC_BASE), HI16(DMA_RX_DST_BASE));
1525:main.c        ****     rx1TD[0] = CyDmaTdAllocate();
 7050              		.loc 1 1525 0
 7051 001c FFF7FEFF 		bl	CyDmaTdAllocate
 7052 0020 0346     		mov	r3, r0
 7053 0022 1A46     		mov	r2, r3
 7054 0024 484B     		ldr	r3, .L258+4
 7055 0026 1A70     		strb	r2, [r3]
1526:main.c        ****     rx1TD[1] = CyDmaTdAllocate();
 7056              		.loc 1 1526 0
 7057 0028 FFF7FEFF 		bl	CyDmaTdAllocate
 7058 002c 0346     		mov	r3, r0
 7059 002e 1A46     		mov	r2, r3
 7060 0030 454B     		ldr	r3, .L258+4
 7061 0032 5A70     		strb	r2, [r3, #1]
1527:main.c        ****     CyDmaTdSetConfiguration(rx1TD[0], PLUCK_BUFFER_SIZE, DMA_DISABLE_TD , TD_INC_DST_ADR | DMA_1__T
 7062              		.loc 1 1527 0
 7063 0034 444B     		ldr	r3, .L258+4
 7064 0036 1878     		ldrb	r0, [r3]	@ zero_extendqisi2
 7065 0038 0223     		movs	r3, #2
 7066 003a FE22     		movs	r2, #254
 7067 003c 2021     		movs	r1, #32
 7068 003e FFF7FEFF 		bl	CyDmaTdSetConfiguration
1528:main.c        ****     CyDmaTdSetConfiguration(rx1TD[1], PLUCK_BUFFER_SIZE, DMA_DISABLE_TD, TD_INC_DST_ADR | DMA_1__TD
 7069              		.loc 1 1528 0
 7070 0042 414B     		ldr	r3, .L258+4
 7071 0044 5878     		ldrb	r0, [r3, #1]	@ zero_extendqisi2
 7072 0046 0223     		movs	r3, #2
 7073 0048 FE22     		movs	r2, #254
 7074 004a 2021     		movs	r1, #32
 7075 004c FFF7FEFF 		bl	CyDmaTdSetConfiguration
1529:main.c        ****     CyDmaTdSetAddress(rx1TD[0], LO16((uint32) SPIS_1_RXDATA_PTR), LO16((uint32) rxBufferPluck[0]));
 7076              		.loc 1 1529 0
 7077 0050 3D4B     		ldr	r3, .L258+4
 7078 0052 1B78     		ldrb	r3, [r3]	@ zero_extendqisi2
ARM GAS  C:\Users\ggg88\AppData\Local\Temp\ccfc1YkT.s 			page 154


 7079 0054 3D4A     		ldr	r2, .L258+8
 7080 0056 92B2     		uxth	r2, r2
 7081 0058 46F25741 		movw	r1, #25687
 7082 005c 1846     		mov	r0, r3
 7083 005e FFF7FEFF 		bl	CyDmaTdSetAddress
1530:main.c        ****     CyDmaTdSetAddress(rx1TD[1], LO16((uint32) SPIS_1_RXDATA_PTR), LO16((uint32) rxBufferPluck[1]));
 7084              		.loc 1 1530 0
 7085 0062 394B     		ldr	r3, .L258+4
 7086 0064 5B78     		ldrb	r3, [r3, #1]	@ zero_extendqisi2
 7087 0066 3A4A     		ldr	r2, .L258+12
 7088 0068 92B2     		uxth	r2, r2
 7089 006a 46F25741 		movw	r1, #25687
 7090 006e 1846     		mov	r0, r3
 7091 0070 FFF7FEFF 		bl	CyDmaTdSetAddress
1531:main.c        **** 
1532:main.c        ****     //bar dma
1533:main.c        ****     rx2Channel = DMA_2_DmaInitialize(DMA_RX_BYTES_PER_BURST, DMA_RX_REQUEST_PER_BURST,
 7092              		.loc 1 1533 0
 7093 0074 41F6FF73 		movw	r3, #8191
 7094 0078 4FF48042 		mov	r2, #16384
 7095 007c 0121     		movs	r1, #1
 7096 007e 0120     		movs	r0, #1
 7097 0080 FFF7FEFF 		bl	DMA_2_DmaInitialize
 7098 0084 0346     		mov	r3, r0
 7099 0086 1A46     		mov	r2, r3
 7100 0088 324B     		ldr	r3, .L258+16
 7101 008a 1A70     		strb	r2, [r3]
1534:main.c        ****                                      HI16(DMA_RX_SRC_BASE), HI16(DMA_RX_DST_BASE));
1535:main.c        ****     rx2TD[0] = CyDmaTdAllocate();
 7102              		.loc 1 1535 0
 7103 008c FFF7FEFF 		bl	CyDmaTdAllocate
 7104 0090 0346     		mov	r3, r0
 7105 0092 1A46     		mov	r2, r3
 7106 0094 304B     		ldr	r3, .L258+20
 7107 0096 1A70     		strb	r2, [r3]
1536:main.c        ****     rx2TD[1] = CyDmaTdAllocate();
 7108              		.loc 1 1536 0
 7109 0098 FFF7FEFF 		bl	CyDmaTdAllocate
 7110 009c 0346     		mov	r3, r0
 7111 009e 1A46     		mov	r2, r3
 7112 00a0 2D4B     		ldr	r3, .L258+20
 7113 00a2 5A70     		strb	r2, [r3, #1]
1537:main.c        ****     CyDmaTdSetConfiguration(rx2TD[0], BAR_BUFFER_SIZE, DMA_DISABLE_TD, TD_INC_DST_ADR | DMA_2__TD_T
 7114              		.loc 1 1537 0
 7115 00a4 2C4B     		ldr	r3, .L258+20
 7116 00a6 1878     		ldrb	r0, [r3]	@ zero_extendqisi2
 7117 00a8 0223     		movs	r3, #2
 7118 00aa FE22     		movs	r2, #254
 7119 00ac 0821     		movs	r1, #8
 7120 00ae FFF7FEFF 		bl	CyDmaTdSetConfiguration
1538:main.c        ****     CyDmaTdSetConfiguration(rx2TD[1], BAR_BUFFER_SIZE, DMA_DISABLE_TD, TD_INC_DST_ADR | DMA_2__TD_T
 7121              		.loc 1 1538 0
 7122 00b2 294B     		ldr	r3, .L258+20
 7123 00b4 5878     		ldrb	r0, [r3, #1]	@ zero_extendqisi2
 7124 00b6 0223     		movs	r3, #2
 7125 00b8 FE22     		movs	r2, #254
 7126 00ba 0821     		movs	r1, #8
ARM GAS  C:\Users\ggg88\AppData\Local\Temp\ccfc1YkT.s 			page 155


 7127 00bc FFF7FEFF 		bl	CyDmaTdSetConfiguration
1539:main.c        ****     CyDmaTdSetAddress(rx2TD[0], LO16((uint32) SPIS_2_RXDATA_PTR), LO16((uint32) rxBufferBar[0]));
 7128              		.loc 1 1539 0
 7129 00c0 254B     		ldr	r3, .L258+20
 7130 00c2 1B78     		ldrb	r3, [r3]	@ zero_extendqisi2
 7131 00c4 254A     		ldr	r2, .L258+24
 7132 00c6 92B2     		uxth	r2, r2
 7133 00c8 46F25551 		movw	r1, #25941
 7134 00cc 1846     		mov	r0, r3
 7135 00ce FFF7FEFF 		bl	CyDmaTdSetAddress
1540:main.c        ****     CyDmaTdSetAddress(rx2TD[1], LO16((uint32) SPIS_2_RXDATA_PTR), LO16((uint32) rxBufferBar[1]));
 7136              		.loc 1 1540 0
 7137 00d2 214B     		ldr	r3, .L258+20
 7138 00d4 5B78     		ldrb	r3, [r3, #1]	@ zero_extendqisi2
 7139 00d6 224A     		ldr	r2, .L258+28
 7140 00d8 92B2     		uxth	r2, r2
 7141 00da 46F25551 		movw	r1, #25941
 7142 00de 1846     		mov	r0, r3
 7143 00e0 FFF7FEFF 		bl	CyDmaTdSetAddress
1541:main.c        ****     
1542:main.c        ****         /* Init DMA, 1 byte bursts, each burst requires a request */ 
1543:main.c        ****     rx3Channel = DMA_3_DmaInitialize(DMA_RX_BYTES_PER_BURST, DMA_RX_REQUEST_PER_BURST,
 7144              		.loc 1 1543 0
 7145 00e4 41F6FF73 		movw	r3, #8191
 7146 00e8 4FF48042 		mov	r2, #16384
 7147 00ec 0121     		movs	r1, #1
 7148 00ee 0120     		movs	r0, #1
 7149 00f0 FFF7FEFF 		bl	DMA_3_DmaInitialize
 7150 00f4 0346     		mov	r3, r0
 7151 00f6 1A46     		mov	r2, r3
 7152 00f8 1A4B     		ldr	r3, .L258+32
 7153 00fa 1A70     		strb	r2, [r3]
1544:main.c        ****                                      HI16(DMA_RX_SRC_BASE), HI16(DMA_RX_DST_BASE));
1545:main.c        **** 
1546:main.c        ****     rx3TD = CyDmaTdAllocate();
 7154              		.loc 1 1546 0
 7155 00fc FFF7FEFF 		bl	CyDmaTdAllocate
 7156 0100 0346     		mov	r3, r0
 7157 0102 1A46     		mov	r2, r3
 7158 0104 184B     		ldr	r3, .L258+36
 7159 0106 1A70     		strb	r2, [r3]
1547:main.c        ****     
1548:main.c        ****     /* Configure this Td as follows:
1549:main.c        ****     *  - Increment the destination address, but not the source address
1550:main.c        ****     */
1551:main.c        ****     CyDmaTdSetConfiguration(rx3TD, myBufferSize, CY_DMA_DISABLE_TD, TD_INC_DST_ADR);
 7160              		.loc 1 1551 0
 7161 0108 174B     		ldr	r3, .L258+36
 7162 010a 1B78     		ldrb	r3, [r3]
 7163 010c D8B2     		uxtb	r0, r3
 7164 010e 0223     		movs	r3, #2
 7165 0110 FE22     		movs	r2, #254
 7166 0112 2021     		movs	r1, #32
 7167 0114 FFF7FEFF 		bl	CyDmaTdSetConfiguration
1552:main.c        **** 
1553:main.c        ****     /* From the SPIM to the memory */
1554:main.c        ****     CyDmaTdSetAddress(rx3TD, LO16((uint32)SPIM_1_RXDATA_PTR), LO16((uint32)inBuffer));
ARM GAS  C:\Users\ggg88\AppData\Local\Temp\ccfc1YkT.s 			page 156


 7168              		.loc 1 1554 0
 7169 0118 134B     		ldr	r3, .L258+36
 7170 011a 1B78     		ldrb	r3, [r3]
 7171 011c DBB2     		uxtb	r3, r3
 7172 011e 134A     		ldr	r2, .L258+40
 7173 0120 92B2     		uxth	r2, r2
 7174 0122 46F25C41 		movw	r1, #25692
 7175 0126 1846     		mov	r0, r3
 7176 0128 FFF7FEFF 		bl	CyDmaTdSetAddress
1555:main.c        **** 
1556:main.c        ****     /* Associate the TD with the channel */
1557:main.c        ****     CyDmaChSetInitialTd(rx3Channel, rx3TD);
 7177              		.loc 1 1557 0
 7178 012c 0D4B     		ldr	r3, .L258+32
 7179 012e 1B78     		ldrb	r3, [r3]
 7180 0130 DAB2     		uxtb	r2, r3
 7181 0132 0D4B     		ldr	r3, .L258+36
 7182 0134 1B78     		ldrb	r3, [r3]
 7183 0136 DBB2     		uxtb	r3, r3
 7184 0138 1946     		mov	r1, r3
 7185 013a 1046     		mov	r0, r2
 7186 013c FFF7FEFF 		bl	CyDmaChSetInitialTd
1558:main.c        **** }
 7187              		.loc 1 1558 0
 7188 0140 00BF     		nop
 7189 0142 80BD     		pop	{r7, pc}
 7190              	.L259:
 7191              		.align	2
 7192              	.L258:
 7193 0144 00000000 		.word	rx1Channel
 7194 0148 00000000 		.word	rx1TD
 7195 014c 00000000 		.word	rxBufferPluck
 7196 0150 20000000 		.word	rxBufferPluck+32
 7197 0154 00000000 		.word	rx2Channel
 7198 0158 00000000 		.word	rx2TD
 7199 015c 00000000 		.word	rxBufferBar
 7200 0160 08000000 		.word	rxBufferBar+8
 7201 0164 00000000 		.word	rx3Channel
 7202 0168 00000000 		.word	rx3TD
 7203 016c 00000000 		.word	inBuffer
 7204              		.cfi_endproc
 7205              	.LFE77:
 7206              		.size	DmaRxConfiguration, .-DmaRxConfiguration
 7207              		.section	.text.I2C_MasterWriteBlocking,"ax",%progbits
 7208              		.align	2
 7209              		.global	I2C_MasterWriteBlocking
 7210              		.thumb
 7211              		.thumb_func
 7212              		.type	I2C_MasterWriteBlocking, %function
 7213              	I2C_MasterWriteBlocking:
 7214              	.LFB78:
1559:main.c        **** 
1560:main.c        **** uint8 I2C_MasterWriteBlocking(uint8 i2CAddr, uint16 nbytes, uint8_t mode)
1561:main.c        **** {
 7215              		.loc 1 1561 0
 7216              		.cfi_startproc
 7217              		@ args = 0, pretend = 0, frame = 24
ARM GAS  C:\Users\ggg88\AppData\Local\Temp\ccfc1YkT.s 			page 157


 7218              		@ frame_needed = 1, uses_anonymous_args = 0
 7219 0000 80B5     		push	{r7, lr}
 7220              		.cfi_def_cfa_offset 8
 7221              		.cfi_offset 7, -8
 7222              		.cfi_offset 14, -4
 7223 0002 86B0     		sub	sp, sp, #24
 7224              		.cfi_def_cfa_offset 32
 7225 0004 00AF     		add	r7, sp, #0
 7226              		.cfi_def_cfa_register 7
 7227 0006 0346     		mov	r3, r0
 7228 0008 FB71     		strb	r3, [r7, #7]
 7229 000a 0B46     		mov	r3, r1	@ movhi
 7230 000c BB80     		strh	r3, [r7, #4]	@ movhi
 7231 000e 1346     		mov	r3, r2
 7232 0010 BB71     		strb	r3, [r7, #6]
1562:main.c        ****     uint8 volatile status;
1563:main.c        ****     uint8_t error = 0;
 7233              		.loc 1 1563 0
 7234 0012 0023     		movs	r3, #0
 7235 0014 FB75     		strb	r3, [r7, #23]
1564:main.c        ****     uint32_t timeout = 1000;
 7236              		.loc 1 1564 0
 7237 0016 4FF47A73 		mov	r3, #1000
 7238 001a 3B61     		str	r3, [r7, #16]
1565:main.c        ****     status = I2C_1_MasterClearStatus();
 7239              		.loc 1 1565 0
 7240 001c FFF7FEFF 		bl	I2C_1_MasterClearStatus
 7241 0020 0346     		mov	r3, r0
 7242 0022 FB73     		strb	r3, [r7, #15]
1566:main.c        ****     if(!(status & I2C_1_MSTAT_ERR_XFER))
 7243              		.loc 1 1566 0
 7244 0024 FB7B     		ldrb	r3, [r7, #15]
 7245 0026 DBB2     		uxtb	r3, r3
 7246 0028 5BB2     		sxtb	r3, r3
 7247 002a 002B     		cmp	r3, #0
 7248 002c 42DB     		blt	.L261
1567:main.c        ****     {
1568:main.c        ****         status = I2C_1_MasterWriteBuf(i2CAddr, (uint8 *)&I2Cbuff1, nbytes,
 7249              		.loc 1 1568 0
 7250 002e BB88     		ldrh	r3, [r7, #4]	@ movhi
 7251 0030 DAB2     		uxtb	r2, r3
 7252 0032 BB79     		ldrb	r3, [r7, #6]	@ zero_extendqisi2
 7253 0034 F879     		ldrb	r0, [r7, #7]	@ zero_extendqisi2
 7254 0036 2949     		ldr	r1, .L270
 7255 0038 FFF7FEFF 		bl	I2C_1_MasterWriteBuf
 7256 003c 0346     		mov	r3, r0
 7257 003e FB73     		strb	r3, [r7, #15]
1569:main.c        ****                                      mode);
1570:main.c        ****         if(status == I2C_1_MSTR_NO_ERROR)
 7258              		.loc 1 1570 0
 7259 0040 FB7B     		ldrb	r3, [r7, #15]
 7260 0042 DBB2     		uxtb	r3, r3
 7261 0044 002B     		cmp	r3, #0
 7262 0046 2FD1     		bne	.L262
 7263              	.L266:
1571:main.c        ****         {
1572:main.c        ****             /* wait for write complete and no error */
ARM GAS  C:\Users\ggg88\AppData\Local\Temp\ccfc1YkT.s 			page 158


1573:main.c        ****             do
1574:main.c        ****             {
1575:main.c        ****                 status = I2C_1_MasterStatus();
 7264              		.loc 1 1575 0
 7265 0048 FFF7FEFF 		bl	I2C_1_MasterStatus
 7266 004c 0346     		mov	r3, r0
 7267 004e FB73     		strb	r3, [r7, #15]
1576:main.c        ****                 timeout--;
 7268              		.loc 1 1576 0
 7269 0050 3B69     		ldr	r3, [r7, #16]
 7270 0052 013B     		subs	r3, r3, #1
 7271 0054 3B61     		str	r3, [r7, #16]
1577:main.c        ****                 if (status == I2C_1_MSTAT_ERR_XFER)
 7272              		.loc 1 1577 0
 7273 0056 FB7B     		ldrb	r3, [r7, #15]
 7274 0058 DBB2     		uxtb	r3, r3
 7275 005a 802B     		cmp	r3, #128
 7276 005c 03D1     		bne	.L263
1578:main.c        ****                 {
1579:main.c        ****                     I2C_reset();
 7277              		.loc 1 1579 0
 7278 005e FFF7FEFF 		bl	I2C_reset
1580:main.c        ****                     error = 1;
 7279              		.loc 1 1580 0
 7280 0062 0123     		movs	r3, #1
 7281 0064 FB75     		strb	r3, [r7, #23]
 7282              	.L263:
1581:main.c        ****                 }
1582:main.c        ****                 if (timeout == 0)
 7283              		.loc 1 1582 0
 7284 0066 3B69     		ldr	r3, [r7, #16]
 7285 0068 002B     		cmp	r3, #0
 7286 006a 05D1     		bne	.L264
1583:main.c        ****                 {
1584:main.c        ****                     status = I2C_1_MSTAT_ERR_XFER;
 7287              		.loc 1 1584 0
 7288 006c 8023     		movs	r3, #128
 7289 006e FB73     		strb	r3, [r7, #15]
1585:main.c        ****                     I2C_reset();
 7290              		.loc 1 1585 0
 7291 0070 FFF7FEFF 		bl	I2C_reset
1586:main.c        ****                     error = 1;
 7292              		.loc 1 1586 0
 7293 0074 0123     		movs	r3, #1
 7294 0076 FB75     		strb	r3, [r7, #23]
 7295              	.L264:
1587:main.c        ****                 }
1588:main.c        ****                 
1589:main.c        ****                 if (status == 0)
 7296              		.loc 1 1589 0
 7297 0078 FB7B     		ldrb	r3, [r7, #15]
 7298 007a DBB2     		uxtb	r3, r3
 7299 007c 002B     		cmp	r3, #0
 7300 007e 05D1     		bne	.L265
1590:main.c        ****                 {
1591:main.c        ****                     status = I2C_1_MSTAT_ERR_XFER;
 7301              		.loc 1 1591 0
ARM GAS  C:\Users\ggg88\AppData\Local\Temp\ccfc1YkT.s 			page 159


 7302 0080 8023     		movs	r3, #128
 7303 0082 FB73     		strb	r3, [r7, #15]
1592:main.c        ****                     I2C_reset();
 7304              		.loc 1 1592 0
 7305 0084 FFF7FEFF 		bl	I2C_reset
1593:main.c        ****                     error = 1;
 7306              		.loc 1 1593 0
 7307 0088 0123     		movs	r3, #1
 7308 008a FB75     		strb	r3, [r7, #23]
 7309              	.L265:
1594:main.c        ****                 }
1595:main.c        ****                 
1596:main.c        ****             } while(((status & (I2C_1_MSTAT_WR_CMPLT | I2C_1_MSTAT_ERR_XFER)) == 0u) && (status != 
 7310              		.loc 1 1596 0
 7311 008c FB7B     		ldrb	r3, [r7, #15]
 7312 008e DBB2     		uxtb	r3, r3
 7313 0090 03F08203 		and	r3, r3, #130
 7314 0094 002B     		cmp	r3, #0
 7315 0096 0DD1     		bne	.L261
 7316              		.loc 1 1596 0 is_stmt 0 discriminator 1
 7317 0098 FB7B     		ldrb	r3, [r7, #15]
 7318 009a DBB2     		uxtb	r3, r3
 7319 009c 002B     		cmp	r3, #0
 7320 009e 09D0     		beq	.L261
 7321              		.loc 1 1596 0 discriminator 2
 7322 00a0 3B69     		ldr	r3, [r7, #16]
 7323 00a2 002B     		cmp	r3, #0
 7324 00a4 D0D1     		bne	.L266
 7325 00a6 05E0     		b	.L261
 7326              	.L262:
1597:main.c        ****         }
1598:main.c        ****         else
1599:main.c        ****         {
1600:main.c        ****             /* translate from I2CM_MasterWriteBuf() error output to
1601:main.c        ****             *  I2CM_MasterStatus() error output */
1602:main.c        ****             status = I2C_1_MSTAT_ERR_XFER;
 7327              		.loc 1 1602 0 is_stmt 1
 7328 00a8 8023     		movs	r3, #128
 7329 00aa FB73     		strb	r3, [r7, #15]
1603:main.c        ****             I2C_reset();
 7330              		.loc 1 1603 0
 7331 00ac FFF7FEFF 		bl	I2C_reset
1604:main.c        ****             error = 1;
 7332              		.loc 1 1604 0
 7333 00b0 0123     		movs	r3, #1
 7334 00b2 FB75     		strb	r3, [r7, #23]
 7335              	.L261:
1605:main.c        ****         } 
1606:main.c        ****     }  
1607:main.c        ****     if ((status & I2C_1_MSTAT_ERR_ADDR_NAK) || (status & I2C_1_MSTAT_ERR_XFER))
 7336              		.loc 1 1607 0
 7337 00b4 FB7B     		ldrb	r3, [r7, #15]
 7338 00b6 DBB2     		uxtb	r3, r3
 7339 00b8 03F02003 		and	r3, r3, #32
 7340 00bc 002B     		cmp	r3, #0
 7341 00be 04D1     		bne	.L267
 7342              		.loc 1 1607 0 is_stmt 0 discriminator 1
ARM GAS  C:\Users\ggg88\AppData\Local\Temp\ccfc1YkT.s 			page 160


 7343 00c0 FB7B     		ldrb	r3, [r7, #15]
 7344 00c2 DBB2     		uxtb	r3, r3
 7345 00c4 5BB2     		sxtb	r3, r3
 7346 00c6 002B     		cmp	r3, #0
 7347 00c8 03DA     		bge	.L268
 7348              	.L267:
1608:main.c        ****     {
1609:main.c        ****         //mark that i2c destination to be skipped (likely unplugged) and reset the I2C module
1610:main.c        ****         //i2c_skipped[main_counter] = 1;
1611:main.c        ****         I2C_reset();
 7349              		.loc 1 1611 0 is_stmt 1
 7350 00ca FFF7FEFF 		bl	I2C_reset
1612:main.c        ****         error = 1;
 7351              		.loc 1 1612 0
 7352 00ce 0123     		movs	r3, #1
 7353 00d0 FB75     		strb	r3, [r7, #23]
 7354              	.L268:
1613:main.c        ****     }
1614:main.c        ****     return error;
 7355              		.loc 1 1614 0
 7356 00d2 FB7D     		ldrb	r3, [r7, #23]	@ zero_extendqisi2
1615:main.c        **** }
 7357              		.loc 1 1615 0
 7358 00d4 1846     		mov	r0, r3
 7359 00d6 1837     		adds	r7, r7, #24
 7360              		.cfi_def_cfa_offset 8
 7361 00d8 BD46     		mov	sp, r7
 7362              		.cfi_def_cfa_register 13
 7363              		@ sp needed
 7364 00da 80BD     		pop	{r7, pc}
 7365              	.L271:
 7366              		.align	2
 7367              	.L270:
 7368 00dc 00000000 		.word	I2Cbuff1
 7369              		.cfi_endproc
 7370              	.LFE78:
 7371              		.size	I2C_MasterWriteBlocking, .-I2C_MasterWriteBlocking
 7372              		.section	.text.I2C_MasterReadBlocking,"ax",%progbits
 7373              		.align	2
 7374              		.global	I2C_MasterReadBlocking
 7375              		.thumb
 7376              		.thumb_func
 7377              		.type	I2C_MasterReadBlocking, %function
 7378              	I2C_MasterReadBlocking:
 7379              	.LFB79:
1616:main.c        **** 
1617:main.c        **** uint8 I2C_MasterReadBlocking(uint8 i2CAddr, uint8 nbytes, uint8_t mode)
1618:main.c        **** {
 7380              		.loc 1 1618 0
 7381              		.cfi_startproc
 7382              		@ args = 0, pretend = 0, frame = 16
 7383              		@ frame_needed = 1, uses_anonymous_args = 0
 7384 0000 80B5     		push	{r7, lr}
 7385              		.cfi_def_cfa_offset 8
 7386              		.cfi_offset 7, -8
 7387              		.cfi_offset 14, -4
 7388 0002 84B0     		sub	sp, sp, #16
ARM GAS  C:\Users\ggg88\AppData\Local\Temp\ccfc1YkT.s 			page 161


 7389              		.cfi_def_cfa_offset 24
 7390 0004 00AF     		add	r7, sp, #0
 7391              		.cfi_def_cfa_register 7
 7392 0006 0346     		mov	r3, r0
 7393 0008 FB71     		strb	r3, [r7, #7]
 7394 000a 0B46     		mov	r3, r1
 7395 000c BB71     		strb	r3, [r7, #6]
 7396 000e 1346     		mov	r3, r2
 7397 0010 7B71     		strb	r3, [r7, #5]
1619:main.c        ****     uint8 volatile status;
1620:main.c        ****     uint32_t timeout = 50000;
 7398              		.loc 1 1620 0
 7399 0012 4CF25033 		movw	r3, #50000
 7400 0016 FB60     		str	r3, [r7, #12]
1621:main.c        ****     uint8_t error = 0;
 7401              		.loc 1 1621 0
 7402 0018 0023     		movs	r3, #0
 7403 001a FB72     		strb	r3, [r7, #11]
1622:main.c        ****     status = I2C_1_MasterClearStatus();
 7404              		.loc 1 1622 0
 7405 001c FFF7FEFF 		bl	I2C_1_MasterClearStatus
 7406 0020 0346     		mov	r3, r0
 7407 0022 BB72     		strb	r3, [r7, #10]
1623:main.c        ****     if(!(status & I2C_1_MSTAT_ERR_XFER))
 7408              		.loc 1 1623 0
 7409 0024 BB7A     		ldrb	r3, [r7, #10]
 7410 0026 DBB2     		uxtb	r3, r3
 7411 0028 5BB2     		sxtb	r3, r3
 7412 002a 002B     		cmp	r3, #0
 7413 002c 46DB     		blt	.L273
1624:main.c        ****     {
1625:main.c        ****         status = I2C_1_MasterReadBuf(i2CAddr,
 7414              		.loc 1 1625 0
 7415 002e 7B79     		ldrb	r3, [r7, #5]	@ zero_extendqisi2
 7416 0030 BA79     		ldrb	r2, [r7, #6]	@ zero_extendqisi2
 7417 0032 F879     		ldrb	r0, [r7, #7]	@ zero_extendqisi2
 7418 0034 2B49     		ldr	r1, .L282
 7419 0036 FFF7FEFF 		bl	I2C_1_MasterReadBuf
 7420 003a 0346     		mov	r3, r0
 7421 003c BB72     		strb	r3, [r7, #10]
1626:main.c        ****                                    (uint8 *)&(I2Cbuff2),
1627:main.c        ****                                     nbytes, mode); 
1628:main.c        ****         if(status == I2C_1_MSTR_NO_ERROR)
 7422              		.loc 1 1628 0
 7423 003e BB7A     		ldrb	r3, [r7, #10]
 7424 0040 DBB2     		uxtb	r3, r3
 7425 0042 002B     		cmp	r3, #0
 7426 0044 34D1     		bne	.L274
 7427              	.L278:
1629:main.c        ****         {
1630:main.c        ****             /* wait for read complete and no error */
1631:main.c        ****             do
1632:main.c        ****             {
1633:main.c        ****                 status = I2C_1_MasterStatus();
 7428              		.loc 1 1633 0
 7429 0046 FFF7FEFF 		bl	I2C_1_MasterStatus
 7430 004a 0346     		mov	r3, r0
ARM GAS  C:\Users\ggg88\AppData\Local\Temp\ccfc1YkT.s 			page 162


 7431 004c BB72     		strb	r3, [r7, #10]
1634:main.c        ****                 timeout--;
 7432              		.loc 1 1634 0
 7433 004e FB68     		ldr	r3, [r7, #12]
 7434 0050 013B     		subs	r3, r3, #1
 7435 0052 FB60     		str	r3, [r7, #12]
1635:main.c        ****                 if (status == I2C_1_MSTAT_ERR_XFER)
 7436              		.loc 1 1635 0
 7437 0054 BB7A     		ldrb	r3, [r7, #10]
 7438 0056 DBB2     		uxtb	r3, r3
 7439 0058 802B     		cmp	r3, #128
 7440 005a 12D1     		bne	.L275
1636:main.c        ****                 {
1637:main.c        ****                     I2C_1_GENERATE_STOP_MANUAL;
 7441              		.loc 1 1637 0
 7442 005c 224B     		ldr	r3, .L282+4
 7443 005e 5222     		movs	r2, #82
 7444 0060 1A70     		strb	r2, [r3]
 7445 0062 224B     		ldr	r3, .L282+8
 7446 0064 FF22     		movs	r2, #255
 7447 0066 1A70     		strb	r2, [r3]
 7448 0068 214B     		ldr	r3, .L282+12
 7449 006a 0022     		movs	r2, #0
 7450 006c 1A70     		strb	r2, [r3]
 7451 006e 00BF     		nop
 7452              	.L276:
 7453              		.loc 1 1637 0 is_stmt 0 discriminator 2
 7454 0070 1E4B     		ldr	r3, .L282+8
 7455 0072 1B78     		ldrb	r3, [r3]
 7456 0074 DBB2     		uxtb	r3, r3
 7457 0076 002B     		cmp	r3, #0
 7458 0078 FAD1     		bne	.L276
1638:main.c        ****                     I2C_reset();
 7459              		.loc 1 1638 0 is_stmt 1
 7460 007a FFF7FEFF 		bl	I2C_reset
1639:main.c        ****                     error = 1;
 7461              		.loc 1 1639 0
 7462 007e 0123     		movs	r3, #1
 7463 0080 FB72     		strb	r3, [r7, #11]
 7464              	.L275:
1640:main.c        ****                 }
1641:main.c        ****                 if (timeout == 0)
 7465              		.loc 1 1641 0
 7466 0082 FB68     		ldr	r3, [r7, #12]
 7467 0084 002B     		cmp	r3, #0
 7468 0086 05D1     		bne	.L277
1642:main.c        ****                 {
1643:main.c        ****                     status = I2C_1_MSTAT_ERR_XFER;
 7469              		.loc 1 1643 0
 7470 0088 8023     		movs	r3, #128
 7471 008a BB72     		strb	r3, [r7, #10]
1644:main.c        ****                     I2C_reset();
 7472              		.loc 1 1644 0
 7473 008c FFF7FEFF 		bl	I2C_reset
1645:main.c        ****                     error = 1;
 7474              		.loc 1 1645 0
 7475 0090 0123     		movs	r3, #1
ARM GAS  C:\Users\ggg88\AppData\Local\Temp\ccfc1YkT.s 			page 163


 7476 0092 FB72     		strb	r3, [r7, #11]
 7477              	.L277:
1646:main.c        ****                 }
1647:main.c        ****             } while(((status & (I2C_1_MSTAT_RD_CMPLT | I2C_1_MSTAT_ERR_XFER)) == 0u) && (status != 
 7478              		.loc 1 1647 0
 7479 0094 BB7A     		ldrb	r3, [r7, #10]
 7480 0096 DBB2     		uxtb	r3, r3
 7481 0098 03F08103 		and	r3, r3, #129
 7482 009c 002B     		cmp	r3, #0
 7483 009e 0DD1     		bne	.L273
 7484              		.loc 1 1647 0 is_stmt 0 discriminator 1
 7485 00a0 BB7A     		ldrb	r3, [r7, #10]
 7486 00a2 DBB2     		uxtb	r3, r3
 7487 00a4 002B     		cmp	r3, #0
 7488 00a6 09D0     		beq	.L273
 7489              		.loc 1 1647 0 discriminator 2
 7490 00a8 FB68     		ldr	r3, [r7, #12]
 7491 00aa 002B     		cmp	r3, #0
 7492 00ac CBD1     		bne	.L278
 7493 00ae 05E0     		b	.L273
 7494              	.L274:
1648:main.c        ****         }
1649:main.c        ****         else
1650:main.c        ****         {
1651:main.c        ****             /* translate from I2CM_MasterReadBuf() error output to
1652:main.c        ****             *  I2CM_MasterStatus() error output */
1653:main.c        ****             status = I2C_1_MSTAT_ERR_XFER;
 7495              		.loc 1 1653 0 is_stmt 1
 7496 00b0 8023     		movs	r3, #128
 7497 00b2 BB72     		strb	r3, [r7, #10]
1654:main.c        ****             I2C_reset();
 7498              		.loc 1 1654 0
 7499 00b4 FFF7FEFF 		bl	I2C_reset
1655:main.c        ****             error = 1;
 7500              		.loc 1 1655 0
 7501 00b8 0123     		movs	r3, #1
 7502 00ba FB72     		strb	r3, [r7, #11]
 7503              	.L273:
1656:main.c        ****         }
1657:main.c        ****     }
1658:main.c        ****     if ((status & I2C_1_MSTAT_ERR_ADDR_NAK) || (status & I2C_1_MSTAT_ERR_XFER))
 7504              		.loc 1 1658 0
 7505 00bc BB7A     		ldrb	r3, [r7, #10]
 7506 00be DBB2     		uxtb	r3, r3
 7507 00c0 03F02003 		and	r3, r3, #32
 7508 00c4 002B     		cmp	r3, #0
 7509 00c6 04D1     		bne	.L279
 7510              		.loc 1 1658 0 is_stmt 0 discriminator 1
 7511 00c8 BB7A     		ldrb	r3, [r7, #10]
 7512 00ca DBB2     		uxtb	r3, r3
 7513 00cc 5BB2     		sxtb	r3, r3
 7514 00ce 002B     		cmp	r3, #0
 7515 00d0 03DA     		bge	.L280
 7516              	.L279:
1659:main.c        ****     {
1660:main.c        ****         //mark that i2c destination to be skipped (likely unplugged) and reset the I2C module
1661:main.c        ****         //i2c_skipped[main_counter] = 1;
ARM GAS  C:\Users\ggg88\AppData\Local\Temp\ccfc1YkT.s 			page 164


1662:main.c        ****         I2C_reset();
 7517              		.loc 1 1662 0 is_stmt 1
 7518 00d2 FFF7FEFF 		bl	I2C_reset
1663:main.c        ****         error = 1;
 7519              		.loc 1 1663 0
 7520 00d6 0123     		movs	r3, #1
 7521 00d8 FB72     		strb	r3, [r7, #11]
 7522              	.L280:
1664:main.c        ****     }
1665:main.c        ****     return error;
 7523              		.loc 1 1665 0
 7524 00da FB7A     		ldrb	r3, [r7, #11]	@ zero_extendqisi2
1666:main.c        **** }
 7525              		.loc 1 1666 0
 7526 00dc 1846     		mov	r0, r3
 7527 00de 1037     		adds	r7, r7, #16
 7528              		.cfi_def_cfa_offset 8
 7529 00e0 BD46     		mov	sp, r7
 7530              		.cfi_def_cfa_register 13
 7531              		@ sp needed
 7532 00e2 80BD     		pop	{r7, pc}
 7533              	.L283:
 7534              		.align	2
 7535              	.L282:
 7536 00e4 00000000 		.word	I2Cbuff2
 7537 00e8 78640040 		.word	1073767544
 7538 00ec 18640040 		.word	1073767448
 7539 00f0 58640040 		.word	1073767512
 7540              		.cfi_endproc
 7541              	.LFE79:
 7542              		.size	I2C_MasterReadBlocking, .-I2C_MasterReadBlocking
 7543              		.section	.text.I2C_reset,"ax",%progbits
 7544              		.align	2
 7545              		.global	I2C_reset
 7546              		.thumb
 7547              		.thumb_func
 7548              		.type	I2C_reset, %function
 7549              	I2C_reset:
 7550              	.LFB80:
1667:main.c        **** 
1668:main.c        **** void I2C_reset(void)
1669:main.c        **** {
 7551              		.loc 1 1669 0
 7552              		.cfi_startproc
 7553              		@ args = 0, pretend = 0, frame = 0
 7554              		@ frame_needed = 1, uses_anonymous_args = 0
 7555 0000 80B5     		push	{r7, lr}
 7556              		.cfi_def_cfa_offset 8
 7557              		.cfi_offset 7, -8
 7558              		.cfi_offset 14, -4
 7559 0002 00AF     		add	r7, sp, #0
 7560              		.cfi_def_cfa_register 7
1670:main.c        ****   I2C_1_Stop();
 7561              		.loc 1 1670 0
 7562 0004 FFF7FEFF 		bl	I2C_1_Stop
1671:main.c        **** 
1672:main.c        ****   /* Disable/clear everything, then reinitialize. */
ARM GAS  C:\Users\ggg88\AppData\Local\Temp\ccfc1YkT.s 			page 165


1673:main.c        **** 
1674:main.c        ****   I2C_1_CFG_REG = 0x00;  // NECESSARY to get MCSR to reset and clear BUS_BUSY bit.
 7563              		.loc 1 1674 0
 7564 0008 044B     		ldr	r3, .L285
 7565 000a 0022     		movs	r2, #0
 7566 000c 1A70     		strb	r2, [r3]
1675:main.c        **** 
1676:main.c        ****   //I2C_1_XCFG_REG = 0x00;  // not sure if necessary.
1677:main.c        **** 
1678:main.c        ****   I2C_1_initVar = 0;  // MUST BE SET TO ZERO to allow I2C_1_Start() to call I2C_1_Init()
 7567              		.loc 1 1678 0
 7568 000e 044B     		ldr	r3, .L285+4
 7569 0010 0022     		movs	r2, #0
 7570 0012 1A70     		strb	r2, [r3]
1679:main.c        **** 
1680:main.c        ****   I2C_1_Start();
 7571              		.loc 1 1680 0
 7572 0014 FFF7FEFF 		bl	I2C_1_Start
1681:main.c        **** }
 7573              		.loc 1 1681 0
 7574 0018 00BF     		nop
 7575 001a 80BD     		pop	{r7, pc}
 7576              	.L286:
 7577              		.align	2
 7578              	.L285:
 7579 001c 78640040 		.word	1073767544
 7580 0020 00000000 		.word	I2C_1_initVar
 7581              		.cfi_endproc
 7582              	.LFE80:
 7583              		.size	I2C_reset, .-I2C_reset
 7584              		.section	.text.checkUSB_Vbus,"ax",%progbits
 7585              		.align	2
 7586              		.global	checkUSB_Vbus
 7587              		.thumb
 7588              		.thumb_func
 7589              		.type	checkUSB_Vbus, %function
 7590              	checkUSB_Vbus:
 7591              	.LFB81:
1682:main.c        **** 
1683:main.c        **** 
1684:main.c        ****     
1685:main.c        **** void checkUSB_Vbus(void)
1686:main.c        **** {
 7592              		.loc 1 1686 0
 7593              		.cfi_startproc
 7594              		@ args = 0, pretend = 0, frame = 0
 7595              		@ frame_needed = 1, uses_anonymous_args = 0
 7596 0000 80B5     		push	{r7, lr}
 7597              		.cfi_def_cfa_offset 8
 7598              		.cfi_offset 7, -8
 7599              		.cfi_offset 14, -4
 7600 0002 00AF     		add	r7, sp, #0
 7601              		.cfi_def_cfa_register 7
1687:main.c        ****    if (USB_VBusPresent() == 0)
 7602              		.loc 1 1687 0
 7603 0004 FFF7FEFF 		bl	USB_VBusPresent
 7604 0008 0346     		mov	r3, r0
ARM GAS  C:\Users\ggg88\AppData\Local\Temp\ccfc1YkT.s 			page 166


 7605 000a 002B     		cmp	r3, #0
 7606 000c 05D1     		bne	.L288
1688:main.c        ****    {
1689:main.c        ****        USB_Stop();
 7607              		.loc 1 1689 0
 7608 000e FFF7FEFF 		bl	USB_Stop
1690:main.c        ****        USB_active = 0; 
 7609              		.loc 1 1690 0
 7610 0012 0E4B     		ldr	r3, .L291
 7611 0014 0022     		movs	r2, #0
 7612 0016 1A70     		strb	r2, [r3]
 7613 0018 13E0     		b	.L289
 7614              	.L288:
1691:main.c        ****    }
1692:main.c        ****    else if (USB_active == 0 )
 7615              		.loc 1 1692 0
 7616 001a 0C4B     		ldr	r3, .L291
 7617 001c 1B78     		ldrb	r3, [r3]
 7618 001e DBB2     		uxtb	r3, r3
 7619 0020 002B     		cmp	r3, #0
 7620 0022 0ED1     		bne	.L289
1693:main.c        ****    {
1694:main.c        ****        USB_Start(0u, USB_3V_OPERATION ); 
 7621              		.loc 1 1694 0
 7622 0024 0021     		movs	r1, #0
 7623 0026 0020     		movs	r0, #0
 7624 0028 FFF7FEFF 		bl	USB_Start
1695:main.c        ****         while (0u == USB_GetConfiguration());
 7625              		.loc 1 1695 0
 7626 002c 00BF     		nop
 7627              	.L290:
 7628              		.loc 1 1695 0 is_stmt 0 discriminator 1
 7629 002e FFF7FEFF 		bl	USB_GetConfiguration
 7630 0032 0346     		mov	r3, r0
 7631 0034 002B     		cmp	r3, #0
 7632 0036 FAD0     		beq	.L290
1696:main.c        ****         USB_MIDI_EP_Init();
 7633              		.loc 1 1696 0 is_stmt 1
 7634 0038 FFF7FEFF 		bl	USB_MIDI_Init
1697:main.c        ****        USB_active = 1;
 7635              		.loc 1 1697 0
 7636 003c 034B     		ldr	r3, .L291
 7637 003e 0122     		movs	r2, #1
 7638 0040 1A70     		strb	r2, [r3]
 7639              	.L289:
1698:main.c        ****    }
1699:main.c        ****    USB_check_flag = 0;
 7640              		.loc 1 1699 0
 7641 0042 034B     		ldr	r3, .L291+4
 7642 0044 0022     		movs	r2, #0
 7643 0046 1A70     		strb	r2, [r3]
1700:main.c        **** }
 7644              		.loc 1 1700 0
 7645 0048 00BF     		nop
 7646 004a 80BD     		pop	{r7, pc}
 7647              	.L292:
 7648              		.align	2
ARM GAS  C:\Users\ggg88\AppData\Local\Temp\ccfc1YkT.s 			page 167


 7649              	.L291:
 7650 004c 00000000 		.word	USB_active
 7651 0050 00000000 		.word	USB_check_flag
 7652              		.cfi_endproc
 7653              	.LFE81:
 7654              		.size	checkUSB_Vbus, .-checkUSB_Vbus
 7655              		.section	.text.USB_service,"ax",%progbits
 7656              		.align	2
 7657              		.global	USB_service
 7658              		.thumb
 7659              		.thumb_func
 7660              		.type	USB_service, %function
 7661              	USB_service:
 7662              	.LFB82:
1701:main.c        **** 
1702:main.c        **** 
1703:main.c        **** 
1704:main.c        **** void USB_service(void)
1705:main.c        **** {
 7663              		.loc 1 1705 0
 7664              		.cfi_startproc
 7665              		@ args = 0, pretend = 0, frame = 0
 7666              		@ frame_needed = 1, uses_anonymous_args = 0
 7667 0000 80B5     		push	{r7, lr}
 7668              		.cfi_def_cfa_offset 8
 7669              		.cfi_offset 7, -8
 7670              		.cfi_offset 14, -4
 7671 0002 00AF     		add	r7, sp, #0
 7672              		.cfi_def_cfa_register 7
1706:main.c        ****     if(USB_IsConfigurationChanged() != 0u)
 7673              		.loc 1 1706 0
 7674 0004 FFF7FEFF 		bl	USB_IsConfigurationChanged
 7675 0008 0346     		mov	r3, r0
 7676 000a 002B     		cmp	r3, #0
 7677 000c 10D0     		beq	.L294
1707:main.c        ****     {
1708:main.c        ****         if(USB_GetConfiguration() != 0u)   
 7678              		.loc 1 1708 0
 7679 000e FFF7FEFF 		bl	USB_GetConfiguration
 7680 0012 0346     		mov	r3, r0
 7681 0014 002B     		cmp	r3, #0
 7682 0016 0BD0     		beq	.L294
1709:main.c        ****         {
1710:main.c        ****            // Sleep_isr_StartEx(SleepIsr_function);
1711:main.c        ****             
1712:main.c        ****             //SleepTimer_Start();
1713:main.c        ****         	
1714:main.c        ****             if ((USB_active) && (USB_VBusPresent()))
 7683              		.loc 1 1714 0
 7684 0018 244B     		ldr	r3, .L300
 7685 001a 1B78     		ldrb	r3, [r3]
 7686 001c DBB2     		uxtb	r3, r3
 7687 001e 002B     		cmp	r3, #0
 7688 0020 06D0     		beq	.L294
 7689              		.loc 1 1714 0 is_stmt 0 discriminator 1
 7690 0022 FFF7FEFF 		bl	USB_VBusPresent
 7691 0026 0346     		mov	r3, r0
ARM GAS  C:\Users\ggg88\AppData\Local\Temp\ccfc1YkT.s 			page 168


 7692 0028 002B     		cmp	r3, #0
 7693 002a 01D0     		beq	.L294
1715:main.c        ****             {
1716:main.c        ****                 USB_MIDI_EP_Init();
 7694              		.loc 1 1716 0 is_stmt 1
 7695 002c FFF7FEFF 		bl	USB_MIDI_Init
 7696              	.L294:
1717:main.c        ****             }
1718:main.c        ****         }
1719:main.c        ****         else
1720:main.c        ****         {
1721:main.c        ****             //SleepTimer_Stop();
1722:main.c        ****         }    
1723:main.c        ****     }        
1724:main.c        ****     
1725:main.c        ****     if(USB_GetConfiguration() != 0u)    
 7697              		.loc 1 1725 0
 7698 0030 FFF7FEFF 		bl	USB_GetConfiguration
 7699 0034 0346     		mov	r3, r0
 7700 0036 002B     		cmp	r3, #0
 7701 0038 35D0     		beq	.L299
1726:main.c        ****     {
1727:main.c        **** 
1728:main.c        ****          /* Reinitialize after SET_CONFIGURATION or SET_INTERFACE Requests */
1729:main.c        ****         if(USB_IsConfigurationChanged() != 0x00)
 7702              		.loc 1 1729 0
 7703 003a FFF7FEFF 		bl	USB_IsConfigurationChanged
 7704 003e 0346     		mov	r3, r0
 7705 0040 002B     		cmp	r3, #0
 7706 0042 18D0     		beq	.L297
1730:main.c        ****         {
1731:main.c        ****             USB_LoadInEP(USB_midi_in_ep, USB_midiInBuffer,(uint16) USB_midiInPointer);
 7707              		.loc 1 1731 0
 7708 0044 1A4B     		ldr	r3, .L300+4
 7709 0046 1B78     		ldrb	r3, [r3]
 7710 0048 D8B2     		uxtb	r0, r3
 7711 004a 1A4B     		ldr	r3, .L300+8
 7712 004c 1B78     		ldrb	r3, [r3]
 7713 004e DBB2     		uxtb	r3, r3
 7714 0050 9BB2     		uxth	r3, r3
 7715 0052 1A46     		mov	r2, r3
 7716 0054 1849     		ldr	r1, .L300+12
 7717 0056 FFF7FEFF 		bl	USB_LoadInEP
1732:main.c        ****             //USB_LoadInEP(USB_midi_in_ep, USB_midiInBuffer, 64);
1733:main.c        ****             USB_ReadOutEP(USB_midi_out_ep,USB_midiOutBuffer, 64);
 7718              		.loc 1 1733 0
 7719 005a 184B     		ldr	r3, .L300+16
 7720 005c 1B78     		ldrb	r3, [r3]
 7721 005e DBB2     		uxtb	r3, r3
 7722 0060 4022     		movs	r2, #64
 7723 0062 1749     		ldr	r1, .L300+20
 7724 0064 1846     		mov	r0, r3
 7725 0066 FFF7FEFF 		bl	USB_ReadOutEP
1734:main.c        ****                                              /* configuring the DMAs for the first time only, the d
1735:main.c        ****                                              in the EP buffer is Transferred by DMA to the buffer a
1736:main.c        ****             USB_EnableOutEP(USB_midi_out_ep);       /* Note 3.*/
 7726              		.loc 1 1736 0
ARM GAS  C:\Users\ggg88\AppData\Local\Temp\ccfc1YkT.s 			page 169


 7727 006a 144B     		ldr	r3, .L300+16
 7728 006c 1B78     		ldrb	r3, [r3]
 7729 006e DBB2     		uxtb	r3, r3
 7730 0070 1846     		mov	r0, r3
 7731 0072 FFF7FEFF 		bl	USB_EnableOutEP
 7732              	.L297:
1737:main.c        ****         }
1738:main.c        ****         if ((USB_active) && (USB_VBusPresent()))
 7733              		.loc 1 1738 0
 7734 0076 0D4B     		ldr	r3, .L300
 7735 0078 1B78     		ldrb	r3, [r3]
 7736 007a DBB2     		uxtb	r3, r3
 7737 007c 002B     		cmp	r3, #0
 7738 007e 06D0     		beq	.L298
 7739              		.loc 1 1738 0 is_stmt 0 discriminator 1
 7740 0080 FFF7FEFF 		bl	USB_VBusPresent
 7741 0084 0346     		mov	r3, r0
 7742 0086 002B     		cmp	r3, #0
 7743 0088 01D0     		beq	.L298
1739:main.c        ****         {
1740:main.c        ****             USB_MIDI_IN_Service();
 7744              		.loc 1 1740 0 is_stmt 1
 7745 008a FFF7FEFF 		bl	USB_MIDI_IN_Service
 7746              	.L298:
1741:main.c        ****         }
1742:main.c        **** 
1743:main.c        **** 
1744:main.c        **** 
1745:main.c        ****         if ((USB_active) && (USB_VBusPresent()))
 7747              		.loc 1 1745 0
 7748 008e 074B     		ldr	r3, .L300
 7749 0090 1B78     		ldrb	r3, [r3]
 7750 0092 DBB2     		uxtb	r3, r3
 7751 0094 002B     		cmp	r3, #0
 7752 0096 06D0     		beq	.L299
 7753              		.loc 1 1745 0 is_stmt 0 discriminator 1
 7754 0098 FFF7FEFF 		bl	USB_VBusPresent
 7755 009c 0346     		mov	r3, r0
 7756 009e 002B     		cmp	r3, #0
 7757 00a0 01D0     		beq	.L299
1746:main.c        ****         {
1747:main.c        ****             USB_MIDI_OUT_Service();
 7758              		.loc 1 1747 0 is_stmt 1
 7759 00a2 FFF7FEFF 		bl	USB_MIDI_OUT_Service
 7760              	.L299:
1748:main.c        ****         }
1749:main.c        ****     }
1750:main.c        ****         
1751:main.c        **** }
 7761              		.loc 1 1751 0
 7762 00a6 00BF     		nop
 7763 00a8 80BD     		pop	{r7, pc}
 7764              	.L301:
 7765 00aa 00BF     		.align	2
 7766              	.L300:
 7767 00ac 00000000 		.word	USB_active
 7768 00b0 00000000 		.word	USB_midi_in_ep
ARM GAS  C:\Users\ggg88\AppData\Local\Temp\ccfc1YkT.s 			page 170


 7769 00b4 00000000 		.word	USB_midiInPointer
 7770 00b8 00000000 		.word	USB_midiInBuffer
 7771 00bc 00000000 		.word	USB_midi_out_ep
 7772 00c0 00000000 		.word	USB_midiOutBuffer
 7773              		.cfi_endproc
 7774              	.LFE82:
 7775              		.size	USB_service, .-USB_service
 7776              		.section	.text.log2f_approx,"ax",%progbits
 7777              		.align	2
 7778              		.global	log2f_approx
 7779              		.thumb
 7780              		.thumb_func
 7781              		.type	log2f_approx, %function
 7782              	log2f_approx:
 7783              	.LFB83:
1752:main.c        **** 
1753:main.c        **** // This is a fast approximation to log2()
1754:main.c        **** // Y = C[0]*F*F*F + C[1]*F*F + C[2]*F + C[3] + E;
1755:main.c        **** float log2f_approx(float X) {
 7784              		.loc 1 1755 0
 7785              		.cfi_startproc
 7786              		@ args = 0, pretend = 0, frame = 24
 7787              		@ frame_needed = 1, uses_anonymous_args = 0
 7788 0000 80B5     		push	{r7, lr}
 7789              		.cfi_def_cfa_offset 8
 7790              		.cfi_offset 7, -8
 7791              		.cfi_offset 14, -4
 7792 0002 86B0     		sub	sp, sp, #24
 7793              		.cfi_def_cfa_offset 32
 7794 0004 00AF     		add	r7, sp, #0
 7795              		.cfi_def_cfa_register 7
 7796 0006 7860     		str	r0, [r7, #4]	@ float
1756:main.c        ****   float Y, F;
1757:main.c        ****   int E;
1758:main.c        ****   F = frexpf(fabsf(X), &E);
 7797              		.loc 1 1758 0
 7798 0008 7B68     		ldr	r3, [r7, #4]
 7799 000a 23F00043 		bic	r3, r3, #-2147483648
 7800 000e 07F10C02 		add	r2, r7, #12
 7801 0012 1146     		mov	r1, r2
 7802 0014 1846     		mov	r0, r3
 7803 0016 FFF7FEFF 		bl	frexpf
 7804 001a 7861     		str	r0, [r7, #20]	@ float
1759:main.c        ****   Y = 1.23149591368684f;
 7805              		.loc 1 1759 0
 7806 001c 1A4B     		ldr	r3, .L304
 7807 001e 3B61     		str	r3, [r7, #16]	@ float
1760:main.c        ****   Y *= F;
 7808              		.loc 1 1760 0
 7809 0020 7969     		ldr	r1, [r7, #20]	@ float
 7810 0022 3869     		ldr	r0, [r7, #16]	@ float
 7811 0024 FFF7FEFF 		bl	__aeabi_fmul
 7812 0028 0346     		mov	r3, r0
 7813 002a 3B61     		str	r3, [r7, #16]	@ float
1761:main.c        ****   Y += -4.11852516267426f;
 7814              		.loc 1 1761 0
 7815 002c 1749     		ldr	r1, .L304+4
ARM GAS  C:\Users\ggg88\AppData\Local\Temp\ccfc1YkT.s 			page 171


 7816 002e 3869     		ldr	r0, [r7, #16]	@ float
 7817 0030 FFF7FEFF 		bl	__aeabi_fsub
 7818 0034 0346     		mov	r3, r0
 7819 0036 3B61     		str	r3, [r7, #16]	@ float
1762:main.c        ****   Y *= F;
 7820              		.loc 1 1762 0
 7821 0038 7969     		ldr	r1, [r7, #20]	@ float
 7822 003a 3869     		ldr	r0, [r7, #16]	@ float
 7823 003c FFF7FEFF 		bl	__aeabi_fmul
 7824 0040 0346     		mov	r3, r0
 7825 0042 3B61     		str	r3, [r7, #16]	@ float
1763:main.c        ****   Y += 6.02197014179219f;
 7826              		.loc 1 1763 0
 7827 0044 1249     		ldr	r1, .L304+8
 7828 0046 3869     		ldr	r0, [r7, #16]	@ float
 7829 0048 FFF7FEFF 		bl	__aeabi_fadd
 7830 004c 0346     		mov	r3, r0
 7831 004e 3B61     		str	r3, [r7, #16]	@ float
1764:main.c        ****   Y *= F;
 7832              		.loc 1 1764 0
 7833 0050 7969     		ldr	r1, [r7, #20]	@ float
 7834 0052 3869     		ldr	r0, [r7, #16]	@ float
 7835 0054 FFF7FEFF 		bl	__aeabi_fmul
 7836 0058 0346     		mov	r3, r0
 7837 005a 3B61     		str	r3, [r7, #16]	@ float
1765:main.c        ****   Y += -3.13396450166353f;
 7838              		.loc 1 1765 0
 7839 005c 0D49     		ldr	r1, .L304+12
 7840 005e 3869     		ldr	r0, [r7, #16]	@ float
 7841 0060 FFF7FEFF 		bl	__aeabi_fsub
 7842 0064 0346     		mov	r3, r0
 7843 0066 3B61     		str	r3, [r7, #16]	@ float
1766:main.c        ****   Y += E;
 7844              		.loc 1 1766 0
 7845 0068 FB68     		ldr	r3, [r7, #12]
 7846 006a 1846     		mov	r0, r3
 7847 006c FFF7FEFF 		bl	__aeabi_i2f
 7848 0070 0346     		mov	r3, r0
 7849 0072 1946     		mov	r1, r3
 7850 0074 3869     		ldr	r0, [r7, #16]	@ float
 7851 0076 FFF7FEFF 		bl	__aeabi_fadd
 7852 007a 0346     		mov	r3, r0
 7853 007c 3B61     		str	r3, [r7, #16]	@ float
1767:main.c        ****   return(Y);
 7854              		.loc 1 1767 0
 7855 007e 3B69     		ldr	r3, [r7, #16]	@ float
1768:main.c        **** }
 7856              		.loc 1 1768 0
 7857 0080 1846     		mov	r0, r3
 7858 0082 1837     		adds	r7, r7, #24
 7859              		.cfi_def_cfa_offset 8
 7860 0084 BD46     		mov	sp, r7
 7861              		.cfi_def_cfa_register 13
 7862              		@ sp needed
 7863 0086 80BD     		pop	{r7, pc}
 7864              	.L305:
 7865              		.align	2
ARM GAS  C:\Users\ggg88\AppData\Local\Temp\ccfc1YkT.s 			page 172


 7866              	.L304:
 7867 0088 A8A19D3F 		.word	1067295144
 7868 008c F5CA8340 		.word	1082378997
 7869 0090 FBB3C040 		.word	1086370811
 7870 0094 E0924840 		.word	1078498016
 7871              		.cfi_endproc
 7872              	.LFE83:
 7873              		.size	log2f_approx, .-log2f_approx
 7874              		.global	prevNotes
 7875              		.bss
 7876              		.align	2
 7877              		.type	prevNotes, %object
 7878              		.size	prevNotes, 48
 7879              	prevNotes:
 7880 00e8 00000000 		.space	48
 7880      00000000 
 7880      00000000 
 7880      00000000 
 7880      00000000 
 7881              		.section	.text.noteEvent,"ax",%progbits
 7882              		.align	2
 7883              		.global	noteEvent
 7884              		.thumb
 7885              		.thumb_func
 7886              		.type	noteEvent, %function
 7887              	noteEvent:
 7888              	.LFB84:
1769:main.c        **** 
1770:main.c        **** 
1771:main.c        **** 
1772:main.c        **** int prevNotes[NUM_STRINGS] = {0,0,0,0,0,0,0,0,0,0,0,0};
1773:main.c        **** 
1774:main.c        **** void noteEvent(int string)
1775:main.c        **** {
 7889              		.loc 1 1775 0
 7890              		.cfi_startproc
 7891              		@ args = 0, pretend = 0, frame = 24
 7892              		@ frame_needed = 1, uses_anonymous_args = 0
 7893 0000 80B5     		push	{r7, lr}
 7894              		.cfi_def_cfa_offset 8
 7895              		.cfi_offset 7, -8
 7896              		.cfi_offset 14, -4
 7897 0002 86B0     		sub	sp, sp, #24
 7898              		.cfi_def_cfa_offset 32
 7899 0004 00AF     		add	r7, sp, #0
 7900              		.cfi_def_cfa_register 7
 7901 0006 7860     		str	r0, [r7, #4]
1776:main.c        ****     
1777:main.c        ****     /*
1778:main.c        ****     float tempAmp = strings[string] * 1.5259021896696421759365224689097e-5f;//divide by 65535
1779:main.c        ****     float v = 127.0f + (64.0f * log10f_fast(tempAmp));
1780:main.c        ****     int vInt  = (int) (v*4.0f);
1781:main.c        ****     if (vInt > 127)
1782:main.c        ****     {
1783:main.c        ****         vInt = 127;
1784:main.c        ****     }
1785:main.c        ****     */
ARM GAS  C:\Users\ggg88\AppData\Local\Temp\ccfc1YkT.s 			page 173


1786:main.c        ****     uint16_t velocity = strings[string];
 7902              		.loc 1 1786 0
 7903 0008 2C4A     		ldr	r2, .L311
 7904 000a 7B68     		ldr	r3, [r7, #4]
 7905 000c 32F81330 		ldrh	r3, [r2, r3, lsl #1]	@ movhi
 7906 0010 FB82     		strh	r3, [r7, #22]	@ movhi
1787:main.c        ****     if (velocity > 0)
 7907              		.loc 1 1787 0
 7908 0012 FB8A     		ldrh	r3, [r7, #22]
 7909 0014 002B     		cmp	r3, #0
 7910 0016 43D0     		beq	.L307
 7911              	.LBB55:
1788:main.c        ****     {
1789:main.c        ****         //velocity = (((sqrtf((float)velocity) * 0.00001525878903f) - .0239372430f) * 130.114584436
1790:main.c        ****         float tempVel = (float)velocity;
 7912              		.loc 1 1790 0
 7913 0018 FB8A     		ldrh	r3, [r7, #22]
 7914 001a 1846     		mov	r0, r3
 7915 001c FFF7FEFF 		bl	__aeabi_ui2f
 7916 0020 0346     		mov	r3, r0
 7917 0022 3B61     		str	r3, [r7, #16]	@ float
1791:main.c        ****         tempVel = tempVel * 0.00001525878903f;
 7918              		.loc 1 1791 0
 7919 0024 4FF05E51 		mov	r1, #931135488
 7920 0028 3869     		ldr	r0, [r7, #16]	@ float
 7921 002a FFF7FEFF 		bl	__aeabi_fmul
 7922 002e 0346     		mov	r3, r0
 7923 0030 3B61     		str	r3, [r7, #16]	@ float
1792:main.c        ****         tempVel = sqrtf(tempVel);
 7924              		.loc 1 1792 0
 7925 0032 3869     		ldr	r0, [r7, #16]	@ float
 7926 0034 FFF7FEFF 		bl	sqrtf
 7927 0038 3861     		str	r0, [r7, #16]	@ float
1793:main.c        ****         tempVel = tempVel - 0.0239372430f;
 7928              		.loc 1 1793 0
 7929 003a 2149     		ldr	r1, .L311+4
 7930 003c 3869     		ldr	r0, [r7, #16]	@ float
 7931 003e FFF7FEFF 		bl	__aeabi_fsub
 7932 0042 0346     		mov	r3, r0
 7933 0044 3B61     		str	r3, [r7, #16]	@ float
1794:main.c        ****         tempVel = tempVel * 130.114584436252734f;
 7934              		.loc 1 1794 0
 7935 0046 1F49     		ldr	r1, .L311+8
 7936 0048 3869     		ldr	r0, [r7, #16]	@ float
 7937 004a FFF7FEFF 		bl	__aeabi_fmul
 7938 004e 0346     		mov	r3, r0
 7939 0050 3B61     		str	r3, [r7, #16]	@ float
1795:main.c        ****         velocity = (int)tempVel;
 7940              		.loc 1 1795 0
 7941 0052 3869     		ldr	r0, [r7, #16]	@ float
 7942 0054 FFF7FEFF 		bl	__aeabi_f2iz
 7943 0058 0346     		mov	r3, r0
 7944 005a FB82     		strh	r3, [r7, #22]	@ movhi
1796:main.c        ****         
1797:main.c        **** 
1798:main.c        ****         if (velocity > 127)
 7945              		.loc 1 1798 0
ARM GAS  C:\Users\ggg88\AppData\Local\Temp\ccfc1YkT.s 			page 174


 7946 005c FB8A     		ldrh	r3, [r7, #22]
 7947 005e 7F2B     		cmp	r3, #127
 7948 0060 01D9     		bls	.L308
1799:main.c        ****         {
1800:main.c        ****             velocity = 127;
 7949              		.loc 1 1800 0
 7950 0062 7F23     		movs	r3, #127
 7951 0064 FB82     		strh	r3, [r7, #22]	@ movhi
 7952              	.L308:
1801:main.c        ****         }
1802:main.c        ****         
1803:main.c        ****         //only update octave on note-ons
1804:main.c        ****         //stringOctave[string] = powf(2.0f,octave);
1805:main.c        ****         int noteToSend = ((octave - 5) * 12) + openStringMIDI_Int[string];
 7953              		.loc 1 1805 0
 7954 0066 184B     		ldr	r3, .L311+12
 7955 0068 1B68     		ldr	r3, [r3]
 7956 006a 5A1F     		subs	r2, r3, #5
 7957 006c 1346     		mov	r3, r2
 7958 006e 5B00     		lsls	r3, r3, #1
 7959 0070 1344     		add	r3, r3, r2
 7960 0072 9B00     		lsls	r3, r3, #2
 7961 0074 1946     		mov	r1, r3
 7962 0076 154A     		ldr	r2, .L311+16
 7963 0078 7B68     		ldr	r3, [r7, #4]
 7964 007a 52F82330 		ldr	r3, [r2, r3, lsl #2]
 7965 007e 0B44     		add	r3, r3, r1
 7966 0080 FB60     		str	r3, [r7, #12]
1806:main.c        ****         sendMIDINoteOn(noteToSend , ((uint8_t)velocity), string+1);
 7967              		.loc 1 1806 0
 7968 0082 FB8A     		ldrh	r3, [r7, #22]	@ movhi
 7969 0084 DBB2     		uxtb	r3, r3
 7970 0086 1946     		mov	r1, r3
 7971 0088 7B68     		ldr	r3, [r7, #4]
 7972 008a 0133     		adds	r3, r3, #1
 7973 008c 1A46     		mov	r2, r3
 7974 008e F868     		ldr	r0, [r7, #12]
 7975 0090 FFF7FEFF 		bl	sendMIDINoteOn
1807:main.c        ****         prevNotes[string] = noteToSend;
 7976              		.loc 1 1807 0
 7977 0094 0E49     		ldr	r1, .L311+20
 7978 0096 7B68     		ldr	r3, [r7, #4]
 7979 0098 FA68     		ldr	r2, [r7, #12]
 7980 009a 41F82320 		str	r2, [r1, r3, lsl #2]
 7981              	.LBE55:
1808:main.c        ****             
1809:main.c        ****     }
1810:main.c        ****     else
1811:main.c        ****     {
1812:main.c        ****         sendMIDINoteOn(prevNotes[string], 0, string+1);
1813:main.c        ****     }
1814:main.c        **** 
1815:main.c        **** }
 7982              		.loc 1 1815 0
 7983 009e 09E0     		b	.L310
 7984              	.L307:
1812:main.c        ****     }
ARM GAS  C:\Users\ggg88\AppData\Local\Temp\ccfc1YkT.s 			page 175


 7985              		.loc 1 1812 0
 7986 00a0 0B4A     		ldr	r2, .L311+20
 7987 00a2 7B68     		ldr	r3, [r7, #4]
 7988 00a4 52F82300 		ldr	r0, [r2, r3, lsl #2]
 7989 00a8 7B68     		ldr	r3, [r7, #4]
 7990 00aa 0133     		adds	r3, r3, #1
 7991 00ac 1A46     		mov	r2, r3
 7992 00ae 0021     		movs	r1, #0
 7993 00b0 FFF7FEFF 		bl	sendMIDINoteOn
 7994              	.L310:
 7995              		.loc 1 1815 0
 7996 00b4 00BF     		nop
 7997 00b6 1837     		adds	r7, r7, #24
 7998              		.cfi_def_cfa_offset 8
 7999 00b8 BD46     		mov	sp, r7
 8000              		.cfi_def_cfa_register 13
 8001              		@ sp needed
 8002 00ba 80BD     		pop	{r7, pc}
 8003              	.L312:
 8004              		.align	2
 8005              	.L311:
 8006 00bc 00000000 		.word	strings
 8007 00c0 0918C43C 		.word	1019484169
 8008 00c4 551D0243 		.word	1124212053
 8009 00c8 00000000 		.word	octave
 8010 00cc 00000000 		.word	openStringMIDI_Int
 8011 00d0 00000000 		.word	prevNotes
 8012              		.cfi_endproc
 8013              	.LFE84:
 8014              		.size	noteEvent, .-noteEvent
 8015              		.section	.text.CCEvent,"ax",%progbits
 8016              		.align	2
 8017              		.global	CCEvent
 8018              		.thumb
 8019              		.thumb_func
 8020              		.type	CCEvent, %function
 8021              	CCEvent:
 8022              	.LFB85:
1816:main.c        **** 
1817:main.c        **** void CCEvent(int cc, int val)
1818:main.c        **** {
 8023              		.loc 1 1818 0
 8024              		.cfi_startproc
 8025              		@ args = 0, pretend = 0, frame = 8
 8026              		@ frame_needed = 1, uses_anonymous_args = 0
 8027 0000 80B5     		push	{r7, lr}
 8028              		.cfi_def_cfa_offset 8
 8029              		.cfi_offset 7, -8
 8030              		.cfi_offset 14, -4
 8031 0002 82B0     		sub	sp, sp, #8
 8032              		.cfi_def_cfa_offset 16
 8033 0004 00AF     		add	r7, sp, #0
 8034              		.cfi_def_cfa_register 7
 8035 0006 7860     		str	r0, [r7, #4]
 8036 0008 3960     		str	r1, [r7]
1819:main.c        ****     
1820:main.c        ****     sendMIDIControlChange(cc, val, 0);
ARM GAS  C:\Users\ggg88\AppData\Local\Temp\ccfc1YkT.s 			page 176


 8037              		.loc 1 1820 0
 8038 000a 0022     		movs	r2, #0
 8039 000c 3968     		ldr	r1, [r7]
 8040 000e 7868     		ldr	r0, [r7, #4]
 8041 0010 FFF7FEFF 		bl	sendMIDIControlChange
1821:main.c        **** }
 8042              		.loc 1 1821 0
 8043 0014 00BF     		nop
 8044 0016 0837     		adds	r7, r7, #8
 8045              		.cfi_def_cfa_offset 8
 8046 0018 BD46     		mov	sp, r7
 8047              		.cfi_def_cfa_register 13
 8048              		@ sp needed
 8049 001a 80BD     		pop	{r7, pc}
 8050              		.cfi_endproc
 8051              	.LFE85:
 8052              		.size	CCEvent, .-CCEvent
 8053              		.section	.text.sendMIDINoteOn,"ax",%progbits
 8054              		.align	2
 8055              		.global	sendMIDINoteOn
 8056              		.thumb
 8057              		.thumb_func
 8058              		.type	sendMIDINoteOn, %function
 8059              	sendMIDINoteOn:
 8060              	.LFB86:
1822:main.c        **** 
1823:main.c        **** void sendMIDINoteOn(int MIDInoteNum, int velocity, int channel)
1824:main.c        **** {  
 8061              		.loc 1 1824 0
 8062              		.cfi_startproc
 8063              		@ args = 0, pretend = 0, frame = 16
 8064              		@ frame_needed = 1, uses_anonymous_args = 0
 8065 0000 80B5     		push	{r7, lr}
 8066              		.cfi_def_cfa_offset 8
 8067              		.cfi_offset 7, -8
 8068              		.cfi_offset 14, -4
 8069 0002 84B0     		sub	sp, sp, #16
 8070              		.cfi_def_cfa_offset 24
 8071 0004 00AF     		add	r7, sp, #0
 8072              		.cfi_def_cfa_register 7
 8073 0006 F860     		str	r0, [r7, #12]
 8074 0008 B960     		str	r1, [r7, #8]
 8075 000a 7A60     		str	r2, [r7, #4]
1825:main.c        ****    
1826:main.c        ****     midiMsg[0] = USB_MIDI_NOTE_ON + channel;
 8076              		.loc 1 1826 0
 8077 000c 7B68     		ldr	r3, [r7, #4]
 8078 000e DBB2     		uxtb	r3, r3
 8079 0010 703B     		subs	r3, r3, #112
 8080 0012 DAB2     		uxtb	r2, r3
 8081 0014 114B     		ldr	r3, .L316
 8082 0016 1A70     		strb	r2, [r3]
1827:main.c        ****     midiMsg[1] = MIDInoteNum;
 8083              		.loc 1 1827 0
 8084 0018 FB68     		ldr	r3, [r7, #12]
 8085 001a DAB2     		uxtb	r2, r3
 8086 001c 0F4B     		ldr	r3, .L316
ARM GAS  C:\Users\ggg88\AppData\Local\Temp\ccfc1YkT.s 			page 177


 8087 001e 5A70     		strb	r2, [r3, #1]
1828:main.c        ****     midiMsg[2] = velocity;	
 8088              		.loc 1 1828 0
 8089 0020 BB68     		ldr	r3, [r7, #8]
 8090 0022 DAB2     		uxtb	r2, r3
 8091 0024 0D4B     		ldr	r3, .L316
 8092 0026 9A70     		strb	r2, [r3, #2]
1829:main.c        ****     if ((USB_active) && (USB_VBusPresent()))
 8093              		.loc 1 1829 0
 8094 0028 0D4B     		ldr	r3, .L316+4
 8095 002a 1B78     		ldrb	r3, [r3]
 8096 002c DBB2     		uxtb	r3, r3
 8097 002e 002B     		cmp	r3, #0
 8098 0030 09D0     		beq	.L315
 8099              		.loc 1 1829 0 is_stmt 0 discriminator 1
 8100 0032 FFF7FEFF 		bl	USB_VBusPresent
 8101 0036 0346     		mov	r3, r0
 8102 0038 002B     		cmp	r3, #0
 8103 003a 04D0     		beq	.L315
1830:main.c        ****     {
1831:main.c        ****         USB_PutUsbMidiIn(3u, midiMsg, USB_MIDI_CABLE_00);
 8104              		.loc 1 1831 0 is_stmt 1
 8105 003c 0022     		movs	r2, #0
 8106 003e 0749     		ldr	r1, .L316
 8107 0040 0320     		movs	r0, #3
 8108 0042 FFF7FEFF 		bl	USB_PutUsbMidiIn
 8109              	.L315:
1832:main.c        ****     } 
1833:main.c        ****     midiSent += 4;
 8110              		.loc 1 1833 0
 8111 0046 074B     		ldr	r3, .L316+8
 8112 0048 1B88     		ldrh	r3, [r3]
 8113 004a 0433     		adds	r3, r3, #4
 8114 004c 9AB2     		uxth	r2, r3
 8115 004e 054B     		ldr	r3, .L316+8
 8116 0050 1A80     		strh	r2, [r3]	@ movhi
1834:main.c        **** }
 8117              		.loc 1 1834 0
 8118 0052 00BF     		nop
 8119 0054 1037     		adds	r7, r7, #16
 8120              		.cfi_def_cfa_offset 8
 8121 0056 BD46     		mov	sp, r7
 8122              		.cfi_def_cfa_register 13
 8123              		@ sp needed
 8124 0058 80BD     		pop	{r7, pc}
 8125              	.L317:
 8126 005a 00BF     		.align	2
 8127              	.L316:
 8128 005c 00000000 		.word	midiMsg
 8129 0060 00000000 		.word	USB_active
 8130 0064 00000000 		.word	midiSent
 8131              		.cfi_endproc
 8132              	.LFE86:
 8133              		.size	sendMIDINoteOn, .-sendMIDINoteOn
 8134              		.section	.text.sendMIDIPolyKeyPressure,"ax",%progbits
 8135              		.align	2
 8136              		.global	sendMIDIPolyKeyPressure
ARM GAS  C:\Users\ggg88\AppData\Local\Temp\ccfc1YkT.s 			page 178


 8137              		.thumb
 8138              		.thumb_func
 8139              		.type	sendMIDIPolyKeyPressure, %function
 8140              	sendMIDIPolyKeyPressure:
 8141              	.LFB87:
1835:main.c        **** 
1836:main.c        **** void sendMIDIPolyKeyPressure(int MIDInoteNum, int pressure, int channel)
1837:main.c        **** {
 8142              		.loc 1 1837 0
 8143              		.cfi_startproc
 8144              		@ args = 0, pretend = 0, frame = 16
 8145              		@ frame_needed = 1, uses_anonymous_args = 0
 8146 0000 80B5     		push	{r7, lr}
 8147              		.cfi_def_cfa_offset 8
 8148              		.cfi_offset 7, -8
 8149              		.cfi_offset 14, -4
 8150 0002 84B0     		sub	sp, sp, #16
 8151              		.cfi_def_cfa_offset 24
 8152 0004 00AF     		add	r7, sp, #0
 8153              		.cfi_def_cfa_register 7
 8154 0006 F860     		str	r0, [r7, #12]
 8155 0008 B960     		str	r1, [r7, #8]
 8156 000a 7A60     		str	r2, [r7, #4]
1838:main.c        ****     midiMsg[0] = USB_MIDI_POLY_KEY_PRESSURE + channel;
 8157              		.loc 1 1838 0
 8158 000c 7B68     		ldr	r3, [r7, #4]
 8159 000e DBB2     		uxtb	r3, r3
 8160 0010 603B     		subs	r3, r3, #96
 8161 0012 DAB2     		uxtb	r2, r3
 8162 0014 114B     		ldr	r3, .L320
 8163 0016 1A70     		strb	r2, [r3]
1839:main.c        ****     midiMsg[1] = MIDInoteNum;
 8164              		.loc 1 1839 0
 8165 0018 FB68     		ldr	r3, [r7, #12]
 8166 001a DAB2     		uxtb	r2, r3
 8167 001c 0F4B     		ldr	r3, .L320
 8168 001e 5A70     		strb	r2, [r3, #1]
1840:main.c        ****     midiMsg[2] = pressure;		
 8169              		.loc 1 1840 0
 8170 0020 BB68     		ldr	r3, [r7, #8]
 8171 0022 DAB2     		uxtb	r2, r3
 8172 0024 0D4B     		ldr	r3, .L320
 8173 0026 9A70     		strb	r2, [r3, #2]
1841:main.c        ****     if ((USB_active) && (USB_VBusPresent()))
 8174              		.loc 1 1841 0
 8175 0028 0D4B     		ldr	r3, .L320+4
 8176 002a 1B78     		ldrb	r3, [r3]
 8177 002c DBB2     		uxtb	r3, r3
 8178 002e 002B     		cmp	r3, #0
 8179 0030 09D0     		beq	.L319
 8180              		.loc 1 1841 0 is_stmt 0 discriminator 1
 8181 0032 FFF7FEFF 		bl	USB_VBusPresent
 8182 0036 0346     		mov	r3, r0
 8183 0038 002B     		cmp	r3, #0
 8184 003a 04D0     		beq	.L319
1842:main.c        ****     {
1843:main.c        ****         USB_PutUsbMidiIn(3u, midiMsg, USB_MIDI_CABLE_00);
ARM GAS  C:\Users\ggg88\AppData\Local\Temp\ccfc1YkT.s 			page 179


 8185              		.loc 1 1843 0 is_stmt 1
 8186 003c 0022     		movs	r2, #0
 8187 003e 0749     		ldr	r1, .L320
 8188 0040 0320     		movs	r0, #3
 8189 0042 FFF7FEFF 		bl	USB_PutUsbMidiIn
 8190              	.L319:
1844:main.c        ****     } 
1845:main.c        ****     midiSent += 4;
 8191              		.loc 1 1845 0
 8192 0046 074B     		ldr	r3, .L320+8
 8193 0048 1B88     		ldrh	r3, [r3]
 8194 004a 0433     		adds	r3, r3, #4
 8195 004c 9AB2     		uxth	r2, r3
 8196 004e 054B     		ldr	r3, .L320+8
 8197 0050 1A80     		strh	r2, [r3]	@ movhi
1846:main.c        **** }
 8198              		.loc 1 1846 0
 8199 0052 00BF     		nop
 8200 0054 1037     		adds	r7, r7, #16
 8201              		.cfi_def_cfa_offset 8
 8202 0056 BD46     		mov	sp, r7
 8203              		.cfi_def_cfa_register 13
 8204              		@ sp needed
 8205 0058 80BD     		pop	{r7, pc}
 8206              	.L321:
 8207 005a 00BF     		.align	2
 8208              	.L320:
 8209 005c 00000000 		.word	midiMsg
 8210 0060 00000000 		.word	USB_active
 8211 0064 00000000 		.word	midiSent
 8212              		.cfi_endproc
 8213              	.LFE87:
 8214              		.size	sendMIDIPolyKeyPressure, .-sendMIDIPolyKeyPressure
 8215              		.section	.text.sendMIDIControlChange,"ax",%progbits
 8216              		.align	2
 8217              		.global	sendMIDIControlChange
 8218              		.thumb
 8219              		.thumb_func
 8220              		.type	sendMIDIControlChange, %function
 8221              	sendMIDIControlChange:
 8222              	.LFB88:
1847:main.c        **** 
1848:main.c        **** void sendMIDIControlChange(int CCnum, int CCval, int channel)
1849:main.c        **** {
 8223              		.loc 1 1849 0
 8224              		.cfi_startproc
 8225              		@ args = 0, pretend = 0, frame = 16
 8226              		@ frame_needed = 1, uses_anonymous_args = 0
 8227 0000 80B5     		push	{r7, lr}
 8228              		.cfi_def_cfa_offset 8
 8229              		.cfi_offset 7, -8
 8230              		.cfi_offset 14, -4
 8231 0002 84B0     		sub	sp, sp, #16
 8232              		.cfi_def_cfa_offset 24
 8233 0004 00AF     		add	r7, sp, #0
 8234              		.cfi_def_cfa_register 7
 8235 0006 F860     		str	r0, [r7, #12]
ARM GAS  C:\Users\ggg88\AppData\Local\Temp\ccfc1YkT.s 			page 180


 8236 0008 B960     		str	r1, [r7, #8]
 8237 000a 7A60     		str	r2, [r7, #4]
1850:main.c        ****     midiMsg[0] = USB_MIDI_CONTROL_CHANGE + channel;
 8238              		.loc 1 1850 0
 8239 000c 7B68     		ldr	r3, [r7, #4]
 8240 000e DBB2     		uxtb	r3, r3
 8241 0010 503B     		subs	r3, r3, #80
 8242 0012 DAB2     		uxtb	r2, r3
 8243 0014 114B     		ldr	r3, .L324
 8244 0016 1A70     		strb	r2, [r3]
1851:main.c        ****     midiMsg[1] = CCnum;
 8245              		.loc 1 1851 0
 8246 0018 FB68     		ldr	r3, [r7, #12]
 8247 001a DAB2     		uxtb	r2, r3
 8248 001c 0F4B     		ldr	r3, .L324
 8249 001e 5A70     		strb	r2, [r3, #1]
1852:main.c        ****     midiMsg[2] = CCval;			
 8250              		.loc 1 1852 0
 8251 0020 BB68     		ldr	r3, [r7, #8]
 8252 0022 DAB2     		uxtb	r2, r3
 8253 0024 0D4B     		ldr	r3, .L324
 8254 0026 9A70     		strb	r2, [r3, #2]
1853:main.c        ****     if ((USB_active) && (USB_VBusPresent()))
 8255              		.loc 1 1853 0
 8256 0028 0D4B     		ldr	r3, .L324+4
 8257 002a 1B78     		ldrb	r3, [r3]
 8258 002c DBB2     		uxtb	r3, r3
 8259 002e 002B     		cmp	r3, #0
 8260 0030 09D0     		beq	.L323
 8261              		.loc 1 1853 0 is_stmt 0 discriminator 1
 8262 0032 FFF7FEFF 		bl	USB_VBusPresent
 8263 0036 0346     		mov	r3, r0
 8264 0038 002B     		cmp	r3, #0
 8265 003a 04D0     		beq	.L323
1854:main.c        ****     {
1855:main.c        ****         USB_PutUsbMidiIn(3u, midiMsg, USB_MIDI_CABLE_00);
 8266              		.loc 1 1855 0 is_stmt 1
 8267 003c 0022     		movs	r2, #0
 8268 003e 0749     		ldr	r1, .L324
 8269 0040 0320     		movs	r0, #3
 8270 0042 FFF7FEFF 		bl	USB_PutUsbMidiIn
 8271              	.L323:
1856:main.c        ****     } 
1857:main.c        ****     midiSent += 4;
 8272              		.loc 1 1857 0
 8273 0046 074B     		ldr	r3, .L324+8
 8274 0048 1B88     		ldrh	r3, [r3]
 8275 004a 0433     		adds	r3, r3, #4
 8276 004c 9AB2     		uxth	r2, r3
 8277 004e 054B     		ldr	r3, .L324+8
 8278 0050 1A80     		strh	r2, [r3]	@ movhi
1858:main.c        **** }
 8279              		.loc 1 1858 0
 8280 0052 00BF     		nop
 8281 0054 1037     		adds	r7, r7, #16
 8282              		.cfi_def_cfa_offset 8
 8283 0056 BD46     		mov	sp, r7
ARM GAS  C:\Users\ggg88\AppData\Local\Temp\ccfc1YkT.s 			page 181


 8284              		.cfi_def_cfa_register 13
 8285              		@ sp needed
 8286 0058 80BD     		pop	{r7, pc}
 8287              	.L325:
 8288 005a 00BF     		.align	2
 8289              	.L324:
 8290 005c 00000000 		.word	midiMsg
 8291 0060 00000000 		.word	USB_active
 8292 0064 00000000 		.word	midiSent
 8293              		.cfi_endproc
 8294              	.LFE88:
 8295              		.size	sendMIDIControlChange, .-sendMIDIControlChange
 8296              		.section	.text.sendMIDIPitchBend,"ax",%progbits
 8297              		.align	2
 8298              		.global	sendMIDIPitchBend
 8299              		.thumb
 8300              		.thumb_func
 8301              		.type	sendMIDIPitchBend, %function
 8302              	sendMIDIPitchBend:
 8303              	.LFB89:
1859:main.c        **** 
1860:main.c        **** void sendMIDIPitchBend(int val, int channel)
1861:main.c        **** {
 8304              		.loc 1 1861 0
 8305              		.cfi_startproc
 8306              		@ args = 0, pretend = 0, frame = 8
 8307              		@ frame_needed = 1, uses_anonymous_args = 0
 8308 0000 80B5     		push	{r7, lr}
 8309              		.cfi_def_cfa_offset 8
 8310              		.cfi_offset 7, -8
 8311              		.cfi_offset 14, -4
 8312 0002 82B0     		sub	sp, sp, #8
 8313              		.cfi_def_cfa_offset 16
 8314 0004 00AF     		add	r7, sp, #0
 8315              		.cfi_def_cfa_register 7
 8316 0006 7860     		str	r0, [r7, #4]
 8317 0008 3960     		str	r1, [r7]
1862:main.c        ****     midiMsg[0] = USB_MIDI_PITCH_BEND_CHANGE + channel;
 8318              		.loc 1 1862 0
 8319 000a 3B68     		ldr	r3, [r7]
 8320 000c DBB2     		uxtb	r3, r3
 8321 000e 203B     		subs	r3, r3, #32
 8322 0010 DAB2     		uxtb	r2, r3
 8323 0012 134B     		ldr	r3, .L328
 8324 0014 1A70     		strb	r2, [r3]
1863:main.c        ****     midiMsg[1] = (val & 127); //LSB
 8325              		.loc 1 1863 0
 8326 0016 7B68     		ldr	r3, [r7, #4]
 8327 0018 DBB2     		uxtb	r3, r3
 8328 001a 03F07F03 		and	r3, r3, #127
 8329 001e DAB2     		uxtb	r2, r3
 8330 0020 0F4B     		ldr	r3, .L328
 8331 0022 5A70     		strb	r2, [r3, #1]
1864:main.c        ****     midiMsg[2] = (val >> 7);	//MSB		
 8332              		.loc 1 1864 0
 8333 0024 7B68     		ldr	r3, [r7, #4]
 8334 0026 DB11     		asrs	r3, r3, #7
ARM GAS  C:\Users\ggg88\AppData\Local\Temp\ccfc1YkT.s 			page 182


 8335 0028 DAB2     		uxtb	r2, r3
 8336 002a 0D4B     		ldr	r3, .L328
 8337 002c 9A70     		strb	r2, [r3, #2]
1865:main.c        ****     if ((USB_active) && (USB_VBusPresent()))
 8338              		.loc 1 1865 0
 8339 002e 0D4B     		ldr	r3, .L328+4
 8340 0030 1B78     		ldrb	r3, [r3]
 8341 0032 DBB2     		uxtb	r3, r3
 8342 0034 002B     		cmp	r3, #0
 8343 0036 09D0     		beq	.L327
 8344              		.loc 1 1865 0 is_stmt 0 discriminator 1
 8345 0038 FFF7FEFF 		bl	USB_VBusPresent
 8346 003c 0346     		mov	r3, r0
 8347 003e 002B     		cmp	r3, #0
 8348 0040 04D0     		beq	.L327
1866:main.c        ****     {
1867:main.c        ****         USB_PutUsbMidiIn(3u, midiMsg, USB_MIDI_CABLE_00);
 8349              		.loc 1 1867 0 is_stmt 1
 8350 0042 0022     		movs	r2, #0
 8351 0044 0649     		ldr	r1, .L328
 8352 0046 0320     		movs	r0, #3
 8353 0048 FFF7FEFF 		bl	USB_PutUsbMidiIn
 8354              	.L327:
1868:main.c        ****     } 
1869:main.c        ****     midiSent += 4;
 8355              		.loc 1 1869 0
 8356 004c 064B     		ldr	r3, .L328+8
 8357 004e 1B88     		ldrh	r3, [r3]
 8358 0050 0433     		adds	r3, r3, #4
 8359 0052 9AB2     		uxth	r2, r3
 8360 0054 044B     		ldr	r3, .L328+8
 8361 0056 1A80     		strh	r2, [r3]	@ movhi
1870:main.c        **** }
 8362              		.loc 1 1870 0
 8363 0058 00BF     		nop
 8364 005a 0837     		adds	r7, r7, #8
 8365              		.cfi_def_cfa_offset 8
 8366 005c BD46     		mov	sp, r7
 8367              		.cfi_def_cfa_register 13
 8368              		@ sp needed
 8369 005e 80BD     		pop	{r7, pc}
 8370              	.L329:
 8371              		.align	2
 8372              	.L328:
 8373 0060 00000000 		.word	midiMsg
 8374 0064 00000000 		.word	USB_active
 8375 0068 00000000 		.word	midiSent
 8376              		.cfi_endproc
 8377              	.LFE89:
 8378              		.size	sendMIDIPitchBend, .-sendMIDIPitchBend
 8379              		.section	.text.sendMIDIAllNotesOff,"ax",%progbits
 8380              		.align	2
 8381              		.global	sendMIDIAllNotesOff
 8382              		.thumb
 8383              		.thumb_func
 8384              		.type	sendMIDIAllNotesOff, %function
 8385              	sendMIDIAllNotesOff:
ARM GAS  C:\Users\ggg88\AppData\Local\Temp\ccfc1YkT.s 			page 183


 8386              	.LFB90:
1871:main.c        **** 
1872:main.c        **** void sendMIDIAllNotesOff(void)
1873:main.c        **** {   
 8387              		.loc 1 1873 0
 8388              		.cfi_startproc
 8389              		@ args = 0, pretend = 0, frame = 8
 8390              		@ frame_needed = 1, uses_anonymous_args = 0
 8391 0000 80B5     		push	{r7, lr}
 8392              		.cfi_def_cfa_offset 8
 8393              		.cfi_offset 7, -8
 8394              		.cfi_offset 14, -4
 8395 0002 82B0     		sub	sp, sp, #8
 8396              		.cfi_def_cfa_offset 16
 8397 0004 00AF     		add	r7, sp, #0
 8398              		.cfi_def_cfa_register 7
 8399              	.LBB56:
1874:main.c        ****     for (uint8_t i = 0; i < 128; i++)
 8400              		.loc 1 1874 0
 8401 0006 0023     		movs	r3, #0
 8402 0008 FB71     		strb	r3, [r7, #7]
 8403 000a 1AE0     		b	.L331
 8404              	.L333:
1875:main.c        ****     {
1876:main.c        ****         midiMsg[0] = USB_MIDI_NOTE_ON;
 8405              		.loc 1 1876 0
 8406 000c 114B     		ldr	r3, .L334
 8407 000e 9022     		movs	r2, #144
 8408 0010 1A70     		strb	r2, [r3]
1877:main.c        ****         midiMsg[1] = i;
 8409              		.loc 1 1877 0
 8410 0012 104A     		ldr	r2, .L334
 8411 0014 FB79     		ldrb	r3, [r7, #7]
 8412 0016 5370     		strb	r3, [r2, #1]
1878:main.c        ****         midiMsg[2] = 0;	
 8413              		.loc 1 1878 0
 8414 0018 0E4B     		ldr	r3, .L334
 8415 001a 0022     		movs	r2, #0
 8416 001c 9A70     		strb	r2, [r3, #2]
1879:main.c        ****         if ((USB_active) && (USB_VBusPresent()))
 8417              		.loc 1 1879 0
 8418 001e 0E4B     		ldr	r3, .L334+4
 8419 0020 1B78     		ldrb	r3, [r3]
 8420 0022 DBB2     		uxtb	r3, r3
 8421 0024 002B     		cmp	r3, #0
 8422 0026 09D0     		beq	.L332
 8423              		.loc 1 1879 0 is_stmt 0 discriminator 1
 8424 0028 FFF7FEFF 		bl	USB_VBusPresent
 8425 002c 0346     		mov	r3, r0
 8426 002e 002B     		cmp	r3, #0
 8427 0030 04D0     		beq	.L332
1880:main.c        ****         {       
1881:main.c        ****             USB_PutUsbMidiIn(3u, midiMsg, USB_MIDI_CABLE_00);
 8428              		.loc 1 1881 0 is_stmt 1
 8429 0032 0022     		movs	r2, #0
 8430 0034 0749     		ldr	r1, .L334
 8431 0036 0320     		movs	r0, #3
ARM GAS  C:\Users\ggg88\AppData\Local\Temp\ccfc1YkT.s 			page 184


 8432 0038 FFF7FEFF 		bl	USB_PutUsbMidiIn
 8433              	.L332:
1874:main.c        ****     {
 8434              		.loc 1 1874 0 discriminator 2
 8435 003c FB79     		ldrb	r3, [r7, #7]	@ zero_extendqisi2
 8436 003e 0133     		adds	r3, r3, #1
 8437 0040 FB71     		strb	r3, [r7, #7]
 8438              	.L331:
1874:main.c        ****     {
 8439              		.loc 1 1874 0 is_stmt 0 discriminator 1
 8440 0042 97F90730 		ldrsb	r3, [r7, #7]
 8441 0046 002B     		cmp	r3, #0
 8442 0048 E0DA     		bge	.L333
 8443              	.LBE56:
1882:main.c        ****         }
1883:main.c        ****     }
1884:main.c        **** }
 8444              		.loc 1 1884 0 is_stmt 1
 8445 004a 00BF     		nop
 8446 004c 0837     		adds	r7, r7, #8
 8447              		.cfi_def_cfa_offset 8
 8448 004e BD46     		mov	sp, r7
 8449              		.cfi_def_cfa_register 13
 8450              		@ sp needed
 8451 0050 80BD     		pop	{r7, pc}
 8452              	.L335:
 8453 0052 00BF     		.align	2
 8454              	.L334:
 8455 0054 00000000 		.word	midiMsg
 8456 0058 00000000 		.word	USB_active
 8457              		.cfi_endproc
 8458              	.LFE90:
 8459              		.size	sendMIDIAllNotesOff, .-sendMIDIAllNotesOff
 8460              		.global	checkStatus
 8461              		.bss
 8462              		.type	checkStatus, %object
 8463              		.size	checkStatus, 1
 8464              	checkStatus:
 8465 0118 00       		.space	1
 8466              		.global	checkBase
 8467 0119 00       		.align	1
 8468              		.type	checkBase, %object
 8469              		.size	checkBase, 2
 8470              	checkBase:
 8471 011a 0000     		.space	2
 8472              		.comm	tempMIDI,4,4
 8473              		.global	firstSysex
 8474              		.type	firstSysex, %object
 8475              		.size	firstSysex, 1
 8476              	firstSysex:
 8477 011c 00       		.space	1
 8478              		.global	sysexPointerMask
 8479              		.section	.rodata
 8480              		.align	2
 8481              		.type	sysexPointerMask, %object
 8482              		.size	sysexPointerMask, 4
 8483              	sysexPointerMask:
ARM GAS  C:\Users\ggg88\AppData\Local\Temp\ccfc1YkT.s 			page 185


 8484 0534 FF070000 		.word	2047
 8485              		.global	moreToDo
 8486              		.bss
 8487 011d 000000   		.align	2
 8488              		.type	moreToDo, %object
 8489              		.size	moreToDo, 4
 8490              	moreToDo:
 8491 0120 00000000 		.space	4
 8492              		.global	SPI_errors
 8493              		.align	2
 8494              		.type	SPI_errors, %object
 8495              		.size	SPI_errors, 4
 8496              	SPI_errors:
 8497 0124 00000000 		.space	4
 8498              		.comm	nearbyValues,64,4
 8499              		.section	.text.parseSysex,"ax",%progbits
 8500              		.align	2
 8501              		.global	parseSysex
 8502              		.thumb
 8503              		.thumb_func
 8504              		.type	parseSysex, %function
 8505              	parseSysex:
 8506              	.LFB91:
1885:main.c        **** 
1886:main.c        **** 
1887:main.c        **** 
1888:main.c        **** 
1889:main.c        **** volatile uint8_t checkStatus = 0;
1890:main.c        **** volatile uint16_t checkBase = 0;
1891:main.c        **** volatile uint8_t tempMIDI[4];
1892:main.c        **** volatile uint8_t firstSysex = 0;
1893:main.c        **** const uint32_t sysexPointerMask = 2047;
1894:main.c        **** volatile uint32_t moreToDo = 0;
1895:main.c        **** 
1896:main.c        **** int SPI_errors = 0;
1897:main.c        **** 
1898:main.c        **** volatile uint32_t nearbyValues[16];
1899:main.c        **** 
1900:main.c        **** void parseSysex(void)
1901:main.c        **** {
 8507              		.loc 1 1901 0
 8508              		.cfi_startproc
 8509              		@ args = 0, pretend = 0, frame = 104
 8510              		@ frame_needed = 1, uses_anonymous_args = 0
 8511 0000 90B5     		push	{r4, r7, lr}
 8512              		.cfi_def_cfa_offset 12
 8513              		.cfi_offset 4, -12
 8514              		.cfi_offset 7, -8
 8515              		.cfi_offset 14, -4
 8516 0002 9BB0     		sub	sp, sp, #108
 8517              		.cfi_def_cfa_offset 120
 8518 0004 00AF     		add	r7, sp, #0
 8519              		.cfi_def_cfa_register 7
1902:main.c        ****     parsingSysex = 1;
 8520              		.loc 1 1902 0
 8521 0006 A54B     		ldr	r3, .L402
 8522 0008 0122     		movs	r2, #1
ARM GAS  C:\Users\ggg88\AppData\Local\Temp\ccfc1YkT.s 			page 186


 8523 000a 1A70     		strb	r2, [r3]
1903:main.c        ****     
1904:main.c        ****     uint32_t messageStart = sysexMessageStartPoints[sysexMessageStartPointsReadPosition];
 8524              		.loc 1 1904 0
 8525 000c A44B     		ldr	r3, .L402+4
 8526 000e 1B78     		ldrb	r3, [r3]	@ zero_extendqisi2
 8527 0010 1A46     		mov	r2, r3
 8528 0012 A44B     		ldr	r3, .L402+8
 8529 0014 53F82230 		ldr	r3, [r3, r2, lsl #2]
 8530 0018 FB63     		str	r3, [r7, #60]
1905:main.c        ****     uint32_t messageEnd = sysexMessageStartPoints[(sysexMessageStartPointsReadPosition + 1)];
 8531              		.loc 1 1905 0
 8532 001a A14B     		ldr	r3, .L402+4
 8533 001c 1B78     		ldrb	r3, [r3]	@ zero_extendqisi2
 8534 001e 0133     		adds	r3, r3, #1
 8535 0020 A04A     		ldr	r2, .L402+8
 8536 0022 52F82330 		ldr	r3, [r2, r3, lsl #2]
 8537 0026 BB63     		str	r3, [r7, #56]
1906:main.c        ****     sysexMessageStartPointsReadPosition++; //get ready for next one
 8538              		.loc 1 1906 0
 8539 0028 9D4B     		ldr	r3, .L402+4
 8540 002a 1B78     		ldrb	r3, [r3]	@ zero_extendqisi2
 8541 002c 0133     		adds	r3, r3, #1
 8542 002e DAB2     		uxtb	r2, r3
 8543 0030 9B4B     		ldr	r3, .L402+4
 8544 0032 1A70     		strb	r2, [r3]
1907:main.c        ****     sysexReadPointer = messageStart;
 8545              		.loc 1 1907 0
 8546 0034 9C4A     		ldr	r2, .L402+12
 8547 0036 FB6B     		ldr	r3, [r7, #60]
 8548 0038 1360     		str	r3, [r2]
 8549              	.LBB57:
1908:main.c        ****     for (int i = 0; i < 16; i++)
 8550              		.loc 1 1908 0
 8551 003a 0023     		movs	r3, #0
 8552 003c 7B66     		str	r3, [r7, #100]
 8553 003e 11E0     		b	.L337
 8554              	.L338:
1909:main.c        ****     {
1910:main.c        ****         nearbyValues[i]= sysexBuffer[(sysexReadPointer-8+i) &sysexPointerMask];
 8555              		.loc 1 1910 0 discriminator 3
 8556 0040 994B     		ldr	r3, .L402+12
 8557 0042 1A68     		ldr	r2, [r3]
 8558 0044 7B6E     		ldr	r3, [r7, #100]
 8559 0046 1344     		add	r3, r3, r2
 8560 0048 083B     		subs	r3, r3, #8
 8561 004a 40F2FF72 		movw	r2, #2047
 8562 004e 1340     		ands	r3, r3, r2
 8563 0050 964A     		ldr	r2, .L402+16
 8564 0052 D35C     		ldrb	r3, [r2, r3]	@ zero_extendqisi2
 8565 0054 1946     		mov	r1, r3
 8566 0056 964A     		ldr	r2, .L402+20
 8567 0058 7B6E     		ldr	r3, [r7, #100]
 8568 005a 42F82310 		str	r1, [r2, r3, lsl #2]
1908:main.c        ****     for (int i = 0; i < 16; i++)
 8569              		.loc 1 1908 0 discriminator 3
 8570 005e 7B6E     		ldr	r3, [r7, #100]
ARM GAS  C:\Users\ggg88\AppData\Local\Temp\ccfc1YkT.s 			page 187


 8571 0060 0133     		adds	r3, r3, #1
 8572 0062 7B66     		str	r3, [r7, #100]
 8573              	.L337:
1908:main.c        ****     for (int i = 0; i < 16; i++)
 8574              		.loc 1 1908 0 is_stmt 0 discriminator 1
 8575 0064 7B6E     		ldr	r3, [r7, #100]
 8576 0066 0F2B     		cmp	r3, #15
 8577 0068 EADD     		ble	.L338
 8578              	.LBE57:
1911:main.c        ****     }
1912:main.c        ****     //0 = it's a preset
1913:main.c        ****     if (sysexBuffer[sysexReadPointer & sysexPointerMask] == 0)
 8579              		.loc 1 1913 0 is_stmt 1
 8580 006a 8F4B     		ldr	r3, .L402+12
 8581 006c 1B68     		ldr	r3, [r3]
 8582 006e 40F2FF72 		movw	r2, #2047
 8583 0072 1340     		ands	r3, r3, r2
 8584 0074 8D4A     		ldr	r2, .L402+16
 8585 0076 D35C     		ldrb	r3, [r2, r3]	@ zero_extendqisi2
 8586 0078 002B     		cmp	r3, #0
 8587 007a 40F07583 		bne	.L339
 8588              	.LBB58:
1914:main.c        ****     {
1915:main.c        ****         sysexMessageInProgress = 1; // set a flag that we've started a sysex preset transfer. May t
 8589              		.loc 1 1915 0
 8590 007e 8D4B     		ldr	r3, .L402+24
 8591 0080 0122     		movs	r2, #1
 8592 0082 1A70     		strb	r2, [r3]
1916:main.c        ****         currentFloat = 0;
 8593              		.loc 1 1916 0
 8594 0084 8C4B     		ldr	r3, .L402+28
 8595 0086 0022     		movs	r2, #0
 8596 0088 1A60     		str	r2, [r3]
1917:main.c        ****         presetArraySection = presetName;
 8597              		.loc 1 1917 0
 8598 008a 8C4B     		ldr	r3, .L402+32
 8599 008c 0022     		movs	r2, #0
 8600 008e 1A70     		strb	r2, [r3]
1918:main.c        ****         presetNumberToWrite = sysexBuffer[(sysexReadPointer+1) & sysexPointerMask];
 8601              		.loc 1 1918 0
 8602 0090 854B     		ldr	r3, .L402+12
 8603 0092 1B68     		ldr	r3, [r3]
 8604 0094 0133     		adds	r3, r3, #1
 8605 0096 40F2FF72 		movw	r2, #2047
 8606 009a 1340     		ands	r3, r3, r2
 8607 009c 834A     		ldr	r2, .L402+16
 8608 009e D25C     		ldrb	r2, [r2, r3]	@ zero_extendqisi2
 8609 00a0 874B     		ldr	r3, .L402+36
 8610 00a2 1A70     		strb	r2, [r3]
1919:main.c        ****         presetArray[0] = sysexBuffer[(sysexReadPointer+2) & sysexPointerMask];
 8611              		.loc 1 1919 0
 8612 00a4 804B     		ldr	r3, .L402+12
 8613 00a6 1B68     		ldr	r3, [r3]
 8614 00a8 0233     		adds	r3, r3, #2
 8615 00aa 40F2FF72 		movw	r2, #2047
 8616 00ae 1340     		ands	r3, r3, r2
 8617 00b0 7E4A     		ldr	r2, .L402+16
ARM GAS  C:\Users\ggg88\AppData\Local\Temp\ccfc1YkT.s 			page 188


 8618 00b2 D25C     		ldrb	r2, [r2, r3]	@ zero_extendqisi2
 8619 00b4 834B     		ldr	r3, .L402+40
 8620 00b6 1A70     		strb	r2, [r3]
1920:main.c        ****         presetArray[1] = sysexBuffer[(sysexReadPointer+3) & sysexPointerMask];
 8621              		.loc 1 1920 0
 8622 00b8 7B4B     		ldr	r3, .L402+12
 8623 00ba 1B68     		ldr	r3, [r3]
 8624 00bc 0333     		adds	r3, r3, #3
 8625 00be 40F2FF72 		movw	r2, #2047
 8626 00c2 1340     		ands	r3, r3, r2
 8627 00c4 794A     		ldr	r2, .L402+16
 8628 00c6 D25C     		ldrb	r2, [r2, r3]	@ zero_extendqisi2
 8629 00c8 7E4B     		ldr	r3, .L402+40
 8630 00ca 5A70     		strb	r2, [r3, #1]
1921:main.c        ****         presetArray[2] = sysexBuffer[(sysexReadPointer+4) & sysexPointerMask];
 8631              		.loc 1 1921 0
 8632 00cc 764B     		ldr	r3, .L402+12
 8633 00ce 1B68     		ldr	r3, [r3]
 8634 00d0 0433     		adds	r3, r3, #4
 8635 00d2 40F2FF72 		movw	r2, #2047
 8636 00d6 1340     		ands	r3, r3, r2
 8637 00d8 744A     		ldr	r2, .L402+16
 8638 00da D25C     		ldrb	r2, [r2, r3]	@ zero_extendqisi2
 8639 00dc 794B     		ldr	r3, .L402+40
 8640 00de 9A70     		strb	r2, [r3, #2]
1922:main.c        ****         presetArray[3] = sysexBuffer[(sysexReadPointer+5) & sysexPointerMask];
 8641              		.loc 1 1922 0
 8642 00e0 714B     		ldr	r3, .L402+12
 8643 00e2 1B68     		ldr	r3, [r3]
 8644 00e4 0533     		adds	r3, r3, #5
 8645 00e6 40F2FF72 		movw	r2, #2047
 8646 00ea 1340     		ands	r3, r3, r2
 8647 00ec 6F4A     		ldr	r2, .L402+16
 8648 00ee D25C     		ldrb	r2, [r2, r3]	@ zero_extendqisi2
 8649 00f0 744B     		ldr	r3, .L402+40
 8650 00f2 DA70     		strb	r2, [r3, #3]
1923:main.c        ****         
1924:main.c        ****         union breakFloat theVal;
1925:main.c        ****         uint32_t i = 6;
 8651              		.loc 1 1925 0
 8652 00f4 0623     		movs	r3, #6
 8653 00f6 3B66     		str	r3, [r7, #96]
1926:main.c        ****         sysexReadPointer = i + sysexReadPointer;
 8654              		.loc 1 1926 0
 8655 00f8 6B4B     		ldr	r3, .L402+12
 8656 00fa 1A68     		ldr	r2, [r3]
 8657 00fc 3B6E     		ldr	r3, [r7, #96]
 8658 00fe 1344     		add	r3, r3, r2
 8659 0100 694A     		ldr	r2, .L402+12
 8660 0102 1360     		str	r3, [r2]
1927:main.c        ****         uint8_t stoppingPoint = PRESET_NAME_LENGTH_IN_BYTES+i;
 8661              		.loc 1 1927 0
 8662 0104 3B6E     		ldr	r3, [r7, #96]
 8663 0106 DBB2     		uxtb	r3, r3
 8664 0108 0E33     		adds	r3, r3, #14
 8665 010a 87F83730 		strb	r3, [r7, #55]
1928:main.c        ****         for (; i < stoppingPoint; i++)
ARM GAS  C:\Users\ggg88\AppData\Local\Temp\ccfc1YkT.s 			page 189


 8666              		.loc 1 1928 0
 8667 010e 2DE0     		b	.L340
 8668              	.L341:
1929:main.c        ****         {
1930:main.c        ****             presetArray[i-2] = sysexBuffer[sysexReadPointer & sysexPointerMask] & 127; // pass on t
 8669              		.loc 1 1930 0 discriminator 2
 8670 0110 3B6E     		ldr	r3, [r7, #96]
 8671 0112 023B     		subs	r3, r3, #2
 8672 0114 644A     		ldr	r2, .L402+12
 8673 0116 1268     		ldr	r2, [r2]
 8674 0118 40F2FF71 		movw	r1, #2047
 8675 011c 0A40     		ands	r2, r2, r1
 8676 011e 6349     		ldr	r1, .L402+16
 8677 0120 8A5C     		ldrb	r2, [r1, r2]	@ zero_extendqisi2
 8678 0122 02F07F02 		and	r2, r2, #127
 8679 0126 D1B2     		uxtb	r1, r2
 8680 0128 664A     		ldr	r2, .L402+40
 8681 012a D154     		strb	r1, [r2, r3]
1931:main.c        ****             presetNamesArray[presetNumberToWrite][i-6] = sysexBuffer[sysexReadPointer & sysexPointe
 8682              		.loc 1 1931 0 discriminator 2
 8683 012c 644B     		ldr	r3, .L402+36
 8684 012e 1B78     		ldrb	r3, [r3]	@ zero_extendqisi2
 8685 0130 1846     		mov	r0, r3
 8686 0132 3B6E     		ldr	r3, [r7, #96]
 8687 0134 9A1F     		subs	r2, r3, #6
 8688 0136 5C4B     		ldr	r3, .L402+12
 8689 0138 1B68     		ldr	r3, [r3]
 8690 013a 40F2FF71 		movw	r1, #2047
 8691 013e 0B40     		ands	r3, r3, r1
 8692 0140 5A49     		ldr	r1, .L402+16
 8693 0142 CB5C     		ldrb	r3, [r1, r3]	@ zero_extendqisi2
 8694 0144 03F07F03 		and	r3, r3, #127
 8695 0148 DCB2     		uxtb	r4, r3
 8696 014a 5F49     		ldr	r1, .L402+44
 8697 014c 0346     		mov	r3, r0
 8698 014e DB00     		lsls	r3, r3, #3
 8699 0150 1B1A     		subs	r3, r3, r0
 8700 0152 5B00     		lsls	r3, r3, #1
 8701 0154 0B44     		add	r3, r3, r1
 8702 0156 1344     		add	r3, r3, r2
 8703 0158 2246     		mov	r2, r4
 8704 015a 1A70     		strb	r2, [r3]
1932:main.c        ****             sysexReadPointer++;
 8705              		.loc 1 1932 0 discriminator 2
 8706 015c 524B     		ldr	r3, .L402+12
 8707 015e 1B68     		ldr	r3, [r3]
 8708 0160 0133     		adds	r3, r3, #1
 8709 0162 514A     		ldr	r2, .L402+12
 8710 0164 1360     		str	r3, [r2]
1928:main.c        ****         {
 8711              		.loc 1 1928 0 discriminator 2
 8712 0166 3B6E     		ldr	r3, [r7, #96]
 8713 0168 0133     		adds	r3, r3, #1
 8714 016a 3B66     		str	r3, [r7, #96]
 8715              	.L340:
1928:main.c        ****         {
 8716              		.loc 1 1928 0 is_stmt 0 discriminator 1
ARM GAS  C:\Users\ggg88\AppData\Local\Temp\ccfc1YkT.s 			page 190


 8717 016c 97F83720 		ldrb	r2, [r7, #55]	@ zero_extendqisi2
 8718 0170 3B6E     		ldr	r3, [r7, #96]
 8719 0172 9A42     		cmp	r2, r3
 8720 0174 CCD8     		bhi	.L341
1933:main.c        ****         }
1934:main.c        ****         
1935:main.c        ****         presetArraySection = macroNames;
 8721              		.loc 1 1935 0 is_stmt 1
 8722 0176 514B     		ldr	r3, .L402+32
 8723 0178 0122     		movs	r2, #1
 8724 017a 1A70     		strb	r2, [r3]
 8725              	.LBB59:
1936:main.c        **** 
1937:main.c        ****         
1938:main.c        ****         for (int j = 0; j < (NUM_MACROS); j++)
 8726              		.loc 1 1938 0
 8727 017c 0023     		movs	r3, #0
 8728 017e FB65     		str	r3, [r7, #92]
 8729 0180 3DE0     		b	.L342
 8730              	.L345:
 8731              	.LBB60:
1939:main.c        ****         {
1940:main.c        ****             for (int k = 0; k < MACRO_NAME_LENGTH_IN_BYTES; k++)
 8732              		.loc 1 1940 0
 8733 0182 0023     		movs	r3, #0
 8734 0184 BB65     		str	r3, [r7, #88]
 8735 0186 34E0     		b	.L343
 8736              	.L344:
1941:main.c        ****             {
1942:main.c        ****                 presetArray[i-2] = sysexBuffer[sysexReadPointer & sysexPointerMask] & 127; // pass 
 8737              		.loc 1 1942 0 discriminator 3
 8738 0188 3B6E     		ldr	r3, [r7, #96]
 8739 018a 023B     		subs	r3, r3, #2
 8740 018c 464A     		ldr	r2, .L402+12
 8741 018e 1268     		ldr	r2, [r2]
 8742 0190 40F2FF71 		movw	r1, #2047
 8743 0194 0A40     		ands	r2, r2, r1
 8744 0196 4549     		ldr	r1, .L402+16
 8745 0198 8A5C     		ldrb	r2, [r1, r2]	@ zero_extendqisi2
 8746 019a 02F07F02 		and	r2, r2, #127
 8747 019e D1B2     		uxtb	r1, r2
 8748 01a0 484A     		ldr	r2, .L402+40
 8749 01a2 D154     		strb	r1, [r2, r3]
1943:main.c        ****                 macroNamesArray[presetNumberToWrite][j][k] = sysexBuffer[sysexReadPointer & sysexPo
 8750              		.loc 1 1943 0 discriminator 3
 8751 01a4 464B     		ldr	r3, .L402+36
 8752 01a6 1B78     		ldrb	r3, [r3]	@ zero_extendqisi2
 8753 01a8 1846     		mov	r0, r3
 8754 01aa 3F4B     		ldr	r3, .L402+12
 8755 01ac 1B68     		ldr	r3, [r3]
 8756 01ae 40F2FF72 		movw	r2, #2047
 8757 01b2 1340     		ands	r3, r3, r2
 8758 01b4 3D4A     		ldr	r2, .L402+16
 8759 01b6 D35C     		ldrb	r3, [r2, r3]	@ zero_extendqisi2
 8760 01b8 03F07F03 		and	r3, r3, #127
 8761 01bc DCB2     		uxtb	r4, r3
 8762 01be 4349     		ldr	r1, .L402+48
ARM GAS  C:\Users\ggg88\AppData\Local\Temp\ccfc1YkT.s 			page 191


 8763 01c0 FB6D     		ldr	r3, [r7, #92]
 8764 01c2 1A46     		mov	r2, r3
 8765 01c4 D200     		lsls	r2, r2, #3
 8766 01c6 1A44     		add	r2, r2, r3
 8767 01c8 0346     		mov	r3, r0
 8768 01ca DB00     		lsls	r3, r3, #3
 8769 01cc 0344     		add	r3, r3, r0
 8770 01ce 1B01     		lsls	r3, r3, #4
 8771 01d0 1344     		add	r3, r3, r2
 8772 01d2 CA18     		adds	r2, r1, r3
 8773 01d4 BB6D     		ldr	r3, [r7, #88]
 8774 01d6 1344     		add	r3, r3, r2
 8775 01d8 2246     		mov	r2, r4
 8776 01da 1A70     		strb	r2, [r3]
1944:main.c        ****                 i++;
 8777              		.loc 1 1944 0 discriminator 3
 8778 01dc 3B6E     		ldr	r3, [r7, #96]
 8779 01de 0133     		adds	r3, r3, #1
 8780 01e0 3B66     		str	r3, [r7, #96]
1945:main.c        ****                 sysexReadPointer++;
 8781              		.loc 1 1945 0 discriminator 3
 8782 01e2 314B     		ldr	r3, .L402+12
 8783 01e4 1B68     		ldr	r3, [r3]
 8784 01e6 0133     		adds	r3, r3, #1
 8785 01e8 2F4A     		ldr	r2, .L402+12
 8786 01ea 1360     		str	r3, [r2]
1940:main.c        ****             {
 8787              		.loc 1 1940 0 discriminator 3
 8788 01ec BB6D     		ldr	r3, [r7, #88]
 8789 01ee 0133     		adds	r3, r3, #1
 8790 01f0 BB65     		str	r3, [r7, #88]
 8791              	.L343:
1940:main.c        ****             {
 8792              		.loc 1 1940 0 is_stmt 0 discriminator 1
 8793 01f2 BB6D     		ldr	r3, [r7, #88]
 8794 01f4 082B     		cmp	r3, #8
 8795 01f6 C7DD     		ble	.L344
 8796              	.LBE60:
1938:main.c        ****         {
 8797              		.loc 1 1938 0 is_stmt 1 discriminator 2
 8798 01f8 FB6D     		ldr	r3, [r7, #92]
 8799 01fa 0133     		adds	r3, r3, #1
 8800 01fc FB65     		str	r3, [r7, #92]
 8801              	.L342:
1938:main.c        ****         {
 8802              		.loc 1 1938 0 is_stmt 0 discriminator 1
 8803 01fe FB6D     		ldr	r3, [r7, #92]
 8804 0200 072B     		cmp	r3, #7
 8805 0202 BEDD     		ble	.L345
 8806              	.LBE59:
 8807              	.LBB61:
1946:main.c        ****             }
1947:main.c        ****         }
1948:main.c        ****         for (int j = 0; j < NUM_CONTROLS; j++)
 8808              		.loc 1 1948 0 is_stmt 1
 8809 0204 0023     		movs	r3, #0
 8810 0206 7B65     		str	r3, [r7, #84]
ARM GAS  C:\Users\ggg88\AppData\Local\Temp\ccfc1YkT.s 			page 192


 8811 0208 3FE0     		b	.L346
 8812              	.L349:
 8813              	.LBB62:
1949:main.c        ****         {
1950:main.c        ****             for (int k = 0; k < CONTROL_NAME_LENGTH_IN_BYTES; k++)
 8814              		.loc 1 1950 0
 8815 020a 0023     		movs	r3, #0
 8816 020c 3B65     		str	r3, [r7, #80]
 8817 020e 36E0     		b	.L347
 8818              	.L348:
1951:main.c        ****             {
1952:main.c        ****                 presetArray[i-2] = sysexBuffer[sysexReadPointer & sysexPointerMask] & 127; // pass 
 8819              		.loc 1 1952 0 discriminator 3
 8820 0210 3B6E     		ldr	r3, [r7, #96]
 8821 0212 023B     		subs	r3, r3, #2
 8822 0214 244A     		ldr	r2, .L402+12
 8823 0216 1268     		ldr	r2, [r2]
 8824 0218 40F2FF71 		movw	r1, #2047
 8825 021c 0A40     		ands	r2, r2, r1
 8826 021e 2349     		ldr	r1, .L402+16
 8827 0220 8A5C     		ldrb	r2, [r1, r2]	@ zero_extendqisi2
 8828 0222 02F07F02 		and	r2, r2, #127
 8829 0226 D1B2     		uxtb	r1, r2
 8830 0228 264A     		ldr	r2, .L402+40
 8831 022a D154     		strb	r1, [r2, r3]
1953:main.c        ****                 controlNamesArray[presetNumberToWrite][j][k] = sysexBuffer[sysexReadPointer & sysex
 8832              		.loc 1 1953 0 discriminator 3
 8833 022c 244B     		ldr	r3, .L402+36
 8834 022e 1B78     		ldrb	r3, [r3]	@ zero_extendqisi2
 8835 0230 1846     		mov	r0, r3
 8836 0232 1D4B     		ldr	r3, .L402+12
 8837 0234 1B68     		ldr	r3, [r3]
 8838 0236 40F2FF72 		movw	r2, #2047
 8839 023a 1340     		ands	r3, r3, r2
 8840 023c 1B4A     		ldr	r2, .L402+16
 8841 023e D35C     		ldrb	r3, [r2, r3]	@ zero_extendqisi2
 8842 0240 03F07F03 		and	r3, r3, #127
 8843 0244 DCB2     		uxtb	r4, r3
 8844 0246 2249     		ldr	r1, .L402+52
 8845 0248 7B6D     		ldr	r3, [r7, #84]
 8846 024a 1A46     		mov	r2, r3
 8847 024c 9200     		lsls	r2, r2, #2
 8848 024e 1A44     		add	r2, r2, r3
 8849 0250 5300     		lsls	r3, r2, #1
 8850 0252 1A46     		mov	r2, r3
 8851 0254 0346     		mov	r3, r0
 8852 0256 9B00     		lsls	r3, r3, #2
 8853 0258 0344     		add	r3, r3, r0
 8854 025a DB00     		lsls	r3, r3, #3
 8855 025c 1344     		add	r3, r3, r2
 8856 025e CA18     		adds	r2, r1, r3
 8857 0260 3B6D     		ldr	r3, [r7, #80]
 8858 0262 1344     		add	r3, r3, r2
 8859 0264 2246     		mov	r2, r4
 8860 0266 1A70     		strb	r2, [r3]
1954:main.c        ****                  i++;
 8861              		.loc 1 1954 0 discriminator 3
ARM GAS  C:\Users\ggg88\AppData\Local\Temp\ccfc1YkT.s 			page 193


 8862 0268 3B6E     		ldr	r3, [r7, #96]
 8863 026a 0133     		adds	r3, r3, #1
 8864 026c 3B66     		str	r3, [r7, #96]
1955:main.c        ****                 sysexReadPointer++;
 8865              		.loc 1 1955 0 discriminator 3
 8866 026e 0E4B     		ldr	r3, .L402+12
 8867 0270 1B68     		ldr	r3, [r3]
 8868 0272 0133     		adds	r3, r3, #1
 8869 0274 0C4A     		ldr	r2, .L402+12
 8870 0276 1360     		str	r3, [r2]
1950:main.c        ****             {
 8871              		.loc 1 1950 0 discriminator 3
 8872 0278 3B6D     		ldr	r3, [r7, #80]
 8873 027a 0133     		adds	r3, r3, #1
 8874 027c 3B65     		str	r3, [r7, #80]
 8875              	.L347:
1950:main.c        ****             {
 8876              		.loc 1 1950 0 is_stmt 0 discriminator 1
 8877 027e 3B6D     		ldr	r3, [r7, #80]
 8878 0280 092B     		cmp	r3, #9
 8879 0282 C5DD     		ble	.L348
 8880              	.LBE62:
1948:main.c        ****         {
 8881              		.loc 1 1948 0 is_stmt 1 discriminator 2
 8882 0284 7B6D     		ldr	r3, [r7, #84]
 8883 0286 0133     		adds	r3, r3, #1
 8884 0288 7B65     		str	r3, [r7, #84]
 8885              	.L346:
1948:main.c        ****         {
 8886              		.loc 1 1948 0 is_stmt 0 discriminator 1
 8887 028a 7B6D     		ldr	r3, [r7, #84]
 8888 028c 032B     		cmp	r3, #3
 8889 028e BCDD     		ble	.L349
 8890              	.LBE61:
1956:main.c        ****             }
1957:main.c        ****         }
1958:main.c        ****         
1959:main.c        ****         uint16_t valsStart = 4 + PRESET_NAME_LENGTH_IN_BYTES + (MACRO_NAME_LENGTH_IN_BYTES * NUM_MA
 8891              		.loc 1 1959 0 is_stmt 1
 8892 0290 8223     		movs	r3, #130
 8893 0292 BB86     		strh	r3, [r7, #52]	@ movhi
1960:main.c        ****         
1961:main.c        ****         presetArraySection = initialVals;
 8894              		.loc 1 1961 0
 8895 0294 094B     		ldr	r3, .L402+32
 8896 0296 0222     		movs	r2, #2
 8897 0298 1A70     		strb	r2, [r3]
1962:main.c        ****         
1963:main.c        ****         for (; sysexReadPointer < (messageEnd); sysexReadPointer = (sysexReadPointer+5))
 8898              		.loc 1 1963 0
 8899 029a 5EE2     		b	.L350
 8900              	.L403:
 8901              		.align	2
 8902              	.L402:
 8903 029c 00000000 		.word	parsingSysex
 8904 02a0 00000000 		.word	sysexMessageStartPointsReadPosition
 8905 02a4 00000000 		.word	sysexMessageStartPoints
ARM GAS  C:\Users\ggg88\AppData\Local\Temp\ccfc1YkT.s 			page 194


 8906 02a8 00000000 		.word	sysexReadPointer
 8907 02ac 00000000 		.word	sysexBuffer
 8908 02b0 00000000 		.word	nearbyValues
 8909 02b4 00000000 		.word	sysexMessageInProgress
 8910 02b8 00000000 		.word	currentFloat
 8911 02bc 00000000 		.word	presetArraySection
 8912 02c0 00000000 		.word	presetNumberToWrite
 8913 02c4 00000000 		.word	presetArray
 8914 02c8 00000000 		.word	presetNamesArray
 8915 02cc 00000000 		.word	macroNamesArray
 8916 02d0 00000000 		.word	controlNamesArray
 8917              	.L372:
1964:main.c        ****         {
1965:main.c        ****             theVal.u32 = 0;
 8918              		.loc 1 1965 0
 8919 02d4 0023     		movs	r3, #0
 8920 02d6 3B61     		str	r3, [r7, #16]
1966:main.c        ****             theVal.u32 |= ((sysexBuffer[sysexReadPointer & sysexPointerMask ] &15) << 28);
 8921              		.loc 1 1966 0
 8922 02d8 3B69     		ldr	r3, [r7, #16]
 8923 02da 9A4A     		ldr	r2, .L404
 8924 02dc 1268     		ldr	r2, [r2]
 8925 02de 40F2FF71 		movw	r1, #2047
 8926 02e2 0A40     		ands	r2, r2, r1
 8927 02e4 9849     		ldr	r1, .L404+4
 8928 02e6 8A5C     		ldrb	r2, [r1, r2]	@ zero_extendqisi2
 8929 02e8 1207     		lsls	r2, r2, #28
 8930 02ea 1343     		orrs	r3, r3, r2
 8931 02ec 3B61     		str	r3, [r7, #16]
1967:main.c        ****             theVal.u32 |= (sysexBuffer[(sysexReadPointer+1) & sysexPointerMask] << 21);
 8932              		.loc 1 1967 0
 8933 02ee 3B69     		ldr	r3, [r7, #16]
 8934 02f0 944A     		ldr	r2, .L404
 8935 02f2 1268     		ldr	r2, [r2]
 8936 02f4 0132     		adds	r2, r2, #1
 8937 02f6 40F2FF71 		movw	r1, #2047
 8938 02fa 0A40     		ands	r2, r2, r1
 8939 02fc 9249     		ldr	r1, .L404+4
 8940 02fe 8A5C     		ldrb	r2, [r1, r2]	@ zero_extendqisi2
 8941 0300 5205     		lsls	r2, r2, #21
 8942 0302 1343     		orrs	r3, r3, r2
 8943 0304 3B61     		str	r3, [r7, #16]
1968:main.c        ****             theVal.u32 |= (sysexBuffer[(sysexReadPointer+2) & sysexPointerMask] << 14);
 8944              		.loc 1 1968 0
 8945 0306 3B69     		ldr	r3, [r7, #16]
 8946 0308 8E4A     		ldr	r2, .L404
 8947 030a 1268     		ldr	r2, [r2]
 8948 030c 0232     		adds	r2, r2, #2
 8949 030e 40F2FF71 		movw	r1, #2047
 8950 0312 0A40     		ands	r2, r2, r1
 8951 0314 8C49     		ldr	r1, .L404+4
 8952 0316 8A5C     		ldrb	r2, [r1, r2]	@ zero_extendqisi2
 8953 0318 9203     		lsls	r2, r2, #14
 8954 031a 1343     		orrs	r3, r3, r2
 8955 031c 3B61     		str	r3, [r7, #16]
1969:main.c        ****             theVal.u32 |= (sysexBuffer[(sysexReadPointer+3) & sysexPointerMask] << 7);
 8956              		.loc 1 1969 0
ARM GAS  C:\Users\ggg88\AppData\Local\Temp\ccfc1YkT.s 			page 195


 8957 031e 3B69     		ldr	r3, [r7, #16]
 8958 0320 884A     		ldr	r2, .L404
 8959 0322 1268     		ldr	r2, [r2]
 8960 0324 0332     		adds	r2, r2, #3
 8961 0326 40F2FF71 		movw	r1, #2047
 8962 032a 0A40     		ands	r2, r2, r1
 8963 032c 8649     		ldr	r1, .L404+4
 8964 032e 8A5C     		ldrb	r2, [r1, r2]	@ zero_extendqisi2
 8965 0330 D201     		lsls	r2, r2, #7
 8966 0332 1343     		orrs	r3, r3, r2
 8967 0334 3B61     		str	r3, [r7, #16]
1970:main.c        ****             theVal.u32 |= (sysexBuffer[(sysexReadPointer+4) & sysexPointerMask] & 127);
 8968              		.loc 1 1970 0
 8969 0336 3A69     		ldr	r2, [r7, #16]
 8970 0338 824B     		ldr	r3, .L404
 8971 033a 1B68     		ldr	r3, [r3]
 8972 033c 0433     		adds	r3, r3, #4
 8973 033e 40F2FF71 		movw	r1, #2047
 8974 0342 0B40     		ands	r3, r3, r1
 8975 0344 8049     		ldr	r1, .L404+4
 8976 0346 CB5C     		ldrb	r3, [r1, r3]	@ zero_extendqisi2
 8977 0348 03F07F03 		and	r3, r3, #127
 8978 034c 1343     		orrs	r3, r3, r2
 8979 034e 3B61     		str	r3, [r7, #16]
1971:main.c        ****             testVal = theVal.f;
 8980              		.loc 1 1971 0
 8981 0350 3B69     		ldr	r3, [r7, #16]	@ float
 8982 0352 7E4A     		ldr	r2, .L404+8
 8983 0354 1360     		str	r3, [r2]	@ float
1972:main.c        ****             if (presetArraySection == initialVals)
 8984              		.loc 1 1972 0
 8985 0356 7E4B     		ldr	r3, .L404+12
 8986 0358 1B78     		ldrb	r3, [r3]	@ zero_extendqisi2
 8987 035a 022B     		cmp	r3, #2
 8988 035c 40F09D80 		bne	.L351
1973:main.c        ****             {
1974:main.c        **** 
1975:main.c        ****                 if (currentFloat == 0)
 8989              		.loc 1 1975 0
 8990 0360 7C4B     		ldr	r3, .L404+16
 8991 0362 1B68     		ldr	r3, [r3]
 8992 0364 002B     		cmp	r3, #0
 8993 0366 22D1     		bne	.L352
1976:main.c        ****                 {
1977:main.c        ****                     valsCount = (uint16_t) theVal.f;
 8994              		.loc 1 1977 0
 8995 0368 3B69     		ldr	r3, [r7, #16]	@ float
 8996 036a 1846     		mov	r0, r3
 8997 036c FFF7FEFF 		bl	__aeabi_f2uiz
 8998 0370 0346     		mov	r3, r0
 8999 0372 9AB2     		uxth	r2, r3
 9000 0374 784B     		ldr	r3, .L404+20
 9001 0376 1A80     		strh	r2, [r3]	@ movhi
1978:main.c        ****                     presetArray[valsStart + currentFloat++] = valsCount >> 8;
 9002              		.loc 1 1978 0
 9003 0378 BA8E     		ldrh	r2, [r7, #52]
 9004 037a 764B     		ldr	r3, .L404+16
ARM GAS  C:\Users\ggg88\AppData\Local\Temp\ccfc1YkT.s 			page 196


 9005 037c 1B68     		ldr	r3, [r3]
 9006 037e 591C     		adds	r1, r3, #1
 9007 0380 7448     		ldr	r0, .L404+16
 9008 0382 0160     		str	r1, [r0]
 9009 0384 1344     		add	r3, r3, r2
 9010 0386 744A     		ldr	r2, .L404+20
 9011 0388 1288     		ldrh	r2, [r2]
 9012 038a 120A     		lsrs	r2, r2, #8
 9013 038c 92B2     		uxth	r2, r2
 9014 038e D1B2     		uxtb	r1, r2
 9015 0390 724A     		ldr	r2, .L404+24
 9016 0392 D154     		strb	r1, [r2, r3]
1979:main.c        ****                     presetArray[valsStart + currentFloat++] = valsCount & 0xff;
 9017              		.loc 1 1979 0
 9018 0394 BA8E     		ldrh	r2, [r7, #52]
 9019 0396 6F4B     		ldr	r3, .L404+16
 9020 0398 1B68     		ldr	r3, [r3]
 9021 039a 591C     		adds	r1, r3, #1
 9022 039c 6D48     		ldr	r0, .L404+16
 9023 039e 0160     		str	r1, [r0]
 9024 03a0 1344     		add	r3, r3, r2
 9025 03a2 6D4A     		ldr	r2, .L404+20
 9026 03a4 1288     		ldrh	r2, [r2]
 9027 03a6 D1B2     		uxtb	r1, r2
 9028 03a8 6C4A     		ldr	r2, .L404+24
 9029 03aa D154     		strb	r1, [r2, r3]
 9030 03ac D0E1     		b	.L358
 9031              	.L352:
1980:main.c        ****                 }
1981:main.c        ****                 else if (currentFloat < ((valsCount+1)*2))
 9032              		.loc 1 1981 0
 9033 03ae 6A4B     		ldr	r3, .L404+20
 9034 03b0 1B88     		ldrh	r3, [r3]
 9035 03b2 0133     		adds	r3, r3, #1
 9036 03b4 5B00     		lsls	r3, r3, #1
 9037 03b6 1A46     		mov	r2, r3
 9038 03b8 664B     		ldr	r3, .L404+16
 9039 03ba 1B68     		ldr	r3, [r3]
 9040 03bc 9A42     		cmp	r2, r3
 9041 03be 23D9     		bls	.L354
 9042              	.LBB63:
1982:main.c        ****                 { 
1983:main.c        ****                     uint16_t intVal = (uint16_t)(theVal.f * 65535.0f);
 9043              		.loc 1 1983 0
 9044 03c0 3B69     		ldr	r3, [r7, #16]	@ float
 9045 03c2 6749     		ldr	r1, .L404+28
 9046 03c4 1846     		mov	r0, r3
 9047 03c6 FFF7FEFF 		bl	__aeabi_fmul
 9048 03ca 0346     		mov	r3, r0
 9049 03cc 1846     		mov	r0, r3
 9050 03ce FFF7FEFF 		bl	__aeabi_f2uiz
 9051 03d2 0346     		mov	r3, r0
 9052 03d4 7B86     		strh	r3, [r7, #50]	@ movhi
1984:main.c        ****                     presetArray[valsStart + currentFloat++] = intVal >> 8;
 9053              		.loc 1 1984 0
 9054 03d6 BA8E     		ldrh	r2, [r7, #52]
 9055 03d8 5E4B     		ldr	r3, .L404+16
ARM GAS  C:\Users\ggg88\AppData\Local\Temp\ccfc1YkT.s 			page 197


 9056 03da 1B68     		ldr	r3, [r3]
 9057 03dc 591C     		adds	r1, r3, #1
 9058 03de 5D48     		ldr	r0, .L404+16
 9059 03e0 0160     		str	r1, [r0]
 9060 03e2 1344     		add	r3, r3, r2
 9061 03e4 7A8E     		ldrh	r2, [r7, #50]
 9062 03e6 120A     		lsrs	r2, r2, #8
 9063 03e8 92B2     		uxth	r2, r2
 9064 03ea D1B2     		uxtb	r1, r2
 9065 03ec 5B4A     		ldr	r2, .L404+24
 9066 03ee D154     		strb	r1, [r2, r3]
1985:main.c        ****                     presetArray[valsStart + currentFloat++] = intVal & 0xff;
 9067              		.loc 1 1985 0
 9068 03f0 BA8E     		ldrh	r2, [r7, #52]
 9069 03f2 584B     		ldr	r3, .L404+16
 9070 03f4 1B68     		ldr	r3, [r3]
 9071 03f6 591C     		adds	r1, r3, #1
 9072 03f8 5648     		ldr	r0, .L404+16
 9073 03fa 0160     		str	r1, [r0]
 9074 03fc 1344     		add	r3, r3, r2
 9075 03fe 7A8E     		ldrh	r2, [r7, #50]	@ movhi
 9076 0400 D1B2     		uxtb	r1, r2
 9077 0402 564A     		ldr	r2, .L404+24
 9078 0404 D154     		strb	r1, [r2, r3]
 9079              	.LBE63:
 9080 0406 A3E1     		b	.L358
 9081              	.L354:
1986:main.c        ****                 }
1987:main.c        ****                 else if (currentFloat == ((valsCount+1)*2))
 9082              		.loc 1 1987 0
 9083 0408 534B     		ldr	r3, .L404+20
 9084 040a 1B88     		ldrh	r3, [r3]
 9085 040c 0133     		adds	r3, r3, #1
 9086 040e 5B00     		lsls	r3, r3, #1
 9087 0410 1A46     		mov	r2, r3
 9088 0412 504B     		ldr	r3, .L404+16
 9089 0414 1B68     		ldr	r3, [r3]
 9090 0416 9A42     		cmp	r2, r3
 9091 0418 40F09A81 		bne	.L358
1988:main.c        ****                 {
1989:main.c        ****                     valCheck = theVal.f;
 9092              		.loc 1 1989 0
 9093 041c 3B69     		ldr	r3, [r7, #16]	@ float
 9094 041e 514A     		ldr	r2, .L404+32
 9095 0420 1360     		str	r3, [r2]	@ float
1990:main.c        ****                     if ((valCheck < -1.5f) && (valCheck > -2.5f))
 9096              		.loc 1 1990 0
 9097 0422 504B     		ldr	r3, .L404+32
 9098 0424 1B68     		ldr	r3, [r3]	@ float
 9099 0426 5049     		ldr	r1, .L404+36
 9100 0428 1846     		mov	r0, r3
 9101 042a FFF7FEFF 		bl	__aeabi_fcmplt
 9102 042e 0346     		mov	r3, r0
 9103 0430 002B     		cmp	r3, #0
 9104 0432 23D0     		beq	.L355
 9105              		.loc 1 1990 0 is_stmt 0 discriminator 1
 9106 0434 4B4B     		ldr	r3, .L404+32
ARM GAS  C:\Users\ggg88\AppData\Local\Temp\ccfc1YkT.s 			page 198


 9107 0436 1B68     		ldr	r3, [r3]	@ float
 9108 0438 4C49     		ldr	r1, .L404+40
 9109 043a 1846     		mov	r0, r3
 9110 043c FFF7FEFF 		bl	__aeabi_fcmpgt
 9111 0440 0346     		mov	r3, r0
 9112 0442 002B     		cmp	r3, #0
 9113 0444 1AD0     		beq	.L355
1991:main.c        ****                     {
1992:main.c        ****                         presetArray[valsStart + currentFloat++] = 0xef;
 9114              		.loc 1 1992 0 is_stmt 1
 9115 0446 BA8E     		ldrh	r2, [r7, #52]
 9116 0448 424B     		ldr	r3, .L404+16
 9117 044a 1B68     		ldr	r3, [r3]
 9118 044c 591C     		adds	r1, r3, #1
 9119 044e 4148     		ldr	r0, .L404+16
 9120 0450 0160     		str	r1, [r0]
 9121 0452 1344     		add	r3, r3, r2
 9122 0454 414A     		ldr	r2, .L404+24
 9123 0456 EF21     		movs	r1, #239
 9124 0458 D154     		strb	r1, [r2, r3]
1993:main.c        ****                         presetArray[valsStart + currentFloat++] = 0xef;
 9125              		.loc 1 1993 0
 9126 045a BA8E     		ldrh	r2, [r7, #52]
 9127 045c 3D4B     		ldr	r3, .L404+16
 9128 045e 1B68     		ldr	r3, [r3]
 9129 0460 591C     		adds	r1, r3, #1
 9130 0462 3C48     		ldr	r0, .L404+16
 9131 0464 0160     		str	r1, [r0]
 9132 0466 1344     		add	r3, r3, r2
 9133 0468 3C4A     		ldr	r2, .L404+24
 9134 046a EF21     		movs	r1, #239
 9135 046c D154     		strb	r1, [r2, r3]
1994:main.c        ****                         presetArraySection = mapCountNext;
 9136              		.loc 1 1994 0
 9137 046e 384B     		ldr	r3, .L404+12
 9138 0470 0322     		movs	r2, #3
 9139 0472 1A70     		strb	r2, [r3]
1995:main.c        ****                         mapCount = 0;
 9140              		.loc 1 1995 0
 9141 0474 3E4B     		ldr	r3, .L404+44
 9142 0476 0022     		movs	r2, #0
 9143 0478 1A60     		str	r2, [r3]
 9144 047a 69E1     		b	.L358
 9145              	.L355:
1996:main.c        ****                     }
1997:main.c        ****                     else
1998:main.c        ****                     {
1999:main.c        ****                         //error state
2000:main.c        ****                         SPI_errors++;
 9146              		.loc 1 2000 0
 9147 047c 3D4B     		ldr	r3, .L404+48
 9148 047e 1B68     		ldr	r3, [r3]
 9149 0480 0133     		adds	r3, r3, #1
 9150 0482 3C4A     		ldr	r2, .L404+48
 9151 0484 1360     		str	r3, [r2]
2001:main.c        ****                         sysexMessageInProgress = 0;
 9152              		.loc 1 2001 0
ARM GAS  C:\Users\ggg88\AppData\Local\Temp\ccfc1YkT.s 			page 199


 9153 0486 3C4B     		ldr	r3, .L404+52
 9154 0488 0022     		movs	r2, #0
 9155 048a 1A70     		strb	r2, [r3]
2002:main.c        ****                         //sysexPointer = 0;
2003:main.c        ****                         sendingMessage = 0;
 9156              		.loc 1 2003 0
 9157 048c 3B4B     		ldr	r3, .L404+56
 9158 048e 0022     		movs	r2, #0
 9159 0490 1A70     		strb	r2, [r3]
2004:main.c        ****                         parseThatMF = 0;
 9160              		.loc 1 2004 0
 9161 0492 3B4B     		ldr	r3, .L404+60
 9162 0494 0022     		movs	r2, #0
 9163 0496 1A70     		strb	r2, [r3]
 9164 0498 5AE1     		b	.L358
 9165              	.L351:
2005:main.c        ****                     }
2006:main.c        ****                 }
2007:main.c        ****             }
2008:main.c        ****             else if (presetArraySection == mapCountNext)
 9166              		.loc 1 2008 0
 9167 049a 2D4B     		ldr	r3, .L404+12
 9168 049c 1B78     		ldrb	r3, [r3]	@ zero_extendqisi2
 9169 049e 032B     		cmp	r3, #3
 9170 04a0 28D1     		bne	.L359
2009:main.c        ****             {
2010:main.c        ****                 mapCountExpectation = (uint16_t)theVal.f;
 9171              		.loc 1 2010 0
 9172 04a2 3B69     		ldr	r3, [r7, #16]	@ float
 9173 04a4 1846     		mov	r0, r3
 9174 04a6 FFF7FEFF 		bl	__aeabi_f2uiz
 9175 04aa 0346     		mov	r3, r0
 9176 04ac 9AB2     		uxth	r2, r3
 9177 04ae 354B     		ldr	r3, .L404+64
 9178 04b0 1A80     		strh	r2, [r3]	@ movhi
2011:main.c        ****                 presetArray[valsStart + currentFloat++] = mapCountExpectation >> 8;
 9179              		.loc 1 2011 0
 9180 04b2 BA8E     		ldrh	r2, [r7, #52]
 9181 04b4 274B     		ldr	r3, .L404+16
 9182 04b6 1B68     		ldr	r3, [r3]
 9183 04b8 591C     		adds	r1, r3, #1
 9184 04ba 2648     		ldr	r0, .L404+16
 9185 04bc 0160     		str	r1, [r0]
 9186 04be 1344     		add	r3, r3, r2
 9187 04c0 304A     		ldr	r2, .L404+64
 9188 04c2 1288     		ldrh	r2, [r2]
 9189 04c4 120A     		lsrs	r2, r2, #8
 9190 04c6 92B2     		uxth	r2, r2
 9191 04c8 D1B2     		uxtb	r1, r2
 9192 04ca 244A     		ldr	r2, .L404+24
 9193 04cc D154     		strb	r1, [r2, r3]
2012:main.c        ****                 presetArray[valsStart + currentFloat++] = mapCountExpectation & 0xff;
 9194              		.loc 1 2012 0
 9195 04ce BA8E     		ldrh	r2, [r7, #52]
 9196 04d0 204B     		ldr	r3, .L404+16
 9197 04d2 1B68     		ldr	r3, [r3]
 9198 04d4 591C     		adds	r1, r3, #1
ARM GAS  C:\Users\ggg88\AppData\Local\Temp\ccfc1YkT.s 			page 200


 9199 04d6 1F48     		ldr	r0, .L404+16
 9200 04d8 0160     		str	r1, [r0]
 9201 04da 1344     		add	r3, r3, r2
 9202 04dc 294A     		ldr	r2, .L404+64
 9203 04de 1288     		ldrh	r2, [r2]
 9204 04e0 D1B2     		uxtb	r1, r2
 9205 04e2 1E4A     		ldr	r2, .L404+24
 9206 04e4 D154     		strb	r1, [r2, r3]
2013:main.c        ****                 presetArraySection = mapping;
 9207              		.loc 1 2013 0
 9208 04e6 1A4B     		ldr	r3, .L404+12
 9209 04e8 0422     		movs	r2, #4
 9210 04ea 1A70     		strb	r2, [r3]
2014:main.c        ****                 numMappings = 0;
 9211              		.loc 1 2014 0
 9212 04ec 264B     		ldr	r3, .L404+68
 9213 04ee 0022     		movs	r2, #0
 9214 04f0 1A80     		strh	r2, [r3]	@ movhi
 9215 04f2 2DE1     		b	.L358
 9216              	.L359:
2015:main.c        ****             }
2016:main.c        ****             else if (presetArraySection == mapping)
 9217              		.loc 1 2016 0
 9218 04f4 164B     		ldr	r3, .L404+12
 9219 04f6 1B78     		ldrb	r3, [r3]	@ zero_extendqisi2
 9220 04f8 042B     		cmp	r3, #4
 9221 04fa 40F02981 		bne	.L358
2017:main.c        ****             {
2018:main.c        ****                 // this is the order
2019:main.c        ****                 // source (int), target (int), scalarSource (arrives as -1.0f if no scalar, send as
2020:main.c        ****                 if (numMappings < mapCountExpectation)
 9222              		.loc 1 2020 0
 9223 04fe 224B     		ldr	r3, .L404+68
 9224 0500 1A88     		ldrh	r2, [r3]
 9225 0502 204B     		ldr	r3, .L404+64
 9226 0504 1B88     		ldrh	r3, [r3]
 9227 0506 9A42     		cmp	r2, r3
 9228 0508 80F0DA80 		bcs	.L360
2021:main.c        ****                 {
2022:main.c        ****                     if ((mapCount % 5) == 0)
 9229              		.loc 1 2022 0
 9230 050c 184B     		ldr	r3, .L404+44
 9231 050e 1968     		ldr	r1, [r3]
 9232 0510 1E4B     		ldr	r3, .L404+72
 9233 0512 A3FB0123 		umull	r2, r3, r3, r1
 9234 0516 9A08     		lsrs	r2, r3, #2
 9235 0518 1346     		mov	r3, r2
 9236 051a 9B00     		lsls	r3, r3, #2
 9237 051c 1344     		add	r3, r3, r2
 9238 051e CA1A     		subs	r2, r1, r3
 9239 0520 002A     		cmp	r2, #0
 9240 0522 35D1     		bne	.L361
2023:main.c        ****                     {
2024:main.c        ****                         presetArray[valsStart + currentFloat++] = (uint8_t)theVal.f;
 9241              		.loc 1 2024 0
 9242 0524 BA8E     		ldrh	r2, [r7, #52]
 9243 0526 0B4B     		ldr	r3, .L404+16
ARM GAS  C:\Users\ggg88\AppData\Local\Temp\ccfc1YkT.s 			page 201


 9244 0528 1B68     		ldr	r3, [r3]
 9245 052a 591C     		adds	r1, r3, #1
 9246 052c 0948     		ldr	r0, .L404+16
 9247 052e 0160     		str	r1, [r0]
 9248 0530 D418     		adds	r4, r2, r3
 9249 0532 3B69     		ldr	r3, [r7, #16]	@ float
 9250 0534 1846     		mov	r0, r3
 9251 0536 FFF7FEFF 		bl	__aeabi_f2uiz
 9252 053a 0346     		mov	r3, r0
 9253 053c DAB2     		uxtb	r2, r3
 9254 053e 074B     		ldr	r3, .L404+24
 9255 0540 1A55     		strb	r2, [r3, r4]
 9256 0542 B7E0     		b	.L362
 9257              	.L405:
 9258              		.align	2
 9259              	.L404:
 9260 0544 00000000 		.word	sysexReadPointer
 9261 0548 00000000 		.word	sysexBuffer
 9262 054c 00000000 		.word	testVal
 9263 0550 00000000 		.word	presetArraySection
 9264 0554 00000000 		.word	currentFloat
 9265 0558 00000000 		.word	valsCount
 9266 055c 00000000 		.word	presetArray
 9267 0560 00FF7F47 		.word	1199570688
 9268 0564 00000000 		.word	valCheck
 9269 0568 0000C0BF 		.word	-1077936128
 9270 056c 000020C0 		.word	-1071644672
 9271 0570 00000000 		.word	mapCount
 9272 0574 00000000 		.word	SPI_errors
 9273 0578 00000000 		.word	sysexMessageInProgress
 9274 057c 00000000 		.word	sendingMessage
 9275 0580 00000000 		.word	parseThatMF
 9276 0584 00000000 		.word	mapCountExpectation
 9277 0588 00000000 		.word	numMappings
 9278 058c CDCCCCCC 		.word	-858993459
 9279              	.L361:
2025:main.c        ****                     }
2026:main.c        ****                     else if  (mapCount % 5 == 1)
 9280              		.loc 1 2026 0
 9281 0590 984B     		ldr	r3, .L406
 9282 0592 1968     		ldr	r1, [r3]
 9283 0594 984B     		ldr	r3, .L406+4
 9284 0596 A3FB0123 		umull	r2, r3, r3, r1
 9285 059a 9A08     		lsrs	r2, r3, #2
 9286 059c 1346     		mov	r3, r2
 9287 059e 9B00     		lsls	r3, r3, #2
 9288 05a0 1344     		add	r3, r3, r2
 9289 05a2 CA1A     		subs	r2, r1, r3
 9290 05a4 012A     		cmp	r2, #1
 9291 05a6 0FD1     		bne	.L363
2027:main.c        ****                     {
2028:main.c        ****                         presetArray[valsStart + currentFloat++] = (uint8_t)theVal.f;
 9292              		.loc 1 2028 0
 9293 05a8 BA8E     		ldrh	r2, [r7, #52]
 9294 05aa 944B     		ldr	r3, .L406+8
 9295 05ac 1B68     		ldr	r3, [r3]
 9296 05ae 591C     		adds	r1, r3, #1
ARM GAS  C:\Users\ggg88\AppData\Local\Temp\ccfc1YkT.s 			page 202


 9297 05b0 9248     		ldr	r0, .L406+8
 9298 05b2 0160     		str	r1, [r0]
 9299 05b4 D418     		adds	r4, r2, r3
 9300 05b6 3B69     		ldr	r3, [r7, #16]	@ float
 9301 05b8 1846     		mov	r0, r3
 9302 05ba FFF7FEFF 		bl	__aeabi_f2uiz
 9303 05be 0346     		mov	r3, r0
 9304 05c0 DAB2     		uxtb	r2, r3
 9305 05c2 8F4B     		ldr	r3, .L406+12
 9306 05c4 1A55     		strb	r2, [r3, r4]
 9307 05c6 75E0     		b	.L362
 9308              	.L363:
2029:main.c        ****                     }
2030:main.c        ****                     else if (mapCount % 5 == 2) //check if the scalar source is -1 (if so send 255 
 9309              		.loc 1 2030 0
 9310 05c8 8A4B     		ldr	r3, .L406
 9311 05ca 1968     		ldr	r1, [r3]
 9312 05cc 8A4B     		ldr	r3, .L406+4
 9313 05ce A3FB0123 		umull	r2, r3, r3, r1
 9314 05d2 9A08     		lsrs	r2, r3, #2
 9315 05d4 1346     		mov	r3, r2
 9316 05d6 9B00     		lsls	r3, r3, #2
 9317 05d8 1344     		add	r3, r3, r2
 9318 05da CA1A     		subs	r2, r1, r3
 9319 05dc 022A     		cmp	r2, #2
 9320 05de 23D1     		bne	.L364
2031:main.c        ****                     {
2032:main.c        ****                         if (theVal.f < 0.0f)
 9321              		.loc 1 2032 0
 9322 05e0 3B69     		ldr	r3, [r7, #16]	@ float
 9323 05e2 4FF00001 		mov	r1, #0
 9324 05e6 1846     		mov	r0, r3
 9325 05e8 FFF7FEFF 		bl	__aeabi_fcmplt
 9326 05ec 0346     		mov	r3, r0
 9327 05ee 002B     		cmp	r3, #0
 9328 05f0 0AD0     		beq	.L400
2033:main.c        ****                         {
2034:main.c        ****                              presetArray[valsStart + currentFloat++] = 0xff;
 9329              		.loc 1 2034 0
 9330 05f2 BA8E     		ldrh	r2, [r7, #52]
 9331 05f4 814B     		ldr	r3, .L406+8
 9332 05f6 1B68     		ldr	r3, [r3]
 9333 05f8 591C     		adds	r1, r3, #1
 9334 05fa 8048     		ldr	r0, .L406+8
 9335 05fc 0160     		str	r1, [r0]
 9336 05fe 1344     		add	r3, r3, r2
 9337 0600 7F4A     		ldr	r2, .L406+12
 9338 0602 FF21     		movs	r1, #255
 9339 0604 D154     		strb	r1, [r2, r3]
 9340 0606 55E0     		b	.L362
 9341              	.L400:
2035:main.c        ****                         }
2036:main.c        ****                         else
2037:main.c        ****                         {
2038:main.c        ****                              presetArray[valsStart + currentFloat++] = (uint8_t)theVal.f;
 9342              		.loc 1 2038 0
 9343 0608 BA8E     		ldrh	r2, [r7, #52]
ARM GAS  C:\Users\ggg88\AppData\Local\Temp\ccfc1YkT.s 			page 203


 9344 060a 7C4B     		ldr	r3, .L406+8
 9345 060c 1B68     		ldr	r3, [r3]
 9346 060e 591C     		adds	r1, r3, #1
 9347 0610 7A48     		ldr	r0, .L406+8
 9348 0612 0160     		str	r1, [r0]
 9349 0614 D418     		adds	r4, r2, r3
 9350 0616 3B69     		ldr	r3, [r7, #16]	@ float
 9351 0618 1846     		mov	r0, r3
 9352 061a FFF7FEFF 		bl	__aeabi_f2uiz
 9353 061e 0346     		mov	r3, r0
 9354 0620 DAB2     		uxtb	r2, r3
 9355 0622 774B     		ldr	r3, .L406+12
 9356 0624 1A55     		strb	r2, [r3, r4]
 9357 0626 45E0     		b	.L362
 9358              	.L364:
2039:main.c        ****                         }
2040:main.c        ****                     }
2041:main.c        ****                     else if (mapCount % 5 == 3)
 9359              		.loc 1 2041 0
 9360 0628 724B     		ldr	r3, .L406
 9361 062a 1968     		ldr	r1, [r3]
 9362 062c 724B     		ldr	r3, .L406+4
 9363 062e A3FB0123 		umull	r2, r3, r3, r1
 9364 0632 9A08     		lsrs	r2, r3, #2
 9365 0634 1346     		mov	r3, r2
 9366 0636 9B00     		lsls	r3, r3, #2
 9367 0638 1344     		add	r3, r3, r2
 9368 063a CA1A     		subs	r2, r1, r3
 9369 063c 032A     		cmp	r2, #3
 9370 063e 24D1     		bne	.L368
 9371              	.LBB64:
2042:main.c        ****                     {
2043:main.c        ****                         int16_t intVal = (int16_t)(theVal.f * 32767.0f); //keep it signed to allow 
 9372              		.loc 1 2043 0
 9373 0640 3B69     		ldr	r3, [r7, #16]	@ float
 9374 0642 7049     		ldr	r1, .L406+16
 9375 0644 1846     		mov	r0, r3
 9376 0646 FFF7FEFF 		bl	__aeabi_fmul
 9377 064a 0346     		mov	r3, r0
 9378 064c 1846     		mov	r0, r3
 9379 064e FFF7FEFF 		bl	__aeabi_f2iz
 9380 0652 0346     		mov	r3, r0
 9381 0654 3B86     		strh	r3, [r7, #48]	@ movhi
2044:main.c        ****                         presetArray[valsStart + currentFloat++] = intVal >> 8;
 9382              		.loc 1 2044 0
 9383 0656 BA8E     		ldrh	r2, [r7, #52]
 9384 0658 684B     		ldr	r3, .L406+8
 9385 065a 1B68     		ldr	r3, [r3]
 9386 065c 591C     		adds	r1, r3, #1
 9387 065e 6748     		ldr	r0, .L406+8
 9388 0660 0160     		str	r1, [r0]
 9389 0662 1344     		add	r3, r3, r2
 9390 0664 B7F93020 		ldrsh	r2, [r7, #48]
 9391 0668 1212     		asrs	r2, r2, #8
 9392 066a 12B2     		sxth	r2, r2
 9393 066c D1B2     		uxtb	r1, r2
 9394 066e 644A     		ldr	r2, .L406+12
ARM GAS  C:\Users\ggg88\AppData\Local\Temp\ccfc1YkT.s 			page 204


 9395 0670 D154     		strb	r1, [r2, r3]
2045:main.c        ****                         presetArray[valsStart + currentFloat++] = intVal & 0xff;
 9396              		.loc 1 2045 0
 9397 0672 BA8E     		ldrh	r2, [r7, #52]
 9398 0674 614B     		ldr	r3, .L406+8
 9399 0676 1B68     		ldr	r3, [r3]
 9400 0678 591C     		adds	r1, r3, #1
 9401 067a 6048     		ldr	r0, .L406+8
 9402 067c 0160     		str	r1, [r0]
 9403 067e 1344     		add	r3, r3, r2
 9404 0680 3A8E     		ldrh	r2, [r7, #48]	@ movhi
 9405 0682 D1B2     		uxtb	r1, r2
 9406 0684 5E4A     		ldr	r2, .L406+12
 9407 0686 D154     		strb	r1, [r2, r3]
 9408              	.LBE64:
 9409 0688 14E0     		b	.L362
 9410              	.L368:
2046:main.c        **** 
2047:main.c        ****                     }
2048:main.c        ****                     else
2049:main.c        ****                     {
2050:main.c        ****                         presetArray[valsStart + currentFloat++] = (uint8_t)theVal.f;
 9411              		.loc 1 2050 0
 9412 068a BA8E     		ldrh	r2, [r7, #52]
 9413 068c 5B4B     		ldr	r3, .L406+8
 9414 068e 1B68     		ldr	r3, [r3]
 9415 0690 591C     		adds	r1, r3, #1
 9416 0692 5A48     		ldr	r0, .L406+8
 9417 0694 0160     		str	r1, [r0]
 9418 0696 D418     		adds	r4, r2, r3
 9419 0698 3B69     		ldr	r3, [r7, #16]	@ float
 9420 069a 1846     		mov	r0, r3
 9421 069c FFF7FEFF 		bl	__aeabi_f2uiz
 9422 06a0 0346     		mov	r3, r0
 9423 06a2 DAB2     		uxtb	r2, r3
 9424 06a4 564B     		ldr	r3, .L406+12
 9425 06a6 1A55     		strb	r2, [r3, r4]
2051:main.c        ****                         numMappings++;
 9426              		.loc 1 2051 0
 9427 06a8 574B     		ldr	r3, .L406+20
 9428 06aa 1B88     		ldrh	r3, [r3]
 9429 06ac 0133     		adds	r3, r3, #1
 9430 06ae 9AB2     		uxth	r2, r3
 9431 06b0 554B     		ldr	r3, .L406+20
 9432 06b2 1A80     		strh	r2, [r3]	@ movhi
 9433              	.L362:
2052:main.c        ****                     }
2053:main.c        ****                     mapCount++;
 9434              		.loc 1 2053 0
 9435 06b4 4F4B     		ldr	r3, .L406
 9436 06b6 1B68     		ldr	r3, [r3]
 9437 06b8 0133     		adds	r3, r3, #1
 9438 06ba 4E4A     		ldr	r2, .L406
 9439 06bc 1360     		str	r3, [r2]
 9440 06be 47E0     		b	.L358
 9441              	.L360:
2054:main.c        ****                 }
ARM GAS  C:\Users\ggg88\AppData\Local\Temp\ccfc1YkT.s 			page 205


2055:main.c        ****                 
2056:main.c        **** 
2057:main.c        ****                 else
2058:main.c        ****                 {
2059:main.c        ****                     //mapcount ended
2060:main.c        ****                     if ((theVal.f < -2.5f) && (theVal.f > -3.5f))
 9442              		.loc 1 2060 0
 9443 06c0 3B69     		ldr	r3, [r7, #16]	@ float
 9444 06c2 5249     		ldr	r1, .L406+24
 9445 06c4 1846     		mov	r0, r3
 9446 06c6 FFF7FEFF 		bl	__aeabi_fcmplt
 9447 06ca 0346     		mov	r3, r0
 9448 06cc 002B     		cmp	r3, #0
 9449 06ce 31D0     		beq	.L369
 9450              		.loc 1 2060 0 is_stmt 0 discriminator 1
 9451 06d0 3B69     		ldr	r3, [r7, #16]	@ float
 9452 06d2 4F49     		ldr	r1, .L406+28
 9453 06d4 1846     		mov	r0, r3
 9454 06d6 FFF7FEFF 		bl	__aeabi_fcmpgt
 9455 06da 0346     		mov	r3, r0
 9456 06dc 002B     		cmp	r3, #0
 9457 06de 29D0     		beq	.L369
2061:main.c        ****                     {
2062:main.c        ****                         presetArray[valsStart + currentFloat++] = 0xfe;
 9458              		.loc 1 2062 0 is_stmt 1
 9459 06e0 BA8E     		ldrh	r2, [r7, #52]
 9460 06e2 464B     		ldr	r3, .L406+8
 9461 06e4 1B68     		ldr	r3, [r3]
 9462 06e6 591C     		adds	r1, r3, #1
 9463 06e8 4448     		ldr	r0, .L406+8
 9464 06ea 0160     		str	r1, [r0]
 9465 06ec 1344     		add	r3, r3, r2
 9466 06ee 444A     		ldr	r2, .L406+12
 9467 06f0 FE21     		movs	r1, #254
 9468 06f2 D154     		strb	r1, [r2, r3]
2063:main.c        ****                         presetArray[valsStart + currentFloat++] = 0xfe;
 9469              		.loc 1 2063 0
 9470 06f4 BA8E     		ldrh	r2, [r7, #52]
 9471 06f6 414B     		ldr	r3, .L406+8
 9472 06f8 1B68     		ldr	r3, [r3]
 9473 06fa 591C     		adds	r1, r3, #1
 9474 06fc 3F48     		ldr	r0, .L406+8
 9475 06fe 0160     		str	r1, [r0]
 9476 0700 1344     		add	r3, r3, r2
 9477 0702 3F4A     		ldr	r2, .L406+12
 9478 0704 FE21     		movs	r1, #254
 9479 0706 D154     		strb	r1, [r2, r3]
2064:main.c        ****                         presetArraySection = presetEnd;
 9480              		.loc 1 2064 0
 9481 0708 424B     		ldr	r3, .L406+32
 9482 070a 0522     		movs	r2, #5
 9483 070c 1A70     		strb	r2, [r3]
2065:main.c        ****                         sysexMessageInProgress = 0;
 9484              		.loc 1 2065 0
 9485 070e 424B     		ldr	r3, .L406+36
 9486 0710 0022     		movs	r2, #0
 9487 0712 1A70     		strb	r2, [r3]
ARM GAS  C:\Users\ggg88\AppData\Local\Temp\ccfc1YkT.s 			page 206


2066:main.c        ****                         sendingMessage = 1;
 9488              		.loc 1 2066 0
 9489 0714 414B     		ldr	r3, .L406+40
 9490 0716 0122     		movs	r2, #1
 9491 0718 1A70     		strb	r2, [r3]
2067:main.c        ****                         patchNum = presetNumberToWrite;
 9492              		.loc 1 2067 0
 9493 071a 414B     		ldr	r3, .L406+44
 9494 071c 1A78     		ldrb	r2, [r3]	@ zero_extendqisi2
 9495 071e 414B     		ldr	r3, .L406+48
 9496 0720 1A70     		strb	r2, [r3]
2068:main.c        ****                         messageArraySize = valsStart + currentFloat;
 9497              		.loc 1 2068 0
 9498 0722 364B     		ldr	r3, .L406+8
 9499 0724 1B68     		ldr	r3, [r3]
 9500 0726 9AB2     		uxth	r2, r3
 9501 0728 BB8E     		ldrh	r3, [r7, #52]	@ movhi
 9502 072a 1344     		add	r3, r3, r2
 9503 072c 9AB2     		uxth	r2, r3
 9504 072e 3E4B     		ldr	r3, .L406+52
 9505 0730 1A80     		strh	r2, [r3]	@ movhi
 9506 0732 0DE0     		b	.L358
 9507              	.L369:
2069:main.c        ****                     }
2070:main.c        ****                     else
2071:main.c        ****                     {
2072:main.c        ****                         //error state
2073:main.c        ****                         SPI_errors++;
 9508              		.loc 1 2073 0
 9509 0734 3D4B     		ldr	r3, .L406+56
 9510 0736 1B68     		ldr	r3, [r3]
 9511 0738 0133     		adds	r3, r3, #1
 9512 073a 3C4A     		ldr	r2, .L406+56
 9513 073c 1360     		str	r3, [r2]
2074:main.c        ****                         sysexMessageInProgress = 0;
 9514              		.loc 1 2074 0
 9515 073e 364B     		ldr	r3, .L406+36
 9516 0740 0022     		movs	r2, #0
 9517 0742 1A70     		strb	r2, [r3]
2075:main.c        ****                        // sysexPointer = 0;
2076:main.c        ****                         sendingMessage = 0;
 9518              		.loc 1 2076 0
 9519 0744 354B     		ldr	r3, .L406+40
 9520 0746 0022     		movs	r2, #0
 9521 0748 1A70     		strb	r2, [r3]
2077:main.c        ****                         parseThatMF = 0;
 9522              		.loc 1 2077 0
 9523 074a 394B     		ldr	r3, .L406+60
 9524 074c 0022     		movs	r2, #0
 9525 074e 1A70     		strb	r2, [r3]
 9526              	.L358:
1963:main.c        ****         {
 9527              		.loc 1 1963 0
 9528 0750 384B     		ldr	r3, .L406+64
 9529 0752 1B68     		ldr	r3, [r3]
 9530 0754 0533     		adds	r3, r3, #5
 9531 0756 374A     		ldr	r2, .L406+64
ARM GAS  C:\Users\ggg88\AppData\Local\Temp\ccfc1YkT.s 			page 207


 9532 0758 1360     		str	r3, [r2]
 9533              	.L350:
1963:main.c        ****         {
 9534              		.loc 1 1963 0 is_stmt 0 discriminator 1
 9535 075a 364B     		ldr	r3, .L406+64
 9536 075c 1A68     		ldr	r2, [r3]
 9537 075e BB6B     		ldr	r3, [r7, #56]
 9538 0760 9A42     		cmp	r2, r3
 9539 0762 FFF4B7AD 		bcc	.L372
 9540 0766 77E3     		b	.L373
 9541              	.L339:
 9542              	.LBE58:
2078:main.c        ****                     }
2079:main.c        ****                 }
2080:main.c        ****             }
2081:main.c        ****             
2082:main.c        ****         }
2083:main.c        ****     }
2084:main.c        ****     #if 0
2085:main.c        ****     else if (sysexBuffer[0] == 1) //its a tuning
2086:main.c        ****     {
2087:main.c        ****         
2088:main.c        ****         sysexMessageInProgress = 1; // set a flag that we've started a sysex preset transfer. May t
2089:main.c        ****         currentFloat = 0;
2090:main.c        ****         presetNumberToWrite = sysexBuffer[1];
2091:main.c        ****         union breakFloat theVal;
2092:main.c        ****         for (uint32_t i = 2; i < sysexPointer; i = i+5)
2093:main.c        ****         {
2094:main.c        ****             theVal.u32 = 0;
2095:main.c        ****             theVal.u32 |= ((sysexBuffer[i] &15) << 28);
2096:main.c        ****             theVal.u32 |= (sysexBuffer[i+1] << 21);
2097:main.c        ****             theVal.u32 |= (sysexBuffer[i+2] << 14);
2098:main.c        ****             theVal.u32 |= (sysexBuffer[i+3] << 7);
2099:main.c        ****             theVal.u32 |= (sysexBuffer[i+4] & 127);
2100:main.c        ****             testVal = theVal.f;
2101:main.c        ****             uint16_t intVal = (uint16_t)(theVal.f * 512.0f);//(uint16_t)(theVal.f * 65535.0f);
2102:main.c        ****             tuningArray[currentFloat++] = intVal >> 8;
2103:main.c        ****             tuningArray[currentFloat++] = intVal & 0xff;
2104:main.c        ****         }
2105:main.c        ****         
2106:main.c        ****         tuningArray[currentFloat++] = 0xef;
2107:main.c        ****         tuningArray[currentFloat++] = 0xef;
2108:main.c        ****                         
2109:main.c        ****         
2110:main.c        ****         messageArraySize = currentFloat;
2111:main.c        ****                     
2112:main.c        ****         if(messageArraySize != TUNING_ARRAY_SIZE)
2113:main.c        ****         {
2114:main.c        ****             //error state
2115:main.c        ****             SPI_errors++;
2116:main.c        ****             sysexMessageInProgress = 0;
2117:main.c        ****             sysexPointer = 0;
2118:main.c        ****             sendingMessage = 0;
2119:main.c        ****             parseThatMF = 0;
2120:main.c        ****         } else 
2121:main.c        ****         {
2122:main.c        ****             sysexMessageInProgress = 0;
ARM GAS  C:\Users\ggg88\AppData\Local\Temp\ccfc1YkT.s 			page 208


2123:main.c        ****             sendingMessage = 2;
2124:main.c        ****         }
2125:main.c        ****     }
2126:main.c        ****     #endif
2127:main.c        ****     
2128:main.c        **** 
2129:main.c        ****     
2130:main.c        ****     else if (sysexBuffer[sysexReadPointer & sysexPointerMask] == 2) //its a copedent
 9543              		.loc 1 2130 0 is_stmt 1
 9544 0768 324B     		ldr	r3, .L406+64
 9545 076a 1B68     		ldr	r3, [r3]
 9546 076c 40F2FF72 		movw	r2, #2047
 9547 0770 1340     		ands	r3, r3, r2
 9548 0772 314A     		ldr	r2, .L406+68
 9549 0774 D35C     		ldrb	r3, [r2, r3]	@ zero_extendqisi2
 9550 0776 022B     		cmp	r3, #2
 9551 0778 40F0BC81 		bne	.L374
 9552              	.LBB65:
2131:main.c        ****     {
2132:main.c        ****         sysexMessageInProgress = 1; // set a flag that we've started a sysex preset transfer. May t
 9553              		.loc 1 2132 0
 9554 077c 264B     		ldr	r3, .L406+36
 9555 077e 0122     		movs	r2, #1
 9556 0780 1A70     		strb	r2, [r3]
2133:main.c        ****         uint8_t ignore = 0;
 9557              		.loc 1 2133 0
 9558 0782 0023     		movs	r3, #0
 9559 0784 87F84F30 		strb	r3, [r7, #79]
2134:main.c        ****         currentFloat = 0;
 9560              		.loc 1 2134 0
 9561 0788 1C4B     		ldr	r3, .L406+8
 9562 078a 0022     		movs	r2, #0
 9563 078c 1A60     		str	r2, [r3]
2135:main.c        ****         copedentNumberToWrite = sysexBuffer[(messageStart+1) & sysexPointerMask];
 9564              		.loc 1 2135 0
 9565 078e FB6B     		ldr	r3, [r7, #60]
 9566 0790 0133     		adds	r3, r3, #1
 9567 0792 40F2FF72 		movw	r2, #2047
 9568 0796 1340     		ands	r3, r3, r2
 9569 0798 274A     		ldr	r2, .L406+68
 9570 079a D25C     		ldrb	r2, [r2, r3]	@ zero_extendqisi2
 9571 079c 274B     		ldr	r3, .L406+72
 9572 079e 1A70     		strb	r2, [r3]
2136:main.c        ****         if (copedentNumberToWrite > 6)
 9573              		.loc 1 2136 0
 9574 07a0 264B     		ldr	r3, .L406+72
 9575 07a2 1B78     		ldrb	r3, [r3]	@ zero_extendqisi2
 9576 07a4 062B     		cmp	r3, #6
 9577 07a6 0BD9     		bls	.L375
2137:main.c        ****         {
2138:main.c        ****             //ignore, number is out of range
2139:main.c        ****             sysexMessageInProgress = 0;
 9578              		.loc 1 2139 0
 9579 07a8 1B4B     		ldr	r3, .L406+36
 9580 07aa 0022     		movs	r2, #0
 9581 07ac 1A70     		strb	r2, [r3]
2140:main.c        ****             // sysexPointer = 0;
ARM GAS  C:\Users\ggg88\AppData\Local\Temp\ccfc1YkT.s 			page 209


2141:main.c        ****             sendingMessage = 0;
 9582              		.loc 1 2141 0
 9583 07ae 1B4B     		ldr	r3, .L406+40
 9584 07b0 0022     		movs	r2, #0
 9585 07b2 1A70     		strb	r2, [r3]
2142:main.c        ****             parseThatMF = 0;
 9586              		.loc 1 2142 0
 9587 07b4 1E4B     		ldr	r3, .L406+60
 9588 07b6 0022     		movs	r2, #0
 9589 07b8 1A70     		strb	r2, [r3]
2143:main.c        ****             ignore = 1;
 9590              		.loc 1 2143 0
 9591 07ba 0123     		movs	r3, #1
 9592 07bc 87F84F30 		strb	r3, [r7, #79]
 9593              	.L375:
2144:main.c        ****             
2145:main.c        ****         }
2146:main.c        ****         if (!ignore)
 9594              		.loc 1 2146 0
 9595 07c0 97F84F30 		ldrb	r3, [r7, #79]	@ zero_extendqisi2
 9596 07c4 002B     		cmp	r3, #0
 9597 07c6 0AD1     		bne	.L376
2147:main.c        ****         {
2148:main.c        ****             currentCopedent = copedentNumberToWrite;
 9598              		.loc 1 2148 0
 9599 07c8 1C4B     		ldr	r3, .L406+72
 9600 07ca 1A78     		ldrb	r2, [r3]	@ zero_extendqisi2
 9601 07cc 1C4B     		ldr	r3, .L406+76
 9602 07ce 1A70     		strb	r2, [r3]
2149:main.c        ****             necks[currentNeck] = currentCopedent;
 9603              		.loc 1 2149 0
 9604 07d0 1C4B     		ldr	r3, .L406+80
 9605 07d2 1B78     		ldrb	r3, [r3]	@ zero_extendqisi2
 9606 07d4 1A46     		mov	r2, r3
 9607 07d6 1A4B     		ldr	r3, .L406+76
 9608 07d8 1978     		ldrb	r1, [r3]	@ zero_extendqisi2
 9609 07da 1B4B     		ldr	r3, .L406+84
 9610 07dc 9954     		strb	r1, [r3, r2]
 9611              	.L376:
2150:main.c        ****         }
2151:main.c        ****               
2152:main.c        ****         
2153:main.c        ****         union breakFloat theVal;
2154:main.c        ****         uint32_t i = 2;
 9612              		.loc 1 2154 0
 9613 07de 0223     		movs	r3, #2
 9614 07e0 BB64     		str	r3, [r7, #72]
2155:main.c        ****         sysexReadPointer = i + messageStart;
 9615              		.loc 1 2155 0
 9616 07e2 BA6C     		ldr	r2, [r7, #72]
 9617 07e4 FB6B     		ldr	r3, [r7, #60]
 9618 07e6 1344     		add	r3, r3, r2
 9619 07e8 124A     		ldr	r2, .L406+64
 9620 07ea 1360     		str	r3, [r2]
2156:main.c        ****         uint8_t stoppingPoint = COPEDENT_NAME_LENGTH_IN_BYTES + 2;
 9621              		.loc 1 2156 0
 9622 07ec 0C23     		movs	r3, #12
ARM GAS  C:\Users\ggg88\AppData\Local\Temp\ccfc1YkT.s 			page 210


 9623 07ee 87F82F30 		strb	r3, [r7, #47]
2157:main.c        ****         for (; i < stoppingPoint; i++)
 9624              		.loc 1 2157 0
 9625 07f2 77E0     		b	.L377
 9626              	.L407:
 9627              		.align	2
 9628              	.L406:
 9629 07f4 00000000 		.word	mapCount
 9630 07f8 CDCCCCCC 		.word	-858993459
 9631 07fc 00000000 		.word	currentFloat
 9632 0800 00000000 		.word	presetArray
 9633 0804 00FEFF46 		.word	1191181824
 9634 0808 00000000 		.word	numMappings
 9635 080c 000020C0 		.word	-1071644672
 9636 0810 000060C0 		.word	-1067450368
 9637 0814 00000000 		.word	presetArraySection
 9638 0818 00000000 		.word	sysexMessageInProgress
 9639 081c 00000000 		.word	sendingMessage
 9640 0820 00000000 		.word	presetNumberToWrite
 9641 0824 00000000 		.word	patchNum
 9642 0828 00000000 		.word	messageArraySize
 9643 082c 00000000 		.word	SPI_errors
 9644 0830 00000000 		.word	parseThatMF
 9645 0834 00000000 		.word	sysexReadPointer
 9646 0838 00000000 		.word	sysexBuffer
 9647 083c 00000000 		.word	copedentNumberToWrite
 9648 0840 00000000 		.word	currentCopedent
 9649 0844 00000000 		.word	currentNeck
 9650 0848 00000000 		.word	necks
 9651              	.L379:
 9652              	.LBB66:
2158:main.c        ****         {
2159:main.c        ****             //presetArray[i-2] = sysexBuffer[i] & 127; // pass on the first 14 elements as 8-bit by
2160:main.c        ****             uint8_t tempChar = sysexBuffer[sysexReadPointer & sysexPointerMask] & 127;
 9653              		.loc 1 2160 0
 9654 084c 9C4B     		ldr	r3, .L408
 9655 084e 1B68     		ldr	r3, [r3]
 9656 0850 40F2FF72 		movw	r2, #2047
 9657 0854 1340     		ands	r3, r3, r2
 9658 0856 9B4A     		ldr	r2, .L408+4
 9659 0858 D35C     		ldrb	r3, [r2, r3]	@ zero_extendqisi2
 9660 085a 03F07F03 		and	r3, r3, #127
 9661 085e 87F82E30 		strb	r3, [r7, #46]
2161:main.c        ****             if (!ignore)
 9662              		.loc 1 2161 0
 9663 0862 97F84F30 		ldrb	r3, [r7, #79]	@ zero_extendqisi2
 9664 0866 002B     		cmp	r3, #0
 9665 0868 34D1     		bne	.L378
2162:main.c        ****             {
2163:main.c        ****                 copedentNamesArray[copedentNumberToWrite][(i-2)] = tempChar;//not sure about the mi
 9666              		.loc 1 2163 0
 9667 086a 974B     		ldr	r3, .L408+8
 9668 086c 1B78     		ldrb	r3, [r3]	@ zero_extendqisi2
 9669 086e 1846     		mov	r0, r3
 9670 0870 BB6C     		ldr	r3, [r7, #72]
 9671 0872 9A1E     		subs	r2, r3, #2
 9672 0874 9549     		ldr	r1, .L408+12
ARM GAS  C:\Users\ggg88\AppData\Local\Temp\ccfc1YkT.s 			page 211


 9673 0876 0346     		mov	r3, r0
 9674 0878 9B00     		lsls	r3, r3, #2
 9675 087a 0344     		add	r3, r3, r0
 9676 087c 5B00     		lsls	r3, r3, #1
 9677 087e 0B44     		add	r3, r3, r1
 9678 0880 1344     		add	r3, r3, r2
 9679 0882 97F82E20 		ldrb	r2, [r7, #46]
 9680 0886 1A70     		strb	r2, [r3]
2164:main.c        ****                 checkBase = EEPROM_COPEDENT_OFFSET + (COPEDENT_SIZE_IN_BYTES * copedentNumberToWrit
 9681              		.loc 1 2164 0
 9682 0888 8F4B     		ldr	r3, .L408+8
 9683 088a 1B78     		ldrb	r3, [r3]	@ zero_extendqisi2
 9684 088c 9BB2     		uxth	r3, r3
 9685 088e 1A46     		mov	r2, r3	@ movhi
 9686 0890 1201     		lsls	r2, r2, #4
 9687 0892 1A44     		add	r2, r2, r3
 9688 0894 D200     		lsls	r2, r2, #3
 9689 0896 1344     		add	r3, r3, r2
 9690 0898 5B00     		lsls	r3, r3, #1
 9691 089a 9AB2     		uxth	r2, r3
 9692 089c 8C4B     		ldr	r3, .L408+16
 9693 089e 1A80     		strh	r2, [r3]	@ movhi
2165:main.c        ****                 checkStatus = EEPROM_WriteByte(tempChar, EEPROM_COPEDENT_OFFSET + (i - 2) + (COPEDE
 9694              		.loc 1 2165 0
 9695 08a0 894B     		ldr	r3, .L408+8
 9696 08a2 1B78     		ldrb	r3, [r3]	@ zero_extendqisi2
 9697 08a4 9BB2     		uxth	r3, r3
 9698 08a6 1A46     		mov	r2, r3	@ movhi
 9699 08a8 1201     		lsls	r2, r2, #4
 9700 08aa 1A44     		add	r2, r2, r3
 9701 08ac D200     		lsls	r2, r2, #3
 9702 08ae 1344     		add	r3, r3, r2
 9703 08b0 5B00     		lsls	r3, r3, #1
 9704 08b2 9AB2     		uxth	r2, r3
 9705 08b4 BB6C     		ldr	r3, [r7, #72]
 9706 08b6 9BB2     		uxth	r3, r3
 9707 08b8 1344     		add	r3, r3, r2
 9708 08ba 9BB2     		uxth	r3, r3
 9709 08bc 023B     		subs	r3, r3, #2
 9710 08be 9AB2     		uxth	r2, r3
 9711 08c0 97F82E30 		ldrb	r3, [r7, #46]	@ zero_extendqisi2
 9712 08c4 1146     		mov	r1, r2
 9713 08c6 1846     		mov	r0, r3
 9714 08c8 FFF7FEFF 		bl	EEPROM_WriteByte
 9715 08cc 0346     		mov	r3, r0
 9716 08ce DAB2     		uxtb	r2, r3
 9717 08d0 804B     		ldr	r3, .L408+20
 9718 08d2 1A70     		strb	r2, [r3]
 9719              	.L378:
2166:main.c        ****             }
2167:main.c        ****             sysexReadPointer++;
 9720              		.loc 1 2167 0
 9721 08d4 7A4B     		ldr	r3, .L408
 9722 08d6 1B68     		ldr	r3, [r3]
 9723 08d8 0133     		adds	r3, r3, #1
 9724 08da 794A     		ldr	r2, .L408
 9725 08dc 1360     		str	r3, [r2]
ARM GAS  C:\Users\ggg88\AppData\Local\Temp\ccfc1YkT.s 			page 212


 9726              	.LBE66:
2157:main.c        ****         {
 9727              		.loc 1 2157 0
 9728 08de BB6C     		ldr	r3, [r7, #72]
 9729 08e0 0133     		adds	r3, r3, #1
 9730 08e2 BB64     		str	r3, [r7, #72]
 9731              	.L377:
2157:main.c        ****         {
 9732              		.loc 1 2157 0 is_stmt 0 discriminator 1
 9733 08e4 97F82F20 		ldrb	r2, [r7, #47]	@ zero_extendqisi2
 9734 08e8 BB6C     		ldr	r3, [r7, #72]
 9735 08ea 9A42     		cmp	r2, r3
 9736 08ec AED8     		bhi	.L379
2168:main.c        ****         }
2169:main.c        ****         
2170:main.c        ****         i = (COPEDENT_NAME_LENGTH_IN_BYTES + 2 + messageStart); // start after the name storage to 
 9737              		.loc 1 2170 0 is_stmt 1
 9738 08ee FB6B     		ldr	r3, [r7, #60]
 9739 08f0 0C33     		adds	r3, r3, #12
 9740 08f2 BB64     		str	r3, [r7, #72]
2171:main.c        **** 
2172:main.c        ****  
2173:main.c        ****         while(i < messageEnd)
 9741              		.loc 1 2173 0
 9742 08f4 C1E0     		b	.L380
 9743              	.L386:
 9744              	.LBB67:
2174:main.c        ****         {
2175:main.c        ****             for (uint32_t pedalToWrite = 0; pedalToWrite < 11; pedalToWrite++)
 9745              		.loc 1 2175 0
 9746 08f6 0023     		movs	r3, #0
 9747 08f8 7B64     		str	r3, [r7, #68]
 9748 08fa BAE0     		b	.L381
 9749              	.L385:
 9750              	.LBB68:
2176:main.c        ****             {
2177:main.c        ****                 uint16_t pedalStartLoc = (pedalToWrite * 24);
 9751              		.loc 1 2177 0
 9752 08fc 7B6C     		ldr	r3, [r7, #68]
 9753 08fe 9BB2     		uxth	r3, r3
 9754 0900 1A46     		mov	r2, r3	@ movhi
 9755 0902 5200     		lsls	r2, r2, #1
 9756 0904 1344     		add	r3, r3, r2
 9757 0906 DB00     		lsls	r3, r3, #3
 9758 0908 BB85     		strh	r3, [r7, #44]	@ movhi
 9759              	.LBB69:
2178:main.c        ****                 for (uint32_t stringChange = 0; stringChange < 12; stringChange++)
 9760              		.loc 1 2178 0
 9761 090a 0023     		movs	r3, #0
 9762 090c 3B64     		str	r3, [r7, #64]
 9763 090e A9E0     		b	.L382
 9764              	.L384:
2179:main.c        ****                 {
2180:main.c        ****                     
2181:main.c        ****                     theVal.u32 = 0;
 9765              		.loc 1 2181 0
 9766 0910 0023     		movs	r3, #0
ARM GAS  C:\Users\ggg88\AppData\Local\Temp\ccfc1YkT.s 			page 213


 9767 0912 FB60     		str	r3, [r7, #12]
2182:main.c        ****                     theVal.u32 |= ((sysexBuffer[i & sysexPointerMask] &15) << 28);
 9768              		.loc 1 2182 0
 9769 0914 FB68     		ldr	r3, [r7, #12]
 9770 0916 40F2FF71 		movw	r1, #2047
 9771 091a BA6C     		ldr	r2, [r7, #72]
 9772 091c 0A40     		ands	r2, r2, r1
 9773 091e 6949     		ldr	r1, .L408+4
 9774 0920 8A5C     		ldrb	r2, [r1, r2]	@ zero_extendqisi2
 9775 0922 1207     		lsls	r2, r2, #28
 9776 0924 1343     		orrs	r3, r3, r2
 9777 0926 FB60     		str	r3, [r7, #12]
2183:main.c        ****                     theVal.u32 |= (sysexBuffer[(i+1) & sysexPointerMask] << 21);
 9778              		.loc 1 2183 0
 9779 0928 FB68     		ldr	r3, [r7, #12]
 9780 092a BA6C     		ldr	r2, [r7, #72]
 9781 092c 0132     		adds	r2, r2, #1
 9782 092e 40F2FF71 		movw	r1, #2047
 9783 0932 0A40     		ands	r2, r2, r1
 9784 0934 6349     		ldr	r1, .L408+4
 9785 0936 8A5C     		ldrb	r2, [r1, r2]	@ zero_extendqisi2
 9786 0938 5205     		lsls	r2, r2, #21
 9787 093a 1343     		orrs	r3, r3, r2
 9788 093c FB60     		str	r3, [r7, #12]
2184:main.c        ****                     theVal.u32 |= (sysexBuffer[(i+2) & sysexPointerMask] << 14);
 9789              		.loc 1 2184 0
 9790 093e FB68     		ldr	r3, [r7, #12]
 9791 0940 BA6C     		ldr	r2, [r7, #72]
 9792 0942 0232     		adds	r2, r2, #2
 9793 0944 40F2FF71 		movw	r1, #2047
 9794 0948 0A40     		ands	r2, r2, r1
 9795 094a 5E49     		ldr	r1, .L408+4
 9796 094c 8A5C     		ldrb	r2, [r1, r2]	@ zero_extendqisi2
 9797 094e 9203     		lsls	r2, r2, #14
 9798 0950 1343     		orrs	r3, r3, r2
 9799 0952 FB60     		str	r3, [r7, #12]
2185:main.c        ****                     theVal.u32 |= (sysexBuffer[(i+3) & sysexPointerMask] << 7);
 9800              		.loc 1 2185 0
 9801 0954 FB68     		ldr	r3, [r7, #12]
 9802 0956 BA6C     		ldr	r2, [r7, #72]
 9803 0958 0332     		adds	r2, r2, #3
 9804 095a 40F2FF71 		movw	r1, #2047
 9805 095e 0A40     		ands	r2, r2, r1
 9806 0960 5849     		ldr	r1, .L408+4
 9807 0962 8A5C     		ldrb	r2, [r1, r2]	@ zero_extendqisi2
 9808 0964 D201     		lsls	r2, r2, #7
 9809 0966 1343     		orrs	r3, r3, r2
 9810 0968 FB60     		str	r3, [r7, #12]
2186:main.c        ****                     theVal.u32 |= (sysexBuffer[(i+4) & sysexPointerMask] & 127);
 9811              		.loc 1 2186 0
 9812 096a FA68     		ldr	r2, [r7, #12]
 9813 096c BB6C     		ldr	r3, [r7, #72]
 9814 096e 0433     		adds	r3, r3, #4
 9815 0970 40F2FF71 		movw	r1, #2047
 9816 0974 0B40     		ands	r3, r3, r1
 9817 0976 5349     		ldr	r1, .L408+4
 9818 0978 CB5C     		ldrb	r3, [r1, r3]	@ zero_extendqisi2
ARM GAS  C:\Users\ggg88\AppData\Local\Temp\ccfc1YkT.s 			page 214


 9819 097a 03F07F03 		and	r3, r3, #127
 9820 097e 1343     		orrs	r3, r3, r2
 9821 0980 FB60     		str	r3, [r7, #12]
2187:main.c        ****                     if (!ignore)
 9822              		.loc 1 2187 0
 9823 0982 97F84F30 		ldrb	r3, [r7, #79]	@ zero_extendqisi2
 9824 0986 002B     		cmp	r3, #0
 9825 0988 61D1     		bne	.L383
 9826              	.LBB70:
2188:main.c        ****                     {
2189:main.c        ****                         copedent[copedentNumberToWrite][pedalToWrite][stringChange] = theVal.f;
 9827              		.loc 1 2189 0
 9828 098a 4F4B     		ldr	r3, .L408+8
 9829 098c 1B78     		ldrb	r3, [r3]	@ zero_extendqisi2
 9830 098e 1C46     		mov	r4, r3
 9831 0990 F968     		ldr	r1, [r7, #12]	@ float
 9832 0992 5148     		ldr	r0, .L408+24
 9833 0994 7B6C     		ldr	r3, [r7, #68]
 9834 0996 1A46     		mov	r2, r3
 9835 0998 5200     		lsls	r2, r2, #1
 9836 099a 1A44     		add	r2, r2, r3
 9837 099c 9300     		lsls	r3, r2, #2
 9838 099e 1A46     		mov	r2, r3
 9839 09a0 2346     		mov	r3, r4
 9840 09a2 5B01     		lsls	r3, r3, #5
 9841 09a4 2344     		add	r3, r3, r4
 9842 09a6 9B00     		lsls	r3, r3, #2
 9843 09a8 1A44     		add	r2, r2, r3
 9844 09aa 3B6C     		ldr	r3, [r7, #64]
 9845 09ac 1344     		add	r3, r3, r2
 9846 09ae 40F82310 		str	r1, [r0, r3, lsl #2]	@ float
2190:main.c        ****                     
2191:main.c        ****                     
2192:main.c        ****                         uint16_t tempIntVersion = (uint16_t)((theVal.f * 256.0f) + 32768.0f);
 9847              		.loc 1 2192 0
 9848 09b2 FB68     		ldr	r3, [r7, #12]	@ float
 9849 09b4 4FF08741 		mov	r1, #1132462080
 9850 09b8 1846     		mov	r0, r3
 9851 09ba FFF7FEFF 		bl	__aeabi_fmul
 9852 09be 0346     		mov	r3, r0
 9853 09c0 4FF08E41 		mov	r1, #1191182336
 9854 09c4 1846     		mov	r0, r3
 9855 09c6 FFF7FEFF 		bl	__aeabi_fadd
 9856 09ca 0346     		mov	r3, r0
 9857 09cc 1846     		mov	r0, r3
 9858 09ce FFF7FEFF 		bl	__aeabi_f2uiz
 9859 09d2 0346     		mov	r3, r0
 9860 09d4 7B85     		strh	r3, [r7, #42]	@ movhi
2193:main.c        ****                         uint8_t tempHigh = tempIntVersion >> 8;
 9861              		.loc 1 2193 0
 9862 09d6 7B8D     		ldrh	r3, [r7, #42]
 9863 09d8 1B0A     		lsrs	r3, r3, #8
 9864 09da 9BB2     		uxth	r3, r3
 9865 09dc 87F82930 		strb	r3, [r7, #41]
2194:main.c        ****                         uint8_t tempLow = tempIntVersion & 255;
 9866              		.loc 1 2194 0
 9867 09e0 7B8D     		ldrh	r3, [r7, #42]	@ movhi
ARM GAS  C:\Users\ggg88\AppData\Local\Temp\ccfc1YkT.s 			page 215


 9868 09e2 87F82830 		strb	r3, [r7, #40]
2195:main.c        ****                     
2196:main.c        ****                     
2197:main.c        ****                         uint16_t stringStartLoc = stringChange * 2;
 9869              		.loc 1 2197 0
 9870 09e6 3B6C     		ldr	r3, [r7, #64]
 9871 09e8 9BB2     		uxth	r3, r3
 9872 09ea 5B00     		lsls	r3, r3, #1
 9873 09ec FB84     		strh	r3, [r7, #38]	@ movhi
2198:main.c        ****                         checkBase = EEPROM_COPEDENT_OFFSET + stringStartLoc + pedalStartLoc + (COPE
 9874              		.loc 1 2198 0
 9875 09ee FA8C     		ldrh	r2, [r7, #38]	@ movhi
 9876 09f0 BB8D     		ldrh	r3, [r7, #44]	@ movhi
 9877 09f2 1344     		add	r3, r3, r2
 9878 09f4 9AB2     		uxth	r2, r3
 9879 09f6 344B     		ldr	r3, .L408+8
 9880 09f8 1B78     		ldrb	r3, [r3]	@ zero_extendqisi2
 9881 09fa 9BB2     		uxth	r3, r3
 9882 09fc 1946     		mov	r1, r3	@ movhi
 9883 09fe 0901     		lsls	r1, r1, #4
 9884 0a00 1944     		add	r1, r1, r3
 9885 0a02 C900     		lsls	r1, r1, #3
 9886 0a04 0B44     		add	r3, r3, r1
 9887 0a06 5B00     		lsls	r3, r3, #1
 9888 0a08 9BB2     		uxth	r3, r3
 9889 0a0a 1344     		add	r3, r3, r2
 9890 0a0c 9BB2     		uxth	r3, r3
 9891 0a0e 0A33     		adds	r3, r3, #10
 9892 0a10 9AB2     		uxth	r2, r3
 9893 0a12 2F4B     		ldr	r3, .L408+16
 9894 0a14 1A80     		strh	r2, [r3]	@ movhi
2199:main.c        ****                         checkStatus = EEPROM_WriteByte(tempHigh, checkBase);
 9895              		.loc 1 2199 0
 9896 0a16 2E4B     		ldr	r3, .L408+16
 9897 0a18 1B88     		ldrh	r3, [r3]	@ movhi
 9898 0a1a 9AB2     		uxth	r2, r3
 9899 0a1c 97F82930 		ldrb	r3, [r7, #41]	@ zero_extendqisi2
 9900 0a20 1146     		mov	r1, r2
 9901 0a22 1846     		mov	r0, r3
 9902 0a24 FFF7FEFF 		bl	EEPROM_WriteByte
 9903 0a28 0346     		mov	r3, r0
 9904 0a2a DAB2     		uxtb	r2, r3
 9905 0a2c 294B     		ldr	r3, .L408+20
 9906 0a2e 1A70     		strb	r2, [r3]
2200:main.c        ****                         checkStatus = EEPROM_WriteByte(tempLow, checkBase+1);
 9907              		.loc 1 2200 0
 9908 0a30 274B     		ldr	r3, .L408+16
 9909 0a32 1B88     		ldrh	r3, [r3]	@ movhi
 9910 0a34 9BB2     		uxth	r3, r3
 9911 0a36 0133     		adds	r3, r3, #1
 9912 0a38 9AB2     		uxth	r2, r3
 9913 0a3a 97F82830 		ldrb	r3, [r7, #40]	@ zero_extendqisi2
 9914 0a3e 1146     		mov	r1, r2
 9915 0a40 1846     		mov	r0, r3
 9916 0a42 FFF7FEFF 		bl	EEPROM_WriteByte
 9917 0a46 0346     		mov	r3, r0
 9918 0a48 DAB2     		uxtb	r2, r3
ARM GAS  C:\Users\ggg88\AppData\Local\Temp\ccfc1YkT.s 			page 216


 9919 0a4a 224B     		ldr	r3, .L408+20
 9920 0a4c 1A70     		strb	r2, [r3]
 9921              	.L383:
 9922              	.LBE70:
2201:main.c        ****                     }
2202:main.c        ****                     currentFloat++;
 9923              		.loc 1 2202 0 discriminator 2
 9924 0a4e 234B     		ldr	r3, .L408+28
 9925 0a50 1B68     		ldr	r3, [r3]
 9926 0a52 0133     		adds	r3, r3, #1
 9927 0a54 214A     		ldr	r2, .L408+28
 9928 0a56 1360     		str	r3, [r2]
2203:main.c        ****                     i = (i+5);
 9929              		.loc 1 2203 0 discriminator 2
 9930 0a58 BB6C     		ldr	r3, [r7, #72]
 9931 0a5a 0533     		adds	r3, r3, #5
 9932 0a5c BB64     		str	r3, [r7, #72]
2178:main.c        ****                 {
 9933              		.loc 1 2178 0 discriminator 2
 9934 0a5e 3B6C     		ldr	r3, [r7, #64]
 9935 0a60 0133     		adds	r3, r3, #1
 9936 0a62 3B64     		str	r3, [r7, #64]
 9937              	.L382:
2178:main.c        ****                 {
 9938              		.loc 1 2178 0 is_stmt 0 discriminator 1
 9939 0a64 3B6C     		ldr	r3, [r7, #64]
 9940 0a66 0B2B     		cmp	r3, #11
 9941 0a68 7FF652AF 		bls	.L384
 9942              	.LBE69:
 9943              	.LBE68:
2175:main.c        ****             {
 9944              		.loc 1 2175 0 is_stmt 1 discriminator 2
 9945 0a6c 7B6C     		ldr	r3, [r7, #68]
 9946 0a6e 0133     		adds	r3, r3, #1
 9947 0a70 7B64     		str	r3, [r7, #68]
 9948              	.L381:
2175:main.c        ****             {
 9949              		.loc 1 2175 0 is_stmt 0 discriminator 1
 9950 0a72 7B6C     		ldr	r3, [r7, #68]
 9951 0a74 0A2B     		cmp	r3, #10
 9952 0a76 7FF641AF 		bls	.L385
 9953              	.L380:
 9954              	.LBE67:
2173:main.c        ****         {
 9955              		.loc 1 2173 0 is_stmt 1
 9956 0a7a BA6C     		ldr	r2, [r7, #72]
 9957 0a7c BB6B     		ldr	r3, [r7, #56]
 9958 0a7e 9A42     		cmp	r2, r3
 9959 0a80 FFF439AF 		bcc	.L386
2204:main.c        ****                 }
2205:main.c        ****                 
2206:main.c        ****             }
2207:main.c        ****         }
2208:main.c        ****                         
2209:main.c        ****         
2210:main.c        ****         messageArraySize = currentFloat;
 9960              		.loc 1 2210 0
ARM GAS  C:\Users\ggg88\AppData\Local\Temp\ccfc1YkT.s 			page 217


 9961 0a84 154B     		ldr	r3, .L408+28
 9962 0a86 1B68     		ldr	r3, [r3]
 9963 0a88 9AB2     		uxth	r2, r3
 9964 0a8a 154B     		ldr	r3, .L408+32
 9965 0a8c 1A80     		strh	r2, [r3]	@ movhi
2211:main.c        ****                     
2212:main.c        ****         if(messageArraySize != COPEDENT_SIZE_IN_FLOATS)
 9966              		.loc 1 2212 0
 9967 0a8e 144B     		ldr	r3, .L408+32
 9968 0a90 1B88     		ldrh	r3, [r3]
 9969 0a92 842B     		cmp	r3, #132
 9970 0a94 0ED0     		beq	.L387
2213:main.c        ****         {
2214:main.c        ****             //error state
2215:main.c        ****             SPI_errors++;
 9971              		.loc 1 2215 0
 9972 0a96 134B     		ldr	r3, .L408+36
 9973 0a98 1B68     		ldr	r3, [r3]
 9974 0a9a 0133     		adds	r3, r3, #1
 9975 0a9c 114A     		ldr	r2, .L408+36
 9976 0a9e 1360     		str	r3, [r2]
2216:main.c        ****             sysexMessageInProgress = 0;
 9977              		.loc 1 2216 0
 9978 0aa0 114B     		ldr	r3, .L408+40
 9979 0aa2 0022     		movs	r2, #0
 9980 0aa4 1A70     		strb	r2, [r3]
2217:main.c        ****            // sysexPointer = 0;
2218:main.c        ****             sendingMessage = 0;
 9981              		.loc 1 2218 0
 9982 0aa6 114B     		ldr	r3, .L408+44
 9983 0aa8 0022     		movs	r2, #0
 9984 0aaa 1A70     		strb	r2, [r3]
2219:main.c        ****             parseThatMF = 0;
 9985              		.loc 1 2219 0
 9986 0aac 104B     		ldr	r3, .L408+48
 9987 0aae 0022     		movs	r2, #0
 9988 0ab0 1A70     		strb	r2, [r3]
 9989 0ab2 D1E1     		b	.L373
 9990              	.L387:
2220:main.c        ****         } 
2221:main.c        ****         else 
2222:main.c        ****         {
2223:main.c        ****             sysexMessageInProgress = 0;
 9991              		.loc 1 2223 0
 9992 0ab4 0C4B     		ldr	r3, .L408+40
 9993 0ab6 0022     		movs	r2, #0
 9994 0ab8 1A70     		strb	r2, [r3]
2224:main.c        ****             //sendingMessage = 2;  // use this when we are ready to send copedents to the sd cards 
2225:main.c        ****             
2226:main.c        ****             displayCurrentPresetNameAndCopedent();
 9995              		.loc 1 2226 0
 9996 0aba FFF7FEFF 		bl	displayCurrentPresetNameAndCopedent
 9997 0abe CBE1     		b	.L373
 9998              	.L409:
 9999              		.align	2
 10000              	.L408:
 10001 0ac0 00000000 		.word	sysexReadPointer
ARM GAS  C:\Users\ggg88\AppData\Local\Temp\ccfc1YkT.s 			page 218


 10002 0ac4 00000000 		.word	sysexBuffer
 10003 0ac8 00000000 		.word	copedentNumberToWrite
 10004 0acc 00000000 		.word	copedentNamesArray
 10005 0ad0 00000000 		.word	checkBase
 10006 0ad4 00000000 		.word	checkStatus
 10007 0ad8 00000000 		.word	copedent
 10008 0adc 00000000 		.word	currentFloat
 10009 0ae0 00000000 		.word	messageArraySize
 10010 0ae4 00000000 		.word	SPI_errors
 10011 0ae8 00000000 		.word	sysexMessageInProgress
 10012 0aec 00000000 		.word	sendingMessage
 10013 0af0 00000000 		.word	parseThatMF
 10014              	.L374:
 10015              	.LBE65:
2227:main.c        ****         }
2228:main.c        ****     }
2229:main.c        ****     
2230:main.c        ****     
2231:main.c        ****     else if (sysexBuffer[sysexReadPointer & sysexPointerMask] == 3) //it's a real-time parameter ch
 10016              		.loc 1 2231 0
 10017 0af4 584B     		ldr	r3, .L410
 10018 0af6 1B68     		ldr	r3, [r3]
 10019 0af8 40F2FF72 		movw	r2, #2047
 10020 0afc 1340     		ands	r3, r3, r2
 10021 0afe 574A     		ldr	r2, .L410+4
 10022 0b00 D35C     		ldrb	r3, [r2, r3]	@ zero_extendqisi2
 10023 0b02 032B     		cmp	r3, #3
 10024 0b04 40F0BA80 		bne	.L389
 10025              	.LBB71:
2232:main.c        ****     {
2233:main.c        ****         sysexMessageInProgress = 1; // set a flag that we've started a sysex preset transfer. May t
 10026              		.loc 1 2233 0
 10027 0b08 554B     		ldr	r3, .L410+8
 10028 0b0a 0122     		movs	r2, #1
 10029 0b0c 1A70     		strb	r2, [r3]
2234:main.c        ****         union breakFloat theVal;
2235:main.c        ****         uint32_t i = (2+messageStart);
 10030              		.loc 1 2235 0
 10031 0b0e FB6B     		ldr	r3, [r7, #60]
 10032 0b10 0233     		adds	r3, r3, #2
 10033 0b12 3B62     		str	r3, [r7, #32]
2236:main.c        ****         
2237:main.c        ****         //get the parameter ID
2238:main.c        ****         theVal.u32 = 0;
 10034              		.loc 1 2238 0
 10035 0b14 0023     		movs	r3, #0
 10036 0b16 BB60     		str	r3, [r7, #8]
2239:main.c        ****         theVal.u32 |= ((sysexBuffer[i & sysexPointerMask] &15) << 28);
 10037              		.loc 1 2239 0
 10038 0b18 BB68     		ldr	r3, [r7, #8]
 10039 0b1a 40F2FF71 		movw	r1, #2047
 10040 0b1e 3A6A     		ldr	r2, [r7, #32]
 10041 0b20 0A40     		ands	r2, r2, r1
 10042 0b22 4E49     		ldr	r1, .L410+4
 10043 0b24 8A5C     		ldrb	r2, [r1, r2]	@ zero_extendqisi2
 10044 0b26 1207     		lsls	r2, r2, #28
 10045 0b28 1343     		orrs	r3, r3, r2
ARM GAS  C:\Users\ggg88\AppData\Local\Temp\ccfc1YkT.s 			page 219


 10046 0b2a BB60     		str	r3, [r7, #8]
2240:main.c        ****         theVal.u32 |= (sysexBuffer[(i+1) & sysexPointerMask] << 21);
 10047              		.loc 1 2240 0
 10048 0b2c BB68     		ldr	r3, [r7, #8]
 10049 0b2e 3A6A     		ldr	r2, [r7, #32]
 10050 0b30 0132     		adds	r2, r2, #1
 10051 0b32 40F2FF71 		movw	r1, #2047
 10052 0b36 0A40     		ands	r2, r2, r1
 10053 0b38 4849     		ldr	r1, .L410+4
 10054 0b3a 8A5C     		ldrb	r2, [r1, r2]	@ zero_extendqisi2
 10055 0b3c 5205     		lsls	r2, r2, #21
 10056 0b3e 1343     		orrs	r3, r3, r2
 10057 0b40 BB60     		str	r3, [r7, #8]
2241:main.c        ****         theVal.u32 |= (sysexBuffer[(i+2) & sysexPointerMask] << 14);
 10058              		.loc 1 2241 0
 10059 0b42 BB68     		ldr	r3, [r7, #8]
 10060 0b44 3A6A     		ldr	r2, [r7, #32]
 10061 0b46 0232     		adds	r2, r2, #2
 10062 0b48 40F2FF71 		movw	r1, #2047
 10063 0b4c 0A40     		ands	r2, r2, r1
 10064 0b4e 4349     		ldr	r1, .L410+4
 10065 0b50 8A5C     		ldrb	r2, [r1, r2]	@ zero_extendqisi2
 10066 0b52 9203     		lsls	r2, r2, #14
 10067 0b54 1343     		orrs	r3, r3, r2
 10068 0b56 BB60     		str	r3, [r7, #8]
2242:main.c        ****         theVal.u32 |= (sysexBuffer[(i+3) & sysexPointerMask] << 7);
 10069              		.loc 1 2242 0
 10070 0b58 BB68     		ldr	r3, [r7, #8]
 10071 0b5a 3A6A     		ldr	r2, [r7, #32]
 10072 0b5c 0332     		adds	r2, r2, #3
 10073 0b5e 40F2FF71 		movw	r1, #2047
 10074 0b62 0A40     		ands	r2, r2, r1
 10075 0b64 3D49     		ldr	r1, .L410+4
 10076 0b66 8A5C     		ldrb	r2, [r1, r2]	@ zero_extendqisi2
 10077 0b68 D201     		lsls	r2, r2, #7
 10078 0b6a 1343     		orrs	r3, r3, r2
 10079 0b6c BB60     		str	r3, [r7, #8]
2243:main.c        ****         theVal.u32 |= (sysexBuffer[(i+4) & sysexPointerMask] & 127);
 10080              		.loc 1 2243 0
 10081 0b6e BA68     		ldr	r2, [r7, #8]
 10082 0b70 3B6A     		ldr	r3, [r7, #32]
 10083 0b72 0433     		adds	r3, r3, #4
 10084 0b74 40F2FF71 		movw	r1, #2047
 10085 0b78 0B40     		ands	r3, r3, r1
 10086 0b7a 3849     		ldr	r1, .L410+4
 10087 0b7c CB5C     		ldrb	r3, [r1, r3]	@ zero_extendqisi2
 10088 0b7e 03F07F03 		and	r3, r3, #127
 10089 0b82 1343     		orrs	r3, r3, r2
 10090 0b84 BB60     		str	r3, [r7, #8]
2244:main.c        ****         uint16_t roundedIndex = (uint16_t)roundf(theVal.f);
 10091              		.loc 1 2244 0
 10092 0b86 BB68     		ldr	r3, [r7, #8]	@ float
 10093 0b88 1846     		mov	r0, r3
 10094 0b8a FFF7FEFF 		bl	roundf
 10095 0b8e 0346     		mov	r3, r0
 10096 0b90 1846     		mov	r0, r3
 10097 0b92 FFF7FEFF 		bl	__aeabi_f2uiz
ARM GAS  C:\Users\ggg88\AppData\Local\Temp\ccfc1YkT.s 			page 220


 10098 0b96 0346     		mov	r3, r0
 10099 0b98 FB83     		strh	r3, [r7, #30]	@ movhi
2245:main.c        ****         singleParamToUpdateHigh = (roundedIndex << 8);
 10100              		.loc 1 2245 0
 10101 0b9a 324B     		ldr	r3, .L410+12
 10102 0b9c 0022     		movs	r2, #0
 10103 0b9e 1A70     		strb	r2, [r3]
2246:main.c        ****         singleParamToUpdateLow = roundedIndex & 0xff;
 10104              		.loc 1 2246 0
 10105 0ba0 FB8B     		ldrh	r3, [r7, #30]	@ movhi
 10106 0ba2 DAB2     		uxtb	r2, r3
 10107 0ba4 304B     		ldr	r3, .L410+16
 10108 0ba6 1A70     		strb	r2, [r3]
2247:main.c        ****         
2248:main.c        ****         i = (i+5);
 10109              		.loc 1 2248 0
 10110 0ba8 3B6A     		ldr	r3, [r7, #32]
 10111 0baa 0533     		adds	r3, r3, #5
 10112 0bac 3B62     		str	r3, [r7, #32]
2249:main.c        ****         
2250:main.c        ****         //get the parameter value
2251:main.c        ****         theVal.u32 = 0;
 10113              		.loc 1 2251 0
 10114 0bae 0023     		movs	r3, #0
 10115 0bb0 BB60     		str	r3, [r7, #8]
2252:main.c        ****         theVal.u32 |= ((sysexBuffer[i & sysexPointerMask] &15) << 28);
 10116              		.loc 1 2252 0
 10117 0bb2 BB68     		ldr	r3, [r7, #8]
 10118 0bb4 40F2FF71 		movw	r1, #2047
 10119 0bb8 3A6A     		ldr	r2, [r7, #32]
 10120 0bba 0A40     		ands	r2, r2, r1
 10121 0bbc 2749     		ldr	r1, .L410+4
 10122 0bbe 8A5C     		ldrb	r2, [r1, r2]	@ zero_extendqisi2
 10123 0bc0 1207     		lsls	r2, r2, #28
 10124 0bc2 1343     		orrs	r3, r3, r2
 10125 0bc4 BB60     		str	r3, [r7, #8]
2253:main.c        ****         theVal.u32 |= (sysexBuffer[(i+1)& sysexPointerMask] << 21);
 10126              		.loc 1 2253 0
 10127 0bc6 BB68     		ldr	r3, [r7, #8]
 10128 0bc8 3A6A     		ldr	r2, [r7, #32]
 10129 0bca 0132     		adds	r2, r2, #1
 10130 0bcc 40F2FF71 		movw	r1, #2047
 10131 0bd0 0A40     		ands	r2, r2, r1
 10132 0bd2 2249     		ldr	r1, .L410+4
 10133 0bd4 8A5C     		ldrb	r2, [r1, r2]	@ zero_extendqisi2
 10134 0bd6 5205     		lsls	r2, r2, #21
 10135 0bd8 1343     		orrs	r3, r3, r2
 10136 0bda BB60     		str	r3, [r7, #8]
2254:main.c        ****         theVal.u32 |= (sysexBuffer[(i+2)& sysexPointerMask] << 14);
 10137              		.loc 1 2254 0
 10138 0bdc BB68     		ldr	r3, [r7, #8]
 10139 0bde 3A6A     		ldr	r2, [r7, #32]
 10140 0be0 0232     		adds	r2, r2, #2
 10141 0be2 40F2FF71 		movw	r1, #2047
 10142 0be6 0A40     		ands	r2, r2, r1
 10143 0be8 1C49     		ldr	r1, .L410+4
 10144 0bea 8A5C     		ldrb	r2, [r1, r2]	@ zero_extendqisi2
ARM GAS  C:\Users\ggg88\AppData\Local\Temp\ccfc1YkT.s 			page 221


 10145 0bec 9203     		lsls	r2, r2, #14
 10146 0bee 1343     		orrs	r3, r3, r2
 10147 0bf0 BB60     		str	r3, [r7, #8]
2255:main.c        ****         theVal.u32 |= (sysexBuffer[(i+3)& sysexPointerMask] << 7);
 10148              		.loc 1 2255 0
 10149 0bf2 BB68     		ldr	r3, [r7, #8]
 10150 0bf4 3A6A     		ldr	r2, [r7, #32]
 10151 0bf6 0332     		adds	r2, r2, #3
 10152 0bf8 40F2FF71 		movw	r1, #2047
 10153 0bfc 0A40     		ands	r2, r2, r1
 10154 0bfe 1749     		ldr	r1, .L410+4
 10155 0c00 8A5C     		ldrb	r2, [r1, r2]	@ zero_extendqisi2
 10156 0c02 D201     		lsls	r2, r2, #7
 10157 0c04 1343     		orrs	r3, r3, r2
 10158 0c06 BB60     		str	r3, [r7, #8]
2256:main.c        ****         theVal.u32 |= (sysexBuffer[(i+4)& sysexPointerMask] & 127);
 10159              		.loc 1 2256 0
 10160 0c08 BA68     		ldr	r2, [r7, #8]
 10161 0c0a 3B6A     		ldr	r3, [r7, #32]
 10162 0c0c 0433     		adds	r3, r3, #4
 10163 0c0e 40F2FF71 		movw	r1, #2047
 10164 0c12 0B40     		ands	r3, r3, r1
 10165 0c14 1149     		ldr	r1, .L410+4
 10166 0c16 CB5C     		ldrb	r3, [r1, r3]	@ zero_extendqisi2
 10167 0c18 03F07F03 		and	r3, r3, #127
 10168 0c1c 1343     		orrs	r3, r3, r2
 10169 0c1e BB60     		str	r3, [r7, #8]
2257:main.c        ****         
2258:main.c        ****         uint16_t intVal = (uint16_t)(theVal.f * 65535.0f);
 10170              		.loc 1 2258 0
 10171 0c20 BB68     		ldr	r3, [r7, #8]	@ float
 10172 0c22 1249     		ldr	r1, .L410+20
 10173 0c24 1846     		mov	r0, r3
 10174 0c26 FFF7FEFF 		bl	__aeabi_fmul
 10175 0c2a 0346     		mov	r3, r0
 10176 0c2c 1846     		mov	r0, r3
 10177 0c2e FFF7FEFF 		bl	__aeabi_f2uiz
 10178 0c32 0346     		mov	r3, r0
 10179 0c34 BB83     		strh	r3, [r7, #28]	@ movhi
2259:main.c        ****         singleParamValueHigh = intVal >> 8;
 10180              		.loc 1 2259 0
 10181 0c36 BB8B     		ldrh	r3, [r7, #28]
 10182 0c38 1B0A     		lsrs	r3, r3, #8
 10183 0c3a 9BB2     		uxth	r3, r3
 10184 0c3c DAB2     		uxtb	r2, r3
 10185 0c3e 0C4B     		ldr	r3, .L410+24
 10186 0c40 1A70     		strb	r2, [r3]
2260:main.c        ****         singleParamValueLow = intVal & 0xff;
 10187              		.loc 1 2260 0
 10188 0c42 BB8B     		ldrh	r3, [r7, #28]	@ movhi
 10189 0c44 DAB2     		uxtb	r2, r3
 10190 0c46 0B4B     		ldr	r3, .L410+28
 10191 0c48 1A70     		strb	r2, [r3]
2261:main.c        ****         
2262:main.c        ****         sysexMessageInProgress = 0;
 10192              		.loc 1 2262 0
 10193 0c4a 054B     		ldr	r3, .L410+8
ARM GAS  C:\Users\ggg88\AppData\Local\Temp\ccfc1YkT.s 			page 222


 10194 0c4c 0022     		movs	r2, #0
 10195 0c4e 1A70     		strb	r2, [r3]
2263:main.c        ****         sendSingleParamUpdate = 1;
 10196              		.loc 1 2263 0
 10197 0c50 094B     		ldr	r3, .L410+32
 10198 0c52 0122     		movs	r2, #1
 10199 0c54 1A70     		strb	r2, [r3]
 10200              	.LBE71:
 10201 0c56 FFE0     		b	.L373
 10202              	.L411:
 10203              		.align	2
 10204              	.L410:
 10205 0c58 00000000 		.word	sysexReadPointer
 10206 0c5c 00000000 		.word	sysexBuffer
 10207 0c60 00000000 		.word	sysexMessageInProgress
 10208 0c64 00000000 		.word	singleParamToUpdateHigh
 10209 0c68 00000000 		.word	singleParamToUpdateLow
 10210 0c6c 00FF7F47 		.word	1199570688
 10211 0c70 00000000 		.word	singleParamValueHigh
 10212 0c74 00000000 		.word	singleParamValueLow
 10213 0c78 00000000 		.word	sendSingleParamUpdate
 10214              	.L389:
2264:main.c        ****     }
2265:main.c        ****     
2266:main.c        ****      else if (sysexBuffer[sysexReadPointer & sysexPointerMask] == 4) //it's a real-time mapping cha
 10215              		.loc 1 2266 0
 10216 0c7c 814B     		ldr	r3, .L412
 10217 0c7e 1B68     		ldr	r3, [r3]
 10218 0c80 40F2FF72 		movw	r2, #2047
 10219 0c84 1340     		ands	r3, r3, r2
 10220 0c86 804A     		ldr	r2, .L412+4
 10221 0c88 D35C     		ldrb	r3, [r2, r3]	@ zero_extendqisi2
 10222 0c8a 042B     		cmp	r3, #4
 10223 0c8c 40F0E480 		bne	.L373
 10224              	.LBB72:
2267:main.c        ****     {
2268:main.c        ****         sysexMessageInProgress = 1; // set a flag that we've started a sysex preset transfer. May t
 10225              		.loc 1 2268 0
 10226 0c90 7E4B     		ldr	r3, .L412+8
 10227 0c92 0122     		movs	r2, #1
 10228 0c94 1A70     		strb	r2, [r3]
2269:main.c        ****         union breakFloat theVal;
2270:main.c        ****         uint32_t i = (2 + messageStart);
 10229              		.loc 1 2270 0
 10230 0c96 FB6B     		ldr	r3, [r7, #60]
 10231 0c98 0233     		adds	r3, r3, #2
 10232 0c9a BB61     		str	r3, [r7, #24]
2271:main.c        ****         
2272:main.c        ****         //get the destination number
2273:main.c        ****         theVal.u32 = 0;
 10233              		.loc 1 2273 0
 10234 0c9c 0023     		movs	r3, #0
 10235 0c9e 7B60     		str	r3, [r7, #4]
2274:main.c        ****         theVal.u32 |= ((sysexBuffer[i & sysexPointerMask] &15) << 28);
 10236              		.loc 1 2274 0
 10237 0ca0 7B68     		ldr	r3, [r7, #4]
 10238 0ca2 40F2FF71 		movw	r1, #2047
ARM GAS  C:\Users\ggg88\AppData\Local\Temp\ccfc1YkT.s 			page 223


 10239 0ca6 BA69     		ldr	r2, [r7, #24]
 10240 0ca8 0A40     		ands	r2, r2, r1
 10241 0caa 7749     		ldr	r1, .L412+4
 10242 0cac 8A5C     		ldrb	r2, [r1, r2]	@ zero_extendqisi2
 10243 0cae 1207     		lsls	r2, r2, #28
 10244 0cb0 1343     		orrs	r3, r3, r2
 10245 0cb2 7B60     		str	r3, [r7, #4]
2275:main.c        ****         theVal.u32 |= (sysexBuffer[(i+1) & sysexPointerMask] << 21);
 10246              		.loc 1 2275 0
 10247 0cb4 7B68     		ldr	r3, [r7, #4]
 10248 0cb6 BA69     		ldr	r2, [r7, #24]
 10249 0cb8 0132     		adds	r2, r2, #1
 10250 0cba 40F2FF71 		movw	r1, #2047
 10251 0cbe 0A40     		ands	r2, r2, r1
 10252 0cc0 7149     		ldr	r1, .L412+4
 10253 0cc2 8A5C     		ldrb	r2, [r1, r2]	@ zero_extendqisi2
 10254 0cc4 5205     		lsls	r2, r2, #21
 10255 0cc6 1343     		orrs	r3, r3, r2
 10256 0cc8 7B60     		str	r3, [r7, #4]
2276:main.c        ****         theVal.u32 |= (sysexBuffer[(i+2) & sysexPointerMask] << 14);
 10257              		.loc 1 2276 0
 10258 0cca 7B68     		ldr	r3, [r7, #4]
 10259 0ccc BA69     		ldr	r2, [r7, #24]
 10260 0cce 0232     		adds	r2, r2, #2
 10261 0cd0 40F2FF71 		movw	r1, #2047
 10262 0cd4 0A40     		ands	r2, r2, r1
 10263 0cd6 6C49     		ldr	r1, .L412+4
 10264 0cd8 8A5C     		ldrb	r2, [r1, r2]	@ zero_extendqisi2
 10265 0cda 9203     		lsls	r2, r2, #14
 10266 0cdc 1343     		orrs	r3, r3, r2
 10267 0cde 7B60     		str	r3, [r7, #4]
2277:main.c        ****         theVal.u32 |= (sysexBuffer[(i+3) & sysexPointerMask] << 7);
 10268              		.loc 1 2277 0
 10269 0ce0 7B68     		ldr	r3, [r7, #4]
 10270 0ce2 BA69     		ldr	r2, [r7, #24]
 10271 0ce4 0332     		adds	r2, r2, #3
 10272 0ce6 40F2FF71 		movw	r1, #2047
 10273 0cea 0A40     		ands	r2, r2, r1
 10274 0cec 6649     		ldr	r1, .L412+4
 10275 0cee 8A5C     		ldrb	r2, [r1, r2]	@ zero_extendqisi2
 10276 0cf0 D201     		lsls	r2, r2, #7
 10277 0cf2 1343     		orrs	r3, r3, r2
 10278 0cf4 7B60     		str	r3, [r7, #4]
2278:main.c        ****         theVal.u32 |= (sysexBuffer[(i+4) & sysexPointerMask] & 127);
 10279              		.loc 1 2278 0
 10280 0cf6 7A68     		ldr	r2, [r7, #4]
 10281 0cf8 BB69     		ldr	r3, [r7, #24]
 10282 0cfa 0433     		adds	r3, r3, #4
 10283 0cfc 40F2FF71 		movw	r1, #2047
 10284 0d00 0B40     		ands	r3, r3, r1
 10285 0d02 6149     		ldr	r1, .L412+4
 10286 0d04 CB5C     		ldrb	r3, [r1, r3]	@ zero_extendqisi2
 10287 0d06 03F07F03 		and	r3, r3, #127
 10288 0d0a 1343     		orrs	r3, r3, r2
 10289 0d0c 7B60     		str	r3, [r7, #4]
2279:main.c        ****         uint16_t roundedIndex = (uint16_t)roundf(theVal.f);
 10290              		.loc 1 2279 0
ARM GAS  C:\Users\ggg88\AppData\Local\Temp\ccfc1YkT.s 			page 224


 10291 0d0e 7B68     		ldr	r3, [r7, #4]	@ float
 10292 0d10 1846     		mov	r0, r3
 10293 0d12 FFF7FEFF 		bl	roundf
 10294 0d16 0346     		mov	r3, r0
 10295 0d18 1846     		mov	r0, r3
 10296 0d1a FFF7FEFF 		bl	__aeabi_f2uiz
 10297 0d1e 0346     		mov	r3, r0
 10298 0d20 FB82     		strh	r3, [r7, #22]	@ movhi
2280:main.c        ****         mappingArray[0] = (roundedIndex << 8);
 10299              		.loc 1 2280 0
 10300 0d22 5B4B     		ldr	r3, .L412+12
 10301 0d24 0022     		movs	r2, #0
 10302 0d26 1A70     		strb	r2, [r3]
2281:main.c        ****         mappingArray[1] = roundedIndex & 0xff;
 10303              		.loc 1 2281 0
 10304 0d28 FB8A     		ldrh	r3, [r7, #22]	@ movhi
 10305 0d2a DAB2     		uxtb	r2, r3
 10306 0d2c 584B     		ldr	r3, .L412+12
 10307 0d2e 5A70     		strb	r2, [r3, #1]
2282:main.c        ****         
2283:main.c        ****         
2284:main.c        ****         mappingArray[2] = sysexBuffer[(i+5) & sysexPointerMask]; //slot id
 10308              		.loc 1 2284 0
 10309 0d30 BB69     		ldr	r3, [r7, #24]
 10310 0d32 0533     		adds	r3, r3, #5
 10311 0d34 40F2FF72 		movw	r2, #2047
 10312 0d38 1340     		ands	r3, r3, r2
 10313 0d3a 534A     		ldr	r2, .L412+4
 10314 0d3c D25C     		ldrb	r2, [r2, r3]	@ zero_extendqisi2
 10315 0d3e 544B     		ldr	r3, .L412+12
 10316 0d40 9A70     		strb	r2, [r3, #2]
2285:main.c        ****         mappingArray[3] = sysexBuffer[(i+6) & sysexPointerMask]; //mapping change type
 10317              		.loc 1 2285 0
 10318 0d42 BB69     		ldr	r3, [r7, #24]
 10319 0d44 0633     		adds	r3, r3, #6
 10320 0d46 40F2FF72 		movw	r2, #2047
 10321 0d4a 1340     		ands	r3, r3, r2
 10322 0d4c 4E4A     		ldr	r2, .L412+4
 10323 0d4e D25C     		ldrb	r2, [r2, r3]	@ zero_extendqisi2
 10324 0d50 4F4B     		ldr	r3, .L412+12
 10325 0d52 DA70     		strb	r2, [r3, #3]
2286:main.c        ****         
2287:main.c        ****         i = (i+7);
 10326              		.loc 1 2287 0
 10327 0d54 BB69     		ldr	r3, [r7, #24]
 10328 0d56 0733     		adds	r3, r3, #7
 10329 0d58 BB61     		str	r3, [r7, #24]
2288:main.c        ****         
2289:main.c        ****         //get the parameter value
2290:main.c        ****         theVal.u32 = 0;
 10330              		.loc 1 2290 0
 10331 0d5a 0023     		movs	r3, #0
 10332 0d5c 7B60     		str	r3, [r7, #4]
2291:main.c        ****         theVal.u32 |= ((sysexBuffer[i & sysexPointerMask] &15) << 28);
 10333              		.loc 1 2291 0
 10334 0d5e 7B68     		ldr	r3, [r7, #4]
 10335 0d60 40F2FF71 		movw	r1, #2047
ARM GAS  C:\Users\ggg88\AppData\Local\Temp\ccfc1YkT.s 			page 225


 10336 0d64 BA69     		ldr	r2, [r7, #24]
 10337 0d66 0A40     		ands	r2, r2, r1
 10338 0d68 4749     		ldr	r1, .L412+4
 10339 0d6a 8A5C     		ldrb	r2, [r1, r2]	@ zero_extendqisi2
 10340 0d6c 1207     		lsls	r2, r2, #28
 10341 0d6e 1343     		orrs	r3, r3, r2
 10342 0d70 7B60     		str	r3, [r7, #4]
2292:main.c        ****         theVal.u32 |= (sysexBuffer[(i+1) & sysexPointerMask] << 21);
 10343              		.loc 1 2292 0
 10344 0d72 7B68     		ldr	r3, [r7, #4]
 10345 0d74 BA69     		ldr	r2, [r7, #24]
 10346 0d76 0132     		adds	r2, r2, #1
 10347 0d78 40F2FF71 		movw	r1, #2047
 10348 0d7c 0A40     		ands	r2, r2, r1
 10349 0d7e 4249     		ldr	r1, .L412+4
 10350 0d80 8A5C     		ldrb	r2, [r1, r2]	@ zero_extendqisi2
 10351 0d82 5205     		lsls	r2, r2, #21
 10352 0d84 1343     		orrs	r3, r3, r2
 10353 0d86 7B60     		str	r3, [r7, #4]
2293:main.c        ****         theVal.u32 |= (sysexBuffer[(i+2) & sysexPointerMask] << 14);
 10354              		.loc 1 2293 0
 10355 0d88 7B68     		ldr	r3, [r7, #4]
 10356 0d8a BA69     		ldr	r2, [r7, #24]
 10357 0d8c 0232     		adds	r2, r2, #2
 10358 0d8e 40F2FF71 		movw	r1, #2047
 10359 0d92 0A40     		ands	r2, r2, r1
 10360 0d94 3C49     		ldr	r1, .L412+4
 10361 0d96 8A5C     		ldrb	r2, [r1, r2]	@ zero_extendqisi2
 10362 0d98 9203     		lsls	r2, r2, #14
 10363 0d9a 1343     		orrs	r3, r3, r2
 10364 0d9c 7B60     		str	r3, [r7, #4]
2294:main.c        ****         theVal.u32 |= (sysexBuffer[(i+3) & sysexPointerMask] << 7);
 10365              		.loc 1 2294 0
 10366 0d9e 7B68     		ldr	r3, [r7, #4]
 10367 0da0 BA69     		ldr	r2, [r7, #24]
 10368 0da2 0332     		adds	r2, r2, #3
 10369 0da4 40F2FF71 		movw	r1, #2047
 10370 0da8 0A40     		ands	r2, r2, r1
 10371 0daa 3749     		ldr	r1, .L412+4
 10372 0dac 8A5C     		ldrb	r2, [r1, r2]	@ zero_extendqisi2
 10373 0dae D201     		lsls	r2, r2, #7
 10374 0db0 1343     		orrs	r3, r3, r2
 10375 0db2 7B60     		str	r3, [r7, #4]
2295:main.c        ****         theVal.u32 |= (sysexBuffer[(i+4) & sysexPointerMask] & 127);
 10376              		.loc 1 2295 0
 10377 0db4 7A68     		ldr	r2, [r7, #4]
 10378 0db6 BB69     		ldr	r3, [r7, #24]
 10379 0db8 0433     		adds	r3, r3, #4
 10380 0dba 40F2FF71 		movw	r1, #2047
 10381 0dbe 0B40     		ands	r3, r3, r1
 10382 0dc0 3149     		ldr	r1, .L412+4
 10383 0dc2 CB5C     		ldrb	r3, [r1, r3]	@ zero_extendqisi2
 10384 0dc4 03F07F03 		and	r3, r3, #127
 10385 0dc8 1343     		orrs	r3, r3, r2
 10386 0dca 7B60     		str	r3, [r7, #4]
2296:main.c        ****         if (mappingArray[3] == 0) // source id
 10387              		.loc 1 2296 0
ARM GAS  C:\Users\ggg88\AppData\Local\Temp\ccfc1YkT.s 			page 226


 10388 0dcc 304B     		ldr	r3, .L412+12
 10389 0dce DB78     		ldrb	r3, [r3, #3]	@ zero_extendqisi2
 10390 0dd0 002B     		cmp	r3, #0
 10391 0dd2 10D1     		bne	.L390
2297:main.c        ****         {
2298:main.c        ****             mappingArray[4] = 0;
 10392              		.loc 1 2298 0
 10393 0dd4 2E4B     		ldr	r3, .L412+12
 10394 0dd6 0022     		movs	r2, #0
 10395 0dd8 1A71     		strb	r2, [r3, #4]
2299:main.c        ****             mappingArray[5] = (int16_t)(roundf(theVal.f));
 10396              		.loc 1 2299 0
 10397 0dda 7B68     		ldr	r3, [r7, #4]	@ float
 10398 0ddc 1846     		mov	r0, r3
 10399 0dde FFF7FEFF 		bl	roundf
 10400 0de2 0346     		mov	r3, r0
 10401 0de4 1846     		mov	r0, r3
 10402 0de6 FFF7FEFF 		bl	__aeabi_f2iz
 10403 0dea 0346     		mov	r3, r0
 10404 0dec 1BB2     		sxth	r3, r3
 10405 0dee DAB2     		uxtb	r2, r3
 10406 0df0 274B     		ldr	r3, .L412+12
 10407 0df2 5A71     		strb	r2, [r3, #5]
 10408 0df4 2AE0     		b	.L391
 10409              	.L390:
2300:main.c        ****         }
2301:main.c        ****         else if (mappingArray[3] == 1) // amount
 10410              		.loc 1 2301 0
 10411 0df6 264B     		ldr	r3, .L412+12
 10412 0df8 DB78     		ldrb	r3, [r3, #3]	@ zero_extendqisi2
 10413 0dfa 012B     		cmp	r3, #1
 10414 0dfc 16D1     		bne	.L392
 10415              	.LBB73:
2302:main.c        ****         {
2303:main.c        ****             int16_t intVal = (int16_t)(theVal.f * 32767.0f);
 10416              		.loc 1 2303 0
 10417 0dfe 7B68     		ldr	r3, [r7, #4]	@ float
 10418 0e00 2449     		ldr	r1, .L412+16
 10419 0e02 1846     		mov	r0, r3
 10420 0e04 FFF7FEFF 		bl	__aeabi_fmul
 10421 0e08 0346     		mov	r3, r0
 10422 0e0a 1846     		mov	r0, r3
 10423 0e0c FFF7FEFF 		bl	__aeabi_f2iz
 10424 0e10 0346     		mov	r3, r0
 10425 0e12 BB82     		strh	r3, [r7, #20]	@ movhi
2304:main.c        ****             mappingArray[4] = intVal >> 8;
 10426              		.loc 1 2304 0
 10427 0e14 B7F91430 		ldrsh	r3, [r7, #20]
 10428 0e18 1B12     		asrs	r3, r3, #8
 10429 0e1a 1BB2     		sxth	r3, r3
 10430 0e1c DAB2     		uxtb	r2, r3
 10431 0e1e 1C4B     		ldr	r3, .L412+12
 10432 0e20 1A71     		strb	r2, [r3, #4]
2305:main.c        ****             mappingArray[5] = intVal & 0xff;
 10433              		.loc 1 2305 0
 10434 0e22 BB8A     		ldrh	r3, [r7, #20]	@ movhi
 10435 0e24 DAB2     		uxtb	r2, r3
ARM GAS  C:\Users\ggg88\AppData\Local\Temp\ccfc1YkT.s 			page 227


 10436 0e26 1A4B     		ldr	r3, .L412+12
 10437 0e28 5A71     		strb	r2, [r3, #5]
 10438              	.LBE73:
 10439 0e2a 0FE0     		b	.L391
 10440              	.L392:
2306:main.c        ****         }
2307:main.c        ****         else // scalar source
2308:main.c        ****         {
2309:main.c        ****             mappingArray[4] = 0;
 10441              		.loc 1 2309 0
 10442 0e2c 184B     		ldr	r3, .L412+12
 10443 0e2e 0022     		movs	r2, #0
 10444 0e30 1A71     		strb	r2, [r3, #4]
2310:main.c        ****             mappingArray[5] = (int16_t)(roundf(theVal.f));
 10445              		.loc 1 2310 0
 10446 0e32 7B68     		ldr	r3, [r7, #4]	@ float
 10447 0e34 1846     		mov	r0, r3
 10448 0e36 FFF7FEFF 		bl	roundf
 10449 0e3a 0346     		mov	r3, r0
 10450 0e3c 1846     		mov	r0, r3
 10451 0e3e FFF7FEFF 		bl	__aeabi_f2iz
 10452 0e42 0346     		mov	r3, r0
 10453 0e44 1BB2     		sxth	r3, r3
 10454 0e46 DAB2     		uxtb	r2, r3
 10455 0e48 114B     		ldr	r3, .L412+12
 10456 0e4a 5A71     		strb	r2, [r3, #5]
 10457              	.L391:
2311:main.c        ****         }
2312:main.c        ****         
2313:main.c        ****         
2314:main.c        ****         sysexMessageInProgress = 0;
 10458              		.loc 1 2314 0
 10459 0e4c 0F4B     		ldr	r3, .L412+8
 10460 0e4e 0022     		movs	r2, #0
 10461 0e50 1A70     		strb	r2, [r3]
2315:main.c        ****         sendMappingChangeUpdate = 1;
 10462              		.loc 1 2315 0
 10463 0e52 114B     		ldr	r3, .L412+20
 10464 0e54 0122     		movs	r2, #1
 10465 0e56 1A70     		strb	r2, [r3]
 10466              	.L373:
 10467              	.LBE72:
2316:main.c        ****     }
2317:main.c        **** 
2318:main.c        ****     parsingSysex = 0;
 10468              		.loc 1 2318 0
 10469 0e58 104B     		ldr	r3, .L412+24
 10470 0e5a 0022     		movs	r2, #0
 10471 0e5c 1A70     		strb	r2, [r3]
2319:main.c        ****     if (sysexMessageStartPointsReadPosition == sysexMessageStartPointsWritePosition)
 10472              		.loc 1 2319 0
 10473 0e5e 104B     		ldr	r3, .L412+28
 10474 0e60 1A78     		ldrb	r2, [r3]	@ zero_extendqisi2
 10475 0e62 104B     		ldr	r3, .L412+32
 10476 0e64 1B78     		ldrb	r3, [r3]	@ zero_extendqisi2
 10477 0e66 9A42     		cmp	r2, r3
 10478 0e68 03D1     		bne	.L393
ARM GAS  C:\Users\ggg88\AppData\Local\Temp\ccfc1YkT.s 			page 228


2320:main.c        ****     {
2321:main.c        ****         parseThatMF = 0;
 10479              		.loc 1 2321 0
 10480 0e6a 0F4B     		ldr	r3, .L412+36
 10481 0e6c 0022     		movs	r2, #0
 10482 0e6e 1A70     		strb	r2, [r3]
2322:main.c        ****     }
2323:main.c        ****     else
2324:main.c        ****     {
2325:main.c        ****         moreToDo++;
2326:main.c        ****     }
2327:main.c        **** }
 10483              		.loc 1 2327 0
 10484 0e70 04E0     		b	.L401
 10485              	.L393:
2325:main.c        ****     }
 10486              		.loc 1 2325 0
 10487 0e72 0E4B     		ldr	r3, .L412+40
 10488 0e74 1B68     		ldr	r3, [r3]
 10489 0e76 0133     		adds	r3, r3, #1
 10490 0e78 0C4A     		ldr	r2, .L412+40
 10491 0e7a 1360     		str	r3, [r2]
 10492              	.L401:
 10493              		.loc 1 2327 0
 10494 0e7c 00BF     		nop
 10495 0e7e 6C37     		adds	r7, r7, #108
 10496              		.cfi_def_cfa_offset 12
 10497 0e80 BD46     		mov	sp, r7
 10498              		.cfi_def_cfa_register 13
 10499              		@ sp needed
 10500 0e82 90BD     		pop	{r4, r7, pc}
 10501              	.L413:
 10502              		.align	2
 10503              	.L412:
 10504 0e84 00000000 		.word	sysexReadPointer
 10505 0e88 00000000 		.word	sysexBuffer
 10506 0e8c 00000000 		.word	sysexMessageInProgress
 10507 0e90 00000000 		.word	mappingArray
 10508 0e94 00FEFF46 		.word	1191181824
 10509 0e98 00000000 		.word	sendMappingChangeUpdate
 10510 0e9c 00000000 		.word	parsingSysex
 10511 0ea0 00000000 		.word	sysexMessageStartPointsReadPosition
 10512 0ea4 00000000 		.word	sysexMessageStartPointsWritePosition
 10513 0ea8 00000000 		.word	parseThatMF
 10514 0eac 00000000 		.word	moreToDo
 10515              		.cfi_endproc
 10516              	.LFE91:
 10517              		.size	parseSysex, .-parseSysex
 10518              		.section	.text.USB_callbackLocalMidiEvent,"ax",%progbits
 10519              		.align	2
 10520              		.global	USB_callbackLocalMidiEvent
 10521              		.thumb
 10522              		.thumb_func
 10523              		.type	USB_callbackLocalMidiEvent, %function
 10524              	USB_callbackLocalMidiEvent:
 10525              	.LFB92:
2328:main.c        **** 
ARM GAS  C:\Users\ggg88\AppData\Local\Temp\ccfc1YkT.s 			page 229


2329:main.c        **** 
2330:main.c        **** // this gets called if the Brain gets a MIDI message from the computer host
2331:main.c        **** void USB_callbackLocalMidiEvent(uint8 cable, uint8 *midiMsg) CYREENTRANT
2332:main.c        **** {   
 10526              		.loc 1 2332 0
 10527              		.cfi_startproc
 10528              		@ args = 0, pretend = 0, frame = 16
 10529              		@ frame_needed = 1, uses_anonymous_args = 0
 10530 0000 80B5     		push	{r7, lr}
 10531              		.cfi_def_cfa_offset 8
 10532              		.cfi_offset 7, -8
 10533              		.cfi_offset 14, -4
 10534 0002 84B0     		sub	sp, sp, #16
 10535              		.cfi_def_cfa_offset 24
 10536 0004 00AF     		add	r7, sp, #0
 10537              		.cfi_def_cfa_register 7
 10538 0006 0346     		mov	r3, r0
 10539 0008 3960     		str	r1, [r7]
 10540 000a FB71     		strb	r3, [r7, #7]
2333:main.c        ****     tempMIDI[0] = midiMsg[0];
 10541              		.loc 1 2333 0
 10542 000c 3B68     		ldr	r3, [r7]
 10543 000e 1A78     		ldrb	r2, [r3]	@ zero_extendqisi2
 10544 0010 694B     		ldr	r3, .L426
 10545 0012 1A70     		strb	r2, [r3]
2334:main.c        ****     tempMIDI[1] = midiMsg[1];
 10546              		.loc 1 2334 0
 10547 0014 3B68     		ldr	r3, [r7]
 10548 0016 5A78     		ldrb	r2, [r3, #1]	@ zero_extendqisi2
 10549 0018 674B     		ldr	r3, .L426
 10550 001a 5A70     		strb	r2, [r3, #1]
2335:main.c        ****     tempMIDI[2] = midiMsg[2];
 10551              		.loc 1 2335 0
 10552 001c 3B68     		ldr	r3, [r7]
 10553 001e 9A78     		ldrb	r2, [r3, #2]	@ zero_extendqisi2
 10554 0020 654B     		ldr	r3, .L426
 10555 0022 9A70     		strb	r2, [r3, #2]
2336:main.c        ****     tempMIDI[3] = midiMsg[3];
 10556              		.loc 1 2336 0
 10557 0024 3B68     		ldr	r3, [r7]
 10558 0026 DA78     		ldrb	r2, [r3, #3]	@ zero_extendqisi2
 10559 0028 634B     		ldr	r3, .L426
 10560 002a DA70     		strb	r2, [r3, #3]
2337:main.c        ****     //check that we got here
2338:main.c        ****     
2339:main.c        ****     if ((USB_active) && (USB_VBusPresent()))
 10561              		.loc 1 2339 0
 10562 002c 634B     		ldr	r3, .L426+4
 10563 002e 1B78     		ldrb	r3, [r3]
 10564 0030 DBB2     		uxtb	r3, r3
 10565 0032 002B     		cmp	r3, #0
 10566 0034 00F0BD80 		beq	.L414
 10567              		.loc 1 2339 0 is_stmt 0 discriminator 1
 10568 0038 FFF7FEFF 		bl	USB_VBusPresent
 10569 003c 0346     		mov	r3, r0
 10570 003e 002B     		cmp	r3, #0
 10571 0040 00F0B780 		beq	.L414
ARM GAS  C:\Users\ggg88\AppData\Local\Temp\ccfc1YkT.s 			page 230


2340:main.c        ****     {
2341:main.c        ****         if (receivingSysex)
 10572              		.loc 1 2341 0 is_stmt 1
 10573 0044 5E4B     		ldr	r3, .L426+8
 10574 0046 1B78     		ldrb	r3, [r3]	@ zero_extendqisi2
 10575 0048 002B     		cmp	r3, #0
 10576 004a 36D0     		beq	.L416
 10577              	.LBB74:
2342:main.c        ****         {
2343:main.c        ****             for (int i = 0; i < 3; i++)
 10578              		.loc 1 2343 0
 10579 004c 0023     		movs	r3, #0
 10580 004e FB60     		str	r3, [r7, #12]
 10581 0050 2AE0     		b	.L417
 10582              	.L420:
2344:main.c        ****             {
2345:main.c        ****                 if (midiMsg[i] < 128)
 10583              		.loc 1 2345 0
 10584 0052 FB68     		ldr	r3, [r7, #12]
 10585 0054 3A68     		ldr	r2, [r7]
 10586 0056 1344     		add	r3, r3, r2
 10587 0058 1B78     		ldrb	r3, [r3]	@ zero_extendqisi2
 10588 005a 5BB2     		sxtb	r3, r3
 10589 005c 002B     		cmp	r3, #0
 10590 005e 12DB     		blt	.L418
2346:main.c        ****                 {
2347:main.c        ****                     sysexBuffer[(sysexWritePointer++) & sysexPointerMask] = midiMsg[i];
 10591              		.loc 1 2347 0
 10592 0060 584B     		ldr	r3, .L426+12
 10593 0062 1B68     		ldr	r3, [r3]
 10594 0064 5A1C     		adds	r2, r3, #1
 10595 0066 5749     		ldr	r1, .L426+12
 10596 0068 0A60     		str	r2, [r1]
 10597 006a 40F2FF72 		movw	r2, #2047
 10598 006e 1340     		ands	r3, r3, r2
 10599 0070 FA68     		ldr	r2, [r7, #12]
 10600 0072 3968     		ldr	r1, [r7]
 10601 0074 0A44     		add	r2, r2, r1
 10602 0076 1178     		ldrb	r1, [r2]	@ zero_extendqisi2
 10603 0078 534A     		ldr	r2, .L426+16
 10604 007a D154     		strb	r1, [r2, r3]
2348:main.c        ****                     lastBufferStuff = masterTimer;
 10605              		.loc 1 2348 0
 10606 007c 534B     		ldr	r3, .L426+20
 10607 007e 1B68     		ldr	r3, [r3]
 10608 0080 534A     		ldr	r2, .L426+24
 10609 0082 1360     		str	r3, [r2]
 10610 0084 0DE0     		b	.L419
 10611              	.L418:
2349:main.c        ****                     
2350:main.c        ****                 }
2351:main.c        ****                 else
2352:main.c        ****                 {
2353:main.c        ****                     if (midiMsg[i] == USB_MIDI_EOSEX)
 10612              		.loc 1 2353 0
 10613 0086 FB68     		ldr	r3, [r7, #12]
 10614 0088 3A68     		ldr	r2, [r7]
ARM GAS  C:\Users\ggg88\AppData\Local\Temp\ccfc1YkT.s 			page 231


 10615 008a 1344     		add	r3, r3, r2
 10616 008c 1B78     		ldrb	r3, [r3]	@ zero_extendqisi2
 10617 008e F72B     		cmp	r3, #247
 10618 0090 07D1     		bne	.L419
2354:main.c        ****                     {
2355:main.c        ****                         receivingSysex = 0;
 10619              		.loc 1 2355 0
 10620 0092 4B4B     		ldr	r3, .L426+8
 10621 0094 0022     		movs	r2, #0
 10622 0096 1A70     		strb	r2, [r3]
2356:main.c        ****                         lastEndReceive = masterTimer;
 10623              		.loc 1 2356 0
 10624 0098 4C4B     		ldr	r3, .L426+20
 10625 009a 1B68     		ldr	r3, [r3]
 10626 009c 4D4A     		ldr	r2, .L426+28
 10627 009e 1360     		str	r3, [r2]
2357:main.c        **** 
2358:main.c        ****                         //parseSysex();
2359:main.c        ****                         return;
 10628              		.loc 1 2359 0
 10629 00a0 87E0     		b	.L414
 10630              	.L419:
2343:main.c        ****             {
 10631              		.loc 1 2343 0 discriminator 2
 10632 00a2 FB68     		ldr	r3, [r7, #12]
 10633 00a4 0133     		adds	r3, r3, #1
 10634 00a6 FB60     		str	r3, [r7, #12]
 10635              	.L417:
2343:main.c        ****             {
 10636              		.loc 1 2343 0 is_stmt 0 discriminator 1
 10637 00a8 FB68     		ldr	r3, [r7, #12]
 10638 00aa 022B     		cmp	r3, #2
 10639 00ac D1DD     		ble	.L420
 10640              	.LBE74:
2360:main.c        ****                      }
2361:main.c        ****                 }
2362:main.c        ****             }
2363:main.c        ****             masterTimer++;
 10641              		.loc 1 2363 0 is_stmt 1
 10642 00ae 474B     		ldr	r3, .L426+20
 10643 00b0 1B68     		ldr	r3, [r3]
 10644 00b2 0133     		adds	r3, r3, #1
 10645 00b4 454A     		ldr	r2, .L426+20
 10646 00b6 1360     		str	r3, [r2]
 10647 00b8 7BE0     		b	.L414
 10648              	.L416:
2364:main.c        ****         }
2365:main.c        ****         else if (midiMsg[USB_EVENT_BYTE0] == USB_MIDI_SYSEX)
 10649              		.loc 1 2365 0
 10650 00ba 3B68     		ldr	r3, [r7]
 10651 00bc 1B78     		ldrb	r3, [r3]	@ zero_extendqisi2
 10652 00be F02B     		cmp	r3, #240
 10653 00c0 77D1     		bne	.L414
2366:main.c        ****         {
2367:main.c        ****             if (!parsingSysex)
 10654              		.loc 1 2367 0
 10655 00c2 454B     		ldr	r3, .L426+32
ARM GAS  C:\Users\ggg88\AppData\Local\Temp\ccfc1YkT.s 			page 232


 10656 00c4 1B78     		ldrb	r3, [r3]	@ zero_extendqisi2
 10657 00c6 002B     		cmp	r3, #0
 10658 00c8 6ED1     		bne	.L422
2368:main.c        ****             {
2369:main.c        ****                 if (midiMsg[1] == 126) // special message saying that sysex multi-chunk transmissio
 10659              		.loc 1 2369 0
 10660 00ca 3B68     		ldr	r3, [r7]
 10661 00cc 0133     		adds	r3, r3, #1
 10662 00ce 1B78     		ldrb	r3, [r3]	@ zero_extendqisi2
 10663 00d0 7E2B     		cmp	r3, #126
 10664 00d2 1CD1     		bne	.L423
2370:main.c        ****                 {
2371:main.c        ****                     parseThatMF = 1;
 10665              		.loc 1 2371 0
 10666 00d4 414B     		ldr	r3, .L426+36
 10667 00d6 0122     		movs	r2, #1
 10668 00d8 1A70     		strb	r2, [r3]
2372:main.c        ****                     prevLastParseCall = lastParseCall;
 10669              		.loc 1 2372 0
 10670 00da 414B     		ldr	r3, .L426+40
 10671 00dc 1B68     		ldr	r3, [r3]
 10672 00de 414A     		ldr	r2, .L426+44
 10673 00e0 1360     		str	r3, [r2]
2373:main.c        ****                     lastParseCall = masterTimer;
 10674              		.loc 1 2373 0
 10675 00e2 3A4B     		ldr	r3, .L426+20
 10676 00e4 1B68     		ldr	r3, [r3]
 10677 00e6 3E4A     		ldr	r2, .L426+40
 10678 00e8 1360     		str	r3, [r2]
2374:main.c        ****                     sysexReset = 1;
 10679              		.loc 1 2374 0
 10680 00ea 3F4B     		ldr	r3, .L426+48
 10681 00ec 0122     		movs	r2, #1
 10682 00ee 1A70     		strb	r2, [r3]
2375:main.c        ****                     sysexMessageStartPointsWritePosition++;
 10683              		.loc 1 2375 0
 10684 00f0 3E4B     		ldr	r3, .L426+52
 10685 00f2 1B78     		ldrb	r3, [r3]	@ zero_extendqisi2
 10686 00f4 0133     		adds	r3, r3, #1
 10687 00f6 DAB2     		uxtb	r2, r3
 10688 00f8 3C4B     		ldr	r3, .L426+52
 10689 00fa 1A70     		strb	r2, [r3]
2376:main.c        ****                     sysexMessageStartPoints[sysexMessageStartPointsWritePosition] = sysexWritePoint
 10690              		.loc 1 2376 0
 10691 00fc 3B4B     		ldr	r3, .L426+52
 10692 00fe 1B78     		ldrb	r3, [r3]	@ zero_extendqisi2
 10693 0100 1946     		mov	r1, r3
 10694 0102 304B     		ldr	r3, .L426+12
 10695 0104 1B68     		ldr	r3, [r3]
 10696 0106 3A4A     		ldr	r2, .L426+56
 10697 0108 42F82130 		str	r3, [r2, r1, lsl #2]
 10698 010c 4CE0     		b	.L422
 10699              	.L423:
2377:main.c        ****                     
2378:main.c        ****                     //sysexPointer = 0;
2379:main.c        ****                 }
2380:main.c        ****                 else if (midiMsg[1] == 0 || midiMsg[1] == 1 || midiMsg[1] == 2 || midiMsg[1] == 3 |
ARM GAS  C:\Users\ggg88\AppData\Local\Temp\ccfc1YkT.s 			page 233


 10700              		.loc 1 2380 0
 10701 010e 3B68     		ldr	r3, [r7]
 10702 0110 0133     		adds	r3, r3, #1
 10703 0112 1B78     		ldrb	r3, [r3]	@ zero_extendqisi2
 10704 0114 002B     		cmp	r3, #0
 10705 0116 13D0     		beq	.L424
 10706              		.loc 1 2380 0 is_stmt 0 discriminator 1
 10707 0118 3B68     		ldr	r3, [r7]
 10708 011a 0133     		adds	r3, r3, #1
 10709 011c 1B78     		ldrb	r3, [r3]	@ zero_extendqisi2
 10710 011e 012B     		cmp	r3, #1
 10711 0120 0ED0     		beq	.L424
 10712              		.loc 1 2380 0 discriminator 2
 10713 0122 3B68     		ldr	r3, [r7]
 10714 0124 0133     		adds	r3, r3, #1
 10715 0126 1B78     		ldrb	r3, [r3]	@ zero_extendqisi2
 10716 0128 022B     		cmp	r3, #2
 10717 012a 09D0     		beq	.L424
 10718              		.loc 1 2380 0 discriminator 3
 10719 012c 3B68     		ldr	r3, [r7]
 10720 012e 0133     		adds	r3, r3, #1
 10721 0130 1B78     		ldrb	r3, [r3]	@ zero_extendqisi2
 10722 0132 032B     		cmp	r3, #3
 10723 0134 04D0     		beq	.L424
 10724              		.loc 1 2380 0 discriminator 4
 10725 0136 3B68     		ldr	r3, [r7]
 10726 0138 0133     		adds	r3, r3, #1
 10727 013a 1B78     		ldrb	r3, [r3]	@ zero_extendqisi2
 10728 013c 042B     		cmp	r3, #4
 10729 013e 33D1     		bne	.L422
 10730              	.L424:
2381:main.c        ****                 {
2382:main.c        ****                     receivingSysex = 1;
 10731              		.loc 1 2382 0 is_stmt 1
 10732 0140 1F4B     		ldr	r3, .L426+8
 10733 0142 0122     		movs	r2, #1
 10734 0144 1A70     		strb	r2, [r3]
2383:main.c        **** 
2384:main.c        ****                     // if this is the first chunk, put in the first and second elements (following 
2385:main.c        ****                     if (sysexReset == 1)
 10735              		.loc 1 2385 0
 10736 0146 284B     		ldr	r3, .L426+48
 10737 0148 1B78     		ldrb	r3, [r3]	@ zero_extendqisi2
 10738 014a 012B     		cmp	r3, #1
 10739 014c 1AD1     		bne	.L425
2386:main.c        ****                     {
2387:main.c        ****                         sysexBuffer[sysexWritePointer++ & sysexPointerMask] = midiMsg[1];
 10740              		.loc 1 2387 0
 10741 014e 1D4B     		ldr	r3, .L426+12
 10742 0150 1B68     		ldr	r3, [r3]
 10743 0152 5A1C     		adds	r2, r3, #1
 10744 0154 1B49     		ldr	r1, .L426+12
 10745 0156 0A60     		str	r2, [r1]
 10746 0158 40F2FF72 		movw	r2, #2047
 10747 015c 1340     		ands	r3, r3, r2
 10748 015e 3A68     		ldr	r2, [r7]
 10749 0160 5178     		ldrb	r1, [r2, #1]	@ zero_extendqisi2
ARM GAS  C:\Users\ggg88\AppData\Local\Temp\ccfc1YkT.s 			page 234


 10750 0162 194A     		ldr	r2, .L426+16
 10751 0164 D154     		strb	r1, [r2, r3]
2388:main.c        ****                         sysexBuffer[sysexWritePointer++ & sysexPointerMask] = midiMsg[2];
 10752              		.loc 1 2388 0
 10753 0166 174B     		ldr	r3, .L426+12
 10754 0168 1B68     		ldr	r3, [r3]
 10755 016a 5A1C     		adds	r2, r3, #1
 10756 016c 1549     		ldr	r1, .L426+12
 10757 016e 0A60     		str	r2, [r1]
 10758 0170 40F2FF72 		movw	r2, #2047
 10759 0174 1340     		ands	r3, r3, r2
 10760 0176 3A68     		ldr	r2, [r7]
 10761 0178 9178     		ldrb	r1, [r2, #2]	@ zero_extendqisi2
 10762 017a 134A     		ldr	r2, .L426+16
 10763 017c D154     		strb	r1, [r2, r3]
2389:main.c        ****                         sysexReset = 0;
 10764              		.loc 1 2389 0
 10765 017e 1A4B     		ldr	r3, .L426+48
 10766 0180 0022     		movs	r2, #0
 10767 0182 1A70     		strb	r2, [r3]
 10768              	.L425:
2390:main.c        ****                     }
2391:main.c        ****                     prevLastBufferBegin[0] = lastBufferBegin[0] ;
 10769              		.loc 1 2391 0
 10770 0184 1B4B     		ldr	r3, .L426+60
 10771 0186 1B68     		ldr	r3, [r3]
 10772 0188 1B4A     		ldr	r2, .L426+64
 10773 018a 1360     		str	r3, [r2]
2392:main.c        ****                     prevLastBufferBegin[1] = lastBufferBegin[1];
 10774              		.loc 1 2392 0
 10775 018c 194B     		ldr	r3, .L426+60
 10776 018e 5B68     		ldr	r3, [r3, #4]
 10777 0190 194A     		ldr	r2, .L426+64
 10778 0192 5360     		str	r3, [r2, #4]
2393:main.c        ****                     lastBufferBegin[0] = masterTimer;
 10779              		.loc 1 2393 0
 10780 0194 0D4B     		ldr	r3, .L426+20
 10781 0196 1B68     		ldr	r3, [r3]
 10782 0198 164A     		ldr	r2, .L426+60
 10783 019a 1360     		str	r3, [r2]
2394:main.c        ****                     lastBufferBegin[1] = midiMsg[1];
 10784              		.loc 1 2394 0
 10785 019c 3B68     		ldr	r3, [r7]
 10786 019e 0133     		adds	r3, r3, #1
 10787 01a0 1B78     		ldrb	r3, [r3]	@ zero_extendqisi2
 10788 01a2 1A46     		mov	r2, r3
 10789 01a4 134B     		ldr	r3, .L426+60
 10790 01a6 5A60     		str	r2, [r3, #4]
 10791              	.L422:
2395:main.c        ****                 }
2396:main.c        ****             }
2397:main.c        ****             masterTimer++;
 10792              		.loc 1 2397 0
 10793 01a8 084B     		ldr	r3, .L426+20
 10794 01aa 1B68     		ldr	r3, [r3]
 10795 01ac 0133     		adds	r3, r3, #1
 10796 01ae 074A     		ldr	r2, .L426+20
ARM GAS  C:\Users\ggg88\AppData\Local\Temp\ccfc1YkT.s 			page 235


 10797 01b0 1360     		str	r3, [r2]
 10798              	.L414:
2398:main.c        ****         }
2399:main.c        ****         cable = cable; // so it doesn't complain about unused variables
2400:main.c        ****     }
2401:main.c        **** }    
 10799              		.loc 1 2401 0
 10800 01b2 1037     		adds	r7, r7, #16
 10801              		.cfi_def_cfa_offset 8
 10802 01b4 BD46     		mov	sp, r7
 10803              		.cfi_def_cfa_register 13
 10804              		@ sp needed
 10805 01b6 80BD     		pop	{r7, pc}
 10806              	.L427:
 10807              		.align	2
 10808              	.L426:
 10809 01b8 00000000 		.word	tempMIDI
 10810 01bc 00000000 		.word	USB_active
 10811 01c0 00000000 		.word	receivingSysex
 10812 01c4 00000000 		.word	sysexWritePointer
 10813 01c8 00000000 		.word	sysexBuffer
 10814 01cc 00000000 		.word	masterTimer
 10815 01d0 00000000 		.word	lastBufferStuff
 10816 01d4 00000000 		.word	lastEndReceive
 10817 01d8 00000000 		.word	parsingSysex
 10818 01dc 00000000 		.word	parseThatMF
 10819 01e0 00000000 		.word	lastParseCall
 10820 01e4 00000000 		.word	prevLastParseCall
 10821 01e8 00000000 		.word	sysexReset
 10822 01ec 00000000 		.word	sysexMessageStartPointsWritePosition
 10823 01f0 00000000 		.word	sysexMessageStartPoints
 10824 01f4 00000000 		.word	lastBufferBegin
 10825 01f8 00000000 		.word	prevLastBufferBegin
 10826              		.cfi_endproc
 10827              	.LFE92:
 10828              		.size	USB_callbackLocalMidiEvent, .-USB_callbackLocalMidiEvent
 10829              		.text
 10830              	.Letext0:
 10831              		.file 2 "c:\\program files (x86)\\cypress\\psoc creator\\4.4\\psoc creator\\import\\gnu\\arm\\5.4.
 10832              		.file 3 "c:\\program files (x86)\\cypress\\psoc creator\\4.4\\psoc creator\\import\\gnu\\arm\\5.4.
 10833              		.file 4 "Generated_Source\\PSoC5/cytypes.h"
 10834              		.file 5 "Generated_Source\\PSoC5/cy_em_eeprom.h"
 10835              		.file 6 "c:\\program files (x86)\\cypress\\psoc creator\\4.4\\psoc creator\\import\\gnu\\arm\\5.4.
 10836              		.file 7 "oled.h"
 10837              		.file 8 "main.h"
 10838              		.file 9 "Generated_Source\\PSoC5/USB_midi.h"
 10839              		.file 10 "Generated_Source\\PSoC5/Em_EEPROM.h"
 10840              		.file 11 "Generated_Source\\PSoC5/I2C_1.h"
 10841              		.file 12 "Generated_Source\\PSoC5/core_cm3.h"
 10842              		.file 13 "Generated_Source\\PSoC5/Decoder_1.h"
 10843              		.file 14 "ui.h"
 10844              		.section	.debug_info,"",%progbits
 10845              	.Ldebug_info0:
 10846 0000 FF220000 		.4byte	0x22ff
 10847 0004 0400     		.2byte	0x4
 10848 0006 00000000 		.4byte	.Ldebug_abbrev0
 10849 000a 04       		.byte	0x4
ARM GAS  C:\Users\ggg88\AppData\Local\Temp\ccfc1YkT.s 			page 236


 10850 000b 01       		.uleb128 0x1
 10851 000c E70A0000 		.4byte	.LASF371
 10852 0010 0C       		.byte	0xc
 10853 0011 F60C0000 		.4byte	.LASF372
 10854 0015 290C0000 		.4byte	.LASF373
 10855 0019 18000000 		.4byte	.Ldebug_ranges0+0x18
 10856 001d 00000000 		.4byte	0
 10857 0021 00000000 		.4byte	.Ldebug_line0
 10858 0025 02       		.uleb128 0x2
 10859 0026 940F0000 		.4byte	.LASF0
 10860 002a 02       		.byte	0x2
 10861 002b 1B       		.byte	0x1b
 10862 002c 30000000 		.4byte	0x30
 10863 0030 03       		.uleb128 0x3
 10864 0031 01       		.byte	0x1
 10865 0032 06       		.byte	0x6
 10866 0033 73040000 		.4byte	.LASF2
 10867 0037 02       		.uleb128 0x2
 10868 0038 A3020000 		.4byte	.LASF1
 10869 003c 02       		.byte	0x2
 10870 003d 1D       		.byte	0x1d
 10871 003e 42000000 		.4byte	0x42
 10872 0042 03       		.uleb128 0x3
 10873 0043 01       		.byte	0x1
 10874 0044 08       		.byte	0x8
 10875 0045 0E050000 		.4byte	.LASF3
 10876 0049 02       		.uleb128 0x2
 10877 004a FB100000 		.4byte	.LASF4
 10878 004e 02       		.byte	0x2
 10879 004f 29       		.byte	0x29
 10880 0050 54000000 		.4byte	0x54
 10881 0054 03       		.uleb128 0x3
 10882 0055 02       		.byte	0x2
 10883 0056 05       		.byte	0x5
 10884 0057 5B120000 		.4byte	.LASF5
 10885 005b 02       		.uleb128 0x2
 10886 005c 58060000 		.4byte	.LASF6
 10887 0060 02       		.byte	0x2
 10888 0061 2B       		.byte	0x2b
 10889 0062 66000000 		.4byte	0x66
 10890 0066 03       		.uleb128 0x3
 10891 0067 02       		.byte	0x2
 10892 0068 07       		.byte	0x7
 10893 0069 71140000 		.4byte	.LASF7
 10894 006d 02       		.uleb128 0x2
 10895 006e CA140000 		.4byte	.LASF8
 10896 0072 02       		.byte	0x2
 10897 0073 3F       		.byte	0x3f
 10898 0074 78000000 		.4byte	0x78
 10899 0078 03       		.uleb128 0x3
 10900 0079 04       		.byte	0x4
 10901 007a 05       		.byte	0x5
 10902 007b 2A030000 		.4byte	.LASF9
 10903 007f 02       		.uleb128 0x2
 10904 0080 FE0B0000 		.4byte	.LASF10
 10905 0084 02       		.byte	0x2
 10906 0085 41       		.byte	0x41
ARM GAS  C:\Users\ggg88\AppData\Local\Temp\ccfc1YkT.s 			page 237


 10907 0086 8A000000 		.4byte	0x8a
 10908 008a 03       		.uleb128 0x3
 10909 008b 04       		.byte	0x4
 10910 008c 07       		.byte	0x7
 10911 008d 1D090000 		.4byte	.LASF11
 10912 0091 03       		.uleb128 0x3
 10913 0092 08       		.byte	0x8
 10914 0093 05       		.byte	0x5
 10915 0094 1B0C0000 		.4byte	.LASF12
 10916 0098 03       		.uleb128 0x3
 10917 0099 08       		.byte	0x8
 10918 009a 07       		.byte	0x7
 10919 009b D30F0000 		.4byte	.LASF13
 10920 009f 04       		.uleb128 0x4
 10921 00a0 04       		.byte	0x4
 10922 00a1 05       		.byte	0x5
 10923 00a2 696E7400 		.ascii	"int\000"
 10924 00a6 03       		.uleb128 0x3
 10925 00a7 04       		.byte	0x4
 10926 00a8 07       		.byte	0x7
 10927 00a9 CB0D0000 		.4byte	.LASF14
 10928 00ad 02       		.uleb128 0x2
 10929 00ae 20000000 		.4byte	.LASF15
 10930 00b2 03       		.byte	0x3
 10931 00b3 14       		.byte	0x14
 10932 00b4 25000000 		.4byte	0x25
 10933 00b8 02       		.uleb128 0x2
 10934 00b9 7F040000 		.4byte	.LASF16
 10935 00bd 03       		.byte	0x3
 10936 00be 18       		.byte	0x18
 10937 00bf 37000000 		.4byte	0x37
 10938 00c3 02       		.uleb128 0x2
 10939 00c4 BD120000 		.4byte	.LASF17
 10940 00c8 03       		.byte	0x3
 10941 00c9 20       		.byte	0x20
 10942 00ca 49000000 		.4byte	0x49
 10943 00ce 02       		.uleb128 0x2
 10944 00cf EA0F0000 		.4byte	.LASF18
 10945 00d3 03       		.byte	0x3
 10946 00d4 24       		.byte	0x24
 10947 00d5 5B000000 		.4byte	0x5b
 10948 00d9 02       		.uleb128 0x2
 10949 00da C9000000 		.4byte	.LASF19
 10950 00de 03       		.byte	0x3
 10951 00df 2C       		.byte	0x2c
 10952 00e0 6D000000 		.4byte	0x6d
 10953 00e4 02       		.uleb128 0x2
 10954 00e5 37140000 		.4byte	.LASF20
 10955 00e9 03       		.byte	0x3
 10956 00ea 30       		.byte	0x30
 10957 00eb 7F000000 		.4byte	0x7f
 10958 00ef 05       		.uleb128 0x5
 10959 00f0 21120000 		.4byte	.LASF21
 10960 00f4 04       		.byte	0x4
 10961 00f5 E901     		.2byte	0x1e9
 10962 00f7 42000000 		.4byte	0x42
 10963 00fb 05       		.uleb128 0x5
ARM GAS  C:\Users\ggg88\AppData\Local\Temp\ccfc1YkT.s 			page 238


 10964 00fc 49150000 		.4byte	.LASF22
 10965 0100 04       		.byte	0x4
 10966 0101 EA01     		.2byte	0x1ea
 10967 0103 66000000 		.4byte	0x66
 10968 0107 05       		.uleb128 0x5
 10969 0108 1F010000 		.4byte	.LASF23
 10970 010c 04       		.byte	0x4
 10971 010d EB01     		.2byte	0x1eb
 10972 010f 8A000000 		.4byte	0x8a
 10973 0113 03       		.uleb128 0x3
 10974 0114 04       		.byte	0x4
 10975 0115 04       		.byte	0x4
 10976 0116 760D0000 		.4byte	.LASF24
 10977 011a 03       		.uleb128 0x3
 10978 011b 08       		.byte	0x8
 10979 011c 04       		.byte	0x4
 10980 011d EF0C0000 		.4byte	.LASF25
 10981 0121 03       		.uleb128 0x3
 10982 0122 01       		.byte	0x1
 10983 0123 08       		.byte	0x8
 10984 0124 F0050000 		.4byte	.LASF26
 10985 0128 05       		.uleb128 0x5
 10986 0129 5E0E0000 		.4byte	.LASF27
 10987 012d 04       		.byte	0x4
 10988 012e 8B02     		.2byte	0x28b
 10989 0130 8A000000 		.4byte	0x8a
 10990 0134 05       		.uleb128 0x5
 10991 0135 83100000 		.4byte	.LASF28
 10992 0139 04       		.byte	0x4
 10993 013a 9302     		.2byte	0x293
 10994 013c 40010000 		.4byte	0x140
 10995 0140 06       		.uleb128 0x6
 10996 0141 EF000000 		.4byte	0xef
 10997 0145 03       		.uleb128 0x3
 10998 0146 08       		.byte	0x8
 10999 0147 04       		.byte	0x4
 11000 0148 210F0000 		.4byte	.LASF29
 11001 014c 03       		.uleb128 0x3
 11002 014d 04       		.byte	0x4
 11003 014e 07       		.byte	0x7
 11004 014f 3E000000 		.4byte	.LASF30
 11005 0153 07       		.uleb128 0x7
 11006 0154 1C       		.byte	0x1c
 11007 0155 05       		.byte	0x5
 11008 0156 1601     		.2byte	0x116
 11009 0158 C5010000 		.4byte	0x1c5
 11010 015c 08       		.uleb128 0x8
 11011 015d 87040000 		.4byte	.LASF31
 11012 0161 05       		.byte	0x5
 11013 0162 1B01     		.2byte	0x11b
 11014 0164 07010000 		.4byte	0x107
 11015 0168 00       		.byte	0
 11016 0169 08       		.uleb128 0x8
 11017 016a 69020000 		.4byte	.LASF32
 11018 016e 05       		.byte	0x5
 11019 016f 2001     		.2byte	0x120
 11020 0171 07010000 		.4byte	0x107
ARM GAS  C:\Users\ggg88\AppData\Local\Temp\ccfc1YkT.s 			page 239


 11021 0175 04       		.byte	0x4
 11022 0176 08       		.uleb128 0x8
 11023 0177 1A150000 		.4byte	.LASF33
 11024 017b 05       		.byte	0x5
 11025 017c 2301     		.2byte	0x123
 11026 017e 07010000 		.4byte	0x107
 11027 0182 08       		.byte	0x8
 11028 0183 08       		.uleb128 0x8
 11029 0184 F1120000 		.4byte	.LASF34
 11030 0188 05       		.byte	0x5
 11031 0189 2601     		.2byte	0x126
 11032 018b 07010000 		.4byte	0x107
 11033 018f 0C       		.byte	0xc
 11034 0190 08       		.uleb128 0x8
 11035 0191 10130000 		.4byte	.LASF35
 11036 0195 05       		.byte	0x5
 11037 0196 2B01     		.2byte	0x12b
 11038 0198 07010000 		.4byte	0x107
 11039 019c 10       		.byte	0x10
 11040 019d 08       		.uleb128 0x8
 11041 019e 95020000 		.4byte	.LASF36
 11042 01a2 05       		.byte	0x5
 11043 01a3 2E01     		.2byte	0x12e
 11044 01a5 EF000000 		.4byte	0xef
 11045 01a9 14       		.byte	0x14
 11046 01aa 08       		.uleb128 0x8
 11047 01ab D60C0000 		.4byte	.LASF37
 11048 01af 05       		.byte	0x5
 11049 01b0 3301     		.2byte	0x133
 11050 01b2 EF000000 		.4byte	0xef
 11051 01b6 15       		.byte	0x15
 11052 01b7 08       		.uleb128 0x8
 11053 01b8 56020000 		.4byte	.LASF38
 11054 01bc 05       		.byte	0x5
 11055 01bd 3601     		.2byte	0x136
 11056 01bf 07010000 		.4byte	0x107
 11057 01c3 18       		.byte	0x18
 11058 01c4 00       		.byte	0
 11059 01c5 05       		.uleb128 0x5
 11060 01c6 05090000 		.4byte	.LASF39
 11061 01ca 05       		.byte	0x5
 11062 01cb 3701     		.2byte	0x137
 11063 01cd 53010000 		.4byte	0x153
 11064 01d1 09       		.uleb128 0x9
 11065 01d2 01       		.byte	0x1
 11066 01d3 42000000 		.4byte	0x42
 11067 01d7 05       		.byte	0x5
 11068 01d8 5401     		.2byte	0x154
 11069 01da FD010000 		.4byte	0x1fd
 11070 01de 0A       		.uleb128 0xa
 11071 01df B4000000 		.4byte	.LASF40
 11072 01e3 00       		.byte	0
 11073 01e4 0A       		.uleb128 0xa
 11074 01e5 A5070000 		.4byte	.LASF41
 11075 01e9 01       		.byte	0x1
 11076 01ea 0A       		.uleb128 0xa
 11077 01eb 3C020000 		.4byte	.LASF42
ARM GAS  C:\Users\ggg88\AppData\Local\Temp\ccfc1YkT.s 			page 240


 11078 01ef 02       		.byte	0x2
 11079 01f0 0A       		.uleb128 0xa
 11080 01f1 CA040000 		.4byte	.LASF43
 11081 01f5 03       		.byte	0x3
 11082 01f6 0A       		.uleb128 0xa
 11083 01f7 680A0000 		.4byte	.LASF44
 11084 01fb 04       		.byte	0x4
 11085 01fc 00       		.byte	0
 11086 01fd 05       		.uleb128 0x5
 11087 01fe A9010000 		.4byte	.LASF45
 11088 0202 05       		.byte	0x5
 11089 0203 5A01     		.2byte	0x15a
 11090 0205 D1010000 		.4byte	0x1d1
 11091 0209 06       		.uleb128 0x6
 11092 020a E4000000 		.4byte	0xe4
 11093 020e 06       		.uleb128 0x6
 11094 020f B8000000 		.4byte	0xb8
 11095 0213 06       		.uleb128 0x6
 11096 0214 CE000000 		.4byte	0xce
 11097 0218 0B       		.uleb128 0xb
 11098 0219 E4000000 		.4byte	0xe4
 11099 021d 28020000 		.4byte	0x228
 11100 0221 0C       		.uleb128 0xc
 11101 0222 4C010000 		.4byte	0x14c
 11102 0226 01       		.byte	0x1
 11103 0227 00       		.byte	0
 11104 0228 02       		.uleb128 0x2
 11105 0229 DA060000 		.4byte	.LASF46
 11106 022d 06       		.byte	0x6
 11107 022e 6C       		.byte	0x6c
 11108 022f A6000000 		.4byte	0xa6
 11109 0233 0D       		.uleb128 0xd
 11110 0234 E0040000 		.4byte	.LASF52
 11111 0238 01       		.byte	0x1
 11112 0239 42000000 		.4byte	0x42
 11113 023d 07       		.byte	0x7
 11114 023e 1D       		.byte	0x1d
 11115 023f 62020000 		.4byte	0x262
 11116 0243 0A       		.uleb128 0xa
 11117 0244 B10B0000 		.4byte	.LASF47
 11118 0248 00       		.byte	0
 11119 0249 0A       		.uleb128 0xa
 11120 024a 0A040000 		.4byte	.LASF48
 11121 024e 01       		.byte	0x1
 11122 024f 0A       		.uleb128 0xa
 11123 0250 E3000000 		.4byte	.LASF49
 11124 0254 02       		.byte	0x2
 11125 0255 0A       		.uleb128 0xa
 11126 0256 29080000 		.4byte	.LASF50
 11127 025a 03       		.byte	0x3
 11128 025b 0A       		.uleb128 0xa
 11129 025c A1010000 		.4byte	.LASF51
 11130 0260 04       		.byte	0x4
 11131 0261 00       		.byte	0
 11132 0262 0D       		.uleb128 0xd
 11133 0263 F6070000 		.4byte	.LASF53
 11134 0267 01       		.byte	0x1
ARM GAS  C:\Users\ggg88\AppData\Local\Temp\ccfc1YkT.s 			page 241


 11135 0268 42000000 		.4byte	0x42
 11136 026c 08       		.byte	0x8
 11137 026d A4       		.byte	0xa4
 11138 026e 97020000 		.4byte	0x297
 11139 0272 0A       		.uleb128 0xa
 11140 0273 EB070000 		.4byte	.LASF54
 11141 0277 00       		.byte	0
 11142 0278 0A       		.uleb128 0xa
 11143 0279 D9050000 		.4byte	.LASF55
 11144 027d 01       		.byte	0x1
 11145 027e 0A       		.uleb128 0xa
 11146 027f 05110000 		.4byte	.LASF56
 11147 0283 02       		.byte	0x2
 11148 0284 0A       		.uleb128 0xa
 11149 0285 9E100000 		.4byte	.LASF57
 11150 0289 03       		.byte	0x3
 11151 028a 0A       		.uleb128 0xa
 11152 028b A7140000 		.4byte	.LASF58
 11153 028f 04       		.byte	0x4
 11154 0290 0A       		.uleb128 0xa
 11155 0291 C1020000 		.4byte	.LASF59
 11156 0295 05       		.byte	0x5
 11157 0296 00       		.byte	0
 11158 0297 0E       		.uleb128 0xe
 11159 0298 26100000 		.4byte	.LASF374
 11160 029c 04       		.byte	0x4
 11161 029d 01       		.byte	0x1
 11162 029e 9A       		.byte	0x9a
 11163 029f C1020000 		.4byte	0x2c1
 11164 02a3 0F       		.uleb128 0xf
 11165 02a4 6600     		.ascii	"f\000"
 11166 02a6 01       		.byte	0x1
 11167 02a7 9B       		.byte	0x9b
 11168 02a8 13010000 		.4byte	0x113
 11169 02ac 0F       		.uleb128 0xf
 11170 02ad 6200     		.ascii	"b\000"
 11171 02af 01       		.byte	0x1
 11172 02b0 9C       		.byte	0x9c
 11173 02b1 C1020000 		.4byte	0x2c1
 11174 02b5 0F       		.uleb128 0xf
 11175 02b6 75333200 		.ascii	"u32\000"
 11176 02ba 01       		.byte	0x1
 11177 02bb 9D       		.byte	0x9d
 11178 02bc E4000000 		.4byte	0xe4
 11179 02c0 00       		.byte	0
 11180 02c1 0B       		.uleb128 0xb
 11181 02c2 B8000000 		.4byte	0xb8
 11182 02c6 D1020000 		.4byte	0x2d1
 11183 02ca 0C       		.uleb128 0xc
 11184 02cb 4C010000 		.4byte	0x14c
 11185 02cf 03       		.byte	0x3
 11186 02d0 00       		.byte	0
 11187 02d1 10       		.uleb128 0x10
 11188 02d2 6D617000 		.ascii	"map\000"
 11189 02d6 01       		.byte	0x1
 11190 02d7 3D01     		.2byte	0x13d
 11191 02d9 13010000 		.4byte	0x113
ARM GAS  C:\Users\ggg88\AppData\Local\Temp\ccfc1YkT.s 			page 242


 11192 02dd 00000000 		.4byte	.LFB64
 11193 02e1 56000000 		.4byte	.LFE64-.LFB64
 11194 02e5 01       		.uleb128 0x1
 11195 02e6 9C       		.byte	0x9c
 11196 02e7 37030000 		.4byte	0x337
 11197 02eb 11       		.uleb128 0x11
 11198 02ec AA050000 		.4byte	.LASF60
 11199 02f0 01       		.byte	0x1
 11200 02f1 3D01     		.2byte	0x13d
 11201 02f3 13010000 		.4byte	0x113
 11202 02f7 02       		.uleb128 0x2
 11203 02f8 91       		.byte	0x91
 11204 02f9 6C       		.sleb128 -20
 11205 02fa 11       		.uleb128 0x11
 11206 02fb 7D020000 		.4byte	.LASF61
 11207 02ff 01       		.byte	0x1
 11208 0300 3D01     		.2byte	0x13d
 11209 0302 13010000 		.4byte	0x113
 11210 0306 02       		.uleb128 0x2
 11211 0307 91       		.byte	0x91
 11212 0308 68       		.sleb128 -24
 11213 0309 11       		.uleb128 0x11
 11214 030a B10A0000 		.4byte	.LASF62
 11215 030e 01       		.byte	0x1
 11216 030f 3D01     		.2byte	0x13d
 11217 0311 13010000 		.4byte	0x113
 11218 0315 02       		.uleb128 0x2
 11219 0316 91       		.byte	0x91
 11220 0317 64       		.sleb128 -28
 11221 0318 11       		.uleb128 0x11
 11222 0319 800A0000 		.4byte	.LASF63
 11223 031d 01       		.byte	0x1
 11224 031e 3D01     		.2byte	0x13d
 11225 0320 13010000 		.4byte	0x113
 11226 0324 02       		.uleb128 0x2
 11227 0325 91       		.byte	0x91
 11228 0326 60       		.sleb128 -32
 11229 0327 11       		.uleb128 0x11
 11230 0328 680D0000 		.4byte	.LASF64
 11231 032c 01       		.byte	0x1
 11232 032d 3D01     		.2byte	0x13d
 11233 032f 13010000 		.4byte	0x113
 11234 0333 02       		.uleb128 0x2
 11235 0334 91       		.byte	0x91
 11236 0335 00       		.sleb128 0
 11237 0336 00       		.byte	0
 11238 0337 12       		.uleb128 0x12
 11239 0338 50150000 		.4byte	.LASF65
 11240 033c 01       		.byte	0x1
 11241 033d 4201     		.2byte	0x142
 11242 033f 13010000 		.4byte	0x113
 11243 0343 00000000 		.4byte	.LFB65
 11244 0347 64000000 		.4byte	.LFE65-.LFB65
 11245 034b 01       		.uleb128 0x1
 11246 034c 9C       		.byte	0x9c
 11247 034d 7F030000 		.4byte	0x37f
 11248 0351 11       		.uleb128 0x11
ARM GAS  C:\Users\ggg88\AppData\Local\Temp\ccfc1YkT.s 			page 243


 11249 0352 AA050000 		.4byte	.LASF60
 11250 0356 01       		.byte	0x1
 11251 0357 4201     		.2byte	0x142
 11252 0359 13010000 		.4byte	0x113
 11253 035d 02       		.uleb128 0x2
 11254 035e 91       		.byte	0x91
 11255 035f 6C       		.sleb128 -20
 11256 0360 11       		.uleb128 0x11
 11257 0361 800A0000 		.4byte	.LASF63
 11258 0365 01       		.byte	0x1
 11259 0366 4201     		.2byte	0x142
 11260 0368 13010000 		.4byte	0x113
 11261 036c 02       		.uleb128 0x2
 11262 036d 91       		.byte	0x91
 11263 036e 68       		.sleb128 -24
 11264 036f 11       		.uleb128 0x11
 11265 0370 680D0000 		.4byte	.LASF64
 11266 0374 01       		.byte	0x1
 11267 0375 4201     		.2byte	0x142
 11268 0377 13010000 		.4byte	0x113
 11269 037b 02       		.uleb128 0x2
 11270 037c 91       		.byte	0x91
 11271 037d 64       		.sleb128 -28
 11272 037e 00       		.byte	0
 11273 037f 13       		.uleb128 0x13
 11274 0380 DF060000 		.4byte	.LASF375
 11275 0384 01       		.byte	0x1
 11276 0385 4701     		.2byte	0x147
 11277 0387 00000000 		.4byte	.LFB66
 11278 038b E8010000 		.4byte	.LFE66-.LFB66
 11279 038f 01       		.uleb128 0x1
 11280 0390 9C       		.byte	0x9c
 11281 0391 C8030000 		.4byte	0x3c8
 11282 0395 14       		.uleb128 0x14
 11283 0396 06000000 		.4byte	.LBB2
 11284 039a EA000000 		.4byte	.LBE2-.LBB2
 11285 039e B0030000 		.4byte	0x3b0
 11286 03a2 15       		.uleb128 0x15
 11287 03a3 6900     		.ascii	"i\000"
 11288 03a5 01       		.byte	0x1
 11289 03a6 4901     		.2byte	0x149
 11290 03a8 9F000000 		.4byte	0x9f
 11291 03ac 02       		.uleb128 0x2
 11292 03ad 91       		.byte	0x91
 11293 03ae 74       		.sleb128 -12
 11294 03af 00       		.byte	0
 11295 03b0 16       		.uleb128 0x16
 11296 03b1 F0000000 		.4byte	.LBB3
 11297 03b5 EC000000 		.4byte	.LBE3-.LBB3
 11298 03b9 15       		.uleb128 0x15
 11299 03ba 6900     		.ascii	"i\000"
 11300 03bc 01       		.byte	0x1
 11301 03bd 6D01     		.2byte	0x16d
 11302 03bf 9F000000 		.4byte	0x9f
 11303 03c3 02       		.uleb128 0x2
 11304 03c4 91       		.byte	0x91
 11305 03c5 70       		.sleb128 -16
ARM GAS  C:\Users\ggg88\AppData\Local\Temp\ccfc1YkT.s 			page 244


 11306 03c6 00       		.byte	0
 11307 03c7 00       		.byte	0
 11308 03c8 17       		.uleb128 0x17
 11309 03c9 5C140000 		.4byte	.LASF73
 11310 03cd 01       		.byte	0x1
 11311 03ce 9101     		.2byte	0x191
 11312 03d0 00000000 		.4byte	.LFB67
 11313 03d4 18010000 		.4byte	.LFE67-.LFB67
 11314 03d8 01       		.uleb128 0x1
 11315 03d9 9C       		.byte	0x9c
 11316 03da 1E040000 		.4byte	0x41e
 11317 03de 16       		.uleb128 0x16
 11318 03df 06000000 		.4byte	.LBB4
 11319 03e3 EA000000 		.4byte	.LBE4-.LBB4
 11320 03e7 15       		.uleb128 0x15
 11321 03e8 6900     		.ascii	"i\000"
 11322 03ea 01       		.byte	0x1
 11323 03eb 9401     		.2byte	0x194
 11324 03ed 9F000000 		.4byte	0x9f
 11325 03f1 02       		.uleb128 0x2
 11326 03f2 91       		.byte	0x91
 11327 03f3 6C       		.sleb128 -20
 11328 03f4 16       		.uleb128 0x16
 11329 03f5 0C000000 		.4byte	.LBB5
 11330 03f9 D8000000 		.4byte	.LBE5-.LBB5
 11331 03fd 18       		.uleb128 0x18
 11332 03fe 84020000 		.4byte	.LASF66
 11333 0402 01       		.byte	0x1
 11334 0403 9701     		.2byte	0x197
 11335 0405 13010000 		.4byte	0x113
 11336 0409 02       		.uleb128 0x2
 11337 040a 91       		.byte	0x91
 11338 040b 68       		.sleb128 -24
 11339 040c 18       		.uleb128 0x18
 11340 040d 27120000 		.4byte	.LASF67
 11341 0411 01       		.byte	0x1
 11342 0412 9801     		.2byte	0x198
 11343 0414 13010000 		.4byte	0x113
 11344 0418 02       		.uleb128 0x2
 11345 0419 91       		.byte	0x91
 11346 041a 64       		.sleb128 -28
 11347 041b 00       		.byte	0
 11348 041c 00       		.byte	0
 11349 041d 00       		.byte	0
 11350 041e 19       		.uleb128 0x19
 11351 041f 710E0000 		.4byte	.LASF69
 11352 0423 01       		.byte	0x1
 11353 0424 9F01     		.2byte	0x19f
 11354 0426 00000000 		.4byte	.LFB68
 11355 042a 84000000 		.4byte	.LFE68-.LFB68
 11356 042e 01       		.uleb128 0x1
 11357 042f 9C       		.byte	0x9c
 11358 0430 12       		.uleb128 0x12
 11359 0431 79080000 		.4byte	.LASF68
 11360 0435 01       		.byte	0x1
 11361 0436 AE01     		.2byte	0x1ae
 11362 0438 13010000 		.4byte	0x113
ARM GAS  C:\Users\ggg88\AppData\Local\Temp\ccfc1YkT.s 			page 245


 11363 043c 00000000 		.4byte	.LFB69
 11364 0440 34000000 		.4byte	.LFE69-.LFB69
 11365 0444 01       		.uleb128 0x1
 11366 0445 9C       		.byte	0x9c
 11367 0446 58040000 		.4byte	0x458
 11368 044a 1A       		.uleb128 0x1a
 11369 044b 6600     		.ascii	"f\000"
 11370 044d 01       		.byte	0x1
 11371 044e AE01     		.2byte	0x1ae
 11372 0450 13010000 		.4byte	0x113
 11373 0454 02       		.uleb128 0x2
 11374 0455 91       		.byte	0x91
 11375 0456 74       		.sleb128 -12
 11376 0457 00       		.byte	0
 11377 0458 19       		.uleb128 0x19
 11378 0459 C60B0000 		.4byte	.LASF70
 11379 045d 01       		.byte	0x1
 11380 045e B501     		.2byte	0x1b5
 11381 0460 00000000 		.4byte	.LFB70
 11382 0464 7C000000 		.4byte	.LFE70-.LFB70
 11383 0468 01       		.uleb128 0x1
 11384 0469 9C       		.byte	0x9c
 11385 046a 19       		.uleb128 0x19
 11386 046b 190E0000 		.4byte	.LASF71
 11387 046f 01       		.byte	0x1
 11388 0470 D201     		.2byte	0x1d2
 11389 0472 00000000 		.4byte	.LFB71
 11390 0476 14000000 		.4byte	.LFE71-.LFB71
 11391 047a 01       		.uleb128 0x1
 11392 047b 9C       		.byte	0x9c
 11393 047c 19       		.uleb128 0x19
 11394 047d 49100000 		.4byte	.LASF72
 11395 0481 01       		.byte	0x1
 11396 0482 DE01     		.2byte	0x1de
 11397 0484 00000000 		.4byte	.LFB72
 11398 0488 9C000000 		.4byte	.LFE72-.LFB72
 11399 048c 01       		.uleb128 0x1
 11400 048d 9C       		.byte	0x9c
 11401 048e 17       		.uleb128 0x17
 11402 048f C0040000 		.4byte	.LASF74
 11403 0493 01       		.byte	0x1
 11404 0494 EC01     		.2byte	0x1ec
 11405 0496 00000000 		.4byte	.LFB73
 11406 049a 5C010000 		.4byte	.LFE73-.LFB73
 11407 049e 01       		.uleb128 0x1
 11408 049f 9C       		.byte	0x9c
 11409 04a0 BC040000 		.4byte	0x4bc
 11410 04a4 16       		.uleb128 0x16
 11411 04a5 5A000000 		.4byte	.LBB6
 11412 04a9 74000000 		.4byte	.LBE6-.LBB6
 11413 04ad 15       		.uleb128 0x15
 11414 04ae 6900     		.ascii	"i\000"
 11415 04b0 01       		.byte	0x1
 11416 04b1 F201     		.2byte	0x1f2
 11417 04b3 9F000000 		.4byte	0x9f
 11418 04b7 02       		.uleb128 0x2
 11419 04b8 91       		.byte	0x91
ARM GAS  C:\Users\ggg88\AppData\Local\Temp\ccfc1YkT.s 			page 246


 11420 04b9 74       		.sleb128 -12
 11421 04ba 00       		.byte	0
 11422 04bb 00       		.byte	0
 11423 04bc 19       		.uleb128 0x19
 11424 04bd 3F0E0000 		.4byte	.LASF75
 11425 04c1 01       		.byte	0x1
 11426 04c2 0302     		.2byte	0x203
 11427 04c4 00000000 		.4byte	.LFB74
 11428 04c8 80000000 		.4byte	.LFE74-.LFB74
 11429 04cc 01       		.uleb128 0x1
 11430 04cd 9C       		.byte	0x9c
 11431 04ce 12       		.uleb128 0x12
 11432 04cf BD030000 		.4byte	.LASF76
 11433 04d3 01       		.byte	0x1
 11434 04d4 1402     		.2byte	0x214
 11435 04d6 9F000000 		.4byte	0x9f
 11436 04da 00000000 		.4byte	.LFB75
 11437 04de F8250000 		.4byte	.LFE75-.LFB75
 11438 04e2 01       		.uleb128 0x1
 11439 04e3 9C       		.byte	0x9c
 11440 04e4 D10A0000 		.4byte	0xad1
 11441 04e8 18       		.uleb128 0x18
 11442 04e9 C20A0000 		.4byte	.LASF77
 11443 04ed 01       		.byte	0x1
 11444 04ee 5902     		.2byte	0x259
 11445 04f0 CE000000 		.4byte	0xce
 11446 04f4 03       		.uleb128 0x3
 11447 04f5 91       		.byte	0x91
 11448 04f6 DE7E     		.sleb128 -162
 11449 04f8 14       		.uleb128 0x14
 11450 04f9 6C020000 		.4byte	.LBB7
 11451 04fd 3E000000 		.4byte	.LBE7-.LBB7
 11452 0501 13050000 		.4byte	0x513
 11453 0505 15       		.uleb128 0x15
 11454 0506 6900     		.ascii	"i\000"
 11455 0508 01       		.byte	0x1
 11456 0509 5A02     		.2byte	0x25a
 11457 050b 9F000000 		.4byte	0x9f
 11458 050f 02       		.uleb128 0x2
 11459 0510 91       		.byte	0x91
 11460 0511 6C       		.sleb128 -20
 11461 0512 00       		.byte	0
 11462 0513 14       		.uleb128 0x14
 11463 0514 AA020000 		.4byte	.LBB8
 11464 0518 FE010000 		.4byte	.LBE8-.LBB8
 11465 051c CF050000 		.4byte	0x5cf
 11466 0520 18       		.uleb128 0x18
 11467 0521 3F050000 		.4byte	.LASF78
 11468 0525 01       		.byte	0x1
 11469 0526 5E02     		.2byte	0x25e
 11470 0528 9F000000 		.4byte	0x9f
 11471 052c 02       		.uleb128 0x2
 11472 052d 91       		.byte	0x91
 11473 052e 68       		.sleb128 -24
 11474 052f 14       		.uleb128 0x14
 11475 0530 B2020000 		.4byte	.LBB9
 11476 0534 5C000000 		.4byte	.LBE9-.LBB9
ARM GAS  C:\Users\ggg88\AppData\Local\Temp\ccfc1YkT.s 			page 247


 11477 0538 4C050000 		.4byte	0x54c
 11478 053c 18       		.uleb128 0x18
 11479 053d 60130000 		.4byte	.LASF79
 11480 0541 01       		.byte	0x1
 11481 0542 6002     		.2byte	0x260
 11482 0544 9F000000 		.4byte	0x9f
 11483 0548 02       		.uleb128 0x2
 11484 0549 91       		.byte	0x91
 11485 054a 64       		.sleb128 -28
 11486 054b 00       		.byte	0
 11487 054c 16       		.uleb128 0x16
 11488 054d 0E030000 		.4byte	.LBB10
 11489 0551 86010000 		.4byte	.LBE10-.LBB10
 11490 0555 15       		.uleb128 0x15
 11491 0556 6900     		.ascii	"i\000"
 11492 0558 01       		.byte	0x1
 11493 0559 6402     		.2byte	0x264
 11494 055b 9F000000 		.4byte	0x9f
 11495 055f 02       		.uleb128 0x2
 11496 0560 91       		.byte	0x91
 11497 0561 60       		.sleb128 -32
 11498 0562 16       		.uleb128 0x16
 11499 0563 16030000 		.4byte	.LBB11
 11500 0567 6A010000 		.4byte	.LBE11-.LBB11
 11501 056b 18       		.uleb128 0x18
 11502 056c 50050000 		.4byte	.LASF80
 11503 0570 01       		.byte	0x1
 11504 0571 6602     		.2byte	0x266
 11505 0573 9F000000 		.4byte	0x9f
 11506 0577 03       		.uleb128 0x3
 11507 0578 91       		.byte	0x91
 11508 0579 D87E     		.sleb128 -168
 11509 057b 16       		.uleb128 0x16
 11510 057c 24030000 		.4byte	.LBB12
 11511 0580 5C010000 		.4byte	.LBE12-.LBB12
 11512 0584 15       		.uleb128 0x15
 11513 0585 6A00     		.ascii	"j\000"
 11514 0587 01       		.byte	0x1
 11515 0588 6702     		.2byte	0x267
 11516 058a 9F000000 		.4byte	0x9f
 11517 058e 02       		.uleb128 0x2
 11518 058f 91       		.byte	0x91
 11519 0590 5C       		.sleb128 -36
 11520 0591 16       		.uleb128 0x16
 11521 0592 A8030000 		.4byte	.LBB13
 11522 0596 C6000000 		.4byte	.LBE13-.LBB13
 11523 059a 18       		.uleb128 0x18
 11524 059b 64040000 		.4byte	.LASF81
 11525 059f 01       		.byte	0x1
 11526 05a0 6A02     		.2byte	0x26a
 11527 05a2 9F000000 		.4byte	0x9f
 11528 05a6 03       		.uleb128 0x3
 11529 05a7 91       		.byte	0x91
 11530 05a8 D47E     		.sleb128 -172
 11531 05aa 18       		.uleb128 0x18
 11532 05ab F7140000 		.4byte	.LASF82
 11533 05af 01       		.byte	0x1
ARM GAS  C:\Users\ggg88\AppData\Local\Temp\ccfc1YkT.s 			page 248


 11534 05b0 6B02     		.2byte	0x26b
 11535 05b2 CE000000 		.4byte	0xce
 11536 05b6 03       		.uleb128 0x3
 11537 05b7 91       		.byte	0x91
 11538 05b8 D27E     		.sleb128 -174
 11539 05ba 18       		.uleb128 0x18
 11540 05bb BD0C0000 		.4byte	.LASF83
 11541 05bf 01       		.byte	0x1
 11542 05c0 6C02     		.2byte	0x26c
 11543 05c2 CE000000 		.4byte	0xce
 11544 05c6 03       		.uleb128 0x3
 11545 05c7 91       		.byte	0x91
 11546 05c8 D07E     		.sleb128 -176
 11547 05ca 00       		.byte	0
 11548 05cb 00       		.byte	0
 11549 05cc 00       		.byte	0
 11550 05cd 00       		.byte	0
 11551 05ce 00       		.byte	0
 11552 05cf 14       		.uleb128 0x14
 11553 05d0 A8040000 		.4byte	.LBB14
 11554 05d4 A4000000 		.4byte	.LBE14-.LBB14
 11555 05d8 EA050000 		.4byte	0x5ea
 11556 05dc 15       		.uleb128 0x15
 11557 05dd 6900     		.ascii	"i\000"
 11558 05df 01       		.byte	0x1
 11559 05e0 7302     		.2byte	0x273
 11560 05e2 9F000000 		.4byte	0x9f
 11561 05e6 02       		.uleb128 0x2
 11562 05e7 91       		.byte	0x91
 11563 05e8 58       		.sleb128 -40
 11564 05e9 00       		.byte	0
 11565 05ea 14       		.uleb128 0x14
 11566 05eb 50050000 		.4byte	.LBB15
 11567 05ef A6000000 		.4byte	.LBE15-.LBB15
 11568 05f3 05060000 		.4byte	0x605
 11569 05f7 15       		.uleb128 0x15
 11570 05f8 6900     		.ascii	"i\000"
 11571 05fa 01       		.byte	0x1
 11572 05fb 7B02     		.2byte	0x27b
 11573 05fd 9F000000 		.4byte	0x9f
 11574 0601 02       		.uleb128 0x2
 11575 0602 91       		.byte	0x91
 11576 0603 54       		.sleb128 -44
 11577 0604 00       		.byte	0
 11578 0605 14       		.uleb128 0x14
 11579 0606 F6050000 		.4byte	.LBB16
 11580 060a 14010000 		.4byte	.LBE16-.LBB16
 11581 060e 9C060000 		.4byte	0x69c
 11582 0612 15       		.uleb128 0x15
 11583 0613 6900     		.ascii	"i\000"
 11584 0615 01       		.byte	0x1
 11585 0616 8102     		.2byte	0x281
 11586 0618 9F000000 		.4byte	0x9f
 11587 061c 02       		.uleb128 0x2
 11588 061d 91       		.byte	0x91
 11589 061e 50       		.sleb128 -48
 11590 061f 14       		.uleb128 0x14
ARM GAS  C:\Users\ggg88\AppData\Local\Temp\ccfc1YkT.s 			page 249


 11591 0620 FE050000 		.4byte	.LBB17
 11592 0624 34000000 		.4byte	.LBE17-.LBB17
 11593 0628 3A060000 		.4byte	0x63a
 11594 062c 15       		.uleb128 0x15
 11595 062d 6A00     		.ascii	"j\000"
 11596 062f 01       		.byte	0x1
 11597 0630 8302     		.2byte	0x283
 11598 0632 9F000000 		.4byte	0x9f
 11599 0636 02       		.uleb128 0x2
 11600 0637 91       		.byte	0x91
 11601 0638 4C       		.sleb128 -52
 11602 0639 00       		.byte	0
 11603 063a 14       		.uleb128 0x14
 11604 063b 32060000 		.4byte	.LBB18
 11605 063f 5A000000 		.4byte	.LBE18-.LBB18
 11606 0643 6C060000 		.4byte	0x66c
 11607 0647 15       		.uleb128 0x15
 11608 0648 6A00     		.ascii	"j\000"
 11609 064a 01       		.byte	0x1
 11610 064b 8802     		.2byte	0x288
 11611 064d 9F000000 		.4byte	0x9f
 11612 0651 02       		.uleb128 0x2
 11613 0652 91       		.byte	0x91
 11614 0653 48       		.sleb128 -56
 11615 0654 16       		.uleb128 0x16
 11616 0655 3A060000 		.4byte	.LBB19
 11617 0659 40000000 		.4byte	.LBE19-.LBB19
 11618 065d 15       		.uleb128 0x15
 11619 065e 6B00     		.ascii	"k\000"
 11620 0660 01       		.byte	0x1
 11621 0661 8A02     		.2byte	0x28a
 11622 0663 9F000000 		.4byte	0x9f
 11623 0667 02       		.uleb128 0x2
 11624 0668 91       		.byte	0x91
 11625 0669 44       		.sleb128 -60
 11626 066a 00       		.byte	0
 11627 066b 00       		.byte	0
 11628 066c 16       		.uleb128 0x16
 11629 066d 8C060000 		.4byte	.LBB20
 11630 0671 5E000000 		.4byte	.LBE20-.LBB20
 11631 0675 15       		.uleb128 0x15
 11632 0676 6A00     		.ascii	"j\000"
 11633 0678 01       		.byte	0x1
 11634 0679 8F02     		.2byte	0x28f
 11635 067b 9F000000 		.4byte	0x9f
 11636 067f 02       		.uleb128 0x2
 11637 0680 91       		.byte	0x91
 11638 0681 40       		.sleb128 -64
 11639 0682 16       		.uleb128 0x16
 11640 0683 94060000 		.4byte	.LBB21
 11641 0687 44000000 		.4byte	.LBE21-.LBB21
 11642 068b 15       		.uleb128 0x15
 11643 068c 6B00     		.ascii	"k\000"
 11644 068e 01       		.byte	0x1
 11645 068f 9102     		.2byte	0x291
 11646 0691 9F000000 		.4byte	0x9f
 11647 0695 03       		.uleb128 0x3
ARM GAS  C:\Users\ggg88\AppData\Local\Temp\ccfc1YkT.s 			page 250


 11648 0696 91       		.byte	0x91
 11649 0697 BC7F     		.sleb128 -68
 11650 0699 00       		.byte	0
 11651 069a 00       		.byte	0
 11652 069b 00       		.byte	0
 11653 069c 14       		.uleb128 0x14
 11654 069d 66070000 		.4byte	.LBB22
 11655 06a1 74000000 		.4byte	.LBE22-.LBB22
 11656 06a5 B8060000 		.4byte	0x6b8
 11657 06a9 15       		.uleb128 0x15
 11658 06aa 7700     		.ascii	"w\000"
 11659 06ac 01       		.byte	0x1
 11660 06ad A802     		.2byte	0x2a8
 11661 06af 9F000000 		.4byte	0x9f
 11662 06b3 03       		.uleb128 0x3
 11663 06b4 91       		.byte	0x91
 11664 06b5 B87F     		.sleb128 -72
 11665 06b7 00       		.byte	0
 11666 06b8 14       		.uleb128 0x14
 11667 06b9 66080000 		.4byte	.LBB23
 11668 06bd 4E000000 		.4byte	.LBE23-.LBB23
 11669 06c1 D6060000 		.4byte	0x6d6
 11670 06c5 18       		.uleb128 0x18
 11671 06c6 C7090000 		.4byte	.LASF84
 11672 06ca 01       		.byte	0x1
 11673 06cb DA02     		.2byte	0x2da
 11674 06cd B8000000 		.4byte	0xb8
 11675 06d1 03       		.uleb128 0x3
 11676 06d2 91       		.byte	0x91
 11677 06d3 CF7E     		.sleb128 -177
 11678 06d5 00       		.byte	0
 11679 06d6 14       		.uleb128 0x14
 11680 06d7 E80A0000 		.4byte	.LBB24
 11681 06db 10010000 		.4byte	.LBE24-.LBB24
 11682 06df 2C070000 		.4byte	0x72c
 11683 06e3 15       		.uleb128 0x15
 11684 06e4 6900     		.ascii	"i\000"
 11685 06e6 01       		.byte	0x1
 11686 06e7 2403     		.2byte	0x324
 11687 06e9 9F000000 		.4byte	0x9f
 11688 06ed 03       		.uleb128 0x3
 11689 06ee 91       		.byte	0x91
 11690 06ef B47F     		.sleb128 -76
 11691 06f1 16       		.uleb128 0x16
 11692 06f2 F00A0000 		.4byte	.LBB25
 11693 06f6 F4000000 		.4byte	.LBE25-.LBB25
 11694 06fa 18       		.uleb128 0x18
 11695 06fb 8F110000 		.4byte	.LASF85
 11696 06ff 01       		.byte	0x1
 11697 0700 2603     		.2byte	0x326
 11698 0702 B8000000 		.4byte	0xb8
 11699 0706 03       		.uleb128 0x3
 11700 0707 91       		.byte	0x91
 11701 0708 967E     		.sleb128 -234
 11702 070a 18       		.uleb128 0x18
 11703 070b BF090000 		.4byte	.LASF86
 11704 070f 01       		.byte	0x1
ARM GAS  C:\Users\ggg88\AppData\Local\Temp\ccfc1YkT.s 			page 251


 11705 0710 2703     		.2byte	0x327
 11706 0712 CE000000 		.4byte	0xce
 11707 0716 03       		.uleb128 0x3
 11708 0717 91       		.byte	0x91
 11709 0718 947E     		.sleb128 -236
 11710 071a 18       		.uleb128 0x18
 11711 071b 15040000 		.4byte	.LASF87
 11712 071f 01       		.byte	0x1
 11713 0720 2803     		.2byte	0x328
 11714 0722 C3000000 		.4byte	0xc3
 11715 0726 03       		.uleb128 0x3
 11716 0727 91       		.byte	0x91
 11717 0728 927E     		.sleb128 -238
 11718 072a 00       		.byte	0
 11719 072b 00       		.byte	0
 11720 072c 14       		.uleb128 0x14
 11721 072d AA0D0000 		.4byte	.LBB26
 11722 0731 CE010000 		.4byte	.LBE26-.LBB26
 11723 0735 4A070000 		.4byte	0x74a
 11724 0739 18       		.uleb128 0x18
 11725 073a 71000000 		.4byte	.LASF88
 11726 073e 01       		.byte	0x1
 11727 073f 8903     		.2byte	0x389
 11728 0741 C3000000 		.4byte	0xc3
 11729 0745 03       		.uleb128 0x3
 11730 0746 91       		.byte	0x91
 11731 0747 CC7E     		.sleb128 -180
 11732 0749 00       		.byte	0
 11733 074a 14       		.uleb128 0x14
 11734 074b 4C100000 		.4byte	.LBB27
 11735 074f 16000000 		.4byte	.LBE27-.LBB27
 11736 0753 68070000 		.4byte	0x768
 11737 0757 18       		.uleb128 0x18
 11738 0758 B7060000 		.4byte	.LASF89
 11739 075c 01       		.byte	0x1
 11740 075d C203     		.2byte	0x3c2
 11741 075f CE000000 		.4byte	0xce
 11742 0763 03       		.uleb128 0x3
 11743 0764 91       		.byte	0x91
 11744 0765 CA7E     		.sleb128 -182
 11745 0767 00       		.byte	0
 11746 0768 14       		.uleb128 0x14
 11747 0769 7C100000 		.4byte	.LBB28
 11748 076d 3C000000 		.4byte	.LBE28-.LBB28
 11749 0771 86070000 		.4byte	0x786
 11750 0775 18       		.uleb128 0x18
 11751 0776 B7060000 		.4byte	.LASF89
 11752 077a 01       		.byte	0x1
 11753 077b D003     		.2byte	0x3d0
 11754 077d B8000000 		.4byte	0xb8
 11755 0781 03       		.uleb128 0x3
 11756 0782 91       		.byte	0x91
 11757 0783 C97E     		.sleb128 -183
 11758 0785 00       		.byte	0
 11759 0786 14       		.uleb128 0x14
 11760 0787 20110000 		.4byte	.LBB29
 11761 078b F6030000 		.4byte	.LBE29-.LBB29
ARM GAS  C:\Users\ggg88\AppData\Local\Temp\ccfc1YkT.s 			page 252


 11762 078f B6070000 		.4byte	0x7b6
 11763 0793 15       		.uleb128 0x15
 11764 0794 6900     		.ascii	"i\000"
 11765 0796 01       		.byte	0x1
 11766 0797 E703     		.2byte	0x3e7
 11767 0799 9F000000 		.4byte	0x9f
 11768 079d 03       		.uleb128 0x3
 11769 079e 91       		.byte	0x91
 11770 079f B07F     		.sleb128 -80
 11771 07a1 1B       		.uleb128 0x1b
 11772 07a2 00000000 		.4byte	.Ldebug_ranges0+0
 11773 07a6 15       		.uleb128 0x15
 11774 07a7 6A00     		.ascii	"j\000"
 11775 07a9 01       		.byte	0x1
 11776 07aa F903     		.2byte	0x3f9
 11777 07ac 9F000000 		.4byte	0x9f
 11778 07b0 03       		.uleb128 0x3
 11779 07b1 91       		.byte	0x91
 11780 07b2 AC7F     		.sleb128 -84
 11781 07b4 00       		.byte	0
 11782 07b5 00       		.byte	0
 11783 07b6 14       		.uleb128 0x14
 11784 07b7 1E150000 		.4byte	.LBB32
 11785 07bb 5A000000 		.4byte	.LBE32-.LBB32
 11786 07bf D2070000 		.4byte	0x7d2
 11787 07c3 15       		.uleb128 0x15
 11788 07c4 6900     		.ascii	"i\000"
 11789 07c6 01       		.byte	0x1
 11790 07c7 1A04     		.2byte	0x41a
 11791 07c9 9F000000 		.4byte	0x9f
 11792 07cd 03       		.uleb128 0x3
 11793 07ce 91       		.byte	0x91
 11794 07cf A87F     		.sleb128 -88
 11795 07d1 00       		.byte	0
 11796 07d2 14       		.uleb128 0x14
 11797 07d3 7C150000 		.4byte	.LBB33
 11798 07d7 F2000000 		.4byte	.LBE33-.LBB33
 11799 07db EE070000 		.4byte	0x7ee
 11800 07df 15       		.uleb128 0x15
 11801 07e0 6900     		.ascii	"i\000"
 11802 07e2 01       		.byte	0x1
 11803 07e3 2604     		.2byte	0x426
 11804 07e5 9F000000 		.4byte	0x9f
 11805 07e9 03       		.uleb128 0x3
 11806 07ea 91       		.byte	0x91
 11807 07eb A47F     		.sleb128 -92
 11808 07ed 00       		.byte	0
 11809 07ee 14       		.uleb128 0x14
 11810 07ef 6E160000 		.4byte	.LBB34
 11811 07f3 0A070000 		.4byte	.LBE34-.LBB34
 11812 07f7 4A090000 		.4byte	0x94a
 11813 07fb 15       		.uleb128 0x15
 11814 07fc 6900     		.ascii	"i\000"
 11815 07fe 01       		.byte	0x1
 11816 07ff 3C04     		.2byte	0x43c
 11817 0801 9F000000 		.4byte	0x9f
 11818 0805 03       		.uleb128 0x3
ARM GAS  C:\Users\ggg88\AppData\Local\Temp\ccfc1YkT.s 			page 253


 11819 0806 91       		.byte	0x91
 11820 0807 A07F     		.sleb128 -96
 11821 0809 16       		.uleb128 0x16
 11822 080a 76160000 		.4byte	.LBB35
 11823 080e E8060000 		.4byte	.LBE35-.LBB35
 11824 0812 18       		.uleb128 0x18
 11825 0813 B9110000 		.4byte	.LASF90
 11826 0817 01       		.byte	0x1
 11827 0818 4004     		.2byte	0x440
 11828 081a 13010000 		.4byte	0x113
 11829 081e 03       		.uleb128 0x3
 11830 081f 91       		.byte	0x91
 11831 0820 9C7F     		.sleb128 -100
 11832 0822 18       		.uleb128 0x18
 11833 0823 04100000 		.4byte	.LASF91
 11834 0827 01       		.byte	0x1
 11835 0828 5504     		.2byte	0x455
 11836 082a 13010000 		.4byte	0x113
 11837 082e 03       		.uleb128 0x3
 11838 082f 91       		.byte	0x91
 11839 0830 987F     		.sleb128 -104
 11840 0832 18       		.uleb128 0x18
 11841 0833 AE120000 		.4byte	.LASF92
 11842 0837 01       		.byte	0x1
 11843 0838 8704     		.2byte	0x487
 11844 083a 13010000 		.4byte	0x113
 11845 083e 03       		.uleb128 0x3
 11846 083f 91       		.byte	0x91
 11847 0840 B87E     		.sleb128 -200
 11848 0842 18       		.uleb128 0x18
 11849 0843 B10D0000 		.4byte	.LASF93
 11850 0847 01       		.byte	0x1
 11851 0848 8904     		.2byte	0x489
 11852 084a 13010000 		.4byte	0x113
 11853 084e 03       		.uleb128 0x3
 11854 084f 91       		.byte	0x91
 11855 0850 B47E     		.sleb128 -204
 11856 0852 18       		.uleb128 0x18
 11857 0853 4E070000 		.4byte	.LASF94
 11858 0857 01       		.byte	0x1
 11859 0858 9F04     		.2byte	0x49f
 11860 085a 13010000 		.4byte	0x113
 11861 085e 03       		.uleb128 0x3
 11862 085f 91       		.byte	0x91
 11863 0860 AC7E     		.sleb128 -212
 11864 0862 18       		.uleb128 0x18
 11865 0863 40120000 		.4byte	.LASF95
 11866 0867 01       		.byte	0x1
 11867 0868 B304     		.2byte	0x4b3
 11868 086a 13010000 		.4byte	0x113
 11869 086e 03       		.uleb128 0x3
 11870 086f 91       		.byte	0x91
 11871 0870 A47E     		.sleb128 -220
 11872 0872 14       		.uleb128 0x14
 11873 0873 60190000 		.4byte	.LBB36
 11874 0877 9E000000 		.4byte	.LBE36-.LBB36
 11875 087b 90080000 		.4byte	0x890
ARM GAS  C:\Users\ggg88\AppData\Local\Temp\ccfc1YkT.s 			page 254


 11876 087f 18       		.uleb128 0x18
 11877 0880 3B100000 		.4byte	.LASF96
 11878 0884 01       		.byte	0x1
 11879 0885 6604     		.2byte	0x466
 11880 0887 CE000000 		.4byte	0xce
 11881 088b 03       		.uleb128 0x3
 11882 088c 91       		.byte	0x91
 11883 088d C67E     		.sleb128 -186
 11884 088f 00       		.byte	0
 11885 0890 14       		.uleb128 0x14
 11886 0891 FE190000 		.4byte	.LBB37
 11887 0895 D8000000 		.4byte	.LBE37-.LBB37
 11888 0899 00090000 		.4byte	0x900
 11889 089d 18       		.uleb128 0x18
 11890 089e 00000000 		.4byte	.LASF97
 11891 08a2 01       		.byte	0x1
 11892 08a3 7104     		.2byte	0x471
 11893 08a5 13010000 		.4byte	0x113
 11894 08a9 03       		.uleb128 0x3
 11895 08aa 91       		.byte	0x91
 11896 08ab 947F     		.sleb128 -108
 11897 08ad 18       		.uleb128 0x18
 11898 08ae 46130000 		.4byte	.LASF98
 11899 08b2 01       		.byte	0x1
 11900 08b3 7204     		.2byte	0x472
 11901 08b5 13010000 		.4byte	0x113
 11902 08b9 03       		.uleb128 0x3
 11903 08ba 91       		.byte	0x91
 11904 08bb 907F     		.sleb128 -112
 11905 08bd 18       		.uleb128 0x18
 11906 08be 83050000 		.4byte	.LASF99
 11907 08c2 01       		.byte	0x1
 11908 08c3 8104     		.2byte	0x481
 11909 08c5 13010000 		.4byte	0x113
 11910 08c9 03       		.uleb128 0x3
 11911 08ca 91       		.byte	0x91
 11912 08cb BC7E     		.sleb128 -196
 11913 08cd 16       		.uleb128 0x16
 11914 08ce 0E1A0000 		.4byte	.LBB38
 11915 08d2 80000000 		.4byte	.LBE38-.LBB38
 11916 08d6 15       		.uleb128 0x15
 11917 08d7 6A00     		.ascii	"j\000"
 11918 08d9 01       		.byte	0x1
 11919 08da 7504     		.2byte	0x475
 11920 08dc 9F000000 		.4byte	0x9f
 11921 08e0 03       		.uleb128 0x3
 11922 08e1 91       		.byte	0x91
 11923 08e2 8C7F     		.sleb128 -116
 11924 08e4 16       		.uleb128 0x16
 11925 08e5 141A0000 		.4byte	.LBB39
 11926 08e9 6E000000 		.4byte	.LBE39-.LBB39
 11927 08ed 18       		.uleb128 0x18
 11928 08ee B90E0000 		.4byte	.LASF100
 11929 08f2 01       		.byte	0x1
 11930 08f3 7704     		.2byte	0x477
 11931 08f5 13010000 		.4byte	0x113
 11932 08f9 03       		.uleb128 0x3
ARM GAS  C:\Users\ggg88\AppData\Local\Temp\ccfc1YkT.s 			page 255


 11933 08fa 91       		.byte	0x91
 11934 08fb C07E     		.sleb128 -192
 11935 08fd 00       		.byte	0
 11936 08fe 00       		.byte	0
 11937 08ff 00       		.byte	0
 11938 0900 14       		.uleb128 0x14
 11939 0901 581B0000 		.4byte	.LBB40
 11940 0905 64000000 		.4byte	.LBE40-.LBB40
 11941 0909 1E090000 		.4byte	0x91e
 11942 090d 18       		.uleb128 0x18
 11943 090e ED000000 		.4byte	.LASF101
 11944 0912 01       		.byte	0x1
 11945 0913 9304     		.2byte	0x493
 11946 0915 13010000 		.4byte	0x113
 11947 0919 03       		.uleb128 0x3
 11948 091a 91       		.byte	0x91
 11949 091b B07E     		.sleb128 -208
 11950 091d 00       		.byte	0
 11951 091e 16       		.uleb128 0x16
 11952 091f 201C0000 		.4byte	.LBB41
 11953 0923 A8000000 		.4byte	.LBE41-.LBB41
 11954 0927 18       		.uleb128 0x18
 11955 0928 380A0000 		.4byte	.LASF102
 11956 092c 01       		.byte	0x1
 11957 092d A504     		.2byte	0x4a5
 11958 092f CE000000 		.4byte	0xce
 11959 0933 03       		.uleb128 0x3
 11960 0934 91       		.byte	0x91
 11961 0935 AA7E     		.sleb128 -214
 11962 0937 18       		.uleb128 0x18
 11963 0938 2D0F0000 		.4byte	.LASF103
 11964 093c 01       		.byte	0x1
 11965 093d AA04     		.2byte	0x4aa
 11966 093f CE000000 		.4byte	0xce
 11967 0943 03       		.uleb128 0x3
 11968 0944 91       		.byte	0x91
 11969 0945 A87E     		.sleb128 -216
 11970 0947 00       		.byte	0
 11971 0948 00       		.byte	0
 11972 0949 00       		.byte	0
 11973 094a 14       		.uleb128 0x14
 11974 094b 3A1E0000 		.4byte	.LBB42
 11975 094f A2000000 		.4byte	.LBE42-.LBB42
 11976 0953 66090000 		.4byte	0x966
 11977 0957 15       		.uleb128 0x15
 11978 0958 6900     		.ascii	"i\000"
 11979 095a 01       		.byte	0x1
 11980 095b F104     		.2byte	0x4f1
 11981 095d 28020000 		.4byte	0x228
 11982 0961 03       		.uleb128 0x3
 11983 0962 91       		.byte	0x91
 11984 0963 887F     		.sleb128 -120
 11985 0965 00       		.byte	0
 11986 0966 14       		.uleb128 0x14
 11987 0967 3A200000 		.4byte	.LBB43
 11988 096b 22000000 		.4byte	.LBE43-.LBB43
 11989 096f 82090000 		.4byte	0x982
ARM GAS  C:\Users\ggg88\AppData\Local\Temp\ccfc1YkT.s 			page 256


 11990 0973 15       		.uleb128 0x15
 11991 0974 6900     		.ascii	"i\000"
 11992 0976 01       		.byte	0x1
 11993 0977 3F05     		.2byte	0x53f
 11994 0979 9F000000 		.4byte	0x9f
 11995 097d 03       		.uleb128 0x3
 11996 097e 91       		.byte	0x91
 11997 097f 847F     		.sleb128 -124
 11998 0981 00       		.byte	0
 11999 0982 14       		.uleb128 0x14
 12000 0983 D4200000 		.4byte	.LBB44
 12001 0987 28000000 		.4byte	.LBE44-.LBB44
 12002 098b 9E090000 		.4byte	0x99e
 12003 098f 15       		.uleb128 0x15
 12004 0990 6900     		.ascii	"i\000"
 12005 0992 01       		.byte	0x1
 12006 0993 5505     		.2byte	0x555
 12007 0995 9F000000 		.4byte	0x9f
 12008 0999 03       		.uleb128 0x3
 12009 099a 91       		.byte	0x91
 12010 099b 807F     		.sleb128 -128
 12011 099d 00       		.byte	0
 12012 099e 14       		.uleb128 0x14
 12013 099f FC200000 		.4byte	.LBB45
 12014 09a3 22000000 		.4byte	.LBE45-.LBB45
 12015 09a7 BA090000 		.4byte	0x9ba
 12016 09ab 15       		.uleb128 0x15
 12017 09ac 6900     		.ascii	"i\000"
 12018 09ae 01       		.byte	0x1
 12019 09af 5905     		.2byte	0x559
 12020 09b1 9F000000 		.4byte	0x9f
 12021 09b5 03       		.uleb128 0x3
 12022 09b6 91       		.byte	0x91
 12023 09b7 FC7E     		.sleb128 -132
 12024 09b9 00       		.byte	0
 12025 09ba 14       		.uleb128 0x14
 12026 09bb 1E210000 		.4byte	.LBB46
 12027 09bf 7E000000 		.4byte	.LBE46-.LBB46
 12028 09c3 D6090000 		.4byte	0x9d6
 12029 09c7 15       		.uleb128 0x15
 12030 09c8 6900     		.ascii	"i\000"
 12031 09ca 01       		.byte	0x1
 12032 09cb 5D05     		.2byte	0x55d
 12033 09cd 9F000000 		.4byte	0x9f
 12034 09d1 03       		.uleb128 0x3
 12035 09d2 91       		.byte	0x91
 12036 09d3 F87E     		.sleb128 -136
 12037 09d5 00       		.byte	0
 12038 09d6 14       		.uleb128 0x14
 12039 09d7 22220000 		.4byte	.LBB47
 12040 09db 56000000 		.4byte	.LBE47-.LBB47
 12041 09df 0C0A0000 		.4byte	0xa0c
 12042 09e3 15       		.uleb128 0x15
 12043 09e4 6900     		.ascii	"i\000"
 12044 09e6 01       		.byte	0x1
 12045 09e7 7005     		.2byte	0x570
 12046 09e9 9F000000 		.4byte	0x9f
ARM GAS  C:\Users\ggg88\AppData\Local\Temp\ccfc1YkT.s 			page 257


 12047 09ed 03       		.uleb128 0x3
 12048 09ee 91       		.byte	0x91
 12049 09ef F47E     		.sleb128 -140
 12050 09f1 16       		.uleb128 0x16
 12051 09f2 28220000 		.4byte	.LBB48
 12052 09f6 44000000 		.4byte	.LBE48-.LBB48
 12053 09fa 18       		.uleb128 0x18
 12054 09fb 78100000 		.4byte	.LASF104
 12055 09ff 01       		.byte	0x1
 12056 0a00 7205     		.2byte	0x572
 12057 0a02 9F000000 		.4byte	0x9f
 12058 0a06 03       		.uleb128 0x3
 12059 0a07 91       		.byte	0x91
 12060 0a08 A07E     		.sleb128 -224
 12061 0a0a 00       		.byte	0
 12062 0a0b 00       		.byte	0
 12063 0a0c 14       		.uleb128 0x14
 12064 0a0d 0A230000 		.4byte	.LBB49
 12065 0a11 86010000 		.4byte	.LBE49-.LBB49
 12066 0a15 B60A0000 		.4byte	0xab6
 12067 0a19 18       		.uleb128 0x18
 12068 0a1a 95030000 		.4byte	.LASF105
 12069 0a1e 01       		.byte	0x1
 12070 0a1f 8605     		.2byte	0x586
 12071 0a21 9F000000 		.4byte	0x9f
 12072 0a25 03       		.uleb128 0x3
 12073 0a26 91       		.byte	0x91
 12074 0a27 9C7E     		.sleb128 -228
 12075 0a29 18       		.uleb128 0x18
 12076 0a2a 26010000 		.4byte	.LASF106
 12077 0a2e 01       		.byte	0x1
 12078 0a2f 8705     		.2byte	0x587
 12079 0a31 9F000000 		.4byte	0x9f
 12080 0a35 03       		.uleb128 0x3
 12081 0a36 91       		.byte	0x91
 12082 0a37 987E     		.sleb128 -232
 12083 0a39 18       		.uleb128 0x18
 12084 0a3a 8C120000 		.4byte	.LASF107
 12085 0a3e 01       		.byte	0x1
 12086 0a3f 8805     		.2byte	0x588
 12087 0a41 9F000000 		.4byte	0x9f
 12088 0a45 03       		.uleb128 0x3
 12089 0a46 91       		.byte	0x91
 12090 0a47 F07E     		.sleb128 -144
 12091 0a49 14       		.uleb128 0x14
 12092 0a4a 1A230000 		.4byte	.LBB50
 12093 0a4e 36000000 		.4byte	.LBE50-.LBB50
 12094 0a52 650A0000 		.4byte	0xa65
 12095 0a56 15       		.uleb128 0x15
 12096 0a57 6900     		.ascii	"i\000"
 12097 0a59 01       		.byte	0x1
 12098 0a5a 8905     		.2byte	0x589
 12099 0a5c 9F000000 		.4byte	0x9f
 12100 0a60 03       		.uleb128 0x3
 12101 0a61 91       		.byte	0x91
 12102 0a62 EC7E     		.sleb128 -148
 12103 0a64 00       		.byte	0
ARM GAS  C:\Users\ggg88\AppData\Local\Temp\ccfc1YkT.s 			page 258


 12104 0a65 14       		.uleb128 0x14
 12105 0a66 5A230000 		.4byte	.LBB51
 12106 0a6a 42000000 		.4byte	.LBE51-.LBB51
 12107 0a6e 810A0000 		.4byte	0xa81
 12108 0a72 15       		.uleb128 0x15
 12109 0a73 6900     		.ascii	"i\000"
 12110 0a75 01       		.byte	0x1
 12111 0a76 9105     		.2byte	0x591
 12112 0a78 9F000000 		.4byte	0x9f
 12113 0a7c 03       		.uleb128 0x3
 12114 0a7d 91       		.byte	0x91
 12115 0a7e E87E     		.sleb128 -152
 12116 0a80 00       		.byte	0
 12117 0a81 14       		.uleb128 0x14
 12118 0a82 A2230000 		.4byte	.LBB52
 12119 0a86 48000000 		.4byte	.LBE52-.LBB52
 12120 0a8a 9D0A0000 		.4byte	0xa9d
 12121 0a8e 15       		.uleb128 0x15
 12122 0a8f 6900     		.ascii	"i\000"
 12123 0a91 01       		.byte	0x1
 12124 0a92 9905     		.2byte	0x599
 12125 0a94 9F000000 		.4byte	0x9f
 12126 0a98 03       		.uleb128 0x3
 12127 0a99 91       		.byte	0x91
 12128 0a9a E47E     		.sleb128 -156
 12129 0a9c 00       		.byte	0
 12130 0a9d 16       		.uleb128 0x16
 12131 0a9e EA230000 		.4byte	.LBB53
 12132 0aa2 7E000000 		.4byte	.LBE53-.LBB53
 12133 0aa6 15       		.uleb128 0x15
 12134 0aa7 6900     		.ascii	"i\000"
 12135 0aa9 01       		.byte	0x1
 12136 0aaa A105     		.2byte	0x5a1
 12137 0aac 9F000000 		.4byte	0x9f
 12138 0ab0 03       		.uleb128 0x3
 12139 0ab1 91       		.byte	0x91
 12140 0ab2 E07E     		.sleb128 -160
 12141 0ab4 00       		.byte	0
 12142 0ab5 00       		.byte	0
 12143 0ab6 16       		.uleb128 0x16
 12144 0ab7 F8240000 		.4byte	.LBB54
 12145 0abb 28000000 		.4byte	.LBE54-.LBB54
 12146 0abf 18       		.uleb128 0x18
 12147 0ac0 C7090000 		.4byte	.LASF84
 12148 0ac4 01       		.byte	0x1
 12149 0ac5 BA05     		.2byte	0x5ba
 12150 0ac7 B8000000 		.4byte	0xb8
 12151 0acb 03       		.uleb128 0x3
 12152 0acc 91       		.byte	0x91
 12153 0acd 977E     		.sleb128 -233
 12154 0acf 00       		.byte	0
 12155 0ad0 00       		.byte	0
 12156 0ad1 19       		.uleb128 0x19
 12157 0ad2 45060000 		.4byte	.LASF108
 12158 0ad6 01       		.byte	0x1
 12159 0ad7 DB05     		.2byte	0x5db
 12160 0ad9 00000000 		.4byte	.LFB76
ARM GAS  C:\Users\ggg88\AppData\Local\Temp\ccfc1YkT.s 			page 259


 12161 0add 70000000 		.4byte	.LFE76-.LFB76
 12162 0ae1 01       		.uleb128 0x1
 12163 0ae2 9C       		.byte	0x9c
 12164 0ae3 19       		.uleb128 0x19
 12165 0ae4 24140000 		.4byte	.LASF109
 12166 0ae8 01       		.byte	0x1
 12167 0ae9 F005     		.2byte	0x5f0
 12168 0aeb 00000000 		.4byte	.LFB77
 12169 0aef 70010000 		.4byte	.LFE77-.LFB77
 12170 0af3 01       		.uleb128 0x1
 12171 0af4 9C       		.byte	0x9c
 12172 0af5 12       		.uleb128 0x12
 12173 0af6 200A0000 		.4byte	.LASF110
 12174 0afa 01       		.byte	0x1
 12175 0afb 1806     		.2byte	0x618
 12176 0afd EF000000 		.4byte	0xef
 12177 0b01 00000000 		.4byte	.LFB78
 12178 0b05 E0000000 		.4byte	.LFE78-.LFB78
 12179 0b09 01       		.uleb128 0x1
 12180 0b0a 9C       		.byte	0x9c
 12181 0b0b 6A0B0000 		.4byte	0xb6a
 12182 0b0f 11       		.uleb128 0x11
 12183 0b10 35130000 		.4byte	.LASF111
 12184 0b14 01       		.byte	0x1
 12185 0b15 1806     		.2byte	0x618
 12186 0b17 EF000000 		.4byte	0xef
 12187 0b1b 02       		.uleb128 0x2
 12188 0b1c 91       		.byte	0x91
 12189 0b1d 67       		.sleb128 -25
 12190 0b1e 11       		.uleb128 0x11
 12191 0b1f F5010000 		.4byte	.LASF112
 12192 0b23 01       		.byte	0x1
 12193 0b24 1806     		.2byte	0x618
 12194 0b26 FB000000 		.4byte	0xfb
 12195 0b2a 02       		.uleb128 0x2
 12196 0b2b 91       		.byte	0x91
 12197 0b2c 64       		.sleb128 -28
 12198 0b2d 11       		.uleb128 0x11
 12199 0b2e 87120000 		.4byte	.LASF113
 12200 0b32 01       		.byte	0x1
 12201 0b33 1806     		.2byte	0x618
 12202 0b35 B8000000 		.4byte	0xb8
 12203 0b39 02       		.uleb128 0x2
 12204 0b3a 91       		.byte	0x91
 12205 0b3b 66       		.sleb128 -26
 12206 0b3c 18       		.uleb128 0x18
 12207 0b3d C7090000 		.4byte	.LASF84
 12208 0b41 01       		.byte	0x1
 12209 0b42 1A06     		.2byte	0x61a
 12210 0b44 40010000 		.4byte	0x140
 12211 0b48 02       		.uleb128 0x2
 12212 0b49 91       		.byte	0x91
 12213 0b4a 6F       		.sleb128 -17
 12214 0b4b 18       		.uleb128 0x18
 12215 0b4c 04040000 		.4byte	.LASF114
 12216 0b50 01       		.byte	0x1
 12217 0b51 1B06     		.2byte	0x61b
ARM GAS  C:\Users\ggg88\AppData\Local\Temp\ccfc1YkT.s 			page 260


 12218 0b53 B8000000 		.4byte	0xb8
 12219 0b57 02       		.uleb128 0x2
 12220 0b58 91       		.byte	0x91
 12221 0b59 77       		.sleb128 -9
 12222 0b5a 18       		.uleb128 0x18
 12223 0b5b 6E0D0000 		.4byte	.LASF115
 12224 0b5f 01       		.byte	0x1
 12225 0b60 1C06     		.2byte	0x61c
 12226 0b62 E4000000 		.4byte	0xe4
 12227 0b66 02       		.uleb128 0x2
 12228 0b67 91       		.byte	0x91
 12229 0b68 70       		.sleb128 -16
 12230 0b69 00       		.byte	0
 12231 0b6a 12       		.uleb128 0x12
 12232 0b6b 410F0000 		.4byte	.LASF116
 12233 0b6f 01       		.byte	0x1
 12234 0b70 5106     		.2byte	0x651
 12235 0b72 EF000000 		.4byte	0xef
 12236 0b76 00000000 		.4byte	.LFB79
 12237 0b7a F4000000 		.4byte	.LFE79-.LFB79
 12238 0b7e 01       		.uleb128 0x1
 12239 0b7f 9C       		.byte	0x9c
 12240 0b80 DF0B0000 		.4byte	0xbdf
 12241 0b84 11       		.uleb128 0x11
 12242 0b85 35130000 		.4byte	.LASF111
 12243 0b89 01       		.byte	0x1
 12244 0b8a 5106     		.2byte	0x651
 12245 0b8c EF000000 		.4byte	0xef
 12246 0b90 02       		.uleb128 0x2
 12247 0b91 91       		.byte	0x91
 12248 0b92 6F       		.sleb128 -17
 12249 0b93 11       		.uleb128 0x11
 12250 0b94 F5010000 		.4byte	.LASF112
 12251 0b98 01       		.byte	0x1
 12252 0b99 5106     		.2byte	0x651
 12253 0b9b EF000000 		.4byte	0xef
 12254 0b9f 02       		.uleb128 0x2
 12255 0ba0 91       		.byte	0x91
 12256 0ba1 6E       		.sleb128 -18
 12257 0ba2 11       		.uleb128 0x11
 12258 0ba3 87120000 		.4byte	.LASF113
 12259 0ba7 01       		.byte	0x1
 12260 0ba8 5106     		.2byte	0x651
 12261 0baa B8000000 		.4byte	0xb8
 12262 0bae 02       		.uleb128 0x2
 12263 0baf 91       		.byte	0x91
 12264 0bb0 6D       		.sleb128 -19
 12265 0bb1 18       		.uleb128 0x18
 12266 0bb2 C7090000 		.4byte	.LASF84
 12267 0bb6 01       		.byte	0x1
 12268 0bb7 5306     		.2byte	0x653
 12269 0bb9 40010000 		.4byte	0x140
 12270 0bbd 02       		.uleb128 0x2
 12271 0bbe 91       		.byte	0x91
 12272 0bbf 72       		.sleb128 -14
 12273 0bc0 18       		.uleb128 0x18
 12274 0bc1 6E0D0000 		.4byte	.LASF115
ARM GAS  C:\Users\ggg88\AppData\Local\Temp\ccfc1YkT.s 			page 261


 12275 0bc5 01       		.byte	0x1
 12276 0bc6 5406     		.2byte	0x654
 12277 0bc8 E4000000 		.4byte	0xe4
 12278 0bcc 02       		.uleb128 0x2
 12279 0bcd 91       		.byte	0x91
 12280 0bce 74       		.sleb128 -12
 12281 0bcf 18       		.uleb128 0x18
 12282 0bd0 04040000 		.4byte	.LASF114
 12283 0bd4 01       		.byte	0x1
 12284 0bd5 5506     		.2byte	0x655
 12285 0bd7 B8000000 		.4byte	0xb8
 12286 0bdb 02       		.uleb128 0x2
 12287 0bdc 91       		.byte	0x91
 12288 0bdd 73       		.sleb128 -13
 12289 0bde 00       		.byte	0
 12290 0bdf 19       		.uleb128 0x19
 12291 0be0 C1060000 		.4byte	.LASF117
 12292 0be4 01       		.byte	0x1
 12293 0be5 8406     		.2byte	0x684
 12294 0be7 00000000 		.4byte	.LFB80
 12295 0beb 24000000 		.4byte	.LFE80-.LFB80
 12296 0bef 01       		.uleb128 0x1
 12297 0bf0 9C       		.byte	0x9c
 12298 0bf1 19       		.uleb128 0x19
 12299 0bf2 63060000 		.4byte	.LASF118
 12300 0bf6 01       		.byte	0x1
 12301 0bf7 9506     		.2byte	0x695
 12302 0bf9 00000000 		.4byte	.LFB81
 12303 0bfd 54000000 		.4byte	.LFE81-.LFB81
 12304 0c01 01       		.uleb128 0x1
 12305 0c02 9C       		.byte	0x9c
 12306 0c03 19       		.uleb128 0x19
 12307 0c04 77050000 		.4byte	.LASF119
 12308 0c08 01       		.byte	0x1
 12309 0c09 A806     		.2byte	0x6a8
 12310 0c0b 00000000 		.4byte	.LFB82
 12311 0c0f C4000000 		.4byte	.LFE82-.LFB82
 12312 0c13 01       		.uleb128 0x1
 12313 0c14 9C       		.byte	0x9c
 12314 0c15 12       		.uleb128 0x12
 12315 0c16 070D0000 		.4byte	.LASF120
 12316 0c1a 01       		.byte	0x1
 12317 0c1b DB06     		.2byte	0x6db
 12318 0c1d 13010000 		.4byte	0x113
 12319 0c21 00000000 		.4byte	.LFB83
 12320 0c25 98000000 		.4byte	.LFE83-.LFB83
 12321 0c29 01       		.uleb128 0x1
 12322 0c2a 9C       		.byte	0x9c
 12323 0c2b 640C0000 		.4byte	0xc64
 12324 0c2f 1A       		.uleb128 0x1a
 12325 0c30 5800     		.ascii	"X\000"
 12326 0c32 01       		.byte	0x1
 12327 0c33 DB06     		.2byte	0x6db
 12328 0c35 13010000 		.4byte	0x113
 12329 0c39 02       		.uleb128 0x2
 12330 0c3a 91       		.byte	0x91
 12331 0c3b 64       		.sleb128 -28
ARM GAS  C:\Users\ggg88\AppData\Local\Temp\ccfc1YkT.s 			page 262


 12332 0c3c 15       		.uleb128 0x15
 12333 0c3d 5900     		.ascii	"Y\000"
 12334 0c3f 01       		.byte	0x1
 12335 0c40 DC06     		.2byte	0x6dc
 12336 0c42 13010000 		.4byte	0x113
 12337 0c46 02       		.uleb128 0x2
 12338 0c47 91       		.byte	0x91
 12339 0c48 70       		.sleb128 -16
 12340 0c49 15       		.uleb128 0x15
 12341 0c4a 4600     		.ascii	"F\000"
 12342 0c4c 01       		.byte	0x1
 12343 0c4d DC06     		.2byte	0x6dc
 12344 0c4f 13010000 		.4byte	0x113
 12345 0c53 02       		.uleb128 0x2
 12346 0c54 91       		.byte	0x91
 12347 0c55 74       		.sleb128 -12
 12348 0c56 15       		.uleb128 0x15
 12349 0c57 4500     		.ascii	"E\000"
 12350 0c59 01       		.byte	0x1
 12351 0c5a DD06     		.2byte	0x6dd
 12352 0c5c 9F000000 		.4byte	0x9f
 12353 0c60 02       		.uleb128 0x2
 12354 0c61 91       		.byte	0x91
 12355 0c62 6C       		.sleb128 -20
 12356 0c63 00       		.byte	0
 12357 0c64 17       		.uleb128 0x17
 12358 0c65 F5000000 		.4byte	.LASF121
 12359 0c69 01       		.byte	0x1
 12360 0c6a EE06     		.2byte	0x6ee
 12361 0c6c 00000000 		.4byte	.LFB84
 12362 0c70 D4000000 		.4byte	.LFE84-.LFB84
 12363 0c74 01       		.uleb128 0x1
 12364 0c75 9C       		.byte	0x9c
 12365 0c76 C10C0000 		.4byte	0xcc1
 12366 0c7a 11       		.uleb128 0x11
 12367 0c7b 8B0E0000 		.4byte	.LASF122
 12368 0c7f 01       		.byte	0x1
 12369 0c80 EE06     		.2byte	0x6ee
 12370 0c82 9F000000 		.4byte	0x9f
 12371 0c86 02       		.uleb128 0x2
 12372 0c87 91       		.byte	0x91
 12373 0c88 64       		.sleb128 -28
 12374 0c89 18       		.uleb128 0x18
 12375 0c8a 360E0000 		.4byte	.LASF123
 12376 0c8e 01       		.byte	0x1
 12377 0c8f FA06     		.2byte	0x6fa
 12378 0c91 CE000000 		.4byte	0xce
 12379 0c95 02       		.uleb128 0x2
 12380 0c96 91       		.byte	0x91
 12381 0c97 76       		.sleb128 -10
 12382 0c98 16       		.uleb128 0x16
 12383 0c99 18000000 		.4byte	.LBB55
 12384 0c9d 86000000 		.4byte	.LBE55-.LBB55
 12385 0ca1 18       		.uleb128 0x18
 12386 0ca2 C1100000 		.4byte	.LASF124
 12387 0ca6 01       		.byte	0x1
 12388 0ca7 FE06     		.2byte	0x6fe
ARM GAS  C:\Users\ggg88\AppData\Local\Temp\ccfc1YkT.s 			page 263


 12389 0ca9 13010000 		.4byte	0x113
 12390 0cad 02       		.uleb128 0x2
 12391 0cae 91       		.byte	0x91
 12392 0caf 70       		.sleb128 -16
 12393 0cb0 18       		.uleb128 0x18
 12394 0cb1 BA140000 		.4byte	.LASF125
 12395 0cb5 01       		.byte	0x1
 12396 0cb6 0D07     		.2byte	0x70d
 12397 0cb8 9F000000 		.4byte	0x9f
 12398 0cbc 02       		.uleb128 0x2
 12399 0cbd 91       		.byte	0x91
 12400 0cbe 6C       		.sleb128 -20
 12401 0cbf 00       		.byte	0
 12402 0cc0 00       		.byte	0
 12403 0cc1 17       		.uleb128 0x17
 12404 0cc2 CC080000 		.4byte	.LASF126
 12405 0cc6 01       		.byte	0x1
 12406 0cc7 1907     		.2byte	0x719
 12407 0cc9 00000000 		.4byte	.LFB85
 12408 0ccd 1C000000 		.4byte	.LFE85-.LFB85
 12409 0cd1 01       		.uleb128 0x1
 12410 0cd2 9C       		.byte	0x9c
 12411 0cd3 F50C0000 		.4byte	0xcf5
 12412 0cd7 1A       		.uleb128 0x1a
 12413 0cd8 636300   		.ascii	"cc\000"
 12414 0cdb 01       		.byte	0x1
 12415 0cdc 1907     		.2byte	0x719
 12416 0cde 9F000000 		.4byte	0x9f
 12417 0ce2 02       		.uleb128 0x2
 12418 0ce3 91       		.byte	0x91
 12419 0ce4 74       		.sleb128 -12
 12420 0ce5 1A       		.uleb128 0x1a
 12421 0ce6 76616C00 		.ascii	"val\000"
 12422 0cea 01       		.byte	0x1
 12423 0ceb 1907     		.2byte	0x719
 12424 0ced 9F000000 		.4byte	0x9f
 12425 0cf1 02       		.uleb128 0x2
 12426 0cf2 91       		.byte	0x91
 12427 0cf3 70       		.sleb128 -16
 12428 0cf4 00       		.byte	0
 12429 0cf5 17       		.uleb128 0x17
 12430 0cf6 8A0B0000 		.4byte	.LASF127
 12431 0cfa 01       		.byte	0x1
 12432 0cfb 1F07     		.2byte	0x71f
 12433 0cfd 00000000 		.4byte	.LFB86
 12434 0d01 68000000 		.4byte	.LFE86-.LFB86
 12435 0d05 01       		.uleb128 0x1
 12436 0d06 9C       		.byte	0x9c
 12437 0d07 390D0000 		.4byte	0xd39
 12438 0d0b 11       		.uleb128 0x11
 12439 0d0c D6030000 		.4byte	.LASF128
 12440 0d10 01       		.byte	0x1
 12441 0d11 1F07     		.2byte	0x71f
 12442 0d13 9F000000 		.4byte	0x9f
 12443 0d17 02       		.uleb128 0x2
 12444 0d18 91       		.byte	0x91
 12445 0d19 74       		.sleb128 -12
ARM GAS  C:\Users\ggg88\AppData\Local\Temp\ccfc1YkT.s 			page 264


 12446 0d1a 11       		.uleb128 0x11
 12447 0d1b 360E0000 		.4byte	.LASF123
 12448 0d1f 01       		.byte	0x1
 12449 0d20 1F07     		.2byte	0x71f
 12450 0d22 9F000000 		.4byte	0x9f
 12451 0d26 02       		.uleb128 0x2
 12452 0d27 91       		.byte	0x91
 12453 0d28 70       		.sleb128 -16
 12454 0d29 11       		.uleb128 0x11
 12455 0d2a E3090000 		.4byte	.LASF129
 12456 0d2e 01       		.byte	0x1
 12457 0d2f 1F07     		.2byte	0x71f
 12458 0d31 9F000000 		.4byte	0x9f
 12459 0d35 02       		.uleb128 0x2
 12460 0d36 91       		.byte	0x91
 12461 0d37 6C       		.sleb128 -20
 12462 0d38 00       		.byte	0
 12463 0d39 17       		.uleb128 0x17
 12464 0d3a FD060000 		.4byte	.LASF130
 12465 0d3e 01       		.byte	0x1
 12466 0d3f 2C07     		.2byte	0x72c
 12467 0d41 00000000 		.4byte	.LFB87
 12468 0d45 68000000 		.4byte	.LFE87-.LFB87
 12469 0d49 01       		.uleb128 0x1
 12470 0d4a 9C       		.byte	0x9c
 12471 0d4b 7D0D0000 		.4byte	0xd7d
 12472 0d4f 11       		.uleb128 0x11
 12473 0d50 D6030000 		.4byte	.LASF128
 12474 0d54 01       		.byte	0x1
 12475 0d55 2C07     		.2byte	0x72c
 12476 0d57 9F000000 		.4byte	0x9f
 12477 0d5b 02       		.uleb128 0x2
 12478 0d5c 91       		.byte	0x91
 12479 0d5d 74       		.sleb128 -12
 12480 0d5e 11       		.uleb128 0x11
 12481 0d5f B9050000 		.4byte	.LASF131
 12482 0d63 01       		.byte	0x1
 12483 0d64 2C07     		.2byte	0x72c
 12484 0d66 9F000000 		.4byte	0x9f
 12485 0d6a 02       		.uleb128 0x2
 12486 0d6b 91       		.byte	0x91
 12487 0d6c 70       		.sleb128 -16
 12488 0d6d 11       		.uleb128 0x11
 12489 0d6e E3090000 		.4byte	.LASF129
 12490 0d72 01       		.byte	0x1
 12491 0d73 2C07     		.2byte	0x72c
 12492 0d75 9F000000 		.4byte	0x9f
 12493 0d79 02       		.uleb128 0x2
 12494 0d7a 91       		.byte	0x91
 12495 0d7b 6C       		.sleb128 -20
 12496 0d7c 00       		.byte	0
 12497 0d7d 17       		.uleb128 0x17
 12498 0d7e 75070000 		.4byte	.LASF132
 12499 0d82 01       		.byte	0x1
 12500 0d83 3807     		.2byte	0x738
 12501 0d85 00000000 		.4byte	.LFB88
 12502 0d89 68000000 		.4byte	.LFE88-.LFB88
ARM GAS  C:\Users\ggg88\AppData\Local\Temp\ccfc1YkT.s 			page 265


 12503 0d8d 01       		.uleb128 0x1
 12504 0d8e 9C       		.byte	0x9c
 12505 0d8f C10D0000 		.4byte	0xdc1
 12506 0d93 11       		.uleb128 0x11
 12507 0d94 25020000 		.4byte	.LASF133
 12508 0d98 01       		.byte	0x1
 12509 0d99 3807     		.2byte	0x738
 12510 0d9b 9F000000 		.4byte	0x9f
 12511 0d9f 02       		.uleb128 0x2
 12512 0da0 91       		.byte	0x91
 12513 0da1 74       		.sleb128 -12
 12514 0da2 11       		.uleb128 0x11
 12515 0da3 3C010000 		.4byte	.LASF134
 12516 0da7 01       		.byte	0x1
 12517 0da8 3807     		.2byte	0x738
 12518 0daa 9F000000 		.4byte	0x9f
 12519 0dae 02       		.uleb128 0x2
 12520 0daf 91       		.byte	0x91
 12521 0db0 70       		.sleb128 -16
 12522 0db1 11       		.uleb128 0x11
 12523 0db2 E3090000 		.4byte	.LASF129
 12524 0db6 01       		.byte	0x1
 12525 0db7 3807     		.2byte	0x738
 12526 0db9 9F000000 		.4byte	0x9f
 12527 0dbd 02       		.uleb128 0x2
 12528 0dbe 91       		.byte	0x91
 12529 0dbf 6C       		.sleb128 -20
 12530 0dc0 00       		.byte	0
 12531 0dc1 17       		.uleb128 0x17
 12532 0dc2 B90D0000 		.4byte	.LASF135
 12533 0dc6 01       		.byte	0x1
 12534 0dc7 4407     		.2byte	0x744
 12535 0dc9 00000000 		.4byte	.LFB89
 12536 0dcd 6C000000 		.4byte	.LFE89-.LFB89
 12537 0dd1 01       		.uleb128 0x1
 12538 0dd2 9C       		.byte	0x9c
 12539 0dd3 F60D0000 		.4byte	0xdf6
 12540 0dd7 1A       		.uleb128 0x1a
 12541 0dd8 76616C00 		.ascii	"val\000"
 12542 0ddc 01       		.byte	0x1
 12543 0ddd 4407     		.2byte	0x744
 12544 0ddf 9F000000 		.4byte	0x9f
 12545 0de3 02       		.uleb128 0x2
 12546 0de4 91       		.byte	0x91
 12547 0de5 74       		.sleb128 -12
 12548 0de6 11       		.uleb128 0x11
 12549 0de7 E3090000 		.4byte	.LASF129
 12550 0deb 01       		.byte	0x1
 12551 0dec 4407     		.2byte	0x744
 12552 0dee 9F000000 		.4byte	0x9f
 12553 0df2 02       		.uleb128 0x2
 12554 0df3 91       		.byte	0x91
 12555 0df4 70       		.sleb128 -16
 12556 0df5 00       		.byte	0
 12557 0df6 17       		.uleb128 0x17
 12558 0df7 E2030000 		.4byte	.LASF136
 12559 0dfb 01       		.byte	0x1
ARM GAS  C:\Users\ggg88\AppData\Local\Temp\ccfc1YkT.s 			page 266


 12560 0dfc 5007     		.2byte	0x750
 12561 0dfe 00000000 		.4byte	.LFB90
 12562 0e02 5C000000 		.4byte	.LFE90-.LFB90
 12563 0e06 01       		.uleb128 0x1
 12564 0e07 9C       		.byte	0x9c
 12565 0e08 240E0000 		.4byte	0xe24
 12566 0e0c 16       		.uleb128 0x16
 12567 0e0d 06000000 		.4byte	.LBB56
 12568 0e11 44000000 		.4byte	.LBE56-.LBB56
 12569 0e15 15       		.uleb128 0x15
 12570 0e16 6900     		.ascii	"i\000"
 12571 0e18 01       		.byte	0x1
 12572 0e19 5207     		.2byte	0x752
 12573 0e1b B8000000 		.4byte	0xb8
 12574 0e1f 02       		.uleb128 0x2
 12575 0e20 91       		.byte	0x91
 12576 0e21 77       		.sleb128 -9
 12577 0e22 00       		.byte	0
 12578 0e23 00       		.byte	0
 12579 0e24 17       		.uleb128 0x17
 12580 0e25 F0080000 		.4byte	.LASF137
 12581 0e29 01       		.byte	0x1
 12582 0e2a 6C07     		.2byte	0x76c
 12583 0e2c 00000000 		.4byte	.LFB91
 12584 0e30 B00E0000 		.4byte	.LFE91-.LFB91
 12585 0e34 01       		.uleb128 0x1
 12586 0e35 9C       		.byte	0x9c
 12587 0e36 F7100000 		.4byte	0x10f7
 12588 0e3a 18       		.uleb128 0x18
 12589 0e3b 01060000 		.4byte	.LASF138
 12590 0e3f 01       		.byte	0x1
 12591 0e40 7007     		.2byte	0x770
 12592 0e42 E4000000 		.4byte	0xe4
 12593 0e46 02       		.uleb128 0x2
 12594 0e47 91       		.byte	0x91
 12595 0e48 44       		.sleb128 -60
 12596 0e49 18       		.uleb128 0x18
 12597 0e4a A60B0000 		.4byte	.LASF139
 12598 0e4e 01       		.byte	0x1
 12599 0e4f 7107     		.2byte	0x771
 12600 0e51 E4000000 		.4byte	0xe4
 12601 0e55 02       		.uleb128 0x2
 12602 0e56 91       		.byte	0x91
 12603 0e57 40       		.sleb128 -64
 12604 0e58 14       		.uleb128 0x14
 12605 0e59 3A000000 		.4byte	.LBB57
 12606 0e5d 30000000 		.4byte	.LBE57-.LBB57
 12607 0e61 730E0000 		.4byte	0xe73
 12608 0e65 15       		.uleb128 0x15
 12609 0e66 6900     		.ascii	"i\000"
 12610 0e68 01       		.byte	0x1
 12611 0e69 7407     		.2byte	0x774
 12612 0e6b 9F000000 		.4byte	0x9f
 12613 0e6f 02       		.uleb128 0x2
 12614 0e70 91       		.byte	0x91
 12615 0e71 6C       		.sleb128 -20
 12616 0e72 00       		.byte	0
ARM GAS  C:\Users\ggg88\AppData\Local\Temp\ccfc1YkT.s 			page 267


 12617 0e73 14       		.uleb128 0x14
 12618 0e74 7E000000 		.4byte	.LBB58
 12619 0e78 EA060000 		.4byte	.LBE58-.LBB58
 12620 0e7c 5A0F0000 		.4byte	0xf5a
 12621 0e80 18       		.uleb128 0x18
 12622 0e81 8E020000 		.4byte	.LASF140
 12623 0e85 01       		.byte	0x1
 12624 0e86 8407     		.2byte	0x784
 12625 0e88 97020000 		.4byte	0x297
 12626 0e8c 03       		.uleb128 0x3
 12627 0e8d 91       		.byte	0x91
 12628 0e8e 987F     		.sleb128 -104
 12629 0e90 15       		.uleb128 0x15
 12630 0e91 6900     		.ascii	"i\000"
 12631 0e93 01       		.byte	0x1
 12632 0e94 8507     		.2byte	0x785
 12633 0e96 E4000000 		.4byte	0xe4
 12634 0e9a 02       		.uleb128 0x2
 12635 0e9b 91       		.byte	0x91
 12636 0e9c 68       		.sleb128 -24
 12637 0e9d 18       		.uleb128 0x18
 12638 0e9e C80C0000 		.4byte	.LASF141
 12639 0ea2 01       		.byte	0x1
 12640 0ea3 8707     		.2byte	0x787
 12641 0ea5 B8000000 		.4byte	0xb8
 12642 0ea9 03       		.uleb128 0x3
 12643 0eaa 91       		.byte	0x91
 12644 0eab BF7F     		.sleb128 -65
 12645 0ead 18       		.uleb128 0x18
 12646 0eae 35050000 		.4byte	.LASF142
 12647 0eb2 01       		.byte	0x1
 12648 0eb3 A707     		.2byte	0x7a7
 12649 0eb5 CE000000 		.4byte	0xce
 12650 0eb9 03       		.uleb128 0x3
 12651 0eba 91       		.byte	0x91
 12652 0ebb BC7F     		.sleb128 -68
 12653 0ebd 14       		.uleb128 0x14
 12654 0ebe 7C010000 		.4byte	.LBB59
 12655 0ec2 88000000 		.4byte	.LBE59-.LBB59
 12656 0ec6 EF0E0000 		.4byte	0xeef
 12657 0eca 15       		.uleb128 0x15
 12658 0ecb 6A00     		.ascii	"j\000"
 12659 0ecd 01       		.byte	0x1
 12660 0ece 9207     		.2byte	0x792
 12661 0ed0 9F000000 		.4byte	0x9f
 12662 0ed4 02       		.uleb128 0x2
 12663 0ed5 91       		.byte	0x91
 12664 0ed6 64       		.sleb128 -28
 12665 0ed7 16       		.uleb128 0x16
 12666 0ed8 82010000 		.4byte	.LBB60
 12667 0edc 76000000 		.4byte	.LBE60-.LBB60
 12668 0ee0 15       		.uleb128 0x15
 12669 0ee1 6B00     		.ascii	"k\000"
 12670 0ee3 01       		.byte	0x1
 12671 0ee4 9407     		.2byte	0x794
 12672 0ee6 9F000000 		.4byte	0x9f
 12673 0eea 02       		.uleb128 0x2
ARM GAS  C:\Users\ggg88\AppData\Local\Temp\ccfc1YkT.s 			page 268


 12674 0eeb 91       		.byte	0x91
 12675 0eec 60       		.sleb128 -32
 12676 0eed 00       		.byte	0
 12677 0eee 00       		.byte	0
 12678 0eef 14       		.uleb128 0x14
 12679 0ef0 04020000 		.4byte	.LBB61
 12680 0ef4 8C000000 		.4byte	.LBE61-.LBB61
 12681 0ef8 210F0000 		.4byte	0xf21
 12682 0efc 15       		.uleb128 0x15
 12683 0efd 6A00     		.ascii	"j\000"
 12684 0eff 01       		.byte	0x1
 12685 0f00 9C07     		.2byte	0x79c
 12686 0f02 9F000000 		.4byte	0x9f
 12687 0f06 02       		.uleb128 0x2
 12688 0f07 91       		.byte	0x91
 12689 0f08 5C       		.sleb128 -36
 12690 0f09 16       		.uleb128 0x16
 12691 0f0a 0A020000 		.4byte	.LBB62
 12692 0f0e 7A000000 		.4byte	.LBE62-.LBB62
 12693 0f12 15       		.uleb128 0x15
 12694 0f13 6B00     		.ascii	"k\000"
 12695 0f15 01       		.byte	0x1
 12696 0f16 9E07     		.2byte	0x79e
 12697 0f18 9F000000 		.4byte	0x9f
 12698 0f1c 02       		.uleb128 0x2
 12699 0f1d 91       		.byte	0x91
 12700 0f1e 58       		.sleb128 -40
 12701 0f1f 00       		.byte	0
 12702 0f20 00       		.byte	0
 12703 0f21 14       		.uleb128 0x14
 12704 0f22 C0030000 		.4byte	.LBB63
 12705 0f26 46000000 		.4byte	.LBE63-.LBB63
 12706 0f2a 3F0F0000 		.4byte	0xf3f
 12707 0f2e 18       		.uleb128 0x18
 12708 0f2f 76020000 		.4byte	.LASF143
 12709 0f33 01       		.byte	0x1
 12710 0f34 BF07     		.2byte	0x7bf
 12711 0f36 CE000000 		.4byte	0xce
 12712 0f3a 03       		.uleb128 0x3
 12713 0f3b 91       		.byte	0x91
 12714 0f3c BA7F     		.sleb128 -70
 12715 0f3e 00       		.byte	0
 12716 0f3f 16       		.uleb128 0x16
 12717 0f40 40060000 		.4byte	.LBB64
 12718 0f44 48000000 		.4byte	.LBE64-.LBB64
 12719 0f48 18       		.uleb128 0x18
 12720 0f49 76020000 		.4byte	.LASF143
 12721 0f4d 01       		.byte	0x1
 12722 0f4e FB07     		.2byte	0x7fb
 12723 0f50 C3000000 		.4byte	0xc3
 12724 0f54 03       		.uleb128 0x3
 12725 0f55 91       		.byte	0x91
 12726 0f56 B87F     		.sleb128 -72
 12727 0f58 00       		.byte	0
 12728 0f59 00       		.byte	0
 12729 0f5a 14       		.uleb128 0x14
 12730 0f5b 7C070000 		.4byte	.LBB65
ARM GAS  C:\Users\ggg88\AppData\Local\Temp\ccfc1YkT.s 			page 269


 12731 0f5f 78030000 		.4byte	.LBE65-.LBB65
 12732 0f63 58100000 		.4byte	0x1058
 12733 0f67 18       		.uleb128 0x18
 12734 0f68 30110000 		.4byte	.LASF144
 12735 0f6c 01       		.byte	0x1
 12736 0f6d 5508     		.2byte	0x855
 12737 0f6f B8000000 		.4byte	0xb8
 12738 0f73 02       		.uleb128 0x2
 12739 0f74 91       		.byte	0x91
 12740 0f75 57       		.sleb128 -41
 12741 0f76 18       		.uleb128 0x18
 12742 0f77 8E020000 		.4byte	.LASF140
 12743 0f7b 01       		.byte	0x1
 12744 0f7c 6908     		.2byte	0x869
 12745 0f7e 97020000 		.4byte	0x297
 12746 0f82 03       		.uleb128 0x3
 12747 0f83 91       		.byte	0x91
 12748 0f84 947F     		.sleb128 -108
 12749 0f86 15       		.uleb128 0x15
 12750 0f87 6900     		.ascii	"i\000"
 12751 0f89 01       		.byte	0x1
 12752 0f8a 6A08     		.2byte	0x86a
 12753 0f8c E4000000 		.4byte	0xe4
 12754 0f90 02       		.uleb128 0x2
 12755 0f91 91       		.byte	0x91
 12756 0f92 50       		.sleb128 -48
 12757 0f93 18       		.uleb128 0x18
 12758 0f94 C80C0000 		.4byte	.LASF141
 12759 0f98 01       		.byte	0x1
 12760 0f99 6C08     		.2byte	0x86c
 12761 0f9b B8000000 		.4byte	0xb8
 12762 0f9f 03       		.uleb128 0x3
 12763 0fa0 91       		.byte	0x91
 12764 0fa1 B77F     		.sleb128 -73
 12765 0fa3 14       		.uleb128 0x14
 12766 0fa4 4C080000 		.4byte	.LBB66
 12767 0fa8 92000000 		.4byte	.LBE66-.LBB66
 12768 0fac C10F0000 		.4byte	0xfc1
 12769 0fb0 18       		.uleb128 0x18
 12770 0fb1 96110000 		.4byte	.LASF145
 12771 0fb5 01       		.byte	0x1
 12772 0fb6 7008     		.2byte	0x870
 12773 0fb8 B8000000 		.4byte	0xb8
 12774 0fbc 03       		.uleb128 0x3
 12775 0fbd 91       		.byte	0x91
 12776 0fbe B67F     		.sleb128 -74
 12777 0fc0 00       		.byte	0
 12778 0fc1 16       		.uleb128 0x16
 12779 0fc2 F6080000 		.4byte	.LBB67
 12780 0fc6 84010000 		.4byte	.LBE67-.LBB67
 12781 0fca 18       		.uleb128 0x18
 12782 0fcb C5120000 		.4byte	.LASF146
 12783 0fcf 01       		.byte	0x1
 12784 0fd0 7F08     		.2byte	0x87f
 12785 0fd2 E4000000 		.4byte	0xe4
 12786 0fd6 02       		.uleb128 0x2
 12787 0fd7 91       		.byte	0x91
ARM GAS  C:\Users\ggg88\AppData\Local\Temp\ccfc1YkT.s 			page 270


 12788 0fd8 4C       		.sleb128 -52
 12789 0fd9 16       		.uleb128 0x16
 12790 0fda FC080000 		.4byte	.LBB68
 12791 0fde 70010000 		.4byte	.LBE68-.LBB68
 12792 0fe2 18       		.uleb128 0x18
 12793 0fe3 50050000 		.4byte	.LASF80
 12794 0fe7 01       		.byte	0x1
 12795 0fe8 8108     		.2byte	0x881
 12796 0fea CE000000 		.4byte	0xce
 12797 0fee 03       		.uleb128 0x3
 12798 0fef 91       		.byte	0x91
 12799 0ff0 B47F     		.sleb128 -76
 12800 0ff2 16       		.uleb128 0x16
 12801 0ff3 0A090000 		.4byte	.LBB69
 12802 0ff7 62010000 		.4byte	.LBE69-.LBB69
 12803 0ffb 18       		.uleb128 0x18
 12804 0ffc 2D070000 		.4byte	.LASF147
 12805 1000 01       		.byte	0x1
 12806 1001 8208     		.2byte	0x882
 12807 1003 E4000000 		.4byte	0xe4
 12808 1007 02       		.uleb128 0x2
 12809 1008 91       		.byte	0x91
 12810 1009 48       		.sleb128 -56
 12811 100a 16       		.uleb128 0x16
 12812 100b 8A090000 		.4byte	.LBB70
 12813 100f C4000000 		.4byte	.LBE70-.LBB70
 12814 1013 18       		.uleb128 0x18
 12815 1014 F3040000 		.4byte	.LASF148
 12816 1018 01       		.byte	0x1
 12817 1019 9008     		.2byte	0x890
 12818 101b CE000000 		.4byte	0xce
 12819 101f 03       		.uleb128 0x3
 12820 1020 91       		.byte	0x91
 12821 1021 B27F     		.sleb128 -78
 12822 1023 18       		.uleb128 0x18
 12823 1024 F30F0000 		.4byte	.LASF149
 12824 1028 01       		.byte	0x1
 12825 1029 9108     		.2byte	0x891
 12826 102b B8000000 		.4byte	0xb8
 12827 102f 03       		.uleb128 0x3
 12828 1030 91       		.byte	0x91
 12829 1031 B17F     		.sleb128 -79
 12830 1033 18       		.uleb128 0x18
 12831 1034 6B010000 		.4byte	.LASF150
 12832 1038 01       		.byte	0x1
 12833 1039 9208     		.2byte	0x892
 12834 103b B8000000 		.4byte	0xb8
 12835 103f 03       		.uleb128 0x3
 12836 1040 91       		.byte	0x91
 12837 1041 B07F     		.sleb128 -80
 12838 1043 18       		.uleb128 0x18
 12839 1044 64040000 		.4byte	.LASF81
 12840 1048 01       		.byte	0x1
 12841 1049 9508     		.2byte	0x895
 12842 104b CE000000 		.4byte	0xce
 12843 104f 03       		.uleb128 0x3
 12844 1050 91       		.byte	0x91
ARM GAS  C:\Users\ggg88\AppData\Local\Temp\ccfc1YkT.s 			page 271


 12845 1051 AE7F     		.sleb128 -82
 12846 1053 00       		.byte	0
 12847 1054 00       		.byte	0
 12848 1055 00       		.byte	0
 12849 1056 00       		.byte	0
 12850 1057 00       		.byte	0
 12851 1058 14       		.uleb128 0x14
 12852 1059 080B0000 		.4byte	.LBB71
 12853 105d 4E010000 		.4byte	.LBE71-.LBB71
 12854 1061 A4100000 		.4byte	0x10a4
 12855 1065 18       		.uleb128 0x18
 12856 1066 8E020000 		.4byte	.LASF140
 12857 106a 01       		.byte	0x1
 12858 106b BA08     		.2byte	0x8ba
 12859 106d 97020000 		.4byte	0x297
 12860 1071 03       		.uleb128 0x3
 12861 1072 91       		.byte	0x91
 12862 1073 907F     		.sleb128 -112
 12863 1075 15       		.uleb128 0x15
 12864 1076 6900     		.ascii	"i\000"
 12865 1078 01       		.byte	0x1
 12866 1079 BB08     		.2byte	0x8bb
 12867 107b E4000000 		.4byte	0xe4
 12868 107f 03       		.uleb128 0x3
 12869 1080 91       		.byte	0x91
 12870 1081 A87F     		.sleb128 -88
 12871 1083 18       		.uleb128 0x18
 12872 1084 8F060000 		.4byte	.LASF151
 12873 1088 01       		.byte	0x1
 12874 1089 C408     		.2byte	0x8c4
 12875 108b CE000000 		.4byte	0xce
 12876 108f 03       		.uleb128 0x3
 12877 1090 91       		.byte	0x91
 12878 1091 A67F     		.sleb128 -90
 12879 1093 18       		.uleb128 0x18
 12880 1094 76020000 		.4byte	.LASF143
 12881 1098 01       		.byte	0x1
 12882 1099 D208     		.2byte	0x8d2
 12883 109b CE000000 		.4byte	0xce
 12884 109f 03       		.uleb128 0x3
 12885 10a0 91       		.byte	0x91
 12886 10a1 A47F     		.sleb128 -92
 12887 10a3 00       		.byte	0
 12888 10a4 16       		.uleb128 0x16
 12889 10a5 900C0000 		.4byte	.LBB72
 12890 10a9 C8010000 		.4byte	.LBE72-.LBB72
 12891 10ad 18       		.uleb128 0x18
 12892 10ae 8E020000 		.4byte	.LASF140
 12893 10b2 01       		.byte	0x1
 12894 10b3 DD08     		.2byte	0x8dd
 12895 10b5 97020000 		.4byte	0x297
 12896 10b9 03       		.uleb128 0x3
 12897 10ba 91       		.byte	0x91
 12898 10bb 8C7F     		.sleb128 -116
 12899 10bd 15       		.uleb128 0x15
 12900 10be 6900     		.ascii	"i\000"
 12901 10c0 01       		.byte	0x1
ARM GAS  C:\Users\ggg88\AppData\Local\Temp\ccfc1YkT.s 			page 272


 12902 10c1 DE08     		.2byte	0x8de
 12903 10c3 E4000000 		.4byte	0xe4
 12904 10c7 03       		.uleb128 0x3
 12905 10c8 91       		.byte	0x91
 12906 10c9 A07F     		.sleb128 -96
 12907 10cb 18       		.uleb128 0x18
 12908 10cc 8F060000 		.4byte	.LASF151
 12909 10d0 01       		.byte	0x1
 12910 10d1 E708     		.2byte	0x8e7
 12911 10d3 CE000000 		.4byte	0xce
 12912 10d7 03       		.uleb128 0x3
 12913 10d8 91       		.byte	0x91
 12914 10d9 9E7F     		.sleb128 -98
 12915 10db 16       		.uleb128 0x16
 12916 10dc FE0D0000 		.4byte	.LBB73
 12917 10e0 2C000000 		.4byte	.LBE73-.LBB73
 12918 10e4 18       		.uleb128 0x18
 12919 10e5 76020000 		.4byte	.LASF143
 12920 10e9 01       		.byte	0x1
 12921 10ea FF08     		.2byte	0x8ff
 12922 10ec C3000000 		.4byte	0xc3
 12923 10f0 03       		.uleb128 0x3
 12924 10f1 91       		.byte	0x91
 12925 10f2 9C7F     		.sleb128 -100
 12926 10f4 00       		.byte	0
 12927 10f5 00       		.byte	0
 12928 10f6 00       		.byte	0
 12929 10f7 17       		.uleb128 0x17
 12930 10f8 91040000 		.4byte	.LASF152
 12931 10fc 01       		.byte	0x1
 12932 10fd 1B09     		.2byte	0x91b
 12933 10ff 00000000 		.4byte	.LFB92
 12934 1103 FC010000 		.4byte	.LFE92-.LFB92
 12935 1107 01       		.uleb128 0x1
 12936 1108 9C       		.byte	0x9c
 12937 1109 43110000 		.4byte	0x1143
 12938 110d 11       		.uleb128 0x11
 12939 110e FC0D0000 		.4byte	.LASF153
 12940 1112 01       		.byte	0x1
 12941 1113 1B09     		.2byte	0x91b
 12942 1115 EF000000 		.4byte	0xef
 12943 1119 02       		.uleb128 0x2
 12944 111a 91       		.byte	0x91
 12945 111b 6F       		.sleb128 -17
 12946 111c 11       		.uleb128 0x11
 12947 111d 8C0F0000 		.4byte	.LASF154
 12948 1121 01       		.byte	0x1
 12949 1122 1B09     		.2byte	0x91b
 12950 1124 43110000 		.4byte	0x1143
 12951 1128 02       		.uleb128 0x2
 12952 1129 91       		.byte	0x91
 12953 112a 68       		.sleb128 -24
 12954 112b 16       		.uleb128 0x16
 12955 112c 4C000000 		.4byte	.LBB74
 12956 1130 62000000 		.4byte	.LBE74-.LBB74
 12957 1134 15       		.uleb128 0x15
 12958 1135 6900     		.ascii	"i\000"
ARM GAS  C:\Users\ggg88\AppData\Local\Temp\ccfc1YkT.s 			page 273


 12959 1137 01       		.byte	0x1
 12960 1138 2709     		.2byte	0x927
 12961 113a 9F000000 		.4byte	0x9f
 12962 113e 02       		.uleb128 0x2
 12963 113f 91       		.byte	0x91
 12964 1140 74       		.sleb128 -12
 12965 1141 00       		.byte	0
 12966 1142 00       		.byte	0
 12967 1143 1C       		.uleb128 0x1c
 12968 1144 04       		.byte	0x4
 12969 1145 EF000000 		.4byte	0xef
 12970 1149 0B       		.uleb128 0xb
 12971 114a EF000000 		.4byte	0xef
 12972 114e 59110000 		.4byte	0x1159
 12973 1152 0C       		.uleb128 0xc
 12974 1153 4C010000 		.4byte	0x14c
 12975 1157 01       		.byte	0x1
 12976 1158 00       		.byte	0
 12977 1159 1D       		.uleb128 0x1d
 12978 115a F5050000 		.4byte	.LASF155
 12979 115e 01       		.byte	0x1
 12980 115f BC       		.byte	0xbc
 12981 1160 49110000 		.4byte	0x1149
 12982 1164 05       		.uleb128 0x5
 12983 1165 03       		.byte	0x3
 12984 1166 88000000 		.4byte	eepromArray
 12985 116a 1E       		.uleb128 0x1e
 12986 116b 23130000 		.4byte	.LASF156
 12987 116f 09       		.byte	0x9
 12988 1170 F3       		.byte	0xf3
 12989 1171 40010000 		.4byte	0x140
 12990 1175 1E       		.uleb128 0x1e
 12991 1176 15140000 		.4byte	.LASF157
 12992 117a 09       		.byte	0x9
 12993 117b F9       		.byte	0xf9
 12994 117c 40010000 		.4byte	0x140
 12995 1180 0B       		.uleb128 0xb
 12996 1181 EF000000 		.4byte	0xef
 12997 1185 90110000 		.4byte	0x1190
 12998 1189 0C       		.uleb128 0xc
 12999 118a 4C010000 		.4byte	0x14c
 13000 118e 3F       		.byte	0x3f
 13001 118f 00       		.byte	0
 13002 1190 1E       		.uleb128 0x1e
 13003 1191 D60A0000 		.4byte	.LASF158
 13004 1195 09       		.byte	0x9
 13005 1196 FA       		.byte	0xfa
 13006 1197 80110000 		.4byte	0x1180
 13007 119b 1E       		.uleb128 0x1e
 13008 119c A7060000 		.4byte	.LASF159
 13009 11a0 09       		.byte	0x9
 13010 11a1 FE       		.byte	0xfe
 13011 11a2 40010000 		.4byte	0x140
 13012 11a6 1E       		.uleb128 0x1e
 13013 11a7 67130000 		.4byte	.LASF160
 13014 11ab 09       		.byte	0x9
 13015 11ac FF       		.byte	0xff
ARM GAS  C:\Users\ggg88\AppData\Local\Temp\ccfc1YkT.s 			page 274


 13016 11ad 80110000 		.4byte	0x1180
 13017 11b1 1E       		.uleb128 0x1e
 13018 11b2 D1000000 		.4byte	.LASF161
 13019 11b6 0A       		.byte	0xa
 13020 11b7 82       		.byte	0x82
 13021 11b8 C5010000 		.4byte	0x1c5
 13022 11bc 0B       		.uleb128 0xb
 13023 11bd CD110000 		.4byte	0x11cd
 13024 11c1 CD110000 		.4byte	0x11cd
 13025 11c5 1F       		.uleb128 0x1f
 13026 11c6 4C010000 		.4byte	0x14c
 13027 11ca FF03     		.2byte	0x3ff
 13028 11cc 00       		.byte	0
 13029 11cd 20       		.uleb128 0x20
 13030 11ce B8000000 		.4byte	0xb8
 13031 11d2 21       		.uleb128 0x21
 13032 11d3 4B090000 		.4byte	.LASF162
 13033 11d7 01       		.byte	0x1
 13034 11d8 C5       		.byte	0xc5
 13035 11d9 E3110000 		.4byte	0x11e3
 13036 11dd 05       		.uleb128 0x5
 13037 11de 03       		.byte	0x3
 13038 11df 00000000 		.4byte	Em_EEPROM_em_EepromStorage
 13039 11e3 20       		.uleb128 0x20
 13040 11e4 BC110000 		.4byte	0x11bc
 13041 11e8 1E       		.uleb128 0x1e
 13042 11e9 CD070000 		.4byte	.LASF163
 13043 11ed 0B       		.byte	0xb
 13044 11ee F9       		.byte	0xf9
 13045 11ef EF000000 		.4byte	0xef
 13046 11f3 22       		.uleb128 0x22
 13047 11f4 440D0000 		.4byte	.LASF164
 13048 11f8 0C       		.byte	0xc
 13049 11f9 1207     		.2byte	0x712
 13050 11fb FF110000 		.4byte	0x11ff
 13051 11ff 06       		.uleb128 0x6
 13052 1200 D9000000 		.4byte	0xd9
 13053 1204 21       		.uleb128 0x21
 13054 1205 9D090000 		.4byte	.LASF165
 13055 1209 0D       		.byte	0xd
 13056 120a 41       		.byte	0x41
 13057 120b EF000000 		.4byte	0xef
 13058 120f 05       		.uleb128 0x5
 13059 1210 03       		.byte	0x3
 13060 1211 00000000 		.4byte	Decoder_1_Enabled
 13061 1215 0B       		.uleb128 0xb
 13062 1216 0E020000 		.4byte	0x20e
 13063 121a 25120000 		.4byte	0x1225
 13064 121e 0C       		.uleb128 0xc
 13065 121f 4C010000 		.4byte	0x14c
 13066 1223 FF       		.byte	0xff
 13067 1224 00       		.byte	0
 13068 1225 21       		.uleb128 0x21
 13069 1226 4E010000 		.4byte	.LASF166
 13070 122a 01       		.byte	0x1
 13071 122b CF       		.byte	0xcf
 13072 122c 36120000 		.4byte	0x1236
ARM GAS  C:\Users\ggg88\AppData\Local\Temp\ccfc1YkT.s 			page 275


 13073 1230 05       		.uleb128 0x5
 13074 1231 03       		.byte	0x3
 13075 1232 00000000 		.4byte	I2Cbuff1
 13076 1236 06       		.uleb128 0x6
 13077 1237 15120000 		.4byte	0x1215
 13078 123b 21       		.uleb128 0x21
 13079 123c 79010000 		.4byte	.LASF167
 13080 1240 01       		.byte	0x1
 13081 1241 69       		.byte	0x69
 13082 1242 9F000000 		.4byte	0x9f
 13083 1246 05       		.uleb128 0x5
 13084 1247 03       		.byte	0x3
 13085 1248 00000000 		.4byte	octave
 13086 124c 23       		.uleb128 0x23
 13087 124d BE0F0000 		.4byte	.LASF168
 13088 1251 01       		.byte	0x1
 13089 1252 1D01     		.2byte	0x11d
 13090 1254 B8000000 		.4byte	0xb8
 13091 1258 05       		.uleb128 0x5
 13092 1259 03       		.byte	0x3
 13093 125a 00000000 		.4byte	currentNeck
 13094 125e 21       		.uleb128 0x21
 13095 125f DB070000 		.4byte	.LASF169
 13096 1263 01       		.byte	0x1
 13097 1264 74       		.byte	0x74
 13098 1265 B8000000 		.4byte	0xb8
 13099 1269 05       		.uleb128 0x5
 13100 126a 03       		.byte	0x3
 13101 126b 00000000 		.4byte	currentCopedent
 13102 126f 23       		.uleb128 0x23
 13103 1270 17060000 		.4byte	.LASF170
 13104 1274 01       		.byte	0x1
 13105 1275 0301     		.2byte	0x103
 13106 1277 B8000000 		.4byte	0xb8
 13107 127b 05       		.uleb128 0x5
 13108 127c 03       		.byte	0x3
 13109 127d 00000000 		.4byte	traditionalPedalAdd
 13110 1281 23       		.uleb128 0x23
 13111 1282 33030000 		.4byte	.LASF171
 13112 1286 01       		.byte	0x1
 13113 1287 1801     		.2byte	0x118
 13114 1289 B8000000 		.4byte	0xb8
 13115 128d 05       		.uleb128 0x5
 13116 128e 03       		.byte	0x3
 13117 128f 00000000 		.4byte	mainOLEDWaitingToSend
 13118 1293 21       		.uleb128 0x21
 13119 1294 8D010000 		.4byte	.LASF172
 13120 1298 01       		.byte	0x1
 13121 1299 34       		.byte	0x34
 13122 129a B8000000 		.4byte	0xb8
 13123 129e 05       		.uleb128 0x5
 13124 129f 03       		.byte	0x3
 13125 12a0 00000000 		.4byte	volumeWaitingToSend
 13126 12a4 23       		.uleb128 0x23
 13127 12a5 D2010000 		.4byte	.LASF173
 13128 12a9 01       		.byte	0x1
 13129 12aa 1901     		.2byte	0x119
ARM GAS  C:\Users\ggg88\AppData\Local\Temp\ccfc1YkT.s 			page 276


 13130 12ac B8000000 		.4byte	0xb8
 13131 12b0 05       		.uleb128 0x5
 13132 12b1 03       		.byte	0x3
 13133 12b2 00000000 		.4byte	macroOLEDWaitingToSend
 13134 12b6 23       		.uleb128 0x23
 13135 12b7 9A120000 		.4byte	.LASF174
 13136 12bb 01       		.byte	0x1
 13137 12bc 1E01     		.2byte	0x11e
 13138 12be B8000000 		.4byte	0xb8
 13139 12c2 05       		.uleb128 0x5
 13140 12c3 03       		.byte	0x3
 13141 12c4 00000000 		.4byte	neckByte
 13142 12c8 0B       		.uleb128 0xb
 13143 12c9 B8000000 		.4byte	0xb8
 13144 12cd D8120000 		.4byte	0x12d8
 13145 12d1 0C       		.uleb128 0xc
 13146 12d2 4C010000 		.4byte	0x14c
 13147 12d6 01       		.byte	0x1
 13148 12d7 00       		.byte	0
 13149 12d8 21       		.uleb128 0x21
 13150 12d9 73010000 		.4byte	.LASF175
 13151 12dd 01       		.byte	0x1
 13152 12de 75       		.byte	0x75
 13153 12df C8120000 		.4byte	0x12c8
 13154 12e3 05       		.uleb128 0x5
 13155 12e4 03       		.byte	0x3
 13156 12e5 00000000 		.4byte	necks
 13157 12e9 23       		.uleb128 0x23
 13158 12ea CA0F0000 		.4byte	.LASF176
 13159 12ee 01       		.byte	0x1
 13160 12ef 2001     		.2byte	0x120
 13161 12f1 B8000000 		.4byte	0xb8
 13162 12f5 05       		.uleb128 0x5
 13163 12f6 03       		.byte	0x3
 13164 12f7 00000000 		.4byte	editMode
 13165 12fb 0B       		.uleb128 0xb
 13166 12fc B8000000 		.4byte	0xb8
 13167 1300 17130000 		.4byte	0x1317
 13168 1304 0C       		.uleb128 0xc
 13169 1305 4C010000 		.4byte	0x14c
 13170 1309 3F       		.byte	0x3f
 13171 130a 0C       		.uleb128 0xc
 13172 130b 4C010000 		.4byte	0x14c
 13173 130f 0F       		.byte	0xf
 13174 1310 0C       		.uleb128 0xc
 13175 1311 4C010000 		.4byte	0x14c
 13176 1315 08       		.byte	0x8
 13177 1316 00       		.byte	0
 13178 1317 21       		.uleb128 0x21
 13179 1318 88000000 		.4byte	.LASF177
 13180 131c 01       		.byte	0x1
 13181 131d F2       		.byte	0xf2
 13182 131e FB120000 		.4byte	0x12fb
 13183 1322 05       		.uleb128 0x5
 13184 1323 03       		.byte	0x3
 13185 1324 00000000 		.4byte	macroNamesArray
 13186 1328 0B       		.uleb128 0xb
ARM GAS  C:\Users\ggg88\AppData\Local\Temp\ccfc1YkT.s 			page 277


 13187 1329 B8000000 		.4byte	0xb8
 13188 132d 44130000 		.4byte	0x1344
 13189 1331 0C       		.uleb128 0xc
 13190 1332 4C010000 		.4byte	0x14c
 13191 1336 3F       		.byte	0x3f
 13192 1337 0C       		.uleb128 0xc
 13193 1338 4C010000 		.4byte	0x14c
 13194 133c 03       		.byte	0x3
 13195 133d 0C       		.uleb128 0xc
 13196 133e 4C010000 		.4byte	0x14c
 13197 1342 09       		.byte	0x9
 13198 1343 00       		.byte	0
 13199 1344 21       		.uleb128 0x21
 13200 1345 FF000000 		.4byte	.LASF178
 13201 1349 01       		.byte	0x1
 13202 134a F3       		.byte	0xf3
 13203 134b 28130000 		.4byte	0x1328
 13204 134f 05       		.uleb128 0x5
 13205 1350 03       		.byte	0x3
 13206 1351 00000000 		.4byte	controlNamesArray
 13207 1355 21       		.uleb128 0x21
 13208 1356 B0110000 		.4byte	.LASF179
 13209 135a 01       		.byte	0x1
 13210 135b FF       		.byte	0xff
 13211 135c B8000000 		.4byte	0xb8
 13212 1360 05       		.uleb128 0x5
 13213 1361 03       		.byte	0x3
 13214 1362 00000000 		.4byte	patchNum
 13215 1366 21       		.uleb128 0x21
 13216 1367 870A0000 		.4byte	.LASF180
 13217 136b 01       		.byte	0x1
 13218 136c ED       		.byte	0xed
 13219 136d B8000000 		.4byte	0xb8
 13220 1371 05       		.uleb128 0x5
 13221 1372 03       		.byte	0x3
 13222 1373 00000000 		.4byte	currentPresetSelection
 13223 1377 0B       		.uleb128 0xb
 13224 1378 B8000000 		.4byte	0xb8
 13225 137c 8D130000 		.4byte	0x138d
 13226 1380 0C       		.uleb128 0xc
 13227 1381 4C010000 		.4byte	0x14c
 13228 1385 3F       		.byte	0x3f
 13229 1386 0C       		.uleb128 0xc
 13230 1387 4C010000 		.4byte	0x14c
 13231 138b 0D       		.byte	0xd
 13232 138c 00       		.byte	0
 13233 138d 21       		.uleb128 0x21
 13234 138e AC030000 		.4byte	.LASF181
 13235 1392 01       		.byte	0x1
 13236 1393 EE       		.byte	0xee
 13237 1394 77130000 		.4byte	0x1377
 13238 1398 05       		.uleb128 0x5
 13239 1399 03       		.byte	0x3
 13240 139a 00000000 		.4byte	presetNamesArray
 13241 139e 21       		.uleb128 0x21
 13242 139f FB020000 		.4byte	.LASF182
 13243 13a3 01       		.byte	0x1
ARM GAS  C:\Users\ggg88\AppData\Local\Temp\ccfc1YkT.s 			page 278


 13244 13a4 EF       		.byte	0xef
 13245 13a5 B8000000 		.4byte	0xb8
 13246 13a9 05       		.uleb128 0x5
 13247 13aa 03       		.byte	0x3
 13248 13ab 00000000 		.4byte	presetNumberToLoad
 13249 13af 0B       		.uleb128 0xb
 13250 13b0 B8000000 		.4byte	0xb8
 13251 13b4 C5130000 		.4byte	0x13c5
 13252 13b8 0C       		.uleb128 0xc
 13253 13b9 4C010000 		.4byte	0x14c
 13254 13bd 06       		.byte	0x6
 13255 13be 0C       		.uleb128 0xc
 13256 13bf 4C010000 		.4byte	0x14c
 13257 13c3 09       		.byte	0x9
 13258 13c4 00       		.byte	0
 13259 13c5 23       		.uleb128 0x23
 13260 13c6 FC010000 		.4byte	.LASF183
 13261 13ca 01       		.byte	0x1
 13262 13cb 0601     		.2byte	0x106
 13263 13cd AF130000 		.4byte	0x13af
 13264 13d1 05       		.uleb128 0x5
 13265 13d2 03       		.byte	0x3
 13266 13d3 00000000 		.4byte	copedentNamesArray
 13267 13d7 0B       		.uleb128 0xb
 13268 13d8 B8000000 		.4byte	0xb8
 13269 13dc E7130000 		.4byte	0x13e7
 13270 13e0 0C       		.uleb128 0xc
 13271 13e1 4C010000 		.4byte	0x14c
 13272 13e5 3F       		.byte	0x3f
 13273 13e6 00       		.byte	0
 13274 13e7 23       		.uleb128 0x23
 13275 13e8 C2050000 		.4byte	.LASF184
 13276 13ec 01       		.byte	0x1
 13277 13ed 1B01     		.2byte	0x11b
 13278 13ef D7130000 		.4byte	0x13d7
 13279 13f3 05       		.uleb128 0x5
 13280 13f4 03       		.byte	0x3
 13281 13f5 00000000 		.4byte	presetAlreadyDisplayed
 13282 13f9 21       		.uleb128 0x21
 13283 13fa 40080000 		.4byte	.LASF185
 13284 13fe 01       		.byte	0x1
 13285 13ff AF       		.byte	0xaf
 13286 1400 B8000000 		.4byte	0xb8
 13287 1404 05       		.uleb128 0x5
 13288 1405 03       		.byte	0x3
 13289 1406 00000000 		.4byte	whichMacro
 13290 140a 23       		.uleb128 0x23
 13291 140b 1C110000 		.4byte	.LASF186
 13292 140f 01       		.byte	0x1
 13293 1410 2201     		.2byte	0x122
 13294 1412 B8000000 		.4byte	0xb8
 13295 1416 05       		.uleb128 0x5
 13296 1417 03       		.byte	0x3
 13297 1418 00000000 		.4byte	fretCalibrationMode
 13298 141c 23       		.uleb128 0x23
 13299 141d 00140000 		.4byte	.LASF187
 13300 1421 01       		.byte	0x1
ARM GAS  C:\Users\ggg88\AppData\Local\Temp\ccfc1YkT.s 			page 279


 13301 1422 2101     		.2byte	0x121
 13302 1424 B8000000 		.4byte	0xb8
 13303 1428 05       		.uleb128 0x5
 13304 1429 03       		.byte	0x3
 13305 142a 00000000 		.4byte	leverCalibrationMode
 13306 142e 0B       		.uleb128 0xb
 13307 142f CE000000 		.4byte	0xce
 13308 1433 44140000 		.4byte	0x1444
 13309 1437 0C       		.uleb128 0xc
 13310 1438 4C010000 		.4byte	0x14c
 13311 143c 01       		.byte	0x1
 13312 143d 0C       		.uleb128 0xc
 13313 143e 4C010000 		.4byte	0x14c
 13314 1442 0B       		.byte	0xb
 13315 1443 00       		.byte	0
 13316 1444 21       		.uleb128 0x21
 13317 1445 76120000 		.4byte	.LASF188
 13318 1449 01       		.byte	0x1
 13319 144a E9       		.byte	0xe9
 13320 144b 2E140000 		.4byte	0x142e
 13321 144f 05       		.uleb128 0x5
 13322 1450 03       		.byte	0x3
 13323 1451 00000000 		.4byte	fretMeasurements
 13324 1455 0B       		.uleb128 0xb
 13325 1456 CE000000 		.4byte	0xce
 13326 145a 65140000 		.4byte	0x1465
 13327 145e 0C       		.uleb128 0xc
 13328 145f 4C010000 		.4byte	0x14c
 13329 1463 09       		.byte	0x9
 13330 1464 00       		.byte	0
 13331 1465 21       		.uleb128 0x21
 13332 1466 35120000 		.4byte	.LASF189
 13333 146a 01       		.byte	0x1
 13334 146b D9       		.byte	0xd9
 13335 146c 55140000 		.4byte	0x1455
 13336 1470 05       		.uleb128 0x5
 13337 1471 03       		.byte	0x3
 13338 1472 00000000 		.4byte	pedals_low
 13339 1476 21       		.uleb128 0x21
 13340 1477 E9010000 		.4byte	.LASF190
 13341 147b 01       		.byte	0x1
 13342 147c DA       		.byte	0xda
 13343 147d 55140000 		.4byte	0x1455
 13344 1481 05       		.uleb128 0x5
 13345 1482 03       		.byte	0x3
 13346 1483 00000000 		.4byte	pedals_high
 13347 1487 0B       		.uleb128 0xb
 13348 1488 B8000000 		.4byte	0xb8
 13349 148c 97140000 		.4byte	0x1497
 13350 1490 0C       		.uleb128 0xc
 13351 1491 4C010000 		.4byte	0x14c
 13352 1495 09       		.byte	0x9
 13353 1496 00       		.byte	0
 13354 1497 23       		.uleb128 0x23
 13355 1498 CB060000 		.4byte	.LASF191
 13356 149c 01       		.byte	0x1
 13357 149d 0101     		.2byte	0x101
ARM GAS  C:\Users\ggg88\AppData\Local\Temp\ccfc1YkT.s 			page 280


 13358 149f 87140000 		.4byte	0x1487
 13359 14a3 05       		.uleb128 0x5
 13360 14a4 03       		.byte	0x3
 13361 14a5 00000000 		.4byte	pedal_inverted
 13362 14a9 21       		.uleb128 0x21
 13363 14aa 430A0000 		.4byte	.LASF192
 13364 14ae 01       		.byte	0x1
 13365 14af 6A       		.byte	0x6a
 13366 14b0 55140000 		.4byte	0x1455
 13367 14b4 05       		.uleb128 0x5
 13368 14b5 03       		.byte	0x3
 13369 14b6 00000000 		.4byte	angle
 13370 14ba 0B       		.uleb128 0xb
 13371 14bb 13020000 		.4byte	0x213
 13372 14bf CA140000 		.4byte	0x14ca
 13373 14c3 0C       		.uleb128 0xc
 13374 14c4 4C010000 		.4byte	0x14c
 13375 14c8 01       		.byte	0x1
 13376 14c9 00       		.byte	0
 13377 14ca 24       		.uleb128 0x24
 13378 14cb 62617200 		.ascii	"bar\000"
 13379 14cf 01       		.byte	0x1
 13380 14d0 88       		.byte	0x88
 13381 14d1 DB140000 		.4byte	0x14db
 13382 14d5 05       		.uleb128 0x5
 13383 14d6 03       		.byte	0x3
 13384 14d7 00000000 		.4byte	bar
 13385 14db 06       		.uleb128 0x6
 13386 14dc BA140000 		.4byte	0x14ba
 13387 14e0 21       		.uleb128 0x21
 13388 14e1 DC100000 		.4byte	.LASF193
 13389 14e5 01       		.byte	0x1
 13390 14e6 30       		.byte	0x30
 13391 14e7 AD000000 		.4byte	0xad
 13392 14eb 05       		.uleb128 0x5
 13393 14ec 03       		.byte	0x3
 13394 14ed 00000000 		.4byte	transposeSemitones
 13395 14f1 21       		.uleb128 0x21
 13396 14f2 96070000 		.4byte	.LASF194
 13397 14f6 01       		.byte	0x1
 13398 14f7 31       		.byte	0x31
 13399 14f8 AD000000 		.4byte	0xad
 13400 14fc 05       		.uleb128 0x5
 13401 14fd 03       		.byte	0x3
 13402 14fe 00000000 		.4byte	transposeCents
 13403 1502 21       		.uleb128 0x21
 13404 1503 28150000 		.4byte	.LASF195
 13405 1507 01       		.byte	0x1
 13406 1508 32       		.byte	0x32
 13407 1509 13010000 		.4byte	0x113
 13408 150d 05       		.uleb128 0x5
 13409 150e 03       		.byte	0x3
 13410 150f 00000000 		.4byte	transposeFloat
 13411 1513 21       		.uleb128 0x21
 13412 1514 080A0000 		.4byte	.LASF196
 13413 1518 01       		.byte	0x1
 13414 1519 33       		.byte	0x33
ARM GAS  C:\Users\ggg88\AppData\Local\Temp\ccfc1YkT.s 			page 281


 13415 151a AD000000 		.4byte	0xad
 13416 151e 05       		.uleb128 0x5
 13417 151f 03       		.byte	0x3
 13418 1520 00000000 		.4byte	volumeInt
 13419 1524 21       		.uleb128 0x21
 13420 1525 50120000 		.4byte	.LASF197
 13421 1529 01       		.byte	0x1
 13422 152a 8E       		.byte	0x8e
 13423 152b 9F000000 		.4byte	0x9f
 13424 152f 05       		.uleb128 0x5
 13425 1530 03       		.byte	0x3
 13426 1531 00000000 		.4byte	prevOctave
 13427 1535 21       		.uleb128 0x21
 13428 1536 BB0B0000 		.4byte	.LASF198
 13429 153a 01       		.byte	0x1
 13430 153b FC       		.byte	0xfc
 13431 153c B8000000 		.4byte	0xb8
 13432 1540 05       		.uleb128 0x5
 13433 1541 03       		.byte	0x3
 13434 1542 00000000 		.4byte	dualSlider
 13435 1546 21       		.uleb128 0x21
 13436 1547 100E0000 		.4byte	.LASF199
 13437 154b 01       		.byte	0x1
 13438 154c DD       		.byte	0xdd
 13439 154d B8000000 		.4byte	0xb8
 13440 1551 05       		.uleb128 0x5
 13441 1552 03       		.byte	0x3
 13442 1553 00000000 		.4byte	deadZone
 13443 1557 21       		.uleb128 0x21
 13444 1558 A20C0000 		.4byte	.LASF200
 13445 155c 01       		.byte	0x1
 13446 155d 3B       		.byte	0x3b
 13447 155e C8120000 		.4byte	0x12c8
 13448 1562 05       		.uleb128 0x5
 13449 1563 03       		.byte	0x3
 13450 1564 00000000 		.4byte	stringRepresentation
 13451 1568 21       		.uleb128 0x21
 13452 1569 40140000 		.4byte	.LASF201
 13453 156d 01       		.byte	0x1
 13454 156e 3A       		.byte	0x3a
 13455 156f B8000000 		.4byte	0xb8
 13456 1573 05       		.uleb128 0x5
 13457 1574 03       		.byte	0x3
 13458 1575 00000000 		.4byte	octaveAction
 13459 1579 21       		.uleb128 0x21
 13460 157a 240D0000 		.4byte	.LASF202
 13461 157e 01       		.byte	0x1
 13462 157f 35       		.byte	0x35
 13463 1580 B8000000 		.4byte	0xb8
 13464 1584 05       		.uleb128 0x5
 13465 1585 03       		.byte	0x3
 13466 1586 00000000 		.4byte	midiSendOn
 13467 158a 21       		.uleb128 0x21
 13468 158b 44040000 		.4byte	.LASF203
 13469 158f 01       		.byte	0x1
 13470 1590 36       		.byte	0x36
 13471 1591 B8000000 		.4byte	0xb8
ARM GAS  C:\Users\ggg88\AppData\Local\Temp\ccfc1YkT.s 			page 282


 13472 1595 05       		.uleb128 0x5
 13473 1596 03       		.byte	0x3
 13474 1597 00000000 		.4byte	midiBarSendOn
 13475 159b 21       		.uleb128 0x21
 13476 159c 1C050000 		.4byte	.LASF204
 13477 15a0 01       		.byte	0x1
 13478 15a1 37       		.byte	0x37
 13479 15a2 B8000000 		.4byte	0xb8
 13480 15a6 05       		.uleb128 0x5
 13481 15a7 03       		.byte	0x3
 13482 15a8 00000000 		.4byte	midiDebugSendOn
 13483 15ac 21       		.uleb128 0x21
 13484 15ad 2B060000 		.4byte	.LASF205
 13485 15b1 01       		.byte	0x1
 13486 15b2 54       		.byte	0x54
 13487 15b3 B8000000 		.4byte	0xb8
 13488 15b7 05       		.uleb128 0x5
 13489 15b8 03       		.byte	0x3
 13490 15b9 00000000 		.4byte	sendFirmwareUpdateRequest
 13491 15bd 0B       		.uleb128 0xb
 13492 15be B8000000 		.4byte	0xb8
 13493 15c2 CD150000 		.4byte	0x15cd
 13494 15c6 0C       		.uleb128 0xc
 13495 15c7 4C010000 		.4byte	0x14c
 13496 15cb 0F       		.byte	0xf
 13497 15cc 00       		.byte	0
 13498 15cd 21       		.uleb128 0x21
 13499 15ce 3A070000 		.4byte	.LASF206
 13500 15d2 01       		.byte	0x1
 13501 15d3 B4       		.byte	0xb4
 13502 15d4 BD150000 		.4byte	0x15bd
 13503 15d8 05       		.uleb128 0x5
 13504 15d9 03       		.byte	0x3
 13505 15da 00000000 		.4byte	knobFrozen
 13506 15de 0B       		.uleb128 0xb
 13507 15df C3000000 		.4byte	0xc3
 13508 15e3 EE150000 		.4byte	0x15ee
 13509 15e7 0C       		.uleb128 0xc
 13510 15e8 4C010000 		.4byte	0x14c
 13511 15ec 0F       		.byte	0xf
 13512 15ed 00       		.byte	0
 13513 15ee 21       		.uleb128 0x21
 13514 15ef AC040000 		.4byte	.LASF207
 13515 15f3 01       		.byte	0x1
 13516 15f4 B3       		.byte	0xb3
 13517 15f5 DE150000 		.4byte	0x15de
 13518 15f9 05       		.uleb128 0x5
 13519 15fa 03       		.byte	0x3
 13520 15fb 00000000 		.4byte	prevMacroKnobValues
 13521 15ff 21       		.uleb128 0x21
 13522 1600 84140000 		.4byte	.LASF208
 13523 1604 01       		.byte	0x1
 13524 1605 2D       		.byte	0x2d
 13525 1606 AD000000 		.4byte	0xad
 13526 160a 05       		.uleb128 0x5
 13527 160b 03       		.byte	0x3
 13528 160c 00000000 		.4byte	presetNumberToStore
ARM GAS  C:\Users\ggg88\AppData\Local\Temp\ccfc1YkT.s 			page 283


 13529 1610 21       		.uleb128 0x21
 13530 1611 98000000 		.4byte	.LASF209
 13531 1615 01       		.byte	0x1
 13532 1616 3F       		.byte	0x3f
 13533 1617 B8000000 		.4byte	0xb8
 13534 161b 05       		.uleb128 0x5
 13535 161c 03       		.byte	0x3
 13536 161d 00000000 		.4byte	sendLocalPresetStoreCommand
 13537 1621 0B       		.uleb128 0xb
 13538 1622 21010000 		.4byte	0x121
 13539 1626 31160000 		.4byte	0x1631
 13540 162a 0C       		.uleb128 0xc
 13541 162b 4C010000 		.4byte	0x14c
 13542 162f 0D       		.byte	0xd
 13543 1630 00       		.byte	0
 13544 1631 1E       		.uleb128 0x1e
 13545 1632 F6030000 		.4byte	.LASF210
 13546 1636 08       		.byte	0x8
 13547 1637 8C       		.byte	0x8c
 13548 1638 21160000 		.4byte	0x1621
 13549 163c 21       		.uleb128 0x21
 13550 163d 750B0000 		.4byte	.LASF211
 13551 1641 01       		.byte	0x1
 13552 1642 B6       		.byte	0xb6
 13553 1643 B8000000 		.4byte	0xb8
 13554 1647 05       		.uleb128 0x5
 13555 1648 03       		.byte	0x3
 13556 1649 00000000 		.4byte	knobPanelLightActive
 13557 164d 21       		.uleb128 0x21
 13558 164e AF140000 		.4byte	.LASF212
 13559 1652 01       		.byte	0x1
 13560 1653 76       		.byte	0x76
 13561 1654 C8120000 		.4byte	0x12c8
 13562 1658 05       		.uleb128 0x5
 13563 1659 03       		.byte	0x3
 13564 165a 00000000 		.4byte	neckPreset
 13565 165e 21       		.uleb128 0x21
 13566 165f 140D0000 		.4byte	.LASF213
 13567 1663 01       		.byte	0x1
 13568 1664 77       		.byte	0x77
 13569 1665 B8000000 		.4byte	0xb8
 13570 1669 05       		.uleb128 0x5
 13571 166a 03       		.byte	0x3
 13572 166b 00000000 		.4byte	neckPresetsByte
 13573 166f 21       		.uleb128 0x21
 13574 1670 B7100000 		.4byte	.LASF214
 13575 1674 01       		.byte	0x1
 13576 1675 B8       		.byte	0xb8
 13577 1676 B8000000 		.4byte	0xb8
 13578 167a 05       		.uleb128 0x5
 13579 167b 03       		.byte	0x3
 13580 167c 00000000 		.4byte	bendRange
 13581 1680 1E       		.uleb128 0x1e
 13582 1681 03150000 		.4byte	.LASF215
 13583 1685 0E       		.byte	0xe
 13584 1686 12       		.byte	0x12
 13585 1687 B8000000 		.4byte	0xb8
ARM GAS  C:\Users\ggg88\AppData\Local\Temp\ccfc1YkT.s 			page 284


 13586 168b 21       		.uleb128 0x21
 13587 168c 14030000 		.4byte	.LASF216
 13588 1690 01       		.byte	0x1
 13589 1691 0C       		.byte	0xc
 13590 1692 9C160000 		.4byte	0x169c
 13591 1696 05       		.uleb128 0x5
 13592 1697 03       		.byte	0x3
 13593 1698 00000000 		.4byte	versionNumber
 13594 169c 20       		.uleb128 0x20
 13595 169d 13010000 		.4byte	0x113
 13596 16a1 21       		.uleb128 0x21
 13597 16a2 7B110000 		.4byte	.LASF217
 13598 16a6 01       		.byte	0x1
 13599 16a7 0E       		.byte	0xe
 13600 16a8 18020000 		.4byte	0x218
 13601 16ac 05       		.uleb128 0x5
 13602 16ad 03       		.byte	0x3
 13603 16ae 00000000 		.4byte	prevLastBufferBegin
 13604 16b2 21       		.uleb128 0x21
 13605 16b3 AF090000 		.4byte	.LASF218
 13606 16b7 01       		.byte	0x1
 13607 16b8 0F       		.byte	0xf
 13608 16b9 18020000 		.4byte	0x218
 13609 16bd 05       		.uleb128 0x5
 13610 16be 03       		.byte	0x3
 13611 16bf 00000000 		.4byte	lastBufferBegin
 13612 16c3 21       		.uleb128 0x21
 13613 16c4 19020000 		.4byte	.LASF219
 13614 16c8 01       		.byte	0x1
 13615 16c9 10       		.byte	0x10
 13616 16ca E4000000 		.4byte	0xe4
 13617 16ce 05       		.uleb128 0x5
 13618 16cf 03       		.byte	0x3
 13619 16d0 00000000 		.4byte	masterTimer
 13620 16d4 21       		.uleb128 0x21
 13621 16d5 120A0000 		.4byte	.LASF220
 13622 16d9 01       		.byte	0x1
 13623 16da 11       		.byte	0x11
 13624 16db E4000000 		.4byte	0xe4
 13625 16df 05       		.uleb128 0x5
 13626 16e0 03       		.byte	0x3
 13627 16e1 00000000 		.4byte	lastParseCall
 13628 16e5 21       		.uleb128 0x21
 13629 16e6 CE0E0000 		.4byte	.LASF221
 13630 16ea 01       		.byte	0x1
 13631 16eb 12       		.byte	0x12
 13632 16ec E4000000 		.4byte	0xe4
 13633 16f0 05       		.uleb128 0x5
 13634 16f1 03       		.byte	0x3
 13635 16f2 00000000 		.4byte	prevLastParseCall
 13636 16f6 21       		.uleb128 0x21
 13637 16f7 C2010000 		.4byte	.LASF222
 13638 16fb 01       		.byte	0x1
 13639 16fc 13       		.byte	0x13
 13640 16fd E4000000 		.4byte	0xe4
 13641 1701 05       		.uleb128 0x5
 13642 1702 03       		.byte	0x3
ARM GAS  C:\Users\ggg88\AppData\Local\Temp\ccfc1YkT.s 			page 285


 13643 1703 00000000 		.4byte	lastBufferStuff
 13644 1707 21       		.uleb128 0x21
 13645 1708 9B080000 		.4byte	.LASF223
 13646 170c 01       		.byte	0x1
 13647 170d 14       		.byte	0x14
 13648 170e E4000000 		.4byte	0xe4
 13649 1712 05       		.uleb128 0x5
 13650 1713 03       		.byte	0x3
 13651 1714 00000000 		.4byte	lastEndReceive
 13652 1718 0B       		.uleb128 0xb
 13653 1719 B8000000 		.4byte	0xb8
 13654 171d 29170000 		.4byte	0x1729
 13655 1721 1F       		.uleb128 0x1f
 13656 1722 4C010000 		.4byte	0x14c
 13657 1726 FF07     		.2byte	0x7ff
 13658 1728 00       		.byte	0
 13659 1729 21       		.uleb128 0x21
 13660 172a 5A110000 		.4byte	.LASF224
 13661 172e 01       		.byte	0x1
 13662 172f 16       		.byte	0x16
 13663 1730 18170000 		.4byte	0x1718
 13664 1734 05       		.uleb128 0x5
 13665 1735 03       		.byte	0x3
 13666 1736 00000000 		.4byte	sysexBuffer
 13667 173a 21       		.uleb128 0x21
 13668 173b 090C0000 		.4byte	.LASF225
 13669 173f 01       		.byte	0x1
 13670 1740 17       		.byte	0x17
 13671 1741 E4000000 		.4byte	0xe4
 13672 1745 05       		.uleb128 0x5
 13673 1746 03       		.byte	0x3
 13674 1747 00000000 		.4byte	sysexWritePointer
 13675 174b 21       		.uleb128 0x21
 13676 174c 2B020000 		.4byte	.LASF226
 13677 1750 01       		.byte	0x1
 13678 1751 18       		.byte	0x18
 13679 1752 E4000000 		.4byte	0xe4
 13680 1756 05       		.uleb128 0x5
 13681 1757 03       		.byte	0x3
 13682 1758 00000000 		.4byte	sysexReadPointer
 13683 175c 21       		.uleb128 0x21
 13684 175d B70A0000 		.4byte	.LASF227
 13685 1761 01       		.byte	0x1
 13686 1762 19       		.byte	0x19
 13687 1763 B8000000 		.4byte	0xb8
 13688 1767 05       		.uleb128 0x5
 13689 1768 03       		.byte	0x3
 13690 1769 00000000 		.4byte	sysexReset
 13691 176d 0B       		.uleb128 0xb
 13692 176e E4000000 		.4byte	0xe4
 13693 1772 7D170000 		.4byte	0x177d
 13694 1776 0C       		.uleb128 0xc
 13695 1777 4C010000 		.4byte	0x14c
 13696 177b FF       		.byte	0xff
 13697 177c 00       		.byte	0
 13698 177d 21       		.uleb128 0x21
 13699 177e 15070000 		.4byte	.LASF228
ARM GAS  C:\Users\ggg88\AppData\Local\Temp\ccfc1YkT.s 			page 286


 13700 1782 01       		.byte	0x1
 13701 1783 1A       		.byte	0x1a
 13702 1784 6D170000 		.4byte	0x176d
 13703 1788 05       		.uleb128 0x5
 13704 1789 03       		.byte	0x3
 13705 178a 00000000 		.4byte	sysexMessageStartPoints
 13706 178e 21       		.uleb128 0x21
 13707 178f 66090000 		.4byte	.LASF229
 13708 1793 01       		.byte	0x1
 13709 1794 1B       		.byte	0x1b
 13710 1795 B8000000 		.4byte	0xb8
 13711 1799 05       		.uleb128 0x5
 13712 179a 03       		.byte	0x3
 13713 179b 00000000 		.4byte	sysexMessageStartPointsWritePosition
 13714 179f 21       		.uleb128 0x21
 13715 17a0 E9110000 		.4byte	.LASF230
 13716 17a4 01       		.byte	0x1
 13717 17a5 1C       		.byte	0x1c
 13718 17a6 B8000000 		.4byte	0xb8
 13719 17aa 05       		.uleb128 0x5
 13720 17ab 03       		.byte	0x3
 13721 17ac 00000000 		.4byte	sysexMessageStartPointsReadPosition
 13722 17b0 21       		.uleb128 0x21
 13723 17b1 ED0D0000 		.4byte	.LASF231
 13724 17b5 01       		.byte	0x1
 13725 17b6 1D       		.byte	0x1d
 13726 17b7 B8000000 		.4byte	0xb8
 13727 17bb 05       		.uleb128 0x5
 13728 17bc 03       		.byte	0x3
 13729 17bd 00000000 		.4byte	receivingSysex
 13730 17c1 21       		.uleb128 0x21
 13731 17c2 0F080000 		.4byte	.LASF232
 13732 17c6 01       		.byte	0x1
 13733 17c7 1E       		.byte	0x1e
 13734 17c8 B8000000 		.4byte	0xb8
 13735 17cc 05       		.uleb128 0x5
 13736 17cd 03       		.byte	0x3
 13737 17ce 00000000 		.4byte	parsingSysex
 13738 17d2 0B       		.uleb128 0xb
 13739 17d3 0E020000 		.4byte	0x20e
 13740 17d7 E3170000 		.4byte	0x17e3
 13741 17db 1F       		.uleb128 0x1f
 13742 17dc 4C010000 		.4byte	0x14c
 13743 17e0 FF07     		.2byte	0x7ff
 13744 17e2 00       		.byte	0
 13745 17e3 21       		.uleb128 0x21
 13746 17e4 27000000 		.4byte	.LASF233
 13747 17e8 01       		.byte	0x1
 13748 17e9 1F       		.byte	0x1f
 13749 17ea F4170000 		.4byte	0x17f4
 13750 17ee 05       		.uleb128 0x5
 13751 17ef 03       		.byte	0x3
 13752 17f0 00000000 		.4byte	presetArray
 13753 17f4 06       		.uleb128 0x6
 13754 17f5 D2170000 		.4byte	0x17d2
 13755 17f9 21       		.uleb128 0x21
 13756 17fa 70030000 		.4byte	.LASF234
ARM GAS  C:\Users\ggg88\AppData\Local\Temp\ccfc1YkT.s 			page 287


 13757 17fe 01       		.byte	0x1
 13758 17ff 20       		.byte	0x20
 13759 1800 B8000000 		.4byte	0xb8
 13760 1804 05       		.uleb128 0x5
 13761 1805 03       		.byte	0x3
 13762 1806 00000000 		.4byte	presetNumberToWrite
 13763 180a 21       		.uleb128 0x21
 13764 180b 88100000 		.4byte	.LASF235
 13765 180f 01       		.byte	0x1
 13766 1810 21       		.byte	0x21
 13767 1811 B8000000 		.4byte	0xb8
 13768 1815 05       		.uleb128 0x5
 13769 1816 03       		.byte	0x3
 13770 1817 00000000 		.4byte	copedentNumberToWrite
 13771 181b 21       		.uleb128 0x21
 13772 181c D4020000 		.4byte	.LASF236
 13773 1820 01       		.byte	0x1
 13774 1821 22       		.byte	0x22
 13775 1822 B8000000 		.4byte	0xb8
 13776 1826 05       		.uleb128 0x5
 13777 1827 03       		.byte	0x3
 13778 1828 00000000 		.4byte	sendMessageEnd
 13779 182c 21       		.uleb128 0x21
 13780 182d 37110000 		.4byte	.LASF237
 13781 1831 01       		.byte	0x1
 13782 1832 24       		.byte	0x24
 13783 1833 B8000000 		.4byte	0xb8
 13784 1837 05       		.uleb128 0x5
 13785 1838 03       		.byte	0x3
 13786 1839 00000000 		.4byte	sendSingleParamUpdate
 13787 183d 21       		.uleb128 0x21
 13788 183e 92050000 		.4byte	.LASF238
 13789 1842 01       		.byte	0x1
 13790 1843 25       		.byte	0x25
 13791 1844 B8000000 		.4byte	0xb8
 13792 1848 05       		.uleb128 0x5
 13793 1849 03       		.byte	0x3
 13794 184a 00000000 		.4byte	singleParamToUpdateHigh
 13795 184e 21       		.uleb128 0x21
 13796 184f 510D0000 		.4byte	.LASF239
 13797 1853 01       		.byte	0x1
 13798 1854 26       		.byte	0x26
 13799 1855 B8000000 		.4byte	0xb8
 13800 1859 05       		.uleb128 0x5
 13801 185a 03       		.byte	0x3
 13802 185b 00000000 		.4byte	singleParamToUpdateLow
 13803 185f 21       		.uleb128 0x21
 13804 1860 2F0D0000 		.4byte	.LASF240
 13805 1864 01       		.byte	0x1
 13806 1865 27       		.byte	0x27
 13807 1866 B8000000 		.4byte	0xb8
 13808 186a 05       		.uleb128 0x5
 13809 186b 03       		.byte	0x3
 13810 186c 00000000 		.4byte	singleParamValueHigh
 13811 1870 21       		.uleb128 0x21
 13812 1871 61070000 		.4byte	.LASF241
 13813 1875 01       		.byte	0x1
ARM GAS  C:\Users\ggg88\AppData\Local\Temp\ccfc1YkT.s 			page 288


 13814 1876 28       		.byte	0x28
 13815 1877 B8000000 		.4byte	0xb8
 13816 187b 05       		.uleb128 0x5
 13817 187c 03       		.byte	0x3
 13818 187d 00000000 		.4byte	singleParamValueLow
 13819 1881 21       		.uleb128 0x21
 13820 1882 53100000 		.4byte	.LASF242
 13821 1886 01       		.byte	0x1
 13822 1887 2A       		.byte	0x2a
 13823 1888 B8000000 		.4byte	0xb8
 13824 188c 05       		.uleb128 0x5
 13825 188d 03       		.byte	0x3
 13826 188e 00000000 		.4byte	sendMappingChangeUpdate
 13827 1892 21       		.uleb128 0x21
 13828 1893 98140000 		.4byte	.LASF243
 13829 1897 01       		.byte	0x1
 13830 1898 38       		.byte	0x38
 13831 1899 B8000000 		.4byte	0xb8
 13832 189d 05       		.uleb128 0x5
 13833 189e 03       		.byte	0x3
 13834 189f 00000000 		.4byte	pitchSmoothing
 13835 18a3 21       		.uleb128 0x21
 13836 18a4 15100000 		.4byte	.LASF244
 13837 18a8 01       		.byte	0x1
 13838 18a9 39       		.byte	0x39
 13839 18aa B8000000 		.4byte	0xb8
 13840 18ae 05       		.uleb128 0x5
 13841 18af 03       		.byte	0x3
 13842 18b0 00000000 		.4byte	controlSmoothing
 13843 18b4 21       		.uleb128 0x21
 13844 18b5 0D000000 		.4byte	.LASF245
 13845 18b9 01       		.byte	0x1
 13846 18ba 3D       		.byte	0x3d
 13847 18bb B8000000 		.4byte	0xb8
 13848 18bf 05       		.uleb128 0x5
 13849 18c0 03       		.byte	0x3
 13850 18c1 00000000 		.4byte	presetArraySection
 13851 18c5 21       		.uleb128 0x21
 13852 18c6 E80B0000 		.4byte	.LASF246
 13853 18ca 01       		.byte	0x1
 13854 18cb 41       		.byte	0x41
 13855 18cc CE000000 		.4byte	0xce
 13856 18d0 05       		.uleb128 0x5
 13857 18d1 03       		.byte	0x3
 13858 18d2 00000000 		.4byte	messageArraySendCount
 13859 18d6 21       		.uleb128 0x21
 13860 18d7 65120000 		.4byte	.LASF247
 13861 18db 01       		.byte	0x1
 13862 18dc 42       		.byte	0x42
 13863 18dd CE000000 		.4byte	0xce
 13864 18e1 05       		.uleb128 0x5
 13865 18e2 03       		.byte	0x3
 13866 18e3 00000000 		.4byte	messageArraySize
 13867 18e7 21       		.uleb128 0x21
 13868 18e8 AA080000 		.4byte	.LASF248
 13869 18ec 01       		.byte	0x1
 13870 18ed 44       		.byte	0x44
ARM GAS  C:\Users\ggg88\AppData\Local\Temp\ccfc1YkT.s 			page 289


 13871 18ee B8000000 		.4byte	0xb8
 13872 18f2 05       		.uleb128 0x5
 13873 18f3 03       		.byte	0x3
 13874 18f4 00000000 		.4byte	sysexMessageInProgress
 13875 18f8 21       		.uleb128 0x21
 13876 18f9 EB090000 		.4byte	.LASF249
 13877 18fd 01       		.byte	0x1
 13878 18fe 45       		.byte	0x45
 13879 18ff B8000000 		.4byte	0xb8
 13880 1903 05       		.uleb128 0x5
 13881 1904 03       		.byte	0x3
 13882 1905 00000000 		.4byte	pedalHiRes
 13883 1909 21       		.uleb128 0x21
 13884 190a 66110000 		.4byte	.LASF250
 13885 190e 01       		.byte	0x1
 13886 190f 47       		.byte	0x47
 13887 1910 B8000000 		.4byte	0xb8
 13888 1914 05       		.uleb128 0x5
 13889 1915 03       		.byte	0x3
 13890 1916 00000000 		.4byte	bufCount
 13891 191a 21       		.uleb128 0x21
 13892 191b 47000000 		.4byte	.LASF251
 13893 191f 01       		.byte	0x1
 13894 1920 48       		.byte	0x48
 13895 1921 0E020000 		.4byte	0x20e
 13896 1925 05       		.uleb128 0x5
 13897 1926 03       		.byte	0x3
 13898 1927 00000000 		.4byte	sendingMessage
 13899 192b 21       		.uleb128 0x21
 13900 192c 22040000 		.4byte	.LASF252
 13901 1930 01       		.byte	0x1
 13902 1931 49       		.byte	0x49
 13903 1932 0E020000 		.4byte	0x20e
 13904 1936 05       		.uleb128 0x5
 13905 1937 03       		.byte	0x3
 13906 1938 00000000 		.4byte	sendKnobs
 13907 193c 21       		.uleb128 0x21
 13908 193d 80010000 		.4byte	.LASF253
 13909 1941 01       		.byte	0x1
 13910 1942 4A       		.byte	0x4a
 13911 1943 E4000000 		.4byte	0xe4
 13912 1947 05       		.uleb128 0x5
 13913 1948 03       		.byte	0x3
 13914 1949 00000000 		.4byte	currentFloat
 13915 194d 21       		.uleb128 0x21
 13916 194e EA040000 		.4byte	.LASF254
 13917 1952 01       		.byte	0x1
 13918 1953 4B       		.byte	0x4b
 13919 1954 E4000000 		.4byte	0xe4
 13920 1958 05       		.uleb128 0x5
 13921 1959 03       		.byte	0x3
 13922 195a 00000000 		.4byte	mapCount
 13923 195e 21       		.uleb128 0x21
 13924 195f 0F020000 		.4byte	.LASF255
 13925 1963 01       		.byte	0x1
 13926 1964 4D       		.byte	0x4d
 13927 1965 CE000000 		.4byte	0xce
ARM GAS  C:\Users\ggg88\AppData\Local\Temp\ccfc1YkT.s 			page 290


 13928 1969 05       		.uleb128 0x5
 13929 196a 03       		.byte	0x3
 13930 196b 00000000 		.4byte	valsCount
 13931 196f 21       		.uleb128 0x21
 13932 1970 AD020000 		.4byte	.LASF256
 13933 1974 01       		.byte	0x1
 13934 1975 4E       		.byte	0x4e
 13935 1976 CE000000 		.4byte	0xce
 13936 197a 05       		.uleb128 0x5
 13937 197b 03       		.byte	0x3
 13938 197c 00000000 		.4byte	mapCountExpectation
 13939 1980 21       		.uleb128 0x21
 13940 1981 42010000 		.4byte	.LASF257
 13941 1985 01       		.byte	0x1
 13942 1986 4F       		.byte	0x4f
 13943 1987 CE000000 		.4byte	0xce
 13944 198b 05       		.uleb128 0x5
 13945 198c 03       		.byte	0x3
 13946 198d 00000000 		.4byte	numMappings
 13947 1991 21       		.uleb128 0x21
 13948 1992 EF100000 		.4byte	.LASF258
 13949 1996 01       		.byte	0x1
 13950 1997 50       		.byte	0x50
 13951 1998 0E020000 		.4byte	0x20e
 13952 199c 05       		.uleb128 0x5
 13953 199d 03       		.byte	0x3
 13954 199e 00000000 		.4byte	parseThatMF
 13955 19a2 21       		.uleb128 0x21
 13956 19a3 2C050000 		.4byte	.LASF259
 13957 19a7 01       		.byte	0x1
 13958 19a8 51       		.byte	0x51
 13959 19a9 B3190000 		.4byte	0x19b3
 13960 19ad 05       		.uleb128 0x5
 13961 19ae 03       		.byte	0x3
 13962 19af 00000000 		.4byte	valCheck
 13963 19b3 06       		.uleb128 0x6
 13964 19b4 13010000 		.4byte	0x113
 13965 19b8 21       		.uleb128 0x21
 13966 19b9 FC0F0000 		.4byte	.LASF260
 13967 19bd 01       		.byte	0x1
 13968 19be 52       		.byte	0x52
 13969 19bf B3190000 		.4byte	0x19b3
 13970 19c3 05       		.uleb128 0x5
 13971 19c4 03       		.byte	0x3
 13972 19c5 00000000 		.4byte	testVal
 13973 19c9 21       		.uleb128 0x21
 13974 19ca 490A0000 		.4byte	.LASF261
 13975 19ce 01       		.byte	0x1
 13976 19cf 56       		.byte	0x56
 13977 19d0 B8000000 		.4byte	0xb8
 13978 19d4 05       		.uleb128 0x5
 13979 19d5 03       		.byte	0x3
 13980 19d6 00000000 		.4byte	numStrings
 13981 19da 21       		.uleb128 0x21
 13982 19db C9100000 		.4byte	.LASF262
 13983 19df 01       		.byte	0x1
 13984 19e0 5C       		.byte	0x5c
ARM GAS  C:\Users\ggg88\AppData\Local\Temp\ccfc1YkT.s 			page 291


 13985 19e1 0E020000 		.4byte	0x20e
 13986 19e5 05       		.uleb128 0x5
 13987 19e6 03       		.byte	0x3
 13988 19e7 00000000 		.4byte	usbActivityCounter
 13989 19eb 21       		.uleb128 0x21
 13990 19ec 8C0F0000 		.4byte	.LASF154
 13991 19f0 01       		.byte	0x1
 13992 19f1 5D       		.byte	0x5d
 13993 19f2 C1020000 		.4byte	0x2c1
 13994 19f6 05       		.uleb128 0x5
 13995 19f7 03       		.byte	0x3
 13996 19f8 00000000 		.4byte	midiMsg
 13997 19fc 21       		.uleb128 0x21
 13998 19fd 58040000 		.4byte	.LASF263
 13999 1a01 01       		.byte	0x1
 14000 1a02 5E       		.byte	0x5e
 14001 1a03 B8000000 		.4byte	0xb8
 14002 1a07 05       		.uleb128 0x5
 14003 1a08 03       		.byte	0x3
 14004 1a09 00000000 		.4byte	currentVBUS
 14005 1a0d 21       		.uleb128 0x21
 14006 1a0e 4D140000 		.4byte	.LASF264
 14007 1a12 01       		.byte	0x1
 14008 1a13 5F       		.byte	0x5f
 14009 1a14 B8000000 		.4byte	0xb8
 14010 1a18 05       		.uleb128 0x5
 14011 1a19 03       		.byte	0x3
 14012 1a1a 00000000 		.4byte	prevVBUS
 14013 1a1e 21       		.uleb128 0x21
 14014 1a1f 11110000 		.4byte	.LASF265
 14015 1a23 01       		.byte	0x1
 14016 1a24 60       		.byte	0x60
 14017 1a25 0E020000 		.4byte	0x20e
 14018 1a29 05       		.uleb128 0x5
 14019 1a2a 03       		.byte	0x3
 14020 1a2b 00000000 		.4byte	USB_active
 14021 1a2f 21       		.uleb128 0x21
 14022 1a30 D90B0000 		.4byte	.LASF266
 14023 1a34 01       		.byte	0x1
 14024 1a35 61       		.byte	0x61
 14025 1a36 0E020000 		.4byte	0x20e
 14026 1a3a 05       		.uleb128 0x5
 14027 1a3b 03       		.byte	0x3
 14028 1a3c 00000000 		.4byte	USB_check_flag
 14029 1a40 0B       		.uleb128 0xb
 14030 1a41 B8000000 		.4byte	0xb8
 14031 1a45 501A0000 		.4byte	0x1a50
 14032 1a49 0C       		.uleb128 0xc
 14033 1a4a 4C010000 		.4byte	0x14c
 14034 1a4e 05       		.byte	0x5
 14035 1a4f 00       		.byte	0
 14036 1a50 21       		.uleb128 0x21
 14037 1a51 CC130000 		.4byte	.LASF267
 14038 1a55 01       		.byte	0x1
 14039 1a56 63       		.byte	0x63
 14040 1a57 401A0000 		.4byte	0x1a40
 14041 1a5b 05       		.uleb128 0x5
ARM GAS  C:\Users\ggg88\AppData\Local\Temp\ccfc1YkT.s 			page 292


 14042 1a5c 03       		.byte	0x3
 14043 1a5d 00000000 		.4byte	mappingArray
 14044 1a61 0B       		.uleb128 0xb
 14045 1a62 B8000000 		.4byte	0xb8
 14046 1a66 711A0000 		.4byte	0x1a71
 14047 1a6a 0C       		.uleb128 0xc
 14048 1a6b 4C010000 		.4byte	0x14c
 14049 1a6f 1F       		.byte	0x1f
 14050 1a70 00       		.byte	0
 14051 1a71 21       		.uleb128 0x21
 14052 1a72 3D130000 		.4byte	.LASF268
 14053 1a76 01       		.byte	0x1
 14054 1a77 65       		.byte	0x65
 14055 1a78 611A0000 		.4byte	0x1a61
 14056 1a7c 05       		.uleb128 0x5
 14057 1a7d 03       		.byte	0x3
 14058 1a7e 00000000 		.4byte	inBuffer
 14059 1a82 21       		.uleb128 0x21
 14060 1a83 5E150000 		.4byte	.LASF269
 14061 1a87 01       		.byte	0x1
 14062 1a88 67       		.byte	0x67
 14063 1a89 611A0000 		.4byte	0x1a61
 14064 1a8d 05       		.uleb128 0x5
 14065 1a8e 03       		.byte	0x3
 14066 1a8f 00000000 		.4byte	myArray
 14067 1a93 21       		.uleb128 0x21
 14068 1a94 1C080000 		.4byte	.LASF270
 14069 1a98 01       		.byte	0x1
 14070 1a99 68       		.byte	0x68
 14071 1a9a 611A0000 		.4byte	0x1a61
 14072 1a9e 05       		.uleb128 0x5
 14073 1a9f 03       		.byte	0x3
 14074 1aa0 00000000 		.4byte	returnedData
 14075 1aa4 21       		.uleb128 0x21
 14076 1aa5 0B0F0000 		.4byte	.LASF271
 14077 1aa9 01       		.byte	0x1
 14078 1aaa 6B       		.byte	0x6b
 14079 1aab 55140000 		.4byte	0x1455
 14080 1aaf 05       		.uleb128 0x5
 14081 1ab0 03       		.byte	0x3
 14082 1ab1 00000000 		.4byte	prevAngle
 14083 1ab5 0B       		.uleb128 0xb
 14084 1ab6 CE000000 		.4byte	0xce
 14085 1aba C51A0000 		.4byte	0x1ac5
 14086 1abe 0C       		.uleb128 0xc
 14087 1abf 4C010000 		.4byte	0x14c
 14088 1ac3 03       		.byte	0x3
 14089 1ac4 00       		.byte	0
 14090 1ac5 21       		.uleb128 0x21
 14091 1ac6 690F0000 		.4byte	.LASF272
 14092 1aca 01       		.byte	0x1
 14093 1acb 6D       		.byte	0x6d
 14094 1acc B51A0000 		.4byte	0x1ab5
 14095 1ad0 05       		.uleb128 0x5
 14096 1ad1 03       		.byte	0x3
 14097 1ad2 00000000 		.4byte	ADC_values
 14098 1ad6 21       		.uleb128 0x21
ARM GAS  C:\Users\ggg88\AppData\Local\Temp\ccfc1YkT.s 			page 293


 14099 1ad7 0E060000 		.4byte	.LASF273
 14100 1adb 01       		.byte	0x1
 14101 1adc 6E       		.byte	0x6e
 14102 1add CE000000 		.4byte	0xce
 14103 1ae1 05       		.uleb128 0x5
 14104 1ae2 03       		.byte	0x3
 14105 1ae3 00000000 		.4byte	rawAngle
 14106 1ae7 21       		.uleb128 0x21
 14107 1ae8 830F0000 		.4byte	.LASF274
 14108 1aec 01       		.byte	0x1
 14109 1aed 6F       		.byte	0x6f
 14110 1aee CE000000 		.4byte	0xce
 14111 1af2 05       		.uleb128 0x5
 14112 1af3 03       		.byte	0x3
 14113 1af4 00000000 		.4byte	midiSent
 14114 1af8 21       		.uleb128 0x21
 14115 1af9 D6090000 		.4byte	.LASF275
 14116 1afd 01       		.byte	0x1
 14117 1afe 70       		.byte	0x70
 14118 1aff CE000000 		.4byte	0xce
 14119 1b03 05       		.uleb128 0x5
 14120 1b04 03       		.byte	0x3
 14121 1b05 00000000 		.4byte	midiOverflow
 14122 1b09 21       		.uleb128 0x21
 14123 1b0a 79130000 		.4byte	.LASF276
 14124 1b0e 01       		.byte	0x1
 14125 1b0f 72       		.byte	0x72
 14126 1b10 BD150000 		.4byte	0x15bd
 14127 1b14 05       		.uleb128 0x5
 14128 1b15 03       		.byte	0x3
 14129 1b16 00000000 		.4byte	macroKnobValues
 14130 1b1a 21       		.uleb128 0x21
 14131 1b1b 45050000 		.4byte	.LASF277
 14132 1b1f 01       		.byte	0x1
 14133 1b20 79       		.byte	0x79
 14134 1b21 EF000000 		.4byte	0xef
 14135 1b25 05       		.uleb128 0x5
 14136 1b26 03       		.byte	0x3
 14137 1b27 00000000 		.4byte	rx1Channel
 14138 1b2b 21       		.uleb128 0x21
 14139 1b2c E5130000 		.4byte	.LASF278
 14140 1b30 01       		.byte	0x1
 14141 1b31 79       		.byte	0x79
 14142 1b32 EF000000 		.4byte	0xef
 14143 1b36 05       		.uleb128 0x5
 14144 1b37 03       		.byte	0x3
 14145 1b38 00000000 		.4byte	rx2Channel
 14146 1b3c 21       		.uleb128 0x21
 14147 1b3d B70C0000 		.4byte	.LASF279
 14148 1b41 01       		.byte	0x1
 14149 1b42 7A       		.byte	0x7a
 14150 1b43 49110000 		.4byte	0x1149
 14151 1b47 05       		.uleb128 0x5
 14152 1b48 03       		.byte	0x3
 14153 1b49 00000000 		.4byte	rx1TD
 14154 1b4d 21       		.uleb128 0x21
 14155 1b4e 0F100000 		.4byte	.LASF280
ARM GAS  C:\Users\ggg88\AppData\Local\Temp\ccfc1YkT.s 			page 294


 14156 1b52 01       		.byte	0x1
 14157 1b53 7A       		.byte	0x7a
 14158 1b54 49110000 		.4byte	0x1149
 14159 1b58 05       		.uleb128 0x5
 14160 1b59 03       		.byte	0x3
 14161 1b5a 00000000 		.4byte	rx2TD
 14162 1b5e 21       		.uleb128 0x21
 14163 1b5f E00E0000 		.4byte	.LASF281
 14164 1b63 01       		.byte	0x1
 14165 1b64 7C       		.byte	0x7c
 14166 1b65 40010000 		.4byte	0x140
 14167 1b69 05       		.uleb128 0x5
 14168 1b6a 03       		.byte	0x3
 14169 1b6b 00000000 		.4byte	txChannel
 14170 1b6f 21       		.uleb128 0x21
 14171 1b70 C5140000 		.4byte	.LASF282
 14172 1b74 01       		.byte	0x1
 14173 1b75 7D       		.byte	0x7d
 14174 1b76 40010000 		.4byte	0x140
 14175 1b7a 05       		.uleb128 0x5
 14176 1b7b 03       		.byte	0x3
 14177 1b7c 00000000 		.4byte	txTD
 14178 1b80 21       		.uleb128 0x21
 14179 1b81 E40C0000 		.4byte	.LASF283
 14180 1b85 01       		.byte	0x1
 14181 1b86 7F       		.byte	0x7f
 14182 1b87 40010000 		.4byte	0x140
 14183 1b8b 05       		.uleb128 0x5
 14184 1b8c 03       		.byte	0x3
 14185 1b8d 00000000 		.4byte	rx3Channel
 14186 1b91 21       		.uleb128 0x21
 14187 1b92 56140000 		.4byte	.LASF284
 14188 1b96 01       		.byte	0x1
 14189 1b97 80       		.byte	0x80
 14190 1b98 40010000 		.4byte	0x140
 14191 1b9c 05       		.uleb128 0x5
 14192 1b9d 03       		.byte	0x3
 14193 1b9e 00000000 		.4byte	rx3TD
 14194 1ba2 0B       		.uleb128 0xb
 14195 1ba3 40010000 		.4byte	0x140
 14196 1ba7 B81B0000 		.4byte	0x1bb8
 14197 1bab 0C       		.uleb128 0xc
 14198 1bac 4C010000 		.4byte	0x14c
 14199 1bb0 01       		.byte	0x1
 14200 1bb1 0C       		.uleb128 0xc
 14201 1bb2 4C010000 		.4byte	0x14c
 14202 1bb6 1F       		.byte	0x1f
 14203 1bb7 00       		.byte	0
 14204 1bb8 21       		.uleb128 0x21
 14205 1bb9 57080000 		.4byte	.LASF285
 14206 1bbd 01       		.byte	0x1
 14207 1bbe 83       		.byte	0x83
 14208 1bbf C91B0000 		.4byte	0x1bc9
 14209 1bc3 05       		.uleb128 0x5
 14210 1bc4 03       		.byte	0x3
 14211 1bc5 00000000 		.4byte	rxBufferPluck
 14212 1bc9 06       		.uleb128 0x6
ARM GAS  C:\Users\ggg88\AppData\Local\Temp\ccfc1YkT.s 			page 295


 14213 1bca A21B0000 		.4byte	0x1ba2
 14214 1bce 0B       		.uleb128 0xb
 14215 1bcf 40010000 		.4byte	0x140
 14216 1bd3 E41B0000 		.4byte	0x1be4
 14217 1bd7 0C       		.uleb128 0xc
 14218 1bd8 4C010000 		.4byte	0x14c
 14219 1bdc 01       		.byte	0x1
 14220 1bdd 0C       		.uleb128 0xc
 14221 1bde 4C010000 		.4byte	0x14c
 14222 1be2 07       		.byte	0x7
 14223 1be3 00       		.byte	0
 14224 1be4 21       		.uleb128 0x21
 14225 1be5 C20E0000 		.4byte	.LASF286
 14226 1be9 01       		.byte	0x1
 14227 1bea 84       		.byte	0x84
 14228 1beb F51B0000 		.4byte	0x1bf5
 14229 1bef 05       		.uleb128 0x5
 14230 1bf0 03       		.byte	0x3
 14231 1bf1 00000000 		.4byte	rxBufferBar
 14232 1bf5 06       		.uleb128 0x6
 14233 1bf6 CE1B0000 		.4byte	0x1bce
 14234 1bfa 0B       		.uleb128 0xb
 14235 1bfb 13020000 		.4byte	0x213
 14236 1bff 0A1C0000 		.4byte	0x1c0a
 14237 1c03 0C       		.uleb128 0xc
 14238 1c04 4C010000 		.4byte	0x14c
 14239 1c08 0B       		.byte	0xb
 14240 1c09 00       		.byte	0
 14241 1c0a 21       		.uleb128 0x21
 14242 1c0b 22030000 		.4byte	.LASF287
 14243 1c0f 01       		.byte	0x1
 14244 1c10 86       		.byte	0x86
 14245 1c11 1B1C0000 		.4byte	0x1c1b
 14246 1c15 05       		.uleb128 0x5
 14247 1c16 03       		.byte	0x3
 14248 1c17 00000000 		.4byte	strings
 14249 1c1b 06       		.uleb128 0x6
 14250 1c1c FA1B0000 		.4byte	0x1bfa
 14251 1c20 21       		.uleb128 0x21
 14252 1c21 E4050000 		.4byte	.LASF288
 14253 1c25 01       		.byte	0x1
 14254 1c26 87       		.byte	0x87
 14255 1c27 311C0000 		.4byte	0x1c31
 14256 1c2b 05       		.uleb128 0x5
 14257 1c2c 03       		.byte	0x3
 14258 1c2d 00000000 		.4byte	prevStrings
 14259 1c31 06       		.uleb128 0x6
 14260 1c32 FA1B0000 		.4byte	0x1bfa
 14261 1c36 21       		.uleb128 0x21
 14262 1c37 D4140000 		.4byte	.LASF289
 14263 1c3b 01       		.byte	0x1
 14264 1c3c 89       		.byte	0x89
 14265 1c3d 471C0000 		.4byte	0x1c47
 14266 1c41 05       		.uleb128 0x5
 14267 1c42 03       		.byte	0x3
 14268 1c43 00000000 		.4byte	prevBar
 14269 1c47 06       		.uleb128 0x6
ARM GAS  C:\Users\ggg88\AppData\Local\Temp\ccfc1YkT.s 			page 296


 14270 1c48 BA140000 		.4byte	0x14ba
 14271 1c4c 21       		.uleb128 0x21
 14272 1c4d 55130000 		.4byte	.LASF290
 14273 1c51 01       		.byte	0x1
 14274 1c52 8A       		.byte	0x8a
 14275 1c53 5D1C0000 		.4byte	0x1c5d
 14276 1c57 05       		.uleb128 0x5
 14277 1c58 03       		.byte	0x3
 14278 1c59 00000000 		.4byte	maxStrings
 14279 1c5d 06       		.uleb128 0x6
 14280 1c5e FA1B0000 		.4byte	0x1bfa
 14281 1c62 21       		.uleb128 0x21
 14282 1c63 6B100000 		.4byte	.LASF291
 14283 1c67 01       		.byte	0x1
 14284 1c68 8B       		.byte	0x8b
 14285 1c69 0E020000 		.4byte	0x20e
 14286 1c6d 05       		.uleb128 0x5
 14287 1c6e 03       		.byte	0x3
 14288 1c6f 00000000 		.4byte	amHere
 14289 1c73 21       		.uleb128 0x21
 14290 1c74 8B070000 		.4byte	.LASF292
 14291 1c78 01       		.byte	0x1
 14292 1c79 8C       		.byte	0x8c
 14293 1c7a 0E020000 		.4byte	0x20e
 14294 1c7e 05       		.uleb128 0x5
 14295 1c7f 03       		.byte	0x3
 14296 1c80 00000000 		.4byte	spiCounter
 14297 1c84 21       		.uleb128 0x21
 14298 1c85 5E050000 		.4byte	.LASF293
 14299 1c89 01       		.byte	0x1
 14300 1c8a 8D       		.byte	0x8d
 14301 1c8b 0E020000 		.4byte	0x20e
 14302 1c8f 05       		.uleb128 0x5
 14303 1c90 03       		.byte	0x3
 14304 1c91 00000000 		.4byte	newDataFlag
 14305 1c95 21       		.uleb128 0x21
 14306 1c96 150F0000 		.4byte	.LASF294
 14307 1c9a 01       		.byte	0x1
 14308 1c9b 8F       		.byte	0x8f
 14309 1c9c B8000000 		.4byte	0xb8
 14310 1ca0 05       		.uleb128 0x5
 14311 1ca1 03       		.byte	0x3
 14312 1ca2 00000000 		.4byte	pluck_index
 14313 1ca6 21       		.uleb128 0x21
 14314 1ca7 FC120000 		.4byte	.LASF295
 14315 1cab 01       		.byte	0x1
 14316 1cac 90       		.byte	0x90
 14317 1cad 0E020000 		.4byte	0x20e
 14318 1cb1 05       		.uleb128 0x5
 14319 1cb2 03       		.byte	0x3
 14320 1cb3 00000000 		.4byte	amHere2
 14321 1cb7 21       		.uleb128 0x21
 14322 1cb8 AB100000 		.4byte	.LASF296
 14323 1cbc 01       		.byte	0x1
 14324 1cbd 91       		.byte	0x91
 14325 1cbe 0E020000 		.4byte	0x20e
 14326 1cc2 05       		.uleb128 0x5
ARM GAS  C:\Users\ggg88\AppData\Local\Temp\ccfc1YkT.s 			page 297


 14327 1cc3 03       		.byte	0x3
 14328 1cc4 00000000 		.4byte	spiCounter2
 14329 1cc8 21       		.uleb128 0x21
 14330 1cc9 7B000000 		.4byte	.LASF297
 14331 1ccd 01       		.byte	0x1
 14332 1cce 92       		.byte	0x92
 14333 1ccf 0E020000 		.4byte	0x20e
 14334 1cd3 05       		.uleb128 0x5
 14335 1cd4 03       		.byte	0x3
 14336 1cd5 00000000 		.4byte	newDataFlag2
 14337 1cd9 21       		.uleb128 0x21
 14338 1cda 9E0D0000 		.4byte	.LASF298
 14339 1cde 01       		.byte	0x1
 14340 1cdf 93       		.byte	0x93
 14341 1ce0 0E020000 		.4byte	0x20e
 14342 1ce4 05       		.uleb128 0x5
 14343 1ce5 03       		.byte	0x3
 14344 1ce6 00000000 		.4byte	currentPluckBuffer
 14345 1cea 21       		.uleb128 0x21
 14346 1ceb 580F0000 		.4byte	.LASF299
 14347 1cef 01       		.byte	0x1
 14348 1cf0 94       		.byte	0x94
 14349 1cf1 0E020000 		.4byte	0x20e
 14350 1cf5 05       		.uleb128 0x5
 14351 1cf6 03       		.byte	0x3
 14352 1cf7 00000000 		.4byte	currentBarBuffer
 14353 1cfb 21       		.uleb128 0x21
 14354 1cfc F0130000 		.4byte	.LASF300
 14355 1d00 01       		.byte	0x1
 14356 1d01 95       		.byte	0x95
 14357 1d02 0E020000 		.4byte	0x20e
 14358 1d06 05       		.uleb128 0x5
 14359 1d07 03       		.byte	0x3
 14360 1d08 00000000 		.4byte	pluckErrorCount
 14361 1d0c 21       		.uleb128 0x21
 14362 1d0d 740F0000 		.4byte	.LASF301
 14363 1d11 01       		.byte	0x1
 14364 1d12 96       		.byte	0x96
 14365 1d13 13020000 		.4byte	0x213
 14366 1d17 05       		.uleb128 0x5
 14367 1d18 03       		.byte	0x3
 14368 1d19 00000000 		.4byte	SPI1ErrorCount
 14369 1d1d 21       		.uleb128 0x21
 14370 1d1e FB080000 		.4byte	.LASF302
 14371 1d22 01       		.byte	0x1
 14372 1d23 98       		.byte	0x98
 14373 1d24 0E020000 		.4byte	0x20e
 14374 1d28 05       		.uleb128 0x5
 14375 1d29 03       		.byte	0x3
 14376 1d2a 00000000 		.4byte	inputData
 14377 1d2e 21       		.uleb128 0x21
 14378 1d2f D9130000 		.4byte	.LASF303
 14379 1d33 01       		.byte	0x1
 14380 1d34 A1       		.byte	0xa1
 14381 1d35 B8000000 		.4byte	0xb8
 14382 1d39 05       		.uleb128 0x5
 14383 1d3a 03       		.byte	0x3
ARM GAS  C:\Users\ggg88\AppData\Local\Temp\ccfc1YkT.s 			page 298


 14384 1d3b 00000000 		.4byte	spiAdjusted
 14385 1d3f 21       		.uleb128 0x21
 14386 1d40 8E080000 		.4byte	.LASF304
 14387 1d44 01       		.byte	0x1
 14388 1d45 A2       		.byte	0xa2
 14389 1d46 B8000000 		.4byte	0xb8
 14390 1d4a 05       		.uleb128 0x5
 14391 1d4b 03       		.byte	0x3
 14392 1d4c 00000000 		.4byte	mySpiCounter
 14393 1d50 21       		.uleb128 0x21
 14394 1d51 920E0000 		.4byte	.LASF305
 14395 1d55 01       		.byte	0x1
 14396 1d56 A3       		.byte	0xa3
 14397 1d57 13020000 		.4byte	0x213
 14398 1d5b 05       		.uleb128 0x5
 14399 1d5c 03       		.byte	0x3
 14400 1d5d 00000000 		.4byte	offsetErrorCount
 14401 1d61 21       		.uleb128 0x21
 14402 1d62 11010000 		.4byte	.LASF306
 14403 1d66 01       		.byte	0x1
 14404 1d67 A4       		.byte	0xa4
 14405 1d68 0E020000 		.4byte	0x20e
 14406 1d6c 05       		.uleb128 0x5
 14407 1d6d 03       		.byte	0x3
 14408 1d6e 00000000 		.4byte	SPI2errorflag
 14409 1d72 21       		.uleb128 0x21
 14410 1d73 52040000 		.4byte	.LASF307
 14411 1d77 01       		.byte	0x1
 14412 1d78 A5       		.byte	0xa5
 14413 1d79 C1020000 		.4byte	0x2c1
 14414 1d7d 05       		.uleb128 0x5
 14415 1d7e 03       		.byte	0x3
 14416 1d7f 00000000 		.4byte	knobs
 14417 1d83 21       		.uleb128 0x21
 14418 1d84 84080000 		.4byte	.LASF308
 14419 1d88 01       		.byte	0x1
 14420 1d89 A6       		.byte	0xa6
 14421 1d8a C1020000 		.4byte	0x2c1
 14422 1d8e 05       		.uleb128 0x5
 14423 1d8f 03       		.byte	0x3
 14424 1d90 00000000 		.4byte	prevKnobs
 14425 1d94 21       		.uleb128 0x21
 14426 1d95 670E0000 		.4byte	.LASF309
 14427 1d99 01       		.byte	0x1
 14428 1d9a A8       		.byte	0xa8
 14429 1d9b C1020000 		.4byte	0x2c1
 14430 1d9f 05       		.uleb128 0x5
 14431 1da0 03       		.byte	0x3
 14432 1da1 00000000 		.4byte	knobs7bit
 14433 1da5 21       		.uleb128 0x21
 14434 1da6 020E0000 		.4byte	.LASF310
 14435 1daa 01       		.byte	0x1
 14436 1dab A9       		.byte	0xa9
 14437 1dac C1020000 		.4byte	0x2c1
 14438 1db0 05       		.uleb128 0x5
 14439 1db1 03       		.byte	0x3
 14440 1db2 00000000 		.4byte	prevKnobs7bit
ARM GAS  C:\Users\ggg88\AppData\Local\Temp\ccfc1YkT.s 			page 299


 14441 1db6 21       		.uleb128 0x21
 14442 1db7 F6090000 		.4byte	.LASF311
 14443 1dbb 01       		.byte	0x1
 14444 1dbc AB       		.byte	0xab
 14445 1dbd B8000000 		.4byte	0xb8
 14446 1dc1 05       		.uleb128 0x5
 14447 1dc2 03       		.byte	0x3
 14448 1dc3 00000000 		.4byte	u7bit_volumePedal
 14449 1dc7 21       		.uleb128 0x21
 14450 1dc8 B6130000 		.4byte	.LASF312
 14451 1dcc 01       		.byte	0x1
 14452 1dcd AC       		.byte	0xac
 14453 1dce B8000000 		.4byte	0xb8
 14454 1dd2 05       		.uleb128 0x5
 14455 1dd3 03       		.byte	0x3
 14456 1dd4 00000000 		.4byte	prev_7bit_volumePedal
 14457 1dd8 21       		.uleb128 0x21
 14458 1dd9 920D0000 		.4byte	.LASF313
 14459 1ddd 01       		.byte	0x1
 14460 1dde AD       		.byte	0xad
 14461 1ddf 0E020000 		.4byte	0x20e
 14462 1de3 05       		.uleb128 0x5
 14463 1de4 03       		.byte	0x3
 14464 1de5 00000000 		.4byte	SPI2started
 14465 1de9 21       		.uleb128 0x21
 14466 1dea 0D120000 		.4byte	.LASF314
 14467 1dee 01       		.byte	0x1
 14468 1def B1       		.byte	0xb1
 14469 1df0 BD150000 		.4byte	0x15bd
 14470 1df4 05       		.uleb128 0x5
 14471 1df5 03       		.byte	0x3
 14472 1df6 00000000 		.4byte	macroKnobValues7bit
 14473 1dfa 21       		.uleb128 0x21
 14474 1dfb 2C040000 		.4byte	.LASF315
 14475 1dff 01       		.byte	0x1
 14476 1e00 B2       		.byte	0xb2
 14477 1e01 BD150000 		.4byte	0x15bd
 14478 1e05 05       		.uleb128 0x5
 14479 1e06 03       		.byte	0x3
 14480 1e07 00000000 		.4byte	prevMacroKnobValues7bit
 14481 1e0b 0B       		.uleb128 0xb
 14482 1e0c 13010000 		.4byte	0x113
 14483 1e10 1B1E0000 		.4byte	0x1e1b
 14484 1e14 0C       		.uleb128 0xc
 14485 1e15 4C010000 		.4byte	0x14c
 14486 1e19 01       		.byte	0x1
 14487 1e1a 00       		.byte	0
 14488 1e1b 21       		.uleb128 0x21
 14489 1e1c 84030000 		.4byte	.LASF316
 14490 1e20 01       		.byte	0x1
 14491 1e21 B9       		.byte	0xb9
 14492 1e22 0B1E0000 		.4byte	0x1e0b
 14493 1e26 05       		.uleb128 0x5
 14494 1e27 03       		.byte	0x3
 14495 1e28 00000000 		.4byte	bendScalingArray
 14496 1e2c 21       		.uleb128 0x21
 14497 1e2d 6F110000 		.4byte	.LASF317
ARM GAS  C:\Users\ggg88\AppData\Local\Temp\ccfc1YkT.s 			page 300


 14498 1e31 01       		.byte	0x1
 14499 1e32 BA       		.byte	0xba
 14500 1e33 13010000 		.4byte	0x113
 14501 1e37 05       		.uleb128 0x5
 14502 1e38 03       		.byte	0x3
 14503 1e39 00000000 		.4byte	bendScaling
 14504 1e3d 21       		.uleb128 0x21
 14505 1e3e 72100000 		.4byte	.LASF318
 14506 1e42 01       		.byte	0x1
 14507 1e43 BE       		.byte	0xbe
 14508 1e44 49110000 		.4byte	0x1149
 14509 1e48 05       		.uleb128 0x5
 14510 1e49 03       		.byte	0x3
 14511 1e4a 00000000 		.4byte	array
 14512 1e4e 21       		.uleb128 0x21
 14513 1e4f 8B090000 		.4byte	.LASF319
 14514 1e53 01       		.byte	0x1
 14515 1e54 C1       		.byte	0xc1
 14516 1e55 FD010000 		.4byte	0x1fd
 14517 1e59 05       		.uleb128 0x5
 14518 1e5a 03       		.byte	0x3
 14519 1e5b 00000000 		.4byte	eepromReturnValue
 14520 1e5f 21       		.uleb128 0x21
 14521 1e60 9C060000 		.4byte	.LASF320
 14522 1e64 01       		.byte	0x1
 14523 1e65 C8       		.byte	0xc8
 14524 1e66 EF000000 		.4byte	0xef
 14525 1e6a 05       		.uleb128 0x5
 14526 1e6b 03       		.byte	0x3
 14527 1e6c 00000000 		.4byte	eeprom_cnt
 14528 1e70 21       		.uleb128 0x21
 14529 1e71 C7090000 		.4byte	.LASF84
 14530 1e75 01       		.byte	0x1
 14531 1e76 C9       		.byte	0xc9
 14532 1e77 28010000 		.4byte	0x128
 14533 1e7b 05       		.uleb128 0x5
 14534 1e7c 03       		.byte	0x3
 14535 1e7d 00000000 		.4byte	status
 14536 1e81 24       		.uleb128 0x24
 14537 1e82 70747200 		.ascii	"ptr\000"
 14538 1e86 01       		.byte	0x1
 14539 1e87 CA       		.byte	0xca
 14540 1e88 921E0000 		.4byte	0x1e92
 14541 1e8c 05       		.uleb128 0x5
 14542 1e8d 03       		.byte	0x3
 14543 1e8e 00000000 		.4byte	ptr
 14544 1e92 1C       		.uleb128 0x1c
 14545 1e93 04       		.byte	0x4
 14546 1e94 9D1E0000 		.4byte	0x1e9d
 14547 1e98 20       		.uleb128 0x20
 14548 1e99 EF000000 		.4byte	0xef
 14549 1e9d 06       		.uleb128 0x6
 14550 1e9e 981E0000 		.4byte	0x1e98
 14551 1ea2 21       		.uleb128 0x21
 14552 1ea3 CB020000 		.4byte	.LASF321
 14553 1ea7 01       		.byte	0x1
 14554 1ea8 CB       		.byte	0xcb
ARM GAS  C:\Users\ggg88\AppData\Local\Temp\ccfc1YkT.s 			page 301


 14555 1ea9 B31E0000 		.4byte	0x1eb3
 14556 1ead 05       		.uleb128 0x5
 14557 1eae 03       		.byte	0x3
 14558 1eaf 00000000 		.4byte	barCount
 14559 1eb3 06       		.uleb128 0x6
 14560 1eb4 9F000000 		.4byte	0x9f
 14561 1eb8 0B       		.uleb128 0xb
 14562 1eb9 0E020000 		.4byte	0x20e
 14563 1ebd C81E0000 		.4byte	0x1ec8
 14564 1ec1 0C       		.uleb128 0xc
 14565 1ec2 4C010000 		.4byte	0x14c
 14566 1ec6 0F       		.byte	0xf
 14567 1ec7 00       		.byte	0
 14568 1ec8 21       		.uleb128 0x21
 14569 1ec9 57010000 		.4byte	.LASF322
 14570 1ecd 01       		.byte	0x1
 14571 1ece D0       		.byte	0xd0
 14572 1ecf D91E0000 		.4byte	0x1ed9
 14573 1ed3 05       		.uleb128 0x5
 14574 1ed4 03       		.byte	0x3
 14575 1ed5 00000000 		.4byte	I2Cbuff2
 14576 1ed9 06       		.uleb128 0x6
 14577 1eda B81E0000 		.4byte	0x1eb8
 14578 1ede 21       		.uleb128 0x21
 14579 1edf CE090000 		.4byte	.LASF323
 14580 1ee3 01       		.byte	0x1
 14581 1ee4 D1       		.byte	0xd1
 14582 1ee5 0E020000 		.4byte	0x20e
 14583 1ee9 05       		.uleb128 0x5
 14584 1eea 03       		.byte	0x3
 14585 1eeb 00000000 		.4byte	send_it
 14586 1eef 0B       		.uleb128 0xb
 14587 1ef0 B8000000 		.4byte	0xb8
 14588 1ef4 051F0000 		.4byte	0x1f05
 14589 1ef8 0C       		.uleb128 0xc
 14590 1ef9 4C010000 		.4byte	0x14c
 14591 1efd 0B       		.byte	0xb
 14592 1efe 0C       		.uleb128 0xc
 14593 1eff 4C010000 		.4byte	0x14c
 14594 1f03 01       		.byte	0x1
 14595 1f04 00       		.byte	0
 14596 1f05 21       		.uleb128 0x21
 14597 1f06 60010000 		.4byte	.LASF324
 14598 1f0a 01       		.byte	0x1
 14599 1f0b D7       		.byte	0xd7
 14600 1f0c EF1E0000 		.4byte	0x1eef
 14601 1f10 05       		.uleb128 0x5
 14602 1f11 03       		.byte	0x3
 14603 1f12 00000000 		.4byte	mux_states
 14604 1f16 0B       		.uleb128 0xb
 14605 1f17 B8000000 		.4byte	0xb8
 14606 1f1b 261F0000 		.4byte	0x1f26
 14607 1f1f 0C       		.uleb128 0xc
 14608 1f20 4C010000 		.4byte	0x14c
 14609 1f24 0B       		.byte	0xb
 14610 1f25 00       		.byte	0
 14611 1f26 21       		.uleb128 0x21
ARM GAS  C:\Users\ggg88\AppData\Local\Temp\ccfc1YkT.s 			page 302


 14612 1f27 89130000 		.4byte	.LASF325
 14613 1f2b 01       		.byte	0x1
 14614 1f2c D8       		.byte	0xd8
 14615 1f2d 161F0000 		.4byte	0x1f16
 14616 1f31 05       		.uleb128 0x5
 14617 1f32 03       		.byte	0x3
 14618 1f33 00000000 		.4byte	i2c_skipped
 14619 1f37 21       		.uleb128 0x21
 14620 1f38 D2110000 		.4byte	.LASF326
 14621 1f3c 01       		.byte	0x1
 14622 1f3d DB       		.byte	0xdb
 14623 1f3e 55140000 		.4byte	0x1455
 14624 1f42 05       		.uleb128 0x5
 14625 1f43 03       		.byte	0x3
 14626 1f44 00000000 		.4byte	pedals_lowWithDeadZone
 14627 1f48 21       		.uleb128 0x21
 14628 1f49 E3020000 		.4byte	.LASF327
 14629 1f4d 01       		.byte	0x1
 14630 1f4e DC       		.byte	0xdc
 14631 1f4f 55140000 		.4byte	0x1455
 14632 1f53 05       		.uleb128 0x5
 14633 1f54 03       		.byte	0x3
 14634 1f55 00000000 		.4byte	pedals_highWithDeadZone
 14635 1f59 21       		.uleb128 0x21
 14636 1f5a 4B080000 		.4byte	.LASF328
 14637 1f5e 01       		.byte	0x1
 14638 1f5f DE       		.byte	0xde
 14639 1f60 CE000000 		.4byte	0xce
 14640 1f64 05       		.uleb128 0x5
 14641 1f65 03       		.byte	0x3
 14642 1f66 00000000 		.4byte	volumePedal
 14643 1f6a 21       		.uleb128 0x21
 14644 1f6b EA0E0000 		.4byte	.LASF329
 14645 1f6f 01       		.byte	0x1
 14646 1f70 DF       		.byte	0xdf
 14647 1f71 55140000 		.4byte	0x1455
 14648 1f75 05       		.uleb128 0x5
 14649 1f76 03       		.byte	0x3
 14650 1f77 00000000 		.4byte	processed_pedals
 14651 1f7b 21       		.uleb128 0x21
 14652 1f7c 7C0D0000 		.4byte	.LASF330
 14653 1f80 01       		.byte	0x1
 14654 1f81 E0       		.byte	0xe0
 14655 1f82 55140000 		.4byte	0x1455
 14656 1f86 05       		.uleb128 0x5
 14657 1f87 03       		.byte	0x3
 14658 1f88 00000000 		.4byte	prev_processed_pedals
 14659 1f8c 21       		.uleb128 0x21
 14660 1f8d 6E080000 		.4byte	.LASF331
 14661 1f91 01       		.byte	0x1
 14662 1f92 E1       		.byte	0xe1
 14663 1f93 87140000 		.4byte	0x1487
 14664 1f97 05       		.uleb128 0x5
 14665 1f98 03       		.byte	0x3
 14666 1f99 00000000 		.4byte	pedals8bit
 14667 1f9d 21       		.uleb128 0x21
 14668 1f9e AB130000 		.4byte	.LASF332
ARM GAS  C:\Users\ggg88\AppData\Local\Temp\ccfc1YkT.s 			page 303


 14669 1fa2 01       		.byte	0x1
 14670 1fa3 E2       		.byte	0xe2
 14671 1fa4 87140000 		.4byte	0x1487
 14672 1fa8 05       		.uleb128 0x5
 14673 1fa9 03       		.byte	0x3
 14674 1faa 00000000 		.4byte	pedals7bit
 14675 1fae 21       		.uleb128 0x21
 14676 1faf 270E0000 		.4byte	.LASF333
 14677 1fb3 01       		.byte	0x1
 14678 1fb4 E3       		.byte	0xe3
 14679 1fb5 87140000 		.4byte	0x1487
 14680 1fb9 05       		.uleb128 0x5
 14681 1fba 03       		.byte	0x3
 14682 1fbb 00000000 		.4byte	prevPedals7bit
 14683 1fbf 21       		.uleb128 0x21
 14684 1fc0 56000000 		.4byte	.LASF334
 14685 1fc4 01       		.byte	0x1
 14686 1fc5 E4       		.byte	0xe4
 14687 1fc6 C3000000 		.4byte	0xc3
 14688 1fca 05       		.uleb128 0x5
 14689 1fcb 03       		.byte	0x3
 14690 1fcc 00000000 		.4byte	prev_processed_volumePedal
 14691 1fd0 21       		.uleb128 0x21
 14692 1fd1 A30E0000 		.4byte	.LASF335
 14693 1fd5 01       		.byte	0x1
 14694 1fd6 E5       		.byte	0xe5
 14695 1fd7 C3000000 		.4byte	0xc3
 14696 1fdb 05       		.uleb128 0x5
 14697 1fdc 03       		.byte	0x3
 14698 1fdd 00000000 		.4byte	processed_volumePedal
 14699 1fe1 21       		.uleb128 0x21
 14700 1fe2 34080000 		.4byte	.LASF336
 14701 1fe6 01       		.byte	0x1
 14702 1fe7 E7       		.byte	0xe7
 14703 1fe8 B8000000 		.4byte	0xb8
 14704 1fec 05       		.uleb128 0x5
 14705 1fed 03       		.byte	0x3
 14706 1fee 00000000 		.4byte	sliderBugOn
 14707 1ff2 21       		.uleb128 0x21
 14708 1ff3 5B030000 		.4byte	.LASF337
 14709 1ff7 01       		.byte	0x1
 14710 1ff8 F0       		.byte	0xf0
 14711 1ff9 C8120000 		.4byte	0x12c8
 14712 1ffd 05       		.uleb128 0x5
 14713 1ffe 03       		.byte	0x3
 14714 1fff 00000000 		.4byte	presetLoadedResponse
 14715 2003 0B       		.uleb128 0xb
 14716 2004 13010000 		.4byte	0x113
 14717 2008 13200000 		.4byte	0x2013
 14718 200c 0C       		.uleb128 0xc
 14719 200d 4C010000 		.4byte	0x14c
 14720 2011 0B       		.byte	0xb
 14721 2012 00       		.byte	0
 14722 2013 21       		.uleb128 0x21
 14723 2014 49030000 		.4byte	.LASF338
 14724 2018 01       		.byte	0x1
 14725 2019 F6       		.byte	0xf6
ARM GAS  C:\Users\ggg88\AppData\Local\Temp\ccfc1YkT.s 			page 304


 14726 201a 03200000 		.4byte	0x2003
 14727 201e 05       		.uleb128 0x5
 14728 201f 03       		.byte	0x3
 14729 2020 00000000 		.4byte	fretScalingInMIDI
 14730 2024 21       		.uleb128 0x21
 14731 2025 E3140000 		.4byte	.LASF339
 14732 2029 01       		.byte	0x1
 14733 202a F7       		.byte	0xf7
 14734 202b 03200000 		.4byte	0x2003
 14735 202f 05       		.uleb128 0x5
 14736 2030 03       		.byte	0x3
 14737 2031 00000000 		.4byte	fretScalingInRatios
 14738 2035 0B       		.uleb128 0xb
 14739 2036 13010000 		.4byte	0x113
 14740 203a 45200000 		.4byte	0x2045
 14741 203e 0C       		.uleb128 0xc
 14742 203f 4C010000 		.4byte	0x14c
 14743 2043 09       		.byte	0x9
 14744 2044 00       		.byte	0
 14745 2045 21       		.uleb128 0x21
 14746 2046 02050000 		.4byte	.LASF340
 14747 204a 01       		.byte	0x1
 14748 204b F9       		.byte	0xf9
 14749 204c 35200000 		.4byte	0x2035
 14750 2050 05       		.uleb128 0x5
 14751 2051 03       		.byte	0x3
 14752 2052 00000000 		.4byte	pedalRatios
 14753 2056 21       		.uleb128 0x21
 14754 2057 B0050000 		.4byte	.LASF341
 14755 205b 01       		.byte	0x1
 14756 205c FA       		.byte	0xfa
 14757 205d B8000000 		.4byte	0xb8
 14758 2061 05       		.uleb128 0x5
 14759 2062 03       		.byte	0x3
 14760 2063 00000000 		.4byte	last_mux
 14761 2067 21       		.uleb128 0x21
 14762 2068 990B0000 		.4byte	.LASF342
 14763 206c 01       		.byte	0x1
 14764 206d FB       		.byte	0xfb
 14765 206e 0E020000 		.4byte	0x20e
 14766 2072 05       		.uleb128 0x5
 14767 2073 03       		.byte	0x3
 14768 2074 00000000 		.4byte	main_counter
 14769 2078 21       		.uleb128 0x21
 14770 2079 0E030000 		.4byte	.LASF343
 14771 207d 01       		.byte	0x1
 14772 207e FD       		.byte	0xfd
 14773 207f B8000000 		.4byte	0xb8
 14774 2083 05       		.uleb128 0x5
 14775 2084 03       		.byte	0x3
 14776 2085 00000000 		.4byte	voice
 14777 2089 23       		.uleb128 0x23
 14778 208a FB0E0000 		.4byte	.LASF344
 14779 208e 01       		.byte	0x1
 14780 208f 0401     		.2byte	0x104
 14781 2091 87140000 		.4byte	0x1487
 14782 2095 05       		.uleb128 0x5
ARM GAS  C:\Users\ggg88\AppData\Local\Temp\ccfc1YkT.s 			page 305


 14783 2096 03       		.byte	0x3
 14784 2097 00000000 		.4byte	copedentMapping
 14785 209b 0B       		.uleb128 0xb
 14786 209c 13010000 		.4byte	0x113
 14787 20a0 B7200000 		.4byte	0x20b7
 14788 20a4 0C       		.uleb128 0xc
 14789 20a5 4C010000 		.4byte	0x14c
 14790 20a9 06       		.byte	0x6
 14791 20aa 0C       		.uleb128 0xc
 14792 20ab 4C010000 		.4byte	0x14c
 14793 20af 0A       		.byte	0xa
 14794 20b0 0C       		.uleb128 0xc
 14795 20b1 4C010000 		.4byte	0x14c
 14796 20b5 0B       		.byte	0xb
 14797 20b6 00       		.byte	0
 14798 20b7 23       		.uleb128 0x23
 14799 20b8 65080000 		.4byte	.LASF345
 14800 20bc 01       		.byte	0x1
 14801 20bd 0501     		.2byte	0x105
 14802 20bf 9B200000 		.4byte	0x209b
 14803 20c3 05       		.uleb128 0x5
 14804 20c4 03       		.byte	0x3
 14805 20c5 00000000 		.4byte	copedent
 14806 20c9 23       		.uleb128 0x23
 14807 20ca C2030000 		.4byte	.LASF346
 14808 20ce 01       		.byte	0x1
 14809 20cf 0801     		.2byte	0x108
 14810 20d1 03200000 		.4byte	0x2003
 14811 20d5 05       		.uleb128 0x5
 14812 20d6 03       		.byte	0x3
 14813 20d7 00000000 		.4byte	prevStringPitchBend
 14814 20db 0B       		.uleb128 0xb
 14815 20dc 13010000 		.4byte	0x113
 14816 20e0 F1200000 		.4byte	0x20f1
 14817 20e4 0C       		.uleb128 0xc
 14818 20e5 4C010000 		.4byte	0x14c
 14819 20e9 09       		.byte	0x9
 14820 20ea 0C       		.uleb128 0xc
 14821 20eb 4C010000 		.4byte	0x14c
 14822 20ef 0B       		.byte	0xb
 14823 20f0 00       		.byte	0
 14824 20f1 23       		.uleb128 0x23
 14825 20f2 DC140000 		.4byte	.LASF347
 14826 20f6 01       		.byte	0x1
 14827 20f7 0A01     		.2byte	0x10a
 14828 20f9 DB200000 		.4byte	0x20db
 14829 20fd 05       		.uleb128 0x5
 14830 20fe 03       		.byte	0x3
 14831 20ff 00000000 		.4byte	pedals
 14832 2103 23       		.uleb128 0x23
 14833 2104 D80D0000 		.4byte	.LASF348
 14834 2108 01       		.byte	0x1
 14835 2109 0C01     		.2byte	0x10c
 14836 210b 87140000 		.4byte	0x1487
 14837 210f 05       		.uleb128 0x5
 14838 2110 03       		.byte	0x3
 14839 2111 00000000 		.4byte	pedal_cc_assignments
ARM GAS  C:\Users\ggg88\AppData\Local\Temp\ccfc1YkT.s 			page 306


 14840 2115 23       		.uleb128 0x23
 14841 2116 95130000 		.4byte	.LASF349
 14842 211a 01       		.byte	0x1
 14843 211b 0D01     		.2byte	0x10d
 14844 211d 03200000 		.4byte	0x2003
 14845 2121 05       		.uleb128 0x5
 14846 2122 03       		.byte	0x3
 14847 2123 00000000 		.4byte	openStringFrequencies
 14848 2127 23       		.uleb128 0x23
 14849 2128 71060000 		.4byte	.LASF350
 14850 212c 01       		.byte	0x1
 14851 212d 0E01     		.2byte	0x10e
 14852 212f 0B1E0000 		.4byte	0x1e0b
 14853 2133 05       		.uleb128 0x5
 14854 2134 03       		.byte	0x3
 14855 2135 00000000 		.4byte	stringMappedPositionsInRatios
 14856 2139 0B       		.uleb128 0xb
 14857 213a CE000000 		.4byte	0xce
 14858 213e 49210000 		.4byte	0x2149
 14859 2142 0C       		.uleb128 0xc
 14860 2143 4C010000 		.4byte	0x14c
 14861 2147 01       		.byte	0x1
 14862 2148 00       		.byte	0
 14863 2149 23       		.uleb128 0x23
 14864 214a 9D0F0000 		.4byte	.LASF351
 14865 214e 01       		.byte	0x1
 14866 214f 0F01     		.2byte	0x10f
 14867 2151 39210000 		.4byte	0x2139
 14868 2155 05       		.uleb128 0x5
 14869 2156 03       		.byte	0x3
 14870 2157 00000000 		.4byte	stringMappedPositionsInRatiosInt
 14871 215b 23       		.uleb128 0x23
 14872 215c D4080000 		.4byte	.LASF352
 14873 2160 01       		.byte	0x1
 14874 2161 1001     		.2byte	0x110
 14875 2163 0B1E0000 		.4byte	0x1e0b
 14876 2167 05       		.uleb128 0x5
 14877 2168 03       		.byte	0x3
 14878 2169 00000000 		.4byte	stringMappedPositionsInMIDI
 14879 216d 23       		.uleb128 0x23
 14880 216e 540A0000 		.4byte	.LASF353
 14881 2172 01       		.byte	0x1
 14882 2173 1101     		.2byte	0x111
 14883 2175 39210000 		.4byte	0x2139
 14884 2179 05       		.uleb128 0x5
 14885 217a 03       		.byte	0x3
 14886 217b 00000000 		.4byte	barMidiOuterStrings
 14887 217f 23       		.uleb128 0x23
 14888 2180 37150000 		.4byte	.LASF354
 14889 2184 01       		.byte	0x1
 14890 2185 1201     		.2byte	0x112
 14891 2187 03200000 		.4byte	0x2003
 14892 218b 05       		.uleb128 0x5
 14893 218c 03       		.byte	0x3
 14894 218d 00000000 		.4byte	stringFrequencies
 14895 2191 23       		.uleb128 0x23
 14896 2192 6A050000 		.4byte	.LASF355
ARM GAS  C:\Users\ggg88\AppData\Local\Temp\ccfc1YkT.s 			page 307


 14897 2196 01       		.byte	0x1
 14898 2197 1301     		.2byte	0x113
 14899 2199 03200000 		.4byte	0x2003
 14900 219d 05       		.uleb128 0x5
 14901 219e 03       		.byte	0x3
 14902 219f 00000000 		.4byte	stringOctave
 14903 21a3 23       		.uleb128 0x23
 14904 21a4 04130000 		.4byte	.LASF356
 14905 21a8 01       		.byte	0x1
 14906 21a9 1401     		.2byte	0x114
 14907 21ab 03200000 		.4byte	0x2003
 14908 21af 05       		.uleb128 0x5
 14909 21b0 03       		.byte	0x3
 14910 21b1 00000000 		.4byte	stringPitch
 14911 21b5 23       		.uleb128 0x23
 14912 21b6 A3120000 		.4byte	.LASF357
 14913 21ba 01       		.byte	0x1
 14914 21bb 1501     		.2byte	0x115
 14915 21bd 03200000 		.4byte	0x2003
 14916 21c1 05       		.uleb128 0x5
 14917 21c2 03       		.byte	0x3
 14918 21c3 00000000 		.4byte	stringMIDI
 14919 21c7 0B       		.uleb128 0xb
 14920 21c8 9F000000 		.4byte	0x9f
 14921 21cc D7210000 		.4byte	0x21d7
 14922 21d0 0C       		.uleb128 0xc
 14923 21d1 4C010000 		.4byte	0x14c
 14924 21d5 0B       		.byte	0xb
 14925 21d6 00       		.byte	0
 14926 21d7 23       		.uleb128 0x23
 14927 21d8 9E0A0000 		.4byte	.LASF358
 14928 21dc 01       		.byte	0x1
 14929 21dd 1601     		.2byte	0x116
 14930 21df C7210000 		.4byte	0x21c7
 14931 21e3 05       		.uleb128 0x5
 14932 21e4 03       		.byte	0x3
 14933 21e5 00000000 		.4byte	openStringMIDI_Int
 14934 21e9 23       		.uleb128 0x23
 14935 21ea 2F090000 		.4byte	.LASF359
 14936 21ee 01       		.byte	0x1
 14937 21ef 2401     		.2byte	0x124
 14938 21f1 B8000000 		.4byte	0xb8
 14939 21f5 05       		.uleb128 0x5
 14940 21f6 03       		.byte	0x3
 14941 21f7 00000000 		.4byte	presetWhenMacroWriteStarted
 14942 21fb 23       		.uleb128 0x23
 14943 21fc D2120000 		.4byte	.LASF360
 14944 2200 01       		.byte	0x1
 14945 2201 2501     		.2byte	0x125
 14946 2203 B8000000 		.4byte	0xb8
 14947 2207 05       		.uleb128 0x5
 14948 2208 03       		.byte	0x3
 14949 2209 00000000 		.4byte	macroPageWhenMacroWriteStarted
 14950 220d 23       		.uleb128 0x23
 14951 220e C5110000 		.4byte	.LASF361
 14952 2212 01       		.byte	0x1
 14953 2213 2701     		.2byte	0x127
ARM GAS  C:\Users\ggg88\AppData\Local\Temp\ccfc1YkT.s 			page 308


 14954 2215 35200000 		.4byte	0x2035
 14955 2219 05       		.uleb128 0x5
 14956 221a 03       		.byte	0x3
 14957 221b 00000000 		.4byte	pedals_float
 14958 221f 23       		.uleb128 0x23
 14959 2220 9F110000 		.4byte	.LASF362
 14960 2224 01       		.byte	0x1
 14961 2225 2801     		.2byte	0x128
 14962 2227 13010000 		.4byte	0x113
 14963 222b 05       		.uleb128 0x5
 14964 222c 03       		.byte	0x3
 14965 222d 00000000 		.4byte	stringRepDivider
 14966 2231 23       		.uleb128 0x23
 14967 2232 FD0C0000 		.4byte	.LASF363
 14968 2236 01       		.byte	0x1
 14969 2237 EC06     		.2byte	0x6ec
 14970 2239 C7210000 		.4byte	0x21c7
 14971 223d 05       		.uleb128 0x5
 14972 223e 03       		.byte	0x3
 14973 223f 00000000 		.4byte	prevNotes
 14974 2243 23       		.uleb128 0x23
 14975 2244 520E0000 		.4byte	.LASF364
 14976 2248 01       		.byte	0x1
 14977 2249 6107     		.2byte	0x761
 14978 224b 0E020000 		.4byte	0x20e
 14979 224f 05       		.uleb128 0x5
 14980 2250 03       		.byte	0x3
 14981 2251 00000000 		.4byte	checkStatus
 14982 2255 23       		.uleb128 0x23
 14983 2256 31100000 		.4byte	.LASF365
 14984 225a 01       		.byte	0x1
 14985 225b 6207     		.2byte	0x762
 14986 225d 13020000 		.4byte	0x213
 14987 2261 05       		.uleb128 0x5
 14988 2262 03       		.byte	0x3
 14989 2263 00000000 		.4byte	checkBase
 14990 2267 0B       		.uleb128 0xb
 14991 2268 0E020000 		.4byte	0x20e
 14992 226c 77220000 		.4byte	0x2277
 14993 2270 0C       		.uleb128 0xc
 14994 2271 4C010000 		.4byte	0x14c
 14995 2275 03       		.byte	0x3
 14996 2276 00       		.byte	0
 14997 2277 23       		.uleb128 0x23
 14998 2278 B90E0000 		.4byte	.LASF100
 14999 227c 01       		.byte	0x1
 15000 227d 6307     		.2byte	0x763
 15001 227f 89220000 		.4byte	0x2289
 15002 2283 05       		.uleb128 0x5
 15003 2284 03       		.byte	0x3
 15004 2285 00000000 		.4byte	tempMIDI
 15005 2289 06       		.uleb128 0x6
 15006 228a 67220000 		.4byte	0x2267
 15007 228e 23       		.uleb128 0x23
 15008 228f 33000000 		.4byte	.LASF366
 15009 2293 01       		.byte	0x1
 15010 2294 6407     		.2byte	0x764
ARM GAS  C:\Users\ggg88\AppData\Local\Temp\ccfc1YkT.s 			page 309


 15011 2296 0E020000 		.4byte	0x20e
 15012 229a 05       		.uleb128 0x5
 15013 229b 03       		.byte	0x3
 15014 229c 00000000 		.4byte	firstSysex
 15015 22a0 23       		.uleb128 0x23
 15016 22a1 BC070000 		.4byte	.LASF367
 15017 22a5 01       		.byte	0x1
 15018 22a6 6507     		.2byte	0x765
 15019 22a8 B2220000 		.4byte	0x22b2
 15020 22ac 05       		.uleb128 0x5
 15021 22ad 03       		.byte	0x3
 15022 22ae 00000000 		.4byte	sysexPointerMask
 15023 22b2 20       		.uleb128 0x20
 15024 22b3 E4000000 		.4byte	0xe4
 15025 22b7 23       		.uleb128 0x23
 15026 22b8 45070000 		.4byte	.LASF368
 15027 22bc 01       		.byte	0x1
 15028 22bd 6607     		.2byte	0x766
 15029 22bf 09020000 		.4byte	0x209
 15030 22c3 05       		.uleb128 0x5
 15031 22c4 03       		.byte	0x3
 15032 22c5 00000000 		.4byte	moreToDo
 15033 22c9 23       		.uleb128 0x23
 15034 22ca C1080000 		.4byte	.LASF369
 15035 22ce 01       		.byte	0x1
 15036 22cf 6807     		.2byte	0x768
 15037 22d1 9F000000 		.4byte	0x9f
 15038 22d5 05       		.uleb128 0x5
 15039 22d6 03       		.byte	0x3
 15040 22d7 00000000 		.4byte	SPI_errors
 15041 22db 0B       		.uleb128 0xb
 15042 22dc 09020000 		.4byte	0x209
 15043 22e0 EB220000 		.4byte	0x22eb
 15044 22e4 0C       		.uleb128 0xc
 15045 22e5 4C010000 		.4byte	0x14c
 15046 22e9 0F       		.byte	0xf
 15047 22ea 00       		.byte	0
 15048 22eb 23       		.uleb128 0x23
 15049 22ec 4D110000 		.4byte	.LASF370
 15050 22f0 01       		.byte	0x1
 15051 22f1 6A07     		.2byte	0x76a
 15052 22f3 FD220000 		.4byte	0x22fd
 15053 22f7 05       		.uleb128 0x5
 15054 22f8 03       		.byte	0x3
 15055 22f9 00000000 		.4byte	nearbyValues
 15056 22fd 06       		.uleb128 0x6
 15057 22fe DB220000 		.4byte	0x22db
 15058 2302 00       		.byte	0
 15059              		.section	.debug_abbrev,"",%progbits
 15060              	.Ldebug_abbrev0:
 15061 0000 01       		.uleb128 0x1
 15062 0001 11       		.uleb128 0x11
 15063 0002 01       		.byte	0x1
 15064 0003 25       		.uleb128 0x25
 15065 0004 0E       		.uleb128 0xe
 15066 0005 13       		.uleb128 0x13
 15067 0006 0B       		.uleb128 0xb
ARM GAS  C:\Users\ggg88\AppData\Local\Temp\ccfc1YkT.s 			page 310


 15068 0007 03       		.uleb128 0x3
 15069 0008 0E       		.uleb128 0xe
 15070 0009 1B       		.uleb128 0x1b
 15071 000a 0E       		.uleb128 0xe
 15072 000b 55       		.uleb128 0x55
 15073 000c 17       		.uleb128 0x17
 15074 000d 11       		.uleb128 0x11
 15075 000e 01       		.uleb128 0x1
 15076 000f 10       		.uleb128 0x10
 15077 0010 17       		.uleb128 0x17
 15078 0011 00       		.byte	0
 15079 0012 00       		.byte	0
 15080 0013 02       		.uleb128 0x2
 15081 0014 16       		.uleb128 0x16
 15082 0015 00       		.byte	0
 15083 0016 03       		.uleb128 0x3
 15084 0017 0E       		.uleb128 0xe
 15085 0018 3A       		.uleb128 0x3a
 15086 0019 0B       		.uleb128 0xb
 15087 001a 3B       		.uleb128 0x3b
 15088 001b 0B       		.uleb128 0xb
 15089 001c 49       		.uleb128 0x49
 15090 001d 13       		.uleb128 0x13
 15091 001e 00       		.byte	0
 15092 001f 00       		.byte	0
 15093 0020 03       		.uleb128 0x3
 15094 0021 24       		.uleb128 0x24
 15095 0022 00       		.byte	0
 15096 0023 0B       		.uleb128 0xb
 15097 0024 0B       		.uleb128 0xb
 15098 0025 3E       		.uleb128 0x3e
 15099 0026 0B       		.uleb128 0xb
 15100 0027 03       		.uleb128 0x3
 15101 0028 0E       		.uleb128 0xe
 15102 0029 00       		.byte	0
 15103 002a 00       		.byte	0
 15104 002b 04       		.uleb128 0x4
 15105 002c 24       		.uleb128 0x24
 15106 002d 00       		.byte	0
 15107 002e 0B       		.uleb128 0xb
 15108 002f 0B       		.uleb128 0xb
 15109 0030 3E       		.uleb128 0x3e
 15110 0031 0B       		.uleb128 0xb
 15111 0032 03       		.uleb128 0x3
 15112 0033 08       		.uleb128 0x8
 15113 0034 00       		.byte	0
 15114 0035 00       		.byte	0
 15115 0036 05       		.uleb128 0x5
 15116 0037 16       		.uleb128 0x16
 15117 0038 00       		.byte	0
 15118 0039 03       		.uleb128 0x3
 15119 003a 0E       		.uleb128 0xe
 15120 003b 3A       		.uleb128 0x3a
 15121 003c 0B       		.uleb128 0xb
 15122 003d 3B       		.uleb128 0x3b
 15123 003e 05       		.uleb128 0x5
 15124 003f 49       		.uleb128 0x49
ARM GAS  C:\Users\ggg88\AppData\Local\Temp\ccfc1YkT.s 			page 311


 15125 0040 13       		.uleb128 0x13
 15126 0041 00       		.byte	0
 15127 0042 00       		.byte	0
 15128 0043 06       		.uleb128 0x6
 15129 0044 35       		.uleb128 0x35
 15130 0045 00       		.byte	0
 15131 0046 49       		.uleb128 0x49
 15132 0047 13       		.uleb128 0x13
 15133 0048 00       		.byte	0
 15134 0049 00       		.byte	0
 15135 004a 07       		.uleb128 0x7
 15136 004b 13       		.uleb128 0x13
 15137 004c 01       		.byte	0x1
 15138 004d 0B       		.uleb128 0xb
 15139 004e 0B       		.uleb128 0xb
 15140 004f 3A       		.uleb128 0x3a
 15141 0050 0B       		.uleb128 0xb
 15142 0051 3B       		.uleb128 0x3b
 15143 0052 05       		.uleb128 0x5
 15144 0053 01       		.uleb128 0x1
 15145 0054 13       		.uleb128 0x13
 15146 0055 00       		.byte	0
 15147 0056 00       		.byte	0
 15148 0057 08       		.uleb128 0x8
 15149 0058 0D       		.uleb128 0xd
 15150 0059 00       		.byte	0
 15151 005a 03       		.uleb128 0x3
 15152 005b 0E       		.uleb128 0xe
 15153 005c 3A       		.uleb128 0x3a
 15154 005d 0B       		.uleb128 0xb
 15155 005e 3B       		.uleb128 0x3b
 15156 005f 05       		.uleb128 0x5
 15157 0060 49       		.uleb128 0x49
 15158 0061 13       		.uleb128 0x13
 15159 0062 38       		.uleb128 0x38
 15160 0063 0B       		.uleb128 0xb
 15161 0064 00       		.byte	0
 15162 0065 00       		.byte	0
 15163 0066 09       		.uleb128 0x9
 15164 0067 04       		.uleb128 0x4
 15165 0068 01       		.byte	0x1
 15166 0069 0B       		.uleb128 0xb
 15167 006a 0B       		.uleb128 0xb
 15168 006b 49       		.uleb128 0x49
 15169 006c 13       		.uleb128 0x13
 15170 006d 3A       		.uleb128 0x3a
 15171 006e 0B       		.uleb128 0xb
 15172 006f 3B       		.uleb128 0x3b
 15173 0070 05       		.uleb128 0x5
 15174 0071 01       		.uleb128 0x1
 15175 0072 13       		.uleb128 0x13
 15176 0073 00       		.byte	0
 15177 0074 00       		.byte	0
 15178 0075 0A       		.uleb128 0xa
 15179 0076 28       		.uleb128 0x28
 15180 0077 00       		.byte	0
 15181 0078 03       		.uleb128 0x3
ARM GAS  C:\Users\ggg88\AppData\Local\Temp\ccfc1YkT.s 			page 312


 15182 0079 0E       		.uleb128 0xe
 15183 007a 1C       		.uleb128 0x1c
 15184 007b 0B       		.uleb128 0xb
 15185 007c 00       		.byte	0
 15186 007d 00       		.byte	0
 15187 007e 0B       		.uleb128 0xb
 15188 007f 01       		.uleb128 0x1
 15189 0080 01       		.byte	0x1
 15190 0081 49       		.uleb128 0x49
 15191 0082 13       		.uleb128 0x13
 15192 0083 01       		.uleb128 0x1
 15193 0084 13       		.uleb128 0x13
 15194 0085 00       		.byte	0
 15195 0086 00       		.byte	0
 15196 0087 0C       		.uleb128 0xc
 15197 0088 21       		.uleb128 0x21
 15198 0089 00       		.byte	0
 15199 008a 49       		.uleb128 0x49
 15200 008b 13       		.uleb128 0x13
 15201 008c 2F       		.uleb128 0x2f
 15202 008d 0B       		.uleb128 0xb
 15203 008e 00       		.byte	0
 15204 008f 00       		.byte	0
 15205 0090 0D       		.uleb128 0xd
 15206 0091 04       		.uleb128 0x4
 15207 0092 01       		.byte	0x1
 15208 0093 03       		.uleb128 0x3
 15209 0094 0E       		.uleb128 0xe
 15210 0095 0B       		.uleb128 0xb
 15211 0096 0B       		.uleb128 0xb
 15212 0097 49       		.uleb128 0x49
 15213 0098 13       		.uleb128 0x13
 15214 0099 3A       		.uleb128 0x3a
 15215 009a 0B       		.uleb128 0xb
 15216 009b 3B       		.uleb128 0x3b
 15217 009c 0B       		.uleb128 0xb
 15218 009d 01       		.uleb128 0x1
 15219 009e 13       		.uleb128 0x13
 15220 009f 00       		.byte	0
 15221 00a0 00       		.byte	0
 15222 00a1 0E       		.uleb128 0xe
 15223 00a2 17       		.uleb128 0x17
 15224 00a3 01       		.byte	0x1
 15225 00a4 03       		.uleb128 0x3
 15226 00a5 0E       		.uleb128 0xe
 15227 00a6 0B       		.uleb128 0xb
 15228 00a7 0B       		.uleb128 0xb
 15229 00a8 3A       		.uleb128 0x3a
 15230 00a9 0B       		.uleb128 0xb
 15231 00aa 3B       		.uleb128 0x3b
 15232 00ab 0B       		.uleb128 0xb
 15233 00ac 01       		.uleb128 0x1
 15234 00ad 13       		.uleb128 0x13
 15235 00ae 00       		.byte	0
 15236 00af 00       		.byte	0
 15237 00b0 0F       		.uleb128 0xf
 15238 00b1 0D       		.uleb128 0xd
ARM GAS  C:\Users\ggg88\AppData\Local\Temp\ccfc1YkT.s 			page 313


 15239 00b2 00       		.byte	0
 15240 00b3 03       		.uleb128 0x3
 15241 00b4 08       		.uleb128 0x8
 15242 00b5 3A       		.uleb128 0x3a
 15243 00b6 0B       		.uleb128 0xb
 15244 00b7 3B       		.uleb128 0x3b
 15245 00b8 0B       		.uleb128 0xb
 15246 00b9 49       		.uleb128 0x49
 15247 00ba 13       		.uleb128 0x13
 15248 00bb 00       		.byte	0
 15249 00bc 00       		.byte	0
 15250 00bd 10       		.uleb128 0x10
 15251 00be 2E       		.uleb128 0x2e
 15252 00bf 01       		.byte	0x1
 15253 00c0 3F       		.uleb128 0x3f
 15254 00c1 19       		.uleb128 0x19
 15255 00c2 03       		.uleb128 0x3
 15256 00c3 08       		.uleb128 0x8
 15257 00c4 3A       		.uleb128 0x3a
 15258 00c5 0B       		.uleb128 0xb
 15259 00c6 3B       		.uleb128 0x3b
 15260 00c7 05       		.uleb128 0x5
 15261 00c8 27       		.uleb128 0x27
 15262 00c9 19       		.uleb128 0x19
 15263 00ca 49       		.uleb128 0x49
 15264 00cb 13       		.uleb128 0x13
 15265 00cc 11       		.uleb128 0x11
 15266 00cd 01       		.uleb128 0x1
 15267 00ce 12       		.uleb128 0x12
 15268 00cf 06       		.uleb128 0x6
 15269 00d0 40       		.uleb128 0x40
 15270 00d1 18       		.uleb128 0x18
 15271 00d2 9642     		.uleb128 0x2116
 15272 00d4 19       		.uleb128 0x19
 15273 00d5 01       		.uleb128 0x1
 15274 00d6 13       		.uleb128 0x13
 15275 00d7 00       		.byte	0
 15276 00d8 00       		.byte	0
 15277 00d9 11       		.uleb128 0x11
 15278 00da 05       		.uleb128 0x5
 15279 00db 00       		.byte	0
 15280 00dc 03       		.uleb128 0x3
 15281 00dd 0E       		.uleb128 0xe
 15282 00de 3A       		.uleb128 0x3a
 15283 00df 0B       		.uleb128 0xb
 15284 00e0 3B       		.uleb128 0x3b
 15285 00e1 05       		.uleb128 0x5
 15286 00e2 49       		.uleb128 0x49
 15287 00e3 13       		.uleb128 0x13
 15288 00e4 02       		.uleb128 0x2
 15289 00e5 18       		.uleb128 0x18
 15290 00e6 00       		.byte	0
 15291 00e7 00       		.byte	0
 15292 00e8 12       		.uleb128 0x12
 15293 00e9 2E       		.uleb128 0x2e
 15294 00ea 01       		.byte	0x1
 15295 00eb 3F       		.uleb128 0x3f
ARM GAS  C:\Users\ggg88\AppData\Local\Temp\ccfc1YkT.s 			page 314


 15296 00ec 19       		.uleb128 0x19
 15297 00ed 03       		.uleb128 0x3
 15298 00ee 0E       		.uleb128 0xe
 15299 00ef 3A       		.uleb128 0x3a
 15300 00f0 0B       		.uleb128 0xb
 15301 00f1 3B       		.uleb128 0x3b
 15302 00f2 05       		.uleb128 0x5
 15303 00f3 27       		.uleb128 0x27
 15304 00f4 19       		.uleb128 0x19
 15305 00f5 49       		.uleb128 0x49
 15306 00f6 13       		.uleb128 0x13
 15307 00f7 11       		.uleb128 0x11
 15308 00f8 01       		.uleb128 0x1
 15309 00f9 12       		.uleb128 0x12
 15310 00fa 06       		.uleb128 0x6
 15311 00fb 40       		.uleb128 0x40
 15312 00fc 18       		.uleb128 0x18
 15313 00fd 9642     		.uleb128 0x2116
 15314 00ff 19       		.uleb128 0x19
 15315 0100 01       		.uleb128 0x1
 15316 0101 13       		.uleb128 0x13
 15317 0102 00       		.byte	0
 15318 0103 00       		.byte	0
 15319 0104 13       		.uleb128 0x13
 15320 0105 2E       		.uleb128 0x2e
 15321 0106 01       		.byte	0x1
 15322 0107 3F       		.uleb128 0x3f
 15323 0108 19       		.uleb128 0x19
 15324 0109 03       		.uleb128 0x3
 15325 010a 0E       		.uleb128 0xe
 15326 010b 3A       		.uleb128 0x3a
 15327 010c 0B       		.uleb128 0xb
 15328 010d 3B       		.uleb128 0x3b
 15329 010e 05       		.uleb128 0x5
 15330 010f 11       		.uleb128 0x11
 15331 0110 01       		.uleb128 0x1
 15332 0111 12       		.uleb128 0x12
 15333 0112 06       		.uleb128 0x6
 15334 0113 40       		.uleb128 0x40
 15335 0114 18       		.uleb128 0x18
 15336 0115 9642     		.uleb128 0x2116
 15337 0117 19       		.uleb128 0x19
 15338 0118 01       		.uleb128 0x1
 15339 0119 13       		.uleb128 0x13
 15340 011a 00       		.byte	0
 15341 011b 00       		.byte	0
 15342 011c 14       		.uleb128 0x14
 15343 011d 0B       		.uleb128 0xb
 15344 011e 01       		.byte	0x1
 15345 011f 11       		.uleb128 0x11
 15346 0120 01       		.uleb128 0x1
 15347 0121 12       		.uleb128 0x12
 15348 0122 06       		.uleb128 0x6
 15349 0123 01       		.uleb128 0x1
 15350 0124 13       		.uleb128 0x13
 15351 0125 00       		.byte	0
 15352 0126 00       		.byte	0
ARM GAS  C:\Users\ggg88\AppData\Local\Temp\ccfc1YkT.s 			page 315


 15353 0127 15       		.uleb128 0x15
 15354 0128 34       		.uleb128 0x34
 15355 0129 00       		.byte	0
 15356 012a 03       		.uleb128 0x3
 15357 012b 08       		.uleb128 0x8
 15358 012c 3A       		.uleb128 0x3a
 15359 012d 0B       		.uleb128 0xb
 15360 012e 3B       		.uleb128 0x3b
 15361 012f 05       		.uleb128 0x5
 15362 0130 49       		.uleb128 0x49
 15363 0131 13       		.uleb128 0x13
 15364 0132 02       		.uleb128 0x2
 15365 0133 18       		.uleb128 0x18
 15366 0134 00       		.byte	0
 15367 0135 00       		.byte	0
 15368 0136 16       		.uleb128 0x16
 15369 0137 0B       		.uleb128 0xb
 15370 0138 01       		.byte	0x1
 15371 0139 11       		.uleb128 0x11
 15372 013a 01       		.uleb128 0x1
 15373 013b 12       		.uleb128 0x12
 15374 013c 06       		.uleb128 0x6
 15375 013d 00       		.byte	0
 15376 013e 00       		.byte	0
 15377 013f 17       		.uleb128 0x17
 15378 0140 2E       		.uleb128 0x2e
 15379 0141 01       		.byte	0x1
 15380 0142 3F       		.uleb128 0x3f
 15381 0143 19       		.uleb128 0x19
 15382 0144 03       		.uleb128 0x3
 15383 0145 0E       		.uleb128 0xe
 15384 0146 3A       		.uleb128 0x3a
 15385 0147 0B       		.uleb128 0xb
 15386 0148 3B       		.uleb128 0x3b
 15387 0149 05       		.uleb128 0x5
 15388 014a 27       		.uleb128 0x27
 15389 014b 19       		.uleb128 0x19
 15390 014c 11       		.uleb128 0x11
 15391 014d 01       		.uleb128 0x1
 15392 014e 12       		.uleb128 0x12
 15393 014f 06       		.uleb128 0x6
 15394 0150 40       		.uleb128 0x40
 15395 0151 18       		.uleb128 0x18
 15396 0152 9642     		.uleb128 0x2116
 15397 0154 19       		.uleb128 0x19
 15398 0155 01       		.uleb128 0x1
 15399 0156 13       		.uleb128 0x13
 15400 0157 00       		.byte	0
 15401 0158 00       		.byte	0
 15402 0159 18       		.uleb128 0x18
 15403 015a 34       		.uleb128 0x34
 15404 015b 00       		.byte	0
 15405 015c 03       		.uleb128 0x3
 15406 015d 0E       		.uleb128 0xe
 15407 015e 3A       		.uleb128 0x3a
 15408 015f 0B       		.uleb128 0xb
 15409 0160 3B       		.uleb128 0x3b
ARM GAS  C:\Users\ggg88\AppData\Local\Temp\ccfc1YkT.s 			page 316


 15410 0161 05       		.uleb128 0x5
 15411 0162 49       		.uleb128 0x49
 15412 0163 13       		.uleb128 0x13
 15413 0164 02       		.uleb128 0x2
 15414 0165 18       		.uleb128 0x18
 15415 0166 00       		.byte	0
 15416 0167 00       		.byte	0
 15417 0168 19       		.uleb128 0x19
 15418 0169 2E       		.uleb128 0x2e
 15419 016a 00       		.byte	0
 15420 016b 3F       		.uleb128 0x3f
 15421 016c 19       		.uleb128 0x19
 15422 016d 03       		.uleb128 0x3
 15423 016e 0E       		.uleb128 0xe
 15424 016f 3A       		.uleb128 0x3a
 15425 0170 0B       		.uleb128 0xb
 15426 0171 3B       		.uleb128 0x3b
 15427 0172 05       		.uleb128 0x5
 15428 0173 27       		.uleb128 0x27
 15429 0174 19       		.uleb128 0x19
 15430 0175 11       		.uleb128 0x11
 15431 0176 01       		.uleb128 0x1
 15432 0177 12       		.uleb128 0x12
 15433 0178 06       		.uleb128 0x6
 15434 0179 40       		.uleb128 0x40
 15435 017a 18       		.uleb128 0x18
 15436 017b 9642     		.uleb128 0x2116
 15437 017d 19       		.uleb128 0x19
 15438 017e 00       		.byte	0
 15439 017f 00       		.byte	0
 15440 0180 1A       		.uleb128 0x1a
 15441 0181 05       		.uleb128 0x5
 15442 0182 00       		.byte	0
 15443 0183 03       		.uleb128 0x3
 15444 0184 08       		.uleb128 0x8
 15445 0185 3A       		.uleb128 0x3a
 15446 0186 0B       		.uleb128 0xb
 15447 0187 3B       		.uleb128 0x3b
 15448 0188 05       		.uleb128 0x5
 15449 0189 49       		.uleb128 0x49
 15450 018a 13       		.uleb128 0x13
 15451 018b 02       		.uleb128 0x2
 15452 018c 18       		.uleb128 0x18
 15453 018d 00       		.byte	0
 15454 018e 00       		.byte	0
 15455 018f 1B       		.uleb128 0x1b
 15456 0190 0B       		.uleb128 0xb
 15457 0191 01       		.byte	0x1
 15458 0192 55       		.uleb128 0x55
 15459 0193 17       		.uleb128 0x17
 15460 0194 00       		.byte	0
 15461 0195 00       		.byte	0
 15462 0196 1C       		.uleb128 0x1c
 15463 0197 0F       		.uleb128 0xf
 15464 0198 00       		.byte	0
 15465 0199 0B       		.uleb128 0xb
 15466 019a 0B       		.uleb128 0xb
ARM GAS  C:\Users\ggg88\AppData\Local\Temp\ccfc1YkT.s 			page 317


 15467 019b 49       		.uleb128 0x49
 15468 019c 13       		.uleb128 0x13
 15469 019d 00       		.byte	0
 15470 019e 00       		.byte	0
 15471 019f 1D       		.uleb128 0x1d
 15472 01a0 34       		.uleb128 0x34
 15473 01a1 00       		.byte	0
 15474 01a2 03       		.uleb128 0x3
 15475 01a3 0E       		.uleb128 0xe
 15476 01a4 3A       		.uleb128 0x3a
 15477 01a5 0B       		.uleb128 0xb
 15478 01a6 3B       		.uleb128 0x3b
 15479 01a7 0B       		.uleb128 0xb
 15480 01a8 49       		.uleb128 0x49
 15481 01a9 13       		.uleb128 0x13
 15482 01aa 02       		.uleb128 0x2
 15483 01ab 18       		.uleb128 0x18
 15484 01ac 00       		.byte	0
 15485 01ad 00       		.byte	0
 15486 01ae 1E       		.uleb128 0x1e
 15487 01af 34       		.uleb128 0x34
 15488 01b0 00       		.byte	0
 15489 01b1 03       		.uleb128 0x3
 15490 01b2 0E       		.uleb128 0xe
 15491 01b3 3A       		.uleb128 0x3a
 15492 01b4 0B       		.uleb128 0xb
 15493 01b5 3B       		.uleb128 0x3b
 15494 01b6 0B       		.uleb128 0xb
 15495 01b7 49       		.uleb128 0x49
 15496 01b8 13       		.uleb128 0x13
 15497 01b9 3F       		.uleb128 0x3f
 15498 01ba 19       		.uleb128 0x19
 15499 01bb 3C       		.uleb128 0x3c
 15500 01bc 19       		.uleb128 0x19
 15501 01bd 00       		.byte	0
 15502 01be 00       		.byte	0
 15503 01bf 1F       		.uleb128 0x1f
 15504 01c0 21       		.uleb128 0x21
 15505 01c1 00       		.byte	0
 15506 01c2 49       		.uleb128 0x49
 15507 01c3 13       		.uleb128 0x13
 15508 01c4 2F       		.uleb128 0x2f
 15509 01c5 05       		.uleb128 0x5
 15510 01c6 00       		.byte	0
 15511 01c7 00       		.byte	0
 15512 01c8 20       		.uleb128 0x20
 15513 01c9 26       		.uleb128 0x26
 15514 01ca 00       		.byte	0
 15515 01cb 49       		.uleb128 0x49
 15516 01cc 13       		.uleb128 0x13
 15517 01cd 00       		.byte	0
 15518 01ce 00       		.byte	0
 15519 01cf 21       		.uleb128 0x21
 15520 01d0 34       		.uleb128 0x34
 15521 01d1 00       		.byte	0
 15522 01d2 03       		.uleb128 0x3
 15523 01d3 0E       		.uleb128 0xe
ARM GAS  C:\Users\ggg88\AppData\Local\Temp\ccfc1YkT.s 			page 318


 15524 01d4 3A       		.uleb128 0x3a
 15525 01d5 0B       		.uleb128 0xb
 15526 01d6 3B       		.uleb128 0x3b
 15527 01d7 0B       		.uleb128 0xb
 15528 01d8 49       		.uleb128 0x49
 15529 01d9 13       		.uleb128 0x13
 15530 01da 3F       		.uleb128 0x3f
 15531 01db 19       		.uleb128 0x19
 15532 01dc 02       		.uleb128 0x2
 15533 01dd 18       		.uleb128 0x18
 15534 01de 00       		.byte	0
 15535 01df 00       		.byte	0
 15536 01e0 22       		.uleb128 0x22
 15537 01e1 34       		.uleb128 0x34
 15538 01e2 00       		.byte	0
 15539 01e3 03       		.uleb128 0x3
 15540 01e4 0E       		.uleb128 0xe
 15541 01e5 3A       		.uleb128 0x3a
 15542 01e6 0B       		.uleb128 0xb
 15543 01e7 3B       		.uleb128 0x3b
 15544 01e8 05       		.uleb128 0x5
 15545 01e9 49       		.uleb128 0x49
 15546 01ea 13       		.uleb128 0x13
 15547 01eb 3F       		.uleb128 0x3f
 15548 01ec 19       		.uleb128 0x19
 15549 01ed 3C       		.uleb128 0x3c
 15550 01ee 19       		.uleb128 0x19
 15551 01ef 00       		.byte	0
 15552 01f0 00       		.byte	0
 15553 01f1 23       		.uleb128 0x23
 15554 01f2 34       		.uleb128 0x34
 15555 01f3 00       		.byte	0
 15556 01f4 03       		.uleb128 0x3
 15557 01f5 0E       		.uleb128 0xe
 15558 01f6 3A       		.uleb128 0x3a
 15559 01f7 0B       		.uleb128 0xb
 15560 01f8 3B       		.uleb128 0x3b
 15561 01f9 05       		.uleb128 0x5
 15562 01fa 49       		.uleb128 0x49
 15563 01fb 13       		.uleb128 0x13
 15564 01fc 3F       		.uleb128 0x3f
 15565 01fd 19       		.uleb128 0x19
 15566 01fe 02       		.uleb128 0x2
 15567 01ff 18       		.uleb128 0x18
 15568 0200 00       		.byte	0
 15569 0201 00       		.byte	0
 15570 0202 24       		.uleb128 0x24
 15571 0203 34       		.uleb128 0x34
 15572 0204 00       		.byte	0
 15573 0205 03       		.uleb128 0x3
 15574 0206 08       		.uleb128 0x8
 15575 0207 3A       		.uleb128 0x3a
 15576 0208 0B       		.uleb128 0xb
 15577 0209 3B       		.uleb128 0x3b
 15578 020a 0B       		.uleb128 0xb
 15579 020b 49       		.uleb128 0x49
 15580 020c 13       		.uleb128 0x13
ARM GAS  C:\Users\ggg88\AppData\Local\Temp\ccfc1YkT.s 			page 319


 15581 020d 3F       		.uleb128 0x3f
 15582 020e 19       		.uleb128 0x19
 15583 020f 02       		.uleb128 0x2
 15584 0210 18       		.uleb128 0x18
 15585 0211 00       		.byte	0
 15586 0212 00       		.byte	0
 15587 0213 00       		.byte	0
 15588              		.section	.debug_aranges,"",%progbits
 15589 0000 FC000000 		.4byte	0xfc
 15590 0004 0200     		.2byte	0x2
 15591 0006 00000000 		.4byte	.Ldebug_info0
 15592 000a 04       		.byte	0x4
 15593 000b 00       		.byte	0
 15594 000c 0000     		.2byte	0
 15595 000e 0000     		.2byte	0
 15596 0010 00000000 		.4byte	.LFB64
 15597 0014 56000000 		.4byte	.LFE64-.LFB64
 15598 0018 00000000 		.4byte	.LFB65
 15599 001c 64000000 		.4byte	.LFE65-.LFB65
 15600 0020 00000000 		.4byte	.LFB66
 15601 0024 E8010000 		.4byte	.LFE66-.LFB66
 15602 0028 00000000 		.4byte	.LFB67
 15603 002c 18010000 		.4byte	.LFE67-.LFB67
 15604 0030 00000000 		.4byte	.LFB68
 15605 0034 84000000 		.4byte	.LFE68-.LFB68
 15606 0038 00000000 		.4byte	.LFB69
 15607 003c 34000000 		.4byte	.LFE69-.LFB69
 15608 0040 00000000 		.4byte	.LFB70
 15609 0044 7C000000 		.4byte	.LFE70-.LFB70
 15610 0048 00000000 		.4byte	.LFB71
 15611 004c 14000000 		.4byte	.LFE71-.LFB71
 15612 0050 00000000 		.4byte	.LFB72
 15613 0054 9C000000 		.4byte	.LFE72-.LFB72
 15614 0058 00000000 		.4byte	.LFB73
 15615 005c 5C010000 		.4byte	.LFE73-.LFB73
 15616 0060 00000000 		.4byte	.LFB74
 15617 0064 80000000 		.4byte	.LFE74-.LFB74
 15618 0068 00000000 		.4byte	.LFB75
 15619 006c F8250000 		.4byte	.LFE75-.LFB75
 15620 0070 00000000 		.4byte	.LFB76
 15621 0074 70000000 		.4byte	.LFE76-.LFB76
 15622 0078 00000000 		.4byte	.LFB77
 15623 007c 70010000 		.4byte	.LFE77-.LFB77
 15624 0080 00000000 		.4byte	.LFB78
 15625 0084 E0000000 		.4byte	.LFE78-.LFB78
 15626 0088 00000000 		.4byte	.LFB79
 15627 008c F4000000 		.4byte	.LFE79-.LFB79
 15628 0090 00000000 		.4byte	.LFB80
 15629 0094 24000000 		.4byte	.LFE80-.LFB80
 15630 0098 00000000 		.4byte	.LFB81
 15631 009c 54000000 		.4byte	.LFE81-.LFB81
 15632 00a0 00000000 		.4byte	.LFB82
 15633 00a4 C4000000 		.4byte	.LFE82-.LFB82
 15634 00a8 00000000 		.4byte	.LFB83
 15635 00ac 98000000 		.4byte	.LFE83-.LFB83
 15636 00b0 00000000 		.4byte	.LFB84
 15637 00b4 D4000000 		.4byte	.LFE84-.LFB84
ARM GAS  C:\Users\ggg88\AppData\Local\Temp\ccfc1YkT.s 			page 320


 15638 00b8 00000000 		.4byte	.LFB85
 15639 00bc 1C000000 		.4byte	.LFE85-.LFB85
 15640 00c0 00000000 		.4byte	.LFB86
 15641 00c4 68000000 		.4byte	.LFE86-.LFB86
 15642 00c8 00000000 		.4byte	.LFB87
 15643 00cc 68000000 		.4byte	.LFE87-.LFB87
 15644 00d0 00000000 		.4byte	.LFB88
 15645 00d4 68000000 		.4byte	.LFE88-.LFB88
 15646 00d8 00000000 		.4byte	.LFB89
 15647 00dc 6C000000 		.4byte	.LFE89-.LFB89
 15648 00e0 00000000 		.4byte	.LFB90
 15649 00e4 5C000000 		.4byte	.LFE90-.LFB90
 15650 00e8 00000000 		.4byte	.LFB91
 15651 00ec B00E0000 		.4byte	.LFE91-.LFB91
 15652 00f0 00000000 		.4byte	.LFB92
 15653 00f4 FC010000 		.4byte	.LFE92-.LFB92
 15654 00f8 00000000 		.4byte	0
 15655 00fc 00000000 		.4byte	0
 15656              		.section	.debug_ranges,"",%progbits
 15657              	.Ldebug_ranges0:
 15658 0000 94120000 		.4byte	.LBB30
 15659 0004 D4130000 		.4byte	.LBE30
 15660 0008 44140000 		.4byte	.LBB31
 15661 000c 46140000 		.4byte	.LBE31
 15662 0010 00000000 		.4byte	0
 15663 0014 00000000 		.4byte	0
 15664 0018 00000000 		.4byte	.LFB64
 15665 001c 56000000 		.4byte	.LFE64
 15666 0020 00000000 		.4byte	.LFB65
 15667 0024 64000000 		.4byte	.LFE65
 15668 0028 00000000 		.4byte	.LFB66
 15669 002c E8010000 		.4byte	.LFE66
 15670 0030 00000000 		.4byte	.LFB67
 15671 0034 18010000 		.4byte	.LFE67
 15672 0038 00000000 		.4byte	.LFB68
 15673 003c 84000000 		.4byte	.LFE68
 15674 0040 00000000 		.4byte	.LFB69
 15675 0044 34000000 		.4byte	.LFE69
 15676 0048 00000000 		.4byte	.LFB70
 15677 004c 7C000000 		.4byte	.LFE70
 15678 0050 00000000 		.4byte	.LFB71
 15679 0054 14000000 		.4byte	.LFE71
 15680 0058 00000000 		.4byte	.LFB72
 15681 005c 9C000000 		.4byte	.LFE72
 15682 0060 00000000 		.4byte	.LFB73
 15683 0064 5C010000 		.4byte	.LFE73
 15684 0068 00000000 		.4byte	.LFB74
 15685 006c 80000000 		.4byte	.LFE74
 15686 0070 00000000 		.4byte	.LFB75
 15687 0074 F8250000 		.4byte	.LFE75
 15688 0078 00000000 		.4byte	.LFB76
 15689 007c 70000000 		.4byte	.LFE76
 15690 0080 00000000 		.4byte	.LFB77
 15691 0084 70010000 		.4byte	.LFE77
 15692 0088 00000000 		.4byte	.LFB78
 15693 008c E0000000 		.4byte	.LFE78
 15694 0090 00000000 		.4byte	.LFB79
ARM GAS  C:\Users\ggg88\AppData\Local\Temp\ccfc1YkT.s 			page 321


 15695 0094 F4000000 		.4byte	.LFE79
 15696 0098 00000000 		.4byte	.LFB80
 15697 009c 24000000 		.4byte	.LFE80
 15698 00a0 00000000 		.4byte	.LFB81
 15699 00a4 54000000 		.4byte	.LFE81
 15700 00a8 00000000 		.4byte	.LFB82
 15701 00ac C4000000 		.4byte	.LFE82
 15702 00b0 00000000 		.4byte	.LFB83
 15703 00b4 98000000 		.4byte	.LFE83
 15704 00b8 00000000 		.4byte	.LFB84
 15705 00bc D4000000 		.4byte	.LFE84
 15706 00c0 00000000 		.4byte	.LFB85
 15707 00c4 1C000000 		.4byte	.LFE85
 15708 00c8 00000000 		.4byte	.LFB86
 15709 00cc 68000000 		.4byte	.LFE86
 15710 00d0 00000000 		.4byte	.LFB87
 15711 00d4 68000000 		.4byte	.LFE87
 15712 00d8 00000000 		.4byte	.LFB88
 15713 00dc 68000000 		.4byte	.LFE88
 15714 00e0 00000000 		.4byte	.LFB89
 15715 00e4 6C000000 		.4byte	.LFE89
 15716 00e8 00000000 		.4byte	.LFB90
 15717 00ec 5C000000 		.4byte	.LFE90
 15718 00f0 00000000 		.4byte	.LFB91
 15719 00f4 B00E0000 		.4byte	.LFE91
 15720 00f8 00000000 		.4byte	.LFB92
 15721 00fc FC010000 		.4byte	.LFE92
 15722 0100 00000000 		.4byte	0
 15723 0104 00000000 		.4byte	0
 15724              		.section	.debug_line,"",%progbits
 15725              	.Ldebug_line0:
 15726 0000 470D0000 		.section	.debug_str,"MS",%progbits,1
 15726      0200BC01 
 15726      00000201 
 15726      FB0E0D00 
 15726      01010101 
 15727              	.LASF97:
 15728 0000 70656461 		.ascii	"pedalsMIDIUp\000"
 15728      6C734D49 
 15728      44495570 
 15728      00
 15729              	.LASF245:
 15730 000d 70726573 		.ascii	"presetArraySection\000"
 15730      65744172 
 15730      72617953 
 15730      65637469 
 15730      6F6E00
 15731              	.LASF15:
 15732 0020 696E7438 		.ascii	"int8_t\000"
 15732      5F7400
 15733              	.LASF233:
 15734 0027 70726573 		.ascii	"presetArray\000"
 15734      65744172 
 15734      72617900 
 15735              	.LASF366:
 15736 0033 66697273 		.ascii	"firstSysex\000"
 15736      74537973 
ARM GAS  C:\Users\ggg88\AppData\Local\Temp\ccfc1YkT.s 			page 322


 15736      657800
 15737              	.LASF30:
 15738 003e 73697A65 		.ascii	"sizetype\000"
 15738      74797065 
 15738      00
 15739              	.LASF251:
 15740 0047 73656E64 		.ascii	"sendingMessage\000"
 15740      696E674D 
 15740      65737361 
 15740      676500
 15741              	.LASF334:
 15742 0056 70726576 		.ascii	"prev_processed_volumePedal\000"
 15742      5F70726F 
 15742      63657373 
 15742      65645F76 
 15742      6F6C756D 
 15743              	.LASF88:
 15744 0071 74656D70 		.ascii	"tempangle\000"
 15744      616E676C 
 15744      6500
 15745              	.LASF297:
 15746 007b 6E657744 		.ascii	"newDataFlag2\000"
 15746      61746146 
 15746      6C616732 
 15746      00
 15747              	.LASF177:
 15748 0088 6D616372 		.ascii	"macroNamesArray\000"
 15748      6F4E616D 
 15748      65734172 
 15748      72617900 
 15749              	.LASF209:
 15750 0098 73656E64 		.ascii	"sendLocalPresetStoreCommand\000"
 15750      4C6F6361 
 15750      6C507265 
 15750      73657453 
 15750      746F7265 
 15751              	.LASF40:
 15752 00b4 43595F45 		.ascii	"CY_EM_EEPROM_SUCCESS\000"
 15752      4D5F4545 
 15752      50524F4D 
 15752      5F535543 
 15752      43455353 
 15753              	.LASF19:
 15754 00c9 696E7433 		.ascii	"int32_t\000"
 15754      325F7400 
 15755              	.LASF161:
 15756 00d1 456D5F45 		.ascii	"Em_EEPROM_context\000"
 15756      4550524F 
 15756      4D5F636F 
 15756      6E746578 
 15756      7400
 15757              	.LASF49:
 15758 00e3 54686972 		.ascii	"ThirdLine\000"
 15758      644C696E 
 15758      6500
 15759              	.LASF101:
 15760 00ed 62617242 		.ascii	"barBend\000"
ARM GAS  C:\Users\ggg88\AppData\Local\Temp\ccfc1YkT.s 			page 323


 15760      656E6400 
 15761              	.LASF121:
 15762 00f5 6E6F7465 		.ascii	"noteEvent\000"
 15762      4576656E 
 15762      7400
 15763              	.LASF178:
 15764 00ff 636F6E74 		.ascii	"controlNamesArray\000"
 15764      726F6C4E 
 15764      616D6573 
 15764      41727261 
 15764      7900
 15765              	.LASF306:
 15766 0111 53504932 		.ascii	"SPI2errorflag\000"
 15766      6572726F 
 15766      72666C61 
 15766      6700
 15767              	.LASF23:
 15768 011f 75696E74 		.ascii	"uint32\000"
 15768      333200
 15769              	.LASF106:
 15770 0126 77686963 		.ascii	"whichMacroToStoreName\000"
 15770      684D6163 
 15770      726F546F 
 15770      53746F72 
 15770      654E616D 
 15771              	.LASF134:
 15772 013c 43437661 		.ascii	"CCval\000"
 15772      6C00
 15773              	.LASF257:
 15774 0142 6E756D4D 		.ascii	"numMappings\000"
 15774      61707069 
 15774      6E677300 
 15775              	.LASF166:
 15776 014e 49324362 		.ascii	"I2Cbuff1\000"
 15776      75666631 
 15776      00
 15777              	.LASF322:
 15778 0157 49324362 		.ascii	"I2Cbuff2\000"
 15778      75666632 
 15778      00
 15779              	.LASF324:
 15780 0160 6D75785F 		.ascii	"mux_states\000"
 15780      73746174 
 15780      657300
 15781              	.LASF150:
 15782 016b 74656D70 		.ascii	"tempLow\000"
 15782      4C6F7700 
 15783              	.LASF175:
 15784 0173 6E65636B 		.ascii	"necks\000"
 15784      7300
 15785              	.LASF167:
 15786 0179 6F637461 		.ascii	"octave\000"
 15786      766500
 15787              	.LASF253:
 15788 0180 63757272 		.ascii	"currentFloat\000"
 15788      656E7446 
 15788      6C6F6174 
ARM GAS  C:\Users\ggg88\AppData\Local\Temp\ccfc1YkT.s 			page 324


 15788      00
 15789              	.LASF172:
 15790 018d 766F6C75 		.ascii	"volumeWaitingToSend\000"
 15790      6D655761 
 15790      6974696E 
 15790      67546F53 
 15790      656E6400 
 15791              	.LASF51:
 15792 01a1 4E696C4C 		.ascii	"NilLine\000"
 15792      696E6500 
 15793              	.LASF45:
 15794 01a9 63795F65 		.ascii	"cy_en_em_eeprom_status_t\000"
 15794      6E5F656D 
 15794      5F656570 
 15794      726F6D5F 
 15794      73746174 
 15795              	.LASF222:
 15796 01c2 6C617374 		.ascii	"lastBufferStuff\000"
 15796      42756666 
 15796      65725374 
 15796      75666600 
 15797              	.LASF173:
 15798 01d2 6D616372 		.ascii	"macroOLEDWaitingToSend\000"
 15798      6F4F4C45 
 15798      44576169 
 15798      74696E67 
 15798      546F5365 
 15799              	.LASF190:
 15800 01e9 70656461 		.ascii	"pedals_high\000"
 15800      6C735F68 
 15800      69676800 
 15801              	.LASF112:
 15802 01f5 6E627974 		.ascii	"nbytes\000"
 15802      657300
 15803              	.LASF183:
 15804 01fc 636F7065 		.ascii	"copedentNamesArray\000"
 15804      64656E74 
 15804      4E616D65 
 15804      73417272 
 15804      617900
 15805              	.LASF255:
 15806 020f 76616C73 		.ascii	"valsCount\000"
 15806      436F756E 
 15806      7400
 15807              	.LASF219:
 15808 0219 6D617374 		.ascii	"masterTimer\000"
 15808      65725469 
 15808      6D657200 
 15809              	.LASF133:
 15810 0225 43436E75 		.ascii	"CCnum\000"
 15810      6D00
 15811              	.LASF226:
 15812 022b 73797365 		.ascii	"sysexReadPointer\000"
 15812      78526561 
 15812      64506F69 
 15812      6E746572 
 15812      00
ARM GAS  C:\Users\ggg88\AppData\Local\Temp\ccfc1YkT.s 			page 325


 15813              	.LASF42:
 15814 023c 43595F45 		.ascii	"CY_EM_EEPROM_BAD_CHECKSUM\000"
 15814      4D5F4545 
 15814      50524F4D 
 15814      5F424144 
 15814      5F434845 
 15815              	.LASF38:
 15816 0256 75736572 		.ascii	"userFlashStartAddr\000"
 15816      466C6173 
 15816      68537461 
 15816      72744164 
 15816      647200
 15817              	.LASF32:
 15818 0269 6E756D62 		.ascii	"numberOfRows\000"
 15818      65724F66 
 15818      526F7773 
 15818      00
 15819              	.LASF143:
 15820 0276 696E7456 		.ascii	"intVal\000"
 15820      616C00
 15821              	.LASF61:
 15822 027d 69737461 		.ascii	"istart\000"
 15822      727400
 15823              	.LASF66:
 15824 0284 70656461 		.ascii	"pedalDiff\000"
 15824      6C446966 
 15824      6600
 15825              	.LASF140:
 15826 028e 74686556 		.ascii	"theVal\000"
 15826      616C00
 15827              	.LASF36:
 15828 0295 72656475 		.ascii	"redundantCopy\000"
 15828      6E64616E 
 15828      74436F70 
 15828      7900
 15829              	.LASF1:
 15830 02a3 5F5F7569 		.ascii	"__uint8_t\000"
 15830      6E74385F 
 15830      7400
 15831              	.LASF256:
 15832 02ad 6D617043 		.ascii	"mapCountExpectation\000"
 15832      6F756E74 
 15832      45787065 
 15832      63746174 
 15832      696F6E00 
 15833              	.LASF59:
 15834 02c1 70726573 		.ascii	"presetEnd\000"
 15834      6574456E 
 15834      6400
 15835              	.LASF321:
 15836 02cb 62617243 		.ascii	"barCount\000"
 15836      6F756E74 
 15836      00
 15837              	.LASF236:
 15838 02d4 73656E64 		.ascii	"sendMessageEnd\000"
 15838      4D657373 
 15838      61676545 
ARM GAS  C:\Users\ggg88\AppData\Local\Temp\ccfc1YkT.s 			page 326


 15838      6E6400
 15839              	.LASF327:
 15840 02e3 70656461 		.ascii	"pedals_highWithDeadZone\000"
 15840      6C735F68 
 15840      69676857 
 15840      69746844 
 15840      6561645A 
 15841              	.LASF182:
 15842 02fb 70726573 		.ascii	"presetNumberToLoad\000"
 15842      65744E75 
 15842      6D626572 
 15842      546F4C6F 
 15842      616400
 15843              	.LASF343:
 15844 030e 766F6963 		.ascii	"voice\000"
 15844      6500
 15845              	.LASF216:
 15846 0314 76657273 		.ascii	"versionNumber\000"
 15846      696F6E4E 
 15846      756D6265 
 15846      7200
 15847              	.LASF287:
 15848 0322 73747269 		.ascii	"strings\000"
 15848      6E677300 
 15849              	.LASF9:
 15850 032a 6C6F6E67 		.ascii	"long int\000"
 15850      20696E74 
 15850      00
 15851              	.LASF171:
 15852 0333 6D61696E 		.ascii	"mainOLEDWaitingToSend\000"
 15852      4F4C4544 
 15852      57616974 
 15852      696E6754 
 15852      6F53656E 
 15853              	.LASF338:
 15854 0349 66726574 		.ascii	"fretScalingInMIDI\000"
 15854      5363616C 
 15854      696E6749 
 15854      6E4D4944 
 15854      4900
 15855              	.LASF337:
 15856 035b 70726573 		.ascii	"presetLoadedResponse\000"
 15856      65744C6F 
 15856      61646564 
 15856      52657370 
 15856      6F6E7365 
 15857              	.LASF234:
 15858 0370 70726573 		.ascii	"presetNumberToWrite\000"
 15858      65744E75 
 15858      6D626572 
 15858      546F5772 
 15858      69746500 
 15859              	.LASF316:
 15860 0384 62656E64 		.ascii	"bendScalingArray\000"
 15860      5363616C 
 15860      696E6741 
 15860      72726179 
ARM GAS  C:\Users\ggg88\AppData\Local\Temp\ccfc1YkT.s 			page 327


 15860      00
 15861              	.LASF105:
 15862 0395 77686963 		.ascii	"whichPresetToStoreName\000"
 15862      68507265 
 15862      73657454 
 15862      6F53746F 
 15862      72654E61 
 15863              	.LASF181:
 15864 03ac 70726573 		.ascii	"presetNamesArray\000"
 15864      65744E61 
 15864      6D657341 
 15864      72726179 
 15864      00
 15865              	.LASF76:
 15866 03bd 6D61696E 		.ascii	"main\000"
 15866      00
 15867              	.LASF346:
 15868 03c2 70726576 		.ascii	"prevStringPitchBend\000"
 15868      53747269 
 15868      6E675069 
 15868      74636842 
 15868      656E6400 
 15869              	.LASF128:
 15870 03d6 4D494449 		.ascii	"MIDInoteNum\000"
 15870      6E6F7465 
 15870      4E756D00 
 15871              	.LASF136:
 15872 03e2 73656E64 		.ascii	"sendMIDIAllNotesOff\000"
 15872      4D494449 
 15872      416C6C4E 
 15872      6F746573 
 15872      4F666600 
 15873              	.LASF210:
 15874 03f6 6E657750 		.ascii	"newPresetName\000"
 15874      72657365 
 15874      744E616D 
 15874      6500
 15875              	.LASF114:
 15876 0404 6572726F 		.ascii	"error\000"
 15876      7200
 15877              	.LASF48:
 15878 040a 5365636F 		.ascii	"SecondLine\000"
 15878      6E644C69 
 15878      6E6500
 15879              	.LASF87:
 15880 0415 74656D70 		.ascii	"tempSquished\000"
 15880      53717569 
 15880      73686564 
 15880      00
 15881              	.LASF252:
 15882 0422 73656E64 		.ascii	"sendKnobs\000"
 15882      4B6E6F62 
 15882      7300
 15883              	.LASF315:
 15884 042c 70726576 		.ascii	"prevMacroKnobValues7bit\000"
 15884      4D616372 
 15884      6F4B6E6F 
ARM GAS  C:\Users\ggg88\AppData\Local\Temp\ccfc1YkT.s 			page 328


 15884      6256616C 
 15884      75657337 
 15885              	.LASF203:
 15886 0444 6D696469 		.ascii	"midiBarSendOn\000"
 15886      42617253 
 15886      656E644F 
 15886      6E00
 15887              	.LASF307:
 15888 0452 6B6E6F62 		.ascii	"knobs\000"
 15888      7300
 15889              	.LASF263:
 15890 0458 63757272 		.ascii	"currentVBUS\000"
 15890      656E7456 
 15890      42555300 
 15891              	.LASF81:
 15892 0464 73747269 		.ascii	"stringStartLoc\000"
 15892      6E675374 
 15892      6172744C 
 15892      6F6300
 15893              	.LASF2:
 15894 0473 7369676E 		.ascii	"signed char\000"
 15894      65642063 
 15894      68617200 
 15895              	.LASF16:
 15896 047f 75696E74 		.ascii	"uint8_t\000"
 15896      385F7400 
 15897              	.LASF31:
 15898 0487 776C456E 		.ascii	"wlEndAddr\000"
 15898      64416464 
 15898      7200
 15899              	.LASF152:
 15900 0491 5553425F 		.ascii	"USB_callbackLocalMidiEvent\000"
 15900      63616C6C 
 15900      6261636B 
 15900      4C6F6361 
 15900      6C4D6964 
 15901              	.LASF207:
 15902 04ac 70726576 		.ascii	"prevMacroKnobValues\000"
 15902      4D616372 
 15902      6F4B6E6F 
 15902      6256616C 
 15902      75657300 
 15903              	.LASF74:
 15904 04c0 73706973 		.ascii	"spis_1_ss\000"
 15904      5F315F73 
 15904      7300
 15905              	.LASF43:
 15906 04ca 43595F45 		.ascii	"CY_EM_EEPROM_BAD_DATA\000"
 15906      4D5F4545 
 15906      50524F4D 
 15906      5F424144 
 15906      5F444154 
 15907              	.LASF52:
 15908 04e0 5F4F4C45 		.ascii	"_OLEDLine\000"
 15908      444C696E 
 15908      6500
 15909              	.LASF254:
ARM GAS  C:\Users\ggg88\AppData\Local\Temp\ccfc1YkT.s 			page 329


 15910 04ea 6D617043 		.ascii	"mapCount\000"
 15910      6F756E74 
 15910      00
 15911              	.LASF148:
 15912 04f3 74656D70 		.ascii	"tempIntVersion\000"
 15912      496E7456 
 15912      65727369 
 15912      6F6E00
 15913              	.LASF340:
 15914 0502 70656461 		.ascii	"pedalRatios\000"
 15914      6C526174 
 15914      696F7300 
 15915              	.LASF3:
 15916 050e 756E7369 		.ascii	"unsigned char\000"
 15916      676E6564 
 15916      20636861 
 15916      7200
 15917              	.LASF204:
 15918 051c 6D696469 		.ascii	"midiDebugSendOn\000"
 15918      44656275 
 15918      6753656E 
 15918      644F6E00 
 15919              	.LASF259:
 15920 052c 76616C43 		.ascii	"valCheck\000"
 15920      6865636B 
 15920      00
 15921              	.LASF142:
 15922 0535 76616C73 		.ascii	"valsStart\000"
 15922      53746172 
 15922      7400
 15923              	.LASF78:
 15924 053f 636F7065 		.ascii	"coped\000"
 15924      6400
 15925              	.LASF277:
 15926 0545 72783143 		.ascii	"rx1Channel\000"
 15926      68616E6E 
 15926      656C00
 15927              	.LASF80:
 15928 0550 70656461 		.ascii	"pedalStartLoc\000"
 15928      6C537461 
 15928      72744C6F 
 15928      6300
 15929              	.LASF293:
 15930 055e 6E657744 		.ascii	"newDataFlag\000"
 15930      61746146 
 15930      6C616700 
 15931              	.LASF355:
 15932 056a 73747269 		.ascii	"stringOctave\000"
 15932      6E674F63 
 15932      74617665 
 15932      00
 15933              	.LASF119:
 15934 0577 5553425F 		.ascii	"USB_service\000"
 15934      73657276 
 15934      69636500 
 15935              	.LASF99:
 15936 0583 6F70656E 		.ascii	"openStringTemp\000"
ARM GAS  C:\Users\ggg88\AppData\Local\Temp\ccfc1YkT.s 			page 330


 15936      53747269 
 15936      6E675465 
 15936      6D7000
 15937              	.LASF238:
 15938 0592 73696E67 		.ascii	"singleParamToUpdateHigh\000"
 15938      6C655061 
 15938      72616D54 
 15938      6F557064 
 15938      61746548 
 15939              	.LASF60:
 15940 05aa 76616C75 		.ascii	"value\000"
 15940      6500
 15941              	.LASF341:
 15942 05b0 6C617374 		.ascii	"last_mux\000"
 15942      5F6D7578 
 15942      00
 15943              	.LASF131:
 15944 05b9 70726573 		.ascii	"pressure\000"
 15944      73757265 
 15944      00
 15945              	.LASF184:
 15946 05c2 70726573 		.ascii	"presetAlreadyDisplayed\000"
 15946      6574416C 
 15946      72656164 
 15946      79446973 
 15946      706C6179 
 15947              	.LASF55:
 15948 05d9 6D616372 		.ascii	"macroNames\000"
 15948      6F4E616D 
 15948      657300
 15949              	.LASF288:
 15950 05e4 70726576 		.ascii	"prevStrings\000"
 15950      53747269 
 15950      6E677300 
 15951              	.LASF26:
 15952 05f0 63686172 		.ascii	"char\000"
 15952      00
 15953              	.LASF155:
 15954 05f5 65657072 		.ascii	"eepromArray\000"
 15954      6F6D4172 
 15954      72617900 
 15955              	.LASF138:
 15956 0601 6D657373 		.ascii	"messageStart\000"
 15956      61676553 
 15956      74617274 
 15956      00
 15957              	.LASF273:
 15958 060e 72617741 		.ascii	"rawAngle\000"
 15958      6E676C65 
 15958      00
 15959              	.LASF170:
 15960 0617 74726164 		.ascii	"traditionalPedalAdd\000"
 15960      6974696F 
 15960      6E616C50 
 15960      6564616C 
 15960      41646400 
 15961              	.LASF205:
ARM GAS  C:\Users\ggg88\AppData\Local\Temp\ccfc1YkT.s 			page 331


 15962 062b 73656E64 		.ascii	"sendFirmwareUpdateRequest\000"
 15962      4669726D 
 15962      77617265 
 15962      55706461 
 15962      74655265 
 15963              	.LASF108:
 15964 0645 446D6154 		.ascii	"DmaTxConfiguration\000"
 15964      78436F6E 
 15964      66696775 
 15964      72617469 
 15964      6F6E00
 15965              	.LASF6:
 15966 0658 5F5F7569 		.ascii	"__uint16_t\000"
 15966      6E743136 
 15966      5F7400
 15967              	.LASF118:
 15968 0663 63686563 		.ascii	"checkUSB_Vbus\000"
 15968      6B555342 
 15968      5F566275 
 15968      7300
 15969              	.LASF350:
 15970 0671 73747269 		.ascii	"stringMappedPositionsInRatios\000"
 15970      6E674D61 
 15970      70706564 
 15970      506F7369 
 15970      74696F6E 
 15971              	.LASF151:
 15972 068f 726F756E 		.ascii	"roundedIndex\000"
 15972      64656449 
 15972      6E646578 
 15972      00
 15973              	.LASF320:
 15974 069c 65657072 		.ascii	"eeprom_cnt\000"
 15974      6F6D5F63 
 15974      6E7400
 15975              	.LASF159:
 15976 06a7 5553425F 		.ascii	"USB_midi_out_ep\000"
 15976      6D696469 
 15976      5F6F7574 
 15976      5F657000 
 15977              	.LASF89:
 15978 06b7 74656D70 		.ascii	"tempPedal\000"
 15978      50656461 
 15978      6C00
 15979              	.LASF117:
 15980 06c1 4932435F 		.ascii	"I2C_reset\000"
 15980      72657365 
 15980      7400
 15981              	.LASF191:
 15982 06cb 70656461 		.ascii	"pedal_inverted\000"
 15982      6C5F696E 
 15982      76657274 
 15982      656400
 15983              	.LASF46:
 15984 06da 75696E74 		.ascii	"uint\000"
 15984      00
 15985              	.LASF375:
ARM GAS  C:\Users\ggg88\AppData\Local\Temp\ccfc1YkT.s 			page 332


 15986 06df 6275726E 		.ascii	"burnInitialPedalZeroPositions\000"
 15986      496E6974 
 15986      69616C50 
 15986      6564616C 
 15986      5A65726F 
 15987              	.LASF130:
 15988 06fd 73656E64 		.ascii	"sendMIDIPolyKeyPressure\000"
 15988      4D494449 
 15988      506F6C79 
 15988      4B657950 
 15988      72657373 
 15989              	.LASF228:
 15990 0715 73797365 		.ascii	"sysexMessageStartPoints\000"
 15990      784D6573 
 15990      73616765 
 15990      53746172 
 15990      74506F69 
 15991              	.LASF147:
 15992 072d 73747269 		.ascii	"stringChange\000"
 15992      6E674368 
 15992      616E6765 
 15992      00
 15993              	.LASF206:
 15994 073a 6B6E6F62 		.ascii	"knobFrozen\000"
 15994      46726F7A 
 15994      656E00
 15995              	.LASF368:
 15996 0745 6D6F7265 		.ascii	"moreToDo\000"
 15996      546F446F 
 15996      00
 15997              	.LASF94:
 15998 074e 636F6D70 		.ascii	"computerMIDIOffset\000"
 15998      75746572 
 15998      4D494449 
 15998      4F666673 
 15998      657400
 15999              	.LASF241:
 16000 0761 73696E67 		.ascii	"singleParamValueLow\000"
 16000      6C655061 
 16000      72616D56 
 16000      616C7565 
 16000      4C6F7700 
 16001              	.LASF132:
 16002 0775 73656E64 		.ascii	"sendMIDIControlChange\000"
 16002      4D494449 
 16002      436F6E74 
 16002      726F6C43 
 16002      68616E67 
 16003              	.LASF292:
 16004 078b 73706943 		.ascii	"spiCounter\000"
 16004      6F756E74 
 16004      657200
 16005              	.LASF194:
 16006 0796 7472616E 		.ascii	"transposeCents\000"
 16006      73706F73 
 16006      6543656E 
 16006      747300
ARM GAS  C:\Users\ggg88\AppData\Local\Temp\ccfc1YkT.s 			page 333


 16007              	.LASF41:
 16008 07a5 43595F45 		.ascii	"CY_EM_EEPROM_BAD_PARAM\000"
 16008      4D5F4545 
 16008      50524F4D 
 16008      5F424144 
 16008      5F504152 
 16009              	.LASF367:
 16010 07bc 73797365 		.ascii	"sysexPointerMask\000"
 16010      78506F69 
 16010      6E746572 
 16010      4D61736B 
 16010      00
 16011              	.LASF163:
 16012 07cd 4932435F 		.ascii	"I2C_1_initVar\000"
 16012      315F696E 
 16012      69745661 
 16012      7200
 16013              	.LASF169:
 16014 07db 63757272 		.ascii	"currentCopedent\000"
 16014      656E7443 
 16014      6F706564 
 16014      656E7400 
 16015              	.LASF54:
 16016 07eb 70726573 		.ascii	"presetName\000"
 16016      65744E61 
 16016      6D6500
 16017              	.LASF53:
 16018 07f6 5F707265 		.ascii	"_presetArraySectionState\000"
 16018      73657441 
 16018      72726179 
 16018      53656374 
 16018      696F6E53 
 16019              	.LASF232:
 16020 080f 70617273 		.ascii	"parsingSysex\000"
 16020      696E6753 
 16020      79736578 
 16020      00
 16021              	.LASF270:
 16022 081c 72657475 		.ascii	"returnedData\000"
 16022      726E6564 
 16022      44617461 
 16022      00
 16023              	.LASF50:
 16024 0829 466F7572 		.ascii	"FourthLine\000"
 16024      74684C69 
 16024      6E6500
 16025              	.LASF336:
 16026 0834 736C6964 		.ascii	"sliderBugOn\000"
 16026      65724275 
 16026      674F6E00 
 16027              	.LASF185:
 16028 0840 77686963 		.ascii	"whichMacro\000"
 16028      684D6163 
 16028      726F00
 16029              	.LASF328:
 16030 084b 766F6C75 		.ascii	"volumePedal\000"
 16030      6D655065 
ARM GAS  C:\Users\ggg88\AppData\Local\Temp\ccfc1YkT.s 			page 334


 16030      64616C00 
 16031              	.LASF285:
 16032 0857 72784275 		.ascii	"rxBufferPluck\000"
 16032      66666572 
 16032      506C7563 
 16032      6B00
 16033              	.LASF345:
 16034 0865 636F7065 		.ascii	"copedent\000"
 16034      64656E74 
 16034      00
 16035              	.LASF331:
 16036 086e 70656461 		.ascii	"pedals8bit\000"
 16036      6C733862 
 16036      697400
 16037              	.LASF68:
 16038 0879 756E7361 		.ascii	"unsafeFtom\000"
 16038      66654674 
 16038      6F6D00
 16039              	.LASF308:
 16040 0884 70726576 		.ascii	"prevKnobs\000"
 16040      4B6E6F62 
 16040      7300
 16041              	.LASF304:
 16042 088e 6D795370 		.ascii	"mySpiCounter\000"
 16042      69436F75 
 16042      6E746572 
 16042      00
 16043              	.LASF223:
 16044 089b 6C617374 		.ascii	"lastEndReceive\000"
 16044      456E6452 
 16044      65636569 
 16044      766500
 16045              	.LASF248:
 16046 08aa 73797365 		.ascii	"sysexMessageInProgress\000"
 16046      784D6573 
 16046      73616765 
 16046      496E5072 
 16046      6F677265 
 16047              	.LASF369:
 16048 08c1 5350495F 		.ascii	"SPI_errors\000"
 16048      6572726F 
 16048      727300
 16049              	.LASF126:
 16050 08cc 43434576 		.ascii	"CCEvent\000"
 16050      656E7400 
 16051              	.LASF352:
 16052 08d4 73747269 		.ascii	"stringMappedPositionsInMIDI\000"
 16052      6E674D61 
 16052      70706564 
 16052      506F7369 
 16052      74696F6E 
 16053              	.LASF137:
 16054 08f0 70617273 		.ascii	"parseSysex\000"
 16054      65537973 
 16054      657800
 16055              	.LASF302:
 16056 08fb 696E7075 		.ascii	"inputData\000"
ARM GAS  C:\Users\ggg88\AppData\Local\Temp\ccfc1YkT.s 			page 335


 16056      74446174 
 16056      6100
 16057              	.LASF39:
 16058 0905 63795F73 		.ascii	"cy_stc_eeprom_context_t\000"
 16058      74635F65 
 16058      6570726F 
 16058      6D5F636F 
 16058      6E746578 
 16059              	.LASF11:
 16060 091d 6C6F6E67 		.ascii	"long unsigned int\000"
 16060      20756E73 
 16060      69676E65 
 16060      6420696E 
 16060      7400
 16061              	.LASF359:
 16062 092f 70726573 		.ascii	"presetWhenMacroWriteStarted\000"
 16062      65745768 
 16062      656E4D61 
 16062      63726F57 
 16062      72697465 
 16063              	.LASF162:
 16064 094b 456D5F45 		.ascii	"Em_EEPROM_em_EepromStorage\000"
 16064      4550524F 
 16064      4D5F656D 
 16064      5F456570 
 16064      726F6D53 
 16065              	.LASF229:
 16066 0966 73797365 		.ascii	"sysexMessageStartPointsWritePosition\000"
 16066      784D6573 
 16066      73616765 
 16066      53746172 
 16066      74506F69 
 16067              	.LASF319:
 16068 098b 65657072 		.ascii	"eepromReturnValue\000"
 16068      6F6D5265 
 16068      7475726E 
 16068      56616C75 
 16068      6500
 16069              	.LASF165:
 16070 099d 4465636F 		.ascii	"Decoder_1_Enabled\000"
 16070      6465725F 
 16070      315F456E 
 16070      61626C65 
 16070      6400
 16071              	.LASF218:
 16072 09af 6C617374 		.ascii	"lastBufferBegin\000"
 16072      42756666 
 16072      65724265 
 16072      67696E00 
 16073              	.LASF86:
 16074 09bf 74656D70 		.ascii	"tempInt\000"
 16074      496E7400 
 16075              	.LASF84:
 16076 09c7 73746174 		.ascii	"status\000"
 16076      757300
 16077              	.LASF323:
 16078 09ce 73656E64 		.ascii	"send_it\000"
ARM GAS  C:\Users\ggg88\AppData\Local\Temp\ccfc1YkT.s 			page 336


 16078      5F697400 
 16079              	.LASF275:
 16080 09d6 6D696469 		.ascii	"midiOverflow\000"
 16080      4F766572 
 16080      666C6F77 
 16080      00
 16081              	.LASF129:
 16082 09e3 6368616E 		.ascii	"channel\000"
 16082      6E656C00 
 16083              	.LASF249:
 16084 09eb 70656461 		.ascii	"pedalHiRes\000"
 16084      6C486952 
 16084      657300
 16085              	.LASF311:
 16086 09f6 75376269 		.ascii	"u7bit_volumePedal\000"
 16086      745F766F 
 16086      6C756D65 
 16086      50656461 
 16086      6C00
 16087              	.LASF196:
 16088 0a08 766F6C75 		.ascii	"volumeInt\000"
 16088      6D65496E 
 16088      7400
 16089              	.LASF220:
 16090 0a12 6C617374 		.ascii	"lastParseCall\000"
 16090      50617273 
 16090      6543616C 
 16090      6C00
 16091              	.LASF110:
 16092 0a20 4932435F 		.ascii	"I2C_MasterWriteBlocking\000"
 16092      4D617374 
 16092      65725772 
 16092      69746542 
 16092      6C6F636B 
 16093              	.LASF102:
 16094 0a38 6261724D 		.ascii	"barMIDIInt\000"
 16094      49444949 
 16094      6E7400
 16095              	.LASF192:
 16096 0a43 616E676C 		.ascii	"angle\000"
 16096      6500
 16097              	.LASF261:
 16098 0a49 6E756D53 		.ascii	"numStrings\000"
 16098      7472696E 
 16098      677300
 16099              	.LASF353:
 16100 0a54 6261724D 		.ascii	"barMidiOuterStrings\000"
 16100      6964694F 
 16100      75746572 
 16100      53747269 
 16100      6E677300 
 16101              	.LASF44:
 16102 0a68 43595F45 		.ascii	"CY_EM_EEPROM_WRITE_FAIL\000"
 16102      4D5F4545 
 16102      50524F4D 
 16102      5F575249 
 16102      54455F46 
ARM GAS  C:\Users\ggg88\AppData\Local\Temp\ccfc1YkT.s 			page 337


 16103              	.LASF63:
 16104 0a80 6F737461 		.ascii	"ostart\000"
 16104      727400
 16105              	.LASF180:
 16106 0a87 63757272 		.ascii	"currentPresetSelection\000"
 16106      656E7450 
 16106      72657365 
 16106      7453656C 
 16106      65637469 
 16107              	.LASF358:
 16108 0a9e 6F70656E 		.ascii	"openStringMIDI_Int\000"
 16108      53747269 
 16108      6E674D49 
 16108      44495F49 
 16108      6E7400
 16109              	.LASF62:
 16110 0ab1 6973746F 		.ascii	"istop\000"
 16110      7000
 16111              	.LASF227:
 16112 0ab7 73797365 		.ascii	"sysexReset\000"
 16112      78526573 
 16112      657400
 16113              	.LASF77:
 16114 0ac2 70656461 		.ascii	"pedal_inverted_byte\000"
 16114      6C5F696E 
 16114      76657274 
 16114      65645F62 
 16114      79746500 
 16115              	.LASF158:
 16116 0ad6 5553425F 		.ascii	"USB_midiInBuffer\000"
 16116      6D696469 
 16116      496E4275 
 16116      66666572 
 16116      00
 16117              	.LASF371:
 16118 0ae7 474E5520 		.ascii	"GNU C11 5.4.1 20160609 (release) [ARM/embedded-5-br"
 16118      43313120 
 16118      352E342E 
 16118      31203230 
 16118      31363036 
 16119 0b1a 616E6368 		.ascii	"anch revision 237715] -mcpu=cortex-m3 -mthumb -g -O"
 16119      20726576 
 16119      6973696F 
 16119      6E203233 
 16119      37373135 
 16120 0b4d 30202D66 		.ascii	"0 -ffunction-sections -ffat-lto-objects\000"
 16120      66756E63 
 16120      74696F6E 
 16120      2D736563 
 16120      74696F6E 
 16121              	.LASF211:
 16122 0b75 6B6E6F62 		.ascii	"knobPanelLightActive\000"
 16122      50616E65 
 16122      6C4C6967 
 16122      68744163 
 16122      74697665 
 16123              	.LASF127:
ARM GAS  C:\Users\ggg88\AppData\Local\Temp\ccfc1YkT.s 			page 338


 16124 0b8a 73656E64 		.ascii	"sendMIDINoteOn\000"
 16124      4D494449 
 16124      4E6F7465 
 16124      4F6E00
 16125              	.LASF342:
 16126 0b99 6D61696E 		.ascii	"main_counter\000"
 16126      5F636F75 
 16126      6E746572 
 16126      00
 16127              	.LASF139:
 16128 0ba6 6D657373 		.ascii	"messageEnd\000"
 16128      61676545 
 16128      6E6400
 16129              	.LASF47:
 16130 0bb1 46697273 		.ascii	"FirstLine\000"
 16130      744C696E 
 16130      6500
 16131              	.LASF198:
 16132 0bbb 6475616C 		.ascii	"dualSlider\000"
 16132      536C6964 
 16132      657200
 16133              	.LASF70:
 16134 0bc6 72657374 		.ascii	"restartSystemCheck\000"
 16134      61727453 
 16134      79737465 
 16134      6D436865 
 16134      636B00
 16135              	.LASF266:
 16136 0bd9 5553425F 		.ascii	"USB_check_flag\000"
 16136      63686563 
 16136      6B5F666C 
 16136      616700
 16137              	.LASF246:
 16138 0be8 6D657373 		.ascii	"messageArraySendCount\000"
 16138      61676541 
 16138      72726179 
 16138      53656E64 
 16138      436F756E 
 16139              	.LASF10:
 16140 0bfe 5F5F7569 		.ascii	"__uint32_t\000"
 16140      6E743332 
 16140      5F7400
 16141              	.LASF225:
 16142 0c09 73797365 		.ascii	"sysexWritePointer\000"
 16142      78577269 
 16142      7465506F 
 16142      696E7465 
 16142      7200
 16143              	.LASF12:
 16144 0c1b 6C6F6E67 		.ascii	"long long int\000"
 16144      206C6F6E 
 16144      6720696E 
 16144      7400
 16145              	.LASF373:
 16146 0c29 433A5C55 		.ascii	"C:\\Users\\ggg88\\dev\\Electrosteel_embedded\\PSOC5"
 16146      73657273 
 16146      5C676767 
ARM GAS  C:\Users\ggg88\AppData\Local\Temp\ccfc1YkT.s 			page 339


 16146      38385C64 
 16146      65765C45 
 16147 0c57 5F656C65 		.ascii	"_electrosteel_stringsensors_newpcb_brain\\CE210514_"
 16147      6374726F 
 16147      73746565 
 16147      6C5F7374 
 16147      72696E67 
 16148 0c89 50534F43 		.ascii	"PSOC3_5_Thermistor.cydsn\000"
 16148      335F355F 
 16148      54686572 
 16148      6D697374 
 16148      6F722E63 
 16149              	.LASF200:
 16150 0ca2 73747269 		.ascii	"stringRepresentation\000"
 16150      6E675265 
 16150      70726573 
 16150      656E7461 
 16150      74696F6E 
 16151              	.LASF279:
 16152 0cb7 72783154 		.ascii	"rx1TD\000"
 16152      4400
 16153              	.LASF83:
 16154 0cbd 74656D70 		.ascii	"tempIntLow\000"
 16154      496E744C 
 16154      6F7700
 16155              	.LASF141:
 16156 0cc8 73746F70 		.ascii	"stoppingPoint\000"
 16156      70696E67 
 16156      506F696E 
 16156      7400
 16157              	.LASF37:
 16158 0cd6 626C6F63 		.ascii	"blockingWrite\000"
 16158      6B696E67 
 16158      57726974 
 16158      6500
 16159              	.LASF283:
 16160 0ce4 72783343 		.ascii	"rx3Channel\000"
 16160      68616E6E 
 16160      656C00
 16161              	.LASF25:
 16162 0cef 646F7562 		.ascii	"double\000"
 16162      6C6500
 16163              	.LASF372:
 16164 0cf6 6D61696E 		.ascii	"main.c\000"
 16164      2E6300
 16165              	.LASF363:
 16166 0cfd 70726576 		.ascii	"prevNotes\000"
 16166      4E6F7465 
 16166      7300
 16167              	.LASF120:
 16168 0d07 6C6F6732 		.ascii	"log2f_approx\000"
 16168      665F6170 
 16168      70726F78 
 16168      00
 16169              	.LASF213:
 16170 0d14 6E65636B 		.ascii	"neckPresetsByte\000"
 16170      50726573 
ARM GAS  C:\Users\ggg88\AppData\Local\Temp\ccfc1YkT.s 			page 340


 16170      65747342 
 16170      79746500 
 16171              	.LASF202:
 16172 0d24 6D696469 		.ascii	"midiSendOn\000"
 16172      53656E64 
 16172      4F6E00
 16173              	.LASF240:
 16174 0d2f 73696E67 		.ascii	"singleParamValueHigh\000"
 16174      6C655061 
 16174      72616D56 
 16174      616C7565 
 16174      48696768 
 16175              	.LASF164:
 16176 0d44 49544D5F 		.ascii	"ITM_RxBuffer\000"
 16176      52784275 
 16176      66666572 
 16176      00
 16177              	.LASF239:
 16178 0d51 73696E67 		.ascii	"singleParamToUpdateLow\000"
 16178      6C655061 
 16178      72616D54 
 16178      6F557064 
 16178      6174654C 
 16179              	.LASF64:
 16180 0d68 6F73746F 		.ascii	"ostop\000"
 16180      7000
 16181              	.LASF115:
 16182 0d6e 74696D65 		.ascii	"timeout\000"
 16182      6F757400 
 16183              	.LASF24:
 16184 0d76 666C6F61 		.ascii	"float\000"
 16184      7400
 16185              	.LASF330:
 16186 0d7c 70726576 		.ascii	"prev_processed_pedals\000"
 16186      5F70726F 
 16186      63657373 
 16186      65645F70 
 16186      6564616C 
 16187              	.LASF313:
 16188 0d92 53504932 		.ascii	"SPI2started\000"
 16188      73746172 
 16188      74656400 
 16189              	.LASF298:
 16190 0d9e 63757272 		.ascii	"currentPluckBuffer\000"
 16190      656E7450 
 16190      6C75636B 
 16190      42756666 
 16190      657200
 16191              	.LASF93:
 16192 0db1 6261724D 		.ascii	"barMIDI\000"
 16192      49444900 
 16193              	.LASF135:
 16194 0db9 73656E64 		.ascii	"sendMIDIPitchBend\000"
 16194      4D494449 
 16194      50697463 
 16194      6842656E 
 16194      6400
ARM GAS  C:\Users\ggg88\AppData\Local\Temp\ccfc1YkT.s 			page 341


 16195              	.LASF14:
 16196 0dcb 756E7369 		.ascii	"unsigned int\000"
 16196      676E6564 
 16196      20696E74 
 16196      00
 16197              	.LASF348:
 16198 0dd8 70656461 		.ascii	"pedal_cc_assignments\000"
 16198      6C5F6363 
 16198      5F617373 
 16198      69676E6D 
 16198      656E7473 
 16199              	.LASF231:
 16200 0ded 72656365 		.ascii	"receivingSysex\000"
 16200      6976696E 
 16200      67537973 
 16200      657800
 16201              	.LASF153:
 16202 0dfc 6361626C 		.ascii	"cable\000"
 16202      6500
 16203              	.LASF310:
 16204 0e02 70726576 		.ascii	"prevKnobs7bit\000"
 16204      4B6E6F62 
 16204      73376269 
 16204      7400
 16205              	.LASF199:
 16206 0e10 64656164 		.ascii	"deadZone\000"
 16206      5A6F6E65 
 16206      00
 16207              	.LASF71:
 16208 0e19 56627573 		.ascii	"Vbus_function\000"
 16208      5F66756E 
 16208      6374696F 
 16208      6E00
 16209              	.LASF333:
 16210 0e27 70726576 		.ascii	"prevPedals7bit\000"
 16210      50656461 
 16210      6C733762 
 16210      697400
 16211              	.LASF123:
 16212 0e36 76656C6F 		.ascii	"velocity\000"
 16212      63697479 
 16212      00
 16213              	.LASF75:
 16214 0e3f 6C6F6164 		.ascii	"loadEEPROMdefaults\000"
 16214      45455052 
 16214      4F4D6465 
 16214      6661756C 
 16214      747300
 16215              	.LASF364:
 16216 0e52 63686563 		.ascii	"checkStatus\000"
 16216      6B537461 
 16216      74757300 
 16217              	.LASF27:
 16218 0e5e 63797374 		.ascii	"cystatus\000"
 16218      61747573 
 16218      00
 16219              	.LASF309:
ARM GAS  C:\Users\ggg88\AppData\Local\Temp\ccfc1YkT.s 			page 342


 16220 0e67 6B6E6F62 		.ascii	"knobs7bit\000"
 16220      73376269 
 16220      7400
 16221              	.LASF69:
 16222 0e71 63616C63 		.ascii	"calculateStringRepDivider\000"
 16222      756C6174 
 16222      65537472 
 16222      696E6752 
 16222      65704469 
 16223              	.LASF122:
 16224 0e8b 73747269 		.ascii	"string\000"
 16224      6E6700
 16225              	.LASF305:
 16226 0e92 6F666673 		.ascii	"offsetErrorCount\000"
 16226      65744572 
 16226      726F7243 
 16226      6F756E74 
 16226      00
 16227              	.LASF335:
 16228 0ea3 70726F63 		.ascii	"processed_volumePedal\000"
 16228      65737365 
 16228      645F766F 
 16228      6C756D65 
 16228      50656461 
 16229              	.LASF100:
 16230 0eb9 74656D70 		.ascii	"tempMIDI\000"
 16230      4D494449 
 16230      00
 16231              	.LASF286:
 16232 0ec2 72784275 		.ascii	"rxBufferBar\000"
 16232      66666572 
 16232      42617200 
 16233              	.LASF221:
 16234 0ece 70726576 		.ascii	"prevLastParseCall\000"
 16234      4C617374 
 16234      50617273 
 16234      6543616C 
 16234      6C00
 16235              	.LASF281:
 16236 0ee0 74784368 		.ascii	"txChannel\000"
 16236      616E6E65 
 16236      6C00
 16237              	.LASF329:
 16238 0eea 70726F63 		.ascii	"processed_pedals\000"
 16238      65737365 
 16238      645F7065 
 16238      64616C73 
 16238      00
 16239              	.LASF344:
 16240 0efb 636F7065 		.ascii	"copedentMapping\000"
 16240      64656E74 
 16240      4D617070 
 16240      696E6700 
 16241              	.LASF271:
 16242 0f0b 70726576 		.ascii	"prevAngle\000"
 16242      416E676C 
 16242      6500
ARM GAS  C:\Users\ggg88\AppData\Local\Temp\ccfc1YkT.s 			page 343


 16243              	.LASF294:
 16244 0f15 706C7563 		.ascii	"pluck_index\000"
 16244      6B5F696E 
 16244      64657800 
 16245              	.LASF29:
 16246 0f21 6C6F6E67 		.ascii	"long double\000"
 16246      20646F75 
 16246      626C6500 
 16247              	.LASF103:
 16248 0f2d 6F70656E 		.ascii	"openStringMIDI_Int2\000"
 16248      53747269 
 16248      6E674D49 
 16248      44495F49 
 16248      6E743200 
 16249              	.LASF116:
 16250 0f41 4932435F 		.ascii	"I2C_MasterReadBlocking\000"
 16250      4D617374 
 16250      65725265 
 16250      6164426C 
 16250      6F636B69 
 16251              	.LASF299:
 16252 0f58 63757272 		.ascii	"currentBarBuffer\000"
 16252      656E7442 
 16252      61724275 
 16252      66666572 
 16252      00
 16253              	.LASF272:
 16254 0f69 4144435F 		.ascii	"ADC_values\000"
 16254      76616C75 
 16254      657300
 16255              	.LASF301:
 16256 0f74 53504931 		.ascii	"SPI1ErrorCount\000"
 16256      4572726F 
 16256      72436F75 
 16256      6E7400
 16257              	.LASF274:
 16258 0f83 6D696469 		.ascii	"midiSent\000"
 16258      53656E74 
 16258      00
 16259              	.LASF154:
 16260 0f8c 6D696469 		.ascii	"midiMsg\000"
 16260      4D736700 
 16261              	.LASF0:
 16262 0f94 5F5F696E 		.ascii	"__int8_t\000"
 16262      74385F74 
 16262      00
 16263              	.LASF351:
 16264 0f9d 73747269 		.ascii	"stringMappedPositionsInRatiosInt\000"
 16264      6E674D61 
 16264      70706564 
 16264      506F7369 
 16264      74696F6E 
 16265              	.LASF168:
 16266 0fbe 63757272 		.ascii	"currentNeck\000"
 16266      656E744E 
 16266      65636B00 
 16267              	.LASF176:
ARM GAS  C:\Users\ggg88\AppData\Local\Temp\ccfc1YkT.s 			page 344


 16268 0fca 65646974 		.ascii	"editMode\000"
 16268      4D6F6465 
 16268      00
 16269              	.LASF13:
 16270 0fd3 6C6F6E67 		.ascii	"long long unsigned int\000"
 16270      206C6F6E 
 16270      6720756E 
 16270      7369676E 
 16270      65642069 
 16271              	.LASF18:
 16272 0fea 75696E74 		.ascii	"uint16_t\000"
 16272      31365F74 
 16272      00
 16273              	.LASF149:
 16274 0ff3 74656D70 		.ascii	"tempHigh\000"
 16274      48696768 
 16274      00
 16275              	.LASF260:
 16276 0ffc 74657374 		.ascii	"testVal\000"
 16276      56616C00 
 16277              	.LASF91:
 16278 1004 70656461 		.ascii	"pedalsMIDI\000"
 16278      6C734D49 
 16278      444900
 16279              	.LASF280:
 16280 100f 72783254 		.ascii	"rx2TD\000"
 16280      4400
 16281              	.LASF244:
 16282 1015 636F6E74 		.ascii	"controlSmoothing\000"
 16282      726F6C53 
 16282      6D6F6F74 
 16282      68696E67 
 16282      00
 16283              	.LASF374:
 16284 1026 62726561 		.ascii	"breakFloat\000"
 16284      6B466C6F 
 16284      617400
 16285              	.LASF365:
 16286 1031 63686563 		.ascii	"checkBase\000"
 16286      6B426173 
 16286      6500
 16287              	.LASF96:
 16288 103b 70656461 		.ascii	"pedalsMIDIInt\000"
 16288      6C734D49 
 16288      4449496E 
 16288      7400
 16289              	.LASF72:
 16290 1049 73706973 		.ascii	"spis_2_ss\000"
 16290      5F325F73 
 16290      7300
 16291              	.LASF242:
 16292 1053 73656E64 		.ascii	"sendMappingChangeUpdate\000"
 16292      4D617070 
 16292      696E6743 
 16292      68616E67 
 16292      65557064 
 16293              	.LASF291:
ARM GAS  C:\Users\ggg88\AppData\Local\Temp\ccfc1YkT.s 			page 345


 16294 106b 616D4865 		.ascii	"amHere\000"
 16294      726500
 16295              	.LASF318:
 16296 1072 61727261 		.ascii	"array\000"
 16296      7900
 16297              	.LASF104:
 16298 1078 7363616C 		.ascii	"scaledMIDI\000"
 16298      65644D49 
 16298      444900
 16299              	.LASF28:
 16300 1083 72656738 		.ascii	"reg8\000"
 16300      00
 16301              	.LASF235:
 16302 1088 636F7065 		.ascii	"copedentNumberToWrite\000"
 16302      64656E74 
 16302      4E756D62 
 16302      6572546F 
 16302      57726974 
 16303              	.LASF57:
 16304 109e 6D617043 		.ascii	"mapCountNext\000"
 16304      6F756E74 
 16304      4E657874 
 16304      00
 16305              	.LASF296:
 16306 10ab 73706943 		.ascii	"spiCounter2\000"
 16306      6F756E74 
 16306      65723200 
 16307              	.LASF214:
 16308 10b7 62656E64 		.ascii	"bendRange\000"
 16308      52616E67 
 16308      6500
 16309              	.LASF124:
 16310 10c1 74656D70 		.ascii	"tempVel\000"
 16310      56656C00 
 16311              	.LASF262:
 16312 10c9 75736241 		.ascii	"usbActivityCounter\000"
 16312      63746976 
 16312      69747943 
 16312      6F756E74 
 16312      657200
 16313              	.LASF193:
 16314 10dc 7472616E 		.ascii	"transposeSemitones\000"
 16314      73706F73 
 16314      6553656D 
 16314      69746F6E 
 16314      657300
 16315              	.LASF258:
 16316 10ef 70617273 		.ascii	"parseThatMF\000"
 16316      65546861 
 16316      744D4600 
 16317              	.LASF4:
 16318 10fb 5F5F696E 		.ascii	"__int16_t\000"
 16318      7431365F 
 16318      7400
 16319              	.LASF56:
 16320 1105 696E6974 		.ascii	"initialVals\000"
 16320      69616C56 
ARM GAS  C:\Users\ggg88\AppData\Local\Temp\ccfc1YkT.s 			page 346


 16320      616C7300 
 16321              	.LASF265:
 16322 1111 5553425F 		.ascii	"USB_active\000"
 16322      61637469 
 16322      766500
 16323              	.LASF186:
 16324 111c 66726574 		.ascii	"fretCalibrationMode\000"
 16324      43616C69 
 16324      62726174 
 16324      696F6E4D 
 16324      6F646500 
 16325              	.LASF144:
 16326 1130 69676E6F 		.ascii	"ignore\000"
 16326      726500
 16327              	.LASF237:
 16328 1137 73656E64 		.ascii	"sendSingleParamUpdate\000"
 16328      53696E67 
 16328      6C655061 
 16328      72616D55 
 16328      70646174 
 16329              	.LASF370:
 16330 114d 6E656172 		.ascii	"nearbyValues\000"
 16330      62795661 
 16330      6C756573 
 16330      00
 16331              	.LASF224:
 16332 115a 73797365 		.ascii	"sysexBuffer\000"
 16332      78427566 
 16332      66657200 
 16333              	.LASF250:
 16334 1166 62756643 		.ascii	"bufCount\000"
 16334      6F756E74 
 16334      00
 16335              	.LASF317:
 16336 116f 62656E64 		.ascii	"bendScaling\000"
 16336      5363616C 
 16336      696E6700 
 16337              	.LASF217:
 16338 117b 70726576 		.ascii	"prevLastBufferBegin\000"
 16338      4C617374 
 16338      42756666 
 16338      65724265 
 16338      67696E00 
 16339              	.LASF85:
 16340 118f 6D794B6E 		.ascii	"myKnob\000"
 16340      6F6200
 16341              	.LASF145:
 16342 1196 74656D70 		.ascii	"tempChar\000"
 16342      43686172 
 16342      00
 16343              	.LASF362:
 16344 119f 73747269 		.ascii	"stringRepDivider\000"
 16344      6E675265 
 16344      70446976 
 16344      69646572 
 16344      00
 16345              	.LASF179:
ARM GAS  C:\Users\ggg88\AppData\Local\Temp\ccfc1YkT.s 			page 347


 16346 11b0 70617463 		.ascii	"patchNum\000"
 16346      684E756D 
 16346      00
 16347              	.LASF90:
 16348 11b9 6D794D61 		.ascii	"myMappedPos\000"
 16348      70706564 
 16348      506F7300 
 16349              	.LASF361:
 16350 11c5 70656461 		.ascii	"pedals_float\000"
 16350      6C735F66 
 16350      6C6F6174 
 16350      00
 16351              	.LASF326:
 16352 11d2 70656461 		.ascii	"pedals_lowWithDeadZone\000"
 16352      6C735F6C 
 16352      6F775769 
 16352      74684465 
 16352      61645A6F 
 16353              	.LASF230:
 16354 11e9 73797365 		.ascii	"sysexMessageStartPointsReadPosition\000"
 16354      784D6573 
 16354      73616765 
 16354      53746172 
 16354      74506F69 
 16355              	.LASF314:
 16356 120d 6D616372 		.ascii	"macroKnobValues7bit\000"
 16356      6F4B6E6F 
 16356      6256616C 
 16356      75657337 
 16356      62697400 
 16357              	.LASF21:
 16358 1221 75696E74 		.ascii	"uint8\000"
 16358      3800
 16359              	.LASF67:
 16360 1227 64656164 		.ascii	"deadZoneFloat\000"
 16360      5A6F6E65 
 16360      466C6F61 
 16360      7400
 16361              	.LASF189:
 16362 1235 70656461 		.ascii	"pedals_low\000"
 16362      6C735F6C 
 16362      6F7700
 16363              	.LASF95:
 16364 1240 70697463 		.ascii	"pitchBendAmount\000"
 16364      6842656E 
 16364      64416D6F 
 16364      756E7400 
 16365              	.LASF197:
 16366 1250 70726576 		.ascii	"prevOctave\000"
 16366      4F637461 
 16366      766500
 16367              	.LASF5:
 16368 125b 73686F72 		.ascii	"short int\000"
 16368      7420696E 
 16368      7400
 16369              	.LASF247:
 16370 1265 6D657373 		.ascii	"messageArraySize\000"
ARM GAS  C:\Users\ggg88\AppData\Local\Temp\ccfc1YkT.s 			page 348


 16370      61676541 
 16370      72726179 
 16370      53697A65 
 16370      00
 16371              	.LASF188:
 16372 1276 66726574 		.ascii	"fretMeasurements\000"
 16372      4D656173 
 16372      7572656D 
 16372      656E7473 
 16372      00
 16373              	.LASF113:
 16374 1287 6D6F6465 		.ascii	"mode\000"
 16374      00
 16375              	.LASF107:
 16376 128c 62756666 		.ascii	"bufferPointer\000"
 16376      6572506F 
 16376      696E7465 
 16376      7200
 16377              	.LASF174:
 16378 129a 6E65636B 		.ascii	"neckByte\000"
 16378      42797465 
 16378      00
 16379              	.LASF357:
 16380 12a3 73747269 		.ascii	"stringMIDI\000"
 16380      6E674D49 
 16380      444900
 16381              	.LASF92:
 16382 12ae 6F70656E 		.ascii	"openStringMIDI\000"
 16382      53747269 
 16382      6E674D49 
 16382      444900
 16383              	.LASF17:
 16384 12bd 696E7431 		.ascii	"int16_t\000"
 16384      365F7400 
 16385              	.LASF146:
 16386 12c5 70656461 		.ascii	"pedalToWrite\000"
 16386      6C546F57 
 16386      72697465 
 16386      00
 16387              	.LASF360:
 16388 12d2 6D616372 		.ascii	"macroPageWhenMacroWriteStarted\000"
 16388      6F506167 
 16388      65576865 
 16388      6E4D6163 
 16388      726F5772 
 16389              	.LASF34:
 16390 12f1 65657072 		.ascii	"eepromSize\000"
 16390      6F6D5369 
 16390      7A6500
 16391              	.LASF295:
 16392 12fc 616D4865 		.ascii	"amHere2\000"
 16392      72653200 
 16393              	.LASF356:
 16394 1304 73747269 		.ascii	"stringPitch\000"
 16394      6E675069 
 16394      74636800 
 16395              	.LASF35:
ARM GAS  C:\Users\ggg88\AppData\Local\Temp\ccfc1YkT.s 			page 349


 16396 1310 77656172 		.ascii	"wearLevelingFactor\000"
 16396      4C657665 
 16396      6C696E67 
 16396      46616374 
 16396      6F7200
 16397              	.LASF156:
 16398 1323 5553425F 		.ascii	"USB_midiInPointer\000"
 16398      6D696469 
 16398      496E506F 
 16398      696E7465 
 16398      7200
 16399              	.LASF111:
 16400 1335 69324341 		.ascii	"i2CAddr\000"
 16400      64647200 
 16401              	.LASF268:
 16402 133d 696E4275 		.ascii	"inBuffer\000"
 16402      66666572 
 16402      00
 16403              	.LASF98:
 16404 1346 70656461 		.ascii	"pedalsMIDIDown\000"
 16404      6C734D49 
 16404      4449446F 
 16404      776E00
 16405              	.LASF290:
 16406 1355 6D617853 		.ascii	"maxStrings\000"
 16406      7472696E 
 16406      677300
 16407              	.LASF79:
 16408 1360 6C657474 		.ascii	"letter\000"
 16408      657200
 16409              	.LASF160:
 16410 1367 5553425F 		.ascii	"USB_midiOutBuffer\000"
 16410      6D696469 
 16410      4F757442 
 16410      75666665 
 16410      7200
 16411              	.LASF276:
 16412 1379 6D616372 		.ascii	"macroKnobValues\000"
 16412      6F4B6E6F 
 16412      6256616C 
 16412      75657300 
 16413              	.LASF325:
 16414 1389 6932635F 		.ascii	"i2c_skipped\000"
 16414      736B6970 
 16414      70656400 
 16415              	.LASF349:
 16416 1395 6F70656E 		.ascii	"openStringFrequencies\000"
 16416      53747269 
 16416      6E674672 
 16416      65717565 
 16416      6E636965 
 16417              	.LASF332:
 16418 13ab 70656461 		.ascii	"pedals7bit\000"
 16418      6C733762 
 16418      697400
 16419              	.LASF312:
 16420 13b6 70726576 		.ascii	"prev_7bit_volumePedal\000"
ARM GAS  C:\Users\ggg88\AppData\Local\Temp\ccfc1YkT.s 			page 350


 16420      5F376269 
 16420      745F766F 
 16420      6C756D65 
 16420      50656461 
 16421              	.LASF267:
 16422 13cc 6D617070 		.ascii	"mappingArray\000"
 16422      696E6741 
 16422      72726179 
 16422      00
 16423              	.LASF303:
 16424 13d9 73706941 		.ascii	"spiAdjusted\000"
 16424      646A7573 
 16424      74656400 
 16425              	.LASF278:
 16426 13e5 72783243 		.ascii	"rx2Channel\000"
 16426      68616E6E 
 16426      656C00
 16427              	.LASF300:
 16428 13f0 706C7563 		.ascii	"pluckErrorCount\000"
 16428      6B457272 
 16428      6F72436F 
 16428      756E7400 
 16429              	.LASF187:
 16430 1400 6C657665 		.ascii	"leverCalibrationMode\000"
 16430      7243616C 
 16430      69627261 
 16430      74696F6E 
 16430      4D6F6465 
 16431              	.LASF157:
 16432 1415 5553425F 		.ascii	"USB_midi_in_ep\000"
 16432      6D696469 
 16432      5F696E5F 
 16432      657000
 16433              	.LASF109:
 16434 1424 446D6152 		.ascii	"DmaRxConfiguration\000"
 16434      78436F6E 
 16434      66696775 
 16434      72617469 
 16434      6F6E00
 16435              	.LASF20:
 16436 1437 75696E74 		.ascii	"uint32_t\000"
 16436      33325F74 
 16436      00
 16437              	.LASF201:
 16438 1440 6F637461 		.ascii	"octaveAction\000"
 16438      76654163 
 16438      74696F6E 
 16438      00
 16439              	.LASF264:
 16440 144d 70726576 		.ascii	"prevVBUS\000"
 16440      56425553 
 16440      00
 16441              	.LASF284:
 16442 1456 72783354 		.ascii	"rx3TD\000"
 16442      4400
 16443              	.LASF73:
 16444 145c 63616C63 		.ascii	"calculatePedalRatios\000"
ARM GAS  C:\Users\ggg88\AppData\Local\Temp\ccfc1YkT.s 			page 351


 16444      756C6174 
 16444      65506564 
 16444      616C5261 
 16444      74696F73 
 16445              	.LASF7:
 16446 1471 73686F72 		.ascii	"short unsigned int\000"
 16446      7420756E 
 16446      7369676E 
 16446      65642069 
 16446      6E7400
 16447              	.LASF208:
 16448 1484 70726573 		.ascii	"presetNumberToStore\000"
 16448      65744E75 
 16448      6D626572 
 16448      546F5374 
 16448      6F726500 
 16449              	.LASF243:
 16450 1498 70697463 		.ascii	"pitchSmoothing\000"
 16450      68536D6F 
 16450      6F746869 
 16450      6E6700
 16451              	.LASF58:
 16452 14a7 6D617070 		.ascii	"mapping\000"
 16452      696E6700 
 16453              	.LASF212:
 16454 14af 6E65636B 		.ascii	"neckPreset\000"
 16454      50726573 
 16454      657400
 16455              	.LASF125:
 16456 14ba 6E6F7465 		.ascii	"noteToSend\000"
 16456      546F5365 
 16456      6E6400
 16457              	.LASF282:
 16458 14c5 74785444 		.ascii	"txTD\000"
 16458      00
 16459              	.LASF8:
 16460 14ca 5F5F696E 		.ascii	"__int32_t\000"
 16460      7433325F 
 16460      7400
 16461              	.LASF289:
 16462 14d4 70726576 		.ascii	"prevBar\000"
 16462      42617200 
 16463              	.LASF347:
 16464 14dc 70656461 		.ascii	"pedals\000"
 16464      6C7300
 16465              	.LASF339:
 16466 14e3 66726574 		.ascii	"fretScalingInRatios\000"
 16466      5363616C 
 16466      696E6749 
 16466      6E526174 
 16466      696F7300 
 16467              	.LASF82:
 16468 14f7 74656D70 		.ascii	"tempIntHigh\000"
 16468      496E7448 
 16468      69676800 
 16469              	.LASF215:
 16470 1503 77686963 		.ascii	"whichMacroPageIsActive\000"
ARM GAS  C:\Users\ggg88\AppData\Local\Temp\ccfc1YkT.s 			page 352


 16470      684D6163 
 16470      726F5061 
 16470      67654973 
 16470      41637469 
 16471              	.LASF33:
 16472 151a 6C617374 		.ascii	"lastWrRowAddr\000"
 16472      5772526F 
 16472      77416464 
 16472      7200
 16473              	.LASF195:
 16474 1528 7472616E 		.ascii	"transposeFloat\000"
 16474      73706F73 
 16474      65466C6F 
 16474      617400
 16475              	.LASF354:
 16476 1537 73747269 		.ascii	"stringFrequencies\000"
 16476      6E674672 
 16476      65717565 
 16476      6E636965 
 16476      7300
 16477              	.LASF22:
 16478 1549 75696E74 		.ascii	"uint16\000"
 16478      313600
 16479              	.LASF65:
 16480 1550 6D617044 		.ascii	"mapDualSlider\000"
 16480      75616C53 
 16480      6C696465 
 16480      7200
 16481              	.LASF269:
 16482 155e 6D794172 		.ascii	"myArray\000"
 16482      72617900 
 16483              		.ident	"GCC: (GNU Tools for ARM Embedded Processors) 5.4.1 20160609 (release) [ARM/embedded-5-bran
