ARM GAS  C:\Users\ggg88\AppData\Local\Temp\ccZlRNWc.s 			page 1


   1              		.syntax unified
   2              		.cpu cortex-m3
   3              		.fpu softvfp
   4              		.eabi_attribute 20, 1
   5              		.eabi_attribute 21, 1
   6              		.eabi_attribute 23, 3
   7              		.eabi_attribute 24, 1
   8              		.eabi_attribute 25, 1
   9              		.eabi_attribute 26, 1
  10              		.eabi_attribute 30, 6
  11              		.eabi_attribute 34, 1
  12              		.eabi_attribute 18, 4
  13              		.thumb
  14              		.syntax unified
  15              		.file	"ui.c"
  16              		.text
  17              	.Ltext0:
  18              		.cfi_sections	.debug_frame
  19              		.comm	Decoder_1_Enabled,1,1
  20              		.global	prevEncoderVal
  21              		.bss
  22              		.type	prevEncoderVal, %object
  23              		.size	prevEncoderVal, 1
  24              	prevEncoderVal:
  25 0000 00       		.space	1
  26              		.global	encoderWatch
  27              		.type	encoderWatch, %object
  28              		.size	encoderWatch, 1
  29              	encoderWatch:
  30 0001 00       		.space	1
  31              		.comm	menuPosition,6,4
  32              		.global	semitonesOrCents
  33              		.type	semitonesOrCents, %object
  34              		.size	semitonesOrCents, 1
  35              	semitonesOrCents:
  36 0002 00       		.space	1
  37              		.global	editUp
  38              		.data
  39              		.type	editUp, %object
  40              		.size	editUp, 1
  41              	editUp:
  42 0000 01       		.byte	1
  43              		.global	oct1Up
  44              		.type	oct1Up, %object
  45              		.size	oct1Up, 1
  46              	oct1Up:
  47 0001 01       		.byte	1
  48              		.global	oct4Up
  49              		.type	oct4Up, %object
  50              		.size	oct4Up, 1
  51              	oct4Up:
  52 0002 01       		.byte	1
  53              		.global	encoderUp
  54              		.type	encoderUp, %object
  55              		.size	encoderUp, 1
  56              	encoderUp:
  57 0003 01       		.byte	1
ARM GAS  C:\Users\ggg88\AppData\Local\Temp\ccZlRNWc.s 			page 2


  58              		.global	button1Up
  59              		.type	button1Up, %object
  60              		.size	button1Up, 1
  61              	button1Up:
  62 0004 01       		.byte	1
  63              		.global	button2Up
  64              		.type	button2Up, %object
  65              		.size	button2Up, 1
  66              	button2Up:
  67 0005 01       		.byte	1
  68              		.global	button3Up
  69              		.type	button3Up, %object
  70              		.size	button3Up, 1
  71              	button3Up:
  72 0006 01       		.byte	1
  73              		.global	button4Up
  74              		.type	button4Up, %object
  75              		.size	button4Up, 1
  76              	button4Up:
  77 0007 01       		.byte	1
  78              		.global	shiftUp
  79              		.type	shiftUp, %object
  80              		.size	shiftUp, 1
  81              	shiftUp:
  82 0008 01       		.byte	1
  83              		.global	editingSliderRepString
  84              		.bss
  85              		.type	editingSliderRepString, %object
  86              		.size	editingSliderRepString, 1
  87              	editingSliderRepString:
  88 0003 00       		.space	1
  89              		.global	whichMidiSendSelected
  90              		.type	whichMidiSendSelected, %object
  91              		.size	whichMidiSendSelected, 1
  92              	whichMidiSendSelected:
  93 0004 00       		.space	1
  94              		.global	whichFirmwareUpdateSelected
  95              		.type	whichFirmwareUpdateSelected, %object
  96              		.size	whichFirmwareUpdateSelected, 1
  97              	whichFirmwareUpdateSelected:
  98 0005 00       		.space	1
  99              		.global	controlsDisplayed
 100              		.type	controlsDisplayed, %object
 101              		.size	controlsDisplayed, 1
 102              	controlsDisplayed:
 103 0006 00       		.space	1
 104              		.global	presetStoreStage
 105              		.type	presetStoreStage, %object
 106              		.size	presetStoreStage, 1
 107              	presetStoreStage:
 108 0007 00       		.space	1
 109              		.global	whichMacroPageIsActive
 110              		.type	whichMacroPageIsActive, %object
 111              		.size	whichMacroPageIsActive, 1
 112              	whichMacroPageIsActive:
 113 0008 00       		.space	1
 114              		.global	newPresetName
ARM GAS  C:\Users\ggg88\AppData\Local\Temp\ccZlRNWc.s 			page 3


 115              		.data
 116 0009 000000   		.align	2
 117              		.type	newPresetName, %object
 118              		.size	newPresetName, 14
 119              	newPresetName:
 120 000c 41       		.byte	65
 121 000d 20       		.byte	32
 122 000e 20       		.byte	32
 123 000f 20       		.byte	32
 124 0010 20       		.byte	32
 125 0011 20       		.byte	32
 126 0012 20       		.byte	32
 127 0013 20       		.byte	32
 128 0014 20       		.byte	32
 129 0015 20       		.byte	32
 130 0016 20       		.byte	32
 131 0017 20       		.byte	32
 132 0018 20       		.byte	32
 133 0019 20       		.byte	32
 134              		.global	fretToCalibrate
 135              		.bss
 136              		.type	fretToCalibrate, %object
 137              		.size	fretToCalibrate, 1
 138              	fretToCalibrate:
 139 0009 00       		.space	1
 140              		.global	whichFretArray
 141              		.data
 142 001a 0000     		.align	2
 143              		.type	whichFretArray, %object
 144              		.size	whichFretArray, 12
 145              	whichFretArray:
 146 001c 00       		.byte	0
 147 001d 01       		.byte	1
 148 001e 03       		.byte	3
 149 001f 05       		.byte	5
 150 0020 07       		.byte	7
 151 0021 09       		.byte	9
 152 0022 0C       		.byte	12
 153 0023 0F       		.byte	15
 154 0024 11       		.byte	17
 155 0025 13       		.byte	19
 156 0026 15       		.byte	21
 157 0027 18       		.byte	24
 158              		.comm	sensorOnMax,18,4
 159              		.comm	sensorOnMin,18,4
 160              		.comm	sensorOff,18,4
 161              		.global	__aeabi_i2f
 162              		.global	__aeabi_fmul
 163              		.global	__aeabi_fsub
 164              		.global	__aeabi_fcmplt
 165              		.global	__aeabi_fcmpgt
 166              		.global	__aeabi_f2uiz
 167              		.global	__aeabi_i2d
 168              		.global	__aeabi_dcmplt
 169              		.global	__aeabi_dcmpgt
 170              		.global	__aeabi_ui2f
 171              		.section	.rodata
ARM GAS  C:\Users\ggg88\AppData\Local\Temp\ccZlRNWc.s 			page 4


 172              		.align	2
 173              	.LC0:
 174 0000 53313D00 		.ascii	"S1=\000"
 175              		.section	.text.scanUI,"ax",%progbits
 176              		.align	2
 177              		.global	scanUI
 178              		.thumb
 179              		.thumb_func
 180              		.type	scanUI, %function
 181              	scanUI:
 182              	.LFB64:
 183              		.file 1 "ui.c"
   1:ui.c          **** /* ========================================
   2:ui.c          ****  *
   3:ui.c          ****  * Copyright YOUR COMPANY, THE YEAR
   4:ui.c          ****  * All Rights Reserved
   5:ui.c          ****  * UNPUBLISHED, LICENSED SOFTWARE.
   6:ui.c          ****  *
   7:ui.c          ****  * CONFIDENTIAL AND PROPRIETARY INFORMATION
   8:ui.c          ****  * WHICH IS THE PROPERTY OF your company.
   9:ui.c          ****  *
  10:ui.c          ****  * ========================================
  11:ui.c          **** */
  12:ui.c          **** 
  13:ui.c          **** #include "main.h"
  14:ui.c          **** #include "ui.h"
  15:ui.c          **** 
  16:ui.c          **** int8_t prevEncoderVal = 0;
  17:ui.c          **** uint8_t encoderWatch = 0;
  18:ui.c          **** //signed so that we can check if it goes below zero
  19:ui.c          **** int8_t menuPosition[3][2];
  20:ui.c          **** enum direction{Left, Right, Down, Up, Enter};
  21:ui.c          **** uint8_t semitonesOrCents = 0;
  22:ui.c          **** uint8_t editUp = 1;
  23:ui.c          **** uint8_t oct1Up = 1;
  24:ui.c          **** uint8_t oct4Up = 1;
  25:ui.c          **** uint8_t encoderUp = 1;
  26:ui.c          **** uint8_t button1Up = 1;
  27:ui.c          **** uint8_t button2Up = 1;
  28:ui.c          **** uint8_t button3Up = 1;
  29:ui.c          **** uint8_t button4Up = 1;
  30:ui.c          **** uint8_t shiftUp = 1;
  31:ui.c          **** uint8_t editingSliderRepString = 0;
  32:ui.c          **** int8_t whichMidiSendSelected = 0;
  33:ui.c          **** uint8_t whichFirmwareUpdateSelected = 0;
  34:ui.c          **** uint8_t controlsDisplayed = 0;
  35:ui.c          **** 
  36:ui.c          **** uint8_t presetStoreStage = 0;
  37:ui.c          **** 
  38:ui.c          **** uint8_t whichMacroPageIsActive = 0;
  39:ui.c          **** 
  40:ui.c          **** char newPresetName[14] = {'A',32,32,32,32,32,32,32,32,32,32,32,32,32};
  41:ui.c          **** 
  42:ui.c          **** 
  43:ui.c          **** uint8_t fretToCalibrate = 0;
  44:ui.c          **** uint8_t whichFretArray[NUM_FRET_MEASUREMENTS] = {0, 1, 3, 5, 7, 9, 12, 15, 17, 19, 21, 24};
  45:ui.c          **** uint16_t sensorOnMax[NUM_SLIDERS];
ARM GAS  C:\Users\ggg88\AppData\Local\Temp\ccZlRNWc.s 			page 5


  46:ui.c          **** uint16_t sensorOnMin[NUM_SLIDERS];
  47:ui.c          **** uint16_t sensorOff[NUM_SLIDERS];
  48:ui.c          **** 
  49:ui.c          **** void scanUI(void)
  50:ui.c          **** {
 184              		.loc 1 50 0
 185              		.cfi_startproc
 186              		@ args = 0, pretend = 0, frame = 48
 187              		@ frame_needed = 1, uses_anonymous_args = 0
 188 0000 B0B5     		push	{r4, r5, r7, lr}
 189              		.cfi_def_cfa_offset 16
 190              		.cfi_offset 4, -16
 191              		.cfi_offset 5, -12
 192              		.cfi_offset 7, -8
 193              		.cfi_offset 14, -4
 194 0002 8EB0     		sub	sp, sp, #56
 195              		.cfi_def_cfa_offset 72
 196 0004 02AF     		add	r7, sp, #8
 197              		.cfi_def_cfa 7, 64
  51:ui.c          ****     if (!knobPanelButton1_Read())
 198              		.loc 1 51 0
 199 0006 FFF7FEFF 		bl	knobPanelButton1_Read
 200 000a 0346     		mov	r3, r0
 201 000c 002B     		cmp	r3, #0
 202 000e 29D1     		bne	.L2
  52:ui.c          ****     {
  53:ui.c          ****         if (knobPanelLightActive)
 203              		.loc 1 53 0
 204 0010 9A4B     		ldr	r3, .L78
 205 0012 1B78     		ldrb	r3, [r3]	@ zero_extendqisi2
 206 0014 002B     		cmp	r3, #0
 207 0016 25D0     		beq	.L2
  54:ui.c          ****         {
  55:ui.c          ****             knobPanelLight1_Write(1);
 208              		.loc 1 55 0
 209 0018 0120     		movs	r0, #1
 210 001a FFF7FEFF 		bl	knobPanelLight1_Write
  56:ui.c          ****             knobPanelLight2_Write(0);
 211              		.loc 1 56 0
 212 001e 0020     		movs	r0, #0
 213 0020 FFF7FEFF 		bl	knobPanelLight2_Write
  57:ui.c          ****             whichMacroPageIsActive = 0;
 214              		.loc 1 57 0
 215 0024 964B     		ldr	r3, .L78+4
 216 0026 0022     		movs	r2, #0
 217 0028 1A70     		strb	r2, [r3]
  58:ui.c          ****             macroOLEDWaitingToSend = 1;
 218              		.loc 1 58 0
 219 002a 964B     		ldr	r3, .L78+8
 220 002c 0122     		movs	r2, #1
 221 002e 1A70     		strb	r2, [r3]
 222              	.LBB2:
  59:ui.c          ****             for (int i = 0; i < NUM_MACROS; i++)
 223              		.loc 1 59 0
 224 0030 0023     		movs	r3, #0
 225 0032 FB62     		str	r3, [r7, #44]
 226 0034 10E0     		b	.L3
ARM GAS  C:\Users\ggg88\AppData\Local\Temp\ccZlRNWc.s 			page 6


 227              	.L4:
  60:ui.c          ****             {
  61:ui.c          ****                 knobFrozen[i] = 1;
 228              		.loc 1 61 0 discriminator 3
 229 0036 944A     		ldr	r2, .L78+12
 230 0038 FB6A     		ldr	r3, [r7, #44]
 231 003a 1344     		add	r3, r3, r2
 232 003c 0122     		movs	r2, #1
 233 003e 1A70     		strb	r2, [r3]
  62:ui.c          ****                 prevMacroKnobValues[i] = prevMacroKnobValues[i+8];
 234              		.loc 1 62 0 discriminator 3
 235 0040 FB6A     		ldr	r3, [r7, #44]
 236 0042 0833     		adds	r3, r3, #8
 237 0044 914A     		ldr	r2, .L78+16
 238 0046 32F91310 		ldrsh	r1, [r2, r3, lsl #1]
 239 004a 904A     		ldr	r2, .L78+16
 240 004c FB6A     		ldr	r3, [r7, #44]
 241 004e 22F81310 		strh	r1, [r2, r3, lsl #1]	@ movhi
  59:ui.c          ****             for (int i = 0; i < NUM_MACROS; i++)
 242              		.loc 1 59 0 discriminator 3
 243 0052 FB6A     		ldr	r3, [r7, #44]
 244 0054 0133     		adds	r3, r3, #1
 245 0056 FB62     		str	r3, [r7, #44]
 246              	.L3:
  59:ui.c          ****             for (int i = 0; i < NUM_MACROS; i++)
 247              		.loc 1 59 0 is_stmt 0 discriminator 1
 248 0058 FB6A     		ldr	r3, [r7, #44]
 249 005a 072B     		cmp	r3, #7
 250 005c EBDD     		ble	.L4
 251              	.LBE2:
  63:ui.c          ****             }
  64:ui.c          ****             whichMacro = 0;
 252              		.loc 1 64 0 is_stmt 1
 253 005e 8C4B     		ldr	r3, .L78+20
 254 0060 0022     		movs	r2, #0
 255 0062 1A70     		strb	r2, [r3]
 256              	.L2:
  65:ui.c          ****         }
  66:ui.c          ****         
  67:ui.c          ****     }
  68:ui.c          ****     if (!knobPanelButton2_Read())
 257              		.loc 1 68 0
 258 0064 FFF7FEFF 		bl	knobPanelButton2_Read
 259 0068 0346     		mov	r3, r0
 260 006a 002B     		cmp	r3, #0
 261 006c 29D1     		bne	.L5
  69:ui.c          ****     {
  70:ui.c          ****         if (knobPanelLightActive)
 262              		.loc 1 70 0
 263 006e 834B     		ldr	r3, .L78
 264 0070 1B78     		ldrb	r3, [r3]	@ zero_extendqisi2
 265 0072 002B     		cmp	r3, #0
 266 0074 25D0     		beq	.L5
  71:ui.c          ****         {
  72:ui.c          ****             knobPanelLight1_Write(0);
 267              		.loc 1 72 0
 268 0076 0020     		movs	r0, #0
ARM GAS  C:\Users\ggg88\AppData\Local\Temp\ccZlRNWc.s 			page 7


 269 0078 FFF7FEFF 		bl	knobPanelLight1_Write
  73:ui.c          ****             knobPanelLight2_Write(1);
 270              		.loc 1 73 0
 271 007c 0120     		movs	r0, #1
 272 007e FFF7FEFF 		bl	knobPanelLight2_Write
  74:ui.c          ****             whichMacroPageIsActive = 8;
 273              		.loc 1 74 0
 274 0082 7F4B     		ldr	r3, .L78+4
 275 0084 0822     		movs	r2, #8
 276 0086 1A70     		strb	r2, [r3]
  75:ui.c          ****             macroOLEDWaitingToSend = 1;
 277              		.loc 1 75 0
 278 0088 7E4B     		ldr	r3, .L78+8
 279 008a 0122     		movs	r2, #1
 280 008c 1A70     		strb	r2, [r3]
 281              	.LBB3:
  76:ui.c          ****             for (int i = 0; i < NUM_MACROS; i++)
 282              		.loc 1 76 0
 283 008e 0023     		movs	r3, #0
 284 0090 BB62     		str	r3, [r7, #40]
 285 0092 10E0     		b	.L6
 286              	.L7:
  77:ui.c          ****             {
  78:ui.c          ****                 knobFrozen[i+8] = 1;
 287              		.loc 1 78 0 discriminator 3
 288 0094 BB6A     		ldr	r3, [r7, #40]
 289 0096 0833     		adds	r3, r3, #8
 290 0098 7B4A     		ldr	r2, .L78+12
 291 009a 0121     		movs	r1, #1
 292 009c D154     		strb	r1, [r2, r3]
  79:ui.c          ****                 prevMacroKnobValues[i+8] = prevMacroKnobValues[i];
 293              		.loc 1 79 0 discriminator 3
 294 009e BB6A     		ldr	r3, [r7, #40]
 295 00a0 0833     		adds	r3, r3, #8
 296 00a2 7A49     		ldr	r1, .L78+16
 297 00a4 BA6A     		ldr	r2, [r7, #40]
 298 00a6 31F91210 		ldrsh	r1, [r1, r2, lsl #1]
 299 00aa 784A     		ldr	r2, .L78+16
 300 00ac 22F81310 		strh	r1, [r2, r3, lsl #1]	@ movhi
  76:ui.c          ****             for (int i = 0; i < NUM_MACROS; i++)
 301              		.loc 1 76 0 discriminator 3
 302 00b0 BB6A     		ldr	r3, [r7, #40]
 303 00b2 0133     		adds	r3, r3, #1
 304 00b4 BB62     		str	r3, [r7, #40]
 305              	.L6:
  76:ui.c          ****             for (int i = 0; i < NUM_MACROS; i++)
 306              		.loc 1 76 0 is_stmt 0 discriminator 1
 307 00b6 BB6A     		ldr	r3, [r7, #40]
 308 00b8 072B     		cmp	r3, #7
 309 00ba EBDD     		ble	.L7
 310              	.LBE3:
  80:ui.c          ****             }
  81:ui.c          ****             whichMacro = 0;
 311              		.loc 1 81 0 is_stmt 1
 312 00bc 744B     		ldr	r3, .L78+20
 313 00be 0022     		movs	r2, #0
 314 00c0 1A70     		strb	r2, [r3]
ARM GAS  C:\Users\ggg88\AppData\Local\Temp\ccZlRNWc.s 			page 8


 315              	.L5:
  82:ui.c          ****         }
  83:ui.c          ****     }
  84:ui.c          ****     
  85:ui.c          ****     
  86:ui.c          ****     
  87:ui.c          ****     uint8_t tempButtons = Status_Reg_1_Read();
 316              		.loc 1 87 0
 317 00c2 FFF7FEFF 		bl	Status_Reg_1_Read
 318 00c6 0346     		mov	r3, r0
 319 00c8 FB77     		strb	r3, [r7, #31]
  88:ui.c          ****     if (!(tempButtons&(1<<4)))
 320              		.loc 1 88 0
 321 00ca FB7F     		ldrb	r3, [r7, #31]	@ zero_extendqisi2
 322 00cc 03F01003 		and	r3, r3, #16
 323 00d0 002B     		cmp	r3, #0
 324 00d2 24D1     		bne	.L8
  89:ui.c          ****     {
  90:ui.c          ****         if (octave > 4)
 325              		.loc 1 90 0
 326 00d4 6F4B     		ldr	r3, .L78+24
 327 00d6 1B68     		ldr	r3, [r3]
 328 00d8 042B     		cmp	r3, #4
 329 00da 03DD     		ble	.L9
  91:ui.c          ****         {
  92:ui.c          ****             octave = 4;
 330              		.loc 1 92 0
 331 00dc 6D4B     		ldr	r3, .L78+24
 332 00de 0422     		movs	r2, #4
 333 00e0 1A60     		str	r2, [r3]
 334 00e2 0CE0     		b	.L10
 335              	.L9:
  93:ui.c          ****         }
  94:ui.c          ****         else if ((oct1Up) && (octave > 0))
 336              		.loc 1 94 0
 337 00e4 6C4B     		ldr	r3, .L78+28
 338 00e6 1B78     		ldrb	r3, [r3]	@ zero_extendqisi2
 339 00e8 002B     		cmp	r3, #0
 340 00ea 08D0     		beq	.L10
 341              		.loc 1 94 0 is_stmt 0 discriminator 1
 342 00ec 694B     		ldr	r3, .L78+24
 343 00ee 1B68     		ldr	r3, [r3]
 344 00f0 002B     		cmp	r3, #0
 345 00f2 04DD     		ble	.L10
  95:ui.c          ****         {
  96:ui.c          ****             octave--;
 346              		.loc 1 96 0 is_stmt 1
 347 00f4 674B     		ldr	r3, .L78+24
 348 00f6 1B68     		ldr	r3, [r3]
 349 00f8 013B     		subs	r3, r3, #1
 350 00fa 664A     		ldr	r2, .L78+24
 351 00fc 1360     		str	r3, [r2]
 352              	.L10:
  97:ui.c          ****         }
  98:ui.c          ****         LED_amber1_Write(1);
 353              		.loc 1 98 0
 354 00fe 0120     		movs	r0, #1
ARM GAS  C:\Users\ggg88\AppData\Local\Temp\ccZlRNWc.s 			page 9


 355 0100 FFF7FEFF 		bl	LED_amber1_Write
  99:ui.c          ****         LED_amber2_Write(0);
 356              		.loc 1 99 0
 357 0104 0020     		movs	r0, #0
 358 0106 FFF7FEFF 		bl	LED_amber2_Write
 100:ui.c          ****         LED_amber3_Write(0);
 359              		.loc 1 100 0
 360 010a 0020     		movs	r0, #0
 361 010c FFF7FEFF 		bl	LED_amber3_Write
 101:ui.c          ****         LED_amber4_Write(0);
 362              		.loc 1 101 0
 363 0110 0020     		movs	r0, #0
 364 0112 FFF7FEFF 		bl	LED_amber4_Write
 102:ui.c          ****         oct1Up = 0;
 365              		.loc 1 102 0
 366 0116 604B     		ldr	r3, .L78+28
 367 0118 0022     		movs	r2, #0
 368 011a 1A70     		strb	r2, [r3]
 369 011c 07E0     		b	.L11
 370              	.L8:
 103:ui.c          ****     }
 104:ui.c          ****     
 105:ui.c          ****     else if ((tempButtons&(1<<4)))
 371              		.loc 1 105 0
 372 011e FB7F     		ldrb	r3, [r7, #31]	@ zero_extendqisi2
 373 0120 03F01003 		and	r3, r3, #16
 374 0124 002B     		cmp	r3, #0
 375 0126 02D0     		beq	.L11
 106:ui.c          ****     {
 107:ui.c          ****         oct1Up = 1;
 376              		.loc 1 107 0
 377 0128 5B4B     		ldr	r3, .L78+28
 378 012a 0122     		movs	r2, #1
 379 012c 1A70     		strb	r2, [r3]
 380              	.L11:
 108:ui.c          ****     }
 109:ui.c          ****     
 110:ui.c          ****     if (!oct2_Read())
 381              		.loc 1 110 0
 382 012e FFF7FEFF 		bl	oct2_Read
 383 0132 0346     		mov	r3, r0
 384 0134 002B     		cmp	r3, #0
 385 0136 0ED1     		bne	.L12
 111:ui.c          ****     {
 112:ui.c          ****         octave = 5;
 386              		.loc 1 112 0
 387 0138 564B     		ldr	r3, .L78+24
 388 013a 0522     		movs	r2, #5
 389 013c 1A60     		str	r2, [r3]
 113:ui.c          ****         LED_amber1_Write(0);
 390              		.loc 1 113 0
 391 013e 0020     		movs	r0, #0
 392 0140 FFF7FEFF 		bl	LED_amber1_Write
 114:ui.c          ****         LED_amber2_Write(1);
 393              		.loc 1 114 0
 394 0144 0120     		movs	r0, #1
 395 0146 FFF7FEFF 		bl	LED_amber2_Write
ARM GAS  C:\Users\ggg88\AppData\Local\Temp\ccZlRNWc.s 			page 10


 115:ui.c          ****         LED_amber3_Write(0);
 396              		.loc 1 115 0
 397 014a 0020     		movs	r0, #0
 398 014c FFF7FEFF 		bl	LED_amber3_Write
 116:ui.c          ****         LED_amber4_Write(0);
 399              		.loc 1 116 0
 400 0150 0020     		movs	r0, #0
 401 0152 FFF7FEFF 		bl	LED_amber4_Write
 402              	.L12:
 117:ui.c          ****     }
 118:ui.c          ****     if (!oct3_Read())
 403              		.loc 1 118 0
 404 0156 FFF7FEFF 		bl	oct3_Read
 405 015a 0346     		mov	r3, r0
 406 015c 002B     		cmp	r3, #0
 407 015e 0ED1     		bne	.L13
 119:ui.c          ****     {
 120:ui.c          ****         octave = 6;
 408              		.loc 1 120 0
 409 0160 4C4B     		ldr	r3, .L78+24
 410 0162 0622     		movs	r2, #6
 411 0164 1A60     		str	r2, [r3]
 121:ui.c          ****         LED_amber1_Write(0);
 412              		.loc 1 121 0
 413 0166 0020     		movs	r0, #0
 414 0168 FFF7FEFF 		bl	LED_amber1_Write
 122:ui.c          ****         LED_amber2_Write(0);
 415              		.loc 1 122 0
 416 016c 0020     		movs	r0, #0
 417 016e FFF7FEFF 		bl	LED_amber2_Write
 123:ui.c          ****         LED_amber3_Write(1);
 418              		.loc 1 123 0
 419 0172 0120     		movs	r0, #1
 420 0174 FFF7FEFF 		bl	LED_amber3_Write
 124:ui.c          ****         LED_amber4_Write(0);            
 421              		.loc 1 124 0
 422 0178 0020     		movs	r0, #0
 423 017a FFF7FEFF 		bl	LED_amber4_Write
 424              	.L13:
 125:ui.c          ****     }
 126:ui.c          ****     if (!(tempButtons&(1<<5)))
 425              		.loc 1 126 0
 426 017e FB7F     		ldrb	r3, [r7, #31]	@ zero_extendqisi2
 427 0180 03F02003 		and	r3, r3, #32
 428 0184 002B     		cmp	r3, #0
 429 0186 24D1     		bne	.L14
 127:ui.c          ****     {
 128:ui.c          ****         if (octave < 7)
 430              		.loc 1 128 0
 431 0188 424B     		ldr	r3, .L78+24
 432 018a 1B68     		ldr	r3, [r3]
 433 018c 062B     		cmp	r3, #6
 434 018e 03DC     		bgt	.L15
 129:ui.c          ****         {
 130:ui.c          ****             octave = 7;
 435              		.loc 1 130 0
 436 0190 404B     		ldr	r3, .L78+24
ARM GAS  C:\Users\ggg88\AppData\Local\Temp\ccZlRNWc.s 			page 11


 437 0192 0722     		movs	r2, #7
 438 0194 1A60     		str	r2, [r3]
 439 0196 0CE0     		b	.L16
 440              	.L15:
 131:ui.c          **** 
 132:ui.c          ****         }
 133:ui.c          ****         else if ((oct4Up) && (octave < 11))
 441              		.loc 1 133 0
 442 0198 404B     		ldr	r3, .L78+32
 443 019a 1B78     		ldrb	r3, [r3]	@ zero_extendqisi2
 444 019c 002B     		cmp	r3, #0
 445 019e 08D0     		beq	.L16
 446              		.loc 1 133 0 is_stmt 0 discriminator 1
 447 01a0 3C4B     		ldr	r3, .L78+24
 448 01a2 1B68     		ldr	r3, [r3]
 449 01a4 0A2B     		cmp	r3, #10
 450 01a6 04DC     		bgt	.L16
 134:ui.c          ****         {
 135:ui.c          ****             octave++;
 451              		.loc 1 135 0 is_stmt 1
 452 01a8 3A4B     		ldr	r3, .L78+24
 453 01aa 1B68     		ldr	r3, [r3]
 454 01ac 0133     		adds	r3, r3, #1
 455 01ae 394A     		ldr	r2, .L78+24
 456 01b0 1360     		str	r3, [r2]
 457              	.L16:
 136:ui.c          **** 
 137:ui.c          ****         }
 138:ui.c          ****         LED_amber1_Write(0);
 458              		.loc 1 138 0
 459 01b2 0020     		movs	r0, #0
 460 01b4 FFF7FEFF 		bl	LED_amber1_Write
 139:ui.c          ****         LED_amber2_Write(0);
 461              		.loc 1 139 0
 462 01b8 0020     		movs	r0, #0
 463 01ba FFF7FEFF 		bl	LED_amber2_Write
 140:ui.c          ****         LED_amber3_Write(0);
 464              		.loc 1 140 0
 465 01be 0020     		movs	r0, #0
 466 01c0 FFF7FEFF 		bl	LED_amber3_Write
 141:ui.c          ****         LED_amber4_Write(1);
 467              		.loc 1 141 0
 468 01c4 0120     		movs	r0, #1
 469 01c6 FFF7FEFF 		bl	LED_amber4_Write
 142:ui.c          ****         oct4Up = 0;
 470              		.loc 1 142 0
 471 01ca 344B     		ldr	r3, .L78+32
 472 01cc 0022     		movs	r2, #0
 473 01ce 1A70     		strb	r2, [r3]
 474 01d0 07E0     		b	.L17
 475              	.L14:
 143:ui.c          ****     }
 144:ui.c          ****     
 145:ui.c          ****     else if ((tempButtons&(1<<5)))
 476              		.loc 1 145 0
 477 01d2 FB7F     		ldrb	r3, [r7, #31]	@ zero_extendqisi2
 478 01d4 03F02003 		and	r3, r3, #32
ARM GAS  C:\Users\ggg88\AppData\Local\Temp\ccZlRNWc.s 			page 12


 479 01d8 002B     		cmp	r3, #0
 480 01da 02D0     		beq	.L17
 146:ui.c          ****     {
 147:ui.c          ****         oct4Up = 1;
 481              		.loc 1 147 0
 482 01dc 2F4B     		ldr	r3, .L78+32
 483 01de 0122     		movs	r2, #1
 484 01e0 1A70     		strb	r2, [r3]
 485              	.L17:
 148:ui.c          ****     }
 149:ui.c          ****     
 150:ui.c          ****     if (!neck1_button_Read())
 486              		.loc 1 150 0
 487 01e2 FFF7FEFF 		bl	neck1_button_Read
 488 01e6 0346     		mov	r3, r0
 489 01e8 002B     		cmp	r3, #0
 490 01ea 69D1     		bne	.L18
 151:ui.c          ****     {
 152:ui.c          ****         currentNeck = 0;
 491              		.loc 1 152 0
 492 01ec 2C4B     		ldr	r3, .L78+36
 493 01ee 0022     		movs	r2, #0
 494 01f0 1A70     		strb	r2, [r3]
 153:ui.c          ****         currentCopedent = necks[currentNeck];
 495              		.loc 1 153 0
 496 01f2 2B4B     		ldr	r3, .L78+36
 497 01f4 1B78     		ldrb	r3, [r3]	@ zero_extendqisi2
 498 01f6 1A46     		mov	r2, r3
 499 01f8 2A4B     		ldr	r3, .L78+40
 500 01fa 9A5C     		ldrb	r2, [r3, r2]	@ zero_extendqisi2
 501 01fc 2A4B     		ldr	r3, .L78+44
 502 01fe 1A70     		strb	r2, [r3]
 154:ui.c          ****         neckByte = (necks[0]<<5) + (necks[1]<<2) + currentNeck;
 503              		.loc 1 154 0
 504 0200 284B     		ldr	r3, .L78+40
 505 0202 1B78     		ldrb	r3, [r3]	@ zero_extendqisi2
 506 0204 5B01     		lsls	r3, r3, #5
 507 0206 DAB2     		uxtb	r2, r3
 508 0208 264B     		ldr	r3, .L78+40
 509 020a 5B78     		ldrb	r3, [r3, #1]	@ zero_extendqisi2
 510 020c 9B00     		lsls	r3, r3, #2
 511 020e DBB2     		uxtb	r3, r3
 512 0210 1344     		add	r3, r3, r2
 513 0212 DAB2     		uxtb	r2, r3
 514 0214 224B     		ldr	r3, .L78+36
 515 0216 1B78     		ldrb	r3, [r3]	@ zero_extendqisi2
 516 0218 1344     		add	r3, r3, r2
 517 021a DAB2     		uxtb	r2, r3
 518 021c 234B     		ldr	r3, .L78+48
 519 021e 1A70     		strb	r2, [r3]
 155:ui.c          ****         EEPROM_WriteByte(neckByte, EEPROM_NECKS_OFFSET);
 520              		.loc 1 155 0
 521 0220 224B     		ldr	r3, .L78+48
 522 0222 1B78     		ldrb	r3, [r3]	@ zero_extendqisi2
 523 0224 40F28B71 		movw	r1, #1931
 524 0228 1846     		mov	r0, r3
 525 022a FFF7FEFF 		bl	EEPROM_WriteByte
ARM GAS  C:\Users\ggg88\AppData\Local\Temp\ccZlRNWc.s 			page 13


 156:ui.c          ****         patchNum = neckPreset[currentNeck];
 526              		.loc 1 156 0
 527 022e 1C4B     		ldr	r3, .L78+36
 528 0230 1B78     		ldrb	r3, [r3]	@ zero_extendqisi2
 529 0232 1A46     		mov	r2, r3
 530 0234 1E4B     		ldr	r3, .L78+52
 531 0236 9A5C     		ldrb	r2, [r3, r2]	@ zero_extendqisi2
 532 0238 1E4B     		ldr	r3, .L78+56
 533 023a 1A70     		strb	r2, [r3]
 157:ui.c          ****         EEPROM_WriteByte(patchNum, EEPROM_NECK_PRESETS_OFFSET + currentNeck);
 534              		.loc 1 157 0
 535 023c 1D4B     		ldr	r3, .L78+56
 536 023e 1A78     		ldrb	r2, [r3]	@ zero_extendqisi2
 537 0240 174B     		ldr	r3, .L78+36
 538 0242 1B78     		ldrb	r3, [r3]	@ zero_extendqisi2
 539 0244 9BB2     		uxth	r3, r3
 540 0246 03F28473 		addw	r3, r3, #1924
 541 024a 9BB2     		uxth	r3, r3
 542 024c 1946     		mov	r1, r3
 543 024e 1046     		mov	r0, r2
 544 0250 FFF7FEFF 		bl	EEPROM_WriteByte
 158:ui.c          ****         EEPROM_WriteByte(patchNum, EEPROM_CURRENT_PRESET_OFFSET);
 545              		.loc 1 158 0
 546 0254 174B     		ldr	r3, .L78+56
 547 0256 1B78     		ldrb	r3, [r3]	@ zero_extendqisi2
 548 0258 40F27E71 		movw	r1, #1918
 549 025c 1846     		mov	r0, r3
 550 025e FFF7FEFF 		bl	EEPROM_WriteByte
 159:ui.c          ****         LED_red1_Write(0);
 551              		.loc 1 159 0
 552 0262 0020     		movs	r0, #0
 553 0264 FFF7FEFF 		bl	LED_red1_Write
 160:ui.c          ****         LED_green2_Write(1);
 554              		.loc 1 160 0
 555 0268 0120     		movs	r0, #1
 556 026a FFF7FEFF 		bl	LED_green2_Write
 161:ui.c          ****         if (!editMode)
 557              		.loc 1 161 0
 558 026e 124B     		ldr	r3, .L78+60
 559 0270 1B78     		ldrb	r3, [r3]	@ zero_extendqisi2
 560 0272 002B     		cmp	r3, #0
 561 0274 22D1     		bne	.L19
 162:ui.c          ****         {
 163:ui.c          ****             displayCurrentPresetNameAndCopedent();
 562              		.loc 1 163 0
 563 0276 FFF7FEFF 		bl	displayCurrentPresetNameAndCopedent
 564 027a 21E0     		b	.L18
 565              	.L79:
 566              		.align	2
 567              	.L78:
 568 027c 00000000 		.word	knobPanelLightActive
 569 0280 00000000 		.word	whichMacroPageIsActive
 570 0284 00000000 		.word	macroOLEDWaitingToSend
 571 0288 00000000 		.word	knobFrozen
 572 028c 00000000 		.word	prevMacroKnobValues
 573 0290 00000000 		.word	whichMacro
 574 0294 00000000 		.word	octave
ARM GAS  C:\Users\ggg88\AppData\Local\Temp\ccZlRNWc.s 			page 14


 575 0298 00000000 		.word	oct1Up
 576 029c 00000000 		.word	oct4Up
 577 02a0 00000000 		.word	currentNeck
 578 02a4 00000000 		.word	necks
 579 02a8 00000000 		.word	currentCopedent
 580 02ac 00000000 		.word	neckByte
 581 02b0 00000000 		.word	neckPreset
 582 02b4 00000000 		.word	patchNum
 583 02b8 00000000 		.word	editMode
 584              	.L19:
 164:ui.c          ****         }
 165:ui.c          ****         else
 166:ui.c          ****         {
 167:ui.c          ****             exitEditModeMenu();   
 585              		.loc 1 167 0
 586 02bc FFF7FEFF 		bl	exitEditModeMenu
 587              	.L18:
 168:ui.c          ****         }
 169:ui.c          ****     }
 170:ui.c          ****     if (!neck2_button_Read())
 588              		.loc 1 170 0
 589 02c0 FFF7FEFF 		bl	neck2_button_Read
 590 02c4 0346     		mov	r3, r0
 591 02c6 002B     		cmp	r3, #0
 592 02c8 49D1     		bne	.L20
 171:ui.c          ****     {
 172:ui.c          ****         currentNeck = 1;
 593              		.loc 1 172 0
 594 02ca 834B     		ldr	r3, .L80
 595 02cc 0122     		movs	r2, #1
 596 02ce 1A70     		strb	r2, [r3]
 173:ui.c          ****         currentCopedent = necks[currentNeck];    
 597              		.loc 1 173 0
 598 02d0 814B     		ldr	r3, .L80
 599 02d2 1B78     		ldrb	r3, [r3]	@ zero_extendqisi2
 600 02d4 1A46     		mov	r2, r3
 601 02d6 814B     		ldr	r3, .L80+4
 602 02d8 9A5C     		ldrb	r2, [r3, r2]	@ zero_extendqisi2
 603 02da 814B     		ldr	r3, .L80+8
 604 02dc 1A70     		strb	r2, [r3]
 174:ui.c          ****         neckByte = (necks[0]<<5) + (necks[1]<<2) + currentNeck;
 605              		.loc 1 174 0
 606 02de 7F4B     		ldr	r3, .L80+4
 607 02e0 1B78     		ldrb	r3, [r3]	@ zero_extendqisi2
 608 02e2 5B01     		lsls	r3, r3, #5
 609 02e4 DAB2     		uxtb	r2, r3
 610 02e6 7D4B     		ldr	r3, .L80+4
 611 02e8 5B78     		ldrb	r3, [r3, #1]	@ zero_extendqisi2
 612 02ea 9B00     		lsls	r3, r3, #2
 613 02ec DBB2     		uxtb	r3, r3
 614 02ee 1344     		add	r3, r3, r2
 615 02f0 DAB2     		uxtb	r2, r3
 616 02f2 794B     		ldr	r3, .L80
 617 02f4 1B78     		ldrb	r3, [r3]	@ zero_extendqisi2
 618 02f6 1344     		add	r3, r3, r2
 619 02f8 DAB2     		uxtb	r2, r3
 620 02fa 7A4B     		ldr	r3, .L80+12
ARM GAS  C:\Users\ggg88\AppData\Local\Temp\ccZlRNWc.s 			page 15


 621 02fc 1A70     		strb	r2, [r3]
 175:ui.c          ****         EEPROM_WriteByte(neckByte, EEPROM_NECKS_OFFSET);
 622              		.loc 1 175 0
 623 02fe 794B     		ldr	r3, .L80+12
 624 0300 1B78     		ldrb	r3, [r3]	@ zero_extendqisi2
 625 0302 40F28B71 		movw	r1, #1931
 626 0306 1846     		mov	r0, r3
 627 0308 FFF7FEFF 		bl	EEPROM_WriteByte
 176:ui.c          ****         patchNum = neckPreset[currentNeck];
 628              		.loc 1 176 0
 629 030c 724B     		ldr	r3, .L80
 630 030e 1B78     		ldrb	r3, [r3]	@ zero_extendqisi2
 631 0310 1A46     		mov	r2, r3
 632 0312 754B     		ldr	r3, .L80+16
 633 0314 9A5C     		ldrb	r2, [r3, r2]	@ zero_extendqisi2
 634 0316 754B     		ldr	r3, .L80+20
 635 0318 1A70     		strb	r2, [r3]
 177:ui.c          ****         EEPROM_WriteByte(patchNum, EEPROM_NECK_PRESETS_OFFSET + currentNeck);
 636              		.loc 1 177 0
 637 031a 744B     		ldr	r3, .L80+20
 638 031c 1A78     		ldrb	r2, [r3]	@ zero_extendqisi2
 639 031e 6E4B     		ldr	r3, .L80
 640 0320 1B78     		ldrb	r3, [r3]	@ zero_extendqisi2
 641 0322 9BB2     		uxth	r3, r3
 642 0324 03F28473 		addw	r3, r3, #1924
 643 0328 9BB2     		uxth	r3, r3
 644 032a 1946     		mov	r1, r3
 645 032c 1046     		mov	r0, r2
 646 032e FFF7FEFF 		bl	EEPROM_WriteByte
 178:ui.c          ****         EEPROM_WriteByte(patchNum, EEPROM_CURRENT_PRESET_OFFSET);
 647              		.loc 1 178 0
 648 0332 6E4B     		ldr	r3, .L80+20
 649 0334 1B78     		ldrb	r3, [r3]	@ zero_extendqisi2
 650 0336 40F27E71 		movw	r1, #1918
 651 033a 1846     		mov	r0, r3
 652 033c FFF7FEFF 		bl	EEPROM_WriteByte
 179:ui.c          ****         LED_red1_Write(1);
 653              		.loc 1 179 0
 654 0340 0120     		movs	r0, #1
 655 0342 FFF7FEFF 		bl	LED_red1_Write
 180:ui.c          ****         LED_green2_Write(0);          
 656              		.loc 1 180 0
 657 0346 0020     		movs	r0, #0
 658 0348 FFF7FEFF 		bl	LED_green2_Write
 181:ui.c          ****         if (!editMode)
 659              		.loc 1 181 0
 660 034c 684B     		ldr	r3, .L80+24
 661 034e 1B78     		ldrb	r3, [r3]	@ zero_extendqisi2
 662 0350 002B     		cmp	r3, #0
 663 0352 02D1     		bne	.L21
 182:ui.c          ****         {
 183:ui.c          ****             displayCurrentPresetNameAndCopedent();
 664              		.loc 1 183 0
 665 0354 FFF7FEFF 		bl	displayCurrentPresetNameAndCopedent
 666 0358 01E0     		b	.L20
 667              	.L21:
 184:ui.c          ****         }
ARM GAS  C:\Users\ggg88\AppData\Local\Temp\ccZlRNWc.s 			page 16


 185:ui.c          ****         else
 186:ui.c          ****         {
 187:ui.c          ****             exitEditModeMenu();   
 668              		.loc 1 187 0
 669 035a FFF7FEFF 		bl	exitEditModeMenu
 670              	.L20:
 188:ui.c          ****         }
 189:ui.c          ****     }
 190:ui.c          ****     
 191:ui.c          ****     if ((!(tempButtons&(1<<6))) && (shiftUp))
 671              		.loc 1 191 0
 672 035e FB7F     		ldrb	r3, [r7, #31]	@ zero_extendqisi2
 673 0360 03F04003 		and	r3, r3, #64
 674 0364 002B     		cmp	r3, #0
 675 0366 1DD1     		bne	.L22
 676              		.loc 1 191 0 is_stmt 0 discriminator 1
 677 0368 624B     		ldr	r3, .L80+28
 678 036a 1B78     		ldrb	r3, [r3]	@ zero_extendqisi2
 679 036c 002B     		cmp	r3, #0
 680 036e 19D0     		beq	.L22
 192:ui.c          ****     {
 193:ui.c          ****         dualSlider = !dualSlider;
 681              		.loc 1 193 0 is_stmt 1
 682 0370 614B     		ldr	r3, .L80+32
 683 0372 1B78     		ldrb	r3, [r3]	@ zero_extendqisi2
 684 0374 002B     		cmp	r3, #0
 685 0376 0CBF     		ite	eq
 686 0378 0123     		moveq	r3, #1
 687 037a 0023     		movne	r3, #0
 688 037c DBB2     		uxtb	r3, r3
 689 037e 1A46     		mov	r2, r3
 690 0380 5D4B     		ldr	r3, .L80+32
 691 0382 1A70     		strb	r2, [r3]
 194:ui.c          ****         LED_green1_Write(dualSlider);
 692              		.loc 1 194 0
 693 0384 5C4B     		ldr	r3, .L80+32
 694 0386 1B78     		ldrb	r3, [r3]	@ zero_extendqisi2
 695 0388 1846     		mov	r0, r3
 696 038a FFF7FEFF 		bl	LED_green1_Write
 195:ui.c          ****         EEPROM_WriteByte(dualSlider, EEPROM_DUAL_SLIDER_OFFSET);
 697              		.loc 1 195 0
 698 038e 5A4B     		ldr	r3, .L80+32
 699 0390 1B78     		ldrb	r3, [r3]	@ zero_extendqisi2
 700 0392 40F28A71 		movw	r1, #1930
 701 0396 1846     		mov	r0, r3
 702 0398 FFF7FEFF 		bl	EEPROM_WriteByte
 196:ui.c          ****         shiftUp = 0;
 703              		.loc 1 196 0
 704 039c 554B     		ldr	r3, .L80+28
 705 039e 0022     		movs	r2, #0
 706 03a0 1A70     		strb	r2, [r3]
 707 03a2 07E0     		b	.L23
 708              	.L22:
 197:ui.c          ****     }
 198:ui.c          ****     else if ((tempButtons&(1<<6)))
 709              		.loc 1 198 0
 710 03a4 FB7F     		ldrb	r3, [r7, #31]	@ zero_extendqisi2
ARM GAS  C:\Users\ggg88\AppData\Local\Temp\ccZlRNWc.s 			page 17


 711 03a6 03F04003 		and	r3, r3, #64
 712 03aa 002B     		cmp	r3, #0
 713 03ac 02D0     		beq	.L23
 199:ui.c          ****     {
 200:ui.c          ****         shiftUp = 1;
 714              		.loc 1 200 0
 715 03ae 514B     		ldr	r3, .L80+28
 716 03b0 0122     		movs	r2, #1
 717 03b2 1A70     		strb	r2, [r3]
 718              	.L23:
 201:ui.c          ****     }
 202:ui.c          **** 
 203:ui.c          ****     if ((!(tempButtons&(1<<0))) && (button1Up))
 719              		.loc 1 203 0
 720 03b4 FB7F     		ldrb	r3, [r7, #31]	@ zero_extendqisi2
 721 03b6 03F00103 		and	r3, r3, #1
 722 03ba 002B     		cmp	r3, #0
 723 03bc 09D1     		bne	.L24
 724              		.loc 1 203 0 is_stmt 0 discriminator 1
 725 03be 4F4B     		ldr	r3, .L80+36
 726 03c0 1B78     		ldrb	r3, [r3]	@ zero_extendqisi2
 727 03c2 002B     		cmp	r3, #0
 728 03c4 05D0     		beq	.L24
 204:ui.c          ****     {
 205:ui.c          ****         leftPressed();
 729              		.loc 1 205 0 is_stmt 1
 730 03c6 FFF7FEFF 		bl	leftPressed
 206:ui.c          ****         button1Up = 0;
 731              		.loc 1 206 0
 732 03ca 4C4B     		ldr	r3, .L80+36
 733 03cc 0022     		movs	r2, #0
 734 03ce 1A70     		strb	r2, [r3]
 735 03d0 07E0     		b	.L25
 736              	.L24:
 207:ui.c          ****     }
 208:ui.c          ****     else if ((tempButtons&(1<<0)))
 737              		.loc 1 208 0
 738 03d2 FB7F     		ldrb	r3, [r7, #31]	@ zero_extendqisi2
 739 03d4 03F00103 		and	r3, r3, #1
 740 03d8 002B     		cmp	r3, #0
 741 03da 02D0     		beq	.L25
 209:ui.c          ****     {
 210:ui.c          ****         button1Up = 1;
 742              		.loc 1 210 0
 743 03dc 474B     		ldr	r3, .L80+36
 744 03de 0122     		movs	r2, #1
 745 03e0 1A70     		strb	r2, [r3]
 746              	.L25:
 211:ui.c          ****     }
 212:ui.c          ****     
 213:ui.c          ****     if ((!(tempButtons&(1<<1))) && (button2Up))
 747              		.loc 1 213 0
 748 03e2 FB7F     		ldrb	r3, [r7, #31]	@ zero_extendqisi2
 749 03e4 03F00203 		and	r3, r3, #2
 750 03e8 002B     		cmp	r3, #0
 751 03ea 09D1     		bne	.L26
 752              		.loc 1 213 0 is_stmt 0 discriminator 1
ARM GAS  C:\Users\ggg88\AppData\Local\Temp\ccZlRNWc.s 			page 18


 753 03ec 444B     		ldr	r3, .L80+40
 754 03ee 1B78     		ldrb	r3, [r3]	@ zero_extendqisi2
 755 03f0 002B     		cmp	r3, #0
 756 03f2 05D0     		beq	.L26
 214:ui.c          ****     {
 215:ui.c          ****         rightPressed();
 757              		.loc 1 215 0 is_stmt 1
 758 03f4 FFF7FEFF 		bl	rightPressed
 216:ui.c          ****         button2Up = 0;
 759              		.loc 1 216 0
 760 03f8 414B     		ldr	r3, .L80+40
 761 03fa 0022     		movs	r2, #0
 762 03fc 1A70     		strb	r2, [r3]
 763 03fe 07E0     		b	.L27
 764              	.L26:
 217:ui.c          ****     }
 218:ui.c          ****     else if ((tempButtons&(1<<1)))
 765              		.loc 1 218 0
 766 0400 FB7F     		ldrb	r3, [r7, #31]	@ zero_extendqisi2
 767 0402 03F00203 		and	r3, r3, #2
 768 0406 002B     		cmp	r3, #0
 769 0408 02D0     		beq	.L27
 219:ui.c          ****     {
 220:ui.c          ****         button2Up = 1;
 770              		.loc 1 220 0
 771 040a 3D4B     		ldr	r3, .L80+40
 772 040c 0122     		movs	r2, #1
 773 040e 1A70     		strb	r2, [r3]
 774              	.L27:
 221:ui.c          ****     }
 222:ui.c          ****     
 223:ui.c          ****     if ((!(tempButtons&(1<<2))) && (button3Up))
 775              		.loc 1 223 0
 776 0410 FB7F     		ldrb	r3, [r7, #31]	@ zero_extendqisi2
 777 0412 03F00403 		and	r3, r3, #4
 778 0416 002B     		cmp	r3, #0
 779 0418 09D1     		bne	.L28
 780              		.loc 1 223 0 is_stmt 0 discriminator 1
 781 041a 3A4B     		ldr	r3, .L80+44
 782 041c 1B78     		ldrb	r3, [r3]	@ zero_extendqisi2
 783 041e 002B     		cmp	r3, #0
 784 0420 05D0     		beq	.L28
 224:ui.c          ****     {
 225:ui.c          ****         downPressed();
 785              		.loc 1 225 0 is_stmt 1
 786 0422 FFF7FEFF 		bl	downPressed
 226:ui.c          ****         button3Up = 0;
 787              		.loc 1 226 0
 788 0426 374B     		ldr	r3, .L80+44
 789 0428 0022     		movs	r2, #0
 790 042a 1A70     		strb	r2, [r3]
 791 042c 07E0     		b	.L29
 792              	.L28:
 227:ui.c          ****     }
 228:ui.c          ****     else if ((tempButtons&(1<<2)))
 793              		.loc 1 228 0
 794 042e FB7F     		ldrb	r3, [r7, #31]	@ zero_extendqisi2
ARM GAS  C:\Users\ggg88\AppData\Local\Temp\ccZlRNWc.s 			page 19


 795 0430 03F00403 		and	r3, r3, #4
 796 0434 002B     		cmp	r3, #0
 797 0436 02D0     		beq	.L29
 229:ui.c          ****     {
 230:ui.c          ****         button3Up = 1;
 798              		.loc 1 230 0
 799 0438 324B     		ldr	r3, .L80+44
 800 043a 0122     		movs	r2, #1
 801 043c 1A70     		strb	r2, [r3]
 802              	.L29:
 231:ui.c          ****     }
 232:ui.c          ****     
 233:ui.c          ****     if ((!(tempButtons&(1<<3))) && (button4Up))
 803              		.loc 1 233 0
 804 043e FB7F     		ldrb	r3, [r7, #31]	@ zero_extendqisi2
 805 0440 03F00803 		and	r3, r3, #8
 806 0444 002B     		cmp	r3, #0
 807 0446 09D1     		bne	.L30
 808              		.loc 1 233 0 is_stmt 0 discriminator 1
 809 0448 2F4B     		ldr	r3, .L80+48
 810 044a 1B78     		ldrb	r3, [r3]	@ zero_extendqisi2
 811 044c 002B     		cmp	r3, #0
 812 044e 05D0     		beq	.L30
 234:ui.c          ****     {
 235:ui.c          ****         upPressed();
 813              		.loc 1 235 0 is_stmt 1
 814 0450 FFF7FEFF 		bl	upPressed
 236:ui.c          ****         button4Up = 0;
 815              		.loc 1 236 0
 816 0454 2C4B     		ldr	r3, .L80+48
 817 0456 0022     		movs	r2, #0
 818 0458 1A70     		strb	r2, [r3]
 819 045a 07E0     		b	.L31
 820              	.L30:
 237:ui.c          ****     }
 238:ui.c          ****     else if ((tempButtons&(1<<3)))
 821              		.loc 1 238 0
 822 045c FB7F     		ldrb	r3, [r7, #31]	@ zero_extendqisi2
 823 045e 03F00803 		and	r3, r3, #8
 824 0462 002B     		cmp	r3, #0
 825 0464 02D0     		beq	.L31
 239:ui.c          ****     {
 240:ui.c          ****         button4Up = 1;
 826              		.loc 1 240 0
 827 0466 284B     		ldr	r3, .L80+48
 828 0468 0122     		movs	r2, #1
 829 046a 1A70     		strb	r2, [r3]
 830              	.L31:
 241:ui.c          ****     }
 242:ui.c          ****     
 243:ui.c          ****     if ((!edit_button_Read()) && (editUp))
 831              		.loc 1 243 0
 832 046c FFF7FEFF 		bl	edit_button_Read
 833 0470 0346     		mov	r3, r0
 834 0472 002B     		cmp	r3, #0
 835 0474 1AD1     		bne	.L32
 836              		.loc 1 243 0 is_stmt 0 discriminator 1
ARM GAS  C:\Users\ggg88\AppData\Local\Temp\ccZlRNWc.s 			page 20


 837 0476 254B     		ldr	r3, .L80+52
 838 0478 1B78     		ldrb	r3, [r3]	@ zero_extendqisi2
 839 047a 002B     		cmp	r3, #0
 840 047c 16D0     		beq	.L32
 244:ui.c          ****     {
 245:ui.c          ****         editMode = !editMode;
 841              		.loc 1 245 0 is_stmt 1
 842 047e 1C4B     		ldr	r3, .L80+24
 843 0480 1B78     		ldrb	r3, [r3]	@ zero_extendqisi2
 844 0482 002B     		cmp	r3, #0
 845 0484 0CBF     		ite	eq
 846 0486 0123     		moveq	r3, #1
 847 0488 0023     		movne	r3, #0
 848 048a DBB2     		uxtb	r3, r3
 849 048c 1A46     		mov	r2, r3
 850 048e 184B     		ldr	r3, .L80+24
 851 0490 1A70     		strb	r2, [r3]
 246:ui.c          ****         if (editMode)
 852              		.loc 1 246 0
 853 0492 174B     		ldr	r3, .L80+24
 854 0494 1B78     		ldrb	r3, [r3]	@ zero_extendqisi2
 855 0496 002B     		cmp	r3, #0
 856 0498 02D0     		beq	.L33
 247:ui.c          ****         {
 248:ui.c          ****             enterEditModeMenu();
 857              		.loc 1 248 0
 858 049a FFF7FEFF 		bl	enterEditModeMenu
 859 049e 01E0     		b	.L34
 860              	.L33:
 249:ui.c          ****         }
 250:ui.c          ****         else
 251:ui.c          ****         {
 252:ui.c          ****             exitEditModeMenu();
 861              		.loc 1 252 0
 862 04a0 FFF7FEFF 		bl	exitEditModeMenu
 863              	.L34:
 253:ui.c          ****         }
 254:ui.c          ****         editUp = 0;
 864              		.loc 1 254 0
 865 04a4 194B     		ldr	r3, .L80+52
 866 04a6 0022     		movs	r2, #0
 867 04a8 1A70     		strb	r2, [r3]
 868 04aa 07E0     		b	.L35
 869              	.L32:
 255:ui.c          ****     }
 256:ui.c          ****     else if (edit_button_Read())
 870              		.loc 1 256 0
 871 04ac FFF7FEFF 		bl	edit_button_Read
 872 04b0 0346     		mov	r3, r0
 873 04b2 002B     		cmp	r3, #0
 874 04b4 02D0     		beq	.L35
 257:ui.c          ****     {
 258:ui.c          ****         editUp = 1;
 875              		.loc 1 258 0
 876 04b6 154B     		ldr	r3, .L80+52
 877 04b8 0122     		movs	r2, #1
 878 04ba 1A70     		strb	r2, [r3]
ARM GAS  C:\Users\ggg88\AppData\Local\Temp\ccZlRNWc.s 			page 21


 879              	.L35:
 259:ui.c          ****     }
 260:ui.c          ****     
 261:ui.c          ****     if ((!(tempButtons&(1<<7))) && (encoderUp))
 880              		.loc 1 261 0
 881 04bc 97F91F30 		ldrsb	r3, [r7, #31]
 882 04c0 002B     		cmp	r3, #0
 883 04c2 27DB     		blt	.L36
 884              		.loc 1 261 0 is_stmt 0 discriminator 1
 885 04c4 124B     		ldr	r3, .L80+56
 886 04c6 1B78     		ldrb	r3, [r3]	@ zero_extendqisi2
 887 04c8 002B     		cmp	r3, #0
 888 04ca 23D0     		beq	.L36
 262:ui.c          ****     {
 263:ui.c          ****         enterPressed();
 889              		.loc 1 263 0 is_stmt 1
 890 04cc FFF7FEFF 		bl	enterPressed
 264:ui.c          ****         encoderUp = 0;
 891              		.loc 1 264 0
 892 04d0 0F4B     		ldr	r3, .L80+56
 893 04d2 0022     		movs	r2, #0
 894 04d4 1A70     		strb	r2, [r3]
 895 04d6 24E0     		b	.L37
 896              	.L81:
 897              		.align	2
 898              	.L80:
 899 04d8 00000000 		.word	currentNeck
 900 04dc 00000000 		.word	necks
 901 04e0 00000000 		.word	currentCopedent
 902 04e4 00000000 		.word	neckByte
 903 04e8 00000000 		.word	neckPreset
 904 04ec 00000000 		.word	patchNum
 905 04f0 00000000 		.word	editMode
 906 04f4 00000000 		.word	shiftUp
 907 04f8 00000000 		.word	dualSlider
 908 04fc 00000000 		.word	button1Up
 909 0500 00000000 		.word	button2Up
 910 0504 00000000 		.word	button3Up
 911 0508 00000000 		.word	button4Up
 912 050c 00000000 		.word	editUp
 913 0510 00000000 		.word	encoderUp
 914              	.L36:
 265:ui.c          ****     }
 266:ui.c          ****     else if ((tempButtons&(1<<7)))
 915              		.loc 1 266 0
 916 0514 97F91F30 		ldrsb	r3, [r7, #31]
 917 0518 002B     		cmp	r3, #0
 918 051a 02DA     		bge	.L37
 267:ui.c          ****     {
 268:ui.c          ****         encoderUp = 1;
 919              		.loc 1 268 0
 920 051c 954B     		ldr	r3, .L82
 921 051e 0122     		movs	r2, #1
 922 0520 1A70     		strb	r2, [r3]
 923              	.L37:
 269:ui.c          ****     }
 270:ui.c          ****     
ARM GAS  C:\Users\ggg88\AppData\Local\Temp\ccZlRNWc.s 			page 22


 271:ui.c          ****     prevOctave = octave;
 924              		.loc 1 271 0
 925 0522 954B     		ldr	r3, .L82+4
 926 0524 1B68     		ldr	r3, [r3]
 927 0526 954A     		ldr	r2, .L82+8
 928 0528 1360     		str	r3, [r2]
 272:ui.c          ****     if (editMode)
 929              		.loc 1 272 0
 930 052a 954B     		ldr	r3, .L82+12
 931 052c 1B78     		ldrb	r3, [r3]	@ zero_extendqisi2
 932 052e 002B     		cmp	r3, #0
 933 0530 00F04984 		beq	.L77
 273:ui.c          ****     {
 274:ui.c          ****         if (encoderWatch)
 934              		.loc 1 274 0
 935 0534 934B     		ldr	r3, .L82+16
 936 0536 1B78     		ldrb	r3, [r3]	@ zero_extendqisi2
 937 0538 002B     		cmp	r3, #0
 938 053a 00F04484 		beq	.L77
 939              	.LBB4:
 275:ui.c          ****         {
 276:ui.c          ****             int8_t currentEncoderVal = Decoder_1_GetPosition();
 940              		.loc 1 276 0
 941 053e FFF7FEFF 		bl	Decoder_1_GetPosition
 942 0542 0346     		mov	r3, r0
 943 0544 BB77     		strb	r3, [r7, #30]
 277:ui.c          ****             
 278:ui.c          ****             if (menuPosition[0][0] == StorePresetMenu) //SelectingPresetToStore
 944              		.loc 1 278 0
 945 0546 904B     		ldr	r3, .L82+20
 946 0548 93F90030 		ldrsb	r3, [r3]
 947 054c 012B     		cmp	r3, #1
 948 054e 40F0A080 		bne	.L39
 279:ui.c          ****             {
 280:ui.c          ****                 if (prevEncoderVal != currentEncoderVal)
 949              		.loc 1 280 0
 950 0552 8E4B     		ldr	r3, .L82+24
 951 0554 93F90030 		ldrsb	r3, [r3]
 952 0558 97F91E20 		ldrsb	r2, [r7, #30]
 953 055c 9A42     		cmp	r2, r3
 954 055e 00F09880 		beq	.L39
 281:ui.c          ****                 {
 282:ui.c          ****                     
 283:ui.c          ****                     if (presetStoreStage == 0)
 955              		.loc 1 283 0
 956 0562 8B4B     		ldr	r3, .L82+28
 957 0564 1B78     		ldrb	r3, [r3]	@ zero_extendqisi2
 958 0566 002B     		cmp	r3, #0
 959 0568 6BD1     		bne	.L40
 960              	.LBB5:
 284:ui.c          ****                     {
 285:ui.c          ****                         OLEDtextColor(1, 0);
 961              		.loc 1 285 0
 962 056a 0021     		movs	r1, #0
 963 056c 0120     		movs	r0, #1
 964 056e FFF7FEFF 		bl	OLEDtextColor
 286:ui.c          ****                         GFXfillRect(&theGFX, 84, 32 ,46 ,32, theGFX.textbgcolor);
ARM GAS  C:\Users\ggg88\AppData\Local\Temp\ccZlRNWc.s 			page 23


 965              		.loc 1 286 0
 966 0572 884B     		ldr	r3, .L82+32
 967 0574 5B8A     		ldrh	r3, [r3, #18]
 968 0576 0193     		str	r3, [sp, #4]
 969 0578 2023     		movs	r3, #32
 970 057a 0093     		str	r3, [sp]
 971 057c 2E23     		movs	r3, #46
 972 057e 2022     		movs	r2, #32
 973 0580 5421     		movs	r1, #84
 974 0582 8448     		ldr	r0, .L82+32
 975 0584 FFF7FEFF 		bl	GFXfillRect
 287:ui.c          ****                        
 288:ui.c          **** 
 289:ui.c          ****                         myGFX_setFont(1);
 976              		.loc 1 289 0
 977 0588 0120     		movs	r0, #1
 978 058a FFF7FEFF 		bl	myGFX_setFont
 290:ui.c          ****                         presetNumberToStore = presetNumberToStore - (Decoder_1_GetPosition());
 979              		.loc 1 290 0
 980 058e 824B     		ldr	r3, .L82+36
 981 0590 93F90030 		ldrsb	r3, [r3]
 982 0594 DCB2     		uxtb	r4, r3
 983 0596 FFF7FEFF 		bl	Decoder_1_GetPosition
 984 059a 0346     		mov	r3, r0
 985 059c DBB2     		uxtb	r3, r3
 986 059e E31A     		subs	r3, r4, r3
 987 05a0 DBB2     		uxtb	r3, r3
 988 05a2 5AB2     		sxtb	r2, r3
 989 05a4 7C4B     		ldr	r3, .L82+36
 990 05a6 1A70     		strb	r2, [r3]
 291:ui.c          ****                         if (presetNumberToStore < 0)
 991              		.loc 1 291 0
 992 05a8 7B4B     		ldr	r3, .L82+36
 993 05aa 93F90030 		ldrsb	r3, [r3]
 994 05ae 002B     		cmp	r3, #0
 995 05b0 08DA     		bge	.L41
 292:ui.c          ****                         {
 293:ui.c          ****                             presetNumberToStore += 59;
 996              		.loc 1 293 0
 997 05b2 794B     		ldr	r3, .L82+36
 998 05b4 93F90030 		ldrsb	r3, [r3]
 999 05b8 DBB2     		uxtb	r3, r3
 1000 05ba 3B33     		adds	r3, r3, #59
 1001 05bc DBB2     		uxtb	r3, r3
 1002 05be 5AB2     		sxtb	r2, r3
 1003 05c0 754B     		ldr	r3, .L82+36
 1004 05c2 1A70     		strb	r2, [r3]
 1005              	.L41:
 294:ui.c          ****                         }
 295:ui.c          ****                         if (presetNumberToStore > 58)
 1006              		.loc 1 295 0
 1007 05c4 744B     		ldr	r3, .L82+36
 1008 05c6 93F90030 		ldrsb	r3, [r3]
 1009 05ca 3A2B     		cmp	r3, #58
 1010 05cc 08DD     		ble	.L42
 296:ui.c          ****                         {
 297:ui.c          ****                             presetNumberToStore -= 59;
ARM GAS  C:\Users\ggg88\AppData\Local\Temp\ccZlRNWc.s 			page 24


 1011              		.loc 1 297 0
 1012 05ce 724B     		ldr	r3, .L82+36
 1013 05d0 93F90030 		ldrsb	r3, [r3]
 1014 05d4 DBB2     		uxtb	r3, r3
 1015 05d6 3B3B     		subs	r3, r3, #59
 1016 05d8 DBB2     		uxtb	r3, r3
 1017 05da 5AB2     		sxtb	r2, r3
 1018 05dc 6E4B     		ldr	r3, .L82+36
 1019 05de 1A70     		strb	r2, [r3]
 1020              	.L42:
 298:ui.c          ****                         }
 299:ui.c          ****                         Decoder_1_SetPosition(0);
 1021              		.loc 1 299 0
 1022 05e0 0020     		movs	r0, #0
 1023 05e2 FFF7FEFF 		bl	Decoder_1_SetPosition
 300:ui.c          ****                         
 301:ui.c          ****                         
 302:ui.c          ****                         GFXsetCursor(&theGFX, 84,58);
 1024              		.loc 1 302 0
 1025 05e6 3A22     		movs	r2, #58
 1026 05e8 5421     		movs	r1, #84
 1027 05ea 6A48     		ldr	r0, .L82+32
 1028 05ec FFF7FEFF 		bl	GFXsetCursor
 303:ui.c          ****                         
 304:ui.c          ****                         int8_t presetNumberToStoreTemp = presetNumberToStore;
 1029              		.loc 1 304 0
 1030 05f0 694B     		ldr	r3, .L82+36
 1031 05f2 1B78     		ldrb	r3, [r3]
 1032 05f4 7B77     		strb	r3, [r7, #29]
 305:ui.c          **** 
 306:ui.c          ****                         uint8_t currentChar = ((uint8_t)presetNumberToStoreTemp / 10);    
 1033              		.loc 1 306 0
 1034 05f6 7B7F     		ldrb	r3, [r7, #29]	@ zero_extendqisi2
 1035 05f8 684A     		ldr	r2, .L82+40
 1036 05fa A2FB0323 		umull	r2, r3, r2, r3
 1037 05fe DB08     		lsrs	r3, r3, #3
 1038 0600 3B77     		strb	r3, [r7, #28]
 307:ui.c          ****                         GFXwrite(&theGFX, currentChar + 48);
 1039              		.loc 1 307 0
 1040 0602 3B7F     		ldrb	r3, [r7, #28]
 1041 0604 3033     		adds	r3, r3, #48
 1042 0606 DBB2     		uxtb	r3, r3
 1043 0608 1946     		mov	r1, r3
 1044 060a 6248     		ldr	r0, .L82+32
 1045 060c FFF7FEFF 		bl	GFXwrite
 308:ui.c          ****                         presetNumberToStoreTemp -= currentChar * 10;
 1046              		.loc 1 308 0
 1047 0610 3B7F     		ldrb	r3, [r7, #28]
 1048 0612 1A46     		mov	r2, r3
 1049 0614 5201     		lsls	r2, r2, #5
 1050 0616 D21A     		subs	r2, r2, r3
 1051 0618 9200     		lsls	r2, r2, #2
 1052 061a D31A     		subs	r3, r2, r3
 1053 061c 5B00     		lsls	r3, r3, #1
 1054 061e DAB2     		uxtb	r2, r3
 1055 0620 7B7F     		ldrb	r3, [r7, #29]	@ zero_extendqisi2
 1056 0622 1344     		add	r3, r3, r2
ARM GAS  C:\Users\ggg88\AppData\Local\Temp\ccZlRNWc.s 			page 25


 1057 0624 DBB2     		uxtb	r3, r3
 1058 0626 7B77     		strb	r3, [r7, #29]
 309:ui.c          ****                         currentChar = ((uint8_t)presetNumberToStoreTemp);    
 1059              		.loc 1 309 0
 1060 0628 7B7F     		ldrb	r3, [r7, #29]
 1061 062a 3B77     		strb	r3, [r7, #28]
 310:ui.c          ****                         GFXwrite(&theGFX, currentChar + 48);
 1062              		.loc 1 310 0
 1063 062c 3B7F     		ldrb	r3, [r7, #28]
 1064 062e 3033     		adds	r3, r3, #48
 1065 0630 DBB2     		uxtb	r3, r3
 1066 0632 1946     		mov	r1, r3
 1067 0634 5748     		ldr	r0, .L82+32
 1068 0636 FFF7FEFF 		bl	GFXwrite
 311:ui.c          ****                         mainOLEDWaitingToSend = 1;
 1069              		.loc 1 311 0
 1070 063a 594B     		ldr	r3, .L82+44
 1071 063c 0122     		movs	r2, #1
 1072 063e 1A70     		strb	r2, [r3]
 1073              	.LBE5:
 1074 0640 27E0     		b	.L39
 1075              	.L40:
 1076              	.LBB6:
 312:ui.c          ****                     }
 313:ui.c          ****                     else
 314:ui.c          ****                     {
 315:ui.c          ****                        uint8_t currentChar = presetStoreStage - 1;
 1077              		.loc 1 315 0
 1078 0642 534B     		ldr	r3, .L82+28
 1079 0644 1B78     		ldrb	r3, [r3]	@ zero_extendqisi2
 1080 0646 013B     		subs	r3, r3, #1
 1081 0648 FB76     		strb	r3, [r7, #27]
 316:ui.c          ****                         newPresetName[currentChar] = newPresetName[currentChar] - (Decoder_1_GetPos
 1082              		.loc 1 316 0
 1083 064a FC7E     		ldrb	r4, [r7, #27]	@ zero_extendqisi2
 1084 064c FB7E     		ldrb	r3, [r7, #27]	@ zero_extendqisi2
 1085 064e 554A     		ldr	r2, .L82+48
 1086 0650 D55C     		ldrb	r5, [r2, r3]	@ zero_extendqisi2
 1087 0652 FFF7FEFF 		bl	Decoder_1_GetPosition
 1088 0656 0346     		mov	r3, r0
 1089 0658 DBB2     		uxtb	r3, r3
 1090 065a EB1A     		subs	r3, r5, r3
 1091 065c DAB2     		uxtb	r2, r3
 1092 065e 514B     		ldr	r3, .L82+48
 1093 0660 1A55     		strb	r2, [r3, r4]
 317:ui.c          ****                         Decoder_1_SetPosition(0);
 1094              		.loc 1 317 0
 1095 0662 0020     		movs	r0, #0
 1096 0664 FFF7FEFF 		bl	Decoder_1_SetPosition
 318:ui.c          ****                         OLEDtextColor(1, 0);
 1097              		.loc 1 318 0
 1098 0668 0021     		movs	r1, #0
 1099 066a 0120     		movs	r0, #1
 1100 066c FFF7FEFF 		bl	OLEDtextColor
 319:ui.c          ****                         myGFX_setFont(0);
 1101              		.loc 1 319 0
 1102 0670 0020     		movs	r0, #0
ARM GAS  C:\Users\ggg88\AppData\Local\Temp\ccZlRNWc.s 			page 26


 1103 0672 FFF7FEFF 		bl	myGFX_setFont
 320:ui.c          ****                         GFXsetCursor(&theGFX, 0,50);
 1104              		.loc 1 320 0
 1105 0676 3222     		movs	r2, #50
 1106 0678 0021     		movs	r1, #0
 1107 067a 4648     		ldr	r0, .L82+32
 1108 067c FFF7FEFF 		bl	GFXsetCursor
 321:ui.c          ****                         OLEDwriteString(newPresetName, 14, 0, ThirdLine);
 1109              		.loc 1 321 0
 1110 0680 0223     		movs	r3, #2
 1111 0682 0022     		movs	r2, #0
 1112 0684 0E21     		movs	r1, #14
 1113 0686 4748     		ldr	r0, .L82+48
 1114 0688 FFF7FEFF 		bl	OLEDwriteString
 322:ui.c          ****                         mainOLEDWaitingToSend = 1;
 1115              		.loc 1 322 0
 1116 068c 444B     		ldr	r3, .L82+44
 1117 068e 0122     		movs	r2, #1
 1118 0690 1A70     		strb	r2, [r3]
 1119              	.L39:
 1120              	.LBE6:
 323:ui.c          ****                     }
 324:ui.c          ****                 }
 325:ui.c          ****             }
 326:ui.c          ****             
 327:ui.c          ****             
 328:ui.c          ****             if (menuPosition[0][0] == TransposeMenu) //editing transpose
 1121              		.loc 1 328 0
 1122 0692 3D4B     		ldr	r3, .L82+20
 1123 0694 93F90030 		ldrsb	r3, [r3]
 1124 0698 062B     		cmp	r3, #6
 1125 069a 40F03281 		bne	.L43
 329:ui.c          ****             {
 330:ui.c          ****                 if (prevEncoderVal != currentEncoderVal)
 1126              		.loc 1 330 0
 1127 069e 3B4B     		ldr	r3, .L82+24
 1128 06a0 93F90030 		ldrsb	r3, [r3]
 1129 06a4 97F91E20 		ldrsb	r2, [r7, #30]
 1130 06a8 9A42     		cmp	r2, r3
 1131 06aa 00F02A81 		beq	.L43
 1132              	.LBB7:
 331:ui.c          ****                 {
 332:ui.c          ****                     OLEDtextColor(1, 0);
 1133              		.loc 1 332 0
 1134 06ae 0021     		movs	r1, #0
 1135 06b0 0120     		movs	r0, #1
 1136 06b2 FFF7FEFF 		bl	OLEDtextColor
 333:ui.c          ****                     OLEDclearLine(ThirdLine);
 1137              		.loc 1 333 0
 1138 06b6 0220     		movs	r0, #2
 1139 06b8 FFF7FEFF 		bl	OLEDclearLine
 334:ui.c          ****                     OLEDclearLine(FourthLine);
 1140              		.loc 1 334 0
 1141 06bc 0320     		movs	r0, #3
 1142 06be FFF7FEFF 		bl	OLEDclearLine
 335:ui.c          ****                     float theMultiplier = 1.0f;
 1143              		.loc 1 335 0
ARM GAS  C:\Users\ggg88\AppData\Local\Temp\ccZlRNWc.s 			page 27


 1144 06c2 4FF07E53 		mov	r3, #1065353216
 1145 06c6 7B62     		str	r3, [r7, #36]	@ float
 336:ui.c          ****                     if (semitonesOrCents == 1)
 1146              		.loc 1 336 0
 1147 06c8 374B     		ldr	r3, .L82+52
 1148 06ca 1B78     		ldrb	r3, [r3]	@ zero_extendqisi2
 1149 06cc 012B     		cmp	r3, #1
 1150 06ce 01D1     		bne	.L44
 337:ui.c          ****                     {
 338:ui.c          ****                         theMultiplier = 0.01f;
 1151              		.loc 1 338 0
 1152 06d0 364B     		ldr	r3, .L82+56
 1153 06d2 7B62     		str	r3, [r7, #36]	@ float
 1154              	.L44:
 339:ui.c          ****                     }
 340:ui.c          ****                     myGFX_setFont(1);
 1155              		.loc 1 340 0
 1156 06d4 0120     		movs	r0, #1
 1157 06d6 FFF7FEFF 		bl	myGFX_setFont
 341:ui.c          ****                     transposeFloat = transposeFloat - (((float)Decoder_1_GetPosition()) * theMultip
 1158              		.loc 1 341 0
 1159 06da 354B     		ldr	r3, .L82+60
 1160 06dc 1C68     		ldr	r4, [r3]	@ float
 1161 06de FFF7FEFF 		bl	Decoder_1_GetPosition
 1162 06e2 0346     		mov	r3, r0
 1163 06e4 1846     		mov	r0, r3
 1164 06e6 FFF7FEFF 		bl	__aeabi_i2f
 1165 06ea 0346     		mov	r3, r0
 1166 06ec 796A     		ldr	r1, [r7, #36]	@ float
 1167 06ee 1846     		mov	r0, r3
 1168 06f0 FFF7FEFF 		bl	__aeabi_fmul
 1169 06f4 0346     		mov	r3, r0
 1170 06f6 1946     		mov	r1, r3
 1171 06f8 2046     		mov	r0, r4
 1172 06fa FFF7FEFF 		bl	__aeabi_fsub
 1173 06fe 0346     		mov	r3, r0
 1174 0700 1A46     		mov	r2, r3
 1175 0702 2B4B     		ldr	r3, .L82+60
 1176 0704 1A60     		str	r2, [r3]	@ float
 342:ui.c          ****                     Decoder_1_SetPosition(0);
 1177              		.loc 1 342 0
 1178 0706 0020     		movs	r0, #0
 1179 0708 FFF7FEFF 		bl	Decoder_1_SetPosition
 343:ui.c          ****                     if (transposeFloat < -12.0)
 1180              		.loc 1 343 0
 1181 070c 284B     		ldr	r3, .L82+60
 1182 070e 1B68     		ldr	r3, [r3]	@ float
 1183 0710 2849     		ldr	r1, .L82+64
 1184 0712 1846     		mov	r0, r3
 1185 0714 FFF7FEFF 		bl	__aeabi_fcmplt
 1186 0718 0346     		mov	r3, r0
 1187 071a 002B     		cmp	r3, #0
 1188 071c 03D0     		beq	.L74
 344:ui.c          ****                     {
 345:ui.c          ****                         transposeFloat = -12.0;
 1189              		.loc 1 345 0
 1190 071e 244B     		ldr	r3, .L82+60
ARM GAS  C:\Users\ggg88\AppData\Local\Temp\ccZlRNWc.s 			page 28


 1191 0720 244A     		ldr	r2, .L82+64
 1192 0722 1A60     		str	r2, [r3]	@ float
 1193 0724 0BE0     		b	.L47
 1194              	.L74:
 346:ui.c          ****                     }
 347:ui.c          ****                     else if (transposeFloat > 12.0)
 1195              		.loc 1 347 0
 1196 0726 224B     		ldr	r3, .L82+60
 1197 0728 1B68     		ldr	r3, [r3]	@ float
 1198 072a 2349     		ldr	r1, .L82+68
 1199 072c 1846     		mov	r0, r3
 1200 072e FFF7FEFF 		bl	__aeabi_fcmpgt
 1201 0732 0346     		mov	r3, r0
 1202 0734 002B     		cmp	r3, #0
 1203 0736 02D0     		beq	.L47
 348:ui.c          ****                     {
 349:ui.c          ****                         transposeFloat = 12.0;
 1204              		.loc 1 349 0
 1205 0738 1D4B     		ldr	r3, .L82+60
 1206 073a 1F4A     		ldr	r2, .L82+68
 1207 073c 1A60     		str	r2, [r3]	@ float
 1208              	.L47:
 350:ui.c          ****                     }
 351:ui.c          ****                     float absTransposeFloat = transposeFloat;
 1209              		.loc 1 351 0
 1210 073e 1C4B     		ldr	r3, .L82+60
 1211 0740 1B68     		ldr	r3, [r3]	@ float
 1212 0742 3B62     		str	r3, [r7, #32]	@ float
 352:ui.c          ****                     GFXsetCursor(&theGFX, 20,53);
 1213              		.loc 1 352 0
 1214 0744 3522     		movs	r2, #53
 1215 0746 1421     		movs	r1, #20
 1216 0748 1248     		ldr	r0, .L82+32
 1217 074a FFF7FEFF 		bl	GFXsetCursor
 353:ui.c          ****                     if (transposeFloat < 0.0f)
 1218              		.loc 1 353 0
 1219 074e 184B     		ldr	r3, .L82+60
 1220 0750 1B68     		ldr	r3, [r3]	@ float
 1221 0752 4FF00001 		mov	r1, #0
 1222 0756 1846     		mov	r0, r3
 1223 0758 FFF7FEFF 		bl	__aeabi_fcmplt
 1224 075c 0346     		mov	r3, r0
 1225 075e 002B     		cmp	r3, #0
 1226 0760 2CD0     		beq	.L75
 354:ui.c          ****                     {
 355:ui.c          ****                         GFXwrite(&theGFX, 45);
 1227              		.loc 1 355 0
 1228 0762 2D21     		movs	r1, #45
 1229 0764 0B48     		ldr	r0, .L82+32
 1230 0766 FFF7FEFF 		bl	GFXwrite
 356:ui.c          ****                         absTransposeFloat = -absTransposeFloat;
 1231              		.loc 1 356 0
 1232 076a 3B6A     		ldr	r3, [r7, #32]
 1233 076c 83F00043 		eor	r3, r3, #-2147483648
 1234 0770 3B62     		str	r3, [r7, #32]	@ float
 1235 0772 27E0     		b	.L51
 1236              	.L83:
ARM GAS  C:\Users\ggg88\AppData\Local\Temp\ccZlRNWc.s 			page 29


 1237              		.align	2
 1238              	.L82:
 1239 0774 00000000 		.word	encoderUp
 1240 0778 00000000 		.word	octave
 1241 077c 00000000 		.word	prevOctave
 1242 0780 00000000 		.word	editMode
 1243 0784 00000000 		.word	encoderWatch
 1244 0788 00000000 		.word	menuPosition
 1245 078c 00000000 		.word	prevEncoderVal
 1246 0790 00000000 		.word	presetStoreStage
 1247 0794 00000000 		.word	theGFX
 1248 0798 00000000 		.word	presetNumberToStore
 1249 079c CDCCCCCC 		.word	-858993459
 1250 07a0 00000000 		.word	mainOLEDWaitingToSend
 1251 07a4 00000000 		.word	newPresetName
 1252 07a8 00000000 		.word	semitonesOrCents
 1253 07ac 0AD7233C 		.word	1008981770
 1254 07b0 00000000 		.word	transposeFloat
 1255 07b4 000040C1 		.word	-1052770304
 1256 07b8 00004041 		.word	1094713344
 1257              	.L75:
 357:ui.c          ****                     }
 358:ui.c          ****                     else
 359:ui.c          ****                     {
 360:ui.c          ****                         GFXwrite(&theGFX, 32);
 1258              		.loc 1 360 0
 1259 07bc 2021     		movs	r1, #32
 1260 07be C148     		ldr	r0, .L84
 1261 07c0 FFF7FEFF 		bl	GFXwrite
 1262              	.L51:
 361:ui.c          ****                     }
 362:ui.c          ****                     if (!semitonesOrCents)
 1263              		.loc 1 362 0
 1264 07c4 C04B     		ldr	r3, .L84+4
 1265 07c6 1B78     		ldrb	r3, [r3]	@ zero_extendqisi2
 1266 07c8 002B     		cmp	r3, #0
 1267 07ca 0ED1     		bne	.L52
 363:ui.c          ****                     {
 364:ui.c          ****                         OLEDtextColor(0, 1);
 1268              		.loc 1 364 0
 1269 07cc 0121     		movs	r1, #1
 1270 07ce 0020     		movs	r0, #0
 1271 07d0 FFF7FEFF 		bl	OLEDtextColor
 365:ui.c          ****                         GFXfillRect(&theGFX, 32, 34, 30, 25, theGFX.textbgcolor);
 1272              		.loc 1 365 0
 1273 07d4 BB4B     		ldr	r3, .L84
 1274 07d6 5B8A     		ldrh	r3, [r3, #18]
 1275 07d8 0193     		str	r3, [sp, #4]
 1276 07da 1923     		movs	r3, #25
 1277 07dc 0093     		str	r3, [sp]
 1278 07de 1E23     		movs	r3, #30
 1279 07e0 2222     		movs	r2, #34
 1280 07e2 2021     		movs	r1, #32
 1281 07e4 B748     		ldr	r0, .L84
 1282 07e6 FFF7FEFF 		bl	GFXfillRect
 1283              	.L52:
 366:ui.c          ****                     }
ARM GAS  C:\Users\ggg88\AppData\Local\Temp\ccZlRNWc.s 			page 30


 367:ui.c          **** 
 368:ui.c          ****                     uint8_t currentChar = ((uint8_t)(absTransposeFloat * 0.1f));  
 1284              		.loc 1 368 0
 1285 07ea B849     		ldr	r1, .L84+8
 1286 07ec 386A     		ldr	r0, [r7, #32]	@ float
 1287 07ee FFF7FEFF 		bl	__aeabi_fmul
 1288 07f2 0346     		mov	r3, r0
 1289 07f4 1846     		mov	r0, r3
 1290 07f6 FFF7FEFF 		bl	__aeabi_f2uiz
 1291 07fa 0346     		mov	r3, r0
 1292 07fc BB76     		strb	r3, [r7, #26]
 369:ui.c          ****                     absTransposeFloat -= currentChar * 10.0f;
 1293              		.loc 1 369 0
 1294 07fe BB7E     		ldrb	r3, [r7, #26]	@ zero_extendqisi2
 1295 0800 1846     		mov	r0, r3
 1296 0802 FFF7FEFF 		bl	__aeabi_i2f
 1297 0806 0346     		mov	r3, r0
 1298 0808 B149     		ldr	r1, .L84+12
 1299 080a 1846     		mov	r0, r3
 1300 080c FFF7FEFF 		bl	__aeabi_fmul
 1301 0810 0346     		mov	r3, r0
 1302 0812 1946     		mov	r1, r3
 1303 0814 386A     		ldr	r0, [r7, #32]	@ float
 1304 0816 FFF7FEFF 		bl	__aeabi_fsub
 1305 081a 0346     		mov	r3, r0
 1306 081c 3B62     		str	r3, [r7, #32]	@ float
 370:ui.c          ****                     GFXwrite(&theGFX, currentChar + 48);
 1307              		.loc 1 370 0
 1308 081e BB7E     		ldrb	r3, [r7, #26]
 1309 0820 3033     		adds	r3, r3, #48
 1310 0822 DBB2     		uxtb	r3, r3
 1311 0824 1946     		mov	r1, r3
 1312 0826 A748     		ldr	r0, .L84
 1313 0828 FFF7FEFF 		bl	GFXwrite
 371:ui.c          ****                     currentChar = ((uint8_t)absTransposeFloat);    
 1314              		.loc 1 371 0
 1315 082c 386A     		ldr	r0, [r7, #32]	@ float
 1316 082e FFF7FEFF 		bl	__aeabi_f2uiz
 1317 0832 0346     		mov	r3, r0
 1318 0834 BB76     		strb	r3, [r7, #26]
 372:ui.c          ****                     GFXwrite(&theGFX, currentChar + 48);
 1319              		.loc 1 372 0
 1320 0836 BB7E     		ldrb	r3, [r7, #26]
 1321 0838 3033     		adds	r3, r3, #48
 1322 083a DBB2     		uxtb	r3, r3
 1323 083c 1946     		mov	r1, r3
 1324 083e A148     		ldr	r0, .L84
 1325 0840 FFF7FEFF 		bl	GFXwrite
 373:ui.c          ****                     OLEDtextColor(1, 0);
 1326              		.loc 1 373 0
 1327 0844 0021     		movs	r1, #0
 1328 0846 0120     		movs	r0, #1
 1329 0848 FFF7FEFF 		bl	OLEDtextColor
 374:ui.c          **** 
 375:ui.c          ****                     GFXwrite(&theGFX, 46); //decimal point
 1330              		.loc 1 375 0
 1331 084c 2E21     		movs	r1, #46
ARM GAS  C:\Users\ggg88\AppData\Local\Temp\ccZlRNWc.s 			page 31


 1332 084e 9D48     		ldr	r0, .L84
 1333 0850 FFF7FEFF 		bl	GFXwrite
 376:ui.c          ****                     if (semitonesOrCents)
 1334              		.loc 1 376 0
 1335 0854 9C4B     		ldr	r3, .L84+4
 1336 0856 1B78     		ldrb	r3, [r3]	@ zero_extendqisi2
 1337 0858 002B     		cmp	r3, #0
 1338 085a 0ED0     		beq	.L53
 377:ui.c          ****                     {
 378:ui.c          ****                         OLEDtextColor(0, 1);
 1339              		.loc 1 378 0
 1340 085c 0121     		movs	r1, #1
 1341 085e 0020     		movs	r0, #0
 1342 0860 FFF7FEFF 		bl	OLEDtextColor
 379:ui.c          ****                         GFXfillRect(&theGFX, 70, 34, 30, 25, theGFX.textbgcolor);
 1343              		.loc 1 379 0
 1344 0864 974B     		ldr	r3, .L84
 1345 0866 5B8A     		ldrh	r3, [r3, #18]
 1346 0868 0193     		str	r3, [sp, #4]
 1347 086a 1923     		movs	r3, #25
 1348 086c 0093     		str	r3, [sp]
 1349 086e 1E23     		movs	r3, #30
 1350 0870 2222     		movs	r2, #34
 1351 0872 4621     		movs	r1, #70
 1352 0874 9348     		ldr	r0, .L84
 1353 0876 FFF7FEFF 		bl	GFXfillRect
 1354              	.L53:
 380:ui.c          ****                     }
 381:ui.c          ****                     absTransposeFloat -= currentChar;
 1355              		.loc 1 381 0
 1356 087a BB7E     		ldrb	r3, [r7, #26]	@ zero_extendqisi2
 1357 087c 1846     		mov	r0, r3
 1358 087e FFF7FEFF 		bl	__aeabi_i2f
 1359 0882 0346     		mov	r3, r0
 1360 0884 1946     		mov	r1, r3
 1361 0886 386A     		ldr	r0, [r7, #32]	@ float
 1362 0888 FFF7FEFF 		bl	__aeabi_fsub
 1363 088c 0346     		mov	r3, r0
 1364 088e 3B62     		str	r3, [r7, #32]	@ float
 382:ui.c          ****                     currentChar = ((uint8_t)(absTransposeFloat * 10.0f));    
 1365              		.loc 1 382 0
 1366 0890 8F49     		ldr	r1, .L84+12
 1367 0892 386A     		ldr	r0, [r7, #32]	@ float
 1368 0894 FFF7FEFF 		bl	__aeabi_fmul
 1369 0898 0346     		mov	r3, r0
 1370 089a 1846     		mov	r0, r3
 1371 089c FFF7FEFF 		bl	__aeabi_f2uiz
 1372 08a0 0346     		mov	r3, r0
 1373 08a2 BB76     		strb	r3, [r7, #26]
 383:ui.c          ****                     GFXwrite(&theGFX, currentChar + 48);
 1374              		.loc 1 383 0
 1375 08a4 BB7E     		ldrb	r3, [r7, #26]
 1376 08a6 3033     		adds	r3, r3, #48
 1377 08a8 DBB2     		uxtb	r3, r3
 1378 08aa 1946     		mov	r1, r3
 1379 08ac 8548     		ldr	r0, .L84
 1380 08ae FFF7FEFF 		bl	GFXwrite
ARM GAS  C:\Users\ggg88\AppData\Local\Temp\ccZlRNWc.s 			page 32


 384:ui.c          ****                     absTransposeFloat -= (currentChar * 0.1f);
 1381              		.loc 1 384 0
 1382 08b2 BB7E     		ldrb	r3, [r7, #26]	@ zero_extendqisi2
 1383 08b4 1846     		mov	r0, r3
 1384 08b6 FFF7FEFF 		bl	__aeabi_i2f
 1385 08ba 0346     		mov	r3, r0
 1386 08bc 8349     		ldr	r1, .L84+8
 1387 08be 1846     		mov	r0, r3
 1388 08c0 FFF7FEFF 		bl	__aeabi_fmul
 1389 08c4 0346     		mov	r3, r0
 1390 08c6 1946     		mov	r1, r3
 1391 08c8 386A     		ldr	r0, [r7, #32]	@ float
 1392 08ca FFF7FEFF 		bl	__aeabi_fsub
 1393 08ce 0346     		mov	r3, r0
 1394 08d0 3B62     		str	r3, [r7, #32]	@ float
 385:ui.c          ****                     currentChar = ((uint8_t)(absTransposeFloat * 100.0f));    
 1395              		.loc 1 385 0
 1396 08d2 8049     		ldr	r1, .L84+16
 1397 08d4 386A     		ldr	r0, [r7, #32]	@ float
 1398 08d6 FFF7FEFF 		bl	__aeabi_fmul
 1399 08da 0346     		mov	r3, r0
 1400 08dc 1846     		mov	r0, r3
 1401 08de FFF7FEFF 		bl	__aeabi_f2uiz
 1402 08e2 0346     		mov	r3, r0
 1403 08e4 BB76     		strb	r3, [r7, #26]
 386:ui.c          ****                     GFXwrite(&theGFX, currentChar + 48);
 1404              		.loc 1 386 0
 1405 08e6 BB7E     		ldrb	r3, [r7, #26]
 1406 08e8 3033     		adds	r3, r3, #48
 1407 08ea DBB2     		uxtb	r3, r3
 1408 08ec 1946     		mov	r1, r3
 1409 08ee 7548     		ldr	r0, .L84
 1410 08f0 FFF7FEFF 		bl	GFXwrite
 387:ui.c          ****                     OLEDtextColor(1, 0);
 1411              		.loc 1 387 0
 1412 08f4 0021     		movs	r1, #0
 1413 08f6 0120     		movs	r0, #1
 1414 08f8 FFF7FEFF 		bl	OLEDtextColor
 388:ui.c          ****                     mainOLEDWaitingToSend = 1;
 1415              		.loc 1 388 0
 1416 08fc 764B     		ldr	r3, .L84+20
 1417 08fe 0122     		movs	r2, #1
 1418 0900 1A70     		strb	r2, [r3]
 1419              	.L43:
 1420              	.LBE7:
 389:ui.c          ****                 }
 390:ui.c          ****             }
 391:ui.c          ****             if (menuPosition[0][0] == VolumeMenu) //editing volume
 1421              		.loc 1 391 0
 1422 0902 764B     		ldr	r3, .L84+24
 1423 0904 93F90030 		ldrsb	r3, [r3]
 1424 0908 0C2B     		cmp	r3, #12
 1425 090a 40F0A180 		bne	.L54
 392:ui.c          ****             {
 393:ui.c          ****                 if (prevEncoderVal != currentEncoderVal)
 1426              		.loc 1 393 0
 1427 090e 744B     		ldr	r3, .L84+28
ARM GAS  C:\Users\ggg88\AppData\Local\Temp\ccZlRNWc.s 			page 33


 1428 0910 93F90030 		ldrsb	r3, [r3]
 1429 0914 97F91E20 		ldrsb	r2, [r7, #30]
 1430 0918 9A42     		cmp	r2, r3
 1431 091a 00F09980 		beq	.L54
 1432              	.LBB8:
 394:ui.c          ****                 {
 395:ui.c          ****                     OLEDtextColor(1, 0);
 1433              		.loc 1 395 0
 1434 091e 0021     		movs	r1, #0
 1435 0920 0120     		movs	r0, #1
 1436 0922 FFF7FEFF 		bl	OLEDtextColor
 396:ui.c          ****                     OLEDclearLine(ThirdLine);
 1437              		.loc 1 396 0
 1438 0926 0220     		movs	r0, #2
 1439 0928 FFF7FEFF 		bl	OLEDclearLine
 397:ui.c          ****                     OLEDclearLine(FourthLine);
 1440              		.loc 1 397 0
 1441 092c 0320     		movs	r0, #3
 1442 092e FFF7FEFF 		bl	OLEDclearLine
 398:ui.c          ****                     float theMultiplier = 1.0f;
 1443              		.loc 1 398 0
 1444 0932 4FF07E53 		mov	r3, #1065353216
 1445 0936 7B61     		str	r3, [r7, #20]	@ float
 399:ui.c          ****  
 400:ui.c          ****                     myGFX_setFont(1);
 1446              		.loc 1 400 0
 1447 0938 0120     		movs	r0, #1
 1448 093a FFF7FEFF 		bl	myGFX_setFont
 401:ui.c          ****                     volumeInt = volumeInt - (Decoder_1_GetPosition());
 1449              		.loc 1 401 0
 1450 093e 694B     		ldr	r3, .L84+32
 1451 0940 93F90030 		ldrsb	r3, [r3]
 1452 0944 DCB2     		uxtb	r4, r3
 1453 0946 FFF7FEFF 		bl	Decoder_1_GetPosition
 1454 094a 0346     		mov	r3, r0
 1455 094c DBB2     		uxtb	r3, r3
 1456 094e E31A     		subs	r3, r4, r3
 1457 0950 DBB2     		uxtb	r3, r3
 1458 0952 5AB2     		sxtb	r2, r3
 1459 0954 634B     		ldr	r3, .L84+32
 1460 0956 1A70     		strb	r2, [r3]
 402:ui.c          ****                     Decoder_1_SetPosition(0);
 1461              		.loc 1 402 0
 1462 0958 0020     		movs	r0, #0
 1463 095a FFF7FEFF 		bl	Decoder_1_SetPosition
 403:ui.c          ****                     if (volumeInt < 0.0)
 1464              		.loc 1 403 0
 1465 095e 614B     		ldr	r3, .L84+32
 1466 0960 93F90030 		ldrsb	r3, [r3]
 1467 0964 1846     		mov	r0, r3
 1468 0966 FFF7FEFF 		bl	__aeabi_i2d
 1469 096a 4FF00002 		mov	r2, #0
 1470 096e 4FF00003 		mov	r3, #0
 1471 0972 FFF7FEFF 		bl	__aeabi_dcmplt
 1472 0976 0346     		mov	r3, r0
 1473 0978 002B     		cmp	r3, #0
 1474 097a 03D0     		beq	.L76
ARM GAS  C:\Users\ggg88\AppData\Local\Temp\ccZlRNWc.s 			page 34


 404:ui.c          ****                     {
 405:ui.c          ****                         volumeInt = 0.0;
 1475              		.loc 1 405 0
 1476 097c 594B     		ldr	r3, .L84+32
 1477 097e 0022     		movs	r2, #0
 1478 0980 1A70     		strb	r2, [r3]
 1479 0982 10E0     		b	.L57
 1480              	.L76:
 406:ui.c          ****                     }
 407:ui.c          ****                     else if (volumeInt > 100.0)
 1481              		.loc 1 407 0
 1482 0984 574B     		ldr	r3, .L84+32
 1483 0986 93F90030 		ldrsb	r3, [r3]
 1484 098a 1846     		mov	r0, r3
 1485 098c FFF7FEFF 		bl	__aeabi_i2d
 1486 0990 4FF00002 		mov	r2, #0
 1487 0994 544B     		ldr	r3, .L84+36
 1488 0996 FFF7FEFF 		bl	__aeabi_dcmpgt
 1489 099a 0346     		mov	r3, r0
 1490 099c 002B     		cmp	r3, #0
 1491 099e 02D0     		beq	.L57
 408:ui.c          ****                     {
 409:ui.c          ****                         volumeInt = 100.0;
 1492              		.loc 1 409 0
 1493 09a0 504B     		ldr	r3, .L84+32
 1494 09a2 6422     		movs	r2, #100
 1495 09a4 1A70     		strb	r2, [r3]
 1496              	.L57:
 410:ui.c          ****                     }
 411:ui.c          ****                     OLEDtextColor(1, 0);
 1497              		.loc 1 411 0
 1498 09a6 0021     		movs	r1, #0
 1499 09a8 0120     		movs	r0, #1
 1500 09aa FFF7FEFF 		bl	OLEDtextColor
 412:ui.c          ****                     GFXsetCursor(&theGFX, 20,53);
 1501              		.loc 1 412 0
 1502 09ae 3522     		movs	r2, #53
 1503 09b0 1421     		movs	r1, #20
 1504 09b2 4448     		ldr	r0, .L84
 1505 09b4 FFF7FEFF 		bl	GFXsetCursor
 413:ui.c          ****                     GFXwrite(&theGFX, 32);
 1506              		.loc 1 413 0
 1507 09b8 2021     		movs	r1, #32
 1508 09ba 4248     		ldr	r0, .L84
 1509 09bc FFF7FEFF 		bl	GFXwrite
 414:ui.c          ****                     
 415:ui.c          ****                     int8_t volumeIntTemp = volumeInt;
 1510              		.loc 1 415 0
 1511 09c0 484B     		ldr	r3, .L84+32
 1512 09c2 1B78     		ldrb	r3, [r3]
 1513 09c4 FB74     		strb	r3, [r7, #19]
 416:ui.c          ****                     uint8_t currentChar = ((uint8_t)(volumeIntTemp / 100));  
 1514              		.loc 1 416 0
 1515 09c6 97F91330 		ldrsb	r3, [r7, #19]
 1516 09ca 484A     		ldr	r2, .L84+40
 1517 09cc 82FB0312 		smull	r1, r2, r2, r3
 1518 09d0 5211     		asrs	r2, r2, #5
ARM GAS  C:\Users\ggg88\AppData\Local\Temp\ccZlRNWc.s 			page 35


 1519 09d2 DB17     		asrs	r3, r3, #31
 1520 09d4 D31A     		subs	r3, r2, r3
 1521 09d6 5BB2     		sxtb	r3, r3
 1522 09d8 BB74     		strb	r3, [r7, #18]
 417:ui.c          ****                     volumeIntTemp -= currentChar * 100;
 1523              		.loc 1 417 0
 1524 09da BB7C     		ldrb	r3, [r7, #18]
 1525 09dc 1A46     		mov	r2, r3
 1526 09de 9200     		lsls	r2, r2, #2
 1527 09e0 1A44     		add	r2, r2, r3
 1528 09e2 D200     		lsls	r2, r2, #3
 1529 09e4 D31A     		subs	r3, r2, r3
 1530 09e6 9B00     		lsls	r3, r3, #2
 1531 09e8 DAB2     		uxtb	r2, r3
 1532 09ea FB7C     		ldrb	r3, [r7, #19]	@ zero_extendqisi2
 1533 09ec 1344     		add	r3, r3, r2
 1534 09ee DBB2     		uxtb	r3, r3
 1535 09f0 FB74     		strb	r3, [r7, #19]
 418:ui.c          ****                     GFXwrite(&theGFX, currentChar + 48);
 1536              		.loc 1 418 0
 1537 09f2 BB7C     		ldrb	r3, [r7, #18]
 1538 09f4 3033     		adds	r3, r3, #48
 1539 09f6 DBB2     		uxtb	r3, r3
 1540 09f8 1946     		mov	r1, r3
 1541 09fa 3248     		ldr	r0, .L84
 1542 09fc FFF7FEFF 		bl	GFXwrite
 419:ui.c          ****                     currentChar = ((uint8_t)volumeIntTemp / 10);    
 1543              		.loc 1 419 0
 1544 0a00 FB7C     		ldrb	r3, [r7, #19]	@ zero_extendqisi2
 1545 0a02 3B4A     		ldr	r2, .L84+44
 1546 0a04 A2FB0323 		umull	r2, r3, r2, r3
 1547 0a08 DB08     		lsrs	r3, r3, #3
 1548 0a0a BB74     		strb	r3, [r7, #18]
 420:ui.c          ****                     GFXwrite(&theGFX, currentChar + 48);
 1549              		.loc 1 420 0
 1550 0a0c BB7C     		ldrb	r3, [r7, #18]
 1551 0a0e 3033     		adds	r3, r3, #48
 1552 0a10 DBB2     		uxtb	r3, r3
 1553 0a12 1946     		mov	r1, r3
 1554 0a14 2B48     		ldr	r0, .L84
 1555 0a16 FFF7FEFF 		bl	GFXwrite
 421:ui.c          ****                     volumeIntTemp -= currentChar * 10;
 1556              		.loc 1 421 0
 1557 0a1a BB7C     		ldrb	r3, [r7, #18]
 1558 0a1c 1A46     		mov	r2, r3
 1559 0a1e 5201     		lsls	r2, r2, #5
 1560 0a20 D21A     		subs	r2, r2, r3
 1561 0a22 9200     		lsls	r2, r2, #2
 1562 0a24 D31A     		subs	r3, r2, r3
 1563 0a26 5B00     		lsls	r3, r3, #1
 1564 0a28 DAB2     		uxtb	r2, r3
 1565 0a2a FB7C     		ldrb	r3, [r7, #19]	@ zero_extendqisi2
 1566 0a2c 1344     		add	r3, r3, r2
 1567 0a2e DBB2     		uxtb	r3, r3
 1568 0a30 FB74     		strb	r3, [r7, #19]
 422:ui.c          ****                     currentChar = ((uint8_t)volumeIntTemp);    
 1569              		.loc 1 422 0
ARM GAS  C:\Users\ggg88\AppData\Local\Temp\ccZlRNWc.s 			page 36


 1570 0a32 FB7C     		ldrb	r3, [r7, #19]
 1571 0a34 BB74     		strb	r3, [r7, #18]
 423:ui.c          ****                     GFXwrite(&theGFX, currentChar + 48);
 1572              		.loc 1 423 0
 1573 0a36 BB7C     		ldrb	r3, [r7, #18]
 1574 0a38 3033     		adds	r3, r3, #48
 1575 0a3a DBB2     		uxtb	r3, r3
 1576 0a3c 1946     		mov	r1, r3
 1577 0a3e 2148     		ldr	r0, .L84
 1578 0a40 FFF7FEFF 		bl	GFXwrite
 424:ui.c          ****                     volumeWaitingToSend = 1;
 1579              		.loc 1 424 0
 1580 0a44 2B4B     		ldr	r3, .L84+48
 1581 0a46 0122     		movs	r2, #1
 1582 0a48 1A70     		strb	r2, [r3]
 425:ui.c          ****                     mainOLEDWaitingToSend = 1;
 1583              		.loc 1 425 0
 1584 0a4a 234B     		ldr	r3, .L84+20
 1585 0a4c 0122     		movs	r2, #1
 1586 0a4e 1A70     		strb	r2, [r3]
 1587              	.L54:
 1588              	.LBE8:
 426:ui.c          ****                 }
 427:ui.c          ****             }
 428:ui.c          ****             if (menuPosition[0][0] == DeadzonesMenu) //editing deadzones
 1589              		.loc 1 428 0
 1590 0a50 224B     		ldr	r3, .L84+24
 1591 0a52 93F90030 		ldrsb	r3, [r3]
 1592 0a56 082B     		cmp	r3, #8
 1593 0a58 40F0E080 		bne	.L59
 429:ui.c          ****             {
 430:ui.c          ****                 if (prevEncoderVal != currentEncoderVal)
 1594              		.loc 1 430 0
 1595 0a5c 204B     		ldr	r3, .L84+28
 1596 0a5e 93F90030 		ldrsb	r3, [r3]
 1597 0a62 97F91E20 		ldrsb	r2, [r7, #30]
 1598 0a66 9A42     		cmp	r2, r3
 1599 0a68 00F0D880 		beq	.L59
 1600              	.LBB9:
 431:ui.c          ****                 {
 432:ui.c          ****                     OLEDtextColor(1, 0);
 1601              		.loc 1 432 0
 1602 0a6c 0021     		movs	r1, #0
 1603 0a6e 0120     		movs	r0, #1
 1604 0a70 FFF7FEFF 		bl	OLEDtextColor
 433:ui.c          ****                     OLEDclearLine(ThirdLine);
 1605              		.loc 1 433 0
 1606 0a74 0220     		movs	r0, #2
 1607 0a76 FFF7FEFF 		bl	OLEDclearLine
 434:ui.c          ****                     OLEDclearLine(FourthLine);
 1608              		.loc 1 434 0
 1609 0a7a 0320     		movs	r0, #3
 1610 0a7c FFF7FEFF 		bl	OLEDclearLine
 435:ui.c          ****                     
 436:ui.c          ****                     myGFX_setFont(1);
 1611              		.loc 1 436 0
 1612 0a80 0120     		movs	r0, #1
ARM GAS  C:\Users\ggg88\AppData\Local\Temp\ccZlRNWc.s 			page 37


 1613 0a82 FFF7FEFF 		bl	myGFX_setFont
 437:ui.c          ****                     int16_t deadZoneTemp = deadZone;
 1614              		.loc 1 437 0
 1615 0a86 1C4B     		ldr	r3, .L84+52
 1616 0a88 1B78     		ldrb	r3, [r3]	@ zero_extendqisi2
 1617 0a8a 3B82     		strh	r3, [r7, #16]	@ movhi
 438:ui.c          ****                     
 439:ui.c          ****                     deadZoneTemp = deadZoneTemp - Decoder_1_GetPosition();
 1618              		.loc 1 439 0
 1619 0a8c 3C8A     		ldrh	r4, [r7, #16]
 1620 0a8e FFF7FEFF 		bl	Decoder_1_GetPosition
 1621 0a92 0346     		mov	r3, r0
 1622 0a94 9BB2     		uxth	r3, r3
 1623 0a96 E31A     		subs	r3, r4, r3
 1624 0a98 9BB2     		uxth	r3, r3
 1625 0a9a 3B82     		strh	r3, [r7, #16]	@ movhi
 440:ui.c          ****                     Decoder_1_SetPosition(0);
 1626              		.loc 1 440 0
 1627 0a9c 0020     		movs	r0, #0
 1628 0a9e FFF7FEFF 		bl	Decoder_1_SetPosition
 441:ui.c          ****                     if (deadZoneTemp < 0)
 1629              		.loc 1 441 0
 1630 0aa2 B7F91030 		ldrsh	r3, [r7, #16]
 1631 0aa6 002B     		cmp	r3, #0
 1632 0aa8 03DA     		bge	.L60
 442:ui.c          ****                     {
 443:ui.c          ****                         deadZone = 0;
 1633              		.loc 1 443 0
 1634 0aaa 134B     		ldr	r3, .L84+52
 1635 0aac 0022     		movs	r2, #0
 1636 0aae 1A70     		strb	r2, [r3]
 1637 0ab0 28E0     		b	.L61
 1638              	.L60:
 444:ui.c          ****                     }
 445:ui.c          ****                     else if (deadZoneTemp > 100)
 1639              		.loc 1 445 0
 1640 0ab2 B7F91030 		ldrsh	r3, [r7, #16]
 1641 0ab6 642B     		cmp	r3, #100
 1642 0ab8 20DD     		ble	.L62
 446:ui.c          ****                     {
 447:ui.c          ****                         deadZone = 100;
 1643              		.loc 1 447 0
 1644 0aba 0F4B     		ldr	r3, .L84+52
 1645 0abc 6422     		movs	r2, #100
 1646 0abe 1A70     		strb	r2, [r3]
 1647 0ac0 20E0     		b	.L61
 1648              	.L85:
 1649 0ac2 00BF     		.align	2
 1650              	.L84:
 1651 0ac4 00000000 		.word	theGFX
 1652 0ac8 00000000 		.word	semitonesOrCents
 1653 0acc CDCCCC3D 		.word	1036831949
 1654 0ad0 00002041 		.word	1092616192
 1655 0ad4 0000C842 		.word	1120403456
 1656 0ad8 00000000 		.word	mainOLEDWaitingToSend
 1657 0adc 00000000 		.word	menuPosition
 1658 0ae0 00000000 		.word	prevEncoderVal
ARM GAS  C:\Users\ggg88\AppData\Local\Temp\ccZlRNWc.s 			page 38


 1659 0ae4 00000000 		.word	volumeInt
 1660 0ae8 00005940 		.word	1079574528
 1661 0aec 1F85EB51 		.word	1374389535
 1662 0af0 CDCCCCCC 		.word	-858993459
 1663 0af4 00000000 		.word	volumeWaitingToSend
 1664 0af8 00000000 		.word	deadZone
 1665              	.L62:
 448:ui.c          ****                     }
 449:ui.c          ****                     else 
 450:ui.c          ****                     {
 451:ui.c          ****                         deadZone = deadZoneTemp;
 1666              		.loc 1 451 0
 1667 0afc 3B8A     		ldrh	r3, [r7, #16]	@ movhi
 1668 0afe DAB2     		uxtb	r2, r3
 1669 0b00 B34B     		ldr	r3, .L86
 1670 0b02 1A70     		strb	r2, [r3]
 1671              	.L61:
 452:ui.c          ****                     }
 453:ui.c          ****                     calculatePedalRatios();
 1672              		.loc 1 453 0
 1673 0b04 FFF7FEFF 		bl	calculatePedalRatios
 454:ui.c          ****                     GFXsetCursor(&theGFX, 30,53);
 1674              		.loc 1 454 0
 1675 0b08 3522     		movs	r2, #53
 1676 0b0a 1E21     		movs	r1, #30
 1677 0b0c B148     		ldr	r0, .L86+4
 1678 0b0e FFF7FEFF 		bl	GFXsetCursor
 455:ui.c          ****                     
 456:ui.c          ****                     float deadZoneRepresentation = (float)(deadZone) * 0.2f;
 1679              		.loc 1 456 0
 1680 0b12 AF4B     		ldr	r3, .L86
 1681 0b14 1B78     		ldrb	r3, [r3]	@ zero_extendqisi2
 1682 0b16 1846     		mov	r0, r3
 1683 0b18 FFF7FEFF 		bl	__aeabi_ui2f
 1684 0b1c 0346     		mov	r3, r0
 1685 0b1e AE49     		ldr	r1, .L86+8
 1686 0b20 1846     		mov	r0, r3
 1687 0b22 FFF7FEFF 		bl	__aeabi_fmul
 1688 0b26 0346     		mov	r3, r0
 1689 0b28 FB60     		str	r3, [r7, #12]	@ float
 457:ui.c          ****                     
 458:ui.c          ****                     uint8_t currentChar = ((uint8_t)(deadZoneRepresentation * 0.1f));  
 1690              		.loc 1 458 0
 1691 0b2a AC49     		ldr	r1, .L86+12
 1692 0b2c F868     		ldr	r0, [r7, #12]	@ float
 1693 0b2e FFF7FEFF 		bl	__aeabi_fmul
 1694 0b32 0346     		mov	r3, r0
 1695 0b34 1846     		mov	r0, r3
 1696 0b36 FFF7FEFF 		bl	__aeabi_f2uiz
 1697 0b3a 0346     		mov	r3, r0
 1698 0b3c FB72     		strb	r3, [r7, #11]
 459:ui.c          ****                     deadZoneRepresentation -= currentChar * 10.0f;
 1699              		.loc 1 459 0
 1700 0b3e FB7A     		ldrb	r3, [r7, #11]	@ zero_extendqisi2
 1701 0b40 1846     		mov	r0, r3
 1702 0b42 FFF7FEFF 		bl	__aeabi_i2f
 1703 0b46 0346     		mov	r3, r0
ARM GAS  C:\Users\ggg88\AppData\Local\Temp\ccZlRNWc.s 			page 39


 1704 0b48 A549     		ldr	r1, .L86+16
 1705 0b4a 1846     		mov	r0, r3
 1706 0b4c FFF7FEFF 		bl	__aeabi_fmul
 1707 0b50 0346     		mov	r3, r0
 1708 0b52 1946     		mov	r1, r3
 1709 0b54 F868     		ldr	r0, [r7, #12]	@ float
 1710 0b56 FFF7FEFF 		bl	__aeabi_fsub
 1711 0b5a 0346     		mov	r3, r0
 1712 0b5c FB60     		str	r3, [r7, #12]	@ float
 460:ui.c          ****                     GFXwrite(&theGFX, currentChar + 48);
 1713              		.loc 1 460 0
 1714 0b5e FB7A     		ldrb	r3, [r7, #11]
 1715 0b60 3033     		adds	r3, r3, #48
 1716 0b62 DBB2     		uxtb	r3, r3
 1717 0b64 1946     		mov	r1, r3
 1718 0b66 9B48     		ldr	r0, .L86+4
 1719 0b68 FFF7FEFF 		bl	GFXwrite
 461:ui.c          ****                     currentChar = ((uint8_t)deadZoneRepresentation);    
 1720              		.loc 1 461 0
 1721 0b6c F868     		ldr	r0, [r7, #12]	@ float
 1722 0b6e FFF7FEFF 		bl	__aeabi_f2uiz
 1723 0b72 0346     		mov	r3, r0
 1724 0b74 FB72     		strb	r3, [r7, #11]
 462:ui.c          ****                     GFXwrite(&theGFX, currentChar + 48);
 1725              		.loc 1 462 0
 1726 0b76 FB7A     		ldrb	r3, [r7, #11]
 1727 0b78 3033     		adds	r3, r3, #48
 1728 0b7a DBB2     		uxtb	r3, r3
 1729 0b7c 1946     		mov	r1, r3
 1730 0b7e 9548     		ldr	r0, .L86+4
 1731 0b80 FFF7FEFF 		bl	GFXwrite
 463:ui.c          **** 
 464:ui.c          **** 
 465:ui.c          ****                     GFXwrite(&theGFX, 46); //decimal point
 1732              		.loc 1 465 0
 1733 0b84 2E21     		movs	r1, #46
 1734 0b86 9348     		ldr	r0, .L86+4
 1735 0b88 FFF7FEFF 		bl	GFXwrite
 466:ui.c          ****                     
 467:ui.c          ****                     deadZoneRepresentation -= currentChar;
 1736              		.loc 1 467 0
 1737 0b8c FB7A     		ldrb	r3, [r7, #11]	@ zero_extendqisi2
 1738 0b8e 1846     		mov	r0, r3
 1739 0b90 FFF7FEFF 		bl	__aeabi_i2f
 1740 0b94 0346     		mov	r3, r0
 1741 0b96 1946     		mov	r1, r3
 1742 0b98 F868     		ldr	r0, [r7, #12]	@ float
 1743 0b9a FFF7FEFF 		bl	__aeabi_fsub
 1744 0b9e 0346     		mov	r3, r0
 1745 0ba0 FB60     		str	r3, [r7, #12]	@ float
 468:ui.c          ****                     currentChar = ((uint8_t)(deadZoneRepresentation * 10.0f));    
 1746              		.loc 1 468 0
 1747 0ba2 8F49     		ldr	r1, .L86+16
 1748 0ba4 F868     		ldr	r0, [r7, #12]	@ float
 1749 0ba6 FFF7FEFF 		bl	__aeabi_fmul
 1750 0baa 0346     		mov	r3, r0
 1751 0bac 1846     		mov	r0, r3
ARM GAS  C:\Users\ggg88\AppData\Local\Temp\ccZlRNWc.s 			page 40


 1752 0bae FFF7FEFF 		bl	__aeabi_f2uiz
 1753 0bb2 0346     		mov	r3, r0
 1754 0bb4 FB72     		strb	r3, [r7, #11]
 469:ui.c          ****                     GFXwrite(&theGFX, currentChar + 48);
 1755              		.loc 1 469 0
 1756 0bb6 FB7A     		ldrb	r3, [r7, #11]
 1757 0bb8 3033     		adds	r3, r3, #48
 1758 0bba DBB2     		uxtb	r3, r3
 1759 0bbc 1946     		mov	r1, r3
 1760 0bbe 8548     		ldr	r0, .L86+4
 1761 0bc0 FFF7FEFF 		bl	GFXwrite
 470:ui.c          ****                     deadZoneRepresentation -= (currentChar * 0.1f);
 1762              		.loc 1 470 0
 1763 0bc4 FB7A     		ldrb	r3, [r7, #11]	@ zero_extendqisi2
 1764 0bc6 1846     		mov	r0, r3
 1765 0bc8 FFF7FEFF 		bl	__aeabi_i2f
 1766 0bcc 0346     		mov	r3, r0
 1767 0bce 8349     		ldr	r1, .L86+12
 1768 0bd0 1846     		mov	r0, r3
 1769 0bd2 FFF7FEFF 		bl	__aeabi_fmul
 1770 0bd6 0346     		mov	r3, r0
 1771 0bd8 1946     		mov	r1, r3
 1772 0bda F868     		ldr	r0, [r7, #12]	@ float
 1773 0bdc FFF7FEFF 		bl	__aeabi_fsub
 1774 0be0 0346     		mov	r3, r0
 1775 0be2 FB60     		str	r3, [r7, #12]	@ float
 471:ui.c          ****                     currentChar = ((uint8_t)(deadZoneRepresentation*100.0f));    
 1776              		.loc 1 471 0
 1777 0be4 7F49     		ldr	r1, .L86+20
 1778 0be6 F868     		ldr	r0, [r7, #12]	@ float
 1779 0be8 FFF7FEFF 		bl	__aeabi_fmul
 1780 0bec 0346     		mov	r3, r0
 1781 0bee 1846     		mov	r0, r3
 1782 0bf0 FFF7FEFF 		bl	__aeabi_f2uiz
 1783 0bf4 0346     		mov	r3, r0
 1784 0bf6 FB72     		strb	r3, [r7, #11]
 472:ui.c          ****                     GFXwrite(&theGFX, currentChar + 48);
 1785              		.loc 1 472 0
 1786 0bf8 FB7A     		ldrb	r3, [r7, #11]
 1787 0bfa 3033     		adds	r3, r3, #48
 1788 0bfc DBB2     		uxtb	r3, r3
 1789 0bfe 1946     		mov	r1, r3
 1790 0c00 7448     		ldr	r0, .L86+4
 1791 0c02 FFF7FEFF 		bl	GFXwrite
 473:ui.c          ****                     GFXwrite(&theGFX, 37); //percent symbol
 1792              		.loc 1 473 0
 1793 0c06 2521     		movs	r1, #37
 1794 0c08 7248     		ldr	r0, .L86+4
 1795 0c0a FFF7FEFF 		bl	GFXwrite
 474:ui.c          ****                     OLEDtextColor(1, 0);
 1796              		.loc 1 474 0
 1797 0c0e 0021     		movs	r1, #0
 1798 0c10 0120     		movs	r0, #1
 1799 0c12 FFF7FEFF 		bl	OLEDtextColor
 475:ui.c          ****                     mainOLEDWaitingToSend = 1;
 1800              		.loc 1 475 0
 1801 0c16 744B     		ldr	r3, .L86+24
ARM GAS  C:\Users\ggg88\AppData\Local\Temp\ccZlRNWc.s 			page 41


 1802 0c18 0122     		movs	r2, #1
 1803 0c1a 1A70     		strb	r2, [r3]
 1804              	.L59:
 1805              	.LBE9:
 476:ui.c          ****                 }
 477:ui.c          ****             }
 478:ui.c          ****             if (menuPosition[0][0] == SliderRepMenu) //editing string/slider representation
 1806              		.loc 1 478 0
 1807 0c1c 734B     		ldr	r3, .L86+28
 1808 0c1e 93F90030 		ldrsb	r3, [r3]
 1809 0c22 092B     		cmp	r3, #9
 1810 0c24 40F0CC80 		bne	.L63
 479:ui.c          ****             {
 480:ui.c          ****                 if (prevEncoderVal != currentEncoderVal)
 1811              		.loc 1 480 0
 1812 0c28 714B     		ldr	r3, .L86+32
 1813 0c2a 93F90030 		ldrsb	r3, [r3]
 1814 0c2e 97F91E20 		ldrsb	r2, [r7, #30]
 1815 0c32 9A42     		cmp	r2, r3
 1816 0c34 00F0C480 		beq	.L63
 1817              	.LBB10:
 481:ui.c          ****                 {
 482:ui.c          ****                     OLEDtextColor(1, 0);
 1818              		.loc 1 482 0
 1819 0c38 0021     		movs	r1, #0
 1820 0c3a 0120     		movs	r0, #1
 1821 0c3c FFF7FEFF 		bl	OLEDtextColor
 483:ui.c          **** 
 484:ui.c          ****                     myGFX_setFont(2);
 1822              		.loc 1 484 0
 1823 0c40 0220     		movs	r0, #2
 1824 0c42 FFF7FEFF 		bl	myGFX_setFont
 485:ui.c          **** 
 486:ui.c          ****                     int16_t sliderTemp = stringRepresentation[editingSliderRepString];
 1825              		.loc 1 486 0
 1826 0c46 6B4B     		ldr	r3, .L86+36
 1827 0c48 1B78     		ldrb	r3, [r3]	@ zero_extendqisi2
 1828 0c4a 1A46     		mov	r2, r3
 1829 0c4c 6A4B     		ldr	r3, .L86+40
 1830 0c4e 9B5C     		ldrb	r3, [r3, r2]	@ zero_extendqisi2
 1831 0c50 3B81     		strh	r3, [r7, #8]	@ movhi
 487:ui.c          ****                     sliderTemp = sliderTemp - Decoder_1_GetPosition();
 1832              		.loc 1 487 0
 1833 0c52 3C89     		ldrh	r4, [r7, #8]
 1834 0c54 FFF7FEFF 		bl	Decoder_1_GetPosition
 1835 0c58 0346     		mov	r3, r0
 1836 0c5a 9BB2     		uxth	r3, r3
 1837 0c5c E31A     		subs	r3, r4, r3
 1838 0c5e 9BB2     		uxth	r3, r3
 1839 0c60 3B81     		strh	r3, [r7, #8]	@ movhi
 488:ui.c          ****                     Decoder_1_SetPosition(0);
 1840              		.loc 1 488 0
 1841 0c62 0020     		movs	r0, #0
 1842 0c64 FFF7FEFF 		bl	Decoder_1_SetPosition
 489:ui.c          ****                     if (sliderTemp < 0)
 1843              		.loc 1 489 0
 1844 0c68 B7F90830 		ldrsh	r3, [r7, #8]
ARM GAS  C:\Users\ggg88\AppData\Local\Temp\ccZlRNWc.s 			page 42


 1845 0c6c 002B     		cmp	r3, #0
 1846 0c6e 06DA     		bge	.L64
 490:ui.c          ****                     {
 491:ui.c          ****                          stringRepresentation[editingSliderRepString] = 0;
 1847              		.loc 1 491 0
 1848 0c70 604B     		ldr	r3, .L86+36
 1849 0c72 1B78     		ldrb	r3, [r3]	@ zero_extendqisi2
 1850 0c74 1A46     		mov	r2, r3
 1851 0c76 604B     		ldr	r3, .L86+40
 1852 0c78 0021     		movs	r1, #0
 1853 0c7a 9954     		strb	r1, [r3, r2]
 1854 0c7c 11E0     		b	.L65
 1855              	.L64:
 492:ui.c          ****                     }
 493:ui.c          ****                     else if (sliderTemp > 9)
 1856              		.loc 1 493 0
 1857 0c7e B7F90830 		ldrsh	r3, [r7, #8]
 1858 0c82 092B     		cmp	r3, #9
 1859 0c84 06DD     		ble	.L66
 494:ui.c          ****                     {
 495:ui.c          ****                          stringRepresentation[editingSliderRepString] = 9;
 1860              		.loc 1 495 0
 1861 0c86 5B4B     		ldr	r3, .L86+36
 1862 0c88 1B78     		ldrb	r3, [r3]	@ zero_extendqisi2
 1863 0c8a 1A46     		mov	r2, r3
 1864 0c8c 5A4B     		ldr	r3, .L86+40
 1865 0c8e 0921     		movs	r1, #9
 1866 0c90 9954     		strb	r1, [r3, r2]
 1867 0c92 06E0     		b	.L65
 1868              	.L66:
 496:ui.c          ****                     }
 497:ui.c          ****                     else 
 498:ui.c          ****                     {
 499:ui.c          ****                          stringRepresentation[editingSliderRepString] = sliderTemp;
 1869              		.loc 1 499 0
 1870 0c94 574B     		ldr	r3, .L86+36
 1871 0c96 1B78     		ldrb	r3, [r3]	@ zero_extendqisi2
 1872 0c98 1A46     		mov	r2, r3
 1873 0c9a 3B89     		ldrh	r3, [r7, #8]	@ movhi
 1874 0c9c D9B2     		uxtb	r1, r3
 1875 0c9e 564B     		ldr	r3, .L86+40
 1876 0ca0 9954     		strb	r1, [r3, r2]
 1877              	.L65:
 500:ui.c          ****                     }
 501:ui.c          ****                     
 502:ui.c          ****                     uint8_t sliderRepDisplay[2];
 503:ui.c          ****                     sliderRepDisplay[0] = stringRepresentation[0] + 1;
 1878              		.loc 1 503 0
 1879 0ca2 554B     		ldr	r3, .L86+40
 1880 0ca4 1B78     		ldrb	r3, [r3]	@ zero_extendqisi2
 1881 0ca6 0133     		adds	r3, r3, #1
 1882 0ca8 DBB2     		uxtb	r3, r3
 1883 0caa 3B71     		strb	r3, [r7, #4]
 504:ui.c          ****                     sliderRepDisplay[1] = stringRepresentation[1] + 1;
 1884              		.loc 1 504 0
 1885 0cac 524B     		ldr	r3, .L86+40
 1886 0cae 5B78     		ldrb	r3, [r3, #1]	@ zero_extendqisi2
ARM GAS  C:\Users\ggg88\AppData\Local\Temp\ccZlRNWc.s 			page 43


 1887 0cb0 0133     		adds	r3, r3, #1
 1888 0cb2 DBB2     		uxtb	r3, r3
 1889 0cb4 7B71     		strb	r3, [r7, #5]
 505:ui.c          ****                     
 506:ui.c          ****                     OLEDwriteString("S1=", 3, 0, FourthLine);
 1890              		.loc 1 506 0
 1891 0cb6 0323     		movs	r3, #3
 1892 0cb8 0022     		movs	r2, #0
 1893 0cba 0321     		movs	r1, #3
 1894 0cbc 4F48     		ldr	r0, .L86+44
 1895 0cbe FFF7FEFF 		bl	OLEDwriteString
 507:ui.c          ****                     if (!editingSliderRepString)
 1896              		.loc 1 507 0
 1897 0cc2 4C4B     		ldr	r3, .L86+36
 1898 0cc4 1B78     		ldrb	r3, [r3]	@ zero_extendqisi2
 1899 0cc6 002B     		cmp	r3, #0
 1900 0cc8 0ED1     		bne	.L67
 508:ui.c          ****                     {
 509:ui.c          ****                         OLEDtextColor(0, 1);
 1901              		.loc 1 509 0
 1902 0cca 0121     		movs	r1, #1
 1903 0ccc 0020     		movs	r0, #0
 1904 0cce FFF7FEFF 		bl	OLEDtextColor
 510:ui.c          ****                         GFXfillRect(&theGFX, 24, 48, 16, 16, theGFX.textbgcolor);
 1905              		.loc 1 510 0
 1906 0cd2 404B     		ldr	r3, .L86+4
 1907 0cd4 5B8A     		ldrh	r3, [r3, #18]
 1908 0cd6 0193     		str	r3, [sp, #4]
 1909 0cd8 1023     		movs	r3, #16
 1910 0cda 0093     		str	r3, [sp]
 1911 0cdc 1023     		movs	r3, #16
 1912 0cde 3022     		movs	r2, #48
 1913 0ce0 1821     		movs	r1, #24
 1914 0ce2 3C48     		ldr	r0, .L86+4
 1915 0ce4 FFF7FEFF 		bl	GFXfillRect
 1916              	.L67:
 511:ui.c          ****                     }
 512:ui.c          ****                     uint8_t currentChar = sliderRepDisplay[0] / 10;
 1917              		.loc 1 512 0
 1918 0ce8 3B79     		ldrb	r3, [r7, #4]	@ zero_extendqisi2
 1919 0cea 454A     		ldr	r2, .L86+48
 1920 0cec A2FB0323 		umull	r2, r3, r2, r3
 1921 0cf0 DB08     		lsrs	r3, r3, #3
 1922 0cf2 FB71     		strb	r3, [r7, #7]
 513:ui.c          ****                     GFXwrite(&theGFX, currentChar + 48);
 1923              		.loc 1 513 0
 1924 0cf4 FB79     		ldrb	r3, [r7, #7]
 1925 0cf6 3033     		adds	r3, r3, #48
 1926 0cf8 DBB2     		uxtb	r3, r3
 1927 0cfa 1946     		mov	r1, r3
 1928 0cfc 3548     		ldr	r0, .L86+4
 1929 0cfe FFF7FEFF 		bl	GFXwrite
 514:ui.c          ****                     currentChar = sliderRepDisplay[0] - (currentChar*10);
 1930              		.loc 1 514 0
 1931 0d02 3A79     		ldrb	r2, [r7, #4]	@ zero_extendqisi2
 1932 0d04 FB79     		ldrb	r3, [r7, #7]
 1933 0d06 1946     		mov	r1, r3
ARM GAS  C:\Users\ggg88\AppData\Local\Temp\ccZlRNWc.s 			page 44


 1934 0d08 4901     		lsls	r1, r1, #5
 1935 0d0a C91A     		subs	r1, r1, r3
 1936 0d0c 8900     		lsls	r1, r1, #2
 1937 0d0e CB1A     		subs	r3, r1, r3
 1938 0d10 5B00     		lsls	r3, r3, #1
 1939 0d12 DBB2     		uxtb	r3, r3
 1940 0d14 1344     		add	r3, r3, r2
 1941 0d16 FB71     		strb	r3, [r7, #7]
 515:ui.c          ****                     GFXwrite(&theGFX, currentChar + 48);
 1942              		.loc 1 515 0
 1943 0d18 FB79     		ldrb	r3, [r7, #7]
 1944 0d1a 3033     		adds	r3, r3, #48
 1945 0d1c DBB2     		uxtb	r3, r3
 1946 0d1e 1946     		mov	r1, r3
 1947 0d20 2C48     		ldr	r0, .L86+4
 1948 0d22 FFF7FEFF 		bl	GFXwrite
 516:ui.c          ****                     OLEDtextColor(1, 0);
 1949              		.loc 1 516 0
 1950 0d26 0021     		movs	r1, #0
 1951 0d28 0120     		movs	r0, #1
 1952 0d2a FFF7FEFF 		bl	OLEDtextColor
 517:ui.c          **** 
 518:ui.c          ****                     GFXwrite(&theGFX, 32); //space
 1953              		.loc 1 518 0
 1954 0d2e 2021     		movs	r1, #32
 1955 0d30 2848     		ldr	r0, .L86+4
 1956 0d32 FFF7FEFF 		bl	GFXwrite
 519:ui.c          ****                     GFXwrite(&theGFX, 83); //S
 1957              		.loc 1 519 0
 1958 0d36 5321     		movs	r1, #83
 1959 0d38 2648     		ldr	r0, .L86+4
 1960 0d3a FFF7FEFF 		bl	GFXwrite
 520:ui.c          ****                     GFXwrite(&theGFX, 50); //2
 1961              		.loc 1 520 0
 1962 0d3e 3221     		movs	r1, #50
 1963 0d40 2448     		ldr	r0, .L86+4
 1964 0d42 FFF7FEFF 		bl	GFXwrite
 521:ui.c          ****                     GFXwrite(&theGFX, 61); //=
 1965              		.loc 1 521 0
 1966 0d46 3D21     		movs	r1, #61
 1967 0d48 2248     		ldr	r0, .L86+4
 1968 0d4a FFF7FEFF 		bl	GFXwrite
 522:ui.c          ****                     if (editingSliderRepString)
 1969              		.loc 1 522 0
 1970 0d4e 294B     		ldr	r3, .L86+36
 1971 0d50 1B78     		ldrb	r3, [r3]	@ zero_extendqisi2
 1972 0d52 002B     		cmp	r3, #0
 1973 0d54 0ED0     		beq	.L68
 523:ui.c          ****                     {
 524:ui.c          ****                         OLEDtextColor(0, 1);
 1974              		.loc 1 524 0
 1975 0d56 0121     		movs	r1, #1
 1976 0d58 0020     		movs	r0, #0
 1977 0d5a FFF7FEFF 		bl	OLEDtextColor
 525:ui.c          ****                         GFXfillRect(&theGFX, 72, 48, 16, 16, theGFX.textbgcolor);
 1978              		.loc 1 525 0
 1979 0d5e 1D4B     		ldr	r3, .L86+4
ARM GAS  C:\Users\ggg88\AppData\Local\Temp\ccZlRNWc.s 			page 45


 1980 0d60 5B8A     		ldrh	r3, [r3, #18]
 1981 0d62 0193     		str	r3, [sp, #4]
 1982 0d64 1023     		movs	r3, #16
 1983 0d66 0093     		str	r3, [sp]
 1984 0d68 1023     		movs	r3, #16
 1985 0d6a 3022     		movs	r2, #48
 1986 0d6c 4821     		movs	r1, #72
 1987 0d6e 1948     		ldr	r0, .L86+4
 1988 0d70 FFF7FEFF 		bl	GFXfillRect
 1989              	.L68:
 526:ui.c          ****                     }
 527:ui.c          ****                     currentChar = sliderRepDisplay[1] / 10;
 1990              		.loc 1 527 0
 1991 0d74 7B79     		ldrb	r3, [r7, #5]	@ zero_extendqisi2
 1992 0d76 224A     		ldr	r2, .L86+48
 1993 0d78 A2FB0323 		umull	r2, r3, r2, r3
 1994 0d7c DB08     		lsrs	r3, r3, #3
 1995 0d7e FB71     		strb	r3, [r7, #7]
 528:ui.c          ****                     GFXwrite(&theGFX, currentChar + 48);
 1996              		.loc 1 528 0
 1997 0d80 FB79     		ldrb	r3, [r7, #7]
 1998 0d82 3033     		adds	r3, r3, #48
 1999 0d84 DBB2     		uxtb	r3, r3
 2000 0d86 1946     		mov	r1, r3
 2001 0d88 1248     		ldr	r0, .L86+4
 2002 0d8a FFF7FEFF 		bl	GFXwrite
 529:ui.c          ****                     currentChar = sliderRepDisplay[1]  - (currentChar*10);
 2003              		.loc 1 529 0
 2004 0d8e 7A79     		ldrb	r2, [r7, #5]	@ zero_extendqisi2
 2005 0d90 FB79     		ldrb	r3, [r7, #7]
 2006 0d92 1946     		mov	r1, r3
 2007 0d94 4901     		lsls	r1, r1, #5
 2008 0d96 C91A     		subs	r1, r1, r3
 2009 0d98 8900     		lsls	r1, r1, #2
 2010 0d9a CB1A     		subs	r3, r1, r3
 2011 0d9c 5B00     		lsls	r3, r3, #1
 2012 0d9e DBB2     		uxtb	r3, r3
 2013 0da0 1344     		add	r3, r3, r2
 2014 0da2 FB71     		strb	r3, [r7, #7]
 530:ui.c          ****                     GFXwrite(&theGFX, currentChar + 48);
 2015              		.loc 1 530 0
 2016 0da4 FB79     		ldrb	r3, [r7, #7]
 2017 0da6 3033     		adds	r3, r3, #48
 2018 0da8 DBB2     		uxtb	r3, r3
 2019 0daa 1946     		mov	r1, r3
 2020 0dac 0948     		ldr	r0, .L86+4
 2021 0dae FFF7FEFF 		bl	GFXwrite
 531:ui.c          ****                    
 532:ui.c          ****                     OLEDtextColor(1, 0);
 2022              		.loc 1 532 0
 2023 0db2 0021     		movs	r1, #0
 2024 0db4 0120     		movs	r0, #1
 2025 0db6 FFF7FEFF 		bl	OLEDtextColor
 533:ui.c          ****                     mainOLEDWaitingToSend = 1;
 2026              		.loc 1 533 0
 2027 0dba 0B4B     		ldr	r3, .L86+24
 2028 0dbc 0122     		movs	r2, #1
ARM GAS  C:\Users\ggg88\AppData\Local\Temp\ccZlRNWc.s 			page 46


 2029 0dbe 1A70     		strb	r2, [r3]
 2030              	.L63:
 2031              	.LBE10:
 534:ui.c          ****                 }
 535:ui.c          ****             }
 536:ui.c          ****             prevEncoderVal = currentEncoderVal;
 2032              		.loc 1 536 0
 2033 0dc0 0B4A     		ldr	r2, .L86+32
 2034 0dc2 BB7F     		ldrb	r3, [r7, #30]
 2035 0dc4 1370     		strb	r3, [r2]
 2036              	.L77:
 2037              	.LBE4:
 537:ui.c          ****         }
 538:ui.c          ****     }
 539:ui.c          ****     
 540:ui.c          **** }
 2038              		.loc 1 540 0
 2039 0dc6 00BF     		nop
 2040 0dc8 3037     		adds	r7, r7, #48
 2041              		.cfi_def_cfa_offset 16
 2042 0dca BD46     		mov	sp, r7
 2043              		.cfi_def_cfa_register 13
 2044              		@ sp needed
 2045 0dcc B0BD     		pop	{r4, r5, r7, pc}
 2046              	.L87:
 2047 0dce 00BF     		.align	2
 2048              	.L86:
 2049 0dd0 00000000 		.word	deadZone
 2050 0dd4 00000000 		.word	theGFX
 2051 0dd8 CDCC4C3E 		.word	1045220557
 2052 0ddc CDCCCC3D 		.word	1036831949
 2053 0de0 00002041 		.word	1092616192
 2054 0de4 0000C842 		.word	1120403456
 2055 0de8 00000000 		.word	mainOLEDWaitingToSend
 2056 0dec 00000000 		.word	menuPosition
 2057 0df0 00000000 		.word	prevEncoderVal
 2058 0df4 00000000 		.word	editingSliderRepString
 2059 0df8 00000000 		.word	stringRepresentation
 2060 0dfc 00000000 		.word	.LC0
 2061 0e00 CDCCCCCC 		.word	-858993459
 2062              		.cfi_endproc
 2063              	.LFE64:
 2064              		.size	scanUI, .-scanUI
 2065              		.global	calibrationNames
 2066              		.section	.rodata
 2067              		.align	2
 2068              	.LC1:
 2069 0004 20205345 		.ascii	"  SET LEVERS \000"
 2069      54204C45 
 2069      56455253 
 2069      2000
 2070 0012 0000     		.align	2
 2071              	.LC2:
 2072 0014 20205345 		.ascii	"  SET FRETS  \000"
 2072      54204652 
 2072      45545320 
 2072      2000
ARM GAS  C:\Users\ggg88\AppData\Local\Temp\ccZlRNWc.s 			page 47


 2073 0022 0000     		.align	2
 2074              		.type	calibrationNames, %object
 2075              		.size	calibrationNames, 12
 2076              	calibrationNames:
 2077 0024 04000000 		.word	.LC1
 2078 0028 14000000 		.word	.LC2
 2079 002c 00000000 		.word	0
 2080              		.global	mainMenuNames
 2081              		.align	2
 2082              	.LC3:
 2083 0030 20205354 		.ascii	"  STORE_PRESET \000"
 2083      4F52455F 
 2083      50524553 
 2083      45542000 
 2084              		.align	2
 2085              	.LC4:
 2086 0040 20204341 		.ascii	"  CALIBRATION\000"
 2086      4C494252 
 2086      4154494F 
 2086      4E00
 2087 004e 0000     		.align	2
 2088              	.LC5:
 2089 0050 20205345 		.ascii	"  SETTINGS   \000"
 2089      5454494E 
 2089      47532020 
 2089      2000
 2090 005e 0000     		.align	2
 2091              		.type	mainMenuNames, %object
 2092              		.size	mainMenuNames, 16
 2093              	mainMenuNames:
 2094 0060 30000000 		.word	.LC3
 2095 0064 40000000 		.word	.LC4
 2096 0068 50000000 		.word	.LC5
 2097 006c 00000000 		.word	0
 2098              		.global	settingsNames
 2099              		.align	2
 2100              	.LC6:
 2101 0070 20205452 		.ascii	"  TRANSPOSE  \000"
 2101      414E5350 
 2101      4F534520 
 2101      2000
 2102 007e 0000     		.align	2
 2103              	.LC7:
 2104 0080 20204F43 		.ascii	"  OCTAVE ACTION\000"
 2104      54415645 
 2104      20414354 
 2104      494F4E00 
 2105              		.align	2
 2106              	.LC8:
 2107 0090 20204445 		.ascii	"  DEADZONES    \000"
 2107      41445A4F 
 2107      4E455320 
 2107      20202000 
 2108              		.align	2
 2109              	.LC9:
 2110 00a0 2020534C 		.ascii	"  SLIDER REPR \000"
 2110      49444552 
ARM GAS  C:\Users\ggg88\AppData\Local\Temp\ccZlRNWc.s 			page 48


 2110      20524550 
 2110      522000
 2111 00af 00       		.align	2
 2112              	.LC10:
 2113 00b0 20205045 		.ascii	"  PEDAL SUM   \000"
 2113      44414C20 
 2113      53554D20 
 2113      202000
 2114 00bf 00       		.align	2
 2115              	.LC11:
 2116 00c0 20204D49 		.ascii	"  MIDI SEND  \000"
 2116      44492053 
 2116      454E4420 
 2116      2000
 2117 00ce 0000     		.align	2
 2118              	.LC12:
 2119 00d0 2020564F 		.ascii	"  VOLUME      \000"
 2119      4C554D45 
 2119      20202020 
 2119      202000
 2120 00df 00       		.align	2
 2121              	.LC13:
 2122 00e0 20204649 		.ascii	"  FIRMWARE UPDT\000"
 2122      524D5741 
 2122      52452055 
 2122      50445400 
 2123              		.align	2
 2124              		.type	settingsNames, %object
 2125              		.size	settingsNames, 36
 2126              	settingsNames:
 2127 00f0 70000000 		.word	.LC6
 2128 00f4 80000000 		.word	.LC7
 2129 00f8 90000000 		.word	.LC8
 2130 00fc A0000000 		.word	.LC9
 2131 0100 B0000000 		.word	.LC10
 2132 0104 C0000000 		.word	.LC11
 2133 0108 D0000000 		.word	.LC12
 2134 010c E0000000 		.word	.LC13
 2135 0110 00000000 		.word	0
 2136              		.global	numMainMenuItems
 2137              		.data
 2138              		.type	numMainMenuItems, %object
 2139              		.size	numMainMenuItems, 1
 2140              	numMainMenuItems:
 2141 0028 03       		.byte	3
 2142              		.global	numCalibrationItems
 2143              		.type	numCalibrationItems, %object
 2144              		.size	numCalibrationItems, 1
 2145              	numCalibrationItems:
 2146 0029 02       		.byte	2
 2147              		.global	numSettingsItems
 2148              		.type	numSettingsItems, %object
 2149              		.size	numSettingsItems, 1
 2150              	numSettingsItems:
 2151 002a 08       		.byte	8
 2152              		.section	.rodata
 2153              		.align	2
ARM GAS  C:\Users\ggg88\AppData\Local\Temp\ccZlRNWc.s 			page 49


 2154              	.LC14:
 2155 0114 20205354 		.ascii	"  STORE PRESET   \000"
 2155      4F524520 
 2155      50524553 
 2155      45542020 
 2155      2000
 2156 0126 0000     		.align	2
 2157              	.LC15:
 2158 0128 20204341 		.ascii	"  CALIBRATION     \000"
 2158      4C494252 
 2158      4154494F 
 2158      4E202020 
 2158      202000
 2159 013b 00       		.align	2
 2160              	.LC16:
 2161 013c 20205345 		.ascii	"  SETTINGS       \000"
 2161      5454494E 
 2161      47532020 
 2161      20202020 
 2161      2000
 2162              		.section	.text.enterEditModeMenu,"ax",%progbits
 2163              		.align	2
 2164              		.global	enterEditModeMenu
 2165              		.thumb
 2166              		.thumb_func
 2167              		.type	enterEditModeMenu, %function
 2168              	enterEditModeMenu:
 2169              	.LFB65:
 541:ui.c          **** 
 542:ui.c          **** 
 543:ui.c          **** 
 544:ui.c          **** 
 545:ui.c          **** const char* const calibrationNames[] = { "  SET LEVERS ", "  SET FRETS  ", 0 }; 
 546:ui.c          **** const char* const mainMenuNames[] =    {"  STORE_PRESET ", "  CALIBRATION", "  SETTINGS   ", 0 }; 
 547:ui.c          **** const char* const settingsNames[] =   { "  TRANSPOSE  ", "  OCTAVE ACTION", "  DEADZONES    ", "  S
 548:ui.c          **** uint8_t numMainMenuItems = 3;
 549:ui.c          **** uint8_t numCalibrationItems = 2;
 550:ui.c          **** uint8_t numSettingsItems = 8;
 551:ui.c          **** 
 552:ui.c          **** void enterEditModeMenu(void)
 553:ui.c          **** {
 2170              		.loc 1 553 0
 2171              		.cfi_startproc
 2172              		@ args = 0, pretend = 0, frame = 0
 2173              		@ frame_needed = 1, uses_anonymous_args = 0
 2174 0000 80B5     		push	{r7, lr}
 2175              		.cfi_def_cfa_offset 8
 2176              		.cfi_offset 7, -8
 2177              		.cfi_offset 14, -4
 2178 0002 00AF     		add	r7, sp, #0
 2179              		.cfi_def_cfa_register 7
 554:ui.c          ****     OLEDclear(128, 64);
 2180              		.loc 1 554 0
 2181 0004 4021     		movs	r1, #64
 2182 0006 8020     		movs	r0, #128
 2183 0008 FFF7FEFF 		bl	OLEDclear
 555:ui.c          ****     myGFX_setFont(2);
ARM GAS  C:\Users\ggg88\AppData\Local\Temp\ccZlRNWc.s 			page 50


 2184              		.loc 1 555 0
 2185 000c 0220     		movs	r0, #2
 2186 000e FFF7FEFF 		bl	myGFX_setFont
 556:ui.c          ****     OLEDtextColor(0, 1);
 2187              		.loc 1 556 0
 2188 0012 0121     		movs	r1, #1
 2189 0014 0020     		movs	r0, #0
 2190 0016 FFF7FEFF 		bl	OLEDtextColor
 557:ui.c          ****     OLEDwriteString("  STORE PRESET   ", 15, 0, FirstLine);
 2191              		.loc 1 557 0
 2192 001a 0023     		movs	r3, #0
 2193 001c 0022     		movs	r2, #0
 2194 001e 0F21     		movs	r1, #15
 2195 0020 1E48     		ldr	r0, .L89
 2196 0022 FFF7FEFF 		bl	OLEDwriteString
 558:ui.c          ****     OLEDwriteArrow(0, FirstLine);
 2197              		.loc 1 558 0
 2198 0026 0021     		movs	r1, #0
 2199 0028 0020     		movs	r0, #0
 2200 002a FFF7FEFF 		bl	OLEDwriteArrow
 559:ui.c          ****     OLEDtextColor(1, 0);
 2201              		.loc 1 559 0
 2202 002e 0021     		movs	r1, #0
 2203 0030 0120     		movs	r0, #1
 2204 0032 FFF7FEFF 		bl	OLEDtextColor
 560:ui.c          ****     OLEDwriteString("  CALIBRATION     ",15, 0, SecondLine);
 2205              		.loc 1 560 0
 2206 0036 0123     		movs	r3, #1
 2207 0038 0022     		movs	r2, #0
 2208 003a 0F21     		movs	r1, #15
 2209 003c 1848     		ldr	r0, .L89+4
 2210 003e FFF7FEFF 		bl	OLEDwriteString
 561:ui.c          ****     OLEDtextColor(1, 0);
 2211              		.loc 1 561 0
 2212 0042 0021     		movs	r1, #0
 2213 0044 0120     		movs	r0, #1
 2214 0046 FFF7FEFF 		bl	OLEDtextColor
 562:ui.c          ****     OLEDwriteString("  SETTINGS       ", 15, 0, ThirdLine);
 2215              		.loc 1 562 0
 2216 004a 0223     		movs	r3, #2
 2217 004c 0022     		movs	r2, #0
 2218 004e 0F21     		movs	r1, #15
 2219 0050 1448     		ldr	r0, .L89+8
 2220 0052 FFF7FEFF 		bl	OLEDwriteString
 563:ui.c          ****     OLEDtextColor(1, 0);
 2221              		.loc 1 563 0
 2222 0056 0021     		movs	r1, #0
 2223 0058 0120     		movs	r0, #1
 2224 005a FFF7FEFF 		bl	OLEDtextColor
 564:ui.c          ****     mainOLEDWaitingToSend = 1;
 2225              		.loc 1 564 0
 2226 005e 124B     		ldr	r3, .L89+12
 2227 0060 0122     		movs	r2, #1
 2228 0062 1A70     		strb	r2, [r3]
 565:ui.c          ****     editMode = 1;
 2229              		.loc 1 565 0
 2230 0064 114B     		ldr	r3, .L89+16
ARM GAS  C:\Users\ggg88\AppData\Local\Temp\ccZlRNWc.s 			page 51


 2231 0066 0122     		movs	r2, #1
 2232 0068 1A70     		strb	r2, [r3]
 566:ui.c          ****     LED_red2_Write(editMode);
 2233              		.loc 1 566 0
 2234 006a 104B     		ldr	r3, .L89+16
 2235 006c 1B78     		ldrb	r3, [r3]	@ zero_extendqisi2
 2236 006e 1846     		mov	r0, r3
 2237 0070 FFF7FEFF 		bl	LED_red2_Write
 567:ui.c          ****     //initialize menu position to all zero
 568:ui.c          ****     menuPosition[0][0] = 0; //x
 2238              		.loc 1 568 0
 2239 0074 0E4B     		ldr	r3, .L89+20
 2240 0076 0022     		movs	r2, #0
 2241 0078 1A70     		strb	r2, [r3]
 569:ui.c          ****     menuPosition[0][1] = 0; //y
 2242              		.loc 1 569 0
 2243 007a 0D4B     		ldr	r3, .L89+20
 2244 007c 0022     		movs	r2, #0
 2245 007e 5A70     		strb	r2, [r3, #1]
 570:ui.c          ****     menuPosition[1][0] = 0; //x
 2246              		.loc 1 570 0
 2247 0080 0B4B     		ldr	r3, .L89+20
 2248 0082 0022     		movs	r2, #0
 2249 0084 9A70     		strb	r2, [r3, #2]
 571:ui.c          ****     menuPosition[1][1] = 0; //y
 2250              		.loc 1 571 0
 2251 0086 0A4B     		ldr	r3, .L89+20
 2252 0088 0022     		movs	r2, #0
 2253 008a DA70     		strb	r2, [r3, #3]
 572:ui.c          ****     menuPosition[2][0] = 0; //x
 2254              		.loc 1 572 0
 2255 008c 084B     		ldr	r3, .L89+20
 2256 008e 0022     		movs	r2, #0
 2257 0090 1A71     		strb	r2, [r3, #4]
 573:ui.c          ****     menuPosition[2][1] = 0; //y
 2258              		.loc 1 573 0
 2259 0092 074B     		ldr	r3, .L89+20
 2260 0094 0022     		movs	r2, #0
 2261 0096 5A71     		strb	r2, [r3, #5]
 574:ui.c          **** }
 2262              		.loc 1 574 0
 2263 0098 00BF     		nop
 2264 009a 80BD     		pop	{r7, pc}
 2265              	.L90:
 2266              		.align	2
 2267              	.L89:
 2268 009c 14010000 		.word	.LC14
 2269 00a0 28010000 		.word	.LC15
 2270 00a4 3C010000 		.word	.LC16
 2271 00a8 00000000 		.word	mainOLEDWaitingToSend
 2272 00ac 00000000 		.word	editMode
 2273 00b0 00000000 		.word	menuPosition
 2274              		.cfi_endproc
 2275              	.LFE65:
 2276              		.size	enterEditModeMenu, .-enterEditModeMenu
 2277              		.global	__aeabi_f2iz
 2278              		.section	.text.exitEditModeMenu,"ax",%progbits
ARM GAS  C:\Users\ggg88\AppData\Local\Temp\ccZlRNWc.s 			page 52


 2279              		.align	2
 2280              		.global	exitEditModeMenu
 2281              		.thumb
 2282              		.thumb_func
 2283              		.type	exitEditModeMenu, %function
 2284              	exitEditModeMenu:
 2285              	.LFB66:
 575:ui.c          **** 
 576:ui.c          **** void exitEditModeMenu(void)
 577:ui.c          **** {
 2286              		.loc 1 577 0
 2287              		.cfi_startproc
 2288              		@ args = 0, pretend = 0, frame = 8
 2289              		@ frame_needed = 1, uses_anonymous_args = 0
 2290 0000 90B5     		push	{r4, r7, lr}
 2291              		.cfi_def_cfa_offset 12
 2292              		.cfi_offset 4, -12
 2293              		.cfi_offset 7, -8
 2294              		.cfi_offset 14, -4
 2295 0002 83B0     		sub	sp, sp, #12
 2296              		.cfi_def_cfa_offset 24
 2297 0004 00AF     		add	r7, sp, #0
 2298              		.cfi_def_cfa_register 7
 578:ui.c          ****     
 579:ui.c          ****     if (leverCalibrationMode == 1)
 2299              		.loc 1 579 0
 2300 0006 5E4B     		ldr	r3, .L101
 2301 0008 1B78     		ldrb	r3, [r3]	@ zero_extendqisi2
 2302 000a 012B     		cmp	r3, #1
 2303 000c 01D1     		bne	.L92
 580:ui.c          ****     {
 581:ui.c          ****         exitLeverCalibrationMode();
 2304              		.loc 1 581 0
 2305 000e FFF7FEFF 		bl	exitLeverCalibrationMode
 2306              	.L92:
 582:ui.c          ****     }
 583:ui.c          ****     if (fretCalibrationMode == 1)
 2307              		.loc 1 583 0
 2308 0012 5C4B     		ldr	r3, .L101+4
 2309 0014 1B78     		ldrb	r3, [r3]	@ zero_extendqisi2
 2310 0016 012B     		cmp	r3, #1
 2311 0018 01D1     		bne	.L93
 584:ui.c          ****     {
 585:ui.c          ****         exitFretCalibrationMode();
 2312              		.loc 1 585 0
 2313 001a FFF7FEFF 		bl	exitFretCalibrationMode
 2314              	.L93:
 586:ui.c          ****     }
 587:ui.c          ****     if (menuPosition[0][0] == TransposeMenu)
 2315              		.loc 1 587 0
 2316 001e 5A4B     		ldr	r3, .L101+8
 2317 0020 93F90030 		ldrsb	r3, [r3]
 2318 0024 062B     		cmp	r3, #6
 2319 0026 34D1     		bne	.L94
 588:ui.c          ****     {
 589:ui.c          ****         transposeSemitones = (int8_t)transposeFloat;
 2320              		.loc 1 589 0
ARM GAS  C:\Users\ggg88\AppData\Local\Temp\ccZlRNWc.s 			page 53


 2321 0028 584B     		ldr	r3, .L101+12
 2322 002a 1B68     		ldr	r3, [r3]	@ float
 2323 002c 1846     		mov	r0, r3
 2324 002e FFF7FEFF 		bl	__aeabi_f2iz
 2325 0032 0346     		mov	r3, r0
 2326 0034 5AB2     		sxtb	r2, r3
 2327 0036 564B     		ldr	r3, .L101+16
 2328 0038 1A70     		strb	r2, [r3]
 590:ui.c          ****         transposeCents = (int8_t)((transposeFloat - transposeSemitones) * 100.0f);
 2329              		.loc 1 590 0
 2330 003a 544B     		ldr	r3, .L101+12
 2331 003c 1C68     		ldr	r4, [r3]	@ float
 2332 003e 544B     		ldr	r3, .L101+16
 2333 0040 93F90030 		ldrsb	r3, [r3]
 2334 0044 1846     		mov	r0, r3
 2335 0046 FFF7FEFF 		bl	__aeabi_i2f
 2336 004a 0346     		mov	r3, r0
 2337 004c 1946     		mov	r1, r3
 2338 004e 2046     		mov	r0, r4
 2339 0050 FFF7FEFF 		bl	__aeabi_fsub
 2340 0054 0346     		mov	r3, r0
 2341 0056 4F49     		ldr	r1, .L101+20
 2342 0058 1846     		mov	r0, r3
 2343 005a FFF7FEFF 		bl	__aeabi_fmul
 2344 005e 0346     		mov	r3, r0
 2345 0060 1846     		mov	r0, r3
 2346 0062 FFF7FEFF 		bl	__aeabi_f2iz
 2347 0066 0346     		mov	r3, r0
 2348 0068 5AB2     		sxtb	r2, r3
 2349 006a 4B4B     		ldr	r3, .L101+24
 2350 006c 1A70     		strb	r2, [r3]
 591:ui.c          ****         EEPROM_WriteByte(transposeSemitones, EEPROM_TRANSPOSE_OFFSET);
 2351              		.loc 1 591 0
 2352 006e 484B     		ldr	r3, .L101+16
 2353 0070 93F90030 		ldrsb	r3, [r3]
 2354 0074 DBB2     		uxtb	r3, r3
 2355 0076 4FF4F061 		mov	r1, #1920
 2356 007a 1846     		mov	r0, r3
 2357 007c FFF7FEFF 		bl	EEPROM_WriteByte
 592:ui.c          ****         EEPROM_WriteByte(transposeCents, EEPROM_TRANSPOSE_OFFSET + 1);
 2358              		.loc 1 592 0
 2359 0080 454B     		ldr	r3, .L101+24
 2360 0082 93F90030 		ldrsb	r3, [r3]
 2361 0086 DBB2     		uxtb	r3, r3
 2362 0088 40F28171 		movw	r1, #1921
 2363 008c 1846     		mov	r0, r3
 2364 008e FFF7FEFF 		bl	EEPROM_WriteByte
 2365              	.L94:
 593:ui.c          ****     }
 594:ui.c          ****     if (menuPosition[0][0] == OctaveActionMenu)
 2366              		.loc 1 594 0
 2367 0092 3D4B     		ldr	r3, .L101+8
 2368 0094 93F90030 		ldrsb	r3, [r3]
 2369 0098 072B     		cmp	r3, #7
 2370 009a 06D1     		bne	.L95
 595:ui.c          ****     {
 596:ui.c          ****         EEPROM_WriteByte(octaveAction, EEPROM_OCTAVE_ACTION_OFFSET);
ARM GAS  C:\Users\ggg88\AppData\Local\Temp\ccZlRNWc.s 			page 54


 2371              		.loc 1 596 0
 2372 009c 3F4B     		ldr	r3, .L101+28
 2373 009e 1B78     		ldrb	r3, [r3]	@ zero_extendqisi2
 2374 00a0 40F28271 		movw	r1, #1922
 2375 00a4 1846     		mov	r0, r3
 2376 00a6 FFF7FEFF 		bl	EEPROM_WriteByte
 2377              	.L95:
 597:ui.c          ****     }  
 598:ui.c          ****     if (menuPosition[0][0] == DeadzonesMenu)
 2378              		.loc 1 598 0
 2379 00aa 374B     		ldr	r3, .L101+8
 2380 00ac 93F90030 		ldrsb	r3, [r3]
 2381 00b0 082B     		cmp	r3, #8
 2382 00b2 06D1     		bne	.L96
 599:ui.c          ****     {
 600:ui.c          ****         EEPROM_WriteByte(deadZone, EEPROM_DEADZONES_OFFSET);
 2383              		.loc 1 600 0
 2384 00b4 3A4B     		ldr	r3, .L101+32
 2385 00b6 1B78     		ldrb	r3, [r3]	@ zero_extendqisi2
 2386 00b8 40F28371 		movw	r1, #1923
 2387 00bc 1846     		mov	r0, r3
 2388 00be FFF7FEFF 		bl	EEPROM_WriteByte
 2389              	.L96:
 601:ui.c          ****     }
 602:ui.c          ****     if (menuPosition[0][0] == SliderRepMenu)
 2390              		.loc 1 602 0
 2391 00c2 314B     		ldr	r3, .L101+8
 2392 00c4 93F90030 		ldrsb	r3, [r3]
 2393 00c8 092B     		cmp	r3, #9
 2394 00ca 12D1     		bne	.L97
 2395              	.LBB11:
 603:ui.c          ****     {
 604:ui.c          ****         uint8_t tempByte = ((stringRepresentation[0] & 15) << 4) + (stringRepresentation[1] & 15);
 2396              		.loc 1 604 0
 2397 00cc 354B     		ldr	r3, .L101+36
 2398 00ce 1B78     		ldrb	r3, [r3]	@ zero_extendqisi2
 2399 00d0 1B01     		lsls	r3, r3, #4
 2400 00d2 DAB2     		uxtb	r2, r3
 2401 00d4 334B     		ldr	r3, .L101+36
 2402 00d6 5B78     		ldrb	r3, [r3, #1]	@ zero_extendqisi2
 2403 00d8 03F00F03 		and	r3, r3, #15
 2404 00dc DBB2     		uxtb	r3, r3
 2405 00de 1344     		add	r3, r3, r2
 2406 00e0 FB71     		strb	r3, [r7, #7]
 605:ui.c          ****         EEPROM_WriteByte(tempByte,EEPROM_STRING_REP_OFFSET);
 2407              		.loc 1 605 0
 2408 00e2 FB79     		ldrb	r3, [r7, #7]	@ zero_extendqisi2
 2409 00e4 40F27F71 		movw	r1, #1919
 2410 00e8 1846     		mov	r0, r3
 2411 00ea FFF7FEFF 		bl	EEPROM_WriteByte
 606:ui.c          ****         calculateStringRepDivider();
 2412              		.loc 1 606 0
 2413 00ee FFF7FEFF 		bl	calculateStringRepDivider
 2414              	.L97:
 2415              	.LBE11:
 607:ui.c          ****     }
 608:ui.c          ****     if (menuPosition[0][0] == TraditionalPedalSumMenu)
ARM GAS  C:\Users\ggg88\AppData\Local\Temp\ccZlRNWc.s 			page 55


 2416              		.loc 1 608 0
 2417 00f2 254B     		ldr	r3, .L101+8
 2418 00f4 93F90030 		ldrsb	r3, [r3]
 2419 00f8 0A2B     		cmp	r3, #10
 2420 00fa 06D1     		bne	.L98
 609:ui.c          ****     {
 610:ui.c          ****         EEPROM_WriteByte(traditionalPedalAdd,EEPROM_PEDALSUM_OFFSET);
 2421              		.loc 1 610 0
 2422 00fc 2A4B     		ldr	r3, .L101+40
 2423 00fe 1B78     		ldrb	r3, [r3]	@ zero_extendqisi2
 2424 0100 40F28671 		movw	r1, #1926
 2425 0104 1846     		mov	r0, r3
 2426 0106 FFF7FEFF 		bl	EEPROM_WriteByte
 2427              	.L98:
 611:ui.c          ****     }
 612:ui.c          ****     if (menuPosition[0][0] == MidiSendMenu)
 2428              		.loc 1 612 0
 2429 010a 1F4B     		ldr	r3, .L101+8
 2430 010c 93F90030 		ldrsb	r3, [r3]
 2431 0110 0B2B     		cmp	r3, #11
 2432 0112 13D1     		bne	.L99
 2433              	.LBB12:
 613:ui.c          ****     {
 614:ui.c          ****         uint8_t tempByte = ((midiBarSendOn & 1)<<1) + (midiSendOn & 1);
 2434              		.loc 1 614 0
 2435 0114 254B     		ldr	r3, .L101+44
 2436 0116 1B78     		ldrb	r3, [r3]	@ zero_extendqisi2
 2437 0118 5B00     		lsls	r3, r3, #1
 2438 011a DBB2     		uxtb	r3, r3
 2439 011c 03F00203 		and	r3, r3, #2
 2440 0120 DAB2     		uxtb	r2, r3
 2441 0122 234B     		ldr	r3, .L101+48
 2442 0124 1B78     		ldrb	r3, [r3]	@ zero_extendqisi2
 2443 0126 03F00103 		and	r3, r3, #1
 2444 012a DBB2     		uxtb	r3, r3
 2445 012c 1344     		add	r3, r3, r2
 2446 012e BB71     		strb	r3, [r7, #6]
 615:ui.c          ****         EEPROM_WriteByte(tempByte,EEPROM_MIDI_SEND_OFFSET);
 2447              		.loc 1 615 0
 2448 0130 BB79     		ldrb	r3, [r7, #6]	@ zero_extendqisi2
 2449 0132 40F28771 		movw	r1, #1927
 2450 0136 1846     		mov	r0, r3
 2451 0138 FFF7FEFF 		bl	EEPROM_WriteByte
 2452              	.L99:
 2453              	.LBE12:
 616:ui.c          ****     }
 617:ui.c          ****     if (menuPosition[0][0] == VolumeMenu)
 2454              		.loc 1 617 0
 2455 013c 124B     		ldr	r3, .L101+8
 2456 013e 93F90030 		ldrsb	r3, [r3]
 2457 0142 0C2B     		cmp	r3, #12
 2458 0144 08D1     		bne	.L100
 618:ui.c          ****     {
 619:ui.c          ****         EEPROM_WriteByte((uint8_t)volumeInt,EEPROM_VOLUME_OFFSET);
 2459              		.loc 1 619 0
 2460 0146 1B4B     		ldr	r3, .L101+52
 2461 0148 93F90030 		ldrsb	r3, [r3]
ARM GAS  C:\Users\ggg88\AppData\Local\Temp\ccZlRNWc.s 			page 56


 2462 014c DBB2     		uxtb	r3, r3
 2463 014e 40F28C71 		movw	r1, #1932
 2464 0152 1846     		mov	r0, r3
 2465 0154 FFF7FEFF 		bl	EEPROM_WriteByte
 2466              	.L100:
 620:ui.c          ****     }
 621:ui.c          ****     
 622:ui.c          ****     encoderWatch = 0;
 2467              		.loc 1 622 0
 2468 0158 174B     		ldr	r3, .L101+56
 2469 015a 0022     		movs	r2, #0
 2470 015c 1A70     		strb	r2, [r3]
 623:ui.c          ****     Decoder_1_Stop();
 2471              		.loc 1 623 0
 2472 015e FFF7FEFF 		bl	Decoder_1_Stop
 624:ui.c          ****     editMode = 0;
 2473              		.loc 1 624 0
 2474 0162 164B     		ldr	r3, .L101+60
 2475 0164 0022     		movs	r2, #0
 2476 0166 1A70     		strb	r2, [r3]
 625:ui.c          ****     LED_red2_Write(editMode);
 2477              		.loc 1 625 0
 2478 0168 144B     		ldr	r3, .L101+60
 2479 016a 1B78     		ldrb	r3, [r3]	@ zero_extendqisi2
 2480 016c 1846     		mov	r0, r3
 2481 016e FFF7FEFF 		bl	LED_red2_Write
 626:ui.c          ****     displayCurrentPresetNameAndCopedent();
 2482              		.loc 1 626 0
 2483 0172 FFF7FEFF 		bl	displayCurrentPresetNameAndCopedent
 627:ui.c          **** }
 2484              		.loc 1 627 0
 2485 0176 00BF     		nop
 2486 0178 0C37     		adds	r7, r7, #12
 2487              		.cfi_def_cfa_offset 12
 2488 017a BD46     		mov	sp, r7
 2489              		.cfi_def_cfa_register 13
 2490              		@ sp needed
 2491 017c 90BD     		pop	{r4, r7, pc}
 2492              	.L102:
 2493 017e 00BF     		.align	2
 2494              	.L101:
 2495 0180 00000000 		.word	leverCalibrationMode
 2496 0184 00000000 		.word	fretCalibrationMode
 2497 0188 00000000 		.word	menuPosition
 2498 018c 00000000 		.word	transposeFloat
 2499 0190 00000000 		.word	transposeSemitones
 2500 0194 0000C842 		.word	1120403456
 2501 0198 00000000 		.word	transposeCents
 2502 019c 00000000 		.word	octaveAction
 2503 01a0 00000000 		.word	deadZone
 2504 01a4 00000000 		.word	stringRepresentation
 2505 01a8 00000000 		.word	traditionalPedalAdd
 2506 01ac 00000000 		.word	midiBarSendOn
 2507 01b0 00000000 		.word	midiSendOn
 2508 01b4 00000000 		.word	volumeInt
 2509 01b8 00000000 		.word	encoderWatch
 2510 01bc 00000000 		.word	editMode
ARM GAS  C:\Users\ggg88\AppData\Local\Temp\ccZlRNWc.s 			page 57


 2511              		.cfi_endproc
 2512              	.LFE66:
 2513              		.size	exitEditModeMenu, .-exitEditModeMenu
 2514              		.section	.rodata
 2515 014e 0000     		.align	2
 2516              	.LC17:
 2517 0150 56414C55 		.ascii	"VALUE KNOB SETS\000"
 2517      45204B4E 
 2517      4F422053 
 2517      45545300 
 2518              		.align	2
 2519              	.LC18:
 2520 0160 5452414E 		.ascii	"TRANSPOSITION  \000"
 2520      53504F53 
 2520      4954494F 
 2520      4E202000 
 2521              		.align	2
 2522              	.LC19:
 2523 0170 4F435441 		.ascii	"OCTAVE ACTION  \000"
 2523      56452041 
 2523      4354494F 
 2523      4E202000 
 2524              		.align	2
 2525              	.LC20:
 2526 0180 4F4E204E 		.ascii	"ON NEXT NOTE   \000"
 2526      45585420 
 2526      4E4F5445 
 2526      20202000 
 2527              		.align	2
 2528              	.LC21:
 2529 0190 494D4D45 		.ascii	"IMMEDIATE      \000"
 2529      44494154 
 2529      45202020 
 2529      20202000 
 2530              		.align	2
 2531              	.LC22:
 2532 01a0 4C455645 		.ascii	"LEVER DEADZONES\000"
 2532      52204445 
 2532      41445A4F 
 2532      4E455300 
 2533              		.align	2
 2534              	.LC23:
 2535 01b0 53455420 		.ascii	"SET WHICH      \000"
 2535      57484943 
 2535      48202020 
 2535      20202000 
 2536              		.align	2
 2537              	.LC24:
 2538 01c0 53545249 		.ascii	"STRINGS SLIDERS\000"
 2538      4E475320 
 2538      534C4944 
 2538      45525300 
 2539              		.align	2
 2540              	.LC25:
 2541 01d0 52455052 		.ascii	"REPRESENT(1-10)\000"
 2541      4553454E 
 2541      5428312D 
ARM GAS  C:\Users\ggg88\AppData\Local\Temp\ccZlRNWc.s 			page 58


 2541      31302900 
 2542              		.align	2
 2543              	.LC26:
 2544 01e0 50454441 		.ascii	"PEDAL SUM MODE:\000"
 2544      4C205355 
 2544      4D204D4F 
 2544      44453A00 
 2545              		.align	2
 2546              	.LC27:
 2547 01f0 53494D50 		.ascii	"SIMPLE ADD     \000"
 2547      4C452041 
 2547      44442020 
 2547      20202000 
 2548              		.align	2
 2549              	.LC28:
 2550 0200 54524144 		.ascii	"TRADITIONAL    \000"
 2550      4954494F 
 2550      4E414C20 
 2550      20202000 
 2551              		.align	2
 2552              	.LC29:
 2553 0210 53454E44 		.ascii	"SEND MIDI  \000"
 2553      204D4944 
 2553      49202000 
 2554              		.align	2
 2555              	.LC30:
 2556 021c 53454E44 		.ascii	"SEND BAR   \000"
 2556      20424152 
 2556      20202000 
 2557              		.align	2
 2558              	.LC31:
 2559 0228 53454E44 		.ascii	"SEND DEBUG \000"
 2559      20444542 
 2559      55472000 
 2560              		.align	2
 2561              	.LC32:
 2562 0234 564F4C55 		.ascii	"VOLUME    \000"
 2562      4D452020 
 2562      202000
 2563 023f 00       		.align	2
 2564              	.LC33:
 2565 0240 55504441 		.ascii	"UPDATE BRAIN\000"
 2565      54452042 
 2565      5241494E 
 2565      00
 2566 024d 000000   		.align	2
 2567              	.LC34:
 2568 0250 4E4F5720 		.ascii	"NOW PUT ALL\000"
 2568      50555420 
 2568      414C4C00 
 2569              		.align	2
 2570              	.LC35:
 2571 025c 50454441 		.ascii	"PEDALS/LEVERS  \000"
 2571      4C532F4C 
 2571      45564552 
 2571      53202000 
 2572              		.align	2
ARM GAS  C:\Users\ggg88\AppData\Local\Temp\ccZlRNWc.s 			page 59


 2573              	.LC36:
 2574 026c 494E2052 		.ascii	"IN RESTING STATE\000"
 2574      45535449 
 2574      4E472053 
 2574      54415445 
 2574      00
 2575 027d 000000   		.align	2
 2576              	.LC37:
 2577 0280 414E4420 		.ascii	"AND PRESS EDIT\000"
 2577      50524553 
 2577      53204544 
 2577      495400
 2578 028f 00       		.align	2
 2579              	.LC38:
 2580 0290 53454C45 		.ascii	"SELECT DEST\000"
 2580      43542044 
 2580      45535400 
 2581              		.align	2
 2582              	.LC39:
 2583 029c 4C4F4341 		.ascii	"LOCATION THEN \000"
 2583      54494F4E 
 2583      20544845 
 2583      4E2000
 2584 02ab 00       		.align	2
 2585              	.LC40:
 2586 02ac 50555348 		.ascii	"PUSH -> \000"
 2586      202D3E20 
 2586      00
 2587 02b5 000000   		.align	2
 2588              	.LC41:
 2589 02b8 55534520 		.ascii	"USE VALUE KNOB\000"
 2589      56414C55 
 2589      45204B4E 
 2589      4F4200
 2590 02c7 00       		.align	2
 2591              	.LC42:
 2592 02c8 544F2043 		.ascii	"TO CREATE NAME\000"
 2592      52454154 
 2592      45204E41 
 2592      4D4500
 2593 02d7 00       		.align	2
 2594              	.LC43:
 2595 02d8 20202020 		.ascii	"               \000"
 2595      20202020 
 2595      20202020 
 2595      20202000 
 2596              		.section	.text.menuAction,"ax",%progbits
 2597              		.align	2
 2598              		.global	menuAction
 2599              		.thumb
 2600              		.thumb_func
 2601              		.type	menuAction, %function
 2602              	menuAction:
 2603              	.LFB67:
 628:ui.c          **** 
 629:ui.c          **** void menuAction(enum direction action)
 630:ui.c          **** {
ARM GAS  C:\Users\ggg88\AppData\Local\Temp\ccZlRNWc.s 			page 60


 2604              		.loc 1 630 0
 2605              		.cfi_startproc
 2606              		@ args = 0, pretend = 0, frame = 48
 2607              		@ frame_needed = 1, uses_anonymous_args = 0
 2608 0000 90B5     		push	{r4, r7, lr}
 2609              		.cfi_def_cfa_offset 12
 2610              		.cfi_offset 4, -12
 2611              		.cfi_offset 7, -8
 2612              		.cfi_offset 14, -4
 2613 0002 8FB0     		sub	sp, sp, #60
 2614              		.cfi_def_cfa_offset 72
 2615 0004 02AF     		add	r7, sp, #8
 2616              		.cfi_def_cfa 7, 64
 2617 0006 0346     		mov	r3, r0
 2618 0008 FB71     		strb	r3, [r7, #7]
 631:ui.c          ****     uint8_t whatToDraw = 0;
 2619              		.loc 1 631 0
 2620 000a 0023     		movs	r3, #0
 2621 000c 87F82F30 		strb	r3, [r7, #47]
 632:ui.c          ****     
 633:ui.c          ****     if (menuPosition[0][0] == MainMenu) //we are at the main menu
 2622              		.loc 1 633 0
 2623 0010 9E4B     		ldr	r3, .L226
 2624 0012 93F90030 		ldrsb	r3, [r3]
 2625 0016 002B     		cmp	r3, #0
 2626 0018 51D1     		bne	.L104
 634:ui.c          ****     {
 635:ui.c          ****         //if we went up or down, switch the menu item
 636:ui.c          ****         if (action == Up)
 2627              		.loc 1 636 0
 2628 001a FB79     		ldrb	r3, [r7, #7]	@ zero_extendqisi2
 2629 001c 032B     		cmp	r3, #3
 2630 001e 15D1     		bne	.L105
 637:ui.c          ****         {
 638:ui.c          ****             menuPosition[0][1]--;
 2631              		.loc 1 638 0
 2632 0020 9A4B     		ldr	r3, .L226
 2633 0022 93F90130 		ldrsb	r3, [r3, #1]
 2634 0026 DBB2     		uxtb	r3, r3
 2635 0028 013B     		subs	r3, r3, #1
 2636 002a DBB2     		uxtb	r3, r3
 2637 002c 5AB2     		sxtb	r2, r3
 2638 002e 974B     		ldr	r3, .L226
 2639 0030 5A70     		strb	r2, [r3, #1]
 639:ui.c          ****             if (menuPosition[0][1] < 0)
 2640              		.loc 1 639 0
 2641 0032 964B     		ldr	r3, .L226
 2642 0034 93F90130 		ldrsb	r3, [r3, #1]
 2643 0038 002B     		cmp	r3, #0
 2644 003a 02DA     		bge	.L106
 640:ui.c          ****             {
 641:ui.c          ****                 menuPosition[0][1] = 0;
 2645              		.loc 1 641 0
 2646 003c 934B     		ldr	r3, .L226
 2647 003e 0022     		movs	r2, #0
 2648 0040 5A70     		strb	r2, [r3, #1]
 2649              	.L106:
ARM GAS  C:\Users\ggg88\AppData\Local\Temp\ccZlRNWc.s 			page 61


 642:ui.c          ****             }
 643:ui.c          ****             whatToDraw = 1;
 2650              		.loc 1 643 0
 2651 0042 0123     		movs	r3, #1
 2652 0044 87F82F30 		strb	r3, [r7, #47]
 2653 0048 01F093B8 		b	.L111
 2654              	.L105:
 644:ui.c          ****         }
 645:ui.c          ****         else if (action == Down)
 2655              		.loc 1 645 0
 2656 004c FB79     		ldrb	r3, [r7, #7]	@ zero_extendqisi2
 2657 004e 022B     		cmp	r3, #2
 2658 0050 1CD1     		bne	.L108
 646:ui.c          ****         {
 647:ui.c          ****             menuPosition[0][1]++;
 2659              		.loc 1 647 0
 2660 0052 8E4B     		ldr	r3, .L226
 2661 0054 93F90130 		ldrsb	r3, [r3, #1]
 2662 0058 DBB2     		uxtb	r3, r3
 2663 005a 0133     		adds	r3, r3, #1
 2664 005c DBB2     		uxtb	r3, r3
 2665 005e 5AB2     		sxtb	r2, r3
 2666 0060 8A4B     		ldr	r3, .L226
 2667 0062 5A70     		strb	r2, [r3, #1]
 648:ui.c          ****             if (menuPosition[0][1] >= numMainMenuItems)
 2668              		.loc 1 648 0
 2669 0064 894B     		ldr	r3, .L226
 2670 0066 93F90130 		ldrsb	r3, [r3, #1]
 2671 006a 1A46     		mov	r2, r3
 2672 006c 884B     		ldr	r3, .L226+4
 2673 006e 1B78     		ldrb	r3, [r3]	@ zero_extendqisi2
 2674 0070 9A42     		cmp	r2, r3
 2675 0072 06DB     		blt	.L109
 649:ui.c          ****             {
 650:ui.c          ****                 menuPosition[0][1] = numMainMenuItems-1;
 2676              		.loc 1 650 0
 2677 0074 864B     		ldr	r3, .L226+4
 2678 0076 1B78     		ldrb	r3, [r3]	@ zero_extendqisi2
 2679 0078 013B     		subs	r3, r3, #1
 2680 007a DBB2     		uxtb	r3, r3
 2681 007c 5AB2     		sxtb	r2, r3
 2682 007e 834B     		ldr	r3, .L226
 2683 0080 5A70     		strb	r2, [r3, #1]
 2684              	.L109:
 651:ui.c          ****             }
 652:ui.c          ****             whatToDraw = 1;
 2685              		.loc 1 652 0
 2686 0082 0123     		movs	r3, #1
 2687 0084 87F82F30 		strb	r3, [r7, #47]
 2688 0088 01F073B8 		b	.L111
 2689              	.L108:
 653:ui.c          ****         }
 654:ui.c          ****         else if ((action == Right) || (action == Enter))
 2690              		.loc 1 654 0
 2691 008c FB79     		ldrb	r3, [r7, #7]	@ zero_extendqisi2
 2692 008e 012B     		cmp	r3, #1
 2693 0090 03D0     		beq	.L110
ARM GAS  C:\Users\ggg88\AppData\Local\Temp\ccZlRNWc.s 			page 62


 2694              		.loc 1 654 0 is_stmt 0 discriminator 1
 2695 0092 FB79     		ldrb	r3, [r7, #7]	@ zero_extendqisi2
 2696 0094 042B     		cmp	r3, #4
 2697 0096 41F06C80 		bne	.L111
 2698              	.L110:
 655:ui.c          ****         {
 656:ui.c          ****             //select this submenu from the main menu
 657:ui.c          ****             menuPosition[0][0] = menuPosition[0][1]+1; //now [0][0] = 1 means presetStore [0][0] = 
 2699              		.loc 1 657 0 is_stmt 1
 2700 009a 7C4B     		ldr	r3, .L226
 2701 009c 93F90130 		ldrsb	r3, [r3, #1]
 2702 00a0 DBB2     		uxtb	r3, r3
 2703 00a2 0133     		adds	r3, r3, #1
 2704 00a4 DBB2     		uxtb	r3, r3
 2705 00a6 5AB2     		sxtb	r2, r3
 2706 00a8 784B     		ldr	r3, .L226
 2707 00aa 1A70     		strb	r2, [r3]
 658:ui.c          ****             whatToDraw = menuPosition[0][0]+1;
 2708              		.loc 1 658 0
 2709 00ac 774B     		ldr	r3, .L226
 2710 00ae 93F90030 		ldrsb	r3, [r3]
 2711 00b2 DBB2     		uxtb	r3, r3
 2712 00b4 0133     		adds	r3, r3, #1
 2713 00b6 87F82F30 		strb	r3, [r7, #47]
 2714 00ba 01F05AB8 		b	.L111
 2715              	.L104:
 659:ui.c          ****         }
 660:ui.c          ****         //ignore left button
 661:ui.c          ****     }
 662:ui.c          ****     else if (menuPosition[0][0] == CalibrationMenu) //we are at the calibration submenu
 2716              		.loc 1 662 0
 2717 00be 734B     		ldr	r3, .L226
 2718 00c0 93F90030 		ldrsb	r3, [r3]
 2719 00c4 022B     		cmp	r3, #2
 2720 00c6 69D1     		bne	.L112
 663:ui.c          ****     {
 664:ui.c          ****         //if we went up or down, switch the menu item
 665:ui.c          ****         if (action == Up)
 2721              		.loc 1 665 0
 2722 00c8 FB79     		ldrb	r3, [r7, #7]	@ zero_extendqisi2
 2723 00ca 032B     		cmp	r3, #3
 2724 00cc 15D1     		bne	.L113
 666:ui.c          ****         {
 667:ui.c          ****             menuPosition[1][1]--;
 2725              		.loc 1 667 0
 2726 00ce 6F4B     		ldr	r3, .L226
 2727 00d0 93F90330 		ldrsb	r3, [r3, #3]
 2728 00d4 DBB2     		uxtb	r3, r3
 2729 00d6 013B     		subs	r3, r3, #1
 2730 00d8 DBB2     		uxtb	r3, r3
 2731 00da 5AB2     		sxtb	r2, r3
 2732 00dc 6B4B     		ldr	r3, .L226
 2733 00de DA70     		strb	r2, [r3, #3]
 668:ui.c          ****             if (menuPosition[1][1] < 0)
 2734              		.loc 1 668 0
 2735 00e0 6A4B     		ldr	r3, .L226
 2736 00e2 93F90330 		ldrsb	r3, [r3, #3]
ARM GAS  C:\Users\ggg88\AppData\Local\Temp\ccZlRNWc.s 			page 63


 2737 00e6 002B     		cmp	r3, #0
 2738 00e8 02DA     		bge	.L114
 669:ui.c          ****             {
 670:ui.c          ****                 menuPosition[1][1] = 0;
 2739              		.loc 1 670 0
 2740 00ea 684B     		ldr	r3, .L226
 2741 00ec 0022     		movs	r2, #0
 2742 00ee DA70     		strb	r2, [r3, #3]
 2743              	.L114:
 671:ui.c          ****             }
 672:ui.c          ****             whatToDraw = 3;
 2744              		.loc 1 672 0
 2745 00f0 0323     		movs	r3, #3
 2746 00f2 87F82F30 		strb	r3, [r7, #47]
 2747 00f6 01F03CB8 		b	.L111
 2748              	.L113:
 673:ui.c          ****         }
 674:ui.c          ****         else if (action == Down)
 2749              		.loc 1 674 0
 2750 00fa FB79     		ldrb	r3, [r7, #7]	@ zero_extendqisi2
 2751 00fc 022B     		cmp	r3, #2
 2752 00fe 1CD1     		bne	.L116
 675:ui.c          ****         {
 676:ui.c          ****             menuPosition[1][1]++;
 2753              		.loc 1 676 0
 2754 0100 624B     		ldr	r3, .L226
 2755 0102 93F90330 		ldrsb	r3, [r3, #3]
 2756 0106 DBB2     		uxtb	r3, r3
 2757 0108 0133     		adds	r3, r3, #1
 2758 010a DBB2     		uxtb	r3, r3
 2759 010c 5AB2     		sxtb	r2, r3
 2760 010e 5F4B     		ldr	r3, .L226
 2761 0110 DA70     		strb	r2, [r3, #3]
 677:ui.c          ****             if (menuPosition[1][1] >= numCalibrationItems)
 2762              		.loc 1 677 0
 2763 0112 5E4B     		ldr	r3, .L226
 2764 0114 93F90330 		ldrsb	r3, [r3, #3]
 2765 0118 1A46     		mov	r2, r3
 2766 011a 5E4B     		ldr	r3, .L226+8
 2767 011c 1B78     		ldrb	r3, [r3]	@ zero_extendqisi2
 2768 011e 9A42     		cmp	r2, r3
 2769 0120 06DB     		blt	.L117
 678:ui.c          ****             {
 679:ui.c          ****                 menuPosition[1][1] = numCalibrationItems-1;
 2770              		.loc 1 679 0
 2771 0122 5C4B     		ldr	r3, .L226+8
 2772 0124 1B78     		ldrb	r3, [r3]	@ zero_extendqisi2
 2773 0126 013B     		subs	r3, r3, #1
 2774 0128 DBB2     		uxtb	r3, r3
 2775 012a 5AB2     		sxtb	r2, r3
 2776 012c 574B     		ldr	r3, .L226
 2777 012e DA70     		strb	r2, [r3, #3]
 2778              	.L117:
 680:ui.c          ****             }
 681:ui.c          ****             whatToDraw = 3;
 2779              		.loc 1 681 0
 2780 0130 0323     		movs	r3, #3
ARM GAS  C:\Users\ggg88\AppData\Local\Temp\ccZlRNWc.s 			page 64


 2781 0132 87F82F30 		strb	r3, [r7, #47]
 2782 0136 01F01CB8 		b	.L111
 2783              	.L116:
 682:ui.c          ****         }
 683:ui.c          ****         else if ((action == Right) || (action == Enter))
 2784              		.loc 1 683 0
 2785 013a FB79     		ldrb	r3, [r7, #7]	@ zero_extendqisi2
 2786 013c 012B     		cmp	r3, #1
 2787 013e 02D0     		beq	.L118
 2788              		.loc 1 683 0 is_stmt 0 discriminator 1
 2789 0140 FB79     		ldrb	r3, [r7, #7]	@ zero_extendqisi2
 2790 0142 042B     		cmp	r3, #4
 2791 0144 1ED1     		bne	.L119
 2792              	.L118:
 684:ui.c          ****         {
 685:ui.c          ****             if (menuPosition[1][1] == 0)
 2793              		.loc 1 685 0 is_stmt 1
 2794 0146 514B     		ldr	r3, .L226
 2795 0148 93F90330 		ldrsb	r3, [r3, #3]
 2796 014c 002B     		cmp	r3, #0
 2797 014e 09D1     		bne	.L120
 686:ui.c          ****             {
 687:ui.c          ****                 //calibrate levers
 688:ui.c          ****                 menuPosition[0][0] = CalibrateLeversMenu; //means calibrating levers now
 2798              		.loc 1 688 0
 2799 0150 4E4B     		ldr	r3, .L226
 2800 0152 0422     		movs	r2, #4
 2801 0154 1A70     		strb	r2, [r3]
 689:ui.c          ****                 whatToDraw = 0;
 2802              		.loc 1 689 0
 2803 0156 0023     		movs	r3, #0
 2804 0158 87F82F30 		strb	r3, [r7, #47]
 690:ui.c          ****                 enterLeverCalibrationMode();
 2805              		.loc 1 690 0
 2806 015c FFF7FEFF 		bl	enterLeverCalibrationMode
 685:ui.c          ****             {
 2807              		.loc 1 685 0
 2808 0160 01F004B8 		b	.L223
 2809              	.L120:
 691:ui.c          ****             }
 692:ui.c          ****             else if (menuPosition[1][1] == 1)
 2810              		.loc 1 692 0
 2811 0164 494B     		ldr	r3, .L226
 2812 0166 93F90330 		ldrsb	r3, [r3, #3]
 2813 016a 012B     		cmp	r3, #1
 2814 016c 40F0FE87 		bne	.L223
 693:ui.c          ****             {
 694:ui.c          ****                 //calibrate bar slider frets
 695:ui.c          ****                 menuPosition[0][0] = CalibrateFretsMenu; //means calibrating frets now
 2815              		.loc 1 695 0
 2816 0170 464B     		ldr	r3, .L226
 2817 0172 0522     		movs	r2, #5
 2818 0174 1A70     		strb	r2, [r3]
 696:ui.c          ****                 whatToDraw = 0;
 2819              		.loc 1 696 0
 2820 0176 0023     		movs	r3, #0
 2821 0178 87F82F30 		strb	r3, [r7, #47]
ARM GAS  C:\Users\ggg88\AppData\Local\Temp\ccZlRNWc.s 			page 65


 697:ui.c          ****                 enterFretCalibrationMode();
 2822              		.loc 1 697 0
 2823 017c FFF7FEFF 		bl	enterFretCalibrationMode
 685:ui.c          ****             {
 2824              		.loc 1 685 0
 2825 0180 00F0F4BF 		b	.L223
 2826              	.L119:
 698:ui.c          ****             }
 699:ui.c          ****         }
 700:ui.c          ****         else if (action == Left) 
 2827              		.loc 1 700 0
 2828 0184 FB79     		ldrb	r3, [r7, #7]	@ zero_extendqisi2
 2829 0186 002B     		cmp	r3, #0
 2830 0188 40F0F387 		bne	.L111
 701:ui.c          ****         {
 702:ui.c          ****             //go back to main menu
 703:ui.c          ****             menuPosition[0][0] = 0;
 2831              		.loc 1 703 0
 2832 018c 3F4B     		ldr	r3, .L226
 2833 018e 0022     		movs	r2, #0
 2834 0190 1A70     		strb	r2, [r3]
 704:ui.c          ****             whatToDraw = 1;
 2835              		.loc 1 704 0
 2836 0192 0123     		movs	r3, #1
 2837 0194 87F82F30 		strb	r3, [r7, #47]
 2838 0198 00F0EBBF 		b	.L111
 2839              	.L112:
 705:ui.c          ****         }
 706:ui.c          ****     }
 707:ui.c          ****     else if (menuPosition[0][0] == SettingsMenu) //we are at the settings submenu
 2840              		.loc 1 707 0
 2841 019c 3B4B     		ldr	r3, .L226
 2842 019e 93F90030 		ldrsb	r3, [r3]
 2843 01a2 032B     		cmp	r3, #3
 2844 01a4 40F04E83 		bne	.L122
 708:ui.c          ****     {
 709:ui.c          ****         //if we went up or down, switch the menu item
 710:ui.c          ****         if (action == Up)
 2845              		.loc 1 710 0
 2846 01a8 FB79     		ldrb	r3, [r7, #7]	@ zero_extendqisi2
 2847 01aa 032B     		cmp	r3, #3
 2848 01ac 15D1     		bne	.L123
 711:ui.c          ****         {
 712:ui.c          ****             menuPosition[2][1]--;
 2849              		.loc 1 712 0
 2850 01ae 374B     		ldr	r3, .L226
 2851 01b0 93F90530 		ldrsb	r3, [r3, #5]
 2852 01b4 DBB2     		uxtb	r3, r3
 2853 01b6 013B     		subs	r3, r3, #1
 2854 01b8 DBB2     		uxtb	r3, r3
 2855 01ba 5AB2     		sxtb	r2, r3
 2856 01bc 334B     		ldr	r3, .L226
 2857 01be 5A71     		strb	r2, [r3, #5]
 713:ui.c          ****             if (menuPosition[2][1] < 0)
 2858              		.loc 1 713 0
 2859 01c0 324B     		ldr	r3, .L226
 2860 01c2 93F90530 		ldrsb	r3, [r3, #5]
ARM GAS  C:\Users\ggg88\AppData\Local\Temp\ccZlRNWc.s 			page 66


 2861 01c6 002B     		cmp	r3, #0
 2862 01c8 02DA     		bge	.L124
 714:ui.c          ****             {
 715:ui.c          ****                 menuPosition[2][1] = 0;
 2863              		.loc 1 715 0
 2864 01ca 304B     		ldr	r3, .L226
 2865 01cc 0022     		movs	r2, #0
 2866 01ce 5A71     		strb	r2, [r3, #5]
 2867              	.L124:
 716:ui.c          ****             }
 717:ui.c          ****             whatToDraw = 4;
 2868              		.loc 1 717 0
 2869 01d0 0423     		movs	r3, #4
 2870 01d2 87F82F30 		strb	r3, [r7, #47]
 2871 01d6 00F0CCBF 		b	.L111
 2872              	.L123:
 718:ui.c          ****         }
 719:ui.c          ****         else if (action == Down)
 2873              		.loc 1 719 0
 2874 01da FB79     		ldrb	r3, [r7, #7]	@ zero_extendqisi2
 2875 01dc 022B     		cmp	r3, #2
 2876 01de 1CD1     		bne	.L126
 720:ui.c          ****         {
 721:ui.c          ****             menuPosition[2][1]++;
 2877              		.loc 1 721 0
 2878 01e0 2A4B     		ldr	r3, .L226
 2879 01e2 93F90530 		ldrsb	r3, [r3, #5]
 2880 01e6 DBB2     		uxtb	r3, r3
 2881 01e8 0133     		adds	r3, r3, #1
 2882 01ea DBB2     		uxtb	r3, r3
 2883 01ec 5AB2     		sxtb	r2, r3
 2884 01ee 274B     		ldr	r3, .L226
 2885 01f0 5A71     		strb	r2, [r3, #5]
 722:ui.c          ****             if (menuPosition[2][1] >= numSettingsItems)
 2886              		.loc 1 722 0
 2887 01f2 264B     		ldr	r3, .L226
 2888 01f4 93F90530 		ldrsb	r3, [r3, #5]
 2889 01f8 1A46     		mov	r2, r3
 2890 01fa 274B     		ldr	r3, .L226+12
 2891 01fc 1B78     		ldrb	r3, [r3]	@ zero_extendqisi2
 2892 01fe 9A42     		cmp	r2, r3
 2893 0200 06DB     		blt	.L127
 723:ui.c          ****             {
 724:ui.c          ****                 menuPosition[2][1] = numSettingsItems-1;
 2894              		.loc 1 724 0
 2895 0202 254B     		ldr	r3, .L226+12
 2896 0204 1B78     		ldrb	r3, [r3]	@ zero_extendqisi2
 2897 0206 013B     		subs	r3, r3, #1
 2898 0208 DBB2     		uxtb	r3, r3
 2899 020a 5AB2     		sxtb	r2, r3
 2900 020c 1F4B     		ldr	r3, .L226
 2901 020e 5A71     		strb	r2, [r3, #5]
 2902              	.L127:
 725:ui.c          ****             }
 726:ui.c          ****             whatToDraw = 4;
 2903              		.loc 1 726 0
 2904 0210 0423     		movs	r3, #4
ARM GAS  C:\Users\ggg88\AppData\Local\Temp\ccZlRNWc.s 			page 67


 2905 0212 87F82F30 		strb	r3, [r7, #47]
 2906 0216 00F0ACBF 		b	.L111
 2907              	.L126:
 727:ui.c          ****         }
 728:ui.c          ****         else if ((action == Right) || (action == Enter))
 2908              		.loc 1 728 0
 2909 021a FB79     		ldrb	r3, [r7, #7]	@ zero_extendqisi2
 2910 021c 012B     		cmp	r3, #1
 2911 021e 03D0     		beq	.L128
 2912              		.loc 1 728 0 is_stmt 0 discriminator 1
 2913 0220 FB79     		ldrb	r3, [r7, #7]	@ zero_extendqisi2
 2914 0222 042B     		cmp	r3, #4
 2915 0224 40F00283 		bne	.L129
 2916              	.L128:
 729:ui.c          ****         {
 730:ui.c          ****             if (menuPosition[2][1] == 0)
 2917              		.loc 1 730 0 is_stmt 1
 2918 0228 184B     		ldr	r3, .L226
 2919 022a 93F90530 		ldrsb	r3, [r3, #5]
 2920 022e 002B     		cmp	r3, #0
 2921 0230 3ED1     		bne	.L130
 731:ui.c          ****             {
 732:ui.c          ****                 //transpose
 733:ui.c          ****                 menuPosition[0][0] = TransposeMenu;
 2922              		.loc 1 733 0
 2923 0232 164B     		ldr	r3, .L226
 2924 0234 0622     		movs	r2, #6
 2925 0236 1A70     		strb	r2, [r3]
 734:ui.c          ****                 Decoder_1_Start();
 2926              		.loc 1 734 0
 2927 0238 FFF7FEFF 		bl	Decoder_1_Start
 735:ui.c          ****                 whatToDraw = 0;
 2928              		.loc 1 735 0
 2929 023c 0023     		movs	r3, #0
 2930 023e 87F82F30 		strb	r3, [r7, #47]
 736:ui.c          ****                 encoderWatch = 1;
 2931              		.loc 1 736 0
 2932 0242 164B     		ldr	r3, .L226+16
 2933 0244 0122     		movs	r2, #1
 2934 0246 1A70     		strb	r2, [r3]
 737:ui.c          ****                 OLEDclear(128, 64);
 2935              		.loc 1 737 0
 2936 0248 4021     		movs	r1, #64
 2937 024a 8020     		movs	r0, #128
 2938 024c FFF7FEFF 		bl	OLEDclear
 738:ui.c          ****                 myGFX_setFont(2);
 2939              		.loc 1 738 0
 2940 0250 0220     		movs	r0, #2
 2941 0252 FFF7FEFF 		bl	myGFX_setFont
 739:ui.c          ****                 OLEDtextColor(1, 0);
 2942              		.loc 1 739 0
 2943 0256 0021     		movs	r1, #0
 2944 0258 0120     		movs	r0, #1
 2945 025a FFF7FEFF 		bl	OLEDtextColor
 740:ui.c          ****                 OLEDwriteString("VALUE KNOB SETS", 15, 0, FirstLine);
 2946              		.loc 1 740 0
 2947 025e 0023     		movs	r3, #0
ARM GAS  C:\Users\ggg88\AppData\Local\Temp\ccZlRNWc.s 			page 68


 2948 0260 0022     		movs	r2, #0
 2949 0262 0F21     		movs	r1, #15
 2950 0264 0E48     		ldr	r0, .L226+20
 2951 0266 FFF7FEFF 		bl	OLEDwriteString
 741:ui.c          ****                 OLEDwriteString("TRANSPOSITION  ", 15, 0, SecondLine);
 2952              		.loc 1 741 0
 2953 026a 0123     		movs	r3, #1
 2954 026c 0022     		movs	r2, #0
 2955 026e 0F21     		movs	r1, #15
 2956 0270 0C48     		ldr	r0, .L226+24
 2957 0272 FFF7FEFF 		bl	OLEDwriteString
 742:ui.c          ****                 prevEncoderVal = 127;
 2958              		.loc 1 742 0
 2959 0276 0C4B     		ldr	r3, .L226+28
 2960 0278 7F22     		movs	r2, #127
 2961 027a 1A70     		strb	r2, [r3]
 743:ui.c          ****                 Decoder_1_SetPosition(0);
 2962              		.loc 1 743 0
 2963 027c 0020     		movs	r0, #0
 2964 027e FFF7FEFF 		bl	Decoder_1_SetPosition
 744:ui.c          ****                 mainOLEDWaitingToSend = 1;
 2965              		.loc 1 744 0
 2966 0282 0A4B     		ldr	r3, .L226+32
 2967 0284 0122     		movs	r2, #1
 2968 0286 1A70     		strb	r2, [r3]
 730:ui.c          ****             {
 2969              		.loc 1 730 0
 2970 0288 00F072BF 		b	.L224
 2971              	.L227:
 2972              		.align	2
 2973              	.L226:
 2974 028c 00000000 		.word	menuPosition
 2975 0290 00000000 		.word	numMainMenuItems
 2976 0294 00000000 		.word	numCalibrationItems
 2977 0298 00000000 		.word	numSettingsItems
 2978 029c 00000000 		.word	encoderWatch
 2979 02a0 50010000 		.word	.LC17
 2980 02a4 60010000 		.word	.LC18
 2981 02a8 00000000 		.word	prevEncoderVal
 2982 02ac 00000000 		.word	mainOLEDWaitingToSend
 2983              	.L130:
 745:ui.c          ****             }
 746:ui.c          ****             else if (menuPosition[2][1] == 1)
 2984              		.loc 1 746 0
 2985 02b0 A74B     		ldr	r3, .L228
 2986 02b2 93F90530 		ldrsb	r3, [r3, #5]
 2987 02b6 012B     		cmp	r3, #1
 2988 02b8 46D1     		bne	.L132
 747:ui.c          ****             {
 748:ui.c          ****                 //octave action setting
 749:ui.c          ****                 menuPosition[0][0] = OctaveActionMenu;
 2989              		.loc 1 749 0
 2990 02ba A54B     		ldr	r3, .L228
 2991 02bc 0722     		movs	r2, #7
 2992 02be 1A70     		strb	r2, [r3]
 750:ui.c          ****       
 751:ui.c          ****                 OLEDclear(128, 64);
ARM GAS  C:\Users\ggg88\AppData\Local\Temp\ccZlRNWc.s 			page 69


 2993              		.loc 1 751 0
 2994 02c0 4021     		movs	r1, #64
 2995 02c2 8020     		movs	r0, #128
 2996 02c4 FFF7FEFF 		bl	OLEDclear
 752:ui.c          ****                 myGFX_setFont(2);
 2997              		.loc 1 752 0
 2998 02c8 0220     		movs	r0, #2
 2999 02ca FFF7FEFF 		bl	myGFX_setFont
 753:ui.c          ****                 OLEDtextColor(1, 0);
 3000              		.loc 1 753 0
 3001 02ce 0021     		movs	r1, #0
 3002 02d0 0120     		movs	r0, #1
 3003 02d2 FFF7FEFF 		bl	OLEDtextColor
 754:ui.c          ****                 OLEDwriteString("OCTAVE ACTION  ", 15, 0, FirstLine);
 3004              		.loc 1 754 0
 3005 02d6 0023     		movs	r3, #0
 3006 02d8 0022     		movs	r2, #0
 3007 02da 0F21     		movs	r1, #15
 3008 02dc 9D48     		ldr	r0, .L228+4
 3009 02de FFF7FEFF 		bl	OLEDwriteString
 755:ui.c          ****                
 756:ui.c          ****                 OLEDtextColor(octaveAction, !octaveAction);
 3010              		.loc 1 756 0
 3011 02e2 9D4B     		ldr	r3, .L228+8
 3012 02e4 1B78     		ldrb	r3, [r3]	@ zero_extendqisi2
 3013 02e6 9AB2     		uxth	r2, r3
 3014 02e8 9B4B     		ldr	r3, .L228+8
 3015 02ea 1B78     		ldrb	r3, [r3]	@ zero_extendqisi2
 3016 02ec 002B     		cmp	r3, #0
 3017 02ee 0CBF     		ite	eq
 3018 02f0 0123     		moveq	r3, #1
 3019 02f2 0023     		movne	r3, #0
 3020 02f4 DBB2     		uxtb	r3, r3
 3021 02f6 9BB2     		uxth	r3, r3
 3022 02f8 1946     		mov	r1, r3
 3023 02fa 1046     		mov	r0, r2
 3024 02fc FFF7FEFF 		bl	OLEDtextColor
 757:ui.c          ****                 OLEDwriteString("ON NEXT NOTE   ", 15, 0, SecondLine);
 3025              		.loc 1 757 0
 3026 0300 0123     		movs	r3, #1
 3027 0302 0022     		movs	r2, #0
 3028 0304 0F21     		movs	r1, #15
 3029 0306 9548     		ldr	r0, .L228+12
 3030 0308 FFF7FEFF 		bl	OLEDwriteString
 758:ui.c          ****                 OLEDtextColor(!octaveAction, octaveAction);
 3031              		.loc 1 758 0
 3032 030c 924B     		ldr	r3, .L228+8
 3033 030e 1B78     		ldrb	r3, [r3]	@ zero_extendqisi2
 3034 0310 002B     		cmp	r3, #0
 3035 0312 0CBF     		ite	eq
 3036 0314 0123     		moveq	r3, #1
 3037 0316 0023     		movne	r3, #0
 3038 0318 DBB2     		uxtb	r3, r3
 3039 031a 9AB2     		uxth	r2, r3
 3040 031c 8E4B     		ldr	r3, .L228+8
 3041 031e 1B78     		ldrb	r3, [r3]	@ zero_extendqisi2
 3042 0320 9BB2     		uxth	r3, r3
ARM GAS  C:\Users\ggg88\AppData\Local\Temp\ccZlRNWc.s 			page 70


 3043 0322 1946     		mov	r1, r3
 3044 0324 1046     		mov	r0, r2
 3045 0326 FFF7FEFF 		bl	OLEDtextColor
 759:ui.c          ****                 OLEDwriteString("IMMEDIATE      ", 15, 0, ThirdLine);
 3046              		.loc 1 759 0
 3047 032a 0223     		movs	r3, #2
 3048 032c 0022     		movs	r2, #0
 3049 032e 0F21     		movs	r1, #15
 3050 0330 8B48     		ldr	r0, .L228+16
 3051 0332 FFF7FEFF 		bl	OLEDwriteString
 760:ui.c          ****                 OLEDtextColor(1, 0);
 3052              		.loc 1 760 0
 3053 0336 0021     		movs	r1, #0
 3054 0338 0120     		movs	r0, #1
 3055 033a FFF7FEFF 		bl	OLEDtextColor
 761:ui.c          ****                 mainOLEDWaitingToSend = 1;
 3056              		.loc 1 761 0
 3057 033e 894B     		ldr	r3, .L228+20
 3058 0340 0122     		movs	r2, #1
 3059 0342 1A70     		strb	r2, [r3]
 730:ui.c          ****             {
 3060              		.loc 1 730 0
 3061 0344 00F014BF 		b	.L224
 3062              	.L132:
 762:ui.c          ****             }
 763:ui.c          ****             else if (menuPosition[2][1] == 2)
 3063              		.loc 1 763 0
 3064 0348 814B     		ldr	r3, .L228
 3065 034a 93F90530 		ldrsb	r3, [r3, #5]
 3066 034e 022B     		cmp	r3, #2
 3067 0350 2CD1     		bne	.L133
 764:ui.c          ****             {
 765:ui.c          ****                 //dead zone setting
 766:ui.c          ****                 menuPosition[0][0] = DeadzonesMenu;
 3068              		.loc 1 766 0
 3069 0352 7F4B     		ldr	r3, .L228
 3070 0354 0822     		movs	r2, #8
 3071 0356 1A70     		strb	r2, [r3]
 767:ui.c          ****                 Decoder_1_Start();
 3072              		.loc 1 767 0
 3073 0358 FFF7FEFF 		bl	Decoder_1_Start
 768:ui.c          ****                 whatToDraw = 0;
 3074              		.loc 1 768 0
 3075 035c 0023     		movs	r3, #0
 3076 035e 87F82F30 		strb	r3, [r7, #47]
 769:ui.c          ****                 encoderWatch = 1;
 3077              		.loc 1 769 0
 3078 0362 814B     		ldr	r3, .L228+24
 3079 0364 0122     		movs	r2, #1
 3080 0366 1A70     		strb	r2, [r3]
 770:ui.c          ****                 OLEDclear(128, 64);
 3081              		.loc 1 770 0
 3082 0368 4021     		movs	r1, #64
 3083 036a 8020     		movs	r0, #128
 3084 036c FFF7FEFF 		bl	OLEDclear
 771:ui.c          ****                 myGFX_setFont(2);
 3085              		.loc 1 771 0
ARM GAS  C:\Users\ggg88\AppData\Local\Temp\ccZlRNWc.s 			page 71


 3086 0370 0220     		movs	r0, #2
 3087 0372 FFF7FEFF 		bl	myGFX_setFont
 772:ui.c          ****                 OLEDtextColor(1, 0);
 3088              		.loc 1 772 0
 3089 0376 0021     		movs	r1, #0
 3090 0378 0120     		movs	r0, #1
 3091 037a FFF7FEFF 		bl	OLEDtextColor
 773:ui.c          ****                 OLEDwriteString("VALUE KNOB SETS", 15, 0, FirstLine);
 3092              		.loc 1 773 0
 3093 037e 0023     		movs	r3, #0
 3094 0380 0022     		movs	r2, #0
 3095 0382 0F21     		movs	r1, #15
 3096 0384 7948     		ldr	r0, .L228+28
 3097 0386 FFF7FEFF 		bl	OLEDwriteString
 774:ui.c          ****                 OLEDwriteString("LEVER DEADZONES", 15, 0, SecondLine);
 3098              		.loc 1 774 0
 3099 038a 0123     		movs	r3, #1
 3100 038c 0022     		movs	r2, #0
 3101 038e 0F21     		movs	r1, #15
 3102 0390 7748     		ldr	r0, .L228+32
 3103 0392 FFF7FEFF 		bl	OLEDwriteString
 775:ui.c          ****                 prevEncoderVal = 127;
 3104              		.loc 1 775 0
 3105 0396 774B     		ldr	r3, .L228+36
 3106 0398 7F22     		movs	r2, #127
 3107 039a 1A70     		strb	r2, [r3]
 776:ui.c          ****                 Decoder_1_SetPosition(0);
 3108              		.loc 1 776 0
 3109 039c 0020     		movs	r0, #0
 3110 039e FFF7FEFF 		bl	Decoder_1_SetPosition
 777:ui.c          ****                 mainOLEDWaitingToSend = 1;
 3111              		.loc 1 777 0
 3112 03a2 704B     		ldr	r3, .L228+20
 3113 03a4 0122     		movs	r2, #1
 3114 03a6 1A70     		strb	r2, [r3]
 730:ui.c          ****             {
 3115              		.loc 1 730 0
 3116 03a8 00F0E2BE 		b	.L224
 3117              	.L133:
 778:ui.c          ****             }
 779:ui.c          ****             else if (menuPosition[2][1] == 3)
 3118              		.loc 1 779 0
 3119 03ac 684B     		ldr	r3, .L228
 3120 03ae 93F90530 		ldrsb	r3, [r3, #5]
 3121 03b2 032B     		cmp	r3, #3
 3122 03b4 35D1     		bne	.L134
 780:ui.c          ****             {
 781:ui.c          ****                 //dead zone setting
 782:ui.c          ****                 menuPosition[0][0] = SliderRepMenu;
 3123              		.loc 1 782 0
 3124 03b6 664B     		ldr	r3, .L228
 3125 03b8 0922     		movs	r2, #9
 3126 03ba 1A70     		strb	r2, [r3]
 783:ui.c          ****                 Decoder_1_Start();
 3127              		.loc 1 783 0
 3128 03bc FFF7FEFF 		bl	Decoder_1_Start
 784:ui.c          ****                 whatToDraw = 0;
ARM GAS  C:\Users\ggg88\AppData\Local\Temp\ccZlRNWc.s 			page 72


 3129              		.loc 1 784 0
 3130 03c0 0023     		movs	r3, #0
 3131 03c2 87F82F30 		strb	r3, [r7, #47]
 785:ui.c          ****                 encoderWatch = 1;
 3132              		.loc 1 785 0
 3133 03c6 684B     		ldr	r3, .L228+24
 3134 03c8 0122     		movs	r2, #1
 3135 03ca 1A70     		strb	r2, [r3]
 786:ui.c          ****                 OLEDclear(128, 64);
 3136              		.loc 1 786 0
 3137 03cc 4021     		movs	r1, #64
 3138 03ce 8020     		movs	r0, #128
 3139 03d0 FFF7FEFF 		bl	OLEDclear
 787:ui.c          ****                 myGFX_setFont(2);
 3140              		.loc 1 787 0
 3141 03d4 0220     		movs	r0, #2
 3142 03d6 FFF7FEFF 		bl	myGFX_setFont
 788:ui.c          ****                 OLEDtextColor(1, 0);
 3143              		.loc 1 788 0
 3144 03da 0021     		movs	r1, #0
 3145 03dc 0120     		movs	r0, #1
 3146 03de FFF7FEFF 		bl	OLEDtextColor
 789:ui.c          ****                 OLEDwriteString("SET WHICH      ", 15, 0, FirstLine);
 3147              		.loc 1 789 0
 3148 03e2 0023     		movs	r3, #0
 3149 03e4 0022     		movs	r2, #0
 3150 03e6 0F21     		movs	r1, #15
 3151 03e8 6348     		ldr	r0, .L228+40
 3152 03ea FFF7FEFF 		bl	OLEDwriteString
 790:ui.c          ****                 OLEDwriteString("STRINGS SLIDERS", 15, 0, SecondLine);
 3153              		.loc 1 790 0
 3154 03ee 0123     		movs	r3, #1
 3155 03f0 0022     		movs	r2, #0
 3156 03f2 0F21     		movs	r1, #15
 3157 03f4 6148     		ldr	r0, .L228+44
 3158 03f6 FFF7FEFF 		bl	OLEDwriteString
 791:ui.c          ****                 OLEDwriteString("REPRESENT(1-10)", 15, 0, ThirdLine);
 3159              		.loc 1 791 0
 3160 03fa 0223     		movs	r3, #2
 3161 03fc 0022     		movs	r2, #0
 3162 03fe 0F21     		movs	r1, #15
 3163 0400 5F48     		ldr	r0, .L228+48
 3164 0402 FFF7FEFF 		bl	OLEDwriteString
 792:ui.c          ****                 prevEncoderVal = 127;
 3165              		.loc 1 792 0
 3166 0406 5B4B     		ldr	r3, .L228+36
 3167 0408 7F22     		movs	r2, #127
 3168 040a 1A70     		strb	r2, [r3]
 793:ui.c          ****                 Decoder_1_SetPosition(0);
 3169              		.loc 1 793 0
 3170 040c 0020     		movs	r0, #0
 3171 040e FFF7FEFF 		bl	Decoder_1_SetPosition
 794:ui.c          ****                 mainOLEDWaitingToSend = 1;
 3172              		.loc 1 794 0
 3173 0412 544B     		ldr	r3, .L228+20
 3174 0414 0122     		movs	r2, #1
 3175 0416 1A70     		strb	r2, [r3]
ARM GAS  C:\Users\ggg88\AppData\Local\Temp\ccZlRNWc.s 			page 73


 795:ui.c          ****                 editingSliderRepString = 0;
 3176              		.loc 1 795 0
 3177 0418 5A4B     		ldr	r3, .L228+52
 3178 041a 0022     		movs	r2, #0
 3179 041c 1A70     		strb	r2, [r3]
 730:ui.c          ****             {
 3180              		.loc 1 730 0
 3181 041e 00F0A7BE 		b	.L224
 3182              	.L134:
 796:ui.c          ****             }
 797:ui.c          ****             else if (menuPosition[2][1] == 4)
 3183              		.loc 1 797 0
 3184 0422 4B4B     		ldr	r3, .L228
 3185 0424 93F90530 		ldrsb	r3, [r3, #5]
 3186 0428 042B     		cmp	r3, #4
 3187 042a 45D1     		bne	.L135
 798:ui.c          ****             {
 799:ui.c          ****                 //dead zone setting
 800:ui.c          ****                 menuPosition[0][0] = TraditionalPedalSumMenu;
 3188              		.loc 1 800 0
 3189 042c 484B     		ldr	r3, .L228
 3190 042e 0A22     		movs	r2, #10
 3191 0430 1A70     		strb	r2, [r3]
 801:ui.c          ****                 whatToDraw = 0;
 3192              		.loc 1 801 0
 3193 0432 0023     		movs	r3, #0
 3194 0434 87F82F30 		strb	r3, [r7, #47]
 802:ui.c          ****                 OLEDclear(128, 64);
 3195              		.loc 1 802 0
 3196 0438 4021     		movs	r1, #64
 3197 043a 8020     		movs	r0, #128
 3198 043c FFF7FEFF 		bl	OLEDclear
 803:ui.c          ****                 myGFX_setFont(2);
 3199              		.loc 1 803 0
 3200 0440 0220     		movs	r0, #2
 3201 0442 FFF7FEFF 		bl	myGFX_setFont
 804:ui.c          ****                 OLEDtextColor(1, 0);
 3202              		.loc 1 804 0
 3203 0446 0021     		movs	r1, #0
 3204 0448 0120     		movs	r0, #1
 3205 044a FFF7FEFF 		bl	OLEDtextColor
 805:ui.c          ****                 OLEDwriteString("PEDAL SUM MODE:", 15, 0, FirstLine);
 3206              		.loc 1 805 0
 3207 044e 0023     		movs	r3, #0
 3208 0450 0022     		movs	r2, #0
 3209 0452 0F21     		movs	r1, #15
 3210 0454 4C48     		ldr	r0, .L228+56
 3211 0456 FFF7FEFF 		bl	OLEDwriteString
 806:ui.c          ****                 OLEDtextColor(traditionalPedalAdd, !traditionalPedalAdd);
 3212              		.loc 1 806 0
 3213 045a 4C4B     		ldr	r3, .L228+60
 3214 045c 1B78     		ldrb	r3, [r3]	@ zero_extendqisi2
 3215 045e 9AB2     		uxth	r2, r3
 3216 0460 4A4B     		ldr	r3, .L228+60
 3217 0462 1B78     		ldrb	r3, [r3]	@ zero_extendqisi2
 3218 0464 002B     		cmp	r3, #0
 3219 0466 0CBF     		ite	eq
ARM GAS  C:\Users\ggg88\AppData\Local\Temp\ccZlRNWc.s 			page 74


 3220 0468 0123     		moveq	r3, #1
 3221 046a 0023     		movne	r3, #0
 3222 046c DBB2     		uxtb	r3, r3
 3223 046e 9BB2     		uxth	r3, r3
 3224 0470 1946     		mov	r1, r3
 3225 0472 1046     		mov	r0, r2
 3226 0474 FFF7FEFF 		bl	OLEDtextColor
 807:ui.c          ****                 OLEDwriteString("SIMPLE ADD     ", 15, 0, SecondLine);
 3227              		.loc 1 807 0
 3228 0478 0123     		movs	r3, #1
 3229 047a 0022     		movs	r2, #0
 3230 047c 0F21     		movs	r1, #15
 3231 047e 4448     		ldr	r0, .L228+64
 3232 0480 FFF7FEFF 		bl	OLEDwriteString
 808:ui.c          ****                 OLEDtextColor(!traditionalPedalAdd, traditionalPedalAdd);
 3233              		.loc 1 808 0
 3234 0484 414B     		ldr	r3, .L228+60
 3235 0486 1B78     		ldrb	r3, [r3]	@ zero_extendqisi2
 3236 0488 002B     		cmp	r3, #0
 3237 048a 0CBF     		ite	eq
 3238 048c 0123     		moveq	r3, #1
 3239 048e 0023     		movne	r3, #0
 3240 0490 DBB2     		uxtb	r3, r3
 3241 0492 9AB2     		uxth	r2, r3
 3242 0494 3D4B     		ldr	r3, .L228+60
 3243 0496 1B78     		ldrb	r3, [r3]	@ zero_extendqisi2
 3244 0498 9BB2     		uxth	r3, r3
 3245 049a 1946     		mov	r1, r3
 3246 049c 1046     		mov	r0, r2
 3247 049e FFF7FEFF 		bl	OLEDtextColor
 809:ui.c          ****                 OLEDwriteString("TRADITIONAL    ", 15, 0, ThirdLine);
 3248              		.loc 1 809 0
 3249 04a2 0223     		movs	r3, #2
 3250 04a4 0022     		movs	r2, #0
 3251 04a6 0F21     		movs	r1, #15
 3252 04a8 3A48     		ldr	r0, .L228+68
 3253 04aa FFF7FEFF 		bl	OLEDwriteString
 810:ui.c          ****                 mainOLEDWaitingToSend = 1;
 3254              		.loc 1 810 0
 3255 04ae 2D4B     		ldr	r3, .L228+20
 3256 04b0 0122     		movs	r2, #1
 3257 04b2 1A70     		strb	r2, [r3]
 730:ui.c          ****             {
 3258              		.loc 1 730 0
 3259 04b4 00F05CBE 		b	.L224
 3260              	.L135:
 811:ui.c          ****             }
 812:ui.c          ****             else if (menuPosition[2][1] == 5)
 3261              		.loc 1 812 0
 3262 04b8 254B     		ldr	r3, .L228
 3263 04ba 93F90530 		ldrsb	r3, [r3, #5]
 3264 04be 052B     		cmp	r3, #5
 3265 04c0 40F00B81 		bne	.L136
 3266              	.LBB13:
 813:ui.c          ****             {
 814:ui.c          ****                 //midi send setting
 815:ui.c          ****                 menuPosition[0][0] = MidiSendMenu;
ARM GAS  C:\Users\ggg88\AppData\Local\Temp\ccZlRNWc.s 			page 75


 3267              		.loc 1 815 0
 3268 04c4 224B     		ldr	r3, .L228
 3269 04c6 0B22     		movs	r2, #11
 3270 04c8 1A70     		strb	r2, [r3]
 816:ui.c          ****                 whatToDraw = 0;
 3271              		.loc 1 816 0
 3272 04ca 0023     		movs	r3, #0
 3273 04cc 87F82F30 		strb	r3, [r7, #47]
 817:ui.c          ****                 OLEDclear(128, 64);
 3274              		.loc 1 817 0
 3275 04d0 4021     		movs	r1, #64
 3276 04d2 8020     		movs	r0, #128
 3277 04d4 FFF7FEFF 		bl	OLEDclear
 818:ui.c          ****                 myGFX_setFont(2);
 3278              		.loc 1 818 0
 3279 04d8 0220     		movs	r0, #2
 3280 04da FFF7FEFF 		bl	myGFX_setFont
 819:ui.c          ****                 OLEDtextColor(1, 0);
 3281              		.loc 1 819 0
 3282 04de 0021     		movs	r1, #0
 3283 04e0 0120     		movs	r0, #1
 3284 04e2 FFF7FEFF 		bl	OLEDtextColor
 820:ui.c          ****                 OLEDwriteString("SEND MIDI  ", 11, 0, FirstLine);
 3285              		.loc 1 820 0
 3286 04e6 0023     		movs	r3, #0
 3287 04e8 0022     		movs	r2, #0
 3288 04ea 0B21     		movs	r1, #11
 3289 04ec 2A48     		ldr	r0, .L228+72
 3290 04ee FFF7FEFF 		bl	OLEDwriteString
 821:ui.c          ****                 uint8_t midiselected= (whichMidiSendSelected==0);
 3291              		.loc 1 821 0
 3292 04f2 2A4B     		ldr	r3, .L228+76
 3293 04f4 93F90030 		ldrsb	r3, [r3]
 3294 04f8 002B     		cmp	r3, #0
 3295 04fa 0CBF     		ite	eq
 3296 04fc 0123     		moveq	r3, #1
 3297 04fe 0023     		movne	r3, #0
 3298 0500 DBB2     		uxtb	r3, r3
 3299 0502 FB73     		strb	r3, [r7, #15]
 822:ui.c          ****                 GFXfillRect(&theGFX, 80, 0, 37, 16, midiselected);
 3300              		.loc 1 822 0
 3301 0504 FB7B     		ldrb	r3, [r7, #15]	@ zero_extendqisi2
 3302 0506 9BB2     		uxth	r3, r3
 3303 0508 0193     		str	r3, [sp, #4]
 3304 050a 1023     		movs	r3, #16
 3305 050c 0093     		str	r3, [sp]
 3306 050e 2523     		movs	r3, #37
 3307 0510 0022     		movs	r2, #0
 3308 0512 5021     		movs	r1, #80
 3309 0514 2248     		ldr	r0, .L228+80
 3310 0516 FFF7FEFF 		bl	GFXfillRect
 823:ui.c          ****                 OLEDtextColor(!midiselected,midiselected);
 3311              		.loc 1 823 0
 3312 051a FB7B     		ldrb	r3, [r7, #15]	@ zero_extendqisi2
 3313 051c 002B     		cmp	r3, #0
 3314 051e 0CBF     		ite	eq
 3315 0520 0123     		moveq	r3, #1
ARM GAS  C:\Users\ggg88\AppData\Local\Temp\ccZlRNWc.s 			page 76


 3316 0522 0023     		movne	r3, #0
 3317 0524 DBB2     		uxtb	r3, r3
 3318 0526 9BB2     		uxth	r3, r3
 3319 0528 FA7B     		ldrb	r2, [r7, #15]	@ zero_extendqisi2
 3320 052a 92B2     		uxth	r2, r2
 3321 052c 1146     		mov	r1, r2
 3322 052e 1846     		mov	r0, r3
 3323 0530 FFF7FEFF 		bl	OLEDtextColor
 824:ui.c          ****                 if (midiSendOn)
 3324              		.loc 1 824 0
 3325 0534 1B4B     		ldr	r3, .L228+84
 3326 0536 1B78     		ldrb	r3, [r3]	@ zero_extendqisi2
 3327 0538 002B     		cmp	r3, #0
 3328 053a 35D0     		beq	.L137
 825:ui.c          ****                 {
 826:ui.c          ****                     GFXwrite(&theGFX, 79);
 3329              		.loc 1 826 0
 3330 053c 4F21     		movs	r1, #79
 3331 053e 1848     		ldr	r0, .L228+80
 3332 0540 FFF7FEFF 		bl	GFXwrite
 827:ui.c          ****                     GFXwrite(&theGFX, 78);
 3333              		.loc 1 827 0
 3334 0544 4E21     		movs	r1, #78
 3335 0546 1648     		ldr	r0, .L228+80
 3336 0548 FFF7FEFF 		bl	GFXwrite
 3337 054c 38E0     		b	.L138
 3338              	.L229:
 3339 054e 00BF     		.align	2
 3340              	.L228:
 3341 0550 00000000 		.word	menuPosition
 3342 0554 70010000 		.word	.LC19
 3343 0558 00000000 		.word	octaveAction
 3344 055c 80010000 		.word	.LC20
 3345 0560 90010000 		.word	.LC21
 3346 0564 00000000 		.word	mainOLEDWaitingToSend
 3347 0568 00000000 		.word	encoderWatch
 3348 056c 50010000 		.word	.LC17
 3349 0570 A0010000 		.word	.LC22
 3350 0574 00000000 		.word	prevEncoderVal
 3351 0578 B0010000 		.word	.LC23
 3352 057c C0010000 		.word	.LC24
 3353 0580 D0010000 		.word	.LC25
 3354 0584 00000000 		.word	editingSliderRepString
 3355 0588 E0010000 		.word	.LC26
 3356 058c 00000000 		.word	traditionalPedalAdd
 3357 0590 F0010000 		.word	.LC27
 3358 0594 00020000 		.word	.LC28
 3359 0598 10020000 		.word	.LC29
 3360 059c 00000000 		.word	whichMidiSendSelected
 3361 05a0 00000000 		.word	theGFX
 3362 05a4 00000000 		.word	midiSendOn
 3363              	.L137:
 828:ui.c          ****                 }
 829:ui.c          ****                 else
 830:ui.c          ****                 {
 831:ui.c          ****                     GFXwrite(&theGFX, 79);
 3364              		.loc 1 831 0
ARM GAS  C:\Users\ggg88\AppData\Local\Temp\ccZlRNWc.s 			page 77


 3365 05a8 4F21     		movs	r1, #79
 3366 05aa C248     		ldr	r0, .L230
 3367 05ac FFF7FEFF 		bl	GFXwrite
 832:ui.c          ****                     GFXwrite(&theGFX, 70);
 3368              		.loc 1 832 0
 3369 05b0 4621     		movs	r1, #70
 3370 05b2 C048     		ldr	r0, .L230
 3371 05b4 FFF7FEFF 		bl	GFXwrite
 833:ui.c          ****                     GFXwrite(&theGFX, 70);
 3372              		.loc 1 833 0
 3373 05b8 4621     		movs	r1, #70
 3374 05ba BE48     		ldr	r0, .L230
 3375 05bc FFF7FEFF 		bl	GFXwrite
 3376              	.L138:
 834:ui.c          ****                 }
 835:ui.c          ****                 OLEDtextColor(1, 0);
 3377              		.loc 1 835 0
 3378 05c0 0021     		movs	r1, #0
 3379 05c2 0120     		movs	r0, #1
 3380 05c4 FFF7FEFF 		bl	OLEDtextColor
 836:ui.c          ****                 OLEDwriteString("SEND BAR   ", 11, 0, SecondLine);
 3381              		.loc 1 836 0
 3382 05c8 0123     		movs	r3, #1
 3383 05ca 0022     		movs	r2, #0
 3384 05cc 0B21     		movs	r1, #11
 3385 05ce BA48     		ldr	r0, .L230+4
 3386 05d0 FFF7FEFF 		bl	OLEDwriteString
 837:ui.c          ****                 midiselected= (whichMidiSendSelected==1);
 3387              		.loc 1 837 0
 3388 05d4 B94B     		ldr	r3, .L230+8
 3389 05d6 93F90030 		ldrsb	r3, [r3]
 3390 05da 012B     		cmp	r3, #1
 3391 05dc 0CBF     		ite	eq
 3392 05de 0123     		moveq	r3, #1
 3393 05e0 0023     		movne	r3, #0
 3394 05e2 DBB2     		uxtb	r3, r3
 3395 05e4 FB73     		strb	r3, [r7, #15]
 838:ui.c          ****                 GFXfillRect(&theGFX, 80, 16, 37, 16, midiselected);
 3396              		.loc 1 838 0
 3397 05e6 FB7B     		ldrb	r3, [r7, #15]	@ zero_extendqisi2
 3398 05e8 9BB2     		uxth	r3, r3
 3399 05ea 0193     		str	r3, [sp, #4]
 3400 05ec 1023     		movs	r3, #16
 3401 05ee 0093     		str	r3, [sp]
 3402 05f0 2523     		movs	r3, #37
 3403 05f2 1022     		movs	r2, #16
 3404 05f4 5021     		movs	r1, #80
 3405 05f6 AF48     		ldr	r0, .L230
 3406 05f8 FFF7FEFF 		bl	GFXfillRect
 839:ui.c          ****                 OLEDtextColor(!midiselected,midiselected);
 3407              		.loc 1 839 0
 3408 05fc FB7B     		ldrb	r3, [r7, #15]	@ zero_extendqisi2
 3409 05fe 002B     		cmp	r3, #0
 3410 0600 0CBF     		ite	eq
 3411 0602 0123     		moveq	r3, #1
 3412 0604 0023     		movne	r3, #0
 3413 0606 DBB2     		uxtb	r3, r3
ARM GAS  C:\Users\ggg88\AppData\Local\Temp\ccZlRNWc.s 			page 78


 3414 0608 9BB2     		uxth	r3, r3
 3415 060a FA7B     		ldrb	r2, [r7, #15]	@ zero_extendqisi2
 3416 060c 92B2     		uxth	r2, r2
 3417 060e 1146     		mov	r1, r2
 3418 0610 1846     		mov	r0, r3
 3419 0612 FFF7FEFF 		bl	OLEDtextColor
 840:ui.c          ****                 if (midiBarSendOn)
 3420              		.loc 1 840 0
 3421 0616 AA4B     		ldr	r3, .L230+12
 3422 0618 1B78     		ldrb	r3, [r3]	@ zero_extendqisi2
 3423 061a 002B     		cmp	r3, #0
 3424 061c 08D0     		beq	.L139
 841:ui.c          ****                 {
 842:ui.c          ****                     GFXwrite(&theGFX, 79);
 3425              		.loc 1 842 0
 3426 061e 4F21     		movs	r1, #79
 3427 0620 A448     		ldr	r0, .L230
 3428 0622 FFF7FEFF 		bl	GFXwrite
 843:ui.c          ****                     GFXwrite(&theGFX, 78);
 3429              		.loc 1 843 0
 3430 0626 4E21     		movs	r1, #78
 3431 0628 A248     		ldr	r0, .L230
 3432 062a FFF7FEFF 		bl	GFXwrite
 3433 062e 0BE0     		b	.L140
 3434              	.L139:
 844:ui.c          ****                 }
 845:ui.c          ****                 else
 846:ui.c          ****                 {
 847:ui.c          ****                     GFXwrite(&theGFX, 79);
 3435              		.loc 1 847 0
 3436 0630 4F21     		movs	r1, #79
 3437 0632 A048     		ldr	r0, .L230
 3438 0634 FFF7FEFF 		bl	GFXwrite
 848:ui.c          ****                     GFXwrite(&theGFX, 70);
 3439              		.loc 1 848 0
 3440 0638 4621     		movs	r1, #70
 3441 063a 9E48     		ldr	r0, .L230
 3442 063c FFF7FEFF 		bl	GFXwrite
 849:ui.c          ****                     GFXwrite(&theGFX, 70);
 3443              		.loc 1 849 0
 3444 0640 4621     		movs	r1, #70
 3445 0642 9C48     		ldr	r0, .L230
 3446 0644 FFF7FEFF 		bl	GFXwrite
 3447              	.L140:
 850:ui.c          ****                 }
 851:ui.c          ****                 OLEDtextColor(1, 0);
 3448              		.loc 1 851 0
 3449 0648 0021     		movs	r1, #0
 3450 064a 0120     		movs	r0, #1
 3451 064c FFF7FEFF 		bl	OLEDtextColor
 852:ui.c          ****                 OLEDwriteString("SEND DEBUG ", 11, 0, ThirdLine);
 3452              		.loc 1 852 0
 3453 0650 0223     		movs	r3, #2
 3454 0652 0022     		movs	r2, #0
 3455 0654 0B21     		movs	r1, #11
 3456 0656 9B48     		ldr	r0, .L230+16
 3457 0658 FFF7FEFF 		bl	OLEDwriteString
ARM GAS  C:\Users\ggg88\AppData\Local\Temp\ccZlRNWc.s 			page 79


 853:ui.c          ****                 midiselected= (whichMidiSendSelected==2);
 3458              		.loc 1 853 0
 3459 065c 974B     		ldr	r3, .L230+8
 3460 065e 93F90030 		ldrsb	r3, [r3]
 3461 0662 022B     		cmp	r3, #2
 3462 0664 0CBF     		ite	eq
 3463 0666 0123     		moveq	r3, #1
 3464 0668 0023     		movne	r3, #0
 3465 066a DBB2     		uxtb	r3, r3
 3466 066c FB73     		strb	r3, [r7, #15]
 854:ui.c          ****                 GFXfillRect(&theGFX, 80, 32, 37, 16, midiselected);
 3467              		.loc 1 854 0
 3468 066e FB7B     		ldrb	r3, [r7, #15]	@ zero_extendqisi2
 3469 0670 9BB2     		uxth	r3, r3
 3470 0672 0193     		str	r3, [sp, #4]
 3471 0674 1023     		movs	r3, #16
 3472 0676 0093     		str	r3, [sp]
 3473 0678 2523     		movs	r3, #37
 3474 067a 2022     		movs	r2, #32
 3475 067c 5021     		movs	r1, #80
 3476 067e 8D48     		ldr	r0, .L230
 3477 0680 FFF7FEFF 		bl	GFXfillRect
 855:ui.c          ****                 OLEDtextColor(!midiselected,midiselected);
 3478              		.loc 1 855 0
 3479 0684 FB7B     		ldrb	r3, [r7, #15]	@ zero_extendqisi2
 3480 0686 002B     		cmp	r3, #0
 3481 0688 0CBF     		ite	eq
 3482 068a 0123     		moveq	r3, #1
 3483 068c 0023     		movne	r3, #0
 3484 068e DBB2     		uxtb	r3, r3
 3485 0690 9BB2     		uxth	r3, r3
 3486 0692 FA7B     		ldrb	r2, [r7, #15]	@ zero_extendqisi2
 3487 0694 92B2     		uxth	r2, r2
 3488 0696 1146     		mov	r1, r2
 3489 0698 1846     		mov	r0, r3
 3490 069a FFF7FEFF 		bl	OLEDtextColor
 856:ui.c          ****                 if (midiDebugSendOn)
 3491              		.loc 1 856 0
 3492 069e 8A4B     		ldr	r3, .L230+20
 3493 06a0 1B78     		ldrb	r3, [r3]	@ zero_extendqisi2
 3494 06a2 002B     		cmp	r3, #0
 3495 06a4 08D0     		beq	.L141
 857:ui.c          ****                 {
 858:ui.c          ****                     GFXwrite(&theGFX, 79);
 3496              		.loc 1 858 0
 3497 06a6 4F21     		movs	r1, #79
 3498 06a8 8248     		ldr	r0, .L230
 3499 06aa FFF7FEFF 		bl	GFXwrite
 859:ui.c          ****                     GFXwrite(&theGFX, 78);
 3500              		.loc 1 859 0
 3501 06ae 4E21     		movs	r1, #78
 3502 06b0 8048     		ldr	r0, .L230
 3503 06b2 FFF7FEFF 		bl	GFXwrite
 3504 06b6 0BE0     		b	.L142
 3505              	.L141:
 860:ui.c          ****                 }
 861:ui.c          ****                 else
ARM GAS  C:\Users\ggg88\AppData\Local\Temp\ccZlRNWc.s 			page 80


 862:ui.c          ****                 {
 863:ui.c          ****                     GFXwrite(&theGFX, 79);
 3506              		.loc 1 863 0
 3507 06b8 4F21     		movs	r1, #79
 3508 06ba 7E48     		ldr	r0, .L230
 3509 06bc FFF7FEFF 		bl	GFXwrite
 864:ui.c          ****                     GFXwrite(&theGFX, 70);
 3510              		.loc 1 864 0
 3511 06c0 4621     		movs	r1, #70
 3512 06c2 7C48     		ldr	r0, .L230
 3513 06c4 FFF7FEFF 		bl	GFXwrite
 865:ui.c          ****                     GFXwrite(&theGFX, 70);
 3514              		.loc 1 865 0
 3515 06c8 4621     		movs	r1, #70
 3516 06ca 7A48     		ldr	r0, .L230
 3517 06cc FFF7FEFF 		bl	GFXwrite
 3518              	.L142:
 866:ui.c          ****                 }
 867:ui.c          ****                 mainOLEDWaitingToSend = 1;
 3519              		.loc 1 867 0
 3520 06d0 7E4B     		ldr	r3, .L230+24
 3521 06d2 0122     		movs	r2, #1
 3522 06d4 1A70     		strb	r2, [r3]
 3523              	.LBE13:
 730:ui.c          ****             {
 3524              		.loc 1 730 0
 3525 06d6 00F04BBD 		b	.L224
 3526              	.L136:
 868:ui.c          ****             }
 869:ui.c          ****             else if (menuPosition[2][1] == 6)
 3527              		.loc 1 869 0
 3528 06da 7D4B     		ldr	r3, .L230+28
 3529 06dc 93F90530 		ldrsb	r3, [r3, #5]
 3530 06e0 062B     		cmp	r3, #6
 3531 06e2 72D1     		bne	.L143
 3532              	.LBB14:
 870:ui.c          ****             {
 871:ui.c          ****                 //volume
 872:ui.c          ****                 menuPosition[0][0] = VolumeMenu;
 3533              		.loc 1 872 0
 3534 06e4 7A4B     		ldr	r3, .L230+28
 3535 06e6 0C22     		movs	r2, #12
 3536 06e8 1A70     		strb	r2, [r3]
 873:ui.c          ****                 Decoder_1_Start();
 3537              		.loc 1 873 0
 3538 06ea FFF7FEFF 		bl	Decoder_1_Start
 874:ui.c          ****                 whatToDraw = 0;
 3539              		.loc 1 874 0
 3540 06ee 0023     		movs	r3, #0
 3541 06f0 87F82F30 		strb	r3, [r7, #47]
 875:ui.c          ****                 OLEDclear(128, 64);
 3542              		.loc 1 875 0
 3543 06f4 4021     		movs	r1, #64
 3544 06f6 8020     		movs	r0, #128
 3545 06f8 FFF7FEFF 		bl	OLEDclear
 876:ui.c          ****                 myGFX_setFont(2);
 3546              		.loc 1 876 0
ARM GAS  C:\Users\ggg88\AppData\Local\Temp\ccZlRNWc.s 			page 81


 3547 06fc 0220     		movs	r0, #2
 3548 06fe FFF7FEFF 		bl	myGFX_setFont
 877:ui.c          ****                 OLEDtextColor(1, 0);
 3549              		.loc 1 877 0
 3550 0702 0021     		movs	r1, #0
 3551 0704 0120     		movs	r0, #1
 3552 0706 FFF7FEFF 		bl	OLEDtextColor
 878:ui.c          ****                 OLEDwriteString("VOLUME    ", 10, 0, FirstLine);
 3553              		.loc 1 878 0
 3554 070a 0023     		movs	r3, #0
 3555 070c 0022     		movs	r2, #0
 3556 070e 0A21     		movs	r1, #10
 3557 0710 7048     		ldr	r0, .L230+32
 3558 0712 FFF7FEFF 		bl	OLEDwriteString
 879:ui.c          ****                 OLEDtextColor(1, 0);
 3559              		.loc 1 879 0
 3560 0716 0021     		movs	r1, #0
 3561 0718 0120     		movs	r0, #1
 3562 071a FFF7FEFF 		bl	OLEDtextColor
 880:ui.c          ****                 myGFX_setFont(1);
 3563              		.loc 1 880 0
 3564 071e 0120     		movs	r0, #1
 3565 0720 FFF7FEFF 		bl	myGFX_setFont
 881:ui.c          ****                 GFXsetCursor(&theGFX, 20,53);
 3566              		.loc 1 881 0
 3567 0724 3522     		movs	r2, #53
 3568 0726 1421     		movs	r1, #20
 3569 0728 6248     		ldr	r0, .L230
 3570 072a FFF7FEFF 		bl	GFXsetCursor
 882:ui.c          ****                 GFXwrite(&theGFX, 32);
 3571              		.loc 1 882 0
 3572 072e 2021     		movs	r1, #32
 3573 0730 6048     		ldr	r0, .L230
 3574 0732 FFF7FEFF 		bl	GFXwrite
 883:ui.c          ****                 
 884:ui.c          ****                 int8_t volumeIntTemp = volumeInt;
 3575              		.loc 1 884 0
 3576 0736 684B     		ldr	r3, .L230+36
 3577 0738 1B78     		ldrb	r3, [r3]
 3578 073a BB73     		strb	r3, [r7, #14]
 885:ui.c          ****                 uint8_t currentChar = ((uint8_t)(volumeIntTemp / 100));  
 3579              		.loc 1 885 0
 3580 073c 97F90E30 		ldrsb	r3, [r7, #14]
 3581 0740 664A     		ldr	r2, .L230+40
 3582 0742 82FB0312 		smull	r1, r2, r2, r3
 3583 0746 5211     		asrs	r2, r2, #5
 3584 0748 DB17     		asrs	r3, r3, #31
 3585 074a D31A     		subs	r3, r2, r3
 3586 074c 5BB2     		sxtb	r3, r3
 3587 074e 7B73     		strb	r3, [r7, #13]
 886:ui.c          ****                 volumeIntTemp -= currentChar * 100;
 3588              		.loc 1 886 0
 3589 0750 7B7B     		ldrb	r3, [r7, #13]
 3590 0752 1A46     		mov	r2, r3
 3591 0754 9200     		lsls	r2, r2, #2
 3592 0756 1A44     		add	r2, r2, r3
 3593 0758 D200     		lsls	r2, r2, #3
ARM GAS  C:\Users\ggg88\AppData\Local\Temp\ccZlRNWc.s 			page 82


 3594 075a D31A     		subs	r3, r2, r3
 3595 075c 9B00     		lsls	r3, r3, #2
 3596 075e DAB2     		uxtb	r2, r3
 3597 0760 BB7B     		ldrb	r3, [r7, #14]	@ zero_extendqisi2
 3598 0762 1344     		add	r3, r3, r2
 3599 0764 DBB2     		uxtb	r3, r3
 3600 0766 BB73     		strb	r3, [r7, #14]
 887:ui.c          ****                 GFXwrite(&theGFX, currentChar + 48);
 3601              		.loc 1 887 0
 3602 0768 7B7B     		ldrb	r3, [r7, #13]
 3603 076a 3033     		adds	r3, r3, #48
 3604 076c DBB2     		uxtb	r3, r3
 3605 076e 1946     		mov	r1, r3
 3606 0770 5048     		ldr	r0, .L230
 3607 0772 FFF7FEFF 		bl	GFXwrite
 888:ui.c          ****                 currentChar = ((uint8_t)volumeIntTemp / 10);    
 3608              		.loc 1 888 0
 3609 0776 BB7B     		ldrb	r3, [r7, #14]	@ zero_extendqisi2
 3610 0778 594A     		ldr	r2, .L230+44
 3611 077a A2FB0323 		umull	r2, r3, r2, r3
 3612 077e DB08     		lsrs	r3, r3, #3
 3613 0780 7B73     		strb	r3, [r7, #13]
 889:ui.c          ****                 GFXwrite(&theGFX, currentChar + 48);
 3614              		.loc 1 889 0
 3615 0782 7B7B     		ldrb	r3, [r7, #13]
 3616 0784 3033     		adds	r3, r3, #48
 3617 0786 DBB2     		uxtb	r3, r3
 3618 0788 1946     		mov	r1, r3
 3619 078a 4A48     		ldr	r0, .L230
 3620 078c FFF7FEFF 		bl	GFXwrite
 890:ui.c          ****                 volumeIntTemp -= currentChar * 10;
 3621              		.loc 1 890 0
 3622 0790 7B7B     		ldrb	r3, [r7, #13]
 3623 0792 1A46     		mov	r2, r3
 3624 0794 5201     		lsls	r2, r2, #5
 3625 0796 D21A     		subs	r2, r2, r3
 3626 0798 9200     		lsls	r2, r2, #2
 3627 079a D31A     		subs	r3, r2, r3
 3628 079c 5B00     		lsls	r3, r3, #1
 3629 079e DAB2     		uxtb	r2, r3
 3630 07a0 BB7B     		ldrb	r3, [r7, #14]	@ zero_extendqisi2
 3631 07a2 1344     		add	r3, r3, r2
 3632 07a4 DBB2     		uxtb	r3, r3
 3633 07a6 BB73     		strb	r3, [r7, #14]
 891:ui.c          ****                 currentChar = ((uint8_t)volumeIntTemp);    
 3634              		.loc 1 891 0
 3635 07a8 BB7B     		ldrb	r3, [r7, #14]
 3636 07aa 7B73     		strb	r3, [r7, #13]
 892:ui.c          ****                 GFXwrite(&theGFX, currentChar + 48);
 3637              		.loc 1 892 0
 3638 07ac 7B7B     		ldrb	r3, [r7, #13]
 3639 07ae 3033     		adds	r3, r3, #48
 3640 07b0 DBB2     		uxtb	r3, r3
 3641 07b2 1946     		mov	r1, r3
 3642 07b4 3F48     		ldr	r0, .L230
 3643 07b6 FFF7FEFF 		bl	GFXwrite
 893:ui.c          ****                 mainOLEDWaitingToSend = 1;
ARM GAS  C:\Users\ggg88\AppData\Local\Temp\ccZlRNWc.s 			page 83


 3644              		.loc 1 893 0
 3645 07ba 444B     		ldr	r3, .L230+24
 3646 07bc 0122     		movs	r2, #1
 3647 07be 1A70     		strb	r2, [r3]
 894:ui.c          ****                 encoderWatch = 1;
 3648              		.loc 1 894 0
 3649 07c0 484B     		ldr	r3, .L230+48
 3650 07c2 0122     		movs	r2, #1
 3651 07c4 1A70     		strb	r2, [r3]
 3652              	.LBE14:
 730:ui.c          ****             {
 3653              		.loc 1 730 0
 3654 07c6 00F0D3BC 		b	.L224
 3655              	.L143:
 895:ui.c          ****             }
 896:ui.c          ****             else if (menuPosition[2][1] == 7)
 3656              		.loc 1 896 0
 3657 07ca 414B     		ldr	r3, .L230+28
 3658 07cc 93F90530 		ldrsb	r3, [r3, #5]
 3659 07d0 072B     		cmp	r3, #7
 3660 07d2 40F0CD84 		bne	.L224
 897:ui.c          ****             {
 898:ui.c          ****                 //volume
 899:ui.c          ****                 menuPosition[0][0] = FirmwareUpdateMenu;
 3661              		.loc 1 899 0
 3662 07d6 3E4B     		ldr	r3, .L230+28
 3663 07d8 0D22     		movs	r2, #13
 3664 07da 1A70     		strb	r2, [r3]
 900:ui.c          ****                 whatToDraw = 0;
 3665              		.loc 1 900 0
 3666 07dc 0023     		movs	r3, #0
 3667 07de 87F82F30 		strb	r3, [r7, #47]
 901:ui.c          ****                 OLEDclear(128, 64);
 3668              		.loc 1 901 0
 3669 07e2 4021     		movs	r1, #64
 3670 07e4 8020     		movs	r0, #128
 3671 07e6 FFF7FEFF 		bl	OLEDclear
 902:ui.c          ****                 myGFX_setFont(2);
 3672              		.loc 1 902 0
 3673 07ea 0220     		movs	r0, #2
 3674 07ec FFF7FEFF 		bl	myGFX_setFont
 903:ui.c          ****                 OLEDtextColor(whichFirmwareUpdateSelected, !whichFirmwareUpdateSelected);
 3675              		.loc 1 903 0
 3676 07f0 3D4B     		ldr	r3, .L230+52
 3677 07f2 1B78     		ldrb	r3, [r3]	@ zero_extendqisi2
 3678 07f4 9AB2     		uxth	r2, r3
 3679 07f6 3C4B     		ldr	r3, .L230+52
 3680 07f8 1B78     		ldrb	r3, [r3]	@ zero_extendqisi2
 3681 07fa 002B     		cmp	r3, #0
 3682 07fc 0CBF     		ite	eq
 3683 07fe 0123     		moveq	r3, #1
 3684 0800 0023     		movne	r3, #0
 3685 0802 DBB2     		uxtb	r3, r3
 3686 0804 9BB2     		uxth	r3, r3
 3687 0806 1946     		mov	r1, r3
 3688 0808 1046     		mov	r0, r2
 3689 080a FFF7FEFF 		bl	OLEDtextColor
ARM GAS  C:\Users\ggg88\AppData\Local\Temp\ccZlRNWc.s 			page 84


 904:ui.c          ****                 OLEDwriteString("UPDATE BRAIN", 12, 0, FirstLine);
 3690              		.loc 1 904 0
 3691 080e 0023     		movs	r3, #0
 3692 0810 0022     		movs	r2, #0
 3693 0812 0C21     		movs	r1, #12
 3694 0814 3548     		ldr	r0, .L230+56
 3695 0816 FFF7FEFF 		bl	OLEDwriteString
 905:ui.c          ****                // OLEDtextColor(!whichFirmwareUpdateSelected, whichFirmwareUpdateSelected);
 906:ui.c          ****                 //OLEDwriteString("UPDATE PLUCK", 12, 0, SecondLine);
 907:ui.c          ****                 OLEDtextColor(1, 0);
 3696              		.loc 1 907 0
 3697 081a 0021     		movs	r1, #0
 3698 081c 0120     		movs	r0, #1
 3699 081e FFF7FEFF 		bl	OLEDtextColor
 908:ui.c          ****                 mainOLEDWaitingToSend = 1;
 3700              		.loc 1 908 0
 3701 0822 2A4B     		ldr	r3, .L230+24
 3702 0824 0122     		movs	r2, #1
 3703 0826 1A70     		strb	r2, [r3]
 730:ui.c          ****             {
 3704              		.loc 1 730 0
 3705 0828 00F0A2BC 		b	.L224
 3706              	.L129:
 909:ui.c          ****             }
 910:ui.c          ****         }
 911:ui.c          ****         else if (action == Left) 
 3707              		.loc 1 911 0
 3708 082c FB79     		ldrb	r3, [r7, #7]	@ zero_extendqisi2
 3709 082e 002B     		cmp	r3, #0
 3710 0830 40F09F84 		bne	.L111
 912:ui.c          ****         {
 913:ui.c          ****             //go back to main menu
 914:ui.c          ****             menuPosition[0][0] = MainMenu;
 3711              		.loc 1 914 0
 3712 0834 264B     		ldr	r3, .L230+28
 3713 0836 0022     		movs	r2, #0
 3714 0838 1A70     		strb	r2, [r3]
 915:ui.c          ****             whatToDraw = 1;
 3715              		.loc 1 915 0
 3716 083a 0123     		movs	r3, #1
 3717 083c 87F82F30 		strb	r3, [r7, #47]
 3718 0840 00F097BC 		b	.L111
 3719              	.L122:
 916:ui.c          ****         }
 917:ui.c          ****     }
 918:ui.c          ****     
 919:ui.c          ****     else if (menuPosition[0][0] == CalibrateLeversMenu) //we are in lever calibration
 3720              		.loc 1 919 0
 3721 0844 224B     		ldr	r3, .L230+28
 3722 0846 93F90030 		ldrsb	r3, [r3]
 3723 084a 042B     		cmp	r3, #4
 3724 084c 58D1     		bne	.L144
 920:ui.c          ****     {
 921:ui.c          ****         if ((action == Right) || (action == Enter))
 3725              		.loc 1 921 0
 3726 084e FB79     		ldrb	r3, [r7, #7]	@ zero_extendqisi2
 3727 0850 012B     		cmp	r3, #1
ARM GAS  C:\Users\ggg88\AppData\Local\Temp\ccZlRNWc.s 			page 85


 3728 0852 03D0     		beq	.L145
 3729              		.loc 1 921 0 is_stmt 0 discriminator 1
 3730 0854 FB79     		ldrb	r3, [r7, #7]	@ zero_extendqisi2
 3731 0856 042B     		cmp	r3, #4
 3732 0858 40F08B84 		bne	.L111
 3733              	.L145:
 922:ui.c          ****         {
 923:ui.c          ****             OLEDclear(128, 64);
 3734              		.loc 1 923 0 is_stmt 1
 3735 085c 4021     		movs	r1, #64
 3736 085e 8020     		movs	r0, #128
 3737 0860 FFF7FEFF 		bl	OLEDclear
 924:ui.c          ****             myGFX_setFont(2);
 3738              		.loc 1 924 0
 3739 0864 0220     		movs	r0, #2
 3740 0866 FFF7FEFF 		bl	myGFX_setFont
 925:ui.c          ****             OLEDtextColor(0, 1);
 3741              		.loc 1 925 0
 3742 086a 0121     		movs	r1, #1
 3743 086c 0020     		movs	r0, #0
 3744 086e FFF7FEFF 		bl	OLEDtextColor
 926:ui.c          ****             OLEDwriteString("NOW PUT ALL", 11, 1, FirstLine);
 3745              		.loc 1 926 0
 3746 0872 0023     		movs	r3, #0
 3747 0874 0122     		movs	r2, #1
 3748 0876 0B21     		movs	r1, #11
 3749 0878 1D48     		ldr	r0, .L230+60
 3750 087a FFF7FEFF 		bl	OLEDwriteString
 927:ui.c          ****             OLEDwriteString("PEDALS/LEVERS  ", 15, 1, SecondLine);
 3751              		.loc 1 927 0
 3752 087e 0123     		movs	r3, #1
 3753 0880 0122     		movs	r2, #1
 3754 0882 0F21     		movs	r1, #15
 3755 0884 1B48     		ldr	r0, .L230+64
 3756 0886 FFF7FEFF 		bl	OLEDwriteString
 928:ui.c          ****             OLEDwriteString("IN RESTING STATE", 16, 1, ThirdLine);
 3757              		.loc 1 928 0
 3758 088a 0223     		movs	r3, #2
 3759 088c 0122     		movs	r2, #1
 3760 088e 1021     		movs	r1, #16
 3761 0890 1948     		ldr	r0, .L230+68
 3762 0892 FFF7FEFF 		bl	OLEDwriteString
 929:ui.c          ****             OLEDwriteString("AND PRESS EDIT", 14, 1, FourthLine);
 3763              		.loc 1 929 0
 3764 0896 0323     		movs	r3, #3
 3765 0898 0122     		movs	r2, #1
 3766 089a 0E21     		movs	r1, #14
 3767 089c 1748     		ldr	r0, .L230+72
 3768 089e FFF7FEFF 		bl	OLEDwriteString
 930:ui.c          ****             mainOLEDWaitingToSend = 1;
 3769              		.loc 1 930 0
 3770 08a2 0A4B     		ldr	r3, .L230+24
 3771 08a4 0122     		movs	r2, #1
 3772 08a6 1A70     		strb	r2, [r3]
 931:ui.c          ****             OLEDtextColor(1, 0);
 3773              		.loc 1 931 0
 3774 08a8 0021     		movs	r1, #0
ARM GAS  C:\Users\ggg88\AppData\Local\Temp\ccZlRNWc.s 			page 86


 3775 08aa 0120     		movs	r0, #1
 3776 08ac FFF7FEFF 		bl	OLEDtextColor
 3777 08b0 00F05FBC 		b	.L111
 3778              	.L231:
 3779              		.align	2
 3780              	.L230:
 3781 08b4 00000000 		.word	theGFX
 3782 08b8 1C020000 		.word	.LC30
 3783 08bc 00000000 		.word	whichMidiSendSelected
 3784 08c0 00000000 		.word	midiBarSendOn
 3785 08c4 28020000 		.word	.LC31
 3786 08c8 00000000 		.word	midiDebugSendOn
 3787 08cc 00000000 		.word	mainOLEDWaitingToSend
 3788 08d0 00000000 		.word	menuPosition
 3789 08d4 34020000 		.word	.LC32
 3790 08d8 00000000 		.word	volumeInt
 3791 08dc 1F85EB51 		.word	1374389535
 3792 08e0 CDCCCCCC 		.word	-858993459
 3793 08e4 00000000 		.word	encoderWatch
 3794 08e8 00000000 		.word	whichFirmwareUpdateSelected
 3795 08ec 40020000 		.word	.LC33
 3796 08f0 50020000 		.word	.LC34
 3797 08f4 5C020000 		.word	.LC35
 3798 08f8 6C020000 		.word	.LC36
 3799 08fc 80020000 		.word	.LC37
 3800              	.L144:
 932:ui.c          ****         }
 933:ui.c          ****     }
 934:ui.c          ****     else if (menuPosition[0][0] == CalibrateFretsMenu) //we are in fret calibration
 3801              		.loc 1 934 0
 3802 0900 AA4B     		ldr	r3, .L232
 3803 0902 93F90030 		ldrsb	r3, [r3]
 3804 0906 052B     		cmp	r3, #5
 3805 0908 40F09680 		bne	.L147
 935:ui.c          ****     {
 936:ui.c          ****         //when user presses -> button, then store the current fret and increment which fret to stor
 937:ui.c          ****         if ((action == Right) || (action == Enter))
 3806              		.loc 1 937 0
 3807 090c FB79     		ldrb	r3, [r7, #7]	@ zero_extendqisi2
 3808 090e 012B     		cmp	r3, #1
 3809 0910 03D0     		beq	.L148
 3810              		.loc 1 937 0 is_stmt 0 discriminator 1
 3811 0912 FB79     		ldrb	r3, [r7, #7]	@ zero_extendqisi2
 3812 0914 042B     		cmp	r3, #4
 3813 0916 40F02C84 		bne	.L111
 3814              	.L148:
 938:ui.c          ****         {
 939:ui.c          ****             if (fretCalibrationMode > 1)
 3815              		.loc 1 939 0 is_stmt 1
 3816 091a A54B     		ldr	r3, .L232+4
 3817 091c 1B78     		ldrb	r3, [r3]	@ zero_extendqisi2
 3818 091e 012B     		cmp	r3, #1
 3819 0920 2CD9     		bls	.L150
 3820              	.LBB15:
 940:ui.c          ****             {
 941:ui.c          ****                 for (int i = 0; i < NUM_SLIDERS; i++)
 3821              		.loc 1 941 0
ARM GAS  C:\Users\ggg88\AppData\Local\Temp\ccZlRNWc.s 			page 87


 3822 0922 0023     		movs	r3, #0
 3823 0924 BB62     		str	r3, [r7, #40]
 3824 0926 23E0     		b	.L151
 3825              	.L152:
 942:ui.c          ****                 {
 943:ui.c          ****                     sensorOff[i] = uartInput[i+9];
 3826              		.loc 1 943 0 discriminator 3
 3827 0928 BB6A     		ldr	r3, [r7, #40]
 3828 092a 0933     		adds	r3, r3, #9
 3829 092c A14A     		ldr	r2, .L232+8
 3830 092e 32F81310 		ldrh	r1, [r2, r3, lsl #1]
 3831 0932 A14A     		ldr	r2, .L232+12
 3832 0934 BB6A     		ldr	r3, [r7, #40]
 3833 0936 22F81310 		strh	r1, [r2, r3, lsl #1]	@ movhi
 944:ui.c          ****                     
 945:ui.c          ****                     sensorOffThreshold[i] = ((sensorOff[i] - sensorOnMax[i]) / 2) + sensorOnMax[i];
 3834              		.loc 1 945 0 discriminator 3
 3835 093a 9F4A     		ldr	r2, .L232+12
 3836 093c BB6A     		ldr	r3, [r7, #40]
 3837 093e 32F81330 		ldrh	r3, [r2, r3, lsl #1]
 3838 0942 1946     		mov	r1, r3
 3839 0944 9D4A     		ldr	r2, .L232+16
 3840 0946 BB6A     		ldr	r3, [r7, #40]
 3841 0948 32F81330 		ldrh	r3, [r2, r3, lsl #1]
 3842 094c CB1A     		subs	r3, r1, r3
 3843 094e DA0F     		lsrs	r2, r3, #31
 3844 0950 1344     		add	r3, r3, r2
 3845 0952 5B10     		asrs	r3, r3, #1
 3846 0954 9AB2     		uxth	r2, r3
 3847 0956 9949     		ldr	r1, .L232+16
 3848 0958 BB6A     		ldr	r3, [r7, #40]
 3849 095a 31F81330 		ldrh	r3, [r1, r3, lsl #1]
 3850 095e 1344     		add	r3, r3, r2
 3851 0960 99B2     		uxth	r1, r3
 3852 0962 974A     		ldr	r2, .L232+20
 3853 0964 BB6A     		ldr	r3, [r7, #40]
 3854 0966 22F81310 		strh	r1, [r2, r3, lsl #1]	@ movhi
 941:ui.c          ****                 {
 3855              		.loc 1 941 0 discriminator 3
 3856 096a BB6A     		ldr	r3, [r7, #40]
 3857 096c 0133     		adds	r3, r3, #1
 3858 096e BB62     		str	r3, [r7, #40]
 3859              	.L151:
 941:ui.c          ****                 {
 3860              		.loc 1 941 0 is_stmt 0 discriminator 1
 3861 0970 BB6A     		ldr	r3, [r7, #40]
 3862 0972 082B     		cmp	r3, #8
 3863 0974 D8DD     		ble	.L152
 3864              	.LBE15:
 946:ui.c          ****                 }
 947:ui.c          ****                 
 948:ui.c          ****                 
 949:ui.c          ****                 exitFretCalibrationMode();
 3865              		.loc 1 949 0 is_stmt 1
 3866 0976 FFF7FEFF 		bl	exitFretCalibrationMode
 3867 097a FAE3     		b	.L111
 3868              	.L150:
ARM GAS  C:\Users\ggg88\AppData\Local\Temp\ccZlRNWc.s 			page 88


 3869              	.LBB16:
 950:ui.c          ****             }
 951:ui.c          ****             else
 952:ui.c          ****             {
 953:ui.c          ****                 for (int i = 0; i < NUM_SLIDERS; i++)
 3870              		.loc 1 953 0
 3871 097c 0023     		movs	r3, #0
 3872 097e 7B62     		str	r3, [r7, #36]
 3873 0980 3BE0     		b	.L153
 3874              	.L156:
 954:ui.c          ****                 {
 955:ui.c          ****                     fretMeasurements[i][fretToCalibrate] = uartInput[i];
 3875              		.loc 1 955 0
 3876 0982 904B     		ldr	r3, .L232+24
 3877 0984 1B78     		ldrb	r3, [r3]	@ zero_extendqisi2
 3878 0986 1C46     		mov	r4, r3
 3879 0988 8A4A     		ldr	r2, .L232+8
 3880 098a 7B6A     		ldr	r3, [r7, #36]
 3881 098c 32F81300 		ldrh	r0, [r2, r3, lsl #1]
 3882 0990 8D49     		ldr	r1, .L232+28
 3883 0992 7A6A     		ldr	r2, [r7, #36]
 3884 0994 1346     		mov	r3, r2
 3885 0996 5B00     		lsls	r3, r3, #1
 3886 0998 1344     		add	r3, r3, r2
 3887 099a 9B00     		lsls	r3, r3, #2
 3888 099c 2344     		add	r3, r3, r4
 3889 099e 0246     		mov	r2, r0	@ movhi
 3890 09a0 21F81320 		strh	r2, [r1, r3, lsl #1]	@ movhi
 956:ui.c          ****                     
 957:ui.c          ****                     if (uartInput[i+9] > sensorOnMax[i])
 3891              		.loc 1 957 0
 3892 09a4 7B6A     		ldr	r3, [r7, #36]
 3893 09a6 0933     		adds	r3, r3, #9
 3894 09a8 824A     		ldr	r2, .L232+8
 3895 09aa 32F81320 		ldrh	r2, [r2, r3, lsl #1]
 3896 09ae 8349     		ldr	r1, .L232+16
 3897 09b0 7B6A     		ldr	r3, [r7, #36]
 3898 09b2 31F81330 		ldrh	r3, [r1, r3, lsl #1]
 3899 09b6 9A42     		cmp	r2, r3
 3900 09b8 08D9     		bls	.L154
 958:ui.c          ****                     {
 959:ui.c          ****                         sensorOnMax[i] = uartInput[i+9];
 3901              		.loc 1 959 0
 3902 09ba 7B6A     		ldr	r3, [r7, #36]
 3903 09bc 0933     		adds	r3, r3, #9
 3904 09be 7D4A     		ldr	r2, .L232+8
 3905 09c0 32F81310 		ldrh	r1, [r2, r3, lsl #1]
 3906 09c4 7D4A     		ldr	r2, .L232+16
 3907 09c6 7B6A     		ldr	r3, [r7, #36]
 3908 09c8 22F81310 		strh	r1, [r2, r3, lsl #1]	@ movhi
 3909              	.L154:
 960:ui.c          ****                     }
 961:ui.c          ****                     if (uartInput[i+9] < sensorOnMin[i])
 3910              		.loc 1 961 0
 3911 09cc 7B6A     		ldr	r3, [r7, #36]
 3912 09ce 0933     		adds	r3, r3, #9
 3913 09d0 784A     		ldr	r2, .L232+8
ARM GAS  C:\Users\ggg88\AppData\Local\Temp\ccZlRNWc.s 			page 89


 3914 09d2 32F81320 		ldrh	r2, [r2, r3, lsl #1]
 3915 09d6 7D49     		ldr	r1, .L232+32
 3916 09d8 7B6A     		ldr	r3, [r7, #36]
 3917 09da 31F81330 		ldrh	r3, [r1, r3, lsl #1]
 3918 09de 9A42     		cmp	r2, r3
 3919 09e0 08D2     		bcs	.L155
 962:ui.c          ****                     {
 963:ui.c          ****                         sensorOnMin[i] = uartInput[i+9];
 3920              		.loc 1 963 0
 3921 09e2 7B6A     		ldr	r3, [r7, #36]
 3922 09e4 0933     		adds	r3, r3, #9
 3923 09e6 734A     		ldr	r2, .L232+8
 3924 09e8 32F81310 		ldrh	r1, [r2, r3, lsl #1]
 3925 09ec 774A     		ldr	r2, .L232+32
 3926 09ee 7B6A     		ldr	r3, [r7, #36]
 3927 09f0 22F81310 		strh	r1, [r2, r3, lsl #1]	@ movhi
 3928              	.L155:
 953:ui.c          ****                 {
 3929              		.loc 1 953 0 discriminator 2
 3930 09f4 7B6A     		ldr	r3, [r7, #36]
 3931 09f6 0133     		adds	r3, r3, #1
 3932 09f8 7B62     		str	r3, [r7, #36]
 3933              	.L153:
 953:ui.c          ****                 {
 3934              		.loc 1 953 0 is_stmt 0 discriminator 1
 3935 09fa 7B6A     		ldr	r3, [r7, #36]
 3936 09fc 082B     		cmp	r3, #8
 3937 09fe C0DD     		ble	.L156
 3938              	.LBE16:
 964:ui.c          ****                     }
 965:ui.c          ****                     
 966:ui.c          ****                 }
 967:ui.c          ****                 fretToCalibrate++;
 3939              		.loc 1 967 0 is_stmt 1
 3940 0a00 704B     		ldr	r3, .L232+24
 3941 0a02 1B78     		ldrb	r3, [r3]	@ zero_extendqisi2
 3942 0a04 0133     		adds	r3, r3, #1
 3943 0a06 DAB2     		uxtb	r2, r3
 3944 0a08 6E4B     		ldr	r3, .L232+24
 3945 0a0a 1A70     		strb	r2, [r3]
 968:ui.c          ****                 //TODO: add mode to test without bar values
 969:ui.c          ****                 if (fretToCalibrate == NUM_FRET_MEASUREMENTS)
 3946              		.loc 1 969 0
 3947 0a0c 6D4B     		ldr	r3, .L232+24
 3948 0a0e 1B78     		ldrb	r3, [r3]	@ zero_extendqisi2
 3949 0a10 0C2B     		cmp	r3, #12
 3950 0a12 02D1     		bne	.L157
 970:ui.c          ****                 {
 971:ui.c          ****                     finalFretCalibration();
 3951              		.loc 1 971 0
 3952 0a14 FFF7FEFF 		bl	finalFretCalibration
 3953 0a18 ABE3     		b	.L111
 3954              	.L157:
 972:ui.c          ****                 }
 973:ui.c          **** 
 974:ui.c          ****                 else
 975:ui.c          ****                 {
ARM GAS  C:\Users\ggg88\AppData\Local\Temp\ccZlRNWc.s 			page 90


 976:ui.c          ****                    OLEDwriteInt(whichFretArray[fretToCalibrate], 2, 40, ThirdLine);
 3955              		.loc 1 976 0
 3956 0a1a 6A4B     		ldr	r3, .L232+24
 3957 0a1c 1B78     		ldrb	r3, [r3]	@ zero_extendqisi2
 3958 0a1e 1A46     		mov	r2, r3
 3959 0a20 6B4B     		ldr	r3, .L232+36
 3960 0a22 9B5C     		ldrb	r3, [r3, r2]	@ zero_extendqisi2
 3961 0a24 1846     		mov	r0, r3
 3962 0a26 0223     		movs	r3, #2
 3963 0a28 2822     		movs	r2, #40
 3964 0a2a 0221     		movs	r1, #2
 3965 0a2c FFF7FEFF 		bl	OLEDwriteInt
 977:ui.c          ****                    mainOLEDWaitingToSend = 1;
 3966              		.loc 1 977 0
 3967 0a30 684B     		ldr	r3, .L232+40
 3968 0a32 0122     		movs	r2, #1
 3969 0a34 1A70     		strb	r2, [r3]
 3970 0a36 9CE3     		b	.L111
 3971              	.L147:
 978:ui.c          ****                 }
 979:ui.c          ****             }
 980:ui.c          ****         }
 981:ui.c          ****     }
 982:ui.c          ****     else if (menuPosition[0][0] == TransposeMenu) //we are in transpose
 3972              		.loc 1 982 0
 3973 0a38 5C4B     		ldr	r3, .L232
 3974 0a3a 93F90030 		ldrsb	r3, [r3]
 3975 0a3e 062B     		cmp	r3, #6
 3976 0a40 20D1     		bne	.L158
 983:ui.c          ****     {
 984:ui.c          ****         
 985:ui.c          ****         if (action == Right)
 3977              		.loc 1 985 0
 3978 0a42 FB79     		ldrb	r3, [r7, #7]	@ zero_extendqisi2
 3979 0a44 012B     		cmp	r3, #1
 3980 0a46 0CD1     		bne	.L159
 986:ui.c          ****         {
 987:ui.c          ****             semitonesOrCents = (semitonesOrCents+1)&1;
 3981              		.loc 1 987 0
 3982 0a48 634B     		ldr	r3, .L232+44
 3983 0a4a 1B78     		ldrb	r3, [r3]	@ zero_extendqisi2
 3984 0a4c 0133     		adds	r3, r3, #1
 3985 0a4e DBB2     		uxtb	r3, r3
 3986 0a50 03F00103 		and	r3, r3, #1
 3987 0a54 DAB2     		uxtb	r2, r3
 3988 0a56 604B     		ldr	r3, .L232+44
 3989 0a58 1A70     		strb	r2, [r3]
 988:ui.c          ****             prevEncoderVal = 127;
 3990              		.loc 1 988 0
 3991 0a5a 604B     		ldr	r3, .L232+48
 3992 0a5c 7F22     		movs	r2, #127
 3993 0a5e 1A70     		strb	r2, [r3]
 3994 0a60 87E3     		b	.L111
 3995              	.L159:
 989:ui.c          ****         }
 990:ui.c          ****         else if (action == Left)
 3996              		.loc 1 990 0
ARM GAS  C:\Users\ggg88\AppData\Local\Temp\ccZlRNWc.s 			page 91


 3997 0a62 FB79     		ldrb	r3, [r7, #7]	@ zero_extendqisi2
 3998 0a64 002B     		cmp	r3, #0
 3999 0a66 40F08483 		bne	.L111
 991:ui.c          ****         {
 992:ui.c          ****             semitonesOrCents = (semitonesOrCents-1)&1;
 4000              		.loc 1 992 0
 4001 0a6a 5B4B     		ldr	r3, .L232+44
 4002 0a6c 1B78     		ldrb	r3, [r3]	@ zero_extendqisi2
 4003 0a6e 013B     		subs	r3, r3, #1
 4004 0a70 DBB2     		uxtb	r3, r3
 4005 0a72 03F00103 		and	r3, r3, #1
 4006 0a76 DAB2     		uxtb	r2, r3
 4007 0a78 574B     		ldr	r3, .L232+44
 4008 0a7a 1A70     		strb	r2, [r3]
 993:ui.c          ****             prevEncoderVal = 127;
 4009              		.loc 1 993 0
 4010 0a7c 574B     		ldr	r3, .L232+48
 4011 0a7e 7F22     		movs	r2, #127
 4012 0a80 1A70     		strb	r2, [r3]
 4013 0a82 76E3     		b	.L111
 4014              	.L158:
 994:ui.c          ****         }
 995:ui.c          ****     }
 996:ui.c          ****     else if (menuPosition[0][0] == OctaveActionMenu) //we are in octave action
 4015              		.loc 1 996 0
 4016 0a84 494B     		ldr	r3, .L232
 4017 0a86 93F90030 		ldrsb	r3, [r3]
 4018 0a8a 072B     		cmp	r3, #7
 4019 0a8c 68D1     		bne	.L161
 997:ui.c          ****     {
 998:ui.c          ****         whatToDraw = 0;
 4020              		.loc 1 998 0
 4021 0a8e 0023     		movs	r3, #0
 4022 0a90 87F82F30 		strb	r3, [r7, #47]
 999:ui.c          ****         if (action == Up)
 4023              		.loc 1 999 0
 4024 0a94 FB79     		ldrb	r3, [r7, #7]	@ zero_extendqisi2
 4025 0a96 032B     		cmp	r3, #3
 4026 0a98 09D1     		bne	.L162
1000:ui.c          ****         {
1001:ui.c          ****             octaveAction = (octaveAction+1)&1;
 4027              		.loc 1 1001 0
 4028 0a9a 514B     		ldr	r3, .L232+52
 4029 0a9c 1B78     		ldrb	r3, [r3]	@ zero_extendqisi2
 4030 0a9e 0133     		adds	r3, r3, #1
 4031 0aa0 DBB2     		uxtb	r3, r3
 4032 0aa2 03F00103 		and	r3, r3, #1
 4033 0aa6 DAB2     		uxtb	r2, r3
 4034 0aa8 4D4B     		ldr	r3, .L232+52
 4035 0aaa 1A70     		strb	r2, [r3]
 4036 0aac 15E0     		b	.L163
 4037              	.L162:
1002:ui.c          ****         }
1003:ui.c          ****         else if (action == Down)
 4038              		.loc 1 1003 0
 4039 0aae FB79     		ldrb	r3, [r7, #7]	@ zero_extendqisi2
 4040 0ab0 022B     		cmp	r3, #2
ARM GAS  C:\Users\ggg88\AppData\Local\Temp\ccZlRNWc.s 			page 92


 4041 0ab2 09D1     		bne	.L164
1004:ui.c          ****         {
1005:ui.c          ****             octaveAction = (octaveAction-1)&1;
 4042              		.loc 1 1005 0
 4043 0ab4 4A4B     		ldr	r3, .L232+52
 4044 0ab6 1B78     		ldrb	r3, [r3]	@ zero_extendqisi2
 4045 0ab8 013B     		subs	r3, r3, #1
 4046 0aba DBB2     		uxtb	r3, r3
 4047 0abc 03F00103 		and	r3, r3, #1
 4048 0ac0 DAB2     		uxtb	r2, r3
 4049 0ac2 474B     		ldr	r3, .L232+52
 4050 0ac4 1A70     		strb	r2, [r3]
 4051 0ac6 08E0     		b	.L163
 4052              	.L164:
1006:ui.c          ****         }
1007:ui.c          ****         
1008:ui.c          ****          else if (action == Left) 
 4053              		.loc 1 1008 0
 4054 0ac8 FB79     		ldrb	r3, [r7, #7]	@ zero_extendqisi2
 4055 0aca 002B     		cmp	r3, #0
 4056 0acc 05D1     		bne	.L163
1009:ui.c          ****         {
1010:ui.c          ****             //go back to main menu
1011:ui.c          ****             menuPosition[0][0] = SettingsMenu;
 4057              		.loc 1 1011 0
 4058 0ace 374B     		ldr	r3, .L232
 4059 0ad0 0322     		movs	r2, #3
 4060 0ad2 1A70     		strb	r2, [r3]
1012:ui.c          ****             whatToDraw = 1;
 4061              		.loc 1 1012 0
 4062 0ad4 0123     		movs	r3, #1
 4063 0ad6 87F82F30 		strb	r3, [r7, #47]
 4064              	.L163:
1013:ui.c          ****         }
1014:ui.c          ****                 OLEDclear(128, 64);
 4065              		.loc 1 1014 0
 4066 0ada 4021     		movs	r1, #64
 4067 0adc 8020     		movs	r0, #128
 4068 0ade FFF7FEFF 		bl	OLEDclear
1015:ui.c          ****                 myGFX_setFont(2);
 4069              		.loc 1 1015 0
 4070 0ae2 0220     		movs	r0, #2
 4071 0ae4 FFF7FEFF 		bl	myGFX_setFont
1016:ui.c          ****                 OLEDtextColor(1, 0);
 4072              		.loc 1 1016 0
 4073 0ae8 0021     		movs	r1, #0
 4074 0aea 0120     		movs	r0, #1
 4075 0aec FFF7FEFF 		bl	OLEDtextColor
1017:ui.c          ****                 OLEDwriteString("OCTAVE ACTION  ", 15, 0, FirstLine);
 4076              		.loc 1 1017 0
 4077 0af0 0023     		movs	r3, #0
 4078 0af2 0022     		movs	r2, #0
 4079 0af4 0F21     		movs	r1, #15
 4080 0af6 3B48     		ldr	r0, .L232+56
 4081 0af8 FFF7FEFF 		bl	OLEDwriteString
1018:ui.c          ****                
1019:ui.c          ****                 OLEDtextColor(octaveAction, !octaveAction);
ARM GAS  C:\Users\ggg88\AppData\Local\Temp\ccZlRNWc.s 			page 93


 4082              		.loc 1 1019 0
 4083 0afc 384B     		ldr	r3, .L232+52
 4084 0afe 1B78     		ldrb	r3, [r3]	@ zero_extendqisi2
 4085 0b00 9AB2     		uxth	r2, r3
 4086 0b02 374B     		ldr	r3, .L232+52
 4087 0b04 1B78     		ldrb	r3, [r3]	@ zero_extendqisi2
 4088 0b06 002B     		cmp	r3, #0
 4089 0b08 0CBF     		ite	eq
 4090 0b0a 0123     		moveq	r3, #1
 4091 0b0c 0023     		movne	r3, #0
 4092 0b0e DBB2     		uxtb	r3, r3
 4093 0b10 9BB2     		uxth	r3, r3
 4094 0b12 1946     		mov	r1, r3
 4095 0b14 1046     		mov	r0, r2
 4096 0b16 FFF7FEFF 		bl	OLEDtextColor
1020:ui.c          ****                 OLEDwriteString("ON NEXT NOTE   ", 15, 0, SecondLine);
 4097              		.loc 1 1020 0
 4098 0b1a 0123     		movs	r3, #1
 4099 0b1c 0022     		movs	r2, #0
 4100 0b1e 0F21     		movs	r1, #15
 4101 0b20 3148     		ldr	r0, .L232+60
 4102 0b22 FFF7FEFF 		bl	OLEDwriteString
1021:ui.c          ****                 OLEDtextColor(!octaveAction, octaveAction);
 4103              		.loc 1 1021 0
 4104 0b26 2E4B     		ldr	r3, .L232+52
 4105 0b28 1B78     		ldrb	r3, [r3]	@ zero_extendqisi2
 4106 0b2a 002B     		cmp	r3, #0
 4107 0b2c 0CBF     		ite	eq
 4108 0b2e 0123     		moveq	r3, #1
 4109 0b30 0023     		movne	r3, #0
 4110 0b32 DBB2     		uxtb	r3, r3
 4111 0b34 9AB2     		uxth	r2, r3
 4112 0b36 2A4B     		ldr	r3, .L232+52
 4113 0b38 1B78     		ldrb	r3, [r3]	@ zero_extendqisi2
 4114 0b3a 9BB2     		uxth	r3, r3
 4115 0b3c 1946     		mov	r1, r3
 4116 0b3e 1046     		mov	r0, r2
 4117 0b40 FFF7FEFF 		bl	OLEDtextColor
1022:ui.c          ****                 OLEDwriteString("IMMEDIATE      ", 15, 0, ThirdLine);
 4118              		.loc 1 1022 0
 4119 0b44 0223     		movs	r3, #2
 4120 0b46 0022     		movs	r2, #0
 4121 0b48 0F21     		movs	r1, #15
 4122 0b4a 2848     		ldr	r0, .L232+64
 4123 0b4c FFF7FEFF 		bl	OLEDwriteString
1023:ui.c          ****                 OLEDtextColor(1, 0);
 4124              		.loc 1 1023 0
 4125 0b50 0021     		movs	r1, #0
 4126 0b52 0120     		movs	r0, #1
 4127 0b54 FFF7FEFF 		bl	OLEDtextColor
1024:ui.c          ****                 mainOLEDWaitingToSend = 1;
 4128              		.loc 1 1024 0
 4129 0b58 1E4B     		ldr	r3, .L232+40
 4130 0b5a 0122     		movs	r2, #1
 4131 0b5c 1A70     		strb	r2, [r3]
 4132 0b5e 08E3     		b	.L111
 4133              	.L161:
ARM GAS  C:\Users\ggg88\AppData\Local\Temp\ccZlRNWc.s 			page 94


1025:ui.c          ****     }
1026:ui.c          **** 
1027:ui.c          ****     else if (menuPosition[0][0] == SliderRepMenu) //we are in sliderRep
 4134              		.loc 1 1027 0
 4135 0b60 124B     		ldr	r3, .L232
 4136 0b62 93F90030 		ldrsb	r3, [r3]
 4137 0b66 092B     		cmp	r3, #9
 4138 0b68 44D1     		bne	.L165
1028:ui.c          ****     {
1029:ui.c          ****        
1030:ui.c          ****         if (action == Right)
 4139              		.loc 1 1030 0
 4140 0b6a FB79     		ldrb	r3, [r7, #7]	@ zero_extendqisi2
 4141 0b6c 012B     		cmp	r3, #1
 4142 0b6e 0CD1     		bne	.L166
1031:ui.c          ****         {
1032:ui.c          ****             editingSliderRepString = (editingSliderRepString+1)&1;
 4143              		.loc 1 1032 0
 4144 0b70 1F4B     		ldr	r3, .L232+68
 4145 0b72 1B78     		ldrb	r3, [r3]	@ zero_extendqisi2
 4146 0b74 0133     		adds	r3, r3, #1
 4147 0b76 DBB2     		uxtb	r3, r3
 4148 0b78 03F00103 		and	r3, r3, #1
 4149 0b7c DAB2     		uxtb	r2, r3
 4150 0b7e 1C4B     		ldr	r3, .L232+68
 4151 0b80 1A70     		strb	r2, [r3]
1033:ui.c          ****             prevEncoderVal = 127;
 4152              		.loc 1 1033 0
 4153 0b82 164B     		ldr	r3, .L232+48
 4154 0b84 7F22     		movs	r2, #127
 4155 0b86 1A70     		strb	r2, [r3]
 4156 0b88 F3E2     		b	.L111
 4157              	.L166:
1034:ui.c          ****         }
1035:ui.c          ****         else if (action == Left)
 4158              		.loc 1 1035 0
 4159 0b8a FB79     		ldrb	r3, [r7, #7]	@ zero_extendqisi2
 4160 0b8c 002B     		cmp	r3, #0
 4161 0b8e 40F0F082 		bne	.L111
1036:ui.c          ****         {
1037:ui.c          ****             editingSliderRepString = (editingSliderRepString-1)&1;
 4162              		.loc 1 1037 0
 4163 0b92 174B     		ldr	r3, .L232+68
 4164 0b94 1B78     		ldrb	r3, [r3]	@ zero_extendqisi2
 4165 0b96 013B     		subs	r3, r3, #1
 4166 0b98 DBB2     		uxtb	r3, r3
 4167 0b9a 03F00103 		and	r3, r3, #1
 4168 0b9e DAB2     		uxtb	r2, r3
 4169 0ba0 134B     		ldr	r3, .L232+68
 4170 0ba2 1A70     		strb	r2, [r3]
1038:ui.c          ****             prevEncoderVal = 127;
 4171              		.loc 1 1038 0
 4172 0ba4 0D4B     		ldr	r3, .L232+48
 4173 0ba6 7F22     		movs	r2, #127
 4174 0ba8 1A70     		strb	r2, [r3]
 4175 0baa E2E2     		b	.L111
 4176              	.L233:
ARM GAS  C:\Users\ggg88\AppData\Local\Temp\ccZlRNWc.s 			page 95


 4177              		.align	2
 4178              	.L232:
 4179 0bac 00000000 		.word	menuPosition
 4180 0bb0 00000000 		.word	fretCalibrationMode
 4181 0bb4 00000000 		.word	uartInput
 4182 0bb8 00000000 		.word	sensorOff
 4183 0bbc 00000000 		.word	sensorOnMax
 4184 0bc0 00000000 		.word	sensorOffThreshold
 4185 0bc4 00000000 		.word	fretToCalibrate
 4186 0bc8 00000000 		.word	fretMeasurements
 4187 0bcc 00000000 		.word	sensorOnMin
 4188 0bd0 00000000 		.word	whichFretArray
 4189 0bd4 00000000 		.word	mainOLEDWaitingToSend
 4190 0bd8 00000000 		.word	semitonesOrCents
 4191 0bdc 00000000 		.word	prevEncoderVal
 4192 0be0 00000000 		.word	octaveAction
 4193 0be4 70010000 		.word	.LC19
 4194 0be8 80010000 		.word	.LC20
 4195 0bec 90010000 		.word	.LC21
 4196 0bf0 00000000 		.word	editingSliderRepString
 4197              	.L165:
1039:ui.c          ****         }
1040:ui.c          ****     }
1041:ui.c          ****     else if (menuPosition[0][0] == TraditionalPedalSumMenu) //we are in pedal sum menu
 4198              		.loc 1 1041 0
 4199 0bf4 904B     		ldr	r3, .L234
 4200 0bf6 93F90030 		ldrsb	r3, [r3]
 4201 0bfa 0A2B     		cmp	r3, #10
 4202 0bfc 40F09380 		bne	.L168
1042:ui.c          ****     {
1043:ui.c          ****        
1044:ui.c          ****         if (action == Up)
 4203              		.loc 1 1044 0
 4204 0c00 FB79     		ldrb	r3, [r7, #7]	@ zero_extendqisi2
 4205 0c02 032B     		cmp	r3, #3
 4206 0c04 40D1     		bne	.L169
1045:ui.c          ****         {
1046:ui.c          ****             traditionalPedalAdd = (traditionalPedalAdd+1)&1;
 4207              		.loc 1 1046 0
 4208 0c06 8D4B     		ldr	r3, .L234+4
 4209 0c08 1B78     		ldrb	r3, [r3]	@ zero_extendqisi2
 4210 0c0a 0133     		adds	r3, r3, #1
 4211 0c0c DBB2     		uxtb	r3, r3
 4212 0c0e 03F00103 		and	r3, r3, #1
 4213 0c12 DAB2     		uxtb	r2, r3
 4214 0c14 894B     		ldr	r3, .L234+4
 4215 0c16 1A70     		strb	r2, [r3]
1047:ui.c          ****             OLEDclearLine(SecondLine);
 4216              		.loc 1 1047 0
 4217 0c18 0120     		movs	r0, #1
 4218 0c1a FFF7FEFF 		bl	OLEDclearLine
1048:ui.c          ****             OLEDclearLine(ThirdLine);
 4219              		.loc 1 1048 0
 4220 0c1e 0220     		movs	r0, #2
 4221 0c20 FFF7FEFF 		bl	OLEDclearLine
1049:ui.c          ****             OLEDtextColor(traditionalPedalAdd, !traditionalPedalAdd);
 4222              		.loc 1 1049 0
ARM GAS  C:\Users\ggg88\AppData\Local\Temp\ccZlRNWc.s 			page 96


 4223 0c24 854B     		ldr	r3, .L234+4
 4224 0c26 1B78     		ldrb	r3, [r3]	@ zero_extendqisi2
 4225 0c28 9AB2     		uxth	r2, r3
 4226 0c2a 844B     		ldr	r3, .L234+4
 4227 0c2c 1B78     		ldrb	r3, [r3]	@ zero_extendqisi2
 4228 0c2e 002B     		cmp	r3, #0
 4229 0c30 0CBF     		ite	eq
 4230 0c32 0123     		moveq	r3, #1
 4231 0c34 0023     		movne	r3, #0
 4232 0c36 DBB2     		uxtb	r3, r3
 4233 0c38 9BB2     		uxth	r3, r3
 4234 0c3a 1946     		mov	r1, r3
 4235 0c3c 1046     		mov	r0, r2
 4236 0c3e FFF7FEFF 		bl	OLEDtextColor
1050:ui.c          ****             OLEDwriteString("SIMPLE ADD     ", 15, 0, SecondLine);
 4237              		.loc 1 1050 0
 4238 0c42 0123     		movs	r3, #1
 4239 0c44 0022     		movs	r2, #0
 4240 0c46 0F21     		movs	r1, #15
 4241 0c48 7D48     		ldr	r0, .L234+8
 4242 0c4a FFF7FEFF 		bl	OLEDwriteString
1051:ui.c          ****             OLEDtextColor(!traditionalPedalAdd, traditionalPedalAdd);
 4243              		.loc 1 1051 0
 4244 0c4e 7B4B     		ldr	r3, .L234+4
 4245 0c50 1B78     		ldrb	r3, [r3]	@ zero_extendqisi2
 4246 0c52 002B     		cmp	r3, #0
 4247 0c54 0CBF     		ite	eq
 4248 0c56 0123     		moveq	r3, #1
 4249 0c58 0023     		movne	r3, #0
 4250 0c5a DBB2     		uxtb	r3, r3
 4251 0c5c 9AB2     		uxth	r2, r3
 4252 0c5e 774B     		ldr	r3, .L234+4
 4253 0c60 1B78     		ldrb	r3, [r3]	@ zero_extendqisi2
 4254 0c62 9BB2     		uxth	r3, r3
 4255 0c64 1946     		mov	r1, r3
 4256 0c66 1046     		mov	r0, r2
 4257 0c68 FFF7FEFF 		bl	OLEDtextColor
1052:ui.c          ****             OLEDwriteString("TRADITIONAL    ", 15, 0, ThirdLine);
 4258              		.loc 1 1052 0
 4259 0c6c 0223     		movs	r3, #2
 4260 0c6e 0022     		movs	r2, #0
 4261 0c70 0F21     		movs	r1, #15
 4262 0c72 7448     		ldr	r0, .L234+12
 4263 0c74 FFF7FEFF 		bl	OLEDwriteString
1053:ui.c          ****             OLEDtextColor(1, 0);
 4264              		.loc 1 1053 0
 4265 0c78 0021     		movs	r1, #0
 4266 0c7a 0120     		movs	r0, #1
 4267 0c7c FFF7FEFF 		bl	OLEDtextColor
1054:ui.c          ****             mainOLEDWaitingToSend = 1;
 4268              		.loc 1 1054 0
 4269 0c80 714B     		ldr	r3, .L234+16
 4270 0c82 0122     		movs	r2, #1
 4271 0c84 1A70     		strb	r2, [r3]
 4272 0c86 74E2     		b	.L111
 4273              	.L169:
1055:ui.c          ****         }
ARM GAS  C:\Users\ggg88\AppData\Local\Temp\ccZlRNWc.s 			page 97


1056:ui.c          ****         else if (action == Down)
 4274              		.loc 1 1056 0
 4275 0c88 FB79     		ldrb	r3, [r7, #7]	@ zero_extendqisi2
 4276 0c8a 022B     		cmp	r3, #2
 4277 0c8c 40D1     		bne	.L171
1057:ui.c          ****         {
1058:ui.c          ****             traditionalPedalAdd = (traditionalPedalAdd-1)&1;
 4278              		.loc 1 1058 0
 4279 0c8e 6B4B     		ldr	r3, .L234+4
 4280 0c90 1B78     		ldrb	r3, [r3]	@ zero_extendqisi2
 4281 0c92 013B     		subs	r3, r3, #1
 4282 0c94 DBB2     		uxtb	r3, r3
 4283 0c96 03F00103 		and	r3, r3, #1
 4284 0c9a DAB2     		uxtb	r2, r3
 4285 0c9c 674B     		ldr	r3, .L234+4
 4286 0c9e 1A70     		strb	r2, [r3]
1059:ui.c          ****             OLEDclearLine(SecondLine);
 4287              		.loc 1 1059 0
 4288 0ca0 0120     		movs	r0, #1
 4289 0ca2 FFF7FEFF 		bl	OLEDclearLine
1060:ui.c          ****             OLEDclearLine(ThirdLine);
 4290              		.loc 1 1060 0
 4291 0ca6 0220     		movs	r0, #2
 4292 0ca8 FFF7FEFF 		bl	OLEDclearLine
1061:ui.c          ****             OLEDtextColor(traditionalPedalAdd, !traditionalPedalAdd);
 4293              		.loc 1 1061 0
 4294 0cac 634B     		ldr	r3, .L234+4
 4295 0cae 1B78     		ldrb	r3, [r3]	@ zero_extendqisi2
 4296 0cb0 9AB2     		uxth	r2, r3
 4297 0cb2 624B     		ldr	r3, .L234+4
 4298 0cb4 1B78     		ldrb	r3, [r3]	@ zero_extendqisi2
 4299 0cb6 002B     		cmp	r3, #0
 4300 0cb8 0CBF     		ite	eq
 4301 0cba 0123     		moveq	r3, #1
 4302 0cbc 0023     		movne	r3, #0
 4303 0cbe DBB2     		uxtb	r3, r3
 4304 0cc0 9BB2     		uxth	r3, r3
 4305 0cc2 1946     		mov	r1, r3
 4306 0cc4 1046     		mov	r0, r2
 4307 0cc6 FFF7FEFF 		bl	OLEDtextColor
1062:ui.c          ****             OLEDwriteString("SIMPLE ADD     ", 15, 0, SecondLine);
 4308              		.loc 1 1062 0
 4309 0cca 0123     		movs	r3, #1
 4310 0ccc 0022     		movs	r2, #0
 4311 0cce 0F21     		movs	r1, #15
 4312 0cd0 5B48     		ldr	r0, .L234+8
 4313 0cd2 FFF7FEFF 		bl	OLEDwriteString
1063:ui.c          ****             OLEDtextColor(!traditionalPedalAdd, traditionalPedalAdd);
 4314              		.loc 1 1063 0
 4315 0cd6 594B     		ldr	r3, .L234+4
 4316 0cd8 1B78     		ldrb	r3, [r3]	@ zero_extendqisi2
 4317 0cda 002B     		cmp	r3, #0
 4318 0cdc 0CBF     		ite	eq
 4319 0cde 0123     		moveq	r3, #1
 4320 0ce0 0023     		movne	r3, #0
 4321 0ce2 DBB2     		uxtb	r3, r3
 4322 0ce4 9AB2     		uxth	r2, r3
ARM GAS  C:\Users\ggg88\AppData\Local\Temp\ccZlRNWc.s 			page 98


 4323 0ce6 554B     		ldr	r3, .L234+4
 4324 0ce8 1B78     		ldrb	r3, [r3]	@ zero_extendqisi2
 4325 0cea 9BB2     		uxth	r3, r3
 4326 0cec 1946     		mov	r1, r3
 4327 0cee 1046     		mov	r0, r2
 4328 0cf0 FFF7FEFF 		bl	OLEDtextColor
1064:ui.c          ****             OLEDwriteString("TRADITIONAL    ", 15, 0, ThirdLine);
 4329              		.loc 1 1064 0
 4330 0cf4 0223     		movs	r3, #2
 4331 0cf6 0022     		movs	r2, #0
 4332 0cf8 0F21     		movs	r1, #15
 4333 0cfa 5248     		ldr	r0, .L234+12
 4334 0cfc FFF7FEFF 		bl	OLEDwriteString
1065:ui.c          ****             OLEDtextColor(1, 0);
 4335              		.loc 1 1065 0
 4336 0d00 0021     		movs	r1, #0
 4337 0d02 0120     		movs	r0, #1
 4338 0d04 FFF7FEFF 		bl	OLEDtextColor
1066:ui.c          ****             mainOLEDWaitingToSend = 1;
 4339              		.loc 1 1066 0
 4340 0d08 4F4B     		ldr	r3, .L234+16
 4341 0d0a 0122     		movs	r2, #1
 4342 0d0c 1A70     		strb	r2, [r3]
 4343 0d0e 30E2     		b	.L111
 4344              	.L171:
1067:ui.c          ****         }
1068:ui.c          ****         else if (action == Left) 
 4345              		.loc 1 1068 0
 4346 0d10 FB79     		ldrb	r3, [r7, #7]	@ zero_extendqisi2
 4347 0d12 002B     		cmp	r3, #0
 4348 0d14 40F02D82 		bne	.L111
1069:ui.c          ****         {
1070:ui.c          ****             //go back to main menu
1071:ui.c          ****             menuPosition[0][0] = SettingsMenu;
 4349              		.loc 1 1071 0
 4350 0d18 474B     		ldr	r3, .L234
 4351 0d1a 0322     		movs	r2, #3
 4352 0d1c 1A70     		strb	r2, [r3]
1072:ui.c          ****             whatToDraw = 1;
 4353              		.loc 1 1072 0
 4354 0d1e 0123     		movs	r3, #1
 4355 0d20 87F82F30 		strb	r3, [r7, #47]
 4356 0d24 25E2     		b	.L111
 4357              	.L168:
1073:ui.c          ****         }
1074:ui.c          ****     }
1075:ui.c          ****                
1076:ui.c          ****     else if (menuPosition[0][0] == MidiSendMenu) //we are in midisend menu
 4358              		.loc 1 1076 0
 4359 0d26 444B     		ldr	r3, .L234
 4360 0d28 93F90030 		ldrsb	r3, [r3]
 4361 0d2c 0B2B     		cmp	r3, #11
 4362 0d2e 40F06D81 		bne	.L172
 4363              	.LBB17:
1077:ui.c          ****     {
1078:ui.c          ****         
1079:ui.c          ****         if (action == Right)
ARM GAS  C:\Users\ggg88\AppData\Local\Temp\ccZlRNWc.s 			page 99


 4364              		.loc 1 1079 0
 4365 0d32 FB79     		ldrb	r3, [r7, #7]	@ zero_extendqisi2
 4366 0d34 012B     		cmp	r3, #1
 4367 0d36 2CD1     		bne	.L173
1080:ui.c          ****         {
1081:ui.c          ****             if (whichMidiSendSelected ==0)
 4368              		.loc 1 1081 0
 4369 0d38 444B     		ldr	r3, .L234+20
 4370 0d3a 93F90030 		ldrsb	r3, [r3]
 4371 0d3e 002B     		cmp	r3, #0
 4372 0d40 09D1     		bne	.L174
1082:ui.c          ****             {
1083:ui.c          ****                 midiSendOn = (midiSendOn+1)&1;
 4373              		.loc 1 1083 0
 4374 0d42 434B     		ldr	r3, .L234+24
 4375 0d44 1B78     		ldrb	r3, [r3]	@ zero_extendqisi2
 4376 0d46 0133     		adds	r3, r3, #1
 4377 0d48 DBB2     		uxtb	r3, r3
 4378 0d4a 03F00103 		and	r3, r3, #1
 4379 0d4e DAB2     		uxtb	r2, r3
 4380 0d50 3F4B     		ldr	r3, .L234+24
 4381 0d52 1A70     		strb	r2, [r3]
 4382 0d54 66E0     		b	.L177
 4383              	.L174:
1084:ui.c          ****             }
1085:ui.c          ****             else if (whichMidiSendSelected == 1)
 4384              		.loc 1 1085 0
 4385 0d56 3D4B     		ldr	r3, .L234+20
 4386 0d58 93F90030 		ldrsb	r3, [r3]
 4387 0d5c 012B     		cmp	r3, #1
 4388 0d5e 09D1     		bne	.L176
1086:ui.c          ****             {
1087:ui.c          ****                 midiBarSendOn = (midiBarSendOn+1)&1;
 4389              		.loc 1 1087 0
 4390 0d60 3C4B     		ldr	r3, .L234+28
 4391 0d62 1B78     		ldrb	r3, [r3]	@ zero_extendqisi2
 4392 0d64 0133     		adds	r3, r3, #1
 4393 0d66 DBB2     		uxtb	r3, r3
 4394 0d68 03F00103 		and	r3, r3, #1
 4395 0d6c DAB2     		uxtb	r2, r3
 4396 0d6e 394B     		ldr	r3, .L234+28
 4397 0d70 1A70     		strb	r2, [r3]
 4398 0d72 57E0     		b	.L177
 4399              	.L176:
1088:ui.c          ****             }
1089:ui.c          ****             else if (whichMidiSendSelected == 2)
 4400              		.loc 1 1089 0
 4401 0d74 354B     		ldr	r3, .L234+20
 4402 0d76 93F90030 		ldrsb	r3, [r3]
 4403 0d7a 022B     		cmp	r3, #2
 4404 0d7c 52D1     		bne	.L177
1090:ui.c          ****             {
1091:ui.c          ****                 midiDebugSendOn = (midiDebugSendOn+1)&1;
 4405              		.loc 1 1091 0
 4406 0d7e 364B     		ldr	r3, .L234+32
 4407 0d80 1B78     		ldrb	r3, [r3]	@ zero_extendqisi2
 4408 0d82 0133     		adds	r3, r3, #1
ARM GAS  C:\Users\ggg88\AppData\Local\Temp\ccZlRNWc.s 			page 100


 4409 0d84 DBB2     		uxtb	r3, r3
 4410 0d86 03F00103 		and	r3, r3, #1
 4411 0d8a DAB2     		uxtb	r2, r3
 4412 0d8c 324B     		ldr	r3, .L234+32
 4413 0d8e 1A70     		strb	r2, [r3]
 4414 0d90 48E0     		b	.L177
 4415              	.L173:
1092:ui.c          ****             }
1093:ui.c          ****         }
1094:ui.c          ****         else if (action == Left)
 4416              		.loc 1 1094 0
 4417 0d92 FB79     		ldrb	r3, [r7, #7]	@ zero_extendqisi2
 4418 0d94 002B     		cmp	r3, #0
 4419 0d96 2CD1     		bne	.L178
1095:ui.c          ****         {
1096:ui.c          ****             if (whichMidiSendSelected ==0)
 4420              		.loc 1 1096 0
 4421 0d98 2C4B     		ldr	r3, .L234+20
 4422 0d9a 93F90030 		ldrsb	r3, [r3]
 4423 0d9e 002B     		cmp	r3, #0
 4424 0da0 09D1     		bne	.L179
1097:ui.c          ****             {
1098:ui.c          ****                 midiSendOn = (midiSendOn-1)&1;
 4425              		.loc 1 1098 0
 4426 0da2 2B4B     		ldr	r3, .L234+24
 4427 0da4 1B78     		ldrb	r3, [r3]	@ zero_extendqisi2
 4428 0da6 013B     		subs	r3, r3, #1
 4429 0da8 DBB2     		uxtb	r3, r3
 4430 0daa 03F00103 		and	r3, r3, #1
 4431 0dae DAB2     		uxtb	r2, r3
 4432 0db0 274B     		ldr	r3, .L234+24
 4433 0db2 1A70     		strb	r2, [r3]
 4434 0db4 36E0     		b	.L177
 4435              	.L179:
1099:ui.c          ****             }
1100:ui.c          ****             else if (whichMidiSendSelected == 1)
 4436              		.loc 1 1100 0
 4437 0db6 254B     		ldr	r3, .L234+20
 4438 0db8 93F90030 		ldrsb	r3, [r3]
 4439 0dbc 012B     		cmp	r3, #1
 4440 0dbe 09D1     		bne	.L181
1101:ui.c          ****             {
1102:ui.c          ****                 midiBarSendOn = (midiBarSendOn-1)&1;
 4441              		.loc 1 1102 0
 4442 0dc0 244B     		ldr	r3, .L234+28
 4443 0dc2 1B78     		ldrb	r3, [r3]	@ zero_extendqisi2
 4444 0dc4 013B     		subs	r3, r3, #1
 4445 0dc6 DBB2     		uxtb	r3, r3
 4446 0dc8 03F00103 		and	r3, r3, #1
 4447 0dcc DAB2     		uxtb	r2, r3
 4448 0dce 214B     		ldr	r3, .L234+28
 4449 0dd0 1A70     		strb	r2, [r3]
 4450 0dd2 27E0     		b	.L177
 4451              	.L181:
1103:ui.c          ****             }
1104:ui.c          ****             else if (whichMidiSendSelected == 2)
 4452              		.loc 1 1104 0
ARM GAS  C:\Users\ggg88\AppData\Local\Temp\ccZlRNWc.s 			page 101


 4453 0dd4 1D4B     		ldr	r3, .L234+20
 4454 0dd6 93F90030 		ldrsb	r3, [r3]
 4455 0dda 022B     		cmp	r3, #2
 4456 0ddc 22D1     		bne	.L177
1105:ui.c          ****             {
1106:ui.c          ****                 midiDebugSendOn = (midiDebugSendOn-1)&1;
 4457              		.loc 1 1106 0
 4458 0dde 1E4B     		ldr	r3, .L234+32
 4459 0de0 1B78     		ldrb	r3, [r3]	@ zero_extendqisi2
 4460 0de2 013B     		subs	r3, r3, #1
 4461 0de4 DBB2     		uxtb	r3, r3
 4462 0de6 03F00103 		and	r3, r3, #1
 4463 0dea DAB2     		uxtb	r2, r3
 4464 0dec 1A4B     		ldr	r3, .L234+32
 4465 0dee 1A70     		strb	r2, [r3]
 4466 0df0 18E0     		b	.L177
 4467              	.L178:
1107:ui.c          ****             }
1108:ui.c          ****         }
1109:ui.c          ****         else if (action == Up)
 4468              		.loc 1 1109 0
 4469 0df2 FB79     		ldrb	r3, [r7, #7]	@ zero_extendqisi2
 4470 0df4 032B     		cmp	r3, #3
 4471 0df6 09D1     		bne	.L182
1110:ui.c          ****         {
1111:ui.c          ****             whichMidiSendSelected = (whichMidiSendSelected-1);
 4472              		.loc 1 1111 0
 4473 0df8 144B     		ldr	r3, .L234+20
 4474 0dfa 93F90030 		ldrsb	r3, [r3]
 4475 0dfe DBB2     		uxtb	r3, r3
 4476 0e00 013B     		subs	r3, r3, #1
 4477 0e02 DBB2     		uxtb	r3, r3
 4478 0e04 5AB2     		sxtb	r2, r3
 4479 0e06 114B     		ldr	r3, .L234+20
 4480 0e08 1A70     		strb	r2, [r3]
 4481 0e0a 0BE0     		b	.L177
 4482              	.L182:
1112:ui.c          ****         }
1113:ui.c          ****         else if (action == Down)
 4483              		.loc 1 1113 0
 4484 0e0c FB79     		ldrb	r3, [r7, #7]	@ zero_extendqisi2
 4485 0e0e 022B     		cmp	r3, #2
 4486 0e10 08D1     		bne	.L177
1114:ui.c          ****         {
1115:ui.c          ****             whichMidiSendSelected = (whichMidiSendSelected+1);
 4487              		.loc 1 1115 0
 4488 0e12 0E4B     		ldr	r3, .L234+20
 4489 0e14 93F90030 		ldrsb	r3, [r3]
 4490 0e18 DBB2     		uxtb	r3, r3
 4491 0e1a 0133     		adds	r3, r3, #1
 4492 0e1c DBB2     		uxtb	r3, r3
 4493 0e1e 5AB2     		sxtb	r2, r3
 4494 0e20 0A4B     		ldr	r3, .L234+20
 4495 0e22 1A70     		strb	r2, [r3]
 4496              	.L177:
1116:ui.c          ****         }
1117:ui.c          ****         if (whichMidiSendSelected < 0)
ARM GAS  C:\Users\ggg88\AppData\Local\Temp\ccZlRNWc.s 			page 102


 4497              		.loc 1 1117 0
 4498 0e24 094B     		ldr	r3, .L234+20
 4499 0e26 93F90030 		ldrsb	r3, [r3]
 4500 0e2a 002B     		cmp	r3, #0
 4501 0e2c 16DA     		bge	.L183
1118:ui.c          ****         {
1119:ui.c          ****             whichMidiSendSelected = 2;
 4502              		.loc 1 1119 0
 4503 0e2e 074B     		ldr	r3, .L234+20
 4504 0e30 0222     		movs	r2, #2
 4505 0e32 1A70     		strb	r2, [r3]
 4506 0e34 1AE0     		b	.L184
 4507              	.L235:
 4508 0e36 00BF     		.align	2
 4509              	.L234:
 4510 0e38 00000000 		.word	menuPosition
 4511 0e3c 00000000 		.word	traditionalPedalAdd
 4512 0e40 F0010000 		.word	.LC27
 4513 0e44 00020000 		.word	.LC28
 4514 0e48 00000000 		.word	mainOLEDWaitingToSend
 4515 0e4c 00000000 		.word	whichMidiSendSelected
 4516 0e50 00000000 		.word	midiSendOn
 4517 0e54 00000000 		.word	midiBarSendOn
 4518 0e58 00000000 		.word	midiDebugSendOn
 4519              	.L183:
1120:ui.c          ****         }
1121:ui.c          ****         else if (whichMidiSendSelected > 2)
 4520              		.loc 1 1121 0
 4521 0e5c B24B     		ldr	r3, .L236
 4522 0e5e 93F90030 		ldrsb	r3, [r3]
 4523 0e62 022B     		cmp	r3, #2
 4524 0e64 02DD     		ble	.L184
1122:ui.c          ****         {
1123:ui.c          ****             whichMidiSendSelected = 0;
 4525              		.loc 1 1123 0
 4526 0e66 B04B     		ldr	r3, .L236
 4527 0e68 0022     		movs	r2, #0
 4528 0e6a 1A70     		strb	r2, [r3]
 4529              	.L184:
1124:ui.c          ****         }
1125:ui.c          ****         OLEDtextColor(1, 0);
 4530              		.loc 1 1125 0
 4531 0e6c 0021     		movs	r1, #0
 4532 0e6e 0120     		movs	r0, #1
 4533 0e70 FFF7FEFF 		bl	OLEDtextColor
1126:ui.c          ****         OLEDwriteString("SEND MIDI  ", 11, 0, FirstLine);
 4534              		.loc 1 1126 0
 4535 0e74 0023     		movs	r3, #0
 4536 0e76 0022     		movs	r2, #0
 4537 0e78 0B21     		movs	r1, #11
 4538 0e7a AC48     		ldr	r0, .L236+4
 4539 0e7c FFF7FEFF 		bl	OLEDwriteString
1127:ui.c          ****         uint8_t midiselected= (whichMidiSendSelected==0);
 4540              		.loc 1 1127 0
 4541 0e80 A94B     		ldr	r3, .L236
 4542 0e82 93F90030 		ldrsb	r3, [r3]
 4543 0e86 002B     		cmp	r3, #0
ARM GAS  C:\Users\ggg88\AppData\Local\Temp\ccZlRNWc.s 			page 103


 4544 0e88 0CBF     		ite	eq
 4545 0e8a 0123     		moveq	r3, #1
 4546 0e8c 0023     		movne	r3, #0
 4547 0e8e DBB2     		uxtb	r3, r3
 4548 0e90 3B73     		strb	r3, [r7, #12]
1128:ui.c          ****         GFXfillRect(&theGFX, 80, 0, 37, 16, midiselected);
 4549              		.loc 1 1128 0
 4550 0e92 3B7B     		ldrb	r3, [r7, #12]	@ zero_extendqisi2
 4551 0e94 9BB2     		uxth	r3, r3
 4552 0e96 0193     		str	r3, [sp, #4]
 4553 0e98 1023     		movs	r3, #16
 4554 0e9a 0093     		str	r3, [sp]
 4555 0e9c 2523     		movs	r3, #37
 4556 0e9e 0022     		movs	r2, #0
 4557 0ea0 5021     		movs	r1, #80
 4558 0ea2 A348     		ldr	r0, .L236+8
 4559 0ea4 FFF7FEFF 		bl	GFXfillRect
1129:ui.c          ****         OLEDtextColor(!midiselected,midiselected);
 4560              		.loc 1 1129 0
 4561 0ea8 3B7B     		ldrb	r3, [r7, #12]	@ zero_extendqisi2
 4562 0eaa 002B     		cmp	r3, #0
 4563 0eac 0CBF     		ite	eq
 4564 0eae 0123     		moveq	r3, #1
 4565 0eb0 0023     		movne	r3, #0
 4566 0eb2 DBB2     		uxtb	r3, r3
 4567 0eb4 9BB2     		uxth	r3, r3
 4568 0eb6 3A7B     		ldrb	r2, [r7, #12]	@ zero_extendqisi2
 4569 0eb8 92B2     		uxth	r2, r2
 4570 0eba 1146     		mov	r1, r2
 4571 0ebc 1846     		mov	r0, r3
 4572 0ebe FFF7FEFF 		bl	OLEDtextColor
1130:ui.c          ****         if (midiSendOn)
 4573              		.loc 1 1130 0
 4574 0ec2 9C4B     		ldr	r3, .L236+12
 4575 0ec4 1B78     		ldrb	r3, [r3]	@ zero_extendqisi2
 4576 0ec6 002B     		cmp	r3, #0
 4577 0ec8 08D0     		beq	.L185
1131:ui.c          ****         {
1132:ui.c          ****             GFXwrite(&theGFX, 79);
 4578              		.loc 1 1132 0
 4579 0eca 4F21     		movs	r1, #79
 4580 0ecc 9848     		ldr	r0, .L236+8
 4581 0ece FFF7FEFF 		bl	GFXwrite
1133:ui.c          ****             GFXwrite(&theGFX, 78);
 4582              		.loc 1 1133 0
 4583 0ed2 4E21     		movs	r1, #78
 4584 0ed4 9648     		ldr	r0, .L236+8
 4585 0ed6 FFF7FEFF 		bl	GFXwrite
 4586 0eda 0BE0     		b	.L186
 4587              	.L185:
1134:ui.c          ****         }
1135:ui.c          ****         else
1136:ui.c          ****         {
1137:ui.c          ****             GFXwrite(&theGFX, 79);
 4588              		.loc 1 1137 0
 4589 0edc 4F21     		movs	r1, #79
 4590 0ede 9448     		ldr	r0, .L236+8
ARM GAS  C:\Users\ggg88\AppData\Local\Temp\ccZlRNWc.s 			page 104


 4591 0ee0 FFF7FEFF 		bl	GFXwrite
1138:ui.c          ****             GFXwrite(&theGFX, 70);
 4592              		.loc 1 1138 0
 4593 0ee4 4621     		movs	r1, #70
 4594 0ee6 9248     		ldr	r0, .L236+8
 4595 0ee8 FFF7FEFF 		bl	GFXwrite
1139:ui.c          ****             GFXwrite(&theGFX, 70);
 4596              		.loc 1 1139 0
 4597 0eec 4621     		movs	r1, #70
 4598 0eee 9048     		ldr	r0, .L236+8
 4599 0ef0 FFF7FEFF 		bl	GFXwrite
 4600              	.L186:
1140:ui.c          ****         }
1141:ui.c          ****         OLEDtextColor(1, 0);
 4601              		.loc 1 1141 0
 4602 0ef4 0021     		movs	r1, #0
 4603 0ef6 0120     		movs	r0, #1
 4604 0ef8 FFF7FEFF 		bl	OLEDtextColor
1142:ui.c          ****         OLEDwriteString("SEND BAR   ", 11, 0, SecondLine);
 4605              		.loc 1 1142 0
 4606 0efc 0123     		movs	r3, #1
 4607 0efe 0022     		movs	r2, #0
 4608 0f00 0B21     		movs	r1, #11
 4609 0f02 8D48     		ldr	r0, .L236+16
 4610 0f04 FFF7FEFF 		bl	OLEDwriteString
1143:ui.c          ****         midiselected= (whichMidiSendSelected==1);
 4611              		.loc 1 1143 0
 4612 0f08 874B     		ldr	r3, .L236
 4613 0f0a 93F90030 		ldrsb	r3, [r3]
 4614 0f0e 012B     		cmp	r3, #1
 4615 0f10 0CBF     		ite	eq
 4616 0f12 0123     		moveq	r3, #1
 4617 0f14 0023     		movne	r3, #0
 4618 0f16 DBB2     		uxtb	r3, r3
 4619 0f18 3B73     		strb	r3, [r7, #12]
1144:ui.c          ****         GFXfillRect(&theGFX, 80, 16, 37, 16, midiselected);
 4620              		.loc 1 1144 0
 4621 0f1a 3B7B     		ldrb	r3, [r7, #12]	@ zero_extendqisi2
 4622 0f1c 9BB2     		uxth	r3, r3
 4623 0f1e 0193     		str	r3, [sp, #4]
 4624 0f20 1023     		movs	r3, #16
 4625 0f22 0093     		str	r3, [sp]
 4626 0f24 2523     		movs	r3, #37
 4627 0f26 1022     		movs	r2, #16
 4628 0f28 5021     		movs	r1, #80
 4629 0f2a 8148     		ldr	r0, .L236+8
 4630 0f2c FFF7FEFF 		bl	GFXfillRect
1145:ui.c          ****         OLEDtextColor(!midiselected,midiselected);
 4631              		.loc 1 1145 0
 4632 0f30 3B7B     		ldrb	r3, [r7, #12]	@ zero_extendqisi2
 4633 0f32 002B     		cmp	r3, #0
 4634 0f34 0CBF     		ite	eq
 4635 0f36 0123     		moveq	r3, #1
 4636 0f38 0023     		movne	r3, #0
 4637 0f3a DBB2     		uxtb	r3, r3
 4638 0f3c 9BB2     		uxth	r3, r3
 4639 0f3e 3A7B     		ldrb	r2, [r7, #12]	@ zero_extendqisi2
ARM GAS  C:\Users\ggg88\AppData\Local\Temp\ccZlRNWc.s 			page 105


 4640 0f40 92B2     		uxth	r2, r2
 4641 0f42 1146     		mov	r1, r2
 4642 0f44 1846     		mov	r0, r3
 4643 0f46 FFF7FEFF 		bl	OLEDtextColor
1146:ui.c          ****         if (midiBarSendOn)
 4644              		.loc 1 1146 0
 4645 0f4a 7C4B     		ldr	r3, .L236+20
 4646 0f4c 1B78     		ldrb	r3, [r3]	@ zero_extendqisi2
 4647 0f4e 002B     		cmp	r3, #0
 4648 0f50 08D0     		beq	.L187
1147:ui.c          ****         {
1148:ui.c          ****             GFXwrite(&theGFX, 79);
 4649              		.loc 1 1148 0
 4650 0f52 4F21     		movs	r1, #79
 4651 0f54 7648     		ldr	r0, .L236+8
 4652 0f56 FFF7FEFF 		bl	GFXwrite
1149:ui.c          ****             GFXwrite(&theGFX, 78);
 4653              		.loc 1 1149 0
 4654 0f5a 4E21     		movs	r1, #78
 4655 0f5c 7448     		ldr	r0, .L236+8
 4656 0f5e FFF7FEFF 		bl	GFXwrite
 4657 0f62 0BE0     		b	.L188
 4658              	.L187:
1150:ui.c          ****         }
1151:ui.c          ****         else
1152:ui.c          ****         {
1153:ui.c          ****             GFXwrite(&theGFX, 79);
 4659              		.loc 1 1153 0
 4660 0f64 4F21     		movs	r1, #79
 4661 0f66 7248     		ldr	r0, .L236+8
 4662 0f68 FFF7FEFF 		bl	GFXwrite
1154:ui.c          ****             GFXwrite(&theGFX, 70);
 4663              		.loc 1 1154 0
 4664 0f6c 4621     		movs	r1, #70
 4665 0f6e 7048     		ldr	r0, .L236+8
 4666 0f70 FFF7FEFF 		bl	GFXwrite
1155:ui.c          ****             GFXwrite(&theGFX, 70);
 4667              		.loc 1 1155 0
 4668 0f74 4621     		movs	r1, #70
 4669 0f76 6E48     		ldr	r0, .L236+8
 4670 0f78 FFF7FEFF 		bl	GFXwrite
 4671              	.L188:
1156:ui.c          ****         }
1157:ui.c          ****         OLEDtextColor(1, 0);
 4672              		.loc 1 1157 0
 4673 0f7c 0021     		movs	r1, #0
 4674 0f7e 0120     		movs	r0, #1
 4675 0f80 FFF7FEFF 		bl	OLEDtextColor
1158:ui.c          ****         OLEDwriteString("SEND DEBUG ", 11, 0, ThirdLine);
 4676              		.loc 1 1158 0
 4677 0f84 0223     		movs	r3, #2
 4678 0f86 0022     		movs	r2, #0
 4679 0f88 0B21     		movs	r1, #11
 4680 0f8a 6D48     		ldr	r0, .L236+24
 4681 0f8c FFF7FEFF 		bl	OLEDwriteString
1159:ui.c          ****         midiselected= (whichMidiSendSelected==2);
 4682              		.loc 1 1159 0
ARM GAS  C:\Users\ggg88\AppData\Local\Temp\ccZlRNWc.s 			page 106


 4683 0f90 654B     		ldr	r3, .L236
 4684 0f92 93F90030 		ldrsb	r3, [r3]
 4685 0f96 022B     		cmp	r3, #2
 4686 0f98 0CBF     		ite	eq
 4687 0f9a 0123     		moveq	r3, #1
 4688 0f9c 0023     		movne	r3, #0
 4689 0f9e DBB2     		uxtb	r3, r3
 4690 0fa0 3B73     		strb	r3, [r7, #12]
1160:ui.c          ****         GFXfillRect(&theGFX, 80, 32, 37, 16, midiselected);
 4691              		.loc 1 1160 0
 4692 0fa2 3B7B     		ldrb	r3, [r7, #12]	@ zero_extendqisi2
 4693 0fa4 9BB2     		uxth	r3, r3
 4694 0fa6 0193     		str	r3, [sp, #4]
 4695 0fa8 1023     		movs	r3, #16
 4696 0faa 0093     		str	r3, [sp]
 4697 0fac 2523     		movs	r3, #37
 4698 0fae 2022     		movs	r2, #32
 4699 0fb0 5021     		movs	r1, #80
 4700 0fb2 5F48     		ldr	r0, .L236+8
 4701 0fb4 FFF7FEFF 		bl	GFXfillRect
1161:ui.c          ****         OLEDtextColor(!midiselected,midiselected);
 4702              		.loc 1 1161 0
 4703 0fb8 3B7B     		ldrb	r3, [r7, #12]	@ zero_extendqisi2
 4704 0fba 002B     		cmp	r3, #0
 4705 0fbc 0CBF     		ite	eq
 4706 0fbe 0123     		moveq	r3, #1
 4707 0fc0 0023     		movne	r3, #0
 4708 0fc2 DBB2     		uxtb	r3, r3
 4709 0fc4 9BB2     		uxth	r3, r3
 4710 0fc6 3A7B     		ldrb	r2, [r7, #12]	@ zero_extendqisi2
 4711 0fc8 92B2     		uxth	r2, r2
 4712 0fca 1146     		mov	r1, r2
 4713 0fcc 1846     		mov	r0, r3
 4714 0fce FFF7FEFF 		bl	OLEDtextColor
1162:ui.c          ****         if (midiDebugSendOn)
 4715              		.loc 1 1162 0
 4716 0fd2 5C4B     		ldr	r3, .L236+28
 4717 0fd4 1B78     		ldrb	r3, [r3]	@ zero_extendqisi2
 4718 0fd6 002B     		cmp	r3, #0
 4719 0fd8 08D0     		beq	.L189
1163:ui.c          ****         {
1164:ui.c          ****             GFXwrite(&theGFX, 79);
 4720              		.loc 1 1164 0
 4721 0fda 4F21     		movs	r1, #79
 4722 0fdc 5448     		ldr	r0, .L236+8
 4723 0fde FFF7FEFF 		bl	GFXwrite
1165:ui.c          ****             GFXwrite(&theGFX, 78);
 4724              		.loc 1 1165 0
 4725 0fe2 4E21     		movs	r1, #78
 4726 0fe4 5248     		ldr	r0, .L236+8
 4727 0fe6 FFF7FEFF 		bl	GFXwrite
 4728 0fea 0BE0     		b	.L190
 4729              	.L189:
1166:ui.c          ****         }
1167:ui.c          ****         else
1168:ui.c          ****         {
1169:ui.c          ****             GFXwrite(&theGFX, 79);
ARM GAS  C:\Users\ggg88\AppData\Local\Temp\ccZlRNWc.s 			page 107


 4730              		.loc 1 1169 0
 4731 0fec 4F21     		movs	r1, #79
 4732 0fee 5048     		ldr	r0, .L236+8
 4733 0ff0 FFF7FEFF 		bl	GFXwrite
1170:ui.c          ****             GFXwrite(&theGFX, 70);
 4734              		.loc 1 1170 0
 4735 0ff4 4621     		movs	r1, #70
 4736 0ff6 4E48     		ldr	r0, .L236+8
 4737 0ff8 FFF7FEFF 		bl	GFXwrite
1171:ui.c          ****             GFXwrite(&theGFX, 70);
 4738              		.loc 1 1171 0
 4739 0ffc 4621     		movs	r1, #70
 4740 0ffe 4C48     		ldr	r0, .L236+8
 4741 1000 FFF7FEFF 		bl	GFXwrite
 4742              	.L190:
1172:ui.c          ****         }
1173:ui.c          ****         mainOLEDWaitingToSend = 1;
 4743              		.loc 1 1173 0
 4744 1004 504B     		ldr	r3, .L236+32
 4745 1006 0122     		movs	r2, #1
 4746 1008 1A70     		strb	r2, [r3]
 4747              	.LBE17:
 4748 100a B2E0     		b	.L111
 4749              	.L172:
1174:ui.c          ****                 
1175:ui.c          ****     }
1176:ui.c          ****     
1177:ui.c          ****      else if (menuPosition[0][0] == FirmwareUpdateMenu) //we are in firmware update menu
 4750              		.loc 1 1177 0
 4751 100c 4F4B     		ldr	r3, .L236+36
 4752 100e 93F90030 		ldrsb	r3, [r3]
 4753 1012 0D2B     		cmp	r3, #13
 4754 1014 61D1     		bne	.L191
1178:ui.c          ****     {
1179:ui.c          ****         
1180:ui.c          ****         if (action == Right)
 4755              		.loc 1 1180 0
 4756 1016 FB79     		ldrb	r3, [r7, #7]	@ zero_extendqisi2
 4757 1018 012B     		cmp	r3, #1
 4758 101a 06D1     		bne	.L192
1181:ui.c          ****         {
1182:ui.c          ****             sendFirmwareUpdateRequest = 1+whichFirmwareUpdateSelected;
 4759              		.loc 1 1182 0
 4760 101c 4C4B     		ldr	r3, .L236+40
 4761 101e 1B78     		ldrb	r3, [r3]	@ zero_extendqisi2
 4762 1020 0133     		adds	r3, r3, #1
 4763 1022 DAB2     		uxtb	r2, r3
 4764 1024 4B4B     		ldr	r3, .L236+44
 4765 1026 1A70     		strb	r2, [r3]
 4766 1028 A3E0     		b	.L111
 4767              	.L192:
1183:ui.c          ****         }
1184:ui.c          ****         else if (action == Left)
 4768              		.loc 1 1184 0
 4769 102a FB79     		ldrb	r3, [r7, #7]	@ zero_extendqisi2
 4770 102c 002B     		cmp	r3, #0
 4771 102e 06D1     		bne	.L194
ARM GAS  C:\Users\ggg88\AppData\Local\Temp\ccZlRNWc.s 			page 108


1185:ui.c          ****         {
1186:ui.c          ****               //go back to main menu
1187:ui.c          ****             menuPosition[0][0] = MainMenu;
 4772              		.loc 1 1187 0
 4773 1030 464B     		ldr	r3, .L236+36
 4774 1032 0022     		movs	r2, #0
 4775 1034 1A70     		strb	r2, [r3]
1188:ui.c          ****             whatToDraw = 1;
 4776              		.loc 1 1188 0
 4777 1036 0123     		movs	r3, #1
 4778 1038 87F82F30 		strb	r3, [r7, #47]
 4779 103c 99E0     		b	.L111
 4780              	.L194:
1189:ui.c          ****         }
1190:ui.c          ****         else if (action == Up)
 4781              		.loc 1 1190 0
 4782 103e FB79     		ldrb	r3, [r7, #7]	@ zero_extendqisi2
 4783 1040 032B     		cmp	r3, #3
 4784 1042 23D1     		bne	.L195
1191:ui.c          ****         {
1192:ui.c          ****            // whichFirmwareUpdateSelected = (whichFirmwareUpdateSelected+1)&1;
1193:ui.c          ****             OLEDclear(128, 64);
 4785              		.loc 1 1193 0
 4786 1044 4021     		movs	r1, #64
 4787 1046 8020     		movs	r0, #128
 4788 1048 FFF7FEFF 		bl	OLEDclear
1194:ui.c          ****             myGFX_setFont(2);
 4789              		.loc 1 1194 0
 4790 104c 0220     		movs	r0, #2
 4791 104e FFF7FEFF 		bl	myGFX_setFont
1195:ui.c          ****             OLEDtextColor(whichFirmwareUpdateSelected, !whichFirmwareUpdateSelected);
 4792              		.loc 1 1195 0
 4793 1052 3F4B     		ldr	r3, .L236+40
 4794 1054 1B78     		ldrb	r3, [r3]	@ zero_extendqisi2
 4795 1056 9AB2     		uxth	r2, r3
 4796 1058 3D4B     		ldr	r3, .L236+40
 4797 105a 1B78     		ldrb	r3, [r3]	@ zero_extendqisi2
 4798 105c 002B     		cmp	r3, #0
 4799 105e 0CBF     		ite	eq
 4800 1060 0123     		moveq	r3, #1
 4801 1062 0023     		movne	r3, #0
 4802 1064 DBB2     		uxtb	r3, r3
 4803 1066 9BB2     		uxth	r3, r3
 4804 1068 1946     		mov	r1, r3
 4805 106a 1046     		mov	r0, r2
 4806 106c FFF7FEFF 		bl	OLEDtextColor
1196:ui.c          ****             OLEDwriteString("UPDATE BRAIN", 12, 0, FirstLine);
 4807              		.loc 1 1196 0
 4808 1070 0023     		movs	r3, #0
 4809 1072 0022     		movs	r2, #0
 4810 1074 0C21     		movs	r1, #12
 4811 1076 3848     		ldr	r0, .L236+48
 4812 1078 FFF7FEFF 		bl	OLEDwriteString
1197:ui.c          ****             //OLEDtextColor(!whichFirmwareUpdateSelected, whichFirmwareUpdateSelected);
1198:ui.c          ****             //OLEDwriteString("UPDATE PLUCK", 12, 0, SecondLine);
1199:ui.c          ****             OLEDtextColor(1, 0);
 4813              		.loc 1 1199 0
ARM GAS  C:\Users\ggg88\AppData\Local\Temp\ccZlRNWc.s 			page 109


 4814 107c 0021     		movs	r1, #0
 4815 107e 0120     		movs	r0, #1
 4816 1080 FFF7FEFF 		bl	OLEDtextColor
1200:ui.c          ****             mainOLEDWaitingToSend = 1;
 4817              		.loc 1 1200 0
 4818 1084 304B     		ldr	r3, .L236+32
 4819 1086 0122     		movs	r2, #1
 4820 1088 1A70     		strb	r2, [r3]
 4821 108a 72E0     		b	.L111
 4822              	.L195:
1201:ui.c          ****         }
1202:ui.c          ****         else if (action == Down)
 4823              		.loc 1 1202 0
 4824 108c FB79     		ldrb	r3, [r7, #7]	@ zero_extendqisi2
 4825 108e 022B     		cmp	r3, #2
 4826 1090 6FD1     		bne	.L111
1203:ui.c          ****         {
1204:ui.c          ****            // whichFirmwareUpdateSelected = (whichFirmwareUpdateSelected-1)&1;
1205:ui.c          ****             OLEDclear(128, 64);
 4827              		.loc 1 1205 0
 4828 1092 4021     		movs	r1, #64
 4829 1094 8020     		movs	r0, #128
 4830 1096 FFF7FEFF 		bl	OLEDclear
1206:ui.c          ****             myGFX_setFont(2);
 4831              		.loc 1 1206 0
 4832 109a 0220     		movs	r0, #2
 4833 109c FFF7FEFF 		bl	myGFX_setFont
1207:ui.c          ****             OLEDtextColor(whichFirmwareUpdateSelected, !whichFirmwareUpdateSelected);
 4834              		.loc 1 1207 0
 4835 10a0 2B4B     		ldr	r3, .L236+40
 4836 10a2 1B78     		ldrb	r3, [r3]	@ zero_extendqisi2
 4837 10a4 9AB2     		uxth	r2, r3
 4838 10a6 2A4B     		ldr	r3, .L236+40
 4839 10a8 1B78     		ldrb	r3, [r3]	@ zero_extendqisi2
 4840 10aa 002B     		cmp	r3, #0
 4841 10ac 0CBF     		ite	eq
 4842 10ae 0123     		moveq	r3, #1
 4843 10b0 0023     		movne	r3, #0
 4844 10b2 DBB2     		uxtb	r3, r3
 4845 10b4 9BB2     		uxth	r3, r3
 4846 10b6 1946     		mov	r1, r3
 4847 10b8 1046     		mov	r0, r2
 4848 10ba FFF7FEFF 		bl	OLEDtextColor
1208:ui.c          ****             OLEDwriteString("UPDATE BRAIN", 12, 0, FirstLine);
 4849              		.loc 1 1208 0
 4850 10be 0023     		movs	r3, #0
 4851 10c0 0022     		movs	r2, #0
 4852 10c2 0C21     		movs	r1, #12
 4853 10c4 2448     		ldr	r0, .L236+48
 4854 10c6 FFF7FEFF 		bl	OLEDwriteString
1209:ui.c          ****             //OLEDtextColor(!whichFirmwareUpdateSelected, whichFirmwareUpdateSelected);
1210:ui.c          ****             //OLEDwriteString("UPDATE PLUCK", 12, 0, SecondLine);
1211:ui.c          ****             OLEDtextColor(1, 0);
 4855              		.loc 1 1211 0
 4856 10ca 0021     		movs	r1, #0
 4857 10cc 0120     		movs	r0, #1
 4858 10ce FFF7FEFF 		bl	OLEDtextColor
ARM GAS  C:\Users\ggg88\AppData\Local\Temp\ccZlRNWc.s 			page 110


1212:ui.c          ****             mainOLEDWaitingToSend = 1;
 4859              		.loc 1 1212 0
 4860 10d2 1D4B     		ldr	r3, .L236+32
 4861 10d4 0122     		movs	r2, #1
 4862 10d6 1A70     		strb	r2, [r3]
 4863 10d8 4BE0     		b	.L111
 4864              	.L191:
1213:ui.c          ****         }
1214:ui.c          ****     }
1215:ui.c          ****     
1216:ui.c          ****     else if (menuPosition[0][0] == StorePresetMenu)
 4865              		.loc 1 1216 0
 4866 10da 1C4B     		ldr	r3, .L236+36
 4867 10dc 93F90030 		ldrsb	r3, [r3]
 4868 10e0 012B     		cmp	r3, #1
 4869 10e2 46D1     		bne	.L111
1217:ui.c          ****     {
1218:ui.c          ****  
1219:ui.c          ****         if (action == Right)
 4870              		.loc 1 1219 0
 4871 10e4 FB79     		ldrb	r3, [r7, #7]	@ zero_extendqisi2
 4872 10e6 012B     		cmp	r3, #1
 4873 10e8 10D1     		bne	.L196
1220:ui.c          ****         {
1221:ui.c          ****             presetStoreStage++;
 4874              		.loc 1 1221 0
 4875 10ea 1C4B     		ldr	r3, .L236+52
 4876 10ec 1B78     		ldrb	r3, [r3]	@ zero_extendqisi2
 4877 10ee 0133     		adds	r3, r3, #1
 4878 10f0 DAB2     		uxtb	r2, r3
 4879 10f2 1A4B     		ldr	r3, .L236+52
 4880 10f4 1A70     		strb	r2, [r3]
1222:ui.c          ****             if (presetStoreStage >= 15)
 4881              		.loc 1 1222 0
 4882 10f6 194B     		ldr	r3, .L236+52
 4883 10f8 1B78     		ldrb	r3, [r3]	@ zero_extendqisi2
 4884 10fa 0E2B     		cmp	r3, #14
 4885 10fc 02D9     		bls	.L197
1223:ui.c          ****             {
1224:ui.c          ****                 exitPresetStoreMenu();
 4886              		.loc 1 1224 0
 4887 10fe FFF7FEFF 		bl	exitPresetStoreMenu
 4888 1102 36E0     		b	.L111
 4889              	.L197:
1225:ui.c          ****             }
1226:ui.c          ****             else
1227:ui.c          ****             {
1228:ui.c          ****                 whatToDraw = 2;
 4890              		.loc 1 1228 0
 4891 1104 0223     		movs	r3, #2
 4892 1106 87F82F30 		strb	r3, [r7, #47]
 4893 110a 32E0     		b	.L111
 4894              	.L196:
1229:ui.c          ****             }
1230:ui.c          ****         }
1231:ui.c          ****         else if (action == Left)
 4895              		.loc 1 1231 0
ARM GAS  C:\Users\ggg88\AppData\Local\Temp\ccZlRNWc.s 			page 111


 4896 110c FB79     		ldrb	r3, [r7, #7]	@ zero_extendqisi2
 4897 110e 002B     		cmp	r3, #0
 4898 1110 26D1     		bne	.L199
1232:ui.c          ****         {
1233:ui.c          ****             //go back to main menu
1234:ui.c          ****             menuPosition[0][0] = 0;
 4899              		.loc 1 1234 0
 4900 1112 0E4B     		ldr	r3, .L236+36
 4901 1114 0022     		movs	r2, #0
 4902 1116 1A70     		strb	r2, [r3]
1235:ui.c          ****             whatToDraw = 1;
 4903              		.loc 1 1235 0
 4904 1118 0123     		movs	r3, #1
 4905 111a 87F82F30 		strb	r3, [r7, #47]
1236:ui.c          ****             presetStoreStage = 0;
 4906              		.loc 1 1236 0
 4907 111e 0F4B     		ldr	r3, .L236+52
 4908 1120 0022     		movs	r2, #0
 4909 1122 1A70     		strb	r2, [r3]
 4910 1124 25E0     		b	.L111
 4911              	.L237:
 4912 1126 00BF     		.align	2
 4913              	.L236:
 4914 1128 00000000 		.word	whichMidiSendSelected
 4915 112c 10020000 		.word	.LC29
 4916 1130 00000000 		.word	theGFX
 4917 1134 00000000 		.word	midiSendOn
 4918 1138 1C020000 		.word	.LC30
 4919 113c 00000000 		.word	midiBarSendOn
 4920 1140 28020000 		.word	.LC31
 4921 1144 00000000 		.word	midiDebugSendOn
 4922 1148 00000000 		.word	mainOLEDWaitingToSend
 4923 114c 00000000 		.word	menuPosition
 4924 1150 00000000 		.word	whichFirmwareUpdateSelected
 4925 1154 00000000 		.word	sendFirmwareUpdateRequest
 4926 1158 40020000 		.word	.LC33
 4927 115c 00000000 		.word	presetStoreStage
 4928              	.L199:
1237:ui.c          ****         }
1238:ui.c          ****         else if (action == Enter)
 4929              		.loc 1 1238 0
 4930 1160 FB79     		ldrb	r3, [r7, #7]	@ zero_extendqisi2
 4931 1162 042B     		cmp	r3, #4
 4932 1164 05D1     		bne	.L111
1239:ui.c          ****         {
1240:ui.c          ****              exitPresetStoreMenu();
 4933              		.loc 1 1240 0
 4934 1166 FFF7FEFF 		bl	exitPresetStoreMenu
 4935 116a 02E0     		b	.L111
 4936              	.L223:
 685:ui.c          ****             {
 4937              		.loc 1 685 0
 4938 116c 00BF     		nop
 4939 116e 00E0     		b	.L111
 4940              	.L224:
 730:ui.c          ****             {
 4941              		.loc 1 730 0
ARM GAS  C:\Users\ggg88\AppData\Local\Temp\ccZlRNWc.s 			page 112


 4942 1170 00BF     		nop
 4943              	.L111:
1241:ui.c          ****         }
1242:ui.c          ****         else if (action == Up)
1243:ui.c          ****         {
1244:ui.c          ****             ;
1245:ui.c          ****         }
1246:ui.c          ****         else if (action == Down)
1247:ui.c          ****         {
1248:ui.c          ****             ;
1249:ui.c          ****         }
1250:ui.c          ****         //whatToDraw = 2;
1251:ui.c          ****     }
1252:ui.c          ****     
1253:ui.c          ****     
1254:ui.c          ****     //now draw stuff
1255:ui.c          ****     if (whatToDraw == 1)
 4944              		.loc 1 1255 0
 4945 1172 97F82F30 		ldrb	r3, [r7, #47]	@ zero_extendqisi2
 4946 1176 012B     		cmp	r3, #1
 4947 1178 44D1     		bne	.L200
1256:ui.c          ****     {
1257:ui.c          ****         //draw main menu
1258:ui.c          ****         OLEDclear(128, 64);
 4948              		.loc 1 1258 0
 4949 117a 4021     		movs	r1, #64
 4950 117c 8020     		movs	r0, #128
 4951 117e FFF7FEFF 		bl	OLEDclear
1259:ui.c          ****         myGFX_setFont(2);
 4952              		.loc 1 1259 0
 4953 1182 0220     		movs	r0, #2
 4954 1184 FFF7FEFF 		bl	myGFX_setFont
 4955              	.LBB18:
1260:ui.c          ****         for (int i = 0; i < numMainMenuItems; i++)
 4956              		.loc 1 1260 0
 4957 1188 0023     		movs	r3, #0
 4958 118a 3B62     		str	r3, [r7, #32]
 4959 118c 2CE0     		b	.L201
 4960              	.L204:
1261:ui.c          ****         {
1262:ui.c          ****             if (menuPosition[0][1] == i)
 4961              		.loc 1 1262 0
 4962 118e BA4B     		ldr	r3, .L238
 4963 1190 93F90130 		ldrsb	r3, [r3, #1]
 4964 1194 1A46     		mov	r2, r3
 4965 1196 3B6A     		ldr	r3, [r7, #32]
 4966 1198 9A42     		cmp	r2, r3
 4967 119a 14D1     		bne	.L202
1263:ui.c          ****             {
1264:ui.c          ****                 OLEDtextColor(0, 1);
 4968              		.loc 1 1264 0
 4969 119c 0121     		movs	r1, #1
 4970 119e 0020     		movs	r0, #0
 4971 11a0 FFF7FEFF 		bl	OLEDtextColor
1265:ui.c          ****                 OLEDwriteString(mainMenuNames[i], 15, 0, i);
 4972              		.loc 1 1265 0
 4973 11a4 B54A     		ldr	r2, .L238+4
ARM GAS  C:\Users\ggg88\AppData\Local\Temp\ccZlRNWc.s 			page 113


 4974 11a6 3B6A     		ldr	r3, [r7, #32]
 4975 11a8 52F82300 		ldr	r0, [r2, r3, lsl #2]
 4976 11ac 3B6A     		ldr	r3, [r7, #32]
 4977 11ae DBB2     		uxtb	r3, r3
 4978 11b0 0022     		movs	r2, #0
 4979 11b2 0F21     		movs	r1, #15
 4980 11b4 FFF7FEFF 		bl	OLEDwriteString
1266:ui.c          ****                 OLEDwriteArrow(0, i);
 4981              		.loc 1 1266 0
 4982 11b8 3B6A     		ldr	r3, [r7, #32]
 4983 11ba DBB2     		uxtb	r3, r3
 4984 11bc 1946     		mov	r1, r3
 4985 11be 0020     		movs	r0, #0
 4986 11c0 FFF7FEFF 		bl	OLEDwriteArrow
 4987 11c4 0DE0     		b	.L203
 4988              	.L202:
1267:ui.c          ****             }
1268:ui.c          ****             else
1269:ui.c          ****             {
1270:ui.c          ****                 OLEDtextColor(1, 0);
 4989              		.loc 1 1270 0
 4990 11c6 0021     		movs	r1, #0
 4991 11c8 0120     		movs	r0, #1
 4992 11ca FFF7FEFF 		bl	OLEDtextColor
1271:ui.c          ****                 OLEDwriteString(mainMenuNames[i], 15, 0, i);
 4993              		.loc 1 1271 0
 4994 11ce AB4A     		ldr	r2, .L238+4
 4995 11d0 3B6A     		ldr	r3, [r7, #32]
 4996 11d2 52F82300 		ldr	r0, [r2, r3, lsl #2]
 4997 11d6 3B6A     		ldr	r3, [r7, #32]
 4998 11d8 DBB2     		uxtb	r3, r3
 4999 11da 0022     		movs	r2, #0
 5000 11dc 0F21     		movs	r1, #15
 5001 11de FFF7FEFF 		bl	OLEDwriteString
 5002              	.L203:
1260:ui.c          ****         {
 5003              		.loc 1 1260 0 discriminator 2
 5004 11e2 3B6A     		ldr	r3, [r7, #32]
 5005 11e4 0133     		adds	r3, r3, #1
 5006 11e6 3B62     		str	r3, [r7, #32]
 5007              	.L201:
1260:ui.c          ****         {
 5008              		.loc 1 1260 0 is_stmt 0 discriminator 1
 5009 11e8 A54B     		ldr	r3, .L238+8
 5010 11ea 1B78     		ldrb	r3, [r3]	@ zero_extendqisi2
 5011 11ec 1A46     		mov	r2, r3
 5012 11ee 3B6A     		ldr	r3, [r7, #32]
 5013 11f0 9A42     		cmp	r2, r3
 5014 11f2 CCDC     		bgt	.L204
 5015              	.LBE18:
1272:ui.c          ****                 
1273:ui.c          ****             }
1274:ui.c          **** 
1275:ui.c          ****         }
1276:ui.c          ****         OLEDtextColor(1, 0);
 5016              		.loc 1 1276 0 is_stmt 1
 5017 11f4 0021     		movs	r1, #0
ARM GAS  C:\Users\ggg88\AppData\Local\Temp\ccZlRNWc.s 			page 114


 5018 11f6 0120     		movs	r0, #1
 5019 11f8 FFF7FEFF 		bl	OLEDtextColor
1277:ui.c          ****         mainOLEDWaitingToSend = 1;
 5020              		.loc 1 1277 0
 5021 11fc A14B     		ldr	r3, .L238+12
 5022 11fe 0122     		movs	r2, #1
 5023 1200 1A70     		strb	r2, [r3]
1278:ui.c          ****     }
1279:ui.c          ****     else if (whatToDraw == 2)
1280:ui.c          ****     {
1281:ui.c          ****         //store preset
1282:ui.c          ****         if (presetStoreStage == 0)
1283:ui.c          ****         {
1284:ui.c          ****             Decoder_1_Start();
1285:ui.c          ****             whatToDraw = 0;
1286:ui.c          ****             OLEDclear(128, 64);
1287:ui.c          ****             myGFX_setFont(2);
1288:ui.c          ****             OLEDtextColor(1, 0);
1289:ui.c          ****             OLEDwriteString("SELECT DEST",11 , 0, FirstLine);
1290:ui.c          ****             OLEDwriteString("LOCATION THEN ",13 , 0, SecondLine);
1291:ui.c          ****             OLEDwriteString("PUSH -> ",8 , 0, ThirdLine);
1292:ui.c          ****             OLEDtextColor(1, 0);
1293:ui.c          ****             myGFX_setFont(1);
1294:ui.c          ****             GFXsetCursor(&theGFX, 84,58);
1295:ui.c          ****            
1296:ui.c          ****             int8_t presetNumberToStoreTemp = presetNumberToStore;
1297:ui.c          **** 
1298:ui.c          ****             uint8_t currentChar = ((uint8_t)presetNumberToStoreTemp / 10);    
1299:ui.c          ****             GFXwrite(&theGFX, currentChar + 48);
1300:ui.c          ****             presetNumberToStoreTemp -= currentChar * 10;
1301:ui.c          ****             currentChar = ((uint8_t)presetNumberToStoreTemp);    
1302:ui.c          ****             GFXwrite(&theGFX, currentChar + 48);
1303:ui.c          ****             mainOLEDWaitingToSend = 1;
1304:ui.c          ****             encoderWatch = 1;
1305:ui.c          ****         }
1306:ui.c          ****         else if (presetStoreStage == 1)
1307:ui.c          ****         {
1308:ui.c          ****             whatToDraw = 0;
1309:ui.c          ****             OLEDclear(128, 64);
1310:ui.c          ****             newPresetName[0] = 'A';
1311:ui.c          ****             for (int i = 1; i < 14; i++)
1312:ui.c          ****             {
1313:ui.c          ****                 newPresetName[i] = 32;
1314:ui.c          ****             }
1315:ui.c          ****             myGFX_setFont(2);
1316:ui.c          ****             OLEDtextColor(1, 0);
1317:ui.c          ****             OLEDwriteString("USE VALUE KNOB",14 , 0, FirstLine);
1318:ui.c          ****             OLEDwriteString("TO CREATE NAME",14 , 0, SecondLine);
1319:ui.c          ****             OLEDtextColor(1, 0);
1320:ui.c          ****             myGFX_setFont(0);
1321:ui.c          ****             GFXsetCursor(&theGFX, 0,50);
1322:ui.c          ****             
1323:ui.c          ****             OLEDwriteString(newPresetName, 14, 0, ThirdLine);
1324:ui.c          ****             mainOLEDWaitingToSend = 1;
1325:ui.c          ****         }
1326:ui.c          ****         else
1327:ui.c          ****         {
ARM GAS  C:\Users\ggg88\AppData\Local\Temp\ccZlRNWc.s 			page 115


1328:ui.c          ****             whatToDraw = 0;
1329:ui.c          ****             OLEDtextColor(1, 0);
1330:ui.c          ****             myGFX_setFont(0);
1331:ui.c          ****             GFXsetCursor(&theGFX, 0,50);
1332:ui.c          ****             OLEDwriteString(newPresetName, 14, 0, ThirdLine);
1333:ui.c          ****             newPresetName[presetStoreStage-1] = 'A' - 1;
1334:ui.c          ****             mainOLEDWaitingToSend = 1;
1335:ui.c          ****         }
1336:ui.c          ****     }
1337:ui.c          **** 
1338:ui.c          **** 
1339:ui.c          ****     
1340:ui.c          ****     else if (whatToDraw == 3)
1341:ui.c          ****     {
1342:ui.c          ****         //draw calibration menu
1343:ui.c          ****         OLEDclear(128, 64);
1344:ui.c          ****         myGFX_setFont(2);
1345:ui.c          ****         for (int i = 0; i < numCalibrationItems; i++)
1346:ui.c          ****         {
1347:ui.c          ****             if (menuPosition[1][1] == i)
1348:ui.c          ****             {
1349:ui.c          ****                 OLEDtextColor(0, 1);
1350:ui.c          ****                 OLEDwriteString(calibrationNames[i], 15, 0, i);
1351:ui.c          ****                 OLEDwriteArrow(0, i);
1352:ui.c          ****             }
1353:ui.c          ****             else
1354:ui.c          ****             {
1355:ui.c          ****                 OLEDtextColor(1, 0);
1356:ui.c          ****                 OLEDwriteString(calibrationNames[i], 15, 0, i);
1357:ui.c          ****                 
1358:ui.c          ****             }
1359:ui.c          ****         }
1360:ui.c          ****         OLEDtextColor(1, 0);
1361:ui.c          ****         mainOLEDWaitingToSend = 1;
1362:ui.c          ****     }
1363:ui.c          ****     else if (whatToDraw == 4)
1364:ui.c          ****     {
1365:ui.c          ****         //draw settings menu
1366:ui.c          ****         OLEDclear(128, 64);
1367:ui.c          ****         myGFX_setFont(2);
1368:ui.c          ****         uint8_t tempPos = 0;
1369:ui.c          ****         for (int i = 0; i < numSettingsItems; i++)
1370:ui.c          ****         {
1371:ui.c          ****             if (menuPosition[2][1] == i)
1372:ui.c          ****             {
1373:ui.c          ****                 OLEDtextColor(0, 1);
1374:ui.c          ****                 OLEDwriteString(settingsNames[i], 15, 0, 0);
1375:ui.c          ****                 OLEDwriteArrow(0, 0);
1376:ui.c          ****             }
1377:ui.c          ****             else if (i > menuPosition[2][1])
1378:ui.c          ****             {
1379:ui.c          ****                 OLEDtextColor(1, 0);
1380:ui.c          ****                 tempPos = (i - menuPosition[2][1]);
1381:ui.c          ****                 if (tempPos < 4)
1382:ui.c          ****                 {
1383:ui.c          ****                     OLEDwriteString(settingsNames[i], 15, 0, tempPos);
1384:ui.c          ****                 } 
ARM GAS  C:\Users\ggg88\AppData\Local\Temp\ccZlRNWc.s 			page 116


1385:ui.c          ****             }
1386:ui.c          ****         }
1387:ui.c          ****         tempPos++;
1388:ui.c          ****         OLEDtextColor(1, 0);
1389:ui.c          ****         while (tempPos < 4)
1390:ui.c          ****         {
1391:ui.c          ****             OLEDwriteString("               ", 15, 0, tempPos);
1392:ui.c          ****             tempPos++;
1393:ui.c          ****         }
1394:ui.c          ****         mainOLEDWaitingToSend = 1;
1395:ui.c          ****     }
1396:ui.c          ****     
1397:ui.c          **** }
 5024              		.loc 1 1397 0
 5025 1202 9CE1     		b	.L225
 5026              	.L200:
1279:ui.c          ****     {
 5027              		.loc 1 1279 0
 5028 1204 97F82F30 		ldrb	r3, [r7, #47]	@ zero_extendqisi2
 5029 1208 022B     		cmp	r3, #2
 5030 120a 40F0C280 		bne	.L206
1282:ui.c          ****         {
 5031              		.loc 1 1282 0
 5032 120e 9E4B     		ldr	r3, .L238+16
 5033 1210 1B78     		ldrb	r3, [r3]	@ zero_extendqisi2
 5034 1212 002B     		cmp	r3, #0
 5035 1214 59D1     		bne	.L207
 5036              	.LBB19:
1284:ui.c          ****             whatToDraw = 0;
 5037              		.loc 1 1284 0
 5038 1216 FFF7FEFF 		bl	Decoder_1_Start
1285:ui.c          ****             OLEDclear(128, 64);
 5039              		.loc 1 1285 0
 5040 121a 0023     		movs	r3, #0
 5041 121c 87F82F30 		strb	r3, [r7, #47]
1286:ui.c          ****             myGFX_setFont(2);
 5042              		.loc 1 1286 0
 5043 1220 4021     		movs	r1, #64
 5044 1222 8020     		movs	r0, #128
 5045 1224 FFF7FEFF 		bl	OLEDclear
1287:ui.c          ****             OLEDtextColor(1, 0);
 5046              		.loc 1 1287 0
 5047 1228 0220     		movs	r0, #2
 5048 122a FFF7FEFF 		bl	myGFX_setFont
1288:ui.c          ****             OLEDwriteString("SELECT DEST",11 , 0, FirstLine);
 5049              		.loc 1 1288 0
 5050 122e 0021     		movs	r1, #0
 5051 1230 0120     		movs	r0, #1
 5052 1232 FFF7FEFF 		bl	OLEDtextColor
1289:ui.c          ****             OLEDwriteString("LOCATION THEN ",13 , 0, SecondLine);
 5053              		.loc 1 1289 0
 5054 1236 0023     		movs	r3, #0
 5055 1238 0022     		movs	r2, #0
 5056 123a 0B21     		movs	r1, #11
 5057 123c 9348     		ldr	r0, .L238+20
 5058 123e FFF7FEFF 		bl	OLEDwriteString
1290:ui.c          ****             OLEDwriteString("PUSH -> ",8 , 0, ThirdLine);
ARM GAS  C:\Users\ggg88\AppData\Local\Temp\ccZlRNWc.s 			page 117


 5059              		.loc 1 1290 0
 5060 1242 0123     		movs	r3, #1
 5061 1244 0022     		movs	r2, #0
 5062 1246 0D21     		movs	r1, #13
 5063 1248 9148     		ldr	r0, .L238+24
 5064 124a FFF7FEFF 		bl	OLEDwriteString
1291:ui.c          ****             OLEDtextColor(1, 0);
 5065              		.loc 1 1291 0
 5066 124e 0223     		movs	r3, #2
 5067 1250 0022     		movs	r2, #0
 5068 1252 0821     		movs	r1, #8
 5069 1254 8F48     		ldr	r0, .L238+28
 5070 1256 FFF7FEFF 		bl	OLEDwriteString
1292:ui.c          ****             myGFX_setFont(1);
 5071              		.loc 1 1292 0
 5072 125a 0021     		movs	r1, #0
 5073 125c 0120     		movs	r0, #1
 5074 125e FFF7FEFF 		bl	OLEDtextColor
1293:ui.c          ****             GFXsetCursor(&theGFX, 84,58);
 5075              		.loc 1 1293 0
 5076 1262 0120     		movs	r0, #1
 5077 1264 FFF7FEFF 		bl	myGFX_setFont
1294:ui.c          ****            
 5078              		.loc 1 1294 0
 5079 1268 3A22     		movs	r2, #58
 5080 126a 5421     		movs	r1, #84
 5081 126c 8A48     		ldr	r0, .L238+32
 5082 126e FFF7FEFF 		bl	GFXsetCursor
1296:ui.c          **** 
 5083              		.loc 1 1296 0
 5084 1272 8A4B     		ldr	r3, .L238+36
 5085 1274 1B78     		ldrb	r3, [r3]
 5086 1276 FB72     		strb	r3, [r7, #11]
1298:ui.c          ****             GFXwrite(&theGFX, currentChar + 48);
 5087              		.loc 1 1298 0
 5088 1278 FB7A     		ldrb	r3, [r7, #11]	@ zero_extendqisi2
 5089 127a 894A     		ldr	r2, .L238+40
 5090 127c A2FB0323 		umull	r2, r3, r2, r3
 5091 1280 DB08     		lsrs	r3, r3, #3
 5092 1282 BB72     		strb	r3, [r7, #10]
1299:ui.c          ****             presetNumberToStoreTemp -= currentChar * 10;
 5093              		.loc 1 1299 0
 5094 1284 BB7A     		ldrb	r3, [r7, #10]
 5095 1286 3033     		adds	r3, r3, #48
 5096 1288 DBB2     		uxtb	r3, r3
 5097 128a 1946     		mov	r1, r3
 5098 128c 8248     		ldr	r0, .L238+32
 5099 128e FFF7FEFF 		bl	GFXwrite
1300:ui.c          ****             currentChar = ((uint8_t)presetNumberToStoreTemp);    
 5100              		.loc 1 1300 0
 5101 1292 BB7A     		ldrb	r3, [r7, #10]
 5102 1294 1A46     		mov	r2, r3
 5103 1296 5201     		lsls	r2, r2, #5
 5104 1298 D21A     		subs	r2, r2, r3
 5105 129a 9200     		lsls	r2, r2, #2
 5106 129c D31A     		subs	r3, r2, r3
 5107 129e 5B00     		lsls	r3, r3, #1
ARM GAS  C:\Users\ggg88\AppData\Local\Temp\ccZlRNWc.s 			page 118


 5108 12a0 DAB2     		uxtb	r2, r3
 5109 12a2 FB7A     		ldrb	r3, [r7, #11]	@ zero_extendqisi2
 5110 12a4 1344     		add	r3, r3, r2
 5111 12a6 DBB2     		uxtb	r3, r3
 5112 12a8 FB72     		strb	r3, [r7, #11]
1301:ui.c          ****             GFXwrite(&theGFX, currentChar + 48);
 5113              		.loc 1 1301 0
 5114 12aa FB7A     		ldrb	r3, [r7, #11]
 5115 12ac BB72     		strb	r3, [r7, #10]
1302:ui.c          ****             mainOLEDWaitingToSend = 1;
 5116              		.loc 1 1302 0
 5117 12ae BB7A     		ldrb	r3, [r7, #10]
 5118 12b0 3033     		adds	r3, r3, #48
 5119 12b2 DBB2     		uxtb	r3, r3
 5120 12b4 1946     		mov	r1, r3
 5121 12b6 7848     		ldr	r0, .L238+32
 5122 12b8 FFF7FEFF 		bl	GFXwrite
1303:ui.c          ****             encoderWatch = 1;
 5123              		.loc 1 1303 0
 5124 12bc 714B     		ldr	r3, .L238+12
 5125 12be 0122     		movs	r2, #1
 5126 12c0 1A70     		strb	r2, [r3]
1304:ui.c          ****         }
 5127              		.loc 1 1304 0
 5128 12c2 784B     		ldr	r3, .L238+44
 5129 12c4 0122     		movs	r2, #1
 5130 12c6 1A70     		strb	r2, [r3]
 5131              	.LBE19:
 5132              		.loc 1 1397 0
 5133 12c8 39E1     		b	.L225
 5134              	.L207:
1306:ui.c          ****         {
 5135              		.loc 1 1306 0
 5136 12ca 6F4B     		ldr	r3, .L238+16
 5137 12cc 1B78     		ldrb	r3, [r3]	@ zero_extendqisi2
 5138 12ce 012B     		cmp	r3, #1
 5139 12d0 40D1     		bne	.L209
1308:ui.c          ****             OLEDclear(128, 64);
 5140              		.loc 1 1308 0
 5141 12d2 0023     		movs	r3, #0
 5142 12d4 87F82F30 		strb	r3, [r7, #47]
1309:ui.c          ****             newPresetName[0] = 'A';
 5143              		.loc 1 1309 0
 5144 12d8 4021     		movs	r1, #64
 5145 12da 8020     		movs	r0, #128
 5146 12dc FFF7FEFF 		bl	OLEDclear
1310:ui.c          ****             for (int i = 1; i < 14; i++)
 5147              		.loc 1 1310 0
 5148 12e0 714B     		ldr	r3, .L238+48
 5149 12e2 4122     		movs	r2, #65
 5150 12e4 1A70     		strb	r2, [r3]
 5151              	.LBB20:
1311:ui.c          ****             {
 5152              		.loc 1 1311 0
 5153 12e6 0123     		movs	r3, #1
 5154 12e8 FB61     		str	r3, [r7, #28]
 5155 12ea 07E0     		b	.L210
ARM GAS  C:\Users\ggg88\AppData\Local\Temp\ccZlRNWc.s 			page 119


 5156              	.L211:
1313:ui.c          ****             }
 5157              		.loc 1 1313 0 discriminator 3
 5158 12ec 6E4A     		ldr	r2, .L238+48
 5159 12ee FB69     		ldr	r3, [r7, #28]
 5160 12f0 1344     		add	r3, r3, r2
 5161 12f2 2022     		movs	r2, #32
 5162 12f4 1A70     		strb	r2, [r3]
1311:ui.c          ****             {
 5163              		.loc 1 1311 0 discriminator 3
 5164 12f6 FB69     		ldr	r3, [r7, #28]
 5165 12f8 0133     		adds	r3, r3, #1
 5166 12fa FB61     		str	r3, [r7, #28]
 5167              	.L210:
1311:ui.c          ****             {
 5168              		.loc 1 1311 0 is_stmt 0 discriminator 1
 5169 12fc FB69     		ldr	r3, [r7, #28]
 5170 12fe 0D2B     		cmp	r3, #13
 5171 1300 F4DD     		ble	.L211
 5172              	.LBE20:
1315:ui.c          ****             OLEDtextColor(1, 0);
 5173              		.loc 1 1315 0 is_stmt 1
 5174 1302 0220     		movs	r0, #2
 5175 1304 FFF7FEFF 		bl	myGFX_setFont
1316:ui.c          ****             OLEDwriteString("USE VALUE KNOB",14 , 0, FirstLine);
 5176              		.loc 1 1316 0
 5177 1308 0021     		movs	r1, #0
 5178 130a 0120     		movs	r0, #1
 5179 130c FFF7FEFF 		bl	OLEDtextColor
1317:ui.c          ****             OLEDwriteString("TO CREATE NAME",14 , 0, SecondLine);
 5180              		.loc 1 1317 0
 5181 1310 0023     		movs	r3, #0
 5182 1312 0022     		movs	r2, #0
 5183 1314 0E21     		movs	r1, #14
 5184 1316 6548     		ldr	r0, .L238+52
 5185 1318 FFF7FEFF 		bl	OLEDwriteString
1318:ui.c          ****             OLEDtextColor(1, 0);
 5186              		.loc 1 1318 0
 5187 131c 0123     		movs	r3, #1
 5188 131e 0022     		movs	r2, #0
 5189 1320 0E21     		movs	r1, #14
 5190 1322 6348     		ldr	r0, .L238+56
 5191 1324 FFF7FEFF 		bl	OLEDwriteString
1319:ui.c          ****             myGFX_setFont(0);
 5192              		.loc 1 1319 0
 5193 1328 0021     		movs	r1, #0
 5194 132a 0120     		movs	r0, #1
 5195 132c FFF7FEFF 		bl	OLEDtextColor
1320:ui.c          ****             GFXsetCursor(&theGFX, 0,50);
 5196              		.loc 1 1320 0
 5197 1330 0020     		movs	r0, #0
 5198 1332 FFF7FEFF 		bl	myGFX_setFont
1321:ui.c          ****             
 5199              		.loc 1 1321 0
 5200 1336 3222     		movs	r2, #50
 5201 1338 0021     		movs	r1, #0
 5202 133a 5748     		ldr	r0, .L238+32
ARM GAS  C:\Users\ggg88\AppData\Local\Temp\ccZlRNWc.s 			page 120


 5203 133c FFF7FEFF 		bl	GFXsetCursor
1323:ui.c          ****             mainOLEDWaitingToSend = 1;
 5204              		.loc 1 1323 0
 5205 1340 0223     		movs	r3, #2
 5206 1342 0022     		movs	r2, #0
 5207 1344 0E21     		movs	r1, #14
 5208 1346 5848     		ldr	r0, .L238+48
 5209 1348 FFF7FEFF 		bl	OLEDwriteString
1324:ui.c          ****         }
 5210              		.loc 1 1324 0
 5211 134c 4D4B     		ldr	r3, .L238+12
 5212 134e 0122     		movs	r2, #1
 5213 1350 1A70     		strb	r2, [r3]
 5214              		.loc 1 1397 0
 5215 1352 F4E0     		b	.L225
 5216              	.L209:
1328:ui.c          ****             OLEDtextColor(1, 0);
 5217              		.loc 1 1328 0
 5218 1354 0023     		movs	r3, #0
 5219 1356 87F82F30 		strb	r3, [r7, #47]
1329:ui.c          ****             myGFX_setFont(0);
 5220              		.loc 1 1329 0
 5221 135a 0021     		movs	r1, #0
 5222 135c 0120     		movs	r0, #1
 5223 135e FFF7FEFF 		bl	OLEDtextColor
1330:ui.c          ****             GFXsetCursor(&theGFX, 0,50);
 5224              		.loc 1 1330 0
 5225 1362 0020     		movs	r0, #0
 5226 1364 FFF7FEFF 		bl	myGFX_setFont
1331:ui.c          ****             OLEDwriteString(newPresetName, 14, 0, ThirdLine);
 5227              		.loc 1 1331 0
 5228 1368 3222     		movs	r2, #50
 5229 136a 0021     		movs	r1, #0
 5230 136c 4A48     		ldr	r0, .L238+32
 5231 136e FFF7FEFF 		bl	GFXsetCursor
1332:ui.c          ****             newPresetName[presetStoreStage-1] = 'A' - 1;
 5232              		.loc 1 1332 0
 5233 1372 0223     		movs	r3, #2
 5234 1374 0022     		movs	r2, #0
 5235 1376 0E21     		movs	r1, #14
 5236 1378 4B48     		ldr	r0, .L238+48
 5237 137a FFF7FEFF 		bl	OLEDwriteString
1333:ui.c          ****             mainOLEDWaitingToSend = 1;
 5238              		.loc 1 1333 0
 5239 137e 424B     		ldr	r3, .L238+16
 5240 1380 1B78     		ldrb	r3, [r3]	@ zero_extendqisi2
 5241 1382 013B     		subs	r3, r3, #1
 5242 1384 484A     		ldr	r2, .L238+48
 5243 1386 4021     		movs	r1, #64
 5244 1388 D154     		strb	r1, [r2, r3]
1334:ui.c          ****         }
 5245              		.loc 1 1334 0
 5246 138a 3E4B     		ldr	r3, .L238+12
 5247 138c 0122     		movs	r2, #1
 5248 138e 1A70     		strb	r2, [r3]
 5249              		.loc 1 1397 0
 5250 1390 D5E0     		b	.L225
ARM GAS  C:\Users\ggg88\AppData\Local\Temp\ccZlRNWc.s 			page 121


 5251              	.L206:
1340:ui.c          ****     {
 5252              		.loc 1 1340 0
 5253 1392 97F82F30 		ldrb	r3, [r7, #47]	@ zero_extendqisi2
 5254 1396 032B     		cmp	r3, #3
 5255 1398 44D1     		bne	.L212
1343:ui.c          ****         myGFX_setFont(2);
 5256              		.loc 1 1343 0
 5257 139a 4021     		movs	r1, #64
 5258 139c 8020     		movs	r0, #128
 5259 139e FFF7FEFF 		bl	OLEDclear
1344:ui.c          ****         for (int i = 0; i < numCalibrationItems; i++)
 5260              		.loc 1 1344 0
 5261 13a2 0220     		movs	r0, #2
 5262 13a4 FFF7FEFF 		bl	myGFX_setFont
 5263              	.LBB21:
1345:ui.c          ****         {
 5264              		.loc 1 1345 0
 5265 13a8 0023     		movs	r3, #0
 5266 13aa BB61     		str	r3, [r7, #24]
 5267 13ac 2CE0     		b	.L213
 5268              	.L216:
1347:ui.c          ****             {
 5269              		.loc 1 1347 0
 5270 13ae 324B     		ldr	r3, .L238
 5271 13b0 93F90330 		ldrsb	r3, [r3, #3]
 5272 13b4 1A46     		mov	r2, r3
 5273 13b6 BB69     		ldr	r3, [r7, #24]
 5274 13b8 9A42     		cmp	r2, r3
 5275 13ba 14D1     		bne	.L214
1349:ui.c          ****                 OLEDwriteString(calibrationNames[i], 15, 0, i);
 5276              		.loc 1 1349 0
 5277 13bc 0121     		movs	r1, #1
 5278 13be 0020     		movs	r0, #0
 5279 13c0 FFF7FEFF 		bl	OLEDtextColor
1350:ui.c          ****                 OLEDwriteArrow(0, i);
 5280              		.loc 1 1350 0
 5281 13c4 3B4A     		ldr	r2, .L238+60
 5282 13c6 BB69     		ldr	r3, [r7, #24]
 5283 13c8 52F82300 		ldr	r0, [r2, r3, lsl #2]
 5284 13cc BB69     		ldr	r3, [r7, #24]
 5285 13ce DBB2     		uxtb	r3, r3
 5286 13d0 0022     		movs	r2, #0
 5287 13d2 0F21     		movs	r1, #15
 5288 13d4 FFF7FEFF 		bl	OLEDwriteString
1351:ui.c          ****             }
 5289              		.loc 1 1351 0
 5290 13d8 BB69     		ldr	r3, [r7, #24]
 5291 13da DBB2     		uxtb	r3, r3
 5292 13dc 1946     		mov	r1, r3
 5293 13de 0020     		movs	r0, #0
 5294 13e0 FFF7FEFF 		bl	OLEDwriteArrow
 5295 13e4 0DE0     		b	.L215
 5296              	.L214:
1355:ui.c          ****                 OLEDwriteString(calibrationNames[i], 15, 0, i);
 5297              		.loc 1 1355 0
 5298 13e6 0021     		movs	r1, #0
ARM GAS  C:\Users\ggg88\AppData\Local\Temp\ccZlRNWc.s 			page 122


 5299 13e8 0120     		movs	r0, #1
 5300 13ea FFF7FEFF 		bl	OLEDtextColor
1356:ui.c          ****                 
 5301              		.loc 1 1356 0
 5302 13ee 314A     		ldr	r2, .L238+60
 5303 13f0 BB69     		ldr	r3, [r7, #24]
 5304 13f2 52F82300 		ldr	r0, [r2, r3, lsl #2]
 5305 13f6 BB69     		ldr	r3, [r7, #24]
 5306 13f8 DBB2     		uxtb	r3, r3
 5307 13fa 0022     		movs	r2, #0
 5308 13fc 0F21     		movs	r1, #15
 5309 13fe FFF7FEFF 		bl	OLEDwriteString
 5310              	.L215:
1345:ui.c          ****         {
 5311              		.loc 1 1345 0 discriminator 2
 5312 1402 BB69     		ldr	r3, [r7, #24]
 5313 1404 0133     		adds	r3, r3, #1
 5314 1406 BB61     		str	r3, [r7, #24]
 5315              	.L213:
1345:ui.c          ****         {
 5316              		.loc 1 1345 0 is_stmt 0 discriminator 1
 5317 1408 2B4B     		ldr	r3, .L238+64
 5318 140a 1B78     		ldrb	r3, [r3]	@ zero_extendqisi2
 5319 140c 1A46     		mov	r2, r3
 5320 140e BB69     		ldr	r3, [r7, #24]
 5321 1410 9A42     		cmp	r2, r3
 5322 1412 CCDC     		bgt	.L216
 5323              	.LBE21:
1360:ui.c          ****         mainOLEDWaitingToSend = 1;
 5324              		.loc 1 1360 0 is_stmt 1
 5325 1414 0021     		movs	r1, #0
 5326 1416 0120     		movs	r0, #1
 5327 1418 FFF7FEFF 		bl	OLEDtextColor
1361:ui.c          ****     }
 5328              		.loc 1 1361 0
 5329 141c 194B     		ldr	r3, .L238+12
 5330 141e 0122     		movs	r2, #1
 5331 1420 1A70     		strb	r2, [r3]
 5332              		.loc 1 1397 0
 5333 1422 8CE0     		b	.L225
 5334              	.L212:
1363:ui.c          ****     {
 5335              		.loc 1 1363 0
 5336 1424 97F82F30 		ldrb	r3, [r7, #47]	@ zero_extendqisi2
 5337 1428 042B     		cmp	r3, #4
 5338 142a 40F08880 		bne	.L225
 5339              	.LBB22:
1366:ui.c          ****         myGFX_setFont(2);
 5340              		.loc 1 1366 0
 5341 142e 4021     		movs	r1, #64
 5342 1430 8020     		movs	r0, #128
 5343 1432 FFF7FEFF 		bl	OLEDclear
1367:ui.c          ****         uint8_t tempPos = 0;
 5344              		.loc 1 1367 0
 5345 1436 0220     		movs	r0, #2
 5346 1438 FFF7FEFF 		bl	myGFX_setFont
1368:ui.c          ****         for (int i = 0; i < numSettingsItems; i++)
ARM GAS  C:\Users\ggg88\AppData\Local\Temp\ccZlRNWc.s 			page 123


 5347              		.loc 1 1368 0
 5348 143c 0023     		movs	r3, #0
 5349 143e FB75     		strb	r3, [r7, #23]
 5350              	.LBB23:
1369:ui.c          ****         {
 5351              		.loc 1 1369 0
 5352 1440 0023     		movs	r3, #0
 5353 1442 3B61     		str	r3, [r7, #16]
 5354 1444 5EE0     		b	.L217
 5355              	.L220:
1371:ui.c          ****             {
 5356              		.loc 1 1371 0
 5357 1446 0C4B     		ldr	r3, .L238
 5358 1448 93F90530 		ldrsb	r3, [r3, #5]
 5359 144c 1A46     		mov	r2, r3
 5360 144e 3B69     		ldr	r3, [r7, #16]
 5361 1450 9A42     		cmp	r2, r3
 5362 1452 35D1     		bne	.L218
1373:ui.c          ****                 OLEDwriteString(settingsNames[i], 15, 0, 0);
 5363              		.loc 1 1373 0
 5364 1454 0121     		movs	r1, #1
 5365 1456 0020     		movs	r0, #0
 5366 1458 FFF7FEFF 		bl	OLEDtextColor
1374:ui.c          ****                 OLEDwriteArrow(0, 0);
 5367              		.loc 1 1374 0
 5368 145c 174A     		ldr	r2, .L238+68
 5369 145e 3B69     		ldr	r3, [r7, #16]
 5370 1460 52F82300 		ldr	r0, [r2, r3, lsl #2]
 5371 1464 0023     		movs	r3, #0
 5372 1466 0022     		movs	r2, #0
 5373 1468 0F21     		movs	r1, #15
 5374 146a FFF7FEFF 		bl	OLEDwriteString
1375:ui.c          ****             }
 5375              		.loc 1 1375 0
 5376 146e 0021     		movs	r1, #0
 5377 1470 0020     		movs	r0, #0
 5378 1472 FFF7FEFF 		bl	OLEDwriteArrow
 5379 1476 42E0     		b	.L219
 5380              	.L239:
 5381              		.align	2
 5382              	.L238:
 5383 1478 00000000 		.word	menuPosition
 5384 147c 00000000 		.word	mainMenuNames
 5385 1480 00000000 		.word	numMainMenuItems
 5386 1484 00000000 		.word	mainOLEDWaitingToSend
 5387 1488 00000000 		.word	presetStoreStage
 5388 148c 90020000 		.word	.LC38
 5389 1490 9C020000 		.word	.LC39
 5390 1494 AC020000 		.word	.LC40
 5391 1498 00000000 		.word	theGFX
 5392 149c 00000000 		.word	presetNumberToStore
 5393 14a0 CDCCCCCC 		.word	-858993459
 5394 14a4 00000000 		.word	encoderWatch
 5395 14a8 00000000 		.word	newPresetName
 5396 14ac B8020000 		.word	.LC41
 5397 14b0 C8020000 		.word	.LC42
 5398 14b4 00000000 		.word	calibrationNames
ARM GAS  C:\Users\ggg88\AppData\Local\Temp\ccZlRNWc.s 			page 124


 5399 14b8 00000000 		.word	numCalibrationItems
 5400 14bc 00000000 		.word	settingsNames
 5401              	.L218:
1377:ui.c          ****             {
 5402              		.loc 1 1377 0
 5403 14c0 214B     		ldr	r3, .L240
 5404 14c2 93F90530 		ldrsb	r3, [r3, #5]
 5405 14c6 1A46     		mov	r2, r3
 5406 14c8 3B69     		ldr	r3, [r7, #16]
 5407 14ca 9A42     		cmp	r2, r3
 5408 14cc 17DA     		bge	.L219
1379:ui.c          ****                 tempPos = (i - menuPosition[2][1]);
 5409              		.loc 1 1379 0
 5410 14ce 0021     		movs	r1, #0
 5411 14d0 0120     		movs	r0, #1
 5412 14d2 FFF7FEFF 		bl	OLEDtextColor
1380:ui.c          ****                 if (tempPos < 4)
 5413              		.loc 1 1380 0
 5414 14d6 3B69     		ldr	r3, [r7, #16]
 5415 14d8 DAB2     		uxtb	r2, r3
 5416 14da 1B4B     		ldr	r3, .L240
 5417 14dc 93F90530 		ldrsb	r3, [r3, #5]
 5418 14e0 DBB2     		uxtb	r3, r3
 5419 14e2 D31A     		subs	r3, r2, r3
 5420 14e4 FB75     		strb	r3, [r7, #23]
1381:ui.c          ****                 {
 5421              		.loc 1 1381 0
 5422 14e6 FB7D     		ldrb	r3, [r7, #23]	@ zero_extendqisi2
 5423 14e8 032B     		cmp	r3, #3
 5424 14ea 08D8     		bhi	.L219
1383:ui.c          ****                 } 
 5425              		.loc 1 1383 0
 5426 14ec 174A     		ldr	r2, .L240+4
 5427 14ee 3B69     		ldr	r3, [r7, #16]
 5428 14f0 52F82300 		ldr	r0, [r2, r3, lsl #2]
 5429 14f4 FB7D     		ldrb	r3, [r7, #23]	@ zero_extendqisi2
 5430 14f6 0022     		movs	r2, #0
 5431 14f8 0F21     		movs	r1, #15
 5432 14fa FFF7FEFF 		bl	OLEDwriteString
 5433              	.L219:
1369:ui.c          ****         {
 5434              		.loc 1 1369 0 discriminator 2
 5435 14fe 3B69     		ldr	r3, [r7, #16]
 5436 1500 0133     		adds	r3, r3, #1
 5437 1502 3B61     		str	r3, [r7, #16]
 5438              	.L217:
1369:ui.c          ****         {
 5439              		.loc 1 1369 0 is_stmt 0 discriminator 1
 5440 1504 124B     		ldr	r3, .L240+8
 5441 1506 1B78     		ldrb	r3, [r3]	@ zero_extendqisi2
 5442 1508 1A46     		mov	r2, r3
 5443 150a 3B69     		ldr	r3, [r7, #16]
 5444 150c 9A42     		cmp	r2, r3
 5445 150e 9ADC     		bgt	.L220
 5446              	.LBE23:
1387:ui.c          ****         OLEDtextColor(1, 0);
 5447              		.loc 1 1387 0 is_stmt 1
ARM GAS  C:\Users\ggg88\AppData\Local\Temp\ccZlRNWc.s 			page 125


 5448 1510 FB7D     		ldrb	r3, [r7, #23]	@ zero_extendqisi2
 5449 1512 0133     		adds	r3, r3, #1
 5450 1514 FB75     		strb	r3, [r7, #23]
1388:ui.c          ****         while (tempPos < 4)
 5451              		.loc 1 1388 0
 5452 1516 0021     		movs	r1, #0
 5453 1518 0120     		movs	r0, #1
 5454 151a FFF7FEFF 		bl	OLEDtextColor
1389:ui.c          ****         {
 5455              		.loc 1 1389 0
 5456 151e 08E0     		b	.L221
 5457              	.L222:
1391:ui.c          ****             tempPos++;
 5458              		.loc 1 1391 0
 5459 1520 FB7D     		ldrb	r3, [r7, #23]	@ zero_extendqisi2
 5460 1522 0022     		movs	r2, #0
 5461 1524 0F21     		movs	r1, #15
 5462 1526 0B48     		ldr	r0, .L240+12
 5463 1528 FFF7FEFF 		bl	OLEDwriteString
1392:ui.c          ****         }
 5464              		.loc 1 1392 0
 5465 152c FB7D     		ldrb	r3, [r7, #23]	@ zero_extendqisi2
 5466 152e 0133     		adds	r3, r3, #1
 5467 1530 FB75     		strb	r3, [r7, #23]
 5468              	.L221:
1389:ui.c          ****         {
 5469              		.loc 1 1389 0
 5470 1532 FB7D     		ldrb	r3, [r7, #23]	@ zero_extendqisi2
 5471 1534 032B     		cmp	r3, #3
 5472 1536 F3D9     		bls	.L222
1394:ui.c          ****     }
 5473              		.loc 1 1394 0
 5474 1538 074B     		ldr	r3, .L240+16
 5475 153a 0122     		movs	r2, #1
 5476 153c 1A70     		strb	r2, [r3]
 5477              	.L225:
 5478              	.LBE22:
 5479              		.loc 1 1397 0
 5480 153e 00BF     		nop
 5481 1540 3437     		adds	r7, r7, #52
 5482              		.cfi_def_cfa_offset 12
 5483 1542 BD46     		mov	sp, r7
 5484              		.cfi_def_cfa_register 13
 5485              		@ sp needed
 5486 1544 90BD     		pop	{r4, r7, pc}
 5487              	.L241:
 5488 1546 00BF     		.align	2
 5489              	.L240:
 5490 1548 00000000 		.word	menuPosition
 5491 154c 00000000 		.word	settingsNames
 5492 1550 00000000 		.word	numSettingsItems
 5493 1554 D8020000 		.word	.LC43
 5494 1558 00000000 		.word	mainOLEDWaitingToSend
 5495              		.cfi_endproc
 5496              	.LFE67:
 5497              		.size	menuAction, .-menuAction
 5498              		.section	.text.leftPressed,"ax",%progbits
ARM GAS  C:\Users\ggg88\AppData\Local\Temp\ccZlRNWc.s 			page 126


 5499              		.align	2
 5500              		.global	leftPressed
 5501              		.thumb
 5502              		.thumb_func
 5503              		.type	leftPressed, %function
 5504              	leftPressed:
 5505              	.LFB68:
1398:ui.c          **** 
1399:ui.c          **** void leftPressed()
1400:ui.c          **** {
 5506              		.loc 1 1400 0
 5507              		.cfi_startproc
 5508              		@ args = 0, pretend = 0, frame = 0
 5509              		@ frame_needed = 1, uses_anonymous_args = 0
 5510 0000 80B5     		push	{r7, lr}
 5511              		.cfi_def_cfa_offset 8
 5512              		.cfi_offset 7, -8
 5513              		.cfi_offset 14, -4
 5514 0002 00AF     		add	r7, sp, #0
 5515              		.cfi_def_cfa_register 7
1401:ui.c          ****     if (!editMode) //normal behavior
 5516              		.loc 1 1401 0
 5517 0004 204B     		ldr	r3, .L248
 5518 0006 1B78     		ldrb	r3, [r3]	@ zero_extendqisi2
 5519 0008 002B     		cmp	r3, #0
 5520 000a 38D1     		bne	.L243
1402:ui.c          ****     {
1403:ui.c          ****         if (currentCopedent == 0)
 5521              		.loc 1 1403 0
 5522 000c 1F4B     		ldr	r3, .L248+4
 5523 000e 1B78     		ldrb	r3, [r3]	@ zero_extendqisi2
 5524 0010 002B     		cmp	r3, #0
 5525 0012 03D1     		bne	.L244
1404:ui.c          ****         {
1405:ui.c          ****             currentCopedent = MAX_NUM_COPEDENTS-1;
 5526              		.loc 1 1405 0
 5527 0014 1D4B     		ldr	r3, .L248+4
 5528 0016 0522     		movs	r2, #5
 5529 0018 1A70     		strb	r2, [r3]
 5530 001a 05E0     		b	.L245
 5531              	.L244:
1406:ui.c          ****         }
1407:ui.c          ****         else
1408:ui.c          ****         {
1409:ui.c          ****             currentCopedent -= 1;
 5532              		.loc 1 1409 0
 5533 001c 1B4B     		ldr	r3, .L248+4
 5534 001e 1B78     		ldrb	r3, [r3]	@ zero_extendqisi2
 5535 0020 013B     		subs	r3, r3, #1
 5536 0022 DAB2     		uxtb	r2, r3
 5537 0024 194B     		ldr	r3, .L248+4
 5538 0026 1A70     		strb	r2, [r3]
 5539              	.L245:
1410:ui.c          ****         }
1411:ui.c          ****         necks[currentNeck] = currentCopedent;
 5540              		.loc 1 1411 0
 5541 0028 194B     		ldr	r3, .L248+8
ARM GAS  C:\Users\ggg88\AppData\Local\Temp\ccZlRNWc.s 			page 127


 5542 002a 1B78     		ldrb	r3, [r3]	@ zero_extendqisi2
 5543 002c 1A46     		mov	r2, r3
 5544 002e 174B     		ldr	r3, .L248+4
 5545 0030 1978     		ldrb	r1, [r3]	@ zero_extendqisi2
 5546 0032 184B     		ldr	r3, .L248+12
 5547 0034 9954     		strb	r1, [r3, r2]
1412:ui.c          ****         neckByte = 0;
 5548              		.loc 1 1412 0
 5549 0036 184B     		ldr	r3, .L248+16
 5550 0038 0022     		movs	r2, #0
 5551 003a 1A70     		strb	r2, [r3]
1413:ui.c          ****         neckByte |= (necks[0]<<5) + (necks[1]<<2) + currentNeck;
 5552              		.loc 1 1413 0
 5553 003c 154B     		ldr	r3, .L248+12
 5554 003e 1B78     		ldrb	r3, [r3]	@ zero_extendqisi2
 5555 0040 5B01     		lsls	r3, r3, #5
 5556 0042 DAB2     		uxtb	r2, r3
 5557 0044 134B     		ldr	r3, .L248+12
 5558 0046 5B78     		ldrb	r3, [r3, #1]	@ zero_extendqisi2
 5559 0048 9B00     		lsls	r3, r3, #2
 5560 004a DBB2     		uxtb	r3, r3
 5561 004c 1344     		add	r3, r3, r2
 5562 004e DAB2     		uxtb	r2, r3
 5563 0050 0F4B     		ldr	r3, .L248+8
 5564 0052 1B78     		ldrb	r3, [r3]	@ zero_extendqisi2
 5565 0054 1344     		add	r3, r3, r2
 5566 0056 DBB2     		uxtb	r3, r3
 5567 0058 5AB2     		sxtb	r2, r3
 5568 005a 0F4B     		ldr	r3, .L248+16
 5569 005c 1B78     		ldrb	r3, [r3]	@ zero_extendqisi2
 5570 005e 5BB2     		sxtb	r3, r3
 5571 0060 1343     		orrs	r3, r3, r2
 5572 0062 5BB2     		sxtb	r3, r3
 5573 0064 DAB2     		uxtb	r2, r3
 5574 0066 0C4B     		ldr	r3, .L248+16
 5575 0068 1A70     		strb	r2, [r3]
1414:ui.c          ****         EEPROM_WriteByte(neckByte, EEPROM_NECKS_OFFSET);
 5576              		.loc 1 1414 0
 5577 006a 0B4B     		ldr	r3, .L248+16
 5578 006c 1B78     		ldrb	r3, [r3]	@ zero_extendqisi2
 5579 006e 40F28B71 		movw	r1, #1931
 5580 0072 1846     		mov	r0, r3
 5581 0074 FFF7FEFF 		bl	EEPROM_WriteByte
1415:ui.c          ****         displayCurrentPresetNameAndCopedent();
 5582              		.loc 1 1415 0
 5583 0078 FFF7FEFF 		bl	displayCurrentPresetNameAndCopedent
1416:ui.c          ****     }
1417:ui.c          ****     else
1418:ui.c          ****     {
1419:ui.c          ****         menuAction(Left);
1420:ui.c          ****     }
1421:ui.c          **** }
 5584              		.loc 1 1421 0
 5585 007c 02E0     		b	.L247
 5586              	.L243:
1419:ui.c          ****     }
 5587              		.loc 1 1419 0
ARM GAS  C:\Users\ggg88\AppData\Local\Temp\ccZlRNWc.s 			page 128


 5588 007e 0020     		movs	r0, #0
 5589 0080 FFF7FEFF 		bl	menuAction
 5590              	.L247:
 5591              		.loc 1 1421 0
 5592 0084 00BF     		nop
 5593 0086 80BD     		pop	{r7, pc}
 5594              	.L249:
 5595              		.align	2
 5596              	.L248:
 5597 0088 00000000 		.word	editMode
 5598 008c 00000000 		.word	currentCopedent
 5599 0090 00000000 		.word	currentNeck
 5600 0094 00000000 		.word	necks
 5601 0098 00000000 		.word	neckByte
 5602              		.cfi_endproc
 5603              	.LFE68:
 5604              		.size	leftPressed, .-leftPressed
 5605              		.section	.text.rightPressed,"ax",%progbits
 5606              		.align	2
 5607              		.global	rightPressed
 5608              		.thumb
 5609              		.thumb_func
 5610              		.type	rightPressed, %function
 5611              	rightPressed:
 5612              	.LFB69:
1422:ui.c          **** 
1423:ui.c          **** void rightPressed()
1424:ui.c          **** {
 5613              		.loc 1 1424 0
 5614              		.cfi_startproc
 5615              		@ args = 0, pretend = 0, frame = 0
 5616              		@ frame_needed = 1, uses_anonymous_args = 0
 5617 0000 80B5     		push	{r7, lr}
 5618              		.cfi_def_cfa_offset 8
 5619              		.cfi_offset 7, -8
 5620              		.cfi_offset 14, -4
 5621 0002 00AF     		add	r7, sp, #0
 5622              		.cfi_def_cfa_register 7
1425:ui.c          ****     if (!editMode) //normal behavior
 5623              		.loc 1 1425 0
 5624 0004 204B     		ldr	r3, .L255
 5625 0006 1B78     		ldrb	r3, [r3]	@ zero_extendqisi2
 5626 0008 002B     		cmp	r3, #0
 5627 000a 37D1     		bne	.L251
1426:ui.c          ****     {
1427:ui.c          ****         currentCopedent += 1;
 5628              		.loc 1 1427 0
 5629 000c 1F4B     		ldr	r3, .L255+4
 5630 000e 1B78     		ldrb	r3, [r3]	@ zero_extendqisi2
 5631 0010 0133     		adds	r3, r3, #1
 5632 0012 DAB2     		uxtb	r2, r3
 5633 0014 1D4B     		ldr	r3, .L255+4
 5634 0016 1A70     		strb	r2, [r3]
1428:ui.c          ****         if (currentCopedent >= MAX_NUM_COPEDENTS)
 5635              		.loc 1 1428 0
 5636 0018 1C4B     		ldr	r3, .L255+4
 5637 001a 1B78     		ldrb	r3, [r3]	@ zero_extendqisi2
ARM GAS  C:\Users\ggg88\AppData\Local\Temp\ccZlRNWc.s 			page 129


 5638 001c 052B     		cmp	r3, #5
 5639 001e 02D9     		bls	.L252
1429:ui.c          ****         {
1430:ui.c          ****             currentCopedent = 0;
 5640              		.loc 1 1430 0
 5641 0020 1A4B     		ldr	r3, .L255+4
 5642 0022 0022     		movs	r2, #0
 5643 0024 1A70     		strb	r2, [r3]
 5644              	.L252:
1431:ui.c          ****         }
1432:ui.c          ****         necks[currentNeck] = currentCopedent;
 5645              		.loc 1 1432 0
 5646 0026 1A4B     		ldr	r3, .L255+8
 5647 0028 1B78     		ldrb	r3, [r3]	@ zero_extendqisi2
 5648 002a 1A46     		mov	r2, r3
 5649 002c 174B     		ldr	r3, .L255+4
 5650 002e 1978     		ldrb	r1, [r3]	@ zero_extendqisi2
 5651 0030 184B     		ldr	r3, .L255+12
 5652 0032 9954     		strb	r1, [r3, r2]
1433:ui.c          ****         neckByte = 0;
 5653              		.loc 1 1433 0
 5654 0034 184B     		ldr	r3, .L255+16
 5655 0036 0022     		movs	r2, #0
 5656 0038 1A70     		strb	r2, [r3]
1434:ui.c          ****         neckByte |= (necks[0]<<5) + (necks[1]<<2) + currentNeck;
 5657              		.loc 1 1434 0
 5658 003a 164B     		ldr	r3, .L255+12
 5659 003c 1B78     		ldrb	r3, [r3]	@ zero_extendqisi2
 5660 003e 5B01     		lsls	r3, r3, #5
 5661 0040 DAB2     		uxtb	r2, r3
 5662 0042 144B     		ldr	r3, .L255+12
 5663 0044 5B78     		ldrb	r3, [r3, #1]	@ zero_extendqisi2
 5664 0046 9B00     		lsls	r3, r3, #2
 5665 0048 DBB2     		uxtb	r3, r3
 5666 004a 1344     		add	r3, r3, r2
 5667 004c DAB2     		uxtb	r2, r3
 5668 004e 104B     		ldr	r3, .L255+8
 5669 0050 1B78     		ldrb	r3, [r3]	@ zero_extendqisi2
 5670 0052 1344     		add	r3, r3, r2
 5671 0054 DBB2     		uxtb	r3, r3
 5672 0056 5AB2     		sxtb	r2, r3
 5673 0058 0F4B     		ldr	r3, .L255+16
 5674 005a 1B78     		ldrb	r3, [r3]	@ zero_extendqisi2
 5675 005c 5BB2     		sxtb	r3, r3
 5676 005e 1343     		orrs	r3, r3, r2
 5677 0060 5BB2     		sxtb	r3, r3
 5678 0062 DAB2     		uxtb	r2, r3
 5679 0064 0C4B     		ldr	r3, .L255+16
 5680 0066 1A70     		strb	r2, [r3]
1435:ui.c          ****         EEPROM_WriteByte(neckByte, EEPROM_NECKS_OFFSET);
 5681              		.loc 1 1435 0
 5682 0068 0B4B     		ldr	r3, .L255+16
 5683 006a 1B78     		ldrb	r3, [r3]	@ zero_extendqisi2
 5684 006c 40F28B71 		movw	r1, #1931
 5685 0070 1846     		mov	r0, r3
 5686 0072 FFF7FEFF 		bl	EEPROM_WriteByte
1436:ui.c          ****         displayCurrentPresetNameAndCopedent();
ARM GAS  C:\Users\ggg88\AppData\Local\Temp\ccZlRNWc.s 			page 130


 5687              		.loc 1 1436 0
 5688 0076 FFF7FEFF 		bl	displayCurrentPresetNameAndCopedent
1437:ui.c          ****     }
1438:ui.c          ****     else
1439:ui.c          ****     {
1440:ui.c          ****        menuAction(Right);
1441:ui.c          ****     }
1442:ui.c          **** }
 5689              		.loc 1 1442 0
 5690 007a 02E0     		b	.L254
 5691              	.L251:
1440:ui.c          ****     }
 5692              		.loc 1 1440 0
 5693 007c 0120     		movs	r0, #1
 5694 007e FFF7FEFF 		bl	menuAction
 5695              	.L254:
 5696              		.loc 1 1442 0
 5697 0082 00BF     		nop
 5698 0084 80BD     		pop	{r7, pc}
 5699              	.L256:
 5700 0086 00BF     		.align	2
 5701              	.L255:
 5702 0088 00000000 		.word	editMode
 5703 008c 00000000 		.word	currentCopedent
 5704 0090 00000000 		.word	currentNeck
 5705 0094 00000000 		.word	necks
 5706 0098 00000000 		.word	neckByte
 5707              		.cfi_endproc
 5708              	.LFE69:
 5709              		.size	rightPressed, .-rightPressed
 5710              		.section	.text.downPressed,"ax",%progbits
 5711              		.align	2
 5712              		.global	downPressed
 5713              		.thumb
 5714              		.thumb_func
 5715              		.type	downPressed, %function
 5716              	downPressed:
 5717              	.LFB70:
1443:ui.c          **** 
1444:ui.c          **** void downPressed()
1445:ui.c          **** {
 5718              		.loc 1 1445 0
 5719              		.cfi_startproc
 5720              		@ args = 0, pretend = 0, frame = 0
 5721              		@ frame_needed = 1, uses_anonymous_args = 0
 5722 0000 80B5     		push	{r7, lr}
 5723              		.cfi_def_cfa_offset 8
 5724              		.cfi_offset 7, -8
 5725              		.cfi_offset 14, -4
 5726 0002 00AF     		add	r7, sp, #0
 5727              		.cfi_def_cfa_register 7
1446:ui.c          ****     if (!editMode) //normal behavior
 5728              		.loc 1 1446 0
 5729 0004 194B     		ldr	r3, .L261
 5730 0006 1B78     		ldrb	r3, [r3]	@ zero_extendqisi2
 5731 0008 002B     		cmp	r3, #0
 5732 000a 29D1     		bne	.L258
ARM GAS  C:\Users\ggg88\AppData\Local\Temp\ccZlRNWc.s 			page 131


1447:ui.c          ****     {
1448:ui.c          ****         patchNum -= 1;
 5733              		.loc 1 1448 0
 5734 000c 184B     		ldr	r3, .L261+4
 5735 000e 1B78     		ldrb	r3, [r3]	@ zero_extendqisi2
 5736 0010 013B     		subs	r3, r3, #1
 5737 0012 DAB2     		uxtb	r2, r3
 5738 0014 164B     		ldr	r3, .L261+4
 5739 0016 1A70     		strb	r2, [r3]
1449:ui.c          ****         patchNum &= 63;
 5740              		.loc 1 1449 0
 5741 0018 154B     		ldr	r3, .L261+4
 5742 001a 1B78     		ldrb	r3, [r3]	@ zero_extendqisi2
 5743 001c 03F03F03 		and	r3, r3, #63
 5744 0020 DAB2     		uxtb	r2, r3
 5745 0022 134B     		ldr	r3, .L261+4
 5746 0024 1A70     		strb	r2, [r3]
1450:ui.c          ****         EEPROM_WriteByte(patchNum, EEPROM_CURRENT_PRESET_OFFSET);
 5747              		.loc 1 1450 0
 5748 0026 124B     		ldr	r3, .L261+4
 5749 0028 1B78     		ldrb	r3, [r3]	@ zero_extendqisi2
 5750 002a 40F27E71 		movw	r1, #1918
 5751 002e 1846     		mov	r0, r3
 5752 0030 FFF7FEFF 		bl	EEPROM_WriteByte
1451:ui.c          ****         
1452:ui.c          ****         neckPreset[currentNeck] = patchNum;
 5753              		.loc 1 1452 0
 5754 0034 0F4B     		ldr	r3, .L261+8
 5755 0036 1B78     		ldrb	r3, [r3]	@ zero_extendqisi2
 5756 0038 1A46     		mov	r2, r3
 5757 003a 0D4B     		ldr	r3, .L261+4
 5758 003c 1978     		ldrb	r1, [r3]	@ zero_extendqisi2
 5759 003e 0E4B     		ldr	r3, .L261+12
 5760 0040 9954     		strb	r1, [r3, r2]
1453:ui.c          ****         EEPROM_WriteByte(patchNum, EEPROM_NECK_PRESETS_OFFSET + currentNeck);
 5761              		.loc 1 1453 0
 5762 0042 0B4B     		ldr	r3, .L261+4
 5763 0044 1A78     		ldrb	r2, [r3]	@ zero_extendqisi2
 5764 0046 0B4B     		ldr	r3, .L261+8
 5765 0048 1B78     		ldrb	r3, [r3]	@ zero_extendqisi2
 5766 004a 9BB2     		uxth	r3, r3
 5767 004c 03F28473 		addw	r3, r3, #1924
 5768 0050 9BB2     		uxth	r3, r3
 5769 0052 1946     		mov	r1, r3
 5770 0054 1046     		mov	r0, r2
 5771 0056 FFF7FEFF 		bl	EEPROM_WriteByte
1454:ui.c          ****         
1455:ui.c          ****         displayCurrentPresetNameAndCopedent();
 5772              		.loc 1 1455 0
 5773 005a FFF7FEFF 		bl	displayCurrentPresetNameAndCopedent
1456:ui.c          ****     }
1457:ui.c          ****     else
1458:ui.c          ****     {
1459:ui.c          ****         menuAction(Down);
1460:ui.c          ****     }
1461:ui.c          **** }
 5774              		.loc 1 1461 0
ARM GAS  C:\Users\ggg88\AppData\Local\Temp\ccZlRNWc.s 			page 132


 5775 005e 02E0     		b	.L260
 5776              	.L258:
1459:ui.c          ****     }
 5777              		.loc 1 1459 0
 5778 0060 0220     		movs	r0, #2
 5779 0062 FFF7FEFF 		bl	menuAction
 5780              	.L260:
 5781              		.loc 1 1461 0
 5782 0066 00BF     		nop
 5783 0068 80BD     		pop	{r7, pc}
 5784              	.L262:
 5785 006a 00BF     		.align	2
 5786              	.L261:
 5787 006c 00000000 		.word	editMode
 5788 0070 00000000 		.word	patchNum
 5789 0074 00000000 		.word	currentNeck
 5790 0078 00000000 		.word	neckPreset
 5791              		.cfi_endproc
 5792              	.LFE70:
 5793              		.size	downPressed, .-downPressed
 5794              		.section	.text.upPressed,"ax",%progbits
 5795              		.align	2
 5796              		.global	upPressed
 5797              		.thumb
 5798              		.thumb_func
 5799              		.type	upPressed, %function
 5800              	upPressed:
 5801              	.LFB71:
1462:ui.c          **** 
1463:ui.c          **** void upPressed()
1464:ui.c          **** {
 5802              		.loc 1 1464 0
 5803              		.cfi_startproc
 5804              		@ args = 0, pretend = 0, frame = 0
 5805              		@ frame_needed = 1, uses_anonymous_args = 0
 5806 0000 80B5     		push	{r7, lr}
 5807              		.cfi_def_cfa_offset 8
 5808              		.cfi_offset 7, -8
 5809              		.cfi_offset 14, -4
 5810 0002 00AF     		add	r7, sp, #0
 5811              		.cfi_def_cfa_register 7
1465:ui.c          ****     if (!editMode) //normal behavior
 5812              		.loc 1 1465 0
 5813 0004 194B     		ldr	r3, .L267
 5814 0006 1B78     		ldrb	r3, [r3]	@ zero_extendqisi2
 5815 0008 002B     		cmp	r3, #0
 5816 000a 29D1     		bne	.L264
1466:ui.c          ****     {
1467:ui.c          ****         patchNum += 1;
 5817              		.loc 1 1467 0
 5818 000c 184B     		ldr	r3, .L267+4
 5819 000e 1B78     		ldrb	r3, [r3]	@ zero_extendqisi2
 5820 0010 0133     		adds	r3, r3, #1
 5821 0012 DAB2     		uxtb	r2, r3
 5822 0014 164B     		ldr	r3, .L267+4
 5823 0016 1A70     		strb	r2, [r3]
1468:ui.c          ****         patchNum &= 63;
ARM GAS  C:\Users\ggg88\AppData\Local\Temp\ccZlRNWc.s 			page 133


 5824              		.loc 1 1468 0
 5825 0018 154B     		ldr	r3, .L267+4
 5826 001a 1B78     		ldrb	r3, [r3]	@ zero_extendqisi2
 5827 001c 03F03F03 		and	r3, r3, #63
 5828 0020 DAB2     		uxtb	r2, r3
 5829 0022 134B     		ldr	r3, .L267+4
 5830 0024 1A70     		strb	r2, [r3]
1469:ui.c          ****         EEPROM_WriteByte(patchNum, EEPROM_CURRENT_PRESET_OFFSET);
 5831              		.loc 1 1469 0
 5832 0026 124B     		ldr	r3, .L267+4
 5833 0028 1B78     		ldrb	r3, [r3]	@ zero_extendqisi2
 5834 002a 40F27E71 		movw	r1, #1918
 5835 002e 1846     		mov	r0, r3
 5836 0030 FFF7FEFF 		bl	EEPROM_WriteByte
1470:ui.c          ****         
1471:ui.c          ****         neckPreset[currentNeck] = patchNum;
 5837              		.loc 1 1471 0
 5838 0034 0F4B     		ldr	r3, .L267+8
 5839 0036 1B78     		ldrb	r3, [r3]	@ zero_extendqisi2
 5840 0038 1A46     		mov	r2, r3
 5841 003a 0D4B     		ldr	r3, .L267+4
 5842 003c 1978     		ldrb	r1, [r3]	@ zero_extendqisi2
 5843 003e 0E4B     		ldr	r3, .L267+12
 5844 0040 9954     		strb	r1, [r3, r2]
1472:ui.c          ****         EEPROM_WriteByte(patchNum, EEPROM_NECK_PRESETS_OFFSET + currentNeck);
 5845              		.loc 1 1472 0
 5846 0042 0B4B     		ldr	r3, .L267+4
 5847 0044 1A78     		ldrb	r2, [r3]	@ zero_extendqisi2
 5848 0046 0B4B     		ldr	r3, .L267+8
 5849 0048 1B78     		ldrb	r3, [r3]	@ zero_extendqisi2
 5850 004a 9BB2     		uxth	r3, r3
 5851 004c 03F28473 		addw	r3, r3, #1924
 5852 0050 9BB2     		uxth	r3, r3
 5853 0052 1946     		mov	r1, r3
 5854 0054 1046     		mov	r0, r2
 5855 0056 FFF7FEFF 		bl	EEPROM_WriteByte
1473:ui.c          ****         
1474:ui.c          ****         displayCurrentPresetNameAndCopedent();
 5856              		.loc 1 1474 0
 5857 005a FFF7FEFF 		bl	displayCurrentPresetNameAndCopedent
1475:ui.c          ****     }
1476:ui.c          ****     else
1477:ui.c          ****     {
1478:ui.c          ****         menuAction(Up);
1479:ui.c          ****     }
1480:ui.c          **** }
 5858              		.loc 1 1480 0
 5859 005e 02E0     		b	.L266
 5860              	.L264:
1478:ui.c          ****     }
 5861              		.loc 1 1478 0
 5862 0060 0320     		movs	r0, #3
 5863 0062 FFF7FEFF 		bl	menuAction
 5864              	.L266:
 5865              		.loc 1 1480 0
 5866 0066 00BF     		nop
 5867 0068 80BD     		pop	{r7, pc}
ARM GAS  C:\Users\ggg88\AppData\Local\Temp\ccZlRNWc.s 			page 134


 5868              	.L268:
 5869 006a 00BF     		.align	2
 5870              	.L267:
 5871 006c 00000000 		.word	editMode
 5872 0070 00000000 		.word	patchNum
 5873 0074 00000000 		.word	currentNeck
 5874 0078 00000000 		.word	neckPreset
 5875              		.cfi_endproc
 5876              	.LFE71:
 5877              		.size	upPressed, .-upPressed
 5878              		.section	.text.enterPressed,"ax",%progbits
 5879              		.align	2
 5880              		.global	enterPressed
 5881              		.thumb
 5882              		.thumb_func
 5883              		.type	enterPressed, %function
 5884              	enterPressed:
 5885              	.LFB72:
1481:ui.c          **** 
1482:ui.c          **** void enterPressed()
1483:ui.c          **** {
 5886              		.loc 1 1483 0
 5887              		.cfi_startproc
 5888              		@ args = 0, pretend = 0, frame = 0
 5889              		@ frame_needed = 1, uses_anonymous_args = 0
 5890 0000 80B5     		push	{r7, lr}
 5891              		.cfi_def_cfa_offset 8
 5892              		.cfi_offset 7, -8
 5893              		.cfi_offset 14, -4
 5894 0002 00AF     		add	r7, sp, #0
 5895              		.cfi_def_cfa_register 7
1484:ui.c          ****     if (!editMode) //normal behavior
 5896              		.loc 1 1484 0
 5897 0004 0E4B     		ldr	r3, .L275
 5898 0006 1B78     		ldrb	r3, [r3]	@ zero_extendqisi2
 5899 0008 002B     		cmp	r3, #0
 5900 000a 13D1     		bne	.L270
1485:ui.c          ****     {
1486:ui.c          ****         controlsDisplayed = !controlsDisplayed;
 5901              		.loc 1 1486 0
 5902 000c 0D4B     		ldr	r3, .L275+4
 5903 000e 1B78     		ldrb	r3, [r3]	@ zero_extendqisi2
 5904 0010 002B     		cmp	r3, #0
 5905 0012 0CBF     		ite	eq
 5906 0014 0123     		moveq	r3, #1
 5907 0016 0023     		movne	r3, #0
 5908 0018 DBB2     		uxtb	r3, r3
 5909 001a 1A46     		mov	r2, r3
 5910 001c 094B     		ldr	r3, .L275+4
 5911 001e 1A70     		strb	r2, [r3]
1487:ui.c          ****         if (controlsDisplayed)
 5912              		.loc 1 1487 0
 5913 0020 084B     		ldr	r3, .L275+4
 5914 0022 1B78     		ldrb	r3, [r3]	@ zero_extendqisi2
 5915 0024 002B     		cmp	r3, #0
 5916 0026 02D0     		beq	.L271
1488:ui.c          ****         {
ARM GAS  C:\Users\ggg88\AppData\Local\Temp\ccZlRNWc.s 			page 135


1489:ui.c          ****             displayCurrentControlNames();
 5917              		.loc 1 1489 0
 5918 0028 FFF7FEFF 		bl	displayCurrentControlNames
1490:ui.c          ****         }
1491:ui.c          ****         else
1492:ui.c          ****         {
1493:ui.c          ****             displayCurrentPresetNameAndCopedent();
1494:ui.c          ****         }
1495:ui.c          ****     }
1496:ui.c          ****     else
1497:ui.c          ****     {
1498:ui.c          ****         menuAction(Enter);
1499:ui.c          ****     }
1500:ui.c          **** }
 5919              		.loc 1 1500 0
 5920 002c 05E0     		b	.L274
 5921              	.L271:
1493:ui.c          ****         }
 5922              		.loc 1 1493 0
 5923 002e FFF7FEFF 		bl	displayCurrentPresetNameAndCopedent
 5924              		.loc 1 1500 0
 5925 0032 02E0     		b	.L274
 5926              	.L270:
1498:ui.c          ****     }
 5927              		.loc 1 1498 0
 5928 0034 0420     		movs	r0, #4
 5929 0036 FFF7FEFF 		bl	menuAction
 5930              	.L274:
 5931              		.loc 1 1500 0
 5932 003a 00BF     		nop
 5933 003c 80BD     		pop	{r7, pc}
 5934              	.L276:
 5935 003e 00BF     		.align	2
 5936              	.L275:
 5937 0040 00000000 		.word	editMode
 5938 0044 00000000 		.word	controlsDisplayed
 5939              		.cfi_endproc
 5940              	.LFE72:
 5941              		.size	enterPressed, .-enterPressed
 5942              		.section	.rodata
 5943              		.align	2
 5944              	.LC44:
 5945 02e8 43414C49 		.ascii	"CALIBRATION\000"
 5945      42524154 
 5945      494F4E00 
 5946              		.align	2
 5947              	.LC45:
 5948 02f4 4D4F5645 		.ascii	"MOVE ALL PEDALS\000"
 5948      20414C4C 
 5948      20504544 
 5948      414C5300 
 5949              		.align	2
 5950              	.LC46:
 5951 0304 414E4420 		.ascii	"AND LEVERS\000"
 5951      4C455645 
 5951      525300
 5952 030f 00       		.align	2
ARM GAS  C:\Users\ggg88\AppData\Local\Temp\ccZlRNWc.s 			page 136


 5953              	.LC47:
 5954 0310 5448454E 		.ascii	"THEN PRESS ->\000"
 5954      20505245 
 5954      5353202D 
 5954      3E00
 5955              		.section	.text.enterLeverCalibrationMode,"ax",%progbits
 5956              		.align	2
 5957              		.global	enterLeverCalibrationMode
 5958              		.thumb
 5959              		.thumb_func
 5960              		.type	enterLeverCalibrationMode, %function
 5961              	enterLeverCalibrationMode:
 5962              	.LFB73:
1501:ui.c          **** 
1502:ui.c          **** void enterLeverCalibrationMode(void)
1503:ui.c          **** {
 5963              		.loc 1 1503 0
 5964              		.cfi_startproc
 5965              		@ args = 0, pretend = 0, frame = 8
 5966              		@ frame_needed = 1, uses_anonymous_args = 0
 5967 0000 80B5     		push	{r7, lr}
 5968              		.cfi_def_cfa_offset 8
 5969              		.cfi_offset 7, -8
 5970              		.cfi_offset 14, -4
 5971 0002 82B0     		sub	sp, sp, #8
 5972              		.cfi_def_cfa_offset 16
 5973 0004 00AF     		add	r7, sp, #0
 5974              		.cfi_def_cfa_register 7
1504:ui.c          ****     OLEDclear(128, 64);
 5975              		.loc 1 1504 0
 5976 0006 4021     		movs	r1, #64
 5977 0008 8020     		movs	r0, #128
 5978 000a FFF7FEFF 		bl	OLEDclear
1505:ui.c          ****     myGFX_setFont(2);
 5979              		.loc 1 1505 0
 5980 000e 0220     		movs	r0, #2
 5981 0010 FFF7FEFF 		bl	myGFX_setFont
1506:ui.c          ****     OLEDtextColor(0, 1);
 5982              		.loc 1 1506 0
 5983 0014 0121     		movs	r1, #1
 5984 0016 0020     		movs	r0, #0
 5985 0018 FFF7FEFF 		bl	OLEDtextColor
1507:ui.c          ****     OLEDwriteString("CALIBRATION", 11, 1, FirstLine);
 5986              		.loc 1 1507 0
 5987 001c 0023     		movs	r3, #0
 5988 001e 0122     		movs	r2, #1
 5989 0020 0B21     		movs	r1, #11
 5990 0022 1B48     		ldr	r0, .L280
 5991 0024 FFF7FEFF 		bl	OLEDwriteString
1508:ui.c          ****     OLEDwriteString("MOVE ALL PEDALS", 15, 1, SecondLine);
 5992              		.loc 1 1508 0
 5993 0028 0123     		movs	r3, #1
 5994 002a 0122     		movs	r2, #1
 5995 002c 0F21     		movs	r1, #15
 5996 002e 1948     		ldr	r0, .L280+4
 5997 0030 FFF7FEFF 		bl	OLEDwriteString
1509:ui.c          ****     OLEDwriteString("AND LEVERS", 10, 1, ThirdLine);
ARM GAS  C:\Users\ggg88\AppData\Local\Temp\ccZlRNWc.s 			page 137


 5998              		.loc 1 1509 0
 5999 0034 0223     		movs	r3, #2
 6000 0036 0122     		movs	r2, #1
 6001 0038 0A21     		movs	r1, #10
 6002 003a 1748     		ldr	r0, .L280+8
 6003 003c FFF7FEFF 		bl	OLEDwriteString
1510:ui.c          ****     OLEDwriteString("THEN PRESS ->", 15, 1, FourthLine);
 6004              		.loc 1 1510 0
 6005 0040 0323     		movs	r3, #3
 6006 0042 0122     		movs	r2, #1
 6007 0044 0F21     		movs	r1, #15
 6008 0046 1548     		ldr	r0, .L280+12
 6009 0048 FFF7FEFF 		bl	OLEDwriteString
1511:ui.c          ****     mainOLEDWaitingToSend = 1;
 6010              		.loc 1 1511 0
 6011 004c 144B     		ldr	r3, .L280+16
 6012 004e 0122     		movs	r2, #1
 6013 0050 1A70     		strb	r2, [r3]
1512:ui.c          ****     OLEDtextColor(1, 0);
 6014              		.loc 1 1512 0
 6015 0052 0021     		movs	r1, #0
 6016 0054 0120     		movs	r0, #1
 6017 0056 FFF7FEFF 		bl	OLEDtextColor
 6018              	.LBB24:
1513:ui.c          ****     //entering calibration mode, clear the pedals low and high arrays
1514:ui.c          ****     for (int i = 0; i < 10; i++)
 6019              		.loc 1 1514 0
 6020 005a 0023     		movs	r3, #0
 6021 005c 7B60     		str	r3, [r7, #4]
 6022 005e 0DE0     		b	.L278
 6023              	.L279:
1515:ui.c          ****     {
1516:ui.c          ****         pedals_low[i] = 4095;
 6024              		.loc 1 1516 0 discriminator 3
 6025 0060 104A     		ldr	r2, .L280+20
 6026 0062 7B68     		ldr	r3, [r7, #4]
 6027 0064 40F6FF71 		movw	r1, #4095
 6028 0068 22F81310 		strh	r1, [r2, r3, lsl #1]	@ movhi
1517:ui.c          ****         pedals_high[i] = 0;
 6029              		.loc 1 1517 0 discriminator 3
 6030 006c 0E4A     		ldr	r2, .L280+24
 6031 006e 7B68     		ldr	r3, [r7, #4]
 6032 0070 0021     		movs	r1, #0
 6033 0072 22F81310 		strh	r1, [r2, r3, lsl #1]	@ movhi
1514:ui.c          ****     {
 6034              		.loc 1 1514 0 discriminator 3
 6035 0076 7B68     		ldr	r3, [r7, #4]
 6036 0078 0133     		adds	r3, r3, #1
 6037 007a 7B60     		str	r3, [r7, #4]
 6038              	.L278:
1514:ui.c          ****     {
 6039              		.loc 1 1514 0 is_stmt 0 discriminator 1
 6040 007c 7B68     		ldr	r3, [r7, #4]
 6041 007e 092B     		cmp	r3, #9
 6042 0080 EEDD     		ble	.L279
 6043              	.LBE24:
1518:ui.c          ****     }
ARM GAS  C:\Users\ggg88\AppData\Local\Temp\ccZlRNWc.s 			page 138


1519:ui.c          ****     leverCalibrationMode = 1;
 6044              		.loc 1 1519 0 is_stmt 1
 6045 0082 0A4B     		ldr	r3, .L280+28
 6046 0084 0122     		movs	r2, #1
 6047 0086 1A70     		strb	r2, [r3]
1520:ui.c          **** }
 6048              		.loc 1 1520 0
 6049 0088 00BF     		nop
 6050 008a 0837     		adds	r7, r7, #8
 6051              		.cfi_def_cfa_offset 8
 6052 008c BD46     		mov	sp, r7
 6053              		.cfi_def_cfa_register 13
 6054              		@ sp needed
 6055 008e 80BD     		pop	{r7, pc}
 6056              	.L281:
 6057              		.align	2
 6058              	.L280:
 6059 0090 E8020000 		.word	.LC44
 6060 0094 F4020000 		.word	.LC45
 6061 0098 04030000 		.word	.LC46
 6062 009c 10030000 		.word	.LC47
 6063 00a0 00000000 		.word	mainOLEDWaitingToSend
 6064 00a4 00000000 		.word	pedals_low
 6065 00a8 00000000 		.word	pedals_high
 6066 00ac 00000000 		.word	leverCalibrationMode
 6067              		.cfi_endproc
 6068              	.LFE73:
 6069              		.size	enterLeverCalibrationMode, .-enterLeverCalibrationMode
 6070              		.section	.text.exitLeverCalibrationMode,"ax",%progbits
 6071              		.align	2
 6072              		.global	exitLeverCalibrationMode
 6073              		.thumb
 6074              		.thumb_func
 6075              		.type	exitLeverCalibrationMode, %function
 6076              	exitLeverCalibrationMode:
 6077              	.LFB74:
1521:ui.c          **** 
1522:ui.c          **** void exitLeverCalibrationMode(void)
1523:ui.c          **** {
 6078              		.loc 1 1523 0
 6079              		.cfi_startproc
 6080              		@ args = 0, pretend = 0, frame = 24
 6081              		@ frame_needed = 1, uses_anonymous_args = 0
 6082 0000 80B5     		push	{r7, lr}
 6083              		.cfi_def_cfa_offset 8
 6084              		.cfi_offset 7, -8
 6085              		.cfi_offset 14, -4
 6086 0002 86B0     		sub	sp, sp, #24
 6087              		.cfi_def_cfa_offset 32
 6088 0004 00AF     		add	r7, sp, #0
 6089              		.cfi_def_cfa_register 7
1524:ui.c          ****     leverCalibrationMode = 0;
 6090              		.loc 1 1524 0
 6091 0006 5B4B     		ldr	r3, .L293
 6092 0008 0022     		movs	r2, #0
 6093 000a 1A70     		strb	r2, [r3]
 6094              	.LBB25:
ARM GAS  C:\Users\ggg88\AppData\Local\Temp\ccZlRNWc.s 			page 139


1525:ui.c          ****     //draw normal screen
1526:ui.c          ****     for (int i = 0; i < NUM_PEDALS; i++)
 6095              		.loc 1 1526 0
 6096 000c 0023     		movs	r3, #0
 6097 000e 7B61     		str	r3, [r7, #20]
 6098 0010 33E0     		b	.L283
 6099              	.L288:
 6100              	.LBB26:
1527:ui.c          ****     {
1528:ui.c          ****         //if you are closer to pedal high than pedal low, then switch high and low, the sensor is r
1529:ui.c          ****         int distanceFromLow = (angle[i] - pedals_low[i]);
 6101              		.loc 1 1529 0
 6102 0012 594A     		ldr	r2, .L293+4
 6103 0014 7B69     		ldr	r3, [r7, #20]
 6104 0016 32F81330 		ldrh	r3, [r2, r3, lsl #1]
 6105 001a 1946     		mov	r1, r3
 6106 001c 574A     		ldr	r2, .L293+8
 6107 001e 7B69     		ldr	r3, [r7, #20]
 6108 0020 32F81330 		ldrh	r3, [r2, r3, lsl #1]
 6109 0024 CB1A     		subs	r3, r1, r3
 6110 0026 3B61     		str	r3, [r7, #16]
1530:ui.c          ****         if (distanceFromLow < 0)
 6111              		.loc 1 1530 0
 6112 0028 3B69     		ldr	r3, [r7, #16]
 6113 002a 002B     		cmp	r3, #0
 6114 002c 02DA     		bge	.L284
1531:ui.c          ****         {
1532:ui.c          ****             distanceFromLow *= -1;
 6115              		.loc 1 1532 0
 6116 002e 3B69     		ldr	r3, [r7, #16]
 6117 0030 5B42     		negs	r3, r3
 6118 0032 3B61     		str	r3, [r7, #16]
 6119              	.L284:
1533:ui.c          ****         }
1534:ui.c          ****         int distanceFromHigh = (angle[i] - pedals_high[i]);
 6120              		.loc 1 1534 0
 6121 0034 504A     		ldr	r2, .L293+4
 6122 0036 7B69     		ldr	r3, [r7, #20]
 6123 0038 32F81330 		ldrh	r3, [r2, r3, lsl #1]
 6124 003c 1946     		mov	r1, r3
 6125 003e 504A     		ldr	r2, .L293+12
 6126 0040 7B69     		ldr	r3, [r7, #20]
 6127 0042 32F81330 		ldrh	r3, [r2, r3, lsl #1]
 6128 0046 CB1A     		subs	r3, r1, r3
 6129 0048 FB60     		str	r3, [r7, #12]
1535:ui.c          ****         if (distanceFromHigh < 0)
 6130              		.loc 1 1535 0
 6131 004a FB68     		ldr	r3, [r7, #12]
 6132 004c 002B     		cmp	r3, #0
 6133 004e 02DA     		bge	.L285
1536:ui.c          ****         {
1537:ui.c          ****             distanceFromHigh *= -1;
 6134              		.loc 1 1537 0
 6135 0050 FB68     		ldr	r3, [r7, #12]
 6136 0052 5B42     		negs	r3, r3
 6137 0054 FB60     		str	r3, [r7, #12]
 6138              	.L285:
ARM GAS  C:\Users\ggg88\AppData\Local\Temp\ccZlRNWc.s 			page 140


1538:ui.c          ****         }
1539:ui.c          ****         if (distanceFromLow > distanceFromHigh)
 6139              		.loc 1 1539 0
 6140 0056 3A69     		ldr	r2, [r7, #16]
 6141 0058 FB68     		ldr	r3, [r7, #12]
 6142 005a 9A42     		cmp	r2, r3
 6143 005c 05DD     		ble	.L286
1540:ui.c          ****         {
1541:ui.c          ****             pedal_inverted[i] = 1;
 6144              		.loc 1 1541 0
 6145 005e 494A     		ldr	r2, .L293+16
 6146 0060 7B69     		ldr	r3, [r7, #20]
 6147 0062 1344     		add	r3, r3, r2
 6148 0064 0122     		movs	r2, #1
 6149 0066 1A70     		strb	r2, [r3]
 6150 0068 04E0     		b	.L287
 6151              	.L286:
1542:ui.c          ****         }
1543:ui.c          ****         else
1544:ui.c          ****         {
1545:ui.c          ****             pedal_inverted[i] = 0;
 6152              		.loc 1 1545 0
 6153 006a 464A     		ldr	r2, .L293+16
 6154 006c 7B69     		ldr	r3, [r7, #20]
 6155 006e 1344     		add	r3, r3, r2
 6156 0070 0022     		movs	r2, #0
 6157 0072 1A70     		strb	r2, [r3]
 6158              	.L287:
 6159              	.LBE26:
1526:ui.c          ****     {
 6160              		.loc 1 1526 0 discriminator 2
 6161 0074 7B69     		ldr	r3, [r7, #20]
 6162 0076 0133     		adds	r3, r3, #1
 6163 0078 7B61     		str	r3, [r7, #20]
 6164              	.L283:
1526:ui.c          ****     {
 6165              		.loc 1 1526 0 is_stmt 0 discriminator 1
 6166 007a 7B69     		ldr	r3, [r7, #20]
 6167 007c 092B     		cmp	r3, #9
 6168 007e C8DD     		ble	.L288
 6169              	.LBE25:
1546:ui.c          ****         }
1547:ui.c          ****     }
1548:ui.c          ****     uint16_t pedal_inverted_byte = 0;
 6170              		.loc 1 1548 0 is_stmt 1
 6171 0080 0023     		movs	r3, #0
 6172 0082 7B81     		strh	r3, [r7, #10]	@ movhi
 6173              	.LBB27:
1549:ui.c          ****     for (int i = 0; i < NUM_PEDALS; i++)
 6174              		.loc 1 1549 0
 6175 0084 0023     		movs	r3, #0
 6176 0086 7B60     		str	r3, [r7, #4]
 6177 0088 0EE0     		b	.L289
 6178              	.L290:
1550:ui.c          ****     {
1551:ui.c          ****         pedal_inverted_byte += pedal_inverted[i] << i;
 6179              		.loc 1 1551 0 discriminator 3
ARM GAS  C:\Users\ggg88\AppData\Local\Temp\ccZlRNWc.s 			page 141


 6180 008a 3E4A     		ldr	r2, .L293+16
 6181 008c 7B68     		ldr	r3, [r7, #4]
 6182 008e 1344     		add	r3, r3, r2
 6183 0090 1B78     		ldrb	r3, [r3]	@ zero_extendqisi2
 6184 0092 1A46     		mov	r2, r3
 6185 0094 7B68     		ldr	r3, [r7, #4]
 6186 0096 02FA03F3 		lsl	r3, r2, r3
 6187 009a 9AB2     		uxth	r2, r3
 6188 009c 7B89     		ldrh	r3, [r7, #10]	@ movhi
 6189 009e 1344     		add	r3, r3, r2
 6190 00a0 7B81     		strh	r3, [r7, #10]	@ movhi
1549:ui.c          ****     for (int i = 0; i < NUM_PEDALS; i++)
 6191              		.loc 1 1549 0 discriminator 3
 6192 00a2 7B68     		ldr	r3, [r7, #4]
 6193 00a4 0133     		adds	r3, r3, #1
 6194 00a6 7B60     		str	r3, [r7, #4]
 6195              	.L289:
1549:ui.c          ****     for (int i = 0; i < NUM_PEDALS; i++)
 6196              		.loc 1 1549 0 is_stmt 0 discriminator 1
 6197 00a8 7B68     		ldr	r3, [r7, #4]
 6198 00aa 092B     		cmp	r3, #9
 6199 00ac EDDD     		ble	.L290
 6200              	.LBE27:
1552:ui.c          ****     }
1553:ui.c          ****     EEPROM_WriteByte(pedal_inverted_byte>>8, EEPROM_PEDAL_INVERTED_OFFSET);
 6201              		.loc 1 1553 0 is_stmt 1
 6202 00ae 7B89     		ldrh	r3, [r7, #10]
 6203 00b0 1B0A     		lsrs	r3, r3, #8
 6204 00b2 9BB2     		uxth	r3, r3
 6205 00b4 DBB2     		uxtb	r3, r3
 6206 00b6 4FF4F161 		mov	r1, #1928
 6207 00ba 1846     		mov	r0, r3
 6208 00bc FFF7FEFF 		bl	EEPROM_WriteByte
1554:ui.c          ****     EEPROM_WriteByte(pedal_inverted_byte& 255, EEPROM_PEDAL_INVERTED_OFFSET+1);
 6209              		.loc 1 1554 0
 6210 00c0 7B89     		ldrh	r3, [r7, #10]	@ movhi
 6211 00c2 DBB2     		uxtb	r3, r3
 6212 00c4 40F28971 		movw	r1, #1929
 6213 00c8 1846     		mov	r0, r3
 6214 00ca FFF7FEFF 		bl	EEPROM_WriteByte
1555:ui.c          ****     calculatePedalRatios();
 6215              		.loc 1 1555 0
 6216 00ce FFF7FEFF 		bl	calculatePedalRatios
 6217              	.LBB28:
1556:ui.c          ****     //now need to store this in EEPROM.                
1557:ui.c          ****     for (int i = 0; i < NUM_PEDALS; i++)
 6218              		.loc 1 1557 0
 6219 00d2 0023     		movs	r3, #0
 6220 00d4 3B60     		str	r3, [r7]
 6221 00d6 45E0     		b	.L291
 6222              	.L292:
1558:ui.c          ****     {
1559:ui.c          ****          EEPROM_WriteByte((pedals_low[i] >> 8), EEPROM_LEVER_CALIBRATION_OFFSET + (i*4));
 6223              		.loc 1 1559 0 discriminator 3
 6224 00d8 284A     		ldr	r2, .L293+8
 6225 00da 3B68     		ldr	r3, [r7]
 6226 00dc 32F81330 		ldrh	r3, [r2, r3, lsl #1]
ARM GAS  C:\Users\ggg88\AppData\Local\Temp\ccZlRNWc.s 			page 142


 6227 00e0 1B0A     		lsrs	r3, r3, #8
 6228 00e2 9BB2     		uxth	r3, r3
 6229 00e4 DAB2     		uxtb	r2, r3
 6230 00e6 3B68     		ldr	r3, [r7]
 6231 00e8 03F29B13 		addw	r3, r3, #411
 6232 00ec 9BB2     		uxth	r3, r3
 6233 00ee 9B00     		lsls	r3, r3, #2
 6234 00f0 9BB2     		uxth	r3, r3
 6235 00f2 1946     		mov	r1, r3
 6236 00f4 1046     		mov	r0, r2
 6237 00f6 FFF7FEFF 		bl	EEPROM_WriteByte
1560:ui.c          ****          EEPROM_WriteByte((pedals_low[i] & 255), EEPROM_LEVER_CALIBRATION_OFFSET + ((i*4) + 1));
 6238              		.loc 1 1560 0 discriminator 3
 6239 00fa 204A     		ldr	r2, .L293+8
 6240 00fc 3B68     		ldr	r3, [r7]
 6241 00fe 32F81330 		ldrh	r3, [r2, r3, lsl #1]
 6242 0102 DAB2     		uxtb	r2, r3
 6243 0104 3B68     		ldr	r3, [r7]
 6244 0106 9BB2     		uxth	r3, r3
 6245 0108 9B00     		lsls	r3, r3, #2
 6246 010a 9BB2     		uxth	r3, r3
 6247 010c 03F26D63 		addw	r3, r3, #1645
 6248 0110 9BB2     		uxth	r3, r3
 6249 0112 1946     		mov	r1, r3
 6250 0114 1046     		mov	r0, r2
 6251 0116 FFF7FEFF 		bl	EEPROM_WriteByte
1561:ui.c          ****          EEPROM_WriteByte((pedals_high[i] >> 8), EEPROM_LEVER_CALIBRATION_OFFSET + ((i*4) + 2));
 6252              		.loc 1 1561 0 discriminator 3
 6253 011a 194A     		ldr	r2, .L293+12
 6254 011c 3B68     		ldr	r3, [r7]
 6255 011e 32F81330 		ldrh	r3, [r2, r3, lsl #1]
 6256 0122 1B0A     		lsrs	r3, r3, #8
 6257 0124 9BB2     		uxth	r3, r3
 6258 0126 DAB2     		uxtb	r2, r3
 6259 0128 3B68     		ldr	r3, [r7]
 6260 012a 9BB2     		uxth	r3, r3
 6261 012c 9B00     		lsls	r3, r3, #2
 6262 012e 9BB2     		uxth	r3, r3
 6263 0130 03F26E63 		addw	r3, r3, #1646
 6264 0134 9BB2     		uxth	r3, r3
 6265 0136 1946     		mov	r1, r3
 6266 0138 1046     		mov	r0, r2
 6267 013a FFF7FEFF 		bl	EEPROM_WriteByte
1562:ui.c          ****          EEPROM_WriteByte((pedals_high[i] & 255), EEPROM_LEVER_CALIBRATION_OFFSET + ((i*4) + 3));
 6268              		.loc 1 1562 0 discriminator 3
 6269 013e 104A     		ldr	r2, .L293+12
 6270 0140 3B68     		ldr	r3, [r7]
 6271 0142 32F81330 		ldrh	r3, [r2, r3, lsl #1]
 6272 0146 DAB2     		uxtb	r2, r3
 6273 0148 3B68     		ldr	r3, [r7]
 6274 014a 9BB2     		uxth	r3, r3
 6275 014c 9B00     		lsls	r3, r3, #2
 6276 014e 9BB2     		uxth	r3, r3
 6277 0150 03F26F63 		addw	r3, r3, #1647
 6278 0154 9BB2     		uxth	r3, r3
 6279 0156 1946     		mov	r1, r3
 6280 0158 1046     		mov	r0, r2
ARM GAS  C:\Users\ggg88\AppData\Local\Temp\ccZlRNWc.s 			page 143


 6281 015a FFF7FEFF 		bl	EEPROM_WriteByte
1557:ui.c          ****     {
 6282              		.loc 1 1557 0 discriminator 3
 6283 015e 3B68     		ldr	r3, [r7]
 6284 0160 0133     		adds	r3, r3, #1
 6285 0162 3B60     		str	r3, [r7]
 6286              	.L291:
1557:ui.c          ****     {
 6287              		.loc 1 1557 0 is_stmt 0 discriminator 1
 6288 0164 3B68     		ldr	r3, [r7]
 6289 0166 092B     		cmp	r3, #9
 6290 0168 B6DD     		ble	.L292
 6291              	.LBE28:
1563:ui.c          ****     }
1564:ui.c          **** }
 6292              		.loc 1 1564 0 is_stmt 1
 6293 016a 00BF     		nop
 6294 016c 1837     		adds	r7, r7, #24
 6295              		.cfi_def_cfa_offset 8
 6296 016e BD46     		mov	sp, r7
 6297              		.cfi_def_cfa_register 13
 6298              		@ sp needed
 6299 0170 80BD     		pop	{r7, pc}
 6300              	.L294:
 6301 0172 00BF     		.align	2
 6302              	.L293:
 6303 0174 00000000 		.word	leverCalibrationMode
 6304 0178 00000000 		.word	angle
 6305 017c 00000000 		.word	pedals_low
 6306 0180 00000000 		.word	pedals_high
 6307 0184 00000000 		.word	pedal_inverted
 6308              		.cfi_endproc
 6309              	.LFE74:
 6310              		.size	exitLeverCalibrationMode, .-exitLeverCalibrationMode
 6311              		.section	.rodata
 6312 031e 0000     		.align	2
 6313              	.LC48:
 6314 0320 504C4143 		.ascii	"PLACE BAR AT \000"
 6314      45204241 
 6314      52204154 
 6314      2000
 6315 032e 0000     		.align	2
 6316              	.LC49:
 6317 0330 46524554 		.ascii	"FRET \000"
 6317      2000
 6318              		.section	.text.enterFretCalibrationMode,"ax",%progbits
 6319              		.align	2
 6320              		.global	enterFretCalibrationMode
 6321              		.thumb
 6322              		.thumb_func
 6323              		.type	enterFretCalibrationMode, %function
 6324              	enterFretCalibrationMode:
 6325              	.LFB75:
1565:ui.c          **** 
1566:ui.c          **** 
1567:ui.c          **** void enterFretCalibrationMode(void)
1568:ui.c          **** {
ARM GAS  C:\Users\ggg88\AppData\Local\Temp\ccZlRNWc.s 			page 144


 6326              		.loc 1 1568 0
 6327              		.cfi_startproc
 6328              		@ args = 0, pretend = 0, frame = 8
 6329              		@ frame_needed = 1, uses_anonymous_args = 0
 6330 0000 80B5     		push	{r7, lr}
 6331              		.cfi_def_cfa_offset 8
 6332              		.cfi_offset 7, -8
 6333              		.cfi_offset 14, -4
 6334 0002 82B0     		sub	sp, sp, #8
 6335              		.cfi_def_cfa_offset 16
 6336 0004 00AF     		add	r7, sp, #0
 6337              		.cfi_def_cfa_register 7
1569:ui.c          ****     OLEDclear(128, 64);
 6338              		.loc 1 1569 0
 6339 0006 4021     		movs	r1, #64
 6340 0008 8020     		movs	r0, #128
 6341 000a FFF7FEFF 		bl	OLEDclear
1570:ui.c          ****     myGFX_setFont(2);
 6342              		.loc 1 1570 0
 6343 000e 0220     		movs	r0, #2
 6344 0010 FFF7FEFF 		bl	myGFX_setFont
1571:ui.c          ****     OLEDtextColor(0, 1);
 6345              		.loc 1 1571 0
 6346 0014 0121     		movs	r1, #1
 6347 0016 0020     		movs	r0, #0
 6348 0018 FFF7FEFF 		bl	OLEDtextColor
1572:ui.c          ****     fretToCalibrate = 0;
 6349              		.loc 1 1572 0
 6350 001c 234B     		ldr	r3, .L298
 6351 001e 0022     		movs	r2, #0
 6352 0020 1A70     		strb	r2, [r3]
 6353              	.LBB29:
1573:ui.c          ****     for (int i = 0; i < NUM_SLIDERS; i++)
 6354              		.loc 1 1573 0
 6355 0022 0023     		movs	r3, #0
 6356 0024 7B60     		str	r3, [r7, #4]
 6357 0026 0DE0     		b	.L296
 6358              	.L297:
1574:ui.c          ****     {
1575:ui.c          ****         sensorOnMax[i] = 0;
 6359              		.loc 1 1575 0 discriminator 3
 6360 0028 214A     		ldr	r2, .L298+4
 6361 002a 7B68     		ldr	r3, [r7, #4]
 6362 002c 0021     		movs	r1, #0
 6363 002e 22F81310 		strh	r1, [r2, r3, lsl #1]	@ movhi
1576:ui.c          ****         sensorOnMin[i] = 65535;
 6364              		.loc 1 1576 0 discriminator 3
 6365 0032 204A     		ldr	r2, .L298+8
 6366 0034 7B68     		ldr	r3, [r7, #4]
 6367 0036 4FF6FF71 		movw	r1, #65535
 6368 003a 22F81310 		strh	r1, [r2, r3, lsl #1]	@ movhi
1573:ui.c          ****     for (int i = 0; i < NUM_SLIDERS; i++)
 6369              		.loc 1 1573 0 discriminator 3
 6370 003e 7B68     		ldr	r3, [r7, #4]
 6371 0040 0133     		adds	r3, r3, #1
 6372 0042 7B60     		str	r3, [r7, #4]
 6373              	.L296:
ARM GAS  C:\Users\ggg88\AppData\Local\Temp\ccZlRNWc.s 			page 145


1573:ui.c          ****     for (int i = 0; i < NUM_SLIDERS; i++)
 6374              		.loc 1 1573 0 is_stmt 0 discriminator 1
 6375 0044 7B68     		ldr	r3, [r7, #4]
 6376 0046 082B     		cmp	r3, #8
 6377 0048 EEDD     		ble	.L297
 6378              	.LBE29:
1577:ui.c          ****     }
1578:ui.c          ****     
1579:ui.c          ****     OLEDwriteString("CALIBRATION", 11, 1, FirstLine);
 6379              		.loc 1 1579 0 is_stmt 1
 6380 004a 0023     		movs	r3, #0
 6381 004c 0122     		movs	r2, #1
 6382 004e 0B21     		movs	r1, #11
 6383 0050 1948     		ldr	r0, .L298+12
 6384 0052 FFF7FEFF 		bl	OLEDwriteString
1580:ui.c          ****     OLEDwriteString("PLACE BAR AT ", 15, 1, SecondLine);
 6385              		.loc 1 1580 0
 6386 0056 0123     		movs	r3, #1
 6387 0058 0122     		movs	r2, #1
 6388 005a 0F21     		movs	r1, #15
 6389 005c 1748     		ldr	r0, .L298+16
 6390 005e FFF7FEFF 		bl	OLEDwriteString
1581:ui.c          ****     OLEDwriteString("FRET ", 5, 1, ThirdLine);
 6391              		.loc 1 1581 0
 6392 0062 0223     		movs	r3, #2
 6393 0064 0122     		movs	r2, #1
 6394 0066 0521     		movs	r1, #5
 6395 0068 1548     		ldr	r0, .L298+20
 6396 006a FFF7FEFF 		bl	OLEDwriteString
1582:ui.c          ****     OLEDwriteInt(whichFretArray[fretToCalibrate], 2, 40, ThirdLine);
 6397              		.loc 1 1582 0
 6398 006e 0F4B     		ldr	r3, .L298
 6399 0070 1B78     		ldrb	r3, [r3]	@ zero_extendqisi2
 6400 0072 1A46     		mov	r2, r3
 6401 0074 134B     		ldr	r3, .L298+24
 6402 0076 9B5C     		ldrb	r3, [r3, r2]	@ zero_extendqisi2
 6403 0078 1846     		mov	r0, r3
 6404 007a 0223     		movs	r3, #2
 6405 007c 2822     		movs	r2, #40
 6406 007e 0221     		movs	r1, #2
 6407 0080 FFF7FEFF 		bl	OLEDwriteInt
1583:ui.c          ****     OLEDwriteString("THEN PRESS ->", 15, 1, FourthLine);
 6408              		.loc 1 1583 0
 6409 0084 0323     		movs	r3, #3
 6410 0086 0122     		movs	r2, #1
 6411 0088 0F21     		movs	r1, #15
 6412 008a 0F48     		ldr	r0, .L298+28
 6413 008c FFF7FEFF 		bl	OLEDwriteString
1584:ui.c          ****     mainOLEDWaitingToSend = 1;
 6414              		.loc 1 1584 0
 6415 0090 0E4B     		ldr	r3, .L298+32
 6416 0092 0122     		movs	r2, #1
 6417 0094 1A70     		strb	r2, [r3]
1585:ui.c          ****     OLEDtextColor(1, 0);
 6418              		.loc 1 1585 0
 6419 0096 0021     		movs	r1, #0
 6420 0098 0120     		movs	r0, #1
ARM GAS  C:\Users\ggg88\AppData\Local\Temp\ccZlRNWc.s 			page 146


 6421 009a FFF7FEFF 		bl	OLEDtextColor
1586:ui.c          ****     fretCalibrationMode = 1;
 6422              		.loc 1 1586 0
 6423 009e 0C4B     		ldr	r3, .L298+36
 6424 00a0 0122     		movs	r2, #1
 6425 00a2 1A70     		strb	r2, [r3]
1587:ui.c          **** }
 6426              		.loc 1 1587 0
 6427 00a4 00BF     		nop
 6428 00a6 0837     		adds	r7, r7, #8
 6429              		.cfi_def_cfa_offset 8
 6430 00a8 BD46     		mov	sp, r7
 6431              		.cfi_def_cfa_register 13
 6432              		@ sp needed
 6433 00aa 80BD     		pop	{r7, pc}
 6434              	.L299:
 6435              		.align	2
 6436              	.L298:
 6437 00ac 00000000 		.word	fretToCalibrate
 6438 00b0 00000000 		.word	sensorOnMax
 6439 00b4 00000000 		.word	sensorOnMin
 6440 00b8 E8020000 		.word	.LC44
 6441 00bc 20030000 		.word	.LC48
 6442 00c0 30030000 		.word	.LC49
 6443 00c4 00000000 		.word	whichFretArray
 6444 00c8 10030000 		.word	.LC47
 6445 00cc 00000000 		.word	mainOLEDWaitingToSend
 6446 00d0 00000000 		.word	fretCalibrationMode
 6447              		.cfi_endproc
 6448              	.LFE75:
 6449              		.size	enterFretCalibrationMode, .-enterFretCalibrationMode
 6450              		.section	.rodata
 6451 0336 0000     		.align	2
 6452              	.LC50:
 6453 0338 52454D4F 		.ascii	"REMOVE BAR \000"
 6453      56452042 
 6453      41522000 
 6454              		.section	.text.finalFretCalibration,"ax",%progbits
 6455              		.align	2
 6456              		.global	finalFretCalibration
 6457              		.thumb
 6458              		.thumb_func
 6459              		.type	finalFretCalibration, %function
 6460              	finalFretCalibration:
 6461              	.LFB76:
1588:ui.c          **** 
1589:ui.c          **** void finalFretCalibration(void)
1590:ui.c          **** {
 6462              		.loc 1 1590 0
 6463              		.cfi_startproc
 6464              		@ args = 0, pretend = 0, frame = 0
 6465              		@ frame_needed = 1, uses_anonymous_args = 0
 6466 0000 80B5     		push	{r7, lr}
 6467              		.cfi_def_cfa_offset 8
 6468              		.cfi_offset 7, -8
 6469              		.cfi_offset 14, -4
 6470 0002 00AF     		add	r7, sp, #0
ARM GAS  C:\Users\ggg88\AppData\Local\Temp\ccZlRNWc.s 			page 147


 6471              		.cfi_def_cfa_register 7
1591:ui.c          ****     OLEDclear(128, 64);
 6472              		.loc 1 1591 0
 6473 0004 4021     		movs	r1, #64
 6474 0006 8020     		movs	r0, #128
 6475 0008 FFF7FEFF 		bl	OLEDclear
1592:ui.c          ****     myGFX_setFont(2);
 6476              		.loc 1 1592 0
 6477 000c 0220     		movs	r0, #2
 6478 000e FFF7FEFF 		bl	myGFX_setFont
1593:ui.c          ****     OLEDtextColor(0, 1);
 6479              		.loc 1 1593 0
 6480 0012 0121     		movs	r1, #1
 6481 0014 0020     		movs	r0, #0
 6482 0016 FFF7FEFF 		bl	OLEDtextColor
1594:ui.c          **** 
1595:ui.c          ****     
1596:ui.c          ****     OLEDwriteString("CALIBRATION", 11, 1, FirstLine);
 6483              		.loc 1 1596 0
 6484 001a 0023     		movs	r3, #0
 6485 001c 0122     		movs	r2, #1
 6486 001e 0B21     		movs	r1, #11
 6487 0020 0D48     		ldr	r0, .L301
 6488 0022 FFF7FEFF 		bl	OLEDwriteString
1597:ui.c          ****     OLEDwriteString("REMOVE BAR ", 11, 1, SecondLine);
 6489              		.loc 1 1597 0
 6490 0026 0123     		movs	r3, #1
 6491 0028 0122     		movs	r2, #1
 6492 002a 0B21     		movs	r1, #11
 6493 002c 0B48     		ldr	r0, .L301+4
 6494 002e FFF7FEFF 		bl	OLEDwriteString
1598:ui.c          ****    // OLEDwriteString(" ", 1, 1, ThirdLine);
1599:ui.c          ****     //OLEDwriteInt(whichFretArray[fretToCalibrate], 2, 40, ThirdLine);
1600:ui.c          ****     OLEDwriteString("THEN PRESS ->", 15, 1, FourthLine);
 6495              		.loc 1 1600 0
 6496 0032 0323     		movs	r3, #3
 6497 0034 0122     		movs	r2, #1
 6498 0036 0F21     		movs	r1, #15
 6499 0038 0948     		ldr	r0, .L301+8
 6500 003a FFF7FEFF 		bl	OLEDwriteString
1601:ui.c          ****     mainOLEDWaitingToSend = 1;
 6501              		.loc 1 1601 0
 6502 003e 094B     		ldr	r3, .L301+12
 6503 0040 0122     		movs	r2, #1
 6504 0042 1A70     		strb	r2, [r3]
1602:ui.c          ****     OLEDtextColor(1, 0);
 6505              		.loc 1 1602 0
 6506 0044 0021     		movs	r1, #0
 6507 0046 0120     		movs	r0, #1
 6508 0048 FFF7FEFF 		bl	OLEDtextColor
1603:ui.c          ****     fretCalibrationMode = 2;
 6509              		.loc 1 1603 0
 6510 004c 064B     		ldr	r3, .L301+16
 6511 004e 0222     		movs	r2, #2
 6512 0050 1A70     		strb	r2, [r3]
1604:ui.c          **** }
 6513              		.loc 1 1604 0
ARM GAS  C:\Users\ggg88\AppData\Local\Temp\ccZlRNWc.s 			page 148


 6514 0052 00BF     		nop
 6515 0054 80BD     		pop	{r7, pc}
 6516              	.L302:
 6517 0056 00BF     		.align	2
 6518              	.L301:
 6519 0058 E8020000 		.word	.LC44
 6520 005c 38030000 		.word	.LC50
 6521 0060 10030000 		.word	.LC47
 6522 0064 00000000 		.word	mainOLEDWaitingToSend
 6523 0068 00000000 		.word	fretCalibrationMode
 6524              		.cfi_endproc
 6525              	.LFE76:
 6526              		.size	finalFretCalibration, .-finalFretCalibration
 6527              		.section	.text.exitFretCalibrationMode,"ax",%progbits
 6528              		.align	2
 6529              		.global	exitFretCalibrationMode
 6530              		.thumb
 6531              		.thumb_func
 6532              		.type	exitFretCalibrationMode, %function
 6533              	exitFretCalibrationMode:
 6534              	.LFB77:
1605:ui.c          **** 
1606:ui.c          **** void exitFretCalibrationMode(void)
1607:ui.c          **** {
 6535              		.loc 1 1607 0
 6536              		.cfi_startproc
 6537              		@ args = 0, pretend = 0, frame = 16
 6538              		@ frame_needed = 1, uses_anonymous_args = 0
 6539 0000 80B5     		push	{r7, lr}
 6540              		.cfi_def_cfa_offset 8
 6541              		.cfi_offset 7, -8
 6542              		.cfi_offset 14, -4
 6543 0002 84B0     		sub	sp, sp, #16
 6544              		.cfi_def_cfa_offset 24
 6545 0004 00AF     		add	r7, sp, #0
 6546              		.cfi_def_cfa_register 7
1608:ui.c          ****     fretCalibrationMode = 0;
 6547              		.loc 1 1608 0
 6548 0006 3F4B     		ldr	r3, .L310
 6549 0008 0022     		movs	r2, #0
 6550 000a 1A70     		strb	r2, [r3]
 6551              	.LBB30:
1609:ui.c          ****     //now need to store this in EEPROM.                
1610:ui.c          ****     for (int i = 0; i < NUM_SLIDERS; i++)
 6552              		.loc 1 1610 0
 6553 000c 0023     		movs	r3, #0
 6554 000e FB60     		str	r3, [r7, #12]
 6555 0010 23E0     		b	.L304
 6556              	.L305:
1611:ui.c          ****     {
1612:ui.c          ****         EEPROM_WriteByte((sensorOffThreshold[i] >> 8), EEPROM_FRET_CALIBRATION_OFFSET + (i*2));
 6557              		.loc 1 1612 0 discriminator 3
 6558 0012 3D4A     		ldr	r2, .L310+4
 6559 0014 FB68     		ldr	r3, [r7, #12]
 6560 0016 32F81330 		ldrh	r3, [r2, r3, lsl #1]
 6561 001a 1B0A     		lsrs	r3, r3, #8
 6562 001c 9BB2     		uxth	r3, r3
ARM GAS  C:\Users\ggg88\AppData\Local\Temp\ccZlRNWc.s 			page 149


 6563 001e DAB2     		uxtb	r2, r3
 6564 0020 FB68     		ldr	r3, [r7, #12]
 6565 0022 03F24A33 		addw	r3, r3, #842
 6566 0026 9BB2     		uxth	r3, r3
 6567 0028 5B00     		lsls	r3, r3, #1
 6568 002a 9BB2     		uxth	r3, r3
 6569 002c 1946     		mov	r1, r3
 6570 002e 1046     		mov	r0, r2
 6571 0030 FFF7FEFF 		bl	EEPROM_WriteByte
1613:ui.c          ****         EEPROM_WriteByte((sensorOffThreshold[i] & 255), EEPROM_FRET_CALIBRATION_OFFSET + ((i*2) + 1
 6572              		.loc 1 1613 0 discriminator 3
 6573 0034 344A     		ldr	r2, .L310+4
 6574 0036 FB68     		ldr	r3, [r7, #12]
 6575 0038 32F81330 		ldrh	r3, [r2, r3, lsl #1]
 6576 003c DAB2     		uxtb	r2, r3
 6577 003e FB68     		ldr	r3, [r7, #12]
 6578 0040 9BB2     		uxth	r3, r3
 6579 0042 5B00     		lsls	r3, r3, #1
 6580 0044 9BB2     		uxth	r3, r3
 6581 0046 03F29563 		addw	r3, r3, #1685
 6582 004a 9BB2     		uxth	r3, r3
 6583 004c 1946     		mov	r1, r3
 6584 004e 1046     		mov	r0, r2
 6585 0050 FFF7FEFF 		bl	EEPROM_WriteByte
1610:ui.c          ****     {
 6586              		.loc 1 1610 0 discriminator 3
 6587 0054 FB68     		ldr	r3, [r7, #12]
 6588 0056 0133     		adds	r3, r3, #1
 6589 0058 FB60     		str	r3, [r7, #12]
 6590              	.L304:
1610:ui.c          ****     {
 6591              		.loc 1 1610 0 is_stmt 0 discriminator 1
 6592 005a FB68     		ldr	r3, [r7, #12]
 6593 005c 082B     		cmp	r3, #8
 6594 005e D8DD     		ble	.L305
 6595              	.LBE30:
 6596              	.LBB31:
1614:ui.c          ****     }
1615:ui.c          ****     for (int i = 0; i < NUM_SLIDERS; i++)
 6597              		.loc 1 1615 0 is_stmt 1
 6598 0060 0023     		movs	r3, #0
 6599 0062 BB60     		str	r3, [r7, #8]
 6600 0064 45E0     		b	.L306
 6601              	.L309:
 6602              	.LBB32:
1616:ui.c          ****     {
1617:ui.c          ****         for (int j = 0; j < NUM_FRET_MEASUREMENTS; j++)
 6603              		.loc 1 1617 0
 6604 0066 0023     		movs	r3, #0
 6605 0068 7B60     		str	r3, [r7, #4]
 6606 006a 3CE0     		b	.L307
 6607              	.L308:
1618:ui.c          ****         {
1619:ui.c          ****             EEPROM_WriteByte((fretMeasurements[j][i] >> 8), EEPROM_FRET_CALIBRATION_OFFSET + (NUM_S
 6608              		.loc 1 1619 0 discriminator 3
 6609 006c 2749     		ldr	r1, .L310+8
 6610 006e 7A68     		ldr	r2, [r7, #4]
ARM GAS  C:\Users\ggg88\AppData\Local\Temp\ccZlRNWc.s 			page 150


 6611 0070 1346     		mov	r3, r2
 6612 0072 5B00     		lsls	r3, r3, #1
 6613 0074 1344     		add	r3, r3, r2
 6614 0076 9B00     		lsls	r3, r3, #2
 6615 0078 BA68     		ldr	r2, [r7, #8]
 6616 007a 1344     		add	r3, r3, r2
 6617 007c 31F81330 		ldrh	r3, [r1, r3, lsl #1]
 6618 0080 1B0A     		lsrs	r3, r3, #8
 6619 0082 9BB2     		uxth	r3, r3
 6620 0084 D8B2     		uxtb	r0, r3
 6621 0086 BB68     		ldr	r3, [r7, #8]
 6622 0088 03F25331 		addw	r1, r3, #851
 6623 008c 7A68     		ldr	r2, [r7, #4]
 6624 008e 1346     		mov	r3, r2
 6625 0090 5B00     		lsls	r3, r3, #1
 6626 0092 1344     		add	r3, r3, r2
 6627 0094 5B00     		lsls	r3, r3, #1
 6628 0096 0B44     		add	r3, r3, r1
 6629 0098 9BB2     		uxth	r3, r3
 6630 009a 5B00     		lsls	r3, r3, #1
 6631 009c 9BB2     		uxth	r3, r3
 6632 009e 1946     		mov	r1, r3
 6633 00a0 FFF7FEFF 		bl	EEPROM_WriteByte
1620:ui.c          ****             EEPROM_WriteByte((fretMeasurements[j][i] >> 8), EEPROM_FRET_CALIBRATION_OFFSET + (NUM_S
 6634              		.loc 1 1620 0 discriminator 3
 6635 00a4 1949     		ldr	r1, .L310+8
 6636 00a6 7A68     		ldr	r2, [r7, #4]
 6637 00a8 1346     		mov	r3, r2
 6638 00aa 5B00     		lsls	r3, r3, #1
 6639 00ac 1344     		add	r3, r3, r2
 6640 00ae 9B00     		lsls	r3, r3, #2
 6641 00b0 BA68     		ldr	r2, [r7, #8]
 6642 00b2 1344     		add	r3, r3, r2
 6643 00b4 31F81330 		ldrh	r3, [r1, r3, lsl #1]
 6644 00b8 1B0A     		lsrs	r3, r3, #8
 6645 00ba 9BB2     		uxth	r3, r3
 6646 00bc D8B2     		uxtb	r0, r3
 6647 00be BB68     		ldr	r3, [r7, #8]
 6648 00c0 03F25331 		addw	r1, r3, #851
 6649 00c4 7A68     		ldr	r2, [r7, #4]
 6650 00c6 1346     		mov	r3, r2
 6651 00c8 5B00     		lsls	r3, r3, #1
 6652 00ca 1344     		add	r3, r3, r2
 6653 00cc 5B00     		lsls	r3, r3, #1
 6654 00ce 0B44     		add	r3, r3, r1
 6655 00d0 9BB2     		uxth	r3, r3
 6656 00d2 5B00     		lsls	r3, r3, #1
 6657 00d4 9BB2     		uxth	r3, r3
 6658 00d6 0133     		adds	r3, r3, #1
 6659 00d8 9BB2     		uxth	r3, r3
 6660 00da 1946     		mov	r1, r3
 6661 00dc FFF7FEFF 		bl	EEPROM_WriteByte
1617:ui.c          ****         {
 6662              		.loc 1 1617 0 discriminator 3
 6663 00e0 7B68     		ldr	r3, [r7, #4]
 6664 00e2 0133     		adds	r3, r3, #1
 6665 00e4 7B60     		str	r3, [r7, #4]
ARM GAS  C:\Users\ggg88\AppData\Local\Temp\ccZlRNWc.s 			page 151


 6666              	.L307:
1617:ui.c          ****         {
 6667              		.loc 1 1617 0 is_stmt 0 discriminator 1
 6668 00e6 7B68     		ldr	r3, [r7, #4]
 6669 00e8 0B2B     		cmp	r3, #11
 6670 00ea BFDD     		ble	.L308
 6671              	.LBE32:
1615:ui.c          ****     {
 6672              		.loc 1 1615 0 is_stmt 1 discriminator 2
 6673 00ec BB68     		ldr	r3, [r7, #8]
 6674 00ee 0133     		adds	r3, r3, #1
 6675 00f0 BB60     		str	r3, [r7, #8]
 6676              	.L306:
1615:ui.c          ****     {
 6677              		.loc 1 1615 0 is_stmt 0 discriminator 1
 6678 00f2 BB68     		ldr	r3, [r7, #8]
 6679 00f4 082B     		cmp	r3, #8
 6680 00f6 B6DD     		ble	.L309
 6681              	.LBE31:
1621:ui.c          ****             
1622:ui.c          ****             //EEPROM_WriteByte((fretMeasurements[j][i] >> 8), EEPROM_FRET_CALIBRATION_OFFSET + (i*2
1623:ui.c          ****             //EEPROM_WriteByte((fretMeasurements[j][i] & 255), EEPROM_FRET_CALIBRATION_OFFSET + ((i
1624:ui.c          **** 
1625:ui.c          ****         }
1626:ui.c          ****     }
1627:ui.c          ****  
1628:ui.c          **** 
1629:ui.c          ****         
1630:ui.c          ****     exitEditModeMenu();
 6682              		.loc 1 1630 0 is_stmt 1
 6683 00f8 FFF7FEFF 		bl	exitEditModeMenu
1631:ui.c          **** 
1632:ui.c          **** }
 6684              		.loc 1 1632 0
 6685 00fc 00BF     		nop
 6686 00fe 1037     		adds	r7, r7, #16
 6687              		.cfi_def_cfa_offset 8
 6688 0100 BD46     		mov	sp, r7
 6689              		.cfi_def_cfa_register 13
 6690              		@ sp needed
 6691 0102 80BD     		pop	{r7, pc}
 6692              	.L311:
 6693              		.align	2
 6694              	.L310:
 6695 0104 00000000 		.word	fretCalibrationMode
 6696 0108 00000000 		.word	sensorOffThreshold
 6697 010c 00000000 		.word	fretMeasurements
 6698              		.cfi_endproc
 6699              	.LFE77:
 6700              		.size	exitFretCalibrationMode, .-exitFretCalibrationMode
 6701              		.section	.text.exitPresetStoreMenu,"ax",%progbits
 6702              		.align	2
 6703              		.global	exitPresetStoreMenu
 6704              		.thumb
 6705              		.thumb_func
 6706              		.type	exitPresetStoreMenu, %function
 6707              	exitPresetStoreMenu:
ARM GAS  C:\Users\ggg88\AppData\Local\Temp\ccZlRNWc.s 			page 152


 6708              	.LFB78:
1633:ui.c          **** 
1634:ui.c          **** void exitPresetStoreMenu(void)
1635:ui.c          **** {
 6709              		.loc 1 1635 0
 6710              		.cfi_startproc
 6711              		@ args = 0, pretend = 0, frame = 0
 6712              		@ frame_needed = 1, uses_anonymous_args = 0
 6713 0000 80B5     		push	{r7, lr}
 6714              		.cfi_def_cfa_offset 8
 6715              		.cfi_offset 7, -8
 6716              		.cfi_offset 14, -4
 6717 0002 00AF     		add	r7, sp, #0
 6718              		.cfi_def_cfa_register 7
1636:ui.c          ****     presetStoreStage = 0;
 6719              		.loc 1 1636 0
 6720 0004 044B     		ldr	r3, .L313
 6721 0006 0022     		movs	r2, #0
 6722 0008 1A70     		strb	r2, [r3]
1637:ui.c          ****     sendLocalPresetStoreCommand = 1;
 6723              		.loc 1 1637 0
 6724 000a 044B     		ldr	r3, .L313+4
 6725 000c 0122     		movs	r2, #1
 6726 000e 1A70     		strb	r2, [r3]
1638:ui.c          ****    // patchNum = presetNumberToStore;
1639:ui.c          ****     exitEditModeMenu();
 6727              		.loc 1 1639 0
 6728 0010 FFF7FEFF 		bl	exitEditModeMenu
1640:ui.c          **** }
 6729              		.loc 1 1640 0
 6730 0014 00BF     		nop
 6731 0016 80BD     		pop	{r7, pc}
 6732              	.L314:
 6733              		.align	2
 6734              	.L313:
 6735 0018 00000000 		.word	presetStoreStage
 6736 001c 00000000 		.word	sendLocalPresetStoreCommand
 6737              		.cfi_endproc
 6738              	.LFE78:
 6739              		.size	exitPresetStoreMenu, .-exitPresetStoreMenu
 6740              		.section	.rodata
 6741              		.align	2
 6742              	.LC51:
 6743 0344 2000     		.ascii	" \000"
 6744              		.section	.text.displayCurrentPresetNameAndCopedent,"ax",%progbits
 6745              		.align	2
 6746              		.global	displayCurrentPresetNameAndCopedent
 6747              		.thumb
 6748              		.thumb_func
 6749              		.type	displayCurrentPresetNameAndCopedent, %function
 6750              	displayCurrentPresetNameAndCopedent:
 6751              	.LFB79:
1641:ui.c          **** 
1642:ui.c          **** void displayCurrentPresetNameAndCopedent(void)
1643:ui.c          **** {
 6752              		.loc 1 1643 0
 6753              		.cfi_startproc
ARM GAS  C:\Users\ggg88\AppData\Local\Temp\ccZlRNWc.s 			page 153


 6754              		@ args = 0, pretend = 0, frame = 8
 6755              		@ frame_needed = 1, uses_anonymous_args = 0
 6756 0000 90B5     		push	{r4, r7, lr}
 6757              		.cfi_def_cfa_offset 12
 6758              		.cfi_offset 4, -12
 6759              		.cfi_offset 7, -8
 6760              		.cfi_offset 14, -4
 6761 0002 85B0     		sub	sp, sp, #20
 6762              		.cfi_def_cfa_offset 32
 6763 0004 02AF     		add	r7, sp, #8
 6764              		.cfi_def_cfa 7, 24
1644:ui.c          ****     int macroCheck = 0;
 6765              		.loc 1 1644 0
 6766 0006 0023     		movs	r3, #0
 6767 0008 7B60     		str	r3, [r7, #4]
 6768              	.LBB33:
1645:ui.c          ****     for (int i = 0; i < NUM_MACROS*NUM_MACRO_PAGES; i++)
 6769              		.loc 1 1645 0
 6770 000a 0023     		movs	r3, #0
 6771 000c 3B60     		str	r3, [r7]
 6772 000e 15E0     		b	.L316
 6773              	.L318:
1646:ui.c          ****     {
1647:ui.c          ****         if (macroNamesArray[patchNum][i][0] == 255)
 6774              		.loc 1 1647 0
 6775 0010 5D4B     		ldr	r3, .L323
 6776 0012 1B78     		ldrb	r3, [r3]	@ zero_extendqisi2
 6777 0014 1846     		mov	r0, r3
 6778 0016 5D49     		ldr	r1, .L323+4
 6779 0018 3B68     		ldr	r3, [r7]
 6780 001a 1A46     		mov	r2, r3
 6781 001c D200     		lsls	r2, r2, #3
 6782 001e 1A44     		add	r2, r2, r3
 6783 0020 0346     		mov	r3, r0
 6784 0022 DB00     		lsls	r3, r3, #3
 6785 0024 0344     		add	r3, r3, r0
 6786 0026 1B01     		lsls	r3, r3, #4
 6787 0028 1344     		add	r3, r3, r2
 6788 002a 0B44     		add	r3, r3, r1
 6789 002c 1B78     		ldrb	r3, [r3]	@ zero_extendqisi2
 6790 002e FF2B     		cmp	r3, #255
 6791 0030 01D1     		bne	.L317
1648:ui.c          ****         {
1649:ui.c          ****             macroCheck = 1;
 6792              		.loc 1 1649 0
 6793 0032 0123     		movs	r3, #1
 6794 0034 7B60     		str	r3, [r7, #4]
 6795              	.L317:
1645:ui.c          ****     {
 6796              		.loc 1 1645 0 discriminator 2
 6797 0036 3B68     		ldr	r3, [r7]
 6798 0038 0133     		adds	r3, r3, #1
 6799 003a 3B60     		str	r3, [r7]
 6800              	.L316:
1645:ui.c          ****     {
 6801              		.loc 1 1645 0 is_stmt 0 discriminator 1
 6802 003c 3B68     		ldr	r3, [r7]
ARM GAS  C:\Users\ggg88\AppData\Local\Temp\ccZlRNWc.s 			page 154


 6803 003e 0F2B     		cmp	r3, #15
 6804 0040 E6DD     		ble	.L318
 6805              	.LBE33:
1650:ui.c          ****         }  
1651:ui.c          ****     }
1652:ui.c          ****     
1653:ui.c          ****     if (macroCheck == 0) //don't display if the name data still hasn't been retrieved by the SPI bu
 6806              		.loc 1 1653 0 is_stmt 1
 6807 0042 7B68     		ldr	r3, [r7, #4]
 6808 0044 002B     		cmp	r3, #0
 6809 0046 40F09780 		bne	.L319
1654:ui.c          ****     {
1655:ui.c          ****         OLEDclear(128, 64);
 6810              		.loc 1 1655 0
 6811 004a 4021     		movs	r1, #64
 6812 004c 8020     		movs	r0, #128
 6813 004e FFF7FEFF 		bl	OLEDclear
1656:ui.c          ****         OLEDtextColor(1, 0);
 6814              		.loc 1 1656 0
 6815 0052 0021     		movs	r1, #0
 6816 0054 0120     		movs	r0, #1
 6817 0056 FFF7FEFF 		bl	OLEDtextColor
1657:ui.c          ****         myGFX_setFont(0);
 6818              		.loc 1 1657 0
 6819 005a 0020     		movs	r0, #0
 6820 005c FFF7FEFF 		bl	myGFX_setFont
1658:ui.c          ****         OLEDwriteInt(patchNum , 2, 0,FirstLine);
 6821              		.loc 1 1658 0
 6822 0060 494B     		ldr	r3, .L323
 6823 0062 1B78     		ldrb	r3, [r3]	@ zero_extendqisi2
 6824 0064 1846     		mov	r0, r3
 6825 0066 0023     		movs	r3, #0
 6826 0068 0022     		movs	r2, #0
 6827 006a 0221     		movs	r1, #2
 6828 006c FFF7FEFF 		bl	OLEDwriteInt
1659:ui.c          ****         //OLEDwriteString(" ", 1, OLEDgetCursor(), FirstLine);
1660:ui.c          ****         OLEDwriteString((char *)&presetNamesArray[patchNum][0], PRESET_NAME_CLIPPED_LENGTH, 0, Seco
 6829              		.loc 1 1660 0
 6830 0070 454B     		ldr	r3, .L323
 6831 0072 1B78     		ldrb	r3, [r3]	@ zero_extendqisi2
 6832 0074 1A46     		mov	r2, r3
 6833 0076 1346     		mov	r3, r2
 6834 0078 DB00     		lsls	r3, r3, #3
 6835 007a 9B1A     		subs	r3, r3, r2
 6836 007c 5B00     		lsls	r3, r3, #1
 6837 007e 444A     		ldr	r2, .L323+8
 6838 0080 9818     		adds	r0, r3, r2
 6839 0082 0123     		movs	r3, #1
 6840 0084 0022     		movs	r2, #0
 6841 0086 0C21     		movs	r1, #12
 6842 0088 FFF7FEFF 		bl	OLEDwriteString
1661:ui.c          ****         GFXwriteFastHLine(&theGFX, 0, 40, 128, 1);
 6843              		.loc 1 1661 0
 6844 008c 0123     		movs	r3, #1
 6845 008e 0093     		str	r3, [sp]
 6846 0090 8023     		movs	r3, #128
 6847 0092 2822     		movs	r2, #40
ARM GAS  C:\Users\ggg88\AppData\Local\Temp\ccZlRNWc.s 			page 155


 6848 0094 0021     		movs	r1, #0
 6849 0096 3F48     		ldr	r0, .L323+12
 6850 0098 FFF7FEFF 		bl	GFXwriteFastHLine
1662:ui.c          ****         OLEDwriteInt(currentCopedent , 1, 0,FourthLine);
 6851              		.loc 1 1662 0
 6852 009c 3E4B     		ldr	r3, .L323+16
 6853 009e 1B78     		ldrb	r3, [r3]	@ zero_extendqisi2
 6854 00a0 1846     		mov	r0, r3
 6855 00a2 0323     		movs	r3, #3
 6856 00a4 0022     		movs	r2, #0
 6857 00a6 0121     		movs	r1, #1
 6858 00a8 FFF7FEFF 		bl	OLEDwriteInt
1663:ui.c          ****         OLEDwriteString(" ", 1, OLEDgetCursor(), FourthLine);
 6859              		.loc 1 1663 0
 6860 00ac FFF7FEFF 		bl	OLEDgetCursor
 6861 00b0 0246     		mov	r2, r0
 6862 00b2 0323     		movs	r3, #3
 6863 00b4 0121     		movs	r1, #1
 6864 00b6 3948     		ldr	r0, .L323+20
 6865 00b8 FFF7FEFF 		bl	OLEDwriteString
1664:ui.c          ****         OLEDwriteString((char *)&copedentNamesArray[currentCopedent][0], COPEDENT_NAME_CLIPPED_LENG
 6866              		.loc 1 1664 0
 6867 00bc 364B     		ldr	r3, .L323+16
 6868 00be 1B78     		ldrb	r3, [r3]	@ zero_extendqisi2
 6869 00c0 1A46     		mov	r2, r3
 6870 00c2 1346     		mov	r3, r2
 6871 00c4 9B00     		lsls	r3, r3, #2
 6872 00c6 1344     		add	r3, r3, r2
 6873 00c8 5B00     		lsls	r3, r3, #1
 6874 00ca 354A     		ldr	r2, .L323+24
 6875 00cc 9C18     		adds	r4, r3, r2
 6876 00ce FFF7FEFF 		bl	OLEDgetCursor
 6877 00d2 0246     		mov	r2, r0
 6878 00d4 0323     		movs	r3, #3
 6879 00d6 0A21     		movs	r1, #10
 6880 00d8 2046     		mov	r0, r4
 6881 00da FFF7FEFF 		bl	OLEDwriteString
1665:ui.c          ****         mainOLEDWaitingToSend = 1;
 6882              		.loc 1 1665 0
 6883 00de 314B     		ldr	r3, .L323+28
 6884 00e0 0122     		movs	r2, #1
 6885 00e2 1A70     		strb	r2, [r3]
1666:ui.c          ****         presetAlreadyDisplayed[patchNum] = 1;
 6886              		.loc 1 1666 0
 6887 00e4 284B     		ldr	r3, .L323
 6888 00e6 1B78     		ldrb	r3, [r3]	@ zero_extendqisi2
 6889 00e8 1A46     		mov	r2, r3
 6890 00ea 2F4B     		ldr	r3, .L323+32
 6891 00ec 0121     		movs	r1, #1
 6892 00ee 9954     		strb	r1, [r3, r2]
1667:ui.c          ****         //and update the macro OLED screens
1668:ui.c          ****         whichMacro = 0;
 6893              		.loc 1 1668 0
 6894 00f0 2E4B     		ldr	r3, .L323+36
 6895 00f2 0022     		movs	r2, #0
 6896 00f4 1A70     		strb	r2, [r3]
1669:ui.c          ****         macroOLEDWaitingToSend = 1;
ARM GAS  C:\Users\ggg88\AppData\Local\Temp\ccZlRNWc.s 			page 156


 6897              		.loc 1 1669 0
 6898 00f6 2E4B     		ldr	r3, .L323+40
 6899 00f8 0122     		movs	r2, #1
 6900 00fa 1A70     		strb	r2, [r3]
1670:ui.c          ****         volumeWaitingToSend = 1;
 6901              		.loc 1 1670 0
 6902 00fc 2D4B     		ldr	r3, .L323+44
 6903 00fe 0122     		movs	r2, #1
 6904 0100 1A70     		strb	r2, [r3]
1671:ui.c          ****         
1672:ui.c          ****         if ((macroNamesArray[patchNum][8][0] == 32) || (macroNamesArray[patchNum][8][0] == 0))
 6905              		.loc 1 1672 0
 6906 0102 214B     		ldr	r3, .L323
 6907 0104 1B78     		ldrb	r3, [r3]	@ zero_extendqisi2
 6908 0106 1946     		mov	r1, r3
 6909 0108 204A     		ldr	r2, .L323+4
 6910 010a 0B46     		mov	r3, r1
 6911 010c DB00     		lsls	r3, r3, #3
 6912 010e 0B44     		add	r3, r3, r1
 6913 0110 1B01     		lsls	r3, r3, #4
 6914 0112 1344     		add	r3, r3, r2
 6915 0114 4833     		adds	r3, r3, #72
 6916 0116 1B78     		ldrb	r3, [r3]	@ zero_extendqisi2
 6917 0118 202B     		cmp	r3, #32
 6918 011a 0CD0     		beq	.L320
 6919              		.loc 1 1672 0 is_stmt 0 discriminator 1
 6920 011c 1A4B     		ldr	r3, .L323
 6921 011e 1B78     		ldrb	r3, [r3]	@ zero_extendqisi2
 6922 0120 1946     		mov	r1, r3
 6923 0122 1A4A     		ldr	r2, .L323+4
 6924 0124 0B46     		mov	r3, r1
 6925 0126 DB00     		lsls	r3, r3, #3
 6926 0128 0B44     		add	r3, r3, r1
 6927 012a 1B01     		lsls	r3, r3, #4
 6928 012c 1344     		add	r3, r3, r2
 6929 012e 4833     		adds	r3, r3, #72
 6930 0130 1B78     		ldrb	r3, [r3]	@ zero_extendqisi2
 6931 0132 002B     		cmp	r3, #0
 6932 0134 0CD1     		bne	.L321
 6933              	.L320:
1673:ui.c          ****         {
1674:ui.c          ****             knobPanelLightActive = 0;
 6934              		.loc 1 1674 0 is_stmt 1
 6935 0136 204B     		ldr	r3, .L323+48
 6936 0138 0022     		movs	r2, #0
 6937 013a 1A70     		strb	r2, [r3]
1675:ui.c          ****             knobPanelLight1_Write(0);
 6938              		.loc 1 1675 0
 6939 013c 0020     		movs	r0, #0
 6940 013e FFF7FEFF 		bl	knobPanelLight1_Write
1676:ui.c          ****             knobPanelLight2_Write(0);
 6941              		.loc 1 1676 0
 6942 0142 0020     		movs	r0, #0
 6943 0144 FFF7FEFF 		bl	knobPanelLight2_Write
1677:ui.c          ****             whichMacroPageIsActive = 0;
 6944              		.loc 1 1677 0
 6945 0148 1C4B     		ldr	r3, .L323+52
ARM GAS  C:\Users\ggg88\AppData\Local\Temp\ccZlRNWc.s 			page 157


 6946 014a 0022     		movs	r2, #0
 6947 014c 1A70     		strb	r2, [r3]
 6948 014e 13E0     		b	.L319
 6949              	.L321:
1678:ui.c          ****         }  
1679:ui.c          ****         else
1680:ui.c          ****         {
1681:ui.c          ****             knobPanelLightActive = 1;
 6950              		.loc 1 1681 0
 6951 0150 194B     		ldr	r3, .L323+48
 6952 0152 0122     		movs	r2, #1
 6953 0154 1A70     		strb	r2, [r3]
1682:ui.c          ****             if (whichMacroPageIsActive == 0)
 6954              		.loc 1 1682 0
 6955 0156 194B     		ldr	r3, .L323+52
 6956 0158 1B78     		ldrb	r3, [r3]	@ zero_extendqisi2
 6957 015a 002B     		cmp	r3, #0
 6958 015c 06D1     		bne	.L322
1683:ui.c          ****             {
1684:ui.c          ****                 knobPanelLight1_Write(1);
 6959              		.loc 1 1684 0
 6960 015e 0120     		movs	r0, #1
 6961 0160 FFF7FEFF 		bl	knobPanelLight1_Write
1685:ui.c          ****                 knobPanelLight2_Write(0);
 6962              		.loc 1 1685 0
 6963 0164 0020     		movs	r0, #0
 6964 0166 FFF7FEFF 		bl	knobPanelLight2_Write
 6965 016a 05E0     		b	.L319
 6966              	.L322:
1686:ui.c          ****             }
1687:ui.c          ****             else
1688:ui.c          ****             {
1689:ui.c          ****                 knobPanelLight1_Write(0);
 6967              		.loc 1 1689 0
 6968 016c 0020     		movs	r0, #0
 6969 016e FFF7FEFF 		bl	knobPanelLight1_Write
1690:ui.c          ****                 knobPanelLight2_Write(1);
 6970              		.loc 1 1690 0
 6971 0172 0120     		movs	r0, #1
 6972 0174 FFF7FEFF 		bl	knobPanelLight2_Write
 6973              	.L319:
1691:ui.c          ****             }
1692:ui.c          ****         }
1693:ui.c          ****     }
1694:ui.c          ****     controlsDisplayed = 0;
 6974              		.loc 1 1694 0
 6975 0178 114B     		ldr	r3, .L323+56
 6976 017a 0022     		movs	r2, #0
 6977 017c 1A70     		strb	r2, [r3]
1695:ui.c          **** }
 6978              		.loc 1 1695 0
 6979 017e 00BF     		nop
 6980 0180 0C37     		adds	r7, r7, #12
 6981              		.cfi_def_cfa_offset 12
 6982 0182 BD46     		mov	sp, r7
 6983              		.cfi_def_cfa_register 13
 6984              		@ sp needed
ARM GAS  C:\Users\ggg88\AppData\Local\Temp\ccZlRNWc.s 			page 158


 6985 0184 90BD     		pop	{r4, r7, pc}
 6986              	.L324:
 6987 0186 00BF     		.align	2
 6988              	.L323:
 6989 0188 00000000 		.word	patchNum
 6990 018c 00000000 		.word	macroNamesArray
 6991 0190 00000000 		.word	presetNamesArray
 6992 0194 00000000 		.word	theGFX
 6993 0198 00000000 		.word	currentCopedent
 6994 019c 44030000 		.word	.LC51
 6995 01a0 00000000 		.word	copedentNamesArray
 6996 01a4 00000000 		.word	mainOLEDWaitingToSend
 6997 01a8 00000000 		.word	presetAlreadyDisplayed
 6998 01ac 00000000 		.word	whichMacro
 6999 01b0 00000000 		.word	macroOLEDWaitingToSend
 7000 01b4 00000000 		.word	volumeWaitingToSend
 7001 01b8 00000000 		.word	knobPanelLightActive
 7002 01bc 00000000 		.word	whichMacroPageIsActive
 7003 01c0 00000000 		.word	controlsDisplayed
 7004              		.cfi_endproc
 7005              	.LFE79:
 7006              		.size	displayCurrentPresetNameAndCopedent, .-displayCurrentPresetNameAndCopedent
 7007              		.section	.rodata
 7008 0346 0000     		.align	2
 7009              	.LC52:
 7010 0348 413A2000 		.ascii	"A: \000"
 7011              		.align	2
 7012              	.LC53:
 7013 034c 423A2000 		.ascii	"B: \000"
 7014              		.align	2
 7015              	.LC54:
 7016 0350 583A2000 		.ascii	"X: \000"
 7017              		.align	2
 7018              	.LC55:
 7019 0354 593A2000 		.ascii	"Y: \000"
 7020              		.section	.text.displayCurrentControlNames,"ax",%progbits
 7021              		.align	2
 7022              		.global	displayCurrentControlNames
 7023              		.thumb
 7024              		.thumb_func
 7025              		.type	displayCurrentControlNames, %function
 7026              	displayCurrentControlNames:
 7027              	.LFB80:
1696:ui.c          **** 
1697:ui.c          **** void displayCurrentControlNames(void)
1698:ui.c          **** {
 7028              		.loc 1 1698 0
 7029              		.cfi_startproc
 7030              		@ args = 0, pretend = 0, frame = 8
 7031              		@ frame_needed = 1, uses_anonymous_args = 0
 7032 0000 90B5     		push	{r4, r7, lr}
 7033              		.cfi_def_cfa_offset 12
 7034              		.cfi_offset 4, -12
 7035              		.cfi_offset 7, -8
 7036              		.cfi_offset 14, -4
 7037 0002 83B0     		sub	sp, sp, #12
 7038              		.cfi_def_cfa_offset 24
ARM GAS  C:\Users\ggg88\AppData\Local\Temp\ccZlRNWc.s 			page 159


 7039 0004 00AF     		add	r7, sp, #0
 7040              		.cfi_def_cfa_register 7
1699:ui.c          ****     int controlCheck = 0;
 7041              		.loc 1 1699 0
 7042 0006 0023     		movs	r3, #0
 7043 0008 7B60     		str	r3, [r7, #4]
 7044              	.LBB34:
1700:ui.c          ****     for (int i = 0; i < NUM_CONTROLS; i++)
 7045              		.loc 1 1700 0
 7046 000a 0023     		movs	r3, #0
 7047 000c 3B60     		str	r3, [r7]
 7048 000e 17E0     		b	.L326
 7049              	.L328:
1701:ui.c          ****     {
1702:ui.c          ****         if (controlNamesArray[patchNum][i][0] == 255)
 7050              		.loc 1 1702 0
 7051 0010 494B     		ldr	r3, .L331
 7052 0012 1B78     		ldrb	r3, [r3]	@ zero_extendqisi2
 7053 0014 1846     		mov	r0, r3
 7054 0016 4949     		ldr	r1, .L331+4
 7055 0018 3B68     		ldr	r3, [r7]
 7056 001a 1A46     		mov	r2, r3
 7057 001c 9200     		lsls	r2, r2, #2
 7058 001e 1A44     		add	r2, r2, r3
 7059 0020 5300     		lsls	r3, r2, #1
 7060 0022 1A46     		mov	r2, r3
 7061 0024 0346     		mov	r3, r0
 7062 0026 9B00     		lsls	r3, r3, #2
 7063 0028 0344     		add	r3, r3, r0
 7064 002a DB00     		lsls	r3, r3, #3
 7065 002c 1344     		add	r3, r3, r2
 7066 002e 0B44     		add	r3, r3, r1
 7067 0030 1B78     		ldrb	r3, [r3]	@ zero_extendqisi2
 7068 0032 FF2B     		cmp	r3, #255
 7069 0034 01D1     		bne	.L327
1703:ui.c          ****         {
1704:ui.c          ****             controlCheck = 1;
 7070              		.loc 1 1704 0
 7071 0036 0123     		movs	r3, #1
 7072 0038 7B60     		str	r3, [r7, #4]
 7073              	.L327:
1700:ui.c          ****     {
 7074              		.loc 1 1700 0 discriminator 2
 7075 003a 3B68     		ldr	r3, [r7]
 7076 003c 0133     		adds	r3, r3, #1
 7077 003e 3B60     		str	r3, [r7]
 7078              	.L326:
1700:ui.c          ****     {
 7079              		.loc 1 1700 0 is_stmt 0 discriminator 1
 7080 0040 3B68     		ldr	r3, [r7]
 7081 0042 032B     		cmp	r3, #3
 7082 0044 E4DD     		ble	.L328
 7083              	.LBE34:
1705:ui.c          ****         }  
1706:ui.c          ****     }
1707:ui.c          ****     if (controlCheck == 0) //don't display if the name data still hasn't been retrieved by the SPI 
 7084              		.loc 1 1707 0 is_stmt 1
ARM GAS  C:\Users\ggg88\AppData\Local\Temp\ccZlRNWc.s 			page 160


 7085 0046 7B68     		ldr	r3, [r7, #4]
 7086 0048 002B     		cmp	r3, #0
 7087 004a 70D1     		bne	.L330
1708:ui.c          ****     {
1709:ui.c          ****         OLEDclear(128, 64);
 7088              		.loc 1 1709 0
 7089 004c 4021     		movs	r1, #64
 7090 004e 8020     		movs	r0, #128
 7091 0050 FFF7FEFF 		bl	OLEDclear
1710:ui.c          ****         OLEDtextColor(1, 0);
 7092              		.loc 1 1710 0
 7093 0054 0021     		movs	r1, #0
 7094 0056 0120     		movs	r0, #1
 7095 0058 FFF7FEFF 		bl	OLEDtextColor
1711:ui.c          ****         myGFX_setFont(0);
 7096              		.loc 1 1711 0
 7097 005c 0020     		movs	r0, #0
 7098 005e FFF7FEFF 		bl	myGFX_setFont
1712:ui.c          ****         OLEDwriteString("A: ", 3, 0, FirstLine);
 7099              		.loc 1 1712 0
 7100 0062 0023     		movs	r3, #0
 7101 0064 0022     		movs	r2, #0
 7102 0066 0321     		movs	r1, #3
 7103 0068 3548     		ldr	r0, .L331+8
 7104 006a FFF7FEFF 		bl	OLEDwriteString
1713:ui.c          ****         OLEDwriteString((char *)&controlNamesArray[patchNum][0][0], CONTROL_NAME_CLIPPED_LENGTH, OL
 7105              		.loc 1 1713 0
 7106 006e 324B     		ldr	r3, .L331
 7107 0070 1B78     		ldrb	r3, [r3]	@ zero_extendqisi2
 7108 0072 1A46     		mov	r2, r3
 7109 0074 1346     		mov	r3, r2
 7110 0076 9B00     		lsls	r3, r3, #2
 7111 0078 1344     		add	r3, r3, r2
 7112 007a DB00     		lsls	r3, r3, #3
 7113 007c 2F4A     		ldr	r2, .L331+4
 7114 007e 9C18     		adds	r4, r3, r2
 7115 0080 FFF7FEFF 		bl	OLEDgetCursor
 7116 0084 0346     		mov	r3, r0
 7117 0086 9A1F     		subs	r2, r3, #6
 7118 0088 0023     		movs	r3, #0
 7119 008a 0A21     		movs	r1, #10
 7120 008c 2046     		mov	r0, r4
 7121 008e FFF7FEFF 		bl	OLEDwriteString
1714:ui.c          ****         OLEDwriteString("B: ", 3, 0, SecondLine);
 7122              		.loc 1 1714 0
 7123 0092 0123     		movs	r3, #1
 7124 0094 0022     		movs	r2, #0
 7125 0096 0321     		movs	r1, #3
 7126 0098 2A48     		ldr	r0, .L331+12
 7127 009a FFF7FEFF 		bl	OLEDwriteString
1715:ui.c          ****         OLEDwriteString((char *)&controlNamesArray[patchNum][1][0], CONTROL_NAME_CLIPPED_LENGTH, OL
 7128              		.loc 1 1715 0
 7129 009e 264B     		ldr	r3, .L331
 7130 00a0 1B78     		ldrb	r3, [r3]	@ zero_extendqisi2
 7131 00a2 1A46     		mov	r2, r3
 7132 00a4 1346     		mov	r3, r2
 7133 00a6 9B00     		lsls	r3, r3, #2
ARM GAS  C:\Users\ggg88\AppData\Local\Temp\ccZlRNWc.s 			page 161


 7134 00a8 1344     		add	r3, r3, r2
 7135 00aa DB00     		lsls	r3, r3, #3
 7136 00ac 0A33     		adds	r3, r3, #10
 7137 00ae 234A     		ldr	r2, .L331+4
 7138 00b0 9C18     		adds	r4, r3, r2
 7139 00b2 FFF7FEFF 		bl	OLEDgetCursor
 7140 00b6 0346     		mov	r3, r0
 7141 00b8 9A1F     		subs	r2, r3, #6
 7142 00ba 0123     		movs	r3, #1
 7143 00bc 0A21     		movs	r1, #10
 7144 00be 2046     		mov	r0, r4
 7145 00c0 FFF7FEFF 		bl	OLEDwriteString
1716:ui.c          ****         OLEDwriteString("X: ", 3, 0, ThirdLine);
 7146              		.loc 1 1716 0
 7147 00c4 0223     		movs	r3, #2
 7148 00c6 0022     		movs	r2, #0
 7149 00c8 0321     		movs	r1, #3
 7150 00ca 1F48     		ldr	r0, .L331+16
 7151 00cc FFF7FEFF 		bl	OLEDwriteString
1717:ui.c          ****         OLEDwriteString((char *)&controlNamesArray[patchNum][2][0], CONTROL_NAME_CLIPPED_LENGTH, OL
 7152              		.loc 1 1717 0
 7153 00d0 194B     		ldr	r3, .L331
 7154 00d2 1B78     		ldrb	r3, [r3]	@ zero_extendqisi2
 7155 00d4 1A46     		mov	r2, r3
 7156 00d6 1346     		mov	r3, r2
 7157 00d8 9B00     		lsls	r3, r3, #2
 7158 00da 1344     		add	r3, r3, r2
 7159 00dc DB00     		lsls	r3, r3, #3
 7160 00de 1433     		adds	r3, r3, #20
 7161 00e0 164A     		ldr	r2, .L331+4
 7162 00e2 9C18     		adds	r4, r3, r2
 7163 00e4 FFF7FEFF 		bl	OLEDgetCursor
 7164 00e8 0346     		mov	r3, r0
 7165 00ea 9A1F     		subs	r2, r3, #6
 7166 00ec 0223     		movs	r3, #2
 7167 00ee 0A21     		movs	r1, #10
 7168 00f0 2046     		mov	r0, r4
 7169 00f2 FFF7FEFF 		bl	OLEDwriteString
1718:ui.c          ****         OLEDwriteString("Y: ", 3, 0, FourthLine);
 7170              		.loc 1 1718 0
 7171 00f6 0323     		movs	r3, #3
 7172 00f8 0022     		movs	r2, #0
 7173 00fa 0321     		movs	r1, #3
 7174 00fc 1348     		ldr	r0, .L331+20
 7175 00fe FFF7FEFF 		bl	OLEDwriteString
1719:ui.c          ****         OLEDwriteString((char *)&controlNamesArray[patchNum][3][0], CONTROL_NAME_CLIPPED_LENGTH, OL
 7176              		.loc 1 1719 0
 7177 0102 0D4B     		ldr	r3, .L331
 7178 0104 1B78     		ldrb	r3, [r3]	@ zero_extendqisi2
 7179 0106 1A46     		mov	r2, r3
 7180 0108 1346     		mov	r3, r2
 7181 010a 9B00     		lsls	r3, r3, #2
 7182 010c 1344     		add	r3, r3, r2
 7183 010e DB00     		lsls	r3, r3, #3
 7184 0110 1E33     		adds	r3, r3, #30
 7185 0112 0A4A     		ldr	r2, .L331+4
 7186 0114 9C18     		adds	r4, r3, r2
ARM GAS  C:\Users\ggg88\AppData\Local\Temp\ccZlRNWc.s 			page 162


 7187 0116 FFF7FEFF 		bl	OLEDgetCursor
 7188 011a 0346     		mov	r3, r0
 7189 011c 9A1F     		subs	r2, r3, #6
 7190 011e 0323     		movs	r3, #3
 7191 0120 0A21     		movs	r1, #10
 7192 0122 2046     		mov	r0, r4
 7193 0124 FFF7FEFF 		bl	OLEDwriteString
1720:ui.c          **** 
1721:ui.c          ****         mainOLEDWaitingToSend = 1;
 7194              		.loc 1 1721 0
 7195 0128 094B     		ldr	r3, .L331+24
 7196 012a 0122     		movs	r2, #1
 7197 012c 1A70     		strb	r2, [r3]
 7198              	.L330:
1722:ui.c          ****     }
1723:ui.c          **** }
 7199              		.loc 1 1723 0
 7200 012e 00BF     		nop
 7201 0130 0C37     		adds	r7, r7, #12
 7202              		.cfi_def_cfa_offset 12
 7203 0132 BD46     		mov	sp, r7
 7204              		.cfi_def_cfa_register 13
 7205              		@ sp needed
 7206 0134 90BD     		pop	{r4, r7, pc}
 7207              	.L332:
 7208 0136 00BF     		.align	2
 7209              	.L331:
 7210 0138 00000000 		.word	patchNum
 7211 013c 00000000 		.word	controlNamesArray
 7212 0140 48030000 		.word	.LC52
 7213 0144 4C030000 		.word	.LC53
 7214 0148 50030000 		.word	.LC54
 7215 014c 54030000 		.word	.LC55
 7216 0150 00000000 		.word	mainOLEDWaitingToSend
 7217              		.cfi_endproc
 7218              	.LFE80:
 7219              		.size	displayCurrentControlNames, .-displayCurrentControlNames
 7220              		.text
 7221              	.Letext0:
 7222              		.file 2 "c:\\program files (x86)\\cypress\\psoc creator\\4.4\\psoc creator\\import\\gnu\\arm\\5.4.
 7223              		.file 3 "c:\\program files (x86)\\cypress\\psoc creator\\4.4\\psoc creator\\import\\gnu\\arm\\5.4.
 7224              		.file 4 "Generated_Source\\PSoC5/cytypes.h"
 7225              		.file 5 "gfx_font.h"
 7226              		.file 6 "gfx.h"
 7227              		.file 7 "main.h"
 7228              		.file 8 "oled.h"
 7229              		.file 9 "Generated_Source\\PSoC5/core_cm3.h"
 7230              		.file 10 "Generated_Source\\PSoC5/Decoder_1.h"
 7231              		.section	.debug_info,"",%progbits
 7232              	.Ldebug_info0:
 7233 0000 F10E0000 		.4byte	0xef1
 7234 0004 0400     		.2byte	0x4
 7235 0006 00000000 		.4byte	.Ldebug_abbrev0
 7236 000a 04       		.byte	0x4
 7237 000b 01       		.uleb128 0x1
 7238 000c A8080000 		.4byte	.LASF197
 7239 0010 0C       		.byte	0xc
ARM GAS  C:\Users\ggg88\AppData\Local\Temp\ccZlRNWc.s 			page 163


 7240 0011 F6010000 		.4byte	.LASF198
 7241 0015 8A090000 		.4byte	.LASF199
 7242 0019 00000000 		.4byte	.Ldebug_ranges0+0
 7243 001d 00000000 		.4byte	0
 7244 0021 00000000 		.4byte	.Ldebug_line0
 7245 0025 02       		.uleb128 0x2
 7246 0026 61010000 		.4byte	.LASF0
 7247 002a 02       		.byte	0x2
 7248 002b 1B       		.byte	0x1b
 7249 002c 30000000 		.4byte	0x30
 7250 0030 03       		.uleb128 0x3
 7251 0031 01       		.byte	0x1
 7252 0032 06       		.byte	0x6
 7253 0033 D4010000 		.4byte	.LASF2
 7254 0037 02       		.uleb128 0x2
 7255 0038 B4000000 		.4byte	.LASF1
 7256 003c 02       		.byte	0x2
 7257 003d 1D       		.byte	0x1d
 7258 003e 42000000 		.4byte	0x42
 7259 0042 03       		.uleb128 0x3
 7260 0043 01       		.byte	0x1
 7261 0044 08       		.byte	0x8
 7262 0045 93060000 		.4byte	.LASF3
 7263 0049 02       		.uleb128 0x2
 7264 004a 720A0000 		.4byte	.LASF4
 7265 004e 02       		.byte	0x2
 7266 004f 29       		.byte	0x29
 7267 0050 54000000 		.4byte	0x54
 7268 0054 03       		.uleb128 0x3
 7269 0055 02       		.byte	0x2
 7270 0056 05       		.byte	0x5
 7271 0057 CC060000 		.4byte	.LASF5
 7272 005b 02       		.uleb128 0x2
 7273 005c D8070000 		.4byte	.LASF6
 7274 0060 02       		.byte	0x2
 7275 0061 2B       		.byte	0x2b
 7276 0062 66000000 		.4byte	0x66
 7277 0066 03       		.uleb128 0x3
 7278 0067 02       		.byte	0x2
 7279 0068 07       		.byte	0x7
 7280 0069 10040000 		.4byte	.LASF7
 7281 006d 02       		.uleb128 0x2
 7282 006e 13080000 		.4byte	.LASF8
 7283 0072 02       		.byte	0x2
 7284 0073 3F       		.byte	0x3f
 7285 0074 78000000 		.4byte	0x78
 7286 0078 03       		.uleb128 0x3
 7287 0079 04       		.byte	0x4
 7288 007a 05       		.byte	0x5
 7289 007b 55020000 		.4byte	.LASF9
 7290 007f 03       		.uleb128 0x3
 7291 0080 04       		.byte	0x4
 7292 0081 07       		.byte	0x7
 7293 0082 84030000 		.4byte	.LASF10
 7294 0086 03       		.uleb128 0x3
 7295 0087 08       		.byte	0x8
 7296 0088 05       		.byte	0x5
ARM GAS  C:\Users\ggg88\AppData\Local\Temp\ccZlRNWc.s 			page 164


 7297 0089 C6010000 		.4byte	.LASF11
 7298 008d 03       		.uleb128 0x3
 7299 008e 08       		.byte	0x8
 7300 008f 07       		.byte	0x7
 7301 0090 13010000 		.4byte	.LASF12
 7302 0094 04       		.uleb128 0x4
 7303 0095 04       		.byte	0x4
 7304 0096 05       		.byte	0x5
 7305 0097 696E7400 		.ascii	"int\000"
 7306 009b 03       		.uleb128 0x3
 7307 009c 04       		.byte	0x4
 7308 009d 07       		.byte	0x7
 7309 009e 4E030000 		.4byte	.LASF13
 7310 00a2 02       		.uleb128 0x2
 7311 00a3 9A080000 		.4byte	.LASF14
 7312 00a7 03       		.byte	0x3
 7313 00a8 14       		.byte	0x14
 7314 00a9 25000000 		.4byte	0x25
 7315 00ad 02       		.uleb128 0x2
 7316 00ae 300A0000 		.4byte	.LASF15
 7317 00b2 03       		.byte	0x3
 7318 00b3 18       		.byte	0x18
 7319 00b4 37000000 		.4byte	0x37
 7320 00b8 02       		.uleb128 0x2
 7321 00b9 1D080000 		.4byte	.LASF16
 7322 00bd 03       		.byte	0x3
 7323 00be 20       		.byte	0x20
 7324 00bf 49000000 		.4byte	0x49
 7325 00c3 02       		.uleb128 0x2
 7326 00c4 9C020000 		.4byte	.LASF17
 7327 00c8 03       		.byte	0x3
 7328 00c9 24       		.byte	0x24
 7329 00ca 5B000000 		.4byte	0x5b
 7330 00ce 02       		.uleb128 0x2
 7331 00cf 8B060000 		.4byte	.LASF18
 7332 00d3 03       		.byte	0x3
 7333 00d4 2C       		.byte	0x2c
 7334 00d5 6D000000 		.4byte	0x6d
 7335 00d9 05       		.uleb128 0x5
 7336 00da 82020000 		.4byte	.LASF19
 7337 00de 04       		.byte	0x4
 7338 00df E901     		.2byte	0x1e9
 7339 00e1 42000000 		.4byte	0x42
 7340 00e5 03       		.uleb128 0x3
 7341 00e6 04       		.byte	0x4
 7342 00e7 04       		.byte	0x4
 7343 00e8 2D060000 		.4byte	.LASF20
 7344 00ec 03       		.uleb128 0x3
 7345 00ed 08       		.byte	0x8
 7346 00ee 04       		.byte	0x4
 7347 00ef A5020000 		.4byte	.LASF21
 7348 00f3 03       		.uleb128 0x3
 7349 00f4 01       		.byte	0x1
 7350 00f5 08       		.byte	0x8
 7351 00f6 A8070000 		.4byte	.LASF22
 7352 00fa 03       		.uleb128 0x3
 7353 00fb 08       		.byte	0x8
ARM GAS  C:\Users\ggg88\AppData\Local\Temp\ccZlRNWc.s 			page 165


 7354 00fc 04       		.byte	0x4
 7355 00fd 3C050000 		.4byte	.LASF23
 7356 0101 03       		.uleb128 0x3
 7357 0102 04       		.byte	0x4
 7358 0103 07       		.byte	0x7
 7359 0104 1B050000 		.4byte	.LASF24
 7360 0108 06       		.uleb128 0x6
 7361 0109 04       		.byte	0x4
 7362 010a 0E010000 		.4byte	0x10e
 7363 010e 07       		.uleb128 0x7
 7364 010f F3000000 		.4byte	0xf3
 7365 0113 08       		.uleb128 0x8
 7366 0114 03080000 		.4byte	.LASF69
 7367 0118 01       		.byte	0x1
 7368 0119 42000000 		.4byte	0x42
 7369 011d 07       		.byte	0x7
 7370 011e 92       		.byte	0x92
 7371 011f 7E010000 		.4byte	0x17e
 7372 0123 09       		.uleb128 0x9
 7373 0124 77010000 		.4byte	.LASF25
 7374 0128 00       		.byte	0
 7375 0129 09       		.uleb128 0x9
 7376 012a 620A0000 		.4byte	.LASF26
 7377 012e 01       		.byte	0x1
 7378 012f 09       		.uleb128 0x9
 7379 0130 B2020000 		.4byte	.LASF27
 7380 0134 02       		.byte	0x2
 7381 0135 09       		.uleb128 0x9
 7382 0136 57090000 		.4byte	.LASF28
 7383 013a 03       		.byte	0x3
 7384 013b 09       		.uleb128 0x9
 7385 013c 36090000 		.4byte	.LASF29
 7386 0140 04       		.byte	0x4
 7387 0141 09       		.uleb128 0x9
 7388 0142 5E070000 		.4byte	.LASF30
 7389 0146 05       		.byte	0x5
 7390 0147 09       		.uleb128 0x9
 7391 0148 F1040000 		.4byte	.LASF31
 7392 014c 06       		.byte	0x6
 7393 014d 09       		.uleb128 0x9
 7394 014e DD050000 		.4byte	.LASF32
 7395 0152 07       		.byte	0x7
 7396 0153 09       		.uleb128 0x9
 7397 0154 64050000 		.4byte	.LASF33
 7398 0158 08       		.byte	0x8
 7399 0159 09       		.uleb128 0x9
 7400 015a CA070000 		.4byte	.LASF34
 7401 015e 09       		.byte	0x9
 7402 015f 09       		.uleb128 0x9
 7403 0160 00000000 		.4byte	.LASF35
 7404 0164 0A       		.byte	0xa
 7405 0165 09       		.uleb128 0x9
 7406 0166 80010000 		.4byte	.LASF36
 7407 016a 0B       		.byte	0xb
 7408 016b 09       		.uleb128 0x9
 7409 016c 72090000 		.4byte	.LASF37
 7410 0170 0C       		.byte	0xc
ARM GAS  C:\Users\ggg88\AppData\Local\Temp\ccZlRNWc.s 			page 166


 7411 0171 09       		.uleb128 0x9
 7412 0172 D6060000 		.4byte	.LASF38
 7413 0176 0D       		.byte	0xd
 7414 0177 09       		.uleb128 0x9
 7415 0178 30010000 		.4byte	.LASF39
 7416 017c 0E       		.byte	0xe
 7417 017d 00       		.byte	0
 7418 017e 0A       		.uleb128 0xa
 7419 017f 08       		.byte	0x8
 7420 0180 05       		.byte	0x5
 7421 0181 0C       		.byte	0xc
 7422 0182 CF010000 		.4byte	0x1cf
 7423 0186 0B       		.uleb128 0xb
 7424 0187 F50A0000 		.4byte	.LASF40
 7425 018b 05       		.byte	0x5
 7426 018c 0D       		.byte	0xd
 7427 018d C3000000 		.4byte	0xc3
 7428 0191 00       		.byte	0
 7429 0192 0B       		.uleb128 0xb
 7430 0193 E6030000 		.4byte	.LASF41
 7431 0197 05       		.byte	0x5
 7432 0198 0E       		.byte	0xe
 7433 0199 AD000000 		.4byte	0xad
 7434 019d 02       		.byte	0x2
 7435 019e 0B       		.uleb128 0xb
 7436 019f 7F000000 		.4byte	.LASF42
 7437 01a3 05       		.byte	0x5
 7438 01a4 0E       		.byte	0xe
 7439 01a5 AD000000 		.4byte	0xad
 7440 01a9 03       		.byte	0x3
 7441 01aa 0B       		.uleb128 0xb
 7442 01ab C3060000 		.4byte	.LASF43
 7443 01af 05       		.byte	0x5
 7444 01b0 0F       		.byte	0xf
 7445 01b1 AD000000 		.4byte	0xad
 7446 01b5 04       		.byte	0x4
 7447 01b6 0B       		.uleb128 0xb
 7448 01b7 FF040000 		.4byte	.LASF44
 7449 01bb 05       		.byte	0x5
 7450 01bc 10       		.byte	0x10
 7451 01bd A2000000 		.4byte	0xa2
 7452 01c1 05       		.byte	0x5
 7453 01c2 0B       		.uleb128 0xb
 7454 01c3 0E0B0000 		.4byte	.LASF45
 7455 01c7 05       		.byte	0x5
 7456 01c8 10       		.byte	0x10
 7457 01c9 A2000000 		.4byte	0xa2
 7458 01cd 06       		.byte	0x6
 7459 01ce 00       		.byte	0
 7460 01cf 02       		.uleb128 0x2
 7461 01d0 A7030000 		.4byte	.LASF46
 7462 01d4 05       		.byte	0x5
 7463 01d5 11       		.byte	0x11
 7464 01d6 7E010000 		.4byte	0x17e
 7465 01da 0A       		.uleb128 0xa
 7466 01db 0C       		.byte	0xc
 7467 01dc 05       		.byte	0x5
ARM GAS  C:\Users\ggg88\AppData\Local\Temp\ccZlRNWc.s 			page 167


 7468 01dd 13       		.byte	0x13
 7469 01de 1F020000 		.4byte	0x21f
 7470 01e2 0B       		.uleb128 0xb
 7471 01e3 5B0A0000 		.4byte	.LASF47
 7472 01e7 05       		.byte	0x5
 7473 01e8 14       		.byte	0x14
 7474 01e9 1F020000 		.4byte	0x21f
 7475 01ed 00       		.byte	0
 7476 01ee 0B       		.uleb128 0xb
 7477 01ef CB030000 		.4byte	.LASF48
 7478 01f3 05       		.byte	0x5
 7479 01f4 15       		.byte	0x15
 7480 01f5 25020000 		.4byte	0x225
 7481 01f9 04       		.byte	0x4
 7482 01fa 0B       		.uleb128 0xb
 7483 01fb 4F020000 		.4byte	.LASF49
 7484 01ff 05       		.byte	0x5
 7485 0200 16       		.byte	0x16
 7486 0201 AD000000 		.4byte	0xad
 7487 0205 08       		.byte	0x8
 7488 0206 0B       		.uleb128 0xb
 7489 0207 6A040000 		.4byte	.LASF50
 7490 020b 05       		.byte	0x5
 7491 020c 16       		.byte	0x16
 7492 020d AD000000 		.4byte	0xad
 7493 0211 09       		.byte	0x9
 7494 0212 0B       		.uleb128 0xb
 7495 0213 86070000 		.4byte	.LASF51
 7496 0217 05       		.byte	0x5
 7497 0218 17       		.byte	0x17
 7498 0219 AD000000 		.4byte	0xad
 7499 021d 0A       		.byte	0xa
 7500 021e 00       		.byte	0
 7501 021f 06       		.uleb128 0x6
 7502 0220 04       		.byte	0x4
 7503 0221 AD000000 		.4byte	0xad
 7504 0225 06       		.uleb128 0x6
 7505 0226 04       		.byte	0x4
 7506 0227 CF010000 		.4byte	0x1cf
 7507 022b 02       		.uleb128 0x2
 7508 022c CD040000 		.4byte	.LASF52
 7509 0230 05       		.byte	0x5
 7510 0231 18       		.byte	0x18
 7511 0232 DA010000 		.4byte	0x1da
 7512 0236 0C       		.uleb128 0xc
 7513 0237 39020000 		.4byte	.LASF200
 7514 023b 24       		.byte	0x24
 7515 023c 06       		.byte	0x6
 7516 023d 1C       		.byte	0x1c
 7517 023e 03030000 		.4byte	0x303
 7518 0242 0B       		.uleb128 0xb
 7519 0243 4E0B0000 		.4byte	.LASF53
 7520 0247 06       		.byte	0x6
 7521 0248 1E       		.byte	0x1e
 7522 0249 B8000000 		.4byte	0xb8
 7523 024d 00       		.byte	0
 7524 024e 0B       		.uleb128 0xb
ARM GAS  C:\Users\ggg88\AppData\Local\Temp\ccZlRNWc.s 			page 168


 7525 024f A1060000 		.4byte	.LASF54
 7526 0253 06       		.byte	0x6
 7527 0254 1F       		.byte	0x1f
 7528 0255 B8000000 		.4byte	0xb8
 7529 0259 02       		.byte	0x2
 7530 025a 0B       		.uleb128 0xb
 7531 025b DF030000 		.4byte	.LASF55
 7532 025f 06       		.byte	0x6
 7533 0260 20       		.byte	0x20
 7534 0261 C3000000 		.4byte	0xc3
 7535 0265 04       		.byte	0x4
 7536 0266 0B       		.uleb128 0xb
 7537 0267 64090000 		.4byte	.LASF56
 7538 026b 06       		.byte	0x6
 7539 026c 21       		.byte	0x21
 7540 026d C3000000 		.4byte	0xc3
 7541 0271 06       		.byte	0x6
 7542 0272 0B       		.uleb128 0xb
 7543 0273 3D080000 		.4byte	.LASF57
 7544 0277 06       		.byte	0x6
 7545 0278 22       		.byte	0x22
 7546 0279 C3000000 		.4byte	0xc3
 7547 027d 08       		.byte	0x8
 7548 027e 0B       		.uleb128 0xb
 7549 027f 9F070000 		.4byte	.LASF58
 7550 0283 06       		.byte	0x6
 7551 0284 23       		.byte	0x23
 7552 0285 C3000000 		.4byte	0xc3
 7553 0289 0A       		.byte	0xa
 7554 028a 0B       		.uleb128 0xb
 7555 028b 5B050000 		.4byte	.LASF59
 7556 028f 06       		.byte	0x6
 7557 0290 24       		.byte	0x24
 7558 0291 C3000000 		.4byte	0xc3
 7559 0295 0C       		.byte	0xc
 7560 0296 0B       		.uleb128 0xb
 7561 0297 7B030000 		.4byte	.LASF60
 7562 029b 06       		.byte	0x6
 7563 029c 25       		.byte	0x25
 7564 029d C3000000 		.4byte	0xc3
 7565 02a1 0E       		.byte	0xe
 7566 02a2 0B       		.uleb128 0xb
 7567 02a3 52080000 		.4byte	.LASF61
 7568 02a7 06       		.byte	0x6
 7569 02a8 26       		.byte	0x26
 7570 02a9 C3000000 		.4byte	0xc3
 7571 02ad 10       		.byte	0x10
 7572 02ae 0B       		.uleb128 0xb
 7573 02af D50A0000 		.4byte	.LASF62
 7574 02b3 06       		.byte	0x6
 7575 02b4 27       		.byte	0x27
 7576 02b5 C3000000 		.4byte	0xc3
 7577 02b9 12       		.byte	0x12
 7578 02ba 0B       		.uleb128 0xb
 7579 02bb 34020000 		.4byte	.LASF63
 7580 02bf 06       		.byte	0x6
 7581 02c0 28       		.byte	0x28
ARM GAS  C:\Users\ggg88\AppData\Local\Temp\ccZlRNWc.s 			page 169


 7582 02c1 C3000000 		.4byte	0xc3
 7583 02c5 14       		.byte	0x14
 7584 02c6 0B       		.uleb128 0xb
 7585 02c7 AD000000 		.4byte	.LASF64
 7586 02cb 06       		.byte	0x6
 7587 02cc 29       		.byte	0x29
 7588 02cd C3000000 		.4byte	0xc3
 7589 02d1 16       		.byte	0x16
 7590 02d2 0B       		.uleb128 0xb
 7591 02d3 B7070000 		.4byte	.LASF65
 7592 02d7 06       		.byte	0x6
 7593 02d8 2A       		.byte	0x2a
 7594 02d9 03030000 		.4byte	0x303
 7595 02dd 18       		.byte	0x18
 7596 02de 0B       		.uleb128 0xb
 7597 02df E0010000 		.4byte	.LASF66
 7598 02e3 06       		.byte	0x6
 7599 02e4 2B       		.byte	0x2b
 7600 02e5 C3000000 		.4byte	0xc3
 7601 02e9 1C       		.byte	0x1c
 7602 02ea 0B       		.uleb128 0xb
 7603 02eb CE020000 		.4byte	.LASF67
 7604 02ef 06       		.byte	0x6
 7605 02f0 2C       		.byte	0x2c
 7606 02f1 C3000000 		.4byte	0xc3
 7607 02f5 1E       		.byte	0x1e
 7608 02f6 0B       		.uleb128 0xb
 7609 02f7 E3070000 		.4byte	.LASF68
 7610 02fb 06       		.byte	0x6
 7611 02fc 2D       		.byte	0x2d
 7612 02fd C3000000 		.4byte	0xc3
 7613 0301 20       		.byte	0x20
 7614 0302 00       		.byte	0
 7615 0303 06       		.uleb128 0x6
 7616 0304 04       		.byte	0x4
 7617 0305 2B020000 		.4byte	0x22b
 7618 0309 0D       		.uleb128 0xd
 7619 030a 47465800 		.ascii	"GFX\000"
 7620 030e 06       		.byte	0x6
 7621 030f 2E       		.byte	0x2e
 7622 0310 36020000 		.4byte	0x236
 7623 0314 08       		.uleb128 0x8
 7624 0315 A8060000 		.4byte	.LASF70
 7625 0319 01       		.byte	0x1
 7626 031a 42000000 		.4byte	0x42
 7627 031e 08       		.byte	0x8
 7628 031f 1D       		.byte	0x1d
 7629 0320 43030000 		.4byte	0x343
 7630 0324 09       		.uleb128 0x9
 7631 0325 AA040000 		.4byte	.LASF71
 7632 0329 00       		.byte	0
 7633 032a 09       		.uleb128 0x9
 7634 032b 72050000 		.4byte	.LASF72
 7635 032f 01       		.byte	0x1
 7636 0330 09       		.uleb128 0x9
 7637 0331 37070000 		.4byte	.LASF73
 7638 0335 02       		.byte	0x2
ARM GAS  C:\Users\ggg88\AppData\Local\Temp\ccZlRNWc.s 			page 170


 7639 0336 09       		.uleb128 0x9
 7640 0337 EB010000 		.4byte	.LASF74
 7641 033b 03       		.byte	0x3
 7642 033c 09       		.uleb128 0x9
 7643 033d C5040000 		.4byte	.LASF75
 7644 0341 04       		.byte	0x4
 7645 0342 00       		.byte	0
 7646 0343 08       		.uleb128 0x8
 7647 0344 CD000000 		.4byte	.LASF76
 7648 0348 01       		.byte	0x1
 7649 0349 42000000 		.4byte	0x42
 7650 034d 01       		.byte	0x1
 7651 034e 14       		.byte	0x14
 7652 034f 71030000 		.4byte	0x371
 7653 0353 09       		.uleb128 0x9
 7654 0354 07050000 		.4byte	.LASF77
 7655 0358 00       		.byte	0
 7656 0359 09       		.uleb128 0x9
 7657 035a E9020000 		.4byte	.LASF78
 7658 035e 01       		.byte	0x1
 7659 035f 09       		.uleb128 0x9
 7660 0360 0E080000 		.4byte	.LASF79
 7661 0364 02       		.byte	0x2
 7662 0365 0E       		.uleb128 0xe
 7663 0366 557000   		.ascii	"Up\000"
 7664 0369 03       		.byte	0x3
 7665 036a 09       		.uleb128 0x9
 7666 036b AC020000 		.4byte	.LASF80
 7667 036f 04       		.byte	0x4
 7668 0370 00       		.byte	0
 7669 0371 0F       		.uleb128 0xf
 7670 0372 3B0B0000 		.4byte	.LASF92
 7671 0376 01       		.byte	0x1
 7672 0377 31       		.byte	0x31
 7673 0378 00000000 		.4byte	.LFB64
 7674 037c 040E0000 		.4byte	.LFE64-.LFB64
 7675 0380 01       		.uleb128 0x1
 7676 0381 9C       		.byte	0x9c
 7677 0382 13050000 		.4byte	0x513
 7678 0386 10       		.uleb128 0x10
 7679 0387 46080000 		.4byte	.LASF81
 7680 038b 01       		.byte	0x1
 7681 038c 57       		.byte	0x57
 7682 038d AD000000 		.4byte	0xad
 7683 0391 02       		.uleb128 0x2
 7684 0392 91       		.byte	0x91
 7685 0393 5F       		.sleb128 -33
 7686 0394 11       		.uleb128 0x11
 7687 0395 30000000 		.4byte	.LBB2
 7688 0399 2E000000 		.4byte	.LBE2-.LBB2
 7689 039d AE030000 		.4byte	0x3ae
 7690 03a1 12       		.uleb128 0x12
 7691 03a2 6900     		.ascii	"i\000"
 7692 03a4 01       		.byte	0x1
 7693 03a5 3B       		.byte	0x3b
 7694 03a6 94000000 		.4byte	0x94
 7695 03aa 02       		.uleb128 0x2
ARM GAS  C:\Users\ggg88\AppData\Local\Temp\ccZlRNWc.s 			page 171


 7696 03ab 91       		.byte	0x91
 7697 03ac 6C       		.sleb128 -20
 7698 03ad 00       		.byte	0
 7699 03ae 11       		.uleb128 0x11
 7700 03af 8E000000 		.4byte	.LBB3
 7701 03b3 2E000000 		.4byte	.LBE3-.LBB3
 7702 03b7 C8030000 		.4byte	0x3c8
 7703 03bb 12       		.uleb128 0x12
 7704 03bc 6900     		.ascii	"i\000"
 7705 03be 01       		.byte	0x1
 7706 03bf 4C       		.byte	0x4c
 7707 03c0 94000000 		.4byte	0x94
 7708 03c4 02       		.uleb128 0x2
 7709 03c5 91       		.byte	0x91
 7710 03c6 68       		.sleb128 -24
 7711 03c7 00       		.byte	0
 7712 03c8 13       		.uleb128 0x13
 7713 03c9 3E050000 		.4byte	.LBB4
 7714 03cd 88080000 		.4byte	.LBE4-.LBB4
 7715 03d1 14       		.uleb128 0x14
 7716 03d2 55060000 		.4byte	.LASF82
 7717 03d6 01       		.byte	0x1
 7718 03d7 1401     		.2byte	0x114
 7719 03d9 A2000000 		.4byte	0xa2
 7720 03dd 02       		.uleb128 0x2
 7721 03de 91       		.byte	0x91
 7722 03df 5E       		.sleb128 -34
 7723 03e0 11       		.uleb128 0x11
 7724 03e1 6A050000 		.4byte	.LBB5
 7725 03e5 D6000000 		.4byte	.LBE5-.LBB5
 7726 03e9 0C040000 		.4byte	0x40c
 7727 03ed 14       		.uleb128 0x14
 7728 03ee 6F080000 		.4byte	.LASF83
 7729 03f2 01       		.byte	0x1
 7730 03f3 3001     		.2byte	0x130
 7731 03f5 A2000000 		.4byte	0xa2
 7732 03f9 02       		.uleb128 0x2
 7733 03fa 91       		.byte	0x91
 7734 03fb 5D       		.sleb128 -35
 7735 03fc 14       		.uleb128 0x14
 7736 03fd 53040000 		.4byte	.LASF84
 7737 0401 01       		.byte	0x1
 7738 0402 3201     		.2byte	0x132
 7739 0404 AD000000 		.4byte	0xad
 7740 0408 02       		.uleb128 0x2
 7741 0409 91       		.byte	0x91
 7742 040a 5C       		.sleb128 -36
 7743 040b 00       		.byte	0
 7744 040c 11       		.uleb128 0x11
 7745 040d 42060000 		.4byte	.LBB6
 7746 0411 50000000 		.4byte	.LBE6-.LBB6
 7747 0415 29040000 		.4byte	0x429
 7748 0419 14       		.uleb128 0x14
 7749 041a 53040000 		.4byte	.LASF84
 7750 041e 01       		.byte	0x1
 7751 041f 3B01     		.2byte	0x13b
 7752 0421 AD000000 		.4byte	0xad
ARM GAS  C:\Users\ggg88\AppData\Local\Temp\ccZlRNWc.s 			page 172


 7753 0425 02       		.uleb128 0x2
 7754 0426 91       		.byte	0x91
 7755 0427 5B       		.sleb128 -37
 7756 0428 00       		.byte	0
 7757 0429 11       		.uleb128 0x11
 7758 042a AE060000 		.4byte	.LBB7
 7759 042e 54020000 		.4byte	.LBE7-.LBB7
 7760 0432 64040000 		.4byte	0x464
 7761 0436 14       		.uleb128 0x14
 7762 0437 38010000 		.4byte	.LASF85
 7763 043b 01       		.byte	0x1
 7764 043c 4F01     		.2byte	0x14f
 7765 043e E5000000 		.4byte	0xe5
 7766 0442 02       		.uleb128 0x2
 7767 0443 91       		.byte	0x91
 7768 0444 64       		.sleb128 -28
 7769 0445 14       		.uleb128 0x14
 7770 0446 490A0000 		.4byte	.LASF86
 7771 044a 01       		.byte	0x1
 7772 044b 5F01     		.2byte	0x15f
 7773 044d E5000000 		.4byte	0xe5
 7774 0451 02       		.uleb128 0x2
 7775 0452 91       		.byte	0x91
 7776 0453 60       		.sleb128 -32
 7777 0454 14       		.uleb128 0x14
 7778 0455 53040000 		.4byte	.LASF84
 7779 0459 01       		.byte	0x1
 7780 045a 7001     		.2byte	0x170
 7781 045c AD000000 		.4byte	0xad
 7782 0460 02       		.uleb128 0x2
 7783 0461 91       		.byte	0x91
 7784 0462 5A       		.sleb128 -38
 7785 0463 00       		.byte	0
 7786 0464 11       		.uleb128 0x11
 7787 0465 1E090000 		.4byte	.LBB8
 7788 0469 32010000 		.4byte	.LBE8-.LBB8
 7789 046d 9F040000 		.4byte	0x49f
 7790 0471 14       		.uleb128 0x14
 7791 0472 38010000 		.4byte	.LASF85
 7792 0476 01       		.byte	0x1
 7793 0477 8E01     		.2byte	0x18e
 7794 0479 E5000000 		.4byte	0xe5
 7795 047d 02       		.uleb128 0x2
 7796 047e 91       		.byte	0x91
 7797 047f 54       		.sleb128 -44
 7798 0480 14       		.uleb128 0x14
 7799 0481 A7050000 		.4byte	.LASF87
 7800 0485 01       		.byte	0x1
 7801 0486 9F01     		.2byte	0x19f
 7802 0488 A2000000 		.4byte	0xa2
 7803 048c 02       		.uleb128 0x2
 7804 048d 91       		.byte	0x91
 7805 048e 53       		.sleb128 -45
 7806 048f 14       		.uleb128 0x14
 7807 0490 53040000 		.4byte	.LASF84
 7808 0494 01       		.byte	0x1
 7809 0495 A001     		.2byte	0x1a0
ARM GAS  C:\Users\ggg88\AppData\Local\Temp\ccZlRNWc.s 			page 173


 7810 0497 AD000000 		.4byte	0xad
 7811 049b 02       		.uleb128 0x2
 7812 049c 91       		.byte	0x91
 7813 049d 52       		.sleb128 -46
 7814 049e 00       		.byte	0
 7815 049f 11       		.uleb128 0x11
 7816 04a0 6C0A0000 		.4byte	.LBB9
 7817 04a4 B0010000 		.4byte	.LBE9-.LBB9
 7818 04a8 DA040000 		.4byte	0x4da
 7819 04ac 14       		.uleb128 0x14
 7820 04ad 2F050000 		.4byte	.LASF88
 7821 04b1 01       		.byte	0x1
 7822 04b2 B501     		.2byte	0x1b5
 7823 04b4 B8000000 		.4byte	0xb8
 7824 04b8 02       		.uleb128 0x2
 7825 04b9 91       		.byte	0x91
 7826 04ba 50       		.sleb128 -48
 7827 04bb 14       		.uleb128 0x14
 7828 04bc 5A000000 		.4byte	.LASF89
 7829 04c0 01       		.byte	0x1
 7830 04c1 C801     		.2byte	0x1c8
 7831 04c3 E5000000 		.4byte	0xe5
 7832 04c7 02       		.uleb128 0x2
 7833 04c8 91       		.byte	0x91
 7834 04c9 4C       		.sleb128 -52
 7835 04ca 14       		.uleb128 0x14
 7836 04cb 53040000 		.4byte	.LASF84
 7837 04cf 01       		.byte	0x1
 7838 04d0 CA01     		.2byte	0x1ca
 7839 04d2 AD000000 		.4byte	0xad
 7840 04d6 02       		.uleb128 0x2
 7841 04d7 91       		.byte	0x91
 7842 04d8 4B       		.sleb128 -53
 7843 04d9 00       		.byte	0
 7844 04da 13       		.uleb128 0x13
 7845 04db 380C0000 		.4byte	.LBB10
 7846 04df 88010000 		.4byte	.LBE10-.LBB10
 7847 04e3 14       		.uleb128 0x14
 7848 04e4 15020000 		.4byte	.LASF90
 7849 04e8 01       		.byte	0x1
 7850 04e9 E601     		.2byte	0x1e6
 7851 04eb B8000000 		.4byte	0xb8
 7852 04ef 02       		.uleb128 0x2
 7853 04f0 91       		.byte	0x91
 7854 04f1 48       		.sleb128 -56
 7855 04f2 14       		.uleb128 0x14
 7856 04f3 B4040000 		.4byte	.LASF91
 7857 04f7 01       		.byte	0x1
 7858 04f8 F601     		.2byte	0x1f6
 7859 04fa 13050000 		.4byte	0x513
 7860 04fe 02       		.uleb128 0x2
 7861 04ff 91       		.byte	0x91
 7862 0500 44       		.sleb128 -60
 7863 0501 14       		.uleb128 0x14
 7864 0502 53040000 		.4byte	.LASF84
 7865 0506 01       		.byte	0x1
 7866 0507 0002     		.2byte	0x200
ARM GAS  C:\Users\ggg88\AppData\Local\Temp\ccZlRNWc.s 			page 174


 7867 0509 AD000000 		.4byte	0xad
 7868 050d 02       		.uleb128 0x2
 7869 050e 91       		.byte	0x91
 7870 050f 47       		.sleb128 -57
 7871 0510 00       		.byte	0
 7872 0511 00       		.byte	0
 7873 0512 00       		.byte	0
 7874 0513 15       		.uleb128 0x15
 7875 0514 AD000000 		.4byte	0xad
 7876 0518 23050000 		.4byte	0x523
 7877 051c 16       		.uleb128 0x16
 7878 051d 01010000 		.4byte	0x101
 7879 0521 01       		.byte	0x1
 7880 0522 00       		.byte	0
 7881 0523 17       		.uleb128 0x17
 7882 0524 41070000 		.4byte	.LASF110
 7883 0528 01       		.byte	0x1
 7884 0529 2802     		.2byte	0x228
 7885 052b 00000000 		.4byte	.LFB65
 7886 052f B4000000 		.4byte	.LFE65-.LFB65
 7887 0533 01       		.uleb128 0x1
 7888 0534 9C       		.byte	0x9c
 7889 0535 18       		.uleb128 0x18
 7890 0536 9C000000 		.4byte	.LASF93
 7891 053a 01       		.byte	0x1
 7892 053b 4002     		.2byte	0x240
 7893 053d 00000000 		.4byte	.LFB66
 7894 0541 C0010000 		.4byte	.LFE66-.LFB66
 7895 0545 01       		.uleb128 0x1
 7896 0546 9C       		.byte	0x9c
 7897 0547 82050000 		.4byte	0x582
 7898 054b 11       		.uleb128 0x11
 7899 054c CC000000 		.4byte	.LBB11
 7900 0550 26000000 		.4byte	.LBE11-.LBB11
 7901 0554 68050000 		.4byte	0x568
 7902 0558 14       		.uleb128 0x14
 7903 0559 A1040000 		.4byte	.LASF94
 7904 055d 01       		.byte	0x1
 7905 055e 5C02     		.2byte	0x25c
 7906 0560 AD000000 		.4byte	0xad
 7907 0564 02       		.uleb128 0x2
 7908 0565 91       		.byte	0x91
 7909 0566 6F       		.sleb128 -17
 7910 0567 00       		.byte	0
 7911 0568 13       		.uleb128 0x13
 7912 0569 14010000 		.4byte	.LBB12
 7913 056d 28000000 		.4byte	.LBE12-.LBB12
 7914 0571 14       		.uleb128 0x14
 7915 0572 A1040000 		.4byte	.LASF94
 7916 0576 01       		.byte	0x1
 7917 0577 6602     		.2byte	0x266
 7918 0579 AD000000 		.4byte	0xad
 7919 057d 02       		.uleb128 0x2
 7920 057e 91       		.byte	0x91
 7921 057f 6E       		.sleb128 -18
 7922 0580 00       		.byte	0
 7923 0581 00       		.byte	0
ARM GAS  C:\Users\ggg88\AppData\Local\Temp\ccZlRNWc.s 			page 175


 7924 0582 18       		.uleb128 0x18
 7925 0583 32080000 		.4byte	.LASF95
 7926 0587 01       		.byte	0x1
 7927 0588 7502     		.2byte	0x275
 7928 058a 00000000 		.4byte	.LFB67
 7929 058e 5C150000 		.4byte	.LFE67-.LFB67
 7930 0592 01       		.uleb128 0x1
 7931 0593 9C       		.byte	0x9c
 7932 0594 00070000 		.4byte	0x700
 7933 0598 19       		.uleb128 0x19
 7934 0599 E2020000 		.4byte	.LASF201
 7935 059d 01       		.byte	0x1
 7936 059e 7502     		.2byte	0x275
 7937 05a0 43030000 		.4byte	0x343
 7938 05a4 02       		.uleb128 0x2
 7939 05a5 91       		.byte	0x91
 7940 05a6 47       		.sleb128 -57
 7941 05a7 14       		.uleb128 0x14
 7942 05a8 38030000 		.4byte	.LASF96
 7943 05ac 01       		.byte	0x1
 7944 05ad 7702     		.2byte	0x277
 7945 05af AD000000 		.4byte	0xad
 7946 05b3 02       		.uleb128 0x2
 7947 05b4 91       		.byte	0x91
 7948 05b5 6F       		.sleb128 -17
 7949 05b6 11       		.uleb128 0x11
 7950 05b7 C4040000 		.4byte	.LBB13
 7951 05bb 12020000 		.4byte	.LBE13-.LBB13
 7952 05bf D3050000 		.4byte	0x5d3
 7953 05c3 14       		.uleb128 0x14
 7954 05c4 7D090000 		.4byte	.LASF97
 7955 05c8 01       		.byte	0x1
 7956 05c9 3503     		.2byte	0x335
 7957 05cb AD000000 		.4byte	0xad
 7958 05cf 02       		.uleb128 0x2
 7959 05d0 91       		.byte	0x91
 7960 05d1 4F       		.sleb128 -49
 7961 05d2 00       		.byte	0
 7962 05d3 11       		.uleb128 0x11
 7963 05d4 E4060000 		.4byte	.LBB14
 7964 05d8 E2000000 		.4byte	.LBE14-.LBB14
 7965 05dc FF050000 		.4byte	0x5ff
 7966 05e0 14       		.uleb128 0x14
 7967 05e1 A7050000 		.4byte	.LASF87
 7968 05e5 01       		.byte	0x1
 7969 05e6 7403     		.2byte	0x374
 7970 05e8 A2000000 		.4byte	0xa2
 7971 05ec 02       		.uleb128 0x2
 7972 05ed 91       		.byte	0x91
 7973 05ee 4E       		.sleb128 -50
 7974 05ef 14       		.uleb128 0x14
 7975 05f0 53040000 		.4byte	.LASF84
 7976 05f4 01       		.byte	0x1
 7977 05f5 7503     		.2byte	0x375
 7978 05f7 AD000000 		.4byte	0xad
 7979 05fb 02       		.uleb128 0x2
 7980 05fc 91       		.byte	0x91
ARM GAS  C:\Users\ggg88\AppData\Local\Temp\ccZlRNWc.s 			page 176


 7981 05fd 4D       		.sleb128 -51
 7982 05fe 00       		.byte	0
 7983 05ff 11       		.uleb128 0x11
 7984 0600 22090000 		.4byte	.LBB15
 7985 0604 54000000 		.4byte	.LBE15-.LBB15
 7986 0608 1A060000 		.4byte	0x61a
 7987 060c 1A       		.uleb128 0x1a
 7988 060d 6900     		.ascii	"i\000"
 7989 060f 01       		.byte	0x1
 7990 0610 AD03     		.2byte	0x3ad
 7991 0612 94000000 		.4byte	0x94
 7992 0616 02       		.uleb128 0x2
 7993 0617 91       		.byte	0x91
 7994 0618 68       		.sleb128 -24
 7995 0619 00       		.byte	0
 7996 061a 11       		.uleb128 0x11
 7997 061b 7C090000 		.4byte	.LBB16
 7998 061f 84000000 		.4byte	.LBE16-.LBB16
 7999 0623 35060000 		.4byte	0x635
 8000 0627 1A       		.uleb128 0x1a
 8001 0628 6900     		.ascii	"i\000"
 8002 062a 01       		.byte	0x1
 8003 062b B903     		.2byte	0x3b9
 8004 062d 94000000 		.4byte	0x94
 8005 0631 02       		.uleb128 0x2
 8006 0632 91       		.byte	0x91
 8007 0633 64       		.sleb128 -28
 8008 0634 00       		.byte	0
 8009 0635 11       		.uleb128 0x11
 8010 0636 320D0000 		.4byte	.LBB17
 8011 063a D8020000 		.4byte	.LBE17-.LBB17
 8012 063e 52060000 		.4byte	0x652
 8013 0642 14       		.uleb128 0x14
 8014 0643 7D090000 		.4byte	.LASF97
 8015 0647 01       		.byte	0x1
 8016 0648 6704     		.2byte	0x467
 8017 064a AD000000 		.4byte	0xad
 8018 064e 02       		.uleb128 0x2
 8019 064f 91       		.byte	0x91
 8020 0650 4C       		.sleb128 -52
 8021 0651 00       		.byte	0
 8022 0652 11       		.uleb128 0x11
 8023 0653 88110000 		.4byte	.LBB18
 8024 0657 6C000000 		.4byte	.LBE18-.LBB18
 8025 065b 6D060000 		.4byte	0x66d
 8026 065f 1A       		.uleb128 0x1a
 8027 0660 6900     		.ascii	"i\000"
 8028 0662 01       		.byte	0x1
 8029 0663 EC04     		.2byte	0x4ec
 8030 0665 94000000 		.4byte	0x94
 8031 0669 02       		.uleb128 0x2
 8032 066a 91       		.byte	0x91
 8033 066b 60       		.sleb128 -32
 8034 066c 00       		.byte	0
 8035 066d 11       		.uleb128 0x11
 8036 066e 16120000 		.4byte	.LBB19
 8037 0672 B2000000 		.4byte	.LBE19-.LBB19
ARM GAS  C:\Users\ggg88\AppData\Local\Temp\ccZlRNWc.s 			page 177


 8038 0676 99060000 		.4byte	0x699
 8039 067a 14       		.uleb128 0x14
 8040 067b 6F080000 		.4byte	.LASF83
 8041 067f 01       		.byte	0x1
 8042 0680 1005     		.2byte	0x510
 8043 0682 A2000000 		.4byte	0xa2
 8044 0686 02       		.uleb128 0x2
 8045 0687 91       		.byte	0x91
 8046 0688 4B       		.sleb128 -53
 8047 0689 14       		.uleb128 0x14
 8048 068a 53040000 		.4byte	.LASF84
 8049 068e 01       		.byte	0x1
 8050 068f 1205     		.2byte	0x512
 8051 0691 AD000000 		.4byte	0xad
 8052 0695 02       		.uleb128 0x2
 8053 0696 91       		.byte	0x91
 8054 0697 4A       		.sleb128 -54
 8055 0698 00       		.byte	0
 8056 0699 11       		.uleb128 0x11
 8057 069a E6120000 		.4byte	.LBB20
 8058 069e 1C000000 		.4byte	.LBE20-.LBB20
 8059 06a2 B4060000 		.4byte	0x6b4
 8060 06a6 1A       		.uleb128 0x1a
 8061 06a7 6900     		.ascii	"i\000"
 8062 06a9 01       		.byte	0x1
 8063 06aa 1F05     		.2byte	0x51f
 8064 06ac 94000000 		.4byte	0x94
 8065 06b0 02       		.uleb128 0x2
 8066 06b1 91       		.byte	0x91
 8067 06b2 5C       		.sleb128 -36
 8068 06b3 00       		.byte	0
 8069 06b4 11       		.uleb128 0x11
 8070 06b5 A8130000 		.4byte	.LBB21
 8071 06b9 6C000000 		.4byte	.LBE21-.LBB21
 8072 06bd CF060000 		.4byte	0x6cf
 8073 06c1 1A       		.uleb128 0x1a
 8074 06c2 6900     		.ascii	"i\000"
 8075 06c4 01       		.byte	0x1
 8076 06c5 4105     		.2byte	0x541
 8077 06c7 94000000 		.4byte	0x94
 8078 06cb 02       		.uleb128 0x2
 8079 06cc 91       		.byte	0x91
 8080 06cd 58       		.sleb128 -40
 8081 06ce 00       		.byte	0
 8082 06cf 13       		.uleb128 0x13
 8083 06d0 2E140000 		.4byte	.LBB22
 8084 06d4 10010000 		.4byte	.LBE22-.LBB22
 8085 06d8 14       		.uleb128 0x14
 8086 06d9 7A020000 		.4byte	.LASF98
 8087 06dd 01       		.byte	0x1
 8088 06de 5805     		.2byte	0x558
 8089 06e0 AD000000 		.4byte	0xad
 8090 06e4 02       		.uleb128 0x2
 8091 06e5 91       		.byte	0x91
 8092 06e6 57       		.sleb128 -41
 8093 06e7 13       		.uleb128 0x13
 8094 06e8 40140000 		.4byte	.LBB23
ARM GAS  C:\Users\ggg88\AppData\Local\Temp\ccZlRNWc.s 			page 178


 8095 06ec D0000000 		.4byte	.LBE23-.LBB23
 8096 06f0 1A       		.uleb128 0x1a
 8097 06f1 6900     		.ascii	"i\000"
 8098 06f3 01       		.byte	0x1
 8099 06f4 5905     		.2byte	0x559
 8100 06f6 94000000 		.4byte	0x94
 8101 06fa 02       		.uleb128 0x2
 8102 06fb 91       		.byte	0x91
 8103 06fc 50       		.sleb128 -48
 8104 06fd 00       		.byte	0
 8105 06fe 00       		.byte	0
 8106 06ff 00       		.byte	0
 8107 0700 1B       		.uleb128 0x1b
 8108 0701 020B0000 		.4byte	.LASF99
 8109 0705 01       		.byte	0x1
 8110 0706 7705     		.2byte	0x577
 8111 0708 00000000 		.4byte	.LFB68
 8112 070c 9C000000 		.4byte	.LFE68-.LFB68
 8113 0710 01       		.uleb128 0x1
 8114 0711 9C       		.byte	0x9c
 8115 0712 1B       		.uleb128 0x1b
 8116 0713 FD060000 		.4byte	.LASF100
 8117 0717 01       		.byte	0x1
 8118 0718 8F05     		.2byte	0x58f
 8119 071a 00000000 		.4byte	.LFB69
 8120 071e 9C000000 		.4byte	.LFE69-.LFB69
 8121 0722 01       		.uleb128 0x1
 8122 0723 9C       		.byte	0x9c
 8123 0724 1B       		.uleb128 0x1b
 8124 0725 C2020000 		.4byte	.LASF101
 8125 0729 01       		.byte	0x1
 8126 072a A405     		.2byte	0x5a4
 8127 072c 00000000 		.4byte	.LFB70
 8128 0730 7C000000 		.4byte	.LFE70-.LFB70
 8129 0734 01       		.uleb128 0x1
 8130 0735 9C       		.byte	0x9c
 8131 0736 1B       		.uleb128 0x1b
 8132 0737 23070000 		.4byte	.LASF102
 8133 073b 01       		.byte	0x1
 8134 073c B705     		.2byte	0x5b7
 8135 073e 00000000 		.4byte	.LFB71
 8136 0742 7C000000 		.4byte	.LFE71-.LFB71
 8137 0746 01       		.uleb128 0x1
 8138 0747 9C       		.byte	0x9c
 8139 0748 1B       		.uleb128 0x1b
 8140 0749 D7000000 		.4byte	.LASF103
 8141 074d 01       		.byte	0x1
 8142 074e CA05     		.2byte	0x5ca
 8143 0750 00000000 		.4byte	.LFB72
 8144 0754 48000000 		.4byte	.LFE72-.LFB72
 8145 0758 01       		.uleb128 0x1
 8146 0759 9C       		.byte	0x9c
 8147 075a 18       		.uleb128 0x18
 8148 075b 960A0000 		.4byte	.LASF104
 8149 075f 01       		.byte	0x1
 8150 0760 DE05     		.2byte	0x5de
 8151 0762 00000000 		.4byte	.LFB73
ARM GAS  C:\Users\ggg88\AppData\Local\Temp\ccZlRNWc.s 			page 179


 8152 0766 B0000000 		.4byte	.LFE73-.LFB73
 8153 076a 01       		.uleb128 0x1
 8154 076b 9C       		.byte	0x9c
 8155 076c 88070000 		.4byte	0x788
 8156 0770 13       		.uleb128 0x13
 8157 0771 5A000000 		.4byte	.LBB24
 8158 0775 28000000 		.4byte	.LBE24-.LBB24
 8159 0779 1A       		.uleb128 0x1a
 8160 077a 6900     		.ascii	"i\000"
 8161 077c 01       		.byte	0x1
 8162 077d EA05     		.2byte	0x5ea
 8163 077f 94000000 		.4byte	0x94
 8164 0783 02       		.uleb128 0x2
 8165 0784 91       		.byte	0x91
 8166 0785 74       		.sleb128 -12
 8167 0786 00       		.byte	0
 8168 0787 00       		.byte	0
 8169 0788 18       		.uleb128 0x18
 8170 0789 03060000 		.4byte	.LASF105
 8171 078d 01       		.byte	0x1
 8172 078e F205     		.2byte	0x5f2
 8173 0790 00000000 		.4byte	.LFB74
 8174 0794 88010000 		.4byte	.LFE74-.LFB74
 8175 0798 01       		.uleb128 0x1
 8176 0799 9C       		.byte	0x9c
 8177 079a 23080000 		.4byte	0x823
 8178 079e 14       		.uleb128 0x14
 8179 079f 20020000 		.4byte	.LASF106
 8180 07a3 01       		.byte	0x1
 8181 07a4 0C06     		.2byte	0x60c
 8182 07a6 C3000000 		.4byte	0xc3
 8183 07aa 02       		.uleb128 0x2
 8184 07ab 91       		.byte	0x91
 8185 07ac 6A       		.sleb128 -22
 8186 07ad 11       		.uleb128 0x11
 8187 07ae 0C000000 		.4byte	.LBB25
 8188 07b2 74000000 		.4byte	.LBE25-.LBB25
 8189 07b6 F0070000 		.4byte	0x7f0
 8190 07ba 1A       		.uleb128 0x1a
 8191 07bb 6900     		.ascii	"i\000"
 8192 07bd 01       		.byte	0x1
 8193 07be F605     		.2byte	0x5f6
 8194 07c0 94000000 		.4byte	0x94
 8195 07c4 02       		.uleb128 0x2
 8196 07c5 91       		.byte	0x91
 8197 07c6 74       		.sleb128 -12
 8198 07c7 13       		.uleb128 0x13
 8199 07c8 12000000 		.4byte	.LBB26
 8200 07cc 62000000 		.4byte	.LBE26-.LBB26
 8201 07d0 14       		.uleb128 0x14
 8202 07d1 23040000 		.4byte	.LASF107
 8203 07d5 01       		.byte	0x1
 8204 07d6 F905     		.2byte	0x5f9
 8205 07d8 94000000 		.4byte	0x94
 8206 07dc 02       		.uleb128 0x2
 8207 07dd 91       		.byte	0x91
 8208 07de 70       		.sleb128 -16
ARM GAS  C:\Users\ggg88\AppData\Local\Temp\ccZlRNWc.s 			page 180


 8209 07df 14       		.uleb128 0x14
 8210 07e0 96030000 		.4byte	.LASF108
 8211 07e4 01       		.byte	0x1
 8212 07e5 FE05     		.2byte	0x5fe
 8213 07e7 94000000 		.4byte	0x94
 8214 07eb 02       		.uleb128 0x2
 8215 07ec 91       		.byte	0x91
 8216 07ed 6C       		.sleb128 -20
 8217 07ee 00       		.byte	0
 8218 07ef 00       		.byte	0
 8219 07f0 11       		.uleb128 0x11
 8220 07f1 84000000 		.4byte	.LBB27
 8221 07f5 2A000000 		.4byte	.LBE27-.LBB27
 8222 07f9 0B080000 		.4byte	0x80b
 8223 07fd 1A       		.uleb128 0x1a
 8224 07fe 6900     		.ascii	"i\000"
 8225 0800 01       		.byte	0x1
 8226 0801 0D06     		.2byte	0x60d
 8227 0803 94000000 		.4byte	0x94
 8228 0807 02       		.uleb128 0x2
 8229 0808 91       		.byte	0x91
 8230 0809 64       		.sleb128 -28
 8231 080a 00       		.byte	0
 8232 080b 13       		.uleb128 0x13
 8233 080c D2000000 		.4byte	.LBB28
 8234 0810 98000000 		.4byte	.LBE28-.LBB28
 8235 0814 1A       		.uleb128 0x1a
 8236 0815 6900     		.ascii	"i\000"
 8237 0817 01       		.byte	0x1
 8238 0818 1506     		.2byte	0x615
 8239 081a 94000000 		.4byte	0x94
 8240 081e 02       		.uleb128 0x2
 8241 081f 91       		.byte	0x91
 8242 0820 60       		.sleb128 -32
 8243 0821 00       		.byte	0
 8244 0822 00       		.byte	0
 8245 0823 18       		.uleb128 0x18
 8246 0824 EC030000 		.4byte	.LASF109
 8247 0828 01       		.byte	0x1
 8248 0829 1F06     		.2byte	0x61f
 8249 082b 00000000 		.4byte	.LFB75
 8250 082f D4000000 		.4byte	.LFE75-.LFB75
 8251 0833 01       		.uleb128 0x1
 8252 0834 9C       		.byte	0x9c
 8253 0835 51080000 		.4byte	0x851
 8254 0839 13       		.uleb128 0x13
 8255 083a 22000000 		.4byte	.LBB29
 8256 083e 28000000 		.4byte	.LBE29-.LBB29
 8257 0842 1A       		.uleb128 0x1a
 8258 0843 6900     		.ascii	"i\000"
 8259 0845 01       		.byte	0x1
 8260 0846 2506     		.2byte	0x625
 8261 0848 94000000 		.4byte	0x94
 8262 084c 02       		.uleb128 0x2
 8263 084d 91       		.byte	0x91
 8264 084e 74       		.sleb128 -12
 8265 084f 00       		.byte	0
ARM GAS  C:\Users\ggg88\AppData\Local\Temp\ccZlRNWc.s 			page 181


 8266 0850 00       		.byte	0
 8267 0851 17       		.uleb128 0x17
 8268 0852 8D010000 		.4byte	.LASF111
 8269 0856 01       		.byte	0x1
 8270 0857 3506     		.2byte	0x635
 8271 0859 00000000 		.4byte	.LFB76
 8272 085d 6C000000 		.4byte	.LFE76-.LFB76
 8273 0861 01       		.uleb128 0x1
 8274 0862 9C       		.byte	0x9c
 8275 0863 18       		.uleb128 0x18
 8276 0864 33060000 		.4byte	.LASF112
 8277 0868 01       		.byte	0x1
 8278 0869 4606     		.2byte	0x646
 8279 086b 00000000 		.4byte	.LFB77
 8280 086f 10010000 		.4byte	.LFE77-.LFB77
 8281 0873 01       		.uleb128 0x1
 8282 0874 9C       		.byte	0x9c
 8283 0875 C3080000 		.4byte	0x8c3
 8284 0879 11       		.uleb128 0x11
 8285 087a 0C000000 		.4byte	.LBB30
 8286 087e 54000000 		.4byte	.LBE30-.LBB30
 8287 0882 94080000 		.4byte	0x894
 8288 0886 1A       		.uleb128 0x1a
 8289 0887 6900     		.ascii	"i\000"
 8290 0889 01       		.byte	0x1
 8291 088a 4A06     		.2byte	0x64a
 8292 088c 94000000 		.4byte	0x94
 8293 0890 02       		.uleb128 0x2
 8294 0891 91       		.byte	0x91
 8295 0892 74       		.sleb128 -12
 8296 0893 00       		.byte	0
 8297 0894 13       		.uleb128 0x13
 8298 0895 60000000 		.4byte	.LBB31
 8299 0899 98000000 		.4byte	.LBE31-.LBB31
 8300 089d 1A       		.uleb128 0x1a
 8301 089e 6900     		.ascii	"i\000"
 8302 08a0 01       		.byte	0x1
 8303 08a1 4F06     		.2byte	0x64f
 8304 08a3 94000000 		.4byte	0x94
 8305 08a7 02       		.uleb128 0x2
 8306 08a8 91       		.byte	0x91
 8307 08a9 70       		.sleb128 -16
 8308 08aa 13       		.uleb128 0x13
 8309 08ab 66000000 		.4byte	.LBB32
 8310 08af 86000000 		.4byte	.LBE32-.LBB32
 8311 08b3 1A       		.uleb128 0x1a
 8312 08b4 6A00     		.ascii	"j\000"
 8313 08b6 01       		.byte	0x1
 8314 08b7 5106     		.2byte	0x651
 8315 08b9 94000000 		.4byte	0x94
 8316 08bd 02       		.uleb128 0x2
 8317 08be 91       		.byte	0x91
 8318 08bf 6C       		.sleb128 -20
 8319 08c0 00       		.byte	0
 8320 08c1 00       		.byte	0
 8321 08c2 00       		.byte	0
 8322 08c3 17       		.uleb128 0x17
ARM GAS  C:\Users\ggg88\AppData\Local\Temp\ccZlRNWc.s 			page 182


 8323 08c4 18000000 		.4byte	.LASF113
 8324 08c8 01       		.byte	0x1
 8325 08c9 6206     		.2byte	0x662
 8326 08cb 00000000 		.4byte	.LFB78
 8327 08cf 20000000 		.4byte	.LFE78-.LFB78
 8328 08d3 01       		.uleb128 0x1
 8329 08d4 9C       		.byte	0x9c
 8330 08d5 18       		.uleb128 0x18
 8331 08d6 67060000 		.4byte	.LASF114
 8332 08da 01       		.byte	0x1
 8333 08db 6A06     		.2byte	0x66a
 8334 08dd 00000000 		.4byte	.LFB79
 8335 08e1 C4010000 		.4byte	.LFE79-.LFB79
 8336 08e5 01       		.uleb128 0x1
 8337 08e6 9C       		.byte	0x9c
 8338 08e7 12090000 		.4byte	0x912
 8339 08eb 14       		.uleb128 0x14
 8340 08ec 53070000 		.4byte	.LASF115
 8341 08f0 01       		.byte	0x1
 8342 08f1 6C06     		.2byte	0x66c
 8343 08f3 94000000 		.4byte	0x94
 8344 08f7 02       		.uleb128 0x2
 8345 08f8 91       		.byte	0x91
 8346 08f9 6C       		.sleb128 -20
 8347 08fa 13       		.uleb128 0x13
 8348 08fb 0A000000 		.4byte	.LBB33
 8349 08ff 38000000 		.4byte	.LBE33-.LBB33
 8350 0903 1A       		.uleb128 0x1a
 8351 0904 6900     		.ascii	"i\000"
 8352 0906 01       		.byte	0x1
 8353 0907 6D06     		.2byte	0x66d
 8354 0909 94000000 		.4byte	0x94
 8355 090d 02       		.uleb128 0x2
 8356 090e 91       		.byte	0x91
 8357 090f 68       		.sleb128 -24
 8358 0910 00       		.byte	0
 8359 0911 00       		.byte	0
 8360 0912 18       		.uleb128 0x18
 8361 0913 B0030000 		.4byte	.LASF116
 8362 0917 01       		.byte	0x1
 8363 0918 A106     		.2byte	0x6a1
 8364 091a 00000000 		.4byte	.LFB80
 8365 091e 54010000 		.4byte	.LFE80-.LFB80
 8366 0922 01       		.uleb128 0x1
 8367 0923 9C       		.byte	0x9c
 8368 0924 4F090000 		.4byte	0x94f
 8369 0928 14       		.uleb128 0x14
 8370 0929 4A090000 		.4byte	.LASF117
 8371 092d 01       		.byte	0x1
 8372 092e A306     		.2byte	0x6a3
 8373 0930 94000000 		.4byte	0x94
 8374 0934 02       		.uleb128 0x2
 8375 0935 91       		.byte	0x91
 8376 0936 6C       		.sleb128 -20
 8377 0937 13       		.uleb128 0x13
 8378 0938 0A000000 		.4byte	.LBB34
 8379 093c 3C000000 		.4byte	.LBE34-.LBB34
ARM GAS  C:\Users\ggg88\AppData\Local\Temp\ccZlRNWc.s 			page 183


 8380 0940 1A       		.uleb128 0x1a
 8381 0941 6900     		.ascii	"i\000"
 8382 0943 01       		.byte	0x1
 8383 0944 A406     		.2byte	0x6a4
 8384 0946 94000000 		.4byte	0x94
 8385 094a 02       		.uleb128 0x2
 8386 094b 91       		.byte	0x91
 8387 094c 68       		.sleb128 -24
 8388 094d 00       		.byte	0
 8389 094e 00       		.byte	0
 8390 094f 1C       		.uleb128 0x1c
 8391 0950 6A010000 		.4byte	.LASF118
 8392 0954 09       		.byte	0x9
 8393 0955 1207     		.2byte	0x712
 8394 0957 5B090000 		.4byte	0x95b
 8395 095b 1D       		.uleb128 0x1d
 8396 095c CE000000 		.4byte	0xce
 8397 0960 1E       		.uleb128 0x1e
 8398 0961 7D050000 		.4byte	.LASF119
 8399 0965 0A       		.byte	0xa
 8400 0966 41       		.byte	0x41
 8401 0967 D9000000 		.4byte	0xd9
 8402 096b 05       		.uleb128 0x5
 8403 096c 03       		.byte	0x3
 8404 096d 00000000 		.4byte	Decoder_1_Enabled
 8405 0971 1F       		.uleb128 0x1f
 8406 0972 A1080000 		.4byte	.LASF120
 8407 0976 07       		.byte	0x7
 8408 0977 60       		.byte	0x60
 8409 0978 94000000 		.4byte	0x94
 8410 097c 1F       		.uleb128 0x1f
 8411 097d 420B0000 		.4byte	.LASF121
 8412 0981 07       		.byte	0x7
 8413 0982 61       		.byte	0x61
 8414 0983 AD000000 		.4byte	0xad
 8415 0987 1F       		.uleb128 0x1f
 8416 0988 13070000 		.4byte	.LASF122
 8417 098c 07       		.byte	0x7
 8418 098d 62       		.byte	0x62
 8419 098e AD000000 		.4byte	0xad
 8420 0992 1F       		.uleb128 0x1f
 8421 0993 E4000000 		.4byte	.LASF123
 8422 0997 07       		.byte	0x7
 8423 0998 63       		.byte	0x63
 8424 0999 AD000000 		.4byte	0xad
 8425 099d 1F       		.uleb128 0x1f
 8426 099e 86000000 		.4byte	.LASF124
 8427 09a2 07       		.byte	0x7
 8428 09a3 64       		.byte	0x64
 8429 09a4 AD000000 		.4byte	0xad
 8430 09a8 1F       		.uleb128 0x1f
 8431 09a9 E10A0000 		.4byte	.LASF125
 8432 09ad 07       		.byte	0x7
 8433 09ae 65       		.byte	0x65
 8434 09af AD000000 		.4byte	0xad
 8435 09b3 1F       		.uleb128 0x1f
 8436 09b4 2C000000 		.4byte	.LASF126
ARM GAS  C:\Users\ggg88\AppData\Local\Temp\ccZlRNWc.s 			page 184


 8437 09b8 07       		.byte	0x7
 8438 09b9 66       		.byte	0x66
 8439 09ba AD000000 		.4byte	0xad
 8440 09be 1F       		.uleb128 0x1f
 8441 09bf 52050000 		.4byte	.LASF127
 8442 09c3 07       		.byte	0x7
 8443 09c4 67       		.byte	0x67
 8444 09c5 AD000000 		.4byte	0xad
 8445 09c9 1F       		.uleb128 0x1f
 8446 09ca 6C090000 		.4byte	.LASF128
 8447 09ce 07       		.byte	0x7
 8448 09cf 68       		.byte	0x68
 8449 09d0 13050000 		.4byte	0x513
 8450 09d4 1F       		.uleb128 0x1f
 8451 09d5 7C0A0000 		.4byte	.LASF129
 8452 09d9 07       		.byte	0x7
 8453 09da 69       		.byte	0x69
 8454 09db AD000000 		.4byte	0xad
 8455 09df 15       		.uleb128 0x15
 8456 09e0 AD000000 		.4byte	0xad
 8457 09e4 FB090000 		.4byte	0x9fb
 8458 09e8 16       		.uleb128 0x16
 8459 09e9 01010000 		.4byte	0x101
 8460 09ed 3F       		.byte	0x3f
 8461 09ee 16       		.uleb128 0x16
 8462 09ef 01010000 		.4byte	0x101
 8463 09f3 0F       		.byte	0xf
 8464 09f4 16       		.uleb128 0x16
 8465 09f5 01010000 		.4byte	0x101
 8466 09f9 08       		.byte	0x8
 8467 09fa 00       		.byte	0
 8468 09fb 1F       		.uleb128 0x1f
 8469 09fc 8F070000 		.4byte	.LASF130
 8470 0a00 07       		.byte	0x7
 8471 0a01 6A       		.byte	0x6a
 8472 0a02 DF090000 		.4byte	0x9df
 8473 0a06 15       		.uleb128 0x15
 8474 0a07 AD000000 		.4byte	0xad
 8475 0a0b 220A0000 		.4byte	0xa22
 8476 0a0f 16       		.uleb128 0x16
 8477 0a10 01010000 		.4byte	0x101
 8478 0a14 3F       		.byte	0x3f
 8479 0a15 16       		.uleb128 0x16
 8480 0a16 01010000 		.4byte	0x101
 8481 0a1a 03       		.byte	0x3
 8482 0a1b 16       		.uleb128 0x16
 8483 0a1c 01010000 		.4byte	0x101
 8484 0a20 09       		.byte	0x9
 8485 0a21 00       		.byte	0
 8486 0a22 1F       		.uleb128 0x1f
 8487 0a23 170A0000 		.4byte	.LASF131
 8488 0a27 07       		.byte	0x7
 8489 0a28 6B       		.byte	0x6b
 8490 0a29 060A0000 		.4byte	0xa06
 8491 0a2d 1F       		.uleb128 0x1f
 8492 0a2e FB010000 		.4byte	.LASF132
 8493 0a32 07       		.byte	0x7
ARM GAS  C:\Users\ggg88\AppData\Local\Temp\ccZlRNWc.s 			page 185


 8494 0a33 6C       		.byte	0x6c
 8495 0a34 AD000000 		.4byte	0xad
 8496 0a38 15       		.uleb128 0x15
 8497 0a39 AD000000 		.4byte	0xad
 8498 0a3d 4E0A0000 		.4byte	0xa4e
 8499 0a41 16       		.uleb128 0x16
 8500 0a42 01010000 		.4byte	0x101
 8501 0a46 3F       		.byte	0x3f
 8502 0a47 16       		.uleb128 0x16
 8503 0a48 01010000 		.4byte	0x101
 8504 0a4c 0D       		.byte	0xd
 8505 0a4d 00       		.byte	0
 8506 0a4e 1F       		.uleb128 0x1f
 8507 0a4f 850A0000 		.4byte	.LASF133
 8508 0a53 07       		.byte	0x7
 8509 0a54 6E       		.byte	0x6e
 8510 0a55 380A0000 		.4byte	0xa38
 8511 0a59 15       		.uleb128 0x15
 8512 0a5a AD000000 		.4byte	0xad
 8513 0a5e 6F0A0000 		.4byte	0xa6f
 8514 0a62 16       		.uleb128 0x16
 8515 0a63 01010000 		.4byte	0x101
 8516 0a67 05       		.byte	0x5
 8517 0a68 16       		.uleb128 0x16
 8518 0a69 01010000 		.4byte	0x101
 8519 0a6d 09       		.byte	0x9
 8520 0a6e 00       		.byte	0
 8521 0a6f 1F       		.uleb128 0x1f
 8522 0a70 5C080000 		.4byte	.LASF134
 8523 0a74 07       		.byte	0x7
 8524 0a75 70       		.byte	0x70
 8525 0a76 590A0000 		.4byte	0xa59
 8526 0a7a 15       		.uleb128 0x15
 8527 0a7b AD000000 		.4byte	0xad
 8528 0a7f 8A0A0000 		.4byte	0xa8a
 8529 0a83 16       		.uleb128 0x16
 8530 0a84 01010000 		.4byte	0x101
 8531 0a88 3F       		.byte	0x3f
 8532 0a89 00       		.byte	0
 8533 0a8a 1F       		.uleb128 0x1f
 8534 0a8b 43000000 		.4byte	.LASF135
 8535 0a8f 07       		.byte	0x7
 8536 0a90 71       		.byte	0x71
 8537 0a91 7A0A0000 		.4byte	0xa7a
 8538 0a95 1F       		.uleb128 0x1f
 8539 0a96 BF070000 		.4byte	.LASF136
 8540 0a9a 07       		.byte	0x7
 8541 0a9b 72       		.byte	0x72
 8542 0a9c AD000000 		.4byte	0xad
 8543 0aa0 1F       		.uleb128 0x1f
 8544 0aa1 E9060000 		.4byte	.LASF137
 8545 0aa5 07       		.byte	0x7
 8546 0aa6 73       		.byte	0x73
 8547 0aa7 AD000000 		.4byte	0xad
 8548 0aab 1F       		.uleb128 0x1f
 8549 0aac 71070000 		.4byte	.LASF138
 8550 0ab0 07       		.byte	0x7
ARM GAS  C:\Users\ggg88\AppData\Local\Temp\ccZlRNWc.s 			page 186


 8551 0ab1 74       		.byte	0x74
 8552 0ab2 AD000000 		.4byte	0xad
 8553 0ab6 15       		.uleb128 0x15
 8554 0ab7 C3000000 		.4byte	0xc3
 8555 0abb CC0A0000 		.4byte	0xacc
 8556 0abf 16       		.uleb128 0x16
 8557 0ac0 01010000 		.4byte	0x101
 8558 0ac4 08       		.byte	0x8
 8559 0ac5 16       		.uleb128 0x16
 8560 0ac6 01010000 		.4byte	0x101
 8561 0aca 0B       		.byte	0xb
 8562 0acb 00       		.byte	0
 8563 0acc 1F       		.uleb128 0x1f
 8564 0acd 3E020000 		.4byte	.LASF139
 8565 0ad1 07       		.byte	0x7
 8566 0ad2 75       		.byte	0x75
 8567 0ad3 B60A0000 		.4byte	0xab6
 8568 0ad7 15       		.uleb128 0x15
 8569 0ad8 C3000000 		.4byte	0xc3
 8570 0adc E70A0000 		.4byte	0xae7
 8571 0ae0 16       		.uleb128 0x16
 8572 0ae1 01010000 		.4byte	0x101
 8573 0ae5 09       		.byte	0x9
 8574 0ae6 00       		.byte	0
 8575 0ae7 1F       		.uleb128 0x1f
 8576 0ae8 24050000 		.4byte	.LASF140
 8577 0aec 07       		.byte	0x7
 8578 0aed 76       		.byte	0x76
 8579 0aee D70A0000 		.4byte	0xad7
 8580 0af2 1F       		.uleb128 0x1f
 8581 0af3 8F050000 		.4byte	.LASF141
 8582 0af7 07       		.byte	0x7
 8583 0af8 77       		.byte	0x77
 8584 0af9 D70A0000 		.4byte	0xad7
 8585 0afd 15       		.uleb128 0x15
 8586 0afe AD000000 		.4byte	0xad
 8587 0b02 0D0B0000 		.4byte	0xb0d
 8588 0b06 16       		.uleb128 0x16
 8589 0b07 01010000 		.4byte	0x101
 8590 0b0b 09       		.byte	0x9
 8591 0b0c 00       		.byte	0
 8592 0b0d 1F       		.uleb128 0x1f
 8593 0b0e 7E040000 		.4byte	.LASF142
 8594 0b12 07       		.byte	0x7
 8595 0b13 78       		.byte	0x78
 8596 0b14 FD0A0000 		.4byte	0xafd
 8597 0b18 1F       		.uleb128 0x1f
 8598 0b19 2A010000 		.4byte	.LASF143
 8599 0b1d 07       		.byte	0x7
 8600 0b1e 79       		.byte	0x79
 8601 0b1f D70A0000 		.4byte	0xad7
 8602 0b23 1F       		.uleb128 0x1f
 8603 0b24 87080000 		.4byte	.LASF144
 8604 0b28 07       		.byte	0x7
 8605 0b29 7B       		.byte	0x7b
 8606 0b2a A2000000 		.4byte	0xa2
 8607 0b2e 1F       		.uleb128 0x1f
ARM GAS  C:\Users\ggg88\AppData\Local\Temp\ccZlRNWc.s 			page 187


 8608 0b2f BE000000 		.4byte	.LASF145
 8609 0b33 07       		.byte	0x7
 8610 0b34 7C       		.byte	0x7c
 8611 0b35 A2000000 		.4byte	0xa2
 8612 0b39 1F       		.uleb128 0x1f
 8613 0b3a 0C050000 		.4byte	.LASF146
 8614 0b3e 07       		.byte	0x7
 8615 0b3f 7D       		.byte	0x7d
 8616 0b40 E5000000 		.4byte	0xe5
 8617 0b44 1F       		.uleb128 0x1f
 8618 0b45 3F0A0000 		.4byte	.LASF147
 8619 0b49 07       		.byte	0x7
 8620 0b4a 7E       		.byte	0x7e
 8621 0b4b A2000000 		.4byte	0xa2
 8622 0b4f 1F       		.uleb128 0x1f
 8623 0b50 43030000 		.4byte	.LASF148
 8624 0b54 07       		.byte	0x7
 8625 0b55 7F       		.byte	0x7f
 8626 0b56 94000000 		.4byte	0x94
 8627 0b5a 1F       		.uleb128 0x1f
 8628 0b5b 05040000 		.4byte	.LASF149
 8629 0b5f 07       		.byte	0x7
 8630 0b60 80       		.byte	0x80
 8631 0b61 AD000000 		.4byte	0xad
 8632 0b65 1F       		.uleb128 0x1f
 8633 0b66 0A070000 		.4byte	.LASF150
 8634 0b6a 07       		.byte	0x7
 8635 0b6b 81       		.byte	0x81
 8636 0b6c AD000000 		.4byte	0xad
 8637 0b70 15       		.uleb128 0x15
 8638 0b71 AD000000 		.4byte	0xad
 8639 0b75 800B0000 		.4byte	0xb80
 8640 0b79 16       		.uleb128 0x16
 8641 0b7a 01010000 		.4byte	0x101
 8642 0b7e 08       		.byte	0x8
 8643 0b7f 00       		.byte	0
 8644 0b80 1F       		.uleb128 0x1f
 8645 0b81 EE070000 		.4byte	.LASF151
 8646 0b85 07       		.byte	0x7
 8647 0b86 82       		.byte	0x82
 8648 0b87 700B0000 		.4byte	0xb70
 8649 0b8b 1F       		.uleb128 0x1f
 8650 0b8c F8000000 		.4byte	.LASF152
 8651 0b90 07       		.byte	0x7
 8652 0b91 83       		.byte	0x83
 8653 0b92 AD000000 		.4byte	0xad
 8654 0b96 1F       		.uleb128 0x1f
 8655 0b97 160B0000 		.4byte	.LASF153
 8656 0b9b 07       		.byte	0x7
 8657 0b9c 84       		.byte	0x84
 8658 0b9d AD000000 		.4byte	0xad
 8659 0ba1 1F       		.uleb128 0x1f
 8660 0ba2 71000000 		.4byte	.LASF154
 8661 0ba6 07       		.byte	0x7
 8662 0ba7 85       		.byte	0x85
 8663 0ba8 AD000000 		.4byte	0xad
 8664 0bac 1F       		.uleb128 0x1f
ARM GAS  C:\Users\ggg88\AppData\Local\Temp\ccZlRNWc.s 			page 188


 8665 0bad 43040000 		.4byte	.LASF155
 8666 0bb1 07       		.byte	0x7
 8667 0bb2 86       		.byte	0x86
 8668 0bb3 AD000000 		.4byte	0xad
 8669 0bb7 1F       		.uleb128 0x1f
 8670 0bb8 EF020000 		.4byte	.LASF156
 8671 0bbc 07       		.byte	0x7
 8672 0bbd 87       		.byte	0x87
 8673 0bbe AD000000 		.4byte	0xad
 8674 0bc2 15       		.uleb128 0x15
 8675 0bc3 AD000000 		.4byte	0xad
 8676 0bc7 D20B0000 		.4byte	0xbd2
 8677 0bcb 16       		.uleb128 0x16
 8678 0bcc 01010000 		.4byte	0x101
 8679 0bd0 0F       		.byte	0xf
 8680 0bd1 00       		.byte	0
 8681 0bd2 1F       		.uleb128 0x1f
 8682 0bd3 D7020000 		.4byte	.LASF157
 8683 0bd7 07       		.byte	0x7
 8684 0bd8 88       		.byte	0x88
 8685 0bd9 C20B0000 		.4byte	0xbc2
 8686 0bdd 15       		.uleb128 0x15
 8687 0bde B8000000 		.4byte	0xb8
 8688 0be2 ED0B0000 		.4byte	0xbed
 8689 0be6 16       		.uleb128 0x16
 8690 0be7 01010000 		.4byte	0x101
 8691 0beb 0F       		.byte	0xf
 8692 0bec 00       		.byte	0
 8693 0bed 1F       		.uleb128 0x1f
 8694 0bee 88020000 		.4byte	.LASF158
 8695 0bf2 07       		.byte	0x7
 8696 0bf3 89       		.byte	0x89
 8697 0bf4 DD0B0000 		.4byte	0xbdd
 8698 0bf8 1F       		.uleb128 0x1f
 8699 0bf9 030A0000 		.4byte	.LASF159
 8700 0bfd 07       		.byte	0x7
 8701 0bfe 8A       		.byte	0x8a
 8702 0bff A2000000 		.4byte	0xa2
 8703 0c03 1F       		.uleb128 0x1f
 8704 0c04 1C030000 		.4byte	.LASF160
 8705 0c08 07       		.byte	0x7
 8706 0c09 8B       		.byte	0x8b
 8707 0c0a AD000000 		.4byte	0xad
 8708 0c0e 15       		.uleb128 0x15
 8709 0c0f F3000000 		.4byte	0xf3
 8710 0c13 1E0C0000 		.4byte	0xc1e
 8711 0c17 16       		.uleb128 0x16
 8712 0c18 01010000 		.4byte	0x101
 8713 0c1c 0D       		.byte	0xd
 8714 0c1d 00       		.byte	0
 8715 0c1e 1E       		.uleb128 0x1e
 8716 0c1f 65020000 		.4byte	.LASF161
 8717 0c23 01       		.byte	0x1
 8718 0c24 28       		.byte	0x28
 8719 0c25 0E0C0000 		.4byte	0xc0e
 8720 0c29 05       		.uleb128 0x5
 8721 0c2a 03       		.byte	0x3
ARM GAS  C:\Users\ggg88\AppData\Local\Temp\ccZlRNWc.s 			page 189


 8722 0c2b 00000000 		.4byte	newPresetName
 8723 0c2f 1F       		.uleb128 0x1f
 8724 0c30 EE050000 		.4byte	.LASF162
 8725 0c34 07       		.byte	0x7
 8726 0c35 8D       		.byte	0x8d
 8727 0c36 AD000000 		.4byte	0xad
 8728 0c3a 1F       		.uleb128 0x1f
 8729 0c3b 5F040000 		.4byte	.LASF163
 8730 0c3f 07       		.byte	0x7
 8731 0c40 8E       		.byte	0x8e
 8732 0c41 13050000 		.4byte	0x513
 8733 0c45 15       		.uleb128 0x15
 8734 0c46 C3000000 		.4byte	0xc3
 8735 0c4a 550C0000 		.4byte	0xc55
 8736 0c4e 16       		.uleb128 0x16
 8737 0c4f 01010000 		.4byte	0x101
 8738 0c53 11       		.byte	0x11
 8739 0c54 00       		.byte	0
 8740 0c55 1F       		.uleb128 0x1f
 8741 0c56 4B060000 		.4byte	.LASF164
 8742 0c5a 07       		.byte	0x7
 8743 0c5b 90       		.byte	0x90
 8744 0c5c 450C0000 		.4byte	0xc45
 8745 0c60 15       		.uleb128 0x15
 8746 0c61 C3000000 		.4byte	0xc3
 8747 0c65 700C0000 		.4byte	0xc70
 8748 0c69 16       		.uleb128 0x16
 8749 0c6a 01010000 		.4byte	0x101
 8750 0c6e 08       		.byte	0x8
 8751 0c6f 00       		.byte	0
 8752 0c70 1F       		.uleb128 0x1f
 8753 0c71 09030000 		.4byte	.LASF165
 8754 0c75 07       		.byte	0x7
 8755 0c76 91       		.byte	0x91
 8756 0c77 600C0000 		.4byte	0xc60
 8757 0c7b 1F       		.uleb128 0x1f
 8758 0c7c 380A0000 		.4byte	.LASF166
 8759 0c80 08       		.byte	0x8
 8760 0c81 77       		.byte	0x77
 8761 0c82 09030000 		.4byte	0x309
 8762 0c86 1E       		.uleb128 0x1e
 8763 0c87 A2010000 		.4byte	.LASF167
 8764 0c8b 01       		.byte	0x1
 8765 0c8c 26       		.byte	0x26
 8766 0c8d AD000000 		.4byte	0xad
 8767 0c91 05       		.uleb128 0x5
 8768 0c92 03       		.byte	0x3
 8769 0c93 00000000 		.4byte	whichMacroPageIsActive
 8770 0c97 1E       		.uleb128 0x1e
 8771 0c98 C60A0000 		.4byte	.LASF168
 8772 0c9c 01       		.byte	0x1
 8773 0c9d 10       		.byte	0x10
 8774 0c9e A2000000 		.4byte	0xa2
 8775 0ca2 05       		.uleb128 0x5
 8776 0ca3 03       		.byte	0x3
 8777 0ca4 00000000 		.4byte	prevEncoderVal
 8778 0ca8 1E       		.uleb128 0x1e
ARM GAS  C:\Users\ggg88\AppData\Local\Temp\ccZlRNWc.s 			page 190


 8779 0ca9 25080000 		.4byte	.LASF169
 8780 0cad 01       		.byte	0x1
 8781 0cae 11       		.byte	0x11
 8782 0caf AD000000 		.4byte	0xad
 8783 0cb3 05       		.uleb128 0x5
 8784 0cb4 03       		.byte	0x3
 8785 0cb5 00000000 		.4byte	encoderWatch
 8786 0cb9 15       		.uleb128 0x15
 8787 0cba A2000000 		.4byte	0xa2
 8788 0cbe CF0C0000 		.4byte	0xccf
 8789 0cc2 16       		.uleb128 0x16
 8790 0cc3 01010000 		.4byte	0x101
 8791 0cc7 02       		.byte	0x2
 8792 0cc8 16       		.uleb128 0x16
 8793 0cc9 01010000 		.4byte	0x101
 8794 0ccd 01       		.byte	0x1
 8795 0cce 00       		.byte	0
 8796 0ccf 1E       		.uleb128 0x1e
 8797 0cd0 B9010000 		.4byte	.LASF170
 8798 0cd4 01       		.byte	0x1
 8799 0cd5 13       		.byte	0x13
 8800 0cd6 B90C0000 		.4byte	0xcb9
 8801 0cda 05       		.uleb128 0x5
 8802 0cdb 03       		.byte	0x3
 8803 0cdc 00000000 		.4byte	menuPosition
 8804 0ce0 1E       		.uleb128 0x1e
 8805 0ce1 50010000 		.4byte	.LASF171
 8806 0ce5 01       		.byte	0x1
 8807 0ce6 15       		.byte	0x15
 8808 0ce7 AD000000 		.4byte	0xad
 8809 0ceb 05       		.uleb128 0x5
 8810 0cec 03       		.byte	0x3
 8811 0ced 00000000 		.4byte	semitonesOrCents
 8812 0cf1 1E       		.uleb128 0x1e
 8813 0cf2 73020000 		.4byte	.LASF172
 8814 0cf6 01       		.byte	0x1
 8815 0cf7 16       		.byte	0x16
 8816 0cf8 AD000000 		.4byte	0xad
 8817 0cfc 05       		.uleb128 0x5
 8818 0cfd 03       		.byte	0x3
 8819 0cfe 00000000 		.4byte	editUp
 8820 0d02 1E       		.uleb128 0x1e
 8821 0d03 5E020000 		.4byte	.LASF173
 8822 0d07 01       		.byte	0x1
 8823 0d08 17       		.byte	0x17
 8824 0d09 AD000000 		.4byte	0xad
 8825 0d0d 05       		.uleb128 0x5
 8826 0d0e 03       		.byte	0x3
 8827 0d0f 00000000 		.4byte	oct1Up
 8828 0d13 1E       		.uleb128 0x1e
 8829 0d14 290A0000 		.4byte	.LASF174
 8830 0d18 01       		.byte	0x1
 8831 0d19 18       		.byte	0x18
 8832 0d1a AD000000 		.4byte	0xad
 8833 0d1e 05       		.uleb128 0x5
 8834 0d1f 03       		.byte	0x3
 8835 0d20 00000000 		.4byte	oct4Up
ARM GAS  C:\Users\ggg88\AppData\Local\Temp\ccZlRNWc.s 			page 191


 8836 0d24 1E       		.uleb128 0x1e
 8837 0d25 71030000 		.4byte	.LASF175
 8838 0d29 01       		.byte	0x1
 8839 0d2a 19       		.byte	0x19
 8840 0d2b AD000000 		.4byte	0xad
 8841 0d2f 05       		.uleb128 0x5
 8842 0d30 03       		.byte	0x3
 8843 0d31 00000000 		.4byte	encoderUp
 8844 0d35 1E       		.uleb128 0x1e
 8845 0d36 2D070000 		.4byte	.LASF176
 8846 0d3a 01       		.byte	0x1
 8847 0d3b 1A       		.byte	0x1a
 8848 0d3c AD000000 		.4byte	0xad
 8849 0d40 05       		.uleb128 0x5
 8850 0d41 03       		.byte	0x3
 8851 0d42 00000000 		.4byte	button1Up
 8852 0d46 1E       		.uleb128 0x1e
 8853 0d47 AD070000 		.4byte	.LASF177
 8854 0d4b 01       		.byte	0x1
 8855 0d4c 1B       		.byte	0x1b
 8856 0d4d AD000000 		.4byte	0xad
 8857 0d51 05       		.uleb128 0x5
 8858 0d52 03       		.byte	0x3
 8859 0d53 00000000 		.4byte	button2Up
 8860 0d57 1E       		.uleb128 0x1e
 8861 0d58 48050000 		.4byte	.LASF178
 8862 0d5c 01       		.byte	0x1
 8863 0d5d 1C       		.byte	0x1c
 8864 0d5e AD000000 		.4byte	0xad
 8865 0d62 05       		.uleb128 0x5
 8866 0d63 03       		.byte	0x3
 8867 0d64 00000000 		.4byte	button3Up
 8868 0d68 1E       		.uleb128 0x1e
 8869 0d69 46010000 		.4byte	.LASF179
 8870 0d6d 01       		.byte	0x1
 8871 0d6e 1D       		.byte	0x1d
 8872 0d6f AD000000 		.4byte	0xad
 8873 0d73 05       		.uleb128 0x5
 8874 0d74 03       		.byte	0x3
 8875 0d75 00000000 		.4byte	button4Up
 8876 0d79 1E       		.uleb128 0x1e
 8877 0d7a 210B0000 		.4byte	.LASF180
 8878 0d7e 01       		.byte	0x1
 8879 0d7f 1E       		.byte	0x1e
 8880 0d80 AD000000 		.4byte	0xad
 8881 0d84 05       		.uleb128 0x5
 8882 0d85 03       		.byte	0x3
 8883 0d86 00000000 		.4byte	shiftUp
 8884 0d8a 1E       		.uleb128 0x1e
 8885 0d8b C6050000 		.4byte	.LASF181
 8886 0d8f 01       		.byte	0x1
 8887 0d90 1F       		.byte	0x1f
 8888 0d91 AD000000 		.4byte	0xad
 8889 0d95 05       		.uleb128 0x5
 8890 0d96 03       		.byte	0x3
 8891 0d97 00000000 		.4byte	editingSliderRepString
 8892 0d9b 1E       		.uleb128 0x1e
ARM GAS  C:\Users\ggg88\AppData\Local\Temp\ccZlRNWc.s 			page 192


 8893 0d9c B00A0000 		.4byte	.LASF182
 8894 0da0 01       		.byte	0x1
 8895 0da1 20       		.byte	0x20
 8896 0da2 A2000000 		.4byte	0xa2
 8897 0da6 05       		.uleb128 0x5
 8898 0da7 03       		.byte	0x3
 8899 0da8 00000000 		.4byte	whichMidiSendSelected
 8900 0dac 1E       		.uleb128 0x1e
 8901 0dad D5040000 		.4byte	.LASF183
 8902 0db1 01       		.byte	0x1
 8903 0db2 21       		.byte	0x21
 8904 0db3 AD000000 		.4byte	0xad
 8905 0db7 05       		.uleb128 0x5
 8906 0db8 03       		.byte	0x3
 8907 0db9 00000000 		.4byte	whichFirmwareUpdateSelected
 8908 0dbd 1E       		.uleb128 0x1e
 8909 0dbe 290B0000 		.4byte	.LASF184
 8910 0dc2 01       		.byte	0x1
 8911 0dc3 22       		.byte	0x22
 8912 0dc4 AD000000 		.4byte	0xad
 8913 0dc8 05       		.uleb128 0x5
 8914 0dc9 03       		.byte	0x3
 8915 0dca 00000000 		.4byte	controlsDisplayed
 8916 0dce 1E       		.uleb128 0x1e
 8917 0dcf 04020000 		.4byte	.LASF185
 8918 0dd3 01       		.byte	0x1
 8919 0dd4 24       		.byte	0x24
 8920 0dd5 AD000000 		.4byte	0xad
 8921 0dd9 05       		.uleb128 0x5
 8922 0dda 03       		.byte	0x3
 8923 0ddb 00000000 		.4byte	presetStoreStage
 8924 0ddf 1E       		.uleb128 0x1e
 8925 0de0 33040000 		.4byte	.LASF186
 8926 0de4 01       		.byte	0x1
 8927 0de5 2B       		.byte	0x2b
 8928 0de6 AD000000 		.4byte	0xad
 8929 0dea 05       		.uleb128 0x5
 8930 0deb 03       		.byte	0x3
 8931 0dec 00000000 		.4byte	fretToCalibrate
 8932 0df0 15       		.uleb128 0x15
 8933 0df1 AD000000 		.4byte	0xad
 8934 0df5 000E0000 		.4byte	0xe00
 8935 0df9 16       		.uleb128 0x16
 8936 0dfa 01010000 		.4byte	0x101
 8937 0dfe 0B       		.byte	0xb
 8938 0dff 00       		.byte	0
 8939 0e00 1E       		.uleb128 0x1e
 8940 0e01 6F040000 		.4byte	.LASF187
 8941 0e05 01       		.byte	0x1
 8942 0e06 2C       		.byte	0x2c
 8943 0e07 F00D0000 		.4byte	0xdf0
 8944 0e0b 05       		.uleb128 0x5
 8945 0e0c 03       		.byte	0x3
 8946 0e0d 00000000 		.4byte	whichFretArray
 8947 0e11 1E       		.uleb128 0x1e
 8948 0e12 9B050000 		.4byte	.LASF188
 8949 0e16 01       		.byte	0x1
ARM GAS  C:\Users\ggg88\AppData\Local\Temp\ccZlRNWc.s 			page 193


 8950 0e17 2D       		.byte	0x2d
 8951 0e18 600C0000 		.4byte	0xc60
 8952 0e1c 05       		.uleb128 0x5
 8953 0e1d 03       		.byte	0x3
 8954 0e1e 00000000 		.4byte	sensorOnMax
 8955 0e22 1E       		.uleb128 0x1e
 8956 0e23 5B030000 		.4byte	.LASF189
 8957 0e27 01       		.byte	0x1
 8958 0e28 2E       		.byte	0x2e
 8959 0e29 600C0000 		.4byte	0xc60
 8960 0e2d 05       		.uleb128 0x5
 8961 0e2e 03       		.byte	0x3
 8962 0e2f 00000000 		.4byte	sensorOnMin
 8963 0e33 1E       		.uleb128 0x1e
 8964 0e34 67030000 		.4byte	.LASF190
 8965 0e38 01       		.byte	0x1
 8966 0e39 2F       		.byte	0x2f
 8967 0e3a 600C0000 		.4byte	0xc60
 8968 0e3e 05       		.uleb128 0x5
 8969 0e3f 03       		.byte	0x3
 8970 0e40 00000000 		.4byte	sensorOff
 8971 0e44 15       		.uleb128 0x15
 8972 0e45 540E0000 		.4byte	0xe54
 8973 0e49 540E0000 		.4byte	0xe54
 8974 0e4d 16       		.uleb128 0x16
 8975 0e4e 01010000 		.4byte	0x101
 8976 0e52 02       		.byte	0x2
 8977 0e53 00       		.byte	0
 8978 0e54 07       		.uleb128 0x7
 8979 0e55 08010000 		.4byte	0x108
 8980 0e59 20       		.uleb128 0x20
 8981 0e5a B2060000 		.4byte	.LASF191
 8982 0e5e 01       		.byte	0x1
 8983 0e5f 2102     		.2byte	0x221
 8984 0e61 6B0E0000 		.4byte	0xe6b
 8985 0e65 05       		.uleb128 0x5
 8986 0e66 03       		.byte	0x3
 8987 0e67 00000000 		.4byte	calibrationNames
 8988 0e6b 07       		.uleb128 0x7
 8989 0e6c 440E0000 		.4byte	0xe44
 8990 0e70 15       		.uleb128 0x15
 8991 0e71 540E0000 		.4byte	0xe54
 8992 0e75 800E0000 		.4byte	0xe80
 8993 0e79 16       		.uleb128 0x16
 8994 0e7a 01010000 		.4byte	0x101
 8995 0e7e 03       		.byte	0x3
 8996 0e7f 00       		.byte	0
 8997 0e80 20       		.uleb128 0x20
 8998 0e81 D1030000 		.4byte	.LASF192
 8999 0e85 01       		.byte	0x1
 9000 0e86 2202     		.2byte	0x222
 9001 0e88 920E0000 		.4byte	0xe92
 9002 0e8c 05       		.uleb128 0x5
 9003 0e8d 03       		.byte	0x3
 9004 0e8e 00000000 		.4byte	mainMenuNames
 9005 0e92 07       		.uleb128 0x7
 9006 0e93 700E0000 		.4byte	0xe70
ARM GAS  C:\Users\ggg88\AppData\Local\Temp\ccZlRNWc.s 			page 194


 9007 0e97 15       		.uleb128 0x15
 9008 0e98 540E0000 		.4byte	0xe54
 9009 0e9c A70E0000 		.4byte	0xea7
 9010 0ea0 16       		.uleb128 0x16
 9011 0ea1 01010000 		.4byte	0x101
 9012 0ea5 08       		.byte	0x8
 9013 0ea6 00       		.byte	0
 9014 0ea7 20       		.uleb128 0x20
 9015 0ea8 05010000 		.4byte	.LASF193
 9016 0eac 01       		.byte	0x1
 9017 0ead 2302     		.2byte	0x223
 9018 0eaf B90E0000 		.4byte	0xeb9
 9019 0eb3 05       		.uleb128 0x5
 9020 0eb4 03       		.byte	0x3
 9021 0eb5 00000000 		.4byte	settingsNames
 9022 0eb9 07       		.uleb128 0x7
 9023 0eba 970E0000 		.4byte	0xe97
 9024 0ebe 20       		.uleb128 0x20
 9025 0ebf B5050000 		.4byte	.LASF194
 9026 0ec3 01       		.byte	0x1
 9027 0ec4 2402     		.2byte	0x224
 9028 0ec6 AD000000 		.4byte	0xad
 9029 0eca 05       		.uleb128 0x5
 9030 0ecb 03       		.byte	0x3
 9031 0ecc 00000000 		.4byte	numMainMenuItems
 9032 0ed0 20       		.uleb128 0x20
 9033 0ed1 8D040000 		.4byte	.LASF195
 9034 0ed5 01       		.byte	0x1
 9035 0ed6 2502     		.2byte	0x225
 9036 0ed8 AD000000 		.4byte	0xad
 9037 0edc 05       		.uleb128 0x5
 9038 0edd 03       		.byte	0x3
 9039 0ede 00000000 		.4byte	numCalibrationItems
 9040 0ee2 20       		.uleb128 0x20
 9041 0ee3 1C060000 		.4byte	.LASF196
 9042 0ee7 01       		.byte	0x1
 9043 0ee8 2602     		.2byte	0x226
 9044 0eea AD000000 		.4byte	0xad
 9045 0eee 05       		.uleb128 0x5
 9046 0eef 03       		.byte	0x3
 9047 0ef0 00000000 		.4byte	numSettingsItems
 9048 0ef4 00       		.byte	0
 9049              		.section	.debug_abbrev,"",%progbits
 9050              	.Ldebug_abbrev0:
 9051 0000 01       		.uleb128 0x1
 9052 0001 11       		.uleb128 0x11
 9053 0002 01       		.byte	0x1
 9054 0003 25       		.uleb128 0x25
 9055 0004 0E       		.uleb128 0xe
 9056 0005 13       		.uleb128 0x13
 9057 0006 0B       		.uleb128 0xb
 9058 0007 03       		.uleb128 0x3
 9059 0008 0E       		.uleb128 0xe
 9060 0009 1B       		.uleb128 0x1b
 9061 000a 0E       		.uleb128 0xe
 9062 000b 55       		.uleb128 0x55
 9063 000c 17       		.uleb128 0x17
ARM GAS  C:\Users\ggg88\AppData\Local\Temp\ccZlRNWc.s 			page 195


 9064 000d 11       		.uleb128 0x11
 9065 000e 01       		.uleb128 0x1
 9066 000f 10       		.uleb128 0x10
 9067 0010 17       		.uleb128 0x17
 9068 0011 00       		.byte	0
 9069 0012 00       		.byte	0
 9070 0013 02       		.uleb128 0x2
 9071 0014 16       		.uleb128 0x16
 9072 0015 00       		.byte	0
 9073 0016 03       		.uleb128 0x3
 9074 0017 0E       		.uleb128 0xe
 9075 0018 3A       		.uleb128 0x3a
 9076 0019 0B       		.uleb128 0xb
 9077 001a 3B       		.uleb128 0x3b
 9078 001b 0B       		.uleb128 0xb
 9079 001c 49       		.uleb128 0x49
 9080 001d 13       		.uleb128 0x13
 9081 001e 00       		.byte	0
 9082 001f 00       		.byte	0
 9083 0020 03       		.uleb128 0x3
 9084 0021 24       		.uleb128 0x24
 9085 0022 00       		.byte	0
 9086 0023 0B       		.uleb128 0xb
 9087 0024 0B       		.uleb128 0xb
 9088 0025 3E       		.uleb128 0x3e
 9089 0026 0B       		.uleb128 0xb
 9090 0027 03       		.uleb128 0x3
 9091 0028 0E       		.uleb128 0xe
 9092 0029 00       		.byte	0
 9093 002a 00       		.byte	0
 9094 002b 04       		.uleb128 0x4
 9095 002c 24       		.uleb128 0x24
 9096 002d 00       		.byte	0
 9097 002e 0B       		.uleb128 0xb
 9098 002f 0B       		.uleb128 0xb
 9099 0030 3E       		.uleb128 0x3e
 9100 0031 0B       		.uleb128 0xb
 9101 0032 03       		.uleb128 0x3
 9102 0033 08       		.uleb128 0x8
 9103 0034 00       		.byte	0
 9104 0035 00       		.byte	0
 9105 0036 05       		.uleb128 0x5
 9106 0037 16       		.uleb128 0x16
 9107 0038 00       		.byte	0
 9108 0039 03       		.uleb128 0x3
 9109 003a 0E       		.uleb128 0xe
 9110 003b 3A       		.uleb128 0x3a
 9111 003c 0B       		.uleb128 0xb
 9112 003d 3B       		.uleb128 0x3b
 9113 003e 05       		.uleb128 0x5
 9114 003f 49       		.uleb128 0x49
 9115 0040 13       		.uleb128 0x13
 9116 0041 00       		.byte	0
 9117 0042 00       		.byte	0
 9118 0043 06       		.uleb128 0x6
 9119 0044 0F       		.uleb128 0xf
 9120 0045 00       		.byte	0
ARM GAS  C:\Users\ggg88\AppData\Local\Temp\ccZlRNWc.s 			page 196


 9121 0046 0B       		.uleb128 0xb
 9122 0047 0B       		.uleb128 0xb
 9123 0048 49       		.uleb128 0x49
 9124 0049 13       		.uleb128 0x13
 9125 004a 00       		.byte	0
 9126 004b 00       		.byte	0
 9127 004c 07       		.uleb128 0x7
 9128 004d 26       		.uleb128 0x26
 9129 004e 00       		.byte	0
 9130 004f 49       		.uleb128 0x49
 9131 0050 13       		.uleb128 0x13
 9132 0051 00       		.byte	0
 9133 0052 00       		.byte	0
 9134 0053 08       		.uleb128 0x8
 9135 0054 04       		.uleb128 0x4
 9136 0055 01       		.byte	0x1
 9137 0056 03       		.uleb128 0x3
 9138 0057 0E       		.uleb128 0xe
 9139 0058 0B       		.uleb128 0xb
 9140 0059 0B       		.uleb128 0xb
 9141 005a 49       		.uleb128 0x49
 9142 005b 13       		.uleb128 0x13
 9143 005c 3A       		.uleb128 0x3a
 9144 005d 0B       		.uleb128 0xb
 9145 005e 3B       		.uleb128 0x3b
 9146 005f 0B       		.uleb128 0xb
 9147 0060 01       		.uleb128 0x1
 9148 0061 13       		.uleb128 0x13
 9149 0062 00       		.byte	0
 9150 0063 00       		.byte	0
 9151 0064 09       		.uleb128 0x9
 9152 0065 28       		.uleb128 0x28
 9153 0066 00       		.byte	0
 9154 0067 03       		.uleb128 0x3
 9155 0068 0E       		.uleb128 0xe
 9156 0069 1C       		.uleb128 0x1c
 9157 006a 0B       		.uleb128 0xb
 9158 006b 00       		.byte	0
 9159 006c 00       		.byte	0
 9160 006d 0A       		.uleb128 0xa
 9161 006e 13       		.uleb128 0x13
 9162 006f 01       		.byte	0x1
 9163 0070 0B       		.uleb128 0xb
 9164 0071 0B       		.uleb128 0xb
 9165 0072 3A       		.uleb128 0x3a
 9166 0073 0B       		.uleb128 0xb
 9167 0074 3B       		.uleb128 0x3b
 9168 0075 0B       		.uleb128 0xb
 9169 0076 01       		.uleb128 0x1
 9170 0077 13       		.uleb128 0x13
 9171 0078 00       		.byte	0
 9172 0079 00       		.byte	0
 9173 007a 0B       		.uleb128 0xb
 9174 007b 0D       		.uleb128 0xd
 9175 007c 00       		.byte	0
 9176 007d 03       		.uleb128 0x3
 9177 007e 0E       		.uleb128 0xe
ARM GAS  C:\Users\ggg88\AppData\Local\Temp\ccZlRNWc.s 			page 197


 9178 007f 3A       		.uleb128 0x3a
 9179 0080 0B       		.uleb128 0xb
 9180 0081 3B       		.uleb128 0x3b
 9181 0082 0B       		.uleb128 0xb
 9182 0083 49       		.uleb128 0x49
 9183 0084 13       		.uleb128 0x13
 9184 0085 38       		.uleb128 0x38
 9185 0086 0B       		.uleb128 0xb
 9186 0087 00       		.byte	0
 9187 0088 00       		.byte	0
 9188 0089 0C       		.uleb128 0xc
 9189 008a 13       		.uleb128 0x13
 9190 008b 01       		.byte	0x1
 9191 008c 03       		.uleb128 0x3
 9192 008d 0E       		.uleb128 0xe
 9193 008e 0B       		.uleb128 0xb
 9194 008f 0B       		.uleb128 0xb
 9195 0090 3A       		.uleb128 0x3a
 9196 0091 0B       		.uleb128 0xb
 9197 0092 3B       		.uleb128 0x3b
 9198 0093 0B       		.uleb128 0xb
 9199 0094 01       		.uleb128 0x1
 9200 0095 13       		.uleb128 0x13
 9201 0096 00       		.byte	0
 9202 0097 00       		.byte	0
 9203 0098 0D       		.uleb128 0xd
 9204 0099 16       		.uleb128 0x16
 9205 009a 00       		.byte	0
 9206 009b 03       		.uleb128 0x3
 9207 009c 08       		.uleb128 0x8
 9208 009d 3A       		.uleb128 0x3a
 9209 009e 0B       		.uleb128 0xb
 9210 009f 3B       		.uleb128 0x3b
 9211 00a0 0B       		.uleb128 0xb
 9212 00a1 49       		.uleb128 0x49
 9213 00a2 13       		.uleb128 0x13
 9214 00a3 00       		.byte	0
 9215 00a4 00       		.byte	0
 9216 00a5 0E       		.uleb128 0xe
 9217 00a6 28       		.uleb128 0x28
 9218 00a7 00       		.byte	0
 9219 00a8 03       		.uleb128 0x3
 9220 00a9 08       		.uleb128 0x8
 9221 00aa 1C       		.uleb128 0x1c
 9222 00ab 0B       		.uleb128 0xb
 9223 00ac 00       		.byte	0
 9224 00ad 00       		.byte	0
 9225 00ae 0F       		.uleb128 0xf
 9226 00af 2E       		.uleb128 0x2e
 9227 00b0 01       		.byte	0x1
 9228 00b1 3F       		.uleb128 0x3f
 9229 00b2 19       		.uleb128 0x19
 9230 00b3 03       		.uleb128 0x3
 9231 00b4 0E       		.uleb128 0xe
 9232 00b5 3A       		.uleb128 0x3a
 9233 00b6 0B       		.uleb128 0xb
 9234 00b7 3B       		.uleb128 0x3b
ARM GAS  C:\Users\ggg88\AppData\Local\Temp\ccZlRNWc.s 			page 198


 9235 00b8 0B       		.uleb128 0xb
 9236 00b9 27       		.uleb128 0x27
 9237 00ba 19       		.uleb128 0x19
 9238 00bb 11       		.uleb128 0x11
 9239 00bc 01       		.uleb128 0x1
 9240 00bd 12       		.uleb128 0x12
 9241 00be 06       		.uleb128 0x6
 9242 00bf 40       		.uleb128 0x40
 9243 00c0 18       		.uleb128 0x18
 9244 00c1 9642     		.uleb128 0x2116
 9245 00c3 19       		.uleb128 0x19
 9246 00c4 01       		.uleb128 0x1
 9247 00c5 13       		.uleb128 0x13
 9248 00c6 00       		.byte	0
 9249 00c7 00       		.byte	0
 9250 00c8 10       		.uleb128 0x10
 9251 00c9 34       		.uleb128 0x34
 9252 00ca 00       		.byte	0
 9253 00cb 03       		.uleb128 0x3
 9254 00cc 0E       		.uleb128 0xe
 9255 00cd 3A       		.uleb128 0x3a
 9256 00ce 0B       		.uleb128 0xb
 9257 00cf 3B       		.uleb128 0x3b
 9258 00d0 0B       		.uleb128 0xb
 9259 00d1 49       		.uleb128 0x49
 9260 00d2 13       		.uleb128 0x13
 9261 00d3 02       		.uleb128 0x2
 9262 00d4 18       		.uleb128 0x18
 9263 00d5 00       		.byte	0
 9264 00d6 00       		.byte	0
 9265 00d7 11       		.uleb128 0x11
 9266 00d8 0B       		.uleb128 0xb
 9267 00d9 01       		.byte	0x1
 9268 00da 11       		.uleb128 0x11
 9269 00db 01       		.uleb128 0x1
 9270 00dc 12       		.uleb128 0x12
 9271 00dd 06       		.uleb128 0x6
 9272 00de 01       		.uleb128 0x1
 9273 00df 13       		.uleb128 0x13
 9274 00e0 00       		.byte	0
 9275 00e1 00       		.byte	0
 9276 00e2 12       		.uleb128 0x12
 9277 00e3 34       		.uleb128 0x34
 9278 00e4 00       		.byte	0
 9279 00e5 03       		.uleb128 0x3
 9280 00e6 08       		.uleb128 0x8
 9281 00e7 3A       		.uleb128 0x3a
 9282 00e8 0B       		.uleb128 0xb
 9283 00e9 3B       		.uleb128 0x3b
 9284 00ea 0B       		.uleb128 0xb
 9285 00eb 49       		.uleb128 0x49
 9286 00ec 13       		.uleb128 0x13
 9287 00ed 02       		.uleb128 0x2
 9288 00ee 18       		.uleb128 0x18
 9289 00ef 00       		.byte	0
 9290 00f0 00       		.byte	0
 9291 00f1 13       		.uleb128 0x13
ARM GAS  C:\Users\ggg88\AppData\Local\Temp\ccZlRNWc.s 			page 199


 9292 00f2 0B       		.uleb128 0xb
 9293 00f3 01       		.byte	0x1
 9294 00f4 11       		.uleb128 0x11
 9295 00f5 01       		.uleb128 0x1
 9296 00f6 12       		.uleb128 0x12
 9297 00f7 06       		.uleb128 0x6
 9298 00f8 00       		.byte	0
 9299 00f9 00       		.byte	0
 9300 00fa 14       		.uleb128 0x14
 9301 00fb 34       		.uleb128 0x34
 9302 00fc 00       		.byte	0
 9303 00fd 03       		.uleb128 0x3
 9304 00fe 0E       		.uleb128 0xe
 9305 00ff 3A       		.uleb128 0x3a
 9306 0100 0B       		.uleb128 0xb
 9307 0101 3B       		.uleb128 0x3b
 9308 0102 05       		.uleb128 0x5
 9309 0103 49       		.uleb128 0x49
 9310 0104 13       		.uleb128 0x13
 9311 0105 02       		.uleb128 0x2
 9312 0106 18       		.uleb128 0x18
 9313 0107 00       		.byte	0
 9314 0108 00       		.byte	0
 9315 0109 15       		.uleb128 0x15
 9316 010a 01       		.uleb128 0x1
 9317 010b 01       		.byte	0x1
 9318 010c 49       		.uleb128 0x49
 9319 010d 13       		.uleb128 0x13
 9320 010e 01       		.uleb128 0x1
 9321 010f 13       		.uleb128 0x13
 9322 0110 00       		.byte	0
 9323 0111 00       		.byte	0
 9324 0112 16       		.uleb128 0x16
 9325 0113 21       		.uleb128 0x21
 9326 0114 00       		.byte	0
 9327 0115 49       		.uleb128 0x49
 9328 0116 13       		.uleb128 0x13
 9329 0117 2F       		.uleb128 0x2f
 9330 0118 0B       		.uleb128 0xb
 9331 0119 00       		.byte	0
 9332 011a 00       		.byte	0
 9333 011b 17       		.uleb128 0x17
 9334 011c 2E       		.uleb128 0x2e
 9335 011d 00       		.byte	0
 9336 011e 3F       		.uleb128 0x3f
 9337 011f 19       		.uleb128 0x19
 9338 0120 03       		.uleb128 0x3
 9339 0121 0E       		.uleb128 0xe
 9340 0122 3A       		.uleb128 0x3a
 9341 0123 0B       		.uleb128 0xb
 9342 0124 3B       		.uleb128 0x3b
 9343 0125 05       		.uleb128 0x5
 9344 0126 27       		.uleb128 0x27
 9345 0127 19       		.uleb128 0x19
 9346 0128 11       		.uleb128 0x11
 9347 0129 01       		.uleb128 0x1
 9348 012a 12       		.uleb128 0x12
ARM GAS  C:\Users\ggg88\AppData\Local\Temp\ccZlRNWc.s 			page 200


 9349 012b 06       		.uleb128 0x6
 9350 012c 40       		.uleb128 0x40
 9351 012d 18       		.uleb128 0x18
 9352 012e 9642     		.uleb128 0x2116
 9353 0130 19       		.uleb128 0x19
 9354 0131 00       		.byte	0
 9355 0132 00       		.byte	0
 9356 0133 18       		.uleb128 0x18
 9357 0134 2E       		.uleb128 0x2e
 9358 0135 01       		.byte	0x1
 9359 0136 3F       		.uleb128 0x3f
 9360 0137 19       		.uleb128 0x19
 9361 0138 03       		.uleb128 0x3
 9362 0139 0E       		.uleb128 0xe
 9363 013a 3A       		.uleb128 0x3a
 9364 013b 0B       		.uleb128 0xb
 9365 013c 3B       		.uleb128 0x3b
 9366 013d 05       		.uleb128 0x5
 9367 013e 27       		.uleb128 0x27
 9368 013f 19       		.uleb128 0x19
 9369 0140 11       		.uleb128 0x11
 9370 0141 01       		.uleb128 0x1
 9371 0142 12       		.uleb128 0x12
 9372 0143 06       		.uleb128 0x6
 9373 0144 40       		.uleb128 0x40
 9374 0145 18       		.uleb128 0x18
 9375 0146 9642     		.uleb128 0x2116
 9376 0148 19       		.uleb128 0x19
 9377 0149 01       		.uleb128 0x1
 9378 014a 13       		.uleb128 0x13
 9379 014b 00       		.byte	0
 9380 014c 00       		.byte	0
 9381 014d 19       		.uleb128 0x19
 9382 014e 05       		.uleb128 0x5
 9383 014f 00       		.byte	0
 9384 0150 03       		.uleb128 0x3
 9385 0151 0E       		.uleb128 0xe
 9386 0152 3A       		.uleb128 0x3a
 9387 0153 0B       		.uleb128 0xb
 9388 0154 3B       		.uleb128 0x3b
 9389 0155 05       		.uleb128 0x5
 9390 0156 49       		.uleb128 0x49
 9391 0157 13       		.uleb128 0x13
 9392 0158 02       		.uleb128 0x2
 9393 0159 18       		.uleb128 0x18
 9394 015a 00       		.byte	0
 9395 015b 00       		.byte	0
 9396 015c 1A       		.uleb128 0x1a
 9397 015d 34       		.uleb128 0x34
 9398 015e 00       		.byte	0
 9399 015f 03       		.uleb128 0x3
 9400 0160 08       		.uleb128 0x8
 9401 0161 3A       		.uleb128 0x3a
 9402 0162 0B       		.uleb128 0xb
 9403 0163 3B       		.uleb128 0x3b
 9404 0164 05       		.uleb128 0x5
 9405 0165 49       		.uleb128 0x49
ARM GAS  C:\Users\ggg88\AppData\Local\Temp\ccZlRNWc.s 			page 201


 9406 0166 13       		.uleb128 0x13
 9407 0167 02       		.uleb128 0x2
 9408 0168 18       		.uleb128 0x18
 9409 0169 00       		.byte	0
 9410 016a 00       		.byte	0
 9411 016b 1B       		.uleb128 0x1b
 9412 016c 2E       		.uleb128 0x2e
 9413 016d 00       		.byte	0
 9414 016e 3F       		.uleb128 0x3f
 9415 016f 19       		.uleb128 0x19
 9416 0170 03       		.uleb128 0x3
 9417 0171 0E       		.uleb128 0xe
 9418 0172 3A       		.uleb128 0x3a
 9419 0173 0B       		.uleb128 0xb
 9420 0174 3B       		.uleb128 0x3b
 9421 0175 05       		.uleb128 0x5
 9422 0176 11       		.uleb128 0x11
 9423 0177 01       		.uleb128 0x1
 9424 0178 12       		.uleb128 0x12
 9425 0179 06       		.uleb128 0x6
 9426 017a 40       		.uleb128 0x40
 9427 017b 18       		.uleb128 0x18
 9428 017c 9642     		.uleb128 0x2116
 9429 017e 19       		.uleb128 0x19
 9430 017f 00       		.byte	0
 9431 0180 00       		.byte	0
 9432 0181 1C       		.uleb128 0x1c
 9433 0182 34       		.uleb128 0x34
 9434 0183 00       		.byte	0
 9435 0184 03       		.uleb128 0x3
 9436 0185 0E       		.uleb128 0xe
 9437 0186 3A       		.uleb128 0x3a
 9438 0187 0B       		.uleb128 0xb
 9439 0188 3B       		.uleb128 0x3b
 9440 0189 05       		.uleb128 0x5
 9441 018a 49       		.uleb128 0x49
 9442 018b 13       		.uleb128 0x13
 9443 018c 3F       		.uleb128 0x3f
 9444 018d 19       		.uleb128 0x19
 9445 018e 3C       		.uleb128 0x3c
 9446 018f 19       		.uleb128 0x19
 9447 0190 00       		.byte	0
 9448 0191 00       		.byte	0
 9449 0192 1D       		.uleb128 0x1d
 9450 0193 35       		.uleb128 0x35
 9451 0194 00       		.byte	0
 9452 0195 49       		.uleb128 0x49
 9453 0196 13       		.uleb128 0x13
 9454 0197 00       		.byte	0
 9455 0198 00       		.byte	0
 9456 0199 1E       		.uleb128 0x1e
 9457 019a 34       		.uleb128 0x34
 9458 019b 00       		.byte	0
 9459 019c 03       		.uleb128 0x3
 9460 019d 0E       		.uleb128 0xe
 9461 019e 3A       		.uleb128 0x3a
 9462 019f 0B       		.uleb128 0xb
ARM GAS  C:\Users\ggg88\AppData\Local\Temp\ccZlRNWc.s 			page 202


 9463 01a0 3B       		.uleb128 0x3b
 9464 01a1 0B       		.uleb128 0xb
 9465 01a2 49       		.uleb128 0x49
 9466 01a3 13       		.uleb128 0x13
 9467 01a4 3F       		.uleb128 0x3f
 9468 01a5 19       		.uleb128 0x19
 9469 01a6 02       		.uleb128 0x2
 9470 01a7 18       		.uleb128 0x18
 9471 01a8 00       		.byte	0
 9472 01a9 00       		.byte	0
 9473 01aa 1F       		.uleb128 0x1f
 9474 01ab 34       		.uleb128 0x34
 9475 01ac 00       		.byte	0
 9476 01ad 03       		.uleb128 0x3
 9477 01ae 0E       		.uleb128 0xe
 9478 01af 3A       		.uleb128 0x3a
 9479 01b0 0B       		.uleb128 0xb
 9480 01b1 3B       		.uleb128 0x3b
 9481 01b2 0B       		.uleb128 0xb
 9482 01b3 49       		.uleb128 0x49
 9483 01b4 13       		.uleb128 0x13
 9484 01b5 3F       		.uleb128 0x3f
 9485 01b6 19       		.uleb128 0x19
 9486 01b7 3C       		.uleb128 0x3c
 9487 01b8 19       		.uleb128 0x19
 9488 01b9 00       		.byte	0
 9489 01ba 00       		.byte	0
 9490 01bb 20       		.uleb128 0x20
 9491 01bc 34       		.uleb128 0x34
 9492 01bd 00       		.byte	0
 9493 01be 03       		.uleb128 0x3
 9494 01bf 0E       		.uleb128 0xe
 9495 01c0 3A       		.uleb128 0x3a
 9496 01c1 0B       		.uleb128 0xb
 9497 01c2 3B       		.uleb128 0x3b
 9498 01c3 05       		.uleb128 0x5
 9499 01c4 49       		.uleb128 0x49
 9500 01c5 13       		.uleb128 0x13
 9501 01c6 3F       		.uleb128 0x3f
 9502 01c7 19       		.uleb128 0x19
 9503 01c8 02       		.uleb128 0x2
 9504 01c9 18       		.uleb128 0x18
 9505 01ca 00       		.byte	0
 9506 01cb 00       		.byte	0
 9507 01cc 00       		.byte	0
 9508              		.section	.debug_aranges,"",%progbits
 9509 0000 9C000000 		.4byte	0x9c
 9510 0004 0200     		.2byte	0x2
 9511 0006 00000000 		.4byte	.Ldebug_info0
 9512 000a 04       		.byte	0x4
 9513 000b 00       		.byte	0
 9514 000c 0000     		.2byte	0
 9515 000e 0000     		.2byte	0
 9516 0010 00000000 		.4byte	.LFB64
 9517 0014 040E0000 		.4byte	.LFE64-.LFB64
 9518 0018 00000000 		.4byte	.LFB65
 9519 001c B4000000 		.4byte	.LFE65-.LFB65
ARM GAS  C:\Users\ggg88\AppData\Local\Temp\ccZlRNWc.s 			page 203


 9520 0020 00000000 		.4byte	.LFB66
 9521 0024 C0010000 		.4byte	.LFE66-.LFB66
 9522 0028 00000000 		.4byte	.LFB67
 9523 002c 5C150000 		.4byte	.LFE67-.LFB67
 9524 0030 00000000 		.4byte	.LFB68
 9525 0034 9C000000 		.4byte	.LFE68-.LFB68
 9526 0038 00000000 		.4byte	.LFB69
 9527 003c 9C000000 		.4byte	.LFE69-.LFB69
 9528 0040 00000000 		.4byte	.LFB70
 9529 0044 7C000000 		.4byte	.LFE70-.LFB70
 9530 0048 00000000 		.4byte	.LFB71
 9531 004c 7C000000 		.4byte	.LFE71-.LFB71
 9532 0050 00000000 		.4byte	.LFB72
 9533 0054 48000000 		.4byte	.LFE72-.LFB72
 9534 0058 00000000 		.4byte	.LFB73
 9535 005c B0000000 		.4byte	.LFE73-.LFB73
 9536 0060 00000000 		.4byte	.LFB74
 9537 0064 88010000 		.4byte	.LFE74-.LFB74
 9538 0068 00000000 		.4byte	.LFB75
 9539 006c D4000000 		.4byte	.LFE75-.LFB75
 9540 0070 00000000 		.4byte	.LFB76
 9541 0074 6C000000 		.4byte	.LFE76-.LFB76
 9542 0078 00000000 		.4byte	.LFB77
 9543 007c 10010000 		.4byte	.LFE77-.LFB77
 9544 0080 00000000 		.4byte	.LFB78
 9545 0084 20000000 		.4byte	.LFE78-.LFB78
 9546 0088 00000000 		.4byte	.LFB79
 9547 008c C4010000 		.4byte	.LFE79-.LFB79
 9548 0090 00000000 		.4byte	.LFB80
 9549 0094 54010000 		.4byte	.LFE80-.LFB80
 9550 0098 00000000 		.4byte	0
 9551 009c 00000000 		.4byte	0
 9552              		.section	.debug_ranges,"",%progbits
 9553              	.Ldebug_ranges0:
 9554 0000 00000000 		.4byte	.LFB64
 9555 0004 040E0000 		.4byte	.LFE64
 9556 0008 00000000 		.4byte	.LFB65
 9557 000c B4000000 		.4byte	.LFE65
 9558 0010 00000000 		.4byte	.LFB66
 9559 0014 C0010000 		.4byte	.LFE66
 9560 0018 00000000 		.4byte	.LFB67
 9561 001c 5C150000 		.4byte	.LFE67
 9562 0020 00000000 		.4byte	.LFB68
 9563 0024 9C000000 		.4byte	.LFE68
 9564 0028 00000000 		.4byte	.LFB69
 9565 002c 9C000000 		.4byte	.LFE69
 9566 0030 00000000 		.4byte	.LFB70
 9567 0034 7C000000 		.4byte	.LFE70
 9568 0038 00000000 		.4byte	.LFB71
 9569 003c 7C000000 		.4byte	.LFE71
 9570 0040 00000000 		.4byte	.LFB72
 9571 0044 48000000 		.4byte	.LFE72
 9572 0048 00000000 		.4byte	.LFB73
 9573 004c B0000000 		.4byte	.LFE73
 9574 0050 00000000 		.4byte	.LFB74
 9575 0054 88010000 		.4byte	.LFE74
 9576 0058 00000000 		.4byte	.LFB75
ARM GAS  C:\Users\ggg88\AppData\Local\Temp\ccZlRNWc.s 			page 204


 9577 005c D4000000 		.4byte	.LFE75
 9578 0060 00000000 		.4byte	.LFB76
 9579 0064 6C000000 		.4byte	.LFE76
 9580 0068 00000000 		.4byte	.LFB77
 9581 006c 10010000 		.4byte	.LFE77
 9582 0070 00000000 		.4byte	.LFB78
 9583 0074 20000000 		.4byte	.LFE78
 9584 0078 00000000 		.4byte	.LFB79
 9585 007c C4010000 		.4byte	.LFE79
 9586 0080 00000000 		.4byte	.LFB80
 9587 0084 54010000 		.4byte	.LFE80
 9588 0088 00000000 		.4byte	0
 9589 008c 00000000 		.4byte	0
 9590              		.section	.debug_line,"",%progbits
 9591              	.Ldebug_line0:
 9592 0000 9A080000 		.section	.debug_str,"MS",%progbits,1
 9592      02008401 
 9592      00000201 
 9592      FB0E0D00 
 9592      01010101 
 9593              	.LASF35:
 9594 0000 54726164 		.ascii	"TraditionalPedalSumMenu\000"
 9594      6974696F 
 9594      6E616C50 
 9594      6564616C 
 9594      53756D4D 
 9595              	.LASF113:
 9596 0018 65786974 		.ascii	"exitPresetStoreMenu\000"
 9596      50726573 
 9596      65745374 
 9596      6F72654D 
 9596      656E7500 
 9597              	.LASF126:
 9598 002c 6D616372 		.ascii	"macroOLEDWaitingToSend\000"
 9598      6F4F4C45 
 9598      44576169 
 9598      74696E67 
 9598      546F5365 
 9599              	.LASF135:
 9600 0043 70726573 		.ascii	"presetAlreadyDisplayed\000"
 9600      6574416C 
 9600      72656164 
 9600      79446973 
 9600      706C6179 
 9601              	.LASF89:
 9602 005a 64656164 		.ascii	"deadZoneRepresentation\000"
 9602      5A6F6E65 
 9602      52657072 
 9602      6573656E 
 9602      74617469 
 9603              	.LASF154:
 9604 0071 6D696469 		.ascii	"midiBarSendOn\000"
 9604      42617253 
 9604      656E644F 
 9604      6E00
 9605              	.LASF42:
 9606 007f 68656967 		.ascii	"height\000"
ARM GAS  C:\Users\ggg88\AppData\Local\Temp\ccZlRNWc.s 			page 205


 9606      687400
 9607              	.LASF124:
 9608 0086 6D61696E 		.ascii	"mainOLEDWaitingToSend\000"
 9608      4F4C4544 
 9608      57616974 
 9608      696E6754 
 9608      6F53656E 
 9609              	.LASF93:
 9610 009c 65786974 		.ascii	"exitEditModeMenu\000"
 9610      45646974 
 9610      4D6F6465 
 9610      4D656E75 
 9610      00
 9611              	.LASF64:
 9612 00ad 5F637034 		.ascii	"_cp437\000"
 9612      333700
 9613              	.LASF1:
 9614 00b4 5F5F7569 		.ascii	"__uint8_t\000"
 9614      6E74385F 
 9614      7400
 9615              	.LASF145:
 9616 00be 7472616E 		.ascii	"transposeCents\000"
 9616      73706F73 
 9616      6543656E 
 9616      747300
 9617              	.LASF76:
 9618 00cd 64697265 		.ascii	"direction\000"
 9618      6374696F 
 9618      6E00
 9619              	.LASF103:
 9620 00d7 656E7465 		.ascii	"enterPressed\000"
 9620      72507265 
 9620      73736564 
 9620      00
 9621              	.LASF123:
 9622 00e4 74726164 		.ascii	"traditionalPedalAdd\000"
 9622      6974696F 
 9622      6E616C50 
 9622      6564616C 
 9622      41646400 
 9623              	.LASF152:
 9624 00f8 6F637461 		.ascii	"octaveAction\000"
 9624      76654163 
 9624      74696F6E 
 9624      00
 9625              	.LASF193:
 9626 0105 73657474 		.ascii	"settingsNames\000"
 9626      696E6773 
 9626      4E616D65 
 9626      7300
 9627              	.LASF12:
 9628 0113 6C6F6E67 		.ascii	"long long unsigned int\000"
 9628      206C6F6E 
 9628      6720756E 
 9628      7369676E 
 9628      65642069 
 9629              	.LASF143:
ARM GAS  C:\Users\ggg88\AppData\Local\Temp\ccZlRNWc.s 			page 206


 9630 012a 616E676C 		.ascii	"angle\000"
 9630      6500
 9631              	.LASF39:
 9632 0130 4E696C4D 		.ascii	"NilMenu\000"
 9632      656E7500 
 9633              	.LASF85:
 9634 0138 7468654D 		.ascii	"theMultiplier\000"
 9634      756C7469 
 9634      706C6965 
 9634      7200
 9635              	.LASF179:
 9636 0146 62757474 		.ascii	"button4Up\000"
 9636      6F6E3455 
 9636      7000
 9637              	.LASF171:
 9638 0150 73656D69 		.ascii	"semitonesOrCents\000"
 9638      746F6E65 
 9638      734F7243 
 9638      656E7473 
 9638      00
 9639              	.LASF0:
 9640 0161 5F5F696E 		.ascii	"__int8_t\000"
 9640      74385F74 
 9640      00
 9641              	.LASF118:
 9642 016a 49544D5F 		.ascii	"ITM_RxBuffer\000"
 9642      52784275 
 9642      66666572 
 9642      00
 9643              	.LASF25:
 9644 0177 4D61696E 		.ascii	"MainMenu\000"
 9644      4D656E75 
 9644      00
 9645              	.LASF36:
 9646 0180 4D696469 		.ascii	"MidiSendMenu\000"
 9646      53656E64 
 9646      4D656E75 
 9646      00
 9647              	.LASF111:
 9648 018d 66696E61 		.ascii	"finalFretCalibration\000"
 9648      6C467265 
 9648      7443616C 
 9648      69627261 
 9648      74696F6E 
 9649              	.LASF167:
 9650 01a2 77686963 		.ascii	"whichMacroPageIsActive\000"
 9650      684D6163 
 9650      726F5061 
 9650      67654973 
 9650      41637469 
 9651              	.LASF170:
 9652 01b9 6D656E75 		.ascii	"menuPosition\000"
 9652      506F7369 
 9652      74696F6E 
 9652      00
 9653              	.LASF11:
 9654 01c6 6C6F6E67 		.ascii	"long long int\000"
ARM GAS  C:\Users\ggg88\AppData\Local\Temp\ccZlRNWc.s 			page 207


 9654      206C6F6E 
 9654      6720696E 
 9654      7400
 9655              	.LASF2:
 9656 01d4 7369676E 		.ascii	"signed char\000"
 9656      65642063 
 9656      68617200 
 9657              	.LASF66:
 9658 01e0 666F6E74 		.ascii	"fontHeight\000"
 9658      48656967 
 9658      687400
 9659              	.LASF74:
 9660 01eb 466F7572 		.ascii	"FourthLine\000"
 9660      74684C69 
 9660      6E6500
 9661              	.LASF198:
 9662 01f6 75692E63 		.ascii	"ui.c\000"
 9662      00
 9663              	.LASF132:
 9664 01fb 70617463 		.ascii	"patchNum\000"
 9664      684E756D 
 9664      00
 9665              	.LASF185:
 9666 0204 70726573 		.ascii	"presetStoreStage\000"
 9666      65745374 
 9666      6F726553 
 9666      74616765 
 9666      00
 9667              	.LASF90:
 9668 0215 736C6964 		.ascii	"sliderTemp\000"
 9668      65725465 
 9668      6D7000
 9669              	.LASF106:
 9670 0220 70656461 		.ascii	"pedal_inverted_byte\000"
 9670      6C5F696E 
 9670      76657274 
 9670      65645F62 
 9670      79746500 
 9671              	.LASF63:
 9672 0234 77726170 		.ascii	"wrap\000"
 9672      00
 9673              	.LASF200:
 9674 0239 5F474658 		.ascii	"_GFX\000"
 9674      00
 9675              	.LASF139:
 9676 023e 66726574 		.ascii	"fretMeasurements\000"
 9676      4D656173 
 9676      7572656D 
 9676      656E7473 
 9676      00
 9677              	.LASF49:
 9678 024f 66697273 		.ascii	"first\000"
 9678      7400
 9679              	.LASF9:
 9680 0255 6C6F6E67 		.ascii	"long int\000"
 9680      20696E74 
 9680      00
ARM GAS  C:\Users\ggg88\AppData\Local\Temp\ccZlRNWc.s 			page 208


 9681              	.LASF173:
 9682 025e 6F637431 		.ascii	"oct1Up\000"
 9682      557000
 9683              	.LASF161:
 9684 0265 6E657750 		.ascii	"newPresetName\000"
 9684      72657365 
 9684      744E616D 
 9684      6500
 9685              	.LASF172:
 9686 0273 65646974 		.ascii	"editUp\000"
 9686      557000
 9687              	.LASF98:
 9688 027a 74656D70 		.ascii	"tempPos\000"
 9688      506F7300 
 9689              	.LASF19:
 9690 0282 75696E74 		.ascii	"uint8\000"
 9690      3800
 9691              	.LASF158:
 9692 0288 70726576 		.ascii	"prevMacroKnobValues\000"
 9692      4D616372 
 9692      6F4B6E6F 
 9692      6256616C 
 9692      75657300 
 9693              	.LASF17:
 9694 029c 75696E74 		.ascii	"uint16_t\000"
 9694      31365F74 
 9694      00
 9695              	.LASF21:
 9696 02a5 646F7562 		.ascii	"double\000"
 9696      6C6500
 9697              	.LASF80:
 9698 02ac 456E7465 		.ascii	"Enter\000"
 9698      7200
 9699              	.LASF27:
 9700 02b2 43616C69 		.ascii	"CalibrationMenu\000"
 9700      62726174 
 9700      696F6E4D 
 9700      656E7500 
 9701              	.LASF101:
 9702 02c2 646F776E 		.ascii	"downPressed\000"
 9702      50726573 
 9702      73656400 
 9703              	.LASF67:
 9704 02ce 666F6E74 		.ascii	"fontDesc\000"
 9704      44657363 
 9704      00
 9705              	.LASF157:
 9706 02d7 6B6E6F62 		.ascii	"knobFrozen\000"
 9706      46726F7A 
 9706      656E00
 9707              	.LASF201:
 9708 02e2 61637469 		.ascii	"action\000"
 9708      6F6E00
 9709              	.LASF78:
 9710 02e9 52696768 		.ascii	"Right\000"
 9710      7400
 9711              	.LASF156:
ARM GAS  C:\Users\ggg88\AppData\Local\Temp\ccZlRNWc.s 			page 209


 9712 02ef 73656E64 		.ascii	"sendFirmwareUpdateRequest\000"
 9712      4669726D 
 9712      77617265 
 9712      55706461 
 9712      74655265 
 9713              	.LASF165:
 9714 0309 73656E73 		.ascii	"sensorOffThreshold\000"
 9714      6F724F66 
 9714      66546872 
 9714      6573686F 
 9714      6C6400
 9715              	.LASF160:
 9716 031c 73656E64 		.ascii	"sendLocalPresetStoreCommand\000"
 9716      4C6F6361 
 9716      6C507265 
 9716      73657453 
 9716      746F7265 
 9717              	.LASF96:
 9718 0338 77686174 		.ascii	"whatToDraw\000"
 9718      546F4472 
 9718      617700
 9719              	.LASF148:
 9720 0343 70726576 		.ascii	"prevOctave\000"
 9720      4F637461 
 9720      766500
 9721              	.LASF13:
 9722 034e 756E7369 		.ascii	"unsigned int\000"
 9722      676E6564 
 9722      20696E74 
 9722      00
 9723              	.LASF189:
 9724 035b 73656E73 		.ascii	"sensorOnMin\000"
 9724      6F724F6E 
 9724      4D696E00 
 9725              	.LASF190:
 9726 0367 73656E73 		.ascii	"sensorOff\000"
 9726      6F724F66 
 9726      6600
 9727              	.LASF175:
 9728 0371 656E636F 		.ascii	"encoderUp\000"
 9728      64657255 
 9728      7000
 9729              	.LASF60:
 9730 037b 74657874 		.ascii	"textsize\000"
 9730      73697A65 
 9730      00
 9731              	.LASF10:
 9732 0384 6C6F6E67 		.ascii	"long unsigned int\000"
 9732      20756E73 
 9732      69676E65 
 9732      6420696E 
 9732      7400
 9733              	.LASF108:
 9734 0396 64697374 		.ascii	"distanceFromHigh\000"
 9734      616E6365 
 9734      46726F6D 
 9734      48696768 
ARM GAS  C:\Users\ggg88\AppData\Local\Temp\ccZlRNWc.s 			page 210


 9734      00
 9735              	.LASF46:
 9736 03a7 47465867 		.ascii	"GFXglyph\000"
 9736      6C797068 
 9736      00
 9737              	.LASF116:
 9738 03b0 64697370 		.ascii	"displayCurrentControlNames\000"
 9738      6C617943 
 9738      75727265 
 9738      6E74436F 
 9738      6E74726F 
 9739              	.LASF48:
 9740 03cb 676C7970 		.ascii	"glyph\000"
 9740      6800
 9741              	.LASF192:
 9742 03d1 6D61696E 		.ascii	"mainMenuNames\000"
 9742      4D656E75 
 9742      4E616D65 
 9742      7300
 9743              	.LASF55:
 9744 03df 5F776964 		.ascii	"_width\000"
 9744      746800
 9745              	.LASF41:
 9746 03e6 77696474 		.ascii	"width\000"
 9746      6800
 9747              	.LASF109:
 9748 03ec 656E7465 		.ascii	"enterFretCalibrationMode\000"
 9748      72467265 
 9748      7443616C 
 9748      69627261 
 9748      74696F6E 
 9749              	.LASF149:
 9750 0405 6475616C 		.ascii	"dualSlider\000"
 9750      536C6964 
 9750      657200
 9751              	.LASF7:
 9752 0410 73686F72 		.ascii	"short unsigned int\000"
 9752      7420756E 
 9752      7369676E 
 9752      65642069 
 9752      6E7400
 9753              	.LASF107:
 9754 0423 64697374 		.ascii	"distanceFromLow\000"
 9754      616E6365 
 9754      46726F6D 
 9754      4C6F7700 
 9755              	.LASF186:
 9756 0433 66726574 		.ascii	"fretToCalibrate\000"
 9756      546F4361 
 9756      6C696272 
 9756      61746500 
 9757              	.LASF155:
 9758 0443 6D696469 		.ascii	"midiDebugSendOn\000"
 9758      44656275 
 9758      6753656E 
 9758      644F6E00 
 9759              	.LASF84:
ARM GAS  C:\Users\ggg88\AppData\Local\Temp\ccZlRNWc.s 			page 211


 9760 0453 63757272 		.ascii	"currentChar\000"
 9760      656E7443 
 9760      68617200 
 9761              	.LASF163:
 9762 045f 6E65636B 		.ascii	"neckPreset\000"
 9762      50726573 
 9762      657400
 9763              	.LASF50:
 9764 046a 6C617374 		.ascii	"last\000"
 9764      00
 9765              	.LASF187:
 9766 046f 77686963 		.ascii	"whichFretArray\000"
 9766      68467265 
 9766      74417272 
 9766      617900
 9767              	.LASF142:
 9768 047e 70656461 		.ascii	"pedal_inverted\000"
 9768      6C5F696E 
 9768      76657274 
 9768      656400
 9769              	.LASF195:
 9770 048d 6E756D43 		.ascii	"numCalibrationItems\000"
 9770      616C6962 
 9770      72617469 
 9770      6F6E4974 
 9770      656D7300 
 9771              	.LASF94:
 9772 04a1 74656D70 		.ascii	"tempByte\000"
 9772      42797465 
 9772      00
 9773              	.LASF71:
 9774 04aa 46697273 		.ascii	"FirstLine\000"
 9774      744C696E 
 9774      6500
 9775              	.LASF91:
 9776 04b4 736C6964 		.ascii	"sliderRepDisplay\000"
 9776      65725265 
 9776      70446973 
 9776      706C6179 
 9776      00
 9777              	.LASF75:
 9778 04c5 4E696C4C 		.ascii	"NilLine\000"
 9778      696E6500 
 9779              	.LASF52:
 9780 04cd 47465866 		.ascii	"GFXfont\000"
 9780      6F6E7400 
 9781              	.LASF183:
 9782 04d5 77686963 		.ascii	"whichFirmwareUpdateSelected\000"
 9782      68466972 
 9782      6D776172 
 9782      65557064 
 9782      61746553 
 9783              	.LASF31:
 9784 04f1 5472616E 		.ascii	"TransposeMenu\000"
 9784      73706F73 
 9784      654D656E 
 9784      7500
ARM GAS  C:\Users\ggg88\AppData\Local\Temp\ccZlRNWc.s 			page 212


 9785              	.LASF44:
 9786 04ff 784F6666 		.ascii	"xOffset\000"
 9786      73657400 
 9787              	.LASF77:
 9788 0507 4C656674 		.ascii	"Left\000"
 9788      00
 9789              	.LASF146:
 9790 050c 7472616E 		.ascii	"transposeFloat\000"
 9790      73706F73 
 9790      65466C6F 
 9790      617400
 9791              	.LASF24:
 9792 051b 73697A65 		.ascii	"sizetype\000"
 9792      74797065 
 9792      00
 9793              	.LASF140:
 9794 0524 70656461 		.ascii	"pedals_low\000"
 9794      6C735F6C 
 9794      6F7700
 9795              	.LASF88:
 9796 052f 64656164 		.ascii	"deadZoneTemp\000"
 9796      5A6F6E65 
 9796      54656D70 
 9796      00
 9797              	.LASF23:
 9798 053c 6C6F6E67 		.ascii	"long double\000"
 9798      20646F75 
 9798      626C6500 
 9799              	.LASF178:
 9800 0548 62757474 		.ascii	"button3Up\000"
 9800      6F6E3355 
 9800      7000
 9801              	.LASF127:
 9802 0552 6E65636B 		.ascii	"neckByte\000"
 9802      42797465 
 9802      00
 9803              	.LASF59:
 9804 055b 63757273 		.ascii	"cursor_x\000"
 9804      6F725F78 
 9804      00
 9805              	.LASF33:
 9806 0564 44656164 		.ascii	"DeadzonesMenu\000"
 9806      7A6F6E65 
 9806      734D656E 
 9806      7500
 9807              	.LASF72:
 9808 0572 5365636F 		.ascii	"SecondLine\000"
 9808      6E644C69 
 9808      6E6500
 9809              	.LASF119:
 9810 057d 4465636F 		.ascii	"Decoder_1_Enabled\000"
 9810      6465725F 
 9810      315F456E 
 9810      61626C65 
 9810      6400
 9811              	.LASF141:
 9812 058f 70656461 		.ascii	"pedals_high\000"
ARM GAS  C:\Users\ggg88\AppData\Local\Temp\ccZlRNWc.s 			page 213


 9812      6C735F68 
 9812      69676800 
 9813              	.LASF188:
 9814 059b 73656E73 		.ascii	"sensorOnMax\000"
 9814      6F724F6E 
 9814      4D617800 
 9815              	.LASF87:
 9816 05a7 766F6C75 		.ascii	"volumeIntTemp\000"
 9816      6D65496E 
 9816      7454656D 
 9816      7000
 9817              	.LASF194:
 9818 05b5 6E756D4D 		.ascii	"numMainMenuItems\000"
 9818      61696E4D 
 9818      656E7549 
 9818      74656D73 
 9818      00
 9819              	.LASF181:
 9820 05c6 65646974 		.ascii	"editingSliderRepString\000"
 9820      696E6753 
 9820      6C696465 
 9820      72526570 
 9820      53747269 
 9821              	.LASF32:
 9822 05dd 4F637461 		.ascii	"OctaveActionMenu\000"
 9822      76654163 
 9822      74696F6E 
 9822      4D656E75 
 9822      00
 9823              	.LASF162:
 9824 05ee 6B6E6F62 		.ascii	"knobPanelLightActive\000"
 9824      50616E65 
 9824      6C4C6967 
 9824      68744163 
 9824      74697665 
 9825              	.LASF105:
 9826 0603 65786974 		.ascii	"exitLeverCalibrationMode\000"
 9826      4C657665 
 9826      7243616C 
 9826      69627261 
 9826      74696F6E 
 9827              	.LASF196:
 9828 061c 6E756D53 		.ascii	"numSettingsItems\000"
 9828      65747469 
 9828      6E677349 
 9828      74656D73 
 9828      00
 9829              	.LASF20:
 9830 062d 666C6F61 		.ascii	"float\000"
 9830      7400
 9831              	.LASF112:
 9832 0633 65786974 		.ascii	"exitFretCalibrationMode\000"
 9832      46726574 
 9832      43616C69 
 9832      62726174 
 9832      696F6E4D 
 9833              	.LASF164:
ARM GAS  C:\Users\ggg88\AppData\Local\Temp\ccZlRNWc.s 			page 214


 9834 064b 75617274 		.ascii	"uartInput\000"
 9834      496E7075 
 9834      7400
 9835              	.LASF82:
 9836 0655 63757272 		.ascii	"currentEncoderVal\000"
 9836      656E7445 
 9836      6E636F64 
 9836      65725661 
 9836      6C00
 9837              	.LASF114:
 9838 0667 64697370 		.ascii	"displayCurrentPresetNameAndCopedent\000"
 9838      6C617943 
 9838      75727265 
 9838      6E745072 
 9838      65736574 
 9839              	.LASF18:
 9840 068b 696E7433 		.ascii	"int32_t\000"
 9840      325F7400 
 9841              	.LASF3:
 9842 0693 756E7369 		.ascii	"unsigned char\000"
 9842      676E6564 
 9842      20636861 
 9842      7200
 9843              	.LASF54:
 9844 06a1 48454947 		.ascii	"HEIGHT\000"
 9844      485400
 9845              	.LASF70:
 9846 06a8 5F4F4C45 		.ascii	"_OLEDLine\000"
 9846      444C696E 
 9846      6500
 9847              	.LASF191:
 9848 06b2 63616C69 		.ascii	"calibrationNames\000"
 9848      62726174 
 9848      696F6E4E 
 9848      616D6573 
 9848      00
 9849              	.LASF43:
 9850 06c3 78416476 		.ascii	"xAdvance\000"
 9850      616E6365 
 9850      00
 9851              	.LASF5:
 9852 06cc 73686F72 		.ascii	"short int\000"
 9852      7420696E 
 9852      7400
 9853              	.LASF38:
 9854 06d6 4669726D 		.ascii	"FirmwareUpdateMenu\000"
 9854      77617265 
 9854      55706461 
 9854      74654D65 
 9854      6E7500
 9855              	.LASF137:
 9856 06e9 66726574 		.ascii	"fretCalibrationMode\000"
 9856      43616C69 
 9856      62726174 
 9856      696F6E4D 
 9856      6F646500 
 9857              	.LASF100:
ARM GAS  C:\Users\ggg88\AppData\Local\Temp\ccZlRNWc.s 			page 215


 9858 06fd 72696768 		.ascii	"rightPressed\000"
 9858      74507265 
 9858      73736564 
 9858      00
 9859              	.LASF150:
 9860 070a 64656164 		.ascii	"deadZone\000"
 9860      5A6F6E65 
 9860      00
 9861              	.LASF122:
 9862 0713 63757272 		.ascii	"currentCopedent\000"
 9862      656E7443 
 9862      6F706564 
 9862      656E7400 
 9863              	.LASF102:
 9864 0723 75705072 		.ascii	"upPressed\000"
 9864      65737365 
 9864      6400
 9865              	.LASF176:
 9866 072d 62757474 		.ascii	"button1Up\000"
 9866      6F6E3155 
 9866      7000
 9867              	.LASF73:
 9868 0737 54686972 		.ascii	"ThirdLine\000"
 9868      644C696E 
 9868      6500
 9869              	.LASF110:
 9870 0741 656E7465 		.ascii	"enterEditModeMenu\000"
 9870      72456469 
 9870      744D6F64 
 9870      654D656E 
 9870      7500
 9871              	.LASF115:
 9872 0753 6D616372 		.ascii	"macroCheck\000"
 9872      6F436865 
 9872      636B00
 9873              	.LASF30:
 9874 075e 43616C69 		.ascii	"CalibrateFretsMenu\000"
 9874      62726174 
 9874      65467265 
 9874      74734D65 
 9874      6E7500
 9875              	.LASF138:
 9876 0771 6C657665 		.ascii	"leverCalibrationMode\000"
 9876      7243616C 
 9876      69627261 
 9876      74696F6E 
 9876      4D6F6465 
 9877              	.LASF51:
 9878 0786 79416476 		.ascii	"yAdvance\000"
 9878      616E6365 
 9878      00
 9879              	.LASF130:
 9880 078f 6D616372 		.ascii	"macroNamesArray\000"
 9880      6F4E616D 
 9880      65734172 
 9880      72617900 
 9881              	.LASF58:
ARM GAS  C:\Users\ggg88\AppData\Local\Temp\ccZlRNWc.s 			page 216


 9882 079f 63757273 		.ascii	"cursor_y\000"
 9882      6F725F79 
 9882      00
 9883              	.LASF22:
 9884 07a8 63686172 		.ascii	"char\000"
 9884      00
 9885              	.LASF177:
 9886 07ad 62757474 		.ascii	"button2Up\000"
 9886      6F6E3255 
 9886      7000
 9887              	.LASF65:
 9888 07b7 67667846 		.ascii	"gfxFont\000"
 9888      6F6E7400 
 9889              	.LASF136:
 9890 07bf 77686963 		.ascii	"whichMacro\000"
 9890      684D6163 
 9890      726F00
 9891              	.LASF34:
 9892 07ca 536C6964 		.ascii	"SliderRepMenu\000"
 9892      65725265 
 9892      704D656E 
 9892      7500
 9893              	.LASF6:
 9894 07d8 5F5F7569 		.ascii	"__uint16_t\000"
 9894      6E743136 
 9894      5F7400
 9895              	.LASF68:
 9896 07e3 6175746F 		.ascii	"autoscroll\000"
 9896      7363726F 
 9896      6C6C00
 9897              	.LASF151:
 9898 07ee 73747269 		.ascii	"stringRepresentation\000"
 9898      6E675265 
 9898      70726573 
 9898      656E7461 
 9898      74696F6E 
 9899              	.LASF69:
 9900 0803 5F4D656E 		.ascii	"_MenuModes\000"
 9900      754D6F64 
 9900      657300
 9901              	.LASF79:
 9902 080e 446F776E 		.ascii	"Down\000"
 9902      00
 9903              	.LASF8:
 9904 0813 5F5F696E 		.ascii	"__int32_t\000"
 9904      7433325F 
 9904      7400
 9905              	.LASF16:
 9906 081d 696E7431 		.ascii	"int16_t\000"
 9906      365F7400 
 9907              	.LASF169:
 9908 0825 656E636F 		.ascii	"encoderWatch\000"
 9908      64657257 
 9908      61746368 
 9908      00
 9909              	.LASF95:
 9910 0832 6D656E75 		.ascii	"menuAction\000"
ARM GAS  C:\Users\ggg88\AppData\Local\Temp\ccZlRNWc.s 			page 217


 9910      41637469 
 9910      6F6E00
 9911              	.LASF57:
 9912 083d 726F7461 		.ascii	"rotation\000"
 9912      74696F6E 
 9912      00
 9913              	.LASF81:
 9914 0846 74656D70 		.ascii	"tempButtons\000"
 9914      42757474 
 9914      6F6E7300 
 9915              	.LASF61:
 9916 0852 74657874 		.ascii	"textcolor\000"
 9916      636F6C6F 
 9916      7200
 9917              	.LASF134:
 9918 085c 636F7065 		.ascii	"copedentNamesArray\000"
 9918      64656E74 
 9918      4E616D65 
 9918      73417272 
 9918      617900
 9919              	.LASF83:
 9920 086f 70726573 		.ascii	"presetNumberToStoreTemp\000"
 9920      65744E75 
 9920      6D626572 
 9920      546F5374 
 9920      6F726554 
 9921              	.LASF144:
 9922 0887 7472616E 		.ascii	"transposeSemitones\000"
 9922      73706F73 
 9922      6553656D 
 9922      69746F6E 
 9922      657300
 9923              	.LASF14:
 9924 089a 696E7438 		.ascii	"int8_t\000"
 9924      5F7400
 9925              	.LASF120:
 9926 08a1 6F637461 		.ascii	"octave\000"
 9926      766500
 9927              	.LASF197:
 9928 08a8 474E5520 		.ascii	"GNU C11 5.4.1 20160609 (release) [ARM/embedded-5-br"
 9928      43313120 
 9928      352E342E 
 9928      31203230 
 9928      31363036 
 9929 08db 616E6368 		.ascii	"anch revision 237715] -mcpu=cortex-m3 -mthumb -g -O"
 9929      20726576 
 9929      6973696F 
 9929      6E203233 
 9929      37373135 
 9930 090e 30202D66 		.ascii	"0 -ffunction-sections -ffat-lto-objects\000"
 9930      66756E63 
 9930      74696F6E 
 9930      2D736563 
 9930      74696F6E 
 9931              	.LASF29:
 9932 0936 43616C69 		.ascii	"CalibrateLeversMenu\000"
 9932      62726174 
ARM GAS  C:\Users\ggg88\AppData\Local\Temp\ccZlRNWc.s 			page 218


 9932      654C6576 
 9932      6572734D 
 9932      656E7500 
 9933              	.LASF117:
 9934 094a 636F6E74 		.ascii	"controlCheck\000"
 9934      726F6C43 
 9934      6865636B 
 9934      00
 9935              	.LASF28:
 9936 0957 53657474 		.ascii	"SettingsMenu\000"
 9936      696E6773 
 9936      4D656E75 
 9936      00
 9937              	.LASF56:
 9938 0964 5F686569 		.ascii	"_height\000"
 9938      67687400 
 9939              	.LASF128:
 9940 096c 6E65636B 		.ascii	"necks\000"
 9940      7300
 9941              	.LASF37:
 9942 0972 566F6C75 		.ascii	"VolumeMenu\000"
 9942      6D654D65 
 9942      6E7500
 9943              	.LASF97:
 9944 097d 6D696469 		.ascii	"midiselected\000"
 9944      73656C65 
 9944      63746564 
 9944      00
 9945              	.LASF199:
 9946 098a 433A5C55 		.ascii	"C:\\Users\\ggg88\\dev\\Electrosteel_embedded\\PSOC5"
 9946      73657273 
 9946      5C676767 
 9946      38385C64 
 9946      65765C45 
 9947 09b8 5F656C65 		.ascii	"_electrosteel_stringsensors_newpcb_brain\\CE210514_"
 9947      6374726F 
 9947      73746565 
 9947      6C5F7374 
 9947      72696E67 
 9948 09ea 50534F43 		.ascii	"PSOC3_5_Thermistor.cydsn\000"
 9948      335F355F 
 9948      54686572 
 9948      6D697374 
 9948      6F722E63 
 9949              	.LASF159:
 9950 0a03 70726573 		.ascii	"presetNumberToStore\000"
 9950      65744E75 
 9950      6D626572 
 9950      546F5374 
 9950      6F726500 
 9951              	.LASF131:
 9952 0a17 636F6E74 		.ascii	"controlNamesArray\000"
 9952      726F6C4E 
 9952      616D6573 
 9952      41727261 
 9952      7900
 9953              	.LASF174:
ARM GAS  C:\Users\ggg88\AppData\Local\Temp\ccZlRNWc.s 			page 219


 9954 0a29 6F637434 		.ascii	"oct4Up\000"
 9954      557000
 9955              	.LASF15:
 9956 0a30 75696E74 		.ascii	"uint8_t\000"
 9956      385F7400 
 9957              	.LASF166:
 9958 0a38 74686547 		.ascii	"theGFX\000"
 9958      465800
 9959              	.LASF147:
 9960 0a3f 766F6C75 		.ascii	"volumeInt\000"
 9960      6D65496E 
 9960      7400
 9961              	.LASF86:
 9962 0a49 61627354 		.ascii	"absTransposeFloat\000"
 9962      72616E73 
 9962      706F7365 
 9962      466C6F61 
 9962      7400
 9963              	.LASF47:
 9964 0a5b 6269746D 		.ascii	"bitmap\000"
 9964      617000
 9965              	.LASF26:
 9966 0a62 53746F72 		.ascii	"StorePresetMenu\000"
 9966      65507265 
 9966      7365744D 
 9966      656E7500 
 9967              	.LASF4:
 9968 0a72 5F5F696E 		.ascii	"__int16_t\000"
 9968      7431365F 
 9968      7400
 9969              	.LASF129:
 9970 0a7c 65646974 		.ascii	"editMode\000"
 9970      4D6F6465 
 9970      00
 9971              	.LASF133:
 9972 0a85 70726573 		.ascii	"presetNamesArray\000"
 9972      65744E61 
 9972      6D657341 
 9972      72726179 
 9972      00
 9973              	.LASF104:
 9974 0a96 656E7465 		.ascii	"enterLeverCalibrationMode\000"
 9974      724C6576 
 9974      65724361 
 9974      6C696272 
 9974      6174696F 
 9975              	.LASF182:
 9976 0ab0 77686963 		.ascii	"whichMidiSendSelected\000"
 9976      684D6964 
 9976      6953656E 
 9976      6453656C 
 9976      65637465 
 9977              	.LASF168:
 9978 0ac6 70726576 		.ascii	"prevEncoderVal\000"
 9978      456E636F 
 9978      64657256 
 9978      616C00
ARM GAS  C:\Users\ggg88\AppData\Local\Temp\ccZlRNWc.s 			page 220


 9979              	.LASF62:
 9980 0ad5 74657874 		.ascii	"textbgcolor\000"
 9980      6267636F 
 9980      6C6F7200 
 9981              	.LASF125:
 9982 0ae1 766F6C75 		.ascii	"volumeWaitingToSend\000"
 9982      6D655761 
 9982      6974696E 
 9982      67546F53 
 9982      656E6400 
 9983              	.LASF40:
 9984 0af5 6269746D 		.ascii	"bitmapOffset\000"
 9984      61704F66 
 9984      66736574 
 9984      00
 9985              	.LASF99:
 9986 0b02 6C656674 		.ascii	"leftPressed\000"
 9986      50726573 
 9986      73656400 
 9987              	.LASF45:
 9988 0b0e 794F6666 		.ascii	"yOffset\000"
 9988      73657400 
 9989              	.LASF153:
 9990 0b16 6D696469 		.ascii	"midiSendOn\000"
 9990      53656E64 
 9990      4F6E00
 9991              	.LASF180:
 9992 0b21 73686966 		.ascii	"shiftUp\000"
 9992      74557000 
 9993              	.LASF184:
 9994 0b29 636F6E74 		.ascii	"controlsDisplayed\000"
 9994      726F6C73 
 9994      44697370 
 9994      6C617965 
 9994      6400
 9995              	.LASF92:
 9996 0b3b 7363616E 		.ascii	"scanUI\000"
 9996      554900
 9997              	.LASF121:
 9998 0b42 63757272 		.ascii	"currentNeck\000"
 9998      656E744E 
 9998      65636B00 
 9999              	.LASF53:
 10000 0b4e 57494454 		.ascii	"WIDTH\000"
 10000      4800
 10001              		.ident	"GCC: (GNU Tools for ARM Embedded Processors) 5.4.1 20160609 (release) [ARM/embedded-5-bran
